ticker,price,score,points,sma50,sma200,wk52_high,wk52_low,volume
NVDA,219.22,10,"[1, 1, 1, 1, 1, 1, 1, 1, 1, 1]",205.73,193.41,235.47,164.98,130175673.75
GOOGL,362.43,10,"[1, 1, 1, 1, 1, 1, 1, 1, 1, 1]",357.78,327.81,402.38,195.53,32398159.2
GOOG,360.13,10,"[1, 1, 1, 1, 1, 1, 1, 1, 1, 1]",355.87,327.01,398.8,196.36,21275426.95
AAPL,311.0,9,"[1, 1, 1, 1, 1, 1, 1, 1, 1, 0]",309.65,278.57,340.08,212.41,56166233.9
AMZN,272.65,10,"[1, 1, 1, 1, 1, 1, 1, 1, 1, 1]",247.32,235.95,284.02,198.79,50184938.1
AVGO,418.28,10,"[1, 1, 1, 1, 1, 1, 1, 1, 1, 1]",394.72,365.82,480.81,287.49,19704405.65
TSM,414.0,8,"[0, 1, 1, 1, 1, 1, 1, 1, 1, 0]",425.57,357.72,477.57,224.84,15048548.15
TSLA,321.55,1,"[0, 0, 0, 0, 0, 0, 0, 0, 1, 0]",384.96,409.99,489.88,298.32,39662190.55
WMT,112.34,4,"[0, 0, 0, 0, 1, 1, 0, 1, 1, 0]",114.88,117.74,134.2,95.48,21302937.25
LLY,1169.86,9,"[1, 1, 1, 1, 1, 1, 1, 1, 1, 0]",1152.95,1027.51,1235.56,621.26,2584334.0
MU,893.19,7,"[0, 1, 1, 1, 1, 1, 1, 0, 1, 0]",972.17,528.11,1213.37,108.61,45683500.3
AMD,482.05,8,"[0, 1, 1, 1, 1, 1, 1, 1, 1, 0]",514.62,315.79,580.91,151.14,29735615.45
INTC,101.06,7,"[0, 1, 1, 1, 1, 1, 1, 0, 1, 0]",111.52,67.95,140.94,19.77,115377303.6
XOM,151.63,9,"[1, 1, 1, 0, 1, 1, 1, 1, 1, 1]",146.28,138.7,170.31,102.56,14293204.9
ASML,1678.22,8,"[0, 1, 1, 1, 1, 1, 1, 1, 1, 0]",1754.3,1398.01,1986.87,686.44,1963469.5
ORCL,144.39,2,"[0, 0, 0, 0, 0, 0, 0, 0, 1, 1]",161.77,179.57,324.63,114.99,38288438.5
JNJ,257.59,9,"[1, 1, 1, 1, 1, 1, 1, 1, 1, 0]",246.63,225.81,267.24,166.43,8071060.65
CAT,871.08,8,"[0, 1, 1, 1, 1, 1, 1, 1, 1, 0]",917.97,740.52,1062.93,404.15,3164758.4
CSCO,121.5,10,"[1, 1, 1, 1, 1, 1, 1, 1, 1, 1]",117.55,89.64,129.52,64.86,20948965.2
LRCX,307.42,7,"[0, 1, 1, 1, 1, 1, 1, 0, 1, 0]",338.25,243.27,433.33,95.41,11582441.05
CVX,186.41,9,"[1, 1, 1, 1, 1, 1, 0, 1, 1, 1]",182.67,173.99,209.23,144.01,7472430.0
AMAT,534.24,7,"[0, 1, 1, 1, 1, 1, 1, 0, 1, 0]",549.84,377.6,723.0,155.56,7955092.6
UNH,412.75,9,"[1, 1, 1, 1, 1, 1, 1, 1, 1, 0]",411.17,342.38,436.35,238.29,5459563.6
BABA,128.53,4,"[1, 0, 0, 0, 0, 0, 1, 0, 1, 1]",113.58,139.43,187.62,94.81,11011525.65
GE,381.22,10,"[1, 1, 1, 1, 1, 1, 1, 1, 1, 1]",349.39,315.58,381.22,264.59,3870218.75
HSBC,102.68,10,"[1, 1, 1, 1, 1, 1, 1, 1, 1, 1]",97.26,84.09,107.86,59.76,1442480.4
MS,218.27,10,"[1, 1, 1, 1, 1, 1, 1, 1, 1, 1]",214.24,183.26,227.3,137.8,6132187.3
AZN,161.5,4,"[0, 0, 0, 0, 1, 1, 0, 1, 1, 0]",177.37,183.85,208.62,144.68,4148325.3
GEV,1017.96,8,"[0, 1, 1, 1, 1, 1, 1, 1, 1, 0]",1023.39,841.74,1174.86,546.95,2824717.35
GS,1060.38,10,"[1, 1, 1, 1, 1, 1, 1, 1, 1, 1]",1052.5,915.07,1152.07,701.82,2069061.5
MRK,128.33,10,"[1, 1, 1, 1, 1, 1, 1, 1, 1, 1]",123.28,111.06,131.82,75.83,8819931.65
NVS,154.44,9,"[1, 1, 1, 1, 1, 1, 1, 1, 1, 0]",152.7,144.57,163.64,110.15,1774171.3
TXN,277.72,8,"[0, 1, 1, 1, 1, 1, 1, 1, 1, 0]",295.11,225.79,330.59,150.79,8103133.1
RY,211.27,10,"[1, 1, 1, 1, 1, 1, 1, 1, 1, 1]",202.86,173.52,216.57,130.53,1403157.4
KLAC,192.8,7,"[0, 1, 1, 1, 1, 1, 1, 0, 1, 0]",221.54,163.56,301.71,84.03,12097015.45
RTX,222.31,10,"[1, 1, 1, 1, 1, 1, 1, 1, 1, 1]",193.02,187.85,222.31,150.03,5128764.5
SNDK,1350.5,7,"[0, 1, 1, 1, 1, 1, 1, 0, 1, 0]",1702.27,861.34,2335.0,40.69,16551666.65
QCOM,157.53,3,"[0, 0, 0, 1, 0, 1, 0, 0, 1, 0]",194.74,167.82,250.1,123.61,13248415.4
ARM,274.58,7,"[0, 1, 1, 1, 1, 1, 1, 0, 1, 0]",323.3,191.3,439.46,104.55,6384945.85
C,137.64,10,"[1, 1, 1, 1, 1, 1, 1, 1, 1, 1]",135.16,118.17,144.93,89.34,12708225.25
BHP,89.38,10,"[1, 1, 1, 1, 1, 1, 1, 1, 1, 1]",84.92,71.94,93.15,50.54,2436610.25
ADI,377.69,8,"[0, 1, 1, 1, 1, 1, 1, 1, 1, 0]",396.29,332.04,445.48,217.77,3925801.7
NVO,44.53,2,"[0, 0, 0, 1, 0, 0, 0, 0, 1, 0]",46.87,45.82,61.72,34.76,11938636.9
MUFG,22.42,10,"[1, 1, 1, 1, 1, 1, 1, 1, 1, 1]",20.9,18.04,23.1,14.1,3581155.7
TTE,84.74,10,"[1, 1, 1, 1, 1, 1, 1, 1, 1, 1]",83.47,77.0,93.6,55.92,1709214.45
NEE,85.91,4,"[0, 0, 0, 0, 1, 1, 0, 1, 1, 0]",87.13,86.89,97.17,68.33,10154312.45
BA,240.19,9,"[1, 1, 1, 0, 1, 1, 1, 1, 1, 1]",219.9,218.73,252.15,179.12,6162881.8
TD,121.15,10,"[1, 1, 1, 1, 1, 1, 1, 1, 1, 1]",117.98,99.24,124.8,71.8,2895958.1
SAN,14.64,10,"[1, 1, 1, 1, 1, 1, 1, 1, 1, 1]",13.36,11.91,14.64,8.76,10631764.8
RIO,101.51,10,"[1, 1, 1, 1, 1, 1, 1, 1, 1, 1]",97.48,88.79,112.04,57.07,2803532.0
ANET,197.31,10,"[1, 1, 1, 1, 1, 1, 1, 1, 1, 1]",169.17,146.57,197.31,116.13,8112562.7
STX,837.66,8,"[0, 1, 1, 1, 1, 1, 1, 1, 1, 0]",892.9,526.86,1093.26,146.06,5569510.25
DELL,462.7,10,"[1, 1, 1, 1, 1, 1, 1, 1, 1, 1]",409.84,218.1,467.27,110.54,6454150.7
PANW,362.66,10,"[1, 1, 1, 1, 1, 1, 1, 1, 1, 1]",311.59,216.59,366.34,141.67,6283449.95
WDC,519.17,7,"[0, 1, 1, 1, 1, 1, 1, 0, 1, 0]",564.56,337.89,746.23,73.58,7429855.3
GILD,131.76,6,"[1, 0, 1, 0, 1, 1, 0, 1, 1, 0]",129.55,130.75,153.91,107.48,6588951.95
GLW,156.7,7,"[0, 1, 1, 1, 1, 1, 1, 0, 1, 0]",180.4,136.01,255.69,63.29,14006318.1
BUD,85.18,10,"[1, 1, 1, 1, 1, 1, 1, 1, 1, 1]",81.64,72.18,86.48,57.08,1715101.2
APP,417.8,2,"[0, 0, 0, 1, 0, 0, 0, 0, 1, 0]",486.5,517.51,733.6,366.91,6469294.7
APH,172.24,10,"[1, 1, 1, 1, 1, 1, 1, 1, 1, 1]",156.38,142.41,176.32,107.82,7048869.4
DE,612.0,10,"[1, 1, 1, 1, 1, 1, 1, 1, 1, 1]",592.43,547.76,658.85,435.19,1046247.5
SCCO,197.0,10,"[1, 1, 1, 1, 1, 1, 1, 1, 1, 1]",181.97,168.5,215.55,89.48,1148896.9
WELL,237.25,10,"[1, 1, 1, 1, 1, 1, 1, 1, 1, 1]",225.0,204.27,252.07,160.13,2936237.4
MRVL,211.02,7,"[0, 1, 1, 1, 1, 1, 1, 0, 1, 0]",240.4,136.79,316.35,62.18,23946872.7
IBKR,88.74,8,"[0, 1, 1, 1, 1, 1, 1, 1, 1, 0]",90.6,76.2,97.41,59.96,4357363.9
COP,115.04,9,"[1, 1, 1, 0, 1, 1, 1, 1, 1, 1]",113.39,107.25,132.81,83.6,6203750.0
PLD,140.76,8,"[0, 1, 1, 1, 1, 1, 1, 1, 1, 0]",143.4,134.1,150.06,100.81,5497305.95
UBS,53.57,10,"[1, 1, 1, 1, 1, 1, 1, 1, 1, 1]",50.48,43.57,55.07,35.49,1928419.8
SMFG,25.4,10,"[1, 1, 1, 1, 1, 1, 1, 1, 1, 1]",24.52,21.07,26.5,15.2,1861986.9
CRWD,209.86,10,"[1, 1, 1, 1, 1, 1, 1, 1, 1, 1]",184.06,133.94,211.22,87.56,8338825.25
VRT,277.94,7,"[0, 1, 1, 1, 1, 1, 1, 0, 1, 0]",302.61,247.63,376.15,121.69,6346112.5
BTI,59.27,7,"[0, 1, 1, 1, 1, 1, 0, 1, 1, 0]",60.49,57.4,65.79,48.34,4099349.4
BBVA,28.07,10,"[1, 1, 1, 1, 1, 1, 1, 1, 1, 1]",24.88,22.54,28.36,16.89,1441857.75
NEM,104.29,8,"[1, 0, 1, 0, 1, 1, 1, 1, 1, 1]",98.27,103.99,131.38,66.67,7119286.85
PBR,18.36,10,"[1, 1, 1, 1, 1, 1, 1, 1, 1, 1]",17.78,16.21,21.86,11.39,14502990.55
PBR-A,16.28,9,"[1, 1, 1, 0, 1, 1, 1, 1, 1, 1]",15.88,14.85,19.73,10.67,6364937.8
SBUX,106.0,10,"[1, 1, 1, 1, 1, 1, 1, 1, 1, 1]",102.35,94.54,108.37,76.95,7850160.5
CVS,99.12,8,"[0, 1, 1, 1, 1, 1, 1, 1, 1, 0]",101.19,83.77,109.92,61.57,8282836.45
BMY,63.63,10,"[1, 1, 1, 1, 1, 1, 1, 1, 1, 1]",58.14,54.89,65.89,41.21,13167512.35
BP,41.21,9,"[0, 1, 1, 1, 1, 1, 1, 1, 1, 1]",41.22,39.35,47.09,31.56,8068939.0
PWR,682.99,10,"[1, 1, 1, 1, 1, 1, 1, 1, 1, 1]",679.15,564.94,785.12,372.18,1155959.9
PH,996.9,10,"[1, 1, 1, 1, 1, 1, 1, 1, 1, 1]",937.61,908.74,1020.71,691.12,596081.9
HWM,291.42,10,"[1, 1, 1, 1, 1, 1, 1, 1, 1, 1]",271.1,237.62,291.42,170.73,1977009.15
BMO,180.94,10,"[1, 1, 1, 1, 1, 1, 1, 1, 1, 1]",172.23,144.59,182.37,110.86,776667.85
EQIX,1056.2,10,"[1, 1, 1, 1, 1, 1, 1, 1, 1, 1]",1052.59,928.98,1115.94,718.6,549988.75
MFG,10.7,10,"[1, 1, 1, 1, 1, 1, 1, 1, 1, 1]",9.93,8.46,10.7,6.08,4285011.7
TT,483.58,9,"[1, 1, 1, 1, 1, 1, 0, 1, 1, 1]",470.68,439.37,503.46,374.67,1352977.9
CM,118.68,10,"[1, 1, 1, 1, 1, 1, 1, 1, 1, 1]",114.41,99.51,121.24,70.9,1003413.55
CDNS,337.07,7,"[0, 1, 1, 1, 1, 1, 0, 1, 1, 0]",369.95,327.83,416.39,265.66,2389337.6
GSK,51.46,6,"[0, 0, 1, 0, 1, 1, 1, 1, 1, 0]",51.7,51.18,60.14,35.42,4642857.25
SNPS,400.82,2,"[0, 0, 0, 0, 1, 0, 0, 0, 1, 0]",439.47,448.86,625.88,372.33,1985777.45
AEM,165.45,4,"[1, 0, 0, 0, 1, 0, 0, 0, 1, 1]",156.7,182.24,251.57,129.02,2467043.35
HCA,409.64,3,"[1, 0, 0, 0, 0, 0, 0, 1, 1, 0]",387.51,455.79,543.23,360.6,1771185.95
BNS,88.55,10,"[1, 1, 1, 1, 1, 1, 1, 1, 1, 1]",84.95,75.0,90.29,55.07,2217267.5
CMI,650.25,8,"[0, 1, 1, 1, 1, 1, 1, 1, 1, 0]",668.47,580.64,727.59,375.66,1027886.8
MAR,361.31,8,"[0, 1, 1, 1, 1, 1, 1, 1, 1, 0]",377.81,335.55,402.54,255.71,1644051.8
CNQ,44.75,10,"[1, 1, 1, 1, 1, 1, 1, 1, 1, 1]",43.66,40.06,49.57,28.74,7243741.3
EQNR,38.13,10,"[1, 1, 1, 1, 1, 1, 1, 1, 1, 1]",36.02,31.12,41.97,21.89,4026940.8
ITUB,8.21,8,"[1, 0, 1, 0, 1, 1, 1, 1, 1, 1]",8.07,7.85,9.38,5.91,18610455.6
FDX,310.72,9,"[0, 1, 1, 1, 1, 1, 1, 1, 1, 1]",319.82,276.5,337.48,177.19,1517610.4
FCX,69.39,10,"[1, 1, 1, 1, 1, 1, 1, 1, 1, 1]",63.79,57.24,71.55,34.96,14359141.35
USB,64.21,10,"[1, 1, 1, 1, 1, 1, 1, 1, 1, 1]",59.94,54.12,64.47,42.4,8493042.65
JCI,153.65,10,"[1, 1, 1, 1, 1, 1, 1, 1, 1, 1]",142.87,130.85,153.65,102.92,3608329.15
ING,35.92,10,"[1, 1, 1, 1, 1, 1, 1, 1, 1, 1]",31.92,28.15,35.92,22.89,2541405.75
FTNT,164.13,10,"[1, 1, 1, 1, 1, 1, 1, 1, 1, 1]",151.72,101.77,168.29,74.39,5491489.25
MNST,94.46,9,"[1, 1, 1, 1, 1, 1, 1, 1, 1, 0]",93.92,80.97,99.94,59.5,5569965.75
CSX,51.12,10,"[1, 1, 1, 1, 1, 1, 1, 1, 1, 1]",48.42,41.36,53.23,31.73,14074906.7
AMX,24.02,7,"[0, 0, 1, 1, 1, 1, 1, 1, 1, 0]",25.69,23.83,27.42,17.96,1994582.95
ELV,391.24,8,"[0, 1, 1, 1, 1, 1, 1, 1, 1, 0]",395.69,349.27,426.79,270.62,1485261.6
BCS,28.46,10,"[1, 1, 1, 1, 1, 1, 1, 1, 1, 1]",26.57,24.12,28.56,19.13,5648531.6
SLB,49.91,8,"[0, 0, 1, 1, 1, 1, 1, 1, 1, 1]",50.38,46.69,58.01,31.12,12660494.7
MPWR,1345.45,9,"[0, 1, 1, 1, 1, 1, 1, 1, 1, 1]",1431.05,1212.79,1687.32,791.97,956890.2
LYG,6.25,10,"[1, 1, 1, 1, 1, 1, 1, 1, 1, 1]",5.78,5.31,6.26,4.17,16290467.2
E,52.83,10,"[1, 1, 1, 1, 1, 1, 1, 1, 1, 1]",50.82,45.64,56.97,33.26,398751.1
CIEN,408.83,7,"[0, 1, 1, 1, 1, 1, 1, 0, 1, 0]",453.21,354.79,627.0,86.64,1993054.15
APO,129.74,7,"[1, 1, 1, 1, 0, 0, 0, 1, 1, 1]",125.42,126.34,151.44,99.88,4043359.75
CRH,100.0,2,"[0, 0, 0, 0, 0, 0, 0, 1, 1, 0]",104.78,113.18,130.44,95.01,4135837.25
SU,62.82,10,"[1, 1, 1, 1, 1, 1, 1, 1, 1, 1]",60.87,54.88,69.27,37.63,3854275.2
REGN,768.58,9,"[1, 1, 1, 0, 1, 1, 1, 1, 1, 1]",650.83,711.31,810.08,542.96,774687.6
NXPI,231.15,4,"[0, 0, 0, 1, 1, 1, 0, 0, 1, 0]",285.87,240.14,331.55,181.81,4498964.95
BE,234.33,7,"[0, 1, 1, 1, 1, 1, 1, 0, 1, 0]",256.47,180.39,345.85,36.8,17557723.35
ROST,253.22,10,"[1, 1, 1, 1, 1, 1, 1, 1, 1, 1]",230.99,203.32,253.22,143.75,2218234.45
B,41.05,7,"[1, 0, 0, 0, 1, 1, 1, 1, 1, 1]",38.44,41.06,52.32,22.22,7957005.35
HLT,324.56,7,"[0, 1, 1, 1, 1, 1, 0, 1, 1, 0]",332.77,306.48,350.22,256.36,2229677.85
ASX,36.78,8,"[0, 1, 1, 1, 1, 1, 1, 1, 1, 0]",38.68,25.32,44.67,9.53,9460409.1
NOK,9.58,6,"[0, 0, 1, 1, 1, 1, 1, 0, 1, 0]",12.61,9.23,16.85,4.1,100907604.35
VLO,302.39,10,"[1, 1, 1, 1, 1, 1, 1, 1, 1, 1]",272.94,218.72,313.59,129.03,2808357.75
MPC,297.75,10,"[1, 1, 1, 1, 1, 1, 1, 1, 1, 1]",277.17,222.58,319.76,155.55,2095074.1
GM,89.16,10,"[1, 1, 1, 1, 1, 1, 1, 1, 1, 1]",81.13,77.62,90.3,51.99,7238476.65
AEP,126.47,6,"[0, 0, 1, 1, 1, 1, 0, 1, 1, 0]",131.49,125.35,138.69,104.02,4144862.05
DDOG,283.17,10,"[1, 1, 1, 1, 1, 1, 1, 1, 1, 1]",248.72,169.12,288.15,102.61,4270622.65
LITE,826.26,10,"[1, 1, 1, 1, 1, 1, 1, 1, 1, 1]",819.67,611.05,1053.09,110.01,4525731.15
VALE,14.94,7,"[0, 0, 1, 0, 1, 1, 1, 1, 1, 1]",15.14,14.75,17.82,9.04,21757800.6
NSC,341.74,9,"[1, 1, 1, 1, 1, 1, 0, 1, 1, 1]",321.27,301.27,350.66,268.69,1162929.4
HOOD,92.8,4,"[0, 1, 0, 1, 0, 0, 1, 0, 1, 0]",97.66,98.67,152.46,65.16,20891975.9
NET,292.96,10,"[1, 1, 1, 1, 1, 1, 1, 1, 1, 1]",253.92,214.44,301.33,160.19,3056059.4
PSX,202.55,10,"[1, 1, 1, 1, 1, 1, 1, 1, 1, 1]",187.41,159.86,212.27,114.45,2557350.9
FIX,1737.0,9,"[0, 1, 1, 1, 1, 1, 1, 1, 1, 1]",1813.36,1411.3,2066.51,679.82,530780.65
DLR,194.93,10,"[1, 1, 1, 1, 1, 1, 1, 1, 1, 1]",184.91,174.67,202.56,145.96,2968265.05
WBD,25.97,5,"[0, 0, 0, 0, 1, 1, 1, 1, 1, 0]",26.53,26.58,29.98,10.78,25335365.95
TRP,63.86,8,"[0, 1, 1, 1, 1, 1, 1, 1, 1, 0]",67.9,60.47,70.59,48.44,2524624.0
MFC,44.45,10,"[1, 1, 1, 1, 1, 1, 1, 1, 1, 1]",41.16,36.87,44.77,29.33,1679776.75
SPG,224.81,10,"[1, 1, 1, 1, 1, 1, 1, 1, 1, 1]",219.26,194.53,236.7,157.44,1481832.75
COHR,328.22,9,"[0, 1, 1, 1, 1, 1, 1, 1, 1, 1]",343.94,257.97,426.89,86.55,5005978.95
MSTR,98.37,2,"[0, 0, 0, 0, 0, 0, 0, 0, 1, 1]",108.69,154.89,402.01,82.31,15085046.25
BKR,61.67,7,"[1, 1, 1, 0, 1, 1, 0, 0, 1, 1]",59.49,56.55,,,9122714.15
WPM,122.82,6,"[1, 0, 0, 0, 1, 1, 1, 0, 1, 1]",115.58,124.06,165.21,90.74,1653435.35
CRWV,89.89,3,"[0, 0, 0, 0, 1, 0, 1, 0, 1, 0]",92.82,94.09,148.75,60.82,26761996.2
KEYS,336.02,10,"[1, 1, 1, 1, 1, 1, 1, 1, 1, 1]",332.68,271.38,373.34,158.51,1239340.95
CVNA,69.48,3,"[1, 0, 0, 0, 0, 0, 0, 0, 1, 1]",66.83,72.28,95.69,56.26,10036169.45
RKLB,74.82,5,"[0, 0, 0, 1, 1, 1, 1, 0, 1, 0]",93.25,77.86,150.23,39.48,18303515.9
TEL,218.02,5,"[1, 1, 0, 0, 0, 0, 0, 1, 1, 1]",206.48,218.61,247.28,195.09,2838487.3
URI,1162.04,10,"[1, 1, 1, 1, 1, 1, 1, 1, 1, 1]",1073.6,903.23,1162.04,709.01,505664.1
GWW,1285.07,8,"[0, 1, 1, 1, 1, 1, 1, 1, 1, 0]",1336.36,1136.45,1402.03,914.6,295413.05
TGT,147.7,10,"[1, 1, 1, 1, 1, 1, 1, 1, 1, 1]",134.03,113.98,149.35,82.06,3570625.05
TER,389.39,10,"[1, 1, 1, 1, 1, 1, 1, 1, 1, 1]",382.5,292.98,483.84,104.41,3760264.55
LHX,286.12,3,"[0, 0, 0, 0, 1, 0, 0, 1, 1, 0]",296.17,314.33,375.64,265.42,1536587.4
CARR,65.43,8,"[0, 1, 1, 1, 1, 1, 1, 1, 1, 0]",68.1,60.58,75.73,49.79,7235306.8
CTVA,78.67,6,"[0, 0, 1, 1, 1, 1, 0, 1, 1, 0]",81.9,75.23,90.51,60.56,4348653.2
AU,88.6,6,"[1, 0, 0, 0, 1, 1, 1, 0, 1, 1]",84.0,89.56,124.62,49.42,2580590.55
OKE,87.24,8,"[0, 1, 1, 1, 1, 1, 1, 1, 1, 0]",88.03,80.15,94.12,61.95,3729886.1
MCHP,77.79,7,"[0, 0, 1, 1, 1, 1, 1, 1, 1, 0]",87.99,75.14,102.71,48.06,10858688.9
MCHPP,66.94,7,"[0, 0, 1, 1, 1, 1, 1, 1, 1, 0]",74.45,65.28,85.72,45.73,222258.85
CVE,27.73,10,"[1, 1, 1, 1, 1, 1, 1, 1, 1, 1]",27.36,22.88,31.62,14.33,7373184.9
AME,254.76,10,"[1, 1, 1, 1, 1, 1, 1, 1, 1, 1]",234.56,219.74,254.76,178.45,1143568.95
TRGP,260.11,8,"[0, 1, 1, 1, 1, 1, 1, 1, 1, 0]",267.87,222.21,284.25,143.22,1148182.05
COIN,149.89,1,"[0, 0, 0, 0, 0, 0, 0, 0, 1, 0]",161.9,209.63,387.27,141.09,7581380.65
FANG,186.17,8,"[0, 1, 1, 1, 1, 1, 1, 1, 1, 0]",191.2,173.26,212.52,132.09,1970201.8
OXY,53.81,9,"[0, 1, 1, 1, 1, 1, 1, 1, 1, 1]",54.46,50.1,65.94,38.56,8289356.4
DVN,42.09,6,"[0, 0, 1, 0, 1, 1, 1, 1, 1, 0]",43.56,41.61,51.7,31.15,9693055.05
FLEX,121.88,8,"[0, 1, 1, 1, 1, 1, 1, 1, 1, 0]",138.5,89.06,162.07,49.0,4935111.95
ABEV,3.03,9,"[0, 1, 1, 1, 1, 1, 1, 1, 1, 1]",3.12,2.85,3.42,2.1,27524617.35
NUE,274.74,10,"[1, 1, 1, 1, 1, 1, 1, 1, 1, 1]",244.94,192.5,274.74,130.57,1389161.95
STM,52.77,7,"[0, 1, 1, 1, 1, 1, 1, 0, 1, 0]",67.75,42.26,79.82,21.04,12566128.6
BIDU,111.11,2,"[0, 0, 0, 0, 1, 0, 0, 0, 1, 0]",115.27,125.42,162.52,85.99,2082552.2
ETR,106.86,6,"[0, 0, 1, 1, 1, 1, 0, 1, 1, 0]",111.96,103.66,117.36,85.23,2809769.4
CCJ,94.27,4,"[0, 0, 0, 0, 1, 1, 1, 0, 1, 0]",98.83,104.55,134.09,70.33,3983397.45
FER,66.55,8,"[1, 0, 1, 0, 1, 1, 1, 1, 1, 1]",66.33,66.4,73.66,51.08,1594940.2
ROK,450.05,8,"[0, 1, 1, 1, 1, 1, 1, 1, 1, 0]",464.59,411.46,495.08,324.09,842618.8
EA,209.7,9,"[1, 1, 1, 1, 1, 1, 0, 1, 1, 1]",205.27,202.59,209.91,162.11,5040140.0
ARGX,867.94,7,"[0, 1, 1, 1, 0, 1, 1, 1, 1, 0]",874.04,830.43,939.68,637.56,289380.25
DAL,93.14,10,"[1, 1, 1, 1, 1, 1, 1, 1, 1, 1]",85.64,71.03,93.43,52.92,6490914.6
EBAY,111.15,9,"[1, 1, 1, 1, 1, 1, 1, 1, 1, 0]",111.13,96.5,118.63,78.93,3958418.45
FERG,255.25,8,"[1, 1, 1, 0, 1, 1, 0, 1, 1, 1]",232.0,239.11,266.68,208.41,4031326.95
MT,75.35,10,"[1, 1, 1, 1, 1, 1, 1, 1, 1, 1]",66.62,55.34,75.35,31.31,1642141.65
WAB,296.31,10,"[1, 1, 1, 1, 1, 1, 1, 1, 1, 1]",271.54,243.9,305.79,184.98,1037391.7
FNV,226.55,7,"[1, 0, 1, 0, 1, 0, 1, 1, 1, 1]",214.85,225.47,279.76,170.41,696638.6
FITB,57.6,10,"[1, 1, 1, 1, 1, 1, 1, 1, 1, 1]",54.85,48.78,59.37,39.38,6100555.75
XYZ,84.2,10,"[1, 1, 1, 1, 1, 1, 1, 1, 1, 1]",76.29,67.79,84.64,49.09,4769440.8
NBIS,218.99,9,"[0, 1, 1, 1, 1, 1, 1, 1, 1, 1]",224.31,142.59,286.69,55.09,22263393.8
RKT,13.86,1,"[0, 0, 0, 0, 0, 0, 0, 0, 1, 0]",14.0,16.48,23.44,12.35,28107655.85
VTR,92.53,10,"[1, 1, 1, 1, 1, 1, 1, 1, 1, 1]",88.98,82.37,100.53,65.45,3321635.7
CLS,362.76,10,"[1, 1, 1, 1, 1, 1, 1, 1, 1, 1]",360.66,328.52,472.4,181.34,2696649.7
CAH,239.23,10,"[1, 1, 1, 1, 1, 1, 1, 1, 1, 1]",223.61,209.12,239.71,144.54,2233658.1
TEVA,34.72,10,"[1, 1, 1, 1, 1, 1, 1, 1, 1, 1]",33.32,30.94,36.34,16.01,5579500.55
HPE,53.22,10,"[1, 1, 1, 1, 1, 1, 1, 1, 1, 1]",46.93,29.7,55.99,19.72,17453988.7
STT,187.05,10,"[1, 1, 1, 1, 1, 1, 1, 1, 1, 1]",172.8,139.65,187.05,107.06,2339488.3
ODFL,215.45,8,"[0, 1, 1, 1, 1, 1, 1, 1, 1, 0]",226.68,189.05,248.73,125.7,1750865.3
GFS,49.46,5,"[0, 0, 0, 1, 1, 1, 1, 0, 1, 0]",70.49,51.73,89.83,31.57,4106430.65
WDS,22.02,10,"[1, 1, 1, 1, 1, 1, 1, 1, 1, 1]",21.21,19.5,24.78,13.89,765621.45
EME,822.16,10,"[1, 1, 1, 1, 1, 1, 1, 1, 1, 1]",800.56,746.49,943.26,580.64,499217.75
ON,76.91,6,"[0, 0, 1, 1, 1, 1, 1, 0, 1, 0]",103.19,75.44,133.93,44.9,10466570.1
GFI,37.29,5,"[1, 0, 0, 0, 1, 0, 1, 0, 1, 1]",35.04,42.57,59.77,28.48,3551430.0
ERIC,10.06,5,"[0, 0, 0, 1, 1, 1, 1, 0, 1, 0]",11.2,10.74,13.74,7.15,17148819.85
KB,120.68,10,"[1, 1, 1, 1, 1, 1, 1, 1, 1, 1]",110.91,100.17,123.25,77.5,305787.65
PUK,27.95,5,"[0, 0, 0, 0, 1, 1, 0, 1, 1, 1]",27.97,29.35,33.17,24.98,1017357.9
IRM,127.13,10,"[1, 1, 1, 1, 1, 1, 1, 1, 1, 1]",125.01,106.21,133.06,77.69,2077648.9
LYV,183.52,10,"[1, 1, 1, 1, 1, 1, 1, 1, 1, 1]",175.54,156.54,186.59,125.61,2076906.65
KGC,25.7,5,"[1, 0, 0, 0, 1, 0, 1, 0, 1, 1]",25.13,28.8,37.97,18.62,7404916.7
JBL,338.62,9,"[0, 1, 1, 1, 1, 1, 1, 1, 1, 1]",346.43,279.99,385.63,192.39,1043835.4
ADM,77.58,8,"[0, 1, 1, 1, 1, 1, 1, 1, 1, 0]",80.25,69.25,87.32,54.76,3731359.95
VOD,15.31,10,"[1, 1, 1, 1, 1, 1, 1, 1, 1, 1]",14.74,13.98,16.39,10.73,5265494.9
BBD,3.48,5,"[1, 0, 0, 0, 1, 1, 0, 0, 1, 1]",3.46,3.53,,,29874420.4
VIK,108.26,10,"[1, 1, 1, 1, 1, 1, 1, 1, 1, 1]",97.96,78.57,108.26,56.58,1838108.05
UMC,19.29,7,"[0, 1, 1, 1, 1, 1, 1, 0, 1, 0]",22.15,12.79,27.53,6.47,16471543.2
ONC,327.53,6,"[1, 1, 1, 0, 0, 0, 0, 1, 1, 1]",295.22,314.06,377.47,260.27,384655.3
LVS,45.85,1,"[0, 0, 0, 0, 0, 0, 0, 0, 1, 0]",47.73,55.08,,,5540355.95
IX,41.31,10,"[1, 1, 1, 1, 1, 1, 1, 1, 1, 1]",39.35,32.64,41.31,23.79,193218.55
CRDO,224.63,7,"[0, 1, 1, 1, 1, 1, 1, 0, 1, 0]",235.57,167.47,302.52,87.81,5802337.3
ALAB,318.43,7,"[0, 1, 1, 1, 1, 1, 1, 0, 1, 0]",357.38,210.15,483.02,100.27,4854451.95
STLD,265.96,10,"[1, 1, 1, 1, 1, 1, 1, 1, 1, 1]",249.94,199.49,282.12,120.63,1192103.65
HAL,31.82,4,"[0, 0, 0, 0, 1, 1, 1, 0, 1, 0]",35.6,33.68,42.8,20.04,11865989.5
HUM,363.82,8,"[0, 1, 1, 1, 1, 1, 1, 1, 1, 0]",370.98,265.46,409.42,162.46,1552977.2
MTZ,266.75,5,"[0, 0, 0, 1, 1, 1, 1, 0, 1, 0]",358.85,297.97,437.51,172.51,1478183.6
UAL,132.76,10,"[1, 1, 1, 1, 1, 1, 1, 1, 1, 1]",120.23,106.0,136.11,85.21,4397108.15
ZM,100.64,10,"[1, 1, 1, 1, 1, 1, 1, 1, 1, 1]",93.05,88.35,111.88,69.77,3169547.05
TS,57.05,9,"[0, 1, 1, 1, 1, 1, 1, 1, 1, 1]",58.21,50.4,64.02,33.04,994096.8
CASY,852.86,10,"[1, 1, 1, 1, 1, 1, 1, 1, 1, 1]",825.19,695.33,915.59,492.8,313009.2
TECK,66.05,10,"[1, 1, 1, 1, 1, 1, 1, 1, 1, 1]",61.35,53.78,70.46,31.1,3702624.85
SYM,46.52,3,"[1, 0, 0, 0, 0, 0, 0, 0, 1, 1]",43.46,55.68,87.3,38.57,1441509.1
EL,86.96,3,"[1, 0, 0, 0, 0, 0, 0, 0, 1, 1]",84.09,91.67,118.78,66.97,2077056.5
SHG,72.38,10,"[1, 1, 1, 1, 1, 1, 1, 1, 1, 1]",67.81,61.75,73.28,46.81,234151.65
Q,135.64,5,"[0, 1, 0, 1, 0, 0, 1, 1, 1, 0]",147.14,135.64,175.64,73.4,1960642.8
TWLO,193.22,8,"[0, 1, 1, 1, 1, 1, 1, 1, 1, 0]",202.01,150.93,236.64,92.44,1756959.9
RVMD,197.3,10,"[1, 1, 1, 1, 1, 1, 1, 1, 1, 1]",173.96,117.58,197.3,34.7,1837319.85
RDDT,155.26,2,"[0, 0, 0, 1, 0, 0, 0, 0, 1, 0]",175.86,179.45,270.71,121.84,6037202.15
IQV,236.05,9,"[1, 1, 1, 1, 0, 1, 1, 1, 1, 1]",197.75,197.88,247.56,156.66,1493786.0
NTRS,184.38,10,"[1, 1, 1, 1, 1, 1, 1, 1, 1, 1]",176.82,150.93,191.13,120.74,1119205.5
DOV,210.4,7,"[0, 0, 1, 1, 1, 1, 1, 1, 1, 0]",214.33,206.75,232.21,159.95,1230424.5
RPRX,57.75,9,"[1, 1, 1, 1, 1, 1, 1, 1, 1, 0]",56.34,46.52,59.97,34.37,2762328.35
ASTS,68.38,3,"[0, 0, 0, 0, 1, 0, 1, 0, 1, 0]",79.77,82.12,133.09,36.91,15658014.25
BIIB,206.63,10,"[1, 1, 1, 1, 1, 1, 1, 1, 1, 1]",201.44,184.28,216.63,127.75,1401597.25
VG,12.43,8,"[0, 1, 1, 1, 1, 1, 1, 0, 1, 1]",12.46,10.75,17.51,5.9,15668580.3
EXPE,319.66,9,"[1, 1, 1, 1, 0, 1, 1, 1, 1, 1]",256.33,248.45,319.66,183.69,1634021.85
CRCL,63.28,1,"[0, 0, 0, 0, 0, 0, 0, 0, 1, 0]",74.56,88.64,163.21,50.23,13097914.8
ARES,139.77,7,"[1, 1, 1, 0, 0, 0, 1, 1, 1, 1]",124.41,131.85,185.9,94.25,2282608.85
FTI,69.27,8,"[0, 1, 1, 1, 1, 1, 1, 1, 1, 0]",69.61,60.44,76.94,34.67,3319732.45
FTAI,223.73,5,"[0, 0, 0, 0, 1, 1, 1, 0, 1, 1]",236.69,229.84,308.99,135.02,1775242.55
AXIA,10.47,7,"[1, 0, 0, 0, 1, 1, 1, 1, 1, 1]",10.25,10.89,13.43,6.63,2151900.15
CNC,66.99,9,"[1, 1, 1, 1, 1, 1, 1, 1, 1, 0]",64.01,47.03,68.72,25.21,5160553.55
NTRA,274.62,10,"[1, 1, 1, 1, 1, 1, 1, 1, 1, 1]",248.89,222.0,283.8,138.13,1091253.55
NVT,162.04,10,"[1, 1, 1, 1, 1, 1, 1, 1, 1, 1]",161.61,129.31,184.1,87.42,2239172.8
MTSI,263.46,6,"[0, 0, 1, 1, 1, 1, 1, 0, 1, 0]",330.07,249.31,409.68,118.35,1436385.35
TPL,381.88,4,"[0, 0, 0, 0, 1, 1, 1, 0, 1, 0]",395.27,385.77,538.97,272.83,280482.45
TPR,159.16,10,"[1, 1, 1, 1, 1, 1, 1, 1, 1, 1]",144.8,134.97,159.61,94.47,2085110.7
CFG,73.6,10,"[1, 1, 1, 1, 1, 1, 1, 1, 1, 1]",68.43,60.95,73.92,45.28,4446427.7
CW,748.41,9,"[1, 1, 1, 1, 1, 1, 1, 1, 1, 0]",745.08,667.99,792.77,471.69,210416.75
DOW,29.67,5,"[0, 0, 0, 0, 1, 1, 1, 0, 1, 1]",31.05,30.21,41.45,19.83,10119589.85
EIX,68.32,7,"[0, 0, 1, 1, 1, 1, 1, 1, 1, 0]",73.7,65.92,80.38,50.16,2808599.35
PKX,54.79,4,"[0, 0, 0, 0, 1, 1, 0, 0, 1, 1]",57.07,60.18,91.72,45.13,351951.3
BAP,394.88,10,"[1, 1, 1, 1, 1, 1, 1, 1, 1, 1]",375.02,316.18,402.27,232.02,276592.35
VRSN,293.41,10,"[1, 1, 1, 1, 1, 1, 1, 1, 1, 1]",275.68,256.47,310.0,210.93,837451.25
HUBB,513.58,8,"[1, 1, 1, 0, 1, 1, 0, 1, 1, 1]",489.63,480.06,556.18,403.7,616616.3
STRL,536.03,6,"[0, 0, 1, 1, 1, 1, 1, 0, 1, 0]",753.3,506.8,993.74,273.82,900817.7
EC,16.39,10,"[1, 1, 1, 1, 1, 1, 1, 1, 1, 1]",15.66,12.48,17.04,8.13,2362426.65
P,83.74,8,"[1, 1, 1, 1, 0, 0, 1, 1, 1, 1]",75.53,74.13,98.7,55.53,2353567.0
AER,155.13,10,"[1, 1, 1, 1, 1, 1, 1, 1, 1, 1]",145.76,140.99,155.13,107.96,1028141.55
PAAS,48.24,6,"[1, 0, 0, 0, 1, 1, 1, 0, 1, 1]",46.73,50.51,68.3,29.18,3561355.3
DG,126.94,9,"[1, 1, 1, 0, 1, 1, 1, 1, 1, 1]",116.24,122.57,154.71,94.6,2290782.75
VIV,12.2,3,"[0, 0, 0, 0, 1, 1, 0, 0, 1, 0]",13.23,13.41,16.32,11.0,1293279.35
SYF,79.25,7,"[1, 1, 1, 1, 0, 1, 0, 0, 1, 1]",74.03,74.15,,,3894763.25
ZS,161.65,5,"[1, 1, 0, 0, 0, 0, 1, 0, 1, 1]",141.04,187.86,336.27,118.05,2331130.9
SQM,70.05,4,"[0, 0, 0, 0, 1, 1, 1, 0, 1, 0]",74.44,72.41,94.63,35.86,1008157.25
BG,106.62,5,"[0, 0, 0, 0, 1, 1, 1, 1, 1, 0]",116.98,111.36,131.41,75.69,1350567.55
FMX,124.37,8,"[0, 1, 1, 1, 1, 1, 1, 1, 1, 0]",125.15,109.23,132.15,81.24,540719.2
MDB,376.36,9,"[1, 1, 1, 1, 0, 1, 1, 1, 1, 1]",338.1,334.22,440.6,201.0,1386670.65
XPO,200.18,8,"[0, 1, 1, 1, 1, 1, 1, 1, 1, 0]",210.04,181.91,228.37,119.05,1009684.45
ALB,118.84,4,"[0, 0, 0, 0, 1, 1, 1, 0, 1, 0]",140.56,152.27,215.07,66.4,2171324.2
UTHR,519.01,7,"[0, 0, 1, 1, 1, 1, 1, 1, 1, 0]",541.5,515.67,596.76,299.42,426625.3
FSLR,236.8,6,"[0, 1, 1, 1, 0, 0, 1, 0, 1, 1]",244.54,234.26,318.25,180.05,2220062.3
TSN,58.19,4,"[0, 0, 0, 0, 1, 1, 0, 1, 1, 0]",58.35,59.37,68.18,49.45,3180838.35
TSEM,211.14,7,"[0, 1, 1, 1, 1, 1, 1, 0, 1, 0]",247.12,170.29,316.85,46.1,2223664.75
RF,31.88,10,"[1, 1, 1, 1, 1, 1, 1, 1, 1, 1]",29.86,27.4,32.4,22.67,10462463.05
KEY,23.09,10,"[1, 1, 1, 1, 1, 1, 1, 1, 1, 1]",22.61,20.63,23.99,16.27,10767567.0
TEAM,113.32,7,"[1, 1, 1, 1, 0, 0, 1, 0, 1, 1]",92.0,108.3,185.5,57.15,3931158.85
LYB,59.03,6,"[0, 0, 1, 0, 1, 1, 1, 0, 1, 1]",60.4,57.51,81.53,40.28,4691654.3
JBHT,272.66,8,"[0, 1, 1, 1, 1, 1, 1, 1, 1, 0]",280.24,225.81,298.41,129.81,1110286.5
SBAC,178.4,3,"[0, 0, 0, 0, 1, 0, 0, 1, 1, 0]",188.8,192.55,222.41,164.16,1168039.8
WST,351.02,9,"[1, 1, 1, 1, 1, 1, 1, 1, 1, 0]",340.18,285.76,365.5,230.63,805516.8
CPAY,394.53,10,"[1, 1, 1, 1, 1, 1, 1, 1, 1, 1]",358.85,322.4,396.52,255.0,537817.7
ENTG,145.55,10,"[1, 1, 1, 1, 1, 1, 1, 1, 1, 1]",143.65,119.72,183.84,68.64,2979796.65
NMR,9.93,10,"[1, 1, 1, 1, 1, 1, 1, 1, 1, 1]",9.09,8.37,10.04,6.73,1043545.7
IHG,160.72,8,"[0, 1, 1, 1, 1, 1, 1, 1, 1, 0]",163.11,143.04,174.13,114.88,273724.7
FN,522.22,5,"[0, 0, 0, 0, 1, 1, 1, 0, 1, 1]",549.43,531.68,746.47,277.04,790742.95
SBS,5.43,5,"[0, 0, 0, 0, 1, 1, 1, 1, 1, 0]",5.6,5.56,7.08,3.98,5902593.85
WWD,373.28,8,"[0, 1, 1, 1, 1, 1, 1, 1, 1, 0]",393.85,349.59,436.44,236.67,672964.4
SITM,543.12,7,"[0, 1, 1, 1, 1, 1, 1, 0, 1, 0]",639.85,462.13,901.48,198.8,427923.35
INSM,99.02,1,"[0, 0, 0, 0, 0, 0, 0, 0, 1, 0]",104.33,146.65,211.41,91.88,2628073.4
BEKE,16.89,6,"[1, 1, 1, 0, 0, 0, 0, 1, 1, 1]",16.07,16.59,19.99,14.26,3371815.15
AKAM,122.27,8,"[0, 1, 1, 1, 1, 1, 1, 1, 1, 0]",127.13,105.84,161.14,70.53,3312181.75
PFG,114.85,10,"[1, 1, 1, 1, 1, 1, 1, 1, 1, 1]",109.53,94.41,115.25,72.92,1690073.85
RL,380.78,9,"[0, 1, 1, 1, 1, 1, 1, 1, 1, 1]",385.75,359.96,413.24,280.32,577269.7
ATI,205.11,10,"[1, 1, 1, 1, 1, 1, 1, 1, 1, 1]",189.38,145.03,205.11,71.34,1449061.5
MRNA,56.26,7,"[0, 1, 1, 1, 1, 1, 1, 0, 1, 0]",58.93,45.29,81.8,22.36,5260467.9
ILMN,199.87,10,"[1, 1, 1, 1, 1, 1, 1, 1, 1, 1]",178.82,141.29,205.1,91.0,1874587.5
AFRM,78.47,7,"[1, 1, 1, 1, 0, 0, 1, 1, 1, 0]",74.72,66.2,92.18,42.53,3443435.05
CRS,570.39,9,"[1, 1, 1, 1, 1, 1, 1, 1, 1, 0]",554.49,409.88,619.25,231.97,698204.8
SMCI,30.32,4,"[0, 0, 0, 1, 0, 0, 1, 0, 1, 1]",32.15,32.42,58.68,20.53,43711456.15
MKSI,313.1,7,"[0, 1, 1, 1, 1, 1, 1, 0, 1, 0]",346.58,247.12,444.8,89.14,1459377.3
IFF,88.07,10,"[1, 1, 1, 1, 1, 1, 1, 1, 1, 1]",77.16,71.74,88.07,58.53,1791187.15
EXPD,181.41,10,"[1, 1, 1, 1, 1, 1, 1, 1, 1, 1]",167.54,151.68,182.8,111.96,1421425.25
ROIV,34.6,9,"[1, 1, 1, 1, 1, 1, 1, 1, 1, 0]",32.75,26.68,36.81,11.17,4719754.9
DD,147.37,10,"[1, 1, 1, 1, 1, 1, 1, 1, 1, 1]",139.93,132.78,153.36,86.15,1658978.85
IREN,38.89,3,"[0, 0, 0, 1, 0, 0, 1, 0, 1, 0]",48.14,47.69,76.41,17.73,46935851.55
RGLD,215.09,6,"[1, 0, 0, 0, 1, 1, 1, 0, 1, 1]",204.73,228.42,303.02,159.95,687216.25
FUTU,110.22,3,"[1, 0, 0, 0, 0, 0, 0, 0, 1, 1]",99.34,143.04,195.9,89.76,1311402.25
ULS,79.05,5,"[0, 0, 0, 1, 1, 1, 0, 1, 1, 0]",92.7,85.49,104.74,62.21,952069.85
CHRW,153.6,5,"[0, 0, 0, 1, 1, 1, 1, 0, 1, 0]",184.27,171.38,209.42,114.43,2516676.6
LUV,48.79,10,"[1, 1, 1, 1, 1, 1, 1, 1, 1, 1]",46.67,41.73,54.33,28.52,5542979.45
DKS,200.32,3,"[0, 0, 0, 1, 0, 0, 0, 1, 1, 0]",218.52,211.09,239.17,185.52,1185681.5
VTRS,17.65,10,"[1, 1, 1, 1, 1, 1, 1, 1, 1, 1]",16.54,13.93,17.86,8.42,9221064.6
RCI,33.93,3,"[0, 0, 0, 0, 0, 0, 0, 1, 1, 1]",35.23,36.37,40.21,31.45,1536212.4
FFIV,411.32,9,"[1, 1, 1, 1, 1, 1, 1, 1, 1, 0]",402.42,312.29,431.26,223.99,724857.05
CX,11.55,6,"[0, 0, 0, 1, 1, 1, 1, 1, 1, 0]",12.44,11.74,13.52,8.35,6621971.95
INCY,119.8,10,"[1, 1, 1, 1, 1, 1, 1, 1, 1, 1]",110.48,101.75,129.93,77.65,1927422.2
KEP,12.36,3,"[1, 0, 0, 0, 0, 0, 0, 0, 1, 1]",12.32,15.84,23.26,11.32,1181433.6
APG,41.78,7,"[1, 0, 1, 0, 1, 1, 0, 1, 1, 1]",41.25,41.3,49.4,33.64,2861944.8
SNX,263.07,10,"[1, 1, 1, 1, 1, 1, 1, 1, 1, 1]",260.46,192.77,289.57,140.67,708854.5
CDE,17.43,5,"[1, 0, 0, 0, 1, 0, 1, 0, 1, 1]",16.49,18.58,27.12,9.88,29347978.5
RBC,572.17,8,"[0, 1, 1, 1, 1, 1, 1, 1, 1, 0]",595.56,532.35,648.89,369.71,242379.65
BURL,369.34,10,"[1, 1, 1, 1, 1, 1, 1, 1, 1, 1]",335.56,307.44,372.19,242.43,629499.05
ROKU,146.96,10,"[1, 1, 1, 1, 1, 1, 1, 1, 1, 1]",137.13,111.95,147.33,81.99,2675976.85
AMKR,53.86,5,"[0, 0, 0, 1, 1, 1, 1, 0, 1, 0]",70.36,53.99,93.55,22.02,6323303.3
RS,421.08,10,"[1, 1, 1, 1, 1, 1, 1, 1, 1, 1]",393.49,331.05,421.08,262.77,332696.8
BWXT,168.28,2,"[0, 0, 0, 0, 1, 0, 0, 0, 1, 0]",186.34,196.59,238.1,157.44,958717.2
ZTO,23.69,9,"[1, 1, 1, 0, 1, 1, 1, 1, 1, 1]",23.08,22.51,25.88,17.59,1714817.6
NXT,99.81,5,"[0, 0, 0, 1, 1, 1, 1, 0, 1, 0]",115.89,109.09,156.4,53.8,3315428.6
ITT,204.08,8,"[1, 1, 1, 0, 1, 1, 0, 1, 1, 1]",193.56,191.19,221.24,163.58,972644.7
FTV,61.34,10,"[1, 1, 1, 1, 1, 1, 1, 1, 1, 1]",60.94,56.94,64.09,46.51,2929933.85
IONQ,39.93,3,"[0, 0, 0, 1, 0, 0, 1, 0, 1, 0]",49.57,45.82,82.09,26.59,20155872.75
AGI,31.27,3,"[0, 0, 0, 0, 1, 0, 0, 0, 1, 1]",32.5,38.7,55.22,25.35,4665692.5
BCH,41.64,10,"[1, 1, 1, 1, 1, 1, 1, 1, 1, 1]",39.68,37.68,43.7,26.15,272704.05
YPF,48.67,9,"[0, 1, 1, 1, 1, 1, 1, 1, 1, 1]",50.36,41.36,56.35,23.57,1151333.65
CF,116.71,9,"[1, 1, 1, 1, 1, 1, 1, 1, 1, 0]",114.59,103.08,137.04,75.38,2119390.0
MGA,71.76,10,"[1, 1, 1, 1, 1, 1, 1, 1, 1, 1]",66.15,57.48,71.76,40.9,1355269.2
TLN,329.84,2,"[0, 0, 0, 1, 0, 0, 0, 0, 1, 0]",374.85,365.19,445.84,302.97,695420.2
LSCC,128.31,8,"[0, 1, 1, 1, 1, 1, 1, 1, 1, 0]",138.28,102.15,155.27,57.58,1934401.3
WMG,26.0,2,"[0, 0, 0, 0, 0, 0, 0, 1, 1, 0]",28.48,28.91,34.56,23.52,2137749.9
CIB,90.14,10,"[1, 1, 1, 1, 1, 1, 1, 1, 1, 1]",79.79,69.71,93.89,43.88,285896.5
WCC,373.08,10,"[1, 1, 1, 1, 1, 1, 1, 1, 1, 1]",344.3,297.21,374.1,202.11,775519.05
JBS,13.7,6,"[1, 0, 1, 0, 1, 0, 0, 1, 1, 1]",12.43,13.64,17.05,11.6,4705915.75
WSO,333.12,2,"[0, 0, 0, 0, 1, 0, 0, 0, 1, 0]",373.36,374.0,452.97,309.3,519368.55
DOCN,124.46,7,"[0, 1, 1, 1, 1, 1, 1, 0, 1, 0]",145.69,88.75,181.29,29.56,3764196.15
EWBC,133.25,10,"[1, 1, 1, 1, 1, 1, 1, 1, 1, 1]",128.65,115.21,135.31,91.94,805849.4
AA,47.69,4,"[0, 0, 0, 0, 1, 1, 1, 0, 1, 0]",56.63,56.13,83.79,29.06,5219367.95
PR,19.79,10,"[1, 1, 1, 1, 1, 1, 1, 1, 1, 1]",19.53,17.32,22.33,11.76,8265126.3
NVMI,402.38,5,"[0, 0, 0, 1, 1, 1, 1, 0, 1, 0]",485.18,432.19,605.65,237.16,568656.3
RTO,24.75,3,"[0, 0, 0, 0, 1, 1, 0, 0, 1, 0]",29.12,30.09,34.52,23.36,1510128.3
OWL,11.55,6,"[1, 1, 1, 0, 0, 0, 1, 0, 1, 1]",9.61,11.52,18.97,8.04,18977923.25
OVV,57.96,10,"[1, 1, 1, 1, 1, 1, 1, 1, 1, 1]",56.75,49.37,63.13,35.32,3396232.05
TTMI,131.25,7,"[0, 1, 1, 1, 1, 1, 1, 0, 1, 0]",164.02,113.48,221.47,40.06,2718882.45
BEN,34.92,10,"[1, 1, 1, 1, 1, 1, 1, 1, 1, 1]",32.68,26.78,35.77,20.39,5004929.8
IEX,236.98,10,"[1, 1, 1, 1, 1, 1, 1, 1, 1, 1]",221.8,197.52,237.89,155.22,753035.2
LAMR,158.18,9,"[1, 1, 1, 1, 1, 1, 1, 1, 1, 0]",155.44,135.26,164.33,109.47,649620.25
VNOM,41.43,5,"[0, 0, 0, 1, 1, 1, 0, 1, 1, 0]",43.76,41.95,50.23,34.75,1532570.15
GNRC,217.41,6,"[0, 0, 1, 1, 1, 1, 1, 0, 1, 0]",247.32,204.9,295.54,136.37,1200459.55
NDSN,310.67,10,"[1, 1, 1, 1, 1, 1, 1, 1, 1, 1]",291.72,268.64,310.67,207.88,324657.1
SN,182.11,10,"[1, 1, 1, 1, 1, 1, 1, 1, 1, 1]",142.65,118.03,182.11,84.57,1726304.4
H,178.91,8,"[0, 1, 1, 1, 1, 1, 1, 1, 1, 0]",189.58,166.11,202.09,134.51,872115.65
BALL,63.49,9,"[1, 1, 1, 0, 1, 1, 1, 1, 1, 1]",59.95,57.22,67.31,45.92,1915760.05
MLI,69.26,10,"[1, 1, 1, 1, 1, 1, 1, 1, 1, 1]",63.89,60.26,70.23,43.2,1530094.2
LOGI,105.7,6,"[0, 1, 1, 1, 0, 0, 0, 1, 1, 1]",106.16,102.46,126.69,85.84,1305142.15
CLH,309.24,10,"[1, 1, 1, 1, 1, 1, 1, 1, 1, 1]",296.83,272.21,326.34,201.73,501753.8
GMAB,29.26,6,"[1, 1, 1, 0, 0, 0, 1, 1, 1, 0]",27.16,29.0,35.34,21.08,1988512.45
PAA,23.17,10,"[1, 1, 1, 1, 1, 1, 1, 1, 1, 1]",22.67,19.8,24.57,14.64,2378609.35
NBIX,161.5,7,"[0, 1, 1, 1, 0, 1, 1, 1, 1, 0]",167.89,146.32,185.5,123.1,1374129.15
HST,25.13,10,"[1, 1, 1, 1, 1, 1, 1, 1, 1, 1]",23.78,19.47,25.54,14.11,8974308.4
JLL,373.24,9,"[1, 1, 1, 0, 1, 1, 1, 1, 1, 1]",316.23,319.47,373.24,274.32,392469.8
ASND,244.2,8,"[0, 1, 1, 1, 1, 1, 1, 1, 1, 0]",244.54,226.76,277.18,182.6,510912.3
LECO,279.37,8,"[1, 1, 1, 0, 1, 1, 0, 1, 1, 1]",259.99,255.12,297.02,218.56,398493.2
OKTA,147.04,10,"[1, 1, 1, 1, 1, 1, 1, 1, 1, 1]",130.88,94.84,154.62,62.93,2752967.6
HTHT,42.34,6,"[0, 0, 0, 0, 1, 1, 1, 1, 1, 1]",42.76,46.26,54.63,30.06,1511504.1
DTM,133.1,7,"[0, 0, 1, 1, 1, 1, 1, 1, 1, 0]",142.78,130.28,150.74,98.13,843174.85
MOD,194.61,5,"[0, 0, 0, 1, 1, 1, 1, 0, 1, 0]",253.2,205.87,306.89,119.68,1624249.8
RRX,183.24,6,"[0, 0, 0, 1, 1, 1, 1, 1, 1, 0]",212.34,184.06,238.19,127.98,1143230.25
BSAC,35.25,10,"[1, 1, 1, 1, 1, 1, 1, 1, 1, 1]",32.84,31.26,35.69,22.12,292436.8
JAZZ,261.57,10,"[1, 1, 1, 1, 1, 1, 1, 1, 1, 1]",240.6,193.22,261.62,105.93,763208.95
ONTO,276.0,7,"[0, 1, 1, 1, 1, 1, 1, 0, 1, 0]",293.82,223.29,378.45,90.0,1145172.15
OHI,48.69,9,"[1, 1, 1, 1, 1, 1, 1, 1, 1, 0]",47.23,44.54,51.03,37.16,1892284.7
SMMT,13.53,1,"[0, 0, 0, 0, 0, 0, 0, 0, 1, 0]",14.54,16.92,28.66,12.55,3703152.9
RMBS,97.3,4,"[0, 0, 0, 1, 1, 0, 1, 0, 1, 0]",122.31,109.11,170.66,69.68,2894847.5
AUR,6.69,10,"[1, 1, 1, 1, 1, 1, 1, 1, 1, 1]",6.46,5.18,8.4,3.77,24372432.25
NIO,4.65,1,"[0, 0, 0, 0, 0, 0, 0, 0, 1, 0]",5.05,5.48,7.89,4.44,22842175.25
HAS,91.16,9,"[1, 1, 1, 0, 1, 1, 1, 1, 1, 1]",84.84,86.8,104.36,69.25,2462046.1
LTM,57.7,9,"[1, 1, 1, 0, 1, 1, 1, 1, 1, 1]",53.66,52.4,68.29,41.47,750334.45
SUN,73.36,10,"[1, 1, 1, 1, 1, 1, 1, 1, 1, 1]",69.12,61.11,77.41,46.14,512201.25
QXO,15.9,4,"[1, 0, 0, 0, 1, 0, 0, 0, 1, 1]",15.68,19.54,27.07,13.3,24599022.4
AEIS,329.23,10,"[1, 1, 1, 1, 1, 1, 1, 1, 1, 1]",319.59,288.68,388.93,139.56,757692.1
ALLY,44.74,9,"[1, 1, 1, 1, 1, 1, 0, 1, 1, 1]",44.17,41.85,46.92,35.47,3182584.25
PL,22.35,4,"[0, 0, 0, 0, 1, 1, 1, 0, 1, 0]",29.9,25.97,51.4,6.27,7534198.2
EVR,318.78,5,"[0, 0, 0, 1, 1, 1, 0, 1, 1, 0]",343.03,330.25,381.16,266.5,523905.85
SKM,34.88,9,"[0, 1, 1, 1, 1, 1, 1, 1, 1, 1]",34.97,29.22,46.0,19.68,2779871.75
TIGO,91.79,9,"[1, 1, 1, 1, 1, 1, 1, 1, 1, 0]",90.88,69.72,98.61,36.51,1369869.25
SANM,199.17,7,"[0, 1, 1, 1, 1, 1, 1, 0, 1, 0]",229.38,177.96,282.72,109.61,846319.5
IESC,784.03,10,"[1, 1, 1, 1, 1, 1, 1, 1, 1, 1]",679.62,525.56,784.03,321.59,220074.9
BBIO,81.99,10,"[1, 1, 1, 1, 1, 1, 1, 1, 1, 1]",74.85,71.76,90.17,44.81,3247921.5
TOL,154.97,9,"[1, 1, 1, 1, 1, 1, 0, 1, 1, 1]",149.13,142.68,165.52,123.26,863380.55
DINO,82.98,10,"[1, 1, 1, 1, 1, 1, 1, 1, 1, 1]",76.89,60.55,92.44,41.68,3089951.15
NYT,65.48,4,"[0, 0, 0, 0, 1, 1, 0, 1, 1, 0]",73.6,72.38,85.59,54.2,1978331.15
DY,408.59,8,"[0, 1, 1, 1, 1, 1, 1, 1, 1, 0]",449.59,386.01,535.2,245.31,448728.7
RBRK,84.81,8,"[1, 1, 1, 1, 0, 0, 1, 1, 1, 1]",76.35,66.56,98.5,43.81,2484831.4
DVA,188.69,8,"[0, 1, 1, 1, 1, 1, 1, 1, 1, 0]",217.99,158.01,240.96,103.87,910541.3
GH,163.18,10,"[1, 1, 1, 1, 1, 1, 1, 1, 1, 1]",144.7,108.75,170.77,44.59,2148058.65
PEN,323.21,8,"[1, 0, 1, 0, 1, 1, 1, 1, 1, 1]",318.83,316.67,359.4,225.54,392849.35
BMNR,18.43,4,"[1, 0, 0, 0, 0, 0, 1, 0, 1, 1]",16.32,24.81,63.2,13.31,34446357.15
SWK,103.27,10,"[1, 1, 1, 1, 1, 1, 1, 1, 1, 1]",87.3,77.39,103.27,60.08,1924422.6
ENLT,82.39,8,"[0, 1, 1, 1, 1, 1, 1, 1, 1, 0]",90.3,67.62,107.42,23.34,209415.05
OKLO,42.99,1,"[0, 0, 0, 0, 0, 0, 0, 0, 1, 0]",52.2,73.79,174.14,36.84,8505977.0
BWA,66.78,9,"[0, 1, 1, 1, 1, 1, 1, 1, 1, 1]",67.79,54.96,77.03,37.55,2202395.8
APA,34.66,8,"[0, 1, 1, 1, 1, 1, 1, 1, 1, 0]",35.08,31.13,43.79,17.45,5254180.05
IONS,54.19,2,"[0, 0, 0, 0, 0, 0, 1, 0, 1, 0]",68.2,74.9,86.5,40.69,4721855.2
HL,16.54,6,"[1, 0, 0, 0, 1, 1, 1, 0, 1, 1]",15.61,18.32,31.8,6.1,40131878.35
HII,317.7,5,"[1, 0, 0, 0, 1, 1, 0, 0, 1, 1]",292.35,345.86,451.78,260.29,564502.6
SOLS,62.5,5,"[0, 0, 0, 1, 1, 0, 1, 0, 1, 1]",73.27,62.5,88.6,41.35,3953322.75
FIVE,224.16,9,"[1, 1, 1, 0, 1, 1, 1, 1, 1, 1]",199.51,198.47,247.71,131.94,1070171.05
U,35.47,7,"[1, 1, 1, 1, 0, 0, 1, 0, 1, 1]",29.62,31.38,49.47,17.13,8637600.15
IVZ,32.01,10,"[1, 1, 1, 1, 1, 1, 1, 1, 1, 1]",28.48,26.02,32.01,19.76,5101022.75
NTNX,60.96,8,"[1, 1, 1, 1, 0, 0, 1, 1, 1, 1]",52.93,49.13,81.12,34.41,2742453.9
MEDP,587.75,9,"[1, 1, 1, 1, 0, 1, 1, 1, 1, 1]",513.34,518.96,620.59,393.42,385400.3
EXEL,56.7,10,"[1, 1, 1, 1, 1, 1, 1, 1, 1, 1]",53.93,46.03,57.1,34.54,2482113.85
ALGN,174.83,9,"[1, 1, 1, 0, 1, 1, 1, 1, 1, 1]",174.37,167.37,197.51,124.88,942744.55
WLK,78.74,4,"[0, 0, 0, 0, 1, 0, 1, 0, 1, 1]",79.16,86.6,122.65,55.28,1132278.7
SAIA,356.81,5,"[0, 0, 0, 1, 1, 1, 1, 0, 1, 0]",433.31,377.18,487.14,250.48,520073.65
MP,47.91,1,"[0, 0, 0, 0, 0, 0, 0, 0, 1, 0]",53.77,58.55,98.65,38.1,5944738.4
VIAV,38.9,7,"[0, 1, 1, 1, 1, 1, 1, 0, 1, 0]",44.9,32.3,55.33,10.04,4900724.85
AAOI,128.56,8,"[0, 1, 1, 1, 1, 1, 1, 0, 1, 1]",140.17,91.42,223.1,19.49,9755970.0
PINS,23.36,7,"[1, 1, 1, 1, 0, 0, 1, 0, 1, 1]",21.92,22.77,39.17,15.42,11577196.25
AIZ,301.57,10,"[1, 1, 1, 1, 1, 1, 1, 1, 1, 1]",268.02,237.21,301.57,198.79,368485.55
WBS,79.12,10,"[1, 1, 1, 1, 1, 1, 1, 1, 1, 1]",75.29,68.08,79.12,53.14,4294208.7
ELAN,26.22,10,"[1, 1, 1, 1, 1, 1, 1, 1, 1, 1]",24.67,23.54,26.84,13.95,5298910.65
GLXY,19.07,2,"[0, 0, 0, 1, 0, 0, 0, 0, 1, 0]",26.83,26.32,42.86,16.84,6250247.0
APLD,29.87,5,"[0, 0, 0, 1, 1, 1, 1, 0, 1, 0]",36.55,32.56,49.65,13.89,21009096.95
MDGL,514.12,7,"[0, 1, 1, 1, 0, 1, 1, 1, 1, 0]",515.53,508.2,602.83,338.11,382952.25
VICR,219.08,6,"[0, 0, 1, 1, 1, 1, 1, 0, 1, 0]",281.65,189.11,379.78,46.02,873168.75
COKE,184.74,10,"[1, 1, 1, 1, 1, 1, 1, 1, 1, 1]",182.25,173.22,216.33,111.2,474099.85
LFUS,461.16,10,"[1, 1, 1, 1, 1, 1, 1, 1, 1, 1]",443.47,350.76,489.1,234.04,426306.7
FORM,114.44,8,"[0, 1, 1, 1, 1, 1, 1, 0, 1, 1]",122.89,94.98,159.93,27.62,1450683.95
AAON,93.15,4,"[0, 0, 0, 1, 1, 1, 0, 0, 1, 0]",119.05,100.39,148.15,71.77,1075057.75
TFII,139.45,8,"[0, 1, 1, 1, 1, 1, 1, 1, 1, 0]",148.86,119.85,162.83,80.09,385512.2
AIT,358.14,10,"[1, 1, 1, 1, 1, 1, 1, 1, 1, 1]",329.3,286.39,358.14,239.8,272744.55
SMTC,121.25,7,"[0, 1, 1, 1, 1, 1, 1, 0, 1, 0]",144.54,100.19,174.73,48.47,2259248.8
WULF,18.07,6,"[0, 0, 1, 1, 1, 1, 1, 0, 1, 0]",22.93,17.6,28.98,4.94,34812186.95
POWL,208.33,6,"[0, 0, 1, 1, 1, 1, 1, 0, 1, 0]",260.34,192.11,321.94,75.74,866918.0
TIMB,18.27,2,"[0, 0, 0, 0, 1, 0, 0, 0, 1, 0]",21.33,23.0,27.75,18.27,579538.05
AXSM,212.85,8,"[0, 1, 1, 1, 1, 1, 1, 1, 1, 0]",237.31,186.5,255.17,103.26,688712.95
WMS,149.59,9,"[1, 1, 1, 0, 1, 1, 1, 1, 1, 1]",143.09,147.43,174.94,113.35,620935.55
HMY,18.08,6,"[1, 1, 1, 0, 0, 0, 1, 0, 1, 1]",15.99,17.72,25.55,12.37,2767015.5
HUT,92.76,7,"[0, 1, 1, 1, 1, 1, 1, 0, 1, 0]",111.42,70.8,133.02,19.45,4467574.65
IAG,15.89,6,"[1, 0, 0, 0, 1, 1, 1, 0, 1, 1]",15.77,17.04,24.57,7.5,5015797.05
CGNX,70.71,10,"[1, 1, 1, 1, 1, 1, 1, 1, 1, 1]",64.98,51.29,72.42,34.7,1866120.95
KTOS,55.34,3,"[1, 0, 0, 0, 0, 0, 0, 0, 1, 1]",52.59,74.55,130.72,43.88,3874406.75
JEF,56.19,8,"[1, 1, 1, 1, 0, 0, 1, 1, 1, 1]",55.46,53.08,68.8,35.74,1851139.6
AG,17.61,6,"[1, 0, 0, 0, 1, 1, 1, 0, 1, 1]",17.34,18.85,31.98,8.35,10663588.35
EMBJ,72.78,9,"[1, 1, 1, 0, 1, 1, 1, 1, 1, 1]",62.62,64.58,79.6,53.63,1031361.6
ESI,38.34,8,"[0, 1, 1, 1, 1, 1, 1, 1, 1, 0]",41.3,33.94,49.09,22.82,5694668.85
JOBY,7.8,1,"[0, 0, 0, 0, 0, 0, 0, 0, 1, 0]",8.87,11.25,19.57,6.65,46411871.2
MUSA,580.94,9,"[1, 1, 1, 1, 1, 1, 1, 1, 1, 0]",574.17,473.04,622.78,355.19,254820.55
BTSG,63.02,8,"[0, 1, 1, 1, 1, 1, 1, 1, 1, 0]",66.22,47.12,72.91,20.46,4727677.4
GSAT,83.45,10,"[1, 1, 1, 1, 1, 1, 1, 1, 1, 1]",80.92,68.66,84.43,24.92,1075147.45
GMED,80.54,7,"[1, 0, 0, 0, 1, 1, 1, 1, 1, 1]",79.52,84.29,96.82,52.83,1538819.15
BEP,32.7,8,"[0, 1, 1, 1, 1, 1, 1, 1, 1, 0]",34.2,31.1,37.09,23.77,1065018.3
KNX,70.81,8,"[0, 1, 1, 1, 1, 1, 1, 1, 1, 0]",75.43,60.38,82.45,38.58,4372215.0
ALSN,118.13,9,"[1, 1, 1, 0, 1, 1, 1, 1, 1, 1]",116.78,109.56,135.66,78.62,873328.75
SNAP,5.33,4,"[1, 0, 0, 0, 0, 0, 1, 0, 1, 1]",4.99,6.13,9.09,3.93,39421855.9
ARWR,86.91,10,"[1, 1, 1, 1, 1, 1, 1, 1, 1, 1]",79.47,65.93,89.59,16.06,2298911.65
WTFC,161.44,10,"[1, 1, 1, 1, 1, 1, 1, 1, 1, 1]",157.98,145.19,166.9,118.91,712251.55
AES,14.7,9,"[1, 1, 1, 1, 1, 1, 0, 1, 1, 1]",14.55,14.17,16.87,11.92,7725240.0
SPXC,214.93,7,"[0, 0, 1, 1, 1, 1, 0, 1, 1, 1]",223.83,214.48,246.41,180.71,617053.45
VFS,3.2,4,"[1, 0, 0, 0, 1, 0, 0, 0, 1, 1]",3.15,3.42,4.76,2.81,435745.9
AHR,55.5,10,"[1, 1, 1, 1, 1, 1, 1, 1, 1, 1]",51.8,49.26,57.72,38.81,2140954.5
DAR,57.8,8,"[0, 1, 1, 1, 1, 1, 1, 1, 1, 0]",58.69,50.06,64.84,29.74,2147353.7
FCFS,207.98,8,"[0, 1, 1, 1, 1, 1, 1, 1, 1, 0]",216.46,189.61,232.57,133.13,469346.1
UMBF,146.81,10,"[1, 1, 1, 1, 1, 1, 1, 1, 1, 1]",139.32,123.25,148.33,102.87,625035.8
ARW,226.85,10,"[1, 1, 1, 1, 1, 1, 1, 1, 1, 1]",216.02,159.07,234.83,101.87,518132.75
MOG-A,408.57,10,"[1, 1, 1, 1, 1, 1, 1, 1, 1, 1]",396.81,307.24,425.85,187.08,302109.35
HBM,25.9,10,"[1, 1, 1, 1, 1, 1, 1, 1, 1, 1]",24.65,22.18,31.86,9.18,4866287.75
MGM,44.51,8,"[0, 1, 1, 1, 1, 1, 1, 1, 1, 0]",46.51,38.4,50.69,30.72,2507723.9
VMI,496.4,8,"[0, 1, 1, 1, 1, 1, 1, 1, 1, 0]",532.16,458.83,582.78,361.39,225140.15
ABVX,125.39,8,"[1, 1, 1, 0, 1, 1, 1, 1, 1, 0]",118.73,117.28,145.31,68.96,982282.05
CTRE,41.14,9,"[1, 1, 1, 1, 1, 1, 1, 1, 1, 0]",40.03,37.91,43.4,31.3,2065313.05
MOH,195.14,8,"[0, 1, 1, 1, 1, 1, 1, 1, 1, 0]",207.12,172.7,242.88,122.65,1577514.45
BPOP,177.52,10,"[1, 1, 1, 1, 1, 1, 1, 1, 1, 1]",164.38,138.55,177.52,107.38,510118.75
SNEX,76.02,8,"[0, 1, 1, 1, 1, 1, 1, 1, 1, 0]",79.41,58.96,92.67,36.42,1056000.15
CYTK,78.85,9,"[1, 1, 1, 1, 1, 1, 1, 1, 1, 0]",78.58,68.19,87.26,33.23,1691030.0
VSAT,81.03,10,"[1, 1, 1, 1, 1, 1, 1, 1, 1, 1]",72.79,52.92,89.81,25.55,2330587.3
ICLR,163.51,7,"[1, 1, 1, 1, 0, 0, 1, 1, 1, 0]",157.57,147.84,202.92,80.08,848526.5
AGX,601.82,8,"[0, 1, 1, 1, 1, 1, 1, 1, 1, 0]",652.41,491.05,797.9,202.87,330821.25
CAMT,147.6,5,"[0, 0, 0, 0, 1, 1, 1, 0, 1, 1]",159.98,148.24,207.46,76.73,511705.2
SBSW,9.92,5,"[1, 0, 0, 0, 1, 0, 1, 0, 1, 1]",9.42,12.41,20.52,7.06,4809988.1
ELPC,11.59,10,"[1, 1, 1, 1, 1, 1, 1, 1, 1, 1]",11.58,10.91,13.39,7.88,415221.2
TTC,98.92,9,"[1, 1, 1, 0, 1, 1, 1, 1, 1, 1]",93.04,87.92,100.89,67.07,583639.65
R,265.54,10,"[1, 1, 1, 1, 1, 1, 1, 1, 1, 1]",265.23,216.07,280.34,158.04,358669.8
CAVA,66.17,4,"[0, 0, 0, 0, 1, 1, 1, 0, 1, 0]",74.09,70.74,97.39,43.59,3358993.6
PRAX,319.23,8,"[1, 1, 1, 0, 1, 1, 1, 1, 1, 0]",305.56,287.74,357.13,37.71,320533.3
ZION,71.7,10,"[1, 1, 1, 1, 1, 1, 1, 1, 1, 1]",67.85,59.93,73.31,45.85,1807544.5
SIRI,30.7,10,"[1, 1, 1, 1, 1, 1, 1, 1, 1, 1]",29.45,23.98,32.59,19.47,4002476.1
RIOT,21.5,8,"[0, 1, 1, 1, 1, 1, 1, 0, 1, 1]",24.16,18.54,28.69,11.08,18562537.9
FLS,78.67,9,"[1, 1, 1, 0, 1, 1, 1, 1, 1, 1]",73.84,73.81,91.49,48.65,1983852.55
ALGM,41.8,6,"[0, 0, 1, 1, 1, 1, 1, 0, 1, 0]",51.13,38.25,69.62,22.8,2500504.95
GDS,32.67,3,"[1, 0, 0, 0, 1, 0, 0, 0, 1, 0]",32.62,37.89,47.52,29.02,1613344.4
KRYS,325.78,8,"[0, 1, 1, 1, 1, 1, 1, 1, 1, 0]",338.51,273.93,378.15,136.0,661143.65
EGO,36.0,8,"[1, 1, 1, 0, 1, 1, 1, 0, 1, 1]",31.4,34.17,49.52,21.95,2276572.15
GGB,5.14,10,"[1, 1, 1, 1, 1, 1, 1, 1, 1, 1]",4.57,4.05,5.14,2.82,15899635.65
MXL,67.46,7,"[0, 1, 1, 1, 1, 1, 1, 0, 1, 0]",85.43,41.69,128.03,13.05,4046838.75
IBRX,7.25,7,"[0, 1, 1, 1, 1, 1, 1, 0, 1, 0]",7.64,5.98,11.55,1.98,9761861.6
AAL,16.58,9,"[1, 1, 1, 1, 0, 1, 1, 1, 1, 1]",15.6,13.79,18.15,10.18,106162159.7
DDS,616.55,7,"[1, 1, 1, 0, 0, 0, 1, 1, 1, 1]",571.3,598.67,699.51,447.23,116112.6
FRO,37.97,9,"[1, 1, 1, 1, 1, 1, 1, 1, 1, 0]",37.13,30.16,42.88,17.16,2023292.6
CRUS,129.42,5,"[0, 0, 0, 1, 1, 1, 1, 0, 1, 0]",151.41,141.11,178.9,97.25,678688.55
BVN,33.0,8,"[1, 0, 1, 0, 1, 1, 1, 1, 1, 1]",31.63,31.26,42.44,17.65,834576.55
W,107.57,9,"[1, 1, 1, 1, 0, 1, 1, 1, 1, 1]",85.24,87.68,119.05,57.4,3872046.2
LUMN,6.08,3,"[0, 0, 0, 0, 0, 1, 1, 0, 1, 0]",7.73,8.06,11.83,3.7,11403325.0
LLYVK,103.71,9,"[1, 1, 1, 1, 1, 1, 1, 1, 1, 0]",101.04,92.64,108.0,77.33,317422.1
LLYVA,99.94,9,"[1, 1, 1, 1, 1, 1, 1, 1, 1, 0]",97.56,89.99,104.11,74.85,148326.95
LEVI,24.75,10,"[1, 1, 1, 1, 1, 1, 1, 1, 1, 1]",23.89,21.54,25.53,17.69,2719896.3
COLB,31.35,10,"[1, 1, 1, 1, 1, 1, 1, 1, 1, 1]",31.2,28.66,33.61,22.47,2978527.55
OSK,152.81,8,"[1, 1, 1, 0, 1, 1, 0, 1, 1, 1]",141.78,142.11,177.15,117.67,983874.95
MTCH,38.15,9,"[1, 1, 1, 1, 1, 1, 1, 1, 1, 0]",37.17,33.57,41.24,28.57,2966106.5
FR,64.17,9,"[1, 1, 1, 1, 1, 1, 1, 1, 1, 0]",63.73,59.48,68.86,46.03,1238643.55
CRL,260.72,10,"[1, 1, 1, 1, 1, 1, 1, 1, 1, 1]",209.53,188.26,260.72,145.57,887325.0
FROG,84.52,9,"[1, 1, 1, 1, 1, 1, 1, 1, 1, 0]",84.09,61.31,98.1,34.75,2127442.75
ZWS,52.76,9,"[1, 1, 1, 1, 1, 1, 0, 1, 1, 1]",48.7,47.91,53.18,43.6,1047041.25
SIMO,246.65,7,"[0, 1, 1, 1, 1, 1, 1, 0, 1, 0]",286.23,166.97,336.9,72.81,990727.6
ENS,189.87,7,"[0, 0, 1, 1, 1, 1, 1, 1, 1, 0]",212.87,179.03,243.06,90.49,406183.9
PRMB,25.32,10,"[1, 1, 1, 1, 1, 1, 1, 1, 1, 1]",23.98,20.21,25.86,14.21,2839636.0
EMN,73.35,9,"[1, 1, 1, 0, 1, 1, 1, 1, 1, 1]",70.56,68.1,79.49,54.37,1283069.45
CIFR,18.71,6,"[0, 0, 1, 1, 1, 1, 1, 0, 1, 0]",23.19,18.66,29.18,4.72,29825836.15
QBTS,21.39,5,"[0, 1, 0, 1, 0, 0, 1, 0, 1, 1]",22.29,22.82,44.78,12.98,19137209.6
ECG,140.75,9,"[0, 1, 1, 1, 1, 1, 1, 1, 1, 1]",143.37,117.19,169.16,70.88,578022.6
FIGR,28.73,1,"[0, 0, 0, 0, 0, 0, 0, 0, 1, 0]",29.77,37.42,73.91,24.91,2921316.75
ICL,5.23,3,"[0, 0, 0, 0, 0, 0, 0, 1, 1, 1]",5.37,5.44,6.76,4.72,1098902.4
TKR,131.32,8,"[0, 1, 1, 1, 1, 1, 1, 1, 1, 0]",137.05,105.46,145.32,70.03,904766.05
SSL,10.94,9,"[0, 1, 1, 1, 1, 1, 1, 1, 1, 1]",11.48,9.61,14.29,4.8,1187913.95
KRMN,55.12,4,"[1, 0, 0, 0, 1, 0, 0, 0, 1, 1]",50.4,74.29,115.29,44.84,3776187.55
BOKF,144.53,10,"[1, 1, 1, 1, 1, 1, 1, 1, 1, 1]",136.37,126.2,144.69,98.22,270164.1
NXE,10.04,6,"[1, 0, 0, 0, 1, 1, 1, 0, 1, 1]",9.91,10.61,13.92,6.46,4804029.6
NE,39.9,6,"[0, 0, 1, 0, 1, 1, 1, 0, 1, 1]",42.37,39.52,53.79,24.85,1691248.7
AMG,375.62,10,"[1, 1, 1, 1, 1, 1, 1, 1, 1, 1]",348.46,301.76,383.42,209.73,263493.55
IDA,143.24,6,"[0, 1, 1, 1, 1, 1, 0, 0, 1, 0]",145.51,137.65,,,458393.7
VIRT,58.47,9,"[1, 1, 1, 1, 1, 1, 1, 1, 1, 0]",58.11,44.39,66.82,31.82,1178923.65
MSGS,391.35,9,"[1, 1, 1, 1, 1, 1, 1, 1, 1, 0]",386.27,309.22,405.05,192.65,165045.25
ROAD,105.07,3,"[0, 0, 0, 0, 1, 0, 0, 0, 1, 1]",109.93,114.91,140.48,93.43,1342207.4
CMC,75.67,9,"[1, 1, 1, 0, 1, 1, 1, 1, 1, 1]",70.06,68.28,82.67,51.36,1115039.1
JXN,134.56,10,"[1, 1, 1, 1, 1, 1, 1, 1, 1, 1]",112.91,107.21,134.56,86.0,678097.7
ESE,327.63,9,"[1, 1, 1, 1, 1, 1, 1, 1, 1, 0]",321.95,269.24,354.82,184.98,174755.5
GKOS,170.93,10,"[1, 1, 1, 1, 1, 1, 1, 1, 1, 1]",140.38,118.5,170.93,74.67,869763.9
CWEN,31.18,4,"[0, 0, 0, 0, 1, 1, 0, 1, 1, 0]",35.57,35.71,41.26,26.9,1117172.15
CIG,2.14,7,"[1, 0, 1, 0, 1, 1, 0, 1, 1, 1]",2.1,2.1,2.62,1.76,5113841.0
MBLY,8.45,2,"[0, 0, 0, 1, 0, 0, 0, 0, 1, 0]",9.13,9.74,15.54,6.56,8275722.45
KNTK,48.35,10,"[1, 1, 1, 1, 1, 1, 1, 1, 1, 1]",47.63,41.91,50.9,30.05,883920.55
CHRD,129.95,10,"[1, 1, 1, 1, 1, 1, 1, 1, 1, 1]",128.78,113.85,148.35,82.2,760918.7
MIDD,135.34,10,"[1, 1, 1, 1, 1, 1, 1, 1, 1, 1]",132.49,118.96,144.17,89.85,525093.1
PCVX,55.92,8,"[1, 1, 1, 0, 1, 1, 1, 1, 1, 0]",53.39,52.23,63.04,29.67,931971.65
KEX,131.1,7,"[0, 0, 1, 1, 1, 1, 1, 1, 1, 0]",140.26,128.01,152.59,79.95,602978.95
HALO,83.59,10,"[1, 1, 1, 1, 1, 1, 1, 1, 1, 1]",75.18,70.1,83.59,61.63,1643255.25
YOU,56.46,10,"[1, 1, 1, 1, 1, 1, 1, 1, 1, 1]",54.59,44.76,62.18,29.2,1262056.4
ORA,98.02,4,"[0, 0, 0, 1, 1, 1, 0, 0, 1, 0]",118.39,115.41,145.1,84.82,825552.95
VLY,14.77,10,"[1, 1, 1, 1, 1, 1, 1, 1, 1, 1]",14.33,12.6,15.19,8.86,7279638.6
VFC,15.22,4,"[0, 0, 0, 0, 1, 1, 1, 0, 1, 0]",16.7,17.53,21.44,11.54,8447166.1
WFRD,87.53,6,"[0, 0, 0, 0, 1, 1, 1, 1, 1, 1]",90.36,89.75,111.42,53.31,1417908.35
CORZ,21.77,7,"[0, 1, 1, 1, 1, 1, 1, 0, 1, 0]",24.9,19.76,29.16,13.55,12916205.4
TEX,66.05,10,"[1, 1, 1, 1, 1, 1, 1, 1, 1, 1]",65.33,59.31,74.58,41.55,1414510.45
SOBO,35.47,8,"[0, 1, 1, 1, 1, 1, 1, 1, 1, 0]",36.52,31.19,38.67,24.54,570820.3
FAF,74.99,10,"[1, 1, 1, 1, 1, 1, 1, 1, 1, 1]",69.57,64.9,79.16,56.38,785157.05
IDCC,330.54,7,"[1, 1, 1, 0, 0, 0, 1, 1, 1, 1]",272.65,320.97,393.78,250.11,271116.55
OR,32.24,4,"[1, 0, 0, 0, 1, 0, 0, 0, 1, 1]",31.95,36.43,47.56,28.05,962040.75
HXL,104.33,10,"[1, 1, 1, 1, 1, 1, 1, 1, 1, 1]",98.7,85.34,110.28,59.78,1153498.6
OGC,26.86,6,"[1, 0, 0, 0, 1, 1, 1, 0, 1, 1]",25.6,29.46,42.39,14.33,434919.0
SLAB,218.23,8,"[0, 1, 1, 1, 1, 1, 1, 1, 1, 0]",218.24,184.3,220.34,116.08,283900.1
RIG,5.14,4,"[0, 0, 0, 0, 1, 1, 1, 0, 1, 0]",5.47,5.35,7.58,2.8,42070950.05
PLXS,274.7,10,"[1, 1, 1, 1, 1, 1, 1, 1, 1, 1]",272.79,209.6,303.82,127.85,335814.95
GGAL,48.36,7,"[0, 1, 1, 1, 0, 1, 1, 1, 1, 0]",50.7,47.88,58.69,25.36,911364.7
SSRM,29.0,9,"[1, 1, 1, 0, 1, 1, 1, 1, 1, 1]",28.2,26.66,35.74,14.84,3153610.95
LTH,45.31,10,"[1, 1, 1, 1, 1, 1, 1, 1, 1, 1]",38.96,30.38,45.7,24.59,2731575.85
KYMR,105.48,9,"[1, 1, 1, 1, 1, 1, 1, 1, 1, 0]",99.46,82.81,119.35,37.68,573299.95
SM,29.02,8,"[0, 1, 1, 1, 1, 1, 1, 1, 1, 0]",30.0,24.82,34.57,17.3,3183589.35
LEA,125.27,7,"[0, 0, 1, 1, 1, 1, 1, 1, 1, 0]",139.31,123.89,148.68,92.77,716652.5
HR,20.39,7,"[0, 1, 1, 1, 1, 1, 0, 1, 1, 0]",20.56,18.34,21.87,15.7,3930106.55
RHP,127.62,10,"[1, 1, 1, 1, 1, 1, 1, 1, 1, 1]",124.67,102.2,135.99,82.97,534190.3
NOV,19.5,9,"[0, 1, 1, 1, 1, 1, 1, 1, 1, 1]",19.6,18.1,21.36,11.6,3591458.5
DBX,35.0,9,"[1, 1, 1, 1, 0, 1, 1, 1, 1, 1]",28.71,27.1,35.0,22.06,3766012.45
TFPM,31.27,5,"[1, 0, 0, 0, 1, 0, 0, 1, 1, 1]",29.25,32.72,41.23,24.69,434781.7
AUGO,65.76,7,"[1, 0, 1, 0, 1, 1, 1, 0, 1, 1]",61.1,62.6,108.01,24.36,847653.0
MTDR,47.03,3,"[0, 0, 0, 0, 1, 1, 0, 0, 1, 0]",51.76,49.65,65.01,36.31,1936978.55
MYRG,333.77,6,"[0, 0, 1, 1, 1, 1, 1, 0, 1, 0]",424.11,312.82,501.13,173.81,305167.35
AVT,97.22,10,"[1, 1, 1, 1, 1, 1, 1, 1, 1, 1]",87.94,66.63,97.22,43.64,1105605.95
LGN,65.55,6,"[0, 0, 1, 1, 1, 1, 1, 0, 1, 0]",76.93,60.03,102.27,29.72,1487346.25
BRKR,52.47,8,"[0, 1, 1, 1, 1, 1, 1, 1, 1, 0]",58.19,45.99,64.34,29.21,2377942.8
SGHC,13.11,8,"[0, 1, 1, 1, 1, 1, 1, 1, 1, 0]",13.92,11.85,15.59,8.45,2543855.9
STEP,49.82,3,"[1, 0, 0, 0, 0, 0, 0, 0, 1, 1]",44.1,53.67,74.4,39.54,1183471.8
UGP,6.26,10,"[1, 1, 1, 1, 1, 1, 1, 1, 1, 1]",5.52,4.97,6.56,3.01,4558792.45
VAL,76.97,5,"[0, 0, 1, 0, 1, 1, 1, 0, 1, 0]",81.32,76.38,113.42,44.25,872785.9
BLSH,23.84,1,"[0, 0, 0, 0, 0, 0, 0, 0, 1, 0]",25.76,36.26,74.63,21.79,1406080.0
TGTX,49.88,8,"[0, 1, 1, 1, 1, 1, 1, 1, 1, 0]",50.46,36.88,59.06,26.39,2331297.3
MIRM,105.79,8,"[0, 1, 1, 1, 1, 1, 1, 1, 1, 0]",109.74,92.96,128.57,53.39,592358.7
ST,47.59,9,"[0, 1, 1, 1, 1, 1, 1, 1, 1, 1]",47.83,38.79,53.55,28.36,1733741.95
NPO,328.53,9,"[0, 1, 1, 1, 1, 1, 1, 1, 1, 1]",335.13,270.53,387.65,201.81,241240.15
PAYC,174.8,8,"[1, 1, 1, 1, 0, 0, 1, 1, 1, 1]",141.34,144.05,231.71,113.28,763189.75
SYRE,104.35,10,"[1, 1, 1, 1, 1, 1, 1, 1, 1, 1]",89.34,53.58,104.94,14.82,1055813.45
SWX,90.67,8,"[1, 1, 1, 1, 1, 1, 0, 1, 1, 0]",89.65,85.35,93.37,74.73,468456.55
COMP,12.83,10,"[1, 1, 1, 1, 1, 1, 1, 1, 1, 1]",10.51,9.74,13.58,6.68,11934475.55
AROC,33.93,5,"[0, 0, 1, 1, 1, 1, 0, 0, 1, 0]",36.58,31.83,,,1664153.8
AXTI,68.61,8,"[0, 1, 1, 1, 1, 1, 1, 0, 1, 1]",74.24,47.69,140.83,2.05,10944184.6
RSI,25.92,8,"[0, 1, 1, 1, 1, 1, 1, 1, 1, 0]",29.76,22.69,34.52,15.89,2968990.35
RYTM,110.71,8,"[1, 1, 1, 1, 0, 1, 1, 1, 1, 0]",100.98,98.99,117.62,75.82,668735.35
HIMS,31.65,6,"[1, 1, 1, 1, 0, 0, 1, 0, 1, 0]",31.2,29.93,62.76,14.52,14369631.15
PTGX,137.32,9,"[1, 1, 1, 1, 1, 1, 1, 1, 1, 0]",121.62,98.18,140.91,50.96,628440.55
ACA,145.32,9,"[1, 1, 1, 1, 1, 1, 1, 1, 1, 0]",138.45,118.03,145.33,84.55,735574.05
FNB,19.21,10,"[1, 1, 1, 1, 1, 1, 1, 1, 1, 1]",18.57,17.27,19.49,14.33,6487081.95
FLY,22.84,3,"[0, 0, 0, 0, 1, 0, 1, 0, 1, 0]",29.27,27.48,60.35,16.78,3321722.35
CELC,92.92,4,"[0, 0, 0, 0, 1, 1, 1, 0, 1, 0]",97.58,104.34,144.98,44.19,1716032.1
ENIC,4.49,10,"[1, 1, 1, 1, 1, 1, 1, 1, 1, 1]",4.4,4.09,4.66,3.14,505709.85
INGM,28.76,10,"[1, 1, 1, 1, 1, 1, 1, 1, 1, 1]",28.71,24.47,31.64,18.49,987693.15
LUNR,13.99,4,"[0, 0, 0, 0, 1, 1, 1, 0, 1, 0]",21.77,19.16,45.7,8.05,9279915.95
RGTI,16.78,3,"[0, 0, 0, 1, 0, 0, 1, 0, 1, 0]",18.85,21.42,56.34,12.9,21476709.4
CLF,12.65,8,"[1, 1, 1, 1, 0, 0, 1, 1, 1, 1]",11.46,11.44,16.18,7.82,26896670.75
CE,43.14,3,"[0, 0, 0, 0, 1, 1, 0, 0, 1, 0]",48.64,50.09,69.19,35.47,2038962.75
APGE,134.23,10,"[1, 1, 1, 1, 1, 1, 1, 1, 1, 1]",115.92,84.14,134.3,34.65,1200167.85
LSTR,179.35,8,"[0, 1, 1, 1, 1, 1, 1, 1, 1, 0]",206.0,165.13,225.37,118.1,554129.9
GVA,123.33,6,"[0, 0, 0, 1, 1, 1, 1, 1, 1, 0]",135.63,123.89,160.26,92.94,1126223.05
VIST,64.04,7,"[0, 0, 1, 1, 1, 1, 1, 1, 1, 0]",68.05,60.1,79.25,33.7,956200.75
KGS,57.85,7,"[0, 0, 1, 1, 1, 1, 1, 1, 1, 0]",66.68,52.71,76.27,30.88,1702729.85
URBN,77.89,9,"[1, 1, 1, 1, 0, 1, 1, 1, 1, 1]",73.05,70.53,82.7,59.57,1015685.8
PTCT,69.21,5,"[0, 0, 0, 1, 0, 1, 1, 1, 1, 0]",77.08,73.14,89.55,43.3,1360601.0
ETSY,85.86,10,"[1, 1, 1, 1, 1, 1, 1, 1, 1, 1]",76.31,62.11,86.47,44.05,2533577.95
LNTH,101.5,8,"[0, 1, 1, 1, 1, 1, 1, 1, 1, 0]",103.73,79.22,110.94,50.11,1519980.75
VNO,39.91,9,"[1, 1, 1, 1, 0, 1, 1, 1, 1, 1]",38.13,33.12,42.04,24.71,1806280.35
REZI,26.24,7,"[1, 1, 1, 0, 0, 0, 1, 1, 1, 1]",22.81,24.5,30.97,18.64,2583608.05
OUT,32.01,8,"[0, 1, 1, 1, 1, 1, 1, 1, 1, 0]",32.1,26.89,33.81,15.95,1409622.65
FLG,14.3,8,"[0, 1, 1, 1, 1, 1, 1, 1, 1, 0]",14.56,13.32,15.36,10.7,4464059.8
EAT,225.97,10,"[1, 1, 1, 1, 1, 1, 1, 1, 1, 1]",172.91,150.65,225.97,102.29,1076642.25
GXO,47.62,2,"[0, 0, 0, 0, 1, 0, 0, 0, 1, 0]",50.68,53.59,65.59,45.52,1627318.75
COGT,42.27,10,"[1, 1, 1, 1, 1, 1, 1, 1, 1, 1]",37.02,35.11,42.84,10.86,2030402.2
IBP,241.51,4,"[1, 0, 0, 0, 1, 0, 0, 0, 1, 1]",219.31,261.46,340.78,195.28,383523.25
VSNT,35.79,5,"[0, 0, 0, 1, 1, 0, 1, 1, 1, 0]",37.73,35.79,46.48,26.86,1617819.35
ABCB,88.91,10,"[1, 1, 1, 1, 1, 1, 1, 1, 1, 1]",88.11,80.86,93.17,65.35,491058.85
TFX,136.78,10,"[1, 1, 1, 1, 1, 1, 1, 1, 1, 1]",131.39,120.96,140.12,99.79,477951.25
IMVT,39.28,9,"[1, 1, 1, 1, 1, 1, 1, 1, 1, 0]",36.83,28.38,41.09,14.69,926408.15
CGON,72.42,10,"[1, 1, 1, 1, 1, 1, 1, 1, 1, 1]",66.41,57.22,75.24,23.94,917957.1
USAR,17.16,4,"[0, 0, 0, 1, 1, 0, 1, 0, 1, 0]",20.32,19.4,38.68,11.9,10395841.35
ALKS,49.61,9,"[1, 1, 1, 1, 1, 1, 1, 1, 1, 0]",48.49,35.77,55.22,26.52,1790124.5
CENX,46.9,5,"[0, 0, 0, 0, 1, 1, 1, 0, 1, 1]",51.14,47.69,68.77,21.5,1709595.55
MSM,125.57,10,"[1, 1, 1, 1, 1, 1, 1, 1, 1, 1]",119.05,96.67,127.28,78.9,678130.05
SRRK,47.87,8,"[0, 1, 1, 1, 1, 1, 1, 1, 1, 0]",49.93,44.92,57.94,27.92,1045263.85
BLCO,16.76,8,"[1, 1, 1, 0, 1, 1, 0, 1, 1, 1]",15.97,16.36,18.6,13.63,439129.3
PIPR,76.18,3,"[0, 0, 0, 0, 0, 0, 0, 1, 1, 1]",76.58,80.57,92.51,69.79,596803.2
BKH,71.72,6,"[0, 0, 1, 1, 1, 1, 0, 1, 1, 0]",73.4,71.12,76.1,56.69,726371.4
KMX,56.67,10,"[1, 1, 1, 1, 1, 1, 1, 1, 1, 1]",52.33,43.94,62.17,30.88,2701315.2
MAC,25.39,10,"[1, 1, 1, 1, 1, 1, 1, 1, 1, 1]",24.67,20.31,26.51,15.8,2260449.6
CZR,30.1,10,"[1, 1, 1, 1, 1, 1, 1, 1, 1, 1]",29.67,25.49,30.41,18.14,3514996.75
PRIM,83.4,2,"[0, 0, 0, 0, 1, 0, 0, 0, 1, 0]",97.97,129.62,202.75,74.76,1424343.65
GLNG,50.21,9,"[1, 1, 1, 1, 1, 1, 1, 1, 1, 0]",50.1,45.66,57.07,34.97,1251633.7
OSCR,30.11,9,"[1, 1, 1, 1, 1, 1, 1, 1, 1, 0]",28.41,19.07,32.18,10.85,4170434.75
S,21.0,9,"[1, 1, 1, 1, 0, 1, 1, 1, 1, 1]",17.39,15.55,21.0,11.94,6918373.75
CORT,110.69,9,"[1, 1, 1, 1, 0, 1, 1, 1, 1, 1]",86.83,62.33,118.32,32.15,1417014.15
RUSHA,81.8,10,"[1, 1, 1, 1, 1, 1, 1, 1, 1, 1]",73.24,64.91,82.76,46.26,507483.5
HWC,78.32,10,"[1, 1, 1, 1, 1, 1, 1, 1, 1, 1]",73.41,66.28,79.16,53.34,948607.25
CACC,592.52,9,"[1, 1, 1, 1, 1, 1, 1, 1, 1, 0]",590.8,504.71,657.2,411.04,137443.1
ZGN,15.21,10,"[1, 1, 1, 1, 1, 1, 1, 1, 1, 1]",14.02,11.48,15.25,7.63,1149014.0
MATX,205.51,10,"[1, 1, 1, 1, 1, 1, 1, 1, 1, 1]",200.13,158.36,223.55,87.4,323785.3
MCY,109.61,9,"[1, 1, 1, 1, 1, 1, 1, 1, 1, 0]",104.73,93.64,111.12,69.34,282857.2
ALM,13.31,4,"[0, 0, 0, 0, 1, 1, 1, 0, 1, 0]",16.04,13.92,23.42,3.98,6610495.1
BGC,10.96,9,"[0, 1, 1, 1, 1, 1, 1, 1, 1, 1]",11.24,10.01,12.65,8.26,2407968.3
AUB,43.02,10,"[1, 1, 1, 1, 1, 1, 1, 1, 1, 1]",40.76,37.06,43.39,30.45,1126182.8
GTX,31.41,8,"[0, 1, 1, 1, 1, 1, 1, 1, 1, 0]",32.53,22.49,36.23,12.27,2073300.85
MRCY,107.44,8,"[0, 1, 1, 1, 1, 1, 1, 1, 1, 0]",108.22,88.24,126.21,52.62,629267.7
VSEC,215.75,10,"[1, 1, 1, 1, 1, 1, 1, 1, 1, 1]",201.02,192.36,237.9,153.19,397056.85
TEO,13.76,10,"[1, 1, 1, 1, 1, 1, 1, 1, 1, 1]",13.63,12.13,15.98,6.52,220235.2
LBRT,19.4,4,"[0, 0, 0, 0, 1, 1, 1, 0, 1, 0]",25.19,24.28,33.83,9.91,5871679.75
XENE,64.3,9,"[1, 1, 1, 1, 1, 1, 1, 1, 1, 0]",59.75,50.47,70.96,33.43,911366.95
SNDR,36.53,10,"[1, 1, 1, 1, 1, 1, 1, 1, 1, 1]",36.51,29.21,38.66,20.04,1020476.55
KLIC,93.84,7,"[0, 1, 1, 1, 1, 1, 1, 0, 1, 0]",108.39,73.52,133.81,31.65,983611.8
SEI,55.57,5,"[0, 0, 0, 1, 1, 1, 1, 0, 1, 0]",67.95,58.71,82.88,24.67,4009106.7
GOLF,103.15,8,"[0, 1, 1, 1, 1, 1, 1, 1, 1, 0]",103.98,93.09,118.53,73.29,275045.9
BEPC,33.3,2,"[0, 0, 0, 0, 0, 0, 0, 1, 1, 0]",36.13,38.77,43.52,31.72,1897645.7
VCTR,99.97,10,"[1, 1, 1, 1, 1, 1, 1, 1, 1, 1]",90.82,73.97,103.77,59.52,517094.25
BC,83.58,10,"[1, 1, 1, 1, 1, 1, 1, 1, 1, 1]",81.3,76.8,88.28,55.37,725745.0
MUR,36.04,9,"[0, 1, 1, 1, 1, 1, 1, 1, 1, 1]",36.38,34.21,42.37,21.48,1518083.25
MGY,23.72,3,"[0, 0, 0, 0, 1, 1, 0, 0, 1, 0]",26.37,25.9,32.17,20.99,6902397.15
CRSP,52.45,2,"[1, 0, 0, 0, 0, 0, 0, 0, 1, 0]",52.34,53.77,76.78,44.34,1682549.95
PACS,45.64,10,"[1, 1, 1, 1, 1, 1, 1, 1, 1, 1]",41.28,34.23,47.08,7.71,946406.6
HASI,38.17,9,"[0, 1, 1, 1, 1, 1, 1, 1, 1, 1]",38.46,35.61,42.83,23.22,822685.5
ATAT,34.84,4,"[1, 0, 0, 0, 0, 0, 0, 1, 1, 1]",32.96,36.54,42.21,31.03,820331.2
CRC,51.35,3,"[0, 0, 0, 0, 1, 1, 0, 0, 1, 0]",54.75,54.48,69.66,42.98,714378.3
LEGN,19.05,2,"[0, 0, 0, 1, 0, 0, 0, 0, 1, 0]",27.38,24.33,37.71,16.65,2766253.8
PRM,34.97,10,"[1, 1, 1, 1, 1, 1, 1, 1, 1, 1]",33.85,28.47,37.78,15.82,1801716.25
IFS,59.25,10,"[1, 1, 1, 1, 1, 1, 1, 1, 1, 1]",56.02,46.82,60.68,34.68,224821.85
CROX,137.32,10,"[1, 1, 1, 1, 1, 1, 1, 1, 1, 1]",126.93,98.32,141.19,73.39,1079962.9
CAR,138.67,5,"[0, 0, 0, 1, 1, 1, 1, 0, 1, 0]",165.83,157.98,713.97,87.69,523815.85
M,25.51,10,"[1, 1, 1, 1, 1, 1, 1, 1, 1, 1]",23.68,20.87,26.21,11.64,4734653.4
AVAL,5.3,10,"[1, 1, 1, 1, 1, 1, 1, 1, 1, 1]",5.05,4.43,5.72,2.81,146916.75
KNF,67.79,3,"[0, 0, 0, 0, 1, 1, 0, 0, 1, 0]",79.8,78.35,94.57,59.93,653990.15
DIOD,85.59,7,"[0, 1, 1, 1, 1, 1, 1, 0, 1, 0]",99.76,75.01,122.76,42.36,464112.05
SON,58.46,10,"[1, 1, 1, 1, 1, 1, 1, 1, 1, 1]",53.51,48.86,60.56,38.0,1289430.35
WSC,26.56,9,"[0, 1, 1, 1, 1, 1, 1, 1, 1, 1]",26.74,22.05,29.07,14.84,2077089.95
RELY,24.07,10,"[1, 1, 1, 1, 1, 1, 1, 1, 1, 1]",21.95,17.54,25.23,12.2,2629400.05
SXT,130.23,10,"[1, 1, 1, 1, 1, 1, 1, 1, 1, 1]",118.0,101.82,130.23,82.4,636533.95
ALH,28.01,8,"[1, 1, 1, 1, 0, 0, 1, 1, 1, 1]",25.85,23.83,28.01,19.06,534164.1
ACLS,136.67,8,"[0, 1, 1, 1, 1, 1, 1, 0, 1, 1]",152.84,111.82,191.6,74.12,417764.15
LB,75.63,9,"[1, 1, 1, 1, 1, 1, 1, 1, 1, 0]",72.52,65.45,85.14,44.06,227314.5
STVN,20.1,7,"[1, 1, 1, 1, 0, 0, 1, 0, 1, 1]",18.68,18.64,27.51,13.38,358424.85
BMA,89.57,8,"[0, 1, 1, 1, 1, 1, 1, 1, 1, 0]",91.27,82.19,101.13,37.79,231557.3
GBTG,9.43,9,"[1, 1, 1, 1, 0, 1, 1, 1, 1, 1]",9.39,7.59,9.51,4.97,1495007.35
TDS,35.39,3,"[0, 0, 0, 0, 1, 0, 0, 0, 1, 1]",36.77,40.85,47.5,33.39,1009224.6
NOVT,153.12,9,"[0, 1, 1, 1, 1, 1, 1, 1, 1, 1]",154.01,133.67,168.59,99.22,433721.55
MARA,11.24,4,"[0, 1, 0, 1, 0, 0, 1, 0, 1, 0]",13.01,11.65,22.84,6.73,49436409.9
ACHR,5.2,2,"[0, 0, 0, 0, 0, 0, 0, 0, 1, 1]",5.29,6.87,13.64,4.44,32353923.65
PSMT,186.56,9,"[1, 1, 1, 1, 1, 1, 1, 1, 1, 0]",185.04,151.55,197.9,106.78,271757.25
SYNA,100.12,7,"[0, 1, 1, 1, 1, 1, 1, 0, 1, 0]",125.64,92.71,147.57,58.52,775139.5
OPEN,3.76,2,"[0, 0, 0, 0, 0, 0, 1, 0, 1, 0]",4.49,5.53,10.52,1.85,70511118.95
PBF,61.17,10,"[1, 1, 1, 1, 1, 1, 1, 1, 1, 1]",50.59,39.99,73.1,21.17,3358446.95
INDV,38.73,8,"[0, 1, 1, 1, 1, 1, 1, 1, 1, 0]",39.12,34.66,41.83,22.0,2169000.35
ENPH,38.95,5,"[0, 0, 0, 1, 1, 1, 1, 0, 1, 0]",48.83,40.08,72.33,26.12,4753503.95
KC,12.51,5,"[1, 0, 0, 0, 1, 0, 1, 0, 1, 1]",10.66,12.63,18.21,8.58,1559980.35
MIAX,45.96,8,"[1, 1, 1, 0, 0, 1, 1, 1, 1, 1]",42.11,43.54,56.84,30.74,1215381.25
TGS,29.56,6,"[0, 0, 0, 0, 1, 1, 1, 1, 1, 1]",30.51,30.49,35.32,20.12,196141.2
DNTH,112.5,10,"[1, 1, 1, 1, 1, 1, 1, 1, 1, 1]",93.94,67.75,112.64,18.76,953351.1
SPHR,160.64,10,"[1, 1, 1, 1, 1, 1, 1, 1, 1, 1]",148.06,114.16,173.03,38.7,708121.75
MDU,20.02,5,"[0, 0, 0, 1, 1, 1, 0, 1, 1, 0]",20.96,20.57,22.65,15.53,1283281.75
EBC,23.2,10,"[1, 1, 1, 1, 1, 1, 1, 1, 1, 1]",21.65,19.79,23.55,14.6,2934105.05
HRB,45.88,8,"[1, 1, 1, 1, 0, 0, 1, 1, 1, 1]",39.43,37.9,53.05,27.66,1835347.4
NAVN,27.65,7,"[1, 1, 0, 1, 0, 0, 1, 1, 1, 1]",23.66,27.65,27.87,8.51,3309422.25
AIR,146.83,10,"[1, 1, 1, 1, 1, 1, 1, 1, 1, 1]",131.07,108.11,149.43,71.73,483280.45
VSH,33.18,7,"[0, 1, 1, 1, 1, 1, 1, 0, 1, 0]",48.69,26.95,64.9,11.65,5630621.45
PI,163.39,7,"[1, 1, 1, 1, 0, 0, 1, 0, 1, 1]",139.4,144.24,241.91,91.34,435511.65
MEOH,51.94,8,"[0, 0, 1, 1, 1, 1, 1, 1, 1, 1]",54.04,49.53,65.5,31.93,993720.45
NTSK,14.08,6,"[1, 1, 1, 0, 0, 0, 1, 0, 1, 1]",11.37,13.85,25.79,7.73,4620830.8
QS,5.52,1,"[0, 0, 0, 0, 0, 0, 0, 0, 1, 0]",6.93,9.08,18.44,4.89,27715050.35
CVLT,133.17,6,"[1, 1, 1, 1, 0, 0, 1, 0, 1, 0]",132.95,114.29,195.41,75.18,723074.75
CSTM,29.67,9,"[0, 1, 1, 1, 1, 1, 1, 1, 1, 1]",31.57,25.3,36.15,13.08,1759926.95
LAUR,38.05,9,"[1, 1, 1, 1, 1, 1, 1, 1, 1, 0]",36.61,33.76,40.46,24.47,1102267.65
PAM,83.83,8,"[0, 1, 1, 1, 0, 1, 1, 1, 1, 1]",84.22,83.72,92.27,56.55,152408.85
PAGP,25.08,10,"[1, 1, 1, 1, 1, 1, 1, 1, 1, 1]",24.53,21.29,26.33,15.63,1441353.6
CVSA,128.91,8,"[1, 1, 1, 1, 1, 0, 1, 1, 1, 0]",124.12,113.35,154.45,89.36,339357.5
ATMU,54.15,8,"[1, 0, 1, 0, 1, 1, 1, 1, 1, 1]",50.65,54.12,65.5,37.44,577182.65
FTDR,76.38,10,"[1, 1, 1, 1, 1, 1, 1, 1, 1, 1]",71.34,62.25,79.07,49.1,474952.8
MMYT,61.2,6,"[1, 1, 1, 0, 0, 0, 1, 0, 1, 1]",51.25,59.5,103.21,36.3,885123.75
INSW,90.71,10,"[1, 1, 1, 1, 1, 1, 1, 1, 1, 1]",84.08,65.02,96.18,36.79,476408.25
HCC,84.3,6,"[0, 0, 0, 0, 1, 1, 1, 1, 1, 1]",87.39,85.6,110.28,54.62,661413.1
NAMS,27.42,1,"[0, 0, 0, 0, 0, 0, 0, 0, 1, 0]",31.8,33.69,41.45,22.96,989558.45
KNSA,78.08,10,"[1, 1, 1, 1, 1, 1, 1, 1, 1, 1]",60.13,48.53,80.92,32.15,760909.65
SHC,17.98,9,"[1, 1, 1, 1, 0, 1, 1, 1, 1, 1]",16.96,16.51,19.35,11.06,2887931.7
TBBB,41.95,10,"[1, 1, 1, 1, 1, 1, 1, 1, 1, 1]",40.54,35.68,42.85,24.12,541555.45
HRI,168.83,9,"[1, 1, 1, 1, 0, 1, 1, 1, 1, 1]",146.31,137.73,179.36,90.58,578399.8
NWE,69.14,8,"[0, 1, 1, 1, 1, 1, 1, 1, 1, 0]",70.71,67.34,73.42,52.73,347656.35
FLNC,14.23,4,"[0, 0, 0, 1, 0, 1, 1, 0, 1, 0]",18.89,18.85,32.23,6.75,7658834.7
LGND,302.57,9,"[1, 1, 1, 1, 1, 1, 1, 1, 1, 0]",280.97,221.99,322.61,142.4,309712.85
IPGP,91.75,3,"[0, 0, 0, 0, 1, 1, 0, 0, 1, 0]",106.0,102.03,153.91,71.6,395431.35
CBT,84.54,9,"[0, 1, 1, 1, 1, 1, 1, 1, 1, 1]",87.77,74.93,93.4,57.64,455867.6
GTLB,36.16,7,"[1, 1, 1, 1, 0, 0, 1, 0, 1, 1]",31.02,32.01,51.04,19.42,4085390.3
BCO,115.79,7,"[1, 1, 1, 0, 0, 1, 0, 1, 1, 1]",106.65,112.33,134.96,91.97,586652.95
HAFN,7.27,8,"[0, 1, 1, 1, 1, 1, 1, 1, 1, 0]",7.37,6.65,9.11,4.7,1088855.2
WIX,64.57,4,"[1, 0, 0, 0, 0, 0, 1, 0, 1, 1]",50.91,81.58,184.24,40.43,1614161.75
AZZ,151.96,10,"[1, 1, 1, 1, 1, 1, 1, 1, 1, 1]",147.3,127.68,159.9,97.18,326953.45
ONDS,8.87,5,"[1, 0, 0, 0, 1, 0, 1, 0, 1, 1]",8.8,9.3,14.01,3.25,109731692.7
UNF,289.9,10,"[1, 1, 1, 1, 1, 1, 1, 1, 1, 1]",275.2,230.72,301.19,149.3,151353.9
IRDM,48.37,9,"[1, 1, 1, 1, 1, 1, 1, 1, 1, 0]",48.03,30.55,55.72,15.57,1538107.15
STNG,74.05,8,"[0, 1, 1, 1, 1, 1, 1, 1, 1, 0]",76.76,68.78,86.1,43.17,717011.05
TCBI,99.98,7,"[0, 1, 1, 1, 1, 1, 0, 1, 1, 0]",101.35,96.51,107.74,76.93,499645.95
TPC,84.55,9,"[1, 1, 1, 0, 1, 1, 1, 1, 1, 1]",78.42,75.55,97.23,47.16,1051699.65
ENVA,263.02,10,"[1, 1, 1, 1, 1, 1, 1, 1, 1, 1]",214.04,163.76,263.02,102.71,365282.35
PLUG,2.1,4,"[0, 0, 0, 1, 1, 0, 1, 0, 1, 0]",2.69,2.53,4.14,1.41,46965636.1
HNGE,80.79,9,"[1, 1, 1, 1, 1, 1, 1, 1, 1, 0]",74.15,52.19,90.0,31.17,1703758.15
WHD,65.91,10,"[1, 1, 1, 1, 1, 1, 1, 1, 1, 1]",56.1,51.26,67.21,33.12,853959.65
PTEN,9.54,6,"[0, 0, 1, 1, 1, 1, 1, 0, 1, 0]",10.3,8.75,12.74,5.0,9017023.25
SMR,9.38,2,"[0, 0, 0, 0, 0, 0, 0, 0, 1, 1]",9.86,15.84,53.43,7.59,30151406.9
CMBT,15.91,10,"[1, 1, 1, 1, 1, 1, 1, 1, 1, 1]",15.17,12.31,16.55,7.49,792689.1
CNO,55.68,10,"[1, 1, 1, 1, 1, 1, 1, 1, 1, 1]",51.26,44.23,55.68,35.35,709919.0
BETA,22.2,5,"[1, 1, 0, 0, 0, 0, 1, 0, 1, 1]",17.61,22.2,36.8,13.59,1361378.75
CNR,83.68,3,"[0, 0, 0, 0, 1, 0, 0, 0, 1, 1]",85.24,88.32,113.11,69.02,508445.15
BLLN,149.97,7,"[1, 1, 0, 1, 0, 0, 1, 1, 1, 1]",115.74,149.97,149.97,64.03,633389.5
ZETA,27.07,10,"[1, 1, 1, 1, 1, 1, 1, 1, 1, 1]",21.14,18.93,27.07,14.55,9213498.95
NVTS,12.35,5,"[0, 0, 0, 1, 1, 1, 1, 0, 1, 0]",18.12,12.79,31.79,5.54,14909383.1
FHI,64.07,10,"[1, 1, 1, 1, 1, 1, 1, 1, 1, 1]",58.2,54.35,64.96,46.35,579611.65
COLD,14.03,8,"[0, 1, 1, 1, 1, 1, 1, 1, 1, 0]",14.93,12.76,16.25,9.61,3825222.15
LMND,52.06,2,"[0, 0, 0, 0, 0, 1, 0, 0, 1, 0]",60.55,65.56,96.57,47.26,1613286.75
AMRX,18.46,10,"[1, 1, 1, 1, 1, 1, 1, 1, 1, 1]",16.43,13.61,19.1,8.05,1916572.55
LPL,3.26,1,"[0, 0, 0, 0, 0, 0, 0, 0, 1, 0]",4.04,4.31,5.76,2.79,3629780.4
TREX,49.57,9,"[1, 1, 1, 1, 1, 0, 1, 1, 1, 1]",44.94,40.59,65.83,30.13,2502822.65
DOO,65.52,5,"[1, 1, 0, 0, 0, 0, 0, 1, 1, 1]",60.25,66.09,81.22,50.59,223631.7
MTRN,297.08,10,"[1, 1, 1, 1, 1, 1, 1, 1, 1, 1]",246.03,171.56,297.39,105.58,365875.1
XMTR,92.34,10,"[1, 1, 1, 1, 1, 1, 1, 1, 1, 1]",90.79,64.91,104.85,36.1,930362.6
NP,32.81,9,"[1, 1, 1, 1, 1, 0, 1, 1, 1, 1]",29.74,26.22,35.11,17.14,737987.8
LASR,75.25,10,"[1, 1, 1, 1, 1, 1, 1, 1, 1, 1]",68.83,55.55,84.95,19.67,1104585.2
CAAP,26.0,8,"[1, 0, 1, 0, 1, 1, 1, 1, 1, 1]",25.77,25.51,30.35,17.49,167500.8
TNL,77.9,10,"[1, 1, 1, 1, 1, 1, 1, 1, 1, 1]",73.92,69.66,78.45,56.09,879724.15
PVH,87.07,8,"[1, 1, 1, 1, 0, 0, 1, 1, 1, 1]",81.62,76.69,98.77,60.85,873963.85
LBTYA,10.57,3,"[0, 0, 0, 0, 1, 0, 0, 1, 1, 0]",11.17,11.45,13.03,9.69,2551806.3
CRGY,10.98,8,"[1, 0, 1, 0, 1, 1, 1, 1, 1, 1]",10.82,10.45,13.79,7.6,5708719.65
COCO,64.84,8,"[0, 1, 1, 1, 1, 1, 1, 1, 1, 0]",73.64,58.77,84.02,32.37,1204862.75
POWI,61.95,7,"[0, 1, 1, 1, 1, 1, 1, 0, 1, 0]",74.76,54.31,87.35,30.52,694700.0
LEU,187.63,3,"[1, 0, 0, 0, 0, 0, 0, 0, 1, 1]",170.98,226.69,436.0,146.61,824925.25
ANDG,49.75,7,"[1, 1, 0, 1, 0, 0, 1, 1, 1, 1]",40.36,49.75,49.75,18.34,354294.3
KTB,83.65,8,"[1, 1, 1, 1, 0, 1, 1, 1, 1, 0]",80.27,71.36,88.17,55.13,624497.75
MRX,64.23,9,"[1, 1, 1, 1, 1, 1, 1, 1, 1, 0]",62.07,46.09,70.29,27.92,661429.0
ARIS,15.63,6,"[1, 0, 0, 0, 1, 1, 1, 0, 1, 1]",15.39,16.46,22.68,6.74,1536348.8
DLO,15.2,9,"[1, 1, 1, 1, 0, 1, 1, 1, 1, 1]",13.46,13.23,15.57,10.19,1746937.45
GFF,102.81,10,"[1, 1, 1, 1, 1, 1, 1, 1, 1, 1]",90.95,82.14,102.81,66.26,309749.0
TDW,77.36,9,"[1, 1, 1, 0, 1, 1, 1, 1, 1, 1]",72.92,68.91,91.12,47.29,661996.7
OPLN,38.22,8,"[0, 1, 1, 1, 1, 1, 1, 1, 1, 0]",39.14,31.67,42.9,24.49,835156.45
KAI,337.12,9,"[1, 1, 1, 0, 1, 1, 1, 1, 1, 1]",307.28,305.85,354.72,246.63,123398.6
BBWI,20.79,6,"[1, 1, 1, 0, 0, 0, 1, 0, 1, 1]",20.16,20.31,30.86,14.56,4577702.3
TVTX,62.76,10,"[1, 1, 1, 1, 1, 1, 1, 1, 1, 1]",53.91,38.83,62.76,16.91,1557830.2
CRNX,84.0,10,"[1, 1, 1, 1, 1, 1, 1, 1, 1, 1]",56.89,46.63,84.0,26.85,3939895.9
LIVN,78.14,8,"[0, 1, 1, 1, 1, 1, 1, 1, 1, 0]",79.29,66.89,85.32,47.36,661607.7
NVST,28.63,9,"[1, 1, 1, 0, 1, 1, 1, 1, 1, 1]",25.74,24.46,30.26,18.95,2982731.0
ACMR,79.9,7,"[0, 1, 1, 1, 1, 1, 1, 0, 1, 0]",91.77,58.72,126.89,23.92,1010505.85
UCTT,80.2,7,"[0, 1, 1, 1, 1, 1, 1, 0, 1, 0]",99.37,61.63,142.59,21.63,1473593.9
HGV,47.09,7,"[0, 1, 1, 1, 1, 1, 0, 1, 1, 0]",50.54,45.84,54.69,36.99,1150612.65
PII,73.1,9,"[1, 1, 1, 1, 0, 1, 1, 1, 1, 1]",69.44,64.12,74.7,47.42,846413.25
SKE,30.59,9,"[1, 1, 1, 0, 1, 1, 1, 1, 1, 1]",27.57,27.26,38.12,14.78,563031.95
EE,38.5,9,"[1, 1, 1, 1, 1, 1, 1, 1, 1, 0]",36.55,33.4,42.7,22.84,273646.2
ORKA,97.19,10,"[1, 1, 1, 1, 1, 1, 1, 1, 1, 1]",80.16,50.06,98.13,13.05,867025.65
RNG,61.48,10,"[1, 1, 1, 1, 1, 1, 1, 1, 1, 1]",42.89,35.51,61.48,24.74,2486443.35
CATY,64.13,10,"[1, 1, 1, 1, 1, 1, 1, 1, 1, 1]",60.94,52.84,64.35,43.56,532675.8
ACAD,28.8,9,"[1, 1, 1, 1, 0, 1, 1, 1, 1, 1]",24.0,23.73,28.8,20.06,1612416.85
DAN,28.02,5,"[0, 0, 0, 0, 1, 1, 1, 0, 1, 1]",29.57,28.99,38.79,17.27,1287306.1
EWTX,44.99,9,"[1, 1, 1, 1, 1, 1, 1, 1, 1, 0]",38.86,30.13,48.35,12.68,1112266.15
TAC,12.67,2,"[0, 0, 0, 1, 0, 0, 0, 0, 1, 0]",13.54,13.53,17.66,11.78,1523107.0
SOUN,6.43,1,"[0, 0, 0, 0, 0, 0, 0, 0, 1, 0]",6.89,9.31,21.4,5.7,34267482.7
JOE,64.93,8,"[1, 0, 1, 0, 1, 1, 1, 1, 1, 1]",63.14,63.29,72.44,46.54,224592.95
HP,33.28,8,"[0, 0, 1, 1, 1, 1, 1, 1, 1, 1]",35.25,33.04,41.53,14.93,946800.5
INDB,85.72,10,"[1, 1, 1, 1, 1, 1, 1, 1, 1, 1]",82.62,76.72,87.17,61.13,422795.95
FG,29.65,8,"[1, 1, 1, 1, 0, 0, 1, 1, 1, 1]",28.5,27.93,34.32,20.28,659037.8
BB,8.73,7,"[0, 1, 1, 1, 1, 1, 1, 0, 1, 0]",9.62,5.58,12.81,3.15,18300147.7
PPTA,22.93,5,"[1, 0, 0, 0, 1, 0, 1, 0, 1, 1]",21.45,26.4,37.22,16.35,1154402.0
LRN,82.58,4,"[0, 0, 0, 1, 1, 0, 1, 0, 1, 0]",89.38,84.59,169.81,61.02,1056921.3
BULL,7.38,7,"[1, 1, 1, 1, 0, 0, 1, 0, 1, 1]",6.93,7.36,16.0,4.63,8685889.95
BELFB,294.01,10,"[1, 1, 1, 1, 1, 1, 1, 1, 1, 1]",280.99,222.82,332.96,127.62,297635.95
WSFS,82.29,10,"[1, 1, 1, 1, 1, 1, 1, 1, 1, 1]",76.46,65.46,82.29,49.92,454850.3
LQDA,89.12,10,"[1, 1, 1, 1, 1, 1, 1, 1, 1, 1]",74.79,45.9,89.12,19.21,1344753.35
ALHC,13.68,3,"[0, 0, 0, 0, 1, 1, 0, 0, 1, 0]",19.3,19.27,24.56,13.3,5402595.8
AAUC,19.68,4,"[0, 0, 0, 0, 1, 1, 1, 0, 1, 0]",23.33,25.68,32.01,11.58,1003349.55
CGAU,19.46,9,"[1, 1, 1, 0, 1, 1, 1, 1, 1, 1]",16.44,16.16,20.91,6.97,1545606.15
OII,48.07,10,"[1, 1, 1, 1, 1, 1, 1, 1, 1, 1]",41.5,33.46,52.73,21.36,1184996.85
VKTX,33.51,6,"[0, 1, 0, 1, 0, 1, 1, 1, 1, 0]",34.17,33.78,42.13,23.09,1968325.8
CLSK,13.5,6,"[0, 1, 1, 1, 0, 0, 1, 0, 1, 1]",15.22,13.02,23.2,8.18,25002100.75
SII,115.64,6,"[1, 0, 0, 0, 1, 1, 1, 0, 1, 1]",114.64,117.72,165.88,62.19,167363.25
VECO,52.96,7,"[0, 1, 1, 1, 1, 1, 1, 0, 1, 0]",61.1,41.8,83.04,19.94,929559.65
RUM,6.19,3,"[0, 0, 0, 1, 0, 0, 1, 0, 1, 0]",6.86,6.43,9.75,4.67,2117706.05
WRBY,29.27,10,"[1, 1, 1, 1, 1, 1, 1, 1, 1, 1]",26.49,24.15,30.34,16.49,2482385.4
TLX,10.42,8,"[1, 1, 1, 1, 0, 1, 1, 1, 1, 0]",10.32,9.3,12.54,6.41,114956.75
RXO,21.0,7,"[0, 1, 1, 1, 1, 1, 1, 0, 1, 0]",26.24,18.23,29.3,10.48,2099932.7
BTE,4.09,7,"[0, 0, 1, 1, 1, 1, 1, 1, 1, 0]",4.33,3.81,5.3,1.96,17980870.25
LION,12.98,8,"[0, 1, 1, 1, 1, 1, 1, 1, 1, 0]",14.09,10.42,16.4,5.87,2461683.3
TWST,115.01,10,"[1, 1, 1, 1, 1, 1, 1, 1, 1, 1]",86.36,53.69,115.01,24.16,1444371.75
FIBK,38.07,10,"[1, 1, 1, 1, 1, 1, 1, 1, 1, 1]",37.12,34.37,39.73,26.9,1299642.95
BFH,112.34,10,"[1, 1, 1, 1, 1, 1, 1, 1, 1, 1]",100.37,80.61,112.45,53.59,666672.1
BHF,61.86,6,"[0, 0, 0, 1, 1, 1, 1, 1, 1, 0]",63.51,62.17,66.61,43.36,595041.4
SLG,54.83,8,"[1, 1, 1, 1, 0, 0, 1, 1, 1, 1]",50.1,44.44,62.85,34.32,1081061.0
HYMC,24.48,6,"[1, 0, 0, 0, 1, 1, 1, 0, 1, 1]",24.11,27.98,55.74,3.46,1541106.05
OGN,13.57,10,"[1, 1, 1, 1, 1, 1, 1, 1, 1, 1]",13.47,9.59,13.57,5.69,2403421.6
SIG,96.57,7,"[1, 1, 1, 0, 0, 0, 1, 1, 1, 1]",87.85,89.76,105.18,73.65,679910.6
GNW,9.69,9,"[1, 1, 1, 1, 1, 1, 0, 1, 1, 1]",9.33,8.83,10.13,7.94,2804433.0
HWKN,135.29,3,"[0, 0, 0, 0, 1, 0, 0, 0, 1, 1]",147.44,147.21,183.81,119.87,172091.05
CTRI,22.23,3,"[0, 0, 0, 0, 1, 1, 0, 0, 1, 0]",28.54,28.14,41.8,19.37,2069718.45
RUN,10.49,1,"[0, 0, 0, 0, 0, 0, 0, 0, 1, 0]",12.6,15.63,21.41,9.07,9109737.55
ASO,47.87,4,"[0, 0, 0, 0, 1, 0, 0, 1, 1, 1]",49.2,52.27,60.83,41.39,1199198.7
HSAI,17.91,4,"[1, 0, 0, 0, 1, 0, 0, 0, 1, 1]",17.19,21.54,29.8,14.6,1562119.6
ATS,27.95,5,"[0, 0, 0, 0, 1, 1, 0, 1, 1, 1]",28.03,29.09,35.38,24.24,136971.2
CC,14.59,5,"[0, 0, 0, 1, 1, 1, 1, 0, 1, 0]",19.6,17.76,27.84,10.39,2590574.7
BKU,47.49,9,"[0, 1, 1, 1, 1, 1, 1, 1, 1, 1]",47.53,45.17,50.23,34.63,1059497.55
TRMD,28.62,8,"[0, 1, 1, 1, 1, 1, 1, 1, 1, 0]",28.9,25.55,34.08,16.87,452294.65
SUNC,72.85,7,"[1, 1, 0, 1, 0, 0, 1, 1, 1, 1]",69.52,72.85,76.44,46.46,441571.8
MANU,22.27,9,"[0, 1, 1, 1, 1, 1, 1, 1, 1, 1]",22.3,18.35,23.53,15.1,205716.85
AAP,59.58,9,"[1, 1, 1, 1, 1, 0, 1, 1, 1, 1]",57.42,52.15,62.91,38.18,1553722.15
AVNT,37.92,10,"[1, 1, 1, 1, 1, 1, 1, 1, 1, 1]",36.4,34.74,42.61,26.82,676931.85
CVI,31.2,7,"[0, 1, 1, 1, 0, 0, 1, 1, 1, 1]",31.73,30.48,39.89,20.66,1010014.25
SA,29.15,6,"[1, 0, 0, 0, 1, 1, 1, 0, 1, 1]",27.79,29.2,39.35,16.19,496705.1
AMBA,81.85,8,"[1, 1, 1, 1, 0, 0, 1, 1, 1, 1]",72.78,70.47,95.51,48.65,2073137.6
APLE,16.55,10,"[1, 1, 1, 1, 1, 1, 1, 1, 1, 1]",16.17,12.9,16.99,10.58,2926828.0
CHEF,108.54,10,"[1, 1, 1, 1, 1, 1, 1, 1, 1, 1]",93.36,71.87,115.35,54.6,699209.95
BEAM,27.07,5,"[0, 0, 0, 1, 1, 1, 1, 0, 1, 0]",30.69,28.12,37.92,16.01,2118304.25
CWK,14.03,5,"[1, 1, 0, 0, 0, 0, 0, 1, 1, 1]",13.29,14.36,17.2,11.8,2052636.35
TNGX,28.79,9,"[1, 1, 1, 1, 1, 1, 1, 1, 1, 0]",27.84,17.75,32.9,6.36,2347294.7
EFXT,21.99,7,"[0, 0, 1, 1, 1, 1, 1, 1, 1, 0]",23.96,20.0,28.36,8.05,485158.95
DAVE,430.16,10,"[1, 1, 1, 1, 1, 1, 1, 1, 1, 1]",349.97,247.08,442.53,155.92,425564.35
FSM,9.6,5,"[1, 0, 0, 0, 1, 0, 1, 0, 1, 1]",8.8,9.71,13.66,6.22,5377078.85
VRNS,43.4,6,"[1, 1, 1, 1, 0, 0, 1, 0, 1, 0]",39.61,32.72,63.31,20.19,2030145.6
NATL,46.81,10,"[1, 1, 1, 1, 1, 1, 1, 1, 1, 1]",45.2,41.82,48.13,32.5,593889.4
ADEA,29.91,10,"[1, 1, 1, 1, 1, 1, 1, 1, 1, 1]",29.15,22.47,33.57,11.64,1310065.6
BTDR,11.06,3,"[0, 0, 0, 1, 0, 0, 1, 0, 1, 0]",14.79,13.08,25.9,7.28,10330170.1
BATRK,49.75,8,"[0, 1, 1, 1, 1, 1, 1, 1, 1, 0]",50.88,44.52,52.87,38.04,470539.75
SEZL,174.4,10,"[1, 1, 1, 1, 1, 1, 1, 1, 1, 1]",153.57,91.7,188.55,50.97,559083.5
BBAR,17.86,8,"[0, 1, 1, 1, 1, 1, 1, 1, 1, 0]",19.18,16.57,21.73,7.82,487451.15
PARR,69.92,10,"[1, 1, 1, 1, 1, 1, 1, 1, 1, 1]",64.38,51.95,86.03,27.09,1046259.15
VCYT,46.15,8,"[0, 1, 1, 1, 1, 1, 1, 1, 1, 0]",53.35,42.05,60.49,23.97,1339310.05
COLM,57.2,5,"[0, 0, 0, 1, 1, 1, 0, 1, 1, 0]",63.8,58.13,67.79,48.18,662710.4
FFBC,34.41,10,"[1, 1, 1, 1, 1, 1, 1, 1, 1, 1]",33.02,28.43,36.18,22.64,1216818.55
FSLY,26.03,10,"[1, 1, 1, 1, 1, 1, 1, 1, 1, 1]",19.38,16.97,33.5,6.52,5580479.25
ZIM,26.58,10,"[1, 1, 1, 1, 1, 1, 1, 1, 1, 1]",24.99,22.9,28.55,12.03,1037650.35
RCUS,27.7,9,"[1, 1, 1, 1, 1, 1, 1, 1, 1, 0]",27.08,23.45,31.08,9.06,1002797.9
CALY,19.11,10,"[1, 1, 1, 1, 1, 1, 1, 1, 1, 1]",17.68,14.29,19.66,8.2,1954502.55
BOH,79.64,8,"[0, 1, 1, 1, 1, 1, 1, 1, 1, 0]",80.34,73.62,85.85,58.13,484103.05
UNFI,48.05,9,"[0, 1, 1, 1, 1, 1, 1, 1, 1, 1]",49.65,42.53,55.52,25.05,507943.05
SXI,326.45,10,"[1, 1, 1, 1, 1, 1, 1, 1, 1, 1]",306.6,262.42,357.67,186.91,153026.0
PLAB,31.97,6,"[1, 0, 0, 0, 1, 1, 1, 0, 1, 1]",31.59,34.71,54.96,19.69,915326.1
ERAS,18.62,9,"[1, 1, 1, 1, 1, 1, 1, 1, 1, 0]",16.41,11.14,22.47,1.4,4515304.8
EXTR,26.19,8,"[0, 1, 1, 1, 1, 1, 1, 1, 1, 0]",30.21,20.51,33.71,13.74,1863726.15
YETI,52.51,10,"[1, 1, 1, 1, 1, 1, 1, 1, 1, 1]",49.23,43.4,52.51,31.86,1090876.75
CARG,36.41,7,"[1, 1, 1, 0, 0, 0, 1, 1, 1, 1]",32.35,33.83,39.03,26.96,1013228.65
MPT,4.66,3,"[0, 0, 0, 0, 0, 0, 0, 1, 1, 1]",4.72,4.91,5.8,3.71,5185248.6
DNLI,24.42,9,"[1, 1, 1, 1, 1, 1, 1, 1, 1, 0]",23.2,19.96,27.21,12.75,1682553.45
BKD,14.43,9,"[1, 1, 1, 1, 1, 1, 1, 1, 1, 0]",14.22,12.99,16.77,7.13,5160000.25
CON,30.76,9,"[1, 1, 1, 1, 1, 1, 1, 1, 1, 0]",29.34,23.52,32.69,18.56,808234.85
ETOR,36.11,5,"[0, 1, 1, 1, 0, 0, 1, 0, 1, 0]",38.55,35.72,57.93,24.76,638599.1
LXP,60.64,10,"[1, 1, 1, 1, 1, 1, 1, 1, 1, 1]",55.29,49.62,61.15,37.59,900441.05
MSGE,77.8,10,"[1, 1, 1, 1, 1, 1, 1, 1, 1, 1]",75.17,61.46,80.95,36.33,336176.6
BWLP,20.85,10,"[1, 1, 1, 1, 1, 1, 1, 1, 1, 1]",20.06,16.12,22.56,11.16,339684.7
KYIV,13.22,7,"[0, 1, 1, 1, 0, 1, 1, 1, 1, 0]",14.33,12.94,16.17,9.33,455675.55
BHE,84.06,9,"[0, 1, 1, 1, 1, 1, 1, 1, 1, 1]",85.76,62.76,98.67,35.65,437773.3
CAKE,105.31,10,"[1, 1, 1, 1, 1, 1, 1, 1, 1, 1]",79.57,61.66,105.83,42.72,1845039.25
HG,35.22,10,"[1, 1, 1, 1, 1, 1, 1, 1, 1, 1]",33.17,28.88,37.28,20.14,458372.95
DHT,17.87,10,"[1, 1, 1, 1, 1, 1, 1, 1, 1, 1]",17.67,15.44,19.96,10.09,2674771.3
AEHR,98.78,10,"[1, 1, 1, 1, 1, 1, 1, 1, 1, 1]",91.72,54.18,116.58,17.38,3448907.05
OLN,18.72,2,"[0, 0, 0, 0, 1, 0, 0, 0, 1, 0]",22.5,23.39,29.93,17.81,3386422.2
SBLK,27.96,10,"[1, 1, 1, 1, 1, 1, 1, 1, 1, 1]",26.61,22.71,29.15,16.14,1204222.2
VC,104.33,6,"[0, 1, 1, 1, 0, 0, 0, 1, 1, 1]",110.01,102.22,127.5,84.18,500868.25
TTAM,16.05,5,"[0, 0, 0, 1, 1, 1, 0, 1, 1, 0]",16.98,16.47,19.32,14.13,261961.95
BKV,23.0,3,"[0, 0, 0, 0, 1, 1, 0, 0, 1, 0]",25.64,27.23,32.16,19.78,812819.65
HIMX,13.35,7,"[0, 1, 1, 1, 1, 1, 1, 0, 1, 0]",15.95,11.01,23.77,6.81,1553619.4
BANC,19.36,8,"[0, 1, 1, 1, 1, 1, 1, 1, 1, 0]",20.06,18.82,21.83,14.05,3810322.65
SBCF,35.01,10,"[1, 1, 1, 1, 1, 1, 1, 1, 1, 1]",32.31,31.55,35.38,26.77,1072601.0
KN,39.53,10,"[1, 1, 1, 1, 1, 1, 1, 1, 1, 1]",38.14,28.97,42.8,19.52,1030053.95
ALMS,27.12,9,"[1, 1, 1, 1, 1, 1, 1, 1, 1, 0]",25.25,20.3,30.3,3.95,1097474.35
SDRL,41.5,7,"[0, 0, 1, 0, 1, 1, 1, 1, 1, 1]",42.62,40.27,54.8,28.17,705389.35
CRVL,62.57,6,"[1, 1, 1, 1, 0, 0, 1, 0, 1, 0]",60.97,62.14,92.64,46.0,174736.45
ITGR,125.0,9,"[1, 1, 1, 1, 1, 0, 1, 1, 1, 1]",95.87,85.34,125.05,63.32,1352314.25
SUPN,46.91,4,"[1, 0, 0, 0, 1, 0, 0, 1, 1, 0]",46.18,48.96,57.0,40.57,1023451.95
XXI,4.54,1,"[0, 0, 0, 0, 0, 0, 0, 0, 1, 0]",5.49,8.76,29.75,4.27,1635051.2
LFST,10.37,9,"[1, 1, 1, 1, 1, 1, 1, 1, 1, 0]",9.72,7.49,11.58,3.86,2928741.3
TDC,26.23,5,"[0, 0, 0, 1, 1, 1, 1, 0, 1, 0]",32.41,29.37,37.88,20.16,3439646.05
NMRK,15.58,5,"[1, 1, 0, 0, 0, 0, 0, 1, 1, 1]",15.1,15.95,19.43,13.78,1356441.5
ERO,30.43,9,"[1, 1, 1, 0, 1, 1, 1, 1, 1, 1]",27.34,27.33,38.03,13.55,817044.5
JOYY,74.81,10,"[1, 1, 1, 1, 1, 1, 1, 1, 1, 1]",68.55,61.28,74.87,45.78,267150.45
EXK,8.96,5,"[1, 0, 0, 0, 1, 0, 1, 0, 1, 1]",8.35,9.55,14.12,5.25,6767815.85
SHOO,49.07,10,"[1, 1, 1, 1, 1, 1, 1, 1, 1, 1]",43.48,39.76,49.07,24.07,1067804.15
PHIN,76.51,8,"[0, 1, 1, 1, 1, 1, 1, 1, 1, 0]",79.45,68.9,85.16,49.69,341845.1
ARX,12.26,3,"[0, 0, 0, 1, 0, 0, 1, 0, 1, 0]",13.61,13.5,30.05,9.36,2381717.95
KALU,178.05,10,"[1, 1, 1, 1, 1, 1, 1, 1, 1, 1]",174.11,136.64,194.8,70.78,272343.75
DBRG,15.92,10,"[1, 1, 1, 1, 1, 1, 1, 1, 1, 1]",15.76,14.62,15.92,9.15,3158813.1
PAGS,9.4,6,"[1, 0, 0, 0, 1, 1, 0, 1, 1, 1]",9.12,9.71,11.72,8.01,2647515.85
CECO,69.12,6,"[0, 0, 1, 1, 1, 1, 1, 0, 1, 0]",83.01,67.8,99.67,43.93,881280.55
WT,22.03,10,"[1, 1, 1, 1, 1, 1, 1, 1, 1, 1]",18.85,15.69,22.39,10.69,2832625.8
PFS,25.11,10,"[1, 1, 1, 1, 1, 1, 1, 1, 1, 1]",23.43,21.24,25.28,17.08,1056327.55
TRN,32.46,8,"[0, 1, 1, 1, 1, 1, 1, 1, 1, 0]",34.37,30.78,38.07,24.19,775023.85
DYN,26.17,9,"[1, 1, 1, 1, 0, 1, 1, 1, 1, 1]",21.58,19.25,26.17,11.16,2657142.15
GEO,31.42,10,"[1, 1, 1, 1, 1, 1, 1, 1, 1, 1]",28.69,19.89,31.42,13.26,1392353.35
LCII,107.17,6,"[1, 0, 0, 0, 1, 1, 1, 0, 1, 1]",101.38,115.88,154.08,82.3,364743.5
TNK,74.42,10,"[1, 1, 1, 1, 1, 1, 1, 1, 1, 1]",72.92,66.99,81.69,42.45,323970.75
BTU,22.8,3,"[0, 0, 0, 0, 1, 0, 1, 0, 1, 0]",24.56,29.13,39.38,15.87,2403167.75
NTCT,41.02,8,"[0, 1, 1, 1, 1, 1, 1, 1, 1, 0]",41.38,32.79,44.84,21.28,518103.55
DK,59.75,10,"[1, 1, 1, 1, 1, 1, 1, 1, 1, 1]",53.33,41.32,67.62,19.36,1253066.8
PTRN,23.63,9,"[1, 1, 1, 1, 1, 1, 1, 1, 1, 0]",23.36,16.08,29.4,9.59,1816667.9
GRND,17.78,9,"[1, 1, 1, 1, 0, 1, 1, 1, 1, 1]",14.29,13.16,18.64,9.85,1599860.55
TXG,47.46,10,"[1, 1, 1, 1, 1, 1, 1, 1, 1, 1]",37.99,23.89,49.43,11.34,2913500.55
CLMT,40.26,10,"[1, 1, 1, 1, 1, 1, 1, 1, 1, 1]",37.74,28.47,44.19,13.23,1182106.65
AEO,17.82,5,"[1, 0, 0, 0, 0, 1, 1, 0, 1, 1]",17.2,19.5,27.66,11.85,4136385.35
INOD,69.37,7,"[0, 1, 1, 1, 1, 0, 1, 0, 1, 1]",80.71,61.82,121.5,34.45,1047671.55
GPCR,50.53,5,"[1, 0, 0, 0, 1, 1, 1, 0, 1, 0]",46.73,52.25,93.79,16.2,553174.05
IHS,8.18,9,"[0, 1, 1, 1, 1, 1, 1, 1, 1, 1]",8.24,7.83,8.73,6.24,1226279.55
AYA,25.07,10,"[1, 1, 1, 1, 1, 1, 1, 1, 1, 1]",19.49,16.47,25.07,8.33,681762.35
SPNT,23.61,9,"[1, 1, 1, 1, 1, 1, 1, 1, 1, 0]",23.59,21.77,26.31,17.48,708591.55
KMT,34.16,7,"[0, 0, 1, 0, 1, 1, 1, 1, 1, 1]",34.4,33.38,43.04,19.42,1104432.25
STUB,9.12,3,"[0, 0, 0, 1, 0, 0, 1, 0, 1, 0]",10.43,11.11,22.0,6.09,5588403.7
FA,20.56,10,"[1, 1, 1, 1, 1, 1, 1, 1, 1, 1]",18.42,14.4,22.35,8.95,1782617.05
NKTR,73.09,9,"[1, 1, 1, 1, 1, 1, 1, 0, 1, 1]",66.02,63.27,100.35,21.75,719823.85
EOSE,3.82,1,"[0, 0, 0, 0, 0, 0, 0, 0, 1, 0]",5.68,9.67,19.19,3.14,29674872.45
UAA,6.76,10,"[1, 1, 1, 1, 1, 1, 1, 1, 1, 1]",6.37,5.86,8.14,4.17,7096049.95
UA,6.61,10,"[1, 1, 1, 1, 1, 1, 1, 1, 1, 1]",6.21,5.69,7.88,3.96,2324158.2
DBD,78.12,8,"[0, 1, 1, 1, 1, 1, 1, 1, 1, 0]",82.77,74.35,90.75,54.9,302413.3
BKE,45.42,4,"[1, 0, 0, 0, 0, 0, 0, 1, 1, 1]",43.74,49.43,56.63,41.12,449301.25
UNIT,9.69,7,"[0, 0, 1, 1, 1, 1, 1, 1, 1, 0]",11.14,8.92,12.75,5.36,2357752.45
ARCB,141.67,8,"[0, 1, 1, 1, 1, 1, 1, 1, 1, 0]",149.21,106.16,173.22,59.5,396549.2
NN,14.82,3,"[0, 0, 0, 0, 1, 0, 1, 0, 1, 0]",17.19,16.45,23.59,11.37,2467386.5
HOG,26.19,8,"[1, 1, 1, 1, 0, 0, 1, 1, 1, 1]",25.27,22.61,30.05,17.06,2720030.5
ATRO,77.14,10,"[1, 1, 1, 1, 1, 1, 1, 1, 1, 1]",72.69,57.51,87.15,23.95,485512.8
CLDX,41.06,10,"[1, 1, 1, 1, 1, 1, 1, 1, 1, 1]",34.62,29.84,41.06,20.01,944997.35
VAC,101.74,10,"[1, 1, 1, 1, 1, 1, 1, 1, 1, 1]",95.4,70.01,103.04,43.9,383690.05
ARQT,27.1,8,"[1, 1, 1, 1, 0, 1, 1, 1, 1, 0]",25.68,25.39,31.2,14.12,1361273.4
GRAL,74.18,7,"[1, 1, 1, 0, 0, 1, 1, 0, 1, 1]",67.12,74.18,116.06,31.42,494554.8
VISN,12.35,9,"[1, 1, 1, 1, 1, 1, 1, 1, 1, 0]",12.3,9.97,12.88,7.05,5375208.0
TARS,61.29,3,"[1, 0, 0, 0, 0, 0, 1, 0, 1, 0]",61.02,68.49,82.51,41.64,1101381.7
NGVT,77.11,10,"[1, 1, 1, 1, 1, 1, 1, 1, 1, 1]",72.04,66.46,77.87,46.2,240667.85
AMSC,32.94,2,"[0, 0, 0, 1, 0, 0, 0, 0, 1, 0]",38.74,38.02,66.68,25.95,769905.15
WAFD,37.72,10,"[1, 1, 1, 1, 1, 1, 1, 1, 1, 1]",36.98,33.22,39.32,27.16,617945.0
HUN,10.14,4,"[0, 0, 0, 0, 1, 1, 1, 0, 1, 0]",12.5,11.7,15.89,7.27,4054049.25
HUBG,47.58,10,"[1, 1, 1, 1, 1, 1, 1, 1, 1, 1]",45.79,41.77,52.19,32.8,747440.05
TRMK,48.52,10,"[1, 1, 1, 1, 1, 1, 1, 1, 1, 1]",45.82,42.33,48.52,35.62,483004.35
IRON,78.91,8,"[1, 1, 1, 1, 0, 1, 1, 1, 1, 0]",73.12,74.81,94.11,55.95,350235.15
CUBI,82.72,10,"[1, 1, 1, 1, 1, 1, 1, 1, 1, 1]",77.2,73.45,83.65,60.52,297098.3
VERA,30.35,4,"[0, 0, 0, 0, 1, 1, 1, 0, 1, 0]",36.55,38.94,55.67,19.25,2110157.55
ICHR,65.59,7,"[0, 1, 1, 1, 1, 1, 1, 0, 1, 0]",84.5,49.7,112.28,14.25,1055426.6
RARE,24.93,4,"[0, 1, 0, 1, 0, 0, 1, 0, 1, 0]",27.51,26.9,36.54,18.5,1789070.7
KOD,43.61,10,"[1, 1, 1, 1, 1, 1, 1, 1, 1, 1]",37.85,30.78,46.44,7.9,592349.75
SAH,86.81,8,"[0, 1, 1, 1, 1, 1, 1, 1, 1, 0]",88.84,70.9,112.66,57.63,309441.35
DRD,22.87,5,"[1, 0, 0, 0, 1, 0, 1, 0, 1, 1]",22.43,28.38,38.8,14.42,307311.9
HE,12.59,3,"[0, 0, 0, 0, 1, 1, 0, 0, 1, 0]",13.34,13.74,17.08,10.79,1529507.4
IMNM,25.52,9,"[1, 1, 1, 0, 1, 1, 1, 1, 1, 1]",21.39,21.09,26.97,8.99,1067624.15
FRSH,11.52,8,"[1, 1, 1, 1, 0, 0, 1, 1, 1, 1]",10.12,10.03,13.97,6.88,14105054.5
NSIT,140.28,10,"[1, 1, 1, 1, 1, 1, 1, 1, 1, 1]",116.08,91.75,140.28,64.43,413825.15
HTFL,27.17,4,"[0, 0, 0, 1, 0, 0, 1, 0, 1, 1]",28.82,29.07,39.91,20.49,1060575.25
OSW,26.61,10,"[1, 1, 1, 1, 1, 1, 1, 1, 1, 1]",26.12,22.87,28.68,19.28,901939.95
SEDG,33.9,5,"[0, 0, 0, 1, 1, 1, 1, 0, 1, 0]",55.54,42.7,78.51,24.42,2898883.5
ROG,132.18,8,"[0, 1, 1, 1, 1, 1, 1, 1, 1, 0]",142.81,113.12,167.09,69.85,262009.0
ATKR,93.68,10,"[1, 1, 1, 1, 1, 1, 1, 1, 1, 1]",77.71,69.21,93.68,52.77,1066357.05
TALO,14.18,8,"[0, 1, 1, 1, 1, 1, 1, 1, 1, 0]",14.3,13.09,16.59,7.79,2064658.05
IDYA,36.04,8,"[1, 1, 1, 1, 0, 1, 1, 1, 1, 0]",33.88,32.86,40.51,22.41,806331.1
ELVN,59.7,10,"[1, 1, 1, 1, 1, 1, 1, 1, 1, 1]",47.59,33.38,61.11,15.14,948806.95
DGII,72.75,10,"[1, 1, 1, 1, 1, 1, 1, 1, 1, 1]",68.48,52.66,74.95,31.85,353456.9
LWLG,7.27,7,"[0, 0, 1, 1, 1, 1, 1, 0, 1, 1]",8.42,7.03,18.22,2.04,3146766.6
TMC,4.02,1,"[0, 0, 0, 0, 0, 0, 0, 0, 1, 0]",4.59,5.79,10.69,3.45,3803543.45
LMAT,79.0,3,"[0, 0, 0, 0, 1, 1, 0, 0, 1, 0]",97.04,95.44,117.1,79.0,369638.15
MTX,77.09,10,"[1, 1, 1, 1, 1, 1, 1, 1, 1, 1]",75.57,68.83,82.71,54.79,257770.6
BRZE,26.22,7,"[1, 1, 1, 1, 0, 0, 1, 0, 1, 1]",23.55,24.45,36.19,15.79,2276812.15
AAMI,91.41,10,"[1, 1, 1, 1, 1, 1, 1, 1, 1, 1]",78.4,59.8,91.92,41.78,426493.25
RLAY,19.69,10,"[1, 1, 1, 1, 1, 1, 1, 1, 1, 1]",17.36,11.55,20.75,3.22,2321234.5
MLYS,26.85,3,"[1, 0, 0, 0, 0, 0, 1, 0, 1, 0]",26.81,31.28,47.33,12.87,679387.95
FBNC,64.87,10,"[1, 1, 1, 1, 1, 1, 1, 1, 1, 1]",62.09,56.54,66.23,45.74,255089.95
ANDE,69.75,8,"[0, 1, 1, 1, 1, 1, 1, 1, 1, 0]",72.18,64.09,80.87,35.67,314693.25
VNET,7.23,2,"[0, 0, 0, 0, 1, 0, 0, 0, 1, 0]",8.37,9.37,14.03,6.29,3695790.0
HTO,61.81,10,"[1, 1, 1, 1, 1, 1, 1, 1, 1, 1]",60.25,54.41,65.43,43.73,513140.3
DXPE,168.37,10,"[1, 1, 1, 1, 1, 1, 1, 1, 1, 1]",162.38,137.82,181.51,85.53,119105.05
PTON,6.52,7,"[1, 1, 1, 1, 0, 0, 1, 0, 1, 1]",6.01,5.72,9.0,3.71,7381445.95
SGML,10.55,4,"[0, 0, 0, 0, 1, 1, 1, 0, 1, 0]",12.53,12.81,23.65,4.68,1579548.6
TENB,36.0,8,"[1, 1, 1, 1, 0, 1, 1, 1, 1, 0]",32.42,25.26,42.65,16.04,3650944.25
DFTX,44.39,9,"[1, 1, 1, 1, 1, 1, 1, 1, 1, 0]",36.56,21.57,48.45,8.88,1770031.9
VERX,11.8,1,"[0, 0, 0, 0, 0, 0, 0, 0, 1, 0]",12.43,15.62,27.49,10.58,2486809.25
PLUS,94.56,9,"[1, 1, 1, 1, 0, 1, 1, 1, 1, 1]",85.61,83.59,97.05,62.5,279230.0
AERO,16.15,3,"[0, 0, 0, 0, 1, 0, 1, 0, 1, 0]",16.53,16.15,22.91,12.36,208086.1
AMPX,11.72,4,"[0, 0, 0, 0, 1, 0, 1, 0, 1, 1]",13.97,13.76,22.91,6.74,5983829.5
AMR,146.12,2,"[0, 0, 0, 0, 1, 0, 0, 0, 1, 0]",168.96,184.66,249.65,123.27,284068.3
COHU,51.73,7,"[0, 1, 1, 1, 1, 1, 1, 0, 1, 0]",56.27,37.11,73.91,18.74,1089213.2
AESI,10.67,5,"[0, 0, 0, 1, 1, 1, 1, 0, 1, 0]",15.01,12.83,19.75,8.1,3661756.75
NESR,28.15,10,"[1, 1, 1, 1, 1, 1, 1, 1, 1, 1]",26.58,21.07,29.93,6.57,1733285.45
WTTR,22.26,8,"[1, 1, 1, 1, 1, 1, 0, 0, 1, 1]",19.03,14.59,,,1842921.5
CDNL,63.25,4,"[0, 1, 0, 1, 0, 0, 1, 0, 1, 0]",68.86,63.25,94.31,22.03,599801.45
ACHC,32.24,10,"[1, 1, 1, 1, 1, 1, 1, 1, 1, 1]",28.52,22.01,35.61,11.68,3171641.85
MNR,13.22,10,"[1, 1, 1, 1, 1, 1, 1, 1, 1, 1]",13.1,12.06,14.26,9.93,233511.5
GRDN,40.5,9,"[0, 1, 1, 1, 1, 1, 1, 1, 1, 1]",40.68,34.66,43.4,19.88,277286.85
CEPU,14.29,5,"[0, 0, 0, 0, 1, 1, 1, 1, 1, 0]",15.0,15.28,17.95,7.68,197063.3
PRDO,33.03,4,"[0, 0, 1, 0, 1, 0, 0, 1, 1, 0]",33.14,32.63,37.77,27.01,802870.75
HLIO,82.39,9,"[0, 1, 1, 1, 1, 1, 1, 1, 1, 1]",82.95,68.28,92.74,46.89,276901.6
WOLF,25.19,4,"[0, 0, 0, 1, 1, 0, 1, 0, 1, 0]",41.82,28.38,73.5,14.8,4033003.15
NTB,61.86,10,"[1, 1, 1, 1, 1, 1, 1, 1, 1, 1]",59.49,52.52,62.44,40.26,156786.2
FUN,18.75,7,"[0, 1, 1, 1, 1, 0, 1, 0, 1, 1]",20.31,18.27,26.74,12.83,1883067.55
BLBD,76.93,9,"[1, 1, 1, 1, 1, 1, 1, 1, 1, 0]",74.99,60.57,81.5,44.14,413677.1
KEEL,3.93,7,"[0, 1, 1, 1, 1, 1, 1, 0, 1, 0]",5.08,3.43,6.66,1.23,30643644.15
PENG,55.72,7,"[0, 1, 1, 1, 1, 1, 1, 0, 1, 0]",62.79,33.04,81.39,16.24,4052499.8
AXGN,45.22,10,"[1, 1, 1, 1, 1, 1, 1, 1, 1, 1]",42.24,34.51,46.19,13.75,1286433.25
PENN,19.62,8,"[0, 1, 1, 1, 1, 1, 1, 1, 1, 0]",20.6,16.32,22.06,11.76,2575967.9
CMPR,100.71,10,"[1, 1, 1, 1, 1, 1, 1, 1, 1, 1]",96.35,80.41,105.31,54.44,160660.0
FLOC,20.72,5,"[0, 0, 0, 0, 1, 1, 1, 0, 1, 1]",21.66,20.88,28.09,14.08,467256.6
DRH,13.26,10,"[1, 1, 1, 1, 1, 1, 1, 1, 1, 1]",12.11,9.97,13.38,7.28,2654556.95
XIFR,11.55,8,"[0, 1, 1, 1, 1, 1, 1, 1, 1, 0]",12.01,10.58,12.88,8.83,1116709.9
ADPT,24.6,10,"[1, 1, 1, 1, 1, 1, 1, 1, 1, 1]",19.82,16.7,24.6,11.69,2786768.75
HTH,39.78,10,"[1, 1, 1, 1, 1, 1, 1, 1, 1, 1]",38.4,36.24,40.0,29.72,255646.3
CTOS,11.03,10,"[1, 1, 1, 1, 1, 1, 1, 1, 1, 1]",10.49,7.79,11.97,5.34,1141415.5
DRVN,14.61,7,"[1, 1, 1, 1, 0, 0, 1, 1, 1, 0]",14.06,14.05,19.21,10.3,657099.05
RDW,10.72,6,"[0, 0, 1, 1, 1, 0, 1, 0, 1, 1]",13.14,10.04,25.9,5.06,15868958.85
VVX,77.94,9,"[0, 1, 1, 1, 1, 1, 1, 1, 1, 1]",80.82,68.13,90.81,50.78,832850.7
BCRX,9.07,8,"[0, 1, 1, 1, 1, 1, 1, 1, 1, 0]",9.29,8.27,11.11,6.24,3280525.1
TIC,8.18,3,"[1, 0, 0, 0, 0, 0, 0, 0, 1, 1]",7.86,9.17,14.49,6.54,2108202.55
WERN,37.82,8,"[0, 1, 1, 1, 1, 1, 1, 1, 1, 0]",42.28,33.8,47.29,22.87,1458352.5
CENTA,38.55,10,"[1, 1, 1, 1, 1, 1, 1, 1, 1, 1]",37.34,32.9,39.54,26.27,253169.0
QUBT,8.88,4,"[0, 0, 0, 1, 0, 0, 1, 0, 1, 1]",9.44,10.14,24.62,6.31,8915179.9
ECO,60.62,10,"[1, 1, 1, 1, 1, 1, 1, 1, 1, 1]",53.44,44.04,61.38,22.63,467888.2
BHC,6.29,7,"[1, 1, 1, 0, 0, 0, 1, 1, 1, 1]",5.08,5.85,8.34,4.43,4970330.3
NMM,78.34,10,"[1, 1, 1, 1, 1, 1, 1, 1, 1, 1]",73.79,63.83,81.11,42.97,116370.9
MBIN,55.55,10,"[1, 1, 1, 1, 1, 1, 1, 1, 1, 1]",49.3,41.87,55.72,29.75,169786.3
FLYW,18.65,10,"[1, 1, 1, 1, 1, 1, 1, 1, 1, 1]",16.54,14.2,18.78,10.64,2153326.75
PBI,18.3,10,"[1, 1, 1, 1, 1, 1, 1, 1, 1, 1]",17.43,12.73,18.51,8.89,1823787.8
WLY,54.46,10,"[1, 1, 1, 1, 1, 1, 1, 1, 1, 1]",47.78,37.85,55.72,28.33,449175.2
CMRE,14.69,5,"[0, 0, 0, 0, 1, 1, 1, 1, 1, 0]",15.21,15.58,17.64,10.48,381670.35
SLDE,20.74,10,"[1, 1, 1, 1, 1, 1, 1, 1, 1, 1]",19.09,17.94,22.14,12.74,1115504.5
OCUL,8.5,1,"[0, 0, 0, 0, 0, 0, 0, 0, 1, 0]",9.11,10.05,16.11,6.88,1983309.95
ESTA,91.25,10,"[1, 1, 1, 1, 1, 1, 1, 1, 1, 1]",85.57,71.33,95.65,33.62,454834.35
SRPT,15.93,1,"[0, 0, 0, 0, 0, 0, 0, 0, 1, 0]",16.89,19.32,24.45,14.86,3145853.95
IMOS,51.02,7,"[0, 1, 1, 1, 1, 1, 1, 0, 1, 0]",61.17,41.9,75.79,14.89,139692.05
NVCR,16.05,8,"[0, 1, 1, 1, 1, 1, 1, 1, 1, 0]",16.41,13.82,19.99,10.03,1796102.0
DEI,11.8,6,"[0, 1, 1, 1, 0, 0, 1, 0, 1, 1]",11.94,10.95,15.83,8.85,2015159.35
EZPW,29.78,8,"[0, 1, 1, 1, 1, 1, 1, 1, 1, 0]",31.99,26.01,35.59,15.28,821895.2
PDFS,49.46,7,"[0, 1, 1, 1, 1, 1, 1, 0, 1, 0]",55.43,39.09,70.79,18.97,478684.85
TRVI,18.65,10,"[1, 1, 1, 1, 1, 1, 1, 1, 1, 1]",16.68,13.28,19.5,7.01,2301479.65
DCO,191.72,10,"[1, 1, 1, 1, 1, 1, 1, 1, 1, 1]",168.68,128.75,191.86,86.41,300565.3
WS,38.09,10,"[1, 1, 1, 1, 1, 1, 1, 1, 1, 1]",37.75,36.51,48.27,28.0,227125.25
STOK,31.93,7,"[1, 0, 1, 0, 1, 1, 1, 1, 1, 0]",30.38,31.6,38.35,13.1,743711.75
DHC,9.16,10,"[1, 1, 1, 1, 1, 1, 1, 1, 1, 1]",8.96,6.79,9.64,3.34,1567645.15
TYRA,25.71,4,"[0, 0, 0, 0, 1, 1, 1, 0, 1, 0]",30.45,29.1,39.61,10.1,658421.6
CLBK,10.77,10,"[1, 1, 1, 1, 1, 1, 1, 1, 1, 1]",9.81,8.28,11.14,6.24,9691450.8
MGNI,20.67,8,"[1, 1, 1, 1, 0, 0, 1, 1, 1, 1]",18.05,15.18,26.52,11.2,2171646.15
NGL,17.0,10,"[1, 1, 1, 1, 1, 1, 1, 1, 1, 1]",15.89,12.55,18.11,4.0,195627.5
NTST,21.15,8,"[1, 1, 1, 1, 1, 1, 0, 1, 1, 0]",20.89,19.29,22.26,16.77,1284498.6
ANAB,54.99,8,"[0, 1, 1, 1, 1, 1, 1, 1, 1, 0]",57.39,42.73,69.81,12.93,703902.75
PSNY,14.73,1,"[0, 0, 0, 0, 0, 0, 0, 0, 1, 0]",18.04,18.75,41.1,12.01,163030.6
NEXT,6.42,5,"[0, 0, 0, 1, 1, 1, 1, 0, 1, 0]",7.64,6.61,10.99,4.8,2817246.2
BBAI,3.03,1,"[0, 0, 0, 0, 0, 0, 0, 0, 1, 0]",3.61,4.67,8.91,2.59,26017113.2
ATEN,30.84,8,"[0, 1, 1, 1, 1, 1, 1, 1, 1, 0]",33.49,23.81,38.11,16.47,1336827.1
GTY,33.52,8,"[0, 1, 1, 1, 1, 1, 1, 1, 1, 0]",33.69,30.69,36.61,24.43,469161.55
OMCL,37.17,4,"[0, 0, 0, 1, 1, 1, 0, 0, 1, 0]",41.68,40.46,51.39,29.46,849237.5
SION,47.34,10,"[1, 1, 1, 1, 1, 1, 1, 1, 1, 1]",42.14,40.09,49.94,16.98,601800.35
SOC,4.63,4,"[0, 0, 0, 0, 1, 0, 1, 0, 1, 1]",7.65,9.99,30.12,3.08,8518863.65
BW,9.52,5,"[0, 0, 0, 1, 1, 1, 1, 0, 1, 0]",13.51,11.14,21.85,1.21,3301839.6
BSTZ,29.93,10,"[1, 1, 1, 1, 1, 1, 1, 1, 1, 1]",29.27,24.05,31.5,18.71,203061.45
NEOG,11.4,10,"[1, 1, 1, 1, 1, 1, 1, 1, 1, 1]",9.59,8.76,12.04,4.77,2276109.35
UTI,42.37,9,"[1, 1, 1, 1, 1, 1, 1, 1, 1, 0]",41.67,34.1,51.2,21.77,896939.6
INBX,83.89,5,"[0, 0, 0, 1, 1, 1, 1, 0, 1, 0]",91.86,84.51,141.84,20.98,245939.25
AUPH,15.19,6,"[0, 0, 0, 1, 1, 1, 1, 1, 1, 0]",15.89,15.2,18.62,11.05,1080143.55
TSHA,6.46,9,"[1, 1, 1, 1, 1, 1, 1, 1, 1, 0]",6.0,5.27,6.98,2.72,2931643.9
GNL,8.62,5,"[0, 0, 0, 0, 1, 1, 1, 1, 1, 0]",8.99,8.66,9.56,6.28,2227354.45
MBX,67.48,10,"[1, 1, 1, 1, 1, 1, 1, 1, 1, 1]",50.03,35.76,70.7,9.74,684872.0
ASTH,35.83,7,"[0, 1, 1, 1, 1, 1, 1, 0, 1, 0]",41.26,30.46,49.81,18.16,546601.75
LAC,3.09,1,"[0, 0, 0, 0, 0, 0, 0, 0, 1, 0]",3.85,4.72,10.05,2.56,9961186.4
IMAX,50.63,10,"[1, 1, 1, 1, 1, 1, 1, 1, 1, 1]",41.82,37.72,51.26,24.51,1664934.3
FIGS,10.92,5,"[0, 0, 0, 0, 1, 1, 1, 0, 1, 1]",10.96,11.83,17.12,6.22,2881949.95
MD,25.99,9,"[1, 1, 1, 1, 1, 1, 1, 1, 1, 0]",24.71,22.23,27.39,14.12,800571.35
NWL,6.17,10,"[1, 1, 1, 1, 1, 1, 1, 1, 1, 1]",4.97,4.16,6.36,2.94,10440077.35
PHVS,33.42,9,"[1, 1, 1, 1, 1, 1, 1, 1, 1, 0]",32.9,28.14,35.96,20.12,399934.2
PUMP,11.0,5,"[0, 0, 0, 1, 1, 1, 1, 0, 1, 0]",13.7,12.45,18.2,4.52,4367370.9
AGM,237.32,10,"[1, 1, 1, 1, 1, 1, 1, 1, 1, 1]",196.42,172.21,241.74,137.78,132050.0
RAMP,37.8,10,"[1, 1, 1, 1, 1, 1, 1, 1, 1, 1]",37.67,30.47,38.01,22.42,886345.65
LAR,6.35,5,"[0, 0, 0, 1, 1, 1, 1, 0, 1, 0]",7.93,7.13,11.79,2.64,1722151.5
PRKS,46.06,8,"[1, 1, 1, 1, 0, 0, 1, 1, 1, 1]",44.9,38.57,55.21,29.73,714101.45
SNDX,19.92,5,"[0, 0, 0, 0, 1, 1, 1, 1, 1, 0]",20.38,20.42,25.15,12.48,1580054.75
JBLU,6.36,10,"[1, 1, 1, 1, 1, 1, 1, 1, 1, 1]",5.5,5.02,6.46,4.03,39261659.4
ARCO,8.47,10,"[1, 1, 1, 1, 1, 1, 1, 1, 1, 1]",8.35,7.97,9.42,6.47,1206467.35
NEXA,14.05,10,"[1, 1, 1, 1, 1, 1, 1, 1, 1, 1]",13.36,11.13,16.55,4.71,605139.9
AGRO,9.29,4,"[0, 0, 0, 0, 1, 1, 1, 0, 1, 0]",10.5,10.17,15.18,7.07,690684.75
HTZ,1.56,1,"[0, 0, 0, 0, 0, 0, 0, 0, 1, 0]",3.24,4.8,7.81,1.51,20283145.45
SPB,90.47,10,"[1, 1, 1, 1, 1, 1, 1, 1, 1, 1]",84.74,72.05,90.97,49.33,296141.75
BLX,59.06,10,"[1, 1, 1, 1, 1, 1, 1, 1, 1, 1]",58.7,50.27,62.78,40.21,149359.3
MESO,14.96,3,"[1, 0, 0, 0, 0, 0, 0, 0, 1, 1]",14.9,16.04,20.96,12.88,276415.45
OCS,12.07,2,"[0, 0, 0, 0, 1, 0, 0, 0, 1, 0]",13.4,21.87,32.65,10.71,306849.65
ANIP,79.88,4,"[0, 1, 0, 1, 0, 0, 0, 1, 1, 0]",80.95,81.09,98.81,69.01,271730.4
PGNY,31.37,10,"[1, 1, 1, 1, 1, 1, 1, 1, 1, 1]",28.82,23.51,32.36,16.3,995980.7
INVX,30.44,10,"[1, 1, 1, 1, 1, 1, 1, 1, 1, 1]",26.65,24.94,31.63,15.79,394810.5
CASH,89.49,9,"[1, 1, 1, 0, 1, 1, 1, 1, 1, 1]",85.95,82.94,99.87,66.35,215973.1
RAPP,42.44,10,"[1, 1, 1, 1, 1, 1, 1, 1, 1, 1]",39.58,32.36,42.78,14.24,316379.25
SNDA,39.83,9,"[1, 1, 1, 1, 1, 1, 1, 1, 1, 0]",38.34,34.29,43.07,24.27,440274.3
TPB,83.71,2,"[1, 0, 0, 0, 0, 0, 0, 0, 1, 0]",82.62,95.63,142.7,70.52,370093.25
VET,10.56,7,"[1, 0, 1, 0, 1, 1, 1, 0, 1, 1]",10.43,10.25,14.29,6.95,1632306.35
BORR,3.89,4,"[0, 0, 0, 0, 1, 1, 1, 0, 1, 0]",4.43,4.66,6.61,2.17,3796776.75
ECPG,92.69,10,"[1, 1, 1, 1, 1, 1, 1, 1, 1, 1]",87.33,68.32,96.28,37.43,333434.95
SONO,15.92,8,"[1, 1, 1, 1, 0, 0, 1, 1, 1, 1]",14.93,15.57,19.16,10.97,2241978.0
WBTN,9.29,1,"[0, 0, 0, 0, 0, 0, 0, 0, 1, 0]",10.99,12.22,21.31,8.58,346191.6
ADNT,20.52,4,"[0, 0, 0, 0, 1, 0, 0, 1, 1, 1]",20.87,21.22,27.09,17.8,924253.85
UFPT,322.06,10,"[1, 1, 1, 1, 1, 1, 1, 1, 1, 1]",245.56,226.88,334.84,185.28,232660.4
CLVT,1.94,1,"[0, 0, 0, 0, 0, 0, 0, 0, 1, 0]",2.25,2.73,4.5,1.68,5835334.9
AIN,61.81,8,"[0, 1, 1, 1, 1, 1, 1, 1, 1, 0]",71.22,58.54,76.29,40.8,240427.0
CTS,66.78,10,"[1, 1, 1, 1, 1, 1, 1, 1, 1, 1]",63.55,52.6,68.27,36.39,238259.85
VOYG,34.73,8,"[1, 1, 1, 1, 1, 0, 1, 0, 1, 1]",34.64,29.74,51.77,17.99,1623911.45
ZYME,23.5,5,"[0, 0, 0, 0, 1, 1, 1, 1, 1, 0]",24.09,24.05,28.56,12.02,400243.25
CAPR,3.93,3,"[0, 0, 0, 0, 1, 1, 0, 0, 1, 0]",21.64,23.25,35.34,3.85,5738541.4
PSIX,32.93,1,"[0, 0, 0, 0, 0, 0, 0, 0, 1, 0]",35.87,60.23,115.78,25.44,484233.25
LOB,43.76,10,"[1, 1, 1, 1, 1, 1, 1, 1, 1, 1]",40.39,36.65,43.76,29.34,230489.6
XPRO,16.32,9,"[1, 1, 1, 0, 1, 1, 1, 1, 1, 1]",15.33,15.5,18.39,9.89,1048947.45
PVLA,154.91,10,"[1, 1, 1, 1, 1, 1, 1, 1, 1, 1]",131.67,110.62,157.24,39.05,220766.75
FLNG,30.2,8,"[0, 1, 1, 1, 1, 1, 1, 1, 1, 0]",30.29,27.56,32.46,22.36,288484.25
SFL,11.87,10,"[1, 1, 1, 1, 1, 1, 1, 1, 1, 1]",11.28,9.72,12.57,6.59,1311438.55
CYD,48.92,10,"[1, 1, 1, 1, 1, 1, 1, 1, 1, 1]",48.47,42.71,58.55,23.16,116216.7
TILE,35.19,10,"[1, 1, 1, 1, 1, 1, 1, 1, 1, 1]",32.61,29.44,35.94,24.4,372010.6
PCT,6.87,3,"[0, 0, 0, 1, 0, 0, 1, 0, 1, 0]",8.48,8.71,15.13,5.06,4048672.65
LPG,43.05,10,"[1, 1, 1, 1, 1, 1, 1, 1, 1, 1]",40.8,32.36,47.42,22.34,637489.5
TE,5.47,5,"[0, 0, 0, 1, 1, 1, 1, 0, 1, 0]",7.84,6.41,12.04,1.24,42549015.45
WLTH,9.65,5,"[1, 0, 0, 0, 1, 0, 1, 0, 1, 1]",9.53,9.65,13.95,7.2,930010.95
VRDN,21.07,4,"[1, 0, 0, 0, 0, 0, 1, 0, 1, 1]",18.13,23.97,33.78,13.3,1684350.8
NRIX,25.12,10,"[1, 1, 1, 1, 1, 1, 1, 1, 1, 1]",20.82,17.31,25.12,8.24,1155578.35
QURE,44.24,7,"[1, 1, 1, 1, 0, 0, 1, 0, 1, 1]",37.88,28.29,70.59,9.03,1408048.35
DV,11.99,7,"[1, 1, 1, 1, 0, 0, 1, 0, 1, 1]",10.85,10.59,16.27,8.61,1900550.4
FIVN,29.6,9,"[1, 1, 1, 1, 0, 1, 1, 1, 1, 1]",23.68,20.08,29.79,13.61,3193316.15
INVA,20.51,4,"[0, 0, 0, 0, 1, 1, 0, 1, 1, 0]",22.08,21.58,24.24,16.67,753987.8
OPRA,19.9,10,"[1, 1, 1, 1, 1, 1, 1, 1, 1, 1]",18.77,15.44,20.51,11.56,340380.05
ARDX,4.91,2,"[0, 0, 0, 0, 1, 0, 0, 0, 1, 0]",5.46,6.03,7.99,4.91,2538757.1
POET,8.09,6,"[0, 0, 1, 1, 1, 1, 1, 0, 1, 0]",10.04,7.91,20.57,4.17,12386108.1
NUVB,6.37,8,"[1, 1, 1, 1, 0, 1, 1, 0, 1, 1]",5.66,5.74,9.54,2.24,6009033.9
PEB,19.09,10,"[1, 1, 1, 1, 1, 1, 1, 1, 1, 1]",18.19,13.74,19.75,9.36,2195469.15
NTLA,10.97,4,"[0, 0, 0, 1, 1, 0, 1, 0, 1, 0]",13.6,12.87,27.98,8.04,4312755.1
NVAX,7.7,3,"[0, 0, 0, 1, 1, 0, 0, 0, 1, 0]",8.89,8.45,11.19,6.22,3023074.55
SKYT,32.46,8,"[0, 1, 1, 1, 1, 1, 1, 1, 1, 0]",35.3,27.33,39.91,8.87,665306.05
ARLO,15.93,7,"[1, 1, 1, 0, 0, 0, 1, 1, 1, 1]",13.31,13.98,19.44,11.23,1035162.05
PRLB,90.31,10,"[1, 1, 1, 1, 1, 1, 1, 1, 1, 1]",77.61,62.53,90.31,44.96,204257.8
DCOM,41.53,10,"[1, 1, 1, 1, 1, 1, 1, 1, 1, 1]",39.35,33.64,41.74,25.24,315805.7
GLUE,15.61,5,"[0, 0, 0, 1, 1, 1, 1, 0, 1, 0]",20.6,18.24,25.31,4.19,1637600.9
AMLX,21.85,10,"[1, 1, 1, 1, 1, 1, 1, 1, 1, 1]",16.87,14.93,21.87,7.64,1857983.25
CLOV,4.14,8,"[0, 1, 1, 1, 1, 1, 1, 1, 1, 0]",4.56,3.0,5.41,1.7,4202810.35
REX,44.11,8,"[0, 1, 1, 1, 1, 1, 1, 1, 1, 0]",45.26,39.59,51.16,25.74,160750.4
STBA,52.6,10,"[1, 1, 1, 1, 1, 1, 1, 1, 1, 1]",48.63,42.76,53.36,33.76,282775.65
KOS,2.35,8,"[0, 1, 1, 1, 1, 1, 1, 0, 1, 1]",2.5,2.05,3.27,0.87,17016227.9
KSS,19.66,9,"[1, 1, 1, 1, 0, 1, 1, 1, 1, 1]",17.26,16.83,24.15,10.78,3112044.25
IOVA,4.34,10,"[1, 1, 1, 1, 1, 1, 1, 1, 1, 1]",4.32,3.33,5.48,1.81,16326968.9
PAHC,36.01,5,"[1, 0, 0, 0, 1, 0, 1, 0, 1, 1]",32.92,42.39,59.33,26.16,246920.8
OUST,45.12,9,"[1, 1, 1, 1, 1, 1, 1, 0, 1, 1]",42.6,28.78,62.52,16.63,3456582.65
STGW,8.85,10,"[1, 1, 1, 1, 1, 1, 1, 1, 1, 1]",7.31,6.08,9.01,4.4,1396435.75
BAND,45.67,7,"[0, 1, 1, 1, 1, 1, 1, 0, 1, 0]",60.56,29.9,78.44,12.82,1290640.15
NVRI,23.01,10,"[1, 1, 1, 1, 1, 1, 1, 1, 1, 1]",21.56,18.7,23.86,8.27,358798.4
ABCL,5.92,7,"[0, 1, 1, 1, 1, 1, 1, 0, 1, 0]",6.13,4.48,8.12,2.78,4891233.2
HOPE,14.27,10,"[1, 1, 1, 1, 1, 1, 1, 1, 1, 1]",13.31,11.78,14.36,9.54,1073839.7
AMRC,25.66,3,"[0, 0, 0, 0, 0, 0, 1, 0, 1, 1]",26.84,29.93,43.23,18.51,667520.55
TFIN,78.11,10,"[1, 1, 1, 1, 1, 1, 1, 1, 1, 1]",75.38,64.9,81.08,46.95,319839.6
HCSG,22.84,8,"[0, 1, 1, 1, 1, 1, 1, 1, 1, 0]",22.89,20.35,25.31,13.73,771546.3
DCH,6.0,5,"[1, 0, 0, 0, 1, 0, 1, 0, 1, 1]",5.83,6.33,9.0,4.5,2850839.45
XHR,20.46,10,"[1, 1, 1, 1, 1, 1, 1, 1, 1, 1]",19.76,15.92,21.82,11.98,666495.15
WLFC,65.21,1,"[0, 0, 0, 0, 0, 0, 0, 0, 1, 0]",,,239.91,63.12,177150.55
GBX,49.71,7,"[1, 0, 1, 0, 1, 1, 0, 1, 1, 1]",48.53,48.47,58.06,40.16,426075.6
LILAK,8.26,10,"[1, 1, 1, 1, 1, 1, 1, 1, 1, 1]",6.68,5.79,8.38,4.7,1300971.35
LILA,8.38,10,"[1, 1, 1, 1, 1, 1, 1, 1, 1, 1]",6.71,5.74,8.52,4.65,589831.35
ZD,52.72,10,"[1, 1, 1, 1, 1, 1, 1, 1, 1, 1]",49.77,40.74,55.38,26.51,524442.6
ECVT,11.45,6,"[0, 0, 0, 1, 1, 1, 1, 1, 1, 0]",12.56,11.46,14.97,7.84,1305541.35
VIR,9.11,8,"[0, 1, 1, 1, 1, 1, 1, 1, 1, 0]",9.31,8.11,11.09,4.28,1548457.25
AHCO,6.49,3,"[0, 0, 0, 0, 1, 1, 0, 0, 1, 0]",10.14,10.39,13.38,6.49,2400929.4
ALGT,103.99,9,"[1, 1, 1, 1, 1, 1, 1, 1, 1, 0]",99.97,87.12,119.16,48.94,452460.8
TRS,40.91,7,"[0, 1, 1, 1, 1, 1, 0, 0, 1, 1]",41.2,37.27,,,421664.8
CRML,6.68,3,"[0, 0, 0, 0, 1, 0, 1, 0, 1, 0]",8.74,10.3,29.97,3.93,6099460.75
TH,15.76,8,"[0, 1, 1, 1, 1, 1, 1, 1, 1, 0]",17.58,11.66,20.52,6.22,905859.05
UAMY,6.38,3,"[0, 0, 0, 0, 1, 0, 1, 0, 1, 0]",6.94,8.06,17.47,3.4,5374874.0
IMTX,9.77,5,"[1, 0, 0, 0, 0, 1, 1, 1, 1, 0]",9.68,10.08,11.87,5.09,399138.9
GSL,42.69,10,"[1, 1, 1, 1, 1, 1, 1, 1, 1, 1]",39.8,36.71,44.47,26.07,295688.35
YELP,25.69,5,"[1, 1, 0, 0, 0, 0, 0, 1, 1, 1]",24.72,26.66,34.18,19.78,942728.9
CNOB,33.42,10,"[1, 1, 1, 1, 1, 1, 1, 1, 1, 1]",32.26,28.0,34.11,22.06,478886.95
RES,5.79,5,"[0, 0, 0, 0, 1, 1, 1, 0, 1, 1]",6.17,6.12,7.95,4.15,1393338.3
BY,39.52,8,"[1, 1, 1, 1, 1, 1, 0, 0, 1, 1]",36.38,31.89,,,278613.65
NVGS,20.57,8,"[0, 1, 1, 1, 1, 1, 1, 1, 1, 0]",21.39,19.51,24.22,14.25,425671.45
PGEN,6.89,10,"[1, 1, 1, 1, 1, 1, 1, 1, 1, 1]",5.09,4.33,6.89,1.74,4623358.7
BHVN,13.63,6,"[0, 1, 1, 1, 0, 0, 1, 1, 1, 0]",13.63,11.54,18.11,7.79,1861584.65
TNC,87.25,10,"[1, 1, 1, 1, 1, 1, 1, 1, 1, 1]",86.68,77.86,91.15,60.69,146182.45
HLF,12.6,6,"[1, 0, 0, 0, 1, 1, 1, 0, 1, 1]",12.26,13.69,19.96,7.75,1350923.5
SHLS,8.68,4,"[0, 0, 0, 1, 0, 1, 1, 0, 1, 0]",10.23,8.86,12.77,4.46,6056401.35
ATAI,7.22,9,"[1, 1, 1, 1, 0, 1, 1, 1, 1, 1]",5.36,4.43,7.22,3.35,20854896.85
BCAX,25.89,9,"[1, 1, 1, 1, 1, 1, 1, 1, 1, 0]",25.26,20.04,30.4,9.99,506953.45
GCT,46.24,9,"[1, 1, 1, 0, 1, 1, 1, 1, 1, 1]",35.93,38.3,51.8,21.91,618850.1
AIP,30.93,7,"[0, 1, 1, 1, 1, 1, 1, 0, 1, 0]",36.09,22.68,48.59,8.59,602106.3
GHRS,29.13,10,"[1, 1, 1, 1, 1, 1, 1, 1, 1, 1]",25.33,18.16,29.13,11.8,319400.05
SBET,6.36,4,"[1, 0, 0, 0, 0, 0, 1, 0, 1, 1]",5.67,8.09,23.92,4.56,8255516.9
GILT,11.62,3,"[0, 0, 0, 0, 1, 0, 1, 0, 1, 0]",13.07,14.88,20.85,8.58,560529.3
AVAH,9.33,8,"[1, 1, 1, 1, 0, 1, 1, 1, 1, 0]",8.49,8.09,10.27,3.89,1918929.4
CBL,56.67,10,"[1, 1, 1, 1, 1, 1, 1, 1, 1, 1]",52.21,40.52,60.05,26.42,286392.05
BKSY,25.18,4,"[0, 0, 0, 1, 1, 0, 1, 0, 1, 0]",29.42,26.36,51.63,13.14,1153558.55
FTRE,19.05,10,"[1, 1, 1, 1, 1, 1, 1, 1, 1, 1]",17.25,13.78,20.7,6.39,1619669.75
NSSC,40.34,6,"[1, 1, 0, 0, 0, 0, 1, 1, 1, 1]",36.77,40.38,46.87,29.15,299514.45
DMRA,30.83,10,"[1, 1, 1, 1, 1, 1, 1, 1, 1, 1]",26.26,24.04,34.14,2.58,453045.75
PRG,45.85,10,"[1, 1, 1, 1, 1, 1, 1, 1, 1, 1]",41.6,33.73,47.53,25.95,516282.6
OBK,54.84,10,"[1, 1, 1, 1, 1, 1, 1, 1, 1, 1]",50.9,43.07,55.21,31.99,164120.6
MUX,19.71,6,"[1, 0, 0, 0, 1, 1, 1, 0, 1, 1]",18.59,20.97,29.05,9.88,773525.7
PRCT,19.34,1,"[0, 0, 0, 0, 0, 0, 0, 0, 1, 0]",22.07,27.31,45.69,16.69,1854089.15
NBR,78.59,6,"[0, 0, 1, 1, 1, 1, 1, 0, 1, 0]",87.15,74.28,110.63,31.58,265821.9
MAZE,27.81,4,"[1, 0, 0, 0, 0, 1, 1, 0, 1, 0]",27.36,34.55,51.83,13.14,395427.4
ENVX,4.29,1,"[0, 0, 0, 0, 0, 0, 0, 0, 1, 0]",5.87,6.91,13.19,3.68,6121177.7
TBLA,3.84,4,"[0, 0, 0, 1, 1, 1, 0, 0, 1, 0]",4.97,4.1,5.58,2.95,2629808.6
URGN,46.43,10,"[1, 1, 1, 1, 1, 1, 1, 1, 1, 1]",35.47,25.46,46.43,16.42,827401.2
NNE,17.88,1,"[0, 0, 0, 0, 0, 0, 0, 0, 1, 0]",21.36,27.48,56.63,14.88,2071425.2
HROW,39.41,2,"[0, 0, 0, 0, 0, 0, 1, 0, 1, 0]",39.8,41.12,54.8,29.03,505421.35
HLX,9.32,10,"[1, 1, 1, 1, 1, 1, 1, 1, 1, 1]",9.29,8.48,10.55,5.7,1385099.75
LINC,43.02,8,"[0, 1, 1, 1, 1, 1, 1, 1, 1, 0]",47.2,35.08,55.68,17.8,570123.2
RYZ,27.64,9,"[0, 1, 1, 1, 1, 1, 1, 1, 1, 1]",27.88,25.44,31.03,19.57,464874.85
HLIT,11.98,7,"[0, 1, 1, 1, 1, 1, 1, 0, 1, 0]",13.82,11.16,17.11,8.7,1337697.7
TROX,5.85,4,"[0, 0, 0, 0, 1, 1, 1, 0, 1, 0]",6.78,6.45,10.42,2.84,2531288.6
VIA,21.36,5,"[1, 1, 0, 0, 0, 0, 1, 0, 1, 1]",17.22,23.7,53.93,13.31,786104.95
LIND,34.11,10,"[1, 1, 1, 1, 1, 1, 1, 1, 1, 1]",26.13,18.78,34.11,11.45,876815.55
IPX,23.77,1,"[0, 0, 0, 0, 0, 0, 0, 0, 1, 0]",29.28,36.2,60.11,20.25,299774.7
WVE,5.93,1,"[0, 0, 0, 0, 0, 0, 0, 0, 1, 0]",5.95,9.57,21.31,5.51,2265154.35
PLTK,3.89,9,"[1, 1, 1, 1, 0, 1, 1, 1, 1, 1]",3.68,3.57,4.26,2.72,1292850.15
AVBP,30.61,8,"[0, 1, 1, 1, 1, 1, 1, 1, 1, 0]",31.48,25.48,34.74,16.95,500437.25
RLJ,12.32,10,"[1, 1, 1, 1, 1, 1, 1, 1, 1, 1]",11.32,8.47,12.48,6.26,1697505.9
LOMA,11.17,7,"[0, 0, 0, 1, 1, 1, 1, 1, 1, 1]",11.61,11.32,13.12,7.13,325236.6
TV,2.74,5,"[0, 0, 0, 0, 1, 1, 0, 1, 1, 1]",2.76,2.89,3.44,2.3,960839.7
SBH,15.79,7,"[1, 1, 1, 0, 0, 0, 1, 1, 1, 1]",14.1,14.59,17.0,11.68,1456077.15
CSIQ,15.4,4,"[0, 0, 0, 0, 0, 1, 1, 0, 1, 1]",15.98,18.71,33.58,9.51,2103789.85
RXT,4.75,7,"[0, 1, 1, 1, 1, 1, 1, 0, 1, 0]",5.28,2.49,7.53,0.41,13645838.8
GIII,36.47,10,"[1, 1, 1, 1, 1, 1, 1, 1, 1, 1]",34.39,30.5,36.81,24.06,429303.05
TTI,8.45,4,"[0, 0, 0, 0, 1, 1, 1, 0, 1, 0]",9.54,9.29,12.32,3.89,1710834.25
KDK,4.23,1,"[0, 0, 0, 0, 0, 0, 0, 0, 1, 0]",5.39,7.63,10.92,4.02,887761.25
STAA,22.86,3,"[0, 0, 0, 1, 0, 0, 1, 0, 1, 0]",27.58,24.31,33.34,16.1,1020806.4
TWO,12.03,8,"[0, 1, 1, 1, 1, 1, 1, 1, 1, 0]",12.05,10.72,13.3,8.4,2836292.9
ARRY,5.64,1,"[0, 0, 0, 0, 0, 0, 0, 0, 1, 0]",7.04,8.25,11.96,4.81,6827592.05
BAK,2.26,2,"[0, 0, 0, 0, 1, 0, 0, 0, 1, 0]",2.97,3.35,5.02,2.26,1634109.15
TDOC,6.93,6,"[0, 1, 1, 1, 0, 1, 1, 0, 1, 0]",8.14,6.86,9.72,4.47,5883940.65
WLDN,74.13,1,"[0, 0, 0, 0, 0, 0, 0, 0, 1, 0]",82.19,93.73,134.94,66.91,263016.1
CRVS,13.93,6,"[1, 0, 1, 0, 1, 1, 1, 0, 1, 0]",13.33,13.06,25.52,4.13,902795.25
CRI,39.95,10,"[1, 1, 1, 1, 1, 1, 1, 1, 1, 1]",39.81,35.58,43.75,23.27,1063330.8
PLSE,37.9,10,"[1, 1, 1, 1, 1, 1, 1, 1, 1, 1]",28.31,20.67,38.17,12.66,375073.25
OLMA,11.58,4,"[1, 0, 0, 0, 0, 1, 1, 0, 1, 0]",11.39,17.47,35.83,4.57,937491.2
TEN,38.01,9,"[1, 1, 1, 1, 1, 1, 1, 1, 1, 0]",37.67,31.96,43.34,19.27,203539.75
WBI,33.55,9,"[1, 1, 1, 1, 1, 1, 1, 1, 1, 0]",32.25,26.37,36.21,18.69,636452.35
ATLC,111.31,10,"[1, 1, 1, 1, 1, 1, 1, 1, 1, 1]",96.87,70.26,111.31,47.96,166010.3
JBIO,21.7,9,"[1, 1, 1, 1, 1, 1, 1, 1, 1, 0]",19.74,16.68,26.85,6.77,923046.7
GPRE,16.49,9,"[1, 1, 1, 1, 1, 1, 1, 1, 1, 0]",15.99,13.79,19.23,7.31,1390957.45
RCAT,8.66,3,"[0, 0, 0, 0, 1, 0, 1, 0, 1, 0]",10.07,11.03,17.36,6.14,7747888.85
MRTN,14.93,8,"[0, 1, 1, 1, 1, 1, 1, 1, 1, 0]",17.0,13.6,18.22,9.28,709902.95
DSGR,34.8,10,"[1, 1, 1, 1, 1, 1, 1, 1, 1, 1]",29.57,28.22,34.8,19.31,331945.8
EVLV,5.99,2,"[1, 0, 0, 0, 0, 0, 0, 0, 1, 0]",5.89,6.26,8.76,4.9,1706439.15
NPKI,13.58,6,"[0, 0, 0, 1, 1, 1, 1, 1, 1, 0]",14.49,13.88,16.35,8.99,865424.9
ABTC,6.54,2,"[0, 0, 0, 0, 0, 0, 0, 0, 1, 1]",9.67,25.61,139.65,5.19,1492026.45
DQ,13.28,2,"[0, 0, 0, 0, 0, 0, 0, 0, 1, 1]",13.7,22.7,35.69,11.63,823994.4
AMAL,50.31,8,"[1, 1, 1, 1, 1, 1, 0, 0, 1, 1]",45.54,38.02,,,165046.35
VTOL,44.24,8,"[1, 1, 1, 0, 1, 1, 0, 1, 1, 1]",43.27,42.48,49.86,35.49,186586.0
PGY,21.8,7,"[1, 1, 1, 1, 0, 0, 1, 0, 1, 1]",16.63,17.86,43.81,10.64,3139319.9
NAT,6.13,10,"[1, 1, 1, 1, 1, 1, 1, 1, 1, 1]",5.83,4.7,6.66,2.6,3274729.0
PNTG,38.81,9,"[1, 1, 1, 1, 1, 1, 1, 1, 1, 0]",36.85,31.61,42.02,22.26,279851.65
MRVI,6.41,10,"[1, 1, 1, 1, 1, 1, 1, 1, 1, 1]",5.87,4.07,7.24,2.03,2688905.65
NSP,51.12,9,"[1, 1, 1, 1, 0, 1, 1, 1, 1, 1]",42.54,34.94,54.03,19.54,723194.7
MLTX,17.55,5,"[0, 0, 1, 1, 1, 0, 1, 0, 1, 0]",19.06,16.29,61.99,6.24,1004418.0
BLDP,2.64,4,"[0, 0, 0, 1, 1, 0, 1, 0, 1, 0]",3.9,3.14,6.38,1.73,6449633.95
UFCS,54.35,10,"[1, 1, 1, 1, 1, 1, 1, 1, 1, 1]",49.61,40.44,54.35,28.31,165971.85
REAL,12.65,7,"[1, 1, 1, 0, 0, 1, 1, 0, 1, 1]",11.06,12.16,16.9,5.51,2599230.35
JKS,15.78,2,"[0, 0, 0, 0, 0, 0, 0, 0, 1, 1]",17.08,21.9,28.22,14.58,695310.95
AORT,26.17,4,"[1, 0, 0, 0, 0, 0, 1, 0, 1, 1]",23.34,35.66,47.63,20.1,551621.2
KMTS,25.06,7,"[1, 1, 1, 1, 0, 0, 1, 1, 1, 0]",22.7,23.55,28.01,14.46,393400.25
ASTE,45.04,4,"[0, 0, 0, 1, 1, 1, 0, 0, 1, 0]",54.3,51.93,64.85,38.96,238706.55
COLL,35.74,3,"[1, 0, 0, 0, 0, 1, 0, 0, 1, 0]",34.88,39.37,49.84,29.75,351298.9
TK,10.87,7,"[0, 0, 1, 1, 1, 1, 1, 1, 1, 0]",11.32,10.46,13.09,6.85,528403.75
VSTS,13.93,8,"[0, 1, 1, 1, 1, 1, 1, 1, 1, 0]",14.05,9.13,16.5,4.06,1164021.8
DLX,26.62,9,"[1, 1, 1, 0, 1, 1, 1, 1, 1, 1]",24.55,24.22,31.5,15.19,338483.05
CCO,2.42,10,"[1, 1, 1, 1, 1, 1, 1, 1, 1, 1]",2.41,2.24,2.43,1.02,6056276.05
ULCC,7.95,10,"[1, 1, 1, 1, 1, 1, 1, 1, 1, 1]",6.66,5.0,8.06,3.1,4621073.85
ITRN,55.7,9,"[0, 1, 1, 1, 1, 1, 1, 1, 1, 1]",59.81,49.02,65.85,30.77,158336.55
ELE,17.8,6,"[1, 0, 1, 0, 1, 0, 1, 0, 1, 1]",16.1,17.53,24.16,12.54,263939.4
ADTN,7.91,4,"[0, 0, 0, 1, 1, 1, 0, 0, 1, 0]",13.32,11.54,19.4,7.25,2435674.1
ACDC,4.51,4,"[0, 0, 0, 0, 1, 1, 1, 0, 1, 0]",5.61,5.37,8.06,3.19,1610862.45
XPEL,50.29,9,"[1, 1, 1, 0, 1, 1, 1, 1, 1, 1]",45.66,45.67,54.95,32.17,235124.55
PRCH,15.76,8,"[1, 1, 1, 1, 0, 0, 1, 1, 1, 1]",12.64,10.15,19.04,6.4,2018270.4
CMP,30.03,9,"[0, 1, 1, 1, 1, 1, 1, 1, 1, 1]",30.22,24.42,33.51,16.54,335279.95
NEO,15.73,9,"[1, 1, 1, 1, 0, 1, 1, 1, 1, 1]",13.02,10.93,16.29,5.49,3079393.1
MPLT,12.92,4,"[0, 0, 0, 1, 1, 0, 1, 0, 1, 0]",29.54,12.92,39.8,9.9,1562644.4
AVNS,24.99,10,"[1, 1, 1, 1, 1, 1, 1, 1, 1, 1]",24.88,16.72,25.05,10.33,805685.3
GOOS,8.82,1,"[0, 0, 0, 0, 0, 0, 0, 0, 1, 0]",9.59,11.55,15.1,8.76,759460.15
PRSU,50.1,8,"[0, 1, 1, 1, 1, 1, 1, 1, 1, 0]",50.5,40.2,55.97,30.05,221652.6
VYX,9.52,6,"[1, 1, 1, 0, 0, 0, 1, 0, 1, 1]",7.78,8.67,13.72,6.15,1817535.85
GOLD,43.33,7,"[1, 0, 1, 0, 1, 1, 1, 0, 1, 1]",41.3,40.64,63.6,21.56,385042.05
HQH,22.6,10,"[1, 1, 1, 1, 1, 1, 1, 1, 1, 1]",20.75,18.75,22.6,13.76,274906.7
EYPT,12.25,1,"[0, 0, 0, 0, 0, 0, 0, 0, 1, 0]",13.1,14.09,18.85,10.07,1574495.45
AOSL,32.54,7,"[0, 1, 1, 1, 1, 1, 1, 0, 1, 0]",39.91,29.17,53.32,17.47,599327.4
ALNT,93.25,10,"[1, 1, 1, 1, 1, 1, 1, 1, 1, 1]",89.05,68.04,102.93,40.01,254492.6
GNK,25.57,10,"[1, 1, 1, 1, 1, 1, 1, 1, 1, 1]",24.63,21.36,26.77,14.87,289570.2
LQDT,37.54,8,"[0, 1, 1, 1, 1, 1, 1, 1, 1, 0]",38.06,32.39,41.02,22.16,191382.6
XERS,8.11,8,"[1, 1, 1, 1, 0, 1, 1, 1, 1, 0]",7.57,7.07,9.9,5.29,1495610.35
CDNA,45.5,10,"[1, 1, 1, 1, 1, 1, 1, 1, 1, 1]",29.86,21.43,47.85,11.57,1340246.75
ZBIO,31.86,8,"[1, 1, 1, 1, 0, 1, 1, 0, 1, 1]",24.87,25.82,43.17,14.63,752649.75
EVEX,2.66,2,"[0, 0, 0, 0, 0, 0, 0, 0, 1, 1]",2.66,3.37,6.0,2.18,1070377.95
AMN,32.8,10,"[1, 1, 1, 1, 1, 1, 1, 1, 1, 1]",32.09,22.52,35.77,15.1,716008.9
BUR,4.27,1,"[0, 0, 0, 0, 0, 0, 0, 0, 1, 0]",4.27,6.97,13.82,3.92,1809575.1
TDAY,8.66,10,"[1, 1, 1, 1, 1, 1, 1, 1, 1, 1]",8.28,6.56,9.03,3.49,1548560.3
ACVA,7.68,7,"[1, 1, 1, 1, 0, 0, 1, 0, 1, 1]",6.91,6.73,14.33,4.15,2886802.5
KODK,9.86,8,"[1, 1, 1, 0, 1, 1, 1, 0, 1, 1]",8.95,8.76,14.51,5.43,821269.55
DBVT,14.24,4,"[0, 0, 0, 0, 1, 1, 1, 0, 1, 0]",15.9,18.2,24.54,8.7,317544.5
IVA,4.72,5,"[1, 0, 0, 0, 1, 0, 1, 0, 1, 1]",4.21,5.06,7.15,3.41,906964.0
ASST,12.45,4,"[0, 0, 0, 1, 0, 0, 1, 0, 1, 1]",13.53,15.38,178.2,7.16,2623855.5
UVE,44.21,10,"[1, 1, 1, 1, 1, 1, 1, 1, 1, 1]",39.79,34.86,44.86,22.81,233377.05
OSBC,25.89,10,"[1, 1, 1, 1, 1, 1, 1, 1, 1, 1]",22.94,20.56,25.89,16.34,471479.7
MNKD,4.1,4,"[1, 1, 0, 0, 0, 0, 1, 0, 1, 0]",3.9,4.31,6.21,2.28,4663264.9
GHM,104.47,8,"[0, 1, 1, 1, 1, 1, 1, 1, 1, 0]",106.53,83.67,123.79,47.39,241180.55
BFLY,8.42,10,"[1, 1, 1, 1, 1, 1, 1, 1, 1, 1]",6.76,4.45,8.91,1.33,8115987.7
NWPX,124.24,8,"[0, 1, 1, 1, 1, 1, 1, 1, 1, 0]",131.5,87.89,149.94,42.01,219264.15
LGIH,61.48,10,"[1, 1, 1, 1, 1, 1, 1, 1, 1, 1]",56.44,49.17,67.47,34.24,332146.25
SATL,4.82,7,"[0, 0, 1, 1, 1, 1, 1, 0, 1, 1]",5.6,4.39,10.74,1.27,5007879.8
IART,17.68,9,"[0, 1, 1, 1, 1, 1, 1, 1, 1, 1]",17.75,13.38,19.85,8.9,1030105.85
UVSP,44.28,10,"[1, 1, 1, 1, 1, 1, 1, 1, 1, 1]",42.84,36.0,45.21,27.68,266730.8
PBT,34.53,10,"[1, 1, 1, 1, 1, 1, 1, 1, 1, 1]",27.71,21.89,34.53,14.72,131213.95
RJET,21.62,7,"[1, 1, 1, 0, 0, 0, 1, 1, 1, 1]",19.1,19.57,25.35,16.05,108026.9
SEPN,38.76,10,"[1, 1, 1, 1, 1, 1, 1, 1, 1, 1]",33.87,27.47,38.98,10.93,340852.2
SVRA,5.51,7,"[0, 0, 1, 1, 1, 1, 1, 1, 1, 0]",5.57,5.44,6.94,2.58,1728239.75
SVC,7.88,2,"[0, 0, 0, 0, 0, 0, 1, 0, 1, 0]",8.39,9.04,14.24,5.83,1875049.4
TNDM,19.59,8,"[1, 1, 1, 0, 1, 1, 1, 0, 1, 1]",16.8,19.09,28.26,10.11,1908719.7
PDM,9.66,9,"[1, 1, 1, 1, 0, 1, 1, 1, 1, 1]",9.26,8.3,9.96,6.39,698695.85
ATEX,99.41,9,"[1, 1, 1, 1, 1, 1, 1, 1, 1, 0]",87.63,45.73,108.21,17.99,340044.25
PLOW,45.63,9,"[0, 1, 1, 1, 1, 1, 1, 1, 1, 1]",46.25,40.14,54.2,28.96,332662.15
RERE,4.36,5,"[1, 0, 0, 0, 1, 0, 1, 0, 1, 1]",4.09,4.72,6.2,3.33,889357.95
APEI,53.82,9,"[1, 1, 1, 1, 1, 1, 1, 1, 1, 0]",52.68,46.81,60.86,28.03,341996.5
CEVA,34.24,7,"[0, 1, 1, 1, 1, 1, 1, 0, 1, 0]",42.03,28.38,50.06,17.21,702234.4
INNV,11.09,9,"[1, 1, 1, 1, 1, 1, 1, 1, 1, 0]",10.11,7.61,12.11,3.23,269333.05
HTLD,12.55,8,"[0, 1, 1, 1, 1, 1, 1, 1, 1, 0]",14.79,11.34,16.2,7.04,685628.55
CFFN,9.09,10,"[1, 1, 1, 1, 1, 1, 1, 1, 1, 1]",8.36,7.29,9.19,5.51,872199.95
OMER,12.65,8,"[1, 1, 1, 0, 1, 1, 1, 0, 1, 1]",10.38,11.05,17.18,3.78,1441364.5
LMRI,11.3,4,"[1, 0, 0, 0, 1, 0, 1, 0, 1, 0]",10.18,11.3,18.53,6.77,387036.75
LXU,9.69,4,"[0, 0, 0, 0, 1, 1, 1, 0, 1, 0]",11.5,11.31,16.88,7.16,845150.05
GDRX,3.27,7,"[1, 1, 1, 1, 0, 0, 1, 0, 1, 1]",2.91,2.67,5.12,1.87,1129305.05
KOPN,3.95,8,"[0, 1, 1, 1, 1, 1, 1, 0, 1, 1]",4.44,3.29,6.39,1.75,4102248.3
DAKT,21.93,8,"[1, 1, 1, 0, 1, 0, 1, 1, 1, 1]",20.01,20.53,27.73,15.84,464585.1
INR,12.76,2,"[0, 0, 0, 0, 1, 0, 0, 0, 1, 0]",13.02,14.61,19.23,11.2,299539.85
EPC,29.2,10,"[1, 1, 1, 1, 1, 1, 1, 1, 1, 1]",24.71,20.71,29.66,15.68,703397.5
INDI,3.39,3,"[0, 0, 0, 1, 0, 0, 1, 0, 1, 0]",4.08,3.92,6.0,2.44,4830817.05
PHAT,8.23,1,"[0, 0, 0, 0, 0, 0, 0, 0, 1, 0]",10.61,12.59,18.08,8.23,1611882.5
CRON,2.72,7,"[0, 1, 1, 1, 1, 1, 0, 1, 1, 0]",2.77,2.65,3.27,2.1,885961.35
JMIA,5.87,1,"[0, 0, 0, 0, 0, 0, 0, 0, 1, 0]",6.67,9.05,14.6,4.58,1461511.65
XNCR,19.84,9,"[1, 1, 1, 1, 0, 1, 1, 1, 1, 1]",15.27,13.9,21.49,7.0,1082534.2
CMPS,13.58,9,"[1, 1, 1, 1, 1, 1, 1, 1, 1, 0]",12.5,8.32,15.07,4.08,3815016.0
METC,9.24,1,"[0, 0, 0, 0, 0, 0, 0, 0, 1, 0]",13.02,17.12,54.55,8.9,1905794.9
AMBQ,63.01,7,"[0, 1, 1, 1, 1, 1, 1, 0, 1, 0]",78.26,44.07,90.48,22.76,503532.45
NUTX,157.26,8,"[1, 1, 1, 1, 0, 1, 1, 1, 1, 0]",154.06,133.77,196.53,80.92,113689.25
CODI,10.85,10,"[1, 1, 1, 1, 1, 1, 1, 1, 1, 1]",10.42,8.19,12.48,4.65,612342.85
SANA,3.51,3,"[1, 0, 0, 0, 0, 0, 1, 0, 1, 0]",3.27,3.8,5.92,2.68,2510573.4
SCSC,57.37,10,"[1, 1, 1, 1, 1, 1, 1, 1, 1, 1]",51.58,42.75,58.89,34.27,185274.45
NX,20.88,9,"[1, 1, 1, 0, 1, 1, 1, 1, 1, 1]",17.71,17.29,22.34,11.09,326694.65
AVO,12.15,5,"[1, 0, 0, 0, 1, 1, 0, 1, 1, 0]",12.11,12.72,15.34,10.11,915094.6
ANNX,5.37,7,"[1, 0, 1, 0, 1, 1, 1, 1, 1, 0]",5.36,5.16,6.96,2.05,3390382.1
AMTB,29.56,10,"[1, 1, 1, 1, 1, 1, 1, 1, 1, 1]",25.29,21.89,30.58,16.48,447617.7
ABSI,8.4,8,"[1, 1, 1, 1, 1, 1, 1, 0, 1, 0]",8.31,4.7,11.62,2.3,3221605.9
AMC,2.67,8,"[1, 1, 1, 1, 0, 0, 1, 1, 1, 1]",2.16,1.8,3.15,0.95,49716232.45
ORIC,12.93,7,"[1, 1, 1, 0, 0, 0, 1, 1, 1, 1]",9.89,10.56,14.41,7.47,1745619.6
RHLD,136.14,4,"[1, 0, 0, 0, 0, 1, 1, 0, 1, 0]",129.59,155.44,226.37,41.35,141781.5
TBN,32.15,6,"[0, 0, 1, 1, 1, 1, 1, 0, 1, 0]",33.32,30.78,49.99,20.0,129101.7
JBSS,85.18,9,"[1, 1, 1, 1, 1, 1, 1, 1, 1, 0]",81.55,75.5,90.6,57.6,120341.7
MGTX,12.55,9,"[1, 1, 1, 1, 1, 1, 1, 1, 1, 0]",11.51,9.14,14.66,6.99,636282.35
AGL,107.85,9,"[1, 1, 1, 1, 1, 1, 1, 1, 1, 0]",106.05,43.59,129.84,7.91,363417.4
HAFC,32.4,10,"[1, 1, 1, 1, 1, 1, 1, 1, 1, 1]",31.35,28.04,33.02,21.53,293151.25
SLS,11.86,9,"[1, 1, 1, 1, 1, 1, 1, 1, 1, 0]",10.68,5.54,15.45,1.39,6688508.05
BJRI,67.85,10,"[1, 1, 1, 1, 1, 1, 1, 1, 1, 1]",57.65,43.38,74.26,28.69,539326.2
CGEM,17.61,9,"[1, 1, 1, 1, 1, 1, 1, 1, 1, 0]",16.48,13.19,18.48,5.75,546648.9
VPG,73.56,6,"[0, 0, 1, 1, 1, 1, 1, 0, 1, 0]",118.48,65.0,149.91,26.22,552471.4
SHEN,13.0,5,"[0, 0, 0, 0, 1, 0, 1, 1, 1, 1]",13.98,13.39,17.1,9.9,530175.5
ROOT,60.28,5,"[1, 1, 0, 1, 0, 0, 1, 0, 1, 0]",57.08,62.33,122.55,43.21,196874.0
GERN,1.63,9,"[1, 1, 1, 0, 1, 1, 1, 1, 1, 1]",1.33,1.4,1.95,1.07,10500144.95
VLRS,8.37,8,"[1, 1, 1, 0, 1, 1, 1, 1, 1, 0]",8.2,7.99,10.63,5.59,588753.85
LXRX,2.45,10,"[1, 1, 1, 1, 1, 1, 1, 1, 1, 1]",2.19,1.69,2.64,1.04,2663391.1
DSGN,13.57,9,"[1, 1, 1, 1, 1, 1, 1, 1, 1, 0]",12.47,10.72,15.79,3.97,518470.8
HNRG,14.77,1,"[0, 0, 0, 0, 0, 0, 0, 0, 1, 0]",16.79,18.26,23.81,13.7,709984.0
NB,5.02,4,"[1, 0, 0, 0, 0, 0, 1, 0, 1, 1]",4.89,5.66,11.67,3.72,3210263.95
MATW,27.47,9,"[1, 1, 1, 1, 1, 1, 0, 1, 1, 1]",26.8,25.9,28.85,21.44,249001.4
TBPH,16.9,6,"[1, 0, 0, 0, 1, 1, 1, 1, 1, 0]",16.72,17.1,20.74,11.18,560060.2
BVS,15.26,10,"[1, 1, 1, 1, 1, 1, 1, 1, 1, 1]",10.57,8.94,15.26,6.51,771853.8
OMDA,19.11,5,"[0, 1, 1, 1, 0, 0, 1, 0, 1, 0]",20.06,16.98,26.78,10.94,1247934.25
SCHL,42.48,8,"[0, 1, 1, 1, 1, 1, 1, 1, 1, 0]",43.84,36.13,47.34,23.76,367054.25
TALK,5.22,9,"[1, 1, 1, 1, 1, 1, 1, 1, 1, 0]",5.21,4.45,5.24,2.41,1465116.15
ABX,10.56,9,"[1, 1, 1, 1, 1, 1, 1, 1, 1, 0]",10.11,8.56,12.0,4.87,578341.3
SPRY,5.36,1,"[0, 0, 0, 0, 0, 0, 0, 0, 1, 0]",7.98,8.91,17.98,5.13,2406515.7
CTMX,3.35,4,"[0, 0, 0, 0, 1, 1, 1, 0, 1, 0]",3.38,4.18,6.75,1.76,3139209.7
MYE,35.35,10,"[1, 1, 1, 1, 1, 1, 1, 1, 1, 1]",29.21,22.26,36.74,15.31,448897.95
ABUS,4.62,8,"[1, 1, 1, 1, 0, 1, 1, 1, 1, 0]",4.53,4.45,5.22,3.35,1623481.7
AEVA,19.61,7,"[0, 1, 1, 1, 1, 1, 1, 0, 1, 0]",21.8,16.53,29.29,9.19,1374482.55
KOP,51.03,10,"[1, 1, 1, 1, 1, 1, 1, 1, 1, 1]",45.9,36.24,51.99,26.16,147120.05
NBBK,23.08,10,"[1, 1, 1, 1, 1, 1, 1, 1, 1, 1]",21.06,20.48,23.32,16.69,357882.65
IBTA,35.32,10,"[1, 1, 1, 1, 1, 1, 1, 1, 1, 1]",31.48,28.09,37.34,19.25,249644.6
CRSR,11.2,10,"[1, 1, 1, 1, 1, 1, 1, 1, 1, 1]",9.66,7.07,12.14,4.58,1490541.0
KRO,6.21,9,"[0, 1, 1, 1, 1, 1, 1, 1, 1, 1]",6.54,5.81,7.82,4.21,398614.45
ODD,15.22,3,"[1, 0, 0, 0, 0, 0, 1, 0, 1, 0]",14.16,24.98,63.68,9.81,707660.25
DRUG,80.0,9,"[1, 1, 1, 0, 1, 1, 1, 1, 1, 1]",71.56,75.85,95.99,34.8,234903.05
KURA,9.2,5,"[0, 0, 0, 1, 0, 1, 1, 1, 1, 0]",10.11,9.63,12.14,5.54,1203403.15
SCZM,7.96,5,"[1, 0, 0, 0, 1, 0, 1, 0, 1, 1]",6.83,8.43,16.16,3.55,470774.3
CVLG,35.77,7,"[0, 1, 1, 1, 1, 1, 1, 0, 1, 0]",43.53,30.36,49.88,17.94,232297.45
PURR,6.82,4,"[0, 1, 0, 1, 0, 0, 1, 0, 1, 0]",8.02,6.82,10.97,3.1,8649584.1
TSAT,51.28,10,"[1, 1, 1, 1, 1, 1, 1, 1, 1, 1]",44.5,37.3,58.51,19.93,269221.1
SG,6.1,3,"[0, 0, 0, 1, 1, 0, 0, 0, 1, 0]",7.87,6.83,12.66,4.7,6117376.05
VOR,22.27,8,"[1, 1, 1, 1, 1, 0, 1, 0, 1, 1]",17.17,15.4,48.72,6.86,977392.55
EVMN,13.02,2,"[0, 0, 0, 0, 1, 0, 0, 0, 1, 0]",16.64,13.02,31.57,11.05,625252.3
WYFI,26.06,5,"[0, 1, 1, 1, 0, 0, 1, 0, 1, 0]",30.52,22.26,44.77,10.78,2606652.7
SABR,2.12,7,"[1, 1, 1, 1, 0, 0, 1, 0, 1, 1]",1.84,1.62,3.0,0.82,3368649.25
CGNT,9.13,9,"[1, 1, 1, 1, 1, 1, 1, 0, 1, 1]",9.05,8.84,12.24,6.34,478758.05
ETON,45.97,10,"[1, 1, 1, 1, 1, 1, 1, 1, 1, 1]",36.66,24.05,49.03,14.35,541982.1
WEST,8.19,10,"[1, 1, 1, 1, 1, 1, 1, 1, 1, 1]",8.09,5.66,9.73,3.71,407315.95
EGBN,28.25,10,"[1, 1, 1, 1, 1, 1, 1, 1, 1, 1]",27.58,24.27,29.13,15.79,297589.7
GO,9.86,6,"[1, 1, 1, 1, 0, 0, 1, 0, 1, 0]",9.37,9.49,18.66,5.79,2131787.8
BIOA,10.98,5,"[0, 0, 0, 1, 1, 1, 1, 0, 1, 0]",20.02,16.61,25.1,4.32,1331624.35
ASC,16.44,10,"[1, 1, 1, 1, 1, 1, 1, 1, 1, 1]",16.27,14.3,19.22,9.9,581755.5
ADAM,9.44,10,"[1, 1, 1, 1, 1, 1, 1, 1, 1, 1]",8.99,7.7,9.51,5.79,865047.4
DXYZ,23.87,2,"[0, 0, 0, 0, 1, 0, 0, 0, 1, 0]",30.68,30.47,71.24,20.82,1033656.4
SUPV,8.98,4,"[0, 0, 0, 1, 0, 1, 1, 0, 1, 0]",9.79,10.0,12.86,4.69,424917.0
NRGV,3.01,3,"[0, 0, 0, 0, 1, 0, 1, 0, 1, 0]",4.03,4.07,6.49,1.17,4108110.25
IMSR,5.35,1,"[0, 0, 0, 0, 0, 0, 0, 0, 1, 0]",6.62,8.49,27.1,4.62,2189997.7
ANRO,28.03,10,"[1, 1, 1, 1, 1, 1, 1, 1, 1, 1]",24.41,19.88,28.63,3.06,529034.2
KFRC,58.63,10,"[1, 1, 1, 1, 1, 1, 1, 1, 1, 1]",51.42,36.11,59.06,23.68,277914.9
CWH,6.49,2,"[0, 0, 0, 0, 0, 0, 0, 0, 1, 1]",6.9,9.2,17.56,5.63,2643601.85
ARKO,7.36,8,"[0, 1, 1, 1, 1, 1, 1, 1, 1, 0]",7.84,6.02,8.64,3.76,583349.5
IHRT,3.81,4,"[0, 0, 0, 1, 0, 1, 1, 0, 1, 0]",4.0,3.89,6.33,1.6,573206.7
PSTL,23.33,8,"[0, 1, 1, 1, 1, 1, 1, 1, 1, 0]",23.65,19.34,24.98,13.87,236995.4
MTUS,21.62,10,"[1, 1, 1, 1, 1, 1, 1, 1, 1, 1]",19.73,18.37,21.62,14.56,414028.8
RLMD,5.44,6,"[0, 0, 1, 1, 1, 1, 1, 0, 1, 0]",6.16,5.27,7.86,0.56,1564778.75
CRESY,11.06,6,"[0, 0, 0, 0, 1, 1, 1, 1, 1, 1]",11.33,11.51,14.11,7.88,241306.9
CBLL,18.29,5,"[0, 0, 0, 0, 1, 1, 1, 1, 1, 0]",18.52,18.56,23.43,10.92,340920.15
LYTS,25.0,10,"[1, 1, 1, 1, 1, 1, 1, 1, 1, 1]",24.57,21.58,26.8,17.17,234398.6
NXDR,2.45,9,"[1, 1, 1, 1, 0, 1, 1, 1, 1, 1]",2.23,1.9,2.77,1.36,2617838.3
DSP,12.31,9,"[1, 1, 1, 1, 1, 1, 1, 1, 1, 0]",11.98,11.07,14.01,8.14,212506.55
PGC,46.4,10,"[1, 1, 1, 1, 1, 1, 1, 1, 1, 1]",45.71,35.86,48.33,24.65,236278.95
HZO,36.02,10,"[1, 1, 1, 1, 1, 1, 1, 1, 1, 1]",34.81,29.11,37.74,21.43,293176.4
ALLO,1.95,5,"[0, 0, 1, 0, 1, 1, 1, 0, 1, 0]",1.97,1.87,3.06,1.03,6551434.1
HSHP,15.47,10,"[1, 1, 1, 1, 1, 1, 1, 1, 1, 1]",14.5,11.56,16.12,6.69,290684.3
DRTS,13.26,10,"[1, 1, 1, 1, 1, 1, 1, 1, 1, 1]",11.35,7.65,13.57,3.06,594521.8
FOXF,19.66,7,"[1, 1, 1, 1, 0, 0, 1, 0, 1, 1]",18.02,17.85,30.35,13.19,470329.35
WRLD,192.51,9,"[1, 1, 1, 1, 1, 1, 1, 1, 1, 0]",186.77,152.72,223.83,115.57,137450.9
PRAA,17.19,9,"[1, 1, 1, 1, 1, 1, 1, 1, 1, 0]",16.88,16.5,22.23,10.42,318071.75
NTGR,24.38,5,"[1, 1, 0, 1, 0, 0, 0, 0, 1, 1]",23.93,24.4,36.01,19.87,376474.15
HPK,6.72,8,"[0, 1, 1, 1, 1, 1, 1, 1, 1, 0]",7.26,6.12,8.66,3.89,425640.05
KRNT,16.85,10,"[1, 1, 1, 1, 1, 1, 1, 1, 1, 1]",15.79,14.86,17.18,12.31,251844.6
FCEL,21.14,7,"[0, 1, 1, 1, 1, 1, 1, 0, 1, 0]",21.99,12.19,36.01,3.92,10496992.55
EVER,23.57,8,"[1, 1, 1, 1, 0, 1, 1, 1, 1, 0]",22.83,21.1,27.87,14.27,767138.85
GFR,5.85,8,"[0, 0, 1, 1, 1, 1, 1, 1, 1, 1]",5.88,5.6,6.92,4.31,221539.2
LPTH,11.99,6,"[0, 0, 1, 1, 1, 1, 1, 0, 1, 0]",13.52,11.37,18.15,3.41,2670319.75
RMT,14.15,10,"[1, 1, 1, 1, 1, 1, 1, 1, 1, 1]",13.96,11.88,14.68,8.76,118634.0
SB,7.64,10,"[1, 1, 1, 1, 1, 1, 1, 1, 1, 1]",6.88,5.94,7.95,4.02,954918.75
HIVE,2.84,3,"[0, 0, 0, 1, 0, 0, 1, 0, 1, 0]",3.6,3.14,6.96,1.75,15586600.7
SLDB,8.73,9,"[1, 1, 1, 1, 1, 1, 1, 1, 1, 0]",8.4,6.83,11.15,3.93,1051135.75
GDOT,13.48,9,"[1, 1, 1, 1, 1, 0, 1, 1, 1, 1]",13.14,12.37,15.25,9.64,327832.0
MAKO,8.2,10,"[1, 1, 1, 1, 1, 1, 1, 1, 1, 1]",7.61,6.89,8.7,4.15,121216.15
MVST,0.84,1,"[0, 0, 0, 0, 0, 0, 0, 0, 1, 0]",1.11,2.37,6.4,0.71,5550043.5
MITK,17.13,8,"[0, 1, 1, 1, 1, 1, 1, 1, 1, 0]",17.64,13.32,20.14,8.65,622530.75
RDVT,68.28,9,"[1, 1, 1, 1, 0, 1, 1, 1, 1, 1]",61.07,50.62,69.73,34.4,178471.3
KRUS,49.23,2,"[0, 0, 0, 0, 1, 0, 0, 0, 1, 0]",50.03,57.46,85.05,42.67,262545.6
MRLN,4.15,1,"[0, 0, 0, 0, 0, 0, 0, 0, 1, 0]",5.45,9.09,16.09,3.31,1391944.95
BLMN,11.85,10,"[1, 1, 1, 1, 1, 1, 1, 1, 1, 1]",8.32,7.07,11.85,5.26,2072820.65
IRWD,4.15,8,"[1, 1, 1, 0, 1, 1, 1, 1, 1, 0]",3.87,3.69,5.39,0.81,2167563.45
HUYA,2.43,4,"[1, 0, 0, 0, 1, 0, 0, 0, 1, 1]",2.38,2.9,4.6,2.19,382124.9
SLDP,2.14,1,"[0, 0, 0, 0, 0, 0, 0, 0, 1, 0]",2.62,3.9,8.51,2.0,3980074.65
ACRS,6.36,10,"[1, 1, 1, 1, 1, 1, 1, 1, 1, 1]",5.05,3.8,6.36,1.55,2048296.8
HRTG,30.23,8,"[1, 1, 1, 0, 0, 1, 1, 1, 1, 1]",25.47,26.41,31.14,19.02,280743.3
CYRX,15.25,8,"[0, 1, 1, 1, 1, 1, 1, 1, 1, 0]",15.46,11.13,16.57,7.56,609849.4
CTO,21.8,10,"[1, 1, 1, 1, 1, 1, 1, 1, 1, 1]",21.22,18.72,22.53,14.38,322445.1
ASPI,4.05,2,"[0, 0, 0, 1, 0, 0, 0, 0, 1, 0]",5.68,6.11,14.05,3.54,4139286.5
OXM,38.85,9,"[1, 1, 1, 1, 1, 1, 0, 1, 1, 1]",38.83,37.61,48.22,30.22,372810.2
GRPN,27.29,8,"[1, 1, 1, 1, 0, 1, 1, 0, 1, 1]",22.75,17.25,36.89,9.64,1447410.7
ALRS,33.77,10,"[1, 1, 1, 1, 1, 1, 1, 1, 1, 1]",30.82,25.31,34.12,19.79,235089.45
LAES,2.46,1,"[0, 0, 0, 0, 0, 0, 0, 0, 1, 0]",2.96,3.75,7.65,2.09,14406836.9
