ticker,price,score,points,sma50,sma200,wk52_high,wk52_low,volume
NVDA,,1,"[0, 0, 0, 0, 0, 0, 0, 0, 1, 0]",,,239.24,164.79,108843407.6
GOOGL,,1,"[0, 0, 0, 0, 0, 0, 0, 0, 1, 0]",,,402.12,235.96,26295592.95
GOOG,,1,"[0, 0, 0, 0, 0, 0, 0, 0, 1, 0]",,,398.54,236.87,17103234.1
AAPL,,1,"[0, 0, 0, 0, 0, 0, 0, 0, 1, 0]",,,341.07,244.37,37770787.85
AMZN,,1,"[0, 0, 0, 0, 0, 0, 0, 0, 1, 0]",,,284.02,198.79,37000179.3
AVGO,,1,"[0, 0, 0, 0, 0, 0, 0, 0, 1, 0]",,,479.94,292.41,24016439.7
TSM,,1,"[0, 0, 0, 0, 0, 0, 0, 0, 1, 0]",,,485.8,272.18,10028924.95
TSLA,,1,"[0, 0, 0, 0, 0, 0, 0, 0, 1, 0]",,,489.88,298.32,35835994.85
WMT,,1,"[0, 0, 0, 0, 0, 0, 0, 0, 1, 0]",,,133.88,99.77,22337520.65
LLY,,1,"[0, 0, 0, 0, 0, 0, 0, 0, 1, 0]",,,1280.34,794.56,2275109.95
MU,,1,"[0, 0, 0, 0, 0, 0, 0, 0, 1, 0]",,,1213.37,181.42,25717230.3
AMD,,1,"[0, 0, 0, 0, 0, 0, 0, 0, 1, 0]",,,649.42,190.95,22136187.75
INTC,,1,"[0, 0, 0, 0, 0, 0, 0, 0, 1, 0]",,,140.94,33.62,109236777.25
XOM,,1,"[0, 0, 0, 0, 0, 0, 0, 0, 1, 0]",,,169.32,107.52,13251149.95
ASML,,1,"[0, 0, 0, 0, 0, 0, 0, 0, 1, 0]",,,1986.87,930.06,1449741.2
ORCL,,1,"[0, 0, 0, 0, 0, 0, 0, 0, 1, 0]",,,,,30924888.85
JNJ,,1,"[0, 0, 0, 0, 0, 0, 0, 0, 1, 0]",,,278.43,181.9,6810663.8
CAT,,1,"[0, 0, 0, 0, 0, 0, 0, 0, 1, 0]",,,1062.93,486.92,2417993.55
CSCO,,1,"[0, 0, 0, 0, 0, 0, 0, 0, 1, 0]",,,129.02,66.23,19253216.3
LRCX,,1,"[0, 0, 0, 0, 0, 0, 0, 0, 1, 0]",,,432.87,130.77,9109783.05
CVX,,1,"[0, 0, 0, 0, 0, 0, 0, 0, 1, 0]",,,217.77,142.76,9502165.1
AMAT,,1,"[0, 0, 0, 0, 0, 0, 0, 0, 1, 0]",,,722.23,208.8,6237428.9
UNH,,1,"[0, 0, 0, 0, 0, 0, 0, 0, 1, 0]",,,433.68,255.97,5037006.1
BABA,,1,"[0, 0, 0, 0, 0, 0, 0, 0, 1, 0]",,,178.33,94.81,8785643.8
GE,,1,"[0, 0, 0, 0, 0, 0, 0, 0, 1, 0]",,,380.64,272.5,4707066.0
HSBC,,1,"[0, 0, 0, 0, 0, 0, 0, 0, 1, 0]",,,107.34,62.78,1824824.55
MS,,1,"[0, 0, 0, 0, 0, 0, 0, 0, 1, 0]",,,227.3,148.49,5860075.0
AZN,,1,"[0, 0, 0, 0, 0, 0, 0, 0, 1, 0]",,,208.62,155.62,2783514.1
GEV,,1,"[0, 0, 0, 0, 0, 0, 0, 0, 1, 0]",,,1174.86,546.95,2269921.25
GS,,1,"[0, 0, 0, 0, 0, 0, 0, 0, 1, 0]",,,1146.46,730.24,2268509.2
MRK,,1,"[0, 0, 0, 0, 0, 0, 0, 0, 1, 0]",,,155.53,80.14,9828122.7
NVS,,1,"[0, 0, 0, 0, 0, 0, 0, 0, 1, 0]",,,163.64,118.2,1923425.15
TXN,,1,"[0, 0, 0, 0, 0, 0, 0, 0, 1, 0]",,,330.59,150.79,5690864.05
RY,,1,"[0, 0, 0, 0, 0, 0, 0, 0, 1, 0]",,,216.57,141.81,1070215.35
KLAC,,1,"[0, 0, 0, 0, 0, 0, 0, 0, 1, 0]",,,301.37,97.75,8946888.8
RTX,,1,"[0, 0, 0, 0, 0, 0, 0, 0, 1, 0]",,,225.49,154.7,4115285.2
SNDK,,1,"[0, 0, 0, 0, 0, 0, 0, 0, 1, 0]",,,2335.0,116.91,8501299.75
QCOM,,1,"[0, 0, 0, 0, 0, 0, 0, 0, 1, 0]",,,248.74,122.94,13574832.9
ARM,,1,"[0, 0, 0, 0, 0, 0, 0, 0, 1, 0]",,,439.46,104.55,5934426.95
C,,1,"[0, 0, 0, 0, 0, 0, 0, 0, 1, 0]",,,144.93,91.98,10054916.35
BHP,,1,"[0, 0, 0, 0, 0, 0, 0, 0, 1, 0]",,,96.58,50.46,2758221.6
ADI,,1,"[0, 0, 0, 0, 0, 0, 0, 0, 1, 0]",,,444.13,222.42,3107579.95
NVO,,1,"[0, 0, 0, 0, 0, 0, 0, 0, 1, 0]",,,60.94,34.33,15266047.15
MUFG,,1,"[0, 0, 0, 0, 0, 0, 0, 0, 1, 0]",,,24.13,14.62,2896195.65
TTE,,1,"[0, 0, 0, 0, 0, 0, 0, 0, 1, 0]",,,92.51,55.27,2053803.25
NEE,,1,"[0, 0, 0, 0, 0, 0, 0, 0, 1, 0]",,,96.44,75.49,12951403.45
BA,,1,"[0, 0, 0, 0, 0, 0, 0, 0, 1, 0]",,,252.15,179.12,9204362.25
TD,,1,"[0, 0, 0, 0, 0, 0, 0, 0, 1, 0]",,,124.8,77.19,2037201.0
SAN,,1,"[0, 0, 0, 0, 0, 0, 0, 0, 1, 0]",,,15.05,9.53,8565760.35
RIO,,1,"[0, 0, 0, 0, 0, 0, 0, 0, 1, 0]",,,109.63,62.29,1864357.45
ANET,,1,"[0, 0, 0, 0, 0, 0, 0, 0, 1, 0]",,,215.83,116.13,5015961.9
STX,,1,"[0, 0, 0, 0, 0, 0, 0, 0, 1, 0]",,,1092.38,210.39,4691783.45
DELL,,1,"[0, 0, 0, 0, 0, 0, 0, 0, 1, 0]",,,588.4,110.54,7469747.45
PANW,,1,"[0, 0, 0, 0, 0, 0, 0, 0, 1, 0]",,,419.91,141.67,6095166.15
WDC,,1,"[0, 0, 0, 0, 0, 0, 0, 0, 1, 0]",,,745.99,112.92,8906585.5
GILD,,1,"[0, 0, 0, 0, 0, 0, 0, 0, 1, 0]",,,153.05,114.35,5805686.15
GLW,,1,"[0, 0, 0, 0, 0, 0, 0, 0, 1, 0]",,,255.21,77.62,8136577.85
BUD,,1,"[0, 0, 0, 0, 0, 0, 0, 0, 1, 0]",,,86.48,58.49,2069211.4
APP,,1,"[0, 0, 0, 0, 0, 0, 0, 0, 1, 0]",,,733.6,268.22,5485581.7
APH,,1,"[0, 0, 0, 0, 0, 0, 0, 0, 1, 0]",,,88.62,59.39,12017362.05
DE,,1,"[0, 0, 0, 0, 0, 0, 0, 0, 1, 0]",,,707.79,434.16,1293239.9
SCCO,,1,"[0, 0, 0, 0, 0, 0, 0, 0, 1, 0]",,,219.7,114.69,944201.55
WELL,,1,"[0, 0, 0, 0, 0, 0, 0, 0, 1, 0]",,,251.12,163.53,2710980.1
MRVL,,1,"[0, 0, 0, 0, 0, 0, 0, 0, 1, 0]",,,316.35,73.67,19500472.2
IBKR,,1,"[0, 0, 0, 0, 0, 0, 0, 0, 1, 0]",,,98.1,60.79,3891666.75
COP,,1,"[0, 0, 0, 0, 0, 0, 0, 0, 1, 0]",,,141.22,83.04,6825539.95
PLD,,1,"[0, 0, 0, 0, 0, 0, 0, 0, 1, 0]",,,148.88,107.84,3797947.4
UBS,,1,"[0, 0, 0, 0, 0, 0, 0, 0, 1, 0]",,,55.72,35.49,2385256.25
SMFG,,1,"[0, 0, 0, 0, 0, 0, 0, 0, 1, 0]",,,27.56,15.2,1458723.95
CRWD,,1,"[0, 0, 0, 0, 0, 0, 0, 0, 1, 0]",,,278.86,87.56,10668395.45
VRT,,1,"[0, 0, 0, 0, 0, 0, 0, 0, 1, 0]",,,376.06,149.73,4853339.0
BTI,,1,"[0, 0, 0, 0, 0, 0, 0, 0, 1, 0]",,,64.75,47.58,4446593.4
BBVA,,1,"[0, 0, 0, 0, 0, 0, 0, 0, 1, 0]",,,29.64,17.18,1622114.35
NEM,,1,"[0, 0, 0, 0, 0, 0, 0, 0, 1, 0]",,,134.86,77.9,6084429.2
PBR,,1,"[0, 0, 0, 0, 0, 0, 0, 0, 1, 0]",,,24.69,11.06,24501399.35
PBR-A,,1,"[0, 0, 0, 0, 0, 0, 0, 0, 1, 0]",,,22.14,10.33,9558931.45
SBUX,,1,"[0, 0, 0, 0, 0, 0, 0, 0, 1, 0]",,,108.49,76.51,8952962.15
CVS,,1,"[0, 0, 0, 0, 0, 0, 0, 0, 1, 0]",,,109.92,69.04,9338347.65
BMY,,1,"[0, 0, 0, 0, 0, 0, 0, 0, 1, 0]",,,67.39,40.79,13392974.65
BP,,1,"[0, 0, 0, 0, 0, 0, 0, 0, 1, 0]",,,46.96,31.17,9624580.3
PWR,,1,"[0, 0, 0, 0, 0, 0, 0, 0, 1, 0]",,,784.99,411.89,888836.95
PH,,1,"[0, 0, 0, 0, 0, 0, 0, 0, 1, 0]",,,1071.71,710.74,541153.95
HWM,,1,"[0, 0, 0, 0, 0, 0, 0, 0, 1, 0]",,,292.65,183.71,2672499.7
BMO,,1,"[0, 0, 0, 0, 0, 0, 0, 0, 1, 0]",,,185.81,118.13,662883.85
EQIX,,1,"[0, 0, 0, 0, 0, 0, 0, 0, 1, 0]",,,1110.63,715.18,496943.9
MFG,,1,"[0, 0, 0, 0, 0, 0, 0, 0, 1, 0]",,,11.45,6.09,3381030.1
TT,,1,"[0, 0, 0, 0, 0, 0, 0, 0, 1, 0]",,,502.27,373.79,1279923.9
CM,,1,"[0, 0, 0, 0, 0, 0, 0, 0, 1, 0]",,,122.92,78.11,1536988.8
CDNS,,1,"[0, 0, 0, 0, 0, 0, 0, 0, 1, 0]",,,416.39,265.66,2445576.85
GSK,,1,"[0, 0, 0, 0, 0, 0, 0, 0, 1, 0]",,,59.6,41.76,4532935.55
SNPS,,1,"[0, 0, 0, 0, 0, 0, 0, 0, 1, 0]",,,534.56,367.7,2515274.0
AEM,,1,"[0, 0, 0, 0, 0, 0, 0, 0, 1, 0]",,,251.01,136.04,1736402.75
HCA,,1,"[0, 0, 0, 0, 0, 0, 0, 0, 1, 0]",,,542.23,359.93,1369066.05
BNS,,1,"[0, 0, 0, 0, 0, 0, 0, 0, 1, 0]",,,94.51,61.59,2018258.6
CMI,,1,"[0, 0, 0, 0, 0, 0, 0, 0, 1, 0]",,,724.89,402.1,1140337.6
MAR,,1,"[0, 0, 0, 0, 0, 0, 0, 0, 1, 0]",,,401.72,256.9,1451831.2
CNQ,,1,"[0, 0, 0, 0, 0, 0, 0, 0, 1, 0]",,,51.55,29.07,5585773.25
EQNR,,1,"[0, 0, 0, 0, 0, 0, 0, 0, 1, 0]",,,45.75,21.68,4149321.65
ITUB,,1,"[0, 0, 0, 0, 0, 0, 0, 0, 1, 0]",,,10.15,6.07,34255498.85
FDX,,1,"[0, 0, 0, 0, 0, 0, 0, 0, 1, 0]",,,338.02,177.99,1622261.95
FCX,,1,"[0, 0, 0, 0, 0, 0, 0, 0, 1, 0]",,,79.91,38.38,10793303.3
USB,,1,"[0, 0, 0, 0, 0, 0, 0, 0, 1, 0]",,,64.81,43.6,8601247.15
JCI,,1,"[0, 0, 0, 0, 0, 0, 0, 0, 1, 0]",,,158.76,104.64,3174421.15
ING,,1,"[0, 0, 0, 0, 0, 0, 0, 0, 1, 0]",,,37.27,22.65,2478060.35
FTNT,,1,"[0, 0, 0, 0, 0, 0, 0, 0, 1, 0]",,,191.27,75.23,4094652.55
MNST,,1,"[0, 0, 0, 0, 0, 0, 0, 0, 1, 0]",,,49.97,33.15,9837126.15
CSX,,1,"[0, 0, 0, 0, 0, 0, 0, 0, 1, 0]",,,53.08,33.25,10422859.55
AMX,,1,"[0, 0, 0, 0, 0, 0, 0, 0, 1, 0]",,,27.42,19.65,2815138.65
ELV,,1,"[0, 0, 0, 0, 0, 0, 0, 0, 1, 0]",,,424.94,276.69,1199234.15
BCS,,1,"[0, 0, 0, 0, 0, 0, 0, 0, 1, 0]",,,28.24,18.92,5436810.85
SLB,,1,"[0, 0, 0, 0, 0, 0, 0, 0, 1, 0]",,,59.79,30.96,13706841.25
MPWR,,1,"[0, 0, 0, 0, 0, 0, 0, 0, 1, 0]",,,1684.83,851.25,724977.1
LYG,,1,"[0, 0, 0, 0, 0, 0, 0, 0, 1, 0]",,,6.21,4.26,15999306.25
E,,1,"[0, 0, 0, 0, 0, 0, 0, 0, 1, 0]",,,56.68,32.88,335201.35
CIEN,,1,"[0, 0, 0, 0, 0, 0, 0, 0, 1, 0]",,,627.0,155.94,2963235.65
APO,,1,"[0, 0, 0, 0, 0, 0, 0, 0, 1, 0]",,,150.8,99.46,3204464.85
CRH,,1,"[0, 0, 0, 0, 0, 0, 0, 0, 1, 0]",,,129.92,81.46,5668852.85
SU,,1,"[0, 0, 0, 0, 0, 0, 0, 0, 1, 0]",,,71.87,37.39,3694588.95
REGN,,1,"[0, 0, 0, 0, 0, 0, 0, 0, 1, 0]",,,852.03,554.88,764805.1
NXPI,,1,"[0, 0, 0, 0, 0, 0, 0, 0, 1, 0]",,,330.06,180.99,3312557.4
BE,,1,"[0, 0, 0, 0, 0, 0, 0, 0, 1, 0]",,,345.85,76.97,16475579.55
ROST,,1,"[0, 0, 0, 0, 0, 0, 0, 0, 1, 0]",,,254.74,146.49,2093579.55
B,,1,"[0, 0, 0, 0, 0, 0, 0, 0, 1, 0]",,,52.12,30.85,8213159.4
HLT,,1,"[0, 0, 0, 0, 0, 0, 0, 0, 1, 0]",,,350.06,256.46,1570720.2
ASX,,1,"[0, 0, 0, 0, 0, 0, 0, 0, 1, 0]",,,47.53,10.97,6745181.75
NOK,,1,"[0, 0, 0, 0, 0, 0, 0, 0, 1, 0]",,,16.85,5.25,83783850.25
VLO,,1,"[0, 0, 0, 0, 0, 0, 0, 0, 1, 0]",,,443.8,153.14,3835103.55
MPC,,1,"[0, 0, 0, 0, 0, 0, 0, 0, 1, 0]",,,463.34,160.76,3002925.0
GM,,1,"[0, 0, 0, 0, 0, 0, 0, 0, 1, 0]",,,90.11,54.88,7701369.5
AEP,,1,"[0, 0, 0, 0, 0, 0, 0, 0, 1, 0]",,,137.64,111.15,4173447.95
DDOG,,1,"[0, 0, 0, 0, 0, 0, 0, 0, 1, 0]",,,288.15,102.61,3087039.45
LITE,,1,"[0, 0, 0, 0, 0, 0, 0, 0, 1, 0]",,,1133.4,149.61,4791595.75
VALE,,1,"[0, 0, 0, 0, 0, 0, 0, 0, 1, 0]",,,17.33,9.93,34331952.95
NSC,,1,"[0, 0, 0, 0, 0, 0, 0, 0, 1, 0]",,,352.98,274.69,958968.45
HOOD,,1,"[0, 0, 0, 0, 0, 0, 0, 0, 1, 0]",,,147.08,65.16,21815391.7
NET,,1,"[0, 0, 0, 0, 0, 0, 0, 0, 1, 0]",,,359.49,160.19,3014415.25
PSX,,1,"[0, 0, 0, 0, 0, 0, 0, 0, 1, 0]",,,281.6,123.11,3217916.1
FIX,,1,"[0, 0, 0, 0, 0, 0, 0, 0, 1, 0]",,,2065.44,789.1,323507.75
DLR,,1,"[0, 0, 0, 0, 0, 0, 0, 0, 1, 0]",,,201.18,144.96,1928938.95
TRP,,1,"[0, 0, 0, 0, 0, 0, 0, 0, 1, 0]",,,69.85,48.33,3417165.5
MFC,,1,"[0, 0, 0, 0, 0, 0, 0, 0, 1, 0]",,,44.59,30.78,1419325.55
SPG,,1,"[0, 0, 0, 0, 0, 0, 0, 0, 1, 0]",,,234.19,165.67,1227253.4
COHR,,1,"[0, 0, 0, 0, 0, 0, 0, 0, 1, 0]",,,426.89,109.37,7086987.45
MSTR,,1,"[0, 0, 0, 0, 0, 0, 0, 0, 1, 0]",,,315.47,82.31,22696826.35
BKR,,1,"[0, 0, 0, 0, 0, 0, 0, 0, 1, 0]",,,69.18,43.79,7734506.25
WPM,,1,"[0, 0, 0, 0, 0, 0, 0, 0, 1, 0]",,,164.99,93.96,1743572.2
CRWV,,1,"[0, 0, 0, 0, 0, 0, 0, 0, 1, 0]",,,141.74,60.82,30347717.7
KEYS,,1,"[0, 0, 0, 0, 0, 0, 0, 0, 1, 0]",,,388.03,159.49,1188695.45
CVNA,,1,"[0, 0, 0, 0, 0, 0, 0, 0, 1, 0]",,,95.69,56.26,8015412.9
RKLB,,1,"[0, 0, 0, 0, 0, 0, 0, 0, 1, 0]",,,150.23,39.48,21511957.8
TEL,,1,"[0, 0, 0, 0, 0, 0, 0, 0, 1, 0]",,,246.32,194.33,1779379.6
URI,,1,"[0, 0, 0, 0, 0, 0, 0, 0, 1, 0]",,,1164.82,707.78,494948.9
GWW,,1,"[0, 0, 0, 0, 0, 0, 0, 0, 1, 0]",,,1399.3,912.82,268876.3
TGT,,1,"[0, 0, 0, 0, 0, 0, 0, 0, 1, 0]",,,169.89,81.44,3801271.35
TER,,1,"[0, 0, 0, 0, 0, 0, 0, 0, 1, 0]",,,483.65,131.82,2509010.9
LHX,,1,"[0, 0, 0, 0, 0, 0, 0, 0, 1, 0]",,,373.85,233.63,1556758.3
CARR,,1,"[0, 0, 0, 0, 0, 0, 0, 0, 1, 0]",,,75.73,49.79,6983941.55
CTVA,13.24,10,"[1, 1, 1, 1, 1, 1, 1, 1, 1, 1]",12.25,11.88,14.45,9.07,44838820.2
AU,,1,"[0, 0, 0, 0, 0, 0, 0, 0, 1, 0]",,,123.84,60.79,2341383.05
OKE,,1,"[0, 0, 0, 0, 0, 0, 0, 0, 1, 0]",,,97.51,61.95,3852211.95
MCHP,,1,"[0, 0, 0, 0, 0, 0, 0, 0, 1, 0]",,,102.1,47.77,8412139.9
MCHPP,64.68,6,"[0, 0, 0, 0, 1, 1, 1, 1, 1, 1]",65.03,66.99,84.47,45.06,119618.25
CVE,,1,"[0, 0, 0, 0, 0, 0, 0, 0, 1, 0]",,,33.92,15.59,8102744.35
AME,,1,"[0, 0, 0, 0, 0, 0, 0, 0, 1, 0]",,,258.14,178.19,1442965.55
TRGP,,1,"[0, 0, 0, 0, 0, 0, 0, 0, 1, 0]",,,302.25,143.22,1224803.3
COIN,,1,"[0, 0, 0, 0, 0, 0, 0, 0, 1, 0]",,,361.43,141.09,10201735.1
FANG,,1,"[0, 0, 0, 0, 0, 0, 0, 0, 1, 0]",,,211.53,134.06,3394151.2
OXY,,1,"[0, 0, 0, 0, 0, 0, 0, 0, 1, 0]",,,65.63,38.38,9593133.75
DVN,,1,"[0, 0, 0, 0, 0, 0, 0, 0, 1, 0]",,,51.37,30.95,12214341.65
FLEX,,1,"[0, 0, 0, 0, 0, 0, 0, 0, 1, 0]",,,162.07,54.51,3073178.65
ABEV,,1,"[0, 0, 0, 0, 0, 0, 0, 0, 1, 0]",,,3.4,2.09,21332495.2
NUE,,1,"[0, 0, 0, 0, 0, 0, 0, 0, 1, 0]",,,274.09,130.26,1306132.9
STM,,1,"[0, 0, 0, 0, 0, 0, 0, 0, 1, 0]",,,79.68,21.01,9210896.35
BIDU,,1,"[0, 0, 0, 0, 0, 0, 0, 0, 1, 0]",,,162.52,83.92,2268007.45
ETR,,1,"[0, 0, 0, 0, 0, 0, 0, 0, 1, 0]",,,116.66,89.57,3068692.8
UI,,1,"[0, 0, 0, 0, 0, 0, 0, 0, 1, 0]",,,1081.3,513.35,114852.25
CCJ,,1,"[0, 0, 0, 0, 0, 0, 0, 0, 1, 0]",,,134.09,79.29,3319579.8
FER,,1,"[0, 0, 0, 0, 0, 0, 0, 0, 1, 0]",,,73.66,50.29,1984243.95
ROK,,1,"[0, 0, 0, 0, 0, 0, 0, 0, 1, 0]",,,493.56,329.34,720208.8
ARGX,,1,"[0, 0, 0, 0, 0, 0, 0, 0, 1, 0]",,,1058.9,663.93,405371.0
DAL,,1,"[0, 0, 0, 0, 0, 0, 0, 0, 1, 0]",,,93.43,55.22,8337806.4
EBAY,,1,"[0, 0, 0, 0, 0, 0, 0, 0, 1, 0]",,,118.27,78.69,4561676.5
FERG,,1,"[0, 0, 0, 0, 0, 0, 0, 0, 1, 0]",,,265.69,214.26,1483097.0
MT,,1,"[0, 0, 0, 0, 0, 0, 0, 0, 1, 0]",,,78.74,36.41,1448801.7
WAB,,1,"[0, 0, 0, 0, 0, 0, 0, 0, 1, 0]",,,305.47,190.14,821489.5
FNV,,1,"[0, 0, 0, 0, 0, 0, 0, 0, 1, 0]",,,279.3,182.97,761120.95
FITB,,1,"[0, 0, 0, 0, 0, 0, 0, 0, 1, 0]",,,58.88,39.06,7512463.7
XYZ,,1,"[0, 0, 0, 0, 0, 0, 0, 0, 1, 0]",,,84.85,49.09,4319651.9
NBIS,,1,"[0, 0, 0, 0, 0, 0, 0, 0, 1, 0]",,,286.69,73.87,16038530.75
RKT,,1,"[0, 0, 0, 0, 0, 0, 0, 0, 1, 0]",,,23.44,11.44,40650875.65
VTR,,1,"[0, 0, 0, 0, 0, 0, 0, 0, 1, 0]",,,99.93,65.83,4139340.7
CLS,,1,"[0, 0, 0, 0, 0, 0, 0, 0, 1, 0]",,,472.4,243.72,2080430.55
CAH,,1,"[0, 0, 0, 0, 0, 0, 0, 0, 1, 0]",,,248.03,151.83,1897742.4
TEVA,,1,"[0, 0, 0, 0, 0, 0, 0, 0, 1, 0]",,,40.22,18.95,5830248.1
HPE,,1,"[0, 0, 0, 0, 0, 0, 0, 0, 1, 0]",,,72.09,19.67,20679910.2
STT,,1,"[0, 0, 0, 0, 0, 0, 0, 0, 1, 0]",,,193.24,108.43,2257735.2
ODFL,,1,"[0, 0, 0, 0, 0, 0, 0, 0, 1, 0]",,,248.34,125.51,1859543.3
GFS,,1,"[0, 0, 0, 0, 0, 0, 0, 0, 1, 0]",,,89.61,32.11,4248929.65
WDS,,1,"[0, 0, 0, 0, 0, 0, 0, 0, 1, 0]",,,24.19,13.56,622888.5
EME,,1,"[0, 0, 0, 0, 0, 0, 0, 0, 1, 0]",,,943.26,580.64,376526.15
ON,,1,"[0, 0, 0, 0, 0, 0, 0, 0, 1, 0]",,,133.93,44.9,12575355.05
GFI,,1,"[0, 0, 0, 0, 0, 0, 0, 0, 1, 0]",,,58.44,30.56,3816392.65
ERIC,,1,"[0, 0, 0, 0, 0, 0, 0, 0, 1, 0]",,,13.51,7.92,7636756.4
KB,,1,"[0, 0, 0, 0, 0, 0, 0, 0, 1, 0]",,,132.88,77.5,152188.1
PUK,,1,"[0, 0, 0, 0, 0, 0, 0, 0, 1, 0]",,,32.95,23.54,1232087.9
IRM,,1,"[0, 0, 0, 0, 0, 0, 0, 0, 1, 0]",,,132.03,77.09,1618550.6
LYV,,1,"[0, 0, 0, 0, 0, 0, 0, 0, 1, 0]",,,188.46,125.61,1974680.35
KGC,,1,"[0, 0, 0, 0, 0, 0, 0, 0, 1, 0]",,,37.92,22.38,7777482.35
JBL,,1,"[0, 0, 0, 0, 0, 0, 0, 0, 1, 0]",,,385.55,192.34,1590149.7
ADM,,1,"[0, 0, 0, 0, 0, 0, 0, 0, 1, 0]",,,88.09,54.41,3411946.3
VOD,,1,"[0, 0, 0, 0, 0, 0, 0, 0, 1, 0]",,,17.68,10.73,3702325.25
BBD,,1,"[0, 0, 0, 0, 0, 0, 0, 0, 1, 0]",,,4.51,2.93,41927517.8
VIK,,1,"[0, 0, 0, 0, 0, 0, 0, 0, 1, 0]",,,108.26,57.08,4463332.45
UMC,,1,"[0, 0, 0, 0, 0, 0, 0, 0, 1, 0]",,,27.53,6.9,12141860.0
ONC,,1,"[0, 0, 0, 0, 0, 0, 0, 0, 1, 0]",,,377.47,260.27,360118.3
LVS,,1,"[0, 0, 0, 0, 0, 0, 0, 0, 1, 0]",,,68.29,35.81,5930279.85
IX,,1,"[0, 0, 0, 0, 0, 0, 0, 0, 1, 0]",,,41.31,24.22,387539.35
CRDO,,1,"[0, 0, 0, 0, 0, 0, 0, 0, 1, 0]",,,302.52,87.81,8678861.75
ALAB,,1,"[0, 0, 0, 0, 0, 0, 0, 0, 1, 0]",,,483.02,100.27,4460718.2
STLD,,1,"[0, 0, 0, 0, 0, 0, 0, 0, 1, 0]",,,281.45,139.73,978122.85
HAL,,1,"[0, 0, 0, 0, 0, 0, 0, 0, 1, 0]",,,42.6,21.39,10267883.55
HUM,,1,"[0, 0, 0, 0, 0, 0, 0, 0, 1, 0]",,,409.8,162.46,1494871.9
MTZ,,1,"[0, 0, 0, 0, 0, 0, 0, 0, 1, 0]",,,437.51,190.08,1566661.45
UAL,,1,"[0, 0, 0, 0, 0, 0, 0, 0, 1, 0]",,,136.11,85.21,4349220.8
ZM,,1,"[0, 0, 0, 0, 0, 0, 0, 0, 1, 0]",,,111.88,72.72,2943664.75
TS,,1,"[0, 0, 0, 0, 0, 0, 0, 0, 1, 0]",,,64.02,33.04,1207503.5
CASY,,1,"[0, 0, 0, 0, 0, 0, 0, 0, 1, 0]",,,915.59,511.97,665369.05
TECK,,1,"[0, 0, 0, 0, 0, 0, 0, 0, 1, 0]",,,71.87,38.06,2738240.5
SYM,,1,"[0, 0, 0, 0, 0, 0, 0, 0, 1, 0]",,,87.3,38.22,1641497.4
EL,,1,"[0, 0, 0, 0, 0, 0, 0, 0, 1, 0]",,,118.37,66.74,2910305.95
SHG,,1,"[0, 0, 0, 0, 0, 0, 0, 0, 1, 0]",,,84.47,48.94,182289.2
Q,,1,"[0, 0, 0, 0, 0, 0, 0, 0, 1, 0]",,,175.52,73.35,1515139.8
TWLO,,1,"[0, 0, 0, 0, 0, 0, 0, 0, 1, 0]",,,301.27,106.23,4662011.95
RVMD,,1,"[0, 0, 0, 0, 0, 0, 0, 0, 1, 0]",,,221.15,47.5,2308908.95
RDDT,,1,"[0, 0, 0, 0, 0, 0, 0, 0, 1, 0]",,,258.93,121.84,4769252.9
IQV,,1,"[0, 0, 0, 0, 0, 0, 0, 0, 1, 0]",,,275.02,156.66,1600935.7
NTRS,,1,"[0, 0, 0, 0, 0, 0, 0, 0, 1, 0]",,,190.57,120.18,1099254.95
DOV,,1,"[0, 0, 0, 0, 0, 0, 0, 0, 1, 0]",,,231.59,159.53,1221919.75
RPRX,,1,"[0, 0, 0, 0, 0, 0, 0, 0, 1, 0]",,,63.96,34.77,2956615.65
ASTS,,1,"[0, 0, 0, 0, 0, 0, 0, 0, 1, 0]",,,133.09,50.7,13500219.1
BIIB,,1,"[0, 0, 0, 0, 0, 0, 0, 0, 1, 0]",,,228.69,142.26,1149215.95
VG,,1,"[0, 0, 0, 0, 0, 0, 0, 0, 1, 0]",,,17.46,5.89,13205561.85
EXPE,,1,"[0, 0, 0, 0, 0, 0, 0, 0, 1, 0]",,,338.64,187.43,2270789.3
CRCL,,1,"[0, 0, 0, 0, 0, 0, 0, 0, 1, 0]",,,143.29,50.23,13634280.9
ARES,,1,"[0, 0, 0, 0, 0, 0, 0, 0, 1, 0]",,,171.2,93.27,2300923.4
FTI,,1,"[0, 0, 0, 0, 0, 0, 0, 0, 1, 0]",,,80.08,35.45,2986067.95
FTAI,,1,"[0, 0, 0, 0, 0, 0, 0, 0, 1, 0]",,,308.31,151.95,1418152.3
CNC,,1,"[0, 0, 0, 0, 0, 0, 0, 0, 1, 0]",,,69.41,31.8,4742632.9
NTRA,,1,"[0, 0, 0, 0, 0, 0, 0, 0, 1, 0]",,,425.64,169.27,1984247.15
NVT,,1,"[0, 0, 0, 0, 0, 0, 0, 0, 1, 0]",,,184.1,94.55,1964063.25
MTSI,,1,"[0, 0, 0, 0, 0, 0, 0, 0, 1, 0]",,,409.68,122.18,1372487.6
TPL,,1,"[0, 0, 0, 0, 0, 0, 0, 0, 1, 0]",,,538.1,272.4,399250.1
TPR,,1,"[0, 0, 0, 0, 0, 0, 0, 0, 1, 0]",,,164.16,97.55,2962958.5
CFG,,1,"[0, 0, 0, 0, 0, 0, 0, 0, 1, 0]",,,74.73,46.98,4397783.5
CW,,1,"[0, 0, 0, 0, 0, 0, 0, 0, 1, 0]",,,792.39,507.29,458773.25
DOW,,1,"[0, 0, 0, 0, 0, 0, 0, 0, 1, 0]",,,40.97,19.68,9195824.9
EIX,,1,"[0, 0, 0, 0, 0, 0, 0, 0, 1, 0]",,,79.08,49.34,5234190.95
PKX,,1,"[0, 0, 0, 0, 0, 0, 0, 0, 1, 0]",,,91.72,45.13,192390.5
BAP,,1,"[0, 0, 0, 0, 0, 0, 0, 0, 1, 0]",,,402.27,236.66,307936.7
VRSN,,1,"[0, 0, 0, 0, 0, 0, 0, 0, 1, 0]",,,309.09,210.31,891122.95
HUBB,474.11,6,"[1, 0, 0, 0, 1, 1, 0, 1, 1, 1]",471.63,486.38,554.46,402.45,491955.85
STRL,,1,"[0, 0, 0, 0, 0, 0, 0, 0, 1, 0]",,,993.74,283.57,552501.55
EC,,1,"[0, 0, 0, 0, 0, 0, 0, 0, 1, 0]",,,18.26,8.2,1471793.2
P,,1,"[0, 0, 0, 0, 0, 0, 0, 0, 1, 0]",,,152.66,56.99,8282641.3
AER,,1,"[0, 0, 0, 0, 0, 0, 0, 0, 1, 0]",,,154.82,118.85,1160966.85
PAAS,,1,"[0, 0, 0, 0, 0, 0, 0, 0, 1, 0]",,,68.06,32.89,3046462.55
DG,,1,"[0, 0, 0, 0, 0, 0, 0, 0, 1, 0]",,,153.95,94.13,2343358.05
VIV,,1,"[0, 0, 0, 0, 0, 0, 0, 0, 1, 0]",,,16.17,10.9,1585303.5
SYF,,1,"[0, 0, 0, 0, 0, 0, 0, 0, 1, 0]",,,87.38,63.25,2914696.45
ZS,,1,"[0, 0, 0, 0, 0, 0, 0, 0, 1, 0]",,,336.27,118.05,3386944.95
SQM,,1,"[0, 0, 0, 0, 0, 0, 0, 0, 1, 0]",,,92.85,39.55,917251.35
BG,,1,"[0, 0, 0, 0, 0, 0, 0, 0, 1, 0]",,,130.59,78.75,1958119.05
FMX,,1,"[0, 0, 0, 0, 0, 0, 0, 0, 1, 0]",,,132.15,89.45,461796.65
MDB,,1,"[0, 0, 0, 0, 0, 0, 0, 0, 1, 0]",,,472.29,225.95,3137646.1
XPO,,1,"[0, 0, 0, 0, 0, 0, 0, 0, 1, 0]",,,228.37,123.66,1163952.7
ALB,,1,"[0, 0, 0, 0, 0, 0, 0, 0, 1, 0]",,,214.35,87.45,2448900.25
UTHR,,1,"[0, 0, 0, 0, 0, 0, 0, 0, 1, 0]",,,596.76,415.34,1059069.75
FSLR,,1,"[0, 0, 0, 0, 0, 0, 0, 0, 1, 0]",,,318.25,172.11,2330056.7
TSN,,1,"[0, 0, 0, 0, 0, 0, 0, 0, 1, 0]",,,67.54,49.0,3489997.3
TSEM,,1,"[0, 0, 0, 0, 0, 0, 0, 0, 1, 0]",,,316.85,71.11,2137712.95
RF,,1,"[0, 0, 0, 0, 0, 0, 0, 0, 1, 0]",,,32.07,22.44,10330629.65
KEY,,1,"[0, 0, 0, 0, 0, 0, 0, 0, 1, 0]",,,23.76,16.12,16420053.35
TEAM,,1,"[0, 0, 0, 0, 0, 0, 0, 0, 1, 0]",,,203.57,57.15,2945398.2
LYB,,1,"[0, 0, 0, 0, 0, 0, 0, 0, 1, 0]",,,80.69,39.87,3797512.65
JBHT,,1,"[0, 0, 0, 0, 0, 0, 0, 0, 1, 0]",,,297.91,135.98,1217270.0
SBAC,,1,"[0, 0, 0, 0, 0, 0, 0, 0, 1, 0]",,,220.88,158.02,1033684.8
WST,,1,"[0, 0, 0, 0, 0, 0, 0, 0, 1, 0]",,,376.76,230.63,631245.2
CPAY,,1,"[0, 0, 0, 0, 0, 0, 0, 0, 1, 0]",,,425.24,255.0,509742.8
ENTG,,1,"[0, 0, 0, 0, 0, 0, 0, 0, 1, 0]",,,183.84,68.64,2116844.6
NMR,,1,"[0, 0, 0, 0, 0, 0, 0, 0, 1, 0]",,,10.86,6.73,704411.85
IHG,,1,"[0, 0, 0, 0, 0, 0, 0, 0, 1, 0]",,,173.43,117.16,150965.7
FN,,1,"[0, 0, 0, 0, 0, 0, 0, 0, 1, 0]",,,746.47,361.94,847008.9
SBS,,1,"[0, 0, 0, 0, 0, 0, 0, 0, 1, 0]",,,7.08,4.43,9687749.55
WWD,,1,"[0, 0, 0, 0, 0, 0, 0, 0, 1, 0]",,,436.05,246.06,836179.9
SITM,,1,"[0, 0, 0, 0, 0, 0, 0, 0, 1, 0]",,,901.48,252.76,460897.3
INSM,,1,"[0, 0, 0, 0, 0, 0, 0, 0, 1, 0]",,,211.41,91.88,2776122.05
BEKE,,1,"[0, 0, 0, 0, 0, 0, 0, 0, 1, 0]",,,19.59,14.26,5605865.45
AKAM,,1,"[0, 0, 0, 0, 0, 0, 0, 0, 1, 0]",,,161.14,71.97,6111837.8
PFG,,1,"[0, 0, 0, 0, 0, 0, 0, 0, 1, 0]",,,118.51,75.78,1397373.6
RL,,1,"[0, 0, 0, 0, 0, 0, 0, 0, 1, 0]",,,412.07,306.04,603209.5
ATI,,1,"[0, 0, 0, 0, 0, 0, 0, 0, 1, 0]",,,231.78,80.04,1533201.95
MRNA,,1,"[0, 0, 0, 0, 0, 0, 0, 0, 1, 0]",,,203.46,22.36,17646194.15
ILMN,,1,"[0, 0, 0, 0, 0, 0, 0, 0, 1, 0]",,,293.69,91.0,4551551.3
AFRM,,1,"[0, 0, 0, 0, 0, 0, 0, 0, 1, 0]",,,85.78,42.53,4031126.9
CRS,,1,"[0, 0, 0, 0, 0, 0, 0, 0, 1, 0]",,,618.99,237.58,776898.35
SMCI,,1,"[0, 0, 0, 0, 0, 0, 0, 0, 1, 0]",,,55.04,20.53,36319554.4
MKSI,,1,"[0, 0, 0, 0, 0, 0, 0, 0, 1, 0]",,,444.39,120.75,1201764.05
IFF,,1,"[0, 0, 0, 0, 0, 0, 0, 0, 1, 0]",,,87.66,58.25,1825091.15
EXPD,,1,"[0, 0, 0, 0, 0, 0, 0, 0, 1, 0]",,,194.12,111.96,1156740.55
ROIV,,1,"[0, 0, 0, 0, 0, 0, 0, 0, 1, 0]",,,41.81,16.04,7592027.8
DD,,1,"[0, 0, 0, 0, 0, 0, 0, 0, 1, 0]",,,152.69,90.91,965664.75
IREN,,1,"[0, 0, 0, 0, 0, 0, 0, 0, 1, 0]",,,76.41,29.31,37448799.75
RGLD,,1,"[0, 0, 0, 0, 0, 0, 0, 0, 1, 0]",,,302.4,167.67,681784.85
FUTU,,1,"[0, 0, 0, 0, 0, 0, 0, 0, 1, 0]",,,195.9,89.76,1102672.5
ULS,,1,"[0, 0, 0, 0, 0, 0, 0, 0, 1, 0]",,,104.53,64.03,1246175.9
CHRW,,1,"[0, 0, 0, 0, 0, 0, 0, 0, 1, 0]",,,208.52,122.52,2059139.45
LUV,,1,"[0, 0, 0, 0, 0, 0, 0, 0, 1, 0]",,,54.07,29.15,6866968.45
DKS,,1,"[0, 0, 0, 0, 0, 0, 0, 0, 1, 0]",,,236.92,121.15,3017209.25
VTRS,,1,"[0, 0, 0, 0, 0, 0, 0, 0, 1, 0]",,,18.27,9.41,9311874.75
RCI,,1,"[0, 0, 0, 0, 0, 0, 0, 0, 1, 0]",,,39.83,30.38,1604711.3
FFIV,,1,"[0, 0, 0, 0, 0, 0, 0, 0, 1, 0]",,,469.79,223.99,567863.45
CX,,1,"[0, 0, 0, 0, 0, 0, 0, 0, 1, 0]",,,13.48,9.08,7451596.5
INCY,,1,"[0, 0, 0, 0, 0, 0, 0, 0, 1, 0]",,,129.93,83.8,1731671.1
KEP,,1,"[0, 0, 0, 0, 0, 0, 0, 0, 1, 0]",,,23.26,10.85,784702.6
APG,,1,"[0, 0, 0, 0, 0, 0, 0, 0, 1, 0]",,,49.4,33.64,3208952.4
SNX,,1,"[0, 0, 0, 0, 0, 0, 0, 0, 1, 0]",,,289.57,141.35,1178848.9
CDE,,1,"[0, 0, 0, 0, 0, 0, 0, 0, 1, 0]",,,27.12,13.8,37356062.4
RBC,,1,"[0, 0, 0, 0, 0, 0, 0, 0, 1, 0]",,,648.89,369.71,324106.7
BURL,,1,"[0, 0, 0, 0, 0, 0, 0, 0, 1, 0]",,,372.19,227.28,1537416.8
ROKU,,1,"[0, 0, 0, 0, 0, 0, 0, 0, 1, 0]",,,159.76,82.93,1670789.9
AMKR,,1,"[0, 0, 0, 0, 0, 0, 0, 0, 1, 0]",,,93.38,28.06,3761096.3
RS,,1,"[0, 0, 0, 0, 0, 0, 0, 0, 1, 0]",,,428.02,261.99,276741.25
BWXT,,1,"[0, 0, 0, 0, 0, 0, 0, 0, 1, 0]",,,237.73,134.35,1329645.25
ZTO,,1,"[0, 0, 0, 0, 0, 0, 0, 0, 1, 0]",,,25.88,18.21,3148714.3
NXT,,1,"[0, 0, 0, 0, 0, 0, 0, 0, 1, 0]",,,156.4,77.93,2142208.15
ITT,,1,"[0, 0, 0, 0, 0, 0, 0, 0, 1, 0]",,,220.83,168.49,903882.25
FTV,,1,"[0, 0, 0, 0, 0, 0, 0, 0, 1, 0]",,,64.01,47.59,2259366.05
IONQ,,1,"[0, 0, 0, 0, 0, 0, 0, 0, 1, 0]",,,82.09,26.59,23595164.15
AGI,,1,"[0, 0, 0, 0, 0, 0, 0, 0, 1, 0]",,,55.16,27.8,3656648.1
BCH,,1,"[0, 0, 0, 0, 0, 0, 0, 0, 1, 0]",,,43.7,28.77,375748.0
YPF,,1,"[0, 0, 0, 0, 0, 0, 0, 0, 1, 0]",,,57.61,24.71,1154321.8
CF,,1,"[0, 0, 0, 0, 0, 0, 0, 0, 1, 0]",,,139.27,74.99,2646396.2
MGA,,1,"[0, 0, 0, 0, 0, 0, 0, 0, 1, 0]",,,73.05,42.56,1071550.15
TLN,,1,"[0, 0, 0, 0, 0, 0, 0, 0, 1, 0]",,,438.12,282.15,1115733.3
LSCC,,1,"[0, 0, 0, 0, 0, 0, 0, 0, 1, 0]",,,155.27,61.73,1946478.55
WMG,,1,"[0, 0, 0, 0, 0, 0, 0, 0, 1, 0]",,,34.31,23.35,2283532.05
CIB,,1,"[0, 0, 0, 0, 0, 0, 0, 0, 1, 0]",,,101.53,49.18,272447.6
WCC,,1,"[0, 0, 0, 0, 0, 0, 0, 0, 1, 0]",,,384.09,206.94,523758.7
JBS,,1,"[0, 0, 0, 0, 0, 0, 0, 0, 1, 0]",,,17.05,10.86,5808322.1
WSO,,1,"[0, 0, 0, 0, 0, 0, 0, 0, 1, 0]",,,452.97,282.23,521534.0
DOCN,,1,"[0, 0, 0, 0, 0, 0, 0, 0, 1, 0]",,,181.29,37.29,2500744.15
EWBC,,1,"[0, 0, 0, 0, 0, 0, 0, 0, 1, 0]",,,136.6,91.94,916899.9
AA,,1,"[0, 0, 0, 0, 0, 0, 0, 0, 1, 0]",,,83.63,34.75,4064792.55
PR,,1,"[0, 0, 0, 0, 0, 0, 0, 0, 1, 0]",,,24.33,11.68,10534641.7
NVMI,,1,"[0, 0, 0, 0, 0, 0, 0, 0, 1, 0]",,,605.65,275.78,474862.15
RTO,,1,"[0, 0, 0, 0, 0, 0, 0, 0, 1, 0]",,,34.2,19.75,2290562.95
OWL,,1,"[0, 0, 0, 0, 0, 0, 0, 0, 1, 0]",,,15.9,7.89,18827854.6
OVV,,1,"[0, 0, 0, 0, 0, 0, 0, 0, 1, 0]",,,66.97,35.16,3212727.35
TTMI,,1,"[0, 0, 0, 0, 0, 0, 0, 0, 1, 0]",,,221.47,53.58,1961716.05
BEN,,1,"[0, 0, 0, 0, 0, 0, 0, 0, 1, 0]",,,35.41,20.18,4373329.25
IEX,,1,"[0, 0, 0, 0, 0, 0, 0, 0, 1, 0]",,,239.76,158.66,656836.95
LAMR,,1,"[0, 0, 0, 0, 0, 0, 0, 0, 1, 0]",,,162.48,110.67,590876.0
VNOM,,1,"[0, 0, 0, 0, 0, 0, 0, 0, 1, 0]",,,49.44,34.2,2338144.0
GNRC,,1,"[0, 0, 0, 0, 0, 0, 0, 0, 1, 0]",,,295.54,136.37,1578785.15
NDSN,,1,"[0, 0, 0, 0, 0, 0, 0, 0, 1, 0]",,,334.43,223.9,380325.6
SN,,1,"[0, 0, 0, 0, 0, 0, 0, 0, 1, 0]",,,192.86,84.57,1835363.6
H,,1,"[0, 0, 0, 0, 0, 0, 0, 0, 1, 0]",,,201.92,134.94,785828.85
BALL,,1,"[0, 0, 0, 0, 0, 0, 0, 0, 1, 0]",,,67.1,45.77,2202042.1
MLI,,1,"[0, 0, 0, 0, 0, 0, 0, 0, 1, 0]",,,70.03,47.96,1899198.5
LOGI,,1,"[0, 0, 0, 0, 0, 0, 0, 0, 1, 0]",,,124.62,84.44,665015.15
CLH,,1,"[0, 0, 0, 0, 0, 0, 0, 0, 1, 0]",,,326.34,201.73,390617.5
GMAB,,1,"[0, 0, 0, 0, 0, 0, 0, 0, 1, 0]",,,38.48,23.85,3937711.8
PAA,,1,"[0, 0, 0, 0, 0, 0, 0, 0, 1, 0]",,,26.1,14.64,2479117.2
NBIX,,1,"[0, 0, 0, 0, 0, 0, 0, 0, 1, 0]",,,185.5,123.1,1444065.5
HST,,1,"[0, 0, 0, 0, 0, 0, 0, 0, 1, 0]",,,25.31,14.65,8652209.5
JLL,,1,"[0, 0, 0, 0, 0, 0, 0, 0, 1, 0]",,,392.79,280.16,448594.55
ASND,,1,"[0, 0, 0, 0, 0, 0, 0, 0, 1, 0]",,,277.18,196.01,988456.65
LECO,,1,"[0, 0, 0, 0, 0, 0, 0, 0, 1, 0]",,,296.16,217.92,392464.4
OKTA,,1,"[0, 0, 0, 0, 0, 0, 0, 0, 1, 0]",,,220.21,62.93,3794632.1
HTHT,,1,"[0, 0, 0, 0, 0, 0, 0, 0, 1, 0]",,,53.59,35.36,1335417.15
DTM,,1,"[0, 0, 0, 0, 0, 0, 0, 0, 1, 0]",,,149.69,102.85,912269.0
MOD,,1,"[0, 0, 0, 0, 0, 0, 0, 0, 1, 0]",,,306.89,119.68,1379121.65
RRX,,1,"[0, 0, 0, 0, 0, 0, 0, 0, 1, 0]",,,237.66,127.69,1202069.6
BSAC,,1,"[0, 0, 0, 0, 0, 0, 0, 0, 1, 0]",,,36.15,25.08,370822.85
JAZZ,,1,"[0, 0, 0, 0, 0, 0, 0, 0, 1, 0]",,,261.62,131.16,839799.0
ONTO,,1,"[0, 0, 0, 0, 0, 0, 0, 0, 1, 0]",,,378.45,121.34,832613.5
OHI,,1,"[0, 0, 0, 0, 0, 0, 0, 0, 1, 0]",,,51.03,37.16,2152327.0
SMMT,,1,"[0, 0, 0, 0, 0, 0, 0, 0, 1, 0]",,,26.38,12.43,7607233.05
RMBS,,1,"[0, 0, 0, 0, 0, 0, 0, 0, 1, 0]",,,170.66,79.73,2558998.95
AUR,,1,"[0, 0, 0, 0, 0, 0, 0, 0, 1, 0]",,,8.4,3.77,31405992.35
NIO,,1,"[0, 0, 0, 0, 0, 0, 0, 0, 1, 0]",,,7.42,3.37,30823820.4
HAS,,1,"[0, 0, 0, 0, 0, 0, 0, 0, 1, 0]",,,103.58,68.73,1789751.8
LTM,,1,"[0, 0, 0, 0, 0, 0, 0, 0, 1, 0]",,,68.29,41.47,740687.85
SUN,,1,"[0, 0, 0, 0, 0, 0, 0, 0, 1, 0]",,,79.97,46.46,688273.2
QXO,,1,"[0, 0, 0, 0, 0, 0, 0, 0, 1, 0]",,,27.07,11.12,23437133.25
AEIS,,1,"[0, 0, 0, 0, 0, 0, 0, 0, 1, 0]",,,388.79,169.37,521335.55
ALLY,,1,"[0, 0, 0, 0, 0, 0, 0, 0, 1, 0]",,,46.92,35.47,4054568.3
PL,,1,"[0, 0, 0, 0, 0, 0, 0, 0, 1, 0]",,,51.4,11.16,10729963.85
EVR,,1,"[0, 0, 0, 0, 0, 0, 0, 0, 1, 0]",,,379.99,256.93,549760.25
SKM,,1,"[0, 0, 0, 0, 0, 0, 0, 0, 1, 0]",,,46.0,19.68,1050128.5
TIGO,,1,"[0, 0, 0, 0, 0, 0, 0, 0, 1, 0]",,,103.45,43.31,871824.95
SANM,,1,"[0, 0, 0, 0, 0, 0, 0, 0, 1, 0]",,,282.72,122.71,612285.85
IESC,,1,"[0, 0, 0, 0, 0, 0, 0, 0, 1, 0]",,,396.98,178.97,252315.3
BBIO,,1,"[0, 0, 0, 0, 0, 0, 0, 0, 1, 0]",,,90.17,53.24,3140134.9
TOL,,1,"[0, 0, 0, 0, 0, 0, 0, 0, 1, 0]",,,165.52,123.92,1195644.7
DINO,,1,"[0, 0, 0, 0, 0, 0, 0, 0, 1, 0]",,,120.72,44.83,2837417.45
NYT,,1,"[0, 0, 0, 0, 0, 0, 0, 0, 1, 0]",,,85.28,54.01,3558619.25
DY,,1,"[0, 0, 0, 0, 0, 0, 0, 0, 1, 0]",,,535.2,266.79,625305.95
RBRK,,1,"[0, 0, 0, 0, 0, 0, 0, 0, 1, 0]",,,125.8,43.81,3131607.3
DVA,,1,"[0, 0, 0, 0, 0, 0, 0, 0, 1, 0]",,,240.96,103.87,681781.8
GH,,1,"[0, 0, 0, 0, 0, 0, 0, 0, 1, 0]",,,187.22,61.73,1992435.6
PEN,,1,"[0, 0, 0, 0, 0, 0, 0, 0, 1, 0]",,,359.4,225.54,426659.75
BMNR,,1,"[0, 0, 0, 0, 0, 0, 0, 0, 1, 0]",,,56.83,13.31,37374825.55
SWK,,1,"[0, 0, 0, 0, 0, 0, 0, 0, 1, 0]",,,103.1,59.56,1731284.05
ENLT,,1,"[0, 0, 0, 0, 0, 0, 0, 0, 1, 0]",,,107.42,32.82,194866.35
OKLO,,1,"[0, 0, 0, 0, 0, 0, 0, 0, 1, 0]",,,174.14,34.57,9960517.25
BWA,,1,"[0, 0, 0, 0, 0, 0, 0, 0, 1, 0]",,,76.83,40.47,2739188.45
APA,,1,"[0, 0, 0, 0, 0, 0, 0, 0, 1, 0]",,,47.41,21.16,6131866.15
IONS,,1,"[0, 0, 0, 0, 0, 0, 0, 0, 1, 0]",,,86.5,43.3,4397370.6
HL,,1,"[0, 0, 0, 0, 0, 0, 0, 0, 1, 0]",,,31.79,11.96,39502212.65
HII,,1,"[0, 0, 0, 0, 0, 0, 0, 0, 1, 0]",,,449.68,257.05,558430.25
SOLS,,1,"[0, 0, 0, 0, 0, 0, 0, 0, 1, 0]",,,88.48,41.3,2134979.8
FIVE,,1,"[0, 0, 0, 0, 0, 0, 0, 0, 1, 0]",,,262.72,138.49,1104056.15
FPS,,1,"[0, 0, 0, 0, 0, 0, 0, 0, 1, 0]",,,64.59,27.97,11611319.35
U,,1,"[0, 0, 0, 0, 0, 0, 0, 0, 1, 0]",,,49.47,17.13,10626415.6
IVZ,,1,"[0, 0, 0, 0, 0, 0, 0, 0, 1, 0]",,,33.31,21.78,4753060.15
NTNX,,1,"[0, 0, 0, 0, 0, 0, 0, 0, 1, 0]",,,73.42,34.41,2609056.3
MEDP,,1,"[0, 0, 0, 0, 0, 0, 0, 0, 1, 0]",,,630.19,393.42,262458.15
EXEL,,1,"[0, 0, 0, 0, 0, 0, 0, 0, 1, 0]",,,59.13,34.54,2210059.9
ALGN,,1,"[0, 0, 0, 0, 0, 0, 0, 0, 1, 0]",,,197.51,125.79,979007.65
WLK,,1,"[0, 0, 0, 0, 0, 0, 0, 0, 1, 0]",,,121.8,54.89,927923.7
SAIA,,1,"[0, 0, 0, 0, 0, 0, 0, 0, 1, 0]",,,487.14,250.48,341520.6
MP,,1,"[0, 0, 0, 0, 0, 0, 0, 0, 1, 0]",,,98.65,38.1,5158694.35
VIAV,,1,"[0, 0, 0, 0, 0, 0, 0, 0, 1, 0]",,,55.33,12.27,5779373.4
AAOI,,1,"[0, 0, 0, 0, 0, 0, 0, 0, 1, 0]",,,223.1,19.49,9073092.5
PINS,,1,"[0, 0, 0, 0, 0, 0, 0, 0, 1, 0]",,,35.24,15.42,14607869.4
AIZ,,1,"[0, 0, 0, 0, 0, 0, 0, 0, 1, 0]",,,300.64,204.72,422234.85
ELAN,,1,"[0, 0, 0, 0, 0, 0, 0, 0, 1, 0]",,,26.84,19.76,5636215.25
GLXY,,1,"[0, 0, 0, 0, 0, 0, 0, 0, 1, 0]",,,42.86,16.84,5044458.8
APLD,,1,"[0, 0, 0, 0, 0, 0, 0, 0, 1, 0]",,,49.65,20.55,21611398.55
MDGL,,1,"[0, 0, 0, 0, 0, 0, 0, 0, 1, 0]",,,602.83,412.35,258194.2
VICR,,1,"[0, 0, 0, 0, 0, 0, 0, 0, 1, 0]",,,379.78,48.56,1000232.55
COKE,,1,"[0, 0, 0, 0, 0, 0, 0, 0, 1, 0]",,,216.33,123.69,556993.75
LFUS,,1,"[0, 0, 0, 0, 0, 0, 0, 0, 1, 0]",,,488.16,233.58,198833.3
FORM,,1,"[0, 0, 0, 0, 0, 0, 0, 0, 1, 0]",,,159.93,38.14,1978365.8
AAON,,1,"[0, 0, 0, 0, 0, 0, 0, 0, 1, 0]",,,147.96,73.25,1132948.1
TFII,,1,"[0, 0, 0, 0, 0, 0, 0, 0, 1, 0]",,,162.2,79.78,331137.25
AIT,,1,"[0, 0, 0, 0, 0, 0, 0, 0, 1, 0]",,,361.95,239.46,279080.5
SMTC,,1,"[0, 0, 0, 0, 0, 0, 0, 0, 1, 0]",,,197.2,62.57,3335947.95
WULF,,1,"[0, 0, 0, 0, 0, 0, 0, 0, 1, 0]",,,28.98,10.99,28602295.5
POWL,,1,"[0, 0, 0, 0, 0, 0, 0, 0, 1, 0]",,,321.8,93.9,540124.1
TIMB,,1,"[0, 0, 0, 0, 0, 0, 0, 0, 1, 0]",,,27.75,17.28,596525.6
AXSM,,1,"[0, 0, 0, 0, 0, 0, 0, 0, 1, 0]",,,255.17,121.15,826444.1
WMS,,1,"[0, 0, 0, 0, 0, 0, 0, 0, 1, 0]",,,174.69,125.33,805731.6
HMY,,1,"[0, 0, 0, 0, 0, 0, 0, 0, 1, 0]",,,25.55,13.07,4051012.7
HUT,,1,"[0, 0, 0, 0, 0, 0, 0, 0, 1, 0]",,,133.02,33.76,5167717.35
IAG,,1,"[0, 0, 0, 0, 0, 0, 0, 0, 1, 0]",,,24.57,10.96,5459572.5
CGNX,,1,"[0, 0, 0, 0, 0, 0, 0, 0, 1, 0]",,,72.32,34.65,1768349.5
KTOS,,1,"[0, 0, 0, 0, 0, 0, 0, 0, 1, 0]",,,130.72,41.93,4600001.4
JEF,,1,"[0, 0, 0, 0, 0, 0, 0, 0, 1, 0]",,,64.78,35.48,2775447.45
AG,,1,"[0, 0, 0, 0, 0, 0, 0, 0, 1, 0]",,,31.96,10.65,9718176.9
EMBJ,,1,"[0, 0, 0, 0, 0, 0, 0, 0, 1, 0]",,,79.43,53.52,1514368.05
ESI,,1,"[0, 0, 0, 0, 0, 0, 0, 0, 1, 0]",,,48.98,22.77,4198558.2
JOBY,,1,"[0, 0, 0, 0, 0, 0, 0, 0, 1, 0]",,,18.11,5.75,23750341.55
MUSA,,1,"[0, 0, 0, 0, 0, 0, 0, 0, 1, 0]",,,622.07,354.79,233924.25
BTSG,,1,"[0, 0, 0, 0, 0, 0, 0, 0, 1, 0]",,,72.91,28.36,2676792.0
GSAT,,1,"[0, 0, 0, 0, 0, 0, 0, 0, 1, 0]",,,84.43,41.54,605335.8
GMED,,1,"[0, 0, 0, 0, 0, 0, 0, 0, 1, 0]",,,96.82,56.57,1666207.45
BEP,,1,"[0, 0, 0, 0, 0, 0, 0, 0, 1, 0]",,,36.63,25.38,1098094.15
KNX,,1,"[0, 0, 0, 0, 0, 0, 0, 0, 1, 0]",,,82.21,41.17,3671617.6
ALSN,,1,"[0, 0, 0, 0, 0, 0, 0, 0, 1, 0]",,,135.36,78.44,864884.7
SNAP,,1,"[0, 0, 0, 0, 0, 0, 0, 0, 1, 0]",,,9.09,3.93,33806071.1
ARWR,,1,"[0, 0, 0, 0, 0, 0, 0, 0, 1, 0]",,,89.59,35.41,2440148.0
WTFC,,1,"[0, 0, 0, 0, 0, 0, 0, 0, 1, 0]",,,166.33,118.51,530827.35
AES,,1,"[0, 0, 0, 0, 0, 0, 0, 0, 1, 0]",,,16.87,12.97,8668817.4
SPXC,,1,"[0, 0, 0, 0, 0, 0, 0, 0, 1, 0]",,,246.41,168.58,698698.95
VFS,,1,"[0, 0, 0, 0, 0, 0, 0, 0, 1, 0]",,,4.76,2.81,359160.8
AHR,,1,"[0, 0, 0, 0, 0, 0, 0, 0, 1, 0]",,,57.44,39.75,3532278.1
DAR,,1,"[0, 0, 0, 0, 0, 0, 0, 0, 1, 0]",,,68.34,29.91,2346080.75
FCFS,,1,"[0, 0, 0, 0, 0, 0, 0, 0, 1, 0]",,,236.43,146.77,357267.3
UMBF,,1,"[0, 0, 0, 0, 0, 0, 0, 0, 1, 0]",,,151.5,102.51,748330.25
ARW,,1,"[0, 0, 0, 0, 0, 0, 0, 0, 1, 0]",,,242.01,101.87,534960.75
MOG-A,,1,"[0, 0, 0, 0, 0, 0, 0, 0, 1, 0]",,,445.38,194.79,309590.65
HBM,,1,"[0, 0, 0, 0, 0, 0, 0, 0, 1, 0]",,,31.85,14.57,4474897.5
MGM,,1,"[0, 0, 0, 0, 0, 0, 0, 0, 1, 0]",,,50.69,30.0,5619496.55
VMI,,1,"[0, 0, 0, 0, 0, 0, 0, 0, 1, 0]",,,581.82,376.74,190311.4
ABVX,,1,"[0, 0, 0, 0, 0, 0, 0, 0, 1, 0]",,,145.31,72.5,1483448.9
CTRE,,1,"[0, 0, 0, 0, 0, 0, 0, 0, 1, 0]",,,42.95,31.61,2751472.6
MOH,,1,"[0, 0, 0, 0, 0, 0, 0, 0, 1, 0]",,,242.88,122.65,652126.6
BPOP,,1,"[0, 0, 0, 0, 0, 0, 0, 0, 1, 0]",,,176.9,106.79,551569.3
SNEX,,1,"[0, 0, 0, 0, 0, 0, 0, 0, 1, 0]",,,92.67,37.2,966506.3
CYTK,,1,"[0, 0, 0, 0, 0, 0, 0, 0, 1, 0]",,,87.26,54.76,2347387.9
VSAT,,1,"[0, 0, 0, 0, 0, 0, 0, 0, 1, 0]",,,89.81,30.35,1817591.8
ICLR,,1,"[0, 0, 0, 0, 0, 0, 0, 0, 1, 0]",,,202.92,80.08,1022968.55
AGX,,1,"[0, 0, 0, 0, 0, 0, 0, 0, 1, 0]",,,797.9,254.93,398097.85
CAMT,,1,"[0, 0, 0, 0, 0, 0, 0, 0, 1, 0]",,,207.46,94.4,389279.1
SBSW,,1,"[0, 0, 0, 0, 0, 0, 0, 0, 1, 0]",,,19.67,7.67,5183576.35
ELPC,,1,"[0, 0, 0, 0, 0, 0, 0, 0, 1, 0]",,,14.06,8.23,668287.8
TTC,,1,"[0, 0, 0, 0, 0, 0, 0, 0, 1, 0]",,,100.49,66.8,832993.4
R,,1,"[0, 0, 0, 0, 0, 0, 0, 0, 1, 0]",,,279.21,157.4,277605.75
CAVA,,1,"[0, 0, 0, 0, 0, 0, 0, 0, 1, 0]",,,97.39,43.59,3851239.55
PRAX,,1,"[0, 0, 0, 0, 0, 0, 0, 0, 1, 0]",,,386.33,52.34,527186.25
ZION,,1,"[0, 0, 0, 0, 0, 0, 0, 0, 1, 0]",,,72.82,45.54,1646447.5
SIRI,,1,"[0, 0, 0, 0, 0, 0, 0, 0, 1, 0]",,,32.3,19.3,4847415.7
RIOT,,1,"[0, 0, 0, 0, 0, 0, 0, 0, 1, 0]",,,28.69,11.83,17016977.4
FLS,,1,"[0, 0, 0, 0, 0, 0, 0, 0, 1, 0]",,,91.23,48.51,1625587.9
ALGM,,1,"[0, 0, 0, 0, 0, 0, 0, 0, 1, 0]",,,69.62,22.8,2806033.7
GDS,,1,"[0, 0, 0, 0, 0, 0, 0, 0, 1, 0]",,,47.52,27.57,1710809.4
KRYS,,1,"[0, 0, 0, 0, 0, 0, 0, 0, 1, 0]",,,378.15,181.47,306497.35
EGO,,1,"[0, 0, 0, 0, 0, 0, 0, 0, 1, 0]",,,49.43,24.79,3537832.25
GGB,,1,"[0, 0, 0, 0, 0, 0, 0, 0, 1, 0]",,,5.17,3.08,13503049.7
MXL,,1,"[0, 0, 0, 0, 0, 0, 0, 0, 1, 0]",,,128.03,13.05,3200298.2
IBRX,,1,"[0, 0, 0, 0, 0, 0, 0, 0, 1, 0]",,,11.55,1.98,14563543.05
AAL,,1,"[0, 0, 0, 0, 0, 0, 0, 0, 1, 0]",,,18.15,10.18,70849138.1
DDS,,1,"[0, 0, 0, 0, 0, 0, 0, 0, 1, 0]",,,699.21,510.16,198313.35
FRO,,1,"[0, 0, 0, 0, 0, 0, 0, 0, 1, 0]",,,56.26,17.91,4357465.7
CRUS,,1,"[0, 0, 0, 0, 0, 0, 0, 0, 1, 0]",,,178.9,108.48,808537.3
BVN,,1,"[0, 0, 0, 0, 0, 0, 0, 0, 1, 0]",,,42.44,20.43,1193564.65
W,,1,"[0, 0, 0, 0, 0, 0, 0, 0, 1, 0]",,,119.05,57.4,2351044.1
LUMN,,1,"[0, 0, 0, 0, 0, 0, 0, 0, 1, 0]",,,11.83,5.53,13764098.85
LLYVK,,1,"[0, 0, 0, 0, 0, 0, 0, 0, 1, 0]",,,108.86,77.33,314089.55
LLYVA,,1,"[0, 0, 0, 0, 0, 0, 0, 0, 1, 0]",,,104.99,74.85,157267.9
LEVI,,1,"[0, 0, 0, 0, 0, 0, 0, 0, 1, 0]",,,25.53,17.69,4401674.5
COLB,,1,"[0, 0, 0, 0, 0, 0, 0, 0, 1, 0]",,,33.2,22.9,2798715.8
OSK,,1,"[0, 0, 0, 0, 0, 0, 0, 0, 1, 0]",,,176.5,117.24,722121.6
MTCH,,1,"[0, 0, 0, 0, 0, 0, 0, 0, 1, 0]",,,44.18,28.43,3487307.3
FR,,1,"[0, 0, 0, 0, 0, 0, 0, 0, 1, 0]",,,68.3,48.65,1253940.55
CRL,,1,"[0, 0, 0, 0, 0, 0, 0, 0, 1, 0]",,,310.77,149.93,1086874.1
FROG,,1,"[0, 0, 0, 0, 0, 0, 0, 0, 1, 0]",,,104.03,34.75,1505455.25
ZWS,,1,"[0, 0, 0, 0, 0, 0, 0, 0, 1, 0]",,,53.06,43.5,922773.2
SIMO,,1,"[0, 0, 0, 0, 0, 0, 0, 0, 1, 0]",,,336.22,79.53,724856.6
ENS,,1,"[0, 0, 0, 0, 0, 0, 0, 0, 1, 0]",,,242.66,108.67,588762.05
PRMB,,1,"[0, 0, 0, 0, 0, 0, 0, 0, 1, 0]",,,25.26,14.14,4412117.35
EMN,,1,"[0, 0, 0, 0, 0, 0, 0, 0, 1, 0]",,,78.5,53.69,1345908.65
CIFR,,1,"[0, 0, 0, 0, 0, 0, 0, 0, 1, 0]",,,29.18,12.02,34006458.1
QBTS,,1,"[0, 0, 0, 0, 0, 0, 0, 0, 1, 0]",,,44.78,12.98,15598613.2
ECG,,1,"[0, 0, 0, 0, 0, 0, 0, 0, 1, 0]",,,169.16,80.42,414775.55
FIGR,,1,"[0, 0, 0, 0, 0, 0, 0, 0, 1, 0]",,,73.91,24.91,4802915.0
ICL,,1,"[0, 0, 0, 0, 0, 0, 0, 0, 1, 0]",,,6.7,4.67,1157016.2
TKR,,1,"[0, 0, 0, 0, 0, 0, 0, 0, 1, 0]",,,144.93,69.84,945462.25
SSL,,1,"[0, 0, 0, 0, 0, 0, 0, 0, 1, 0]",,,15.14,5.33,1846631.75
KRMN,,1,"[0, 0, 0, 0, 0, 0, 0, 0, 1, 0]",,,115.29,31.39,3943199.65
BOKF,,1,"[0, 0, 0, 0, 0, 0, 0, 0, 1, 0]",,,145.44,101.73,272974.85
NXE,,1,"[0, 0, 0, 0, 0, 0, 0, 0, 1, 0]",,,13.92,7.56,4688012.8
NE,,1,"[0, 0, 0, 0, 0, 0, 0, 0, 1, 0]",,,53.23,25.47,1199929.15
AMG,387.26,10,"[1, 1, 1, 1, 1, 1, 1, 1, 1, 1]",366.04,326.07,387.26,230.75,309730.9
IDA,,1,"[0, 0, 0, 0, 0, 0, 0, 0, 1, 0]",,,153.61,122.42,691644.15
VIRT,,1,"[0, 0, 0, 0, 0, 0, 0, 0, 1, 0]",,,67.68,32.07,1340209.9
MSGS,,1,"[0, 0, 0, 0, 0, 0, 0, 0, 1, 0]",,,416.34,212.91,313671.1
ROAD,,1,"[0, 0, 0, 0, 0, 0, 0, 0, 1, 0]",,,140.48,88.33,653801.65
CMC,,1,"[0, 0, 0, 0, 0, 0, 0, 0, 1, 0]",,,82.67,54.7,1133630.25
JXN,,1,"[0, 0, 0, 0, 0, 0, 0, 0, 1, 0]",,,139.72,87.8,914249.65
ESE,,1,"[0, 0, 0, 0, 0, 0, 0, 0, 1, 0]",,,354.71,195.15,284992.3
GKOS,,1,"[0, 0, 0, 0, 0, 0, 0, 0, 1, 0]",,,189.55,74.67,1027615.2
CWEN,,1,"[0, 0, 0, 0, 0, 0, 0, 0, 1, 0]",,,40.64,28.9,1286033.25
CIG,,1,"[0, 0, 0, 0, 0, 0, 0, 0, 1, 0]",,,2.62,1.79,5463103.55
MBLY,,1,"[0, 0, 0, 0, 0, 0, 0, 0, 1, 0]",,,15.42,6.56,6433792.75
KNTK,,1,"[0, 0, 0, 0, 0, 0, 0, 0, 1, 0]",,,55.1,30.05,1411751.05
CHRD,,1,"[0, 0, 0, 0, 0, 0, 0, 0, 1, 0]",,,157.0,81.47,718828.75
MIDD,,1,"[0, 0, 0, 0, 0, 0, 0, 0, 1, 0]",,,144.17,89.85,619848.9
PCVX,,1,"[0, 0, 0, 0, 0, 0, 0, 0, 1, 0]",,,73.82,40.32,3436806.95
KEX,,1,"[0, 0, 0, 0, 0, 0, 0, 0, 1, 0]",,,152.59,79.95,485705.65
HALO,,1,"[0, 0, 0, 0, 0, 0, 0, 0, 1, 0]",,,115.22,61.63,2720468.5
YOU,,1,"[0, 0, 0, 0, 0, 0, 0, 0, 1, 0]",,,61.97,29.1,2196419.5
ORA,,1,"[0, 0, 0, 0, 0, 0, 0, 0, 1, 0]",,,144.94,88.64,862630.85
VLY,,1,"[0, 0, 0, 0, 0, 0, 0, 0, 1, 0]",,,15.07,9.39,8045799.0
VFC,,1,"[0, 0, 0, 0, 0, 0, 0, 0, 1, 0]",,,21.29,12.62,8812129.45
WFRD,,1,"[0, 0, 0, 0, 0, 0, 0, 0, 1, 0]",,,111.07,60.73,990635.15
CORZ,,1,"[0, 0, 0, 0, 0, 0, 0, 0, 1, 0]",,,29.16,13.57,11524867.4
TEX,,1,"[0, 0, 0, 0, 0, 0, 0, 0, 1, 0]",,,74.39,41.45,1407262.55
SOBO,,1,"[0, 0, 0, 0, 0, 0, 0, 0, 1, 0]",,,38.1,24.18,776948.5
FAF,,1,"[0, 0, 0, 0, 0, 0, 0, 0, 1, 0]",,,78.43,55.86,1031833.85
IDCC,,1,"[0, 0, 0, 0, 0, 0, 0, 0, 1, 0]",,,393.78,250.11,207853.05
OR,,1,"[0, 0, 0, 0, 0, 0, 0, 0, 1, 0]",,,47.47,28.0,822410.55
HXL,,1,"[0, 0, 0, 0, 0, 0, 0, 0, 1, 0]",,,110.09,60.71,936819.3
OGC,,1,"[0, 0, 0, 0, 0, 0, 0, 0, 1, 0]",,,42.25,20.99,702274.3
SLAB,,1,"[0, 0, 0, 0, 0, 0, 0, 0, 1, 0]",,,222.8,116.08,300963.55
RIG,,1,"[0, 0, 0, 0, 0, 0, 0, 0, 1, 0]",,,7.58,3.08,40835790.65
PLXS,,1,"[0, 0, 0, 0, 0, 0, 0, 0, 1, 0]",,,303.82,132.74,220727.35
GGAL,,1,"[0, 0, 0, 0, 0, 0, 0, 0, 1, 0]",,,58.55,30.84,898676.6
SSRM,,1,"[0, 0, 0, 0, 0, 0, 0, 0, 1, 0]",,,39.21,19.46,2355772.15
LTH,,1,"[0, 0, 0, 0, 0, 0, 0, 0, 1, 0]",,,45.73,24.59,3486377.65
KYMR,,1,"[0, 0, 0, 0, 0, 0, 0, 0, 1, 0]",,,127.31,55.8,888698.9
SM,,1,"[0, 0, 0, 0, 0, 0, 0, 0, 1, 0]",,,41.29,17.2,3936123.15
LEA,,1,"[0, 0, 0, 0, 0, 0, 0, 0, 1, 0]",,,147.77,94.39,672513.75
HR,,1,"[0, 0, 0, 0, 0, 0, 0, 0, 1, 0]",,,21.6,15.74,4859619.55
RHP,,1,"[0, 0, 0, 0, 0, 0, 0, 0, 1, 0]",,,134.65,82.15,586670.65
NOV,,1,"[0, 0, 0, 0, 0, 0, 0, 0, 1, 0]",,,21.62,12.04,3459340.25
DBX,,1,"[0, 0, 0, 0, 0, 0, 0, 0, 1, 0]",,,37.74,22.06,4696666.15
TFPM,,1,"[0, 0, 0, 0, 0, 0, 0, 0, 1, 0]",,,41.15,26.8,426358.2
AUGO,,1,"[0, 0, 0, 0, 0, 0, 0, 0, 1, 0]",,,107.02,29.37,1078744.15
MTDR,,1,"[0, 0, 0, 0, 0, 0, 0, 0, 1, 0]",,,64.51,36.03,1667160.15
MYRG,,1,"[0, 0, 0, 0, 0, 0, 0, 0, 1, 0]",,,501.13,196.57,249700.1
AVT,,1,"[0, 0, 0, 0, 0, 0, 0, 0, 1, 0]",,,106.94,43.47,1417335.85
LGN,,1,"[0, 0, 0, 0, 0, 0, 0, 0, 1, 0]",,,102.27,31.25,996983.4
BRKR,,1,"[0, 0, 0, 0, 0, 0, 0, 0, 1, 0]",,,64.75,32.66,2480386.15
SGHC,,1,"[0, 0, 0, 0, 0, 0, 0, 0, 1, 0]",,,15.53,8.42,2835639.15
STEP,,1,"[0, 0, 0, 0, 0, 0, 0, 0, 1, 0]",,,73.91,39.28,1172396.9
UGP,,1,"[0, 0, 0, 0, 0, 0, 0, 0, 1, 0]",,,7.79,3.53,4619495.0
VAL,,1,"[0, 0, 0, 0, 0, 0, 0, 0, 1, 0]",,,113.42,46.75,1110651.15
BLSH,,1,"[0, 0, 0, 0, 0, 0, 0, 0, 1, 0]",,,60.41,21.79,1395430.2
TGTX,,1,"[0, 0, 0, 0, 0, 0, 0, 0, 1, 0]",,,59.06,26.94,1922400.55
MIRM,,1,"[0, 0, 0, 0, 0, 0, 0, 0, 1, 0]",,,128.57,64.1,917033.8
ST,,1,"[0, 0, 0, 0, 0, 0, 0, 0, 1, 0]",,,53.41,28.29,1223954.55
NPO,,1,"[0, 0, 0, 0, 0, 0, 0, 0, 1, 0]",,,387.22,201.58,175263.35
PAYC,,1,"[0, 0, 0, 0, 0, 0, 0, 0, 1, 0]",,,240.52,113.1,707563.3
SYRE,,1,"[0, 0, 0, 0, 0, 0, 0, 0, 1, 0]",,,108.92,18.92,1602181.75
SWX,,1,"[0, 0, 0, 0, 0, 0, 0, 0, 1, 0]",,,92.72,75.03,831844.5
COMP,,1,"[0, 0, 0, 0, 0, 0, 0, 0, 1, 0]",,,13.58,6.68,17495018.5
AROC,,1,"[0, 0, 0, 0, 0, 0, 0, 0, 1, 0]",,,41.68,22.6,1714226.4
AXTI,,1,"[0, 0, 0, 0, 0, 0, 0, 0, 1, 0]",,,140.83,4.03,8417293.1
RSI,,1,"[0, 0, 0, 0, 0, 0, 0, 0, 1, 0]",,,34.52,15.89,3748045.25
RYTM,,1,"[0, 0, 0, 0, 0, 0, 0, 0, 1, 0]",,,117.62,75.82,847291.2
HIMS,,1,"[0, 0, 0, 0, 0, 0, 0, 0, 1, 0]",,,62.76,14.52,10295930.35
PTGX,,1,"[0, 0, 0, 0, 0, 0, 0, 0, 1, 0]",,,158.62,73.5,827731.35
ACA,,1,"[0, 0, 0, 0, 0, 0, 0, 0, 1, 0]",,,146.75,88.99,703854.4
FNB,,1,"[0, 0, 0, 0, 0, 0, 0, 0, 1, 0]",,,19.35,14.23,5132778.7
FLY,,1,"[0, 0, 0, 0, 0, 0, 0, 0, 1, 0]",,,58.81,16.78,3609646.35
CELC,,1,"[0, 0, 0, 0, 0, 0, 0, 0, 1, 0]",,,144.98,46.07,1321546.8
ENIC,,1,"[0, 0, 0, 0, 0, 0, 0, 0, 1, 0]",,,4.66,3.56,693472.05
INGM,,1,"[0, 0, 0, 0, 0, 0, 0, 0, 1, 0]",,,31.54,19.32,2046175.8
LUNR,,1,"[0, 0, 0, 0, 0, 0, 0, 0, 1, 0]",,,45.7,8.05,8465356.0
RGTI,,1,"[0, 0, 0, 0, 0, 0, 0, 0, 1, 0]",,,56.34,12.9,15367674.5
CLF,,1,"[0, 0, 0, 0, 0, 0, 0, 0, 1, 0]",,,16.18,7.82,16385687.25
CE,,1,"[0, 0, 0, 0, 0, 0, 0, 0, 1, 0]",,,69.19,35.47,1917617.05
LSTR,,1,"[0, 0, 0, 0, 0, 0, 0, 0, 1, 0]",,,224.86,119.03,343406.7
GVA,,1,"[0, 0, 0, 0, 0, 0, 0, 0, 1, 0]",,,160.08,98.09,690749.9
VIST,,1,"[0, 0, 0, 0, 0, 0, 0, 0, 1, 0]",,,79.25,35.02,972897.65
KGS,,1,"[0, 0, 0, 0, 0, 0, 0, 0, 1, 0]",,,75.7,32.17,1994335.5
URBN,,1,"[0, 0, 0, 0, 0, 0, 0, 0, 1, 0]",,,82.95,59.57,1056722.5
PTCT,,1,"[0, 0, 0, 0, 0, 0, 0, 0, 1, 0]",,,89.55,62.28,1328899.7
ETSY,,1,"[0, 0, 0, 0, 0, 0, 0, 0, 1, 0]",,,87.03,44.05,3203270.65
LNTH,,1,"[0, 0, 0, 0, 0, 0, 0, 0, 1, 0]",,,110.94,50.69,946961.5
VNO,,1,"[0, 0, 0, 0, 0, 0, 0, 0, 1, 0]",,,40.91,24.71,1431608.0
REZI,,1,"[0, 0, 0, 0, 0, 0, 0, 0, 1, 0]",,,30.97,17.2,2253823.35
OUT,,1,"[0, 0, 0, 0, 0, 0, 0, 0, 1, 0]",,,33.43,16.34,1744425.5
FLG,,1,"[0, 0, 0, 0, 0, 0, 0, 0, 1, 0]",,,15.35,10.69,5854361.95
EAT,,1,"[0, 0, 0, 0, 0, 0, 0, 0, 1, 0]",,,253.94,102.29,1580155.85
GXO,,1,"[0, 0, 0, 0, 0, 0, 0, 0, 1, 0]",,,65.59,44.17,1255304.65
COGT,,1,"[0, 0, 0, 0, 0, 0, 0, 0, 1, 0]",,,42.84,14.13,2228416.3
IBP,,1,"[0, 0, 0, 0, 0, 0, 0, 0, 1, 0]",,,340.11,184.4,481756.75
VSNT,,1,"[0, 0, 0, 0, 0, 0, 0, 0, 1, 0]",,,45.93,26.54,1924420.8
ABCB,,1,"[0, 0, 0, 0, 0, 0, 0, 0, 1, 0]",,,92.94,68.72,530730.3
TFX,,1,"[0, 0, 0, 0, 0, 0, 0, 0, 1, 0]",,,142.05,99.54,879938.0
IMVT,,1,"[0, 0, 0, 0, 0, 0, 0, 0, 1, 0]",,,44.96,17.03,1636221.15
CGON,,1,"[0, 0, 0, 0, 0, 0, 0, 0, 1, 0]",,,80.68,37.37,1090449.15
USAR,,1,"[0, 0, 0, 0, 0, 0, 0, 0, 1, 0]",,,38.68,11.9,13016322.5
ALKS,,1,"[0, 0, 0, 0, 0, 0, 0, 0, 1, 0]",,,55.22,27.2,2616405.9
CENX,,1,"[0, 0, 0, 0, 0, 0, 0, 0, 1, 0]",,,68.77,26.19,1844495.85
MSM,,1,"[0, 0, 0, 0, 0, 0, 0, 0, 1, 0]",,,130.38,78.9,831618.2
SRRK,,1,"[0, 0, 0, 0, 0, 0, 0, 0, 1, 0]",,,60.04,27.92,2515136.45
BLCO,,1,"[0, 0, 0, 0, 0, 0, 0, 0, 1, 0]",,,18.6,14.32,323845.85
PIPR,,1,"[0, 0, 0, 0, 0, 0, 0, 0, 1, 0]",,,92.26,63.79,897455.9
BKH,,1,"[0, 0, 0, 0, 0, 0, 0, 0, 1, 0]",,,76.52,57.79,1358648.5
KMX,,1,"[0, 0, 0, 0, 0, 0, 0, 0, 1, 0]",,,64.22,30.88,3677866.45
MAC,,1,"[0, 0, 0, 0, 0, 0, 0, 0, 1, 0]",,,26.31,15.68,3400453.65
CZR,,1,"[0, 0, 0, 0, 0, 0, 0, 0, 1, 0]",,,30.41,18.14,5681070.2
PRIM,,1,"[0, 0, 0, 0, 0, 0, 0, 0, 1, 0]",,,202.53,71.04,1449577.0
GLNG,,1,"[0, 0, 0, 0, 0, 0, 0, 0, 1, 0]",,,56.8,34.8,1487965.6
OSCR,,1,"[0, 0, 0, 0, 0, 0, 0, 0, 1, 0]",,,33.81,10.85,5458018.25
S,,1,"[0, 0, 0, 0, 0, 0, 0, 0, 1, 0]",,,25.8,11.94,9261480.15
CORT,,1,"[0, 0, 0, 0, 0, 0, 0, 0, 1, 0]",,,123.57,32.15,1725595.85
RUSHA,,1,"[0, 0, 0, 0, 0, 0, 0, 0, 1, 0]",,,55.02,30.75,731406.7
HWC,,1,"[0, 0, 0, 0, 0, 0, 0, 0, 1, 0]",,,79.25,52.98,922778.55
CACC,,1,"[0, 0, 0, 0, 0, 0, 0, 0, 1, 0]",,,657.2,411.04,125164.3
ZGN,,1,"[0, 0, 0, 0, 0, 0, 0, 0, 1, 0]",,,15.25,8.6,1096846.45
MATX,,1,"[0, 0, 0, 0, 0, 0, 0, 0, 1, 0]",,,238.6,87.23,311887.0
MCY,,1,"[0, 0, 0, 0, 0, 0, 0, 0, 1, 0]",,,110.77,75.21,335214.05
ALM,,1,"[0, 0, 0, 0, 0, 0, 0, 0, 1, 0]",,,23.42,5.59,6086302.7
BGC,,1,"[0, 0, 0, 0, 0, 0, 0, 0, 1, 0]",,,12.63,8.24,4203923.9
AUB,,1,"[0, 0, 0, 0, 0, 0, 0, 0, 1, 0]",,,43.01,30.43,1296017.35
GTX,,1,"[0, 0, 0, 0, 0, 0, 0, 0, 1, 0]",,,36.12,12.31,2507223.35
MRCY,,1,"[0, 0, 0, 0, 0, 0, 0, 0, 1, 0]",,,126.21,66.12,626288.45
VSEC,,1,"[0, 0, 0, 0, 0, 0, 0, 0, 1, 0]",,,243.48,154.64,461986.75
TEO,,1,"[0, 0, 0, 0, 0, 0, 0, 0, 1, 0]",,,15.98,7.26,284726.5
LBRT,,1,"[0, 0, 0, 0, 0, 0, 0, 0, 1, 0]",,,33.68,11.76,4079236.25
XENE,,1,"[0, 0, 0, 0, 0, 0, 0, 0, 1, 0]",,,70.96,36.16,2994816.3
SNDR,,1,"[0, 0, 0, 0, 0, 0, 0, 0, 1, 0]",,,38.54,19.98,758065.75
KLIC,,1,"[0, 0, 0, 0, 0, 0, 0, 0, 1, 0]",,,133.47,34.87,766211.3
SEI,,1,"[0, 0, 0, 0, 0, 0, 0, 0, 1, 0]",,,82.72,40.39,2542392.25
GOLF,,1,"[0, 0, 0, 0, 0, 0, 0, 0, 1, 0]",,,118.18,74.45,362727.55
BEPC,,1,"[0, 0, 0, 0, 0, 0, 0, 0, 1, 0]",,,42.99,27.97,1861795.9
VCTR,,1,"[0, 0, 0, 0, 0, 0, 0, 0, 1, 0]",,,120.59,59.26,750129.8
BC,,1,"[0, 0, 0, 0, 0, 0, 0, 0, 1, 0]",,,87.8,57.45,794679.0
MUR,,1,"[0, 0, 0, 0, 0, 0, 0, 0, 1, 0]",,,41.94,25.53,1649546.2
MGY,,1,"[0, 0, 0, 0, 0, 0, 0, 0, 1, 0]",,,31.94,20.84,5234943.55
CRSP,,1,"[0, 0, 0, 0, 0, 0, 0, 0, 1, 0]",,,73.97,44.34,1858082.8
PACS,,1,"[0, 0, 0, 0, 0, 0, 0, 0, 1, 0]",,,48.45,10.58,821644.0
HASI,,1,"[0, 0, 0, 0, 0, 0, 0, 0, 1, 0]",,,42.33,26.43,1109495.75
ATAT,,1,"[0, 0, 0, 0, 0, 0, 0, 0, 1, 0]",,,42.21,31.03,905585.25
CRC,,1,"[0, 0, 0, 0, 0, 0, 0, 0, 1, 0]",,,69.14,42.65,878295.3
LEGN,,1,"[0, 0, 0, 0, 0, 0, 0, 0, 1, 0]",,,36.28,16.65,2275235.15
PRM,,1,"[0, 0, 0, 0, 0, 0, 0, 0, 1, 0]",,,37.78,20.69,1365749.25
IFS,,1,"[0, 0, 0, 0, 0, 0, 0, 0, 1, 0]",,,60.68,36.99,216208.55
CROX,,1,"[0, 0, 0, 0, 0, 0, 0, 0, 1, 0]",,,141.19,73.39,1172547.15
CAR,,1,"[0, 0, 0, 0, 0, 0, 0, 0, 1, 0]",,,713.97,87.69,453518.8
M,,1,"[0, 0, 0, 0, 0, 0, 0, 0, 1, 0]",,,25.99,15.94,6582504.15
AVAL,,1,"[0, 0, 0, 0, 0, 0, 0, 0, 1, 0]",,,5.68,3.47,142121.3
KNF,,1,"[0, 0, 0, 0, 0, 0, 0, 0, 1, 0]",,,93.97,50.33,1167546.2
DIOD,,1,"[0, 0, 0, 0, 0, 0, 0, 0, 1, 0]",,,122.76,42.36,548663.25
SON,,1,"[0, 0, 0, 0, 0, 0, 0, 0, 1, 0]",,,60.0,37.64,1058397.1
WSC,,1,"[0, 0, 0, 0, 0, 0, 0, 0, 1, 0]",,,28.97,14.78,2957647.6
RELY,,1,"[0, 0, 0, 0, 0, 0, 0, 0, 1, 0]",,,26.92,12.2,3893250.9
SXT,,1,"[0, 0, 0, 0, 0, 0, 0, 0, 1, 0]",,,137.45,82.4,348705.7
ALH,,1,"[0, 0, 0, 0, 0, 0, 0, 0, 1, 0]",,,28.01,19.06,1168031.2
ACLS,,1,"[0, 0, 0, 0, 0, 0, 0, 0, 1, 0]",,,191.6,74.12,356948.2
LB,,1,"[0, 0, 0, 0, 0, 0, 0, 0, 1, 0]",,,89.59,44.0,229097.55
STVN,,1,"[0, 0, 0, 0, 0, 0, 0, 0, 1, 0]",,,27.51,13.38,304329.85
MWH,,1,"[0, 0, 0, 0, 0, 0, 0, 0, 1, 0]",,,46.77,23.81,1293105.85
BMA,,1,"[0, 0, 0, 0, 0, 0, 0, 0, 1, 0]",,,101.13,48.95,294244.35
TDS,,1,"[0, 0, 0, 0, 0, 0, 0, 0, 1, 0]",,,47.45,32.95,1798896.95
NOVT,,1,"[0, 0, 0, 0, 0, 0, 0, 0, 1, 0]",,,168.75,99.22,401665.7
MARA,,1,"[0, 0, 0, 0, 0, 0, 0, 0, 1, 0]",,,22.84,6.73,43187581.75
ACHR,,1,"[0, 0, 0, 0, 0, 0, 0, 0, 1, 0]",,,13.03,4.44,26137622.0
PSMT,,1,"[0, 0, 0, 0, 0, 0, 0, 0, 1, 0]",,,197.13,113.98,233532.3
SYNA,,1,"[0, 0, 0, 0, 0, 0, 0, 0, 1, 0]",,,147.57,58.52,1131461.05
OPEN,,1,"[0, 0, 0, 0, 0, 0, 0, 0, 1, 0]",,,9.37,2.27,32212261.1
PBF,,1,"[0, 0, 0, 0, 0, 0, 0, 0, 1, 0]",,,89.34,25.55,4087059.8
INDV,,1,"[0, 0, 0, 0, 0, 0, 0, 0, 1, 0]",,,41.83,23.78,2206592.05
ENPH,,1,"[0, 0, 0, 0, 0, 0, 0, 0, 1, 0]",,,72.33,26.12,4695357.25
KC,,1,"[0, 0, 0, 0, 0, 0, 0, 0, 1, 0]",,,18.21,8.58,1194812.95
MIAX,,1,"[0, 0, 0, 0, 0, 0, 0, 0, 1, 0]",,,56.84,30.18,2056102.3
TGS,,1,"[0, 0, 0, 0, 0, 0, 0, 0, 1, 0]",,,35.32,21.5,234318.05
DNTH,,1,"[0, 0, 0, 0, 0, 0, 0, 0, 1, 0]",,,115.96,32.92,955803.2
SPHR,,1,"[0, 0, 0, 0, 0, 0, 0, 0, 1, 0]",,,176.38,58.7,882295.3
MDU,,1,"[0, 0, 0, 0, 0, 0, 0, 0, 1, 0]",,,22.48,18.23,2078974.7
EBC,,1,"[0, 0, 0, 0, 0, 0, 0, 0, 1, 0]",,,23.49,16.27,2594117.8
HRB,,1,"[0, 0, 0, 0, 0, 0, 0, 0, 1, 0]",,,53.69,27.41,2120309.75
NAVN,,1,"[0, 0, 0, 0, 0, 0, 0, 0, 1, 0]",,,30.58,8.51,3877577.2
AIR,,1,"[0, 0, 0, 0, 0, 0, 0, 0, 1, 0]",,,153.71,77.35,718239.9
VSH,,1,"[0, 0, 0, 0, 0, 0, 0, 0, 1, 0]",,,64.7,11.61,3550404.05
PI,,1,"[0, 0, 0, 0, 0, 0, 0, 0, 1, 0]",,,241.91,91.34,401503.9
MEOH,,1,"[0, 0, 0, 0, 0, 0, 0, 0, 1, 0]",,,65.32,33.39,851320.8
NTSK,,1,"[0, 0, 0, 0, 0, 0, 0, 0, 1, 0]",,,24.26,7.73,7358955.5
QS,,1,"[0, 0, 0, 0, 0, 0, 0, 0, 1, 0]",,,18.44,4.52,12660215.4
CVLT,,1,"[0, 0, 0, 0, 0, 0, 0, 0, 1, 0]",,,176.43,75.18,619808.6
CSTM,,1,"[0, 0, 0, 0, 0, 0, 0, 0, 1, 0]",,,36.15,14.41,1659949.6
LAUR,,1,"[0, 0, 0, 0, 0, 0, 0, 0, 1, 0]",,,40.46,28.87,1135227.35
PAM,,1,"[0, 0, 0, 0, 0, 0, 0, 0, 1, 0]",,,92.27,59.3,182969.85
PAGP,,1,"[0, 0, 0, 0, 0, 0, 0, 0, 1, 0]",,,28.47,15.63,1641583.1
CVSA,,1,"[0, 0, 0, 0, 0, 0, 0, 0, 1, 0]",,,153.98,89.36,356148.85
ATMU,,1,"[0, 0, 0, 0, 0, 0, 0, 0, 1, 0]",,,65.42,42.6,817079.35
FTDR,,1,"[0, 0, 0, 0, 0, 0, 0, 0, 1, 0]",,,90.83,49.1,655100.4
MMYT,,1,"[0, 0, 0, 0, 0, 0, 0, 0, 1, 0]",,,92.25,36.3,1163297.1
INSW,,1,"[0, 0, 0, 0, 0, 0, 0, 0, 1, 0]",,,121.82,37.13,831908.3
HCC,,1,"[0, 0, 0, 0, 0, 0, 0, 0, 1, 0]",,,110.18,62.14,689072.3
NAMS,,1,"[0, 0, 0, 0, 0, 0, 0, 0, 1, 0]",,,41.45,21.16,1769816.4
KNSA,,1,"[0, 0, 0, 0, 0, 0, 0, 0, 1, 0]",,,80.92,37.01,546423.75
SHC,,1,"[0, 0, 0, 0, 0, 0, 0, 0, 1, 0]",,,19.57,13.13,2049607.5
TBBB,,1,"[0, 0, 0, 0, 0, 0, 0, 0, 1, 0]",,,54.24,24.71,681376.35
HRI,,1,"[0, 0, 0, 0, 0, 0, 0, 0, 1, 0]",,,178.47,90.13,887611.9
NWE,,1,"[0, 0, 0, 0, 0, 0, 0, 0, 1, 0]",,,74.63,55.16,625906.3
FLNC,,1,"[0, 0, 0, 0, 0, 0, 0, 0, 1, 0]",,,32.23,7.27,8606118.5
YSS,,1,"[0, 0, 0, 0, 0, 0, 0, 0, 1, 0]",,,43.45,7.23,3532756.25
LGND,,1,"[0, 0, 0, 0, 0, 0, 0, 0, 1, 0]",,,322.61,177.73,271562.15
IPGP,,1,"[0, 0, 0, 0, 0, 0, 0, 0, 1, 0]",,,153.91,70.74,428775.7
CBT,,1,"[0, 0, 0, 0, 0, 0, 0, 0, 1, 0]",,,92.88,57.32,436657.5
GTLB,,1,"[0, 0, 0, 0, 0, 0, 0, 0, 1, 0]",,,53.56,19.42,3832671.75
BCO,,1,"[0, 0, 0, 0, 0, 0, 0, 0, 1, 0]",,,134.96,91.97,445657.75
HAFN,,1,"[0, 0, 0, 0, 0, 0, 0, 0, 1, 0]",,,10.85,4.53,3307179.4
WIX,,1,"[0, 0, 0, 0, 0, 0, 0, 0, 1, 0]",,,145.54,40.43,1056451.95
AZZ,,1,"[0, 0, 0, 0, 0, 0, 0, 0, 1, 0]",,,159.9,97.18,262705.9
ONDS,,1,"[0, 0, 0, 0, 0, 0, 0, 0, 1, 0]",,,14.01,5.25,60780854.95
UNF,,1,"[0, 0, 0, 0, 0, 0, 0, 0, 1, 0]",,,300.79,149.11,366275.85
IRDM,,1,"[0, 0, 0, 0, 0, 0, 0, 0, 1, 0]",,,55.54,15.52,1217001.2
MANE,,1,"[0, 0, 0, 0, 0, 0, 0, 0, 1, 0]",,,129.74,37.03,965909.55
STNG,,1,"[0, 0, 0, 0, 0, 0, 0, 0, 1, 0]",,,88.15,48.65,1222806.35
TCBI,90.34,4,"[0, 0, 0, 0, 1, 1, 0, 1, 1, 0]",96.96,98.35,107.52,76.77,615220.0
TPC,83.36,8,"[0, 1, 1, 1, 1, 1, 1, 1, 1, 0]",88.28,80.72,99.01,58.56,454915.0
ENVA,178.07,5,"[0, 0, 0, 1, 1, 1, 1, 0, 1, 0]",217.36,182.71,265.45,104.01,458010.0
PLUG,1.68,2,"[0, 0, 0, 0, 1, 0, 0, 0, 1, 0]",2.09,2.45,4.14,1.68,47410685.0
HNGE,102.9,10,"[1, 1, 1, 1, 1, 1, 1, 1, 1, 1]",90.95,62.43,102.9,31.17,1913510.0
WHD,63.43,8,"[0, 1, 1, 1, 1, 1, 1, 1, 1, 0]",67.77,57.06,73.57,33.05,744880.0
PTEN,11.31,8,"[0, 1, 1, 1, 1, 1, 1, 1, 1, 0]",11.56,10.03,13.15,5.15,7745455.0
SMR,7.2,1,"[0, 0, 0, 0, 0, 0, 0, 0, 1, 0]",8.95,11.73,53.43,7.2,36138340.0
CMBT,20.6,10,"[1, 1, 1, 1, 1, 1, 1, 1, 1, 1]",18.46,14.46,20.81,8.61,1079145.0
CNO,52.99,8,"[0, 1, 1, 1, 1, 1, 1, 1, 1, 0]",54.48,47.36,56.56,37.9,1134670.0
BETA,20.98,5,"[0, 1, 1, 1, 0, 0, 1, 0, 1, 0]",22.24,19.75,36.8,13.59,3707885.0
CNR,88.46,4,"[0, 0, 0, 1, 0, 1, 0, 1, 1, 0]",92.92,90.9,113.0,75.66,523080.0
BLLN,98.09,6,"[0, 0, 1, 1, 1, 1, 1, 0, 1, 0]",104.35,95.29,149.97,64.03,640765.0
ZETA,33.09,10,"[1, 1, 1, 1, 1, 1, 1, 1, 1, 1]",29.65,21.65,33.74,14.55,6010615.0
NVTS,10.78,4,"[0, 0, 0, 0, 1, 1, 1, 0, 1, 0]",12.11,13.3,31.79,7.14,15502505.0
FHI,56.52,5,"[0, 0, 0, 1, 1, 1, 0, 1, 1, 0]",60.64,56.65,65.39,46.07,768405.0
COLD,13.99,8,"[0, 1, 1, 1, 1, 1, 1, 1, 1, 0]",14.32,13.29,15.99,9.46,3479950.0
LMND,46.46,1,"[0, 0, 0, 0, 0, 0, 0, 0, 1, 0]",49.95,60.9,96.57,43.91,1123180.0
AMRX,19.91,10,"[1, 1, 1, 1, 1, 1, 1, 1, 1, 1]",18.47,15.19,20.5,9.72,3433995.0
LPL,2.89,1,"[0, 0, 0, 0, 0, 0, 0, 0, 1, 0]",3.18,3.99,5.76,2.79,2356680.0
TREX,44.78,8,"[0, 1, 1, 1, 1, 1, 1, 1, 1, 0]",45.59,42.32,53.14,30.13,1588810.0
DOO,52.96,2,"[0, 0, 0, 1, 0, 0, 0, 0, 1, 0]",60.82,64.34,80.96,50.63,271800.0
MTRN,280.45,10,"[1, 1, 1, 1, 1, 1, 1, 1, 1, 1]",259.4,203.5,319.18,111.13,285330.0
XMTR,111.07,10,"[1, 1, 1, 1, 1, 1, 1, 1, 1, 1]",94.35,73.59,111.07,36.1,932210.0
NP,28.74,8,"[0, 1, 1, 1, 1, 1, 1, 1, 1, 0]",30.83,27.41,35.11,17.14,611845.0
LASR,38.48,4,"[0, 0, 0, 0, 1, 1, 1, 0, 1, 0]",46.02,57.91,84.95,28.07,845770.0
CAAP,24.54,5,"[1, 1, 0, 0, 0, 0, 1, 1, 1, 0]",24.09,24.96,29.21,16.99,317770.0
TNL,62.62,2,"[0, 0, 0, 0, 0, 0, 0, 1, 1, 0]",68.04,69.79,77.73,56.16,739735.0
PVH,81.35,8,"[1, 1, 1, 0, 1, 0, 1, 1, 1, 1]",77.42,76.25,98.72,60.81,909635.0
LBTYA,8.66,1,"[0, 0, 0, 0, 0, 0, 0, 0, 1, 0]",10.17,11.24,13.03,8.66,3561485.0
CRGY,12.66,8,"[0, 1, 1, 1, 1, 1, 1, 1, 1, 0]",13.2,11.46,15.37,7.53,8527505.0
COCO,58.39,5,"[0, 0, 0, 0, 1, 1, 1, 0, 1, 1]",59.42,61.42,84.02,39.07,1449685.0
POWI,49.12,4,"[0, 0, 0, 0, 1, 1, 1, 0, 1, 0]",54.17,57.93,86.99,30.39,753160.0
LEU,142.44,1,"[0, 0, 0, 0, 0, 0, 0, 0, 1, 0]",166.66,198.08,436.0,138.18,761230.0
ANDG,56.82,9,"[1, 1, 1, 1, 1, 0, 1, 1, 1, 1]",52.87,36.48,57.45,18.34,495380.0
KTB,65.62,2,"[0, 0, 0, 0, 1, 0, 0, 0, 1, 0]",72.65,70.77,87.53,56.22,751165.0
MRX,71.92,9,"[1, 1, 1, 1, 1, 1, 1, 1, 1, 0]",70.83,54.63,78.27,29.51,745195.0
ARIS,17.33,5,"[0, 0, 0, 1, 0, 1, 1, 1, 1, 0]",18.41,17.96,22.68,9.09,1674975.0
DLO,15.23,10,"[1, 1, 1, 1, 1, 1, 1, 1, 1, 1]",14.62,13.42,15.78,10.83,1630715.0
GFF,90.59,8,"[0, 1, 1, 1, 1, 1, 1, 1, 1, 0]",97.47,87.63,106.98,66.11,386245.0
TDW,85.42,8,"[0, 1, 1, 1, 1, 1, 1, 1, 1, 0]",88.33,77.17,100.61,47.29,576860.0
OPLN,36.71,10,"[1, 1, 1, 1, 1, 1, 1, 1, 1, 1]",35.44,33.63,42.9,24.49,1210590.0
KAI,260.43,1,"[0, 0, 0, 0, 0, 0, 0, 0, 1, 0]",294.5,308.62,,,167240.0
BBWI,17.34,1,"[0, 0, 0, 0, 0, 0, 0, 0, 1, 0]",18.25,19.52,25.92,14.41,7211940.0
TVTX,52.12,8,"[0, 1, 1, 1, 1, 1, 1, 1, 1, 0]",62.02,45.48,67.52,25.16,1935620.0
LIVN,76.39,8,"[0, 1, 1, 1, 1, 1, 1, 1, 1, 0]",78.75,71.68,85.32,49.57,661955.0
NVST,23.0,5,"[0, 0, 0, 1, 1, 1, 0, 1, 1, 0]",25.96,25.69,30.26,18.95,3013075.0
ACMR,71.37,6,"[0, 0, 1, 1, 1, 1, 1, 0, 1, 0]",76.27,67.9,126.89,29.67,1334275.0
UCTT,68.59,4,"[0, 0, 0, 0, 1, 1, 1, 0, 1, 0]",75.99,72.91,142.59,21.65,999305.0
HGV,34.53,1,"[0, 0, 0, 0, 0, 0, 0, 0, 1, 0]",40.53,45.37,54.69,34.05,1197485.0
PII,51.6,1,"[0, 0, 0, 0, 0, 0, 0, 0, 1, 0]",60.59,62.47,73.91,46.92,865430.0
SKE,32.59,9,"[1, 1, 1, 1, 0, 1, 1, 1, 1, 1]",31.83,30.18,38.12,15.54,512025.0
EE,34.76,6,"[0, 0, 0, 1, 1, 1, 1, 1, 1, 0]",36.71,35.57,42.6,24.99,471120.0
ORKA,82.11,7,"[0, 1, 1, 1, 1, 1, 1, 0, 1, 0]",94.66,65.19,113.08,24.49,1091030.0
RNG,79.27,10,"[1, 1, 1, 1, 1, 1, 1, 1, 1, 1]",70.33,45.29,79.82,24.69,1583620.0
CATY,59.12,8,"[0, 1, 1, 1, 1, 1, 1, 1, 1, 0]",61.89,55.97,64.53,43.96,508695.0
ACAD,19.78,2,"[0, 0, 0, 1, 0, 0, 0, 0, 1, 0]",26.34,24.21,30.57,19.58,2486590.0
DAN,29.34,5,"[0, 0, 0, 0, 1, 1, 1, 1, 1, 0]",29.49,30.83,38.62,17.84,1461710.0
EWTX,39.06,8,"[0, 1, 1, 1, 1, 1, 1, 1, 1, 0]",42.77,35.23,48.35,14.7,1817980.0
TAC,13.13,6,"[1, 1, 1, 0, 1, 0, 0, 0, 1, 1]",12.26,12.83,17.53,11.5,1645920.0
SOUN,5.39,1,"[0, 0, 0, 0, 0, 0, 0, 0, 1, 0]",6.54,7.66,21.4,5.39,17153630.0
JOE,64.86,5,"[0, 0, 0, 1, 0, 1, 1, 1, 1, 0]",66.09,65.24,72.27,46.43,296485.0
HP,39.88,8,"[0, 1, 1, 1, 1, 1, 1, 1, 1, 0]",41.06,36.32,47.64,21.23,1117625.0
INDB,77.02,5,"[0, 0, 0, 1, 1, 1, 0, 1, 1, 0]",81.71,78.99,86.48,62.36,449475.0
FG,19.26,1,"[0, 0, 0, 0, 0, 0, 0, 0, 1, 0]",23.84,26.02,33.62,19.26,855880.0
BB,8.91,9,"[1, 1, 1, 1, 1, 1, 1, 0, 1, 1]",8.4,6.5,12.81,3.15,19930740.0
PPTA,20.64,1,"[0, 0, 0, 0, 0, 0, 0, 0, 1, 0]",23.4,26.21,37.22,16.9,964230.0
LRN,85.59,7,"[1, 0, 1, 0, 1, 1, 1, 0, 1, 1]",81.8,84.97,153.53,61.02,706555.0
BULL,6.31,3,"[0, 0, 0, 1, 0, 0, 1, 0, 1, 0]",8.06,7.02,11.75,4.63,17067235.0
BELFB,244.5,4,"[0, 0, 0, 0, 1, 1, 1, 0, 1, 0]",258.27,245.58,332.96,134.24,151995.0
WSFS,75.39,8,"[0, 1, 1, 1, 1, 1, 1, 1, 1, 0]",78.93,70.9,82.09,49.8,364475.0
LQDA,27.38,4,"[0, 0, 0, 1, 1, 1, 0, 0, 1, 0]",66.07,54.01,91.03,22.02,4908705.0
ALHC,7.55,1,"[0, 0, 0, 0, 0, 0, 0, 0, 1, 0]",11.52,17.72,24.56,7.55,14602805.0
AAUC,20.56,2,"[0, 0, 0, 0, 0, 0, 1, 0, 1, 0]",21.89,26.44,32.01,14.66,491380.0
CGAU,22.54,9,"[1, 1, 1, 1, 1, 1, 1, 1, 1, 0]",22.0,18.42,24.25,10.74,1166865.0
OII,44.81,8,"[0, 1, 1, 1, 1, 1, 1, 1, 1, 0]",48.72,39.07,54.11,22.2,898245.0
VKTX,28.51,2,"[0, 0, 0, 0, 1, 0, 0, 0, 1, 0]",32.79,33.01,42.13,26.29,9254650.0
CLSK,10.49,2,"[0, 0, 0, 0, 1, 0, 0, 0, 1, 0]",12.71,12.57,23.2,8.18,17045495.0
SII,115.76,4,"[0, 0, 0, 0, 1, 1, 1, 0, 1, 0]",122.99,125.84,165.32,79.04,109345.0
VECO,52.28,8,"[1, 1, 1, 0, 1, 1, 1, 0, 1, 1]",48.3,46.02,83.04,26.39,721215.0
RUM,6.96,6,"[0, 0, 1, 1, 1, 1, 1, 0, 1, 0]",7.95,6.78,10.23,4.67,6171300.0
WRBY,25.3,8,"[0, 1, 1, 1, 0, 1, 1, 1, 1, 1]",25.66,25.19,30.34,16.49,3568610.0
TLX,11.21,8,"[0, 1, 1, 1, 1, 1, 1, 1, 1, 0]",11.46,9.73,12.83,6.41,511815.0
RXO,29.08,10,"[1, 1, 1, 1, 1, 1, 1, 1, 1, 1]",21.76,19.93,29.3,10.48,3637490.0
BTE,4.81,9,"[1, 1, 1, 1, 1, 1, 1, 1, 1, 0]",4.65,4.23,5.28,2.19,18713965.0
LION,11.13,4,"[0, 0, 0, 0, 1, 1, 1, 0, 1, 0]",11.57,11.43,16.4,5.91,3195520.0
TWST,159.78,10,"[1, 1, 1, 1, 1, 1, 1, 1, 1, 1]",143.66,80.44,205.0,25.45,3238010.0
FIBK,34.52,5,"[0, 0, 0, 1, 1, 1, 0, 1, 1, 0]",37.06,35.67,39.73,27.83,1364505.0
BFH,100.58,8,"[0, 1, 1, 1, 1, 1, 1, 1, 1, 0]",105.8,89.41,113.15,53.47,637975.0
BHF,48.53,1,"[0, 0, 0, 0, 0, 0, 0, 0, 1, 0]",53.59,60.43,66.61,45.14,1029345.0
SLG,48.41,8,"[0, 1, 1, 1, 1, 1, 1, 1, 1, 0]",53.0,45.58,59.08,33.88,873215.0
HYMC,19.19,3,"[0, 0, 0, 0, 0, 1, 1, 0, 1, 0]",22.69,30.85,55.74,6.75,2164680.0
OGN,13.81,10,"[1, 1, 1, 1, 1, 1, 1, 1, 1, 1]",13.7,11.04,13.81,5.68,2215070.0
SIG,105.22,9,"[1, 1, 1, 1, 0, 1, 1, 1, 1, 1]",94.15,89.55,105.89,73.65,868305.0
GNW,9.4,7,"[0, 1, 1, 1, 1, 1, 0, 1, 1, 0]",9.88,9.11,10.6,7.94,4794055.0
HWKN,130.0,3,"[1, 0, 0, 0, 0, 0, 0, 0, 1, 1]",126.15,143.82,173.95,117.67,174420.0
CTRI,20.9,2,"[0, 0, 0, 0, 0, 0, 0, 0, 1, 1]",21.38,27.83,41.8,19.07,1916745.0
RUN,7.64,1,"[0, 0, 0, 0, 0, 0, 0, 0, 1, 0]",8.87,13.28,21.41,7.59,8022340.0
ASO,53.49,5,"[1, 1, 1, 0, 0, 0, 0, 1, 1, 0]",48.1,52.11,60.65,41.26,1659390.0
HSAI,16.01,1,"[0, 0, 0, 0, 0, 0, 0, 0, 1, 0]",17.31,20.7,28.79,14.6,956840.0
ATS,17.65,1,"[0, 0, 0, 0, 0, 0, 0, 0, 1, 0]",19.9,27.39,35.38,17.65,231880.0
CC,13.61,4,"[0, 0, 0, 0, 1, 1, 1, 0, 1, 0]",15.01,18.26,27.68,10.33,2010380.0
BKU,42.28,2,"[0, 0, 0, 0, 0, 0, 0, 1, 1, 0]",44.93,45.8,49.84,34.37,1077770.0
TRMD,39.94,10,"[1, 1, 1, 1, 1, 1, 1, 1, 1, 1]",32.63,27.08,41.05,16.82,2615620.0
VEON,76.81,10,"[1, 1, 1, 1, 1, 1, 1, 1, 1, 1]",64.79,55.47,77.19,43.57,200110.0
SUNC,74.85,8,"[0, 1, 1, 1, 1, 1, 1, 1, 1, 0]",76.42,64.68,82.38,45.83,564260.0
MANU,20.51,9,"[0, 1, 1, 1, 1, 1, 1, 1, 1, 1]",21.53,19.56,24.19,15.2,405805.0
AAP,42.3,2,"[0, 0, 0, 0, 1, 0, 0, 0, 1, 0]",45.9,50.93,62.36,37.95,1757630.0
AVNT,37.79,8,"[0, 1, 1, 1, 1, 1, 1, 1, 1, 0]",42.06,37.43,46.03,26.64,786245.0
CVI,58.02,10,"[1, 1, 1, 1, 1, 1, 1, 1, 1, 1]",44.6,32.95,59.54,20.59,1067675.0
SA,28.08,3,"[0, 0, 0, 1, 0, 1, 0, 0, 1, 0]",30.48,30.31,39.35,22.09,509685.0
AMBA,67.43,4,"[0, 0, 0, 1, 1, 0, 1, 0, 1, 0]",71.77,67.99,95.51,48.65,1374335.0
APLE,16.31,10,"[1, 1, 1, 1, 1, 1, 1, 1, 1, 1]",15.94,13.91,16.82,10.47,2675065.0
CHEF,114.32,10,"[1, 1, 1, 1, 1, 1, 1, 1, 1, 1]",111.09,83.45,116.42,57.1,599450.0
BEAM,25.7,2,"[0, 0, 0, 0, 0, 0, 0, 0, 1, 1]",26.52,28.44,37.92,20.6,1919870.0
CWK,11.62,1,"[0, 0, 0, 0, 0, 0, 0, 0, 1, 0]",13.2,13.73,17.2,11.42,2571035.0
TNGX,23.81,7,"[0, 0, 1, 1, 1, 1, 1, 0, 1, 1]",24.52,21.3,32.9,7.14,3485970.0
EFXT,24.04,9,"[1, 1, 1, 0, 1, 1, 1, 1, 1, 1]",22.1,21.94,28.32,10.69,616500.0
DAVE,368.42,10,"[1, 1, 1, 1, 1, 1, 1, 1, 1, 1]",353.38,277.52,442.53,155.92,307020.0
FSM,10.92,7,"[0, 1, 1, 1, 0, 1, 1, 1, 1, 0]",11.31,10.33,13.66,7.84,5614530.0
VRNS,50.12,10,"[1, 1, 1, 1, 1, 1, 1, 1, 1, 1]",45.2,34.4,63.0,20.19,1653150.0
NATL,45.79,8,"[0, 1, 1, 1, 1, 1, 1, 1, 1, 0]",46.14,43.91,48.13,34.13,857740.0
ADEA,23.9,4,"[0, 0, 0, 0, 1, 1, 1, 0, 1, 0]",26.35,25.24,33.5,11.62,1141297.7
BTDR,9.63,3,"[0, 0, 0, 0, 1, 0, 1, 0, 1, 0]",10.9,12.0,25.9,7.28,9669425.0
BATRK,52.0,10,"[1, 1, 1, 1, 1, 1, 1, 1, 1, 1]",51.61,47.37,54.29,38.04,556120.0
SEZL,128.64,9,"[1, 1, 1, 1, 1, 1, 1, 0, 1, 1]",122.94,104.18,188.55,50.97,529460.0
BBAR,12.65,2,"[0, 0, 0, 0, 0, 0, 1, 0, 1, 0]",14.81,16.46,21.73,9.03,555790.0
PARR,81.89,9,"[1, 1, 1, 1, 1, 1, 1, 1, 1, 0]",80.08,60.82,87.65,33.28,993500.0
VCYT,45.23,8,"[1, 1, 1, 1, 1, 0, 1, 0, 1, 1]",43.76,42.56,60.49,30.01,1549650.0
COLM,57.04,5,"[0, 0, 0, 0, 1, 1, 0, 1, 1, 1]",57.5,58.96,67.45,47.94,715245.0
FFBC,30.9,7,"[0, 0, 1, 1, 1, 1, 1, 1, 1, 0]",32.53,30.13,35.89,22.46,964640.0
FSLY,29.3,10,"[1, 1, 1, 1, 1, 1, 1, 1, 1, 1]",24.85,20.36,33.5,7.86,8209850.0
ZIM,29.99,10,"[1, 1, 1, 1, 1, 1, 1, 1, 1, 1]",28.36,25.66,30.51,12.03,1586060.0
RCUS,24.41,6,"[0, 0, 0, 1, 1, 1, 1, 1, 1, 0]",27.47,24.82,31.57,14.6,1570550.0
CALY,13.67,4,"[0, 0, 0, 0, 1, 1, 1, 0, 1, 0]",15.65,15.35,19.66,8.39,2356140.0
BOH,66.81,4,"[0, 0, 0, 0, 1, 1, 0, 1, 1, 0]",74.77,75.39,85.07,57.61,524115.0
UNFI,44.51,6,"[0, 0, 0, 0, 1, 1, 1, 1, 1, 1]",46.1,44.68,55.52,31.42,663405.0
SXI,285.01,8,"[0, 0, 1, 1, 1, 1, 1, 1, 1, 1]",293.12,275.22,357.31,216.08,142845.0
PLAB,29.62,5,"[0, 0, 0, 0, 1, 1, 1, 0, 1, 1]",30.26,35.81,54.96,20.28,815725.0
ERAS,16.03,8,"[0, 1, 1, 1, 1, 1, 1, 0, 1, 1]",16.55,14.26,22.47,2.2,5329125.0
EXTR,24.19,8,"[1, 1, 1, 0, 1, 1, 1, 0, 1, 1]",23.26,21.58,33.71,13.74,1620210.0
YETI,39.79,2,"[0, 0, 0, 0, 0, 0, 0, 1, 1, 0]",43.45,44.3,52.68,32.11,1818030.0
CARG,28.85,3,"[0, 0, 0, 1, 1, 0, 0, 0, 1, 0]",34.14,33.39,39.03,26.96,1649130.0
MPT,3.14,1,"[0, 0, 0, 0, 0, 0, 0, 0, 1, 0]",3.81,4.55,5.66,3.14,12562765.0
DNLI,19.45,5,"[0, 0, 0, 1, 1, 1, 1, 0, 1, 0]",22.41,21.11,27.21,14.41,1975395.0
BKD,10.12,2,"[0, 0, 0, 0, 0, 1, 0, 0, 1, 0]",12.03,13.4,16.77,8.59,5359850.0
CON,37.19,10,"[1, 1, 1, 1, 1, 1, 1, 1, 1, 1]",34.59,26.97,37.19,18.52,1133065.0
ETOR,25.9,2,"[0, 0, 0, 0, 1, 0, 0, 0, 1, 0]",29.67,33.51,43.93,24.76,1066685.0
LXP,61.0,10,"[1, 1, 1, 1, 1, 1, 1, 1, 1, 1]",60.81,53.0,61.15,42.24,877380.0
MSGE,80.84,10,"[1, 1, 1, 1, 1, 1, 1, 1, 1, 1]",79.64,68.7,88.42,41.77,620875.0
BWLP,26.0,10,"[1, 1, 1, 1, 1, 1, 1, 1, 1, 1]",23.66,18.38,26.32,10.74,398865.0
KYIV,12.1,3,"[0, 0, 0, 1, 1, 0, 0, 0, 1, 0]",13.21,12.89,16.17,9.33,339030.0
BHE,81.47,10,"[1, 1, 1, 1, 1, 1, 1, 1, 1, 1]",78.14,70.38,98.47,35.58,416405.0
CAKE,108.45,10,"[1, 1, 1, 1, 1, 1, 1, 1, 1, 1]",106.84,75.02,117.29,42.61,1318690.0
HG,34.52,8,"[0, 1, 1, 1, 1, 1, 1, 1, 1, 0]",34.8,31.26,37.28,21.72,407185.0
DHT,24.64,10,"[1, 1, 1, 1, 1, 1, 1, 1, 1, 1]",20.56,16.65,24.93,9.88,4480610.0
AEHR,84.64,6,"[0, 0, 1, 1, 1, 1, 1, 0, 1, 0]",98.02,71.36,145.61,19.4,2391370.0
OLN,14.89,1,"[0, 0, 0, 0, 0, 0, 0, 0, 1, 0]",17.3,22.44,29.59,14.89,4186665.0
SBLK,29.7,8,"[0, 1, 1, 1, 1, 1, 1, 1, 1, 0]",29.89,24.92,32.48,15.65,1942015.0
VC,85.43,2,"[0, 0, 0, 0, 1, 0, 0, 0, 1, 0]",98.5,100.67,123.44,83.87,571605.0
TTAM,13.08,1,"[0, 0, 0, 0, 0, 0, 0, 0, 1, 0]",14.64,16.2,19.26,13.08,247100.0
BKV,24.24,4,"[1, 0, 0, 0, 0, 0, 0, 1, 1, 1]",24.14,26.93,32.16,20.24,1659140.0
HIMX,13.3,6,"[0, 0, 1, 1, 1, 1, 1, 0, 1, 0]",14.04,12.37,23.77,6.81,1095495.0
BANC,17.3,2,"[0, 0, 0, 0, 0, 0, 0, 1, 1, 0]",18.41,18.89,21.69,15.18,2669565.0
SBCF,31.74,4,"[0, 0, 0, 1, 0, 1, 0, 1, 1, 0]",33.82,32.13,35.93,28.13,904885.0
KN,37.56,10,"[1, 1, 1, 1, 1, 1, 1, 1, 1, 1]",36.59,32.11,42.8,20.67,665705.0
ALMS,7.16,2,"[0, 0, 0, 0, 0, 0, 1, 0, 1, 0]",15.66,22.02,30.3,4.44,2838825.0
SDRL,46.15,8,"[0, 1, 1, 1, 1, 1, 1, 1, 1, 0]",46.54,43.94,54.8,28.4,612830.0
CRVL,77.16,10,"[1, 1, 1, 1, 1, 1, 1, 1, 1, 1]",69.48,61.55,77.55,46.0,224315.0
ITGR,126.61,10,"[1, 1, 1, 1, 1, 1, 1, 1, 1, 1]",125.68,97.35,126.65,63.32,785200.0
SUPN,42.67,2,"[0, 0, 0, 0, 0, 0, 0, 0, 1, 1]",44.33,48.03,57.0,41.28,699380.0
XXI,6.29,4,"[1, 0, 0, 0, 0, 0, 1, 0, 1, 1]",5.78,6.67,21.63,4.27,2603930.0
LFST,12.42,9,"[1, 1, 1, 1, 1, 1, 1, 1, 1, 0]",12.16,8.93,13.38,4.81,5002350.0
TDC,30.59,7,"[1, 1, 1, 0, 0, 0, 1, 1, 1, 1]",28.7,29.77,37.88,20.42,1698400.0
NMRK,12.12,1,"[0, 0, 0, 0, 0, 0, 0, 0, 1, 0]",14.37,15.2,19.25,12.12,2219095.0
ERO,37.61,9,"[1, 1, 1, 1, 0, 1, 1, 1, 1, 1]",35.5,30.35,40.4,19.89,1286015.0
JOYY,81.05,10,"[1, 1, 1, 1, 1, 1, 1, 1, 1, 1]",75.29,64.42,81.33,50.64,355430.0
EXK,8.65,3,"[0, 0, 0, 1, 0, 1, 0, 0, 1, 0]",9.84,9.92,14.12,7.07,7269125.0
SHOO,44.3,9,"[0, 1, 1, 1, 1, 1, 1, 1, 1, 1]",44.84,40.97,48.82,31.06,1154460.0
PHIN,57.83,3,"[0, 0, 0, 0, 1, 1, 0, 0, 1, 0]",67.03,71.42,84.79,50.56,480185.0
ARX,19.8,9,"[1, 1, 1, 1, 1, 1, 1, 1, 1, 0]",18.4,14.7,19.88,9.36,2119045.0
KALU,151.51,6,"[0, 0, 0, 1, 1, 1, 1, 1, 1, 0]",160.87,151.6,194.8,74.93,216945.0
PAGS,11.16,8,"[1, 1, 1, 0, 0, 1, 1, 1, 1, 1]",9.19,9.43,11.38,8.19,4536340.0
CECO,65.82,4,"[0, 0, 0, 0, 1, 1, 1, 0, 1, 0]",72.44,72.3,99.67,47.44,795765.0
WT,22.61,8,"[0, 1, 1, 1, 1, 1, 1, 1, 1, 0]",23.31,18.4,25.04,10.68,2948475.0
PFS,22.09,5,"[0, 0, 0, 1, 1, 1, 0, 1, 1, 0]",23.42,22.12,25.04,17.11,919530.0
TRN,25.52,3,"[0, 0, 0, 0, 1, 1, 0, 0, 1, 0]",28.5,31.23,38.07,24.19,799465.0
DYN,16.64,3,"[0, 0, 0, 1, 1, 0, 0, 0, 1, 0]",21.58,19.52,26.78,14.03,3323245.0
GEO,31.13,8,"[0, 1, 1, 1, 1, 1, 1, 1, 1, 0]",31.25,23.35,32.77,13.26,2889545.0
LCII,78.3,1,"[0, 0, 0, 0, 0, 0, 0, 0, 1, 0]",95.3,112.26,152.4,78.3,381235.0
TNK,106.14,10,"[1, 1, 1, 1, 1, 1, 1, 1, 1, 1]",91.88,75.15,106.62,47.72,467955.0
BTU,25.13,1,"[0, 0, 0, 0, 0, 0, 0, 0, 1, 0]",26.1,28.6,39.25,20.76,2441345.0
NTCT,40.69,10,"[1, 1, 1, 1, 1, 1, 1, 1, 1, 1]",39.08,35.48,44.84,25.47,646185.0
DK,74.51,9,"[1, 1, 1, 1, 1, 1, 1, 1, 1, 0]",70.68,49.3,81.55,26.26,2672515.0
PTRN,18.42,6,"[0, 0, 1, 1, 1, 1, 1, 0, 1, 0]",20.17,17.19,29.4,9.59,1777765.0
GRND,15.03,8,"[0, 1, 1, 1, 1, 1, 1, 1, 1, 0]",15.66,13.58,17.94,9.85,1826935.0
TXG,80.65,10,"[1, 1, 1, 1, 1, 1, 1, 1, 1, 1]",68.35,36.41,97.74,11.47,4076825.0
CLMT,56.42,9,"[1, 1, 1, 1, 1, 1, 1, 1, 1, 0]",51.33,36.01,59.05,17.68,1545985.0
AEO,18.17,5,"[1, 1, 0, 0, 0, 0, 1, 0, 1, 1]",16.66,18.71,27.47,13.95,5649190.0
INOD,62.04,7,"[1, 0, 1, 0, 1, 1, 1, 0, 1, 1]",61.7,61.71,121.5,34.45,1708585.0
GPCR,25.54,1,"[0, 0, 0, 0, 0, 0, 0, 0, 1, 0]",42.52,52.62,93.79,25.54,1472580.0
IHS,8.43,9,"[1, 1, 1, 1, 1, 1, 1, 1, 1, 0]",8.38,8.18,8.73,6.24,822560.0
AYA,27.42,9,"[1, 1, 1, 1, 1, 1, 1, 1, 1, 0]",27.12,20.07,30.38,9.37,1296365.0
SPNT,24.96,10,"[1, 1, 1, 1, 1, 1, 1, 1, 1, 1]",24.21,22.71,26.31,17.64,1134895.0
KMT,31.92,5,"[1, 0, 0, 0, 0, 1, 1, 0, 1, 1]",30.9,34.3,42.76,19.96,1399495.0
STUB,6.12,2,"[0, 0, 0, 0, 0, 0, 0, 0, 1, 1]",6.66,9.06,20.13,5.3,6841555.0
FA,19.04,8,"[0, 1, 1, 1, 1, 1, 1, 1, 1, 0]",20.49,15.95,24.12,8.95,1902460.0
NKTR,41.17,3,"[0, 0, 0, 0, 1, 1, 0, 0, 1, 0]",66.47,65.29,100.35,35.12,2030435.0
EOSE,2.52,1,"[0, 0, 0, 0, 0, 0, 0, 0, 1, 0]",3.64,7.13,19.19,2.52,28149980.0
UAA,4.93,2,"[0, 0, 0, 0, 0, 1, 0, 0, 1, 0]",5.18,5.98,8.14,4.17,10955200.0
UA,4.78,2,"[0, 0, 0, 0, 0, 1, 0, 0, 1, 0]",5.05,5.82,7.88,3.96,2877715.15
DBD,63.67,2,"[0, 0, 0, 0, 1, 0, 0, 0, 1, 0]",67.42,75.18,90.75,54.9,250180.0
BKE,44.16,4,"[1, 0, 0, 0, 0, 0, 0, 1, 1, 1]",43.08,47.37,56.06,39.65,490130.0
UNIT,6.87,3,"[0, 0, 0, 0, 1, 1, 0, 0, 1, 0]",9.41,9.61,12.75,5.36,2983300.0
ARCB,129.36,6,"[0, 0, 1, 1, 1, 1, 1, 0, 1, 0]",134.97,120.88,173.07,59.44,242515.0
NN,12.35,2,"[0, 0, 0, 0, 1, 0, 0, 0, 1, 0]",15.35,16.82,23.59,11.37,3026105.0
HOG,26.9,9,"[1, 1, 1, 1, 1, 1, 1, 1, 1, 0]",26.56,23.14,28.26,16.94,2078315.0
ATRO,64.22,5,"[0, 0, 0, 1, 1, 1, 1, 0, 1, 0]",73.74,65.21,93.45,36.69,628750.0
CLDX,29.89,5,"[0, 0, 0, 1, 1, 1, 1, 0, 1, 0]",37.7,32.45,44.87,22.58,2398135.0
VAC,105.34,9,"[0, 1, 1, 1, 1, 1, 1, 1, 1, 1]",106.42,81.47,123.76,43.55,378595.0
ARQT,26.58,8,"[1, 1, 1, 1, 0, 0, 1, 1, 1, 1]",25.39,25.11,31.2,19.5,3493880.0
GRAL,140.58,9,"[1, 1, 1, 1, 0, 1, 1, 1, 1, 1]",92.11,74.94,154.08,43.03,1641330.0
VISN,6.05,7,"[0, 0, 1, 1, 1, 1, 1, 1, 1, 0]",6.39,6.02,7.34,4.16,7317600.0
TARS,73.16,6,"[0, 1, 1, 1, 0, 0, 1, 1, 1, 0]",73.86,68.39,90.78,56.11,746595.0
NGVT,69.76,7,"[0, 0, 0, 1, 1, 1, 1, 1, 1, 1]",71.58,70.55,77.87,46.2,283200.0
AMSC,30.52,4,"[1, 0, 0, 0, 1, 0, 0, 0, 1, 1]",30.23,35.65,66.68,25.95,768620.0
WAFD,29.43,3,"[0, 0, 0, 0, 1, 0, 0, 1, 1, 0]",34.24,33.85,39.03,26.96,1443780.0
INFQ,11.04,3,"[0, 0, 0, 1, 1, 0, 0, 0, 1, 0]",12.8,11.04,19.87,8.81,7886535.0
HUN,8.14,2,"[0, 0, 0, 0, 1, 0, 0, 0, 1, 0]",9.4,11.7,15.74,7.2,2941215.0
HUBG,25.76,1,"[0, 0, 0, 0, 0, 0, 0, 0, 1, 0]",36.44,41.1,51.99,25.76,1488635.0
TRMK,44.21,6,"[0, 0, 1, 1, 1, 1, 0, 1, 1, 0]",46.4,44.0,48.26,35.85,395980.0
IRON,62.06,2,"[0, 0, 0, 1, 0, 0, 0, 0, 1, 0]",73.54,71.21,94.11,55.95,654245.0
CUBI,74.04,5,"[0, 0, 0, 1, 1, 1, 0, 1, 1, 0]",78.65,75.66,83.65,60.52,314865.0
VERA,29.88,1,"[0, 0, 0, 0, 0, 0, 0, 0, 1, 0]",32.67,38.52,55.67,24.1,2541080.0
ICHR,59.91,6,"[0, 0, 1, 0, 1, 1, 1, 0, 1, 1]",60.61,59.24,112.28,14.25,702365.0
RARE,15.48,2,"[0, 0, 0, 0, 0, 0, 0, 0, 1, 1]",20.07,23.61,36.54,12.88,5677480.0
KOD,99.87,10,"[1, 1, 1, 1, 1, 1, 1, 1, 1, 1]",48.96,37.33,99.87,11.6,3804990.0
SAH,60.56,3,"[0, 0, 0, 0, 1, 1, 0, 0, 1, 0]",73.6,72.64,112.05,57.32,391615.0
DRD,24.87,3,"[0, 0, 0, 1, 0, 0, 1, 0, 1, 0]",25.42,27.35,37.75,19.12,259890.0
HE,8.76,1,"[0, 0, 0, 0, 0, 0, 0, 0, 1, 0]",10.68,13.48,17.08,8.76,3005550.0
IMNM,19.55,4,"[0, 0, 0, 1, 0, 1, 1, 0, 1, 0]",24.94,22.72,29.83,13.92,1556795.0
FRSH,13.92,10,"[1, 1, 1, 1, 1, 1, 1, 1, 1, 1]",12.68,10.23,13.92,6.88,7592470.0
NSIT,163.61,9,"[1, 1, 1, 1, 1, 1, 1, 1, 1, 0]",154.12,106.61,165.37,64.43,392290.0
HTFL,49.74,9,"[1, 1, 1, 1, 1, 1, 1, 1, 1, 0]",44.54,32.37,52.21,20.49,1942800.0
OSW,23.74,6,"[0, 0, 1, 0, 1, 1, 0, 1, 1, 1]",24.15,23.55,28.63,19.25,841265.0
SEDG,32.21,3,"[0, 0, 0, 0, 1, 1, 0, 0, 1, 0]",33.78,42.29,78.51,28.47,2626955.0
ROG,147.41,10,"[1, 1, 1, 1, 1, 1, 1, 1, 1, 1]",135.12,124.68,167.09,75.56,296860.0
ATKR,94.84,10,"[1, 1, 1, 1, 1, 1, 1, 1, 1, 1]",93.57,75.74,94.85,54.86,781835.0
TALO,16.8,9,"[1, 1, 1, 1, 1, 1, 1, 1, 1, 0]",16.52,14.49,18.33,9.05,2465575.0
IDYA,36.11,8,"[0, 1, 1, 1, 1, 1, 1, 1, 1, 0]",38.06,34.14,42.48,26.24,891100.0
ELVN,40.98,5,"[0, 0, 0, 1, 1, 1, 1, 0, 1, 0]",53.99,41.05,61.15,15.14,1602355.0
DGII,75.63,10,"[1, 1, 1, 1, 1, 1, 1, 1, 1, 1]",75.08,60.71,85.24,35.37,401220.0
LWLG,4.97,4,"[0, 0, 0, 0, 1, 1, 1, 0, 1, 0]",5.91,7.34,18.22,2.97,3086355.0
TMC,3.36,1,"[0, 0, 0, 0, 0, 0, 0, 0, 1, 0]",4.12,5.23,10.69,3.36,4489205.0
LMAT,80.69,3,"[0, 0, 0, 0, 1, 0, 0, 0, 1, 1]",82.04,94.07,116.75,78.76,263305.0
MTX,63.6,4,"[0, 0, 0, 0, 1, 1, 0, 1, 1, 0]",70.0,71.29,82.57,54.7,185525.0
BRZE,29.06,9,"[1, 1, 1, 1, 1, 0, 1, 1, 1, 1]",27.8,24.09,36.19,15.79,2096995.0
AAMI,93.71,10,"[1, 1, 1, 1, 1, 1, 1, 1, 1, 1]",92.12,70.45,97.2,41.74,505230.0
RLAY,17.88,8,"[0, 1, 1, 1, 1, 1, 1, 1, 1, 0]",19.06,14.26,20.75,6.03,3430660.0
MLYS,23.37,1,"[0, 0, 0, 0, 0, 0, 0, 0, 1, 0]",26.45,28.07,47.33,21.95,1445605.0
FBNC,59.17,5,"[0, 0, 0, 1, 1, 1, 0, 1, 1, 0]",63.37,59.44,66.08,45.57,259965.0
ANDE,63.89,5,"[0, 0, 0, 0, 1, 1, 1, 1, 1, 0]",67.65,68.02,80.62,40.5,347145.0
VNET,5.53,1,"[0, 0, 0, 0, 0, 0, 0, 0, 1, 0]",6.52,8.74,14.03,5.13,4753260.0
HTO,58.48,7,"[0, 0, 1, 1, 1, 1, 1, 1, 1, 0]",62.29,57.67,64.97,43.43,511395.0
DXPE,180.92,8,"[0, 1, 1, 1, 1, 1, 1, 1, 1, 0]",186.54,157.06,200.84,85.53,145625.0
PTON,5.12,3,"[0, 0, 0, 0, 0, 0, 1, 0, 1, 1]",5.28,5.31,7.86,3.71,8854880.0
SGML,9.35,2,"[0, 0, 0, 0, 0, 0, 1, 0, 1, 0]",10.69,13.34,23.65,4.68,2561630.0
TENB,41.59,10,"[1, 1, 1, 1, 1, 1, 1, 1, 1, 1]",35.89,27.27,42.65,16.04,4130425.0
DFTX,36.9,8,"[0, 1, 1, 1, 1, 1, 1, 1, 1, 0]",40.4,27.99,48.45,10.68,2665055.0
VERX,12.95,5,"[1, 1, 0, 1, 0, 0, 0, 0, 1, 1]",12.66,13.71,25.94,10.58,1418765.0
PLUS,93.3,10,"[1, 1, 1, 1, 1, 1, 1, 1, 1, 1]",90.12,84.8,96.75,68.77,239110.0
AERO,15.57,3,"[1, 0, 0, 0, 0, 0, 0, 0, 1, 1]",15.38,16.69,22.91,12.36,391065.0
AMPX,9.44,2,"[0, 0, 0, 0, 1, 0, 0, 0, 1, 0]",10.16,13.45,22.91,7.83,5656130.0
AMR,181.57,3,"[0, 0, 0, 1, 0, 0, 1, 0, 1, 0]",185.32,188.93,249.65,137.16,300010.0
COHU,68.19,10,"[1, 1, 1, 1, 1, 1, 1, 1, 1, 1]",57.14,45.0,73.91,19.94,1056185.0
AESI,12.29,4,"[0, 0, 0, 0, 1, 1, 1, 0, 1, 0]",12.46,13.45,19.75,8.1,3755145.0
NESR,22.78,5,"[0, 0, 0, 1, 1, 1, 1, 0, 1, 0]",31.46,25.26,36.31,10.27,2515875.0
WTTR,19.76,8,"[0, 1, 1, 1, 1, 1, 1, 1, 1, 0]",20.06,16.71,22.18,9.28,1988210.0
CDNL,21.12,2,"[0, 0, 0, 0, 1, 0, 0, 0, 1, 0]",38.25,44.27,94.31,21.12,796070.0
ACHC,29.25,10,"[1, 1, 1, 1, 1, 1, 1, 1, 1, 1]",28.97,24.53,35.61,11.68,1564740.0
MNR,10.73,4,"[0, 0, 0, 0, 1, 1, 0, 1, 1, 0]",11.91,12.02,13.87,9.65,1376830.0
GRDN,41.28,9,"[1, 1, 1, 1, 1, 1, 1, 1, 1, 0]",40.9,37.39,48.0,23.41,681475.0
CEPU,12.64,2,"[0, 0, 0, 0, 0, 0, 1, 0, 1, 0]",13.42,14.95,17.95,8.43,274660.0
PRDO,33.71,8,"[1, 1, 1, 0, 1, 1, 0, 1, 1, 1]",32.36,32.94,37.58,26.88,764625.0
HLIO,69.53,4,"[0, 0, 0, 0, 1, 1, 1, 0, 1, 0]",73.39,72.53,92.74,46.89,416285.0
WOLF,30.61,7,"[1, 0, 1, 0, 1, 1, 1, 0, 1, 1]",28.03,29.85,73.5,14.8,4038680.0
NTB,57.5,8,"[0, 1, 1, 1, 1, 1, 1, 1, 1, 0]",59.88,55.41,63.91,39.94,155065.0
FUN,11.41,2,"[0, 0, 0, 0, 1, 0, 0, 0, 1, 0]",14.4,17.47,26.74,10.71,2692275.0
BLBD,56.29,3,"[0, 0, 0, 0, 1, 1, 0, 0, 1, 0]",61.81,62.57,81.5,46.59,511450.0
KEEL,3.05,4,"[0, 0, 0, 0, 1, 1, 1, 0, 1, 0]",3.54,3.47,6.66,1.71,29173355.0
PENG,76.28,10,"[1, 1, 1, 1, 1, 1, 1, 1, 1, 1]",55.19,40.96,81.39,16.24,3743340.0
AXGN,36.13,5,"[0, 0, 0, 1, 1, 1, 1, 0, 1, 0]",45.31,39.07,51.73,15.59,1438730.0
PENN,15.48,4,"[0, 0, 0, 0, 1, 1, 1, 0, 1, 0]",17.35,16.77,22.06,11.76,3376300.0
CMPR,74.21,3,"[0, 0, 0, 0, 1, 1, 0, 0, 1, 0]",86.18,84.13,105.31,61.21,198810.0
FLOC,19.46,4,"[0, 0, 0, 0, 1, 1, 1, 0, 1, 0]",20.66,21.62,27.81,13.94,630655.0
DRH,12.62,10,"[1, 1, 1, 1, 1, 1, 1, 1, 1, 1]",12.38,10.8,13.26,7.21,3268015.0
XIFR,10.37,4,"[0, 0, 0, 0, 1, 1, 0, 1, 1, 0]",11.24,10.99,12.88,8.83,980745.0
ADPT,26.49,10,"[1, 1, 1, 1, 1, 1, 1, 1, 1, 1]",26.02,18.92,29.84,12.41,2673900.0
HTH,36.38,5,"[0, 0, 0, 1, 1, 1, 0, 1, 1, 0]",38.55,37.28,39.79,30.38,398950.0
CTOS,9.25,8,"[0, 0, 1, 1, 1, 1, 1, 1, 1, 1]",9.68,8.61,11.97,5.34,926395.0
DRVN,11.72,1,"[0, 0, 0, 0, 0, 0, 0, 0, 1, 0]",12.65,13.53,17.09,10.3,1087730.0
RDW,9.58,4,"[0, 0, 0, 0, 1, 1, 1, 0, 1, 0]",11.26,11.12,25.9,5.06,13905500.0
VVX,71.44,6,"[0, 0, 0, 1, 1, 1, 1, 1, 1, 0]",76.79,72.82,90.81,52.16,673620.0
BCRX,8.55,6,"[0, 0, 0, 0, 1, 1, 1, 1, 1, 1]",9.1,8.7,11.11,6.24,5580210.0
TIC,8.91,5,"[0, 1, 1, 1, 0, 0, 1, 0, 1, 0]",9.15,8.85,13.32,6.54,1543290.0
WERN,32.7,4,"[0, 0, 0, 0, 1, 1, 1, 0, 1, 0]",36.55,35.91,47.1,22.78,858605.0
CENTA,35.0,8,"[0, 0, 1, 1, 1, 1, 1, 1, 1, 1]",36.32,34.5,40.6,26.27,312660.0
QUBT,7.44,1,"[0, 0, 0, 0, 0, 0, 0, 0, 1, 0]",8.42,9.1,21.78,6.31,7287385.0
ECO,93.11,10,"[1, 1, 1, 1, 1, 1, 1, 1, 1, 1]",71.71,50.24,94.44,24.74,872565.0
BHC,6.04,7,"[0, 1, 1, 1, 0, 0, 1, 1, 1, 1]",6.21,5.76,7.9,4.43,1975740.0
NMM,93.06,10,"[1, 1, 1, 1, 1, 1, 1, 1, 1, 1]",87.73,72.49,93.71,43.39,169270.0
MBIN,48.92,8,"[0, 1, 1, 1, 1, 1, 1, 1, 1, 0]",52.66,46.33,55.6,30.13,229580.0
FLYW,18.76,10,"[1, 1, 1, 1, 1, 1, 1, 1, 1, 1]",18.01,15.19,19.54,10.64,1416435.0
PBI,16.8,8,"[0, 1, 1, 1, 1, 1, 1, 1, 1, 0]",16.91,14.25,18.4,8.84,1814745.0
WLY,49.64,9,"[0, 1, 1, 1, 1, 1, 1, 1, 1, 1]",49.92,41.2,55.31,28.12,480331.5
CMRE,15.12,4,"[1, 0, 0, 0, 0, 0, 1, 1, 1, 0]",15.06,15.83,17.64,10.71,353550.0
SLDE,25.14,10,"[1, 1, 1, 1, 1, 1, 1, 1, 1, 1]",23.22,19.47,26.48,14.33,1438355.0
OCUL,7.54,2,"[0, 0, 0, 1, 0, 0, 0, 0, 1, 0]",9.65,9.48,16.11,6.88,3816580.0
ESTA,61.67,3,"[0, 0, 0, 0, 1, 0, 1, 0, 1, 0]",72.39,72.99,95.65,38.94,350745.0
SRPT,17.85,2,"[0, 0, 0, 1, 0, 0, 0, 0, 1, 0]",19.06,19.03,24.45,14.86,2697945.0
IMOS,77.73,10,"[1, 1, 1, 1, 1, 1, 1, 1, 1, 1]",60.48,50.21,83.3,19.04,105320.0
NVCR,14.58,5,"[0, 0, 0, 1, 1, 1, 1, 0, 1, 0]",16.5,14.76,19.99,10.03,1415485.0
DEI,9.79,3,"[0, 0, 0, 0, 1, 0, 0, 1, 1, 0]",10.75,10.59,12.82,8.67,2442110.0
EZPW,31.96,9,"[1, 1, 1, 1, 1, 1, 1, 1, 1, 0]",30.95,28.82,35.59,17.41,707760.0
PDFS,54.4,10,"[1, 1, 1, 1, 1, 1, 1, 1, 1, 1]",47.86,43.68,70.79,23.97,579320.0
TRVI,13.19,5,"[0, 0, 0, 1, 1, 1, 1, 0, 1, 0]",16.37,14.28,19.5,9.71,2595995.0
DCO,170.56,8,"[0, 1, 1, 1, 1, 1, 1, 1, 1, 0]",179.21,148.6,206.98,86.41,227305.0
WS,36.05,6,"[1, 1, 0, 0, 0, 1, 0, 1, 1, 1]",35.53,37.0,48.03,27.86,470215.0
STOK,24.74,1,"[0, 0, 0, 0, 0, 0, 0, 0, 1, 0]",29.41,31.45,38.35,22.37,1027775.0
DHC,7.5,5,"[0, 0, 0, 0, 1, 1, 1, 1, 1, 0]",8.01,7.57,9.64,4.02,2235305.0
TYRA,19.94,4,"[0, 0, 0, 0, 1, 1, 1, 0, 1, 0]",24.77,30.42,39.61,13.52,1017105.0
CLBK,10.8,8,"[0, 1, 1, 1, 1, 1, 1, 1, 1, 0]",11.35,9.23,11.82,6.21,4860815.0
MGNI,25.4,10,"[1, 1, 1, 1, 1, 1, 1, 1, 1, 1]",23.96,17.09,25.67,11.2,2256855.0
NGL,14.74,7,"[0, 0, 1, 1, 1, 1, 1, 1, 1, 0]",16.73,14.39,18.97,6.04,214310.0
NTST,17.45,4,"[0, 0, 0, 0, 1, 1, 0, 1, 1, 0]",19.43,19.49,22.01,16.58,1858625.0
ANAB,45.95,4,"[0, 0, 0, 0, 1, 1, 1, 0, 1, 0]",54.34,49.18,69.81,20.91,595925.0
PSNY,5.26,1,"[0, 0, 0, 0, 0, 0, 0, 0, 1, 0]",10.19,16.52,27.39,5.26,258705.0
NEXT,6.62,4,"[0, 0, 0, 0, 1, 1, 1, 0, 1, 0]",6.96,6.88,9.12,4.8,2630560.0
BBAI,2.39,1,"[0, 0, 0, 0, 0, 0, 0, 0, 1, 0]",2.93,3.88,8.91,2.39,16062405.0
ATEN,29.63,9,"[1, 1, 1, 0, 1, 1, 1, 1, 1, 1]",26.72,25.83,38.03,16.43,1245755.0
GTY,27.86,4,"[0, 0, 0, 0, 1, 1, 0, 1, 1, 0]",30.96,31.21,36.0,24.02,774280.0
OMCL,35.82,3,"[1, 0, 0, 0, 0, 0, 0, 0, 1, 1]",34.68,39.88,51.39,29.46,508715.0
SION,4.9,1,"[0, 0, 0, 0, 0, 0, 0, 0, 1, 0]",11.18,32.84,51.04,4.5,1454560.0
SOC,3.72,1,"[0, 0, 0, 0, 0, 0, 0, 0, 1, 0]",4.41,9.34,18.61,3.08,8654380.0
BW,5.46,4,"[0, 0, 0, 0, 1, 1, 1, 0, 1, 0]",7.59,11.64,21.85,3.16,5342350.0
BSTZ,30.1,10,"[1, 1, 1, 1, 1, 1, 1, 1, 1, 1]",29.23,24.93,31.24,18.44,200931.45
NEOG,11.85,9,"[0, 1, 1, 1, 1, 1, 1, 1, 1, 1]",12.13,10.11,13.98,5.41,5616905.0
UTI,20.64,3,"[0, 0, 0, 0, 1, 0, 0, 0, 1, 1]",23.44,32.73,51.2,18.47,1892035.0
INBX,95.01,6,"[0, 0, 1, 1, 1, 1, 1, 0, 1, 0]",103.21,91.3,141.84,28.36,252370.0
AUPH,16.65,10,"[1, 1, 1, 1, 1, 1, 1, 1, 1, 1]",16.08,15.56,18.62,11.1,834575.0
TSHA,4.49,2,"[0, 0, 0, 0, 1, 0, 0, 0, 1, 0]",5.5,5.43,6.98,3.83,4826720.0
GNL,7.75,4,"[0, 0, 0, 0, 1, 1, 0, 1, 1, 0]",8.6,8.75,9.33,6.92,2962690.0
MBX,53.24,8,"[0, 1, 1, 1, 1, 1, 1, 1, 1, 0]",62.44,44.14,70.7,13.22,579055.0
ASTH,37.55,9,"[1, 1, 1, 1, 1, 1, 1, 1, 1, 0]",36.99,33.02,49.81,18.16,454330.0
LAC,2.35,1,"[0, 0, 0, 0, 0, 0, 0, 0, 1, 0]",2.94,4.18,10.05,2.35,8451320.0
IMAX,50.8,8,"[0, 1, 1, 1, 1, 1, 1, 1, 1, 0]",52.27,41.68,56.33,31.09,1117660.0
FIGS,15.78,10,"[1, 1, 1, 1, 1, 1, 1, 1, 1, 1]",13.79,12.84,17.12,6.9,3037950.0
MD,26.64,9,"[1, 1, 1, 1, 1, 1, 1, 1, 1, 0]",26.34,23.39,27.39,15.8,780260.0
NWL,5.64,8,"[0, 1, 1, 1, 1, 1, 1, 1, 1, 0]",5.82,4.62,6.34,2.91,5389465.0
PHVS,31.1,7,"[0, 0, 1, 1, 1, 1, 1, 1, 1, 0]",34.77,30.6,38.86,20.96,767775.0
PUMP,9.09,3,"[0, 0, 0, 0, 1, 0, 1, 0, 1, 0]",10.72,12.73,18.2,5.03,4117385.0
AGM,203.9,8,"[0, 1, 1, 1, 1, 1, 1, 1, 1, 0]",221.89,184.26,240.02,136.8,127260.0
RAMP,37.56,8,"[0, 1, 1, 1, 1, 1, 1, 1, 1, 0]",37.7,32.48,38.01,22.42,1332660.0
LAR,5.27,4,"[0, 0, 0, 0, 1, 1, 1, 0, 1, 0]",6.2,7.48,11.79,3.72,1361700.0
PRKS,32.67,3,"[0, 0, 0, 1, 1, 0, 0, 0, 1, 0]",39.23,38.44,53.73,29.73,757635.0
SNDX,16.99,1,"[0, 0, 0, 0, 0, 0, 0, 0, 1, 0]",19.0,20.79,25.15,13.11,1912415.0
JBLU,3.84,1,"[0, 0, 0, 0, 0, 0, 0, 0, 1, 0]",4.82,5.06,6.46,3.84,18385055.0
ARCO,7.77,4,"[0, 0, 0, 0, 1, 1, 0, 1, 1, 0]",7.81,8.07,9.33,6.59,2238790.0
NEXA,13.2,8,"[0, 1, 1, 1, 1, 1, 1, 1, 1, 0]",13.46,12.75,16.55,5.13,643155.0
AGRO,10.24,4,"[0, 0, 0, 0, 1, 1, 1, 0, 1, 0]",10.64,10.84,15.18,7.07,617250.0
HTZ,1.92,1,"[0, 0, 0, 0, 0, 0, 0, 0, 1, 0]",2.01,4.03,7.81,1.51,17275350.0
SPB,77.37,6,"[0, 0, 0, 1, 1, 1, 1, 1, 1, 0]",85.69,78.52,90.49,49.07,318185.0
BLX,54.0,7,"[0, 0, 1, 1, 1, 1, 1, 1, 1, 0]",55.22,52.47,62.03,40.13,182685.0
MESO,14.29,2,"[0, 0, 0, 1, 0, 0, 0, 0, 1, 0]",15.72,15.82,20.96,13.19,228715.0
LIFE,36.96,6,"[1, 1, 0, 1, 0, 0, 1, 1, 1, 0]",35.03,36.96,42.02,9.85,1777870.0
OCS,8.34,1,"[0, 0, 0, 0, 0, 0, 0, 0, 1, 0]",11.21,19.83,32.65,8.34,292425.0
ANIP,73.89,3,"[0, 0, 0, 0, 0, 0, 0, 1, 1, 1]",74.57,78.28,95.38,70.19,445865.0
PGNY,27.93,10,"[1, 1, 1, 1, 1, 1, 1, 1, 1, 1]",26.81,24.22,32.36,16.3,1239960.0
INVX,28.06,8,"[0, 1, 1, 1, 1, 1, 1, 1, 1, 0]",29.19,26.73,31.63,17.21,751915.0
CASH,71.87,3,"[0, 0, 0, 0, 1, 1, 0, 0, 1, 0]",80.23,84.88,99.81,66.3,258535.0
RAPP,30.65,4,"[0, 0, 0, 1, 1, 1, 0, 0, 1, 0]",42.43,35.8,52.5,24.37,479340.0
SNDA,35.24,6,"[0, 0, 0, 1, 1, 1, 1, 1, 1, 0]",38.69,36.25,43.07,25.53,449380.0
TPB,57.38,1,"[0, 0, 0, 0, 0, 0, 0, 0, 1, 0]",73.86,89.82,142.54,55.32,508730.0
VET,11.87,8,"[0, 1, 1, 1, 1, 1, 1, 1, 1, 0]",12.05,11.09,14.19,7.04,1349575.0
BORR,4.78,5,"[1, 0, 0, 0, 0, 1, 1, 0, 1, 1]",4.29,4.88,6.61,2.44,7226015.0
ECPG,99.77,10,"[1, 1, 1, 1, 1, 1, 1, 1, 1, 1]",98.26,79.75,103.74,40.53,295100.0
SONO,17.26,8,"[1, 1, 1, 1, 0, 0, 1, 1, 1, 1]",16.13,15.26,19.16,12.7,2199430.0
WBTN,10.35,2,"[1, 0, 0, 0, 0, 0, 0, 0, 1, 0]",9.93,11.07,18.52,8.25,477310.0
ADNT,17.42,1,"[0, 0, 0, 0, 0, 0, 0, 0, 1, 0]",18.73,20.77,27.09,16.84,1099230.0
BOBS,14.18,4,"[0, 0, 0, 1, 1, 0, 1, 0, 1, 0]",16.29,14.18,22.53,9.85,1008980.0
UFPT,288.97,9,"[0, 1, 1, 1, 1, 1, 1, 1, 1, 1]",297.34,245.51,334.84,185.28,112615.0
CLVT,1.61,1,"[0, 0, 0, 0, 0, 0, 0, 0, 1, 0]",1.88,2.35,3.76,1.45,4331130.0
AIN,61.8,8,"[1, 0, 1, 0, 1, 1, 1, 1, 1, 1]",60.87,60.62,75.9,40.6,250280.0
CTS,57.25,7,"[0, 0, 1, 1, 1, 1, 1, 1, 1, 0]",59.62,56.41,68.22,36.36,268890.0
VOYG,27.26,5,"[0, 0, 0, 1, 1, 1, 1, 0, 1, 0]",34.78,31.98,51.77,17.99,2807080.0
ZYME,25.79,8,"[0, 1, 1, 1, 1, 1, 1, 1, 1, 0]",26.49,25.09,31.05,16.46,974795.0
CAPR,7.83,3,"[1, 0, 0, 0, 0, 0, 1, 0, 1, 0]",7.64,22.21,35.34,3.85,3792250.0
PSIX,50.07,5,"[1, 1, 0, 0, 0, 0, 1, 0, 1, 1]",40.85,54.29,98.77,25.44,414350.0
LOB,34.48,5,"[0, 0, 0, 1, 1, 1, 0, 1, 1, 0]",39.5,38.11,43.73,29.31,236855.0
XPRO,16.17,6,"[0, 0, 0, 1, 1, 1, 1, 1, 1, 0]",17.23,16.32,18.96,12.03,877025.0
PVLA,138.77,8,"[0, 1, 1, 1, 1, 1, 1, 1, 1, 0]",147.62,124.59,158.13,69.9,236780.0
FLNG,30.84,8,"[0, 1, 1, 1, 1, 1, 1, 1, 1, 0]",30.89,28.64,32.52,21.92,336645.0
SFL,13.34,10,"[1, 1, 1, 1, 1, 1, 1, 1, 1, 1]",12.58,10.76,13.75,6.47,1468205.0
CYD,29.82,1,"[0, 0, 0, 0, 0, 0, 0, 0, 1, 0]",38.31,43.21,58.55,28.18,198435.0
TILE,34.73,9,"[0, 1, 1, 1, 1, 1, 1, 1, 1, 1]",36.15,31.54,39.29,24.38,510380.0
PCT,3.92,1,"[0, 0, 0, 0, 0, 0, 0, 0, 1, 0]",5.97,7.78,15.13,3.8,6049625.0
LPG,57.64,10,"[1, 1, 1, 1, 1, 1, 1, 1, 1, 1]",51.83,38.87,58.31,22.34,633020.0
TE,3.39,1,"[0, 0, 0, 0, 0, 0, 0, 0, 1, 0]",4.46,6.42,12.04,2.72,18872045.0
WLTH,10.82,7,"[1, 1, 1, 0, 0, 0, 1, 1, 1, 1]",9.81,9.84,13.95,7.2,3379600.0
VRDN,18.66,3,"[0, 0, 0, 1, 0, 0, 1, 0, 1, 0]",21.84,22.49,33.78,13.3,2018970.0
NRIX,22.35,8,"[0, 1, 1, 1, 1, 1, 1, 1, 1, 0]",25.18,19.69,27.79,9.18,1611500.0
QURE,22.59,5,"[0, 0, 0, 1, 1, 1, 1, 0, 1, 0]",41.55,29.71,70.59,9.03,3528575.0
DV,13.49,10,"[1, 1, 1, 1, 1, 1, 1, 1, 1, 1]",13.21,11.14,13.52,8.61,3491965.0
AHG,1.25,5,"[1, 0, 0, 0, 1, 0, 1, 0, 1, 1]",1.01,1.52,2.5,0.69,309830.0
FIVN,36.4,10,"[1, 1, 1, 1, 1, 1, 1, 1, 1, 1]",33.21,22.94,38.65,13.61,2595285.0
INVA,21.21,6,"[1, 0, 0, 0, 1, 1, 0, 1, 1, 1]",20.95,21.79,24.24,16.67,1033790.0
OPRA,17.58,7,"[0, 0, 1, 1, 1, 1, 1, 1, 1, 0]",18.62,16.59,20.51,11.56,315880.0
ARDX,3.28,1,"[0, 0, 0, 0, 0, 0, 0, 0, 1, 0]",3.78,5.57,7.99,3.26,4433720.0
POET,6.97,4,"[0, 0, 0, 0, 1, 1, 1, 0, 1, 0]",7.93,8.37,20.57,4.17,8049215.0
NUVB,5.0,3,"[0, 0, 0, 1, 0, 0, 1, 0, 1, 0]",6.18,5.67,9.54,3.41,5815910.0
PEB,19.12,10,"[1, 1, 1, 1, 1, 1, 1, 1, 1, 1]",18.37,15.42,19.74,10.17,2263265.0
NTLA,13.07,7,"[1, 0, 1, 0, 1, 1, 1, 0, 1, 1]",12.18,12.94,27.98,8.04,5745780.0
NVAX,12.75,10,"[1, 1, 1, 1, 1, 1, 1, 1, 1, 1]",9.53,9.01,12.75,6.22,7963090.0
ARLO,12.4,2,"[0, 0, 0, 0, 1, 0, 0, 0, 1, 0]",13.49,13.46,19.44,11.23,1361275.0
PRLB,93.84,10,"[1, 1, 1, 1, 1, 1, 1, 1, 1, 1]",86.45,70.71,98.68,46.81,263345.0
DCOM,38.14,8,"[0, 1, 1, 1, 1, 1, 1, 1, 1, 0]",40.35,36.51,41.74,25.24,375150.0
GLUE,10.3,1,"[0, 0, 0, 0, 0, 0, 0, 0, 1, 0]",13.6,18.03,25.31,9.35,1414030.0
AMLX,28.14,7,"[0, 1, 1, 1, 1, 1, 1, 0, 1, 0]",30.14,18.91,39.66,11.38,1491500.0
CLOV,4.79,9,"[1, 1, 1, 1, 1, 1, 1, 1, 1, 0]",4.42,3.38,5.41,1.7,4739265.0
REX,42.09,7,"[0, 0, 1, 0, 1, 1, 1, 1, 1, 1]",43.06,41.96,51.16,30.59,275340.0
STBA,48.05,8,"[0, 1, 1, 1, 1, 1, 1, 1, 1, 0]",50.03,45.21,52.97,33.52,315985.0
KOS,2.64,7,"[0, 0, 1, 1, 1, 1, 1, 1, 1, 0]",2.71,2.39,3.27,0.87,13790960.0
KSS,20.35,8,"[1, 1, 1, 1, 0, 0, 1, 1, 1, 1]",18.35,16.61,23.98,11.55,3997010.0
IOVA,14.62,10,"[1, 1, 1, 1, 1, 1, 1, 1, 1, 1]",9.15,5.01,14.82,1.81,19660595.0
PAHC,38.3,4,"[1, 0, 0, 0, 0, 0, 1, 0, 1, 1]",35.91,41.03,59.14,28.31,248455.0
OUST,39.9,9,"[1, 1, 1, 1, 1, 1, 1, 0, 1, 1]",39.72,31.92,62.52,16.63,2459705.0
STGW,8.65,9,"[0, 1, 1, 1, 1, 1, 1, 1, 1, 1]",8.67,6.88,9.35,4.4,1478760.0
BAND,53.27,8,"[1, 1, 1, 1, 1, 1, 1, 0, 1, 0]",52.12,38.6,78.44,12.82,915030.0
NVRI,19.75,6,"[0, 0, 0, 1, 1, 1, 1, 1, 1, 0]",21.16,20.02,23.86,11.49,303800.0
ABCL,12.55,10,"[1, 1, 1, 1, 1, 1, 1, 1, 1, 1]",11.28,6.22,14.82,2.78,5624580.0
HOPE,13.28,8,"[0, 1, 1, 1, 1, 1, 1, 1, 1, 0]",13.89,12.48,14.5,9.53,1043875.0
AMRC,21.33,1,"[0, 0, 0, 0, 0, 0, 0, 0, 1, 0]",23.29,27.3,43.23,18.51,583015.0
TFIN,62.53,6,"[0, 0, 0, 1, 1, 1, 1, 1, 1, 0]",68.97,67.48,81.08,46.95,244855.0
HCSG,20.59,6,"[0, 0, 0, 1, 1, 1, 1, 1, 1, 0]",21.78,21.13,25.31,15.18,761110.0
DCH,5.67,2,"[0, 0, 0, 1, 0, 0, 0, 0, 1, 0]",6.15,6.3,9.0,5.09,4455980.0
XHR,18.02,9,"[0, 1, 1, 1, 1, 1, 1, 1, 1, 1]",18.5,16.97,21.65,11.89,1004525.0
WLFC,40.88,3,"[0, 0, 0, 0, 1, 1, 0, 0, 1, 0]",54.71,60.87,79.78,38.12,226440.0
GBX,38.43,1,"[0, 0, 0, 0, 0, 0, 0, 0, 1, 0]",43.91,48.47,58.06,38.43,420735.0
LILAK,8.12,8,"[0, 1, 1, 1, 1, 1, 1, 1, 1, 0]",8.5,6.45,8.86,4.7,1584995.0
LILA,8.1,8,"[0, 1, 1, 1, 1, 1, 1, 1, 1, 0]",8.56,6.43,8.91,4.65,355005.0
ZD,56.52,10,"[1, 1, 1, 1, 1, 1, 1, 1, 1, 1]",55.68,45.76,59.21,26.51,700750.0
ECVT,10.05,4,"[0, 0, 0, 0, 1, 1, 0, 0, 1, 1]",10.37,11.82,14.97,7.84,1340330.0
VIR,11.7,10,"[1, 1, 1, 1, 1, 1, 1, 1, 1, 1]",10.41,9.16,11.78,5.12,2349785.0
AHCO,6.06,2,"[1, 0, 0, 0, 0, 0, 0, 0, 1, 0]",6.01,9.5,13.38,5.22,2562110.0
ALGT,76.43,2,"[0, 0, 0, 0, 0, 0, 1, 0, 1, 0]",81.65,88.89,119.16,58.03,491790.0
TRS,38.15,4,"[0, 0, 0, 0, 1, 1, 0, 1, 1, 0]",39.11,38.34,44.99,30.99,293140.0
CRML,6.86,3,"[0, 0, 0, 0, 0, 0, 1, 0, 1, 1]",7.05,9.58,29.97,5.13,10081500.0
TH,18.41,9,"[1, 1, 1, 1, 1, 1, 1, 1, 1, 0]",18.4,14.23,21.45,6.22,2433295.0
UAMY,3.68,1,"[0, 0, 0, 0, 0, 0, 0, 0, 1, 0]",5.01,7.52,17.47,3.68,4818925.0
IMTX,7.43,1,"[0, 0, 0, 0, 0, 0, 0, 0, 1, 0]",8.89,9.79,11.87,7.37,845690.0
GSL,44.58,9,"[1, 1, 1, 1, 1, 1, 1, 1, 1, 0]",44.16,39.16,46.4,25.7,305070.0
YELP,18.59,1,"[0, 0, 0, 0, 0, 0, 0, 0, 1, 0]",21.7,24.53,33.83,17.59,1480360.0
CNOB,29.94,7,"[0, 0, 1, 1, 1, 1, 1, 1, 1, 0]",31.73,29.43,33.91,22.68,414100.0
RES,5.96,5,"[0, 0, 0, 0, 1, 1, 1, 1, 1, 0]",6.11,6.29,7.9,4.12,2243480.0
BY,36.32,8,"[0, 1, 1, 1, 1, 1, 1, 1, 1, 0]",38.12,34.24,39.75,25.35,259860.0
NVGS,23.93,10,"[1, 1, 1, 1, 1, 1, 1, 1, 1, 1]",22.56,20.77,25.06,14.2,532785.0
PGEN,7.81,10,"[1, 1, 1, 1, 1, 1, 1, 1, 1, 1]",7.24,5.09,8.56,3.1,5754960.0
BHVN,12.08,6,"[0, 0, 1, 1, 1, 1, 1, 0, 1, 0]",13.92,12.07,18.11,7.79,2575790.0
TNC,65.93,2,"[0, 0, 0, 0, 1, 0, 0, 0, 1, 0]",69.88,76.16,90.74,60.42,168495.0
HLF,13.03,4,"[1, 0, 0, 0, 0, 0, 1, 0, 1, 1]",12.25,14.03,19.96,7.75,1356495.0
SHLS,8.74,6,"[1, 1, 1, 0, 0, 0, 1, 0, 1, 1]",7.79,8.57,12.77,5.71,4249140.0
BCAX,17.5,3,"[0, 0, 0, 0, 1, 1, 0, 0, 1, 0]",22.67,21.29,30.4,13.93,776755.0
GCT,57.26,10,"[1, 1, 1, 1, 1, 1, 1, 1, 1, 1]",51.69,42.59,57.26,25.46,711170.0
AIP,22.44,4,"[0, 0, 0, 0, 1, 1, 1, 0, 1, 0]",24.46,24.79,48.59,12.32,690090.0
GHRS,21.11,5,"[0, 0, 0, 1, 1, 1, 1, 0, 1, 0]",27.07,21.18,30.64,12.48,309540.0
SBET,8.59,6,"[1, 1, 1, 1, 0, 0, 1, 0, 1, 0]",8.18,7.38,16.13,4.56,8321395.0
GILT,8.94,1,"[0, 0, 0, 0, 0, 0, 0, 0, 1, 0]",10.29,14.34,20.85,8.94,657885.0
AVAH,12.25,8,"[0, 1, 1, 1, 1, 1, 1, 1, 1, 0]",12.45,8.91,14.38,6.22,3321255.0
CBL,48.51,7,"[0, 0, 1, 1, 1, 1, 1, 1, 1, 0]",54.23,45.26,59.36,26.62,332025.0
BKSY,20.92,5,"[0, 0, 0, 0, 1, 1, 1, 0, 1, 1]",24.11,27.64,51.63,13.14,960095.0
FTRE,20.84,10,"[1, 1, 1, 1, 1, 1, 1, 1, 1, 1]",18.91,15.28,21.11,8.87,1752200.0
NSSC,36.14,2,"[0, 0, 0, 0, 0, 0, 0, 1, 1, 0]",36.82,39.14,46.65,34.65,341380.0
DMRA,21.08,3,"[0, 0, 0, 1, 0, 0, 1, 0, 1, 0]",26.52,25.94,34.14,4.95,849505.0
PRG,30.48,4,"[0, 0, 0, 1, 1, 1, 0, 0, 1, 0]",37.51,35.43,47.37,25.86,757140.0
OBK,51.56,8,"[0, 1, 1, 1, 1, 1, 1, 1, 1, 0]",53.47,47.0,54.96,31.84,181705.0
MUX,17.88,1,"[0, 0, 0, 0, 0, 0, 0, 0, 1, 0]",19.11,21.14,29.05,15.66,1370255.0
PRCT,18.4,1,"[0, 0, 0, 0, 0, 0, 0, 0, 1, 0]",19.86,24.32,36.95,16.69,1378095.0
NBR,80.67,4,"[0, 0, 0, 0, 1, 1, 1, 0, 1, 0]",86.87,82.82,110.63,36.99,212780.0
MAZE,27.11,3,"[1, 0, 0, 0, 0, 0, 0, 0, 1, 1]",26.86,32.63,51.83,22.39,903440.0
ENVX,2.46,1,"[0, 0, 0, 0, 0, 0, 0, 0, 1, 0]",3.37,5.54,13.19,2.46,7059670.0
TBLA,3.45,2,"[0, 0, 0, 0, 1, 0, 0, 0, 1, 0]",3.78,4.07,5.58,2.95,2105165.0
URGN,36.83,7,"[0, 1, 1, 1, 1, 1, 1, 0, 1, 0]",43.7,30.35,50.29,16.65,974175.0
NNE,15.34,1,"[0, 0, 0, 0, 0, 0, 0, 0, 1, 0]",17.47,23.01,54.44,14.88,2035800.0
HROW,29.36,1,"[0, 0, 0, 0, 0, 0, 0, 0, 1, 0]",36.29,39.96,54.8,29.03,643210.0
LINC,23.49,4,"[0, 0, 0, 0, 1, 1, 1, 0, 1, 0]",27.15,36.1,55.68,17.8,688780.0
RYZ,26.23,9,"[1, 1, 1, 1, 0, 1, 1, 1, 1, 1]",25.71,26.04,30.81,19.43,492225.0
HLIT,10.99,3,"[0, 0, 0, 0, 1, 1, 0, 0, 1, 0]",11.7,11.55,17.11,8.85,1571515.0
TROX,3.63,2,"[0, 0, 0, 0, 1, 0, 0, 0, 1, 0]",4.95,6.68,10.34,2.82,2176280.0
VIA,32.37,7,"[1, 1, 1, 1, 0, 0, 1, 0, 1, 1]",27.02,20.56,53.93,13.31,966525.0
LIND,35.82,10,"[1, 1, 1, 1, 1, 1, 1, 1, 1, 1]",30.51,22.89,36.08,11.45,1022600.0
IPX,16.48,1,"[0, 0, 0, 0, 0, 0, 0, 0, 1, 0]",20.76,32.32,60.11,15.28,374685.0
WVE,3.46,1,"[0, 0, 0, 0, 0, 0, 0, 0, 1, 0]",4.74,8.37,21.31,3.46,3253195.0
PLTK,2.29,1,"[0, 0, 0, 0, 0, 0, 0, 0, 1, 0]",2.47,3.22,4.26,2.13,1063555.0
AVBP,16.73,3,"[0, 0, 0, 0, 1, 1, 0, 0, 1, 0]",28.74,27.24,34.74,15.09,1940390.0
RLJ,11.21,10,"[1, 1, 1, 1, 1, 1, 1, 1, 1, 1]",11.08,9.31,12.31,6.18,1779775.0
LOMA,10.12,5,"[1, 0, 0, 0, 0, 0, 1, 1, 1, 1]",9.83,10.99,13.12,7.61,483825.0
TV,2.21,1,"[0, 0, 0, 0, 0, 0, 0, 0, 1, 0]",2.56,2.84,3.44,2.19,1288995.0
SBH,15.9,7,"[0, 1, 1, 1, 0, 1, 1, 1, 1, 0]",16.33,14.9,17.18,11.82,1452390.0
CSIQ,11.38,1,"[0, 0, 0, 0, 0, 0, 0, 0, 1, 0]",13.25,16.36,33.58,10.42,1791315.0
RXT,3.9,9,"[1, 1, 1, 1, 1, 1, 1, 0, 1, 1]",3.8,3.06,7.53,0.41,6146610.0
GIII,27.07,2,"[0, 0, 0, 0, 1, 0, 0, 0, 1, 0]",30.51,30.73,36.68,24.73,748040.0
BTGO,7.33,4,"[1, 0, 0, 0, 1, 0, 1, 0, 1, 0]",6.73,7.33,18.49,4.69,2000785.0
TTI,6.11,1,"[0, 0, 0, 0, 0, 0, 0, 0, 1, 0]",6.98,9.05,12.32,5.59,2162160.0
KDK,1.67,1,"[0, 0, 0, 0, 0, 0, 0, 0, 1, 0]",3.43,6.64,10.92,1.64,6270725.0
STAA,21.67,3,"[0, 0, 0, 0, 1, 0, 1, 0, 1, 0]",22.92,23.61,33.34,16.1,1060145.0
ARRY,3.68,1,"[0, 0, 0, 0, 0, 0, 0, 0, 1, 0]",4.55,7.36,11.96,3.68,6637700.0
BAK,1.82,1,"[0, 0, 0, 0, 0, 0, 0, 0, 1, 0]",1.87,3.14,5.02,1.42,1827370.0
TDOC,5.77,2,"[0, 0, 0, 0, 1, 0, 0, 0, 1, 0]",6.32,6.53,9.72,4.47,3653815.0
WLDN,75.12,1,"[0, 0, 0, 0, 0, 0, 0, 0, 1, 0]",80.83,89.87,134.94,66.91,190905.0
CRVS,10.52,3,"[0, 0, 0, 0, 0, 1, 1, 0, 1, 0]",13.23,14.22,25.52,6.5,1316095.0
CRI,32.36,3,"[0, 0, 0, 0, 1, 0, 0, 0, 1, 1]",33.86,35.92,43.42,26.65,1477255.0
PLSE,53.81,10,"[1, 1, 1, 1, 1, 1, 1, 1, 1, 1]",48.6,28.63,55.2,12.66,525025.0
OLMA,7.82,1,"[0, 0, 0, 0, 0, 0, 0, 0, 1, 0]",10.09,15.5,35.83,7.77,1336410.0
TEN,51.4,10,"[1, 1, 1, 1, 1, 1, 1, 1, 1, 1]",44.84,37.0,52.81,20.51,526540.0
WBI,29.98,7,"[0, 0, 1, 1, 1, 1, 1, 1, 1, 0]",31.27,28.22,36.15,18.66,730905.0
ATLC,93.73,8,"[0, 1, 1, 1, 1, 1, 1, 1, 1, 0]",95.2,78.5,111.79,47.96,118965.0
JBIO,14.39,4,"[0, 0, 0, 0, 1, 1, 1, 0, 1, 0]",18.87,18.27,26.85,8.95,1008790.0
GPRE,14.34,4,"[0, 0, 0, 0, 1, 1, 1, 0, 1, 0]",15.27,14.95,19.23,9.08,1417910.0
RCAT,5.77,1,"[0, 0, 0, 0, 0, 0, 0, 0, 1, 0]",8.12,10.91,17.36,5.77,8878005.0
MRTN,12.75,4,"[0, 0, 0, 0, 1, 1, 1, 0, 1, 0]",13.99,14.37,18.14,9.24,873290.0
DSGR,35.03,10,"[1, 1, 1, 1, 1, 1, 1, 1, 1, 1]",34.84,29.82,35.07,19.31,211455.0
EVLV,4.53,1,"[0, 0, 0, 0, 0, 0, 0, 0, 1, 0]",5.19,5.84,8.3,4.48,2314815.0
NPKI,11.34,2,"[0, 0, 0, 0, 1, 0, 0, 0, 1, 0]",12.89,13.98,16.35,10.74,831895.0
ABTC,7.73,2,"[0, 0, 0, 0, 0, 0, 1, 0, 1, 0]",8.07,14.1,90.45,5.19,1393190.0
DQ,11.0,1,"[0, 0, 0, 0, 0, 0, 0, 0, 1, 0]",12.67,18.41,35.69,10.72,580215.0
AMAL,46.58,8,"[0, 1, 1, 1, 1, 1, 1, 1, 1, 0]",48.44,42.51,51.08,24.83,288335.0
VTOL,40.69,4,"[0, 0, 0, 0, 1, 1, 0, 1, 1, 0]",43.67,43.73,49.73,35.4,286980.0
PGY,18.22,5,"[0, 1, 1, 1, 0, 0, 1, 0, 1, 0]",20.48,16.83,29.91,10.64,2558755.0
NAT,8.47,10,"[1, 1, 1, 1, 1, 1, 1, 1, 1, 1]",7.14,5.44,8.58,2.85,5396760.0
PNTG,39.73,10,"[1, 1, 1, 1, 1, 1, 1, 1, 1, 1]",39.23,34.48,42.48,23.64,449220.0
MRVI,7.44,10,"[1, 1, 1, 1, 1, 1, 1, 1, 1, 1]",7.17,4.95,9.0,2.83,2684830.0
NSP,48.73,8,"[0, 1, 1, 1, 1, 1, 1, 1, 1, 0]",50.23,37.9,53.4,19.32,474995.0
MLTX,10.82,2,"[0, 0, 0, 0, 1, 0, 0, 0, 1, 0]",14.34,16.7,22.16,9.12,2041495.0
BLDP,1.91,2,"[0, 0, 0, 0, 1, 0, 0, 0, 1, 0]",2.31,2.96,6.38,1.91,2342935.0
UFCS,55.14,9,"[1, 1, 1, 1, 1, 1, 1, 1, 1, 0]",53.99,44.83,56.4,29.66,137505.0
REAL,9.75,1,"[0, 0, 0, 0, 0, 0, 0, 0, 1, 0]",10.38,11.43,16.9,8.12,2741065.0
JKS,8.88,1,"[0, 0, 0, 0, 0, 0, 0, 0, 1, 0]",12.75,19.32,28.22,8.66,733925.0
AORT,21.26,1,"[0, 0, 0, 0, 0, 0, 0, 0, 1, 0]",25.41,31.07,47.63,20.1,616920.0
KMTS,26.98,9,"[1, 1, 1, 1, 0, 1, 1, 1, 1, 1]",26.16,23.59,28.46,17.87,442945.0
ASTE,38.71,1,"[0, 0, 0, 0, 0, 0, 0, 0, 1, 0]",42.63,51.11,64.66,38.71,233460.0
COLL,22.09,1,"[0, 0, 0, 0, 0, 0, 0, 0, 1, 0]",25.38,35.07,49.84,21.82,849035.0
TK,15.27,10,"[1, 1, 1, 1, 1, 1, 1, 1, 1, 1]",13.35,11.55,15.37,7.31,596635.0
VSTS,14.13,10,"[1, 1, 1, 1, 1, 1, 1, 1, 1, 1]",13.47,10.84,16.5,4.62,1646435.0
DLX,23.14,4,"[0, 0, 0, 0, 1, 1, 1, 0, 1, 0]",23.84,24.91,31.11,17.03,474275.0
CCO,2.43,9,"[1, 1, 1, 0, 1, 1, 1, 1, 1, 1]",2.38,2.35,2.43,1.3,5535750.0
ULCC,5.86,8,"[0, 1, 1, 1, 1, 1, 1, 0, 1, 1]",6.19,5.38,8.06,3.1,2519855.0
ELE,17.86,4,"[0, 0, 0, 1, 0, 1, 1, 0, 1, 0]",20.12,18.81,24.13,12.53,505975.0
ADTN,7.46,2,"[0, 0, 0, 0, 1, 0, 0, 0, 1, 0]",7.57,11.29,19.4,6.8,1777070.0
ACDC,4.64,4,"[0, 0, 0, 0, 1, 1, 1, 0, 1, 0]",4.82,5.54,8.06,3.19,1333505.0
XPEL,44.43,4,"[0, 0, 0, 1, 0, 0, 1, 1, 1, 0]",47.44,46.83,54.95,33.89,183720.0
PRCH,17.56,10,"[1, 1, 1, 1, 1, 1, 1, 1, 1, 1]",16.71,11.38,18.06,6.4,1572135.0
CMP,22.79,4,"[0, 0, 0, 0, 1, 1, 1, 0, 1, 0]",24.82,25.87,33.51,16.54,384270.0
NEO,16.35,8,"[0, 1, 1, 1, 1, 1, 1, 1, 1, 0]",17.45,12.45,19.91,7.19,2587535.0
MPLT,8.83,2,"[0, 0, 0, 0, 1, 0, 0, 0, 1, 0]",11.7,21.24,39.8,8.83,479100.0
GOOS,7.92,1,"[0, 0, 0, 0, 0, 0, 0, 0, 1, 0]",8.09,10.34,14.37,7.41,802040.0
PRSU,52.94,10,"[1, 1, 1, 1, 1, 1, 1, 1, 1, 1]",49.07,43.44,55.97,32.28,269690.0
VYX,7.15,2,"[0, 0, 0, 1, 0, 0, 0, 0, 1, 0]",7.85,8.01,11.91,6.15,3283750.0
GOLD,40.69,4,"[0, 0, 0, 1, 0, 1, 1, 0, 1, 0]",43.51,43.41,62.0,23.72,519965.0
HQH,19.93,6,"[0, 0, 1, 1, 1, 1, 0, 1, 1, 0]",21.92,19.39,23.99,15.74,190925.3
EYPT,3.4,1,"[0, 0, 0, 0, 0, 0, 0, 0, 1, 0]",6.12,12.18,18.85,3.15,3435810.0
EDN,20.22,1,"[0, 0, 0, 0, 0, 0, 0, 0, 1, 0]",23.14,26.14,35.71,16.62,130480.0
AOSL,27.87,5,"[0, 0, 0, 0, 1, 1, 1, 0, 1, 1]",28.14,30.31,53.32,17.47,552710.0
ALNT,109.91,10,"[1, 1, 1, 1, 1, 1, 1, 1, 1, 1]",103.04,79.69,118.63,45.81,209570.0
GNK,26.5,9,"[1, 1, 1, 1, 1, 1, 1, 1, 1, 0]",26.37,23.02,28.12,14.42,520220.0
LQDT,43.13,10,"[1, 1, 1, 1, 1, 1, 1, 1, 1, 1]",42.12,35.99,43.64,22.16,269235.0
XERS,10.48,10,"[1, 1, 1, 1, 1, 1, 1, 1, 1, 1]",8.65,7.27,10.48,5.29,3466220.0
CDNA,63.67,10,"[1, 1, 1, 1, 1, 1, 1, 1, 1, 1]",53.05,29.88,69.85,14.28,1488960.0
ZBIO,27.26,6,"[0, 1, 1, 1, 1, 0, 1, 0, 1, 0]",30.78,25.03,43.17,15.2,765170.0
EVEX,1.67,1,"[0, 0, 0, 0, 0, 0, 0, 0, 1, 0]",2.26,2.88,5.04,1.67,1064760.0
AMN,36.52,10,"[1, 1, 1, 1, 1, 1, 1, 1, 1, 1]",34.46,26.42,36.84,15.1,693735.0
BUR,3.58,1,"[0, 0, 0, 0, 0, 0, 0, 0, 1, 0]",4.12,5.77,11.16,3.44,2202645.0
TDAY,6.82,7,"[1, 0, 0, 0, 1, 1, 1, 1, 1, 1]",6.82,6.97,9.03,3.49,2528280.0
ACVA,10.44,9,"[1, 1, 1, 1, 0, 1, 1, 1, 1, 1]",8.68,6.95,10.5,4.15,9658785.0
KODK,9.21,4,"[0, 0, 0, 0, 1, 1, 1, 0, 1, 0]",9.51,9.22,14.51,5.79,841290.0
DBVT,9.8,1,"[0, 0, 0, 0, 0, 0, 0, 0, 1, 0]",12.87,17.59,24.54,9.55,355545.0
IVA,3.16,1,"[0, 0, 0, 0, 0, 0, 0, 0, 1, 0]",4.2,5.0,7.15,3.16,2710985.0
ASST,27.8,10,"[1, 1, 1, 1, 1, 1, 1, 1, 1, 1]",22.7,15.82,32.8,7.16,8599035.0
UVE,45.85,10,"[1, 1, 1, 1, 1, 1, 1, 1, 1, 1]",43.59,37.56,46.97,27.36,180630.0
OSBC,24.61,8,"[0, 1, 1, 1, 1, 1, 1, 1, 1, 0]",25.24,22.06,25.91,16.49,567925.0
MNKD,3.29,3,"[0, 0, 0, 1, 0, 0, 1, 0, 1, 0]",3.81,3.92,6.21,2.28,5406525.0
GHM,82.37,4,"[0, 0, 0, 0, 1, 1, 1, 0, 1, 0]",93.38,91.21,123.79,53.56,174880.0
BFLY,8.25,9,"[0, 1, 1, 1, 1, 1, 1, 1, 1, 1]",8.5,5.8,9.93,1.97,6288005.0
NWPX,101.32,6,"[0, 0, 1, 1, 1, 1, 1, 0, 1, 0]",109.17,99.22,149.94,49.43,129650.0
LGIH,43.82,2,"[0, 0, 0, 1, 0, 0, 0, 0, 1, 0]",53.24,50.47,65.84,34.24,325235.0
SATL,5.15,5,"[0, 0, 0, 0, 1, 1, 1, 0, 1, 1]",5.25,5.2,10.74,1.27,5710855.0
IART,13.44,5,"[0, 0, 0, 1, 1, 1, 1, 0, 1, 0]",16.22,14.06,19.85,8.9,1184425.0
UVSP,40.9,8,"[0, 1, 1, 1, 1, 1, 1, 1, 1, 0]",42.22,38.37,44.98,27.6,233434.15
PBT,34.86,9,"[1, 1, 1, 1, 1, 1, 1, 1, 1, 0]",33.53,25.48,36.09,16.36,210290.0
SEPN,38.37,8,"[0, 1, 1, 1, 1, 1, 1, 1, 1, 0]",39.39,31.11,48.19,18.1,419005.0
SVRA,4.92,2,"[0, 0, 0, 0, 0, 0, 1, 0, 1, 0]",5.32,5.49,6.94,3.37,2372360.0
SVC,7.15,2,"[0, 0, 0, 0, 0, 0, 0, 0, 1, 1]",7.32,8.54,11.7,5.83,2232125.0
TNDM,16.11,2,"[0, 0, 0, 1, 0, 0, 0, 0, 1, 0]",19.34,19.28,28.26,12.82,2372590.0
PDM,9.03,8,"[0, 1, 1, 1, 1, 1, 1, 1, 1, 0]",9.41,8.54,9.96,6.39,2249335.0
ATEX,84.53,9,"[0, 1, 1, 1, 1, 1, 1, 1, 1, 1]",87.14,60.86,108.21,17.99,295005.0
PLOW,39.19,4,"[0, 0, 0, 0, 1, 1, 1, 0, 1, 0]",41.03,42.15,53.8,28.75,194735.0
RERE,3.76,1,"[0, 0, 0, 0, 0, 0, 0, 0, 1, 0]",4.09,4.65,6.2,3.62,486660.0
APEI,47.87,7,"[1, 0, 0, 0, 1, 1, 1, 1, 1, 1]",45.54,49.08,60.86,30.67,279605.0
CEVA,33.49,8,"[1, 1, 1, 0, 1, 1, 1, 0, 1, 1]",31.3,30.03,50.06,17.21,642080.0
INNV,9.1,7,"[0, 0, 1, 1, 1, 1, 1, 1, 1, 0]",10.35,8.79,12.11,3.99,910460.0
HTLD,11.12,4,"[0, 0, 0, 0, 1, 1, 1, 0, 1, 0]",12.08,12.22,16.17,7.03,779245.0
CFFN,8.39,8,"[0, 1, 1, 1, 1, 1, 1, 1, 1, 0]",8.7,7.78,9.1,5.72,1118085.0
OMER,19.83,10,"[1, 1, 1, 1, 1, 1, 1, 1, 1, 1]",17.72,13.24,21.05,4.1,1411460.0
LMRI,10.54,4,"[0, 1, 0, 1, 0, 0, 1, 0, 1, 0]",11.26,11.57,18.53,6.77,442345.0
LXU,9.81,3,"[0, 0, 0, 0, 1, 1, 0, 0, 1, 0]",10.47,11.68,16.88,8.16,770365.0
GDRX,3.43,9,"[0, 1, 1, 1, 1, 1, 1, 1, 1, 1]",3.45,2.77,4.27,1.87,798350.0
KOPN,4.46,7,"[0, 1, 1, 1, 1, 1, 1, 0, 1, 0]",4.6,3.71,6.39,1.82,3570625.0
DAKT,18.01,2,"[0, 0, 0, 0, 0, 0, 0, 0, 1, 1]",18.99,20.5,27.73,17.02,484920.0
INR,13.34,1,"[0, 0, 0, 0, 0, 0, 0, 0, 1, 0]",13.93,14.87,19.23,11.2,335520.0
EPC,27.8,10,"[1, 1, 1, 1, 1, 1, 1, 1, 1, 1]",27.76,22.9,29.5,15.6,607610.0
INDI,2.6,1,"[0, 0, 0, 0, 0, 0, 0, 0, 1, 0]",3.46,3.7,6.0,2.44,5084705.0
PHAT,7.25,1,"[0, 0, 0, 0, 0, 0, 0, 0, 1, 0]",8.29,11.17,18.08,6.7,1403275.0
CRON,3.23,10,"[1, 1, 1, 1, 1, 1, 1, 1, 1, 1]",3.23,2.81,3.55,2.3,886665.0
JMIA,6.28,1,"[0, 0, 0, 0, 0, 0, 0, 0, 1, 0]",6.72,8.01,14.6,5.69,1236680.0
XNCR,24.63,9,"[0, 1, 1, 1, 1, 1, 1, 1, 1, 1]",24.64,16.1,29.3,10.41,1523710.0
CMPS,12.0,8,"[0, 1, 1, 1, 1, 1, 1, 1, 1, 0]",13.41,10.06,15.19,4.94,2839510.0
METC,8.7,1,"[0, 0, 0, 0, 0, 0, 0, 0, 1, 0]",10.6,14.34,54.55,8.0,2098360.0
AMBQ,58.56,6,"[0, 0, 1, 1, 1, 1, 1, 0, 1, 0]",63.08,52.14,90.48,22.76,583745.0
NUTX,206.29,10,"[1, 1, 1, 1, 1, 1, 1, 1, 1, 1]",194.39,148.24,225.0,87.01,167320.0
CODI,10.85,8,"[0, 1, 1, 1, 1, 1, 1, 1, 1, 0]",11.3,9.37,12.71,4.65,606030.0
SANA,2.79,2,"[0, 0, 0, 1, 0, 0, 0, 0, 1, 0]",3.38,3.54,5.92,2.68,4049915.0
SCSC,60.93,10,"[1, 1, 1, 1, 1, 1, 1, 1, 1, 1]",56.89,46.33,62.22,34.27,267970.0
NX,18.29,5,"[0, 0, 0, 1, 0, 1, 1, 1, 1, 0]",20.07,18.69,22.84,11.05,425300.0
AVO,11.73,4,"[0, 0, 0, 1, 0, 1, 0, 1, 1, 0]",12.82,12.9,15.34,10.11,1072560.0
ANNX,4.02,3,"[0, 0, 0, 0, 0, 0, 1, 0, 1, 1]",4.65,5.33,6.96,2.68,3394685.0
AMTB,28.77,8,"[0, 1, 1, 1, 1, 1, 1, 1, 1, 0]",29.12,24.33,30.49,16.43,364220.0
ABSI,10.16,10,"[1, 1, 1, 1, 1, 1, 1, 1, 1, 1]",9.26,6.03,11.62,2.3,4680105.0
AMC,2.98,10,"[1, 1, 1, 1, 1, 1, 1, 1, 1, 1]",2.68,1.87,3.29,0.95,29605335.0
ORIC,11.99,8,"[0, 1, 1, 1, 1, 1, 1, 1, 1, 0]",12.99,10.93,14.65,7.47,1662180.0
RHLD,118.17,2,"[0, 0, 0, 0, 0, 0, 1, 0, 1, 0]",127.33,148.37,226.37,72.77,117955.0
TBN,34.02,6,"[0, 0, 1, 1, 1, 1, 1, 0, 1, 0]",36.33,33.55,49.99,22.6,131530.0
JBSS,67.0,3,"[0, 0, 0, 0, 1, 0, 0, 1, 1, 0]",73.64,75.46,88.51,56.28,126450.0
MGTX,10.69,6,"[0, 0, 1, 1, 1, 1, 1, 0, 1, 0]",12.76,10.16,14.97,6.99,1115025.0
HEPS,2.74,7,"[1, 0, 1, 0, 1, 1, 0, 1, 1, 1]",2.65,2.73,3.29,2.18,600435.0
AGL,82.39,7,"[0, 1, 1, 1, 1, 1, 1, 0, 1, 0]",89.42,59.86,129.84,7.91,243020.0
HAFC,30.78,8,"[0, 1, 1, 1, 1, 1, 1, 1, 1, 0]",31.69,29.24,33.02,22.1,250195.0
SLS,11.65,9,"[0, 1, 1, 1, 1, 1, 1, 1, 1, 1]",12.4,8.01,15.46,1.39,5530900.0
BJRI,59.87,8,"[0, 1, 1, 1, 1, 1, 1, 1, 1, 0]",63.23,49.55,74.26,28.69,420835.0
CGEM,15.53,6,"[0, 0, 1, 1, 1, 1, 1, 0, 1, 0]",19.27,15.5,22.95,7.19,1352610.0
VPG,72.63,7,"[1, 0, 1, 0, 1, 1, 1, 0, 1, 1]",69.18,72.34,149.91,29.28,317010.0
SHEN,10.41,3,"[0, 0, 0, 0, 1, 1, 0, 0, 1, 0]",12.17,13.55,17.1,9.9,1230150.0
ROOT,49.13,1,"[0, 0, 0, 0, 0, 0, 0, 0, 1, 0]",52.12,55.92,90.86,43.21,211155.0
GERN,1.23,1,"[0, 0, 0, 0, 0, 0, 0, 0, 1, 0]",1.4,1.44,1.95,1.07,9986870.0
VLRS,6.23,1,"[0, 0, 0, 0, 0, 0, 0, 0, 1, 0]",6.99,7.94,10.63,6.15,338985.0
LXRX,1.68,5,"[0, 0, 0, 1, 1, 1, 1, 0, 1, 0]",2.14,1.86,2.64,1.14,3307645.0
DSGN,11.65,5,"[0, 0, 0, 1, 1, 1, 1, 0, 1, 0]",13.77,12.08,15.94,5.53,730690.0
HNRG,13.92,1,"[0, 0, 0, 0, 0, 0, 0, 0, 1, 0]",15.25,17.08,23.81,13.49,934285.0
NB,3.37,1,"[0, 0, 0, 0, 0, 0, 0, 0, 1, 0]",4.14,5.11,11.67,3.37,2280725.0
MATW,18.61,1,"[0, 0, 0, 0, 0, 0, 0, 0, 1, 0]",21.38,24.96,28.54,18.58,1264840.0
BVS,13.06,9,"[0, 1, 1, 1, 1, 1, 1, 1, 1, 1]",13.69,10.41,15.26,6.51,432615.0
OMDA,21.55,9,"[0, 1, 1, 1, 1, 1, 1, 1, 1, 1]",21.83,17.44,26.78,10.94,1434275.0
SCHL,38.6,8,"[1, 0, 1, 0, 1, 1, 1, 1, 1, 1]",38.02,38.11,47.04,26.54,561525.0
ABX,8.19,4,"[0, 0, 0, 0, 1, 1, 1, 0, 1, 0]",9.13,9.16,12.0,4.87,692070.0
SPRY,4.23,1,"[0, 0, 0, 0, 0, 0, 0, 0, 1, 0]",5.12,7.95,13.06,4.07,1518840.0
CTMX,2.57,1,"[0, 0, 0, 0, 0, 0, 0, 0, 1, 0]",3.13,4.02,6.75,2.47,4247145.0
MYE,30.63,9,"[0, 1, 1, 1, 1, 1, 1, 1, 1, 1]",32.11,25.44,36.58,15.4,299315.0
ABUS,4.22,5,"[0, 0, 0, 1, 1, 1, 0, 1, 1, 0]",4.83,4.53,5.22,3.67,8425670.0
AEVA,13.66,4,"[0, 0, 0, 0, 1, 1, 1, 0, 1, 0]",17.19,17.31,29.29,9.19,1409095.0
SHAZ,37.93,4,"[0, 0, 0, 1, 1, 0, 1, 0, 1, 0]",56.13,37.93,92.7,17.52,1517920.0
KOP,43.41,7,"[0, 0, 1, 1, 1, 1, 1, 1, 1, 0]",46.65,40.34,52.23,26.11,172695.0
NBBK,22.12,8,"[0, 1, 1, 1, 1, 1, 1, 1, 1, 0]",22.61,21.23,23.25,16.64,261890.0
IBTA,43.07,10,"[1, 1, 1, 1, 1, 1, 1, 1, 1, 1]",38.54,30.96,43.28,19.25,219140.0
CRSR,13.63,10,"[1, 1, 1, 1, 1, 1, 1, 1, 1, 1]",12.65,8.45,14.35,4.58,1050865.0
KRO,7.61,8,"[0, 1, 1, 1, 1, 1, 1, 1, 1, 0]",8.06,6.61,8.86,4.19,356815.0
ODD,21.11,7,"[1, 1, 1, 1, 0, 0, 1, 0, 1, 1]",15.92,18.75,51.58,9.81,1076830.0
DRUG,54.05,1,"[0, 0, 0, 0, 0, 0, 0, 0, 1, 0]",66.94,75.68,95.99,48.25,130260.0
KURA,10.6,7,"[0, 1, 1, 1, 1, 0, 1, 1, 1, 0]",11.27,9.81,13.59,7.4,1767145.0
SCZM,9.11,7,"[1, 1, 1, 1, 0, 1, 1, 0, 1, 0]",9.02,8.99,16.16,4.92,442300.0
CVLG,31.95,4,"[0, 0, 0, 0, 1, 1, 1, 0, 1, 0]",34.31,33.45,49.78,17.9,187155.0
PURR,11.11,8,"[1, 1, 1, 1, 1, 0, 1, 1, 1, 0]",10.64,7.19,14.09,3.1,20422540.0
TSAT,45.96,7,"[0, 1, 1, 1, 1, 1, 1, 0, 1, 0]",47.79,41.83,61.4,23.58,109315.0
SG,9.63,9,"[1, 1, 1, 0, 1, 1, 1, 1, 1, 1]",7.12,6.96,10.21,4.7,5247045.0
VOR,19.9,7,"[0, 1, 1, 1, 1, 1, 1, 0, 1, 0]",21.86,16.89,32.29,6.86,1377375.0
EVMN,6.25,1,"[0, 0, 0, 0, 0, 0, 0, 0, 1, 0]",11.18,18.69,31.57,6.22,905760.0
WYFI,15.69,3,"[0, 0, 0, 0, 1, 0, 1, 0, 1, 0]",20.72,21.56,44.77,10.78,1282415.0
SABR,1.9,8,"[0, 1, 1, 1, 1, 1, 1, 1, 1, 0]",2.12,1.71,2.33,0.82,6442695.0
CGNT,8.81,5,"[1, 0, 0, 0, 1, 0, 1, 0, 1, 1]",8.72,8.84,12.24,6.34,544730.0
ETON,55.21,8,"[0, 1, 1, 1, 1, 1, 1, 1, 1, 0]",55.54,33.08,64.43,14.35,625390.0
WEST,8.18,10,"[1, 1, 1, 1, 1, 1, 1, 1, 1, 1]",8.06,6.51,9.73,3.71,331595.0
EGBN,28.22,10,"[1, 1, 1, 1, 1, 1, 1, 1, 1, 1]",28.03,26.41,29.12,15.78,359925.0
GO,11.96,9,"[1, 1, 1, 1, 0, 1, 1, 1, 1, 1]",11.24,9.33,15.77,5.79,2151310.0
BIOA,6.34,1,"[0, 0, 0, 0, 0, 0, 0, 0, 1, 0]",8.95,16.54,25.1,5.11,916670.0
ASC,19.28,10,"[1, 1, 1, 1, 1, 1, 1, 1, 1, 1]",17.72,15.17,19.47,9.69,674430.0
ADAM,7.65,6,"[0, 0, 0, 1, 1, 1, 1, 1, 1, 0]",8.91,8.05,9.89,5.79,1382595.0
DXYZ,30.74,4,"[0, 0, 0, 0, 1, 1, 1, 0, 1, 0]",30.96,31.77,71.24,20.82,783850.0
SUPV,7.13,1,"[0, 0, 0, 0, 0, 0, 0, 0, 1, 0]",8.14,9.41,12.86,5.72,590325.0
NRGV,3.25,1,"[0, 0, 0, 0, 0, 0, 0, 0, 1, 0]",3.81,4.1,6.49,2.51,4048950.0
IMSR,3.28,1,"[0, 0, 0, 0, 0, 0, 0, 0, 1, 0]",4.86,6.7,27.1,3.28,1579725.0
ANRO,24.37,6,"[0, 0, 1, 1, 1, 1, 1, 0, 1, 0]",30.54,23.84,36.64,5.62,627200.0
KFRC,51.28,9,"[0, 1, 1, 1, 1, 1, 1, 1, 1, 1]",54.52,41.84,59.98,23.49,216845.0
CWH,4.53,1,"[0, 0, 0, 0, 0, 0, 0, 0, 1, 0]",5.94,7.84,16.62,4.48,2448510.0
ARKO,4.11,2,"[0, 0, 0, 0, 1, 0, 0, 0, 1, 0]",4.78,5.99,8.58,3.78,768260.0
IHRT,1.92,1,"[0, 0, 0, 0, 0, 0, 0, 0, 1, 0]",2.72,3.6,6.33,1.92,772565.0
PSTL,22.76,8,"[0, 1, 1, 1, 1, 1, 1, 1, 1, 0]",23.17,21.07,24.72,13.9,385215.0
MTUS,19.99,9,"[1, 1, 1, 1, 0, 1, 1, 1, 1, 1]",19.94,18.98,22.03,14.56,334820.0
RLMD,3.39,3,"[0, 0, 0, 0, 1, 0, 1, 0, 1, 0]",4.34,5.44,7.86,1.93,1272620.0
CRESY,11.42,5,"[0, 0, 0, 1, 0, 1, 1, 1, 1, 0]",11.58,11.68,14.11,8.55,289550.0
CBLL,23.63,8,"[1, 1, 1, 1, 0, 1, 1, 1, 1, 0]",23.24,20.43,25.04,10.92,353205.0
LYTS,20.65,5,"[0, 0, 0, 0, 1, 1, 0, 1, 1, 1]",21.5,21.86,26.73,17.13,380700.0
NXDR,2.57,10,"[1, 1, 1, 1, 1, 1, 1, 1, 1, 1]",2.41,2.02,2.77,1.36,2234630.0
DSP,13.13,10,"[1, 1, 1, 1, 1, 1, 1, 1, 1, 1]",12.61,11.65,14.09,8.14,678210.0
PGC,43.37,8,"[0, 1, 1, 1, 1, 1, 1, 1, 1, 0]",45.24,40.01,48.28,24.62,135075.0
HZO,52.37,10,"[1, 1, 1, 1, 1, 1, 1, 1, 1, 1]",50.24,35.36,52.56,21.43,758985.0
ALLO,1.46,4,"[0, 0, 0, 0, 1, 1, 1, 0, 1, 0]",1.84,1.99,3.06,1.05,6004890.0
HSHP,17.92,10,"[1, 1, 1, 1, 1, 1, 1, 1, 1, 1]",16.93,13.51,19.33,6.74,544915.0
DRTS,14.41,9,"[1, 1, 1, 1, 1, 1, 1, 1, 1, 0]",14.37,10.04,15.5,3.47,476060.0
FOXF,18.05,4,"[0, 0, 0, 1, 0, 1, 1, 0, 1, 0]",19.86,18.28,24.88,13.19,601975.0
PRAA,20.03,10,"[1, 1, 1, 1, 1, 1, 1, 1, 1, 1]",19.4,17.4,22.23,10.42,490640.0
NTGR,23.6,6,"[1, 1, 1, 0, 1, 0, 0, 0, 1, 1]",22.41,23.07,35.18,19.87,336230.0
HPK,9.55,10,"[1, 1, 1, 1, 1, 1, 1, 1, 1, 1]",7.95,6.61,9.55,3.89,621360.0
KRNT,18.3,10,"[1, 1, 1, 1, 1, 1, 1, 1, 1, 1]",16.57,15.55,18.3,12.31,364120.0
FCEL,18.03,8,"[0, 1, 1, 1, 1, 1, 1, 0, 1, 1]",18.32,14.57,36.01,6.0,6353825.0
EVER,19.8,3,"[0, 0, 0, 1, 0, 0, 1, 0, 1, 0]",23.12,20.73,27.87,14.27,978685.0
GFR,6.35,9,"[1, 1, 1, 1, 1, 1, 1, 1, 1, 0]",6.27,5.94,7.1,4.33,1212400.0
LPTH,9.72,5,"[0, 0, 0, 0, 1, 1, 1, 0, 1, 1]",11.27,12.18,18.15,6.18,2649115.0
SB,8.53,10,"[1, 1, 1, 1, 1, 1, 1, 1, 1, 1]",8.36,6.74,9.18,4.03,1614890.0
HIVE,2.5,3,"[0, 0, 0, 0, 1, 0, 1, 0, 1, 0]",2.94,2.9,6.92,1.75,11415525.0
SLDB,6.87,5,"[0, 0, 0, 1, 1, 1, 1, 0, 1, 0]",8.64,7.62,11.15,3.93,1452535.0
GDOT,12.61,5,"[0, 0, 1, 1, 1, 0, 0, 1, 1, 0]",13.1,12.55,13.58,10.53,434145.0
MAKO,9.36,8,"[0, 1, 1, 1, 1, 1, 1, 1, 1, 0]",9.74,7.91,11.07,5.02,185115.0
MVST,0.58,1,"[0, 0, 0, 0, 0, 0, 0, 0, 1, 0]",0.72,1.58,6.4,0.58,5059045.0
MITK,17.7,9,"[0, 1, 1, 1, 1, 1, 1, 1, 1, 1]",17.86,15.3,20.14,8.65,612110.0
RDVT,79.78,10,"[1, 1, 1, 1, 1, 1, 1, 1, 1, 1]",73.75,55.14,80.25,34.4,193965.0
KRUS,40.53,1,"[0, 0, 0, 0, 0, 0, 0, 0, 1, 0]",43.88,55.22,79.29,34.52,277240.0
MRLN,1.25,1,"[0, 0, 0, 0, 0, 0, 0, 0, 1, 0]",2.91,7.23,16.09,1.25,4297685.0
BLMN,8.6,7,"[0, 1, 1, 1, 1, 1, 1, 0, 1, 0]",9.49,7.65,11.85,5.26,2664725.0
IRWD,3.82,4,"[0, 0, 0, 1, 0, 1, 1, 0, 1, 0]",4.16,4.01,5.39,1.43,2294335.0
HUYA,2.26,3,"[1, 0, 0, 0, 0, 0, 0, 0, 1, 1]",2.24,2.79,4.6,2.04,858565.0
SLDP,2.38,2,"[1, 0, 0, 0, 0, 0, 0, 0, 1, 0]",2.37,3.15,8.51,2.0,2872615.0
ACRS,3.83,5,"[0, 0, 0, 1, 1, 1, 1, 0, 1, 0]",5.56,4.47,6.53,1.81,4162270.0
HRTG,34.83,10,"[1, 1, 1, 1, 1, 1, 1, 1, 1, 1]",33.66,27.98,35.42,20.88,281450.0
CYRX,17.35,10,"[1, 1, 1, 1, 1, 1, 1, 1, 1, 1]",16.27,12.74,18.14,7.72,798605.0
CTO,20.49,8,"[0, 1, 1, 1, 1, 1, 1, 1, 1, 0]",20.98,19.49,22.13,14.12,426380.0
ASPI,2.65,1,"[0, 0, 0, 0, 0, 0, 0, 0, 1, 0]",3.59,5.17,14.05,2.6,4803435.0
OXM,25.38,2,"[0, 0, 0, 0, 1, 0, 0, 0, 1, 0]",32.34,36.78,46.52,24.44,574565.0
GRPN,18.63,6,"[0, 0, 1, 1, 1, 1, 1, 0, 1, 0]",20.6,17.67,28.58,9.64,1142385.0
ALRS,31.07,8,"[0, 1, 1, 1, 1, 1, 1, 1, 1, 0]",32.71,27.78,33.89,20.15,201475.0
LAES,2.11,1,"[0, 0, 0, 0, 0, 0, 0, 0, 1, 0]",2.45,3.13,7.65,2.09,4452385.0
