ticker,price,score,points,sma50,sma200,wk52_high,wk52_low,volume
INN,5.95,9,"[1, 1, 1, 1, 0, 1, 1, 1, 1, 1]",5.02,4.89,5.95,3.97,968307.65
PKE,32.92,9,"[1, 1, 1, 1, 1, 1, 1, 1, 1, 0]",32.55,24.34,36.41,13.25,267409.9
STRO,28.68,7,"[0, 1, 1, 1, 1, 1, 1, 0, 1, 0]",31.25,17.11,40.91,6.8,334961.7
TLRY,5.19,2,"[0, 0, 0, 0, 0, 0, 1, 0, 1, 0]",6.11,9.52,21.0,3.6,3264550.9
SHBI,20.77,10,"[1, 1, 1, 1, 1, 1, 1, 1, 1, 1]",19.36,17.76,20.77,14.0,176119.9
EVC,9.07,10,"[1, 1, 1, 1, 1, 1, 1, 1, 1, 1]",5.59,3.41,9.84,1.9,3729023.6
ZVRA,11.17,7,"[1, 1, 1, 1, 0, 0, 1, 1, 1, 0]",10.3,9.42,12.79,7.23,2031173.4
CARS,9.34,1,"[0, 0, 0, 0, 0, 0, 0, 0, 1, 0]",10.02,11.09,13.79,7.58,940480.15
CLYM,10.91,9,"[1, 1, 1, 1, 1, 1, 1, 1, 1, 0]",9.5,5.07,12.22,1.18,877814.6
CWBC,24.35,10,"[1, 1, 1, 1, 1, 1, 1, 1, 1, 1]",23.65,22.47,25.28,17.36,226252.8
RMR,20.36,10,"[1, 1, 1, 1, 1, 1, 1, 1, 1, 1]",17.83,15.72,20.4,13.34,148610.45
SPIR,20.04,10,"[1, 1, 1, 1, 1, 1, 1, 1, 1, 1]",18.37,12.13,25.48,7.02,1713035.55
SWBI,15.17,10,"[1, 1, 1, 1, 1, 1, 1, 1, 1, 1]",14.96,11.37,15.57,7.47,484461.55
ARVN,7.74,3,"[0, 0, 0, 0, 1, 1, 0, 0, 1, 0]",10.01,10.67,13.83,6.24,907978.7
AVR,9.65,10,"[1, 1, 1, 1, 1, 1, 1, 1, 1, 1]",6.69,5.43,9.65,2.9,1279360.15
NKLR,6.08,5,"[1, 1, 0, 1, 0, 0, 1, 0, 1, 0]",5.78,6.08,18.26,3.91,357916.9
VTEX,3.73,2,"[0, 0, 0, 1, 0, 0, 0, 0, 1, 0]",3.87,3.88,6.76,2.87,1571666.3
MRAM,28.42,9,"[1, 1, 1, 1, 1, 1, 1, 0, 1, 1]",20.49,12.38,44.01,5.71,6940862.5
CABA,3.51,9,"[1, 1, 1, 1, 1, 1, 1, 1, 1, 0]",3.32,2.68,4.15,1.33,3758926.7
KE,26.35,6,"[1, 0, 0, 0, 0, 1, 1, 1, 1, 1]",25.7,27.59,33.13,18.26,183798.95
CNNE,14.44,5,"[1, 1, 0, 0, 0, 0, 1, 0, 1, 1]",13.16,15.13,21.26,10.64,470492.6
PSNL,12.1,9,"[1, 1, 1, 0, 1, 1, 1, 1, 1, 1]",7.11,7.8,12.1,4.41,2968289.2
CCSI,34.36,9,"[1, 1, 1, 1, 0, 1, 1, 1, 1, 1]",27.7,26.17,35.51,19.66,207405.45
ANGX,3.08,5,"[1, 0, 0, 0, 1, 0, 1, 0, 1, 1]",2.78,3.08,16.0,2.18,1220638.5
NPCE,16.32,9,"[1, 1, 1, 1, 1, 1, 1, 1, 1, 0]",15.92,13.94,19.29,8.25,212758.75
RGR,39.39,7,"[0, 1, 1, 1, 0, 1, 1, 1, 1, 0]",40.68,38.05,46.84,28.67,139470.55
TDUP,4.8,3,"[1, 0, 0, 0, 0, 0, 1, 0, 1, 0]",4.18,6.56,12.08,3.11,2139000.3
SXC,9.44,9,"[1, 1, 1, 1, 0, 1, 1, 1, 1, 1]",7.19,7.11,9.6,5.58,1877454.55
DNUT,3.27,2,"[0, 0, 0, 0, 1, 0, 0, 0, 1, 0]",3.49,3.62,4.7,2.57,2479941.2
BCAL,19.3,10,"[1, 1, 1, 1, 1, 1, 1, 1, 1, 1]",18.57,18.1,19.91,14.06,168128.35
PHR,9.69,3,"[1, 0, 0, 0, 0, 0, 0, 0, 1, 1]",9.38,16.74,32.55,8.06,1827376.2
RYAM,8.55,7,"[0, 1, 1, 1, 1, 1, 1, 0, 1, 0]",9.52,7.86,11.75,3.63,973930.1
FEIM,72.42,10,"[1, 1, 1, 1, 1, 1, 1, 1, 1, 1]",57.35,45.16,75.88,18.43,172385.95
NPB,17.3,5,"[0, 0, 0, 1, 0, 1, 1, 1, 1, 0]",17.65,17.41,19.19,12.82,124238.0
TRON,1.82,3,"[0, 0, 0, 1, 0, 0, 1, 0, 1, 0]",2.17,2.22,11.04,0.75,734705.55
CADL,9.27,10,"[1, 1, 1, 1, 1, 1, 1, 1, 1, 1]",6.83,5.76,9.27,4.42,2264098.4
DCBO,17.72,1,"[0, 0, 0, 0, 0, 0, 0, 0, 1, 0]",17.82,22.03,32.2,14.7,193453.25
BWMN,32.72,2,"[1, 0, 0, 0, 0, 0, 0, 0, 1, 0]",31.53,35.48,44.43,26.65,123883.7
FET,53.64,8,"[0, 1, 1, 1, 1, 1, 1, 1, 1, 0]",57.81,42.3,64.54,15.79,150737.55
CLB,13.66,5,"[0, 0, 0, 0, 1, 1, 1, 0, 1, 1]",15.24,15.39,19.64,9.72,495765.2
GPRK,11.08,10,"[1, 1, 1, 1, 1, 1, 1, 1, 1, 1]",9.57,8.0,11.78,5.93,648623.1
ORN,14.19,9,"[1, 1, 1, 1, 1, 1, 1, 1, 1, 0]",13.06,10.89,15.48,6.57,399660.9
HPP,13.95,6,"[1, 1, 1, 0, 0, 0, 1, 0, 1, 1]",9.17,12.17,21.49,5.51,1371204.1
CSTL,21.6,4,"[0, 0, 0, 0, 1, 1, 1, 0, 1, 0]",22.7,28.75,43.04,14.65,536499.85
CTKB,4.33,4,"[0, 0, 0, 0, 1, 1, 1, 0, 1, 0]",4.34,4.48,5.88,2.95,1076551.2
GLRE,14.98,6,"[0, 0, 1, 1, 1, 1, 0, 1, 1, 0]",17.56,14.53,19.0,11.95,194901.35
ALOY,13.74,8,"[1, 1, 1, 0, 1, 1, 1, 0, 1, 1]",9.93,9.73,25.88,4.39,2046877.6
RR,2.73,4,"[1, 0, 0, 0, 0, 1, 1, 0, 1, 0]",2.49,3.43,7.06,1.73,17054179.05
BTBT,1.85,3,"[1, 0, 0, 0, 0, 0, 1, 0, 1, 0]",1.67,2.3,4.22,1.26,28670972.15
MSBI,28.52,10,"[1, 1, 1, 1, 1, 1, 1, 1, 1, 1]",25.25,20.49,28.52,13.98,129715.8
NFBK,14.26,10,"[1, 1, 1, 1, 1, 1, 1, 1, 1, 1]",13.86,12.17,14.29,9.8,262665.4
UROY,3.57,4,"[0, 0, 0, 0, 1, 1, 1, 0, 1, 0]",3.69,3.85,5.46,2.22,2926790.4
CARE,28.4,10,"[1, 1, 1, 1, 1, 1, 1, 1, 1, 1]",25.21,20.95,28.4,16.18,313031.65
EGY,5.61,8,"[0, 1, 1, 1, 1, 1, 1, 1, 1, 0]",5.92,4.55,6.6,3.17,1285605.5
GDYN,6.97,4,"[1, 0, 0, 0, 0, 0, 1, 0, 1, 1]",6.23,7.61,12.39,5.28,2336756.6
ALTI,3.04,2,"[0, 0, 0, 0, 1, 0, 0, 0, 1, 0]",3.59,4.02,5.19,3.04,204829.2
PRME,3.47,4,"[1, 0, 0, 0, 0, 0, 1, 0, 1, 1]",3.4,3.97,6.67,1.36,2922008.55
TCMD,25.17,7,"[1, 0, 1, 0, 1, 1, 1, 1, 1, 0]",24.62,23.32,33.05,9.52,324538.4
MLAB,109.13,10,"[1, 1, 1, 1, 1, 1, 1, 1, 1, 1]",98.81,82.97,109.13,57.01,178213.55
FTK,24.82,10,"[1, 1, 1, 1, 1, 1, 1, 1, 1, 1]",17.81,16.19,24.82,11.04,342591.85
AVTX,13.61,4,"[0, 0, 0, 0, 1, 1, 1, 0, 1, 0]",15.69,15.33,22.87,4.1,1828992.4
DDI,11.69,10,"[1, 1, 1, 1, 1, 1, 1, 1, 1, 1]",10.29,9.32,12.25,8.15,170664.35
HELE,25.03,8,"[1, 1, 1, 1, 0, 1, 1, 1, 1, 0]",21.43,20.48,33.25,13.88,625239.9
BETR,27.61,3,"[0, 0, 0, 0, 0, 1, 1, 0, 1, 0]",34.41,39.58,86.07,11.16,572183.75
KYTX,7.95,6,"[0, 0, 1, 1, 1, 1, 1, 0, 1, 0]",9.04,7.65,11.25,2.55,903555.3
PRTA,9.25,6,"[0, 0, 0, 1, 1, 1, 1, 1, 1, 0]",10.16,9.64,11.51,5.06,573165.2
PROK,1.85,3,"[1, 0, 0, 0, 0, 0, 1, 0, 1, 0]",1.84,2.28,5.18,0.56,1033310.05
CHW,9.03,10,"[1, 1, 1, 1, 1, 1, 1, 1, 1, 1]",8.22,7.55,9.15,6.31,201304.6
MG,18.48,9,"[1, 1, 1, 1, 1, 1, 1, 1, 1, 0]",17.29,13.4,19.28,7.53,186496.75
INV,6.69,8,"[1, 1, 1, 1, 0, 1, 1, 1, 1, 0]",5.75,4.58,7.32,2.55,3186028.8
KRT,28.12,9,"[1, 1, 1, 1, 1, 1, 1, 1, 1, 0]",27.82,24.36,29.92,19.92,112377.55
DDL,2.5,7,"[0, 0, 1, 1, 1, 1, 1, 1, 1, 0]",2.59,2.39,3.2,1.67,411919.5
MEC,32.68,10,"[1, 1, 1, 1, 1, 1, 1, 1, 1, 1]",23.02,18.54,32.68,12.56,628781.0
PACK,6.88,8,"[1, 1, 1, 0, 0, 1, 1, 1, 1, 1]",5.06,5.1,7.12,3.24,592538.65
WTI,4.1,10,"[1, 1, 1, 1, 1, 1, 1, 1, 1, 1]",3.73,2.48,4.9,1.49,6250004.7
DNA,9.05,4,"[1, 1, 0, 0, 0, 0, 1, 0, 1, 0]",7.99,9.57,16.14,5.48,1420551.5
TECX,29.13,10,"[1, 1, 1, 1, 1, 1, 1, 1, 1, 1]",29.13,22.81,35.87,14.71,238308.7
CPS,30.89,5,"[1, 0, 0, 0, 0, 1, 1, 0, 1, 1]",29.63,32.85,45.2,19.88,163502.05
ASIX,22.06,7,"[0, 1, 1, 1, 0, 1, 1, 1, 1, 0]",23.14,19.34,25.98,14.04,322464.25
RGNX,6.88,2,"[0, 0, 0, 0, 1, 0, 0, 0, 1, 0]",8.29,10.44,15.98,5.65,2188799.4
CLFD,44.49,9,"[1, 1, 1, 1, 0, 1, 1, 1, 1, 1]",34.94,32.59,51.26,26.0,521440.3
ILPT,8.84,10,"[1, 1, 1, 1, 1, 1, 1, 1, 1, 1]",7.19,6.04,8.97,3.14,596095.6
CTNM,12.34,6,"[0, 0, 0, 1, 1, 1, 1, 1, 1, 0]",13.29,12.41,16.0,3.65,169970.35
FFIC,15.49,8,"[0, 1, 1, 1, 1, 1, 1, 1, 1, 0]",15.71,14.8,17.11,10.61,338287.4
MCS,20.11,10,"[1, 1, 1, 1, 1, 1, 1, 1, 1, 1]",18.29,15.99,20.11,12.87,140043.35
ASTL,5.48,9,"[1, 1, 1, 1, 1, 0, 1, 1, 1, 1]",4.82,4.39,7.11,3.19,1566301.7
AURA,6.8,8,"[0, 1, 1, 1, 1, 1, 1, 1, 1, 0]",7.26,6.25,8.9,4.97,489742.15
AQST,4.14,3,"[0, 0, 0, 0, 0, 1, 1, 0, 1, 0]",4.15,4.88,7.49,2.95,1877292.05
MAMA,15.27,10,"[1, 1, 1, 1, 1, 1, 1, 1, 1, 1]",14.61,13.01,17.38,7.9,407183.55
LZM,5.09,8,"[1, 1, 1, 1, 0, 1, 1, 1, 1, 0]",4.72,4.68,6.1,3.19,574310.35
ACHV,5.29,9,"[1, 1, 1, 0, 1, 1, 1, 1, 1, 1]",4.31,4.2,5.99,2.07,1445785.65
SD,15.65,10,"[1, 1, 1, 1, 1, 1, 1, 1, 1, 1]",15.07,13.92,17.58,9.54,367229.55
MNRO,15.39,3,"[0, 0, 0, 0, 1, 1, 0, 0, 1, 0]",16.26,17.6,23.1,12.29,1213706.45
OOMA,17.29,9,"[1, 1, 1, 1, 1, 1, 1, 1, 1, 0]",16.68,13.17,19.5,10.58,343440.95
ANL,11.0,7,"[0, 1, 1, 1, 1, 1, 1, 0, 1, 0]",12.19,5.66,16.6,0.88,147318.7
IMMX,8.42,8,"[0, 1, 1, 1, 1, 1, 1, 1, 1, 0]",9.3,5.99,11.12,1.96,1401436.7
FDMT,10.01,9,"[1, 1, 1, 1, 1, 1, 1, 1, 1, 0]",9.57,9.12,12.27,3.71,812343.1
KRNY,8.23,10,"[1, 1, 1, 1, 1, 1, 1, 1, 1, 1]",7.92,7.18,8.3,5.49,312279.55
STTK,4.8,7,"[0, 1, 1, 1, 1, 1, 1, 0, 1, 0]",6.61,3.96,7.88,0.73,607552.2
CERS,2.79,10,"[1, 1, 1, 1, 1, 1, 1, 1, 1, 1]",2.28,1.94,3.04,1.16,2452801.65
OIS,8.69,6,"[0, 0, 1, 1, 1, 1, 1, 0, 1, 0]",10.18,8.3,14.39,4.48,893336.75
PHOE,15.96,5,"[0, 0, 1, 0, 1, 1, 1, 0, 1, 0]",16.93,15.47,133.12,3.57,158191.0
HKD,1.78,8,"[1, 1, 1, 1, 0, 1, 1, 0, 1, 1]",1.7,1.63,2.95,1.27,268524.4
CBIO,18.45,8,"[0, 1, 1, 1, 1, 1, 1, 0, 1, 1]",19.65,14.1,26.98,8.94,282631.4
PANL,7.27,7,"[0, 0, 1, 1, 1, 1, 1, 1, 1, 0]",7.58,6.79,9.29,4.39,774432.1
OCGN,1.37,5,"[0, 0, 0, 1, 1, 1, 1, 0, 1, 0]",1.62,1.52,2.48,0.92,6190024.9
FVR,18.33,10,"[1, 1, 1, 1, 1, 1, 1, 1, 1, 1]",17.18,15.16,18.33,10.65,123534.6
MATV,7.68,2,"[0, 0, 0, 0, 0, 1, 0, 0, 1, 0]",8.78,10.84,14.72,5.94,442902.4
XOMA,42.4,9,"[1, 1, 1, 1, 0, 1, 1, 1, 1, 1]",39.05,32.81,42.4,22.89,109788.6
IPI,37.18,8,"[0, 1, 1, 1, 1, 1, 1, 1, 1, 0]",39.9,32.84,48.84,23.94,234018.85
CHCT,17.28,10,"[1, 1, 1, 1, 1, 1, 1, 1, 1, 1]",16.76,15.28,17.72,12.18,188423.85
CGC,1.04,1,"[0, 0, 0, 0, 0, 0, 0, 0, 1, 0]",1.08,1.21,1.92,0.86,7056956.05
PUBM,11.88,9,"[1, 1, 1, 1, 1, 0, 1, 1, 1, 1]",9.72,8.62,13.67,6.28,847928.65
ELVA,11.11,10,"[1, 1, 1, 1, 1, 1, 1, 1, 1, 1]",9.66,7.7,12.26,3.18,559226.6
ALIT,0.74,3,"[1, 0, 0, 0, 0, 0, 1, 0, 1, 0]",0.72,1.85,5.82,0.49,26447662.1
CD,6.51,6,"[1, 1, 0, 0, 0, 1, 1, 0, 1, 1]",6.07,8.05,35.79,2.01,166412.55
NEGG,18.45,2,"[0, 0, 0, 0, 0, 0, 1, 0, 1, 0]",31.64,49.71,128.09,9.36,127099.45
NUAI,6.02,8,"[1, 1, 1, 0, 1, 1, 1, 0, 1, 1]",4.52,3.95,8.06,0.33,7632540.75
CVGW,26.09,7,"[0, 1, 1, 1, 0, 1, 1, 1, 1, 0]",26.8,24.65,28.52,18.24,271210.0
EBS,8.44,5,"[1, 0, 0, 0, 1, 1, 1, 0, 1, 0]",8.41,9.74,13.9,5.63,784343.1
RBBN,3.07,6,"[1, 1, 1, 0, 0, 0, 1, 0, 1, 1]",2.63,2.95,4.25,1.95,1152653.0
CLNE,2.01,1,"[0, 0, 0, 0, 0, 0, 0, 0, 1, 0]",2.24,2.38,3.06,1.76,1394373.4
OVID,2.48,8,"[0, 1, 1, 1, 1, 1, 1, 1, 1, 0]",2.61,1.82,2.96,0.28,1712959.9
APPS,9.32,8,"[1, 1, 1, 0, 0, 1, 1, 1, 1, 1]",4.3,4.83,9.32,2.82,8742189.85
SRTA,6.26,10,"[1, 1, 1, 1, 1, 1, 1, 1, 1, 1]",5.04,4.87,6.47,3.53,1042348.5
RIGL,30.25,6,"[1, 0, 0, 0, 1, 1, 1, 0, 1, 1]",29.26,34.48,50.96,18.42,425459.65
NGNE,27.48,8,"[1, 1, 1, 1, 0, 1, 1, 1, 1, 0]",25.99,22.66,34.37,14.95,119978.0
IMXI,15.14,6,"[0, 0, 0, 1, 1, 1, 1, 1, 1, 0]",15.65,15.25,15.94,8.71,861932.6
ZKH,2.9,3,"[0, 0, 0, 0, 1, 0, 0, 1, 1, 0]",3.0,3.14,3.79,2.34,234656.2
PSFE,7.23,2,"[0, 0, 0, 1, 0, 0, 0, 0, 1, 0]",8.01,9.16,14.68,6.01,382477.45
TATT,45.95,9,"[1, 1, 1, 0, 1, 1, 1, 1, 1, 1]",38.9,43.23,61.11,25.6,229517.9
ASMB,24.11,4,"[0, 0, 0, 0, 1, 1, 1, 0, 1, 0]",28.26,29.01,38.5,15.81,182628.7
WEAV,5.77,3,"[1, 0, 0, 0, 0, 0, 1, 0, 1, 0]",5.31,6.25,9.91,4.37,1040227.4
LTBR,11.07,1,"[0, 0, 0, 0, 0, 0, 0, 0, 1, 0]",11.89,15.53,27.72,9.85,910037.4
MTW,12.45,6,"[0, 0, 1, 0, 1, 1, 1, 1, 1, 0]",12.52,12.06,15.15,9.14,247285.7
SGMT,7.06,6,"[1, 1, 1, 1, 0, 0, 1, 0, 1, 0]",6.61,6.58,10.24,4.55,807697.9
FBRX,16.69,5,"[0, 0, 0, 1, 1, 1, 1, 0, 1, 0]",25.85,22.03,35.53,9.45,249062.65
EVH,4.38,5,"[1, 1, 0, 0, 0, 0, 1, 0, 1, 1]",3.34,4.9,11.79,2.17,2848312.6
BMBL,2.99,2,"[0, 0, 0, 1, 0, 0, 0, 0, 1, 0]",3.58,4.23,8.57,2.7,3112829.7
FULC,3.37,2,"[0, 0, 0, 0, 1, 0, 0, 0, 1, 0]",7.01,8.75,14.6,3.14,2690375.95
KLC,4.05,4,"[1, 1, 0, 0, 0, 0, 1, 0, 1, 0]",3.41,4.63,11.29,1.84,1186870.1
CLDT,11.3,10,"[1, 1, 1, 1, 1, 1, 1, 1, 1, 1]",9.24,7.47,11.3,6.07,487171.05
ANGO,12.03,9,"[1, 1, 1, 0, 1, 1, 1, 1, 1, 1]",10.99,11.29,13.64,8.4,303106.05
RPD,7.79,4,"[1, 0, 0, 0, 0, 0, 1, 0, 1, 1]",6.33,12.52,25.59,5.05,2114731.8
CTEV,27.57,4,"[1, 0, 0, 0, 0, 0, 1, 0, 1, 1]",21.57,37.51,72.58,13.47,233827.35
CAL,14.21,8,"[1, 1, 1, 1, 0, 0, 1, 1, 1, 1]",12.65,12.59,15.5,8.8,679805.9
ADUR,15.92,9,"[1, 1, 1, 1, 0, 1, 1, 1, 1, 1]",12.78,12.6,17.39,7.97,459540.45
ZURA,3.67,4,"[0, 0, 0, 0, 1, 1, 1, 0, 1, 0]",5.09,4.56,7.04,1.05,728619.85
ACTG,4.7,8,"[0, 1, 1, 1, 1, 1, 1, 1, 1, 0]",4.85,4.02,5.16,3.15,235300.8
NPWR,1.85,2,"[1, 0, 0, 0, 0, 0, 0, 0, 1, 0]",1.83,2.44,4.85,1.49,1017426.45
BLZE,8.38,9,"[1, 1, 1, 1, 0, 1, 1, 1, 1, 1]",5.54,6.14,10.75,3.31,1680969.8
TROO,3.45,8,"[1, 1, 1, 1, 1, 1, 1, 0, 1, 0]",3.31,2.46,5.02,0.62,371986.45
PERI,8.13,3,"[0, 0, 0, 1, 1, 0, 0, 0, 1, 0]",9.92,9.5,11.43,8.05,594100.75
CRNC,12.33,8,"[1, 1, 1, 0, 0, 1, 1, 1, 1, 1]",9.22,10.03,13.52,5.96,1340149.35
MCFT,22.37,6,"[0, 1, 1, 1, 0, 1, 0, 1, 1, 0]",22.91,21.43,27.38,17.21,209166.65
GEVO,1.77,4,"[0, 0, 0, 0, 1, 1, 1, 0, 1, 0]",1.94,2.03,2.78,1.11,3214508.6
ADCT,1.32,3,"[0, 0, 0, 0, 1, 1, 0, 0, 1, 0]",3.64,3.82,4.88,1.32,1542207.15
ENTA,11.73,5,"[0, 0, 0, 1, 1, 1, 1, 0, 1, 0]",13.59,12.54,16.85,6.49,227012.7
SPT,7.38,4,"[1, 0, 0, 0, 0, 0, 1, 0, 1, 1]",6.24,9.42,22.46,4.99,1712863.5
FSTR,42.01,10,"[1, 1, 1, 1, 1, 1, 1, 1, 1, 1]",34.47,29.5,42.5,19.07,113918.8
TTGT,4.23,1,"[0, 0, 0, 0, 0, 0, 0, 0, 1, 0]",4.81,5.14,8.7,3.48,618063.95
ALMU,27.21,8,"[1, 1, 1, 1, 0, 1, 1, 1, 1, 0]",20.0,17.51,31.49,10.73,1836817.85
NVEC,109.08,10,"[1, 1, 1, 1, 1, 1, 1, 1, 1, 1]",83.28,69.6,112.42,55.94,174444.85
AVIR,4.42,7,"[0, 1, 1, 1, 1, 1, 1, 0, 1, 0]",5.2,4.07,6.15,2.82,363380.0
MAGN,11.46,6,"[1, 0, 0, 0, 1, 0, 1, 1, 1, 1]",10.4,11.74,15.26,7.96,433567.15
LXEO,4.78,4,"[0, 0, 0, 0, 1, 1, 1, 0, 1, 0]",5.69,7.16,10.63,3.27,795539.15
BGS,3.95,4,"[0, 0, 0, 1, 1, 1, 0, 0, 1, 0]",4.9,4.44,5.65,3.53,2434577.35
BYND,0.79,2,"[0, 0, 0, 0, 0, 0, 1, 0, 1, 0]",0.79,1.25,4.28,0.52,39089895.75
OEC,7.18,6,"[1, 1, 1, 1, 0, 0, 1, 0, 1, 0]",7.06,6.56,11.85,4.33,463142.8
NEXN,8.56,7,"[1, 1, 1, 1, 0, 0, 1, 0, 1, 1]",7.5,7.48,11.54,5.7,300032.5
NATR,19.68,5,"[0, 0, 0, 1, 1, 1, 1, 0, 1, 0]",24.35,21.41,27.8,13.14,139721.55
CCRN,13.19,8,"[1, 1, 1, 1, 0, 0, 1, 1, 1, 1]",11.16,10.8,14.25,7.53,1198240.2
PACB,1.63,4,"[1, 0, 0, 0, 1, 0, 1, 0, 1, 0]",1.45,1.68,2.67,1.0,6699642.5
MNPR,59.61,4,"[1, 0, 0, 0, 0, 1, 1, 0, 1, 0]",57.9,65.18,102.05,30.42,188194.55
IVVD,1.11,4,"[0, 0, 0, 0, 1, 1, 1, 0, 1, 0]",1.38,1.69,2.88,0.52,3273218.3
NRC,19.75,10,"[1, 1, 1, 1, 1, 1, 1, 1, 1, 1]",18.03,16.18,22.27,11.22,117009.55
CBAN,20.07,10,"[1, 1, 1, 1, 1, 1, 1, 1, 1, 1]",19.95,18.28,21.12,14.63,202503.85
LOCO,13.84,10,"[1, 1, 1, 1, 1, 1, 1, 1, 1, 1]",13.84,11.45,14.87,9.06,416622.2
EOLS,6.6,6,"[1, 1, 1, 0, 0, 0, 1, 0, 1, 1]",5.42,5.95,10.24,3.94,736615.3
AUTL,1.66,6,"[1, 1, 1, 1, 0, 0, 1, 0, 1, 0]",1.55,1.53,2.68,1.21,1712291.1
XFOR,4.01,8,"[0, 1, 1, 1, 1, 1, 1, 1, 1, 0]",4.13,3.75,4.66,1.42,366253.6
GRRR,19.03,8,"[1, 1, 1, 1, 0, 0, 1, 1, 1, 1]",13.79,14.41,25.23,9.48,1767752.3
ABAT,3.71,6,"[1, 1, 0, 0, 0, 1, 1, 0, 1, 1]",3.19,3.85,11.33,1.23,6347177.75
ASPN,6.23,7,"[1, 1, 1, 1, 0, 0, 1, 0, 1, 1]",4.42,4.72,8.82,2.57,1945661.8
SSP,3.34,6,"[0, 0, 1, 1, 1, 1, 1, 0, 1, 0]",4.06,3.28,5.16,1.54,731522.75
VREX,10.46,4,"[0, 0, 0, 0, 1, 1, 1, 0, 1, 0]",10.89,11.85,14.36,6.96,568791.25
LRMR,3.29,3,"[0, 0, 0, 1, 0, 0, 1, 0, 1, 0]",4.21,4.0,5.95,2.42,1759296.9
IPSC,2.2,7,"[0, 1, 1, 1, 1, 1, 1, 0, 1, 0]",2.27,1.43,2.94,0.47,879243.35
NEWT,13.25,9,"[1, 1, 1, 1, 1, 1, 1, 1, 1, 0]",12.69,11.81,14.4,9.3,167379.4
VOXR,5.74,9,"[1, 1, 1, 1, 1, 1, 1, 1, 1, 0]",5.6,4.89,6.41,3.05,445722.45
XNET,4.97,2,"[0, 0, 0, 0, 0, 1, 0, 0, 1, 0]",5.98,7.01,10.78,4.05,256080.1
VELO,18.83,9,"[1, 1, 1, 1, 1, 1, 1, 0, 1, 1]",15.1,10.44,25.8,2.97,3487098.6
HNST,3.29,6,"[1, 1, 1, 1, 0, 0, 1, 0, 1, 0]",3.26,3.09,5.16,2.1,1848939.5
TOI,4.74,9,"[1, 1, 1, 1, 0, 1, 1, 1, 1, 1]",3.76,3.49,4.78,2.05,1842531.5
RCKT,2.92,3,"[0, 0, 0, 0, 1, 1, 0, 0, 1, 0]",3.49,3.57,5.3,2.45,2438112.8
DCTH,10.79,7,"[1, 1, 1, 1, 0, 1, 1, 0, 1, 0]",10.58,10.21,16.87,8.19,511464.8
CDZI,4.56,4,"[0, 0, 0, 0, 1, 1, 1, 0, 1, 0]",4.68,5.01,6.92,2.79,919696.7
OPAL,2.31,4,"[1, 1, 0, 0, 0, 0, 0, 0, 1, 1]",2.28,2.32,3.28,1.94,261420.0
ISTR,28.63,10,"[1, 1, 1, 1, 1, 1, 1, 1, 1, 1]",28.05,26.05,29.99,17.67,130351.9
OSS,18.9,10,"[1, 1, 1, 1, 1, 1, 1, 1, 1, 1]",12.29,8.49,19.95,3.07,1776766.7
XPER,7.76,9,"[1, 1, 1, 1, 0, 1, 1, 1, 1, 1]",6.88,6.27,8.21,5.11,644547.1
TBRG,26.05,10,"[1, 1, 1, 1, 1, 1, 1, 1, 1, 1]",22.94,20.96,26.05,14.0,221959.2
QUAD,7.54,10,"[1, 1, 1, 1, 1, 1, 1, 1, 1, 1]",7.26,6.34,8.32,4.81,160564.6
FUFU,1.92,1,"[0, 0, 0, 0, 0, 0, 0, 0, 1, 0]",2.08,2.85,4.29,1.56,226320.35
CLPT,14.32,7,"[1, 1, 1, 0, 0, 1, 1, 0, 1, 1]",11.01,14.18,29.6,8.66,701219.75
EGHT,2.05,6,"[0, 1, 1, 1, 1, 1, 0, 0, 1, 0]",2.07,2.04,2.76,1.59,1953933.75
PBYI,7.01,8,"[0, 1, 1, 1, 1, 1, 1, 1, 1, 0]",7.16,6.03,7.8,3.07,261998.45
ISSC,18.14,6,"[0, 0, 1, 1, 1, 1, 1, 0, 1, 0]",20.26,17.07,30.56,8.32,575621.35
DVLT,0.47,2,"[0, 0, 0, 0, 0, 0, 1, 0, 1, 0]",0.61,1.01,3.42,0.28,53291799.9
VNDA,6.25,4,"[0, 0, 0, 0, 1, 1, 1, 0, 1, 0]",6.77,6.33,9.56,4.19,1081598.35
RNGR,16.35,8,"[0, 1, 1, 1, 1, 1, 1, 1, 1, 0]",16.71,15.02,18.36,11.09,223471.55
AMCX,9.75,10,"[1, 1, 1, 1, 1, 1, 1, 1, 1, 1]",8.34,8.14,10.54,5.63,617411.05
SVCO,13.08,10,"[1, 1, 1, 1, 1, 1, 1, 1, 1, 1]",9.43,5.92,13.08,3.23,580687.75
CLMB,22.88,4,"[1, 0, 0, 0, 0, 0, 1, 0, 1, 1]",20.84,26.72,35.79,16.68,141728.45
API,4.83,9,"[1, 1, 1, 0, 1, 1, 1, 1, 1, 1]",3.87,3.9,5.26,3.24,630751.05
ACCO,3.87,7,"[1, 1, 1, 0, 0, 1, 1, 1, 1, 0]",3.44,3.57,4.08,2.78,898359.7
RMNI,4.15,7,"[1, 1, 1, 0, 0, 0, 1, 1, 1, 1]",3.6,3.88,5.24,2.97,450507.35
XRX,3.49,6,"[1, 1, 1, 0, 0, 0, 1, 0, 1, 1]",2.12,2.56,6.41,1.22,6912798.45
BNED,10.57,9,"[1, 1, 1, 1, 0, 1, 1, 1, 1, 1]",9.94,9.05,12.18,6.12,264116.5
DDD,3.07,9,"[1, 1, 1, 1, 0, 1, 1, 1, 1, 1]",2.53,2.39,3.88,1.37,6661433.45
DIN,29.08,8,"[1, 0, 1, 0, 1, 1, 1, 1, 1, 1]",28.28,28.88,38.55,19.74,510639.65
TG,7.94,4,"[0, 0, 0, 1, 1, 0, 0, 1, 1, 0]",8.58,8.11,10.35,6.29,209844.3
FRST,14.94,10,"[1, 1, 1, 1, 1, 1, 1, 1, 1, 1]",14.05,12.4,14.94,9.17,199729.85
EVTL,2.41,1,"[0, 0, 0, 0, 0, 0, 0, 0, 1, 0]",2.52,4.35,7.28,2.02,3030873.3
IRD,4.64,8,"[0, 1, 1, 1, 1, 1, 1, 1, 1, 0]",4.88,3.02,5.75,0.91,977303.15
LE,11.09,2,"[0, 0, 0, 0, 0, 0, 1, 0, 1, 0]",11.53,14.51,19.15,7.99,224493.9
QUIK,23.74,10,"[1, 1, 1, 1, 1, 1, 1, 1, 1, 1]",15.68,9.08,23.74,4.89,704919.25
TLS,4.47,5,"[1, 0, 0, 0, 0, 1, 1, 0, 1, 1]",4.4,5.41,7.76,2.38,981425.3
SHIP,15.44,9,"[1, 1, 1, 1, 1, 1, 1, 1, 1, 0]",14.79,10.93,16.68,6.05,265219.05
DBI,9.11,10,"[1, 1, 1, 1, 1, 1, 1, 1, 1, 1]",7.0,5.73,9.11,2.15,501532.6
ALTO,5.52,9,"[1, 1, 1, 1, 1, 1, 1, 1, 1, 0]",4.98,2.87,5.99,0.92,2476674.0
SSSS,14.23,10,"[1, 1, 1, 1, 1, 1, 1, 1, 1, 1]",12.91,10.15,14.91,6.94,315014.4
PAYS,6.97,8,"[1, 1, 1, 1, 0, 0, 1, 1, 1, 1]",6.28,5.22,8.56,3.18,932794.55
VMD,9.84,10,"[1, 1, 1, 1, 1, 1, 1, 1, 1, 1]",9.56,7.92,10.05,5.93,238060.45
CURR,3.51,9,"[1, 1, 1, 1, 1, 1, 1, 1, 1, 0]",3.29,2.33,4.49,0.36,212665.95
MEI,12.72,10,"[1, 1, 1, 1, 1, 1, 1, 1, 1, 1]",8.71,7.61,13.87,5.01,1379487.7
NAUT,2.68,7,"[0, 1, 1, 1, 1, 1, 1, 0, 1, 0]",2.89,2.01,3.95,0.64,447501.75
DMAC,5.84,4,"[0, 0, 0, 0, 1, 1, 1, 0, 1, 0]",6.27,7.18,9.39,3.51,165671.25
CAN,0.39,1,"[0, 0, 0, 0, 0, 0, 0, 0, 1, 0]",0.47,0.77,2.05,0.38,9603605.6
RMAX,8.97,8,"[1, 1, 1, 1, 0, 1, 1, 1, 1, 0]",8.17,8.03,11.29,5.66,470056.85
NMRA,1.75,4,"[0, 0, 0, 0, 1, 1, 1, 0, 1, 0]",2.05,2.2,3.59,0.73,1211786.95
HLLY,2.62,3,"[0, 0, 0, 0, 1, 0, 1, 0, 1, 0]",2.96,3.5,4.39,1.99,998634.2
LVWR,1.3,1,"[0, 0, 0, 0, 0, 0, 0, 0, 1, 0]",1.62,3.25,7.48,1.22,141544.55
IMRX,4.48,3,"[0, 0, 0, 0, 0, 1, 1, 0, 1, 0]",5.3,5.83,9.26,1.82,2100300.7
TSSI,14.49,6,"[1, 1, 1, 1, 0, 0, 1, 0, 1, 0]",13.69,12.65,31.1,6.92,2076427.25
SLP,16.65,8,"[1, 1, 1, 0, 1, 1, 1, 0, 1, 1]",14.31,15.58,27.79,11.36,273931.4
ABEO,5.82,7,"[1, 1, 1, 1, 0, 0, 1, 1, 1, 0]",5.33,5.31,7.23,4.17,1069339.15
REPL,9.87,9,"[1, 1, 1, 0, 1, 1, 1, 1, 1, 1]",4.92,6.87,12.63,1.7,9176462.45
DSX,2.38,8,"[0, 1, 1, 1, 1, 1, 1, 1, 1, 0]",2.55,2.09,2.9,1.44,1190714.75
STRZ,28.01,10,"[1, 1, 1, 1, 1, 1, 1, 1, 1, 1]",18.75,13.52,28.01,8.65,193096.85
SLN,6.85,9,"[1, 1, 1, 1, 1, 1, 1, 1, 1, 0]",6.62,6.02,7.97,4.3,201372.85
ATOM,9.05,8,"[1, 1, 1, 1, 1, 1, 1, 0, 1, 0]",7.33,4.38,12.11,1.99,1748097.0
BRCC,1.28,7,"[1, 1, 1, 1, 0, 0, 1, 0, 1, 1]",1.18,1.18,2.03,0.62,1666158.55
TYGO,3.58,7,"[0, 1, 1, 1, 1, 1, 1, 0, 1, 0]",4.13,2.84,5.16,1.08,660128.5
PINE,19.25,9,"[1, 1, 1, 1, 1, 1, 1, 1, 1, 0]",19.1,16.91,20.21,12.76,150119.0
AZ,6.77,4,"[0, 1, 0, 1, 0, 0, 1, 0, 1, 0]",7.17,6.92,11.9,5.12,623809.8
ZNTL,3.87,7,"[0, 1, 1, 1, 1, 1, 1, 0, 1, 0]",3.89,2.41,6.61,1.16,989284.8
RPAY,3.72,6,"[1, 1, 0, 1, 0, 0, 1, 0, 1, 1]",3.43,3.89,5.96,2.4,574807.75
ASYS,21.91,10,"[1, 1, 1, 1, 1, 1, 1, 1, 1, 1]",17.57,12.25,22.82,3.96,402558.5
NVCT,9.67,9,"[1, 1, 1, 1, 1, 1, 1, 1, 1, 0]",9.24,7.77,12.45,5.65,116451.9
MASS,8.82,9,"[1, 1, 1, 1, 0, 1, 1, 1, 1, 1]",7.23,6.78,9.15,5.09,291246.65
FLWS,4.52,7,"[1, 1, 1, 1, 0, 0, 1, 0, 1, 1]",3.86,4.08,6.94,3.0,688642.1
RZLT,4.51,5,"[1, 1, 0, 0, 0, 0, 1, 0, 1, 1]",3.35,5.35,10.94,1.4,1684100.3
PRLD,4.08,7,"[0, 1, 1, 1, 1, 1, 1, 0, 1, 0]",4.25,2.5,5.52,0.78,355741.7
GSIT,9.55,9,"[1, 1, 1, 1, 1, 1, 1, 0, 1, 1]",7.88,6.83,12.97,2.91,3015726.9
ZIP,3.32,5,"[1, 1, 0, 0, 0, 0, 1, 0, 1, 1]",2.86,3.59,6.37,1.69,849055.85
EDIT,2.99,7,"[1, 1, 1, 1, 0, 1, 1, 0, 1, 0]",2.94,2.67,4.15,1.66,3092613.35
RILY,9.15,10,"[1, 1, 1, 1, 1, 1, 1, 1, 1, 1]",8.38,6.68,10.68,2.91,1160143.8
CXDO,8.93,9,"[1, 1, 1, 1, 1, 1, 1, 1, 1, 0]",7.86,6.88,10.47,5.14,711568.25
PALI,1.93,7,"[0, 1, 1, 1, 1, 1, 1, 0, 1, 0]",2.01,1.72,2.8,0.54,2795490.75
BKKT,9.18,4,"[1, 0, 0, 0, 0, 0, 1, 0, 1, 1]",9.01,14.53,45.04,6.95,2515507.65
SMWB,4.33,4,"[1, 0, 0, 0, 0, 0, 1, 0, 1, 1]",3.1,6.01,10.4,2.33,986792.05
SY,2.03,2,"[0, 0, 0, 0, 0, 0, 1, 0, 1, 0]",2.7,3.14,5.87,0.89,916166.8
VFF,2.47,4,"[0, 0, 0, 0, 1, 1, 1, 0, 1, 0]",2.7,3.13,4.18,1.03,1119562.8
ELDN,3.6,8,"[1, 1, 1, 1, 0, 1, 1, 1, 1, 0]",3.55,2.68,4.36,1.39,1050368.7
FNKO,5.29,10,"[1, 1, 1, 1, 1, 1, 1, 1, 1, 1]",4.42,3.76,5.68,2.46,967128.1
VLN,3.23,9,"[1, 1, 1, 1, 0, 1, 1, 1, 1, 1]",2.15,1.81,3.53,1.11,3460662.6
SGHT,4.6,6,"[1, 0, 0, 0, 1, 1, 1, 0, 1, 1]",4.34,5.24,9.05,3.2,205948.0
SHMD,6.23,7,"[1, 0, 1, 0, 1, 1, 1, 0, 1, 1]",6.22,5.53,10.42,2.1,1191779.25
OPTX,13.14,10,"[1, 1, 1, 1, 1, 1, 1, 1, 1, 1]",9.12,4.86,13.23,1.24,1424079.2
ACIU,2.4,4,"[0, 0, 0, 0, 1, 1, 1, 0, 1, 0]",2.89,2.96,3.99,1.73,280677.45
MBI,5.72,3,"[0, 0, 0, 0, 0, 1, 1, 0, 1, 0]",5.93,6.74,8.13,4.21,409347.1
TARA,4.41,4,"[0, 0, 0, 0, 1, 1, 1, 0, 1, 0]",5.06,5.22,7.56,2.78,764941.8
PDYN,8.16,7,"[1, 1, 1, 1, 0, 0, 1, 0, 1, 1]",6.62,6.88,12.68,4.15,1961419.4
CCCC,4.17,10,"[1, 1, 1, 1, 1, 1, 1, 1, 1, 1]",3.12,2.6,4.38,1.4,3064040.35
FVCB,16.03,10,"[1, 1, 1, 1, 1, 1, 1, 1, 1, 1]",15.52,14.09,16.12,11.09,197660.5
DEFT,0.57,1,"[0, 0, 0, 0, 0, 0, 0, 0, 1, 0]",0.71,1.23,3.48,0.48,4784805.2
USAU,15.67,4,"[0, 0, 0, 0, 1, 1, 1, 0, 1, 0]",15.91,16.65,22.6,10.22,180862.45
FATE,2.21,9,"[1, 1, 1, 1, 1, 1, 1, 1, 1, 0]",1.71,1.31,2.84,0.92,4616757.45
CGEN,2.22,7,"[0, 1, 1, 1, 1, 1, 1, 0, 1, 0]",2.62,1.94,3.1,1.33,611745.5
ALXO,1.56,5,"[0, 0, 0, 1, 1, 1, 1, 0, 1, 0]",1.85,1.66,2.6,0.41,1088081.55
ACH,2.65,3,"[0, 0, 0, 1, 0, 0, 1, 0, 1, 0]",3.02,3.33,9.42,1.91,975229.8
CNDT,1.67,3,"[1, 0, 0, 0, 0, 0, 1, 0, 1, 0]",1.58,1.95,2.96,1.16,1575777.7
AIRS,5.71,7,"[1, 1, 1, 1, 0, 0, 1, 0, 1, 1]",3.66,4.47,11.65,1.58,1190984.65
IKT,1.66,5,"[0, 0, 0, 1, 1, 1, 0, 1, 1, 0]",1.78,1.71,2.14,1.41,706170.25
PRE,20.79,10,"[1, 1, 1, 1, 1, 1, 1, 1, 1, 1]",18.18,15.82,22.15,7.01,295873.55
RDCM,14.46,8,"[1, 1, 1, 1, 0, 1, 1, 1, 1, 0]",14.2,13.26,16.14,10.68,209485.75
CHRS,1.58,5,"[0, 0, 0, 1, 1, 1, 1, 0, 1, 0]",1.7,1.59,2.51,0.72,1445140.55
ARTV,7.68,7,"[0, 1, 1, 1, 1, 1, 1, 0, 1, 0]",8.86,5.22,13.39,1.47,730277.45
SIDU,4.7,10,"[1, 1, 1, 1, 1, 1, 1, 1, 1, 1]",3.86,2.28,6.2,0.63,30071627.2
TRDA,7.0,5,"[0, 0, 0, 1, 1, 1, 1, 0, 1, 0]",10.78,9.4,16.03,5.02,691629.5
LAW,3.92,3,"[0, 0, 0, 0, 0, 0, 1, 0, 1, 1]",3.98,5.53,8.91,2.76,492408.55
OPRT,4.82,2,"[0, 0, 0, 1, 0, 0, 0, 0, 1, 0]",5.3,5.42,7.69,4.13,614292.2
JACK,11.65,1,"[0, 0, 0, 0, 0, 0, 0, 0, 1, 0]",11.91,16.76,24.88,9.4,953892.5
ARCT,8.04,4,"[0, 1, 0, 1, 0, 0, 1, 0, 1, 0]",8.08,10.28,23.16,5.9,491440.75
FOSL,4.07,7,"[0, 1, 1, 1, 1, 1, 1, 0, 1, 0]",4.54,3.62,5.61,1.3,939608.05
STRT,79.71,9,"[1, 1, 1, 0, 1, 1, 1, 1, 1, 1]",75.16,74.88,90.91,54.34,112209.75
INSG,14.01,6,"[0, 1, 1, 1, 0, 1, 1, 0, 1, 0]",14.18,12.77,20.29,6.4,435692.7
FHTX,3.74,2,"[0, 0, 0, 0, 1, 0, 0, 0, 1, 0]",4.57,4.92,6.68,3.53,173842.0
CDXS,2.8,8,"[1, 1, 1, 1, 0, 0, 1, 1, 1, 1]",2.43,2.04,3.33,0.98,928942.6
VUZI,4.23,9,"[1, 1, 1, 1, 0, 1, 1, 1, 1, 1]",3.07,2.91,5.14,1.9,3018235.8
NXDT,5.23,10,"[1, 1, 1, 1, 1, 1, 1, 1, 1, 1]",4.79,3.86,5.47,2.4,181113.6
SILC,42.98,9,"[1, 1, 1, 1, 1, 1, 1, 1, 1, 0]",34.35,21.25,50.98,13.5,185379.9
RNAC,6.55,1,"[0, 0, 0, 0, 0, 0, 0, 0, 1, 0]",6.81,7.83,13.77,5.85,165175.65
NBP,1.8,1,"[0, 0, 0, 0, 0, 0, 0, 0, 1, 0]",2.23,3.55,6.56,1.68,753041.3
XPOF,5.48,1,"[0, 0, 0, 0, 0, 0, 0, 0, 1, 0]",6.21,7.14,11.01,4.26,793083.9
AP,11.04,9,"[1, 1, 1, 1, 1, 1, 1, 1, 1, 0]",9.74,5.74,12.2,1.85,160005.3
NVA,7.02,7,"[1, 0, 1, 0, 1, 1, 1, 0, 1, 1]",6.15,6.55,14.37,1.83,514670.0
CANG,0.42,1,"[0, 0, 0, 0, 0, 0, 0, 0, 1, 0]",0.46,1.29,2.75,0.34,956669.2
LTRX,7.45,10,"[1, 1, 1, 1, 1, 1, 1, 1, 1, 1]",6.36,5.64,8.45,2.3,1505183.7
VYGR,3.62,2,"[0, 0, 0, 0, 0, 1, 0, 0, 1, 0]",3.89,4.09,5.33,2.94,590615.0
DUOT,13.91,9,"[1, 1, 1, 0, 1, 1, 1, 1, 1, 1]",9.14,8.87,14.64,6.0,894344.55
AIRJ,5.79,7,"[1, 1, 1, 0, 0, 0, 1, 1, 1, 1]",3.53,3.94,6.59,2.51,1672815.4
EAF,9.61,4,"[1, 0, 0, 0, 0, 0, 1, 0, 1, 1]",8.52,11.69,19.82,5.23,237023.3
OSG,5.41,4,"[1, 0, 0, 0, 0, 0, 1, 0, 1, 1]",4.93,6.94,10.08,3.94,913054.05
OABI,2.66,10,"[1, 1, 1, 1, 1, 1, 1, 1, 1, 1]",1.83,1.77,2.72,1.36,1054333.9
SPCE,4.72,7,"[1, 1, 1, 0, 0, 1, 1, 0, 1, 1]",3.05,3.23,7.52,2.17,49873926.65
WLAC,18.83,10,"[1, 1, 1, 1, 1, 1, 1, 1, 1, 1]",13.88,12.2,20.79,10.16,513321.35
POWW,2.01,9,"[0, 1, 1, 1, 1, 1, 1, 1, 1, 1]",2.03,1.81,2.15,1.09,424822.4
OBIO,3.99,5,"[0, 0, 1, 0, 1, 1, 1, 0, 1, 0]",4.12,3.9,5.35,2.35,254495.75
ALTG,6.94,7,"[1, 1, 1, 1, 0, 0, 1, 1, 1, 0]",6.47,6.34,8.62,4.19,432216.55
HUMA,1.49,6,"[1, 1, 1, 0, 0, 0, 1, 0, 1, 1]",0.88,1.21,2.73,0.57,8143725.2
LOVE,16.35,8,"[1, 1, 1, 1, 0, 0, 1, 1, 1, 1]",15.62,14.89,20.89,10.54,136232.7
ALEC,1.81,4,"[0, 0, 0, 1, 0, 1, 1, 0, 1, 0]",2.28,2.11,3.32,1.14,778716.35
UIS,4.32,8,"[1, 1, 1, 1, 0, 0, 1, 1, 1, 1]",2.83,3.01,4.96,2.0,1168409.25
LFMD,4.87,6,"[1, 1, 1, 1, 0, 0, 1, 0, 1, 0]",4.27,4.52,15.06,2.64,953408.85
WALD,1.75,6,"[1, 1, 1, 0, 0, 0, 1, 0, 1, 1]",1.19,1.68,3.08,0.76,882854.85
BZAI,1.81,2,"[0, 0, 0, 0, 0, 0, 1, 0, 1, 0]",1.83,2.43,6.29,1.02,8365391.85
HRTX,0.48,1,"[0, 0, 0, 0, 0, 0, 0, 0, 1, 0]",0.93,1.16,2.23,0.45,3810365.4
GPRO,1.0,2,"[0, 0, 0, 0, 0, 0, 1, 0, 1, 0]",1.11,1.43,2.88,0.63,7868747.6
CRNT,3.2,10,"[1, 1, 1, 1, 1, 1, 1, 1, 1, 1]",2.53,2.3,3.2,1.84,865692.0
NKTX,2.77,8,"[0, 1, 1, 1, 1, 1, 1, 1, 1, 0]",2.77,2.28,3.49,1.66,576081.45
AREC,2.38,4,"[1, 0, 0, 0, 0, 1, 1, 0, 1, 0]",2.29,2.88,6.81,0.65,3621729.4
MIST,1.29,1,"[0, 0, 0, 0, 0, 0, 0, 0, 1, 0]",1.66,1.89,2.95,1.01,1511261.45
LPRO,2.24,8,"[1, 1, 1, 1, 0, 0, 1, 1, 1, 1]",1.74,1.78,2.64,1.2,1289978.45
IMPP,5.16,10,"[1, 1, 1, 1, 1, 1, 1, 1, 1, 1]",4.77,4.47,6.35,2.97,614700.6
RELL,17.22,10,"[1, 1, 1, 1, 1, 1, 1, 1, 1, 1]",14.49,11.71,18.42,8.68,357471.4
OSUR,4.17,9,"[1, 1, 1, 1, 0, 1, 1, 1, 1, 1]",3.23,2.93,4.3,2.11,931839.2
CNTX,2.03,7,"[0, 1, 1, 1, 1, 1, 1, 0, 1, 0]",2.45,1.77,3.36,0.55,664918.95
MVIS,0.43,1,"[0, 0, 0, 0, 0, 0, 0, 0, 1, 0]",0.63,0.89,1.5,0.41,9915872.9
AMPY,4.64,5,"[0, 0, 0, 1, 1, 1, 1, 0, 1, 0]",5.59,5.14,6.63,3.18,721117.5
TNYA,0.77,4,"[1, 0, 0, 0, 0, 1, 1, 0, 1, 0]",0.77,1.03,2.1,0.54,5155628.4
SMRT,1.16,4,"[0, 0, 0, 0, 1, 1, 1, 0, 1, 0]",1.34,1.56,2.12,0.88,1197304.05
SRI,7.41,7,"[1, 1, 1, 0, 0, 0, 1, 1, 1, 1]",6.53,6.84,9.17,4.72,174222.45
FF,4.37,6,"[1, 1, 1, 1, 0, 1, 0, 0, 1, 0]",4.25,3.78,,,319671.4
ANNA,3.22,4,"[0, 0, 0, 1, 0, 0, 1, 0, 1, 1]",4.54,3.72,10.24,2.31,503503.3
INSE,7.73,4,"[1, 0, 0, 0, 0, 0, 0, 1, 1, 1]",7.19,8.21,9.82,6.11,102481.3
SND,5.71,10,"[1, 1, 1, 1, 1, 1, 1, 1, 1, 1]",4.99,3.64,5.71,1.73,317625.35
SABS,3.47,6,"[0, 0, 1, 0, 1, 1, 1, 1, 1, 0]",3.74,3.44,4.59,1.69,1021643.0
SHIM,3.87,7,"[0, 1, 1, 1, 1, 1, 1, 0, 1, 0]",4.52,3.38,6.67,1.47,227205.05
SLNH,1.5,5,"[1, 1, 0, 0, 0, 1, 1, 0, 1, 0]",1.35,1.54,4.42,0.43,27010178.85
DMRC,14.43,9,"[1, 1, 1, 1, 0, 1, 1, 1, 1, 1]",8.73,7.85,16.43,4.36,304886.2
PLBY,1.32,2,"[0, 0, 0, 0, 1, 0, 0, 0, 1, 0]",1.56,1.68,2.71,1.2,1191791.6
TONX,3.74,6,"[1, 1, 0, 1, 0, 0, 1, 0, 1, 1]",2.9,4.29,22.45,1.8,498653.25
TKNO,5.43,7,"[1, 1, 1, 0, 0, 0, 1, 1, 1, 1]",3.54,3.94,6.37,1.99,164523.25
KLTR,1.45,4,"[1, 0, 0, 0, 0, 0, 1, 0, 1, 1]",1.34,1.48,2.23,1.08,468429.1
EGAN,7.53,5,"[1, 0, 0, 0, 0, 1, 1, 0, 1, 1]",7.5,9.59,15.46,5.58,354146.15
PESI,10.24,2,"[0, 0, 0, 0, 1, 0, 0, 0, 1, 0]",11.15,12.37,15.76,8.19,282375.2
TENX,11.09,6,"[0, 0, 1, 1, 1, 1, 1, 0, 1, 0]",13.22,10.79,18.27,5.62,669087.3
ONEW,10.86,3,"[1, 0, 0, 0, 0, 0, 1, 0, 1, 0]",10.48,12.68,17.46,8.35,100521.65
UNCY,7.43,9,"[1, 1, 1, 1, 1, 1, 1, 1, 1, 0]",7.33,6.0,9.0,3.74,695127.05
DPRO,7.13,7,"[1, 1, 1, 0, 0, 1, 1, 0, 1, 1]",5.72,7.06,13.77,2.27,2411259.45
DTIL,6.41,7,"[0, 1, 1, 1, 1, 1, 1, 0, 1, 0]",7.02,5.57,8.61,3.57,310548.95
VERI,1.86,2,"[0, 0, 0, 0, 0, 0, 1, 0, 1, 0]",2.08,3.77,8.39,1.22,3152898.2
SLQT,1.0,3,"[1, 0, 0, 0, 0, 0, 1, 0, 1, 0]",0.89,1.38,2.69,0.59,1810491.3
QSI,1.28,6,"[1, 1, 1, 0, 0, 0, 1, 0, 1, 1]",0.94,1.24,2.63,0.71,7246351.55
XYF,4.93,3,"[1, 0, 0, 0, 0, 0, 1, 0, 1, 0]",4.52,7.63,18.91,3.22,136842.85
KPTI,9.07,10,"[1, 1, 1, 1, 1, 1, 1, 1, 1, 1]",8.13,7.16,10.09,3.77,495952.8
CRBP,8.01,3,"[0, 0, 0, 1, 0, 1, 0, 0, 1, 0]",9.84,10.32,19.36,6.9,720012.95
DGXX,7.48,10,"[1, 1, 1, 1, 1, 1, 1, 1, 1, 1]",4.86,3.52,8.46,1.46,17088141.1
KRMD,4.14,6,"[1, 0, 0, 0, 1, 1, 1, 0, 1, 1]",4.13,4.58,6.52,2.92,134588.65
CRBU,2.07,8,"[1, 1, 1, 1, 0, 1, 1, 0, 1, 1]",2.05,1.95,2.84,1.09,1888496.35
BHR,2.48,5,"[1, 0, 0, 0, 1, 1, 0, 1, 1, 0]",2.46,2.65,3.14,2.0,327528.1
INGN,6.31,2,"[0, 0, 0, 1, 0, 0, 0, 0, 1, 0]",6.62,7.01,8.95,5.59,426420.9
SUUN,1.18,5,"[1, 1, 0, 0, 0, 0, 1, 0, 1, 1]",0.7,1.35,2.48,0.5,3236336.5
MGNX,4.25,10,"[1, 1, 1, 1, 1, 1, 1, 1, 1, 1]",3.54,2.22,4.53,1.19,1498050.4
ATLX,4.22,1,"[0, 0, 0, 0, 0, 0, 0, 0, 1, 0]",4.69,4.96,7.45,3.73,904411.65
TLSA,1.27,1,"[0, 0, 0, 0, 0, 0, 0, 0, 1, 0]",1.34,1.59,2.5,1.15,278644.95
IFRX,2.0,7,"[1, 1, 1, 1, 0, 1, 1, 0, 1, 0]",1.8,1.31,2.74,0.77,2233024.0
WTF,3.1,1,"[0, 0, 0, 0, 0, 0, 0, 0, 1, 0]",3.57,4.21,7.1,2.82,366147.1
ELTX,13.93,9,"[1, 1, 1, 1, 0, 1, 1, 1, 1, 1]",10.96,9.99,13.93,7.47,150326.2
CVGI,5.52,10,"[1, 1, 1, 1, 1, 1, 1, 1, 1, 1]",4.5,2.44,5.78,1.27,525213.25
ABOS,2.29,6,"[0, 0, 1, 1, 1, 1, 1, 0, 1, 0]",2.51,2.19,3.37,1.07,322427.25
DOUG,1.81,2,"[1, 0, 0, 0, 0, 0, 0, 0, 1, 0]",1.8,2.35,3.11,1.56,488105.15
AMTX,2.46,5,"[0, 1, 1, 1, 0, 0, 1, 0, 1, 0]",2.71,2.15,3.66,1.32,1399291.75
ZEPP,6.46,2,"[0, 0, 0, 0, 0, 0, 1, 0, 1, 0]",12.49,27.4,61.27,2.28,161099.6
SKYX,1.12,3,"[0, 0, 0, 0, 1, 1, 0, 0, 1, 0]",1.15,1.64,3.13,1.0,1990185.95
CVRX,5.88,1,"[0, 0, 0, 0, 0, 0, 0, 0, 1, 0]",7.17,7.85,10.81,4.74,391505.35
LFCR,5.79,4,"[1, 0, 0, 0, 0, 0, 1, 0, 1, 1]",4.76,6.69,8.82,3.66,211695.85
EPSN,5.93,7,"[0, 1, 1, 1, 1, 1, 1, 0, 1, 0]",6.11,5.23,8.1,4.2,183814.35
ADAG,3.58,8,"[0, 1, 1, 1, 1, 1, 1, 1, 1, 0]",3.78,2.64,4.61,1.4,137944.9
KRRO,11.18,3,"[0, 0, 0, 1, 0, 0, 1, 0, 1, 0]",12.4,18.2,51.36,5.28,140007.7
DOMO,3.87,4,"[1, 0, 0, 0, 0, 0, 1, 0, 1, 1]",3.51,8.48,18.2,2.42,670886.65
PYXS,1.71,3,"[0, 0, 0, 0, 0, 1, 1, 0, 1, 0]",1.81,2.27,5.34,1.04,660942.55
BDTX,2.09,1,"[0, 0, 0, 0, 0, 0, 0, 0, 1, 0]",2.64,2.93,4.87,2.03,2158833.2
CNTN,2.45,3,"[0, 0, 0, 0, 0, 1, 1, 0, 1, 0]",3.23,3.41,7.71,1.17,709118.75
TBI,6.86,8,"[1, 1, 1, 1, 0, 0, 1, 1, 1, 1]",4.98,5.06,7.68,3.31,336220.6
THRY,3.8,4,"[1, 0, 0, 0, 0, 0, 1, 0, 1, 1]",3.39,6.4,13.85,2.1,970924.15
HYPR,1.5,7,"[1, 1, 1, 1, 0, 1, 1, 0, 1, 0]",1.41,1.26,2.2,0.69,579227.55
ORMP,3.81,8,"[0, 1, 1, 1, 1, 1, 1, 1, 1, 0]",3.89,3.0,4.73,1.92,232502.05
RFIL,18.4,10,"[1, 1, 1, 1, 1, 1, 1, 1, 1, 1]",14.74,9.85,19.38,4.04,260356.05
MX,8.55,10,"[1, 1, 1, 1, 1, 1, 1, 1, 1, 1]",4.37,3.24,8.93,2.27,4258300.75
OWLT,5.11,2,"[0, 0, 0, 0, 1, 0, 0, 0, 1, 0]",5.34,9.21,16.52,4.53,244601.65
KZIA,11.4,8,"[1, 1, 1, 1, 1, 1, 1, 0, 1, 0]",11.27,8.65,15.72,5.0,209482.85
ONL,2.92,9,"[1, 1, 1, 1, 0, 1, 1, 1, 1, 1]",2.63,2.46,3.0,1.84,353487.3
IMDX,6.55,9,"[1, 1, 1, 0, 1, 1, 1, 1, 1, 1]",4.6,5.07,8.48,2.4,351797.35
ANTX,4.17,9,"[1, 1, 1, 1, 1, 1, 1, 1, 1, 0]",4.08,2.12,5.46,1.03,231826.25
IMUX,14.43,10,"[1, 1, 1, 1, 1, 1, 1, 1, 1, 1]",11.71,9.0,15.13,5.1,256669.3
DIBS,4.23,4,"[0, 0, 0, 0, 1, 1, 1, 0, 1, 0]",5.03,4.66,6.43,2.55,291015.15
CURV,1.39,4,"[0, 1, 0, 1, 0, 0, 1, 0, 1, 0]",1.7,1.46,5.12,0.97,385597.2
APYX,4.29,10,"[1, 1, 1, 1, 1, 1, 1, 1, 1, 1]",3.79,3.42,4.4,1.66,209632.05
RGP,4.47,7,"[1, 1, 1, 0, 0, 0, 1, 1, 1, 1]",4.05,4.32,5.66,3.42,349493.3
CHPT,8.31,6,"[1, 1, 1, 0, 0, 0, 1, 0, 1, 1]",6.31,7.98,16.46,4.51,620967.45
BOOM,6.75,5,"[1, 1, 0, 0, 0, 0, 1, 1, 1, 0]",6.31,6.87,8.97,4.73,214247.25
WATT,28.03,10,"[1, 1, 1, 1, 1, 1, 1, 1, 1, 1]",24.14,12.07,35.33,3.76,362167.45
DHX,3.67,9,"[1, 1, 1, 1, 0, 1, 1, 1, 1, 1]",3.13,2.42,3.87,1.5,329861.05
HURA,2.19,5,"[0, 1, 1, 1, 0, 0, 1, 0, 1, 0]",2.29,1.91,3.25,0.44,497903.2
BZUN,2.67,2,"[1, 0, 0, 0, 0, 0, 0, 0, 1, 0]",2.64,2.97,4.77,2.1,295396.25
IDN,4.34,3,"[0, 0, 0, 1, 1, 0, 0, 0, 1, 0]",6.61,5.78,8.99,4.13,718626.9
SPRO,2.98,10,"[1, 1, 1, 1, 1, 1, 1, 1, 1, 1]",2.65,2.36,3.04,1.83,796778.2
NNBR,3.07,9,"[1, 1, 1, 1, 0, 1, 1, 1, 1, 1]",2.24,1.82,3.14,1.14,1154687.9
CRDL,1.15,5,"[0, 1, 1, 1, 1, 0, 0, 0, 1, 0]",1.33,1.12,1.63,0.93,404575.25
AGEN,3.39,2,"[0, 0, 0, 1, 0, 0, 0, 0, 1, 0]",3.73,3.79,7.06,2.77,712602.45
JELD,2.02,4,"[1, 0, 0, 0, 0, 0, 1, 0, 1, 1]",1.46,2.94,6.76,0.95,1558256.3
EDSA,7.09,7,"[0, 1, 1, 1, 1, 1, 1, 0, 1, 0]",9.5,4.14,18.28,0.8,338390.85
VWAV,5.83,2,"[0, 0, 0, 0, 0, 0, 1, 0, 1, 0]",5.97,8.88,14.18,2.3,544458.35
RDZN,1.89,9,"[1, 1, 1, 0, 1, 1, 1, 1, 1, 1]",1.55,1.46,2.41,0.83,656007.85
MBOT,1.96,1,"[0, 0, 0, 0, 0, 0, 0, 0, 1, 0]",2.15,2.45,4.5,1.62,2092788.3
QMCO,15.78,9,"[1, 1, 1, 1, 0, 1, 1, 1, 1, 1]",7.88,7.81,15.95,4.31,1192816.35
MED,12.27,6,"[1, 1, 1, 1, 0, 0, 0, 1, 1, 0]",11.45,11.83,15.22,9.53,185859.1
GNLX,3.08,4,"[1, 0, 0, 0, 0, 0, 1, 0, 1, 1]",2.76,3.76,8.24,2.3,177236.3
EMPD,3.51,2,"[0, 0, 0, 1, 0, 0, 0, 0, 1, 0]",4.73,5.37,21.61,3.26,190451.3
GALT,2.38,3,"[0, 0, 0, 0, 0, 0, 1, 0, 1, 1]",2.4,3.82,6.51,1.3,355370.0
BNC,2.5,1,"[0, 0, 0, 0, 0, 0, 0, 0, 1, 0]",2.87,6.63,57.58,2.47,321496.5
SPWR,1.09,4,"[1, 0, 0, 0, 0, 0, 1, 0, 1, 1]",1.09,1.49,2.11,0.83,2793849.4
SRFM,1.16,1,"[0, 0, 0, 0, 0, 0, 0, 0, 1, 0]",1.19,2.56,8.8,1.03,3694876.05
EQ,3.17,10,"[1, 1, 1, 1, 1, 1, 1, 1, 1, 1]",2.18,1.64,3.17,0.29,1047246.9
AMWL,8.78,9,"[1, 1, 1, 1, 0, 1, 1, 1, 1, 1]",6.84,5.69,9.83,3.78,101642.85
TTEC,2.3,1,"[0, 0, 0, 0, 0, 0, 0, 0, 1, 0]",2.7,3.13,5.53,2.06,543319.4
DFDV,3.01,1,"[0, 0, 0, 0, 0, 0, 0, 0, 1, 0]",4.11,7.91,31.56,2.99,948675.5
BNAI,16.34,5,"[0, 0, 0, 1, 1, 1, 1, 0, 1, 0]",29.46,16.41,63.0,1.2,301675.15
TMCI,3.69,6,"[1, 1, 1, 0, 0, 0, 1, 0, 1, 1]",2.15,3.57,7.7,1.2,670681.2
CHGG,1.26,7,"[1, 1, 1, 1, 0, 0, 1, 0, 1, 1]",1.05,1.03,1.84,0.45,3049218.1
HSDT,1.4,1,"[0, 0, 0, 0, 0, 0, 0, 0, 1, 0]",2.03,4.95,57.0,1.4,356837.15
SAFX,0.44,4,"[0, 1, 0, 1, 0, 0, 1, 0, 1, 0]",0.46,0.63,36.22,0.14,4216444.75
AIFC,0.72,1,"[0, 0, 0, 0, 0, 0, 0, 0, 1, 0]",0.94,2.02,10.26,0.72,1631678.9
SUIG,1.3,1,"[0, 0, 0, 0, 0, 0, 0, 0, 1, 0]",1.48,2.39,7.45,1.14,468475.0
INVE,4.29,8,"[1, 1, 1, 1, 0, 1, 1, 1, 1, 0]",4.14,3.67,5.29,3.08,139528.2
GCTS,3.18,9,"[1, 1, 1, 1, 0, 1, 1, 1, 1, 1]",1.85,1.45,3.73,0.99,13093775.95
FFAI,0.33,2,"[0, 0, 0, 0, 0, 0, 1, 0, 1, 0]",0.34,0.97,3.0,0.22,14732652.5
PEPG,1.48,4,"[0, 0, 0, 0, 1, 1, 1, 0, 1, 0]",1.87,4.04,7.17,1.01,709550.3
BLNK,0.76,3,"[1, 0, 0, 0, 0, 0, 1, 0, 1, 0]",0.73,1.03,2.5,0.5,2672649.0
GUTS,0.73,3,"[1, 0, 0, 0, 0, 0, 1, 0, 1, 0]",0.66,1.11,2.88,0.39,2332694.65
INO,1.16,1,"[0, 0, 0, 0, 0, 0, 0, 0, 1, 0]",1.26,1.84,2.87,1.05,4050082.2
RANI,0.9,4,"[0, 0, 0, 0, 1, 1, 1, 0, 1, 0]",0.93,1.16,2.85,0.41,1221967.0
CMTL,5.4,9,"[1, 1, 1, 0, 1, 1, 1, 1, 1, 1]",4.03,3.88,5.98,1.92,335610.4
VRA,3.32,8,"[0, 1, 1, 1, 1, 1, 1, 1, 1, 0]",3.66,2.76,4.26,1.78,131180.7
TUSK,3.84,10,"[1, 1, 1, 1, 1, 1, 1, 1, 1, 1]",2.82,2.33,3.84,1.73,452346.15
STIM,1.46,1,"[0, 0, 0, 0, 0, 0, 0, 0, 1, 0]",1.51,1.96,4.66,1.18,2801698.05
CUE,29.64,8,"[1, 1, 1, 1, 0, 1, 1, 1, 1, 0]",19.36,16.81,35.73,5.31,144542.6
ARQ,2.66,4,"[1, 0, 0, 0, 0, 0, 1, 0, 1, 1]",2.45,4.17,7.73,1.64,286740.55
LICN,1.87,3,"[0, 0, 0, 1, 0, 0, 1, 0, 1, 0]",4.49,3.84,8.63,0.84,675117.35
HCAT,1.94,5,"[1, 1, 0, 0, 0, 0, 1, 0, 1, 1]",1.3,2.22,4.16,1.0,1916265.9
BMEA,1.37,3,"[0, 0, 0, 1, 0, 0, 1, 0, 1, 0]",1.57,1.5,2.9,0.96,1107034.3
CBUS,1.4,2,"[0, 0, 0, 0, 1, 0, 0, 0, 1, 0]",1.54,1.8,4.05,1.16,256700.8
GEOS,8.79,2,"[0, 0, 0, 0, 0, 0, 1, 0, 1, 0]",9.46,15.54,28.41,6.32,239354.8
HOVR,2.49,7,"[1, 1, 1, 1, 0, 1, 1, 0, 1, 0]",2.06,2.03,3.91,0.9,4254959.25
CGTX,1.36,6,"[1, 1, 0, 0, 0, 1, 1, 0, 1, 1]",1.13,1.44,3.18,0.25,1130339.4
FLL,2.57,5,"[1, 1, 0, 1, 0, 0, 0, 0, 1, 1]",2.56,2.7,4.95,2.15,206572.95
CYPH,0.98,6,"[1, 0, 1, 0, 1, 1, 1, 0, 1, 0]",0.97,0.86,2.97,0.24,4588586.0
CRGO,1.62,2,"[0, 0, 0, 0, 0, 0, 1, 0, 1, 0]",1.9,2.54,4.1,1.21,120173.3
DTI,2.82,5,"[0, 0, 0, 1, 1, 1, 1, 0, 1, 0]",3.28,2.9,4.49,1.81,287624.75
BTCS,1.42,1,"[0, 0, 0, 0, 0, 0, 0, 0, 1, 0]",1.75,2.85,6.5,1.29,802374.15
ZVIA,1.4,3,"[1, 0, 0, 0, 0, 0, 0, 0, 1, 1]",1.31,1.97,3.64,1.13,1276993.15
LAKE,9.94,4,"[1, 0, 0, 0, 0, 0, 1, 0, 1, 1]",9.77,11.71,19.28,7.58,118943.05
ALDX,1.76,4,"[1, 0, 0, 0, 0, 0, 1, 0, 1, 1]",1.68,4.17,5.89,1.24,973188.3
SKLZ,9.6,9,"[1, 1, 1, 1, 0, 1, 1, 1, 1, 1]",5.84,5.64,12.45,2.28,570465.0
EXFY,1.15,4,"[1, 0, 0, 0, 0, 0, 1, 0, 1, 1]",1.0,1.38,2.61,0.75,756626.95
ONCY,0.87,2,"[0, 0, 0, 0, 0, 0, 1, 0, 1, 0]",0.93,1.04,1.42,0.33,1369595.9
TEAD,1.15,6,"[1, 1, 1, 1, 0, 0, 1, 0, 1, 0]",0.89,1.02,3.11,0.59,347961.0
NRXP,4.05,9,"[1, 1, 1, 1, 0, 1, 1, 1, 1, 1]",2.99,2.59,4.62,1.68,1663960.55
OCCI,3.3,2,"[1, 0, 0, 0, 0, 0, 0, 0, 1, 0]",3.12,3.89,5.08,2.62,250890.0
SKBL,3.25,7,"[0, 1, 1, 1, 1, 1, 1, 0, 1, 0]",3.4,2.97,12.98,0.44,251180.95
ARBE,1.07,4,"[1, 0, 0, 0, 0, 0, 1, 0, 1, 1]",0.86,1.26,2.69,0.56,4686462.7
PODC,4.15,10,"[1, 1, 1, 1, 1, 1, 1, 1, 1, 1]",3.22,2.45,4.98,1.3,166396.25
TLYS,5.27,10,"[1, 1, 1, 1, 1, 1, 1, 1, 1, 1]",4.42,2.43,5.39,1.13,406788.75
UPXI,1.02,2,"[0, 0, 0, 0, 0, 0, 1, 0, 1, 0]",1.24,2.88,12.71,0.56,2915366.9
LGO,0.93,1,"[0, 0, 0, 0, 0, 0, 0, 0, 1, 0]",1.14,1.29,2.52,0.89,936218.3
BAER,2.05,7,"[1, 0, 1, 0, 1, 1, 1, 0, 1, 1]",2.02,2.04,3.27,1.55,1002337.6
SEV,2.08,3,"[0, 0, 0, 0, 1, 0, 1, 0, 1, 0]",2.69,2.08,10.84,1.41,246570.2
FRMM,4.97,4,"[1, 0, 0, 0, 0, 0, 1, 0, 1, 1]",3.91,10.92,107.0,1.79,340861.0
GNSS,1.98,5,"[1, 0, 0, 0, 0, 1, 1, 1, 1, 0]",1.91,2.08,2.58,1.47,186843.0
ATYR,0.51,1,"[0, 0, 0, 0, 0, 0, 0, 0, 1, 0]",0.72,1.22,6.61,0.4,4680926.55
OCC,14.13,10,"[1, 1, 1, 1, 1, 1, 1, 1, 1, 1]",11.13,7.96,15.65,2.62,364158.9
QTTB,14.0,10,"[1, 1, 1, 1, 1, 1, 1, 1, 1, 1]",6.77,4.15,14.0,1.36,1527619.6
STEX,1.18,4,"[1, 0, 0, 0, 0, 0, 1, 0, 1, 1]",1.09,3.25,11.55,0.76,1720217.2
AIRG,7.22,10,"[1, 1, 1, 1, 1, 1, 1, 1, 1, 1]",6.52,4.82,7.39,3.07,134075.2
LIDR,1.96,3,"[1, 0, 0, 0, 0, 0, 1, 0, 1, 0]",1.91,2.2,4.43,0.74,1529679.85
MXCT,1.23,6,"[1, 1, 1, 0, 0, 0, 1, 0, 1, 1]",0.9,1.22,2.33,0.68,1335559.3
AGH,6.14,9,"[1, 1, 1, 0, 1, 1, 1, 1, 1, 1]",4.01,4.17,7.82,0.57,3121442.35
AVD,2.51,1,"[0, 0, 0, 0, 0, 0, 0, 0, 1, 0]",2.67,4.23,5.81,2.06,273148.85
NAMM,2.0,4,"[1, 0, 0, 0, 0, 0, 1, 0, 1, 1]",1.94,2.3,31.22,0.92,2774765.2
SPAI,6.01,7,"[1, 1, 1, 0, 0, 1, 1, 0, 1, 1]",4.41,5.25,8.95,2.4,605096.4
CLNN,5.82,3,"[0, 0, 0, 0, 0, 1, 1, 0, 1, 0]",6.27,6.55,12.5,3.36,179251.25
BTMD,2.36,5,"[1, 1, 0, 0, 0, 0, 1, 0, 1, 1]",1.95,2.43,4.55,1.3,238161.05
GRWG,1.65,7,"[1, 1, 1, 0, 0, 1, 1, 0, 1, 1]",1.36,1.47,2.2,0.87,508451.4
DTCX,2.27,2,"[0, 0, 0, 0, 0, 0, 1, 0, 1, 0]",2.3,3.36,15.46,1.63,319755.65
GECC,6.36,5,"[1, 1, 0, 0, 0, 0, 1, 0, 1, 1]",5.57,6.77,10.3,4.74,115727.2
PN,3.04,2,"[0, 0, 0, 0, 0, 0, 1, 0, 1, 0]",4.88,11.89,82.0,2.21,137800.05
TCRX,1.02,2,"[0, 0, 0, 1, 0, 0, 0, 0, 1, 0]",1.11,1.31,2.52,0.9,604642.7
DOMH,3.26,3,"[1, 0, 0, 0, 0, 0, 0, 0, 1, 1]",2.96,3.83,6.22,2.53,270975.65
STEM,9.17,2,"[0, 0, 0, 0, 0, 0, 1, 0, 1, 0]",9.82,14.9,29.79,6.17,208163.8
ZTEK,0.53,1,"[0, 0, 0, 0, 0, 0, 0, 0, 1, 0]",0.59,0.71,1.49,0.42,197783.35
JFB,5.84,5,"[0, 0, 0, 0, 1, 1, 1, 0, 1, 1]",5.97,7.48,16.78,2.3,621155.1
ANVS,1.99,2,"[0, 0, 0, 0, 1, 0, 0, 0, 1, 0]",2.02,2.6,5.1,1.59,1289743.0
ZSQR,10.89,2,"[0, 0, 0, 0, 0, 0, 1, 0, 1, 0]",12.07,13.64,18.8,7.05,247425.95
STSS,1.29,1,"[0, 0, 0, 0, 0, 0, 0, 0, 1, 0]",1.77,3.59,16.03,1.29,238278.7
ACRV,1.55,4,"[0, 0, 0, 0, 1, 1, 1, 0, 1, 0]",1.72,1.85,3.01,1.18,452275.65
SYPR,3.18,8,"[0, 1, 1, 1, 1, 1, 1, 1, 1, 0]",3.28,2.72,4.18,1.83,152365.75
AFCG,3.66,7,"[1, 1, 1, 1, 0, 0, 1, 0, 1, 1]",3.04,3.05,5.23,2.05,373079.35
PMVP,1.19,2,"[0, 0, 0, 1, 0, 0, 0, 0, 1, 0]",1.33,1.33,1.8,0.95,419865.85
MDAI,2.01,6,"[1, 1, 1, 1, 0, 0, 1, 0, 1, 0]",1.99,1.83,3.14,1.2,1181019.7
BDMD,1.36,3,"[0, 0, 0, 1, 0, 0, 1, 0, 1, 0]",1.73,1.72,7.1,0.77,141925.15
CPSH,7.78,9,"[1, 1, 1, 1, 1, 1, 1, 0, 1, 1]",5.41,4.26,11.59,2.42,3517089.25
OMEX,1.09,3,"[1, 0, 0, 0, 0, 0, 1, 0, 1, 0]",1.04,1.76,4.12,0.77,836694.1
ATRA,10.27,6,"[1, 1, 1, 0, 0, 0, 1, 0, 1, 1]",6.86,10.11,18.09,4.18,4258162.8
FTCI,5.39,5,"[1, 0, 0, 0, 1, 0, 1, 0, 1, 1]",4.53,7.51,12.5,3.45,147751.35
CPIX,5.84,10,"[1, 1, 1, 1, 1, 1, 1, 1, 1, 1]",4.26,3.6,6.15,1.9,144594.55
PDSB,1.22,8,"[1, 1, 1, 1, 0, 1, 1, 0, 1, 1]",1.05,0.94,1.79,0.54,1204269.4
FLD,0.7,1,"[0, 0, 0, 0, 0, 0, 0, 0, 1, 0]",1.28,2.4,5.13,0.7,142490.95
RRGB,4.43,5,"[1, 1, 0, 0, 0, 0, 1, 0, 1, 1]",3.8,4.62,7.44,2.59,626462.95
LFVN,9.31,6,"[1, 1, 1, 0, 0, 0, 1, 0, 1, 1]",5.36,6.84,14.13,3.99,587724.8
XTIA,1.95,7,"[0, 1, 1, 1, 1, 0, 1, 0, 1, 1]",1.98,1.78,5.05,1.24,2601295.85
KLXE,3.27,9,"[1, 1, 1, 1, 1, 1, 1, 1, 1, 0]",3.07,2.31,4.27,1.53,380372.8
FEAM,1.99,4,"[1, 0, 0, 0, 0, 0, 1, 0, 1, 1]",1.68,3.08,7.03,1.22,244375.8
SCLX,7.58,3,"[1, 0, 0, 0, 0, 0, 1, 0, 1, 0]",7.24,13.28,30.0,4.64,108737.2
SNBR,0.35,1,"[0, 0, 0, 0, 0, 0, 0, 0, 1, 0]",2.0,6.16,12.37,0.35,3236243.15
CING,4.8,3,"[0, 0, 0, 0, 1, 0, 1, 0, 1, 0]",5.21,4.91,11.66,3.33,886142.45
IXHL,3.09,1,"[0, 0, 0, 0, 0, 0, 0, 0, 1, 0]",3.65,9.29,48.9,2.56,235847.8
IMMP,0.39,1,"[0, 0, 0, 0, 0, 0, 0, 0, 1, 0]",0.44,1.74,3.18,0.31,1102500.25
IBIO,1.93,7,"[1, 0, 1, 0, 1, 1, 1, 0, 1, 1]",1.83,1.68,3.07,0.57,769020.6
EHTH,1.58,1,"[0, 0, 0, 0, 0, 0, 0, 0, 1, 0]",1.65,3.08,5.65,1.24,332785.2
LIXT,7.0,9,"[1, 1, 1, 1, 0, 1, 1, 1, 1, 1]",4.3,4.04,7.21,0.71,166032.35
VNCE,4.49,9,"[1, 1, 1, 1, 1, 1, 1, 1, 1, 0]",3.82,3.05,5.57,1.26,150051.6
HYFT,1.85,6,"[1, 1, 1, 0, 0, 0, 1, 0, 1, 1]",1.32,1.67,3.2,0.6,532267.45
BLNE,1.24,2,"[0, 0, 0, 0, 0, 0, 1, 0, 1, 0]",1.85,2.43,4.35,0.65,791603.45
PSIG,8.67,10,"[1, 1, 1, 1, 1, 1, 1, 1, 1, 1]",6.89,5.06,8.85,2.56,1195391.9
BTM,0.24,2,"[0, 0, 0, 0, 0, 0, 1, 0, 1, 0]",3.42,11.59,45.36,0.17,1022339.7
SPWH,1.4,2,"[1, 0, 0, 0, 0, 0, 0, 0, 1, 0]",1.4,1.86,4.16,1.13,490800.6
ONMD,0.73,3,"[0, 0, 0, 0, 0, 1, 1, 0, 1, 0]",0.9,1.16,3.14,0.32,252805.3
GRML,0.34,3,"[0, 0, 0, 1, 0, 0, 1, 0, 1, 0]",0.39,0.44,2.01,0.19,3824077.8
AMPG,5.88,8,"[1, 1, 1, 0, 0, 1, 1, 1, 1, 1]",2.83,3.21,5.88,1.76,6062247.8
CHRN,23.36,10,"[1, 1, 1, 1, 1, 1, 1, 1, 1, 1]",13.11,8.25,23.36,2.82,401568.75
KZR,7.29,9,"[1, 1, 1, 1, 1, 1, 1, 1, 1, 0]",7.13,5.81,7.45,3.59,125152.4
IPWR,7.41,9,"[1, 1, 1, 1, 0, 1, 1, 1, 1, 1]",4.66,4.37,8.99,2.68,1450866.25
SQNS,4.02,4,"[1, 0, 0, 0, 0, 0, 1, 0, 1, 1]",3.32,5.48,53.9,2.43,300345.3
MLGO,5.17,5,"[1, 1, 0, 0, 0, 0, 1, 0, 1, 1]",4.26,6.24,37.5,3.13,1244158.2
STKE,1.34,2,"[0, 0, 0, 0, 0, 0, 1, 0, 1, 0]",1.38,2.7,16.48,0.89,300221.9
ILLR,0.22,2,"[0, 0, 0, 0, 0, 0, 1, 0, 1, 0]",0.23,0.41,1.48,0.03,4025092.9
VIVO,5.85,8,"[1, 1, 1, 1, 0, 0, 1, 1, 1, 1]",3.59,3.38,6.87,1.21,2393604.75
USEG,1.09,6,"[1, 1, 1, 0, 0, 0, 1, 0, 1, 1]",0.93,1.05,2.21,0.69,1313514.15
BWEN,4.18,10,"[1, 1, 1, 1, 1, 1, 1, 1, 1, 1]",2.81,2.64,4.52,1.77,1951177.1
COCH,0.7,4,"[1, 0, 0, 0, 0, 0, 1, 0, 1, 1]",0.68,0.79,1.7,0.39,137691.15
BIRD,4.13,3,"[0, 0, 0, 1, 0, 0, 1, 0, 1, 0]",5.21,5.03,16.99,2.39,472378.4
BEAT,0.91,3,"[0, 0, 0, 0, 0, 0, 1, 0, 1, 1]",0.97,1.46,3.44,0.58,739361.3
FTEK,1.46,3,"[1, 0, 0, 0, 0, 0, 0, 0, 1, 1]",1.41,1.91,3.63,1.19,198593.35
PPSI,4.9,8,"[1, 1, 1, 0, 0, 1, 1, 1, 1, 1]",3.79,4.05,6.08,2.37,335456.05
TELA,0.88,3,"[1, 0, 0, 0, 0, 0, 1, 0, 1, 0]",0.8,1.1,2.14,0.56,128009.3
GAME,0.42,4,"[1, 1, 0, 0, 0, 0, 1, 0, 1, 0]",0.41,0.5,2.31,0.25,1892861.1
ARAY,0.37,2,"[0, 0, 0, 0, 0, 0, 1, 0, 1, 0]",0.39,0.92,1.85,0.27,7279749.65
ELUT,1.05,6,"[0, 1, 1, 1, 0, 0, 1, 0, 1, 1]",1.09,1.03,2.46,0.5,136062.85
FATN,7.54,8,"[1, 1, 1, 1, 0, 0, 1, 1, 1, 1]",3.41,3.48,9.84,1.45,646240.8
FGNX,6.95,4,"[1, 0, 0, 0, 0, 0, 1, 0, 1, 1]",6.49,17.31,191.5,4.23,178245.6
PSTV,5.74,3,"[1, 0, 0, 0, 0, 0, 1, 0, 1, 0]",5.72,10.26,22.25,2.92,147782.65
AHMA,1.06,3,"[0, 0, 0, 0, 1, 0, 1, 0, 1, 0]",1.16,1.06,37.11,0.79,397272.3
HYPD,3.5,2,"[0, 0, 0, 0, 0, 0, 1, 0, 1, 0]",3.7,5.03,15.97,2.44,577945.7
ASTI,7.82,10,"[1, 1, 1, 1, 1, 1, 1, 1, 1, 1]",4.96,3.9,9.02,1.16,2558568.7
DARE,2.18,6,"[0, 1, 1, 1, 0, 1, 1, 0, 1, 0]",2.24,1.99,3.27,1.3,475339.45
ABLV,1.09,9,"[1, 1, 1, 1, 0, 1, 1, 1, 1, 1]",0.81,0.81,1.23,0.58,133372.75
ALGS,5.34,1,"[0, 0, 0, 0, 0, 0, 0, 0, 1, 0]",6.54,8.32,13.3,5.14,142642.6
BEEM,1.42,1,"[0, 0, 0, 0, 0, 0, 0, 0, 1, 0]",1.62,1.98,3.88,1.37,528295.1
SST,3.37,3,"[1, 0, 0, 0, 0, 0, 1, 0, 1, 0]",3.19,4.57,10.76,1.37,385420.7
WKHS,3.45,3,"[1, 0, 0, 0, 0, 0, 1, 0, 1, 0]",3.08,7.34,53.04,2.34,215564.35
INMB,1.35,1,"[0, 0, 0, 0, 0, 0, 0, 0, 1, 0]",1.37,1.62,8.09,1.12,533244.6
JZ,0.31,1,"[0, 0, 0, 0, 0, 0, 0, 0, 1, 0]",0.88,1.21,4.0,0.31,6767768.3
PSQH,0.57,1,"[0, 0, 0, 0, 0, 0, 0, 0, 1, 0]",0.63,1.2,2.83,0.49,374065.55
HCHL,3.72,6,"[1, 1, 1, 0, 0, 0, 1, 0, 1, 1]",2.29,2.74,5.6,1.0,1226351.75
RPGL,2.93,2,"[0, 0, 0, 0, 1, 0, 0, 0, 1, 0]",25.65,2.93,3984.0,2.93,402930.2
GRCE,2.39,3,"[0, 0, 0, 0, 1, 0, 0, 0, 1, 1]",3.11,3.35,5.13,2.1,318909.05
BGDE,7.64,5,"[1, 1, 0, 0, 0, 0, 1, 0, 1, 1]",5.31,7.86,33.6,1.71,125630.15
TRAW,1.48,3,"[0, 0, 0, 0, 0, 1, 1, 0, 1, 0]",1.55,1.89,3.13,1.09,6500063.3
AERT,0.84,7,"[1, 1, 1, 1, 0, 0, 1, 0, 1, 1]",0.61,0.58,1.33,0.29,122773.7
BOLD,1.47,9,"[1, 1, 1, 1, 1, 1, 1, 1, 1, 0]",1.41,1.25,1.63,1.01,134419.15
ARAI,0.5,1,"[0, 0, 0, 0, 0, 0, 0, 0, 1, 0]",0.76,2.62,12.15,0.5,1168450.05
ABVE,0.07,1,"[0, 0, 0, 0, 0, 0, 0, 0, 1, 0]",0.64,1.85,5.28,0.07,6320562.25
AGPU,8.17,7,"[1, 1, 1, 1, 0, 0, 1, 0, 1, 1]",5.23,7.02,18.0,1.41,418796.5
MNTS,15.79,6,"[1, 1, 1, 0, 0, 0, 1, 0, 1, 1]",6.91,12.24,34.11,3.23,10624269.85
BZFD,1.5,7,"[1, 1, 1, 1, 0, 0, 1, 0, 1, 1]",1.0,1.17,2.56,0.57,9894203.45
SKYE,0.77,2,"[0, 0, 0, 0, 0, 0, 1, 0, 1, 0]",0.79,1.46,4.75,0.58,187134.55
QCLS,3.79,2,"[0, 0, 0, 0, 0, 0, 1, 0, 1, 0]",3.85,4.22,17.6,2.76,676277.45
UPLD,0.77,3,"[1, 0, 0, 0, 0, 0, 1, 0, 1, 0]",0.73,1.48,2.96,0.51,256994.55
SOWG,1.46,2,"[0, 0, 0, 0, 0, 0, 0, 0, 1, 1]",3.15,7.87,23.25,1.13,105183.05
LASE,3.62,6,"[1, 1, 1, 0, 0, 0, 1, 0, 1, 1]",1.04,2.27,6.51,0.6,30132474.5
QNTM,4.48,2,"[0, 0, 0, 0, 0, 0, 1, 0, 1, 0]",4.98,8.52,35.0,2.1,494298.15
DBGI,0.76,2,"[0, 0, 0, 0, 0, 0, 1, 0, 1, 0]",1.36,6.36,17.78,0.29,12715160.05
NEON,1.85,4,"[1, 0, 0, 0, 0, 0, 1, 0, 1, 1]",1.6,3.43,29.3,1.27,154760.05
AIFF,1.71,4,"[0, 1, 0, 1, 0, 0, 1, 0, 1, 0]",1.9,1.81,3.37,0.64,391649.8
VEEA,0.52,4,"[0, 0, 0, 1, 0, 0, 1, 0, 1, 1]",0.58,0.59,2.1,0.38,341419.0
SPPL,3.7,6,"[1, 1, 1, 0, 0, 0, 1, 0, 1, 1]",2.49,3.7,6.62,1.8,1765134.45
OTLK,0.79,5,"[1, 1, 0, 0, 0, 0, 1, 0, 1, 1]",0.33,0.92,2.97,0.2,36118776.85
EVTV,1.86,7,"[0, 1, 1, 1, 0, 1, 1, 0, 1, 1]",1.93,1.73,4.08,0.36,925186.0
FEMY,0.36,2,"[0, 0, 0, 0, 1, 0, 0, 0, 1, 0]",0.4,0.56,1.04,0.34,2082273.15
JSPR,0.48,1,"[0, 0, 0, 0, 0, 0, 0, 0, 1, 0]",0.87,1.65,6.82,0.48,589092.4
UFG,0.69,1,"[0, 0, 0, 0, 0, 0, 0, 0, 1, 0]",0.83,1.87,9.65,0.68,719816.15
DFLI,2.08,3,"[1, 0, 0, 0, 0, 0, 1, 0, 1, 0]",2.0,4.78,19.7,1.54,471507.15
ALLR,1.7,9,"[1, 1, 1, 1, 0, 1, 1, 1, 1, 1]",1.39,1.28,1.97,0.8,271277.05
FMST,1.69,1,"[0, 0, 0, 0, 0, 0, 0, 0, 1, 0]",1.71,2.45,5.42,1.52,112313.35
VTGN,0.58,1,"[0, 0, 0, 0, 0, 0, 0, 0, 1, 0]",0.6,1.98,4.9,0.51,956478.15
SDST,2.17,1,"[0, 0, 0, 0, 0, 0, 0, 0, 1, 0]",2.5,3.37,7.09,1.81,220959.4
LTRN,3.79,6,"[1, 1, 1, 0, 0, 0, 1, 0, 1, 1]",2.48,3.25,5.32,1.12,328440.25
MVO,1.73,3,"[0, 0, 0, 1, 0, 0, 1, 0, 1, 0]",2.25,2.73,5.29,0.91,177049.3
GWH,1.01,2,"[0, 0, 0, 0, 0, 0, 1, 0, 1, 0]",1.07,1.95,9.05,0.77,1136100.8
ONEG,0.9,2,"[0, 0, 0, 1, 0, 0, 0, 0, 1, 0]",3.23,5.3,12.99,0.85,1094217.15
MOBX,2.21,2,"[0, 0, 0, 0, 0, 0, 1, 0, 1, 0]",2.64,5.06,12.1,1.46,11907962.6
GRDX,6.06,9,"[1, 1, 1, 1, 0, 1, 1, 1, 1, 1]",3.17,3.28,6.8,1.1,181483.15
QNCX,1.1,2,"[0, 0, 0, 0, 0, 0, 1, 0, 1, 0]",1.2,13.79,44.0,0.8,2085849.65
AUID,1.3,4,"[1, 0, 0, 0, 0, 0, 1, 0, 1, 1]",1.2,1.86,5.66,0.86,155095.3
SNAL,0.81,5,"[1, 1, 0, 0, 0, 0, 1, 0, 1, 1]",0.73,0.83,1.7,0.38,20022327.3
COCP,1.05,2,"[0, 0, 0, 1, 0, 0, 0, 0, 1, 0]",1.29,1.16,1.94,0.86,134666.65
KTTA,0.62,4,"[0, 0, 0, 0, 1, 1, 1, 0, 1, 0]",0.74,0.82,1.47,0.29,433192.75
LGVN,0.8,5,"[0, 1, 1, 1, 0, 0, 1, 0, 1, 0]",0.91,0.75,1.74,0.48,431325.7
SAGT,0.95,1,"[0, 0, 0, 0, 0, 0, 0, 0, 1, 0]",1.59,1.93,2.69,0.88,554143.2
OSRH,0.42,1,"[0, 0, 0, 0, 0, 0, 0, 0, 1, 0]",0.55,0.59,1.67,0.4,1813293.4
OFAL,0.24,1,"[0, 0, 0, 0, 0, 0, 0, 0, 1, 0]",0.55,0.75,3.32,0.23,738912.75
SEGG,1.76,5,"[1, 1, 0, 0, 0, 0, 1, 0, 1, 1]",1.14,2.3,14.3,0.51,2198871.3
ENGS,1.58,5,"[1, 1, 0, 0, 0, 0, 1, 0, 1, 1]",1.32,2.72,12.22,0.64,400725.2
AGAE,0.45,4,"[0, 1, 0, 1, 0, 0, 1, 0, 1, 0]",0.45,0.55,3.55,0.26,1436392.3
NIXX,0.85,5,"[1, 1, 0, 0, 0, 0, 1, 0, 1, 1]",0.72,1.05,2.36,0.49,756398.7
TOMZ,1.08,7,"[1, 1, 1, 0, 0, 0, 1, 1, 1, 1]",0.71,0.79,1.14,0.53,424315.0
AIIO,3.2,4,"[1, 0, 0, 0, 0, 0, 1, 0, 1, 1]",1.74,11.65,52.4,0.59,37801073.55
SCNX,0.38,2,"[0, 0, 0, 0, 0, 0, 1, 0, 1, 0]",0.38,0.59,2.6,0.24,387782.95
GFAI,0.56,4,"[1, 0, 0, 0, 0, 0, 1, 0, 1, 1]",0.5,0.74,1.42,0.39,2607866.6
LEXX,0.64,1,"[0, 0, 0, 0, 0, 0, 0, 0, 1, 0]",0.77,0.86,1.53,0.53,123928.1
TBH,4.83,5,"[1, 1, 0, 1, 0, 0, 1, 0, 1, 0]",4.68,6.38,19.2,1.82,112731.35
SKYQ,1.89,2,"[0, 0, 0, 1, 0, 0, 0, 0, 1, 0]",4.93,3.72,12.59,1.79,1010035.7
TURB,1.77,5,"[0, 1, 0, 1, 0, 0, 1, 0, 1, 1]",1.8,2.26,12.4,0.61,888984.7
AKAN,16.39,5,"[1, 1, 0, 1, 0, 0, 1, 0, 1, 0]",15.82,28.57,107.43,2.68,588498.85
MDCX,0.37,4,"[1, 0, 0, 0, 0, 0, 1, 0, 1, 1]",0.35,1.42,3.4,0.28,2630987.35
BFRI,1.0,7,"[1, 1, 1, 1, 0, 0, 1, 1, 1, 0]",0.98,0.91,1.16,0.57,266274.7
MBRX,2.51,3,"[1, 0, 0, 0, 0, 0, 0, 0, 1, 1]",2.45,6.22,20.9,1.96,312483.15
SKK,3.98,6,"[1, 1, 1, 1, 0, 0, 1, 0, 1, 0]",3.34,3.4,12.19,1.66,504986.35
HOTH,2.14,7,"[1, 1, 1, 0, 0, 0, 1, 1, 1, 1]",0.81,1.12,2.22,0.51,17950349.45
PHIO,1.14,2,"[0, 0, 0, 0, 0, 0, 1, 0, 1, 0]",1.18,1.45,2.96,0.86,132179.65
BFRG,0.77,4,"[0, 0, 0, 1, 0, 0, 1, 0, 1, 1]",0.82,0.95,1.9,0.46,329742.0
APRE,0.78,2,"[0, 0, 0, 0, 0, 0, 1, 0, 1, 0]",0.85,1.06,2.08,0.59,199101.7
LNAI,2.92,4,"[1, 0, 0, 0, 0, 0, 1, 0, 1, 1]",2.7,7.34,30.48,1.47,163255.3
STFS,10.75,7,"[1, 1, 1, 1, 0, 0, 1, 0, 1, 1]",6.32,6.23,95.2,3.12,329757.65
ATER,1.08,6,"[1, 1, 1, 1, 0, 0, 1, 0, 1, 0]",0.92,0.84,1.66,0.54,392843.35
GTBP,0.48,4,"[1, 0, 0, 0, 0, 0, 1, 0, 1, 1]",0.39,0.61,3.8,0.27,2386702.95
XWEL,1.39,9,"[1, 1, 1, 1, 0, 1, 1, 1, 1, 1]",1.28,0.96,1.7,0.29,129193.7
LHSW,0.18,1,"[0, 0, 0, 0, 0, 0, 0, 0, 1, 0]",0.2,1.0,3.03,0.14,647030.7
BIVI,1.72,7,"[1, 1, 1, 1, 0, 0, 1, 0, 1, 1]",1.48,1.5,11.9,1.06,117343.05
RVPH,0.62,2,"[0, 0, 0, 0, 0, 0, 1, 0, 1, 0]",0.71,6.37,16.9,0.33,938513.3
YYGH,0.16,1,"[0, 0, 0, 0, 0, 0, 0, 0, 1, 0]",0.99,15.6,169.5,0.15,33161376.15
NOTV,0.09,1,"[0, 0, 0, 0, 0, 0, 0, 0, 1, 0]",0.27,0.75,3.01,0.09,2739646.8
GDC,0.12,1,"[0, 0, 0, 0, 0, 0, 0, 0, 1, 0]",2.15,3.87,9.73,0.1,80667819.9
TDIC,0.37,1,"[0, 0, 0, 0, 0, 0, 0, 0, 1, 0]",1.25,5.43,36.35,0.37,32098842.9
BIAF,1.88,4,"[0, 1, 0, 1, 0, 0, 1, 0, 1, 0]",2.55,2.66,10.95,0.75,211513.8
CODX,5.76,5,"[1, 1, 0, 0, 0, 0, 1, 0, 1, 1]",2.69,6.59,37.8,1.28,17060302.9
ELPW,0.89,1,"[0, 0, 0, 0, 0, 0, 0, 0, 1, 0]",2.47,213.41,5248.0,0.75,1648626.3
CETX,0.55,1,"[0, 0, 0, 0, 0, 0, 0, 0, 1, 0]",0.94,3.88,20.25,0.51,481551.35
ERNA,8.19,4,"[1, 0, 0, 0, 0, 0, 1, 0, 1, 1]",7.08,22.3,71.25,3.74,1820220.5
YMAT,1.0,6,"[1, 1, 1, 0, 0, 0, 1, 0, 1, 1]",0.55,0.85,5.74,0.24,30197305.85
FBGL,0.51,3,"[0, 0, 0, 0, 1, 0, 1, 0, 1, 0]",0.59,0.71,1.38,0.38,195108.85
GLE,0.45,5,"[1, 1, 0, 0, 0, 0, 1, 0, 1, 1]",0.41,0.5,3.6,0.26,11399118.95
BNZI,3.1,1,"[0, 0, 0, 0, 0, 0, 0, 0, 1, 0]",9.19,29.24,192.8,3.1,667286.0
AIXI,8.59,9,"[1, 1, 1, 1, 1, 1, 1, 0, 1, 1]",4.86,1.8,15.47,0.1,844228.85
MYSE,1.62,2,"[0, 0, 0, 1, 0, 0, 0, 0, 1, 0]",1.99,2.08,3.81,1.33,136889.3
FMFC,0.38,2,"[0, 0, 0, 0, 0, 0, 1, 0, 1, 0]",0.4,3.09,15.48,0.27,119522.75
LOBO,0.81,7,"[1, 1, 1, 0, 0, 1, 1, 0, 1, 1]",0.61,0.66,1.16,0.36,5378549.8
RMSG,1.1,2,"[0, 0, 0, 0, 0, 0, 1, 0, 1, 0]",1.29,1.65,5.21,0.35,2492008.4
MGRX,0.39,3,"[0, 0, 0, 0, 0, 0, 1, 0, 1, 1]",0.4,1.07,2.74,0.16,752144.45
POLA,2.16,5,"[1, 1, 0, 0, 0, 0, 1, 0, 1, 1]",1.83,2.3,5.27,1.35,172162.35
ANY,4.34,6,"[1, 1, 1, 0, 0, 0, 1, 0, 1, 1]",1.87,3.94,10.5,1.09,8764118.65
SMTK,0.32,3,"[1, 0, 0, 0, 0, 0, 1, 0, 1, 0]",0.28,1.0,2.83,0.17,1100121.8
ONFO,0.49,2,"[0, 0, 0, 1, 0, 0, 0, 0, 1, 0]",0.91,0.87,1.5,0.47,243928.6
CREG,0.32,2,"[0, 0, 0, 0, 0, 0, 1, 0, 1, 0]",0.47,1.09,5.9,0.18,51798124.85
FABC,5.7,7,"[1, 1, 1, 1, 0, 0, 1, 0, 1, 1]",3.45,3.72,8.41,1.78,1471426.2
OLB,0.46,2,"[0, 0, 0, 0, 0, 0, 1, 0, 1, 0]",0.48,0.82,2.26,0.34,280854.35
CNSP,5.28,4,"[1, 1, 0, 0, 0, 0, 1, 0, 1, 0]",3.91,5.68,12.48,2.13,115070.3
AEHL,1.07,3,"[0, 0, 0, 0, 0, 0, 1, 0, 1, 1]",1.33,9.55,25.98,0.49,28168999.35
SNYR,0.23,1,"[0, 0, 0, 0, 0, 0, 0, 0, 1, 0]",0.49,1.63,3.97,0.23,7002207.4
BTQ,4.83,5,"[1, 1, 0, 0, 0, 0, 1, 0, 1, 1]",3.17,4.83,14.14,2.15,3458054.15
PBM,3.69,2,"[0, 0, 0, 0, 0, 0, 1, 0, 1, 0]",4.81,52.85,449.22,2.23,121942.1
ENVB,1.96,1,"[0, 0, 0, 0, 0, 0, 0, 0, 1, 0]",2.67,5.21,17.4,1.79,192802.95
SUNE,1.22,3,"[0, 0, 0, 1, 0, 0, 1, 0, 1, 0]",1.55,1.41,3.17,0.78,188254.55
ALP,0.27,3,"[0, 0, 0, 0, 0, 0, 1, 0, 1, 1]",0.31,2.36,10.91,0.18,46336994.4
GP,1.12,5,"[1, 1, 0, 0, 0, 0, 1, 0, 1, 1]",1.03,1.64,4.5,0.76,208427.45
RENX,1.75,1,"[0, 0, 0, 0, 0, 0, 0, 0, 1, 0]",2.16,10.84,38.6,1.42,286555.2
WNW,3.14,2,"[0, 0, 0, 0, 0, 0, 1, 0, 1, 0]",4.3,122.3,280.4,2.41,3543609.0
GOVX,1.79,4,"[1, 0, 0, 0, 0, 0, 1, 0, 1, 1]",1.59,7.23,33.0,1.05,14834170.15
JTAI,8.4,3,"[0, 0, 0, 0, 0, 0, 1, 0, 1, 1]",8.63,243.84,908.0,5.71,201988.65
NCI,10.51,4,"[0, 0, 0, 0, 1, 0, 1, 0, 1, 1]",10.84,17.37,96.0,3.95,689086.45
SOBR,1.12,4,"[1, 0, 0, 0, 0, 0, 1, 0, 1, 1]",0.94,1.88,4.74,0.5,4503430.9
MNDR,0.72,1,"[0, 0, 0, 0, 0, 0, 0, 0, 1, 0]",0.89,1.91,6.95,0.72,192372.95
NCRA,0.17,1,"[0, 0, 0, 0, 0, 0, 0, 0, 1, 0]",0.22,0.83,1.97,0.17,14916430.45
CNEY,1.0,5,"[1, 1, 0, 0, 0, 0, 1, 0, 1, 1]",0.79,1.26,2.94,0.37,2145368.25
PMAX,2.05,1,"[0, 0, 0, 0, 0, 0, 0, 0, 1, 0]",2.87,17.53,41.04,1.99,881529.15
GLMD,0.73,4,"[1, 0, 0, 0, 0, 0, 1, 0, 1, 1]",0.63,0.94,2.33,0.47,140736.8
OCG,1.82,1,"[0, 0, 0, 0, 0, 0, 0, 0, 1, 0]",1.92,908.09,6589.92,1.65,1818642.05
SHPH,0.49,1,"[0, 0, 0, 0, 0, 0, 0, 0, 1, 0]",0.75,1.95,5.57,0.49,308126.4
LMFA,0.23,1,"[0, 0, 0, 0, 0, 0, 0, 0, 1, 0]",0.25,0.66,4.93,0.22,668270.75
VIVK,0.85,1,"[0, 0, 0, 0, 0, 0, 0, 0, 1, 0]",1.95,29.61,220.5,0.85,1798969.35
UCAR,1.38,3,"[1, 0, 0, 0, 0, 0, 1, 0, 1, 0]",1.38,13.04,45.1,0.38,1092644.75
IVDA,0.34,3,"[1, 0, 0, 0, 0, 0, 1, 0, 1, 0]",0.3,0.81,2.47,0.25,455395.6
MASK,3.61,4,"[1, 0, 0, 0, 0, 0, 1, 0, 1, 1]",2.13,7.98,92.75,1.24,11564473.3
AEMD,2.13,1,"[0, 0, 0, 0, 0, 0, 0, 0, 1, 0]",2.25,4.27,27.2,1.65,1633219.15
VRAX,0.2,4,"[1, 0, 0, 0, 0, 0, 1, 0, 1, 1]",0.17,0.37,1.11,0.1,55857278.4
SGLY,0.4,1,"[0, 0, 0, 0, 0, 0, 0, 0, 1, 0]",0.43,0.63,1.39,0.36,108290.35
ORKT,1.25,6,"[1, 1, 0, 1, 0, 0, 1, 0, 1, 1]",1.06,1.35,3.2,0.67,160836.35
VBIO,0.75,1,"[0, 0, 0, 0, 0, 0, 0, 0, 1, 0]",0.97,1.72,4.38,0.64,117976.45
MGN,0.15,2,"[0, 0, 0, 0, 1, 0, 0, 0, 1, 0]",0.26,0.15,4.85,0.14,7015533.5
BIYA,0.88,2,"[0, 0, 0, 0, 0, 0, 1, 0, 1, 0]",1.16,6.04,133.75,0.62,9017511.95
HCWB,1.63,5,"[1, 1, 0, 0, 0, 0, 1, 0, 1, 1]",0.81,2.02,6.04,0.27,36732059.6
JDZG,50.0,4,"[1, 0, 0, 0, 0, 0, 1, 0, 1, 1]",22.18,263.59,952.5,10.8,181828.6
NVVE,0.38,2,"[0, 0, 0, 0, 0, 0, 0, 0, 1, 1]",0.47,5.0,60.4,0.29,354257.95
GV,0.24,3,"[0, 0, 0, 0, 0, 0, 1, 0, 1, 1]",0.25,1.09,2.8,0.16,5324621.4
ASBP,6.05,5,"[1, 1, 0, 0, 0, 0, 1, 0, 1, 1]",2.42,6.58,23.6,0.16,10056861.3
SDOT,11.37,3,"[0, 0, 0, 0, 0, 0, 1, 0, 1, 1]",18.51,70.12,386.0,2.73,3330530.35
ICON,1.13,2,"[0, 0, 0, 0, 0, 0, 1, 0, 1, 0]",1.16,4.38,16.3,0.81,120626.3
BTX,9.21,10,"[1, 1, 1, 1, 1, 1, 1, 1, 1, 1]",7.86,6.8,9.34,5.93,762017.7
NVDA,205.1,9,"[1, 1, 1, 1, 1, 1, 1, 1, 1, 0]",203.22,188.34,235.47,141.52,177627078.9
GOOGL,368.53,9,"[1, 1, 1, 1, 1, 1, 1, 1, 1, 0]",354.5,303.83,402.62,164.82,31301981.35
GOOG,365.76,9,"[1, 1, 1, 1, 1, 1, 1, 1, 1, 0]",351.84,303.47,399.04,165.64,22272746.8
AAPL,307.34,10,"[1, 1, 1, 1, 1, 1, 1, 1, 1, 1]",281.09,264.76,315.2,194.87,47787253.7
AMZN,246.03,7,"[0, 1, 1, 1, 1, 1, 0, 1, 1, 0]",251.16,232.13,274.99,198.79,40229785.0
AVGO,385.73,8,"[0, 1, 1, 1, 1, 1, 1, 1, 1, 0]",398.41,354.92,481.57,242.32,27475152.25
TSM,415.17,10,"[1, 1, 1, 1, 1, 1, 1, 1, 1, 1]",389.03,325.32,446.69,202.67,13039566.1
TSLA,391.0,5,"[0, 0, 0, 0, 1, 1, 1, 1, 1, 0]",395.29,414.14,489.88,293.94,49758204.0
WMT,118.88,6,"[0, 0, 1, 1, 1, 1, 0, 1, 1, 0]",125.79,115.01,134.2,93.47,25574430.55
LLY,1131.42,9,"[1, 1, 1, 0, 1, 1, 1, 1, 1, 1]",971.9,944.83,1131.42,621.26,3190419.1
MU,864.01,10,"[1, 1, 1, 1, 1, 1, 1, 1, 1, 1]",617.35,360.72,1079.57,104.73,56418955.6
AMD,466.38,10,"[1, 1, 1, 1, 1, 1, 1, 1, 1, 1]",358.72,245.97,542.52,116.16,34227188.8
INTC,99.17,9,"[1, 1, 1, 1, 1, 1, 1, 1, 1, 0]",88.76,51.27,129.44,19.31,133282148.55
XOM,149.92,9,"[0, 1, 1, 1, 1, 1, 1, 1, 1, 1]",153.05,131.43,170.31,101.05,16525408.95
ASML,1641.74,10,"[1, 1, 1, 1, 1, 1, 1, 1, 1, 1]",1486.65,1215.44,1757.47,686.0,1670375.3
ORCL,213.68,6,"[1, 1, 1, 0, 0, 0, 1, 0, 1, 1]",179.43,205.79,325.76,136.0,21598306.5
JNJ,232.77,10,"[1, 1, 1, 1, 1, 1, 1, 1, 1, 1]",230.36,210.87,247.14,146.14,7578082.45
CAT,904.28,10,"[1, 1, 1, 1, 1, 1, 1, 1, 1, 1]",834.96,646.1,940.48,349.57,2622462.4
CSCO,121.64,10,"[1, 1, 1, 1, 1, 1, 1, 1, 1, 1]",97.71,79.74,130.0,62.65,30788143.65
LRCX,303.28,10,"[1, 1, 1, 1, 1, 1, 1, 1, 1, 1]",273.05,198.24,343.71,85.72,8966941.25
CVX,187.31,9,"[0, 1, 1, 1, 1, 1, 1, 1, 1, 1]",189.23,167.76,209.23,134.57,9638282.4
AMAT,453.01,10,"[1, 1, 1, 1, 1, 1, 1, 1, 1, 1]",408.55,299.58,501.7,155.56,8372407.9
UNH,399.47,9,"[1, 1, 1, 1, 0, 1, 1, 1, 1, 1]",349.58,326.22,401.16,232.89,7199547.4
BABA,121.06,2,"[0, 0, 0, 0, 0, 1, 0, 0, 1, 0]",131.1,149.72,189.34,103.83,12864026.55
GE,328.0,9,"[1, 1, 1, 0, 1, 1, 1, 1, 1, 1]",298.46,301.9,345.24,234.51,4829847.1
HSBC,90.8,10,"[1, 1, 1, 1, 1, 1, 1, 1, 1, 1]",89.37,77.34,95.21,55.7,1630244.2
MS,211.93,10,"[1, 1, 1, 1, 1, 1, 1, 1, 1, 1]",188.59,170.96,218.27,126.44,5788428.05
AZN,185.95,8,"[0, 0, 1, 1, 1, 1, 1, 1, 1, 1]",190.31,180.42,208.62,135.08,1867367.4
GEV,933.61,8,"[0, 1, 1, 1, 1, 1, 1, 1, 1, 0]",1007.62,756.11,1149.53,464.29,2389841.55
GS,1038.68,10,"[1, 1, 1, 1, 1, 1, 1, 1, 1, 1]",932.21,854.1,1092.61,601.41,2224728.35
MRK,120.79,10,"[1, 1, 1, 1, 1, 1, 1, 1, 1, 1]",116.18,103.04,123.18,76.14,9333047.25
NVS,149.16,9,"[0, 1, 1, 1, 1, 1, 1, 1, 1, 1]",149.28,138.36,163.64,110.15,1485668.9
TXN,285.06,9,"[1, 1, 1, 1, 1, 1, 1, 1, 1, 0]",262.18,204.02,324.89,151.57,8176851.8
RY,194.04,10,"[1, 1, 1, 1, 1, 1, 1, 1, 1, 1]",178.0,161.61,194.97,125.26,1248134.8
KLAC,1929.2,10,"[1, 1, 1, 1, 1, 1, 1, 1, 1, 1]",1781.42,1374.14,2131.1,802.83,1019913.7
RTX,180.99,7,"[0, 0, 1, 0, 1, 1, 1, 1, 1, 1]",182.87,179.99,211.28,136.35,5741985.75
SNDK,1559.32,10,"[1, 1, 1, 1, 1, 1, 1, 1, 1, 1]",1179.88,530.24,1831.5,39.15,12257016.35
QCOM,215.94,8,"[1, 1, 1, 1, 1, 1, 0, 0, 1, 1]",175.65,162.76,,,26026838.6
ARM,342.93,10,"[1, 1, 1, 1, 1, 1, 1, 1, 1, 1]",223.81,157.16,411.83,104.55,12502388.3
C,132.47,10,"[1, 1, 1, 1, 1, 1, 1, 1, 1, 1]",124.85,110.43,135.15,74.67,10393637.45
BHP,82.72,10,"[1, 1, 1, 1, 1, 1, 1, 1, 1, 1]",81.13,65.73,93.15,45.25,2755471.45
ADI,401.39,9,"[1, 1, 1, 1, 1, 1, 1, 1, 1, 0]",383.02,301.48,437.67,217.76,5073028.0
NVO,42.96,2,"[1, 0, 0, 0, 0, 0, 0, 0, 1, 0]",41.7,47.36,77.31,34.76,12849610.35
MUFG,19.91,10,"[1, 1, 1, 1, 1, 1, 1, 1, 1, 1]",18.23,16.86,20.05,13.29,3331973.05
TTE,88.71,8,"[0, 1, 1, 1, 1, 1, 1, 1, 1, 0]",90.41,72.2,93.6,55.92,1106351.25
NEE,85.84,6,"[0, 0, 1, 1, 1, 1, 0, 1, 1, 0]",91.87,84.75,97.88,67.96,13438279.8
BA,215.45,3,"[0, 0, 0, 1, 0, 0, 0, 1, 1, 0]",221.15,219.14,252.15,179.12,7628301.45
TD,113.16,10,"[1, 1, 1, 1, 1, 1, 1, 1, 1, 1]",105.15,91.05,113.75,68.82,1912708.9
SAN,12.15,9,"[1, 1, 1, 1, 1, 1, 1, 1, 1, 0]",11.96,11.14,13.05,7.81,8509475.1
RIO,100.69,8,"[0, 1, 1, 1, 1, 1, 1, 1, 1, 0]",100.97,82.03,112.04,53.08,2560076.25
ANET,154.27,9,"[1, 1, 1, 1, 0, 1, 1, 1, 1, 1]",152.28,140.94,177.73,86.25,11473849.8
STX,847.47,10,"[1, 1, 1, 1, 1, 1, 1, 1, 1, 1]",665.97,385.88,940.69,124.47,3448605.1
DELL,394.39,10,"[1, 1, 1, 1, 1, 1, 1, 1, 1, 1]",241.65,160.73,465.96,107.92,12039651.35
PANW,272.05,9,"[1, 1, 1, 1, 0, 1, 1, 1, 1, 1]",203.86,192.13,300.48,141.67,10231921.15
WDC,511.72,10,"[1, 1, 1, 1, 1, 1, 1, 1, 1, 1]",423.95,242.47,594.11,55.31,6827180.55
GILD,129.16,6,"[0, 0, 1, 1, 1, 1, 0, 1, 1, 0]",134.18,128.04,154.92,103.92,7422510.8
GLW,177.58,9,"[1, 1, 1, 1, 1, 1, 1, 1, 1, 0]",172.29,115.1,207.96,49.06,14478303.25
BUD,78.5,9,"[1, 1, 1, 1, 1, 1, 1, 1, 1, 0]",76.03,67.54,83.96,56.26,1610957.4
APP,557.2,8,"[1, 1, 1, 0, 0, 1, 1, 1, 1, 1]",471.77,540.05,733.6,324.7,4988736.65
APH,138.81,9,"[1, 1, 1, 0, 1, 1, 1, 1, 1, 1]",137.51,134.19,165.92,91.84,12181294.85
DE,583.44,10,"[1, 1, 1, 1, 1, 1, 1, 1, 1, 1]",573.63,521.23,660.56,436.32,1543784.75
SCCO,172.97,8,"[0, 1, 1, 1, 1, 1, 1, 1, 1, 0]",180.03,153.66,215.55,85.21,1330210.65
WELL,206.93,8,"[0, 1, 1, 1, 1, 1, 1, 1, 1, 0]",208.59,191.63,220.14,147.96,3839185.45
MRVL,263.47,10,"[1, 1, 1, 1, 1, 1, 1, 1, 1, 1]",165.34,103.42,316.43,62.19,44747199.4
IBKR,84.4,10,"[1, 1, 1, 1, 1, 1, 1, 1, 1, 1]",79.21,70.78,88.72,50.3,5549554.95
COP,117.14,9,"[0, 1, 1, 1, 1, 1, 1, 1, 1, 1]",121.49,102.96,132.81,83.6,6447334.7
PLD,144.54,10,"[1, 1, 1, 1, 1, 1, 1, 1, 1, 1]",140.35,128.33,146.94,101.55,3301143.9
UBS,47.01,10,"[1, 1, 1, 1, 1, 1, 1, 1, 1, 1]",43.35,41.2,48.16,29.65,2163000.9
SMFG,23.16,10,"[1, 1, 1, 1, 1, 1, 1, 1, 1, 1]",21.42,19.34,23.81,14.53,2086167.15
CRWD,671.02,10,"[1, 1, 1, 1, 1, 1, 1, 1, 1, 1]",515.7,478.04,782.17,350.25,3902428.6
VRT,300.51,8,"[0, 1, 1, 1, 1, 1, 1, 1, 1, 0]",313.08,215.96,376.23,108.34,5848667.15
BTI,59.72,9,"[0, 1, 1, 1, 1, 1, 1, 1, 1, 1]",59.96,56.36,66.7,44.77,4304618.95
BBVA,22.22,10,"[1, 1, 1, 1, 1, 1, 1, 1, 1, 1]",22.18,21.02,25.32,14.03,1466242.9
NEM,99.71,6,"[0, 0, 0, 1, 1, 1, 1, 1, 1, 0]",111.41,100.72,131.38,51.81,7398381.6
PBR,17.75,8,"[0, 1, 1, 1, 1, 1, 1, 1, 1, 0]",20.21,15.11,21.86,10.86,16341981.65
PBR-A,15.85,8,"[0, 1, 1, 1, 1, 1, 1, 1, 1, 0]",18.25,13.95,19.73,10.32,9781780.95
SBUX,95.29,7,"[0, 1, 1, 1, 1, 1, 0, 1, 1, 0]",99.18,90.35,106.82,76.95,7612962.05
CVS,95.93,10,"[1, 1, 1, 1, 1, 1, 1, 1, 1, 1]",83.82,77.96,98.11,57.3,8698412.25
BMY,57.27,9,"[0, 1, 1, 1, 1, 1, 1, 1, 1, 1]",57.96,52.45,61.73,41.67,11126792.5
BP,42.97,8,"[0, 1, 1, 1, 1, 1, 1, 1, 1, 0]",44.93,37.76,47.09,27.79,8539050.15
PWR,695.11,9,"[1, 1, 1, 1, 1, 1, 1, 1, 1, 0]",665.66,509.0,785.24,348.42,1160232.1
PH,882.34,7,"[0, 0, 1, 1, 1, 1, 1, 1, 1, 0]",905.63,865.87,1020.71,646.59,826149.95
HWM,251.9,9,"[1, 1, 1, 1, 1, 1, 1, 1, 1, 0]",250.56,219.19,273.58,168.24,2422686.35
BMO,164.37,10,"[1, 1, 1, 1, 1, 1, 1, 1, 1, 1]",150.41,135.14,165.38,103.16,850063.7
EQIX,1080.95,10,"[1, 1, 1, 1, 1, 1, 1, 1, 1, 1]",1056.16,872.88,1109.8,718.6,551856.2
MFG,9.52,10,"[1, 1, 1, 1, 1, 1, 1, 1, 1, 1]",8.65,7.74,10.09,5.42,3543247.1
TT,456.84,7,"[0, 1, 1, 1, 1, 1, 0, 1, 1, 0]",460.62,427.92,492.54,375.52,1375351.5
CM,108.84,9,"[1, 1, 1, 1, 1, 1, 1, 1, 1, 0]",107.31,92.38,115.78,66.72,1022825.05
CDNS,376.19,9,"[1, 1, 1, 1, 0, 1, 1, 1, 1, 1]",333.92,324.46,416.39,265.66,2429580.55
GSK,51.52,9,"[0, 1, 1, 1, 1, 1, 1, 1, 1, 1]",52.98,48.78,60.14,34.89,3435809.85
SNPS,464.85,3,"[0, 1, 0, 1, 0, 0, 0, 0, 1, 0]",467.87,465.87,645.35,380.47,1983511.15
AEM,163.66,5,"[0, 0, 0, 1, 1, 1, 1, 0, 1, 0]",193.08,182.92,251.57,115.04,2177784.85
HCA,372.13,3,"[0, 0, 0, 0, 1, 1, 0, 0, 1, 0]",439.33,460.85,544.32,332.73,1754929.0
BNS,80.56,10,"[1, 1, 1, 1, 1, 1, 1, 1, 1, 1]",75.91,70.84,81.39,53.07,2300983.55
CMI,651.22,9,"[1, 1, 1, 1, 1, 1, 1, 1, 1, 0]",636.71,527.19,714.21,309.31,963022.9
MAR,392.51,10,"[1, 1, 1, 1, 1, 1, 1, 1, 1, 1]",358.17,312.33,392.51,252.75,1403148.85
CNQ,45.7,9,"[0, 1, 1, 1, 1, 1, 1, 1, 1, 1]",46.74,37.97,50.09,29.05,6722044.05
EQNR,36.94,9,"[0, 1, 1, 1, 1, 1, 1, 1, 1, 1]",38.56,28.61,41.97,21.89,3532924.1
ITUB,7.54,6,"[0, 0, 0, 1, 1, 1, 1, 1, 1, 0]",8.38,7.55,9.47,5.55,22938366.85
FDX,331.0,10,"[1, 1, 1, 1, 1, 1, 1, 1, 1, 1]",307.54,250.07,338.49,172.24,1906599.75
BK,144.02,10,"[1, 1, 1, 1, 1, 1, 1, 1, 1, 1]",132.09,116.94,144.02,86.97,3625692.3
FCX,63.37,10,"[1, 1, 1, 1, 1, 1, 1, 1, 1, 1]",63.22,53.1,71.72,35.05,12879843.9
USB,55.69,10,"[1, 1, 1, 1, 1, 1, 1, 1, 1, 1]",54.75,51.56,60.07,40.95,8109218.85
JCI,143.65,10,"[1, 1, 1, 1, 1, 1, 1, 1, 1, 1]",139.46,123.71,147.4,101.29,3668717.45
ING,29.67,9,"[1, 1, 1, 1, 1, 1, 1, 1, 1, 0]",28.64,26.5,31.32,19.79,2485832.3
FTNT,144.68,10,"[1, 1, 1, 1, 1, 1, 1, 1, 1, 1]",102.77,86.94,149.67,74.39,6460336.15
MNST,89.55,10,"[1, 1, 1, 1, 1, 1, 1, 1, 1, 1]",80.13,74.85,89.55,58.65,6022290.35
CSX,46.99,10,"[1, 1, 1, 1, 1, 1, 1, 1, 1, 1]",44.07,38.24,47.0,31.53,13199181.95
AMX,24.84,8,"[0, 1, 1, 1, 1, 1, 1, 1, 1, 0]",26.16,22.96,27.42,16.57,1318074.9
ELV,415.53,10,"[1, 1, 1, 1, 1, 1, 1, 1, 1, 1]",355.81,334.99,415.53,270.1,1735985.35
BCS,24.27,9,"[1, 1, 1, 0, 1, 1, 1, 1, 1, 1]",23.24,22.71,27.19,17.03,5456326.1
SLB,54.87,10,"[1, 1, 1, 1, 1, 1, 1, 1, 1, 1]",54.07,43.58,58.01,31.12,12664596.45
MPWR,1481.05,9,"[1, 1, 1, 1, 1, 1, 1, 1, 1, 0]",1471.0,1110.99,1689.89,667.93,693916.05
LYG,5.31,9,"[0, 1, 1, 1, 1, 1, 1, 1, 1, 1]",5.31,5.01,6.1,3.87,18811467.85
E,53.8,9,"[0, 1, 1, 1, 1, 1, 1, 1, 1, 1]",54.38,42.37,56.97,29.77,351299.15
CIEN,488.21,8,"[0, 1, 1, 1, 1, 1, 1, 1, 1, 0]",517.03,294.21,627.0,72.16,2459605.3
APO,128.03,6,"[1, 1, 1, 0, 0, 0, 0, 1, 1, 1]",122.91,127.77,153.59,99.88,3356777.75
CRH,105.06,4,"[0, 0, 0, 0, 1, 1, 0, 1, 1, 0]",109.67,115.07,130.44,87.52,4998016.1
SU,62.22,8,"[0, 1, 1, 1, 1, 1, 1, 1, 1, 0]",64.95,50.83,69.27,36.26,3653235.15
REGN,635.45,4,"[0, 0, 0, 0, 1, 1, 0, 1, 1, 0]",706.29,694.15,810.08,490.53,1205220.65
NXPI,295.96,10,"[1, 1, 1, 1, 1, 1, 1, 1, 1, 1]",261.7,229.39,332.67,182.42,3935413.25
BE,263.61,10,"[1, 1, 1, 1, 1, 1, 1, 1, 1, 1]",236.96,144.18,307.88,21.34,10178101.7
ROST,230.37,10,"[1, 1, 1, 1, 1, 1, 1, 1, 1, 1]",223.03,186.81,234.81,125.73,3756497.4
B,39.46,5,"[0, 0, 0, 0, 1, 1, 1, 1, 1, 0]",41.31,39.52,52.32,19.38,13647015.2
HLT,343.1,10,"[1, 1, 1, 1, 1, 1, 1, 1, 1, 1]",321.9,293.15,343.1,243.38,1545179.45
ASX,34.03,10,"[1, 1, 1, 1, 1, 1, 1, 1, 1, 1]",30.81,19.8,40.6,9.36,9953996.25
NOK,14.38,10,"[1, 1, 1, 1, 1, 1, 1, 1, 1, 1]",12.16,7.76,16.85,4.05,125152357.35
VLO,255.82,10,"[1, 1, 1, 1, 1, 1, 1, 1, 1, 1]",243.95,194.51,261.45,125.06,2851505.9
MPC,262.01,10,"[1, 1, 1, 1, 1, 1, 1, 1, 1, 1]",242.21,202.02,267.21,155.55,2400778.65
GM,82.11,10,"[1, 1, 1, 1, 1, 1, 1, 1, 1, 1]",77.66,73.09,86.18,47.14,7548776.95
AEP,129.14,8,"[0, 1, 1, 1, 1, 1, 1, 1, 1, 0]",131.09,120.6,136.16,98.09,5218246.4
DDOG,234.11,10,"[1, 1, 1, 1, 1, 1, 1, 1, 1, 1]",165.99,147.06,277.49,102.61,6649775.9
LITE,863.66,8,"[0, 1, 1, 1, 1, 1, 1, 1, 1, 0]",883.38,478.42,1053.09,81.46,6298948.75
VALE,15.23,8,"[0, 1, 1, 1, 1, 1, 1, 1, 1, 0]",16.52,13.77,17.82,8.32,23905506.95
NSC,313.45,9,"[1, 1, 1, 1, 1, 1, 0, 1, 1, 1]",305.36,292.76,325.68,244.07,1279182.1
HOOD,82.47,3,"[1, 0, 0, 0, 0, 0, 0, 0, 1, 1]",78.25,103.29,152.46,65.16,26660438.3
NET,250.11,8,"[1, 1, 1, 1, 0, 1, 1, 1, 1, 0]",213.63,206.15,272.66,160.19,5029535.25
PSX,183.08,10,"[1, 1, 1, 1, 1, 1, 1, 1, 1, 1]",171.87,147.47,186.92,110.5,2271625.65
FIX,1843.94,9,"[1, 1, 1, 1, 1, 1, 1, 1, 1, 0]",1744.71,1199.58,2041.56,486.62,417166.3
DLR,186.79,7,"[0, 1, 1, 1, 1, 1, 0, 1, 1, 0]",191.5,172.11,203.91,146.93,1951359.0
WBD,26.24,7,"[0, 0, 1, 1, 1, 1, 1, 1, 1, 0]",27.17,24.49,29.98,9.53,19664124.0
TRP,68.68,10,"[1, 1, 1, 1, 1, 1, 1, 1, 1, 1]",65.02,57.62,70.91,45.92,2277725.2
MFC,38.71,9,"[1, 1, 1, 1, 1, 1, 1, 1, 1, 0]",37.56,34.58,39.66,29.33,2731763.65
SPG,210.31,10,"[1, 1, 1, 1, 1, 1, 1, 1, 1, 1]",200.27,186.49,210.31,151.42,1652089.65
COHR,376.99,10,"[1, 1, 1, 1, 1, 1, 1, 1, 1, 1]",333.53,210.82,426.89,77.37,6162365.95
MSTR,120.44,1,"[0, 0, 0, 0, 0, 0, 0, 0, 1, 0]",155.28,201.86,455.9,106.99,17626154.75
BKR,62.59,8,"[0, 1, 1, 1, 1, 1, 1, 1, 1, 0]",64.03,54.03,69.44,36.94,7633481.05
WPM,116.23,5,"[0, 0, 0, 1, 1, 1, 1, 0, 1, 0]",133.82,122.37,165.21,86.45,1795366.7
CRWV,100.39,5,"[0, 1, 1, 1, 0, 0, 1, 0, 1, 0]",106.74,99.93,183.58,64.55,29898947.0
KEYS,329.83,8,"[0, 1, 1, 1, 1, 1, 1, 1, 1, 0]",334.03,238.35,366.68,158.19,1908978.25
CVNA,66.51,2,"[0, 0, 0, 0, 1, 0, 0, 0, 1, 0]",71.25,73.74,95.69,56.26,9997642.1
RKLB,110.08,9,"[1, 1, 1, 1, 1, 1, 1, 0, 1, 1]",96.14,71.0,150.23,25.41,31770330.5
TEL,212.65,6,"[0, 0, 0, 0, 1, 1, 1, 1, 1, 1]",213.58,220.12,247.28,160.93,2851074.85
URI,1067.77,9,"[1, 1, 1, 1, 0, 1, 1, 1, 1, 1]",888.69,875.39,1084.62,682.65,499234.65
GWW,1300.01,10,"[1, 1, 1, 1, 1, 1, 1, 1, 1, 1]",1185.25,1059.56,1300.01,914.6,263733.35
TGT,122.57,8,"[0, 1, 1, 1, 1, 1, 1, 1, 1, 0]",123.88,104.19,130.86,82.06,5964939.85
TER,357.93,10,"[1, 1, 1, 1, 1, 1, 1, 1, 1, 1]",356.47,240.63,417.92,82.87,3727014.65
LHX,307.83,6,"[0, 0, 0, 1, 1, 1, 0, 1, 1, 1]",325.92,313.23,377.17,241.35,1120306.05
CARR,67.16,7,"[1, 1, 1, 1, 0, 0, 1, 1, 1, 0]",62.47,59.13,79.79,49.97,6380942.45
CTVA,77.03,7,"[0, 1, 1, 1, 1, 1, 0, 1, 1, 0]",80.92,72.33,85.26,60.56,3394090.0
AU,84.12,5,"[0, 0, 0, 1, 1, 1, 1, 0, 1, 0]",96.82,85.67,124.62,41.58,2309409.9
OKE,88.25,10,"[1, 1, 1, 1, 1, 1, 1, 1, 1, 1]",87.97,77.08,95.24,62.69,3822203.9
MCHP,88.34,9,"[1, 1, 1, 1, 1, 1, 1, 1, 1, 0]",85.27,70.53,102.41,48.06,11752708.05
MCHPP,74.95,9,"[1, 1, 1, 1, 1, 1, 1, 1, 1, 0]",72.59,62.07,85.72,45.73,251340.4
CVE,28.22,9,"[1, 1, 1, 1, 1, 1, 1, 1, 1, 0]",27.93,20.87,31.8,13.31,7520430.3
AME,226.55,7,"[0, 1, 1, 1, 1, 1, 0, 1, 1, 0]",227.9,209.54,241.38,174.71,1165359.85
TRGP,264.09,10,"[1, 1, 1, 1, 1, 1, 1, 1, 1, 1]",252.67,200.8,276.75,143.89,1189178.9
COIN,152.4,1,"[0, 0, 0, 0, 0, 0, 0, 0, 1, 0]",186.82,244.65,419.78,141.09,10077004.75
FANG,192.62,9,"[0, 1, 1, 1, 1, 1, 1, 1, 1, 1]",195.89,163.06,212.52,132.09,2266269.7
OXY,56.93,9,"[0, 1, 1, 1, 1, 1, 1, 1, 1, 1]",58.62,48.52,66.24,38.74,11129375.6
DVN,44.28,8,"[0, 1, 1, 1, 1, 1, 1, 1, 1, 0]",47.7,39.99,52.07,31.17,13935593.7
FLEX,151.92,10,"[1, 1, 1, 1, 1, 1, 1, 1, 1, 1]",107.22,72.88,161.94,43.07,6433809.15
ABEV,3.12,9,"[1, 1, 1, 1, 1, 1, 1, 1, 1, 0]",3.09,2.68,3.43,2.11,30373097.95
NUE,254.39,10,"[1, 1, 1, 1, 1, 1, 1, 1, 1, 1]",214.57,171.47,262.28,115.38,1419275.8
STM,70.72,10,"[1, 1, 1, 1, 1, 1, 1, 1, 1, 1]",53.2,34.23,79.71,21.07,12476857.2
BIDU,121.66,4,"[0, 0, 0, 0, 1, 1, 1, 0, 1, 0]",126.15,126.66,162.52,83.62,3145877.85
ETR,110.74,8,"[0, 1, 1, 1, 1, 1, 1, 1, 1, 0]",112.24,98.94,117.36,78.9,3776769.55
UI,567.33,5,"[0, 0, 0, 1, 1, 1, 1, 0, 1, 0]",816.56,680.83,1083.11,368.59,158448.85
CCJ,103.44,7,"[0, 0, 1, 1, 1, 1, 1, 1, 1, 0]",114.12,101.64,134.09,60.3,3105347.25
FER,66.81,8,"[0, 1, 1, 1, 1, 1, 1, 1, 1, 0]",67.83,64.41,73.66,49.27,1577963.35
ROK,446.71,9,"[1, 1, 1, 1, 1, 1, 1, 1, 1, 0]",417.62,385.86,463.41,313.42,728863.95
EA,203.0,10,"[1, 1, 1, 1, 1, 1, 1, 1, 1, 1]",202.04,197.49,204.4,146.34,2056018.8
ARGX,891.32,9,"[1, 1, 1, 0, 1, 1, 1, 1, 1, 1]",795.74,802.52,929.61,537.92,322363.3
DAL,79.42,10,"[1, 1, 1, 1, 1, 1, 1, 1, 1, 1]",71.33,65.44,82.49,46.48,6954727.6
EBAY,109.35,10,"[1, 1, 1, 1, 1, 1, 1, 1, 1, 1]",104.42,92.34,118.63,72.75,5379453.45
FERG,229.58,5,"[0, 0, 0, 1, 1, 1, 0, 1, 1, 0]",241.67,237.97,266.68,207.0,1445714.65
MT,67.21,10,"[1, 1, 1, 1, 1, 1, 1, 1, 1, 1]",60.87,49.06,71.65,29.63,2345491.7
WAB,260.4,8,"[0, 1, 1, 1, 1, 1, 1, 1, 1, 0]",260.98,227.38,270.61,184.98,934251.1
FNV,218.74,6,"[0, 0, 0, 1, 1, 1, 1, 1, 1, 0]",239.14,223.98,280.36,154.14,797409.15
FITB,52.01,10,"[1, 1, 1, 1, 1, 1, 1, 1, 1, 1]",49.12,46.51,54.59,36.66,6812345.75
XYZ,68.15,6,"[0, 1, 1, 1, 0, 0, 1, 1, 1, 0]",68.48,67.61,81.11,49.09,6361574.75
NBIS,227.81,10,"[1, 1, 1, 1, 1, 1, 1, 1, 1, 1]",172.62,117.16,264.51,44.3,18611051.2
RKT,12.65,1,"[0, 0, 0, 0, 0, 0, 0, 0, 1, 0]",14.53,17.46,23.44,12.65,24960348.95
VTR,82.02,8,"[0, 1, 1, 1, 1, 1, 1, 1, 1, 0]",85.11,78.01,90.35,60.78,4212554.7
CLS,371.71,9,"[1, 1, 1, 1, 1, 1, 1, 1, 1, 0]",368.46,304.83,472.4,120.73,2346907.25
CAH,205.71,8,"[1, 0, 1, 0, 1, 1, 1, 1, 1, 1]",202.05,193.46,229.32,144.85,2258683.35
TEVA,34.19,9,"[1, 1, 1, 1, 1, 1, 1, 1, 1, 0]",32.94,28.07,36.34,15.38,5897651.15
HPE,49.2,10,"[1, 1, 1, 1, 1, 1, 1, 1, 1, 1]",31.54,24.96,56.15,17.21,37217054.6
STT,161.75,10,"[1, 1, 1, 1, 1, 1, 1, 1, 1, 1]",147.28,127.04,162.75,93.52,1798941.3
ODFL,242.57,10,"[1, 1, 1, 1, 1, 1, 1, 1, 1, 1]",209.42,172.18,245.52,125.7,1858227.65
GFS,75.53,10,"[1, 1, 1, 1, 1, 1, 1, 1, 1, 1]",64.0,44.8,89.96,31.62,6622682.5
WDS,21.33,8,"[0, 1, 1, 1, 1, 1, 1, 1, 1, 0]",23.02,18.35,24.78,13.89,664113.65
EME,817.44,8,"[0, 1, 1, 1, 1, 1, 1, 1, 1, 0]",841.56,715.62,943.75,465.04,350556.95
ON,117.26,10,"[1, 1, 1, 1, 1, 1, 1, 1, 1, 1]",95.55,65.47,133.93,44.9,11776237.2
GFI,36.62,4,"[0, 0, 0, 0, 1, 1, 1, 0, 1, 0]",43.69,43.19,59.77,22.22,3174108.55
ERIC,12.56,10,"[1, 1, 1, 1, 1, 1, 1, 1, 1, 1]",12.12,10.17,13.74,6.97,10092965.25
KB,107.91,9,"[1, 1, 1, 1, 1, 1, 1, 1, 1, 0]",105.57,93.77,118.21,77.06,207455.8
PUK,25.49,5,"[0, 0, 0, 1, 1, 1, 0, 1, 1, 0]",30.0,29.15,33.17,23.28,1137507.5
IRM,124.66,9,"[1, 1, 1, 1, 1, 1, 1, 1, 1, 0]",119.01,101.0,132.06,78.22,1337991.15
LYV,160.07,6,"[0, 1, 1, 1, 0, 1, 0, 1, 1, 0]",160.74,153.47,174.06,125.61,2402852.3
KGC,26.22,5,"[0, 0, 0, 1, 1, 1, 1, 0, 1, 0]",30.62,28.55,37.97,14.75,7059117.5
JBL,353.24,10,"[1, 1, 1, 1, 1, 1, 1, 1, 1, 1]",329.76,253.17,380.25,175.61,1182312.45
ADM,80.92,10,"[1, 1, 1, 1, 1, 1, 1, 1, 1, 1]",74.94,65.19,84.11,45.97,3580871.45
VOD,14.7,8,"[0, 1, 1, 1, 1, 1, 1, 1, 1, 0]",15.35,13.49,16.32,9.59,3342364.85
BBD,3.36,5,"[0, 0, 0, 1, 1, 1, 0, 1, 1, 0]",3.72,3.51,4.2,2.69,28684729.45
VIK,89.94,10,"[1, 1, 1, 1, 1, 1, 1, 1, 1, 1]",81.85,70.74,92.55,46.56,3972253.8
SATS,116.28,8,"[0, 1, 1, 1, 1, 1, 1, 1, 1, 0]",125.53,99.55,141.8,15.99,6878051.05
ESLT,823.36,9,"[0, 1, 1, 1, 1, 1, 1, 1, 1, 1]",844.88,659.21,1013.23,412.86,127635.6
UMC,19.7,10,"[1, 1, 1, 1, 1, 1, 1, 1, 1, 1]",14.29,9.81,22.89,6.58,17354495.2
ONC,270.1,1,"[0, 0, 0, 0, 0, 0, 0, 0, 1, 0]",301.26,320.34,377.47,240.99,240438.5
LVS,50.25,2,"[0, 0, 0, 0, 1, 0, 0, 0, 1, 0]",52.75,56.5,68.73,39.43,4100870.7
IX,37.88,10,"[1, 1, 1, 1, 1, 1, 1, 1, 1, 1]",34.04,29.9,39.92,21.19,365289.9
CRDO,206.89,10,"[1, 1, 1, 1, 1, 1, 1, 1, 1, 1]",170.54,147.8,236.03,68.53,8209052.85
ALAB,317.06,9,"[1, 1, 1, 1, 0, 1, 1, 1, 1, 1]",212.54,177.77,363.54,85.95,6199517.15
STLD,268.5,10,"[1, 1, 1, 1, 1, 1, 1, 1, 1, 1]",221.74,177.07,276.85,120.2,1072629.85
HAL,39.18,9,"[0, 1, 1, 1, 1, 1, 1, 1, 1, 1]",39.71,31.19,42.8,19.8,10609723.55
HUM,350.08,9,"[1, 1, 1, 1, 0, 1, 1, 1, 1, 1]",248.07,244.4,350.08,162.84,1662545.8
MTZ,363.89,8,"[0, 1, 1, 1, 1, 1, 1, 1, 1, 0]",376.99,265.24,437.51,158.43,1199175.7
UAL,105.73,9,"[1, 1, 1, 0, 1, 1, 1, 1, 1, 1]",96.99,101.8,117.53,73.67,5423417.6
ZM,101.62,9,"[1, 1, 1, 1, 1, 1, 1, 1, 1, 0]",94.82,86.59,111.88,69.77,5337553.55
TS,61.44,10,"[1, 1, 1, 1, 1, 1, 1, 1, 1, 1]",60.14,45.79,64.02,33.04,1678432.5
CASY,761.91,8,"[0, 1, 1, 1, 1, 1, 1, 1, 1, 0]",790.49,634.1,888.36,437.61,518841.0
TECK,61.67,10,"[1, 1, 1, 1, 1, 1, 1, 1, 1, 1]",59.7,49.48,70.56,31.15,3341138.35
SYM,44.02,3,"[0, 0, 0, 0, 1, 0, 1, 0, 1, 0]",53.95,58.26,87.3,27.97,2772004.5
EL,83.49,3,"[1, 0, 0, 0, 1, 0, 0, 0, 1, 0]",78.41,92.63,118.78,66.34,3818423.85
SHG,67.17,9,"[1, 1, 1, 1, 1, 1, 1, 1, 1, 0]",65.32,57.76,71.72,42.54,254188.7
Q,142.05,6,"[1, 1, 0, 1, 0, 0, 1, 1, 1, 0]",141.31,142.05,168.28,73.4,2067188.75
TWLO,225.99,10,"[1, 1, 1, 1, 1, 1, 1, 1, 1, 1]",166.73,131.5,236.64,92.44,3025415.1
RVMD,149.23,10,"[1, 1, 1, 1, 1, 1, 1, 1, 1, 1]",136.08,89.95,163.68,34.7,2701372.7
RDDT,173.45,4,"[1, 0, 0, 0, 0, 0, 1, 0, 1, 1]",154.25,189.84,270.71,115.03,5406896.15
IQV,183.45,4,"[1, 0, 0, 0, 0, 0, 0, 1, 1, 1]",171.64,195.75,244.29,152.32,1664165.85
NTRS,170.47,10,"[1, 1, 1, 1, 1, 1, 1, 1, 1, 1]",159.84,141.15,173.06,105.85,1035514.9
DOV,214.76,8,"[0, 1, 1, 1, 1, 1, 1, 1, 1, 0]",215.11,197.63,232.21,159.95,771271.8
RPRX,55.87,10,"[1, 1, 1, 1, 1, 1, 1, 1, 1, 1]",50.59,42.17,55.87,32.69,4444710.3
ASTS,93.6,9,"[1, 1, 1, 1, 1, 1, 1, 0, 1, 1]",88.42,78.7,133.09,31.19,27486902.25
BIIB,195.34,10,"[1, 1, 1, 1, 1, 1, 1, 1, 1, 1]",187.66,171.98,204.53,122.68,1163400.6
VG,12.8,6,"[0, 1, 1, 1, 0, 0, 1, 0, 1, 1]",13.31,10.87,18.91,5.91,17663666.75
EXPE,228.88,5,"[0, 0, 0, 0, 1, 1, 1, 1, 1, 0]",235.07,238.82,300.02,160.72,1776143.3
CRCL,80.28,3,"[0, 0, 0, 1, 0, 0, 1, 0, 1, 0]",103.53,101.55,263.45,50.23,17526830.35
ARES,125.65,4,"[1, 0, 0, 0, 0, 0, 1, 0, 1, 1]",117.73,141.25,187.77,95.2,2640878.75
FTI,66.82,8,"[0, 1, 1, 1, 1, 1, 1, 1, 1, 0]",71.78,53.92,76.94,32.06,6019206.3
FTAI,234.05,8,"[0, 1, 1, 1, 1, 1, 1, 1, 1, 0]",248.12,215.6,308.99,108.92,1034041.6
AXIA,9.8,5,"[0, 0, 0, 1, 1, 1, 1, 0, 1, 0]",11.66,10.58,13.43,6.29,2079546.45
CNC,62.33,10,"[1, 1, 1, 1, 1, 1, 1, 1, 1, 1]",48.48,40.49,62.7,25.21,4860071.95
NTRA,215.31,8,"[1, 1, 1, 0, 1, 1, 1, 1, 1, 0]",204.33,204.1,254.4,133.66,1683129.95
NVT,162.86,9,"[1, 1, 1, 1, 1, 1, 1, 1, 1, 0]",148.85,116.1,176.39,67.42,1822215.05
MTSI,345.4,10,"[1, 1, 1, 1, 1, 1, 1, 1, 1, 1]",309.13,210.39,409.68,118.35,1727978.15
TPL,389.79,7,"[0, 1, 1, 1, 1, 1, 1, 0, 1, 0]",420.01,367.38,538.97,272.83,437253.2
TPR,140.1,9,"[0, 1, 1, 1, 1, 1, 1, 1, 1, 1]",141.95,127.57,160.06,78.13,2649566.0
CFG,63.98,9,"[1, 1, 1, 1, 1, 1, 1, 1, 1, 0]",62.72,57.35,67.63,39.07,4076241.55
CW,733.14,10,"[1, 1, 1, 1, 1, 1, 1, 1, 1, 1]",719.88,620.33,751.0,451.73,288533.35
DOW,33.97,8,"[0, 1, 1, 1, 1, 1, 1, 1, 1, 0]",37.86,28.64,41.45,19.83,10840313.95
EIX,73.33,10,"[1, 1, 1, 1, 1, 1, 1, 1, 1, 1]",70.73,62.11,75.82,45.61,2710459.15
PKX,61.59,6,"[0, 0, 1, 1, 1, 1, 1, 0, 1, 0]",70.94,59.41,91.72,45.13,354630.35
BAP,322.5,9,"[0, 1, 1, 1, 1, 1, 1, 1, 1, 1]",330.62,300.03,373.52,212.42,538023.4
VRSN,294.92,9,"[1, 1, 1, 1, 0, 1, 1, 1, 1, 1]",278.95,256.97,310.0,210.93,815997.45
HUBB,476.82,6,"[0, 0, 1, 1, 1, 1, 0, 1, 1, 0]",502.07,466.71,556.18,377.47,680115.65
STRL,882.43,10,"[1, 1, 1, 1, 1, 1, 1, 1, 1, 1]",629.64,423.89,993.74,198.37,679133.7
EC,15.15,10,"[1, 1, 1, 1, 1, 1, 1, 1, 1, 1]",13.86,11.04,16.25,7.9,3289848.95
P,72.17,3,"[0, 0, 0, 0, 0, 1, 1, 0, 1, 0]",72.38,75.56,98.7,51.58,4521551.9
AER,136.94,6,"[0, 0, 1, 1, 1, 1, 0, 1, 1, 0]",140.69,135.63,153.99,106.41,1331089.55
PAAS,47.58,5,"[0, 0, 0, 1, 1, 1, 1, 0, 1, 0]",55.35,48.71,68.3,26.86,5033984.45
DG,103.7,2,"[0, 0, 0, 0, 1, 0, 0, 0, 1, 0]",113.84,120.05,155.5,95.08,4585262.45
VIV,12.81,6,"[0, 0, 0, 1, 1, 1, 1, 1, 1, 0]",14.64,13.19,16.42,9.74,1145786.9
SYF,70.84,4,"[0, 0, 0, 0, 1, 1, 0, 1, 1, 0]",72.32,73.76,87.76,58.25,3987282.25
ZS,130.78,1,"[0, 0, 0, 0, 0, 0, 0, 0, 1, 0]",142.84,218.16,336.27,118.05,7319198.1
SQM,75.43,8,"[0, 1, 1, 1, 1, 1, 1, 1, 1, 0]",84.98,66.37,94.63,31.72,1207961.7
BG,126.46,10,"[1, 1, 1, 1, 1, 1, 1, 1, 1, 1]",124.53,104.46,131.41,71.0,1742436.75
FMX,122.88,10,"[1, 1, 1, 1, 1, 1, 1, 1, 1, 1]",117.14,103.04,124.87,82.37,491778.65
MDB,350.74,9,"[1, 1, 1, 0, 1, 1, 1, 1, 1, 1]",284.35,328.6,440.6,201.0,3036761.65
XPO,218.94,10,"[1, 1, 1, 1, 1, 1, 1, 1, 1, 1]",210.14,165.97,228.37,118.47,1692040.35
ALB,155.44,6,"[0, 0, 1, 1, 1, 1, 1, 0, 1, 0]",184.19,142.25,215.62,56.05,2115425.85
UTHR,549.87,8,"[0, 1, 1, 1, 1, 1, 1, 1, 1, 0]",568.59,487.21,596.76,274.7,461713.45
FSLR,279.01,9,"[1, 1, 1, 0, 1, 1, 1, 1, 1, 1]",224.0,230.3,318.25,143.67,3085357.0
TSN,58.73,6,"[0, 0, 1, 1, 1, 1, 0, 1, 1, 0]",63.98,58.43,68.18,49.45,3304836.3
TSEM,235.48,10,"[1, 1, 1, 1, 1, 1, 1, 1, 1, 1]",225.82,134.13,288.53,38.09,2337800.6
RF,28.54,10,"[1, 1, 1, 1, 1, 1, 1, 1, 1, 1]",27.28,26.43,30.37,20.68,11663978.55
KEY,21.76,10,"[1, 1, 1, 1, 1, 1, 1, 1, 1, 1]",21.14,19.64,22.76,15.01,11034001.65
TEAM,99.47,4,"[1, 0, 0, 0, 0, 0, 1, 0, 1, 1]",79.52,123.5,220.89,57.15,6559968.95
LYB,64.5,8,"[0, 1, 1, 1, 1, 1, 1, 1, 1, 0]",72.13,55.52,81.53,40.28,4787976.45
JBHT,284.95,10,"[1, 1, 1, 1, 1, 1, 1, 1, 1, 1]",245.15,196.73,284.95,129.81,984516.4
SBAC,208.02,6,"[1, 1, 1, 1, 0, 0, 0, 1, 1, 0]",206.69,194.47,233.84,164.16,850856.55
WST,314.5,9,"[1, 1, 1, 1, 1, 1, 1, 1, 1, 0]",291.26,267.55,325.92,209.39,723838.05
CPAY,347.45,10,"[1, 1, 1, 1, 1, 1, 1, 1, 1, 1]",324.38,310.93,364.13,255.0,588066.4
ENTG,125.41,8,"[0, 1, 1, 1, 1, 1, 1, 1, 1, 0]",136.8,108.31,156.33,68.7,2995004.75
NMR,8.41,9,"[1, 1, 1, 0, 1, 1, 1, 1, 1, 1]",8.12,7.96,9.54,6.1,1400829.15
IHG,162.15,10,"[1, 1, 1, 1, 1, 1, 1, 1, 1, 1]",145.73,134.05,162.15,109.28,220042.6
FN,621.25,8,"[0, 1, 1, 1, 1, 1, 1, 1, 1, 0]",655.13,498.26,746.47,232.83,971730.0
SBS,5.35,6,"[0, 0, 0, 1, 1, 1, 1, 1, 1, 0]",6.21,5.36,7.08,3.81,5831806.2
WWD,357.74,8,"[0, 1, 1, 1, 1, 1, 1, 1, 1, 0]",366.63,317.38,402.89,228.82,648005.5
SITM,625.68,8,"[1, 1, 1, 1, 1, 1, 1, 0, 1, 0]",583.67,389.82,901.48,190.16,630939.85
INSM,94.22,3,"[0, 0, 0, 0, 1, 0, 1, 0, 1, 0]",130.54,155.28,211.41,70.68,4260670.65
BEKE,16.08,2,"[0, 0, 0, 0, 0, 0, 0, 1, 1, 0]",16.66,17.13,19.99,14.54,5841188.95
AKAM,149.32,10,"[1, 1, 1, 1, 1, 1, 1, 1, 1, 1]",123.26,96.59,161.14,70.53,6892826.05
PFG,105.22,10,"[1, 1, 1, 1, 1, 1, 1, 1, 1, 1]",97.43,87.87,105.22,72.85,1110722.3
RL,366.55,10,"[1, 1, 1, 1, 1, 1, 1, 1, 1, 1]",359.66,343.91,389.52,257.2,830842.7
ATI,177.47,10,"[1, 1, 1, 1, 1, 1, 1, 1, 1, 1]",158.87,121.76,181.1,71.34,1651363.65
MRNA,47.44,8,"[0, 1, 1, 1, 1, 1, 1, 1, 1, 0]",49.77,37.99,57.8,22.36,7723033.3
ILMN,162.32,10,"[1, 1, 1, 1, 1, 1, 1, 1, 1, 1]",137.82,123.89,170.93,82.66,1973639.55
AFRM,63.61,4,"[1, 1, 0, 0, 0, 0, 1, 0, 1, 0]",61.37,67.15,92.18,42.53,5390576.3
CRS,483.6,10,"[1, 1, 1, 1, 1, 1, 1, 1, 1, 1]",432.03,342.53,492.62,231.97,589196.95
SMCI,41.64,6,"[1, 1, 1, 0, 0, 0, 1, 0, 1, 1]",30.95,36.02,60.71,20.53,42446035.3
MKSI,301.65,10,"[1, 1, 1, 1, 1, 1, 1, 1, 1, 1]",285.18,199.44,335.15,88.17,1122509.0
IFF,73.01,7,"[0, 1, 1, 1, 1, 1, 0, 1, 1, 0]",73.59,68.94,82.93,58.84,2137976.65
EXPD,160.44,10,"[1, 1, 1, 1, 1, 1, 1, 1, 1, 1]",150.27,141.49,164.19,110.22,1097168.5
ROIV,28.58,9,"[0, 1, 1, 1, 1, 1, 1, 1, 1, 1]",28.71,22.75,32.41,10.74,6776529.3
DD,46.85,8,"[0, 1, 1, 1, 1, 1, 1, 1, 1, 0]",47.19,41.3,51.12,27.19,3702756.25
IREN,54.35,8,"[1, 1, 1, 1, 1, 1, 1, 0, 1, 0]",49.89,46.77,76.41,9.75,58485075.55
RGLD,206.07,5,"[0, 0, 0, 1, 1, 1, 1, 0, 1, 0]",240.9,226.25,303.74,150.48,637351.9
FUTU,92.33,1,"[0, 0, 0, 0, 0, 0, 0, 0, 1, 0]",138.14,158.55,195.9,89.76,7597941.45
ULS,96.81,9,"[1, 1, 1, 1, 1, 1, 1, 1, 1, 0]",93.15,80.73,104.74,62.21,661212.75
CHRW,184.09,10,"[1, 1, 1, 1, 1, 1, 1, 1, 1, 1]",173.89,160.27,199.91,91.5,1767444.9
LUV,41.54,9,"[1, 1, 1, 0, 1, 1, 1, 1, 1, 1]",39.9,38.64,54.56,28.65,5981156.45
DKS,214.83,6,"[0, 1, 1, 1, 0, 1, 0, 1, 1, 0]",216.45,212.66,233.13,170.53,1353700.25
VTRS,15.88,9,"[1, 1, 1, 1, 1, 1, 1, 1, 1, 0]",15.07,12.52,17.26,8.38,10954537.15
RCI,37.63,9,"[1, 1, 1, 0, 1, 1, 1, 1, 1, 1]",36.06,36.75,40.6,25.74,1110903.85
FFIV,393.35,9,"[1, 1, 1, 1, 0, 1, 1, 1, 1, 1]",337.52,295.88,409.13,223.99,729828.35
CX,12.47,9,"[1, 1, 1, 1, 1, 1, 1, 1, 1, 0]",12.31,11.12,13.55,6.69,4539806.55
INCY,102.38,9,"[1, 1, 1, 0, 1, 1, 1, 1, 1, 1]",96.51,96.0,110.57,67.26,1502798.75
KEP,12.39,2,"[0, 0, 0, 0, 1, 0, 0, 0, 1, 0]",14.29,16.08,23.26,10.22,1189783.95
APG,41.98,8,"[0, 1, 1, 1, 1, 1, 1, 1, 1, 0]",43.91,40.03,49.4,31.77,2461008.8
SNX,268.8,10,"[1, 1, 1, 1, 1, 1, 1, 1, 1, 1]",222.65,170.92,279.33,121.93,744685.6
CDE,16.37,4,"[0, 0, 0, 0, 1, 1, 1, 0, 1, 0]",18.59,18.69,27.12,8.67,21080370.45
RBC,590.09,9,"[1, 1, 1, 1, 1, 1, 1, 1, 1, 0]",582.11,488.24,623.19,367.05,285817.05
BURL,317.05,9,"[0, 1, 1, 1, 1, 1, 1, 1, 1, 1]",319.89,293.76,347.82,222.85,1127178.95
ROKU,122.26,9,"[1, 1, 1, 1, 1, 1, 1, 1, 1, 0]",115.84,103.39,131.91,74.41,1969788.3
AMKR,64.95,6,"[0, 1, 1, 1, 1, 1, 0, 0, 1, 0]",65.58,45.18,,,4890406.55
RS,394.41,10,"[1, 1, 1, 1, 1, 1, 1, 1, 1, 1]",348.99,308.08,396.46,262.77,307508.25
BWXT,185.95,6,"[0, 0, 0, 1, 1, 1, 1, 1, 1, 0]",210.94,194.8,238.1,129.0,983515.45
ZTO,22.28,7,"[0, 0, 1, 1, 1, 1, 1, 1, 1, 0]",24.3,21.56,25.88,16.79,1983426.7
NXT,131.57,10,"[1, 1, 1, 1, 1, 1, 1, 1, 1, 1]",124.16,101.51,156.4,53.8,2811251.4
ITT,191.45,6,"[0, 0, 1, 1, 1, 1, 0, 1, 1, 0]",203.83,187.56,221.69,148.92,666229.55
FTV,61.28,10,"[1, 1, 1, 1, 1, 1, 1, 1, 1, 1]",59.28,54.38,62.01,46.39,3218574.35
IONQ,56.78,8,"[1, 1, 1, 1, 0, 1, 1, 0, 1, 1]",47.15,48.5,82.09,26.59,34211916.0
AGI,35.52,5,"[0, 0, 0, 1, 1, 1, 1, 0, 1, 0]",42.8,39.02,55.29,24.28,2771024.55
BCH,36.48,8,"[0, 0, 1, 1, 1, 1, 1, 1, 1, 1]",37.5,35.25,43.7,25.75,324745.8
YPF,53.5,10,"[1, 1, 1, 1, 1, 1, 1, 1, 1, 1]",45.72,36.78,55.31,23.57,2270247.3
CF,113.49,8,"[0, 1, 1, 1, 1, 1, 1, 1, 1, 0]",122.55,97.21,137.04,75.38,2754183.75
MGA,66.09,10,"[1, 1, 1, 1, 1, 1, 1, 1, 1, 1]",60.6,53.25,68.15,35.66,1134746.3
TLN,364.74,5,"[1, 1, 0, 0, 0, 0, 1, 1, 1, 0]",354.97,371.64,445.84,255.1,774274.3
LSCC,135.57,10,"[1, 1, 1, 1, 1, 1, 1, 1, 1, 1]",121.04,88.38,154.6,47.85,2302210.2
WMG,29.93,7,"[1, 1, 1, 1, 0, 1, 0, 1, 1, 0]",29.75,29.91,34.56,23.52,3171194.0
CIB,70.88,10,"[1, 1, 1, 1, 1, 1, 1, 1, 1, 1]",69.91,64.26,83.05,41.25,407413.3
WCC,354.31,10,"[1, 1, 1, 1, 1, 1, 1, 1, 1, 1]",329.5,272.0,374.52,170.51,548125.25
JBS,12.24,4,"[0, 0, 0, 1, 1, 1, 0, 0, 1, 0]",14.74,13.93,17.05,11.6,10198521.4
WSO,371.38,3,"[0, 0, 0, 1, 0, 0, 0, 1, 1, 0]",399.87,378.8,478.22,318.41,349581.55
DOCN,169.87,10,"[1, 1, 1, 1, 1, 1, 1, 1, 1, 1]",121.84,67.07,180.5,25.74,3172821.6
EWBC,125.94,10,"[1, 1, 1, 1, 1, 1, 1, 1, 1, 1]",118.97,110.38,125.94,89.22,779801.8
AA,71.89,10,"[1, 1, 1, 1, 1, 1, 1, 1, 1, 1]",68.36,52.17,83.79,27.6,4595529.1
PR,19.17,8,"[0, 1, 1, 1, 1, 1, 1, 1, 1, 0]",20.57,16.1,22.52,11.86,9835246.6
NVMI,475.76,8,"[0, 1, 1, 1, 1, 1, 1, 1, 1, 0]",498.58,393.93,556.11,217.0,443589.75
RTO,29.7,7,"[0, 0, 1, 1, 1, 1, 1, 1, 1, 0]",32.34,29.29,34.52,22.29,915554.85
OWL,9.8,2,"[1, 0, 0, 0, 0, 0, 0, 0, 1, 0]",9.41,13.0,19.42,8.04,23449015.8
OVV,56.7,8,"[0, 1, 1, 1, 1, 1, 1, 1, 1, 0]",58.17,46.17,63.08,35.51,3613997.45
TTMI,167.62,10,"[1, 1, 1, 1, 1, 1, 1, 1, 1, 1]",144.53,91.25,196.95,33.22,2641502.75
BEN,31.33,10,"[1, 1, 1, 1, 1, 1, 1, 1, 1, 1]",28.51,24.97,32.35,20.59,3949404.1
IEX,215.35,10,"[1, 1, 1, 1, 1, 1, 1, 1, 1, 1]",205.5,185.2,217.42,155.73,646473.65
LAMR,151.42,10,"[1, 1, 1, 1, 1, 1, 1, 1, 1, 1]",140.45,128.82,157.93,110.62,664961.65
VNOM,45.46,8,"[0, 1, 1, 1, 1, 1, 1, 1, 1, 0]",46.62,40.6,50.23,34.57,1515897.25
GNRC,261.54,9,"[1, 1, 1, 1, 1, 1, 1, 1, 1, 0]",238.57,192.26,285.31,124.01,805108.9
NDSN,282.73,9,"[1, 1, 1, 1, 1, 1, 1, 1, 1, 0]",278.95,255.27,298.37,207.12,421922.45
SN,119.82,9,"[1, 1, 1, 1, 1, 0, 1, 1, 1, 1]",112.94,109.96,131.45,82.13,2763197.2
H,193.06,10,"[1, 1, 1, 1, 1, 1, 1, 1, 1, 1]",165.45,156.35,193.06,130.07,854174.1
BALL,52.92,5,"[0, 0, 0, 1, 1, 1, 0, 1, 1, 0]",58.76,54.82,67.31,45.92,2745763.65
MLI,132.8,9,"[1, 1, 1, 1, 1, 1, 1, 1, 1, 0]",128.45,114.73,140.83,72.04,566004.75
LOGI,112.93,9,"[1, 1, 1, 1, 0, 1, 1, 1, 1, 1]",102.09,103.13,126.69,82.47,1281567.45
CLH,283.03,9,"[0, 1, 1, 1, 1, 1, 1, 1, 1, 1]",295.77,259.25,313.7,201.73,544069.1
GMAB,25.15,3,"[0, 0, 0, 0, 1, 1, 0, 0, 1, 0]",26.89,29.26,35.34,20.3,2334190.6
PAA,22.6,10,"[1, 1, 1, 1, 1, 1, 1, 1, 1, 1]",22.11,18.7,24.15,14.89,2587641.25
NBIX,163.88,9,"[1, 1, 1, 1, 0, 1, 1, 1, 1, 1]",142.29,140.23,167.35,123.1,1239997.9
HST,24.62,10,"[1, 1, 1, 1, 1, 1, 1, 1, 1, 1]",21.3,18.47,24.62,14.42,8320422.2
JLL,295.71,4,"[0, 0, 0, 0, 1, 1, 0, 1, 1, 0]",312.66,315.53,358.66,230.06,383292.05
ASND,210.45,5,"[0, 0, 0, 1, 1, 1, 0, 1, 1, 0]",232.63,216.67,249.84,163.32,556322.55
LECO,262.13,9,"[1, 1, 1, 1, 1, 1, 1, 1, 1, 0]",258.98,250.9,297.91,197.61,288795.5
OKTA,118.72,8,"[1, 1, 1, 0, 0, 1, 1, 1, 1, 1]",84.45,86.09,139.79,62.93,4878302.25
HTHT,45.0,6,"[0, 0, 0, 1, 1, 1, 1, 1, 1, 0]",48.54,45.03,54.63,29.07,2619408.85
DTM,142.5,9,"[1, 1, 1, 1, 1, 1, 1, 1, 1, 0]",140.14,123.39,151.12,97.12,619411.05
MOD,276.51,10,"[1, 1, 1, 1, 1, 1, 1, 1, 1, 1]",255.38,185.38,306.89,90.02,1403223.25
RRX,204.4,9,"[1, 1, 1, 1, 1, 1, 1, 1, 1, 0]",203.6,170.04,231.37,128.18,958283.3
BSAC,30.02,7,"[0, 0, 1, 1, 1, 1, 1, 1, 1, 0]",31.57,29.47,35.69,21.8,443037.4
JAZZ,238.57,10,"[1, 1, 1, 1, 1, 1, 1, 1, 1, 1]",212.78,170.31,240.06,105.93,916383.05
ONTO,253.24,8,"[0, 1, 1, 1, 1, 1, 1, 1, 1, 0]",264.41,186.56,307.86,90.0,1269035.1
OHI,44.47,7,"[0, 0, 1, 1, 1, 1, 1, 1, 1, 0]",45.93,43.41,48.99,33.89,2314300.2
SMMT,14.77,2,"[0, 0, 0, 1, 0, 0, 0, 0, 1, 0]",18.9,18.48,29.32,13.85,5202274.8
RMBS,145.31,10,"[1, 1, 1, 1, 1, 1, 1, 1, 1, 1]",124.93,103.97,170.66,57.43,2255058.1
AUR,6.31,8,"[1, 1, 1, 1, 0, 1, 1, 1, 1, 0]",5.9,5.04,8.4,3.77,32267835.1
NIO,5.36,4,"[0, 0, 0, 1, 0, 1, 1, 0, 1, 0]",6.05,5.87,7.89,3.41,44274279.9
HAS,84.18,6,"[0, 0, 0, 1, 1, 1, 1, 1, 1, 0]",91.29,84.81,104.36,64.16,2246511.9
LTM,48.32,4,"[0, 0, 0, 0, 1, 1, 1, 0, 1, 0]",50.15,50.82,68.29,37.17,828338.15
SUN,66.25,8,"[0, 1, 1, 1, 1, 1, 1, 1, 1, 0]",66.38,56.73,72.2,46.14,563223.6
QXO,15.76,2,"[0, 0, 0, 0, 1, 0, 0, 0, 1, 0]",19.22,20.5,27.07,15.76,16278794.85
AEIS,294.81,8,"[0, 1, 1, 1, 1, 1, 1, 1, 1, 0]",345.94,256.67,388.93,121.35,1031079.1
ALLY,42.77,8,"[1, 1, 1, 1, 1, 1, 0, 1, 1, 0]",42.32,41.1,46.41,34.97,3072031.4
PL,32.22,7,"[0, 1, 1, 1, 1, 1, 1, 0, 1, 0]",38.69,22.78,51.4,5.03,13251868.6
EVR,339.43,10,"[1, 1, 1, 1, 1, 1, 1, 1, 1, 1]",332.74,326.88,381.16,237.64,411898.15
SKM,37.44,10,"[1, 1, 1, 1, 1, 1, 1, 1, 1, 1]",36.75,26.75,46.0,19.68,3091710.15
TIGO,82.66,10,"[1, 1, 1, 1, 1, 1, 1, 1, 1, 1]",81.73,60.32,88.88,32.46,2303371.3
SANM,252.08,10,"[1, 1, 1, 1, 1, 1, 1, 1, 1, 1]",202.95,157.13,282.72,86.33,841491.7
IESC,720.72,10,"[1, 1, 1, 1, 1, 1, 1, 1, 1, 1]",606.11,463.71,742.09,261.89,195420.95
BBIO,67.61,7,"[0, 0, 1, 0, 1, 1, 1, 1, 1, 1]",70.6,66.77,79.91,38.62,3144055.25
TOL,137.91,6,"[0, 0, 0, 0, 1, 1, 1, 1, 1, 1]",138.13,140.0,165.81,104.05,1120575.55
DINO,71.39,10,"[1, 1, 1, 1, 1, 1, 1, 1, 1, 1]",65.4,54.79,73.99,35.37,2172511.4
NYT,76.88,8,"[0, 1, 1, 1, 1, 1, 1, 1, 1, 0]",79.05,69.28,85.86,50.99,1618282.25
DY,466.28,10,"[1, 1, 1, 1, 1, 1, 1, 1, 1, 1]",417.52,351.27,535.2,231.83,541975.75
RBRK,73.41,6,"[1, 1, 1, 0, 0, 0, 1, 0, 1, 1]",58.69,67.97,98.5,43.81,4311724.95
DVA,192.16,9,"[1, 1, 1, 1, 1, 1, 1, 1, 1, 0]",170.76,139.34,200.54,103.87,866437.55
GH,125.61,9,"[1, 1, 1, 0, 1, 1, 1, 1, 1, 1]",98.71,90.92,133.22,40.98,2566165.8
PEN,320.53,8,"[0, 1, 1, 1, 1, 1, 1, 1, 1, 0]",326.65,305.04,359.4,225.54,419184.55
BMNR,15.9,2,"[0, 0, 0, 0, 0, 0, 1, 0, 1, 0]",20.58,32.17,134.96,4.26,37017036.0
SWK,78.48,7,"[1, 1, 1, 0, 1, 1, 0, 1, 1, 0]",75.25,74.56,90.95,60.73,1463240.7
ENLT,90.98,10,"[1, 1, 1, 1, 1, 1, 1, 1, 1, 1]",85.82,55.69,107.42,18.69,233917.65
OKLO,58.09,1,"[0, 0, 0, 0, 0, 0, 0, 0, 1, 0]",63.35,85.66,174.14,45.58,15539428.5
BWA,72.63,10,"[1, 1, 1, 1, 1, 1, 1, 1, 1, 1]",59.95,50.07,77.03,31.87,4027965.15
APA,36.57,9,"[0, 1, 1, 1, 1, 1, 1, 1, 1, 1]",38.82,28.85,44.09,17.09,5638407.1
IONS,74.48,6,"[0, 0, 1, 0, 1, 1, 1, 1, 1, 0]",74.96,73.67,86.5,35.24,1673349.5
HL,14.78,4,"[0, 0, 0, 0, 1, 1, 1, 0, 1, 0]",18.27,17.41,31.8,5.58,16282731.2
HII,293.04,4,"[0, 0, 0, 0, 1, 1, 1, 0, 1, 0]",350.94,342.49,451.78,219.59,530705.0
SOLS,81.02,6,"[0, 1, 0, 1, 0, 0, 1, 1, 1, 1]",81.34,81.02,88.49,41.35,2033544.95
FIVE,190.46,7,"[0, 0, 1, 1, 1, 1, 1, 1, 1, 0]",224.14,188.94,247.71,121.83,1506290.8
U,29.17,4,"[1, 0, 0, 0, 0, 0, 1, 0, 1, 1]",25.73,33.67,49.47,17.13,10348933.95
IVZ,27.35,10,"[1, 1, 1, 1, 1, 1, 1, 1, 1, 1]",25.8,24.65,28.98,13.9,4789838.4
NTNX,53.64,6,"[1, 1, 1, 0, 0, 0, 1, 0, 1, 1]",43.44,53.14,81.12,34.41,4809513.9
MEDP,454.25,4,"[0, 0, 0, 0, 1, 0, 1, 0, 1, 1]",454.79,512.64,620.59,296.5,303755.15
EXEL,52.7,10,"[1, 1, 1, 1, 1, 1, 1, 1, 1, 1]",46.83,42.83,52.7,34.54,2571573.6
ALGN,167.74,8,"[0, 1, 1, 1, 1, 1, 1, 1, 1, 0]",172.96,158.66,207.19,124.88,1005718.7
BLD,401.82,4,"[0, 0, 0, 0, 1, 1, 1, 0, 1, 0]",409.12,429.44,550.9,294.06,738688.15
WLK,84.64,5,"[0, 0, 0, 1, 1, 1, 1, 0, 1, 0]",103.72,87.38,122.65,55.28,1040143.6
SAIA,466.51,10,"[1, 1, 1, 1, 1, 1, 1, 1, 1, 1]",428.26,352.39,482.22,250.48,346527.0
MP,59.18,3,"[0, 0, 0, 1, 0, 0, 1, 0, 1, 0]",61.14,62.74,98.65,25.64,7131292.2
VIAV,47.56,9,"[1, 1, 1, 1, 1, 1, 1, 1, 1, 0]",46.27,25.84,55.33,9.18,6558581.75
AAOI,177.0,10,"[1, 1, 1, 1, 1, 1, 1, 1, 1, 1]",156.74,70.13,223.1,15.47,13057891.2
PINS,21.42,3,"[1, 0, 0, 0, 0, 0, 1, 0, 1, 0]",19.71,25.31,39.17,15.42,19658309.7
AIZ,257.35,10,"[1, 1, 1, 1, 1, 1, 1, 1, 1, 1]",235.82,225.68,258.17,182.42,440427.95
WBS,72.27,9,"[1, 1, 1, 1, 1, 1, 1, 1, 1, 0]",71.52,64.67,73.42,49.51,3220840.15
ELAN,23.63,8,"[1, 1, 1, 0, 1, 1, 1, 1, 1, 0]",22.88,22.35,26.84,13.33,7244808.95
GLXY,25.14,4,"[0, 0, 0, 1, 0, 1, 1, 0, 1, 0]",25.98,27.39,42.86,16.84,5202400.3
APLD,39.62,9,"[1, 1, 1, 1, 1, 1, 1, 1, 1, 0]",36.16,29.99,49.65,9.18,21116444.4
MDGL,486.98,6,"[0, 0, 0, 1, 1, 1, 1, 1, 1, 0]",516.26,490.44,602.83,277.64,282904.6
VICR,271.04,10,"[1, 1, 1, 1, 1, 1, 1, 1, 1, 1]",247.59,143.84,345.84,43.65,911346.65
COKE,179.91,9,"[0, 1, 1, 1, 1, 1, 1, 1, 1, 1]",186.49,160.04,216.63,104.97,651456.8
LFUS,457.34,10,"[1, 1, 1, 1, 1, 1, 1, 1, 1, 1]",414.14,314.19,487.9,213.69,370697.5
FORM,116.7,8,"[0, 1, 1, 1, 1, 1, 1, 1, 1, 0]",127.51,76.9,155.08,27.62,1990565.8
AAON,132.62,10,"[1, 1, 1, 1, 1, 1, 1, 1, 1, 1]",110.11,95.4,148.25,71.53,1182285.8
TFII,159.5,10,"[1, 1, 1, 1, 1, 1, 1, 1, 1, 1]",135.38,108.8,160.31,80.35,316258.1
AIT,315.29,10,"[1, 1, 1, 1, 1, 1, 1, 1, 1, 1]",295.89,271.08,315.29,223.04,199934.85
SMTC,151.02,10,"[1, 1, 1, 1, 1, 1, 1, 1, 1, 1]",116.52,84.08,169.35,37.85,3891923.3
WULF,24.0,9,"[1, 1, 1, 1, 1, 1, 1, 1, 1, 0]",21.18,15.3,26.74,3.57,26490603.1
POWL,284.87,9,"[1, 1, 1, 1, 1, 1, 1, 1, 1, 0]",257.14,160.02,321.94,58.31,593676.55
TIMB,21.57,5,"[0, 0, 0, 1, 1, 1, 0, 1, 1, 0]",24.69,23.13,27.96,17.55,353382.15
AXSM,232.32,10,"[1, 1, 1, 1, 1, 1, 1, 1, 1, 1]",203.18,162.3,235.97,100.39,646461.95
WMS,130.15,3,"[0, 0, 0, 0, 1, 1, 0, 0, 1, 0]",142.06,146.74,174.94,110.35,996521.25
HMY,15.71,3,"[0, 0, 0, 0, 1, 1, 0, 0, 1, 0]",16.58,17.86,25.55,12.37,4413442.05
HUT,112.24,10,"[1, 1, 1, 1, 1, 1, 1, 1, 1, 1]",86.16,55.61,133.02,15.89,4560841.5
IAG,15.42,5,"[0, 0, 0, 1, 1, 1, 1, 0, 1, 0]",17.87,16.18,24.57,6.74,5168146.65
CGNX,60.82,9,"[1, 1, 1, 1, 1, 1, 1, 1, 1, 0]",58.23,47.15,68.33,29.41,2304309.3
KTOS,58.52,3,"[0, 0, 0, 0, 0, 0, 1, 0, 1, 1]",63.69,80.47,130.72,39.3,5150523.25
JEF,55.69,7,"[1, 1, 1, 0, 0, 0, 1, 1, 1, 1]",48.37,54.2,68.8,35.74,1760699.85
AG,16.99,5,"[0, 0, 0, 1, 1, 1, 1, 0, 1, 0]",20.65,17.68,31.98,7.82,13435055.55
EMBJ,56.68,3,"[0, 0, 0, 0, 1, 1, 0, 0, 1, 0]",61.46,63.6,79.88,46.5,2000894.1
ESI,39.84,9,"[1, 1, 1, 1, 1, 1, 1, 1, 1, 0]",39.73,30.76,44.98,20.79,2919120.3
JOBY,9.55,1,"[0, 0, 0, 0, 0, 0, 0, 0, 1, 0]",9.66,12.72,20.39,7.94,30664122.0
MUSA,546.51,9,"[1, 1, 1, 1, 1, 1, 1, 1, 1, 0]",533.01,431.56,603.83,355.19,288125.9
BTSG,57.4,10,"[1, 1, 1, 1, 1, 1, 1, 1, 1, 1]",51.34,38.77,61.68,19.36,2962390.1
GSAT,81.49,10,"[1, 1, 1, 1, 1, 1, 1, 1, 1, 1]",79.07,59.4,84.43,19.9,1246304.1
GMED,80.0,5,"[0, 0, 0, 0, 1, 1, 1, 1, 1, 0]",86.45,80.1,96.82,51.89,2090631.6
BEP,36.52,10,"[1, 1, 1, 1, 1, 1, 1, 1, 1, 1]",34.04,29.39,37.09,23.42,825108.75
KNX,78.57,10,"[1, 1, 1, 1, 1, 1, 1, 1, 1, 1]",65.58,53.68,78.57,38.68,4534629.7
ALSN,115.75,8,"[0, 1, 1, 1, 1, 1, 1, 1, 1, 0]",121.7,103.13,135.66,78.62,987180.35
SNAP,5.76,3,"[1, 0, 0, 0, 0, 0, 1, 0, 1, 0]",5.54,6.73,10.35,3.93,40503716.8
ARWR,73.09,9,"[1, 1, 1, 1, 1, 1, 1, 1, 1, 0]",71.46,55.68,79.69,14.71,1695358.15
WTFC,152.9,10,"[1, 1, 1, 1, 1, 1, 1, 1, 1, 1]",146.68,139.51,160.74,115.5,408789.5
AES,14.67,10,"[1, 1, 1, 1, 1, 1, 1, 1, 1, 1]",14.36,14.0,17.07,9.65,10055020.75
SPXC,227.8,9,"[1, 1, 1, 0, 1, 1, 1, 1, 1, 1]",211.61,206.92,243.04,154.42,600545.15
VFS,3.21,4,"[0, 0, 0, 1, 1, 1, 0, 0, 1, 0]",3.95,3.46,4.76,2.81,547260.35
AHR,47.48,7,"[0, 0, 1, 1, 1, 1, 1, 1, 1, 0]",49.27,47.15,52.91,34.38,2700570.95
DAR,59.45,8,"[0, 1, 1, 1, 1, 1, 1, 1, 1, 0]",61.21,44.64,64.84,29.74,2198356.65
FCFS,225.44,10,"[1, 1, 1, 1, 1, 1, 1, 1, 1, 1]",213.56,176.02,232.57,118.91,332866.15
UMBF,129.92,9,"[1, 1, 1, 1, 1, 1, 1, 1, 1, 0]",124.52,118.9,134.39,97.66,594588.15
ARW,219.09,10,"[1, 1, 1, 1, 1, 1, 1, 1, 1, 1]",187.19,140.24,229.35,101.87,782169.65
MOG-A,368.25,10,"[1, 1, 1, 1, 1, 1, 1, 1, 1, 1]",316.97,265.39,373.94,173.2,289518.6
HBM,25.66,10,"[1, 1, 1, 1, 1, 1, 1, 1, 1, 1]",24.62,20.19,31.87,9.06,6298375.3
GTLS,207.31,8,"[0, 1, 1, 1, 1, 1, 1, 1, 1, 0]",207.63,204.66,208.4,142.58,1164374.8
MGM,47.51,10,"[1, 1, 1, 1, 1, 1, 1, 1, 1, 1]",39.22,36.08,50.69,30.72,6480203.6
VMI,533.8,10,"[1, 1, 1, 1, 1, 1, 1, 1, 1, 1]",476.87,428.11,547.14,316.26,213256.55
ABVX,101.53,4,"[0, 0, 0, 0, 1, 1, 1, 0, 1, 0]",116.7,110.03,145.31,5.97,2765763.45
CTRE,37.97,8,"[0, 1, 1, 1, 1, 1, 1, 1, 1, 0]",39.42,36.8,42.44,26.98,2506989.3
MOH,190.86,7,"[1, 1, 1, 1, 0, 1, 1, 0, 1, 0]",169.78,166.99,306.29,122.65,920533.95
BPOP,153.07,10,"[1, 1, 1, 1, 1, 1, 1, 1, 1, 1]",145.38,129.23,153.07,100.81,432809.85
SNEX,115.54,9,"[1, 1, 1, 1, 1, 1, 1, 1, 1, 0]",104.19,77.19,121.92,54.63,604644.05
CYTK,71.48,9,"[1, 1, 1, 1, 1, 1, 1, 1, 1, 0]",69.69,62.23,78.77,32.3,2205362.0
VSAT,67.18,10,"[1, 1, 1, 1, 1, 1, 1, 1, 1, 1]",64.39,44.54,86.69,9.21,2606340.2
ICLR,149.45,5,"[1, 1, 0, 0, 0, 0, 1, 0, 1, 1]",117.38,150.99,202.92,80.08,1132747.1
AGX,694.72,10,"[1, 1, 1, 1, 1, 1, 1, 1, 1, 1]",639.66,409.75,740.91,201.37,325399.65
CAMT,164.21,8,"[0, 1, 1, 1, 1, 1, 1, 1, 1, 0]",175.84,136.04,207.46,70.33,590530.85
SBSW,10.12,4,"[0, 0, 0, 0, 1, 1, 1, 0, 1, 0]",12.36,12.52,20.52,6.55,4554814.2
MASI,178.82,10,"[1, 1, 1, 1, 1, 1, 1, 1, 1, 1]",178.43,155.55,178.9,127.4,862885.05
ELPC,11.21,8,"[0, 1, 1, 1, 1, 1, 1, 1, 1, 0]",12.29,10.26,13.39,7.32,336537.05
TTC,87.21,7,"[0, 0, 1, 1, 1, 1, 1, 1, 1, 0]",93.0,84.77,101.33,66.03,973104.0
R,265.22,10,"[1, 1, 1, 1, 1, 1, 1, 1, 1, 1]",232.18,198.89,265.22,144.59,372722.2
CAVA,72.6,6,"[0, 1, 1, 1, 1, 0, 1, 0, 1, 0]",83.57,68.83,97.39,43.59,3557152.6
PRAX,254.0,6,"[0, 0, 1, 1, 1, 1, 1, 0, 1, 0]",324.53,235.73,357.13,37.71,473505.4
ZION,63.23,10,"[1, 1, 1, 1, 1, 1, 1, 1, 1, 1]",60.9,57.07,64.33,45.8,1339151.8
SIRI,27.01,10,"[1, 1, 1, 1, 1, 1, 1, 1, 1, 1]",26.04,22.46,29.87,19.47,4302869.2
RIOT,24.66,9,"[1, 1, 1, 1, 0, 1, 1, 1, 1, 1]",20.29,17.22,28.25,9.27,16251296.4
FLS,73.5,8,"[0, 0, 1, 1, 1, 1, 1, 1, 1, 1]",75.43,69.83,91.76,45.36,2210939.55
ALGM,46.39,9,"[1, 1, 1, 1, 1, 1, 1, 1, 1, 0]",42.72,33.84,53.62,22.8,2499344.5
GDS,34.0,5,"[0, 0, 0, 1, 1, 1, 1, 0, 1, 0]",40.81,38.8,47.52,25.28,2964213.75
KRYS,301.0,10,"[1, 1, 1, 1, 1, 1, 1, 1, 1, 1]",282.24,236.34,316.3,130.02,266194.1
EGO,29.59,4,"[0, 0, 0, 0, 1, 1, 1, 0, 1, 0]",32.95,33.31,49.52,19.67,2519837.05
GGB,4.59,9,"[1, 1, 1, 1, 1, 1, 1, 1, 1, 0]",4.37,3.75,4.89,2.78,18313276.3
MXL,80.92,9,"[1, 1, 1, 1, 1, 1, 1, 1, 1, 0]",60.42,27.79,102.27,11.67,5302694.25
IBRX,6.92,7,"[0, 1, 1, 1, 1, 1, 1, 0, 1, 0]",7.56,4.92,11.55,1.98,14768235.4
AAL,13.5,9,"[1, 1, 1, 0, 1, 1, 1, 1, 1, 1]",12.34,13.07,16.26,10.18,70059580.9
DDS,606.27,8,"[1, 0, 1, 0, 1, 1, 1, 1, 1, 1]",576.84,597.48,699.91,381.33,138070.5
FRO,35.17,8,"[0, 1, 1, 1, 1, 1, 1, 1, 1, 0]",36.04,27.81,39.51,15.91,2972150.95
CRUS,164.4,9,"[1, 1, 1, 1, 1, 1, 1, 1, 1, 0]",163.6,135.65,178.9,97.25,562866.05
BVN,30.26,6,"[0, 0, 1, 1, 1, 1, 1, 0, 1, 0]",34.28,29.25,42.44,15.55,1097167.45
W,68.35,4,"[0, 0, 0, 0, 1, 0, 1, 0, 1, 1]",70.39,86.58,119.05,45.28,4307465.9
LUMN,8.91,10,"[1, 1, 1, 1, 1, 1, 1, 1, 1, 1]",8.77,7.78,11.83,3.7,14795256.55
LLYVK,93.35,6,"[0, 1, 1, 1, 0, 1, 0, 1, 1, 0]",96.15,91.25,101.9,73.24,381567.75
LLYVA,90.61,6,"[0, 1, 1, 1, 0, 1, 0, 1, 1, 0]",93.65,88.79,98.96,72.28,394686.5
LEVI,22.53,8,"[1, 1, 1, 1, 0, 1, 1, 1, 1, 0]",21.74,21.24,24.19,16.29,2568084.2
COLB,29.66,10,"[1, 1, 1, 1, 1, 1, 1, 1, 1, 1]",28.74,27.34,31.63,20.89,2858198.5
OSK,130.53,2,"[0, 0, 0, 0, 1, 0, 0, 0, 1, 0]",140.62,139.86,177.15,107.0,944279.4
MTCH,34.42,6,"[0, 1, 1, 1, 0, 1, 0, 1, 1, 0]",34.94,33.28,38.67,28.72,3038298.8
FR,61.58,9,"[1, 1, 1, 1, 1, 1, 1, 1, 1, 0]",61.3,57.04,64.4,46.4,907611.5
CRL,181.34,7,"[1, 1, 1, 0, 1, 1, 0, 1, 1, 0]",171.35,176.89,226.77,144.7,933125.35
FROG,84.0,10,"[1, 1, 1, 1, 1, 1, 1, 1, 1, 1]",57.97,53.85,88.31,34.75,2921096.2
ZWS,47.37,7,"[0, 0, 1, 1, 1, 1, 1, 1, 1, 0]",48.36,47.32,52.67,34.9,858546.3
SIMO,258.7,10,"[1, 1, 1, 1, 1, 1, 1, 1, 1, 1]",200.07,126.05,306.57,65.75,1177732.7
ENS,227.08,10,"[1, 1, 1, 1, 1, 1, 1, 1, 1, 1]",210.54,158.7,243.34,82.33,495682.1
PRMB,22.95,7,"[1, 1, 1, 1, 0, 0, 1, 0, 1, 1]",21.17,19.99,30.82,14.21,3946122.9
EMN,71.84,8,"[0, 1, 1, 1, 1, 1, 1, 1, 1, 0]",73.64,67.34,80.39,54.98,1107709.55
CIFR,22.45,10,"[1, 1, 1, 1, 1, 1, 1, 1, 1, 1]",19.1,16.4,26.29,3.53,25382454.05
QBTS,23.85,7,"[1, 1, 1, 0, 0, 1, 1, 0, 1, 1]",20.66,23.47,44.78,12.98,45106699.35
ECG,150.29,9,"[1, 1, 1, 1, 1, 1, 1, 1, 1, 0]",141.45,104.66,169.16,59.18,576066.85
NUVL,90.95,5,"[0, 0, 0, 1, 1, 1, 0, 1, 1, 0]",102.45,97.68,111.99,72.16,808816.3
FIGR,28.49,2,"[0, 0, 0, 0, 1, 0, 0, 0, 1, 0]",34.99,28.49,73.91,25.28,4031890.5
ICL,5.6,5,"[0, 1, 0, 1, 0, 1, 0, 1, 1, 0]",5.73,5.64,7.19,4.72,1420402.35
TKR,131.83,10,"[1, 1, 1, 1, 1, 1, 1, 1, 1, 1]",112.11,92.51,133.66,69.36,1103154.1
SSL,13.47,10,"[1, 1, 1, 1, 1, 1, 1, 1, 1, 1]",13.03,8.65,14.29,4.39,1292025.45
KRMN,49.44,3,"[0, 0, 0, 0, 1, 1, 0, 0, 1, 0]",71.22,77.62,115.29,44.15,3411738.4
BOKF,129.22,8,"[0, 1, 1, 1, 1, 1, 1, 1, 1, 0]",130.64,120.35,137.45,90.0,264320.95
NXE,10.28,5,"[0, 0, 0, 1, 1, 1, 1, 0, 1, 0]",11.77,10.35,13.92,6.36,6477629.8
NE,45.41,6,"[0, 1, 1, 1, 1, 1, 0, 0, 1, 0]",49.09,36.73,,,1267388.95
AMG,336.81,10,"[1, 1, 1, 1, 1, 1, 1, 1, 1, 1]",295.53,276.79,336.81,181.98,325465.85
IDA,141.34,7,"[0, 1, 1, 1, 1, 1, 0, 1, 1, 0]",143.06,133.4,147.93,109.86,531030.2
JHG,51.76,10,"[1, 1, 1, 1, 1, 1, 1, 1, 1, 1]",51.62,47.46,53.21,35.49,2599157.8
VIRT,52.18,10,"[1, 1, 1, 1, 1, 1, 1, 1, 1, 1]",49.59,39.56,54.82,31.82,1299844.65
MSGS,386.23,10,"[1, 1, 1, 1, 1, 1, 1, 1, 1, 1]",342.24,273.13,386.23,186.85,237258.15
ROAD,110.57,4,"[0, 0, 0, 1, 0, 1, 0, 1, 1, 0]",118.1,117.95,140.48,93.43,599568.4
CMC,74.15,9,"[1, 1, 1, 0, 1, 1, 1, 1, 1, 1]",68.68,66.15,82.94,47.79,983917.0
JXN,107.86,8,"[0, 1, 1, 1, 1, 1, 1, 1, 1, 0]",108.28,104.24,121.16,79.45,548980.3
ESE,292.64,8,"[0, 1, 1, 1, 1, 1, 1, 1, 1, 0]",304.05,244.43,339.35,181.18,278019.6
GKOS,125.0,9,"[1, 1, 1, 1, 1, 1, 1, 1, 1, 0]",123.15,106.32,144.01,74.67,1244079.95
CWEN,39.74,10,"[1, 1, 1, 1, 1, 1, 1, 1, 1, 1]",38.87,34.46,41.26,26.9,1047884.1
CIG,2.09,5,"[0, 0, 0, 1, 1, 1, 0, 1, 1, 0]",2.37,2.11,2.67,1.73,6227989.9
MBLY,9.47,4,"[1, 0, 0, 0, 0, 0, 1, 0, 1, 1]",8.77,10.87,19.08,6.56,6526704.7
KNTK,45.19,8,"[0, 1, 1, 1, 1, 1, 1, 1, 1, 0]",47.7,40.57,51.27,30.53,892896.45
CHRD,134.79,8,"[0, 1, 1, 1, 1, 1, 1, 1, 1, 0]",138.41,108.0,148.35,82.2,713442.3
MIDD,154.93,9,"[1, 1, 1, 1, 1, 1, 1, 1, 1, 0]",144.47,141.45,168.86,111.68,602078.1
PCVX,47.36,6,"[0, 0, 0, 1, 1, 1, 1, 1, 1, 0]",55.4,48.28,63.04,29.67,1511821.35
KEX,141.05,8,"[0, 1, 1, 1, 1, 1, 1, 1, 1, 0]",143.37,117.32,152.59,79.95,550240.0
HALO,71.53,8,"[1, 1, 1, 0, 0, 1, 1, 1, 1, 1]",66.71,69.27,81.23,52.02,2065239.8
YOU,54.52,8,"[0, 1, 1, 1, 1, 1, 1, 1, 1, 0]",54.85,40.79,62.36,24.01,1353191.15
ORA,140.0,10,"[1, 1, 1, 1, 1, 1, 1, 1, 1, 1]",121.57,111.79,145.1,77.43,1013002.05
VLY,13.78,10,"[1, 1, 1, 1, 1, 1, 1, 1, 1, 1]",13.22,11.82,13.79,8.18,5420446.5
VFC,16.59,6,"[0, 0, 0, 1, 1, 1, 1, 1, 1, 0]",18.01,17.13,21.55,11.27,9318258.25
WFRD,97.17,8,"[0, 1, 1, 1, 1, 1, 1, 1, 1, 0]",103.54,84.83,111.42,46.45,1068310.4
CORZ,25.85,10,"[1, 1, 1, 1, 1, 1, 1, 1, 1, 1]",21.58,18.1,29.05,11.35,13823988.95
CWAN,24.37,10,"[1, 1, 1, 1, 1, 1, 1, 1, 1, 1]",24.16,22.03,24.75,15.89,2697573.0
TEX,60.42,8,"[0, 1, 1, 1, 1, 1, 1, 1, 1, 0]",60.67,56.41,69.33,41.67,1092981.65
SOBO,36.86,10,"[1, 1, 1, 1, 1, 1, 1, 1, 1, 1]",34.64,29.66,38.18,24.88,756385.95
FAF,67.02,8,"[1, 1, 1, 1, 1, 1, 0, 1, 1, 0]",65.95,63.83,71.12,53.38,852300.9
IDCC,260.64,3,"[0, 0, 0, 0, 1, 1, 0, 0, 1, 0]",303.64,330.14,394.78,216.51,323645.5
OR,33.87,4,"[0, 0, 0, 0, 1, 1, 1, 0, 1, 0]",37.95,37.5,47.66,24.94,730133.2
HXL,89.16,9,"[1, 1, 1, 1, 1, 1, 1, 1, 1, 0]",87.66,77.51,96.48,53.86,905371.0
OGC,25.75,5,"[0, 0, 0, 1, 1, 1, 1, 0, 1, 0]",31.29,28.54,42.39,13.47,313023.95
SLAB,218.11,10,"[1, 1, 1, 1, 1, 1, 1, 1, 1, 1]",214.67,167.13,219.13,116.08,380163.95
RIG,5.95,8,"[0, 1, 1, 1, 1, 1, 1, 1, 1, 0]",6.52,4.92,7.58,2.55,32358465.35
PLXS,273.01,10,"[1, 1, 1, 1, 1, 1, 1, 1, 1, 1]",246.21,182.59,287.55,118.29,272129.4
GGAL,47.81,8,"[1, 1, 1, 0, 1, 0, 1, 1, 1, 1]",44.69,44.05,58.75,25.39,1301087.35
SSRM,26.73,7,"[0, 1, 1, 1, 1, 1, 1, 0, 1, 0]",30.77,25.42,35.74,11.8,2609670.5
LTH,32.39,10,"[1, 1, 1, 1, 1, 1, 1, 1, 1, 1]",29.75,27.77,33.79,24.59,3080808.95
KYMR,74.13,7,"[0, 0, 1, 1, 1, 1, 1, 1, 1, 0]",83.01,71.69,95.03,37.68,526130.85
SM,32.21,9,"[1, 1, 1, 1, 0, 1, 1, 1, 1, 1]",30.68,24.11,34.81,17.42,4012150.65
LEA,141.5,8,"[1, 1, 1, 1, 1, 1, 0, 0, 1, 1]",130.23,116.59,,,611240.05
HR,19.65,9,"[1, 1, 1, 1, 1, 1, 1, 1, 1, 0]",18.81,17.6,20.56,13.71,3544881.45
RHP,119.03,10,"[1, 1, 1, 1, 1, 1, 1, 1, 1, 1]",104.89,95.66,119.03,83.73,604501.95
NOV,20.14,10,"[1, 1, 1, 1, 1, 1, 1, 1, 1, 1]",19.89,16.82,21.45,11.65,3686488.95
DBX,27.52,6,"[1, 1, 1, 0, 0, 0, 0, 1, 1, 1]",25.1,27.26,32.17,22.06,4403753.9
TFPM,28.27,3,"[0, 0, 0, 0, 1, 1, 0, 0, 1, 0]",33.11,32.62,41.23,22.75,598491.25
AUGO,60.4,6,"[0, 0, 1, 1, 1, 1, 1, 0, 1, 0]",83.12,57.21,108.01,22.81,954226.95
MTDR,53.57,8,"[0, 1, 1, 1, 1, 1, 1, 1, 1, 0]",58.9,48.53,65.01,36.31,1748279.05
MYRG,445.66,10,"[1, 1, 1, 1, 1, 1, 1, 1, 1, 1]",384.45,266.38,478.93,163.32,243648.05
AVT,86.81,10,"[1, 1, 1, 1, 1, 1, 1, 1, 1, 1]",77.42,59.25,92.93,43.64,1365378.8
LGN,83.69,6,"[1, 1, 0, 1, 0, 0, 1, 1, 1, 0]",78.56,83.69,102.27,29.72,1473427.55
BRKR,56.39,9,"[1, 1, 1, 0, 1, 1, 1, 1, 1, 1]",42.38,40.81,62.7,29.23,3166173.4
SGHC,12.94,8,"[1, 1, 1, 1, 0, 1, 1, 1, 1, 0]",12.22,11.57,14.02,8.48,3953226.75
STEP,44.91,1,"[0, 0, 0, 0, 0, 0, 0, 0, 1, 0]",51.23,58.46,75.82,43.14,1237110.2
UGP,4.83,7,"[0, 0, 1, 1, 1, 1, 1, 1, 1, 0]",5.7,4.6,6.11,2.83,3794665.05
VAL,88.54,8,"[0, 1, 1, 1, 1, 1, 1, 1, 1, 0]",97.17,70.5,113.42,41.61,882293.0
BLSH,26.96,1,"[0, 0, 0, 0, 0, 0, 0, 0, 1, 0]",37.85,43.8,74.63,24.9,1665385.15
TGTX,40.16,8,"[1, 1, 1, 1, 0, 1, 1, 1, 1, 0]",36.99,32.78,43.14,26.39,1845319.6
MIRM,93.48,8,"[0, 1, 1, 1, 1, 1, 1, 1, 1, 0]",97.48,84.95,111.39,46.38,1143884.55
ST,49.84,10,"[1, 1, 1, 1, 1, 1, 1, 1, 1, 1]",43.03,35.52,53.55,26.66,2565597.8
NPO,312.14,10,"[1, 1, 1, 1, 1, 1, 1, 1, 1, 1]",290.08,246.38,322.97,181.82,194981.2
PAYC,137.62,2,"[1, 0, 0, 0, 0, 0, 0, 0, 1, 0]",129.68,158.81,263.23,113.28,915202.45
SYRE,73.65,10,"[1, 1, 1, 1, 1, 1, 1, 1, 1, 1]",66.96,38.0,78.48,14.68,1002285.45
SWX,88.72,7,"[0, 1, 1, 1, 1, 1, 0, 1, 1, 0]",89.08,82.56,93.37,69.0,441041.4
COMP,7.71,4,"[0, 0, 0, 0, 1, 1, 1, 0, 1, 0]",7.79,9.22,13.58,5.91,12542844.85
AROC,34.2,8,"[0, 1, 1, 1, 1, 1, 1, 1, 1, 0]",36.23,29.38,39.59,21.54,1798413.95
AXTI,89.04,7,"[0, 1, 1, 1, 1, 1, 1, 0, 1, 0]",89.38,34.93,140.83,1.78,9090245.35
RSI,26.14,9,"[1, 1, 1, 1, 1, 1, 1, 1, 1, 0]",24.96,20.67,29.17,13.24,1651946.6
RYTM,86.4,2,"[0, 0, 0, 0, 0, 0, 1, 0, 1, 0]",87.31,98.32,117.62,61.44,619502.55
HIMS,26.19,4,"[1, 0, 0, 0, 0, 0, 1, 0, 1, 1]",24.83,33.98,66.18,14.52,23703252.6
PTGX,97.38,8,"[0, 1, 1, 1, 1, 1, 1, 1, 1, 0]",101.22,85.22,105.98,49.7,545028.9
ACA,122.49,9,"[1, 1, 1, 1, 1, 1, 1, 1, 1, 0]",118.85,108.48,131.39,83.54,252333.35
FNB,17.69,9,"[1, 1, 1, 1, 1, 1, 1, 1, 1, 0]",17.34,16.66,18.65,13.23,4825689.25
FLY,36.1,6,"[0, 1, 1, 1, 0, 0, 1, 0, 1, 1]",38.63,30.23,60.35,16.78,9645646.95
CELC,88.28,5,"[0, 0, 0, 1, 1, 1, 1, 0, 1, 0]",122.4,95.69,144.98,11.45,1681738.65
ENIC,4.17,8,"[0, 1, 1, 1, 1, 1, 1, 1, 1, 0]",4.23,3.91,4.54,3.01,608603.3
INGM,29.51,10,"[1, 1, 1, 1, 1, 1, 1, 1, 1, 1]",27.46,22.8,31.64,18.49,1301572.9
LUNR,29.36,9,"[1, 1, 1, 1, 1, 1, 1, 0, 1, 1]",28.68,17.47,45.7,8.05,17832966.95
RGTI,20.68,5,"[1, 0, 0, 0, 0, 1, 1, 0, 1, 1]",18.57,23.5,56.34,10.79,62242279.0
CLF,13.53,8,"[1, 1, 1, 0, 0, 1, 1, 1, 1, 1]",10.49,11.62,16.18,6.92,17525259.4
CE,51.03,6,"[0, 0, 1, 1, 1, 1, 1, 0, 1, 0]",60.86,49.41,69.24,35.49,1857212.5
APGE,86.92,10,"[1, 1, 1, 1, 1, 1, 1, 1, 1, 1]",83.95,67.16,92.2,34.65,1024898.5
LSTR,218.06,8,"[1, 1, 1, 1, 1, 1, 0, 0, 1, 1]",180.87,148.72,,,538758.0
GVA,141.35,10,"[1, 1, 1, 1, 1, 1, 1, 1, 1, 1]",130.74,118.4,143.13,88.34,809740.4
VIST,74.42,10,"[1, 1, 1, 1, 1, 1, 1, 1, 1, 1]",71.35,54.02,79.25,33.7,1001785.85
KGS,65.11,8,"[0, 1, 1, 1, 1, 1, 1, 1, 1, 0]",66.19,46.04,75.89,29.75,2308015.95
CNTA,39.62,10,"[1, 1, 1, 1, 1, 1, 1, 1, 1, 1]",38.97,27.94,39.9,11.92,1163789.45
URBN,71.3,6,"[1, 1, 1, 0, 0, 0, 0, 1, 1, 1]",69.77,70.19,82.7,59.57,1450689.45
PTCT,70.97,8,"[1, 0, 1, 0, 1, 1, 1, 1, 1, 1]",69.78,69.15,86.25,43.3,1413734.05
ETSY,66.86,9,"[1, 1, 1, 1, 0, 1, 1, 1, 1, 1]",60.32,58.96,75.56,44.05,3021537.4
LNTH,100.98,10,"[1, 1, 1, 1, 1, 1, 1, 1, 1, 1]",87.89,68.77,103.0,50.11,1136530.55
VNO,35.21,7,"[1, 1, 1, 0, 0, 0, 1, 1, 1, 1]",29.91,33.14,42.04,24.71,1621425.4
REZI,31.21,4,"[0, 0, 0, 1, 0, 1, 1, 0, 1, 0]",35.37,36.33,44.5,20.54,1692053.9
OUT,31.2,9,"[1, 1, 1, 1, 1, 1, 1, 1, 1, 0]",30.48,24.15,33.9,15.0,1924329.85
FLG,14.02,9,"[1, 1, 1, 1, 1, 1, 1, 1, 1, 0]",13.89,12.81,14.81,10.58,3710183.35
EAT,140.46,4,"[0, 0, 0, 0, 1, 0, 1, 1, 1, 0]",142.9,142.87,184.02,102.29,1049293.0
GXO,48.68,2,"[0, 0, 0, 0, 1, 0, 0, 0, 1, 0]",52.37,53.89,65.59,42.21,1259397.9
COGT,31.02,5,"[0, 0, 1, 0, 1, 1, 1, 0, 1, 0]",35.16,30.15,42.11,6.8,2120236.2
IBP,197.61,2,"[0, 0, 0, 0, 1, 0, 0, 0, 1, 0]",253.55,268.64,341.42,160.92,557601.55
ABCB,85.47,9,"[1, 1, 1, 1, 1, 1, 1, 1, 1, 0]",83.37,77.74,87.26,59.09,383890.65
TFX,129.84,8,"[1, 1, 1, 1, 0, 1, 1, 1, 1, 0]",126.63,119.47,138.45,99.79,703178.75
IMVT,31.11,10,"[1, 1, 1, 1, 1, 1, 1, 1, 1, 1]",28.43,23.91,35.56,14.69,2603478.35
CGON,53.72,6,"[0, 0, 1, 1, 1, 1, 1, 0, 1, 0]",66.02,50.44,74.0,23.94,1005745.7
USAR,22.47,7,"[1, 1, 1, 1, 0, 1, 1, 0, 1, 0]",22.42,19.55,38.68,9.61,17592764.1
NSA,43.43,10,"[1, 1, 1, 1, 1, 1, 1, 1, 1, 1]",41.78,33.39,43.86,27.02,779609.45
ALKS,42.8,10,"[1, 1, 1, 1, 1, 1, 1, 1, 1, 1]",35.82,31.5,43.38,26.13,2206527.3
CENX,60.12,8,"[0, 1, 1, 1, 1, 1, 1, 1, 1, 0]",61.88,43.25,68.77,16.91,1922318.75
MSM,115.51,10,"[1, 1, 1, 1, 1, 1, 1, 1, 1, 1]",101.45,90.43,117.21,77.89,720584.3
SRRK,44.3,7,"[0, 0, 1, 1, 1, 1, 1, 1, 1, 0]",47.9,41.6,51.51,27.92,1252837.5
BLCO,15.46,5,"[0, 0, 0, 0, 1, 1, 1, 1, 1, 0]",16.02,16.11,18.6,11.55,519665.05
PIPR,76.67,3,"[0, 0, 0, 0, 0, 1, 0, 1, 1, 0]",81.29,82.01,92.51,61.37,581047.6
BKH,72.78,8,"[0, 1, 1, 1, 1, 1, 1, 1, 1, 0]",72.96,67.99,76.1,53.49,877091.75
KMX,47.15,6,"[1, 1, 1, 0, 0, 0, 1, 0, 1, 1]",40.88,43.93,71.57,30.88,2986486.3
MAC,23.66,10,"[1, 1, 1, 1, 1, 1, 1, 1, 1, 1]",21.48,18.82,23.66,15.31,3312751.95
CZR,29.2,9,"[1, 1, 1, 1, 0, 1, 1, 1, 1, 1]",27.58,24.61,31.51,18.14,11219159.4
PRIM,121.84,6,"[0, 0, 0, 1, 1, 1, 1, 0, 1, 1]",142.41,136.79,202.92,71.72,2005270.7
GLNG,50.67,8,"[0, 1, 1, 1, 1, 1, 1, 1, 1, 0]",53.57,43.69,57.07,34.97,1715491.9
OSCR,24.51,9,"[1, 1, 1, 1, 0, 1, 1, 1, 1, 1]",18.44,16.84,25.3,10.85,8266434.35
S,15.95,8,"[1, 1, 1, 1, 0, 0, 1, 1, 1, 1]",15.21,15.62,19.78,11.94,10368059.5
CORT,72.62,7,"[1, 1, 1, 0, 0, 0, 1, 1, 1, 1]",51.73,59.5,90.32,32.15,1096651.2
RUSHA,67.02,8,"[0, 1, 1, 1, 1, 1, 1, 1, 1, 0]",70.15,60.93,76.0,46.26,444165.3
HWC,69.38,8,"[1, 1, 1, 1, 1, 1, 0, 0, 1, 1]",66.82,63.91,,,945225.95
CACC,544.71,9,"[1, 1, 1, 1, 0, 1, 1, 1, 1, 1]",510.16,483.75,573.64,411.04,142243.5
ZGN,14.65,10,"[1, 1, 1, 1, 1, 1, 1, 1, 1, 1]",12.35,10.59,14.92,7.71,988100.35
MATX,187.32,10,"[1, 1, 1, 1, 1, 1, 1, 1, 1, 1]",176.17,137.3,188.62,87.4,208900.45
MCY,101.47,10,"[1, 1, 1, 1, 1, 1, 1, 1, 1, 1]",96.04,88.38,102.93,62.11,258997.1
ALM,16.31,7,"[0, 1, 1, 1, 1, 1, 1, 0, 1, 0]",19.32,11.95,23.42,3.42,4881941.05
BGC,10.86,8,"[0, 1, 1, 1, 1, 1, 1, 1, 1, 0]",10.91,9.64,11.79,8.26,3366368.1
AUB,37.96,10,"[1, 1, 1, 1, 1, 1, 1, 1, 1, 1]",37.03,35.59,40.99,28.65,977113.95
GTX,31.96,10,"[1, 1, 1, 1, 1, 1, 1, 1, 1, 1]",25.0,18.51,33.82,9.57,3264615.75
MRCY,111.27,10,"[1, 1, 1, 1, 1, 1, 1, 1, 1, 1]",87.96,81.23,117.82,49.53,640527.55
VSEC,180.56,5,"[0, 0, 0, 0, 1, 1, 1, 1, 1, 0]",186.47,183.77,227.68,125.08,420869.3
TEO,13.24,10,"[1, 1, 1, 1, 1, 1, 1, 1, 1, 1]",12.1,10.94,14.71,6.52,642523.6
LBRT,28.45,8,"[0, 1, 1, 1, 1, 1, 1, 1, 1, 0]",30.54,21.7,33.83,9.91,3204567.4
XENE,51.73,8,"[0, 1, 1, 1, 1, 1, 1, 1, 1, 0]",55.88,45.83,62.76,30.3,1303680.6
SNDR,37.21,10,"[1, 1, 1, 1, 1, 1, 1, 1, 1, 1]",30.74,26.47,37.21,20.09,1055033.2
KLIC,98.16,10,"[1, 1, 1, 1, 1, 1, 1, 1, 1, 1]",88.67,59.25,108.57,31.71,917697.1
SEI,69.39,9,"[1, 1, 1, 1, 1, 1, 1, 1, 1, 0]",68.47,52.44,78.44,24.67,2405305.1
GOLF,90.0,7,"[0, 0, 1, 1, 1, 1, 0, 1, 1, 1]",92.55,87.09,103.02,69.35,340754.3
BEPC,38.72,7,"[0, 0, 1, 0, 1, 1, 1, 1, 1, 1]",38.85,38.5,43.52,28.48,1389288.9
VCTR,87.5,10,"[1, 1, 1, 1, 1, 1, 1, 1, 1, 1]",77.66,69.19,88.77,59.86,528869.5
BC,80.4,10,"[1, 1, 1, 1, 1, 1, 1, 1, 1, 1]",78.26,73.09,88.28,53.53,593927.8
MUR,38.67,9,"[0, 1, 1, 1, 1, 1, 1, 1, 1, 1]",38.96,32.17,42.37,21.48,1658747.55
MGY,27.51,8,"[0, 1, 1, 1, 1, 1, 1, 1, 1, 0]",29.23,25.39,32.17,20.99,2210164.0
CRSP,51.84,1,"[0, 0, 0, 0, 0, 0, 0, 0, 1, 0]",52.14,55.61,76.78,41.28,1716153.0
PACS,37.01,10,"[1, 1, 1, 1, 1, 1, 1, 1, 1, 1]",35.12,28.07,42.13,7.71,1007749.05
APLS,41.03,10,"[1, 1, 1, 1, 1, 1, 1, 1, 1, 1]",33.2,26.08,41.12,16.97,6965819.75
HASI,38.67,8,"[0, 1, 1, 1, 1, 1, 1, 1, 1, 0]",40.14,33.87,43.31,23.48,1036863.25
ATAT,33.42,4,"[0, 0, 0, 0, 1, 1, 0, 1, 1, 0]",36.73,37.95,42.89,30.41,1289428.7
CRC,58.34,8,"[0, 1, 1, 1, 1, 1, 1, 1, 1, 0]",63.67,53.94,69.66,42.98,794597.85
LEGN,32.62,7,"[1, 1, 1, 1, 0, 0, 1, 0, 1, 1]",24.73,25.78,44.32,16.65,3006193.25
PRM,30.16,10,"[1, 1, 1, 1, 1, 1, 1, 1, 1, 1]",29.24,25.88,34.0,12.8,1338454.85
IFS,47.12,10,"[1, 1, 1, 1, 1, 1, 1, 1, 1, 1]",46.93,42.99,50.55,33.85,333779.8
CROX,119.35,10,"[1, 1, 1, 1, 1, 1, 1, 1, 1, 1]",102.29,88.87,121.52,73.39,1228794.1
CAR,176.79,7,"[0, 1, 1, 1, 1, 0, 1, 0, 1, 1]",227.24,156.13,713.97,87.69,992765.7
M,22.16,9,"[1, 1, 1, 0, 1, 1, 1, 1, 1, 1]",19.62,19.38,23.7,10.33,7270788.35
AVAL,4.8,10,"[1, 1, 1, 1, 1, 1, 1, 1, 1, 1]",4.48,4.07,5.19,2.67,344030.9
KNF,74.16,4,"[0, 0, 0, 1, 1, 0, 0, 1, 1, 0]",82.53,77.56,94.57,59.93,527156.65
DIOD,101.06,9,"[1, 1, 1, 1, 1, 1, 1, 1, 1, 0]",96.16,65.95,116.22,42.36,786556.4
SON,47.49,6,"[0, 0, 1, 1, 1, 1, 0, 1, 1, 0]",51.01,46.55,56.81,38.0,1257169.05
WSC,26.21,8,"[1, 1, 1, 1, 0, 0, 1, 1, 1, 1]",22.3,21.13,31.26,14.84,2903019.0
RELY,18.77,7,"[0, 1, 1, 1, 0, 1, 1, 1, 1, 0]",20.13,16.5,24.28,12.2,5985710.5
SXT,112.19,8,"[1, 1, 1, 1, 0, 1, 1, 1, 1, 0]",106.67,98.53,124.21,82.67,350739.15
ALH,25.05,6,"[1, 1, 0, 1, 0, 0, 1, 1, 1, 0]",24.23,25.05,26.93,19.06,603747.6
ACLS,147.16,9,"[1, 1, 1, 1, 1, 1, 1, 1, 1, 0]",135.44,98.4,171.0,63.51,528254.45
LB,70.28,8,"[1, 1, 1, 1, 1, 1, 0, 0, 1, 1]",69.42,61.45,,,377850.3
STVN,18.46,4,"[1, 1, 0, 0, 0, 0, 0, 0, 1, 1]",16.47,19.95,,,326138.5
BMA,84.94,9,"[1, 1, 1, 0, 1, 1, 1, 1, 1, 1]",76.58,73.54,101.71,38.01,273848.7
GBTG,9.34,8,"[1, 1, 1, 1, 0, 1, 1, 1, 1, 0]",7.49,7.32,9.51,4.97,3357297.8
TDS,39.16,5,"[0, 0, 0, 1, 1, 1, 0, 1, 1, 0]",43.19,41.41,47.55,33.01,1292812.4
NOVT,156.29,10,"[1, 1, 1, 1, 1, 1, 1, 1, 1, 1]",138.23,125.11,168.59,99.22,544766.45
MARA,12.32,5,"[1, 1, 0, 1, 0, 0, 1, 0, 1, 0]",11.67,12.63,22.84,6.73,41363714.35
ACHR,5.54,1,"[0, 0, 0, 0, 0, 0, 0, 0, 1, 0]",5.96,7.89,13.64,4.94,56369925.0
PSMT,173.97,10,"[1, 1, 1, 1, 1, 1, 1, 1, 1, 1]",159.58,136.61,173.97,100.47,223730.3
SYNA,122.78,10,"[1, 1, 1, 1, 1, 1, 1, 1, 1, 1]",103.21,81.83,147.57,58.52,998374.8
OPEN,4.42,3,"[0, 0, 0, 0, 0, 1, 1, 0, 1, 0]",4.89,6.11,10.52,0.51,38724754.85
PBF,42.5,10,"[1, 1, 1, 1, 1, 1, 1, 1, 1, 1]",42.2,34.98,50.89,17.75,2660811.25
INDV,37.62,9,"[1, 1, 1, 1, 1, 1, 1, 1, 1, 0]",34.78,31.41,40.61,13.43,1852959.5
ENPH,56.07,10,"[1, 1, 1, 1, 1, 1, 1, 1, 1, 1]",43.25,38.53,72.33,26.12,9990520.65
KC,11.69,3,"[0, 0, 0, 1, 0, 1, 0, 0, 1, 0]",15.0,13.61,18.21,10.34,1733814.2
MIAX,39.21,3,"[0, 0, 0, 1, 1, 0, 0, 0, 1, 0]",46.07,42.99,56.84,30.74,1505937.65
TGS,29.51,7,"[0, 0, 1, 1, 1, 1, 1, 1, 1, 0]",31.26,29.02,35.32,20.12,376164.8
DNTH,80.51,8,"[0, 1, 1, 1, 1, 1, 1, 1, 1, 0]",87.4,54.91,95.76,16.86,598364.05
SPHR,139.5,10,"[1, 1, 1, 1, 1, 1, 1, 1, 1, 1]",131.92,94.73,145.78,37.67,718744.4
MDU,21.36,8,"[0, 1, 1, 1, 1, 1, 1, 1, 1, 0]",21.82,19.83,22.8,15.63,1942976.75
EBC,19.85,8,"[0, 1, 1, 1, 1, 1, 1, 1, 1, 0]",19.99,18.94,21.82,13.88,1660004.7
HRB,38.09,5,"[1, 1, 0, 0, 0, 0, 1, 0, 1, 1]",33.71,39.8,55.83,27.66,2665354.35
NAVN,21.2,7,"[1, 1, 0, 1, 0, 0, 1, 1, 1, 1]",16.84,21.2,22.87,8.51,3460291.7
AIR,116.65,9,"[1, 1, 1, 1, 1, 1, 1, 1, 1, 0]",112.97,96.55,125.99,66.88,383200.7
VSH,57.2,10,"[1, 1, 1, 1, 1, 1, 1, 1, 1, 1]",33.24,20.46,63.97,11.67,7965266.6
PI,120.93,2,"[0, 0, 0, 0, 0, 0, 1, 0, 1, 0]",128.04,154.48,241.91,91.34,451474.65
MEOH,57.62,8,"[0, 1, 1, 1, 1, 1, 1, 1, 1, 0]",60.87,46.51,65.72,32.04,652077.4
NTSK,9.64,2,"[0, 0, 0, 0, 1, 0, 0, 0, 1, 0]",10.29,9.64,25.79,7.73,5571411.3
QS,7.67,4,"[1, 0, 0, 0, 0, 0, 1, 0, 1, 1]",7.46,10.12,18.44,4.13,26731007.8
CVLT,118.68,5,"[1, 1, 0, 0, 0, 0, 1, 0, 1, 1]",97.89,123.62,195.41,75.18,692756.45
CSTM,33.89,10,"[1, 1, 1, 1, 1, 1, 1, 1, 1, 1]",31.2,22.03,36.15,12.85,2267657.15
LAUR,33.82,9,"[1, 1, 1, 0, 1, 1, 1, 1, 1, 1]",33.02,32.05,35.97,21.78,1041484.05
PAM,81.92,6,"[0, 0, 1, 0, 1, 1, 1, 1, 1, 0]",83.29,79.48,92.27,56.55,249414.8
PAGP,24.46,10,"[1, 1, 1, 1, 1, 1, 1, 1, 1, 1]",23.85,20.06,25.95,15.88,1751102.95
CVSA,126.65,9,"[1, 1, 1, 1, 0, 1, 1, 1, 1, 1]",119.07,116.74,154.45,89.36,305226.0
ATMU,45.91,5,"[0, 0, 0, 1, 1, 1, 1, 0, 1, 0]",55.74,52.76,65.5,34.89,877040.55
FTDR,63.64,7,"[1, 1, 1, 1, 0, 1, 0, 1, 1, 0]",60.95,60.49,69.38,49.1,475587.6
MMYT,44.09,1,"[0, 0, 0, 0, 0, 0, 0, 0, 1, 0]",44.48,68.63,103.21,36.3,908288.0
INSW,81.07,9,"[1, 1, 1, 1, 1, 1, 1, 1, 1, 0]",79.79,59.07,91.62,33.92,542761.4
HCC,99.92,10,"[1, 1, 1, 1, 1, 1, 1, 1, 1, 1]",90.87,80.96,110.28,40.96,955957.1
NAMS,31.52,5,"[0, 0, 0, 0, 1, 1, 1, 1, 1, 0]",33.32,33.02,41.45,17.96,1723011.65
KNSA,48.42,8,"[0, 1, 1, 1, 1, 1, 1, 1, 1, 0]",50.4,43.16,59.48,26.33,513295.55
SHC,15.62,6,"[1, 0, 0, 0, 1, 1, 1, 1, 1, 0]",15.37,16.25,19.35,10.94,4003775.9
TBBB,39.42,10,"[1, 1, 1, 1, 1, 1, 1, 1, 1, 1]",36.76,32.53,39.56,24.12,977871.95
HRI,136.68,9,"[1, 1, 1, 0, 1, 1, 1, 1, 1, 1]",120.24,132.71,179.36,90.58,463939.1
NWE,70.47,8,"[0, 1, 1, 1, 1, 1, 1, 1, 1, 0]",70.57,64.8,73.36,49.23,471118.3
FLNC,22.91,8,"[1, 1, 1, 0, 1, 1, 1, 0, 1, 1]",17.04,17.33,32.23,4.72,16533464.65
LGND,237.0,10,"[1, 1, 1, 1, 1, 1, 1, 1, 1, 1]",221.17,197.15,241.79,105.99,193033.65
IPGP,107.37,8,"[0, 1, 1, 1, 1, 1, 1, 0, 1, 1]",115.72,97.66,153.91,65.91,584269.85
CBT,80.88,9,"[1, 1, 1, 1, 0, 1, 1, 1, 1, 1]",78.6,72.33,87.51,57.64,465973.2
GTLB,31.12,4,"[1, 0, 0, 0, 0, 0, 1, 0, 1, 1]",24.07,35.25,51.04,19.42,7592871.05
BCO,100.99,3,"[0, 0, 0, 0, 1, 1, 0, 0, 1, 0]",105.72,113.73,135.25,83.1,457563.35
HAFN,7.28,8,"[0, 1, 1, 1, 1, 1, 1, 1, 1, 0]",8.02,6.26,9.11,4.39,1889346.65
WIX,52.39,1,"[0, 0, 0, 0, 0, 0, 0, 0, 1, 0]",69.56,102.92,184.24,52.39,2603771.05
AZZ,137.71,9,"[1, 1, 1, 1, 1, 1, 1, 1, 1, 0]",137.6,119.87,148.65,86.88,220180.6
ONDS,10.43,9,"[1, 1, 1, 1, 1, 1, 1, 0, 1, 1]",10.1,9.11,14.01,1.43,90703658.8
UNF,269.92,10,"[1, 1, 1, 1, 1, 1, 1, 1, 1, 1]",259.11,208.86,274.89,149.5,210595.85
IRDM,47.36,10,"[1, 1, 1, 1, 1, 1, 1, 1, 1, 1]",40.45,24.95,52.07,15.62,2353859.65
STNG,75.96,8,"[0, 1, 1, 1, 1, 1, 1, 1, 1, 0]",77.91,64.15,86.1,38.33,992751.55
TCBI,101.69,10,"[1, 1, 1, 1, 1, 1, 1, 1, 1, 1]",99.3,93.15,105.77,74.71,426174.15
TPC,70.53,5,"[0, 0, 0, 1, 1, 1, 1, 0, 1, 0]",80.96,71.97,97.23,40.31,531086.35
ENVA,168.82,9,"[1, 1, 1, 1, 1, 1, 1, 1, 1, 0]",158.89,141.47,174.9,93.32,174839.25
PLUG,3.21,10,"[1, 1, 1, 1, 1, 1, 1, 1, 1, 1]",3.19,2.51,4.14,0.97,94292952.55
HNGE,63.62,9,"[1, 1, 1, 1, 0, 1, 1, 1, 1, 1]",47.98,47.44,63.62,31.17,1606318.15
WHD,56.62,10,"[1, 1, 1, 1, 1, 1, 1, 1, 1, 1]",55.16,47.93,62.59,33.12,774898.55
PTEN,11.51,10,"[1, 1, 1, 1, 1, 1, 1, 1, 1, 1]",11.28,7.8,12.74,5.0,7744494.5
SMR,10.5,1,"[0, 0, 0, 0, 0, 0, 0, 0, 1, 0]",11.54,21.85,53.43,9.16,36503951.25
CMBT,14.78,10,"[1, 1, 1, 1, 1, 1, 1, 1, 1, 1]",13.56,10.98,16.55,7.49,1912451.65
CNO,47.91,10,"[1, 1, 1, 1, 1, 1, 1, 1, 1, 1]",44.56,41.64,47.91,35.04,767362.45
CNR,93.44,10,"[1, 1, 1, 1, 1, 1, 1, 1, 1, 1]",91.12,87.64,113.11,64.95,685531.85
ZETA,22.02,8,"[1, 1, 1, 0, 0, 1, 1, 1, 1, 1]",17.97,18.69,25.25,12.16,9832074.1
NVTS,25.08,10,"[1, 1, 1, 1, 1, 1, 1, 1, 1, 1]",17.54,11.01,31.79,5.54,40833467.8
FHI,57.03,10,"[1, 1, 1, 1, 1, 1, 1, 1, 1, 1]",55.9,52.89,57.89,40.92,756810.55
COLD,14.71,8,"[1, 1, 1, 1, 0, 1, 1, 1, 1, 0]",13.2,12.47,16.56,9.75,4670161.7
LMND,51.46,4,"[0, 0, 0, 0, 1, 1, 1, 0, 1, 0]",58.89,63.92,96.57,36.28,1417113.75
AMRX,13.75,9,"[1, 1, 1, 0, 1, 1, 1, 1, 1, 1]",12.75,12.11,15.19,7.61,1578577.4
LPL,4.86,9,"[1, 1, 1, 1, 0, 1, 1, 1, 1, 1]",4.6,4.52,5.76,3.24,2033243.4
TREX,39.65,6,"[1, 1, 0, 1, 0, 0, 1, 0, 1, 1]",39.37,42.81,68.49,30.13,1850454.3
DOO,60.7,5,"[0, 0, 0, 0, 1, 1, 1, 0, 1, 1]",60.77,66.73,81.45,46.19,281111.6
MTRN,220.75,10,"[1, 1, 1, 1, 1, 1, 1, 1, 1, 1]",187.03,144.14,230.0,76.5,306275.25
XMTR,80.66,10,"[1, 1, 1, 1, 1, 1, 1, 1, 1, 1]",63.22,56.65,95.32,30.16,1031011.05
NP,25.49,5,"[0, 1, 0, 1, 0, 0, 1, 1, 1, 0]",26.48,25.49,30.68,17.14,1070987.15
LASR,65.85,8,"[0, 1, 1, 1, 1, 1, 1, 1, 1, 0]",70.26,47.81,84.95,17.26,1377891.0
CAAP,25.35,6,"[0, 0, 1, 0, 1, 1, 1, 1, 1, 0]",25.44,24.2,30.35,17.49,212121.85
TNL,71.7,9,"[1, 1, 1, 0, 1, 1, 1, 1, 1, 1]",68.62,67.01,78.74,46.6,844984.55
PVH,77.8,6,"[0, 1, 1, 1, 0, 1, 0, 1, 1, 0]",86.8,77.5,98.77,60.85,1328447.65
LBTYA,11.76,7,"[0, 1, 1, 1, 1, 1, 0, 1, 1, 0]",12.08,11.56,13.03,9.59,1540361.65
CRGY,11.54,8,"[0, 1, 1, 1, 1, 1, 1, 1, 1, 0]",12.71,10.06,13.79,7.6,6814699.4
COCO,74.09,10,"[1, 1, 1, 1, 1, 1, 1, 1, 1, 1]",62.26,51.82,79.23,32.3,1072151.7
POWI,77.02,10,"[1, 1, 1, 1, 1, 1, 1, 1, 1, 1]",67.5,48.11,86.85,30.52,1451026.75
LEU,161.78,1,"[0, 0, 0, 0, 0, 0, 0, 0, 1, 0]",192.33,248.85,436.0,143.11,887235.55
KTB,70.07,6,"[0, 1, 0, 1, 0, 1, 1, 1, 1, 0]",70.77,70.93,85.05,53.7,794703.45
MRX,55.11,10,"[1, 1, 1, 1, 1, 1, 1, 1, 1, 1]",51.55,39.74,58.08,27.92,819004.9
ARIS,15.23,5,"[0, 0, 0, 1, 1, 1, 1, 0, 1, 0]",18.65,15.32,22.68,6.3,1142129.55
DLO,11.24,2,"[0, 0, 0, 0, 0, 1, 0, 0, 1, 0]",12.59,13.29,15.57,9.65,3157520.8
GFF,85.5,8,"[1, 1, 1, 1, 1, 1, 0, 1, 1, 0]",83.91,78.85,94.36,66.26,347450.95
TDW,72.48,8,"[0, 1, 1, 1, 1, 1, 1, 1, 1, 0]",82.69,65.52,91.12,43.43,655878.15
OPLN,36.48,9,"[1, 1, 1, 1, 1, 1, 1, 1, 1, 0]",33.14,29.37,38.24,22.11,972314.4
KAI,293.28,3,"[0, 0, 0, 1, 0, 0, 0, 1, 1, 0]",313.39,307.0,357.4,246.93,155926.95
TPH,46.95,10,"[1, 1, 1, 1, 1, 1, 1, 1, 1, 1]",46.71,37.57,46.97,29.89,2270447.8
BBWI,17.43,1,"[0, 0, 0, 0, 0, 0, 0, 0, 1, 0]",18.6,21.8,32.73,14.73,6529874.85
TVTX,45.81,10,"[1, 1, 1, 1, 1, 1, 1, 1, 1, 1]",40.0,32.11,47.76,14.09,1982336.55
CRNX,32.92,3,"[0, 0, 0, 0, 1, 1, 0, 0, 1, 0]",37.58,41.55,56.43,26.85,1223532.0
LIVN,72.36,10,"[1, 1, 1, 1, 1, 1, 1, 1, 1, 1]",67.23,61.56,75.42,41.13,703942.85
NVST,23.1,5,"[0, 0, 0, 1, 1, 1, 0, 1, 1, 0]",25.18,23.3,30.26,18.43,3671175.9
ACMR,76.29,10,"[1, 1, 1, 1, 1, 1, 1, 1, 1, 1]",59.23,46.69,92.86,23.92,2008425.55
UCTT,82.07,10,"[1, 1, 1, 1, 1, 1, 1, 1, 1, 1]",78.01,46.14,93.69,19.87,1084134.3
HGV,49.74,10,"[1, 1, 1, 1, 1, 1, 1, 1, 1, 1]",46.3,44.65,53.1,36.99,1012156.3
PII,66.06,8,"[1, 1, 1, 0, 1, 1, 1, 1, 1, 0]",61.41,61.58,72.07,37.64,786722.6
SKE,26.19,6,"[0, 0, 1, 1, 1, 1, 1, 0, 1, 0]",30.72,25.31,38.12,13.88,565386.7
EE,32.23,7,"[0, 0, 1, 1, 1, 1, 1, 1, 1, 0]",34.11,30.85,42.7,22.84,343515.5
ORKA,60.14,8,"[0, 1, 1, 1, 1, 1, 1, 1, 1, 0]",61.73,36.31,76.39,10.9,1199004.5
VSCO,74.6,10,"[1, 1, 1, 1, 1, 1, 1, 1, 1, 1]",52.2,45.52,80.06,17.7,3231105.55
RNG,42.29,9,"[1, 1, 1, 1, 1, 1, 1, 1, 1, 0]",41.0,32.85,49.02,23.54,1905990.1
CATY,58.22,10,"[1, 1, 1, 1, 1, 1, 1, 1, 1, 1]",54.65,49.99,58.22,41.02,390834.45
ACAD,21.56,3,"[0, 0, 0, 0, 1, 0, 0, 1, 1, 0]",21.79,23.48,28.06,20.06,1438886.0
CPRX,31.27,10,"[1, 1, 1, 1, 1, 1, 1, 1, 1, 1]",28.48,23.94,31.33,19.13,2598966.3
DAN,35.37,10,"[1, 1, 1, 1, 1, 1, 1, 1, 1, 1]",35.19,27.24,38.79,15.11,979056.5
EWTX,35.59,10,"[1, 1, 1, 1, 1, 1, 1, 1, 1, 1]",33.36,25.09,40.26,12.61,1396691.95
TAC,12.68,2,"[0, 0, 0, 0, 0, 1, 0, 0, 1, 0]",13.12,13.55,17.66,10.28,1548623.1
SOUN,7.39,1,"[0, 0, 0, 0, 0, 0, 0, 0, 1, 0]",7.92,11.19,21.4,5.9,27249018.1
JOE,64.87,8,"[0, 1, 1, 1, 1, 1, 1, 1, 1, 0]",65.51,60.66,72.62,45.53,186351.55
HP,37.46,9,"[0, 1, 1, 1, 1, 1, 1, 1, 1, 1]",37.6,30.24,41.53,14.61,1106841.8
INDB,79.57,10,"[1, 1, 1, 1, 1, 1, 1, 1, 1, 1]",77.92,74.05,85.26,59.01,318225.0
FG,27.81,5,"[1, 0, 0, 0, 0, 0, 1, 1, 1, 1]",27.1,28.79,34.62,20.46,1126103.8
BB,9.41,10,"[1, 1, 1, 1, 1, 1, 1, 1, 1, 1]",5.83,4.47,10.34,3.15,43732052.35
PPTA,22.65,5,"[0, 0, 0, 1, 1, 1, 1, 0, 1, 0]",28.41,26.33,37.22,11.86,1696734.9
LRN,100.01,7,"[1, 1, 1, 1, 0, 0, 1, 0, 1, 1]",92.47,97.73,169.81,61.02,671753.75
BULL,5.6,1,"[0, 0, 0, 0, 0, 0, 0, 0, 1, 0]",6.31,8.69,17.74,4.63,13715504.95
BELFB,262.56,9,"[1, 1, 1, 1, 1, 1, 1, 1, 1, 0]",255.67,194.01,302.73,76.54,341982.7
WSFS,71.77,9,"[1, 1, 1, 1, 1, 1, 1, 1, 1, 0]",69.89,60.84,72.77,49.92,397103.65
LQDA,61.85,10,"[1, 1, 1, 1, 1, 1, 1, 1, 1, 1]",46.34,35.06,62.54,12.0,2058862.75
ALHC,15.37,4,"[0, 0, 0, 0, 1, 1, 1, 0, 1, 0]",18.43,18.53,23.81,11.64,7092694.55
AAUC,25.5,7,"[0, 0, 1, 1, 1, 1, 1, 1, 1, 0]",29.57,24.35,32.01,11.58,603564.2
CGAU,15.27,6,"[0, 0, 1, 1, 1, 1, 1, 0, 1, 0]",17.87,14.79,20.91,6.76,1292150.2
OII,37.15,9,"[0, 1, 1, 1, 1, 1, 1, 1, 1, 1]",37.36,29.75,39.78,20.25,887094.0
VKTX,28.45,2,"[0, 0, 0, 0, 1, 0, 0, 0, 1, 0]",32.2,32.29,42.09,23.09,1888344.0
CLSK,15.59,8,"[1, 1, 1, 1, 0, 1, 1, 0, 1, 1]",12.96,12.73,23.2,8.18,25078517.45
SII,122.79,7,"[0, 1, 1, 1, 1, 1, 1, 0, 1, 0]",135.33,110.1,165.88,61.53,164615.65
VECO,58.45,10,"[1, 1, 1, 1, 1, 1, 1, 1, 1, 1]",50.03,34.84,63.66,19.71,1236779.9
RUM,7.58,8,"[1, 1, 1, 1, 0, 0, 1, 1, 1, 1]",6.97,6.67,10.02,4.67,3922107.95
WRBY,22.72,5,"[0, 0, 0, 1, 0, 1, 1, 1, 1, 0]",23.89,23.99,30.23,16.49,3238277.1
TLX,9.3,5,"[0, 1, 1, 1, 0, 0, 1, 0, 1, 0]",10.13,9.22,17.46,6.41,155036.35
RXO,26.86,9,"[1, 1, 1, 1, 0, 1, 1, 1, 1, 1]",19.84,16.22,27.63,10.48,2848274.05
BTE,4.76,9,"[1, 1, 1, 1, 1, 1, 1, 1, 1, 0]",4.71,3.43,5.32,1.76,18579114.4
LION,13.4,10,"[1, 1, 1, 1, 1, 1, 1, 1, 1, 1]",11.99,8.87,14.95,5.59,3926196.5
TWST,69.22,10,"[1, 1, 1, 1, 1, 1, 1, 1, 1, 1]",57.26,40.93,73.93,24.16,1562987.95
FIBK,35.57,9,"[1, 1, 1, 1, 1, 1, 1, 1, 1, 0]",34.42,33.32,38.03,24.56,1167471.5
BFH,91.11,10,"[1, 1, 1, 1, 1, 1, 1, 1, 1, 1]",84.4,71.94,92.2,50.08,612032.0
BHF,62.65,8,"[1, 0, 1, 0, 1, 1, 1, 1, 1, 1]",61.73,59.15,66.01,43.36,507649.7
SLG,47.83,7,"[1, 1, 1, 0, 0, 0, 1, 1, 1, 1]",41.95,46.09,63.59,34.72,1028637.4
HYMC,26.43,6,"[0, 0, 1, 1, 1, 1, 1, 0, 1, 0]",36.55,24.62,55.74,3.08,2200364.1
OGN,13.36,9,"[1, 1, 1, 1, 0, 1, 1, 1, 1, 1]",10.99,8.88,13.46,5.69,3565607.1
SIG,83.29,3,"[0, 0, 0, 0, 0, 1, 0, 1, 1, 0]",85.95,90.98,105.59,73.94,927897.2
GNW,8.66,4,"[0, 0, 0, 1, 0, 1, 0, 1, 1, 0]",8.77,8.67,9.31,6.84,2505447.25
HWKN,155.07,5,"[0, 1, 1, 1, 0, 0, 0, 1, 1, 0]",157.61,152.74,183.81,119.87,144471.1
CTRI,29.84,7,"[0, 1, 1, 1, 1, 1, 1, 0, 1, 0]",32.62,26.72,41.8,19.37,1445107.15
RUN,13.35,3,"[0, 0, 0, 0, 0, 1, 1, 0, 1, 0]",13.56,16.73,21.41,5.78,8269698.65
ASO,51.75,4,"[0, 0, 0, 1, 1, 0, 0, 1, 1, 0]",54.35,52.8,61.02,41.51,1370225.8
HSAI,18.49,1,"[0, 0, 0, 0, 0, 0, 0, 0, 1, 0]",21.4,23.65,29.8,15.03,2042467.25
ATS,26.92,5,"[0, 0, 0, 1, 1, 1, 0, 1, 1, 0]",31.55,28.99,35.38,24.24,177450.15
CC,20.5,7,"[0, 1, 1, 1, 1, 1, 1, 0, 1, 0]",23.29,17.0,27.84,10.37,2552501.5
BKU,47.14,9,"[1, 1, 1, 1, 1, 1, 1, 1, 1, 0]",46.33,43.36,50.58,32.58,585167.5
TRMD,28.44,8,"[0, 1, 1, 1, 1, 1, 1, 1, 1, 0]",29.98,23.71,34.08,15.15,989932.75
VEON,51.4,4,"[0, 0, 0, 0, 0, 0, 1, 1, 1, 1]",51.91,52.31,62.72,38.27,119290.45
MANU,21.95,10,"[1, 1, 1, 1, 1, 1, 1, 1, 1, 1]",18.68,17.05,22.62,15.1,506055.7
AAP,56.81,7,"[1, 1, 1, 1, 0, 0, 1, 1, 1, 0]",55.42,52.49,65.49,38.35,2639840.75
AVNT,33.94,5,"[0, 0, 0, 1, 1, 1, 0, 1, 1, 0]",36.02,34.38,42.93,27.02,768864.2
CVI,33.15,9,"[1, 1, 1, 1, 0, 1, 1, 1, 1, 1]",32.85,30.84,39.89,20.66,743831.45
SA,29.42,6,"[0, 0, 1, 1, 1, 1, 1, 0, 1, 0]",30.56,28.0,39.35,14.08,923877.65
AMBA,63.52,3,"[0, 0, 0, 0, 0, 1, 1, 0, 1, 0]",67.75,72.33,95.51,48.65,1762197.15
APLE,15.64,10,"[1, 1, 1, 1, 1, 1, 1, 1, 1, 1]",13.31,12.01,15.67,10.55,2791294.3
CHEF,80.74,10,"[1, 1, 1, 1, 1, 1, 1, 1, 1, 1]",71.38,64.59,81.71,54.6,388743.1
BEAM,29.4,9,"[1, 1, 1, 1, 1, 1, 1, 1, 1, 0]",28.92,26.35,35.41,16.01,2098028.4
CWK,13.37,4,"[1, 0, 0, 0, 0, 0, 1, 1, 1, 0]",13.36,14.87,17.2,10.25,1934564.1
TNGX,20.22,7,"[0, 1, 1, 1, 1, 1, 1, 0, 1, 0]",22.47,13.26,27.77,4.16,2807115.15
EFXT,24.15,8,"[0, 1, 1, 1, 1, 1, 1, 1, 1, 0]",24.77,17.33,28.36,7.56,577668.35
DAVE,258.25,9,"[1, 1, 1, 1, 0, 1, 1, 1, 1, 1]",236.98,214.69,282.56,155.92,597372.8
IAC,41.7,8,"[0, 1, 1, 1, 1, 1, 1, 1, 1, 0]",42.32,37.78,45.38,31.52,1165853.95
FSM,8.69,4,"[0, 0, 0, 0, 1, 1, 1, 0, 1, 0]",9.97,9.64,13.66,6.22,5474129.4
VRNS,32.69,5,"[1, 1, 0, 0, 0, 0, 1, 0, 1, 1]",26.75,36.33,63.31,20.19,1918392.7
NATL,44.15,8,"[0, 1, 1, 1, 1, 1, 1, 1, 1, 0]",44.46,40.55,48.13,26.44,876257.25
ADEA,28.98,10,"[1, 1, 1, 1, 1, 1, 1, 1, 1, 1]",28.38,19.76,33.57,11.64,2541538.75
BTDR,17.47,8,"[1, 1, 1, 1, 0, 1, 1, 0, 1, 1]",12.93,13.58,25.9,7.28,11300083.75
BATRK,49.59,9,"[1, 1, 1, 1, 1, 1, 1, 1, 1, 0]",47.89,42.63,51.18,38.04,343837.6
SEZL,116.01,7,"[1, 1, 1, 1, 0, 0, 1, 0, 1, 1]",88.35,76.32,182.16,50.97,565542.35
BBAR,17.5,9,"[1, 1, 1, 0, 1, 1, 1, 1, 1, 1]",15.71,14.75,20.89,7.89,716492.15
PARR,55.66,8,"[0, 1, 1, 1, 1, 1, 1, 1, 1, 0]",61.65,45.5,69.2,21.34,1093042.5
VCYT,48.73,9,"[1, 1, 1, 0, 1, 1, 1, 1, 1, 1]",37.58,37.55,49.94,23.03,1188003.6
COLM,64.22,10,"[1, 1, 1, 1, 1, 1, 1, 1, 1, 1]",60.14,55.98,67.79,48.18,507873.9
FFBC,30.85,10,"[1, 1, 1, 1, 1, 1, 1, 1, 1, 1]",29.53,26.69,30.9,22.24,850140.2
FSLY,18.07,7,"[0, 1, 1, 1, 1, 1, 1, 0, 1, 0]",23.45,14.62,33.5,6.36,8874667.2
ZIM,25.24,8,"[0, 1, 1, 1, 1, 1, 1, 1, 1, 0]",25.97,20.52,28.55,12.03,1089712.25
RCUS,23.19,8,"[0, 1, 1, 1, 1, 1, 1, 1, 1, 0]",23.93,20.36,26.62,7.95,901812.85
CALY,14.8,9,"[0, 1, 1, 1, 1, 1, 1, 1, 1, 1]",14.9,12.48,17.52,6.43,3031671.2
BOH,77.06,9,"[1, 1, 1, 1, 1, 1, 1, 1, 1, 0]",76.83,70.14,79.96,58.13,359774.75
UNFI,55.52,10,"[1, 1, 1, 1, 1, 1, 1, 1, 1, 1]",49.15,39.19,55.52,21.3,524929.15
SXI,290.45,10,"[1, 1, 1, 1, 1, 1, 1, 1, 1, 1]",265.72,241.47,297.66,151.84,164652.2
PLAB,29.15,5,"[0, 0, 0, 1, 1, 1, 1, 0, 1, 0]",45.54,33.22,54.96,18.11,2096001.05
ERAS,11.97,8,"[0, 1, 1, 1, 1, 1, 1, 0, 1, 1]",14.24,8.0,22.47,1.26,4852116.15
VTMX,33.82,8,"[0, 1, 1, 1, 1, 1, 1, 1, 1, 0]",34.76,31.39,36.59,24.98,180813.85
EXTR,28.02,9,"[1, 1, 1, 1, 0, 1, 1, 1, 1, 1]",21.2,18.55,29.61,13.74,2243028.35
YETI,47.37,9,"[1, 1, 1, 0, 1, 1, 1, 1, 1, 1]",40.88,40.32,50.77,29.29,1754136.55
CARG,27.42,1,"[0, 0, 0, 0, 0, 0, 0, 0, 1, 0]",33.4,34.35,39.03,26.96,1690846.9
MPT,4.98,5,"[0, 0, 0, 0, 1, 1, 1, 1, 1, 0]",5.0,4.99,5.91,3.78,5006686.7
DNLI,19.52,8,"[0, 1, 1, 1, 1, 1, 1, 1, 1, 0]",19.58,18.09,22.74,12.75,1822998.05
BKD,12.34,6,"[0, 0, 1, 1, 1, 1, 1, 0, 1, 0]",13.47,11.64,16.77,6.57,3775037.7
CON,25.32,10,"[1, 1, 1, 1, 1, 1, 1, 1, 1, 1]",23.44,21.73,26.14,18.56,932183.55
ETOR,38.23,6,"[1, 1, 1, 1, 0, 0, 1, 0, 1, 0]",36.69,36.68,75.97,24.76,1326974.25
LXP,52.21,10,"[1, 1, 1, 1, 1, 1, 1, 1, 1, 1]",50.34,47.55,52.77,37.07,328236.7
MSGE,72.08,10,"[1, 1, 1, 1, 1, 1, 1, 1, 1, 1]",64.92,54.69,72.35,36.33,459651.65
BWLP,20.5,10,"[1, 1, 1, 1, 1, 1, 1, 1, 1, 1]",19.38,15.3,22.61,10.64,539407.05
KYIV,13.73,9,"[1, 1, 1, 0, 1, 1, 1, 1, 1, 1]",12.42,12.43,15.17,9.33,740594.35
BHE,83.92,10,"[1, 1, 1, 1, 1, 1, 1, 1, 1, 1]",74.18,53.26,89.01,35.72,385742.55
CAKE,66.13,9,"[1, 1, 1, 1, 1, 0, 1, 1, 1, 1]",60.38,56.22,67.17,42.72,1036045.35
HG,30.49,8,"[0, 1, 1, 1, 1, 1, 1, 1, 1, 0]",30.94,26.56,32.79,19.19,462991.05
DHT,16.65,8,"[0, 1, 1, 1, 1, 1, 1, 1, 1, 0]",17.37,14.08,18.96,10.09,2922326.15
AEHR,98.45,10,"[1, 1, 1, 1, 1, 1, 1, 1, 1, 1]",83.28,41.54,116.58,11.15,2513316.55
OLN,24.54,8,"[0, 1, 1, 1, 1, 1, 1, 1, 1, 0]",27.32,23.77,29.93,17.63,2033604.0
SBLK,27.32,10,"[1, 1, 1, 1, 1, 1, 1, 1, 1, 1]",25.48,21.37,28.21,16.06,1382382.55
VC,117.46,9,"[1, 1, 1, 1, 0, 1, 1, 1, 1, 1]",105.97,104.88,127.5,82.51,438957.4
TTAM,15.67,4,"[0, 0, 0, 0, 1, 1, 0, 1, 1, 0]",15.93,16.07,19.13,12.16,258864.8
BKV,25.95,6,"[0, 0, 0, 1, 1, 1, 1, 1, 1, 0]",28.35,26.63,32.16,19.68,733103.3
HIMX,20.08,10,"[1, 1, 1, 1, 1, 1, 1, 1, 1, 1]",14.48,9.88,24.19,6.93,6143483.75
BANC,19.27,9,"[1, 1, 1, 0, 1, 1, 1, 1, 1, 1]",18.56,18.13,20.95,13.1,2854045.95
SBCF,30.16,4,"[0, 0, 0, 0, 1, 1, 0, 1, 1, 0]",30.95,31.18,34.87,24.18,695425.7
KN,37.26,10,"[1, 1, 1, 1, 1, 1, 1, 1, 1, 1]",32.22,25.75,39.36,16.79,1043158.55
ALMS,19.06,6,"[0, 0, 1, 1, 1, 1, 1, 0, 1, 0]",23.19,15.83,29.98,2.8,952784.05
SDRL,44.38,8,"[0, 1, 1, 1, 1, 1, 1, 1, 1, 0]",48.27,38.21,54.8,25.17,684036.0
CRVL,59.87,4,"[1, 0, 0, 0, 0, 0, 1, 0, 1, 1]",57.26,66.29,109.56,46.0,226362.5
ITGR,91.98,7,"[1, 1, 1, 1, 0, 0, 1, 0, 1, 1]",87.68,86.87,122.97,63.32,547538.1
SUPN,44.75,5,"[0, 0, 0, 0, 1, 1, 1, 1, 1, 0]",49.19,48.99,57.0,31.16,619178.5
XXI,5.64,1,"[0, 0, 0, 0, 0, 0, 0, 0, 1, 0]",7.43,12.19,40.01,5.64,1342378.95
LFST,7.41,9,"[1, 1, 1, 1, 1, 1, 1, 1, 1, 0]",7.21,6.51,8.85,3.79,4912356.15
TDC,33.7,10,"[1, 1, 1, 1, 1, 1, 1, 1, 1, 1]",29.34,27.2,37.88,20.11,2319521.6
NMRK,14.61,3,"[0, 0, 0, 0, 0, 0, 1, 1, 1, 0]",15.27,16.55,19.43,11.05,1345546.85
ERO,25.78,6,"[0, 0, 1, 1, 1, 1, 1, 0, 1, 0]",28.2,25.51,38.03,12.98,1388582.1
JOYY,66.09,9,"[1, 1, 1, 0, 1, 1, 1, 1, 1, 1]",59.84,59.6,68.86,44.65,337285.45
EXK,8.0,4,"[0, 0, 0, 0, 1, 1, 1, 0, 1, 0]",9.59,9.32,14.12,4.49,7237420.75
SHOO,44.03,9,"[1, 1, 1, 0, 1, 1, 1, 1, 1, 1]",38.82,37.41,45.95,22.62,946915.75
PHIN,79.48,10,"[1, 1, 1, 1, 1, 1, 1, 1, 1, 1]",74.08,64.31,82.25,41.48,296000.55
ARX,14.99,7,"[1, 1, 1, 1, 0, 0, 1, 0, 1, 1]",14.24,14.6,30.05,9.36,1507508.1
KALU,176.9,10,"[1, 1, 1, 1, 1, 1, 1, 1, 1, 1]",161.24,117.38,190.34,71.09,217616.9
DBRG,15.66,10,"[1, 1, 1, 1, 1, 1, 1, 1, 1, 1]",15.59,13.81,15.71,9.16,2398642.5
PAGS,8.53,3,"[0, 0, 0, 0, 1, 1, 0, 0, 1, 0]",9.85,9.73,11.72,7.57,3828292.85
CECO,78.02,9,"[1, 1, 1, 1, 1, 1, 1, 1, 1, 0]",72.81,60.73,89.87,26.19,950649.25
WT,18.18,9,"[1, 1, 1, 1, 1, 1, 1, 1, 1, 0]",17.41,14.61,19.81,9.83,2725452.6
PFS,22.5,10,"[1, 1, 1, 1, 1, 1, 1, 1, 1, 1]",21.93,20.25,23.28,15.25,891993.3
TRN,32.76,8,"[0, 1, 1, 1, 1, 1, 1, 1, 1, 0]",33.22,29.42,36.64,22.59,747542.55
DYN,17.04,4,"[0, 0, 0, 0, 1, 1, 1, 0, 1, 0]",18.26,17.43,24.29,8.18,1450263.7
GEO,25.31,8,"[1, 1, 1, 1, 0, 0, 1, 1, 1, 1]",20.21,17.98,26.96,13.26,1648503.05
LCII,94.26,3,"[0, 0, 0, 0, 1, 1, 0, 0, 1, 0]",115.01,114.72,154.08,82.3,280668.95
TNK,72.2,8,"[0, 1, 1, 1, 1, 1, 1, 1, 1, 0]",74.77,62.24,81.69,40.68,387673.8
BTU,28.1,6,"[1, 0, 0, 0, 1, 1, 1, 0, 1, 1]",27.75,29.03,39.38,12.52,3946187.05
NTCT,40.59,10,"[1, 1, 1, 1, 1, 1, 1, 1, 1, 1]",36.13,29.52,43.43,20.77,684519.3
DK,48.28,10,"[1, 1, 1, 1, 1, 1, 1, 1, 1, 1]",43.84,36.33,49.04,18.38,1129870.15
PTRN,19.55,7,"[1, 1, 0, 1, 0, 0, 1, 1, 1, 1]",15.17,19.55,20.45,9.59,1574129.15
GRND,10.9,2,"[0, 0, 0, 1, 0, 0, 0, 0, 1, 0]",12.93,13.2,23.46,9.85,1952495.05
TXG,31.04,10,"[1, 1, 1, 1, 1, 1, 1, 1, 1, 1]",23.61,18.34,33.5,9.42,3158359.55
CLMT,35.17,10,"[1, 1, 1, 1, 1, 1, 1, 1, 1, 1]",33.45,24.27,37.41,13.17,929322.2
AEO,16.44,4,"[0, 0, 0, 0, 1, 1, 1, 0, 1, 0]",17.06,19.35,27.87,9.02,6186593.3
INOD,101.97,9,"[1, 1, 1, 1, 0, 1, 1, 1, 1, 1]",64.64,59.47,121.5,34.45,3504739.7
GPCR,37.58,4,"[0, 0, 0, 0, 1, 1, 1, 0, 1, 0]",44.05,47.16,93.79,16.2,632538.4
IHS,8.3,10,"[1, 1, 1, 1, 1, 1, 1, 1, 1, 1]",8.26,7.57,8.73,5.45,1176978.65
AYA,17.14,8,"[0, 1, 1, 1, 1, 1, 1, 1, 1, 0]",17.78,14.73,21.63,8.33,452413.1
SLNO,53.01,6,"[1, 1, 1, 0, 0, 0, 1, 0, 1, 1]",45.79,52.4,88.49,30.05,1749339.8
SPNT,21.72,7,"[0, 1, 1, 1, 1, 1, 0, 1, 1, 0]",22.68,20.61,23.86,17.48,779398.25
KMT,32.63,7,"[0, 0, 1, 1, 1, 1, 1, 1, 1, 0]",36.64,30.57,43.04,19.42,1587142.45
STUB,9.29,5,"[1, 0, 0, 0, 1, 0, 1, 0, 1, 1]",7.79,9.29,22.0,6.09,6343796.85
FA,15.88,8,"[1, 1, 1, 1, 0, 0, 1, 1, 1, 1]",13.57,13.7,18.59,8.95,938806.8
NKTR,57.32,5,"[0, 0, 0, 1, 1, 1, 1, 0, 1, 0]",76.48,59.36,100.35,8.51,1001698.45
EOSE,7.08,5,"[1, 0, 0, 0, 0, 1, 1, 0, 1, 1]",6.93,10.7,19.19,3.84,32704059.15
UAA,5.56,5,"[0, 0, 1, 1, 1, 0, 1, 0, 1, 0]",5.9,5.54,8.14,4.17,10121722.7
UA,5.39,5,"[0, 0, 1, 1, 1, 0, 1, 0, 1, 0]",5.75,5.38,7.88,3.96,3664676.3
DBD,81.14,10,"[1, 1, 1, 1, 1, 1, 1, 1, 1, 1]",79.25,69.4,88.77,50.0,276031.2
BKE,44.82,2,"[0, 0, 0, 0, 0, 0, 0, 1, 1, 0]",51.16,51.88,57.1,39.37,520132.9
UNIT,11.68,10,"[1, 1, 1, 1, 1, 1, 1, 1, 1, 1]",10.98,7.94,11.98,5.36,2157001.1
ARCB,155.09,10,"[1, 1, 1, 1, 1, 1, 1, 1, 1, 1]",119.21,89.86,155.09,59.5,298787.2
NN,21.6,10,"[1, 1, 1, 1, 1, 1, 1, 1, 1, 1]",19.29,16.35,23.59,11.37,2835392.1
HOG,24.49,8,"[1, 1, 1, 1, 0, 0, 1, 1, 1, 1]",23.29,23.25,30.28,17.19,2387558.55
ATRO,84.72,10,"[1, 1, 1, 1, 1, 1, 1, 1, 1, 1]",76.33,61.74,88.17,30.01,607920.45
CLDX,28.62,8,"[0, 1, 1, 1, 1, 1, 1, 1, 1, 0]",32.06,27.6,34.55,20.01,783731.55
VAC,89.49,9,"[1, 1, 1, 1, 0, 1, 1, 1, 1, 1]",73.38,64.4,90.67,43.9,550931.6
ARQT,21.23,5,"[0, 0, 0, 0, 1, 1, 1, 0, 1, 1]",22.51,23.6,31.2,13.26,2017780.2
GRAL,59.98,5,"[1, 0, 0, 0, 1, 1, 1, 0, 1, 0]",57.02,70.24,116.06,31.42,847421.4
VISN,11.75,9,"[1, 1, 1, 1, 1, 1, 1, 1, 1, 0]",10.69,9.04,12.8,2.78,6515265.5
TARS,59.28,4,"[0, 0, 0, 0, 1, 1, 1, 0, 1, 0]",64.56,68.07,82.51,38.82,773575.75
NGVT,65.99,8,"[0, 1, 1, 1, 1, 1, 1, 1, 1, 0]",71.79,63.04,77.87,40.4,238580.9
AMSC,42.34,6,"[0, 1, 1, 1, 0, 1, 1, 0, 1, 0]",45.62,42.13,66.68,25.95,1338780.15
WAFD,35.57,10,"[1, 1, 1, 1, 1, 1, 1, 1, 1, 1]",34.12,31.71,35.96,26.72,504178.85
HUN,14.21,9,"[1, 1, 1, 1, 1, 1, 1, 1, 1, 0]",13.98,11.27,15.47,7.31,4432148.7
HUBG,42.93,8,"[1, 1, 1, 0, 1, 1, 1, 1, 1, 0]",40.67,39.62,52.34,32.33,867216.5
TRMK,44.15,9,"[1, 1, 1, 1, 1, 1, 1, 1, 1, 0]",43.86,40.85,45.24,32.86,352541.6
IRON,67.0,4,"[0, 0, 0, 0, 1, 1, 1, 0, 1, 0]",67.69,72.76,94.11,50.02,502983.35
CUBI,73.87,8,"[0, 1, 1, 1, 1, 1, 1, 1, 1, 0]",74.55,71.26,81.21,50.35,346792.65
VERA,32.29,4,"[0, 0, 0, 0, 1, 1, 1, 0, 1, 0]",37.63,36.67,55.67,19.25,1139798.7
ICHR,62.91,8,"[0, 1, 1, 1, 1, 1, 1, 1, 1, 0]",64.39,35.49,76.95,14.06,1086004.45
RARE,21.91,1,"[0, 0, 0, 0, 0, 0, 0, 0, 1, 0]",23.77,27.28,41.44,18.5,1551991.05
KOD,31.05,7,"[0, 1, 1, 1, 1, 1, 1, 0, 1, 0]",40.11,25.3,46.44,3.53,710564.55
SAH,82.16,9,"[1, 1, 1, 1, 0, 1, 1, 1, 1, 1]",73.99,68.52,87.27,57.92,298032.65
DRD,23.66,4,"[0, 0, 0, 0, 1, 1, 1, 0, 1, 0]",28.43,28.86,38.8,12.84,255819.0
HE,13.54,7,"[0, 0, 1, 1, 1, 1, 1, 1, 1, 0]",14.6,13.41,17.08,10.25,2094576.1
IMNM,18.58,5,"[0, 0, 0, 1, 1, 1, 1, 0, 1, 0]",22.06,18.96,26.97,8.4,1220845.5
FRSH,9.45,4,"[1, 0, 0, 0, 0, 0, 1, 0, 1, 1]",8.67,10.48,15.95,6.88,11209312.45
NSIT,111.07,7,"[1, 1, 1, 0, 0, 0, 1, 1, 1, 1]",82.69,92.18,146.66,64.43,632802.1
HTFL,28.1,3,"[0, 0, 0, 1, 0, 0, 1, 0, 1, 0]",28.82,30.01,39.91,20.49,1196999.6
OSW,24.07,9,"[1, 1, 1, 1, 1, 1, 1, 1, 1, 0]",23.92,21.83,25.27,18.39,532309.15
SEDG,63.17,10,"[1, 1, 1, 1, 1, 1, 1, 1, 1, 1]",50.93,39.25,78.51,15.96,4804278.45
ROG,137.67,10,"[1, 1, 1, 1, 1, 1, 1, 1, 1, 1]",129.14,100.52,154.22,64.78,276630.35
ATKR,80.61,10,"[1, 1, 1, 1, 1, 1, 1, 1, 1, 1]",72.76,65.84,85.41,52.77,510152.4
TALO,14.44,8,"[0, 1, 1, 1, 1, 1, 1, 1, 1, 0]",15.29,12.15,16.59,7.79,1762732.0
IDYA,28.29,5,"[0, 0, 0, 0, 1, 1, 1, 0, 1, 1]",30.09,31.0,37.86,21.02,780069.25
ELVN,34.71,7,"[0, 1, 1, 1, 1, 1, 1, 0, 1, 0]",41.5,27.31,48.11,15.14,778342.2
DGII,65.95,10,"[1, 1, 1, 1, 1, 1, 1, 1, 1, 1]",58.68,45.93,69.82,31.14,367311.25
LWLG,10.14,7,"[0, 1, 1, 1, 1, 1, 1, 0, 1, 0]",12.11,6.24,18.22,1.1,8009319.3
TMC,5.12,1,"[0, 0, 0, 0, 0, 0, 0, 0, 1, 0]",5.26,6.24,10.69,4.1,6390341.25
LMAT,94.48,6,"[0, 0, 1, 1, 1, 1, 0, 1, 1, 0]",105.7,94.01,117.1,79.04,312086.05
MTX,75.83,9,"[1, 1, 1, 1, 1, 1, 1, 1, 1, 0]",74.42,66.13,82.71,52.91,215276.2
BRZE,22.91,4,"[1, 0, 0, 0, 0, 0, 1, 0, 1, 1]",22.79,25.59,36.19,15.79,3580880.3
AAMI,74.0,10,"[1, 1, 1, 1, 1, 1, 1, 1, 1, 1]",66.47,53.3,75.82,30.41,412355.3
RLAY,13.52,9,"[0, 1, 1, 1, 1, 1, 1, 1, 1, 1]",13.6,8.81,16.8,3.06,5038574.05
MLYS,23.69,3,"[0, 0, 0, 0, 0, 1, 1, 0, 1, 0]",27.99,32.76,47.33,12.87,1752706.45
FBNC,59.27,10,"[1, 1, 1, 1, 1, 1, 1, 1, 1, 1]",58.17,54.56,61.96,39.58,205130.5
ANDE,72.81,9,"[0, 1, 1, 1, 1, 1, 1, 1, 1, 1]",73.19,57.69,79.42,34.09,279505.0
VNET,8.84,4,"[0, 0, 0, 0, 1, 1, 1, 0, 1, 0]",9.19,9.62,14.03,5.44,12560354.05
HTO,57.43,9,"[0, 1, 1, 1, 1, 1, 1, 1, 1, 1]",57.71,51.72,60.84,43.73,446631.35
DXPE,157.4,10,"[1, 1, 1, 1, 1, 1, 1, 1, 1, 1]",153.47,128.78,181.51,76.6,160666.55
PTON,5.77,5,"[1, 1, 0, 0, 0, 0, 1, 0, 1, 1]",5.21,6.12,9.0,3.71,17026464.5
SGML,13.28,6,"[0, 0, 1, 1, 1, 1, 1, 0, 1, 0]",17.41,11.68,23.65,4.28,3831709.65
TENB,27.85,7,"[1, 1, 1, 0, 0, 0, 1, 1, 1, 1]",21.49,24.56,35.46,16.04,4006294.45
DFTX,23.55,10,"[1, 1, 1, 1, 1, 1, 1, 1, 1, 1]",21.84,15.64,24.59,6.49,1914015.15
VERX,13.16,2,"[1, 0, 0, 0, 0, 0, 0, 0, 1, 0]",12.68,18.23,41.07,10.8,1588114.1
PLUS,82.32,6,"[0, 0, 1, 0, 1, 1, 1, 1, 1, 0]",83.0,80.94,92.78,61.7,247474.45
AMPX,19.69,10,"[1, 1, 1, 1, 1, 1, 1, 1, 1, 1]",18.62,13.24,22.91,2.9,9863376.45
AMR,202.38,10,"[1, 1, 1, 1, 1, 1, 1, 1, 1, 1]",195.45,183.52,249.65,99.46,287588.9
COHU,49.81,10,"[1, 1, 1, 1, 1, 1, 1, 1, 1, 1]",44.07,29.71,57.59,17.86,1567118.85
AESI,16.68,9,"[1, 1, 1, 1, 1, 1, 1, 1, 1, 0]",16.04,12.18,19.75,8.1,3101021.05
NESR,23.9,9,"[0, 1, 1, 1, 1, 1, 1, 1, 1, 1]",24.14,17.58,26.84,5.72,1920659.75
WTTR,18.01,10,"[1, 1, 1, 1, 1, 1, 1, 1, 1, 1]",16.94,12.61,20.04,7.78,1766735.1
ACHC,24.48,8,"[0, 1, 1, 1, 0, 1, 1, 1, 1, 1]",25.53,20.79,28.26,11.68,2462184.95
MNR,13.45,10,"[1, 1, 1, 1, 1, 1, 1, 1, 1, 1]",13.12,11.86,14.26,9.93,510461.7
CSGS,80.69,10,"[1, 1, 1, 1, 1, 1, 1, 1, 1, 1]",80.13,74.06,80.69,59.97,353613.6
GRDN,40.48,10,"[1, 1, 1, 1, 1, 1, 1, 1, 1, 1]",37.61,31.62,40.8,19.67,406230.4
CEPU,14.64,7,"[0, 0, 1, 0, 1, 1, 1, 1, 1, 1]",15.1,14.08,17.95,7.68,321399.9
PRDO,34.27,6,"[0, 1, 1, 1, 0, 1, 0, 1, 1, 0]",34.76,32.84,37.77,27.01,686011.35
HLIO,81.27,10,"[1, 1, 1, 1, 1, 1, 1, 1, 1, 1]",72.4,62.18,85.94,31.04,427339.25
WOLF,55.06,6,"[1, 1, 0, 1, 0, 0, 1, 0, 1, 1]",39.84,55.06,73.5,14.8,10996654.7
NTB,57.91,10,"[1, 1, 1, 1, 1, 1, 1, 1, 1, 1]",55.16,49.04,57.91,40.26,207582.15
FUN,20.72,6,"[1, 1, 1, 1, 0, 0, 1, 0, 1, 0]",19.34,18.81,33.25,12.83,1986185.1
BLBD,69.68,9,"[1, 1, 1, 1, 1, 1, 1, 1, 1, 0]",64.89,56.69,72.74,40.56,525418.3
KEEL,5.13,9,"[1, 1, 1, 1, 0, 1, 1, 1, 1, 1]",3.6,2.96,6.47,0.75,44999027.65
PENG,59.86,10,"[1, 1, 1, 1, 1, 1, 1, 1, 1, 1]",37.03,25.27,71.41,16.24,3901267.0
AXGN,42.8,9,"[1, 1, 1, 1, 1, 1, 1, 1, 1, 0]",38.55,29.17,43.74,9.29,809540.45
PENN,19.23,8,"[1, 1, 1, 1, 0, 0, 1, 1, 1, 1]",16.6,15.94,20.47,11.76,3399909.25
CMPR,94.55,10,"[1, 1, 1, 1, 1, 1, 1, 1, 1, 1]",87.19,73.54,104.48,42.62,212296.4
FLOC,23.18,8,"[0, 1, 1, 1, 1, 1, 1, 1, 1, 0]",23.97,19.71,28.09,14.08,757442.35
DRH,11.61,10,"[1, 1, 1, 1, 1, 1, 1, 1, 1, 1]",10.38,9.12,11.61,7.16,1790077.1
XIFR,11.62,9,"[1, 1, 1, 1, 0, 1, 1, 1, 1, 1]",10.94,10.23,12.77,8.08,1193382.0
ADPT,16.9,9,"[1, 1, 1, 0, 1, 1, 1, 1, 1, 1]",14.17,15.26,20.46,10.09,1766279.25
HTH,37.37,9,"[1, 1, 1, 1, 1, 1, 1, 1, 1, 0]",37.05,35.17,39.6,28.58,312643.85
CTOS,9.68,9,"[1, 1, 1, 1, 1, 1, 1, 1, 1, 0]",8.65,6.85,10.1,4.64,840099.15
DRVN,13.0,1,"[0, 0, 0, 0, 0, 0, 0, 0, 1, 0]",13.06,14.63,19.21,10.3,1639969.35
RDW,18.45,9,"[1, 1, 1, 1, 1, 1, 1, 0, 1, 1]",12.62,9.58,25.9,5.06,60801432.8
VVX,84.94,10,"[1, 1, 1, 1, 1, 1, 1, 1, 1, 1]",71.36,63.28,84.94,44.53,606252.2
BCRX,8.41,8,"[0, 1, 1, 1, 1, 1, 1, 1, 1, 0]",9.05,7.92,11.11,6.24,4773629.95
TIC,8.38,2,"[1, 0, 0, 0, 0, 0, 0, 0, 1, 0]",8.36,10.13,14.49,6.57,2104095.05
WERN,43.46,10,"[1, 1, 1, 1, 1, 1, 1, 1, 1, 1]",35.38,30.82,43.46,22.94,1047675.45
CENTA,35.31,10,"[1, 1, 1, 1, 1, 1, 1, 1, 1, 1]",33.78,31.44,37.27,26.27,301216.8
QUBT,9.95,4,"[1, 0, 0, 0, 0, 0, 1, 0, 1, 1]",9.41,12.04,24.62,6.31,33722904.4
THR,61.14,10,"[1, 1, 1, 1, 1, 1, 1, 1, 1, 1]",58.1,41.44,71.25,24.1,828715.35
ECO,47.74,8,"[0, 1, 1, 1, 1, 1, 1, 1, 1, 0]",50.51,38.37,54.8,20.31,539703.0
BHC,5.37,1,"[0, 0, 0, 0, 0, 0, 0, 0, 1, 0]",5.48,6.22,8.34,4.76,1821066.55
NMM,71.68,10,"[1, 1, 1, 1, 1, 1, 1, 1, 1, 1]",70.96,58.16,76.62,37.44,143834.35
MBIN,47.51,10,"[1, 1, 1, 1, 1, 1, 1, 1, 1, 1]",46.45,38.27,49.89,28.93,114087.05
FLYW,14.4,9,"[1, 1, 1, 1, 1, 1, 1, 1, 1, 0]",14.22,13.45,17.73,10.27,2170493.15
PBI,16.86,10,"[1, 1, 1, 1, 1, 1, 1, 1, 1, 1]",14.22,11.42,16.92,8.89,2971617.6
WLY,44.16,9,"[1, 1, 1, 1, 0, 1, 1, 1, 1, 1]",40.65,35.94,44.16,28.52,340675.8
CMRE,15.99,7,"[0, 0, 1, 1, 1, 1, 1, 1, 1, 0]",16.72,15.01,17.79,8.59,518557.75
SLDE,16.74,5,"[0, 0, 0, 1, 1, 1, 1, 0, 1, 0]",18.29,16.94,23.3,12.74,1213036.3
OCUL,8.25,1,"[0, 0, 0, 0, 0, 0, 0, 0, 1, 0]",8.88,10.67,16.11,6.88,2650082.85
ESTA,74.31,9,"[1, 1, 1, 0, 1, 1, 1, 1, 1, 1]",66.69,61.48,79.67,33.62,436364.05
SRPT,15.75,4,"[0, 0, 0, 1, 0, 1, 1, 0, 1, 0]",19.88,19.86,43.01,11.93,3095512.15
IMOS,57.66,9,"[1, 1, 1, 1, 1, 1, 1, 1, 1, 0]",48.83,33.53,70.26,15.09,117855.25
NVCR,17.16,10,"[1, 1, 1, 1, 1, 1, 1, 1, 1, 1]",14.5,13.13,18.46,10.03,1586812.0
DEI,12.2,8,"[1, 1, 1, 1, 0, 0, 1, 1, 1, 1]",10.85,11.68,16.09,8.99,2829999.6
EZPW,31.95,9,"[1, 1, 1, 1, 1, 1, 1, 1, 1, 0]",30.95,23.07,34.65,13.13,712078.6
PDFS,51.45,10,"[1, 1, 1, 1, 1, 1, 1, 1, 1, 1]",43.88,32.22,56.39,18.97,1064549.3
TRVI,13.33,8,"[0, 1, 1, 1, 1, 1, 1, 1, 1, 0]",13.8,11.5,15.4,5.47,1144248.1
DCO,149.89,10,"[1, 1, 1, 1, 1, 1, 1, 1, 1, 1]",140.51,112.4,152.24,73.77,229627.3
WS,41.52,10,"[1, 1, 1, 1, 1, 1, 1, 1, 1, 1]",37.12,35.56,48.45,24.15,220476.55
STOK,30.01,6,"[0, 0, 0, 1, 1, 1, 1, 1, 1, 0]",32.68,30.28,38.35,11.13,575617.65
DHC,8.53,10,"[1, 1, 1, 1, 1, 1, 1, 1, 1, 1]",7.81,5.79,9.13,3.25,1706033.1
TYRA,26.64,6,"[0, 0, 1, 1, 1, 1, 1, 0, 1, 0]",34.72,25.49,39.61,9.1,787942.0
SEM,16.54,10,"[1, 1, 1, 1, 1, 1, 1, 1, 1, 1]",16.39,14.82,16.54,11.56,1749680.05
CLBK,20.27,10,"[1, 1, 1, 1, 1, 1, 1, 1, 1, 1]",18.94,16.8,20.39,13.73,415156.2
MGNI,14.68,5,"[1, 1, 0, 0, 0, 0, 1, 0, 1, 1]",13.15,15.94,26.52,11.2,2616599.75
NGL,15.22,9,"[1, 1, 1, 1, 1, 1, 1, 1, 1, 0]",15.14,10.53,18.11,3.8,351943.85
NTST,19.99,8,"[1, 1, 1, 1, 1, 1, 0, 1, 1, 0]",19.96,18.57,20.74,15.48,1246001.1
ANAB,50.37,7,"[0, 1, 1, 1, 1, 1, 1, 0, 1, 0]",54.42,34.17,69.78,12.93,569859.65
PSNY,18.9,4,"[0, 1, 0, 1, 0, 0, 1, 0, 1, 0]",19.89,21.4,41.1,12.01,176447.55
NEXT,8.53,7,"[1, 1, 1, 1, 0, 0, 1, 0, 1, 1]",7.97,6.72,12.0,4.8,2780281.75
BBAI,4.2,4,"[1, 0, 0, 0, 0, 0, 1, 0, 1, 1]",3.99,5.27,8.91,3.04,49293023.25
ATEN,30.57,10,"[1, 1, 1, 1, 1, 1, 1, 1, 1, 1]",27.11,20.44,32.64,16.47,1020465.2
GTY,32.98,8,"[0, 1, 1, 1, 1, 1, 1, 1, 1, 0]",33.02,29.45,34.61,24.79,386943.2
OMCL,43.0,8,"[1, 1, 1, 0, 1, 1, 1, 1, 1, 0]",40.01,38.45,51.39,26.88,476784.05
SION,35.37,6,"[0, 0, 0, 1, 1, 1, 1, 1, 1, 0]",40.43,36.72,45.95,13.85,386509.0
SOC,12.25,4,"[0, 1, 0, 1, 0, 0, 1, 0, 1, 0]",14.17,13.22,31.69,4.12,3550311.3
BW,16.36,8,"[0, 1, 1, 1, 1, 1, 1, 0, 1, 1]",17.16,9.16,21.85,0.88,4358086.95
BSTZ,29.05,10,"[1, 1, 1, 1, 1, 1, 1, 1, 1, 1]",26.22,22.48,31.56,17.51,235296.65
NEOG,8.9,8,"[0, 1, 1, 1, 1, 1, 1, 1, 1, 0]",9.17,7.94,11.33,4.65,2846940.45
UTI,43.57,10,"[1, 1, 1, 1, 1, 1, 1, 1, 1, 1]",37.8,31.48,44.9,21.77,1551568.65
INBX,87.01,7,"[0, 1, 1, 1, 1, 1, 1, 0, 1, 0]",99.49,72.1,141.84,13.92,476930.05
AUPH,15.84,10,"[1, 1, 1, 1, 1, 1, 1, 1, 1, 1]",15.64,14.41,16.42,7.47,1353683.95
TSHA,5.5,8,"[0, 1, 1, 1, 1, 1, 1, 1, 1, 0]",5.71,4.76,6.98,2.31,2150775.1
GNL,9.39,10,"[1, 1, 1, 1, 1, 1, 1, 1, 1, 1]",9.34,8.5,9.76,6.41,2094915.65
MBX,30.28,6,"[0, 0, 1, 1, 1, 1, 1, 0, 1, 0]",32.04,27.59,43.14,9.73,740791.35
WSR,19.06,10,"[1, 1, 1, 1, 1, 1, 1, 1, 1, 1]",18.5,14.76,19.08,11.28,473505.25
ASTH,37.99,9,"[1, 1, 1, 1, 0, 1, 1, 1, 1, 1]",33.56,27.92,39.76,18.16,465995.9
LAC,4.53,3,"[0, 0, 0, 0, 0, 1, 1, 0, 1, 0]",4.87,5.0,10.05,2.53,13183639.85
IMAX,38.97,10,"[1, 1, 1, 1, 1, 1, 1, 1, 1, 1]",36.96,35.4,42.83,24.51,1144872.15
FIGS,11.87,6,"[0, 0, 1, 1, 1, 1, 1, 0, 1, 0]",13.79,11.06,17.12,5.03,3532102.7
MD,22.61,9,"[1, 1, 1, 1, 1, 1, 1, 1, 1, 0]",22.2,20.46,24.65,11.98,784688.25
NWL,3.72,1,"[0, 0, 0, 0, 0, 0, 0, 0, 1, 0]",3.81,4.15,6.05,2.94,8545442.75
PHVS,31.09,10,"[1, 1, 1, 1, 1, 1, 1, 1, 1, 1]",29.26,26.04,32.94,16.56,384312.25
PUMP,14.74,8,"[0, 1, 1, 1, 1, 1, 1, 1, 1, 0]",15.69,10.77,18.2,4.52,5383303.9
LC,17.15,9,"[1, 1, 1, 0, 1, 1, 1, 1, 1, 1]",16.2,16.94,21.58,10.46,1718548.1
AGM,180.99,8,"[1, 1, 1, 1, 0, 1, 1, 1, 1, 0]",169.29,169.18,204.24,139.0,132341.9
RAMP,37.42,10,"[1, 1, 1, 1, 1, 1, 1, 1, 1, 1]",30.91,28.35,37.83,22.42,2925929.6
LAR,8.63,7,"[0, 1, 1, 1, 1, 1, 1, 0, 1, 0]",9.24,6.36,11.79,1.91,2632438.55
STEL,37.59,10,"[1, 1, 1, 1, 1, 1, 1, 1, 1, 1]",37.22,33.65,39.54,26.1,289899.0
PRKS,40.77,7,"[1, 1, 1, 1, 0, 0, 1, 0, 1, 1]",35.92,39.85,55.21,29.73,1152445.75
SNDX,17.34,5,"[0, 0, 0, 1, 1, 1, 1, 0, 1, 0]",21.53,19.4,25.15,8.73,1764626.1
JBLU,4.85,4,"[0, 0, 0, 1, 0, 1, 0, 1, 1, 0]",4.95,4.9,6.46,4.01,24615612.7
ARCO,8.2,7,"[0, 1, 1, 1, 1, 1, 0, 1, 1, 0]",8.67,7.71,9.5,6.37,1349862.6
NEXA,13.05,8,"[0, 1, 1, 1, 1, 1, 1, 1, 1, 0]",13.84,9.58,16.72,4.66,1158059.95
AGRO,11.42,8,"[0, 1, 1, 1, 1, 1, 1, 1, 1, 0]",13.46,9.74,15.18,7.07,824721.35
HTZ,5.09,3,"[0, 0, 0, 1, 0, 0, 1, 0, 1, 0]",5.77,5.46,7.97,3.89,6776341.2
SPB,81.55,10,"[1, 1, 1, 1, 1, 1, 1, 1, 1, 1]",78.99,65.23,84.9,49.33,394836.75
BLX,56.21,10,"[1, 1, 1, 1, 1, 1, 1, 1, 1, 1]",53.9,47.32,56.95,38.29,167969.2
MESO,13.95,2,"[0, 0, 0, 0, 0, 0, 1, 0, 1, 0]",15.07,16.28,20.96,10.16,172385.95
OCS,11.21,4,"[0, 0, 0, 1, 1, 1, 0, 0, 1, 0]",26.44,23.09,32.65,11.21,1141384.05
ANIP,81.11,6,"[1, 1, 0, 0, 0, 1, 1, 1, 1, 0]",79.17,83.53,98.81,61.96,425706.55
PGNY,25.86,9,"[1, 1, 1, 0, 1, 1, 1, 1, 1, 1]",20.5,21.94,28.42,16.3,1786601.2
INVX,26.79,9,"[0, 1, 1, 1, 1, 1, 1, 1, 1, 1]",27.1,23.11,31.05,15.08,448134.05
CASH,79.89,5,"[0, 0, 0, 1, 1, 1, 0, 1, 1, 0]",87.54,80.69,99.93,66.39,191184.5
RAPP,36.1,9,"[1, 1, 1, 1, 1, 1, 1, 1, 1, 0]",35.68,28.95,39.93,10.88,284608.1
SNDA,34.38,8,"[0, 1, 1, 1, 1, 1, 1, 1, 1, 0]",35.23,31.72,38.78,23.92,678285.1
FIHL,21.81,10,"[1, 1, 1, 1, 1, 1, 1, 1, 1, 1]",20.97,19.01,23.65,14.51,514761.05
TPB,86.55,4,"[1, 0, 0, 0, 1, 1, 0, 0, 1, 0]",83.45,98.77,142.85,70.59,406769.15
VET,11.34,8,"[0, 1, 1, 1, 1, 1, 1, 1, 1, 0]",12.55,9.8,14.42,7.01,1436840.5
BORR,4.81,6,"[0, 0, 1, 1, 1, 1, 1, 0, 1, 0]",5.75,4.37,6.61,1.83,9393589.4
ECPG,81.46,9,"[1, 1, 1, 1, 1, 1, 1, 1, 1, 0]",79.38,58.89,84.41,35.97,308087.55
SONO,15.08,7,"[1, 0, 0, 0, 1, 1, 1, 1, 1, 1]",14.55,15.69,19.16,9.91,1612580.15
WBTN,11.48,3,"[0, 0, 0, 0, 0, 1, 1, 0, 1, 0]",11.7,13.51,21.31,8.17,387398.9
ADNT,22.07,8,"[1, 1, 1, 1, 0, 0, 1, 1, 1, 1]",21.43,22.01,27.09,16.02,962503.9
VRE,18.99,10,"[1, 1, 1, 1, 1, 1, 1, 1, 1, 1]",18.91,16.2,19.0,13.54,858985.0
UFPT,223.87,7,"[1, 1, 1, 0, 1, 0, 0, 1, 1, 1]",207.56,217.06,267.56,185.28,193452.15
CLVT,2.41,2,"[0, 0, 0, 0, 0, 0, 1, 0, 1, 0]",2.54,3.11,4.53,1.68,4609601.65
AIN,67.74,8,"[1, 1, 1, 1, 0, 0, 1, 1, 1, 1]",58.89,55.64,71.43,40.97,234231.2
CTS,62.85,10,"[1, 1, 1, 1, 1, 1, 1, 1, 1, 1]",57.06,48.03,67.04,36.41,278432.05
VOYG,41.55,8,"[1, 1, 1, 1, 0, 1, 1, 0, 1, 1]",33.03,29.57,56.48,17.99,2790873.45
ZYME,24.04,7,"[0, 0, 1, 1, 1, 1, 1, 1, 1, 0]",25.92,22.43,28.56,12.02,761343.0
CAPR,26.71,8,"[0, 1, 1, 1, 1, 1, 1, 1, 1, 0]",31.33,20.49,35.34,4.6,1026188.8
PSIX,37.61,1,"[0, 0, 0, 0, 0, 0, 0, 0, 1, 0]",60.38,72.22,115.78,36.36,1244652.9
LOB,37.41,8,"[1, 1, 1, 1, 0, 1, 1, 1, 1, 0]",36.36,35.7,41.68,27.44,216487.25
XPRO,15.38,7,"[0, 0, 1, 1, 1, 1, 1, 1, 1, 0]",16.53,14.88,18.39,8.27,978609.0
PVLA,108.67,7,"[0, 1, 1, 1, 1, 1, 1, 0, 1, 0]",121.04,95.16,148.34,20.51,223862.1
FLNG,29.77,8,"[0, 1, 1, 1, 1, 1, 1, 1, 1, 0]",30.46,26.14,32.46,19.62,501809.55
SFL,10.96,8,"[0, 1, 1, 1, 1, 1, 1, 1, 1, 0]",11.23,8.94,12.57,6.59,1484744.3
CYD,56.76,10,"[1, 1, 1, 1, 1, 1, 1, 1, 1, 1]",46.36,41.4,59.71,17.52,233311.95
TILE,30.14,9,"[1, 1, 1, 0, 1, 1, 1, 1, 1, 1]",27.71,28.31,34.83,20.01,610850.0
PCT,12.52,6,"[1, 1, 1, 0, 0, 0, 1, 0, 1, 1]",8.72,9.96,16.92,5.06,5329742.15
LPG,41.58,10,"[1, 1, 1, 1, 1, 1, 1, 1, 1, 1]",37.94,30.33,47.72,20.37,733962.2
TE,9.43,10,"[1, 1, 1, 1, 1, 1, 1, 1, 1, 1]",6.43,5.41,12.04,1.16,47619053.3
VRDN,15.78,2,"[0, 0, 0, 0, 1, 0, 0, 0, 1, 0]",16.44,24.27,33.78,13.3,2065337.75
NRIX,14.64,4,"[0, 0, 0, 0, 1, 1, 1, 0, 1, 0]",16.34,14.76,21.47,8.24,1169218.45
QURE,26.45,6,"[1, 1, 0, 0, 0, 1, 1, 0, 1, 1]",21.36,26.83,70.59,9.03,1967508.6
DV,10.25,2,"[1, 0, 0, 0, 0, 0, 0, 0, 1, 0]",10.19,11.06,16.27,8.61,3540355.0
FIVN,23.52,8,"[1, 1, 1, 1, 0, 0, 1, 1, 1, 1]",19.09,20.36,29.56,13.61,3522780.45
INVA,22.52,8,"[0, 1, 1, 1, 1, 1, 1, 1, 1, 0]",22.9,20.94,24.24,16.67,911985.35
SILA,30.25,10,"[1, 1, 1, 1, 1, 1, 1, 1, 1, 1]",28.15,24.6,30.26,21.4,542623.25
OPRA,18.17,8,"[1, 1, 1, 1, 0, 1, 1, 1, 1, 0]",17.07,15.38,20.08,11.79,340027.75
ARDX,5.56,4,"[0, 0, 0, 0, 1, 1, 1, 0, 1, 0]",6.18,6.14,7.99,3.55,3264336.15
POET,11.86,9,"[1, 1, 1, 1, 1, 1, 1, 0, 1, 1]",10.3,7.25,20.57,3.96,58214604.25
NUVB,4.82,6,"[1, 0, 0, 0, 1, 1, 1, 0, 1, 1]",4.68,5.23,9.54,1.71,4090697.85
PEB,16.89,10,"[1, 1, 1, 1, 1, 1, 1, 1, 1, 1]",14.22,12.2,16.89,8.93,1856930.6
NTLA,13.54,6,"[0, 1, 1, 1, 0, 1, 1, 0, 1, 0]",13.63,13.35,27.98,8.04,6304279.9
NVAX,9.49,10,"[1, 1, 1, 1, 1, 1, 1, 1, 1, 1]",8.91,8.41,11.19,6.22,5972002.6
SKYT,34.97,10,"[1, 1, 1, 1, 1, 1, 1, 1, 1, 1]",33.08,24.09,39.91,8.19,1223936.05
ARLO,12.8,1,"[0, 0, 0, 0, 0, 0, 0, 0, 1, 0]",13.8,14.83,19.44,11.23,1599236.7
PRLB,72.64,10,"[1, 1, 1, 1, 1, 1, 1, 1, 1, 1]",66.45,56.78,78.25,37.61,196492.6
DCOM,37.78,10,"[1, 1, 1, 1, 1, 1, 1, 1, 1, 1]",36.03,31.69,37.78,24.98,282162.95
GLUE,16.37,6,"[0, 0, 1, 1, 1, 1, 1, 0, 1, 0]",18.48,15.26,25.31,4.19,822076.9
AMLX,13.32,5,"[0, 0, 0, 1, 1, 1, 1, 0, 1, 0]",15.23,13.82,18.36,5.02,1176423.35
CLOV,3.83,9,"[1, 1, 1, 1, 0, 1, 1, 1, 1, 1]",2.77,2.62,4.18,1.7,8476186.6
REX,44.92,8,"[0, 1, 1, 1, 1, 1, 1, 1, 1, 0]",47.04,36.74,51.16,21.74,181092.7
STBA,45.6,10,"[1, 1, 1, 1, 1, 1, 1, 1, 1, 1]",43.65,40.26,45.6,33.76,251242.7
KOS,2.81,8,"[0, 1, 1, 1, 1, 1, 1, 1, 1, 0]",2.88,1.91,3.27,0.87,11483561.55
KSS,15.46,6,"[1, 0, 0, 0, 1, 1, 1, 0, 1, 1]",13.81,16.46,24.34,7.92,6132981.1
IOVA,4.23,10,"[1, 1, 1, 1, 1, 1, 1, 1, 1, 1]",3.69,2.9,5.41,1.69,14178920.35
PAHC,32.43,5,"[0, 0, 0, 1, 1, 1, 1, 0, 1, 0]",46.4,43.25,59.33,23.58,479188.05
OUST,39.68,9,"[1, 1, 1, 1, 0, 1, 1, 1, 1, 1]",29.02,26.31,47.09,14.59,5962286.85
STGW,6.44,8,"[0, 1, 1, 1, 1, 1, 1, 1, 1, 0]",6.55,5.68,7.39,4.29,1559669.6
BAND,72.2,10,"[1, 1, 1, 1, 1, 1, 1, 1, 1, 1]",38.68,20.99,73.19,12.82,1127161.1
NVRI,19.3,8,"[0, 1, 1, 1, 1, 1, 1, 1, 1, 0]",19.43,16.53,21.22,8.2,2924223.45
ABCL,5.62,9,"[1, 1, 1, 1, 0, 1, 1, 1, 1, 1]",4.43,4.21,6.46,2.44,9272058.75
HOPE,12.6,10,"[1, 1, 1, 1, 1, 1, 1, 1, 1, 1]",12.14,11.17,12.77,9.37,776937.15
AMRC,28.46,3,"[0, 0, 0, 0, 0, 1, 1, 0, 1, 0]",29.13,31.18,43.23,14.37,688317.8
TFIN,71.27,10,"[1, 1, 1, 1, 1, 1, 1, 1, 1, 1]",65.18,60.58,72.16,46.95,226215.3
HCSG,20.37,8,"[0, 1, 1, 1, 1, 1, 1, 1, 1, 0]",20.42,18.82,23.06,12.69,589518.9
DCH,6.32,6,"[1, 0, 0, 0, 1, 1, 1, 0, 1, 1]",6.07,6.39,9.0,4.08,4799994.7
XHR,18.39,10,"[1, 1, 1, 1, 1, 1, 1, 1, 1, 1]",16.29,14.63,18.39,11.51,686108.85
WLFC,183.96,8,"[0, 1, 1, 1, 1, 1, 1, 1, 1, 0]",191.2,161.65,238.45,114.62,136947.85
GBX,46.89,5,"[0, 0, 0, 1, 1, 1, 0, 1, 1, 0]",49.34,47.98,58.47,40.45,357043.45
LILAK,7.61,5,"[0, 0, 0, 1, 0, 1, 1, 1, 1, 0]",8.22,8.09,8.94,5.12,884265.4
LILA,7.56,5,"[0, 0, 0, 1, 0, 1, 1, 1, 1, 0]",8.06,7.97,8.87,5.02,486301.95
ZD,45.81,10,"[1, 1, 1, 1, 1, 1, 1, 1, 1, 1]",44.35,38.06,48.23,26.51,602137.55
ECVT,12.85,8,"[0, 1, 1, 1, 1, 1, 1, 1, 1, 0]",13.78,10.73,14.97,7.6,1972858.1
VIR,8.65,8,"[0, 1, 1, 1, 1, 1, 1, 1, 1, 0]",9.53,7.28,11.09,4.28,1646090.7
AHCO,9.89,4,"[0, 0, 0, 1, 1, 1, 0, 0, 1, 0]",11.57,10.17,13.38,8.3,1339694.0
KW,11.01,10,"[1, 1, 1, 1, 1, 1, 1, 1, 1, 1]",10.94,9.65,11.04,6.19,1115788.25
ALGT,84.12,7,"[1, 0, 1, 0, 1, 1, 1, 0, 1, 1]",81.93,78.78,114.79,48.12,665187.25
TRS,39.17,8,"[1, 1, 1, 1, 0, 1, 1, 1, 1, 0]",38.54,36.59,42.72,25.83,440293.35
CRML,9.74,5,"[0, 0, 0, 1, 1, 1, 1, 0, 1, 0]",10.69,10.45,29.97,1.37,9527294.05
TH,16.11,10,"[1, 1, 1, 1, 1, 1, 1, 1, 1, 1]",15.37,9.78,18.66,6.22,1594430.3
UAMY,7.71,5,"[0, 0, 0, 1, 1, 1, 1, 0, 1, 0]",9.58,8.16,17.47,1.97,11111511.85
IMTX,9.79,7,"[0, 0, 1, 1, 1, 1, 1, 1, 1, 0]",10.84,9.63,11.87,5.09,648897.4
GSL,38.13,8,"[0, 1, 1, 1, 1, 1, 1, 1, 1, 0]",38.57,34.39,41.64,23.59,396062.0
YELP,23.25,1,"[0, 0, 0, 0, 0, 0, 0, 0, 1, 0]",25.4,28.02,37.2,19.78,1491076.35
CNOB,30.66,10,"[1, 1, 1, 1, 1, 1, 1, 1, 1, 1]",28.78,26.34,30.66,21.28,292336.15
RES,6.81,8,"[0, 1, 1, 1, 1, 1, 1, 1, 1, 0]",7.1,5.81,7.95,4.15,1647262.75
BY,33.78,10,"[1, 1, 1, 1, 1, 1, 1, 1, 1, 1]",32.69,30.09,33.78,24.47,176585.35
NVGS,21.79,9,"[1, 1, 1, 1, 1, 1, 1, 1, 1, 0]",21.47,18.38,24.22,13.67,451280.4
PGEN,3.58,5,"[0, 0, 0, 1, 1, 1, 1, 0, 1, 0]",4.09,4.02,5.21,1.42,4757336.05
BHVN,10.8,5,"[1, 1, 0, 0, 0, 0, 1, 0, 1, 1]",9.75,11.72,18.11,7.79,2594506.7
TNC,84.01,8,"[1, 1, 1, 1, 0, 1, 1, 1, 1, 0]",79.83,76.5,87.18,60.69,150740.7
HLF,11.43,5,"[0, 0, 0, 1, 1, 1, 1, 0, 1, 0]",14.4,13.03,19.96,7.7,1618072.7
SHLS,10.81,10,"[1, 1, 1, 1, 1, 1, 1, 1, 1, 1]",8.58,8.41,12.77,4.25,5776054.1
ATAI,3.95,4,"[0, 0, 0, 1, 0, 1, 1, 0, 1, 0]",4.13,4.32,6.45,2.02,4980071.2
BCAX,20.0,8,"[0, 1, 1, 1, 1, 1, 1, 1, 1, 0]",21.58,17.44,24.01,8.71,564394.65
GCT,31.53,5,"[0, 0, 0, 1, 1, 1, 1, 0, 1, 0]",41.79,36.73,51.8,17.69,802827.45
AIP,34.28,10,"[1, 1, 1, 1, 1, 1, 1, 1, 1, 1]",27.75,17.45,37.94,7.93,1284241.05
GHRS,21.43,10,"[1, 1, 1, 1, 1, 1, 1, 1, 1, 1]",19.65,15.63,24.87,11.68,247159.55
SBET,5.19,1,"[0, 0, 0, 0, 0, 0, 0, 0, 1, 0]",6.77,10.46,41.48,5.19,7654736.05
GILT,14.52,5,"[0, 0, 0, 1, 1, 1, 1, 0, 1, 0]",17.27,14.74,20.85,5.98,1236929.6
AVAH,6.68,3,"[0, 0, 0, 0, 0, 1, 1, 0, 1, 0]",6.78,8.0,10.27,3.74,1955240.3
CBL,48.43,10,"[1, 1, 1, 1, 1, 1, 1, 1, 1, 1]",44.39,36.04,48.49,23.36,245624.0
BKSY,34.76,8,"[0, 1, 1, 1, 1, 1, 1, 0, 1, 1]",37.36,25.32,51.63,10.89,2666652.75
FTRE,16.08,9,"[1, 1, 1, 0, 1, 1, 1, 1, 1, 1]",12.16,12.12,18.4,4.45,1269256.2
NSSC,34.96,3,"[0, 0, 0, 0, 1, 1, 0, 0, 1, 0]",40.54,41.22,47.06,27.07,410012.15
DMRA,21.01,6,"[0, 0, 1, 1, 1, 1, 1, 0, 1, 0]",24.96,19.61,34.14,2.58,348286.55
PRG,35.25,8,"[1, 1, 1, 1, 0, 1, 1, 1, 1, 0]",32.65,31.77,40.14,25.95,413698.55
OBK,48.06,10,"[1, 1, 1, 1, 1, 1, 1, 1, 1, 1]",45.48,39.79,48.16,31.99,126209.6
MUX,18.28,5,"[0, 0, 0, 1, 1, 1, 1, 0, 1, 0]",22.41,20.36,29.05,9.05,992858.25
PRCT,27.83,3,"[1, 0, 0, 0, 0, 0, 0, 0, 1, 1]",25.5,30.68,64.23,21.71,1475954.7
NBR,95.93,9,"[1, 1, 1, 1, 1, 1, 1, 1, 1, 0]",93.33,64.93,110.63,27.43,274550.05
MAZE,24.27,4,"[0, 0, 0, 0, 1, 1, 1, 0, 1, 0]",26.7,33.34,51.83,10.33,457766.55
ENVX,7.28,5,"[1, 1, 0, 0, 0, 0, 1, 0, 1, 1]",6.53,7.95,15.93,4.84,9256314.85
TBLA,4.58,9,"[1, 1, 1, 1, 1, 1, 1, 1, 1, 0]",4.14,3.76,5.25,2.95,2952506.6
URGN,26.85,10,"[1, 1, 1, 1, 1, 1, 1, 1, 1, 1]",24.62,21.61,31.33,7.02,780928.7
NNE,23.56,1,"[0, 0, 0, 0, 0, 0, 0, 0, 1, 0]",24.62,31.47,56.63,19.0,2861962.8
HROW,33.19,2,"[0, 0, 0, 0, 1, 0, 0, 0, 1, 0]",36.18,41.22,54.8,29.03,1097415.5
HLX,9.24,8,"[0, 1, 1, 1, 1, 1, 1, 1, 1, 0]",9.8,7.9,10.55,5.7,1508258.25
LINC,47.99,10,"[1, 1, 1, 1, 1, 1, 1, 1, 1, 1]",44.14,29.77,52.02,17.8,584628.35
RYZ,27.15,8,"[1, 1, 1, 1, 1, 1, 0, 0, 1, 1]",25.4,24.32,,,421383.4
HLIT,13.27,10,"[1, 1, 1, 1, 1, 1, 1, 1, 1, 1]",11.83,10.45,17.11,8.35,5351188.75
TROX,7.34,7,"[0, 1, 1, 1, 1, 1, 1, 0, 1, 0]",8.92,5.96,10.42,2.84,2994418.25
VIA,14.74,2,"[0, 0, 0, 0, 1, 0, 0, 0, 1, 0]",15.58,14.74,53.93,13.31,814684.85
LIND,21.66,10,"[1, 1, 1, 1, 1, 1, 1, 1, 1, 1]",19.52,15.98,22.98,10.6,816311.9
IPX,35.22,3,"[1, 0, 0, 0, 0, 0, 1, 0, 1, 0]",34.07,40.63,60.11,21.98,258005.15
WVE,5.73,2,"[0, 0, 0, 0, 1, 0, 0, 0, 1, 0]",6.87,9.97,21.31,5.69,4034013.7
PLTK,3.09,2,"[0, 0, 0, 0, 1, 0, 0, 0, 1, 0]",3.39,3.52,4.74,2.72,1284107.5
KALV,26.95,10,"[1, 1, 1, 1, 1, 1, 1, 1, 1, 1]",23.52,16.63,26.95,10.76,3298300.75
AVBP,30.35,10,"[1, 1, 1, 1, 1, 1, 1, 1, 1, 1]",28.12,22.89,33.09,16.95,546876.05
OLPX,2.04,9,"[1, 1, 1, 1, 1, 1, 1, 1, 1, 0]",2.03,1.52,2.06,1.01,4224045.45
RLJ,10.6,10,"[1, 1, 1, 1, 1, 1, 1, 1, 1, 1]",8.6,7.6,10.6,6.34,2219483.55
LOMA,11.14,6,"[0, 0, 1, 0, 1, 0, 1, 1, 1, 1]",11.17,10.64,13.12,7.13,491641.0
TV,2.67,5,"[0, 0, 0, 0, 1, 1, 1, 1, 1, 0]",2.89,2.87,3.44,1.99,1038497.5
SBH,12.08,3,"[0, 0, 0, 0, 0, 1, 1, 0, 1, 0]",13.45,14.7,17.0,8.48,1660437.9
CSIQ,17.16,5,"[1, 0, 0, 0, 1, 1, 1, 0, 1, 0]",15.88,18.14,33.58,9.51,3702268.6
RXT,4.7,9,"[1, 1, 1, 1, 1, 1, 1, 0, 1, 1]",2.94,1.69,7.29,0.41,34120591.45
GIII,33.71,10,"[1, 1, 1, 1, 1, 1, 1, 1, 1, 1]",30.32,28.88,33.71,20.4,531954.1
TTI,9.29,7,"[0, 0, 1, 1, 1, 1, 1, 1, 1, 0]",9.51,8.45,12.32,2.97,1542831.15
KDK,6.38,2,"[0, 0, 0, 0, 1, 0, 0, 0, 1, 0]",7.98,6.38,10.92,5.57,1282035.65
STAA,29.99,9,"[1, 1, 1, 1, 0, 1, 1, 1, 1, 1]",26.61,24.33,33.34,16.1,1069951.1
TWO,12.34,9,"[1, 1, 1, 1, 1, 1, 1, 1, 1, 0]",11.76,10.34,13.68,8.64,2012938.2
ARRY,8.09,4,"[1, 0, 0, 0, 0, 1, 1, 0, 1, 0]",8.01,8.65,11.96,5.48,5418043.6
BAK,3.48,6,"[0, 0, 1, 1, 1, 1, 1, 0, 1, 0]",3.96,3.41,5.02,2.38,2317243.7
TDOC,7.05,6,"[1, 1, 1, 0, 0, 0, 1, 0, 1, 1]",6.22,6.8,9.46,4.47,4513175.5
WLDN,97.21,4,"[1, 0, 0, 0, 0, 0, 1, 0, 1, 1]",83.36,98.08,134.94,55.82,481383.75
CRVS,11.12,5,"[0, 0, 0, 1, 1, 1, 1, 0, 1, 0]",14.36,11.57,25.52,3.73,1902876.2
CRI,38.19,10,"[1, 1, 1, 1, 1, 1, 1, 1, 1, 1]",36.2,33.2,43.75,22.91,893528.15
PLSE,25.33,10,"[1, 1, 1, 1, 1, 1, 1, 1, 1, 1]",22.54,18.2,27.1,12.66,405583.35
OLMA,10.31,4,"[0, 0, 0, 0, 1, 1, 1, 0, 1, 0]",14.39,16.87,35.83,4.01,1352486.8
TEN,37.0,8,"[0, 1, 1, 1, 1, 1, 1, 1, 1, 0]",40.28,29.37,44.47,17.06,336319.65
WBI,29.44,7,"[1, 1, 0, 1, 0, 0, 1, 1, 1, 1]",28.3,29.44,31.11,18.69,621065.0
ATLC,84.1,10,"[1, 1, 1, 1, 1, 1, 1, 1, 1, 1]",73.45,62.95,90.0,47.96,111509.1
JBIO,16.94,7,"[0, 1, 1, 1, 1, 1, 1, 0, 1, 0]",21.08,14.29,26.85,6.76,897493.95
GPRE,14.97,8,"[0, 1, 1, 1, 1, 1, 1, 1, 1, 0]",16.27,12.52,18.25,4.17,1536907.6
RCAT,12.68,9,"[1, 1, 1, 1, 1, 1, 1, 0, 1, 1]",11.85,11.36,17.36,6.14,19031545.75
MRTN,17.75,10,"[1, 1, 1, 1, 1, 1, 1, 1, 1, 1]",15.17,12.44,17.76,9.31,882050.65
EVLV,5.91,2,"[0, 0, 0, 1, 0, 0, 0, 0, 1, 0]",6.4,6.73,8.76,4.9,3427490.4
NPKI,14.28,8,"[0, 1, 1, 1, 1, 1, 1, 1, 1, 0]",15.01,13.15,16.35,8.24,803080.0
ABTC,0.86,1,"[0, 0, 0, 0, 0, 0, 0, 0, 1, 0]",1.08,3.03,9.31,0.79,11815352.3
DQ,16.32,1,"[0, 0, 0, 0, 0, 0, 0, 0, 1, 0]",19.64,25.49,35.69,13.89,880656.05
AMAL,42.42,10,"[1, 1, 1, 1, 1, 1, 1, 1, 1, 1]",40.98,34.27,43.42,24.92,118849.9
VTOL,41.64,7,"[0, 0, 1, 1, 1, 1, 1, 1, 1, 0]",45.54,41.2,49.86,30.24,196048.4
PGY,14.56,3,"[1, 0, 0, 0, 0, 0, 1, 0, 1, 0]",13.53,21.45,43.81,10.64,4013577.15
NAT,5.39,8,"[0, 1, 1, 1, 1, 1, 1, 1, 1, 0]",5.65,4.25,6.18,2.53,3223261.85
PNTG,31.71,8,"[0, 1, 1, 1, 1, 1, 1, 1, 1, 0]",32.03,28.93,36.9,22.07,278522.35
MRVI,5.02,10,"[1, 1, 1, 1, 1, 1, 1, 1, 1, 1]",3.84,3.39,5.02,2.01,3218942.45
NSP,35.38,5,"[1, 1, 0, 0, 0, 0, 1, 0, 1, 1]",30.25,35.66,58.34,19.54,650847.0
MLTX,17.9,6,"[1, 1, 0, 1, 0, 0, 1, 0, 1, 1]",17.71,20.48,61.99,6.24,951996.85
BLDP,4.92,10,"[1, 1, 1, 1, 1, 1, 1, 1, 1, 1]",3.91,2.98,6.38,1.4,13412749.65
UFCS,45.23,9,"[1, 1, 1, 1, 1, 1, 1, 1, 1, 0]",42.32,36.49,49.2,25.86,138843.75
REAL,8.87,4,"[0, 0, 0, 0, 1, 1, 1, 0, 1, 0]",10.31,11.76,16.9,4.79,3784929.35
JKS,20.06,3,"[0, 0, 0, 0, 1, 1, 0, 0, 1, 0]",23.35,25.07,30.58,17.79,894304.95
AORT,20.12,1,"[0, 0, 0, 0, 0, 0, 0, 0, 1, 0]",30.73,39.37,47.63,20.12,1005651.6
KMTS,19.4,4,"[0, 0, 0, 0, 1, 1, 1, 0, 1, 0]",20.67,23.17,28.01,14.46,289683.05
ASTE,50.23,7,"[0, 0, 1, 1, 1, 1, 1, 1, 1, 0]",54.83,50.19,64.85,37.5,216437.25
COLL,33.38,3,"[0, 0, 0, 0, 1, 1, 0, 0, 1, 0]",33.9,39.51,49.84,29.18,408571.1
TK,11.56,8,"[0, 1, 1, 1, 1, 1, 1, 1, 1, 0]",11.95,9.72,13.09,6.66,691398.35
VSTS,12.85,10,"[1, 1, 1, 1, 1, 1, 1, 1, 1, 1]",10.17,7.12,13.24,4.06,2119887.05
DLX,23.16,6,"[0, 0, 1, 1, 1, 1, 1, 0, 1, 0]",26.76,22.96,31.5,13.97,507154.45
CCO,2.4,10,"[1, 1, 1, 1, 1, 1, 1, 1, 1, 1]",2.39,2.03,2.41,1.02,5248541.45
ULCC,5.94,8,"[1, 1, 1, 0, 0, 1, 1, 1, 1, 1]",4.47,4.59,6.52,3.1,4542757.8
ITRN,63.05,10,"[1, 1, 1, 1, 1, 1, 1, 1, 1, 1]",57.23,44.16,66.37,31.01,167038.7
ELE,14.93,4,"[0, 0, 0, 0, 1, 1, 1, 0, 1, 0]",18.12,17.66,24.21,10.41,285012.95
ADTN,15.35,9,"[0, 1, 1, 1, 1, 1, 1, 1, 1, 1]",15.66,10.91,19.4,7.25,2672957.5
ACDC,6.93,9,"[1, 1, 1, 1, 1, 1, 1, 0, 1, 1]",6.81,5.07,10.53,3.19,1425273.5
XPEL,44.56,7,"[0, 0, 1, 0, 1, 1, 1, 1, 1, 1]",44.95,43.48,54.95,31.49,258825.3
PRCH,9.26,4,"[1, 1, 0, 0, 0, 0, 1, 0, 1, 0]",8.98,10.93,19.04,6.4,1565982.25
CMP,29.63,10,"[1, 1, 1, 1, 1, 1, 1, 1, 1, 1]",27.28,22.18,33.51,16.54,861109.35
NEO,10.9,9,"[1, 1, 1, 0, 1, 1, 1, 1, 1, 1]",8.72,9.82,13.22,4.84,1362837.2
MPLT,28.01,6,"[1, 1, 0, 1, 0, 0, 1, 1, 1, 0]",27.56,28.01,32.13,12.81,292666.9
AVNS,25.05,10,"[1, 1, 1, 1, 1, 1, 1, 1, 1, 1]",22.15,14.77,25.05,9.89,1397376.2
GOOS,9.78,1,"[0, 0, 0, 0, 0, 0, 0, 0, 1, 0]",10.83,12.37,15.24,9.32,804042.5
PRSU,43.92,10,"[1, 1, 1, 1, 1, 1, 1, 1, 1, 1]",41.54,37.03,45.48,27.21,238354.0
VYX,6.91,2,"[1, 0, 0, 0, 0, 0, 0, 0, 1, 0]",6.85,9.64,14.63,6.15,2283929.55
GOLD,39.62,6,"[0, 0, 1, 1, 1, 1, 1, 0, 1, 0]",42.81,37.34,63.6,20.22,549657.0
HQH,19.12,9,"[1, 1, 1, 1, 1, 1, 1, 1, 1, 0]",18.92,17.68,19.99,13.37,152426.25
EYPT,11.78,4,"[0, 0, 0, 0, 1, 1, 1, 0, 1, 0]",13.37,14.06,18.85,8.28,915057.0
EDN,25.76,4,"[0, 0, 0, 0, 1, 0, 1, 0, 1, 1]",26.44,26.35,35.71,15.01,179005.95
AOSL,42.01,9,"[1, 1, 1, 1, 0, 1, 1, 1, 1, 1]",37.25,27.21,53.32,17.47,1027857.1
ALNT,84.86,10,"[1, 1, 1, 1, 1, 1, 1, 1, 1, 1]",70.13,58.82,89.8,31.82,284053.1
GNK,24.69,9,"[1, 1, 1, 1, 1, 1, 1, 1, 1, 0]",23.84,19.7,26.7,12.27,369088.1
LQDT,37.23,10,"[1, 1, 1, 1, 1, 1, 1, 1, 1, 1]",34.13,29.94,37.23,22.16,161400.35
XERS,6.18,4,"[1, 0, 0, 0, 0, 1, 1, 0, 1, 0]",6.1,7.09,9.9,4.35,1567550.15
CDNA,22.25,10,"[1, 1, 1, 1, 1, 1, 1, 1, 1, 1]",20.28,17.87,23.12,11.57,697103.95
ZBIO,17.47,4,"[0, 0, 0, 0, 1, 1, 1, 0, 1, 0]",19.59,24.61,43.17,9.14,538184.6
EVEX,2.86,1,"[0, 0, 0, 0, 0, 0, 0, 0, 1, 0]",2.91,3.7,7.51,2.38,1100518.7
AMN,31.69,10,"[1, 1, 1, 1, 1, 1, 1, 1, 1, 1]",23.46,19.83,31.69,15.1,1392748.25
BUR,4.45,1,"[0, 0, 0, 0, 0, 0, 0, 0, 1, 0]",4.66,8.65,14.64,3.98,3156717.6
TDAY,8.15,10,"[1, 1, 1, 1, 1, 1, 1, 1, 1, 1]",7.35,5.68,8.17,3.29,1566957.05
ACVA,5.66,3,"[1, 0, 0, 0, 0, 0, 1, 0, 1, 0]",5.32,7.4,16.89,4.15,3591043.35
KODK,9.06,7,"[0, 1, 1, 1, 1, 1, 1, 0, 1, 0]",11.28,8.23,14.51,5.43,1326058.8
DBVT,16.59,5,"[0, 0, 0, 1, 1, 1, 1, 0, 1, 0]",19.8,17.3,24.54,8.51,227642.6
IVA,4.03,3,"[0, 0, 0, 0, 0, 1, 1, 0, 1, 0]",5.24,5.33,7.15,2.98,532450.95
ASST,13.92,2,"[0, 0, 0, 0, 0, 0, 1, 0, 1, 0]",14.68,29.39,178.2,7.16,4994611.55
UVE,37.34,9,"[1, 1, 1, 1, 1, 1, 1, 1, 1, 0]",36.94,31.93,41.1,22.38,167308.9
OSBC,21.56,10,"[1, 1, 1, 1, 1, 1, 1, 1, 1, 1]",20.9,19.45,21.86,16.38,343994.5
MNKD,3.4,3,"[1, 0, 0, 0, 0, 0, 1, 0, 1, 0]",2.97,4.56,6.21,2.28,5842237.85
GHM,107.1,10,"[1, 1, 1, 1, 1, 1, 1, 1, 1, 1]",93.91,72.43,107.96,42.0,266155.8
BFLY,4.57,10,"[1, 1, 1, 1, 1, 1, 1, 1, 1, 1]",4.55,3.35,5.53,1.33,4138015.95
NWPX,117.76,10,"[1, 1, 1, 1, 1, 1, 1, 1, 1, 1]",98.19,71.06,122.61,38.6,145466.95
LGIH,50.35,6,"[1, 1, 1, 0, 0, 0, 1, 0, 1, 1]",44.14,48.83,67.47,34.24,416136.55
SATL,7.12,8,"[0, 1, 1, 1, 1, 1, 1, 0, 1, 1]",7.62,4.13,10.74,1.27,11131243.25
IART,16.99,9,"[1, 1, 1, 1, 0, 1, 1, 1, 1, 1]",12.41,12.65,17.56,8.9,1029552.45
UVSP,40.57,10,"[1, 1, 1, 1, 1, 1, 1, 1, 1, 1]",37.55,33.22,40.57,27.36,180769.0
PBT,28.47,10,"[1, 1, 1, 1, 1, 1, 1, 1, 1, 1]",24.67,19.86,30.99,10.98,229676.2
RJET,17.64,3,"[0, 0, 0, 1, 0, 1, 0, 0, 1, 0]",19.78,19.77,25.35,13.65,211752.5
SEPN,31.15,10,"[1, 1, 1, 1, 1, 1, 1, 1, 1, 1]",26.04,23.79,31.37,10.11,322278.75
SVRA,5.09,5,"[0, 0, 1, 0, 1, 1, 1, 0, 1, 0]",5.3,4.99,6.94,2.04,1427422.3
SVC,1.57,4,"[1, 0, 0, 0, 0, 0, 1, 0, 1, 1]",1.55,2.01,2.99,1.17,9099461.85
TNDM,19.34,7,"[1, 0, 1, 0, 1, 1, 1, 0, 1, 1]",18.2,18.32,28.26,10.11,3251328.55
PDM,8.84,8,"[1, 1, 1, 0, 0, 1, 1, 1, 1, 1]",7.83,8.12,9.06,6.39,961751.25
ATEX,66.64,10,"[1, 1, 1, 1, 1, 1, 1, 1, 1, 1]",50.17,31.29,67.95,17.99,372198.0
PLOW,44.46,8,"[0, 1, 1, 1, 1, 1, 1, 1, 1, 0]",44.78,37.22,50.74,26.85,189193.9
RERE,4.06,4,"[0, 0, 0, 0, 1, 1, 1, 0, 1, 0]",4.62,4.78,6.2,2.42,1440863.35
APEI,52.65,8,"[0, 1, 1, 1, 1, 1, 1, 1, 1, 0]",55.79,43.16,60.86,26.04,258091.05
CEVA,43.58,9,"[1, 1, 1, 1, 0, 1, 1, 1, 1, 1]",30.8,25.08,50.06,17.21,1068188.25
INNV,7.3,7,"[0, 1, 1, 1, 1, 1, 1, 0, 1, 0]",7.77,6.37,10.6,3.13,301609.65
HTLD,15.74,10,"[1, 1, 1, 1, 1, 1, 1, 1, 1, 1]",12.71,10.06,15.75,7.05,609890.0
CFFN,7.85,10,"[1, 1, 1, 1, 1, 1, 1, 1, 1, 1]",7.58,6.8,7.86,5.45,702591.4
OMER,9.79,5,"[0, 0, 0, 1, 1, 1, 1, 0, 1, 0]",12.41,9.86,17.18,2.97,1842330.6
LXU,12.53,7,"[0, 1, 1, 1, 1, 1, 1, 0, 1, 0]",14.22,10.72,16.88,7.16,923234.5
GDRX,2.65,4,"[1, 1, 0, 0, 0, 0, 1, 0, 1, 0]",2.45,2.95,5.12,1.87,1793277.5
ODV,2.47,3,"[0, 0, 0, 0, 1, 1, 0, 0, 1, 0]",3.11,3.38,4.78,2.04,5476995.5
KOPN,5.46,10,"[1, 1, 1, 1, 1, 1, 1, 1, 1, 1]",4.08,2.97,6.39,1.47,11069306.65
DAKT,19.12,4,"[0, 0, 0, 0, 1, 1, 1, 0, 1, 0]",19.72,20.47,27.73,13.7,283080.35
INR,13.16,4,"[0, 0, 0, 1, 1, 1, 0, 0, 1, 0]",15.76,14.76,19.56,11.2,475004.85
EPC,19.87,4,"[0, 1, 1, 1, 0, 0, 0, 0, 1, 0]",20.51,19.78,26.51,15.8,950001.6
INDI,4.05,7,"[1, 1, 1, 1, 0, 1, 1, 0, 1, 0]",3.93,4.0,6.0,2.44,6078571.8
PHAT,10.13,3,"[0, 0, 0, 0, 1, 1, 0, 0, 1, 0]",11.64,12.83,18.08,7.83,1211320.45
CRON,2.74,10,"[1, 1, 1, 1, 1, 1, 1, 1, 1, 1]",2.65,2.61,3.27,1.86,1619323.85
JMIA,6.54,3,"[0, 0, 0, 0, 0, 1, 1, 0, 1, 0]",7.16,9.85,14.6,3.05,2515094.6
XNCR,11.77,4,"[0, 0, 0, 0, 1, 1, 1, 0, 1, 0]",12.16,12.68,18.14,7.0,705548.7
CMPS,12.11,10,"[1, 1, 1, 1, 1, 1, 1, 1, 1, 1]",9.01,6.87,14.19,2.35,4423972.1
METC,15.65,4,"[1, 0, 0, 0, 0, 0, 1, 0, 1, 1]",14.84,21.15,54.55,9.65,1670164.45
AMBQ,74.49,9,"[1, 1, 1, 1, 1, 0, 1, 1, 1, 1]",48.99,35.12,85.0,22.76,967907.8
NUTX,132.59,7,"[1, 1, 1, 0, 1, 1, 1, 0, 1, 0]",116.97,120.58,190.49,80.92,124896.2
CODI,10.64,8,"[0, 1, 1, 1, 1, 1, 1, 1, 1, 0]",10.82,7.56,12.48,4.65,862061.25
SANA,2.68,1,"[0, 0, 0, 0, 0, 0, 0, 0, 1, 0]",3.24,3.85,5.92,2.52,4576390.6
SCSC,46.71,9,"[1, 1, 1, 1, 0, 1, 1, 1, 1, 1]",41.34,40.87,48.13,34.27,260701.1
NX,15.42,4,"[0, 0, 0, 1, 1, 0, 1, 0, 1, 0]",18.85,17.04,22.45,11.14,386124.6
AVO,10.22,3,"[0, 0, 0, 1, 1, 0, 0, 0, 1, 0]",13.1,12.71,15.34,10.22,1134256.7
ANNX,5.29,8,"[0, 1, 1, 1, 1, 1, 1, 1, 1, 0]",5.65,4.61,6.96,2.05,2505394.15
SNCY,16.17,7,"[0, 1, 1, 1, 1, 1, 1, 0, 1, 0]",16.59,14.86,21.84,10.3,593412.35
AMTB,22.78,8,"[0, 1, 1, 1, 1, 1, 1, 1, 1, 0]",22.85,20.66,24.12,16.29,202183.9
ABSI,6.4,10,"[1, 1, 1, 1, 1, 1, 1, 1, 1, 1]",4.58,3.51,7.34,2.3,4888859.1
AMC,1.79,5,"[1, 1, 0, 0, 0, 0, 1, 0, 1, 1]",1.5,1.93,3.54,0.95,30064199.05
ORIC,7.5,1,"[0, 0, 0, 0, 0, 0, 0, 0, 1, 0]",9.42,10.78,14.41,7.47,1641634.0
RHLD,118.68,5,"[0, 0, 0, 0, 1, 1, 1, 0, 1, 1]",132.6,142.71,226.37,29.6,198915.35
TBN,35.57,8,"[0, 1, 1, 1, 1, 1, 1, 0, 1, 1]",36.85,28.8,49.99,18.16,256931.1
JBSS,75.41,8,"[0, 1, 1, 1, 1, 1, 1, 1, 1, 0]",77.87,71.13,82.27,57.6,126512.5
MGTX,9.0,8,"[0, 1, 1, 1, 1, 1, 1, 1, 1, 0]",9.51,8.31,11.29,6.0,815842.3
HEPS,2.63,3,"[0, 0, 0, 1, 0, 0, 0, 1, 1, 0]",2.73,2.67,3.29,2.18,398528.6
AGL,96.85,9,"[1, 1, 1, 1, 0, 1, 1, 1, 1, 1]",46.82,26.94,96.85,7.91,382876.2
HAFC,30.43,10,"[1, 1, 1, 1, 1, 1, 1, 1, 1, 1]",28.86,26.67,30.78,21.52,210434.3
SLS,8.23,10,"[1, 1, 1, 1, 1, 1, 1, 1, 1, 1]",5.92,3.64,9.31,1.39,11866051.3
BJRI,43.04,10,"[1, 1, 1, 1, 1, 1, 1, 1, 1, 1]",40.04,37.53,47.05,28.69,359086.55
CGEM,13.51,8,"[0, 1, 1, 1, 1, 1, 1, 1, 1, 0]",14.54,11.16,16.44,5.75,1056411.2
VPG,117.51,10,"[1, 1, 1, 1, 1, 1, 1, 1, 1, 1]",75.12,47.45,132.93,25.68,753661.0
SHEN,16.12,9,"[1, 1, 1, 1, 1, 1, 1, 1, 1, 0]",15.82,13.34,17.1,9.9,284621.35
ROOT,53.54,2,"[1, 0, 0, 0, 0, 0, 0, 0, 1, 0]",52.48,69.14,155.53,43.21,291054.15
GERN,1.17,3,"[0, 0, 0, 1, 1, 0, 0, 0, 1, 0]",1.47,1.4,1.95,1.07,13401680.45
VLRS,7.35,4,"[0, 0, 0, 0, 1, 1, 1, 0, 1, 0]",7.39,7.62,10.63,4.19,631316.85
LXRX,1.91,10,"[1, 1, 1, 1, 1, 1, 1, 1, 1, 1]",1.87,1.49,2.44,0.67,3185644.35
DSGN,10.65,7,"[0, 1, 1, 1, 1, 1, 1, 0, 1, 0]",12.38,9.34,15.79,3.37,1313088.6
HNRG,16.66,2,"[0, 0, 0, 0, 0, 1, 0, 0, 1, 0]",17.17,18.68,23.81,14.65,794028.2
NB,5.13,3,"[0, 0, 0, 0, 0, 1, 1, 0, 1, 0]",5.54,6.0,11.67,2.19,3863198.9
MATW,25.35,6,"[0, 0, 1, 1, 1, 1, 0, 1, 1, 0]",26.8,25.22,28.35,20.21,254061.75
TBPH,16.29,5,"[0, 0, 0, 0, 1, 1, 1, 1, 1, 0]",16.4,16.52,20.74,10.57,390330.05
BVS,9.04,8,"[0, 1, 1, 1, 1, 1, 1, 1, 1, 0]",9.66,8.12,10.94,6.14,710781.6
OMDA,17.93,6,"[1, 1, 1, 0, 0, 0, 1, 0, 1, 1]",14.87,17.47,26.78,10.94,1292996.45
SCHL,43.16,10,"[1, 1, 1, 1, 1, 1, 1, 1, 1, 1]",39.98,32.46,43.5,17.61,280940.25
TALK,5.22,10,"[1, 1, 1, 1, 1, 1, 1, 1, 1, 1]",5.19,3.94,5.23,2.27,1533367.2
ABX,8.76,8,"[0, 1, 1, 1, 1, 1, 1, 1, 1, 0]",8.92,7.69,10.31,4.5,542998.85
SPRY,8.56,2,"[1, 0, 0, 0, 0, 0, 0, 0, 1, 0]",8.32,9.55,18.35,6.73,1800901.6
CTMX,3.0,4,"[0, 0, 0, 0, 1, 1, 1, 0, 1, 0]",4.09,4.02,6.75,1.76,3491963.8
MYE,23.72,10,"[1, 1, 1, 1, 1, 1, 1, 1, 1, 1]",21.84,19.39,23.77,13.62,261708.35
ABUS,4.25,5,"[0, 0, 0, 0, 1, 1, 1, 1, 1, 0]",4.38,4.38,4.95,3.09,1471782.6
AEVA,23.01,8,"[1, 1, 1, 1, 0, 1, 1, 0, 1, 1]",17.85,15.52,37.79,9.19,2954514.4
KOP,40.81,9,"[1, 1, 1, 1, 1, 1, 1, 1, 1, 0]",39.79,32.37,43.89,26.16,211611.2
NBBK,19.93,6,"[0, 0, 1, 1, 1, 1, 0, 1, 1, 0]",20.55,19.81,22.56,15.84,211813.4
IBTA,32.85,5,"[0, 1, 1, 1, 0, 0, 1, 0, 1, 0]",33.48,27.43,49.38,19.25,227736.55
CRSR,9.01,7,"[1, 1, 1, 1, 0, 0, 1, 0, 1, 1]",7.23,6.87,12.14,4.58,4494379.7
KRO,6.43,8,"[0, 1, 1, 1, 1, 1, 1, 1, 1, 0]",6.84,5.66,7.82,4.21,270764.55
ODD,9.81,1,"[0, 0, 0, 0, 0, 0, 0, 0, 1, 0]",13.73,34.18,77.35,9.81,1974809.6
DRUG,69.0,5,"[0, 0, 0, 1, 1, 1, 1, 0, 1, 0]",82.67,71.94,95.99,23.27,343585.1
KURA,8.74,4,"[0, 0, 0, 0, 1, 1, 1, 0, 1, 0]",9.2,9.3,12.14,5.54,2241705.35
SCZM,6.4,4,"[0, 0, 0, 0, 1, 1, 1, 0, 1, 0]",8.35,8.4,16.16,2.72,572678.75
CVLG,43.52,10,"[1, 1, 1, 1, 1, 1, 1, 1, 1, 1]",33.25,25.98,43.52,17.97,200715.65
TSAT,44.56,8,"[0, 1, 1, 1, 1, 1, 1, 1, 1, 0]",48.29,33.78,58.51,15.94,259445.5
SG,7.42,7,"[1, 1, 1, 1, 0, 0, 1, 0, 1, 1]",7.08,6.99,16.26,4.7,7156011.25
VOR,13.16,3,"[0, 0, 0, 1, 0, 0, 1, 0, 1, 0]",15.21,19.16,53.4,3.64,834639.25
CTLP,11.2,7,"[1, 1, 1, 1, 0, 0, 0, 1, 1, 1]",10.74,10.69,11.2,8.89,1447159.6
WYFI,23.27,7,"[1, 1, 1, 1, 0, 0, 1, 0, 1, 1]",20.22,20.97,39.13,10.78,2147384.0
SABR,1.66,5,"[0, 1, 1, 1, 0, 0, 1, 0, 1, 0]",1.7,1.61,3.42,0.82,7380936.35
CGNT,8.99,7,"[0, 1, 1, 1, 1, 1, 1, 0, 1, 0]",9.67,8.79,12.24,6.34,870740.5
ETON,29.13,9,"[1, 1, 1, 1, 1, 1, 1, 1, 1, 0]",27.67,20.06,35.0,13.5,411795.0
ESPR,3.13,8,"[1, 1, 1, 0, 1, 1, 1, 1, 1, 0]",2.68,2.98,4.08,0.98,10684123.75
WEST,7.54,9,"[1, 1, 1, 1, 0, 1, 1, 1, 1, 1]",6.37,5.05,8.75,3.71,1083918.7
EGBN,27.27,10,"[1, 1, 1, 1, 1, 1, 1, 1, 1, 1]",26.19,22.72,28.17,15.78,238687.2
GO,8.56,4,"[1, 0, 0, 0, 0, 0, 1, 0, 1, 1]",7.73,10.98,18.66,5.79,3686893.5
BIOA,15.7,6,"[0, 0, 1, 1, 1, 1, 1, 0, 1, 0]",17.22,13.4,22.92,4.12,412900.9
ASC,16.44,8,"[0, 1, 1, 1, 1, 1, 1, 1, 1, 0]",16.65,13.35,19.22,9.26,698838.5
ADAM,8.98,10,"[1, 1, 1, 1, 1, 1, 1, 1, 1, 1]",8.29,7.38,9.2,5.75,666094.2
DXYZ,41.79,8,"[1, 1, 1, 1, 1, 1, 1, 0, 1, 0]",39.43,30.49,71.24,20.82,7344004.8
SUPV,9.45,6,"[1, 0, 1, 0, 1, 0, 1, 0, 1, 1]",8.89,9.29,12.86,4.69,840703.05
NRGV,5.47,10,"[1, 1, 1, 1, 1, 1, 1, 1, 1, 1]",4.43,3.85,6.49,0.65,5554705.35
IMSR,7.55,4,"[1, 0, 0, 0, 0, 0, 1, 0, 1, 1]",7.3,10.26,27.1,5.53,3708323.3
ANRO,18.26,6,"[0, 0, 1, 1, 1, 1, 1, 0, 1, 0]",22.99,15.57,27.72,2.2,329820.25
KFRC,47.55,10,"[1, 1, 1, 1, 1, 1, 1, 1, 1, 1]",37.72,31.56,48.2,23.87,192872.5
CWH,6.41,1,"[0, 0, 0, 0, 0, 0, 0, 0, 1, 0]",7.13,11.16,18.74,5.8,2503519.5
ARKO,7.49,10,"[1, 1, 1, 1, 1, 1, 1, 1, 1, 1]",6.6,5.35,7.83,3.76,864927.85
IHRT,3.89,6,"[0, 0, 1, 1, 1, 1, 1, 0, 1, 0]",4.45,3.63,6.33,1.5,1473553.6
PSTL,22.74,10,"[1, 1, 1, 1, 1, 1, 1, 1, 1, 1]",21.42,17.53,24.22,13.16,333043.35
MTUS,19.66,10,"[1, 1, 1, 1, 1, 1, 1, 1, 1, 1]",18.27,17.73,21.51,14.01,294592.5
RLMD,5.95,8,"[0, 1, 1, 1, 1, 1, 1, 1, 1, 0]",7.09,4.36,7.86,0.54,1014242.75
CRESY,10.92,5,"[0, 0, 0, 0, 1, 1, 1, 1, 1, 0]",11.49,11.01,14.11,7.88,284109.95
CBLL,18.25,7,"[0, 0, 1, 1, 1, 1, 1, 1, 1, 0]",19.03,17.2,23.43,10.92,362146.45
LYTS,22.55,8,"[1, 1, 1, 1, 0, 1, 1, 1, 1, 0]",21.92,21.15,24.74,15.95,507080.9
NXDR,2.07,7,"[1, 1, 1, 0, 0, 1, 1, 0, 1, 1]",1.73,1.87,2.77,1.36,3451518.8
DSP,12.11,9,"[1, 1, 1, 1, 1, 0, 1, 1, 1, 1]",11.17,10.53,14.79,8.14,320491.8
PGC,44.22,10,"[1, 1, 1, 1, 1, 1, 1, 1, 1, 1]",40.54,32.17,44.22,24.59,110758.75
HZO,33.04,10,"[1, 1, 1, 1, 1, 1, 1, 1, 1, 1]",30.76,27.32,35.16,21.43,379401.25
ALLO,1.88,6,"[0, 0, 1, 1, 1, 1, 1, 0, 1, 0]",2.28,1.72,3.06,1.03,7100261.5
HSHP,14.63,9,"[1, 1, 1, 1, 1, 1, 1, 1, 1, 0]",14.23,10.61,16.09,5.6,319140.95
DRTS,9.35,10,"[1, 1, 1, 1, 1, 1, 1, 1, 1, 1]",8.58,6.05,11.18,2.9,1322265.0
FOXF,17.41,3,"[1, 0, 0, 0, 0, 0, 1, 0, 1, 0]",17.16,19.56,30.41,13.19,567357.7
WRLD,167.3,8,"[1, 1, 1, 1, 0, 0, 1, 1, 1, 1]",150.25,148.88,184.43,115.57,159336.3
PRAA,16.01,4,"[0, 0, 0, 1, 1, 0, 1, 0, 1, 0]",18.12,16.23,22.23,10.42,654019.8
NTGR,24.09,3,"[0, 0, 0, 1, 0, 1, 0, 0, 1, 0]",25.03,25.7,36.01,19.87,396377.5
HPK,7.56,7,"[1, 1, 1, 1, 0, 0, 1, 0, 1, 1]",6.76,6.12,11.77,3.89,868507.85
KRNT,15.23,5,"[0, 1, 1, 1, 1, 0, 0, 0, 1, 0]",15.63,14.59,22.75,12.31,396875.3
FCEL,17.33,9,"[1, 1, 1, 1, 1, 1, 1, 0, 1, 1]",13.81,9.16,26.38,3.92,12003562.6
EVER,19.32,3,"[1, 0, 0, 0, 0, 0, 1, 0, 1, 0]",17.29,20.98,27.87,14.27,700541.15
GFR,5.66,9,"[0, 1, 1, 1, 1, 1, 1, 1, 1, 1]",6.08,5.38,6.92,4.18,160914.4
LPTH,14.93,10,"[1, 1, 1, 1, 1, 1, 1, 1, 1, 1]",13.47,10.11,18.15,2.8,4673400.5
RMT,13.74,10,"[1, 1, 1, 1, 1, 1, 1, 1, 1, 1]",13.05,11.17,14.23,8.26,121307.4
SB,6.5,8,"[0, 1, 1, 1, 1, 1, 1, 1, 1, 0]",6.65,5.46,7.33,3.54,647907.75
HIVE,3.77,7,"[1, 1, 1, 0, 0, 1, 1, 0, 1, 1]",2.88,3.26,6.96,1.67,36991568.1
SLDB,6.7,8,"[0, 1, 1, 1, 1, 1, 1, 1, 1, 0]",7.41,6.21,8.63,3.93,1120841.15
GDOT,12.66,9,"[1, 1, 1, 1, 0, 1, 1, 1, 1, 1]",12.23,12.44,15.25,9.49,482437.3
MAKO,7.35,8,"[0, 1, 1, 1, 1, 1, 1, 1, 1, 0]",7.65,6.41,8.7,3.66,177670.15
MVST,1.25,1,"[0, 0, 0, 0, 0, 0, 0, 0, 1, 0]",1.65,2.91,6.4,1.2,6985676.6
EHAB,13.8,10,"[1, 1, 1, 1, 1, 1, 1, 1, 1, 1]",13.76,10.26,14.09,6.52,1047590.0
MITK,14.89,9,"[1, 1, 1, 1, 1, 1, 1, 1, 1, 0]",14.79,11.69,17.87,8.65,1304277.05
RDVT,52.96,8,"[1, 1, 1, 0, 0, 1, 1, 1, 1, 1]",43.46,48.17,59.42,34.4,194318.1
KRUS,45.58,1,"[0, 0, 0, 0, 0, 0, 0, 0, 1, 0]",57.02,61.88,95.83,42.67,366715.15
MRLN,8.6,3,"[0, 0, 0, 0, 0, 0, 1, 0, 1, 1]",9.19,10.23,16.09,5.98,3368833.9
BLMN,7.27,6,"[1, 1, 1, 1, 0, 0, 1, 0, 1, 0]",6.85,6.81,10.32,5.26,2491455.0
IRWD,3.31,6,"[0, 0, 1, 1, 1, 1, 1, 0, 1, 0]",3.85,3.16,5.39,0.59,2398075.25
HUYA,2.48,1,"[0, 0, 0, 0, 0, 0, 0, 0, 1, 0]",3.01,3.25,4.88,2.05,1602397.55
SLDP,2.94,3,"[0, 0, 0, 0, 0, 0, 1, 0, 1, 1]",3.19,4.32,8.51,1.57,6906092.0
ACRS,4.36,9,"[1, 1, 1, 1, 1, 1, 1, 1, 1, 0]",4.34,3.13,5.09,1.39,1251227.25
HRTG,22.16,3,"[0, 0, 0, 0, 1, 1, 0, 0, 1, 0]",25.44,26.03,31.14,19.02,634206.4
CYRX,15.7,10,"[1, 1, 1, 1, 1, 1, 1, 1, 1, 1]",11.7,9.88,16.5,6.37,950227.1
CTO,20.52,10,"[1, 1, 1, 1, 1, 1, 1, 1, 1, 1]",19.86,17.77,20.85,14.65,442619.35
ASPI,6.71,5,"[1, 1, 0, 0, 0, 0, 1, 0, 1, 1]",5.55,7.02,14.05,4.07,6540078.2
OXM,44.12,8,"[1, 1, 1, 1, 0, 1, 1, 1, 1, 0]",42.17,38.69,51.5,30.74,298474.8
GRPN,16.46,6,"[1, 1, 0, 1, 0, 0, 1, 0, 1, 1]",15.45,17.22,37.37,9.64,2236129.9
ALRS,28.95,10,"[1, 1, 1, 1, 1, 1, 1, 1, 1, 1]",26.34,23.48,28.95,19.88,179409.15
LAES,3.2,5,"[1, 0, 0, 0, 0, 1, 1, 0, 1, 1]",2.89,3.95,7.65,2.09,17498100.15
