ticker,price,score,points,sma50,sma200,wk52_high,wk52_low,volume
NVDA,208.65,8,"[0, 1, 1, 1, 1, 1, 1, 1, 1, 0]",209.62,189.88,235.47,143.98,171266778.3
GOOGL,349.68,8,"[0, 1, 1, 1, 1, 1, 1, 1, 1, 0]",367.82,311.33,402.38,164.72,33991710.55
GOOG,348.78,8,"[0, 1, 1, 1, 1, 1, 1, 1, 1, 0]",365.09,310.84,398.8,165.54,24449258.4
AAPL,297.01,9,"[1, 1, 1, 1, 1, 1, 1, 1, 1, 0]",289.37,268.09,315.2,199.51,52571622.95
AMZN,232.79,5,"[0, 0, 0, 1, 1, 1, 0, 1, 1, 0]",257.08,232.84,274.99,198.79,45388138.4
AVGO,392.13,8,"[0, 1, 1, 1, 1, 1, 1, 1, 1, 0]",412.42,359.61,481.57,252.32,35676555.9
TSM,467.67,10,"[1, 1, 1, 1, 1, 1, 1, 1, 1, 1]",406.85,334.71,467.67,208.02,13170529.45
TSLA,405.05,5,"[1, 0, 0, 0, 0, 1, 1, 1, 1, 0]",403.68,417.32,489.88,293.94,47201934.8
WMT,117.18,6,"[0, 0, 1, 1, 1, 1, 0, 1, 1, 0]",124.76,116.13,134.2,93.62,25651858.05
LLY,1102.08,9,"[1, 1, 1, 0, 1, 1, 1, 1, 1, 1]",1013.22,965.29,1160.95,621.26,3284473.95
MU,1211.38,10,"[1, 1, 1, 1, 1, 1, 1, 1, 1, 1]",748.6,406.09,1211.38,104.73,54717939.0
AMD,551.63,10,"[1, 1, 1, 1, 1, 1, 1, 1, 1, 1]",417.35,263.1,551.63,129.58,31843637.8
INTC,140.94,10,"[1, 1, 1, 1, 1, 1, 1, 1, 1, 1]",103.01,56.1,140.94,19.31,132189128.25
XOM,138.47,7,"[0, 0, 1, 1, 1, 1, 1, 1, 1, 0]",149.41,133.18,170.31,102.56,17702144.9
ASML,1929.25,10,"[1, 1, 1, 1, 1, 1, 1, 1, 1, 1]",1588.9,1270.39,1929.68,686.0,2001165.2
ORCL,175.07,2,"[0, 0, 0, 1, 0, 0, 0, 0, 1, 0]",189.13,203.81,325.76,136.0,27217306.35
JNJ,231.29,10,"[1, 1, 1, 1, 1, 1, 1, 1, 1, 1]",229.36,213.92,247.14,147.63,8201992.0
CAT,1022.28,10,"[1, 1, 1, 1, 1, 1, 1, 1, 1, 1]",877.47,671.67,1022.28,362.31,3068698.3
CSCO,121.53,10,"[1, 1, 1, 1, 1, 1, 1, 1, 1, 1]",105.8,82.42,130.0,65.1,25511236.45
LRCX,409.54,10,"[1, 1, 1, 1, 1, 1, 1, 1, 1, 1]",300.98,211.26,409.54,91.11,11503321.55
CVX,175.06,6,"[0, 0, 1, 1, 1, 1, 0, 1, 1, 0]",185.78,169.21,209.23,137.43,9295350.75
AMAT,640.18,10,"[1, 1, 1, 1, 1, 1, 1, 1, 1, 1]",450.22,319.61,640.18,155.56,9552018.65
UNH,406.68,9,"[1, 1, 1, 1, 0, 1, 1, 1, 1, 1]",372.76,329.8,411.04,231.57,7073569.85
BABA,104.97,1,"[0, 0, 0, 0, 0, 0, 0, 0, 1, 0]",127.82,147.71,187.62,102.89,11205583.15
GE,355.12,10,"[1, 1, 1, 1, 1, 1, 1, 1, 1, 1]",308.57,305.38,357.64,243.46,4834025.95
HSBC,96.51,10,"[1, 1, 1, 1, 1, 1, 1, 1, 1, 1]",91.14,78.85,96.51,56.17,1817038.6
MS,227.09,10,"[1, 1, 1, 1, 1, 1, 1, 1, 1, 1]",198.85,174.54,227.09,130.84,6397822.8
AZN,176.43,5,"[0, 0, 0, 0, 1, 1, 1, 1, 1, 0]",186.51,181.41,208.62,135.08,1968009.4
GEV,1127.59,10,"[1, 1, 1, 1, 1, 1, 1, 1, 1, 1]",1025.02,774.51,1148.94,498.53,3101790.3
GS,1106.37,10,"[1, 1, 1, 1, 1, 1, 1, 1, 1, 1]",975.03,871.13,1106.37,634.11,2417679.2
MRK,115.48,10,"[1, 1, 1, 1, 1, 1, 1, 1, 1, 1]",114.8,104.04,122.3,75.59,12427258.6
NVS,148.93,9,"[1, 1, 1, 1, 1, 1, 1, 1, 1, 0]",148.81,139.71,163.64,110.15,1789601.55
TXN,332.28,10,"[1, 1, 1, 1, 1, 1, 1, 1, 1, 1]",283.53,209.27,332.28,151.57,9227034.9
RY,202.74,10,"[1, 1, 1, 1, 1, 1, 1, 1, 1, 1]",185.42,164.57,202.74,125.26,1562392.75
KLAC,269.16,10,"[1, 1, 1, 1, 1, 1, 1, 1, 1, 1]",195.54,145.04,269.16,84.03,12897038.3
RTX,181.83,8,"[1, 0, 1, 0, 1, 1, 1, 1, 1, 1]",180.62,181.35,211.28,139.16,5833721.45
SNDK,2273.73,10,"[1, 1, 1, 1, 1, 1, 1, 1, 1, 1]",1428.3,624.36,2273.73,40.69,10731829.9
QCOM,221.9,9,"[1, 1, 1, 1, 0, 1, 1, 1, 1, 1]",192.79,165.65,250.1,123.61,22170729.95
ARM,407.72,10,"[1, 1, 1, 1, 1, 1, 1, 1, 1, 1]",269.69,169.21,439.46,104.55,13519302.2
C,145.67,10,"[1, 1, 1, 1, 1, 1, 1, 1, 1, 1]",129.8,112.73,145.67,77.6,12499555.2
BHP,85.78,10,"[1, 1, 1, 1, 1, 1, 1, 1, 1, 1]",84.18,67.41,93.15,45.84,2957558.4
ADI,445.48,10,"[1, 1, 1, 1, 1, 1, 1, 1, 1, 1]",401.91,309.94,445.48,217.76,5195155.9
NVO,45.88,5,"[1, 1, 0, 0, 0, 0, 1, 0, 1, 1]",43.1,46.83,68.39,34.76,12931676.8
MUFG,20.86,10,"[1, 1, 1, 1, 1, 1, 1, 1, 1, 1]",18.82,17.11,21.08,13.29,3298236.55
TTE,80.67,8,"[0, 1, 1, 1, 1, 1, 1, 1, 1, 0]",89.38,73.46,93.6,55.92,1523536.8
NEE,86.08,6,"[0, 0, 1, 1, 1, 1, 0, 1, 1, 0]",89.89,84.8,97.17,67.47,11958456.2
BA,220.83,7,"[0, 1, 1, 1, 1, 0, 0, 1, 1, 1]",224.29,218.58,252.15,179.12,6488833.7
TD,119.58,10,"[1, 1, 1, 1, 1, 1, 1, 1, 1, 1]",109.66,93.2,119.58,69.89,2421238.35
SAN,13.71,10,"[1, 1, 1, 1, 1, 1, 1, 1, 1, 1]",12.29,11.31,13.71,7.9,9450731.0
RIO,99.36,8,"[0, 1, 1, 1, 1, 1, 1, 1, 1, 0]",102.89,84.13,112.04,53.86,2737774.4
ANET,174.56,9,"[1, 1, 1, 1, 0, 1, 1, 1, 1, 1]",159.11,142.35,177.73,91.95,8530222.4
STX,1094.04,10,"[1, 1, 1, 1, 1, 1, 1, 1, 1, 1]",772.65,425.75,1094.04,131.39,3859682.75
DELL,418.71,10,"[1, 1, 1, 1, 1, 1, 1, 1, 1, 1]",287.0,174.39,465.96,110.73,13169316.0
PANW,286.4,9,"[1, 1, 1, 1, 0, 1, 1, 1, 1, 1]",226.97,196.61,300.48,141.67,9169819.15
WDC,732.62,10,"[1, 1, 1, 1, 1, 1, 1, 1, 1, 1]",487.78,269.19,746.23,60.22,8399187.5
GILD,124.87,4,"[0, 0, 0, 0, 1, 1, 0, 1, 1, 0]",130.66,127.87,153.91,103.24,8936550.75
GLW,209.83,10,"[1, 1, 1, 1, 1, 1, 1, 1, 1, 1]",179.81,120.94,209.83,50.83,12708110.05
BUD,80.83,9,"[1, 1, 1, 1, 1, 1, 1, 1, 1, 0]",78.3,68.52,83.96,56.26,1833150.4
APP,469.39,3,"[0, 0, 0, 0, 0, 1, 1, 0, 1, 0]",493.71,542.16,733.6,333.78,5630824.65
APH,165.96,10,"[1, 1, 1, 1, 1, 1, 1, 1, 1, 1]",143.23,136.54,165.96,94.75,10853880.75
DE,598.59,10,"[1, 1, 1, 1, 1, 1, 1, 1, 1, 1]",573.79,526.14,660.56,436.32,1493812.2
SCCO,189.91,10,"[1, 1, 1, 1, 1, 1, 1, 1, 1, 1]",182.81,158.27,215.55,85.21,1397506.9
WELL,211.45,9,"[1, 1, 1, 1, 1, 1, 1, 1, 1, 0]",210.63,193.86,220.14,148.43,3877524.25
MRVL,307.86,10,"[1, 1, 1, 1, 1, 1, 1, 1, 1, 1]",201.7,114.23,316.43,62.19,72019525.9
IBKR,96.82,10,"[1, 1, 1, 1, 1, 1, 1, 1, 1, 1]",83.92,72.22,96.82,50.3,5590198.9
COP,109.7,8,"[0, 1, 1, 1, 1, 1, 1, 1, 1, 0]",118.42,103.92,132.81,83.6,7746943.65
PLD,143.83,10,"[1, 1, 1, 1, 1, 1, 1, 1, 1, 1]",141.89,129.23,147.67,100.81,3946890.0
UBS,51.14,10,"[1, 1, 1, 1, 1, 1, 1, 1, 1, 1]",45.55,41.7,51.14,30.28,2253224.15
SMFG,25.03,10,"[1, 1, 1, 1, 1, 1, 1, 1, 1, 1]",22.19,19.72,25.23,14.53,2033918.3
CRWD,675.44,9,"[1, 1, 1, 1, 0, 1, 1, 1, 1, 1]",571.17,490.72,782.17,350.25,3651346.75
VRT,357.96,10,"[1, 1, 1, 1, 1, 1, 1, 1, 1, 1]",322.88,225.01,376.15,116.41,6079250.85
BTI,58.9,8,"[0, 1, 1, 1, 1, 1, 1, 1, 1, 0]",60.36,56.63,66.7,44.77,4040263.8
BBVA,24.85,10,"[1, 1, 1, 1, 1, 1, 1, 1, 1, 1]",22.66,21.32,25.32,14.03,1788670.8
NEM,101.8,6,"[0, 0, 0, 1, 1, 1, 1, 1, 1, 0]",109.63,102.21,131.38,56.16,8985636.75
PBR,17.01,8,"[0, 1, 1, 1, 1, 1, 1, 1, 1, 0]",19.65,15.38,21.86,11.39,15302387.0
PBR-A,15.26,8,"[0, 1, 1, 1, 1, 1, 1, 1, 1, 0]",17.7,14.17,19.73,10.67,9723484.95
SBUX,100.15,8,"[0, 1, 1, 1, 1, 1, 1, 1, 1, 0]",100.91,91.04,106.82,76.95,8113732.85
CVS,101.3,10,"[1, 1, 1, 1, 1, 1, 1, 1, 1, 1]",89.07,79.41,101.96,57.3,8336606.7
BMY,54.7,7,"[0, 0, 1, 1, 1, 1, 1, 1, 1, 0]",57.27,52.94,61.73,41.67,12907952.8
BP,39.78,7,"[0, 0, 1, 1, 1, 1, 1, 1, 1, 0]",44.03,38.17,47.09,28.3,9481025.25
PWR,740.14,10,"[1, 1, 1, 1, 1, 1, 1, 1, 1, 1]",694.89,525.21,785.24,365.41,1149877.7
PH,962.14,9,"[1, 1, 1, 0, 1, 1, 1, 1, 1, 1]",906.83,874.45,1020.71,658.5,824081.65
HWM,280.36,10,"[1, 1, 1, 1, 1, 1, 1, 1, 1, 1]",256.81,223.87,283.23,170.73,2679343.95
BMO,173.18,10,"[1, 1, 1, 1, 1, 1, 1, 1, 1, 1]",156.97,137.7,173.18,103.38,723816.2
EQIX,1115.94,10,"[1, 1, 1, 1, 1, 1, 1, 1, 1, 1]",1072.66,888.11,1115.94,718.6,593133.75
MFG,10.15,10,"[1, 1, 1, 1, 1, 1, 1, 1, 1, 1]",8.98,7.9,10.3,5.42,4001238.7
TT,491.59,10,"[1, 1, 1, 1, 1, 1, 1, 1, 1, 1]",468.33,429.55,491.59,374.67,1430945.85
CM,114.0,9,"[1, 1, 1, 1, 1, 1, 1, 1, 1, 0]",110.47,94.26,115.78,68.39,1309474.25
CDNS,389.04,9,"[1, 1, 1, 1, 0, 1, 1, 1, 1, 1]",355.87,326.53,416.39,265.66,2755287.05
GSK,50.74,7,"[0, 0, 1, 1, 1, 1, 1, 1, 1, 0]",52.27,49.43,60.14,34.89,3921956.1
SNPS,464.58,4,"[0, 1, 1, 1, 0, 0, 0, 0, 1, 0]",480.45,458.83,645.35,380.47,2253600.2
AEM,166.85,4,"[0, 0, 0, 0, 1, 1, 1, 0, 1, 0]",185.27,184.2,251.57,115.04,2904745.25
HCA,376.99,2,"[0, 0, 0, 0, 1, 0, 0, 0, 1, 0]",418.09,458.78,543.23,332.07,1761635.95
BNS,86.9,10,"[1, 1, 1, 1, 1, 1, 1, 1, 1, 1]",78.8,72.04,87.03,53.37,2487110.55
CMI,724.93,10,"[1, 1, 1, 1, 1, 1, 1, 1, 1, 1]",663.21,541.67,724.93,311.35,1070349.05
MAR,384.19,10,"[1, 1, 1, 1, 1, 1, 1, 1, 1, 1]",370.7,318.78,402.54,253.11,1557728.0
CNQ,41.79,8,"[0, 1, 1, 1, 1, 1, 1, 1, 1, 0]",45.93,38.63,50.09,29.05,9082320.1
EQNR,32.87,8,"[0, 1, 1, 1, 1, 1, 1, 1, 1, 0]",37.45,29.19,41.97,21.89,3881182.75
ITUB,7.93,7,"[0, 0, 1, 1, 1, 1, 1, 1, 1, 0]",8.27,7.63,9.47,5.55,21894062.05
FDX,328.78,10,"[1, 1, 1, 1, 1, 1, 1, 1, 1, 1]",316.13,257.52,338.75,172.24,2064737.95
BK,143.63,10,"[1, 1, 1, 1, 1, 1, 1, 1, 1, 1]",136.74,118.97,146.07,87.98,3664863.2
FCX,69.21,10,"[1, 1, 1, 1, 1, 1, 1, 1, 1, 1]",64.67,54.28,71.72,35.05,13099702.25
USB,58.68,10,"[1, 1, 1, 1, 1, 1, 1, 1, 1, 1]",55.71,52.11,60.07,42.3,9434906.0
JCI,148.21,10,"[1, 1, 1, 1, 1, 1, 1, 1, 1, 1]",141.36,125.28,148.21,102.64,4209965.05
ING,32.2,10,"[1, 1, 1, 1, 1, 1, 1, 1, 1, 1]",29.57,26.84,32.2,20.12,4109479.3
FTNT,145.39,10,"[1, 1, 1, 1, 1, 1, 1, 1, 1, 1]",115.35,90.24,149.67,74.39,7112666.4
MNST,93.02,10,"[1, 1, 1, 1, 1, 1, 1, 1, 1, 1]",83.86,76.29,93.23,58.65,5810607.55
CSX,46.2,10,"[1, 1, 1, 1, 1, 1, 1, 1, 1, 1]",45.24,38.93,47.57,31.73,12943698.7
AMX,26.08,8,"[0, 1, 1, 1, 1, 1, 1, 1, 1, 0]",26.34,23.29,27.75,16.73,1305390.3
ELV,394.82,10,"[1, 1, 1, 1, 1, 1, 1, 1, 1, 1]",374.89,338.35,422.71,269.01,1729735.45
BCS,27.29,10,"[1, 1, 1, 1, 1, 1, 1, 1, 1, 1]",23.99,22.99,27.29,17.25,5106270.55
SLB,47.95,8,"[0, 1, 1, 1, 1, 1, 1, 1, 1, 0]",54.53,44.52,58.01,31.12,15446456.45
MPWR,1537.88,8,"[0, 1, 1, 1, 1, 1, 1, 1, 1, 0]",1550.5,1146.42,1689.89,687.4,879201.1
LYG,5.74,10,"[1, 1, 1, 1, 1, 1, 1, 1, 1, 1]",5.4,5.07,6.1,3.87,27523865.25
E,49.4,8,"[0, 1, 1, 1, 1, 1, 1, 1, 1, 0]",53.71,43.24,56.97,31.23,353923.6
CIEN,460.33,7,"[0, 1, 1, 1, 1, 1, 1, 0, 1, 0]",520.66,311.87,627.0,75.44,3593998.0
APO,135.21,8,"[1, 1, 1, 1, 0, 0, 1, 1, 1, 1]",128.26,127.84,153.59,99.88,3371830.25
CRH,111.25,4,"[1, 0, 0, 0, 0, 0, 0, 1, 1, 1]",109.88,114.84,130.44,88.04,4689029.5
SU,56.23,8,"[0, 1, 1, 1, 1, 1, 1, 1, 1, 0]",63.84,51.82,69.27,36.92,4950749.95
REGN,612.5,4,"[0, 0, 0, 0, 1, 1, 0, 1, 1, 0]",676.33,695.69,810.08,509.13,1226470.1
NXPI,323.24,10,"[1, 1, 1, 1, 1, 1, 1, 1, 1, 1]",283.3,233.1,332.67,182.42,4244877.1
BE,345.85,10,"[1, 1, 1, 1, 1, 1, 1, 1, 1, 1]",265.03,155.54,345.85,21.6,10786853.1
ROST,236.97,10,"[1, 1, 1, 1, 1, 1, 1, 1, 1, 1]",225.95,190.8,240.13,125.48,3479451.55
B,40.14,5,"[0, 0, 0, 0, 1, 1, 1, 1, 1, 0]",41.24,40.24,52.32,20.0,13232053.9
HLT,342.93,10,"[1, 1, 1, 1, 1, 1, 1, 1, 1, 1]",329.72,296.68,350.22,251.82,1635086.95
ASX,43.62,10,"[1, 1, 1, 1, 1, 1, 1, 1, 1, 1]",33.87,21.19,43.62,9.5,11955774.6
NOK,14.43,10,"[1, 1, 1, 1, 1, 1, 1, 1, 1, 1]",13.27,8.25,16.85,4.05,132313095.4
VLO,243.78,9,"[0, 1, 1, 1, 1, 1, 1, 1, 1, 1]",244.95,199.69,261.45,129.53,2960994.45
MPC,247.29,9,"[1, 1, 1, 1, 1, 1, 1, 1, 1, 0]",245.12,206.16,267.21,155.55,2457735.45
GM,80.43,10,"[1, 1, 1, 1, 1, 1, 1, 1, 1, 1]",78.97,74.13,85.99,47.69,9114284.7
AEP,130.3,9,"[0, 1, 1, 1, 1, 1, 1, 1, 1, 1]",130.55,121.55,136.16,98.3,5122282.25
DDOG,221.37,9,"[1, 1, 1, 1, 0, 1, 1, 1, 1, 1]",188.31,151.89,277.49,102.61,6101342.6
LITE,893.93,8,"[0, 1, 1, 1, 1, 1, 1, 1, 1, 0]",905.57,516.25,1053.09,89.16,6037335.0
VALE,15.71,8,"[0, 1, 1, 1, 1, 1, 1, 1, 1, 0]",16.43,14.06,17.82,8.32,22447237.8
NSC,304.17,7,"[0, 1, 1, 1, 1, 1, 0, 1, 1, 0]",309.7,294.38,325.68,250.56,1210301.55
HOOD,105.71,6,"[1, 1, 1, 0, 0, 0, 1, 0, 1, 1]",83.51,102.82,152.46,65.16,35405195.7
NET,218.38,9,"[1, 1, 1, 1, 0, 1, 1, 1, 1, 1]",218.26,207.54,272.66,160.19,4022516.4
PSX,168.41,8,"[0, 1, 1, 1, 1, 1, 1, 1, 1, 0]",171.65,149.86,186.92,114.45,2453718.05
FIX,2066.51,10,"[1, 1, 1, 1, 1, 1, 1, 1, 1, 1]",1840.3,1259.39,2066.51,501.85,461795.45
DLR,195.54,10,"[1, 1, 1, 1, 1, 1, 1, 1, 1, 1]",191.45,172.18,202.56,145.96,2517782.5
WBD,26.95,6,"[0, 0, 1, 0, 1, 1, 1, 1, 1, 0]",27.02,25.23,29.98,10.68,24242914.4
TRP,68.43,9,"[1, 1, 1, 1, 1, 1, 1, 1, 1, 0]",66.13,58.5,70.91,45.92,2296778.3
MFC,40.34,10,"[1, 1, 1, 1, 1, 1, 1, 1, 1, 1]",38.65,35.09,41.12,29.33,2355067.2
SPG,214.57,10,"[1, 1, 1, 1, 1, 1, 1, 1, 1, 1]",203.48,186.65,219.04,150.25,2095791.1
COHR,425.48,10,"[1, 1, 1, 1, 1, 1, 1, 1, 1, 1]",360.06,225.59,426.89,80.64,6200005.65
MSTR,109.46,2,"[0, 0, 0, 1, 0, 0, 0, 0, 1, 0]",154.07,190.73,455.9,106.99,20881284.95
BKR,59.15,8,"[0, 1, 1, 1, 1, 1, 1, 1, 1, 0]",64.13,54.92,69.44,36.94,7873660.4
WPM,121.72,5,"[0, 0, 0, 1, 1, 1, 1, 0, 1, 0]",131.15,123.45,165.21,86.45,2186510.25
CRWV,111.29,7,"[0, 1, 1, 1, 0, 1, 1, 0, 1, 1]",111.76,100.5,173.68,64.55,30405397.3
KEYS,373.34,10,"[1, 1, 1, 1, 1, 1, 1, 1, 1, 1]",344.93,247.51,373.34,158.51,1621855.05
CVNA,66.67,3,"[0, 0, 0, 0, 1, 0, 0, 0, 1, 1]",72.17,73.49,95.69,56.26,10707481.75
RKLB,100.29,7,"[0, 1, 1, 1, 1, 1, 1, 0, 1, 0]",104.58,74.08,150.23,32.35,29888760.9
TEL,212.69,4,"[0, 0, 0, 0, 0, 1, 0, 1, 1, 1]",213.87,220.5,247.28,164.09,2638846.45
URI,1092.68,9,"[1, 1, 1, 1, 0, 1, 1, 1, 1, 1]",956.39,882.58,1094.17,709.01,514177.45
GWW,1341.42,10,"[1, 1, 1, 1, 1, 1, 1, 1, 1, 1]",1229.56,1075.43,1365.41,914.6,308505.45
TGT,129.73,10,"[1, 1, 1, 1, 1, 1, 1, 1, 1, 1]",126.0,106.03,135.23,82.06,4567479.2
TER,457.0,10,"[1, 1, 1, 1, 1, 1, 1, 1, 1, 1]",374.0,254.93,457.0,87.14,4468035.7
LHX,285.83,4,"[0, 0, 0, 0, 1, 1, 0, 1, 1, 0]",315.34,313.59,375.64,242.72,1226148.2
CARR,71.85,10,"[1, 1, 1, 1, 1, 1, 1, 1, 1, 1]",65.28,59.39,79.79,49.97,6705933.1
CTVA,78.86,9,"[0, 1, 1, 1, 1, 1, 1, 1, 1, 1]",79.48,72.5,85.26,60.56,4218908.85
AU,86.23,5,"[0, 0, 0, 1, 1, 1, 1, 0, 1, 0]",94.76,87.35,124.62,41.58,3255379.35
OKE,86.29,8,"[0, 1, 1, 1, 1, 1, 1, 1, 1, 0]",87.75,77.88,95.24,62.69,3893372.15
MCHP,102.71,10,"[1, 1, 1, 1, 1, 1, 1, 1, 1, 1]",91.2,72.05,102.71,48.06,12083566.1
MCHPP,85.45,10,"[1, 1, 1, 1, 1, 1, 1, 1, 1, 1]",77.04,63.16,85.72,45.73,284711.4
CVE,25.67,8,"[0, 1, 1, 1, 1, 1, 1, 1, 1, 0]",27.93,21.3,31.62,13.44,8571024.05
AME,241.55,10,"[1, 1, 1, 1, 1, 1, 1, 1, 1, 1]",230.04,211.52,241.55,175.34,1266207.55
TRGP,264.51,9,"[1, 1, 1, 1, 1, 1, 1, 1, 1, 0]",256.4,205.97,276.75,143.89,1135856.7
COIN,164.84,1,"[0, 0, 0, 0, 0, 0, 0, 0, 1, 0]",185.12,237.44,419.78,141.09,8780127.8
FANG,187.8,8,"[0, 1, 1, 1, 1, 1, 1, 1, 1, 0]",195.3,165.5,212.52,132.09,2726707.1
OXY,52.0,8,"[0, 1, 1, 1, 1, 1, 1, 1, 1, 0]",56.76,48.77,65.94,38.56,10204812.15
DVN,43.05,8,"[0, 1, 1, 1, 1, 1, 1, 1, 1, 0]",46.22,40.18,51.7,30.95,15687414.65
FLEX,155.81,10,"[1, 1, 1, 1, 1, 1, 1, 1, 1, 1]",123.33,77.65,161.94,46.35,9455583.95
ABEV,3.14,9,"[1, 1, 1, 1, 1, 1, 1, 1, 1, 0]",3.14,2.72,3.43,2.11,27901125.8
NUE,244.93,10,"[1, 1, 1, 1, 1, 1, 1, 1, 1, 1]",231.14,176.91,266.35,124.11,1730272.05
STM,79.91,10,"[1, 1, 1, 1, 1, 1, 1, 1, 1, 1]",61.43,36.71,79.91,21.07,14091927.95
BIDU,111.74,4,"[0, 0, 0, 0, 1, 1, 1, 0, 1, 0]",127.18,127.84,162.52,84.23,2448803.3
ETR,112.2,9,"[1, 1, 1, 1, 1, 1, 1, 1, 1, 0]",112.0,100.11,117.36,78.91,3605658.8
UI,579.45,5,"[0, 0, 0, 1, 1, 1, 1, 0, 1, 0]",766.68,684.56,1083.11,386.67,132505.6
CCJ,107.07,8,"[0, 0, 1, 1, 1, 1, 1, 1, 1, 1]",112.94,103.07,134.09,69.58,3291797.75
FER,70.76,10,"[1, 1, 1, 1, 1, 1, 1, 1, 1, 1]",68.31,65.12,73.66,50.1,1750476.4
ROK,478.08,10,"[1, 1, 1, 1, 1, 1, 1, 1, 1, 1]",436.66,391.82,478.08,317.97,677461.15
EA,202.97,10,"[1, 1, 1, 1, 1, 1, 1, 1, 1, 1]",202.03,199.1,204.4,147.21,2158832.35
ARGX,903.75,10,"[1, 1, 1, 1, 1, 1, 1, 1, 1, 1]",824.74,812.19,929.61,538.64,325115.1
DAL,85.92,10,"[1, 1, 1, 1, 1, 1, 1, 1, 1, 1]",74.49,66.53,85.92,47.68,7792407.4
EBAY,104.94,8,"[0, 1, 1, 1, 1, 1, 1, 1, 1, 0]",107.5,93.07,118.63,72.75,4354041.4
FERG,237.28,6,"[0, 0, 0, 1, 1, 1, 0, 1, 1, 1]",241.11,238.14,266.68,208.41,1444730.45
MT,63.75,9,"[1, 1, 1, 1, 1, 1, 1, 1, 1, 0]",63.53,50.75,71.65,30.04,2119216.7
WAB,276.75,10,"[1, 1, 1, 1, 1, 1, 1, 1, 1, 1]",263.8,231.1,276.75,184.98,840804.5
FNV,220.73,5,"[0, 0, 0, 0, 1, 1, 1, 1, 1, 0]",232.19,225.14,279.76,153.82,1033578.15
FITB,53.61,10,"[1, 1, 1, 1, 1, 1, 1, 1, 1, 1]",50.36,46.99,54.73,38.76,7923015.4
XYZ,73.07,8,"[1, 1, 1, 1, 0, 0, 1, 1, 1, 1]",70.78,67.29,81.11,49.09,6081529.95
NBIS,283.61,10,"[1, 1, 1, 1, 1, 1, 1, 1, 1, 1]",200.14,126.14,286.69,44.3,17934515.2
RKT,13.34,1,"[0, 0, 0, 0, 0, 0, 0, 0, 1, 0]",14.31,17.22,23.44,12.35,27263045.2
VTR,83.04,8,"[0, 1, 1, 1, 1, 1, 1, 1, 1, 0]",85.14,78.82,90.35,61.2,3927907.05
CLS,376.84,9,"[0, 1, 1, 1, 1, 1, 1, 1, 1, 1]",386.47,314.08,472.4,136.34,2226270.7
CAH,222.74,9,"[1, 1, 1, 0, 1, 1, 1, 1, 1, 1]",203.87,197.07,229.32,144.85,2298134.3
TEVA,32.2,8,"[0, 1, 1, 1, 1, 1, 1, 1, 1, 0]",33.65,28.82,36.34,15.38,6392905.45
HPE,48.4,10,"[1, 1, 1, 1, 1, 1, 1, 1, 1, 1]",36.18,26.19,55.99,17.45,43810133.25
STT,173.71,10,"[1, 1, 1, 1, 1, 1, 1, 1, 1, 1]",154.94,129.8,173.71,98.48,2359944.35
ODFL,219.52,10,"[1, 1, 1, 1, 1, 1, 1, 1, 1, 1]",216.99,176.39,248.73,125.7,2170693.85
GFS,89.67,10,"[1, 1, 1, 1, 1, 1, 1, 1, 1, 1]",71.28,47.17,89.96,31.62,5905805.75
WDS,20.26,8,"[0, 1, 1, 1, 1, 1, 1, 1, 1, 0]",22.44,18.57,24.78,13.89,1149229.3
EME,868.88,10,"[1, 1, 1, 1, 1, 1, 1, 1, 1, 1]",856.86,726.13,943.75,493.65,400774.65
ON,131.55,10,"[1, 1, 1, 1, 1, 1, 1, 1, 1, 1]",106.86,68.93,133.93,44.9,12368121.9
GFI,34.63,4,"[0, 0, 0, 0, 1, 1, 1, 0, 1, 0]",41.93,43.46,59.77,22.22,3926641.25
ERIC,11.72,8,"[0, 1, 1, 1, 1, 1, 1, 1, 1, 0]",12.21,10.39,13.74,6.97,10606440.5
KB,105.91,9,"[0, 1, 1, 1, 1, 1, 1, 1, 1, 1]",106.58,95.15,118.21,77.06,269045.45
PUK,27.02,4,"[0, 0, 0, 0, 1, 1, 0, 1, 1, 0]",29.46,29.17,33.17,23.81,1661722.95
IRM,131.86,10,"[1, 1, 1, 1, 1, 1, 1, 1, 1, 1]",123.02,102.19,131.86,77.69,1358866.45
LYV,170.56,9,"[1, 1, 1, 1, 0, 1, 1, 1, 1, 1]",163.68,153.71,175.85,125.61,2509100.15
KGC,26.3,4,"[0, 0, 0, 0, 1, 1, 1, 0, 1, 0]",29.69,28.84,37.97,14.81,8641441.75
JBL,377.24,10,"[1, 1, 1, 1, 1, 1, 1, 1, 1, 1]",350.29,261.48,385.63,192.39,1343639.9
ADM,76.29,8,"[0, 1, 1, 1, 1, 1, 1, 1, 1, 0]",76.29,66.08,84.11,50.39,3579290.25
VOD,14.12,7,"[0, 0, 1, 1, 1, 1, 1, 1, 1, 0]",15.07,13.41,16.02,9.81,3222235.2
BBD,3.43,5,"[0, 0, 0, 1, 1, 1, 0, 1, 1, 0]",3.67,3.53,4.2,2.69,27359366.6
VIK,100.05,10,"[1, 1, 1, 1, 1, 1, 1, 1, 1, 1]",85.85,72.34,100.05,49.7,2956232.0
SATS,106.4,7,"[0, 0, 1, 1, 1, 1, 1, 1, 1, 0]",124.68,102.97,141.8,24.63,13114652.15
ESLT,774.62,9,"[0, 1, 1, 1, 1, 1, 1, 1, 1, 1]",832.61,677.07,1013.23,420.9,127208.4
UMC,27.5,10,"[1, 1, 1, 1, 1, 1, 1, 1, 1, 1]",16.87,10.57,27.5,6.58,19102999.9
ONC,271.8,1,"[0, 0, 0, 0, 0, 0, 0, 0, 1, 0]",294.69,318.03,377.47,240.99,287087.45
LVS,47.8,2,"[0, 0, 0, 0, 1, 0, 0, 0, 1, 0]",52.05,56.24,68.73,41.13,4249003.8
IX,40.36,10,"[1, 1, 1, 1, 1, 1, 1, 1, 1, 1]",35.85,30.56,40.36,21.3,355035.2
CRDO,302.52,10,"[1, 1, 1, 1, 1, 1, 1, 1, 1, 1]",201.22,154.49,302.52,84.57,9973517.35
ALAB,439.66,9,"[1, 1, 1, 1, 0, 1, 1, 1, 1, 1]",264.23,187.53,439.66,85.95,6637126.6
STLD,250.98,10,"[1, 1, 1, 1, 1, 1, 1, 1, 1, 1]",239.64,184.05,282.76,120.2,1329918.6
HAL,35.17,8,"[0, 1, 1, 1, 1, 1, 1, 1, 1, 0]",39.64,32.01,42.8,19.8,12599611.15
HUM,360.72,9,"[1, 1, 1, 1, 0, 1, 1, 1, 1, 1]",285.1,247.89,380.26,162.84,1360226.65
MTZ,406.32,10,"[1, 1, 1, 1, 1, 1, 1, 1, 1, 1]",384.45,274.67,437.51,166.34,1205074.35
UAL,118.68,9,"[1, 1, 1, 0, 1, 1, 1, 1, 1, 1]",101.33,102.32,119.97,76.73,5804163.25
ZM,84.34,5,"[0, 0, 0, 1, 1, 1, 0, 1, 1, 0]",97.01,87.22,111.88,69.77,4879658.25
TS,58.15,8,"[0, 1, 1, 1, 1, 1, 1, 1, 1, 0]",60.84,47.06,64.02,33.04,1343867.05
CASY,831.67,10,"[1, 1, 1, 1, 1, 1, 1, 1, 1, 1]",813.72,651.65,916.28,493.17,674265.35
TECK,63.54,10,"[1, 1, 1, 1, 1, 1, 1, 1, 1, 1]",62.02,50.96,70.46,31.1,3179570.15
SYM,40.2,1,"[0, 0, 0, 0, 0, 0, 0, 0, 1, 0]",51.83,58.03,87.3,32.2,2775969.75
EL,84.53,4,"[1, 0, 0, 0, 1, 0, 0, 0, 1, 1]",81.71,92.5,118.78,66.97,4276199.6
SHG,66.16,9,"[0, 1, 1, 1, 1, 1, 1, 1, 1, 1]",66.17,58.71,71.72,42.82,284510.15
Q,175.64,7,"[1, 1, 0, 1, 0, 0, 1, 1, 1, 1]",148.6,175.64,175.64,73.4,2001876.95
TWLO,183.64,10,"[1, 1, 1, 1, 1, 1, 1, 1, 1, 1]",181.03,136.24,236.64,92.44,2784819.45
RVMD,165.81,10,"[1, 1, 1, 1, 1, 1, 1, 1, 1, 1]",147.89,95.81,165.81,34.7,3051829.85
RDDT,170.44,4,"[1, 0, 0, 0, 0, 0, 1, 0, 1, 1]",161.9,187.47,270.71,121.84,5193146.05
IQV,167.81,1,"[0, 0, 0, 0, 0, 0, 0, 0, 1, 0]",173.24,195.23,244.29,155.17,1709331.8
NTRS,175.56,10,"[1, 1, 1, 1, 1, 1, 1, 1, 1, 1]",165.16,142.75,175.56,115.56,1219287.55
DOV,229.4,10,"[1, 1, 1, 1, 1, 1, 1, 1, 1, 1]",217.5,199.75,232.21,159.95,948493.65
RPRX,53.57,10,"[1, 1, 1, 1, 1, 1, 1, 1, 1, 1]",52.01,43.1,55.87,34.37,4464115.9
ASTS,73.19,5,"[0, 0, 0, 1, 1, 1, 1, 0, 1, 0]",88.05,80.6,133.09,36.91,28512971.65
BIIB,199.71,10,"[1, 1, 1, 1, 1, 1, 1, 1, 1, 1]",190.93,174.99,204.53,122.68,1043223.9
VG,11.26,5,"[0, 1, 1, 1, 0, 0, 1, 0, 1, 0]",12.59,10.82,17.76,5.9,14191877.2
EXPE,238.02,7,"[1, 0, 0, 0, 1, 1, 1, 1, 1, 1]",235.87,239.92,300.02,164.46,1581383.5
CRCL,79.95,3,"[0, 0, 0, 1, 0, 0, 1, 0, 1, 0]",101.19,99.15,263.45,50.23,13311414.1
ARES,125.9,4,"[1, 0, 0, 0, 0, 0, 1, 0, 1, 1]",121.68,137.7,185.9,94.25,2480495.9
FTI,67.39,8,"[0, 1, 1, 1, 1, 1, 1, 1, 1, 0]",71.28,55.52,76.94,32.06,6332793.5
FTAI,272.05,10,"[1, 1, 1, 1, 1, 1, 1, 1, 1, 1]",249.86,220.83,308.99,108.92,976784.75
AXIA,10.31,6,"[0, 0, 0, 1, 1, 1, 1, 1, 1, 0]",11.4,10.7,13.43,6.29,2170086.5
CNC,63.68,10,"[1, 1, 1, 1, 1, 1, 1, 1, 1, 1]",54.27,42.21,66.21,25.21,5472089.15
NTRA,228.8,9,"[1, 1, 1, 0, 1, 1, 1, 1, 1, 1]",208.39,206.88,254.4,133.66,1384913.75
NVT,184.34,10,"[1, 1, 1, 1, 1, 1, 1, 1, 1, 1]",158.6,120.05,184.34,70.19,1965085.1
MTSI,396.26,10,"[1, 1, 1, 1, 1, 1, 1, 1, 1, 1]",337.52,222.68,409.68,118.35,1698380.85
TPL,361.11,5,"[0, 0, 0, 1, 1, 1, 1, 0, 1, 0]",402.3,370.74,538.97,272.83,471100.25
TPR,149.2,10,"[1, 1, 1, 1, 1, 1, 1, 1, 1, 1]",142.2,129.52,159.61,84.33,2659863.8
CFG,67.99,10,"[1, 1, 1, 1, 1, 1, 1, 1, 1, 1]",63.96,58.18,67.99,41.17,4624087.75
CW,783.82,10,"[1, 1, 1, 1, 1, 1, 1, 1, 1, 1]",732.95,633.75,783.82,471.69,321170.75
DOW,30.79,6,"[0, 0, 1, 1, 1, 1, 1, 0, 1, 0]",36.45,29.12,41.45,19.83,12405411.45
EIX,72.2,10,"[1, 1, 1, 1, 1, 1, 1, 1, 1, 1]",70.62,63.05,75.82,47.35,2476258.85
PKX,57.84,4,"[0, 0, 0, 1, 1, 1, 0, 0, 1, 0]",71.48,59.83,91.72,45.13,410109.55
BAP,380.57,10,"[1, 1, 1, 1, 1, 1, 1, 1, 1, 1]",329.29,294.78,386.94,206.38,663619.75
VRSN,247.69,4,"[0, 0, 0, 1, 0, 1, 0, 1, 1, 0]",281.93,257.22,310.0,210.93,878346.1
HUBB,539.39,10,"[1, 1, 1, 1, 1, 1, 1, 1, 1, 1]",501.75,469.89,556.18,389.98,696910.7
STRL,932.75,10,"[1, 1, 1, 1, 1, 1, 1, 1, 1, 1]",718.85,452.58,993.74,222.5,700906.75
EC,16.25,10,"[1, 1, 1, 1, 1, 1, 1, 1, 1, 1]",14.26,11.41,16.58,7.9,3530749.2
P,77.04,8,"[1, 1, 1, 1, 0, 1, 1, 1, 1, 0]",74.74,75.88,98.7,53.25,4513753.8
AER,146.85,10,"[1, 1, 1, 1, 1, 1, 1, 1, 1, 1]",141.17,136.62,153.99,106.41,1295542.65
PAAS,48.91,5,"[0, 0, 0, 1, 1, 1, 1, 0, 1, 0]",54.16,49.49,68.3,26.86,4828021.85
DG,112.46,4,"[1, 0, 0, 0, 1, 0, 0, 0, 1, 1]",112.34,120.16,155.5,95.08,4141358.25
VIV,13.0,5,"[0, 0, 0, 1, 1, 1, 0, 1, 1, 0]",14.19,13.24,16.42,10.22,1082244.9
SYF,75.71,8,"[1, 1, 1, 0, 1, 1, 0, 1, 1, 1]",73.33,73.74,87.76,62.21,3655520.7
ZS,124.06,1,"[0, 0, 0, 0, 0, 0, 0, 0, 1, 0]",140.78,210.85,336.27,118.05,8013695.7
SQM,78.65,8,"[0, 1, 1, 1, 1, 1, 1, 1, 1, 0]",84.85,68.11,94.63,32.54,1341229.6
BG,111.42,7,"[0, 0, 1, 1, 1, 1, 1, 1, 1, 0]",123.57,106.4,131.41,71.0,1866486.75
FMX,125.16,10,"[1, 1, 1, 1, 1, 1, 1, 1, 1, 1]",120.19,105.05,129.37,82.37,521124.25
MDB,319.16,6,"[1, 0, 0, 0, 1, 1, 1, 0, 1, 1]",303.95,332.56,440.6,201.0,2941580.85
XPO,201.19,8,"[0, 1, 1, 1, 1, 1, 1, 1, 1, 0]",213.6,170.24,228.37,118.79,1910346.35
ALB,156.69,6,"[0, 0, 1, 1, 1, 1, 1, 0, 1, 0]",180.47,145.83,215.07,57.05,2347659.95
UTHR,538.3,8,"[0, 1, 1, 1, 1, 1, 1, 1, 1, 0]",564.67,498.21,596.76,274.7,564507.3
FSLR,263.11,10,"[1, 1, 1, 1, 1, 1, 1, 1, 1, 1]",238.0,233.61,318.25,144.67,2942909.1
TSN,55.51,5,"[0, 0, 0, 1, 1, 1, 0, 1, 1, 0]",62.53,58.5,68.18,49.45,3904441.25
TSEM,316.85,10,"[1, 1, 1, 1, 1, 1, 1, 1, 1, 1]",241.76,144.52,316.85,40.11,1990620.45
RF,28.75,10,"[1, 1, 1, 1, 1, 1, 1, 1, 1, 1]",27.8,26.58,30.37,21.77,11451932.65
KEY,22.83,10,"[1, 1, 1, 1, 1, 1, 1, 1, 1, 1]",21.58,19.84,22.83,15.82,12854378.5
TEAM,79.96,2,"[0, 0, 0, 0, 0, 0, 1, 0, 1, 0]",84.08,119.42,220.89,57.15,5694962.3
LYB,58.52,6,"[0, 0, 1, 1, 1, 1, 1, 0, 1, 0]",69.19,56.0,81.53,40.28,5384764.9
JBHT,273.48,10,"[1, 1, 1, 1, 1, 1, 1, 1, 1, 1]",258.59,203.59,289.36,129.81,1004753.65
SBAC,187.59,4,"[0, 0, 0, 1, 1, 0, 0, 1, 1, 0]",208.36,193.92,233.84,164.16,1000545.4
WST,329.71,10,"[1, 1, 1, 1, 1, 1, 1, 1, 1, 1]",306.33,271.72,334.66,209.39,717286.7
CPAY,347.17,9,"[1, 1, 1, 1, 1, 1, 1, 1, 1, 0]",335.88,312.41,364.13,255.0,612696.25
ENTG,184.0,10,"[1, 1, 1, 1, 1, 1, 1, 1, 1, 1]",143.6,111.78,184.0,68.7,3266404.65
NMR,9.01,9,"[1, 1, 1, 0, 1, 1, 1, 1, 1, 1]",8.28,8.04,9.54,6.14,1545935.3
IHG,170.05,10,"[1, 1, 1, 1, 1, 1, 1, 1, 1, 1]",152.47,136.39,171.02,111.4,270270.45
FN,617.09,8,"[0, 1, 1, 1, 1, 1, 1, 1, 1, 0]",663.8,512.24,746.47,269.87,949269.5
SBS,5.42,7,"[0, 0, 1, 1, 1, 1, 1, 1, 1, 0]",6.08,5.41,7.08,3.81,6492115.6
WWD,426.82,10,"[1, 1, 1, 1, 1, 1, 1, 1, 1, 1]",372.76,325.03,434.83,236.67,873698.1
SITM,753.12,10,"[1, 1, 1, 1, 1, 1, 1, 1, 1, 1]",653.05,413.22,901.48,190.16,531299.65
INSM,98.61,1,"[0, 0, 0, 0, 0, 0, 0, 0, 1, 0]",118.18,153.36,211.41,91.88,4783782.9
BEKE,15.0,3,"[0, 0, 0, 1, 0, 0, 0, 1, 1, 0]",16.86,17.03,19.99,14.54,4893101.75
AKAM,120.74,7,"[0, 1, 1, 1, 1, 1, 1, 0, 1, 0]",126.68,99.3,161.14,70.53,4105888.55
PFG,111.23,10,"[1, 1, 1, 1, 1, 1, 1, 1, 1, 1]",101.4,89.48,111.23,72.85,1186737.75
RL,410.92,10,"[1, 1, 1, 1, 1, 1, 1, 1, 1, 1]",369.34,349.2,413.01,267.42,749257.95
ATI,204.09,10,"[1, 1, 1, 1, 1, 1, 1, 1, 1, 1]",168.24,127.7,204.09,71.34,1836285.3
MRNA,59.35,10,"[1, 1, 1, 1, 1, 1, 1, 1, 1, 1]",50.36,39.4,63.96,22.36,7162582.95
ILMN,161.38,10,"[1, 1, 1, 1, 1, 1, 1, 1, 1, 1]",145.32,127.03,170.93,90.61,1987003.4
AFRM,72.2,8,"[1, 1, 1, 1, 0, 0, 1, 1, 1, 1]",65.93,66.62,92.18,42.53,4911587.45
CRS,587.77,10,"[1, 1, 1, 1, 1, 1, 1, 1, 1, 1]",463.42,358.25,587.77,231.97,711310.55
SMCI,35.46,6,"[1, 1, 0, 1, 0, 0, 1, 0, 1, 1]",33.05,35.53,60.71,20.53,74866348.45
MKSI,420.56,10,"[1, 1, 1, 1, 1, 1, 1, 1, 1, 1]",309.95,212.24,420.56,89.14,1092147.75
IFF,75.95,9,"[1, 1, 1, 1, 1, 1, 0, 1, 1, 1]",74.09,69.12,82.49,58.53,2095824.55
EXPD,163.15,10,"[1, 1, 1, 1, 1, 1, 1, 1, 1, 1]",154.41,143.73,166.62,110.22,1424421.05
ROIV,31.25,10,"[1, 1, 1, 1, 1, 1, 1, 1, 1, 1]",29.19,23.65,32.41,10.74,5430528.15
DD,48.19,10,"[1, 1, 1, 1, 1, 1, 1, 1, 1, 1]",47.54,42.1,51.12,27.52,3544269.15
IREN,56.87,7,"[1, 1, 1, 1, 0, 1, 1, 0, 1, 0]",54.37,48.47,76.41,10.66,47411218.85
RGLD,214.65,4,"[0, 0, 0, 0, 1, 1, 1, 0, 1, 0]",232.16,227.98,303.74,150.48,763056.4
FUTU,99.97,1,"[0, 0, 0, 0, 0, 0, 0, 0, 1, 0]",129.48,154.14,195.9,89.76,7277930.85
ULS,89.71,8,"[0, 1, 1, 1, 1, 1, 1, 1, 1, 0]",95.48,82.33,104.74,62.21,838502.25
CHRW,187.07,10,"[1, 1, 1, 1, 1, 1, 1, 1, 1, 1]",177.73,162.93,199.22,91.27,1303995.4
LUV,48.57,9,"[1, 1, 1, 0, 1, 1, 1, 1, 1, 1]",41.13,39.14,54.33,28.52,6680117.65
DKS,238.57,9,"[1, 1, 1, 1, 0, 1, 1, 1, 1, 1]",220.65,211.87,238.57,171.79,1423150.3
VTRS,15.38,8,"[0, 1, 1, 1, 1, 1, 1, 1, 1, 0]",15.61,12.81,17.26,8.41,9915064.3
RCI,36.25,6,"[1, 0, 0, 0, 1, 1, 1, 1, 1, 0]",36.15,36.57,40.21,27.36,1151749.5
FFIV,391.27,9,"[1, 1, 1, 1, 0, 1, 1, 1, 1, 1]",356.73,299.76,409.13,223.99,681047.45
CX,12.58,10,"[1, 1, 1, 1, 1, 1, 1, 1, 1, 1]",12.53,11.27,13.52,6.71,4052031.25
INCY,103.66,9,"[1, 1, 1, 0, 1, 1, 1, 1, 1, 1]",98.3,96.88,110.57,67.26,2079241.95
KEP,12.66,2,"[0, 0, 0, 0, 1, 0, 0, 0, 1, 0]",13.96,16.03,23.26,10.38,1152212.45
APG,42.78,8,"[0, 1, 1, 1, 1, 1, 0, 1, 1, 1]",44.06,40.36,49.4,33.09,2958168.5
SNX,283.26,10,"[1, 1, 1, 1, 1, 1, 1, 1, 1, 1]",242.36,177.53,284.65,126.14,860509.6
CDE,17.47,4,"[0, 0, 0, 0, 1, 1, 1, 0, 1, 0]",18.36,18.92,27.12,8.67,35817119.9
RBC,645.73,10,"[1, 1, 1, 1, 1, 1, 1, 1, 1, 1]",593.91,499.12,645.73,369.71,292465.35
BURL,340.27,10,"[1, 1, 1, 1, 1, 1, 1, 1, 1, 1]",321.0,296.17,347.82,222.85,1035363.05
ROKU,135.2,10,"[1, 1, 1, 1, 1, 1, 1, 1, 1, 1]",123.14,105.22,143.66,79.98,6650206.65
AMKR,93.55,10,"[1, 1, 1, 1, 1, 1, 1, 1, 1, 1]",72.36,48.04,93.55,20.09,6528533.45
RS,403.49,10,"[1, 1, 1, 1, 1, 1, 1, 1, 1, 1]",368.56,313.84,413.43,262.77,364590.8
BWXT,210.0,10,"[1, 1, 1, 1, 1, 1, 1, 1, 1, 1]",207.65,196.44,238.1,135.69,1014930.9
ZTO,22.23,7,"[0, 0, 1, 1, 1, 1, 1, 1, 1, 0]",23.91,21.76,25.88,17.09,1527050.55
NXT,129.07,10,"[1, 1, 1, 1, 1, 1, 1, 1, 1, 1]",125.66,104.29,156.4,53.8,2385106.3
ITT,199.23,9,"[0, 1, 1, 1, 1, 1, 1, 1, 1, 1]",202.94,188.34,221.24,152.13,838978.1
FTV,61.67,10,"[1, 1, 1, 1, 1, 1, 1, 1, 1, 1]",60.21,55.02,62.78,46.39,3449766.15
IONQ,58.32,7,"[1, 1, 1, 1, 0, 1, 1, 0, 1, 0]",53.03,49.37,82.09,26.59,29086186.1
AGI,32.04,4,"[0, 0, 0, 0, 1, 1, 1, 0, 1, 0]",40.9,39.28,55.22,24.25,4624286.0
BCH,40.08,10,"[1, 1, 1, 1, 1, 1, 1, 1, 1, 1]",38.06,35.88,43.7,25.75,345921.2
YPF,49.47,10,"[1, 1, 1, 1, 1, 1, 1, 1, 1, 1]",47.39,37.89,56.35,23.57,2082532.8
CF,103.6,8,"[0, 1, 1, 1, 1, 1, 1, 1, 1, 0]",117.93,98.3,137.04,75.38,2867979.6
MGA,65.96,10,"[1, 1, 1, 1, 1, 1, 1, 1, 1, 1]",62.76,54.29,68.15,36.41,1108449.5
TLN,438.12,9,"[1, 1, 1, 1, 0, 1, 1, 1, 1, 1]",367.2,372.3,445.84,264.0,877109.8
LSCC,155.27,10,"[1, 1, 1, 1, 1, 1, 1, 1, 1, 1]",130.65,92.34,155.27,48.73,1944605.85
WMG,27.47,3,"[0, 0, 0, 1, 0, 0, 0, 1, 1, 0]",30.34,29.7,34.56,23.52,2375386.8
CIB,81.28,10,"[1, 1, 1, 1, 1, 1, 1, 1, 1, 1]",71.23,65.74,83.05,41.87,535206.35
WCC,369.72,10,"[1, 1, 1, 1, 1, 1, 1, 1, 1, 1]",344.18,278.28,373.98,179.73,479640.3
JBS,11.92,2,"[0, 0, 0, 0, 1, 0, 0, 0, 1, 0]",13.88,13.8,17.05,11.6,8884085.7
WSO,397.16,7,"[0, 1, 1, 1, 1, 0, 0, 1, 1, 1]",403.37,378.29,478.22,318.41,365290.85
DOCN,166.24,10,"[1, 1, 1, 1, 1, 1, 1, 1, 1, 1]",139.2,74.12,181.29,25.74,2814522.15
EWBC,129.13,10,"[1, 1, 1, 1, 1, 1, 1, 1, 1, 1]",123.11,111.7,132.63,92.51,982316.45
AA,58.35,6,"[0, 0, 1, 1, 1, 1, 1, 0, 1, 0]",67.93,53.89,83.79,27.91,5368386.05
PR,19.0,8,"[0, 1, 1, 1, 1, 1, 1, 1, 1, 0]",20.0,16.25,22.33,11.76,10638446.0
NVMI,583.1,10,"[1, 1, 1, 1, 1, 1, 1, 1, 1, 1]",519.64,408.94,605.65,234.1,478620.5
RTO,28.5,5,"[0, 0, 0, 1, 1, 1, 0, 1, 1, 0]",31.95,29.58,34.52,22.29,959683.85
OWL,9.23,1,"[0, 0, 0, 0, 0, 0, 0, 0, 1, 0]",9.63,12.61,19.42,8.04,23564782.15
OVV,54.62,8,"[0, 1, 1, 1, 1, 1, 1, 1, 1, 0]",57.13,46.69,62.75,35.32,3211776.6
TTMI,221.47,10,"[1, 1, 1, 1, 1, 1, 1, 1, 1, 1]",163.97,98.8,221.47,36.95,2618045.35
BEN,33.93,10,"[1, 1, 1, 1, 1, 1, 1, 1, 1, 1]",30.28,25.38,33.93,20.59,4442012.75
IEX,225.36,10,"[1, 1, 1, 1, 1, 1, 1, 1, 1, 1]",211.61,188.11,225.36,155.73,743478.15
LAMR,151.75,10,"[1, 1, 1, 1, 1, 1, 1, 1, 1, 1]",143.82,129.03,156.29,109.47,550127.6
VNOM,43.56,7,"[0, 1, 1, 1, 1, 1, 0, 1, 1, 0]",46.28,40.94,50.23,34.57,1956274.45
GNRC,295.54,10,"[1, 1, 1, 1, 1, 1, 1, 1, 1, 1]",252.59,196.23,295.54,133.53,929556.5
NDSN,295.06,10,"[1, 1, 1, 1, 1, 1, 1, 1, 1, 1]",282.86,257.95,297.53,206.54,464870.6
SN,138.56,10,"[1, 1, 1, 1, 1, 1, 1, 1, 1, 1]",118.27,110.72,140.84,84.57,2141016.05
H,196.33,10,"[1, 1, 1, 1, 1, 1, 1, 1, 1, 1]",175.76,159.12,202.09,132.16,993416.5
BALL,58.2,9,"[1, 1, 1, 1, 1, 1, 0, 1, 1, 1]",58.08,55.06,67.31,45.92,3147957.9
MLI,139.51,10,"[1, 1, 1, 1, 1, 1, 1, 1, 1, 1]",133.0,116.57,140.46,76.17,657676.05
LOGI,106.83,8,"[1, 1, 1, 1, 0, 1, 0, 1, 1, 1]",105.65,103.56,126.69,84.71,1164484.55
CLH,289.36,9,"[0, 1, 1, 1, 1, 1, 1, 1, 1, 1]",294.78,261.4,313.7,201.73,492050.6
GMAB,25.61,2,"[0, 0, 0, 0, 0, 1, 0, 0, 1, 0]",26.47,29.26,35.34,20.3,1626875.65
PAA,21.48,8,"[0, 1, 1, 1, 1, 1, 1, 1, 1, 0]",22.18,18.98,24.15,14.89,2806377.35
NBIX,161.62,9,"[1, 1, 1, 1, 0, 1, 1, 1, 1, 1]",148.15,141.41,167.35,123.1,1182056.2
HST,25.13,10,"[1, 1, 1, 1, 1, 1, 1, 1, 1, 1]",22.4,18.89,25.13,14.65,9544865.5
JLL,294.84,5,"[0, 0, 0, 0, 1, 1, 0, 1, 1, 1]",311.22,315.36,358.66,244.5,386053.9
ASND,228.0,8,"[0, 1, 1, 1, 1, 1, 1, 1, 1, 0]",231.48,217.97,249.84,163.32,625485.45
LECO,274.75,10,"[1, 1, 1, 1, 1, 1, 1, 1, 1, 1]",262.63,252.14,297.91,203.4,364036.25
OKTA,115.94,9,"[1, 1, 1, 1, 0, 1, 1, 1, 1, 1]",92.39,87.35,139.79,62.93,5270586.2
HTHT,42.41,5,"[0, 0, 0, 0, 1, 1, 1, 1, 1, 0]",47.31,45.49,54.63,29.07,2706105.15
DTM,145.04,9,"[1, 1, 1, 1, 1, 1, 1, 1, 1, 0]",140.72,124.68,150.19,96.52,676549.6
MOD,295.58,10,"[1, 1, 1, 1, 1, 1, 1, 1, 1, 1]",267.55,192.53,306.89,90.02,1490668.7
RRX,231.28,10,"[1, 1, 1, 1, 1, 1, 1, 1, 1, 1]",209.11,173.48,231.37,128.18,861998.85
BSAC,32.88,10,"[1, 1, 1, 1, 1, 1, 1, 1, 1, 1]",31.71,29.94,35.69,21.8,415181.0
JAZZ,225.92,9,"[1, 1, 1, 1, 1, 1, 1, 1, 1, 0]",220.81,175.52,240.06,105.93,948185.75
ONTO,347.87,10,"[1, 1, 1, 1, 1, 1, 1, 1, 1, 1]",283.09,196.69,347.87,90.0,1212417.15
OHI,45.1,8,"[0, 1, 1, 1, 1, 1, 1, 1, 1, 0]",46.13,43.65,48.99,34.1,2658594.7
SMMT,14.28,2,"[0, 0, 0, 1, 0, 0, 0, 0, 1, 0]",17.99,17.91,29.32,13.05,7309585.1
RMBS,140.35,9,"[1, 1, 1, 1, 1, 1, 1, 1, 1, 0]",134.82,107.35,170.66,60.0,2717176.25
AUR,6.56,8,"[1, 1, 1, 1, 0, 1, 1, 1, 1, 0]",6.31,5.06,8.4,3.77,32896475.6
NIO,5.05,3,"[0, 0, 0, 1, 0, 0, 1, 0, 1, 0]",5.89,5.82,7.89,3.41,39417218.7
HAS,84.39,5,"[0, 0, 0, 1, 1, 1, 0, 1, 1, 0]",90.06,85.08,104.36,68.3,2034944.8
LTM,55.73,9,"[1, 1, 1, 0, 1, 1, 1, 1, 1, 1]",50.79,51.01,68.29,37.8,837614.05
SUN,62.75,8,"[0, 1, 1, 1, 1, 1, 1, 1, 1, 0]",66.32,57.47,72.2,46.14,397082.7
QXO,16.74,2,"[0, 0, 0, 0, 1, 0, 0, 0, 1, 0]",18.64,20.3,27.07,15.06,16313998.45
AEIS,388.23,10,"[1, 1, 1, 1, 1, 1, 1, 1, 1, 1]",348.61,266.43,388.93,129.8,942757.95
ALLY,45.57,9,"[1, 1, 1, 1, 1, 1, 0, 1, 1, 1]",43.28,41.35,46.41,35.72,3511431.4
PL,28.77,7,"[0, 1, 1, 1, 1, 1, 1, 0, 1, 0]",38.24,23.96,51.4,5.3,17163693.9
EVR,374.04,10,"[1, 1, 1, 1, 1, 1, 1, 1, 1, 1]",344.42,329.17,381.16,254.23,379505.05
SKM,34.4,7,"[0, 1, 1, 1, 1, 1, 1, 0, 1, 0]",38.13,27.54,46.0,19.68,3454614.85
TIGO,85.35,9,"[1, 1, 1, 1, 1, 1, 1, 1, 1, 0]",84.09,62.53,93.77,32.54,2365250.25
SANM,253.45,10,"[1, 1, 1, 1, 1, 1, 1, 1, 1, 1]",226.06,163.73,282.72,91.71,1296026.55
IESC,754.74,10,"[1, 1, 1, 1, 1, 1, 1, 1, 1, 1]",652.88,482.38,754.74,281.39,197141.65
BBIO,68.92,6,"[0, 0, 1, 0, 1, 1, 1, 1, 1, 0]",69.53,67.63,79.91,42.17,2807020.05
TOL,151.92,9,"[1, 1, 1, 0, 1, 1, 1, 1, 1, 1]",140.57,140.54,165.81,110.46,1180442.9
DINO,65.84,8,"[0, 1, 1, 1, 1, 1, 1, 1, 1, 0]",66.95,55.8,73.99,39.47,2236953.45
NYT,72.08,7,"[0, 0, 1, 1, 1, 1, 1, 1, 1, 0]",76.94,70.0,85.86,50.99,1781782.35
DY,468.01,10,"[1, 1, 1, 1, 1, 1, 1, 1, 1, 1]",439.63,361.65,535.2,235.62,627079.45
RBRK,70.53,6,"[1, 1, 1, 0, 0, 0, 1, 0, 1, 1]",62.97,67.09,98.5,43.81,4795504.4
DVA,209.68,10,"[1, 1, 1, 1, 1, 1, 1, 1, 1, 1]",181.49,142.7,210.58,103.87,751563.95
GH,128.83,10,"[1, 1, 1, 1, 1, 1, 1, 1, 1, 1]",106.63,94.23,133.22,40.98,2363576.0
PEN,316.2,6,"[0, 0, 1, 0, 1, 1, 1, 1, 1, 0]",324.17,307.7,359.4,225.54,421544.9
BMNR,15.86,2,"[0, 0, 0, 0, 0, 0, 1, 0, 1, 0]",19.86,30.61,134.96,4.26,38688670.15
SWK,86.31,10,"[1, 1, 1, 1, 1, 1, 1, 1, 1, 1]",77.19,74.33,89.99,60.08,1487015.7
ENLT,85.47,8,"[0, 1, 1, 1, 1, 1, 1, 1, 1, 0]",90.18,58.87,107.42,21.74,288810.0
OKLO,58.4,1,"[0, 0, 0, 0, 0, 0, 0, 0, 1, 0]",65.25,84.97,174.14,45.58,13854513.35
BWA,72.34,10,"[1, 1, 1, 1, 1, 1, 1, 1, 1, 1]",63.82,51.61,77.03,32.32,3624468.9
APA,34.2,8,"[0, 1, 1, 1, 1, 1, 1, 1, 1, 0]",37.59,29.55,44.09,17.09,5433857.4
IONS,75.89,8,"[1, 0, 1, 0, 1, 1, 1, 1, 1, 1]",74.88,75.08,86.5,37.67,1728981.9
HL,15.98,4,"[0, 0, 0, 0, 1, 1, 1, 0, 1, 0]",17.64,17.78,31.8,5.58,21845641.8
HII,278.19,3,"[0, 0, 0, 0, 1, 1, 0, 0, 1, 0]",331.4,343.84,451.78,227.78,534501.75
SOLS,86.95,7,"[1, 1, 0, 1, 0, 0, 1, 1, 1, 1]",82.49,86.95,88.49,41.35,1632668.05
FIVE,193.45,7,"[0, 0, 1, 1, 1, 1, 1, 1, 1, 0]",217.24,191.39,247.71,124.28,1637221.95
U,27.14,4,"[1, 0, 0, 0, 0, 0, 1, 0, 1, 1]",27.0,33.1,49.47,17.13,9498969.2
IVZ,28.78,10,"[1, 1, 1, 1, 1, 1, 1, 1, 1, 1]",26.78,25.02,29.2,14.42,5122646.4
NTNX,46.61,6,"[1, 1, 0, 1, 0, 0, 1, 0, 1, 1]",45.46,52.18,81.12,34.41,4666337.6
MEDP,455.66,4,"[1, 0, 0, 0, 0, 0, 1, 0, 1, 1]",450.03,512.34,620.59,306.8,277814.85
EXEL,51.35,10,"[1, 1, 1, 1, 1, 1, 1, 1, 1, 1]",48.64,43.56,53.5,34.54,2572237.95
ALGN,173.76,9,"[0, 1, 1, 1, 1, 1, 1, 1, 1, 1]",173.84,160.38,207.19,124.88,1045178.55
BLD,413.47,4,"[0, 0, 0, 0, 1, 0, 0, 1, 1, 1]",419.41,428.77,550.9,319.46,822848.2
WLK,77.95,5,"[0, 0, 0, 1, 1, 1, 1, 0, 1, 0]",97.28,87.4,122.65,55.28,906142.1
SAIA,436.05,8,"[0, 1, 1, 1, 1, 1, 1, 1, 1, 0]",448.35,360.5,487.14,250.48,438012.25
MP,60.29,4,"[0, 1, 0, 1, 0, 0, 1, 0, 1, 0]",62.6,62.15,98.65,30.03,6018870.1
VIAV,52.94,10,"[1, 1, 1, 1, 1, 1, 1, 1, 1, 1]",48.94,27.77,55.33,9.62,8691871.75
AAOI,171.23,9,"[1, 1, 1, 1, 1, 1, 1, 1, 1, 0]",170.59,77.63,223.1,19.49,14079625.35
PINS,19.5,2,"[0, 0, 0, 0, 0, 0, 0, 0, 1, 1]",20.28,24.55,39.17,15.42,22247478.95
AIZ,261.58,10,"[1, 1, 1, 1, 1, 1, 1, 1, 1, 1]",243.17,227.21,262.13,181.8,428895.15
WBS,76.13,10,"[1, 1, 1, 1, 1, 1, 1, 1, 1, 1]",72.45,65.36,76.13,51.76,3749168.0
ELAN,23.9,9,"[1, 1, 1, 0, 1, 1, 1, 1, 1, 1]",22.98,22.65,26.84,13.35,6215450.65
GLXY,33.12,9,"[1, 1, 1, 1, 0, 1, 1, 1, 1, 1]",28.82,27.81,42.86,16.84,7401449.5
APLD,45.2,9,"[1, 1, 1, 1, 1, 1, 1, 1, 1, 0]",39.95,31.37,49.65,9.18,20908750.05
MDGL,512.88,8,"[1, 1, 1, 0, 1, 1, 1, 1, 1, 0]",509.57,493.78,602.83,277.64,280237.9
VICR,365.53,10,"[1, 1, 1, 1, 1, 1, 1, 1, 1, 1]",277.43,156.84,365.53,43.83,752809.1
COKE,178.9,9,"[0, 1, 1, 1, 1, 1, 1, 1, 1, 1]",184.62,163.43,216.63,106.88,503075.0
LFUS,489.1,10,"[1, 1, 1, 1, 1, 1, 1, 1, 1, 1]",438.79,324.75,489.1,221.22,307628.0
FORM,156.66,10,"[1, 1, 1, 1, 1, 1, 1, 1, 1, 1]",134.11,82.3,156.66,27.62,1527892.25
AAON,136.16,10,"[1, 1, 1, 1, 1, 1, 1, 1, 1, 1]",119.56,97.74,148.15,71.77,1000269.85
TFII,146.85,10,"[1, 1, 1, 1, 1, 1, 1, 1, 1, 1]",143.84,111.83,163.36,80.35,460251.65
AIT,338.07,10,"[1, 1, 1, 1, 1, 1, 1, 1, 1, 1]",306.91,274.12,338.07,223.04,261657.8
SMTC,174.73,10,"[1, 1, 1, 1, 1, 1, 1, 1, 1, 1]",132.96,89.43,174.73,41.06,4609952.3
WULF,28.31,10,"[1, 1, 1, 1, 1, 1, 1, 1, 1, 1]",23.39,16.17,28.98,3.57,27572794.55
POWL,307.8,10,"[1, 1, 1, 1, 1, 1, 1, 1, 1, 1]",277.42,170.25,321.94,60.01,594484.7
TIMB,21.41,5,"[0, 0, 0, 1, 1, 1, 0, 1, 1, 0]",23.75,23.17,27.96,17.55,295702.5
AXSM,247.85,10,"[1, 1, 1, 1, 1, 1, 1, 1, 1, 1]",219.4,168.75,255.17,100.39,689236.1
WMS,141.4,4,"[0, 0, 0, 0, 1, 0, 0, 1, 1, 1]",141.81,146.44,174.94,110.35,1114265.75
HMY,16.14,4,"[0, 0, 0, 0, 1, 1, 1, 0, 1, 0]",16.77,17.94,25.55,12.37,4504764.5
HUT,121.04,10,"[1, 1, 1, 1, 1, 1, 1, 1, 1, 1]",99.54,60.25,133.02,15.89,4002462.4
IAG,16.91,6,"[0, 0, 1, 0, 1, 1, 1, 0, 1, 1]",17.44,16.57,24.57,6.74,5878240.1
CGNX,67.6,10,"[1, 1, 1, 1, 1, 1, 1, 1, 1, 1]",61.02,48.16,68.33,29.63,2133792.6
KTOS,51.09,1,"[0, 0, 0, 0, 0, 0, 0, 0, 1, 0]",60.74,79.95,130.72,40.77,4755039.75
JEF,62.81,7,"[1, 1, 1, 0, 0, 0, 1, 1, 1, 1]",52.23,54.16,68.8,35.74,1727810.85
AG,17.72,4,"[0, 0, 0, 0, 1, 1, 1, 0, 1, 0]",20.0,18.11,31.98,7.82,12251553.5
EMBJ,60.96,6,"[1, 0, 0, 0, 1, 1, 0, 1, 1, 1]",60.88,63.71,79.88,47.38,1412960.25
ESI,49.09,10,"[1, 1, 1, 1, 1, 1, 1, 1, 1, 1]",41.59,31.68,49.09,21.73,2874522.1
JOBY,9.86,1,"[0, 0, 0, 0, 0, 0, 0, 0, 1, 0]",9.89,12.48,20.39,7.94,34949297.8
MUSA,551.32,10,"[1, 1, 1, 1, 1, 1, 1, 1, 1, 1]",548.55,441.7,622.53,355.19,337264.65
BTSG,67.2,10,"[1, 1, 1, 1, 1, 1, 1, 1, 1, 1]",55.32,40.74,67.2,19.36,3639189.25
GSAT,79.81,8,"[0, 1, 1, 1, 1, 1, 1, 1, 1, 0]",81.33,62.03,84.43,23.14,1460065.95
GMED,79.19,5,"[0, 0, 0, 0, 1, 1, 1, 1, 1, 0]",84.72,81.01,96.82,51.89,1756713.15
BEP,35.74,10,"[1, 1, 1, 1, 1, 1, 1, 1, 1, 1]",34.58,29.92,37.09,23.77,868704.35
KNX,75.4,10,"[1, 1, 1, 1, 1, 1, 1, 1, 1, 1]",69.45,55.31,82.45,38.58,4665797.85
ALSN,121.12,9,"[0, 1, 1, 1, 1, 1, 1, 1, 1, 1]",121.68,104.66,135.66,78.62,897060.85
SNAP,4.63,1,"[0, 0, 0, 0, 0, 0, 0, 0, 1, 0]",5.68,6.63,10.35,3.93,46092997.1
ARWR,82.0,10,"[1, 1, 1, 1, 1, 1, 1, 1, 1, 1]",74.46,58.39,82.0,14.71,1605786.5
WTFC,155.77,10,"[1, 1, 1, 1, 1, 1, 1, 1, 1, 1]",150.01,140.62,160.74,118.91,456597.3
AES,14.65,9,"[1, 1, 1, 1, 1, 1, 1, 1, 1, 0]",14.48,14.09,17.07,9.65,8038158.3
SPXC,246.41,10,"[1, 1, 1, 1, 1, 1, 1, 1, 1, 1]",218.21,209.22,246.41,158.0,659411.6
VFS,3.08,3,"[0, 0, 0, 1, 1, 0, 0, 0, 1, 0]",3.79,3.45,4.76,2.81,578719.4
AHR,47.16,6,"[0, 0, 0, 1, 1, 1, 1, 1, 1, 0]",49.08,47.4,52.91,35.11,2780562.7
DAR,53.22,8,"[0, 1, 1, 1, 1, 1, 1, 1, 1, 0]",60.06,45.77,64.84,29.74,2058771.2
FCFS,228.89,10,"[1, 1, 1, 1, 1, 1, 1, 1, 1, 1]",219.57,179.93,232.57,118.91,453317.95
UMBF,136.94,10,"[1, 1, 1, 1, 1, 1, 1, 1, 1, 1]",127.92,119.23,136.94,100.28,638774.4
ARW,234.83,10,"[1, 1, 1, 1, 1, 1, 1, 1, 1, 1]",203.06,145.2,234.83,101.87,628949.6
MOG-A,403.3,10,"[1, 1, 1, 1, 1, 1, 1, 1, 1, 1]",336.8,275.44,411.37,176.53,341774.1
HBM,27.91,10,"[1, 1, 1, 1, 1, 1, 1, 1, 1, 1]",25.81,20.96,31.86,9.05,6168627.5
GTLS,208.98,10,"[1, 1, 1, 1, 1, 1, 1, 1, 1, 1]",207.63,205.1,208.98,144.0,1255482.65
MGM,46.57,10,"[1, 1, 1, 1, 1, 1, 1, 1, 1, 1]",41.32,36.54,50.69,30.72,5887949.65
VMI,583.0,10,"[1, 1, 1, 1, 1, 1, 1, 1, 1, 1]",505.26,437.06,583.0,320.86,242547.0
ABVX,101.66,4,"[0, 0, 0, 0, 1, 1, 1, 0, 1, 0]",113.86,111.07,145.31,6.11,3112656.75
CTRE,37.49,6,"[0, 0, 1, 1, 1, 1, 0, 1, 1, 0]",39.32,36.98,42.44,29.3,3086823.9
MOH,197.42,8,"[1, 1, 1, 1, 0, 1, 1, 0, 1, 1]",181.64,168.1,306.29,122.65,957456.85
BPOP,162.73,10,"[1, 1, 1, 1, 1, 1, 1, 1, 1, 1]",149.74,131.13,162.73,105.07,521479.65
SNEX,138.79,10,"[1, 1, 1, 1, 1, 1, 1, 1, 1, 1]",113.5,80.38,139.01,54.63,872829.6
CYTK,79.17,10,"[1, 1, 1, 1, 1, 1, 1, 1, 1, 1]",71.22,63.86,79.17,32.64,1980642.0
VSAT,64.23,7,"[0, 1, 1, 1, 1, 1, 1, 0, 1, 0]",67.48,46.33,86.69,12.83,3237196.05
ICLR,140.73,5,"[1, 1, 0, 0, 0, 0, 1, 0, 1, 1]",125.17,149.52,202.92,80.08,1195175.1
AGX,790.0,10,"[1, 1, 1, 1, 1, 1, 1, 1, 1, 1]",663.48,432.06,790.0,201.37,371296.9
CAMT,195.72,10,"[1, 1, 1, 1, 1, 1, 1, 1, 1, 1]",180.63,141.06,207.46,74.85,466723.1
SBSW,9.35,4,"[0, 0, 0, 0, 1, 1, 1, 0, 1, 0]",11.89,12.62,20.52,6.72,5420010.8
MASI,179.95,10,"[1, 1, 1, 1, 1, 1, 1, 1, 1, 1]",178.68,156.41,179.95,127.4,897116.25
ELPC,11.63,8,"[0, 1, 1, 1, 1, 1, 1, 1, 1, 0]",12.17,10.42,13.39,7.32,327917.85
TTC,92.19,10,"[1, 1, 1, 1, 1, 1, 1, 1, 1, 1]",92.06,85.0,100.89,67.07,1154269.75
R,265.06,10,"[1, 1, 1, 1, 1, 1, 1, 1, 1, 1]",245.49,203.38,280.34,150.92,407982.5
CAVA,80.88,8,"[0, 1, 1, 1, 1, 1, 1, 1, 1, 0]",84.28,69.69,97.39,43.59,2939360.65
PRAX,303.39,8,"[0, 1, 1, 1, 1, 1, 1, 1, 1, 0]",315.69,246.59,357.13,37.71,555610.0
ZION,67.12,10,"[1, 1, 1, 1, 1, 1, 1, 1, 1, 1]",62.53,57.62,67.25,45.85,1691411.45
SIRI,27.94,9,"[1, 1, 1, 1, 1, 1, 1, 1, 1, 0]",26.97,22.72,29.87,19.47,6528093.0
RIOT,28.63,9,"[1, 1, 1, 1, 0, 1, 1, 1, 1, 1]",22.88,17.88,28.63,9.27,15464454.25
FLS,81.58,10,"[1, 1, 1, 1, 1, 1, 1, 1, 1, 1]",75.91,71.09,91.76,45.79,1893001.4
ALGM,61.58,10,"[1, 1, 1, 1, 1, 1, 1, 1, 1, 1]",46.62,34.89,61.58,22.8,2558092.35
GDS,31.71,3,"[0, 0, 0, 0, 1, 1, 0, 0, 1, 0]",39.42,38.78,47.52,27.54,3004460.8
KRYS,343.43,10,"[1, 1, 1, 1, 1, 1, 1, 1, 1, 1]",295.73,245.16,348.06,134.94,307985.7
EGO,32.37,6,"[1, 0, 0, 0, 1, 1, 1, 0, 1, 1]",32.33,33.69,49.52,19.67,2884859.75
GGB,4.25,8,"[0, 1, 1, 1, 1, 1, 1, 1, 1, 0]",4.53,3.83,4.89,2.78,18849380.75
MXL,96.44,9,"[1, 1, 1, 1, 1, 1, 1, 1, 1, 0]",73.45,31.14,102.27,13.05,4436205.85
IBRX,7.22,7,"[0, 1, 1, 1, 1, 1, 1, 0, 1, 0]",7.55,5.16,11.55,1.98,12773495.7
AAL,16.08,9,"[1, 1, 1, 0, 1, 1, 1, 1, 1, 1]",13.16,13.16,16.26,10.18,112315468.1
DDS,569.36,6,"[0, 0, 0, 0, 1, 1, 1, 1, 1, 1]",578.74,601.06,699.91,385.88,122089.4
FRO,41.58,10,"[1, 1, 1, 1, 1, 1, 1, 1, 1, 1]",35.4,27.58,41.58,15.24,3586288.85
CRUS,165.41,8,"[0, 1, 1, 1, 1, 1, 1, 1, 1, 0]",166.64,138.06,178.9,97.25,527741.25
BVN,32.41,7,"[0, 0, 1, 1, 1, 1, 1, 1, 1, 0]",33.88,29.97,42.44,15.55,1427435.05
W,85.04,4,"[1, 0, 0, 0, 0, 0, 1, 0, 1, 1]",71.53,86.69,119.05,48.87,3768748.2
LUMN,8.09,6,"[0, 0, 1, 1, 1, 1, 1, 0, 1, 0]",9.07,7.96,11.83,3.7,13675700.9
LLYVK,97.89,7,"[1, 1, 1, 1, 0, 1, 0, 1, 1, 0]",96.8,91.4,101.94,77.33,516356.7
LLYVA,94.38,7,"[1, 1, 1, 1, 0, 1, 0, 1, 1, 0]",94.1,88.89,98.96,74.85,392474.6
LEVI,23.61,9,"[1, 1, 1, 1, 0, 1, 1, 1, 1, 1]",22.59,21.35,24.24,17.55,2249672.85
COLB,30.87,10,"[1, 1, 1, 1, 1, 1, 1, 1, 1, 1]",29.36,27.6,31.63,21.77,2987300.5
OSK,142.3,7,"[1, 0, 1, 0, 1, 0, 1, 1, 1, 1]",138.38,139.7,177.15,107.0,657194.25
MTCH,35.24,5,"[0, 1, 1, 1, 0, 0, 0, 1, 1, 0]",35.72,33.2,38.67,28.72,3023052.85
FR,63.12,10,"[1, 1, 1, 1, 1, 1, 1, 1, 1, 1]",62.09,57.65,64.4,46.4,1073859.05
CRL,181.56,8,"[1, 1, 1, 0, 1, 1, 0, 1, 1, 1]",174.68,178.11,226.77,145.57,806045.05
FROG,79.89,10,"[1, 1, 1, 1, 1, 1, 1, 1, 1, 1]",64.73,55.5,88.31,34.75,2420888.1
ZWS,49.64,10,"[1, 1, 1, 1, 1, 1, 1, 1, 1, 1]",49.01,47.49,52.67,35.78,843319.1
SIMO,336.9,10,"[1, 1, 1, 1, 1, 1, 1, 1, 1, 1]",234.16,136.46,336.9,68.76,1071840.65
ENS,232.94,9,"[1, 1, 1, 1, 1, 1, 1, 1, 1, 0]",220.31,164.83,243.06,82.23,527889.15
PRMB,23.53,8,"[1, 1, 1, 1, 0, 0, 1, 1, 1, 1]",22.18,19.95,30.06,14.21,3502604.45
EMN,71.96,8,"[0, 1, 1, 1, 1, 1, 1, 1, 1, 0]",72.73,66.97,79.49,54.37,1068682.95
CIFR,28.14,10,"[1, 1, 1, 1, 1, 1, 1, 1, 1, 1]",21.38,17.31,29.18,3.53,24742251.75
QBTS,24.47,7,"[1, 1, 1, 1, 0, 1, 1, 0, 1, 0]",22.7,23.91,44.78,12.98,41745270.75
ECG,164.71,10,"[1, 1, 1, 1, 1, 1, 1, 1, 1, 1]",147.53,108.38,169.16,60.76,564449.0
NUVL,123.42,10,"[1, 1, 1, 1, 1, 1, 1, 1, 1, 1]",106.01,99.89,123.45,72.16,5054264.9
FIGR,29.09,2,"[0, 0, 0, 0, 1, 0, 0, 0, 1, 0]",34.16,29.09,73.91,25.28,3774391.1
ICL,5.07,2,"[0, 0, 0, 1, 0, 0, 0, 0, 1, 0]",5.78,5.6,7.19,4.72,1461287.5
TKR,141.97,10,"[1, 1, 1, 1, 1, 1, 1, 1, 1, 1]",119.71,95.58,142.36,70.03,1132205.25
SSL,11.29,8,"[0, 1, 1, 1, 1, 1, 1, 1, 1, 0]",12.94,8.93,14.29,4.39,1730073.25
KRMN,47.7,3,"[0, 0, 0, 0, 1, 1, 0, 0, 1, 0]",64.38,77.41,115.29,44.91,4193430.8
BOKF,132.88,10,"[1, 1, 1, 1, 1, 1, 1, 1, 1, 1]",131.28,121.51,137.45,92.71,276011.45
NXE,10.45,6,"[0, 0, 0, 1, 1, 1, 1, 1, 1, 0]",11.53,10.49,13.92,6.43,6968435.5
NE,42.35,8,"[0, 1, 1, 1, 1, 1, 1, 1, 1, 0]",48.22,37.63,53.79,24.34,1292587.05
AMG,357.31,10,"[1, 1, 1, 1, 1, 1, 1, 1, 1, 1]",310.49,282.98,357.5,183.42,367372.55
IDA,142.72,8,"[0, 1, 1, 1, 1, 1, 0, 1, 1, 1]",142.84,134.31,147.93,110.57,534928.5
JHG,51.92,10,"[1, 1, 1, 1, 1, 1, 1, 1, 1, 1]",51.7,47.88,53.21,36.0,2425695.3
VIRT,62.11,10,"[1, 1, 1, 1, 1, 1, 1, 1, 1, 1]",52.06,40.4,63.07,31.82,1351693.15
MSGS,370.59,10,"[1, 1, 1, 1, 1, 1, 1, 1, 1, 1]",354.09,282.24,393.68,192.65,283396.45
ROAD,127.05,9,"[1, 1, 1, 1, 0, 1, 1, 1, 1, 1]",119.08,117.75,140.48,93.43,611474.0
CMC,73.29,10,"[1, 1, 1, 1, 1, 1, 1, 1, 1, 1]",71.4,67.06,82.94,48.49,1117607.05
JXN,109.38,10,"[1, 1, 1, 1, 1, 1, 1, 1, 1, 1]",108.23,104.04,120.14,81.3,659519.15
ESE,353.01,10,"[1, 1, 1, 1, 1, 1, 1, 1, 1, 1]",310.57,250.7,353.01,185.02,244659.05
GKOS,131.19,9,"[1, 1, 1, 1, 1, 1, 1, 1, 1, 0]",126.15,107.99,144.01,74.67,1310637.9
CWEN,37.07,8,"[0, 1, 1, 1, 1, 1, 1, 1, 1, 0]",38.58,34.94,41.26,26.9,1530546.9
CIG,2.08,5,"[0, 0, 0, 1, 1, 1, 0, 1, 1, 0]",2.31,2.12,2.67,1.74,7507760.65
MBLY,8.34,1,"[0, 0, 0, 0, 0, 0, 0, 0, 1, 0]",9.19,10.63,19.08,6.56,5832466.85
KNTK,47.01,8,"[0, 1, 1, 1, 1, 1, 1, 1, 1, 0]",47.7,40.95,51.27,30.53,983341.1
CHRD,124.45,8,"[0, 1, 1, 1, 1, 1, 1, 1, 1, 0]",136.59,109.38,148.35,82.2,777953.85
MIDD,166.65,10,"[1, 1, 1, 1, 1, 1, 1, 1, 1, 1]",149.97,142.79,172.26,111.68,655736.75
PCVX,52.11,8,"[0, 0, 1, 1, 1, 1, 1, 1, 1, 1]",53.53,49.15,63.04,29.67,1425088.15
KEX,141.32,8,"[0, 1, 1, 1, 1, 1, 1, 1, 1, 0]",144.29,119.54,152.59,79.95,555618.65
HALO,68.99,7,"[1, 1, 0, 0, 0, 1, 1, 1, 1, 1]",67.89,69.14,81.23,52.02,1761215.8
YOU,51.96,8,"[0, 1, 1, 1, 1, 1, 1, 1, 1, 0]",55.07,41.51,62.18,25.84,1453884.7
ORA,129.55,9,"[1, 1, 1, 1, 1, 1, 1, 1, 1, 0]",126.02,113.9,145.1,83.39,841659.5
VLY,14.24,10,"[1, 1, 1, 1, 1, 1, 1, 1, 1, 1]",13.47,11.94,14.52,8.47,6603349.65
VFC,17.03,6,"[0, 0, 0, 0, 1, 1, 1, 1, 1, 1]",17.97,17.2,21.44,11.21,7810671.55
WFRD,91.78,7,"[0, 0, 1, 1, 1, 1, 1, 1, 1, 0]",103.89,86.67,111.42,46.45,1169562.55
CORZ,29.08,10,"[1, 1, 1, 1, 1, 1, 1, 1, 1, 1]",23.93,18.79,29.16,11.35,13069448.15
CWAN,24.53,10,"[1, 1, 1, 1, 1, 1, 1, 1, 1, 1]",24.27,22.23,24.53,15.89,5161429.7
TEX,68.94,10,"[1, 1, 1, 1, 1, 1, 1, 1, 1, 1]",61.49,56.96,69.13,41.55,1156922.2
SOBO,35.9,9,"[1, 1, 1, 1, 1, 1, 1, 1, 1, 0]",35.33,30.15,38.18,24.88,980970.45
FAF,68.28,9,"[1, 1, 1, 1, 1, 1, 0, 1, 1, 1]",66.77,63.47,70.54,52.94,1070345.6
IDCC,297.84,6,"[1, 0, 0, 0, 0, 1, 1, 1, 1, 1]",296.59,330.67,394.78,219.58,427660.3
OR,33.89,4,"[0, 0, 0, 0, 1, 1, 1, 0, 1, 0]",37.15,37.65,47.66,24.94,924917.85
HXL,99.16,10,"[1, 1, 1, 1, 1, 1, 1, 1, 1, 1]",90.81,79.18,99.85,54.23,897436.65
OGC,26.22,4,"[0, 0, 0, 0, 1, 1, 1, 0, 1, 0]",30.26,28.99,42.39,13.47,366883.0
SLAB,219.78,10,"[1, 1, 1, 1, 1, 1, 1, 1, 1, 1]",216.82,171.23,220.34,116.08,436627.1
RIG,5.41,6,"[0, 0, 1, 1, 1, 1, 1, 0, 1, 0]",6.34,5.06,7.58,2.55,30520045.65
PLXS,303.82,10,"[1, 1, 1, 1, 1, 1, 1, 1, 1, 1]",263.03,190.35,303.82,118.29,290099.8
GGAL,53.33,9,"[1, 1, 1, 0, 1, 1, 1, 1, 1, 1]",46.41,44.72,58.75,25.39,1603169.4
SSRM,30.72,10,"[1, 1, 1, 1, 1, 1, 1, 1, 1, 1]",30.41,25.93,35.74,11.8,2815795.65
LTH,37.33,10,"[1, 1, 1, 1, 1, 1, 1, 1, 1, 1]",31.25,28.09,37.33,24.59,2572039.2
KYMR,99.45,10,"[1, 1, 1, 1, 1, 1, 1, 1, 1, 1]",83.31,73.83,99.45,37.68,760908.25
SM,27.56,8,"[0, 1, 1, 1, 1, 1, 1, 1, 1, 0]",30.31,24.1,34.57,17.3,3916889.0
LEA,140.71,10,"[1, 1, 1, 1, 1, 1, 1, 1, 1, 1]",134.71,118.42,146.59,88.71,708368.1
HR,20.16,9,"[1, 1, 1, 1, 1, 1, 1, 1, 1, 0]",19.45,17.79,20.7,14.57,4484447.7
RHP,125.16,10,"[1, 1, 1, 1, 1, 1, 1, 1, 1, 1]",110.67,97.06,125.16,83.73,495551.05
NOV,18.68,8,"[0, 1, 1, 1, 1, 1, 1, 1, 1, 0]",20.05,17.12,21.36,11.6,4033877.15
DBX,25.8,2,"[0, 0, 0, 0, 0, 0, 0, 1, 1, 0]",25.9,27.17,32.17,22.06,4262162.55
TFPM,29.86,4,"[0, 0, 0, 0, 1, 1, 1, 0, 1, 0]",32.06,32.76,41.23,22.75,673173.85
AUGO,65.26,6,"[0, 0, 1, 1, 1, 1, 1, 0, 1, 0]",78.86,58.87,108.01,22.81,1172060.3
MTDR,50.66,7,"[0, 0, 1, 1, 1, 1, 1, 1, 1, 0]",56.89,48.77,65.01,36.31,1706889.9
MYRG,483.08,10,"[1, 1, 1, 1, 1, 1, 1, 1, 1, 1]",415.74,279.23,483.08,173.33,272632.75
AVT,92.45,10,"[1, 1, 1, 1, 1, 1, 1, 1, 1, 1]",82.89,61.08,92.93,43.64,1569043.25
LGN,88.2,7,"[1, 1, 0, 1, 0, 0, 1, 1, 1, 1]",84.35,88.2,102.27,29.72,1095553.85
BRKR,56.53,10,"[1, 1, 1, 1, 1, 1, 1, 1, 1, 1]",46.32,41.93,62.7,29.23,2991351.85
SGHC,13.78,9,"[1, 1, 1, 1, 0, 1, 1, 1, 1, 1]",12.8,11.66,14.02,8.48,3552720.65
STEP,45.46,1,"[0, 0, 0, 0, 0, 0, 0, 0, 1, 0]",49.92,56.62,74.4,41.56,1519889.7
UGP,4.89,7,"[0, 0, 1, 1, 1, 1, 1, 1, 1, 0]",5.55,4.67,6.11,2.83,3255495.15
VAL,79.92,7,"[0, 1, 1, 1, 1, 1, 1, 0, 1, 0]",94.53,72.37,113.42,41.8,908913.65
BLSH,25.09,1,"[0, 0, 0, 0, 0, 0, 0, 0, 1, 0]",35.88,41.92,74.63,23.86,1843290.85
TGTX,54.4,9,"[1, 1, 1, 1, 0, 1, 1, 1, 1, 1]",40.13,33.76,54.4,26.39,2552158.6
MIRM,107.77,10,"[1, 1, 1, 1, 1, 1, 1, 1, 1, 1]",98.8,86.33,111.39,48.39,811396.0
ST,51.7,10,"[1, 1, 1, 1, 1, 1, 1, 1, 1, 1]",45.96,36.41,53.55,28.23,2382425.55
NPO,387.65,10,"[1, 1, 1, 1, 1, 1, 1, 1, 1, 1]",308.72,252.75,387.65,186.3,203407.65
PAYC,123.67,1,"[0, 0, 0, 0, 0, 0, 0, 0, 1, 0]",131.83,154.14,236.57,113.28,1017832.55
SYRE,100.32,10,"[1, 1, 1, 1, 1, 1, 1, 1, 1, 1]",73.7,41.31,100.32,14.68,1211276.45
SWX,88.55,7,"[0, 1, 1, 1, 1, 1, 0, 1, 1, 0]",89.15,83.16,93.37,70.74,516493.35
COMP,9.78,7,"[1, 1, 1, 0, 1, 0, 1, 0, 1, 1]",8.13,9.21,13.58,6.15,13075711.8
AROC,38.08,10,"[1, 1, 1, 1, 1, 1, 1, 1, 1, 1]",36.48,29.98,39.59,21.54,1723599.5
AXTI,92.44,7,"[0, 1, 1, 1, 1, 1, 1, 0, 1, 0]",96.99,39.35,140.83,1.86,9359687.2
RSI,30.52,10,"[1, 1, 1, 1, 1, 1, 1, 1, 1, 1]",26.38,21.05,30.52,14.16,3117797.9
RYTM,101.39,7,"[1, 1, 1, 0, 0, 0, 1, 1, 1, 1]",88.66,97.76,117.62,61.44,773581.65
HIMS,33.54,6,"[1, 1, 1, 0, 0, 0, 1, 0, 1, 1]",26.92,33.3,66.18,14.52,19472424.65
PTGX,115.03,10,"[1, 1, 1, 1, 1, 1, 1, 1, 1, 1]",102.52,87.78,115.03,49.7,685741.3
ACA,144.9,10,"[1, 1, 1, 1, 1, 1, 1, 1, 1, 1]",123.63,110.13,144.9,83.54,506577.45
FNB,18.36,10,"[1, 1, 1, 1, 1, 1, 1, 1, 1, 1]",17.63,16.77,18.65,13.74,4579288.55
FLY,28.96,4,"[0, 1, 0, 1, 0, 0, 1, 0, 1, 0]",38.99,29.6,60.35,16.78,9916968.95
CELC,89.93,5,"[0, 0, 0, 1, 1, 1, 1, 0, 1, 0]",117.35,97.56,144.98,11.45,1855036.35
ENIC,4.56,10,"[1, 1, 1, 1, 1, 1, 1, 1, 1, 1]",4.34,3.97,4.66,3.01,675681.75
INGM,28.31,9,"[0, 1, 1, 1, 1, 1, 1, 1, 1, 1]",28.39,23.29,31.64,18.49,1469472.9
LUNR,21.99,7,"[0, 1, 1, 1, 1, 1, 1, 0, 1, 0]",29.69,18.32,45.7,8.05,17975563.35
RGTI,21.38,5,"[1, 1, 0, 0, 0, 1, 1, 0, 1, 0]",19.96,23.78,56.34,10.79,59671200.65
CLF,11.89,7,"[1, 1, 1, 0, 0, 1, 1, 0, 1, 1]",11.37,11.74,16.18,6.92,20810470.75
CE,49.73,6,"[0, 0, 1, 1, 1, 1, 1, 0, 1, 0]",58.42,49.65,69.24,35.49,1494068.3
APGE,132.55,10,"[1, 1, 1, 1, 1, 1, 1, 1, 1, 1]",85.68,69.85,132.55,34.65,4215790.35
LSTR,209.02,10,"[1, 1, 1, 1, 1, 1, 1, 1, 1, 1]",191.91,153.15,225.37,118.1,499912.1
GVA,151.5,10,"[1, 1, 1, 1, 1, 1, 1, 1, 1, 1]",134.95,120.08,151.5,90.08,741606.25
VIST,68.16,8,"[0, 1, 1, 1, 1, 1, 1, 1, 1, 0]",71.25,55.59,79.25,33.7,780270.55
KGS,70.72,9,"[1, 1, 1, 1, 1, 1, 1, 1, 1, 0]",68.15,47.72,75.89,29.75,1681949.3
CNTA,40.18,10,"[1, 1, 1, 1, 1, 1, 1, 1, 1, 1]",39.67,29.08,40.18,13.0,1735991.7
URBN,72.75,7,"[1, 1, 1, 1, 1, 0, 0, 1, 1, 0]",71.84,70.3,82.7,59.57,1203300.1
PTCT,80.96,9,"[1, 1, 1, 0, 1, 1, 1, 1, 1, 1]",71.23,70.41,86.25,43.3,1833195.4
ETSY,72.54,9,"[1, 1, 1, 1, 0, 1, 1, 1, 1, 1]",64.31,59.67,75.56,44.05,3042420.55
LNTH,106.2,10,"[1, 1, 1, 1, 1, 1, 1, 1, 1, 1]",93.19,71.12,106.2,50.11,1041652.7
VNO,37.58,8,"[1, 1, 1, 1, 0, 0, 1, 1, 1, 1]",32.31,33.19,42.04,24.71,1833355.3
REZI,31.13,3,"[0, 0, 0, 0, 0, 0, 1, 0, 1, 1]",34.65,36.2,44.5,21.78,1198637.6
OUT,31.26,9,"[1, 1, 1, 1, 1, 1, 1, 1, 1, 0]",31.02,24.58,33.58,15.04,1828828.25
FLG,15.03,10,"[1, 1, 1, 1, 1, 1, 1, 1, 1, 1]",14.12,12.91,15.07,10.57,4794658.7
EAT,164.46,8,"[1, 1, 1, 0, 1, 0, 1, 1, 1, 1]",145.2,142.92,184.02,102.29,859417.65
GXO,49.73,4,"[0, 0, 0, 0, 1, 0, 0, 1, 1, 1]",51.68,53.72,65.59,45.52,1235115.1
COGT,35.84,8,"[1, 0, 1, 0, 1, 1, 1, 1, 1, 1]",34.52,31.2,42.11,7.07,2559896.75
IBP,211.92,2,"[0, 0, 0, 0, 1, 0, 0, 0, 1, 0]",241.05,265.37,340.78,174.02,457782.35
ABCB,87.36,10,"[1, 1, 1, 1, 1, 1, 1, 1, 1, 1]",85.02,78.52,88.95,61.81,523141.3
TFX,121.67,6,"[0, 1, 1, 1, 0, 1, 0, 1, 1, 0]",129.16,119.63,138.45,99.79,604023.5
IMVT,38.1,10,"[1, 1, 1, 1, 1, 1, 1, 1, 1, 1]",30.19,24.83,38.1,14.69,1704719.75
CGON,66.25,10,"[1, 1, 1, 1, 1, 1, 1, 1, 1, 1]",64.4,52.06,74.0,23.94,1014593.8
USAR,24.12,7,"[1, 1, 1, 1, 0, 1, 1, 0, 1, 0]",23.83,19.92,38.68,9.61,17478540.0
NSA,44.74,10,"[1, 1, 1, 1, 1, 1, 1, 1, 1, 1]",42.53,33.71,45.15,26.69,741199.25
ALKS,46.02,10,"[1, 1, 1, 1, 1, 1, 1, 1, 1, 1]",38.07,32.26,46.02,26.13,2326973.85
CENX,49.53,6,"[0, 0, 1, 1, 1, 1, 1, 0, 1, 0]",61.29,44.99,68.77,17.18,2239885.3
MSM,117.41,10,"[1, 1, 1, 1, 1, 1, 1, 1, 1, 1]",106.49,91.87,118.51,78.63,740460.55
SRRK,49.19,10,"[1, 1, 1, 1, 1, 1, 1, 1, 1, 1]",47.52,42.19,51.51,27.92,1281760.1
BLCO,14.93,4,"[0, 0, 0, 0, 1, 1, 0, 1, 1, 0]",15.83,16.14,18.6,12.0,460264.1
PIPR,81.77,6,"[1, 1, 0, 1, 0, 0, 0, 1, 1, 1]",81.73,81.94,92.51,63.97,503800.2
BKH,72.92,8,"[0, 1, 1, 1, 1, 1, 1, 1, 1, 0]",73.36,68.69,76.1,53.49,1150942.8
KMX,52.4,7,"[1, 1, 1, 1, 0, 0, 1, 0, 1, 1]",42.53,43.45,71.57,30.88,4177476.5
MAC,24.04,10,"[1, 1, 1, 1, 1, 1, 1, 1, 1, 1]",22.29,19.03,25.28,15.29,3664447.25
CZR,29.29,10,"[1, 1, 1, 1, 1, 1, 1, 1, 1, 1]",28.16,24.77,31.51,18.14,11505551.8
PRIM,108.34,4,"[0, 0, 0, 0, 1, 1, 1, 0, 1, 0]",133.48,136.17,202.92,76.01,2244479.4
GLNG,50.75,8,"[0, 1, 1, 1, 1, 1, 1, 1, 1, 0]",52.82,44.06,57.07,34.97,1359050.8
OSCR,28.54,9,"[1, 1, 1, 1, 0, 1, 1, 1, 1, 1]",21.61,17.42,29.14,10.85,7139658.65
S,14.74,2,"[0, 0, 0, 1, 0, 0, 0, 0, 1, 0]",15.59,15.51,19.78,11.94,9776746.45
CORT,79.71,9,"[1, 1, 1, 1, 0, 1, 1, 1, 1, 1]",59.68,60.0,90.32,32.15,1011751.75
RUSHA,70.61,9,"[0, 1, 1, 1, 1, 1, 1, 1, 1, 1]",70.62,61.54,76.0,46.26,525499.8
HWC,70.78,10,"[1, 1, 1, 1, 1, 1, 1, 1, 1, 1]",67.67,63.96,73.31,53.34,958701.5
CACC,577.53,10,"[1, 1, 1, 1, 1, 1, 1, 1, 1, 1]",535.92,486.66,579.73,411.04,193646.75
ZGN,13.52,10,"[1, 1, 1, 1, 1, 1, 1, 1, 1, 1]",13.13,10.9,14.92,7.71,1423023.35
MATX,196.83,10,"[1, 1, 1, 1, 1, 1, 1, 1, 1, 1]",182.24,141.92,201.94,87.4,248725.45
MCY,103.15,10,"[1, 1, 1, 1, 1, 1, 1, 1, 1, 1]",98.23,89.38,103.15,63.01,276094.25
ALM,18.66,8,"[0, 1, 1, 1, 1, 1, 1, 1, 1, 0]",19.69,12.61,23.42,3.42,5513241.9
BGC,12.08,10,"[1, 1, 1, 1, 1, 1, 1, 1, 1, 1]",11.21,9.72,12.08,8.26,3372880.05
AUB,39.62,10,"[1, 1, 1, 1, 1, 1, 1, 1, 1, 1]",37.69,35.85,40.99,29.41,1033134.5
GTX,34.49,10,"[1, 1, 1, 1, 1, 1, 1, 1, 1, 1]",28.05,19.54,34.61,9.57,2812179.8
MRCY,111.76,10,"[1, 1, 1, 1, 1, 1, 1, 1, 1, 1]",95.62,83.55,120.3,49.96,778211.55
VSEC,215.55,9,"[1, 1, 1, 0, 1, 1, 1, 1, 1, 1]",188.02,185.36,227.68,125.08,439329.75
TEO,13.19,10,"[1, 1, 1, 1, 1, 1, 1, 1, 1, 1]",12.67,11.22,15.98,6.52,840168.6
LBRT,27.85,8,"[0, 1, 1, 1, 1, 1, 1, 1, 1, 0]",30.47,22.55,33.83,9.91,3323934.75
XENE,54.79,9,"[0, 1, 1, 1, 1, 1, 1, 1, 1, 1]",55.02,46.53,62.76,30.3,1498846.3
SNDR,35.47,10,"[1, 1, 1, 1, 1, 1, 1, 1, 1, 1]",32.74,27.04,38.66,20.04,1030576.75
KLIC,124.22,10,"[1, 1, 1, 1, 1, 1, 1, 1, 1, 1]",97.65,62.95,124.22,31.65,948329.2
SEI,82.17,10,"[1, 1, 1, 1, 1, 1, 1, 1, 1, 1]",72.24,54.8,82.88,24.67,2241777.25
GOLF,107.09,10,"[1, 1, 1, 1, 1, 1, 1, 1, 1, 1]",93.26,87.94,107.73,70.81,347602.2
BEPC,37.94,5,"[0, 0, 0, 0, 1, 1, 0, 1, 1, 1]",38.27,38.74,43.52,30.83,1508834.8
VCTR,87.19,10,"[1, 1, 1, 1, 1, 1, 1, 1, 1, 1]",81.61,69.69,88.62,59.52,507187.45
BC,81.52,10,"[1, 1, 1, 1, 1, 1, 1, 1, 1, 1]",79.98,74.03,88.28,53.53,627638.75
MUR,34.42,7,"[0, 0, 1, 1, 1, 1, 1, 1, 1, 0]",38.29,32.85,42.37,21.48,1783204.45
MGY,27.13,7,"[0, 1, 1, 1, 1, 1, 0, 1, 1, 0]",28.48,25.56,32.17,20.99,2560447.1
CRSP,54.36,4,"[1, 1, 0, 0, 0, 0, 0, 0, 1, 1]",52.8,55.54,76.78,44.34,1692122.6
PACS,37.77,9,"[1, 1, 1, 1, 1, 1, 1, 1, 1, 0]",35.76,29.27,42.13,7.71,797208.6
APLS,41.03,10,"[1, 1, 1, 1, 1, 1, 1, 1, 1, 1]",33.2,26.08,41.12,16.97,6965819.75
HASI,39.24,8,"[0, 1, 1, 1, 1, 1, 1, 1, 1, 0]",40.32,34.42,43.31,23.48,1144740.15
ATAT,31.81,2,"[0, 0, 0, 0, 0, 0, 0, 1, 1, 0]",35.67,37.21,42.21,30.36,1181499.8
CRC,54.81,6,"[0, 0, 1, 1, 1, 1, 0, 1, 1, 0]",61.64,54.39,69.66,42.98,734224.5
LEGN,29.34,7,"[1, 1, 1, 1, 0, 0, 1, 0, 1, 1]",27.74,25.69,44.32,16.65,3486881.8
PRM,37.43,10,"[1, 1, 1, 1, 1, 1, 1, 1, 1, 1]",31.49,26.59,37.78,13.74,1470325.95
IFS,56.4,10,"[1, 1, 1, 1, 1, 1, 1, 1, 1, 1]",48.3,43.82,57.55,34.31,416530.55
CROX,123.8,10,"[1, 1, 1, 1, 1, 1, 1, 1, 1, 1]",109.88,90.8,127.77,73.39,1272015.0
CAR,186.28,8,"[0, 1, 1, 1, 1, 1, 1, 0, 1, 1]",225.22,157.64,713.97,87.69,851573.95
M,24.66,10,"[1, 1, 1, 1, 1, 1, 1, 1, 1, 1]",20.65,19.77,25.18,10.25,7795067.5
AVAL,5.34,10,"[1, 1, 1, 1, 1, 1, 1, 1, 1, 1]",4.69,4.18,5.75,2.7,409027.15
KNF,87.49,9,"[1, 1, 1, 1, 1, 0, 1, 1, 1, 1]",82.36,77.28,94.57,59.93,588198.15
DIOD,122.76,10,"[1, 1, 1, 1, 1, 1, 1, 1, 1, 1]",103.78,68.72,122.76,42.36,693278.25
SON,50.46,10,"[1, 1, 1, 1, 1, 1, 1, 1, 1, 1]",50.26,46.79,56.81,38.0,1290486.0
WSC,29.03,9,"[1, 1, 1, 1, 0, 1, 1, 1, 1, 1]",24.32,21.33,31.26,14.84,1877602.45
RELY,20.66,8,"[0, 1, 1, 1, 1, 1, 1, 1, 1, 0]",20.83,16.54,24.28,12.2,4581472.0
SXT,119.07,10,"[1, 1, 1, 1, 1, 1, 1, 1, 1, 1]",112.24,98.81,124.21,82.67,435307.8
ALH,26.44,7,"[1, 1, 0, 1, 0, 0, 1, 1, 1, 1]",25.16,26.44,26.93,19.06,587678.35
ACLS,183.92,10,"[1, 1, 1, 1, 1, 1, 1, 1, 1, 1]",150.81,103.12,191.6,66.53,592211.35
LB,62.32,6,"[0, 0, 1, 1, 1, 1, 1, 0, 1, 0]",68.9,62.12,85.14,44.06,333862.7
STVN,16.94,1,"[0, 0, 0, 0, 0, 0, 0, 0, 1, 0]",17.13,19.61,27.85,13.38,366112.05
BMA,97.28,9,"[1, 1, 1, 0, 1, 1, 1, 1, 1, 1]",80.73,75.36,101.71,38.01,356498.5
GBTG,9.39,8,"[1, 1, 1, 1, 0, 1, 1, 1, 1, 0]",8.26,7.38,9.51,4.97,3599908.0
TDS,38.94,4,"[0, 0, 0, 0, 1, 1, 0, 1, 1, 0]",42.28,41.38,47.5,33.99,1171334.3
NOVT,155.66,10,"[1, 1, 1, 1, 1, 1, 1, 1, 1, 1]",146.23,127.16,168.59,99.22,530571.5
MARA,14.85,7,"[1, 1, 1, 1, 0, 0, 1, 0, 1, 1]",12.73,12.53,22.84,6.73,39900844.0
ACHR,5.43,1,"[0, 0, 0, 0, 0, 0, 0, 0, 1, 0]",5.97,7.71,13.64,4.94,52392645.3
PSMT,182.98,10,"[1, 1, 1, 1, 1, 1, 1, 1, 1, 1]",165.04,140.18,182.98,100.98,248566.15
SYNA,143.79,10,"[1, 1, 1, 1, 1, 1, 1, 1, 1, 1]",116.04,85.18,147.57,58.52,829538.35
OPEN,4.28,3,"[0, 0, 0, 0, 0, 1, 1, 0, 1, 0]",4.86,6.11,10.52,0.51,41422974.1
PBF,39.29,9,"[0, 1, 1, 1, 1, 1, 1, 1, 1, 1]",40.95,35.73,50.89,20.54,2431134.75
INDV,38.32,10,"[1, 1, 1, 1, 1, 1, 1, 1, 1, 1]",36.32,32.1,40.61,13.69,1730633.1
ENPH,52.41,8,"[1, 1, 1, 1, 1, 1, 1, 0, 1, 0]",46.68,39.3,72.33,26.12,8035578.45
KC,9.78,2,"[0, 0, 0, 1, 0, 0, 0, 0, 1, 0]",14.38,13.44,18.21,9.78,1651687.75
MIAX,36.65,3,"[0, 0, 0, 1, 1, 0, 0, 0, 1, 0]",46.11,43.26,56.84,30.74,2178704.45
TGS,31.51,9,"[1, 1, 1, 0, 1, 1, 1, 1, 1, 1]",30.7,29.25,35.32,20.12,367788.1
DNTH,87.37,9,"[1, 1, 1, 1, 1, 1, 1, 1, 1, 0]",86.71,57.78,95.76,17.2,1115776.95
SPHR,157.24,10,"[1, 1, 1, 1, 1, 1, 1, 1, 1, 1]",137.95,100.02,157.33,38.7,719074.05
MDU,21.2,8,"[0, 1, 1, 1, 1, 1, 1, 1, 1, 0]",21.66,19.96,22.65,15.53,1605437.5
EBC,20.74,10,"[1, 1, 1, 1, 1, 1, 1, 1, 1, 1]",20.01,19.01,21.66,14.24,4656133.65
HRB,34.04,1,"[0, 0, 0, 0, 0, 0, 0, 0, 1, 0]",34.66,39.17,54.4,27.66,2326536.85
NAVN,21.66,7,"[1, 1, 0, 1, 0, 0, 1, 1, 1, 1]",18.51,21.66,22.87,8.51,5135356.45
AIR,134.28,10,"[1, 1, 1, 1, 1, 1, 1, 1, 1, 1]",115.91,99.15,134.88,67.26,369473.1
VSH,64.27,10,"[1, 1, 1, 1, 1, 1, 1, 1, 1, 1]",41.51,22.69,64.9,11.65,9336726.1
PI,131.59,2,"[0, 0, 0, 0, 0, 0, 1, 0, 1, 0]",133.52,151.89,241.91,91.34,429325.15
MEOH,52.79,8,"[0, 1, 1, 1, 1, 1, 1, 1, 1, 0]",59.8,47.45,65.5,31.93,801946.7
NTSK,8.95,2,"[0, 0, 0, 0, 1, 0, 0, 0, 1, 0]",10.33,8.95,25.79,7.73,8600785.85
QS,7.61,2,"[0, 0, 0, 0, 0, 0, 1, 0, 1, 0]",7.67,10.08,18.44,4.24,24610766.1
CVLT,126.01,7,"[1, 1, 1, 1, 0, 0, 1, 0, 1, 1]",107.35,120.89,195.41,75.18,839955.15
CSTM,34.6,10,"[1, 1, 1, 1, 1, 1, 1, 1, 1, 1]",32.78,23.02,36.15,13.02,2200907.15
LAUR,37.19,9,"[1, 1, 1, 0, 1, 1, 1, 1, 1, 1]",33.34,32.5,37.95,22.55,1328281.75
PAM,84.53,9,"[1, 1, 1, 0, 1, 1, 1, 1, 1, 1]",82.99,80.35,92.27,56.55,235280.4
PAGP,23.35,8,"[0, 1, 1, 1, 1, 1, 1, 1, 1, 0]",23.93,20.37,25.95,15.88,1540508.45
CVSA,119.28,6,"[0, 1, 1, 1, 0, 0, 1, 1, 1, 0]",120.57,116.24,154.45,89.36,289241.9
ATMU,52.12,6,"[0, 0, 0, 0, 1, 1, 1, 1, 1, 1]",53.85,53.05,65.5,35.27,884847.05
FTDR,71.87,9,"[1, 1, 1, 1, 0, 1, 1, 1, 1, 1]",63.67,60.89,71.87,49.1,563378.0
MMYT,46.09,3,"[1, 0, 0, 0, 0, 0, 0, 0, 1, 1]",45.39,65.76,103.21,36.3,1042469.8
INSW,88.41,10,"[1, 1, 1, 1, 1, 1, 1, 1, 1, 1]",77.72,57.88,88.41,32.34,541806.4
HCC,87.96,8,"[0, 0, 1, 1, 1, 1, 1, 1, 1, 1]",91.13,82.76,110.28,40.96,903543.4
NAMS,30.82,4,"[0, 0, 0, 0, 1, 1, 1, 0, 1, 0]",32.87,33.31,41.45,18.11,1231170.15
KNSA,57.13,10,"[1, 1, 1, 1, 1, 1, 1, 1, 1, 1]",51.31,44.08,59.48,26.33,545655.7
SHC,15.74,7,"[1, 0, 0, 0, 1, 1, 1, 1, 1, 1]",15.7,16.24,19.35,11.01,2535613.4
TBBB,41.69,10,"[1, 1, 1, 1, 1, 1, 1, 1, 1, 1]",37.91,33.3,42.54,24.12,1118700.3
HRI,153.43,9,"[1, 1, 1, 0, 1, 1, 1, 1, 1, 1]",130.3,133.78,179.36,90.58,562147.6
NWE,69.96,8,"[0, 1, 1, 1, 1, 1, 1, 1, 1, 0]",70.39,64.89,72.67,48.77,598226.4
FLNC,25.19,9,"[1, 1, 1, 0, 1, 1, 1, 1, 1, 1]",19.1,18.15,32.23,5.62,13521385.9
LGND,262.17,10,"[1, 1, 1, 1, 1, 1, 1, 1, 1, 1]",231.87,201.88,274.88,112.56,265470.55
IPGP,118.0,9,"[1, 1, 1, 1, 1, 1, 1, 1, 1, 0]",115.29,99.26,153.91,67.43,514360.35
CBT,90.7,10,"[1, 1, 1, 1, 1, 1, 1, 1, 1, 1]",81.11,72.72,91.8,57.64,591628.65
GTLB,25.83,4,"[1, 0, 0, 0, 0, 0, 1, 0, 1, 1]",25.38,34.35,51.04,19.42,7303403.35
BCO,97.55,1,"[0, 0, 0, 0, 0, 0, 0, 0, 1, 0]",105.15,113.18,135.25,84.62,397436.45
HAFN,7.59,8,"[0, 1, 1, 1, 1, 1, 1, 1, 1, 0]",7.99,6.36,9.11,4.39,2203764.9
WIX,41.86,1,"[0, 0, 0, 0, 0, 0, 0, 0, 1, 0]",61.86,98.43,184.24,41.86,1906679.3
AZZ,158.24,10,"[1, 1, 1, 1, 1, 1, 1, 1, 1, 1]",142.14,121.67,158.24,88.26,287152.9
ONDS,8.89,5,"[0, 0, 0, 1, 1, 1, 1, 0, 1, 0]",10.15,9.34,14.01,1.43,78020203.7
UNF,261.0,8,"[0, 1, 1, 1, 1, 1, 1, 1, 1, 0]",261.25,213.12,275.65,149.3,243441.75
IRDM,43.3,8,"[0, 1, 1, 1, 1, 1, 1, 1, 1, 0]",43.32,25.95,51.9,15.57,2818820.05
STNG,82.45,10,"[1, 1, 1, 1, 1, 1, 1, 1, 1, 1]",78.6,65.62,86.1,38.33,705098.4
TCBI,99.6,8,"[0, 1, 1, 1, 1, 1, 0, 1, 1, 1]",100.14,93.87,105.77,76.93,553811.0
TPC,81.5,10,"[1, 1, 1, 1, 1, 1, 1, 1, 1, 1]",80.48,72.8,97.23,43.19,512083.65
ENVA,204.74,10,"[1, 1, 1, 1, 1, 1, 1, 1, 1, 1]",169.32,145.12,204.74,99.78,320688.45
PLUG,2.79,6,"[0, 1, 1, 1, 0, 1, 1, 0, 1, 0]",3.28,2.58,4.14,1.09,66374800.5
HNGE,68.85,9,"[1, 1, 1, 1, 0, 1, 1, 1, 1, 1]",53.55,47.9,69.42,31.17,1929225.95
WHD,54.22,8,"[0, 1, 1, 1, 1, 1, 1, 1, 1, 0]",56.78,48.77,62.59,33.12,683041.85
PTEN,10.2,8,"[0, 1, 1, 1, 1, 1, 1, 1, 1, 0]",11.35,8.08,12.74,5.0,9083234.8
SMR,11.24,1,"[0, 0, 0, 0, 0, 0, 0, 0, 1, 0]",11.58,20.58,53.43,9.16,38993791.8
CMBT,15.27,9,"[1, 1, 1, 1, 1, 1, 1, 1, 1, 0]",14.14,11.33,16.55,7.49,1440562.9
CNO,51.46,10,"[1, 1, 1, 1, 1, 1, 1, 1, 1, 1]",46.2,42.06,51.46,34.91,766992.8
BETA,15.73,2,"[0, 0, 0, 0, 1, 0, 0, 0, 1, 0]",16.79,15.73,36.8,13.59,1639637.3
CNR,82.13,3,"[0, 0, 0, 0, 1, 1, 0, 0, 1, 0]",88.23,88.47,113.11,64.95,717398.75
BLLN,100.72,7,"[1, 1, 0, 1, 0, 0, 1, 1, 1, 1]",89.36,100.72,130.18,64.03,783699.75
ZETA,18.47,5,"[0, 0, 0, 1, 0, 1, 1, 0, 1, 1]",18.83,18.73,25.25,14.0,9649628.9
NVTS,23.7,8,"[1, 1, 1, 1, 1, 1, 1, 0, 1, 0]",20.38,11.85,31.79,5.54,35234463.1
FHI,60.04,10,"[1, 1, 1, 1, 1, 1, 1, 1, 1, 1]",56.24,53.2,60.04,41.81,723495.9
COLD,13.97,9,"[1, 1, 1, 1, 1, 1, 1, 1, 1, 0]",13.8,12.5,16.2,9.75,4822791.9
LMND,57.51,5,"[0, 0, 0, 0, 1, 1, 1, 0, 1, 1]",58.23,64.1,96.57,36.28,1459018.35
AMRX,16.11,10,"[1, 1, 1, 1, 1, 1, 1, 1, 1, 1]",13.42,12.42,16.34,7.82,1977409.9
LPL,4.44,6,"[0, 1, 0, 1, 0, 1, 1, 1, 1, 0]",4.73,4.54,5.76,3.31,2141655.85
TREX,46.4,7,"[1, 1, 1, 1, 0, 0, 1, 0, 1, 1]",41.16,41.97,68.49,30.13,1877910.15
DOO,59.78,5,"[1, 0, 0, 0, 1, 1, 0, 0, 1, 1]",58.44,66.77,81.45,46.98,295723.5
MTRN,277.68,10,"[1, 1, 1, 1, 1, 1, 1, 1, 1, 1]",207.32,151.12,277.68,77.56,355917.35
XMTR,91.56,10,"[1, 1, 1, 1, 1, 1, 1, 1, 1, 1]",72.31,58.57,95.32,30.97,862657.55
NP,28.72,7,"[1, 1, 0, 1, 0, 0, 1, 1, 1, 1]",27.03,28.72,30.68,17.14,693933.5
LASR,65.2,8,"[0, 1, 1, 1, 1, 1, 1, 1, 1, 0]",71.59,49.71,84.95,17.6,1075288.25
CAAP,26.59,9,"[1, 1, 1, 0, 1, 1, 1, 1, 1, 1]",25.65,24.46,30.35,17.49,203975.85
TNL,74.7,9,"[1, 1, 1, 0, 1, 1, 1, 1, 1, 1]",68.72,67.17,78.1,47.84,878139.05
PVH,77.97,6,"[0, 1, 1, 1, 0, 1, 0, 1, 1, 0]",87.41,77.4,98.77,60.85,1357508.85
LBTYA,11.03,5,"[0, 0, 0, 1, 1, 1, 0, 1, 1, 0]",11.98,11.57,13.03,9.75,1771796.6
CRGY,10.52,7,"[0, 0, 1, 1, 1, 1, 1, 1, 1, 0]",12.3,10.16,13.79,7.6,5851391.65
COCO,82.88,10,"[1, 1, 1, 1, 1, 1, 1, 1, 1, 1]",68.6,54.06,84.02,32.3,946574.45
POWI,87.35,10,"[1, 1, 1, 1, 1, 1, 1, 1, 1, 1]",73.23,49.86,87.35,30.52,1393008.9
LEU,183.68,2,"[0, 0, 0, 0, 0, 0, 0, 0, 1, 1]",189.59,247.48,436.0,146.61,940568.1
KTB,76.14,9,"[1, 1, 1, 1, 0, 1, 1, 1, 1, 1]",71.91,70.52,84.4,53.29,818857.95
MRX,65.3,10,"[1, 1, 1, 1, 1, 1, 1, 1, 1, 1]",55.0,41.08,65.3,27.92,885484.5
ARIS,16.44,6,"[0, 0, 1, 1, 1, 1, 1, 0, 1, 0]",18.08,15.72,22.68,6.56,1431863.55
DLO,12.21,3,"[0, 0, 0, 0, 0, 0, 0, 1, 1, 1]",12.56,13.19,15.57,9.84,2241886.05
GFF,89.43,10,"[1, 1, 1, 1, 1, 1, 1, 1, 1, 1]",87.73,79.68,95.3,66.26,334297.95
TDW,66.35,6,"[0, 0, 1, 1, 1, 1, 1, 0, 1, 0]",80.14,66.15,91.12,44.82,744380.45
OPLN,38.54,10,"[1, 1, 1, 1, 1, 1, 1, 1, 1, 1]",34.92,29.82,38.7,22.61,992411.3
KAI,301.25,4,"[0, 0, 0, 1, 1, 0, 0, 1, 1, 0]",312.64,305.17,357.4,246.93,161798.15
TPH,46.95,10,"[1, 1, 1, 1, 1, 1, 1, 1, 1, 1]",46.71,37.57,46.97,30.65,2270447.8
BBWI,19.63,4,"[1, 0, 0, 0, 0, 0, 1, 0, 1, 1]",18.67,21.07,32.36,14.56,6469184.0
TVTX,55.11,10,"[1, 1, 1, 1, 1, 1, 1, 1, 1, 1]",44.28,33.79,55.15,14.49,2255115.5
CRNX,35.38,4,"[0, 0, 0, 0, 1, 1, 1, 0, 1, 0]",37.14,41.74,56.43,26.85,1020174.15
LIVN,78.71,10,"[1, 1, 1, 1, 1, 1, 1, 1, 1, 1]",70.25,62.69,79.94,41.13,766085.55
NVST,25.51,10,"[1, 1, 1, 1, 1, 1, 1, 1, 1, 1]",24.99,23.48,30.26,18.89,2873459.95
ACMR,103.17,10,"[1, 1, 1, 1, 1, 1, 1, 1, 1, 1]",69.37,49.9,109.87,23.92,1924700.7
UCTT,123.14,10,"[1, 1, 1, 1, 1, 1, 1, 1, 1, 1]",86.57,50.26,123.14,19.93,1263280.8
HGV,52.08,10,"[1, 1, 1, 1, 1, 1, 1, 1, 1, 1]",48.32,44.88,53.1,36.99,1367764.8
PII,68.76,10,"[1, 1, 1, 1, 1, 1, 1, 1, 1, 1]",64.42,62.34,72.07,37.64,759756.3
SKE,28.05,6,"[0, 0, 1, 1, 1, 1, 1, 0, 1, 0]",30.34,25.91,38.12,13.98,1050790.4
EE,35.9,10,"[1, 1, 1, 1, 1, 1, 1, 1, 1, 1]",34.21,31.34,42.7,22.84,360696.5
ORKA,85.38,10,"[1, 1, 1, 1, 1, 1, 1, 1, 1, 1]",65.09,39.05,85.38,10.9,1313638.45
VSCO,81.98,10,"[1, 1, 1, 1, 1, 1, 1, 1, 1, 1]",57.87,48.03,81.98,17.7,3114495.45
RNG,34.84,7,"[0, 1, 1, 1, 1, 1, 1, 0, 1, 0]",41.09,33.22,49.02,23.54,1425445.4
CATY,59.95,10,"[1, 1, 1, 1, 1, 1, 1, 1, 1, 1]",56.48,50.56,60.98,43.32,462438.05
ACAD,22.09,5,"[1, 0, 0, 0, 1, 0, 0, 1, 1, 1]",21.69,23.27,28.06,20.06,1274108.6
CPRX,31.38,10,"[1, 1, 1, 1, 1, 1, 1, 1, 1, 1]",29.82,24.49,31.4,19.13,1901921.65
DAN,29.83,7,"[0, 0, 1, 1, 1, 1, 1, 1, 1, 0]",34.81,27.84,38.79,15.11,1709433.25
EWTX,36.5,10,"[1, 1, 1, 1, 1, 1, 1, 1, 1, 1]",33.86,26.1,40.26,12.61,1884659.8
TAC,13.85,8,"[1, 1, 1, 0, 0, 1, 1, 1, 1, 1]",13.1,13.6,17.66,10.34,2178345.2
SOUN,6.88,1,"[0, 0, 0, 0, 0, 0, 0, 0, 1, 0]",8.03,10.91,21.4,5.9,27176928.95
JOE,65.32,9,"[0, 1, 1, 1, 1, 1, 1, 1, 1, 1]",65.51,61.27,72.44,46.54,252834.6
HP,35.45,8,"[0, 1, 1, 1, 1, 1, 1, 1, 1, 0]",38.02,31.17,41.53,14.61,1142645.5
INDB,81.4,10,"[1, 1, 1, 1, 1, 1, 1, 1, 1, 1]",78.88,74.69,85.26,59.7,352254.75
FG,27.32,3,"[0, 0, 0, 0, 0, 0, 1, 1, 1, 0]",27.41,28.25,34.32,20.28,741282.8
BB,8.79,10,"[1, 1, 1, 1, 1, 1, 1, 1, 1, 1]",6.95,4.73,10.34,3.15,45296515.95
PPTA,23.8,4,"[0, 0, 0, 0, 1, 1, 1, 0, 1, 0]",27.55,26.61,37.22,11.86,2156873.85
LRN,82.32,4,"[0, 1, 0, 1, 0, 0, 1, 0, 1, 0]",92.96,94.0,169.81,61.02,939959.75
BULL,6.86,4,"[1, 0, 0, 0, 0, 0, 1, 0, 1, 1]",6.64,8.3,17.74,4.63,14656761.55
BELFB,304.33,10,"[1, 1, 1, 1, 1, 1, 1, 1, 1, 1]",272.21,201.85,304.33,91.41,264875.25
WSFS,75.1,10,"[1, 1, 1, 1, 1, 1, 1, 1, 1, 1]",71.46,61.69,75.24,49.92,448860.8
LQDA,75.49,10,"[1, 1, 1, 1, 1, 1, 1, 1, 1, 1]",52.7,37.13,75.49,12.0,2525964.45
ALHC,21.29,9,"[1, 1, 1, 0, 1, 1, 1, 1, 1, 1]",18.68,18.73,23.81,11.64,6641126.2
AAUC,25.81,7,"[0, 0, 1, 1, 1, 1, 1, 1, 1, 0]",28.47,24.95,32.01,11.58,656257.65
CGAU,16.59,7,"[0, 0, 1, 1, 1, 1, 1, 1, 1, 0]",17.55,15.21,20.91,6.76,1681138.4
OII,36.19,8,"[0, 1, 1, 1, 1, 1, 1, 1, 1, 0]",37.77,30.46,39.8,20.39,983479.4
VKTX,32.37,6,"[1, 0, 0, 0, 1, 0, 1, 1, 1, 1]",31.45,32.44,42.09,23.09,2039510.15
CLSK,17.45,9,"[1, 1, 1, 1, 0, 1, 1, 1, 1, 1]",14.48,13.08,23.2,8.18,23188937.3
SII,118.08,6,"[0, 0, 1, 1, 1, 1, 1, 0, 1, 0]",131.58,112.93,165.88,62.19,172739.0
VECO,77.46,10,"[1, 1, 1, 1, 1, 1, 1, 1, 1, 1]",57.63,37.29,83.04,19.72,1641082.45
RUM,6.8,6,"[0, 1, 1, 1, 0, 1, 1, 0, 1, 0]",7.45,6.66,10.02,4.67,4186737.1
WRBY,26.99,9,"[1, 1, 1, 1, 1, 0, 1, 1, 1, 1]",24.78,23.95,30.23,16.49,3525234.45
TLX,10.0,5,"[0, 1, 1, 1, 0, 0, 1, 0, 1, 0]",10.18,9.15,16.92,6.41,212800.15
RXO,25.82,10,"[1, 1, 1, 1, 1, 1, 1, 1, 1, 1]",22.33,16.8,29.12,10.48,2083031.25
BTE,4.03,8,"[0, 1, 1, 1, 1, 1, 1, 1, 1, 0]",4.72,3.54,5.3,1.78,20029302.5
LION,15.21,10,"[1, 1, 1, 1, 1, 1, 1, 1, 1, 1]",12.96,9.29,16.36,5.59,4151156.4
TWST,85.17,10,"[1, 1, 1, 1, 1, 1, 1, 1, 1, 1]",63.18,43.48,87.56,24.16,1994099.6
FIBK,36.71,10,"[1, 1, 1, 1, 1, 1, 1, 1, 1, 1]",35.07,33.6,38.03,25.96,1024535.8
BFH,103.68,10,"[1, 1, 1, 1, 1, 1, 1, 1, 1, 1]",89.38,73.76,103.68,53.59,776743.05
BHF,63.05,9,"[1, 1, 1, 0, 1, 1, 1, 1, 1, 1]",62.3,59.98,66.01,43.36,502883.7
SLG,49.57,8,"[1, 1, 1, 1, 0, 0, 1, 1, 1, 1]",44.73,45.9,63.59,34.72,1165797.6
HYMC,25.05,5,"[0, 0, 0, 1, 1, 1, 1, 0, 1, 0]",34.69,25.68,55.74,3.09,2127305.2
OGN,13.4,8,"[1, 1, 1, 1, 0, 1, 1, 1, 1, 0]",12.45,9.08,13.46,5.69,2788030.6
SIG,86.73,5,"[1, 0, 0, 0, 0, 1, 0, 1, 1, 1]",86.17,91.02,105.59,73.94,992387.45
GNW,8.94,8,"[1, 1, 1, 1, 1, 1, 0, 1, 1, 0]",8.87,8.68,9.31,7.26,2815641.85
HWKN,162.01,8,"[1, 1, 1, 1, 0, 0, 1, 1, 1, 1]",159.13,152.21,183.81,119.87,117424.3
CTRI,30.85,8,"[0, 1, 1, 1, 1, 1, 1, 0, 1, 1]",32.59,27.2,41.8,19.37,1160369.75
RUN,13.62,3,"[1, 0, 0, 0, 0, 0, 1, 0, 1, 0]",13.48,16.57,21.41,6.24,8257649.8
ASO,51.88,4,"[0, 0, 0, 0, 1, 0, 0, 1, 1, 1]",53.12,52.56,60.83,41.39,1745630.4
HSAI,16.34,1,"[0, 0, 0, 0, 0, 0, 0, 0, 1, 0]",20.94,23.28,29.8,15.03,1849955.95
ATS,27.87,5,"[0, 0, 0, 1, 1, 1, 0, 1, 1, 0]",31.3,29.01,35.38,24.24,237113.95
CC,21.46,9,"[0, 1, 1, 1, 1, 1, 1, 1, 1, 1]",23.26,17.33,27.84,10.37,2069225.95
BKU,48.5,10,"[1, 1, 1, 1, 1, 1, 1, 1, 1, 1]",46.86,43.87,50.58,33.49,673548.75
TRMD,30.27,8,"[0, 1, 1, 1, 1, 1, 1, 1, 1, 0]",30.28,24.19,34.08,15.15,787776.15
SUNC,62.63,5,"[0, 1, 0, 1, 0, 0, 1, 1, 1, 0]",65.5,62.63,72.33,46.46,470616.6
MANU,21.9,10,"[1, 1, 1, 1, 1, 1, 1, 1, 1, 1]",19.8,17.32,23.53,15.1,511062.6
AAP,55.42,7,"[0, 1, 1, 1, 0, 1, 1, 1, 1, 0]",56.75,52.55,65.49,38.35,2019055.2
AVNT,37.28,10,"[1, 1, 1, 1, 1, 1, 1, 1, 1, 1]",35.91,34.15,42.61,26.82,837585.75
CVI,27.9,4,"[0, 0, 0, 1, 0, 1, 1, 0, 1, 0]",32.22,30.87,39.89,20.66,838823.35
SA,29.35,5,"[0, 0, 1, 0, 1, 1, 1, 0, 1, 0]",30.48,28.6,39.35,14.08,1070648.85
AMBA,70.71,5,"[0, 1, 0, 1, 0, 1, 1, 0, 1, 0]",70.98,72.06,95.51,48.65,1920122.8
APLE,16.61,10,"[1, 1, 1, 1, 1, 1, 1, 1, 1, 1]",14.23,12.21,16.61,10.68,2937439.3
CHEF,93.79,10,"[1, 1, 1, 1, 1, 1, 1, 1, 1, 1]",77.32,65.91,95.4,54.6,512881.1
BEAM,35.53,10,"[1, 1, 1, 1, 1, 1, 1, 1, 1, 1]",30.35,27.08,35.53,16.01,2027814.95
CWK,12.78,1,"[0, 0, 0, 0, 0, 0, 0, 0, 1, 0]",13.51,14.76,17.2,10.73,1988071.7
TNGX,28.5,10,"[1, 1, 1, 1, 1, 1, 1, 1, 1, 1]",24.52,14.45,32.9,4.92,5405739.15
EFXT,25.82,9,"[1, 1, 1, 1, 1, 1, 1, 1, 1, 0]",25.49,18.05,28.36,7.68,537529.5
DAVE,309.72,9,"[1, 1, 1, 1, 0, 1, 1, 1, 1, 1]",260.3,219.07,314.44,155.92,743289.95
IAC,42.72,9,"[0, 1, 1, 1, 1, 1, 1, 1, 1, 1]",42.8,38.07,45.38,31.52,1089802.5
FSM,9.05,4,"[0, 0, 0, 0, 1, 1, 1, 0, 1, 0]",9.76,9.72,13.66,6.22,5345110.55
VRNS,32.71,6,"[1, 1, 0, 1, 0, 0, 1, 0, 1, 1]",28.97,35.09,63.31,20.19,1586507.25
NATL,43.57,8,"[0, 1, 1, 1, 1, 1, 1, 1, 1, 0]",44.53,40.79,48.13,26.44,616552.65
ADEA,31.81,10,"[1, 1, 1, 1, 1, 1, 1, 1, 1, 1]",29.72,20.59,33.57,11.64,2324977.45
BTDR,17.43,8,"[1, 1, 1, 1, 0, 1, 1, 0, 1, 1]",14.63,13.79,25.9,7.28,12012719.35
BATRK,50.89,10,"[1, 1, 1, 1, 1, 1, 1, 1, 1, 1]",49.41,42.95,51.54,38.04,493289.9
SEZL,156.47,10,"[1, 1, 1, 1, 1, 1, 1, 1, 1, 1]",102.92,78.63,182.16,50.97,655504.95
BBAR,20.99,10,"[1, 1, 1, 1, 1, 1, 1, 1, 1, 1]",16.54,15.04,21.9,7.86,877521.0
PARR,51.05,7,"[0, 1, 1, 1, 1, 1, 1, 0, 1, 0]",59.82,46.55,69.2,26.53,850280.05
VCYT,53.19,10,"[1, 1, 1, 1, 1, 1, 1, 1, 1, 1]",41.16,38.55,53.63,23.03,1411963.6
COLM,64.78,10,"[1, 1, 1, 1, 1, 1, 1, 1, 1, 1]",62.24,56.54,67.79,48.18,527215.0
FFBC,31.94,10,"[1, 1, 1, 1, 1, 1, 1, 1, 1, 1]",30.26,27.0,32.3,22.64,888760.2
FSLY,17.17,7,"[0, 0, 1, 1, 1, 1, 1, 0, 1, 1]",21.07,15.17,33.5,6.36,6940597.15
ZIM,25.27,9,"[0, 1, 1, 1, 1, 1, 1, 1, 1, 1]",25.76,21.09,28.55,12.03,1155334.05
RCUS,27.23,10,"[1, 1, 1, 1, 1, 1, 1, 1, 1, 1]",24.34,21.03,27.23,7.95,1277920.85
CALY,18.02,10,"[1, 1, 1, 1, 1, 1, 1, 1, 1, 1]",15.51,12.84,18.22,7.88,2760106.3
BOH,79.18,10,"[1, 1, 1, 1, 1, 1, 1, 1, 1, 1]",77.58,70.8,80.25,58.13,318792.4
UNFI,51.02,10,"[1, 1, 1, 1, 1, 1, 1, 1, 1, 1]",50.09,40.31,55.52,21.48,761503.55
SXI,320.61,10,"[1, 1, 1, 1, 1, 1, 1, 1, 1, 1]",274.87,246.4,320.61,153.29,181511.6
PLAB,34.06,6,"[0, 0, 1, 1, 1, 1, 1, 0, 1, 0]",43.65,33.67,54.96,18.32,2490973.65
ERAS,15.08,9,"[1, 1, 1, 1, 1, 1, 1, 0, 1, 1]",13.72,8.62,22.47,1.26,5539480.15
EXTR,31.85,9,"[1, 1, 1, 1, 0, 1, 1, 1, 1, 1]",24.19,19.03,31.85,13.74,2178407.3
YETI,47.94,10,"[1, 1, 1, 1, 1, 1, 1, 1, 1, 1]",43.36,41.02,50.77,29.99,1471539.1
CARG,30.08,3,"[0, 0, 0, 0, 0, 0, 0, 1, 1, 1]",32.2,34.08,39.03,26.96,1592057.15
MPT,4.48,4,"[0, 0, 0, 0, 1, 1, 0, 1, 1, 0]",4.95,4.93,5.8,3.71,6024809.55
DNLI,24.05,10,"[1, 1, 1, 1, 1, 1, 1, 1, 1, 1]",20.09,18.41,24.05,12.75,1953768.9
BKD,13.99,10,"[1, 1, 1, 1, 1, 1, 1, 1, 1, 1]",13.36,11.93,16.77,6.69,4148411.05
CON,28.49,10,"[1, 1, 1, 1, 1, 1, 1, 1, 1, 1]",24.69,21.95,28.56,18.56,880948.15
ETOR,38.35,5,"[0, 1, 1, 1, 0, 0, 1, 0, 1, 0]",38.41,36.35,67.36,24.76,825158.4
LXP,53.84,10,"[1, 1, 1, 1, 1, 1, 1, 1, 1, 1]",51.57,48.07,54.09,37.07,464486.85
MSGE,75.32,10,"[1, 1, 1, 1, 1, 1, 1, 1, 1, 1]",67.87,56.39,75.32,36.33,462615.4
BWLP,18.93,8,"[0, 1, 1, 1, 1, 1, 1, 1, 1, 0]",19.45,15.1,21.91,11.04,564736.6
KYIV,14.02,10,"[1, 1, 1, 1, 1, 1, 1, 1, 1, 1]",13.13,12.5,15.17,9.33,496611.85
BHE,93.66,10,"[1, 1, 1, 1, 1, 1, 1, 1, 1, 1]",80.61,55.74,93.66,35.72,469139.7
CAKE,76.91,10,"[1, 1, 1, 1, 1, 1, 1, 1, 1, 1]",63.92,56.83,77.19,42.72,1314598.35
HG,31.65,9,"[1, 1, 1, 1, 1, 1, 1, 1, 1, 0]",31.23,27.02,32.79,19.19,438608.15
DHT,19.77,10,"[1, 1, 1, 1, 1, 1, 1, 1, 1, 1]",17.43,14.42,19.77,10.09,3272823.15
AEHR,113.33,10,"[1, 1, 1, 1, 1, 1, 1, 1, 1, 1]",95.36,45.68,116.58,11.25,1919934.0
OLN,21.54,4,"[0, 0, 0, 1, 1, 1, 0, 0, 1, 0]",26.3,23.85,29.93,17.63,2681341.85
SBLK,26.52,10,"[1, 1, 1, 1, 1, 1, 1, 1, 1, 1]",25.71,21.4,27.69,15.86,1328516.1
VC,120.0,8,"[1, 1, 1, 1, 0, 0, 1, 1, 1, 1]",111.14,104.58,127.5,84.18,486574.9
TTAM,18.21,9,"[1, 1, 1, 0, 1, 1, 1, 1, 1, 1]",16.25,16.12,19.09,12.13,312200.05
BKV,25.69,5,"[0, 0, 0, 0, 1, 1, 1, 1, 1, 0]",27.68,26.74,32.16,19.68,749095.9
HIMX,18.54,9,"[1, 1, 1, 1, 1, 1, 1, 1, 1, 0]",16.38,10.37,24.19,6.93,4295602.8
BANC,20.21,10,"[1, 1, 1, 1, 1, 1, 1, 1, 1, 1]",18.88,18.2,20.82,13.53,2746631.95
SBCF,31.17,7,"[1, 0, 1, 0, 1, 1, 0, 1, 1, 1]",30.86,31.04,34.66,25.16,791834.7
KN,42.8,10,"[1, 1, 1, 1, 1, 1, 1, 1, 1, 1]",34.97,26.69,42.8,17.52,1046681.6
ALMS,24.6,10,"[1, 1, 1, 1, 1, 1, 1, 1, 1, 1]",23.01,16.69,29.98,2.8,1271469.6
SDRL,39.89,6,"[0, 0, 1, 1, 1, 1, 1, 0, 1, 0]",47.49,38.76,54.8,25.74,696965.75
CRVL,57.6,1,"[0, 0, 0, 0, 0, 0, 0, 0, 1, 0]",58.38,64.79,104.72,46.0,233721.8
ITGR,90.1,7,"[1, 1, 1, 1, 0, 0, 1, 0, 1, 1]",88.67,86.04,122.97,63.32,452462.35
SUPN,44.48,5,"[0, 0, 0, 0, 1, 1, 1, 1, 1, 0]",47.93,48.99,57.0,31.16,624268.05
XXI,5.74,1,"[0, 0, 0, 0, 0, 0, 0, 0, 1, 0]",7.31,11.3,37.87,5.34,1520133.55
LFST,9.2,10,"[1, 1, 1, 1, 1, 1, 1, 1, 1, 1]",7.61,6.66,9.2,3.79,2895131.3
TDC,29.67,8,"[0, 1, 1, 1, 1, 1, 1, 1, 1, 0]",30.73,27.78,37.88,20.11,2373326.8
NMRK,14.78,3,"[0, 0, 0, 0, 0, 0, 0, 1, 1, 1]",15.3,16.41,19.43,11.49,1297573.3
ERO,30.45,10,"[1, 1, 1, 1, 1, 1, 1, 1, 1, 1]",28.43,26.23,38.03,12.98,1311647.7
JOYY,67.25,10,"[1, 1, 1, 1, 1, 1, 1, 1, 1, 1]",61.83,60.43,68.86,46.62,389488.05
EXK,8.55,4,"[0, 0, 0, 0, 1, 1, 1, 0, 1, 0]",9.41,9.44,14.12,4.71,7111162.3
SHOO,42.73,10,"[1, 1, 1, 1, 1, 1, 1, 1, 1, 1]",40.67,38.08,46.15,22.83,1029042.8
PHIN,81.33,10,"[1, 1, 1, 1, 1, 1, 1, 1, 1, 1]",76.32,65.29,85.16,41.91,361967.85
ARX,12.89,3,"[0, 0, 0, 1, 0, 0, 1, 0, 1, 0]",14.28,13.97,30.05,9.36,1466049.25
KALU,185.03,10,"[1, 1, 1, 1, 1, 1, 1, 1, 1, 1]",172.46,122.7,190.63,71.09,232456.25
DBRG,15.72,10,"[1, 1, 1, 1, 1, 1, 1, 1, 1, 1]",15.65,14.03,15.77,9.16,2137441.35
PAGS,8.81,4,"[0, 0, 0, 0, 1, 1, 0, 1, 1, 0]",9.61,9.74,11.72,7.57,3286908.7
CECO,99.67,10,"[1, 1, 1, 1, 1, 1, 1, 1, 1, 1]",79.45,63.1,99.67,28.31,1099716.25
WT,18.66,9,"[1, 1, 1, 1, 1, 1, 1, 1, 1, 0]",18.04,14.84,19.81,10.33,3076419.75
PFS,23.01,10,"[1, 1, 1, 1, 1, 1, 1, 1, 1, 1]",22.3,20.46,23.52,15.94,985190.65
TRN,35.13,10,"[1, 1, 1, 1, 1, 1, 1, 1, 1, 1]",33.67,29.77,36.64,22.59,836524.9
DYN,20.87,10,"[1, 1, 1, 1, 1, 1, 1, 1, 1, 1]",18.32,17.71,24.29,8.18,1850428.95
GEO,29.67,9,"[1, 1, 1, 1, 0, 1, 1, 1, 1, 1]",22.41,18.35,29.67,13.26,2069336.6
LCII,91.33,3,"[0, 0, 0, 0, 1, 1, 0, 0, 1, 0]",109.02,114.25,154.08,82.3,372332.05
TNK,77.58,10,"[1, 1, 1, 1, 1, 1, 1, 1, 1, 1]",74.95,63.58,81.69,40.68,348763.15
BTU,24.12,4,"[0, 0, 0, 0, 1, 1, 1, 0, 1, 0]",26.31,29.51,39.38,12.52,4141824.8
NTCT,40.35,10,"[1, 1, 1, 1, 1, 1, 1, 1, 1, 1]",37.76,30.35,43.43,20.77,726324.3
DK,42.88,9,"[0, 1, 1, 1, 1, 1, 1, 1, 1, 1]",43.98,37.28,49.04,19.43,1068814.35
PTRN,21.02,7,"[1, 1, 0, 1, 0, 0, 1, 1, 1, 1]",16.8,21.02,21.36,9.59,2094866.9
GRND,13.15,7,"[1, 1, 1, 1, 0, 0, 1, 0, 1, 1]",12.94,13.03,22.7,9.85,1770246.85
TXG,32.94,10,"[1, 1, 1, 1, 1, 1, 1, 1, 1, 1]",25.52,19.2,34.76,10.79,3387980.0
CLMT,33.25,9,"[0, 1, 1, 1, 1, 1, 1, 1, 1, 1]",33.39,25.17,37.41,13.23,851388.55
AEO,17.79,6,"[1, 0, 0, 0, 1, 1, 1, 0, 1, 1]",17.23,19.61,27.87,9.32,6412777.15
INOD,90.68,7,"[1, 1, 1, 1, 0, 1, 1, 0, 1, 0]",77.05,62.58,121.5,34.45,1698562.75
GPCR,45.51,6,"[1, 0, 0, 0, 1, 1, 1, 0, 1, 1]",42.55,48.34,93.79,16.2,788527.2
IHS,8.1,8,"[0, 1, 1, 1, 1, 1, 1, 1, 1, 0]",8.26,7.63,8.73,5.45,1455609.7
AYA,19.74,10,"[1, 1, 1, 1, 1, 1, 1, 1, 1, 1]",18.5,15.2,21.63,8.33,485371.45
SLNO,53.01,6,"[1, 1, 1, 0, 0, 0, 1, 0, 1, 1]",45.79,52.4,88.49,30.05,1749339.8
SPNT,22.79,8,"[0, 1, 1, 1, 1, 1, 1, 1, 1, 0]",22.85,20.83,23.86,17.48,755369.55
KMT,35.44,9,"[0, 1, 1, 1, 1, 1, 1, 1, 1, 1]",36.4,31.27,43.04,19.42,1361544.4
STUB,11.4,5,"[1, 1, 0, 0, 0, 0, 1, 0, 1, 1]",8.73,11.4,22.0,6.09,6042456.05
FA,16.13,8,"[1, 1, 1, 1, 0, 0, 1, 1, 1, 1]",14.54,13.69,18.4,8.95,1803226.1
NKTR,65.7,7,"[0, 1, 1, 1, 1, 1, 1, 0, 1, 0]",73.75,60.93,100.35,9.54,962831.95
EOSE,7.34,4,"[1, 0, 0, 0, 0, 1, 1, 0, 1, 0]",7.3,10.69,19.19,4.19,23854822.35
UAA,5.91,9,"[1, 1, 1, 1, 1, 1, 1, 0, 1, 1]",5.9,5.58,8.14,4.17,6975257.3
UA,5.73,8,"[0, 1, 1, 1, 1, 1, 1, 0, 1, 1]",5.74,5.41,7.88,3.96,2829363.45
DBD,82.88,10,"[1, 1, 1, 1, 1, 1, 1, 1, 1, 1]",80.12,70.41,88.77,52.0,278434.7
BKE,44.82,2,"[0, 0, 0, 0, 0, 0, 0, 1, 1, 0]",49.92,51.49,57.1,40.77,541756.75
UNIT,11.2,9,"[0, 1, 1, 1, 1, 1, 1, 1, 1, 1]",11.46,8.22,12.75,5.36,2251053.4
ARCB,145.6,10,"[1, 1, 1, 1, 1, 1, 1, 1, 1, 1]",131.34,94.25,173.22,59.5,442202.95
NN,16.52,5,"[0, 0, 0, 1, 1, 1, 1, 0, 1, 0]",20.04,16.52,23.59,11.37,2730997.7
HOG,24.69,8,"[1, 1, 1, 1, 0, 0, 1, 1, 1, 1]",24.09,22.95,30.05,17.06,2283090.8
ATRO,81.85,10,"[1, 1, 1, 1, 1, 1, 1, 1, 1, 1]",64.84,51.56,81.85,23.95,800120.4
CLDX,33.41,10,"[1, 1, 1, 1, 1, 1, 1, 1, 1, 1]",32.02,28.05,34.55,20.01,916631.1
VAC,95.71,9,"[1, 1, 1, 1, 0, 1, 1, 1, 1, 1]",78.73,65.37,97.97,43.9,568515.8
ARQT,26.66,9,"[1, 1, 1, 0, 1, 1, 1, 1, 1, 1]",22.8,24.05,31.2,13.39,1776827.65
GRAL,62.1,5,"[1, 0, 0, 0, 1, 1, 1, 0, 1, 0]",58.96,71.6,116.06,31.42,889235.8
VISN,12.88,10,"[1, 1, 1, 1, 1, 1, 1, 1, 1, 1]",11.4,9.28,12.88,3.15,5335894.7
TARS,63.56,7,"[1, 0, 0, 0, 1, 1, 1, 1, 1, 1]",63.06,68.29,82.51,38.82,606446.1
NGVT,72.74,10,"[1, 1, 1, 1, 1, 1, 1, 1, 1, 1]",71.66,63.73,77.87,40.4,238026.75
AMSC,45.33,5,"[0, 1, 1, 1, 0, 0, 1, 0, 1, 0]",47.23,41.67,66.68,25.95,1440619.95
WAFD,36.8,10,"[1, 1, 1, 1, 1, 1, 1, 1, 1, 1]",35.1,32.0,37.07,27.16,556856.75
HUN,11.5,6,"[0, 0, 1, 1, 1, 1, 1, 0, 1, 0]",14.1,11.39,15.89,7.27,6245182.75
HUBG,43.98,10,"[1, 1, 1, 1, 1, 1, 1, 1, 1, 1]",42.2,39.94,52.19,32.75,749966.0
TRMK,45.1,10,"[1, 1, 1, 1, 1, 1, 1, 1, 1, 1]",44.32,41.15,45.91,34.08,392032.55
IRON,70.8,7,"[1, 0, 0, 0, 1, 1, 1, 1, 1, 1]",68.61,73.21,94.11,51.13,486441.55
CUBI,76.19,10,"[1, 1, 1, 1, 1, 1, 1, 1, 1, 1]",75.62,71.58,81.21,53.91,315198.9
VERA,38.43,7,"[1, 0, 1, 0, 1, 1, 1, 0, 1, 1]",36.41,37.25,55.67,19.25,1162852.3
ICHR,99.61,10,"[1, 1, 1, 1, 1, 1, 1, 1, 1, 1]",71.68,38.85,99.61,14.06,1219504.75
RARE,29.03,6,"[1, 1, 1, 0, 0, 0, 1, 0, 1, 1]",24.42,27.02,41.44,18.5,1840376.15
KOD,36.63,8,"[0, 1, 1, 1, 1, 1, 1, 1, 1, 0]",38.88,26.51,46.44,3.61,713542.6
SAH,80.58,9,"[1, 1, 1, 1, 0, 1, 1, 1, 1, 1]",77.02,68.31,86.85,57.63,254299.9
DRD,22.98,4,"[0, 0, 0, 0, 1, 1, 1, 0, 1, 0]",27.24,29.15,38.8,12.84,304001.15
HE,12.88,5,"[0, 0, 0, 1, 1, 1, 0, 1, 1, 0]",14.22,13.46,17.08,10.44,1639130.65
IMNM,19.18,5,"[0, 0, 0, 1, 1, 1, 1, 0, 1, 0]",21.49,19.38,26.97,8.4,1385987.7
FRSH,8.93,2,"[1, 0, 0, 0, 0, 0, 0, 0, 1, 0]",8.91,10.28,15.36,6.88,15002771.35
NSIT,106.09,7,"[1, 1, 1, 1, 0, 0, 1, 0, 1, 1]",90.87,91.18,146.66,64.43,515604.15
HTFL,33.84,8,"[1, 1, 1, 1, 0, 0, 1, 1, 1, 1]",30.04,30.04,39.91,20.49,1265371.4
OSW,27.1,10,"[1, 1, 1, 1, 1, 1, 1, 1, 1, 1]",24.4,22.0,27.53,19.28,687884.95
SEDG,57.55,8,"[1, 1, 1, 1, 1, 1, 1, 0, 1, 0]",53.08,40.53,78.51,16.06,3419907.3
ROG,166.51,10,"[1, 1, 1, 1, 1, 1, 1, 1, 1, 1]",137.82,104.24,166.51,64.78,328662.85
ATKR,81.95,10,"[1, 1, 1, 1, 1, 1, 1, 1, 1, 1]",76.31,66.95,85.41,52.77,475364.35
TALO,14.06,8,"[0, 1, 1, 1, 1, 1, 1, 1, 1, 0]",15.03,12.4,16.59,7.79,1761458.35
IDYA,34.23,9,"[1, 1, 1, 0, 1, 1, 1, 1, 1, 1]",29.79,31.26,37.86,21.02,1245986.0
ELVN,45.96,10,"[1, 1, 1, 1, 1, 1, 1, 1, 1, 1]",41.75,28.36,48.11,15.14,1770901.4
DGII,68.78,10,"[1, 1, 1, 1, 1, 1, 1, 1, 1, 1]",62.2,47.62,69.82,31.14,325207.0
LWLG,10.03,7,"[0, 1, 1, 1, 1, 1, 1, 0, 1, 0]",12.53,6.57,18.22,1.21,5511439.65
TMC,4.95,2,"[0, 0, 0, 0, 0, 1, 0, 0, 1, 0]",5.39,6.24,10.69,4.1,6366315.8
LMAT,88.61,4,"[0, 0, 0, 1, 1, 0, 0, 1, 1, 0]",102.43,93.88,117.1,79.04,323633.7
MTX,77.16,10,"[1, 1, 1, 1, 1, 1, 1, 1, 1, 1]",75.78,66.82,82.71,54.02,189094.5
BRZE,19.21,1,"[0, 0, 0, 0, 0, 0, 0, 0, 1, 0]",22.47,25.33,36.19,15.79,3365997.15
AAMI,73.89,10,"[1, 1, 1, 1, 1, 1, 1, 1, 1, 1]",70.85,54.65,82.72,32.24,564771.9
RLAY,17.28,10,"[1, 1, 1, 1, 1, 1, 1, 1, 1, 1]",14.22,9.38,17.28,3.22,4097687.55
MLYS,25.37,3,"[0, 0, 0, 0, 0, 1, 1, 0, 1, 0]",27.56,33.07,47.33,12.87,2116407.65
FBNC,60.8,10,"[1, 1, 1, 1, 1, 1, 1, 1, 1, 1]",59.02,54.92,61.96,41.06,229262.65
ANDE,70.86,9,"[0, 1, 1, 1, 1, 1, 1, 1, 1, 1]",72.83,59.25,79.42,34.24,303991.15
VNET,8.55,4,"[0, 0, 0, 0, 1, 1, 1, 0, 1, 0]",9.32,9.67,14.03,5.45,7717853.6
HTO,56.7,7,"[0, 1, 1, 1, 1, 1, 0, 1, 1, 0]",57.46,52.12,60.84,43.73,424800.45
DXPE,169.05,10,"[1, 1, 1, 1, 1, 1, 1, 1, 1, 1]",158.25,130.99,181.51,83.3,148349.6
PTON,5.43,5,"[0, 1, 0, 1, 0, 0, 1, 0, 1, 1]",5.45,6.02,9.0,3.71,16092666.1
SGML,13.3,6,"[0, 0, 1, 1, 1, 1, 1, 0, 1, 0]",17.71,12.09,23.65,4.28,2947556.0
TENB,26.34,7,"[1, 1, 1, 1, 0, 0, 1, 0, 1, 1]",23.39,24.38,35.46,16.04,3305422.5
DFTX,36.67,10,"[1, 1, 1, 1, 1, 1, 1, 1, 1, 1]",22.91,16.42,36.67,6.49,3100883.1
VERX,10.58,1,"[0, 0, 0, 0, 0, 0, 0, 0, 1, 0]",12.72,17.57,36.4,10.58,1647597.85
PLUS,79.11,4,"[0, 0, 0, 0, 1, 1, 0, 1, 1, 0]",83.71,81.22,92.48,61.5,309188.4
AERO,17.39,6,"[1, 0, 0, 0, 1, 0, 1, 1, 1, 1]",15.97,17.39,22.91,12.36,168207.15
AMPX,15.65,8,"[0, 1, 1, 1, 1, 1, 1, 0, 1, 1]",18.65,13.7,22.91,3.45,8312131.3
AMR,175.09,5,"[0, 0, 0, 0, 1, 1, 1, 0, 1, 1]",192.44,185.94,249.65,99.46,276584.1
COHU,70.07,10,"[1, 1, 1, 1, 1, 1, 1, 1, 1, 1]",49.96,31.79,70.07,17.86,1708887.05
AESI,16.48,8,"[0, 1, 1, 1, 1, 1, 1, 1, 1, 0]",16.9,12.43,19.75,8.1,2558074.2
NESR,25.06,9,"[1, 1, 1, 1, 1, 1, 1, 1, 1, 0]",24.7,18.37,26.84,5.72,1935985.4
WTTR,18.48,9,"[1, 1, 1, 1, 1, 1, 1, 1, 1, 0]",17.57,13.12,20.04,7.78,1505671.9
ACHC,25.21,8,"[0, 1, 1, 1, 0, 1, 1, 1, 1, 1]",25.6,20.91,28.26,11.68,2452713.6
MNR,12.55,7,"[0, 1, 1, 1, 1, 1, 0, 1, 1, 0]",13.1,11.88,14.26,9.93,426446.1
CSGS,80.69,10,"[1, 1, 1, 1, 1, 1, 1, 1, 1, 1]",80.13,74.06,80.69,59.97,353613.6
GRDN,41.89,10,"[1, 1, 1, 1, 1, 1, 1, 1, 1, 1]",38.51,32.42,43.4,19.88,404736.7
CEPU,15.55,8,"[1, 0, 1, 0, 1, 1, 1, 1, 1, 1]",14.94,14.33,17.95,7.68,315239.8
PRDO,32.8,5,"[0, 1, 0, 1, 0, 1, 0, 1, 1, 0]",34.03,32.9,37.77,27.01,649273.7
HLIO,92.41,10,"[1, 1, 1, 1, 1, 1, 1, 1, 1, 1]",76.17,63.79,92.41,31.04,356284.85
WOLF,52.97,5,"[1, 1, 0, 1, 0, 0, 1, 0, 1, 0]",46.04,52.97,73.5,14.8,8600756.95
NTB,58.74,10,"[1, 1, 1, 1, 1, 1, 1, 1, 1, 1]",56.26,49.76,59.11,40.26,221985.8
FUN,22.71,7,"[1, 1, 1, 1, 0, 0, 1, 0, 1, 1]",20.51,18.77,32.94,12.83,2109859.7
BLBD,75.91,10,"[1, 1, 1, 1, 1, 1, 1, 1, 1, 1]",67.72,57.46,75.91,42.75,385194.8
KEEL,6.66,9,"[1, 1, 1, 1, 0, 1, 1, 1, 1, 1]",4.36,3.19,6.66,0.75,60739310.4
PENG,67.94,10,"[1, 1, 1, 1, 1, 1, 1, 1, 1, 1]",45.82,27.23,71.41,16.24,3140563.5
AXGN,44.95,10,"[1, 1, 1, 1, 1, 1, 1, 1, 1, 1]",40.67,30.54,44.95,9.79,1157177.3
PENN,20.83,9,"[1, 1, 1, 1, 0, 1, 1, 1, 1, 1]",17.87,16.01,21.87,11.76,3795619.3
CMPR,86.66,8,"[0, 1, 1, 1, 1, 1, 1, 1, 1, 0]",89.99,74.85,104.48,43.33,238181.15
FLOC,23.06,8,"[0, 1, 1, 1, 1, 1, 1, 1, 1, 0]",24.48,20.09,28.09,14.08,702509.3
DRH,12.25,10,"[1, 1, 1, 1, 1, 1, 1, 1, 1, 1]",10.87,9.31,12.31,7.29,2004328.9
XIFR,11.69,9,"[1, 1, 1, 1, 1, 1, 1, 1, 1, 0]",11.19,10.3,12.77,8.08,814280.75
ADPT,17.37,9,"[1, 1, 1, 0, 1, 1, 1, 1, 1, 1]",14.88,15.48,20.46,10.24,3276478.3
HTH,37.98,10,"[1, 1, 1, 1, 1, 1, 1, 1, 1, 1]",37.39,35.35,39.6,28.94,310165.65
CTOS,11.4,10,"[1, 1, 1, 1, 1, 1, 1, 1, 1, 1]",9.46,7.09,11.4,4.83,891060.35
DRVN,12.27,1,"[0, 0, 0, 0, 0, 0, 0, 0, 1, 0]",13.2,14.38,19.21,10.3,1066579.1
RDW,13.02,7,"[0, 1, 1, 1, 1, 1, 1, 0, 1, 0]",13.84,9.89,25.9,5.06,58549023.05
VVX,82.0,10,"[1, 1, 1, 1, 1, 1, 1, 1, 1, 1]",74.91,64.74,90.81,45.74,583413.3
BCRX,9.14,10,"[1, 1, 1, 1, 1, 1, 1, 1, 1, 1]",8.9,7.94,9.93,6.24,4267137.95
TIC,8.07,1,"[0, 0, 0, 0, 0, 0, 0, 0, 1, 0]",8.63,10.0,14.49,6.57,1930931.3
WERN,40.86,10,"[1, 1, 1, 1, 1, 1, 1, 1, 1, 1]",37.89,31.53,44.51,22.94,967637.55
CENTA,37.71,10,"[1, 1, 1, 1, 1, 1, 1, 1, 1, 1]",34.73,31.66,37.94,26.27,338802.95
QUBT,10.54,5,"[1, 1, 0, 1, 0, 0, 1, 0, 1, 0]",10.08,11.79,24.62,6.31,22762376.7
THR,61.14,10,"[1, 1, 1, 1, 1, 1, 1, 1, 1, 1]",58.1,41.44,71.25,24.1,828715.35
ECO,54.99,10,"[1, 1, 1, 1, 1, 1, 1, 1, 1, 1]",51.05,39.67,54.99,20.31,463371.75
BHC,4.67,1,"[0, 0, 0, 0, 0, 0, 0, 0, 1, 0]",5.41,6.1,8.34,4.67,2206759.85
NMM,71.84,8,"[0, 1, 1, 1, 1, 1, 1, 1, 1, 0]",71.84,59.46,76.62,37.44,120946.0
MBIN,49.5,10,"[1, 1, 1, 1, 1, 1, 1, 1, 1, 1]",47.33,39.04,50.0,28.87,122675.7
FLYW,15.43,9,"[1, 1, 1, 1, 1, 1, 1, 1, 1, 0]",14.87,13.55,17.73,10.33,2380527.65
PBI,17.14,10,"[1, 1, 1, 1, 1, 1, 1, 1, 1, 1]",15.47,11.7,17.52,8.89,2935572.35
WLY,44.99,9,"[1, 1, 1, 1, 0, 1, 1, 1, 1, 1]",41.95,36.22,46.7,28.52,488805.3
CMRE,15.25,7,"[0, 0, 1, 1, 1, 1, 1, 1, 1, 0]",16.5,15.23,17.79,8.81,488857.9
SLDE,16.94,6,"[0, 0, 0, 1, 1, 1, 1, 1, 1, 0]",18.06,17.09,22.34,12.74,917703.4
OCUL,9.97,4,"[1, 0, 0, 0, 0, 0, 1, 0, 1, 1]",9.03,10.5,16.11,6.88,2915152.95
ESTA,86.06,10,"[1, 1, 1, 1, 1, 1, 1, 1, 1, 1]",71.37,63.55,86.06,33.62,528696.15
SRPT,17.65,3,"[0, 0, 0, 0, 0, 0, 1, 0, 1, 1]",18.71,19.71,24.45,11.93,2965795.15
IMOS,70.29,10,"[1, 1, 1, 1, 1, 1, 1, 1, 1, 1]",53.72,35.8,70.29,15.09,123607.05
NVCR,13.61,7,"[0, 1, 1, 1, 1, 1, 1, 0, 1, 0]",15.68,13.36,18.46,10.03,1693949.05
DEI,11.72,7,"[1, 1, 1, 1, 0, 0, 1, 0, 1, 1]",11.41,11.54,16.09,8.99,2586370.2
EZPW,31.51,8,"[0, 1, 1, 1, 1, 1, 1, 1, 1, 0]",31.88,23.81,34.65,13.13,958565.7
PDFS,64.95,10,"[1, 1, 1, 1, 1, 1, 1, 1, 1, 1]",49.39,34.32,65.36,18.97,783937.7
TRVI,17.71,10,"[1, 1, 1, 1, 1, 1, 1, 1, 1, 1]",14.35,11.88,17.71,5.47,1373055.75
DCO,164.9,10,"[1, 1, 1, 1, 1, 1, 1, 1, 1, 1]",147.15,115.88,165.25,81.33,228461.25
WS,40.22,10,"[1, 1, 1, 1, 1, 1, 1, 1, 1, 1]",39.13,35.89,48.27,24.66,274265.75
STOK,30.97,7,"[0, 0, 1, 0, 1, 1, 1, 1, 1, 1]",31.99,30.79,38.35,11.35,610244.05
DHC,8.94,10,"[1, 1, 1, 1, 1, 1, 1, 1, 1, 1]",8.19,6.05,9.13,3.25,2067662.75
TYRA,30.14,7,"[0, 0, 1, 1, 1, 1, 1, 1, 1, 0]",32.71,26.26,39.61,9.1,978760.6
SEM,16.55,10,"[1, 1, 1, 1, 1, 1, 1, 1, 1, 1]",16.46,15.01,16.66,11.56,1269930.95
CLBK,19.78,9,"[1, 1, 1, 1, 1, 1, 1, 1, 1, 0]",19.48,17.07,20.94,13.73,394494.85
MGNI,17.45,7,"[1, 1, 1, 1, 0, 0, 1, 0, 1, 1]",14.12,15.54,26.52,11.2,3175770.05
NGL,16.37,9,"[1, 1, 1, 1, 1, 1, 1, 1, 1, 0]",15.81,11.07,18.11,4.0,378747.5
NTST,19.42,7,"[0, 1, 1, 1, 1, 1, 0, 1, 1, 0]",20.14,18.69,20.74,15.73,1413609.55
ANAB,59.99,9,"[1, 1, 1, 1, 1, 1, 1, 1, 1, 0]",57.48,36.28,69.78,12.93,561176.7
PSNY,19.97,4,"[0, 1, 0, 1, 0, 0, 1, 0, 1, 0]",20.11,20.63,41.1,12.01,175971.65
NEXT,7.41,5,"[0, 1, 1, 1, 0, 0, 1, 0, 1, 0]",7.96,6.6,12.0,4.8,2730786.0
BBAI,3.83,1,"[0, 0, 0, 0, 0, 0, 0, 0, 1, 0]",4.11,5.21,8.91,3.04,46732108.85
ATEN,33.77,10,"[1, 1, 1, 1, 1, 1, 1, 1, 1, 1]",28.83,21.2,33.77,16.47,1283840.2
GTY,32.83,8,"[0, 1, 1, 1, 1, 1, 1, 1, 1, 0]",33.14,29.75,34.61,24.79,446570.9
OMCL,38.68,5,"[0, 0, 0, 0, 1, 1, 1, 1, 1, 0]",41.03,38.78,51.39,26.88,644491.8
SION,38.83,7,"[0, 0, 1, 1, 1, 1, 1, 1, 1, 0]",39.91,37.27,45.95,14.1,378134.15
SOC,9.37,3,"[0, 0, 0, 1, 0, 0, 1, 0, 1, 0]",13.24,12.43,31.69,4.12,4456357.0
BW,17.76,9,"[1, 1, 1, 1, 1, 1, 1, 1, 1, 0]",17.29,9.88,21.85,0.88,2947179.15
BSTZ,31.02,10,"[1, 1, 1, 1, 1, 1, 1, 1, 1, 1]",27.75,22.89,31.68,17.56,201597.25
NEOG,8.92,9,"[0, 1, 1, 1, 1, 1, 1, 1, 1, 1]",9.1,8.11,11.33,4.65,2458889.25
UTI,40.02,10,"[1, 1, 1, 1, 1, 1, 1, 1, 1, 1]",38.41,32.12,44.9,21.77,1806293.25
INBX,93.3,7,"[0, 1, 1, 1, 1, 1, 1, 0, 1, 0]",104.88,75.39,141.84,14.27,325446.9
AUPH,17.53,10,"[1, 1, 1, 1, 1, 1, 1, 1, 1, 1]",15.81,14.61,17.53,7.47,1328945.45
TSHA,6.53,10,"[1, 1, 1, 1, 1, 1, 1, 1, 1, 1]",6.0,4.9,6.98,2.31,2572133.4
GNL,9.08,8,"[0, 1, 1, 1, 1, 1, 1, 1, 1, 0]",9.37,8.61,9.76,6.41,2681672.2
MBX,43.91,10,"[1, 1, 1, 1, 1, 1, 1, 1, 1, 1]",33.35,28.72,43.91,9.73,821929.8
WSR,18.95,10,"[1, 1, 1, 1, 1, 1, 1, 1, 1, 1]",18.85,14.97,18.95,11.2,730194.25
ASTH,39.59,9,"[1, 1, 1, 1, 0, 1, 1, 1, 1, 1]",36.18,28.32,39.85,18.16,514030.7
LAC,4.3,4,"[0, 0, 0, 1, 0, 1, 1, 0, 1, 0]",4.95,5.07,10.05,2.55,12429552.4
IMAX,44.0,10,"[1, 1, 1, 1, 1, 1, 1, 1, 1, 1]",37.79,36.13,44.33,24.51,1062501.15
FIGS,11.16,5,"[0, 0, 0, 1, 1, 1, 1, 0, 1, 0]",13.26,11.31,17.12,5.33,2677367.4
MD,23.52,10,"[1, 1, 1, 1, 1, 1, 1, 1, 1, 1]",22.71,20.8,24.65,11.98,747693.85
NWL,5.03,8,"[1, 1, 1, 1, 0, 0, 1, 1, 1, 1]",4.06,4.11,6.05,2.94,11036725.4
PHVS,33.0,10,"[1, 1, 1, 1, 1, 1, 1, 1, 1, 1]",30.07,26.49,33.41,17.0,322389.75
PUMP,15.04,8,"[0, 1, 1, 1, 1, 1, 1, 1, 1, 0]",15.86,11.28,18.2,4.52,5118638.65
LC,19.21,9,"[1, 1, 1, 0, 1, 1, 1, 1, 1, 1]",16.89,17.02,21.58,11.18,2068935.0
AGM,183.07,9,"[1, 1, 1, 1, 1, 0, 1, 1, 1, 1]",174.3,166.87,202.44,137.78,134313.0
RAMP,37.61,9,"[1, 1, 1, 1, 1, 1, 1, 1, 1, 0]",33.11,28.87,37.83,22.42,2091550.4
LAR,8.97,8,"[0, 1, 1, 1, 1, 1, 1, 1, 1, 0]",9.65,6.65,11.79,1.95,2098573.65
STEL,38.57,10,"[1, 1, 1, 1, 1, 1, 1, 1, 1, 1]",37.42,33.92,39.39,27.15,409291.1
PRKS,46.04,8,"[1, 1, 1, 1, 0, 0, 1, 1, 1, 1]",38.34,39.5,55.21,29.73,995203.0
SNDX,19.32,5,"[0, 0, 0, 0, 1, 1, 1, 1, 1, 0]",20.35,19.51,25.15,8.73,1955953.4
JBLU,5.49,10,"[1, 1, 1, 1, 1, 1, 1, 1, 1, 1]",5.06,4.89,6.46,4.03,27057169.0
ARCO,8.3,8,"[0, 1, 1, 1, 1, 1, 1, 1, 1, 0]",8.73,7.79,9.5,6.37,1306053.85
NEXA,13.95,8,"[0, 1, 1, 1, 1, 1, 1, 1, 1, 0]",14.42,10.01,16.72,4.67,926705.55
AGRO,9.15,4,"[0, 0, 0, 1, 1, 1, 0, 0, 1, 0]",12.68,9.85,15.18,7.07,942978.65
HTZ,5.14,4,"[0, 0, 0, 1, 0, 0, 1, 0, 1, 1]",5.73,5.43,7.97,3.89,5817427.15
SPB,83.29,10,"[1, 1, 1, 1, 1, 1, 1, 1, 1, 1]",80.54,66.65,84.9,49.33,365040.25
BLX,60.96,10,"[1, 1, 1, 1, 1, 1, 1, 1, 1, 1]",55.48,48.04,60.96,38.29,181178.25
MESO,15.5,4,"[1, 0, 0, 0, 0, 0, 1, 0, 1, 1]",14.96,16.24,20.96,10.16,172262.85
OCS,11.67,2,"[0, 0, 0, 0, 1, 0, 0, 0, 1, 0]",23.45,22.79,32.65,10.71,1273921.9
ANIP,80.58,5,"[1, 1, 0, 1, 0, 0, 0, 1, 1, 0]",80.15,82.99,98.81,63.35,332047.75
PGNY,26.28,9,"[1, 1, 1, 0, 1, 1, 1, 1, 1, 1]",22.35,22.09,28.42,16.3,1548254.75
INVX,25.66,8,"[0, 1, 1, 1, 1, 1, 1, 1, 1, 0]",27.64,23.64,31.05,15.08,425716.85
CASH,82.52,6,"[0, 0, 1, 1, 1, 1, 0, 1, 1, 0]",85.75,80.84,99.87,66.35,215149.15
RAPP,38.19,10,"[1, 1, 1, 1, 1, 1, 1, 1, 1, 1]",36.8,30.02,39.93,10.88,299194.1
SNDA,36.56,9,"[1, 1, 1, 1, 1, 1, 1, 1, 1, 0]",35.85,32.18,38.78,23.92,697084.35
FIHL,22.94,9,"[1, 1, 1, 1, 1, 1, 1, 1, 1, 0]",21.56,19.17,23.62,14.41,433463.5
TPB,75.45,2,"[0, 0, 0, 0, 1, 0, 0, 0, 1, 0]",83.77,97.82,142.7,70.52,443591.85
VET,9.87,5,"[0, 0, 0, 1, 1, 1, 1, 0, 1, 0]",11.92,9.88,14.29,6.95,1523733.5
BORR,4.34,5,"[0, 0, 0, 1, 1, 1, 1, 0, 1, 0]",5.47,4.45,6.61,1.83,9014699.3
ECPG,83.95,10,"[1, 1, 1, 1, 1, 1, 1, 1, 1, 1]",81.43,60.91,84.41,35.97,274507.85
SONO,14.32,3,"[0, 0, 0, 0, 0, 1, 1, 0, 1, 0]",14.88,15.76,19.16,10.06,1789488.3
WBTN,11.34,3,"[0, 0, 0, 1, 0, 0, 1, 0, 1, 0]",12.08,13.36,21.31,8.37,291016.75
ADNT,20.59,3,"[0, 0, 0, 1, 0, 0, 0, 1, 1, 0]",21.7,21.87,27.09,17.8,1019371.6
VRE,18.99,10,"[1, 1, 1, 1, 1, 1, 1, 1, 1, 1]",18.91,16.2,19.0,13.54,858985.0
UFPT,233.3,8,"[1, 1, 1, 0, 1, 1, 0, 1, 1, 1]",215.59,217.95,267.56,185.28,196039.05
CLVT,1.91,1,"[0, 0, 0, 0, 0, 0, 0, 0, 1, 0]",2.5,3.0,4.53,1.68,5137547.4
AIN,71.99,10,"[1, 1, 1, 1, 1, 1, 1, 1, 1, 1]",62.14,55.82,71.99,40.8,258753.15
CTS,68.31,10,"[1, 1, 1, 1, 1, 1, 1, 1, 1, 1]",60.49,49.22,68.31,36.41,331363.25
VOYG,34.57,6,"[0, 1, 1, 1, 0, 1, 1, 0, 1, 0]",35.95,30.05,51.77,17.99,3302131.85
ZYME,23.26,7,"[0, 0, 1, 1, 1, 1, 1, 1, 1, 0]",25.43,22.86,28.56,12.02,722392.95
CAPR,29.34,8,"[0, 1, 1, 1, 1, 1, 1, 1, 1, 0]",30.54,21.5,35.34,4.6,973691.0
PSIX,39.11,1,"[0, 0, 0, 0, 0, 0, 0, 0, 1, 0]",55.46,69.98,115.78,36.36,538751.35
LOB,38.59,10,"[1, 1, 1, 1, 1, 1, 1, 1, 1, 1]",37.31,35.75,41.68,29.13,253031.3
XPRO,13.87,6,"[0, 0, 0, 1, 1, 1, 1, 1, 1, 0]",16.23,15.05,18.39,8.27,1104556.65
PVLA,118.84,9,"[0, 1, 1, 1, 1, 1, 1, 1, 1, 1]",118.95,98.02,148.34,20.62,261301.1
FLNG,30.36,8,"[0, 1, 1, 1, 1, 1, 1, 1, 1, 0]",30.66,26.45,32.46,19.62,460424.55
SFL,11.25,8,"[0, 1, 1, 1, 1, 1, 1, 1, 1, 0]",11.34,9.11,12.57,6.59,1507264.5
CYD,48.85,9,"[1, 1, 1, 1, 1, 1, 1, 1, 1, 0]",48.64,42.32,59.71,21.15,246404.3
TILE,32.36,10,"[1, 1, 1, 1, 1, 1, 1, 1, 1, 1]",28.91,28.52,34.79,20.32,593691.05
PCT,8.34,3,"[0, 0, 0, 1, 0, 0, 1, 0, 1, 0]",9.52,9.75,16.92,5.06,7026263.55
LPG,39.99,9,"[1, 1, 1, 1, 1, 1, 1, 1, 1, 0]",39.74,30.98,47.72,22.25,749023.8
TE,10.4,10,"[1, 1, 1, 1, 1, 1, 1, 1, 1, 1]",7.26,5.77,12.04,1.16,44899698.25
VRDN,17.63,4,"[1, 0, 0, 0, 1, 0, 1, 0, 1, 0]",15.92,24.15,33.78,13.3,1710121.5
NRIX,18.65,9,"[1, 1, 1, 0, 1, 1, 1, 1, 1, 1]",16.59,15.12,21.47,8.24,3081005.7
QURE,44.39,8,"[1, 1, 1, 1, 0, 1, 1, 0, 1, 1]",24.69,27.67,70.59,9.03,2533363.85
DV,10.17,2,"[0, 0, 0, 0, 0, 0, 0, 0, 1, 1]",10.3,10.77,16.27,8.61,2852677.45
FIVN,18.82,3,"[0, 0, 0, 1, 0, 0, 1, 0, 1, 0]",20.27,20.07,29.16,13.61,3000185.4
INVA,22.67,9,"[0, 1, 1, 1, 1, 1, 1, 1, 1, 1]",22.77,21.06,24.24,16.67,915895.75
SILA,30.34,10,"[1, 1, 1, 1, 1, 1, 1, 1, 1, 1]",29.53,24.92,30.34,21.4,556578.95
OPRA,18.62,9,"[1, 1, 1, 1, 0, 1, 1, 1, 1, 1]",17.83,15.5,20.08,11.79,352852.35
ARDX,6.37,8,"[1, 1, 1, 0, 1, 0, 1, 1, 1, 1]",6.16,6.12,7.99,3.63,3421209.75
POET,12.09,8,"[1, 1, 1, 1, 1, 1, 1, 0, 1, 0]",11.56,7.59,20.57,3.96,33206727.15
NUVB,5.76,7,"[1, 0, 1, 0, 1, 1, 1, 0, 1, 1]",4.81,5.33,9.54,1.88,4468588.25
PEB,18.72,10,"[1, 1, 1, 1, 1, 1, 1, 1, 1, 1]",15.28,12.57,19.38,9.37,2971851.8
NTLA,15.75,8,"[1, 1, 1, 1, 0, 1, 1, 0, 1, 1]",13.8,13.49,27.98,8.04,6638513.8
NVAX,9.0,9,"[0, 1, 1, 1, 1, 1, 1, 1, 1, 1]",9.06,8.48,11.19,6.22,5245780.2
SKYT,37.33,10,"[1, 1, 1, 1, 1, 1, 1, 1, 1, 1]",34.78,25.33,39.91,8.78,858947.8
ARLO,13.22,3,"[0, 0, 0, 1, 0, 0, 0, 0, 1, 1]",13.6,14.6,19.44,11.23,1123556.6
PRLB,81.68,10,"[1, 1, 1, 1, 1, 1, 1, 1, 1, 1]",70.5,58.2,81.68,38.74,223854.75
DCOM,39.16,10,"[1, 1, 1, 1, 1, 1, 1, 1, 1, 1]",37.05,32.18,40.08,24.98,267168.35
GLUE,18.67,7,"[0, 1, 1, 1, 1, 1, 1, 0, 1, 0]",18.69,15.91,25.31,4.19,1119922.6
AMLX,16.28,10,"[1, 1, 1, 1, 1, 1, 1, 1, 1, 1]",15.16,14.09,18.36,5.02,1327005.0
CLOV,5.14,9,"[1, 1, 1, 1, 0, 1, 1, 1, 1, 1]",3.36,2.72,5.14,1.7,9413141.25
REX,43.97,8,"[0, 1, 1, 1, 1, 1, 1, 1, 1, 0]",46.7,37.41,51.16,24.25,220960.2
STBA,47.31,10,"[1, 1, 1, 1, 1, 1, 1, 1, 1, 1]",44.64,40.71,47.85,33.76,252863.05
KOS,2.46,8,"[0, 1, 1, 1, 1, 1, 1, 1, 1, 0]",2.85,1.96,3.27,0.87,10886783.1
KSS,17.6,8,"[1, 1, 1, 0, 1, 1, 1, 0, 1, 1]",14.5,16.47,24.15,7.86,6415691.85
IOVA,4.06,10,"[1, 1, 1, 1, 1, 1, 1, 1, 1, 1]",3.78,2.98,5.41,1.69,13905464.1
PAHC,31.07,3,"[0, 0, 0, 0, 1, 1, 0, 0, 1, 0]",41.64,43.14,59.33,24.16,338849.0
OUST,47.68,9,"[1, 1, 1, 1, 0, 1, 1, 1, 1, 1]",33.64,26.94,47.68,16.63,4979575.75
STGW,6.66,10,"[1, 1, 1, 1, 1, 1, 1, 1, 1, 1]",6.61,5.73,7.39,4.29,1492869.65
BAND,50.82,8,"[1, 1, 1, 1, 1, 1, 1, 0, 1, 0]",46.72,23.14,73.19,12.82,1558707.3
NVRI,21.6,10,"[1, 1, 1, 1, 1, 1, 1, 1, 1, 1]",19.65,17.09,22.01,8.27,1822698.2
ABCL,5.74,9,"[1, 1, 1, 1, 0, 1, 1, 1, 1, 1]",4.82,4.27,6.46,2.78,6523472.75
HOPE,12.96,10,"[1, 1, 1, 1, 1, 1, 1, 1, 1, 1]",12.43,11.29,13.19,9.37,902341.95
AMRC,28.94,3,"[0, 0, 0, 0, 0, 1, 1, 0, 1, 0]",29.6,31.34,43.23,14.37,669454.2
TFIN,73.02,10,"[1, 1, 1, 1, 1, 1, 1, 1, 1, 1]",67.87,61.24,75.68,46.95,221212.85
HCSG,22.54,10,"[1, 1, 1, 1, 1, 1, 1, 1, 1, 1]",21.08,19.14,23.06,12.69,708061.4
DCH,6.16,5,"[0, 0, 0, 0, 1, 1, 1, 0, 1, 1]",6.17,6.41,9.0,4.08,3685037.05
XHR,20.1,10,"[1, 1, 1, 1, 1, 1, 1, 1, 1, 1]",17.17,14.91,20.1,11.87,944991.25
WLFC,208.97,10,"[1, 1, 1, 1, 1, 1, 1, 1, 1, 1]",194.22,163.87,238.45,114.62,114449.6
GBX,50.2,8,"[1, 1, 1, 0, 1, 1, 0, 1, 1, 1]",48.87,48.12,58.47,40.45,441988.8
LILAK,5.3,4,"[0, 0, 0, 1, 0, 0, 1, 1, 1, 0]",5.47,5.48,6.07,3.96,1775993.0
LILA,5.28,4,"[0, 0, 0, 0, 0, 1, 1, 1, 1, 0]",5.39,5.4,6.03,3.88,955934.9
ZD,45.32,10,"[1, 1, 1, 1, 1, 1, 1, 1, 1, 1]",44.96,38.48,48.23,26.51,615587.3
ECVT,12.89,8,"[0, 1, 1, 1, 1, 1, 1, 1, 1, 0]",13.74,10.93,14.97,7.6,1696898.95
VIR,9.57,10,"[1, 1, 1, 1, 1, 1, 1, 1, 1, 1]",9.47,7.48,11.09,4.28,2051775.15
AHCO,9.66,4,"[0, 0, 0, 1, 1, 1, 0, 0, 1, 0]",11.18,10.2,13.38,8.3,1293409.6
KW,10.92,10,"[1, 1, 1, 1, 1, 1, 1, 1, 1, 1]",10.84,9.64,10.94,6.27,2348882.3
ALGT,102.18,9,"[1, 1, 1, 0, 1, 1, 1, 1, 1, 1]",83.82,80.31,114.79,48.12,568385.6
TRS,44.36,9,"[1, 1, 1, 1, 0, 1, 1, 1, 1, 1]",39.63,36.77,44.36,27.48,548027.4
CRML,10.45,4,"[0, 0, 0, 1, 0, 1, 1, 0, 1, 0]",11.09,10.63,29.97,2.42,7127154.55
TH,20.14,10,"[1, 1, 1, 1, 1, 1, 1, 1, 1, 1]",16.63,10.25,20.16,6.22,1547118.3
UAMY,7.8,4,"[0, 0, 0, 1, 0, 1, 1, 0, 1, 0]",9.36,8.3,17.47,1.97,9210484.3
IMTX,9.78,6,"[0, 0, 0, 1, 1, 1, 1, 1, 1, 0]",10.69,9.82,11.87,5.09,528577.0
GSL,38.32,8,"[0, 1, 1, 1, 1, 1, 1, 1, 1, 0]",38.84,34.9,41.64,23.98,379258.2
YELP,22.47,2,"[0, 0, 0, 0, 0, 0, 0, 0, 1, 1]",25.0,27.6,35.26,19.78,1280874.0
CNOB,32.7,10,"[1, 1, 1, 1, 1, 1, 1, 1, 1, 1]",29.84,26.72,32.77,21.63,395926.4
RES,6.47,8,"[0, 1, 1, 1, 1, 1, 1, 1, 1, 0]",7.09,5.93,7.95,4.15,1517240.75
BY,35.48,10,"[1, 1, 1, 1, 1, 1, 1, 1, 1, 1]",33.32,30.42,35.48,25.14,274741.1
NVGS,21.9,8,"[0, 1, 1, 1, 1, 1, 1, 1, 1, 0]",22.04,18.7,24.22,13.96,338546.15
PGEN,5.38,10,"[1, 1, 1, 1, 1, 1, 1, 1, 1, 1]",4.19,4.03,5.38,1.42,5543798.05
BHVN,15.5,7,"[1, 1, 1, 0, 0, 0, 1, 1, 1, 1]",10.4,11.56,18.11,7.79,3688420.3
TNC,90.15,9,"[1, 1, 1, 1, 0, 1, 1, 1, 1, 1]",83.34,76.82,90.75,60.69,156480.1
HLF,12.13,4,"[0, 0, 0, 0, 1, 1, 1, 0, 1, 0]",13.85,13.14,19.96,7.75,1642743.45
SHLS,10.94,9,"[1, 1, 1, 1, 0, 1, 1, 1, 1, 1]",9.27,8.59,12.77,4.25,5632135.35
ATAI,4.05,4,"[0, 1, 0, 1, 0, 0, 1, 0, 1, 0]",4.19,4.29,6.45,2.02,5508827.7
BCAX,24.55,10,"[1, 1, 1, 1, 1, 1, 1, 1, 1, 1]",21.86,17.94,24.55,8.71,588307.0
GCT,33.32,4,"[0, 0, 0, 0, 1, 1, 1, 0, 1, 0]",39.61,37.0,51.8,17.69,725109.15
AIP,44.5,10,"[1, 1, 1, 1, 1, 1, 1, 1, 1, 1]",32.17,18.96,44.5,8.59,1060030.35
GHRS,22.09,10,"[1, 1, 1, 1, 1, 1, 1, 1, 1, 1]",20.96,16.0,24.87,11.68,288180.5
SBET,5.31,1,"[0, 0, 0, 0, 0, 0, 0, 0, 1, 0]",6.59,9.8,37.38,5.16,8355090.5
GILT,12.57,5,"[0, 0, 0, 1, 1, 1, 1, 0, 1, 0]",16.75,14.97,20.85,6.61,1037131.2
AVAH,7.92,6,"[1, 1, 0, 0, 0, 0, 1, 1, 1, 1]",6.94,7.97,10.27,3.74,1808042.5
CBL,49.6,10,"[1, 1, 1, 1, 1, 1, 1, 1, 1, 1]",45.7,36.53,49.7,23.75,274134.4
BKSY,28.54,7,"[0, 1, 1, 1, 1, 1, 1, 0, 1, 0]",37.86,26.02,51.63,13.14,2439228.5
FTRE,15.56,10,"[1, 1, 1, 1, 1, 1, 1, 1, 1, 1]",13.54,12.48,18.4,4.45,1402747.35
NSSC,37.5,5,"[0, 0, 0, 0, 0, 1, 1, 1, 1, 1]",39.69,41.12,46.87,27.2,493052.5
DMRA,23.89,5,"[0, 0, 1, 0, 1, 1, 1, 0, 1, 0]",24.14,20.5,34.14,2.58,459167.7
PRG,38.99,10,"[1, 1, 1, 1, 1, 1, 1, 1, 1, 1]",34.5,31.95,40.14,25.95,442050.9
OBK,49.54,10,"[1, 1, 1, 1, 1, 1, 1, 1, 1, 1]",46.94,40.36,50.14,31.99,115546.25
MUX,19.07,5,"[0, 0, 0, 1, 1, 1, 1, 0, 1, 0]",22.05,20.73,29.05,9.13,1073015.75
PRCT,21.06,1,"[0, 0, 0, 0, 0, 0, 0, 0, 1, 0]",25.54,29.93,60.06,20.91,1531030.05
NBR,86.71,8,"[0, 1, 1, 1, 1, 1, 1, 1, 1, 0]",95.48,67.9,110.63,27.43,300170.35
MAZE,25.57,4,"[0, 0, 0, 0, 1, 1, 1, 0, 1, 0]",25.73,33.86,51.83,10.33,547501.25
ENVX,7.05,6,"[1, 1, 0, 1, 0, 0, 1, 0, 1, 1]",6.84,7.79,15.93,4.84,7046671.8
TBLA,4.44,8,"[0, 1, 1, 1, 1, 1, 1, 1, 1, 0]",4.45,3.83,5.25,2.95,3037290.0
URGN,34.99,10,"[1, 1, 1, 1, 1, 1, 1, 1, 1, 1]",27.08,22.18,34.99,12.96,634251.3
NNE,25.64,4,"[1, 0, 0, 0, 0, 0, 1, 0, 1, 1]",25.4,31.11,56.63,19.0,3424726.9
HROW,42.41,8,"[1, 1, 1, 0, 1, 0, 1, 1, 1, 1]",36.77,41.21,54.8,29.03,787708.2
HLX,8.85,8,"[0, 1, 1, 1, 1, 1, 1, 1, 1, 0]",9.72,8.05,10.55,5.7,1451609.6
LINC,49.33,10,"[1, 1, 1, 1, 1, 1, 1, 1, 1, 1]",45.3,31.14,52.02,17.8,510551.5
RYZ,27.25,10,"[1, 1, 1, 1, 1, 1, 1, 1, 1, 1]",26.64,24.64,30.41,19.23,450166.05
HLIT,14.96,10,"[1, 1, 1, 1, 1, 1, 1, 1, 1, 1]",12.88,10.71,17.11,8.35,5232657.0
TROX,7.34,7,"[0, 1, 1, 1, 1, 1, 1, 0, 1, 0]",8.59,6.14,10.42,2.84,2679711.35
VIA,14.94,3,"[0, 0, 0, 0, 1, 0, 0, 0, 1, 1]",15.53,14.94,53.93,13.31,997924.5
LIND,25.55,10,"[1, 1, 1, 1, 1, 1, 1, 1, 1, 1]",20.7,16.43,25.75,11.08,781406.75
IPX,30.38,2,"[0, 0, 0, 0, 0, 0, 1, 0, 1, 0]",35.52,40.11,60.11,21.98,289856.35
WVE,6.17,2,"[0, 0, 0, 0, 1, 0, 0, 0, 1, 0]",6.67,9.78,21.31,5.66,3266030.25
PLTK,3.56,7,"[1, 1, 1, 0, 0, 0, 1, 1, 1, 1]",3.46,3.51,4.74,2.72,1742390.1
KALV,27.0,10,"[1, 1, 1, 1, 1, 1, 1, 1, 1, 1]",24.29,16.98,27.0,10.76,3070033.85
AVBP,32.7,10,"[1, 1, 1, 1, 1, 1, 1, 1, 1, 1]",29.51,23.46,33.09,16.95,617404.8
OLPX,2.06,10,"[1, 1, 1, 1, 1, 1, 1, 1, 1, 1]",2.04,1.55,2.06,1.01,5320387.4
RLJ,11.36,10,"[1, 1, 1, 1, 1, 1, 1, 1, 1, 1]",9.31,7.79,11.43,6.34,1864541.35
LOMA,11.91,9,"[1, 1, 1, 0, 1, 1, 1, 1, 1, 1]",11.35,10.75,13.12,7.13,455052.8
TV,2.73,5,"[0, 0, 0, 0, 1, 1, 1, 1, 1, 0]",2.88,2.88,3.44,2.08,1049703.4
SBH,13.01,4,"[0, 0, 0, 0, 0, 0, 1, 1, 1, 1]",13.37,14.68,17.0,8.79,1435764.45
CSIQ,16.02,4,"[0, 0, 0, 0, 1, 1, 1, 0, 1, 0]",16.52,18.42,33.58,9.51,2784296.55
RXT,6.84,10,"[1, 1, 1, 1, 1, 1, 1, 1, 1, 1]",3.93,1.92,7.53,0.41,23944323.75
GIII,34.15,10,"[1, 1, 1, 1, 1, 1, 1, 1, 1, 1]",31.67,29.28,35.67,21.6,692279.5
TTI,10.34,10,"[1, 1, 1, 1, 1, 1, 1, 1, 1, 1]",9.86,8.74,12.32,3.23,1690111.35
KDK,6.28,2,"[0, 0, 0, 0, 1, 0, 0, 0, 1, 0]",7.73,6.28,10.92,5.57,1344388.4
STAA,28.83,8,"[1, 1, 1, 1, 0, 1, 1, 1, 1, 0]",28.4,24.4,33.34,16.1,691165.25
TWO,12.22,9,"[1, 1, 1, 1, 1, 1, 1, 1, 1, 0]",12.02,10.51,13.68,8.64,1329793.8
ARRY,8.54,6,"[1, 0, 0, 0, 1, 1, 1, 0, 1, 1]",8.12,8.58,11.96,5.48,6395512.65
BAK,2.93,4,"[0, 0, 0, 1, 1, 1, 0, 0, 1, 0]",3.94,3.42,5.02,2.38,2692349.0
TDOC,7.58,8,"[1, 1, 1, 1, 0, 0, 1, 1, 1, 1]",6.64,6.79,9.46,4.47,4416460.0
WLDN,83.0,3,"[0, 0, 0, 0, 1, 0, 1, 0, 1, 0]",86.34,97.26,134.94,58.41,303833.6
CRVS,12.56,6,"[0, 0, 1, 1, 1, 1, 1, 0, 1, 0]",13.8,11.88,25.52,3.73,1401974.3
CRI,41.57,10,"[1, 1, 1, 1, 1, 1, 1, 1, 1, 1]",37.38,33.93,43.75,22.91,867257.95
PLSE,25.71,10,"[1, 1, 1, 1, 1, 1, 1, 1, 1, 1]",23.43,18.67,27.1,12.66,295179.8
OLMA,10.0,4,"[0, 0, 0, 0, 1, 1, 1, 0, 1, 0]",13.37,17.07,35.83,4.19,1622155.15
TEN,39.72,8,"[0, 1, 1, 1, 1, 1, 1, 1, 1, 0]",40.08,30.19,44.47,18.64,329873.55
LUCK,7.64,1,"[0, 0, 0, 0, 0, 0, 0, 0, 1, 0]",8.14,8.42,10.94,6.25,145177.15
WBI,29.98,6,"[1, 1, 0, 1, 0, 0, 1, 1, 1, 0]",29.27,29.98,33.19,18.69,1769539.0
ATLC,99.52,10,"[1, 1, 1, 1, 1, 1, 1, 1, 1, 1]",81.07,64.34,100.12,47.96,148942.3
JBIO,19.45,7,"[0, 1, 1, 1, 1, 1, 1, 0, 1, 0]",21.24,14.71,26.85,6.77,1482803.05
GPRE,15.06,8,"[0, 1, 1, 1, 1, 1, 1, 1, 1, 0]",15.99,12.77,18.25,5.57,1527078.4
RCAT,10.63,5,"[0, 0, 0, 0, 1, 1, 1, 0, 1, 1]",11.61,11.47,17.36,6.14,19042639.75
MRTN,16.92,10,"[1, 1, 1, 1, 1, 1, 1, 1, 1, 1]",15.95,12.69,18.22,9.28,850613.05
EVLV,5.54,2,"[0, 0, 0, 1, 0, 0, 0, 0, 1, 0]",6.38,6.61,8.76,4.9,2544354.2
NPKI,15.32,10,"[1, 1, 1, 1, 1, 1, 1, 1, 1, 1]",15.1,13.38,16.35,8.36,985910.65
ABTC,0.81,1,"[0, 0, 0, 0, 0, 0, 0, 0, 1, 0]",1.07,2.73,9.31,0.79,12514297.0
DQ,13.9,1,"[0, 0, 0, 0, 0, 0, 0, 0, 1, 0]",18.39,25.03,35.69,13.9,1064298.85
AMAL,44.25,10,"[1, 1, 1, 1, 1, 1, 1, 1, 1, 1]",41.84,35.02,44.65,24.92,123517.1
VTOL,42.41,7,"[0, 0, 1, 1, 1, 1, 1, 1, 1, 0]",44.69,41.46,49.86,31.81,241454.45
PGY,15.09,4,"[1, 0, 0, 0, 0, 0, 1, 0, 1, 1]",14.23,20.49,43.81,10.64,3994430.7
NAT,6.21,10,"[1, 1, 1, 1, 1, 1, 1, 1, 1, 1]",5.38,4.21,6.21,2.43,4204917.6
PNTG,33.63,9,"[1, 1, 1, 1, 1, 1, 1, 1, 1, 0]",32.56,29.36,36.9,22.07,257745.4
MRVI,5.25,10,"[1, 1, 1, 1, 1, 1, 1, 1, 1, 1]",4.27,3.53,5.25,2.03,3015930.3
NSP,34.11,6,"[1, 1, 0, 1, 0, 0, 1, 0, 1, 1]",32.15,34.93,57.65,19.54,847487.8
MLTX,22.16,7,"[1, 1, 1, 1, 0, 0, 1, 0, 1, 1]",17.95,18.63,61.99,6.24,899101.6
BLDP,4.32,8,"[1, 1, 1, 1, 1, 1, 1, 0, 1, 0]",4.3,3.1,6.38,1.4,9967861.55
UFCS,48.5,10,"[1, 1, 1, 1, 1, 1, 1, 1, 1, 1]",44.16,37.18,48.98,25.74,127024.45
REAL,12.35,8,"[1, 1, 1, 0, 1, 1, 1, 0, 1, 1]",10.61,11.91,16.9,4.79,3103008.9
JKS,17.97,2,"[0, 0, 0, 0, 1, 0, 0, 0, 1, 0]",22.25,24.86,30.58,17.46,817669.35
AORT,20.13,1,"[0, 0, 0, 0, 0, 0, 0, 0, 1, 0]",27.82,38.22,47.63,20.1,753310.45
KMTS,20.73,3,"[0, 0, 0, 0, 0, 1, 1, 0, 1, 0]",20.76,23.3,28.01,14.46,292800.65
ASTE,57.83,10,"[1, 1, 1, 1, 1, 1, 1, 1, 1, 1]",54.33,50.55,64.85,37.5,192853.85
COLL,33.45,2,"[0, 0, 0, 0, 1, 0, 0, 0, 1, 0]",34.1,39.27,49.84,29.57,390487.5
TK,12.32,9,"[1, 1, 1, 1, 1, 1, 1, 1, 1, 0]",12.06,9.95,13.09,6.66,580246.45
VSTS,13.11,10,"[1, 1, 1, 1, 1, 1, 1, 1, 1, 1]",11.19,7.53,13.31,4.06,1474171.45
DLX,22.25,5,"[0, 0, 0, 1, 1, 1, 1, 0, 1, 0]",25.91,23.17,31.5,14.33,445869.3
CCO,2.41,10,"[1, 1, 1, 1, 1, 1, 1, 1, 1, 1]",2.4,2.09,2.41,1.02,8022211.6
ULCC,7.14,10,"[1, 1, 1, 1, 1, 1, 1, 1, 1, 1]",5.03,4.67,7.22,3.1,4616059.65
ITRN,64.19,10,"[1, 1, 1, 1, 1, 1, 1, 1, 1, 1]",60.08,45.73,66.37,31.01,175761.7
ELE,15.96,3,"[0, 0, 0, 0, 1, 1, 0, 0, 1, 0]",17.54,17.69,24.21,12.57,336799.8
ADTN,15.58,9,"[0, 1, 1, 1, 1, 1, 1, 1, 1, 1]",16.07,11.21,19.4,7.25,2927283.65
ACDC,6.11,7,"[0, 1, 1, 1, 1, 1, 1, 0, 1, 0]",6.94,5.21,8.25,3.19,1487878.65
XPEL,45.79,8,"[1, 0, 1, 0, 1, 1, 1, 1, 1, 1]",45.35,43.88,54.95,31.49,237576.3
PRCH,12.26,7,"[1, 1, 1, 1, 0, 0, 1, 0, 1, 1]",9.69,10.64,19.04,6.4,1574318.15
CMP,28.87,9,"[1, 1, 1, 1, 1, 1, 1, 1, 1, 0]",28.62,22.74,33.51,16.54,608584.3
NEO,11.2,9,"[1, 1, 1, 0, 1, 1, 1, 1, 1, 1]",9.38,10.01,13.22,4.84,2591568.9
MPLT,29.79,7,"[1, 1, 0, 1, 0, 0, 1, 1, 1, 1]",28.92,29.79,32.13,12.81,377909.2
AVNS,24.9,10,"[1, 1, 1, 1, 1, 1, 1, 1, 1, 1]",24.37,15.43,25.05,9.89,1426450.4
GOOS,9.23,1,"[0, 0, 0, 0, 0, 0, 0, 0, 1, 0]",10.64,12.24,15.24,9.23,738553.35
PRSU,50.91,10,"[1, 1, 1, 1, 1, 1, 1, 1, 1, 1]",43.53,37.6,50.94,28.29,248132.0
VYX,7.02,2,"[0, 0, 0, 0, 0, 0, 0, 0, 1, 1]",7.05,9.34,14.63,6.15,2622272.65
GOLD,41.81,7,"[0, 0, 1, 1, 1, 1, 1, 0, 1, 1]",43.03,38.31,63.6,20.22,421660.8
HQH,20.22,10,"[1, 1, 1, 1, 1, 1, 1, 1, 1, 1]",19.29,17.91,20.22,13.37,145121.25
EYPT,13.73,6,"[1, 0, 0, 0, 1, 1, 1, 0, 1, 1]",13.27,14.11,18.85,8.28,1147197.7
EDN,26.63,7,"[1, 0, 1, 0, 1, 1, 1, 0, 1, 1]",25.93,26.59,35.71,15.01,159916.5
AOSL,49.36,10,"[1, 1, 1, 1, 1, 1, 1, 1, 1, 1]",41.57,28.02,53.32,17.47,1086653.4
ALNT,98.78,10,"[1, 1, 1, 1, 1, 1, 1, 1, 1, 1]",76.21,61.15,98.78,34.53,279855.25
GNK,23.57,8,"[0, 1, 1, 1, 1, 1, 1, 1, 1, 0]",24.01,20.08,26.7,12.27,334071.35
LQDT,37.52,10,"[1, 1, 1, 1, 1, 1, 1, 1, 1, 1]",35.46,30.5,37.94,22.16,173915.15
XERS,6.9,5,"[1, 1, 0, 0, 0, 0, 1, 0, 1, 1]",6.29,7.04,9.9,4.64,1649058.5
CDNA,25.05,10,"[1, 1, 1, 1, 1, 1, 1, 1, 1, 1]",21.53,18.4,26.18,11.57,851924.4
ZBIO,20.8,6,"[1, 0, 0, 0, 1, 1, 1, 0, 1, 1]",19.2,24.71,43.17,9.14,634315.3
EVEX,2.8,1,"[0, 0, 0, 0, 0, 0, 0, 0, 1, 0]",2.95,3.63,7.51,2.38,1053597.05
AMN,30.34,10,"[1, 1, 1, 1, 1, 1, 1, 1, 1, 1]",25.9,20.36,32.38,15.1,1051179.8
BUR,4.28,1,"[0, 0, 0, 0, 0, 0, 0, 0, 1, 0]",4.61,8.19,14.64,3.98,2313079.8
TDAY,7.76,10,"[1, 1, 1, 1, 1, 1, 1, 1, 1, 1]",7.53,5.87,8.17,3.3,1572973.05
ACVA,6.37,4,"[1, 0, 0, 0, 0, 0, 1, 0, 1, 1]",5.67,7.13,16.63,4.15,3137717.75
KODK,9.96,8,"[0, 1, 1, 1, 1, 1, 1, 0, 1, 1]",11.13,8.42,14.51,5.43,1037247.5
DBVT,15.7,4,"[0, 0, 0, 0, 1, 1, 1, 0, 1, 0]",18.97,17.64,24.54,8.51,303143.6
IVA,3.51,2,"[0, 0, 0, 0, 1, 0, 0, 0, 1, 0]",4.88,5.26,7.15,2.98,896919.7
ASST,14.81,3,"[0, 0, 0, 1, 0, 0, 1, 0, 1, 0]",15.73,24.68,178.2,7.16,5490181.15
UVE,38.32,9,"[1, 1, 1, 1, 1, 1, 1, 1, 1, 0]",37.71,32.61,41.1,22.38,158494.15
OSBC,22.08,10,"[1, 1, 1, 1, 1, 1, 1, 1, 1, 1]",21.22,19.64,22.5,16.38,336545.85
MNKD,3.89,4,"[1, 0, 0, 0, 0, 0, 1, 0, 1, 1]",3.23,4.53,6.21,2.28,5773936.9
GHM,107.91,10,"[1, 1, 1, 1, 1, 1, 1, 1, 1, 1]",98.54,75.25,115.89,46.97,313737.35
BFLY,7.27,10,"[1, 1, 1, 1, 1, 1, 1, 1, 1, 1]",4.93,3.57,8.9,1.33,8968672.6
NWPX,140.92,10,"[1, 1, 1, 1, 1, 1, 1, 1, 1, 1]",108.54,74.98,140.92,39.91,167053.3
LGIH,55.15,7,"[1, 1, 1, 0, 0, 0, 1, 1, 1, 1]",47.18,48.36,67.47,34.24,394121.5
SATL,5.68,7,"[0, 1, 1, 1, 1, 1, 1, 0, 1, 0]",7.64,4.27,10.74,1.27,10835836.95
IART,17.6,9,"[1, 1, 1, 1, 0, 1, 1, 1, 1, 1]",14.02,12.79,17.9,8.9,957973.75
UVSP,42.12,10,"[1, 1, 1, 1, 1, 1, 1, 1, 1, 1]",38.93,33.78,42.58,27.36,184948.05
PBT,25.26,8,"[0, 1, 1, 1, 1, 1, 1, 1, 1, 0]",25.78,20.4,30.99,11.83,144748.75
RJET,17.3,3,"[0, 0, 0, 1, 0, 1, 0, 0, 1, 0]",19.71,19.75,25.35,13.65,196697.9
SEPN,34.85,10,"[1, 1, 1, 1, 1, 1, 1, 1, 1, 1]",27.95,24.88,36.17,10.51,326343.1
SVRA,5.69,9,"[1, 1, 1, 0, 1, 1, 1, 1, 1, 1]",5.25,5.09,6.94,2.05,1746062.4
SVC,1.66,3,"[1, 0, 0, 0, 0, 0, 1, 0, 1, 0]",1.59,1.96,2.99,1.17,7493035.05
TNDM,14.34,4,"[0, 0, 0, 0, 1, 1, 1, 0, 1, 0]",17.53,18.54,28.26,10.11,2664239.95
PDM,9.01,9,"[1, 1, 1, 1, 0, 1, 1, 1, 1, 1]",8.32,8.16,9.23,6.39,1219498.0
ATEX,77.02,10,"[1, 1, 1, 1, 1, 1, 1, 1, 1, 1]",57.35,33.91,83.01,17.99,534959.65
PLOW,49.88,10,"[1, 1, 1, 1, 1, 1, 1, 1, 1, 1]",45.4,37.73,50.42,27.05,162870.4
RERE,3.65,4,"[0, 0, 0, 0, 1, 1, 1, 0, 1, 0]",4.5,4.75,6.2,2.81,1286020.4
APEI,53.97,9,"[0, 1, 1, 1, 1, 1, 1, 1, 1, 1]",54.83,44.26,60.86,28.03,203688.8
CEVA,48.41,9,"[1, 1, 1, 1, 0, 1, 1, 1, 1, 1]",36.14,26.25,50.06,17.21,1012557.9
INNV,9.21,10,"[1, 1, 1, 1, 1, 1, 1, 1, 1, 1]",7.91,6.62,10.6,3.13,363395.1
HTLD,14.69,10,"[1, 1, 1, 1, 1, 1, 1, 1, 1, 1]",13.69,10.42,16.22,7.05,662522.7
CFFN,8.19,10,"[1, 1, 1, 1, 1, 1, 1, 1, 1, 1]",7.76,6.9,8.25,5.49,754884.8
OMER,10.33,6,"[0, 0, 1, 1, 1, 1, 1, 0, 1, 0]",12.19,10.14,17.18,2.97,2150921.25
LXU,11.11,6,"[0, 0, 1, 1, 1, 1, 1, 0, 1, 0]",13.54,10.9,16.88,7.16,872367.7
GDRX,2.57,6,"[1, 1, 0, 1, 0, 0, 1, 0, 1, 1]",2.57,2.86,5.12,1.87,1627695.15
ODV,2.55,3,"[0, 0, 0, 0, 1, 1, 0, 0, 1, 0]",2.99,3.37,4.78,2.06,3017540.55
KOPN,4.57,7,"[0, 1, 1, 1, 1, 1, 1, 0, 1, 0]",4.6,3.12,6.39,1.52,7913289.7
DAKT,20.89,9,"[1, 1, 1, 0, 1, 1, 1, 1, 1, 1]",19.83,20.63,27.73,14.45,332927.6
INR,12.78,2,"[0, 0, 0, 0, 1, 0, 0, 0, 1, 0]",14.86,14.7,19.23,11.2,489255.2
EPC,22.72,8,"[1, 1, 1, 1, 0, 0, 1, 1, 1, 1]",20.55,19.6,26.32,15.68,893962.2
INDI,4.05,6,"[0, 1, 1, 1, 0, 1, 1, 0, 1, 0]",4.14,3.98,6.0,2.44,6497717.35
PHAT,10.69,3,"[0, 0, 0, 0, 1, 0, 1, 0, 1, 0]",11.47,12.76,18.08,7.83,1074507.9
CRON,2.65,8,"[0, 1, 1, 1, 1, 1, 1, 1, 1, 0]",2.69,2.62,3.27,1.87,1144293.95
JMIA,6.6,2,"[0, 0, 0, 0, 0, 0, 1, 0, 1, 0]",7.21,9.79,14.6,3.23,1969921.6
XNCR,14.01,9,"[1, 1, 1, 0, 1, 1, 1, 1, 1, 1]",12.19,12.9,18.14,7.0,768398.45
CMPS,12.63,10,"[1, 1, 1, 1, 1, 1, 1, 1, 1, 1]",10.25,7.23,14.19,2.35,3561370.55
METC,13.41,2,"[0, 0, 0, 0, 0, 0, 1, 0, 1, 0]",14.77,20.67,54.55,9.98,1495278.55
AMBQ,88.56,10,"[1, 1, 1, 1, 1, 1, 1, 1, 1, 1]",60.14,37.32,90.48,22.76,701988.65
NUTX,150.17,9,"[1, 1, 1, 0, 1, 1, 1, 1, 1, 1]",125.87,123.32,190.49,80.92,129498.0
CODI,10.33,8,"[0, 1, 1, 1, 1, 1, 1, 1, 1, 0]",11.19,7.71,12.48,4.65,1010527.95
SANA,3.36,3,"[1, 0, 0, 0, 0, 0, 0, 0, 1, 1]",3.21,3.84,5.92,2.6,4131721.1
SCSC,49.33,9,"[1, 1, 1, 1, 0, 1, 1, 1, 1, 1]",43.8,41.15,50.01,34.27,232658.7
NX,16.85,6,"[0, 0, 1, 1, 1, 0, 1, 1, 1, 0]",18.46,16.74,22.34,11.09,436065.35
AVO,11.39,2,"[0, 0, 0, 0, 1, 0, 0, 0, 1, 0]",12.47,12.64,15.34,10.11,1944343.35
ANNX,5.04,6,"[0, 0, 1, 1, 1, 1, 1, 0, 1, 0]",5.51,4.74,6.96,2.05,3016786.35
SNCY,16.17,7,"[0, 1, 1, 1, 1, 1, 1, 0, 1, 0]",16.59,14.86,21.84,10.3,593412.35
AMTB,23.81,10,"[1, 1, 1, 1, 1, 1, 1, 1, 1, 1]",23.03,20.8,24.12,16.48,243798.45
ABSI,8.4,10,"[1, 1, 1, 1, 1, 1, 1, 1, 1, 1]",5.39,3.74,8.4,2.3,5401394.7
AMC,2.76,8,"[1, 1, 1, 1, 0, 0, 1, 1, 1, 1]",1.74,1.9,3.54,0.95,43773333.35
ORIC,8.93,2,"[0, 0, 0, 0, 0, 0, 0, 0, 1, 1]",9.01,10.69,14.41,7.47,1896575.4
RHLD,122.82,5,"[0, 0, 0, 0, 1, 1, 1, 0, 1, 1]",126.6,145.83,226.37,29.6,186231.45
TBN,35.27,8,"[0, 1, 1, 1, 1, 1, 1, 0, 1, 1]",35.54,29.54,49.99,18.16,256726.5
JBSS,78.88,10,"[1, 1, 1, 1, 1, 1, 1, 1, 1, 1]",77.56,71.88,82.27,57.6,133362.6
MGTX,11.48,10,"[1, 1, 1, 1, 1, 1, 1, 1, 1, 1]",9.74,8.43,11.48,6.31,821445.7
HEPS,2.9,8,"[1, 1, 1, 1, 0, 0, 1, 1, 1, 1]",2.76,2.67,3.29,2.18,334960.55
AGL,113.11,10,"[1, 1, 1, 1, 1, 1, 1, 1, 1, 1]",66.08,30.79,116.16,7.91,271293.55
HAFC,31.38,10,"[1, 1, 1, 1, 1, 1, 1, 1, 1, 1]",29.78,27.02,31.75,21.52,221768.85
SLS,8.53,10,"[1, 1, 1, 1, 1, 1, 1, 1, 1, 1]",6.59,3.93,9.31,1.39,8634064.75
BJRI,54.72,10,"[1, 1, 1, 1, 1, 1, 1, 1, 1, 1]",42.92,38.37,54.72,28.69,467524.9
CGEM,17.3,10,"[1, 1, 1, 1, 1, 1, 1, 1, 1, 1]",14.47,11.47,17.3,5.75,1356844.05
VPG,140.92,10,"[1, 1, 1, 1, 1, 1, 1, 1, 1, 1]",93.09,52.77,146.03,25.8,633626.0
SHEN,13.85,8,"[0, 1, 1, 1, 1, 1, 1, 1, 1, 0]",15.94,13.47,17.1,9.9,347194.0
ROOT,51.07,1,"[0, 0, 0, 0, 0, 0, 0, 0, 1, 0]",54.23,67.37,134.04,43.21,263906.8
GERN,1.34,3,"[0, 0, 0, 0, 1, 0, 0, 0, 1, 1]",1.38,1.39,1.95,1.07,12692014.45
VLRS,9.08,9,"[1, 1, 1, 0, 1, 1, 1, 1, 1, 1]",7.57,7.72,10.63,4.29,572113.85
LXRX,2.15,9,"[1, 1, 1, 1, 1, 1, 1, 1, 1, 0]",1.93,1.53,2.44,0.73,2192709.3
DSGN,13.7,10,"[1, 1, 1, 1, 1, 1, 1, 1, 1, 1]",12.36,9.64,15.79,3.37,844949.0
HNRG,18.93,7,"[1, 1, 1, 0, 0, 1, 0, 1, 1, 1]",17.33,18.72,23.81,14.65,780125.2
NB,5.2,3,"[0, 0, 0, 0, 0, 1, 1, 0, 1, 0]",5.65,6.04,11.67,2.19,3439708.8
MATW,26.12,7,"[0, 1, 1, 1, 1, 1, 0, 1, 1, 0]",26.92,25.35,28.35,20.55,316318.9
TBPH,16.56,7,"[1, 0, 0, 0, 1, 1, 1, 1, 1, 1]",16.51,16.66,20.74,10.57,437185.1
BVS,8.79,8,"[0, 1, 1, 1, 1, 1, 1, 1, 1, 0]",9.6,8.19,10.94,6.14,705437.15
OMDA,17.98,7,"[1, 1, 1, 1, 0, 0, 1, 0, 1, 1]",15.89,17.23,26.78,10.94,996399.55
SCHL,42.53,10,"[1, 1, 1, 1, 1, 1, 1, 1, 1, 1]",40.81,33.37,44.01,20.46,317722.1
TALK,5.21,10,"[1, 1, 1, 1, 1, 1, 1, 1, 1, 1]",5.19,4.07,5.23,2.27,1962012.8
ABX,9.56,10,"[1, 1, 1, 1, 1, 1, 1, 1, 1, 1]",9.16,7.83,10.31,4.5,492945.35
SPRY,9.98,6,"[1, 1, 1, 0, 0, 0, 1, 0, 1, 1]",8.6,9.38,18.35,6.73,1531738.65
CTMX,3.04,4,"[0, 0, 0, 0, 1, 1, 1, 0, 1, 0]",3.8,4.06,6.75,1.76,4161303.95
MYE,27.97,10,"[1, 1, 1, 1, 1, 1, 1, 1, 1, 1]",22.79,19.8,27.97,13.88,331868.75
ABUS,4.52,8,"[1, 1, 1, 0, 0, 1, 1, 1, 1, 1]",4.37,4.42,4.95,3.09,1882937.95
AEVA,25.27,9,"[1, 1, 1, 1, 1, 1, 1, 0, 1, 1]",20.07,15.99,37.79,9.19,2651249.9
KOP,44.42,10,"[1, 1, 1, 1, 1, 1, 1, 1, 1, 1]",40.91,33.08,44.5,26.16,176552.8
NBBK,20.3,6,"[0, 0, 1, 0, 1, 1, 0, 1, 1, 1]",20.34,19.9,22.56,16.64,203109.0
IBTA,30.68,7,"[0, 1, 1, 1, 0, 1, 1, 1, 1, 0]",33.66,27.68,40.11,19.25,190177.4
CRSR,9.24,9,"[1, 1, 1, 1, 0, 1, 1, 1, 1, 1]",7.85,6.87,12.14,4.58,4861776.9
KRO,6.8,9,"[0, 1, 1, 1, 1, 1, 1, 1, 1, 1]",6.92,5.7,7.82,4.21,259441.75
ODD,12.31,1,"[0, 0, 0, 0, 0, 0, 0, 0, 1, 0]",13.23,31.74,76.01,9.81,2027066.9
DRUG,63.49,5,"[0, 0, 0, 1, 1, 1, 1, 0, 1, 0]",80.09,72.92,95.99,23.27,445439.1
KURA,10.36,8,"[1, 1, 1, 0, 1, 1, 1, 1, 1, 0]",9.38,9.38,12.14,5.54,1909708.65
SCZM,7.06,4,"[0, 0, 0, 0, 1, 1, 1, 0, 1, 0]",8.15,8.5,16.16,2.73,573313.35
CVLG,43.33,10,"[1, 1, 1, 1, 1, 1, 1, 1, 1, 1]",36.52,26.95,46.32,17.94,204690.5
TSAT,44.57,8,"[0, 1, 1, 1, 1, 1, 1, 1, 1, 0]",49.62,35.06,58.51,19.93,347804.05
SG,8.32,6,"[1, 1, 1, 1, 0, 0, 1, 0, 1, 0]",7.74,6.96,16.26,4.7,6260224.55
VOR,14.94,5,"[1, 1, 0, 1, 0, 0, 1, 0, 1, 0]",14.82,17.79,53.4,5.8,904540.8
CTLP,11.2,7,"[1, 1, 1, 1, 0, 0, 0, 1, 1, 1]",10.74,10.69,11.2,9.97,1447159.6
EVMN,22.55,4,"[0, 1, 0, 1, 0, 0, 1, 0, 1, 0]",23.27,22.55,31.57,15.01,448737.65
WYFI,44.77,8,"[1, 1, 1, 1, 0, 0, 1, 1, 1, 1]",23.82,21.63,44.77,10.78,1794847.45
SABR,1.82,7,"[1, 1, 1, 1, 0, 0, 1, 0, 1, 1]",1.76,1.61,3.42,0.82,6327222.55
CGNT,8.13,4,"[0, 0, 0, 1, 1, 1, 0, 0, 1, 0]",9.74,8.79,12.24,6.34,935695.45
ETON,32.72,9,"[1, 1, 1, 1, 1, 1, 1, 1, 1, 0]",29.07,20.79,35.0,13.5,364875.85
ESPR,3.16,9,"[1, 1, 1, 0, 1, 1, 1, 1, 1, 1]",2.8,3.02,4.08,0.98,10597869.9
WEST,9.05,10,"[1, 1, 1, 1, 1, 1, 1, 1, 1, 1]",7.25,5.2,9.5,3.71,697563.0
EGBN,27.82,10,"[1, 1, 1, 1, 1, 1, 1, 1, 1, 1]",26.66,23.15,28.54,15.78,254553.05
GO,9.36,5,"[1, 1, 0, 0, 0, 0, 1, 0, 1, 1]",8.19,10.53,18.66,5.79,2816833.25
BIOA,21.47,10,"[1, 1, 1, 1, 1, 1, 1, 1, 1, 1]",17.46,14.09,22.92,4.12,457607.6
ASC,17.56,9,"[1, 1, 1, 1, 1, 1, 1, 1, 1, 0]",17.01,13.63,19.22,9.27,585452.9
ADAM,8.94,10,"[1, 1, 1, 1, 1, 1, 1, 1, 1, 1]",8.64,7.51,9.36,5.75,742830.05
DXYZ,26.87,4,"[0, 0, 0, 1, 1, 1, 0, 0, 1, 0]",40.17,30.69,71.24,20.82,6704135.25
SUPV,10.32,9,"[1, 1, 1, 0, 1, 1, 1, 1, 1, 1]",9.18,9.4,12.86,4.69,966156.25
NRGV,4.42,7,"[0, 1, 1, 1, 1, 1, 1, 0, 1, 0]",4.64,3.98,6.49,0.65,5503977.6
IMSR,7.87,4,"[1, 0, 0, 0, 0, 0, 1, 0, 1, 1]",7.58,10.06,27.1,5.53,3410017.5
ANRO,22.93,10,"[1, 1, 1, 1, 1, 1, 1, 1, 1, 1]",22.89,16.44,27.72,2.2,338275.0
KFRC,43.94,10,"[1, 1, 1, 1, 1, 1, 1, 1, 1, 1]",41.09,32.15,50.0,23.68,182204.7
CWH,7.35,2,"[1, 0, 0, 0, 0, 0, 0, 0, 1, 0]",7.28,10.68,18.74,5.8,2381288.2
ARKO,7.46,9,"[1, 1, 1, 1, 1, 1, 1, 1, 1, 0]",7.08,5.5,8.64,3.76,942182.8
IHRT,3.86,6,"[0, 0, 1, 1, 1, 1, 1, 0, 1, 0]",4.6,3.71,6.33,1.6,1381481.8
PSTL,23.01,9,"[1, 1, 1, 1, 1, 1, 1, 1, 1, 0]",22.32,17.94,24.22,13.16,338914.7
MTUS,19.71,10,"[1, 1, 1, 1, 1, 1, 1, 1, 1, 1]",18.97,17.91,21.51,14.48,351104.45
RLMD,6.89,8,"[0, 1, 1, 1, 1, 1, 1, 1, 1, 0]",7.01,4.64,7.86,0.54,1380381.8
CRESY,11.57,8,"[1, 0, 1, 0, 1, 1, 1, 1, 1, 1]",11.4,11.12,14.11,7.88,290319.75
CBLL,18.18,6,"[0, 0, 1, 0, 1, 1, 1, 1, 1, 0]",19.01,17.52,23.43,10.92,278938.4
LYTS,26.04,9,"[1, 1, 1, 1, 0, 1, 1, 1, 1, 1]",23.23,21.3,26.6,16.34,553886.35
NXDR,2.17,9,"[1, 1, 1, 1, 0, 1, 1, 1, 1, 1]",1.88,1.87,2.77,1.36,2645987.05
DSP,10.73,6,"[0, 0, 1, 1, 1, 1, 1, 0, 1, 0]",11.26,10.6,14.79,8.14,330426.45
PGC,44.68,10,"[1, 1, 1, 1, 1, 1, 1, 1, 1, 1]",42.34,33.01,46.25,24.59,127719.35
HZO,34.83,10,"[1, 1, 1, 1, 1, 1, 1, 1, 1, 1]",32.13,27.68,35.16,21.43,315096.55
ALLO,2.1,8,"[0, 1, 1, 1, 1, 1, 1, 0, 1, 1]",2.15,1.76,3.06,1.03,8184307.1
HSHP,14.33,8,"[0, 1, 1, 1, 1, 1, 1, 1, 1, 0]",14.5,10.96,16.09,5.6,292291.9
DRTS,10.03,9,"[1, 1, 1, 1, 1, 1, 1, 1, 1, 0]",9.1,6.36,11.18,2.9,976639.9
FOXF,17.94,6,"[1, 1, 0, 1, 0, 0, 1, 0, 1, 1]",17.42,19.01,30.41,13.19,543009.55
WRLD,181.73,9,"[1, 1, 1, 1, 0, 1, 1, 1, 1, 1]",157.05,149.09,184.43,115.57,132513.2
PRAA,15.86,5,"[0, 0, 0, 1, 1, 0, 1, 0, 1, 1]",17.62,16.15,22.23,10.42,943599.5
NTGR,23.49,2,"[0, 0, 0, 1, 0, 0, 0, 0, 1, 0]",25.25,25.57,36.01,19.87,414454.45
HPK,7.51,7,"[1, 1, 1, 1, 0, 0, 1, 0, 1, 1]",6.93,6.13,10.32,3.89,792259.0
KRNT,16.91,10,"[1, 1, 1, 1, 1, 1, 1, 1, 1, 1]",15.84,14.64,21.89,12.31,214475.3
FCEL,24.39,9,"[1, 1, 1, 1, 1, 1, 1, 1, 1, 0]",16.3,9.9,26.38,3.92,10770877.1
EVER,20.51,5,"[1, 1, 0, 0, 0, 0, 1, 0, 1, 1]",18.18,20.81,27.87,14.27,672264.7
GFR,5.49,7,"[0, 0, 1, 1, 1, 1, 1, 1, 1, 0]",5.96,5.42,6.92,4.18,173898.85
LPTH,14.81,10,"[1, 1, 1, 1, 1, 1, 1, 1, 1, 1]",14.27,10.61,18.15,2.93,4324671.65
RMT,14.28,10,"[1, 1, 1, 1, 1, 1, 1, 1, 1, 1]",13.34,11.22,14.28,8.24,141583.5
SB,7.01,10,"[1, 1, 1, 1, 1, 1, 1, 1, 1, 1]",6.71,5.58,7.33,3.54,766872.05
HIVE,4.9,8,"[1, 1, 1, 1, 0, 1, 1, 0, 1, 1]",3.29,3.32,6.96,1.67,34215166.1
SLDB,8.3,10,"[1, 1, 1, 1, 1, 1, 1, 1, 1, 1]",7.36,6.29,8.63,3.93,2034284.05
GDOT,12.92,8,"[1, 1, 1, 1, 0, 0, 1, 1, 1, 1]",12.56,12.41,15.25,9.64,475355.7
MAKO,8.12,9,"[1, 1, 1, 1, 1, 1, 1, 1, 1, 0]",7.92,6.58,8.7,3.66,185146.0
MVST,1.26,1,"[0, 0, 0, 0, 0, 0, 0, 0, 1, 0]",1.59,2.84,6.4,1.13,4313450.3
EHAB,13.8,10,"[1, 1, 1, 1, 1, 1, 1, 1, 1, 1]",13.76,10.26,14.09,6.52,1047590.0
MITK,17.31,10,"[1, 1, 1, 1, 1, 1, 1, 1, 1, 1]",15.35,12.0,17.87,8.65,1069362.2
RDVT,54.36,8,"[1, 1, 1, 0, 0, 1, 1, 1, 1, 1]",47.19,48.49,59.42,34.4,178878.85
KRUS,49.38,1,"[0, 0, 0, 0, 0, 0, 0, 0, 1, 0]",53.2,60.2,95.83,42.67,456010.6
MRLN,6.3,1,"[0, 0, 0, 0, 0, 0, 0, 0, 1, 0]",8.91,10.06,16.09,5.98,4425924.0
BLMN,8.33,9,"[1, 1, 1, 1, 0, 1, 1, 1, 1, 1]",7.28,6.84,10.32,5.26,2131946.65
IRWD,3.82,6,"[0, 0, 1, 1, 1, 1, 1, 0, 1, 0]",3.86,3.28,5.39,0.67,2202809.9
HUYA,2.25,2,"[0, 0, 0, 0, 1, 0, 0, 0, 1, 0]",2.69,3.02,4.6,1.93,1456953.8
SLDP,2.8,2,"[0, 0, 0, 0, 0, 0, 1, 0, 1, 0]",3.16,4.24,8.51,1.86,5772298.2
ACRS,4.84,10,"[1, 1, 1, 1, 1, 1, 1, 1, 1, 1]",4.45,3.26,5.09,1.39,1345118.35
HRTG,23.79,5,"[0, 0, 0, 0, 1, 1, 0, 1, 1, 1]",24.69,26.02,31.14,19.02,443980.7
CYRX,14.77,10,"[1, 1, 1, 1, 1, 1, 1, 1, 1, 1]",12.93,10.19,16.5,6.56,936544.25
CTO,20.51,10,"[1, 1, 1, 1, 1, 1, 1, 1, 1, 1]",19.95,17.7,20.93,14.38,381654.2
ASPI,7.28,7,"[1, 1, 1, 1, 0, 0, 1, 0, 1, 1]",6.01,6.88,14.05,4.07,6335375.3
OXM,37.88,5,"[0, 0, 0, 1, 1, 1, 0, 1, 1, 0]",42.41,38.5,49.06,30.74,617003.1
GRPN,16.9,6,"[1, 1, 1, 1, 0, 0, 1, 0, 1, 0]",16.5,16.74,37.37,9.64,1675347.4
ALRS,29.76,10,"[1, 1, 1, 1, 1, 1, 1, 1, 1, 1]",27.46,23.89,30.3,19.88,192534.1
LAES,3.1,4,"[1, 0, 0, 0, 0, 1, 1, 0, 1, 0]",3.04,3.97,7.65,2.09,20591845.85
