ticker,price,score,points,sma50,sma200,wk52_high,wk52_low,volume
NVDA,203.28,7,"[0, 1, 1, 1, 1, 1, 0, 1, 1, 0]",209.73,192.28,235.47,164.98,137332081.55
GOOGL,351.99,8,"[0, 1, 1, 1, 1, 1, 1, 1, 1, 0]",369.57,321.88,402.38,188.59,34362576.8
GOOG,351.37,8,"[0, 1, 1, 1, 1, 1, 1, 1, 1, 0]",367.0,321.17,398.8,189.41,22676002.85
AAPL,326.59,10,"[1, 1, 1, 1, 1, 1, 1, 1, 1, 1]",303.42,274.24,333.74,201.58,65668429.25
AMZN,249.99,8,"[0, 1, 1, 1, 1, 1, 0, 1, 1, 1]",251.63,234.21,274.99,198.79,59031339.1
AVGO,378.16,8,"[0, 1, 1, 1, 1, 1, 1, 1, 1, 0]",401.6,362.73,480.81,276.56,24623630.65
TSM,402.3,8,"[0, 1, 1, 1, 1, 1, 1, 1, 1, 0]",424.86,350.97,477.57,224.84,15300754.8
TSLA,369.57,2,"[0, 0, 0, 0, 0, 0, 0, 1, 1, 0]",409.22,416.67,489.88,302.63,40648122.15
WMT,112.2,4,"[0, 0, 0, 0, 1, 1, 0, 1, 1, 0]",119.28,117.25,134.2,94.88,22431811.35
LLY,1146.9,10,"[1, 1, 1, 1, 1, 1, 1, 1, 1, 1]",1112.42,1006.9,1235.56,621.26,2987418.9
MU,865.46,7,"[0, 1, 1, 1, 1, 1, 1, 0, 1, 0]",937.55,486.4,1213.37,104.71,51994390.9
AMD,503.57,9,"[1, 1, 1, 1, 1, 1, 1, 1, 1, 0]",500.73,298.4,580.91,151.14,28283957.75
INTC,97.06,7,"[0, 1, 1, 1, 1, 1, 1, 0, 1, 0]",116.95,64.49,140.94,19.31,109375741.5
XOM,148.36,10,"[1, 1, 1, 1, 1, 1, 1, 1, 1, 1]",145.87,136.01,170.31,102.56,15455993.9
ASML,1739.02,9,"[1, 1, 1, 1, 1, 1, 1, 1, 1, 0]",1722.37,1358.17,1989.44,686.0,2178041.8
ORCL,121.38,2,"[0, 0, 0, 1, 0, 0, 0, 0, 1, 0]",176.66,189.42,324.63,121.38,40038273.5
JNJ,248.82,10,"[1, 1, 1, 1, 1, 1, 1, 1, 1, 1]",238.83,221.45,267.24,160.35,8804467.5
CAT,864.3,8,"[0, 1, 1, 1, 1, 1, 1, 1, 1, 0]",927.75,720.54,1064.9,404.9,3747872.5
CSCO,110.7,8,"[0, 1, 1, 1, 1, 1, 1, 1, 1, 0]",115.99,86.8,129.52,64.86,24615232.4
LRCX,306.76,7,"[0, 1, 1, 1, 1, 1, 1, 0, 1, 0]",336.32,233.8,433.33,94.32,13312208.7
CVX,189.71,10,"[1, 1, 1, 1, 1, 1, 1, 1, 1, 1]",181.68,171.37,209.23,143.66,9039912.85
AMAT,525.7,7,"[0, 1, 1, 1, 1, 1, 1, 0, 1, 0]",527.45,359.44,723.0,155.56,11837440.15
UNH,421.55,10,"[1, 1, 1, 1, 1, 1, 1, 1, 1, 1]",402.81,338.26,431.68,231.57,6289294.2
BABA,120.34,3,"[1, 0, 0, 0, 0, 0, 0, 0, 1, 1]",117.45,142.7,187.62,94.81,14846630.2
GE,341.3,9,"[1, 1, 1, 1, 1, 1, 1, 1, 1, 0]",334.08,311.94,378.68,257.69,4838935.9
HSBC,99.01,10,"[1, 1, 1, 1, 1, 1, 1, 1, 1, 1]",93.89,81.81,100.61,58.43,1283453.8
MS,210.94,9,"[1, 1, 1, 1, 1, 1, 1, 1, 1, 0]",210.69,180.69,228.55,136.74,6119824.15
AZN,164.52,4,"[0, 0, 0, 0, 1, 1, 0, 1, 1, 0]",181.59,183.88,208.62,135.08,2691166.35
GEV,1079.18,9,"[1, 1, 1, 1, 1, 1, 1, 1, 1, 0]",1035.24,818.78,1174.86,546.95,2851554.35
GS,1055.03,9,"[1, 1, 1, 1, 1, 1, 1, 1, 1, 0]",1029.54,898.29,1152.07,686.59,2103310.95
MRK,124.4,10,"[1, 1, 1, 1, 1, 1, 1, 1, 1, 1]",119.31,108.4,129.56,75.59,10290659.9
NVS,149.56,9,"[0, 1, 1, 1, 1, 1, 1, 1, 1, 1]",151.05,142.85,163.64,110.15,2248660.0
TXN,284.07,8,"[0, 1, 1, 1, 1, 1, 1, 1, 1, 0]",301.22,220.56,332.28,151.57,9043745.75
RY,210.37,10,"[1, 1, 1, 1, 1, 1, 1, 1, 1, 1]",197.67,170.61,217.87,127.59,1698998.7
KLAC,207.6,7,"[0, 1, 1, 1, 1, 1, 1, 0, 1, 0]",218.1,158.2,301.71,84.03,14346514.2
RTX,194.44,9,"[1, 1, 1, 0, 1, 1, 1, 1, 1, 1]",184.15,184.79,211.28,146.83,4377350.35
SNDK,1390.95,7,"[0, 1, 1, 1, 1, 1, 1, 0, 1, 0]",1723.92,788.13,2335.0,40.69,13425398.15
QCOM,170.32,6,"[0, 1, 1, 1, 0, 1, 1, 0, 1, 0]",206.37,167.82,250.1,123.61,18224791.9
ARM,269.61,7,"[0, 1, 1, 1, 1, 1, 1, 0, 1, 0]",316.86,185.38,439.46,104.55,7096107.1
C,128.72,8,"[0, 1, 1, 1, 1, 1, 1, 1, 1, 0]",133.85,116.54,145.67,89.79,14225675.5
BHP,80.49,8,"[0, 1, 1, 1, 1, 1, 1, 1, 1, 0]",85.11,70.13,93.15,49.67,2571462.25
ADI,372.46,8,"[0, 1, 1, 1, 1, 1, 1, 1, 1, 0]",405.81,323.82,445.48,217.76,4834954.85
NVO,49.61,7,"[1, 1, 1, 1, 0, 0, 1, 0, 1, 1]",46.16,46.29,68.39,34.76,10979875.05
MUFG,21.41,10,"[1, 1, 1, 1, 1, 1, 1, 1, 1, 1]",20.02,17.61,22.77,13.45,3381858.7
TTE,80.8,9,"[0, 1, 1, 1, 1, 1, 1, 1, 1, 1]",84.85,75.32,93.6,55.92,1794231.8
NEE,88.0,8,"[1, 1, 1, 0, 1, 1, 0, 1, 1, 1]",87.92,86.46,97.17,68.33,11497446.0
BA,209.48,3,"[0, 0, 0, 0, 1, 0, 0, 1, 1, 0]",221.96,218.59,252.15,179.12,5102305.95
TD,120.5,10,"[1, 1, 1, 1, 1, 1, 1, 1, 1, 1]",115.05,96.77,124.8,71.5,3056451.9
SAN,13.32,9,"[1, 1, 1, 1, 1, 1, 1, 1, 1, 0]",12.9,11.67,14.37,8.3,8189450.35
RIO,89.07,7,"[0, 0, 1, 1, 1, 1, 1, 1, 1, 0]",100.17,87.04,112.04,56.5,2876533.2
ANET,169.35,9,"[1, 1, 1, 1, 1, 1, 1, 1, 1, 0]",161.11,144.85,186.96,109.78,8653251.95
STX,802.45,7,"[0, 1, 1, 1, 1, 1, 1, 0, 1, 0]",879.61,490.05,1093.26,145.39,5124397.05
DELL,381.88,9,"[1, 1, 1, 1, 1, 1, 1, 1, 1, 0]",368.23,201.97,465.96,110.73,7534610.1
PANW,348.66,10,"[1, 1, 1, 1, 1, 1, 1, 1, 1, 1]",287.18,209.15,358.68,141.67,7280958.05
WDC,487.42,7,"[0, 1, 1, 1, 1, 1, 1, 0, 1, 0]",554.12,313.85,746.23,66.88,9514411.1
GILD,133.21,7,"[1, 0, 1, 0, 1, 1, 0, 1, 1, 1]",129.47,129.68,153.91,105.53,7705613.75
GLW,153.1,7,"[0, 1, 1, 1, 1, 1, 1, 0, 1, 0]",191.39,132.34,255.69,53.32,16650624.2
BUD,80.83,9,"[0, 1, 1, 1, 1, 1, 1, 1, 1, 1]",81.05,70.7,85.09,56.26,2279455.75
APP,424.6,2,"[0, 0, 0, 1, 0, 0, 0, 0, 1, 0]",504.29,530.37,733.6,350.0,5524723.0
APH,150.51,9,"[1, 1, 1, 1, 1, 1, 1, 1, 1, 0]",148.7,140.35,176.32,100.03,7546580.5
DE,586.0,9,"[1, 1, 1, 1, 1, 1, 1, 1, 1, 0]",581.26,538.1,658.85,435.19,1199125.15
SCCO,175.07,7,"[0, 0, 1, 1, 1, 1, 1, 1, 1, 0]",180.71,164.8,215.55,85.21,1236329.1
WELL,244.84,10,"[1, 1, 1, 1, 1, 1, 1, 1, 1, 1]",218.89,199.98,244.84,155.89,3162486.4
MRVL,194.94,7,"[0, 1, 1, 1, 1, 1, 1, 0, 1, 0]",235.96,130.33,316.35,62.18,31994510.15
IBKR,91.68,9,"[1, 1, 1, 1, 1, 1, 1, 1, 1, 0]",89.23,74.97,97.41,59.96,4358952.8
COP,115.68,10,"[1, 1, 1, 1, 1, 1, 1, 1, 1, 1]",113.71,105.53,132.81,83.6,7002492.45
PLD,147.48,10,"[1, 1, 1, 1, 1, 1, 1, 1, 1, 1]",142.7,132.21,150.06,100.81,3991268.65
UBS,51.5,10,"[1, 1, 1, 1, 1, 1, 1, 1, 1, 1]",48.9,42.77,55.07,35.39,1743969.35
SMFG,24.89,9,"[1, 1, 1, 1, 1, 1, 1, 1, 1, 0]",23.66,20.49,26.5,14.74,1934184.75
CRWD,198.49,10,"[1, 1, 1, 1, 1, 1, 1, 1, 1, 1]",173.6,129.94,210.73,87.56,10460394.4
VRT,291.67,8,"[0, 1, 1, 1, 1, 1, 1, 1, 1, 0]",320.61,241.43,376.15,121.69,6417999.4
BTI,62.49,9,"[1, 1, 1, 1, 1, 1, 0, 1, 1, 1]",60.99,56.7,65.79,48.34,4609242.2
BBVA,25.12,10,"[1, 1, 1, 1, 1, 1, 1, 1, 1, 1]",23.74,22.0,26.14,14.03,1268656.25
NEM,89.2,4,"[0, 0, 0, 0, 1, 1, 1, 0, 1, 0]",102.49,103.58,131.38,59.23,8036639.85
PBR,18.19,10,"[1, 1, 1, 1, 1, 1, 1, 1, 1, 1]",18.1,15.8,21.86,11.39,14457585.2
PBR-A,16.22,9,"[0, 1, 1, 1, 1, 1, 1, 1, 1, 1]",16.25,14.52,19.73,10.67,6445710.65
SBUX,104.81,10,"[1, 1, 1, 1, 1, 1, 1, 1, 1, 1]",102.6,93.13,108.37,76.95,6995276.6
CVS,107.61,10,"[1, 1, 1, 1, 1, 1, 1, 1, 1, 1]",98.73,82.46,107.61,57.3,7444790.4
BMY,60.16,9,"[1, 1, 1, 0, 1, 1, 1, 1, 1, 1]",56.55,53.68,61.04,41.21,12389672.0
BP,42.0,10,"[1, 1, 1, 1, 1, 1, 1, 1, 1, 1]",41.49,38.72,47.09,30.13,10100049.15
PWR,632.56,8,"[0, 1, 1, 1, 1, 1, 1, 1, 1, 0]",703.94,552.06,785.12,372.18,1362963.7
PH,950.79,8,"[1, 1, 1, 0, 1, 1, 1, 1, 1, 0]",911.37,894.31,1020.71,691.12,575482.8
HWM,271.98,9,"[1, 1, 1, 1, 1, 1, 1, 1, 1, 0]",266.53,232.0,283.23,170.73,3218857.25
BMO,178.0,10,"[1, 1, 1, 1, 1, 1, 1, 1, 1, 1]",167.46,142.45,183.65,109.55,743198.45
EQIX,1017.31,8,"[0, 1, 1, 1, 1, 1, 1, 1, 1, 0]",1059.37,913.72,1115.94,718.6,623608.9
MFG,9.84,9,"[1, 1, 1, 1, 1, 1, 1, 1, 1, 0]",9.56,8.22,10.66,5.64,4283256.65
TT,468.16,7,"[0, 1, 1, 1, 1, 1, 0, 1, 1, 0]",469.26,436.48,503.46,374.67,1324595.45
CM,117.8,10,"[1, 1, 1, 1, 1, 1, 1, 1, 1, 1]",112.82,97.2,121.24,70.39,1797776.5
CDNS,329.93,6,"[0, 1, 1, 1, 0, 1, 0, 1, 1, 0]",374.39,328.01,416.39,265.66,2144929.95
GSK,50.04,5,"[0, 0, 0, 0, 1, 1, 1, 1, 1, 0]",51.39,50.63,60.14,34.89,3851693.85
SNPS,378.46,3,"[0, 0, 0, 1, 1, 0, 0, 0, 1, 0]",468.97,453.59,645.35,378.46,2021975.8
AEM,136.34,2,"[0, 0, 0, 0, 1, 0, 0, 0, 1, 0]",165.71,183.55,251.57,121.53,2611595.25
HCA,370.42,1,"[0, 0, 0, 0, 0, 0, 0, 0, 1, 0]",392.89,457.41,543.23,332.07,1655097.15
BNS,87.06,10,"[1, 1, 1, 1, 1, 1, 1, 1, 1, 1]",82.46,73.58,90.29,54.93,3199191.95
CMI,639.43,8,"[0, 1, 1, 1, 1, 1, 1, 1, 1, 0]",676.3,567.11,727.59,339.19,1023193.1
MAR,366.93,8,"[0, 1, 1, 1, 1, 1, 1, 1, 1, 0]",375.0,329.25,402.54,253.11,1550427.7
CNQ,43.95,10,"[1, 1, 1, 1, 1, 1, 1, 1, 1, 1]",43.87,39.17,49.57,28.74,9467457.15
EQNR,37.35,10,"[1, 1, 1, 1, 1, 1, 1, 1, 1, 1]",35.73,30.13,41.97,21.89,3643091.6
ITUB,8.32,9,"[1, 1, 1, 0, 1, 1, 1, 1, 1, 1]",7.97,7.73,9.38,5.49,20982241.0
FDX,306.22,8,"[0, 1, 1, 1, 1, 1, 1, 1, 1, 0]",317.91,269.11,337.48,171.6,2271051.25
FCX,58.79,7,"[0, 0, 1, 1, 1, 1, 1, 1, 1, 0]",63.53,55.87,71.55,34.96,15569187.35
USB,63.14,10,"[1, 1, 1, 1, 1, 1, 1, 1, 1, 1]",57.54,53.04,64.01,42.26,9086309.65
JCI,139.37,8,"[0, 1, 1, 1, 1, 1, 1, 1, 1, 0]",141.57,128.62,148.21,102.64,4673693.7
ING,32.2,10,"[1, 1, 1, 1, 1, 1, 1, 1, 1, 1]",30.96,27.55,33.31,22.03,3318784.0
FTNT,160.36,10,"[1, 1, 1, 1, 1, 1, 1, 1, 1, 1]",143.25,97.44,166.83,74.39,5299945.95
MNST,95.45,10,"[1, 1, 1, 1, 1, 1, 1, 1, 1, 1]",91.61,79.35,99.94,58.75,6122479.7
CSX,50.11,10,"[1, 1, 1, 1, 1, 1, 1, 1, 1, 1]",47.03,40.43,50.89,31.73,11811705.2
AMX,26.1,9,"[1, 1, 1, 1, 1, 1, 1, 1, 1, 0]",25.96,23.56,27.42,16.8,1239831.2
ELV,382.23,8,"[0, 1, 1, 1, 1, 1, 1, 1, 1, 0]",397.47,347.05,426.79,269.01,1779603.6
BCS,27.24,10,"[1, 1, 1, 1, 1, 1, 1, 1, 1, 1]",25.49,23.66,28.41,18.56,4839582.5
SLB,46.39,7,"[0, 0, 1, 1, 1, 1, 1, 1, 1, 0]",51.83,45.69,58.01,31.12,14000911.75
MPWR,1328.8,8,"[0, 1, 1, 1, 1, 1, 1, 1, 1, 0]",1485.69,1189.38,1687.32,706.3,1145352.2
LYG,5.88,10,"[1, 1, 1, 1, 1, 1, 1, 1, 1, 1]",5.58,5.21,6.17,4.04,19115008.35
E,49.52,9,"[0, 1, 1, 1, 1, 1, 1, 1, 1, 1]",51.27,44.52,56.97,32.28,490350.75
CIEN,378.77,6,"[0, 0, 1, 1, 1, 1, 1, 0, 1, 0]",495.99,341.22,627.0,84.36,2666854.55
APO,118.24,3,"[0, 0, 0, 1, 0, 0, 0, 1, 1, 0]",127.27,126.32,151.44,99.88,5296242.65
CRH,99.95,2,"[0, 0, 0, 0, 0, 0, 0, 1, 1, 0]",106.38,114.27,130.44,93.58,4117450.15
SU,62.25,10,"[1, 1, 1, 1, 1, 1, 1, 1, 1, 1]",61.19,53.36,69.27,37.63,4235567.35
REGN,672.15,6,"[1, 0, 0, 0, 1, 1, 0, 1, 1, 1]",644.66,703.48,810.08,542.49,833087.5
NXPI,267.18,8,"[0, 1, 1, 1, 1, 1, 1, 1, 1, 0]",296.58,238.07,331.55,181.81,4056936.8
BE,197.06,7,"[0, 1, 1, 1, 1, 1, 1, 0, 1, 0]",274.61,173.89,345.85,25.36,15811756.45
ROST,235.78,10,"[1, 1, 1, 1, 1, 1, 1, 1, 1, 1]",224.12,197.69,240.13,132.81,3202280.0
B,34.89,4,"[0, 0, 0, 0, 1, 1, 1, 0, 1, 0]",39.59,40.81,52.32,20.63,8845805.1
HLT,323.43,7,"[0, 1, 1, 1, 1, 1, 0, 1, 1, 0]",331.74,302.78,350.22,256.36,2680483.2
ASX,36.9,8,"[0, 1, 1, 1, 1, 1, 1, 1, 1, 0]",37.86,23.8,44.67,9.41,12120310.75
NOK,10.08,7,"[0, 1, 1, 1, 1, 1, 1, 0, 1, 0]",13.66,8.97,16.85,4.05,88590787.4
VLO,313.31,10,"[1, 1, 1, 1, 1, 1, 1, 1, 1, 1]",259.53,210.68,313.31,129.53,3177615.05
MPC,315.31,10,"[1, 1, 1, 1, 1, 1, 1, 1, 1, 1]",262.93,215.02,315.31,155.55,2193223.35
GM,75.8,5,"[0, 0, 0, 0, 1, 1, 1, 1, 1, 0]",78.72,75.88,85.99,48.45,7168763.15
AEP,131.05,8,"[0, 1, 1, 1, 1, 1, 0, 1, 1, 1]",131.16,124.34,138.69,104.02,5425991.45
DDOG,263.2,9,"[1, 1, 1, 1, 0, 1, 1, 1, 1, 1]",235.59,162.88,277.49,102.61,4295827.75
LITE,765.55,7,"[0, 1, 1, 1, 1, 1, 1, 0, 1, 0]",865.8,575.24,1053.09,99.63,4671166.45
VALE,14.1,6,"[0, 0, 0, 1, 1, 1, 1, 1, 1, 0]",15.56,14.49,17.82,8.75,21987939.2
NSC,334.97,9,"[1, 1, 1, 1, 1, 1, 0, 1, 1, 1]",315.25,298.35,340.16,268.69,1008511.25
HOOD,99.28,5,"[1, 1, 0, 1, 0, 0, 1, 0, 1, 0]",93.43,101.53,152.46,65.16,25982825.7
NET,272.42,9,"[1, 1, 1, 1, 0, 1, 1, 1, 1, 1]",237.23,211.02,281.75,160.19,3207100.95
PSX,208.8,10,"[1, 1, 1, 1, 1, 1, 1, 1, 1, 1]",179.41,155.07,208.8,114.45,2805653.6
FIX,1712.18,8,"[0, 1, 1, 1, 1, 1, 1, 1, 1, 0]",1862.77,1357.52,2066.51,530.95,546043.7
DLR,176.25,6,"[0, 0, 1, 1, 1, 1, 0, 1, 1, 0]",185.26,173.49,202.56,145.96,3820021.5
WBD,25.86,5,"[0, 0, 0, 0, 1, 1, 1, 1, 1, 0]",26.86,26.14,29.98,10.78,22213289.8
TRP,68.49,10,"[1, 1, 1, 1, 1, 1, 1, 1, 1, 1]",67.8,59.55,70.27,45.93,2708538.45
MFC,42.5,10,"[1, 1, 1, 1, 1, 1, 1, 1, 1, 1]",39.85,36.11,43.39,29.33,1641703.55
SPG,228.19,10,"[1, 1, 1, 1, 1, 1, 1, 1, 1, 1]",212.27,191.17,228.7,153.39,2283779.05
COHR,285.4,7,"[0, 1, 1, 1, 1, 1, 1, 0, 1, 0]",364.26,247.75,426.89,86.55,5067616.1
MSTR,97.82,1,"[0, 0, 0, 0, 0, 0, 0, 0, 1, 0]",127.78,168.51,426.4,82.31,25401768.9
BKR,55.15,6,"[0, 0, 0, 1, 1, 1, 1, 1, 1, 0]",60.95,55.79,69.44,39.17,9419351.4
WPM,103.45,3,"[0, 0, 0, 0, 1, 1, 0, 0, 1, 0]",120.68,123.84,165.21,90.72,1876645.7
CRWV,73.06,2,"[0, 0, 0, 1, 0, 0, 0, 0, 1, 0]",100.59,97.71,148.75,64.55,26969667.2
KEYS,314.13,8,"[0, 1, 1, 1, 1, 1, 1, 1, 1, 0]",340.28,262.27,373.34,158.51,1603430.75
CVNA,64.14,2,"[0, 0, 0, 0, 1, 0, 0, 0, 1, 0]",68.2,72.76,95.69,56.26,10601159.45
RKLB,65.74,5,"[0, 0, 0, 1, 1, 1, 1, 0, 1, 0]",106.1,77.51,150.23,39.48,23850400.8
TEL,203.14,2,"[0, 0, 0, 0, 0, 0, 0, 1, 1, 0]",205.65,219.35,247.28,177.64,2283765.9
URI,1012.71,8,"[0, 1, 1, 1, 1, 1, 1, 1, 1, 0]",1036.32,896.07,1139.51,709.01,432943.6
GWW,1371.22,10,"[1, 1, 1, 1, 1, 1, 1, 1, 1, 1]",1309.57,1111.83,1402.03,914.6,335774.05
TGT,139.59,10,"[1, 1, 1, 1, 1, 1, 1, 1, 1, 1]",129.33,110.59,141.2,82.06,4621669.2
TER,333.76,7,"[0, 1, 1, 1, 1, 1, 1, 0, 1, 0]",379.7,279.79,483.84,89.92,4595823.1
LHX,280.55,3,"[0, 0, 0, 0, 1, 1, 0, 0, 1, 0]",300.04,314.61,375.64,258.89,1426862.95
CARR,66.98,8,"[0, 1, 1, 1, 1, 1, 1, 1, 1, 0]",68.18,60.33,79.79,49.97,5372006.55
CTVA,86.78,10,"[1, 1, 1, 1, 1, 1, 1, 1, 1, 1]",80.86,73.87,87.3,60.56,3757388.25
AU,74.88,4,"[0, 0, 0, 0, 1, 1, 1, 0, 1, 0]",87.84,89.0,124.62,43.83,3491093.8
OKE,93.56,10,"[1, 1, 1, 1, 1, 1, 1, 1, 1, 1]",89.13,79.77,95.24,62.69,3513199.85
MCHP,80.51,8,"[0, 1, 1, 1, 1, 1, 1, 1, 1, 0]",92.12,74.28,102.71,48.06,12199334.35
MCHPP,68.73,8,"[0, 1, 1, 1, 1, 1, 1, 1, 1, 0]",77.64,64.72,85.72,45.73,150755.1
CVE,28.26,10,"[1, 1, 1, 1, 1, 1, 1, 1, 1, 1]",27.58,22.17,31.62,13.88,7199119.35
AME,235.21,9,"[1, 1, 1, 1, 1, 1, 1, 1, 1, 0]",231.06,216.16,241.94,175.65,1049917.7
TRGP,282.35,10,"[1, 1, 1, 1, 1, 1, 1, 1, 1, 1]",267.59,216.33,282.91,143.89,1300012.7
COIN,160.43,1,"[0, 0, 0, 0, 0, 0, 0, 0, 1, 0]",171.22,221.84,413.63,141.09,7368868.2
FANG,195.38,10,"[1, 1, 1, 1, 1, 1, 1, 1, 1, 1]",191.49,169.86,212.52,132.09,2182621.9
OXY,55.19,10,"[1, 1, 1, 1, 1, 1, 1, 1, 1, 1]",54.73,49.34,65.94,38.56,9658414.8
DVN,43.78,9,"[0, 1, 1, 1, 1, 1, 1, 1, 1, 1]",44.29,40.95,51.7,31.13,12366701.3
FLEX,119.91,7,"[0, 1, 1, 1, 1, 1, 1, 0, 1, 0]",142.73,85.47,162.07,49.0,5334577.5
ABEV,3.08,8,"[0, 1, 1, 1, 1, 1, 1, 1, 1, 0]",3.15,2.79,3.42,2.1,23332041.1
NUE,230.74,8,"[0, 1, 1, 1, 1, 1, 1, 1, 1, 0]",238.59,185.36,265.7,130.57,1553588.7
STM,61.78,8,"[0, 1, 1, 1, 1, 1, 1, 1, 1, 0]",69.52,40.7,79.82,21.04,11163273.75
BIDU,109.81,2,"[0, 0, 0, 0, 1, 0, 0, 0, 1, 0]",122.59,126.84,162.52,85.86,2497906.65
ETR,111.91,9,"[0, 1, 1, 1, 1, 1, 1, 1, 1, 1]",112.13,102.64,117.36,84.52,2872421.4
UI,532.41,3,"[0, 0, 0, 0, 1, 0, 1, 0, 1, 0]",588.29,677.2,1083.11,386.76,102973.45
CCJ,84.85,3,"[0, 0, 0, 0, 1, 1, 0, 0, 1, 0]",104.07,104.46,134.09,70.33,3526643.85
FER,63.45,4,"[0, 0, 0, 0, 1, 1, 0, 1, 1, 0]",67.17,66.11,73.66,50.1,1430136.05
ROK,458.71,8,"[0, 1, 1, 1, 1, 1, 1, 1, 1, 0]",460.24,404.14,495.08,324.09,902121.45
EA,209.29,10,"[1, 1, 1, 1, 1, 1, 1, 1, 1, 1]",203.38,202.08,209.29,147.21,2146276.1
ARGX,846.19,7,"[0, 1, 1, 1, 0, 1, 1, 1, 1, 0]",856.81,826.07,939.68,566.14,359007.55
DAL,84.54,10,"[1, 1, 1, 1, 1, 1, 1, 1, 1, 1]",81.86,69.25,93.43,50.6,7826541.15
EBAY,114.19,10,"[1, 1, 1, 1, 1, 1, 1, 1, 1, 1]",111.29,95.16,118.63,76.58,3086780.5
FERG,229.02,3,"[0, 0, 0, 0, 0, 1, 0, 1, 1, 0]",230.77,238.84,266.68,208.41,1215034.4
MT,65.85,10,"[1, 1, 1, 1, 1, 1, 1, 1, 1, 1]",65.06,53.49,71.65,30.04,1661568.3
WAB,257.85,8,"[0, 1, 1, 1, 1, 1, 1, 1, 1, 0]",263.97,238.03,282.45,184.98,825800.9
FNV,200.17,3,"[0, 0, 0, 0, 1, 1, 0, 0, 1, 0]",218.34,225.33,279.76,155.31,706622.05
FITB,57.4,10,"[1, 1, 1, 1, 1, 1, 1, 1, 1, 1]",52.67,47.88,59.37,39.38,7149675.15
XYZ,79.29,9,"[1, 1, 1, 1, 0, 1, 1, 1, 1, 1]",73.82,67.54,81.81,49.09,5584437.05
NBIS,182.62,7,"[0, 1, 1, 1, 1, 1, 1, 0, 1, 0]",224.58,138.21,286.69,50.4,17574001.7
RKT,13.99,1,"[0, 0, 0, 0, 0, 0, 0, 0, 1, 0]",14.12,16.7,23.44,12.35,35015453.1
VTR,96.25,10,"[1, 1, 1, 1, 1, 1, 1, 1, 1, 1]",87.06,80.68,96.25,63.6,3841278.45
CLS,307.34,5,"[0, 0, 0, 1, 1, 1, 1, 0, 1, 0]",366.8,323.3,472.4,156.91,1794913.7
CAH,225.75,10,"[1, 1, 1, 1, 1, 1, 1, 1, 1, 1]",214.56,204.62,239.71,144.54,2407468.35
TEVA,31.0,7,"[0, 0, 1, 1, 1, 1, 1, 1, 1, 0]",33.82,30.16,36.34,15.38,5075910.45
HPE,44.56,9,"[1, 1, 1, 1, 1, 1, 1, 1, 1, 0]",43.17,28.27,55.99,19.41,20595048.75
STT,182.58,10,"[1, 1, 1, 1, 1, 1, 1, 1, 1, 1]",165.0,135.42,186.59,105.38,2730615.05
ODFL,231.76,10,"[1, 1, 1, 1, 1, 1, 1, 1, 1, 1]",221.26,183.97,248.73,125.7,1580469.4
GFS,56.81,7,"[0, 1, 1, 1, 1, 1, 1, 0, 1, 0]",75.58,50.68,89.83,31.57,3310463.9
WDS,21.65,10,"[1, 1, 1, 1, 1, 1, 1, 1, 1, 1]",21.21,19.01,24.78,13.89,782121.95
EME,744.03,7,"[0, 0, 1, 1, 1, 1, 1, 1, 1, 0]",831.28,740.77,943.26,557.87,503090.75
ON,86.7,7,"[0, 1, 1, 1, 1, 1, 1, 0, 1, 0]",109.14,73.33,133.93,44.9,13378584.45
GFI,31.25,3,"[0, 0, 0, 0, 1, 0, 1, 0, 1, 0]",37.25,43.05,59.77,23.67,3986021.7
ERIC,9.59,5,"[0, 0, 0, 1, 1, 1, 1, 0, 1, 0]",11.89,10.67,13.74,6.97,14596709.65
KB,115.23,10,"[1, 1, 1, 1, 1, 1, 1, 1, 1, 1]",107.82,97.93,123.25,77.06,372496.45
PUK,28.27,5,"[0, 0, 0, 0, 1, 1, 0, 1, 1, 1]",28.36,29.21,33.17,24.27,859548.6
IRM,124.23,8,"[0, 1, 1, 1, 1, 1, 1, 1, 1, 0]",125.16,104.81,133.06,77.69,2150671.15
LYV,180.86,10,"[1, 1, 1, 1, 1, 1, 1, 1, 1, 1]",172.16,155.0,186.59,125.61,2341508.65
KGC,22.53,4,"[0, 0, 0, 0, 1, 1, 1, 0, 1, 0]",26.56,28.9,37.97,15.36,8587690.3
JBL,305.91,8,"[0, 1, 1, 1, 1, 1, 1, 1, 1, 0]",354.7,273.31,385.63,192.39,1472337.55
ADM,85.67,10,"[1, 1, 1, 1, 1, 1, 1, 1, 1, 1]",79.46,67.92,85.9,52.21,3276613.85
VOD,15.4,10,"[1, 1, 1, 1, 1, 1, 1, 1, 1, 1]",14.6,13.69,16.02,10.39,4765274.0
BBD,3.59,9,"[1, 1, 1, 0, 1, 1, 1, 1, 1, 1]",3.43,3.49,4.12,2.64,35893726.65
VIK,96.9,9,"[1, 1, 1, 1, 1, 1, 1, 1, 1, 0]",93.13,75.97,104.95,56.58,2413942.35
UMC,20.3,7,"[0, 1, 1, 1, 1, 1, 1, 0, 1, 0]",21.44,12.06,27.53,6.47,18083937.7
ONC,310.58,5,"[1, 1, 0, 0, 0, 0, 0, 1, 1, 1]",291.44,314.68,377.47,260.27,346380.1
LVS,45.81,1,"[0, 0, 0, 0, 0, 0, 0, 0, 1, 0]",48.96,55.62,68.73,44.78,4245790.3
IX,38.3,8,"[0, 1, 1, 1, 1, 1, 1, 1, 1, 0]",38.59,31.74,40.59,22.43,243370.4
CRDO,212.07,7,"[0, 1, 1, 1, 1, 1, 1, 0, 1, 0]",229.23,163.17,302.52,87.81,8923029.85
ALAB,309.09,7,"[0, 1, 1, 1, 1, 1, 1, 0, 1, 0]",340.8,203.66,483.02,100.27,5080356.8
STLD,230.49,8,"[0, 1, 1, 1, 1, 1, 1, 1, 1, 0]",245.3,193.0,282.12,119.93,1232814.8
HAL,35.11,8,"[0, 0, 1, 1, 1, 1, 1, 1, 1, 1]",37.75,33.13,42.8,20.04,10860924.5
HUM,398.2,9,"[1, 1, 1, 1, 0, 1, 1, 1, 1, 1]",350.48,259.06,409.42,162.46,1439284.85
MTZ,336.61,8,"[0, 1, 1, 1, 1, 1, 1, 1, 1, 0]",381.61,291.91,437.51,172.51,1324919.95
UAL,117.52,9,"[1, 1, 1, 1, 1, 1, 1, 1, 1, 0]",113.93,104.53,136.11,84.57,5391762.7
ZM,90.91,9,"[0, 1, 1, 1, 1, 1, 1, 1, 1, 1]",95.34,87.61,111.88,69.77,3409068.45
TS,56.09,8,"[0, 1, 1, 1, 1, 1, 1, 1, 1, 0]",59.1,49.06,64.02,33.04,1016959.3
CASY,866.46,10,"[1, 1, 1, 1, 1, 1, 1, 1, 1, 1]",824.8,677.67,916.28,493.17,542439.6
TECK,54.5,7,"[0, 0, 1, 1, 1, 1, 1, 1, 1, 0]",61.99,52.75,70.46,31.1,3252355.85
SYM,40.83,1,"[0, 0, 0, 0, 0, 0, 0, 0, 1, 0]",45.29,57.17,87.3,38.57,1919098.3
EL,83.64,2,"[1, 0, 0, 0, 0, 0, 0, 0, 1, 0]",83.6,92.1,118.78,66.97,2847760.95
SHG,69.09,10,"[1, 1, 1, 1, 1, 1, 1, 1, 1, 1]",66.38,60.51,73.28,46.81,287962.35
Q,134.58,5,"[0, 1, 0, 1, 0, 0, 1, 1, 1, 0]",152.03,134.58,175.64,73.4,2109624.2
TWLO,205.24,10,"[1, 1, 1, 1, 1, 1, 1, 1, 1, 1]",202.57,145.88,236.64,92.44,1864175.2
RVMD,180.39,10,"[1, 1, 1, 1, 1, 1, 1, 1, 1, 1]",164.29,109.18,192.62,34.7,3060883.3
RDDT,181.64,6,"[1, 1, 1, 0, 0, 0, 1, 0, 1, 1]",172.55,181.52,270.71,121.84,4001162.55
IQV,203.9,8,"[1, 1, 1, 0, 0, 1, 1, 1, 1, 1]",185.39,196.63,244.29,156.66,1350700.9
NTRS,182.78,10,"[1, 1, 1, 1, 1, 1, 1, 1, 1, 1]",172.42,147.71,191.13,120.74,949798.65
DOV,209.63,7,"[0, 0, 1, 1, 1, 1, 1, 1, 1, 0]",216.14,204.19,232.21,159.95,1047562.2
RPRX,57.29,10,"[1, 1, 1, 1, 1, 1, 1, 1, 1, 1]",54.84,45.14,58.53,34.37,3248860.95
ASTS,57.42,4,"[0, 0, 0, 0, 1, 1, 1, 0, 1, 0]",85.28,83.27,133.09,36.91,19867361.15
BIIB,199.95,10,"[1, 1, 1, 1, 1, 1, 1, 1, 1, 1]",199.0,181.04,216.63,122.68,1585376.2
VG,14.29,9,"[1, 1, 1, 1, 1, 0, 1, 1, 1, 1]",12.4,10.64,17.51,5.9,13368618.05
EXPE,265.08,9,"[1, 1, 1, 0, 1, 1, 1, 1, 1, 1]",240.6,244.2,300.02,176.67,1574648.05
CRCL,65.45,2,"[0, 0, 0, 0, 0, 0, 1, 0, 1, 0]",87.4,93.26,216.1,50.23,14733540.35
ARES,121.27,1,"[0, 0, 0, 0, 0, 0, 0, 0, 1, 0]",123.03,132.77,185.9,94.25,2298008.15
FTI,72.05,10,"[1, 1, 1, 1, 1, 1, 1, 1, 1, 1]",69.47,58.32,76.94,32.06,4520549.3
FTAI,199.71,4,"[0, 0, 0, 0, 1, 1, 1, 0, 1, 0]",246.29,227.18,308.99,109.08,1198979.5
AXIA,9.93,4,"[0, 0, 0, 0, 1, 1, 1, 0, 1, 0]",10.48,10.84,13.43,6.29,2024211.65
CNC,65.84,10,"[1, 1, 1, 1, 1, 1, 1, 1, 1, 1]",62.54,45.41,68.72,25.21,4470059.5
NTRA,262.63,10,"[1, 1, 1, 1, 1, 1, 1, 1, 1, 1]",233.22,216.35,283.8,133.66,1617143.75
NVT,154.78,8,"[0, 1, 1, 1, 1, 1, 1, 1, 1, 0]",165.16,126.18,184.34,74.23,2097569.8
MTSI,269.8,6,"[0, 0, 1, 1, 1, 1, 1, 0, 1, 0]",355.7,241.39,409.68,118.35,1869474.1
TPL,405.87,9,"[1, 1, 1, 0, 1, 1, 1, 1, 1, 1]",392.88,380.13,538.97,272.83,382378.7
TPR,141.12,9,"[1, 1, 1, 1, 1, 1, 1, 1, 1, 0]",140.83,132.84,159.61,94.47,2673601.6
CFG,71.5,10,"[1, 1, 1, 1, 1, 1, 1, 1, 1, 1]",66.4,60.04,74.4,45.57,5211072.45
CW,709.02,8,"[0, 1, 1, 1, 1, 1, 1, 1, 1, 0]",743.64,656.83,792.77,471.69,263934.5
DOW,30.37,6,"[0, 0, 1, 1, 1, 1, 1, 0, 1, 0]",32.81,29.7,41.45,19.83,11776943.65
EIX,77.25,10,"[1, 1, 1, 1, 1, 1, 1, 1, 1, 1]",71.96,64.48,78.05,48.26,2230580.45
PKX,50.63,4,"[0, 0, 0, 1, 1, 1, 0, 0, 1, 0]",63.84,59.94,91.72,45.13,479656.35
BAP,386.85,10,"[1, 1, 1, 1, 1, 1, 1, 1, 1, 1]",356.6,307.5,400.81,216.12,313876.2
VRSN,277.61,8,"[0, 1, 1, 1, 1, 0, 1, 1, 1, 1]",278.88,255.45,310.0,210.93,797928.2
HUBB,484.98,5,"[0, 0, 1, 0, 1, 1, 0, 1, 1, 0]",487.84,476.02,556.18,403.7,532743.85
STRL,650.22,7,"[0, 1, 1, 1, 1, 1, 1, 0, 1, 0]",800.5,491.39,993.74,242.01,908178.5
EC,16.03,9,"[1, 1, 1, 1, 1, 1, 1, 1, 1, 0]",14.93,12.01,16.58,7.9,2995584.3
P,69.93,2,"[0, 0, 0, 1, 0, 0, 0, 0, 1, 0]",76.66,74.98,98.7,54.51,2743747.0
AER,148.33,10,"[1, 1, 1, 1, 1, 1, 1, 1, 1, 1]",143.4,139.2,153.99,106.41,1066596.55
PAAS,42.19,4,"[0, 0, 0, 0, 1, 1, 1, 0, 1, 0]",49.98,50.22,68.3,26.86,4266513.85
DG,124.75,8,"[1, 0, 1, 0, 1, 1, 1, 1, 1, 1]",111.74,121.06,154.71,94.6,2692286.65
VIV,14.03,9,"[1, 1, 1, 0, 1, 1, 1, 1, 1, 1]",13.42,13.37,16.39,10.24,1110699.9
SYF,73.41,5,"[1, 0, 0, 0, 1, 1, 0, 1, 1, 0]",73.05,73.81,87.76,63.52,3635430.05
ZS,149.82,3,"[1, 0, 0, 0, 0, 0, 0, 0, 1, 1]",143.85,197.19,336.27,118.05,2749289.2
SQM,67.69,5,"[0, 0, 0, 1, 1, 1, 1, 0, 1, 0]",78.77,70.9,94.63,35.4,961679.85
BG,120.49,10,"[1, 1, 1, 1, 1, 1, 1, 1, 1, 1]",119.2,109.52,131.41,72.21,1541423.25
FMX,130.01,10,"[1, 1, 1, 1, 1, 1, 1, 1, 1, 1]",123.48,107.1,131.34,81.24,532591.75
MDB,323.36,4,"[0, 0, 0, 1, 0, 1, 1, 0, 1, 0]",334.56,333.81,440.6,201.0,1575573.05
XPO,210.61,10,"[1, 1, 1, 1, 1, 1, 1, 1, 1, 1]",209.41,177.42,228.37,118.79,1158770.1
ALB,118.2,4,"[0, 0, 0, 0, 1, 1, 1, 0, 1, 0]",157.27,150.74,215.07,66.4,2278028.25
UTHR,529.34,7,"[0, 0, 1, 1, 1, 1, 1, 1, 1, 0]",552.44,510.79,596.76,274.7,463115.65
FSLR,205.31,3,"[0, 0, 0, 1, 0, 1, 0, 0, 1, 0]",249.22,235.3,318.25,174.73,1791784.25
TSN,58.0,5,"[0, 0, 0, 0, 1, 1, 0, 1, 1, 1]",60.11,58.95,68.18,49.45,2971420.3
TSEM,227.21,7,"[0, 1, 1, 1, 1, 1, 1, 0, 1, 0]",253.07,161.09,316.85,44.67,1908839.35
RF,31.11,10,"[1, 1, 1, 1, 1, 1, 1, 1, 1, 1]",28.87,27.01,32.4,22.67,10700568.2
KEY,23.32,10,"[1, 1, 1, 1, 1, 1, 1, 1, 1, 1]",22.2,20.31,23.99,16.27,10934415.95
TEAM,96.43,4,"[1, 0, 0, 0, 0, 0, 1, 0, 1, 1]",89.31,111.45,203.0,57.15,3847286.65
LYB,60.73,7,"[0, 0, 1, 1, 1, 1, 1, 0, 1, 1]",63.13,56.59,81.53,40.28,5350409.2
JBHT,290.61,10,"[1, 1, 1, 1, 1, 1, 1, 1, 1, 1]",273.55,217.48,298.41,129.81,1063526.4
SBAC,181.97,4,"[0, 0, 0, 1, 1, 0, 0, 1, 1, 0]",195.77,193.05,233.84,164.16,983804.75
WST,352.32,10,"[1, 1, 1, 1, 1, 1, 1, 1, 1, 1]",332.36,281.21,365.74,209.39,765266.2
CPAY,369.28,10,"[1, 1, 1, 1, 1, 1, 1, 1, 1, 1]",348.64,316.77,371.81,255.0,662858.6
ENTG,133.79,7,"[0, 1, 1, 1, 1, 1, 1, 0, 1, 0]",145.95,117.69,184.0,68.7,3491499.95
NMR,9.39,10,"[1, 1, 1, 1, 1, 1, 1, 1, 1, 1]",8.68,8.21,10.04,6.39,1163614.8
IHG,156.4,8,"[0, 1, 1, 1, 1, 1, 1, 1, 1, 0]",161.13,140.79,174.13,113.11,251111.85
FN,494.26,5,"[0, 0, 0, 1, 1, 1, 1, 0, 1, 0]",597.22,525.63,746.47,277.04,1123846.45
SBS,5.75,10,"[1, 1, 1, 1, 1, 1, 1, 1, 1, 1]",5.7,5.51,7.08,3.81,6072629.25
WWD,390.75,9,"[1, 1, 1, 1, 1, 1, 1, 1, 1, 0]",386.48,341.3,436.44,236.67,756528.5
SITM,555.15,7,"[0, 1, 1, 1, 1, 1, 1, 0, 1, 0]",696.62,447.4,901.48,190.16,646830.0
INSM,107.02,3,"[1, 0, 0, 0, 0, 0, 0, 0, 1, 1]",105.72,150.05,211.41,91.88,2997746.45
BEKE,16.97,6,"[1, 1, 1, 0, 0, 0, 0, 1, 1, 1]",16.47,16.68,19.99,14.26,3908137.05
AKAM,123.13,8,"[0, 1, 1, 1, 1, 1, 1, 1, 1, 0]",134.28,103.34,161.14,70.53,3873120.7
PFG,112.06,10,"[1, 1, 1, 1, 1, 1, 1, 1, 1, 1]",106.77,92.47,113.95,72.85,1488998.7
RL,376.48,8,"[0, 1, 1, 1, 1, 1, 1, 1, 1, 0]",376.74,356.28,413.24,280.32,630191.7
ATI,186.24,9,"[1, 1, 1, 1, 1, 1, 1, 1, 1, 0]",181.1,138.41,204.09,71.34,1626676.35
MRNA,59.49,8,"[1, 1, 1, 1, 1, 1, 1, 0, 1, 0]",57.3,43.56,81.8,22.36,8500767.1
ILMN,184.68,10,"[1, 1, 1, 1, 1, 1, 1, 1, 1, 1]",165.84,135.3,194.33,91.0,1948743.65
AFRM,75.32,8,"[1, 1, 1, 1, 0, 0, 1, 1, 1, 1]",72.85,66.24,92.18,42.53,4107305.85
CRS,555.13,9,"[1, 1, 1, 1, 1, 1, 1, 1, 1, 0]",521.41,390.91,619.25,231.97,851284.3
SMCI,23.83,2,"[0, 0, 0, 1, 0, 0, 0, 0, 1, 0]",33.09,33.94,60.71,20.53,45324459.6
MKSI,324.28,7,"[0, 1, 1, 1, 1, 1, 1, 0, 1, 0]",345.66,236.31,444.8,89.14,1545226.95
IFF,77.27,10,"[1, 1, 1, 1, 1, 1, 1, 1, 1, 1]",76.41,70.61,83.83,58.53,1946166.7
EXPD,177.37,10,"[1, 1, 1, 1, 1, 1, 1, 1, 1, 1]",163.01,148.31,182.8,110.22,1236347.85
ROIV,34.05,10,"[1, 1, 1, 1, 1, 1, 1, 1, 1, 1]",31.57,25.6,36.81,11.17,6095945.9
DD,135.75,7,"[0, 0, 1, 1, 1, 1, 1, 1, 1, 0]",141.54,130.2,153.36,86.15,1439965.85
IREN,40.2,4,"[0, 0, 0, 1, 0, 1, 1, 0, 1, 0]",52.3,48.98,76.41,15.4,42200557.2
RGLD,187.36,3,"[0, 0, 0, 0, 1, 1, 0, 0, 1, 0]",212.07,228.28,303.02,150.12,692977.9
FUTU,98.28,2,"[0, 0, 0, 0, 0, 0, 0, 0, 1, 1]",105.92,146.62,195.9,89.76,1584262.35
ULS,85.64,7,"[0, 0, 1, 1, 1, 1, 1, 1, 1, 0]",95.66,84.65,104.74,62.21,1283143.75
CHRW,205.8,10,"[1, 1, 1, 1, 1, 1, 1, 1, 1, 1]",183.45,168.74,208.5,95.31,1687148.7
LUV,48.34,10,"[1, 1, 1, 1, 1, 1, 1, 1, 1, 1]",45.01,40.87,54.33,28.52,5945026.5
DKS,214.32,6,"[0, 1, 1, 1, 0, 1, 0, 1, 1, 0]",221.92,212.28,239.17,185.52,1164453.8
VTRS,16.99,10,"[1, 1, 1, 1, 1, 1, 1, 1, 1, 1]",16.34,13.46,17.33,8.41,9528304.5
RCI,34.85,2,"[0, 0, 0, 0, 0, 0, 0, 1, 1, 0]",35.73,36.46,40.21,31.45,1288128.65
FFIV,411.92,10,"[1, 1, 1, 1, 1, 1, 1, 1, 1, 1]",394.63,308.07,431.26,223.99,563744.65
CX,12.49,8,"[0, 1, 1, 1, 1, 1, 1, 1, 1, 0]",12.63,11.57,13.52,7.7,5045172.65
INCY,115.65,10,"[1, 1, 1, 1, 1, 1, 1, 1, 1, 1]",104.98,99.69,118.52,67.38,1807889.75
KEP,11.32,2,"[0, 0, 0, 0, 1, 0, 0, 0, 1, 0]",12.74,15.9,23.26,11.32,1231581.6
APG,39.38,4,"[0, 0, 0, 0, 1, 1, 0, 1, 1, 0]",42.01,40.99,49.4,33.64,2776796.55
SNX,238.54,8,"[0, 1, 1, 1, 1, 1, 1, 1, 1, 0]",255.68,187.03,289.57,139.4,1037801.4
CDE,14.16,3,"[0, 0, 0, 0, 1, 0, 1, 0, 1, 0]",17.19,18.86,27.12,8.67,34280889.35
RBC,568.9,8,"[0, 1, 1, 1, 1, 1, 1, 1, 1, 0]",598.72,520.49,648.89,369.71,239605.7
BURL,352.14,10,"[1, 1, 1, 1, 1, 1, 1, 1, 1, 1]",320.53,301.61,356.22,242.43,644375.6
ROKU,144.13,10,"[1, 1, 1, 1, 1, 1, 1, 1, 1, 1]",132.61,109.23,144.43,79.98,4281681.15
AMKR,62.56,7,"[0, 1, 1, 1, 1, 1, 1, 0, 1, 0]",73.86,52.42,93.55,20.96,5085626.9
RS,383.17,8,"[0, 1, 1, 1, 1, 1, 1, 1, 1, 0]",383.8,323.31,413.43,262.77,346010.35
BWXT,169.56,3,"[0, 0, 0, 0, 1, 1, 0, 0, 1, 0]",194.52,197.97,238.1,139.26,993443.55
ZTO,24.15,9,"[1, 1, 1, 0, 1, 1, 1, 1, 1, 1]",23.09,22.18,25.88,17.59,1417373.45
NXT,100.23,5,"[0, 0, 0, 1, 1, 1, 1, 0, 1, 0]",123.45,108.11,156.4,53.8,4080370.15
ITT,191.23,6,"[0, 0, 1, 1, 1, 1, 0, 1, 1, 0]",194.16,189.9,221.24,155.32,1025497.45
FTV,60.99,10,"[1, 1, 1, 1, 1, 1, 1, 1, 1, 1]",60.61,56.24,63.6,46.34,2453867.55
IONQ,34.24,2,"[0, 0, 0, 1, 0, 0, 0, 0, 1, 0]",53.88,48.08,82.09,26.59,21974202.2
AGI,28.17,2,"[0, 0, 0, 0, 1, 0, 0, 0, 1, 0]",35.41,39.01,55.22,24.25,5163239.15
BCH,40.11,9,"[1, 1, 1, 1, 1, 1, 1, 1, 1, 0]",38.53,36.96,43.7,25.75,298806.2
YPF,50.44,9,"[1, 1, 1, 1, 1, 1, 1, 1, 1, 0]",49.01,39.82,56.35,23.57,1489243.55
CF,123.57,10,"[1, 1, 1, 1, 1, 1, 1, 1, 1, 1]",114.65,100.92,137.04,75.38,2627395.8
MGA,66.06,10,"[1, 1, 1, 1, 1, 1, 1, 1, 1, 1]",64.55,56.11,68.15,39.72,1247043.5
TLN,360.32,3,"[0, 0, 0, 1, 0, 0, 0, 1, 1, 0]",377.57,370.19,445.84,302.97,850618.1
LSCC,125.56,8,"[0, 1, 1, 1, 1, 1, 1, 1, 1, 0]",138.34,98.8,155.27,48.73,1932928.45
WMG,28.06,3,"[0, 0, 0, 1, 0, 0, 0, 1, 1, 0]",29.98,29.23,34.56,23.52,2046973.8
CIB,80.82,10,"[1, 1, 1, 1, 1, 1, 1, 1, 1, 1]",73.75,67.48,82.95,41.96,314681.4
WCC,319.05,8,"[0, 1, 1, 1, 1, 1, 1, 1, 1, 0]",347.84,289.66,373.98,201.91,757766.8
JBS,12.03,3,"[0, 0, 0, 0, 1, 0, 0, 0, 1, 1]",12.48,13.58,17.05,11.6,5876428.1
WSO,370.77,5,"[0, 0, 0, 1, 1, 1, 0, 1, 1, 0]",387.18,375.89,474.15,315.7,347015.7
DOCN,119.09,7,"[0, 1, 1, 1, 1, 1, 1, 0, 1, 0]",153.46,83.64,181.29,25.74,3886828.75
EWBC,133.92,10,"[1, 1, 1, 1, 1, 1, 1, 1, 1, 1]",126.98,114.11,136.14,92.51,962311.1
AA,43.48,5,"[0, 0, 0, 1, 1, 1, 1, 0, 1, 0]",61.48,55.55,83.79,28.14,7009305.1
PR,20.28,10,"[1, 1, 1, 1, 1, 1, 1, 1, 1, 1]",19.41,16.81,22.33,11.76,10091970.35
NVMI,433.17,6,"[0, 0, 1, 1, 1, 1, 1, 0, 1, 0]",506.65,426.57,605.65,237.16,561411.45
RTO,30.11,7,"[0, 0, 1, 0, 1, 1, 1, 1, 1, 1]",30.35,30.05,34.52,22.51,742412.25
OWL,9.35,1,"[0, 0, 0, 0, 0, 0, 0, 0, 1, 0]",9.55,11.84,19.06,8.04,19846270.05
OVV,57.77,10,"[1, 1, 1, 1, 1, 1, 1, 1, 1, 1]",56.23,48.01,62.75,35.32,3130887.35
TTMI,133.17,7,"[0, 1, 1, 1, 1, 1, 1, 0, 1, 0]",173.64,109.35,221.47,40.06,3137682.85
BEN,32.23,9,"[1, 1, 1, 1, 1, 1, 1, 1, 1, 0]",32.11,26.11,34.44,20.39,4432911.8
IEX,221.24,9,"[1, 1, 1, 1, 1, 1, 1, 1, 1, 0]",217.23,193.57,228.96,155.22,637597.65
LAMR,161.16,10,"[1, 1, 1, 1, 1, 1, 1, 1, 1, 1]",152.75,132.63,162.38,109.47,656083.35
VNOM,44.36,8,"[0, 1, 1, 1, 1, 1, 0, 1, 1, 1]",44.68,41.5,50.23,34.64,1813051.25
GNRC,213.25,6,"[0, 0, 1, 1, 1, 1, 1, 0, 1, 0]",261.1,203.07,295.54,136.37,980569.45
NDSN,285.24,8,"[0, 1, 1, 1, 1, 1, 1, 1, 1, 0]",287.24,264.52,304.64,206.54,386979.1
SN,152.83,10,"[1, 1, 1, 1, 1, 1, 1, 1, 1, 1]",130.61,114.16,154.53,84.57,1519554.6
H,189.55,9,"[1, 1, 1, 1, 1, 1, 1, 1, 1, 0]",186.42,163.88,202.09,134.51,772332.8
BALL,62.25,9,"[1, 1, 1, 0, 1, 1, 1, 1, 1, 1]",58.1,56.25,67.31,45.92,2663437.7
MLI,58.97,6,"[0, 0, 0, 1, 1, 1, 1, 1, 1, 0]",64.56,59.29,70.23,41.23,1767633.6
LOGI,101.78,4,"[0, 1, 0, 1, 0, 0, 0, 1, 1, 0]",106.15,102.7,126.69,85.84,1046296.0
CLH,310.22,10,"[1, 1, 1, 1, 1, 1, 1, 1, 1, 1]",293.21,267.57,313.7,201.73,441001.8
GMAB,27.91,5,"[1, 0, 0, 0, 0, 0, 1, 1, 1, 1]",26.63,29.22,35.34,21.08,2094143.95
PAA,24.31,10,"[1, 1, 1, 1, 1, 1, 1, 1, 1, 1]",22.65,19.59,24.31,14.89,1801858.35
NBIX,173.0,9,"[1, 1, 1, 1, 0, 1, 1, 1, 1, 1]",163.45,144.14,180.55,123.1,1120547.95
HST,24.06,9,"[1, 1, 1, 1, 1, 1, 1, 1, 1, 0]",22.86,18.9,24.2,14.11,9428474.15
JLL,325.94,8,"[1, 1, 1, 0, 1, 1, 0, 1, 1, 1]",306.32,316.33,358.66,253.48,385219.65
ASND,251.76,10,"[1, 1, 1, 1, 1, 1, 1, 1, 1, 1]",242.57,224.24,277.18,163.32,899529.3
LECO,245.44,5,"[0, 0, 0, 1, 1, 1, 0, 1, 1, 0]",260.85,253.51,297.02,215.47,336449.85
OKTA,148.41,10,"[1, 1, 1, 1, 1, 1, 1, 1, 1, 1]",117.45,91.91,154.62,62.93,3178711.9
HTHT,41.55,5,"[0, 0, 0, 0, 1, 1, 1, 1, 1, 0]",43.9,45.96,54.63,29.07,1669894.25
DTM,143.81,9,"[0, 1, 1, 1, 1, 1, 1, 1, 1, 1]",144.52,128.54,150.74,96.52,707886.9
MOD,227.88,7,"[0, 1, 1, 1, 1, 1, 1, 0, 1, 0]",265.48,202.02,306.89,93.71,1752991.9
RRX,205.58,8,"[0, 1, 1, 1, 1, 1, 1, 1, 1, 0]",211.07,180.26,238.19,127.98,1171283.6
BSAC,33.02,10,"[1, 1, 1, 1, 1, 1, 1, 1, 1, 1]",31.91,30.72,35.69,21.8,359113.1
JAZZ,243.47,10,"[1, 1, 1, 1, 1, 1, 1, 1, 1, 1]",234.87,186.07,248.25,105.93,781311.8
ONTO,278.54,7,"[0, 1, 1, 1, 1, 1, 1, 0, 1, 0]",294.18,215.32,378.45,90.0,1424952.75
OHI,49.58,10,"[1, 1, 1, 1, 1, 1, 1, 1, 1, 1]",47.19,44.44,50.21,35.75,1818345.2
SMMT,13.5,1,"[0, 0, 0, 0, 0, 0, 0, 0, 1, 0]",15.48,17.42,29.32,13.05,4202658.5
RMBS,100.85,5,"[0, 0, 0, 1, 1, 1, 1, 0, 1, 0]",130.92,109.27,170.66,62.85,3730420.1
AUR,6.09,7,"[0, 1, 1, 1, 1, 1, 1, 0, 1, 0]",6.7,5.12,8.4,3.77,23523109.25
NIO,4.81,1,"[0, 0, 0, 0, 0, 0, 0, 0, 1, 0]",5.34,5.64,7.89,4.44,25067407.15
HAS,81.59,4,"[0, 0, 0, 0, 1, 1, 0, 1, 1, 0]",85.23,85.65,104.36,69.25,2059997.7
LTM,51.74,4,"[0, 0, 0, 0, 1, 1, 0, 1, 1, 0]",52.75,51.81,68.29,41.03,744721.7
SUN,74.88,10,"[1, 1, 1, 1, 1, 1, 1, 1, 1, 1]",67.73,59.48,74.88,46.14,397286.5
QXO,13.54,2,"[0, 0, 0, 0, 1, 0, 0, 0, 1, 0]",16.46,19.86,27.07,13.54,31871789.7
AEIS,280.67,5,"[0, 0, 0, 1, 1, 1, 1, 0, 1, 0]",327.48,281.47,388.93,135.01,961150.9
ALLY,45.52,9,"[1, 1, 1, 1, 1, 1, 0, 1, 1, 1]",44.11,41.79,47.25,35.72,2849486.75
PL,22.15,5,"[0, 0, 0, 1, 1, 1, 1, 0, 1, 0]",34.66,25.58,51.4,6.18,12171295.85
EVR,333.53,6,"[0, 0, 1, 1, 1, 1, 0, 1, 1, 0]",345.21,329.73,381.16,266.5,418252.15
SKM,31.41,7,"[0, 1, 1, 1, 1, 1, 1, 0, 1, 0]",36.17,28.52,46.0,19.68,2422903.55
TIGO,97.38,10,"[1, 1, 1, 1, 1, 1, 1, 1, 1, 1]",87.5,66.68,98.34,36.06,1566863.55
SANM,201.87,7,"[0, 1, 1, 1, 1, 1, 1, 0, 1, 0]",238.72,173.65,282.72,95.79,1113035.6
IESC,621.04,8,"[0, 1, 1, 1, 1, 1, 1, 1, 1, 0]",683.16,509.73,766.54,308.81,366424.65
BBIO,80.76,9,"[1, 1, 1, 0, 1, 1, 1, 1, 1, 1]",71.2,70.1,90.17,44.81,5060407.65
TOL,146.94,8,"[1, 1, 1, 1, 1, 1, 0, 1, 1, 0]",144.84,141.67,165.52,115.79,1067095.1
DINO,90.41,10,"[1, 1, 1, 1, 1, 1, 1, 1, 1, 1]",72.33,58.21,90.41,40.83,2577038.65
NYT,75.29,9,"[1, 1, 1, 0, 1, 1, 1, 1, 1, 1]",74.25,71.26,85.59,50.83,1645808.9
DY,410.18,8,"[0, 1, 1, 1, 1, 1, 1, 1, 1, 0]",452.33,378.55,535.2,245.31,686521.6
RBRK,78.18,8,"[1, 1, 1, 1, 0, 0, 1, 1, 1, 1]",73.59,66.98,98.5,43.81,3365255.75
DVA,234.1,10,"[1, 1, 1, 1, 1, 1, 1, 1, 1, 1]",209.75,151.76,236.97,103.87,786889.25
GH,148.07,10,"[1, 1, 1, 1, 1, 1, 1, 1, 1, 1]",132.56,103.42,170.77,40.98,3530441.2
PEN,318.01,7,"[0, 0, 1, 0, 1, 1, 1, 1, 1, 1]",319.92,312.76,359.4,225.54,373163.15
BMNR,16.63,2,"[0, 0, 0, 0, 0, 0, 0, 0, 1, 1]",17.09,27.14,63.2,13.31,37503348.45
SWK,87.5,10,"[1, 1, 1, 1, 1, 1, 1, 1, 1, 1]",82.99,75.81,94.12,60.08,1574812.2
ENLT,88.6,9,"[0, 1, 1, 1, 1, 1, 1, 1, 1, 1]",90.86,64.39,107.42,23.16,258924.05
OKLO,41.51,1,"[0, 0, 0, 0, 0, 0, 0, 0, 1, 0]",58.29,80.02,174.14,41.11,9345672.95
BWA,61.62,8,"[0, 1, 1, 1, 1, 1, 1, 1, 1, 0]",67.6,53.67,77.03,34.07,2584385.3
APA,34.84,9,"[0, 1, 1, 1, 1, 1, 1, 1, 1, 1]",35.76,30.57,44.09,17.57,5449099.5
IONS,52.95,4,"[0, 0, 0, 0, 1, 1, 1, 0, 1, 0]",73.18,75.83,86.5,40.69,4088739.85
HL,14.29,4,"[0, 0, 0, 0, 1, 1, 1, 0, 1, 0]",16.42,18.19,31.8,5.68,39143661.45
HII,270.04,3,"[0, 0, 0, 0, 1, 1, 0, 0, 1, 0]",297.84,344.81,451.78,248.73,459705.35
SOLS,56.47,4,"[0, 0, 0, 1, 1, 0, 1, 0, 1, 0]",78.76,56.47,88.6,41.35,4241470.45
FIVE,204.14,8,"[1, 0, 1, 0, 1, 1, 1, 1, 1, 1]",200.59,194.88,247.71,131.94,1207558.3
U,29.81,5,"[1, 1, 0, 0, 0, 0, 1, 0, 1, 1]",28.42,31.71,49.47,17.13,6639870.55
IVZ,29.66,10,"[1, 1, 1, 1, 1, 1, 1, 1, 1, 1]",27.79,25.59,30.3,19.52,5203607.05
NTNX,55.11,7,"[1, 1, 1, 1, 0, 0, 1, 0, 1, 1]",50.08,49.94,81.12,34.41,3792428.15
MEDP,527.93,8,"[1, 1, 1, 0, 0, 1, 1, 1, 1, 1]",476.73,515.97,620.59,308.88,326474.0
EXEL,55.53,10,"[1, 1, 1, 1, 1, 1, 1, 1, 1, 1]",52.48,45.08,57.1,34.54,2753238.15
ALGN,175.05,8,"[1, 1, 1, 0, 1, 1, 1, 1, 1, 0]",171.94,164.8,207.19,124.88,1057171.35
WLK,76.91,3,"[0, 0, 0, 0, 1, 0, 1, 0, 1, 0]",83.27,86.8,122.65,55.28,1166563.65
SAIA,428.02,8,"[0, 1, 1, 1, 1, 1, 1, 1, 1, 0]",447.23,371.71,487.14,250.48,382835.1
MP,45.7,1,"[0, 0, 0, 0, 0, 0, 0, 0, 1, 0]",58.3,60.67,98.65,45.24,4764495.55
VIAV,39.43,7,"[0, 1, 1, 1, 1, 1, 1, 0, 1, 0]",47.97,30.76,55.33,9.76,6779160.9
AAOI,103.02,6,"[0, 0, 1, 1, 1, 1, 1, 0, 1, 0]",158.29,86.94,223.1,19.49,10188100.1
PINS,22.81,5,"[1, 1, 0, 0, 0, 0, 1, 0, 1, 1]",21.01,23.28,39.17,15.42,12832777.45
AIZ,275.47,10,"[1, 1, 1, 1, 1, 1, 1, 1, 1, 1]",260.31,233.28,280.11,181.8,353829.2
WBS,75.35,9,"[1, 1, 1, 1, 1, 1, 1, 1, 1, 0]",74.11,66.91,77.6,53.14,3442474.35
ELAN,25.14,9,"[1, 1, 1, 0, 1, 1, 1, 1, 1, 1]",23.66,23.22,26.84,13.68,4238080.2
GLXY,23.66,3,"[0, 0, 0, 1, 0, 0, 1, 0, 1, 0]",28.67,27.37,42.86,16.84,7110964.2
APLD,27.85,5,"[0, 0, 0, 1, 1, 1, 1, 0, 1, 0]",40.06,32.7,49.65,10.03,19226316.3
MDGL,535.69,10,"[1, 1, 1, 1, 1, 1, 1, 1, 1, 1]",514.33,503.11,602.83,289.88,432584.75
VICR,230.99,7,"[0, 1, 1, 1, 1, 1, 1, 0, 1, 0]",296.87,179.58,379.78,43.85,947655.55
COKE,181.97,10,"[1, 1, 1, 1, 1, 1, 1, 1, 1, 1]",179.24,169.64,216.63,111.01,593343.95
LFUS,401.65,8,"[0, 1, 1, 1, 1, 1, 1, 1, 1, 0]",449.45,340.6,489.1,226.04,386353.2
FORM,105.31,7,"[0, 1, 1, 1, 1, 1, 1, 0, 1, 0]",129.03,91.02,159.93,27.62,2061803.75
AAON,103.88,7,"[0, 1, 1, 1, 1, 1, 1, 0, 1, 0]",128.22,100.63,148.15,71.77,997831.1
TFII,151.36,10,"[1, 1, 1, 1, 1, 1, 1, 1, 1, 1]",148.02,116.6,162.83,80.09,329521.25
AIT,335.94,9,"[1, 1, 1, 1, 1, 1, 1, 1, 1, 0]",320.17,280.69,343.54,239.8,308793.85
SMTC,125.88,7,"[0, 1, 1, 1, 1, 1, 1, 0, 1, 0]",147.85,96.99,174.73,48.47,3751127.45
WULF,18.86,7,"[0, 1, 1, 1, 1, 1, 1, 0, 1, 0]",24.01,17.29,28.98,4.76,37669552.65
POWL,228.28,7,"[0, 1, 1, 1, 1, 1, 1, 0, 1, 0]",277.55,185.28,321.94,73.44,933966.15
TIMB,22.24,6,"[1, 0, 0, 0, 1, 1, 0, 1, 1, 1]",21.94,23.06,27.75,17.42,426648.7
AXSM,221.64,8,"[0, 1, 1, 1, 1, 1, 1, 1, 1, 0]",236.91,180.06,255.17,100.39,1246253.8
WMS,143.04,5,"[1, 0, 0, 0, 1, 1, 0, 1, 1, 0]",141.97,147.23,174.94,110.45,742872.25
HMY,14.33,2,"[0, 0, 0, 0, 1, 0, 0, 0, 1, 0]",16.26,17.88,25.55,12.37,3404846.9
HUT,100.93,8,"[0, 1, 1, 1, 1, 1, 1, 1, 1, 0]",110.71,67.17,133.02,19.45,4434613.0
IAG,13.96,4,"[0, 0, 0, 0, 1, 1, 1, 0, 1, 0]",16.49,16.96,24.57,6.74,4721879.75
CGNX,63.08,8,"[0, 1, 1, 1, 1, 1, 1, 1, 1, 0]",65.1,50.17,72.42,33.5,2366687.65
KTOS,45.94,1,"[0, 0, 0, 0, 0, 0, 0, 0, 1, 0]",54.17,77.42,130.72,45.94,5663246.65
JEF,55.18,7,"[1, 1, 1, 1, 0, 0, 1, 1, 1, 0]",54.54,53.05,68.8,35.74,2671185.0
AG,15.85,4,"[0, 0, 0, 0, 1, 1, 1, 0, 1, 0]",18.56,18.68,31.98,7.82,10212520.1
EMBJ,65.93,9,"[1, 1, 1, 0, 1, 1, 1, 1, 1, 1]",60.27,63.98,79.6,47.22,894033.5
ESI,36.46,7,"[0, 1, 1, 1, 1, 1, 1, 0, 1, 0]",42.44,33.24,49.09,22.82,6724249.85
JOBY,7.47,1,"[0, 0, 0, 0, 0, 0, 0, 0, 1, 0]",9.62,11.86,20.39,7.23,51171162.9
MUSA,622.78,10,"[1, 1, 1, 1, 1, 1, 1, 1, 1, 1]",564.83,459.44,622.78,355.19,293981.3
BTSG,70.5,10,"[1, 1, 1, 1, 1, 1, 1, 1, 1, 1]",63.45,44.78,71.58,19.36,4878161.35
GSAT,79.33,8,"[0, 1, 1, 1, 1, 1, 1, 1, 1, 0]",81.27,66.43,84.43,23.15,1303023.4
GMED,76.01,5,"[0, 0, 0, 0, 1, 1, 1, 1, 1, 0]",79.74,83.08,96.82,51.89,2020924.3
BEP,32.05,8,"[0, 1, 1, 1, 1, 1, 1, 1, 1, 0]",34.58,30.75,37.09,23.77,701307.15
KNX,75.65,10,"[1, 1, 1, 1, 1, 1, 1, 1, 1, 1]",74.1,58.64,82.45,38.58,3612413.5
ALSN,113.67,7,"[0, 0, 1, 1, 1, 1, 1, 1, 1, 0]",116.34,107.4,135.66,78.62,1538573.2
SNAP,4.56,1,"[0, 0, 0, 0, 0, 0, 0, 0, 1, 0]",5.2,6.33,10.35,3.93,39013313.95
ARWR,71.65,8,"[0, 1, 1, 1, 1, 1, 1, 1, 1, 0]",77.25,62.98,86.97,14.71,2975429.7
WTFC,163.66,10,"[1, 1, 1, 1, 1, 1, 1, 1, 1, 1]",155.19,143.28,166.9,118.91,647413.1
AES,14.8,9,"[1, 1, 1, 1, 1, 1, 0, 1, 1, 1]",14.64,14.3,17.07,12.06,8731076.0
SPXC,212.86,5,"[0, 0, 0, 1, 1, 1, 0, 1, 1, 0]",221.48,212.91,246.41,173.83,996665.8
VFS,3.12,3,"[0, 0, 0, 0, 1, 0, 0, 0, 1, 1]",3.34,3.43,4.76,2.81,425300.6
AHR,56.66,10,"[1, 1, 1, 1, 1, 1, 1, 1, 1, 1]",50.35,48.31,57.16,36.23,4452977.35
DAR,63.5,10,"[1, 1, 1, 1, 1, 1, 1, 1, 1, 1]",58.81,48.27,64.84,29.74,2470490.4
FCFS,209.66,8,"[0, 1, 1, 1, 1, 1, 1, 1, 1, 0]",221.59,186.48,232.57,118.91,469807.25
UMBF,144.55,10,"[1, 1, 1, 1, 1, 1, 1, 1, 1, 1]",135.49,121.53,148.02,102.87,749668.95
ARW,205.61,8,"[0, 1, 1, 1, 1, 1, 1, 1, 1, 0]",213.8,153.24,234.83,101.87,604913.5
MOG-A,395.96,9,"[1, 1, 1, 1, 1, 1, 1, 1, 1, 0]",374.09,295.31,425.85,181.72,323642.25
HBM,20.84,5,"[0, 0, 0, 1, 1, 1, 1, 0, 1, 0]",25.17,21.78,31.86,9.05,4747252.25
GTLS,209.9,9,"[1, 1, 1, 1, 1, 1, 0, 1, 1, 1]",208.06,205.91,209.91,167.29,1439370.4
MGM,46.34,9,"[1, 1, 1, 1, 1, 1, 1, 1, 1, 0]",44.57,37.65,50.69,30.72,2876790.8
VMI,525.88,8,"[0, 1, 1, 1, 1, 1, 1, 1, 1, 0]",537.08,453.44,582.78,329.67,210307.2
ABVX,131.5,9,"[1, 1, 1, 0, 1, 1, 1, 1, 1, 1]",117.23,115.08,145.31,10.0,2363999.35
CTRE,42.45,10,"[1, 1, 1, 1, 1, 1, 1, 1, 1, 1]",39.72,37.36,42.88,29.22,2835815.5
MOH,229.71,10,"[1, 1, 1, 1, 1, 1, 1, 1, 1, 1]",203.5,172.41,242.88,122.65,1101588.75
BPOP,172.12,10,"[1, 1, 1, 1, 1, 1, 1, 1, 1, 1]",157.81,135.38,173.86,107.38,572132.0
SNEX,70.71,4,"[0, 0, 0, 1, 1, 1, 0, 0, 1, 0]",112.93,83.98,139.01,54.63,1199176.65
CYTK,79.11,10,"[1, 1, 1, 1, 1, 1, 1, 1, 1, 1]",77.82,66.98,87.26,33.23,2326949.35
VSAT,69.51,9,"[0, 1, 1, 1, 1, 1, 1, 1, 1, 1]",71.62,50.36,89.81,14.47,3014545.15
ICLR,166.18,8,"[1, 1, 1, 1, 0, 0, 1, 1, 1, 1]",145.81,149.12,202.92,80.08,906076.7
AGX,602.18,8,"[0, 1, 1, 1, 1, 1, 1, 1, 1, 0]",677.79,473.62,798.55,203.04,358133.15
CAMT,147.09,6,"[0, 0, 1, 1, 1, 1, 1, 0, 1, 0]",166.8,146.53,207.46,76.73,546609.85
SBSW,8.0,2,"[0, 0, 0, 0, 1, 0, 0, 0, 1, 0]",10.32,12.56,20.52,7.06,5424754.3
ELPC,11.71,10,"[1, 1, 1, 1, 1, 1, 1, 1, 1, 1]",11.67,10.72,13.39,7.42,383841.55
TTC,93.6,10,"[1, 1, 1, 1, 1, 1, 1, 1, 1, 1]",92.26,86.7,100.89,67.07,672693.3
R,267.69,10,"[1, 1, 1, 1, 1, 1, 1, 1, 1, 1]",257.55,211.14,280.34,158.04,366596.25
CAVA,63.51,5,"[0, 0, 0, 1, 1, 1, 1, 0, 1, 0]",77.58,70.67,97.39,43.59,3051589.95
PRAX,304.43,8,"[0, 0, 1, 1, 1, 1, 1, 1, 1, 1]",311.83,272.85,357.13,37.71,558292.95
ZION,71.89,10,"[1, 1, 1, 1, 1, 1, 1, 1, 1, 1]",65.68,58.95,73.31,45.85,1677435.7
SIRI,30.6,10,"[1, 1, 1, 1, 1, 1, 1, 1, 1, 1]",28.53,23.43,31.22,19.47,4167699.15
RIOT,19.9,7,"[0, 1, 1, 1, 1, 1, 1, 0, 1, 0]",24.76,18.5,28.69,11.03,16531488.05
FLS,66.74,4,"[0, 0, 0, 0, 1, 1, 1, 0, 1, 0]",72.53,72.46,91.49,48.65,1948356.85
ALGM,46.36,7,"[0, 1, 1, 1, 1, 1, 1, 0, 1, 0]",51.23,37.24,69.62,22.8,3750086.1
GDS,32.23,3,"[0, 0, 0, 0, 1, 0, 0, 0, 1, 1]",34.88,38.19,47.52,29.02,2354683.6
KRYS,339.22,9,"[1, 1, 1, 1, 1, 1, 1, 1, 1, 0]",329.76,264.59,378.15,134.94,384284.1
EGO,27.73,4,"[0, 0, 0, 0, 1, 1, 1, 0, 1, 0]",31.58,33.97,49.52,20.34,2252588.0
GGB,4.68,10,"[1, 1, 1, 1, 1, 1, 1, 1, 1, 1]",4.52,3.95,4.89,2.8,16050755.55
MXL,75.01,7,"[0, 1, 1, 1, 1, 1, 1, 0, 1, 0]",90.74,38.38,128.03,13.05,3772344.65
IBRX,7.49,8,"[0, 1, 1, 1, 1, 1, 1, 0, 1, 1]",7.82,5.7,11.55,1.98,12558969.4
AAL,15.14,9,"[1, 1, 1, 1, 1, 1, 1, 1, 1, 0]",15.03,13.58,18.15,10.18,158137536.15
DDS,555.99,3,"[0, 0, 0, 0, 0, 0, 0, 1, 1, 1]",560.27,598.28,699.51,443.23,121351.8
FRO,36.93,9,"[1, 1, 1, 1, 1, 1, 1, 1, 1, 0]",36.52,29.1,42.88,16.8,2916891.45
CRUS,136.79,6,"[0, 0, 0, 1, 1, 1, 1, 1, 1, 0]",159.29,140.52,178.9,97.25,644799.55
BVN,30.06,4,"[0, 0, 0, 0, 1, 1, 1, 0, 1, 0]",32.57,30.85,42.44,16.53,985588.75
W,87.76,6,"[1, 1, 1, 0, 0, 1, 1, 0, 1, 0]",78.19,87.09,119.05,56.42,2812909.95
LUMN,6.38,4,"[0, 0, 0, 1, 0, 1, 1, 0, 1, 0]",8.41,8.08,11.83,3.7,13781590.9
LLYVK,101.59,10,"[1, 1, 1, 1, 1, 1, 1, 1, 1, 1]",100.15,91.93,108.0,77.33,396961.45
LLYVA,97.6,10,"[1, 1, 1, 1, 1, 1, 1, 1, 1, 1]",96.94,89.34,104.11,74.85,254318.7
LEVI,23.92,10,"[1, 1, 1, 1, 1, 1, 1, 1, 1, 1]",23.27,21.55,24.99,17.8,3382036.65
COLB,32.8,10,"[1, 1, 1, 1, 1, 1, 1, 1, 1, 1]",30.56,28.26,33.61,22.1,2809273.65
OSK,142.0,7,"[1, 0, 1, 0, 1, 1, 0, 1, 1, 1]",136.74,140.92,177.15,117.67,705507.8
MTCH,39.04,10,"[1, 1, 1, 1, 1, 1, 1, 1, 1, 1]",36.36,33.18,40.29,28.57,3652784.75
FR,68.2,10,"[1, 1, 1, 1, 1, 1, 1, 1, 1, 1]",62.65,58.56,68.86,46.03,1355876.9
CRL,219.7,10,"[1, 1, 1, 1, 1, 1, 1, 1, 1, 1]",192.74,184.67,233.6,145.57,916015.95
FROG,90.43,10,"[1, 1, 1, 1, 1, 1, 1, 1, 1, 1]",81.03,59.31,98.1,34.75,3486076.6
ZWS,47.8,7,"[0, 0, 1, 1, 1, 1, 1, 1, 1, 0]",48.45,47.7,52.67,36.46,1130761.65
SIMO,252.61,7,"[0, 1, 1, 1, 1, 1, 1, 0, 1, 0]",286.84,157.2,336.9,70.56,789203.15
ENS,192.28,8,"[0, 1, 1, 1, 1, 1, 1, 1, 1, 0]",222.26,174.53,243.06,87.97,595730.55
PRMB,24.31,10,"[1, 1, 1, 1, 1, 1, 1, 1, 1, 1]",23.93,20.11,28.39,14.21,2888759.4
EMN,68.08,6,"[0, 0, 1, 1, 1, 1, 0, 1, 1, 0]",71.05,67.49,79.49,54.37,1274014.45
CIFR,20.54,7,"[0, 1, 1, 1, 1, 1, 1, 0, 1, 0]",22.83,18.36,29.18,4.72,24207657.7
QBTS,16.72,3,"[0, 0, 0, 1, 0, 1, 0, 0, 1, 0]",23.2,23.86,44.78,12.98,21610893.65
ECG,131.49,8,"[0, 1, 1, 1, 1, 1, 1, 1, 1, 0]",149.64,114.54,169.16,66.7,672104.05
NUVL,123.96,10,"[1, 1, 1, 1, 1, 1, 1, 1, 1, 1]",113.1,103.84,123.96,72.16,1691223.75
FIGR,30.42,2,"[0, 0, 0, 0, 0, 0, 0, 0, 1, 1]",32.3,38.35,73.91,25.28,3906268.7
ICL,5.0,2,"[0, 0, 0, 1, 0, 0, 0, 0, 1, 0]",5.66,5.51,6.91,4.72,1344650.2
TKR,134.38,9,"[1, 1, 1, 1, 1, 1, 1, 1, 1, 0]",131.77,101.62,145.32,70.03,878711.05
SSL,11.45,9,"[0, 1, 1, 1, 1, 1, 1, 1, 1, 1]",11.91,9.28,14.29,4.8,1503668.85
KRMN,44.88,2,"[0, 0, 0, 0, 1, 0, 0, 0, 1, 0]",53.85,75.85,115.29,44.84,3955997.75
BOKF,140.47,10,"[1, 1, 1, 1, 1, 1, 1, 1, 1, 1]",133.23,124.29,143.11,96.54,272499.9
NXE,8.73,4,"[0, 0, 0, 0, 1, 1, 1, 0, 1, 0]",10.42,10.59,13.92,6.46,4492994.65
NE,40.6,7,"[0, 0, 1, 1, 1, 1, 1, 1, 1, 0]",44.71,38.68,53.79,24.34,1760058.7
AMG,366.12,10,"[1, 1, 1, 1, 1, 1, 1, 1, 1, 1]",333.29,294.25,379.59,206.63,267566.45
IDA,147.03,9,"[1, 1, 1, 1, 1, 1, 0, 1, 1, 1]",144.69,136.78,154.55,117.54,638110.3
VIRT,56.66,8,"[0, 1, 1, 1, 1, 1, 1, 1, 1, 0]",56.67,42.83,66.82,31.82,1345596.7
MSGS,397.96,10,"[1, 1, 1, 1, 1, 1, 1, 1, 1, 1]",374.44,298.88,403.03,192.65,249564.1
ROAD,102.45,2,"[0, 0, 0, 0, 1, 0, 0, 0, 1, 0]",114.14,115.99,140.48,93.43,926776.85
CMC,65.52,6,"[0, 0, 0, 1, 1, 1, 1, 1, 1, 0]",70.3,67.57,82.67,49.69,1594259.2
JXN,123.02,10,"[1, 1, 1, 1, 1, 1, 1, 1, 1, 1]",109.28,105.59,125.7,81.3,666512.0
ESE,321.33,9,"[1, 1, 1, 1, 1, 1, 1, 1, 1, 0]",316.65,262.6,354.82,184.98,282186.9
GKOS,155.46,10,"[1, 1, 1, 1, 1, 1, 1, 1, 1, 1]",134.86,113.99,156.84,74.67,803858.05
CWEN,33.33,5,"[0, 0, 0, 1, 1, 1, 0, 1, 1, 0]",36.78,35.59,41.26,26.9,1284647.7
CIG,2.15,8,"[1, 1, 1, 0, 1, 1, 0, 1, 1, 1]",2.11,2.09,2.62,1.7,6357678.75
MBLY,8.95,4,"[0, 0, 0, 1, 0, 0, 1, 0, 1, 1]",9.48,10.14,16.19,6.56,6820073.8
KNTK,51.11,10,"[1, 1, 1, 1, 1, 1, 1, 1, 1, 1]",48.18,41.69,51.27,30.53,1003897.35
CHRD,128.8,9,"[0, 1, 1, 1, 1, 1, 1, 1, 1, 1]",130.36,111.22,148.35,82.2,862672.8
MIDD,129.56,9,"[1, 1, 1, 1, 1, 1, 1, 1, 1, 0]",129.15,117.43,144.17,89.85,819896.1
PCVX,55.5,9,"[1, 1, 1, 0, 1, 1, 1, 1, 1, 1]",52.39,51.44,63.04,29.67,1765018.25
KEX,144.53,10,"[1, 1, 1, 1, 1, 1, 1, 1, 1, 1]",141.65,124.6,152.59,79.95,649101.65
HALO,77.09,10,"[1, 1, 1, 1, 1, 1, 1, 1, 1, 1]",71.83,69.23,81.57,55.92,1885009.0
YOU,57.18,10,"[1, 1, 1, 1, 1, 1, 1, 1, 1, 1]",55.48,43.3,62.18,28.34,1378074.7
ORA,103.56,4,"[0, 0, 0, 1, 1, 1, 0, 0, 1, 0]",125.49,115.72,145.1,84.82,886405.95
VLY,14.67,10,"[1, 1, 1, 1, 1, 1, 1, 1, 1, 1]",14.0,12.35,15.19,8.85,6434001.0
VFC,16.88,5,"[0, 0, 0, 0, 1, 1, 1, 1, 1, 0]",16.97,17.42,21.44,11.41,5830939.9
WFRD,78.2,5,"[0, 0, 0, 1, 1, 1, 1, 0, 1, 0]",95.52,88.42,111.42,52.76,1549523.8
CORZ,22.4,8,"[0, 1, 1, 1, 1, 1, 1, 1, 1, 0]",25.3,19.54,29.16,12.65,11338097.4
TEX,62.92,8,"[0, 1, 1, 1, 1, 1, 1, 1, 1, 0]",63.95,58.49,74.58,41.55,1543457.4
SOBO,37.3,10,"[1, 1, 1, 1, 1, 1, 1, 1, 1, 1]",36.24,30.58,37.83,24.54,941932.95
FAF,71.73,10,"[1, 1, 1, 1, 1, 1, 1, 1, 1, 1]",67.86,63.99,73.03,54.58,968667.05
IDCC,258.18,1,"[0, 0, 0, 0, 0, 0, 0, 0, 1, 0]",269.1,324.9,393.78,219.36,328176.85
OR,28.06,2,"[0, 0, 0, 0, 1, 0, 0, 0, 1, 0]",33.71,36.99,47.56,27.51,1123845.4
HXL,105.73,10,"[1, 1, 1, 1, 1, 1, 1, 1, 1, 1]",94.87,82.75,105.73,59.0,1079476.8
OGC,22.18,4,"[0, 0, 0, 0, 1, 1, 1, 0, 1, 0]",27.26,29.4,42.39,13.47,359081.5
SLAB,217.36,8,"[0, 1, 1, 1, 1, 1, 1, 1, 1, 0]",218.16,179.22,220.34,116.08,482848.4
RIG,5.02,5,"[0, 0, 0, 1, 1, 1, 1, 0, 1, 0]",5.86,5.23,7.58,2.64,37741225.45
PLXS,252.59,8,"[0, 1, 1, 1, 1, 1, 1, 1, 1, 0]",273.78,202.87,303.82,118.29,331448.2
GGAL,49.95,9,"[1, 1, 1, 1, 1, 1, 1, 1, 1, 0]",48.85,46.7,58.75,25.39,1040037.35
SSRM,25.05,5,"[0, 0, 0, 1, 1, 1, 1, 0, 1, 0]",29.55,26.48,35.74,11.95,3484319.25
LTH,42.51,10,"[1, 1, 1, 1, 1, 1, 1, 1, 1, 1]",36.32,29.31,42.84,24.59,3118528.3
KYMR,111.06,10,"[1, 1, 1, 1, 1, 1, 1, 1, 1, 1]",93.5,79.85,119.35,37.68,1268113.95
SM,31.28,10,"[1, 1, 1, 1, 1, 1, 1, 1, 1, 1]",30.04,24.31,34.57,17.3,3781691.5
LEA,140.16,10,"[1, 1, 1, 1, 1, 1, 1, 1, 1, 1]",138.38,121.47,146.59,90.56,554792.85
HR,21.25,10,"[1, 1, 1, 1, 1, 1, 1, 1, 1, 1]",20.32,18.11,21.32,14.57,3720495.95
RHP,127.85,10,"[1, 1, 1, 1, 1, 1, 1, 1, 1, 1]",118.91,99.45,130.93,82.97,682300.0
NOV,19.55,9,"[0, 1, 1, 1, 1, 1, 1, 1, 1, 1]",19.69,17.69,21.36,11.6,3907810.6
DBX,30.53,8,"[1, 1, 1, 1, 0, 0, 1, 1, 1, 1]",27.6,26.95,32.17,22.06,3485956.25
TFPM,27.39,3,"[0, 0, 0, 0, 1, 1, 0, 0, 1, 0]",30.13,32.8,41.23,22.75,718752.6
AUGO,50.07,4,"[0, 0, 0, 0, 1, 1, 1, 0, 1, 0]",66.09,61.43,108.01,22.99,1138201.35
MTDR,53.47,9,"[0, 1, 1, 1, 1, 1, 1, 1, 1, 1]",53.71,49.25,65.01,36.31,1730645.35
MYRG,390.32,8,"[0, 1, 1, 1, 1, 1, 1, 1, 1, 0]",446.23,303.48,501.13,173.81,302702.65
AVT,85.02,8,"[0, 1, 1, 1, 1, 1, 1, 1, 1, 0]",86.52,64.31,92.93,43.64,1189796.8
LGN,68.14,6,"[0, 1, 1, 1, 1, 0, 1, 0, 1, 0]",82.61,57.97,102.27,29.72,1885616.0
BRKR,56.17,9,"[1, 1, 1, 1, 1, 1, 1, 1, 1, 0]",54.28,44.52,62.65,29.21,2105977.25
SGHC,15.58,9,"[1, 1, 1, 1, 0, 1, 1, 1, 1, 1]",13.66,11.78,15.58,8.45,3136912.0
STEP,42.25,1,"[0, 0, 0, 0, 0, 0, 0, 0, 1, 0]",46.25,54.79,74.4,39.54,1597928.65
UGP,6.23,10,"[1, 1, 1, 1, 1, 1, 1, 1, 1, 1]",5.39,4.82,6.25,2.84,4409841.5
VAL,74.88,6,"[0, 0, 1, 1, 1, 1, 1, 0, 1, 0]",87.25,74.74,113.42,44.25,902033.75
BLSH,22.69,1,"[0, 0, 0, 0, 0, 0, 0, 0, 1, 0]",29.56,38.65,74.63,21.88,1407510.05
TGTX,53.96,10,"[1, 1, 1, 1, 1, 1, 1, 1, 1, 1]",47.64,35.85,59.06,26.39,2536214.75
MIRM,116.62,10,"[1, 1, 1, 1, 1, 1, 1, 1, 1, 1]",107.88,90.73,128.57,51.12,938498.35
ST,44.57,8,"[0, 1, 1, 1, 1, 1, 1, 1, 1, 0]",47.87,37.83,53.55,28.36,1703068.95
NPO,324.64,8,"[0, 1, 1, 1, 1, 1, 1, 1, 1, 0]",331.11,264.47,387.65,200.44,342824.9
PAYC,149.71,7,"[1, 1, 1, 1, 0, 0, 1, 0, 1, 1]",136.31,146.57,236.57,113.28,878987.4
SYRE,97.33,10,"[1, 1, 1, 1, 1, 1, 1, 1, 1, 1]",82.89,48.67,102.07,14.82,1838287.75
SWX,91.73,9,"[1, 1, 1, 1, 1, 1, 0, 1, 1, 1]",89.08,84.46,93.37,74.73,622002.1
COMP,11.74,9,"[1, 1, 1, 0, 1, 1, 1, 1, 1, 1]",9.7,9.49,13.58,6.68,15195740.25
AROC,37.03,9,"[0, 1, 1, 1, 1, 1, 1, 1, 1, 1]",37.11,31.32,41.95,21.54,2297414.75
AXTI,48.83,6,"[0, 0, 1, 1, 1, 1, 1, 0, 1, 0]",89.69,44.75,140.83,1.92,9495993.7
RSI,34.52,10,"[1, 1, 1, 1, 1, 1, 1, 1, 1, 1]",29.22,22.06,34.52,14.55,2508801.05
RYTM,104.6,9,"[1, 1, 1, 1, 0, 1, 1, 1, 1, 1]",97.57,98.8,117.62,75.82,898217.55
HIMS,32.7,6,"[1, 1, 1, 1, 0, 0, 1, 0, 1, 0]",29.96,31.54,66.18,14.52,14077197.7
PTGX,134.27,10,"[1, 1, 1, 1, 1, 1, 1, 1, 1, 1]",113.28,94.29,140.91,50.96,932292.05
ACA,144.74,10,"[1, 1, 1, 1, 1, 1, 1, 1, 1, 1]",133.56,114.82,145.33,83.51,1268569.25
FNB,18.75,10,"[1, 1, 1, 1, 1, 1, 1, 1, 1, 1]",18.16,17.06,19.49,14.33,6121198.9
FLY,19.67,3,"[0, 0, 0, 1, 1, 0, 0, 0, 1, 0]",34.22,27.97,60.35,16.78,4982664.9
CELC,87.99,5,"[0, 0, 0, 0, 1, 1, 1, 0, 1, 1]",108.48,102.02,144.98,13.54,1725041.6
ENIC,4.34,8,"[0, 1, 1, 1, 1, 1, 1, 1, 1, 0]",4.37,4.04,4.66,3.01,539512.65
INGM,28.5,10,"[1, 1, 1, 1, 1, 1, 1, 1, 1, 1]",27.93,23.99,31.64,18.49,1300851.7
LUNR,13.83,5,"[0, 0, 0, 1, 1, 1, 1, 0, 1, 0]",26.52,19.09,45.7,8.05,11018989.6
RGTI,14.25,2,"[0, 0, 0, 1, 0, 0, 0, 0, 1, 0]",19.8,23.2,56.34,12.9,25791225.95
CLF,8.98,2,"[0, 0, 0, 1, 0, 0, 0, 0, 1, 0]",11.31,11.56,16.18,7.82,19406028.55
CE,44.56,3,"[0, 0, 0, 0, 1, 1, 0, 0, 1, 0]",51.36,49.93,69.24,35.49,1820355.05
APGE,134.15,10,"[1, 1, 1, 1, 1, 1, 1, 1, 1, 1]",103.38,78.92,134.29,34.65,6074232.65
LSTR,211.17,10,"[1, 1, 1, 1, 1, 1, 1, 1, 1, 1]",204.04,161.16,225.37,118.1,463533.75
GVA,122.08,6,"[0, 0, 0, 1, 1, 1, 1, 1, 1, 0]",139.08,122.94,160.26,91.89,1026227.45
VIST,63.91,8,"[0, 1, 1, 1, 1, 1, 1, 1, 1, 0]",69.23,58.21,79.25,33.7,882341.5
KGS,64.45,8,"[0, 1, 1, 1, 1, 1, 1, 1, 1, 0]",69.92,51.12,76.27,29.75,1984343.0
URBN,74.83,8,"[1, 1, 1, 1, 1, 1, 0, 1, 1, 0]",71.93,70.28,82.7,59.57,1200345.1
PTCT,78.01,9,"[1, 1, 1, 1, 1, 1, 1, 1, 1, 0]",76.48,72.62,89.55,43.3,2249419.3
ETSY,84.03,9,"[1, 1, 1, 1, 0, 1, 1, 1, 1, 1]",70.71,61.37,85.74,44.05,2778460.1
LNTH,104.4,10,"[1, 1, 1, 1, 1, 1, 1, 1, 1, 1]",101.83,76.26,110.94,50.11,943468.7
VNO,39.74,8,"[1, 1, 1, 1, 0, 0, 1, 1, 1, 1]",36.09,33.09,42.04,24.71,1548557.75
REZI,35.53,6,"[1, 1, 0, 0, 0, 0, 1, 1, 1, 1]",31.96,35.59,44.5,23.94,1797143.3
OUT,32.66,10,"[1, 1, 1, 1, 1, 1, 1, 1, 1, 1]",32.15,26.0,33.81,15.95,1734197.45
FLG,14.84,10,"[1, 1, 1, 1, 1, 1, 1, 1, 1, 1]",14.42,13.17,15.36,10.7,4769347.0
EAT,195.01,10,"[1, 1, 1, 1, 1, 1, 1, 1, 1, 1]",156.5,146.05,195.01,102.29,1032612.9
GXO,52.8,5,"[1, 0, 0, 0, 1, 0, 0, 1, 1, 1]",49.97,53.7,65.59,45.52,1387207.35
COGT,38.3,9,"[1, 1, 1, 0, 1, 1, 1, 1, 1, 1]",35.34,33.64,42.11,10.86,3254489.4
IBP,224.21,4,"[1, 0, 0, 0, 1, 0, 0, 0, 1, 1]",215.07,262.21,340.78,183.38,448824.6
ABCB,90.81,10,"[1, 1, 1, 1, 1, 1, 1, 1, 1, 1]",87.08,79.92,93.17,65.01,529577.5
TFX,134.03,10,"[1, 1, 1, 1, 1, 1, 1, 1, 1, 1]",130.48,120.28,138.45,99.79,437648.15
IMVT,39.92,10,"[1, 1, 1, 1, 1, 1, 1, 1, 1, 1]",34.55,27.04,41.09,14.69,1385789.6
CGON,70.19,10,"[1, 1, 1, 1, 1, 1, 1, 1, 1, 1]",65.54,55.42,75.24,23.94,1278680.45
USAR,15.23,4,"[0, 0, 0, 1, 0, 1, 1, 0, 1, 0]",22.52,20.24,38.68,11.05,11296721.55
NSA,44.18,9,"[1, 1, 1, 1, 1, 1, 1, 1, 1, 0]",43.67,35.2,46.04,26.69,1088157.55
ALKS,51.72,10,"[1, 1, 1, 1, 1, 1, 1, 1, 1, 1]",45.15,34.6,55.22,26.13,2365694.65
CENX,42.84,5,"[0, 0, 0, 1, 1, 1, 1, 0, 1, 0]",54.74,46.82,68.77,20.41,2367948.6
MSM,124.17,10,"[1, 1, 1, 1, 1, 1, 1, 1, 1, 1]",114.23,94.3,125.63,78.9,922162.6
SRRK,50.66,10,"[1, 1, 1, 1, 1, 1, 1, 1, 1, 1]",49.95,44.18,57.94,27.92,1719468.85
BLCO,15.98,6,"[1, 0, 0, 0, 1, 1, 0, 1, 1, 1]",15.89,16.27,18.6,13.5,370248.75
PIPR,76.15,2,"[0, 0, 0, 0, 0, 0, 0, 1, 1, 0]",77.47,80.97,92.51,69.79,703524.25
BKH,74.48,10,"[1, 1, 1, 1, 1, 1, 1, 1, 1, 1]",73.48,70.27,76.1,53.69,844483.95
KMX,55.91,9,"[1, 1, 1, 1, 1, 0, 1, 1, 1, 1]",47.58,43.14,63.53,30.88,3003005.0
MAC,25.59,10,"[1, 1, 1, 1, 1, 1, 1, 1, 1, 1]",23.73,19.78,25.92,15.6,3360418.8
CZR,29.8,10,"[1, 1, 1, 1, 1, 1, 1, 1, 1, 1]",29.09,25.14,30.41,18.14,4617877.25
PRIM,86.64,2,"[0, 0, 0, 0, 1, 0, 0, 0, 1, 0]",104.03,132.76,202.75,84.88,2485703.4
GLNG,49.65,9,"[0, 1, 1, 1, 1, 1, 1, 1, 1, 1]",51.62,45.02,57.07,34.97,1009795.65
OSCR,29.6,10,"[1, 1, 1, 1, 1, 1, 1, 1, 1, 1]",26.71,18.51,32.18,10.85,5697093.35
S,19.46,8,"[1, 1, 1, 1, 0, 0, 1, 1, 1, 1]",16.93,15.46,19.92,11.94,7186812.95
CORT,91.57,9,"[1, 1, 1, 1, 0, 1, 1, 1, 1, 1]",75.76,61.16,94.04,32.15,1092754.4
RUSHA,74.92,10,"[1, 1, 1, 1, 1, 1, 1, 1, 1, 1]",71.13,63.22,79.66,46.26,565484.2
HWC,77.29,10,"[1, 1, 1, 1, 1, 1, 1, 1, 1, 1]",70.82,65.26,79.16,53.34,962954.0
CACC,615.75,10,"[1, 1, 1, 1, 1, 1, 1, 1, 1, 1]",581.61,499.4,657.2,411.04,155585.0
ZGN,13.95,10,"[1, 1, 1, 1, 1, 1, 1, 1, 1, 1]",13.55,11.18,14.76,7.63,1339252.65
MATX,218.41,10,"[1, 1, 1, 1, 1, 1, 1, 1, 1, 1]",193.78,151.53,223.55,87.4,341269.05
MCY,106.3,10,"[1, 1, 1, 1, 1, 1, 1, 1, 1, 1]",103.02,92.14,111.12,66.81,319692.95
ALM,13.93,6,"[0, 0, 1, 1, 1, 1, 1, 0, 1, 0]",17.49,13.6,23.42,3.42,6209018.5
BGC,11.19,9,"[1, 1, 1, 1, 1, 1, 1, 1, 1, 0]",11.17,9.86,12.65,8.26,3628539.9
AUB,42.03,10,"[1, 1, 1, 1, 1, 1, 1, 1, 1, 1]",39.37,36.55,43.25,30.03,1344085.3
GTX,31.34,8,"[0, 1, 1, 1, 1, 1, 1, 1, 1, 0]",32.4,21.41,36.23,11.43,2795171.45
MRCY,94.73,8,"[0, 1, 1, 1, 1, 1, 1, 1, 1, 0]",106.18,86.95,126.21,51.51,765339.2
VSEC,194.6,6,"[0, 0, 1, 0, 1, 1, 1, 1, 1, 0]",195.75,190.0,237.9,129.38,550974.0
TEO,13.17,9,"[1, 1, 1, 1, 1, 1, 1, 1, 1, 0]",13.17,11.76,15.98,6.52,378556.05
LBRT,24.07,6,"[0, 0, 1, 1, 1, 1, 1, 0, 1, 0]",28.39,23.86,33.83,9.91,3711700.55
XENE,66.04,10,"[1, 1, 1, 1, 1, 1, 1, 1, 1, 1]",57.45,49.0,70.96,30.3,1968084.2
SNDR,37.47,10,"[1, 1, 1, 1, 1, 1, 1, 1, 1, 1]",35.32,28.35,38.66,20.04,1009540.4
KLIC,100.06,7,"[0, 1, 1, 1, 1, 1, 1, 0, 1, 0]",109.72,70.17,133.81,31.65,1320136.6
SEI,60.54,6,"[0, 0, 1, 1, 1, 1, 1, 0, 1, 0]",72.66,58.29,82.88,24.67,3015713.1
GOLF,111.53,10,"[1, 1, 1, 1, 1, 1, 1, 1, 1, 1]",100.0,91.65,118.53,73.29,363189.25
BEPC,34.22,3,"[0, 0, 0, 0, 0, 1, 0, 1, 1, 0]",36.92,39.01,43.52,31.72,1300554.05
VCTR,98.19,10,"[1, 1, 1, 1, 1, 1, 1, 1, 1, 1]",87.47,71.92,100.58,59.52,504569.75
BC,79.13,7,"[0, 0, 1, 1, 1, 1, 1, 1, 1, 0]",80.68,75.67,88.28,55.31,665958.95
MUR,36.83,10,"[1, 1, 1, 1, 1, 1, 1, 1, 1, 1]",36.47,33.61,42.37,21.48,1910613.6
MGY,25.53,5,"[0, 0, 0, 1, 1, 1, 0, 1, 1, 0]",27.36,25.79,32.17,20.99,3092294.95
CRSP,46.99,1,"[0, 0, 0, 0, 0, 0, 0, 0, 1, 0]",52.89,55.11,76.78,44.34,1764411.2
PACS,44.73,10,"[1, 1, 1, 1, 1, 1, 1, 1, 1, 1]",39.15,32.27,46.13,7.71,1021537.5
HASI,37.82,8,"[0, 1, 1, 1, 1, 1, 1, 1, 1, 0]",38.98,35.07,42.83,23.22,890028.8
ATAT,32.13,2,"[0, 0, 0, 0, 0, 0, 0, 1, 1, 0]",33.67,36.63,42.21,31.03,925639.75
CRC,52.25,4,"[0, 0, 0, 1, 1, 0, 0, 1, 1, 0]",56.77,54.35,69.66,42.98,843798.65
LEGN,23.21,3,"[0, 0, 0, 1, 0, 0, 1, 0, 1, 0]",29.18,25.05,44.32,16.65,2113044.5
PRM,34.67,9,"[1, 1, 1, 1, 1, 1, 1, 1, 1, 0]",33.53,27.76,37.78,15.64,1817528.2
IFS,59.55,10,"[1, 1, 1, 1, 1, 1, 1, 1, 1, 1]",52.96,45.61,60.68,34.31,222466.6
CROX,135.39,10,"[1, 1, 1, 1, 1, 1, 1, 1, 1, 1]",119.07,95.21,138.91,73.39,1099554.1
CAR,159.52,6,"[0, 0, 1, 1, 1, 1, 1, 0, 1, 0]",165.55,157.89,713.97,87.69,660925.6
M,23.31,9,"[1, 1, 1, 1, 1, 1, 1, 1, 1, 0]",22.3,20.42,25.96,11.47,5341532.3
AVAL,4.95,9,"[1, 1, 1, 1, 1, 1, 1, 1, 1, 0]",4.87,4.34,5.73,2.72,239521.15
KNF,78.57,6,"[0, 0, 1, 0, 1, 1, 1, 1, 1, 0]",80.53,77.96,94.57,59.93,529791.05
DIOD,87.27,7,"[0, 1, 1, 1, 1, 1, 1, 0, 1, 0]",103.67,73.0,122.76,42.36,651099.8
SON,54.59,10,"[1, 1, 1, 1, 1, 1, 1, 1, 1, 1]",51.51,47.81,57.42,38.0,1213846.5
WSC,26.09,8,"[0, 1, 1, 1, 1, 1, 1, 1, 1, 0]",26.55,21.8,31.26,14.84,1903883.0
RELY,23.86,10,"[1, 1, 1, 1, 1, 1, 1, 1, 1, 1]",21.77,17.07,25.23,12.2,3430342.1
SXT,109.71,8,"[0, 1, 1, 1, 1, 1, 1, 1, 1, 0]",116.7,100.34,124.49,82.67,523131.05
ALH,24.54,4,"[0, 1, 0, 1, 0, 0, 0, 1, 1, 0]",25.47,24.54,26.93,19.06,652160.9
ACLS,131.7,7,"[0, 1, 1, 1, 1, 1, 1, 0, 1, 0]",158.68,109.03,191.6,67.69,629903.5
LB,75.5,10,"[1, 1, 1, 1, 1, 1, 1, 1, 1, 1]",71.21,64.11,85.14,44.06,408097.15
STVN,19.15,7,"[1, 1, 1, 1, 0, 0, 1, 0, 1, 1]",18.21,18.93,27.85,13.38,298203.75
BMA,90.56,9,"[1, 1, 1, 1, 1, 1, 1, 1, 1, 0]",86.46,79.4,101.13,37.79,224074.05
GBTG,9.41,9,"[1, 1, 1, 1, 0, 1, 1, 1, 1, 1]",9.39,7.5,9.51,4.97,2269006.5
TDS,33.79,2,"[0, 0, 0, 0, 1, 0, 0, 0, 1, 0]",38.72,41.13,47.5,33.39,1145993.0
NOVT,143.55,8,"[0, 1, 1, 1, 1, 1, 1, 1, 1, 0]",155.34,131.19,168.59,99.22,577998.75
MARA,11.67,4,"[0, 1, 0, 1, 0, 0, 1, 0, 1, 0]",13.3,12.15,22.84,6.73,47866475.45
ACHR,5.31,1,"[0, 0, 0, 0, 0, 0, 0, 0, 1, 0]",5.59,7.3,13.64,4.44,34860216.95
PSMT,180.42,9,"[1, 1, 1, 1, 1, 1, 1, 1, 1, 0]",177.92,147.42,197.9,103.58,367757.7
SYNA,113.6,8,"[0, 1, 1, 1, 1, 1, 1, 1, 1, 0]",129.34,90.11,147.57,58.52,1439607.55
OPEN,4.45,2,"[0, 0, 0, 0, 0, 0, 1, 0, 1, 0]",4.65,5.77,10.52,1.84,86169332.6
PBF,63.85,10,"[1, 1, 1, 1, 1, 1, 1, 1, 1, 1]",44.85,37.81,63.85,20.96,3045112.05
INDV,39.12,10,"[1, 1, 1, 1, 1, 1, 1, 1, 1, 1]",38.7,33.71,41.83,15.6,1812131.15
ENPH,39.46,5,"[0, 0, 0, 1, 1, 1, 1, 0, 1, 0]",50.96,39.97,72.33,26.12,5677425.05
KC,10.04,2,"[0, 0, 0, 0, 1, 0, 0, 0, 1, 0]",11.81,12.84,18.21,8.58,1522795.2
MIAX,42.04,5,"[0, 0, 0, 1, 0, 1, 1, 0, 1, 1]",44.14,43.43,56.84,30.74,2333842.35
TGS,30.11,6,"[0, 0, 1, 0, 1, 1, 1, 1, 1, 0]",30.29,29.96,35.32,20.12,248194.25
DNTH,101.0,10,"[1, 1, 1, 1, 1, 1, 1, 1, 1, 1]",89.16,63.5,105.6,18.76,1351975.75
SPHR,137.54,8,"[0, 1, 1, 1, 1, 1, 1, 1, 1, 0]",145.48,109.2,173.03,38.7,659675.0
MDU,20.87,8,"[0, 1, 1, 1, 1, 1, 1, 1, 1, 0]",21.38,20.42,22.65,15.53,1589628.35
EBC,22.65,10,"[1, 1, 1, 1, 1, 1, 1, 1, 1, 1]",20.79,19.48,23.46,14.6,2743971.75
HRB,41.7,8,"[1, 1, 1, 1, 0, 0, 1, 1, 1, 1]",37.9,38.25,54.28,27.66,1955469.3
NAVN,27.73,7,"[1, 1, 0, 1, 0, 0, 1, 1, 1, 1]",21.9,27.73,27.73,8.51,5055206.15
AIR,135.69,10,"[1, 1, 1, 1, 1, 1, 1, 1, 1, 1]",124.17,104.76,143.61,71.73,517746.75
VSH,37.37,7,"[0, 1, 1, 1, 1, 1, 1, 0, 1, 0]",49.04,25.73,64.9,11.65,7642109.8
PI,137.72,5,"[0, 1, 0, 1, 0, 0, 1, 0, 1, 1]",139.68,147.31,241.91,91.34,344865.7
MEOH,54.7,9,"[0, 1, 1, 1, 1, 1, 1, 1, 1, 1]",55.69,48.48,65.5,31.93,1015633.9
NTSK,13.52,5,"[1, 1, 0, 0, 0, 0, 1, 0, 1, 1]",11.09,14.44,25.79,7.73,5305756.2
QS,5.89,1,"[0, 0, 0, 0, 0, 0, 0, 0, 1, 0]",7.56,9.7,18.44,5.86,24410074.65
CVLT,146.72,8,"[1, 1, 1, 1, 0, 0, 1, 1, 1, 1]",126.19,116.94,195.41,75.18,769019.05
CSTM,27.78,8,"[0, 1, 1, 1, 1, 1, 1, 1, 1, 0]",32.53,24.48,36.15,13.08,1890950.2
LAUR,35.84,9,"[1, 1, 1, 1, 1, 1, 1, 1, 1, 0]",35.49,33.3,40.46,22.6,1326549.95
PAM,84.05,8,"[1, 1, 1, 0, 1, 1, 1, 1, 1, 0]",82.86,82.29,92.27,56.55,151435.4
PAGP,25.93,10,"[1, 1, 1, 1, 1, 1, 1, 1, 1, 1]",24.47,21.04,25.95,15.88,1136227.9
CVSA,115.04,4,"[0, 1, 1, 1, 0, 0, 0, 0, 1, 0]",124.91,114.8,154.45,89.36,395783.25
ATMU,50.52,6,"[1, 0, 0, 0, 1, 1, 1, 1, 1, 0]",50.46,53.58,65.5,37.18,770197.65
FTDR,74.87,10,"[1, 1, 1, 1, 1, 1, 1, 1, 1, 1]",68.81,61.8,79.07,49.1,702457.2
MMYT,53.22,4,"[1, 0, 0, 0, 0, 0, 1, 0, 1, 1]",48.53,61.7,103.21,36.3,1149355.95
INSW,88.4,10,"[1, 1, 1, 1, 1, 1, 1, 1, 1, 1]",81.48,61.89,89.98,34.06,620164.85
HCC,79.0,4,"[0, 0, 0, 0, 1, 1, 1, 0, 1, 0]",88.61,84.66,110.28,50.48,713359.45
NAMS,29.67,4,"[0, 0, 0, 1, 0, 1, 1, 0, 1, 0]",33.56,34.0,41.45,21.28,1081547.45
KNSA,62.58,10,"[1, 1, 1, 1, 1, 1, 1, 1, 1, 1]",56.53,46.55,67.29,26.33,1055478.5
SHC,17.42,10,"[1, 1, 1, 1, 1, 1, 1, 1, 1, 1]",16.45,16.41,19.35,11.01,2821054.8
TBBB,41.24,9,"[1, 1, 1, 1, 1, 1, 1, 1, 1, 0]",39.56,34.75,42.58,24.12,601509.3
HRI,147.36,9,"[1, 1, 1, 1, 1, 1, 1, 1, 1, 0]",140.83,135.68,179.36,90.58,570746.15
NWE,71.88,10,"[1, 1, 1, 1, 1, 1, 1, 1, 1, 1]",70.68,66.47,73.42,50.02,479057.6
FLNC,14.28,5,"[0, 0, 0, 1, 1, 1, 1, 0, 1, 0]",20.56,18.95,32.23,6.75,8733817.9
LGND,293.99,10,"[1, 1, 1, 1, 1, 1, 1, 1, 1, 1]",261.76,215.0,322.61,131.58,592043.55
IPGP,97.9,5,"[0, 0, 0, 1, 1, 1, 1, 0, 1, 0]",110.42,101.66,153.91,71.6,379602.55
CBT,88.89,9,"[1, 1, 1, 1, 1, 1, 1, 1, 1, 0]",86.08,73.86,93.4,57.64,588513.45
GTLB,34.07,7,"[1, 1, 1, 1, 0, 0, 1, 0, 1, 1]",28.95,32.75,51.04,19.42,4640406.75
BCO,119.59,7,"[1, 1, 1, 0, 0, 0, 1, 1, 1, 1]",103.44,112.16,135.25,84.62,555614.15
HAFN,7.33,9,"[0, 1, 1, 1, 1, 1, 1, 1, 1, 1]",7.59,6.52,9.11,4.62,1768060.7
WIX,53.36,4,"[1, 0, 0, 0, 0, 0, 1, 0, 1, 1]",52.41,86.67,184.24,40.43,1226003.1
AZZ,147.38,9,"[1, 1, 1, 1, 1, 1, 1, 1, 1, 0]",145.74,124.94,159.9,97.18,373299.55
ONDS,6.87,4,"[0, 0, 0, 0, 1, 1, 1, 0, 1, 0]",9.17,9.42,14.01,1.82,93403180.8
UNF,290.38,10,"[1, 1, 1, 1, 1, 1, 1, 1, 1, 1]",267.05,222.89,292.69,149.3,168183.25
IRDM,46.41,9,"[0, 1, 1, 1, 1, 1, 1, 1, 1, 1]",47.13,28.85,55.72,15.57,2967579.95
STNG,77.98,9,"[1, 1, 1, 1, 1, 1, 1, 1, 1, 0]",77.74,67.38,86.1,41.94,940663.95
TCBI,103.5,10,"[1, 1, 1, 1, 1, 1, 1, 1, 1, 1]",100.83,95.53,107.74,76.93,542359.85
TPC,80.54,9,"[1, 1, 1, 0, 1, 1, 1, 1, 1, 1]",77.06,74.22,97.23,45.54,586243.0
ENVA,230.45,10,"[1, 1, 1, 1, 1, 1, 1, 1, 1, 1]",194.99,155.64,242.18,100.56,420086.3
PLUG,2.13,4,"[0, 0, 0, 1, 0, 1, 1, 0, 1, 0]",3.03,2.62,4.14,1.4,51204774.4
HNGE,87.7,10,"[1, 1, 1, 1, 1, 1, 1, 1, 1, 1]",68.79,50.62,90.0,31.17,2223735.5
WHD,53.64,8,"[0, 1, 1, 1, 1, 1, 1, 1, 1, 0]",56.02,49.9,62.59,33.12,879101.35
PTEN,10.1,9,"[0, 1, 1, 1, 1, 1, 1, 1, 1, 1]",10.79,8.48,12.74,5.0,9568261.65
SMR,7.96,1,"[0, 0, 0, 0, 0, 0, 0, 0, 1, 0]",10.58,17.86,53.43,7.64,27465034.4
CMBT,15.08,10,"[1, 1, 1, 1, 1, 1, 1, 1, 1, 1]",14.99,11.89,16.55,7.49,1131035.35
CNO,53.03,10,"[1, 1, 1, 1, 1, 1, 1, 1, 1, 1]",49.49,43.34,53.59,34.91,896946.35
BETA,19.64,5,"[1, 1, 0, 0, 0, 0, 1, 0, 1, 1]",17.08,19.64,36.8,13.59,1374956.05
CNR,83.96,4,"[0, 0, 0, 0, 1, 1, 0, 0, 1, 1]",85.74,88.95,113.11,69.02,591425.45
BLLN,125.14,7,"[1, 1, 0, 1, 0, 0, 1, 1, 1, 1]",104.79,125.14,130.31,64.03,717906.45
ZETA,21.34,10,"[1, 1, 1, 1, 1, 1, 1, 1, 1, 1]",20.11,18.78,25.25,14.55,9036415.35
NVTS,11.54,5,"[0, 0, 0, 1, 1, 1, 1, 0, 1, 0]",20.49,12.68,31.79,5.54,17904235.45
FHI,58.12,8,"[1, 1, 1, 1, 1, 1, 0, 1, 1, 0]",56.91,53.79,60.04,46.11,600411.75
COLD,15.46,10,"[1, 1, 1, 1, 1, 1, 1, 1, 1, 1]",14.91,12.64,16.25,9.61,4520942.85
LMND,67.45,8,"[1, 1, 1, 0, 1, 1, 1, 0, 1, 1]",60.08,65.31,96.57,36.28,1480084.6
AMRX,17.5,10,"[1, 1, 1, 1, 1, 1, 1, 1, 1, 1]",15.02,13.12,18.04,7.82,2256028.95
LPL,3.19,2,"[0, 0, 0, 1, 0, 0, 0, 0, 1, 0]",4.4,4.44,5.76,3.19,3279923.2
TREX,43.18,5,"[0, 1, 1, 1, 0, 0, 1, 0, 1, 0]",43.58,41.07,68.49,30.13,2010559.95
DOO,59.92,4,"[1, 0, 0, 0, 1, 0, 0, 0, 1, 1]",58.72,66.33,81.22,47.36,202518.15
MTRN,242.05,9,"[1, 1, 1, 1, 1, 1, 1, 1, 1, 0]",239.17,165.08,297.39,91.69,382081.25
XMTR,100.12,10,"[1, 1, 1, 1, 1, 1, 1, 1, 1, 1]",90.01,62.61,100.12,30.97,823389.85
NP,31.59,9,"[1, 1, 1, 1, 1, 0, 1, 1, 1, 1]",28.97,25.97,34.06,17.14,1003229.9
LASR,68.31,9,"[0, 1, 1, 1, 1, 1, 1, 1, 1, 1]",70.33,53.2,84.95,19.12,1417330.4
CAAP,24.39,5,"[0, 0, 0, 0, 1, 1, 1, 1, 1, 0]",25.55,25.04,30.35,17.49,220715.2
TNL,72.56,9,"[1, 1, 1, 1, 1, 1, 1, 1, 1, 0]",70.9,68.63,78.1,54.98,645155.05
PVH,77.25,6,"[0, 1, 1, 1, 0, 0, 0, 1, 1, 1]",81.41,76.56,98.77,60.85,1040410.9
LBTYA,10.31,3,"[0, 0, 0, 0, 1, 0, 0, 1, 1, 0]",11.54,11.5,13.03,9.84,1946768.3
CRGY,10.47,8,"[0, 0, 1, 1, 1, 1, 1, 1, 1, 1]",11.24,10.29,13.79,7.6,6362091.65
COCO,73.87,8,"[0, 1, 1, 1, 1, 1, 1, 1, 1, 0]",75.42,57.18,84.02,32.3,1221910.05
POWI,71.15,8,"[0, 1, 1, 1, 1, 1, 1, 1, 1, 0]",76.4,52.88,87.35,30.52,938048.85
LEU,156.39,1,"[0, 0, 0, 0, 0, 0, 0, 0, 1, 0]",174.25,238.67,436.0,146.61,889254.9
KTB,83.36,9,"[1, 1, 1, 1, 0, 1, 1, 1, 1, 1]",76.02,71.02,88.17,53.29,869312.15
MRX,62.62,9,"[1, 1, 1, 1, 1, 1, 1, 1, 1, 0]",59.84,44.03,70.29,27.92,1004255.1
ARIS,13.87,4,"[0, 0, 0, 0, 1, 1, 1, 0, 1, 0]",16.39,16.22,22.68,6.74,1510872.8
DLO,14.71,8,"[1, 1, 1, 0, 0, 1, 1, 1, 1, 1]",12.83,13.2,15.57,9.84,3251605.65
GFF,89.07,8,"[0, 1, 1, 1, 1, 1, 1, 1, 1, 0]",89.34,81.19,97.53,66.26,357240.75
TDW,75.43,10,"[1, 1, 1, 1, 1, 1, 1, 1, 1, 1]",74.17,67.42,91.12,47.29,791788.35
OPLN,38.54,10,"[1, 1, 1, 1, 1, 1, 1, 1, 1, 1]",38.17,30.91,42.9,24.17,1149530.65
KAI,306.39,5,"[0, 0, 1, 0, 1, 0, 0, 1, 1, 1]",308.93,304.49,356.98,246.63,141478.8
BBWI,20.51,4,"[1, 1, 0, 0, 0, 0, 1, 0, 1, 0]",19.55,20.6,31.84,14.56,5549291.05
TVTX,55.47,10,"[1, 1, 1, 1, 1, 1, 1, 1, 1, 1]",50.68,36.97,59.03,15.32,1706780.6
CRNX,83.87,10,"[1, 1, 1, 1, 1, 1, 1, 1, 1, 1]",45.72,44.19,83.91,26.85,8201534.25
LIVN,79.21,10,"[1, 1, 1, 1, 1, 1, 1, 1, 1, 1]",77.27,65.2,84.03,41.13,696080.65
NVST,26.58,9,"[1, 1, 1, 0, 1, 1, 1, 1, 1, 1]",24.9,24.03,30.26,18.89,2574074.0
ACMR,82.52,7,"[0, 1, 1, 1, 1, 1, 1, 0, 1, 0]",88.0,56.29,126.89,23.92,1610427.75
UCTT,91.76,7,"[0, 1, 1, 1, 1, 1, 1, 0, 1, 0]",98.12,58.06,142.59,21.63,1644013.9
HGV,48.31,8,"[0, 1, 1, 1, 1, 1, 1, 1, 1, 0]",50.15,45.5,54.69,36.99,1226577.05
PII,72.8,10,"[1, 1, 1, 1, 1, 1, 1, 1, 1, 1]",67.74,63.53,73.78,45.09,879148.0
SKE,25.06,4,"[0, 0, 0, 0, 1, 1, 1, 0, 1, 0]",28.46,26.73,38.12,13.98,791676.1
EE,38.91,10,"[1, 1, 1, 1, 1, 1, 1, 1, 1, 1]",35.79,32.68,42.7,22.84,343533.35
ORKA,91.71,10,"[1, 1, 1, 1, 1, 1, 1, 1, 1, 1]",72.56,45.83,95.17,13.05,1814852.1
RNG,40.74,10,"[1, 1, 1, 1, 1, 1, 1, 1, 1, 1]",40.64,34.04,49.02,23.54,1559973.05
CATY,62.0,10,"[1, 1, 1, 1, 1, 1, 1, 1, 1, 1]",59.31,51.89,63.72,43.56,557762.25
ACAD,25.09,8,"[1, 1, 1, 0, 1, 1, 0, 1, 1, 1]",22.94,23.43,28.06,20.06,1856056.4
CPRX,31.49,10,"[1, 1, 1, 1, 1, 1, 1, 1, 1, 1]",31.33,25.53,31.5,19.13,2471963.55
DAN,26.15,4,"[0, 0, 0, 0, 1, 1, 1, 0, 1, 0]",31.12,28.47,38.79,15.11,1831167.85
EWTX,38.81,10,"[1, 1, 1, 1, 1, 1, 1, 1, 1, 1]",37.14,28.61,48.35,12.68,1223765.25
TAC,13.72,7,"[1, 1, 1, 1, 0, 1, 0, 1, 1, 0]",13.48,13.67,17.66,11.78,1436079.55
SOUN,6.31,1,"[0, 0, 0, 0, 0, 0, 0, 0, 1, 0]",7.43,10.06,21.4,5.9,29099674.6
JOE,60.24,4,"[0, 0, 0, 0, 1, 1, 0, 1, 1, 0]",63.5,62.4,72.44,46.54,286752.75
HP,33.69,7,"[0, 0, 1, 1, 1, 1, 1, 1, 1, 0]",36.45,32.34,41.53,14.8,1264185.95
INDB,84.81,10,"[1, 1, 1, 1, 1, 1, 1, 1, 1, 1]",80.68,75.62,87.17,60.08,461423.15
FG,30.79,8,"[1, 1, 1, 1, 0, 0, 1, 1, 1, 1]",28.04,27.91,34.32,20.28,581995.4
BB,8.83,8,"[0, 1, 1, 1, 1, 1, 1, 0, 1, 1]",9.11,5.35,12.81,3.15,33116261.35
PPTA,17.02,3,"[0, 0, 0, 0, 1, 1, 0, 0, 1, 0]",23.79,26.75,37.22,14.95,1228316.8
LRN,85.64,5,"[0, 1, 0, 1, 0, 0, 1, 0, 1, 1]",90.03,88.06,169.81,61.02,713539.6
BULL,7.69,7,"[1, 1, 1, 1, 0, 0, 1, 0, 1, 1]",6.8,7.68,17.74,4.63,9706722.95
BELFB,266.11,8,"[0, 1, 1, 1, 1, 1, 1, 1, 1, 0]",280.85,215.03,332.96,102.84,350599.3
WSFS,78.92,10,"[1, 1, 1, 1, 1, 1, 1, 1, 1, 1]",74.17,63.8,80.23,49.92,532807.85
LQDA,77.08,10,"[1, 1, 1, 1, 1, 1, 1, 1, 1, 1]",67.51,42.12,81.45,15.1,1669786.4
ALHC,21.1,8,"[1, 1, 1, 0, 1, 1, 1, 1, 1, 0]",19.14,19.23,24.56,11.64,4857846.2
AAUC,20.41,4,"[0, 0, 0, 0, 1, 1, 1, 0, 1, 0]",25.42,25.61,32.01,11.58,524059.15
CGAU,15.19,4,"[0, 0, 0, 0, 1, 1, 1, 0, 1, 0]",16.55,15.83,20.91,6.76,1385096.4
OII,42.82,10,"[1, 1, 1, 1, 1, 1, 1, 1, 1, 1]",39.02,31.97,43.28,20.77,1142643.7
VKTX,36.38,9,"[1, 1, 1, 1, 0, 1, 1, 1, 1, 1]",33.3,33.65,42.13,23.09,2923094.05
CLSK,14.42,6,"[0, 1, 1, 1, 0, 1, 1, 0, 1, 0]",15.23,13.29,23.2,8.18,23437020.9
SII,104.92,4,"[0, 0, 0, 0, 1, 1, 1, 0, 1, 0]",121.33,116.43,165.88,62.19,194454.15
VECO,50.69,7,"[0, 1, 1, 1, 1, 1, 1, 0, 1, 0]",62.96,40.55,83.04,19.94,1488208.05
RUM,5.83,2,"[0, 0, 0, 1, 0, 0, 0, 0, 1, 0]",7.29,6.54,10.02,4.67,3096572.1
WRBY,24.59,7,"[0, 0, 1, 1, 1, 1, 1, 1, 1, 0]",26.72,24.02,30.34,16.49,2788682.6
TLX,10.51,8,"[1, 1, 1, 1, 0, 1, 1, 0, 1, 1]",10.37,9.3,16.5,6.41,167082.15
RXO,28.87,10,"[1, 1, 1, 1, 1, 1, 1, 1, 1, 1]",25.62,17.83,29.29,10.48,1680797.05
BTE,4.19,9,"[0, 1, 1, 1, 1, 1, 1, 1, 1, 1]",4.52,3.7,5.3,1.93,19022487.6
LION,13.69,8,"[0, 1, 1, 1, 1, 1, 1, 1, 1, 0]",13.94,10.0,16.4,5.77,2918804.3
TWST,87.45,9,"[1, 1, 1, 1, 1, 1, 1, 1, 1, 0]",76.85,49.9,102.88,24.16,1801569.6
FIBK,38.55,10,"[1, 1, 1, 1, 1, 1, 1, 1, 1, 1]",36.76,34.31,40.22,26.87,1111601.25
BFH,99.48,9,"[1, 1, 1, 1, 1, 1, 1, 1, 1, 0]",95.21,77.52,108.73,53.59,660693.5
BHF,64.91,10,"[1, 1, 1, 1, 1, 1, 1, 1, 1, 1]",63.29,61.36,66.61,43.36,480277.5
SLG,50.8,8,"[1, 1, 1, 1, 0, 0, 1, 1, 1, 1]",47.53,44.55,62.85,34.32,1086707.4
HYMC,18.76,4,"[0, 0, 0, 0, 1, 1, 1, 0, 1, 0]",28.17,27.17,55.74,3.26,2169323.15
OGN,13.49,10,"[1, 1, 1, 1, 1, 1, 1, 1, 1, 1]",13.43,9.39,13.56,5.69,2258333.9
SIG,90.44,6,"[1, 1, 1, 0, 0, 0, 0, 1, 1, 1]",84.7,90.26,105.59,73.94,818621.4
GNW,10.1,10,"[1, 1, 1, 1, 1, 1, 1, 1, 1, 1]",9.15,8.76,10.1,7.34,3093141.45
HWKN,145.29,4,"[0, 0, 0, 1, 1, 0, 0, 1, 1, 0]",152.91,149.48,183.81,119.87,191013.0
CTRI,27.3,4,"[0, 0, 0, 0, 1, 1, 1, 0, 1, 0]",29.79,27.8,41.8,19.37,1697611.2
RUN,11.44,1,"[0, 0, 0, 0, 0, 0, 0, 0, 1, 0]",13.53,16.2,21.41,9.07,12562646.1
ASO,47.82,3,"[0, 0, 0, 0, 1, 0, 0, 1, 1, 0]",49.85,52.51,60.83,41.39,1636998.95
HSAI,14.93,2,"[0, 0, 0, 0, 1, 0, 0, 0, 1, 0]",18.51,22.08,29.8,14.8,1955137.5
ATS,26.61,4,"[0, 0, 0, 0, 1, 1, 0, 1, 1, 0]",29.5,29.05,35.38,24.24,146044.2
CC,17.18,5,"[0, 0, 0, 1, 1, 1, 1, 0, 1, 0]",21.06,17.6,27.84,10.39,2857151.5
BKU,48.05,10,"[1, 1, 1, 1, 1, 1, 1, 1, 1, 1]",47.3,44.62,50.23,34.63,1070017.9
TRMD,29.08,8,"[0, 1, 1, 1, 1, 1, 1, 1, 1, 0]",29.41,24.9,34.08,15.92,933655.0
SUNC,74.58,7,"[1, 1, 0, 1, 0, 0, 1, 1, 1, 1]",68.13,74.58,74.58,46.46,391946.7
MANU,22.04,9,"[1, 1, 1, 1, 1, 1, 1, 1, 1, 0]",21.5,17.95,23.53,15.1,247593.05
AAP,52.04,6,"[0, 0, 1, 1, 1, 0, 1, 1, 1, 0]",56.38,52.04,65.19,38.18,1856287.9
AVNT,36.11,8,"[1, 1, 1, 0, 1, 1, 1, 1, 1, 0]",35.77,34.37,42.61,26.82,1009089.65
CVI,34.66,8,"[1, 1, 1, 1, 0, 0, 1, 1, 1, 1]",31.56,30.56,39.89,20.66,1030005.25
SA,24.79,4,"[0, 0, 0, 0, 1, 1, 1, 0, 1, 0]",28.8,29.15,39.35,15.19,586485.05
AMBA,65.7,3,"[0, 0, 0, 1, 0, 0, 1, 0, 1, 0]",74.19,70.98,95.51,48.65,1881073.3
APLE,16.9,10,"[1, 1, 1, 1, 1, 1, 1, 1, 1, 1]",15.57,12.62,16.96,10.63,3011383.8
CHEF,95.58,10,"[1, 1, 1, 1, 1, 1, 1, 1, 1, 1]",87.68,69.07,102.36,54.6,527686.05
BEAM,26.33,5,"[0, 0, 0, 1, 1, 1, 1, 0, 1, 0]",31.43,28.1,37.92,16.01,2798509.2
CWK,13.06,3,"[0, 0, 0, 0, 0, 0, 0, 1, 1, 1]",13.23,14.49,17.2,11.41,2227973.6
TNGX,27.54,9,"[1, 1, 1, 1, 1, 1, 1, 1, 1, 0]",26.59,16.58,32.9,6.04,4134141.05
EFXT,23.06,8,"[0, 1, 1, 1, 1, 1, 1, 1, 1, 0]",25.17,19.32,28.36,7.76,369515.9
DAVE,438.28,10,"[1, 1, 1, 1, 1, 1, 1, 1, 1, 1]",310.5,235.05,442.53,155.92,562867.5
FSM,8.03,3,"[0, 0, 0, 0, 1, 1, 0, 0, 1, 0]",9.13,9.74,13.66,6.22,4380018.2
VRNS,47.45,7,"[1, 1, 1, 1, 0, 0, 1, 0, 1, 1]",36.11,33.76,63.31,20.19,2678191.7
NATL,47.21,10,"[1, 1, 1, 1, 1, 1, 1, 1, 1, 1]",44.57,41.32,48.13,26.44,711463.7
ADEA,26.21,8,"[0, 1, 1, 1, 1, 1, 1, 1, 1, 0]",29.6,21.85,33.57,11.64,1713253.25
BTDR,11.37,3,"[0, 0, 0, 1, 0, 0, 1, 0, 1, 0]",15.37,13.65,25.9,7.28,9563746.55
BATRK,51.23,10,"[1, 1, 1, 1, 1, 1, 1, 1, 1, 1]",50.84,43.91,52.87,38.04,623701.45
SEZL,171.76,10,"[1, 1, 1, 1, 1, 1, 1, 1, 1, 1]",138.89,86.75,188.55,50.97,675097.35
BBAR,19.59,9,"[1, 1, 1, 1, 1, 1, 1, 1, 1, 0]",18.25,16.02,21.81,7.85,560537.4
PARR,77.56,10,"[1, 1, 1, 1, 1, 1, 1, 1, 1, 1]",59.74,49.25,77.56,27.09,944809.3
VCYT,57.26,10,"[1, 1, 1, 1, 1, 1, 1, 1, 1, 1]",50.4,40.95,60.49,23.03,1261286.55
COLM,61.39,7,"[0, 1, 1, 1, 1, 1, 0, 1, 1, 0]",63.4,57.5,67.79,48.18,526023.1
FFBC,35.48,10,"[1, 1, 1, 1, 1, 1, 1, 1, 1, 1]",32.02,27.86,36.18,22.64,1230492.45
FSLY,20.47,9,"[1, 1, 1, 1, 1, 1, 1, 0, 1, 1]",18.46,16.18,33.5,6.36,5151792.5
ZIM,24.31,7,"[0, 0, 1, 1, 1, 1, 1, 1, 1, 0]",25.1,22.16,28.55,12.03,1163158.4
RCUS,28.17,10,"[1, 1, 1, 1, 1, 1, 1, 1, 1, 1]",26.11,22.65,31.08,9.06,1511597.45
CALY,18.92,10,"[1, 1, 1, 1, 1, 1, 1, 1, 1, 1]",16.97,13.73,19.66,8.12,2099073.65
BOH,83.8,10,"[1, 1, 1, 1, 1, 1, 1, 1, 1, 1]",79.26,72.46,85.85,58.13,425150.0
UNFI,48.62,8,"[0, 1, 1, 1, 1, 1, 1, 1, 1, 0]",50.01,42.05,55.52,25.05,649512.4
SXI,300.02,9,"[1, 1, 1, 1, 1, 1, 1, 1, 1, 0]",294.84,257.36,357.67,153.98,223413.85
PLAB,28.94,4,"[0, 0, 0, 0, 1, 1, 1, 0, 1, 0]",36.47,34.29,54.96,19.32,1320473.6
ERAS,18.82,10,"[1, 1, 1, 1, 1, 1, 1, 1, 1, 1]",14.47,10.17,22.47,1.39,6393619.75
EXTR,30.28,9,"[1, 1, 1, 1, 1, 1, 1, 1, 1, 0]",28.81,19.94,33.71,13.74,2180318.75
YETI,50.82,10,"[1, 1, 1, 1, 1, 1, 1, 1, 1, 1]",47.09,42.37,51.21,31.86,1026320.85
CARG,35.16,7,"[1, 1, 1, 0, 0, 0, 1, 1, 1, 1]",31.19,33.84,39.03,26.96,1366130.25
MPT,4.75,4,"[0, 0, 0, 0, 0, 1, 0, 1, 1, 1]",4.79,4.93,5.8,3.71,6416388.35
DNLI,22.9,9,"[1, 1, 1, 1, 1, 1, 1, 1, 1, 0]",22.1,19.46,27.21,12.75,2060953.3
BKD,14.93,10,"[1, 1, 1, 1, 1, 1, 1, 1, 1, 1]",13.83,12.61,16.77,7.13,5591589.55
CON,31.31,10,"[1, 1, 1, 1, 1, 1, 1, 1, 1, 1]",27.83,22.85,31.91,18.56,1052585.7
ETOR,36.68,5,"[0, 1, 1, 1, 0, 0, 1, 0, 1, 0]",39.25,35.89,65.08,24.76,776323.55
LXP,60.85,10,"[1, 1, 1, 1, 1, 1, 1, 1, 1, 1]",52.97,48.62,60.85,36.6,716717.9
MSGE,76.64,10,"[1, 1, 1, 1, 1, 1, 1, 1, 1, 1]",72.84,59.48,80.95,36.33,563057.15
BWLP,21.1,10,"[1, 1, 1, 1, 1, 1, 1, 1, 1, 1]",19.78,15.55,21.91,11.16,374569.05
KYIV,13.8,7,"[0, 1, 1, 1, 0, 1, 1, 1, 1, 0]",14.35,12.86,16.17,9.33,793918.65
BHE,80.61,8,"[0, 1, 1, 1, 1, 1, 1, 1, 1, 0]",86.5,60.16,98.67,35.65,567452.85
CAKE,86.11,10,"[1, 1, 1, 1, 1, 1, 1, 1, 1, 1]",71.16,59.17,86.11,42.72,1336159.75
HG,35.18,10,"[1, 1, 1, 1, 1, 1, 1, 1, 1, 1]",32.12,28.1,35.18,19.65,552397.75
DHT,17.89,9,"[1, 1, 1, 1, 1, 1, 1, 1, 1, 0]",17.49,14.99,19.96,10.09,3818726.8
AEHR,77.36,7,"[0, 1, 1, 1, 1, 1, 1, 0, 1, 0]",93.82,50.73,116.58,16.45,2851101.65
OLN,22.18,3,"[0, 0, 0, 0, 1, 0, 0, 0, 1, 1]",23.83,23.56,29.93,17.63,3433110.9
SBLK,26.09,9,"[0, 1, 1, 1, 1, 1, 1, 1, 1, 1]",26.21,22.07,27.69,16.14,1262664.6
VC,101.61,4,"[0, 1, 0, 1, 0, 0, 0, 1, 1, 0]",111.73,102.88,127.5,84.18,754460.6
TTAM,16.76,6,"[0, 0, 1, 1, 1, 1, 0, 1, 1, 0]",16.82,16.38,19.32,13.53,249191.45
BKV,25.39,5,"[0, 0, 0, 0, 1, 1, 0, 1, 1, 1]",26.59,27.11,32.16,19.68,868893.8
HIMX,12.69,7,"[0, 1, 1, 1, 1, 1, 1, 0, 1, 0]",17.39,10.76,23.77,6.81,2282975.55
BANC,20.81,10,"[1, 1, 1, 1, 1, 1, 1, 1, 1, 1]",19.68,18.61,21.48,13.82,2662296.55
SBCF,33.5,8,"[1, 1, 1, 0, 1, 1, 0, 1, 1, 1]",31.38,31.32,34.66,26.77,1220761.15
KN,35.5,8,"[0, 1, 1, 1, 1, 1, 1, 1, 1, 0]",37.66,28.14,42.8,17.96,1104142.1
ALMS,27.98,10,"[1, 1, 1, 1, 1, 1, 1, 1, 1, 1]",24.1,18.9,30.3,3.31,1793431.15
SDRL,42.49,9,"[0, 1, 1, 1, 1, 1, 1, 1, 1, 1]",44.55,39.52,54.8,27.8,1059469.1
CRVL,61.34,6,"[1, 1, 0, 1, 0, 0, 1, 0, 1, 1]",60.69,62.9,96.03,46.0,217795.3
ITGR,96.09,9,"[1, 1, 1, 1, 1, 0, 1, 1, 1, 1]",91.46,85.13,115.77,63.32,506834.65
SUPN,47.42,7,"[1, 0, 0, 0, 1, 1, 1, 1, 1, 1]",47.02,49.1,57.0,32.67,962806.55
XXI,5.32,1,"[0, 0, 0, 0, 0, 0, 0, 0, 1, 0]",6.33,9.84,29.75,4.95,1089134.2
LFST,11.34,10,"[1, 1, 1, 1, 1, 1, 1, 1, 1, 1]",9.01,7.17,11.58,3.79,4336625.35
TDC,30.6,8,"[0, 1, 1, 1, 1, 1, 1, 1, 1, 0]",33.06,28.88,37.88,20.11,3739794.15
NMRK,15.51,4,"[1, 0, 0, 0, 0, 0, 0, 1, 1, 1]",15.05,16.08,19.43,12.63,1365565.75
ERO,25.1,4,"[0, 0, 0, 0, 1, 1, 1, 0, 1, 0]",27.63,27.04,38.03,12.98,1087033.0
JOYY,71.59,10,"[1, 1, 1, 1, 1, 1, 1, 1, 1, 1]",64.34,60.1,71.76,45.78,276192.55
EXK,7.5,4,"[0, 0, 0, 0, 1, 1, 1, 0, 1, 0]",8.85,9.56,14.12,4.96,5263786.55
SHOO,43.27,9,"[1, 1, 1, 1, 1, 1, 1, 1, 1, 0]",42.1,39.07,46.15,23.0,1161383.3
PHIN,77.19,8,"[0, 1, 1, 1, 1, 1, 1, 1, 1, 0]",79.05,67.41,85.16,46.92,402776.7
ARX,13.58,6,"[0, 0, 1, 1, 1, 0, 1, 0, 1, 1]",14.08,13.57,30.05,9.36,2256449.55
KALU,156.94,8,"[0, 1, 1, 1, 1, 1, 1, 1, 1, 0]",176.71,131.91,195.63,71.09,314801.2
DBRG,15.81,10,"[1, 1, 1, 1, 1, 1, 1, 1, 1, 1]",15.71,14.4,15.81,9.15,3250930.45
PAGS,9.29,5,"[1, 0, 0, 0, 1, 0, 0, 1, 1, 1]",9.08,9.67,11.72,7.57,3231059.65
CECO,78.88,8,"[0, 1, 1, 1, 1, 1, 1, 1, 1, 0]",85.36,66.55,99.67,31.55,782317.75
WT,20.24,10,"[1, 1, 1, 1, 1, 1, 1, 1, 1, 1]",18.64,15.28,20.24,10.69,3048407.5
PFS,23.91,10,"[1, 1, 1, 1, 1, 1, 1, 1, 1, 1]",22.82,20.89,24.55,17.08,1025342.8
TRN,36.45,10,"[1, 1, 1, 1, 1, 1, 1, 1, 1, 1]",34.29,30.28,37.13,22.4,759946.0
DYN,23.45,9,"[1, 1, 1, 1, 0, 1, 1, 1, 1, 1]",19.79,18.6,24.29,9.17,2251881.3
GEO,30.6,10,"[1, 1, 1, 1, 1, 1, 1, 1, 1, 1]",26.66,19.15,30.6,13.26,2131040.45
LCII,106.9,5,"[1, 0, 0, 0, 1, 1, 0, 0, 1, 1]",102.82,114.77,154.08,82.3,706110.75
TNK,71.91,8,"[0, 1, 1, 1, 1, 1, 1, 1, 1, 0]",73.08,65.34,81.69,41.3,392713.95
BTU,22.94,4,"[0, 0, 0, 0, 1, 1, 1, 0, 1, 0]",24.92,29.67,39.38,15.24,2496070.1
NTCT,41.53,10,"[1, 1, 1, 1, 1, 1, 1, 1, 1, 1]",41.08,31.93,44.84,20.77,657534.85
DK,64.64,10,"[1, 1, 1, 1, 1, 1, 1, 1, 1, 1]",48.65,39.52,64.64,19.43,1241769.25
PTRN,28.01,9,"[1, 1, 1, 1, 1, 0, 1, 1, 1, 1]",21.74,15.5,29.4,9.59,2427588.45
GRND,15.57,8,"[1, 1, 1, 1, 0, 0, 1, 1, 1, 1]",13.67,12.98,19.87,9.85,1728879.15
TXG,43.22,10,"[1, 1, 1, 1, 1, 1, 1, 1, 1, 1]",31.95,21.78,45.79,11.34,3422053.45
CLMT,43.44,10,"[1, 1, 1, 1, 1, 1, 1, 1, 1, 1]",35.32,27.03,43.44,13.23,1089683.75
AEO,17.54,4,"[1, 0, 0, 0, 1, 0, 1, 0, 1, 0]",16.76,19.36,27.66,9.65,4673212.7
INOD,62.08,5,"[0, 1, 0, 1, 0, 1, 1, 0, 1, 0]",87.41,63.22,121.5,34.45,1157291.8
GPCR,46.98,6,"[1, 0, 0, 0, 1, 1, 1, 0, 1, 1]",44.1,51.02,93.79,16.2,808314.65
IHS,8.16,9,"[0, 1, 1, 1, 1, 1, 1, 1, 1, 1]",8.25,7.74,8.73,6.03,1183687.45
AYA,18.44,8,"[0, 1, 1, 1, 1, 1, 1, 1, 1, 0]",19.09,15.95,21.63,8.33,536306.65
SPNT,24.66,10,"[1, 1, 1, 1, 1, 1, 1, 1, 1, 1]",23.27,21.4,25.18,17.48,857891.2
KMT,33.73,6,"[0, 0, 1, 0, 1, 1, 1, 1, 1, 0]",34.71,32.56,43.04,19.42,1036637.75
STUB,9.27,3,"[0, 0, 0, 1, 0, 0, 1, 0, 1, 0]",10.41,11.68,22.0,6.09,8810565.95
FA,22.3,10,"[1, 1, 1, 1, 1, 1, 1, 1, 1, 1]",17.23,14.07,22.35,8.95,1954131.55
NKTR,64.84,8,"[0, 1, 1, 1, 1, 1, 1, 0, 1, 1]",66.71,62.47,100.35,21.68,1257847.85
EOSE,4.06,1,"[0, 0, 0, 0, 0, 0, 0, 0, 1, 0]",6.65,10.33,19.19,3.96,25239118.8
UAA,7.28,9,"[1, 1, 1, 0, 1, 1, 1, 1, 1, 1]",6.01,5.74,8.14,4.17,9285304.35
UA,7.13,9,"[1, 1, 1, 0, 1, 1, 1, 1, 1, 1]",5.85,5.57,7.88,3.96,3831220.85
DBD,85.34,10,"[1, 1, 1, 1, 1, 1, 1, 1, 1, 1]",80.64,72.86,88.77,53.99,303350.35
BKE,42.98,2,"[0, 0, 0, 0, 0, 0, 0, 1, 1, 0]",44.9,49.85,56.63,41.12,587607.95
UNIT,10.96,8,"[0, 1, 1, 1, 1, 1, 1, 1, 1, 0]",11.32,8.65,12.75,5.36,2490951.9
ARCB,158.2,10,"[1, 1, 1, 1, 1, 1, 1, 1, 1, 1]",142.43,101.56,173.22,59.5,408698.95
NN,12.84,3,"[0, 0, 0, 1, 1, 0, 0, 0, 1, 0]",19.12,16.49,23.59,11.37,2514312.35
HOG,27.82,8,"[1, 1, 1, 1, 0, 0, 1, 1, 1, 1]",24.92,22.64,30.05,17.06,2979874.95
ATRO,67.25,8,"[0, 1, 1, 1, 1, 1, 1, 1, 1, 0]",71.0,55.55,87.15,23.95,749885.9
CLDX,35.42,10,"[1, 1, 1, 1, 1, 1, 1, 1, 1, 1]",33.35,29.21,39.93,20.01,1250654.55
VAC,97.58,9,"[1, 1, 1, 1, 1, 1, 1, 1, 1, 0]",89.31,67.94,103.04,43.9,416683.9
ARQT,27.53,9,"[1, 1, 1, 0, 1, 1, 1, 1, 1, 1]",24.1,24.98,31.2,14.12,1628934.7
GRAL,68.91,5,"[1, 0, 0, 0, 0, 1, 1, 0, 1, 1]",65.51,74.15,116.06,31.42,555093.25
VISN,11.91,8,"[0, 1, 1, 1, 1, 1, 1, 1, 1, 0]",12.22,9.7,12.88,3.7,6265446.95
TARS,56.25,3,"[0, 0, 0, 0, 0, 1, 1, 0, 1, 0]",61.82,69.01,82.51,38.82,1510994.4
NGVT,74.77,10,"[1, 1, 1, 1, 1, 1, 1, 1, 1, 1]",71.04,65.31,77.87,40.4,292461.95
AMSC,32.51,2,"[0, 0, 0, 1, 0, 0, 0, 0, 1, 0]",43.97,39.79,66.68,25.95,785276.85
WAFD,36.84,10,"[1, 1, 1, 1, 1, 1, 1, 1, 1, 1]",36.49,32.72,39.32,27.16,663302.05
HUN,11.99,7,"[0, 0, 1, 1, 1, 1, 1, 1, 1, 0]",13.13,11.52,15.89,7.27,6708112.85
HUBG,50.32,10,"[1, 1, 1, 1, 1, 1, 1, 1, 1, 1]",43.75,40.93,52.19,32.8,794695.5
TRMK,46.58,10,"[1, 1, 1, 1, 1, 1, 1, 1, 1, 1]",45.02,41.8,47.66,35.62,477141.65
IRON,74.38,7,"[1, 1, 0, 0, 0, 1, 1, 1, 1, 1]",71.12,74.48,94.11,55.95,769997.8
CUBI,76.78,9,"[1, 1, 1, 1, 1, 1, 0, 1, 1, 1]",76.15,72.59,81.21,60.52,345157.45
VERA,36.99,5,"[0, 0, 0, 0, 1, 1, 1, 0, 1, 1]",37.12,38.74,55.67,19.25,2710271.8
ICHR,83.69,8,"[1, 1, 1, 1, 1, 1, 1, 0, 1, 0]",82.53,46.18,112.28,14.06,1291404.25
RARE,28.53,9,"[1, 1, 1, 1, 0, 1, 1, 1, 1, 1]",27.21,27.21,36.54,18.5,3001566.05
KOD,40.87,10,"[1, 1, 1, 1, 1, 1, 1, 1, 1, 1]",37.04,29.12,46.44,5.08,854256.2
SAH,96.34,10,"[1, 1, 1, 1, 1, 1, 1, 1, 1, 1]",83.78,69.41,102.72,57.63,265588.85
DRD,19.65,3,"[0, 0, 0, 0, 1, 0, 1, 0, 1, 0]",24.1,28.85,38.8,13.21,367641.0
HE,13.22,5,"[0, 0, 0, 0, 1, 1, 0, 1, 1, 1]",13.5,13.62,17.08,10.69,1843627.35
IMNM,22.16,9,"[1, 1, 1, 0, 1, 1, 1, 1, 1, 1]",21.05,20.54,26.97,8.99,1750998.25
FRSH,11.05,7,"[1, 1, 1, 1, 0, 0, 1, 0, 1, 1]",9.6,10.04,14.77,6.88,26689578.25
NSIT,114.19,8,"[1, 1, 1, 1, 0, 0, 1, 1, 1, 1]",107.06,90.77,146.66,64.43,453755.0
HTFL,24.56,2,"[0, 0, 0, 1, 0, 0, 0, 0, 1, 0]",29.66,29.64,39.91,20.49,2112531.35
OSW,26.05,9,"[1, 1, 1, 1, 1, 1, 1, 1, 1, 0]",25.51,22.52,28.68,19.28,995438.75
SEDG,48.61,7,"[0, 1, 1, 1, 1, 1, 1, 0, 1, 0]",57.32,42.36,78.51,24.42,2346735.15
ROG,130.82,8,"[0, 1, 1, 1, 1, 1, 1, 1, 1, 0]",144.95,110.45,167.09,64.78,292156.75
ATKR,73.4,8,"[0, 1, 1, 1, 1, 1, 1, 1, 1, 0]",76.84,68.26,85.41,52.77,317014.85
TALO,14.22,9,"[0, 1, 1, 1, 1, 1, 1, 1, 1, 1]",14.57,12.79,16.59,7.79,2036035.5
IDYA,35.45,9,"[1, 1, 1, 0, 1, 1, 1, 1, 1, 1]",32.14,32.34,40.51,21.81,1347284.05
ELVN,51.67,10,"[1, 1, 1, 1, 1, 1, 1, 1, 1, 1]",44.32,31.31,53.2,15.14,1593281.95
DGII,64.14,8,"[0, 1, 1, 1, 1, 1, 1, 1, 1, 0]",67.3,50.76,74.95,31.14,496985.95
LWLG,5.95,5,"[0, 0, 0, 1, 1, 1, 1, 0, 1, 0]",10.29,6.94,18.22,2.04,4753249.6
TMC,3.72,1,"[0, 0, 0, 0, 0, 0, 0, 0, 1, 0]",5.0,6.09,10.69,3.72,4655076.8
LMAT,101.69,8,"[1, 1, 1, 0, 1, 1, 0, 1, 1, 1]",97.42,94.68,117.1,79.09,347540.35
MTX,72.98,8,"[0, 1, 1, 1, 1, 1, 1, 1, 1, 0]",76.38,67.96,82.71,54.79,272500.6
BRZE,26.19,6,"[1, 1, 1, 0, 0, 0, 1, 0, 1, 1]",22.85,24.61,36.19,15.79,2465866.8
AAMI,82.15,10,"[1, 1, 1, 1, 1, 1, 1, 1, 1, 1]",74.86,57.45,83.27,39.16,511090.5
RLAY,19.18,10,"[1, 1, 1, 1, 1, 1, 1, 1, 1, 1]",15.88,10.77,20.75,3.22,4228365.9
MLYS,26.71,3,"[0, 0, 0, 0, 0, 0, 1, 0, 1, 1]",27.23,32.11,47.33,12.87,1304149.35
FBNC,64.05,10,"[1, 1, 1, 1, 1, 1, 1, 1, 1, 1]",60.81,55.72,66.23,45.74,314671.1
ANDE,77.58,10,"[1, 1, 1, 1, 1, 1, 1, 1, 1, 1]",71.39,62.16,79.24,34.13,330892.35
VNET,7.68,2,"[0, 0, 0, 0, 1, 0, 0, 0, 1, 0]",8.99,9.53,14.03,7.34,4424396.2
HTO,64.52,10,"[1, 1, 1, 1, 1, 1, 1, 1, 1, 1]",58.77,53.44,65.43,43.73,543326.0
DXPE,167.74,9,"[1, 1, 1, 1, 1, 1, 1, 1, 1, 0]",158.13,135.26,181.51,85.53,173173.15
PTON,6.52,7,"[1, 1, 1, 1, 0, 0, 1, 0, 1, 1]",5.77,5.8,9.0,3.71,8774362.95
SGML,10.19,5,"[0, 0, 0, 1, 1, 1, 1, 0, 1, 0]",14.42,12.62,23.65,4.68,1601057.9
TENB,37.76,9,"[1, 1, 1, 1, 0, 1, 1, 1, 1, 1]",29.91,25.03,42.65,16.04,3684237.9
DFTX,42.8,10,"[1, 1, 1, 1, 1, 1, 1, 1, 1, 1]",31.37,19.71,48.45,8.44,4844896.6
VERX,12.89,3,"[1, 0, 0, 0, 0, 0, 0, 0, 1, 1]",12.69,16.38,35.91,10.58,1747132.5
PLUS,90.4,10,"[1, 1, 1, 1, 1, 1, 1, 1, 1, 1]",83.96,82.41,92.48,61.5,237383.6
AERO,15.5,2,"[0, 0, 0, 0, 1, 0, 0, 0, 1, 0]",16.52,15.5,22.91,12.36,277368.2
AMPX,10.14,5,"[0, 0, 0, 1, 1, 1, 1, 0, 1, 0]",15.57,13.94,22.91,6.36,7257590.75
AMR,143.76,3,"[0, 0, 0, 0, 1, 1, 0, 0, 1, 0]",178.25,186.02,249.65,115.08,241714.2
COHU,51.55,7,"[0, 1, 1, 1, 1, 1, 1, 0, 1, 0]",55.73,35.38,73.91,17.86,1335377.8
AESI,13.76,7,"[0, 1, 1, 1, 1, 1, 1, 0, 1, 0]",16.77,12.8,19.75,8.1,2761554.35
NESR,27.23,10,"[1, 1, 1, 1, 1, 1, 1, 1, 1, 1]",26.15,20.05,29.93,6.02,2441742.95
WTTR,20.41,10,"[1, 1, 1, 1, 1, 1, 1, 1, 1, 1]",18.84,14.05,20.41,7.78,2013277.45
CDNL,69.25,5,"[1, 1, 0, 1, 0, 0, 1, 0, 1, 0]",66.04,69.25,94.31,22.03,1021045.75
ACHC,34.43,10,"[1, 1, 1, 1, 1, 1, 1, 1, 1, 1]",26.87,21.62,34.5,11.68,3654590.9
MNR,13.09,9,"[0, 1, 1, 1, 1, 1, 1, 1, 1, 1]",13.17,11.94,14.26,9.93,256793.75
GRDN,39.78,9,"[1, 1, 1, 1, 1, 1, 1, 1, 1, 0]",39.7,33.66,43.4,19.88,444210.35
CEPU,14.53,5,"[0, 0, 0, 0, 1, 1, 1, 1, 1, 0]",14.84,14.9,17.95,7.68,231820.65
PRDO,30.38,4,"[0, 0, 0, 1, 1, 0, 0, 1, 1, 0]",33.75,32.81,37.77,27.01,744450.3
HLIO,81.08,8,"[0, 1, 1, 1, 1, 1, 1, 1, 1, 0]",81.94,66.55,92.74,35.2,371591.0
WOLF,29.38,5,"[0, 0, 1, 1, 1, 0, 1, 0, 1, 0]",49.96,28.65,73.5,14.8,4351278.5
NTB,60.85,10,"[1, 1, 1, 1, 1, 1, 1, 1, 1, 1]",58.13,51.32,62.44,40.26,199107.85
FUN,17.39,3,"[0, 0, 0, 1, 0, 0, 1, 0, 1, 0]",20.9,18.5,32.94,12.83,2546318.35
BLBD,81.5,10,"[1, 1, 1, 1, 1, 1, 1, 1, 1, 1]",73.29,59.29,81.5,42.89,463351.8
KEEL,4.34,6,"[0, 1, 1, 1, 0, 1, 1, 0, 1, 0]",5.12,3.44,6.66,1.13,44463035.5
PENG,53.23,7,"[0, 1, 1, 1, 1, 1, 1, 0, 1, 0]",61.05,31.29,81.39,16.24,5286886.55
AXGN,39.48,8,"[0, 1, 1, 1, 1, 1, 1, 1, 1, 0]",42.15,33.0,46.19,11.61,1506049.6
PENN,21.23,9,"[1, 1, 1, 1, 1, 1, 1, 1, 1, 0]",19.57,16.15,22.06,11.76,3837222.2
CMPR,103.03,10,"[1, 1, 1, 1, 1, 1, 1, 1, 1, 1]",95.37,78.29,105.31,44.65,205085.55
FLOC,19.94,5,"[0, 0, 0, 1, 1, 1, 1, 0, 1, 0]",23.26,20.57,28.09,14.08,820303.25
DRH,12.75,10,"[1, 1, 1, 1, 1, 1, 1, 1, 1, 1]",11.5,9.64,12.75,7.27,2627975.85
XIFR,12.11,10,"[1, 1, 1, 1, 1, 1, 1, 1, 1, 1]",11.89,10.5,12.77,8.83,959130.3
ADPT,21.86,9,"[1, 1, 1, 1, 0, 1, 1, 1, 1, 1]",17.55,16.24,22.92,10.24,3102380.5
HTH,38.24,10,"[1, 1, 1, 1, 1, 1, 1, 1, 1, 1]",37.91,35.82,39.94,28.94,261289.9
CTOS,10.28,8,"[0, 1, 1, 1, 1, 1, 1, 1, 1, 0]",10.29,7.55,11.97,5.34,1088890.1
DRVN,14.75,7,"[1, 1, 1, 0, 0, 0, 1, 1, 1, 1]",13.78,14.11,19.21,10.3,955376.15
RDW,8.6,5,"[0, 0, 0, 1, 1, 1, 1, 0, 1, 0]",14.12,10.08,25.9,5.06,21087007.1
VVX,76.15,8,"[0, 1, 1, 1, 1, 1, 1, 1, 1, 0]",77.74,66.57,90.81,47.14,534958.7
BCRX,9.11,9,"[0, 1, 1, 1, 1, 1, 1, 1, 1, 1]",9.19,8.13,11.11,6.24,6379637.65
TIC,6.54,1,"[0, 0, 0, 0, 0, 0, 0, 0, 1, 0]",8.26,9.53,14.49,6.54,1900582.15
WERN,46.31,10,"[1, 1, 1, 1, 1, 1, 1, 1, 1, 1]",41.54,33.0,46.31,22.87,1071039.95
CENTA,37.97,10,"[1, 1, 1, 1, 1, 1, 1, 1, 1, 1]",36.38,32.26,39.54,26.27,396904.15
QUBT,7.92,2,"[0, 0, 0, 1, 0, 0, 0, 0, 1, 0]",10.03,10.91,24.62,6.31,12280379.35
ECO,54.24,10,"[1, 1, 1, 1, 1, 1, 1, 1, 1, 1]",52.18,42.15,56.77,21.16,509157.95
BHC,4.68,1,"[0, 0, 0, 0, 0, 0, 0, 0, 1, 0]",5.1,5.91,8.34,4.67,2754357.1
MBIN,48.91,9,"[1, 1, 1, 1, 1, 1, 1, 1, 1, 0]",47.82,40.67,50.36,28.87,202222.75
FLYW,18.03,10,"[1, 1, 1, 1, 1, 1, 1, 1, 1, 1]",16.46,13.98,18.78,10.33,2414029.6
PBI,18.51,10,"[1, 1, 1, 1, 1, 1, 1, 1, 1, 1]",16.84,12.3,18.51,8.89,2479705.6
WLY,49.98,10,"[1, 1, 1, 1, 1, 1, 1, 1, 1, 1]",44.99,36.93,52.4,28.33,643657.15
CMRE,14.92,5,"[0, 0, 0, 0, 1, 1, 1, 1, 1, 0]",15.73,15.46,17.79,9.08,437577.05
SLDE,21.04,10,"[1, 1, 1, 1, 1, 1, 1, 1, 1, 1]",18.62,17.64,21.38,12.74,1553005.5
OCUL,8.71,1,"[0, 0, 0, 0, 0, 0, 0, 0, 1, 0]",9.2,10.24,16.11,6.88,2680419.95
ESTA,93.42,10,"[1, 1, 1, 1, 1, 1, 1, 1, 1, 1]",79.97,68.27,93.42,33.62,788452.05
SRPT,16.83,2,"[0, 0, 0, 0, 0, 0, 1, 0, 1, 0]",17.48,19.72,24.45,11.93,3987481.95
IMOS,63.08,9,"[1, 1, 1, 1, 1, 1, 1, 1, 1, 0]",60.96,39.88,75.79,14.89,135588.35
NVCR,15.94,9,"[0, 1, 1, 1, 1, 1, 1, 1, 1, 1]",16.76,13.68,18.31,10.03,1538156.1
DEI,12.13,8,"[1, 1, 1, 1, 0, 0, 1, 1, 1, 1]",11.82,11.05,15.83,8.85,2227892.75
EZPW,31.96,9,"[0, 1, 1, 1, 1, 1, 1, 1, 1, 1]",32.69,25.31,35.59,13.13,1105114.8
PDFS,48.88,7,"[0, 1, 1, 1, 1, 1, 1, 0, 1, 0]",55.1,37.74,70.79,18.97,711633.65
TRVI,16.77,9,"[1, 1, 1, 1, 1, 1, 1, 1, 1, 0]",15.77,12.79,19.5,6.82,3366074.2
DCO,168.66,10,"[1, 1, 1, 1, 1, 1, 1, 1, 1, 1]",159.92,123.63,190.25,86.41,354947.8
WS,35.24,4,"[0, 0, 0, 1, 1, 1, 0, 0, 1, 0]",38.46,36.14,48.27,28.0,366779.25
STOK,27.68,4,"[0, 0, 0, 0, 1, 1, 1, 0, 1, 0]",30.69,31.58,38.35,12.31,991174.75
DHC,9.1,10,"[1, 1, 1, 1, 1, 1, 1, 1, 1, 1]",8.83,6.5,9.61,3.25,1630457.35
TYRA,31.06,7,"[0, 0, 1, 0, 1, 1, 1, 1, 1, 1]",31.29,28.08,39.61,10.1,839618.95
CLBK,24.5,10,"[1, 1, 1, 1, 1, 1, 1, 1, 1, 1]",20.56,17.65,24.5,13.73,1640231.6
MGNI,18.97,7,"[1, 1, 1, 1, 0, 0, 1, 0, 1, 1]",16.6,15.16,26.52,11.2,2816307.2
NGL,15.41,8,"[0, 1, 1, 1, 1, 1, 1, 1, 1, 0]",16.2,11.96,18.11,4.0,178026.65
NTST,21.78,9,"[1, 1, 1, 1, 1, 1, 0, 1, 1, 1]",20.57,19.06,22.26,16.77,2980353.55
ANAB,50.29,7,"[0, 1, 1, 1, 1, 1, 1, 0, 1, 0]",59.61,40.78,69.81,12.93,793315.1
PSNY,15.54,2,"[0, 0, 0, 1, 0, 0, 0, 0, 1, 0]",19.76,19.54,41.1,12.01,152303.1
NEXT,7.68,7,"[0, 1, 1, 1, 1, 0, 1, 0, 1, 1]",8.03,6.6,11.5,4.8,2716480.75
BBAI,2.82,1,"[0, 0, 0, 0, 0, 0, 0, 0, 1, 0]",3.92,4.96,8.91,2.82,28642057.75
ATEN,35.79,10,"[1, 1, 1, 1, 1, 1, 1, 1, 1, 1]",32.5,22.96,38.11,16.47,1219147.85
GTY,36.11,10,"[1, 1, 1, 1, 1, 1, 1, 1, 1, 1]",33.17,30.11,36.25,24.43,518613.05
OMCL,45.22,10,"[1, 1, 1, 1, 1, 1, 1, 1, 1, 1]",42.68,39.91,51.39,28.03,697694.2
SION,45.69,10,"[1, 1, 1, 1, 1, 1, 1, 1, 1, 1]",40.96,39.07,49.41,16.76,581863.45
SOC,4.19,3,"[0, 0, 0, 0, 1, 0, 1, 0, 1, 0]",9.96,10.81,30.67,3.08,18567705.4
BW,10.33,5,"[0, 0, 0, 1, 1, 1, 1, 0, 1, 0]",15.76,10.76,21.85,0.88,4618595.75
BSTZ,27.68,8,"[0, 1, 1, 1, 1, 1, 1, 1, 1, 0]",29.05,23.58,31.5,18.71,295182.55
NEOG,10.01,9,"[1, 1, 1, 0, 1, 1, 1, 1, 1, 1]",9.17,8.49,11.33,4.65,1837985.0
UTI,37.91,7,"[0, 1, 1, 1, 1, 1, 1, 0, 1, 0]",41.3,33.58,51.2,21.77,909831.25
INBX,84.09,6,"[0, 0, 1, 1, 1, 1, 1, 0, 1, 0]",99.4,81.59,141.84,20.93,359122.7
AUPH,15.25,7,"[0, 0, 1, 1, 1, 1, 1, 1, 1, 0]",16.0,14.98,18.62,8.62,2076019.6
TSHA,5.58,8,"[0, 1, 1, 1, 1, 1, 1, 1, 1, 0]",6.07,5.21,6.98,2.53,4252651.0
GNL,9.16,10,"[1, 1, 1, 1, 1, 1, 1, 1, 1, 1]",9.04,8.57,9.56,6.28,2992850.1
MBX,60.14,10,"[1, 1, 1, 1, 1, 1, 1, 1, 1, 1]",43.03,32.87,65.71,9.74,1021335.2
WSR,18.99,10,"[1, 1, 1, 1, 1, 1, 1, 1, 1, 1]",18.9,15.42,19.0,11.2,900507.7
ASTH,44.55,10,"[1, 1, 1, 1, 1, 1, 1, 1, 1, 1]",41.27,29.93,49.81,18.16,784951.6
LAC,2.9,1,"[0, 0, 0, 0, 0, 0, 0, 0, 1, 0]",4.4,5.04,10.05,2.55,9873622.05
IMAX,38.6,8,"[0, 1, 1, 1, 1, 1, 1, 1, 1, 0]",39.04,36.88,44.97,24.51,1086803.25
FIGS,10.26,4,"[0, 0, 0, 0, 1, 1, 1, 0, 1, 0]",11.42,11.64,17.12,6.03,3156688.9
MD,25.71,10,"[1, 1, 1, 1, 1, 1, 1, 1, 1, 1]",23.93,21.67,27.39,11.98,840509.0
NWL,5.12,9,"[1, 1, 1, 1, 1, 0, 1, 1, 1, 1]",4.57,4.12,6.14,2.94,13804241.6
PHVS,33.55,10,"[1, 1, 1, 1, 1, 1, 1, 1, 1, 1]",32.1,27.48,35.96,19.61,572776.1
PUMP,12.9,6,"[0, 0, 1, 1, 1, 1, 1, 0, 1, 0]",14.99,12.08,18.2,4.52,4083338.35
AGM,206.04,10,"[1, 1, 1, 1, 1, 1, 1, 1, 1, 1]",185.74,168.49,206.23,137.78,148445.3
RAMP,37.78,10,"[1, 1, 1, 1, 1, 1, 1, 1, 1, 1]",36.5,29.84,38.01,22.42,1114164.85
LAR,5.89,5,"[0, 0, 0, 1, 1, 1, 1, 0, 1, 0]",8.95,7.04,11.79,2.55,1572123.05
PRKS,44.58,7,"[1, 1, 1, 1, 0, 0, 1, 1, 1, 0]",42.65,39.03,55.21,29.73,662308.85
SNDX,22.29,9,"[1, 1, 1, 0, 1, 1, 1, 1, 1, 1]",20.41,20.15,25.15,9.57,2164906.8
JBLU,5.45,9,"[1, 1, 1, 1, 1, 1, 1, 1, 1, 0]",5.27,4.96,6.46,4.03,29508277.3
ARCO,8.17,6,"[0, 0, 1, 1, 1, 1, 0, 1, 1, 0]",8.41,7.88,9.42,6.32,1427570.25
NEXA,12.02,6,"[0, 0, 1, 1, 1, 1, 1, 0, 1, 0]",13.8,10.78,16.72,4.67,720619.35
AGRO,10.61,7,"[0, 0, 1, 1, 1, 1, 1, 0, 1, 1]",11.26,10.02,15.18,7.07,703889.95
HTZ,1.76,1,"[0, 0, 0, 0, 0, 0, 0, 0, 1, 0]",4.16,5.04,7.9,1.76,31813427.3
SPB,88.49,10,"[1, 1, 1, 1, 1, 1, 1, 1, 1, 1]",81.93,69.78,89.6,49.33,368219.9
BLX,58.89,9,"[1, 1, 1, 1, 1, 1, 1, 1, 1, 0]",57.44,49.36,62.78,38.29,228414.35
MESO,16.63,6,"[1, 1, 1, 0, 0, 0, 0, 1, 1, 1]",14.84,16.22,20.96,12.88,314217.05
OCS,11.73,3,"[0, 0, 0, 0, 1, 0, 0, 0, 1, 1]",17.91,22.37,32.65,10.71,430321.15
ANIP,77.72,3,"[0, 0, 0, 1, 0, 0, 0, 1, 1, 0]",81.28,81.74,98.81,63.35,340407.9
PGNY,31.77,10,"[1, 1, 1, 1, 1, 1, 1, 1, 1, 1]",26.94,22.86,32.36,16.3,1248917.7
INVX,25.54,7,"[0, 0, 1, 1, 1, 1, 1, 1, 1, 0]",26.93,24.39,31.05,15.47,410801.6
CASH,89.34,9,"[1, 1, 1, 0, 1, 1, 1, 1, 1, 1]",84.63,82.09,99.87,66.35,229653.25
RAPP,40.21,10,"[1, 1, 1, 1, 1, 1, 1, 1, 1, 1]",38.5,31.47,42.62,14.04,487922.6
SNDA,40.55,10,"[1, 1, 1, 1, 1, 1, 1, 1, 1, 1]",37.53,33.44,42.21,23.92,766030.25
TPB,80.62,2,"[0, 0, 0, 0, 1, 0, 0, 0, 1, 0]",85.62,96.34,142.7,70.52,363033.95
VET,9.74,5,"[0, 0, 0, 1, 1, 1, 1, 0, 1, 0]",10.76,10.05,14.29,6.95,1179750.25
BORR,4.02,4,"[0, 0, 0, 0, 1, 1, 1, 0, 1, 0]",4.92,4.58,6.61,1.86,5007509.5
ECPG,88.67,10,"[1, 1, 1, 1, 1, 1, 1, 1, 1, 1]",84.65,65.3,93.79,35.97,329502.5
SONO,15.2,6,"[1, 1, 0, 0, 0, 0, 1, 1, 1, 1]",14.79,15.65,19.16,10.36,2384511.8
WBTN,9.87,2,"[0, 0, 0, 1, 0, 0, 0, 0, 1, 0]",11.74,12.72,21.31,8.58,364496.6
ADNT,19.65,1,"[0, 0, 0, 0, 0, 0, 0, 0, 1, 0]",21.02,21.4,27.09,17.8,1071185.55
UFPT,245.61,10,"[1, 1, 1, 1, 1, 1, 1, 1, 1, 1]",235.79,222.89,272.36,185.28,221569.05
CLVT,2.33,3,"[0, 0, 0, 0, 0, 0, 1, 0, 1, 1]",2.36,2.83,4.53,1.68,9762173.75
AIN,75.06,10,"[1, 1, 1, 1, 1, 1, 1, 1, 1, 1]",68.45,57.44,76.29,40.8,236760.2
CTS,59.2,8,"[0, 1, 1, 1, 1, 1, 1, 1, 1, 0]",62.76,51.15,68.27,36.39,347260.4
VOYG,24.96,5,"[0, 0, 0, 1, 1, 1, 1, 0, 1, 0]",36.56,30.13,51.77,17.99,2001420.3
ZYME,23.76,7,"[0, 0, 1, 0, 1, 1, 1, 1, 1, 1]",24.52,23.72,28.56,12.02,599587.05
CAPR,19.5,4,"[0, 0, 0, 0, 1, 1, 1, 0, 1, 0]",26.45,23.09,35.34,4.6,1694312.95
PSIX,29.9,1,"[0, 0, 0, 0, 0, 0, 0, 0, 1, 0]",39.92,63.84,115.78,29.9,431935.35
LOB,41.63,10,"[1, 1, 1, 1, 1, 1, 1, 1, 1, 1]",38.96,36.2,43.69,29.34,288302.85
XPRO,16.02,9,"[1, 1, 1, 0, 1, 1, 1, 1, 1, 1]",15.39,15.3,18.39,8.35,1392155.0
PVLA,124.15,9,"[0, 1, 1, 1, 1, 1, 1, 1, 1, 1]",124.96,106.18,157.24,31.0,322009.35
FLNG,30.56,10,"[1, 1, 1, 1, 1, 1, 1, 1, 1, 1]",30.46,27.09,32.46,20.46,415151.1
SFL,11.24,9,"[0, 1, 1, 1, 1, 1, 1, 1, 1, 1]",11.32,9.42,12.57,6.59,1663257.65
CYD,43.73,6,"[0, 0, 1, 1, 1, 1, 1, 0, 1, 0]",49.17,42.18,58.55,21.7,203062.9
TILE,32.05,9,"[1, 1, 1, 1, 1, 1, 1, 1, 1, 0]",31.32,29.04,35.94,20.32,554256.2
PCT,6.09,2,"[0, 0, 0, 1, 0, 0, 0, 0, 1, 0]",9.61,9.17,16.33,5.06,4791436.5
LPG,43.09,10,"[1, 1, 1, 1, 1, 1, 1, 1, 1, 1]",40.77,31.89,47.72,22.84,759313.15
TE,6.03,5,"[0, 0, 0, 1, 1, 1, 1, 0, 1, 0]",8.23,6.31,12.04,1.16,33724968.0
VRDN,18.56,4,"[1, 0, 0, 0, 0, 0, 1, 0, 1, 1]",17.48,24.07,33.78,13.3,2503881.95
NRIX,22.71,10,"[1, 1, 1, 1, 1, 1, 1, 1, 1, 1]",19.02,16.47,24.69,8.24,1985537.4
QURE,39.7,7,"[1, 1, 1, 1, 0, 1, 1, 0, 1, 0]",34.37,29.35,70.59,9.03,1974980.2
DV,11.56,7,"[1, 1, 1, 1, 0, 0, 1, 0, 1, 1]",10.48,10.59,16.27,8.61,3339564.85
FIVN,25.7,8,"[1, 1, 1, 1, 0, 0, 1, 1, 1, 1]",22.57,19.83,29.16,13.61,2265439.7
INVA,21.28,5,"[0, 0, 0, 1, 1, 1, 0, 1, 1, 0]",22.37,21.35,24.24,16.67,929408.9
OPRA,19.58,10,"[1, 1, 1, 1, 1, 1, 1, 1, 1, 1]",18.4,15.27,20.17,11.56,348569.2
ARDX,5.09,2,"[0, 0, 0, 0, 1, 0, 0, 0, 1, 0]",5.79,6.03,7.99,4.22,4395373.95
POET,7.47,5,"[0, 0, 0, 1, 1, 1, 1, 0, 1, 0]",11.67,7.93,20.57,4.17,15370973.05
NUVB,6.26,8,"[1, 1, 1, 0, 1, 1, 1, 0, 1, 1]",5.21,5.57,9.54,2.23,9577049.0
PEB,19.31,10,"[1, 1, 1, 1, 1, 1, 1, 1, 1, 1]",17.05,13.23,19.41,9.36,2538678.6
NTLA,10.92,4,"[0, 0, 0, 1, 0, 1, 1, 0, 1, 0]",14.15,13.58,27.98,8.04,4922047.45
NVAX,7.88,4,"[0, 0, 0, 1, 1, 1, 0, 0, 1, 0]",9.3,8.54,11.19,6.22,3929943.05
SKYT,30.8,8,"[0, 1, 1, 1, 1, 1, 1, 1, 1, 0]",35.28,27.26,39.91,8.78,713651.0
ARLO,13.2,3,"[1, 0, 0, 0, 0, 0, 0, 0, 1, 1]",13.08,14.16,19.44,11.23,1230741.0
PRLB,77.11,9,"[1, 1, 1, 1, 1, 1, 1, 1, 1, 0]",75.61,60.82,81.68,38.74,248499.3
DCOM,39.89,10,"[1, 1, 1, 1, 1, 1, 1, 1, 1, 1]",38.34,32.95,41.03,25.24,346429.6
GLUE,23.48,10,"[1, 1, 1, 1, 1, 1, 1, 1, 1, 1]",20.21,17.54,25.31,4.19,1713258.65
AMLX,17.45,10,"[1, 1, 1, 1, 1, 1, 1, 1, 1, 1]",15.51,14.59,18.7,7.64,1696557.35
CLOV,4.5,9,"[1, 1, 1, 1, 1, 1, 1, 1, 1, 0]",4.32,2.9,5.41,1.7,6567163.2
REX,46.16,9,"[0, 1, 1, 1, 1, 1, 1, 1, 1, 1]",46.47,38.83,51.16,25.5,201718.6
STBA,49.79,10,"[1, 1, 1, 1, 1, 1, 1, 1, 1, 1]",46.76,41.79,50.78,33.76,264313.1
KOS,2.3,7,"[0, 1, 1, 1, 1, 1, 1, 0, 1, 0]",2.62,2.0,3.27,0.87,19050747.5
KSS,17.57,7,"[1, 1, 1, 0, 0, 1, 1, 0, 1, 1]",15.7,16.61,24.15,10.11,4213887.0
IOVA,5.02,10,"[1, 1, 1, 1, 1, 1, 1, 1, 1, 1]",4.05,3.18,5.41,1.81,16867567.9
PAHC,33.05,4,"[1, 0, 0, 0, 1, 0, 0, 0, 1, 1]",32.96,42.52,59.33,25.79,301489.9
OUST,34.77,7,"[0, 1, 1, 1, 1, 1, 1, 0, 1, 0]",40.78,28.35,62.52,16.63,5335898.25
STGW,7.41,10,"[1, 1, 1, 1, 1, 1, 1, 1, 1, 1]",6.89,5.92,7.87,4.4,1423291.55
BAND,68.8,10,"[1, 1, 1, 1, 1, 1, 1, 1, 1, 1]",61.15,27.78,78.44,12.82,1250995.6
NVRI,22.08,10,"[1, 1, 1, 1, 1, 1, 1, 1, 1, 1]",20.81,18.07,23.28,8.27,447648.8
ABCL,5.8,7,"[0, 1, 1, 1, 0, 1, 1, 0, 1, 1]",5.91,4.5,8.12,2.78,7980001.8
HOPE,13.58,10,"[1, 1, 1, 1, 1, 1, 1, 1, 1, 1]",12.9,11.57,13.98,9.37,1230004.9
AMRC,22.55,2,"[0, 0, 0, 0, 0, 0, 1, 0, 1, 0]",28.78,30.95,43.23,15.87,520180.05
TFIN,77.85,10,"[1, 1, 1, 1, 1, 1, 1, 1, 1, 1]",72.34,63.16,80.61,46.95,325130.05
HCSG,24.95,10,"[1, 1, 1, 1, 1, 1, 1, 1, 1, 1]",22.46,19.92,25.31,12.74,716200.5
DCH,5.3,2,"[0, 0, 0, 0, 1, 0, 0, 0, 1, 0]",5.98,6.34,9.0,4.31,3942272.05
XHR,21.1,10,"[1, 1, 1, 1, 1, 1, 1, 1, 1, 1]",18.66,15.41,21.1,11.98,789842.85
WLFC,189.36,10,"[1, 1, 1, 1, 1, 1, 1, 1, 1, 1]",69.29,57.27,189.36,37.92,465799.95
GBX,49.56,7,"[1, 0, 1, 0, 1, 1, 0, 1, 1, 1]",48.07,48.09,58.06,40.16,629604.5
LILAK,7.31,10,"[1, 1, 1, 1, 1, 1, 1, 1, 1, 1]",6.06,5.65,7.89,4.48,2132396.45
LILA,7.35,10,"[1, 1, 1, 1, 1, 1, 1, 1, 1, 1]",6.04,5.59,7.92,4.39,1015455.75
ZD,54.38,10,"[1, 1, 1, 1, 1, 1, 1, 1, 1, 1]",47.06,39.83,54.38,26.51,698518.55
ECVT,12.4,8,"[0, 1, 1, 1, 1, 1, 1, 1, 1, 0]",13.04,11.23,14.97,7.84,2002242.9
VIR,9.23,9,"[0, 1, 1, 1, 1, 1, 1, 1, 1, 1]",9.33,7.92,11.09,4.28,2003894.1
AHCO,10.98,8,"[1, 1, 1, 0, 1, 1, 0, 1, 1, 1]",10.31,10.32,13.38,8.68,1487765.2
ALGT,102.17,10,"[1, 1, 1, 1, 1, 1, 1, 1, 1, 1]",94.73,84.86,119.16,48.12,633816.65
TRS,39.93,8,"[0, 1, 1, 1, 1, 1, 1, 1, 1, 0]",41.17,37.07,45.03,30.43,419491.7
CRML,6.21,3,"[0, 0, 0, 0, 0, 1, 1, 0, 1, 0]",10.02,10.84,29.97,3.38,5258122.35
TH,16.39,8,"[0, 1, 1, 1, 1, 1, 1, 1, 1, 0]",18.03,11.18,20.52,6.22,1339181.75
UAMY,5.36,3,"[0, 0, 0, 0, 0, 1, 1, 0, 1, 0]",7.84,8.39,17.47,2.92,6365487.2
IMTX,9.23,6,"[0, 0, 0, 1, 1, 1, 1, 1, 1, 0]",10.17,10.12,11.87,5.09,394168.85
GSL,41.1,10,"[1, 1, 1, 1, 1, 1, 1, 1, 1, 1]",39.12,35.77,41.64,25.96,276584.4
YELP,26.33,5,"[1, 1, 0, 0, 0, 0, 1, 0, 1, 1]",24.05,27.02,35.26,19.78,1263780.65
CNOB,33.46,10,"[1, 1, 1, 1, 1, 1, 1, 1, 1, 1]",31.42,27.49,34.11,21.63,521985.75
RES,5.85,5,"[0, 0, 0, 1, 1, 1, 1, 0, 1, 0]",6.51,6.05,7.95,4.15,1731904.9
BY,37.87,10,"[1, 1, 1, 1, 1, 1, 1, 1, 1, 1]",35.01,31.28,38.72,25.21,364605.35
NVGS,21.0,8,"[0, 1, 1, 1, 1, 1, 1, 1, 1, 0]",21.82,19.1,24.22,14.25,600982.35
PGEN,5.07,10,"[1, 1, 1, 1, 1, 1, 1, 1, 1, 1]",4.69,4.17,5.92,1.52,5002241.45
BHVN,14.86,9,"[1, 1, 1, 1, 0, 1, 1, 1, 1, 1]",12.44,11.65,18.11,7.79,3255532.65
TNC,85.79,8,"[0, 1, 1, 1, 1, 1, 1, 1, 1, 0]",85.89,77.47,91.15,60.69,158707.45
HLF,12.26,5,"[0, 0, 0, 0, 1, 1, 1, 0, 1, 1]",12.45,13.47,19.96,7.75,1755807.05
SHLS,9.62,7,"[0, 1, 1, 1, 0, 1, 1, 1, 1, 0]",10.24,8.85,12.77,4.46,6138357.75
ATAI,7.19,9,"[1, 1, 1, 1, 0, 1, 1, 1, 1, 1]",4.62,4.33,7.22,3.31,21631762.3
BCAX,27.15,10,"[1, 1, 1, 1, 1, 1, 1, 1, 1, 1]",23.92,19.49,30.4,9.99,982729.25
GCT,38.37,7,"[1, 0, 1, 0, 1, 1, 1, 0, 1, 1]",35.27,37.5,51.8,20.97,642941.85
AIP,30.68,7,"[0, 1, 1, 1, 1, 1, 1, 0, 1, 0]",36.86,21.6,48.59,8.59,1020476.15
GHRS,27.53,10,"[1, 1, 1, 1, 1, 1, 1, 1, 1, 1]",23.78,17.27,29.13,11.8,316430.35
SBET,6.14,4,"[1, 0, 0, 0, 0, 0, 1, 0, 1, 1]",5.82,8.72,27.4,4.56,11516024.3
GILT,10.84,4,"[0, 0, 0, 0, 1, 1, 1, 0, 1, 0]",14.44,15.05,20.85,7.35,625421.05
AVAH,9.69,9,"[1, 1, 1, 1, 0, 1, 1, 1, 1, 1]",7.94,8.05,10.27,3.74,2564012.15
CBL,55.55,10,"[1, 1, 1, 1, 1, 1, 1, 1, 1, 1]",49.38,38.75,55.55,25.1,364697.45
BKSY,21.86,5,"[0, 0, 0, 1, 1, 1, 1, 0, 1, 0]",33.96,26.65,51.63,13.14,1575021.15
FTRE,17.73,10,"[1, 1, 1, 1, 1, 1, 1, 1, 1, 1]",16.06,13.21,18.4,4.66,1337090.6
NSSC,36.05,2,"[0, 0, 0, 0, 0, 0, 0, 1, 1, 0]",36.93,40.7,46.87,29.15,390538.2
DMRA,32.99,9,"[1, 1, 1, 0, 1, 1, 1, 1, 1, 1]",24.99,22.85,34.14,2.58,924911.25
PRG,45.01,10,"[1, 1, 1, 1, 1, 1, 1, 1, 1, 1]",39.13,32.91,47.53,25.95,635065.5
OBK,51.76,10,"[1, 1, 1, 1, 1, 1, 1, 1, 1, 1]",49.07,41.85,53.18,31.99,164919.45
MUX,16.46,4,"[0, 0, 0, 0, 1, 1, 1, 0, 1, 0]",19.92,21.04,29.05,9.88,1361144.9
PRCT,19.22,1,"[0, 0, 0, 0, 0, 0, 0, 0, 1, 0]",24.18,28.29,60.06,19.15,1643157.8
NBR,82.6,7,"[0, 1, 1, 1, 1, 1, 1, 0, 1, 0]",92.28,71.83,110.63,30.44,277145.0
MAZE,28.37,6,"[1, 0, 0, 0, 1, 1, 1, 0, 1, 1]",26.82,34.55,51.83,13.14,808053.45
ENVX,4.57,1,"[0, 0, 0, 0, 0, 0, 0, 0, 1, 0]",6.41,7.4,15.06,4.57,5847444.1
TBLA,5.32,10,"[1, 1, 1, 1, 1, 1, 1, 1, 1, 1]",5.0,4.0,5.58,2.95,3764069.7
URGN,41.12,10,"[1, 1, 1, 1, 1, 1, 1, 1, 1, 1]",32.59,24.0,41.12,15.46,806789.55
NNE,16.41,1,"[0, 0, 0, 0, 0, 0, 0, 0, 1, 0]",23.57,29.41,56.63,16.03,2555320.65
HROW,44.45,9,"[1, 1, 1, 0, 1, 1, 1, 1, 1, 1]",38.13,41.22,54.8,29.03,736844.9
HLX,9.43,10,"[1, 1, 1, 1, 1, 1, 1, 1, 1, 1]",9.43,8.3,10.55,5.7,1539676.0
LINC,41.08,7,"[0, 1, 1, 1, 1, 1, 1, 0, 1, 0]",48.76,33.89,55.68,17.8,610946.0
RYZ,29.07,10,"[1, 1, 1, 1, 1, 1, 1, 1, 1, 1]",27.04,25.06,30.41,19.57,471459.8
HLIT,12.03,7,"[0, 1, 1, 1, 1, 1, 1, 0, 1, 0]",14.14,11.09,17.11,8.35,2054431.15
TROX,5.95,5,"[0, 0, 0, 1, 1, 1, 1, 0, 1, 0]",7.3,6.31,10.42,2.84,2581036.3
VIA,18.59,4,"[1, 0, 0, 0, 0, 0, 1, 0, 1, 1]",16.14,25.35,53.93,13.31,1214637.3
LIND,27.6,10,"[1, 1, 1, 1, 1, 1, 1, 1, 1, 1]",23.66,17.72,29.57,11.45,1105994.95
IPX,22.5,1,"[0, 0, 0, 0, 0, 0, 0, 0, 1, 0]",33.1,38.18,60.11,21.98,327107.35
WVE,5.73,2,"[0, 0, 0, 0, 1, 0, 0, 0, 1, 0]",6.17,9.67,21.31,5.66,2880840.2
PLTK,3.78,9,"[1, 1, 1, 1, 0, 1, 1, 1, 1, 1]",3.6,3.55,4.6,2.72,1510545.6
AVBP,28.22,8,"[0, 1, 1, 1, 1, 1, 1, 1, 1, 0]",30.91,24.86,34.74,16.95,664110.7
RLJ,12.0,10,"[1, 1, 1, 1, 1, 1, 1, 1, 1, 1]",10.52,8.12,12.0,6.26,2063981.1
LOMA,11.39,7,"[0, 0, 1, 1, 1, 1, 1, 1, 1, 0]",11.43,11.09,13.12,7.13,393061.05
TV,2.75,3,"[0, 0, 0, 0, 1, 0, 0, 1, 1, 0]",2.77,2.88,3.44,2.14,824394.25
SBH,14.89,7,"[1, 1, 1, 0, 0, 0, 1, 1, 1, 1]",13.45,14.6,17.0,9.34,1442491.3
CSIQ,15.2,3,"[0, 0, 0, 0, 0, 1, 1, 0, 1, 0]",16.82,18.73,33.58,9.51,2604924.95
RXT,4.3,7,"[0, 1, 1, 1, 1, 1, 1, 0, 1, 0]",5.48,2.32,7.53,0.41,18093385.3
GIII,35.45,10,"[1, 1, 1, 1, 1, 1, 1, 1, 1, 1]",32.9,29.92,35.9,22.98,621737.0
TTI,8.87,5,"[0, 0, 0, 1, 1, 1, 1, 0, 1, 0]",10.07,9.17,12.32,3.38,1831578.05
KDK,4.29,2,"[0, 0, 0, 0, 1, 0, 0, 0, 1, 0]",6.29,7.86,10.92,4.27,1173478.8
STAA,23.97,5,"[0, 1, 0, 1, 0, 1, 1, 0, 1, 0]",29.2,24.47,33.34,16.1,863494.4
TWO,12.1,10,"[1, 1, 1, 1, 1, 1, 1, 1, 1, 1]",12.07,10.53,13.3,8.4,2079853.0
ARRY,5.95,2,"[0, 0, 0, 0, 1, 0, 0, 0, 1, 0]",7.76,8.46,11.96,5.48,6208701.1
BAK,2.36,2,"[0, 0, 0, 0, 1, 0, 0, 0, 1, 0]",3.5,3.36,5.02,2.35,2225291.65
TDOC,9.65,9,"[1, 1, 1, 1, 0, 1, 1, 1, 1, 1]",7.8,6.89,9.72,4.47,4412759.7
WLDN,72.65,1,"[0, 0, 0, 0, 0, 0, 0, 0, 1, 0]",86.43,95.01,134.94,66.91,353505.45
CRVS,14.1,7,"[1, 0, 1, 0, 1, 1, 1, 0, 1, 1]",13.39,12.68,25.52,4.1,1414863.3
CRI,37.68,8,"[0, 1, 1, 1, 1, 1, 1, 1, 1, 0]",38.85,34.99,43.75,22.91,934550.6
PLSE,28.96,10,"[1, 1, 1, 1, 1, 1, 1, 1, 1, 1]",25.79,19.73,29.24,12.66,341139.7
OLMA,11.35,5,"[0, 0, 0, 0, 1, 1, 1, 0, 1, 1]",11.96,17.42,35.83,4.54,1809367.9
TEN,38.86,9,"[0, 1, 1, 1, 1, 1, 1, 1, 1, 1]",39.38,31.67,44.47,18.89,276237.05
LUCK,7.25,1,"[0, 0, 0, 0, 0, 0, 0, 0, 1, 0]",7.93,8.21,10.94,6.25,121024.55
WBI,34.75,9,"[1, 1, 1, 1, 1, 0, 1, 1, 1, 1]",31.21,25.86,35.88,18.69,1412667.5
ATLC,97.91,9,"[1, 1, 1, 1, 1, 1, 1, 1, 1, 0]",91.22,67.42,110.41,47.96,203066.4
JBIO,19.67,8,"[0, 1, 1, 1, 1, 1, 1, 0, 1, 1]",20.63,16.03,26.85,6.77,1173350.5
GPRE,16.83,10,"[1, 1, 1, 1, 1, 1, 1, 1, 1, 1]",15.9,13.38,19.23,7.31,1381820.2
RCAT,7.76,2,"[0, 0, 0, 0, 1, 0, 0, 0, 1, 0]",10.51,11.38,17.36,6.14,9451720.35
MRTN,17.42,10,"[1, 1, 1, 1, 1, 1, 1, 1, 1, 1]",16.99,13.28,18.22,9.28,771221.2
DSGR,34.5,7,"[1, 1, 1, 0, 0, 0, 1, 1, 1, 1]",27.78,27.88,34.5,19.31,204109.75
EVLV,5.59,1,"[0, 0, 0, 0, 0, 0, 0, 0, 1, 0]",6.05,6.39,8.76,4.9,2187064.4
NPKI,14.44,8,"[0, 1, 1, 1, 1, 1, 1, 1, 1, 0]",14.92,13.74,16.35,8.36,1151839.5
ABTC,5.77,1,"[0, 0, 0, 0, 0, 0, 0, 0, 1, 0]",12.29,31.04,139.65,5.28,1765777.85
DQ,12.29,1,"[0, 0, 0, 0, 0, 0, 0, 0, 1, 0]",15.11,23.61,35.69,11.63,793831.0
AMAL,47.17,10,"[1, 1, 1, 1, 1, 1, 1, 1, 1, 1]",43.71,36.8,48.3,24.92,185279.1
VTOL,44.16,9,"[1, 1, 1, 0, 1, 1, 1, 1, 1, 1]",42.55,41.98,49.86,32.94,238031.7
PGY,17.09,5,"[1, 1, 0, 0, 0, 0, 1, 0, 1, 1]",15.52,18.53,43.81,10.64,3827280.2
NAT,6.16,10,"[1, 1, 1, 1, 1, 1, 1, 1, 1, 1]",5.58,4.5,6.47,2.49,4692199.2
PNTG,41.15,10,"[1, 1, 1, 1, 1, 1, 1, 1, 1, 1]",35.59,30.67,41.95,22.07,352039.0
MRVI,6.99,10,"[1, 1, 1, 1, 1, 1, 1, 1, 1, 1]",5.31,3.86,7.24,2.03,3371957.45
NSP,51.7,8,"[1, 1, 1, 1, 0, 0, 1, 1, 1, 1]",37.61,34.56,57.05,19.54,684581.8
MLTX,19.05,7,"[1, 1, 1, 1, 1, 0, 1, 0, 1, 0]",18.81,15.71,61.99,6.24,1619729.3
BLDP,2.77,4,"[0, 0, 0, 1, 0, 1, 1, 0, 1, 0]",4.31,3.19,6.38,1.73,6135859.9
UFCS,51.37,10,"[1, 1, 1, 1, 1, 1, 1, 1, 1, 1]",48.7,39.15,53.93,25.74,184434.75
REAL,11.51,4,"[1, 0, 0, 0, 0, 1, 1, 0, 1, 0]",10.52,12.07,16.9,5.24,3273032.3
JKS,16.83,1,"[0, 0, 0, 0, 0, 0, 0, 0, 1, 0]",18.69,22.3,28.22,15.25,688767.7
AORT,25.37,3,"[1, 0, 0, 0, 0, 0, 0, 0, 1, 1]",22.82,36.53,47.63,20.1,755427.4
KMTS,23.24,7,"[1, 1, 0, 0, 0, 1, 1, 1, 1, 1]",22.23,23.59,28.01,14.46,515517.75
ASTE,53.89,8,"[1, 1, 1, 0, 1, 1, 1, 1, 1, 0]",53.45,51.56,64.85,37.5,194656.75
COLL,35.54,3,"[1, 0, 0, 0, 0, 0, 0, 0, 1, 1]",34.78,39.23,49.84,29.75,482836.15
TK,10.76,7,"[0, 0, 1, 1, 1, 1, 1, 1, 1, 0]",11.62,10.23,13.09,6.66,593573.3
VSTS,16.14,10,"[1, 1, 1, 1, 1, 1, 1, 1, 1, 1]",13.14,8.52,16.5,4.06,1466468.85
DLX,26.1,9,"[1, 1, 1, 0, 1, 1, 1, 1, 1, 1]",24.0,23.72,31.5,14.77,421330.2
CCO,2.41,9,"[1, 1, 1, 1, 1, 1, 1, 1, 1, 0]",2.4,2.18,2.43,1.02,8524112.5
ULCC,6.21,8,"[0, 1, 1, 1, 1, 1, 1, 1, 1, 0]",6.23,4.86,8.06,3.1,4044605.05
ITRN,55.71,8,"[0, 1, 1, 1, 1, 1, 1, 1, 1, 0]",60.47,47.75,65.85,30.77,146391.6
ELE,14.57,2,"[0, 0, 0, 0, 1, 0, 0, 0, 1, 0]",16.56,17.62,24.16,12.54,573024.65
ADTN,11.6,6,"[0, 0, 1, 1, 1, 1, 1, 0, 1, 0]",14.7,11.52,19.4,7.25,1739450.15
ACDC,4.77,5,"[0, 0, 0, 1, 1, 1, 1, 0, 1, 0]",6.33,5.35,8.19,3.19,1421640.5
XPEL,43.62,5,"[0, 0, 0, 0, 1, 1, 1, 1, 1, 0]",45.3,45.06,54.95,31.49,259061.6
PRCH,12.9,7,"[1, 1, 1, 1, 0, 0, 1, 0, 1, 1]",11.82,10.28,19.04,6.4,2100341.9
CMP,29.37,8,"[0, 1, 1, 1, 1, 1, 1, 1, 1, 0]",30.14,23.79,33.51,16.54,420519.45
NEO,14.24,10,"[1, 1, 1, 1, 1, 1, 1, 1, 1, 1]",11.56,10.6,15.16,4.84,3522633.0
MPLT,35.99,7,"[1, 1, 0, 1, 0, 0, 1, 1, 1, 1]",31.5,35.99,39.8,12.81,605983.3
AVNS,24.99,10,"[1, 1, 1, 1, 1, 1, 1, 1, 1, 1]",24.88,16.65,25.05,9.89,694874.0
GOOS,9.73,1,"[0, 0, 0, 0, 0, 0, 0, 0, 1, 0]",9.88,11.82,15.24,9.23,513052.3
PRSU,51.92,10,"[1, 1, 1, 1, 1, 1, 1, 1, 1, 1]",48.3,39.23,55.97,28.29,364458.65
VYX,8.09,4,"[1, 0, 0, 0, 0, 0, 1, 0, 1, 1]",7.48,8.89,14.63,6.15,2394969.2
GOLD,37.57,4,"[0, 0, 0, 0, 1, 1, 1, 0, 1, 0]",41.42,39.77,63.6,20.24,426460.8
HQH,20.91,10,"[1, 1, 1, 1, 1, 1, 1, 1, 1, 1]",20.19,18.47,22.09,13.76,281095.5
EYPT,12.66,4,"[0, 0, 0, 0, 1, 1, 1, 0, 1, 0]",13.24,14.14,18.85,9.71,1602081.85
AOSL,31.41,7,"[0, 1, 1, 1, 1, 1, 1, 0, 1, 0]",41.7,28.96,53.32,17.47,710528.35
ALNT,86.61,9,"[1, 1, 1, 1, 1, 1, 1, 1, 1, 0]",83.15,65.56,102.93,37.93,314450.65
GNK,25.26,10,"[1, 1, 1, 1, 1, 1, 1, 1, 1, 1]",24.39,20.77,26.7,14.34,312203.9
LQDT,38.77,10,"[1, 1, 1, 1, 1, 1, 1, 1, 1, 1]",37.05,31.59,41.02,22.16,243710.9
XERS,8.6,9,"[1, 1, 1, 1, 0, 1, 1, 1, 1, 1]",7.08,7.07,9.9,5.0,2310410.45
CDNA,38.37,10,"[1, 1, 1, 1, 1, 1, 1, 1, 1, 1]",25.3,19.92,40.34,11.57,1122693.3
ZBIO,30.7,7,"[1, 1, 1, 0, 0, 1, 1, 0, 1, 1]",21.86,25.39,43.17,14.29,1101399.95
EVEX,2.42,1,"[0, 0, 0, 0, 0, 0, 0, 0, 1, 0]",2.81,3.5,7.28,2.18,1204287.85
AMN,33.76,10,"[1, 1, 1, 1, 1, 1, 1, 1, 1, 1]",30.74,21.68,35.77,15.1,929288.15
BUR,4.02,1,"[0, 0, 0, 0, 0, 0, 0, 0, 1, 0]",4.37,7.4,13.91,3.92,2242835.6
TDAY,8.42,10,"[1, 1, 1, 1, 1, 1, 1, 1, 1, 1]",8.0,6.27,8.86,3.49,1436189.9
ACVA,7.41,7,"[1, 1, 1, 1, 0, 0, 1, 0, 1, 1]",6.46,6.81,15.24,4.15,3237424.05
KODK,7.66,5,"[0, 0, 0, 1, 1, 1, 1, 0, 1, 0]",9.4,8.65,14.51,5.43,849380.8
DBVT,14.57,4,"[0, 0, 0, 0, 1, 1, 1, 0, 1, 0]",17.23,18.25,24.54,8.51,310107.95
IVA,4.41,5,"[1, 0, 0, 0, 1, 0, 1, 0, 1, 1]",4.41,5.12,7.15,3.04,1568108.7
ASST,12.34,3,"[0, 0, 0, 1, 0, 0, 1, 0, 1, 0]",14.71,16.83,178.2,7.16,3891011.45
UVE,39.17,9,"[0, 1, 1, 1, 1, 1, 1, 1, 1, 1]",39.21,34.14,43.01,22.38,254591.0
OSBC,23.6,10,"[1, 1, 1, 1, 1, 1, 1, 1, 1, 1]",22.05,20.15,23.88,16.38,440156.15
MNKD,3.98,4,"[1, 0, 0, 0, 0, 0, 1, 0, 1, 1]",3.73,4.4,6.21,2.28,4732017.05
GHM,105.12,8,"[0, 1, 1, 1, 1, 1, 1, 1, 1, 0]",105.51,81.08,123.79,46.97,292983.2
BFLY,6.69,9,"[1, 1, 1, 1, 1, 1, 1, 1, 1, 0]",5.98,4.14,8.91,1.33,10674824.35
NWPX,136.18,9,"[1, 1, 1, 1, 1, 1, 1, 1, 1, 0]",127.43,83.29,149.94,40.54,227238.05
LGIH,56.96,10,"[1, 1, 1, 1, 1, 1, 1, 1, 1, 1]",53.05,48.53,67.47,34.24,345560.45
SATL,3.57,5,"[0, 0, 0, 1, 1, 1, 1, 0, 1, 0]",6.81,4.38,10.74,1.27,6509943.7
IART,18.89,9,"[1, 1, 1, 1, 0, 1, 1, 1, 1, 1]",16.83,13.14,19.85,8.9,951436.75
UVSP,44.06,10,"[1, 1, 1, 1, 1, 1, 1, 1, 1, 1]",41.43,35.07,45.21,27.36,259452.3
RJET,17.85,2,"[0, 0, 0, 1, 0, 0, 0, 0, 1, 0]",19.71,19.65,25.35,16.05,187492.65
SEPN,32.21,9,"[1, 1, 1, 1, 1, 1, 1, 1, 1, 0]",31.78,26.7,37.84,10.93,600767.25
SVRA,5.49,7,"[1, 0, 1, 0, 1, 1, 1, 1, 1, 0]",5.47,5.31,6.94,2.29,1935873.85
SVC,8.76,4,"[1, 0, 0, 0, 0, 0, 1, 0, 1, 1]",8.44,9.32,14.96,5.86,2276509.0
TNDM,18.1,6,"[1, 0, 0, 0, 1, 1, 1, 0, 1, 1]",15.95,18.85,28.26,10.11,1882119.05
PDM,9.66,9,"[1, 1, 1, 1, 0, 1, 1, 1, 1, 1]",8.87,8.22,9.88,6.39,1126200.5
ATEX,101.9,10,"[1, 1, 1, 1, 1, 1, 1, 1, 1, 1]",78.04,41.21,108.21,17.99,502469.5
PLOW,46.26,9,"[1, 1, 1, 1, 1, 1, 1, 1, 1, 0]",46.14,39.26,54.2,27.05,315485.35
RERE,3.8,2,"[0, 0, 0, 0, 1, 0, 0, 0, 1, 0]",4.23,4.72,6.2,3.05,988683.8
APEI,49.27,7,"[0, 0, 1, 1, 1, 1, 1, 1, 1, 0]",53.56,46.06,60.86,28.03,361247.2
CEVA,37.33,7,"[0, 1, 1, 1, 1, 1, 1, 0, 1, 0]",42.51,27.98,50.06,17.21,699798.4
INNV,11.08,10,"[1, 1, 1, 1, 1, 1, 1, 1, 1, 1]",9.15,7.25,12.11,3.13,438469.0
HTLD,15.08,10,"[1, 1, 1, 1, 1, 1, 1, 1, 1, 1]",14.74,11.03,16.2,7.04,593343.6
CFFN,8.56,10,"[1, 1, 1, 1, 1, 1, 1, 1, 1, 1]",8.09,7.12,8.79,5.49,783308.85
OMER,9.63,4,"[0, 0, 0, 0, 1, 1, 1, 0, 1, 0]",10.82,10.69,17.18,3.59,1906444.2
LMRI,11.1,5,"[1, 0, 0, 0, 1, 0, 1, 0, 1, 1]",9.59,11.1,18.53,6.77,627950.5
LXU,11.34,6,"[0, 0, 1, 1, 1, 1, 1, 0, 1, 0]",12.2,11.17,16.88,7.16,777631.0
GDRX,3.14,7,"[1, 1, 1, 1, 0, 0, 1, 0, 1, 1]",2.8,2.75,5.12,1.87,1079437.1
ODV,2.24,1,"[0, 0, 0, 0, 0, 0, 0, 0, 1, 0]",2.66,3.31,4.78,2.15,2489570.55
KOPN,3.77,7,"[0, 1, 1, 1, 1, 1, 1, 0, 1, 0]",4.75,3.27,6.39,1.74,5350220.45
DAKT,19.46,2,"[0, 0, 0, 0, 1, 0, 0, 0, 1, 0]",19.96,20.51,27.73,15.84,696826.05
INR,13.01,3,"[0, 0, 0, 0, 1, 0, 0, 0, 1, 1]",13.57,14.61,19.23,11.2,336581.85
EPC,28.59,10,"[1, 1, 1, 1, 1, 1, 1, 1, 1, 1]",22.34,20.22,29.66,15.68,1074653.45
INDI,3.77,4,"[0, 0, 0, 1, 0, 1, 1, 0, 1, 0]",4.29,3.99,6.0,2.44,5872063.3
PHAT,10.65,2,"[0, 0, 0, 0, 0, 0, 1, 0, 1, 0]",11.0,12.69,18.08,7.83,1143964.7
CRON,2.8,10,"[1, 1, 1, 1, 1, 1, 1, 1, 1, 1]",2.73,2.63,3.27,1.95,852878.95
JMIA,6.33,2,"[0, 0, 0, 0, 0, 0, 1, 0, 1, 0]",7.01,9.42,14.6,4.45,1632267.5
XNCR,18.81,9,"[1, 1, 1, 1, 0, 1, 1, 1, 1, 1]",13.31,13.47,18.81,7.0,1076351.1
CMPS,11.67,8,"[0, 1, 1, 1, 1, 1, 1, 1, 1, 0]",12.21,8.0,15.07,3.94,5017497.6
METC,11.44,1,"[0, 0, 0, 0, 0, 0, 0, 0, 1, 0]",14.07,19.14,54.55,11.44,1526923.0
AMBQ,73.37,8,"[0, 1, 1, 1, 1, 1, 1, 1, 1, 0]",77.81,41.9,90.48,22.76,680908.0
NUTX,161.47,10,"[1, 1, 1, 1, 1, 1, 1, 1, 1, 1]",148.23,130.82,196.53,80.92,136436.75
CODI,10.0,8,"[0, 1, 1, 1, 1, 1, 1, 1, 1, 0]",10.82,8.01,12.48,4.65,832042.9
SANA,3.14,2,"[0, 0, 0, 0, 0, 1, 0, 0, 1, 0]",3.27,3.87,5.92,2.68,3330611.35
SCSC,54.24,10,"[1, 1, 1, 1, 1, 1, 1, 1, 1, 1]",48.44,41.9,54.79,34.27,204753.95
NX,17.66,8,"[1, 0, 1, 0, 1, 1, 1, 1, 1, 1]",17.57,17.0,22.34,11.09,383951.5
AVO,13.04,8,"[1, 1, 1, 0, 1, 1, 0, 1, 1, 1]",12.07,12.67,15.34,10.11,1416727.0
ANNX,5.57,9,"[1, 1, 1, 0, 1, 1, 1, 1, 1, 1]",5.39,5.03,6.96,2.05,5442378.35
AMTB,25.78,10,"[1, 1, 1, 1, 1, 1, 1, 1, 1, 1]",23.87,21.28,26.4,16.48,374117.55
ABSI,8.16,9,"[1, 1, 1, 1, 1, 1, 1, 0, 1, 1]",7.7,4.46,11.62,2.3,7664779.25
AMC,2.46,6,"[1, 1, 1, 1, 0, 0, 1, 0, 1, 0]",1.88,1.82,3.5,0.95,55828258.4
ORIC,10.42,5,"[1, 1, 0, 0, 0, 0, 1, 0, 1, 1]",9.14,10.66,14.41,7.47,1661691.4
RHLD,133.46,6,"[1, 0, 0, 0, 1, 1, 1, 0, 1, 1]",124.41,152.35,226.37,39.24,158896.05
TBN,32.28,7,"[0, 1, 1, 1, 1, 1, 1, 0, 1, 0]",34.03,30.47,49.99,19.42,199949.2
JBSS,79.53,9,"[0, 1, 1, 1, 1, 1, 1, 1, 1, 1]",79.93,74.17,90.6,57.6,119487.7
MGTX,12.21,10,"[1, 1, 1, 1, 1, 1, 1, 1, 1, 1]",10.92,8.91,14.66,6.99,1244783.65
HEPS,2.78,7,"[0, 1, 1, 1, 1, 1, 0, 1, 1, 0]",2.81,2.68,3.29,2.18,186530.85
AGL,122.1,10,"[1, 1, 1, 1, 1, 1, 1, 1, 1, 1]",99.65,39.02,129.84,7.91,345393.95
HAFC,32.19,10,"[1, 1, 1, 1, 1, 1, 1, 1, 1, 1]",31.09,27.79,33.31,21.52,258008.2
SLS,12.48,10,"[1, 1, 1, 1, 1, 1, 1, 1, 1, 1]",9.6,4.99,15.45,1.39,11623302.8
BJRI,68.84,10,"[1, 1, 1, 1, 1, 1, 1, 1, 1, 1]",51.43,41.15,68.84,28.69,574511.6
CGEM,17.5,10,"[1, 1, 1, 1, 1, 1, 1, 1, 1, 1]",15.92,12.56,18.48,5.75,965398.75
VPG,102.54,7,"[0, 1, 1, 1, 1, 1, 1, 0, 1, 0]",117.31,61.18,149.91,25.8,572726.2
SHEN,11.11,3,"[0, 0, 0, 1, 1, 0, 0, 0, 1, 0]",14.93,13.46,17.1,9.9,486037.4
ROOT,60.07,5,"[1, 1, 0, 0, 0, 0, 1, 0, 1, 1]",56.73,63.84,126.81,43.21,255598.6
GERN,1.44,7,"[1, 0, 1, 0, 1, 1, 1, 0, 1, 1]",1.31,1.4,1.95,1.07,12252950.55
VLRS,7.77,4,"[0, 0, 0, 0, 1, 1, 1, 0, 1, 0]",7.99,7.93,10.63,4.41,648901.0
LXRX,2.33,10,"[1, 1, 1, 1, 1, 1, 1, 1, 1, 1]",2.16,1.63,2.64,1.02,4852587.15
DSGN,11.87,8,"[0, 1, 1, 1, 1, 1, 1, 1, 1, 0]",12.69,10.38,15.79,3.82,968033.55
HNRG,15.77,1,"[0, 0, 0, 0, 0, 0, 0, 0, 1, 0]",17.63,18.56,23.81,15.03,790207.3
NB,4.26,2,"[0, 0, 0, 0, 0, 0, 1, 0, 1, 0]",5.19,5.94,11.67,2.71,3370847.95
MATW,27.12,9,"[1, 1, 1, 1, 1, 1, 0, 1, 1, 1]",26.64,25.6,28.35,21.44,362733.05
TBPH,16.81,7,"[1, 0, 0, 0, 1, 1, 1, 1, 1, 1]",16.64,16.94,20.74,10.9,961525.7
BVS,11.58,10,"[1, 1, 1, 1, 1, 1, 1, 1, 1, 1]",9.97,8.58,12.43,6.14,743804.75
OMDA,23.89,8,"[1, 1, 1, 1, 0, 0, 1, 1, 1, 1]",18.98,17.17,26.78,10.94,1255373.45
SCHL,46.38,10,"[1, 1, 1, 1, 1, 1, 1, 1, 1, 1]",43.07,35.24,47.34,20.91,313480.0
TALK,5.21,9,"[1, 1, 1, 1, 1, 1, 1, 1, 1, 0]",5.2,4.31,5.24,2.27,2505538.4
ABX,10.26,10,"[1, 1, 1, 1, 1, 1, 1, 1, 1, 1]",9.8,8.27,12.0,4.87,789321.85
SPRY,6.44,1,"[0, 0, 0, 0, 0, 0, 0, 0, 1, 0]",8.55,9.21,18.35,6.44,2153357.65
CTMX,3.52,6,"[1, 0, 0, 0, 1, 1, 1, 0, 1, 1]",3.5,4.19,6.75,1.76,5495909.25
MYE,30.27,10,"[1, 1, 1, 1, 1, 1, 1, 1, 1, 1]",26.57,21.23,35.31,14.11,621886.0
ABUS,4.41,6,"[0, 0, 0, 1, 1, 1, 1, 1, 1, 0]",4.5,4.45,5.22,3.14,3022955.65
AEVA,15.9,5,"[0, 0, 0, 1, 1, 1, 1, 0, 1, 0]",22.36,16.53,29.29,9.19,2022848.8
KOP,49.2,10,"[1, 1, 1, 1, 1, 1, 1, 1, 1, 1]",43.72,34.81,49.2,26.16,171127.1
NBBK,20.98,8,"[1, 1, 1, 0, 1, 1, 0, 1, 1, 1]",20.41,20.16,22.56,16.64,265733.6
IBTA,32.3,8,"[0, 1, 1, 1, 0, 1, 1, 1, 1, 1]",32.6,28.21,40.11,19.25,148649.25
CRSR,9.45,9,"[1, 1, 1, 1, 0, 1, 1, 1, 1, 1]",8.87,6.91,12.14,4.58,1634587.4
KRO,6.51,8,"[0, 1, 1, 1, 1, 1, 1, 1, 1, 0]",6.68,5.74,7.82,4.21,359184.15
ODD,16.29,4,"[1, 0, 0, 0, 0, 0, 1, 0, 1, 1]",13.55,27.36,74.04,9.81,1390111.6
DRUG,74.61,7,"[1, 0, 0, 0, 1, 1, 1, 1, 1, 1]",73.46,74.99,95.99,26.14,293459.0
KURA,10.68,9,"[1, 1, 1, 1, 0, 1, 1, 1, 1, 1]",10.11,9.63,12.14,5.54,1698400.65
SCZM,6.01,3,"[0, 0, 0, 0, 1, 0, 1, 0, 1, 0]",7.37,8.47,16.16,3.28,459418.25
CVLG,48.49,10,"[1, 1, 1, 1, 1, 1, 1, 1, 1, 1]",41.72,29.12,48.49,17.94,177821.05
PURR,7.05,4,"[0, 1, 0, 1, 0, 0, 1, 0, 1, 0]",8.17,7.05,10.97,3.1,11872278.3
TSAT,37.01,6,"[0, 0, 1, 1, 1, 1, 1, 0, 1, 0]",47.48,36.79,58.51,19.93,230579.55
SG,6.65,4,"[0, 0, 0, 1, 1, 0, 1, 0, 1, 0]",8.25,6.92,16.26,4.7,5348762.1
VOR,17.45,7,"[1, 1, 1, 1, 0, 0, 1, 0, 1, 1]",15.96,16.18,48.72,6.86,1775297.05
EVMN,11.53,2,"[0, 0, 0, 0, 1, 0, 0, 0, 1, 0]",19.27,11.53,31.57,11.53,1480531.3
WYFI,27.13,6,"[0, 1, 1, 1, 0, 1, 1, 0, 1, 0]",30.66,22.8,44.77,10.78,3442332.2
SABR,1.72,6,"[0, 1, 1, 1, 0, 1, 1, 0, 1, 0]",1.81,1.62,3.27,0.82,4234838.9
CGNT,8.7,6,"[0, 0, 0, 1, 1, 1, 1, 0, 1, 1]",9.4,8.81,12.24,6.34,655977.35
ETON,41.07,10,"[1, 1, 1, 1, 1, 1, 1, 1, 1, 1]",33.38,22.52,42.32,14.13,516486.7
ESPR,3.18,10,"[1, 1, 1, 1, 1, 1, 1, 1, 1, 1]",3.12,3.06,4.08,1.15,15726580.0
WEST,7.29,7,"[0, 1, 1, 1, 1, 1, 1, 0, 1, 0]",8.14,5.46,9.73,3.71,765686.95
EGBN,26.92,8,"[0, 1, 1, 1, 1, 1, 1, 1, 1, 0]",27.01,23.83,29.13,15.78,341142.0
GO,9.28,6,"[1, 1, 0, 1, 0, 0, 1, 0, 1, 1]",9.02,9.87,18.66,5.79,2189668.2
BIOA,22.32,10,"[1, 1, 1, 1, 1, 1, 1, 1, 1, 1]",19.79,15.84,25.1,4.12,720596.45
ASC,15.82,8,"[0, 1, 1, 1, 1, 1, 1, 1, 1, 0]",16.73,13.96,19.22,9.62,693750.35
ADAM,8.83,8,"[0, 1, 1, 1, 1, 1, 1, 1, 1, 0]",8.9,7.54,9.51,5.58,943369.65
DXYZ,24.57,4,"[0, 0, 0, 1, 1, 1, 0, 0, 1, 0]",37.97,30.7,71.24,20.82,1347928.7
SUPV,9.65,6,"[1, 0, 0, 0, 1, 1, 1, 1, 1, 0]",9.39,9.76,12.86,4.69,545825.5
NRGV,3.02,5,"[0, 0, 0, 1, 1, 1, 1, 0, 1, 0]",4.55,4.1,6.49,0.94,5890168.7
IMSR,4.86,1,"[0, 0, 0, 0, 0, 0, 0, 0, 1, 0]",7.11,9.36,27.1,4.62,1980708.2
ANRO,25.9,10,"[1, 1, 1, 1, 1, 1, 1, 1, 1, 1]",23.28,18.58,28.07,2.73,801561.4
KFRC,57.89,10,"[1, 1, 1, 1, 1, 1, 1, 1, 1, 1]",47.38,34.34,58.71,23.68,237494.45
CWH,6.02,1,"[0, 0, 0, 0, 0, 0, 0, 0, 1, 0]",7.1,9.74,18.74,5.8,2315081.4
ARKO,7.75,10,"[1, 1, 1, 1, 1, 1, 1, 1, 1, 1]",7.65,5.79,8.64,3.76,799320.5
IHRT,3.95,8,"[0, 1, 1, 1, 1, 1, 1, 0, 1, 1]",4.33,3.84,6.33,1.6,787755.65
PSTL,23.76,10,"[1, 1, 1, 1, 1, 1, 1, 1, 1, 1]",23.55,18.79,24.98,13.16,378312.1
MTUS,19.13,8,"[0, 1, 1, 1, 1, 1, 1, 1, 1, 0]",19.15,18.13,21.51,14.56,374536.4
RLMD,5.0,5,"[0, 0, 0, 1, 1, 1, 1, 0, 1, 0]",6.62,5.08,7.86,0.56,2544001.75
CRESY,10.75,5,"[0, 0, 0, 0, 1, 1, 1, 1, 1, 0]",11.22,11.36,14.11,7.88,301657.3
CBLL,18.43,7,"[0, 0, 1, 0, 1, 1, 1, 1, 1, 1]",18.62,18.24,23.43,10.92,387330.75
LYTS,23.39,8,"[0, 1, 1, 1, 1, 1, 1, 1, 1, 0]",24.54,21.5,26.8,17.17,331687.4
NXDR,2.43,10,"[1, 1, 1, 1, 1, 1, 1, 1, 1, 1]",2.17,1.89,2.77,1.36,2899980.95
DSP,11.9,10,"[1, 1, 1, 1, 1, 1, 1, 1, 1, 1]",11.84,10.89,14.79,8.14,236619.4
PGC,46.15,10,"[1, 1, 1, 1, 1, 1, 1, 1, 1, 1]",44.74,34.72,48.33,24.59,255216.35
HZO,33.97,8,"[0, 1, 1, 1, 1, 1, 1, 1, 1, 0]",34.45,28.58,37.74,21.43,257404.45
ALLO,1.77,5,"[0, 0, 0, 1, 1, 1, 1, 0, 1, 0]",2.03,1.84,3.06,1.03,9901633.65
HSHP,14.72,10,"[1, 1, 1, 1, 1, 1, 1, 1, 1, 1]",14.31,11.08,15.47,6.32,339580.65
DRTS,13.47,10,"[1, 1, 1, 1, 1, 1, 1, 1, 1, 1]",10.76,7.15,13.57,2.9,865738.7
FOXF,18.37,5,"[1, 1, 1, 0, 0, 0, 1, 0, 1, 0]",17.55,18.15,30.41,13.19,645696.3
WRLD,187.89,10,"[1, 1, 1, 1, 1, 1, 1, 1, 1, 1]",178.13,151.85,223.83,115.57,110141.2
PRAA,17.37,9,"[1, 1, 1, 0, 1, 1, 1, 1, 1, 1]",16.56,16.31,22.23,10.42,485042.9
NTGR,23.25,3,"[0, 0, 0, 1, 0, 0, 0, 0, 1, 1]",24.22,24.97,36.01,19.87,307574.25
HPK,7.37,7,"[1, 1, 1, 1, 0, 0, 1, 0, 1, 1]",7.21,6.12,10.23,3.89,536885.35
KRNT,15.06,5,"[0, 0, 1, 1, 1, 1, 0, 0, 1, 0]",15.76,14.76,21.89,12.31,157056.5
FCEL,19.84,7,"[0, 1, 1, 1, 1, 1, 1, 0, 1, 0]",21.4,11.5,36.01,3.92,15217092.85
EVER,27.54,9,"[1, 1, 1, 1, 0, 1, 1, 1, 1, 1]",21.29,20.86,27.87,14.27,762791.5
GFR,6.4,10,"[1, 1, 1, 1, 1, 1, 1, 1, 1, 1]",5.82,5.5,6.92,4.31,177015.25
LPTH,10.36,5,"[0, 0, 0, 1, 1, 1, 1, 0, 1, 0]",13.93,11.22,18.15,2.96,3117716.3
RMT,13.92,9,"[1, 1, 1, 1, 1, 1, 1, 1, 1, 0]",13.81,11.64,14.68,8.7,156532.75
SB,7.16,10,"[1, 1, 1, 1, 1, 1, 1, 1, 1, 1]",6.72,5.74,7.26,3.75,1100643.8
HIVE,3.09,5,"[0, 1, 0, 1, 0, 1, 1, 0, 1, 0]",3.67,3.31,6.96,1.75,26166926.3
SLDB,8.45,10,"[1, 1, 1, 1, 1, 1, 1, 1, 1, 1]",8.11,6.7,11.15,3.93,2020465.85
GDOT,13.38,9,"[1, 1, 1, 1, 1, 0, 1, 1, 1, 1]",13.0,12.33,15.25,9.64,457853.25
MAKO,6.93,7,"[0, 0, 1, 1, 1, 1, 1, 1, 1, 0]",7.82,6.81,8.7,3.66,143392.1
MVST,0.9,1,"[0, 0, 0, 0, 0, 0, 0, 0, 1, 0]",1.28,2.62,6.4,0.9,4507421.45
MITK,18.7,10,"[1, 1, 1, 1, 1, 1, 1, 1, 1, 1]",17.08,12.86,20.14,8.65,1032507.2
RDVT,66.49,9,"[1, 1, 1, 1, 0, 1, 1, 1, 1, 1]",56.82,49.78,68.71,34.4,189394.25
KRUS,44.38,2,"[0, 0, 0, 0, 1, 0, 0, 0, 1, 0]",51.58,58.23,95.83,42.67,399577.4
MRLN,3.58,1,"[0, 0, 0, 0, 0, 0, 0, 0, 1, 0]",6.31,9.52,16.09,3.58,1974139.8
BLMN,8.34,9,"[1, 1, 1, 1, 0, 1, 1, 1, 1, 1]",8.11,6.98,10.32,5.26,2203566.25
IRWD,3.85,6,"[0, 0, 1, 0, 1, 1, 1, 0, 1, 1]",3.85,3.55,5.39,0.75,2682279.7
HUYA,2.38,3,"[0, 0, 0, 0, 1, 0, 0, 0, 1, 1]",2.46,2.93,4.6,2.19,566145.15
SLDP,2.31,1,"[0, 0, 0, 0, 0, 0, 0, 0, 1, 0]",2.8,4.11,8.51,2.23,4321583.15
ACRS,5.57,10,"[1, 1, 1, 1, 1, 1, 1, 1, 1, 1]",4.86,3.58,5.71,1.53,2209165.6
HRTG,27.43,8,"[1, 1, 1, 0, 0, 1, 1, 1, 1, 1]",24.17,26.2,31.14,19.02,391225.9
CYRX,15.71,10,"[1, 1, 1, 1, 1, 1, 1, 1, 1, 1]",14.96,10.78,16.57,6.71,787723.6
CTO,22.39,10,"[1, 1, 1, 1, 1, 1, 1, 1, 1, 1]",20.72,18.28,22.39,14.38,416441.25
ASPI,3.89,2,"[0, 0, 0, 1, 0, 0, 0, 0, 1, 0]",6.06,6.49,14.05,3.88,4644706.75
OXM,40.69,9,"[1, 1, 1, 1, 1, 0, 1, 1, 1, 1]",39.08,37.42,48.22,30.22,466183.2
GRPN,27.95,9,"[1, 1, 1, 1, 0, 1, 1, 1, 1, 1]",20.41,16.93,36.89,9.64,1835689.7
ALRS,32.1,10,"[1, 1, 1, 1, 1, 1, 1, 1, 1, 1]",29.36,24.59,32.59,19.74,294889.4
LAES,2.57,1,"[0, 0, 0, 0, 0, 0, 0, 0, 1, 0]",3.09,3.93,7.65,2.09,16782170.55
