ticker,price,score,points,sma50,sma200,wk52_high,wk52_low,volume
TCBI,95.67,5,"[0, 0, 0, 1, 1, 1, 0, 1, 1, 0]",100.97,97.87,107.74,76.93,378274.7
TPC,86.54,10,"[1, 1, 1, 1, 1, 1, 1, 1, 1, 1]",85.22,77.85,99.01,58.56,525129.25
ENVA,221.14,8,"[0, 1, 1, 1, 1, 1, 1, 1, 1, 0]",240.49,175.37,265.45,104.01,275165.65
PLUG,2.09,3,"[0, 0, 0, 0, 1, 0, 1, 0, 1, 0]",2.27,2.47,4.14,1.41,64750560.5
HNGE,90.02,10,"[1, 1, 1, 1, 1, 1, 1, 1, 1, 1]",83.83,55.81,92.85,31.17,1884036.0
WHD,70.69,10,"[1, 1, 1, 1, 1, 1, 1, 1, 1, 1]",60.41,53.93,73.73,33.12,733711.8
PTEN,12.79,10,"[1, 1, 1, 1, 1, 1, 1, 1, 1, 1]",10.39,9.25,12.79,5.0,7520738.25
SMR,9.21,2,"[1, 0, 0, 0, 0, 0, 0, 0, 1, 0]",9.15,13.2,53.43,7.59,33630085.5
CMBT,18.27,10,"[1, 1, 1, 1, 1, 1, 1, 1, 1, 1]",16.06,13.07,18.28,8.13,1038900.55
CNO,54.54,9,"[1, 1, 1, 1, 1, 1, 1, 1, 1, 0]",53.54,45.57,55.68,38.03,746387.6
BETA,19.64,5,"[0, 1, 0, 1, 0, 0, 1, 0, 1, 1]",20.02,20.78,36.8,13.59,2152703.85
CNR,101.24,9,"[1, 1, 1, 0, 1, 1, 1, 1, 1, 1]",87.13,89.41,113.0,70.44,561183.75
BLLN,92.32,3,"[0, 0, 0, 1, 0, 0, 1, 0, 1, 0]",114.5,95.17,149.97,64.03,824399.1
ZETA,31.56,10,"[1, 1, 1, 1, 1, 1, 1, 1, 1, 1]",23.85,19.84,31.56,14.55,10011116.0
NVTS,10.94,4,"[0, 0, 0, 0, 1, 1, 1, 0, 1, 0]",13.38,12.86,31.79,5.54,13089617.35
FHI,62.17,9,"[1, 1, 1, 1, 1, 1, 1, 1, 1, 0]",60.34,55.41,65.39,46.07,532742.65
COLD,14.74,9,"[0, 1, 1, 1, 1, 1, 1, 1, 1, 1]",15.04,13.0,16.25,9.61,3612517.0
LMND,51.34,1,"[0, 0, 0, 0, 0, 0, 0, 0, 1, 0]",58.96,64.63,96.57,47.38,943635.05
AMRX,17.68,8,"[0, 1, 1, 1, 1, 1, 1, 1, 1, 0]",17.69,14.25,19.1,9.54,1666920.7
LPL,3.27,2,"[0, 0, 0, 0, 0, 0, 0, 0, 1, 1]",3.45,4.16,5.76,2.79,2727360.25
TREX,43.34,7,"[0, 1, 1, 1, 1, 1, 1, 0, 1, 0]",46.6,40.88,64.6,30.13,1761751.45
DOO,61.74,3,"[0, 0, 0, 0, 0, 0, 0, 1, 1, 1]",61.99,66.1,81.22,50.79,218463.85
MTRN,234.19,9,"[0, 1, 1, 1, 1, 1, 1, 1, 1, 1]",254.21,183.7,297.21,108.26,343604.55
XMTR,91.15,9,"[0, 1, 1, 1, 1, 1, 1, 1, 1, 1]",91.51,68.12,104.85,36.1,589877.1
NP,32.7,10,"[1, 1, 1, 1, 1, 1, 1, 1, 1, 1]",31.77,26.84,35.11,17.14,416434.95
LASR,40.32,4,"[0, 0, 0, 0, 1, 1, 1, 0, 1, 0]",61.12,57.11,84.95,28.04,1615295.25
CAAP,23.09,5,"[0, 0, 0, 0, 1, 1, 1, 1, 1, 0]",24.99,25.83,30.35,17.49,242031.3
TNL,66.16,5,"[0, 0, 0, 1, 1, 1, 0, 1, 1, 0]",74.59,70.65,78.45,56.68,616189.1
PVH,72.87,4,"[0, 0, 0, 1, 1, 1, 0, 0, 1, 0]",79.48,76.64,98.77,60.85,915853.75
LBTYA,10.54,3,"[0, 0, 0, 0, 1, 0, 0, 1, 1, 0]",10.66,11.41,13.03,9.69,2076475.4
CRGY,14.07,9,"[1, 1, 1, 0, 1, 1, 1, 1, 1, 1]",11.22,10.78,14.07,7.53,5613486.15
COCO,58.06,5,"[0, 0, 0, 1, 1, 1, 1, 0, 1, 0]",68.5,60.75,84.02,36.65,833627.7
POWI,49.78,5,"[0, 0, 0, 1, 1, 1, 1, 0, 1, 0]",66.28,55.88,87.35,30.52,749341.4
LEU,168.31,1,"[0, 0, 0, 0, 0, 0, 0, 0, 1, 0]",174.43,212.27,436.0,146.61,564193.15
ANDG,55.72,7,"[1, 1, 0, 1, 0, 0, 1, 1, 1, 1]",44.99,55.72,56.56,18.34,589004.25
KTB,74.64,8,"[0, 1, 1, 1, 1, 1, 1, 1, 1, 0]",82.35,71.5,88.17,56.63,755758.9
MRX,72.62,10,"[1, 1, 1, 1, 1, 1, 1, 1, 1, 1]",66.09,49.43,72.83,27.85,641435.85
ARIS,18.87,9,"[1, 1, 1, 0, 1, 1, 1, 1, 1, 1]",16.22,17.27,22.68,8.75,1561730.4
DLO,14.83,8,"[1, 1, 1, 1, 0, 1, 1, 1, 1, 0]",14.42,13.24,15.57,10.83,2597714.15
GFF,94.44,9,"[0, 1, 1, 1, 1, 1, 1, 1, 1, 1]",95.69,84.7,107.22,66.26,348867.75
TDW,96.11,10,"[1, 1, 1, 1, 1, 1, 1, 1, 1, 1]",80.08,72.81,96.49,47.29,608412.75
OPLN,35.05,8,"[0, 1, 1, 1, 1, 1, 1, 1, 1, 0]",38.35,32.48,42.9,24.49,1655445.45
KAI,292.48,4,"[0, 0, 0, 0, 1, 1, 0, 1, 1, 0]",312.75,308.96,346.52,246.63,129127.75
BBWI,18.61,3,"[0, 0, 0, 1, 1, 0, 0, 0, 1, 0]",20.05,19.68,30.54,14.41,6693056.8
TVTX,65.71,10,"[1, 1, 1, 1, 1, 1, 1, 1, 1, 1]",59.53,41.79,67.52,18.15,1686441.95
CRNX,84.95,10,"[1, 1, 1, 1, 1, 1, 1, 1, 1, 1]",73.86,50.23,84.95,32.61,2597305.0
LIVN,80.16,8,"[0, 1, 1, 1, 1, 1, 1, 1, 1, 0]",80.54,69.26,85.32,49.57,725860.55
NVST,26.64,8,"[0, 1, 1, 1, 1, 1, 1, 1, 1, 0]",27.1,25.14,30.26,18.95,2872626.65
ACMR,70.04,7,"[0, 1, 1, 1, 1, 1, 1, 0, 1, 0]",88.3,62.46,126.89,26.83,917294.85
UCTT,65.11,5,"[0, 0, 0, 1, 1, 1, 1, 0, 1, 0]",92.23,66.47,142.59,21.65,988257.9
HGV,41.2,5,"[0, 0, 0, 1, 1, 1, 0, 1, 1, 0]",48.23,46.01,54.69,36.99,1021684.35
PII,61.38,4,"[0, 0, 0, 1, 0, 1, 0, 1, 1, 0]",68.67,64.3,74.7,47.42,760470.85
SKE,30.32,8,"[1, 0, 1, 0, 1, 1, 1, 1, 1, 1]",29.33,28.82,38.12,15.54,630834.45
EE,39.01,10,"[1, 1, 1, 1, 1, 1, 1, 1, 1, 1]",38.0,34.35,42.6,22.79,387709.7
ORKA,92.11,8,"[0, 1, 1, 1, 1, 1, 1, 1, 1, 0]",94.77,56.91,113.08,14.9,805819.6
RNG,70.77,10,"[1, 1, 1, 1, 1, 1, 1, 1, 1, 1]",51.76,38.79,70.77,24.69,1617810.2
CATY,60.73,3,"[0, 0, 0, 0, 0, 0, 1, 1, 1, 0]",,,64.53,43.96,339239.95
ACAD,28.89,9,"[1, 1, 1, 1, 0, 1, 1, 1, 1, 1]",26.84,24.37,30.57,20.06,1742285.25
DAN,29.37,7,"[1, 0, 0, 0, 1, 1, 1, 1, 1, 1]",28.14,29.76,38.62,17.84,1516234.6
EWTX,42.25,10,"[1, 1, 1, 1, 1, 1, 1, 1, 1, 1]",42.03,32.57,48.35,13.7,1392887.55
TAC,11.77,2,"[0, 0, 0, 1, 0, 0, 0, 0, 1, 0]",13.13,13.15,17.66,11.77,1724373.2
SOUN,6.85,3,"[1, 0, 0, 0, 0, 0, 0, 0, 1, 1]",6.72,8.42,21.4,5.7,30653037.9
JOE,65.05,8,"[1, 0, 1, 0, 1, 1, 1, 1, 1, 1]",64.33,64.44,72.27,46.43,193501.0
HP,46.21,10,"[1, 1, 1, 1, 1, 1, 1, 1, 1, 1]",36.68,34.44,46.21,19.45,1502108.6
INDB,79.94,6,"[0, 0, 1, 1, 1, 1, 0, 1, 1, 0]",84.16,78.24,87.17,62.86,264708.4
FG,23.64,2,"[0, 0, 0, 1, 0, 0, 0, 0, 1, 0]",27.67,27.58,34.14,20.28,585267.95
BB,7.83,7,"[0, 1, 1, 1, 1, 1, 1, 0, 1, 0]",9.33,5.94,12.81,3.15,9552228.7
PPTA,23.5,5,"[1, 0, 0, 0, 0, 1, 1, 0, 1, 1]",21.54,26.54,37.22,16.71,1301405.4
LRN,87.28,6,"[1, 0, 1, 0, 1, 0, 1, 0, 1, 1]",85.7,82.6,166.11,61.02,951053.6
BULL,9.13,7,"[1, 1, 1, 1, 0, 0, 1, 0, 1, 1]",7.69,7.16,15.55,4.63,16936113.3
BELFB,243.42,6,"[0, 0, 1, 1, 1, 1, 1, 0, 1, 0]",277.11,233.36,332.96,134.24,176652.0
WSFS,76.69,8,"[0, 1, 1, 1, 1, 1, 1, 1, 1, 0]",79.06,67.88,82.09,49.8,332665.4
LQDA,66.91,7,"[0, 1, 1, 1, 1, 1, 1, 0, 1, 0]",79.04,50.54,91.03,21.8,1556799.6
ALHC,13.59,1,"[0, 0, 0, 0, 0, 0, 0, 0, 1, 0]",17.88,18.94,24.56,12.78,4912373.05
AAUC,22.81,6,"[1, 0, 0, 0, 1, 1, 1, 0, 1, 1]",22.15,26.22,32.01,14.18,703322.3
CGAU,21.78,10,"[1, 1, 1, 1, 1, 1, 1, 1, 1, 1]",18.48,17.11,24.25,8.24,1594491.3
OII,51.32,10,"[1, 1, 1, 1, 1, 1, 1, 1, 1, 1]",46.19,35.97,54.11,22.2,872640.8
VKTX,33.67,7,"[0, 1, 1, 1, 0, 0, 1, 1, 1, 1]",35.58,33.61,42.13,23.09,1729024.25
CLSK,11.06,4,"[0, 0, 0, 1, 1, 0, 1, 0, 1, 0]",13.31,12.51,23.2,8.18,19621784.4
SII,127.07,8,"[1, 0, 1, 0, 1, 1, 1, 1, 1, 1]",114.1,121.03,165.32,65.87,233639.6
VECO,42.05,5,"[0, 0, 0, 1, 1, 1, 1, 0, 1, 0]",54.85,43.57,83.04,23.59,687001.7
RUM,8.53,10,"[1, 1, 1, 1, 1, 1, 1, 1, 1, 1]",6.85,6.56,10.23,4.67,4443753.05
WRBY,24.19,6,"[0, 0, 0, 1, 1, 1, 1, 1, 1, 0]",26.87,24.7,30.34,16.49,2647335.95
TLX,10.85,9,"[0, 1, 1, 1, 1, 1, 1, 1, 1, 1]",11.12,9.41,12.42,6.41,132014.5
RXO,20.11,6,"[0, 0, 1, 1, 1, 1, 1, 0, 1, 0]",24.45,18.73,29.3,10.48,1692467.15
BTE,5.0,10,"[1, 1, 1, 1, 1, 1, 1, 1, 1, 1]",4.29,4.01,5.3,2.16,14034919.7
LION,10.97,6,"[0, 0, 1, 1, 1, 1, 1, 0, 1, 0]",13.22,10.9,16.4,5.91,2635477.8
TWST,132.06,10,"[1, 1, 1, 1, 1, 1, 1, 1, 1, 1]",107.56,62.7,153.1,24.16,1741255.25
FIBK,36.31,8,"[0, 1, 1, 1, 1, 1, 1, 1, 1, 0]",37.96,35.06,39.73,27.83,933645.4
BFH,102.05,8,"[0, 1, 1, 1, 1, 1, 1, 1, 1, 0]",105.27,84.71,113.4,53.59,386869.85
BHF,52.99,3,"[0, 0, 0, 0, 0, 1, 0, 1, 1, 0]",60.99,62.46,66.61,43.36,1115641.35
SLG,54.59,10,"[1, 1, 1, 1, 1, 1, 1, 1, 1, 1]",53.47,45.08,62.85,34.32,847705.85
HYMC,21.63,4,"[0, 0, 0, 0, 1, 1, 1, 0, 1, 0]",23.05,29.7,55.74,5.19,1952770.6
OGN,13.76,10,"[1, 1, 1, 1, 1, 1, 1, 1, 1, 1]",13.58,10.16,13.77,5.68,3030305.15
SIG,81.26,3,"[0, 0, 0, 1, 0, 0, 0, 1, 1, 0]",88.19,88.53,105.18,73.65,589761.75
GNW,10.0,9,"[1, 1, 1, 1, 1, 1, 0, 1, 1, 1]",9.76,8.95,10.16,7.94,2602253.15
HWKN,124.58,2,"[0, 0, 0, 0, 1, 0, 0, 0, 1, 0]",135.64,144.95,182.56,117.67,133175.1
CTRI,20.49,3,"[0, 0, 0, 0, 1, 1, 0, 0, 1, 0]",25.65,28.29,41.8,19.37,2109833.5
RUN,8.37,1,"[0, 0, 0, 0, 0, 0, 0, 0, 1, 0]",10.89,14.64,21.41,8.37,8449171.85
ASO,42.81,2,"[0, 0, 0, 0, 1, 0, 0, 0, 1, 0]",47.36,52.16,60.83,41.39,1574911.75
HSAI,16.78,1,"[0, 0, 0, 0, 0, 0, 0, 0, 1, 0]",16.86,21.12,29.8,14.6,1731073.3
ATS,18.49,2,"[0, 0, 0, 0, 1, 0, 0, 0, 1, 0]",24.7,28.43,35.38,18.49,306596.45
CC,15.1,4,"[0, 0, 0, 0, 1, 1, 1, 0, 1, 0]",17.24,17.89,27.68,10.33,2914083.75
BKU,44.74,5,"[0, 0, 0, 1, 1, 1, 0, 1, 1, 0]",47.46,45.92,50.23,34.64,559030.65
TRMD,33.21,10,"[1, 1, 1, 1, 1, 1, 1, 1, 1, 1]",29.51,26.49,34.08,18.06,629070.45
SUNC,78.63,9,"[1, 1, 1, 1, 1, 0, 1, 1, 1, 1]",72.69,60.8,78.63,45.83,451412.05
MANU,21.22,8,"[0, 1, 1, 1, 1, 1, 1, 1, 1, 0]",22.62,18.87,24.19,15.1,354293.0
AAP,42.76,4,"[0, 0, 0, 1, 1, 1, 0, 0, 1, 0]",54.47,52.09,62.91,38.18,2502700.95
AVNT,42.62,10,"[1, 1, 1, 1, 1, 1, 1, 1, 1, 1]",39.68,35.99,46.34,26.82,918257.45
CVI,42.87,9,"[1, 1, 1, 1, 1, 0, 1, 1, 1, 1]",33.41,30.38,42.87,20.59,922216.15
SA,29.92,7,"[1, 0, 0, 0, 1, 1, 1, 1, 1, 1]",28.33,29.98,39.35,17.34,903497.75
AMBA,67.83,3,"[0, 0, 0, 1, 0, 0, 1, 0, 1, 0]",73.99,69.47,95.51,48.65,971992.7
APLE,15.57,8,"[0, 1, 1, 1, 1, 1, 1, 1, 1, 0]",16.43,13.38,16.99,10.58,2665594.1
CHEF,115.52,10,"[1, 1, 1, 1, 1, 1, 1, 1, 1, 1]",103.13,76.39,115.52,54.6,653999.15
BEAM,29.02,9,"[0, 1, 1, 1, 1, 1, 1, 1, 1, 1]",29.73,28.37,37.92,16.31,1650757.85
CWK,13.39,3,"[0, 0, 0, 1, 0, 0, 0, 1, 1, 0]",13.68,14.19,17.2,11.8,1755870.25
TNGX,22.35,6,"[0, 0, 1, 1, 1, 1, 1, 0, 1, 0]",27.6,19.3,32.9,6.36,2149711.3
EFXT,20.36,4,"[0, 0, 0, 0, 1, 1, 1, 0, 1, 0]",22.45,20.72,28.32,9.97,788464.0
DAVE,340.64,8,"[0, 1, 1, 1, 1, 1, 1, 1, 1, 0]",373.4,256.63,442.53,155.92,449601.85
FSM,11.75,9,"[1, 1, 1, 0, 1, 1, 1, 1, 1, 1]",9.54,9.99,13.66,7.62,6088979.85
VRNS,42.35,6,"[0, 1, 1, 1, 0, 0, 1, 0, 1, 1]",43.02,32.35,63.31,20.19,1272866.95
NATL,46.28,9,"[1, 1, 1, 1, 1, 1, 1, 1, 1, 0]",45.98,42.67,48.13,34.13,676310.05
ADEA,24.37,6,"[0, 0, 1, 1, 1, 1, 1, 0, 1, 0]",27.87,23.53,33.5,11.62,835982.75
BTDR,10.35,2,"[0, 0, 0, 0, 0, 0, 1, 0, 1, 0]",11.85,11.98,25.9,7.28,15350767.0
BATRK,50.21,8,"[0, 1, 1, 1, 1, 1, 1, 1, 1, 0]",51.47,45.6,53.58,38.04,636641.55
SEZL,114.52,7,"[0, 1, 1, 1, 1, 1, 1, 0, 1, 0]",152.29,97.15,188.55,50.97,837516.3
BBAR,15.11,4,"[0, 0, 0, 1, 0, 1, 1, 0, 1, 0]",17.89,16.73,21.73,7.82,860221.15
PARR,80.03,9,"[1, 1, 1, 1, 1, 1, 1, 1, 1, 0]",71.95,55.25,86.03,32.82,1050460.75
VCYT,43.43,6,"[0, 1, 1, 1, 0, 1, 1, 0, 1, 0]",51.64,42.58,60.49,30.01,1246295.95
COLM,56.81,5,"[0, 0, 0, 1, 1, 1, 0, 1, 1, 0]",60.71,58.43,67.45,47.94,732552.7
FFBC,32.02,8,"[0, 1, 1, 1, 1, 1, 1, 1, 1, 0]",33.85,29.33,36.18,22.64,610345.35
FSLY,20.77,6,"[0, 0, 1, 1, 1, 1, 1, 0, 1, 0]",21.94,18.5,33.5,7.3,6354179.35
ZIM,27.01,10,"[1, 1, 1, 1, 1, 1, 1, 1, 1, 1]",25.8,24.09,28.81,12.03,2196510.1
RCUS,29.71,10,"[1, 1, 1, 1, 1, 1, 1, 1, 1, 1]",29.1,24.42,31.57,10.81,1198684.55
CALY,15.53,7,"[0, 0, 1, 1, 1, 1, 1, 1, 1, 0]",17.76,14.88,19.66,8.39,1859279.05
BOH,75.18,6,"[0, 0, 1, 1, 1, 1, 0, 1, 1, 0]",80.65,75.04,85.85,58.13,295314.4
UNFI,44.64,7,"[0, 0, 1, 1, 1, 1, 1, 1, 1, 0]",48.24,43.27,55.52,28.0,473606.4
SXI,285.12,8,"[0, 1, 1, 1, 1, 1, 1, 1, 1, 0]",314.97,269.37,357.31,197.88,113629.55
PLAB,27.33,4,"[0, 0, 0, 0, 1, 1, 1, 0, 1, 0]",30.49,35.44,54.96,20.28,1565753.35
ERAS,16.76,7,"[0, 1, 1, 1, 1, 1, 1, 0, 1, 0]",18.16,12.56,22.47,1.43,3459623.55
EXTR,21.78,6,"[0, 0, 1, 1, 1, 1, 1, 0, 1, 0]",28.12,20.88,33.71,13.74,1768291.65
YETI,40.16,5,"[0, 0, 0, 1, 1, 1, 0, 1, 1, 0]",48.26,44.34,52.68,32.11,1988598.6
CARG,34.77,6,"[0, 1, 1, 1, 0, 1, 0, 1, 1, 0]",35.31,33.98,39.03,26.96,890771.8
MPT,4.03,1,"[0, 0, 0, 0, 0, 0, 0, 0, 1, 0]",4.46,4.86,5.8,3.97,8587403.15
DNLI,23.26,9,"[0, 1, 1, 1, 1, 1, 1, 1, 1, 1]",24.56,20.73,27.21,12.75,1225768.4
BKD,11.9,5,"[0, 0, 0, 1, 1, 1, 1, 0, 1, 0]",14.08,13.3,16.77,7.36,5286956.9
CON,33.89,10,"[1, 1, 1, 1, 1, 1, 1, 1, 1, 1]",32.19,24.79,35.47,18.52,958850.1
ETOR,31.81,2,"[0, 0, 0, 1, 0, 0, 0, 0, 1, 0]",35.41,35.09,46.9,24.76,1575734.1
LXP,60.81,10,"[1, 1, 1, 1, 1, 1, 1, 1, 1, 1]",58.6,50.96,61.15,41.85,672865.7
MSGE,77.04,9,"[0, 1, 1, 1, 1, 1, 1, 1, 1, 1]",78.14,64.63,88.42,40.4,348864.25
BWLP,24.21,10,"[1, 1, 1, 1, 1, 1, 1, 1, 1, 1]",21.2,17.11,24.8,11.16,366265.15
KYIV,13.08,7,"[0, 1, 1, 1, 0, 1, 1, 1, 1, 0]",14.08,12.94,16.17,9.33,322666.75
BHE,70.48,6,"[0, 0, 1, 1, 1, 1, 1, 0, 1, 0]",81.93,65.78,98.67,35.65,317837.25
CAKE,108.36,10,"[1, 1, 1, 1, 1, 1, 1, 1, 1, 1]",94.46,66.93,117.29,42.61,1865638.95
HG,35.05,9,"[1, 1, 1, 1, 1, 1, 1, 1, 1, 0]",34.8,29.97,37.28,21.72,347319.25
DHT,19.69,10,"[1, 1, 1, 1, 1, 1, 1, 1, 1, 1]",17.54,15.14,19.99,9.88,3438879.2
AEHR,76.59,7,"[0, 1, 1, 1, 1, 1, 1, 0, 1, 0]",92.55,61.54,145.61,19.4,2374823.8
OLN,17.13,2,"[0, 0, 0, 0, 1, 0, 0, 0, 1, 0]",19.84,22.89,29.59,17.13,2737073.0
SBLK,31.05,10,"[1, 1, 1, 1, 1, 1, 1, 1, 1, 1]",26.98,23.13,31.11,15.65,1552338.3
VC,100.76,4,"[0, 0, 0, 1, 1, 0, 0, 1, 1, 0]",105.2,101.97,127.5,84.18,380637.5
TTAM,14.65,5,"[0, 0, 0, 1, 1, 1, 0, 1, 1, 0]",16.66,16.5,19.32,14.13,231964.15
BKV,25.12,5,"[0, 0, 0, 0, 1, 1, 0, 1, 1, 1]",25.47,27.46,32.16,20.24,954898.2
HIMX,13.41,8,"[0, 1, 1, 1, 1, 1, 1, 0, 1, 1]",14.05,11.5,23.77,6.81,1288524.8
BANC,18.16,5,"[0, 0, 0, 1, 1, 1, 0, 1, 1, 0]",19.94,19.03,21.83,15.28,2303122.05
SBCF,33.04,7,"[0, 1, 1, 1, 1, 1, 0, 1, 1, 0]",33.96,32.0,36.13,28.28,794332.2
KN,34.33,8,"[0, 1, 1, 1, 1, 1, 1, 1, 1, 0]",37.18,30.13,42.8,20.67,786025.2
ALMS,9.47,5,"[0, 0, 0, 1, 1, 1, 1, 0, 1, 0]",26.2,22.03,30.3,3.95,2215017.2
SDRL,49.13,9,"[1, 1, 1, 0, 1, 1, 1, 1, 1, 1]",43.32,41.74,54.8,28.4,630880.0
CRVL,69.74,8,"[1, 1, 1, 1, 0, 0, 1, 1, 1, 1]",63.51,61.43,90.34,46.0,173680.15
ITGR,125.39,10,"[1, 1, 1, 1, 1, 1, 1, 1, 1, 1]",108.21,89.69,126.07,63.32,1084263.5
SUPN,43.74,3,"[0, 0, 0, 0, 1, 0, 0, 1, 1, 0]",46.74,48.52,57.0,43.25,854749.0
XXI,5.79,4,"[1, 0, 0, 0, 0, 0, 1, 0, 1, 1]",5.19,7.61,24.61,4.27,1468407.5
LFST,12.6,10,"[1, 1, 1, 1, 1, 1, 1, 1, 1, 1]",11.22,8.11,12.83,4.81,4468254.45
TDC,28.65,6,"[0, 0, 0, 1, 1, 1, 1, 1, 1, 0]",30.31,29.79,37.88,20.42,2880454.1
NMRK,15.02,3,"[0, 0, 0, 1, 0, 0, 0, 1, 1, 0]",15.32,15.65,19.35,13.72,1330739.55
ERO,34.82,10,"[1, 1, 1, 1, 1, 1, 1, 1, 1, 1]",29.83,28.67,40.4,14.68,1815300.95
JOYY,74.04,10,"[1, 1, 1, 1, 1, 1, 1, 1, 1, 1]",71.64,62.9,75.0,51.63,329862.35
EXK,10.24,8,"[1, 1, 1, 0, 1, 1, 1, 0, 1, 1]",8.94,9.78,14.12,5.88,9061768.6
SHOO,41.44,7,"[0, 1, 1, 1, 0, 1, 1, 1, 1, 0]",44.28,40.78,49.07,28.47,875019.3
PHIN,66.82,6,"[0, 0, 0, 1, 1, 1, 1, 1, 1, 0]",76.76,70.67,85.16,50.78,323127.05
ARX,19.78,9,"[1, 1, 1, 1, 0, 1, 1, 1, 1, 1]",14.73,13.98,21.22,9.36,6972698.8
KALU,163.31,8,"[0, 1, 1, 1, 1, 1, 1, 1, 1, 0]",169.15,143.9,194.8,72.24,241316.8
DBRG,15.91,10,"[1, 1, 1, 1, 1, 1, 1, 1, 1, 1]",15.85,14.98,15.98,9.15,3932246.2
PAGS,9.14,3,"[1, 0, 0, 0, 0, 0, 0, 1, 1, 0]",9.09,9.68,11.72,8.44,2683275.7
CECO,70.55,7,"[0, 0, 1, 1, 1, 1, 1, 0, 1, 1]",78.01,69.79,99.67,45.12,881208.95
WT,24.46,10,"[1, 1, 1, 1, 1, 1, 1, 1, 1, 1]",20.57,16.66,25.04,10.68,2359703.65
PFS,23.0,8,"[0, 1, 1, 1, 1, 1, 1, 1, 1, 0]",23.79,21.59,25.04,17.11,778563.2
TRN,27.86,4,"[0, 0, 0, 1, 1, 1, 0, 0, 1, 0]",33.08,31.05,38.07,24.19,600421.85
DYN,25.1,9,"[1, 1, 1, 1, 1, 1, 1, 1, 1, 0]",24.5,19.84,26.78,12.37,1703049.3
GEO,30.53,8,"[0, 1, 1, 1, 1, 1, 1, 1, 1, 0]",30.68,21.23,32.77,13.26,2178924.55
LCII,100.77,2,"[0, 0, 0, 0, 0, 1, 0, 0, 1, 0]",102.48,115.45,152.4,81.4,256953.45
TNK,88.3,10,"[1, 1, 1, 1, 1, 1, 1, 1, 1, 1]",77.37,69.28,92.01,47.72,470276.8
BTU,29.1,6,"[1, 1, 1, 0, 0, 0, 1, 0, 1, 1]",24.11,28.82,39.25,16.6,2207868.65
NTCT,38.0,8,"[0, 1, 1, 1, 1, 1, 1, 1, 1, 0]",40.5,33.82,44.84,24.64,626506.5
DK,73.34,10,"[1, 1, 1, 1, 1, 1, 1, 1, 1, 1]",61.08,44.01,74.34,26.26,1590551.05
PTRN,20.03,7,"[0, 1, 1, 1, 1, 1, 1, 0, 1, 0]",23.87,16.51,29.4,9.59,1779964.95
GRND,15.53,8,"[0, 1, 1, 1, 1, 1, 1, 1, 1, 0]",15.66,13.34,17.94,9.85,1594539.45
TXG,59.98,10,"[1, 1, 1, 1, 1, 1, 1, 1, 1, 1]",48.6,28.02,65.12,11.34,3228391.55
CLMT,51.52,10,"[1, 1, 1, 1, 1, 1, 1, 1, 1, 1]",42.24,30.98,51.52,16.54,1280773.1
AEO,16.58,2,"[0, 0, 0, 0, 0, 1, 0, 0, 1, 0]",17.09,19.55,27.66,13.15,4556868.85
INOD,54.64,4,"[0, 0, 0, 1, 1, 0, 1, 0, 1, 0]",65.37,60.81,121.5,34.45,1565044.2
GPCR,47.13,3,"[0, 0, 0, 0, 0, 1, 1, 0, 1, 0]",50.65,54.14,93.79,19.71,686903.25
IHS,8.4,10,"[1, 1, 1, 1, 1, 1, 1, 1, 1, 1]",8.25,7.98,8.73,6.24,947749.0
AYA,26.37,10,"[1, 1, 1, 1, 1, 1, 1, 1, 1, 1]",22.51,18.02,29.29,9.25,1075677.65
SPNT,24.41,10,"[1, 1, 1, 1, 1, 1, 1, 1, 1, 1]",24.1,22.23,26.31,17.48,541169.35
KMT,29.19,4,"[0, 0, 0, 0, 1, 1, 1, 0, 1, 0]",32.95,33.84,42.76,19.96,1770659.8
STUB,6.16,2,"[0, 0, 0, 1, 0, 0, 0, 0, 1, 0]",9.37,10.07,22.0,6.09,7229066.45
FA,20.17,8,"[0, 1, 1, 1, 1, 1, 1, 1, 1, 0]",20.36,15.11,24.12,8.95,2517690.0
NKTR,71.75,8,"[1, 1, 1, 1, 1, 1, 1, 0, 1, 0]",71.07,64.65,100.35,28.55,547186.5
EOSE,3.04,1,"[0, 0, 0, 0, 0, 0, 0, 0, 1, 0]",4.22,8.52,19.19,3.04,22439869.35
UAA,4.92,3,"[0, 0, 0, 0, 1, 1, 0, 0, 1, 0]",6.23,5.93,8.14,4.17,9091217.9
UA,4.8,3,"[0, 0, 0, 0, 1, 1, 0, 0, 1, 0]",6.06,5.76,7.88,3.96,2875408.6
DBD,66.65,4,"[0, 0, 0, 1, 1, 1, 0, 0, 1, 0]",78.63,75.28,90.75,54.9,263587.5
BKE,42.47,1,"[0, 0, 0, 0, 0, 0, 0, 0, 1, 0]",43.45,48.77,56.63,41.12,422078.35
UNIT,9.75,8,"[0, 0, 1, 1, 1, 1, 1, 1, 1, 1]",10.47,9.26,12.75,5.36,1852784.95
ARCB,132.72,8,"[0, 1, 1, 1, 1, 1, 1, 1, 1, 0]",144.35,112.46,173.07,59.44,274416.45
NN,15.22,5,"[0, 0, 0, 0, 1, 1, 1, 0, 1, 1]",15.82,16.85,23.59,11.37,3098302.4
HOG,27.15,10,"[1, 1, 1, 1, 1, 1, 1, 1, 1, 1]",26.17,22.74,30.05,17.06,1877211.95
ATRO,72.99,9,"[0, 1, 1, 1, 1, 1, 1, 1, 1, 1]",75.99,61.25,93.45,29.14,700552.9
CLDX,39.24,10,"[1, 1, 1, 1, 1, 1, 1, 1, 1, 1]",38.66,31.34,44.87,22.06,774544.05
VAC,99.08,9,"[0, 1, 1, 1, 1, 1, 1, 1, 1, 1]",104.64,74.84,124.75,43.9,583922.45
ARQT,23.75,5,"[0, 0, 0, 1, 0, 1, 1, 1, 1, 0]",26.61,25.62,31.2,15.32,1814532.55
GRAL,79.79,7,"[1, 1, 1, 1, 0, 0, 1, 0, 1, 1]",71.13,73.24,116.06,31.61,781693.4
VISN,6.22,8,"[0, 1, 1, 1, 1, 1, 1, 1, 1, 0]",6.74,5.86,7.34,4.16,11246418.95
TARS,74.05,7,"[1, 1, 1, 0, 0, 0, 1, 1, 1, 1]",64.61,68.57,82.51,49.36,707793.95
NGVT,68.51,7,"[0, 0, 1, 1, 1, 1, 1, 1, 1, 0]",73.46,68.21,77.87,46.2,227115.0
AMSC,28.56,2,"[0, 0, 0, 0, 1, 0, 0, 0, 1, 0]",33.6,35.93,66.68,25.95,691195.65
WAFD,35.38,8,"[0, 1, 1, 1, 1, 1, 1, 1, 1, 0]",37.09,33.71,39.03,26.96,473631.5
HUN,9.39,3,"[0, 0, 0, 0, 1, 1, 0, 0, 1, 0]",10.89,11.86,15.89,7.27,2508909.5
HUBG,37.94,4,"[0, 0, 0, 1, 1, 1, 0, 0, 1, 0]",44.75,42.26,52.19,32.8,1346089.2
TRMK,45.18,7,"[0, 1, 1, 1, 1, 1, 0, 1, 1, 0]",46.76,43.2,48.52,36.04,263934.25
IRON,78.67,8,"[1, 1, 1, 1, 0, 0, 1, 1, 1, 1]",77.18,74.21,94.11,55.95,391111.65
CUBI,76.42,7,"[0, 1, 1, 1, 1, 1, 0, 1, 1, 0]",79.05,74.68,83.65,60.52,238777.15
VERA,34.23,4,"[0, 0, 0, 0, 0, 1, 1, 0, 1, 1]",36.2,39.32,55.67,21.9,2299874.2
ICHR,51.76,5,"[0, 0, 0, 1, 1, 1, 1, 0, 1, 0]",79.45,53.53,112.28,14.25,805168.0
RARE,25.81,5,"[0, 1, 0, 1, 0, 0, 1, 0, 1, 1]",28.39,26.25,36.54,18.5,2144958.15
KOD,37.06,8,"[0, 1, 1, 1, 1, 1, 1, 1, 1, 0]",40.24,32.88,46.44,8.55,579487.25
SAH,77.89,7,"[0, 1, 1, 1, 1, 1, 1, 0, 1, 0]",87.62,72.21,112.66,57.63,265647.65
DRD,27.71,6,"[1, 1, 0, 0, 0, 1, 1, 0, 1, 1]",23.1,28.49,38.8,19.58,327534.95
HE,11.08,3,"[0, 0, 0, 0, 1, 1, 0, 0, 1, 0]",12.73,13.74,17.08,10.89,2210785.8
IMNM,27.07,10,"[1, 1, 1, 1, 1, 1, 1, 1, 1, 1]",24.43,22.17,29.83,8.99,1133162.95
FRSH,13.46,9,"[1, 1, 1, 1, 0, 1, 1, 1, 1, 1]",11.39,10.17,13.92,6.88,6151838.45
NSIT,154.07,10,"[1, 1, 1, 1, 1, 1, 1, 1, 1, 1]",131.92,96.59,157.02,64.43,351702.65
HTFL,50.43,9,"[1, 1, 1, 1, 0, 1, 1, 1, 1, 1]",32.75,29.55,50.43,20.49,2213927.5
OSW,22.24,5,"[0, 0, 0, 1, 1, 1, 0, 1, 1, 0]",26.55,23.23,28.63,19.25,938871.5
SEDG,32.49,2,"[0, 0, 0, 0, 1, 0, 0, 0, 1, 0]",42.8,42.07,78.51,28.47,3987847.85
ROG,122.99,6,"[0, 0, 1, 1, 1, 1, 1, 0, 1, 0]",136.92,117.3,167.09,75.56,198578.4
ATKR,93.63,10,"[1, 1, 1, 1, 1, 1, 1, 1, 1, 1]",81.99,71.41,93.69,54.86,1084227.1
TALO,17.27,10,"[1, 1, 1, 1, 1, 1, 1, 1, 1, 1]",14.89,13.68,17.75,8.93,1956500.35
IDYA,39.95,9,"[1, 1, 1, 1, 0, 1, 1, 1, 1, 1]",37.21,33.58,42.48,23.39,754425.05
ELVN,57.86,9,"[1, 1, 1, 1, 1, 1, 1, 1, 1, 0]",54.78,36.88,61.15,15.14,985879.95
DGII,71.13,9,"[0, 1, 1, 1, 1, 1, 1, 1, 1, 1]",72.56,56.42,85.24,33.74,387559.15
LWLG,5.13,4,"[0, 0, 0, 0, 1, 1, 1, 0, 1, 0]",7.0,7.19,18.22,2.97,2909200.2
TMC,4.45,3,"[1, 0, 0, 0, 0, 0, 0, 0, 1, 1]",4.19,5.58,10.69,3.45,7308003.8
LMAT,81.08,2,"[0, 0, 0, 0, 1, 0, 0, 0, 1, 0]",92.37,94.61,116.75,78.76,466346.75
MTX,70.76,6,"[0, 0, 1, 1, 1, 1, 0, 1, 1, 0]",73.72,70.15,82.57,54.7,169617.25
BRZE,32.78,9,"[1, 1, 1, 1, 0, 1, 1, 1, 1, 1]",26.02,24.63,36.19,15.79,2504799.35
AAMI,90.08,10,"[1, 1, 1, 1, 1, 1, 1, 1, 1, 1]",84.3,63.93,97.31,41.78,344423.65
RLAY,18.49,8,"[0, 1, 1, 1, 1, 1, 1, 1, 1, 0]",19.26,12.71,20.75,3.66,2291255.3
MLYS,25.57,1,"[0, 0, 0, 0, 0, 0, 0, 0, 1, 0]",26.84,29.83,47.33,22.5,784836.0
FBNC,62.28,8,"[0, 1, 1, 1, 1, 1, 1, 1, 1, 0]",64.05,58.04,66.34,45.74,172949.65
ANDE,67.26,7,"[0, 0, 1, 1, 1, 1, 1, 1, 1, 0]",70.3,65.8,80.87,37.83,370046.85
VNET,6.22,1,"[0, 0, 0, 0, 0, 0, 0, 0, 1, 0]",7.42,9.11,14.03,6.06,5046752.8
HTO,63.8,10,"[1, 1, 1, 1, 1, 1, 1, 1, 1, 1]",62.14,55.48,64.97,43.43,328048.1
DXPE,183.1,10,"[1, 1, 1, 1, 1, 1, 1, 1, 1, 1]",174.55,144.77,200.84,85.53,144375.0
PTON,5.09,3,"[0, 0, 0, 1, 0, 0, 1, 0, 1, 0]",5.85,5.54,9.0,3.71,8843287.7
SGML,12.26,6,"[1, 0, 0, 0, 1, 1, 1, 0, 1, 1]",11.38,13.34,23.65,4.68,1706229.5
TENB,35.47,9,"[0, 1, 1, 1, 1, 1, 1, 1, 1, 1]",35.52,25.89,42.65,16.04,2837109.95
DFTX,38.5,8,"[0, 1, 1, 1, 1, 1, 1, 1, 1, 0]",43.79,24.38,48.45,9.04,2238163.25
VERX,13.83,5,"[1, 1, 0, 0, 0, 0, 1, 0, 1, 1]",12.63,14.72,25.94,10.58,1967196.75
PLUS,86.58,6,"[0, 1, 1, 1, 0, 1, 0, 1, 1, 0]",87.03,84.48,96.75,68.72,218814.45
AERO,14.56,1,"[0, 0, 0, 0, 0, 0, 0, 0, 1, 0]",15.88,17.11,22.91,12.36,323121.0
AMPX,9.48,3,"[0, 0, 0, 0, 1, 0, 1, 0, 1, 0]",11.11,13.61,22.91,6.93,5524832.9
AMR,233.41,8,"[1, 1, 1, 0, 0, 1, 1, 1, 1, 1]",164.21,186.64,249.65,135.9,369363.45
COHU,44.16,6,"[0, 0, 1, 1, 1, 1, 1, 0, 1, 0]",54.92,39.82,73.91,18.74,937768.9
AESI,12.68,5,"[0, 0, 0, 0, 1, 1, 1, 0, 1, 1]",13.25,12.95,19.75,8.1,3222709.85
NESR,34.72,10,"[1, 1, 1, 1, 1, 1, 1, 1, 1, 1]",29.89,23.02,36.31,9.36,2248521.25
WTTR,20.07,10,"[1, 1, 1, 1, 1, 1, 1, 1, 1, 1]",19.62,15.35,22.18,8.21,1735201.95
CDNL,36.01,4,"[0, 0, 0, 1, 1, 0, 1, 0, 1, 0]",62.23,36.01,94.31,22.03,844517.1
ACHC,28.25,8,"[0, 1, 1, 1, 1, 1, 1, 1, 1, 0]",30.37,22.71,35.61,11.68,1689085.0
MNR,12.61,8,"[0, 1, 1, 1, 1, 1, 1, 1, 1, 0]",12.65,11.92,13.87,9.65,370827.35
GRDN,38.87,8,"[0, 1, 1, 1, 1, 1, 1, 1, 1, 0]",39.88,35.59,43.83,23.41,375067.9
CEPU,13.85,4,"[0, 0, 0, 0, 0, 1, 1, 1, 1, 0]",14.28,15.32,17.95,7.68,239341.5
PRDO,32.99,6,"[1, 0, 1, 0, 1, 0, 0, 1, 1, 1]",32.86,32.57,37.77,27.01,644088.5
HLIO,70.45,7,"[0, 0, 1, 1, 1, 1, 1, 1, 1, 0]",80.82,70.33,92.74,46.89,309224.7
WOLF,26.31,6,"[0, 0, 0, 1, 1, 1, 1, 0, 1, 1]",32.32,28.66,73.5,14.8,4443104.75
NTB,58.91,8,"[0, 1, 1, 1, 1, 1, 1, 1, 1, 0]",60.31,53.7,63.91,39.94,184253.15
FUN,14.24,2,"[0, 0, 0, 0, 1, 0, 0, 0, 1, 0]",18.14,17.73,26.74,12.83,2375925.75
BLBD,60.55,4,"[0, 0, 0, 1, 1, 1, 0, 0, 1, 0]",71.94,61.47,81.5,46.59,660394.2
KEEL,3.07,4,"[0, 0, 0, 1, 1, 0, 1, 0, 1, 0]",4.18,3.36,6.66,1.25,38433844.45
PENG,47.59,7,"[0, 1, 1, 1, 1, 1, 1, 0, 1, 0]",60.28,36.01,81.39,16.24,1609419.95
AXGN,49.88,10,"[1, 1, 1, 1, 1, 1, 1, 1, 1, 1]",44.82,37.05,51.73,15.4,848156.5
PENN,16.4,5,"[0, 0, 0, 1, 1, 1, 1, 0, 1, 0]",19.97,16.49,22.06,11.76,2566966.8
CMPR,88.03,8,"[0, 1, 1, 1, 1, 1, 1, 1, 1, 0]",95.65,82.7,105.31,57.1,194725.05
FLOC,21.7,8,"[1, 0, 1, 0, 1, 1, 1, 1, 1, 1]",20.96,21.24,27.81,13.94,589215.15
DRH,12.0,8,"[0, 1, 1, 1, 1, 1, 1, 1, 1, 0]",12.47,10.39,13.38,7.28,2395867.15
XIFR,11.73,8,"[0, 1, 1, 1, 1, 1, 1, 1, 1, 0]",11.89,10.74,12.88,8.83,743400.7
ADPT,24.34,10,"[1, 1, 1, 1, 1, 1, 1, 1, 1, 1]",22.97,17.47,26.44,12.41,2077909.9
HTH,37.76,7,"[0, 1, 1, 1, 1, 1, 0, 1, 1, 0]",38.71,36.65,39.79,30.38,213351.45
CTOS,8.87,7,"[0, 1, 1, 1, 1, 1, 1, 0, 1, 0]",10.45,8.14,11.97,5.34,914797.6
DRVN,12.8,2,"[0, 0, 0, 1, 0, 0, 0, 0, 1, 0]",13.87,13.86,19.21,10.3,895878.6
RDW,10.26,4,"[0, 0, 0, 0, 1, 1, 1, 0, 1, 0]",10.83,10.51,25.9,5.06,15390902.3
VVX,77.45,8,"[0, 1, 1, 1, 1, 1, 1, 1, 1, 0]",79.35,70.15,90.81,52.16,521910.4
BCRX,9.92,10,"[1, 1, 1, 1, 1, 1, 1, 1, 1, 1]",9.71,8.51,11.11,6.24,3276222.7
TIC,9.3,6,"[1, 1, 1, 0, 0, 0, 1, 0, 1, 1]",8.33,8.97,14.49,6.54,2312692.3
WERN,37.84,8,"[0, 1, 1, 1, 1, 1, 1, 1, 1, 0]",40.7,34.91,47.29,22.87,825682.7
CENTA,36.42,8,"[0, 1, 1, 1, 1, 1, 1, 1, 1, 0]",38.24,33.79,40.6,26.27,328572.5
QUBT,7.9,1,"[0, 0, 0, 0, 0, 0, 0, 0, 1, 0]",8.6,9.55,24.62,6.31,7599361.15
ECO,67.96,10,"[1, 1, 1, 1, 1, 1, 1, 1, 1, 1]",54.96,43.39,67.96,23.01,623269.6
BHC,6.47,8,"[1, 1, 1, 1, 0, 1, 1, 1, 1, 0]",5.56,5.85,7.9,4.43,3585922.65
NMM,88.91,10,"[1, 1, 1, 1, 1, 1, 1, 1, 1, 1]",78.08,67.08,90.86,43.39,147192.35
MBIN,51.74,9,"[1, 1, 1, 1, 1, 1, 1, 1, 1, 0]",51.46,43.89,55.72,30.19,141126.45
FLYW,18.18,10,"[1, 1, 1, 1, 1, 1, 1, 1, 1, 1]",17.72,14.64,19.54,10.64,1919214.5
PBI,17.11,8,"[0, 1, 1, 1, 1, 1, 1, 1, 1, 0]",17.36,13.24,18.4,8.84,1513339.15
WLY,52.39,9,"[1, 1, 1, 1, 1, 1, 1, 1, 1, 0]",51.04,39.38,55.72,28.33,399333.7
CMRE,15.37,6,"[1, 0, 0, 0, 1, 1, 1, 1, 1, 0]",14.94,15.83,17.64,10.71,357120.4
SLDE,23.29,10,"[1, 1, 1, 1, 1, 1, 1, 1, 1, 1]",20.99,18.49,23.64,12.7,780896.1
OCUL,10.57,7,"[1, 1, 1, 1, 0, 0, 1, 0, 1, 1]",9.7,9.97,16.11,6.88,2728608.35
ESTA,69.55,5,"[0, 0, 0, 1, 1, 1, 1, 0, 1, 0]",84.58,73.15,95.65,36.84,515991.25
SRPT,21.33,7,"[1, 1, 1, 0, 0, 0, 1, 1, 1, 1]",17.77,19.09,24.45,14.86,2899332.05
NVCR,17.38,10,"[1, 1, 1, 1, 1, 1, 1, 1, 1, 1]",16.52,14.22,19.99,10.03,1258338.5
DEI,11.41,5,"[0, 1, 1, 1, 1, 0, 0, 0, 1, 0]",11.92,10.91,15.83,8.85,1579378.8
EZPW,31.8,10,"[1, 1, 1, 1, 1, 1, 1, 1, 1, 1]",31.59,27.14,35.59,16.65,1264427.15
PDFS,41.79,6,"[0, 0, 1, 1, 1, 1, 1, 0, 1, 0]",52.02,40.8,70.79,19.2,582610.3
TRVI,16.57,8,"[0, 1, 1, 1, 1, 1, 1, 1, 1, 0]",18.02,13.92,19.5,7.01,1539412.5
DCO,168.75,8,"[0, 1, 1, 1, 1, 1, 1, 1, 1, 0]",182.05,137.6,206.98,86.41,219556.9
WS,34.01,3,"[0, 0, 0, 0, 1, 1, 0, 0, 1, 0]",35.67,36.97,48.27,28.0,222625.05
STOK,30.89,6,"[0, 0, 0, 0, 1, 1, 1, 1, 1, 1]",31.18,31.88,38.35,19.59,883965.05
DHC,7.63,7,"[0, 0, 1, 1, 1, 1, 1, 1, 1, 0]",8.78,7.14,9.64,3.72,1777722.45
TYRA,25.3,4,"[0, 0, 0, 0, 1, 1, 1, 0, 1, 0]",29.4,30.11,39.61,11.82,570890.3
CLBK,11.5,10,"[1, 1, 1, 1, 1, 1, 1, 1, 1, 1]",10.61,8.66,11.82,6.21,4615864.35
MGNI,22.89,10,"[1, 1, 1, 1, 1, 1, 1, 1, 1, 1]",21.08,15.75,25.92,11.2,2887533.4
NGL,18.33,10,"[1, 1, 1, 1, 1, 1, 1, 1, 1, 1]",16.34,13.5,18.97,5.46,274306.95
NTST,20.44,7,"[0, 1, 1, 1, 1, 1, 0, 1, 1, 0]",21.11,19.5,22.26,16.77,1911429.25
ANAB,55.28,9,"[0, 1, 1, 1, 1, 1, 1, 1, 1, 1]",58.4,45.76,69.81,12.93,382302.75
PSNY,12.12,2,"[0, 0, 0, 0, 1, 0, 0, 0, 1, 0]",15.52,17.73,39.9,12.01,140626.3
NEXT,7.62,9,"[1, 1, 1, 1, 1, 1, 1, 0, 1, 1]",7.26,6.72,10.69,4.8,2438945.7
BBAI,2.95,1,"[0, 0, 0, 0, 0, 0, 0, 0, 1, 0]",3.15,4.34,8.91,2.59,18818417.3
ATEN,24.95,6,"[0, 0, 1, 1, 1, 1, 1, 0, 1, 0]",31.66,24.57,38.03,16.43,1413589.4
GTY,32.38,7,"[0, 0, 1, 1, 1, 1, 1, 1, 1, 0]",33.91,31.29,36.61,24.43,515475.15
OMCL,34.51,2,"[0, 0, 0, 0, 0, 1, 0, 0, 1, 0]",39.67,40.73,51.39,29.46,694814.8
SION,6.46,2,"[0, 0, 0, 0, 0, 0, 1, 0, 1, 0]",32.5,37.75,51.04,4.5,4670386.95
SOC,4.77,3,"[0, 0, 0, 0, 1, 0, 1, 0, 1, 0]",4.87,9.5,24.59,3.08,9483290.6
BW,6.84,4,"[0, 0, 0, 0, 1, 1, 1, 0, 1, 0]",10.22,11.56,21.85,2.01,5878145.15
BSTZ,31.05,10,"[1, 1, 1, 1, 1, 1, 1, 1, 1, 1]",29.41,24.89,31.71,19.48,151136.95
NEOG,11.64,9,"[1, 1, 1, 1, 1, 1, 1, 1, 1, 0]",10.51,9.26,12.15,5.27,1744622.7
UTI,20.85,2,"[0, 0, 0, 0, 1, 0, 0, 0, 1, 0]",35.84,33.48,51.2,20.85,2056055.25
INBX,124.66,10,"[1, 1, 1, 1, 1, 1, 1, 1, 1, 1]",94.89,88.03,141.84,26.53,285934.5
AUPH,16.05,9,"[1, 1, 1, 1, 0, 1, 1, 1, 1, 1]",15.98,15.48,18.62,11.05,1140121.1
TSHA,5.7,8,"[0, 1, 1, 1, 1, 1, 1, 1, 1, 0]",6.14,5.41,6.98,2.83,2606962.7
GNL,9.13,8,"[1, 1, 1, 0, 1, 1, 0, 1, 1, 1]",8.95,8.82,9.56,7.09,2801026.65
MBX,60.93,8,"[0, 1, 1, 1, 1, 1, 1, 1, 1, 0]",61.83,39.98,70.7,9.74,440144.15
ASTH,38.6,9,"[0, 1, 1, 1, 1, 1, 1, 1, 1, 1]",41.14,31.04,49.81,18.16,444585.15
LAC,2.97,1,"[0, 0, 0, 0, 0, 0, 0, 0, 1, 0]",3.26,4.49,10.05,2.71,9911624.15
IMAX,51.13,10,"[1, 1, 1, 1, 1, 1, 1, 1, 1, 1]",45.8,39.43,54.79,29.21,1130016.35
FIGS,15.26,9,"[1, 1, 1, 0, 1, 1, 1, 1, 1, 1]",11.87,12.41,17.12,6.57,2972969.85
MD,26.47,10,"[1, 1, 1, 1, 1, 1, 1, 1, 1, 1]",26.05,22.9,27.39,15.8,843973.45
NWL,5.94,9,"[1, 1, 1, 1, 1, 1, 1, 1, 1, 0]",5.67,4.35,6.36,2.94,7233828.05
PHVS,34.93,10,"[1, 1, 1, 1, 1, 1, 1, 1, 1, 1]",34.61,29.32,37.31,20.96,665416.7
PUMP,11.35,5,"[0, 0, 0, 0, 1, 1, 1, 0, 1, 1]",12.28,12.7,18.2,4.52,2768078.15
RAMP,37.82,9,"[1, 1, 1, 1, 1, 1, 1, 1, 1, 0]",37.73,31.32,38.01,22.42,987363.25
LAR,6.63,5,"[0, 0, 0, 0, 1, 1, 1, 0, 1, 1]",6.88,7.36,11.79,3.02,2131491.1
PRKS,38.72,5,"[0, 0, 1, 1, 1, 0, 1, 0, 1, 0]",45.31,38.37,55.21,29.73,526164.7
SNDX,20.1,6,"[0, 0, 0, 0, 1, 1, 1, 1, 1, 1]",20.89,20.9,25.15,13.11,1332275.45
JBLU,4.47,4,"[0, 0, 0, 1, 1, 1, 0, 0, 1, 0]",5.54,5.1,6.46,4.03,21728094.55
ARCO,8.06,4,"[0, 0, 0, 0, 1, 1, 0, 1, 1, 0]",8.16,8.06,9.42,6.47,1122578.8
NEXA,13.12,9,"[0, 1, 1, 1, 1, 1, 1, 1, 1, 1]",13.47,11.94,16.55,4.75,787743.3
AGRO,12.02,9,"[1, 1, 1, 0, 1, 1, 1, 1, 1, 1]",10.03,10.38,15.18,7.07,970250.15
HTZ,2.24,4,"[1, 0, 0, 0, 0, 0, 1, 0, 1, 1]",2.13,4.47,7.81,1.51,53514769.15
SPB,86.06,8,"[0, 1, 1, 1, 1, 1, 1, 1, 1, 0]",86.89,74.79,90.49,49.07,401292.95
BLX,54.22,8,"[0, 1, 1, 1, 1, 1, 1, 1, 1, 0]",57.26,50.83,62.03,40.7,159262.4
MESO,16.5,8,"[1, 1, 1, 1, 0, 1, 0, 1, 1, 1]",15.76,16.07,20.96,12.88,198628.75
OCS,12.18,3,"[0, 0, 0, 0, 1, 0, 0, 0, 1, 1]",12.52,21.18,32.65,10.71,211033.1
ANIP,71.92,2,"[0, 0, 0, 1, 0, 0, 0, 0, 1, 0]",79.4,79.56,98.81,70.49,429181.8
PGNY,25.66,7,"[0, 1, 1, 1, 0, 1, 1, 1, 1, 0]",28.98,24.09,32.36,16.3,1177021.3
INVX,30.25,10,"[1, 1, 1, 1, 1, 1, 1, 1, 1, 1]",27.37,25.83,31.63,16.3,860875.45
CASH,80.34,4,"[0, 0, 0, 0, 1, 1, 0, 1, 1, 0]",87.01,84.32,99.87,66.35,183249.05
RAPP,48.56,10,"[1, 1, 1, 1, 1, 1, 1, 1, 1, 1]",43.59,34.35,52.5,14.36,275279.6
SNDA,37.8,8,"[0, 1, 1, 1, 1, 1, 1, 1, 1, 0]",40.01,35.38,43.07,25.32,485144.55
TPB,77.72,1,"[0, 0, 0, 0, 0, 0, 0, 0, 1, 0]",83.34,94.91,142.7,70.52,272801.5
VET,13.18,9,"[1, 1, 1, 0, 1, 1, 1, 1, 1, 1]",10.76,10.65,14.29,7.09,1269326.7
BORR,4.6,6,"[1, 0, 0, 0, 1, 1, 1, 0, 1, 1]",4.26,4.78,6.61,2.44,6025945.8
ECPG,93.01,8,"[0, 1, 1, 1, 1, 1, 1, 1, 1, 0]",94.36,73.58,103.74,40.53,364831.1
SONO,15.14,5,"[1, 1, 0, 1, 0, 0, 0, 1, 1, 0]",15.0,15.46,19.16,12.7,1389643.05
WBTN,10.32,3,"[1, 0, 0, 0, 0, 0, 0, 0, 1, 1]",10.01,11.46,21.31,8.25,468867.55
ADNT,18.25,2,"[0, 0, 0, 0, 1, 0, 0, 0, 1, 0]",19.71,20.92,27.09,17.8,987944.5
UFPT,294.06,10,"[1, 1, 1, 1, 1, 1, 1, 1, 1, 1]",275.62,236.14,334.84,185.28,171381.1
CLVT,2.04,2,"[0, 0, 0, 0, 0, 0, 0, 0, 1, 1]",2.1,2.59,4.48,1.68,4251697.8
AIN,54.33,5,"[0, 0, 0, 1, 1, 1, 1, 0, 1, 0]",68.46,59.12,76.29,40.8,323165.45
CTS,56.24,7,"[0, 0, 1, 1, 1, 1, 1, 1, 1, 0]",61.73,54.32,68.27,36.39,161043.0
VOYG,32.96,9,"[1, 1, 1, 1, 1, 1, 1, 0, 1, 1]",32.82,30.6,51.77,17.99,1711054.75
ZYME,29.67,9,"[1, 1, 1, 1, 0, 1, 1, 1, 1, 1]",25.04,24.79,29.67,14.01,710682.45
CAPR,10.01,5,"[0, 0, 0, 0, 1, 1, 1, 0, 1, 1]",13.8,23.31,35.34,3.85,11669000.45
PSIX,35.43,4,"[1, 0, 0, 0, 0, 0, 1, 0, 1, 1]",35.14,56.42,115.78,25.44,464306.75
LOB,38.65,8,"[0, 1, 1, 1, 1, 1, 1, 1, 1, 0]",41.66,37.46,43.76,29.34,201904.85
XPRO,17.62,9,"[1, 1, 1, 0, 1, 1, 1, 1, 1, 1]",16.24,15.9,18.96,11.87,815189.95
PVLA,150.55,10,"[1, 1, 1, 1, 1, 1, 1, 1, 1, 1]",146.14,117.44,157.77,52.71,188776.85
FLNG,31.47,10,"[1, 1, 1, 1, 1, 1, 1, 1, 1, 1]",30.64,28.26,32.48,22.45,394501.55
SFL,12.43,10,"[1, 1, 1, 1, 1, 1, 1, 1, 1, 1]",11.65,10.18,12.65,6.59,1244951.5
CYD,36.73,3,"[0, 0, 0, 0, 1, 1, 0, 0, 1, 0]",44.76,43.33,58.55,31.69,127567.85
TILE,37.0,10,"[1, 1, 1, 1, 1, 1, 1, 1, 1, 1]",35.42,30.47,39.32,24.4,508360.65
PCT,6.29,1,"[0, 0, 0, 0, 0, 0, 0, 0, 1, 0]",6.96,8.27,15.13,5.06,4157738.4
LPG,50.86,10,"[1, 1, 1, 1, 1, 1, 1, 1, 1, 1]",43.23,34.39,51.32,22.34,569357.25
TE,4.28,4,"[0, 0, 0, 0, 1, 1, 1, 0, 1, 0]",5.94,6.49,12.04,1.75,27789354.7
WLTH,8.86,2,"[0, 0, 0, 0, 1, 0, 0, 0, 1, 0]",9.2,8.86,13.95,7.2,1052700.85
VRDN,23.03,5,"[1, 1, 0, 0, 0, 0, 1, 0, 1, 1]",20.64,23.9,33.78,13.3,1647869.15
NRIX,26.04,10,"[1, 1, 1, 1, 1, 1, 1, 1, 1, 1]",24.4,18.64,27.79,8.24,1088091.55
QURE,47.86,8,"[1, 1, 1, 1, 1, 0, 1, 0, 1, 1]",44.56,28.03,70.59,9.03,1088239.5
DV,13.36,9,"[1, 1, 1, 1, 0, 1, 1, 1, 1, 1]",11.93,10.77,15.97,8.61,5350895.85
FIVN,34.03,10,"[1, 1, 1, 1, 1, 1, 1, 1, 1, 1]",27.71,21.05,34.57,13.61,2281940.65
INVA,21.08,5,"[0, 0, 0, 0, 1, 1, 0, 1, 1, 1]",21.59,21.79,24.24,16.67,677902.0
OPRA,18.77,8,"[0, 1, 1, 1, 1, 1, 1, 1, 1, 0]",19.27,15.91,20.51,11.56,381505.55
ARDX,3.76,1,"[0, 0, 0, 0, 0, 0, 0, 0, 1, 0]",4.76,5.89,7.99,3.74,5367408.05
POET,7.1,4,"[0, 0, 0, 0, 1, 1, 1, 0, 1, 0]",8.36,8.09,20.57,4.17,10531942.75
NUVB,6.64,8,"[1, 1, 1, 1, 0, 1, 1, 0, 1, 1]",6.29,5.92,9.54,2.95,5578173.35
PEB,17.74,8,"[0, 1, 1, 1, 1, 1, 1, 1, 1, 0]",18.64,14.41,19.75,10.18,1972894.25
NTLA,12.69,5,"[0, 0, 1, 0, 1, 0, 1, 0, 1, 1]",13.15,12.47,27.98,8.04,3395553.8
NVAX,10.12,9,"[1, 1, 1, 0, 1, 1, 1, 1, 1, 1]",8.49,8.5,11.19,6.22,5066082.25
ARLO,12.57,2,"[0, 0, 0, 1, 0, 0, 0, 0, 1, 0]",13.57,13.6,19.44,11.23,1371764.0
PRLB,78.49,8,"[0, 1, 1, 1, 1, 1, 1, 1, 1, 0]",80.5,65.46,92.32,46.81,189053.15
DCOM,39.45,8,"[0, 1, 1, 1, 1, 1, 1, 1, 1, 0]",40.25,34.89,41.74,25.24,293436.1
GLUE,14.31,5,"[0, 0, 0, 1, 1, 1, 1, 0, 1, 0]",19.53,18.52,25.31,4.8,1125897.95
AMLX,33.81,10,"[1, 1, 1, 1, 1, 1, 1, 1, 1, 1]",22.82,16.44,39.66,9.84,3968432.25
CLOV,4.3,8,"[0, 1, 1, 1, 1, 1, 1, 1, 1, 0]",4.58,3.1,5.41,1.7,4330131.3
REX,41.99,7,"[0, 0, 1, 1, 1, 1, 1, 1, 1, 0]",44.39,40.59,51.16,30.08,164766.65
STBA,49.2,8,"[0, 1, 1, 1, 1, 1, 1, 1, 1, 0]",49.98,43.77,52.97,33.52,219851.35
KOS,2.95,9,"[1, 1, 1, 0, 1, 1, 1, 1, 1, 1]",2.47,2.16,3.27,0.87,12098033.8
KSS,17.82,6,"[0, 1, 1, 1, 0, 1, 1, 0, 1, 0]",18.24,17.04,24.15,11.63,4500999.9
IOVA,8.28,10,"[1, 1, 1, 1, 1, 1, 1, 1, 1, 1]",5.63,3.83,8.99,1.81,19362094.2
PAHC,38.37,5,"[1, 0, 0, 0, 1, 0, 1, 0, 1, 1]",34.26,41.81,59.33,28.4,208763.45
OUST,33.26,7,"[0, 1, 1, 1, 1, 1, 1, 0, 1, 0]",41.93,29.73,62.52,16.63,2742138.6
STGW,8.56,9,"[1, 1, 1, 1, 1, 1, 1, 1, 1, 0]",8.13,6.46,9.35,4.4,1289996.1
BAND,50.79,8,"[0, 1, 1, 1, 1, 1, 1, 0, 1, 1]",56.24,33.17,78.44,12.82,804190.3
NVRI,22.01,8,"[0, 1, 1, 1, 1, 1, 1, 1, 1, 0]",22.02,19.48,23.86,10.95,392169.5
ABCL,11.28,10,"[1, 1, 1, 1, 1, 1, 1, 1, 1, 1]",8.09,5.02,12.5,2.78,10543290.8
HOPE,13.63,8,"[0, 1, 1, 1, 1, 1, 1, 1, 1, 0]",13.74,12.04,14.5,9.53,882983.8
AMRC,22.6,1,"[0, 0, 0, 0, 0, 0, 0, 0, 1, 0]",24.53,28.65,43.23,18.51,849225.4
TFIN,69.5,8,"[0, 1, 1, 1, 1, 1, 1, 1, 1, 0]",76.43,66.59,81.08,46.95,159292.4
HCSG,21.82,8,"[0, 1, 1, 1, 1, 1, 1, 1, 1, 0]",23.24,20.73,25.31,15.18,701698.8
DCH,6.08,4,"[1, 0, 0, 0, 0, 1, 0, 0, 1, 1]",5.85,6.35,9.0,5.09,2946651.9
XHR,18.29,8,"[0, 1, 1, 1, 1, 1, 1, 1, 1, 0]",20.08,16.5,21.82,11.98,664302.8
WLFC,54.02,2,"[0, 0, 0, 0, 1, 0, 0, 0, 1, 0]",120.8,159.8,239.35,54.02,241363.8
GBX,42.0,3,"[0, 0, 0, 0, 1, 1, 0, 0, 1, 0]",47.93,48.77,58.06,40.16,352630.1
LILAK,8.47,10,"[1, 1, 1, 1, 1, 1, 1, 1, 1, 1]",7.8,6.05,8.57,4.7,1413614.55
LILA,8.56,10,"[1, 1, 1, 1, 1, 1, 1, 1, 1, 1]",7.87,6.01,8.7,4.65,488296.65
ZD,55.24,10,"[1, 1, 1, 1, 1, 1, 1, 1, 1, 1]",53.07,42.55,56.08,26.51,623180.75
ECVT,10.1,3,"[0, 0, 0, 0, 1, 1, 0, 0, 1, 0]",11.54,11.64,14.97,7.84,1368108.15
VIR,11.63,10,"[1, 1, 1, 1, 1, 1, 1, 1, 1, 1]",9.63,8.47,11.63,4.79,1785943.05
AHCO,5.51,2,"[0, 0, 0, 0, 1, 0, 0, 0, 1, 0]",8.6,10.04,13.38,5.22,4780163.65
ALGT,72.41,4,"[0, 0, 0, 1, 1, 1, 0, 0, 1, 0]",98.0,88.76,119.16,58.03,564841.95
TRS,38.91,7,"[0, 1, 1, 1, 1, 1, 0, 1, 1, 0]",40.53,37.6,44.99,30.99,411274.35
CRML,6.92,3,"[0, 0, 0, 0, 0, 0, 1, 0, 1, 1]",7.34,9.72,29.97,5.13,7896070.95
TH,18.07,10,"[1, 1, 1, 1, 1, 1, 1, 1, 1, 1]",17.41,12.57,20.52,6.22,1289278.6
UAMY,4.68,2,"[0, 0, 0, 0, 1, 0, 0, 0, 1, 0]",5.92,7.7,17.47,4.31,7886472.1
IMTX,9.43,4,"[0, 0, 0, 0, 0, 0, 1, 1, 1, 1]",9.44,10.03,11.87,5.34,550614.5
GSL,44.48,10,"[1, 1, 1, 1, 1, 1, 1, 1, 1, 1]",41.18,37.47,45.3,25.7,389520.3
YELP,22.35,2,"[0, 0, 0, 1, 0, 0, 0, 0, 1, 0]",24.92,25.91,33.83,19.78,1120366.15
CNOB,30.84,8,"[0, 1, 1, 1, 1, 1, 1, 1, 1, 0]",32.59,28.62,33.91,22.68,321083.05
RES,6.55,9,"[1, 1, 1, 0, 1, 1, 1, 1, 1, 1]",5.92,6.2,7.9,4.12,1330820.4
BY,37.67,8,"[0, 1, 1, 1, 1, 1, 1, 1, 1, 0]",38.06,32.96,39.75,25.35,214825.4
NVGS,22.22,10,"[1, 1, 1, 1, 1, 1, 1, 1, 1, 1]",21.03,19.92,24.14,14.2,400737.0
PGEN,6.86,10,"[1, 1, 1, 1, 1, 1, 1, 1, 1, 1]",6.07,4.59,7.44,3.1,6253023.45
BHVN,15.74,9,"[1, 1, 1, 1, 1, 0, 1, 1, 1, 1]",14.81,11.56,18.11,7.79,2944782.7
TNC,69.22,4,"[0, 0, 0, 1, 1, 0, 0, 1, 1, 0]",80.59,77.12,91.15,60.69,271260.65
HLF,11.52,4,"[0, 0, 0, 0, 1, 1, 1, 0, 1, 0]",12.36,14.01,19.96,7.75,1898124.45
SHLS,6.7,2,"[0, 0, 0, 1, 0, 0, 0, 0, 1, 0]",8.99,8.65,12.77,5.71,4859322.65
ATAI,7.34,10,"[1, 1, 1, 1, 1, 1, 1, 1, 1, 1]",6.48,4.6,7.44,3.35,6429413.8
BCAX,23.42,8,"[0, 1, 1, 1, 1, 1, 1, 1, 1, 0]",26.57,20.88,30.4,10.44,635597.95
GCT,47.37,10,"[1, 1, 1, 1, 1, 1, 1, 1, 1, 1]",41.97,40.33,53.25,25.44,667782.3
AIP,20.74,5,"[0, 0, 0, 1, 1, 1, 1, 0, 1, 0]",31.65,23.74,48.59,8.59,724907.65
GHRS,27.36,8,"[0, 1, 1, 1, 1, 1, 1, 1, 1, 0]",27.84,19.56,30.64,11.94,324760.3
SBET,8.15,6,"[1, 1, 1, 0, 0, 0, 1, 0, 1, 1]",6.29,7.54,19.24,4.56,8645626.4
GILT,10.06,2,"[0, 0, 0, 0, 1, 0, 0, 0, 1, 0]",11.44,14.62,20.85,9.35,621557.4
AVAH,13.46,9,"[1, 1, 1, 1, 0, 1, 1, 1, 1, 1]",10.38,8.34,13.82,6.22,3795415.35
CBL,53.8,8,"[0, 1, 1, 1, 1, 1, 1, 1, 1, 0]",55.16,42.96,60.05,26.93,216748.2
BKSY,21.45,4,"[0, 0, 0, 0, 1, 1, 1, 0, 1, 0]",25.69,26.96,51.63,13.14,937782.3
FTRE,17.72,7,"[0, 1, 1, 1, 0, 1, 1, 1, 1, 0]",18.16,14.46,20.7,8.4,1272927.1
NSSC,35.24,2,"[0, 0, 0, 0, 0, 0, 0, 1, 1, 0]",37.41,39.95,46.87,34.82,471848.95
DMRA,28.14,8,"[0, 1, 1, 1, 1, 1, 1, 1, 1, 0]",29.27,26.01,34.14,2.58,325030.35
PRG,37.6,8,"[0, 1, 1, 1, 1, 1, 1, 1, 1, 0]",42.92,34.69,47.37,25.86,492310.05
OBK,52.71,9,"[1, 1, 1, 1, 1, 1, 1, 1, 1, 0]",52.55,44.62,54.96,31.84,183499.0
MUX,19.15,6,"[1, 0, 0, 0, 1, 1, 1, 0, 1, 1]",18.5,21.08,29.05,13.37,1163778.8
PRCT,20.91,3,"[1, 0, 0, 0, 0, 0, 0, 0, 1, 1]",20.32,26.17,40.68,16.69,1481193.4
NBR,93.25,9,"[1, 1, 1, 0, 1, 1, 1, 1, 1, 1]",85.17,78.3,110.63,35.33,226070.65
MAZE,26.53,2,"[0, 0, 0, 0, 0, 0, 1, 0, 1, 0]",28.62,34.33,51.83,14.97,381473.0
ENVX,3.35,1,"[0, 0, 0, 0, 0, 0, 0, 0, 1, 0]",4.6,6.25,13.19,3.13,8756463.85
TBLA,3.73,3,"[0, 0, 0, 1, 0, 1, 0, 0, 1, 0]",4.63,4.13,5.58,2.95,3155066.1
URGN,43.39,10,"[1, 1, 1, 1, 1, 1, 1, 1, 1, 1]",41.91,27.87,50.29,16.42,1009939.55
NNE,17.47,1,"[0, 0, 0, 0, 0, 0, 0, 0, 1, 0]",18.55,25.21,56.63,14.88,1739062.85
HROW,36.97,3,"[0, 0, 0, 1, 0, 1, 0, 0, 1, 0]",41.16,41.31,54.8,29.03,566980.35
HLX,10.6,10,"[1, 1, 1, 1, 1, 1, 1, 1, 1, 1]",9.54,8.79,10.6,6.09,1569094.45
LINC,24.3,4,"[0, 0, 0, 0, 1, 1, 1, 0, 1, 0]",39.9,35.82,55.68,17.8,1322710.55
RYZ,25.34,5,"[0, 0, 0, 1, 1, 1, 0, 1, 1, 0]",27.28,25.88,31.03,19.57,541574.85
HLIT,11.72,6,"[0, 0, 1, 1, 1, 1, 1, 0, 1, 0]",12.86,11.34,17.11,8.85,1719846.55
TROX,5.04,4,"[0, 0, 0, 0, 1, 1, 1, 0, 1, 0]",6.06,6.62,10.34,2.82,2732857.0
VIA,27.5,7,"[1, 1, 1, 1, 0, 0, 1, 0, 1, 1]",21.16,21.46,53.93,13.31,707338.25
LIND,25.6,7,"[0, 1, 1, 1, 1, 1, 1, 0, 1, 0]",29.44,20.63,34.48,11.45,769338.25
IPX,20.73,1,"[0, 0, 0, 0, 0, 0, 0, 0, 1, 0]",23.94,34.22,60.11,20.25,258820.0
WVE,4.97,1,"[0, 0, 0, 0, 0, 0, 0, 0, 1, 0]",5.69,9.34,21.31,4.9,3391569.3
PLTK,2.2,2,"[0, 0, 0, 1, 0, 0, 0, 0, 1, 0]",3.38,3.46,4.26,2.2,2031968.9
AVBP,30.15,9,"[0, 1, 1, 1, 1, 1, 1, 1, 1, 1]",31.52,26.51,34.74,17.17,414759.65
RLJ,11.02,8,"[0, 1, 1, 1, 1, 1, 1, 1, 1, 0]",11.63,8.88,12.48,6.26,1883080.65
LOMA,10.07,4,"[0, 0, 0, 0, 0, 1, 1, 1, 1, 0]",10.87,11.32,13.12,7.13,473777.55
TV,2.64,3,"[0, 0, 0, 0, 0, 1, 0, 1, 1, 0]",2.76,2.91,3.44,2.37,852817.8
SBH,16.37,9,"[1, 1, 1, 1, 0, 1, 1, 1, 1, 1]",15.36,14.76,17.0,11.82,1315935.3
CSIQ,12.66,2,"[0, 0, 0, 0, 0, 0, 1, 0, 1, 0]",14.84,18.15,33.58,9.71,1888012.15
RXT,3.0,6,"[0, 0, 1, 1, 1, 1, 1, 0, 1, 0]",4.68,2.7,7.53,0.41,7456627.95
GIII,32.17,7,"[0, 1, 1, 1, 1, 1, 0, 1, 1, 0]",34.52,31.07,36.81,24.81,443224.25
BTGO,6.93,5,"[1, 0, 0, 0, 1, 0, 1, 0, 1, 1]",5.45,6.93,18.49,4.69,1776598.35
TTI,6.53,4,"[0, 0, 0, 0, 1, 1, 1, 0, 1, 0]",8.65,9.32,12.32,4.69,1854736.55
KDK,3.5,1,"[0, 0, 0, 0, 0, 0, 0, 0, 1, 0]",4.5,7.25,10.92,3.5,1041182.25
STAA,23.52,4,"[0, 0, 0, 1, 1, 0, 1, 0, 1, 0]",25.58,24.1,33.34,16.1,929515.65
TWO,12.18,10,"[1, 1, 1, 1, 1, 1, 1, 1, 1, 1]",12.05,10.93,13.3,8.4,4412465.0
ARRY,4.36,1,"[0, 0, 0, 0, 0, 0, 0, 0, 1, 0]",5.83,7.9,11.96,4.36,7122996.6
BAK,1.65,2,"[0, 0, 0, 0, 1, 0, 0, 0, 1, 0]",2.29,3.3,5.02,1.48,2718679.1
TDOC,6.26,3,"[0, 0, 0, 1, 0, 0, 1, 0, 1, 0]",7.86,6.7,9.72,4.47,3809010.0
WLDN,87.34,4,"[1, 0, 0, 0, 0, 0, 1, 0, 1, 1]",78.47,92.88,134.94,66.91,267687.6
CRVS,14.27,6,"[0, 0, 1, 0, 1, 1, 1, 0, 1, 1]",14.32,13.71,25.52,5.62,743248.35
CRI,32.0,4,"[0, 0, 0, 1, 1, 1, 0, 0, 1, 0]",38.51,36.13,43.75,26.85,1113629.35
PLSE,52.09,10,"[1, 1, 1, 1, 1, 1, 1, 1, 1, 1]",36.33,23.49,52.09,12.66,460683.85
OLMA,10.56,3,"[0, 0, 0, 0, 0, 1, 1, 0, 1, 0]",11.41,17.69,35.83,6.29,996882.5
TEN,42.82,10,"[1, 1, 1, 1, 1, 1, 1, 1, 1, 1]",39.23,33.67,43.34,20.51,217841.85
WBI,32.63,8,"[0, 1, 1, 1, 1, 1, 1, 1, 1, 0]",32.75,27.03,36.15,18.66,549481.1
ATLC,89.24,8,"[0, 1, 1, 1, 1, 1, 1, 1, 1, 0]",99.82,73.91,111.79,47.96,146331.65
JBIO,21.02,9,"[0, 1, 1, 1, 1, 1, 1, 1, 1, 1]",21.43,17.82,26.85,6.95,796531.85
GPRE,14.75,7,"[0, 0, 1, 1, 1, 1, 1, 1, 1, 0]",16.01,14.22,19.23,8.79,1404577.4
RCAT,8.25,3,"[0, 0, 0, 0, 1, 0, 1, 0, 1, 0]",9.02,10.96,17.36,6.14,8823657.5
MRTN,13.86,6,"[0, 0, 0, 1, 1, 1, 1, 1, 1, 0]",16.01,14.02,18.22,9.28,554061.4
DSGR,34.7,10,"[1, 1, 1, 1, 1, 1, 1, 1, 1, 1]",32.21,28.81,34.96,19.31,204839.15
EVLV,5.06,1,"[0, 0, 0, 0, 0, 0, 0, 0, 1, 0]",5.67,6.07,8.76,4.9,1964687.25
NPKI,13.24,4,"[0, 0, 0, 0, 1, 1, 0, 1, 1, 0]",14.02,13.98,16.35,10.31,768333.9
ABTC,7.71,4,"[1, 0, 0, 0, 0, 0, 1, 0, 1, 1]",7.29,19.17,139.65,5.19,1658283.85
DQ,12.96,1,"[0, 0, 0, 0, 0, 0, 0, 0, 1, 0]",13.06,21.27,35.69,11.63,1147782.55
AMAL,47.34,8,"[0, 1, 1, 1, 1, 1, 1, 1, 1, 0]",48.02,40.04,51.08,24.83,153191.4
VTOL,45.35,7,"[1, 1, 1, 0, 1, 1, 0, 1, 1, 0]",44.4,42.98,49.73,35.4,253736.85
PGY,20.94,6,"[1, 1, 1, 1, 0, 0, 1, 0, 1, 0]",18.95,17.34,43.81,10.64,2398552.05
NAT,6.91,10,"[1, 1, 1, 1, 1, 1, 1, 1, 1, 1]",6.37,5.0,7.02,2.86,3087595.55
PNTG,37.74,8,"[0, 1, 1, 1, 1, 1, 1, 1, 1, 0]",39.06,32.92,42.02,23.64,263512.45
MRVI,7.3,10,"[1, 1, 1, 1, 1, 1, 1, 1, 1, 1]",6.69,4.44,9.0,2.36,4671630.55
NSP,51.4,8,"[1, 1, 1, 1, 0, 1, 1, 1, 1, 0]",48.59,36.06,54.03,19.54,371284.6
MLTX,15.13,5,"[0, 0, 0, 1, 1, 1, 1, 0, 1, 0]",18.28,16.86,61.99,6.24,1357194.75
BLDP,2.24,2,"[0, 0, 0, 0, 1, 0, 0, 0, 1, 0]",2.87,3.05,6.38,1.85,3021234.55
UFCS,54.15,10,"[1, 1, 1, 1, 1, 1, 1, 1, 1, 1]",52.42,42.41,54.93,29.76,136355.05
REAL,10.01,3,"[0, 0, 0, 1, 0, 0, 1, 0, 1, 0]",11.54,12.1,16.9,7.65,3686712.2
JKS,12.45,1,"[0, 0, 0, 0, 0, 0, 0, 0, 1, 0]",15.76,21.2,28.22,12.45,700856.2
AORT,27.09,3,"[1, 0, 0, 0, 0, 0, 1, 0, 1, 0]",25.68,34.13,47.63,20.1,761709.9
KMTS,25.12,7,"[0, 1, 1, 1, 0, 1, 1, 1, 1, 0]",25.29,23.58,28.35,16.12,266191.2
ASTE,41.18,2,"[0, 0, 0, 0, 1, 0, 0, 0, 1, 0]",51.16,51.49,64.66,40.33,293414.0
COLL,24.0,1,"[0, 0, 0, 0, 0, 0, 0, 0, 1, 0]",32.68,38.5,49.84,24.0,922469.55
TK,13.0,10,"[1, 1, 1, 1, 1, 1, 1, 1, 1, 1]",11.57,10.81,13.36,7.31,558771.1
VSTS,12.13,7,"[0, 1, 1, 1, 1, 1, 1, 0, 1, 0]",14.18,9.85,16.5,4.06,1406410.1
DLX,22.83,4,"[0, 0, 0, 0, 1, 1, 1, 0, 1, 0]",24.47,24.44,31.11,17.03,464592.2
CCO,2.37,7,"[0, 0, 1, 1, 1, 1, 1, 1, 1, 0]",2.4,2.29,2.43,1.26,9661450.3
ULCC,5.52,7,"[0, 1, 1, 1, 1, 1, 1, 0, 1, 0]",6.75,5.22,8.06,3.1,2741970.65
ITRN,51.06,7,"[0, 0, 1, 1, 1, 1, 1, 1, 1, 0]",55.44,50.45,65.85,30.77,134640.2
ELE,20.55,9,"[1, 1, 1, 0, 1, 1, 1, 1, 1, 1]",17.76,18.06,24.16,12.54,295331.65
ADTN,7.47,2,"[0, 0, 0, 0, 1, 0, 0, 0, 1, 0]",10.18,11.41,19.4,7.25,1877839.55
ACDC,4.99,6,"[1, 0, 0, 0, 1, 1, 1, 0, 1, 1]",4.9,5.4,8.06,3.19,2001128.55
XPEL,48.17,9,"[1, 1, 1, 1, 0, 1, 1, 1, 1, 1]",47.16,46.92,54.95,32.17,228859.25
PRCH,17.35,10,"[1, 1, 1, 1, 1, 1, 1, 1, 1, 1]",14.93,10.36,19.04,6.4,1211374.75
CMP,24.43,5,"[0, 0, 0, 1, 1, 1, 1, 0, 1, 0]",28.21,25.14,33.51,16.54,546135.85
NEO,17.45,9,"[1, 1, 1, 1, 0, 1, 1, 1, 1, 1]",15.2,11.52,18.64,7.19,1776383.25
MPLT,13.31,4,"[0, 0, 0, 0, 1, 0, 1, 0, 1, 1]",23.5,21.99,39.8,9.9,599065.7
GOOS,8.08,1,"[0, 0, 0, 0, 0, 0, 0, 0, 1, 0]",9.08,11.11,15.1,8.08,844668.95
PRSU,47.21,8,"[0, 1, 1, 1, 1, 1, 1, 1, 1, 0]",51.12,41.32,55.97,32.28,225161.65
VYX,8.74,7,"[1, 1, 1, 1, 0, 0, 1, 0, 1, 1]",8.15,8.38,13.31,6.15,2544516.3
GOLD,43.16,7,"[1, 0, 1, 0, 1, 1, 1, 0, 1, 1]",42.27,42.28,63.6,23.18,449573.8
HQH,22.64,10,"[1, 1, 1, 1, 1, 1, 1, 1, 1, 1]",21.7,18.82,23.99,14.54,213805.25
EYPT,4.58,1,"[0, 0, 0, 0, 0, 0, 0, 0, 1, 0]",11.54,13.78,18.85,4.5,6812787.2
EDN,23.71,2,"[0, 0, 0, 0, 0, 0, 1, 0, 1, 0]",24.68,27.46,35.71,15.01,103568.55
AOSL,23.64,5,"[0, 0, 0, 1, 1, 1, 1, 0, 1, 0]",33.9,29.37,53.32,17.47,621940.35
ALNT,86.45,8,"[0, 1, 1, 1, 1, 1, 1, 1, 1, 0]",95.17,72.53,114.24,41.98,263587.95
GNK,26.03,10,"[1, 1, 1, 1, 1, 1, 1, 1, 1, 1]",24.78,21.64,27.32,14.42,606714.4
LQDT,39.33,9,"[0, 1, 1, 1, 1, 1, 1, 1, 1, 1]",40.08,34.16,43.58,22.16,233591.85
XERS,8.43,8,"[1, 1, 1, 1, 0, 0, 1, 1, 1, 1]",8.29,7.02,9.9,5.29,1720279.35
CDNA,48.97,10,"[1, 1, 1, 1, 1, 1, 1, 1, 1, 1]",38.81,24.38,52.36,12.73,1117830.9
ZBIO,31.98,8,"[1, 1, 1, 1, 0, 1, 1, 0, 1, 1]",29.73,26.05,43.17,15.2,720202.65
EVEX,2.2,1,"[0, 0, 0, 0, 0, 0, 0, 0, 1, 0]",2.5,3.2,5.06,2.18,885219.2
AMN,33.54,9,"[0, 1, 1, 1, 1, 1, 1, 1, 1, 1]",33.59,23.84,36.6,15.1,733735.5
BUR,4.21,1,"[0, 0, 0, 0, 0, 0, 0, 0, 1, 0]",4.22,6.47,13.62,3.92,1468942.7
TDAY,6.18,5,"[0, 0, 0, 1, 1, 1, 1, 0, 1, 0]",7.88,6.76,9.03,3.49,3056624.1
ACVA,6.76,5,"[0, 1, 1, 1, 0, 0, 1, 0, 1, 0]",7.39,6.65,11.81,4.15,4924913.9
KODK,8.94,5,"[0, 0, 0, 0, 1, 1, 1, 0, 1, 1]",8.97,9.03,14.51,5.75,996766.3
DBVT,13.42,3,"[0, 0, 0, 0, 1, 0, 1, 0, 1, 0]",14.77,18.14,24.54,8.7,290065.5
IVA,4.77,5,"[1, 0, 0, 0, 1, 0, 1, 0, 1, 1]",4.42,5.06,7.15,3.41,634063.35
ASST,24.0,7,"[1, 1, 1, 1, 0, 0, 1, 0, 1, 1]",13.9,14.65,178.2,7.16,7402520.05
UVE,43.71,9,"[1, 1, 1, 1, 1, 1, 1, 1, 1, 0]",41.95,35.99,45.08,23.98,197204.15
OSBC,25.08,9,"[1, 1, 1, 1, 1, 1, 1, 1, 1, 0]",24.33,21.23,25.91,16.49,390663.0
MNKD,3.98,5,"[0, 1, 0, 1, 0, 0, 1, 0, 1, 1]",4.03,4.18,6.21,2.28,4048507.55
GHM,83.49,5,"[0, 0, 0, 1, 1, 1, 1, 0, 1, 0]",106.14,87.41,123.79,47.39,195425.4
BFLY,8.18,9,"[1, 1, 1, 1, 1, 1, 1, 1, 1, 0]",8.11,5.07,9.7,1.5,5134555.0
NWPX,109.08,7,"[0, 1, 1, 1, 1, 1, 1, 0, 1, 0]",127.44,92.94,149.94,49.43,152392.45
LGIH,53.74,8,"[0, 1, 1, 1, 1, 1, 1, 1, 1, 0]",58.81,50.33,67.01,34.24,293568.05
SATL,4.6,5,"[0, 0, 0, 0, 1, 1, 1, 0, 1, 1]",4.76,4.72,10.74,1.27,5703503.45
IART,16.62,8,"[0, 1, 1, 1, 1, 1, 1, 1, 1, 0]",17.9,13.69,19.85,8.9,576978.35
UVSP,41.1,8,"[0, 1, 1, 1, 1, 1, 1, 1, 1, 0]",43.27,37.0,44.98,27.6,199838.95
PBT,34.05,10,"[1, 1, 1, 1, 1, 1, 1, 1, 1, 1]",29.63,23.27,34.75,16.38,144039.05
SEPN,37.68,10,"[1, 1, 1, 1, 1, 1, 1, 1, 1, 1]",37.35,29.37,48.19,12.34,469052.5
SVRA,5.35,6,"[0, 0, 0, 1, 0, 1, 1, 1, 1, 1]",5.69,5.56,6.94,3.31,1568879.45
SVC,7.67,2,"[0, 0, 0, 0, 0, 0, 1, 0, 1, 0]",8.29,8.81,14.24,5.83,1551701.95
TNDM,21.28,8,"[1, 1, 1, 0, 0, 1, 1, 1, 1, 1]",18.69,19.73,28.26,11.79,2024883.65
PDM,9.54,8,"[0, 1, 1, 1, 1, 1, 1, 1, 1, 0]",9.55,8.42,9.96,6.39,984967.95
ATEX,89.55,8,"[0, 1, 1, 1, 1, 1, 1, 1, 1, 0]",95.52,52.28,108.21,17.99,350558.25
PLOW,40.7,6,"[0, 0, 0, 1, 1, 1, 1, 1, 1, 0]",44.99,41.21,54.2,28.96,274796.05
RERE,4.14,3,"[1, 0, 0, 0, 0, 1, 0, 0, 1, 0]",4.11,4.76,6.2,3.62,1200823.5
APEI,45.85,5,"[0, 0, 0, 0, 1, 1, 1, 1, 1, 0]",50.51,47.88,60.86,30.67,315148.6
CEVA,26.23,5,"[0, 0, 0, 1, 1, 1, 1, 0, 1, 0]",36.64,28.65,50.06,17.21,954112.2
INNV,10.83,8,"[0, 1, 1, 1, 1, 1, 1, 1, 1, 0]",11.13,8.14,12.11,3.65,198560.15
HTLD,11.91,6,"[0, 0, 1, 1, 1, 1, 1, 0, 1, 0]",13.71,11.75,16.2,7.04,758608.7
CFFN,8.55,8,"[0, 1, 1, 1, 1, 1, 1, 1, 1, 0]",8.57,7.46,9.1,5.72,768062.55
OMER,18.75,10,"[1, 1, 1, 1, 1, 1, 1, 1, 1, 1]",13.0,11.97,19.32,4.03,2435510.75
LMRI,11.64,6,"[1, 1, 0, 1, 0, 0, 1, 0, 1, 1]",11.39,11.64,18.53,6.77,507422.0
LXU,11.18,6,"[1, 0, 0, 0, 1, 1, 1, 0, 1, 1]",10.77,11.45,16.88,7.76,822684.3
GDRX,3.46,8,"[1, 1, 1, 1, 0, 1, 1, 0, 1, 1]",3.22,2.68,5.03,1.87,2021027.85
KOPN,4.21,9,"[1, 1, 1, 1, 1, 1, 1, 0, 1, 1]",4.21,3.42,6.39,1.82,4241759.65
DAKT,19.36,3,"[0, 0, 0, 0, 1, 1, 0, 0, 1, 0]",19.97,20.58,27.73,17.04,449449.15
INR,15.61,9,"[1, 1, 1, 0, 1, 1, 1, 1, 1, 1]",13.38,14.85,19.23,11.2,239126.8
EPC,27.94,10,"[1, 1, 1, 1, 1, 1, 1, 1, 1, 1]",27.7,21.56,29.66,15.68,560660.2
INDI,3.55,4,"[0, 0, 0, 1, 0, 0, 1, 0, 1, 1]",3.9,3.81,6.0,2.44,7628371.85
PHAT,9.39,2,"[0, 0, 0, 0, 0, 0, 0, 0, 1, 1]",10.16,12.18,18.08,8.23,1339073.5
CRON,3.38,10,"[1, 1, 1, 1, 1, 1, 1, 1, 1, 1]",2.95,2.72,3.55,2.3,1749500.4
JMIA,6.9,3,"[1, 0, 0, 0, 0, 0, 0, 0, 1, 1]",6.46,8.63,14.6,5.69,2111388.85
XNCR,27.91,9,"[1, 1, 1, 1, 0, 1, 1, 1, 1, 1]",20.09,14.9,29.3,8.31,1318250.7
CMPS,13.24,10,"[1, 1, 1, 1, 1, 1, 1, 1, 1, 1]",13.08,9.0,15.07,4.52,2642189.55
METC,14.01,4,"[1, 0, 0, 0, 0, 0, 1, 0, 1, 1]",11.72,15.26,54.55,8.9,2221774.9
AMBQ,55.94,7,"[0, 1, 1, 1, 1, 1, 1, 0, 1, 0]",71.23,46.96,90.48,22.76,442105.05
NUTX,187.34,9,"[1, 1, 1, 1, 0, 1, 1, 1, 1, 1]",172.21,139.81,197.51,80.92,172204.85
CODI,11.42,10,"[1, 1, 1, 1, 1, 1, 1, 1, 1, 1]",10.76,8.63,12.71,4.65,801436.35
SANA,3.83,7,"[1, 1, 1, 1, 0, 0, 1, 0, 1, 1]",3.57,3.7,5.92,2.68,2484072.65
SCSC,56.24,9,"[1, 1, 1, 1, 1, 1, 1, 1, 1, 0]",53.95,43.86,58.89,34.27,334313.55
NX,18.49,7,"[0, 0, 1, 1, 1, 1, 1, 1, 1, 0]",18.88,17.86,22.34,11.09,281942.8
AVO,12.82,5,"[1, 0, 0, 0, 1, 1, 0, 1, 1, 0]",12.81,12.82,15.34,10.11,679533.75
ANNX,4.89,4,"[0, 0, 0, 0, 1, 1, 1, 0, 1, 0]",5.4,5.35,6.96,2.05,2518602.4
AMTB,28.43,9,"[1, 1, 1, 1, 1, 1, 1, 1, 1, 0]",27.36,22.88,30.49,16.43,336470.65
ABSI,8.84,9,"[0, 1, 1, 1, 1, 1, 1, 1, 1, 1]",9.27,5.16,11.62,2.3,2801620.15
AMC,2.58,7,"[1, 1, 1, 1, 0, 0, 1, 1, 1, 0]",2.33,1.79,3.15,0.95,17645254.6
ORIC,12.89,9,"[1, 1, 1, 1, 1, 1, 1, 1, 1, 0]",11.96,10.65,14.65,7.47,1118808.25
RHLD,130.78,3,"[0, 0, 0, 0, 0, 1, 1, 0, 1, 0]",133.26,157.22,226.37,64.9,182224.05
TBN,39.83,10,"[1, 1, 1, 1, 1, 1, 1, 1, 1, 1]",34.07,31.85,49.99,20.5,116326.5
JBSS,73.88,6,"[0, 0, 0, 1, 1, 1, 1, 1, 1, 0]",81.22,75.43,88.51,56.28,164830.85
MGTX,14.19,10,"[1, 1, 1, 1, 1, 1, 1, 1, 1, 1]",12.99,9.6,14.97,6.99,656656.3
HEPS,2.62,5,"[0, 0, 0, 1, 1, 1, 0, 1, 1, 0]",2.83,2.71,3.29,2.18,173285.8
AGL,87.47,7,"[0, 1, 1, 1, 1, 1, 1, 0, 1, 0]",103.68,50.05,129.84,7.91,357799.55
HAFC,30.86,8,"[0, 1, 1, 1, 1, 1, 1, 1, 1, 0]",31.8,28.6,33.02,22.1,194241.25
SLS,13.22,10,"[1, 1, 1, 1, 1, 1, 1, 1, 1, 1]",12.54,6.62,15.46,1.39,7100256.45
BJRI,61.75,8,"[0, 1, 1, 1, 1, 1, 1, 1, 1, 0]",64.39,46.39,74.26,28.69,466724.35
CGEM,21.79,10,"[1, 1, 1, 1, 1, 1, 1, 1, 1, 1]",18.78,14.35,22.95,5.75,699031.95
VPG,60.45,5,"[0, 0, 0, 1, 1, 1, 1, 0, 1, 0]",95.65,67.76,149.91,27.98,697762.5
SHEN,12.2,3,"[0, 0, 0, 0, 1, 1, 0, 0, 1, 0]",12.83,13.44,17.1,9.9,397357.25
ROOT,55.1,3,"[0, 1, 0, 1, 0, 0, 0, 0, 1, 0]",57.05,59.77,102.88,43.21,294251.1
GERN,1.48,9,"[1, 1, 1, 0, 1, 1, 1, 1, 1, 1]",1.45,1.43,1.95,1.07,10267865.25
VLRS,6.39,2,"[0, 0, 0, 0, 0, 1, 0, 0, 1, 0]",7.99,8.05,10.63,5.92,492872.2
LXRX,2.19,8,"[0, 1, 1, 1, 1, 1, 1, 1, 1, 0]",2.32,1.77,2.64,1.07,2966603.6
DSGN,15.14,10,"[1, 1, 1, 1, 1, 1, 1, 1, 1, 1]",13.95,11.48,15.94,5.53,499598.15
HNRG,16.37,3,"[1, 0, 0, 0, 0, 0, 0, 0, 1, 1]",16.08,17.84,23.81,13.7,776594.05
NB,4.0,1,"[0, 0, 0, 0, 0, 0, 0, 0, 1, 0]",4.61,5.43,11.67,3.86,3900852.8
MATW,20.37,3,"[0, 0, 0, 0, 1, 1, 0, 0, 1, 0]",25.27,25.62,28.54,20.37,851595.8
TBPH,17.03,7,"[1, 1, 0, 1, 0, 1, 0, 1, 1, 1]",16.97,17.3,20.74,13.57,542828.8
BVS,13.67,10,"[1, 1, 1, 1, 1, 1, 1, 1, 1, 1]",12.49,9.57,15.26,6.51,777514.25
OMDA,22.84,9,"[1, 1, 1, 1, 1, 0, 1, 1, 1, 1]",22.3,16.93,26.78,10.94,1451816.15
SCHL,38.44,7,"[0, 0, 1, 1, 1, 1, 1, 1, 1, 0]",43.17,37.26,47.34,23.81,304092.25
ABX,9.21,7,"[0, 0, 1, 1, 1, 1, 1, 1, 1, 0]",10.19,8.91,12.0,4.87,574170.05
SPRY,5.77,2,"[0, 0, 0, 0, 0, 0, 0, 0, 1, 1]",6.79,8.61,13.06,5.13,1865314.9
CTMX,3.67,4,"[1, 0, 0, 0, 0, 0, 1, 0, 1, 1]",3.45,4.16,6.75,1.93,2811882.75
MYE,31.2,8,"[0, 1, 1, 1, 1, 1, 1, 1, 1, 0]",32.24,23.7,36.74,15.41,349210.95
ABUS,5.09,9,"[1, 1, 1, 1, 0, 1, 1, 1, 1, 1]",4.7,4.48,5.22,3.67,3898401.9
AEVA,14.78,5,"[0, 0, 0, 1, 1, 1, 1, 0, 1, 0]",20.05,16.98,29.29,9.19,1952721.05
KOP,45.93,3,"[0, 0, 0, 0, 0, 0, 1, 1, 1, 0]",,,52.23,26.11,203085.9
NBBK,22.04,9,"[1, 1, 1, 1, 1, 1, 1, 1, 1, 0]",21.92,20.86,23.25,16.64,313701.2
IBTA,37.27,10,"[1, 1, 1, 1, 1, 1, 1, 1, 1, 1]",33.14,28.57,38.84,19.25,307036.55
CRSR,11.62,10,"[1, 1, 1, 1, 1, 1, 1, 1, 1, 1]",10.59,7.47,14.35,4.58,2235107.0
KRO,8.4,10,"[1, 1, 1, 1, 1, 1, 1, 1, 1, 1]",7.09,6.15,8.91,4.21,490396.7
ODD,14.14,2,"[0, 0, 0, 0, 0, 0, 1, 0, 1, 0]",14.86,22.13,63.68,9.81,814278.5
DRUG,70.84,3,"[0, 0, 0, 0, 0, 1, 1, 0, 1, 0]",74.09,77.64,95.99,38.8,137621.85
KURA,12.89,9,"[1, 1, 1, 1, 0, 1, 1, 1, 1, 1]",10.9,9.76,13.59,7.4,2250848.05
SCZM,9.2,7,"[1, 1, 1, 0, 0, 1, 1, 0, 1, 1]",7.47,8.75,16.16,4.92,541315.6
CVLG,34.19,6,"[0, 0, 1, 1, 1, 1, 1, 0, 1, 0]",40.64,31.67,49.88,17.94,191468.2
PURR,11.35,7,"[1, 1, 0, 1, 0, 0, 1, 1, 1, 1]",7.98,11.35,12.83,3.1,21520671.95
TSAT,42.94,8,"[0, 1, 1, 1, 1, 1, 1, 0, 1, 1]",44.39,39.07,61.4,20.49,287681.1
SG,6.47,4,"[0, 0, 0, 1, 0, 0, 1, 0, 1, 1]",6.97,6.78,10.21,4.7,6405878.7
VOR,22.64,8,"[1, 1, 1, 1, 1, 0, 1, 0, 1, 1]",20.44,15.35,48.72,6.86,751921.75
EVMN,12.48,2,"[0, 0, 0, 0, 1, 0, 0, 0, 1, 0]",13.85,20.02,31.57,11.05,419149.05
WYFI,17.5,4,"[0, 0, 0, 1, 1, 0, 1, 0, 1, 0]",28.51,21.57,44.77,10.78,2908250.25
SABR,2.01,10,"[1, 1, 1, 1, 1, 1, 1, 1, 1, 1]",1.97,1.64,2.26,0.82,3855197.45
CGNT,8.44,3,"[0, 0, 0, 0, 0, 1, 1, 0, 1, 0]",8.8,8.88,12.24,6.34,572567.1
ETON,60.43,10,"[1, 1, 1, 1, 1, 1, 1, 1, 1, 1]",45.64,27.42,64.43,14.35,672502.85
WEST,7.7,8,"[0, 1, 1, 1, 1, 1, 1, 1, 1, 0]",8.03,5.99,9.73,3.71,406566.0
EGBN,26.81,8,"[0, 1, 1, 1, 1, 1, 1, 1, 1, 0]",27.79,25.22,29.12,15.78,217284.15
GO,12.11,7,"[1, 1, 1, 1, 0, 0, 1, 0, 1, 1]",10.18,9.23,18.66,5.79,2885082.9
BIOA,9.52,4,"[0, 0, 0, 0, 1, 1, 1, 0, 1, 0]",17.49,16.89,25.1,4.65,740694.65
ASC,17.68,4,"[0, 0, 0, 0, 0, 0, 1, 1, 1, 1]",,,18.36,9.69,563793.05
ADAM,9.61,10,"[1, 1, 1, 1, 1, 1, 1, 1, 1, 1]",9.39,8.03,10.23,5.99,794597.25
DXYZ,31.6,7,"[1, 0, 1, 0, 1, 1, 1, 0, 1, 1]",27.63,31.11,71.24,20.82,1377725.5
SUPV,8.8,2,"[0, 0, 0, 0, 0, 0, 1, 0, 1, 0]",9.18,9.85,12.86,4.69,705083.25
NRGV,3.27,4,"[0, 0, 0, 0, 0, 1, 1, 0, 1, 1]",3.54,4.08,6.49,1.77,5211809.9
IMSR,4.98,1,"[0, 0, 0, 0, 0, 0, 0, 0, 1, 0]",5.71,7.42,27.1,4.62,1171661.9
ANRO,35.2,10,"[1, 1, 1, 1, 1, 1, 1, 1, 1, 1]",28.99,21.8,36.53,3.51,484351.0
KFRC,54.89,8,"[0, 1, 1, 1, 1, 1, 1, 1, 1, 0]",55.44,38.89,60.45,23.68,244380.0
CWH,6.49,1,"[0, 0, 0, 0, 0, 0, 0, 0, 1, 0]",6.55,8.53,17.56,5.63,1584427.85
ARKO,4.5,4,"[0, 0, 0, 1, 1, 1, 0, 0, 1, 0]",6.73,6.03,8.58,3.73,1299940.7
IHRT,2.7,1,"[0, 0, 0, 0, 0, 0, 0, 0, 1, 0]",3.59,3.84,6.33,2.1,633876.0
PSTL,23.74,10,"[1, 1, 1, 1, 1, 1, 1, 1, 1, 1]",23.44,19.9,24.72,13.9,316607.65
MTUS,18.88,6,"[0, 0, 1, 1, 1, 1, 0, 1, 1, 0]",19.98,18.65,22.03,14.56,375524.0
RLMD,4.46,4,"[0, 0, 0, 0, 1, 1, 1, 0, 1, 0]",5.43,5.47,7.86,1.37,1061487.75
CRESY,11.67,8,"[1, 1, 1, 0, 0, 1, 1, 1, 1, 1]",11.04,11.58,14.11,7.88,232734.65
CBLL,24.58,9,"[1, 1, 1, 1, 0, 1, 1, 1, 1, 1]",20.22,19.52,24.89,10.92,419113.85
LYTS,19.62,4,"[0, 0, 0, 1, 1, 1, 0, 0, 1, 0]",23.91,21.62,26.8,17.17,434523.85
NXDR,2.2,7,"[0, 1, 1, 1, 0, 1, 1, 1, 1, 0]",2.36,1.96,2.77,1.36,2052127.2
DSP,12.63,10,"[1, 1, 1, 1, 1, 1, 1, 1, 1, 1]",12.3,11.42,14.09,8.14,307395.85
PGC,44.59,8,"[0, 1, 1, 1, 1, 1, 1, 1, 1, 0]",46.15,37.57,48.28,24.62,145783.35
HZO,52.12,10,"[1, 1, 1, 1, 1, 1, 1, 1, 1, 1]",40.97,31.53,52.46,21.43,1007395.35
ALLO,1.99,6,"[0, 0, 1, 0, 1, 1, 1, 0, 1, 1]",1.99,1.95,3.06,1.05,4839841.75
HSHP,17.01,10,"[1, 1, 1, 1, 1, 1, 1, 1, 1, 1]",15.07,12.32,17.01,6.93,316988.05
DRTS,13.96,10,"[1, 1, 1, 1, 1, 1, 1, 1, 1, 1]",12.95,8.57,14.96,3.47,634762.25
FOXF,20.04,8,"[1, 1, 1, 1, 1, 0, 1, 0, 1, 1]",19.18,17.8,29.59,13.19,571944.85
PRAA,18.34,9,"[0, 1, 1, 1, 1, 1, 1, 1, 1, 1]",18.4,16.97,22.23,10.42,425957.0
NTGR,20.87,1,"[0, 0, 0, 0, 0, 0, 0, 0, 1, 0]",22.99,23.55,36.01,19.87,336663.6
HPK,8.11,10,"[1, 1, 1, 1, 1, 1, 1, 1, 1, 1]",7.35,6.26,8.32,3.89,463032.05
KRNT,16.07,9,"[0, 1, 1, 1, 1, 1, 1, 1, 1, 1]",16.16,15.16,18.04,12.31,283888.65
FCEL,17.08,7,"[0, 1, 1, 1, 1, 1, 1, 0, 1, 0]",21.69,13.31,36.01,3.92,7570776.95
EVER,24.83,8,"[0, 1, 1, 1, 0, 1, 1, 1, 1, 1]",24.84,21.38,27.87,14.27,613547.7
GFR,6.29,10,"[1, 1, 1, 1, 1, 1, 1, 1, 1, 1]",6.13,5.75,7.1,4.33,669335.6
LPTH,9.47,4,"[0, 0, 0, 0, 1, 1, 1, 0, 1, 0]",12.52,11.85,18.15,4.91,3106602.9
SB,8.75,10,"[1, 1, 1, 1, 1, 1, 1, 1, 1, 1]",7.39,6.21,8.75,4.03,699858.55
HIVE,2.64,3,"[0, 0, 0, 1, 0, 0, 1, 0, 1, 0]",3.09,2.91,6.96,1.75,24464601.75
SLDB,9.88,10,"[1, 1, 1, 1, 1, 1, 1, 1, 1, 1]",9.19,7.2,11.15,3.93,872981.25
GDOT,13.11,7,"[0, 1, 1, 1, 1, 1, 0, 1, 1, 0]",13.35,12.48,15.25,10.53,352941.65
MAKO,9.57,10,"[1, 1, 1, 1, 1, 1, 1, 1, 1, 1]",8.37,7.32,11.07,4.64,219697.25
MVST,0.69,1,"[0, 0, 0, 0, 0, 0, 0, 0, 1, 0]",0.92,1.96,6.4,0.69,7724554.6
MITK,17.84,9,"[0, 1, 1, 1, 1, 1, 1, 1, 1, 1]",18.3,14.14,20.14,8.65,758203.35
RDVT,75.56,9,"[1, 1, 1, 1, 0, 1, 1, 1, 1, 1]",66.57,52.05,75.56,34.4,309252.2
KRUS,44.18,2,"[0, 0, 0, 0, 1, 0, 0, 0, 1, 0]",49.87,56.63,85.05,42.67,150786.45
MRLN,2.81,1,"[0, 0, 0, 0, 0, 0, 0, 0, 1, 0]",4.06,8.38,16.09,2.81,1281825.45
BLMN,9.74,10,"[1, 1, 1, 1, 1, 1, 1, 1, 1, 1]",9.46,7.42,11.85,5.26,2316204.0
IRWD,4.27,9,"[1, 1, 1, 1, 1, 1, 1, 1, 1, 0]",4.14,3.91,5.39,1.1,2039335.15
HUYA,2.1,1,"[0, 0, 0, 0, 0, 0, 0, 0, 1, 0]",2.34,2.86,4.6,2.1,1282462.35
SLDP,2.33,2,"[0, 0, 0, 0, 0, 0, 0, 0, 1, 1]",2.34,3.52,8.51,2.0,2891366.65
ACRS,6.02,10,"[1, 1, 1, 1, 1, 1, 1, 1, 1, 1]",5.68,4.16,6.53,1.81,1867850.1
HRTG,33.72,9,"[1, 1, 1, 1, 0, 1, 1, 1, 1, 1]",29.85,27.24,35.21,20.88,311168.0
CYRX,15.55,9,"[0, 1, 1, 1, 1, 1, 1, 1, 1, 1]",15.67,11.69,17.13,7.72,564181.1
CTO,21.5,8,"[0, 1, 1, 1, 1, 1, 1, 1, 1, 0]",21.74,19.27,22.53,14.38,365187.75
ASPI,3.78,1,"[0, 0, 0, 0, 0, 0, 0, 0, 1, 0]",4.55,5.6,14.05,3.54,3099511.6
OXM,37.74,6,"[1, 0, 1, 0, 1, 1, 0, 1, 1, 0]",37.17,37.68,48.22,30.22,261322.7
GRPN,18.46,7,"[0, 1, 1, 1, 1, 1, 1, 0, 1, 0]",23.79,17.32,28.58,9.64,1425991.25
ALRS,32.61,9,"[1, 1, 1, 1, 1, 1, 1, 1, 1, 0]",32.34,26.43,34.12,20.29,146830.55
LAES,2.39,1,"[0, 0, 0, 0, 0, 0, 0, 0, 1, 0]",2.68,3.4,7.65,2.09,8604062.1
INN,5.72,8,"[0, 1, 1, 1, 1, 1, 1, 1, 1, 0]",6.46,5.2,6.98,3.92,886155.75
PKE,31.69,8,"[0, 1, 1, 1, 1, 1, 1, 1, 1, 0]",34.95,28.93,38.23,18.3,214477.35
HY,32.82,4,"[0, 0, 0, 0, 1, 1, 0, 1, 1, 0]",34.14,33.85,40.47,25.65,115260.0
STRO,20.82,4,"[0, 0, 0, 0, 1, 1, 1, 0, 1, 0]",25.37,22.02,40.91,7.3,282434.15
TLRY,4.5,2,"[1, 0, 0, 0, 0, 0, 0, 0, 1, 0]",4.46,6.73,21.0,3.88,3658555.55
SHBI,22.75,8,"[0, 1, 1, 1, 1, 1, 1, 1, 1, 0]",23.34,19.87,24.61,14.9,185648.05
EVC,8.03,7,"[0, 1, 1, 1, 1, 1, 1, 0, 1, 0]",10.57,5.82,13.48,1.91,1818805.8
ZVRA,12.06,9,"[0, 1, 1, 1, 1, 1, 1, 1, 1, 1]",12.1,10.23,14.75,7.23,933605.45
CARS,11.59,7,"[0, 1, 1, 1, 0, 1, 1, 1, 1, 0]",11.65,10.88,13.79,7.58,634789.5
CLYM,14.82,10,"[1, 1, 1, 1, 1, 1, 1, 1, 1, 1]",13.84,8.45,17.84,1.64,1313112.7
CWBC,25.73,9,"[0, 1, 1, 1, 1, 1, 1, 1, 1, 1]",26.13,23.97,27.89,19.45,225627.5
RMR,19.22,9,"[0, 1, 1, 1, 1, 1, 1, 1, 1, 1]",19.82,17.04,20.9,13.05,130471.85
SPIR,12.02,4,"[0, 0, 0, 0, 1, 1, 1, 0, 1, 0]",14.1,13.35,25.48,7.02,572375.05
SWBI,12.77,6,"[0, 0, 0, 1, 1, 1, 1, 1, 1, 0]",14.69,12.97,16.53,7.67,460470.6
ARVN,9.28,4,"[1, 0, 0, 0, 0, 0, 1, 0, 1, 1]",8.59,10.56,13.83,6.98,778309.0
AVR,8.45,9,"[0, 1, 1, 1, 1, 1, 1, 1, 1, 1]",9.03,6.79,10.57,3.38,768141.95
NKLR,5.03,3,"[0, 0, 0, 1, 1, 0, 0, 0, 1, 0]",5.3,5.24,18.26,3.91,287941.7
VTEX,3.61,4,"[0, 0, 0, 1, 1, 0, 0, 1, 1, 0]",3.97,3.76,4.65,2.87,798508.75
MRAM,15.86,6,"[0, 0, 1, 1, 1, 1, 1, 0, 1, 0]",17.4,15.41,44.01,6.36,1308127.25
CABA,3.3,9,"[1, 1, 1, 0, 1, 1, 1, 1, 1, 1]",2.92,2.89,4.15,1.45,4572202.6
KE,23.9,1,"[0, 0, 0, 0, 0, 0, 0, 0, 1, 0]",24.85,26.25,33.13,22.63,226014.95
CNNE,15.44,8,"[1, 1, 1, 1, 0, 0, 1, 1, 1, 1]",14.81,14.04,18.91,10.53,503797.35
PSNL,17.06,10,"[1, 1, 1, 1, 1, 1, 1, 1, 1, 1]",14.06,9.7,18.38,4.81,3657015.7
CCSI,36.13,8,"[0, 1, 1, 1, 1, 1, 1, 1, 1, 0]",37.14,28.99,39.85,20.24,181111.1
ANGX,4.34,7,"[1, 1, 1, 1, 0, 0, 1, 0, 1, 1]",4.05,3.81,16.0,2.18,1595546.7
NPCE,14.74,5,"[0, 0, 0, 0, 0, 1, 1, 1, 1, 1]",15.2,15.44,19.29,9.14,179995.0
RGR,37.97,5,"[0, 0, 1, 0, 1, 0, 1, 1, 1, 0]",38.0,37.33,46.58,28.51,120391.1
TDUP,2.52,2,"[0, 0, 0, 1, 0, 0, 0, 0, 1, 0]",5.14,5.19,11.71,2.52,3728347.35
SXC,10.21,10,"[1, 1, 1, 1, 1, 1, 1, 1, 1, 1]",8.83,7.47,10.33,5.51,1323271.0
DNUT,3.36,3,"[1, 0, 0, 0, 0, 0, 0, 0, 1, 1]",3.35,3.58,4.7,2.92,3284015.45
BCAL,21.09,8,"[0, 1, 1, 1, 1, 1, 1, 1, 1, 0]",21.15,19.2,21.8,15.74,143590.75
PHR,11.84,6,"[1, 1, 0, 1, 0, 0, 1, 0, 1, 1]",11.05,12.5,31.48,8.06,778892.5
RYAM,8.33,5,"[1, 0, 0, 0, 1, 1, 1, 0, 1, 0]",8.26,8.37,11.75,5.52,978586.2
FEIM,58.98,6,"[0, 0, 1, 1, 1, 1, 1, 0, 1, 0]",66.2,55.29,79.85,27.07,235735.3
NPB,16.59,5,"[0, 0, 0, 1, 1, 1, 0, 1, 1, 0]",17.81,17.58,19.28,15.72,186948.1
TRON,1.64,5,"[1, 0, 0, 0, 1, 0, 1, 0, 1, 1]",1.58,1.74,4.3,1.13,1395646.9
CADL,12.85,10,"[1, 1, 1, 1, 1, 1, 1, 1, 1, 1]",10.67,7.23,13.75,4.42,1276014.95
BWMN,42.6,8,"[1, 1, 1, 1, 0, 0, 1, 1, 1, 1]",32.58,32.66,44.43,25.31,559233.5
FET,82.25,10,"[1, 1, 1, 1, 1, 1, 1, 1, 1, 1]",63.31,52.53,86.31,25.26,207493.05
CLB,12.39,3,"[1, 0, 0, 0, 0, 0, 0, 0, 1, 1]",11.55,15.06,19.63,9.86,504269.65
GPRK,11.23,10,"[1, 1, 1, 1, 1, 1, 1, 1, 1, 1]",9.65,8.94,11.75,5.91,446367.25
ORN,9.05,3,"[0, 0, 0, 0, 1, 1, 0, 0, 1, 0]",12.05,12.1,17.14,7.2,424280.6
HPP,12.79,5,"[0, 1, 1, 1, 0, 0, 1, 0, 1, 0]",14.66,11.0,21.49,5.51,768567.3
CSTL,33.44,9,"[1, 1, 1, 1, 0, 1, 1, 1, 1, 1]",27.41,29.44,43.04,18.15,421013.9
CTKB,4.62,9,"[1, 1, 1, 1, 0, 1, 1, 1, 1, 1]",4.51,4.62,5.88,3.36,856761.35
GLRE,15.26,4,"[0, 0, 0, 0, 1, 1, 0, 1, 1, 0]",16.17,15.6,19.0,11.95,131191.35
ALOY,9.98,4,"[0, 0, 0, 0, 1, 1, 1, 0, 1, 0]",11.52,11.15,25.88,5.92,2677862.55
RR,1.82,4,"[1, 0, 0, 0, 0, 0, 1, 0, 1, 1]",1.72,2.66,7.06,1.35,6189070.05
BTBT,1.34,1,"[0, 0, 0, 0, 0, 0, 0, 0, 1, 0]",1.55,1.8,4.22,1.21,29713787.0
MSBI,32.59,9,"[1, 1, 1, 1, 1, 1, 1, 1, 1, 0]",31.91,24.93,34.19,13.85,155544.35
UROY,4.14,7,"[1, 1, 1, 0, 0, 0, 1, 1, 1, 1]",3.36,3.7,5.46,2.61,2475144.0
CARE,30.77,8,"[0, 1, 1, 1, 1, 1, 1, 1, 1, 0]",32.74,24.97,35.61,16.84,350569.85
EGY,5.99,9,"[1, 1, 1, 0, 1, 1, 1, 1, 1, 1]",5.39,5.0,6.53,3.26,1326043.5
GDYN,7.85,8,"[1, 1, 1, 1, 0, 0, 1, 1, 1, 1]",6.65,7.17,10.06,5.21,1530141.75
ALTI,3.83,6,"[1, 1, 0, 0, 0, 1, 1, 0, 1, 1]",3.76,3.93,5.19,2.81,215952.8
PRME,3.57,6,"[1, 1, 1, 0, 0, 0, 1, 0, 1, 1]",3.36,3.54,6.67,2.7,2598998.75
TCMD,22.25,4,"[0, 0, 0, 1, 0, 1, 1, 0, 1, 0]",27.37,26.94,33.05,13.24,398000.5
MLAB,125.47,10,"[1, 1, 1, 1, 1, 1, 1, 1, 1, 1]",105.4,93.47,128.93,59.15,165756.15
FTK,22.79,7,"[0, 1, 1, 1, 1, 1, 1, 0, 1, 0]",26.46,19.72,38.82,11.04,823785.15
AVTX,18.95,8,"[0, 1, 1, 1, 0, 1, 1, 1, 1, 1]",19.03,16.86,22.87,9.02,728222.05
DDI,12.7,10,"[1, 1, 1, 1, 1, 1, 1, 1, 1, 1]",11.87,10.12,12.92,8.25,119100.1
HELE,28.51,9,"[1, 1, 1, 1, 1, 1, 1, 1, 1, 0]",28.3,22.15,30.22,13.88,344091.3
BETR,12.23,1,"[0, 0, 0, 0, 0, 0, 0, 0, 1, 0]",20.61,31.51,86.07,11.6,991135.65
KYTX,8.35,6,"[1, 0, 0, 0, 1, 1, 1, 0, 1, 1]",8.19,8.4,11.25,3.59,725363.65
PRTA,9.61,6,"[1, 1, 1, 0, 0, 0, 0, 1, 1, 1]",9.05,9.5,11.51,7.91,370198.45
PROK,1.85,5,"[1, 1, 0, 0, 0, 0, 1, 0, 1, 1]",1.66,1.95,3.3,1.33,1195618.8
CHW,8.39,8,"[0, 1, 1, 1, 1, 1, 0, 1, 1, 1]",8.56,7.87,8.97,6.7,138947.0
MG,18.56,10,"[1, 1, 1, 1, 1, 1, 1, 1, 1, 1]",17.11,15.64,19.51,9.39,238127.75
INV,1.19,1,"[0, 0, 0, 0, 0, 0, 0, 0, 1, 0]",3.33,4.35,7.32,1.19,5427965.1
KRT,47.45,10,"[1, 1, 1, 1, 1, 1, 1, 1, 1, 1]",40.16,28.74,49.8,19.72,161462.45
DDL,2.3,5,"[1, 0, 0, 0, 1, 1, 1, 0, 1, 0]",2.24,2.47,3.2,1.67,303865.0
MEC,19.2,5,"[0, 0, 0, 1, 1, 1, 1, 0, 1, 0]",28.02,22.95,37.54,12.56,616372.8
PACK,4.47,4,"[0, 0, 0, 1, 1, 0, 1, 0, 1, 0]",6.03,5.43,7.64,3.24,414433.95
WTI,3.85,10,"[1, 1, 1, 1, 1, 1, 1, 1, 1, 1]",3.51,2.96,4.89,1.49,3657314.55
DNA,6.93,2,"[0, 0, 0, 1, 0, 0, 0, 0, 1, 0]",8.26,8.33,16.14,5.48,1310996.15
TECX,31.22,9,"[0, 1, 1, 1, 1, 1, 1, 1, 1, 1]",32.92,27.09,37.93,14.71,244847.1
CPS,25.25,1,"[0, 0, 0, 0, 0, 0, 0, 0, 1, 0]",28.06,30.76,45.2,25.25,209680.85
ASIX,16.76,2,"[0, 0, 0, 0, 1, 0, 0, 0, 1, 0]",18.91,19.21,25.73,13.91,317396.15
RGNX,9.32,4,"[0, 1, 0, 1, 0, 0, 1, 0, 1, 0]",11.0,10.36,15.98,5.65,1360599.6
CLFD,28.25,2,"[0, 0, 0, 0, 1, 0, 0, 0, 1, 0]",31.8,32.29,51.26,26.0,217346.7
ILPT,8.25,8,"[0, 1, 1, 1, 1, 1, 1, 1, 1, 0]",8.72,6.9,9.25,4.91,295633.7
CTNM,16.55,10,"[1, 1, 1, 1, 1, 1, 1, 1, 1, 1]",14.97,13.39,17.25,9.17,560965.9
MCS,27.77,9,"[1, 1, 1, 1, 1, 1, 1, 1, 1, 0]",26.22,19.22,31.03,12.83,306139.4
ASTL,4.13,4,"[1, 0, 0, 0, 1, 1, 0, 0, 1, 0]",4.08,4.37,5.8,3.19,1408554.55
AURA,7.43,10,"[1, 1, 1, 1, 1, 1, 1, 1, 1, 1]",7.3,6.57,8.9,4.97,845995.7
AQST,5.24,7,"[1, 1, 1, 1, 0, 0, 1, 0, 1, 1]",4.27,4.47,7.49,2.95,3893355.55
MAMA,15.6,7,"[0, 0, 1, 1, 1, 1, 1, 1, 1, 0]",17.77,15.21,20.65,9.13,471677.7
LZM,4.28,4,"[1, 0, 0, 0, 0, 0, 1, 0, 1, 1]",3.78,4.33,6.1,3.01,395754.0
ACHV,8.25,10,"[1, 1, 1, 1, 1, 1, 1, 1, 1, 1]",6.68,5.07,8.53,2.65,1392329.0
SD,14.37,7,"[1, 0, 0, 0, 1, 1, 1, 1, 1, 1]",13.69,14.6,17.42,10.63,337939.05
MNRO,12.43,1,"[0, 0, 0, 0, 0, 0, 0, 0, 1, 0]",14.4,16.72,22.59,11.02,1164006.15
OOMA,21.88,10,"[1, 1, 1, 1, 1, 1, 1, 1, 1, 1]",20.62,15.62,23.04,10.58,425255.9
ANL,13.63,10,"[1, 1, 1, 1, 1, 1, 1, 1, 1, 1]",12.32,8.8,16.6,0.88,153496.5
IMMX,14.01,10,"[1, 1, 1, 1, 1, 1, 1, 1, 1, 1]",10.69,8.31,14.47,1.96,1586859.55
FDMT,14.35,10,"[1, 1, 1, 1, 1, 1, 1, 1, 1, 1]",12.22,10.02,16.76,6.14,1064918.1
KRNY,9.77,10,"[1, 1, 1, 1, 1, 1, 1, 1, 1, 1]",9.42,8.01,10.01,6.01,719062.0
STTK,6.87,8,"[0, 1, 1, 1, 1, 1, 1, 1, 1, 0]",7.04,5.39,8.06,1.01,884124.35
CERS,2.61,9,"[0, 1, 1, 1, 1, 1, 1, 1, 1, 1]",2.83,2.35,3.28,1.18,2213893.35
OIS,8.82,6,"[1, 0, 0, 0, 1, 1, 1, 0, 1, 1]",8.36,9.02,14.39,5.41,577300.8
HKD,1.67,6,"[1, 1, 1, 0, 1, 0, 1, 0, 1, 0]",1.63,1.59,2.95,1.27,108912.15
CBIO,17.93,9,"[1, 1, 1, 1, 1, 1, 1, 0, 1, 1]",16.64,15.35,26.98,8.94,198448.05
PANL,8.07,9,"[1, 1, 1, 0, 1, 1, 1, 1, 1, 1]",7.39,7.49,9.29,4.47,410059.75
OCGN,1.33,3,"[0, 0, 0, 0, 1, 0, 0, 0, 1, 1]",1.37,1.51,2.48,1.03,3669654.6
FVR,19.4,8,"[0, 1, 1, 1, 1, 1, 1, 1, 1, 0]",20.34,17.19,21.92,12.31,215921.8
MATV,12.05,4,"[0, 0, 0, 0, 0, 0, 1, 1, 1, 1]",,,14.6,7.16,677626.65
IPI,40.7,9,"[1, 1, 1, 0, 1, 1, 1, 1, 1, 1]",35.37,34.88,48.84,23.94,218137.45
CHCT,14.89,5,"[0, 0, 0, 1, 1, 1, 0, 1, 1, 0]",16.73,16.01,18.6,11.91,466931.75
CGC,0.98,3,"[1, 0, 0, 0, 0, 0, 0, 0, 1, 1]",0.96,1.09,1.92,0.86,4023794.2
PUBM,16.27,10,"[1, 1, 1, 1, 1, 1, 1, 1, 1, 1]",14.32,10.26,17.78,6.28,845384.7
ELVA,6.54,4,"[0, 0, 0, 0, 1, 1, 1, 0, 1, 0]",8.59,8.5,12.26,4.23,667503.75
ALIT,13.82,2,"[0, 0, 0, 0, 0, 0, 1, 0, 1, 0]",16.12,22.4,77.24,9.8,550708.5
CD,3.03,2,"[0, 0, 0, 0, 0, 0, 0, 0, 1, 1]",3.5,5.37,35.79,2.65,264414.9
NUAI,4.85,5,"[0, 0, 1, 1, 1, 0, 1, 0, 1, 0]",5.04,4.77,8.06,0.33,5534996.8
EBS,6.22,2,"[0, 0, 0, 0, 0, 0, 1, 0, 1, 0]",6.8,9.09,13.9,4.45,1623892.75
RBBN,1.96,1,"[0, 0, 0, 0, 0, 0, 0, 0, 1, 0]",2.15,2.5,4.16,1.95,642991.35
CLNE,1.61,1,"[0, 0, 0, 0, 0, 0, 0, 0, 1, 0]",1.9,2.15,3.06,1.57,2086868.8
OVID,2.76,10,"[1, 1, 1, 1, 1, 1, 1, 1, 1, 1]",2.58,2.17,2.96,1.14,1498659.45
APPS,10.0,8,"[0, 1, 1, 1, 1, 1, 1, 0, 1, 1]",10.66,6.29,14.39,2.82,4292855.7
SRTA,5.37,8,"[0, 1, 1, 1, 1, 1, 1, 1, 1, 0]",5.5,5.08,6.47,3.99,1060310.25
RIGL,47.5,9,"[1, 1, 1, 1, 0, 1, 1, 1, 1, 1]",41.11,36.28,50.96,25.44,344292.45
NGNE,37.87,10,"[1, 1, 1, 1, 1, 1, 1, 1, 1, 1]",35.94,25.92,42.84,16.37,211293.85
IMXI,14.41,4,"[1, 0, 0, 0, 0, 0, 0, 1, 1, 1]",13.56,15.01,15.94,11.35,801760.7
ZKH,2.93,5,"[1, 0, 0, 0, 0, 0, 1, 1, 1, 1]",2.79,3.09,3.79,2.06,402864.9
PSFE,6.22,2,"[0, 0, 0, 1, 0, 0, 0, 0, 1, 0]",7.53,7.54,14.68,6.01,439074.45
TATT,36.75,1,"[0, 0, 0, 0, 0, 0, 0, 0, 1, 0]",41.45,43.87,61.11,32.08,180812.5
ASMB,35.18,9,"[1, 1, 1, 1, 0, 1, 1, 1, 1, 1]",28.53,29.3,38.5,20.55,293619.9
WEAV,7.3,8,"[1, 1, 1, 1, 0, 0, 1, 1, 1, 1]",6.52,6.01,7.99,4.37,5538761.8
LTBR,7.43,1,"[0, 0, 0, 0, 0, 0, 0, 0, 1, 0]",8.35,12.14,27.72,7.2,635103.45
MTW,18.96,10,"[1, 1, 1, 1, 1, 1, 1, 1, 1, 1]",15.69,13.51,20.87,9.73,452447.1
SGMT,10.5,10,"[1, 1, 1, 1, 1, 1, 1, 1, 1, 1]",8.43,6.78,10.86,4.55,1267044.6
FBRX,76.99,9,"[1, 1, 1, 0, 1, 1, 1, 1, 1, 1]",24.58,24.19,76.99,10.3,926397.2
EVH,4.28,6,"[0, 1, 1, 1, 0, 0, 1, 0, 1, 1]",4.76,3.85,9.99,2.17,3274826.35
BMBL,2.68,1,"[0, 0, 0, 0, 0, 0, 0, 0, 1, 0]",2.91,3.31,7.17,2.6,2999993.2
FULC,3.87,3,"[1, 0, 0, 0, 0, 0, 0, 0, 1, 1]",3.73,7.43,14.6,3.14,1732363.25
KLC,2.5,3,"[0, 0, 0, 1, 0, 0, 1, 0, 1, 0]",4.38,3.96,7.66,1.84,1182942.75
CLDT,13.08,8,"[0, 1, 1, 1, 1, 1, 1, 1, 1, 0]",13.18,9.35,13.79,6.03,301650.8
ANGO,15.86,9,"[1, 1, 1, 1, 0, 1, 1, 1, 1, 1]",14.4,12.16,16.13,9.7,383166.8
RPD,12.01,7,"[1, 1, 1, 1, 0, 0, 1, 0, 1, 1]",10.92,9.88,20.81,5.05,2136293.45
CTEV,39.35,7,"[1, 1, 1, 1, 0, 0, 1, 0, 1, 1]",31.63,28.31,72.45,13.47,138826.55
CAL,11.74,5,"[0, 0, 0, 1, 0, 1, 1, 1, 1, 0]",12.76,12.41,15.42,8.76,476508.3
ADUR,13.34,8,"[0, 1, 1, 1, 1, 1, 1, 1, 1, 0]",14.88,13.05,17.39,9.19,411350.8
ZURA,5.65,10,"[1, 1, 1, 1, 1, 1, 1, 1, 1, 1]",5.45,5.21,7.04,1.9,1452691.35
ACTG,4.52,6,"[0, 0, 1, 0, 1, 1, 1, 1, 1, 0]",4.57,4.38,5.16,3.15,263840.4
NPWR,1.75,3,"[1, 0, 0, 0, 0, 0, 0, 0, 1, 1]",1.62,2.0,4.85,1.36,1030388.15
BLZE,13.53,7,"[0, 1, 1, 1, 1, 1, 1, 0, 1, 0]",15.41,7.63,20.43,3.31,3691970.75
TROO,2.34,6,"[1, 0, 0, 0, 1, 1, 1, 0, 1, 1]",2.1,2.73,5.02,1.01,349319.4
PERI,9.42,5,"[0, 1, 0, 1, 0, 1, 0, 1, 1, 0]",9.49,9.46,11.06,7.71,376792.6
CRNC,8.42,3,"[0, 0, 0, 1, 0, 0, 1, 0, 1, 0]",9.23,9.55,13.3,5.96,739690.3
MCFT,23.01,7,"[0, 0, 1, 1, 1, 1, 1, 1, 1, 0]",24.56,22.29,27.38,17.21,184488.5
GEVO,1.64,3,"[1, 0, 0, 0, 0, 0, 0, 0, 1, 1]",1.55,1.87,2.78,1.4,2896486.4
ADCT,1.24,3,"[1, 0, 0, 0, 0, 0, 0, 0, 1, 1]",1.14,3.0,4.88,0.96,1652135.55
ENTA,13.51,7,"[0, 1, 0, 1, 0, 1, 1, 1, 1, 1]",13.56,13.58,16.85,7.17,227339.75
SPT,11.47,7,"[1, 1, 1, 1, 0, 0, 1, 0, 1, 1]",8.8,8.13,15.5,4.99,1452167.95
PKOH,44.19,10,"[1, 1, 1, 1, 1, 1, 1, 1, 1, 1]",41.23,29.43,52.51,18.51,110584.95
TTGT,3.77,1,"[0, 0, 0, 0, 0, 0, 0, 0, 1, 0]",3.89,4.55,6.98,3.4,325675.3
ALMU,12.46,2,"[0, 0, 0, 0, 1, 0, 0, 0, 1, 0]",16.99,17.74,31.49,10.73,475576.2
NVEC,97.79,7,"[0, 1, 1, 1, 1, 1, 1, 0, 1, 0]",105.73,81.48,133.06,55.46,142772.3
AVIR,5.49,9,"[1, 1, 1, 0, 1, 1, 1, 1, 1, 1]",4.94,4.57,6.15,2.82,231198.75
MAGN,12.31,6,"[0, 1, 0, 1, 0, 1, 1, 1, 1, 0]",12.79,12.32,15.26,7.96,502259.2
LXEO,4.7,2,"[0, 0, 0, 0, 0, 0, 0, 0, 1, 1]",4.74,6.48,10.63,4.13,905748.15
BGS,3.49,2,"[0, 0, 0, 0, 1, 0, 0, 0, 1, 0]",3.67,4.28,5.52,3.33,2339274.9
BYND,12.45,9,"[1, 1, 1, 1, 1, 1, 1, 0, 1, 1]",6.4,2.24,18.3,0.52,8087847.8
OEC,5.87,4,"[0, 0, 0, 0, 1, 1, 1, 0, 1, 0]",6.5,6.23,10.5,4.3,451611.95
NEXN,9.6,8,"[0, 1, 1, 1, 1, 1, 1, 1, 1, 0]",9.95,7.7,10.95,5.7,538132.25
NATR,13.87,3,"[0, 0, 0, 0, 1, 1, 0, 0, 1, 0]",18.71,22.37,27.8,13.14,263188.6
PACB,1.28,1,"[0, 0, 0, 0, 0, 0, 0, 0, 1, 0]",1.41,1.64,2.67,1.11,7914598.1
MNPR,117.57,10,"[1, 1, 1, 1, 1, 1, 1, 1, 1, 1]",106.83,74.41,123.84,33.93,202783.7
IVVD,0.88,4,"[1, 0, 0, 0, 0, 0, 1, 0, 1, 1]",0.78,1.52,2.88,0.54,4188037.55
NRC,20.44,9,"[0, 1, 1, 1, 1, 1, 1, 1, 1, 1]",21.16,18.25,22.77,11.13,123514.05
CBAN,20.97,8,"[0, 1, 1, 1, 1, 1, 1, 1, 1, 0]",21.14,19.56,22.27,15.54,134045.8
LOCO,14.99,8,"[0, 1, 1, 1, 1, 1, 1, 1, 1, 0]",16.04,13.23,17.2,9.06,283975.15
EOLS,9.08,9,"[1, 1, 1, 1, 0, 1, 1, 1, 1, 1]",7.14,6.03,9.09,3.94,1216288.95
AUTL,2.31,10,"[1, 1, 1, 1, 1, 1, 1, 1, 1, 1]",1.83,1.61,2.54,1.21,2940484.15
XFOR,4.07,8,"[0, 1, 1, 1, 1, 1, 1, 1, 1, 0]",4.08,3.93,4.67,2.86,692895.2
GRRR,14.09,7,"[0, 1, 1, 1, 1, 0, 1, 0, 1, 1]",14.83,13.69,21.78,9.48,1134735.35
ABAT,2.59,3,"[1, 0, 0, 0, 0, 0, 0, 0, 1, 1]",2.51,3.35,11.33,2.04,3141901.4
ASPN,4.84,7,"[0, 1, 1, 1, 1, 0, 1, 0, 1, 1]",5.38,4.22,8.82,2.57,1634278.65
SSP,3.26,5,"[1, 0, 0, 0, 0, 1, 1, 0, 1, 1]",3.09,3.61,5.16,1.54,672677.3
VREX,18.47,9,"[1, 1, 1, 1, 0, 1, 1, 1, 1, 1]",13.5,12.22,18.58,9.32,1542066.7
LRMR,3.94,6,"[1, 0, 1, 0, 1, 1, 1, 0, 1, 0]",3.88,3.92,5.95,2.81,1066817.35
IPSC,2.03,6,"[0, 0, 1, 0, 1, 1, 1, 0, 1, 1]",2.16,1.92,2.94,0.47,478163.4
NEWT,11.66,4,"[0, 0, 0, 1, 1, 1, 0, 0, 1, 0]",13.95,12.6,15.56,9.18,294507.6
VOXR,5.36,9,"[1, 1, 1, 0, 1, 1, 1, 1, 1, 1]",4.84,5.17,6.39,3.39,500993.25
XNET,4.82,1,"[0, 0, 0, 0, 0, 0, 0, 0, 1, 0]",5.35,6.1,10.78,4.66,226299.95
VELO,11.25,4,"[0, 0, 0, 0, 1, 1, 1, 0, 1, 0]",13.24,13.71,30.61,2.97,1490581.25
HNST,5.63,10,"[1, 1, 1, 1, 1, 1, 1, 1, 1, 1]",4.36,3.26,5.76,2.1,3571117.85
RCKT,3.73,7,"[1, 1, 1, 0, 1, 0, 1, 0, 1, 1]",3.52,3.56,5.3,2.6,1396026.05
DCTH,16.4,10,"[1, 1, 1, 1, 1, 1, 1, 1, 1, 1]",14.1,11.11,17.36,8.19,739908.85
CDZI,3.97,4,"[1, 0, 0, 0, 0, 0, 1, 0, 1, 1]",3.62,4.76,6.92,2.98,823041.5
OPAL,1.93,1,"[0, 0, 0, 0, 0, 0, 0, 0, 1, 0]",2.21,2.27,2.78,1.78,186315.95
ISTR,29.76,8,"[0, 1, 1, 1, 1, 1, 1, 1, 1, 0]",29.93,28.05,30.95,21.26,105837.4
OSS,9.97,5,"[0, 0, 0, 1, 1, 1, 1, 0, 1, 0]",13.44,11.0,19.95,4.34,897881.85
XPER,5.8,3,"[0, 0, 0, 1, 1, 0, 0, 0, 1, 0]",7.27,6.56,8.64,5.11,554258.75
QUAD,10.08,9,"[1, 1, 1, 1, 1, 1, 1, 1, 1, 0]",9.11,7.18,10.74,4.99,425416.55
FUFU,1.24,1,"[0, 0, 0, 0, 0, 0, 0, 0, 1, 0]",1.39,2.18,4.23,1.24,224080.05
CLPT,14.9,5,"[0, 1, 1, 1, 0, 0, 1, 0, 1, 0]",15.88,13.44,29.6,8.66,640707.6
EGHT,1.84,3,"[0, 0, 0, 0, 1, 1, 0, 0, 1, 0]",1.95,2.02,2.76,1.59,1417447.55
PBYI,9.35,10,"[1, 1, 1, 1, 1, 1, 1, 1, 1, 1]",8.42,6.99,9.49,4.34,329313.25
DVLT,0.29,1,"[0, 0, 0, 0, 0, 0, 0, 0, 1, 0]",0.34,0.72,3.42,0.28,46797860.85
VNDA,5.42,4,"[0, 0, 0, 0, 1, 1, 0, 0, 1, 1]",5.55,6.56,9.56,4.32,1034752.5
RNGR,16.95,9,"[1, 1, 1, 0, 1, 1, 1, 1, 1, 1]",16.09,15.72,18.29,12.18,219065.75
AMCX,12.36,10,"[1, 1, 1, 1, 1, 1, 1, 1, 1, 1]",11.01,9.09,12.85,6.52,572742.25
SVCO,6.53,5,"[0, 0, 0, 1, 1, 1, 1, 0, 1, 0]",8.92,7.11,13.79,3.23,414013.15
CLMB,27.99,8,"[1, 1, 1, 1, 0, 0, 1, 1, 1, 1]",26.29,24.82,35.79,16.68,137998.8
API,4.03,5,"[0, 0, 0, 1, 1, 1, 0, 1, 1, 0]",4.16,4.07,5.26,3.24,244193.4
ACCO,4.25,10,"[1, 1, 1, 1, 1, 1, 1, 1, 1, 1]",4.1,3.64,4.33,2.74,656039.3
RMNI,5.2,10,"[1, 1, 1, 1, 1, 1, 1, 1, 1, 1]",4.79,3.96,5.65,2.97,454811.3
SOPH,8.43,10,"[1, 1, 1, 1, 1, 1, 1, 1, 1, 1]",6.58,5.3,8.92,3.12,609612.3
XRX,3.16,8,"[1, 1, 1, 1, 0, 0, 1, 1, 1, 1]",2.95,2.41,3.95,1.21,2113893.0
BNED,11.79,8,"[0, 1, 1, 1, 1, 1, 1, 1, 1, 0]",12.29,9.92,13.65,6.08,215148.05
DDD,3.29,10,"[1, 1, 1, 1, 1, 1, 1, 1, 1, 1]",3.09,2.52,3.88,1.77,3615828.95
DIN,32.5,7,"[0, 1, 1, 1, 0, 1, 1, 1, 1, 0]",35.17,31.81,38.33,22.05,256640.6
TG,7.71,4,"[0, 0, 0, 0, 1, 1, 0, 0, 1, 1]",7.78,8.16,10.35,6.29,187940.35
FRST,15.63,8,"[0, 1, 1, 1, 1, 1, 1, 1, 1, 0]",15.99,13.97,16.67,9.31,162781.7
EVTL,0.6,1,"[0, 0, 0, 0, 0, 0, 0, 0, 1, 0]",1.33,3.28,7.28,0.6,10102345.5
IRD,3.83,7,"[1, 0, 1, 0, 1, 1, 1, 0, 1, 1]",3.72,3.65,5.75,1.23,783073.4
LE,11.81,1,"[0, 0, 0, 0, 0, 0, 0, 0, 1, 0]",11.96,13.58,19.15,10.09,165077.75
QUIK,10.56,5,"[0, 0, 0, 1, 1, 1, 1, 0, 1, 0]",13.97,11.83,23.74,4.89,259690.6
TLS,4.72,5,"[1, 1, 0, 1, 0, 0, 0, 0, 1, 1]",4.58,4.75,7.76,3.88,532940.4
SHIP,18.01,9,"[1, 1, 1, 1, 1, 1, 1, 1, 1, 0]",15.85,13.14,18.17,7.38,281092.9
DBI,5.22,4,"[0, 0, 0, 0, 1, 1, 1, 0, 1, 0]",5.88,6.42,9.04,3.09,444671.6
ALTO,4.02,6,"[0, 0, 1, 1, 1, 1, 1, 0, 1, 0]",4.85,4.01,5.99,0.92,2034312.15
PAYS,12.4,10,"[1, 1, 1, 1, 1, 1, 1, 1, 1, 1]",10.24,6.47,14.14,3.18,855098.55
VMD,8.8,5,"[0, 0, 0, 1, 1, 1, 1, 0, 1, 0]",10.77,9.09,12.33,6.26,519163.8
CURR,3.36,9,"[1, 1, 1, 1, 1, 1, 1, 0, 1, 1]",3.24,2.71,4.49,1.38,295405.1
MEI,18.32,10,"[1, 1, 1, 1, 1, 1, 1, 1, 1, 1]",15.96,9.99,19.36,5.0,600743.8
NAUT,0.93,3,"[0, 0, 0, 0, 1, 0, 1, 0, 1, 0]",1.39,2.18,3.95,0.64,712082.05
DMAC,6.45,2,"[0, 0, 0, 1, 0, 0, 0, 0, 1, 0]",6.87,7.19,9.39,5.3,127821.3
CAN,0.32,4,"[1, 0, 0, 0, 0, 0, 1, 0, 1, 1]",0.28,0.52,2.05,0.17,21396903.4
RMAX,11.1,9,"[1, 1, 1, 1, 0, 1, 1, 1, 1, 1]",9.89,8.12,11.6,5.66,371927.2
NMRA,1.33,2,"[0, 0, 0, 0, 0, 0, 1, 0, 1, 0]",1.6,2.09,3.59,0.92,715650.75
HLLY,2.87,3,"[1, 0, 0, 0, 0, 0, 0, 0, 1, 1]",2.75,3.33,4.39,2.36,1078733.45
LVWR,1.14,2,"[0, 0, 0, 0, 0, 0, 1, 0, 1, 0]",1.18,2.16,6.21,0.65,724275.1
IMRX,4.85,3,"[1, 0, 0, 0, 0, 0, 0, 0, 1, 1]",4.82,5.28,9.26,3.92,639045.05
TSSI,7.86,2,"[0, 0, 0, 0, 1, 0, 0, 0, 1, 0]",10.42,10.87,20.42,6.92,993868.8
SLP,18.42,9,"[1, 1, 1, 1, 0, 1, 1, 1, 1, 1]",18.31,16.32,20.84,11.36,170211.4
ABEO,5.98,8,"[0, 1, 1, 1, 1, 1, 1, 1, 1, 0]",6.4,5.47,7.46,4.17,1583774.0
REPL,15.67,9,"[1, 1, 1, 1, 0, 1, 1, 1, 1, 1]",11.91,8.46,15.88,1.7,4104443.7
DSX,2.75,9,"[1, 1, 1, 0, 1, 1, 1, 1, 1, 1]",2.32,2.26,2.88,1.55,902389.65
STRZ,26.52,9,"[0, 1, 1, 1, 1, 1, 1, 1, 1, 1]",27.0,17.84,30.21,8.65,236351.35
SLN,14.74,10,"[1, 1, 1, 1, 1, 1, 1, 1, 1, 1]",11.7,7.56,15.43,4.3,1925032.85
ATOM,3.94,4,"[0, 0, 0, 0, 1, 1, 1, 0, 1, 0]",5.84,5.17,12.11,1.99,528042.95
BRCC,8.27,4,"[0, 0, 0, 0, 0, 0, 1, 1, 1, 1]",,,8.57,0.62,973241.85
TYGO,1.06,2,"[0, 0, 0, 0, 1, 0, 0, 0, 1, 0]",1.66,2.79,5.16,1.04,1582068.8
PINE,19.54,8,"[0, 1, 1, 1, 1, 1, 1, 1, 1, 0]",20.21,18.56,21.75,12.57,103250.15
AZ,6.05,3,"[0, 0, 0, 0, 0, 1, 0, 0, 1, 1]",6.11,6.42,9.1,5.12,656529.6
ZNTL,3.71,7,"[0, 1, 1, 1, 1, 1, 1, 0, 1, 0]",4.35,3.2,6.61,1.28,1091061.15
RPAY,3.51,5,"[0, 1, 1, 1, 0, 0, 1, 0, 1, 0]",3.84,3.48,5.96,2.4,432710.55
ASYS,14.52,5,"[0, 0, 0, 1, 1, 1, 1, 0, 1, 0]",16.96,15.15,23.99,5.8,491072.45
NVCT,23.06,10,"[1, 1, 1, 1, 1, 1, 1, 1, 1, 1]",20.79,11.64,28.53,5.65,224890.4
MASS,10.65,10,"[1, 1, 1, 1, 1, 1, 1, 1, 1, 1]",8.79,7.19,11.1,5.09,535711.6
FLWS,3.44,2,"[0, 0, 0, 1, 0, 0, 0, 0, 1, 0]",3.88,3.85,5.65,3.0,208061.05
RZLT,4.5,5,"[0, 1, 1, 1, 0, 0, 1, 0, 1, 0]",4.84,4.21,10.94,1.4,1338737.55
PRLD,5.49,10,"[1, 1, 1, 1, 1, 1, 1, 1, 1, 1]",4.96,3.54,6.63,0.99,530476.85
GSIT,5.34,3,"[0, 0, 0, 0, 1, 0, 1, 0, 1, 0]",6.3,7.12,12.97,2.91,480038.2
ZIP,4.13,7,"[0, 1, 1, 1, 0, 1, 1, 1, 1, 0]",4.2,3.42,5.49,1.69,1149375.75
EDIT,3.07,8,"[1, 1, 1, 1, 1, 0, 1, 0, 1, 1]",2.99,2.6,4.15,1.66,2595530.7
RILY,6.75,4,"[0, 0, 0, 0, 1, 1, 1, 0, 1, 0]",7.27,7.23,10.68,3.72,564562.1
CXDO,5.91,2,"[0, 0, 0, 0, 1, 0, 0, 0, 1, 0]",7.05,7.07,10.47,5.6,364590.9
PALI,1.96,7,"[0, 1, 1, 1, 0, 1, 1, 0, 1, 1]",2.01,1.94,2.8,0.54,1548452.25
BKKT,7.26,1,"[0, 0, 0, 0, 0, 0, 0, 0, 1, 0]",7.84,10.29,45.04,6.85,1575429.5
SMWB,8.78,8,"[1, 1, 1, 1, 0, 0, 1, 1, 1, 1]",7.2,5.28,10.1,2.33,1090758.65
SY,2.74,6,"[1, 1, 1, 0, 0, 0, 1, 0, 1, 1]",1.94,2.61,4.47,1.32,927258.45
VFF,2.84,5,"[1, 1, 0, 0, 0, 0, 1, 0, 1, 1]",2.2,2.88,4.18,1.84,1210241.65
ELDN,3.01,6,"[0, 0, 1, 1, 1, 1, 1, 0, 1, 0]",3.67,2.91,4.36,1.39,941135.8
FNKO,6.2,10,"[1, 1, 1, 1, 1, 1, 1, 1, 1, 1]",5.9,4.52,6.87,2.81,1389918.1
VLN,1.72,5,"[0, 0, 0, 0, 1, 1, 1, 0, 1, 1]",1.85,1.83,3.53,1.11,906542.0
SGHT,8.19,9,"[1, 1, 1, 1, 0, 1, 1, 1, 1, 1]",6.32,5.83,9.05,3.2,325069.7
SHMD,3.11,4,"[0, 0, 0, 0, 1, 1, 1, 0, 1, 0]",4.75,6.04,10.42,2.1,757827.05
OPTX,7.28,5,"[0, 0, 1, 0, 1, 1, 1, 0, 1, 0]",8.51,7.07,14.11,1.25,270904.85
ACIU,2.68,3,"[1, 0, 0, 0, 0, 0, 0, 0, 1, 1]",2.46,2.84,3.99,2.12,236634.9
MBI,4.67,1,"[0, 0, 0, 0, 0, 0, 0, 0, 1, 0]",5.69,6.28,7.94,4.67,556563.7
TARA,3.9,1,"[0, 0, 0, 0, 0, 0, 0, 0, 1, 0]",4.02,5.16,7.56,3.03,369868.5
PDYN,5.43,3,"[0, 0, 0, 0, 1, 0, 1, 0, 1, 0]",5.72,6.21,10.3,4.15,915026.0
CCCC,3.87,9,"[0, 1, 1, 1, 1, 1, 1, 1, 1, 1]",3.95,3.02,4.67,1.71,2394630.9
DEFT,0.66,5,"[1, 1, 0, 0, 0, 0, 1, 0, 1, 1]",0.49,0.74,2.72,0.39,2910868.1
USAU,15.13,3,"[1, 0, 0, 0, 0, 0, 0, 0, 1, 1]",14.93,16.52,22.6,12.31,224544.1
FATE,2.43,8,"[0, 1, 1, 1, 1, 1, 1, 1, 1, 0]",2.6,1.7,3.11,0.95,2073329.75
TWIN,22.42,8,"[0, 1, 1, 1, 1, 1, 1, 1, 1, 0]",23.15,18.46,25.11,11.9,106137.75
CGEN,2.59,10,"[1, 1, 1, 1, 1, 1, 1, 1, 1, 1]",2.37,2.15,3.1,1.33,339825.0
ALXO,1.98,9,"[0, 1, 1, 1, 1, 1, 1, 1, 1, 1]",2.01,1.81,2.6,1.02,1123780.3
ACH,1.15,2,"[0, 0, 0, 0, 1, 0, 0, 0, 1, 0]",2.62,2.68,5.62,0.95,2260518.1
CNDT,1.8,7,"[1, 1, 1, 1, 0, 0, 1, 0, 1, 1]",1.56,1.62,2.96,1.16,949653.05
AIRS,2.42,4,"[0, 0, 0, 1, 1, 0, 1, 0, 1, 0]",4.02,3.35,11.65,1.58,1051270.7
IKT,2.38,10,"[1, 1, 1, 1, 1, 1, 1, 1, 1, 1]",2.22,1.86,2.5,1.41,496671.8
PRE,25.81,10,"[1, 1, 1, 1, 1, 1, 1, 1, 1, 1]",19.65,18.16,26.25,8.01,264461.05
RDCM,10.01,1,"[0, 0, 0, 0, 0, 0, 0, 0, 1, 0]",11.99,12.76,16.14,10.01,154612.65
CHRS,1.37,2,"[0, 0, 0, 0, 1, 0, 0, 0, 1, 0]",1.41,1.57,2.51,1.1,1384270.1
ARTV,11.28,10,"[1, 1, 1, 1, 1, 1, 1, 1, 1, 1]",10.45,7.29,13.39,2.28,291777.65
SIDU,2.12,4,"[0, 0, 0, 0, 1, 1, 1, 0, 1, 0]",2.25,2.69,6.2,0.63,4809385.15
TRDA,7.07,3,"[0, 0, 0, 0, 0, 1, 1, 0, 1, 0]",7.07,9.69,16.03,5.06,269434.15
LAW,4.23,5,"[1, 1, 0, 0, 0, 0, 1, 0, 1, 1]",4.04,4.89,8.91,2.76,232312.45
OPRT,7.13,10,"[1, 1, 1, 1, 1, 1, 1, 1, 1, 1]",6.4,5.5,8.09,4.13,489000.95
JACK,15.63,5,"[0, 1, 0, 1, 0, 1, 1, 0, 1, 0]",16.05,15.87,23.52,9.4,834099.2
ARCT,16.23,8,"[1, 1, 1, 1, 1, 0, 1, 0, 1, 1]",8.06,7.59,23.16,5.53,1433741.25
FOSL,4.88,9,"[1, 1, 1, 1, 1, 1, 1, 1, 1, 0]",4.76,4.21,6.09,1.79,938516.5
INSG,4.06,1,"[0, 0, 0, 0, 0, 0, 0, 0, 1, 0]",6.94,10.84,20.29,4.02,457052.25
FHTX,5.69,10,"[1, 1, 1, 1, 1, 1, 1, 1, 1, 1]",5.54,5.09,7.07,3.53,343073.5
CDXS,1.51,4,"[0, 0, 0, 0, 1, 0, 1, 0, 1, 1]",1.9,1.89,2.85,0.98,1145685.9
VUZI,2.42,2,"[0, 0, 0, 0, 0, 0, 0, 0, 1, 1]",2.61,2.84,5.14,2.03,1078038.8
NXDT,5.38,10,"[1, 1, 1, 1, 1, 1, 1, 1, 1, 1]",5.16,4.44,5.78,2.4,193849.9
SILC,40.06,8,"[0, 1, 1, 1, 1, 1, 1, 1, 1, 0]",42.87,29.12,50.98,13.5,206046.75
RNAC,9.3,10,"[1, 1, 1, 1, 1, 1, 1, 1, 1, 1]",9.07,7.64,10.64,5.84,125481.85
NBP,1.73,2,"[0, 0, 0, 0, 0, 0, 0, 0, 1, 1]",1.81,2.75,6.56,1.47,281985.15
XPOF,5.03,1,"[0, 0, 0, 0, 0, 0, 0, 0, 1, 0]",6.13,6.67,9.0,4.26,1139020.4
PROF,6.8,6,"[0, 1, 0, 1, 0, 1, 1, 1, 1, 0]",7.04,6.9,8.65,3.87,111217.3
AP,8.38,6,"[0, 0, 1, 0, 1, 1, 1, 0, 1, 1]",8.63,7.72,12.2,1.85,100239.1
NVA,5.18,4,"[1, 0, 0, 0, 0, 0, 1, 0, 1, 1]",5.0,6.66,14.37,2.27,259525.65
CANG,1.84,3,"[0, 0, 0, 0, 0, 0, 1, 0, 1, 1]",1.95,6.86,27.5,1.4,543446.1
LTRX,5.15,3,"[0, 0, 0, 0, 1, 1, 0, 0, 1, 0]",5.7,5.99,8.45,4.45,1026384.85
VYGR,3.43,3,"[1, 0, 0, 0, 0, 0, 0, 0, 1, 1]",3.33,3.79,5.33,3.0,435409.2
DUOT,8.61,4,"[0, 0, 0, 1, 0, 1, 1, 0, 1, 0]",9.5,9.46,14.64,6.17,1324554.6
AIRJ,4.36,7,"[0, 1, 1, 1, 1, 1, 1, 0, 1, 0]",4.85,3.87,6.59,2.51,1659392.2
EAF,7.11,3,"[1, 0, 0, 0, 0, 0, 1, 0, 1, 0]",6.91,9.86,19.82,5.23,220719.5
OSG,4.54,2,"[0, 0, 0, 1, 0, 0, 0, 0, 1, 0]",5.49,5.96,10.08,3.94,577144.5
OABI,4.44,10,"[1, 1, 1, 1, 1, 1, 1, 1, 1, 1]",2.81,2.1,4.81,1.36,2326024.55
SPCE,2.91,3,"[1, 0, 0, 0, 0, 0, 1, 0, 1, 0]",2.83,3.05,7.52,2.17,7694434.75
POWW,2.18,8,"[0, 1, 1, 1, 1, 1, 1, 1, 1, 0]",2.26,2.02,2.56,1.42,633952.25
OBIO,4.9,9,"[1, 1, 1, 1, 0, 1, 1, 1, 1, 1]",4.3,4.26,5.66,2.35,319991.15
ALTG,5.72,5,"[0, 0, 0, 1, 1, 1, 1, 0, 1, 0]",6.64,6.26,8.57,4.19,181159.25
HUMA,0.57,1,"[0, 0, 0, 0, 0, 0, 0, 0, 1, 0]",0.68,0.95,2.48,0.55,10084070.45
LOVE,15.38,7,"[0, 1, 1, 1, 1, 1, 1, 0, 1, 0]",16.87,14.93,20.75,10.54,182161.15
ALEC,2.4,8,"[1, 1, 1, 0, 1, 1, 1, 0, 1, 1]",1.86,1.9,3.32,1.14,1594309.95
UIS,2.59,3,"[0, 0, 0, 1, 1, 0, 0, 0, 1, 0]",3.24,2.89,4.78,2.0,598509.35
LFMD,3.1,2,"[0, 0, 0, 0, 1, 0, 0, 0, 1, 0]",3.88,3.87,6.97,2.64,995755.05
WALD,1.35,3,"[0, 0, 0, 1, 0, 0, 1, 0, 1, 0]",1.55,1.6,3.08,0.76,219270.8
BZAI,0.46,1,"[0, 0, 0, 0, 0, 0, 0, 0, 1, 0]",0.96,1.57,6.29,0.45,7799733.15
HRTX,0.31,1,"[0, 0, 0, 0, 0, 0, 0, 0, 1, 0]",0.41,0.9,1.49,0.3,3233968.15
GPRO,1.23,6,"[1, 1, 1, 0, 0, 0, 1, 0, 1, 1]",0.7,1.06,2.88,0.57,42192284.15
CRNT,2.05,2,"[0, 0, 0, 0, 1, 0, 0, 0, 1, 0]",2.24,2.32,3.2,1.89,428456.8
NKTX,2.7,9,"[1, 1, 1, 1, 1, 1, 1, 0, 1, 1]",2.61,2.42,3.67,1.73,544768.6
AREC,2.31,4,"[1, 0, 0, 0, 0, 0, 1, 0, 1, 1]",2.14,2.55,6.71,1.55,2326772.75
MIST,1.14,1,"[0, 0, 0, 0, 0, 0, 0, 0, 1, 0]",1.19,1.68,2.95,1.01,1687489.75
IMPP,5.46,9,"[1, 1, 1, 1, 1, 0, 1, 1, 1, 1]",4.85,4.57,6.35,3.22,369032.15
RELL,16.69,8,"[0, 1, 1, 1, 1, 1, 1, 1, 1, 0]",18.24,14.06,21.76,9.31,246649.85
OSUR,3.53,8,"[0, 1, 1, 1, 1, 1, 1, 1, 1, 0]",4.03,3.24,4.5,2.11,464894.9
CNTX,0.36,2,"[0, 0, 0, 0, 1, 0, 0, 0, 1, 0]",0.56,1.65,3.36,0.36,2311261.55
MVIS,1.72,1,"[0, 0, 0, 0, 0, 0, 0, 0, 1, 0]",3.89,9.19,21.45,1.66,2263250.3
AMPY,4.99,6,"[1, 0, 0, 0, 1, 0, 1, 1, 1, 1]",4.22,5.03,6.63,3.67,971115.15
TNYA,0.69,2,"[0, 0, 0, 1, 0, 0, 0, 0, 1, 0]",0.76,0.81,2.1,0.55,2052665.15
SMRT,1.32,4,"[1, 0, 0, 0, 0, 0, 1, 0, 1, 1]",1.18,1.47,2.12,0.95,1481459.05
SRI,7.1,8,"[0, 1, 1, 1, 1, 1, 1, 1, 1, 0]",7.17,6.75,9.17,4.72,122366.35
FF,5.46,10,"[1, 1, 1, 1, 1, 1, 1, 1, 1, 1]",4.98,4.11,6.37,3.0,639005.3
ANNA,3.14,5,"[1, 0, 0, 0, 1, 0, 1, 0, 1, 1]",2.9,3.41,10.24,2.31,194900.8
INSE,5.45,1,"[0, 0, 0, 0, 0, 0, 0, 0, 1, 0]",6.81,7.7,9.82,5.45,198246.3
SND,5.21,9,"[1, 1, 1, 0, 1, 1, 1, 1, 1, 1]",4.69,4.4,5.7,1.78,273056.0
SABS,3.7,4,"[0, 0, 0, 0, 0, 1, 1, 1, 1, 0]",3.74,3.81,4.59,1.95,360024.05
SHIM,3.3,4,"[0, 0, 0, 0, 1, 1, 1, 0, 1, 0]",3.89,3.73,6.67,2.05,114137.1
SLNH,1.05,3,"[0, 0, 0, 1, 0, 0, 1, 0, 1, 0]",1.24,1.31,4.42,0.46,9323669.0
DMRC,5.55,2,"[0, 0, 0, 0, 1, 0, 0, 0, 1, 0]",6.85,7.37,16.43,4.36,120552.05
PLBY,1.19,2,"[0, 0, 0, 0, 0, 0, 0, 0, 1, 1]",1.23,1.6,2.71,1.11,837697.4
TONX,3.12,8,"[1, 1, 1, 1, 1, 0, 1, 0, 1, 1]",3.07,2.84,12.36,1.8,425515.35
TKNO,7.08,9,"[1, 1, 1, 1, 0, 1, 1, 1, 1, 1]",5.97,4.16,7.46,1.99,289286.6
KLTR,1.54,9,"[1, 1, 1, 1, 0, 1, 1, 1, 1, 1]",1.45,1.45,1.89,1.08,1126853.8
PESI,17.84,10,"[1, 1, 1, 1, 1, 1, 1, 1, 1, 1]",15.92,13.41,19.43,8.19,491543.5
TENX,1.8,3,"[0, 0, 0, 0, 1, 0, 1, 0, 1, 0]",10.5,11.96,18.32,1.38,11461590.7
ONEW,11.95,5,"[0, 1, 1, 1, 0, 0, 1, 0, 1, 0]",12.0,11.45,16.96,8.35,107781.85
UNCY,5.05,4,"[0, 0, 0, 0, 1, 1, 1, 0, 1, 0]",5.59,6.43,8.56,3.74,730684.7
DPRO,5.38,4,"[1, 0, 0, 0, 0, 0, 1, 0, 1, 1]",4.64,6.26,13.77,3.8,1251927.35
DTIL,7.64,9,"[0, 1, 1, 1, 1, 1, 1, 1, 1, 1]",7.81,6.12,9.28,3.57,285206.6
VERI,0.79,1,"[0, 0, 0, 0, 0, 0, 0, 0, 1, 0]",1.13,2.67,8.39,0.79,4780539.5
SLQT,0.54,1,"[0, 0, 0, 0, 0, 0, 0, 0, 1, 0]",0.73,0.99,2.16,0.52,1379098.4
ANIK,21.11,10,"[1, 1, 1, 1, 1, 1, 1, 1, 1, 1]",17.85,13.72,22.03,8.4,136571.25
QSI,0.76,1,"[0, 0, 0, 0, 0, 0, 0, 0, 1, 0]",0.82,1.0,2.63,0.7,2962724.4
KPTI,1.85,2,"[0, 0, 0, 0, 1, 0, 0, 0, 1, 0]",5.88,7.22,10.67,1.81,1490189.15
CRBP,11.28,7,"[1, 1, 1, 1, 0, 0, 1, 0, 1, 1]",9.56,9.28,19.36,7.38,545229.2
DGXX,3.42,4,"[0, 0, 0, 1, 1, 0, 1, 0, 1, 0]",4.22,3.92,8.46,1.89,3198891.9
KRMD,3.3,1,"[0, 0, 0, 0, 0, 0, 0, 0, 1, 0]",3.88,4.53,6.52,3.2,286441.85
CRBU,1.55,3,"[0, 0, 0, 0, 1, 0, 0, 0, 1, 1]",1.66,1.8,2.84,1.39,994910.95
BHR,1.93,1,"[0, 0, 0, 0, 0, 0, 0, 0, 1, 0]",2.09,2.5,3.14,1.92,342908.75
INGN,5.33,1,"[0, 0, 0, 0, 0, 0, 0, 0, 1, 0]",6.24,6.43,8.95,5.33,262341.8
MGNX,4.04,9,"[0, 1, 1, 1, 1, 1, 1, 1, 1, 1]",4.23,2.97,4.86,1.33,508384.6
ATLX,3.13,2,"[0, 0, 0, 0, 0, 0, 0, 0, 1, 1]",3.18,4.36,7.45,2.56,170062.95
TLSA,0.96,1,"[0, 0, 0, 0, 0, 0, 0, 0, 1, 0]",1.09,1.35,2.29,0.89,1065747.0
IFRX,2.16,10,"[1, 1, 1, 1, 1, 1, 1, 1, 1, 1]",1.99,1.49,2.74,0.82,1035642.4
ELTX,2.56,1,"[0, 0, 0, 0, 0, 0, 0, 0, 1, 0]",3.24,8.15,14.85,2.56,271288.15
CVGI,3.09,5,"[0, 0, 0, 1, 1, 1, 1, 0, 1, 0]",4.12,3.22,5.78,1.34,495814.05
ABOS,2.92,9,"[1, 1, 1, 0, 1, 1, 1, 1, 1, 1]",2.53,2.42,3.37,1.23,354967.1
DOUG,1.77,2,"[0, 0, 0, 0, 0, 0, 0, 0, 1, 1]",1.84,2.09,3.11,1.56,416865.3
AMTX,1.82,5,"[1, 0, 0, 0, 1, 0, 1, 0, 1, 1]",1.7,1.94,3.66,1.32,826072.8
SKYX,1.26,4,"[1, 0, 0, 0, 0, 0, 1, 0, 1, 1]",1.16,1.59,3.13,0.95,948903.25
CVRX,3.04,1,"[0, 0, 0, 0, 0, 0, 0, 0, 1, 0]",4.42,6.6,10.81,2.37,1761718.1
LFCR,4.39,1,"[0, 0, 0, 0, 0, 0, 0, 0, 1, 0]",4.73,6.0,8.82,3.66,119118.7
EPSN,6.28,9,"[1, 1, 1, 0, 1, 1, 1, 1, 1, 1]",5.58,5.35,6.42,4.16,151829.05
ADAG,3.64,8,"[0, 1, 1, 1, 1, 1, 1, 1, 1, 0]",3.86,3.2,4.78,1.4,269302.45
DOMO,3.68,3,"[1, 0, 0, 0, 0, 0, 1, 0, 1, 0]",3.57,5.04,18.2,2.0,888919.55
PYXS,3.44,7,"[1, 1, 1, 1, 0, 0, 1, 0, 1, 1]",2.84,2.29,5.34,1.06,1397522.3
BDTX,2.04,3,"[1, 0, 0, 0, 0, 0, 0, 0, 1, 1]",1.91,2.44,4.87,1.61,602774.8
CNTN,2.28,4,"[1, 0, 0, 0, 1, 0, 0, 0, 1, 1]",2.25,3.08,5.48,1.85,596583.95
TBI,10.06,10,"[1, 1, 1, 1, 1, 1, 1, 1, 1, 1]",8.67,5.83,10.85,3.31,335120.4
THRY,1.8,1,"[0, 0, 0, 0, 0, 0, 0, 0, 1, 0]",3.23,3.96,13.01,1.8,947577.0
HYPR,0.81,2,"[0, 0, 0, 0, 1, 0, 0, 0, 1, 0]",1.04,1.18,2.2,0.81,553693.85
ORMP,4.85,10,"[1, 1, 1, 1, 1, 1, 1, 1, 1, 1]",4.41,3.64,5.34,2.0,230256.3
RFIL,10.06,5,"[0, 0, 0, 1, 1, 1, 1, 0, 1, 0]",14.44,12.01,21.5,5.65,194447.3
MX,3.05,4,"[0, 0, 0, 0, 1, 1, 1, 0, 1, 0]",3.79,3.59,8.93,2.27,581327.5
OWLT,4.88,1,"[0, 0, 0, 0, 0, 0, 0, 0, 1, 0]",5.56,8.33,16.52,4.44,263301.65
KZIA,12.63,8,"[0, 1, 1, 1, 1, 1, 1, 0, 1, 1]",13.45,10.44,16.9,5.0,290613.9
ONL,2.79,10,"[1, 1, 1, 1, 1, 1, 1, 1, 1, 1]",2.76,2.49,2.98,1.86,320574.15
IMDX,3.84,2,"[0, 0, 0, 0, 0, 0, 1, 0, 1, 0]",4.78,5.31,8.48,2.47,206440.4
ANTX,5.48,9,"[1, 1, 1, 1, 1, 1, 1, 1, 1, 0]",5.25,3.29,6.28,1.03,216396.1
IMUX,14.58,9,"[0, 1, 1, 1, 1, 1, 1, 1, 1, 1]",15.07,10.93,16.9,5.1,191524.4
DIBS,4.41,4,"[0, 0, 0, 0, 0, 1, 1, 0, 1, 1]",4.62,5.14,6.43,2.55,111252.85
CURV,2.18,8,"[0, 1, 1, 1, 1, 1, 1, 1, 1, 0]",2.22,1.6,2.75,0.97,190969.35
APYX,3.05,5,"[0, 0, 0, 1, 1, 1, 1, 0, 1, 0]",3.84,3.83,4.86,1.9,159768.35
RGP,4.14,5,"[0, 1, 0, 1, 0, 1, 0, 1, 1, 0]",4.32,4.26,5.21,3.42,277230.6
CHPT,5.3,1,"[0, 0, 0, 0, 0, 0, 0, 0, 1, 0]",5.86,6.51,12.34,4.51,362093.4
BOOM,6.66,6,"[1, 1, 1, 1, 0, 0, 1, 0, 1, 0]",6.64,6.65,8.97,4.73,124813.7
WATT,10.38,4,"[0, 0, 0, 0, 1, 1, 1, 0, 1, 0]",16.86,15.16,35.33,3.76,204667.95
DHX,4.47,10,"[1, 1, 1, 1, 1, 1, 1, 1, 1, 1]",4.0,2.86,4.47,1.5,286033.25
HURA,2.03,6,"[0, 1, 1, 1, 1, 0, 1, 0, 1, 0]",2.25,1.82,3.15,0.44,268666.5
BZUN,2.74,5,"[0, 1, 1, 1, 0, 0, 1, 0, 1, 0]",2.8,2.71,4.77,2.1,168087.7
IDN,2.72,1,"[0, 0, 0, 0, 0, 0, 0, 0, 1, 0]",3.68,5.39,8.99,2.72,526721.25
SPRO,1.2,2,"[0, 0, 0, 0, 0, 0, 0, 0, 1, 1]",1.54,2.24,2.98,1.15,544004.85
NNBR,3.33,8,"[0, 1, 1, 1, 1, 1, 1, 1, 1, 0]",3.48,2.21,4.11,1.14,3080358.7
CRDL,2.15,10,"[1, 1, 1, 1, 1, 1, 1, 1, 1, 1]",1.38,1.18,2.15,0.93,1552675.55
AGEN,7.99,10,"[1, 1, 1, 1, 1, 1, 1, 1, 1, 1]",5.87,4.15,8.36,2.77,1277005.15
JELD,2.17,6,"[1, 1, 1, 0, 0, 0, 1, 0, 1, 1]",1.61,1.91,6.76,0.95,1969714.9
VWAV,0.61,1,"[0, 0, 0, 0, 0, 0, 0, 0, 1, 0]",2.67,6.64,14.18,0.61,2826971.6
RDZN,1.39,4,"[1, 0, 0, 0, 0, 0, 1, 0, 1, 1]",1.33,1.53,2.41,0.83,250977.45
MBOT,1.47,1,"[0, 0, 0, 0, 0, 0, 0, 0, 1, 0]",1.73,2.05,4.5,1.47,803397.2
QMCO,24.17,10,"[1, 1, 1, 1, 1, 1, 1, 1, 1, 1]",14.89,9.44,26.11,4.31,2414231.45
MED,12.09,6,"[1, 1, 1, 0, 0, 0, 0, 1, 1, 1]",11.01,11.16,14.57,9.45,178965.5
GNLX,2.6,2,"[0, 0, 0, 1, 0, 0, 0, 0, 1, 0]",2.84,3.12,8.24,2.3,384689.45
EMPD,3.51,4,"[1, 0, 0, 0, 0, 0, 1, 0, 1, 1]",3.24,4.19,8.0,2.52,464503.75
GALT,4.17,7,"[1, 1, 1, 1, 0, 0, 1, 0, 1, 1]",3.86,3.46,6.51,2.08,328288.25
BNC,2.81,4,"[1, 0, 0, 0, 0, 0, 1, 0, 1, 1]",2.76,3.84,20.5,1.99,205944.05
SPWR,0.26,1,"[0, 0, 0, 0, 0, 0, 0, 0, 1, 0]",0.44,1.13,2.11,0.22,5114924.6
NTHI,4.73,4,"[1, 0, 0, 0, 0, 0, 1, 0, 1, 1]",4.1,6.59,12.09,3.21,297112.3
SRFM,0.67,1,"[0, 0, 0, 0, 0, 0, 0, 0, 1, 0]",0.81,1.51,5.45,0.66,2146324.15
EQ,2.2,7,"[0, 0, 1, 1, 1, 1, 1, 0, 1, 1]",2.53,1.96,3.2,0.84,477426.1
AMWL,12.07,10,"[1, 1, 1, 1, 1, 1, 1, 1, 1, 1]",11.13,7.11,13.58,3.78,118508.2
TTEC,1.34,1,"[0, 0, 0, 0, 0, 0, 0, 0, 1, 0]",1.99,2.67,3.88,1.34,607350.6
DFDV,5.16,6,"[1, 1, 1, 0, 0, 0, 1, 0, 1, 1]",3.18,4.41,18.51,2.47,1381349.65
BNAI,11.13,4,"[0, 0, 0, 0, 1, 1, 1, 0, 1, 0]",14.21,19.82,63.0,1.2,109005.75
TMCI,4.6,7,"[1, 1, 1, 1, 1, 0, 1, 0, 1, 0]",4.43,2.89,7.44,1.2,417232.65
CHGG,0.79,3,"[0, 0, 0, 1, 0, 0, 1, 0, 1, 0]",0.91,0.9,1.84,0.45,1132906.75
HSDT,2.09,5,"[1, 1, 0, 0, 0, 0, 1, 0, 1, 1]",1.78,2.33,24.13,1.27,269138.95
SAFX,0.38,4,"[0, 0, 0, 1, 0, 0, 1, 0, 1, 1]",0.42,0.4,1.45,0.14,4500513.3
AIFC,0.54,4,"[1, 0, 0, 0, 0, 0, 1, 0, 1, 1]",0.52,1.13,5.58,0.37,1007838.2
SUIG,0.93,2,"[0, 0, 0, 0, 0, 0, 0, 0, 1, 1]",1.03,1.44,6.56,0.81,581496.45
INVE,2.76,2,"[0, 0, 0, 0, 0, 0, 0, 0, 1, 1]",2.76,3.45,5.29,2.5,272830.5
GCTS,1.74,6,"[0, 0, 1, 1, 1, 1, 1, 0, 1, 0]",2.19,1.71,3.73,0.99,2399782.75
FFAI,2.11,7,"[0, 1, 1, 1, 1, 1, 1, 0, 1, 0]",3.4,1.34,16.8,0.12,1002504.25
PEPG,3.12,5,"[1, 1, 0, 0, 0, 0, 1, 0, 1, 1]",2.35,3.69,7.17,1.19,1083023.8
BLNK,0.51,1,"[0, 0, 0, 0, 0, 0, 0, 0, 1, 0]",0.57,0.74,2.5,0.47,1209859.3
GUTS,0.71,5,"[0, 1, 0, 1, 0, 0, 1, 0, 1, 1]",0.75,0.98,2.37,0.39,1498625.8
INO,1.33,5,"[1, 1, 0, 0, 0, 0, 1, 0, 1, 1]",1.06,1.44,2.87,0.66,4727708.7
RANI,0.86,4,"[1, 0, 0, 0, 0, 0, 1, 0, 1, 1]",0.78,1.1,2.85,0.46,740255.7
CMTL,1.57,1,"[0, 0, 0, 0, 0, 0, 0, 0, 1, 0]",1.81,3.73,5.98,1.57,333543.4
TUSK,3.1,10,"[1, 1, 1, 1, 1, 1, 1, 1, 1, 1]",2.98,2.57,3.84,1.73,225967.75
STIM,2.84,10,"[1, 1, 1, 1, 1, 1, 1, 1, 1, 1]",2.14,1.68,3.69,1.18,2996818.3
CUE,28.44,9,"[0, 1, 1, 1, 1, 1, 1, 1, 1, 1]",29.2,18.68,36.78,5.31,195044.5
ARQ,2.05,1,"[0, 0, 0, 0, 0, 0, 0, 0, 1, 0]",2.19,2.8,7.4,1.64,258542.5
HCAT,1.71,4,"[0, 1, 0, 1, 0, 0, 1, 0, 1, 0]",1.97,1.87,3.46,1.0,953873.95
BMEA,1.8,8,"[1, 1, 1, 0, 1, 1, 1, 0, 1, 1]",1.35,1.36,2.67,0.96,1582374.2
CBUS,1.56,4,"[0, 0, 0, 0, 1, 1, 1, 0, 1, 0]",1.74,1.87,4.05,1.16,142144.1
GEOS,5.19,1,"[0, 0, 0, 0, 0, 0, 0, 0, 1, 0]",6.45,11.1,28.41,5.14,166396.75
HOVR,1.6,3,"[0, 0, 0, 0, 1, 0, 1, 0, 1, 0]",1.84,1.91,3.91,1.2,947348.35
CGTX,1.01,3,"[0, 0, 0, 0, 0, 0, 1, 0, 1, 1]",1.04,1.2,2.61,0.6,554264.6
FLL,2.07,1,"[0, 0, 0, 0, 0, 0, 0, 0, 1, 0]",2.4,2.51,3.58,1.97,132983.8
CYPH,1.71,8,"[1, 1, 1, 1, 0, 1, 1, 0, 1, 1]",0.85,0.97,2.97,0.28,7461490.95
CRGO,1.26,2,"[0, 0, 0, 0, 0, 0, 0, 0, 1, 1]",1.32,1.93,4.1,1.15,411915.15
DTI,2.59,6,"[1, 0, 0, 0, 1, 1, 1, 0, 1, 1]",2.31,2.97,4.49,1.89,228483.25
BTCS,1.26,3,"[1, 0, 0, 0, 0, 0, 0, 0, 1, 1]",1.13,1.87,5.96,0.98,2406904.5
ZVIA,1.38,2,"[0, 0, 0, 1, 0, 0, 0, 0, 1, 0]",1.54,1.66,2.73,1.13,435167.7
ALDX,1.49,1,"[0, 0, 0, 0, 0, 0, 0, 0, 1, 0]",1.74,3.09,5.83,1.24,761230.3
EXFY,2.49,9,"[1, 1, 1, 1, 0, 1, 1, 1, 1, 1]",2.01,1.42,2.72,0.75,1262827.15
ONCY,0.84,2,"[0, 0, 0, 0, 0, 0, 0, 0, 1, 1]",0.85,0.94,1.42,0.75,615563.35
TEAD,0.48,2,"[0, 0, 0, 0, 1, 0, 0, 0, 1, 0]",0.75,0.8,1.75,0.47,234117.4
NRXP,3.44,8,"[0, 1, 1, 1, 1, 1, 1, 0, 1, 1]",3.7,2.83,4.62,1.68,1157104.3
OCCI,2.55,3,"[1, 0, 0, 0, 0, 0, 0, 0, 1, 1]",2.47,3.14,4.81,2.23,223956.05
ARBE,0.64,1,"[0, 0, 0, 0, 0, 0, 0, 0, 1, 0]",0.73,0.96,2.69,0.56,869686.85
TLYS,3.96,7,"[0, 1, 1, 1, 1, 1, 1, 0, 1, 0]",4.02,3.15,5.45,1.18,125120.65
UPXI,1.04,5,"[1, 1, 0, 0, 0, 0, 1, 0, 1, 1]",0.86,1.36,7.7,0.56,3090592.15
LGO,0.69,3,"[1, 0, 0, 0, 0, 0, 0, 0, 1, 1]",0.68,1.05,2.52,0.58,689093.85
BAER,1.09,1,"[0, 0, 0, 0, 0, 0, 0, 0, 1, 0]",1.63,2.0,3.27,1.09,1657597.65
SEV,2.32,5,"[1, 1, 0, 0, 0, 0, 1, 0, 1, 1]",2.07,2.99,10.84,1.41,321377.5
FRMM,5.28,5,"[0, 1, 0, 1, 0, 0, 1, 0, 1, 1]",5.79,5.38,26.7,1.79,176852.4
ATYR,0.48,1,"[0, 0, 0, 0, 0, 0, 0, 0, 1, 0]",0.53,0.7,6.03,0.4,619003.95
OCC,13.13,7,"[0, 1, 1, 1, 1, 1, 1, 0, 1, 0]",15.85,10.6,26.92,4.16,221485.2
QTTB,14.36,7,"[0, 1, 1, 1, 1, 1, 1, 0, 1, 0]",14.92,7.82,21.38,1.66,421788.0
STEX,0.71,1,"[0, 0, 0, 0, 0, 0, 0, 0, 1, 0]",0.82,1.94,7.0,0.69,923829.8
LIDR,1.47,4,"[1, 0, 0, 0, 0, 0, 1, 0, 1, 1]",1.27,1.79,3.35,1.02,7260806.25
MXCT,1.24,7,"[1, 1, 1, 1, 0, 0, 1, 0, 1, 1]",1.23,1.13,1.83,0.68,837852.05
AVD,2.29,1,"[0, 0, 0, 0, 0, 0, 0, 0, 1, 0]",2.5,3.41,5.81,2.06,334701.45
NAMM,1.37,4,"[0, 0, 0, 0, 1, 0, 1, 0, 1, 1]",1.52,1.95,6.4,0.92,557156.5
SPAI,4.6,6,"[1, 1, 1, 0, 0, 0, 1, 0, 1, 1]",4.37,4.59,8.95,3.23,551958.0
BTMD,1.67,1,"[0, 0, 0, 0, 0, 0, 0, 0, 1, 0]",1.96,2.12,3.49,1.3,360498.6
GRWG,1.61,8,"[1, 1, 1, 1, 0, 1, 1, 0, 1, 1]",1.53,1.43,2.2,1.04,539438.1
DTCX,2.08,3,"[1, 0, 0, 0, 0, 0, 0, 0, 1, 1]",2.04,2.47,5.98,1.63,267051.95
PN,2.6,1,"[0, 0, 0, 0, 0, 0, 0, 0, 1, 0]",5.12,8.57,23.67,2.21,981596.2
TCRX,0.67,1,"[0, 0, 0, 0, 0, 0, 0, 0, 1, 0]",0.86,1.01,2.52,0.67,309683.75
DOMH,2.23,1,"[0, 0, 0, 0, 0, 0, 0, 0, 1, 0]",2.73,3.16,6.22,2.23,207400.3
STEM,5.49,1,"[0, 0, 0, 0, 0, 0, 0, 0, 1, 0]",6.24,11.07,29.79,4.95,120248.65
ZTEK,0.49,2,"[0, 0, 0, 0, 0, 0, 1, 0, 1, 0]",0.54,0.62,1.06,0.37,223268.1
JFB,4.84,4,"[1, 0, 0, 0, 0, 0, 1, 0, 1, 1]",4.39,7.18,16.78,2.54,502160.5
ANVS,1.69,1,"[0, 0, 0, 0, 0, 0, 0, 0, 1, 0]",1.8,2.48,5.1,1.59,564252.35
ZSQR,2.91,1,"[0, 0, 0, 0, 0, 0, 0, 0, 1, 0]",6.11,11.39,18.8,2.91,340636.4
ACRV,2.07,7,"[1, 1, 1, 1, 0, 0, 1, 0, 1, 1]",1.83,1.86,3.01,1.29,379400.8
AFCG,3.49,10,"[1, 1, 1, 1, 1, 1, 1, 1, 1, 1]",3.02,2.82,4.48,2.02,114675.65
PMVP,1.29,6,"[1, 1, 1, 0, 1, 0, 0, 0, 1, 1]",1.24,1.27,1.8,1.02,571084.95
MDAI,1.55,2,"[0, 0, 0, 0, 1, 0, 0, 0, 1, 0]",1.66,1.69,2.68,1.2,175979.35
CPSH,3.67,3,"[0, 0, 0, 0, 1, 1, 0, 0, 1, 0]",4.52,4.66,11.59,3.04,249968.75
OMEX,0.83,4,"[1, 0, 0, 0, 0, 0, 1, 0, 1, 1]",0.79,1.35,4.12,0.6,375429.8
FTCI,2.3,1,"[0, 0, 0, 0, 0, 0, 0, 0, 1, 0]",3.51,6.38,12.5,1.99,271886.5
PDSB,0.2,1,"[0, 0, 0, 0, 0, 0, 0, 0, 1, 0]",0.6,0.82,1.43,0.2,3059306.8
FLD,0.46,2,"[0, 0, 0, 0, 0, 0, 0, 0, 1, 1]",0.47,1.45,4.53,0.38,450625.85
RRGB,8.46,10,"[1, 1, 1, 1, 1, 1, 1, 1, 1, 1]",7.95,4.96,10.59,2.59,458834.8
XTIA,1.15,2,"[0, 0, 0, 0, 1, 0, 0, 0, 1, 0]",1.51,1.76,3.06,1.15,729856.55
KLXE,1.55,2,"[0, 0, 0, 0, 1, 0, 0, 0, 1, 0]",2.07,2.41,4.27,1.48,699021.8
FEAM,1.5,4,"[1, 0, 0, 0, 0, 0, 1, 0, 1, 1]",1.41,2.19,7.03,1.05,1225949.45
CING,5.11,6,"[1, 0, 0, 0, 1, 1, 1, 0, 1, 1]",5.03,5.25,11.66,3.33,152826.2
IMMP,0.37,1,"[0, 0, 0, 0, 0, 0, 0, 0, 1, 0]",0.4,1.31,3.18,0.31,117894.3
IBIO,1.26,4,"[0, 0, 0, 0, 1, 1, 1, 0, 1, 0]",1.47,1.84,3.07,0.79,716098.25
ENTX,2.9,8,"[1, 1, 1, 1, 0, 1, 1, 0, 1, 1]",2.46,1.74,3.92,1.0,366222.25
EHTH,0.94,1,"[0, 0, 0, 0, 0, 0, 0, 0, 1, 0]",1.4,2.21,5.65,0.94,299179.1
HYFT,1.3,2,"[0, 0, 0, 1, 0, 0, 0, 0, 1, 0]",1.42,1.53,2.78,1.02,126730.4
BLNE,1.05,3,"[1, 0, 0, 0, 0, 0, 0, 0, 1, 1]",1.04,1.89,4.35,0.88,416164.3
PSIG,1.88,4,"[0, 0, 0, 0, 1, 0, 1, 0, 1, 1]",2.22,4.98,11.85,1.08,497991.55
SPWH,1.2,3,"[1, 0, 0, 0, 0, 0, 0, 0, 1, 1]",1.2,1.39,3.38,1.12,431022.75
ONMD,0.57,1,"[0, 0, 0, 0, 0, 0, 0, 0, 1, 0]",0.67,0.89,3.14,0.5,485222.5
GRML,4.65,3,"[0, 0, 0, 0, 0, 0, 1, 0, 1, 1]",,,9.71,0.17,6637798.9
AMPG,3.24,5,"[0, 0, 0, 1, 1, 1, 1, 0, 1, 0]",5.55,3.86,9.7,1.76,2580828.05
CHRN,17.66,7,"[0, 1, 1, 1, 1, 1, 1, 0, 1, 0]",21.92,13.31,29.63,3.83,172184.95
IPWR,4.74,8,"[1, 1, 1, 1, 1, 0, 1, 0, 1, 1]",4.56,4.24,8.99,2.68,219385.95
ZEO,0.21,1,"[0, 0, 0, 0, 0, 0, 0, 0, 1, 0]",0.55,0.87,1.99,0.21,1199981.4
STKE,1.17,4,"[1, 0, 0, 0, 0, 0, 1, 0, 1, 1]",1.17,1.53,9.13,0.89,193137.35
ILLR,0.98,2,"[0, 0, 0, 0, 0, 0, 1, 0, 1, 0]",1.53,2.37,14.8,0.26,491377.1
VIVO,3.81,8,"[0, 1, 1, 1, 1, 1, 1, 0, 1, 1]",4.39,3.31,6.6,1.21,451754.75
BWEN,4.16,9,"[0, 1, 1, 1, 1, 1, 1, 1, 1, 1]",4.63,3.35,5.44,1.97,670430.1
COCH,0.7,6,"[0, 1, 1, 1, 0, 0, 1, 0, 1, 1]",0.71,0.7,1.59,0.39,103955.85
BIRD,2.35,2,"[0, 0, 0, 0, 0, 0, 0, 0, 1, 1]",2.64,3.53,14.86,1.93,690219.85
BEAT,0.45,1,"[0, 0, 0, 0, 0, 0, 0, 0, 1, 0]",0.57,1.18,3.44,0.45,444404.2
RDAC,6.45,5,"[1, 1, 0, 0, 0, 0, 1, 0, 1, 1]",5.93,7.23,20.51,4.56,2123483.05
FTEK,1.36,2,"[0, 0, 0, 1, 0, 0, 0, 0, 1, 0]",1.59,1.5,3.63,1.19,148939.45
PPSI,2.86,1,"[0, 0, 0, 0, 0, 0, 0, 0, 1, 0]",3.23,3.79,6.08,2.37,108237.3
TELA,0.79,3,"[1, 0, 0, 0, 0, 0, 1, 0, 1, 0]",0.74,0.87,1.74,0.56,289397.35
GAME,3.03,4,"[0, 0, 0, 0, 0, 0, 1, 1, 1, 1]",,,3.65,0.25,1458739.9
ARAY,0.25,1,"[0, 0, 0, 0, 0, 0, 0, 0, 1, 0]",0.27,0.53,1.85,0.23,738699.85
FGNX,7.99,5,"[1, 1, 0, 0, 0, 0, 1, 0, 1, 1]",6.48,8.95,60.7,4.23,113849.55
HYPD,3.09,4,"[1, 0, 0, 0, 0, 0, 1, 0, 1, 1]",2.94,3.45,14.98,2.34,494538.55
ASTI,2.81,4,"[0, 0, 0, 0, 1, 1, 1, 0, 1, 0]",3.63,4.54,9.02,1.43,289807.3
DARE,0.77,1,"[0, 0, 0, 0, 0, 0, 0, 0, 1, 0]",1.44,1.83,3.27,0.74,1174438.6
ALGS,6.09,4,"[1, 0, 0, 0, 0, 0, 1, 0, 1, 1]",5.86,7.15,13.3,4.08,140865.5
BEEM,1.39,4,"[1, 0, 0, 0, 0, 0, 1, 0, 1, 1]",1.2,1.51,3.88,0.98,2446064.7
SST,2.84,5,"[1, 1, 0, 0, 0, 0, 1, 0, 1, 1]",2.12,3.12,8.92,1.37,817766.0
WKHS,3.56,5,"[1, 1, 0, 0, 0, 0, 1, 0, 1, 1]",2.98,4.17,15.6,2.34,128963.8
INMB,2.24,9,"[1, 1, 1, 1, 0, 1, 1, 1, 1, 1]",1.93,1.59,2.44,1.12,383613.9
JZ,1.16,1,"[0, 0, 0, 0, 0, 0, 0, 0, 1, 0]",2.75,22.18,93.0,1.16,2599050.95
PSQH,5.0,4,"[1, 0, 0, 0, 0, 0, 1, 0, 1, 1]",4.88,10.7,42.45,3.01,490277.05
RPGL,1.52,1,"[0, 0, 0, 0, 0, 0, 0, 0, 1, 0]",1.94,156.36,3984.0,1.52,522512.8
GRCE,2.1,1,"[0, 0, 0, 0, 0, 0, 0, 0, 1, 0]",2.26,3.09,5.13,2.07,148395.35
TRAW,0.59,3,"[0, 0, 0, 0, 0, 0, 1, 0, 1, 1]",0.62,1.46,3.13,0.44,101290.8
BOLD,2.89,10,"[1, 1, 1, 1, 1, 1, 1, 1, 1, 1]",2.65,1.61,3.0,1.05,223191.35
ARAI,0.24,1,"[0, 0, 0, 0, 0, 0, 0, 0, 1, 0]",0.31,1.34,6.3,0.22,473450.2
AGPU,9.45,8,"[1, 1, 1, 1, 0, 1, 1, 0, 1, 1]",8.27,5.71,18.0,1.41,398225.7
MNTS,4.07,1,"[0, 0, 0, 0, 0, 0, 0, 0, 1, 0]",5.25,7.3,30.54,3.23,1138790.05
BZFD,1.1,6,"[0, 1, 1, 1, 1, 0, 1, 0, 1, 0]",1.26,1.04,2.09,0.57,474697.9
SKYE,1.8,3,"[0, 0, 0, 0, 0, 0, 1, 0, 1, 1]",,,4.75,0.28,1176624.85
QCLS,2.09,1,"[0, 0, 0, 0, 0, 0, 0, 0, 1, 0]",3.14,3.84,6.92,2.09,140018.85
LASE,1.41,6,"[1, 1, 0, 1, 0, 0, 1, 0, 1, 1]",1.31,1.58,4.78,0.6,1688378.9
QNTM,3.04,3,"[0, 0, 0, 0, 0, 0, 1, 0, 1, 1]",3.3,4.97,19.99,2.1,308828.25
DBGI,4.89,5,"[0, 1, 0, 1, 0, 1, 1, 0, 1, 0]",8.83,6.01,21.63,0.29,253659.9
AIFF,1.07,3,"[0, 0, 0, 0, 1, 0, 1, 0, 1, 0]",1.15,1.41,3.05,0.64,123265.3
VEEA,1.71,7,"[1, 1, 1, 0, 0, 0, 1, 1, 1, 1]",0.25,0.48,1.8,0.1,3412693.0
SPPL,2.01,2,"[0, 0, 0, 1, 0, 0, 0, 0, 1, 0]",3.03,3.13,6.62,1.8,136130.8
OTLK,0.62,3,"[0, 0, 0, 1, 0, 0, 1, 0, 1, 0]",1.16,0.88,2.47,0.2,22549185.9
FEMY,3.26,4,"[1, 0, 0, 0, 0, 0, 1, 0, 1, 1]",3.22,8.96,20.8,2.16,2152496.1
JSPR,0.7,4,"[1, 0, 0, 0, 0, 0, 1, 0, 1, 1]",0.66,1.1,2.76,0.34,742621.45
DFLI,1.03,1,"[0, 0, 0, 0, 0, 0, 0, 0, 1, 0]",1.46,2.92,19.7,1.03,351435.8
VTGN,0.24,1,"[0, 0, 0, 0, 0, 0, 0, 0, 1, 0]",0.3,0.98,4.9,0.23,7188080.1
SDST,0.35,1,"[0, 0, 0, 0, 0, 0, 0, 0, 1, 0]",1.15,2.58,7.09,0.35,360245.5
LTRN,2.02,3,"[0, 0, 0, 1, 0, 0, 1, 0, 1, 0]",2.96,2.95,4.62,1.12,117586.7
GWH,0.34,1,"[0, 0, 0, 0, 0, 0, 0, 0, 1, 0]",0.71,1.33,9.05,0.34,1171204.6
MOBX,1.21,1,"[0, 0, 0, 0, 0, 0, 0, 0, 1, 0]",1.71,2.94,12.1,1.09,1647287.55
GRDX,3.58,7,"[0, 1, 1, 1, 1, 0, 1, 0, 1, 1]",3.73,3.35,6.8,2.01,142562.85
AUID,0.45,1,"[0, 0, 0, 0, 0, 0, 0, 0, 1, 0]",0.79,1.19,4.27,0.4,635742.45
SNAL,2.75,3,"[0, 0, 0, 1, 0, 0, 1, 0, 1, 0]",3.84,3.77,8.5,1.88,155400.15
KTTA,0.56,4,"[1, 0, 0, 0, 0, 0, 1, 0, 1, 1]",0.5,0.74,1.47,0.29,209513.45
LGVN,6.75,4,"[0, 0, 0, 0, 0, 0, 1, 1, 1, 1]",,,6.9,0.48,601261.05
SAGT,0.64,1,"[0, 0, 0, 0, 0, 0, 0, 0, 1, 0]",0.86,1.58,2.68,0.62,1460888.25
OSRH,0.34,2,"[0, 0, 0, 0, 0, 0, 1, 0, 1, 0]",0.36,0.5,0.82,0.12,30045244.85
OFAL,0.63,6,"[1, 1, 1, 1, 0, 0, 1, 0, 1, 0]",0.56,0.54,1.63,0.1,14702230.5
ENGS,2.66,7,"[0, 1, 1, 1, 1, 0, 1, 0, 1, 1]",2.71,1.54,12.22,0.64,1108280.4
NIXX,0.6,3,"[0, 0, 0, 1, 0, 0, 0, 0, 1, 1]",0.95,0.85,1.89,0.49,710055.95
AIIO,2.05,3,"[0, 0, 0, 1, 0, 0, 1, 0, 1, 0]",3.29,4.27,52.4,0.59,519292.5
SCNX,0.37,2,"[0, 0, 0, 0, 0, 0, 1, 0, 1, 0]",0.39,0.44,2.6,0.24,3509016.65
GFAI,0.39,3,"[1, 0, 0, 0, 0, 0, 0, 0, 1, 1]",0.37,0.52,1.29,0.31,264742.75
NWGL,1.18,6,"[1, 1, 1, 0, 0, 0, 1, 0, 1, 1]",0.37,0.88,1.75,0.22,1326942.5
SKYQ,2.83,3,"[0, 0, 0, 0, 1, 0, 1, 0, 1, 0]",3.37,3.46,12.59,1.14,1207418.95
TURB,1.17,3,"[0, 0, 0, 0, 1, 0, 1, 0, 1, 0]",1.4,1.49,12.4,0.61,197451.0
AKAN,3.7,2,"[0, 0, 0, 0, 0, 0, 1, 0, 1, 0]",8.03,11.64,107.43,2.68,1494136.0
MDCX,0.25,1,"[0, 0, 0, 0, 0, 0, 0, 0, 1, 0]",0.35,0.82,2.8,0.25,1382616.35
BFRI,1.53,10,"[1, 1, 1, 1, 1, 1, 1, 1, 1, 1]",1.21,0.97,1.59,0.57,583342.3
MBRX,0.65,3,"[0, 0, 0, 0, 0, 0, 1, 0, 1, 1]",1.57,3.24,13.25,0.38,1054798.45
SKK,4.53,7,"[0, 1, 1, 1, 1, 1, 1, 0, 1, 0]",4.77,3.62,12.19,1.66,413246.85
PHIO,1.1,3,"[1, 0, 0, 0, 0, 0, 0, 0, 1, 1]",1.06,1.13,2.48,0.86,190304.2
BFRG,0.49,1,"[0, 0, 0, 0, 0, 0, 0, 0, 1, 0]",0.62,0.74,1.68,0.46,116223.25
APRE,0.84,6,"[1, 1, 1, 0, 0, 0, 1, 0, 1, 1]",0.71,0.83,1.65,0.59,518457.7
STFS,4.53,5,"[0, 0, 0, 1, 1, 0, 1, 0, 1, 1]",7.89,6.07,18.29,3.04,559724.3
ATER,0.45,3,"[0, 0, 0, 0, 1, 0, 0, 0, 1, 1]",0.79,0.8,1.39,0.36,231346.05
GTBP,0.29,1,"[0, 0, 0, 0, 0, 0, 0, 0, 1, 0]",0.36,0.49,1.08,0.27,407713.95
LHSW,2.88,4,"[1, 0, 0, 0, 0, 0, 1, 0, 1, 1]",2.76,6.6,45.92,1.47,174492.55
BIVI,2.24,9,"[1, 1, 1, 1, 1, 0, 1, 1, 1, 1]",1.72,1.48,2.28,0.96,14090207.35
YYGH,1.47,4,"[1, 0, 0, 0, 0, 0, 1, 0, 1, 1]",1.33,140.32,3045.0,1.06,6941021.55
DTSS,0.64,1,"[0, 0, 0, 0, 0, 0, 0, 0, 1, 0]",0.77,0.93,2.3,0.64,463469.85
GDC,1.5,1,"[0, 0, 0, 0, 0, 0, 0, 0, 1, 0]",1.95,587.01,2432.5,1.46,1786833.9
TDIC,2.48,2,"[0, 0, 0, 0, 0, 0, 0, 0, 1, 1]",3.44,21.64,908.75,2.37,204625.65
BIAF,6.59,3,"[0, 0, 0, 0, 0, 0, 1, 0, 1, 1]",,,10.5,0.38,11367215.7
CODX,1.19,1,"[0, 0, 0, 0, 0, 0, 0, 0, 1, 0]",2.03,3.83,37.8,1.1,371004.75
ELPW,3.27,4,"[1, 0, 0, 0, 0, 0, 1, 0, 1, 1]",2.56,64.91,1115.2,0.1,23397992.5
FBGL,0.4,1,"[0, 0, 0, 0, 0, 0, 0, 0, 1, 0]",0.5,0.67,1.38,0.38,268228.85
GLE,0.5,7,"[1, 1, 1, 1, 0, 0, 1, 0, 1, 1]",0.41,0.41,1.08,0.26,7948788.95
AIXI,0.48,1,"[0, 0, 0, 0, 0, 0, 0, 0, 1, 0]",1.3,7.76,39.0,0.46,16082226.95
FMFC,0.23,1,"[0, 0, 0, 0, 0, 0, 0, 0, 1, 0]",0.26,0.37,15.48,0.22,2198367.3
RMSG,0.34,1,"[0, 0, 0, 0, 0, 0, 0, 0, 1, 0]",0.4,1.0,3.2,0.34,837873.55
MGRX,0.39,3,"[0, 0, 0, 1, 0, 0, 1, 0, 1, 0]",0.44,0.55,2.74,0.16,9436597.2
POLA,1.4,1,"[0, 0, 0, 0, 0, 0, 0, 0, 1, 0]",1.65,1.81,5.27,1.35,588062.2
ANY,2.25,5,"[1, 1, 0, 1, 0, 0, 1, 0, 1, 0]",2.25,2.53,10.5,1.09,423123.7
SMTK,2.82,1,"[0, 0, 0, 0, 0, 0, 0, 0, 1, 0]",8.78,27.23,141.5,2.82,553213.45
ONFO,1.26,9,"[1, 1, 1, 1, 1, 1, 1, 0, 1, 1]",1.25,0.86,6.6,0.04,19194971.25
FABC,2.45,2,"[0, 0, 0, 0, 0, 0, 1, 0, 1, 0]",2.82,3.04,6.31,1.78,243205.75
SILO,2.44,1,"[0, 0, 0, 0, 0, 0, 0, 0, 1, 0]",4.43,5.5,12.23,2.44,153638.4
OLB,0.29,1,"[0, 0, 0, 0, 0, 0, 0, 0, 1, 0]",0.33,0.56,1.5,0.27,469306.3
AEHL,5.0,7,"[1, 1, 1, 1, 0, 0, 1, 0, 1, 1]",3.17,4.72,25.98,0.3,3040956.8
SNYR,0.11,1,"[0, 0, 0, 0, 0, 0, 0, 0, 1, 0]",0.16,0.94,2.7,0.1,14385323.75
BTQ,2.99,3,"[0, 0, 0, 1, 0, 0, 1, 0, 1, 0]",3.93,4.09,14.14,2.15,1878234.95
WXM,4.36,4,"[1, 0, 0, 0, 0, 0, 1, 0, 1, 1]",4.03,4.73,39.0,2.75,2238118.5
ENVB,1.37,1,"[0, 0, 0, 0, 0, 0, 0, 0, 1, 0]",1.42,2.82,13.08,1.27,142189.5
SUNE,2.38,8,"[0, 1, 1, 1, 1, 1, 1, 0, 1, 1]",2.45,1.73,5.88,0.78,121957.7
ALP,0.17,1,"[0, 0, 0, 0, 0, 0, 0, 0, 1, 0]",0.21,0.58,10.91,0.15,8901179.75
GP,0.95,3,"[0, 0, 0, 1, 1, 0, 0, 0, 1, 0]",1.49,1.16,3.96,0.76,383899.0
GSUN,0.27,2,"[0, 0, 0, 0, 0, 0, 1, 0, 1, 0]",0.36,0.75,3.04,0.19,5189070.25
WNW,2.44,1,"[0, 0, 0, 0, 0, 0, 0, 0, 1, 0]",2.97,66.29,280.4,2.41,1548154.6
GOVX,0.61,1,"[0, 0, 0, 0, 0, 0, 0, 0, 1, 0]",0.89,2.75,18.67,0.6,1233591.15
JTAI,1.45,4,"[0, 1, 0, 1, 0, 0, 1, 0, 1, 0]",1.52,6.26,69.78,0.46,135071.65
NCI,12.99,5,"[1, 0, 0, 0, 1, 0, 1, 0, 1, 1]",12.03,16.69,96.0,3.95,880291.35
SOBR,0.45,1,"[0, 0, 0, 0, 0, 0, 0, 0, 1, 0]",0.67,1.09,3.87,0.43,303818.2
BYAH,2.78,1,"[0, 0, 0, 0, 0, 0, 0, 0, 1, 0]",4.45,28.66,220.0,2.59,954420.3
MNDR,1.53,1,"[0, 0, 0, 0, 0, 0, 0, 0, 1, 0]",2.4,5.55,30.0,1.45,317556.3
NCRA,2.31,4,"[1, 0, 0, 0, 0, 0, 1, 0, 1, 1]",2.04,11.57,59.1,1.35,4072226.6
CNEY,0.56,2,"[0, 0, 0, 0, 0, 0, 1, 0, 1, 0]",0.6,0.8,2.63,0.37,100517.3
SHPH,3.61,2,"[1, 0, 0, 0, 0, 0, 0, 0, 1, 0]",3.59,9.82,47.6,2.78,146155.15
VIVK,0.78,1,"[0, 0, 0, 0, 0, 0, 0, 0, 1, 0]",3.24,81.65,3094.78,0.78,3167907.0
UCAR,0.6,2,"[0, 0, 0, 0, 0, 0, 1, 0, 1, 0]",0.96,7.25,21.9,0.38,665575.95
IVDA,0.27,1,"[0, 0, 0, 0, 0, 0, 0, 0, 1, 0]",0.31,0.49,2.03,0.22,14859460.2
MASK,1.37,1,"[0, 0, 0, 0, 0, 0, 0, 0, 1, 0]",1.65,4.09,17.45,1.24,247431.35
AEMD,1.84,3,"[1, 0, 0, 0, 0, 0, 1, 0, 1, 0]",1.79,2.35,16.4,0.53,3182467.35
VRAX,2.6,1,"[0, 0, 0, 0, 0, 0, 0, 0, 1, 0]",3.24,5.73,17.2,2.6,983137.8
SGLY,1.38,1,"[0, 0, 0, 0, 0, 0, 0, 0, 1, 0]",4.18,6.17,19.46,1.36,3435170.15
ORKT,1.05,6,"[1, 0, 1, 0, 1, 0, 1, 0, 1, 1]",1.04,1.04,2.76,0.67,180653.5
VBIO,3.07,7,"[1, 1, 1, 0, 0, 0, 1, 1, 1, 1]",0.46,0.99,3.57,0.12,26892535.6
MGN,0.12,4,"[1, 0, 0, 0, 0, 0, 1, 0, 1, 1]",0.12,1.07,4.85,0.07,55052732.75
BIYA,2.2,1,"[0, 0, 0, 0, 0, 0, 0, 0, 1, 0]",3.41,22.39,168.5,1.93,228010.0
HCWB,3.45,3,"[0, 0, 0, 0, 0, 0, 1, 0, 1, 1]",3.75,6.02,33.54,1.61,182794.45
JDZG,2.83,1,"[0, 0, 0, 0, 0, 0, 0, 0, 1, 0]",29.67,127.67,952.5,2.81,422621.1
SDOT,13.3,2,"[0, 0, 0, 0, 0, 0, 1, 0, 1, 0]",19.0,33.82,216.0,2.73,2826998.0
BTX,8.91,10,"[1, 1, 1, 1, 1, 1, 1, 1, 1, 1]",8.56,7.35,9.31,5.83,452268.35
