ticker,price,score,points,sma50,sma200,wk52_high,wk52_low,volume
INN,6.38,9,"[1, 1, 1, 1, 0, 1, 1, 1, 1, 1]",5.28,4.93,6.38,3.97,1937690.05
PKE,33.97,10,"[1, 1, 1, 1, 1, 1, 1, 1, 1, 1]",33.43,24.89,36.41,13.25,309815.25
STRO,30.2,7,"[0, 1, 1, 1, 1, 1, 1, 0, 1, 0]",31.62,17.75,40.91,6.8,329072.05
TLRY,5.01,2,"[0, 0, 0, 0, 0, 0, 1, 0, 1, 0]",5.92,9.27,21.0,3.6,3475658.3
SHBI,22.32,10,"[1, 1, 1, 1, 1, 1, 1, 1, 1, 1]",19.86,17.96,22.81,14.0,197165.0
EVC,9.22,10,"[1, 1, 1, 1, 1, 1, 1, 1, 1, 1]",6.47,3.65,9.98,1.92,2667667.95
ZVRA,12.55,9,"[1, 1, 1, 1, 0, 1, 1, 1, 1, 1]",10.77,9.54,13.66,7.23,2281090.55
CARS,9.74,1,"[0, 0, 0, 0, 0, 0, 0, 0, 1, 0]",10.21,10.97,13.79,7.58,820413.1
CLYM,11.49,10,"[1, 1, 1, 1, 1, 1, 1, 1, 1, 1]",10.08,5.37,12.22,1.18,1159487.7
CWBC,25.36,10,"[1, 1, 1, 1, 1, 1, 1, 1, 1, 1]",23.99,22.64,25.75,17.63,331181.15
RMR,20.48,10,"[1, 1, 1, 1, 1, 1, 1, 1, 1, 1]",18.62,15.92,21.37,13.34,139954.85
SPIR,18.44,7,"[0, 1, 1, 1, 1, 1, 1, 0, 1, 0]",18.97,12.43,25.48,7.02,1562896.95
SWBI,14.35,8,"[0, 1, 1, 1, 1, 1, 1, 1, 1, 0]",14.95,11.61,15.57,7.47,563282.75
ARVN,7.49,3,"[0, 0, 0, 0, 1, 1, 0, 0, 1, 0]",9.53,10.67,13.83,6.24,804940.25
AVR,9.42,10,"[1, 1, 1, 1, 1, 1, 1, 1, 1, 1]",7.26,5.63,9.65,2.9,1370902.15
NKLR,5.11,4,"[0, 0, 0, 1, 1, 0, 1, 0, 1, 0]",5.87,5.11,18.26,3.91,314774.95
VTEX,3.6,3,"[0, 0, 0, 1, 0, 0, 0, 0, 1, 1]",3.81,3.86,6.76,2.87,1444681.35
MRAM,27.85,8,"[1, 1, 1, 1, 1, 1, 1, 0, 1, 0]",22.63,13.01,44.01,5.93,3717401.85
CABA,3.01,7,"[0, 1, 1, 1, 1, 1, 1, 0, 1, 0]",3.37,2.73,4.15,1.33,3307639.0
KE,25.63,5,"[0, 0, 0, 0, 0, 1, 1, 1, 1, 1]",25.85,27.49,33.13,18.26,167024.25
CNNE,14.15,5,"[1, 1, 0, 0, 0, 0, 1, 0, 1, 1]",13.59,15.01,21.26,10.64,404674.3
PSNL,9.79,9,"[1, 1, 1, 0, 1, 1, 1, 1, 1, 1]",7.54,7.98,12.1,4.41,3088484.0
CCSI,34.66,9,"[1, 1, 1, 1, 0, 1, 1, 1, 1, 1]",29.11,26.46,35.51,19.66,168359.05
ANGX,3.21,5,"[1, 0, 0, 0, 1, 0, 1, 0, 1, 1]",2.75,3.21,16.0,2.18,1141654.45
NPCE,15.37,8,"[0, 0, 1, 1, 1, 1, 1, 1, 1, 1]",16.21,14.19,19.29,8.25,143916.4
RGR,38.41,7,"[0, 1, 1, 1, 0, 1, 1, 1, 1, 0]",40.38,38.2,46.84,28.67,112446.9
TDUP,5.21,4,"[1, 0, 0, 0, 0, 0, 1, 0, 1, 1]",4.41,6.34,12.08,3.11,1836328.85
SXC,9.21,9,"[1, 1, 1, 1, 0, 1, 1, 1, 1, 1]",7.58,7.19,9.6,5.58,1601848.25
DNUT,3.99,9,"[1, 1, 1, 0, 1, 1, 1, 1, 1, 1]",3.57,3.63,4.7,2.57,2755140.6
BCAL,19.51,10,"[1, 1, 1, 1, 1, 1, 1, 1, 1, 1]",18.85,18.21,19.91,14.06,159522.9
PHR,9.15,2,"[0, 0, 0, 0, 0, 0, 0, 0, 1, 1]",9.27,16.03,32.55,8.06,1697518.3
RYAM,9.08,9,"[0, 1, 1, 1, 1, 1, 1, 1, 1, 1]",9.15,7.96,11.75,3.63,807257.5
FEIM,74.31,10,"[1, 1, 1, 1, 1, 1, 1, 1, 1, 1]",60.96,46.62,77.15,19.1,170714.4
NPB,17.84,10,"[1, 1, 1, 1, 1, 1, 1, 1, 1, 1]",17.75,17.44,19.19,12.82,122485.6
TRON,1.8,3,"[0, 0, 0, 1, 0, 0, 1, 0, 1, 0]",2.1,2.1,11.04,1.13,650065.95
CADL,8.56,9,"[1, 1, 1, 1, 1, 1, 1, 1, 1, 0]",7.33,5.86,9.27,4.42,1836336.55
DCBO,18.05,3,"[1, 0, 0, 0, 0, 0, 0, 0, 1, 1]",17.91,21.58,32.2,14.7,106699.9
BWMN,31.58,2,"[0, 0, 0, 0, 0, 0, 0, 0, 1, 1]",31.91,35.17,44.43,26.69,104662.05
FET,51.24,8,"[0, 1, 1, 1, 1, 1, 1, 1, 1, 0]",56.74,43.26,64.54,18.16,141226.2
CLB,12.72,4,"[0, 0, 0, 0, 1, 1, 1, 0, 1, 0]",14.77,15.48,19.64,9.72,539386.45
GPRK,10.19,10,"[1, 1, 1, 1, 1, 1, 1, 1, 1, 1]",9.78,8.15,11.78,5.93,684716.9
ORN,14.91,9,"[1, 1, 1, 1, 1, 1, 1, 1, 1, 0]",13.48,11.14,15.48,6.57,345549.05
HPP,15.15,7,"[1, 1, 1, 1, 0, 0, 1, 0, 1, 1]",10.45,12.04,21.49,5.51,1286834.5
CSTL,20.66,5,"[0, 0, 0, 0, 1, 1, 1, 0, 1, 1]",22.18,28.76,43.04,14.65,337407.8
CTKB,3.93,5,"[0, 0, 0, 0, 1, 1, 1, 0, 1, 1]",4.28,4.48,5.88,2.95,1115085.7
GLRE,16.06,8,"[0, 1, 1, 1, 1, 1, 1, 1, 1, 0]",17.36,14.63,19.0,11.95,175636.65
ALOY,15.4,8,"[1, 1, 1, 0, 1, 1, 1, 0, 1, 1]",10.52,10.0,25.88,5.5,2580610.0
RR,2.14,2,"[0, 0, 0, 0, 0, 1, 0, 0, 1, 0]",2.52,3.43,7.06,1.73,13652831.55
BTBT,1.93,5,"[1, 1, 0, 0, 0, 0, 1, 0, 1, 1]",1.73,2.26,4.22,1.26,24333102.5
MSBI,29.49,10,"[1, 1, 1, 1, 1, 1, 1, 1, 1, 1]",26.27,20.91,30.16,13.98,127247.55
NFBK,14.4,10,"[1, 1, 1, 1, 1, 1, 1, 1, 1, 1]",14.03,12.29,14.78,9.8,326690.35
UROY,3.03,3,"[0, 0, 0, 0, 0, 1, 1, 0, 1, 0]",3.62,3.86,5.46,2.3,2934456.75
CARE,29.58,10,"[1, 1, 1, 1, 1, 1, 1, 1, 1, 1]",26.14,21.3,29.88,16.24,288260.65
EGY,5.42,8,"[0, 1, 1, 1, 1, 1, 1, 1, 1, 0]",5.81,4.61,6.6,3.29,1126960.8
GDYN,6.35,2,"[1, 0, 0, 0, 0, 0, 0, 0, 1, 0]",6.32,7.56,12.39,5.28,2078180.1
ALTI,2.88,2,"[0, 0, 0, 0, 1, 0, 0, 0, 1, 0]",3.5,3.97,5.19,2.81,228513.3
PRME,2.9,2,"[0, 0, 0, 0, 0, 0, 1, 0, 1, 0]",3.32,3.95,6.67,1.5,2838303.3
TCMD,26.36,8,"[1, 0, 1, 0, 1, 1, 1, 1, 1, 1]",24.6,23.78,33.05,9.52,240427.8
MLAB,104.08,10,"[1, 1, 1, 1, 1, 1, 1, 1, 1, 1]",101.73,84.27,109.13,57.01,243490.3
FTK,23.99,10,"[1, 1, 1, 1, 1, 1, 1, 1, 1, 1]",18.79,16.61,24.82,11.04,332825.05
AVTX,14.6,4,"[0, 0, 0, 0, 1, 1, 1, 0, 1, 0]",15.48,15.48,22.87,4.47,1414850.75
DDI,12.0,9,"[1, 1, 1, 1, 1, 1, 1, 1, 1, 0]",10.71,9.4,12.25,8.25,118941.15
HELE,28.79,9,"[1, 1, 1, 1, 0, 1, 1, 1, 1, 1]",23.24,20.59,33.25,13.88,545679.65
BETR,28.83,4,"[0, 0, 0, 0, 0, 1, 1, 0, 1, 1]",33.27,39.82,86.07,12.12,371101.6
KYTX,8.15,6,"[0, 0, 1, 1, 1, 1, 1, 0, 1, 0]",8.98,7.8,11.25,2.55,782049.65
PRTA,8.15,5,"[0, 0, 0, 1, 1, 1, 1, 0, 1, 0]",9.99,9.63,11.51,5.66,529804.35
PROK,1.67,3,"[0, 0, 0, 0, 0, 0, 1, 0, 1, 1]",1.83,2.25,5.18,0.56,987682.55
CHW,8.82,10,"[1, 1, 1, 1, 1, 1, 1, 1, 1, 1]",8.38,7.57,9.1,6.27,223328.65
MG,18.5,10,"[1, 1, 1, 1, 1, 1, 1, 1, 1, 1]",17.75,13.71,19.28,7.53,157600.55
INV,6.01,9,"[1, 1, 1, 1, 1, 1, 1, 1, 1, 0]",5.98,4.63,7.32,2.55,2740389.5
KRT,29.93,10,"[1, 1, 1, 1, 1, 1, 1, 1, 1, 1]",28.1,24.55,30.06,19.92,101198.55
DDL,2.37,5,"[0, 0, 0, 1, 1, 1, 1, 0, 1, 0]",2.57,2.4,3.2,1.67,454837.6
MEC,34.74,10,"[1, 1, 1, 1, 1, 1, 1, 1, 1, 1]",25.32,19.24,35.48,12.56,758103.7
PACK,7.6,9,"[1, 1, 1, 1, 0, 1, 1, 1, 1, 1]",5.55,5.18,7.6,3.24,479571.0
WTI,3.39,7,"[0, 1, 1, 1, 1, 1, 1, 0, 1, 0]",3.82,2.55,4.9,1.49,5745378.35
DNA,8.23,4,"[1, 0, 0, 0, 0, 0, 1, 0, 1, 1]",8.23,9.43,16.14,5.48,1229182.7
TECX,29.39,10,"[1, 1, 1, 1, 1, 1, 1, 1, 1, 1]",28.96,22.95,35.87,14.71,172294.9
CPS,29.37,4,"[0, 0, 0, 0, 0, 1, 1, 0, 1, 1]",29.69,32.71,45.2,19.88,134616.5
ASIX,22.33,8,"[0, 1, 1, 1, 0, 1, 1, 1, 1, 1]",22.8,19.41,25.98,14.04,198467.9
RGNX,7.07,2,"[0, 0, 0, 0, 0, 0, 0, 0, 1, 1]",8.02,10.36,15.98,5.65,1580982.5
CLFD,40.09,8,"[1, 1, 1, 1, 0, 1, 1, 1, 1, 0]",36.66,32.86,51.26,26.0,380524.95
ILPT,8.91,10,"[1, 1, 1, 1, 1, 1, 1, 1, 1, 1]",7.63,6.14,9.01,4.22,654921.05
CTNM,12.72,7,"[0, 0, 1, 1, 1, 1, 1, 1, 1, 0]",13.08,12.48,16.0,3.65,191797.1
FFIC,15.49,8,"[0, 1, 1, 1, 1, 1, 1, 1, 1, 0]",15.71,14.8,17.11,10.61,338287.4
MCS,22.03,10,"[1, 1, 1, 1, 1, 1, 1, 1, 1, 1]",18.89,16.21,22.44,12.87,168986.6
ASTL,4.93,8,"[1, 1, 1, 1, 1, 1, 1, 0, 1, 0]",4.93,4.39,7.11,3.19,1178486.85
AURA,6.45,6,"[0, 1, 1, 1, 1, 1, 0, 0, 1, 0]",7.25,6.25,8.9,4.97,519853.3
AQST,4.22,5,"[1, 0, 0, 0, 0, 1, 1, 0, 1, 1]",4.15,4.88,7.49,2.95,1502668.5
MAMA,14.99,10,"[1, 1, 1, 1, 1, 1, 1, 1, 1, 1]",14.54,13.23,17.38,7.9,501364.75
LZM,4.07,3,"[0, 0, 0, 1, 0, 1, 0, 0, 1, 0]",4.81,4.66,6.1,3.19,628700.9
ACHV,5.6,10,"[1, 1, 1, 1, 1, 1, 1, 1, 1, 1]",4.67,4.3,5.99,2.07,1404376.8
SD,14.21,6,"[0, 0, 1, 0, 1, 1, 1, 1, 1, 0]",14.91,14.06,17.58,9.54,337608.95
MNRO,16.25,6,"[1, 0, 0, 0, 1, 1, 1, 0, 1, 1]",16.2,17.59,23.1,12.29,1381445.85
OOMA,17.15,9,"[1, 1, 1, 1, 1, 1, 1, 1, 1, 0]",17.07,13.36,19.5,10.58,366295.35
ANL,11.33,7,"[0, 1, 1, 1, 1, 1, 1, 0, 1, 0]",12.66,5.97,16.6,0.88,141117.65
IMMX,8.47,8,"[0, 1, 1, 1, 1, 1, 1, 1, 1, 0]",9.22,6.2,11.12,1.96,1557683.05
XWIN,8.1,6,"[1, 1, 0, 1, 0, 0, 1, 1, 1, 0]",7.94,8.1,8.63,5.2,1416477.05
FDMT,9.22,8,"[0, 0, 1, 1, 1, 1, 1, 1, 1, 1]",9.48,9.19,12.27,3.71,829692.55
KRNY,8.58,10,"[1, 1, 1, 1, 1, 1, 1, 1, 1, 1]",8.07,7.26,8.79,5.49,346203.45
STTK,4.63,6,"[0, 0, 1, 1, 1, 1, 1, 0, 1, 0]",6.34,4.08,7.88,0.73,1043183.3
CERS,2.52,10,"[1, 1, 1, 1, 1, 1, 1, 1, 1, 1]",2.39,1.99,3.04,1.16,2443573.45
OIS,8.2,5,"[0, 0, 0, 1, 1, 1, 1, 0, 1, 0]",9.71,8.41,14.39,4.88,745039.75
HKD,1.72,8,"[1, 1, 1, 1, 0, 1, 1, 0, 1, 1]",1.72,1.64,2.95,1.27,309138.05
CBIO,18.19,7,"[0, 1, 1, 1, 1, 1, 1, 0, 1, 0]",19.88,14.23,26.98,8.94,251419.65
PANL,7.57,8,"[0, 1, 1, 1, 1, 1, 1, 1, 1, 0]",7.64,6.87,9.29,4.46,622257.25
OCGN,1.22,4,"[0, 0, 0, 0, 1, 1, 1, 0, 1, 0]",1.54,1.53,2.48,0.92,5217178.85
FVR,19.53,10,"[1, 1, 1, 1, 1, 1, 1, 1, 1, 1]",17.75,15.39,19.87,10.81,135800.4
MATV,8.12,3,"[0, 0, 0, 0, 0, 0, 1, 0, 1, 1]",8.68,10.7,14.72,6.03,444439.35
XOMA,41.95,9,"[1, 1, 1, 1, 0, 1, 1, 1, 1, 1]",40.55,33.11,42.4,22.89,104822.45
IPI,35.86,7,"[0, 1, 1, 1, 1, 1, 1, 0, 1, 0]",38.66,33.06,48.84,23.94,195326.4
CHCT,17.59,10,"[1, 1, 1, 1, 1, 1, 1, 1, 1, 1]",17.08,15.42,17.91,12.18,153136.3
CGC,0.98,1,"[0, 0, 0, 0, 0, 0, 0, 0, 1, 0]",1.09,1.19,1.92,0.86,7911704.55
PUBM,11.47,10,"[1, 1, 1, 1, 1, 1, 1, 1, 1, 1]",10.17,8.73,13.67,6.28,662846.0
ELVA,10.12,10,"[1, 1, 1, 1, 1, 1, 1, 1, 1, 1]",9.97,7.87,12.26,3.18,433588.0
ALIT,0.66,2,"[0, 0, 0, 0, 0, 0, 1, 0, 1, 0]",0.74,1.74,5.82,0.49,26474121.5
CD,4.74,4,"[0, 0, 0, 1, 0, 1, 1, 0, 1, 0]",6.18,8.05,35.79,2.01,229521.7
NEGG,18.6,2,"[0, 0, 0, 0, 0, 0, 1, 0, 1, 0]",28.45,47.19,128.09,10.26,111571.35
NUAI,5.63,8,"[1, 1, 1, 0, 1, 1, 1, 0, 1, 1]",4.64,4.12,8.06,0.33,7812340.25
CVGW,26.09,7,"[0, 1, 1, 1, 0, 1, 1, 1, 1, 0]",26.8,24.65,28.52,18.24,271210.0
EBS,8.29,5,"[0, 0, 0, 0, 1, 1, 1, 0, 1, 1]",8.41,9.71,13.9,5.63,795719.8
RBBN,2.72,6,"[1, 1, 0, 1, 0, 0, 1, 0, 1, 1]",2.71,2.91,4.25,1.95,1139184.5
CLNE,1.87,1,"[0, 0, 0, 0, 0, 0, 0, 0, 1, 0]",2.17,2.36,3.06,1.76,1202784.6
OVID,2.26,8,"[0, 1, 1, 1, 1, 1, 1, 1, 1, 0]",2.62,1.86,2.96,0.29,1554763.85
APPS,9.83,9,"[1, 1, 1, 1, 0, 1, 1, 1, 1, 1]",5.25,5.03,10.22,2.82,10733815.75
SRTA,5.89,10,"[1, 1, 1, 1, 1, 1, 1, 1, 1, 1]",5.25,4.92,6.47,3.68,1081511.55
RIGL,33.42,5,"[1, 0, 0, 0, 1, 0, 1, 0, 1, 1]",29.94,34.15,50.96,18.42,318051.8
NGNE,29.86,9,"[1, 1, 1, 1, 0, 1, 1, 1, 1, 1]",27.07,22.97,34.37,14.95,144369.95
IMXI,14.78,6,"[0, 0, 0, 1, 1, 1, 1, 1, 1, 0]",15.52,15.27,15.94,8.71,432300.7
ZKH,2.74,2,"[0, 0, 0, 0, 1, 0, 0, 0, 1, 0]",2.97,3.13,3.79,2.34,127366.85
PSFE,6.95,2,"[0, 0, 0, 1, 0, 0, 0, 0, 1, 0]",8.04,8.92,14.68,6.01,338670.6
TATT,45.45,8,"[1, 1, 1, 0, 1, 1, 1, 0, 1, 1]",39.18,43.49,61.11,25.6,235802.05
ASMB,23.34,4,"[0, 0, 0, 0, 1, 1, 1, 0, 1, 0]",27.49,28.89,38.5,17.08,213533.2
WEAV,5.44,2,"[0, 0, 0, 0, 0, 0, 0, 0, 1, 1]",5.45,6.18,8.79,4.37,972006.7
LTBR,9.97,1,"[0, 0, 0, 0, 0, 0, 0, 0, 1, 0]",11.69,15.34,27.72,8.72,1013384.6
MTW,12.58,8,"[1, 0, 1, 0, 1, 1, 1, 1, 1, 1]",12.57,12.15,15.15,9.14,252390.1
SGMT,6.47,4,"[0, 1, 0, 1, 0, 0, 1, 0, 1, 0]",6.82,6.56,10.24,4.55,736148.85
FBRX,18.05,4,"[0, 0, 0, 0, 1, 1, 1, 0, 1, 0]",24.6,22.23,35.53,9.45,262044.75
EVH,4.7,6,"[1, 1, 0, 1, 0, 0, 1, 0, 1, 1]",3.67,4.73,11.79,2.17,2462585.7
BMBL,2.94,2,"[0, 0, 0, 1, 0, 0, 0, 0, 1, 0]",3.51,4.1,8.57,2.7,2762739.0
FULC,3.51,2,"[0, 0, 0, 0, 1, 0, 0, 0, 1, 0]",6.5,8.64,14.6,3.14,3537792.5
KLC,3.99,4,"[1, 1, 0, 0, 0, 0, 1, 0, 1, 0]",3.65,4.52,10.52,1.84,827434.25
CLDT,12.73,10,"[1, 1, 1, 1, 1, 1, 1, 1, 1, 1]",9.85,7.65,12.86,6.07,466816.9
ANGO,11.98,9,"[1, 1, 1, 0, 1, 1, 1, 1, 1, 1]",11.13,11.38,13.64,8.4,300323.05
RPD,7.17,4,"[1, 0, 0, 0, 0, 0, 1, 0, 1, 1]",6.58,12.06,25.59,5.05,2004787.8
CTEV,30.61,5,"[1, 1, 0, 0, 0, 0, 1, 0, 1, 1]",23.4,36.08,72.58,13.47,183054.7
CAL,14.06,8,"[1, 1, 1, 1, 0, 0, 1, 1, 1, 1]",13.03,12.49,15.42,8.76,759265.2
ADUR,14.81,9,"[1, 1, 1, 1, 0, 1, 1, 1, 1, 1]",13.45,12.74,17.39,8.42,614111.15
ZURA,3.68,4,"[0, 0, 0, 0, 1, 1, 1, 0, 1, 0]",4.76,4.61,7.04,1.05,919071.3
ACTG,4.7,9,"[0, 1, 1, 1, 1, 1, 1, 1, 1, 1]",4.82,4.07,5.16,3.15,218202.6
NPWR,1.74,1,"[0, 0, 0, 0, 0, 0, 0, 0, 1, 0]",1.84,2.41,4.85,1.49,776685.5
BLZE,8.11,9,"[1, 1, 1, 1, 0, 1, 1, 1, 1, 1]",6.13,6.13,10.75,3.31,1512026.8
TROO,2.36,5,"[0, 0, 0, 1, 1, 1, 1, 0, 1, 0]",3.3,2.51,5.02,0.62,388082.6
PERI,8.56,3,"[0, 0, 0, 1, 1, 0, 0, 0, 1, 0]",9.66,9.46,11.43,7.71,687268.85
CRNC,10.88,9,"[1, 1, 1, 1, 0, 1, 1, 1, 1, 1]",9.78,10.03,13.52,5.96,1223285.3
MCFT,22.86,7,"[0, 1, 1, 1, 0, 1, 1, 1, 1, 0]",23.17,21.48,27.38,17.21,160347.35
GEVO,1.43,2,"[0, 0, 0, 0, 0, 1, 0, 0, 1, 0]",1.8,2.02,2.78,1.15,2955000.05
ADCT,1.05,1,"[0, 0, 0, 0, 0, 0, 0, 0, 1, 0]",3.25,3.74,4.88,0.98,2960468.6
ENTA,11.44,4,"[0, 0, 0, 0, 1, 1, 1, 0, 1, 0]",13.44,12.64,16.85,6.49,199814.0
SPT,7.25,4,"[1, 0, 0, 0, 0, 0, 1, 0, 1, 1]",6.46,9.14,21.2,4.99,1324951.2
TTGT,3.65,1,"[0, 0, 0, 0, 0, 0, 0, 0, 1, 0]",4.79,5.06,8.7,3.48,388413.65
ALMU,24.93,10,"[1, 1, 1, 1, 1, 1, 1, 1, 1, 1]",21.54,17.66,31.49,10.73,1347125.75
NVEC,114.36,10,"[1, 1, 1, 1, 1, 1, 1, 1, 1, 1]",89.31,71.25,116.92,55.94,203186.15
AVIR,4.35,7,"[0, 0, 1, 1, 1, 1, 1, 0, 1, 1]",5.05,4.1,6.15,2.82,278171.65
MAGN,12.63,8,"[1, 1, 1, 0, 1, 0, 1, 1, 1, 1]",10.79,11.71,15.26,7.96,331552.45
LXEO,4.65,1,"[0, 0, 0, 0, 0, 0, 0, 0, 1, 0]",5.51,7.14,10.63,3.67,776833.45
BGS,3.97,4,"[0, 0, 0, 1, 1, 1, 0, 0, 1, 0]",4.76,4.44,5.65,3.53,2175931.5
BYND,0.7,2,"[0, 0, 0, 0, 0, 0, 1, 0, 1, 0]",0.8,1.19,4.28,0.52,34936626.65
OEC,8.13,7,"[1, 1, 1, 1, 0, 0, 1, 0, 1, 1]",7.21,6.44,11.44,4.32,438292.65
NEXN,8.69,8,"[1, 1, 1, 1, 0, 0, 1, 1, 1, 1]",7.78,7.44,11.54,5.7,239129.7
NATR,20.04,5,"[0, 0, 0, 1, 1, 1, 1, 0, 1, 0]",23.81,21.53,27.8,13.14,145070.3
CCRN,13.17,8,"[1, 1, 1, 1, 0, 0, 1, 1, 1, 1]",11.68,10.79,14.25,7.53,691677.45
PACB,1.32,4,"[0, 0, 0, 0, 1, 1, 0, 0, 1, 1]",1.45,1.68,2.67,1.12,5874872.65
MNPR,61.47,5,"[1, 0, 0, 0, 0, 1, 1, 0, 1, 1]",58.63,66.15,102.05,30.42,152454.35
IVVD,0.87,4,"[0, 0, 0, 0, 1, 1, 1, 0, 1, 0]",1.32,1.7,2.88,0.52,4500090.85
NRC,18.31,8,"[0, 1, 1, 1, 1, 1, 1, 1, 1, 0]",18.34,16.33,22.27,11.22,158541.4
CBAN,20.75,10,"[1, 1, 1, 1, 1, 1, 1, 1, 1, 1]",20.09,18.43,21.12,14.63,252124.75
LOCO,15.57,10,"[1, 1, 1, 1, 1, 1, 1, 1, 1, 1]",13.97,11.6,15.72,9.06,344359.2
EOLS,6.75,7,"[1, 1, 1, 1, 0, 0, 1, 0, 1, 1]",5.78,5.92,9.96,3.94,745121.55
AUTL,1.5,3,"[0, 0, 0, 1, 1, 0, 0, 0, 1, 0]",1.58,1.53,2.68,1.21,1579562.8
XFOR,4.08,9,"[0, 1, 1, 1, 1, 1, 1, 1, 1, 1]",4.09,3.76,4.66,1.42,408024.95
GRRR,17.49,7,"[1, 1, 1, 1, 0, 0, 1, 0, 1, 1]",14.72,14.4,25.23,9.48,1925076.35
ABAT,3.39,5,"[1, 0, 0, 0, 0, 1, 1, 0, 1, 1]",3.28,3.88,11.33,1.23,10194844.4
ASPN,6.04,7,"[1, 1, 1, 1, 0, 0, 1, 0, 1, 1]",4.74,4.68,8.82,2.57,1354012.2
SSP,2.89,5,"[0, 0, 0, 1, 1, 1, 1, 0, 1, 0]",3.99,3.31,5.16,1.54,602454.45
VREX,10.44,5,"[0, 0, 0, 0, 1, 1, 1, 0, 1, 1]",10.88,11.82,14.36,6.96,377550.2
LRMR,3.59,4,"[0, 0, 0, 1, 0, 0, 1, 0, 1, 1]",4.04,3.99,5.95,2.42,1852719.6
IPSC,2.3,9,"[1, 1, 1, 1, 1, 1, 1, 1, 1, 0]",2.28,1.49,2.94,0.47,963204.9
NEWT,13.72,10,"[1, 1, 1, 1, 1, 1, 1, 1, 1, 1]",13.07,11.88,14.4,9.3,149736.95
VOXR,5.34,8,"[0, 1, 1, 1, 1, 1, 1, 1, 1, 0]",5.61,4.95,6.41,3.05,462771.3
XNET,5.32,2,"[0, 0, 0, 0, 0, 0, 1, 0, 1, 0]",5.88,6.94,10.78,4.05,351176.4
VELO,23.09,10,"[1, 1, 1, 1, 1, 1, 1, 1, 1, 1]",16.78,11.08,30.61,2.97,4763942.45
HNST,3.58,7,"[1, 1, 1, 1, 0, 0, 1, 0, 1, 1]",3.34,3.08,5.15,2.1,1554413.35
TOI,5.18,9,"[1, 1, 1, 1, 0, 1, 1, 1, 1, 1]",4.03,3.54,5.31,2.05,1891838.95
RCKT,2.86,2,"[0, 0, 0, 0, 1, 0, 0, 0, 1, 0]",3.32,3.55,5.3,2.45,2509292.0
DCTH,11.79,9,"[1, 1, 1, 1, 0, 1, 1, 1, 1, 1]",10.89,10.23,15.43,8.19,539757.9
CDZI,3.86,4,"[0, 0, 0, 0, 1, 1, 1, 0, 1, 0]",4.54,5.03,6.92,2.84,872337.4
OPAL,1.91,1,"[0, 0, 0, 0, 0, 0, 0, 0, 1, 0]",2.23,2.31,3.28,1.91,252303.45
ISTR,29.48,10,"[1, 1, 1, 1, 1, 1, 1, 1, 1, 1]",28.38,26.29,30.15,17.67,155711.05
OSS,17.23,10,"[1, 1, 1, 1, 1, 1, 1, 1, 1, 1]",13.5,8.87,19.95,3.55,1366902.95
XPER,7.71,8,"[1, 1, 1, 1, 0, 1, 1, 1, 1, 0]",7.15,6.33,8.21,5.11,373338.25
TBRG,26.13,10,"[1, 1, 1, 1, 1, 1, 1, 1, 1, 1]",24.5,21.17,26.13,14.0,238224.45
QUAD,7.5,10,"[1, 1, 1, 1, 1, 1, 1, 1, 1, 1]",7.4,6.39,8.32,4.81,149805.45
FUFU,1.83,1,"[0, 0, 0, 0, 0, 0, 0, 0, 1, 0]",2.06,2.78,4.29,1.56,283207.75
CLPT,13.52,6,"[1, 1, 0, 0, 0, 1, 1, 0, 1, 1]",11.61,14.28,29.6,8.66,555529.15
EGHT,1.77,4,"[0, 0, 0, 1, 1, 1, 0, 0, 1, 0]",2.08,2.03,2.76,1.59,1926418.2
PBYI,7.07,9,"[0, 1, 1, 1, 1, 1, 1, 1, 1, 1]",7.25,6.09,7.8,3.07,198142.0
ISSC,17.68,7,"[0, 0, 1, 1, 1, 1, 1, 0, 1, 1]",19.68,17.22,30.56,8.32,443567.2
DVLT,0.39,3,"[0, 0, 0, 0, 0, 1, 1, 0, 1, 0]",0.58,1.01,3.42,0.28,42302228.0
VNDA,5.88,4,"[0, 0, 0, 0, 1, 1, 1, 0, 1, 0]",6.63,6.38,9.56,4.19,953222.4
RNGR,15.58,7,"[0, 0, 1, 1, 1, 1, 1, 1, 1, 0]",16.52,15.1,18.36,11.09,189429.3
AMCX,9.67,10,"[1, 1, 1, 1, 1, 1, 1, 1, 1, 1]",8.78,8.24,10.54,5.63,516856.35
SVCO,12.25,10,"[1, 1, 1, 1, 1, 1, 1, 1, 1, 1]",10.07,6.17,13.08,3.23,670020.85
CLMB,23.08,4,"[1, 0, 0, 0, 0, 0, 1, 0, 1, 1]",21.29,26.48,35.79,16.68,152083.4
API,4.24,9,"[1, 1, 1, 0, 1, 1, 1, 1, 1, 1]",4.01,3.93,5.26,3.24,669258.45
ACCO,3.93,9,"[1, 1, 1, 1, 0, 1, 1, 1, 1, 1]",3.59,3.58,4.08,2.78,817226.9
RMNI,4.17,8,"[1, 1, 1, 1, 0, 0, 1, 1, 1, 1]",3.73,3.88,5.24,2.97,402340.1
SOPH,5.01,10,"[1, 1, 1, 1, 1, 1, 1, 1, 1, 1]",4.99,4.64,5.52,2.89,108008.25
XRX,3.42,7,"[1, 1, 1, 1, 0, 0, 1, 0, 1, 1]",2.41,2.55,6.41,1.22,6058701.65
BNED,11.35,9,"[1, 1, 1, 1, 0, 1, 1, 1, 1, 1]",10.22,9.13,12.18,6.12,292180.95
DDD,3.02,8,"[1, 1, 1, 1, 0, 1, 1, 1, 1, 0]",2.67,2.42,3.88,1.37,5836864.5
DIN,32.29,9,"[1, 1, 1, 0, 1, 1, 1, 1, 1, 1]",29.11,29.25,38.55,19.74,421082.4
TG,7.96,5,"[0, 0, 0, 1, 1, 1, 0, 1, 1, 0]",8.6,8.12,10.35,6.29,178974.7
FRST,15.35,10,"[1, 1, 1, 1, 1, 1, 1, 1, 1, 1]",14.34,12.56,15.74,9.37,224519.95
EVTL,2.2,1,"[0, 0, 0, 0, 0, 0, 0, 0, 1, 0]",2.5,4.25,7.28,2.02,2992978.55
IRD,3.91,7,"[0, 1, 1, 1, 1, 1, 1, 0, 1, 0]",4.8,3.12,5.75,0.91,818530.05
LE,12.33,4,"[1, 0, 0, 0, 0, 0, 1, 0, 1, 1]",11.46,14.45,19.15,9.18,250758.35
QUIK,21.68,10,"[1, 1, 1, 1, 1, 1, 1, 1, 1, 1]",17.24,9.62,23.74,4.89,512134.55
TLS,4.48,5,"[1, 0, 0, 0, 0, 1, 1, 0, 1, 1]",4.43,5.36,7.76,2.38,981147.15
SHIP,16.31,10,"[1, 1, 1, 1, 1, 1, 1, 1, 1, 1]",15.21,11.23,16.68,6.05,250834.75
DBI,6.91,9,"[0, 1, 1, 1, 1, 1, 1, 1, 1, 1]",7.25,5.88,9.11,2.2,743371.95
ALTO,5.54,10,"[1, 1, 1, 1, 1, 1, 1, 1, 1, 1]",5.11,3.03,5.99,0.92,2368575.65
SSSS,13.56,10,"[1, 1, 1, 1, 1, 1, 1, 1, 1, 1]",13.37,10.34,14.91,6.94,310127.55
PAYS,6.97,9,"[1, 1, 1, 1, 0, 1, 1, 1, 1, 1]",6.44,5.27,8.56,3.18,610689.55
VMD,10.44,10,"[1, 1, 1, 1, 1, 1, 1, 1, 1, 1]",9.68,8.03,10.45,5.93,205277.2
CURR,2.95,7,"[0, 1, 1, 1, 1, 1, 1, 0, 1, 0]",3.34,2.37,4.49,0.36,165002.75
MEI,12.05,10,"[1, 1, 1, 1, 1, 1, 1, 1, 1, 1]",9.51,7.76,13.87,5.01,594364.15
NAUT,2.25,6,"[0, 0, 1, 1, 1, 1, 1, 0, 1, 0]",2.71,2.07,3.95,0.64,425697.95
DMAC,5.63,4,"[0, 0, 0, 0, 1, 1, 1, 0, 1, 0]",6.11,7.16,9.39,3.51,167663.2
CAN,0.35,1,"[0, 0, 0, 0, 0, 0, 0, 0, 1, 0]",0.46,0.75,2.05,0.32,10823523.8
RMAX,9.38,9,"[1, 1, 1, 1, 0, 1, 1, 1, 1, 1]",8.65,8.03,11.29,5.66,294142.8
NMRA,0.91,3,"[0, 0, 0, 0, 1, 1, 0, 0, 1, 0]",1.96,2.2,3.59,0.73,1779486.55
HLLY,2.6,3,"[0, 0, 0, 0, 1, 0, 1, 0, 1, 0]",2.9,3.46,4.39,1.99,851263.55
LVWR,1.21,1,"[0, 0, 0, 0, 0, 0, 0, 0, 1, 0]",1.58,3.16,6.21,1.15,127222.75
IMRX,4.19,3,"[0, 0, 0, 0, 0, 1, 1, 0, 1, 0]",5.14,5.81,9.26,1.82,2426524.8
TSSI,13.42,6,"[0, 1, 1, 1, 0, 0, 1, 0, 1, 1]",13.68,12.56,31.1,6.92,1599020.25
SLP,16.37,8,"[1, 1, 1, 0, 0, 1, 1, 1, 1, 1]",14.93,15.65,20.84,11.36,208543.15
ABEO,5.67,8,"[1, 1, 1, 1, 0, 0, 1, 1, 1, 1]",5.48,5.25,7.23,4.17,877703.5
REPL,8.96,8,"[1, 1, 1, 0, 1, 1, 1, 0, 1, 1]",5.11,6.99,12.63,1.7,6765724.0
DSX,2.39,8,"[0, 1, 1, 1, 1, 1, 1, 1, 1, 0]",2.53,2.11,2.89,1.44,1129471.35
STRZ,28.14,10,"[1, 1, 1, 1, 1, 1, 1, 1, 1, 1]",20.94,14.01,28.3,8.65,132826.75
SLN,7.0,10,"[1, 1, 1, 1, 1, 1, 1, 1, 1, 1]",6.77,6.06,7.97,4.3,238190.75
ATOM,9.5,10,"[1, 1, 1, 1, 1, 1, 1, 1, 1, 1]",7.97,4.56,12.11,1.99,1498560.3
BRCC,1.33,6,"[1, 1, 1, 1, 0, 0, 1, 0, 1, 0]",1.25,1.17,2.03,0.62,1574782.0
TYGO,2.84,5,"[0, 0, 0, 1, 1, 1, 1, 0, 1, 0]",4.02,2.91,5.16,1.14,700183.65
PINE,19.98,10,"[1, 1, 1, 1, 1, 1, 1, 1, 1, 1]",19.07,16.85,20.15,12.57,149172.4
AZ,5.82,2,"[0, 0, 0, 1, 0, 0, 0, 0, 1, 0]",7.06,6.81,11.9,5.12,345768.3
ZNTL,3.78,7,"[0, 1, 1, 1, 1, 1, 1, 0, 1, 0]",4.06,2.47,6.61,1.16,942071.05
RPAY,3.37,3,"[0, 0, 0, 1, 0, 0, 1, 0, 1, 0]",3.51,3.81,5.96,2.4,494260.05
ASYS,22.78,10,"[1, 1, 1, 1, 1, 1, 1, 1, 1, 1]",18.85,12.77,23.99,4.08,461628.35
MASS,8.62,9,"[1, 1, 1, 1, 0, 1, 1, 1, 1, 1]",7.51,6.85,9.15,5.09,256005.95
FLWS,4.27,6,"[1, 1, 1, 1, 0, 0, 1, 0, 1, 0]",4.03,4.04,6.94,3.0,414054.75
RZLT,4.33,5,"[1, 1, 0, 0, 0, 0, 1, 0, 1, 1]",3.48,5.25,10.94,1.4,1934075.65
PRLD,4.46,9,"[1, 1, 1, 1, 1, 1, 1, 1, 1, 0]",4.37,2.6,5.52,0.78,301115.5
GSIT,8.07,7,"[0, 1, 1, 1, 1, 1, 1, 0, 1, 0]",8.22,6.99,12.97,2.91,1811197.1
ZIP,3.64,6,"[1, 1, 1, 0, 0, 0, 1, 0, 1, 1]",3.08,3.54,5.54,1.69,599849.85
EDIT,2.46,4,"[0, 0, 0, 1, 0, 1, 1, 0, 1, 0]",2.96,2.66,4.15,1.66,3382507.6
RILY,9.16,10,"[1, 1, 1, 1, 1, 1, 1, 1, 1, 1]",8.6,6.78,10.68,2.91,1031640.8
CXDO,7.48,7,"[0, 1, 1, 1, 1, 1, 1, 0, 1, 0]",8.01,6.92,10.47,5.25,876473.95
PALI,1.69,5,"[0, 0, 0, 1, 1, 1, 1, 0, 1, 0]",1.98,1.76,2.8,0.54,2762345.9
BKKT,8.96,3,"[0, 0, 0, 0, 0, 1, 0, 0, 1, 1]",9.1,14.52,45.04,6.95,2453584.25
SMWB,5.25,5,"[1, 1, 0, 0, 0, 0, 1, 0, 1, 1]",3.34,5.84,10.4,2.33,892777.9
SY,1.78,2,"[0, 0, 0, 0, 0, 0, 1, 0, 1, 0]",2.57,3.07,5.87,0.95,952534.3
VFF,2.05,4,"[0, 0, 0, 0, 1, 1, 1, 0, 1, 0]",2.61,3.1,4.18,1.03,1021099.85
ELDN,3.43,7,"[0, 1, 1, 1, 0, 1, 1, 1, 1, 0]",3.63,2.71,4.36,1.39,973963.0
FNKO,5.48,10,"[1, 1, 1, 1, 1, 1, 1, 1, 1, 1]",4.72,3.84,5.68,2.46,634440.65
VLN,2.45,7,"[1, 1, 1, 1, 0, 1, 1, 0, 1, 0]",2.3,1.81,3.53,1.11,3582632.1
SGHT,5.02,6,"[1, 0, 0, 0, 1, 1, 1, 0, 1, 1]",4.49,5.26,9.05,3.2,143364.85
SHMD,6.23,6,"[1, 0, 1, 0, 1, 1, 1, 0, 1, 0]",6.15,5.63,10.42,2.1,1267124.9
OPTX,12.23,10,"[1, 1, 1, 1, 1, 1, 1, 1, 1, 1]",9.79,5.25,14.11,1.24,1404682.1
ACIU,2.34,3,"[0, 0, 0, 0, 1, 1, 0, 0, 1, 0]",2.81,2.97,3.99,1.83,297811.45
MBI,6.15,5,"[1, 0, 0, 0, 0, 0, 1, 1, 1, 1]",5.98,6.69,8.13,4.21,302500.7
TARA,3.94,4,"[0, 0, 0, 0, 1, 1, 1, 0, 1, 0]",4.89,5.25,7.56,2.78,813080.4
PDYN,6.4,4,"[0, 1, 0, 1, 0, 0, 1, 0, 1, 0]",6.7,6.85,12.68,4.15,2145595.95
CCCC,3.82,10,"[1, 1, 1, 1, 1, 1, 1, 1, 1, 1]",3.29,2.64,4.38,1.4,2339898.05
FVCB,16.57,10,"[1, 1, 1, 1, 1, 1, 1, 1, 1, 1]",15.73,14.21,16.79,11.09,275168.45
DEFT,0.61,1,"[0, 0, 0, 0, 0, 0, 0, 0, 1, 0]",0.71,1.17,3.48,0.48,4407985.55
USAU,16.12,6,"[1, 0, 0, 0, 1, 1, 1, 0, 1, 1]",15.92,16.75,22.6,10.22,246868.0
FATE,2.01,9,"[1, 1, 1, 1, 1, 1, 1, 0, 1, 1]",1.82,1.34,2.84,0.92,4341910.55
CGEN,2.02,6,"[0, 0, 1, 1, 1, 1, 1, 0, 1, 0]",2.61,1.96,3.1,1.33,567944.4
ALXO,1.58,5,"[0, 0, 0, 1, 1, 1, 1, 0, 1, 0]",1.79,1.68,2.6,0.41,1136947.6
ACH,3.03,5,"[0, 1, 0, 1, 0, 0, 1, 0, 1, 1]",3.1,3.25,9.42,1.91,710786.05
CNDT,1.48,2,"[0, 0, 0, 0, 0, 0, 0, 0, 1, 1]",1.6,1.9,2.96,1.16,1406286.6
AIRS,5.08,7,"[1, 1, 1, 1, 0, 0, 1, 0, 1, 1]",3.98,4.43,11.65,1.58,797864.8
IKT,1.67,4,"[0, 0, 0, 1, 1, 0, 0, 1, 1, 0]",1.78,1.7,2.14,1.41,652753.95
PRE,20.75,10,"[1, 1, 1, 1, 1, 1, 1, 1, 1, 1]",18.2,16.28,22.15,7.01,301203.05
RDCM,12.97,4,"[0, 0, 0, 1, 0, 1, 0, 1, 1, 0]",14.3,13.25,16.14,10.68,291250.5
CHRS,1.36,5,"[0, 0, 0, 1, 1, 1, 1, 0, 1, 0]",1.66,1.6,2.51,0.72,955951.4
ARTV,9.18,8,"[1, 1, 1, 1, 1, 1, 1, 0, 1, 0]",9.13,5.39,13.39,1.47,606315.3
SIDU,3.43,7,"[0, 1, 1, 1, 1, 1, 1, 0, 1, 0]",4.06,2.37,6.2,0.63,30502253.25
TRDA,6.57,5,"[0, 0, 0, 0, 1, 1, 1, 0, 1, 1]",9.92,9.42,16.03,5.02,308886.75
LAW,3.47,1,"[0, 0, 0, 0, 0, 0, 0, 0, 1, 0]",3.95,5.48,8.91,2.76,277991.25
OPRT,5.21,3,"[0, 1, 0, 1, 0, 0, 0, 0, 1, 0]",5.36,5.39,7.69,4.13,583479.45
JACK,12.92,4,"[1, 0, 0, 0, 0, 0, 1, 0, 1, 1]",12.23,16.53,24.88,9.4,778737.4
ARCT,7.33,2,"[0, 0, 0, 1, 0, 0, 0, 0, 1, 0]",8.05,9.91,23.16,5.9,396510.55
FOSL,4.29,9,"[0, 1, 1, 1, 1, 1, 1, 1, 1, 1]",4.53,3.66,5.61,1.3,729370.05
INSG,11.38,4,"[0, 0, 0, 1, 0, 1, 1, 0, 1, 0]",14.11,12.77,20.29,6.4,456773.3
FHTX,4.11,3,"[0, 0, 0, 0, 1, 0, 0, 0, 1, 1]",4.45,4.88,6.68,3.53,171337.4
CDXS,2.49,6,"[0, 1, 1, 1, 0, 0, 1, 0, 1, 1]",2.54,2.02,3.33,0.98,760298.85
VUZI,3.4,8,"[1, 1, 1, 1, 0, 1, 1, 0, 1, 1]",3.21,2.96,5.14,1.9,3081275.1
NXDT,4.69,9,"[0, 1, 1, 1, 1, 1, 1, 1, 1, 1]",4.89,3.92,5.47,2.4,158771.45
SILC,47.9,9,"[1, 1, 1, 1, 1, 1, 1, 1, 1, 0]",37.6,22.26,50.98,13.5,166780.85
RNAC,8.6,6,"[1, 1, 1, 0, 0, 0, 1, 0, 1, 1]",7.0,7.71,13.77,5.84,417412.55
NBP,1.47,1,"[0, 0, 0, 0, 0, 0, 0, 0, 1, 0]",2.1,3.44,6.56,1.47,638109.5
XPOF,6.82,4,"[1, 0, 0, 0, 0, 0, 1, 0, 1, 1]",6.21,7.05,11.01,4.26,687145.35
AP,11.92,10,"[1, 1, 1, 1, 1, 1, 1, 1, 1, 1]",10.28,6.02,12.2,1.85,153746.4
NVA,7.02,7,"[1, 0, 1, 0, 1, 1, 1, 0, 1, 1]",6.33,6.72,14.37,1.83,334460.0
CANG,0.31,1,"[0, 0, 0, 0, 0, 0, 0, 0, 1, 0]",0.45,1.21,2.75,0.28,877193.0
LTRX,6.78,10,"[1, 1, 1, 1, 1, 1, 1, 1, 1, 1]",6.53,5.75,8.45,2.47,1601308.4
VYGR,3.63,2,"[0, 0, 0, 0, 0, 1, 0, 0, 1, 0]",3.82,4.09,5.33,2.94,558600.85
DUOT,12.23,10,"[1, 1, 1, 1, 1, 1, 1, 1, 1, 1]",9.83,9.07,14.64,6.0,863111.8
AIRJ,4.14,7,"[1, 1, 1, 1, 0, 0, 1, 0, 1, 1]",3.75,3.93,6.59,2.51,2043591.05
EAF,8.22,2,"[0, 0, 0, 0, 0, 0, 1, 0, 1, 0]",8.78,11.63,19.82,5.23,244954.1
OSG,5.76,4,"[1, 0, 0, 0, 0, 0, 1, 0, 1, 1]",5.06,6.84,10.08,3.94,453048.45
OABI,2.11,9,"[1, 1, 1, 1, 1, 1, 1, 1, 1, 0]",1.93,1.79,2.72,1.36,648240.45
SPCE,3.56,8,"[1, 1, 1, 1, 0, 1, 1, 0, 1, 1]",3.34,3.27,7.52,2.17,69487880.25
WLAC,18.83,10,"[1, 1, 1, 1, 1, 1, 1, 1, 1, 1]",13.88,12.2,20.79,10.19,513321.35
POWW,2.03,9,"[0, 1, 1, 1, 1, 1, 1, 1, 1, 1]",2.03,1.83,2.15,1.09,411503.2
OBIO,3.97,6,"[0, 0, 1, 0, 1, 1, 1, 0, 1, 1]",4.08,3.95,5.35,2.35,237698.45
ALTG,7.12,8,"[1, 1, 1, 1, 0, 0, 1, 1, 1, 1]",6.66,6.29,8.62,4.19,299241.6
HUMA,1.07,5,"[1, 1, 0, 0, 0, 0, 1, 0, 1, 1]",0.96,1.2,2.73,0.57,7932834.25
LOVE,15.64,7,"[0, 1, 1, 1, 0, 0, 1, 1, 1, 1]",15.95,14.81,20.75,10.54,168071.55
ALEC,1.48,2,"[0, 0, 0, 1, 0, 0, 0, 0, 1, 0]",2.2,2.09,3.32,1.14,731071.9
UIS,3.78,8,"[1, 1, 1, 1, 0, 0, 1, 1, 1, 1]",3.08,3.01,4.78,2.0,1118975.4
LFMD,4.91,7,"[1, 1, 1, 1, 0, 0, 1, 0, 1, 1]",4.44,4.47,15.06,2.64,867327.35
WALD,1.82,6,"[1, 1, 1, 0, 0, 0, 1, 0, 1, 1]",1.3,1.68,3.08,0.76,848236.25
BZAI,1.65,4,"[0, 0, 0, 1, 0, 0, 1, 0, 1, 1]",1.82,2.36,6.29,1.02,5752594.55
HRTX,0.4,1,"[0, 0, 0, 0, 0, 0, 0, 0, 1, 0]",0.88,1.12,2.23,0.4,4257544.5
GPRO,0.75,1,"[0, 0, 0, 0, 0, 0, 0, 0, 1, 0]",1.13,1.41,2.88,0.63,6961220.7
CRNT,3.0,10,"[1, 1, 1, 1, 1, 1, 1, 1, 1, 1]",2.64,2.34,3.2,1.84,917435.85
NKTX,2.74,9,"[0, 1, 1, 1, 1, 1, 1, 1, 1, 1]",2.84,2.29,3.49,1.66,532381.55
AREC,2.2,3,"[0, 0, 0, 0, 0, 1, 1, 0, 1, 0]",2.25,2.9,6.81,0.78,3695885.35
MIST,1.31,1,"[0, 0, 0, 0, 0, 0, 0, 0, 1, 0]",1.67,1.87,2.95,1.01,1207457.35
LPRO,2.1,9,"[1, 1, 1, 1, 0, 1, 1, 1, 1, 1]",1.86,1.78,2.64,1.2,1341730.8
IMPP,5.06,9,"[1, 1, 1, 1, 0, 1, 1, 1, 1, 1]",4.87,4.54,6.35,2.97,598440.5
RELL,18.24,10,"[1, 1, 1, 1, 1, 1, 1, 1, 1, 1]",15.31,11.97,18.42,8.72,310357.95
OSUR,4.17,9,"[1, 1, 1, 1, 0, 1, 1, 1, 1, 1]",3.39,2.96,4.3,2.11,787929.9
CNTX,0.68,4,"[0, 0, 0, 1, 1, 1, 0, 0, 1, 0]",2.29,1.79,3.36,0.56,1705253.05
MVIS,0.39,1,"[0, 0, 0, 0, 0, 0, 0, 0, 1, 0]",0.59,0.86,1.5,0.36,8583083.45
AMPY,4.12,3,"[0, 0, 0, 0, 1, 1, 0, 0, 1, 0]",5.33,5.15,6.63,3.18,649824.05
TNYA,0.72,2,"[0, 0, 0, 0, 0, 0, 1, 0, 1, 0]",0.77,1.01,2.1,0.55,3302951.4
SMRT,1.13,3,"[0, 0, 0, 0, 1, 0, 0, 0, 1, 1]",1.29,1.55,2.12,0.89,1486487.9
SRI,7.49,8,"[1, 1, 1, 1, 0, 0, 1, 1, 1, 1]",6.86,6.8,9.17,4.72,161173.95
FF,4.37,9,"[1, 1, 1, 1, 0, 1, 1, 1, 1, 1]",4.32,3.8,4.97,3.0,270952.55
ANNA,2.96,2,"[0, 0, 0, 1, 0, 0, 0, 0, 1, 0]",3.86,3.69,10.24,2.31,446436.9
INSE,8.11,6,"[1, 1, 0, 0, 0, 0, 1, 1, 1, 1]",7.35,8.19,9.82,6.11,116394.1
SND,5.02,9,"[0, 1, 1, 1, 1, 1, 1, 1, 1, 1]",5.03,3.76,5.82,1.73,334460.35
SABS,3.9,9,"[1, 1, 1, 0, 1, 1, 1, 1, 1, 1]",3.69,3.48,4.59,1.69,654211.85
SHIM,3.7,7,"[0, 1, 1, 1, 1, 1, 1, 0, 1, 0]",4.53,3.4,6.67,1.56,179444.4
SLNH,1.55,6,"[1, 1, 0, 1, 0, 1, 1, 0, 1, 0]",1.46,1.57,4.42,0.43,21068666.4
DMRC,11.33,8,"[1, 1, 1, 1, 0, 1, 1, 0, 1, 1]",9.73,7.98,16.43,4.36,290800.5
PLBY,1.48,3,"[0, 0, 0, 0, 1, 0, 0, 0, 1, 1]",1.54,1.67,2.71,1.2,758280.7
TONX,3.48,5,"[1, 1, 0, 1, 0, 0, 1, 0, 1, 0]",3.0,3.7,22.45,1.8,345061.55
TKNO,4.13,7,"[1, 1, 1, 1, 0, 0, 1, 0, 1, 1]",3.75,3.93,6.37,1.99,173847.6
KLTR,1.48,6,"[1, 1, 1, 0, 0, 0, 1, 0, 1, 1]",1.37,1.48,2.06,1.08,373787.75
EGAN,7.39,4,"[0, 0, 0, 0, 0, 1, 1, 0, 1, 1]",7.42,9.63,15.46,5.58,312479.8
PESI,10.5,3,"[0, 0, 0, 0, 1, 0, 0, 0, 1, 1]",11.02,12.31,15.76,8.19,219434.25
TENX,11.55,6,"[0, 0, 1, 1, 1, 1, 1, 0, 1, 0]",12.65,10.96,18.27,5.62,728221.1
UNCY,7.12,8,"[0, 1, 1, 1, 1, 1, 1, 1, 1, 0]",7.41,6.1,8.56,3.74,833151.15
DPRO,5.89,4,"[0, 0, 0, 0, 0, 1, 1, 0, 1, 1]",5.9,7.12,13.77,2.27,2442462.45
DTIL,6.21,6,"[0, 1, 1, 1, 0, 1, 1, 0, 1, 0]",7.09,5.62,8.61,3.57,371837.15
VERI,1.53,1,"[0, 0, 0, 0, 0, 0, 0, 0, 1, 0]",2.02,3.74,8.39,1.22,2852063.4
SLQT,0.92,2,"[0, 0, 0, 0, 0, 0, 1, 0, 1, 0]",0.92,1.33,2.69,0.59,1514637.25
QSI,0.99,4,"[1, 0, 0, 0, 0, 0, 1, 0, 1, 1]",0.97,1.24,2.63,0.71,6832477.65
XYF,5.1,4,"[1, 0, 0, 0, 0, 0, 1, 0, 1, 1]",4.69,7.32,18.91,3.22,129427.4
KPTI,9.64,10,"[1, 1, 1, 1, 1, 1, 1, 1, 1, 1]",8.63,7.25,10.09,3.77,391032.6
CRBP,8.32,2,"[0, 0, 0, 1, 0, 0, 0, 0, 1, 0]",9.65,10.25,19.36,6.9,751773.95
DGXX,7.02,9,"[1, 1, 1, 1, 1, 1, 1, 1, 1, 0]",5.44,3.66,8.46,1.89,10793558.55
CRBU,1.66,4,"[0, 0, 0, 1, 0, 1, 1, 0, 1, 0]",2.04,1.94,2.84,1.12,1853272.75
BHR,2.12,2,"[0, 0, 0, 0, 0, 1, 0, 0, 1, 0]",2.47,2.66,3.14,2.0,367769.6
INGN,6.46,3,"[0, 0, 0, 1, 0, 0, 0, 0, 1, 1]",6.64,6.96,8.95,5.59,369458.8
SUUN,0.9,4,"[1, 0, 0, 0, 0, 0, 1, 0, 1, 1]",0.74,1.3,2.48,0.5,3628388.35
MGNX,4.13,9,"[1, 1, 1, 1, 1, 1, 1, 1, 1, 0]",3.67,2.3,4.53,1.19,746989.35
ATLX,4.01,1,"[0, 0, 0, 0, 0, 0, 0, 0, 1, 0]",4.6,4.9,7.45,3.4,784386.2
TLSA,1.11,1,"[0, 0, 0, 0, 0, 0, 0, 0, 1, 0]",1.33,1.56,2.5,1.1,294787.2
IFRX,1.62,6,"[0, 1, 1, 1, 0, 1, 1, 0, 1, 0]",1.91,1.33,2.74,0.77,1145211.2
WTF,2.55,1,"[0, 0, 0, 0, 0, 0, 0, 0, 1, 0]",3.45,4.14,7.1,2.49,253951.75
ELTX,4.08,3,"[0, 0, 0, 1, 0, 1, 0, 0, 1, 0]",11.24,10.04,14.85,4.08,553370.6
CVGI,5.16,10,"[1, 1, 1, 1, 1, 1, 1, 1, 1, 1]",4.72,2.56,5.78,1.27,388295.25
ABOS,2.34,7,"[0, 0, 1, 1, 1, 1, 1, 0, 1, 1]",2.48,2.22,3.37,1.11,335347.8
DOUG,1.73,2,"[0, 0, 0, 0, 0, 0, 0, 0, 1, 1]",1.81,2.32,3.11,1.56,387608.05
AMTX,1.91,3,"[0, 0, 0, 1, 0, 0, 1, 0, 1, 0]",2.55,2.14,3.66,1.32,1147268.85
ZEPP,5.04,2,"[0, 0, 0, 0, 0, 0, 1, 0, 1, 0]",11.55,26.2,61.27,2.28,204953.7
SKYX,1.05,2,"[0, 0, 0, 0, 1, 0, 0, 0, 1, 0]",1.12,1.64,3.13,0.97,1560139.45
CVRX,4.98,1,"[0, 0, 0, 0, 0, 0, 0, 0, 1, 0]",6.6,7.77,10.81,4.74,280897.85
LFCR,5.49,4,"[1, 0, 0, 0, 0, 0, 1, 0, 1, 1]",5.01,6.63,8.82,3.66,191960.9
EPSN,5.26,5,"[0, 0, 1, 1, 1, 1, 0, 0, 1, 0]",6.04,5.23,8.1,4.2,170934.4
ADAG,3.64,9,"[0, 1, 1, 1, 1, 1, 1, 1, 1, 1]",3.7,2.69,4.61,1.4,184423.5
KRRO,11.66,5,"[0, 1, 0, 1, 0, 0, 1, 0, 1, 1]",12.33,17.88,51.36,5.28,156095.05
DOMO,3.26,2,"[0, 0, 0, 0, 0, 0, 1, 0, 1, 0]",3.53,8.07,18.2,2.42,863116.6
PYXS,1.74,3,"[0, 0, 0, 0, 0, 1, 1, 0, 1, 0]",1.85,2.29,5.34,1.04,507165.05
BDTX,1.72,1,"[0, 0, 0, 0, 0, 0, 0, 0, 1, 0]",2.6,2.9,4.87,1.72,2366973.55
CNTN,3.21,5,"[1, 0, 0, 0, 1, 1, 1, 0, 1, 0]",3.18,3.34,7.71,1.17,850841.5
TBI,6.95,9,"[1, 1, 1, 1, 0, 1, 1, 1, 1, 1]",5.41,5.09,7.68,3.31,297985.6
THRY,3.84,4,"[1, 0, 0, 0, 0, 0, 1, 0, 1, 1]",3.55,6.07,13.85,2.1,781505.3
HYPR,1.38,6,"[0, 1, 1, 1, 0, 1, 1, 0, 1, 0]",1.45,1.26,2.2,0.69,506974.4
ORMP,3.84,8,"[0, 1, 1, 1, 1, 1, 1, 1, 1, 0]",3.94,3.06,4.73,1.92,204221.65
RFIL,18.12,10,"[1, 1, 1, 1, 1, 1, 1, 1, 1, 1]",15.66,10.21,19.38,4.47,238929.4
MX,5.93,9,"[1, 1, 1, 1, 1, 1, 1, 0, 1, 1]",4.87,3.37,8.93,2.27,4679231.25
OWLT,4.66,2,"[0, 0, 0, 0, 1, 0, 0, 0, 1, 0]",5.3,9.12,16.52,4.53,237400.8
KZIA,14.08,10,"[1, 1, 1, 1, 1, 1, 1, 1, 1, 1]",11.98,8.82,15.72,5.0,213531.05
ONL,2.79,8,"[1, 1, 1, 1, 0, 1, 1, 1, 1, 0]",2.74,2.47,3.0,1.84,331615.9
IMDX,5.7,7,"[1, 1, 1, 0, 1, 1, 1, 0, 1, 0]",4.89,5.18,8.48,2.4,297046.85
ANTX,4.91,10,"[1, 1, 1, 1, 1, 1, 1, 1, 1, 1]",4.19,2.23,5.46,1.03,209108.85
IMUX,14.01,10,"[1, 1, 1, 1, 1, 1, 1, 1, 1, 1]",11.88,9.13,15.13,5.1,246140.85
DIBS,4.09,4,"[0, 0, 0, 0, 1, 1, 1, 0, 1, 0]",4.84,4.71,6.43,2.55,241648.7
CURV,2.06,7,"[1, 1, 1, 1, 0, 0, 1, 0, 1, 1]",1.7,1.45,5.12,0.97,832569.9
APYX,4.6,10,"[1, 1, 1, 1, 1, 1, 1, 1, 1, 1]",3.92,3.51,4.86,1.71,163349.9
RGP,4.36,7,"[1, 1, 1, 0, 0, 1, 0, 1, 1, 1]",4.18,4.32,5.66,3.42,343454.6
CHPT,7.1,5,"[1, 1, 0, 0, 0, 0, 1, 0, 1, 1]",6.6,7.81,15.04,4.51,655576.45
BOOM,6.9,7,"[1, 1, 1, 0, 0, 1, 1, 1, 1, 0]",6.55,6.88,8.97,4.73,226669.65
WATT,24.54,8,"[0, 1, 1, 1, 1, 1, 1, 0, 1, 1]",25.39,12.64,35.33,3.76,253990.75
DHX,3.4,8,"[1, 1, 1, 1, 0, 1, 1, 1, 1, 0]",3.23,2.45,3.87,1.5,205489.25
HURA,2.27,5,"[0, 1, 1, 1, 0, 0, 1, 0, 1, 0]",2.34,1.88,3.25,0.44,518892.0
BZUN,2.75,6,"[1, 1, 0, 1, 0, 0, 1, 0, 1, 1]",2.69,2.96,4.77,2.1,282997.6
IDN,4.15,4,"[0, 0, 0, 1, 1, 0, 0, 0, 1, 1]",6.29,5.74,8.99,4.05,456419.15
SPRO,2.91,10,"[1, 1, 1, 1, 1, 1, 1, 1, 1, 1]",2.7,2.39,3.04,1.83,850702.3
NNBR,3.0,9,"[1, 1, 1, 1, 0, 1, 1, 1, 1, 1]",2.44,1.84,3.14,1.14,776388.0
CRDL,1.05,3,"[0, 0, 0, 1, 1, 0, 0, 0, 1, 0]",1.3,1.11,1.63,0.93,354385.8
AGEN,3.25,2,"[0, 0, 0, 1, 0, 0, 0, 0, 1, 0]",3.71,3.75,7.06,2.77,623512.15
JELD,1.79,4,"[1, 0, 0, 0, 0, 0, 1, 0, 1, 1]",1.54,2.79,6.76,0.95,1486168.5
EDSA,5.94,7,"[0, 1, 1, 1, 1, 1, 1, 0, 1, 0]",9.46,4.24,18.28,0.8,353989.8
VWAV,4.87,2,"[0, 0, 0, 0, 0, 0, 1, 0, 1, 0]",5.84,8.74,14.18,2.3,494969.4
RDZN,1.56,6,"[0, 0, 1, 1, 1, 1, 1, 0, 1, 0]",1.62,1.48,2.41,0.83,445811.85
MBOT,1.82,1,"[0, 0, 0, 0, 0, 0, 0, 0, 1, 0]",2.06,2.39,4.5,1.62,1516848.15
QMCO,13.97,9,"[1, 1, 1, 1, 0, 1, 1, 1, 1, 1]",9.01,8.01,15.95,4.31,1571280.35
MED,11.94,6,"[1, 1, 1, 1, 0, 0, 0, 1, 1, 0]",11.74,11.76,15.22,9.53,172870.25
GNLX,3.02,4,"[1, 0, 0, 0, 0, 0, 1, 0, 1, 1]",2.82,3.73,8.24,2.3,144207.35
EMPD,3.85,2,"[0, 0, 0, 1, 0, 0, 0, 0, 1, 0]",4.64,5.24,21.61,3.26,155064.15
GALT,2.62,4,"[1, 0, 0, 0, 0, 0, 1, 0, 1, 1]",2.37,3.77,6.51,1.49,313941.25
BNC,2.22,1,"[0, 0, 0, 0, 0, 0, 0, 0, 1, 0]",2.76,5.92,57.58,1.99,422720.95
SPWR,0.78,1,"[0, 0, 0, 0, 0, 0, 0, 0, 1, 0]",1.03,1.46,2.11,0.78,3488576.3
IHD,7.83,10,"[1, 1, 1, 1, 1, 1, 1, 1, 1, 1]",7.27,6.42,8.02,5.18,122046.9
CODA,9.33,5,"[0, 0, 0, 1, 1, 1, 1, 0, 1, 0]",11.97,10.67,16.76,7.05,176614.7
SRFM,1.12,1,"[0, 0, 0, 0, 0, 0, 0, 0, 1, 0]",1.19,2.44,8.8,1.03,3129262.8
EQ,2.8,10,"[1, 1, 1, 1, 1, 1, 1, 1, 1, 1]",2.3,1.68,3.17,0.29,1150643.5
AMWL,8.69,9,"[1, 1, 1, 1, 0, 1, 1, 1, 1, 1]",7.31,5.75,9.83,3.78,106944.4
TTEC,2.35,1,"[0, 0, 0, 0, 0, 0, 0, 0, 1, 0]",2.68,3.07,5.53,2.06,482026.85
DFDV,3.41,1,"[0, 0, 0, 0, 0, 0, 0, 0, 1, 0]",4.03,7.43,31.27,2.65,1008855.5
BNAI,19.18,6,"[0, 0, 1, 1, 1, 1, 1, 0, 1, 0]",26.95,17.01,63.0,1.2,917233.9
TMCI,3.92,7,"[1, 1, 1, 1, 0, 0, 1, 0, 1, 1]",2.51,3.45,7.7,1.2,656864.8
CHGG,1.1,7,"[0, 1, 1, 1, 0, 1, 1, 0, 1, 1]",1.12,1.03,1.84,0.45,1792318.85
HSDT,1.75,2,"[0, 0, 0, 0, 0, 0, 1, 0, 1, 0]",1.98,4.79,24.13,1.27,431911.05
SAFX,0.34,3,"[0, 0, 0, 1, 0, 0, 1, 0, 1, 0]",0.46,0.6,2.27,0.14,4201562.9
AIFC,0.73,1,"[0, 0, 0, 0, 0, 0, 0, 0, 1, 0]",0.87,1.82,9.87,0.64,1393281.65
SUIG,1.44,1,"[0, 0, 0, 0, 0, 0, 0, 0, 1, 0]",1.49,2.22,7.45,1.14,384990.7
GCTS,2.61,9,"[1, 1, 1, 1, 1, 1, 1, 0, 1, 1]",2.04,1.5,3.73,0.99,11934266.0
FFAI,0.32,2,"[0, 0, 0, 0, 0, 0, 1, 0, 1, 0]",0.34,0.9,3.0,0.22,14928328.0
PEPG,1.53,4,"[0, 0, 0, 0, 1, 1, 1, 0, 1, 0]",1.6,4.05,7.17,1.01,613393.7
BLNK,0.66,2,"[0, 0, 0, 0, 0, 0, 1, 0, 1, 0]",0.75,1.02,2.5,0.5,1977582.85
GUTS,0.85,3,"[1, 0, 0, 0, 0, 0, 1, 0, 1, 0]",0.7,1.1,2.37,0.39,1613825.85
INO,1.1,1,"[0, 0, 0, 0, 0, 0, 0, 0, 1, 0]",1.19,1.81,2.87,1.05,2102773.15
RANI,0.77,4,"[0, 0, 0, 0, 1, 1, 1, 0, 1, 0]",0.91,1.17,2.85,0.41,1107971.35
CMTL,2.76,4,"[0, 0, 0, 0, 1, 1, 1, 0, 1, 0]",4.16,3.95,5.98,1.92,624152.1
VRA,3.69,10,"[1, 1, 1, 1, 1, 1, 1, 1, 1, 1]",3.68,2.81,4.26,1.8,670131.25
TUSK,3.09,9,"[1, 1, 1, 1, 1, 1, 1, 1, 1, 0]",2.93,2.37,3.84,1.73,333427.7
STIM,1.27,1,"[0, 0, 0, 0, 0, 0, 0, 0, 1, 0]",1.49,1.89,4.66,1.18,2037376.65
ARQ,2.72,4,"[1, 0, 0, 0, 0, 0, 1, 0, 1, 1]",2.47,4.01,7.73,1.64,258929.8
LICN,2.8,3,"[0, 0, 0, 1, 0, 0, 1, 0, 1, 0]",4.06,3.76,8.63,0.84,832310.65
HCAT,1.84,4,"[1, 0, 0, 0, 0, 0, 1, 0, 1, 1]",1.38,2.16,4.09,1.0,2523386.3
BMEA,1.2,2,"[0, 0, 0, 1, 0, 0, 0, 0, 1, 0]",1.54,1.47,2.9,0.96,1071465.55
CBUS,1.27,2,"[0, 0, 0, 0, 1, 0, 0, 0, 1, 0]",1.42,1.79,4.05,1.16,283437.3
GEOS,7.35,1,"[0, 0, 0, 0, 0, 0, 0, 0, 1, 0]",8.83,15.15,28.41,6.89,162580.65
HOVR,2.26,8,"[1, 1, 1, 1, 0, 1, 1, 0, 1, 1]",2.18,2.05,3.91,1.2,3737173.95
CGTX,1.21,4,"[1, 0, 0, 0, 0, 0, 1, 0, 1, 1]",1.17,1.4,3.18,0.25,1101901.85
FLL,3.04,7,"[1, 1, 1, 1, 0, 0, 1, 0, 1, 1]",2.63,2.67,4.95,2.15,252107.6
CYPH,0.81,4,"[0, 0, 0, 0, 1, 1, 1, 0, 1, 0]",0.97,0.87,2.97,0.24,8125911.4
CRGO,1.62,2,"[0, 0, 0, 0, 0, 0, 1, 0, 1, 0]",1.91,2.48,4.1,1.21,106606.65
DTI,2.53,4,"[0, 0, 0, 0, 1, 1, 1, 0, 1, 0]",3.09,2.93,4.49,1.81,228494.9
BTCS,1.2,1,"[0, 0, 0, 0, 0, 0, 0, 0, 1, 0]",1.72,2.74,6.5,1.13,770207.45
ZVIA,1.27,1,"[0, 0, 0, 0, 0, 0, 0, 0, 1, 0]",1.34,1.92,3.64,1.13,1155844.4
LAKE,10.42,5,"[1, 1, 0, 0, 0, 0, 1, 0, 1, 1]",10.09,11.54,17.29,7.58,198025.55
ALDX,1.76,4,"[1, 0, 0, 0, 0, 0, 1, 0, 1, 1]",1.68,4.03,5.89,1.24,1025314.55
SKLZ,8.85,8,"[1, 1, 1, 1, 0, 1, 1, 0, 1, 1]",6.73,5.65,12.45,2.28,445654.45
EXFY,1.31,5,"[1, 1, 0, 0, 0, 0, 1, 0, 1, 1]",1.05,1.36,2.61,0.75,851056.05
ONCY,0.85,3,"[0, 0, 0, 0, 0, 0, 1, 0, 1, 1]",0.92,1.03,1.42,0.64,1608373.95
TEAD,1.3,7,"[1, 1, 1, 1, 0, 0, 1, 0, 1, 1]",0.97,1.0,3.11,0.59,307015.5
NRXP,4.08,9,"[1, 1, 1, 1, 0, 1, 1, 1, 1, 1]",3.24,2.64,4.62,1.68,1707208.6
OCCI,2.81,1,"[0, 0, 0, 0, 0, 0, 0, 0, 1, 0]",3.16,3.83,5.08,2.62,191443.5
SKBL,3.02,5,"[0, 0, 0, 1, 1, 1, 1, 0, 1, 0]",3.39,3.06,12.98,0.44,213150.0
ARBE,0.89,2,"[0, 0, 0, 0, 0, 0, 1, 0, 1, 0]",0.9,1.25,2.69,0.56,4469192.55
PODC,3.79,10,"[1, 1, 1, 1, 1, 1, 1, 1, 1, 1]",3.51,2.54,4.98,1.3,171745.55
TLYS,5.1,10,"[1, 1, 1, 1, 1, 1, 1, 1, 1, 1]",4.57,2.55,5.45,1.13,485575.7
UPXI,1.08,2,"[0, 0, 0, 0, 0, 0, 1, 0, 1, 0]",1.23,2.65,10.79,0.56,2473006.4
LGO,0.82,1,"[0, 0, 0, 0, 0, 0, 0, 0, 1, 0]",1.09,1.27,2.52,0.75,776683.65
BAER,1.86,4,"[0, 0, 0, 0, 1, 1, 0, 0, 1, 1]",2.01,2.04,3.27,1.55,920699.15
SEV,2.24,3,"[0, 0, 0, 0, 1, 0, 1, 0, 1, 0]",2.62,2.24,10.84,1.41,209769.8
FRMM,5.14,4,"[1, 0, 0, 0, 0, 0, 1, 0, 1, 1]",4.26,9.62,107.0,1.79,315206.25
GNSS,1.88,3,"[0, 0, 0, 0, 0, 1, 0, 0, 1, 1]",1.93,2.08,2.58,1.47,134865.55
ATYR,0.44,1,"[0, 0, 0, 0, 0, 0, 0, 0, 1, 0]",0.67,1.06,6.61,0.4,2941581.25
OCC,20.72,10,"[1, 1, 1, 1, 1, 1, 1, 1, 1, 1]",12.78,8.49,26.92,2.62,1650460.15
QTTB,12.86,10,"[1, 1, 1, 1, 1, 1, 1, 1, 1, 1]",7.61,4.53,14.0,1.36,1641741.85
STEX,1.01,3,"[0, 0, 0, 0, 0, 0, 1, 0, 1, 1]",1.07,3.11,11.55,0.76,1871180.95
AIRG,6.9,10,"[1, 1, 1, 1, 1, 1, 1, 1, 1, 1]",6.73,4.91,7.39,3.07,108267.5
LIDR,1.61,2,"[0, 0, 0, 0, 0, 0, 1, 0, 1, 0]",1.88,2.16,4.43,0.74,1139302.35
MXCT,1.16,5,"[1, 1, 0, 0, 0, 0, 1, 0, 1, 1]",0.97,1.22,2.33,0.68,941039.0
AGH,4.73,8,"[1, 1, 1, 1, 0, 1, 1, 0, 1, 1]",4.21,4.24,7.82,0.57,3248440.5
AVD,2.75,3,"[1, 0, 0, 0, 0, 0, 1, 0, 1, 0]",2.74,4.14,5.81,2.06,372403.75
NAMM,1.96,4,"[1, 0, 0, 0, 0, 0, 1, 0, 1, 1]",1.89,2.27,16.6,0.92,2858484.1
SPAI,4.88,6,"[1, 1, 0, 0, 0, 1, 1, 0, 1, 1]",4.6,5.24,8.95,2.4,349973.05
CLNN,5.77,4,"[0, 0, 0, 1, 0, 1, 1, 0, 1, 0]",6.34,6.56,12.5,3.36,110105.65
BTMD,2.25,5,"[1, 1, 0, 0, 0, 0, 1, 0, 1, 1]",2.08,2.4,4.55,1.3,220246.6
GRWG,1.51,7,"[1, 1, 1, 1, 0, 1, 1, 0, 1, 0]",1.42,1.46,2.2,0.87,393541.45
DTCX,2.15,2,"[0, 0, 0, 0, 0, 0, 1, 0, 1, 0]",2.25,3.25,15.46,1.63,288370.75
GECC,5.7,1,"[0, 0, 0, 0, 0, 0, 0, 0, 1, 0]",5.71,6.64,10.3,4.74,122215.05
PN,3.89,2,"[0, 0, 0, 0, 0, 0, 1, 0, 1, 0]",3.93,11.26,82.0,2.21,670027.0
TCRX,0.95,2,"[0, 0, 0, 1, 0, 0, 0, 0, 1, 0]",1.1,1.28,2.52,0.9,425641.9
DOMH,3.26,2,"[1, 0, 0, 0, 0, 0, 0, 0, 1, 0]",3.02,3.78,6.22,2.53,219229.1
STEM,7.76,1,"[0, 0, 0, 0, 0, 0, 0, 0, 1, 0]",9.62,14.6,29.79,6.17,177578.05
ZTEK,0.43,1,"[0, 0, 0, 0, 0, 0, 0, 0, 1, 0]",0.58,0.7,1.49,0.42,136809.1
JFB,5.05,4,"[0, 0, 0, 0, 1, 1, 1, 0, 1, 0]",5.7,7.54,16.78,2.3,668030.4
ANVS,1.78,2,"[0, 0, 0, 0, 1, 0, 0, 0, 1, 0]",1.97,2.58,5.1,1.59,1374015.8
ZSQR,12.77,4,"[1, 0, 0, 0, 0, 0, 1, 0, 1, 1]",12.02,13.55,18.8,7.05,270551.7
STSS,1.12,1,"[0, 0, 0, 0, 0, 0, 0, 0, 1, 0]",1.71,3.39,16.03,1.11,271211.65
ACRV,1.52,3,"[0, 0, 0, 0, 1, 1, 0, 0, 1, 0]",1.72,1.85,3.01,1.18,399560.2
SYPR,2.52,5,"[0, 0, 0, 1, 1, 1, 1, 0, 1, 0]",3.25,2.75,4.18,1.83,162294.05
AFCG,3.33,7,"[1, 1, 1, 1, 0, 0, 1, 0, 1, 1]",3.14,3.04,4.75,2.05,189811.7
PMVP,1.06,2,"[0, 0, 0, 1, 0, 0, 0, 0, 1, 0]",1.3,1.31,1.8,1.02,279789.3
MDAI,1.84,5,"[0, 1, 1, 1, 0, 0, 1, 0, 1, 0]",2.04,1.82,3.14,1.2,1055384.65
BDMD,1.22,3,"[0, 0, 0, 1, 0, 0, 1, 0, 1, 0]",1.63,1.68,7.1,0.77,109897.95
CPSH,7.21,9,"[1, 1, 1, 1, 1, 1, 1, 0, 1, 1]",5.92,4.41,11.59,2.42,4641479.75
OMEX,0.91,1,"[0, 0, 0, 0, 0, 0, 0, 0, 1, 0]",1.05,1.74,4.12,0.77,718480.5
ATRA,9.96,5,"[1, 1, 0, 0, 0, 0, 1, 0, 1, 1]",7.59,10.03,18.09,4.18,119697.5
CPIX,5.6,10,"[1, 1, 1, 1, 1, 1, 1, 1, 1, 1]",4.61,3.69,6.15,1.9,106758.85
PDSB,1.02,5,"[0, 1, 1, 1, 0, 0, 1, 0, 1, 0]",1.11,0.93,1.78,0.54,1068607.9
FLD,0.66,1,"[0, 0, 0, 0, 0, 0, 0, 0, 1, 0]",1.18,2.3,4.71,0.58,6531341.3
RRGB,4.92,7,"[1, 1, 1, 1, 0, 0, 1, 0, 1, 1]",4.05,4.55,7.44,2.59,603819.9
LFVN,6.61,6,"[1, 1, 0, 1, 0, 0, 1, 0, 1, 1]",6.06,6.73,14.13,3.99,887030.3
XTIA,1.86,8,"[0, 1, 1, 1, 1, 1, 1, 0, 1, 1]",1.95,1.78,4.1,1.24,2521640.15
KLXE,2.78,7,"[0, 1, 1, 1, 1, 1, 1, 0, 1, 0]",3.1,2.35,4.27,1.53,371295.5
FEAM,1.71,2,"[0, 0, 0, 0, 0, 0, 1, 0, 1, 0]",1.71,3.01,7.03,1.22,165650.6
SNBR,0.22,1,"[0, 0, 0, 0, 0, 0, 0, 0, 1, 0]",1.8,5.8,12.37,0.22,23190928.2
CING,4.93,5,"[0, 0, 0, 0, 1, 1, 1, 0, 1, 1]",5.01,4.94,11.66,3.33,813492.1
IXHL,3.67,2,"[0, 0, 0, 0, 0, 0, 1, 0, 1, 0]",3.72,8.83,48.9,2.56,285915.45
IMMP,0.37,1,"[0, 0, 0, 0, 0, 0, 0, 0, 1, 0]",0.45,1.69,3.18,0.31,881688.5
IBIO,1.65,5,"[0, 0, 0, 0, 1, 1, 1, 0, 1, 1]",1.81,1.71,3.07,0.57,785021.25
EHTH,1.73,3,"[1, 0, 0, 0, 0, 0, 1, 0, 1, 0]",1.71,3.01,5.65,1.24,361916.8
LIXT,6.72,9,"[1, 1, 1, 1, 0, 1, 1, 1, 1, 1]",4.83,4.16,7.25,0.71,264416.25
VNCE,5.01,10,"[1, 1, 1, 1, 1, 1, 1, 1, 1, 1]",4.16,3.17,5.57,1.26,146674.45
HYFT,1.56,4,"[1, 0, 0, 0, 0, 0, 1, 0, 1, 1]",1.39,1.63,3.2,0.85,627126.75
BLNE,1.27,3,"[0, 0, 0, 0, 0, 0, 1, 0, 1, 1]",1.7,2.42,4.35,0.66,612865.75
PSIG,10.8,10,"[1, 1, 1, 1, 1, 1, 1, 1, 1, 1]",7.45,5.29,10.8,2.56,1453929.3
BTM,0.22,2,"[0, 0, 0, 0, 0, 0, 1, 0, 1, 0]",3.14,10.66,45.36,0.17,888687.75
SPWH,1.25,1,"[0, 0, 0, 0, 0, 0, 0, 0, 1, 0]",1.39,1.81,3.81,1.13,548884.85
ONMD,0.56,3,"[0, 0, 0, 0, 0, 1, 1, 0, 1, 0]",0.87,1.15,3.14,0.34,307120.85
GRML,0.29,3,"[0, 0, 0, 1, 0, 0, 1, 0, 1, 0]",0.39,0.42,1.66,0.22,3674570.15
AMPG,7.5,9,"[1, 1, 1, 1, 0, 1, 1, 1, 1, 1]",3.55,3.35,8.67,1.76,9418723.7
CHRN,19.15,10,"[1, 1, 1, 1, 1, 1, 1, 1, 1, 1]",14.23,8.77,23.36,2.82,367278.6
KZR,7.29,9,"[1, 1, 1, 1, 1, 1, 1, 1, 1, 0]",7.13,5.81,7.45,3.59,125152.4
IPWR,6.22,8,"[1, 1, 1, 1, 0, 1, 1, 0, 1, 1]",5.09,4.4,8.99,2.68,1411036.15
SQNS,3.27,2,"[0, 0, 0, 0, 0, 0, 1, 0, 1, 0]",3.41,5.25,53.9,2.43,247594.15
MLGO,4.98,5,"[1, 1, 0, 0, 0, 0, 1, 0, 1, 1]",4.46,6.11,23.1,3.13,759159.1
STKE,1.31,2,"[0, 0, 0, 0, 0, 0, 1, 0, 1, 0]",1.42,2.51,15.04,0.89,213220.45
ILLR,0.18,2,"[0, 0, 0, 0, 0, 0, 1, 0, 1, 0]",0.23,0.4,1.48,0.03,5456652.2
VIVO,5.24,8,"[1, 1, 1, 1, 0, 0, 1, 1, 1, 1]",3.92,3.35,6.87,1.21,2118876.45
USEG,1.02,5,"[1, 1, 0, 0, 0, 0, 1, 0, 1, 1]",0.94,1.04,2.12,0.69,1584737.3
BWEN,3.96,9,"[1, 1, 1, 1, 1, 1, 1, 1, 1, 0]",3.08,2.7,4.52,1.77,557704.55
COCH,0.65,2,"[0, 0, 0, 0, 0, 0, 1, 0, 1, 0]",0.68,0.77,1.7,0.39,132919.8
BIRD,3.84,3,"[0, 0, 0, 1, 0, 0, 1, 0, 1, 0]",5.32,4.93,16.99,2.39,380465.75
BEAT,0.78,2,"[0, 0, 0, 0, 0, 0, 1, 0, 1, 0]",0.92,1.45,3.44,0.58,605316.6
FTEK,1.31,1,"[0, 0, 0, 0, 0, 0, 0, 0, 1, 0]",1.42,1.86,3.63,1.19,175571.65
PPSI,4.27,7,"[1, 1, 1, 0, 0, 1, 1, 0, 1, 1]",3.92,4.07,6.08,2.37,301259.3
TELA,0.8,2,"[0, 0, 0, 0, 0, 0, 1, 0, 1, 0]",0.83,1.07,2.14,0.56,112055.0
GAME,0.46,6,"[1, 1, 0, 1, 0, 0, 1, 0, 1, 1]",0.44,0.49,2.31,0.25,1582944.2
ARAY,0.32,2,"[0, 0, 0, 0, 0, 0, 0, 0, 1, 1]",0.38,0.87,1.85,0.27,5048598.3
ELUT,0.97,4,"[0, 1, 0, 1, 0, 0, 1, 0, 1, 0]",1.07,0.99,2.46,0.5,109416.95
FATN,5.73,7,"[1, 1, 1, 1, 0, 0, 1, 0, 1, 1]",3.96,3.49,9.84,1.45,653197.7
FGNX,6.58,3,"[0, 0, 0, 0, 0, 0, 1, 0, 1, 1]",6.61,15.11,191.5,4.23,133128.55
PSTV,4.85,2,"[0, 0, 0, 0, 0, 0, 1, 0, 1, 0]",5.77,10.01,22.25,2.92,151319.65
AHMA,1.93,5,"[1, 0, 0, 0, 1, 0, 1, 0, 1, 1]",1.19,1.93,37.11,0.79,6363121.35
HYPD,2.92,1,"[0, 0, 0, 0, 0, 0, 0, 0, 1, 0]",3.61,4.9,15.97,2.52,601306.2
ASTI,6.72,9,"[1, 1, 1, 1, 1, 1, 1, 0, 1, 1]",5.43,4.08,9.02,1.16,3190370.8
DARE,1.98,5,"[0, 1, 0, 1, 0, 1, 1, 0, 1, 0]",2.28,1.99,3.27,1.3,246156.05
ABLV,1.11,9,"[1, 1, 1, 1, 0, 1, 1, 1, 1, 1]",0.87,0.81,1.23,0.58,120950.6
ALGS,5.11,1,"[0, 0, 0, 0, 0, 0, 0, 0, 1, 0]",6.25,8.15,13.3,4.91,110714.85
BEEM,1.18,1,"[0, 0, 0, 0, 0, 0, 0, 0, 1, 0]",1.59,1.93,3.88,1.11,521515.25
SST,2.88,2,"[0, 0, 0, 0, 0, 0, 1, 0, 1, 0]",3.19,4.43,10.76,1.37,164986.75
WKHS,2.87,1,"[0, 0, 0, 0, 0, 0, 0, 0, 1, 0]",3.11,6.85,53.04,2.34,173687.65
INMB,1.28,1,"[0, 0, 0, 0, 0, 0, 0, 0, 1, 0]",1.38,1.59,8.02,1.12,297552.3
JZ,0.19,1,"[0, 0, 0, 0, 0, 0, 0, 0, 1, 0]",0.79,1.16,3.1,0.19,8835052.3
PSQH,0.49,1,"[0, 0, 0, 0, 0, 0, 0, 0, 1, 0]",0.63,1.16,2.83,0.48,330070.2
HCHL,3.96,8,"[1, 1, 1, 1, 0, 1, 1, 0, 1, 1]",2.59,2.76,5.6,1.0,1171330.0
RPGL,2.38,2,"[0, 0, 0, 0, 1, 0, 0, 0, 1, 0]",23.1,2.38,3984.0,2.16,641328.8
GRCE,2.21,3,"[0, 0, 0, 0, 1, 0, 0, 0, 1, 1]",2.77,3.31,5.13,2.1,287197.85
BGDE,8.58,7,"[1, 1, 1, 1, 0, 0, 1, 0, 1, 1]",6.04,7.82,33.6,1.71,116410.1
TRAW,0.76,1,"[0, 0, 0, 0, 0, 0, 0, 0, 1, 0]",1.47,1.88,3.13,0.76,718283.1
ARAI,0.5,1,"[0, 0, 0, 0, 0, 0, 0, 0, 1, 0]",0.71,2.45,12.15,0.46,1229121.45
ABVE,0.1,2,"[0, 0, 0, 0, 0, 0, 1, 0, 1, 0]",0.54,1.79,5.28,0.06,5702171.1
AGPU,7.31,7,"[1, 1, 1, 1, 0, 0, 1, 0, 1, 1]",5.92,6.79,18.0,1.41,370646.35
MNTS,10.23,6,"[1, 1, 0, 1, 0, 0, 1, 0, 1, 1]",8.17,11.84,34.11,3.23,12704913.15
BZFD,1.44,6,"[1, 1, 1, 1, 0, 0, 1, 0, 1, 0]",1.11,1.15,2.56,0.57,1849887.35
SKYE,0.73,1,"[0, 0, 0, 0, 0, 0, 0, 0, 1, 0]",0.81,1.37,4.75,0.58,189569.05
QCLS,4.07,5,"[1, 1, 1, 0, 0, 0, 1, 0, 1, 0]",3.9,4.07,15.4,2.76,450183.65
UPLD,0.65,1,"[0, 0, 0, 0, 0, 0, 0, 0, 1, 0]",0.73,1.41,2.96,0.51,221573.75
LASE,1.97,5,"[1, 1, 0, 0, 0, 0, 1, 0, 1, 1]",1.25,2.19,6.51,0.6,38126824.25
QNTM,3.7,2,"[0, 0, 0, 0, 0, 0, 1, 0, 1, 0]",4.93,8.04,35.0,2.1,478575.65
DBGI,0.84,2,"[0, 0, 0, 0, 0, 0, 1, 0, 1, 0]",1.24,6.05,17.78,0.29,14701659.75
NEON,1.14,1,"[0, 0, 0, 0, 0, 0, 0, 0, 1, 0]",1.59,2.63,29.3,1.14,255259.55
AIFF,1.52,4,"[0, 1, 0, 1, 0, 0, 1, 0, 1, 0]",1.81,1.77,3.16,0.64,352183.45
VEEA,0.35,2,"[0, 0, 0, 1, 0, 0, 0, 0, 1, 0]",0.56,0.58,2.02,0.35,428810.2
SPPL,3.55,6,"[1, 1, 0, 0, 0, 1, 1, 0, 1, 1]",2.73,3.72,6.62,1.8,1965166.15
OTLK,1.16,6,"[1, 1, 1, 0, 0, 0, 1, 0, 1, 1]",0.43,0.87,2.97,0.2,42655129.9
EVTV,1.55,4,"[0, 0, 0, 1, 0, 1, 1, 0, 1, 0]",1.93,1.71,4.08,0.36,752486.75
FEMY,3.98,2,"[0, 0, 0, 0, 1, 0, 0, 0, 1, 0]",7.47,11.03,20.8,3.98,132459.45
JSPR,0.48,1,"[0, 0, 0, 0, 0, 0, 0, 0, 1, 0]",0.81,1.57,6.82,0.46,639382.3
UFG,0.78,2,"[0, 0, 0, 0, 0, 0, 0, 0, 1, 1]",0.82,1.74,9.65,0.67,792549.6
DFLI,1.91,2,"[0, 0, 0, 0, 0, 0, 0, 0, 1, 1]",2.0,4.73,19.7,1.54,483317.3
ALLR,1.48,9,"[1, 1, 1, 1, 0, 1, 1, 1, 1, 1]",1.45,1.3,1.97,0.81,235086.2
VTGN,0.57,1,"[0, 0, 0, 0, 0, 0, 0, 0, 1, 0]",0.6,1.89,4.9,0.51,623892.35
SDST,1.86,1,"[0, 0, 0, 0, 0, 0, 0, 0, 1, 0]",2.42,3.3,7.09,1.74,213165.9
LTRN,3.69,6,"[1, 1, 1, 0, 0, 0, 1, 0, 1, 1]",2.79,3.23,5.32,1.12,245349.65
MVO,1.62,3,"[0, 0, 0, 1, 0, 0, 1, 0, 1, 0]",2.18,2.61,5.29,0.91,148130.75
GWH,0.8,1,"[0, 0, 0, 0, 0, 0, 0, 0, 1, 0]",1.02,1.93,9.05,0.77,570366.0
ONEG,1.41,4,"[0, 0, 0, 1, 0, 0, 1, 0, 1, 1]",3.08,4.96,12.99,0.85,1152949.5
MOBX,1.97,2,"[0, 0, 0, 0, 0, 0, 1, 0, 1, 0]",2.44,4.82,12.1,1.46,3650051.65
GRDX,4.86,8,"[1, 1, 1, 1, 0, 1, 1, 0, 1, 1]",3.68,3.41,6.8,1.1,130563.6
QNCX,0.93,1,"[0, 0, 0, 0, 0, 0, 0, 0, 1, 0]",1.2,13.27,44.0,0.8,1996772.3
AUID,1.19,3,"[0, 0, 0, 0, 0, 0, 1, 0, 1, 1]",1.19,1.75,5.66,0.86,125404.35
SNAL,0.67,2,"[0, 0, 0, 0, 0, 0, 1, 0, 1, 0]",0.76,0.83,1.7,0.38,1847016.45
COCP,0.99,2,"[0, 0, 0, 1, 0, 0, 0, 0, 1, 0]",1.27,1.14,1.94,0.86,119415.35
KTTA,0.56,3,"[0, 0, 0, 0, 1, 0, 1, 0, 1, 0]",0.72,0.81,1.47,0.29,451567.0
LGVN,0.79,6,"[0, 1, 1, 1, 0, 0, 1, 0, 1, 1]",0.88,0.75,1.74,0.48,295031.75
LPCN,2.29,4,"[1, 0, 0, 0, 1, 0, 0, 0, 1, 1]",2.27,4.69,11.26,1.94,107640.85
SAGT,1.04,2,"[0, 0, 0, 0, 0, 0, 0, 0, 1, 1]",1.42,1.89,2.69,0.88,513554.6
OSRH,0.38,1,"[0, 0, 0, 0, 0, 0, 0, 0, 1, 0]",0.53,0.58,1.62,0.38,1121006.85
OFAL,0.24,1,"[0, 0, 0, 0, 0, 0, 0, 0, 1, 0]",0.51,0.71,3.32,0.22,1066675.55
SEGG,1.23,4,"[0, 1, 0, 1, 0, 0, 1, 0, 1, 0]",1.27,2.09,13.7,0.51,1925847.45
ENGS,1.91,6,"[1, 1, 0, 1, 0, 0, 1, 0, 1, 1]",1.39,2.64,12.22,0.64,501526.7
AGAE,2.36,4,"[0, 1, 0, 1, 0, 0, 1, 0, 1, 0]",2.76,3.08,19.26,1.54,235354.7
NIXX,0.87,5,"[1, 1, 0, 0, 0, 0, 1, 0, 1, 1]",0.69,1.03,2.36,0.49,5844840.9
TOMZ,0.72,3,"[0, 0, 0, 1, 0, 0, 1, 0, 1, 0]",0.74,0.79,1.1,0.53,348788.55
AIIO,2.76,3,"[1, 0, 0, 0, 0, 0, 1, 0, 1, 0]",1.88,10.9,52.4,0.59,8364068.65
SCNX,0.36,2,"[0, 0, 0, 0, 0, 0, 1, 0, 1, 0]",0.38,0.57,2.6,0.24,414382.85
GFAI,0.45,1,"[0, 0, 0, 0, 0, 0, 0, 0, 1, 0]",0.5,0.71,1.42,0.39,2762873.9
NWGL,0.35,1,"[0, 0, 0, 0, 0, 0, 0, 0, 1, 0]",0.86,1.17,5.63,0.35,968097.45
TBH,4.04,3,"[0, 0, 0, 1, 0, 0, 1, 0, 1, 0]",4.94,6.2,19.2,1.82,120371.2
SKYQ,1.2,2,"[0, 0, 0, 1, 0, 0, 0, 0, 1, 0]",4.76,3.65,12.59,1.2,2713363.9
TURB,1.42,4,"[0, 0, 0, 1, 0, 0, 1, 0, 1, 1]",1.68,2.24,12.4,0.61,1024054.25
AKAN,17.75,5,"[1, 1, 0, 1, 0, 0, 1, 0, 1, 0]",17.58,25.93,107.43,2.68,749400.85
MDCX,0.32,2,"[0, 0, 0, 0, 0, 0, 0, 0, 1, 1]",0.34,1.36,3.4,0.28,2358421.5
BFRI,1.0,8,"[1, 1, 1, 1, 0, 0, 1, 1, 1, 1]",0.99,0.91,1.16,0.57,175551.0
MBRX,2.71,4,"[1, 0, 0, 0, 0, 0, 1, 0, 1, 1]",2.48,5.81,20.9,1.96,244134.7
HOTH,1.12,5,"[1, 1, 0, 0, 0, 0, 1, 0, 1, 1]",0.9,1.13,2.22,0.51,21823139.85
PHIO,1.1,2,"[0, 0, 0, 0, 0, 0, 0, 0, 1, 1]",1.16,1.41,2.74,0.86,133864.75
BFRG,0.64,3,"[0, 0, 0, 0, 0, 0, 1, 0, 1, 1]",0.77,0.93,1.74,0.46,326082.5
APRE,0.7,1,"[0, 0, 0, 0, 0, 0, 0, 0, 1, 0]",0.85,1.03,2.08,0.59,139139.5
LNAI,2.61,4,"[1, 0, 0, 0, 0, 0, 1, 0, 1, 1]",2.57,6.76,29.44,1.47,130521.95
STFS,8.18,6,"[1, 1, 1, 1, 0, 0, 1, 0, 1, 0]",7.09,5.9,95.2,3.12,175706.9
ATER,1.25,9,"[1, 1, 1, 1, 0, 1, 1, 1, 1, 1]",1.0,0.85,1.66,0.54,267350.4
GTBP,0.47,4,"[1, 0, 0, 0, 0, 0, 1, 0, 1, 1]",0.39,0.59,3.8,0.27,1776136.95
XWEL,1.22,6,"[0, 1, 1, 1, 0, 1, 1, 0, 1, 0]",1.28,0.97,1.7,0.29,128555.2
LHSW,0.16,1,"[0, 0, 0, 0, 0, 0, 0, 0, 1, 0]",0.2,0.93,3.03,0.14,4161784.8
BIVI,1.66,7,"[1, 1, 1, 1, 0, 0, 1, 0, 1, 1]",1.52,1.51,10.9,1.06,109016.85
RVPH,0.7,3,"[0, 0, 0, 0, 0, 0, 1, 0, 1, 1]",0.7,6.03,16.8,0.33,177538.95
YYGH,0.13,1,"[0, 0, 0, 0, 0, 0, 0, 0, 1, 0]",0.86,12.04,169.5,0.12,69693842.35
NOTV,0.04,1,"[0, 0, 0, 0, 0, 0, 0, 0, 1, 0]",0.25,0.69,2.36,0.04,60577962.2
DTSS,0.78,1,"[0, 0, 0, 0, 0, 0, 0, 0, 1, 0]",0.91,1.26,2.3,0.65,820545.95
GDC,0.11,1,"[0, 0, 0, 0, 0, 0, 0, 0, 1, 0]",1.77,3.75,9.73,0.1,51178111.2
TDIC,5.43,2,"[0, 0, 0, 1, 0, 0, 0, 0, 1, 0]",30.18,118.81,908.75,5.43,1659618.35
BIAF,1.37,3,"[0, 0, 0, 1, 0, 0, 1, 0, 1, 0]",2.21,2.45,10.95,0.75,182256.65
CODX,3.78,4,"[1, 0, 0, 0, 0, 0, 1, 0, 1, 1]",3.1,6.43,37.8,1.28,16534035.3
ELPW,1.04,3,"[0, 0, 0, 0, 0, 0, 1, 0, 1, 1]",2.33,179.89,5248.0,0.75,7982923.35
CETX,3.85,1,"[0, 0, 0, 0, 0, 0, 0, 0, 1, 0]",9.12,32.55,202.5,3.82,114168.95
YMAT,0.62,5,"[1, 1, 0, 1, 0, 0, 1, 0, 1, 0]",0.61,0.72,5.74,0.24,10477198.05
FBGL,0.62,5,"[1, 0, 0, 0, 1, 0, 1, 0, 1, 1]",0.59,0.71,1.38,0.38,197981.55
GLE,0.47,6,"[1, 1, 0, 1, 0, 0, 1, 0, 1, 1]",0.42,0.49,3.6,0.26,9322760.65
BNZI,3.22,1,"[0, 0, 0, 0, 0, 0, 0, 0, 1, 0]",6.96,27.15,138.2,2.78,710131.55
AIXI,7.04,8,"[1, 1, 1, 1, 1, 1, 1, 0, 1, 0]",6.0,2.03,15.47,0.1,190756.25
MYSE,2.02,6,"[1, 1, 0, 1, 0, 0, 1, 0, 1, 1]",2.01,2.07,3.81,1.33,135980.45
FMFC,0.38,2,"[0, 0, 0, 0, 0, 0, 1, 0, 1, 0]",0.4,2.79,15.48,0.27,192539.9
LOBO,0.79,8,"[1, 1, 1, 1, 0, 1, 1, 0, 1, 1]",0.66,0.67,1.16,0.36,4610805.9
RMSG,0.61,3,"[0, 0, 0, 1, 0, 0, 1, 0, 1, 0]",1.33,1.54,5.21,0.35,13259828.4
MGRX,0.36,2,"[0, 0, 0, 0, 0, 0, 1, 0, 1, 0]",0.39,1.03,2.74,0.16,404399.0
POLA,1.79,4,"[0, 0, 0, 0, 0, 1, 1, 0, 1, 1]",1.84,2.29,5.27,1.35,144274.8
ANY,3.12,5,"[1, 1, 0, 0, 0, 0, 1, 0, 1, 1]",2.11,3.86,10.5,1.09,8892962.8
SMTK,0.29,3,"[0, 0, 0, 0, 0, 0, 1, 0, 1, 1]",0.31,0.99,2.83,0.17,29673879.55
ONFO,0.34,2,"[0, 0, 0, 1, 0, 0, 0, 0, 1, 0]",0.87,0.84,1.5,0.34,273577.85
CREG,0.19,1,"[0, 0, 0, 0, 0, 0, 0, 0, 1, 0]",0.47,1.04,3.6,0.18,16242461.25
FABC,3.42,4,"[0, 1, 0, 1, 0, 0, 1, 0, 1, 0]",3.7,3.63,8.41,1.78,1061837.15
OLB,0.42,1,"[0, 0, 0, 0, 0, 0, 0, 0, 1, 0]",0.47,0.8,2.12,0.34,258717.7
AEHL,1.04,2,"[0, 0, 0, 0, 0, 0, 1, 0, 1, 0]",1.3,8.92,25.98,0.49,975885.75
SNYR,0.2,1,"[0, 0, 0, 0, 0, 0, 0, 0, 1, 0]",0.36,1.54,3.97,0.19,6786445.5
BTQ,5.35,5,"[1, 1, 0, 0, 0, 0, 1, 0, 1, 1]",3.44,5.35,14.14,2.15,4226416.45
ENVB,1.48,1,"[0, 0, 0, 0, 0, 0, 0, 0, 1, 0]",2.63,4.74,17.4,1.48,249214.2
SUNE,2.54,8,"[1, 1, 1, 1, 0, 1, 1, 0, 1, 1]",1.64,1.46,5.88,0.78,17783465.05
ALP,0.27,2,"[0, 0, 0, 0, 0, 0, 1, 0, 1, 0]",0.3,2.08,10.91,0.18,20107023.95
GP,1.26,5,"[1, 1, 0, 0, 0, 0, 1, 0, 1, 1]",1.05,1.56,4.5,0.76,183054.55
GSUN,0.44,3,"[0, 0, 0, 0, 0, 0, 1, 0, 1, 1]",0.48,1.34,3.26,0.33,192102.4
RENX,1.73,1,"[0, 0, 0, 0, 0, 0, 0, 0, 1, 0]",2.14,10.07,38.6,1.42,311046.4
WNW,3.26,3,"[0, 0, 0, 0, 0, 0, 1, 0, 1, 1]",3.65,116.33,280.4,2.41,3596652.35
GOVX,1.18,1,"[0, 0, 0, 0, 0, 0, 0, 0, 1, 0]",1.57,6.61,33.0,1.05,15074461.85
JTAI,6.39,1,"[0, 0, 0, 0, 0, 0, 0, 0, 1, 0]",7.3,221.52,796.0,5.71,244123.4
NCI,10.65,5,"[1, 0, 0, 0, 1, 0, 1, 0, 1, 1]",8.1,17.26,96.0,3.95,785105.4
SOBR,0.97,2,"[0, 0, 0, 0, 0, 0, 1, 0, 1, 0]",0.98,1.79,4.74,0.5,247566.6
BYAH,1.48,4,"[1, 0, 0, 0, 0, 0, 1, 0, 1, 1]",1.2,9.12,2050.5,1.0,8431431.85
MNDR,0.68,1,"[0, 0, 0, 0, 0, 0, 0, 0, 1, 0]",0.86,1.74,6.95,0.67,214172.1
NCRA,0.12,1,"[0, 0, 0, 0, 0, 0, 0, 0, 1, 0]",0.21,0.78,1.97,0.11,36959054.45
CNEY,0.84,3,"[0, 0, 0, 0, 0, 0, 1, 0, 1, 1]",0.86,1.21,2.78,0.37,2159552.4
PMAX,2.16,1,"[0, 0, 0, 0, 0, 0, 0, 0, 1, 0]",2.68,16.64,41.04,1.86,578190.6
GLMD,0.62,3,"[0, 0, 0, 0, 0, 0, 1, 0, 1, 1]",0.64,0.91,2.33,0.47,1247252.9
OCG,1.9,1,"[0, 0, 0, 0, 0, 0, 0, 0, 1, 0]",1.94,832.95,6589.92,1.65,738522.6
SHPH,3.76,1,"[0, 0, 0, 0, 0, 0, 0, 0, 1, 0]",7.08,18.48,47.6,3.76,185017.05
LMFA,0.21,1,"[0, 0, 0, 0, 0, 0, 0, 0, 1, 0]",0.25,0.62,4.93,0.21,532879.95
VIVK,0.5,1,"[0, 0, 0, 0, 0, 0, 0, 0, 1, 0]",1.7,24.25,220.5,0.5,2695589.5
UCAR,1.22,2,"[0, 0, 0, 0, 0, 0, 1, 0, 1, 0]",1.47,12.38,45.1,0.38,1315329.8
IVDA,0.32,2,"[1, 0, 0, 0, 0, 0, 0, 0, 1, 0]",0.31,0.77,2.47,0.25,519726.7
MASK,2.41,4,"[1, 0, 0, 0, 0, 0, 1, 0, 1, 1]",2.27,7.47,92.75,1.24,12516570.55
AEMD,2.0,1,"[0, 0, 0, 0, 0, 0, 0, 0, 1, 0]",2.22,3.81,21.9,1.65,1727178.4
VRAX,0.17,3,"[0, 0, 0, 0, 0, 0, 1, 0, 1, 1]",0.17,0.35,1.11,0.1,53202682.85
SGLY,0.34,1,"[0, 0, 0, 0, 0, 0, 0, 0, 1, 0]",0.42,0.61,1.39,0.34,147835.55
ORKT,1.28,6,"[1, 1, 0, 1, 0, 0, 1, 0, 1, 1]",1.09,1.3,3.2,0.67,177034.1
VBIO,0.56,1,"[0, 0, 0, 0, 0, 0, 0, 0, 1, 0]",0.93,1.63,4.38,0.56,441810.25
MGN,0.15,2,"[0, 0, 0, 0, 1, 0, 0, 0, 1, 0]",0.18,0.15,4.85,0.14,7663961.65
BIYA,0.61,1,"[0, 0, 0, 0, 0, 0, 0, 0, 1, 0]",1.08,5.58,23.52,0.61,8873162.25
HCWB,1.22,4,"[1, 1, 0, 0, 0, 0, 1, 0, 1, 0]",0.95,1.91,6.02,0.27,15431698.25
JDZG,50.0,4,"[1, 0, 0, 0, 0, 0, 1, 0, 1, 1]",26.08,250.85,952.5,10.8,173813.5
NVVE,0.39,2,"[0, 0, 0, 0, 0, 0, 1, 0, 1, 0]",0.42,4.35,60.4,0.29,298560.25
GV,0.23,2,"[0, 0, 0, 0, 0, 0, 1, 0, 1, 0]",0.25,1.04,2.8,0.16,551600.75
ASBP,5.65,6,"[1, 1, 0, 1, 0, 0, 1, 0, 1, 1]",3.08,6.05,23.6,0.16,1047416.85
SDOT,23.47,4,"[1, 0, 0, 0, 0, 0, 1, 0, 1, 1]",16.9,64.41,386.0,2.73,4018388.95
ICON,0.94,1,"[0, 0, 0, 0, 0, 0, 0, 0, 1, 0]",1.17,4.03,16.3,0.81,350308.55
BTX,9.35,10,"[1, 1, 1, 1, 1, 1, 1, 1, 1, 1]",8.19,6.88,9.35,5.93,818337.15
NVDA,207.41,8,"[0, 1, 1, 1, 1, 1, 1, 1, 1, 0]",208.01,189.33,235.47,143.66,173428331.7
GOOGL,373.25,9,"[1, 1, 1, 1, 1, 1, 1, 1, 1, 0]",365.01,309.19,402.38,164.72,32715249.45
GOOG,371.1,9,"[1, 1, 1, 1, 1, 1, 1, 1, 1, 0]",362.22,308.73,398.8,165.54,23528602.55
AAPL,299.24,10,"[1, 1, 1, 1, 1, 1, 1, 1, 1, 1]",286.99,267.13,315.2,194.87,50171436.75
AMZN,246.0,7,"[0, 1, 1, 1, 1, 1, 0, 1, 1, 0]",256.16,232.67,274.99,198.79,41856934.6
AVGO,376.71,8,"[0, 1, 1, 1, 1, 1, 1, 1, 1, 0]",409.28,358.1,481.57,247.37,32786802.7
TSM,425.83,10,"[1, 1, 1, 1, 1, 1, 1, 1, 1, 1]",401.09,331.31,445.65,207.22,12181144.7
TSLA,404.66,5,"[1, 0, 0, 0, 0, 1, 1, 1, 1, 0]",400.35,416.3,489.88,293.94,46389143.55
WMT,121.03,7,"[0, 1, 1, 1, 1, 1, 0, 1, 1, 0]",125.27,115.83,134.2,93.47,26728528.6
LLY,1122.5,9,"[1, 1, 1, 0, 1, 1, 1, 1, 1, 1]",1003.66,959.71,1160.95,621.26,3236418.3
MU,1020.76,10,"[1, 1, 1, 1, 1, 1, 1, 1, 1, 1]",704.94,390.92,1087.99,104.73,54343074.35
AMD,507.29,10,"[1, 1, 1, 1, 1, 1, 1, 1, 1, 1]",399.12,257.53,547.26,126.79,32066300.4
INTC,117.05,10,"[1, 1, 1, 1, 1, 1, 1, 1, 1, 1]",98.56,54.48,129.44,19.31,129419201.95
XOM,141.86,8,"[0, 1, 1, 1, 1, 1, 1, 1, 1, 0]",150.51,132.76,170.31,102.56,16485807.5
ASML,1803.89,10,"[1, 1, 1, 1, 1, 1, 1, 1, 1, 1]",1557.71,1252.73,1899.48,686.0,1899884.45
ORCL,188.33,6,"[1, 1, 0, 1, 0, 0, 1, 0, 1, 1]",186.75,204.45,325.76,136.0,25928512.7
JNJ,235.18,10,"[1, 1, 1, 1, 1, 1, 1, 1, 1, 1]",229.82,213.07,247.14,146.14,7484174.45
CAT,945.46,10,"[1, 1, 1, 1, 1, 1, 1, 1, 1, 1]",863.76,663.05,945.46,353.85,2776379.2
CSCO,119.57,10,"[1, 1, 1, 1, 1, 1, 1, 1, 1, 1]",103.59,81.63,130.0,63.86,25006478.0
LRCX,369.34,10,"[1, 1, 1, 1, 1, 1, 1, 1, 1, 1]",292.31,207.01,388.92,90.06,10399703.95
CVX,180.11,8,"[0, 1, 1, 1, 1, 1, 1, 1, 1, 0]",186.84,168.91,209.23,137.43,9094091.95
AMAT,568.23,10,"[1, 1, 1, 1, 1, 1, 1, 1, 1, 1]",435.95,312.72,585.78,155.56,8687184.1
UNH,407.65,7,"[1, 1, 1, 1, 0, 1, 0, 0, 1, 1]",366.93,328.27,,,6774840.05
BABA,110.97,2,"[0, 0, 0, 0, 0, 1, 0, 0, 1, 0]",128.81,148.14,187.62,102.89,10711016.1
GE,351.73,9,"[1, 1, 1, 0, 1, 1, 1, 1, 1, 1]",305.37,304.15,351.73,234.51,4762729.75
HSBC,94.45,10,"[1, 1, 1, 1, 1, 1, 1, 1, 1, 1]",90.69,78.34,95.21,55.7,1846788.95
MS,220.83,10,"[1, 1, 1, 1, 1, 1, 1, 1, 1, 1]",195.75,173.36,220.83,127.02,5937665.35
AZN,178.71,6,"[0, 0, 0, 1, 1, 1, 1, 1, 1, 0]",188.13,181.16,208.62,135.08,1997513.35
GEV,982.35,8,"[0, 1, 1, 1, 1, 1, 1, 1, 1, 0]",1016.08,767.29,1149.53,485.89,2824243.6
GS,1090.67,10,"[1, 1, 1, 1, 1, 1, 1, 1, 1, 1]",962.22,865.49,1092.61,612.31,2356958.1
MRK,115.17,8,"[1, 1, 1, 1, 1, 1, 0, 0, 1, 1]",115.15,103.54,,,10982084.4
NVS,150.93,10,"[1, 1, 1, 1, 1, 1, 1, 1, 1, 1]",149.09,139.33,163.64,110.15,1705337.65
TXN,305.71,10,"[1, 1, 1, 1, 1, 1, 1, 1, 1, 1]",276.8,207.41,324.89,151.57,8370805.2
RY,201.13,10,"[1, 1, 1, 1, 1, 1, 1, 1, 1, 1]",183.37,163.71,201.13,125.26,1410206.15
KLAC,237.33,10,"[1, 1, 1, 1, 1, 1, 1, 1, 1, 1]",190.07,142.48,256.42,84.03,11797378.7
RTX,186.77,8,"[1, 0, 1, 0, 1, 1, 1, 1, 1, 1]",181.46,180.9,211.28,139.16,5432015.05
SNDK,1991.55,10,"[1, 1, 1, 1, 1, 1, 1, 1, 1, 1]",1346.82,593.06,2107.86,40.69,10975335.25
QCOM,214.07,9,"[1, 1, 1, 1, 0, 1, 1, 1, 1, 1]",187.13,164.68,250.1,123.61,21630845.6
ARM,396.34,10,"[1, 1, 1, 1, 1, 1, 1, 1, 1, 1]",253.22,164.89,412.55,104.55,13324155.85
C,142.99,10,"[1, 1, 1, 1, 1, 1, 1, 1, 1, 1]",128.43,111.98,142.99,75.65,11156237.1
BHP,92.51,10,"[1, 1, 1, 1, 1, 1, 1, 1, 1, 1]",83.44,66.91,93.15,45.25,2819428.75
ADI,416.0,9,"[1, 1, 1, 1, 1, 1, 1, 1, 1, 0]",396.46,307.15,437.67,217.76,5299945.2
NVO,43.55,2,"[1, 0, 0, 0, 0, 0, 0, 0, 1, 0]",42.69,46.98,70.91,34.76,12707894.75
MUFG,20.3,10,"[1, 1, 1, 1, 1, 1, 1, 1, 1, 1]",18.65,17.02,20.3,13.29,3179413.6
TTE,84.17,8,"[0, 1, 1, 1, 1, 1, 1, 1, 1, 0]",89.93,73.14,93.6,55.92,1292244.15
NEE,86.23,6,"[0, 0, 1, 1, 1, 1, 0, 1, 1, 0]",90.32,84.57,97.17,67.47,12747358.6
BA,227.49,8,"[1, 1, 1, 1, 1, 0, 0, 1, 1, 1]",223.86,218.75,252.15,179.12,6555948.8
TD,118.21,10,"[1, 1, 1, 1, 1, 1, 1, 1, 1, 1]",108.4,92.53,118.21,69.6,2282717.85
SAN,13.38,10,"[1, 1, 1, 1, 1, 1, 1, 1, 1, 1]",12.19,11.25,13.38,7.81,9510324.75
RIO,105.74,10,"[1, 1, 1, 1, 1, 1, 1, 1, 1, 1]",102.65,83.53,112.04,53.08,2630041.5
ANET,168.01,9,"[1, 1, 1, 1, 0, 1, 1, 1, 1, 1]",157.42,141.86,177.73,86.25,8693107.95
STX,1031.34,10,"[1, 1, 1, 1, 1, 1, 1, 1, 1, 1]",737.36,412.15,1031.34,129.2,3396304.35
DELL,404.08,10,"[1, 1, 1, 1, 1, 1, 1, 1, 1, 1]",272.9,169.97,465.96,110.73,12287266.35
PANW,279.9,9,"[1, 1, 1, 1, 0, 1, 1, 1, 1, 1]",220.06,195.19,300.48,141.67,9281851.0
WDC,681.08,10,"[1, 1, 1, 1, 1, 1, 1, 1, 1, 1]",463.73,259.48,681.08,58.41,7044448.95
GILD,127.23,4,"[0, 0, 0, 0, 1, 1, 0, 1, 1, 0]",131.57,127.65,153.91,103.24,8180196.95
GLW,177.42,8,"[0, 1, 1, 1, 1, 1, 1, 1, 1, 0]",177.86,119.05,207.96,49.87,12115441.9
BUD,82.35,10,"[1, 1, 1, 1, 1, 1, 1, 1, 1, 1]",77.81,68.22,83.96,56.26,1869235.85
APP,515.2,5,"[1, 0, 0, 0, 0, 1, 1, 0, 1, 1]",488.96,542.3,733.6,324.7,4954019.0
APH,158.81,10,"[1, 1, 1, 1, 1, 1, 1, 1, 1, 1]",141.44,135.72,165.92,92.31,10720688.5
DE,585.29,10,"[1, 1, 1, 1, 1, 1, 1, 1, 1, 1]",574.33,524.31,660.56,436.32,1589826.3
SCCO,194.53,10,"[1, 1, 1, 1, 1, 1, 1, 1, 1, 1]",182.14,156.8,215.55,85.21,1311341.75
WELL,213.5,10,"[1, 1, 1, 1, 1, 1, 1, 1, 1, 1]",210.34,193.22,220.14,148.43,3873081.6
MRVL,278.67,10,"[1, 1, 1, 1, 1, 1, 1, 1, 1, 1]",190.41,110.63,316.43,62.19,58385664.6
IBKR,93.1,10,"[1, 1, 1, 1, 1, 1, 1, 1, 1, 1]",82.41,71.73,93.1,50.3,5647804.2
COP,111.34,8,"[0, 1, 1, 1, 1, 1, 1, 1, 1, 0]",119.4,103.71,132.81,83.6,6770015.4
PLD,146.12,10,"[1, 1, 1, 1, 1, 1, 1, 1, 1, 1]",142.5,129.66,148.74,101.55,3566982.55
UBS,50.46,10,"[1, 1, 1, 1, 1, 1, 1, 1, 1, 1]",44.9,41.52,50.46,29.65,2329374.2
SMFG,24.17,10,"[1, 1, 1, 1, 1, 1, 1, 1, 1, 1]",21.96,19.59,24.4,14.53,1925936.35
CRWD,679.49,9,"[1, 1, 1, 1, 0, 1, 1, 1, 1, 1]",555.19,486.75,782.17,350.25,3682960.85
VRT,299.6,6,"[0, 1, 1, 1, 1, 1, 0, 0, 1, 0]",319.33,221.85,,,6029668.95
BTI,61.38,9,"[1, 1, 1, 1, 1, 1, 1, 1, 1, 0]",60.36,56.55,66.7,44.77,3927059.55
BBVA,24.39,10,"[1, 1, 1, 1, 1, 1, 1, 1, 1, 1]",22.53,21.21,25.32,14.03,1765197.0
NEM,108.44,8,"[0, 1, 1, 1, 1, 1, 1, 1, 1, 0]",110.42,101.77,131.38,56.16,8034941.6
PBR,17.05,8,"[0, 1, 1, 1, 1, 1, 1, 1, 1, 0]",19.85,15.31,21.86,11.39,15706625.4
PBR-A,15.14,8,"[0, 1, 1, 1, 1, 1, 1, 1, 1, 0]",17.9,14.11,19.73,10.67,9289484.25
SBUX,101.68,9,"[1, 1, 1, 1, 1, 1, 1, 1, 1, 0]",100.65,90.84,106.82,76.95,7952382.6
CVS,100.72,10,"[1, 1, 1, 1, 1, 1, 1, 1, 1, 1]",87.77,79.0,101.96,57.3,7887199.6
BMY,55.92,8,"[0, 1, 1, 1, 1, 1, 1, 1, 1, 0]",57.52,52.81,61.73,41.67,11570851.65
BP,41.15,8,"[0, 1, 1, 1, 1, 1, 1, 1, 1, 0]",44.4,38.08,47.09,28.3,8736919.2
PWR,719.29,9,"[1, 1, 1, 1, 1, 1, 1, 1, 1, 0]",686.02,520.05,785.24,358.27,1096635.25
PH,938.51,9,"[1, 1, 1, 0, 1, 1, 1, 1, 1, 1]",906.71,871.36,1020.71,646.59,811930.65
HWM,277.42,10,"[1, 1, 1, 1, 1, 1, 1, 1, 1, 1]",254.78,222.27,277.42,169.85,2458573.95
BMO,169.54,10,"[1, 1, 1, 1, 1, 1, 1, 1, 1, 1]",155.07,136.95,169.54,103.16,683656.3
EQIX,1094.68,10,"[1, 1, 1, 1, 1, 1, 1, 1, 1, 1]",1067.55,883.04,1109.8,718.6,562026.1
MFG,9.76,10,"[1, 1, 1, 1, 1, 1, 1, 1, 1, 1]",8.88,7.84,10.09,5.42,3699758.25
TT,475.34,9,"[1, 1, 1, 1, 1, 1, 0, 1, 1, 1]",466.15,428.45,491.42,374.67,1441830.35
CM,114.18,10,"[1, 1, 1, 1, 1, 1, 1, 1, 1, 1]",109.74,93.73,115.78,67.22,1127469.8
CDNS,387.85,9,"[1, 1, 1, 1, 0, 1, 1, 1, 1, 1]",349.55,325.91,416.39,265.66,2407296.7
GSK,52.22,9,"[0, 1, 1, 1, 1, 1, 1, 1, 1, 1]",52.6,49.24,60.14,34.89,3766917.3
SNPS,448.38,2,"[0, 0, 0, 1, 0, 0, 0, 0, 1, 0]",477.08,460.86,645.35,380.47,2118493.0
AEM,175.82,4,"[0, 0, 0, 0, 1, 1, 1, 0, 1, 0]",187.94,183.86,251.57,115.04,2646711.05
HCA,396.93,2,"[0, 0, 0, 0, 1, 0, 0, 0, 1, 0]",426.1,460.05,,,1839300.35
BNS,85.54,10,"[1, 1, 1, 1, 1, 1, 1, 1, 1, 1]",77.86,71.68,85.54,53.37,2483537.45
CMI,699.97,10,"[1, 1, 1, 1, 1, 1, 1, 1, 1, 1]",655.2,536.74,714.21,309.31,978850.45
MAR,399.1,10,"[1, 1, 1, 1, 1, 1, 1, 1, 1, 1]",367.81,316.86,402.54,253.11,1466478.35
CNQ,43.3,8,"[0, 1, 1, 1, 1, 1, 1, 1, 1, 0]",46.25,38.47,50.09,29.05,7826267.05
EQNR,33.84,8,"[0, 1, 1, 1, 1, 1, 1, 1, 1, 0]",37.85,29.04,41.97,21.89,3897538.2
ITUB,7.95,8,"[0, 0, 1, 1, 1, 1, 1, 1, 1, 1]",8.32,7.61,9.47,5.55,21891028.95
FDX,335.74,10,"[1, 1, 1, 1, 1, 1, 1, 1, 1, 1]",314.36,255.31,338.75,172.24,1976802.55
BK,143.98,10,"[1, 1, 1, 1, 1, 1, 1, 1, 1, 1]",135.13,118.17,144.02,87.98,3522357.45
FCX,70.15,10,"[1, 1, 1, 1, 1, 1, 1, 1, 1, 1]",64.36,53.92,71.72,35.05,12623442.05
USB,58.89,10,"[1, 1, 1, 1, 1, 1, 1, 1, 1, 1]",55.52,51.95,60.07,40.95,8130430.7
JCI,145.17,10,"[1, 1, 1, 1, 1, 1, 1, 1, 1, 1]",140.88,124.68,147.34,101.29,3888334.35
ING,31.13,10,"[1, 1, 1, 1, 1, 1, 1, 1, 1, 1]",29.3,26.71,31.32,19.79,3670375.05
FTNT,147.02,10,"[1, 1, 1, 1, 1, 1, 1, 1, 1, 1]",111.62,89.23,149.67,74.39,6384967.5
MNST,92.95,10,"[1, 1, 1, 1, 1, 1, 1, 1, 1, 1]",82.81,75.85,93.23,58.65,5411743.35
CSX,46.9,10,"[1, 1, 1, 1, 1, 1, 1, 1, 1, 1]",45.0,38.72,47.57,31.61,12407044.05
AMX,26.78,9,"[1, 1, 1, 1, 1, 1, 1, 1, 1, 0]",26.34,23.19,27.75,16.73,1393362.05
ELV,397.8,10,"[1, 1, 1, 1, 1, 1, 1, 1, 1, 1]",370.26,337.19,422.71,269.01,1626723.75
BCS,25.98,10,"[1, 1, 1, 1, 1, 1, 1, 1, 1, 1]",23.77,22.88,27.19,17.15,5017236.5
SLB,53.07,8,"[0, 1, 1, 1, 1, 1, 1, 1, 1, 0]",54.68,44.31,58.01,31.12,13601562.65
MPWR,1498.77,9,"[0, 1, 1, 1, 1, 1, 1, 1, 1, 1]",1536.27,1136.04,1689.89,680.73,764990.8
LYG,5.56,10,"[1, 1, 1, 1, 1, 1, 1, 1, 1, 1]",5.38,5.05,6.1,3.87,25905345.7
E,50.89,8,"[0, 1, 1, 1, 1, 1, 1, 1, 1, 0]",54.08,43.01,56.97,31.23,318723.05
CIEN,430.3,7,"[0, 1, 1, 1, 1, 1, 1, 0, 1, 0]",522.74,306.65,627.0,73.45,3311059.05
APO,138.48,7,"[1, 1, 1, 0, 0, 0, 1, 1, 1, 1]",126.39,127.78,153.59,99.88,3183449.9
CRH,112.84,4,"[1, 0, 0, 0, 0, 0, 0, 1, 1, 1]",109.92,114.85,130.44,87.52,4934642.85
SU,58.16,8,"[0, 1, 1, 1, 1, 1, 1, 1, 1, 0]",64.35,51.59,69.27,36.92,4360692.65
REGN,614.73,4,"[0, 0, 0, 0, 1, 1, 0, 1, 1, 0]",685.72,695.12,810.08,506.09,1142155.0
NXPI,302.89,10,"[1, 1, 1, 1, 1, 1, 1, 1, 1, 1]",276.71,231.86,332.67,182.42,4019362.65
BE,280.88,10,"[1, 1, 1, 1, 1, 1, 1, 1, 1, 1]",254.7,151.53,307.88,21.34,10421212.4
ROST,234.49,10,"[1, 1, 1, 1, 1, 1, 1, 1, 1, 1]",225.18,189.51,240.13,125.48,3506458.05
B,42.77,8,"[1, 0, 1, 0, 1, 1, 1, 1, 1, 1]",41.32,40.03,52.32,20.0,13040160.35
HLT,350.22,10,"[1, 1, 1, 1, 1, 1, 1, 1, 1, 1]",327.73,295.61,350.22,246.46,1486250.05
ASX,36.84,10,"[1, 1, 1, 1, 1, 1, 1, 1, 1, 1]",32.86,20.73,40.6,9.5,11474962.55
NOK,13.98,10,"[1, 1, 1, 1, 1, 1, 1, 1, 1, 1]",12.99,8.11,16.85,4.05,126023636.8
VLO,244.13,8,"[0, 1, 1, 1, 1, 1, 1, 1, 1, 0]",245.01,198.36,261.45,129.53,2862258.95
MPC,250.47,9,"[1, 1, 1, 1, 1, 1, 1, 1, 1, 0]",244.39,205.15,267.21,155.55,2350323.35
GM,82.51,10,"[1, 1, 1, 1, 1, 1, 1, 1, 1, 1]",78.7,73.8,85.99,47.65,8157563.85
AEP,129.75,9,"[0, 1, 1, 1, 1, 1, 1, 1, 1, 1]",130.86,121.23,136.16,98.09,4757777.25
DDOG,231.11,10,"[1, 1, 1, 1, 1, 1, 1, 1, 1, 1]",181.73,150.55,277.49,102.61,6106952.9
LITE,875.36,8,"[0, 1, 1, 1, 1, 1, 1, 1, 1, 0]",905.41,505.18,1053.09,86.35,5817902.95
VALE,15.98,8,"[0, 1, 1, 1, 1, 1, 1, 1, 1, 0]",16.49,13.97,17.82,8.32,22216446.6
NSC,310.81,8,"[1, 1, 1, 1, 1, 1, 0, 1, 1, 0]",309.09,293.98,325.68,245.86,1143536.75
HOOD,96.71,5,"[1, 1, 0, 0, 0, 0, 1, 0, 1, 1]",81.37,102.75,152.46,65.16,31022245.8
NET,230.97,9,"[1, 1, 1, 1, 0, 1, 1, 1, 1, 1]",217.29,207.31,272.66,160.19,3992968.3
PSX,172.0,9,"[1, 1, 1, 1, 1, 1, 1, 1, 1, 0]",171.62,149.3,186.92,114.45,2147929.5
FIX,1913.94,10,"[1, 1, 1, 1, 1, 1, 1, 1, 1, 1]",1811.44,1240.06,2041.56,494.26,431963.15
DLR,190.45,9,"[0, 1, 1, 1, 1, 1, 1, 1, 1, 1]",191.08,171.72,202.56,145.96,2212720.7
WBD,26.6,6,"[0, 0, 1, 0, 1, 1, 1, 1, 1, 0]",27.08,25.01,29.98,10.52,21985557.55
TRP,68.92,9,"[1, 1, 1, 1, 1, 1, 1, 1, 1, 0]",65.88,58.25,70.91,45.92,2207715.8
MFC,41.12,10,"[1, 1, 1, 1, 1, 1, 1, 1, 1, 1]",38.37,34.94,41.12,29.33,2582563.05
SPG,215.23,10,"[1, 1, 1, 1, 1, 1, 1, 1, 1, 1]",202.31,186.05,219.04,149.97,1749642.25
COHR,382.81,10,"[1, 1, 1, 1, 1, 1, 1, 1, 1, 1]",352.61,220.95,426.89,79.77,5785828.75
MSTR,122.81,1,"[0, 0, 0, 0, 0, 0, 0, 0, 1, 0]",154.92,194.07,455.9,106.99,18533533.45
BKR,61.52,8,"[0, 1, 1, 1, 1, 1, 1, 1, 1, 0]",64.32,54.71,69.44,36.94,7493423.1
WPM,128.24,7,"[0, 0, 1, 1, 1, 1, 1, 1, 1, 0]",132.08,123.12,165.21,86.45,1947962.15
CRWV,117.03,7,"[1, 1, 1, 1, 0, 0, 1, 0, 1, 1]",110.19,100.21,183.58,64.55,28494555.45
KEYS,350.29,10,"[1, 1, 1, 1, 1, 1, 1, 1, 1, 1]",342.01,244.53,366.68,158.51,1850850.55
CVNA,70.04,3,"[0, 0, 0, 0, 1, 0, 0, 0, 1, 1]",72.19,73.61,95.69,56.26,10317663.35
RKLB,104.63,8,"[1, 1, 1, 1, 1, 1, 1, 0, 1, 0]",102.31,73.2,150.23,26.42,27789577.1
TEL,217.0,6,"[1, 0, 0, 0, 0, 1, 1, 1, 1, 1]",214.22,220.35,247.28,161.5,2603438.7
URI,1069.81,9,"[1, 1, 1, 1, 0, 1, 1, 1, 1, 1]",937.14,880.7,1094.17,689.2,500862.1
GWW,1319.72,10,"[1, 1, 1, 1, 1, 1, 1, 1, 1, 1]",1217.61,1070.49,1329.8,914.6,258285.8
TGT,133.4,10,"[1, 1, 1, 1, 1, 1, 1, 1, 1, 1]",125.5,105.44,135.23,82.06,5895987.1
TER,409.35,10,"[1, 1, 1, 1, 1, 1, 1, 1, 1, 1]",368.78,250.2,432.41,86.04,3702489.3
LHX,310.45,5,"[0, 0, 0, 0, 1, 1, 0, 1, 1, 1]",318.86,313.19,375.64,242.72,1098181.75
CARR,71.15,10,"[1, 1, 1, 1, 1, 1, 1, 1, 1, 1]",64.51,59.27,79.79,49.97,7051720.2
CTVA,76.87,7,"[0, 1, 1, 1, 1, 1, 0, 1, 1, 0]",79.83,72.42,85.26,60.56,3600193.15
AU,93.93,8,"[0, 0, 1, 1, 1, 1, 1, 1, 1, 1]",95.66,86.85,124.62,41.58,2673102.85
OKE,86.31,8,"[0, 1, 1, 1, 1, 1, 1, 1, 1, 0]",87.82,77.68,95.24,62.69,3626572.85
MCHP,95.63,10,"[1, 1, 1, 1, 1, 1, 1, 1, 1, 1]",89.44,71.5,102.41,48.06,11595933.65
MCHPP,80.2,10,"[1, 1, 1, 1, 1, 1, 1, 1, 1, 1]",75.71,62.77,85.72,45.73,272073.05
CVE,26.25,8,"[0, 1, 1, 1, 1, 1, 1, 1, 1, 0]",27.97,21.17,31.62,13.44,8690732.5
AME,231.9,10,"[1, 1, 1, 1, 1, 1, 1, 1, 1, 1]",229.45,210.72,241.02,174.45,1164852.85
TRGP,259.68,9,"[1, 1, 1, 1, 1, 1, 1, 1, 1, 0]",255.45,204.5,276.75,143.89,1077871.2
COIN,169.27,1,"[0, 0, 0, 0, 0, 0, 0, 0, 1, 0]",185.65,239.52,419.78,141.09,8439036.4
FANG,188.12,8,"[0, 1, 1, 1, 1, 1, 1, 1, 1, 0]",195.47,164.89,212.52,132.09,2505627.15
OXY,53.67,8,"[0, 1, 1, 1, 1, 1, 1, 1, 1, 0]",57.23,48.68,65.94,38.56,10610956.15
DVN,42.89,8,"[0, 1, 1, 1, 1, 1, 1, 1, 1, 0]",46.56,40.06,51.7,30.95,14082442.3
FLEX,146.93,10,"[1, 1, 1, 1, 1, 1, 1, 1, 1, 1]",118.72,76.23,161.94,45.27,5521429.6
ABEV,3.2,10,"[1, 1, 1, 1, 1, 1, 1, 1, 1, 1]",3.13,2.71,3.43,2.11,28293874.4
NUE,259.08,10,"[1, 1, 1, 1, 1, 1, 1, 1, 1, 1]",227.1,175.39,266.35,120.37,1450659.6
STM,74.55,10,"[1, 1, 1, 1, 1, 1, 1, 1, 1, 1]",59.05,35.94,79.71,21.07,13587258.65
BIDU,112.72,4,"[0, 0, 0, 0, 1, 1, 1, 0, 1, 0]",127.12,127.6,162.52,83.62,2476686.6
ETR,112.39,10,"[1, 1, 1, 1, 1, 1, 1, 1, 1, 1]",112.2,99.73,117.36,78.9,3484888.1
UI,558.16,5,"[0, 0, 0, 1, 1, 1, 1, 0, 1, 0]",784.87,683.87,1083.11,368.59,133063.25
CCJ,107.88,8,"[0, 0, 1, 1, 1, 1, 1, 1, 1, 1]",113.39,102.62,134.09,68.14,3327483.15
FER,69.59,10,"[1, 1, 1, 1, 1, 1, 1, 1, 1, 1]",68.26,64.87,73.66,49.27,1680495.95
ROK,466.31,10,"[1, 1, 1, 1, 1, 1, 1, 1, 1, 1]",431.46,389.81,466.31,315.94,646033.55
EA,203.02,10,"[1, 1, 1, 1, 1, 1, 1, 1, 1, 1]",202.05,198.61,204.4,147.21,1815614.25
ARGX,878.49,9,"[1, 1, 1, 0, 1, 1, 1, 1, 1, 1]",818.28,809.53,929.61,537.92,326663.2
DAL,83.14,10,"[1, 1, 1, 1, 1, 1, 1, 1, 1, 1]",73.46,66.18,84.07,46.64,7460681.2
EBAY,109.32,9,"[1, 1, 1, 1, 1, 1, 1, 1, 1, 0]",106.83,92.8,118.63,72.75,4484817.4
FERG,234.8,6,"[0, 0, 0, 1, 1, 1, 0, 1, 1, 1]",241.72,238.01,266.68,207.74,1477201.9
MT,68.38,10,"[1, 1, 1, 1, 1, 1, 1, 1, 1, 1]",63.16,50.28,71.65,29.63,2369960.15
WAB,272.12,10,"[1, 1, 1, 1, 1, 1, 1, 1, 1, 1]",263.27,229.86,272.12,184.98,827665.6
FNV,230.17,8,"[0, 0, 1, 1, 1, 1, 1, 1, 1, 1]",234.55,224.64,279.76,153.82,980533.4
FITB,53.44,10,"[1, 1, 1, 1, 1, 1, 1, 1, 1, 1]",50.13,46.86,54.73,36.79,7315927.4
XYZ,74.68,8,"[1, 1, 1, 1, 0, 0, 1, 1, 1, 1]",70.08,67.34,81.11,49.09,6082293.95
NBIS,265.1,10,"[1, 1, 1, 1, 1, 1, 1, 1, 1, 1]",190.69,122.88,265.1,44.3,16805684.5
RKT,13.92,2,"[0, 0, 0, 0, 0, 0, 0, 0, 1, 1]",14.38,17.28,23.44,12.35,24912366.5
VTR,83.89,8,"[0, 1, 1, 1, 1, 1, 1, 1, 1, 0]",85.26,78.59,90.35,60.78,3706653.8
CLS,382.01,9,"[0, 1, 1, 1, 1, 1, 1, 1, 1, 1]",382.81,311.46,472.4,132.18,2239979.15
CAH,227.72,9,"[1, 1, 1, 0, 1, 1, 1, 1, 1, 1]",203.33,195.94,229.32,144.85,2216258.8
TEVA,32.91,8,"[0, 1, 1, 1, 1, 1, 1, 1, 1, 0]",33.54,28.62,36.34,15.38,5875395.45
HPE,48.38,10,"[1, 1, 1, 1, 1, 1, 1, 1, 1, 1]",34.88,25.88,56.15,17.46,40029435.25
STT,171.29,10,"[1, 1, 1, 1, 1, 1, 1, 1, 1, 1]",152.8,128.91,171.29,93.8,1962873.25
ODFL,231.62,10,"[1, 1, 1, 1, 1, 1, 1, 1, 1, 1]",216.12,175.33,248.73,125.7,1974577.55
GFS,79.92,10,"[1, 1, 1, 1, 1, 1, 1, 1, 1, 1]",68.97,46.38,89.96,31.62,6303281.15
WDS,20.78,8,"[0, 1, 1, 1, 1, 1, 1, 1, 1, 0]",22.67,18.52,24.78,13.89,1051177.6
EME,834.77,8,"[0, 1, 1, 1, 1, 1, 1, 1, 1, 0]",852.97,722.79,943.75,480.47,342005.5
ON,118.25,10,"[1, 1, 1, 1, 1, 1, 1, 1, 1, 1]",103.55,67.83,133.93,44.9,11617952.6
GFI,39.63,4,"[0, 0, 0, 0, 1, 1, 1, 0, 1, 0]",42.56,43.4,59.77,22.22,3666270.3
ERIC,11.75,8,"[0, 1, 1, 1, 1, 1, 1, 1, 1, 0]",12.23,10.33,13.74,6.97,10732380.1
KB,114.17,10,"[1, 1, 1, 1, 1, 1, 1, 1, 1, 1]",106.48,94.73,118.21,77.06,239718.3
PUK,27.1,4,"[0, 0, 0, 0, 1, 1, 0, 1, 1, 0]",29.65,29.15,33.17,23.48,1582837.4
IRM,128.21,8,"[1, 1, 1, 1, 1, 1, 0, 0, 1, 1]",121.68,101.58,,,1289224.35
LYV,174.1,9,"[1, 1, 1, 1, 0, 1, 1, 1, 1, 1]",163.12,153.61,175.85,125.61,2365613.45
KGC,27.99,4,"[0, 0, 0, 0, 1, 1, 1, 0, 1, 0]",30.03,28.76,37.97,14.81,8373962.7
JBL,375.51,10,"[1, 1, 1, 1, 1, 1, 1, 1, 1, 1]",344.87,258.91,385.63,192.39,1160715.6
ADM,78.02,9,"[1, 1, 1, 1, 1, 1, 1, 1, 1, 0]",75.99,65.85,84.11,50.39,3414437.4
VOD,14.89,9,"[0, 1, 1, 1, 1, 1, 1, 1, 1, 1]",15.13,13.37,16.02,9.65,3125983.35
BBD,3.46,5,"[0, 0, 0, 1, 1, 1, 0, 1, 1, 0]",3.7,3.53,4.2,2.69,26436707.2
VIK,94.04,10,"[1, 1, 1, 1, 1, 1, 1, 1, 1, 1]",84.56,71.83,94.83,47.62,3239045.2
SATS,120.97,8,"[0, 1, 1, 1, 1, 1, 1, 1, 1, 0]",125.48,102.29,141.8,24.38,11484245.95
ESLT,821.99,9,"[0, 1, 1, 1, 1, 1, 1, 1, 1, 1]",840.12,672.29,1013.23,420.9,120412.45
UMC,21.62,10,"[1, 1, 1, 1, 1, 1, 1, 1, 1, 1]",15.97,10.3,23.08,6.58,18161989.85
ONC,263.92,1,"[0, 0, 0, 0, 0, 0, 0, 0, 1, 0]",297.19,318.88,377.47,240.99,278038.8
LVS,48.94,2,"[0, 0, 0, 0, 1, 0, 0, 0, 1, 0]",52.4,56.35,68.73,40.86,3938880.7
IX,39.37,10,"[1, 1, 1, 1, 1, 1, 1, 1, 1, 1]",35.29,30.35,39.92,21.19,352543.75
CRDO,239.18,10,"[1, 1, 1, 1, 1, 1, 1, 1, 1, 1]",191.25,152.24,264.76,79.71,9784841.35
ALAB,361.71,9,"[1, 1, 1, 1, 0, 1, 1, 1, 1, 1]",247.08,184.04,389.2,85.95,6307236.0
STLD,274.29,10,"[1, 1, 1, 1, 1, 1, 1, 1, 1, 1]",235.32,182.12,282.76,120.2,1129505.4
HAL,37.2,8,"[0, 1, 1, 1, 1, 1, 1, 1, 1, 0]",39.79,31.81,42.8,19.8,11858858.5
HUM,369.49,9,"[1, 1, 1, 1, 0, 1, 1, 1, 1, 1]",275.29,247.05,380.26,162.84,1216037.1
MTZ,369.35,8,"[0, 1, 1, 1, 1, 1, 1, 1, 1, 0]",382.1,271.57,437.51,162.65,1154129.3
UAL,118.51,9,"[1, 1, 1, 0, 1, 1, 1, 1, 1, 1]",99.94,102.14,119.97,73.67,5992711.95
ZM,92.07,8,"[0, 1, 1, 1, 1, 1, 1, 1, 1, 0]",96.87,87.16,111.88,69.77,4989622.55
TS,60.19,8,"[0, 1, 1, 1, 1, 1, 1, 1, 1, 0]",60.81,46.71,64.02,33.04,1505692.8
CASY,865.28,10,"[1, 1, 1, 1, 1, 1, 1, 1, 1, 1]",808.37,646.46,916.28,493.17,659431.9
TECK,66.99,8,"[1, 1, 1, 1, 1, 1, 0, 0, 1, 1]",61.4,50.5,,,3197941.5
SYM,40.81,2,"[0, 0, 0, 0, 0, 0, 1, 0, 1, 0]",52.58,58.11,87.3,31.16,2721688.3
EL,87.58,5,"[1, 0, 0, 0, 1, 0, 1, 0, 1, 1]",80.94,92.6,118.78,66.97,4104608.95
SHG,71.08,10,"[1, 1, 1, 1, 1, 1, 1, 1, 1, 1]",66.08,58.42,71.72,42.69,265996.9
Q,152.24,7,"[1, 1, 0, 1, 0, 0, 1, 1, 1, 1]",146.14,152.24,168.28,73.4,1684317.75
TWLO,192.68,9,"[1, 1, 1, 1, 1, 1, 1, 1, 1, 0]",177.61,135.02,236.64,92.44,2804526.7
RVMD,156.58,10,"[1, 1, 1, 1, 1, 1, 1, 1, 1, 1]",143.94,93.97,163.68,34.7,2833642.85
RDDT,175.39,4,"[1, 0, 0, 0, 0, 0, 1, 0, 1, 1]",160.16,188.26,270.71,121.84,5383609.1
IQV,179.17,3,"[1, 0, 0, 0, 0, 0, 0, 0, 1, 1]",173.36,195.5,244.29,154.1,1627835.25
NTRS,174.84,10,"[1, 1, 1, 1, 1, 1, 1, 1, 1, 1]",163.66,142.05,174.84,107.2,1119615.0
DOV,222.63,10,"[1, 1, 1, 1, 1, 1, 1, 1, 1, 1]",216.84,199.01,232.21,159.95,851761.6
RPRX,54.21,10,"[1, 1, 1, 1, 1, 1, 1, 1, 1, 1]",51.65,42.84,55.87,33.83,4158625.5
ASTS,82.25,6,"[0, 0, 1, 1, 1, 1, 1, 0, 1, 0]",88.88,80.11,133.09,36.91,27310779.15
BIIB,195.61,10,"[1, 1, 1, 1, 1, 1, 1, 1, 1, 1]",189.68,174.08,204.53,122.68,987243.65
VG,11.09,5,"[0, 1, 1, 1, 0, 0, 1, 0, 1, 0]",12.79,10.84,18.88,5.9,14334521.35
EXPE,243.56,8,"[1, 0, 1, 0, 1, 1, 1, 1, 1, 1]",235.3,239.5,300.02,160.72,1534236.95
CRCL,79.72,3,"[0, 0, 0, 1, 0, 0, 1, 0, 1, 0]",101.85,99.79,263.45,50.23,12967704.8
ARES,134.98,4,"[1, 1, 0, 0, 0, 0, 0, 0, 1, 1]",121.37,139.75,,,2275510.95
FTI,67.0,8,"[0, 1, 1, 1, 1, 1, 1, 1, 1, 0]",71.65,55.08,76.94,32.06,5943996.6
FTAI,268.52,10,"[1, 1, 1, 1, 1, 1, 1, 1, 1, 1]",248.44,218.96,308.99,108.92,998041.2
AXIA,10.42,6,"[0, 0, 0, 1, 1, 1, 1, 1, 1, 0]",11.52,10.67,13.43,6.29,2085099.85
CNC,61.39,10,"[1, 1, 1, 1, 1, 1, 1, 1, 1, 1]",52.79,41.73,66.21,25.21,4847021.2
NTRA,220.11,9,"[1, 1, 1, 0, 1, 1, 1, 1, 1, 1]",207.12,205.97,254.4,133.66,1299664.65
NVT,167.34,10,"[1, 1, 1, 1, 1, 1, 1, 1, 1, 1]",155.43,118.73,176.39,69.28,1841996.35
MTSI,368.32,10,"[1, 1, 1, 1, 1, 1, 1, 1, 1, 1]",329.06,218.86,409.68,118.35,1655865.8
TPL,356.35,5,"[0, 0, 0, 1, 1, 1, 1, 0, 1, 0]",406.37,370.0,538.97,272.83,441033.1
TPR,149.39,10,"[1, 1, 1, 1, 1, 1, 1, 1, 1, 1]",142.28,128.86,159.61,81.71,2489637.65
CFG,67.27,10,"[1, 1, 1, 1, 1, 1, 1, 1, 1, 1]",63.7,57.93,67.65,39.18,4378864.4
CW,764.61,8,"[1, 1, 1, 1, 1, 1, 0, 0, 1, 1]",729.3,629.26,,,277842.0
DOW,32.96,8,"[0, 1, 1, 1, 1, 1, 1, 1, 1, 0]",36.9,29.0,41.45,19.83,12141428.15
EIX,72.06,10,"[1, 1, 1, 1, 1, 1, 1, 1, 1, 1]",70.78,62.78,75.82,46.44,2353793.55
PKX,64.46,7,"[0, 1, 1, 1, 1, 1, 1, 0, 1, 0]",71.56,59.69,91.72,45.13,390275.7
BAP,364.28,10,"[1, 1, 1, 1, 1, 1, 1, 1, 1, 1]",326.19,292.74,369.55,206.38,674010.05
VRSN,273.87,6,"[0, 1, 1, 1, 0, 1, 0, 1, 1, 0]",282.65,257.4,310.0,210.93,796366.4
HUBB,502.65,10,"[1, 1, 1, 1, 1, 1, 1, 1, 1, 1]",501.44,468.43,556.18,386.55,713233.75
STRL,857.76,10,"[1, 1, 1, 1, 1, 1, 1, 1, 1, 1]",691.02,443.56,993.74,217.97,669077.65
EC,15.79,10,"[1, 1, 1, 1, 1, 1, 1, 1, 1, 1]",14.11,11.3,16.58,7.9,3125876.45
P,73.26,5,"[0, 1, 0, 1, 0, 1, 1, 0, 1, 0]",73.94,75.92,98.7,51.58,4133558.65
AER,142.98,10,"[1, 1, 1, 1, 1, 1, 1, 1, 1, 1]",141.04,136.3,153.99,106.41,1303709.6
PAAS,51.92,7,"[0, 0, 1, 1, 1, 1, 1, 1, 1, 0]",54.59,49.25,68.3,26.86,4737842.85
DG,113.75,4,"[1, 0, 0, 0, 1, 0, 0, 0, 1, 1]",112.93,120.11,155.5,95.08,4066642.65
VIV,13.19,5,"[0, 0, 0, 1, 1, 1, 0, 1, 1, 0]",14.37,13.23,16.42,10.22,1051576.7
SYF,75.29,8,"[1, 1, 1, 0, 1, 1, 0, 1, 1, 1]",73.07,73.74,87.76,59.29,3680102.35
ZS,127.23,1,"[0, 0, 0, 0, 0, 0, 0, 0, 1, 0]",141.36,213.09,336.27,118.05,7354043.4
SQM,83.11,9,"[0, 1, 1, 1, 1, 1, 1, 1, 1, 1]",84.83,67.55,94.63,31.72,1270876.4
BG,119.42,8,"[0, 1, 1, 1, 1, 1, 1, 1, 1, 0]",124.26,105.91,131.41,71.0,1759887.75
FMX,126.88,10,"[1, 1, 1, 1, 1, 1, 1, 1, 1, 1]",119.46,104.43,129.37,82.37,556540.85
MDB,348.81,9,"[1, 1, 1, 0, 1, 1, 1, 1, 1, 1]",298.89,332.36,440.6,201.0,2874458.7
XPO,214.27,10,"[1, 1, 1, 1, 1, 1, 1, 1, 1, 1]",214.02,169.14,228.37,118.79,1786457.0
ALB,166.11,8,"[0, 1, 1, 1, 1, 1, 1, 1, 1, 0]",181.24,144.62,215.07,55.9,2157623.35
UTHR,548.27,8,"[0, 1, 1, 1, 1, 1, 1, 1, 1, 0]",566.59,495.58,596.76,274.7,469659.4
FSLR,264.36,9,"[1, 1, 1, 0, 1, 1, 1, 1, 1, 1]",234.29,232.69,318.25,143.67,3006140.85
TSN,57.24,5,"[0, 0, 0, 1, 1, 1, 0, 1, 1, 0]",63.04,58.49,68.18,49.45,3620586.3
TSEM,268.53,10,"[1, 1, 1, 1, 1, 1, 1, 1, 1, 1]",236.32,141.07,288.53,38.96,1960015.2
RF,29.0,10,"[1, 1, 1, 1, 1, 1, 1, 1, 1, 1]",27.71,26.54,30.37,20.71,10661119.5
KEY,22.75,10,"[1, 1, 1, 1, 1, 1, 1, 1, 1, 1]",21.48,19.78,22.76,15.09,12015195.0
TEAM,87.95,3,"[1, 0, 0, 0, 0, 0, 1, 0, 1, 0]",82.88,120.79,220.89,57.15,5551288.45
LYB,62.59,8,"[0, 1, 1, 1, 1, 1, 1, 1, 1, 0]",70.07,55.89,81.53,40.28,5001466.9
JBHT,279.82,10,"[1, 1, 1, 1, 1, 1, 1, 1, 1, 1]",255.67,201.69,289.36,129.81,894158.8
SBAC,195.73,6,"[0, 1, 1, 1, 1, 0, 0, 1, 1, 0]",209.82,194.06,233.84,164.16,903609.8
WST,329.58,10,"[1, 1, 1, 1, 1, 1, 1, 1, 1, 1]",302.37,270.5,334.66,209.39,670157.4
CPAY,360.37,10,"[1, 1, 1, 1, 1, 1, 1, 1, 1, 1]",333.1,311.99,364.13,255.0,544816.2
ENTG,151.61,10,"[1, 1, 1, 1, 1, 1, 1, 1, 1, 1]",140.81,110.4,162.89,68.7,3167918.45
NMR,8.91,9,"[1, 1, 1, 0, 1, 1, 1, 1, 1, 1]",8.24,8.01,9.54,6.1,1501595.55
IHG,170.5,10,"[1, 1, 1, 1, 1, 1, 1, 1, 1, 1]",150.49,135.64,170.5,109.28,260882.75
FN,588.03,8,"[0, 1, 1, 1, 1, 1, 1, 1, 1, 0]",664.02,508.38,746.47,258.79,917295.35
SBS,5.51,7,"[0, 0, 1, 1, 1, 1, 1, 1, 1, 0]",6.14,5.4,7.08,3.81,6365642.15
WWD,421.54,10,"[1, 1, 1, 1, 1, 1, 1, 1, 1, 1]",370.16,322.25,421.54,235.64,785205.3
SITM,684.86,9,"[1, 1, 1, 1, 1, 1, 1, 1, 1, 0]",633.32,405.92,901.48,190.16,604825.9
INSM,95.52,1,"[0, 0, 0, 0, 0, 0, 0, 0, 1, 0]",121.97,154.02,211.41,91.88,3748129.45
BEKE,16.12,3,"[0, 0, 0, 1, 0, 0, 0, 1, 1, 0]",16.87,17.07,19.99,14.54,5528533.6
AKAM,132.31,9,"[1, 1, 1, 1, 1, 1, 1, 1, 1, 0]",126.0,98.6,161.14,70.53,5207723.45
PFG,111.17,10,"[1, 1, 1, 1, 1, 1, 1, 1, 1, 1]",100.29,88.98,111.17,72.85,1056190.45
RL,406.75,10,"[1, 1, 1, 1, 1, 1, 1, 1, 1, 1]",366.98,347.63,412.36,261.11,853447.3
ATI,196.31,10,"[1, 1, 1, 1, 1, 1, 1, 1, 1, 1]",165.46,125.85,199.5,71.34,1777749.3
MRNA,55.4,10,"[1, 1, 1, 1, 1, 1, 1, 1, 1, 1]",49.73,38.83,57.8,22.36,5661679.1
ILMN,164.28,10,"[1, 1, 1, 1, 1, 1, 1, 1, 1, 1]",143.24,126.09,170.93,89.47,1882258.4
AFRM,74.69,8,"[1, 1, 1, 1, 0, 0, 1, 1, 1, 1]",64.52,66.81,92.18,42.53,4913258.25
CRS,561.59,10,"[1, 1, 1, 1, 1, 1, 1, 1, 1, 1]",453.47,353.07,563.6,231.97,671946.85
SMCI,29.22,3,"[0, 0, 0, 1, 0, 0, 1, 0, 1, 0]",32.56,35.67,60.71,20.53,66999952.85
MKSI,366.31,10,"[1, 1, 1, 1, 1, 1, 1, 1, 1, 1]",301.12,207.77,375.32,89.14,1046177.35
IFF,77.85,10,"[1, 1, 1, 1, 1, 1, 1, 1, 1, 1]",74.23,69.32,82.93,58.84,2140642.1
EXPD,164.02,10,"[1, 1, 1, 1, 1, 1, 1, 1, 1, 1]",153.38,143.09,166.62,110.22,1292988.65
ROIV,30.41,10,"[1, 1, 1, 1, 1, 1, 1, 1, 1, 1]",29.0,23.36,32.41,10.74,5916363.5
DD,48.04,9,"[1, 1, 1, 1, 1, 1, 1, 1, 1, 0]",47.46,41.85,51.12,27.19,3338885.1
IREN,59.18,9,"[1, 1, 1, 1, 0, 1, 1, 1, 1, 1]",53.06,48.02,76.41,9.77,48466322.25
RGLD,221.53,4,"[0, 0, 0, 0, 1, 1, 1, 0, 1, 0]",235.1,227.44,303.74,150.48,665808.8
FUTU,96.01,1,"[0, 0, 0, 0, 0, 0, 0, 0, 1, 0]",132.54,155.46,195.9,89.76,7482492.6
ULS,95.33,9,"[1, 1, 1, 1, 1, 1, 1, 1, 1, 0]",95.01,81.9,104.74,62.21,718730.05
CHRW,189.4,10,"[1, 1, 1, 1, 1, 1, 1, 1, 1, 1]",176.72,162.04,199.22,91.19,1447797.35
LUV,47.43,9,"[1, 1, 1, 0, 1, 1, 1, 1, 1, 1]",40.62,38.9,54.33,28.52,6426203.65
DKS,225.89,9,"[1, 1, 1, 1, 0, 1, 1, 1, 1, 1]",219.01,211.47,231.83,169.58,1382842.95
VTRS,16.04,9,"[1, 1, 1, 1, 1, 1, 1, 1, 1, 0]",15.48,12.73,17.26,8.41,9533936.3
RCI,38.11,9,"[1, 1, 1, 0, 1, 1, 1, 1, 1, 1]",35.9,36.53,40.21,26.63,1131096.95
FFIV,388.85,9,"[1, 1, 1, 1, 0, 1, 1, 1, 1, 1]",351.66,298.59,409.13,223.99,650924.25
CX,12.98,10,"[1, 1, 1, 1, 1, 1, 1, 1, 1, 1]",12.5,11.24,13.55,6.73,4388318.45
INCY,99.75,9,"[1, 1, 1, 0, 1, 1, 1, 1, 1, 1]",98.01,96.67,110.57,67.26,1823278.0
KEP,13.23,3,"[0, 0, 0, 0, 1, 0, 0, 0, 1, 1]",14.05,16.04,23.26,10.38,1222371.25
APG,42.5,9,"[0, 1, 1, 1, 1, 1, 1, 1, 1, 1]",44.12,40.25,49.4,32.59,2734978.3
SNX,282.11,10,"[1, 1, 1, 1, 1, 1, 1, 1, 1, 1]",237.21,175.47,284.65,122.97,772950.0
CDE,18.79,6,"[1, 0, 0, 0, 1, 1, 1, 0, 1, 1]",18.47,18.86,27.12,8.67,25628378.7
RBC,621.08,10,"[1, 1, 1, 1, 1, 1, 1, 1, 1, 1]",590.28,495.37,623.19,367.05,274047.6
BURL,333.83,10,"[1, 1, 1, 1, 1, 1, 1, 1, 1, 1]",320.85,295.5,347.82,222.85,1093711.75
ROKU,137.95,10,"[1, 1, 1, 1, 1, 1, 1, 1, 1, 1]",120.92,104.62,143.66,79.98,4683169.6
AMKR,86.55,10,"[1, 1, 1, 1, 1, 1, 1, 1, 1, 1]",70.06,47.04,86.55,19.99,6058528.2
RS,413.34,10,"[1, 1, 1, 1, 1, 1, 1, 1, 1, 1]",363.4,312.15,413.43,262.77,324871.55
BWXT,196.93,7,"[0, 0, 1, 1, 1, 1, 1, 1, 1, 0]",208.8,195.76,238.1,135.69,899437.95
ZTO,22.59,7,"[0, 0, 1, 1, 1, 1, 1, 1, 1, 0]",24.05,21.69,25.88,16.79,1670700.15
NXT,125.62,9,"[1, 1, 1, 1, 1, 1, 1, 1, 1, 0]",124.87,103.4,156.4,53.8,2393028.55
ITT,194.09,8,"[0, 1, 1, 1, 1, 1, 1, 1, 1, 0]",203.62,187.93,221.24,148.62,736898.8
FTV,61.43,10,"[1, 1, 1, 1, 1, 1, 1, 1, 1, 1]",60.07,54.82,62.78,46.39,3318797.9
IONQ,56.06,8,"[1, 1, 1, 1, 0, 1, 1, 0, 1, 1]",51.35,49.16,82.09,26.59,31212928.3
AGI,38.42,5,"[0, 0, 0, 1, 1, 1, 1, 0, 1, 0]",41.61,39.23,55.22,24.25,3585792.5
BCH,40.62,10,"[1, 1, 1, 1, 1, 1, 1, 1, 1, 1]",37.9,35.68,43.7,25.75,365674.45
YPF,51.24,10,"[1, 1, 1, 1, 1, 1, 1, 1, 1, 1]",46.98,37.58,56.35,23.57,2198536.95
CF,105.59,8,"[0, 1, 1, 1, 1, 1, 1, 1, 1, 0]",119.23,98.01,137.04,75.38,2776400.6
MGA,65.47,10,"[1, 1, 1, 1, 1, 1, 1, 1, 1, 1]",62.19,53.98,68.15,36.23,1073726.65
TLN,406.51,8,"[1, 1, 1, 1, 0, 0, 1, 1, 1, 1]",360.94,371.54,445.84,264.0,813746.35
LSCC,143.48,10,"[1, 1, 1, 1, 1, 1, 1, 1, 1, 1]",127.87,91.09,154.6,48.73,2067829.95
WMG,28.81,3,"[0, 0, 0, 1, 0, 0, 0, 1, 1, 0]",30.3,29.77,34.56,23.52,2520208.1
CIB,79.25,10,"[1, 1, 1, 1, 1, 1, 1, 1, 1, 1]",70.83,65.27,83.05,41.37,470813.15
WCC,356.33,10,"[1, 1, 1, 1, 1, 1, 1, 1, 1, 1]",339.83,276.11,373.98,170.26,486721.4
JBS,12.3,3,"[0, 0, 0, 1, 1, 0, 0, 0, 1, 0]",14.17,13.84,17.05,11.6,9300145.45
WSO,389.14,6,"[0, 1, 1, 1, 1, 0, 0, 1, 1, 0]",403.06,378.18,478.22,318.41,352569.6
DOCN,174.18,10,"[1, 1, 1, 1, 1, 1, 1, 1, 1, 1]",134.11,72.02,181.29,25.74,2897905.4
EWBC,130.61,10,"[1, 1, 1, 1, 1, 1, 1, 1, 1, 1]",122.24,111.34,132.63,89.36,769075.6
AA,62.87,9,"[0, 1, 1, 1, 1, 1, 1, 1, 1, 1]",68.69,53.47,83.79,27.6,4993441.7
PR,18.67,6,"[0, 1, 1, 1, 1, 1, 0, 0, 1, 0]",20.29,16.31,,,9422098.8
NVMI,550.69,10,"[1, 1, 1, 1, 1, 1, 1, 1, 1, 1]",513.67,404.08,605.65,228.04,464788.6
RTO,30.33,7,"[0, 0, 1, 1, 1, 1, 1, 1, 1, 0]",32.21,29.51,34.52,22.29,898841.75
OWL,9.84,3,"[1, 0, 0, 0, 0, 0, 0, 0, 1, 1]",9.55,12.72,19.42,8.04,23719590.75
OVV,53.5,8,"[0, 1, 1, 1, 1, 1, 1, 1, 1, 0]",57.38,46.5,62.75,35.32,2895153.25
TTMI,199.58,10,"[1, 1, 1, 1, 1, 1, 1, 1, 1, 1]",157.42,96.28,206.66,36.4,2617357.45
BEN,33.18,10,"[1, 1, 1, 1, 1, 1, 1, 1, 1, 1]",29.75,25.25,33.18,20.59,4019377.9
IEX,223.81,10,"[1, 1, 1, 1, 1, 1, 1, 1, 1, 1]",209.88,187.15,223.81,155.73,642115.3
LAMR,150.99,8,"[1, 1, 1, 1, 1, 1, 0, 0, 1, 1]",144.07,129.92,,,506771.0
VNOM,43.46,7,"[0, 1, 1, 1, 1, 1, 0, 1, 1, 0]",46.39,40.85,50.23,34.57,1783618.85
GNRC,265.66,10,"[1, 1, 1, 1, 1, 1, 1, 1, 1, 1]",247.76,194.71,285.31,124.01,867397.25
NDSN,292.9,10,"[1, 1, 1, 1, 1, 1, 1, 1, 1, 1]",282.33,257.58,298.37,207.12,430734.95
SN,136.28,10,"[1, 1, 1, 1, 1, 1, 1, 1, 1, 1]",116.63,110.42,136.28,84.57,2174195.05
H,197.03,10,"[1, 1, 1, 1, 1, 1, 1, 1, 1, 1]",172.8,158.26,199.36,131.23,941883.35
BALL,58.19,8,"[0, 1, 1, 1, 1, 1, 0, 1, 1, 1]",58.28,54.95,67.31,45.92,3011531.0
MLI,138.03,10,"[1, 1, 1, 1, 1, 1, 1, 1, 1, 1]",131.72,115.91,140.46,71.85,550123.8
LOGI,109.23,9,"[1, 1, 1, 1, 0, 1, 1, 1, 1, 1]",104.81,103.49,126.69,82.47,1145691.1
CLH,290.62,8,"[0, 1, 1, 1, 1, 1, 1, 1, 1, 0]",295.55,260.69,313.7,201.73,521302.15
GMAB,24.74,2,"[0, 0, 0, 0, 0, 1, 0, 0, 1, 0]",26.63,29.27,35.34,20.3,1865062.9
PAA,21.81,8,"[0, 1, 1, 1, 1, 1, 1, 1, 1, 0]",22.19,18.91,24.15,14.89,2508624.75
NBIX,156.42,7,"[1, 1, 1, 1, 0, 1, 0, 1, 1, 0]",146.48,141.11,167.35,123.1,1127082.0
HST,24.9,10,"[1, 1, 1, 1, 1, 1, 1, 1, 1, 1]",22.07,18.77,24.9,14.65,8832343.35
JLL,302.75,5,"[0, 0, 0, 0, 1, 1, 0, 1, 1, 1]",312.34,315.45,358.66,233.72,357560.4
ASND,231.2,8,"[0, 1, 1, 1, 1, 1, 1, 1, 1, 0]",231.59,217.49,249.84,163.32,586451.6
LECO,273.54,10,"[1, 1, 1, 1, 1, 1, 1, 1, 1, 1]",261.29,251.63,297.91,197.61,330204.75
OKTA,116.27,9,"[1, 1, 1, 1, 0, 1, 1, 1, 1, 1]",89.92,86.98,139.79,62.93,4975381.75
HTHT,43.35,5,"[0, 0, 0, 0, 1, 1, 1, 1, 1, 0]",47.84,45.38,54.63,29.07,2607976.0
DTM,140.51,7,"[1, 1, 1, 1, 1, 1, 0, 0, 1, 0]",140.17,124.05,,,629964.95
MOD,284.97,10,"[1, 1, 1, 1, 1, 1, 1, 1, 1, 1]",263.82,190.16,306.89,90.02,1450184.95
RRX,222.53,10,"[1, 1, 1, 1, 1, 1, 1, 1, 1, 1]",207.46,172.26,231.37,128.18,898586.15
BSAC,33.43,10,"[1, 1, 1, 1, 1, 1, 1, 1, 1, 1]",31.7,29.8,35.69,21.8,436960.7
JAZZ,226.88,9,"[1, 1, 1, 1, 1, 1, 1, 1, 1, 0]",218.96,174.07,240.06,105.93,904439.3
ONTO,316.15,10,"[1, 1, 1, 1, 1, 1, 1, 1, 1, 1]",277.21,193.25,335.96,90.0,1400809.2
OHI,45.5,8,"[0, 1, 1, 1, 1, 1, 1, 1, 1, 0]",46.14,43.59,48.99,34.1,2552272.4
SMMT,13.88,2,"[0, 0, 0, 1, 0, 0, 0, 0, 1, 0]",18.3,18.06,29.32,13.05,6735391.15
RMBS,132.48,9,"[0, 1, 1, 1, 1, 1, 1, 1, 1, 1]",132.56,106.4,170.66,59.38,2540397.95
AUR,6.14,6,"[0, 1, 1, 1, 0, 1, 1, 0, 1, 0]",6.18,5.05,8.4,3.77,31529238.7
NIO,5.01,4,"[0, 0, 0, 1, 0, 1, 1, 0, 1, 0]",5.96,5.84,7.89,3.41,43375647.45
HAS,84.96,6,"[0, 0, 0, 1, 1, 1, 1, 1, 1, 0]",90.49,84.99,104.36,65.31,2136206.2
LTM,55.01,9,"[1, 1, 1, 0, 1, 1, 1, 1, 1, 1]",50.53,50.94,68.29,37.17,819297.25
SUN,63.54,8,"[0, 1, 1, 1, 1, 1, 1, 1, 1, 0]",66.43,57.26,72.2,46.14,410875.05
QXO,17.01,3,"[0, 0, 0, 0, 1, 0, 0, 0, 1, 1]",18.83,20.36,27.07,15.06,16335068.25
AEIS,350.45,10,"[1, 1, 1, 1, 1, 1, 1, 1, 1, 1]",347.95,263.06,388.93,124.32,989278.55
ALLY,45.66,10,"[1, 1, 1, 1, 1, 1, 1, 1, 1, 1]",43.01,41.26,46.41,35.08,3404693.65
PL,28.21,7,"[0, 1, 1, 1, 1, 1, 1, 0, 1, 0]",38.65,23.64,51.4,5.03,16140810.4
EVR,373.8,10,"[1, 1, 1, 1, 1, 1, 1, 1, 1, 1]",341.48,328.33,381.16,241.75,375018.4
SKM,36.91,8,"[0, 1, 1, 1, 1, 1, 1, 1, 1, 0]",38.04,27.33,46.0,19.68,3325384.85
TIGO,87.31,10,"[1, 1, 1, 1, 1, 1, 1, 1, 1, 1]",83.77,61.91,93.77,32.46,2355560.25
SANM,249.05,10,"[1, 1, 1, 1, 1, 1, 1, 1, 1, 1]",219.58,161.79,282.72,88.96,795856.65
IESC,695.81,10,"[1, 1, 1, 1, 1, 1, 1, 1, 1, 1]",640.64,476.82,749.83,271.44,196483.65
BBIO,66.64,6,"[0, 0, 0, 0, 1, 1, 1, 1, 1, 1]",69.91,67.39,79.91,40.0,2748351.65
TOL,153.27,9,"[1, 1, 1, 0, 1, 1, 1, 1, 1, 1]",139.66,140.33,165.81,104.05,1196143.15
DINO,66.58,9,"[1, 1, 1, 1, 1, 1, 1, 1, 1, 0]",66.51,55.57,73.99,39.47,2077180.5
NYT,73.83,7,"[0, 0, 1, 1, 1, 1, 1, 1, 1, 0]",77.61,69.79,85.86,50.99,1609320.9
DY,471.72,10,"[1, 1, 1, 1, 1, 1, 1, 1, 1, 1]",434.5,358.45,535.2,231.83,562344.15
RBRK,69.18,6,"[1, 1, 1, 0, 0, 0, 1, 0, 1, 1]",61.79,67.37,98.5,43.81,4593218.7
DVA,208.98,10,"[1, 1, 1, 1, 1, 1, 1, 1, 1, 1]",177.9,141.61,209.75,103.87,807540.75
GH,127.34,10,"[1, 1, 1, 1, 1, 1, 1, 1, 1, 1]",104.3,93.27,133.22,40.98,2557914.6
PEN,318.46,7,"[0, 0, 1, 1, 1, 1, 1, 1, 1, 0]",324.99,307.01,359.4,225.54,434583.7
BMNR,16.21,2,"[0, 0, 0, 0, 0, 0, 1, 0, 1, 0]",20.16,31.02,134.96,4.26,36555773.85
SWK,84.62,10,"[1, 1, 1, 1, 1, 1, 1, 1, 1, 1]",76.28,74.11,89.99,60.08,1360452.3
ENLT,87.88,9,"[0, 1, 1, 1, 1, 1, 1, 1, 1, 1]",89.35,58.02,107.42,19.65,251669.05
OKLO,57.45,1,"[0, 0, 0, 0, 0, 0, 0, 0, 1, 0]",64.57,85.18,174.14,45.58,13924408.6
BWA,72.6,10,"[1, 1, 1, 1, 1, 1, 1, 1, 1, 1]",62.76,51.17,77.03,32.32,3572642.5
APA,34.26,8,"[0, 1, 1, 1, 1, 1, 1, 1, 1, 0]",37.97,29.38,44.09,17.09,5219519.15
IONS,73.09,6,"[0, 0, 0, 0, 1, 1, 1, 1, 1, 1]",74.9,74.76,86.5,36.15,1683522.9
HL,16.72,4,"[0, 0, 0, 0, 1, 1, 1, 0, 1, 0]",17.85,17.67,31.8,5.58,18399148.0
HII,298.51,4,"[0, 0, 0, 0, 1, 1, 1, 0, 1, 0]",338.43,343.54,451.78,227.78,473929.35
SOLS,83.56,7,"[1, 1, 0, 1, 0, 0, 1, 1, 1, 1]",82.21,83.56,88.49,41.35,1659061.7
FIVE,189.41,6,"[0, 0, 0, 1, 1, 1, 1, 1, 1, 0]",219.26,190.72,247.71,123.18,1660320.55
U,28.06,4,"[1, 0, 0, 0, 0, 0, 1, 0, 1, 1]",26.7,33.29,49.47,17.13,9576842.85
IVZ,29.2,10,"[1, 1, 1, 1, 1, 1, 1, 1, 1, 1]",26.47,24.91,29.2,14.03,4880434.75
NTNX,48.32,5,"[1, 1, 0, 0, 0, 0, 1, 0, 1, 1]",44.98,52.49,81.12,34.41,4774795.7
MEDP,461.6,4,"[1, 0, 0, 0, 0, 0, 1, 0, 1, 1]",453.19,512.62,620.59,297.92,273684.7
EXEL,52.1,10,"[1, 1, 1, 1, 1, 1, 1, 1, 1, 1]",48.2,43.34,53.5,34.54,2314729.55
ALGN,179.52,10,"[1, 1, 1, 1, 1, 1, 1, 1, 1, 1]",173.62,159.79,207.19,124.88,1046562.05
BLD,416.01,5,"[0, 0, 0, 0, 1, 0, 1, 1, 1, 1]",416.73,428.8,550.9,294.06,803824.9
WLK,84.33,5,"[0, 0, 0, 1, 1, 1, 1, 0, 1, 0]",99.63,87.46,122.65,55.28,873901.9
SAIA,457.02,9,"[1, 1, 1, 1, 1, 1, 1, 1, 1, 0]",445.96,358.41,487.14,250.48,413464.65
MP,57.05,4,"[0, 0, 0, 1, 0, 0, 1, 0, 1, 1]",62.12,62.26,98.65,30.03,6265523.6
VIAV,50.1,10,"[1, 1, 1, 1, 1, 1, 1, 1, 1, 1]",48.42,27.2,55.33,9.25,6808540.25
AAOI,170.81,9,"[1, 1, 1, 1, 1, 1, 1, 1, 1, 0]",168.26,75.48,223.1,16.78,13460140.4
PINS,21.16,4,"[1, 0, 0, 0, 0, 0, 1, 0, 1, 1]",20.17,24.81,39.17,15.42,21000572.5
AIZ,260.55,10,"[1, 1, 1, 1, 1, 1, 1, 1, 1, 1]",240.77,226.48,260.99,181.8,408254.5
WBS,74.82,10,"[1, 1, 1, 1, 1, 1, 1, 1, 1, 1]",72.15,65.14,74.82,49.51,3769354.85
ELAN,24.23,9,"[1, 1, 1, 0, 1, 1, 1, 1, 1, 1]",22.95,22.56,26.84,13.33,6214471.1
GLXY,33.18,9,"[1, 1, 1, 1, 0, 1, 1, 1, 1, 1]",27.98,27.66,42.86,16.84,6971584.65
APLD,46.27,10,"[1, 1, 1, 1, 1, 1, 1, 1, 1, 1]",38.78,30.91,49.65,9.18,22320937.55
MDGL,501.19,6,"[0, 0, 1, 0, 1, 1, 1, 1, 1, 0]",510.31,492.73,602.83,277.64,266746.5
VICR,320.46,10,"[1, 1, 1, 1, 1, 1, 1, 1, 1, 1]",267.49,152.49,345.84,43.83,741717.85
COKE,186.16,10,"[1, 1, 1, 1, 1, 1, 1, 1, 1, 1]",185.89,162.46,216.63,104.97,524848.2
LFUS,469.19,10,"[1, 1, 1, 1, 1, 1, 1, 1, 1, 1]",431.81,321.4,487.9,213.69,307796.65
FORM,140.24,10,"[1, 1, 1, 1, 1, 1, 1, 1, 1, 1]",132.06,80.5,155.08,27.62,1536508.85
AAON,130.66,9,"[1, 1, 1, 1, 1, 1, 1, 1, 1, 0]",116.61,96.93,148.15,71.48,1017007.0
TFII,152.75,10,"[1, 1, 1, 1, 1, 1, 1, 1, 1, 1]",142.29,111.06,163.36,80.35,441554.2
AIT,324.38,10,"[1, 1, 1, 1, 1, 1, 1, 1, 1, 1]",303.56,273.01,324.38,223.04,229920.5
SMTC,161.59,10,"[1, 1, 1, 1, 1, 1, 1, 1, 1, 1]",128.47,87.88,174.3,40.23,3823974.75
WULF,28.01,10,"[1, 1, 1, 1, 1, 1, 1, 1, 1, 1]",22.76,15.88,28.17,3.57,26760204.0
POWL,292.7,10,"[1, 1, 1, 1, 1, 1, 1, 1, 1, 1]",272.45,167.06,321.94,58.31,543033.0
TIMB,21.5,5,"[0, 0, 0, 1, 1, 1, 0, 1, 1, 0]",24.1,23.16,27.96,17.55,277669.3
AXSM,251.91,10,"[1, 1, 1, 1, 1, 1, 1, 1, 1, 1]",214.81,166.83,255.17,100.39,669579.85
WMS,143.23,6,"[1, 0, 0, 0, 1, 1, 0, 1, 1, 1]",141.98,146.43,174.94,110.35,1107152.75
HMY,17.78,6,"[1, 0, 0, 0, 1, 1, 1, 0, 1, 1]",16.73,17.89,25.55,12.37,4554188.7
HUT,121.48,10,"[1, 1, 1, 1, 1, 1, 1, 1, 1, 1]",95.8,58.84,133.02,15.89,4047825.4
IAG,18.09,8,"[1, 1, 1, 0, 1, 1, 1, 0, 1, 1]",17.59,16.45,24.57,6.74,5984993.75
CGNX,65.41,10,"[1, 1, 1, 1, 1, 1, 1, 1, 1, 1]",60.23,47.83,68.33,29.41,2063885.35
KTOS,56.34,3,"[0, 0, 0, 0, 0, 0, 1, 0, 1, 1]",61.81,80.12,130.72,40.77,4497508.15
JEF,62.02,7,"[1, 1, 1, 0, 0, 0, 1, 1, 1, 1]",51.1,54.17,68.8,35.74,1634127.3
AG,19.42,6,"[0, 0, 1, 1, 1, 1, 1, 0, 1, 0]",20.17,17.98,31.98,7.82,11978285.4
EMBJ,59.92,4,"[0, 0, 0, 0, 1, 0, 0, 1, 1, 1]",61.17,63.65,79.88,47.38,1568012.25
ESI,44.56,10,"[1, 1, 1, 1, 1, 1, 1, 1, 1, 1]",40.95,31.36,45.08,21.15,2545919.55
JOBY,9.34,1,"[0, 0, 0, 0, 0, 0, 0, 0, 1, 0]",9.81,12.53,20.39,7.94,32005372.95
MUSA,569.99,10,"[1, 1, 1, 1, 1, 1, 1, 1, 1, 1]",545.45,438.9,622.53,355.19,310785.3
BTSG,64.14,10,"[1, 1, 1, 1, 1, 1, 1, 1, 1, 1]",54.09,40.11,64.14,19.36,3395391.15
GSAT,79.75,8,"[0, 1, 1, 1, 1, 1, 1, 1, 1, 0]",80.96,61.29,84.43,23.14,1412002.05
GMED,77.52,5,"[0, 0, 0, 0, 1, 1, 1, 1, 1, 0]",85.51,80.74,96.82,51.89,1753163.3
BEP,34.28,9,"[0, 1, 1, 1, 1, 1, 1, 1, 1, 1]",34.47,29.76,37.09,23.77,884725.25
KNX,77.34,10,"[1, 1, 1, 1, 1, 1, 1, 1, 1, 1]",68.65,54.84,82.45,38.58,4344262.85
ALSN,121.03,9,"[0, 1, 1, 1, 1, 1, 1, 1, 1, 1]",121.87,104.17,135.66,78.62,918967.8
SNAP,5.16,2,"[0, 0, 0, 0, 0, 0, 1, 0, 1, 0]",5.68,6.67,10.35,3.93,41226574.3
ARWR,76.55,10,"[1, 1, 1, 1, 1, 1, 1, 1, 1, 1]",73.4,57.54,79.69,14.71,1446281.1
WTFC,157.19,10,"[1, 1, 1, 1, 1, 1, 1, 1, 1, 1]",149.36,140.33,160.74,115.5,412633.2
AES,14.64,10,"[1, 1, 1, 1, 1, 1, 1, 1, 1, 1]",14.46,14.06,17.07,9.65,8567055.8
SPXC,234.8,10,"[1, 1, 1, 1, 1, 1, 1, 1, 1, 1]",216.18,208.37,243.04,154.42,664196.9
VFS,3.1,3,"[0, 0, 0, 1, 1, 0, 0, 0, 1, 0]",3.85,3.45,4.76,2.81,575730.0
AHR,46.87,6,"[0, 0, 0, 1, 1, 1, 1, 1, 1, 0]",49.17,47.32,52.91,34.63,2748553.5
DAR,55.18,8,"[0, 1, 1, 1, 1, 1, 1, 1, 1, 0]",60.6,45.46,64.84,29.74,1941923.15
FCFS,219.81,9,"[1, 1, 1, 1, 1, 1, 1, 1, 1, 0]",217.8,178.75,232.57,118.91,403813.6
UMBF,135.32,10,"[1, 1, 1, 1, 1, 1, 1, 1, 1, 1]",126.99,119.01,135.37,97.34,603615.2
ARW,228.76,10,"[1, 1, 1, 1, 1, 1, 1, 1, 1, 1]",198.39,143.6,229.35,101.87,646296.85
MOG-A,401.31,10,"[1, 1, 1, 1, 1, 1, 1, 1, 1, 1]",330.9,272.24,405.44,173.2,317406.5
HBM,29.1,10,"[1, 1, 1, 1, 1, 1, 1, 1, 1, 1]",25.52,20.73,31.86,9.05,6236341.4
GTLS,207.3,9,"[0, 1, 1, 1, 1, 1, 1, 1, 1, 1]",207.61,204.97,208.4,142.58,1269928.95
MGM,47.98,10,"[1, 1, 1, 1, 1, 1, 1, 1, 1, 1]",40.75,36.42,50.69,30.72,6013756.2
VMI,556.51,10,"[1, 1, 1, 1, 1, 1, 1, 1, 1, 1]",496.2,433.94,556.51,316.26,235622.85
ABVX,97.5,4,"[0, 0, 0, 0, 1, 1, 1, 0, 1, 0]",115.06,110.8,145.31,5.97,3027434.6
CTRE,37.03,7,"[0, 0, 1, 1, 1, 1, 1, 1, 1, 0]",39.43,36.93,42.44,28.0,3074485.35
MOH,200.21,8,"[1, 1, 1, 1, 0, 1, 1, 0, 1, 1]",178.56,167.86,306.29,122.65,944293.25
BPOP,160.34,10,"[1, 1, 1, 1, 1, 1, 1, 1, 1, 1]",148.76,130.57,160.95,100.81,472870.25
SNEX,131.9,10,"[1, 1, 1, 1, 1, 1, 1, 1, 1, 1]",110.73,79.36,135.73,54.63,749886.75
CYTK,75.21,10,"[1, 1, 1, 1, 1, 1, 1, 1, 1, 1]",70.42,63.36,78.77,32.43,1818953.05
VSAT,62.45,7,"[0, 1, 1, 1, 1, 1, 1, 0, 1, 0]",66.94,45.83,86.69,12.83,3213451.25
ICLR,143.54,5,"[1, 1, 0, 0, 0, 0, 1, 0, 1, 1]",122.98,150.05,202.92,80.08,1166346.45
AGX,690.39,10,"[1, 1, 1, 1, 1, 1, 1, 1, 1, 1]",653.97,424.2,740.91,201.37,357625.55
CAMT,182.24,10,"[1, 1, 1, 1, 1, 1, 1, 1, 1, 1]",179.36,139.4,207.46,73.95,472913.85
SBSW,10.76,4,"[0, 0, 0, 0, 1, 1, 1, 0, 1, 0]",12.08,12.59,20.52,6.63,5211555.35
MASI,179.95,10,"[1, 1, 1, 1, 1, 1, 1, 1, 1, 1]",178.68,156.41,179.95,127.4,897116.25
ELPC,11.45,8,"[0, 1, 1, 1, 1, 1, 1, 1, 1, 0]",12.24,10.37,13.39,7.32,347333.75
TTC,90.72,9,"[0, 1, 1, 1, 1, 1, 1, 1, 1, 1]",92.71,85.19,101.33,67.36,1123801.9
R,274.66,10,"[1, 1, 1, 1, 1, 1, 1, 1, 1, 1]",242.55,202.17,280.34,147.44,392368.95
CAVA,87.3,10,"[1, 1, 1, 1, 1, 1, 1, 1, 1, 1]",84.24,69.4,97.39,43.59,3632363.7
PRAX,257.25,6,"[0, 0, 1, 1, 1, 1, 1, 0, 1, 0]",317.52,243.0,357.13,37.71,507260.0
ZION,66.73,10,"[1, 1, 1, 1, 1, 1, 1, 1, 1, 1]",62.15,57.46,67.25,45.8,1514912.9
SIRI,27.86,10,"[1, 1, 1, 1, 1, 1, 1, 1, 1, 1]",26.69,22.64,29.87,19.47,6514648.3
RIOT,27.42,9,"[1, 1, 1, 1, 0, 1, 1, 1, 1, 1]",22.14,17.67,28.25,9.27,15491797.6
FLS,80.51,10,"[1, 1, 1, 1, 1, 1, 1, 1, 1, 1]",75.96,70.68,91.76,45.36,2013183.55
ALGM,53.29,10,"[1, 1, 1, 1, 1, 1, 1, 1, 1, 1]",45.25,34.47,55.0,22.8,2259812.35
GDS,33.27,4,"[0, 0, 0, 1, 1, 1, 0, 0, 1, 0]",39.9,38.81,47.52,27.05,3100955.35
KRYS,323.37,10,"[1, 1, 1, 1, 1, 1, 1, 1, 1, 1]",290.8,242.22,324.75,130.02,249137.0
EGO,34.65,7,"[1, 0, 1, 0, 1, 1, 1, 0, 1, 1]",32.46,33.57,49.52,19.67,2546260.8
GGB,4.62,9,"[1, 1, 1, 1, 1, 1, 1, 1, 1, 0]",4.51,3.81,4.89,2.78,18747376.2
MXL,84.39,9,"[1, 1, 1, 1, 1, 1, 1, 1, 1, 0]",69.23,30.03,102.27,12.76,4510117.35
IBRX,6.72,7,"[0, 1, 1, 1, 1, 1, 1, 0, 1, 0]",7.54,5.09,11.55,1.98,14113913.4
AAL,15.71,9,"[1, 1, 1, 0, 1, 1, 1, 1, 1, 1]",12.89,13.12,16.26,10.18,103641312.45
DDS,551.06,6,"[0, 0, 0, 0, 1, 1, 1, 1, 1, 1]",580.64,600.52,699.91,381.33,121959.65
FRO,39.42,10,"[1, 1, 1, 1, 1, 1, 1, 1, 1, 1]",35.01,27.27,39.43,15.24,3399107.55
CRUS,160.76,9,"[0, 1, 1, 1, 1, 1, 1, 1, 1, 1]",166.06,137.31,178.9,97.25,533125.9
BVN,35.96,10,"[1, 1, 1, 1, 1, 1, 1, 1, 1, 1]",34.08,29.76,42.44,15.55,1170031.95
W,83.16,4,"[1, 0, 0, 0, 0, 0, 1, 0, 1, 1]",70.77,86.57,119.05,48.29,4275780.7
LUMN,8.43,7,"[0, 1, 1, 1, 1, 1, 1, 0, 1, 0]",9.01,7.91,11.83,3.7,13064866.0
LLYVK,101.8,9,"[1, 1, 1, 1, 0, 1, 1, 1, 1, 1]",96.89,91.37,101.94,77.33,460294.85
LLYVA,98.03,9,"[1, 1, 1, 1, 0, 1, 1, 1, 1, 1]",94.24,88.88,98.96,74.85,363759.4
LEVI,23.81,9,"[1, 1, 1, 1, 0, 1, 1, 1, 1, 1]",22.46,21.33,24.24,16.99,2274198.45
COLB,30.88,10,"[1, 1, 1, 1, 1, 1, 1, 1, 1, 1]",29.23,27.53,31.63,20.89,2723875.55
OSK,138.1,4,"[0, 0, 0, 0, 1, 0, 0, 1, 1, 1]",139.14,139.65,177.15,107.0,711382.25
MTCH,36.52,7,"[1, 1, 1, 1, 0, 0, 0, 1, 1, 1]",35.55,33.22,38.67,28.72,2787183.95
FR,62.81,10,"[1, 1, 1, 1, 1, 1, 1, 1, 1, 1]",61.98,57.49,64.4,46.4,1011450.05
CRL,184.79,8,"[1, 1, 1, 0, 1, 1, 0, 1, 1, 1]",174.1,177.8,226.77,145.05,800542.7
FROG,78.48,10,"[1, 1, 1, 1, 1, 1, 1, 1, 1, 1]",62.65,55.01,88.31,34.75,2423309.55
ZWS,49.57,10,"[1, 1, 1, 1, 1, 1, 1, 1, 1, 1]",48.87,47.42,52.67,35.05,820741.5
SIMO,282.68,10,"[1, 1, 1, 1, 1, 1, 1, 1, 1, 1]",222.14,132.82,306.57,67.18,1070167.1
ENS,226.7,10,"[1, 1, 1, 1, 1, 1, 1, 1, 1, 1]",217.89,163.09,243.34,82.33,541419.1
PRMB,24.38,8,"[1, 1, 1, 1, 0, 0, 1, 1, 1, 1]",21.9,19.96,30.06,14.21,3554421.75
EMN,73.28,10,"[1, 1, 1, 1, 1, 1, 1, 1, 1, 1]",72.78,66.87,79.49,54.37,1137722.8
CIFR,26.21,10,"[1, 1, 1, 1, 1, 1, 1, 1, 1, 1]",20.62,17.01,26.29,3.53,24027022.45
QBTS,23.94,7,"[1, 1, 1, 0, 0, 1, 1, 0, 1, 1]",22.1,23.78,44.78,12.98,45609956.3
ECG,152.37,10,"[1, 1, 1, 1, 1, 1, 1, 1, 1, 1]",145.56,107.15,169.16,59.18,546070.1
NUVL,123.39,10,"[1, 1, 1, 1, 1, 1, 1, 1, 1, 1]",104.85,99.21,123.45,72.16,4539239.4
FIGR,29.65,2,"[0, 0, 0, 0, 1, 0, 0, 0, 1, 0]",34.42,29.65,73.91,25.28,3312501.75
ICL,5.41,3,"[0, 0, 0, 1, 0, 0, 0, 1, 1, 0]",5.79,5.62,7.19,4.72,1207628.35
TKR,140.28,10,"[1, 1, 1, 1, 1, 1, 1, 1, 1, 1]",117.45,94.6,140.28,69.36,1171563.75
SSL,10.99,8,"[0, 1, 1, 1, 1, 1, 1, 1, 1, 0]",13.05,8.87,14.29,4.39,1560535.8
KRMN,51.7,3,"[0, 0, 0, 0, 1, 1, 0, 0, 1, 0]",66.45,77.46,115.29,44.91,3545291.45
BOKF,133.11,10,"[1, 1, 1, 1, 1, 1, 1, 1, 1, 1]",131.38,121.19,137.45,90.0,251097.5
NXE,10.62,7,"[0, 0, 1, 1, 1, 1, 1, 1, 1, 0]",11.59,10.45,13.92,6.43,6287088.05
NE,43.51,8,"[0, 1, 1, 1, 1, 1, 1, 1, 1, 0]",48.66,37.4,53.79,24.34,1217301.55
AMG,357.5,10,"[1, 1, 1, 1, 1, 1, 1, 1, 1, 1]",306.04,281.08,357.5,182.3,353364.7
IDA,143.13,9,"[1, 1, 1, 1, 1, 1, 0, 1, 1, 1]",143.04,134.01,147.93,110.34,555813.05
JHG,51.82,10,"[1, 1, 1, 1, 1, 1, 1, 1, 1, 1]",51.68,47.76,53.21,35.64,1936670.0
VIRT,58.7,10,"[1, 1, 1, 1, 1, 1, 1, 1, 1, 1]",51.26,40.08,58.7,31.82,1231369.5
MSGS,375.97,10,"[1, 1, 1, 1, 1, 1, 1, 1, 1, 1]",351.46,279.67,393.68,186.85,256823.5
ROAD,122.01,9,"[1, 1, 1, 1, 0, 1, 1, 1, 1, 1]",118.46,117.67,140.48,93.43,604216.45
CMC,76.69,10,"[1, 1, 1, 1, 1, 1, 1, 1, 1, 1]",70.84,66.82,82.94,48.09,997894.75
JXN,109.78,9,"[1, 1, 1, 1, 1, 1, 1, 1, 1, 0]",107.98,103.83,120.14,81.19,594699.4
ESE,329.46,10,"[1, 1, 1, 1, 1, 1, 1, 1, 1, 1]",308.16,248.56,339.35,181.18,236828.75
GKOS,127.53,9,"[1, 1, 1, 1, 1, 1, 1, 1, 1, 0]",125.42,107.46,144.01,74.67,1332145.15
CWEN,37.68,9,"[0, 1, 1, 1, 1, 1, 1, 1, 1, 1]",38.75,34.8,41.26,26.9,1079704.95
CIG,2.09,5,"[0, 0, 0, 1, 1, 1, 0, 1, 1, 0]",2.33,2.11,2.67,1.74,7371406.8
MBLY,9.62,5,"[1, 1, 0, 0, 0, 0, 1, 0, 1, 1]",9.11,10.71,19.08,6.56,5480068.0
KNTK,45.4,8,"[0, 1, 1, 1, 1, 1, 1, 1, 1, 0]",47.64,40.84,51.27,30.53,867466.75
CHRD,126.71,8,"[0, 1, 1, 1, 1, 1, 1, 1, 1, 0]",137.28,109.09,148.35,82.2,741821.25
MIDD,165.02,10,"[1, 1, 1, 1, 1, 1, 1, 1, 1, 1]",148.38,142.32,168.86,111.68,529598.6
PCVX,49.31,8,"[0, 0, 1, 1, 1, 1, 1, 1, 1, 1]",54.09,48.86,63.04,29.67,1472563.15
KEX,141.55,8,"[0, 1, 1, 1, 1, 1, 1, 1, 1, 0]",144.3,118.84,152.59,79.95,550392.6
HALO,69.64,8,"[1, 1, 1, 0, 0, 1, 1, 1, 1, 1]",67.69,69.21,81.23,52.02,1703510.75
YOU,52.76,8,"[0, 1, 1, 1, 1, 1, 1, 1, 1, 0]",55.02,41.27,62.18,24.12,1371227.3
ORA,133.96,10,"[1, 1, 1, 1, 1, 1, 1, 1, 1, 1]",125.13,113.35,145.1,79.77,766156.35
VLY,14.2,10,"[1, 1, 1, 1, 1, 1, 1, 1, 1, 1]",13.4,11.88,14.52,8.12,6180843.4
VFC,17.7,7,"[0, 0, 1, 0, 1, 1, 1, 1, 1, 1]",18.0,17.17,21.44,11.21,9711299.9
WFRD,97.85,8,"[0, 1, 1, 1, 1, 1, 1, 1, 1, 0]",104.36,86.23,111.42,46.45,986658.85
CORZ,28.08,10,"[1, 1, 1, 1, 1, 1, 1, 1, 1, 1]",23.25,18.57,29.05,11.35,12731260.5
CWAN,24.25,9,"[1, 1, 1, 1, 1, 1, 1, 1, 1, 0]",24.25,22.17,24.42,15.89,3020422.15
TEX,64.96,10,"[1, 1, 1, 1, 1, 1, 1, 1, 1, 1]",61.22,56.7,69.13,41.55,1116667.85
SOBO,36.95,9,"[1, 1, 1, 1, 1, 1, 1, 1, 1, 0]",35.19,30.02,38.18,24.88,877452.15
FAF,67.82,8,"[1, 1, 1, 1, 1, 1, 0, 1, 1, 0]",66.41,63.39,70.54,52.94,1001341.7
IDCC,287.15,3,"[0, 0, 0, 0, 0, 0, 1, 0, 1, 1]",299.18,330.41,394.78,219.58,371677.0
OR,36.85,6,"[0, 0, 0, 0, 1, 1, 1, 1, 1, 1]",37.46,37.61,47.66,24.94,810062.85
HXL,98.39,10,"[1, 1, 1, 1, 1, 1, 1, 1, 1, 1]",89.82,78.65,98.63,53.86,872053.75
OGC,28.58,4,"[0, 0, 0, 0, 1, 1, 1, 0, 1, 0]",30.64,28.87,42.39,13.47,340246.8
SLAB,219.5,10,"[1, 1, 1, 1, 1, 1, 1, 1, 1, 1]",216.27,169.92,220.34,116.08,380821.75
RIG,5.59,7,"[0, 1, 1, 1, 1, 1, 1, 0, 1, 0]",6.42,5.02,7.58,2.55,29247707.75
PLXS,291.16,10,"[1, 1, 1, 1, 1, 1, 1, 1, 1, 1]",258.08,187.89,295.02,118.29,279239.1
GGAL,54.44,9,"[1, 1, 1, 0, 1, 1, 1, 1, 1, 1]",45.87,44.46,58.75,25.39,1559375.15
SSRM,31.83,10,"[1, 1, 1, 1, 1, 1, 1, 1, 1, 1]",30.56,25.76,35.74,11.8,2536242.85
LTH,34.87,10,"[1, 1, 1, 1, 1, 1, 1, 1, 1, 1]",30.77,27.97,34.87,24.59,2446847.5
KYMR,87.44,10,"[1, 1, 1, 1, 1, 1, 1, 1, 1, 1]",82.9,73.06,95.03,37.68,573891.1
SM,28.06,8,"[0, 1, 1, 1, 1, 1, 1, 1, 1, 0]",30.42,24.1,34.57,17.3,4047759.7
LEA,141.67,10,"[1, 1, 1, 1, 1, 1, 1, 1, 1, 1]",133.66,117.93,146.59,88.34,663111.9
HR,20.5,10,"[1, 1, 1, 1, 1, 1, 1, 1, 1, 1]",19.3,17.74,20.7,14.15,4109417.6
RHP,123.38,10,"[1, 1, 1, 1, 1, 1, 1, 1, 1, 1]",109.0,96.62,123.38,83.73,504210.15
NOV,19.96,8,"[0, 1, 1, 1, 1, 1, 1, 1, 1, 0]",20.07,17.03,21.36,11.6,3268267.95
DBX,27.3,5,"[1, 1, 1, 0, 0, 0, 0, 1, 1, 0]",25.71,27.22,32.17,22.06,3705249.15
TFPM,31.31,5,"[0, 0, 0, 0, 1, 1, 1, 1, 1, 0]",32.38,32.72,41.23,22.75,650968.55
AUGO,66.37,6,"[0, 0, 1, 1, 1, 1, 1, 0, 1, 0]",80.55,58.34,108.01,22.81,1005589.35
MTDR,51.21,8,"[0, 1, 1, 1, 1, 1, 1, 1, 1, 0]",57.54,48.75,65.01,36.31,1723508.45
MYRG,446.77,9,"[1, 1, 1, 1, 1, 1, 1, 1, 1, 0]",406.05,275.04,478.93,166.99,257692.25
AVT,90.99,10,"[1, 1, 1, 1, 1, 1, 1, 1, 1, 1]",81.32,60.49,92.93,43.64,1388303.65
LGN,85.43,7,"[1, 1, 0, 1, 0, 0, 1, 1, 1, 1]",82.62,85.43,102.27,29.72,1121490.85
BRKR,55.8,8,"[1, 1, 1, 1, 1, 1, 0, 0, 1, 1]",45.21,41.57,,,2964591.8
SGHC,13.65,8,"[1, 1, 1, 1, 0, 1, 1, 1, 1, 0]",12.62,11.63,14.02,8.48,3546272.1
STEP,48.31,1,"[0, 0, 0, 0, 0, 0, 0, 0, 1, 0]",49.98,56.83,74.4,41.56,1460228.3
UGP,4.69,7,"[0, 0, 1, 1, 1, 1, 1, 1, 1, 0]",5.6,4.65,6.11,2.83,3468394.2
VAL,82.64,7,"[0, 1, 1, 1, 1, 1, 1, 0, 1, 0]",95.65,71.91,113.42,41.8,827217.75
BLSH,25.96,1,"[0, 0, 0, 0, 0, 0, 0, 0, 1, 0]",36.66,42.43,74.63,24.9,1661122.1
TGTX,50.54,9,"[1, 1, 1, 1, 0, 1, 1, 1, 1, 1]",39.0,33.42,50.54,26.39,2010555.7
MIRM,101.55,10,"[1, 1, 1, 1, 1, 1, 1, 1, 1, 1]",98.31,85.86,111.39,48.39,709460.05
ST,50.25,10,"[1, 1, 1, 1, 1, 1, 1, 1, 1, 1]",45.14,36.13,53.55,27.43,2408210.85
NPO,358.19,10,"[1, 1, 1, 1, 1, 1, 1, 1, 1, 1]",302.23,250.31,358.19,181.82,187997.75
PAYC,129.13,1,"[0, 0, 0, 0, 0, 0, 0, 0, 1, 0]",131.51,155.59,239.48,113.28,837345.8
SYRE,83.41,10,"[1, 1, 1, 1, 1, 1, 1, 1, 1, 1]",71.28,40.17,83.58,14.68,1034411.35
SWX,88.07,7,"[0, 1, 1, 1, 1, 1, 0, 1, 1, 0]",89.27,83.01,93.37,70.74,468754.0
COMP,9.42,6,"[1, 0, 1, 0, 1, 0, 1, 0, 1, 1]",7.98,9.2,13.58,5.91,12240281.1
AROC,35.75,8,"[0, 1, 1, 1, 1, 1, 1, 1, 1, 0]",36.39,29.79,39.59,21.54,1669942.15
AXTI,93.04,7,"[0, 1, 1, 1, 1, 1, 1, 0, 1, 0]",94.84,38.05,140.83,1.84,9127764.0
RSI,29.02,10,"[1, 1, 1, 1, 1, 1, 1, 1, 1, 1]",25.94,20.94,30.12,13.84,2021836.15
RYTM,89.72,5,"[1, 0, 0, 0, 0, 0, 1, 1, 1, 1]",87.95,97.84,117.62,61.44,624571.95
HIMS,31.47,5,"[1, 1, 0, 0, 0, 0, 1, 0, 1, 1]",26.07,33.44,66.18,14.52,18553117.4
PTGX,110.64,10,"[1, 1, 1, 1, 1, 1, 1, 1, 1, 1]",101.93,86.97,112.46,49.7,566712.85
ACA,132.66,10,"[1, 1, 1, 1, 1, 1, 1, 1, 1, 1]",121.92,109.51,132.66,83.54,263238.55
FNB,18.38,10,"[1, 1, 1, 1, 1, 1, 1, 1, 1, 1]",17.58,16.74,18.65,13.25,4418308.25
FLY,30.95,5,"[0, 1, 1, 1, 0, 0, 1, 0, 1, 0]",39.4,29.82,60.35,16.78,9470259.6
CELC,87.32,5,"[0, 0, 0, 1, 1, 1, 1, 0, 1, 0]",119.18,97.02,144.98,11.45,1750967.9
ENIC,4.66,10,"[1, 1, 1, 1, 1, 1, 1, 1, 1, 1]",4.31,3.95,4.66,3.01,659278.0
INGM,29.07,10,"[1, 1, 1, 1, 1, 1, 1, 1, 1, 1]",28.28,23.15,31.64,18.49,1390301.35
LUNR,23.36,7,"[0, 1, 1, 1, 1, 1, 1, 0, 1, 0]",29.7,18.11,45.7,8.05,17571080.8
RGTI,20.64,6,"[1, 1, 0, 0, 0, 1, 1, 0, 1, 1]",19.55,23.7,56.34,10.79,64457098.7
CLF,13.27,8,"[1, 1, 1, 0, 0, 1, 1, 1, 1, 1]",11.17,11.71,16.18,6.92,19491436.35
CE,51.93,7,"[0, 0, 1, 1, 1, 1, 1, 1, 1, 0]",59.16,49.58,69.24,35.49,1666837.4
APGE,85.24,10,"[1, 1, 1, 1, 1, 1, 1, 1, 1, 1]",84.51,68.86,92.2,34.65,1097488.5
LSTR,216.15,10,"[1, 1, 1, 1, 1, 1, 1, 1, 1, 1]",189.57,151.96,225.37,118.1,500970.0
GVA,145.18,10,"[1, 1, 1, 1, 1, 1, 1, 1, 1, 1]",133.61,119.47,145.18,88.34,817638.8
VIST,69.26,8,"[0, 1, 1, 1, 1, 1, 1, 1, 1, 0]",71.17,55.14,79.25,33.7,876909.55
KGS,67.87,9,"[1, 1, 1, 1, 1, 1, 1, 1, 1, 0]",67.59,47.2,75.89,29.75,1616443.95
CNTA,39.75,10,"[1, 1, 1, 1, 1, 1, 1, 1, 1, 1]",39.64,28.73,39.9,12.43,1284936.8
URBN,76.1,8,"[1, 1, 1, 1, 1, 0, 0, 1, 1, 1]",71.44,70.2,82.7,59.57,1355392.85
PTCT,73.27,9,"[1, 1, 1, 0, 1, 1, 1, 1, 1, 1]",70.69,70.01,86.25,43.3,1534288.65
ETSY,73.34,9,"[1, 1, 1, 1, 0, 1, 1, 1, 1, 1]",63.15,59.35,75.56,44.05,2992932.9
LNTH,105.03,10,"[1, 1, 1, 1, 1, 1, 1, 1, 1, 1]",91.72,70.38,105.03,50.11,1038807.6
VNO,37.82,8,"[1, 1, 1, 1, 0, 0, 1, 1, 1, 1]",31.67,33.19,42.04,24.71,1760334.5
REZI,32.25,4,"[0, 0, 0, 1, 0, 0, 1, 0, 1, 1]",34.97,36.24,44.5,20.88,1217830.65
OUT,31.24,9,"[1, 1, 1, 1, 1, 1, 1, 1, 1, 0]",30.84,24.38,33.58,14.98,1743955.1
FLG,14.93,10,"[1, 1, 1, 1, 1, 1, 1, 1, 1, 1]",14.07,12.88,15.07,10.57,4242265.25
EAT,153.55,8,"[1, 1, 1, 0, 1, 0, 1, 1, 1, 1]",144.58,142.83,184.02,102.29,887478.55
GXO,49.96,4,"[0, 0, 0, 0, 1, 0, 0, 1, 1, 1]",52.07,53.76,65.59,42.75,1269561.85
COGT,33.07,7,"[0, 0, 1, 0, 1, 1, 1, 1, 1, 1]",34.64,30.86,42.11,7.07,2372584.5
IBP,217.86,4,"[0, 0, 0, 0, 1, 0, 1, 0, 1, 1]",244.78,266.04,340.78,160.62,435670.8
ABCB,88.47,10,"[1, 1, 1, 1, 1, 1, 1, 1, 1, 1]",84.71,78.3,88.95,59.09,439109.8
TFX,127.87,6,"[0, 1, 1, 1, 0, 1, 0, 1, 1, 0]",128.77,119.64,138.45,99.79,614372.75
IMVT,33.61,10,"[1, 1, 1, 1, 1, 1, 1, 1, 1, 1]",29.53,24.53,35.56,14.69,2563301.55
CGON,60.28,8,"[0, 1, 1, 1, 1, 1, 1, 1, 1, 0]",64.79,51.54,74.0,23.94,904984.9
USAR,21.74,7,"[0, 1, 1, 1, 0, 1, 1, 0, 1, 1]",23.34,19.77,38.68,9.61,17133302.45
NSA,44.69,10,"[1, 1, 1, 1, 1, 1, 1, 1, 1, 1]",42.25,33.5,45.15,26.69,712564.95
ALKS,44.09,10,"[1, 1, 1, 1, 1, 1, 1, 1, 1, 1]",37.41,32.02,44.92,26.13,1988291.15
CENX,53.55,8,"[0, 1, 1, 1, 1, 1, 1, 1, 1, 0]",62.14,44.54,68.77,16.91,2000696.1
MSM,117.28,10,"[1, 1, 1, 1, 1, 1, 1, 1, 1, 1]",105.1,91.42,117.28,77.98,697607.65
SRRK,45.56,8,"[0, 1, 1, 1, 1, 1, 1, 1, 1, 0]",47.63,41.98,51.51,27.92,1134531.6
BLCO,14.99,4,"[0, 0, 0, 0, 1, 1, 0, 1, 1, 0]",15.91,16.14,18.6,11.55,447334.75
PIPR,80.97,5,"[0, 0, 0, 1, 0, 0, 1, 1, 1, 1]",81.7,81.92,92.51,61.78,492453.85
BKH,73.51,9,"[1, 1, 1, 1, 1, 1, 1, 1, 1, 0]",73.38,68.47,76.1,53.49,1091499.4
KMX,52.11,7,"[1, 1, 1, 1, 0, 0, 1, 0, 1, 1]",42.12,43.59,71.57,30.88,3426859.9
MAC,23.75,10,"[1, 1, 1, 1, 1, 1, 1, 1, 1, 1]",22.1,18.94,25.28,15.28,3110642.05
CZR,29.31,10,"[1, 1, 1, 1, 1, 1, 1, 1, 1, 1]",28.01,24.71,31.51,18.14,11319325.15
PRIM,103.27,4,"[0, 0, 0, 0, 1, 1, 1, 0, 1, 0]",136.64,136.36,202.92,73.79,2210810.45
GLNG,49.59,8,"[0, 1, 1, 1, 1, 1, 1, 1, 1, 0]",53.06,43.95,57.07,34.97,1500717.8
OSCR,28.56,9,"[1, 1, 1, 1, 0, 1, 1, 1, 1, 1]",20.75,17.25,29.14,10.85,7416459.7
S,15.03,4,"[0, 1, 0, 1, 0, 0, 0, 1, 1, 0]",15.49,15.56,19.78,11.94,9977188.9
CORT,83.71,9,"[1, 1, 1, 1, 0, 1, 1, 1, 1, 1]",57.37,59.86,90.32,32.15,1005744.95
RUSHA,70.53,9,"[0, 1, 1, 1, 1, 1, 1, 1, 1, 1]",70.6,61.34,76.0,46.26,486407.15
HWC,71.0,10,"[1, 1, 1, 1, 1, 1, 1, 1, 1, 1]",67.44,63.81,73.31,51.66,862072.35
CACC,574.1,9,"[1, 1, 1, 1, 0, 1, 1, 1, 1, 1]",529.13,485.79,574.1,411.04,145607.45
ZGN,14.49,10,"[1, 1, 1, 1, 1, 1, 1, 1, 1, 1]",12.96,10.82,14.92,7.71,1324946.85
MATX,196.01,10,"[1, 1, 1, 1, 1, 1, 1, 1, 1, 1]",180.84,140.54,201.94,87.4,234917.2
MCY,102.61,10,"[1, 1, 1, 1, 1, 1, 1, 1, 1, 1]",97.61,88.99,102.61,61.91,243231.6
ALM,18.57,9,"[0, 1, 1, 1, 1, 1, 1, 1, 1, 1]",19.6,12.4,23.42,3.42,5289268.2
BGC,11.84,10,"[1, 1, 1, 1, 1, 1, 1, 1, 1, 1]",11.13,9.69,11.85,8.26,3107133.95
AUB,39.61,10,"[1, 1, 1, 1, 1, 1, 1, 1, 1, 1]",37.58,35.78,40.99,28.65,932167.3
GTX,34.61,10,"[1, 1, 1, 1, 1, 1, 1, 1, 1, 1]",27.12,19.22,34.61,9.57,3034628.5
MRCY,112.44,10,"[1, 1, 1, 1, 1, 1, 1, 1, 1, 1]",93.55,82.86,120.3,49.96,698145.25
VSEC,199.12,9,"[1, 1, 1, 0, 1, 1, 1, 1, 1, 1]",187.45,184.58,227.68,125.08,446682.35
TEO,14.87,10,"[1, 1, 1, 1, 1, 1, 1, 1, 1, 1]",12.54,11.14,15.98,6.52,675381.6
LBRT,27.35,8,"[0, 1, 1, 1, 1, 1, 1, 1, 1, 0]",30.5,22.3,33.83,9.91,3160775.6
XENE,51.99,8,"[0, 1, 1, 1, 1, 1, 1, 1, 1, 0]",55.28,46.31,62.76,30.3,1405441.7
SNDR,37.02,10,"[1, 1, 1, 1, 1, 1, 1, 1, 1, 1]",32.29,26.87,38.66,20.04,975268.4
KLIC,117.27,10,"[1, 1, 1, 1, 1, 1, 1, 1, 1, 1]",94.89,61.79,117.27,31.71,859448.75
SEI,76.15,10,"[1, 1, 1, 1, 1, 1, 1, 1, 1, 1]",70.86,54.0,78.44,24.67,2236588.95
GOLF,97.6,10,"[1, 1, 1, 1, 1, 1, 1, 1, 1, 1]",92.76,87.48,102.72,70.02,311178.15
BEPC,36.31,5,"[0, 0, 0, 0, 1, 1, 0, 1, 1, 1]",38.54,38.67,43.52,30.22,1452081.6
VCTR,87.32,10,"[1, 1, 1, 1, 1, 1, 1, 1, 1, 1]",80.32,69.42,88.62,59.52,510720.3
BC,82.2,10,"[1, 1, 1, 1, 1, 1, 1, 1, 1, 1]",79.61,73.74,88.28,53.53,619446.95
MUR,35.7,8,"[0, 1, 1, 1, 1, 1, 1, 1, 1, 0]",38.59,32.7,42.37,21.48,1689335.85
MGY,27.12,7,"[0, 1, 1, 1, 1, 1, 0, 1, 1, 0]",28.69,25.52,32.17,20.99,2177000.4
CRSP,52.02,2,"[0, 0, 0, 0, 0, 0, 0, 0, 1, 1]",52.63,55.52,76.78,43.19,1678097.4
PACS,35.89,9,"[1, 1, 1, 1, 1, 1, 1, 1, 1, 0]",35.64,28.89,42.13,7.71,812120.0
APLS,41.03,10,"[1, 1, 1, 1, 1, 1, 1, 1, 1, 1]",33.2,26.08,41.12,16.97,6965819.75
HASI,39.0,8,"[0, 1, 1, 1, 1, 1, 1, 1, 1, 0]",40.29,34.24,43.31,23.48,1111410.35
ATAT,32.8,2,"[0, 0, 0, 0, 0, 0, 0, 1, 1, 0]",35.86,37.28,42.21,29.93,1156791.25
CRC,56.25,8,"[0, 1, 1, 1, 1, 1, 1, 1, 1, 0]",62.32,54.29,69.66,42.98,672216.75
LEGN,33.38,8,"[1, 1, 1, 1, 0, 0, 1, 1, 1, 1]",27.01,25.76,44.32,16.65,2774612.15
PRM,36.49,10,"[1, 1, 1, 1, 1, 1, 1, 1, 1, 1]",30.76,26.37,36.49,13.13,1329472.0
IFS,55.81,10,"[1, 1, 1, 1, 1, 1, 1, 1, 1, 1]",47.83,43.55,56.85,34.31,405397.6
CROX,127.08,10,"[1, 1, 1, 1, 1, 1, 1, 1, 1, 1]",108.2,90.25,127.77,73.39,1305634.05
CAR,185.49,8,"[0, 1, 1, 1, 1, 1, 1, 0, 1, 1]",230.38,157.25,713.97,87.69,888880.8
M,24.94,9,"[1, 1, 1, 0, 1, 1, 1, 1, 1, 1]",20.3,19.61,25.18,10.25,7622805.85
AVAL,5.47,10,"[1, 1, 1, 1, 1, 1, 1, 1, 1, 1]",4.62,4.15,5.55,2.7,330245.25
KNF,82.08,8,"[0, 1, 1, 1, 1, 0, 1, 1, 1, 1]",82.09,77.18,94.57,59.93,587144.75
DIOD,109.53,10,"[1, 1, 1, 1, 1, 1, 1, 1, 1, 1]",101.44,67.76,116.22,42.36,649250.55
SON,51.22,10,"[1, 1, 1, 1, 1, 1, 1, 1, 1, 1]",50.51,46.71,56.81,38.0,1225081.0
WSC,28.43,9,"[1, 1, 1, 1, 0, 1, 1, 1, 1, 1]",23.72,21.25,31.26,14.84,1867403.5
RELY,20.36,7,"[0, 1, 1, 1, 0, 1, 1, 1, 1, 0]",20.59,16.51,24.28,12.2,4082273.05
SXT,111.71,9,"[1, 1, 1, 1, 1, 1, 1, 1, 1, 0]",110.93,98.76,124.21,82.67,393676.4
ALH,26.17,7,"[1, 1, 0, 1, 0, 0, 1, 1, 1, 1]",24.96,26.17,26.93,19.06,548303.7
ACLS,176.85,10,"[1, 1, 1, 1, 1, 1, 1, 1, 1, 1]",146.07,101.58,191.6,66.02,578759.8
LB,65.39,8,"[0, 1, 1, 1, 1, 1, 1, 1, 1, 0]",69.18,61.97,85.14,44.06,356301.05
STVN,16.51,1,"[0, 0, 0, 0, 0, 0, 0, 0, 1, 0]",16.92,19.69,27.85,13.38,347745.35
BMA,96.77,9,"[1, 1, 1, 0, 1, 1, 1, 1, 1, 1]",79.42,74.7,101.71,38.01,342136.8
GBTG,9.36,8,"[1, 1, 1, 1, 0, 1, 1, 1, 1, 0]",8.03,7.36,9.51,4.97,3452911.1
TDS,39.36,4,"[0, 0, 0, 1, 1, 1, 0, 0, 1, 0]",42.68,41.43,,,1100323.15
NOVT,155.13,10,"[1, 1, 1, 1, 1, 1, 1, 1, 1, 1]",144.21,126.55,168.59,99.22,498119.6
MARA,14.42,7,"[1, 1, 1, 1, 0, 0, 1, 0, 1, 1]",12.44,12.56,22.84,6.73,39278311.1
ACHR,5.44,1,"[0, 0, 0, 0, 0, 0, 0, 0, 1, 0]",5.97,7.75,13.64,4.94,54110468.1
PSMT,179.65,10,"[1, 1, 1, 1, 1, 1, 1, 1, 1, 1]",163.55,139.07,182.3,100.47,244256.4
SYNA,134.94,10,"[1, 1, 1, 1, 1, 1, 1, 1, 1, 1]",112.14,84.12,147.57,58.52,859325.65
OPEN,4.75,4,"[0, 0, 0, 0, 0, 1, 1, 0, 1, 1]",4.86,6.12,10.52,0.51,40440362.5
PBF,39.15,8,"[0, 1, 1, 1, 1, 1, 1, 1, 1, 0]",41.24,35.56,50.89,20.54,2424429.15
INDV,38.01,10,"[1, 1, 1, 1, 1, 1, 1, 1, 1, 1]",35.92,31.9,40.61,13.69,1677909.4
ENPH,50.26,9,"[1, 1, 1, 1, 1, 1, 1, 0, 1, 1]",45.55,39.1,72.33,26.12,8580948.4
KC,10.75,2,"[0, 0, 0, 1, 0, 0, 0, 0, 1, 0]",14.63,13.5,18.21,10.34,1579575.3
MIAX,40.24,4,"[0, 0, 0, 1, 1, 0, 1, 0, 1, 0]",46.37,43.24,56.84,30.74,1862549.7
TGS,31.48,9,"[1, 1, 1, 0, 1, 1, 1, 1, 1, 1]",30.83,29.17,35.32,20.12,430309.55
DNTH,78.88,8,"[0, 1, 1, 1, 1, 1, 1, 1, 1, 0]",86.98,56.88,95.76,16.86,977960.15
SPHR,153.89,10,"[1, 1, 1, 1, 1, 1, 1, 1, 1, 1]",136.3,98.39,154.38,38.19,659252.0
MDU,21.02,8,"[0, 1, 1, 1, 1, 1, 1, 1, 1, 0]",21.7,19.88,22.65,15.53,1797744.6
EBC,20.55,10,"[1, 1, 1, 1, 1, 1, 1, 1, 1, 1]",20.01,18.95,21.66,13.78,2578986.65
HRB,36.23,4,"[1, 1, 0, 0, 0, 0, 1, 0, 1, 0]",34.47,39.38,54.4,27.66,2362148.15
NAVN,19.03,7,"[1, 1, 0, 1, 0, 0, 1, 1, 1, 1]",17.98,19.03,22.87,8.51,4672712.2
AIR,129.96,10,"[1, 1, 1, 1, 1, 1, 1, 1, 1, 1]",115.04,98.28,131.18,66.95,354800.1
VSH,60.41,10,"[1, 1, 1, 1, 1, 1, 1, 1, 1, 1]",39.0,22.0,63.97,11.67,8858737.55
PI,129.61,2,"[0, 0, 0, 0, 0, 0, 1, 0, 1, 0]",132.09,152.8,241.91,91.34,459648.75
MEOH,55.85,6,"[0, 1, 1, 1, 1, 1, 0, 0, 1, 0]",60.43,47.33,,,790289.05
NTSK,8.95,2,"[0, 0, 0, 0, 1, 0, 0, 0, 1, 0]",10.34,8.95,25.79,7.73,6707382.6
QS,6.92,2,"[0, 0, 0, 0, 0, 0, 1, 0, 1, 0]",7.59,10.09,18.44,4.23,21067702.65
CVLT,125.21,6,"[1, 1, 1, 0, 0, 0, 1, 0, 1, 1]",104.46,121.7,195.41,75.18,726282.1
CSTM,34.18,10,"[1, 1, 1, 1, 1, 1, 1, 1, 1, 1]",32.45,22.72,36.15,12.92,2237692.55
LAUR,35.74,9,"[1, 1, 1, 0, 1, 1, 1, 1, 1, 1]",33.21,32.37,37.95,22.45,1209162.1
PAM,85.72,9,"[1, 1, 1, 0, 1, 1, 1, 1, 1, 1]",83.09,80.06,92.27,56.55,244266.8
PAGP,23.69,8,"[0, 1, 1, 1, 1, 1, 1, 1, 1, 0]",23.92,20.29,25.95,15.88,1716213.75
CVSA,117.89,6,"[0, 1, 1, 1, 0, 0, 1, 1, 1, 0]",120.4,116.45,154.45,89.36,279410.5
ATMU,51.67,6,"[0, 0, 0, 0, 1, 1, 1, 1, 1, 1]",54.49,52.94,65.5,34.89,849245.3
FTDR,70.13,9,"[1, 1, 1, 1, 0, 1, 1, 1, 1, 1]",62.82,60.75,70.13,49.1,501688.5
MMYT,45.68,3,"[1, 0, 0, 0, 0, 0, 0, 0, 1, 1]",45.07,66.54,103.21,36.3,1129569.2
INSW,81.97,10,"[1, 1, 1, 1, 1, 1, 1, 1, 1, 1]",76.89,57.22,86.57,32.34,518765.75
HCC,93.47,10,"[1, 1, 1, 1, 1, 1, 1, 1, 1, 1]",91.02,82.26,110.28,40.96,892754.8
NAMS,30.19,4,"[0, 0, 0, 0, 1, 1, 1, 0, 1, 0]",33.11,33.22,41.45,17.96,1264186.1
KNSA,52.3,9,"[1, 1, 1, 1, 1, 1, 1, 1, 1, 0]",50.84,43.77,59.48,26.33,527652.45
SHC,16.04,7,"[1, 0, 0, 0, 1, 1, 1, 1, 1, 1]",15.66,16.25,19.35,10.94,2509110.4
TBBB,42.43,10,"[1, 1, 1, 1, 1, 1, 1, 1, 1, 1]",37.61,33.06,42.43,24.12,1079051.45
HRI,150.87,9,"[1, 1, 1, 0, 1, 1, 1, 1, 1, 1]",127.18,133.43,179.36,90.58,512258.25
NWE,70.56,9,"[1, 1, 1, 1, 1, 1, 1, 1, 1, 0]",70.39,64.67,72.67,48.77,561391.35
FLNC,23.92,8,"[1, 1, 1, 0, 1, 1, 1, 0, 1, 1]",18.43,17.89,32.23,5.57,13304995.35
LGND,255.25,10,"[1, 1, 1, 1, 1, 1, 1, 1, 1, 1]",228.24,200.34,255.54,112.54,206750.05
IPGP,115.28,8,"[0, 1, 1, 1, 1, 1, 1, 0, 1, 1]",115.45,98.72,153.91,66.01,552700.6
CBT,88.31,10,"[1, 1, 1, 1, 1, 1, 1, 1, 1, 1]",80.19,72.56,89.21,57.64,501658.55
GTLB,27.81,4,"[1, 0, 0, 0, 0, 0, 1, 0, 1, 1]",25.09,34.67,51.04,19.42,7269487.55
BCO,100.14,2,"[0, 0, 0, 0, 1, 0, 0, 0, 1, 0]",105.59,113.4,135.25,84.62,377171.3
HAFN,7.35,8,"[0, 1, 1, 1, 1, 1, 1, 1, 1, 0]",8.02,6.33,9.11,4.39,2095237.15
WIX,44.54,1,"[0, 0, 0, 0, 0, 0, 0, 0, 1, 0]",63.79,99.91,184.24,44.07,1930898.75
AZZ,153.66,10,"[1, 1, 1, 1, 1, 1, 1, 1, 1, 1]",140.75,121.02,153.66,86.88,255659.85
ONDS,9.21,5,"[0, 0, 0, 1, 1, 1, 1, 0, 1, 0]",10.17,9.28,14.01,1.43,77215063.15
UNF,265.92,10,"[1, 1, 1, 1, 1, 1, 1, 1, 1, 1]",261.01,211.84,275.65,149.3,248865.4
IRDM,43.45,10,"[1, 1, 1, 1, 1, 1, 1, 1, 1, 1]",42.71,25.65,51.9,15.57,2626755.15
STNG,78.52,9,"[1, 1, 1, 1, 1, 1, 1, 1, 1, 0]",78.3,65.17,86.1,38.33,758704.05
TCBI,101.1,10,"[1, 1, 1, 1, 1, 1, 1, 1, 1, 1]",100.16,93.68,105.77,74.71,493562.3
TPC,76.19,9,"[0, 1, 1, 1, 1, 1, 1, 1, 1, 1]",80.52,72.5,97.23,41.79,484774.1
ENVA,193.8,10,"[1, 1, 1, 1, 1, 1, 1, 1, 1, 1]",165.88,143.91,193.8,95.68,263574.5
PLUG,2.71,6,"[0, 1, 1, 1, 0, 1, 1, 0, 1, 0]",3.27,2.56,4.14,1.09,68339698.8
HNGE,67.81,9,"[1, 1, 1, 1, 0, 1, 1, 1, 1, 1]",51.69,47.72,68.35,31.17,1742391.8
WHD,57.54,9,"[1, 1, 1, 1, 1, 1, 1, 1, 1, 0]",56.64,48.56,62.59,33.12,670491.65
PTEN,10.35,8,"[0, 1, 1, 1, 1, 1, 1, 1, 1, 0]",11.36,8.01,12.74,5.0,8634875.3
SMR,9.89,1,"[0, 0, 0, 0, 0, 0, 0, 0, 1, 0]",11.48,20.97,53.43,9.16,35778114.85
CMBT,15.08,10,"[1, 1, 1, 1, 1, 1, 1, 1, 1, 1]",13.98,11.23,16.55,7.49,1890304.15
CNO,51.05,10,"[1, 1, 1, 1, 1, 1, 1, 1, 1, 1]",45.65,41.88,51.05,34.91,707882.3
BETA,15.74,3,"[0, 0, 0, 0, 1, 0, 0, 0, 1, 1]",16.81,15.74,36.8,13.59,1613234.6
CNR,85.78,6,"[0, 0, 0, 0, 1, 1, 1, 1, 1, 1]",88.84,88.29,113.11,64.95,669654.05
BLLN,100.7,6,"[1, 1, 0, 0, 0, 0, 1, 1, 1, 1]",88.52,100.7,130.18,64.03,736799.6
ZETA,19.73,9,"[1, 1, 1, 1, 0, 1, 1, 1, 1, 1]",18.64,18.73,25.25,12.56,9401707.35
NVTS,22.09,9,"[1, 1, 1, 1, 1, 1, 1, 0, 1, 1]",19.53,11.59,31.79,5.54,36705764.2
FHI,58.75,10,"[1, 1, 1, 1, 1, 1, 1, 1, 1, 1]",56.07,53.08,58.75,40.92,721001.45
COLD,14.62,9,"[1, 1, 1, 1, 0, 1, 1, 1, 1, 1]",13.67,12.49,16.2,9.75,4597641.75
LMND,60.74,6,"[1, 0, 0, 0, 1, 1, 1, 0, 1, 1]",58.21,64.0,96.57,36.28,1464864.95
AMRX,16.25,10,"[1, 1, 1, 1, 1, 1, 1, 1, 1, 1]",13.21,12.32,16.34,7.82,1897044.65
LPL,4.66,8,"[0, 1, 1, 1, 0, 1, 1, 1, 1, 1]",4.71,4.54,5.76,3.31,1985606.45
TREX,46.9,7,"[1, 1, 1, 1, 0, 0, 1, 0, 1, 1]",40.62,42.18,68.49,30.13,1863380.7
DOO,59.92,5,"[1, 0, 0, 0, 1, 1, 0, 0, 1, 1]",59.32,66.84,81.45,46.48,299705.9
MTRN,256.48,10,"[1, 1, 1, 1, 1, 1, 1, 1, 1, 1]",200.5,148.68,256.48,76.5,323788.6
XMTR,85.98,9,"[1, 1, 1, 1, 1, 1, 1, 1, 1, 0]",69.38,57.94,95.32,30.97,881611.2
NP,27.93,7,"[1, 1, 0, 1, 0, 0, 1, 1, 1, 1]",26.82,27.93,30.68,17.14,739282.9
LASR,66.26,8,"[0, 1, 1, 1, 1, 1, 1, 1, 1, 0]",71.32,49.16,84.95,17.4,1064809.65
CAAP,27.78,9,"[1, 1, 1, 0, 1, 1, 1, 1, 1, 1]",25.61,24.38,30.35,17.49,203306.0
TNL,75.14,9,"[1, 1, 1, 0, 1, 1, 1, 1, 1, 1]",68.55,66.94,78.1,47.16,888436.15
PVH,81.67,8,"[0, 1, 1, 1, 0, 1, 1, 1, 1, 1]",88.0,77.52,98.77,60.85,1330427.65
LBTYA,12.02,7,"[0, 1, 1, 1, 1, 1, 0, 1, 1, 0]",12.06,11.58,13.03,9.7,1608370.7
CRGY,10.82,8,"[0, 1, 1, 1, 1, 1, 1, 1, 1, 0]",12.44,10.14,13.79,7.6,5869630.0
COCO,83.87,10,"[1, 1, 1, 1, 1, 1, 1, 1, 1, 1]",66.53,53.35,83.87,32.3,946396.9
POWI,79.33,10,"[1, 1, 1, 1, 1, 1, 1, 1, 1, 1]",71.32,49.24,86.85,30.52,1363464.8
LEU,165.47,1,"[0, 0, 0, 0, 0, 0, 0, 0, 1, 0]",189.56,247.79,436.0,146.61,878660.45
KTB,77.48,9,"[1, 1, 1, 1, 0, 1, 1, 1, 1, 1]",71.54,70.53,84.4,53.29,807804.95
MRX,61.45,10,"[1, 1, 1, 1, 1, 1, 1, 1, 1, 1]",54.07,40.64,63.35,27.92,858490.6
ARIS,17.33,7,"[0, 0, 1, 1, 1, 1, 1, 1, 1, 0]",18.31,15.61,22.68,6.56,1297843.1
DLO,12.7,4,"[1, 0, 0, 0, 0, 0, 0, 1, 1, 1]",12.56,13.21,15.57,9.8,2474155.55
GFF,94.01,10,"[1, 1, 1, 1, 1, 1, 1, 1, 1, 1]",86.86,79.47,95.3,66.26,306321.25
TDW,70.99,8,"[0, 1, 1, 1, 1, 1, 1, 1, 1, 0]",81.4,66.04,91.12,44.82,646232.55
OPLN,38.52,10,"[1, 1, 1, 1, 1, 1, 1, 1, 1, 1]",34.43,29.68,38.7,22.11,964692.45
KAI,295.44,4,"[0, 0, 0, 1, 1, 0, 0, 1, 1, 0]",313.34,305.46,357.4,246.93,158097.25
TPH,46.95,10,"[1, 1, 1, 1, 1, 1, 1, 1, 1, 1]",46.71,37.57,46.97,29.89,2270447.8
BBWI,21.07,5,"[1, 1, 0, 0, 0, 0, 1, 0, 1, 1]",18.54,21.2,32.36,14.56,6475300.75
TVTX,53.38,10,"[1, 1, 1, 1, 1, 1, 1, 1, 1, 1]",42.88,33.25,53.8,14.09,1962466.55
CRNX,35.0,5,"[0, 0, 0, 0, 1, 1, 1, 0, 1, 1]",37.36,41.7,56.43,26.85,951400.4
LIVN,79.48,10,"[1, 1, 1, 1, 1, 1, 1, 1, 1, 1]",69.37,62.36,79.94,41.13,732946.55
NVST,24.75,9,"[0, 1, 1, 1, 1, 1, 1, 1, 1, 1]",25.04,23.41,30.26,18.43,3158876.35
ACMR,91.18,10,"[1, 1, 1, 1, 1, 1, 1, 1, 1, 1]",65.88,48.77,95.21,23.92,1789134.0
UCTT,109.31,10,"[1, 1, 1, 1, 1, 1, 1, 1, 1, 1]",83.55,48.84,113.55,19.93,1204682.95
HGV,51.33,10,"[1, 1, 1, 1, 1, 1, 1, 1, 1, 1]",47.78,44.8,53.1,36.99,1256178.75
PII,69.86,10,"[1, 1, 1, 1, 1, 1, 1, 1, 1, 1]",63.53,62.12,72.07,37.64,790363.55
SKE,30.85,10,"[1, 1, 1, 1, 1, 1, 1, 1, 1, 1]",30.49,25.73,38.12,13.98,684569.3
EE,34.6,9,"[1, 1, 1, 1, 1, 1, 1, 1, 1, 0]",34.16,31.17,42.7,22.84,334267.2
ORKA,67.71,10,"[1, 1, 1, 1, 1, 1, 1, 1, 1, 1]",64.24,38.13,76.39,10.9,1164209.55
VSCO,78.88,10,"[1, 1, 1, 1, 1, 1, 1, 1, 1, 1]",55.38,46.89,80.06,17.7,3137620.45
RNG,38.05,8,"[0, 1, 1, 1, 1, 1, 1, 1, 1, 0]",41.23,33.15,49.02,23.54,1441969.95
CATY,60.3,10,"[1, 1, 1, 1, 1, 1, 1, 1, 1, 1]",56.06,50.4,60.98,41.02,406868.35
ACAD,20.94,3,"[0, 0, 0, 0, 1, 0, 0, 0, 1, 1]",21.73,23.33,28.06,20.06,1224724.5
CPRX,31.35,10,"[1, 1, 1, 1, 1, 1, 1, 1, 1, 1]",29.45,24.32,31.37,19.13,1869064.25
DAN,29.96,7,"[0, 0, 1, 1, 1, 1, 1, 1, 1, 0]",35.15,27.7,38.79,15.11,1442247.95
EWTX,33.95,10,"[1, 1, 1, 1, 1, 1, 1, 1, 1, 1]",33.68,25.78,40.26,12.61,1697264.55
TAC,13.51,7,"[1, 1, 0, 0, 0, 1, 1, 1, 1, 1]",13.1,13.58,17.66,10.34,2079022.5
SOUN,7.03,1,"[0, 0, 0, 0, 0, 0, 0, 0, 1, 0]",8.01,11.0,21.4,5.9,26985847.9
JOE,64.37,8,"[0, 0, 1, 1, 1, 1, 1, 1, 1, 1]",65.61,61.04,72.44,45.7,197750.55
HP,36.36,8,"[0, 1, 1, 1, 1, 1, 1, 1, 1, 0]",38.01,30.94,41.53,14.61,1070365.6
INDB,82.4,10,"[1, 1, 1, 1, 1, 1, 1, 1, 1, 1]",78.79,74.51,85.26,59.01,300708.2
FG,27.15,1,"[0, 0, 0, 0, 0, 0, 0, 0, 1, 0]",27.49,28.59,,,671434.35
BB,9.17,10,"[1, 1, 1, 1, 1, 1, 1, 1, 1, 1]",6.65,4.65,10.34,3.15,45065416.6
PPTA,25.77,4,"[0, 0, 0, 0, 1, 1, 1, 0, 1, 0]",27.87,26.53,37.22,11.86,2000778.3
LRN,83.36,4,"[0, 1, 0, 1, 0, 0, 1, 0, 1, 0]",93.35,95.18,169.81,61.02,829954.85
BULL,6.72,3,"[1, 0, 0, 0, 0, 0, 1, 0, 1, 0]",6.52,8.4,17.74,4.63,15563491.25
BELFB,293.22,10,"[1, 1, 1, 1, 1, 1, 1, 1, 1, 1]",267.67,199.39,302.73,87.19,271827.65
WSFS,74.5,10,"[1, 1, 1, 1, 1, 1, 1, 1, 1, 1]",71.11,61.43,75.24,49.92,393714.45
LQDA,68.01,10,"[1, 1, 1, 1, 1, 1, 1, 1, 1, 1]",50.71,36.48,71.8,12.0,1896569.55
ALHC,20.6,9,"[1, 1, 1, 0, 1, 1, 1, 1, 1, 1]",18.68,18.65,23.81,11.64,6267853.45
AAUC,26.93,7,"[0, 0, 1, 1, 1, 1, 1, 1, 1, 0]",28.82,24.78,32.01,11.58,676286.2
CGAU,17.65,9,"[0, 1, 1, 1, 1, 1, 1, 1, 1, 1]",17.67,15.08,20.91,6.76,1466237.15
OII,37.31,8,"[0, 1, 1, 1, 1, 1, 1, 1, 1, 0]",37.82,30.28,39.8,20.39,811155.4
VKTX,29.65,3,"[0, 0, 0, 0, 1, 0, 0, 0, 1, 1]",31.63,32.38,42.09,23.09,1883545.5
CLSK,17.26,8,"[1, 1, 1, 1, 0, 1, 1, 0, 1, 1]",14.03,12.97,23.2,8.18,24736596.9
SII,130.6,9,"[0, 1, 1, 1, 1, 1, 1, 1, 1, 1]",132.74,112.09,165.88,62.19,174939.9
VECO,75.2,10,"[1, 1, 1, 1, 1, 1, 1, 1, 1, 1]",55.21,36.49,83.04,19.71,1589823.85
RUM,7.39,7,"[1, 1, 1, 1, 0, 1, 1, 0, 1, 0]",7.32,6.66,10.02,4.67,3572444.7
WRBY,25.13,7,"[1, 1, 1, 1, 0, 0, 1, 1, 1, 0]",24.51,23.95,30.23,16.49,3186701.95
TLX,9.58,5,"[0, 1, 1, 1, 0, 0, 1, 0, 1, 0]",10.17,9.14,17.15,6.41,207523.3
RXO,27.21,9,"[1, 1, 1, 1, 0, 1, 1, 1, 1, 1]",21.76,16.66,29.12,10.48,2601055.9
BTE,4.22,8,"[0, 1, 1, 1, 1, 1, 1, 1, 1, 0]",4.73,3.51,5.3,1.78,19952651.4
LION,16.36,10,"[1, 1, 1, 1, 1, 1, 1, 1, 1, 1]",12.66,9.15,16.36,5.59,4189839.05
TWST,84.95,10,"[1, 1, 1, 1, 1, 1, 1, 1, 1, 1]",61.08,42.6,84.95,24.16,1848314.0
FIBK,36.52,10,"[1, 1, 1, 1, 1, 1, 1, 1, 1, 1]",34.9,33.53,38.03,24.56,929695.7
BFH,101.59,10,"[1, 1, 1, 1, 1, 1, 1, 1, 1, 1]",87.87,73.2,102.5,51.05,719031.0
BHF,63.38,9,"[1, 1, 1, 0, 1, 1, 1, 1, 1, 1]",62.15,59.72,66.01,43.36,477672.8
SLG,50.83,8,"[1, 1, 1, 1, 0, 0, 1, 1, 1, 1]",44.03,45.98,63.59,34.72,1107568.15
HYMC,26.57,6,"[0, 0, 1, 1, 1, 1, 1, 0, 1, 0]",35.41,25.37,55.74,3.09,2133498.8
OGN,13.42,8,"[1, 1, 1, 1, 0, 1, 1, 1, 1, 0]",12.02,9.03,13.46,5.69,2724135.75
SIG,88.03,5,"[1, 0, 0, 0, 0, 1, 0, 1, 1, 1]",86.35,91.04,105.59,73.94,968856.7
GNW,8.96,8,"[1, 1, 1, 1, 0, 1, 1, 1, 1, 0]",8.86,8.68,9.31,6.84,2569915.3
HWKN,160.37,8,"[1, 1, 1, 1, 0, 0, 1, 1, 1, 1]",158.32,152.31,183.81,119.87,120054.3
CTRI,31.09,8,"[0, 1, 1, 1, 1, 1, 1, 0, 1, 1]",32.7,27.06,41.8,19.37,1111429.2
RUN,12.64,3,"[0, 0, 0, 0, 0, 1, 1, 0, 1, 0]",13.5,16.62,21.41,5.78,8052856.25
ASO,49.34,3,"[0, 0, 0, 0, 1, 0, 0, 1, 1, 0]",53.59,52.71,61.02,41.51,1615884.1
HSAI,17.14,1,"[0, 0, 0, 0, 0, 0, 0, 0, 1, 0]",21.22,23.41,29.8,15.03,1969313.0
ATS,27.97,5,"[0, 0, 0, 1, 1, 1, 0, 1, 1, 0]",31.4,29.0,35.38,24.24,222091.6
CC,21.67,8,"[0, 1, 1, 1, 1, 1, 1, 1, 1, 0]",23.26,17.23,27.84,10.37,2192739.9
BKU,48.03,10,"[1, 1, 1, 1, 1, 1, 1, 1, 1, 1]",46.79,43.73,50.58,32.58,565070.9
TRMD,29.72,8,"[0, 1, 1, 1, 1, 1, 1, 1, 1, 0]",30.25,24.06,34.08,15.15,835467.5
SUNC,64.15,5,"[0, 1, 0, 1, 0, 0, 1, 1, 1, 0]",65.39,64.15,72.33,46.46,487430.7
MANU,22.57,10,"[1, 1, 1, 1, 1, 1, 1, 1, 1, 1]",19.53,17.24,23.53,15.1,501848.65
AAP,60.37,9,"[1, 1, 1, 1, 0, 1, 1, 1, 1, 1]",56.53,52.57,65.49,38.35,2449933.15
AVNT,37.67,10,"[1, 1, 1, 1, 1, 1, 1, 1, 1, 1]",36.12,34.39,42.93,27.02,780797.25
CVI,28.52,4,"[0, 0, 0, 1, 0, 1, 1, 0, 1, 0]",32.48,30.92,39.89,20.66,751559.1
SA,31.22,10,"[1, 1, 1, 1, 1, 1, 1, 1, 1, 1]",30.59,28.41,39.35,14.08,1085699.3
AMBA,67.12,4,"[0, 0, 0, 1, 0, 1, 1, 0, 1, 0]",70.0,72.24,95.51,48.65,1834405.05
APLE,16.37,10,"[1, 1, 1, 1, 1, 1, 1, 1, 1, 1]",13.95,12.15,16.37,10.65,2765975.15
CHEF,93.14,10,"[1, 1, 1, 1, 1, 1, 1, 1, 1, 1]",75.44,65.46,94.06,54.6,476998.15
BEAM,30.99,10,"[1, 1, 1, 1, 1, 1, 1, 1, 1, 1]",29.83,26.83,35.41,16.01,1900925.9
CWK,13.44,4,"[0, 0, 0, 0, 0, 0, 1, 1, 1, 1]",13.52,14.8,17.2,10.26,1924071.05
TNGX,32.16,10,"[1, 1, 1, 1, 1, 1, 1, 1, 1, 1]",23.96,14.11,32.9,4.8,4741543.15
EFXT,23.68,8,"[0, 1, 1, 1, 1, 1, 1, 1, 1, 0]",25.27,17.83,28.36,7.68,574233.6
DAVE,298.52,9,"[1, 1, 1, 1, 0, 1, 1, 1, 1, 1]",252.62,217.66,308.75,155.92,693729.75
IAC,42.61,10,"[1, 1, 1, 1, 1, 1, 1, 1, 1, 1]",42.59,37.95,45.38,31.52,1044692.3
FSM,9.69,5,"[0, 0, 0, 0, 1, 1, 1, 0, 1, 1]",9.83,9.69,13.66,6.22,5139291.05
VRNS,33.86,5,"[1, 1, 0, 0, 0, 0, 1, 0, 1, 1]",28.34,35.45,63.31,20.19,1726482.5
NATL,43.98,8,"[0, 1, 1, 1, 1, 1, 1, 1, 1, 0]",44.56,40.73,48.13,26.44,560761.4
ADEA,31.8,10,"[1, 1, 1, 1, 1, 1, 1, 1, 1, 1]",29.39,20.34,33.57,11.64,2247465.0
BTDR,18.25,8,"[1, 1, 1, 1, 0, 1, 1, 0, 1, 1]",14.17,13.74,25.9,7.28,11900742.6
BATRK,51.54,10,"[1, 1, 1, 1, 1, 1, 1, 1, 1, 1]",49.01,42.85,51.54,38.04,370269.6
SEZL,144.2,9,"[1, 1, 1, 1, 0, 1, 1, 1, 1, 1]",97.69,77.66,182.16,50.97,598814.6
BBAR,20.58,9,"[1, 1, 1, 0, 1, 1, 1, 1, 1, 1]",16.22,14.9,20.8,7.86,823077.6
PARR,52.53,8,"[0, 1, 1, 1, 1, 1, 1, 1, 1, 0]",60.46,46.31,69.2,26.53,918960.5
VCYT,50.92,10,"[1, 1, 1, 1, 1, 1, 1, 1, 1, 1]",39.92,38.21,50.92,23.03,1260869.4
COLM,65.39,10,"[1, 1, 1, 1, 1, 1, 1, 1, 1, 1]",61.77,56.4,67.79,48.18,479735.35
FFBC,31.89,10,"[1, 1, 1, 1, 1, 1, 1, 1, 1, 1]",30.1,26.91,32.3,22.24,847465.85
FSLY,17.38,8,"[0, 1, 1, 1, 1, 1, 1, 0, 1, 1]",21.89,15.02,33.5,6.36,6984551.6
ZIM,24.46,8,"[0, 1, 1, 1, 1, 1, 1, 1, 1, 0]",25.87,20.92,28.55,12.03,1118222.0
RCUS,23.55,9,"[0, 1, 1, 1, 1, 1, 1, 1, 1, 1]",24.19,20.82,26.62,7.95,1060102.95
CALY,16.81,10,"[1, 1, 1, 1, 1, 1, 1, 1, 1, 1]",15.3,12.72,17.52,7.88,2593238.05
BOH,79.2,10,"[1, 1, 1, 1, 1, 1, 1, 1, 1, 1]",77.53,70.61,80.25,58.13,301281.55
UNFI,49.51,8,"[0, 1, 1, 1, 1, 1, 1, 1, 1, 0]",49.8,39.97,55.52,21.39,689800.5
SXI,308.77,10,"[1, 1, 1, 1, 1, 1, 1, 1, 1, 1]",272.21,244.76,309.28,151.9,168335.2
PLAB,30.43,5,"[0, 0, 0, 1, 1, 1, 1, 0, 1, 0]",44.24,33.51,54.96,18.21,2374719.6
ERAS,13.38,8,"[0, 1, 1, 1, 1, 1, 1, 0, 1, 1]",13.9,8.43,22.47,1.26,5056565.2
VTMX,34.14,8,"[0, 1, 1, 1, 1, 1, 1, 1, 1, 0]",34.88,31.61,36.59,24.98,102872.35
EXTR,31.51,9,"[1, 1, 1, 1, 0, 1, 1, 1, 1, 1]",23.31,18.89,31.67,13.74,2038064.45
YETI,49.42,9,"[1, 1, 1, 0, 1, 1, 1, 1, 1, 1]",42.71,40.82,50.77,29.29,1473188.25
CARG,29.78,3,"[0, 0, 0, 0, 0, 0, 0, 1, 1, 1]",32.49,34.16,39.03,26.96,1528922.0
MPT,4.85,4,"[0, 0, 0, 0, 1, 1, 0, 1, 1, 0]",5.05,5.02,5.91,3.78,5250069.0
DNLI,21.93,10,"[1, 1, 1, 1, 1, 1, 1, 1, 1, 1]",19.84,18.29,22.74,12.75,1862123.85
BKD,13.75,10,"[1, 1, 1, 1, 1, 1, 1, 1, 1, 1]",13.37,11.84,16.77,6.69,4097311.95
CON,28.46,10,"[1, 1, 1, 1, 1, 1, 1, 1, 1, 1]",24.29,21.87,28.46,18.56,839929.8
ETOR,39.02,6,"[1, 1, 1, 1, 0, 0, 1, 0, 1, 0]",37.95,36.46,67.36,24.76,845638.2
LXP,54.09,10,"[1, 1, 1, 1, 1, 1, 1, 1, 1, 1]",51.32,47.92,54.09,37.07,400344.6
MSGE,75.32,10,"[1, 1, 1, 1, 1, 1, 1, 1, 1, 1]",67.09,55.89,75.32,36.33,437078.65
BWLP,19.24,8,"[0, 1, 1, 1, 1, 1, 1, 1, 1, 0]",19.36,15.04,21.91,11.04,607233.15
KYIV,13.98,10,"[1, 1, 1, 1, 1, 1, 1, 1, 1, 1]",12.92,12.46,15.17,9.33,521799.75
BHE,89.16,10,"[1, 1, 1, 1, 1, 1, 1, 1, 1, 1]",78.67,54.95,91.31,35.72,403557.55
CAKE,73.27,10,"[1, 1, 1, 1, 1, 1, 1, 1, 1, 1]",62.76,56.59,75.28,42.72,1253352.05
HG,31.72,9,"[1, 1, 1, 1, 1, 1, 1, 1, 1, 0]",31.19,26.88,32.79,19.19,430629.4
DHT,18.41,10,"[1, 1, 1, 1, 1, 1, 1, 1, 1, 1]",17.33,14.31,18.96,10.09,2991208.65
AEHR,104.83,10,"[1, 1, 1, 1, 1, 1, 1, 1, 1, 1]",92.18,44.34,116.58,11.15,2016782.6
OLN,23.81,6,"[0, 0, 0, 1, 1, 1, 1, 1, 1, 0]",26.71,23.86,29.93,17.63,2263099.25
SBLK,26.63,10,"[1, 1, 1, 1, 1, 1, 1, 1, 1, 1]",25.55,21.27,27.69,15.79,1406927.55
VC,112.14,8,"[1, 1, 1, 1, 0, 0, 1, 1, 1, 1]",109.97,104.69,127.5,84.18,421685.35
TTAM,17.27,9,"[1, 1, 1, 0, 1, 1, 1, 1, 1, 1]",16.13,16.11,19.13,12.16,283702.05
BKV,24.24,4,"[0, 0, 0, 0, 1, 1, 0, 1, 1, 0]",27.85,26.71,32.16,19.68,676341.05
HIMX,16.79,8,"[1, 1, 1, 1, 1, 1, 1, 0, 1, 0]",15.85,10.23,24.19,6.93,4662905.15
BANC,19.99,8,"[1, 1, 1, 1, 1, 1, 0, 0, 1, 1]",18.78,18.15,,,2638863.95
SBCF,31.27,8,"[1, 0, 1, 0, 1, 1, 1, 1, 1, 1]",30.91,31.03,34.66,24.04,691392.4
KN,40.33,10,"[1, 1, 1, 1, 1, 1, 1, 1, 1, 1]",34.12,26.38,41.37,16.95,979898.2
ALMS,22.32,8,"[0, 1, 1, 1, 1, 1, 1, 0, 1, 1]",22.95,16.41,29.98,2.8,1183254.8
SDRL,40.22,6,"[0, 0, 1, 1, 1, 1, 1, 0, 1, 0]",48.01,38.66,54.8,25.74,638464.3
CRVL,59.69,3,"[1, 0, 0, 0, 0, 0, 0, 0, 1, 1]",58.14,65.24,104.72,46.0,229918.15
ITGR,91.3,7,"[1, 1, 1, 1, 0, 0, 1, 0, 1, 1]",88.44,86.3,122.97,63.32,459093.3
SUPN,43.58,5,"[0, 0, 0, 0, 1, 1, 1, 1, 1, 0]",48.37,49.0,57.0,31.16,601468.0
XXI,6.0,1,"[0, 0, 0, 0, 0, 0, 0, 0, 1, 0]",7.35,11.55,37.87,5.34,1400193.25
LFST,8.62,10,"[1, 1, 1, 1, 1, 1, 1, 1, 1, 1]",7.46,6.6,8.85,3.79,2615338.95
TDC,32.87,10,"[1, 1, 1, 1, 1, 1, 1, 1, 1, 1]",30.42,27.63,37.88,20.11,2140131.5
NMRK,15.32,5,"[1, 0, 0, 0, 0, 0, 1, 1, 1, 1]",15.32,16.45,19.43,11.05,1293374.25
ERO,30.1,10,"[1, 1, 1, 1, 1, 1, 1, 1, 1, 1]",28.42,26.0,38.03,12.98,1273625.05
JOYY,67.35,10,"[1, 1, 1, 1, 1, 1, 1, 1, 1, 1]",61.37,60.25,68.86,46.36,371448.15
EXK,9.3,4,"[0, 0, 0, 0, 1, 1, 1, 0, 1, 0]",9.47,9.41,14.12,4.69,6746755.45
SHOO,44.61,10,"[1, 1, 1, 1, 1, 1, 1, 1, 1, 1]",40.27,37.86,46.15,22.6,945646.4
PHIN,81.68,10,"[1, 1, 1, 1, 1, 1, 1, 1, 1, 1]",75.8,64.94,85.16,41.4,328970.6
ARX,13.35,3,"[0, 0, 0, 1, 0, 0, 1, 0, 1, 0]",14.29,14.08,30.05,9.36,1513571.8
KALU,181.72,10,"[1, 1, 1, 1, 1, 1, 1, 1, 1, 1]",169.69,121.09,190.63,71.09,224515.05
DBRG,15.76,10,"[1, 1, 1, 1, 1, 1, 1, 1, 1, 1]",15.63,13.96,15.76,9.16,2153078.6
PAGS,8.98,4,"[0, 0, 0, 0, 1, 1, 0, 1, 1, 0]",9.7,9.74,11.72,7.57,3121034.45
CECO,92.55,10,"[1, 1, 1, 1, 1, 1, 1, 1, 1, 1]",77.33,62.33,96.74,28.31,1076425.35
WT,18.47,9,"[1, 1, 1, 1, 1, 1, 1, 1, 1, 0]",17.87,14.76,19.81,10.05,2859512.3
PFS,23.15,10,"[1, 1, 1, 1, 1, 1, 1, 1, 1, 1]",22.24,20.4,23.52,15.25,853920.75
TRN,35.21,10,"[1, 1, 1, 1, 1, 1, 1, 1, 1, 1]",33.58,29.66,36.64,22.59,800322.75
DYN,18.07,6,"[0, 0, 1, 0, 1, 1, 1, 0, 1, 1]",18.24,17.61,24.29,8.18,1561839.4
GEO,28.63,9,"[1, 1, 1, 1, 0, 1, 1, 1, 1, 1]",21.72,18.23,28.63,13.26,1884954.45
LCII,92.78,3,"[0, 0, 0, 0, 1, 1, 0, 0, 1, 0]",110.99,114.4,154.08,82.3,342603.8
TNK,75.14,9,"[1, 1, 1, 1, 1, 1, 1, 1, 1, 0]",74.91,63.18,81.69,40.68,345142.65
BTU,25.47,5,"[0, 0, 0, 0, 1, 1, 1, 0, 1, 1]",26.61,29.39,39.38,12.52,4052547.55
NTCT,40.56,10,"[1, 1, 1, 1, 1, 1, 1, 1, 1, 1]",37.36,30.12,43.43,20.77,653251.3
DK,44.05,9,"[1, 1, 1, 1, 1, 1, 1, 1, 1, 0]",44.01,37.09,49.04,19.43,1025491.7
PTRN,19.17,7,"[1, 1, 0, 1, 0, 0, 1, 1, 1, 1]",16.29,19.17,21.08,9.59,1585316.1
GRND,13.36,6,"[1, 1, 1, 1, 0, 0, 1, 0, 1, 0]",12.88,13.07,23.02,9.85,1733108.45
TXG,31.75,10,"[1, 1, 1, 1, 1, 1, 1, 1, 1, 1]",24.89,18.9,33.5,10.56,3224720.65
CLMT,32.69,9,"[0, 1, 1, 1, 1, 1, 1, 1, 1, 1]",33.46,24.92,37.41,13.23,826891.9
AEO,17.54,6,"[1, 0, 0, 0, 1, 1, 1, 0, 1, 1]",17.25,19.54,27.87,9.28,6601894.05
INOD,107.42,9,"[1, 1, 1, 1, 0, 1, 1, 1, 1, 1]",73.57,61.69,121.5,34.45,1782861.7
GPCR,42.91,5,"[0, 0, 0, 0, 1, 1, 1, 0, 1, 1]",43.11,47.96,93.79,16.2,740834.85
IHS,8.26,9,"[0, 1, 1, 1, 1, 1, 1, 1, 1, 1]",8.26,7.61,8.73,5.45,1230425.0
AYA,21.05,10,"[1, 1, 1, 1, 1, 1, 1, 1, 1, 1]",18.28,15.06,21.63,8.33,479252.75
SLNO,53.01,6,"[1, 1, 1, 0, 0, 0, 1, 0, 1, 1]",45.79,52.4,88.49,30.05,1749339.8
SPNT,23.28,9,"[1, 1, 1, 1, 1, 1, 1, 1, 1, 0]",22.87,20.77,23.86,17.48,709725.45
KMT,36.5,10,"[1, 1, 1, 1, 1, 1, 1, 1, 1, 1]",36.49,31.04,43.04,19.42,1315218.25
STUB,11.5,5,"[1, 1, 0, 0, 0, 0, 1, 0, 1, 1]",8.42,11.5,22.0,6.09,6062544.85
FA,16.71,8,"[1, 1, 1, 1, 0, 0, 1, 1, 1, 1]",14.25,13.69,18.4,8.95,1588992.4
NKTR,60.27,5,"[0, 0, 0, 1, 1, 1, 1, 0, 1, 0]",74.59,60.42,100.35,8.51,928779.25
EOSE,6.81,3,"[0, 0, 0, 0, 0, 1, 1, 0, 1, 0]",7.14,10.69,19.19,4.19,22896636.85
UAA,5.84,8,"[0, 1, 1, 1, 1, 1, 1, 0, 1, 1]",5.91,5.57,8.14,4.17,7115343.2
UA,5.66,8,"[0, 1, 1, 1, 1, 1, 1, 0, 1, 1]",5.75,5.4,7.88,3.96,2921710.25
DBD,82.16,10,"[1, 1, 1, 1, 1, 1, 1, 1, 1, 1]",80.02,70.07,88.77,51.78,278016.35
BKE,44.2,2,"[0, 0, 0, 0, 0, 0, 0, 1, 1, 0]",50.43,51.62,57.1,40.77,499681.45
UNIT,12.3,10,"[1, 1, 1, 1, 1, 1, 1, 1, 1, 1]",11.4,8.14,12.75,5.36,1922103.45
ARCB,159.8,10,"[1, 1, 1, 1, 1, 1, 1, 1, 1, 1]",129.04,93.16,173.22,59.5,368857.85
NN,18.92,8,"[0, 1, 1, 1, 1, 1, 1, 1, 1, 0]",19.87,16.51,23.59,11.37,2635701.9
HOG,25.62,8,"[1, 1, 1, 1, 0, 0, 1, 1, 1, 1]",23.87,23.0,30.05,17.06,2261391.65
ATRO,75.5,8,"[0, 1, 1, 1, 1, 1, 1, 1, 1, 0]",76.98,63.0,88.17,30.01,672374.7
CLDX,32.32,10,"[1, 1, 1, 1, 1, 1, 1, 1, 1, 1]",31.99,27.9,34.55,20.01,760589.0
VAC,94.38,9,"[1, 1, 1, 1, 0, 1, 1, 1, 1, 1]",76.95,65.04,95.32,43.9,567291.75
ARQT,25.67,9,"[1, 1, 1, 0, 1, 1, 1, 1, 1, 1]",22.67,23.89,31.2,13.26,1758853.7
GRAL,58.29,5,"[1, 0, 0, 0, 1, 1, 1, 0, 1, 0]",58.21,71.16,116.06,31.42,860108.8
VISN,12.61,10,"[1, 1, 1, 1, 1, 1, 1, 1, 1, 1]",11.18,9.21,12.8,2.78,5386543.55
TARS,60.8,4,"[0, 0, 0, 0, 1, 1, 1, 0, 1, 0]",63.53,68.22,82.51,38.82,632421.1
NGVT,71.77,10,"[1, 1, 1, 1, 1, 1, 1, 1, 1, 1]",71.68,63.51,77.87,40.4,223929.15
AMSC,40.46,4,"[0, 1, 0, 1, 0, 0, 1, 0, 1, 0]",46.66,41.76,66.68,25.95,1429795.05
WAFD,36.96,10,"[1, 1, 1, 1, 1, 1, 1, 1, 1, 1]",34.85,31.92,37.07,26.72,487231.1
HUN,13.18,8,"[0, 1, 1, 1, 1, 1, 1, 1, 1, 0]",14.17,11.36,15.89,7.27,5433133.95
HUBG,45.19,10,"[1, 1, 1, 1, 1, 1, 1, 1, 1, 1]",41.84,39.83,52.19,32.24,757631.35
TRMK,45.25,10,"[1, 1, 1, 1, 1, 1, 1, 1, 1, 1]",44.28,41.07,45.91,32.86,356076.05
IRON,69.83,6,"[1, 0, 0, 0, 1, 1, 1, 0, 1, 1]",68.39,73.06,94.11,50.05,409354.8
CUBI,76.46,10,"[1, 1, 1, 1, 1, 1, 1, 1, 1, 1]",75.5,71.52,81.21,50.92,295112.05
VERA,33.67,4,"[0, 0, 0, 0, 1, 1, 1, 0, 1, 0]",36.66,37.04,55.67,19.25,1047057.8
ICHR,85.77,10,"[1, 1, 1, 1, 1, 1, 1, 1, 1, 1]",69.06,37.66,89.47,14.06,1162452.5
RARE,24.85,4,"[1, 0, 0, 0, 0, 0, 1, 0, 1, 1]",24.16,27.07,41.44,18.5,1640462.45
KOD,32.94,7,"[0, 1, 1, 1, 1, 1, 1, 0, 1, 0]",39.23,26.1,46.44,3.53,689300.45
SAH,83.65,9,"[1, 1, 1, 1, 0, 1, 1, 1, 1, 1]",76.16,68.32,86.85,57.63,251855.4
DRD,25.4,4,"[0, 0, 0, 0, 1, 1, 1, 0, 1, 0]",27.66,29.09,38.8,12.84,272969.25
HE,13.47,8,"[0, 0, 1, 1, 1, 1, 1, 1, 1, 1]",14.37,13.45,17.08,10.25,1596990.65
IMNM,17.91,5,"[0, 0, 0, 1, 1, 1, 1, 0, 1, 0]",21.68,19.25,26.97,8.4,1303114.65
FRSH,9.5,4,"[1, 0, 0, 0, 0, 0, 1, 0, 1, 1]",8.86,10.34,15.36,6.88,12536571.25
NSIT,109.22,7,"[1, 1, 1, 1, 0, 0, 1, 0, 1, 1]",88.69,91.49,146.66,64.43,492229.55
HTFL,32.05,8,"[1, 1, 1, 1, 0, 0, 1, 1, 1, 1]",29.65,30.0,39.91,20.49,1236895.1
OSW,26.36,10,"[1, 1, 1, 1, 1, 1, 1, 1, 1, 1]",24.21,21.92,26.36,19.0,561234.6
SEDG,57.15,9,"[1, 1, 1, 1, 1, 1, 1, 0, 1, 1]",52.26,40.17,78.51,15.96,3761265.95
ROG,161.14,10,"[1, 1, 1, 1, 1, 1, 1, 1, 1, 1]",134.8,102.97,161.14,64.78,315934.45
ATKR,78.86,10,"[1, 1, 1, 1, 1, 1, 1, 1, 1, 1]",75.44,66.59,85.41,52.77,490920.6
TALO,13.8,8,"[0, 1, 1, 1, 1, 1, 1, 1, 1, 0]",15.11,12.33,16.59,7.79,1754671.3
IDYA,30.57,7,"[1, 0, 0, 0, 1, 1, 1, 1, 1, 1]",29.71,31.16,37.86,21.02,1126237.5
ELVN,42.55,10,"[1, 1, 1, 1, 1, 1, 1, 1, 1, 1]",41.67,27.99,48.11,15.14,1588437.1
DGII,68.8,10,"[1, 1, 1, 1, 1, 1, 1, 1, 1, 1]",61.31,47.11,69.82,31.14,316751.9
LWLG,9.39,7,"[0, 1, 1, 1, 1, 1, 1, 0, 1, 0]",12.45,6.48,18.22,1.21,5794181.75
TMC,5.19,3,"[0, 0, 0, 0, 0, 1, 0, 0, 1, 1]",5.35,6.24,10.69,4.1,6433171.6
LMAT,93.39,5,"[0, 0, 0, 1, 1, 1, 0, 1, 1, 0]",103.62,93.92,117.1,79.04,292097.95
MTX,78.02,10,"[1, 1, 1, 1, 1, 1, 1, 1, 1, 1]",75.41,66.62,82.71,52.91,151368.6
BRZE,21.18,2,"[0, 0, 0, 0, 0, 0, 1, 0, 1, 0]",22.57,25.44,36.19,15.79,3364471.8
AAMI,82.33,10,"[1, 1, 1, 1, 1, 1, 1, 1, 1, 1]",69.76,54.25,82.33,31.26,428807.5
RLAY,15.05,10,"[1, 1, 1, 1, 1, 1, 1, 1, 1, 1]",14.11,9.19,16.8,3.06,4939139.75
MLYS,23.99,3,"[0, 0, 0, 0, 0, 1, 1, 0, 1, 0]",27.72,33.07,47.33,12.87,2044813.8
FBNC,60.9,10,"[1, 1, 1, 1, 1, 1, 1, 1, 1, 1]",58.84,54.82,61.96,39.58,189823.1
ANDE,69.21,8,"[0, 1, 1, 1, 1, 1, 1, 1, 1, 0]",73.05,58.8,79.42,34.24,289935.3
VNET,9.03,4,"[0, 0, 0, 0, 1, 1, 1, 0, 1, 0]",9.28,9.66,14.03,5.44,7896848.4
HTO,57.25,9,"[0, 1, 1, 1, 1, 1, 1, 1, 1, 1]",57.57,52.0,60.84,43.73,433017.45
DXPE,166.19,10,"[1, 1, 1, 1, 1, 1, 1, 1, 1, 1]",156.99,130.28,181.51,78.34,138281.05
PTON,5.72,5,"[1, 1, 0, 0, 0, 0, 1, 0, 1, 1]",5.4,6.04,9.0,3.71,16022846.9
SGML,14.8,8,"[0, 1, 1, 1, 1, 1, 1, 0, 1, 1]",17.73,11.97,23.65,4.28,3016449.95
TENB,26.92,8,"[1, 1, 1, 1, 0, 0, 1, 1, 1, 1]",22.84,24.44,35.46,16.04,3737102.9
DFTX,24.16,10,"[1, 1, 1, 1, 1, 1, 1, 1, 1, 1]",22.46,16.13,24.75,6.49,2153253.4
VERX,11.94,1,"[0, 0, 0, 0, 0, 0, 0, 0, 1, 0]",12.75,17.78,36.94,10.8,1528803.55
PLUS,82.41,6,"[0, 0, 1, 0, 1, 1, 1, 1, 1, 0]",83.99,81.34,92.78,61.7,262541.3
AERO,17.24,6,"[1, 0, 0, 0, 1, 0, 1, 1, 1, 1]",15.84,17.24,22.91,12.36,192449.65
AMPX,15.49,7,"[0, 1, 1, 1, 1, 1, 1, 0, 1, 0]",18.71,13.58,22.91,3.45,8859027.0
AMR,187.8,7,"[0, 0, 1, 0, 1, 1, 1, 1, 1, 1]",193.12,185.31,249.65,99.46,256860.7
COHU,62.41,10,"[1, 1, 1, 1, 1, 1, 1, 1, 1, 1]",47.92,31.05,64.05,17.86,1702512.8
AESI,16.36,8,"[0, 1, 1, 1, 1, 1, 1, 1, 1, 0]",16.61,12.36,19.75,8.1,2777581.95
NESR,24.94,9,"[1, 1, 1, 1, 1, 1, 1, 1, 1, 0]",24.62,18.15,26.84,5.72,1883201.45
WTTR,18.2,9,"[1, 1, 1, 1, 1, 1, 1, 1, 1, 0]",17.39,12.97,20.04,7.78,1528081.9
ACHC,24.99,7,"[0, 1, 1, 1, 0, 1, 1, 1, 1, 0]",25.71,20.89,28.26,11.68,2441509.8
MNR,12.63,7,"[0, 1, 1, 1, 1, 1, 0, 1, 1, 0]",13.07,11.88,14.26,9.93,467257.05
CSGS,80.69,10,"[1, 1, 1, 1, 1, 1, 1, 1, 1, 1]",80.13,74.06,80.69,59.97,353613.6
GRDN,42.42,10,"[1, 1, 1, 1, 1, 1, 1, 1, 1, 1]",38.36,32.19,43.09,19.67,389022.65
CEPU,15.85,9,"[1, 1, 1, 0, 1, 1, 1, 1, 1, 1]",15.01,14.25,17.95,7.68,345581.7
PRDO,32.16,4,"[0, 0, 0, 1, 0, 1, 0, 1, 1, 0]",34.28,32.9,37.77,27.01,659070.2
HLIO,85.75,10,"[1, 1, 1, 1, 1, 1, 1, 1, 1, 1]",74.98,63.25,85.94,31.04,363424.85
WOLF,45.0,5,"[1, 1, 0, 1, 0, 0, 1, 0, 1, 0]",44.14,45.0,73.5,14.8,8491143.45
NTB,59.11,10,"[1, 1, 1, 1, 1, 1, 1, 1, 1, 1]",56.05,49.54,59.11,40.26,215369.4
FUN,24.45,7,"[1, 1, 1, 1, 0, 0, 1, 0, 1, 1]",20.17,18.76,32.94,12.83,1979728.0
BLBD,73.21,10,"[1, 1, 1, 1, 1, 1, 1, 1, 1, 1]",66.92,57.2,73.21,41.81,426815.25
KEEL,5.96,9,"[1, 1, 1, 1, 0, 1, 1, 1, 1, 1]",4.1,3.12,6.47,0.75,52272270.55
PENG,60.38,10,"[1, 1, 1, 1, 1, 1, 1, 1, 1, 1]",43.24,26.62,71.41,16.24,3007187.15
AXGN,43.4,10,"[1, 1, 1, 1, 1, 1, 1, 1, 1, 1]",39.94,30.11,43.74,9.29,1102544.65
PENN,21.86,9,"[1, 1, 1, 1, 0, 1, 1, 1, 1, 1]",17.52,16.0,21.86,11.76,3656004.8
CMPR,83.93,8,"[0, 1, 1, 1, 1, 1, 1, 1, 1, 0]",89.41,74.5,104.48,42.62,240541.25
FLOC,23.1,8,"[0, 1, 1, 1, 1, 1, 1, 1, 1, 0]",24.38,19.99,28.09,14.08,671456.65
DRH,12.02,10,"[1, 1, 1, 1, 1, 1, 1, 1, 1, 1]",10.73,9.25,12.02,7.22,1947171.7
XIFR,11.7,9,"[1, 1, 1, 1, 1, 1, 1, 1, 1, 0]",11.11,10.28,12.77,8.08,865412.1
ADPT,17.22,9,"[1, 1, 1, 0, 1, 1, 1, 1, 1, 1]",14.69,15.42,20.46,10.14,2505204.6
HTH,37.97,10,"[1, 1, 1, 1, 1, 1, 1, 1, 1, 1]",37.37,35.31,39.6,28.58,268810.35
CTOS,10.67,10,"[1, 1, 1, 1, 1, 1, 1, 1, 1, 1]",9.21,7.01,10.73,4.7,853809.45
DRVN,13.36,2,"[1, 0, 0, 0, 0, 0, 0, 0, 1, 0]",13.2,14.47,19.21,10.3,1485621.85
RDW,13.5,7,"[0, 1, 1, 1, 1, 1, 1, 0, 1, 0]",13.57,9.82,25.9,5.06,60211294.6
VVX,86.99,10,"[1, 1, 1, 1, 1, 1, 1, 1, 1, 1]",73.95,64.31,90.81,44.54,532893.05
BCRX,8.92,8,"[0, 1, 1, 1, 1, 1, 1, 1, 1, 0]",8.94,7.93,10.1,6.24,3750118.45
TIC,8.42,1,"[0, 0, 0, 0, 0, 0, 0, 0, 1, 0]",8.57,10.05,14.49,6.57,2016035.0
WERN,42.12,10,"[1, 1, 1, 1, 1, 1, 1, 1, 1, 1]",37.34,31.34,44.51,22.94,983258.6
CENTA,37.76,10,"[1, 1, 1, 1, 1, 1, 1, 1, 1, 1]",34.44,31.6,37.94,26.27,310851.75
QUBT,10.12,5,"[1, 1, 0, 0, 0, 0, 1, 0, 1, 1]",9.87,11.86,24.62,6.31,24322331.5
THR,61.14,10,"[1, 1, 1, 1, 1, 1, 1, 1, 1, 1]",58.1,41.44,71.25,24.1,828715.35
ECO,52.0,9,"[1, 1, 1, 1, 1, 1, 1, 1, 1, 0]",50.79,39.26,54.8,20.31,451654.25
BHC,4.96,1,"[0, 0, 0, 0, 0, 0, 0, 0, 1, 0]",5.45,6.14,8.34,4.95,2004435.15
NMM,74.0,10,"[1, 1, 1, 1, 1, 1, 1, 1, 1, 1]",71.78,59.09,76.62,37.44,149803.75
MBIN,49.69,10,"[1, 1, 1, 1, 1, 1, 1, 1, 1, 1]",47.16,38.78,50.0,28.87,108851.5
FLYW,15.86,9,"[1, 1, 1, 1, 1, 1, 1, 1, 1, 0]",14.65,13.52,17.73,10.33,2367405.9
PBI,17.52,10,"[1, 1, 1, 1, 1, 1, 1, 1, 1, 1]",15.09,11.62,17.52,8.89,2547481.6
WLY,45.09,9,"[1, 1, 1, 1, 0, 1, 1, 1, 1, 1]",41.52,36.12,45.09,28.52,397421.55
CMRE,15.65,7,"[0, 0, 1, 1, 1, 1, 1, 1, 1, 0]",16.62,15.17,17.79,8.81,450142.85
SLDE,16.91,5,"[0, 0, 0, 1, 1, 1, 1, 0, 1, 0]",18.13,17.04,23.3,12.74,950381.0
OCUL,8.94,2,"[0, 0, 0, 0, 0, 0, 0, 0, 1, 1]",8.98,10.54,16.11,6.88,2478009.2
ESTA,82.57,10,"[1, 1, 1, 1, 1, 1, 1, 1, 1, 1]",69.97,62.88,85.11,33.62,486002.15
SRPT,15.78,2,"[0, 0, 0, 0, 0, 0, 1, 0, 1, 0]",19.01,19.73,24.45,11.93,2671705.9
IMOS,58.57,10,"[1, 1, 1, 1, 1, 1, 1, 1, 1, 1]",52.09,35.06,70.26,15.09,114885.25
NVCR,17.49,10,"[1, 1, 1, 1, 1, 1, 1, 1, 1, 1]",15.41,13.32,18.46,10.03,1454391.85
DEI,12.15,8,"[1, 1, 1, 1, 0, 0, 1, 1, 1, 1]",11.28,11.59,16.09,8.99,2504737.45
EZPW,30.89,8,"[0, 1, 1, 1, 1, 1, 1, 1, 1, 0]",31.69,23.59,34.65,13.13,858883.4
PDFS,61.5,10,"[1, 1, 1, 1, 1, 1, 1, 1, 1, 1]",47.75,33.66,65.09,18.97,768343.9
TRVI,15.4,10,"[1, 1, 1, 1, 1, 1, 1, 1, 1, 1]",14.11,11.73,15.4,5.47,1122814.85
DCO,162.6,10,"[1, 1, 1, 1, 1, 1, 1, 1, 1, 1]",145.56,114.78,165.25,79.39,203522.05
WS,40.65,10,"[1, 1, 1, 1, 1, 1, 1, 1, 1, 1]",38.7,35.77,48.27,24.06,228643.9
STOK,29.15,7,"[0, 0, 0, 1, 1, 1, 1, 1, 1, 1]",32.22,30.63,38.35,11.35,537511.95
DHC,8.79,10,"[1, 1, 1, 1, 1, 1, 1, 1, 1, 1]",8.09,5.97,9.13,3.25,1985960.35
TYRA,28.21,6,"[0, 0, 1, 1, 1, 1, 1, 0, 1, 0]",33.19,26.01,39.61,9.1,913559.95
SEM,16.61,10,"[1, 1, 1, 1, 1, 1, 1, 1, 1, 1]",16.44,14.95,16.66,11.56,1649950.9
CLBK,20.25,10,"[1, 1, 1, 1, 1, 1, 1, 1, 1, 1]",19.38,16.99,20.94,13.73,396591.2
MGNI,18.55,6,"[1, 1, 1, 0, 0, 0, 1, 0, 1, 1]",13.77,15.66,26.52,11.2,2809587.2
NGL,15.85,9,"[1, 1, 1, 1, 1, 1, 1, 1, 1, 0]",15.64,10.91,18.11,4.0,362029.85
NTST,20.02,7,"[0, 1, 1, 1, 1, 1, 0, 1, 1, 0]",20.16,18.66,20.74,15.73,1351924.85
ANAB,57.61,9,"[1, 1, 1, 1, 1, 1, 1, 1, 1, 0]",56.61,35.62,69.78,12.93,532553.95
PSNY,20.45,5,"[1, 1, 0, 1, 0, 0, 1, 0, 1, 0]",20.13,20.89,41.1,12.01,159031.6
NEXT,7.27,5,"[0, 1, 1, 1, 0, 0, 1, 0, 1, 0]",7.99,6.65,12.0,4.8,2550924.7
BBAI,3.96,3,"[0, 0, 0, 0, 0, 0, 1, 0, 1, 1]",4.09,5.23,8.91,3.04,48003381.4
ATEN,32.43,10,"[1, 1, 1, 1, 1, 1, 1, 1, 1, 1]",28.32,20.96,32.7,16.47,1075086.2
GTY,33.29,10,"[1, 1, 1, 1, 1, 1, 1, 1, 1, 1]",33.18,29.67,34.61,24.79,429771.95
OMCL,39.9,6,"[0, 0, 1, 0, 1, 1, 1, 1, 1, 0]",40.82,38.69,51.39,26.88,577555.6
SION,34.75,6,"[0, 0, 0, 1, 1, 1, 1, 1, 1, 0]",39.91,37.08,45.95,13.85,347174.4
SOC,9.99,3,"[0, 0, 0, 1, 0, 0, 1, 0, 1, 0]",13.47,12.64,31.69,4.12,4026960.15
BW,16.63,8,"[0, 1, 1, 1, 1, 1, 1, 1, 1, 0]",17.29,9.65,21.85,0.88,2988614.85
BSTZ,30.86,10,"[1, 1, 1, 1, 1, 1, 1, 1, 1, 1]",27.27,22.73,31.68,17.52,202994.65
NEOG,9.31,10,"[1, 1, 1, 1, 1, 1, 1, 1, 1, 1]",9.17,8.06,11.33,4.65,2617213.7
UTI,38.45,9,"[1, 1, 1, 1, 1, 1, 1, 1, 1, 0]",38.17,31.93,44.9,21.77,1761646.4
INBX,93.11,7,"[0, 1, 1, 1, 1, 1, 1, 0, 1, 0]",103.38,74.41,141.84,14.27,329921.75
AUPH,16.22,10,"[1, 1, 1, 1, 1, 1, 1, 1, 1, 1]",15.76,14.54,16.42,7.47,1210941.25
TSHA,5.85,9,"[0, 1, 1, 1, 1, 1, 1, 1, 1, 1]",5.89,4.85,6.98,2.31,2370063.3
GNL,9.26,8,"[0, 1, 1, 1, 1, 1, 1, 1, 1, 0]",9.38,8.58,9.76,6.41,2307812.2
MBX,40.09,10,"[1, 1, 1, 1, 1, 1, 1, 1, 1, 1]",32.68,28.3,43.14,9.73,807779.35
WSR,19.08,10,"[1, 1, 1, 1, 1, 1, 1, 1, 1, 1]",18.9,14.99,19.08,11.28,426555.85
ASTH,38.38,8,"[1, 1, 1, 1, 0, 1, 1, 1, 1, 0]",35.51,28.21,39.85,18.16,467232.45
LAC,4.45,4,"[0, 0, 0, 1, 0, 1, 1, 0, 1, 0]",4.94,5.05,10.05,2.53,12257857.3
IMAX,43.71,10,"[1, 1, 1, 1, 1, 1, 1, 1, 1, 1]",37.44,35.9,43.71,24.51,1146530.25
FIGS,12.22,7,"[0, 0, 1, 1, 1, 1, 1, 0, 1, 1]",13.4,11.23,17.12,5.24,2694638.5
MD,24.15,10,"[1, 1, 1, 1, 1, 1, 1, 1, 1, 1]",22.59,20.7,24.65,11.98,711901.65
NWL,4.74,8,"[1, 1, 1, 1, 0, 0, 1, 1, 1, 1]",3.99,4.12,6.05,2.94,9947957.7
PHVS,31.46,10,"[1, 1, 1, 1, 1, 1, 1, 1, 1, 1]",29.74,26.32,32.94,16.56,324467.5
PUMP,14.85,8,"[0, 1, 1, 1, 1, 1, 1, 1, 1, 0]",15.8,11.13,18.2,4.52,5590163.75
LC,19.03,9,"[1, 1, 1, 0, 1, 1, 1, 1, 1, 1]",16.72,17.0,21.58,11.0,1853298.45
AGM,184.01,6,"[1, 1, 1, 1, 0, 0, 0, 0, 1, 1]",172.53,167.12,,,133759.15
RAMP,37.61,9,"[1, 1, 1, 1, 1, 1, 1, 1, 1, 0]",32.46,28.71,37.83,22.42,2582985.05
LAR,9.62,10,"[1, 1, 1, 1, 1, 1, 1, 1, 1, 1]",9.53,6.56,11.79,1.91,2055393.65
STEL,38.59,8,"[1, 1, 1, 1, 1, 1, 0, 0, 1, 1]",37.34,33.8,,,359126.25
PRKS,45.99,8,"[1, 1, 1, 1, 0, 0, 1, 1, 1, 1]",37.7,39.6,55.21,29.73,960875.7
SNDX,18.55,4,"[0, 0, 0, 0, 1, 1, 1, 0, 1, 0]",20.69,19.47,25.15,8.73,1729557.9
JBLU,5.22,10,"[1, 1, 1, 1, 1, 1, 1, 1, 1, 1]",5.02,4.89,6.46,4.01,26602546.0
ARCO,8.69,9,"[0, 1, 1, 1, 1, 1, 1, 1, 1, 1]",8.72,7.77,9.5,6.37,1568362.9
NEXA,14.84,10,"[1, 1, 1, 1, 1, 1, 1, 1, 1, 1]",14.25,9.87,16.72,4.66,898628.05
AGRO,9.93,6,"[0, 0, 1, 1, 1, 1, 1, 0, 1, 0]",12.98,9.83,15.18,7.07,845726.9
HTZ,4.99,2,"[0, 0, 0, 1, 0, 0, 0, 0, 1, 0]",5.8,5.44,7.97,3.89,5959932.65
SPB,84.0,10,"[1, 1, 1, 1, 1, 1, 1, 1, 1, 1]",80.25,66.22,84.9,49.33,365509.75
BLX,59.24,10,"[1, 1, 1, 1, 1, 1, 1, 1, 1, 1]",55.03,47.81,60.46,38.29,183389.95
MESO,13.75,2,"[0, 0, 0, 0, 0, 0, 1, 0, 1, 0]",14.93,16.22,20.96,10.16,162997.7
OCS,11.45,4,"[0, 0, 0, 1, 1, 1, 0, 0, 1, 0]",24.38,22.87,32.65,10.71,1266583.8
ANIP,83.0,7,"[1, 1, 0, 1, 0, 0, 1, 1, 1, 1]",80.11,83.2,98.81,63.35,320176.1
PGNY,26.6,9,"[1, 1, 1, 0, 1, 1, 1, 1, 1, 1]",21.78,22.05,28.42,16.3,1522578.75
INVX,26.75,8,"[0, 1, 1, 1, 1, 1, 1, 1, 1, 0]",27.65,23.51,31.05,15.08,432169.6
CASH,83.3,8,"[0, 1, 1, 1, 1, 1, 0, 1, 1, 1]",86.48,80.79,99.87,66.35,192860.45
RAPP,38.49,10,"[1, 1, 1, 1, 1, 1, 1, 1, 1, 1]",36.58,29.7,39.93,10.88,299642.75
SNDA,34.87,8,"[0, 1, 1, 1, 1, 1, 1, 1, 1, 0]",35.66,32.03,38.78,23.92,628104.75
FIHL,,1,"[0, 0, 0, 0, 0, 0, 0, 0, 1, 0]",,,,,421548.15
TPB,83.73,3,"[1, 0, 0, 0, 1, 0, 0, 0, 1, 0]",83.66,98.2,142.85,70.59,445486.6
VET,10.36,6,"[0, 0, 1, 1, 1, 1, 1, 0, 1, 0]",12.11,9.84,14.29,6.95,1568067.05
BORR,4.32,5,"[0, 0, 0, 1, 1, 1, 1, 0, 1, 0]",5.57,4.43,6.61,1.83,10441534.4
ECPG,82.98,10,"[1, 1, 1, 1, 1, 1, 1, 1, 1, 1]",80.94,60.29,84.41,35.97,277730.5
SONO,14.84,6,"[1, 0, 0, 0, 0, 1, 1, 1, 1, 1]",14.81,15.75,19.16,9.91,1492362.65
WBTN,12.39,6,"[1, 1, 0, 1, 0, 0, 1, 0, 1, 1]",12.03,13.4,21.31,8.36,310344.25
ADNT,21.59,5,"[0, 1, 0, 1, 0, 0, 0, 1, 1, 1]",21.69,21.93,27.09,17.8,994037.7
VRE,18.99,10,"[1, 1, 1, 1, 1, 1, 1, 1, 1, 1]",18.91,16.2,19.0,13.54,858985.0
UFPT,232.2,8,"[1, 1, 1, 0, 1, 1, 0, 1, 1, 1]",213.44,217.56,267.56,185.28,196150.2
CLVT,2.13,1,"[0, 0, 0, 0, 0, 0, 0, 0, 1, 0]",2.51,3.04,4.53,1.68,4843396.75
AIN,70.29,9,"[1, 1, 1, 1, 0, 1, 1, 1, 1, 1]",61.17,55.67,71.14,40.8,240781.5
CTS,64.8,10,"[1, 1, 1, 1, 1, 1, 1, 1, 1, 1]",59.57,48.86,67.88,36.41,288579.15
VOYG,37.85,7,"[1, 1, 1, 1, 0, 1, 1, 0, 1, 0]",35.43,29.94,51.77,17.99,3072066.65
ZYME,22.49,6,"[0, 0, 0, 1, 1, 1, 1, 1, 1, 0]",25.64,22.73,28.56,12.02,715309.95
CAPR,26.05,7,"[0, 1, 1, 1, 1, 1, 1, 0, 1, 0]",30.73,21.17,35.34,4.6,817853.5
PSIX,39.02,2,"[0, 0, 0, 0, 0, 0, 0, 0, 1, 1]",57.23,70.65,115.78,36.36,597771.35
LOB,38.64,10,"[1, 1, 1, 1, 1, 1, 1, 1, 1, 1]",37.14,35.74,41.68,27.44,237065.0
XPRO,15.45,7,"[0, 0, 1, 1, 1, 1, 1, 1, 1, 0]",16.41,15.02,18.39,8.27,1063813.3
PVLA,110.12,8,"[0, 1, 1, 1, 1, 1, 1, 0, 1, 1]",119.53,97.1,148.34,20.51,251352.1
FLNG,30.19,8,"[0, 1, 1, 1, 1, 1, 1, 1, 1, 0]",30.6,26.36,32.46,19.62,457447.35
SFL,11.27,8,"[0, 1, 1, 1, 1, 1, 1, 1, 1, 0]",11.32,9.06,12.57,6.59,1457291.05
CYD,50.46,10,"[1, 1, 1, 1, 1, 1, 1, 1, 1, 1]",48.14,42.08,59.71,20.72,236596.05
TILE,31.55,9,"[1, 1, 1, 0, 1, 1, 1, 1, 1, 1]",28.55,28.44,34.79,20.0,573006.2
PCT,8.19,3,"[0, 0, 0, 1, 0, 0, 1, 0, 1, 0]",9.33,9.83,16.92,5.06,6722307.65
LPG,41.38,9,"[1, 1, 1, 1, 1, 1, 1, 1, 1, 0]",39.38,30.82,47.72,22.25,762752.05
TE,8.63,9,"[1, 1, 1, 1, 1, 1, 1, 0, 1, 1]",6.93,5.66,12.04,1.16,49593614.9
VRDN,15.98,3,"[1, 0, 0, 0, 1, 0, 0, 0, 1, 0]",15.78,24.18,33.78,13.3,1620188.45
NRIX,17.07,9,"[1, 1, 1, 0, 1, 1, 1, 1, 1, 1]",16.49,15.0,21.47,8.24,2889415.95
QURE,26.99,7,"[1, 1, 0, 1, 0, 1, 1, 0, 1, 1]",22.9,27.22,70.59,9.03,1307774.15
DV,10.53,4,"[1, 1, 0, 0, 0, 0, 0, 0, 1, 1]",10.28,10.86,16.27,8.61,3124540.05
FIVN,20.68,6,"[1, 1, 1, 1, 0, 0, 1, 0, 1, 0]",19.98,20.18,29.16,13.61,3103850.95
INVA,22.61,9,"[0, 1, 1, 1, 1, 1, 1, 1, 1, 1]",22.84,21.04,24.24,16.67,900758.5
SILA,30.31,10,"[1, 1, 1, 1, 1, 1, 1, 1, 1, 1]",29.14,24.82,30.31,21.4,560940.65
OPRA,19.01,9,"[1, 1, 1, 1, 0, 1, 1, 1, 1, 1]",17.64,15.46,20.08,11.79,331166.3
ARDX,5.67,4,"[0, 0, 0, 0, 1, 1, 1, 0, 1, 0]",6.16,6.12,7.99,3.55,2917513.1
POET,12.65,8,"[1, 1, 1, 1, 1, 1, 1, 0, 1, 0]",11.2,7.49,20.57,3.96,39495011.75
NUVB,5.12,6,"[1, 0, 0, 0, 1, 1, 1, 0, 1, 1]",4.76,5.3,9.54,1.71,4426272.0
PEB,19.38,10,"[1, 1, 1, 1, 1, 1, 1, 1, 1, 1]",14.95,12.45,19.38,9.37,2373706.5
NTLA,14.55,8,"[1, 1, 1, 1, 0, 1, 1, 0, 1, 1]",13.69,13.43,27.98,8.04,6110219.35
NVAX,9.2,10,"[1, 1, 1, 1, 1, 1, 1, 1, 1, 1]",9.0,8.45,11.19,6.22,4966374.2
SKYT,36.13,10,"[1, 1, 1, 1, 1, 1, 1, 1, 1, 1]",34.29,24.95,39.91,8.46,904875.7
ARLO,13.25,2,"[0, 0, 0, 0, 0, 0, 0, 0, 1, 1]",13.64,14.68,19.44,11.23,1132871.35
PRLB,78.74,10,"[1, 1, 1, 1, 1, 1, 1, 1, 1, 1]",69.24,57.73,78.94,38.02,203081.15
DCOM,39.4,10,"[1, 1, 1, 1, 1, 1, 1, 1, 1, 1]",36.84,32.04,40.08,24.98,245074.75
GLUE,17.76,6,"[0, 0, 1, 1, 1, 1, 1, 0, 1, 0]",18.63,15.71,25.31,4.19,961880.4
AMLX,15.05,9,"[0, 1, 1, 1, 1, 1, 1, 1, 1, 1]",15.22,14.0,18.36,5.02,1327492.0
CLOV,4.94,9,"[1, 1, 1, 1, 0, 1, 1, 1, 1, 1]",3.18,2.69,4.94,1.7,9293305.95
REX,43.68,8,"[0, 1, 1, 1, 1, 1, 1, 1, 1, 0]",46.77,37.22,51.16,24.22,193226.2
STBA,47.32,10,"[1, 1, 1, 1, 1, 1, 1, 1, 1, 1]",44.43,40.59,47.85,33.76,230524.25
KOS,2.49,8,"[0, 1, 1, 1, 1, 1, 1, 1, 1, 0]",2.87,1.95,3.27,0.87,11188049.15
KSS,16.52,7,"[1, 0, 1, 0, 1, 1, 1, 0, 1, 1]",14.26,16.44,24.15,7.86,6424663.3
IOVA,3.82,9,"[1, 1, 1, 1, 1, 1, 1, 0, 1, 1]",3.76,2.95,5.41,1.69,12983951.65
PAHC,31.87,4,"[0, 0, 0, 0, 1, 1, 1, 0, 1, 0]",43.21,43.22,59.33,23.58,349957.6
OUST,42.73,9,"[1, 1, 1, 1, 0, 1, 1, 1, 1, 1]",32.14,26.68,47.09,16.63,4773646.25
STGW,6.86,10,"[1, 1, 1, 1, 1, 1, 1, 1, 1, 1]",6.59,5.71,7.39,4.29,1481199.3
BAND,51.78,8,"[1, 1, 1, 1, 1, 1, 1, 0, 1, 0]",44.73,22.61,73.19,12.82,1417820.6
NVRI,20.82,10,"[1, 1, 1, 1, 1, 1, 1, 1, 1, 1]",19.53,16.94,21.35,8.27,1977395.75
ABCL,5.09,9,"[1, 1, 1, 1, 0, 1, 1, 1, 1, 1]",4.69,4.24,6.46,2.78,6979569.75
HOPE,13.04,10,"[1, 1, 1, 1, 1, 1, 1, 1, 1, 1]",12.38,11.25,13.19,9.37,794389.6
AMRC,27.15,3,"[0, 0, 0, 0, 0, 1, 1, 0, 1, 0]",29.41,31.3,43.23,14.37,661227.95
TFIN,74.03,10,"[1, 1, 1, 1, 1, 1, 1, 1, 1, 1]",67.3,61.08,75.68,46.95,208519.7
HCSG,22.56,10,"[1, 1, 1, 1, 1, 1, 1, 1, 1, 1]",20.87,19.03,23.06,12.69,626117.95
DCH,6.61,8,"[1, 1, 1, 0, 1, 1, 1, 0, 1, 1]",6.14,6.4,9.0,4.08,3880352.5
XHR,19.6,10,"[1, 1, 1, 1, 1, 1, 1, 1, 1, 1]",16.89,14.82,19.6,11.73,800285.5
WLFC,193.5,9,"[0, 1, 1, 1, 1, 1, 1, 1, 1, 1]",193.55,163.01,238.45,114.62,109933.55
GBX,49.33,8,"[1, 1, 1, 0, 1, 1, 0, 1, 1, 1]",48.87,48.06,58.47,40.45,405694.85
LILAK,7.79,6,"[0, 0, 0, 1, 0, 1, 1, 1, 1, 1]",8.11,8.07,8.94,5.54,898480.55
LILA,7.79,6,"[0, 0, 0, 1, 0, 1, 1, 1, 1, 1]",7.98,7.96,8.87,5.43,499507.1
ZD,45.97,10,"[1, 1, 1, 1, 1, 1, 1, 1, 1, 1]",44.86,38.37,48.23,26.51,551108.75
ECVT,12.85,8,"[0, 1, 1, 1, 1, 1, 1, 1, 1, 0]",13.76,10.87,14.97,7.6,1802837.45
VIR,8.61,8,"[0, 1, 1, 1, 1, 1, 1, 1, 1, 0]",9.48,7.41,11.09,4.28,1613068.0
AHCO,10.14,5,"[0, 0, 0, 1, 1, 1, 0, 1, 1, 0]",11.33,10.19,13.38,8.3,1150803.25
KW,10.92,10,"[1, 1, 1, 1, 1, 1, 1, 1, 1, 1]",10.84,9.64,10.94,6.16,2352680.0
ALGT,95.92,9,"[1, 1, 1, 0, 1, 1, 1, 1, 1, 1]",82.93,79.78,114.79,48.12,607424.05
TRS,42.23,9,"[1, 1, 1, 1, 0, 1, 1, 1, 1, 1]",39.27,36.69,42.72,26.73,463687.7
CRML,9.56,4,"[0, 0, 0, 1, 0, 1, 1, 0, 1, 0]",10.98,10.57,29.97,2.18,7758658.85
TH,19.02,10,"[1, 1, 1, 1, 1, 1, 1, 1, 1, 1]",16.3,10.09,19.02,6.22,1451556.2
UAMY,7.09,5,"[0, 0, 0, 1, 1, 1, 1, 0, 1, 0]",9.41,8.25,17.47,1.97,9924334.9
IMTX,9.09,6,"[0, 0, 0, 1, 1, 1, 1, 1, 1, 0]",10.74,9.76,11.87,5.09,554375.15
GSL,38.78,8,"[0, 1, 1, 1, 1, 1, 1, 1, 1, 0]",38.82,34.76,41.64,23.98,378647.25
YELP,23.3,2,"[0, 0, 0, 0, 0, 0, 0, 0, 1, 1]",25.17,27.73,35.41,19.78,1273205.55
CNOB,32.54,10,"[1, 1, 1, 1, 1, 1, 1, 1, 1, 1]",29.56,26.61,32.77,21.28,369002.05
RES,6.7,8,"[0, 1, 1, 1, 1, 1, 1, 1, 1, 0]",7.1,5.9,7.95,4.15,1386229.6
BY,35.21,10,"[1, 1, 1, 1, 1, 1, 1, 1, 1, 1]",33.17,30.32,35.4,24.47,249539.5
NVGS,22.44,9,"[1, 1, 1, 1, 1, 1, 1, 1, 1, 0]",21.92,18.61,24.22,13.96,371071.7
PGEN,4.75,10,"[1, 1, 1, 1, 1, 1, 1, 1, 1, 1]",4.14,4.02,5.21,1.42,5102599.15
BHVN,12.09,6,"[1, 1, 1, 0, 0, 0, 1, 0, 1, 1]",10.11,11.59,18.11,7.79,3064235.2
TNC,87.42,9,"[1, 1, 1, 1, 0, 1, 1, 1, 1, 1]",82.48,76.69,87.53,60.69,145900.25
HLF,11.82,4,"[0, 0, 0, 0, 1, 1, 1, 0, 1, 0]",14.02,13.11,19.96,7.75,1529912.4
SHLS,9.96,9,"[1, 1, 1, 1, 0, 1, 1, 1, 1, 1]",9.07,8.53,12.77,4.25,5260572.4
ATAI,4.14,4,"[0, 1, 0, 1, 0, 0, 1, 0, 1, 0]",4.17,4.29,6.45,2.02,5308025.95
BCAX,21.95,10,"[1, 1, 1, 1, 1, 1, 1, 1, 1, 1]",21.75,17.76,24.01,8.71,481564.7
GCT,33.69,5,"[0, 0, 0, 1, 1, 1, 1, 0, 1, 0]",40.26,36.89,51.8,17.69,724090.4
AIP,41.56,10,"[1, 1, 1, 1, 1, 1, 1, 1, 1, 1]",30.69,18.44,43.63,8.28,1091296.1
GHRS,19.98,8,"[0, 1, 1, 1, 1, 1, 1, 1, 1, 0]",20.53,15.88,24.87,11.68,261487.4
SBET,5.58,1,"[0, 0, 0, 0, 0, 0, 0, 0, 1, 0]",6.65,9.97,37.38,5.16,7611246.2
GILT,13.55,5,"[0, 0, 0, 1, 1, 1, 1, 0, 1, 0]",17.06,14.91,20.85,6.24,1035052.25
AVAH,7.52,4,"[1, 0, 0, 0, 0, 1, 1, 0, 1, 0]",6.87,7.98,10.27,3.74,1641850.15
CBL,48.14,10,"[1, 1, 1, 1, 1, 1, 1, 1, 1, 1]",45.28,36.26,49.7,23.75,246756.95
BKSY,28.77,7,"[0, 1, 1, 1, 1, 1, 1, 0, 1, 0]",38.13,25.84,51.63,11.44,2415056.6
FTRE,15.98,10,"[1, 1, 1, 1, 1, 1, 1, 1, 1, 1]",13.18,12.4,18.4,4.45,1223378.8
NSSC,37.49,5,"[0, 0, 0, 0, 0, 1, 1, 1, 1, 1]",39.99,41.14,46.87,26.96,433369.8
DMRA,20.59,5,"[0, 0, 1, 0, 1, 1, 1, 0, 1, 0]",24.34,20.22,34.14,2.58,365199.85
PRG,39.26,9,"[1, 1, 1, 1, 0, 1, 1, 1, 1, 1]",33.92,31.9,40.14,25.95,415622.5
OBK,49.08,10,"[1, 1, 1, 1, 1, 1, 1, 1, 1, 1]",46.61,40.19,50.14,31.99,116760.1
MUX,20.3,5,"[0, 0, 0, 1, 1, 1, 1, 0, 1, 0]",22.2,20.63,29.05,9.05,1027815.85
PRCT,22.1,1,"[0, 0, 0, 0, 0, 0, 0, 0, 1, 0]",25.67,30.2,60.22,21.71,1449038.45
NBR,91.2,8,"[0, 1, 1, 1, 1, 1, 1, 1, 1, 0]",95.23,67.13,110.63,27.43,276588.6
MAZE,23.86,4,"[0, 0, 0, 0, 1, 1, 1, 0, 1, 0]",25.9,33.7,51.83,10.33,490814.25
ENVX,6.63,3,"[0, 0, 0, 0, 0, 0, 1, 0, 1, 1]",6.76,7.82,15.93,4.84,7515878.6
TBLA,5.04,10,"[1, 1, 1, 1, 1, 1, 1, 1, 1, 1]",4.37,3.81,5.25,2.95,2784669.1
URGN,31.95,10,"[1, 1, 1, 1, 1, 1, 1, 1, 1, 1]",26.2,21.96,31.95,12.96,639504.7
NNE,24.01,1,"[0, 0, 0, 0, 0, 0, 0, 0, 1, 0]",25.09,31.2,56.63,19.0,3085475.95
HROW,38.4,5,"[1, 0, 0, 0, 1, 0, 1, 0, 1, 1]",36.41,41.15,54.8,29.03,761341.2
HLX,9.2,8,"[0, 1, 1, 1, 1, 1, 1, 1, 1, 0]",9.77,8.02,10.55,5.7,1438993.65
LINC,45.91,9,"[1, 1, 1, 1, 1, 1, 1, 1, 1, 0]",44.86,30.7,52.02,17.8,519415.0
RYZ,28.73,10,"[1, 1, 1, 1, 1, 1, 1, 1, 1, 1]",26.39,24.56,30.41,18.75,394931.35
HLIT,14.8,10,"[1, 1, 1, 1, 1, 1, 1, 1, 1, 1]",12.55,10.63,17.11,8.35,5075364.7
TROX,7.59,7,"[0, 1, 1, 1, 1, 1, 1, 0, 1, 0]",8.69,6.09,10.42,2.84,2547238.3
VIA,14.19,2,"[0, 0, 0, 0, 1, 0, 0, 0, 1, 0]",15.57,14.19,53.93,13.31,870366.85
LIND,23.9,10,"[1, 1, 1, 1, 1, 1, 1, 1, 1, 1]",20.3,16.27,23.97,10.86,729395.9
IPX,31.8,2,"[0, 0, 0, 0, 0, 0, 1, 0, 1, 0]",35.45,40.34,60.11,21.98,237135.4
WVE,5.74,2,"[0, 0, 0, 0, 1, 0, 0, 0, 1, 0]",6.73,9.83,21.31,5.66,3453292.8
PLTK,3.35,1,"[0, 0, 0, 0, 0, 0, 0, 0, 1, 0]",3.44,3.51,4.74,2.72,1573156.25
KALV,27.0,10,"[1, 1, 1, 1, 1, 1, 1, 1, 1, 1]",24.29,16.98,27.0,10.76,3070033.85
AVBP,30.33,10,"[1, 1, 1, 1, 1, 1, 1, 1, 1, 1]",29.15,23.27,33.09,16.95,579778.85
OLPX,2.05,10,"[1, 1, 1, 1, 1, 1, 1, 1, 1, 1]",2.04,1.54,2.06,1.01,4911828.25
RLJ,11.26,10,"[1, 1, 1, 1, 1, 1, 1, 1, 1, 1]",9.09,7.73,11.26,6.34,1860983.5
LOMA,12.06,9,"[1, 1, 1, 0, 1, 1, 1, 1, 1, 1]",11.33,10.71,13.12,7.13,478682.85
TV,2.95,8,"[1, 0, 1, 0, 1, 1, 1, 1, 1, 1]",2.88,2.88,3.44,2.08,1023632.7
SBH,13.38,5,"[0, 0, 0, 0, 0, 1, 1, 1, 1, 1]",13.41,14.7,17.0,8.5,1367686.85
CSIQ,16.69,5,"[1, 0, 0, 0, 1, 1, 1, 0, 1, 0]",16.29,18.33,33.58,9.51,2922741.3
RXT,6.21,10,"[1, 1, 1, 1, 1, 1, 1, 1, 1, 1]",3.55,1.83,7.29,0.41,22306384.0
GIII,34.86,10,"[1, 1, 1, 1, 1, 1, 1, 1, 1, 1]",31.35,29.17,35.67,21.3,637386.95
TTI,10.15,9,"[1, 1, 1, 1, 1, 1, 1, 1, 1, 0]",9.75,8.65,12.32,3.23,1604706.95
KDK,6.01,2,"[0, 0, 0, 0, 1, 0, 0, 0, 1, 0]",7.83,6.01,10.92,5.57,1067096.05
STAA,28.92,8,"[1, 1, 1, 1, 0, 1, 1, 1, 1, 0]",28.0,24.38,33.34,16.1,732357.95
TWO,12.26,9,"[1, 1, 1, 1, 1, 1, 1, 1, 1, 0]",11.94,10.46,13.68,8.64,1269826.8
ARRY,7.86,4,"[0, 0, 0, 0, 1, 1, 1, 0, 1, 0]",8.06,8.6,11.96,5.48,6078420.65
BAK,3.33,5,"[0, 0, 0, 1, 1, 1, 1, 0, 1, 0]",3.97,3.43,5.02,2.38,2358914.1
TDOC,7.57,8,"[1, 1, 1, 1, 0, 0, 1, 1, 1, 1]",6.49,6.79,9.46,4.47,4118389.25
WLDN,93.99,5,"[1, 0, 0, 0, 1, 0, 1, 0, 1, 1]",85.9,97.54,134.94,57.54,275561.25
CRVS,11.74,5,"[0, 0, 0, 1, 1, 1, 1, 0, 1, 0]",13.97,11.78,25.52,3.73,1575065.7
CRI,41.1,10,"[1, 1, 1, 1, 1, 1, 1, 1, 1, 1]",36.99,33.72,43.75,22.91,814867.8
PLSE,25.11,9,"[1, 1, 1, 1, 1, 1, 1, 1, 1, 0]",23.06,18.52,27.1,12.66,306715.15
OLMA,9.19,4,"[0, 0, 0, 0, 1, 1, 1, 0, 1, 0]",13.74,17.02,35.83,4.01,1405890.55
TEN,38.52,8,"[0, 1, 1, 1, 1, 1, 1, 1, 1, 0]",40.09,29.94,44.47,18.64,338354.25
LUCK,7.93,1,"[0, 0, 0, 0, 0, 0, 0, 0, 1, 0]",8.18,8.46,10.94,6.25,103493.55
WBI,31.97,7,"[1, 1, 0, 1, 0, 0, 1, 1, 1, 1]",28.94,31.97,32.44,18.69,867087.1
ATLC,96.24,10,"[1, 1, 1, 1, 1, 1, 1, 1, 1, 1]",78.76,63.86,96.24,47.96,140259.3
JBIO,15.53,6,"[0, 0, 1, 1, 1, 1, 1, 0, 1, 0]",21.2,14.56,26.85,6.77,1208888.4
GPRE,14.8,8,"[0, 1, 1, 1, 1, 1, 1, 1, 1, 0]",16.04,12.71,18.25,5.57,1441899.65
RCAT,10.9,6,"[0, 0, 0, 1, 1, 1, 1, 0, 1, 1]",11.68,11.43,17.36,6.14,17945665.0
MRTN,17.38,10,"[1, 1, 1, 1, 1, 1, 1, 1, 1, 1]",15.82,12.65,18.28,9.31,893001.45
EVLV,5.92,3,"[0, 0, 0, 1, 0, 0, 0, 0, 1, 1]",6.41,6.65,8.76,4.9,2510117.8
NPKI,14.79,8,"[0, 1, 1, 1, 1, 1, 1, 1, 1, 0]",15.06,13.31,16.35,8.36,889382.55
ABTC,0.83,1,"[0, 0, 0, 0, 0, 0, 0, 0, 1, 0]",1.07,2.83,9.31,0.79,10894185.15
DQ,14.79,1,"[0, 0, 0, 0, 0, 0, 0, 0, 1, 0]",18.8,25.21,35.69,13.89,1027707.7
AMAL,43.98,10,"[1, 1, 1, 1, 1, 1, 1, 1, 1, 1]",41.69,34.79,44.65,24.92,115169.8
VTOL,43.14,9,"[0, 1, 1, 1, 1, 1, 1, 1, 1, 1]",45.08,41.39,49.86,31.81,187623.35
PGY,15.61,4,"[1, 0, 0, 0, 0, 0, 1, 0, 1, 1]",14.04,20.81,43.81,10.64,3940696.95
NAT,5.52,10,"[1, 1, 1, 1, 1, 1, 1, 1, 1, 1]",5.37,4.16,5.92,2.43,3681671.15
PNTG,33.88,9,"[1, 1, 1, 1, 1, 1, 1, 1, 1, 0]",32.39,29.21,36.9,22.07,233425.35
MRVI,5.01,10,"[1, 1, 1, 1, 1, 1, 1, 1, 1, 1]",4.14,3.48,5.21,2.01,2805168.7
NSP,34.95,5,"[1, 1, 0, 0, 0, 0, 1, 0, 1, 1]",31.56,35.16,57.65,19.54,711834.5
MLTX,18.98,6,"[1, 1, 0, 1, 0, 0, 1, 0, 1, 1]",17.84,19.2,61.99,6.24,773992.5
BLDP,4.13,7,"[0, 1, 1, 1, 1, 1, 1, 0, 1, 0]",4.19,3.06,6.38,1.4,11147996.7
UFCS,48.24,9,"[1, 1, 1, 1, 1, 1, 1, 1, 1, 0]",43.59,36.91,48.98,25.74,121401.05
REAL,11.31,6,"[1, 0, 0, 0, 1, 1, 1, 0, 1, 1]",10.46,11.84,16.9,4.79,2907954.1
JKS,19.66,2,"[0, 0, 0, 0, 1, 0, 0, 0, 1, 0]",22.53,24.93,30.58,17.46,846782.85
AORT,21.45,1,"[0, 0, 0, 0, 0, 0, 0, 0, 1, 0]",28.72,38.57,47.63,20.1,746695.3
KMTS,19.23,3,"[0, 0, 0, 0, 0, 1, 1, 0, 1, 0]",20.73,23.25,28.01,14.46,288867.2
ASTE,52.57,9,"[0, 1, 1, 1, 1, 1, 1, 1, 1, 1]",54.49,50.4,64.85,37.5,187613.7
COLL,34.65,4,"[1, 0, 0, 0, 1, 0, 0, 0, 1, 1]",34.12,39.36,49.84,29.44,359213.1
TK,12.11,9,"[1, 1, 1, 1, 1, 1, 1, 1, 1, 0]",12.04,9.88,13.09,6.66,643187.4
VSTS,13.17,10,"[1, 1, 1, 1, 1, 1, 1, 1, 1, 1]",10.91,7.41,13.31,4.06,1393957.2
DLX,23.56,6,"[0, 0, 1, 1, 1, 1, 1, 0, 1, 0]",26.2,23.11,31.5,13.97,377629.25
CCO,2.41,10,"[1, 1, 1, 1, 1, 1, 1, 1, 1, 1]",2.39,2.07,2.41,1.02,7991088.4
ULCC,6.51,10,"[1, 1, 1, 1, 1, 1, 1, 1, 1, 1]",4.84,4.64,6.57,3.1,4699146.4
ITRN,65.28,10,"[1, 1, 1, 1, 1, 1, 1, 1, 1, 1]",59.35,45.24,66.37,31.01,156925.3
ELE,16.72,4,"[0, 0, 0, 0, 1, 1, 1, 0, 1, 0]",17.73,17.68,24.21,12.57,308757.0
ADTN,14.79,8,"[0, 1, 1, 1, 1, 1, 1, 1, 1, 0]",15.99,11.12,19.4,7.25,2765709.9
ACDC,6.56,7,"[0, 1, 1, 1, 1, 1, 1, 0, 1, 0]",6.93,5.18,10.53,3.19,1476349.3
XPEL,44.86,7,"[0, 0, 1, 0, 1, 1, 1, 1, 1, 1]",45.33,43.74,54.95,31.49,255991.15
PRCH,11.4,7,"[1, 1, 1, 1, 0, 0, 1, 0, 1, 1]",9.38,10.72,19.04,6.4,1461465.5
CMP,31.08,10,"[1, 1, 1, 1, 1, 1, 1, 1, 1, 1]",28.27,22.57,33.51,16.54,642578.85
NEO,10.49,9,"[1, 1, 1, 0, 1, 1, 1, 1, 1, 1]",9.21,9.98,13.22,4.84,1610664.65
MPLT,27.16,6,"[0, 1, 0, 1, 0, 0, 1, 1, 1, 1]",28.72,27.16,32.13,12.81,278724.8
AVNS,24.96,10,"[1, 1, 1, 1, 1, 1, 1, 1, 1, 1]",23.71,15.24,25.05,9.89,1314499.55
GOOS,9.95,2,"[0, 0, 0, 0, 0, 0, 0, 0, 1, 1]",10.72,12.29,15.24,9.32,705222.0
PRSU,48.87,10,"[1, 1, 1, 1, 1, 1, 1, 1, 1, 1]",42.98,37.4,48.87,27.21,225057.0
VYX,7.52,3,"[1, 0, 0, 0, 0, 0, 0, 0, 1, 1]",6.99,9.42,14.63,6.15,2401945.75
GOLD,43.73,9,"[1, 1, 1, 1, 1, 1, 1, 0, 1, 1]",43.15,38.03,63.6,20.22,430194.4
HQH,19.55,10,"[1, 1, 1, 1, 1, 1, 1, 1, 1, 1]",19.16,17.83,19.99,13.37,149087.6
EYPT,12.88,5,"[0, 0, 0, 0, 1, 1, 1, 0, 1, 1]",13.3,14.08,18.85,8.28,1100426.55
EDN,27.41,7,"[1, 0, 1, 0, 1, 0, 1, 1, 1, 1]",26.12,26.5,35.71,15.01,163641.9
AOSL,45.17,9,"[1, 1, 1, 1, 0, 1, 1, 1, 1, 1]",40.22,27.74,53.32,17.47,965778.8
ALNT,95.73,10,"[1, 1, 1, 1, 1, 1, 1, 1, 1, 1]",74.3,60.38,95.73,33.64,267990.95
GNK,23.51,8,"[0, 1, 1, 1, 1, 1, 1, 1, 1, 0]",23.99,19.97,26.7,12.27,332175.15
LQDT,37.47,10,"[1, 1, 1, 1, 1, 1, 1, 1, 1, 1]",35.13,30.33,37.94,22.16,154279.05
XERS,6.9,5,"[1, 1, 0, 0, 0, 0, 1, 0, 1, 1]",6.23,7.05,9.9,4.51,1575451.5
CDNA,23.25,10,"[1, 1, 1, 1, 1, 1, 1, 1, 1, 1]",21.09,18.23,24.08,11.57,759704.95
ZBIO,18.19,5,"[0, 0, 0, 0, 1, 1, 1, 0, 1, 1]",19.31,24.66,43.17,9.14,553698.3
EVEX,2.78,1,"[0, 0, 0, 0, 0, 0, 0, 0, 1, 0]",2.94,3.65,7.51,2.38,1052618.85
AMN,31.88,10,"[1, 1, 1, 1, 1, 1, 1, 1, 1, 1]",25.15,20.2,31.88,15.1,1062995.45
BUR,4.43,2,"[0, 0, 0, 0, 0, 0, 0, 0, 1, 1]",4.61,8.32,14.64,3.98,2436892.65
TDAY,7.76,10,"[1, 1, 1, 1, 1, 1, 1, 1, 1, 1]",7.47,5.81,8.17,3.29,1563208.05
ACVA,6.27,4,"[1, 0, 0, 0, 0, 0, 1, 0, 1, 1]",5.56,7.2,16.63,4.15,3074996.95
KODK,9.43,8,"[0, 1, 1, 1, 1, 1, 1, 0, 1, 1]",11.25,8.36,14.51,5.43,998491.95
DBVT,16.75,5,"[0, 0, 0, 1, 1, 1, 1, 0, 1, 0]",19.29,17.54,24.54,8.51,273996.3
IVA,3.58,2,"[0, 0, 0, 0, 0, 1, 0, 0, 1, 0]",4.99,5.3,7.15,2.98,652256.4
ASST,15.79,5,"[1, 1, 0, 1, 0, 0, 1, 0, 1, 0]",15.41,26.36,178.2,7.16,5331544.2
UVE,37.7,9,"[1, 1, 1, 1, 1, 1, 1, 1, 1, 0]",37.49,32.41,41.1,22.38,158968.45
OSBC,22.06,10,"[1, 1, 1, 1, 1, 1, 1, 1, 1, 1]",21.17,19.59,22.5,16.38,323182.85
MNKD,3.87,4,"[1, 0, 0, 0, 0, 0, 1, 0, 1, 1]",3.15,4.55,6.21,2.28,5225736.1
GHM,113.45,10,"[1, 1, 1, 1, 1, 1, 1, 1, 1, 1]",97.17,74.3,113.45,45.06,301065.55
BFLY,5.65,10,"[1, 1, 1, 1, 1, 1, 1, 1, 1, 1]",4.74,3.49,5.68,1.33,4818902.35
NWPX,132.26,10,"[1, 1, 1, 1, 1, 1, 1, 1, 1, 1]",105.06,73.66,132.26,38.6,151681.85
LGIH,53.96,7,"[1, 1, 1, 0, 0, 0, 1, 1, 1, 1]",46.22,48.46,67.47,34.24,375782.65
SATL,6.14,7,"[0, 1, 1, 1, 1, 1, 1, 0, 1, 0]",7.71,4.23,10.74,1.27,10278615.95
IART,17.71,9,"[1, 1, 1, 1, 0, 1, 1, 1, 1, 1]",13.54,12.76,17.9,8.9,916970.5
UVSP,41.83,10,"[1, 1, 1, 1, 1, 1, 1, 1, 1, 1]",38.61,33.61,42.58,27.36,181566.1
PBT,26.47,9,"[1, 1, 1, 1, 1, 1, 1, 1, 1, 0]",25.57,20.28,30.99,11.72,158644.6
RJET,18.48,4,"[0, 0, 0, 1, 0, 1, 1, 0, 1, 0]",19.81,19.77,25.35,13.65,206225.55
SEPN,35.17,10,"[1, 1, 1, 1, 1, 1, 1, 1, 1, 1]",27.3,24.53,36.03,10.24,313880.35
SVRA,5.3,8,"[1, 0, 1, 0, 1, 1, 1, 1, 1, 1]",5.27,5.06,6.94,2.04,1483551.75
SVC,1.62,3,"[1, 0, 0, 0, 0, 0, 1, 0, 1, 0]",1.57,1.98,2.99,1.17,7396937.0
TNDM,16.69,5,"[0, 0, 0, 0, 1, 1, 1, 0, 1, 1]",17.77,18.5,28.26,10.11,2636736.0
PDM,9.21,9,"[1, 1, 1, 1, 0, 1, 1, 1, 1, 1]",8.19,8.16,9.23,6.39,1141042.15
ATEX,77.63,10,"[1, 1, 1, 1, 1, 1, 1, 1, 1, 1]",55.14,33.1,83.01,17.99,501444.95
PLOW,47.26,10,"[1, 1, 1, 1, 1, 1, 1, 1, 1, 1]",45.41,37.71,50.74,27.22,163849.6
RERE,4.01,4,"[0, 0, 0, 0, 1, 1, 1, 0, 1, 0]",4.54,4.76,6.2,2.72,1471318.5
APEI,51.89,8,"[0, 1, 1, 1, 1, 1, 1, 1, 1, 0]",55.11,43.93,60.86,28.03,195156.0
CEVA,45.8,9,"[1, 1, 1, 1, 0, 1, 1, 1, 1, 1]",34.48,25.86,50.06,17.21,942180.7
INNV,9.28,10,"[1, 1, 1, 1, 1, 1, 1, 1, 1, 1]",7.86,6.54,10.6,3.13,319313.0
HTLD,15.36,10,"[1, 1, 1, 1, 1, 1, 1, 1, 1, 1]",13.48,10.33,16.22,7.05,641691.95
CFFN,8.17,10,"[1, 1, 1, 1, 1, 1, 1, 1, 1, 1]",7.72,6.87,8.25,5.45,689865.3
OMER,9.48,5,"[0, 0, 0, 1, 1, 1, 1, 0, 1, 0]",12.27,10.05,17.18,2.97,2040130.05
LXU,11.73,7,"[0, 1, 1, 1, 1, 1, 1, 0, 1, 0]",13.71,10.85,16.88,7.16,880282.35
GDRX,2.73,6,"[1, 1, 0, 1, 0, 0, 1, 0, 1, 1]",2.54,2.89,5.12,1.87,1541703.35
ODV,2.78,4,"[0, 0, 0, 0, 1, 1, 1, 0, 1, 0]",3.03,3.38,4.78,2.04,5864848.55
KOPN,4.86,9,"[1, 1, 1, 1, 1, 1, 1, 1, 1, 0]",4.47,3.08,6.39,1.52,7625255.5
DAKT,20.23,6,"[1, 0, 0, 0, 1, 1, 1, 0, 1, 1]",19.79,20.58,27.73,13.89,317904.5
INR,12.84,2,"[0, 0, 0, 0, 1, 0, 0, 0, 1, 0]",15.1,14.73,19.56,11.2,458041.7
EPC,22.65,8,"[1, 1, 1, 1, 0, 0, 1, 1, 1, 1]",20.47,19.6,26.32,15.68,812951.7
INDI,3.93,6,"[0, 1, 0, 1, 0, 1, 1, 0, 1, 1]",4.06,3.98,6.0,2.44,6006857.4
PHAT,10.43,4,"[0, 0, 0, 0, 1, 1, 1, 0, 1, 0]",11.54,12.78,18.08,7.83,1077111.3
CRON,2.6,6,"[0, 0, 0, 1, 1, 1, 1, 1, 1, 0]",2.68,2.62,3.27,1.86,1249799.2
JMIA,7.19,4,"[0, 0, 0, 0, 0, 1, 1, 0, 1, 1]",7.21,9.81,14.6,3.11,2001343.35
XNCR,12.2,6,"[1, 0, 0, 0, 1, 1, 1, 0, 1, 1]",12.14,12.83,18.14,7.0,679341.8
CMPS,11.49,10,"[1, 1, 1, 1, 1, 1, 1, 1, 1, 1]",9.84,7.12,14.19,2.35,3824022.75
METC,13.84,3,"[0, 0, 0, 0, 0, 0, 1, 0, 1, 1]",14.79,20.83,54.55,9.98,1442447.3
AMBQ,82.05,10,"[1, 1, 1, 1, 1, 1, 1, 1, 1, 1]",56.69,36.6,85.49,22.76,678359.95
NUTX,144.04,9,"[1, 1, 1, 0, 1, 1, 1, 1, 1, 1]",123.2,122.32,190.49,80.92,127782.5
CODI,10.14,8,"[0, 1, 1, 1, 1, 1, 1, 1, 1, 0]",11.17,7.67,12.48,4.65,970965.65
SANA,2.83,1,"[0, 0, 0, 0, 0, 0, 0, 0, 1, 0]",3.21,3.83,5.92,2.6,3713643.15
SCSC,49.27,9,"[1, 1, 1, 1, 0, 1, 1, 1, 1, 1]",43.12,41.07,50.01,34.27,215849.3
NX,16.53,3,"[0, 0, 0, 1, 1, 0, 0, 0, 1, 0]",18.6,16.8,,,427932.1
AVO,11.58,3,"[0, 0, 0, 0, 1, 0, 0, 1, 1, 0]",12.69,12.66,15.34,10.11,1773601.4
ANNX,4.52,5,"[0, 0, 0, 1, 1, 1, 1, 0, 1, 0]",5.57,4.7,6.96,2.05,2747613.5
SNCY,16.17,7,"[0, 1, 1, 1, 1, 1, 1, 0, 1, 0]",16.59,14.86,21.84,10.3,593412.35
AMTB,23.2,10,"[1, 1, 1, 1, 1, 1, 1, 1, 1, 1]",23.03,20.76,24.12,16.29,215299.1
ABSI,7.0,10,"[1, 1, 1, 1, 1, 1, 1, 1, 1, 1]",5.11,3.66,7.34,2.3,4778904.6
AMC,2.49,7,"[1, 1, 1, 1, 0, 0, 1, 0, 1, 1]",1.66,1.9,3.54,0.95,37643224.65
ORIC,8.31,2,"[0, 0, 0, 0, 0, 0, 0, 0, 1, 1]",9.05,10.72,14.41,7.47,1718371.3
RHLD,124.31,5,"[0, 0, 0, 0, 1, 1, 1, 0, 1, 1]",128.33,144.92,226.37,29.6,191245.5
TBN,36.43,8,"[1, 1, 1, 1, 1, 1, 1, 0, 1, 0]",35.75,29.33,49.99,18.16,283196.3
JBSS,78.35,10,"[1, 1, 1, 1, 1, 1, 1, 1, 1, 1]",77.75,71.65,82.27,57.6,122942.8
MGTX,9.71,10,"[1, 1, 1, 1, 1, 1, 1, 1, 1, 1]",9.64,8.38,11.29,6.31,810654.0
HEPS,2.72,6,"[0, 1, 1, 1, 0, 0, 0, 1, 1, 1]",2.75,2.67,3.29,2.18,306924.8
AGL,113.27,10,"[1, 1, 1, 1, 1, 1, 1, 1, 1, 1]",60.54,29.6,116.16,7.91,272726.4
HAFC,31.26,10,"[1, 1, 1, 1, 1, 1, 1, 1, 1, 1]",29.55,26.92,31.75,21.52,212938.25
SLS,7.53,10,"[1, 1, 1, 1, 1, 1, 1, 1, 1, 1]",6.39,3.84,9.31,1.39,9832061.65
BJRI,51.78,10,"[1, 1, 1, 1, 1, 1, 1, 1, 1, 1]",41.96,38.06,52.62,28.69,384522.95
CGEM,13.55,8,"[0, 1, 1, 1, 1, 1, 1, 1, 1, 0]",14.43,11.35,16.44,5.75,1192992.5
VPG,138.44,10,"[1, 1, 1, 1, 1, 1, 1, 1, 1, 1]",87.67,51.11,146.03,25.68,660309.15
SHEN,15.54,8,"[0, 1, 1, 1, 1, 1, 1, 1, 1, 0]",15.97,13.45,17.1,9.9,290715.4
ROOT,57.17,3,"[1, 0, 0, 0, 0, 0, 1, 0, 1, 0]",53.95,67.96,138.48,43.21,251309.85
GERN,1.18,2,"[0, 0, 0, 0, 1, 0, 0, 0, 1, 0]",1.41,1.39,1.95,1.07,11266624.05
VLRS,8.67,9,"[1, 1, 1, 0, 1, 1, 1, 1, 1, 1]",7.48,7.68,10.63,4.19,543875.8
LXRX,1.95,9,"[1, 1, 1, 1, 1, 1, 1, 1, 1, 0]",1.91,1.51,2.44,0.72,1965576.75
DSGN,10.72,8,"[0, 1, 1, 1, 1, 1, 1, 0, 1, 1]",12.34,9.53,15.79,3.37,990337.3
HNRG,17.3,3,"[1, 0, 0, 0, 0, 1, 0, 0, 1, 0]",17.14,18.69,23.81,14.65,711464.5
NB,5.19,4,"[0, 0, 0, 0, 0, 1, 1, 0, 1, 1]",5.63,6.02,11.67,2.19,3729818.75
MATW,26.58,8,"[0, 1, 1, 1, 1, 1, 1, 1, 1, 0]",26.93,25.31,28.35,20.21,287380.1
TBPH,16.69,8,"[1, 0, 1, 0, 1, 1, 1, 1, 1, 1]",16.51,16.61,20.74,10.57,364041.55
BVS,8.72,8,"[0, 1, 1, 1, 1, 1, 1, 1, 1, 0]",9.63,8.17,10.94,6.14,724798.0
OMDA,17.11,6,"[1, 1, 0, 1, 0, 0, 1, 0, 1, 1]",15.57,17.32,26.78,10.94,949715.9
SCHL,42.38,10,"[1, 1, 1, 1, 1, 1, 1, 1, 1, 1]",40.6,33.1,44.01,18.29,268482.7
TALK,5.2,9,"[1, 1, 1, 1, 1, 1, 1, 1, 1, 0]",5.19,4.03,5.23,2.27,1723495.6
ABX,9.74,10,"[1, 1, 1, 1, 1, 1, 1, 1, 1, 1]",9.09,7.79,10.31,4.5,450825.0
SPRY,9.7,6,"[1, 1, 1, 0, 0, 0, 1, 0, 1, 1]",8.5,9.4,18.35,6.73,1505058.05
CTMX,2.93,4,"[0, 0, 0, 0, 1, 1, 1, 0, 1, 0]",3.87,4.05,6.75,1.76,3746667.1
MYE,26.8,10,"[1, 1, 1, 1, 1, 1, 1, 1, 1, 1]",22.56,19.73,27.1,13.94,304302.95
ABUS,4.39,7,"[1, 0, 0, 0, 1, 1, 1, 1, 1, 1]",4.36,4.41,4.95,3.09,1547666.1
AEVA,23.93,8,"[1, 1, 1, 1, 0, 1, 1, 0, 1, 1]",19.38,15.84,37.79,9.19,2651398.2
KOP,44.5,10,"[1, 1, 1, 1, 1, 1, 1, 1, 1, 1]",40.49,32.85,44.5,26.16,164652.75
NBBK,20.4,6,"[0, 0, 1, 0, 1, 1, 0, 1, 1, 1]",20.45,19.87,22.56,15.84,186792.65
IBTA,32.16,8,"[0, 1, 1, 1, 0, 1, 1, 1, 1, 1]",33.74,27.63,40.11,19.25,187850.9
CRSR,8.39,8,"[1, 1, 1, 1, 0, 1, 1, 0, 1, 1]",7.66,6.87,12.14,4.58,4594658.6
KRO,6.97,10,"[1, 1, 1, 1, 1, 1, 1, 1, 1, 1]",6.89,5.69,7.82,4.21,239766.0
ODD,11.4,1,"[0, 0, 0, 0, 0, 0, 0, 0, 1, 0]",13.38,32.46,76.01,9.81,1997517.75
DRUG,59.82,5,"[0, 0, 0, 1, 1, 1, 1, 0, 1, 0]",81.33,72.61,95.99,23.27,456862.05
KURA,9.4,9,"[1, 1, 1, 0, 1, 1, 1, 1, 1, 1]",9.31,9.35,12.14,5.54,2264194.65
SCZM,7.97,4,"[0, 0, 0, 0, 1, 1, 1, 0, 1, 0]",8.19,8.48,16.16,2.73,615439.5
CVLG,44.19,10,"[1, 1, 1, 1, 1, 1, 1, 1, 1, 1]",35.66,26.67,46.32,17.94,204257.45
TSAT,44.8,8,"[0, 1, 1, 1, 1, 1, 1, 1, 1, 0]",49.51,34.68,58.51,18.78,335994.05
SG,9.15,7,"[1, 1, 1, 1, 0, 0, 1, 0, 1, 1]",7.56,6.97,16.26,4.7,6575298.45
VOR,14.11,4,"[0, 1, 0, 1, 0, 0, 1, 0, 1, 0]",14.89,18.17,53.4,4.12,825124.15
CTLP,11.2,7,"[1, 1, 1, 1, 0, 0, 0, 1, 1, 1]",10.74,10.69,11.2,9.97,1447159.6
EVMN,20.05,4,"[0, 0, 0, 1, 1, 0, 1, 0, 1, 0]",23.59,20.05,31.57,15.01,426967.0
WYFI,35.65,8,"[1, 1, 1, 1, 0, 0, 1, 1, 1, 1]",22.28,21.3,39.13,10.78,1421894.4
SABR,1.98,7,"[1, 1, 1, 1, 0, 0, 1, 0, 1, 1]",1.74,1.61,3.42,0.82,6401488.35
CGNT,8.69,5,"[0, 0, 0, 1, 1, 1, 1, 0, 1, 0]",9.76,8.79,12.24,6.34,853536.15
ETON,32.35,9,"[1, 1, 1, 1, 1, 1, 1, 1, 1, 0]",28.68,20.56,35.0,13.5,385325.4
ESPR,3.16,9,"[1, 1, 1, 0, 1, 1, 1, 1, 1, 1]",2.75,3.01,4.08,0.98,9456736.05
WEST,9.19,10,"[1, 1, 1, 1, 1, 1, 1, 1, 1, 1]",7.01,5.15,9.5,3.71,676277.8
EGBN,27.9,10,"[1, 1, 1, 1, 1, 1, 1, 1, 1, 1]",26.6,23.03,28.54,15.78,220348.5
GO,9.88,5,"[1, 1, 0, 0, 0, 0, 1, 0, 1, 1]",8.05,10.66,18.66,5.79,2810616.75
BIOA,20.49,10,"[1, 1, 1, 1, 1, 1, 1, 1, 1, 1]",17.28,13.85,22.92,4.12,437744.2
ASC,16.78,8,"[0, 1, 1, 1, 1, 1, 1, 1, 1, 0]",16.88,13.55,19.22,9.27,599324.35
ADAM,9.36,10,"[1, 1, 1, 1, 1, 1, 1, 1, 1, 1]",8.56,7.47,9.36,5.75,594782.25
DXYZ,28.43,5,"[0, 0, 0, 1, 1, 1, 1, 0, 1, 0]",40.17,30.68,71.24,20.82,7265392.95
SUPV,11.03,8,"[1, 1, 1, 0, 1, 0, 1, 1, 1, 1]",9.09,9.35,12.86,4.69,885587.55
NRGV,4.06,6,"[0, 0, 1, 1, 1, 1, 1, 0, 1, 0]",4.58,3.95,6.49,0.65,5050237.85
IMSR,7.52,4,"[1, 0, 0, 0, 0, 0, 1, 0, 1, 1]",7.47,10.11,27.1,5.53,3374579.9
ANRO,21.0,8,"[0, 1, 1, 1, 1, 1, 1, 1, 1, 0]",22.85,16.15,27.72,2.2,318567.45
KFRC,47.81,10,"[1, 1, 1, 1, 1, 1, 1, 1, 1, 1]",40.13,31.93,50.0,23.68,178641.3
CWH,7.58,4,"[1, 0, 0, 0, 0, 0, 1, 0, 1, 1]",7.24,10.82,18.74,5.8,2427344.05
ARKO,7.97,10,"[1, 1, 1, 1, 1, 1, 1, 1, 1, 1]",6.95,5.46,8.64,3.76,846958.5
IHRT,3.99,7,"[0, 1, 1, 1, 1, 1, 1, 0, 1, 0]",4.58,3.69,6.33,1.6,1290041.25
PSTL,23.31,10,"[1, 1, 1, 1, 1, 1, 1, 1, 1, 1]",22.12,17.83,24.22,13.16,312099.7
MTUS,20.0,10,"[1, 1, 1, 1, 1, 1, 1, 1, 1, 1]",18.81,17.86,21.51,14.28,304463.7
RLMD,6.55,9,"[0, 1, 1, 1, 1, 1, 1, 1, 1, 1]",7.03,4.55,7.86,0.54,1182367.6
CRESY,12.07,9,"[1, 1, 1, 0, 1, 1, 1, 1, 1, 1]",11.43,11.08,14.11,7.88,295910.45
CBLL,17.92,7,"[0, 0, 1, 0, 1, 1, 1, 1, 1, 1]",19.04,17.43,23.43,10.92,273212.4
LYTS,24.95,9,"[1, 1, 1, 1, 0, 1, 1, 1, 1, 1]",22.8,21.25,25.78,15.95,552767.85
NXDR,2.2,9,"[1, 1, 1, 1, 0, 1, 1, 1, 1, 1]",1.83,1.87,2.77,1.36,2685473.95
DSP,11.37,10,"[1, 1, 1, 1, 1, 1, 1, 1, 1, 1]",11.23,10.59,14.79,8.14,320099.35
PGC,45.25,10,"[1, 1, 1, 1, 1, 1, 1, 1, 1, 1]",41.94,32.78,46.25,24.59,114594.5
HZO,34.07,10,"[1, 1, 1, 1, 1, 1, 1, 1, 1, 1]",31.73,27.55,35.16,21.43,317752.1
ALLO,1.9,6,"[0, 0, 1, 1, 1, 1, 1, 0, 1, 0]",2.2,1.75,3.06,1.03,7194615.8
HSHP,14.61,9,"[1, 1, 1, 1, 1, 1, 1, 1, 1, 0]",14.47,10.86,16.09,5.6,303349.5
DRTS,9.35,9,"[1, 1, 1, 1, 1, 1, 1, 1, 1, 0]",8.94,6.27,11.18,2.9,1044902.6
FOXF,18.14,6,"[1, 1, 0, 1, 0, 0, 1, 0, 1, 1]",17.32,19.16,30.41,13.19,495705.0
WRLD,173.01,9,"[1, 1, 1, 1, 0, 1, 1, 1, 1, 1]",155.42,148.99,184.43,115.57,140521.0
PRAA,15.65,5,"[0, 0, 0, 1, 1, 0, 1, 0, 1, 1]",17.83,16.18,22.23,10.42,576682.1
NTGR,24.34,3,"[0, 1, 0, 1, 0, 0, 0, 0, 1, 0]",25.31,25.63,36.01,19.87,375296.5
HPK,7.52,6,"[1, 1, 1, 1, 0, 0, 1, 0, 1, 0]",6.88,6.13,11.51,3.89,841176.2
KRNT,15.97,7,"[1, 1, 1, 1, 1, 0, 0, 0, 1, 1]",15.77,14.61,21.89,12.31,221345.75
FCEL,19.75,9,"[1, 1, 1, 1, 1, 1, 1, 0, 1, 1]",15.31,9.62,26.38,3.92,11249348.6
EVER,20.49,5,"[1, 1, 0, 0, 0, 0, 1, 0, 1, 1]",17.92,20.86,27.87,14.27,646847.6
GFR,5.55,7,"[0, 0, 1, 1, 1, 1, 1, 1, 1, 0]",5.99,5.41,6.92,4.18,152176.25
LPTH,14.33,10,"[1, 1, 1, 1, 1, 1, 1, 1, 1, 1]",14.08,10.47,18.15,2.93,4507607.15
RMT,13.98,10,"[1, 1, 1, 1, 1, 1, 1, 1, 1, 1]",13.2,11.15,14.12,8.14,136938.2
SB,6.58,8,"[0, 1, 1, 1, 1, 1, 1, 1, 1, 0]",6.7,5.54,7.33,3.54,662027.9
HIVE,4.07,8,"[1, 1, 1, 1, 0, 1, 1, 0, 1, 1]",3.15,3.3,6.96,1.67,35137918.5
SLDB,7.07,9,"[0, 1, 1, 1, 1, 1, 1, 1, 1, 1]",7.36,6.25,8.63,3.93,1209775.95
GDOT,12.95,9,"[1, 1, 1, 1, 0, 1, 1, 1, 1, 1]",12.48,12.42,15.25,9.49,460845.8
MAKO,8.39,9,"[1, 1, 1, 1, 1, 1, 1, 1, 1, 0]",7.83,6.52,8.7,3.66,195248.0
MVST,1.25,1,"[0, 0, 0, 0, 0, 0, 0, 0, 1, 0]",1.6,2.86,6.4,1.13,4361225.85
EHAB,13.8,10,"[1, 1, 1, 1, 1, 1, 1, 1, 1, 1]",13.76,10.26,14.09,6.52,1047590.0
MITK,17.07,10,"[1, 1, 1, 1, 1, 1, 1, 1, 1, 1]",15.16,11.89,17.87,8.65,1065650.95
RDVT,55.69,8,"[1, 1, 1, 0, 0, 1, 1, 1, 1, 1]",46.15,48.41,59.42,34.4,177344.2
KRUS,51.34,2,"[0, 0, 0, 0, 0, 0, 0, 0, 1, 1]",54.07,60.73,95.83,42.67,459262.6
MRLN,6.36,2,"[0, 0, 0, 0, 0, 0, 0, 0, 1, 1]",9.0,10.12,16.09,5.98,4154624.0
BLMN,7.63,7,"[1, 1, 1, 1, 0, 1, 1, 0, 1, 0]",7.15,6.83,10.32,5.26,2132352.3
IRWD,3.66,7,"[0, 0, 1, 1, 1, 1, 1, 0, 1, 1]",3.86,3.24,5.39,0.63,2184681.0
HUYA,2.35,2,"[0, 0, 0, 0, 1, 0, 0, 0, 1, 0]",2.91,3.22,4.88,2.05,1531780.05
SLDP,2.74,3,"[0, 0, 0, 0, 0, 0, 1, 0, 1, 1]",3.17,4.26,8.51,1.8,5835836.4
ACRS,4.34,8,"[0, 1, 1, 1, 1, 1, 1, 1, 1, 0]",4.41,3.22,5.09,1.39,1111743.5
HRTG,23.07,3,"[0, 0, 0, 0, 1, 1, 0, 0, 1, 0]",24.89,26.02,31.14,19.02,454792.6
CYRX,14.71,10,"[1, 1, 1, 1, 1, 1, 1, 1, 1, 1]",12.61,10.1,16.5,6.37,1026618.75
CTO,20.92,10,"[1, 1, 1, 1, 1, 1, 1, 1, 1, 1]",19.85,17.63,20.93,14.38,405617.3
ASPI,6.44,5,"[1, 1, 0, 0, 0, 0, 1, 0, 1, 1]",5.84,6.9,14.05,4.07,6346101.2
OXM,36.54,3,"[0, 0, 0, 1, 0, 1, 0, 0, 1, 0]",42.66,38.56,49.06,30.74,470010.85
GRPN,17.26,7,"[1, 1, 1, 1, 0, 0, 1, 0, 1, 1]",16.22,16.88,37.37,9.64,1728128.75
ALRS,30.02,10,"[1, 1, 1, 1, 1, 1, 1, 1, 1, 1]",27.17,23.77,30.3,19.88,175583.05
LAES,3.07,5,"[1, 0, 0, 0, 0, 1, 1, 0, 1, 1]",2.98,3.97,7.65,2.09,20302447.95
