ticker,price,score,points,sma50,sma200,wk52_high,wk52_low,volume
NVDA,213.05,9,"[1, 1, 1, 1, 1, 1, 0, 1, 1, 1]",207.81,195.26,235.47,164.98,114939456.95
GOOGL,346.96,9,"[0, 1, 1, 1, 1, 1, 1, 1, 1, 1]",351.32,333.44,402.38,206.55,26147873.5
GOOG,343.34,9,"[0, 1, 1, 1, 1, 1, 1, 1, 1, 1]",349.62,332.44,398.8,207.36,17431732.45
AAPL,309.9,8,"[0, 1, 1, 1, 1, 1, 1, 1, 1, 0]",310.67,281.44,339.79,225.96,50963373.8
AMZN,261.06,10,"[1, 1, 1, 1, 1, 1, 1, 1, 1, 1]",250.59,238.44,284.02,198.79,46676257.0
AVGO,356.74,4,"[0, 0, 0, 1, 1, 1, 0, 0, 1, 0]",387.41,368.34,480.81,292.95,19824330.5
TSM,417.41,9,"[0, 1, 1, 1, 1, 1, 1, 1, 1, 1]",424.17,366.48,477.57,225.89,11242534.6
TSLA,350.25,2,"[0, 0, 0, 0, 0, 0, 0, 0, 1, 1]",363.73,402.28,489.88,298.32,34295875.5
WMT,105.38,4,"[0, 0, 0, 0, 1, 1, 0, 1, 1, 0]",112.75,118.01,133.88,95.25,27247378.4
LLY,1233.66,10,"[1, 1, 1, 1, 1, 1, 1, 1, 1, 1]",1181.9,1053.04,1280.34,710.11,2846198.15
MU,932.97,9,"[0, 1, 1, 1, 1, 1, 1, 1, 1, 1]",961.87,577.89,1213.37,116.31,36247134.85
AMD,479.18,9,"[0, 1, 1, 1, 1, 1, 1, 1, 1, 1]",508.95,332.01,580.91,151.14,24917539.65
INTC,87.48,8,"[0, 1, 1, 1, 1, 1, 1, 0, 1, 1]",106.85,72.0,140.94,24.0,108957431.2
XOM,160.64,9,"[1, 1, 1, 0, 1, 1, 1, 1, 1, 1]",148.77,141.26,169.22,106.15,14174260.15
ASML,1744.16,9,"[0, 1, 1, 1, 1, 1, 1, 1, 1, 1]",1774.61,1449.84,1986.87,721.1,1341289.2
ORCL,144.76,3,"[1, 0, 0, 0, 0, 0, 0, 0, 1, 1]",143.62,171.06,324.63,114.99,26979393.95
JNJ,273.14,10,"[1, 1, 1, 1, 1, 1, 1, 1, 1, 1]",256.17,231.32,273.41,171.16,6461314.85
CAT,811.29,7,"[0, 0, 1, 1, 1, 1, 1, 1, 1, 0]",901.01,761.39,1062.93,411.42,3016033.2
CSCO,111.11,8,"[0, 1, 1, 1, 1, 1, 1, 1, 1, 0]",115.69,92.76,129.52,65.18,22052275.15
LRCX,314.66,8,"[0, 1, 1, 1, 1, 1, 1, 0, 1, 1]",335.18,254.88,433.33,96.5,9751977.7
CVX,199.89,10,"[1, 1, 1, 1, 1, 1, 1, 1, 1, 1]",184.83,175.94,207.42,142.76,8042614.3
AMAT,480.04,8,"[0, 1, 1, 1, 1, 1, 1, 0, 1, 1]",557.04,397.15,722.23,155.39,7829825.5
UNH,396.59,8,"[0, 1, 1, 1, 1, 1, 1, 1, 1, 0]",413.42,346.06,436.35,257.55,4196836.55
BABA,119.44,3,"[1, 0, 0, 0, 0, 0, 0, 0, 1, 1]",114.6,136.33,187.62,94.81,12939546.5
GE,349.54,7,"[0, 1, 1, 1, 1, 1, 0, 1, 1, 0]",360.11,319.5,381.22,271.97,3544391.65
HSBC,104.38,10,"[1, 1, 1, 1, 1, 1, 1, 1, 1, 1]",100.02,86.34,107.34,61.26,1233976.35
MS,216.77,10,"[1, 1, 1, 1, 1, 1, 1, 1, 1, 1]",216.15,187.18,227.3,144.81,4549025.95
AZN,169.66,3,"[0, 0, 0, 0, 1, 0, 0, 1, 1, 0]",171.66,183.68,208.62,145.54,4314596.5
GEV,926.73,7,"[0, 0, 1, 1, 1, 1, 1, 1, 1, 0]",1035.47,871.27,1174.86,546.95,2125195.55
GS,1058.88,10,"[1, 1, 1, 1, 1, 1, 1, 1, 1, 1]",1053.32,934.07,1152.07,719.98,1977115.95
MRK,156.45,10,"[1, 1, 1, 1, 1, 1, 1, 1, 1, 1]",129.34,114.94,156.45,75.83,11109569.8
NVS,159.98,10,"[1, 1, 1, 1, 1, 1, 1, 1, 1, 1]",154.55,146.8,163.64,118.2,1466777.0
TXN,260.05,8,"[0, 1, 1, 1, 1, 1, 1, 1, 1, 0]",287.6,233.44,330.59,150.79,6510438.3
RY,207.09,8,"[0, 1, 1, 1, 1, 1, 1, 1, 1, 0]",207.98,178.11,216.57,135.93,1332770.5
KLAC,183.34,6,"[0, 0, 1, 1, 1, 1, 1, 0, 1, 0]",217.24,168.76,301.37,83.94,11058379.05
RTX,210.28,9,"[1, 1, 1, 1, 1, 1, 1, 1, 1, 0]",203.83,190.51,225.49,149.53,4717905.25
SNDK,1480.77,8,"[0, 1, 1, 1, 1, 1, 1, 0, 1, 1]",1636.42,952.03,2335.0,47.35,15971723.5
QCOM,160.56,2,"[0, 0, 0, 1, 0, 0, 0, 0, 1, 0]",176.62,167.13,250.1,123.61,10903102.95
ARM,241.56,7,"[0, 1, 1, 1, 1, 1, 1, 0, 1, 0]",297.51,197.94,439.46,104.55,5118618.65
C,133.25,9,"[0, 1, 1, 1, 1, 1, 1, 1, 1, 1]",136.36,120.8,144.93,91.98,8994553.8
BHP,98.69,10,"[1, 1, 1, 1, 1, 1, 1, 1, 1, 1]",85.95,74.48,98.69,51.13,2849559.4
ADI,373.66,9,"[0, 1, 1, 1, 1, 1, 1, 1, 1, 1]",386.91,342.09,445.48,223.1,3910799.5
NVO,48.66,7,"[1, 1, 1, 1, 0, 0, 1, 1, 1, 0]",47.21,45.03,60.94,34.33,14676191.95
MUFG,22.23,9,"[1, 1, 1, 1, 1, 1, 1, 1, 1, 0]",21.7,18.56,23.1,14.62,2973318.0
TTE,88.8,9,"[1, 1, 1, 0, 1, 1, 1, 1, 1, 1]",83.45,78.98,93.6,55.92,1337793.25
NEE,84.22,4,"[0, 0, 0, 0, 1, 1, 0, 1, 1, 0]",87.1,87.15,97.17,68.33,10826877.25
BA,211.08,4,"[0, 0, 0, 0, 1, 1, 0, 1, 1, 0]",221.49,219.65,252.15,179.12,5792935.35
TD,119.07,8,"[0, 1, 1, 1, 1, 1, 1, 1, 1, 0]",120.15,102.1,124.8,71.8,2083961.85
SAN,14.63,10,"[1, 1, 1, 1, 1, 1, 1, 1, 1, 1]",13.98,12.24,14.82,9.26,20341440.25
RIO,106.81,9,"[1, 1, 1, 0, 1, 1, 1, 1, 1, 1]",94.58,89.2,109.63,58.89,2524244.05
ANET,190.94,10,"[1, 1, 1, 1, 1, 1, 1, 1, 1, 1]",178.54,149.49,210.5,116.13,7912857.05
STX,821.67,9,"[0, 1, 1, 1, 1, 1, 1, 1, 1, 1]",887.69,570.66,1093.26,163.89,4874339.9
DELL,451.5,10,"[1, 1, 1, 1, 1, 1, 1, 1, 1, 1]",429.64,239.28,494.51,110.54,5481635.6
PANW,339.9,10,"[1, 1, 1, 1, 1, 1, 1, 1, 1, 1]",338.47,227.32,396.0,141.67,5575527.05
WDC,450.75,7,"[0, 1, 1, 1, 1, 1, 1, 0, 1, 0]",544.31,361.03,746.23,79.49,8320948.35
GILD,148.77,9,"[1, 1, 1, 0, 1, 1, 1, 1, 1, 1]",132.78,132.23,153.91,108.5,6675785.35
GLW,147.16,7,"[0, 0, 1, 1, 1, 1, 1, 0, 1, 1]",172.85,141.02,255.69,66.52,11531450.8
BUD,78.75,8,"[0, 1, 1, 1, 1, 1, 1, 1, 1, 0]",81.39,73.52,86.48,57.08,1883070.3
APP,310.54,1,"[0, 0, 0, 0, 0, 0, 0, 0, 1, 0]",419.93,497.09,733.6,298.59,7230003.25
APH,158.78,9,"[0, 1, 1, 1, 1, 1, 1, 1, 1, 1]",161.06,144.48,176.32,108.12,6538716.05
DE,630.66,9,"[1, 1, 1, 1, 1, 1, 1, 1, 1, 0]",607.62,558.48,658.85,435.19,1219965.15
SCCO,219.7,10,"[1, 1, 1, 1, 1, 1, 1, 1, 1, 1]",184.9,173.0,219.7,92.12,1082173.65
WELL,241.15,9,"[1, 1, 1, 1, 1, 1, 1, 1, 1, 0]",232.45,207.59,251.12,162.79,2977689.65
MRVL,240.38,10,"[1, 1, 1, 1, 1, 1, 1, 1, 1, 1]",232.01,146.45,316.35,62.18,23527375.05
IBKR,98.19,10,"[1, 1, 1, 1, 1, 1, 1, 1, 1, 1]",92.03,77.81,98.19,59.96,4638143.75
COP,131.84,9,"[1, 1, 1, 0, 1, 1, 1, 1, 1, 1]",115.71,109.48,134.89,83.04,6944954.25
PLD,143.33,9,"[1, 1, 1, 1, 1, 1, 1, 1, 1, 0]",142.64,135.4,150.06,107.47,4522501.3
UBS,54.23,10,"[1, 1, 1, 1, 1, 1, 1, 1, 1, 1]",52.15,44.71,55.07,35.49,1635093.65
SMFG,25.18,8,"[0, 1, 1, 1, 1, 1, 1, 1, 1, 0]",25.22,21.73,26.5,15.2,1475078.75
CRWD,185.38,9,"[0, 1, 1, 1, 1, 1, 1, 1, 1, 1]",193.79,139.34,225.53,87.56,7673686.95
VRT,255.75,6,"[0, 0, 1, 1, 1, 1, 1, 0, 1, 0]",292.09,253.81,376.15,121.69,6270874.7
BTI,56.47,5,"[0, 0, 0, 1, 1, 1, 0, 1, 1, 0]",59.53,57.9,65.79,48.34,4412712.6
BBVA,28.95,10,"[1, 1, 1, 1, 1, 1, 1, 1, 1, 1]",26.49,23.21,29.21,17.1,1875188.4
NEM,135.14,9,"[1, 1, 1, 0, 1, 1, 1, 1, 1, 1]",102.92,106.61,135.14,71.63,7614782.8
PBR,17.85,5,"[1, 0, 1, 0, 1, 1, 0, 0, 1, 0]",17.76,16.67,,,16843671.6
PBR-A,16.06,7,"[1, 0, 1, 0, 1, 1, 1, 1, 1, 0]",15.89,15.23,19.73,10.67,7241696.25
SBUX,105.76,10,"[1, 1, 1, 1, 1, 1, 1, 1, 1, 1]",104.11,95.7,107.93,76.51,7667847.1
CVS,92.9,8,"[0, 1, 1, 1, 1, 1, 1, 1, 1, 0]",101.37,84.89,109.92,68.1,8092537.9
BMY,67.92,10,"[1, 1, 1, 1, 1, 1, 1, 1, 1, 1]",60.84,56.46,67.92,41.21,11834783.05
BP,42.86,9,"[1, 1, 1, 0, 1, 1, 1, 1, 1, 1]",40.91,39.58,46.52,31.17,8457807.85
PWR,603.78,8,"[0, 0, 1, 1, 1, 1, 1, 1, 1, 1]",668.32,580.74,785.12,372.18,1272866.35
PH,1016.31,10,"[1, 1, 1, 1, 1, 1, 1, 1, 1, 1]",986.49,928.63,1073.87,712.17,676411.25
HWM,264.04,8,"[0, 1, 1, 1, 1, 1, 1, 1, 1, 0]",278.03,243.16,292.65,172.86,2151035.1
BMO,173.46,8,"[0, 1, 1, 1, 1, 1, 1, 1, 1, 0]",176.9,148.54,185.81,117.33,913075.35
EQIX,1073.44,10,"[1, 1, 1, 1, 1, 1, 1, 1, 1, 1]",1048.85,942.4,1110.63,715.18,614254.0
MFG,10.41,10,"[1, 1, 1, 1, 1, 1, 1, 1, 1, 1]",10.26,8.74,10.99,6.09,3253782.7
TT,455.25,6,"[0, 0, 1, 1, 1, 1, 0, 1, 1, 0]",473.88,442.33,503.46,374.67,1179538.95
CM,118.33,9,"[1, 1, 1, 1, 1, 1, 1, 1, 1, 0]",117.13,102.19,123.74,72.72,957280.45
CDNS,331.9,6,"[0, 1, 1, 1, 1, 0, 0, 1, 1, 0]",351.43,327.01,416.39,265.66,2131381.55
GSK,52.07,7,"[1, 0, 1, 0, 1, 1, 1, 1, 1, 0]",51.44,51.26,59.6,37.63,3535300.9
SNPS,408.79,2,"[0, 0, 0, 0, 0, 0, 0, 0, 1, 1]",417.95,446.0,612.17,372.33,1519528.2
AEM,224.11,9,"[1, 1, 1, 0, 1, 1, 1, 1, 1, 1]",163.44,184.49,251.57,136.34,3542126.2
HCA,428.76,4,"[1, 0, 0, 0, 0, 0, 0, 1, 1, 1]",398.47,453.15,543.23,360.6,1225159.05
BNS,93.1,10,"[1, 1, 1, 1, 1, 1, 1, 1, 1, 1]",87.49,76.74,93.1,60.84,2077057.85
CMI,572.67,6,"[0, 0, 0, 1, 1, 1, 1, 1, 1, 0]",653.87,592.31,724.89,386.48,980788.0
MAR,357.77,8,"[0, 1, 1, 1, 1, 1, 1, 1, 1, 0]",368.78,341.16,401.72,256.9,1749025.0
CNQ,49.59,10,"[1, 1, 1, 1, 1, 1, 1, 1, 1, 1]",44.49,41.32,51.4,29.33,6067617.35
EQNR,41.21,10,"[1, 1, 1, 1, 1, 1, 1, 1, 1, 1]",36.9,32.1,42.86,21.68,2890081.35
ITUB,7.66,4,"[0, 0, 0, 0, 1, 1, 0, 1, 1, 0]",8.03,7.92,9.38,6.08,20915753.45
FDX,333.71,10,"[1, 1, 1, 1, 1, 1, 1, 1, 1, 1]",319.44,285.73,339.35,177.19,1513080.25
FCX,79.91,10,"[1, 1, 1, 1, 1, 1, 1, 1, 1, 1]",65.07,59.32,79.91,34.96,14221646.55
USB,62.41,9,"[1, 1, 1, 1, 1, 1, 1, 1, 1, 0]",62.41,55.39,65.42,44.01,6320469.85
JCI,141.82,9,"[0, 1, 1, 1, 1, 1, 1, 1, 1, 1]",145.11,133.47,154.76,104.73,3487873.2
ING,35.3,10,"[1, 1, 1, 1, 1, 1, 1, 1, 1, 1]",33.01,28.61,35.7,22.65,2230057.1
FTNT,153.66,9,"[0, 1, 1, 1, 1, 1, 1, 1, 1, 1]",156.33,106.85,168.29,75.23,5244641.3
MNST,48.73,2,"[0, 0, 0, 0, 1, 0, 0, 0, 1, 0]",80.03,78.84,99.94,45.52,9022704.8
CSX,51.51,10,"[1, 1, 1, 1, 1, 1, 1, 1, 1, 1]",49.55,42.41,53.23,31.73,10476460.4
AMX,23.75,5,"[0, 0, 0, 1, 1, 1, 0, 1, 1, 0]",25.17,23.91,27.42,19.27,3079474.0
ELV,398.87,10,"[1, 1, 1, 1, 1, 1, 1, 1, 1, 1]",394.71,353.95,426.79,277.89,932386.2
BCS,27.23,10,"[1, 1, 1, 1, 1, 1, 1, 1, 1, 1]",27.18,24.36,28.24,18.92,3139512.3
SLB,53.29,9,"[1, 1, 1, 0, 1, 1, 1, 1, 1, 1]",49.56,47.96,58.01,31.12,9815158.85
MPWR,1304.15,8,"[0, 0, 1, 1, 1, 1, 1, 1, 1, 1]",1367.61,1235.4,1687.32,817.93,796505.55
LYG,6.08,10,"[1, 1, 1, 1, 1, 1, 1, 1, 1, 1]",5.92,5.36,6.21,4.11,13235498.75
E,54.05,10,"[1, 1, 1, 1, 1, 1, 1, 1, 1, 1]",51.3,47.03,57.35,33.26,415204.55
CIEN,387.66,6,"[0, 0, 1, 0, 1, 1, 1, 0, 1, 1]",418.92,370.59,627.0,91.49,2066181.15
APO,133.18,9,"[1, 1, 1, 1, 0, 1, 1, 1, 1, 1]",126.31,126.54,150.8,99.46,3795603.45
CRH,96.2,1,"[0, 0, 0, 0, 0, 0, 0, 0, 1, 0]",102.14,111.32,129.92,93.09,4639611.65
SU,65.36,10,"[1, 1, 1, 1, 1, 1, 1, 1, 1, 1]",61.46,56.72,69.27,37.63,4364637.45
REGN,833.56,8,"[1, 1, 1, 0, 0, 1, 1, 1, 1, 1]",704.33,724.48,840.84,552.68,797470.45
NXPI,224.75,4,"[0, 0, 0, 1, 1, 1, 0, 0, 1, 0]",263.05,241.49,331.55,181.81,4093181.1
BE,217.45,8,"[0, 1, 1, 1, 1, 1, 1, 0, 1, 1]",240.48,187.33,345.85,49.94,16081393.6
ROST,241.19,9,"[1, 1, 1, 1, 1, 1, 1, 1, 1, 0]",234.54,209.34,255.23,143.75,2729901.35
B,48.87,9,"[1, 1, 1, 0, 1, 1, 1, 1, 1, 1]",39.21,41.88,52.32,25.69,11940765.45
HLT,329.31,9,"[1, 1, 1, 1, 1, 1, 0, 1, 1, 1]",329.17,310.64,350.06,256.25,2052693.2
ASX,37.08,9,"[0, 1, 1, 1, 1, 1, 1, 1, 1, 1]",38.81,26.99,44.67,9.81,7921012.65
NOK,10.35,7,"[0, 0, 1, 1, 1, 1, 1, 0, 1, 1]",11.15,9.48,16.85,4.23,76443558.55
VLO,340.41,10,"[1, 1, 1, 1, 1, 1, 1, 1, 1, 1]",295.86,230.6,350.05,143.9,2503592.7
MPC,354.88,10,"[1, 1, 1, 1, 1, 1, 1, 1, 1, 1]",300.66,232.96,365.21,160.76,2422474.25
GM,85.81,9,"[1, 1, 1, 1, 1, 1, 1, 1, 1, 0]",82.35,79.02,90.3,54.99,5021569.65
AEP,122.77,5,"[0, 0, 0, 1, 1, 1, 0, 1, 1, 0]",129.81,125.07,137.64,103.24,3888646.25
DDOG,222.99,8,"[0, 1, 1, 1, 1, 1, 1, 1, 1, 0]",249.11,174.95,288.15,102.61,5323317.5
LITE,885.57,10,"[1, 1, 1, 1, 1, 1, 1, 1, 1, 1]",812.51,659.09,1053.09,124.62,5223477.6
VALE,15.33,9,"[1, 1, 1, 0, 1, 1, 1, 1, 1, 1]",14.38,14.58,17.33,9.39,25313160.0
NSC,351.24,10,"[1, 1, 1, 1, 1, 1, 1, 1, 1, 1]",328.87,304.44,352.98,267.63,1224748.1
HOOD,112.09,7,"[1, 1, 1, 1, 0, 0, 1, 0, 1, 1]",100.92,95.76,152.46,65.16,20072611.35
NET,277.58,10,"[1, 1, 1, 1, 1, 1, 1, 1, 1, 1]",270.05,219.68,330.83,160.19,4078835.25
PSX,236.9,10,"[1, 1, 1, 1, 1, 1, 1, 1, 1, 1]",200.74,165.98,243.49,123.11,2786047.8
FIX,1561.96,7,"[0, 0, 1, 1, 1, 1, 1, 1, 1, 0]",1772.4,1465.28,2065.44,697.18,430377.2
DLR,192.32,9,"[1, 1, 1, 1, 1, 1, 1, 1, 1, 0]",187.29,176.44,202.56,145.96,2024873.5
WBD,28.9,9,"[1, 1, 1, 0, 1, 1, 1, 1, 1, 1]",26.81,27.06,29.98,11.62,21012114.2
TRP,61.85,6,"[0, 0, 1, 1, 1, 1, 0, 1, 1, 0]",66.63,61.41,70.59,48.85,2272622.45
MFC,43.17,9,"[1, 1, 1, 1, 1, 1, 1, 1, 1, 0]",42.23,37.39,44.4,29.28,3102324.9
SPG,218.99,8,"[0, 1, 1, 1, 1, 1, 1, 1, 1, 0]",223.15,197.94,236.7,167.45,1294042.85
COHR,288.14,7,"[0, 0, 1, 1, 1, 1, 1, 0, 1, 1]",325.87,271.33,426.89,87.8,7762442.4
MSTR,126.83,4,"[1, 0, 0, 0, 0, 0, 1, 0, 1, 1]",99.89,142.69,359.69,82.31,22961323.5
BKR,61.82,9,"[1, 1, 1, 0, 1, 1, 1, 1, 1, 1]",59.17,57.52,69.18,43.77,6964134.3
WPM,163.72,9,"[1, 1, 1, 0, 1, 1, 1, 1, 1, 1]",120.73,126.96,164.99,93.96,2384854.8
CRWV,88.04,4,"[0, 0, 0, 0, 1, 0, 1, 0, 1, 1]",89.48,91.67,143.08,60.82,32551371.85
KEYS,320.12,9,"[0, 1, 1, 1, 1, 1, 1, 1, 1, 1]",331.67,282.85,373.34,159.49,1399319.25
CVNA,75.77,8,"[1, 1, 1, 0, 0, 1, 1, 1, 1, 1]",67.65,72.61,95.69,56.26,11225525.85
RKLB,66.91,5,"[0, 0, 0, 0, 1, 1, 1, 0, 1, 1]",80.41,78.84,150.23,39.48,18434896.0
TEL,201.41,2,"[0, 0, 0, 0, 0, 0, 0, 1, 1, 0]",205.49,216.01,246.32,194.33,2115807.4
URI,1053.14,8,"[0, 1, 1, 1, 1, 1, 1, 1, 1, 0]",1096.59,917.18,1164.82,707.78,436396.45
GWW,1301.68,8,"[0, 1, 1, 1, 1, 1, 1, 1, 1, 0]",1341.15,1158.59,1399.3,912.82,274580.1
TGT,163.47,10,"[1, 1, 1, 1, 1, 1, 1, 1, 1, 1]",141.4,117.73,169.89,81.44,4718175.95
TER,366.43,9,"[0, 1, 1, 1, 1, 1, 1, 1, 1, 1]",384.97,309.19,483.84,112.07,3298742.15
LHX,262.17,2,"[0, 0, 0, 0, 1, 0, 0, 0, 1, 0]",288.28,313.87,375.64,262.17,1752785.9
CARR,58.52,5,"[0, 0, 0, 1, 1, 1, 0, 1, 1, 0]",66.77,60.91,75.73,49.79,6135089.0
CTVA,83.05,9,"[1, 1, 1, 1, 1, 1, 1, 1, 1, 0]",82.16,76.35,90.51,60.56,5158353.35
AU,123.39,9,"[1, 1, 1, 0, 1, 1, 1, 1, 1, 1]",87.61,91.69,123.84,52.75,3163885.6
OKE,91.7,10,"[1, 1, 1, 1, 1, 1, 1, 1, 1, 1]",89.63,82.13,97.07,61.95,3750368.1
MCHP,73.5,5,"[0, 0, 0, 1, 1, 1, 1, 0, 1, 0]",83.08,75.78,102.1,47.77,10493340.85
MCHPP,64.15,5,"[0, 0, 0, 1, 1, 1, 1, 0, 1, 0]",71.17,66.05,85.72,45.73,138611.25
CVE,30.76,10,"[1, 1, 1, 1, 1, 1, 1, 1, 1, 1]",28.09,23.88,32.93,15.66,7169191.6
AME,241.77,10,"[1, 1, 1, 1, 1, 1, 1, 1, 1, 1]",241.08,223.9,258.52,178.45,1369672.2
TRGP,286.91,10,"[1, 1, 1, 1, 1, 1, 1, 1, 1, 1]",272.49,231.27,302.25,143.22,1311756.55
COIN,187.16,5,"[1, 1, 0, 0, 0, 0, 1, 0, 1, 1]",159.43,197.23,387.27,141.09,10005706.1
FANG,199.89,10,"[1, 1, 1, 1, 1, 1, 1, 1, 1, 1]",191.94,176.73,211.36,131.37,1802393.5
OXY,58.41,10,"[1, 1, 1, 1, 1, 1, 1, 1, 1, 1]",54.92,51.39,65.94,38.56,8228311.55
DVN,46.91,9,"[1, 1, 1, 0, 1, 1, 1, 1, 1, 1]",43.98,42.63,51.7,31.15,10601896.6
FLEX,109.25,7,"[0, 1, 1, 1, 1, 1, 1, 0, 1, 0]",129.62,92.91,162.07,53.48,3873688.8
ABEV,2.93,7,"[0, 0, 1, 1, 1, 1, 1, 1, 1, 0]",3.04,2.89,3.42,2.1,37928760.95
NUE,247.55,9,"[1, 1, 1, 1, 1, 1, 1, 1, 1, 0]",247.32,200.87,274.74,130.57,1576889.2
STM,49.46,6,"[0, 0, 1, 1, 1, 1, 1, 0, 1, 0]",61.98,44.14,79.82,21.04,8544660.75
BIDU,93.43,1,"[0, 0, 0, 0, 0, 0, 0, 0, 1, 0]",107.95,123.87,162.52,89.86,3167406.85
ETR,106.24,6,"[0, 0, 1, 1, 1, 1, 0, 1, 1, 0]",110.71,103.95,116.66,84.72,2302845.4
UI,575.79,4,"[1, 0, 0, 0, 1, 0, 0, 0, 1, 1]",553.02,656.04,1083.11,514.21,139533.35
CCJ,106.96,8,"[1, 0, 1, 0, 1, 1, 1, 1, 1, 1]",96.33,104.9,134.09,75.13,2945366.3
FER,63.03,5,"[0, 0, 0, 0, 1, 1, 0, 1, 1, 1]",65.57,66.53,73.66,52.6,1510598.45
ROK,429.4,8,"[0, 1, 1, 1, 1, 1, 1, 1, 1, 0]",458.81,416.08,493.56,329.34,874761.5
ARGX,1019.49,9,"[1, 1, 1, 1, 0, 1, 1, 1, 1, 1]",899.4,838.38,1039.78,663.93,305106.5
DAL,83.62,8,"[0, 1, 1, 1, 1, 1, 1, 1, 1, 0]",87.57,73.03,93.43,55.22,4659485.6
EBAY,106.0,8,"[0, 1, 1, 1, 1, 1, 1, 1, 1, 0]",109.92,97.54,118.63,78.93,4602250.1
FERG,232.67,5,"[0, 0, 0, 0, 1, 1, 0, 1, 1, 1]",236.3,238.46,265.69,207.63,4479943.8
MT,73.62,10,"[1, 1, 1, 1, 1, 1, 1, 1, 1, 1]",67.72,57.69,75.2,32.0,1471776.8
WAB,296.94,9,"[1, 1, 1, 1, 1, 1, 1, 1, 1, 0]",280.96,250.42,305.47,184.79,928218.5
FNV,271.77,9,"[1, 1, 1, 0, 1, 1, 1, 1, 1, 1]",221.61,229.4,279.76,183.28,833169.2
FITB,54.89,8,"[0, 1, 1, 1, 1, 1, 1, 1, 1, 0]",56.44,49.87,59.37,39.38,5395326.6
XYZ,82.72,9,"[1, 1, 1, 1, 1, 1, 1, 1, 1, 0]",78.97,68.07,84.64,49.09,4847797.2
NBIS,221.97,9,"[0, 1, 1, 1, 1, 1, 1, 1, 1, 1]",222.67,150.27,286.69,64.06,28131023.65
RKT,14.3,3,"[1, 0, 0, 0, 0, 0, 0, 0, 1, 1]",14.19,16.28,23.44,12.35,27428860.65
VTR,93.83,9,"[1, 1, 1, 1, 1, 1, 1, 1, 1, 0]",91.49,83.84,100.53,65.45,3395396.95
CLS,306.86,5,"[0, 0, 0, 1, 1, 1, 1, 0, 1, 0]",338.91,328.92,472.4,194.75,2966537.4
CAH,237.92,10,"[1, 1, 1, 1, 1, 1, 1, 1, 1, 1]",232.08,213.59,240.26,145.95,1953776.25
TEVA,38.1,10,"[1, 1, 1, 1, 1, 1, 1, 1, 1, 1]",34.0,32.1,38.1,18.04,6010081.15
HPE,53.44,10,"[1, 1, 1, 1, 1, 1, 1, 1, 1, 1]",49.25,31.92,59.82,19.72,15848846.85
STT,192.95,10,"[1, 1, 1, 1, 1, 1, 1, 1, 1, 1]",180.8,144.9,193.04,107.72,1509752.85
ODFL,198.34,7,"[0, 0, 1, 1, 1, 1, 1, 1, 1, 0]",219.43,194.01,248.73,125.7,1697447.7
GFS,45.92,5,"[0, 0, 0, 1, 1, 1, 1, 0, 1, 0]",61.98,52.79,89.83,31.62,4481533.2
WDS,22.86,10,"[1, 1, 1, 1, 1, 1, 1, 1, 1, 1]",21.59,20.06,24.78,13.89,581566.85
EME,739.87,5,"[0, 0, 0, 0, 1, 1, 0, 1, 1, 1]",794.65,754.15,943.26,580.64,409695.7
ON,72.51,5,"[0, 0, 0, 1, 1, 1, 1, 0, 1, 0]",91.01,77.33,133.93,44.9,9563742.9
GFI,48.87,9,"[1, 1, 1, 0, 1, 1, 1, 1, 1, 1]",36.39,42.88,59.77,31.21,3828675.25
ERIC,10.38,6,"[0, 0, 0, 0, 1, 1, 1, 1, 1, 1]",10.47,10.78,13.74,7.5,8797160.65
KB,120.75,10,"[1, 1, 1, 1, 1, 1, 1, 1, 1, 1]",115.19,102.77,124.01,77.5,210894.15
PUK,28.43,4,"[1, 0, 0, 0, 0, 1, 0, 1, 1, 0]",28.1,29.39,33.17,24.98,1145484.55
IRM,120.9,8,"[0, 1, 1, 1, 1, 1, 1, 1, 1, 0]",124.44,107.8,133.06,77.69,1717676.8
LYV,186.77,10,"[1, 1, 1, 1, 1, 1, 1, 1, 1, 1]",180.49,158.82,188.46,125.61,2126994.9
KGC,33.48,9,"[1, 1, 1, 0, 1, 1, 1, 1, 1, 1]",25.52,29.14,37.92,20.13,8892540.95
JBL,308.68,8,"[0, 0, 1, 1, 1, 1, 1, 1, 1, 1]",338.25,288.86,385.55,192.34,1038267.2
ADM,79.16,8,"[0, 1, 1, 1, 1, 1, 1, 1, 1, 0]",79.55,70.22,86.77,54.41,4124911.1
VOD,16.13,9,"[1, 1, 1, 1, 1, 1, 1, 1, 1, 0]",15.09,14.32,16.42,10.73,3962579.35
BBD,3.25,4,"[0, 0, 0, 0, 1, 1, 0, 1, 1, 0]",3.4,3.52,4.11,2.86,29955606.15
VIK,92.23,8,"[0, 1, 1, 1, 1, 1, 1, 1, 1, 0]",100.23,81.28,108.26,57.08,3336852.45
UMC,19.6,8,"[0, 1, 1, 1, 1, 1, 1, 0, 1, 1]",21.61,13.59,27.53,6.47,13101976.15
ONC,376.37,9,"[1, 1, 1, 1, 0, 1, 1, 1, 1, 1]",318.58,317.39,377.47,260.27,403632.6
LVS,47.27,2,"[1, 0, 0, 0, 0, 0, 0, 0, 1, 0]",46.46,54.42,68.29,44.5,4614679.4
IX,39.53,9,"[0, 1, 1, 1, 1, 1, 1, 1, 1, 1]",39.55,33.68,41.31,24.22,265099.1
CRDO,226.51,8,"[0, 1, 1, 1, 1, 1, 1, 0, 1, 1]",240.2,173.43,302.52,87.81,4762083.7
ALAB,282.65,8,"[0, 1, 1, 1, 1, 1, 1, 0, 1, 1]",347.43,219.79,483.02,100.27,4576973.6
STLD,231.08,8,"[0, 1, 1, 1, 1, 1, 1, 1, 1, 0]",244.75,206.22,282.12,127.5,1253542.15
HAL,33.8,6,"[0, 0, 0, 0, 1, 1, 1, 1, 1, 1]",33.96,34.26,42.8,21.26,10242770.0
HUM,389.71,10,"[1, 1, 1, 1, 1, 1, 1, 1, 1, 1]",383.68,272.47,409.42,162.46,1365471.9
MTZ,246.85,5,"[0, 0, 0, 1, 1, 1, 1, 0, 1, 0]",332.52,302.69,437.51,174.99,1742231.05
UAL,117.41,8,"[0, 1, 1, 1, 1, 1, 1, 1, 1, 0]",123.58,107.73,136.11,85.21,3084729.3
ZM,100.92,10,"[1, 1, 1, 1, 1, 1, 1, 1, 1, 1]",94.26,89.87,111.88,72.72,3143002.0
TS,54.6,7,"[0, 0, 1, 1, 1, 1, 1, 1, 1, 0]",55.73,51.56,64.02,33.04,1675015.0
CASY,824.92,8,"[0, 1, 1, 1, 1, 1, 1, 1, 1, 0]",837.67,717.02,915.59,492.8,284192.0
TECK,71.62,10,"[1, 1, 1, 1, 1, 1, 1, 1, 1, 1]",61.79,55.45,71.62,32.6,3029822.35
SYM,40.41,1,"[0, 0, 0, 0, 0, 0, 0, 0, 1, 0]",41.97,53.48,87.3,38.57,1789502.0
EL,104.85,7,"[1, 1, 1, 0, 0, 0, 1, 1, 1, 1]",85.6,91.31,118.78,66.97,3489952.1
SHG,76.81,10,"[1, 1, 1, 1, 1, 1, 1, 1, 1, 1]",70.56,63.31,76.81,46.81,188539.25
Q,126.62,5,"[0, 0, 1, 1, 1, 0, 1, 0, 1, 0]",142.34,120.34,175.64,73.4,1928765.8
TWLO,223.97,10,"[1, 1, 1, 1, 1, 1, 1, 1, 1, 1]",208.43,158.95,255.95,100.09,2648263.8
RVMD,211.38,10,"[1, 1, 1, 1, 1, 1, 1, 1, 1, 1]",189.4,128.19,216.0,37.28,1659787.7
RDDT,162.45,4,"[0, 1, 0, 1, 0, 0, 1, 0, 1, 0]",172.61,176.25,270.71,121.84,9192136.75
IQV,259.42,9,"[1, 1, 1, 1, 0, 1, 1, 1, 1, 1]",216.1,200.02,260.24,156.66,1297683.1
NTRS,186.82,10,"[1, 1, 1, 1, 1, 1, 1, 1, 1, 1]",182.01,155.31,191.47,120.74,1053597.25
DOV,202.06,4,"[0, 0, 0, 0, 1, 1, 0, 1, 1, 0]",211.98,208.89,232.21,159.95,955129.45
RPRX,62.07,10,"[1, 1, 1, 1, 1, 1, 1, 1, 1, 1]",57.43,47.92,62.07,34.24,2803927.3
ASTS,62.01,4,"[0, 0, 0, 0, 1, 0, 1, 0, 1, 1]",69.42,81.57,133.09,36.91,11609456.8
BIIB,220.77,10,"[1, 1, 1, 1, 1, 1, 1, 1, 1, 1]",206.05,188.67,221.56,132.22,891440.7
VG,14.07,10,"[1, 1, 1, 1, 1, 1, 1, 1, 1, 1]",12.79,11.1,17.51,5.9,13399546.6
EXPE,337.97,9,"[1, 1, 1, 1, 0, 1, 1, 1, 1, 1]",283.62,255.83,339.13,187.7,1629532.95
CRCL,92.02,7,"[1, 1, 1, 0, 1, 0, 1, 0, 1, 1]",69.86,85.02,150.48,50.23,13940754.35
ARES,142.76,8,"[1, 1, 1, 1, 0, 0, 1, 1, 1, 1]",128.45,131.58,178.13,94.25,2396923.85
FTI,75.2,10,"[1, 1, 1, 1, 1, 1, 1, 1, 1, 1]",71.48,62.92,79.76,35.45,3330093.0
FTAI,200.47,4,"[0, 0, 0, 0, 1, 1, 1, 0, 1, 0]",227.66,232.2,308.31,148.04,1664377.35
CNC,65.0,9,"[0, 1, 1, 1, 1, 1, 1, 1, 1, 1]",65.0,49.15,68.72,28.38,4392215.15
NTRA,336.71,10,"[1, 1, 1, 1, 1, 1, 1, 1, 1, 1]",277.31,230.67,336.71,160.21,1510476.05
NVT,151.48,9,"[0, 1, 1, 1, 1, 1, 1, 1, 1, 1]",160.43,133.41,184.1,88.89,2267140.8
MTSI,266.27,7,"[0, 0, 1, 1, 1, 1, 1, 0, 1, 1]",306.87,259.65,409.68,122.18,1537419.25
TPL,372.79,4,"[0, 0, 0, 0, 1, 1, 1, 0, 1, 0]",387.6,389.51,538.97,272.83,420585.65
TPR,130.12,6,"[0, 0, 0, 1, 1, 1, 1, 1, 1, 0]",144.63,137.03,164.78,97.92,3241834.25
CFG,69.83,8,"[0, 1, 1, 1, 1, 1, 1, 1, 1, 0]",70.91,62.54,74.73,46.98,3075405.35
CW,609.71,5,"[0, 0, 0, 1, 1, 1, 0, 1, 1, 0]",728.38,675.22,792.77,477.19,367925.45
DOW,30.16,6,"[1, 0, 0, 0, 1, 1, 1, 0, 1, 1]",30.14,30.8,41.45,19.91,8775238.0
EIX,74.78,9,"[1, 1, 1, 1, 1, 1, 1, 1, 1, 0]",73.94,67.1,80.38,50.16,3542578.6
PKX,59.42,6,"[1, 0, 0, 0, 1, 1, 1, 0, 1, 1]",54.64,60.42,91.72,45.13,285533.0
BAP,383.3,8,"[0, 1, 1, 1, 1, 1, 1, 1, 1, 0]",384.95,325.46,402.27,236.66,283551.7
VRSN,293.75,10,"[1, 1, 1, 1, 1, 1, 1, 1, 1, 1]",273.15,258.48,309.09,210.31,756069.85
HUBB,464.19,4,"[0, 0, 0, 0, 1, 1, 0, 1, 1, 0]",494.25,483.51,556.18,403.7,538256.15
STRL,486.39,5,"[0, 0, 0, 1, 1, 1, 1, 0, 1, 0]",663.52,518.2,993.74,273.82,746538.15
EC,16.79,10,"[1, 1, 1, 1, 1, 1, 1, 1, 1, 1]",16.14,13.08,17.89,8.2,1898679.55
P,102.81,9,"[1, 1, 1, 1, 0, 1, 1, 1, 1, 1]",83.97,75.01,118.16,56.99,3214367.65
AER,147.44,7,"[0, 1, 1, 1, 1, 1, 0, 1, 1, 0]",148.79,142.38,154.82,118.85,1065071.25
PAAS,54.21,9,"[1, 1, 1, 0, 1, 1, 1, 1, 1, 1]",46.39,51.39,68.06,32.62,5153423.95
DG,122.58,5,"[1, 0, 0, 0, 1, 1, 0, 1, 1, 0]",120.48,124.11,154.71,94.6,1878302.15
VIV,11.65,3,"[0, 0, 0, 0, 1, 1, 0, 0, 1, 0]",12.81,13.4,16.32,11.0,1768092.8
SYF,80.77,8,"[1, 1, 1, 1, 0, 1, 0, 1, 1, 1]",76.11,74.32,87.38,63.25,3171951.95
ZS,168.42,5,"[1, 1, 0, 0, 0, 0, 1, 0, 1, 1]",152.55,177.9,336.27,118.05,2217324.85
SQM,79.21,9,"[1, 1, 1, 0, 1, 1, 1, 1, 1, 1]",73.17,74.53,94.63,40.31,986531.1
BG,111.71,5,"[0, 0, 0, 0, 1, 1, 1, 1, 1, 0]",112.5,111.96,130.59,75.21,1447975.85
FMX,123.71,8,"[0, 1, 1, 1, 1, 1, 1, 1, 1, 0]",124.78,111.14,132.15,81.24,510998.0
MDB,404.92,9,"[1, 1, 1, 1, 0, 1, 1, 1, 1, 1]",359.4,340.26,472.29,214.34,1520849.55
XPO,191.93,7,"[0, 0, 1, 1, 1, 1, 1, 1, 1, 0]",205.08,186.77,228.37,123.66,953235.15
ALB,133.18,6,"[1, 0, 0, 0, 1, 1, 1, 0, 1, 1]",131.64,154.96,215.07,71.61,2326499.9
UTHR,518.53,5,"[0, 0, 0, 0, 1, 1, 1, 1, 1, 0]",531.86,521.58,596.76,304.76,552264.35
FSLR,206.82,3,"[0, 0, 0, 1, 0, 0, 0, 0, 1, 1]",227.52,232.95,318.25,184.7,2627038.25
TSN,57.17,4,"[0, 0, 0, 0, 1, 1, 0, 1, 1, 0]",57.97,59.86,68.18,49.45,3140021.4
TSEM,212.71,8,"[0, 1, 1, 1, 1, 1, 1, 0, 1, 1]",242.02,181.52,316.85,58.82,2007716.6
RF,30.63,8,"[0, 1, 1, 1, 1, 1, 1, 1, 1, 0]",30.71,27.94,32.4,22.67,7640601.8
KEY,21.89,8,"[0, 1, 1, 1, 1, 1, 1, 1, 1, 0]",22.87,21.02,23.99,16.27,9399088.75
TEAM,166.49,8,"[1, 1, 1, 1, 0, 0, 1, 1, 1, 1]",109.27,107.97,182.36,57.15,5392274.45
LYB,62.55,6,"[1, 0, 1, 0, 1, 1, 0, 0, 1, 1]",59.29,58.32,,,4390906.25
JBHT,262.18,8,"[0, 1, 1, 1, 1, 1, 1, 1, 1, 0]",277.53,232.8,297.91,129.59,838806.05
SBAC,187.62,5,"[1, 0, 0, 0, 1, 0, 0, 1, 1, 1]",182.1,190.67,220.88,163.03,1095343.45
WST,348.48,9,"[0, 1, 1, 1, 1, 1, 1, 1, 1, 1]",348.52,290.5,365.5,230.63,536022.55
CPAY,412.37,10,"[1, 1, 1, 1, 1, 1, 1, 1, 1, 1]",374.21,331.79,425.24,255.0,562320.35
ENTG,138.87,9,"[0, 1, 1, 1, 1, 1, 1, 1, 1, 1]",146.96,123.87,183.84,68.64,2527248.5
NMR,9.91,10,"[1, 1, 1, 1, 1, 1, 1, 1, 1, 1]",9.49,8.56,10.04,6.73,771894.8
IHG,163.75,10,"[1, 1, 1, 1, 1, 1, 1, 1, 1, 1]",162.39,145.11,173.43,116.28,259796.5
FN,431.54,4,"[0, 0, 0, 0, 1, 1, 1, 0, 1, 0]",511.04,537.15,746.47,330.66,1026628.3
SBS,4.8,3,"[0, 0, 0, 0, 1, 1, 0, 0, 1, 0]",5.42,5.56,7.08,4.28,9549108.15
WWD,339.66,6,"[0, 0, 0, 1, 1, 1, 1, 1, 1, 0]",392.05,356.08,436.05,236.46,671191.1
SITM,594.1,8,"[0, 1, 1, 1, 1, 1, 1, 0, 1, 1]",630.4,489.06,901.48,224.49,498199.15
INSM,123.89,4,"[1, 0, 0, 0, 0, 0, 1, 0, 1, 1]",111.87,143.57,211.41,91.88,3088086.6
BEKE,18.01,7,"[1, 1, 1, 0, 1, 0, 0, 1, 1, 1]",16.27,16.58,19.99,14.26,3253618.3
AKAM,105.74,5,"[0, 0, 0, 1, 1, 1, 1, 0, 1, 0]",118.64,108.73,161.14,71.97,3564141.4
PFG,111.59,8,"[0, 1, 1, 1, 1, 1, 1, 1, 1, 0]",111.73,96.8,115.41,76.35,1118416.75
RL,362.6,5,"[0, 0, 0, 1, 1, 1, 0, 1, 1, 0]",388.6,364.15,413.24,290.07,620648.1
ATI,215.23,10,"[1, 1, 1, 1, 1, 1, 1, 1, 1, 1]",201.03,154.13,231.78,74.88,1615916.65
MRNA,158.83,10,"[1, 1, 1, 1, 1, 1, 1, 1, 1, 1]",71.57,49.98,174.38,22.36,27529102.55
ILMN,224.99,10,"[1, 1, 1, 1, 1, 1, 1, 1, 1, 1]",189.96,148.01,224.99,91.0,2107805.0
AFRM,77.94,9,"[1, 1, 1, 1, 0, 1, 1, 1, 1, 1]",76.95,66.44,92.18,42.53,2871456.45
CRS,486.09,8,"[0, 1, 1, 1, 1, 1, 1, 1, 1, 0]",562.7,426.18,619.25,231.97,681955.55
SMCI,38.46,6,"[1, 1, 1, 0, 0, 0, 1, 0, 1, 1]",30.71,31.37,58.68,20.53,55525195.55
MKSI,270.48,5,"[0, 0, 1, 1, 1, 1, 0, 0, 1, 0]",337.29,257.85,,,1588389.9
IFF,87.16,10,"[1, 1, 1, 1, 1, 1, 1, 1, 1, 1]",79.8,73.23,88.07,58.53,1595948.15
EXPD,189.05,10,"[1, 1, 1, 1, 1, 1, 1, 1, 1, 1]",173.98,156.12,189.05,111.96,1046139.2
ROIV,36.47,10,"[1, 1, 1, 1, 1, 1, 1, 1, 1, 1]",34.73,27.91,37.4,11.84,5784516.9
DD,136.04,6,"[0, 0, 1, 0, 1, 1, 1, 1, 1, 0]",139.52,135.49,153.36,91.31,1750373.25
IREN,42.21,3,"[0, 0, 0, 0, 0, 0, 1, 0, 1, 1]",42.87,46.31,76.41,22.35,46728493.15
RGLD,267.76,9,"[1, 1, 1, 0, 1, 1, 1, 1, 1, 1]",212.3,232.68,303.02,168.01,778652.4
FUTU,125.63,4,"[1, 0, 0, 0, 0, 0, 1, 0, 1, 1]",102.61,138.32,195.9,89.76,1468577.35
ULS,73.99,4,"[0, 0, 0, 1, 1, 1, 0, 0, 1, 0]",86.47,85.29,104.74,62.42,966100.7
CHRW,143.66,3,"[0, 0, 0, 0, 1, 1, 0, 0, 1, 0]",173.85,172.11,209.42,123.05,2036116.75
LUV,40.82,6,"[0, 0, 0, 1, 1, 1, 1, 1, 1, 0]",46.94,42.57,54.33,29.29,4585696.3
DKS,124.31,2,"[0, 0, 0, 1, 0, 0, 0, 0, 1, 0]",210.67,209.04,239.17,124.31,3618538.35
VTRS,16.72,9,"[1, 1, 1, 1, 1, 1, 1, 1, 1, 0]",16.5,14.25,17.73,9.17,10306565.45
RCI,36.59,6,"[1, 1, 1, 0, 0, 0, 0, 1, 1, 1]",34.67,36.24,40.21,31.45,1109736.95
FFIV,382.75,8,"[0, 1, 1, 1, 1, 1, 1, 1, 1, 0]",403.2,320.87,431.26,223.99,602491.8
CX,11.0,4,"[0, 0, 0, 0, 1, 1, 0, 1, 1, 0]",11.97,11.83,13.52,8.85,7476287.55
INCY,129.72,9,"[1, 1, 1, 1, 1, 1, 1, 1, 1, 0]",117.03,103.9,129.93,81.66,1552526.65
KEP,11.8,2,"[0, 0, 0, 0, 0, 0, 0, 0, 1, 1]",12.05,15.59,23.26,11.18,1013906.45
APG,40.38,5,"[0, 0, 0, 0, 1, 1, 0, 1, 1, 1]",41.36,41.81,49.4,33.64,2765488.35
SNX,251.39,9,"[0, 1, 1, 1, 1, 1, 1, 1, 1, 1]",257.0,199.86,289.57,141.35,641197.3
CDE,21.59,8,"[1, 1, 1, 0, 1, 0, 1, 1, 1, 1]",16.93,18.67,27.12,12.29,40121062.35
RBC,496.01,6,"[0, 0, 0, 1, 1, 1, 1, 1, 1, 0]",582.52,541.47,648.89,369.71,255552.9
BURL,315.27,7,"[0, 0, 1, 1, 1, 1, 1, 1, 1, 0]",341.92,312.64,372.19,242.43,826933.0
ROKU,159.76,10,"[1, 1, 1, 1, 1, 1, 1, 1, 1, 1]",145.2,115.82,159.76,82.93,2537755.55
AMKR,48.7,6,"[0, 0, 0, 1, 1, 1, 1, 0, 1, 1]",65.14,55.45,93.55,23.68,4913074.7
RS,383.66,8,"[0, 1, 1, 1, 1, 1, 1, 1, 1, 0]",397.85,339.65,428.02,261.99,342994.25
BWXT,149.73,2,"[0, 0, 0, 0, 1, 0, 0, 0, 1, 0]",178.48,193.48,237.73,149.52,1033911.9
ZTO,21.4,4,"[0, 0, 0, 0, 1, 1, 0, 1, 1, 0]",23.13,22.78,25.88,17.59,2025210.5
NXT,84.81,4,"[0, 0, 0, 0, 1, 1, 1, 0, 1, 0]",105.1,109.05,156.4,64.33,2711849.3
ITT,205.98,9,"[1, 1, 1, 1, 1, 1, 0, 1, 1, 1]",199.59,193.58,221.24,167.52,913926.55
FTV,59.5,7,"[0, 1, 1, 1, 1, 1, 0, 1, 1, 0]",61.07,57.71,64.09,46.82,2539492.8
IONQ,42.05,4,"[0, 0, 0, 1, 0, 0, 1, 0, 1, 1]",43.89,44.73,82.09,26.59,20198654.15
AGI,39.02,7,"[1, 0, 1, 0, 1, 1, 1, 0, 1, 1]",31.74,38.9,55.22,27.83,5265789.95
BCH,42.65,10,"[1, 1, 1, 1, 1, 1, 1, 1, 1, 1]",40.63,38.33,43.7,26.77,306399.5
YPF,50.01,10,"[1, 1, 1, 1, 1, 1, 1, 1, 1, 1]",49.39,42.69,56.35,23.57,1117302.55
CF,127.26,10,"[1, 1, 1, 1, 1, 1, 1, 1, 1, 1]",116.33,105.19,136.34,74.99,2418461.15
MGA,66.13,8,"[0, 1, 1, 1, 1, 1, 1, 1, 1, 0]",66.77,58.77,73.05,42.56,1310231.15
TLN,307.67,2,"[0, 0, 0, 1, 0, 0, 0, 0, 1, 0]",365.39,360.91,445.84,302.97,898989.9
LSCC,116.1,6,"[0, 0, 1, 1, 1, 1, 1, 0, 1, 0]",132.49,105.96,155.27,61.73,1784110.15
WMG,28.06,3,"[1, 0, 0, 0, 0, 0, 0, 1, 1, 0]",27.13,28.35,34.31,23.35,2432992.3
CIB,103.26,10,"[1, 1, 1, 1, 1, 1, 1, 1, 1, 1]",86.71,72.64,103.26,47.86,302058.2
WCC,338.95,9,"[0, 1, 1, 1, 1, 1, 1, 1, 1, 1]",343.65,305.87,374.1,206.66,605819.3
JBS,14.05,8,"[1, 1, 1, 0, 1, 1, 0, 1, 1, 1]",12.79,13.74,17.05,11.6,6182339.2
WSO,302.29,2,"[0, 0, 0, 0, 1, 0, 0, 0, 1, 0]",358.03,371.2,452.97,302.29,596264.75
DOCN,112.57,8,"[0, 1, 1, 1, 1, 1, 1, 0, 1, 1]",133.29,94.55,181.29,30.78,3037191.95
EWBC,129.43,8,"[0, 1, 1, 1, 1, 1, 1, 1, 1, 0]",130.88,117.62,136.6,91.94,614049.7
AA,51.28,6,"[1, 0, 0, 0, 1, 1, 1, 0, 1, 1]",49.92,56.96,83.63,30.69,5251670.6
PR,23.3,10,"[1, 1, 1, 1, 1, 1, 1, 1, 1, 1]",20.29,18.02,23.87,11.76,9422106.9
NVMI,368.26,4,"[0, 0, 0, 0, 1, 1, 1, 0, 1, 0]",449.73,435.77,605.65,237.16,537640.4
RTO,23.8,2,"[0, 0, 0, 0, 1, 0, 0, 0, 1, 0]",27.16,29.57,34.2,23.14,1825050.4
OWL,11.79,7,"[1, 1, 1, 1, 0, 0, 1, 0, 1, 1]",10.01,11.07,17.68,7.89,21370249.95
OVV,64.4,10,"[1, 1, 1, 1, 1, 1, 1, 1, 1, 1]",58.65,51.3,66.82,35.32,3380144.8
TTMI,112.3,6,"[0, 0, 0, 1, 1, 1, 1, 0, 1, 1]",148.61,118.07,221.47,44.5,3286992.0
BEN,35.03,10,"[1, 1, 1, 1, 1, 1, 1, 1, 1, 1]",33.49,27.63,35.77,20.39,4253134.65
IEX,230.27,10,"[1, 1, 1, 1, 1, 1, 1, 1, 1, 1]",227.95,202.34,240.52,156.95,680167.9
LAMR,151.85,8,"[0, 1, 1, 1, 1, 1, 1, 1, 1, 0]",156.62,138.0,164.33,111.93,723554.2
VNOM,44.07,8,"[1, 1, 1, 0, 1, 1, 0, 1, 1, 1]",42.55,41.83,49.44,34.2,1699358.55
GNRC,201.78,6,"[0, 0, 0, 1, 1, 1, 1, 0, 1, 1]",231.08,207.14,295.54,136.37,1117742.5
NDSN,333.58,10,"[1, 1, 1, 1, 1, 1, 1, 1, 1, 1]",300.41,274.55,334.7,219.09,421650.25
SN,183.8,10,"[1, 1, 1, 1, 1, 1, 1, 1, 1, 1]",159.57,124.48,188.59,84.57,1743687.7
H,177.01,8,"[0, 1, 1, 1, 1, 1, 1, 1, 1, 0]",186.72,168.55,202.09,135.06,886331.2
BALL,64.08,9,"[1, 1, 1, 1, 1, 1, 1, 1, 1, 0]",62.23,58.25,67.31,45.92,1819088.25
MLI,61.51,7,"[0, 0, 1, 1, 1, 1, 1, 1, 1, 0]",63.74,61.24,70.23,47.16,1126462.15
LOGI,98.65,3,"[0, 0, 0, 1, 0, 0, 0, 1, 1, 0]",102.17,101.5,126.69,85.84,1007311.2
CLH,308.48,10,"[1, 1, 1, 1, 1, 1, 1, 1, 1, 1]",305.89,278.33,326.34,201.73,508316.2
GMAB,34.36,9,"[1, 1, 1, 1, 0, 1, 1, 1, 1, 1]",29.09,29.18,35.34,23.85,2855922.7
PAA,24.7,10,"[1, 1, 1, 1, 1, 1, 1, 1, 1, 1]",23.08,20.39,24.96,14.64,2751318.05
NBIX,153.37,7,"[0, 1, 1, 1, 1, 1, 0, 1, 1, 0]",166.62,147.21,185.5,123.1,1454218.95
HST,23.0,8,"[0, 1, 1, 1, 1, 1, 1, 1, 1, 0]",23.76,20.01,25.54,14.79,10129591.0
JLL,392.79,9,"[1, 1, 1, 1, 0, 1, 1, 1, 1, 1]",338.81,324.2,392.79,280.16,344783.5
ASND,252.99,8,"[0, 1, 1, 1, 1, 1, 1, 1, 1, 0]",253.63,230.19,277.18,189.74,530965.8
LECO,280.15,9,"[1, 1, 1, 1, 1, 1, 0, 1, 1, 1]",266.47,258.45,297.02,218.56,504280.4
OKTA,130.61,8,"[0, 1, 1, 1, 1, 1, 1, 1, 1, 0]",138.34,98.64,154.95,62.93,2579599.45
HTHT,49.47,9,"[1, 1, 1, 0, 1, 1, 1, 1, 1, 1]",42.93,46.76,54.63,33.99,1654082.75
DTM,126.74,5,"[0, 0, 0, 1, 1, 1, 0, 1, 1, 0]",140.31,132.1,150.74,99.09,1053585.65
MOD,188.01,4,"[0, 0, 0, 0, 1, 1, 1, 0, 1, 0]",229.38,208.87,306.89,119.68,1686562.75
RRX,162.18,4,"[0, 0, 0, 1, 1, 1, 0, 0, 1, 0]",201.98,186.06,238.19,127.98,1470901.4
BSAC,36.15,10,"[1, 1, 1, 1, 1, 1, 1, 1, 1, 1]",33.87,31.82,36.15,22.59,276438.9
JAZZ,260.23,10,"[1, 1, 1, 1, 1, 1, 1, 1, 1, 1]",245.72,201.24,261.62,124.43,800075.35
ONTO,291.62,9,"[0, 1, 1, 1, 1, 1, 1, 1, 1, 1]",303.59,235.6,378.45,101.95,1216589.7
OHI,46.95,7,"[0, 1, 1, 1, 1, 1, 0, 1, 1, 0]",47.74,45.1,51.03,37.16,1872079.0
SMMT,13.36,2,"[0, 0, 0, 0, 0, 0, 0, 0, 1, 1]",14.08,16.54,26.98,12.43,4975501.4
RMBS,89.86,3,"[0, 0, 0, 0, 1, 0, 0, 0, 1, 1]",106.53,108.56,170.66,73.28,2174860.8
AUR,5.77,7,"[0, 1, 1, 1, 1, 1, 1, 0, 1, 0]",6.41,5.28,8.4,3.77,29919248.2
NIO,4.45,2,"[0, 0, 0, 0, 1, 0, 0, 0, 1, 0]",4.79,5.31,7.89,4.36,27695548.4
HAS,96.74,9,"[1, 1, 1, 0, 1, 1, 1, 1, 1, 1]",87.09,87.57,103.58,68.73,1667039.6
LTM,54.7,10,"[1, 1, 1, 1, 1, 1, 1, 1, 1, 1]",54.27,52.99,68.29,41.47,730793.25
SUN,74.6,9,"[1, 1, 1, 1, 1, 1, 1, 1, 1, 0]",70.86,61.98,77.08,45.51,504375.9
QXO,13.85,1,"[0, 0, 0, 0, 0, 0, 0, 0, 1, 0]",15.11,19.28,27.07,13.3,17974101.65
AEIS,275.43,4,"[0, 0, 0, 0, 1, 1, 0, 0, 1, 1]",317.9,296.32,,,691405.35
ALLY,42.6,7,"[0, 1, 1, 1, 1, 1, 0, 1, 1, 0]",44.51,42.16,46.92,35.47,2759133.1
PL,21.55,5,"[0, 0, 0, 0, 1, 1, 1, 0, 1, 1]",24.91,26.68,51.4,6.44,5149236.7
EVR,289.54,3,"[0, 0, 0, 1, 0, 0, 0, 1, 1, 0]",330.1,329.66,381.16,266.5,585108.3
SKM,39.66,10,"[1, 1, 1, 1, 1, 1, 1, 1, 1, 1]",34.25,30.38,46.0,19.68,1971765.95
TIGO,95.23,9,"[1, 1, 1, 1, 1, 1, 1, 1, 1, 0]",93.19,73.17,104.31,42.71,1402070.45
SANM,191.11,8,"[0, 1, 1, 1, 1, 1, 1, 0, 1, 1]",212.82,182.23,282.72,113.14,706813.9
IESC,313.23,1,"[0, 0, 0, 0, 0, 0, 0, 0, 1, 0]",,,793.96,313.23,182803.5
BBIO,80.4,9,"[1, 1, 1, 1, 1, 1, 1, 1, 1, 0]",79.21,73.36,90.17,48.87,2213090.4
TOL,150.83,7,"[0, 1, 1, 1, 1, 1, 0, 1, 1, 0]",151.61,143.63,165.52,123.92,886060.3
DINO,93.24,10,"[1, 1, 1, 1, 1, 1, 1, 1, 1, 1]",82.15,62.93,97.32,44.83,2670123.1
NYT,68.61,4,"[0, 0, 0, 0, 1, 1, 0, 1, 1, 0]",70.99,73.0,85.59,54.2,2418392.75
DY,351.8,5,"[0, 0, 0, 1, 1, 1, 1, 0, 1, 0]",428.01,394.0,535.2,245.31,500516.25
RBRK,92.65,9,"[1, 1, 1, 1, 0, 1, 1, 1, 1, 1]",82.92,68.08,105.09,43.81,3113596.65
DVA,177.8,7,"[0, 1, 1, 1, 1, 1, 1, 0, 1, 0]",213.23,161.76,240.96,103.87,1040987.45
GH,164.92,10,"[1, 1, 1, 1, 1, 1, 1, 1, 1, 1]",154.47,114.69,170.77,54.79,2304401.05
PEN,324.37,8,"[1, 0, 1, 0, 1, 1, 1, 1, 1, 1]",320.35,322.63,359.4,225.54,254228.95
BMNR,24.82,6,"[1, 1, 1, 0, 0, 0, 1, 0, 1, 1]",16.98,22.83,63.2,13.31,36899680.85
SWK,98.46,10,"[1, 1, 1, 1, 1, 1, 1, 1, 1, 1]",93.43,79.75,104.0,60.08,2053990.0
ENLT,80.67,8,"[0, 1, 1, 1, 1, 1, 1, 1, 1, 0]",85.78,70.97,107.42,27.02,201411.25
OKLO,44.27,2,"[0, 0, 0, 0, 0, 0, 0, 0, 1, 1]",46.77,67.43,174.14,36.84,9501637.7
BWA,65.1,9,"[0, 1, 1, 1, 1, 1, 1, 1, 1, 1]",66.23,56.66,77.03,40.58,2282637.65
APA,41.35,10,"[1, 1, 1, 1, 1, 1, 1, 1, 1, 1]",36.23,32.45,44.39,20.93,6041006.8
IONS,63.57,3,"[0, 0, 0, 0, 0, 0, 1, 0, 1, 1]",63.59,73.88,86.5,42.17,2419852.4
HL,20.92,8,"[1, 1, 1, 0, 1, 1, 1, 0, 1, 1]",16.31,18.73,31.8,7.99,37998176.4
HII,291.15,3,"[0, 0, 0, 0, 1, 1, 0, 0, 1, 0]",296.59,347.16,451.78,263.93,529339.15
SOLS,55.54,3,"[0, 0, 0, 0, 1, 0, 1, 0, 1, 0]",66.68,67.34,88.6,41.35,2517183.95
FIVE,259.41,9,"[1, 1, 1, 0, 1, 1, 1, 1, 1, 1]",209.15,204.48,262.72,138.49,960640.0
U,44.99,9,"[1, 1, 1, 1, 0, 1, 1, 1, 1, 1]",34.16,31.94,49.47,17.13,13147953.7
IVZ,32.72,10,"[1, 1, 1, 1, 1, 1, 1, 1, 1, 1]",29.49,26.5,32.72,20.98,4486622.95
NTNX,66.44,8,"[1, 1, 1, 1, 0, 0, 1, 1, 1, 1]",56.87,48.85,81.12,34.41,2479523.0
MEDP,614.06,9,"[1, 1, 1, 1, 0, 1, 1, 1, 1, 1]",554.5,520.58,620.75,393.42,231099.4
EXEL,56.72,10,"[1, 1, 1, 1, 1, 1, 1, 1, 1, 1]",54.33,47.06,57.1,34.54,2736025.15
ALGN,159.61,4,"[0, 0, 0, 0, 1, 1, 0, 1, 1, 0]",174.08,169.72,197.51,124.88,944462.85
WLK,74.8,5,"[0, 0, 0, 0, 1, 1, 1, 0, 1, 1]",76.83,87.05,122.65,55.28,1140318.55
SAIA,343.92,4,"[0, 0, 0, 0, 1, 1, 1, 0, 1, 0]",402.58,382.12,487.14,250.48,534080.05
MP,60.17,6,"[1, 1, 1, 0, 0, 0, 1, 0, 1, 1]",51.83,57.77,98.65,38.1,7442046.95
VIAV,37.71,7,"[0, 0, 1, 1, 1, 1, 1, 0, 1, 1]",42.11,34.07,55.33,11.14,5347099.95
AAOI,113.15,7,"[0, 0, 1, 1, 1, 1, 1, 0, 1, 1]",126.48,98.22,223.1,19.49,13459353.6
PINS,23.66,6,"[1, 1, 1, 1, 0, 0, 1, 0, 1, 0]",22.63,22.12,37.95,15.42,11095451.65
AIZ,285.15,10,"[1, 1, 1, 1, 1, 1, 1, 1, 1, 1]",276.94,242.47,301.57,203.12,411949.15
WBS,77.57,4,"[0, 0, 0, 0, 0, 0, 1, 1, 1, 1]",,,79.07,53.14,9963276.65
ELAN,25.09,9,"[1, 1, 1, 1, 1, 1, 1, 1, 1, 0]",24.56,23.63,26.84,17.35,8705319.2
GLXY,24.79,4,"[1, 0, 0, 0, 0, 0, 1, 0, 1, 1]",24.45,25.25,42.86,16.84,7159777.9
APLD,28.85,4,"[0, 0, 0, 0, 1, 0, 1, 0, 1, 1]",32.31,32.26,49.65,13.89,17457108.65
MDGL,512.16,5,"[0, 1, 0, 1, 0, 1, 0, 1, 1, 0]",524.21,514.38,602.83,412.35,385014.9
VICR,194.62,6,"[0, 0, 0, 1, 1, 1, 1, 0, 1, 1]",255.5,198.48,379.78,48.46,844256.45
COKE,196.53,10,"[1, 1, 1, 1, 1, 1, 1, 1, 1, 1]",185.1,177.34,216.33,111.2,460697.65
LFUS,405.39,9,"[0, 1, 1, 1, 1, 1, 1, 1, 1, 1]",434.44,362.87,488.16,233.58,285125.65
FORM,107.72,7,"[0, 0, 1, 1, 1, 1, 1, 0, 1, 1]",121.24,100.04,159.93,28.43,1288757.15
AAON,76.19,3,"[0, 0, 0, 1, 1, 0, 0, 0, 1, 0]",104.59,99.35,148.15,73.35,1321958.05
TFII,134.18,8,"[0, 1, 1, 1, 1, 1, 1, 1, 1, 0]",144.52,123.42,162.83,80.09,304800.2
AIT,335.64,8,"[0, 1, 1, 1, 1, 1, 1, 1, 1, 0]",339.66,292.76,361.95,239.46,259341.3
SMTC,127.52,8,"[0, 1, 1, 1, 1, 1, 1, 0, 1, 1]",136.97,104.75,174.73,57.76,2657837.65
WULF,16.32,5,"[0, 0, 0, 1, 1, 1, 1, 0, 1, 0]",20.39,17.75,28.98,8.87,34100950.95
POWL,190.19,5,"[0, 0, 0, 1, 1, 1, 1, 0, 1, 0]",236.18,197.71,321.8,85.54,681979.2
TIMB,18.26,2,"[0, 0, 0, 0, 1, 0, 0, 0, 1, 0]",20.24,22.69,27.75,17.28,606989.6
AXSM,205.48,8,"[0, 1, 1, 1, 1, 1, 1, 1, 1, 0]",230.44,192.13,255.17,114.1,708401.3
WMS,141.44,3,"[0, 0, 0, 0, 0, 1, 0, 1, 1, 0]",145.84,147.78,174.94,129.5,718701.7
HMY,22.95,8,"[1, 1, 1, 0, 0, 1, 1, 1, 1, 1]",17.07,17.97,25.55,12.37,3129599.45
HUT,85.5,7,"[0, 1, 1, 1, 1, 1, 1, 0, 1, 0]",101.61,73.43,133.02,25.38,5169961.15
IAG,22.17,9,"[1, 1, 1, 0, 1, 1, 1, 1, 1, 1]",16.48,17.54,24.57,8.95,6328321.05
CGNX,59.82,8,"[0, 1, 1, 1, 1, 1, 1, 1, 1, 0]",64.53,52.47,72.32,34.65,2446183.25
KTOS,52.64,2,"[0, 0, 0, 0, 0, 0, 0, 0, 1, 1]",52.68,72.58,130.72,43.88,4004368.65
JEF,52.45,6,"[0, 1, 0, 1, 0, 1, 1, 1, 1, 0]",54.76,52.79,68.3,35.48,1984533.45
AG,21.24,8,"[1, 1, 1, 0, 1, 1, 1, 0, 1, 1]",17.53,19.32,31.96,8.94,11100175.6
EMBJ,74.63,10,"[1, 1, 1, 1, 1, 1, 1, 1, 1, 1]",67.72,65.36,79.6,53.63,1374504.45
ESI,35.5,6,"[0, 0, 1, 1, 1, 1, 1, 0, 1, 0]",40.01,34.72,49.09,22.82,3336722.05
JOBY,7.22,1,"[0, 0, 0, 0, 0, 0, 0, 0, 1, 0]",8.1,10.68,19.57,6.65,30172746.95
MUSA,544.31,6,"[0, 1, 1, 1, 1, 1, 0, 0, 1, 0]",575.91,485.33,,,285915.6
BTSG,57.23,8,"[0, 1, 1, 1, 1, 1, 1, 1, 1, 0]",66.08,49.02,72.91,23.69,2923994.85
GSAT,82.03,10,"[1, 1, 1, 1, 1, 1, 1, 1, 1, 1]",81.06,71.24,84.43,27.98,931970.3
GMED,82.96,6,"[1, 0, 0, 0, 0, 1, 1, 1, 1, 1]",80.74,85.92,96.82,55.1,1392422.8
BEP,32.81,9,"[0, 1, 1, 1, 1, 1, 1, 1, 1, 1]",33.42,31.4,37.09,24.11,878071.1
KNX,68.5,8,"[0, 1, 1, 1, 1, 1, 1, 1, 1, 0]",73.31,62.16,82.45,38.58,3243912.45
ALSN,131.62,10,"[1, 1, 1, 1, 1, 1, 1, 1, 1, 1]",119.41,112.42,135.36,78.44,864274.85
SNAP,5.92,5,"[1, 1, 0, 0, 0, 0, 1, 0, 1, 1]",4.89,5.96,9.09,3.93,42396608.5
ARWR,88.88,10,"[1, 1, 1, 1, 1, 1, 1, 1, 1, 1]",83.04,69.33,89.59,21.18,1205661.5
WTFC,151.09,7,"[0, 1, 1, 1, 1, 1, 0, 1, 1, 0]",159.15,146.91,166.33,118.51,558633.9
AES,14.73,9,"[1, 1, 1, 1, 1, 1, 0, 1, 1, 1]",14.61,14.26,16.87,11.92,7202105.0
SPXC,200.98,5,"[0, 0, 0, 1, 1, 1, 0, 1, 1, 0]",219.82,215.28,246.41,180.71,467824.15
VFS,3.13,4,"[1, 0, 0, 0, 1, 0, 0, 0, 1, 1]",3.11,3.41,4.76,2.81,317789.9
AHR,57.05,9,"[1, 1, 1, 1, 1, 1, 1, 1, 1, 0]",53.92,50.04,57.72,39.57,3060302.7
DAR,62.58,10,"[1, 1, 1, 1, 1, 1, 1, 1, 1, 1]",60.17,52.28,68.34,29.91,2677528.9
FCFS,229.51,10,"[1, 1, 1, 1, 1, 1, 1, 1, 1, 1]",214.05,193.44,236.43,144.26,403234.2
UMBF,143.57,8,"[0, 1, 1, 1, 1, 1, 1, 1, 1, 0]",144.04,125.96,152.04,102.87,529568.7
ARW,202.56,8,"[0, 1, 1, 1, 1, 1, 1, 1, 1, 0]",212.73,165.5,234.83,101.87,628248.9
MOG-A,376.73,8,"[0, 1, 1, 1, 1, 1, 1, 1, 1, 0]",407.78,321.38,445.38,190.93,301635.4
HBM,30.79,10,"[1, 1, 1, 1, 1, 1, 1, 1, 1, 1]",24.66,23.03,31.86,11.58,5144030.2
MGM,43.34,8,"[0, 1, 1, 1, 1, 1, 1, 1, 1, 0]",45.82,39.22,50.69,30.72,2367268.25
VMI,472.9,7,"[0, 0, 1, 1, 1, 1, 1, 1, 1, 0]",520.38,464.42,582.78,362.21,169175.05
ABVX,117.93,5,"[0, 0, 0, 1, 0, 1, 1, 1, 1, 0]",122.56,119.12,145.31,72.5,904811.7
CTRE,39.9,7,"[0, 1, 1, 1, 1, 1, 0, 1, 1, 0]",40.38,38.31,43.4,31.94,2306984.25
MOH,199.63,8,"[0, 1, 1, 1, 1, 1, 1, 1, 1, 0]",210.7,175.02,242.88,122.65,623803.3
BPOP,169.55,8,"[0, 1, 1, 1, 1, 1, 1, 1, 1, 0]",170.21,142.88,177.87,107.38,397278.0
SNEX,69.66,8,"[0, 1, 1, 1, 1, 1, 1, 1, 1, 0]",76.36,60.7,92.67,37.2,1025554.5
CYTK,77.46,8,"[0, 1, 1, 1, 1, 1, 1, 1, 1, 0]",79.88,69.38,87.26,35.33,1866696.55
VSAT,72.46,8,"[0, 1, 1, 1, 1, 1, 1, 1, 1, 0]",74.57,55.84,89.81,28.41,2063094.6
ICLR,168.91,7,"[1, 1, 1, 1, 0, 0, 1, 1, 1, 0]",165.19,147.22,202.92,80.08,711275.1
AGX,450.46,5,"[0, 0, 0, 1, 1, 1, 1, 0, 1, 0]",622.72,508.86,797.9,202.87,289760.05
CAMT,146.66,5,"[0, 0, 0, 0, 1, 1, 1, 0, 1, 1]",155.01,150.77,207.46,76.73,526532.95
SBSW,12.53,6,"[1, 1, 1, 0, 0, 0, 1, 0, 1, 1]",9.51,12.46,20.52,7.06,5337427.2
ELPC,11.42,6,"[0, 0, 1, 0, 1, 1, 1, 1, 1, 0]",11.45,11.02,13.39,7.96,460553.15
TTC,99.56,10,"[1, 1, 1, 1, 1, 1, 1, 1, 1, 1]",95.34,89.65,100.89,67.07,567634.05
R,246.18,8,"[0, 1, 1, 1, 1, 1, 1, 1, 1, 0]",262.55,221.3,279.21,157.4,292443.1
CAVA,69.29,5,"[0, 0, 0, 0, 1, 1, 1, 0, 1, 1]",71.47,71.39,97.39,43.59,3571365.6
PRAX,368.02,10,"[1, 1, 1, 1, 1, 1, 1, 1, 1, 1]",328.34,300.78,386.33,37.71,440520.7
ZION,67.57,8,"[0, 1, 1, 1, 1, 1, 1, 1, 1, 0]",69.33,60.9,72.82,45.54,1367161.55
SIRI,28.73,8,"[0, 1, 1, 1, 1, 1, 1, 1, 1, 0]",29.35,24.32,32.3,19.3,4286411.6
RIOT,21.3,7,"[0, 1, 1, 1, 1, 0, 1, 0, 1, 1]",22.35,18.49,28.69,11.83,23668507.85
FLS,80.56,9,"[1, 1, 1, 0, 1, 1, 1, 1, 1, 1]",75.21,75.27,91.49,48.65,1690443.2
ALGM,37.44,5,"[0, 0, 0, 1, 1, 1, 1, 0, 1, 0]",48.82,39.01,69.62,22.8,2340746.25
GDS,32.99,4,"[1, 0, 0, 0, 1, 0, 0, 0, 1, 1]",32.14,37.77,47.52,29.02,1975149.05
KRYS,356.19,9,"[1, 1, 1, 1, 1, 1, 1, 1, 1, 0]",346.52,283.97,378.15,137.46,296081.8
EGO,48.14,9,"[1, 1, 1, 0, 1, 1, 1, 1, 1, 1]",34.12,35.22,49.52,23.98,2962989.75
GGB,4.36,8,"[0, 1, 1, 1, 1, 1, 1, 1, 1, 0]",4.53,4.1,5.09,2.94,11607293.3
MXL,66.36,8,"[0, 1, 1, 1, 1, 1, 1, 0, 1, 1]",81.12,45.58,128.03,13.05,2450812.8
IBRX,8.19,9,"[1, 1, 1, 1, 1, 1, 1, 0, 1, 1]",7.76,6.36,11.55,1.98,8558310.7
AAL,13.95,7,"[0, 1, 1, 1, 0, 1, 1, 1, 1, 0]",15.72,13.92,18.15,10.18,54113975.55
DDS,637.3,7,"[1, 1, 1, 0, 0, 1, 0, 1, 1, 1]",575.28,601.27,699.51,502.64,155336.85
FRO,43.46,10,"[1, 1, 1, 1, 1, 1, 1, 1, 1, 1]",39.19,31.52,44.45,18.67,2043134.25
CRUS,111.43,2,"[0, 0, 0, 0, 1, 0, 0, 0, 1, 0]",137.38,140.33,178.9,111.43,827932.6
BVN,35.94,9,"[1, 1, 1, 0, 1, 1, 1, 1, 1, 1]",31.87,32.11,42.44,18.09,1030387.35
W,104.53,9,"[1, 1, 1, 1, 0, 1, 1, 1, 1, 1]",94.05,88.42,119.05,57.4,3618097.5
LUMN,5.89,1,"[0, 0, 0, 0, 0, 0, 0, 0, 1, 0]",6.77,7.86,11.83,4.69,13940873.75
LLYVK,107.97,10,"[1, 1, 1, 1, 1, 1, 1, 1, 1, 1]",103.43,93.66,108.86,77.33,290246.7
LLYVA,104.0,10,"[1, 1, 1, 1, 1, 1, 1, 1, 1, 1]",99.71,90.93,104.99,74.85,159337.95
LEVI,21.1,5,"[0, 0, 0, 1, 1, 1, 0, 1, 1, 0]",23.73,21.69,25.53,17.69,2107468.3
COLB,30.53,8,"[0, 1, 1, 1, 1, 1, 1, 1, 1, 0]",31.69,29.12,33.61,23.18,2803169.5
OSK,155.23,9,"[1, 1, 1, 0, 1, 1, 1, 1, 1, 1]",147.72,143.33,176.5,117.24,700454.65
MTCH,42.18,10,"[1, 1, 1, 1, 1, 1, 1, 1, 1, 1]",38.17,34.02,42.18,28.57,3336131.8
FR,63.49,7,"[0, 1, 1, 1, 1, 1, 0, 1, 1, 0]",64.18,60.09,68.86,49.05,836240.2
CRL,297.64,10,"[1, 1, 1, 1, 1, 1, 1, 1, 1, 1]",238.55,195.28,298.58,145.57,964987.8
FROG,89.48,10,"[1, 1, 1, 1, 1, 1, 1, 1, 1, 1]",86.74,64.26,98.1,34.75,2217096.95
ZWS,48.82,7,"[0, 1, 1, 1, 1, 1, 0, 1, 1, 0]",49.33,48.07,53.06,43.5,879688.25
SIMO,241.83,8,"[0, 1, 1, 1, 1, 1, 1, 0, 1, 1]",277.89,177.4,336.22,77.5,1366669.25
ENS,194.29,8,"[0, 0, 1, 1, 1, 1, 1, 1, 1, 1]",202.31,183.94,243.06,100.33,536643.15
PRMB,23.35,8,"[0, 1, 1, 1, 1, 1, 1, 1, 1, 0]",23.83,20.24,25.26,14.14,4623517.55
EMN,72.02,9,"[1, 1, 1, 0, 1, 1, 1, 1, 1, 1]",70.64,69.11,79.49,54.37,1054098.95
CIFR,16.31,4,"[0, 0, 0, 1, 1, 0, 1, 0, 1, 0]",21.19,18.44,29.18,6.99,38262138.0
QBTS,19.35,4,"[0, 0, 0, 1, 0, 0, 1, 0, 1, 1]",20.44,21.9,44.78,12.98,16175932.6
ECG,118.07,6,"[0, 0, 0, 1, 1, 1, 1, 0, 1, 1]",138.74,120.17,169.16,74.17,639133.75
FIGR,41.14,6,"[1, 1, 1, 0, 0, 0, 1, 0, 1, 1]",30.47,36.96,73.91,24.91,4608474.65
ICL,5.64,7,"[1, 1, 1, 0, 1, 0, 0, 1, 1, 1]",5.21,5.38,6.76,4.72,1135224.8
TKR,122.33,8,"[0, 1, 1, 1, 1, 1, 1, 1, 1, 0]",135.7,108.79,144.93,69.84,1040821.8
SSL,11.45,9,"[1, 1, 1, 0, 1, 1, 1, 1, 1, 1]",11.08,10.01,14.29,5.33,1083857.65
KRMN,49.2,1,"[0, 0, 0, 0, 0, 0, 0, 0, 1, 0]",51.54,72.58,115.29,44.84,2471709.8
BOKF,138.62,8,"[0, 1, 1, 1, 1, 1, 1, 1, 1, 0]",139.6,128.35,145.44,101.73,206696.45
NXE,11.21,9,"[1, 1, 1, 0, 1, 1, 1, 1, 1, 1]",9.84,10.73,13.92,7.24,5423839.85
NE,45.86,9,"[1, 1, 1, 0, 1, 1, 1, 1, 1, 1]",41.81,40.67,53.79,25.74,1301669.0
AMG,365.28,9,"[1, 1, 1, 1, 1, 1, 1, 1, 1, 0]",359.66,310.24,383.41,224.79,259163.2
IDA,137.66,6,"[0, 0, 1, 1, 1, 1, 0, 1, 1, 0]",144.99,137.53,153.61,120.49,480606.05
VIRT,65.2,10,"[1, 1, 1, 1, 1, 1, 1, 1, 1, 1]",60.23,46.24,67.93,31.82,1556135.95
MSGS,406.94,10,"[1, 1, 1, 1, 1, 1, 1, 1, 1, 1]",392.46,321.8,414.12,195.78,221312.95
ROAD,109.69,4,"[0, 0, 0, 0, 1, 0, 0, 1, 1, 1]",110.85,114.85,140.48,93.51,765744.15
CMC,66.85,4,"[0, 0, 0, 0, 1, 1, 0, 1, 1, 0]",68.61,69.08,82.67,54.7,1147930.5
JXN,131.63,10,"[1, 1, 1, 1, 1, 1, 1, 1, 1, 1]",120.36,109.73,135.32,88.37,593793.8
ESE,276.82,7,"[0, 0, 1, 1, 1, 1, 1, 1, 1, 0]",321.34,274.73,354.82,194.51,205582.55
GKOS,181.39,10,"[1, 1, 1, 1, 1, 1, 1, 1, 1, 1]",159.19,125.69,189.55,74.67,933760.95
CWEN,32.49,5,"[0, 0, 0, 0, 1, 1, 0, 1, 1, 1]",33.84,35.88,41.26,26.9,1185859.55
CIG,2.02,4,"[0, 0, 0, 0, 1, 1, 0, 1, 1, 0]",2.07,2.11,2.62,1.79,4061377.35
MBLY,8.68,4,"[0, 0, 0, 1, 0, 0, 1, 0, 1, 1]",8.8,9.41,15.54,6.56,4476852.25
KNTK,54.23,10,"[1, 1, 1, 1, 1, 1, 1, 1, 1, 1]",49.58,43.09,54.71,30.05,1136583.05
CHRD,140.76,10,"[1, 1, 1, 1, 1, 1, 1, 1, 1, 1]",128.92,116.56,148.81,81.47,753116.3
MIDD,113.97,5,"[0, 0, 0, 1, 1, 1, 0, 1, 1, 0]",130.78,120.06,144.17,89.85,625920.6
PCVX,61.09,10,"[1, 1, 1, 1, 1, 1, 1, 1, 1, 1]",56.69,53.43,63.3,30.25,944489.1
KEX,137.64,8,"[0, 1, 1, 1, 1, 1, 1, 1, 1, 0]",138.77,131.01,152.59,79.95,522074.4
HALO,109.32,10,"[1, 1, 1, 1, 1, 1, 1, 1, 1, 1]",84.59,72.68,109.32,61.63,2405936.5
YOU,44.29,5,"[0, 0, 0, 1, 1, 1, 1, 0, 1, 0]",52.17,45.82,62.18,29.2,1903083.35
ORA,106.24,3,"[0, 0, 0, 0, 1, 0, 0, 0, 1, 1]",110.23,115.53,144.94,89.88,838837.35
VLY,14.1,8,"[0, 1, 1, 1, 1, 1, 1, 1, 1, 0]",14.56,12.89,15.19,9.47,5983286.1
VFC,13.85,3,"[0, 0, 0, 0, 1, 1, 0, 0, 1, 0]",16.04,17.52,21.44,13.09,8222332.1
WFRD,88.2,7,"[1, 0, 0, 0, 1, 1, 1, 1, 1, 1]",86.97,91.0,111.07,60.68,793340.45
CORZ,18.03,5,"[0, 0, 0, 1, 1, 1, 1, 0, 1, 0]",22.66,19.7,29.16,13.57,13785658.85
TEX,65.22,8,"[0, 1, 1, 1, 1, 1, 1, 1, 1, 0]",66.71,60.16,74.39,41.45,1256999.2
SOBO,36.82,9,"[1, 1, 1, 1, 1, 1, 1, 1, 1, 0]",36.6,32.0,38.67,24.54,521027.1
FAF,73.28,8,"[1, 1, 1, 1, 1, 1, 0, 1, 1, 0]",71.6,65.76,79.16,56.38,587276.25
IDCC,345.54,7,"[1, 1, 1, 0, 0, 0, 1, 1, 1, 1]",295.97,318.69,393.78,250.11,242241.0
OR,38.92,8,"[1, 1, 1, 0, 1, 0, 1, 1, 1, 1]",31.82,36.52,47.56,28.05,1149903.8
HXL,93.63,8,"[0, 1, 1, 1, 1, 1, 1, 1, 1, 0]",101.03,87.34,110.09,60.57,895557.0
OGC,31.32,8,"[1, 1, 1, 0, 1, 1, 1, 0, 1, 1]",25.98,29.84,42.25,16.91,583548.0
SLAB,218.37,10,"[1, 1, 1, 1, 1, 1, 1, 1, 1, 1]",218.26,190.3,220.34,116.08,262070.6
RIG,5.75,8,"[1, 0, 1, 0, 1, 1, 1, 1, 1, 1]",5.35,5.49,7.58,2.99,43431018.35
PLXS,240.94,8,"[0, 1, 1, 1, 1, 1, 1, 1, 1, 0]",267.11,217.54,303.82,132.74,313173.55
GGAL,44.2,5,"[0, 0, 0, 1, 0, 1, 1, 1, 1, 0]",48.97,47.77,58.63,25.33,868531.85
SSRM,39.21,10,"[1, 1, 1, 1, 1, 1, 1, 1, 1, 1]",29.68,27.42,39.21,18.28,3185458.35
LTH,44.55,9,"[1, 1, 1, 1, 1, 1, 1, 1, 1, 0]",42.18,31.7,45.73,24.59,3160377.9
KYMR,126.64,10,"[1, 1, 1, 1, 1, 1, 1, 1, 1, 1]",110.3,86.82,127.31,40.69,682577.5
SM,35.68,10,"[1, 1, 1, 1, 1, 1, 1, 1, 1, 1]",30.54,25.8,37.64,17.3,3753026.85
LEA,123.65,6,"[0, 0, 0, 1, 1, 1, 1, 1, 1, 0]",133.57,125.44,148.68,94.98,755197.6
HR,19.39,7,"[0, 1, 1, 1, 1, 1, 0, 1, 1, 0]",20.19,18.26,21.6,15.74,3490140.65
RHP,132.95,9,"[1, 1, 1, 1, 1, 1, 1, 1, 1, 0]",127.33,105.04,135.99,82.97,980325.1
NOV,19.94,10,"[1, 1, 1, 1, 1, 1, 1, 1, 1, 1]",19.59,18.57,21.6,12.09,3370733.0
DBX,34.78,9,"[1, 1, 1, 1, 0, 1, 1, 1, 1, 1]",30.71,27.47,35.93,22.06,4098773.7
TFPM,35.7,8,"[1, 1, 1, 0, 0, 1, 1, 1, 1, 1]",30.09,32.99,41.23,26.25,612528.35
AUGO,90.47,9,"[1, 1, 1, 0, 1, 1, 1, 1, 1, 1]",64.41,65.31,107.02,27.61,966491.35
MTDR,55.55,9,"[1, 1, 1, 0, 1, 1, 1, 1, 1, 1]",51.43,50.35,64.51,36.03,2287343.65
MYRG,296.14,5,"[0, 0, 0, 1, 1, 1, 1, 0, 1, 0]",389.85,320.34,501.13,173.81,297402.05
AVT,87.57,9,"[0, 1, 1, 1, 1, 1, 1, 1, 1, 1]",89.36,69.7,98.63,43.64,1289259.2
LGN,57.26,5,"[0, 0, 0, 1, 1, 1, 1, 0, 1, 0]",70.68,61.83,102.27,29.72,1282987.95
BRKR,56.85,8,"[0, 1, 1, 1, 1, 1, 1, 1, 1, 0]",58.56,47.29,64.34,29.21,2437761.35
SGHC,13.95,8,"[0, 1, 1, 1, 1, 1, 1, 1, 1, 0]",13.97,11.96,15.59,8.45,2357003.55
STEP,49.77,4,"[1, 1, 0, 0, 0, 0, 0, 0, 1, 1]",45.11,52.86,74.4,39.54,1363612.75
UGP,6.7,10,"[1, 1, 1, 1, 1, 1, 1, 1, 1, 1]",5.88,5.14,6.74,3.34,3178403.4
VAL,85.72,8,"[1, 0, 1, 0, 1, 1, 1, 1, 1, 1]",79.57,78.56,113.42,46.75,1138598.55
BLSH,32.02,5,"[1, 1, 0, 0, 0, 0, 1, 0, 1, 1]",24.73,34.41,69.49,21.79,1709442.45
TGTX,55.42,10,"[1, 1, 1, 1, 1, 1, 1, 1, 1, 1]",53.12,38.05,59.06,26.94,2460270.25
MIRM,98.08,7,"[0, 0, 1, 1, 1, 1, 1, 1, 1, 0]",110.45,94.9,128.57,64.1,718634.65
ST,42.17,8,"[0, 1, 1, 1, 1, 1, 1, 1, 1, 0]",46.08,39.61,53.41,28.29,1626816.35
NPO,303.32,8,"[0, 1, 1, 1, 1, 1, 1, 1, 1, 0]",337.57,277.47,387.65,201.81,187066.45
PAYC,231.7,7,"[1, 1, 1, 1, 0, 1, 0, 0, 1, 1]",164.22,145.72,,,975785.35
SYRE,107.36,10,"[1, 1, 1, 1, 1, 1, 1, 1, 1, 1]",98.0,59.31,108.92,14.82,821616.75
SWX,89.08,7,"[0, 1, 1, 1, 1, 1, 0, 1, 1, 0]",90.14,85.66,92.72,74.91,437102.35
COMP,11.8,8,"[1, 1, 1, 1, 0, 1, 1, 1, 1, 0]",11.7,10.07,13.58,6.68,10809292.55
AROC,30.71,5,"[0, 0, 0, 1, 1, 1, 1, 0, 1, 0]",36.04,32.42,41.68,22.6,1849415.6
AXTI,67.45,9,"[1, 1, 1, 1, 1, 1, 1, 0, 1, 1]",67.06,52.62,140.83,2.77,13736478.65
RSI,26.05,8,"[0, 1, 1, 1, 1, 1, 1, 1, 1, 0]",29.34,23.2,34.52,15.89,2742143.9
RYTM,113.35,9,"[1, 1, 1, 1, 0, 1, 1, 1, 1, 1]",108.31,99.26,117.62,75.82,666537.85
HIMS,31.75,6,"[0, 1, 1, 1, 0, 0, 1, 0, 1, 1]",32.18,28.77,62.76,14.52,14262881.65
PTGX,150.59,10,"[1, 1, 1, 1, 1, 1, 1, 1, 1, 1]",135.92,103.49,158.62,56.19,515741.1
ACA,145.25,9,"[1, 1, 1, 1, 1, 1, 1, 1, 1, 0]",144.0,121.51,145.4,88.99,605383.3
FNB,18.37,7,"[0, 1, 1, 1, 1, 1, 0, 1, 1, 0]",18.92,17.53,19.49,14.33,3473194.95
FLY,22.26,4,"[0, 0, 0, 0, 1, 0, 1, 0, 1, 1]",24.55,27.47,58.81,16.78,3197964.6
CELC,92.27,5,"[0, 0, 0, 0, 1, 1, 1, 0, 1, 1]",93.97,105.73,144.98,45.22,826504.8
ENIC,4.57,10,"[1, 1, 1, 1, 1, 1, 1, 1, 1, 1]",4.46,4.14,4.66,3.35,524871.95
INGM,29.02,9,"[1, 1, 1, 1, 1, 1, 1, 1, 1, 0]",28.32,24.82,31.54,18.78,924726.9
LUNR,16.6,5,"[0, 0, 0, 0, 1, 1, 1, 0, 1, 1]",17.06,19.55,45.7,8.05,10989321.9
RGTI,16.94,3,"[0, 0, 0, 0, 0, 0, 1, 0, 1, 1]",17.26,19.85,56.34,12.9,19469524.8
CLF,11.52,6,"[1, 1, 1, 1, 0, 0, 1, 0, 1, 0]",11.03,11.36,16.18,7.82,18057676.6
CE,44.52,4,"[0, 0, 0, 0, 1, 1, 0, 0, 1, 1]",46.49,50.44,69.19,35.47,1883636.9
APGE,134.85,10,"[1, 1, 1, 1, 1, 1, 1, 1, 1, 1]",130.24,89.7,134.85,36.37,1271526.45
LSTR,178.48,7,"[0, 0, 1, 1, 1, 1, 1, 1, 1, 0]",196.85,168.76,224.86,117.83,547723.35
GVA,121.95,6,"[0, 0, 0, 1, 1, 1, 0, 1, 1, 1]",131.98,125.4,160.26,98.2,901021.35
VIST,68.39,10,"[1, 1, 1, 1, 1, 1, 1, 1, 1, 1]",66.41,61.85,79.25,33.7,971909.25
KGS,58.93,8,"[0, 0, 1, 1, 1, 1, 1, 1, 1, 1]",64.42,54.17,75.7,31.78,1737893.65
URBN,75.78,8,"[1, 1, 1, 1, 0, 1, 0, 1, 1, 1]",73.81,71.25,82.7,59.57,964411.95
PTCT,73.47,7,"[0, 1, 1, 1, 0, 1, 1, 1, 1, 0]",77.27,73.47,89.55,49.33,1135968.1
ETSY,84.43,9,"[1, 1, 1, 1, 1, 1, 1, 1, 1, 0]",80.16,63.04,87.03,44.05,3226307.25
LNTH,100.87,8,"[0, 1, 1, 1, 1, 1, 1, 1, 1, 0]",103.84,82.29,110.94,50.11,2155238.35
VNO,39.94,8,"[1, 1, 1, 1, 0, 1, 1, 1, 1, 0]",39.08,33.22,42.04,24.71,1443538.1
REZI,19.93,2,"[0, 0, 0, 0, 1, 0, 0, 0, 1, 0]",23.02,23.97,30.97,18.64,2854963.2
OUT,30.66,8,"[0, 1, 1, 1, 1, 1, 1, 1, 1, 0]",31.79,27.8,33.81,16.53,1951165.4
FLG,13.44,5,"[0, 0, 0, 1, 1, 1, 0, 1, 1, 0]",14.48,13.49,15.36,10.7,4117312.5
EAT,248.7,10,"[1, 1, 1, 1, 1, 1, 1, 1, 1, 1]",198.76,158.87,253.94,102.29,1085350.95
GXO,47.42,2,"[0, 0, 0, 0, 1, 0, 0, 0, 1, 0]",50.02,53.07,65.59,45.37,1696838.5
COGT,36.8,8,"[0, 1, 1, 1, 1, 1, 1, 1, 1, 0]",38.48,36.7,42.84,11.97,1831051.55
IBP,246.98,3,"[1, 0, 0, 0, 0, 0, 0, 0, 1, 1]",230.23,260.68,340.78,195.28,306469.65
VSNT,39.87,7,"[1, 1, 0, 1, 0, 0, 1, 1, 1, 1]",37.09,39.87,46.48,26.86,1757556.35
ABCB,85.54,7,"[0, 1, 1, 1, 1, 1, 0, 1, 1, 0]",88.81,81.95,93.17,68.89,322165.05
TFX,140.18,10,"[1, 1, 1, 1, 1, 1, 1, 1, 1, 1]",132.75,121.26,140.18,99.54,653642.65
IMVT,43.5,10,"[1, 1, 1, 1, 1, 1, 1, 1, 1, 1]",39.68,29.86,44.96,14.69,1139448.85
CGON,78.95,10,"[1, 1, 1, 1, 1, 1, 1, 1, 1, 1]",71.83,59.66,80.68,26.48,777421.65
USAR,19.41,6,"[1, 0, 1, 0, 1, 0, 1, 0, 1, 1]",18.42,19.16,38.68,11.9,13144818.0
ALKS,49.21,8,"[0, 1, 1, 1, 1, 1, 1, 1, 1, 0]",50.47,37.07,55.22,26.52,1546583.55
CENX,44.2,5,"[0, 0, 0, 0, 1, 1, 1, 0, 1, 1]",46.26,48.84,68.77,21.69,2289265.9
MSM,118.33,8,"[0, 1, 1, 1, 1, 1, 1, 1, 1, 0]",121.37,99.34,127.28,78.9,613000.55
SRRK,58.25,10,"[1, 1, 1, 1, 1, 1, 1, 1, 1, 1]",52.14,46.7,58.25,27.92,1086856.95
BLCO,17.25,7,"[1, 1, 1, 0, 0, 1, 0, 1, 1, 1]",16.43,16.48,18.6,14.32,378296.55
PIPR,74.74,2,"[0, 0, 0, 0, 0, 0, 0, 1, 1, 0]",75.82,80.13,92.51,69.79,503808.05
BKH,73.02,8,"[0, 1, 1, 1, 1, 1, 1, 1, 1, 0]",73.09,71.19,75.38,56.15,818372.4
KMX,64.22,10,"[1, 1, 1, 1, 1, 1, 1, 1, 1, 1]",56.12,45.12,64.22,30.88,2014466.0
MAC,24.26,8,"[0, 1, 1, 1, 1, 1, 1, 1, 1, 0]",25.02,20.83,26.51,15.8,3895586.3
CZR,29.66,8,"[0, 1, 1, 1, 1, 1, 1, 1, 1, 0]",29.83,26.09,30.41,18.14,3969730.5
PRIM,74.8,1,"[0, 0, 0, 0, 0, 0, 0, 0, 1, 0]",87.46,125.58,202.75,74.76,1222291.65
GLNG,52.04,10,"[1, 1, 1, 1, 1, 1, 1, 1, 1, 1]",50.12,46.32,56.8,34.8,1266111.3
OSCR,30.93,9,"[1, 1, 1, 1, 1, 1, 1, 1, 1, 0]",30.09,19.86,32.76,10.85,5889578.35
S,20.31,10,"[1, 1, 1, 1, 1, 1, 1, 1, 1, 1]",18.89,15.86,23.84,11.94,6421100.5
CORT,123.57,9,"[1, 1, 1, 1, 0, 1, 1, 1, 1, 1]",98.92,65.28,123.57,32.15,1147514.2
RUSHA,77.11,10,"[1, 1, 1, 1, 1, 1, 1, 1, 1, 1]",76.22,66.88,82.76,46.26,490765.4
HWC,74.66,8,"[0, 1, 1, 1, 1, 1, 1, 1, 1, 0]",75.79,67.81,79.78,53.34,718782.15
CACC,604.26,10,"[1, 1, 1, 1, 1, 1, 1, 1, 1, 1]",599.3,512.2,657.2,411.04,111981.15
ZGN,13.65,8,"[0, 1, 1, 1, 1, 1, 1, 1, 1, 0]",13.89,11.75,15.25,8.17,871527.15
MATX,222.82,10,"[1, 1, 1, 1, 1, 1, 1, 1, 1, 1]",207.18,166.37,223.14,87.23,279551.1
MCY,104.48,8,"[0, 1, 1, 1, 1, 1, 1, 1, 1, 0]",106.62,95.6,111.12,75.45,282482.5
ALM,18.93,9,"[1, 1, 1, 0, 1, 1, 1, 1, 1, 1]",15.24,14.51,23.42,4.14,7619387.85
BGC,11.8,9,"[1, 1, 1, 1, 1, 1, 1, 1, 1, 0]",11.29,10.12,12.63,8.24,2929395.8
AUB,40.52,8,"[0, 1, 1, 1, 1, 1, 1, 1, 1, 0]",41.54,37.42,43.01,30.43,814812.4
GTX,26.27,7,"[0, 1, 1, 1, 1, 1, 1, 0, 1, 0]",31.27,23.38,36.23,12.35,2394738.05
MRCY,87.74,5,"[0, 0, 0, 1, 1, 1, 1, 0, 1, 0]",106.28,90.07,126.21,66.12,803699.85
VSEC,217.65,10,"[1, 1, 1, 1, 1, 1, 1, 1, 1, 1]",214.5,196.04,243.48,154.64,391245.6
TEO,13.52,9,"[1, 1, 1, 1, 1, 1, 1, 1, 1, 0]",13.48,12.39,15.98,6.52,225109.7
LBRT,18.38,5,"[0, 0, 0, 0, 1, 1, 1, 0, 1, 1]",22.65,24.54,33.83,9.91,4217495.55
XENE,60.42,8,"[0, 1, 1, 1, 1, 1, 1, 1, 1, 0]",62.46,51.94,70.96,35.66,646405.6
SNDR,34.71,8,"[0, 1, 1, 1, 1, 1, 1, 1, 1, 0]",36.18,30.14,38.66,20.04,669169.2
KLIC,84.53,6,"[0, 0, 1, 1, 1, 1, 1, 0, 1, 0]",104.24,77.1,133.81,34.96,1014038.8
SEI,52.89,6,"[0, 0, 0, 1, 1, 1, 1, 0, 1, 1]",64.23,59.25,82.88,24.67,3117248.35
GOLF,86.21,4,"[0, 0, 0, 1, 1, 1, 0, 0, 1, 0]",103.67,93.9,118.53,73.29,447886.55
BEPC,33.39,3,"[0, 0, 0, 0, 0, 0, 0, 1, 1, 1]",34.86,38.33,43.52,32.05,1822939.45
VCTR,115.34,10,"[1, 1, 1, 1, 1, 1, 1, 1, 1, 1]",98.8,77.65,118.81,59.52,581511.6
BC,80.33,8,"[0, 1, 1, 1, 1, 1, 1, 1, 1, 0]",80.65,77.46,87.8,57.45,704674.7
MUR,34.62,6,"[0, 0, 1, 0, 1, 1, 1, 1, 1, 0]",35.31,34.46,41.94,23.02,1875253.15
MGY,26.44,7,"[1, 0, 1, 0, 1, 1, 0, 1, 1, 1]",25.91,26.02,31.94,20.84,3708930.15
CRSP,60.9,8,"[1, 1, 1, 1, 0, 0, 1, 1, 1, 1]",53.13,53.11,76.78,44.34,1558506.95
PACS,43.94,9,"[1, 1, 1, 1, 1, 1, 1, 1, 1, 0]",43.68,36.52,48.45,7.71,860901.75
HASI,39.64,10,"[1, 1, 1, 1, 1, 1, 1, 1, 1, 1]",38.99,36.54,42.83,26.3,972089.75
ATAT,35.65,5,"[1, 1, 0, 0, 0, 0, 0, 1, 1, 1]",33.32,36.33,42.21,31.03,987434.65
CRC,51.67,4,"[0, 0, 0, 0, 1, 1, 0, 0, 1, 1]",52.86,54.98,69.66,42.98,862036.4
LEGN,21.3,3,"[0, 0, 0, 1, 0, 0, 0, 0, 1, 1]",24.27,23.54,36.28,16.65,2436027.2
PRM,31.3,8,"[0, 1, 1, 1, 1, 1, 1, 1, 1, 0]",34.14,29.2,37.78,20.69,1713084.0
IFS,54.57,8,"[0, 1, 1, 1, 1, 1, 1, 1, 1, 0]",57.4,47.89,60.68,36.99,301750.95
CROX,122.89,8,"[0, 1, 1, 1, 1, 1, 1, 1, 1, 0]",129.44,101.57,141.19,73.39,1087751.75
CAR,145.13,3,"[0, 0, 0, 0, 1, 0, 1, 0, 1, 0]",155.86,157.69,713.97,87.69,377654.35
M,22.59,7,"[0, 1, 1, 1, 0, 1, 1, 1, 1, 0]",24.06,21.23,26.21,12.75,4958234.1
AVAL,5.54,10,"[1, 1, 1, 1, 1, 1, 1, 1, 1, 1]",5.17,4.52,5.72,3.07,162692.0
KNF,65.8,3,"[0, 0, 0, 0, 1, 1, 0, 0, 1, 0]",77.02,78.56,93.97,59.93,902305.45
DIOD,92.95,9,"[0, 1, 1, 1, 1, 1, 1, 1, 1, 1]",97.39,78.07,122.76,42.36,725469.7
SON,57.88,9,"[1, 1, 1, 1, 1, 1, 1, 1, 1, 0]",55.6,49.74,60.0,37.64,932134.35
WSC,21.27,5,"[0, 0, 0, 1, 1, 1, 1, 0, 1, 0]",25.82,22.15,29.07,14.84,3180419.65
RELY,26.22,10,"[1, 1, 1, 1, 1, 1, 1, 1, 1, 1]",23.58,18.16,26.67,12.2,3331689.0
SXT,136.84,10,"[1, 1, 1, 1, 1, 1, 1, 1, 1, 1]",122.57,104.57,137.45,82.4,318027.65
ALH,23.85,5,"[0, 0, 1, 1, 1, 0, 0, 1, 1, 0]",25.8,23.76,28.01,19.06,1819447.0
ACLS,125.4,8,"[0, 1, 1, 1, 1, 1, 1, 0, 1, 1]",145.67,115.42,191.6,74.12,372734.8
LB,85.94,10,"[1, 1, 1, 1, 1, 1, 1, 1, 1, 1]",75.49,67.08,89.71,44.06,371755.25
STVN,22.7,8,"[1, 1, 1, 1, 0, 0, 1, 1, 1, 1]",19.61,18.36,27.51,13.38,507164.3
BMA,77.77,5,"[0, 0, 0, 1, 0, 1, 1, 1, 1, 0]",88.74,82.78,101.13,37.79,324915.2
GBTG,9.47,9,"[1, 1, 1, 1, 0, 1, 1, 1, 1, 1]",9.42,7.7,9.51,4.97,1342097.35
TDS,33.82,2,"[0, 0, 0, 0, 1, 0, 0, 0, 1, 0]",35.28,40.53,47.5,32.98,1197173.45
NOVT,139.65,7,"[0, 0, 1, 1, 1, 1, 1, 1, 1, 0]",152.76,136.04,168.75,99.22,438009.25
MARA,11.83,6,"[0, 1, 1, 1, 0, 0, 1, 0, 1, 1]",11.97,11.04,22.84,6.73,47771850.1
ACHR,5.96,4,"[1, 0, 0, 0, 0, 0, 1, 0, 1, 1]",5.33,6.55,13.64,4.44,41110636.45
PSMT,177.21,8,"[0, 1, 1, 1, 1, 1, 1, 1, 1, 0]",185.08,154.86,197.13,106.36,249671.8
SYNA,94.87,5,"[0, 0, 0, 1, 1, 1, 1, 0, 1, 0]",115.98,94.99,147.57,58.52,679751.15
OPEN,3.6,1,"[0, 0, 0, 0, 0, 0, 0, 0, 1, 0]",4.15,5.25,10.52,3.36,43801363.05
PBF,66.51,10,"[1, 1, 1, 1, 1, 1, 1, 1, 1, 1]",58.41,42.49,75.2,24.2,3206877.15
INDV,35.97,8,"[0, 1, 1, 1, 1, 1, 1, 1, 1, 0]",39.47,35.45,41.83,22.51,2570416.45
ENPH,37.35,5,"[0, 0, 0, 0, 1, 1, 1, 0, 1, 1]",42.41,40.47,72.33,26.12,4413231.95
KC,10.51,4,"[1, 0, 0, 0, 1, 0, 0, 0, 1, 1]",10.48,12.55,18.21,8.58,1779806.65
MIAX,44.34,7,"[1, 1, 1, 0, 0, 1, 1, 1, 1, 0]",42.06,43.52,56.84,33.9,1242361.5
TGS,28.41,5,"[0, 0, 0, 0, 1, 1, 1, 1, 1, 0]",29.8,30.58,35.32,20.12,218076.85
DNTH,112.11,10,"[1, 1, 1, 1, 1, 1, 1, 1, 1, 1]",101.65,73.18,115.96,23.57,734900.55
SPHR,159.85,10,"[1, 1, 1, 1, 1, 1, 1, 1, 1, 1]",154.33,120.93,176.38,43.0,835062.4
MDU,19.98,4,"[0, 0, 0, 0, 1, 1, 0, 1, 1, 0]",20.77,20.65,22.65,15.53,1532606.5
EBC,22.36,8,"[0, 1, 1, 1, 1, 1, 1, 1, 1, 0]",22.51,20.19,23.65,16.19,2151903.0
HRB,53.19,8,"[1, 1, 1, 1, 0, 0, 1, 1, 1, 1]",43.12,38.0,54.18,27.66,2687621.05
NAVN,29.29,9,"[1, 1, 1, 1, 1, 0, 1, 1, 1, 1]",25.83,17.51,29.71,8.51,2098035.85
AIR,135.36,8,"[0, 1, 1, 1, 1, 1, 1, 1, 1, 0]",138.43,112.17,153.71,73.92,399107.55
VSH,31.31,6,"[0, 0, 1, 1, 1, 1, 1, 0, 1, 0]",42.06,28.11,64.9,11.65,4364320.45
PI,166.22,7,"[1, 1, 1, 1, 0, 0, 1, 0, 1, 1]",148.36,141.45,241.91,91.34,502046.35
MEOH,57.08,9,"[1, 1, 1, 0, 1, 1, 1, 1, 1, 1]",53.14,51.03,65.5,33.49,781652.1
NTSK,13.5,7,"[1, 1, 1, 1, 0, 0, 1, 0, 1, 1]",12.57,13.29,25.79,7.73,4007163.9
QS,5.82,2,"[0, 0, 0, 0, 0, 0, 0, 0, 1, 1]",6.29,8.38,18.44,4.89,18140668.3
CVLT,131.16,6,"[0, 1, 1, 1, 0, 0, 1, 0, 1, 1]",138.26,113.12,195.41,75.18,590083.9
CSTM,27.08,6,"[0, 0, 1, 1, 1, 1, 1, 0, 1, 0]",29.8,26.15,36.15,13.73,1537836.2
LAUR,38.36,10,"[1, 1, 1, 1, 1, 1, 1, 1, 1, 1]",37.57,34.31,40.46,27.16,948933.65
PAM,79.76,4,"[0, 0, 0, 0, 0, 1, 1, 1, 1, 0]",83.0,84.15,92.27,56.55,175094.85
PAGP,27.16,10,"[1, 1, 1, 1, 1, 1, 1, 1, 1, 1]",24.98,21.97,27.27,15.63,1737275.15
CVSA,136.38,9,"[1, 1, 1, 1, 1, 0, 1, 1, 1, 1]",125.93,113.09,154.45,89.36,357861.3
ATMU,49.64,4,"[0, 0, 0, 0, 1, 1, 0, 1, 1, 0]",51.35,54.45,65.5,42.65,700442.85
FTDR,83.53,10,"[1, 1, 1, 1, 1, 1, 1, 1, 1, 1]",77.18,63.53,90.83,49.1,553332.5
MMYT,60.43,7,"[1, 1, 1, 1, 0, 0, 1, 0, 1, 1]",55.86,57.8,103.17,36.3,618518.5
INSW,99.05,10,"[1, 1, 1, 1, 1, 1, 1, 1, 1, 1]",89.67,68.67,99.95,39.01,496970.35
HCC,105.29,9,"[1, 1, 1, 0, 1, 1, 1, 1, 1, 1]",87.11,87.92,110.18,54.95,651225.45
NAMS,27.34,1,"[0, 0, 0, 0, 0, 0, 0, 0, 1, 0]",30.45,33.05,41.45,23.95,1155997.5
KNSA,80.2,10,"[1, 1, 1, 1, 1, 1, 1, 1, 1, 1]",68.15,51.32,80.92,33.49,555847.45
SHC,19.51,9,"[1, 1, 1, 1, 0, 1, 1, 1, 1, 1]",17.86,16.68,19.57,13.13,2935078.05
TBBB,50.91,10,"[1, 1, 1, 1, 1, 1, 1, 1, 1, 1]",42.78,36.95,50.91,24.12,822773.6
HRI,156.09,9,"[1, 1, 1, 1, 0, 1, 1, 1, 1, 1]",154.33,140.15,179.36,90.58,400639.45
NWE,70.88,9,"[1, 1, 1, 1, 1, 1, 1, 1, 1, 0]",70.56,67.54,72.73,53.43,374181.55
FLNC,11.24,2,"[0, 0, 0, 0, 0, 0, 1, 0, 1, 0]",15.75,18.4,32.23,6.75,8126079.5
LGND,281.72,8,"[0, 1, 1, 1, 1, 1, 1, 1, 1, 0]",295.23,229.16,322.61,159.1,250110.2
IPGP,71.73,2,"[0, 0, 0, 0, 1, 0, 0, 0, 1, 0]",96.72,101.7,153.91,70.74,558882.8
CBT,83.64,8,"[0, 1, 1, 1, 1, 1, 1, 1, 1, 0]",88.0,76.24,93.4,57.64,486978.3
GTLB,41.66,8,"[1, 1, 1, 1, 0, 0, 1, 1, 1, 1]",34.21,31.53,51.04,19.42,4189886.45
BCO,111.0,4,"[1, 0, 0, 0, 0, 1, 0, 1, 1, 0]",109.29,112.33,134.96,91.97,472481.9
HAFN,8.19,10,"[1, 1, 1, 1, 1, 1, 1, 1, 1, 1]",7.45,6.81,9.11,4.79,1043066.95
WIX,86.06,6,"[1, 1, 1, 0, 0, 0, 1, 0, 1, 1]",57.03,77.08,184.24,40.43,1871379.25
AZZ,138.51,7,"[0, 0, 1, 1, 1, 1, 1, 1, 1, 0]",149.33,131.03,159.9,97.18,224800.85
ONDS,8.24,6,"[1, 0, 0, 0, 1, 1, 1, 0, 1, 1]",8.18,9.45,14.01,4.97,73273290.5
UNF,288.06,9,"[1, 1, 1, 1, 1, 1, 1, 1, 1, 0]",281.29,239.82,301.19,149.3,146421.35
IRDM,47.1,9,"[0, 1, 1, 1, 1, 1, 1, 1, 1, 1]",48.08,32.73,55.72,15.57,1054494.0
STNG,77.2,9,"[1, 1, 1, 1, 1, 1, 1, 1, 1, 0]",76.79,69.68,85.61,48.18,808763.7
TCBI,98.59,6,"[0, 0, 1, 1, 1, 1, 0, 1, 1, 0]",101.19,97.65,107.74,76.93,393183.7
TPC,87.33,10,"[1, 1, 1, 1, 1, 1, 1, 1, 1, 1]",84.28,77.35,99.01,58.56,538186.15
ENVA,243.39,9,"[1, 1, 1, 1, 1, 1, 1, 1, 1, 0]",237.71,173.27,265.45,104.01,291611.65
PLUG,2.27,4,"[0, 0, 0, 0, 1, 0, 1, 0, 1, 1]",2.33,2.49,4.14,1.41,64184040.0
HNGE,89.87,10,"[1, 1, 1, 1, 1, 1, 1, 1, 1, 1]",81.96,54.86,91.57,31.17,1787318.5
WHD,67.17,10,"[1, 1, 1, 1, 1, 1, 1, 1, 1, 1]",59.43,53.4,73.73,33.12,822299.45
PTEN,11.52,10,"[1, 1, 1, 1, 1, 1, 1, 1, 1, 1]",10.23,9.13,12.74,5.0,7933084.5
SMR,9.81,3,"[1, 0, 0, 0, 0, 0, 0, 0, 1, 1]",9.29,13.69,53.43,7.59,33121981.4
CMBT,18.17,10,"[1, 1, 1, 1, 1, 1, 1, 1, 1, 1]",15.8,12.89,18.17,7.49,911410.85
CNO,54.19,10,"[1, 1, 1, 1, 1, 1, 1, 1, 1, 1]",53.22,45.28,55.68,38.03,687487.8
BETA,22.11,7,"[1, 1, 1, 1, 0, 0, 1, 0, 1, 1]",19.63,21.04,36.8,13.59,2073354.0
CNR,96.98,9,"[1, 1, 1, 0, 1, 1, 1, 1, 1, 1]",85.65,89.17,113.11,70.51,566000.85
BLLN,100.07,5,"[0, 1, 1, 1, 0, 0, 1, 0, 1, 0]",115.19,95.37,149.97,64.03,846801.45
ZETA,27.88,10,"[1, 1, 1, 1, 1, 1, 1, 1, 1, 1]",22.96,19.63,29.62,14.55,9217057.55
NVTS,12.44,5,"[0, 0, 0, 1, 1, 0, 1, 0, 1, 1]",14.52,12.78,31.79,5.54,13981607.0
FHI,65.39,10,"[1, 1, 1, 1, 1, 1, 1, 1, 1, 1]",59.9,55.11,65.39,46.07,566383.05
COLD,15.49,10,"[1, 1, 1, 1, 1, 1, 1, 1, 1, 1]",14.98,12.92,16.25,9.61,3487057.2
LMND,54.42,1,"[0, 0, 0, 0, 0, 0, 0, 0, 1, 0]",59.58,65.24,96.57,47.38,1536431.95
AMRX,17.92,9,"[1, 1, 1, 1, 1, 1, 1, 1, 1, 0]",17.57,14.13,19.1,9.36,1842717.8
LPL,3.38,2,"[0, 0, 0, 0, 0, 0, 0, 0, 1, 1]",3.55,4.19,5.76,2.79,2947968.15
TREX,46.84,8,"[1, 1, 1, 1, 1, 0, 1, 0, 1, 1]",46.69,40.62,64.6,30.13,2012214.7
DOO,61.57,2,"[0, 0, 0, 0, 0, 0, 0, 1, 1, 0]",61.85,66.14,81.22,50.79,209635.95
MTRN,232.5,9,"[0, 1, 1, 1, 1, 1, 1, 1, 1, 1]",256.1,181.27,297.21,108.26,389648.15
XMTR,87.78,9,"[0, 1, 1, 1, 1, 1, 1, 1, 1, 1]",91.25,67.57,104.85,36.1,614712.75
NP,34.43,10,"[1, 1, 1, 1, 1, 1, 1, 1, 1, 1]",31.36,26.69,35.11,17.14,612704.75
LASR,43.3,4,"[0, 0, 0, 0, 1, 1, 1, 0, 1, 0]",63.0,56.93,84.95,28.04,1484309.0
CAAP,24.82,5,"[0, 0, 0, 0, 1, 1, 1, 1, 1, 0]",25.29,25.79,30.35,17.49,214566.5
TNL,73.67,7,"[0, 1, 1, 1, 1, 1, 0, 1, 1, 0]",75.03,70.49,78.45,56.68,708725.1
PVH,74.52,5,"[0, 0, 0, 1, 1, 1, 0, 1, 1, 0]",79.82,76.66,98.77,60.85,869928.65
LBTYA,10.79,5,"[1, 0, 0, 0, 1, 0, 0, 1, 1, 1]",10.75,11.42,13.03,9.69,2293877.35
CRGY,13.45,9,"[1, 1, 1, 0, 1, 1, 1, 1, 1, 1]",10.98,10.68,14.06,7.53,5694086.65
COCO,63.57,8,"[0, 1, 1, 1, 1, 1, 1, 1, 1, 0]",70.36,60.39,84.02,33.52,861640.85
POWI,54.63,5,"[0, 0, 0, 1, 1, 1, 1, 0, 1, 0]",68.66,55.53,87.35,30.52,644877.7
LEU,193.39,4,"[1, 0, 0, 0, 0, 0, 1, 0, 1, 1]",174.06,214.34,436.0,146.61,580528.0
ANDG,52.21,7,"[1, 1, 0, 1, 0, 0, 1, 1, 1, 1]",43.57,52.21,52.21,18.34,567230.25
KTB,80.01,8,"[0, 1, 1, 1, 1, 1, 1, 1, 1, 0]",82.47,71.39,88.17,56.63,737908.75
MRX,70.85,10,"[1, 1, 1, 1, 1, 1, 1, 1, 1, 1]",65.32,48.65,72.83,27.85,656427.05
ARIS,21.18,9,"[1, 1, 1, 0, 1, 1, 1, 1, 1, 1]",15.97,17.08,22.68,7.95,1726679.45
DLO,15.53,8,"[1, 1, 1, 1, 0, 0, 1, 1, 1, 1]",14.23,13.22,15.57,10.83,2575502.15
GFF,101.38,10,"[1, 1, 1, 1, 1, 1, 1, 1, 1, 1]",95.23,84.17,107.22,66.26,362307.35
TDW,92.32,10,"[1, 1, 1, 1, 1, 1, 1, 1, 1, 1]",77.68,71.86,96.49,47.29,674997.45
OPLN,34.31,8,"[0, 1, 1, 1, 1, 1, 1, 1, 1, 0]",38.58,32.28,42.9,24.49,1566000.65
KAI,302.84,4,"[0, 0, 0, 0, 1, 1, 0, 1, 1, 0]",312.42,308.26,346.52,246.63,131643.2
BBWI,17.58,3,"[0, 0, 0, 1, 1, 0, 0, 0, 1, 0]",20.16,19.74,30.54,14.41,5825971.0
TVTX,67.01,10,"[1, 1, 1, 1, 1, 1, 1, 1, 1, 1]",58.52,41.14,67.01,17.44,1721546.55
CRNX,84.86,10,"[1, 1, 1, 1, 1, 1, 1, 1, 1, 1]",70.88,49.58,84.86,30.4,2389892.05
LIVN,79.41,8,"[0, 1, 1, 1, 1, 1, 1, 1, 1, 0]",80.46,68.68,85.32,49.57,715825.9
NVST,27.47,10,"[1, 1, 1, 1, 1, 1, 1, 1, 1, 1]",26.92,24.99,30.26,18.95,3281087.65
ACMR,79.77,8,"[0, 1, 1, 1, 1, 1, 1, 0, 1, 1]",90.1,61.58,126.89,26.83,1006423.0
UCTT,73.32,6,"[0, 0, 1, 1, 1, 1, 1, 0, 1, 0]",96.81,65.37,142.59,21.65,1311836.5
HGV,44.91,5,"[0, 0, 0, 1, 1, 1, 0, 1, 1, 0]",48.93,45.94,54.69,36.99,1217612.35
PII,63.56,5,"[0, 0, 0, 1, 0, 1, 1, 1, 1, 0]",69.2,64.3,74.7,47.42,808745.45
SKE,35.06,9,"[1, 1, 1, 0, 1, 1, 1, 1, 1, 1]",28.96,28.42,38.12,15.54,592143.0
EE,39.65,10,"[1, 1, 1, 1, 1, 1, 1, 1, 1, 1]",37.62,34.11,42.6,22.79,376708.8
ORKA,101.82,10,"[1, 1, 1, 1, 1, 1, 1, 1, 1, 1]",92.75,55.57,113.08,14.8,844265.55
RNG,65.61,10,"[1, 1, 1, 1, 1, 1, 1, 1, 1, 1]",49.19,37.96,67.78,24.69,1755625.45
CATY,61.89,8,"[0, 1, 1, 1, 1, 1, 1, 1, 1, 0]",62.41,54.12,64.93,44.23,377354.9
ACAD,30.57,9,"[1, 1, 1, 1, 0, 1, 1, 1, 1, 1]",26.21,24.24,30.57,20.06,1834831.15
DAN,30.16,8,"[1, 0, 1, 0, 1, 1, 1, 1, 1, 1]",28.08,29.58,38.62,17.84,1491960.6
EWTX,44.21,10,"[1, 1, 1, 1, 1, 1, 1, 1, 1, 1]",41.4,32.07,48.35,13.7,1366090.5
TAC,12.25,2,"[0, 0, 0, 1, 0, 0, 0, 0, 1, 0]",13.24,13.21,17.66,11.78,1720910.85
SOUN,7.05,3,"[1, 0, 0, 0, 0, 0, 0, 0, 1, 1]",6.72,8.59,21.4,5.7,31992609.25
JOE,69.51,9,"[1, 1, 1, 0, 1, 1, 1, 1, 1, 1]",64.13,64.26,72.27,46.43,202811.65
HP,42.08,10,"[1, 1, 1, 1, 1, 1, 1, 1, 1, 1]",36.07,34.09,44.47,18.41,1297788.9
INDB,83.19,8,"[0, 1, 1, 1, 1, 1, 1, 1, 1, 0]",84.12,77.98,87.17,62.86,315380.2
FG,23.04,2,"[0, 0, 0, 1, 0, 0, 0, 0, 1, 0]",27.98,27.72,34.14,20.28,614378.0
BB,7.79,7,"[0, 1, 1, 1, 1, 1, 1, 0, 1, 0]",9.41,5.85,12.81,3.15,10496037.5
PPTA,27.02,7,"[1, 1, 1, 0, 1, 0, 1, 0, 1, 1]",21.56,26.48,37.22,16.71,1318226.35
LRN,85.59,5,"[1, 0, 1, 0, 1, 0, 1, 0, 1, 0]",85.5,82.25,169.81,61.02,1177642.15
BULL,8.94,7,"[1, 1, 1, 1, 0, 0, 1, 0, 1, 1]",7.46,7.17,15.55,4.63,14592714.55
BELFB,250.09,7,"[0, 0, 1, 1, 1, 1, 1, 1, 1, 0]",280.83,231.54,332.96,134.24,224824.75
WSFS,78.58,8,"[0, 1, 1, 1, 1, 1, 1, 1, 1, 0]",78.68,67.29,82.09,49.8,337880.65
LQDA,70.49,8,"[0, 1, 1, 1, 1, 1, 1, 1, 1, 0]",79.1,49.69,91.03,21.8,1606186.65
ALHC,13.59,1,"[0, 0, 0, 0, 0, 0, 0, 0, 1, 0]",18.47,18.99,24.56,12.78,5818035.15
AAUC,23.79,6,"[1, 0, 0, 0, 1, 1, 1, 0, 1, 1]",22.36,26.07,32.01,13.85,1061209.45
CGAU,24.18,10,"[1, 1, 1, 1, 1, 1, 1, 1, 1, 1]",17.99,16.88,24.18,7.74,1766970.45
OII,49.91,10,"[1, 1, 1, 1, 1, 1, 1, 1, 1, 1]",45.05,35.41,54.11,22.2,872023.5
VKTX,34.17,7,"[0, 1, 1, 1, 0, 0, 1, 1, 1, 1]",35.28,33.7,42.13,23.09,1881695.4
CLSK,12.75,6,"[0, 1, 1, 1, 1, 0, 1, 0, 1, 0]",13.84,12.58,23.2,8.18,21828984.55
SII,137.67,9,"[1, 1, 1, 0, 1, 1, 1, 1, 1, 1]",113.62,120.15,165.32,64.22,234394.25
VECO,47.59,8,"[0, 1, 1, 1, 1, 1, 1, 0, 1, 1]",57.53,43.28,83.04,23.59,784315.1
RUM,10.23,10,"[1, 1, 1, 1, 1, 1, 1, 1, 1, 1]",6.72,6.5,10.23,4.67,4135176.55
WRBY,26.0,8,"[0, 1, 1, 1, 1, 1, 1, 1, 1, 0]",26.91,24.54,30.34,16.49,2669346.7
TLX,11.69,10,"[1, 1, 1, 1, 1, 1, 1, 1, 1, 1]",10.99,9.38,12.54,6.41,125321.55
RXO,21.59,7,"[0, 1, 1, 1, 1, 1, 1, 0, 1, 0]",24.84,18.55,29.3,10.48,1945485.7
BTE,4.61,9,"[1, 1, 1, 0, 1, 1, 1, 1, 1, 1]",4.24,3.96,5.3,2.11,14577767.7
LION,11.78,7,"[0, 1, 1, 1, 1, 1, 1, 0, 1, 0]",13.54,10.82,16.4,5.91,2681530.75
TWST,151.42,10,"[1, 1, 1, 1, 1, 1, 1, 1, 1, 1]",102.8,60.45,151.42,24.16,1837163.05
FIBK,37.06,8,"[0, 1, 1, 1, 1, 1, 1, 1, 1, 0]",37.87,34.94,39.73,27.83,1008846.85
BFH,107.63,9,"[1, 1, 1, 1, 1, 1, 1, 1, 1, 0]",104.99,83.87,113.4,53.59,440605.2
BHF,51.87,3,"[0, 0, 0, 0, 0, 1, 0, 1, 1, 0]",61.8,62.72,66.61,43.36,1098346.6
SLG,59.83,9,"[1, 1, 1, 1, 0, 1, 1, 1, 1, 1]",52.91,44.93,62.85,34.32,852205.3
HYMC,26.08,6,"[1, 0, 0, 0, 1, 1, 1, 0, 1, 1]",23.26,29.29,55.74,4.09,1843106.2
OGN,13.75,10,"[1, 1, 1, 1, 1, 1, 1, 1, 1, 1]",13.54,10.0,13.75,5.68,2683726.8
SIG,84.6,3,"[0, 0, 0, 1, 0, 0, 0, 1, 1, 0]",88.61,88.89,105.18,73.65,625944.3
GNW,9.86,8,"[1, 1, 1, 1, 1, 1, 0, 1, 1, 0]",9.68,8.92,10.16,7.94,2515067.3
HWKN,118.41,2,"[0, 0, 0, 0, 1, 0, 0, 0, 1, 0]",138.78,145.08,182.56,117.75,148918.95
CTRI,20.79,3,"[0, 0, 0, 0, 1, 1, 0, 0, 1, 0]",26.44,28.31,41.8,19.37,2255816.4
RUN,9.19,1,"[0, 0, 0, 0, 0, 0, 0, 0, 1, 0]",11.3,14.9,21.41,8.92,9119318.1
ASO,43.47,2,"[0, 0, 0, 0, 1, 0, 0, 0, 1, 0]",47.92,52.2,60.83,41.39,1444660.25
HSAI,18.3,3,"[1, 0, 0, 0, 0, 0, 0, 0, 1, 1]",16.9,21.22,29.8,14.6,1745227.25
ATS,19.65,2,"[0, 0, 0, 0, 1, 0, 0, 0, 1, 0]",25.41,28.59,35.38,19.23,280616.3
CC,15.77,4,"[0, 0, 0, 0, 1, 1, 1, 0, 1, 0]",17.74,17.83,27.68,10.33,2948951.25
BKU,46.32,7,"[0, 0, 1, 1, 1, 1, 1, 1, 1, 0]",47.58,45.8,50.23,34.64,564746.1
TRMD,31.47,10,"[1, 1, 1, 1, 1, 1, 1, 1, 1, 1]",29.32,26.28,34.08,18.06,470953.05
SUNC,75.83,9,"[1, 1, 1, 1, 1, 0, 1, 1, 1, 1]",71.25,60.05,77.93,45.83,539121.2
MANU,23.87,10,"[1, 1, 1, 1, 1, 1, 1, 1, 1, 1]",22.64,18.74,24.19,15.1,302901.85
AAP,43.64,4,"[0, 0, 0, 1, 1, 1, 0, 0, 1, 0]",55.79,52.19,62.91,38.18,2388786.55
AVNT,44.62,10,"[1, 1, 1, 1, 1, 1, 1, 1, 1, 1]",39.14,35.69,46.34,26.82,922398.95
CVI,37.89,9,"[1, 1, 1, 1, 1, 0, 1, 1, 1, 1]",32.37,30.29,39.76,20.59,996182.05
SA,35.03,9,"[1, 1, 1, 0, 1, 1, 1, 1, 1, 1]",28.17,29.8,39.35,16.5,877145.5
AMBA,70.78,6,"[0, 1, 1, 1, 0, 0, 1, 0, 1, 1]",73.89,70.05,95.51,48.65,1638149.6
APLE,16.74,10,"[1, 1, 1, 1, 1, 1, 1, 1, 1, 1]",16.43,13.28,16.99,10.58,2968708.9
CHEF,111.78,10,"[1, 1, 1, 1, 1, 1, 1, 1, 1, 1]",101.61,75.38,115.35,54.6,711765.0
BEAM,31.03,10,"[1, 1, 1, 1, 1, 1, 1, 1, 1, 1]",29.92,28.23,37.92,16.31,1677905.5
CWK,14.85,7,"[1, 1, 1, 1, 0, 0, 0, 1, 1, 1]",13.63,14.23,17.2,11.8,1794691.1
TNGX,24.77,8,"[0, 1, 1, 1, 1, 1, 1, 1, 1, 0]",28.19,18.98,32.9,6.36,2085126.0
EFXT,19.72,5,"[0, 0, 0, 1, 1, 1, 1, 0, 1, 0]",22.73,20.58,28.32,9.73,800211.1
DAVE,349.47,8,"[0, 1, 1, 1, 1, 1, 1, 1, 1, 0]",368.62,254.13,442.53,155.92,454966.3
FSM,12.45,9,"[1, 1, 1, 0, 1, 1, 1, 1, 1, 1]",9.31,9.91,13.66,7.45,5979362.95
VRNS,40.82,5,"[0, 1, 1, 1, 0, 0, 1, 0, 1, 0]",42.26,32.18,63.31,20.19,1539353.75
NATL,46.4,9,"[1, 1, 1, 1, 1, 1, 1, 1, 1, 0]",45.78,42.46,48.13,34.13,682227.2
ADEA,27.13,9,"[0, 1, 1, 1, 1, 1, 1, 1, 1, 1]",28.5,23.24,33.5,11.62,1081136.15
BTDR,11.29,4,"[0, 0, 0, 1, 0, 0, 1, 0, 1, 1]",12.58,12.16,25.9,7.28,16814123.5
BATRK,52.97,10,"[1, 1, 1, 1, 1, 1, 1, 1, 1, 1]",51.5,45.37,53.58,38.04,631922.75
SEZL,124.08,7,"[0, 1, 1, 1, 1, 1, 1, 0, 1, 0]",155.26,95.56,188.55,50.97,834855.05
BBAR,14.8,5,"[0, 0, 0, 1, 1, 1, 1, 0, 1, 0]",18.49,16.75,21.73,7.82,742177.1
PARR,73.82,9,"[1, 1, 1, 1, 1, 1, 1, 1, 1, 0]",69.85,54.54,86.03,32.25,1065685.9
VCYT,44.04,6,"[0, 1, 1, 1, 0, 1, 1, 0, 1, 0]",52.22,42.54,60.49,28.61,1477325.8
COLM,58.94,6,"[0, 0, 1, 1, 1, 1, 0, 1, 1, 0]",61.35,58.3,67.45,47.94,788902.45
FFBC,32.66,8,"[0, 1, 1, 1, 1, 1, 1, 1, 1, 0]",33.78,29.15,36.18,22.64,674551.3
FSLY,23.0,9,"[1, 1, 1, 1, 1, 1, 1, 0, 1, 1]",21.42,18.22,33.5,7.27,6756845.4
ZIM,28.08,10,"[1, 1, 1, 1, 1, 1, 1, 1, 1, 1]",25.56,23.83,28.81,12.03,2214835.8
RCUS,31.57,10,"[1, 1, 1, 1, 1, 1, 1, 1, 1, 1]",28.62,24.21,31.57,10.38,1182208.1
CALY,15.47,7,"[0, 0, 1, 1, 1, 1, 1, 1, 1, 0]",17.89,14.77,19.66,8.39,1952205.25
BOH,76.16,7,"[0, 0, 1, 1, 1, 1, 1, 1, 1, 0]",80.8,74.79,85.85,58.13,316768.55
UNFI,47.6,8,"[0, 1, 1, 1, 1, 1, 1, 1, 1, 0]",48.58,43.13,55.52,27.52,467692.2
SXI,304.73,9,"[0, 1, 1, 1, 1, 1, 1, 1, 1, 1]",315.87,268.16,357.31,197.88,132051.4
PLAB,29.32,5,"[0, 0, 0, 0, 1, 1, 1, 0, 1, 1]",30.85,35.27,54.96,20.28,881234.55
ERAS,17.76,8,"[0, 1, 1, 1, 1, 1, 1, 1, 1, 0]",17.81,12.24,22.47,1.43,2962459.1
EXTR,22.63,7,"[0, 1, 1, 1, 1, 1, 1, 0, 1, 0]",28.82,20.78,33.71,13.74,1793000.15
YETI,42.58,6,"[0, 0, 0, 1, 1, 1, 1, 1, 1, 0]",48.88,44.24,52.68,32.11,1891129.95
CARG,36.45,9,"[1, 1, 1, 1, 0, 1, 1, 1, 1, 1]",34.79,33.95,39.03,26.96,907999.75
MPT,4.11,1,"[0, 0, 0, 0, 0, 0, 0, 0, 1, 0]",4.52,4.87,5.8,4.02,7978669.85
DNLI,24.93,10,"[1, 1, 1, 1, 1, 1, 1, 1, 1, 1]",24.45,20.56,27.21,12.75,1291419.45
BKD,12.2,5,"[0, 0, 0, 1, 1, 1, 1, 0, 1, 0]",14.21,13.25,16.77,7.36,5311875.95
CON,34.78,10,"[1, 1, 1, 1, 1, 1, 1, 1, 1, 1]",31.71,24.49,35.47,18.52,959129.05
ETOR,30.91,2,"[0, 0, 0, 1, 0, 0, 0, 0, 1, 0]",36.01,35.2,46.9,24.76,1526987.55
LXP,61.02,10,"[1, 1, 1, 1, 1, 1, 1, 1, 1, 1]",57.95,50.66,61.15,41.85,661396.65
MSGE,80.63,10,"[1, 1, 1, 1, 1, 1, 1, 1, 1, 1]",77.82,64.01,88.42,39.41,351392.75
BWLP,24.8,10,"[1, 1, 1, 1, 1, 1, 1, 1, 1, 1]",20.8,16.88,24.8,11.16,313579.4
KYIV,13.88,8,"[0, 1, 1, 1, 0, 1, 1, 1, 1, 1]",14.12,12.93,16.17,9.33,373325.15
BHE,71.86,6,"[0, 0, 1, 1, 1, 1, 1, 0, 1, 0]",83.46,65.24,98.67,35.65,352516.15
CAKE,113.49,10,"[1, 1, 1, 1, 1, 1, 1, 1, 1, 1]",91.57,65.63,117.29,42.61,2094526.05
HG,35.04,9,"[1, 1, 1, 1, 1, 1, 1, 1, 1, 0]",34.52,29.76,37.28,21.72,380047.85
DHT,19.17,10,"[1, 1, 1, 1, 1, 1, 1, 1, 1, 1]",17.38,14.99,19.99,9.88,3308168.4
AEHR,95.59,9,"[1, 1, 1, 1, 1, 1, 1, 0, 1, 1]",94.77,60.33,145.61,19.4,2462964.6
OLN,17.37,2,"[0, 0, 0, 0, 1, 0, 0, 0, 1, 0]",20.63,23.19,29.93,17.37,3234418.75
SBLK,31.11,10,"[1, 1, 1, 1, 1, 1, 1, 1, 1, 1]",26.6,22.87,31.11,15.65,1543960.9
VC,103.58,6,"[0, 1, 1, 1, 1, 0, 0, 1, 1, 0]",106.12,102.05,127.5,84.18,392708.8
TTAM,15.37,5,"[0, 0, 0, 1, 1, 1, 0, 1, 1, 0]",16.87,16.52,19.32,14.13,289876.25
BKV,24.04,4,"[0, 0, 0, 0, 1, 1, 0, 0, 1, 1]",25.45,27.48,32.16,20.24,1059980.05
HIMX,13.67,8,"[0, 1, 1, 1, 1, 1, 1, 0, 1, 1]",14.32,11.38,23.77,6.81,1467006.0
BANC,18.59,5,"[0, 0, 0, 1, 1, 1, 0, 1, 1, 0]",20.05,19.0,21.83,15.28,3173420.55
SBCF,34.0,9,"[1, 1, 1, 1, 1, 1, 0, 1, 1, 1]",33.65,31.91,36.13,28.28,949037.4
KN,33.64,8,"[0, 1, 1, 1, 1, 1, 1, 1, 1, 0]",37.69,29.89,42.8,20.67,838686.6
ALMS,23.96,7,"[0, 0, 1, 1, 1, 1, 1, 1, 1, 0]",26.47,21.74,30.3,3.95,899637.45
SDRL,47.09,9,"[1, 1, 1, 0, 1, 1, 1, 1, 1, 1]",42.69,41.36,54.8,28.4,668167.35
CRVL,70.14,8,"[1, 1, 1, 1, 0, 0, 1, 1, 1, 1]",62.65,61.57,90.34,46.0,181026.5
ITGR,125.39,10,"[1, 1, 1, 1, 1, 1, 1, 1, 1, 1]",105.44,88.55,126.07,63.32,1748132.65
SUPN,45.36,3,"[0, 0, 0, 0, 1, 0, 0, 1, 1, 0]",46.7,48.56,57.0,43.25,1045897.75
XXI,6.51,5,"[1, 1, 0, 0, 0, 0, 1, 0, 1, 1]",5.17,7.81,24.61,4.27,1502848.35
LFST,12.28,10,"[1, 1, 1, 1, 1, 1, 1, 1, 1, 1]",10.93,7.99,12.83,4.81,4298745.15
TDC,27.37,5,"[0, 0, 0, 1, 1, 1, 1, 0, 1, 0]",30.63,29.78,37.88,20.42,3101724.5
NMRK,16.0,6,"[1, 1, 1, 1, 0, 0, 0, 1, 1, 0]",15.28,15.68,19.35,13.72,1480870.4
ERO,40.4,10,"[1, 1, 1, 1, 1, 1, 1, 1, 1, 1]",29.23,28.35,40.4,14.03,1603257.1
JOYY,75.0,10,"[1, 1, 1, 1, 1, 1, 1, 1, 1, 1]",70.92,62.54,75.0,47.76,284353.35
EXK,11.09,9,"[1, 1, 1, 0, 1, 1, 1, 1, 1, 1]",8.75,9.7,14.12,5.84,8970321.55
SHOO,45.5,9,"[1, 1, 1, 1, 0, 1, 1, 1, 1, 1]",44.33,40.66,49.07,27.52,1070982.95
PHIN,70.92,7,"[0, 0, 1, 1, 1, 1, 1, 1, 1, 0]",77.78,70.36,85.16,50.78,397311.4
ARX,19.67,8,"[1, 1, 1, 1, 0, 1, 1, 0, 1, 1]",14.2,13.83,29.29,9.36,7486182.5
KALU,153.8,7,"[0, 0, 1, 1, 1, 1, 1, 1, 1, 0]",170.96,142.57,194.8,72.24,247164.15
DBRG,15.97,10,"[1, 1, 1, 1, 1, 1, 1, 1, 1, 1]",15.83,14.88,15.98,9.15,3874334.35
PAGS,9.03,4,"[0, 0, 0, 0, 1, 1, 0, 1, 1, 0]",9.08,9.68,11.72,8.35,2770944.2
CECO,70.27,7,"[0, 0, 1, 1, 1, 1, 1, 0, 1, 1]",79.93,69.44,99.67,45.12,1021628.6
WT,24.13,10,"[1, 1, 1, 1, 1, 1, 1, 1, 1, 1]",20.07,16.41,24.13,10.68,2490480.75
PFS,23.46,8,"[0, 1, 1, 1, 1, 1, 1, 1, 1, 0]",23.73,21.48,25.04,17.11,920745.1
TRN,29.59,5,"[0, 0, 0, 1, 1, 1, 0, 1, 1, 0]",33.52,30.97,38.07,24.19,785386.05
DYN,26.34,10,"[1, 1, 1, 1, 1, 1, 1, 1, 1, 1]",23.87,19.66,26.78,12.37,1834469.8
GEO,32.16,10,"[1, 1, 1, 1, 1, 1, 1, 1, 1, 1]",30.43,20.9,32.71,13.26,2002358.25
LCII,104.78,4,"[1, 0, 0, 0, 1, 1, 0, 0, 1, 0]",101.61,115.52,152.4,81.4,260045.2
TNK,90.03,10,"[1, 1, 1, 1, 1, 1, 1, 1, 1, 1]",76.35,68.72,92.01,46.38,391262.0
BTU,27.46,4,"[1, 0, 0, 0, 0, 0, 1, 0, 1, 1]",23.84,28.83,39.25,16.58,2428475.2
NTCT,38.06,8,"[0, 1, 1, 1, 1, 1, 1, 1, 1, 0]",40.61,33.62,44.84,23.89,584893.15
DK,67.59,10,"[1, 1, 1, 1, 1, 1, 1, 1, 1, 1]",58.75,43.37,71.47,25.13,1460337.75
PTRN,21.4,7,"[0, 1, 1, 1, 1, 1, 1, 0, 1, 0]",23.81,16.45,29.4,9.59,1749311.2
GRND,15.69,8,"[1, 1, 1, 1, 0, 1, 1, 1, 1, 0]",15.47,13.33,17.94,9.85,1714857.25
TXG,64.72,10,"[1, 1, 1, 1, 1, 1, 1, 1, 1, 1]",46.18,27.07,65.12,11.34,3272826.65
CLMT,47.03,10,"[1, 1, 1, 1, 1, 1, 1, 1, 1, 1]",40.98,30.39,50.81,16.0,1237850.65
AEO,16.73,3,"[0, 0, 0, 0, 0, 1, 1, 0, 1, 0]",17.15,19.55,27.66,11.85,4229932.35
INOD,57.17,4,"[0, 0, 0, 1, 1, 0, 1, 0, 1, 0]",68.94,60.96,121.5,34.45,1666201.9
GPCR,49.92,4,"[0, 0, 0, 0, 0, 1, 1, 0, 1, 1]",50.32,53.86,93.79,18.82,609666.9
IHS,8.34,10,"[1, 1, 1, 1, 1, 1, 1, 1, 1, 1]",8.24,7.94,8.73,6.24,1411539.1
AYA,27.71,10,"[1, 1, 1, 1, 1, 1, 1, 1, 1, 1]",21.75,17.59,28.04,9.25,922913.25
SPNT,23.96,8,"[0, 1, 1, 1, 1, 1, 1, 1, 1, 0]",23.98,22.13,26.31,17.48,658081.3
KMT,29.27,4,"[0, 0, 0, 0, 1, 1, 1, 0, 1, 0]",33.45,33.77,42.76,19.96,1804520.5
STUB,6.81,2,"[0, 0, 0, 1, 0, 0, 0, 0, 1, 0]",9.78,10.32,22.0,6.09,6776580.5
FA,20.32,9,"[1, 1, 1, 1, 1, 1, 1, 1, 1, 0]",20.02,14.96,24.12,8.95,2582751.3
NKTR,74.96,9,"[1, 1, 1, 1, 1, 1, 1, 0, 1, 1]",69.97,64.26,100.35,28.55,618727.75
EOSE,3.54,2,"[0, 0, 0, 0, 0, 0, 0, 0, 1, 1]",4.61,8.88,19.19,3.14,27523295.3
UAA,5.12,4,"[0, 0, 0, 1, 1, 1, 0, 0, 1, 0]",6.3,5.92,8.14,4.17,9120175.85
UA,5.0,4,"[0, 0, 0, 1, 1, 1, 0, 0, 1, 0]",6.14,5.75,7.88,3.96,2869108.45
DBD,67.79,4,"[0, 0, 0, 1, 1, 1, 0, 0, 1, 0]",79.83,75.23,90.75,54.9,310299.95
BKE,43.73,3,"[1, 0, 0, 0, 0, 0, 0, 1, 1, 0]",43.53,48.97,56.63,41.12,414942.45
UNIT,10.1,8,"[0, 1, 1, 1, 1, 1, 1, 1, 1, 0]",10.63,9.19,12.75,5.36,2323966.05
ARCB,135.56,8,"[0, 1, 1, 1, 1, 1, 1, 1, 1, 0]",145.82,110.67,173.07,59.44,368733.5
NN,15.67,5,"[0, 0, 0, 0, 1, 1, 1, 0, 1, 1]",16.08,16.78,23.59,11.37,3074451.5
HOG,27.49,10,"[1, 1, 1, 1, 1, 1, 1, 1, 1, 1]",26.02,22.68,30.05,17.06,1991938.5
ATRO,74.5,9,"[0, 1, 1, 1, 1, 1, 1, 1, 1, 1]",76.18,60.49,93.45,29.03,695715.0
CLDX,41.22,10,"[1, 1, 1, 1, 1, 1, 1, 1, 1, 1]",37.94,30.94,44.87,21.75,934510.9
VAC,117.02,10,"[1, 1, 1, 1, 1, 1, 1, 1, 1, 1]",103.68,73.62,124.75,43.9,559591.25
ARQT,24.86,6,"[0, 1, 0, 1, 0, 1, 1, 1, 1, 0]",26.73,25.61,31.2,15.32,1743674.3
GRAL,82.54,7,"[1, 1, 1, 1, 0, 0, 1, 0, 1, 1]",69.53,73.27,116.06,31.61,773135.9
VISN,11.04,8,"[0, 1, 1, 1, 1, 1, 1, 1, 1, 0]",11.99,10.21,12.88,7.3,8908362.95
TARS,71.45,7,"[1, 1, 1, 0, 0, 0, 1, 1, 1, 1]",63.76,68.54,82.51,49.36,710187.25
NGVT,69.05,7,"[0, 0, 1, 1, 1, 1, 1, 1, 1, 0]",73.7,67.8,77.87,46.2,256184.6
AMSC,29.65,3,"[0, 0, 0, 0, 1, 0, 0, 0, 1, 1]",34.57,36.08,66.68,25.95,718187.2
WAFD,36.21,8,"[0, 1, 1, 1, 1, 1, 1, 1, 1, 0]",37.13,33.58,39.03,26.96,521854.75
HUN,9.53,4,"[0, 0, 0, 0, 1, 1, 1, 0, 1, 0]",11.21,11.83,15.89,7.27,3053206.5
HUBG,39.23,5,"[0, 0, 0, 1, 1, 1, 0, 1, 1, 0]",45.17,42.17,52.19,32.8,1330964.75
TRMK,46.11,7,"[0, 1, 1, 1, 1, 1, 0, 1, 1, 0]",46.68,43.03,48.52,36.04,333942.5
IRON,82.41,8,"[1, 1, 1, 1, 0, 0, 1, 1, 1, 1]",76.16,74.33,94.11,55.95,329292.15
CUBI,78.3,7,"[0, 1, 1, 1, 1, 1, 0, 1, 1, 0]",78.88,74.47,83.65,60.52,251827.75
VERA,35.28,4,"[0, 0, 0, 0, 0, 1, 1, 0, 1, 1]",36.17,39.16,55.67,21.64,2150521.0
ICHR,57.11,6,"[0, 0, 1, 1, 1, 1, 1, 0, 1, 0]",82.27,52.73,112.28,14.25,899362.7
RARE,26.46,6,"[0, 1, 1, 1, 0, 0, 1, 0, 1, 1]",28.41,26.36,36.54,18.5,2245731.5
KOD,39.46,8,"[0, 1, 1, 1, 1, 1, 1, 1, 1, 0]",39.94,32.39,46.44,8.55,583345.4
SAH,77.01,7,"[0, 1, 1, 1, 1, 1, 1, 0, 1, 0]",87.87,71.85,112.66,57.63,318713.2
DRD,31.23,7,"[1, 1, 1, 0, 0, 0, 1, 1, 1, 1]",22.77,28.44,38.8,17.69,315337.25
HE,11.37,3,"[0, 0, 0, 0, 1, 1, 0, 0, 1, 0]",12.88,13.74,17.08,10.89,2125090.55
IMNM,29.39,10,"[1, 1, 1, 1, 1, 1, 1, 1, 1, 1]",23.49,21.89,29.83,8.99,1206745.2
FRSH,12.86,9,"[1, 1, 1, 1, 0, 1, 1, 1, 1, 1]",10.95,10.12,13.61,6.88,7624601.8
NSIT,150.63,10,"[1, 1, 1, 1, 1, 1, 1, 1, 1, 1]",127.26,95.0,156.6,64.43,444976.25
HTFL,49.89,8,"[1, 1, 1, 1, 0, 0, 1, 1, 1, 1]",31.42,29.24,50.2,20.49,2015110.5
OSW,26.26,8,"[0, 1, 1, 1, 1, 1, 1, 1, 1, 0]",26.69,23.17,28.63,19.25,927139.15
SEDG,29.88,2,"[0, 0, 0, 0, 1, 0, 0, 0, 1, 0]",45.29,42.31,78.51,28.47,3759255.85
ROG,124.74,7,"[0, 0, 1, 1, 1, 1, 1, 0, 1, 1]",139.58,116.46,167.09,75.56,220369.9
ATKR,93.62,10,"[1, 1, 1, 1, 1, 1, 1, 1, 1, 1]",80.8,70.83,93.62,54.86,1471911.55
TALO,16.5,10,"[1, 1, 1, 1, 1, 1, 1, 1, 1, 1]",14.63,13.55,17.75,8.93,1991405.7
IDYA,42.48,9,"[1, 1, 1, 1, 0, 1, 1, 1, 1, 1]",36.41,33.38,42.48,23.39,743739.6
ELVN,61.01,10,"[1, 1, 1, 1, 1, 1, 1, 1, 1, 1]",53.53,36.06,61.15,15.14,1058757.55
DGII,75.92,10,"[1, 1, 1, 1, 1, 1, 1, 1, 1, 1]",72.05,55.63,85.24,33.74,391972.65
LWLG,5.94,5,"[0, 0, 0, 0, 1, 1, 1, 0, 1, 1]",7.32,7.18,18.22,2.97,3045361.1
TMC,4.96,4,"[1, 0, 0, 0, 0, 0, 1, 0, 1, 1]",4.22,5.6,10.69,3.45,6535207.1
LMAT,78.97,2,"[0, 0, 0, 0, 1, 0, 0, 0, 1, 0]",93.36,94.74,116.75,78.76,469663.1
MTX,71.8,7,"[0, 0, 1, 1, 1, 1, 1, 1, 1, 0]",74.32,69.76,82.57,54.7,256501.5
BRZE,30.8,9,"[1, 1, 1, 1, 0, 1, 1, 1, 1, 1]",25.04,24.54,36.19,15.79,2521820.1
AAMI,93.48,10,"[1, 1, 1, 1, 1, 1, 1, 1, 1, 1]",83.17,62.93,93.48,41.78,395197.2
RLAY,20.57,10,"[1, 1, 1, 1, 1, 1, 1, 1, 1, 1]",18.97,12.46,20.75,3.54,2119508.35
MLYS,26.34,2,"[0, 0, 0, 0, 0, 0, 1, 0, 1, 0]",26.73,30.25,47.33,15.11,764952.8
FBNC,63.96,9,"[1, 1, 1, 1, 1, 1, 1, 1, 1, 0]",63.75,57.71,66.34,45.74,182832.65
ANDE,65.92,7,"[0, 0, 1, 1, 1, 1, 1, 1, 1, 0]",70.64,65.5,80.87,37.83,339567.4
VNET,6.89,2,"[0, 0, 0, 0, 0, 0, 0, 0, 1, 1]",7.63,9.18,14.03,6.29,5408175.35
HTO,63.89,10,"[1, 1, 1, 1, 1, 1, 1, 1, 1, 1]",61.58,55.13,64.97,43.43,348582.9
DXPE,188.44,10,"[1, 1, 1, 1, 1, 1, 1, 1, 1, 1]",172.92,143.0,200.84,85.53,151319.5
PTON,5.38,4,"[0, 1, 0, 1, 0, 0, 1, 0, 1, 0]",5.88,5.58,9.0,3.71,8978282.5
SGML,12.33,6,"[1, 0, 0, 0, 1, 1, 1, 0, 1, 1]",11.56,13.2,23.65,4.68,1807144.25
TENB,32.79,9,"[0, 1, 1, 1, 1, 1, 1, 1, 1, 1]",34.78,25.72,42.65,16.04,2897233.55
DFTX,44.81,10,"[1, 1, 1, 1, 1, 1, 1, 1, 1, 1]",42.41,23.79,48.45,8.88,2246074.5
VERX,13.52,4,"[1, 1, 0, 0, 0, 0, 0, 0, 1, 1]",12.36,14.86,25.94,10.58,2556472.65
PLUS,86.36,6,"[0, 1, 1, 1, 0, 1, 0, 1, 1, 0]",86.85,84.67,97.05,68.93,243817.0
AERO,15.1,1,"[0, 0, 0, 0, 0, 0, 0, 0, 1, 0]",16.1,17.2,22.91,12.36,271628.2
AMPX,10.18,4,"[0, 0, 0, 0, 1, 0, 1, 0, 1, 1]",11.69,13.67,22.91,6.93,6110774.7
AMR,215.63,8,"[1, 1, 1, 0, 0, 1, 1, 1, 1, 1]",161.07,185.43,249.65,135.9,362613.05
COHU,50.61,8,"[0, 1, 1, 1, 1, 1, 1, 0, 1, 1]",56.29,39.33,73.91,18.74,1139640.8
AESI,12.02,5,"[0, 0, 0, 0, 1, 1, 1, 0, 1, 1]",13.54,12.91,19.75,8.1,3601394.15
NESR,33.48,10,"[1, 1, 1, 1, 1, 1, 1, 1, 1, 1]",29.11,22.58,36.31,8.72,2255052.9
WTTR,18.97,9,"[0, 1, 1, 1, 1, 1, 1, 1, 1, 1]",19.5,15.18,22.18,8.08,1683972.25
CDNL,43.29,4,"[0, 0, 0, 1, 1, 0, 1, 0, 1, 0]",65.08,43.29,94.31,22.03,829585.3
ACHC,29.87,8,"[0, 1, 1, 1, 1, 1, 1, 1, 1, 0]",30.01,22.5,35.61,11.68,2190838.7
MNR,12.52,7,"[0, 1, 1, 1, 1, 1, 0, 1, 1, 0]",12.63,11.87,13.87,9.65,317953.3
GRDN,37.3,8,"[0, 1, 1, 1, 1, 1, 1, 1, 1, 0]",40.29,35.42,43.83,23.41,364550.7
CEPU,13.51,4,"[0, 0, 0, 0, 0, 1, 1, 1, 1, 0]",14.45,15.34,17.95,7.68,239487.2
PRDO,33.41,6,"[1, 0, 1, 0, 1, 0, 0, 1, 1, 1]",32.75,32.5,37.77,27.01,699073.15
HLIO,74.27,7,"[0, 0, 1, 1, 1, 1, 1, 1, 1, 0]",81.88,69.94,92.74,46.89,312446.05
WOLF,25.29,5,"[0, 0, 0, 1, 1, 0, 1, 0, 1, 1]",34.17,28.48,73.5,14.8,4749327.3
NTB,58.35,8,"[0, 1, 1, 1, 1, 1, 1, 1, 1, 0]",60.24,53.41,63.91,39.94,198714.6
FUN,16.59,3,"[0, 0, 0, 1, 1, 0, 0, 0, 1, 0]",18.86,17.76,26.74,12.83,2284745.2
BLBD,58.65,4,"[0, 0, 0, 1, 1, 1, 0, 0, 1, 0]",73.03,61.29,81.5,46.59,619695.4
KEEL,3.51,5,"[0, 0, 1, 1, 1, 0, 1, 0, 1, 0]",4.47,3.37,6.66,1.25,39565652.0
PENG,50.38,8,"[0, 1, 1, 1, 1, 1, 1, 0, 1, 1]",61.28,35.44,81.39,16.24,1817330.9
AXGN,49.93,10,"[1, 1, 1, 1, 1, 1, 1, 1, 1, 1]",44.27,36.51,50.4,15.4,1010965.8
PENN,17.75,8,"[0, 1, 1, 1, 1, 1, 1, 1, 1, 0]",20.33,16.45,22.06,11.76,2546156.65
CMPR,87.88,8,"[0, 1, 1, 1, 1, 1, 1, 1, 1, 0]",95.31,82.21,105.31,57.1,223649.35
FLOC,20.64,5,"[0, 0, 0, 0, 1, 1, 1, 0, 1, 1]",21.07,21.15,27.81,13.94,574764.1
DRH,12.87,9,"[1, 1, 1, 1, 1, 1, 1, 1, 1, 0]",12.44,10.31,13.38,7.28,2651968.2
XIFR,11.66,8,"[0, 1, 1, 1, 1, 1, 1, 1, 1, 0]",11.88,10.69,12.88,8.83,873020.2
ADPT,26.25,10,"[1, 1, 1, 1, 1, 1, 1, 1, 1, 1]",22.31,17.26,26.25,12.41,2419204.0
HTH,38.51,7,"[0, 1, 1, 1, 1, 1, 0, 1, 1, 0]",38.65,36.54,39.79,30.38,223850.05
CTOS,9.65,8,"[0, 1, 1, 1, 1, 1, 1, 1, 1, 0]",10.57,8.07,11.97,5.34,1159926.4
DRVN,13.16,2,"[0, 0, 0, 1, 0, 0, 0, 0, 1, 0]",13.89,13.89,19.21,10.3,830740.5
RDW,11.48,8,"[1, 1, 1, 0, 1, 1, 1, 0, 1, 1]",11.14,10.39,25.9,5.06,17727720.25
VVX,76.41,8,"[0, 1, 1, 1, 1, 1, 1, 1, 1, 0]",80.11,69.72,90.81,52.16,640244.5
BCRX,9.83,10,"[1, 1, 1, 1, 1, 1, 1, 1, 1, 1]",9.65,8.46,11.11,6.24,3285456.1
TIC,9.75,6,"[1, 1, 1, 0, 0, 0, 1, 0, 1, 1]",8.24,9.0,14.49,6.54,2459743.9
WERN,37.64,8,"[0, 1, 1, 1, 1, 1, 1, 1, 1, 0]",40.96,34.58,47.29,22.87,1092900.9
CENTA,38.24,8,"[0, 1, 1, 1, 1, 1, 1, 1, 1, 0]",38.26,33.61,40.6,26.27,318889.45
QUBT,8.46,3,"[0, 0, 0, 0, 0, 0, 1, 0, 1, 1]",8.82,9.65,24.62,6.31,8602574.4
ECO,65.04,10,"[1, 1, 1, 1, 1, 1, 1, 1, 1, 1]",53.52,42.66,65.14,22.52,575824.05
BHC,6.73,8,"[1, 1, 1, 0, 0, 1, 1, 1, 1, 1]",5.44,5.86,7.9,4.43,5807695.4
NMM,90.86,10,"[1, 1, 1, 1, 1, 1, 1, 1, 1, 1]",76.87,66.32,90.86,43.39,130430.25
MBIN,53.49,10,"[1, 1, 1, 1, 1, 1, 1, 1, 1, 1]",51.17,43.46,55.72,30.19,171874.1
FLYW,19.21,10,"[1, 1, 1, 1, 1, 1, 1, 1, 1, 1]",17.48,14.54,19.54,10.64,2112548.1
PBI,17.08,8,"[0, 1, 1, 1, 1, 1, 1, 1, 1, 0]",17.38,13.08,18.4,8.84,1792978.05
WLY,53.89,9,"[1, 1, 1, 1, 1, 1, 1, 1, 1, 0]",50.2,38.94,55.72,28.33,398755.9
CMRE,15.77,7,"[1, 0, 0, 0, 1, 1, 1, 1, 1, 1]",14.97,15.8,17.64,10.71,351113.75
SLDE,23.06,10,"[1, 1, 1, 1, 1, 1, 1, 1, 1, 1]",20.33,18.33,23.64,12.7,926002.9
OCUL,10.88,7,"[1, 1, 1, 1, 0, 0, 1, 0, 1, 1]",9.59,9.97,16.11,6.88,2931568.15
ESTA,72.15,6,"[0, 0, 0, 1, 1, 1, 1, 1, 1, 0]",85.6,73.06,95.65,36.84,551434.4
SRPT,18.92,5,"[1, 1, 0, 0, 0, 0, 0, 1, 1, 1]",17.42,19.03,24.45,14.86,2783084.3
IMOS,55.56,8,"[0, 1, 1, 1, 1, 1, 1, 0, 1, 1]",59.61,44.29,75.79,14.99,104413.35
NVCR,17.62,10,"[1, 1, 1, 1, 1, 1, 1, 1, 1, 1]",16.45,14.1,19.99,10.03,1362040.3
DEI,12.16,8,"[1, 1, 1, 1, 0, 0, 1, 1, 1, 1]",11.92,10.9,15.83,8.85,1654790.35
EZPW,35.23,10,"[1, 1, 1, 1, 1, 1, 1, 1, 1, 1]",31.45,26.83,35.59,16.4,1222184.8
PDFS,44.28,6,"[0, 0, 1, 1, 1, 1, 1, 0, 1, 0]",53.53,40.45,70.79,19.2,539784.4
TRVI,17.95,9,"[1, 1, 1, 1, 1, 1, 1, 1, 1, 0]",17.91,13.8,19.5,7.01,1554066.5
DCO,181.36,10,"[1, 1, 1, 1, 1, 1, 1, 1, 1, 1]",180.97,135.92,206.98,86.41,221415.85
WS,34.01,3,"[0, 0, 0, 0, 1, 1, 0, 0, 1, 0]",36.18,36.91,48.27,28.0,216164.55
STOK,33.46,9,"[1, 1, 1, 0, 1, 1, 1, 1, 1, 1]",31.03,31.7,38.35,19.3,949965.35
DHC,8.08,8,"[0, 1, 1, 1, 1, 1, 1, 1, 1, 0]",8.86,7.08,9.64,3.72,1833515.65
TYRA,26.69,4,"[0, 0, 0, 0, 1, 1, 1, 0, 1, 0]",29.63,29.88,39.61,11.82,629990.65
CLBK,11.65,10,"[1, 1, 1, 1, 1, 1, 1, 1, 1, 1]",10.4,8.57,11.82,6.21,5023900.55
MGNI,23.89,10,"[1, 1, 1, 1, 1, 1, 1, 1, 1, 1]",20.65,15.58,26.52,11.2,2855048.65
NGL,17.51,10,"[1, 1, 1, 1, 1, 1, 1, 1, 1, 1]",16.13,13.29,18.36,5.07,286545.75
NTST,20.61,7,"[0, 1, 1, 1, 1, 1, 0, 1, 1, 0]",21.04,19.44,22.26,16.77,1934269.8
ANAB,58.37,9,"[0, 1, 1, 1, 1, 1, 1, 1, 1, 1]",58.48,45.11,69.81,12.93,408961.65
PSNY,12.54,1,"[0, 0, 0, 0, 0, 0, 0, 0, 1, 0]",16.16,17.94,41.1,12.01,129526.8
NEXT,7.47,9,"[1, 1, 1, 1, 1, 1, 1, 0, 1, 1]",7.26,6.68,10.72,4.8,2575107.65
BBAI,3.09,2,"[0, 0, 0, 0, 0, 0, 0, 0, 1, 1]",3.24,4.41,8.91,2.59,22434351.95
ATEN,25.13,6,"[0, 0, 1, 1, 1, 1, 1, 0, 1, 0]",32.21,24.39,38.03,16.43,1549191.25
GTY,33.53,8,"[0, 1, 1, 1, 1, 1, 1, 1, 1, 0]",33.88,31.16,36.61,24.43,490856.15
OMCL,33.22,2,"[0, 0, 0, 0, 0, 1, 0, 0, 1, 0]",40.09,40.78,51.39,29.46,828848.45
SION,6.25,2,"[0, 0, 0, 0, 0, 0, 1, 0, 1, 0]",34.9,38.33,51.04,4.5,4527250.7
SOC,4.71,4,"[0, 0, 0, 0, 1, 0, 1, 0, 1, 1]",5.32,9.52,28.4,3.08,9763068.45
BW,7.83,4,"[0, 0, 0, 0, 1, 1, 1, 0, 1, 0]",11.19,11.53,21.85,1.71,5535757.45
BSTZ,30.24,10,"[1, 1, 1, 1, 1, 1, 1, 1, 1, 1]",29.37,24.63,31.71,19.48,178032.95
NEOG,11.64,10,"[1, 1, 1, 1, 1, 1, 1, 1, 1, 1]",10.31,9.15,12.15,5.27,2257791.4
UTI,22.51,3,"[0, 0, 0, 1, 1, 0, 0, 0, 1, 0]",37.21,33.63,51.2,21.77,1888210.35
INBX,122.72,10,"[1, 1, 1, 1, 1, 1, 1, 1, 1, 1]",92.35,87.12,141.84,25.92,258679.2
AUPH,16.75,9,"[1, 1, 1, 1, 0, 1, 1, 1, 1, 1]",15.98,15.44,18.62,11.05,1229208.45
TSHA,6.2,10,"[1, 1, 1, 1, 1, 1, 1, 1, 1, 1]",6.16,5.37,6.98,2.83,2759169.1
GNL,9.25,9,"[1, 1, 1, 0, 1, 1, 1, 1, 1, 1]",8.94,8.79,9.56,7.06,2788051.95
MBX,68.62,10,"[1, 1, 1, 1, 1, 1, 1, 1, 1, 1]",59.99,39.2,70.7,9.74,472994.3
ASTH,37.61,8,"[0, 1, 1, 1, 1, 1, 1, 1, 1, 0]",41.14,30.8,49.81,18.16,495576.0
LAC,3.25,2,"[0, 0, 0, 0, 0, 0, 0, 0, 1, 1]",3.37,4.53,10.05,2.71,9831405.6
IMAX,53.9,10,"[1, 1, 1, 1, 1, 1, 1, 1, 1, 1]",45.15,39.09,54.79,27.74,1387103.55
FIGS,14.68,9,"[1, 1, 1, 0, 1, 1, 1, 1, 1, 1]",11.64,12.27,17.12,6.57,3457315.7
MD,26.99,10,"[1, 1, 1, 1, 1, 1, 1, 1, 1, 1]",25.84,22.81,27.39,15.8,850255.2
NWL,5.93,10,"[1, 1, 1, 1, 1, 1, 1, 1, 1, 1]",5.57,4.29,6.36,2.94,9879281.35
PHVS,37.23,10,"[1, 1, 1, 1, 1, 1, 1, 1, 1, 1]",34.33,29.05,37.31,20.96,639028.6
PUMP,10.6,4,"[0, 0, 0, 0, 1, 1, 1, 0, 1, 0]",12.58,12.69,18.2,4.52,3169978.1
AGM,219.11,10,"[1, 1, 1, 1, 1, 1, 1, 1, 1, 1]",210.89,177.31,241.74,137.78,103210.1
RAMP,37.72,9,"[1, 1, 1, 1, 1, 1, 1, 1, 1, 0]",37.72,31.17,38.01,22.42,909229.6
LAR,6.72,5,"[0, 0, 0, 0, 1, 1, 1, 0, 1, 1]",7.1,7.31,11.79,3.02,2139665.15
PRKS,43.72,7,"[0, 1, 1, 1, 1, 0, 1, 1, 1, 0]",45.79,38.21,55.21,29.73,651204.85
SNDX,19.92,6,"[0, 0, 0, 0, 1, 1, 1, 1, 1, 1]",20.8,20.82,25.15,13.11,1403403.25
JBLU,5.08,5,"[0, 0, 0, 1, 1, 1, 0, 1, 1, 0]",5.61,5.09,6.46,4.03,28419728.35
ARCO,8.13,5,"[0, 0, 1, 0, 1, 1, 0, 1, 1, 0]",8.2,8.04,9.42,6.47,1127149.7
NEXA,15.82,10,"[1, 1, 1, 1, 1, 1, 1, 1, 1, 1]",13.49,11.76,16.55,4.71,677787.95
AGRO,11.03,7,"[1, 0, 1, 0, 1, 1, 1, 0, 1, 1]",9.93,10.32,15.18,7.07,916927.65
HTZ,2.23,3,"[0, 0, 0, 0, 0, 0, 1, 0, 1, 1]",2.42,4.58,7.81,1.51,55232583.1
SPB,88.95,9,"[1, 1, 1, 1, 1, 1, 1, 1, 1, 0]",86.98,74.48,90.97,49.33,399400.85
BLX,54.58,8,"[0, 1, 1, 1, 1, 1, 1, 1, 1, 0]",57.72,50.55,62.03,40.7,160994.15
MESO,17.19,7,"[1, 1, 1, 0, 0, 0, 1, 1, 1, 1]",15.51,16.03,20.96,12.88,189763.85
OCS,12.96,4,"[1, 0, 0, 0, 1, 0, 0, 0, 1, 1]",12.44,21.32,32.65,10.71,246038.3
ANIP,75.65,3,"[0, 0, 0, 1, 0, 0, 0, 1, 1, 0]",80.04,79.89,98.81,70.49,402629.6
PGNY,25.82,7,"[0, 1, 1, 1, 0, 1, 1, 1, 1, 0]",29.03,24.02,32.36,16.3,1157437.25
INVX,28.68,10,"[1, 1, 1, 1, 1, 1, 1, 1, 1, 1]",27.13,25.64,31.63,16.3,816760.15
CASH,83.59,4,"[0, 0, 0, 0, 1, 1, 0, 1, 1, 0]",87.07,84.06,99.87,66.35,169865.5
RAPP,51.17,10,"[1, 1, 1, 1, 1, 1, 1, 1, 1, 1]",42.6,33.85,51.17,14.36,278679.95
SNDA,40.97,9,"[1, 1, 1, 1, 1, 1, 1, 1, 1, 0]",39.73,35.24,43.07,25.32,441879.05
TPB,85.8,3,"[1, 0, 0, 0, 0, 0, 0, 0, 1, 1]",83.09,95.36,142.7,70.52,328083.7
VET,12.2,9,"[1, 1, 1, 0, 1, 1, 1, 1, 1, 1]",10.56,10.56,14.29,7.09,1365724.75
BORR,4.46,6,"[1, 0, 0, 0, 1, 1, 1, 0, 1, 1]",4.25,4.75,6.61,2.44,6024564.1
ECPG,102.36,10,"[1, 1, 1, 1, 1, 1, 1, 1, 1, 1]",92.84,72.33,103.74,40.53,354764.95
SONO,15.29,5,"[1, 1, 0, 1, 0, 0, 0, 1, 1, 0]",14.95,15.48,19.16,12.7,1756743.75
WBTN,9.45,2,"[0, 0, 0, 0, 0, 0, 0, 0, 1, 1]",10.15,11.59,21.31,8.25,417189.55
ADNT,18.64,2,"[0, 0, 0, 0, 1, 0, 0, 0, 1, 0]",19.96,20.94,27.09,17.8,1039076.4
UFPT,304.21,10,"[1, 1, 1, 1, 1, 1, 1, 1, 1, 1]",270.34,234.8,334.84,185.28,177160.15
CLVT,2.16,2,"[1, 0, 0, 0, 0, 0, 0, 0, 1, 0]",2.11,2.62,4.48,1.68,5025381.45
AIN,58.15,6,"[0, 0, 0, 1, 1, 1, 1, 1, 1, 0]",69.82,58.88,76.29,40.8,339420.35
CTS,56.69,7,"[0, 0, 1, 1, 1, 1, 1, 1, 1, 0]",62.44,54.01,68.27,36.39,191681.15
VOYG,34.51,9,"[1, 1, 1, 1, 1, 1, 1, 0, 1, 1]",33.19,30.4,51.77,17.99,1783458.75
ZYME,27.47,9,"[1, 1, 1, 0, 1, 1, 1, 1, 1, 1]",24.53,24.56,28.77,14.01,634501.85
CAPR,8.29,4,"[0, 0, 0, 0, 1, 0, 1, 0, 1, 1]",15.59,23.22,35.34,3.85,11940252.2
PSIX,36.23,4,"[1, 0, 0, 0, 0, 0, 1, 0, 1, 1]",35.37,57.06,115.78,25.44,524400.75
LOB,39.99,8,"[0, 1, 1, 1, 1, 1, 1, 1, 1, 0]",41.57,37.31,43.76,29.34,212669.55
XPRO,17.62,9,"[1, 1, 1, 0, 1, 1, 1, 1, 1, 1]",16.0,15.82,18.96,11.87,810840.4
PVLA,148.24,10,"[1, 1, 1, 1, 1, 1, 1, 1, 1, 1]",143.03,115.97,157.77,51.3,180294.35
FLNG,31.93,10,"[1, 1, 1, 1, 1, 1, 1, 1, 1, 1]",30.53,28.09,32.48,22.45,330307.9
SFL,12.22,10,"[1, 1, 1, 1, 1, 1, 1, 1, 1, 1]",11.56,10.09,12.65,6.59,1191252.85
CYD,39.37,4,"[0, 0, 0, 1, 1, 1, 0, 0, 1, 0]",45.61,43.33,58.55,31.61,123093.4
TILE,38.95,10,"[1, 1, 1, 1, 1, 1, 1, 1, 1, 1]",34.91,30.23,39.32,24.4,468028.55
PCT,6.68,3,"[0, 0, 0, 0, 0, 0, 1, 0, 1, 1]",7.13,8.34,15.13,5.06,4445844.85
LPG,50.79,10,"[1, 1, 1, 1, 1, 1, 1, 1, 1, 1]",42.48,33.89,51.32,22.34,572211.35
TE,4.65,5,"[0, 0, 0, 0, 1, 1, 1, 0, 1, 1]",6.41,6.48,12.04,1.58,35217173.2
WLTH,9.43,4,"[1, 0, 0, 0, 1, 0, 1, 0, 1, 0]",9.15,9.43,13.95,7.2,992269.0
VRDN,24.18,6,"[1, 1, 1, 0, 0, 0, 1, 0, 1, 1]",20.06,23.98,33.78,13.3,1773633.7
NRIX,26.95,10,"[1, 1, 1, 1, 1, 1, 1, 1, 1, 1]",23.67,18.36,27.79,8.24,1088019.85
QURE,51.05,8,"[1, 1, 1, 1, 1, 0, 1, 0, 1, 1]",43.6,27.61,70.59,9.03,1313248.2
DV,13.32,9,"[1, 1, 1, 1, 0, 1, 1, 1, 1, 1]",11.69,10.71,16.27,8.61,5395461.5
FIVN,32.28,10,"[1, 1, 1, 1, 1, 1, 1, 1, 1, 1]",26.3,20.73,34.48,13.61,3422958.6
INVA,21.17,4,"[0, 0, 0, 0, 1, 1, 0, 1, 1, 0]",21.75,21.8,24.24,16.67,654524.4
OPRA,19.41,10,"[1, 1, 1, 1, 1, 1, 1, 1, 1, 1]",19.21,15.79,20.51,11.56,371170.05
ARDX,3.78,1,"[0, 0, 0, 0, 0, 0, 0, 0, 1, 0]",4.97,5.94,7.99,3.74,5157408.25
POET,8.08,7,"[0, 0, 1, 1, 1, 1, 1, 0, 1, 1]",8.85,8.03,20.57,4.17,11995768.95
NUVB,7.1,8,"[1, 1, 1, 1, 0, 1, 1, 0, 1, 1]",6.16,5.88,9.54,2.92,5962999.95
PEB,18.35,8,"[0, 1, 1, 1, 1, 1, 1, 1, 1, 0]",18.7,14.27,19.75,10.18,2018815.45
NTLA,13.51,7,"[1, 1, 1, 0, 1, 0, 1, 0, 1, 1]",13.32,12.42,27.98,8.04,3514732.9
NVAX,9.44,8,"[1, 1, 1, 0, 1, 0, 1, 1, 1, 1]",8.47,8.45,11.19,6.22,4367668.1
ARLO,13.32,2,"[0, 0, 0, 1, 0, 0, 0, 0, 1, 0]",13.58,13.66,19.44,11.23,1368486.35
PRLB,77.6,9,"[0, 1, 1, 1, 1, 1, 1, 1, 1, 1]",80.51,64.85,92.32,46.81,205445.3
DCOM,40.39,9,"[1, 1, 1, 1, 1, 1, 1, 1, 1, 0]",40.14,34.61,41.74,25.24,308060.9
GLUE,14.56,5,"[0, 0, 0, 1, 1, 1, 1, 0, 1, 0]",19.84,18.51,25.31,4.67,1562052.8
AMLX,37.46,10,"[1, 1, 1, 1, 1, 1, 1, 1, 1, 1]",21.21,15.98,39.66,9.16,3957590.2
CLOV,4.13,8,"[0, 1, 1, 1, 1, 1, 1, 1, 1, 0]",4.64,3.07,5.41,1.7,4393665.35
REX,41.51,7,"[0, 0, 1, 1, 1, 1, 1, 1, 1, 0]",44.53,40.41,51.16,30.08,162398.75
STBA,49.99,9,"[1, 1, 1, 1, 1, 1, 1, 1, 1, 0]",49.74,43.53,52.97,33.52,227951.05
KOS,2.73,9,"[1, 1, 1, 0, 1, 1, 1, 1, 1, 1]",2.44,2.13,3.27,0.87,13086076.55
KSS,17.68,6,"[0, 1, 1, 1, 0, 1, 1, 0, 1, 0]",18.16,17.02,24.15,11.63,3752681.65
IOVA,8.44,10,"[1, 1, 1, 1, 1, 1, 1, 1, 1, 1]",5.21,3.69,8.99,1.81,20587849.75
PAHC,35.93,3,"[1, 0, 0, 0, 1, 0, 0, 0, 1, 0]",33.82,41.95,59.33,28.4,182064.35
OUST,36.23,8,"[0, 1, 1, 1, 1, 1, 1, 0, 1, 1]",42.63,29.53,62.52,16.63,3025672.65
STGW,8.71,10,"[1, 1, 1, 1, 1, 1, 1, 1, 1, 1]",7.93,6.36,9.35,4.4,1648479.8
BAND,46.65,7,"[0, 1, 1, 1, 1, 1, 1, 0, 1, 0]",56.46,32.3,78.44,12.82,1094375.45
NVRI,21.62,8,"[0, 1, 1, 1, 1, 1, 1, 1, 1, 0]",21.92,19.28,23.86,10.95,341894.55
ABCL,12.5,10,"[1, 1, 1, 1, 1, 1, 1, 1, 1, 1]",7.46,4.83,12.5,2.78,10460743.4
HOPE,13.87,9,"[1, 1, 1, 1, 1, 1, 1, 1, 1, 0]",13.63,11.95,14.5,9.53,1005203.4
AMRC,22.07,2,"[0, 0, 0, 0, 0, 0, 0, 0, 1, 1]",24.96,28.92,43.23,18.51,856016.05
TFIN,73.5,8,"[0, 1, 1, 1, 1, 1, 1, 1, 1, 0]",76.54,66.23,81.08,46.95,168687.4
HCSG,22.94,8,"[0, 1, 1, 1, 1, 1, 1, 1, 1, 0]",23.25,20.63,25.31,15.18,722510.75
DCH,6.43,6,"[1, 1, 1, 0, 0, 1, 0, 0, 1, 1]",5.86,6.35,9.0,5.09,3083077.75
XHR,19.68,8,"[0, 1, 1, 1, 1, 1, 1, 1, 1, 0]",20.12,16.38,21.82,11.98,727540.9
WLFC,54.62,2,"[0, 0, 0, 0, 1, 0, 0, 0, 1, 0]",132.08,161.13,239.35,54.18,254525.95
GBX,46.16,4,"[0, 0, 0, 0, 1, 1, 0, 1, 1, 0]",48.25,48.7,58.06,40.16,339167.8
LILAK,8.55,10,"[1, 1, 1, 1, 1, 1, 1, 1, 1, 1]",7.53,5.99,8.56,4.7,1419019.8
LILA,8.65,10,"[1, 1, 1, 1, 1, 1, 1, 1, 1, 1]",7.6,5.95,8.7,4.65,566760.6
ZD,55.41,10,"[1, 1, 1, 1, 1, 1, 1, 1, 1, 1]",52.27,42.09,56.08,26.51,620580.45
ECVT,10.13,3,"[0, 0, 0, 0, 1, 1, 0, 0, 1, 0]",11.76,11.61,14.97,7.84,1333139.45
VIR,10.71,10,"[1, 1, 1, 1, 1, 1, 1, 1, 1, 1]",9.44,8.35,11.09,4.44,1544370.95
AHCO,5.48,2,"[0, 0, 0, 0, 1, 0, 0, 0, 1, 0]",8.94,10.12,13.38,5.22,4524998.3
ALGT,82.32,5,"[0, 0, 0, 1, 1, 1, 1, 0, 1, 0]",99.53,88.57,119.16,58.03,556843.1
TRS,39.75,7,"[0, 1, 1, 1, 1, 1, 0, 1, 1, 0]",40.88,37.4,44.99,30.99,470781.6
CRML,8.1,4,"[1, 0, 0, 0, 0, 0, 1, 0, 1, 1]",7.61,9.79,29.97,5.13,7353849.0
TH,17.39,9,"[0, 1, 1, 1, 1, 1, 1, 1, 1, 1]",17.51,12.34,20.52,6.22,1168363.75
UAMY,5.2,2,"[0, 0, 0, 0, 1, 0, 0, 0, 1, 0]",6.18,7.77,17.47,4.31,7205884.45
IMTX,9.24,4,"[0, 0, 0, 0, 0, 0, 1, 1, 1, 1]",9.44,10.02,11.87,5.09,537216.8
GSL,45.3,10,"[1, 1, 1, 1, 1, 1, 1, 1, 1, 1]",40.65,37.2,45.3,25.7,373353.85
YELP,23.7,2,"[0, 0, 0, 1, 0, 0, 0, 0, 1, 0]",24.95,26.05,33.83,19.78,1074038.95
CNOB,32.02,8,"[0, 1, 1, 1, 1, 1, 1, 1, 1, 0]",32.64,28.47,33.91,22.68,369734.05
RES,6.14,7,"[1, 0, 0, 0, 1, 1, 1, 1, 1, 1]",5.94,6.18,7.9,4.12,1407130.05
BY,38.11,9,"[1, 1, 1, 1, 1, 1, 1, 1, 1, 0]",37.81,32.74,39.75,25.35,218391.25
NVGS,22.18,10,"[1, 1, 1, 1, 1, 1, 1, 1, 1, 1]",21.04,19.83,24.14,14.2,402796.8
PGEN,7.28,10,"[1, 1, 1, 1, 1, 1, 1, 1, 1, 1]",5.89,4.53,7.44,3.1,6296481.75
BHVN,14.38,8,"[0, 1, 1, 1, 1, 0, 1, 1, 1, 1]",14.56,11.41,18.11,7.79,1902359.1
TNC,70.03,4,"[0, 0, 0, 1, 1, 0, 0, 1, 1, 0]",82.02,77.18,91.15,60.69,262752.85
HLF,12.92,6,"[1, 0, 0, 0, 1, 1, 1, 0, 1, 1]",12.37,13.96,19.96,7.75,1553384.3
SHLS,6.89,3,"[0, 0, 0, 1, 1, 0, 0, 0, 1, 0]",9.3,8.7,12.77,5.71,5653960.95
ATAI,7.44,10,"[1, 1, 1, 1, 1, 1, 1, 1, 1, 1]",6.21,4.54,7.44,3.35,8391554.8
BCAX,24.58,8,"[0, 1, 1, 1, 1, 1, 1, 1, 1, 0]",26.47,20.65,30.4,10.44,680835.4
GCT,52.22,10,"[1, 1, 1, 1, 1, 1, 1, 1, 1, 1]",40.69,39.95,53.25,25.44,681958.55
AIP,23.23,5,"[0, 0, 0, 1, 1, 1, 1, 0, 1, 0]",33.3,23.59,48.59,8.59,685019.6
GHRS,28.92,10,"[1, 1, 1, 1, 1, 1, 1, 1, 1, 1]",27.29,19.27,30.64,11.94,335330.95
SBET,8.35,6,"[1, 1, 1, 0, 0, 0, 1, 0, 1, 1]",5.99,7.62,19.92,4.56,8710011.4
GILT,10.12,2,"[0, 0, 0, 0, 1, 0, 0, 0, 1, 0]",11.72,14.66,20.85,9.35,612089.6
AVAH,13.59,9,"[1, 1, 1, 1, 0, 1, 1, 1, 1, 1]",9.79,8.23,13.7,6.22,3480930.6
CBL,55.8,9,"[1, 1, 1, 1, 1, 1, 1, 1, 1, 0]",54.6,42.49,60.05,26.93,227375.15
BKSY,25.21,5,"[0, 0, 0, 0, 1, 1, 1, 0, 1, 1]",26.18,26.82,51.63,13.14,987785.65
FTRE,18.27,8,"[1, 1, 1, 1, 0, 1, 1, 1, 1, 0]",17.95,14.32,20.7,8.4,1549972.2
NSSC,36.43,2,"[0, 0, 0, 0, 0, 0, 0, 1, 1, 0]",37.53,40.07,46.87,34.82,387541.25
DMRA,30.62,10,"[1, 1, 1, 1, 1, 1, 1, 1, 1, 1]",28.49,25.65,34.14,2.58,337620.4
PRG,39.83,8,"[0, 1, 1, 1, 1, 1, 1, 1, 1, 0]",42.87,34.4,47.37,25.86,599348.15
OBK,52.9,9,"[1, 1, 1, 1, 1, 1, 1, 1, 1, 0]",52.21,44.25,54.96,31.84,185420.65
MUX,21.45,6,"[1, 0, 1, 0, 1, 0, 1, 0, 1, 1]",18.42,20.98,29.05,10.98,1125913.0
PRCT,21.6,3,"[1, 0, 0, 0, 0, 0, 0, 0, 1, 1]",20.41,26.38,40.8,16.69,1600936.35
NBR,87.72,9,"[1, 1, 1, 0, 1, 1, 1, 1, 1, 1]",84.99,77.29,110.63,34.63,253730.85
MAZE,30.42,4,"[1, 0, 0, 0, 0, 0, 1, 0, 1, 1]",28.37,34.38,51.83,13.87,358993.45
ENVX,3.38,1,"[0, 0, 0, 0, 0, 0, 0, 0, 1, 0]",4.88,6.37,13.19,3.13,9130325.9
TBLA,3.7,4,"[0, 0, 0, 1, 1, 1, 0, 0, 1, 0]",4.73,4.14,5.58,2.95,3115489.2
URGN,46.36,10,"[1, 1, 1, 1, 1, 1, 1, 1, 1, 1]",40.93,27.45,50.29,16.42,1028067.75
NNE,19.24,2,"[0, 0, 0, 0, 0, 0, 0, 0, 1, 1]",19.28,25.7,56.63,14.88,1895983.65
HROW,41.33,8,"[0, 1, 1, 1, 0, 1, 1, 1, 1, 1]",41.37,41.26,54.8,29.03,544783.2
HLX,10.0,10,"[1, 1, 1, 1, 1, 1, 1, 1, 1, 1]",9.45,8.72,10.55,6.09,1445729.35
LINC,25.42,5,"[0, 0, 0, 1, 1, 1, 1, 0, 1, 0]",42.08,35.67,55.68,17.8,1167290.3
RYZ,24.59,5,"[0, 0, 0, 1, 1, 1, 0, 1, 1, 0]",27.53,25.78,31.03,19.57,580074.65
HLIT,12.31,8,"[0, 1, 1, 1, 1, 1, 1, 0, 1, 1]",13.08,11.3,17.11,8.85,1732102.85
TROX,5.51,4,"[0, 0, 0, 0, 1, 1, 1, 0, 1, 0]",6.24,6.58,10.34,2.82,2885163.95
VIA,27.89,7,"[1, 1, 1, 1, 0, 0, 1, 0, 1, 1]",20.12,21.91,53.93,13.31,773193.8
LIND,31.74,10,"[1, 1, 1, 1, 1, 1, 1, 1, 1, 1]",29.05,20.22,34.48,11.45,808853.15
IPX,22.5,2,"[0, 0, 0, 0, 0, 0, 0, 0, 1, 1]",24.99,34.6,60.11,20.25,242142.85
WVE,5.25,1,"[0, 0, 0, 0, 0, 0, 0, 0, 1, 0]",5.79,9.4,21.31,5.05,3374804.7
PLTK,2.45,2,"[0, 0, 0, 1, 0, 0, 0, 0, 1, 0]",3.47,3.5,4.26,2.23,1894820.8
AVBP,31.35,9,"[0, 1, 1, 1, 1, 1, 1, 1, 1, 1]",31.55,26.27,34.74,17.17,410877.6
RLJ,11.56,8,"[0, 1, 1, 1, 1, 1, 1, 1, 1, 0]",11.61,8.79,12.48,6.26,1865155.0
LOMA,9.75,3,"[0, 0, 0, 0, 0, 1, 1, 0, 1, 0]",11.05,11.35,13.12,7.13,449194.1
TV,2.76,4,"[0, 0, 0, 0, 1, 1, 0, 1, 1, 0]",2.78,2.91,3.44,2.37,756083.6
SBH,16.46,9,"[1, 1, 1, 1, 0, 1, 1, 1, 1, 1]",15.12,14.71,17.0,11.82,1420944.55
CSIQ,14.28,3,"[0, 0, 0, 0, 0, 0, 1, 0, 1, 1]",15.16,18.55,33.58,9.51,1669594.5
RXT,3.4,7,"[0, 1, 1, 1, 1, 1, 1, 0, 1, 0]",4.96,2.66,7.53,0.41,7526546.1
GIII,33.29,8,"[0, 1, 1, 1, 1, 1, 1, 1, 1, 0]",34.64,30.96,36.81,24.81,404185.15
BTGO,7.1,5,"[1, 0, 0, 0, 1, 0, 1, 0, 1, 1]",5.35,7.1,18.49,4.69,1665805.15
TTI,6.77,4,"[0, 0, 0, 0, 1, 1, 1, 0, 1, 0]",8.92,9.34,12.32,4.49,1857581.0
KDK,3.99,1,"[0, 0, 0, 0, 0, 0, 0, 0, 1, 0]",4.68,7.33,10.92,3.79,1014449.75
STAA,23.18,4,"[0, 0, 0, 1, 0, 0, 1, 0, 1, 1]",26.07,24.18,33.34,16.1,1016645.35
TWO,12.18,10,"[1, 1, 1, 1, 1, 1, 1, 1, 1, 1]",12.05,10.93,13.3,8.4,4412465.0
ARRY,4.55,1,"[0, 0, 0, 0, 0, 0, 0, 0, 1, 0]",6.1,7.99,11.96,4.55,7176132.4
BAK,1.63,2,"[0, 0, 0, 0, 1, 0, 0, 0, 1, 0]",2.43,3.32,5.02,1.63,2001349.2
TDOC,6.19,3,"[0, 0, 0, 1, 0, 0, 1, 0, 1, 0]",7.99,6.72,9.72,4.47,5751723.35
WLDN,85.45,3,"[1, 0, 0, 0, 0, 0, 0, 0, 1, 1]",78.91,92.95,134.94,66.91,287286.5
CRVS,14.56,7,"[1, 0, 1, 0, 1, 1, 1, 0, 1, 1]",14.09,13.55,25.52,5.41,770487.25
CRI,33.91,5,"[0, 0, 0, 1, 1, 1, 0, 1, 1, 0]",39.37,36.09,43.75,26.31,1243824.1
PLSE,49.0,10,"[1, 1, 1, 1, 1, 1, 1, 1, 1, 1]",33.95,22.64,50.42,12.66,442663.1
OLMA,10.91,3,"[0, 0, 0, 0, 0, 1, 1, 0, 1, 0]",11.32,17.65,35.83,5.46,1009906.15
TEN,42.27,10,"[1, 1, 1, 1, 1, 1, 1, 1, 1, 1]",38.79,33.22,43.34,20.51,198952.8
WBI,31.79,8,"[0, 1, 1, 1, 1, 1, 1, 1, 1, 0]",32.78,26.92,36.21,18.69,602558.15
ATLC,93.95,8,"[0, 1, 1, 1, 1, 1, 1, 1, 1, 0]",100.25,73.15,111.79,47.96,156112.95
JBIO,21.84,10,"[1, 1, 1, 1, 1, 1, 1, 1, 1, 1]",21.03,17.58,26.85,6.95,809816.45
GPRE,14.65,7,"[0, 0, 1, 1, 1, 1, 1, 1, 1, 0]",16.02,14.13,19.23,8.79,1368577.55
RCAT,9.1,4,"[0, 0, 0, 0, 1, 0, 1, 0, 1, 1]",9.27,10.97,17.36,6.14,9676571.95
MRTN,14.49,7,"[0, 0, 1, 1, 1, 1, 1, 1, 1, 0]",16.23,13.93,18.22,9.28,619963.35
DSGR,34.81,10,"[1, 1, 1, 1, 1, 1, 1, 1, 1, 1]",31.65,28.64,34.96,19.31,218298.4
EVLV,5.28,1,"[0, 0, 0, 0, 0, 0, 0, 0, 1, 0]",5.72,6.1,8.76,4.9,2053471.75
NPKI,13.16,5,"[0, 0, 0, 0, 1, 1, 0, 1, 1, 1]",14.21,13.96,16.35,10.3,832900.05
ABTC,9.24,4,"[1, 0, 0, 0, 0, 0, 1, 0, 1, 1]",7.74,20.76,139.65,5.19,1654530.6
DQ,14.21,3,"[1, 0, 0, 0, 0, 0, 0, 0, 1, 1]",13.18,21.69,35.69,11.63,1141184.4
AMAL,48.42,9,"[1, 1, 1, 1, 1, 1, 1, 1, 1, 0]",47.65,39.63,51.08,24.83,149317.45
VTOL,45.9,8,"[1, 1, 1, 0, 1, 1, 0, 1, 1, 1]",44.18,42.83,49.73,35.4,230337.2
PGY,22.26,7,"[1, 1, 1, 1, 0, 0, 1, 0, 1, 1]",18.42,17.41,43.81,10.64,3220709.85
NAT,6.9,10,"[1, 1, 1, 1, 1, 1, 1, 1, 1, 1]",6.28,4.93,7.02,2.8,2797535.7
PNTG,38.25,8,"[0, 1, 1, 1, 1, 1, 1, 1, 1, 0]",38.68,32.6,42.02,23.64,274190.8
MRVI,9.0,10,"[1, 1, 1, 1, 1, 1, 1, 1, 1, 1]",6.4,4.32,9.0,2.33,3953468.75
NSP,52.34,8,"[1, 1, 1, 1, 0, 1, 1, 1, 1, 0]",47.31,35.65,54.03,19.54,526434.35
MLTX,15.56,5,"[0, 0, 0, 1, 1, 1, 1, 0, 1, 0]",18.59,16.77,61.99,6.24,1340671.6
BLDP,2.31,2,"[0, 0, 0, 0, 1, 0, 0, 0, 1, 0]",3.07,3.08,6.38,1.85,3906152.6
UFCS,53.51,10,"[1, 1, 1, 1, 1, 1, 1, 1, 1, 1]",51.95,42.04,54.93,29.76,144299.85
REAL,11.12,4,"[0, 0, 0, 1, 0, 1, 1, 0, 1, 0]",11.63,12.13,16.9,7.56,3660295.65
JKS,15.5,2,"[0, 0, 0, 0, 0, 0, 0, 0, 1, 1]",16.25,21.52,28.22,14.58,591062.7
AORT,26.38,3,"[1, 0, 0, 0, 0, 0, 1, 0, 1, 0]",25.22,34.51,47.63,20.1,788148.6
KMTS,26.92,9,"[1, 1, 1, 1, 0, 1, 1, 1, 1, 1]",24.7,23.6,28.35,16.12,303762.65
ASTE,43.8,2,"[0, 0, 0, 0, 1, 0, 0, 0, 1, 0]",51.99,51.53,64.66,40.33,311552.5
COLL,27.47,1,"[0, 0, 0, 0, 0, 0, 0, 0, 1, 0]",33.35,38.84,49.84,25.7,793913.3
TK,13.36,10,"[1, 1, 1, 1, 1, 1, 1, 1, 1, 1]",11.51,10.73,13.36,7.31,528494.85
VSTS,12.88,8,"[0, 1, 1, 1, 1, 1, 1, 1, 1, 0]",14.22,9.71,16.5,4.06,1391919.0
DLX,23.93,5,"[0, 0, 0, 0, 1, 1, 1, 1, 1, 0]",24.44,24.37,31.11,17.03,470279.7
CCO,2.38,8,"[0, 1, 1, 1, 1, 1, 1, 1, 1, 0]",2.4,2.28,2.43,1.24,11419717.05
ULCC,5.97,7,"[0, 1, 1, 1, 1, 1, 1, 0, 1, 0]",6.83,5.18,8.06,3.1,3345182.45
ITRN,51.28,7,"[0, 0, 1, 1, 1, 1, 1, 1, 1, 0]",56.5,50.14,65.85,30.77,146305.65
ELE,22.79,9,"[1, 1, 1, 0, 1, 1, 1, 1, 1, 1]",17.34,17.91,24.16,12.54,277693.7
ADTN,8.02,2,"[0, 0, 0, 0, 1, 0, 0, 0, 1, 0]",10.92,11.42,19.4,7.25,2521675.85
ACDC,4.67,5,"[0, 0, 0, 0, 1, 1, 1, 0, 1, 1]",5.02,5.39,8.06,3.19,2011771.55
XPEL,50.22,9,"[1, 1, 1, 1, 0, 1, 1, 1, 1, 1]",46.8,46.68,54.95,32.17,227377.85
PRCH,17.45,10,"[1, 1, 1, 1, 1, 1, 1, 1, 1, 1]",14.48,10.22,19.04,6.4,1733126.5
CMP,24.57,5,"[0, 0, 0, 1, 1, 1, 1, 0, 1, 0]",28.71,25.0,33.51,16.54,546244.35
NEO,16.79,9,"[1, 1, 1, 1, 0, 1, 1, 1, 1, 1]",14.63,11.37,16.98,6.7,2271049.8
MPLT,12.54,4,"[0, 0, 0, 1, 1, 0, 0, 0, 1, 1]",24.73,22.04,39.8,9.9,884987.85
GOOS,8.22,1,"[0, 0, 0, 0, 0, 0, 0, 0, 1, 0]",9.22,11.2,15.1,8.22,907791.3
PRSU,48.93,8,"[0, 1, 1, 1, 1, 1, 1, 1, 1, 0]",51.17,41.01,55.97,32.28,210569.75
VYX,8.13,5,"[1, 1, 0, 1, 0, 0, 1, 0, 1, 0]",8.04,8.42,13.55,6.15,2183598.5
GOLD,46.85,8,"[1, 1, 1, 0, 1, 1, 1, 0, 1, 1]",42.13,41.89,63.6,22.54,428656.4
HQH,23.61,10,"[1, 1, 1, 1, 1, 1, 1, 1, 1, 1]",21.4,18.68,23.99,14.38,226354.55
EYPT,5.01,1,"[0, 0, 0, 0, 0, 0, 0, 0, 1, 0]",12.2,13.91,18.85,4.87,6351968.95
EDN,23.79,3,"[0, 0, 0, 0, 0, 1, 1, 0, 1, 0]",25.01,27.64,35.71,15.01,103805.65
AOSL,26.62,5,"[0, 0, 0, 1, 1, 1, 1, 0, 1, 0]",35.56,29.26,53.32,17.47,612966.15
ALNT,93.1,9,"[0, 1, 1, 1, 1, 1, 1, 1, 1, 1]",95.39,71.72,114.24,41.98,268847.6
GNK,27.32,10,"[1, 1, 1, 1, 1, 1, 1, 1, 1, 1]",24.53,21.44,27.32,14.42,566392.15
LQDT,43.12,10,"[1, 1, 1, 1, 1, 1, 1, 1, 1, 1]",39.7,33.71,43.58,22.16,220144.35
XERS,8.74,8,"[1, 1, 1, 1, 0, 0, 1, 1, 1, 1]",8.16,7.0,9.9,5.29,1735953.45
CDNA,50.8,10,"[1, 1, 1, 1, 1, 1, 1, 1, 1, 1]",36.7,23.69,50.8,12.73,1255062.25
ZBIO,33.77,9,"[1, 1, 1, 1, 0, 1, 1, 1, 1, 1]",28.64,26.07,43.17,15.2,718931.1
EVEX,2.46,2,"[0, 0, 0, 0, 0, 0, 0, 0, 1, 1]",2.55,3.25,5.06,2.18,951195.45
AMN,33.91,9,"[1, 1, 1, 1, 1, 1, 1, 1, 1, 0]",33.37,23.51,36.6,15.1,752216.6
BUR,4.47,3,"[1, 0, 0, 0, 0, 0, 0, 0, 1, 1]",4.24,6.56,13.81,3.92,1572875.9
TDAY,6.49,5,"[0, 0, 0, 1, 1, 1, 1, 0, 1, 0]",8.0,6.74,9.03,3.49,2918452.7
ACVA,7.28,5,"[0, 1, 1, 1, 0, 0, 1, 0, 1, 0]",7.33,6.62,11.81,4.15,4922988.7
KODK,9.44,8,"[1, 1, 1, 0, 1, 1, 1, 0, 1, 1]",8.98,9.0,14.51,5.75,949893.65
DBVT,14.97,4,"[0, 0, 0, 0, 1, 0, 1, 0, 1, 1]",14.98,18.14,24.54,8.7,336646.4
IVA,4.69,5,"[1, 0, 0, 0, 1, 0, 1, 0, 1, 1]",4.31,5.04,7.15,3.41,658027.1
ASST,21.39,7,"[1, 1, 1, 1, 0, 0, 1, 0, 1, 1]",13.16,14.79,178.2,7.16,5082847.65
UVE,43.29,9,"[1, 1, 1, 1, 1, 1, 1, 1, 1, 0]",41.48,35.78,45.08,23.65,202643.9
OSBC,25.19,10,"[1, 1, 1, 1, 1, 1, 1, 1, 1, 1]",24.06,21.09,25.91,16.49,404221.95
MNKD,4.16,6,"[1, 1, 0, 1, 0, 0, 1, 0, 1, 1]",4.03,4.21,6.21,2.28,4525227.75
GHM,93.2,7,"[0, 0, 1, 1, 1, 1, 1, 1, 1, 0]",107.97,86.87,123.79,47.39,200459.05
BFLY,9.04,10,"[1, 1, 1, 1, 1, 1, 1, 1, 1, 1]",7.94,4.92,9.7,1.5,6512375.8
NWPX,110.59,7,"[0, 1, 1, 1, 1, 1, 1, 0, 1, 0]",129.36,91.9,149.94,49.43,172496.85
LGIH,59.07,9,"[1, 1, 1, 1, 1, 1, 1, 1, 1, 0]",58.65,50.13,67.01,34.24,332238.1
SATL,5.36,7,"[1, 0, 1, 0, 1, 1, 1, 0, 1, 1]",4.88,4.63,10.74,1.27,5990356.15
IART,16.79,8,"[0, 1, 1, 1, 1, 1, 1, 1, 1, 0]",17.95,13.59,19.85,8.9,796601.7
UVSP,41.51,8,"[0, 1, 1, 1, 1, 1, 1, 1, 1, 0]",43.27,36.76,44.98,27.6,219211.35
PBT,34.61,10,"[1, 1, 1, 1, 1, 1, 1, 1, 1, 1]",29.0,22.97,34.75,16.16,166737.5
RJET,19.16,4,"[0, 0, 0, 1, 0, 0, 0, 1, 1, 1]",19.25,19.5,25.35,16.34,102243.25
SEPN,41.3,10,"[1, 1, 1, 1, 1, 1, 1, 1, 1, 1]",37.08,28.96,48.19,12.1,456611.15
SVRA,5.6,8,"[0, 1, 1, 1, 0, 1, 1, 1, 1, 1]",5.68,5.53,6.94,3.27,1527998.05
SVC,7.96,2,"[0, 0, 0, 0, 0, 0, 1, 0, 1, 0]",8.33,8.85,14.24,5.83,1607601.9
TNDM,21.58,8,"[1, 1, 1, 0, 0, 1, 1, 1, 1, 1]",18.25,19.62,28.26,11.79,2247314.3
PDM,9.9,10,"[1, 1, 1, 1, 1, 1, 1, 1, 1, 1]",9.5,8.39,9.96,6.39,959047.6
ATEX,92.37,9,"[0, 1, 1, 1, 1, 1, 1, 1, 1, 1]",94.42,50.8,108.21,17.99,349836.6
PLOW,41.68,7,"[0, 0, 1, 1, 1, 1, 1, 1, 1, 0]",45.51,40.99,54.2,28.96,333883.7
RERE,3.94,2,"[0, 0, 0, 0, 0, 1, 0, 0, 1, 0]",4.1,4.75,6.2,3.62,1213808.85
APEI,46.22,5,"[0, 0, 0, 0, 1, 1, 1, 1, 1, 0]",51.01,47.61,60.86,30.18,343421.6
CEVA,27.08,5,"[0, 0, 0, 1, 1, 1, 1, 0, 1, 0]",38.23,28.63,50.06,17.21,1010100.9
INNV,10.92,8,"[0, 1, 1, 1, 1, 1, 1, 1, 1, 0]",10.98,8.03,12.11,3.65,211001.55
HTLD,12.29,7,"[0, 0, 1, 1, 1, 1, 1, 1, 1, 0]",13.93,11.65,16.2,7.04,816599.6
CFFN,8.54,9,"[1, 1, 1, 1, 1, 1, 1, 1, 1, 0]",8.53,7.41,9.1,5.72,877955.75
OMER,19.28,10,"[1, 1, 1, 1, 1, 1, 1, 1, 1, 1]",12.11,11.67,19.32,4.03,2422085.95
LMRI,12.07,6,"[1, 1, 0, 1, 0, 0, 1, 0, 1, 1]",11.18,12.07,18.53,6.77,539782.3
LXU,10.28,4,"[0, 0, 0, 0, 1, 1, 1, 0, 1, 0]",10.85,11.42,16.88,7.76,925734.8
GDRX,3.47,7,"[1, 1, 1, 1, 0, 0, 1, 0, 1, 1]",3.15,2.67,5.03,1.87,1909178.85
KOPN,4.83,10,"[1, 1, 1, 1, 1, 1, 1, 1, 1, 1]",4.24,3.38,6.39,1.82,4409514.75
DAKT,19.11,3,"[0, 0, 0, 0, 1, 1, 0, 0, 1, 0]",20.05,20.57,27.73,16.96,433841.9
INR,14.47,6,"[1, 0, 0, 0, 1, 1, 0, 1, 1, 1]",13.2,14.78,19.23,11.2,253948.4
EPC,28.95,10,"[1, 1, 1, 1, 1, 1, 1, 1, 1, 1]",27.25,21.36,29.66,15.68,584652.05
INDI,3.96,7,"[1, 1, 1, 1, 0, 0, 1, 0, 1, 1]",3.92,3.82,6.0,2.44,8271492.7
PHAT,8.8,1,"[0, 0, 0, 0, 0, 0, 0, 0, 1, 0]",10.29,12.27,18.08,8.23,1801465.3
CRON,3.51,10,"[1, 1, 1, 1, 1, 1, 1, 1, 1, 1]",2.89,2.7,3.51,2.3,1629008.95
JMIA,6.85,3,"[1, 0, 0, 0, 0, 0, 0, 0, 1, 1]",6.47,8.73,14.6,5.69,1940650.4
XNCR,29.3,9,"[1, 1, 1, 1, 0, 1, 1, 1, 1, 1]",18.83,14.63,29.3,7.9,1210842.7
CMPS,14.88,10,"[1, 1, 1, 1, 1, 1, 1, 1, 1, 1]",12.91,8.84,15.07,4.42,2763042.6
METC,12.92,4,"[1, 0, 0, 0, 0, 0, 1, 0, 1, 1]",11.77,15.53,54.55,8.9,2366262.9
AMBQ,60.12,7,"[0, 1, 1, 1, 1, 1, 1, 0, 1, 0]",73.3,46.37,90.48,22.76,457680.2
NUTX,188.1,9,"[1, 1, 1, 1, 0, 1, 1, 1, 1, 1]",167.87,137.97,197.51,80.92,164888.0
CODI,11.52,10,"[1, 1, 1, 1, 1, 1, 1, 1, 1, 1]",10.66,8.52,12.71,4.65,801725.0
SANA,4.1,6,"[1, 1, 1, 0, 0, 0, 1, 0, 1, 1]",3.49,3.7,5.92,2.68,2564308.7
SCSC,56.19,9,"[1, 1, 1, 1, 1, 1, 1, 1, 1, 0]",53.33,43.54,58.89,34.27,322476.3
NX,19.94,9,"[1, 1, 1, 0, 1, 1, 1, 1, 1, 1]",18.66,17.74,22.34,11.09,303786.6
AVO,13.03,7,"[1, 0, 1, 0, 1, 1, 0, 1, 1, 1]",12.69,12.81,15.34,10.11,677854.25
ANNX,5.15,5,"[0, 0, 0, 0, 1, 1, 1, 0, 1, 1]",5.38,5.31,6.96,2.05,2636661.8
AMTB,28.6,9,"[1, 1, 1, 1, 1, 1, 1, 1, 1, 0]",26.93,22.64,30.49,16.43,364824.7
ABSI,9.63,10,"[1, 1, 1, 1, 1, 1, 1, 1, 1, 1]",9.11,5.04,11.62,2.3,2659696.0
AMC,2.65,7,"[1, 1, 1, 1, 0, 0, 1, 1, 1, 0]",2.33,1.78,3.15,0.95,24116200.0
ORIC,13.83,10,"[1, 1, 1, 1, 1, 1, 1, 1, 1, 1]",11.48,10.63,14.65,7.47,1505333.95
RHLD,144.64,5,"[1, 0, 0, 0, 0, 1, 1, 0, 1, 1]",132.78,158.03,226.37,63.97,177101.6
TBN,37.72,10,"[1, 1, 1, 1, 1, 1, 1, 1, 1, 1]",33.9,31.58,49.99,20.0,103913.2
JBSS,74.83,6,"[0, 0, 0, 1, 1, 1, 1, 1, 1, 0]",81.38,75.23,88.51,56.28,158243.95
MGTX,14.92,10,"[1, 1, 1, 1, 1, 1, 1, 1, 1, 1]",12.68,9.49,14.97,6.99,595072.85
HEPS,2.7,6,"[0, 0, 1, 1, 1, 1, 0, 1, 1, 0]",2.85,2.7,3.29,2.18,163368.5
AGL,96.11,7,"[0, 1, 1, 1, 1, 1, 1, 0, 1, 0]",105.29,48.55,129.84,7.91,368653.45
HAFC,30.96,8,"[0, 1, 1, 1, 1, 1, 1, 1, 1, 0]",31.78,28.5,33.02,22.1,213559.3
SLS,14.09,10,"[1, 1, 1, 1, 1, 1, 1, 1, 1, 1]",11.95,6.31,15.46,1.39,6449559.55
BJRI,65.34,9,"[1, 1, 1, 1, 1, 1, 1, 1, 1, 0]",63.48,45.82,74.26,28.69,526159.2
CGEM,22.95,10,"[1, 1, 1, 1, 1, 1, 1, 1, 1, 1]",18.13,14.05,22.95,5.75,692835.2
VPG,64.45,5,"[0, 0, 0, 1, 1, 1, 1, 0, 1, 0]",101.79,67.17,149.91,27.98,752014.2
SHEN,12.28,4,"[0, 0, 0, 0, 1, 1, 0, 0, 1, 1]",13.05,13.41,17.1,9.9,478209.7
ROOT,57.7,5,"[1, 1, 0, 1, 0, 0, 1, 0, 1, 0]",56.71,60.5,102.88,43.21,308223.4
GERN,1.55,9,"[1, 1, 1, 0, 1, 1, 1, 1, 1, 1]",1.43,1.42,1.95,1.07,11916119.75
VLRS,7.13,4,"[0, 0, 0, 1, 1, 1, 0, 0, 1, 0]",8.19,8.05,10.63,5.92,503846.85
LXRX,2.34,9,"[1, 1, 1, 1, 1, 1, 1, 1, 1, 0]",2.3,1.75,2.64,1.07,2882157.35
DSGN,15.68,10,"[1, 1, 1, 1, 1, 1, 1, 1, 1, 1]",13.65,11.33,15.94,5.29,495170.35
HNRG,16.36,3,"[1, 0, 0, 0, 0, 0, 0, 0, 1, 1]",16.18,17.93,23.81,13.7,891617.7
NB,4.47,2,"[0, 0, 0, 0, 0, 0, 0, 0, 1, 1]",4.69,5.47,11.67,3.86,4016710.15
MATW,21.5,4,"[0, 0, 0, 0, 1, 1, 0, 1, 1, 0]",25.67,25.65,28.54,21.21,761601.1
TBPH,17.03,7,"[1, 1, 0, 1, 0, 1, 0, 1, 1, 1]",16.92,17.28,20.74,13.57,530523.95
BVS,14.08,10,"[1, 1, 1, 1, 1, 1, 1, 1, 1, 1]",12.08,9.44,15.26,6.51,839364.75
OMDA,23.94,8,"[1, 1, 1, 1, 0, 0, 1, 1, 1, 1]",21.78,16.87,26.78,10.94,1460920.5
SCHL,40.99,9,"[0, 1, 1, 1, 1, 1, 1, 1, 1, 1]",43.45,37.03,47.34,23.81,324168.8
TALK,5.25,10,"[1, 1, 1, 1, 1, 1, 1, 1, 1, 1]",5.21,4.43,5.25,2.49,1497804.8
ABX,9.88,8,"[0, 1, 1, 1, 1, 1, 1, 1, 1, 0]",10.18,8.84,12.0,4.87,581922.75
SPRY,5.72,2,"[0, 0, 0, 0, 0, 0, 0, 0, 1, 1]",7.09,8.67,13.89,5.13,2195131.65
CTMX,3.37,4,"[0, 0, 0, 0, 1, 0, 1, 0, 1, 1]",3.41,4.17,6.75,1.93,2533100.6
MYE,32.68,9,"[1, 1, 1, 1, 1, 1, 1, 1, 1, 0]",31.79,23.4,36.74,15.41,410626.45
ABUS,5.2,9,"[1, 1, 1, 1, 0, 1, 1, 1, 1, 1]",4.64,4.47,5.22,3.65,3453804.95
AEVA,16.16,6,"[0, 0, 0, 1, 1, 1, 1, 0, 1, 1]",20.77,16.92,29.29,9.19,1933480.8
KOP,46.13,8,"[0, 1, 1, 1, 1, 1, 1, 1, 1, 0]",47.38,37.57,52.33,26.16,209933.6
NBBK,22.43,9,"[1, 1, 1, 1, 1, 1, 1, 1, 1, 0]",21.71,20.76,23.25,16.64,344710.1
IBTA,38.74,10,"[1, 1, 1, 1, 1, 1, 1, 1, 1, 1]",32.65,28.41,38.84,19.25,324391.9
CRSR,11.84,10,"[1, 1, 1, 1, 1, 1, 1, 1, 1, 1]",10.33,7.36,14.35,4.58,2297715.5
KRO,8.91,10,"[1, 1, 1, 1, 1, 1, 1, 1, 1, 1]",6.95,6.06,8.91,4.21,474418.6
ODD,14.2,2,"[0, 0, 0, 0, 0, 0, 1, 0, 1, 0]",14.64,22.63,63.68,9.81,807417.6
DRUG,79.49,9,"[1, 1, 1, 0, 1, 1, 1, 1, 1, 1]",73.0,77.34,95.99,38.8,169703.5
KURA,13.59,9,"[1, 1, 1, 1, 0, 1, 1, 1, 1, 1]",10.63,9.71,13.59,7.4,2097646.45
SCZM,9.77,8,"[1, 1, 1, 0, 1, 1, 1, 0, 1, 1]",7.31,8.67,16.16,4.8,539081.0
CVLG,35.07,7,"[0, 1, 1, 1, 1, 1, 1, 0, 1, 0]",41.31,31.35,49.88,17.94,229674.6
PURR,11.87,7,"[1, 1, 0, 1, 0, 0, 1, 1, 1, 1]",7.74,11.87,11.87,3.1,15224512.25
TSAT,42.38,8,"[0, 1, 1, 1, 1, 1, 1, 0, 1, 1]",44.64,38.72,61.4,20.12,292967.65
SG,6.9,6,"[0, 1, 1, 1, 0, 0, 1, 0, 1, 1]",7.14,6.76,10.21,4.7,6585332.85
VOR,24.01,8,"[1, 1, 1, 1, 1, 0, 1, 0, 1, 1]",19.75,15.22,48.72,6.86,803976.6
EVMN,13.79,3,"[0, 0, 0, 0, 1, 0, 0, 0, 1, 1]",14.64,20.17,31.57,11.05,468852.15
WYFI,20.4,4,"[0, 0, 0, 1, 1, 0, 1, 0, 1, 0]",29.75,21.74,44.77,10.78,2799366.5
SABR,2.26,10,"[1, 1, 1, 1, 1, 1, 1, 1, 1, 1]",1.95,1.63,2.26,0.82,4014761.75
CGNT,8.37,3,"[0, 0, 0, 0, 0, 1, 1, 0, 1, 0]",8.79,8.88,12.24,6.34,499507.55
ETON,63.05,10,"[1, 1, 1, 1, 1, 1, 1, 1, 1, 1]",43.31,26.54,64.43,14.35,678093.6
WEST,8.13,9,"[1, 1, 1, 1, 1, 1, 1, 1, 1, 0]",8.11,5.91,9.73,3.71,414893.95
EGBN,27.68,8,"[0, 1, 1, 1, 1, 1, 1, 1, 1, 0]",27.82,25.0,29.12,15.78,233560.0
GO,12.12,7,"[1, 1, 1, 1, 0, 0, 1, 0, 1, 1]",9.99,9.23,18.66,5.79,2848607.3
BIOA,10.11,4,"[0, 0, 0, 0, 1, 1, 1, 0, 1, 0]",18.33,16.85,25.1,4.61,1370943.95
ASC,17.99,10,"[1, 1, 1, 1, 1, 1, 1, 1, 1, 1]",16.55,14.69,19.22,10.15,584052.1
ADAM,9.84,10,"[1, 1, 1, 1, 1, 1, 1, 1, 1, 1]",9.32,7.97,10.23,5.99,941248.25
DXYZ,34.65,8,"[1, 1, 1, 0, 1, 1, 1, 0, 1, 1]",27.06,30.88,71.24,20.82,1369939.25
SUPV,8.78,3,"[0, 0, 0, 0, 0, 1, 1, 0, 1, 0]",9.38,9.91,12.86,4.69,668792.7
NRGV,3.93,4,"[1, 0, 0, 0, 0, 0, 1, 0, 1, 1]",3.6,4.08,6.49,1.64,5342832.75
IMSR,5.58,2,"[0, 0, 0, 0, 0, 0, 0, 0, 1, 1]",5.92,7.59,27.1,4.62,1685160.1
ANRO,36.31,10,"[1, 1, 1, 1, 1, 1, 1, 1, 1, 1]",27.86,21.32,36.31,3.51,465650.7
KFRC,57.62,9,"[1, 1, 1, 1, 1, 1, 1, 1, 1, 0]",54.65,38.34,60.45,23.68,238609.9
CWH,6.48,2,"[0, 0, 0, 0, 0, 0, 0, 0, 1, 1]",6.64,8.64,17.56,5.63,1941496.35
ARKO,4.67,4,"[0, 0, 0, 1, 1, 1, 0, 0, 1, 0]",6.99,6.02,8.58,3.73,1197142.2
IHRT,2.68,2,"[0, 0, 0, 0, 0, 1, 0, 0, 1, 0]",3.68,3.88,6.33,2.1,676742.0
PSTL,23.4,9,"[1, 1, 1, 1, 1, 1, 1, 1, 1, 0]",23.36,19.72,24.72,13.9,315017.1
MTUS,19.29,8,"[0, 1, 1, 1, 1, 1, 1, 1, 1, 0]",20.0,18.6,22.03,14.56,392182.7
RLMD,4.59,4,"[0, 0, 0, 0, 1, 1, 1, 0, 1, 0]",5.65,5.44,7.86,0.66,1207624.05
CRESY,11.3,5,"[1, 0, 0, 0, 0, 1, 1, 1, 1, 0]",11.09,11.56,14.11,7.88,235644.95
CBLL,23.95,10,"[1, 1, 1, 1, 1, 1, 1, 1, 1, 1]",19.75,19.29,24.89,10.92,453824.05
LYTS,20.65,5,"[0, 0, 0, 1, 1, 1, 0, 1, 1, 0]",24.35,21.61,26.8,17.17,393755.15
NXDR,2.39,9,"[1, 1, 1, 1, 0, 1, 1, 1, 1, 1]",2.35,1.94,2.77,1.36,2123625.9
DSP,12.31,10,"[1, 1, 1, 1, 1, 1, 1, 1, 1, 1]",12.18,11.35,14.09,8.14,311753.65
PGC,45.15,8,"[0, 1, 1, 1, 1, 1, 1, 1, 1, 0]",46.13,37.19,48.28,24.62,168140.75
HZO,52.18,10,"[1, 1, 1, 1, 1, 1, 1, 1, 1, 1]",39.18,30.81,52.46,21.43,931482.3
ALLO,2.17,8,"[1, 1, 1, 0, 1, 1, 1, 0, 1, 1]",1.98,1.93,3.06,1.05,5699190.9
HSHP,16.7,10,"[1, 1, 1, 1, 1, 1, 1, 1, 1, 1]",14.84,12.0,16.7,6.82,321019.85
DRTS,14.7,10,"[1, 1, 1, 1, 1, 1, 1, 1, 1, 1]",12.56,8.36,14.92,3.32,505264.0
FOXF,21.23,8,"[1, 1, 1, 1, 1, 0, 1, 0, 1, 1]",18.93,17.71,29.7,13.19,624690.75
PRAA,19.68,10,"[1, 1, 1, 1, 1, 1, 1, 1, 1, 1]",18.1,16.89,22.23,10.42,423950.85
NTGR,21.39,1,"[0, 0, 0, 0, 0, 0, 0, 0, 1, 0]",23.17,23.71,36.01,19.87,343836.3
HPK,7.87,10,"[1, 1, 1, 1, 1, 1, 1, 1, 1, 1]",7.31,6.21,8.32,3.89,496092.0
KRNT,16.74,10,"[1, 1, 1, 1, 1, 1, 1, 1, 1, 1]",16.13,15.08,18.04,12.31,297712.55
FCEL,19.29,7,"[0, 1, 1, 1, 1, 1, 1, 0, 1, 0]",21.99,13.04,36.01,3.92,8587135.65
EVER,26.85,8,"[1, 1, 1, 1, 0, 1, 1, 1, 1, 0]",24.43,21.39,27.87,14.27,706229.45
GFR,6.22,10,"[1, 1, 1, 1, 1, 1, 1, 1, 1, 1]",6.08,5.72,7.1,4.33,519694.9
LPTH,13.79,10,"[1, 1, 1, 1, 1, 1, 1, 1, 1, 1]",12.84,11.75,18.15,4.8,2634106.1
RMT,14.2,10,"[1, 1, 1, 1, 1, 1, 1, 1, 1, 1]",14.11,12.18,14.68,9.02,101257.75
SB,8.7,10,"[1, 1, 1, 1, 1, 1, 1, 1, 1, 1]",7.23,6.13,8.7,4.03,751210.55
HIVE,3.02,6,"[0, 1, 1, 1, 0, 0, 1, 0, 1, 1]",3.23,2.95,6.96,1.75,25256205.6
SLDB,9.89,10,"[1, 1, 1, 1, 1, 1, 1, 1, 1, 1]",9.01,7.09,11.15,3.93,905204.3
GDOT,13.41,9,"[1, 1, 1, 1, 1, 1, 0, 1, 1, 1]",13.3,12.44,15.25,10.53,402645.05
MAKO,11.07,10,"[1, 1, 1, 1, 1, 1, 1, 1, 1, 1]",8.19,7.21,11.07,4.39,217479.75
MVST,0.79,2,"[0, 0, 0, 0, 0, 0, 0, 0, 1, 1]",0.97,2.05,6.4,0.71,6996193.5
MITK,18.02,9,"[0, 1, 1, 1, 1, 1, 1, 1, 1, 1]",18.2,13.96,20.14,8.65,763238.75
RDVT,69.39,9,"[1, 1, 1, 1, 0, 1, 1, 1, 1, 1]",65.2,51.77,73.74,34.4,307347.3
KRUS,47.02,2,"[0, 0, 0, 0, 1, 0, 0, 0, 1, 0]",50.21,56.7,85.05,42.67,153192.05
MRLN,3.35,1,"[0, 0, 0, 0, 0, 0, 0, 0, 1, 0]",4.39,8.57,16.09,3.28,1177395.5
BLMN,11.04,10,"[1, 1, 1, 1, 1, 1, 1, 1, 1, 1]",9.2,7.32,11.85,5.26,2255459.6
IRWD,4.39,10,"[1, 1, 1, 1, 1, 1, 1, 1, 1, 1]",4.09,3.88,5.39,1.1,2281560.3
HUYA,2.15,2,"[0, 0, 0, 0, 1, 0, 0, 0, 1, 0]",2.35,2.87,4.6,2.15,1155590.7
SLDP,2.34,2,"[0, 0, 0, 0, 0, 0, 0, 0, 1, 1]",2.39,3.63,8.51,2.0,3344208.25
ACRS,6.53,10,"[1, 1, 1, 1, 1, 1, 1, 1, 1, 1]",5.52,4.06,6.53,1.81,1956070.7
HRTG,34.2,9,"[1, 1, 1, 1, 0, 1, 1, 1, 1, 1]",28.77,27.12,35.21,20.88,357307.0
CYRX,16.72,10,"[1, 1, 1, 1, 1, 1, 1, 1, 1, 1]",15.56,11.54,17.13,7.72,573711.5
CTO,21.95,10,"[1, 1, 1, 1, 1, 1, 1, 1, 1, 1]",21.67,19.16,22.53,14.38,381840.1
ASPI,4.0,2,"[0, 0, 0, 0, 0, 0, 0, 0, 1, 1]",4.85,5.72,14.05,3.54,3432318.35
OXM,36.8,4,"[0, 0, 0, 0, 1, 1, 0, 1, 1, 0]",36.96,37.59,48.22,30.22,256088.5
GRPN,19.59,7,"[0, 1, 1, 1, 1, 1, 1, 0, 1, 0]",23.62,17.31,28.58,9.64,1458465.3
ALRS,33.07,9,"[1, 1, 1, 1, 1, 1, 1, 1, 1, 0]",32.07,26.19,34.12,20.29,187315.2
LAES,2.54,2,"[0, 0, 0, 0, 0, 0, 0, 0, 1, 1]",2.75,3.48,7.65,2.09,11208876.15
