ticker,price,score,points,sma50,sma200,wk52_high,wk52_low,volume
NVDA,207.29,7,"[0, 1, 1, 1, 1, 1, 0, 1, 1, 0]",209.65,192.38,235.47,164.98,136675059.75
GOOGL,347.15,8,"[0, 1, 1, 1, 1, 1, 1, 1, 1, 0]",368.56,322.4,402.38,188.59,32846211.45
GOOG,346.19,8,"[0, 1, 1, 1, 1, 1, 1, 1, 1, 0]",366.02,321.68,398.8,189.41,21935134.45
AAPL,327.74,10,"[1, 1, 1, 1, 1, 1, 1, 1, 1, 1]",304.23,274.61,333.74,201.58,65589251.55
AMZN,247.55,8,"[0, 1, 1, 1, 1, 1, 0, 1, 1, 1]",251.16,234.35,274.99,198.79,56989306.35
AVGO,386.5,8,"[0, 1, 1, 1, 1, 1, 1, 1, 1, 0]",401.1,363.01,480.81,276.56,24138040.55
TSM,424.61,8,"[0, 1, 1, 1, 1, 1, 1, 1, 1, 0]",425.09,351.66,477.57,224.84,15569811.8
TSLA,378.93,2,"[0, 0, 0, 0, 0, 0, 0, 1, 1, 0]",408.56,416.27,489.88,302.63,39868439.6
WMT,110.39,4,"[0, 0, 0, 0, 1, 1, 0, 1, 1, 0]",118.89,117.3,134.2,94.89,22695511.9
LLY,1175.41,10,"[1, 1, 1, 1, 1, 1, 1, 1, 1, 1]",1116.46,1008.67,1235.56,621.26,2950191.55
MU,970.82,9,"[1, 1, 1, 1, 1, 1, 1, 1, 1, 0]",944.04,490.35,1213.37,104.71,51755613.5
AMD,544.43,9,"[1, 1, 1, 1, 1, 1, 1, 1, 1, 0]",503.45,300.3,580.91,151.14,28359617.55
INTC,105.45,7,"[0, 1, 1, 1, 1, 1, 1, 0, 1, 0]",116.86,64.84,140.94,19.31,108162579.7
XOM,151.71,10,"[1, 1, 1, 1, 1, 1, 1, 1, 1, 1]",145.99,136.22,170.31,102.56,15475223.8
ASML,1801.51,9,"[1, 1, 1, 1, 1, 1, 1, 1, 1, 0]",1728.06,1362.19,1989.44,686.0,2173088.0
ORCL,127.05,2,"[0, 0, 0, 1, 0, 0, 0, 0, 1, 0]",175.32,188.62,324.63,121.38,40140461.65
JNJ,250.61,10,"[1, 1, 1, 1, 1, 1, 1, 1, 1, 1]",239.42,221.79,267.24,160.72,8627518.3
CAT,889.97,6,"[0, 1, 1, 1, 1, 1, 0, 0, 1, 0]",925.99,721.28,,,3720850.1
CSCO,112.18,8,"[0, 1, 1, 1, 1, 1, 1, 1, 1, 0]",116.4,87.02,129.52,64.86,24367657.35
LRCX,322.0,7,"[0, 1, 1, 1, 1, 1, 1, 0, 1, 0]",337.03,234.7,433.33,94.32,13169464.45
CVX,191.07,10,"[1, 1, 1, 1, 1, 1, 1, 1, 1, 1]",181.88,171.58,209.23,144.01,8829559.7
AMAT,564.55,9,"[1, 1, 1, 1, 1, 1, 1, 1, 1, 0]",530.54,361.18,723.0,155.56,11684021.3
UNH,436.35,10,"[1, 1, 1, 1, 1, 1, 1, 1, 1, 1]",404.19,338.74,436.35,231.57,6198695.45
BABA,117.97,3,"[1, 0, 0, 0, 0, 0, 0, 0, 1, 1]",117.01,142.39,187.62,94.81,14611831.2
GE,340.7,9,"[1, 1, 1, 1, 1, 1, 1, 1, 1, 0]",334.84,312.15,378.68,257.69,4803240.25
HSBC,101.12,10,"[1, 1, 1, 1, 1, 1, 1, 1, 1, 1]",94.14,81.97,101.12,58.43,1280383.2
MS,216.4,9,"[1, 1, 1, 1, 1, 1, 1, 1, 1, 0]",211.21,181.0,228.55,136.74,6130095.8
AZN,169.34,4,"[0, 0, 0, 0, 1, 1, 0, 1, 1, 0]",181.33,183.89,208.62,138.54,2732246.2
GEV,1078.81,7,"[1, 1, 1, 1, 1, 1, 0, 0, 1, 0]",1035.91,821.15,,,2820645.75
GS,1085.56,9,"[1, 1, 1, 1, 1, 1, 1, 1, 1, 0]",1032.82,899.85,1152.07,686.59,2070196.5
MRK,126.26,10,"[1, 1, 1, 1, 1, 1, 1, 1, 1, 1]",119.6,108.59,129.56,75.59,10040160.7
NVS,153.87,10,"[1, 1, 1, 1, 1, 1, 1, 1, 1, 1]",151.22,142.98,163.64,110.15,2316491.35
TXN,291.3,8,"[0, 1, 1, 1, 1, 1, 1, 1, 1, 0]",301.35,221.13,332.28,151.57,8947177.25
RY,210.88,10,"[1, 1, 1, 1, 1, 1, 1, 1, 1, 1]",198.26,170.94,217.87,127.59,1639455.95
KLAC,217.56,7,"[0, 1, 1, 1, 1, 1, 1, 0, 1, 0]",218.93,158.72,301.71,84.03,14264257.95
RTX,193.67,9,"[1, 1, 1, 0, 1, 1, 1, 1, 1, 1]",184.5,184.93,211.28,146.83,4298353.4
SNDK,1589.4,7,"[0, 1, 1, 1, 1, 1, 1, 0, 1, 0]",1728.91,795.47,2335.0,40.69,13632069.55
QCOM,173.5,6,"[0, 1, 1, 1, 0, 1, 1, 0, 1, 0]",205.8,167.86,250.1,123.61,17974150.45
ARM,289.73,7,"[0, 1, 1, 1, 1, 1, 1, 0, 1, 0]",318.39,186.08,439.46,104.55,6882325.75
C,132.84,8,"[0, 1, 1, 1, 1, 1, 1, 1, 1, 0]",133.92,116.72,145.67,89.79,14046295.2
BHP,83.45,8,"[0, 1, 1, 1, 1, 1, 1, 1, 1, 0]",85.13,70.28,93.15,49.67,2527009.65
ADI,382.81,8,"[0, 1, 1, 1, 1, 1, 1, 1, 1, 0]",405.32,324.55,445.48,217.76,4814916.25
NVO,49.38,7,"[1, 1, 1, 1, 0, 0, 1, 0, 1, 1]",46.23,46.25,68.39,34.76,10437418.3
MUFG,22.12,10,"[1, 1, 1, 1, 1, 1, 1, 1, 1, 1]",20.1,17.64,22.77,13.68,3237719.6
TTE,83.53,9,"[0, 1, 1, 1, 1, 1, 1, 1, 1, 1]",84.74,75.45,93.6,55.92,1760393.75
NEE,87.93,7,"[1, 0, 1, 0, 1, 1, 0, 1, 1, 1]",87.83,86.52,97.17,68.33,11275379.15
BA,204.8,3,"[0, 0, 0, 0, 1, 0, 0, 1, 1, 0]",221.44,218.53,252.15,179.12,5429179.45
TD,120.53,10,"[1, 1, 1, 1, 1, 1, 1, 1, 1, 1]",115.32,96.98,124.8,71.5,3156323.75
SAN,13.65,9,"[1, 1, 1, 1, 1, 1, 1, 1, 1, 0]",12.93,11.69,14.37,8.3,8256193.95
RIO,90.55,7,"[0, 0, 1, 1, 1, 1, 1, 1, 1, 0]",99.92,87.17,112.04,56.5,2903751.45
ANET,174.58,10,"[1, 1, 1, 1, 1, 1, 1, 1, 1, 1]",161.77,144.98,186.96,109.78,8498864.9
STX,891.83,9,"[1, 1, 1, 1, 1, 1, 1, 1, 1, 0]",882.13,493.23,1093.26,145.39,5087234.2
DELL,404.15,9,"[1, 1, 1, 1, 1, 1, 1, 1, 1, 0]",371.71,203.26,465.96,110.73,7436350.6
PANW,342.15,10,"[1, 1, 1, 1, 1, 1, 1, 1, 1, 1]",290.09,209.82,358.68,141.67,7337206.85
WDC,548.39,7,"[0, 1, 1, 1, 1, 1, 1, 0, 1, 0]",555.81,315.94,746.23,66.88,9224117.35
GILD,130.28,7,"[1, 0, 1, 0, 1, 1, 0, 1, 1, 1]",129.41,129.79,153.91,107.37,7717665.5
GLW,162.41,7,"[0, 1, 1, 1, 1, 1, 1, 0, 1, 0]",191.0,132.73,255.69,53.44,16284107.4
BUD,81.55,10,"[1, 1, 1, 1, 1, 1, 1, 1, 1, 1]",81.1,70.82,85.09,56.26,2220759.85
APP,428.69,2,"[0, 0, 0, 1, 0, 0, 0, 0, 1, 0]",502.88,528.99,733.6,350.0,5353136.4
APH,157.81,9,"[1, 1, 1, 1, 1, 1, 1, 1, 1, 0]",149.13,140.52,176.32,100.03,7352233.85
DE,586.88,9,"[1, 1, 1, 1, 1, 1, 1, 1, 1, 0]",581.42,538.8,658.85,435.19,1188791.85
SCCO,188.01,9,"[1, 1, 1, 1, 1, 1, 1, 1, 1, 0]",180.93,165.16,215.55,85.21,1264435.05
WELL,246.37,10,"[1, 1, 1, 1, 1, 1, 1, 1, 1, 1]",219.57,200.32,246.37,155.89,3094419.55
MRVL,207.96,7,"[0, 1, 1, 1, 1, 1, 1, 0, 1, 0]",236.92,130.95,316.35,62.18,30652109.35
IBKR,94.42,9,"[1, 1, 1, 1, 1, 1, 1, 1, 1, 0]",89.44,75.1,97.41,59.96,4389854.3
COP,117.5,10,"[1, 1, 1, 1, 1, 1, 1, 1, 1, 1]",113.78,105.65,132.81,83.6,6912452.95
PLD,149.94,10,"[1, 1, 1, 1, 1, 1, 1, 1, 1, 1]",142.87,132.39,150.06,100.81,3939075.25
UBS,52.33,10,"[1, 1, 1, 1, 1, 1, 1, 1, 1, 1]",49.06,42.83,55.07,35.49,1685116.95
SMFG,25.92,10,"[1, 1, 1, 1, 1, 1, 1, 1, 1, 1]",23.75,20.54,26.5,15.02,1863523.35
CRWD,191.15,10,"[1, 1, 1, 1, 1, 1, 1, 1, 1, 1]",174.89,130.27,210.73,87.56,10272044.5
VRT,304.5,8,"[0, 1, 1, 1, 1, 1, 1, 1, 1, 0]",319.9,242.15,376.15,121.69,6190548.5
BTI,61.42,9,"[1, 1, 1, 1, 1, 1, 0, 1, 1, 1]",61.07,56.76,65.79,48.34,4532130.65
BBVA,25.66,10,"[1, 1, 1, 1, 1, 1, 1, 1, 1, 1]",23.81,22.03,26.14,14.15,1211698.8
NEM,92.49,4,"[0, 0, 0, 0, 1, 1, 1, 0, 1, 0]",102.07,103.62,131.38,60.77,7950807.35
PBR,18.54,10,"[1, 1, 1, 1, 1, 1, 1, 1, 1, 1]",18.06,15.83,21.86,11.39,14532010.95
PBR-A,16.45,10,"[1, 1, 1, 1, 1, 1, 1, 1, 1, 1]",16.2,14.54,19.73,10.67,6429401.7
SBUX,104.45,10,"[1, 1, 1, 1, 1, 1, 1, 1, 1, 1]",102.62,93.24,108.37,76.95,7016230.7
CVS,110.6,10,"[1, 1, 1, 1, 1, 1, 1, 1, 1, 1]",99.2,82.64,110.6,57.3,7403907.95
BMY,60.93,10,"[1, 1, 1, 1, 1, 1, 1, 1, 1, 1]",56.66,53.75,61.04,41.21,12081837.8
BP,42.76,10,"[1, 1, 1, 1, 1, 1, 1, 1, 1, 1]",41.48,38.77,47.09,30.13,9880038.6
PWR,639.2,8,"[0, 1, 1, 1, 1, 1, 1, 1, 1, 0]",701.71,553.15,785.12,372.18,1336484.7
PH,959.58,8,"[1, 1, 1, 0, 1, 1, 1, 1, 1, 0]",912.87,895.35,1020.71,691.12,572957.8
HWM,279.0,9,"[1, 1, 1, 1, 1, 1, 1, 1, 1, 0]",266.66,232.42,283.23,170.73,3186974.2
BMO,178.76,10,"[1, 1, 1, 1, 1, 1, 1, 1, 1, 1]",167.99,142.7,183.65,109.55,734140.5
EQIX,1027.88,8,"[0, 1, 1, 1, 1, 1, 1, 1, 1, 0]",1058.7,915.05,1115.94,718.6,615062.5
MFG,10.36,10,"[1, 1, 1, 1, 1, 1, 1, 1, 1, 1]",9.59,8.24,10.66,5.73,4106332.05
TT,469.89,8,"[1, 1, 1, 1, 1, 1, 0, 1, 1, 0]",469.29,436.71,503.46,374.67,1283048.95
CM,117.37,10,"[1, 1, 1, 1, 1, 1, 1, 1, 1, 1]",112.97,97.39,121.24,70.39,1775387.55
CDNS,344.64,6,"[0, 1, 1, 1, 0, 1, 0, 1, 1, 0]",374.15,327.97,416.39,265.66,2128558.0
GSK,50.78,7,"[0, 0, 1, 0, 1, 1, 1, 1, 1, 1]",51.41,50.66,60.14,35.42,3865533.1
SNPS,389.07,3,"[0, 0, 0, 1, 1, 0, 0, 0, 1, 0]",466.65,453.1,645.35,378.46,1974220.6
AEM,141.62,2,"[0, 0, 0, 0, 1, 0, 0, 0, 1, 0]",164.8,183.41,251.57,122.23,2625091.95
HCA,373.09,1,"[0, 0, 0, 0, 0, 0, 0, 0, 1, 0]",391.79,457.15,543.23,332.07,1646323.15
BNS,87.37,10,"[1, 1, 1, 1, 1, 1, 1, 1, 1, 1]",82.66,73.69,90.29,54.93,3093275.0
CMI,660.45,8,"[0, 1, 1, 1, 1, 1, 1, 1, 1, 0]",675.9,568.31,727.59,350.23,1017324.35
MAR,367.81,8,"[0, 1, 1, 1, 1, 1, 1, 1, 1, 0]",375.33,329.79,402.54,253.11,1522790.3
CNQ,44.9,10,"[1, 1, 1, 1, 1, 1, 1, 1, 1, 1]",43.88,39.23,49.57,28.74,8571847.65
EQNR,37.59,10,"[1, 1, 1, 1, 1, 1, 1, 1, 1, 1]",35.75,30.2,41.97,21.89,3625990.9
ITUB,8.4,9,"[1, 1, 1, 0, 1, 1, 1, 1, 1, 1]",7.97,7.74,9.38,5.49,20372746.5
FDX,315.19,8,"[0, 1, 1, 1, 1, 1, 1, 1, 1, 0]",318.18,269.73,337.48,171.6,2234698.6
FCX,62.56,8,"[0, 1, 1, 1, 1, 1, 1, 1, 1, 0]",63.57,55.98,71.55,34.96,15712534.65
USB,63.71,10,"[1, 1, 1, 1, 1, 1, 1, 1, 1, 1]",57.71,53.13,64.01,42.26,9144361.35
JCI,141.71,9,"[1, 1, 1, 1, 1, 1, 1, 1, 1, 0]",141.62,128.79,148.21,102.64,4495502.1
ING,33.11,10,"[1, 1, 1, 1, 1, 1, 1, 1, 1, 1]",31.02,27.59,33.31,22.03,3221391.45
FTNT,158.1,10,"[1, 1, 1, 1, 1, 1, 1, 1, 1, 1]",144.25,97.81,166.83,74.39,5299558.5
MNST,94.46,10,"[1, 1, 1, 1, 1, 1, 1, 1, 1, 1]",91.98,79.48,99.94,58.75,6103324.45
CSX,49.89,10,"[1, 1, 1, 1, 1, 1, 1, 1, 1, 1]",47.14,40.5,50.89,31.73,12013736.6
AMX,26.09,10,"[1, 1, 1, 1, 1, 1, 1, 1, 1, 1]",25.95,23.59,27.42,16.8,1248619.3
ELV,393.44,8,"[0, 1, 1, 1, 1, 1, 1, 1, 1, 0]",397.92,347.38,426.79,269.01,1813012.4
BCS,27.93,10,"[1, 1, 1, 1, 1, 1, 1, 1, 1, 1]",25.58,23.7,28.41,18.56,4900427.75
SLB,46.59,7,"[0, 0, 1, 1, 1, 1, 1, 1, 1, 0]",51.71,45.75,58.01,31.12,13425830.8
MPWR,1383.26,8,"[0, 1, 1, 1, 1, 1, 1, 1, 1, 0]",1481.89,1191.74,1687.32,706.3,1139591.0
LYG,6.06,10,"[1, 1, 1, 1, 1, 1, 1, 1, 1, 1]",5.59,5.22,6.17,4.04,18499123.55
E,50.19,9,"[0, 1, 1, 1, 1, 1, 1, 1, 1, 1]",51.23,44.6,56.97,32.74,476579.15
CIEN,408.73,7,"[0, 1, 1, 1, 1, 1, 1, 0, 1, 0]",493.39,342.51,627.0,84.36,2578142.85
APO,118.4,3,"[0, 0, 0, 1, 0, 0, 0, 1, 1, 0]",127.09,126.27,151.44,99.88,5236590.9
CRH,99.74,2,"[0, 0, 0, 0, 0, 0, 0, 1, 1, 0]",106.13,114.18,130.44,94.56,3988641.1
SU,63.7,10,"[1, 1, 1, 1, 1, 1, 1, 1, 1, 1]",61.2,53.48,69.27,37.63,4254010.2
REGN,675.19,6,"[1, 0, 0, 0, 1, 1, 0, 1, 1, 1]",644.0,703.87,810.08,542.49,778810.2
NXPI,273.15,8,"[0, 1, 1, 1, 1, 1, 1, 1, 1, 0]",296.26,238.32,331.55,181.81,4083342.85
BE,226.26,7,"[0, 1, 1, 1, 1, 1, 1, 0, 1, 0]",273.97,174.57,345.85,25.93,15996358.5
ROST,235.81,9,"[1, 1, 1, 1, 1, 1, 1, 1, 1, 0]",224.36,198.1,240.13,134.54,3149768.1
B,36.37,4,"[0, 0, 0, 0, 1, 1, 1, 0, 1, 0]",39.49,40.82,52.32,20.63,8845188.05
HLT,323.94,7,"[0, 1, 1, 1, 1, 1, 0, 1, 1, 0]",331.81,303.12,350.22,256.36,2676371.9
ASX,40.01,9,"[1, 1, 1, 1, 1, 1, 1, 1, 1, 0]",38.0,23.95,44.67,9.41,11892484.35
NOK,10.63,7,"[0, 1, 1, 1, 1, 1, 1, 0, 1, 0]",13.63,9.0,16.85,4.05,87446274.3
VLO,314.8,10,"[1, 1, 1, 1, 1, 1, 1, 1, 1, 1]",261.12,211.43,314.8,129.53,3138493.75
MPC,319.76,10,"[1, 1, 1, 1, 1, 1, 1, 1, 1, 1]",264.49,215.67,319.76,155.55,2204513.95
GM,79.52,8,"[1, 1, 1, 0, 1, 1, 1, 1, 1, 0]",78.74,75.98,85.99,48.45,7155151.45
AEP,130.48,8,"[0, 1, 1, 1, 1, 1, 0, 1, 1, 1]",131.15,124.44,138.69,104.02,5301728.4
DDOG,254.79,10,"[1, 1, 1, 1, 1, 1, 1, 1, 1, 1]",236.92,163.39,277.49,102.61,4305442.7
LITE,837.56,8,"[0, 1, 1, 1, 1, 1, 1, 1, 1, 0]",864.7,578.57,1053.09,99.63,4528094.85
VALE,14.25,5,"[0, 0, 0, 0, 1, 1, 1, 1, 1, 0]",15.52,14.51,17.82,8.75,21545587.4
NSC,331.3,9,"[1, 1, 1, 1, 1, 1, 0, 1, 1, 1]",315.64,298.53,340.16,268.69,965429.95
HOOD,106.36,7,"[1, 1, 1, 1, 0, 0, 1, 0, 1, 1]",94.03,101.36,152.46,65.16,25403865.5
NET,272.31,9,"[1, 1, 1, 1, 0, 1, 1, 1, 1, 1]",237.54,211.3,281.75,160.19,3211979.3
PSX,212.27,10,"[1, 1, 1, 1, 1, 1, 1, 1, 1, 1]",180.32,155.48,212.27,114.45,2704964.5
FIX,1773.51,8,"[0, 1, 1, 1, 1, 1, 1, 1, 1, 0]",1859.41,1362.23,2066.51,530.95,528640.5
DLR,179.31,7,"[0, 1, 1, 1, 1, 1, 0, 1, 1, 0]",184.98,173.55,202.56,145.96,3837772.75
WBD,25.83,5,"[0, 0, 0, 0, 1, 1, 1, 1, 1, 0]",26.83,26.17,29.98,10.78,22371897.35
TRP,68.67,10,"[1, 1, 1, 1, 1, 1, 1, 1, 1, 1]",67.88,59.63,70.27,45.93,2628443.1
MFC,42.83,10,"[1, 1, 1, 1, 1, 1, 1, 1, 1, 1]",39.92,36.17,43.39,29.33,1555310.0
SPG,226.79,10,"[1, 1, 1, 1, 1, 1, 1, 1, 1, 1]",212.82,191.41,228.7,153.39,2207742.2
COHR,317.22,7,"[0, 1, 1, 1, 1, 1, 1, 0, 1, 0]",364.22,248.76,426.89,86.55,4856985.0
MSTR,101.95,1,"[0, 0, 0, 0, 0, 0, 0, 0, 1, 0]",126.22,167.33,426.4,82.31,25139103.9
BKR,56.38,7,"[0, 0, 1, 1, 1, 1, 1, 1, 1, 0]",60.81,55.83,69.44,39.34,9557804.5
WPM,109.96,3,"[0, 0, 0, 0, 1, 1, 0, 0, 1, 0]",120.25,123.83,165.21,90.72,1844398.55
CRWV,79.58,2,"[0, 0, 0, 1, 0, 0, 0, 0, 1, 0]",99.61,97.42,148.75,64.55,26746483.45
KEYS,328.11,8,"[0, 1, 1, 1, 1, 1, 1, 1, 1, 0]",339.74,263.05,373.34,158.51,1591342.6
CVNA,65.58,2,"[0, 0, 0, 0, 1, 0, 0, 0, 1, 0]",67.91,72.69,95.69,56.26,10542179.3
RKLB,69.12,5,"[0, 0, 0, 1, 1, 1, 1, 0, 1, 0]",105.91,77.61,150.23,39.48,23384899.95
TEL,209.01,3,"[1, 0, 0, 0, 0, 0, 0, 1, 1, 0]",205.64,219.29,247.28,178.59,2337674.95
URI,1013.54,8,"[0, 1, 1, 1, 1, 1, 1, 1, 1, 0]",1037.74,896.35,1139.51,709.01,452534.1
GWW,1361.61,10,"[1, 1, 1, 1, 1, 1, 1, 1, 1, 1]",1312.17,1113.94,1402.03,914.6,328068.6
TGT,138.48,10,"[1, 1, 1, 1, 1, 1, 1, 1, 1, 1]",129.61,110.85,141.2,82.06,4537579.4
TER,374.04,8,"[0, 1, 1, 1, 1, 1, 1, 1, 1, 0]",380.1,280.95,483.84,89.92,4583752.95
LHX,277.71,3,"[0, 0, 0, 0, 1, 1, 0, 0, 1, 0]",299.59,314.51,375.64,260.2,1413663.2
CARR,66.69,6,"[0, 1, 1, 1, 1, 1, 0, 0, 1, 0]",68.17,60.37,,,5571427.5
CTVA,86.94,10,"[1, 1, 1, 1, 1, 1, 1, 1, 1, 1]",81.02,74.0,87.3,60.56,3672730.3
AU,78.5,4,"[0, 0, 0, 0, 1, 1, 1, 0, 1, 0]",87.43,89.05,124.62,43.83,3295365.25
OKE,91.83,10,"[1, 1, 1, 1, 1, 1, 1, 1, 1, 1]",89.25,79.88,95.24,62.69,3432254.1
MCHP,83.38,8,"[0, 1, 1, 1, 1, 1, 1, 1, 1, 0]",91.76,74.38,102.71,48.06,12236253.5
MCHPP,70.85,8,"[0, 1, 1, 1, 1, 1, 1, 1, 1, 0]",77.37,64.79,85.72,45.73,265917.15
CVE,28.79,10,"[1, 1, 1, 1, 1, 1, 1, 1, 1, 1]",27.59,22.23,31.62,14.14,7092864.15
AME,237.76,9,"[1, 1, 1, 1, 1, 1, 1, 1, 1, 0]",231.13,216.41,241.94,175.65,1010707.05
TRGP,280.22,10,"[1, 1, 1, 1, 1, 1, 1, 1, 1, 1]",268.15,216.9,282.91,143.89,1265311.25
COIN,175.85,3,"[1, 0, 0, 0, 0, 0, 0, 0, 1, 1]",170.88,220.99,404.44,141.09,7647697.95
FANG,199.8,10,"[1, 1, 1, 1, 1, 1, 1, 1, 1, 1]",191.7,170.16,212.52,132.09,2170140.55
OXY,56.5,10,"[1, 1, 1, 1, 1, 1, 1, 1, 1, 1]",54.79,49.39,65.94,38.56,9574084.4
DVN,44.1,9,"[0, 1, 1, 1, 1, 1, 1, 1, 1, 1]",44.27,41.0,51.7,31.13,12213549.4
FLEX,127.39,8,"[0, 1, 1, 1, 1, 1, 1, 1, 1, 0]",142.61,85.82,162.07,49.0,5132352.6
ABEV,3.11,8,"[0, 1, 1, 1, 1, 1, 1, 1, 1, 0]",3.14,2.8,3.42,2.1,22902931.45
NUE,233.2,8,"[0, 1, 1, 1, 1, 1, 1, 1, 1, 0]",238.73,185.86,265.7,130.57,1473690.45
STM,65.43,8,"[0, 1, 1, 1, 1, 1, 1, 1, 1, 0]",69.71,40.89,79.82,21.04,11013048.35
BIDU,108.22,2,"[0, 0, 0, 0, 1, 0, 0, 0, 1, 0]",121.95,126.7,162.52,85.86,2431138.5
ETR,112.22,10,"[1, 1, 1, 1, 1, 1, 1, 1, 1, 1]",112.14,102.74,117.36,84.52,2935074.6
UI,535.94,3,"[0, 0, 0, 0, 1, 0, 1, 0, 1, 0]",580.5,676.52,1083.11,386.76,104277.1
CCJ,88.68,3,"[0, 0, 0, 0, 1, 1, 0, 0, 1, 0]",103.47,104.49,134.09,70.33,3668414.15
FER,63.55,4,"[0, 0, 0, 0, 1, 1, 0, 1, 1, 0]",67.06,66.14,73.66,50.1,1419349.65
ROK,464.82,9,"[1, 1, 1, 1, 1, 1, 1, 1, 1, 0]",460.59,404.74,495.08,324.09,883099.2
EA,209.04,10,"[1, 1, 1, 1, 1, 1, 1, 1, 1, 1]",203.54,202.12,209.29,147.21,2143665.2
ARGX,874.74,8,"[1, 1, 1, 1, 0, 1, 1, 1, 1, 0]",858.55,826.61,939.68,571.23,350609.95
DAL,84.63,9,"[1, 1, 1, 1, 1, 1, 1, 1, 1, 0]",82.1,69.4,93.43,50.6,7742561.45
EBAY,113.04,10,"[1, 1, 1, 1, 1, 1, 1, 1, 1, 1]",111.43,95.29,118.63,76.58,3092685.3
FERG,226.5,3,"[0, 0, 0, 0, 0, 1, 0, 1, 1, 0]",230.39,238.86,266.68,208.41,1226066.35
MT,65.8,10,"[1, 1, 1, 1, 1, 1, 1, 1, 1, 1]",65.15,53.63,71.65,30.04,1705585.2
WAB,263.53,8,"[0, 1, 1, 1, 1, 1, 1, 1, 1, 0]",263.93,238.36,282.45,184.98,828564.4
FNV,207.4,4,"[0, 0, 0, 0, 1, 1, 1, 0, 1, 0]",217.93,225.26,279.76,157.32,706272.9
FITB,57.66,10,"[1, 1, 1, 1, 1, 1, 1, 1, 1, 1]",52.83,47.95,59.37,39.38,7077688.45
XYZ,80.38,9,"[1, 1, 1, 1, 0, 1, 1, 1, 1, 1]",74.03,67.57,81.81,49.09,5470142.1
NBIS,216.92,8,"[0, 1, 1, 1, 1, 1, 1, 1, 1, 0]",225.23,138.71,286.69,50.4,18146393.8
RKT,13.65,2,"[0, 0, 0, 0, 0, 0, 0, 0, 1, 1]",14.11,16.67,23.44,12.35,34453372.95
VTR,97.62,10,"[1, 1, 1, 1, 1, 1, 1, 1, 1, 1]",87.29,80.82,97.62,63.6,3727117.15
CLS,339.59,7,"[0, 1, 1, 1, 1, 1, 1, 0, 1, 0]",365.89,323.74,472.4,156.91,1844473.45
CAH,227.09,10,"[1, 1, 1, 1, 1, 1, 1, 1, 1, 1]",215.41,204.97,239.71,144.54,2342213.75
TEVA,31.35,7,"[0, 0, 1, 1, 1, 1, 1, 1, 1, 0]",33.73,30.22,36.34,15.38,5010926.85
HPE,46.72,9,"[1, 1, 1, 1, 1, 1, 1, 1, 1, 0]",43.51,28.38,55.99,19.41,20089011.3
STT,183.3,10,"[1, 1, 1, 1, 1, 1, 1, 1, 1, 1]",165.7,135.78,186.59,105.86,2669977.85
ODFL,234.79,10,"[1, 1, 1, 1, 1, 1, 1, 1, 1, 1]",222.0,184.45,248.73,125.7,1579452.55
GFS,59.39,7,"[0, 1, 1, 1, 1, 1, 1, 0, 1, 0]",75.35,50.8,89.83,31.57,3385894.55
WDS,22.23,10,"[1, 1, 1, 1, 1, 1, 1, 1, 1, 1]",21.21,19.05,24.78,13.89,770730.85
EME,760.27,7,"[0, 0, 1, 1, 1, 1, 1, 1, 1, 0]",828.01,741.3,943.26,557.87,501149.75
ON,91.06,7,"[0, 1, 1, 1, 1, 1, 1, 0, 1, 0]",108.95,73.55,133.93,44.9,13178636.1
GFI,32.29,3,"[0, 0, 0, 0, 1, 0, 1, 0, 1, 0]",37.0,43.01,59.77,23.67,3807683.95
ERIC,9.59,5,"[0, 0, 0, 1, 1, 1, 1, 0, 1, 0]",11.85,10.68,13.74,6.97,14679910.55
KB,120.09,10,"[1, 1, 1, 1, 1, 1, 1, 1, 1, 1]",108.03,98.11,123.25,77.06,365576.9
PUK,28.88,6,"[1, 0, 0, 0, 1, 1, 0, 1, 1, 1]",28.31,29.22,33.17,24.33,847931.75
IRM,125.56,9,"[1, 1, 1, 1, 1, 1, 1, 1, 1, 0]",125.15,104.94,133.06,77.69,2159555.15
LYV,177.83,10,"[1, 1, 1, 1, 1, 1, 1, 1, 1, 1]",172.4,155.1,186.59,125.61,2302632.2
KGC,23.41,4,"[0, 0, 0, 0, 1, 1, 1, 0, 1, 0]",26.42,28.89,37.97,15.36,8475522.0
JBL,318.93,8,"[0, 1, 1, 1, 1, 1, 1, 1, 1, 0]",354.09,273.83,385.63,192.39,1442823.4
ADM,86.2,10,"[1, 1, 1, 1, 1, 1, 1, 1, 1, 1]",79.64,68.07,86.2,52.21,3318650.55
VOD,15.27,10,"[1, 1, 1, 1, 1, 1, 1, 1, 1, 1]",14.6,13.72,16.02,10.39,4704586.9
BBD,3.66,9,"[1, 1, 1, 0, 1, 1, 1, 1, 1, 1]",3.43,3.5,4.12,2.64,36111435.8
VIK,99.27,9,"[1, 1, 1, 1, 1, 1, 1, 1, 1, 0]",93.44,76.16,104.95,56.58,2252216.8
UMC,21.19,8,"[0, 1, 1, 1, 1, 1, 1, 1, 1, 0]",21.57,12.13,27.53,6.47,17572586.2
ONC,318.68,6,"[1, 1, 1, 0, 0, 0, 0, 1, 1, 1]",291.47,314.59,377.47,260.27,362735.1
LVS,45.47,1,"[0, 0, 0, 0, 0, 0, 0, 0, 1, 0]",48.8,55.57,68.73,44.78,4222391.35
IX,40.41,10,"[1, 1, 1, 1, 1, 1, 1, 1, 1, 1]",38.73,31.82,40.59,22.43,241019.6
CRDO,223.87,7,"[0, 1, 1, 1, 1, 1, 1, 0, 1, 0]",229.94,163.57,302.52,87.81,8682068.2
ALAB,319.79,7,"[0, 1, 1, 1, 1, 1, 1, 0, 1, 0]",343.28,204.28,483.02,100.27,4998492.6
STLD,233.52,8,"[0, 1, 1, 1, 1, 1, 1, 1, 1, 0]",245.32,193.47,282.12,119.93,1244827.4
HAL,33.19,7,"[0, 0, 1, 1, 1, 1, 1, 1, 1, 0]",37.63,33.17,42.8,20.04,11895665.15
HUM,404.34,9,"[1, 1, 1, 1, 0, 1, 1, 1, 1, 1]",353.64,259.86,409.42,162.46,1396524.9
MTZ,351.4,8,"[0, 1, 1, 1, 1, 1, 1, 1, 1, 0]",380.39,292.59,437.51,172.51,1311683.7
UAL,117.7,9,"[1, 1, 1, 1, 1, 1, 1, 1, 1, 0]",114.29,104.65,136.11,84.57,5213535.85
ZM,89.77,8,"[0, 1, 1, 1, 1, 1, 0, 1, 1, 1]",94.96,87.66,111.88,69.77,3263108.25
TS,56.98,8,"[0, 1, 1, 1, 1, 1, 1, 1, 1, 0]",59.08,49.16,64.02,33.04,1021510.7
CASY,858.26,10,"[1, 1, 1, 1, 1, 1, 1, 1, 1, 1]",824.95,679.18,916.28,493.17,536878.55
TECK,56.83,8,"[0, 1, 1, 1, 1, 1, 1, 1, 1, 0]",61.91,52.82,70.46,31.1,3328420.65
SYM,42.86,2,"[0, 0, 0, 0, 0, 0, 0, 0, 1, 1]",45.02,57.09,87.3,38.57,1838096.3
EL,82.37,1,"[0, 0, 0, 0, 0, 0, 0, 0, 1, 0]",83.55,92.08,118.78,66.97,2668763.05
SHG,71.89,10,"[1, 1, 1, 1, 1, 1, 1, 1, 1, 1]",66.47,60.61,73.28,46.81,273434.25
Q,138.78,5,"[0, 1, 0, 1, 0, 0, 1, 1, 1, 0]",151.93,138.78,175.64,73.4,1955590.35
TWLO,196.22,9,"[0, 1, 1, 1, 1, 1, 1, 1, 1, 1]",202.55,146.35,236.64,92.44,1846422.35
RVMD,183.29,10,"[1, 1, 1, 1, 1, 1, 1, 1, 1, 1]",165.11,109.87,192.62,34.7,3019412.15
RDDT,185.84,6,"[1, 1, 1, 0, 0, 0, 1, 0, 1, 1]",172.99,181.44,270.71,121.84,3904774.7
IQV,201.62,7,"[1, 1, 1, 0, 0, 1, 0, 1, 1, 1]",185.85,196.62,244.29,156.66,1292690.65
NTRS,185.06,10,"[1, 1, 1, 1, 1, 1, 1, 1, 1, 1]",172.94,147.99,191.13,120.74,936905.4
DOV,211.42,7,"[0, 0, 1, 1, 1, 1, 1, 1, 1, 0]",215.96,204.43,232.21,159.95,1032374.4
RPRX,58.42,10,"[1, 1, 1, 1, 1, 1, 1, 1, 1, 1]",55.01,45.25,58.53,34.37,3213096.45
ASTS,63.34,4,"[0, 0, 0, 0, 1, 1, 1, 0, 1, 0]",85.24,83.3,133.09,36.91,19532696.4
BIIB,203.16,10,"[1, 1, 1, 1, 1, 1, 1, 1, 1, 1]",199.23,181.28,216.63,126.64,1532255.85
VG,14.06,9,"[1, 1, 1, 1, 1, 0, 1, 1, 1, 1]",12.45,10.64,17.51,5.9,13666563.4
EXPE,264.94,9,"[1, 1, 1, 0, 1, 1, 1, 1, 1, 1]",240.86,244.44,300.02,176.67,1538215.35
CRCL,71.08,2,"[0, 0, 0, 0, 0, 0, 1, 0, 1, 0]",86.56,92.97,202.41,50.23,15092843.0
ARES,120.78,1,"[0, 0, 0, 0, 0, 0, 0, 0, 1, 0]",123.01,132.63,185.9,94.25,2246111.9
FTI,74.62,10,"[1, 1, 1, 1, 1, 1, 1, 1, 1, 1]",69.55,58.49,76.94,32.29,4496079.8
FTAI,210.25,4,"[0, 0, 0, 0, 1, 1, 1, 0, 1, 0]",245.06,227.37,308.99,109.08,1238619.25
AXIA,9.98,4,"[0, 0, 0, 0, 1, 1, 1, 0, 1, 0]",10.44,10.84,13.43,6.29,2023593.25
CNC,67.59,10,"[1, 1, 1, 1, 1, 1, 1, 1, 1, 1]",62.79,45.57,68.72,25.21,4402368.4
NTRA,267.18,10,"[1, 1, 1, 1, 1, 1, 1, 1, 1, 1]",234.17,216.88,283.8,133.66,1587382.15
NVT,160.68,8,"[0, 1, 1, 1, 1, 1, 1, 1, 1, 0]",165.04,126.49,184.34,74.23,2039516.95
MTSI,283.03,7,"[0, 1, 1, 1, 1, 1, 1, 0, 1, 0]",354.47,242.18,409.68,118.35,1870800.85
TPL,418.91,9,"[1, 1, 1, 0, 1, 1, 1, 1, 1, 1]",393.29,380.63,538.97,272.83,366257.0
TPR,142.16,9,"[1, 1, 1, 1, 1, 1, 1, 1, 1, 0]",141.07,132.99,159.61,94.47,2640895.65
CFG,72.0,10,"[1, 1, 1, 1, 1, 1, 1, 1, 1, 1]",66.55,60.14,74.4,45.57,5277186.4
CW,722.09,8,"[0, 1, 1, 1, 1, 1, 1, 1, 1, 0]",743.6,657.73,792.77,471.69,259149.7
DOW,30.47,6,"[0, 0, 1, 1, 1, 1, 1, 0, 1, 0]",32.68,29.74,41.45,19.83,11454140.5
EIX,78.17,10,"[1, 1, 1, 1, 1, 1, 1, 1, 1, 1]",72.16,64.6,78.17,48.73,2248784.95
PKX,51.76,4,"[0, 0, 0, 1, 1, 1, 0, 0, 1, 0]",63.1,59.95,91.72,45.13,459028.6
BAP,391.1,10,"[1, 1, 1, 1, 1, 1, 1, 1, 1, 1]",358.28,308.2,400.81,220.0,305175.45
VRSN,266.15,7,"[0, 1, 1, 1, 1, 0, 0, 1, 1, 1]",278.65,255.41,310.0,210.93,762600.2
HUBB,479.93,5,"[0, 0, 1, 0, 1, 1, 0, 1, 1, 0]",487.6,476.29,556.18,403.7,528119.15
STRL,694.4,7,"[0, 1, 1, 1, 1, 1, 1, 0, 1, 0]",798.16,493.17,993.74,242.01,902416.0
EC,16.53,10,"[1, 1, 1, 1, 1, 1, 1, 1, 1, 1]",15.0,12.05,16.58,7.9,2665687.3
P,74.32,5,"[0, 1, 0, 1, 0, 0, 1, 1, 1, 0]",76.63,74.92,98.7,54.51,2672801.45
AER,151.78,10,"[1, 1, 1, 1, 1, 1, 1, 1, 1, 1]",143.47,139.35,153.99,106.41,1037495.3
PAAS,44.43,4,"[0, 0, 0, 0, 1, 1, 1, 0, 1, 0]",49.71,50.25,68.3,26.86,4317077.85
DG,123.2,8,"[1, 0, 1, 0, 1, 1, 1, 1, 1, 1]",111.88,121.19,154.71,94.6,2659215.65
VIV,14.12,9,"[1, 1, 1, 0, 1, 1, 1, 1, 1, 1]",13.4,13.38,16.39,10.24,1105456.6
SYF,72.21,4,"[0, 0, 0, 0, 1, 1, 0, 1, 1, 0]",73.01,73.83,87.76,63.52,3933172.35
ZS,148.72,3,"[1, 0, 0, 0, 0, 0, 0, 0, 1, 1]",143.77,196.41,336.27,118.05,2678605.45
SQM,68.84,5,"[0, 0, 0, 1, 1, 1, 1, 0, 1, 0]",78.33,71.03,94.63,35.4,957023.45
BG,121.55,10,"[1, 1, 1, 1, 1, 1, 1, 1, 1, 1]",119.17,109.72,131.41,73.61,1482685.4
FMX,130.35,10,"[1, 1, 1, 1, 1, 1, 1, 1, 1, 1]",123.72,107.29,131.34,81.24,530433.7
MDB,307.65,4,"[0, 0, 0, 1, 0, 1, 1, 0, 1, 0]",334.84,333.74,440.6,201.0,1544101.5
XPO,214.72,10,"[1, 1, 1, 1, 1, 1, 1, 1, 1, 1]",209.57,177.86,228.37,118.79,1126728.3
ALB,118.62,4,"[0, 0, 0, 0, 1, 1, 1, 0, 1, 0]",155.69,150.91,215.07,66.4,2304437.4
UTHR,535.83,8,"[0, 1, 1, 1, 1, 1, 1, 1, 1, 0]",551.77,511.27,596.76,274.7,454435.65
FSLR,206.05,3,"[0, 0, 0, 1, 0, 1, 0, 0, 1, 0]",249.05,235.21,318.25,174.73,1768819.5
TSN,57.05,5,"[0, 0, 0, 0, 1, 1, 0, 1, 1, 1]",59.91,58.96,68.18,49.45,2909690.0
TSEM,250.91,8,"[0, 1, 1, 1, 1, 1, 1, 1, 1, 0]",253.88,161.97,316.85,44.67,1834072.1
RF,30.82,10,"[1, 1, 1, 1, 1, 1, 1, 1, 1, 1]",28.93,27.03,32.4,22.67,10819002.25
KEY,22.95,10,"[1, 1, 1, 1, 1, 1, 1, 1, 1, 1]",22.23,20.34,23.99,16.27,11189683.55
TEAM,90.6,4,"[1, 0, 0, 0, 0, 0, 1, 0, 1, 1]",89.27,111.15,203.0,57.15,3721414.95
LYB,61.19,9,"[0, 1, 1, 1, 1, 1, 1, 1, 1, 1]",62.94,56.67,81.53,40.28,5297063.9
JBHT,293.26,10,"[1, 1, 1, 1, 1, 1, 1, 1, 1, 1]",274.58,218.29,298.41,129.81,1058526.1
SBAC,176.82,4,"[0, 0, 0, 1, 1, 0, 0, 1, 1, 0]",194.96,193.0,233.84,164.16,969239.4
WST,359.24,10,"[1, 1, 1, 1, 1, 1, 1, 1, 1, 1]",333.1,281.66,365.74,218.18,757564.9
CPAY,366.15,10,"[1, 1, 1, 1, 1, 1, 1, 1, 1, 1]",349.85,317.17,371.81,255.0,659485.05
ENTG,140.17,8,"[0, 1, 1, 1, 1, 1, 1, 1, 1, 0]",145.8,117.92,184.0,68.7,3418611.45
NMR,9.81,10,"[1, 1, 1, 1, 1, 1, 1, 1, 1, 1]",8.72,8.23,10.04,6.48,1161073.7
IHG,155.99,8,"[0, 1, 1, 1, 1, 1, 1, 1, 1, 0]",161.31,140.97,174.13,113.11,247840.6
FN,527.35,6,"[0, 0, 1, 1, 1, 1, 1, 0, 1, 0]",595.25,526.41,746.47,277.04,1118744.15
SBS,5.68,7,"[0, 0, 1, 0, 1, 1, 1, 1, 1, 1]",5.68,5.51,7.08,3.81,5869743.55
WWD,406.87,9,"[1, 1, 1, 1, 1, 1, 1, 1, 1, 0]",387.21,342.07,436.44,236.67,730849.9
SITM,590.18,7,"[0, 1, 1, 1, 1, 1, 1, 0, 1, 0]",692.47,448.88,901.48,190.16,633438.45
INSM,108.62,3,"[1, 0, 0, 0, 0, 0, 0, 0, 1, 1]",105.79,149.86,211.41,91.88,2907234.85
BEKE,16.57,5,"[1, 1, 0, 0, 0, 0, 0, 1, 1, 1]",16.44,16.66,19.99,14.26,3853951.45
AKAM,124.91,9,"[0, 1, 1, 1, 1, 1, 1, 1, 1, 1]",134.44,103.58,161.14,70.53,3885753.2
PFG,109.57,9,"[1, 1, 1, 1, 1, 1, 1, 1, 1, 0]",106.97,92.61,113.95,72.85,1539748.95
RL,382.93,9,"[1, 1, 1, 1, 1, 1, 1, 1, 1, 0]",377.35,356.62,413.24,280.32,621927.15
ATI,197.21,9,"[1, 1, 1, 1, 1, 1, 1, 1, 1, 0]",181.79,138.98,204.09,71.34,1630199.8
MRNA,59.66,9,"[1, 1, 1, 1, 1, 1, 1, 0, 1, 1]",57.53,43.72,81.8,22.36,8320107.1
ILMN,192.53,10,"[1, 1, 1, 1, 1, 1, 1, 1, 1, 1]",166.92,135.75,194.33,91.0,1924678.9
AFRM,74.72,8,"[1, 1, 1, 1, 0, 0, 1, 1, 1, 1]",73.0,66.24,92.18,42.53,4168405.0
CRS,588.99,10,"[1, 1, 1, 1, 1, 1, 1, 1, 1, 1]",524.29,392.6,619.25,231.97,810874.15
SMCI,25.5,2,"[0, 0, 0, 1, 0, 0, 0, 0, 1, 0]",32.93,33.81,60.71,20.53,40299521.3
MKSI,345.44,8,"[0, 1, 1, 1, 1, 1, 1, 1, 1, 0]",346.56,237.39,444.8,89.14,1523280.15
IFF,76.26,9,"[0, 1, 1, 1, 1, 1, 1, 1, 1, 1]",76.37,70.7,83.83,58.53,1934615.8
EXPD,178.58,10,"[1, 1, 1, 1, 1, 1, 1, 1, 1, 1]",163.56,148.6,182.8,110.22,1239640.0
ROIV,34.96,10,"[1, 1, 1, 1, 1, 1, 1, 1, 1, 1]",31.7,25.69,36.81,11.17,5982819.2
DD,138.79,8,"[0, 1, 1, 1, 1, 1, 1, 1, 1, 0]",141.43,130.41,153.36,86.15,1443977.15
IREN,41.29,4,"[0, 0, 0, 1, 0, 1, 1, 0, 1, 0]",51.99,48.95,76.41,15.4,43133585.7
RGLD,194.01,3,"[0, 0, 0, 0, 1, 1, 0, 0, 1, 0]",211.31,228.26,303.02,150.12,679823.55
FUTU,103.66,2,"[0, 0, 0, 0, 0, 0, 0, 0, 1, 1]",105.1,146.27,195.9,89.76,1576495.4
ULS,85.49,7,"[0, 0, 1, 1, 1, 1, 1, 1, 1, 0]",95.38,84.73,104.74,62.21,1247827.2
CHRW,209.42,10,"[1, 1, 1, 1, 1, 1, 1, 1, 1, 1]",184.23,169.13,209.42,96.13,1668986.35
LUV,48.69,10,"[1, 1, 1, 1, 1, 1, 1, 1, 1, 1]",45.16,40.95,54.33,28.52,5831611.9
DKS,208.41,4,"[0, 0, 0, 1, 0, 1, 0, 1, 1, 0]",221.67,212.18,239.17,185.52,1145779.05
VTRS,17.59,10,"[1, 1, 1, 1, 1, 1, 1, 1, 1, 1]",16.35,13.5,17.59,8.41,9307374.7
RCI,34.37,2,"[0, 0, 0, 0, 0, 0, 0, 1, 1, 0]",35.69,36.46,40.21,31.45,1337781.1
FFIV,408.74,10,"[1, 1, 1, 1, 1, 1, 1, 1, 1, 1]",395.91,308.48,431.26,223.99,564959.65
CX,12.7,10,"[1, 1, 1, 1, 1, 1, 1, 1, 1, 1]",12.62,11.59,13.52,7.87,5064144.45
INCY,117.39,10,"[1, 1, 1, 1, 1, 1, 1, 1, 1, 1]",105.37,99.85,118.52,68.9,1786169.25
KEP,11.73,2,"[0, 0, 0, 0, 1, 0, 0, 0, 1, 0]",12.67,15.89,23.26,11.32,1235691.0
APG,39.09,4,"[0, 0, 0, 0, 1, 1, 0, 1, 1, 0]",41.9,41.01,49.4,33.64,2795191.55
SNX,249.3,8,"[0, 1, 1, 1, 1, 1, 1, 1, 1, 0]",256.03,187.47,289.57,139.4,988531.95
CDE,15.3,3,"[0, 0, 0, 0, 1, 0, 1, 0, 1, 0]",17.13,18.84,27.12,8.67,34292525.55
RBC,585.35,8,"[0, 1, 1, 1, 1, 1, 1, 1, 1, 0]",598.2,521.49,648.89,369.71,240313.4
BURL,354.7,10,"[1, 1, 1, 1, 1, 1, 1, 1, 1, 1]",321.49,302.12,356.22,242.43,654562.65
ROKU,144.27,10,"[1, 1, 1, 1, 1, 1, 1, 1, 1, 1]",132.96,109.43,144.43,79.98,3942224.95
AMKR,66.73,7,"[0, 1, 1, 1, 1, 1, 1, 0, 1, 0]",73.75,52.61,93.55,20.96,4845555.1
RS,383.42,8,"[0, 1, 1, 1, 1, 1, 1, 1, 1, 0]",384.11,323.83,413.43,262.77,350995.75
BWXT,173.09,3,"[0, 0, 0, 0, 1, 1, 0, 0, 1, 0]",193.79,197.91,238.1,139.26,992454.2
ZTO,24.0,9,"[1, 1, 1, 0, 1, 1, 1, 1, 1, 1]",23.06,22.21,25.88,17.59,1407000.5
NXT,105.67,5,"[0, 0, 0, 1, 1, 1, 1, 0, 1, 0]",123.14,108.26,156.4,53.8,4131095.35
ITT,191.49,6,"[0, 0, 1, 1, 1, 1, 0, 1, 1, 0]",193.84,189.96,221.24,157.25,1027179.05
FTV,60.67,9,"[1, 1, 1, 1, 1, 1, 1, 1, 1, 0]",60.6,56.29,63.6,46.34,2438088.0
IONQ,35.51,3,"[0, 0, 0, 1, 0, 0, 1, 0, 1, 0]",53.64,47.95,82.09,26.59,21437050.75
AGI,29.52,2,"[0, 0, 0, 0, 1, 0, 0, 0, 1, 0]",35.16,38.98,55.22,24.25,4515440.3
BCH,40.75,10,"[1, 1, 1, 1, 1, 1, 1, 1, 1, 1]",38.61,37.02,43.7,25.75,294227.0
YPF,51.33,10,"[1, 1, 1, 1, 1, 1, 1, 1, 1, 1]",49.18,39.95,56.35,23.57,1457727.45
CF,122.96,10,"[1, 1, 1, 1, 1, 1, 1, 1, 1, 1]",114.74,101.11,137.04,75.38,2583861.0
MGA,67.87,10,"[1, 1, 1, 1, 1, 1, 1, 1, 1, 1]",64.69,56.21,68.15,39.72,1238382.7
TLN,366.14,4,"[0, 1, 0, 1, 0, 0, 0, 1, 1, 0]",377.08,369.88,445.84,302.97,845748.85
LSCC,135.83,8,"[0, 1, 1, 1, 1, 1, 1, 1, 1, 0]",138.66,99.11,155.27,48.73,1888908.25
WMG,27.94,4,"[0, 0, 0, 1, 0, 0, 0, 1, 1, 1]",29.92,29.2,34.56,23.52,2051388.4
CIB,83.64,10,"[1, 1, 1, 1, 1, 1, 1, 1, 1, 1]",74.14,67.65,83.64,41.96,262847.15
WCC,329.16,8,"[0, 1, 1, 1, 1, 1, 1, 1, 1, 0]",347.41,290.25,373.98,202.05,765964.15
JBS,11.95,3,"[0, 0, 0, 0, 1, 0, 0, 0, 1, 1]",12.42,13.57,17.05,11.6,5674701.1
WSO,372.96,5,"[0, 0, 0, 1, 1, 1, 0, 1, 1, 0]",386.13,375.8,474.15,315.7,340850.3
DOCN,136.45,8,"[0, 1, 1, 1, 1, 1, 1, 1, 1, 0]",153.18,84.14,181.29,25.74,3967851.2
EWBC,133.4,10,"[1, 1, 1, 1, 1, 1, 1, 1, 1, 1]",127.21,114.25,136.14,92.51,966640.95
AA,44.35,4,"[0, 0, 0, 0, 1, 1, 1, 0, 1, 0]",61.11,55.6,83.79,28.14,6984499.75
PR,20.98,10,"[1, 1, 1, 1, 1, 1, 1, 1, 1, 1]",19.43,16.85,22.33,11.76,9829599.8
NVMI,453.1,6,"[0, 0, 1, 1, 1, 1, 1, 0, 1, 0]",505.63,427.18,605.65,237.16,570245.75
RTO,30.01,6,"[0, 0, 0, 0, 1, 1, 1, 1, 1, 1]",30.28,30.07,34.52,22.51,730273.85
OWL,9.39,2,"[0, 0, 0, 0, 0, 0, 0, 0, 1, 1]",9.54,11.81,19.06,8.04,19358613.05
OVV,59.37,10,"[1, 1, 1, 1, 1, 1, 1, 1, 1, 1]",56.26,48.1,62.75,35.32,2973437.5
TTMI,146.85,7,"[0, 1, 1, 1, 1, 1, 1, 0, 1, 0]",173.51,109.79,221.47,40.06,3106259.9
BEN,32.63,9,"[1, 1, 1, 1, 1, 1, 1, 1, 1, 0]",32.15,26.16,34.44,20.39,4411443.9
IEX,221.19,9,"[1, 1, 1, 1, 1, 1, 1, 1, 1, 0]",217.39,193.87,228.96,155.22,629640.55
LAMR,160.07,10,"[1, 1, 1, 1, 1, 1, 1, 1, 1, 1]",152.96,132.84,162.38,109.47,644080.05
VNOM,44.86,9,"[1, 1, 1, 1, 1, 1, 0, 1, 1, 1]",44.65,41.54,50.23,34.64,1780372.4
GNRC,215.61,6,"[0, 0, 1, 1, 1, 1, 1, 0, 1, 0]",260.07,203.31,295.54,136.37,955884.65
NDSN,290.07,9,"[1, 1, 1, 1, 1, 1, 1, 1, 1, 0]",287.38,264.84,304.64,206.54,381709.35
SN,147.82,10,"[1, 1, 1, 1, 1, 1, 1, 1, 1, 1]",131.31,114.4,154.53,84.57,1571387.25
H,189.51,9,"[1, 1, 1, 1, 1, 1, 1, 1, 1, 0]",186.8,164.11,202.09,134.51,747137.85
BALL,62.55,9,"[1, 1, 1, 0, 1, 1, 1, 1, 1, 1]",58.19,56.32,67.31,45.92,2383825.8
MLI,62.3,8,"[0, 1, 1, 1, 1, 1, 1, 1, 1, 0]",64.43,59.35,70.23,41.23,1826790.25
LOGI,102.91,5,"[0, 1, 1, 1, 0, 0, 0, 1, 1, 0]",106.15,102.67,126.69,85.84,1066633.85
CLH,305.16,10,"[1, 1, 1, 1, 1, 1, 1, 1, 1, 1]",293.66,267.96,313.7,201.73,439288.15
GMAB,28.36,5,"[1, 0, 0, 0, 0, 0, 1, 1, 1, 1]",26.66,29.21,35.34,21.08,2058213.9
PAA,24.29,10,"[1, 1, 1, 1, 1, 1, 1, 1, 1, 1]",22.69,19.63,24.31,14.89,1792401.2
NBIX,179.05,9,"[1, 1, 1, 1, 0, 1, 1, 1, 1, 1]",164.04,144.35,180.55,123.1,1133660.75
HST,24.44,10,"[1, 1, 1, 1, 1, 1, 1, 1, 1, 1]",22.93,18.94,24.44,14.11,9337610.65
JLL,324.44,8,"[1, 1, 1, 0, 1, 1, 0, 1, 1, 1]",306.24,316.47,358.66,260.04,391770.0
ASND,255.2,10,"[1, 1, 1, 1, 1, 1, 1, 1, 1, 1]",242.75,224.49,277.18,163.32,898690.6
LECO,249.02,4,"[0, 0, 0, 0, 1, 1, 0, 1, 1, 0]",260.42,253.61,297.02,218.56,349971.3
OKTA,141.71,10,"[1, 1, 1, 1, 1, 1, 1, 1, 1, 1]",118.67,92.16,154.62,62.93,3184467.15
HTHT,40.0,4,"[0, 0, 0, 0, 1, 1, 1, 0, 1, 0]",43.74,45.97,54.63,29.07,1675663.65
DTM,141.9,8,"[0, 1, 1, 1, 1, 1, 1, 1, 1, 0]",144.49,128.69,150.74,96.52,706463.1
MOD,247.09,8,"[0, 1, 1, 1, 1, 1, 1, 1, 1, 0]",265.03,202.51,306.89,93.83,1750406.35
RRX,213.31,9,"[1, 1, 1, 1, 1, 1, 1, 1, 1, 0]",211.22,180.61,238.19,127.98,1174328.85
BSAC,34.03,10,"[1, 1, 1, 1, 1, 1, 1, 1, 1, 1]",31.98,30.76,35.69,21.8,349820.8
JAZZ,254.22,10,"[1, 1, 1, 1, 1, 1, 1, 1, 1, 1]",235.42,186.66,254.22,105.93,771836.0
ONTO,299.05,9,"[1, 1, 1, 1, 1, 1, 1, 1, 1, 0]",294.68,216.13,378.45,90.0,1405335.6
OHI,50.6,10,"[1, 1, 1, 1, 1, 1, 1, 1, 1, 1]",47.28,44.49,50.6,35.93,1849352.9
SMMT,14.63,2,"[0, 0, 0, 0, 0, 0, 0, 0, 1, 1]",15.43,17.4,29.32,13.05,4025900.8
RMBS,105.79,5,"[0, 0, 0, 1, 1, 1, 1, 0, 1, 0]",130.51,109.29,170.66,62.85,3746314.75
AUR,6.31,8,"[0, 1, 1, 1, 1, 1, 1, 1, 1, 0]",6.68,5.13,8.4,3.77,23081064.5
NIO,4.79,1,"[0, 0, 0, 0, 0, 0, 0, 0, 1, 0]",5.31,5.62,7.89,4.44,24427937.35
HAS,88.78,7,"[1, 0, 1, 0, 1, 1, 0, 1, 1, 1]",85.08,85.73,104.36,69.25,2381362.3
LTM,51.57,4,"[0, 0, 0, 0, 1, 1, 0, 1, 1, 0]",52.75,51.85,68.29,41.27,728673.45
SUN,74.99,10,"[1, 1, 1, 1, 1, 1, 1, 1, 1, 1]",67.89,59.61,74.99,46.14,400707.2
QXO,13.94,2,"[0, 0, 0, 0, 1, 0, 0, 0, 1, 0]",16.37,19.83,27.07,13.54,32471938.7
AEIS,303.71,7,"[0, 0, 1, 1, 1, 1, 1, 1, 1, 0]",326.51,282.11,388.93,135.01,963403.7
ALLY,44.43,8,"[1, 1, 1, 1, 1, 1, 0, 1, 1, 0]",44.12,41.82,47.25,35.72,2971216.75
PL,23.1,5,"[0, 0, 0, 1, 1, 1, 1, 0, 1, 0]",34.42,25.62,51.4,6.18,11652375.85
EVR,340.52,7,"[0, 1, 1, 1, 1, 1, 0, 1, 1, 0]",345.42,329.79,381.16,266.5,419732.8
SKM,31.95,7,"[0, 1, 1, 1, 1, 1, 1, 0, 1, 0]",36.08,28.57,46.0,19.68,2280209.6
TIGO,98.61,10,"[1, 1, 1, 1, 1, 1, 1, 1, 1, 1]",87.88,66.96,98.61,36.06,1586610.45
SANM,219.41,8,"[0, 1, 1, 1, 1, 1, 1, 1, 1, 0]",238.37,174.16,282.72,95.79,1090425.8
IESC,647.92,8,"[0, 1, 1, 1, 1, 1, 1, 1, 1, 0]",682.8,511.01,766.54,308.81,365308.6
BBIO,82.45,9,"[1, 1, 1, 0, 1, 1, 1, 1, 1, 1]",71.5,70.24,90.17,44.81,5003967.05
TOL,147.2,8,"[1, 1, 1, 1, 1, 1, 0, 1, 1, 0]",145.05,141.71,165.52,117.49,1039622.7
DINO,91.69,10,"[1, 1, 1, 1, 1, 1, 1, 1, 1, 1]",72.76,58.42,91.69,40.83,2618773.3
NYT,74.69,8,"[1, 0, 1, 0, 1, 1, 1, 1, 1, 1]",74.14,71.35,85.59,50.83,1614468.1
DY,423.23,8,"[0, 1, 1, 1, 1, 1, 1, 1, 1, 0]",452.27,379.21,535.2,245.31,654869.35
RBRK,75.8,8,"[1, 1, 1, 1, 0, 0, 1, 1, 1, 1]",73.88,66.95,98.5,43.81,3193445.85
DVA,237.28,10,"[1, 1, 1, 1, 1, 1, 1, 1, 1, 1]",210.57,152.28,237.28,103.87,773421.5
GH,152.29,10,"[1, 1, 1, 1, 1, 1, 1, 1, 1, 1]",133.76,103.87,170.77,40.98,3532472.0
PEN,317.39,7,"[0, 0, 1, 0, 1, 1, 1, 1, 1, 1]",319.78,313.1,359.4,225.54,374050.15
BMNR,17.23,3,"[1, 0, 0, 0, 0, 0, 0, 0, 1, 1]",16.99,26.96,63.2,13.31,37518835.75
SWK,88.19,10,"[1, 1, 1, 1, 1, 1, 1, 1, 1, 1]",83.17,75.9,94.12,60.08,1553245.55
ENLT,89.51,9,"[0, 1, 1, 1, 1, 1, 1, 1, 1, 1]",90.95,64.68,107.42,23.16,252084.45
OKLO,44.13,1,"[0, 0, 0, 0, 0, 0, 0, 0, 1, 0]",57.74,79.66,174.14,41.11,9275044.6
BWA,63.63,8,"[0, 1, 1, 1, 1, 1, 1, 1, 1, 0]",67.71,53.77,77.03,34.07,2467779.6
APA,35.77,10,"[1, 1, 1, 1, 1, 1, 1, 1, 1, 1]",35.75,30.62,44.09,17.57,5293468.5
IONS,53.39,4,"[0, 0, 0, 0, 1, 1, 1, 0, 1, 0]",72.73,75.76,86.5,40.69,4138906.65
HL,15.29,4,"[0, 0, 0, 0, 1, 1, 1, 0, 1, 0]",16.36,18.21,31.8,5.68,41482822.15
HII,268.76,3,"[0, 0, 0, 0, 1, 1, 0, 0, 1, 0]",296.95,344.74,451.78,249.74,447645.35
SOLS,60.08,4,"[0, 0, 0, 1, 1, 0, 1, 0, 1, 0]",78.4,60.08,88.6,41.35,4412776.7
FIVE,203.71,8,"[1, 0, 1, 0, 1, 1, 1, 1, 1, 1]",200.24,195.12,247.71,131.94,1208832.35
U,29.87,5,"[1, 1, 0, 0, 0, 0, 1, 0, 1, 1]",28.49,31.67,49.47,17.13,6820269.65
IVZ,30.1,10,"[1, 1, 1, 1, 1, 1, 1, 1, 1, 1]",27.86,25.62,30.3,19.76,5239844.55
NTNX,54.19,7,"[1, 1, 1, 1, 0, 0, 1, 0, 1, 1]",50.25,49.83,81.12,34.41,3711631.2
MEDP,531.67,8,"[1, 1, 1, 0, 0, 1, 1, 1, 1, 1]",478.79,515.91,620.59,393.42,321273.45
EXEL,56.12,10,"[1, 1, 1, 1, 1, 1, 1, 1, 1, 1]",52.68,45.15,57.1,34.54,2663803.9
ALGN,177.5,9,"[1, 1, 1, 0, 1, 1, 1, 1, 1, 1]",172.12,165.05,207.19,124.88,1027672.7
WLK,76.22,3,"[0, 0, 0, 0, 1, 0, 1, 0, 1, 0]",82.86,86.8,122.65,55.28,1151869.85
SAIA,433.22,8,"[0, 1, 1, 1, 1, 1, 1, 1, 1, 0]",446.91,372.4,487.14,250.48,385911.1
MP,46.3,1,"[0, 0, 0, 0, 0, 0, 0, 0, 1, 0]",57.84,60.56,98.65,45.24,4788642.05
VIAV,43.02,8,"[0, 1, 1, 1, 1, 1, 1, 1, 1, 0]",47.81,30.91,55.33,9.76,6514615.6
AAOI,119.26,7,"[0, 1, 1, 1, 1, 1, 1, 0, 1, 0]",157.52,87.39,223.1,19.49,9971027.7
PINS,22.83,5,"[1, 1, 0, 0, 0, 0, 1, 0, 1, 1]",21.04,23.23,39.17,15.42,12139757.15
AIZ,275.84,10,"[1, 1, 1, 1, 1, 1, 1, 1, 1, 1]",261.16,233.58,280.11,181.8,351243.45
WBS,76.07,9,"[1, 1, 1, 1, 1, 1, 1, 1, 1, 0]",74.18,67.0,77.6,53.14,3438151.9
ELAN,25.48,9,"[1, 1, 1, 0, 1, 1, 1, 1, 1, 1]",23.69,23.24,26.84,13.68,4182232.95
GLXY,25.41,3,"[0, 0, 0, 1, 0, 0, 1, 0, 1, 0]",28.59,27.32,42.86,16.84,7256486.65
APLD,30.05,5,"[0, 0, 0, 1, 1, 1, 1, 0, 1, 0]",39.83,32.72,49.65,10.03,19647654.6
MDGL,546.79,10,"[1, 1, 1, 1, 1, 1, 1, 1, 1, 1]",514.57,503.6,602.83,289.88,428053.05
VICR,214.7,7,"[0, 1, 1, 1, 1, 1, 1, 0, 1, 0]",295.94,180.41,379.78,43.85,989684.15
COKE,183.09,10,"[1, 1, 1, 1, 1, 1, 1, 1, 1, 1]",179.35,169.96,216.63,111.01,596599.65
LFUS,414.53,8,"[0, 1, 1, 1, 1, 1, 1, 1, 1, 0]",448.92,341.39,489.1,226.04,387210.15
FORM,113.75,7,"[0, 1, 1, 1, 1, 1, 1, 0, 1, 0]",128.41,91.4,159.93,27.62,2057582.35
AAON,105.61,7,"[0, 1, 1, 1, 1, 1, 1, 0, 1, 0]",127.75,100.68,148.15,71.77,1030381.05
TFII,153.21,10,"[1, 1, 1, 1, 1, 1, 1, 1, 1, 1]",148.33,116.93,162.83,80.09,323526.55
AIT,341.13,10,"[1, 1, 1, 1, 1, 1, 1, 1, 1, 1]",320.8,281.11,343.54,239.8,306740.15
SMTC,137.84,8,"[0, 1, 1, 1, 1, 1, 1, 1, 1, 0]",148.17,97.32,174.73,48.47,3709124.15
WULF,19.87,7,"[0, 1, 1, 1, 1, 1, 1, 0, 1, 0]",23.92,17.33,28.98,4.76,38251979.6
POWL,244.39,8,"[0, 1, 1, 1, 1, 1, 1, 1, 1, 0]",276.32,185.98,321.94,73.47,920580.05
TIMB,22.26,6,"[1, 0, 0, 0, 1, 1, 0, 1, 1, 1]",21.92,23.07,27.75,17.42,426190.4
AXSM,236.95,8,"[0, 1, 1, 1, 1, 1, 1, 1, 1, 0]",237.24,180.65,255.17,100.39,1252435.85
WMS,138.85,4,"[0, 0, 0, 0, 1, 1, 0, 1, 1, 0]",141.87,147.23,174.94,112.49,732060.5
HMY,15.33,2,"[0, 0, 0, 0, 1, 0, 0, 0, 1, 0]",16.21,17.87,25.55,12.37,3406782.2
HUT,108.98,8,"[0, 1, 1, 1, 1, 1, 1, 1, 1, 0]",110.86,67.53,133.02,19.45,4457152.6
IAG,14.96,4,"[0, 0, 0, 0, 1, 1, 1, 0, 1, 0]",16.42,16.97,24.57,6.74,4722150.25
CGNX,62.94,8,"[0, 1, 1, 1, 1, 1, 1, 1, 1, 0]",65.05,50.26,72.42,33.53,2373815.65
KTOS,48.21,1,"[0, 0, 0, 0, 0, 0, 0, 0, 1, 0]",53.99,77.2,130.72,45.94,5601393.55
JEF,56.74,7,"[1, 1, 1, 1, 0, 0, 1, 1, 1, 0]",54.66,53.02,68.8,35.74,2636309.3
AG,16.87,4,"[0, 0, 0, 0, 1, 1, 1, 0, 1, 0]",18.47,18.7,31.98,7.82,10167421.6
EMBJ,65.47,9,"[1, 1, 1, 0, 1, 1, 1, 1, 1, 1]",60.23,64.0,79.6,47.22,900958.35
ESI,38.23,8,"[0, 1, 1, 1, 1, 1, 1, 1, 1, 0]",42.36,33.3,49.09,22.82,6795131.1
JOBY,7.66,1,"[0, 0, 0, 0, 0, 0, 0, 0, 1, 0]",9.57,11.82,20.39,7.23,52989932.6
MUSA,611.1,10,"[1, 1, 1, 1, 1, 1, 1, 1, 1, 1]",565.45,460.53,622.78,355.19,287133.95
BTSG,72.56,10,"[1, 1, 1, 1, 1, 1, 1, 1, 1, 1]",63.84,45.0,72.56,19.36,4884198.95
GSAT,79.87,9,"[0, 1, 1, 1, 1, 1, 1, 1, 1, 1]",81.23,66.63,84.43,23.15,1280090.75
GMED,76.09,5,"[0, 0, 0, 0, 1, 1, 1, 1, 1, 0]",79.56,83.17,96.82,52.63,1981628.05
BEP,32.18,8,"[0, 1, 1, 1, 1, 1, 1, 1, 1, 0]",34.54,30.78,37.09,23.77,679267.3
KNX,76.71,10,"[1, 1, 1, 1, 1, 1, 1, 1, 1, 1]",74.36,58.83,82.45,38.58,3533141.7
ALSN,116.21,9,"[1, 1, 1, 1, 1, 1, 1, 1, 1, 0]",116.21,107.55,135.66,78.62,1531664.0
SNAP,4.56,1,"[0, 0, 0, 0, 0, 0, 0, 0, 1, 0]",5.17,6.31,10.35,3.93,37727414.85
ARWR,74.52,8,"[0, 1, 1, 1, 1, 1, 1, 1, 1, 0]",77.18,63.18,86.97,14.96,2979775.65
WTFC,158.93,10,"[1, 1, 1, 1, 1, 1, 1, 1, 1, 1]",155.36,143.43,166.9,118.91,694877.2
AES,14.82,9,"[1, 1, 1, 1, 1, 1, 0, 1, 1, 1]",14.65,14.3,17.07,12.06,8773258.75
SPXC,217.02,7,"[0, 1, 1, 1, 1, 1, 0, 1, 1, 0]",221.72,213.06,246.41,173.83,990729.35
VFS,3.19,3,"[0, 0, 0, 0, 1, 0, 0, 0, 1, 1]",3.32,3.43,4.76,2.81,419008.95
AHR,57.6,10,"[1, 1, 1, 1, 1, 1, 1, 1, 1, 1]",50.52,48.39,57.6,36.23,4425626.25
DAR,63.91,10,"[1, 1, 1, 1, 1, 1, 1, 1, 1, 1]",58.84,48.43,64.84,29.74,2436761.75
FCFS,211.89,8,"[0, 1, 1, 1, 1, 1, 1, 1, 1, 0]",221.34,186.79,232.57,118.91,466871.25
UMBF,143.81,10,"[1, 1, 1, 1, 1, 1, 1, 1, 1, 1]",135.75,121.67,148.02,102.87,730921.9
ARW,216.23,9,"[1, 1, 1, 1, 1, 1, 1, 1, 1, 0]",214.33,153.71,234.83,101.87,603822.2
MOG-A,405.38,10,"[1, 1, 1, 1, 1, 1, 1, 1, 1, 1]",375.88,296.3,425.85,181.72,321195.15
HBM,23.0,6,"[0, 0, 1, 1, 1, 1, 1, 0, 1, 0]",25.15,21.82,31.86,9.05,4979050.75
GTLS,209.9,9,"[1, 1, 1, 1, 1, 1, 0, 1, 1, 1]",208.06,205.91,209.91,168.19,1439370.4
MGM,45.67,9,"[1, 1, 1, 1, 1, 1, 1, 1, 1, 0]",44.72,37.7,50.69,30.72,2805507.65
VMI,505.35,8,"[0, 1, 1, 1, 1, 1, 1, 1, 1, 0]",537.02,454.02,582.78,351.18,217022.35
ABVX,134.09,9,"[1, 1, 1, 0, 1, 1, 1, 1, 1, 1]",117.42,115.33,145.31,10.0,2293383.9
CTRE,43.4,10,"[1, 1, 1, 1, 1, 1, 1, 1, 1, 1]",39.81,37.41,43.4,29.37,2797905.5
MOH,226.54,10,"[1, 1, 1, 1, 1, 1, 1, 1, 1, 1]",204.19,172.58,242.88,122.65,1145388.9
BPOP,172.27,10,"[1, 1, 1, 1, 1, 1, 1, 1, 1, 1]",158.29,135.62,173.86,107.38,562953.05
SNEX,74.55,5,"[0, 0, 0, 1, 1, 1, 1, 0, 1, 0]",118.1,85.54,139.01,54.63,1049387.95
CYTK,81.11,10,"[1, 1, 1, 1, 1, 1, 1, 1, 1, 1]",77.96,67.1,87.26,33.23,2238106.7
VSAT,73.69,10,"[1, 1, 1, 1, 1, 1, 1, 1, 1, 1]",71.77,50.58,89.81,14.47,2960945.8
ICLR,166.62,8,"[1, 1, 1, 1, 0, 0, 1, 1, 1, 1]",146.64,148.99,202.92,80.08,888634.3
AGX,605.52,8,"[0, 1, 1, 1, 1, 1, 1, 1, 1, 0]",676.1,475.25,798.55,203.04,349836.05
CAMT,156.15,7,"[0, 0, 1, 1, 1, 1, 1, 1, 1, 0]",166.06,146.74,207.46,76.73,550707.8
SBSW,8.59,2,"[0, 0, 0, 0, 1, 0, 0, 0, 1, 0]",10.23,12.54,20.52,7.06,5411183.8
ELPC,11.56,8,"[0, 1, 1, 1, 1, 1, 1, 1, 1, 0]",11.66,10.73,13.39,7.42,379415.0
TTC,93.24,10,"[1, 1, 1, 1, 1, 1, 1, 1, 1, 1]",92.22,86.79,100.89,67.07,654313.45
R,274.57,10,"[1, 1, 1, 1, 1, 1, 1, 1, 1, 1]",258.22,211.57,280.34,158.04,363921.5
CAVA,63.69,5,"[0, 0, 0, 1, 1, 1, 1, 0, 1, 0]",77.17,70.68,97.39,43.59,3114637.95
PRAX,317.87,10,"[1, 1, 1, 1, 1, 1, 1, 1, 1, 1]",311.52,274.17,357.13,37.71,536280.35
ZION,69.05,10,"[1, 1, 1, 1, 1, 1, 1, 1, 1, 1]",65.82,59.02,73.31,45.85,1823879.5
SIRI,30.29,10,"[1, 1, 1, 1, 1, 1, 1, 1, 1, 1]",28.6,23.47,31.22,19.47,3965370.95
RIOT,21.49,7,"[0, 1, 1, 1, 1, 1, 1, 0, 1, 0]",24.71,18.51,28.69,11.03,16629250.75
FLS,67.52,4,"[0, 0, 0, 0, 1, 1, 1, 0, 1, 0]",72.46,72.54,91.49,48.65,2011197.1
ALGM,49.35,7,"[0, 1, 1, 1, 1, 1, 1, 0, 1, 0]",51.26,37.35,69.62,22.8,3642295.5
GDS,32.78,3,"[0, 0, 0, 0, 1, 0, 0, 0, 1, 1]",34.66,38.15,47.52,29.02,2128364.45
KRYS,339.06,9,"[1, 1, 1, 1, 1, 1, 1, 1, 1, 0]",330.61,265.38,378.15,134.94,385977.5
EGO,30.46,4,"[0, 0, 0, 0, 1, 1, 1, 0, 1, 0]",31.53,33.98,49.52,20.34,2306379.7
GGB,4.64,10,"[1, 1, 1, 1, 1, 1, 1, 1, 1, 1]",4.52,3.96,4.89,2.8,15943374.25
MXL,86.06,7,"[0, 1, 1, 1, 1, 1, 1, 0, 1, 0]",90.81,38.73,128.03,13.05,3796391.05
IBRX,8.07,9,"[1, 1, 1, 1, 1, 1, 1, 0, 1, 1]",7.82,5.73,11.55,1.98,12494945.05
AAL,15.28,9,"[1, 1, 1, 1, 1, 1, 1, 1, 1, 0]",15.07,13.6,18.15,10.18,153809039.1
DDS,568.27,3,"[1, 0, 0, 0, 0, 0, 0, 1, 1, 0]",560.58,598.11,699.51,443.23,119144.75
FRO,38.45,9,"[1, 1, 1, 1, 1, 1, 1, 1, 1, 0]",36.56,29.18,42.88,16.99,2743720.35
CRUS,139.42,6,"[0, 0, 0, 1, 1, 1, 1, 1, 1, 0]",158.65,140.59,178.9,97.25,643585.95
BVN,31.25,5,"[0, 0, 1, 0, 1, 1, 1, 0, 1, 0]",32.52,30.89,42.44,16.53,1013500.5
W,84.81,5,"[1, 1, 0, 0, 0, 1, 1, 0, 1, 0]",78.56,87.08,119.05,57.4,2782924.45
LUMN,6.76,4,"[0, 0, 0, 1, 0, 1, 1, 0, 1, 0]",8.37,8.09,11.83,3.7,13646352.05
LLYVK,99.76,8,"[0, 1, 1, 1, 1, 1, 0, 1, 1, 1]",100.2,91.96,108.0,77.33,389304.55
LLYVA,96.04,8,"[0, 1, 1, 1, 1, 1, 0, 1, 1, 1]",96.95,89.36,104.11,74.85,243405.65
LEVI,24.56,10,"[1, 1, 1, 1, 1, 1, 1, 1, 1, 1]",23.31,21.55,24.99,17.8,3422684.05
COLB,32.85,10,"[1, 1, 1, 1, 1, 1, 1, 1, 1, 1]",30.63,28.3,33.61,22.1,2801317.55
OSK,146.4,8,"[1, 1, 1, 0, 1, 1, 0, 1, 1, 1]",136.62,141.02,177.15,117.67,687846.95
MTCH,38.75,10,"[1, 1, 1, 1, 1, 1, 1, 1, 1, 1]",36.42,33.2,40.29,28.57,3571443.25
FR,68.46,10,"[1, 1, 1, 1, 1, 1, 1, 1, 1, 1]",62.78,58.64,68.86,46.03,1348612.65
CRL,219.4,10,"[1, 1, 1, 1, 1, 1, 1, 1, 1, 1]",193.5,184.91,233.6,145.57,919436.75
FROG,86.56,10,"[1, 1, 1, 1, 1, 1, 1, 1, 1, 1]",81.62,59.51,98.1,34.75,3529667.55
ZWS,47.27,5,"[0, 0, 0, 1, 1, 1, 0, 1, 1, 0]",48.38,47.7,52.67,36.46,1130300.35
SIMO,278.17,8,"[0, 1, 1, 1, 1, 1, 1, 1, 1, 0]",287.54,158.11,336.9,70.56,761704.6
ENS,201.31,8,"[0, 1, 1, 1, 1, 1, 1, 1, 1, 0]",221.83,174.96,243.06,88.58,592510.7
PRMB,23.69,9,"[0, 1, 1, 1, 1, 1, 1, 1, 1, 1]",23.96,20.13,28.39,14.21,2878516.8
EMN,68.99,6,"[0, 0, 1, 1, 1, 1, 0, 1, 1, 0]",70.97,67.53,79.49,54.37,1285490.75
CIFR,22.89,9,"[1, 1, 1, 1, 1, 1, 1, 1, 1, 0]",22.87,18.41,29.18,4.72,25614746.8
QBTS,17.8,3,"[0, 0, 0, 1, 0, 0, 1, 0, 1, 0]",23.12,23.82,44.78,12.98,20996010.35
ECG,136.05,8,"[0, 1, 1, 1, 1, 1, 1, 1, 1, 0]",149.19,114.81,169.16,66.7,671603.85
NUVL,123.96,10,"[1, 1, 1, 1, 1, 1, 1, 1, 1, 1]",113.49,104.03,123.96,72.16,1461043.9
FIGR,31.49,2,"[0, 0, 0, 0, 0, 0, 0, 0, 1, 1]",32.18,38.32,73.91,25.28,3817552.9
ICL,5.25,4,"[0, 0, 0, 1, 0, 0, 0, 1, 1, 1]",5.65,5.5,6.91,4.72,1349969.65
TKR,139.11,9,"[1, 1, 1, 1, 1, 1, 1, 1, 1, 0]",132.23,101.94,145.32,70.03,858481.6
SSL,11.54,9,"[0, 1, 1, 1, 1, 1, 1, 1, 1, 1]",11.88,9.31,14.29,4.8,1428586.9
KRMN,46.67,2,"[0, 0, 0, 0, 1, 0, 0, 0, 1, 0]",53.57,75.72,115.29,44.84,4056776.95
BOKF,139.98,10,"[1, 1, 1, 1, 1, 1, 1, 1, 1, 1]",133.38,124.44,143.11,96.54,274874.35
NXE,9.17,4,"[0, 0, 0, 0, 1, 1, 1, 0, 1, 0]",10.36,10.59,13.92,6.46,4597999.95
NE,42.6,9,"[0, 1, 1, 1, 1, 1, 1, 1, 1, 1]",44.6,38.75,53.79,24.34,1740858.45
AMG,340.58,9,"[1, 1, 1, 1, 1, 1, 1, 1, 1, 0]",334.15,294.8,379.59,207.03,295781.45
IDA,145.8,9,"[1, 1, 1, 1, 1, 1, 0, 1, 1, 1]",144.74,136.87,154.55,117.54,635152.8
VIRT,57.6,9,"[1, 1, 1, 1, 1, 1, 1, 1, 1, 0]",56.84,42.95,66.82,31.82,1270015.95
MSGS,395.96,10,"[1, 1, 1, 1, 1, 1, 1, 1, 1, 1]",375.71,299.71,403.03,192.65,247696.5
ROAD,103.21,2,"[0, 0, 0, 0, 1, 0, 0, 0, 1, 0]",113.58,115.89,140.48,93.43,1218138.1
CMC,67.7,7,"[0, 0, 1, 1, 1, 1, 1, 1, 1, 0]",70.25,67.62,82.67,49.69,1597913.25
JXN,124.22,10,"[1, 1, 1, 1, 1, 1, 1, 1, 1, 1]",109.58,105.72,125.7,81.3,649927.65
ESE,332.16,9,"[1, 1, 1, 1, 1, 1, 1, 1, 1, 0]",316.64,263.19,354.82,184.98,275357.2
GKOS,153.09,10,"[1, 1, 1, 1, 1, 1, 1, 1, 1, 1]",135.24,114.34,156.84,74.67,786045.55
CWEN,33.61,4,"[0, 0, 0, 0, 1, 1, 0, 1, 1, 0]",36.7,35.62,41.26,26.9,1253199.45
CIG,2.15,8,"[1, 1, 1, 0, 1, 1, 0, 1, 1, 1]",2.11,2.09,2.62,1.7,6230374.45
MBLY,8.99,4,"[0, 0, 0, 1, 0, 0, 1, 0, 1, 1]",9.48,10.11,16.19,6.56,6787421.15
KNTK,50.93,10,"[1, 1, 1, 1, 1, 1, 1, 1, 1, 1]",48.23,41.75,51.27,30.53,988195.85
CHRD,134.19,10,"[1, 1, 1, 1, 1, 1, 1, 1, 1, 1]",130.31,111.41,148.35,82.2,839527.85
MIDD,131.11,9,"[1, 1, 1, 1, 1, 1, 1, 1, 1, 0]",129.22,117.55,144.17,89.85,799070.4
PCVX,58.04,9,"[1, 1, 1, 0, 1, 1, 1, 1, 1, 1]",52.52,51.54,63.04,29.67,1727305.0
KEX,148.7,10,"[1, 1, 1, 1, 1, 1, 1, 1, 1, 1]",141.78,124.93,152.59,79.95,642760.9
HALO,78.6,10,"[1, 1, 1, 1, 1, 1, 1, 1, 1, 1]",72.1,69.25,81.57,57.54,1897775.45
YOU,56.9,10,"[1, 1, 1, 1, 1, 1, 1, 1, 1, 1]",55.46,43.43,62.18,28.34,1350207.9
ORA,105.1,4,"[0, 0, 0, 1, 1, 1, 0, 0, 1, 0]",125.15,115.74,145.1,84.82,871927.7
VLY,14.68,10,"[1, 1, 1, 1, 1, 1, 1, 1, 1, 1]",14.03,12.37,15.19,8.85,6615317.5
VFC,16.91,5,"[0, 0, 0, 0, 1, 1, 1, 1, 1, 0]",16.93,17.43,21.44,11.41,5800038.25
WFRD,83.32,5,"[0, 0, 0, 1, 1, 1, 1, 0, 1, 0]",95.14,88.49,111.42,53.31,1641849.45
CORZ,24.01,8,"[0, 1, 1, 1, 1, 1, 1, 1, 1, 0]",25.33,19.57,29.16,12.65,11457199.0
TEX,64.77,9,"[1, 1, 1, 1, 1, 1, 1, 1, 1, 0]",63.99,58.56,74.58,41.55,1517061.75
SOBO,37.48,10,"[1, 1, 1, 1, 1, 1, 1, 1, 1, 1]",36.3,30.63,37.83,24.54,890091.7
FAF,71.65,9,"[1, 1, 1, 1, 1, 1, 0, 1, 1, 1]",67.91,64.04,73.03,55.68,930678.55
IDCC,264.37,1,"[0, 0, 0, 0, 0, 0, 0, 0, 1, 0]",268.83,324.49,393.78,219.36,313579.25
OR,29.22,2,"[0, 0, 0, 0, 1, 0, 0, 0, 1, 0]",33.55,36.93,47.56,27.51,1130589.05
HXL,108.67,10,"[1, 1, 1, 1, 1, 1, 1, 1, 1, 1]",95.12,82.98,108.67,59.0,1081871.1
OGC,23.49,4,"[0, 0, 0, 0, 1, 1, 1, 0, 1, 0]",27.12,29.4,42.39,13.47,360399.95
SLAB,217.4,8,"[0, 1, 1, 1, 1, 1, 1, 1, 1, 0]",218.16,179.65,220.34,116.08,476438.95
RIG,5.24,5,"[0, 0, 0, 1, 1, 1, 1, 0, 1, 0]",5.85,5.24,7.58,2.8,38230734.3
PLXS,260.66,8,"[0, 1, 1, 1, 1, 1, 1, 1, 1, 0]",273.78,203.44,303.82,118.29,329816.25
GGAL,50.94,9,"[1, 1, 1, 1, 1, 1, 1, 1, 1, 0]",49.01,46.83,58.75,25.39,993631.85
SSRM,27.21,7,"[0, 0, 1, 1, 1, 1, 1, 1, 1, 0]",29.44,26.5,35.74,11.95,3519262.4
LTH,42.28,10,"[1, 1, 1, 1, 1, 1, 1, 1, 1, 1]",36.52,29.38,42.84,24.59,3099798.3
KYMR,113.37,10,"[1, 1, 1, 1, 1, 1, 1, 1, 1, 1]",94.08,80.15,119.35,37.68,1150861.7
SM,32.22,10,"[1, 1, 1, 1, 1, 1, 1, 1, 1, 1]",30.11,24.35,34.57,17.3,3713226.6
LEA,142.82,10,"[1, 1, 1, 1, 1, 1, 1, 1, 1, 1]",138.54,121.69,146.59,90.56,526192.85
HR,21.47,10,"[1, 1, 1, 1, 1, 1, 1, 1, 1, 1]",20.36,18.13,21.47,14.57,3716537.7
RHP,129.96,10,"[1, 1, 1, 1, 1, 1, 1, 1, 1, 1]",119.32,99.66,130.93,82.97,681825.6
NOV,20.19,10,"[1, 1, 1, 1, 1, 1, 1, 1, 1, 1]",19.72,17.72,21.36,11.6,3642361.5
DBX,29.42,8,"[1, 1, 1, 1, 0, 0, 1, 1, 1, 1]",27.69,26.95,32.17,22.06,3419098.95
TFPM,28.52,3,"[0, 0, 0, 0, 1, 1, 0, 0, 1, 0]",30.05,32.79,41.23,22.75,704292.8
AUGO,54.83,4,"[0, 0, 0, 0, 1, 1, 1, 0, 1, 0]",65.58,61.52,108.01,22.99,1145232.1
MTDR,54.08,10,"[1, 1, 1, 1, 1, 1, 1, 1, 1, 1]",53.69,49.3,65.01,36.31,1685310.7
MYRG,400.1,8,"[0, 1, 1, 1, 1, 1, 1, 1, 1, 0]",445.69,304.47,501.13,173.81,298580.6
AVT,89.85,9,"[1, 1, 1, 1, 1, 1, 1, 1, 1, 0]",86.71,64.51,92.93,43.64,1139495.6
LGN,72.55,6,"[0, 1, 1, 1, 1, 0, 1, 0, 1, 0]",82.11,58.17,102.27,29.72,1908716.5
BRKR,60.43,10,"[1, 1, 1, 1, 1, 1, 1, 1, 1, 1]",54.62,44.65,62.65,29.21,2118216.75
SGHC,15.59,9,"[1, 1, 1, 1, 0, 1, 1, 1, 1, 1]",13.72,11.79,15.59,8.45,3121401.25
STEP,42.97,1,"[0, 0, 0, 0, 0, 0, 0, 0, 1, 0]",46.05,54.69,74.4,39.54,1622986.05
UGP,6.28,10,"[1, 1, 1, 1, 1, 1, 1, 1, 1, 1]",5.4,4.83,6.28,2.84,4423652.0
VAL,78.08,6,"[0, 0, 1, 1, 1, 1, 1, 0, 1, 0]",86.98,74.87,113.42,44.25,909262.85
BLSH,24.77,1,"[0, 0, 0, 0, 0, 0, 0, 0, 1, 0]",29.23,38.47,74.63,21.88,1393106.2
TGTX,53.95,9,"[1, 1, 1, 1, 1, 1, 1, 1, 1, 0]",47.86,35.93,59.06,26.39,2410795.35
MIRM,117.05,10,"[1, 1, 1, 1, 1, 1, 1, 1, 1, 1]",108.16,90.95,128.57,51.12,911031.2
ST,46.51,8,"[0, 1, 1, 1, 1, 1, 1, 1, 1, 0]",47.92,37.91,53.55,28.36,1668490.8
NPO,338.85,9,"[1, 1, 1, 1, 1, 1, 1, 1, 1, 0]",331.88,265.03,387.65,200.44,342793.35
PAYC,144.22,5,"[1, 1, 0, 1, 0, 0, 0, 0, 1, 1]",136.43,146.3,236.57,113.28,851264.4
SYRE,102.7,10,"[1, 1, 1, 1, 1, 1, 1, 1, 1, 1]",83.48,49.1,102.7,14.82,1737055.4
SWX,92.22,9,"[1, 1, 1, 1, 1, 1, 0, 1, 1, 1]",89.12,84.54,93.37,74.73,605735.6
COMP,11.42,9,"[1, 1, 1, 0, 1, 1, 1, 1, 1, 1]",9.76,9.51,13.58,6.68,15220552.55
AROC,38.29,10,"[1, 1, 1, 1, 1, 1, 1, 1, 1, 1]",37.11,31.39,41.95,21.54,2320908.75
AXTI,56.51,6,"[0, 0, 1, 1, 1, 1, 1, 0, 1, 0]",88.65,45.0,140.83,1.92,9348206.45
RSI,33.65,10,"[1, 1, 1, 1, 1, 1, 1, 1, 1, 1]",29.34,22.12,34.52,14.64,2470073.15
RYTM,106.6,9,"[1, 1, 1, 1, 0, 1, 1, 1, 1, 1]",97.78,98.83,117.62,75.82,858269.45
HIMS,32.73,6,"[1, 1, 1, 1, 0, 0, 1, 0, 1, 0]",30.1,31.42,66.18,14.52,13302597.5
PTGX,138.31,10,"[1, 1, 1, 1, 1, 1, 1, 1, 1, 1]",114.07,94.66,140.91,50.96,900415.45
ACA,144.65,9,"[1, 1, 1, 1, 1, 1, 1, 1, 1, 0]",133.89,115.08,145.33,83.51,1080857.45
FNB,19.09,10,"[1, 1, 1, 1, 1, 1, 1, 1, 1, 1]",18.18,17.08,19.49,14.33,6231136.8
FLY,21.11,3,"[0, 0, 0, 1, 1, 0, 0, 0, 1, 0]",33.99,27.94,60.35,16.78,4866594.95
CELC,91.69,5,"[0, 0, 0, 0, 1, 1, 1, 0, 1, 1]",107.7,102.25,144.98,13.77,1744174.3
ENIC,4.38,9,"[1, 1, 1, 1, 1, 1, 1, 1, 1, 0]",4.37,4.04,4.66,3.01,522736.9
INGM,29.45,10,"[1, 1, 1, 1, 1, 1, 1, 1, 1, 1]",27.99,24.03,31.64,18.49,1289833.4
LUNR,14.64,5,"[0, 0, 0, 1, 1, 1, 1, 0, 1, 0]",26.33,19.11,45.7,8.05,10810506.55
RGTI,15.28,2,"[0, 0, 0, 1, 0, 0, 0, 0, 1, 0]",19.74,23.13,56.34,12.9,24805612.55
CLF,9.25,2,"[0, 0, 0, 1, 0, 0, 0, 0, 1, 0]",11.28,11.54,16.18,7.82,19447227.15
CE,46.41,4,"[0, 0, 0, 0, 1, 1, 1, 0, 1, 0]",51.12,49.96,69.24,35.49,1856622.35
APGE,134.2,10,"[1, 1, 1, 1, 1, 1, 1, 1, 1, 1]",104.43,79.4,134.29,34.65,3012283.4
LSTR,214.21,10,"[1, 1, 1, 1, 1, 1, 1, 1, 1, 1]",204.7,161.64,225.37,118.1,459971.5
GVA,124.78,7,"[0, 0, 1, 1, 1, 1, 1, 1, 1, 0]",138.75,123.02,160.26,91.89,981197.65
VIST,65.05,8,"[0, 1, 1, 1, 1, 1, 1, 1, 1, 0]",69.21,58.37,79.25,33.7,881142.85
KGS,66.89,8,"[0, 1, 1, 1, 1, 1, 1, 1, 1, 0]",69.86,51.28,76.27,29.75,1941244.9
URBN,73.74,8,"[1, 1, 1, 1, 1, 0, 0, 1, 1, 1]",71.99,70.28,82.7,59.57,1186957.9
PTCT,78.5,9,"[1, 1, 1, 1, 1, 1, 1, 1, 1, 0]",76.76,72.7,89.55,43.3,2184856.3
ETSY,81.69,9,"[1, 1, 1, 1, 0, 1, 1, 1, 1, 1]",71.07,61.43,85.74,44.05,2775482.8
LNTH,107.95,10,"[1, 1, 1, 1, 1, 1, 1, 1, 1, 1]",102.17,76.55,110.94,50.11,957074.9
VNO,39.97,8,"[1, 1, 1, 1, 0, 0, 1, 1, 1, 1]",36.25,33.09,42.04,24.71,1550044.85
REZI,34.63,5,"[1, 0, 0, 0, 0, 0, 1, 1, 1, 1]",31.84,35.55,44.5,24.07,1814663.85
OUT,32.0,9,"[0, 1, 1, 1, 1, 1, 1, 1, 1, 1]",32.14,26.07,33.81,15.95,1765673.15
FLG,14.83,9,"[1, 1, 1, 1, 1, 1, 1, 1, 1, 0]",14.44,13.19,15.36,10.7,4587396.8
EAT,192.83,10,"[1, 1, 1, 1, 1, 1, 1, 1, 1, 1]",157.43,146.39,195.01,102.29,1051270.25
GXO,54.06,6,"[1, 0, 1, 0, 1, 0, 0, 1, 1, 1]",50.01,53.7,65.59,45.52,1386414.3
COGT,39.64,9,"[1, 1, 1, 0, 1, 1, 1, 1, 1, 1]",35.44,33.76,42.11,10.86,3156319.2
IBP,222.09,4,"[1, 0, 0, 0, 1, 0, 0, 0, 1, 1]",215.19,262.11,340.78,195.28,450213.65
ABCB,90.67,10,"[1, 1, 1, 1, 1, 1, 1, 1, 1, 1]",87.18,80.01,93.17,65.01,535508.6
TFX,135.01,10,"[1, 1, 1, 1, 1, 1, 1, 1, 1, 1]",130.55,120.34,138.45,99.79,416239.8
IMVT,39.53,10,"[1, 1, 1, 1, 1, 1, 1, 1, 1, 1]",34.8,27.16,41.09,14.69,1308377.85
CGON,71.72,10,"[1, 1, 1, 1, 1, 1, 1, 1, 1, 1]",65.59,55.58,75.24,23.94,1260281.1
USAR,15.8,4,"[0, 0, 0, 1, 0, 1, 1, 0, 1, 0]",22.31,20.23,38.68,11.05,10960736.4
NSA,43.41,8,"[0, 1, 1, 1, 1, 1, 1, 1, 1, 0]",43.68,35.27,46.04,26.69,1347835.55
ALKS,52.85,10,"[1, 1, 1, 1, 1, 1, 1, 1, 1, 1]",45.5,34.71,55.22,26.13,2262001.55
CENX,44.8,5,"[0, 0, 0, 1, 1, 1, 1, 0, 1, 0]",54.42,46.89,68.77,20.41,2338423.2
MSM,126.43,10,"[1, 1, 1, 1, 1, 1, 1, 1, 1, 1]",114.69,94.5,126.43,78.9,919843.3
SRRK,50.88,10,"[1, 1, 1, 1, 1, 1, 1, 1, 1, 1]",50.04,44.27,57.94,27.92,1653102.0
BLCO,15.99,6,"[1, 0, 0, 0, 1, 1, 0, 1, 1, 1]",15.89,16.27,18.6,13.5,371635.6
PIPR,77.24,2,"[0, 0, 0, 0, 0, 0, 0, 1, 1, 0]",77.41,80.94,92.51,69.79,704732.3
BKH,74.3,10,"[1, 1, 1, 1, 1, 1, 1, 1, 1, 1]",73.47,70.34,76.1,53.69,814161.2
KMX,57.61,9,"[1, 1, 1, 1, 1, 0, 1, 1, 1, 1]",47.94,43.2,63.53,30.88,2857330.35
MAC,25.65,10,"[1, 1, 1, 1, 1, 1, 1, 1, 1, 1]",23.82,19.82,25.92,15.6,3290817.9
CZR,30.03,10,"[1, 1, 1, 1, 1, 1, 1, 1, 1, 1]",29.13,25.16,30.41,18.14,4600139.65
PRIM,87.8,2,"[0, 0, 0, 0, 1, 0, 0, 0, 1, 0]",103.63,132.5,202.75,84.88,2422776.05
GLNG,49.76,8,"[0, 1, 1, 1, 1, 1, 1, 1, 1, 0]",51.52,45.07,57.07,34.97,1002690.15
OSCR,30.77,10,"[1, 1, 1, 1, 1, 1, 1, 1, 1, 1]",26.9,18.57,32.18,10.85,5607807.75
S,18.81,8,"[1, 1, 1, 1, 0, 0, 1, 1, 1, 1]",16.99,15.47,19.92,11.94,7279288.7
CORT,95.65,9,"[1, 1, 1, 1, 0, 1, 1, 1, 1, 1]",76.66,61.22,95.65,32.15,1110616.15
RUSHA,75.91,10,"[1, 1, 1, 1, 1, 1, 1, 1, 1, 1]",71.23,63.34,79.66,46.26,563221.7
HWC,76.64,10,"[1, 1, 1, 1, 1, 1, 1, 1, 1, 1]",71.0,65.33,79.16,53.34,1003008.1
CACC,618.47,10,"[1, 1, 1, 1, 1, 1, 1, 1, 1, 1]",583.52,500.09,657.2,411.04,154044.25
ZGN,14.21,10,"[1, 1, 1, 1, 1, 1, 1, 1, 1, 1]",13.58,11.21,14.76,7.63,1342756.15
MATX,219.19,10,"[1, 1, 1, 1, 1, 1, 1, 1, 1, 1]",194.57,152.13,223.55,87.4,347044.3
MCY,105.77,10,"[1, 1, 1, 1, 1, 1, 1, 1, 1, 1]",103.18,92.25,111.12,67.07,311310.55
ALM,15.0,6,"[0, 0, 1, 1, 1, 1, 1, 0, 1, 0]",17.39,13.65,23.42,3.42,6282978.05
BGC,11.35,9,"[1, 1, 1, 1, 1, 1, 1, 1, 1, 0]",11.17,9.87,12.65,8.26,3623785.9
AUB,42.81,10,"[1, 1, 1, 1, 1, 1, 1, 1, 1, 1]",39.47,36.59,43.25,30.03,1439640.4
GTX,32.36,8,"[0, 1, 1, 1, 1, 1, 1, 1, 1, 0]",32.5,21.5,36.23,11.43,2803240.8
MRCY,98.64,8,"[0, 1, 1, 1, 1, 1, 1, 1, 1, 0]",106.39,87.04,126.21,51.51,781371.0
VSEC,202.53,8,"[1, 1, 1, 0, 1, 1, 1, 1, 1, 0]",195.81,190.18,237.9,129.38,547665.9
TEO,13.6,10,"[1, 1, 1, 1, 1, 1, 1, 1, 1, 1]",13.2,11.79,15.98,6.52,315642.8
LBRT,24.88,6,"[0, 0, 1, 1, 1, 1, 1, 0, 1, 0]",28.26,23.92,33.83,9.91,3748001.95
XENE,66.74,10,"[1, 1, 1, 1, 1, 1, 1, 1, 1, 1]",57.67,49.14,70.96,30.3,1915963.8
SNDR,38.38,10,"[1, 1, 1, 1, 1, 1, 1, 1, 1, 1]",35.48,28.43,38.66,20.04,993846.5
KLIC,108.54,8,"[0, 1, 1, 1, 1, 1, 1, 1, 1, 0]",109.93,70.51,133.81,31.65,1271337.05
SEI,65.17,8,"[0, 1, 1, 1, 1, 1, 1, 1, 1, 0]",72.51,58.4,82.88,24.67,3029787.6
GOLF,109.4,10,"[1, 1, 1, 1, 1, 1, 1, 1, 1, 1]",100.4,91.8,118.53,73.29,347563.1
BEPC,34.17,3,"[0, 0, 0, 0, 0, 1, 0, 1, 1, 0]",36.87,39.0,43.52,31.72,1261086.2
VCTR,97.92,10,"[1, 1, 1, 1, 1, 1, 1, 1, 1, 1]",87.76,72.11,100.58,59.52,502737.9
BC,80.59,8,"[0, 1, 1, 1, 1, 1, 1, 1, 1, 0]",80.68,75.76,88.28,55.31,659266.7
MUR,37.3,10,"[1, 1, 1, 1, 1, 1, 1, 1, 1, 1]",36.46,33.66,42.37,21.48,1895100.9
MGY,25.09,5,"[0, 0, 0, 1, 1, 1, 0, 1, 1, 0]",27.3,25.79,32.17,20.99,4562246.8
CRSP,48.15,1,"[0, 0, 0, 0, 0, 0, 0, 0, 1, 0]",52.81,55.02,76.78,44.34,1778505.25
PACS,45.56,10,"[1, 1, 1, 1, 1, 1, 1, 1, 1, 1]",39.39,32.43,46.13,7.71,1009535.35
HASI,38.41,8,"[0, 1, 1, 1, 1, 1, 1, 1, 1, 0]",38.91,35.11,42.83,23.22,890345.0
ATAT,31.21,1,"[0, 0, 0, 0, 0, 0, 0, 0, 1, 0]",33.55,36.61,42.21,31.03,893201.15
CRC,53.31,3,"[0, 0, 0, 0, 1, 0, 0, 1, 1, 0]",56.62,54.35,69.66,42.98,808833.7
LEGN,23.54,4,"[0, 1, 0, 1, 0, 0, 1, 0, 1, 0]",29.08,25.0,44.32,16.65,2020833.75
PRM,34.79,9,"[1, 1, 1, 1, 1, 1, 1, 1, 1, 0]",33.63,27.83,37.78,15.64,1814293.6
IFS,59.95,10,"[1, 1, 1, 1, 1, 1, 1, 1, 1, 1]",53.26,45.72,60.68,34.31,221540.6
CROX,135.28,10,"[1, 1, 1, 1, 1, 1, 1, 1, 1, 1]",119.69,95.46,138.91,73.39,1070040.9
CAR,162.24,6,"[0, 0, 1, 1, 1, 1, 1, 0, 1, 0]",165.72,157.91,713.97,87.69,712459.05
M,23.8,9,"[1, 1, 1, 1, 1, 1, 1, 1, 1, 0]",22.39,20.46,25.96,11.47,5154281.2
AVAL,5.09,9,"[1, 1, 1, 1, 1, 1, 1, 1, 1, 0]",4.88,4.35,5.73,2.72,160903.85
KNF,79.41,6,"[0, 0, 1, 0, 1, 1, 1, 1, 1, 0]",80.34,77.99,94.57,59.93,524017.4
DIOD,93.75,8,"[0, 1, 1, 1, 1, 1, 1, 1, 1, 0]",103.29,73.22,122.76,42.36,628454.35
SON,54.71,10,"[1, 1, 1, 1, 1, 1, 1, 1, 1, 1]",51.58,47.88,57.42,38.0,1162384.65
WSC,26.52,8,"[0, 1, 1, 1, 1, 1, 1, 1, 1, 0]",26.61,21.83,31.26,14.84,1934231.3
RELY,23.83,10,"[1, 1, 1, 1, 1, 1, 1, 1, 1, 1]",21.79,17.11,25.23,12.2,3340512.4
SXT,108.96,8,"[0, 1, 1, 1, 1, 1, 1, 1, 1, 0]",116.53,100.44,124.49,82.67,528356.45
ALH,24.61,4,"[0, 1, 0, 1, 0, 0, 0, 1, 1, 0]",25.46,24.61,26.93,19.06,633345.45
ACLS,143.21,7,"[0, 1, 1, 1, 1, 1, 1, 0, 1, 0]",158.37,109.27,191.6,67.69,623366.55
LB,76.57,10,"[1, 1, 1, 1, 1, 1, 1, 1, 1, 1]",71.47,64.22,85.14,44.06,401662.55
STVN,19.1,7,"[1, 1, 1, 1, 0, 0, 1, 0, 1, 1]",18.23,18.89,27.85,13.38,292831.85
BMA,92.77,9,"[1, 1, 1, 1, 1, 1, 1, 1, 1, 0]",86.84,79.67,101.13,37.79,209600.1
GBTG,9.41,9,"[1, 1, 1, 1, 0, 1, 1, 1, 1, 1]",9.39,7.51,9.51,4.97,2131864.95
TDS,33.83,2,"[0, 0, 0, 0, 1, 0, 0, 0, 1, 0]",38.49,41.11,47.5,33.39,1144805.6
NOVT,145.85,8,"[0, 1, 1, 1, 1, 1, 1, 1, 1, 0]",155.53,131.41,168.59,99.22,568640.05
MARA,12.25,5,"[0, 1, 1, 1, 0, 0, 1, 0, 1, 0]",13.3,12.12,22.84,6.73,49436310.0
ACHR,5.28,1,"[0, 0, 0, 0, 0, 0, 0, 0, 1, 0]",5.57,7.28,13.64,4.44,35774947.35
PSMT,186.49,10,"[1, 1, 1, 1, 1, 1, 1, 1, 1, 1]",178.52,147.75,197.9,103.58,374152.9
SYNA,119.32,8,"[0, 1, 1, 1, 1, 1, 1, 1, 1, 0]",129.61,90.37,147.57,58.52,1440247.35
OPEN,4.48,3,"[0, 0, 0, 0, 0, 0, 1, 0, 1, 1]",4.63,5.75,10.52,1.84,88005306.4
PBF,66.05,10,"[1, 1, 1, 1, 1, 1, 1, 1, 1, 1]",45.36,38.0,66.05,20.96,3047625.25
INDV,40.45,10,"[1, 1, 1, 1, 1, 1, 1, 1, 1, 1]",38.72,33.8,41.83,16.18,1841643.15
ENPH,39.94,5,"[0, 0, 0, 1, 1, 1, 1, 0, 1, 0]",51.05,39.99,72.33,26.12,5550620.9
KC,10.05,3,"[0, 0, 0, 0, 1, 0, 0, 0, 1, 1]",11.69,12.82,18.21,8.58,1477567.6
MIAX,41.93,5,"[0, 0, 0, 1, 0, 1, 1, 0, 1, 1]",43.99,43.45,56.84,30.74,2231569.55
TGS,31.02,8,"[1, 1, 1, 0, 1, 1, 1, 1, 1, 0]",30.3,30.01,35.32,20.12,241505.8
DNTH,105.72,10,"[1, 1, 1, 1, 1, 1, 1, 1, 1, 1]",89.57,63.83,105.72,18.76,1332619.85
SPHR,142.2,8,"[0, 1, 1, 1, 1, 1, 1, 1, 1, 0]",145.59,109.6,173.03,38.7,651704.5
MDU,21.0,8,"[0, 1, 1, 1, 1, 1, 1, 1, 1, 0]",21.35,20.44,22.65,15.53,1556284.5
EBC,22.94,10,"[1, 1, 1, 1, 1, 1, 1, 1, 1, 1]",20.85,19.51,23.46,14.6,2614879.75
HRB,40.42,7,"[1, 1, 1, 1, 0, 0, 1, 0, 1, 1]",37.99,38.21,54.28,27.66,1862822.3
NAVN,26.62,7,"[1, 1, 0, 1, 0, 0, 1, 1, 1, 1]",22.08,26.62,27.73,8.51,4985702.45
AIR,141.4,10,"[1, 1, 1, 1, 1, 1, 1, 1, 1, 1]",124.64,105.05,143.61,71.73,532713.2
VSH,39.78,7,"[0, 1, 1, 1, 1, 1, 1, 0, 1, 0]",49.19,25.85,64.9,11.65,7417309.7
PI,136.03,5,"[0, 1, 0, 1, 0, 0, 1, 0, 1, 1]",139.38,147.1,241.91,91.34,342116.3
MEOH,55.15,9,"[0, 1, 1, 1, 1, 1, 1, 1, 1, 1]",55.57,48.56,65.5,31.93,1020882.15
NTSK,13.33,5,"[1, 1, 0, 0, 0, 0, 1, 0, 1, 1]",11.13,14.4,25.79,7.73,5063417.15
QS,6.05,1,"[0, 0, 0, 0, 0, 0, 0, 0, 1, 0]",7.54,9.66,18.44,5.86,23704495.6
CVLT,146.49,7,"[1, 1, 1, 1, 0, 0, 1, 0, 1, 1]",127.05,116.74,195.41,75.18,734465.3
CSTM,28.51,8,"[0, 1, 1, 1, 1, 1, 1, 1, 1, 0]",32.44,24.54,36.15,13.08,1907705.6
LAUR,36.11,9,"[1, 1, 1, 1, 1, 1, 1, 1, 1, 0]",35.57,33.32,40.46,22.6,1302114.2
PAM,87.35,9,"[1, 1, 1, 0, 1, 1, 1, 1, 1, 1]",82.96,82.43,92.27,56.55,152965.85
PAGP,25.98,10,"[1, 1, 1, 1, 1, 1, 1, 1, 1, 1]",24.51,21.09,25.98,15.88,1141158.6
CVSA,116.35,6,"[0, 1, 1, 1, 0, 0, 1, 1, 1, 0]",124.9,114.63,154.45,89.36,389974.95
ATMU,51.14,6,"[1, 0, 0, 0, 1, 1, 1, 1, 1, 0]",50.38,53.61,65.5,37.33,763428.15
FTDR,73.22,10,"[1, 1, 1, 1, 1, 1, 1, 1, 1, 1]",68.91,61.83,79.07,49.1,668818.15
MMYT,56.49,5,"[1, 1, 0, 0, 0, 0, 1, 0, 1, 1]",48.65,61.52,103.21,36.3,1150877.2
INSW,90.47,10,"[1, 1, 1, 1, 1, 1, 1, 1, 1, 1]",81.59,62.13,90.47,34.38,621736.75
HCC,79.76,4,"[0, 0, 0, 0, 1, 1, 1, 0, 1, 0]",88.45,84.73,110.28,50.48,702761.1
NAMS,32.34,6,"[0, 0, 0, 1, 0, 1, 1, 1, 1, 1]",33.51,34.01,41.45,21.28,1065175.65
KNSA,63.55,10,"[1, 1, 1, 1, 1, 1, 1, 1, 1, 1]",56.66,46.67,67.29,26.33,1049673.55
SHC,17.4,10,"[1, 1, 1, 1, 1, 1, 1, 1, 1, 1]",16.48,16.41,19.35,11.06,2874050.15
TBBB,40.89,9,"[1, 1, 1, 1, 1, 1, 1, 1, 1, 0]",39.61,34.83,42.58,24.12,601110.55
HRI,147.94,9,"[1, 1, 1, 1, 1, 1, 1, 1, 1, 0]",141.16,135.83,179.36,90.58,556217.55
NWE,71.8,10,"[1, 1, 1, 1, 1, 1, 1, 1, 1, 1]",70.68,66.55,73.42,50.02,460528.6
FLNC,15.28,5,"[0, 0, 0, 1, 1, 1, 1, 0, 1, 0]",20.49,18.96,32.23,6.75,8584610.75
LGND,305.47,10,"[1, 1, 1, 1, 1, 1, 1, 1, 1, 1]",263.66,215.63,322.61,131.58,559208.1
IPGP,102.79,6,"[0, 0, 1, 1, 1, 1, 1, 0, 1, 0]",110.45,101.78,153.91,71.6,382601.3
CBT,88.87,9,"[1, 1, 1, 1, 1, 1, 1, 1, 1, 0]",86.24,73.94,93.4,57.64,571459.75
GTLB,32.85,7,"[1, 1, 1, 1, 0, 0, 1, 0, 1, 1]",29.09,32.69,51.04,19.42,4592672.7
BCO,123.19,7,"[1, 1, 1, 0, 0, 0, 1, 1, 1, 1]",103.76,112.18,135.25,84.62,559751.2
HAFN,7.55,8,"[0, 1, 1, 1, 1, 1, 1, 1, 1, 0]",7.57,6.53,9.11,4.7,1672818.9
WIX,51.12,2,"[0, 0, 0, 0, 0, 0, 0, 0, 1, 1]",51.82,86.16,184.24,40.43,1216027.0
AZZ,150.42,9,"[1, 1, 1, 1, 1, 1, 1, 1, 1, 0]",145.87,125.15,159.9,97.18,369849.15
ONDS,7.66,4,"[0, 0, 0, 0, 1, 1, 1, 0, 1, 0]",9.14,9.42,14.01,1.82,104630674.1
UNF,289.48,10,"[1, 1, 1, 1, 1, 1, 1, 1, 1, 1]",267.72,223.51,292.69,149.3,169499.5
IRDM,47.24,9,"[0, 1, 1, 1, 1, 1, 1, 1, 1, 1]",47.27,29.0,55.72,15.57,2928772.15
STNG,79.66,9,"[1, 1, 1, 1, 1, 1, 1, 1, 1, 0]",77.64,67.5,86.1,42.3,910979.15
TCBI,103.65,10,"[1, 1, 1, 1, 1, 1, 1, 1, 1, 1]",100.89,95.63,107.74,76.93,540852.85
TPC,86.78,9,"[1, 1, 1, 0, 1, 1, 1, 1, 1, 1]",77.16,74.33,97.23,45.54,658400.0
ENVA,228.46,10,"[1, 1, 1, 1, 1, 1, 1, 1, 1, 1]",196.11,156.22,242.18,100.56,416743.8
PLUG,2.27,4,"[0, 0, 0, 1, 0, 1, 1, 0, 1, 0]",3.02,2.62,4.14,1.4,51449046.9
HNGE,84.35,10,"[1, 1, 1, 1, 1, 1, 1, 1, 1, 1]",69.37,50.8,90.0,31.17,2228101.55
WHD,55.19,9,"[0, 1, 1, 1, 1, 1, 1, 1, 1, 1]",56.01,49.98,62.59,33.12,874433.0
PTEN,10.53,9,"[0, 1, 1, 1, 1, 1, 1, 1, 1, 1]",10.77,8.5,12.74,5.0,9746296.1
SMR,8.71,1,"[0, 0, 0, 0, 0, 0, 0, 0, 1, 0]",10.5,17.72,53.43,7.64,27499997.55
CMBT,15.59,10,"[1, 1, 1, 1, 1, 1, 1, 1, 1, 1]",15.02,11.93,16.55,7.49,1081997.8
CNO,53.02,10,"[1, 1, 1, 1, 1, 1, 1, 1, 1, 1]",49.64,43.41,53.59,34.91,890601.7
BETA,19.55,5,"[1, 1, 0, 0, 0, 0, 1, 0, 1, 1]",17.11,19.55,36.8,13.59,1368247.9
CNR,84.28,4,"[0, 0, 0, 0, 1, 1, 0, 0, 1, 1]",85.66,88.95,113.11,69.02,575633.85
BLLN,132.53,7,"[1, 1, 0, 1, 0, 0, 1, 1, 1, 1]",105.58,132.53,132.53,64.03,705589.2
ZETA,21.19,10,"[1, 1, 1, 1, 1, 1, 1, 1, 1, 1]",20.18,18.79,25.25,14.55,8896268.5
NVTS,12.82,6,"[0, 0, 1, 1, 1, 1, 1, 0, 1, 0]",20.43,12.71,31.79,5.54,17159929.65
FHI,57.49,8,"[1, 1, 1, 1, 1, 1, 0, 1, 1, 0]",56.98,53.83,60.04,46.35,595950.55
COLD,15.34,10,"[1, 1, 1, 1, 1, 1, 1, 1, 1, 1]",14.92,12.66,16.25,9.61,4535771.15
LMND,68.62,8,"[1, 1, 1, 0, 1, 1, 1, 0, 1, 1]",60.36,65.39,96.57,36.28,1486150.15
AMRX,18.1,10,"[1, 1, 1, 1, 1, 1, 1, 1, 1, 1]",15.11,13.16,18.1,7.82,2264154.55
LPL,3.26,2,"[0, 0, 0, 1, 0, 0, 0, 0, 1, 0]",4.38,4.43,5.76,3.19,3213148.15
TREX,42.91,5,"[0, 1, 1, 1, 0, 0, 1, 0, 1, 0]",43.66,41.03,68.49,30.13,2039445.4
DOO,59.65,3,"[1, 0, 0, 0, 0, 0, 0, 0, 1, 1]",58.8,66.31,81.22,48.82,202024.6
MTRN,254.83,9,"[1, 1, 1, 1, 1, 1, 1, 1, 1, 0]",240.45,165.74,297.39,91.69,375472.9
XMTR,104.85,10,"[1, 1, 1, 1, 1, 1, 1, 1, 1, 1]",90.54,62.87,104.85,30.97,851905.45
NP,30.34,9,"[1, 1, 1, 1, 1, 0, 1, 1, 1, 1]",28.97,26.0,34.06,17.14,1024181.05
LASR,75.23,10,"[1, 1, 1, 1, 1, 1, 1, 1, 1, 1]",70.51,53.42,84.95,19.12,1422726.9
CAAP,24.76,5,"[0, 0, 0, 0, 1, 1, 1, 1, 1, 0]",25.53,25.07,30.35,17.49,218456.5
TNL,73.35,9,"[1, 1, 1, 1, 1, 1, 1, 1, 1, 0]",71.06,68.7,78.1,55.95,677677.05
PVH,78.65,6,"[0, 1, 1, 1, 0, 0, 0, 1, 1, 1]",81.21,76.53,98.77,60.85,1004324.3
LBTYA,10.28,3,"[0, 0, 0, 0, 1, 0, 0, 1, 1, 0]",11.5,11.49,13.03,9.84,1900844.3
CRGY,11.04,9,"[0, 1, 1, 1, 1, 1, 1, 1, 1, 1]",11.22,10.3,13.79,7.6,6384420.25
COCO,75.89,9,"[1, 1, 1, 1, 1, 1, 1, 1, 1, 0]",75.58,57.35,84.02,32.3,1224994.85
POWI,74.39,8,"[0, 1, 1, 1, 1, 1, 1, 1, 1, 0]",76.45,53.06,87.35,30.52,909047.8
LEU,171.24,1,"[0, 0, 0, 0, 0, 0, 0, 0, 1, 0]",173.55,237.87,436.0,146.61,874629.65
KTB,85.3,9,"[1, 1, 1, 1, 0, 1, 1, 1, 1, 1]",76.18,71.05,88.17,53.29,849850.95
MRX,64.64,9,"[1, 1, 1, 1, 1, 1, 1, 1, 1, 0]",60.09,44.2,70.29,27.92,979250.2
ARIS,14.7,4,"[0, 0, 0, 0, 1, 1, 1, 0, 1, 0]",16.3,16.24,22.68,6.74,1478703.9
DLO,14.77,8,"[1, 1, 1, 0, 0, 1, 1, 1, 1, 1]",12.86,13.21,15.57,9.84,3244649.1
GFF,88.78,8,"[0, 1, 1, 1, 1, 1, 1, 1, 1, 0]",89.31,81.25,97.53,66.26,351614.7
TDW,78.09,10,"[1, 1, 1, 1, 1, 1, 1, 1, 1, 1]",74.17,67.53,91.12,47.29,773891.4
OPLN,39.77,10,"[1, 1, 1, 1, 1, 1, 1, 1, 1, 1]",38.22,30.97,42.9,24.17,1146554.25
KAI,306.41,5,"[0, 0, 1, 0, 1, 0, 0, 1, 1, 1]",308.25,304.56,356.98,246.63,140792.7
BBWI,20.27,5,"[1, 1, 0, 0, 0, 0, 1, 0, 1, 1]",19.58,20.58,31.84,14.56,5415909.35
TVTX,56.58,10,"[1, 1, 1, 1, 1, 1, 1, 1, 1, 1]",50.96,37.12,59.03,15.32,1671793.35
CRNX,83.9,10,"[1, 1, 1, 1, 1, 1, 1, 1, 1, 1]",46.52,44.4,83.91,26.85,8288549.7
LIVN,79.85,10,"[1, 1, 1, 1, 1, 1, 1, 1, 1, 1]",77.44,65.35,84.03,41.13,679709.1
NVST,26.93,9,"[1, 1, 1, 0, 1, 1, 1, 1, 1, 1]",24.96,24.06,30.26,18.89,2537506.05
ACMR,95.27,9,"[1, 1, 1, 1, 1, 1, 1, 1, 1, 0]",88.72,56.55,126.89,23.92,1571763.65
UCTT,105.15,8,"[1, 1, 1, 1, 1, 1, 1, 0, 1, 0]",98.63,58.44,142.59,21.63,1667224.35
HGV,49.19,8,"[0, 1, 1, 1, 1, 1, 1, 1, 1, 0]",50.16,45.53,54.69,36.99,1151158.2
PII,73.4,9,"[1, 1, 1, 1, 0, 1, 1, 1, 1, 1]",67.88,63.59,73.78,47.4,823139.2
SKE,26.92,5,"[0, 0, 1, 0, 1, 1, 1, 0, 1, 0]",28.39,26.77,38.12,13.98,761102.35
EE,39.49,10,"[1, 1, 1, 1, 1, 1, 1, 1, 1, 1]",35.92,32.76,42.7,22.84,342874.45
ORKA,94.32,10,"[1, 1, 1, 1, 1, 1, 1, 1, 1, 1]",73.16,46.21,95.17,13.05,1633356.15
RNG,39.56,9,"[0, 1, 1, 1, 1, 1, 1, 1, 1, 1]",40.53,34.1,49.02,23.54,1578988.15
CATY,62.06,10,"[1, 1, 1, 1, 1, 1, 1, 1, 1, 1]",59.42,51.96,63.72,43.56,556269.1
ACAD,25.43,8,"[1, 1, 1, 0, 1, 1, 0, 1, 1, 1]",22.99,23.45,28.06,20.06,1825059.45
CPRX,31.49,10,"[1, 1, 1, 1, 1, 1, 1, 1, 1, 1]",31.35,25.59,31.5,19.13,2304250.85
DAN,27.43,4,"[0, 0, 0, 0, 1, 1, 1, 0, 1, 0]",30.98,28.51,38.79,15.11,1799369.6
EWTX,39.58,10,"[1, 1, 1, 1, 1, 1, 1, 1, 1, 1]",37.22,28.73,48.35,12.68,1193473.25
TAC,13.99,8,"[1, 1, 1, 1, 0, 1, 0, 1, 1, 1]",13.5,13.67,17.66,11.78,1427432.0
SOUN,6.55,1,"[0, 0, 0, 0, 0, 0, 0, 0, 1, 0]",7.37,10.02,21.4,5.9,29810087.45
JOE,60.57,5,"[0, 0, 0, 0, 1, 1, 1, 1, 1, 0]",63.41,62.45,72.44,46.54,284027.7
HP,34.59,7,"[0, 0, 1, 1, 1, 1, 1, 1, 1, 0]",36.41,32.4,41.53,14.86,1257174.85
INDB,85.14,10,"[1, 1, 1, 1, 1, 1, 1, 1, 1, 1]",80.83,75.71,87.17,60.08,463274.25
FG,30.2,8,"[1, 1, 1, 1, 0, 0, 1, 1, 1, 1]",28.11,27.91,34.32,20.28,594982.75
BB,8.99,8,"[0, 1, 1, 1, 1, 1, 1, 0, 1, 1]",9.17,5.37,12.81,3.15,32593337.2
PPTA,18.62,3,"[0, 0, 0, 0, 1, 1, 0, 0, 1, 0]",23.59,26.74,37.22,14.95,1218211.15
LRN,84.69,4,"[0, 0, 0, 1, 0, 0, 1, 0, 1, 1]",89.89,87.76,169.81,61.02,699226.95
BULL,8.15,7,"[1, 1, 1, 1, 0, 0, 1, 0, 1, 1]",6.82,7.65,17.74,4.63,10164099.85
BELFB,281.51,9,"[1, 1, 1, 1, 1, 1, 1, 1, 1, 0]",280.68,215.73,332.96,102.84,346614.9
WSFS,79.46,10,"[1, 1, 1, 1, 1, 1, 1, 1, 1, 1]",74.32,63.93,80.23,49.92,531800.7
LQDA,80.89,10,"[1, 1, 1, 1, 1, 1, 1, 1, 1, 1]",68.28,42.41,81.45,16.6,1582378.05
ALHC,21.5,9,"[1, 1, 1, 0, 1, 1, 1, 1, 1, 1]",19.2,19.26,24.56,11.64,4768051.6
AAUC,21.04,4,"[0, 0, 0, 0, 1, 1, 1, 0, 1, 0]",25.25,25.63,32.01,11.58,568921.5
CGAU,16.05,6,"[0, 0, 1, 0, 1, 1, 1, 1, 1, 0]",16.51,15.85,20.91,6.76,1379311.85
OII,44.65,10,"[1, 1, 1, 1, 1, 1, 1, 1, 1, 1]",39.18,32.06,44.65,21.13,1132501.05
VKTX,37.95,9,"[1, 1, 1, 1, 0, 1, 1, 1, 1, 1]",33.42,33.71,42.13,23.09,2841153.1
CLSK,15.38,7,"[1, 1, 1, 1, 0, 1, 1, 0, 1, 0]",15.26,13.29,23.2,8.18,23349775.25
SII,109.57,4,"[0, 0, 0, 0, 1, 1, 1, 0, 1, 0]",120.68,116.57,165.88,62.19,194152.8
VECO,55.17,7,"[0, 1, 1, 1, 1, 1, 1, 0, 1, 0]",62.91,40.66,83.04,19.94,1463065.5
RUM,6.17,3,"[0, 0, 0, 1, 0, 0, 1, 0, 1, 0]",7.27,6.54,10.02,4.67,2962854.35
WRBY,24.6,7,"[0, 0, 1, 1, 1, 1, 1, 1, 1, 0]",26.67,24.01,30.34,16.49,2759336.75
TLX,10.92,8,"[1, 1, 1, 1, 0, 1, 1, 0, 1, 1]",10.37,9.3,16.28,6.41,167354.45
RXO,29.3,10,"[1, 1, 1, 1, 1, 1, 1, 1, 1, 1]",25.75,17.9,29.3,10.48,1668631.65
BTE,4.23,9,"[0, 1, 1, 1, 1, 1, 1, 1, 1, 1]",4.5,3.71,5.3,1.96,18472400.9
LION,13.52,8,"[0, 1, 1, 1, 1, 1, 1, 1, 1, 0]",13.96,10.03,16.4,5.77,2909994.35
TWST,95.86,10,"[1, 1, 1, 1, 1, 1, 1, 1, 1, 1]",77.6,50.23,102.88,24.16,1728827.15
FIBK,38.97,10,"[1, 1, 1, 1, 1, 1, 1, 1, 1, 1]",36.82,34.35,40.22,26.87,1115475.55
BFH,101.68,9,"[1, 1, 1, 1, 1, 1, 1, 1, 1, 0]",95.52,77.75,108.73,53.59,684438.5
BHF,63.63,10,"[1, 1, 1, 1, 1, 1, 1, 1, 1, 1]",63.33,61.42,66.61,43.36,513101.2
SLG,50.82,8,"[1, 1, 1, 1, 0, 0, 1, 1, 1, 1]",47.65,44.52,62.85,34.32,1059019.65
HYMC,20.72,4,"[0, 0, 0, 0, 1, 1, 1, 0, 1, 0]",27.81,27.24,55.74,3.26,2183814.75
OGN,13.51,10,"[1, 1, 1, 1, 1, 1, 1, 1, 1, 1]",13.44,9.4,13.56,5.69,2259580.4
SIG,90.27,6,"[1, 1, 1, 0, 0, 0, 0, 1, 1, 1]",84.75,90.23,105.59,73.94,805566.6
GNW,10.13,10,"[1, 1, 1, 1, 1, 1, 1, 1, 1, 1]",9.17,8.76,10.13,7.34,3056838.05
HWKN,143.84,4,"[0, 0, 0, 1, 1, 0, 0, 1, 1, 0]",152.45,149.31,183.81,119.87,193142.6
CTRI,28.0,5,"[0, 0, 1, 0, 1, 1, 1, 0, 1, 0]",29.67,27.83,41.8,19.37,1705454.8
RUN,11.44,1,"[0, 0, 0, 0, 0, 0, 0, 0, 1, 0]",13.48,16.17,21.41,9.07,12620893.05
ASO,48.25,3,"[0, 0, 0, 0, 1, 0, 0, 1, 1, 0]",49.75,52.49,60.83,41.39,1578545.3
HSAI,15.29,2,"[0, 0, 0, 0, 1, 0, 0, 0, 1, 0]",18.38,22.02,29.8,14.8,1920579.85
ATS,26.82,4,"[0, 0, 0, 0, 1, 1, 0, 1, 1, 0]",29.35,29.05,35.38,24.24,145869.65
CC,17.92,6,"[0, 0, 1, 1, 1, 1, 1, 0, 1, 0]",20.97,17.61,27.84,10.39,2865894.6
BKU,48.07,9,"[1, 1, 1, 1, 1, 1, 1, 1, 1, 0]",47.32,44.67,50.23,34.63,1083776.15
TRMD,29.9,9,"[1, 1, 1, 1, 1, 1, 1, 1, 1, 0]",29.36,24.95,34.08,16.44,932113.45
SUNC,74.45,7,"[1, 1, 0, 1, 0, 0, 1, 1, 1, 1]",68.31,74.45,74.58,46.46,394846.45
MANU,22.45,10,"[1, 1, 1, 1, 1, 1, 1, 1, 1, 1]",21.57,17.99,23.53,15.1,247370.9
AAP,55.64,8,"[0, 1, 1, 1, 1, 0, 1, 1, 1, 1]",56.36,52.01,65.19,38.18,1861386.65
AVNT,36.9,8,"[1, 1, 1, 0, 1, 1, 1, 1, 1, 0]",35.79,34.4,42.61,26.82,988711.75
CVI,35.4,8,"[1, 1, 1, 1, 0, 0, 1, 1, 1, 1]",31.62,30.56,39.89,20.66,1010711.45
SA,26.35,4,"[0, 0, 0, 0, 1, 1, 1, 0, 1, 0]",28.74,29.15,39.35,15.19,583543.35
AMBA,71.3,6,"[0, 1, 1, 1, 0, 0, 1, 0, 1, 1]",74.13,70.91,95.51,48.65,1935536.05
APLE,17.07,10,"[1, 1, 1, 1, 1, 1, 1, 1, 1, 1]",15.64,12.65,17.07,10.63,2987255.35
CHEF,95.16,10,"[1, 1, 1, 1, 1, 1, 1, 1, 1, 1]",87.98,69.27,102.36,54.6,536194.65
BEAM,27.29,5,"[0, 0, 0, 1, 1, 1, 1, 0, 1, 0]",31.35,28.11,37.92,16.01,2761546.5
CWK,13.09,3,"[0, 0, 0, 0, 0, 0, 0, 1, 1, 1]",13.22,14.47,17.2,11.58,2355624.35
TNGX,29.02,10,"[1, 1, 1, 1, 1, 1, 1, 1, 1, 1]",26.7,16.68,32.9,6.04,3916526.55
EFXT,23.97,8,"[0, 1, 1, 1, 1, 1, 1, 1, 1, 0]",25.09,19.38,28.36,7.76,364783.3
DAVE,438.9,10,"[1, 1, 1, 1, 1, 1, 1, 1, 1, 1]",314.3,236.26,442.53,155.92,563242.4
FSM,8.47,4,"[0, 0, 0, 0, 1, 1, 1, 0, 1, 0]",9.09,9.73,13.66,6.22,4386304.85
VRNS,46.18,7,"[1, 1, 1, 1, 0, 0, 1, 0, 1, 1]",36.46,33.7,63.31,20.19,2714697.95
NATL,47.94,10,"[1, 1, 1, 1, 1, 1, 1, 1, 1, 1]",44.64,41.36,48.13,26.44,724725.3
ADEA,27.92,8,"[0, 1, 1, 1, 1, 1, 1, 1, 1, 0]",29.61,21.9,33.57,11.64,1666119.35
BTDR,12.48,4,"[0, 1, 0, 1, 0, 0, 1, 0, 1, 0]",15.34,13.62,25.9,7.28,9366438.5
BATRK,50.29,8,"[0, 1, 1, 1, 1, 1, 1, 1, 1, 0]",50.82,43.96,52.87,38.04,606589.5
SEZL,179.35,10,"[1, 1, 1, 1, 1, 1, 1, 1, 1, 1]",140.48,87.25,188.55,50.97,656501.75
BBAR,20.06,9,"[1, 1, 1, 1, 1, 1, 1, 1, 1, 0]",18.34,16.08,21.81,7.85,526056.7
PARR,80.4,10,"[1, 1, 1, 1, 1, 1, 1, 1, 1, 1]",60.1,49.47,80.4,27.09,951624.7
VCYT,59.53,10,"[1, 1, 1, 1, 1, 1, 1, 1, 1, 1]",50.77,41.07,60.49,23.51,1267449.95
COLM,63.21,8,"[0, 1, 1, 1, 1, 1, 1, 1, 1, 0]",63.4,57.56,67.79,48.18,509786.65
FFBC,35.67,10,"[1, 1, 1, 1, 1, 1, 1, 1, 1, 1]",32.13,27.91,36.18,22.64,1272176.0
FSLY,20.73,9,"[1, 1, 1, 1, 1, 1, 1, 0, 1, 1]",18.49,16.24,33.5,6.36,5204672.15
ZIM,24.92,8,"[0, 1, 1, 1, 1, 1, 1, 1, 1, 0]",25.07,22.22,28.55,12.03,1125348.8
RCUS,29.48,10,"[1, 1, 1, 1, 1, 1, 1, 1, 1, 1]",26.2,22.73,31.08,9.06,1396107.8
CALY,18.36,10,"[1, 1, 1, 1, 1, 1, 1, 1, 1, 1]",17.04,13.77,19.66,8.12,2047943.95
BOH,84.4,10,"[1, 1, 1, 1, 1, 1, 1, 1, 1, 1]",79.36,72.56,85.85,58.13,431375.25
UNFI,49.92,8,"[0, 1, 1, 1, 1, 1, 1, 1, 1, 0]",50.01,42.1,55.52,25.05,642384.05
SXI,307.27,9,"[1, 1, 1, 1, 1, 1, 1, 1, 1, 0]",295.62,257.84,357.67,156.2,221613.9
PLAB,31.34,4,"[0, 0, 0, 0, 1, 1, 1, 0, 1, 0]",36.09,34.33,54.96,19.32,1312302.1
ERAS,19.38,10,"[1, 1, 1, 1, 1, 1, 1, 1, 1, 1]",14.65,10.25,22.47,1.39,6071007.85
EXTR,30.44,9,"[1, 1, 1, 1, 1, 1, 1, 1, 1, 0]",28.95,19.99,33.71,13.74,2191764.3
YETI,50.95,10,"[1, 1, 1, 1, 1, 1, 1, 1, 1, 1]",47.27,42.45,51.21,31.86,1050008.55
CARG,35.06,7,"[1, 1, 1, 0, 0, 0, 1, 1, 1, 1]",31.13,33.82,39.03,26.96,1338961.1
MPT,4.87,6,"[1, 0, 0, 0, 0, 1, 1, 1, 1, 1]",4.78,4.93,5.8,3.71,6197651.5
DNLI,23.83,9,"[1, 1, 1, 1, 1, 1, 1, 1, 1, 0]",22.18,19.51,27.21,12.75,2038282.8
BKD,15.19,10,"[1, 1, 1, 1, 1, 1, 1, 1, 1, 1]",13.86,12.65,16.77,7.13,5663620.95
CON,31.78,10,"[1, 1, 1, 1, 1, 1, 1, 1, 1, 1]",27.99,22.9,31.91,18.56,1060044.05
ETOR,37.84,5,"[0, 1, 1, 1, 0, 0, 1, 0, 1, 0]",39.24,35.89,65.08,24.76,778906.7
LXP,61.15,10,"[1, 1, 1, 1, 1, 1, 1, 1, 1, 1]",53.17,48.7,61.15,36.6,760836.25
MSGE,76.46,10,"[1, 1, 1, 1, 1, 1, 1, 1, 1, 1]",73.03,59.63,80.95,36.33,548589.55
BWLP,21.49,10,"[1, 1, 1, 1, 1, 1, 1, 1, 1, 1]",19.81,15.59,21.91,11.16,369268.9
KYIV,14.22,8,"[0, 1, 1, 1, 0, 1, 1, 1, 1, 1]",14.38,12.87,16.17,9.33,767000.75
BHE,84.65,8,"[0, 1, 1, 1, 1, 1, 1, 1, 1, 0]",86.52,60.4,98.67,35.65,559358.15
CAKE,87.07,10,"[1, 1, 1, 1, 1, 1, 1, 1, 1, 1]",71.69,59.34,87.07,42.72,1355515.3
HG,34.76,10,"[1, 1, 1, 1, 1, 1, 1, 1, 1, 1]",32.21,28.16,35.18,19.76,549327.35
DHT,18.47,9,"[1, 1, 1, 1, 1, 1, 1, 1, 1, 0]",17.49,15.03,19.96,10.09,3516037.8
AEHR,98.91,9,"[1, 1, 1, 1, 1, 1, 1, 1, 1, 0]",93.97,51.06,116.58,16.84,3056493.0
OLN,23.15,5,"[0, 0, 0, 0, 1, 0, 1, 1, 1, 1]",23.76,23.55,29.93,17.63,3385631.35
SBLK,26.68,10,"[1, 1, 1, 1, 1, 1, 1, 1, 1, 1]",26.22,22.12,27.69,16.14,1260913.8
VC,104.03,5,"[0, 1, 1, 1, 0, 0, 0, 1, 1, 0]",111.57,102.8,127.5,84.18,715915.75
TTAM,16.89,8,"[1, 1, 1, 1, 1, 1, 0, 1, 1, 0]",16.82,16.39,19.32,13.53,244139.2
BKV,26.2,6,"[0, 0, 0, 0, 1, 1, 1, 1, 1, 1]",26.53,27.12,32.16,19.68,833845.5
HIMX,13.68,7,"[0, 1, 1, 1, 1, 1, 1, 0, 1, 0]",17.35,10.79,23.77,6.81,2220555.65
BANC,21.83,10,"[1, 1, 1, 1, 1, 1, 1, 1, 1, 1]",19.73,18.64,21.83,13.82,2930263.1
SBCF,33.65,8,"[1, 1, 1, 0, 1, 1, 0, 1, 1, 1]",31.43,31.33,34.66,26.77,1234154.4
KN,37.06,8,"[0, 1, 1, 1, 1, 1, 1, 1, 1, 0]",37.72,28.2,42.8,18.45,1064325.9
ALMS,30.05,10,"[1, 1, 1, 1, 1, 1, 1, 1, 1, 1]",24.23,19.03,30.3,3.31,1766038.9
SDRL,43.95,9,"[0, 1, 1, 1, 1, 1, 1, 1, 1, 1]",44.48,39.58,54.8,27.8,1014880.15
CRVL,60.15,5,"[0, 1, 0, 1, 0, 0, 1, 0, 1, 1]",60.74,62.83,93.28,46.0,211166.5
ITGR,96.31,9,"[1, 1, 1, 1, 1, 0, 1, 1, 1, 1]",91.63,85.09,115.77,63.32,508283.1
SUPN,47.87,7,"[1, 0, 0, 0, 1, 1, 1, 1, 1, 1]",46.93,49.1,57.0,32.67,958889.0
XXI,4.92,1,"[0, 0, 0, 0, 0, 0, 0, 0, 1, 0]",6.26,9.75,29.75,4.92,1326237.65
LFST,11.45,10,"[1, 1, 1, 1, 1, 1, 1, 1, 1, 1]",9.06,7.2,11.58,3.79,4232577.45
TDC,29.33,7,"[0, 0, 1, 1, 1, 1, 1, 1, 1, 0]",33.06,28.92,37.88,20.11,3686394.5
NMRK,15.74,5,"[1, 1, 0, 0, 0, 0, 0, 1, 1, 1]",15.03,16.07,19.43,12.98,1392981.55
ERO,26.87,4,"[0, 0, 0, 0, 1, 1, 1, 0, 1, 0]",27.62,27.07,38.03,12.98,1071328.9
JOYY,71.9,10,"[1, 1, 1, 1, 1, 1, 1, 1, 1, 1]",64.63,60.18,71.9,45.78,277514.9
EXK,8.2,4,"[0, 0, 0, 0, 1, 1, 1, 0, 1, 0]",8.81,9.57,14.12,4.96,5440363.5
SHOO,43.05,10,"[1, 1, 1, 1, 1, 1, 1, 1, 1, 1]",42.17,39.11,46.15,23.0,1164086.8
PHIN,79.15,9,"[1, 1, 1, 1, 1, 1, 1, 1, 1, 0]",79.07,67.52,85.16,46.92,393994.5
ARX,13.52,5,"[0, 0, 0, 1, 1, 0, 1, 0, 1, 1]",14.08,13.57,30.05,9.36,2247052.6
KALU,164.37,8,"[0, 1, 1, 1, 1, 1, 1, 1, 1, 0]",176.47,132.35,195.63,71.09,316269.55
DBRG,15.84,10,"[1, 1, 1, 1, 1, 1, 1, 1, 1, 1]",15.71,14.42,15.84,9.15,3129443.7
PAGS,9.58,5,"[1, 0, 0, 0, 1, 0, 0, 1, 1, 1]",9.07,9.67,11.72,7.57,3125790.85
CECO,82.09,8,"[0, 1, 1, 1, 1, 1, 1, 1, 1, 0]",85.37,66.7,99.67,32.11,785010.35
WT,20.69,10,"[1, 1, 1, 1, 1, 1, 1, 1, 1, 1]",18.68,15.32,20.69,10.69,3041473.65
PFS,24.04,10,"[1, 1, 1, 1, 1, 1, 1, 1, 1, 1]",22.86,20.91,24.55,17.08,1033732.0
TRN,36.92,10,"[1, 1, 1, 1, 1, 1, 1, 1, 1, 1]",34.3,30.34,37.13,22.4,757642.15
DYN,23.83,9,"[1, 1, 1, 1, 0, 1, 1, 1, 1, 1]",19.91,18.66,24.29,9.2,2187012.55
GEO,31.23,10,"[1, 1, 1, 1, 1, 1, 1, 1, 1, 1]",26.86,19.2,31.23,13.26,2050036.4
LCII,104.78,5,"[1, 0, 0, 0, 1, 1, 0, 0, 1, 1]",102.61,114.84,154.08,82.3,699188.1
TNK,75.56,9,"[1, 1, 1, 1, 1, 1, 1, 1, 1, 0]",73.0,65.46,81.69,41.3,386263.4
BTU,23.07,4,"[0, 0, 0, 0, 1, 1, 1, 0, 1, 0]",24.91,29.64,39.38,15.24,2467639.95
NTCT,41.75,10,"[1, 1, 1, 1, 1, 1, 1, 1, 1, 1]",41.15,32.01,44.84,20.77,643702.8
DK,67.19,10,"[1, 1, 1, 1, 1, 1, 1, 1, 1, 1]",49.1,39.7,67.19,19.43,1230988.25
PTRN,26.25,9,"[1, 1, 1, 1, 1, 0, 1, 1, 1, 1]",21.93,15.56,29.4,9.59,2457923.55
GRND,15.1,8,"[1, 1, 1, 1, 0, 0, 1, 1, 1, 1]",13.69,12.98,19.53,9.85,1711502.2
TXG,47.2,10,"[1, 1, 1, 1, 1, 1, 1, 1, 1, 1]",32.45,21.95,47.2,11.34,3326875.75
CLMT,44.17,10,"[1, 1, 1, 1, 1, 1, 1, 1, 1, 1]",35.51,27.16,44.17,13.23,1101906.4
AEO,17.36,4,"[1, 0, 0, 0, 1, 0, 1, 0, 1, 0]",16.77,19.37,27.66,9.92,4662109.9
INOD,63.63,6,"[0, 1, 1, 1, 0, 1, 1, 0, 1, 0]",87.77,63.12,121.5,34.45,1151836.9
GPCR,49.35,6,"[1, 0, 0, 0, 1, 1, 1, 0, 1, 1]",44.3,51.14,93.79,16.2,766176.9
IHS,8.21,9,"[0, 1, 1, 1, 1, 1, 1, 1, 1, 1]",8.25,7.74,8.73,6.1,1027661.2
AYA,19.26,9,"[1, 1, 1, 1, 1, 1, 1, 1, 1, 0]",19.11,15.99,21.63,8.33,490326.9
SPNT,24.49,10,"[1, 1, 1, 1, 1, 1, 1, 1, 1, 1]",23.29,21.43,25.18,17.48,846160.55
KMT,34.39,6,"[0, 0, 1, 0, 1, 1, 1, 1, 1, 0]",34.57,32.63,43.04,19.42,974828.95
STUB,9.15,3,"[0, 0, 0, 1, 0, 0, 1, 0, 1, 0]",10.44,11.64,22.0,6.09,8584868.35
FA,21.12,10,"[1, 1, 1, 1, 1, 1, 1, 1, 1, 1]",17.34,14.1,22.35,8.95,1952458.6
NKTR,68.67,9,"[1, 1, 1, 1, 1, 1, 1, 0, 1, 1]",66.41,62.52,100.35,21.68,1254307.2
EOSE,4.24,1,"[0, 0, 0, 0, 0, 0, 0, 0, 1, 0]",6.6,10.29,19.19,3.96,25365369.7
UAA,7.37,9,"[1, 1, 1, 0, 1, 1, 1, 1, 1, 1]",6.03,5.75,8.14,4.17,9280272.35
UA,7.21,9,"[1, 1, 1, 0, 1, 1, 1, 1, 1, 1]",5.87,5.58,7.88,3.96,3825011.85
DBD,88.18,10,"[1, 1, 1, 1, 1, 1, 1, 1, 1, 1]",80.83,73.02,88.77,53.99,298108.9
BKE,42.64,2,"[0, 0, 0, 0, 0, 0, 0, 1, 1, 0]",44.72,49.8,56.63,41.12,573206.6
UNIT,11.07,8,"[0, 1, 1, 1, 1, 1, 1, 1, 1, 0]",11.32,8.67,12.75,5.36,2466168.05
ARCB,160.89,10,"[1, 1, 1, 1, 1, 1, 1, 1, 1, 1]",143.22,102.02,173.22,59.5,399071.4
NN,13.34,3,"[0, 0, 0, 1, 1, 0, 0, 0, 1, 0]",18.99,16.49,23.59,11.37,2450897.15
HOG,28.45,8,"[1, 1, 1, 1, 0, 0, 1, 1, 1, 1]",25.02,22.65,30.05,17.06,3062729.2
ATRO,69.0,8,"[0, 1, 1, 1, 1, 1, 1, 1, 1, 0]",71.13,55.71,87.15,23.95,743784.65
CLDX,35.66,10,"[1, 1, 1, 1, 1, 1, 1, 1, 1, 1]",33.39,29.26,39.93,20.01,1214159.25
VAC,97.98,10,"[1, 1, 1, 1, 1, 1, 1, 1, 1, 1]",89.74,68.11,103.04,43.9,412894.75
ARQT,28.26,9,"[1, 1, 1, 0, 1, 1, 1, 1, 1, 1]",24.26,25.02,31.2,14.12,1619582.65
GRAL,72.71,6,"[1, 1, 0, 0, 0, 1, 1, 0, 1, 1]",65.7,74.21,116.06,31.42,552584.65
VISN,12.48,9,"[1, 1, 1, 1, 1, 1, 1, 1, 1, 0]",12.23,9.73,12.88,3.7,6204690.75
TARS,57.26,3,"[0, 0, 0, 0, 0, 1, 1, 0, 1, 0]",61.68,69.01,82.51,38.82,1522422.9
NGVT,74.8,10,"[1, 1, 1, 1, 1, 1, 1, 1, 1, 1]",71.06,65.41,77.87,40.4,282770.05
AMSC,34.54,3,"[0, 0, 0, 1, 0, 0, 1, 0, 1, 0]",43.6,39.67,66.68,25.95,768210.25
WAFD,37.08,10,"[1, 1, 1, 1, 1, 1, 1, 1, 1, 1]",36.52,32.76,39.32,27.16,670922.45
HUN,12.61,9,"[0, 1, 1, 1, 1, 1, 1, 1, 1, 1]",13.09,11.54,15.89,7.27,6133671.6
HUBG,50.92,10,"[1, 1, 1, 1, 1, 1, 1, 1, 1, 1]",43.92,41.02,52.19,32.8,795590.15
TRMK,46.62,10,"[1, 1, 1, 1, 1, 1, 1, 1, 1, 1]",45.06,41.84,47.66,35.62,479069.1
IRON,75.58,9,"[1, 1, 1, 1, 0, 1, 1, 1, 1, 1]",71.28,74.52,94.11,55.95,749878.35
CUBI,77.05,9,"[1, 1, 1, 1, 1, 1, 0, 1, 1, 1]",76.13,72.66,81.21,60.52,343589.8
VERA,37.17,5,"[1, 0, 0, 0, 1, 1, 1, 0, 1, 0]",37.15,38.78,55.67,19.25,2676543.35
ICHR,95.85,9,"[1, 1, 1, 1, 1, 1, 1, 1, 1, 0]",83.02,46.56,112.28,14.06,1264152.9
RARE,28.62,8,"[1, 1, 1, 1, 0, 1, 1, 1, 1, 0]",27.26,27.2,36.54,18.5,3012337.2
KOD,42.42,10,"[1, 1, 1, 1, 1, 1, 1, 1, 1, 1]",37.01,29.25,46.44,5.58,846529.6
SAH,97.53,10,"[1, 1, 1, 1, 1, 1, 1, 1, 1, 1]",84.14,69.52,102.72,57.63,267939.2
DRD,20.72,3,"[0, 0, 0, 0, 1, 0, 1, 0, 1, 0]",23.94,28.81,38.8,13.21,366820.8
HE,13.48,6,"[1, 0, 0, 0, 1, 1, 0, 1, 1, 1]",13.46,13.63,17.08,10.69,1812943.65
IMNM,22.78,9,"[1, 1, 1, 0, 1, 1, 1, 1, 1, 1]",21.06,20.59,26.97,8.99,1727557.8
FRSH,10.69,7,"[1, 1, 1, 1, 0, 0, 1, 0, 1, 1]",9.63,10.04,14.74,6.88,25927592.4
NSIT,116.14,8,"[1, 1, 1, 1, 0, 0, 1, 1, 1, 1]",107.98,90.79,146.66,64.43,438787.7
HTFL,25.44,2,"[0, 0, 0, 1, 0, 0, 0, 0, 1, 0]",29.57,29.58,39.91,20.49,2075263.15
OSW,26.44,9,"[1, 1, 1, 1, 1, 1, 1, 1, 1, 0]",25.55,22.55,28.68,19.28,971042.0
SEDG,50.27,7,"[0, 1, 1, 1, 1, 1, 1, 0, 1, 0]",57.55,42.42,78.51,24.42,2335454.65
ROG,137.66,8,"[0, 1, 1, 1, 1, 1, 1, 1, 1, 0]",144.95,110.73,167.09,65.28,281321.7
ATKR,74.54,8,"[0, 1, 1, 1, 1, 1, 1, 1, 1, 0]",76.86,68.32,85.41,52.77,303963.9
TALO,14.77,10,"[1, 1, 1, 1, 1, 1, 1, 1, 1, 1]",14.56,12.82,16.59,7.79,2026432.4
IDYA,35.99,9,"[1, 1, 1, 0, 1, 1, 1, 1, 1, 1]",32.3,32.38,40.51,22.02,1296463.9
ELVN,54.33,10,"[1, 1, 1, 1, 1, 1, 1, 1, 1, 1]",44.6,31.48,54.33,15.14,1509009.7
DGII,66.79,8,"[0, 1, 1, 1, 1, 1, 1, 1, 1, 0]",67.39,50.91,74.95,31.14,498150.0
LWLG,6.88,5,"[0, 0, 0, 1, 1, 1, 1, 0, 1, 0]",10.13,6.96,18.22,2.04,4725006.65
TMC,4.02,1,"[0, 0, 0, 0, 0, 0, 0, 0, 1, 0]",4.97,6.08,10.69,3.72,4587310.1
LMAT,100.61,8,"[1, 1, 1, 0, 1, 1, 0, 1, 1, 1]",97.28,94.75,117.1,79.66,337403.55
MTX,73.73,8,"[0, 1, 1, 1, 1, 1, 1, 1, 1, 0]",76.31,68.02,82.71,54.79,268832.65
BRZE,24.28,5,"[1, 1, 0, 0, 0, 0, 1, 0, 1, 1]",22.88,24.6,36.19,15.79,2436758.95
AAMI,83.95,10,"[1, 1, 1, 1, 1, 1, 1, 1, 1, 1]",75.21,57.64,83.95,39.36,491665.05
RLAY,19.3,10,"[1, 1, 1, 1, 1, 1, 1, 1, 1, 1]",16.02,10.84,20.75,3.22,4140718.3
MLYS,27.52,4,"[1, 0, 0, 0, 0, 0, 1, 0, 1, 1]",27.19,32.05,47.33,12.87,1244028.0
FBNC,64.49,10,"[1, 1, 1, 1, 1, 1, 1, 1, 1, 1]",60.92,55.78,66.23,45.74,317921.25
ANDE,77.85,10,"[1, 1, 1, 1, 1, 1, 1, 1, 1, 1]",71.53,62.35,79.24,34.13,334307.8
VNET,7.71,2,"[0, 0, 0, 0, 1, 0, 0, 0, 1, 0]",8.97,9.51,14.03,7.34,4193324.85
HTO,64.02,10,"[1, 1, 1, 1, 1, 1, 1, 1, 1, 1]",58.92,53.53,65.43,43.73,557720.4
DXPE,174.08,10,"[1, 1, 1, 1, 1, 1, 1, 1, 1, 1]",158.61,135.52,181.51,85.53,170141.7
PTON,6.36,7,"[1, 1, 1, 1, 0, 0, 1, 0, 1, 1]",5.78,5.79,9.0,3.71,8520598.75
SGML,10.48,4,"[0, 0, 0, 0, 1, 1, 1, 0, 1, 0]",14.15,12.64,23.65,4.68,1550008.0
TENB,34.09,9,"[1, 1, 1, 1, 0, 1, 1, 1, 1, 1]",30.16,25.05,42.65,16.04,3826435.1
DFTX,45.08,10,"[1, 1, 1, 1, 1, 1, 1, 1, 1, 1]",31.8,19.88,48.45,8.44,3911416.15
VERX,12.28,2,"[0, 0, 0, 0, 0, 0, 0, 0, 1, 1]",12.64,16.31,35.91,10.58,1782678.6
PLUS,89.29,10,"[1, 1, 1, 1, 1, 1, 1, 1, 1, 1]",84.02,82.5,92.48,61.5,242189.7
AERO,15.22,2,"[0, 0, 0, 0, 1, 0, 0, 0, 1, 0]",16.5,15.22,22.91,12.36,290399.95
AMPX,10.88,5,"[0, 0, 0, 1, 1, 1, 1, 0, 1, 0]",15.47,13.93,22.91,6.36,7250621.55
AMR,142.04,2,"[0, 0, 0, 0, 1, 0, 0, 0, 1, 0]",177.23,185.86,249.65,115.08,231366.25
COHU,56.22,9,"[1, 1, 1, 1, 1, 1, 1, 1, 1, 0]",55.91,35.56,73.91,17.86,1322573.45
AESI,14.24,7,"[0, 1, 1, 1, 1, 1, 1, 0, 1, 0]",16.69,12.81,19.75,8.1,2759479.15
NESR,28.47,10,"[1, 1, 1, 1, 1, 1, 1, 1, 1, 1]",26.25,20.14,29.93,6.02,2488352.0
WTTR,20.41,10,"[1, 1, 1, 1, 1, 1, 1, 1, 1, 1]",18.91,14.1,20.41,7.78,2030491.3
CDNL,73.96,6,"[1, 1, 0, 1, 0, 0, 1, 1, 1, 0]",66.5,73.96,94.31,22.03,1016482.95
ACHC,35.61,10,"[1, 1, 1, 1, 1, 1, 1, 1, 1, 1]",27.09,21.67,35.61,11.68,3657771.45
MNR,13.14,9,"[0, 1, 1, 1, 1, 1, 1, 1, 1, 1]",13.18,11.95,14.26,9.93,253168.2
GRDN,40.91,9,"[1, 1, 1, 1, 1, 1, 1, 1, 1, 0]",39.79,33.75,43.4,19.88,435731.95
CEPU,14.98,7,"[1, 0, 1, 0, 1, 1, 1, 1, 1, 0]",14.84,14.93,17.95,7.68,230747.2
PRDO,30.51,4,"[0, 0, 0, 1, 1, 0, 0, 1, 1, 0]",33.67,32.78,37.77,27.01,776328.25
HLIO,82.08,8,"[0, 1, 1, 1, 1, 1, 1, 1, 1, 0]",82.22,66.7,92.74,35.2,370688.05
WOLF,31.73,6,"[0, 1, 1, 1, 1, 0, 1, 0, 1, 0]",49.69,28.68,73.5,14.8,4115410.45
NTB,61.15,10,"[1, 1, 1, 1, 1, 1, 1, 1, 1, 1]",58.24,51.42,62.44,40.26,194549.3
FUN,17.59,3,"[0, 0, 0, 1, 0, 0, 1, 0, 1, 0]",20.8,18.48,32.94,12.83,2507024.3
BLBD,81.28,10,"[1, 1, 1, 1, 1, 1, 1, 1, 1, 1]",73.5,59.42,81.5,43.33,470936.75
KEEL,4.65,6,"[0, 1, 1, 1, 0, 1, 1, 0, 1, 0]",5.13,3.45,6.66,1.16,40267883.3
PENG,58.1,7,"[0, 1, 1, 1, 1, 1, 1, 0, 1, 0]",61.43,31.45,81.39,16.24,5200720.45
AXGN,40.26,8,"[0, 1, 1, 1, 1, 1, 1, 1, 1, 0]",42.09,33.11,46.19,12.54,1524669.65
PENN,21.23,10,"[1, 1, 1, 1, 1, 1, 1, 1, 1, 1]",19.65,16.16,22.06,11.76,3827920.7
CMPR,100.47,10,"[1, 1, 1, 1, 1, 1, 1, 1, 1, 1]",95.54,78.48,105.31,47.31,203658.25
FLOC,20.2,5,"[0, 0, 0, 1, 1, 1, 1, 0, 1, 0]",23.17,20.6,28.09,14.08,815159.4
DRH,12.97,10,"[1, 1, 1, 1, 1, 1, 1, 1, 1, 1]",11.55,9.67,12.97,7.27,2729677.7
XIFR,12.25,10,"[1, 1, 1, 1, 1, 1, 1, 1, 1, 1]",11.91,10.51,12.77,8.83,950997.8
ADPT,22.58,9,"[1, 1, 1, 1, 0, 1, 1, 1, 1, 1]",17.71,16.28,22.92,10.24,3160407.15
HTH,38.28,10,"[1, 1, 1, 1, 1, 1, 1, 1, 1, 1]",37.91,35.85,39.94,28.94,255062.9
CTOS,10.31,9,"[1, 1, 1, 1, 1, 1, 1, 1, 1, 0]",10.3,7.56,11.97,5.34,1090720.75
DRVN,14.56,7,"[1, 1, 1, 0, 0, 0, 1, 1, 1, 1]",13.8,14.1,19.21,10.3,946825.55
RDW,9.42,5,"[0, 0, 0, 1, 1, 1, 1, 0, 1, 0]",14.13,10.08,25.9,5.06,20416181.15
VVX,78.87,9,"[1, 1, 1, 1, 1, 1, 1, 1, 1, 0]",77.81,66.68,90.81,47.25,555768.6
BCRX,9.42,10,"[1, 1, 1, 1, 1, 1, 1, 1, 1, 1]",9.2,8.14,11.11,6.24,6124479.15
TIC,7.0,1,"[0, 0, 0, 0, 0, 0, 0, 0, 1, 0]",8.2,9.5,14.49,6.54,1977016.0
WERN,47.29,10,"[1, 1, 1, 1, 1, 1, 1, 1, 1, 1]",41.76,33.11,47.29,22.87,1110220.1
CENTA,38.27,10,"[1, 1, 1, 1, 1, 1, 1, 1, 1, 1]",36.45,32.3,39.54,26.27,395083.2
QUBT,8.22,3,"[0, 0, 0, 1, 0, 0, 1, 0, 1, 0]",10.0,10.86,24.62,6.31,11848870.7
ECO,57.11,10,"[1, 1, 1, 1, 1, 1, 1, 1, 1, 1]",52.23,42.3,57.11,21.2,477405.4
BHC,4.52,1,"[0, 0, 0, 0, 0, 0, 0, 0, 1, 0]",5.08,5.9,8.34,4.52,2792423.65
MBIN,48.97,9,"[1, 1, 1, 1, 1, 1, 1, 1, 1, 0]",47.86,40.75,50.36,28.87,204481.1
FLYW,17.47,10,"[1, 1, 1, 1, 1, 1, 1, 1, 1, 1]",16.46,14.0,18.78,10.33,2419072.2
PBI,18.46,10,"[1, 1, 1, 1, 1, 1, 1, 1, 1, 1]",16.9,12.34,18.51,8.89,2391449.45
WLY,50.76,10,"[1, 1, 1, 1, 1, 1, 1, 1, 1, 1]",45.2,36.99,52.4,28.33,635359.9
CMRE,15.3,4,"[0, 0, 0, 0, 1, 1, 0, 0, 1, 1]",15.68,15.48,,,428195.65
SLDE,20.56,10,"[1, 1, 1, 1, 1, 1, 1, 1, 1, 1]",18.65,17.66,21.38,12.74,1550327.95
OCUL,8.93,1,"[0, 0, 0, 0, 0, 0, 0, 0, 1, 0]",9.18,10.23,16.11,6.88,2503285.65
ESTA,95.65,10,"[1, 1, 1, 1, 1, 1, 1, 1, 1, 1]",80.45,68.54,95.65,33.62,793633.7
SRPT,16.21,2,"[0, 0, 0, 0, 0, 0, 1, 0, 1, 0]",17.39,19.7,24.45,11.93,4061365.85
IMOS,66.0,9,"[1, 1, 1, 1, 1, 1, 1, 1, 1, 0]",61.11,40.11,75.79,14.89,131736.85
NVCR,16.0,9,"[0, 1, 1, 1, 1, 1, 1, 1, 1, 1]",16.75,13.69,18.31,10.03,1492627.35
DEI,12.28,8,"[1, 1, 1, 1, 0, 0, 1, 1, 1, 1]",11.83,11.04,15.83,8.85,2222962.7
EZPW,32.53,9,"[0, 1, 1, 1, 1, 1, 1, 1, 1, 1]",32.68,25.38,35.59,13.13,1087302.55
PDFS,54.52,8,"[0, 1, 1, 1, 1, 1, 1, 1, 1, 0]",55.24,37.88,70.79,18.97,708602.0
TRVI,18.18,10,"[1, 1, 1, 1, 1, 1, 1, 1, 1, 1]",15.85,12.83,19.5,7.0,3364281.35
DCO,175.11,10,"[1, 1, 1, 1, 1, 1, 1, 1, 1, 1]",160.67,124.02,190.25,86.41,352382.1
WS,35.81,4,"[0, 0, 0, 1, 1, 1, 0, 0, 1, 0]",38.37,36.17,48.27,28.0,362215.6
STOK,28.81,5,"[0, 0, 0, 0, 1, 1, 1, 1, 1, 0]",30.61,31.61,38.35,12.5,988320.8
DHC,9.64,8,"[1, 1, 1, 1, 1, 1, 0, 0, 1, 1]",8.86,6.52,,,1645691.75
TYRA,31.85,8,"[1, 0, 1, 0, 1, 1, 1, 1, 1, 1]",31.27,28.17,39.61,10.1,814847.45
CLBK,11.08,4,"[0, 0, 0, 1, 1, 1, 0, 0, 1, 0]",20.4,17.63,24.5,11.08,4155176.5
MGNI,19.13,7,"[1, 1, 1, 1, 0, 0, 1, 0, 1, 1]",16.7,15.15,26.52,11.2,2791948.0
NGL,15.73,8,"[0, 1, 1, 1, 1, 1, 1, 1, 1, 0]",16.19,12.01,18.11,4.0,175748.25
NTST,21.92,10,"[1, 1, 1, 1, 1, 1, 1, 1, 1, 1]",20.61,19.08,22.26,16.77,2986045.65
ANAB,53.76,8,"[0, 1, 1, 1, 1, 1, 1, 1, 1, 0]",59.35,40.94,69.81,12.93,836280.55
PSNY,14.98,2,"[0, 0, 0, 1, 0, 0, 0, 0, 1, 0]",19.67,19.48,41.1,12.01,157134.45
NEXT,7.34,7,"[0, 1, 1, 1, 1, 1, 1, 0, 1, 0]",8.03,6.61,11.5,4.8,2498961.4
BBAI,2.94,1,"[0, 0, 0, 0, 0, 0, 0, 0, 1, 0]",3.9,4.94,8.91,2.82,27910044.25
ATEN,36.43,10,"[1, 1, 1, 1, 1, 1, 1, 1, 1, 1]",32.69,23.05,38.11,16.47,1180244.45
GTY,36.61,10,"[1, 1, 1, 1, 1, 1, 1, 1, 1, 1]",33.25,30.17,36.61,24.43,517823.75
OMCL,41.83,9,"[0, 1, 1, 1, 1, 1, 1, 1, 1, 1]",42.65,39.97,51.39,28.13,736031.3
SION,47.21,10,"[1, 1, 1, 1, 1, 1, 1, 1, 1, 1]",41.04,39.16,49.41,16.76,590277.6
SOC,4.19,3,"[0, 0, 0, 0, 1, 0, 1, 0, 1, 0]",9.79,10.73,30.67,3.08,18663336.7
BW,10.86,6,"[0, 0, 1, 1, 1, 1, 1, 0, 1, 0]",15.68,10.8,21.85,0.88,4624771.5
BSTZ,28.66,8,"[0, 1, 1, 1, 1, 1, 1, 1, 1, 0]",29.08,23.62,31.5,18.71,289169.65
NEOG,9.93,9,"[1, 1, 1, 0, 1, 1, 1, 1, 1, 1]",9.18,8.51,11.33,4.65,1855384.1
UTI,37.32,7,"[0, 1, 1, 1, 1, 1, 1, 0, 1, 0]",41.34,33.61,51.2,21.77,918574.3
INBX,87.61,7,"[0, 1, 1, 1, 1, 1, 1, 0, 1, 0]",98.66,81.86,141.84,20.93,354209.6
AUPH,15.64,8,"[0, 1, 1, 1, 1, 1, 1, 1, 1, 0]",16.01,15.0,18.62,8.88,1953106.65
TSHA,5.67,8,"[0, 1, 1, 1, 1, 1, 1, 1, 1, 0]",6.05,5.22,6.98,2.59,4190926.95
GNL,9.19,10,"[1, 1, 1, 1, 1, 1, 1, 1, 1, 1]",9.05,8.57,9.56,6.28,2871073.2
MBX,60.28,10,"[1, 1, 1, 1, 1, 1, 1, 1, 1, 1]",43.54,33.08,65.71,9.74,1022776.3
WSR,18.99,10,"[1, 1, 1, 1, 1, 1, 1, 1, 1, 1]",18.9,15.42,19.0,11.2,900507.7
ASTH,45.46,10,"[1, 1, 1, 1, 1, 1, 1, 1, 1, 1]",41.46,30.02,49.81,18.16,775402.0
LAC,3.06,1,"[0, 0, 0, 0, 0, 0, 0, 0, 1, 0]",4.35,5.02,10.05,2.55,10015578.2
IMAX,37.85,8,"[0, 1, 1, 1, 1, 1, 1, 1, 1, 0]",39.09,36.91,44.97,24.51,1118831.9
FIGS,10.27,4,"[0, 0, 0, 0, 1, 1, 1, 0, 1, 0]",11.32,11.65,17.12,6.17,3106080.8
MD,26.14,10,"[1, 1, 1, 1, 1, 1, 1, 1, 1, 1]",24.0,21.71,27.39,11.98,824263.7
NWL,5.21,10,"[1, 1, 1, 1, 1, 1, 1, 1, 1, 1]",4.59,4.12,6.14,2.94,13720320.4
PHVS,34.45,10,"[1, 1, 1, 1, 1, 1, 1, 1, 1, 1]",32.2,27.53,35.96,19.61,571683.0
PUMP,13.22,6,"[0, 0, 1, 1, 1, 1, 1, 0, 1, 0]",14.94,12.12,18.2,4.52,4144950.8
AGM,207.71,10,"[1, 1, 1, 1, 1, 1, 1, 1, 1, 1]",186.27,168.73,207.71,137.78,150106.45
RAMP,37.92,10,"[1, 1, 1, 1, 1, 1, 1, 1, 1, 1]",36.65,29.9,38.01,22.42,1110147.0
LAR,6.29,5,"[0, 0, 0, 1, 1, 1, 1, 0, 1, 0]",8.85,7.06,11.79,2.55,1599110.05
PRKS,45.89,7,"[1, 1, 1, 1, 0, 0, 1, 1, 1, 0]",42.83,38.99,55.21,29.73,634153.75
SNDX,22.64,9,"[1, 1, 1, 0, 1, 1, 1, 1, 1, 1]",20.45,20.19,25.15,9.57,2132349.05
JBLU,5.35,9,"[1, 1, 1, 1, 1, 1, 1, 1, 1, 0]",5.28,4.96,6.46,4.03,29688078.95
ARCO,8.26,8,"[0, 1, 1, 1, 1, 1, 1, 1, 1, 0]",8.4,7.88,9.42,6.32,1415762.9
NEXA,12.82,8,"[0, 1, 1, 1, 1, 1, 1, 1, 1, 0]",13.78,10.82,16.72,4.67,709998.9
AGRO,10.78,8,"[0, 1, 1, 1, 1, 1, 1, 0, 1, 1]",11.21,10.04,15.18,7.07,691808.4
HTZ,1.85,1,"[0, 0, 0, 0, 0, 0, 0, 0, 1, 0]",4.08,5.02,7.9,1.76,32300996.1
SPB,88.97,10,"[1, 1, 1, 1, 1, 1, 1, 1, 1, 1]",82.15,69.96,89.6,49.33,357306.45
BLX,59.21,9,"[1, 1, 1, 1, 1, 1, 1, 1, 1, 0]",57.55,49.43,62.78,38.29,230638.45
MESO,16.42,6,"[1, 1, 1, 0, 0, 0, 0, 1, 1, 1]",14.87,16.22,20.96,12.88,304419.0
OCS,11.96,3,"[0, 0, 0, 0, 1, 0, 0, 0, 1, 1]",17.53,22.34,32.65,10.71,419872.9
ANIP,79.15,3,"[0, 0, 0, 1, 0, 0, 0, 1, 1, 0]",81.19,81.69,98.81,63.35,327437.55
PGNY,32.24,10,"[1, 1, 1, 1, 1, 1, 1, 1, 1, 1]",27.2,22.91,32.36,16.3,1195988.4
INVX,26.39,9,"[0, 1, 1, 1, 1, 1, 1, 1, 1, 1]",26.93,24.43,31.05,15.62,410210.95
CASH,88.6,9,"[1, 1, 1, 0, 1, 1, 1, 1, 1, 1]",84.65,82.16,99.87,66.35,228325.95
RAPP,42.56,10,"[1, 1, 1, 1, 1, 1, 1, 1, 1, 1]",38.55,31.54,42.62,14.04,488689.0
SNDA,41.44,10,"[1, 1, 1, 1, 1, 1, 1, 1, 1, 1]",37.63,33.51,42.21,23.92,751401.15
TPB,79.56,3,"[0, 0, 0, 0, 1, 0, 0, 0, 1, 1]",85.41,96.25,142.7,70.52,353588.05
VET,10.2,7,"[0, 0, 1, 1, 1, 1, 1, 0, 1, 1]",10.73,10.07,14.29,6.95,1190902.6
BORR,4.18,4,"[0, 0, 0, 0, 1, 1, 1, 0, 1, 0]",4.88,4.59,6.61,1.88,4901847.95
ECPG,89.2,10,"[1, 1, 1, 1, 1, 1, 1, 1, 1, 1]",84.79,65.54,93.79,35.97,329897.75
SONO,14.79,5,"[1, 0, 0, 0, 0, 0, 1, 1, 1, 1]",14.79,15.65,19.16,10.36,2355315.1
WBTN,10.35,2,"[0, 0, 0, 1, 0, 0, 0, 0, 1, 0]",11.68,12.69,21.31,8.58,376370.35
ADNT,19.92,1,"[0, 0, 0, 0, 0, 0, 0, 0, 1, 0]",20.98,21.38,27.09,17.8,1080702.3
UFPT,243.94,10,"[1, 1, 1, 1, 1, 1, 1, 1, 1, 1]",236.24,223.11,272.36,185.28,221766.1
CLVT,2.25,3,"[0, 0, 0, 0, 0, 0, 1, 0, 1, 1]",2.35,2.82,4.53,1.68,9687625.6
AIN,75.91,10,"[1, 1, 1, 1, 1, 1, 1, 1, 1, 1]",68.74,57.56,76.29,40.8,238602.85
CTS,61.31,8,"[0, 1, 1, 1, 1, 1, 1, 1, 1, 0]",62.79,51.26,68.27,36.39,327795.45
VOYG,26.94,5,"[0, 0, 0, 1, 1, 1, 1, 0, 1, 0]",36.58,30.12,51.77,17.99,1917866.95
ZYME,24.05,7,"[0, 0, 1, 0, 1, 1, 1, 1, 1, 1]",24.47,23.76,28.56,12.02,589031.8
CAPR,19.79,4,"[0, 0, 0, 0, 1, 1, 1, 0, 1, 0]",26.16,23.15,35.34,4.6,1728080.2
PSIX,31.78,1,"[0, 0, 0, 0, 0, 0, 0, 0, 1, 0]",39.12,63.54,115.78,29.9,420238.0
LOB,41.67,10,"[1, 1, 1, 1, 1, 1, 1, 1, 1, 1]",39.04,36.24,43.69,29.34,284720.3
XPRO,16.17,9,"[1, 1, 1, 0, 1, 1, 1, 1, 1, 1]",15.41,15.32,18.39,8.59,1364186.45
PVLA,143.94,10,"[1, 1, 1, 1, 1, 1, 1, 1, 1, 1]",125.57,106.59,157.24,36.0,328634.3
FLNG,31.3,10,"[1, 1, 1, 1, 1, 1, 1, 1, 1, 1]",30.45,27.13,32.46,20.57,406460.3
SFL,11.44,10,"[1, 1, 1, 1, 1, 1, 1, 1, 1, 1]",11.32,9.44,12.57,6.59,1589171.4
CYD,44.79,8,"[0, 1, 1, 1, 1, 1, 1, 1, 1, 0]",49.2,42.2,58.55,21.7,191065.45
TILE,32.45,10,"[1, 1, 1, 1, 1, 1, 1, 1, 1, 1]",31.42,29.05,35.94,20.54,550910.0
PCT,6.46,2,"[0, 0, 0, 1, 0, 0, 0, 0, 1, 0]",9.56,9.14,16.14,5.06,4709607.6
LPG,44.43,10,"[1, 1, 1, 1, 1, 1, 1, 1, 1, 1]",40.88,31.98,47.72,22.84,726370.55
TE,6.1,5,"[0, 0, 0, 1, 1, 1, 1, 0, 1, 0]",8.25,6.33,12.04,1.16,33643927.3
VRDN,19.18,4,"[1, 0, 0, 0, 0, 0, 1, 0, 1, 1]",17.52,24.06,33.78,13.3,2432647.45
NRIX,23.48,10,"[1, 1, 1, 1, 1, 1, 1, 1, 1, 1]",19.17,16.54,24.69,8.24,1923278.65
QURE,40.09,7,"[1, 1, 1, 1, 0, 1, 1, 0, 1, 0]",34.68,29.28,70.59,9.03,1877138.7
DV,11.31,7,"[1, 1, 1, 1, 0, 0, 1, 0, 1, 1]",10.49,10.59,16.27,8.61,3305344.8
FIVN,25.23,8,"[1, 1, 1, 1, 0, 0, 1, 1, 1, 1]",22.63,19.84,29.16,13.61,2160515.15
INVA,21.58,6,"[0, 0, 1, 1, 1, 1, 0, 1, 1, 0]",22.35,21.36,24.24,16.67,913895.8
OPRA,19.64,10,"[1, 1, 1, 1, 1, 1, 1, 1, 1, 1]",18.42,15.28,20.17,11.56,339663.35
ARDX,5.09,2,"[0, 0, 0, 0, 1, 0, 0, 0, 1, 0]",5.76,6.03,7.99,4.22,4339036.6
POET,8.37,6,"[0, 0, 1, 1, 1, 1, 1, 0, 1, 0]",11.65,7.94,20.57,4.17,15225006.1
NUVB,6.43,8,"[1, 1, 1, 0, 1, 1, 1, 0, 1, 1]",5.24,5.59,9.54,2.23,9752435.5
PEB,19.75,10,"[1, 1, 1, 1, 1, 1, 1, 1, 1, 1]",17.15,13.28,19.75,9.36,2383107.7
NTLA,11.47,4,"[0, 0, 0, 1, 0, 1, 1, 0, 1, 0]",14.1,13.54,27.98,8.04,4825198.7
NVAX,8.07,4,"[0, 0, 0, 1, 1, 1, 0, 0, 1, 0]",9.28,8.53,11.19,6.22,3872353.25
SKYT,31.11,8,"[0, 1, 1, 1, 1, 1, 1, 1, 1, 0]",35.24,27.32,39.91,8.78,705759.2
ARLO,13.24,3,"[1, 0, 0, 0, 0, 0, 0, 0, 1, 1]",13.05,14.15,19.44,11.23,1226732.5
PRLB,80.85,9,"[1, 1, 1, 1, 1, 1, 1, 1, 1, 0]",75.86,60.98,81.68,38.74,243780.05
DCOM,40.18,10,"[1, 1, 1, 1, 1, 1, 1, 1, 1, 1]",38.41,33.0,41.03,25.24,351421.1
GLUE,23.63,10,"[1, 1, 1, 1, 1, 1, 1, 1, 1, 1]",20.28,17.62,25.31,4.19,1662978.2
AMLX,18.5,10,"[1, 1, 1, 1, 1, 1, 1, 1, 1, 1]",15.57,14.61,18.7,7.64,1778163.5
CLOV,4.79,9,"[1, 1, 1, 1, 1, 1, 1, 1, 1, 0]",4.36,2.91,5.41,1.7,6437981.75
REX,46.96,10,"[1, 1, 1, 1, 1, 1, 1, 1, 1, 1]",46.43,38.91,51.16,25.5,196567.95
STBA,49.86,10,"[1, 1, 1, 1, 1, 1, 1, 1, 1, 1]",46.87,41.86,50.78,33.76,266184.25
KOS,2.42,7,"[0, 1, 1, 1, 1, 1, 1, 0, 1, 0]",2.61,2.01,3.27,0.87,19136507.15
KSS,18.13,8,"[1, 1, 1, 0, 0, 1, 1, 1, 1, 1]",15.78,16.62,24.15,10.41,4085840.15
IOVA,5.48,10,"[1, 1, 1, 1, 1, 1, 1, 1, 1, 1]",4.09,3.2,5.48,1.81,17297769.8
PAHC,33.86,5,"[1, 0, 0, 0, 1, 0, 1, 0, 1, 1]",32.77,42.48,59.33,25.79,298292.8
OUST,40.68,7,"[0, 1, 1, 1, 1, 1, 1, 0, 1, 0]",41.11,28.42,62.52,16.63,5218940.2
STGW,7.25,10,"[1, 1, 1, 1, 1, 1, 1, 1, 1, 1]",6.91,5.93,7.87,4.4,1408724.85
BAND,70.36,10,"[1, 1, 1, 1, 1, 1, 1, 1, 1, 1]",61.59,28.05,78.44,12.82,1227760.4
NVRI,21.87,10,"[1, 1, 1, 1, 1, 1, 1, 1, 1, 1]",20.87,18.12,23.28,8.27,445223.1
ABCL,5.97,8,"[1, 1, 1, 1, 0, 1, 1, 0, 1, 1]",5.93,4.5,8.12,2.78,7964341.35
HOPE,13.71,10,"[1, 1, 1, 1, 1, 1, 1, 1, 1, 1]",12.92,11.58,13.98,9.37,1223791.0
AMRC,23.12,2,"[0, 0, 0, 0, 0, 0, 1, 0, 1, 0]",28.65,30.88,43.23,15.87,507554.55
TFIN,79.19,10,"[1, 1, 1, 1, 1, 1, 1, 1, 1, 1]",72.57,63.31,80.61,46.95,329031.8
HCSG,24.8,10,"[1, 1, 1, 1, 1, 1, 1, 1, 1, 1]",22.51,19.96,25.31,13.01,709145.85
DCH,5.52,2,"[0, 0, 0, 0, 1, 0, 0, 0, 1, 0]",5.97,6.33,9.0,4.31,4001462.15
XHR,21.43,10,"[1, 1, 1, 1, 1, 1, 1, 1, 1, 1]",18.76,15.45,21.43,11.98,781297.45
WLFC,65.35,8,"[0, 1, 1, 1, 1, 1, 1, 1, 1, 0]",66.58,57.01,79.97,38.21,459685.75
GBX,50.06,8,"[1, 1, 1, 0, 1, 1, 0, 1, 1, 1]",48.07,48.12,58.06,40.16,625722.6
LILAK,7.24,10,"[1, 1, 1, 1, 1, 1, 1, 1, 1, 1]",6.1,5.66,7.89,4.51,1931414.75
LILA,7.23,10,"[1, 1, 1, 1, 1, 1, 1, 1, 1, 1]",6.08,5.6,7.92,4.43,908039.95
ZD,52.39,10,"[1, 1, 1, 1, 1, 1, 1, 1, 1, 1]",47.24,39.9,54.38,26.51,686484.6
ECVT,12.64,8,"[0, 1, 1, 1, 1, 1, 1, 1, 1, 0]",13.01,11.25,14.97,7.84,2002052.95
VIR,9.42,9,"[1, 1, 1, 1, 1, 1, 1, 1, 1, 0]",9.33,7.94,11.09,4.28,2000832.55
AHCO,11.21,8,"[1, 1, 1, 0, 1, 1, 0, 1, 1, 1]",10.3,10.33,13.38,8.68,1503794.0
ALGT,101.35,9,"[1, 1, 1, 1, 1, 1, 1, 1, 1, 0]",95.11,85.07,119.16,48.12,627939.9
TRS,40.53,8,"[0, 1, 1, 1, 1, 1, 1, 1, 1, 0]",41.15,37.09,45.03,30.68,410718.25
CRML,6.35,3,"[0, 0, 0, 0, 0, 1, 1, 0, 1, 0]",9.89,10.84,29.97,3.38,5315785.55
TH,16.82,8,"[0, 1, 1, 1, 1, 1, 1, 1, 1, 0]",18.07,11.22,20.52,6.22,1297416.45
UAMY,5.84,3,"[0, 0, 0, 0, 0, 1, 1, 0, 1, 0]",7.73,8.38,17.47,2.92,6347550.0
IMTX,9.41,5,"[0, 0, 0, 0, 1, 1, 1, 1, 1, 0]",10.13,10.13,11.87,5.09,374743.25
GSL,42.05,10,"[1, 1, 1, 1, 1, 1, 1, 1, 1, 1]",39.14,35.83,42.05,26.07,271945.1
YELP,25.79,5,"[1, 1, 0, 0, 0, 0, 1, 0, 1, 1]",24.0,26.99,35.26,19.78,1250346.3
CNOB,33.41,10,"[1, 1, 1, 1, 1, 1, 1, 1, 1, 1]",31.5,27.54,34.11,21.63,528261.1
RES,5.92,5,"[0, 0, 0, 1, 1, 1, 1, 0, 1, 0]",6.48,6.05,7.95,4.15,1666343.25
BY,38.12,10,"[1, 1, 1, 1, 1, 1, 1, 1, 1, 1]",35.11,31.34,38.72,25.21,362323.3
NVGS,21.46,8,"[0, 1, 1, 1, 1, 1, 1, 1, 1, 0]",21.8,19.13,24.22,14.25,596753.35
PGEN,5.49,10,"[1, 1, 1, 1, 1, 1, 1, 1, 1, 1]",4.72,4.18,5.92,1.52,4794677.65
BHVN,15.51,9,"[1, 1, 1, 1, 0, 1, 1, 1, 1, 1]",12.55,11.65,18.11,7.79,3054491.45
TNC,86.57,9,"[1, 1, 1, 1, 1, 1, 1, 1, 1, 0]",85.89,77.5,91.15,60.69,154766.55
HLF,12.04,4,"[0, 0, 0, 0, 1, 1, 1, 0, 1, 0]",12.4,13.49,19.96,7.75,1716127.3
SHLS,10.38,8,"[1, 1, 1, 1, 0, 1, 1, 1, 1, 0]",10.29,8.87,12.77,4.46,6078690.9
ATAI,7.14,9,"[1, 1, 1, 1, 0, 1, 1, 1, 1, 1]",4.68,4.34,7.22,3.31,22049758.85
BCAX,28.15,10,"[1, 1, 1, 1, 1, 1, 1, 1, 1, 1]",24.02,19.55,30.4,9.99,955629.4
GCT,38.49,7,"[1, 0, 1, 0, 1, 1, 1, 0, 1, 1]",35.19,37.56,51.8,20.97,636319.65
AIP,34.22,7,"[0, 1, 1, 1, 1, 1, 1, 0, 1, 0]",36.95,21.72,48.59,8.59,990424.6
GHRS,28.35,10,"[1, 1, 1, 1, 1, 1, 1, 1, 1, 1]",23.93,17.34,29.13,11.8,286123.45
SBET,6.27,4,"[1, 0, 0, 0, 0, 0, 1, 0, 1, 1]",5.8,8.67,27.4,4.56,11274084.15
GILT,11.64,4,"[0, 0, 0, 0, 1, 1, 1, 0, 1, 0]",14.29,15.04,20.85,7.35,609065.9
AVAH,9.74,9,"[1, 1, 1, 1, 0, 1, 1, 1, 1, 1]",8.0,8.06,10.27,3.74,2497576.75
CBL,55.53,10,"[1, 1, 1, 1, 1, 1, 1, 1, 1, 1]",49.62,38.88,55.55,25.1,353883.9
BKSY,23.61,5,"[0, 0, 0, 1, 1, 1, 1, 0, 1, 0]",33.79,26.65,51.63,13.14,1526822.6
FTRE,17.91,10,"[1, 1, 1, 1, 1, 1, 1, 1, 1, 1]",16.11,13.25,18.4,5.46,1320386.2
NSSC,36.18,2,"[0, 0, 0, 0, 0, 0, 0, 1, 1, 0]",36.83,40.67,46.87,29.15,372379.65
DMRA,32.99,9,"[1, 1, 1, 0, 1, 1, 1, 1, 1, 1]",25.15,23.0,34.14,2.58,918725.8
PRG,45.36,10,"[1, 1, 1, 1, 1, 1, 1, 1, 1, 1]",39.32,32.98,47.53,25.95,628230.4
OBK,51.8,10,"[1, 1, 1, 1, 1, 1, 1, 1, 1, 1]",49.17,41.94,53.18,31.99,166739.3
MUX,17.78,4,"[0, 0, 0, 0, 1, 1, 1, 0, 1, 0]",19.8,21.05,29.05,9.88,1361991.6
PRCT,18.52,1,"[0, 0, 0, 0, 0, 0, 0, 0, 1, 0]",24.04,28.21,60.06,18.52,1632455.8
NBR,84.72,8,"[0, 1, 1, 1, 1, 1, 1, 1, 1, 0]",92.04,72.05,110.63,31.58,270861.4
MAZE,29.3,6,"[1, 0, 0, 0, 1, 1, 1, 0, 1, 1]",26.9,34.57,51.83,13.14,800940.4
ENVX,4.82,1,"[0, 0, 0, 0, 0, 0, 0, 0, 1, 0]",6.38,7.36,15.06,4.57,5861195.3
TBLA,5.11,10,"[1, 1, 1, 1, 1, 1, 1, 1, 1, 1]",5.0,4.01,5.58,2.95,3608128.85
URGN,43.78,10,"[1, 1, 1, 1, 1, 1, 1, 1, 1, 1]",32.94,24.13,43.78,16.42,831927.3
NNE,17.3,1,"[0, 0, 0, 0, 0, 0, 0, 0, 1, 0]",23.38,29.3,56.63,16.03,2486172.0
HROW,43.71,8,"[1, 1, 1, 0, 1, 0, 1, 1, 1, 1]",38.22,41.2,54.8,29.03,732849.4
HLX,9.7,10,"[1, 1, 1, 1, 1, 1, 1, 1, 1, 1]",9.43,8.31,10.55,5.7,1510556.35
LINC,40.95,7,"[0, 1, 1, 1, 1, 1, 1, 0, 1, 0]",48.7,33.98,55.68,17.8,622831.7
RYZ,29.87,10,"[1, 1, 1, 1, 1, 1, 1, 1, 1, 1]",27.11,25.1,30.41,19.57,459831.95
HLIT,12.47,7,"[0, 1, 1, 1, 1, 1, 1, 0, 1, 0]",14.15,11.1,17.11,8.35,1991111.1
TROX,6.49,6,"[0, 0, 1, 1, 1, 1, 1, 0, 1, 0]",7.26,6.32,10.42,2.84,2601792.65
VIA,18.08,4,"[1, 0, 0, 0, 0, 0, 1, 0, 1, 1]",16.13,25.21,53.93,13.31,1193952.6
LIND,28.45,10,"[1, 1, 1, 1, 1, 1, 1, 1, 1, 1]",23.8,17.8,29.57,11.45,1114562.1
IPX,23.95,1,"[0, 0, 0, 0, 0, 0, 0, 0, 1, 0]",32.77,38.05,60.11,21.98,329785.5
WVE,5.79,2,"[0, 0, 0, 0, 1, 0, 0, 0, 1, 0]",6.14,9.67,21.31,5.66,2830453.75
PLTK,4.13,9,"[1, 1, 1, 1, 0, 1, 1, 1, 1, 1]",3.62,3.55,4.6,2.72,1627958.45
AVBP,28.26,8,"[0, 1, 1, 1, 1, 1, 1, 1, 1, 0]",30.9,24.91,34.74,16.95,656633.9
RLJ,12.24,10,"[1, 1, 1, 1, 1, 1, 1, 1, 1, 1]",10.59,8.15,12.24,6.26,2097674.4
LOMA,11.52,9,"[1, 1, 1, 1, 1, 1, 1, 1, 1, 0]",11.44,11.12,13.12,7.13,389810.9
TV,2.78,5,"[1, 0, 0, 0, 1, 0, 0, 1, 1, 1]",2.77,2.88,3.44,2.3,834169.95
SBH,14.89,7,"[1, 1, 1, 0, 0, 0, 1, 1, 1, 1]",13.47,14.6,17.0,9.65,1392148.5
CSIQ,15.37,3,"[0, 0, 0, 0, 0, 1, 1, 0, 1, 0]",16.78,18.73,33.58,9.51,2659448.9
RXT,4.39,7,"[0, 1, 1, 1, 1, 1, 1, 0, 1, 0]",5.5,2.34,7.53,0.41,17777529.3
GIII,35.76,10,"[1, 1, 1, 1, 1, 1, 1, 1, 1, 1]",32.99,29.96,35.9,23.02,605581.55
TTI,9.1,5,"[0, 0, 0, 1, 1, 1, 1, 0, 1, 0]",10.05,9.19,12.32,3.51,1802278.45
KDK,4.37,2,"[0, 0, 0, 0, 1, 0, 0, 0, 1, 0]",6.19,7.86,10.92,4.27,1095714.3
STAA,24.27,5,"[0, 1, 0, 1, 0, 1, 1, 0, 1, 0]",29.14,24.46,33.34,16.1,927144.65
TWO,12.1,10,"[1, 1, 1, 1, 1, 1, 1, 1, 1, 1]",12.08,10.54,13.3,8.4,2025909.75
ARRY,6.05,2,"[0, 0, 0, 0, 1, 0, 0, 0, 1, 0]",7.71,8.44,11.96,5.48,6277635.75
BAK,2.32,2,"[0, 0, 0, 0, 1, 0, 0, 0, 1, 0]",3.47,3.36,5.02,2.32,2145851.95
TDOC,9.71,9,"[1, 1, 1, 1, 0, 1, 1, 1, 1, 1]",7.86,6.9,9.72,4.47,4333515.95
WLDN,72.84,1,"[0, 0, 0, 0, 0, 0, 0, 0, 1, 0]",86.4,94.9,134.94,66.91,338612.55
CRVS,14.47,8,"[1, 1, 1, 0, 1, 1, 1, 0, 1, 1]",13.39,12.71,25.52,4.1,1377872.2
CRI,38.73,8,"[0, 1, 1, 1, 1, 1, 1, 1, 1, 0]",38.92,35.04,43.75,22.91,902190.4
PLSE,30.26,10,"[1, 1, 1, 1, 1, 1, 1, 1, 1, 1]",26.0,19.79,30.26,12.66,344527.7
OLMA,11.59,5,"[0, 0, 0, 0, 1, 1, 1, 0, 1, 1]",11.89,17.42,35.83,4.54,1708877.65
TEN,40.21,10,"[1, 1, 1, 1, 1, 1, 1, 1, 1, 1]",39.3,31.76,44.47,19.3,271202.05
LUCK,7.18,1,"[0, 0, 0, 0, 0, 0, 0, 0, 1, 0]",7.92,8.19,10.94,6.25,109146.1
WBI,35.48,9,"[1, 1, 1, 1, 1, 0, 1, 1, 1, 1]",31.36,25.91,35.88,18.69,1209873.9
ATLC,96.37,9,"[1, 1, 1, 1, 1, 1, 1, 1, 1, 0]",91.58,67.61,110.41,47.96,206869.25
JBIO,20.53,9,"[0, 1, 1, 1, 1, 1, 1, 1, 1, 1]",20.56,16.08,26.85,6.77,1124846.25
GPRE,17.67,10,"[1, 1, 1, 1, 1, 1, 1, 1, 1, 1]",15.93,13.42,19.23,7.31,1414397.35
RCAT,8.59,3,"[0, 0, 0, 0, 1, 0, 1, 0, 1, 0]",10.47,11.37,17.36,6.14,9342289.3
MRTN,17.63,10,"[1, 1, 1, 1, 1, 1, 1, 1, 1, 1]",17.04,13.32,18.22,9.28,750897.95
DSGR,34.51,8,"[1, 1, 1, 1, 0, 0, 1, 1, 1, 1]",27.92,27.9,34.51,19.31,225451.2
EVLV,5.63,2,"[0, 0, 0, 0, 0, 0, 0, 0, 1, 1]",6.02,6.38,8.76,4.9,2159281.95
NPKI,14.58,8,"[0, 1, 1, 1, 1, 1, 1, 1, 1, 0]",14.9,13.76,16.35,8.61,1113622.35
ABTC,6.47,1,"[0, 0, 0, 0, 0, 0, 0, 0, 1, 0]",12.07,30.53,139.65,5.28,1806226.5
DQ,11.86,1,"[0, 0, 0, 0, 0, 0, 0, 0, 1, 0]",14.98,23.53,35.69,11.63,788778.4
AMAL,47.56,10,"[1, 1, 1, 1, 1, 1, 1, 1, 1, 1]",43.82,36.9,48.3,24.92,188813.25
VTOL,45.14,9,"[1, 1, 1, 0, 1, 1, 1, 1, 1, 1]",42.6,42.02,49.86,32.94,232586.1
PGY,17.48,5,"[1, 1, 0, 0, 0, 0, 1, 0, 1, 1]",15.56,18.47,43.81,10.64,3789870.75
NAT,6.47,10,"[1, 1, 1, 1, 1, 1, 1, 1, 1, 1]",5.6,4.51,6.47,2.51,4453563.15
PNTG,41.47,10,"[1, 1, 1, 1, 1, 1, 1, 1, 1, 1]",35.71,30.75,41.95,22.07,355467.75
MRVI,7.1,10,"[1, 1, 1, 1, 1, 1, 1, 1, 1, 1]",5.37,3.88,7.24,2.03,3439911.95
NSP,51.11,8,"[1, 1, 1, 1, 0, 0, 1, 1, 1, 1]",37.99,34.58,57.05,19.54,669493.8
MLTX,20.06,7,"[1, 1, 1, 1, 1, 0, 1, 0, 1, 0]",18.86,15.78,61.99,6.24,1503353.0
BLDP,2.96,4,"[0, 0, 0, 1, 0, 1, 1, 0, 1, 0]",4.28,3.19,6.38,1.73,6091052.95
UFCS,51.5,10,"[1, 1, 1, 1, 1, 1, 1, 1, 1, 1]",48.79,39.26,53.93,25.74,189141.0
REAL,11.92,4,"[1, 0, 0, 0, 0, 1, 1, 0, 1, 0]",10.51,12.07,16.9,5.24,3232828.95
JKS,16.41,1,"[0, 0, 0, 0, 0, 0, 0, 0, 1, 0]",18.59,22.27,28.22,15.25,706235.3
AORT,24.94,3,"[1, 0, 0, 0, 0, 0, 0, 0, 1, 1]",22.61,36.45,47.63,20.1,756477.85
KMTS,22.24,5,"[0, 0, 0, 0, 0, 1, 1, 1, 1, 1]",22.24,23.58,28.01,14.46,516061.2
ASTE,55.0,8,"[1, 1, 1, 0, 1, 1, 1, 1, 1, 0]",53.49,51.59,64.85,37.5,191983.3
COLL,35.85,3,"[1, 0, 0, 0, 0, 0, 0, 0, 1, 1]",34.71,39.24,49.84,29.75,474553.95
TK,11.33,8,"[0, 1, 1, 1, 1, 1, 1, 1, 1, 0]",11.59,10.25,13.09,6.66,612394.45
VSTS,16.01,10,"[1, 1, 1, 1, 1, 1, 1, 1, 1, 1]",13.28,8.58,16.5,4.06,1454992.0
DLX,25.84,9,"[1, 1, 1, 0, 1, 1, 1, 1, 1, 1]",23.98,23.75,31.5,14.77,396260.55
CCO,2.4,8,"[0, 1, 1, 1, 1, 1, 1, 1, 1, 0]",2.4,2.19,2.43,1.02,8384556.1
ULCC,6.16,8,"[0, 1, 1, 1, 1, 1, 1, 1, 1, 0]",6.24,4.87,8.06,3.1,4033652.95
ITRN,57.43,8,"[0, 1, 1, 1, 1, 1, 1, 1, 1, 0]",60.45,47.87,65.85,30.77,158069.95
ELE,15.85,2,"[0, 0, 0, 0, 1, 0, 0, 0, 1, 0]",16.52,17.61,24.16,12.54,570604.8
ADTN,12.14,6,"[0, 0, 1, 1, 1, 1, 1, 0, 1, 0]",14.65,11.54,19.4,7.25,1712276.6
ACDC,4.87,5,"[0, 0, 0, 1, 1, 1, 1, 0, 1, 0]",6.3,5.36,8.19,3.19,1412765.35
XPEL,42.87,5,"[0, 0, 0, 0, 1, 1, 1, 1, 1, 0]",45.28,45.11,54.95,31.49,259264.4
PRCH,13.15,7,"[1, 1, 1, 1, 0, 0, 1, 0, 1, 1]",11.86,10.26,19.04,6.4,2077429.3
CMP,29.91,9,"[0, 1, 1, 1, 1, 1, 1, 1, 1, 1]",30.17,23.84,33.51,16.54,414274.35
NEO,14.45,10,"[1, 1, 1, 1, 1, 1, 1, 1, 1, 1]",11.66,10.63,15.16,4.84,3448819.5
MPLT,37.44,7,"[1, 1, 0, 1, 0, 0, 1, 1, 1, 1]",31.66,37.44,39.8,12.81,601171.0
AVNS,24.98,10,"[1, 1, 1, 1, 1, 1, 1, 1, 1, 1]",24.88,16.72,25.05,9.89,695030.8
GOOS,9.74,2,"[0, 0, 0, 0, 0, 0, 0, 0, 1, 1]",9.84,11.8,15.24,9.23,521695.7
PRSU,52.37,10,"[1, 1, 1, 1, 1, 1, 1, 1, 1, 1]",48.52,39.32,55.97,28.29,354948.7
VYX,7.94,3,"[1, 0, 0, 0, 0, 0, 0, 0, 1, 1]",7.48,8.86,14.63,6.15,2313086.85
GOLD,39.94,5,"[0, 0, 1, 0, 1, 1, 1, 0, 1, 0]",41.35,39.84,63.6,20.24,411637.25
HQH,21.27,10,"[1, 1, 1, 1, 1, 1, 1, 1, 1, 1]",20.23,18.49,22.09,13.76,279374.85
EYPT,13.05,4,"[0, 0, 0, 0, 1, 1, 1, 0, 1, 0]",13.24,14.14,18.85,9.71,1639030.65
AOSL,34.99,7,"[0, 1, 1, 1, 1, 1, 1, 0, 1, 0]",41.65,29.0,53.32,17.47,701852.25
ALNT,89.97,9,"[1, 1, 1, 1, 1, 1, 1, 1, 1, 0]",83.63,65.78,102.93,37.93,311096.4
GNK,25.36,10,"[1, 1, 1, 1, 1, 1, 1, 1, 1, 1]",24.4,20.81,26.7,14.85,304530.7
LQDT,38.83,10,"[1, 1, 1, 1, 1, 1, 1, 1, 1, 1]",37.1,31.64,41.02,22.16,237687.4
XERS,8.78,9,"[1, 1, 1, 1, 0, 1, 1, 1, 1, 1]",7.12,7.08,9.9,5.0,2288014.45
CDNA,38.54,10,"[1, 1, 1, 1, 1, 1, 1, 1, 1, 1]",25.64,20.03,40.34,11.57,1142653.25
ZBIO,32.36,7,"[1, 1, 1, 0, 0, 1, 1, 0, 1, 1]",22.12,25.44,43.17,14.31,1150348.2
EVEX,2.45,1,"[0, 0, 0, 0, 0, 0, 0, 0, 1, 0]",2.8,3.49,7.28,2.18,1207501.6
AMN,34.2,10,"[1, 1, 1, 1, 1, 1, 1, 1, 1, 1]",30.97,21.75,35.77,15.1,915562.2
BUR,4.1,1,"[0, 0, 0, 0, 0, 0, 0, 0, 1, 0]",4.35,7.36,13.91,3.92,2226871.9
TDAY,8.57,10,"[1, 1, 1, 1, 1, 1, 1, 1, 1, 1]",8.02,6.29,8.86,3.49,1474959.15
ACVA,7.93,7,"[1, 1, 1, 1, 0, 0, 1, 0, 1, 1]",6.49,6.8,15.24,4.15,3281064.2
KODK,7.78,5,"[0, 0, 0, 1, 1, 1, 1, 0, 1, 0]",9.27,8.66,14.51,5.43,788711.35
DBVT,14.22,4,"[0, 0, 0, 0, 1, 1, 1, 0, 1, 0]",17.11,18.27,24.54,8.51,312251.8
IVA,4.48,5,"[1, 0, 0, 0, 1, 0, 1, 0, 1, 1]",4.39,5.11,7.15,3.04,1565867.75
ASST,13.0,3,"[0, 0, 0, 1, 0, 0, 1, 0, 1, 0]",14.66,16.64,178.2,7.16,3820547.6
UVE,38.39,9,"[0, 1, 1, 1, 1, 1, 1, 1, 1, 1]",39.17,34.2,43.01,22.38,254316.65
OSBC,23.68,10,"[1, 1, 1, 1, 1, 1, 1, 1, 1, 1]",22.1,20.19,23.88,16.38,446936.0
MNKD,4.05,5,"[1, 1, 0, 0, 0, 0, 1, 0, 1, 1]",3.74,4.39,6.21,2.28,4776229.35
GHM,108.22,10,"[1, 1, 1, 1, 1, 1, 1, 1, 1, 1]",105.73,81.34,123.79,46.97,289740.7
BFLY,6.82,9,"[1, 1, 1, 1, 1, 1, 1, 1, 1, 0]",6.04,4.17,8.91,1.33,9435168.45
NWPX,135.41,9,"[1, 1, 1, 1, 1, 1, 1, 1, 1, 0]",127.95,83.7,149.94,40.54,226202.75
LGIH,56.21,10,"[1, 1, 1, 1, 1, 1, 1, 1, 1, 1]",53.25,48.55,67.47,34.24,345705.5
SATL,3.9,5,"[0, 0, 0, 1, 1, 1, 1, 0, 1, 0]",6.76,4.38,10.74,1.27,6365639.5
IART,19.01,9,"[1, 1, 1, 1, 0, 1, 1, 1, 1, 1]",16.93,13.16,19.85,8.9,948911.25
UVSP,44.42,10,"[1, 1, 1, 1, 1, 1, 1, 1, 1, 1]",41.54,35.15,45.21,27.36,262186.25
RJET,17.66,3,"[0, 0, 0, 1, 0, 0, 0, 0, 1, 1]",19.62,19.64,25.35,16.05,188004.65
SEPN,33.68,9,"[1, 1, 1, 1, 1, 1, 1, 1, 1, 0]",31.97,26.77,37.84,10.93,586392.75
SVRA,5.84,9,"[1, 1, 1, 0, 1, 1, 1, 1, 1, 1]",5.48,5.33,6.94,2.41,1965180.1
SVC,8.84,3,"[1, 0, 0, 0, 0, 0, 0, 0, 1, 1]",8.42,9.24,,,2313645.0
TNDM,17.6,6,"[1, 0, 0, 0, 1, 1, 1, 0, 1, 1]",15.93,18.87,28.26,10.11,1842938.05
PDM,9.73,9,"[1, 1, 1, 1, 0, 1, 1, 1, 1, 1]",8.9,8.22,9.88,6.39,1112882.45
ATEX,105.82,10,"[1, 1, 1, 1, 1, 1, 1, 1, 1, 1]",79.09,41.63,108.21,17.99,494090.05
PLOW,45.7,8,"[0, 1, 1, 1, 1, 1, 1, 1, 1, 0]",46.16,39.33,54.2,27.05,324290.6
RERE,3.94,3,"[0, 0, 0, 0, 1, 0, 0, 0, 1, 1]",4.22,4.71,6.2,3.05,833396.9
APEI,48.86,7,"[0, 0, 1, 1, 1, 1, 1, 1, 1, 0]",53.44,46.11,60.86,28.03,362158.4
CEVA,40.72,8,"[0, 1, 1, 1, 1, 1, 1, 1, 1, 0]",42.65,28.05,50.06,17.21,692366.55
INNV,11.84,10,"[1, 1, 1, 1, 1, 1, 1, 1, 1, 1]",9.22,7.29,12.11,3.13,438581.4
HTLD,15.31,10,"[1, 1, 1, 1, 1, 1, 1, 1, 1, 1]",14.78,11.06,16.2,7.04,614414.65
CFFN,8.6,10,"[1, 1, 1, 1, 1, 1, 1, 1, 1, 1]",8.11,7.13,8.79,5.49,780732.4
OMER,9.53,4,"[0, 0, 0, 0, 1, 1, 1, 0, 1, 0]",10.71,10.71,17.18,3.59,1870474.15
LMRI,11.13,5,"[1, 0, 0, 0, 1, 0, 1, 0, 1, 1]",9.61,11.13,18.53,6.77,610062.15
LXU,11.55,7,"[0, 0, 1, 1, 1, 1, 1, 0, 1, 1]",12.16,11.18,16.88,7.16,763965.2
GDRX,3.02,7,"[1, 1, 1, 1, 0, 0, 1, 0, 1, 1]",2.81,2.74,5.12,1.87,1025726.85
ODV,2.52,1,"[0, 0, 0, 0, 0, 0, 0, 0, 1, 0]",2.65,3.3,4.78,2.15,2356766.4
KOPN,4.06,7,"[0, 1, 1, 1, 1, 1, 1, 0, 1, 0]",4.74,3.27,6.39,1.74,5266397.85
DAKT,19.58,2,"[0, 0, 0, 0, 1, 0, 0, 0, 1, 0]",19.95,20.51,27.73,15.84,696391.5
INR,13.42,3,"[0, 0, 0, 0, 1, 0, 0, 0, 1, 1]",13.53,14.62,19.23,11.2,325299.45
EPC,27.8,10,"[1, 1, 1, 1, 1, 1, 1, 1, 1, 1]",22.46,20.26,29.66,15.68,1023919.05
INDI,3.86,5,"[0, 1, 0, 1, 0, 1, 1, 0, 1, 0]",4.28,3.99,6.0,2.44,5843282.1
PHAT,11.25,4,"[1, 0, 0, 0, 0, 0, 1, 0, 1, 1]",10.98,12.69,18.08,7.9,1157405.55
CRON,2.8,10,"[1, 1, 1, 1, 1, 1, 1, 1, 1, 1]",2.74,2.64,3.27,1.95,852782.35
JMIA,6.28,2,"[0, 0, 0, 0, 0, 0, 1, 0, 1, 0]",6.96,9.39,14.6,4.45,1604387.2
XNCR,20.45,9,"[1, 1, 1, 1, 0, 1, 1, 1, 1, 1]",13.47,13.51,20.45,7.0,1104246.5
CMPS,12.18,8,"[0, 1, 1, 1, 1, 1, 1, 1, 1, 0]",12.27,8.03,15.07,3.94,4994230.5
METC,11.87,1,"[0, 0, 0, 0, 0, 0, 0, 0, 1, 0]",14.01,19.02,54.55,11.44,1500517.5
AMBQ,78.14,8,"[0, 1, 1, 1, 1, 1, 1, 1, 1, 0]",78.62,42.14,90.48,22.76,657488.95
NUTX,168.27,10,"[1, 1, 1, 1, 1, 1, 1, 1, 1, 1]",148.91,131.14,196.53,80.92,134360.05
CODI,10.23,8,"[0, 1, 1, 1, 1, 1, 1, 1, 1, 0]",10.78,8.03,12.48,4.65,802636.2
SANA,3.16,2,"[0, 0, 0, 0, 0, 1, 0, 0, 1, 0]",3.26,3.87,5.92,2.68,3248994.05
SCSC,55.51,10,"[1, 1, 1, 1, 1, 1, 1, 1, 1, 1]",48.68,41.96,55.51,34.27,198563.15
NX,18.16,8,"[1, 0, 1, 0, 1, 1, 1, 1, 1, 1]",17.53,17.02,22.34,11.09,386633.95
AVO,12.63,6,"[1, 0, 0, 0, 1, 1, 0, 1, 1, 1]",12.06,12.68,15.34,10.11,1361477.7
ANNX,5.39,7,"[0, 0, 1, 0, 1, 1, 1, 1, 1, 1]",5.39,5.05,6.96,2.05,5438848.45
AMTB,25.86,10,"[1, 1, 1, 1, 1, 1, 1, 1, 1, 1]",23.92,21.32,26.4,16.48,379182.65
ABSI,8.32,8,"[1, 1, 1, 1, 1, 1, 1, 0, 1, 0]",7.75,4.49,11.62,2.3,7413810.2
AMC,2.2,6,"[1, 1, 1, 1, 0, 0, 1, 0, 1, 0]",1.9,1.81,3.5,0.95,57839215.15
ORIC,10.83,7,"[1, 1, 1, 0, 0, 0, 1, 1, 1, 1]",9.18,10.66,14.41,7.47,1637822.85
RHLD,129.58,6,"[1, 0, 0, 0, 1, 1, 1, 0, 1, 1]",124.84,152.63,226.37,39.24,156876.4
TBN,33.25,7,"[0, 1, 1, 1, 1, 1, 1, 0, 1, 0]",33.98,30.5,49.99,19.42,184509.1
JBSS,80.36,10,"[1, 1, 1, 1, 1, 1, 1, 1, 1, 1]",79.97,74.26,90.6,57.6,119746.15
MGTX,12.52,10,"[1, 1, 1, 1, 1, 1, 1, 1, 1, 1]",10.98,8.93,14.66,6.99,1200184.8
HEPS,2.85,9,"[1, 1, 1, 1, 1, 1, 1, 1, 1, 0]",2.81,2.68,3.29,2.18,161624.45
AGL,125.78,10,"[1, 1, 1, 1, 1, 1, 1, 1, 1, 1]",100.95,39.52,129.84,7.91,344843.75
HAFC,32.47,10,"[1, 1, 1, 1, 1, 1, 1, 1, 1, 1]",31.13,27.84,33.31,21.52,260091.65
SLS,12.9,10,"[1, 1, 1, 1, 1, 1, 1, 1, 1, 1]",9.76,5.04,15.45,1.39,11474045.9
BJRI,67.9,10,"[1, 1, 1, 1, 1, 1, 1, 1, 1, 1]",51.97,41.34,68.84,28.69,535312.9
CGEM,18.06,10,"[1, 1, 1, 1, 1, 1, 1, 1, 1, 1]",15.99,12.62,18.48,5.75,911611.35
VPG,112.42,7,"[0, 1, 1, 1, 1, 1, 1, 0, 1, 0]",118.31,61.58,149.91,25.8,565581.5
SHEN,11.53,3,"[0, 0, 0, 1, 1, 0, 0, 0, 1, 0]",14.84,13.45,17.1,9.9,488678.2
ROOT,59.06,5,"[1, 1, 0, 0, 0, 0, 1, 0, 1, 1]",56.78,63.69,126.81,43.21,250407.6
GERN,1.44,7,"[1, 0, 1, 0, 1, 1, 1, 0, 1, 1]",1.31,1.4,1.95,1.07,11577244.85
VLRS,7.98,6,"[0, 0, 1, 0, 1, 1, 1, 1, 1, 0]",7.99,7.94,10.63,5.1,655606.8
LXRX,2.38,10,"[1, 1, 1, 1, 1, 1, 1, 1, 1, 1]",2.17,1.64,2.64,1.02,4817464.4
DSGN,12.06,8,"[0, 1, 1, 1, 1, 1, 1, 1, 1, 0]",12.65,10.4,15.79,3.82,947449.9
HNRG,16.61,1,"[0, 0, 0, 0, 0, 0, 0, 0, 1, 0]",17.59,18.55,23.81,15.03,771148.05
NB,4.45,2,"[0, 0, 0, 0, 0, 0, 1, 0, 1, 0]",5.16,5.93,11.67,2.71,3350212.15
MATW,27.49,9,"[1, 1, 1, 1, 1, 1, 0, 1, 1, 1]",26.64,25.62,28.35,21.44,358238.25
TBPH,16.84,7,"[1, 0, 0, 0, 1, 1, 1, 1, 1, 1]",16.64,16.95,20.74,10.9,946610.25
BVS,11.88,10,"[1, 1, 1, 1, 1, 1, 1, 1, 1, 1]",9.99,8.6,12.43,6.14,737421.3
OMDA,22.99,8,"[1, 1, 1, 1, 0, 0, 1, 1, 1, 1]",19.11,17.17,26.78,10.94,1240266.95
SCHL,46.81,10,"[1, 1, 1, 1, 1, 1, 1, 1, 1, 1]",43.21,35.33,47.34,21.01,319801.2
TALK,5.22,10,"[1, 1, 1, 1, 1, 1, 1, 1, 1, 1]",5.21,4.33,5.24,2.27,2381137.55
ABX,10.38,10,"[1, 1, 1, 1, 1, 1, 1, 1, 1, 1]",9.82,8.3,12.0,4.87,782362.9
SPRY,6.36,1,"[0, 0, 0, 0, 0, 0, 0, 0, 1, 0]",8.49,9.19,18.35,6.36,2266736.35
CTMX,3.42,5,"[0, 0, 0, 0, 1, 1, 1, 0, 1, 1]",3.49,4.19,6.75,1.76,5635911.35
MYE,30.81,10,"[1, 1, 1, 1, 1, 1, 1, 1, 1, 1]",26.74,21.3,35.31,14.25,617225.95
ABUS,4.52,9,"[1, 1, 1, 1, 1, 1, 1, 1, 1, 0]",4.51,4.45,5.22,3.15,2868967.35
AEVA,17.69,7,"[0, 1, 1, 1, 1, 1, 1, 0, 1, 0]",22.44,16.55,29.29,9.19,1998682.65
KOP,51.47,10,"[1, 1, 1, 1, 1, 1, 1, 1, 1, 1]",43.92,34.93,51.47,26.16,165129.9
NBBK,21.04,8,"[1, 1, 1, 0, 1, 1, 0, 1, 1, 1]",20.42,20.18,22.56,16.64,267347.35
IBTA,29.05,6,"[0, 1, 1, 1, 0, 1, 1, 0, 1, 0]",32.45,28.22,40.11,19.25,152452.15
CRSR,9.88,9,"[1, 1, 1, 1, 0, 1, 1, 1, 1, 1]",8.92,6.92,12.14,4.58,1595620.75
KRO,6.73,9,"[1, 1, 1, 1, 1, 1, 1, 1, 1, 0]",6.68,5.75,7.82,4.21,357707.65
ODD,16.22,4,"[1, 0, 0, 0, 0, 0, 1, 0, 1, 1]",13.58,27.14,74.04,9.81,1365674.7
DRUG,77.29,8,"[1, 0, 1, 0, 1, 1, 1, 1, 1, 1]",73.23,75.09,95.99,26.42,282872.4
KURA,10.89,9,"[1, 1, 1, 1, 0, 1, 1, 1, 1, 1]",10.14,9.64,12.14,5.54,1691034.7
SCZM,6.56,3,"[0, 0, 0, 0, 1, 0, 1, 0, 1, 0]",7.33,8.46,16.16,3.28,461448.1
CVLG,49.88,10,"[1, 1, 1, 1, 1, 1, 1, 1, 1, 1]",42.05,29.26,49.88,17.94,178637.35
PURR,7.08,4,"[0, 1, 0, 1, 0, 0, 1, 0, 1, 0]",8.18,7.08,10.97,3.1,11848107.0
TSAT,38.92,6,"[0, 0, 1, 1, 1, 1, 1, 0, 1, 0]",47.21,36.85,58.51,19.93,223490.6
SG,6.79,4,"[0, 0, 0, 1, 1, 0, 1, 0, 1, 0]",8.25,6.91,16.26,4.7,5449854.55
VOR,20.05,7,"[1, 1, 1, 1, 0, 0, 1, 0, 1, 1]",16.04,16.08,48.72,6.86,1802413.15
EVMN,12.22,2,"[0, 0, 0, 0, 1, 0, 0, 0, 1, 0]",19.06,12.22,31.57,11.53,1473320.85
WYFI,27.55,6,"[0, 1, 1, 1, 0, 1, 1, 0, 1, 0]",30.81,22.78,44.77,10.78,3297166.65
SABR,1.73,6,"[0, 1, 1, 1, 0, 1, 1, 0, 1, 0]",1.8,1.62,3.27,0.82,4179244.15
CGNT,8.6,6,"[0, 0, 0, 1, 1, 1, 1, 0, 1, 1]",9.35,8.81,12.24,6.34,648389.65
ETON,43.2,10,"[1, 1, 1, 1, 1, 1, 1, 1, 1, 1]",33.62,22.64,43.2,14.13,538092.2
ESPR,3.18,10,"[1, 1, 1, 1, 1, 1, 1, 1, 1, 1]",3.12,3.06,4.08,1.22,15726580.0
WEST,7.71,8,"[0, 1, 1, 1, 1, 1, 1, 1, 1, 0]",8.18,5.48,9.73,3.71,742995.5
EGBN,27.26,9,"[1, 1, 1, 1, 1, 1, 1, 1, 1, 0]",27.04,23.86,29.13,15.78,342281.7
GO,9.29,5,"[1, 1, 0, 1, 0, 0, 1, 0, 1, 0]",9.05,9.84,18.66,5.79,2155071.65
BIOA,22.65,10,"[1, 1, 1, 1, 1, 1, 1, 1, 1, 1]",19.89,15.92,25.1,4.12,715063.0
ASC,16.29,8,"[0, 1, 1, 1, 1, 1, 1, 1, 1, 0]",16.69,13.99,19.22,9.7,676622.1
ADAM,8.85,9,"[0, 1, 1, 1, 1, 1, 1, 1, 1, 1]",8.9,7.56,9.51,5.58,897100.75
DXYZ,25.67,4,"[0, 0, 0, 1, 1, 1, 0, 0, 1, 0]",37.59,30.69,71.24,20.82,1253364.35
SUPV,9.69,6,"[1, 0, 0, 0, 1, 1, 1, 1, 1, 0]",9.42,9.78,12.86,4.69,484192.6
NRGV,3.48,5,"[0, 0, 0, 1, 1, 1, 1, 0, 1, 0]",4.54,4.1,6.49,1.02,5893952.5
IMSR,5.46,1,"[0, 0, 0, 0, 0, 0, 0, 0, 1, 0]",7.08,9.31,27.1,4.62,1923855.15
ANRO,27.07,10,"[1, 1, 1, 1, 1, 1, 1, 1, 1, 1]",23.34,18.7,28.07,2.8,804642.15
KFRC,57.47,10,"[1, 1, 1, 1, 1, 1, 1, 1, 1, 1]",47.67,34.48,58.71,23.68,235770.65
CWH,5.96,1,"[0, 0, 0, 0, 0, 0, 0, 0, 1, 0]",7.07,9.69,18.74,5.8,2377937.35
ARKO,7.93,10,"[1, 1, 1, 1, 1, 1, 1, 1, 1, 1]",7.68,5.81,8.64,3.76,787887.7
IHRT,3.74,5,"[0, 0, 0, 1, 1, 1, 1, 0, 1, 0]",4.29,3.85,6.33,1.6,773733.15
PSTL,24.07,10,"[1, 1, 1, 1, 1, 1, 1, 1, 1, 1]",23.58,18.84,24.98,13.16,366911.5
MTUS,19.97,10,"[1, 1, 1, 1, 1, 1, 1, 1, 1, 1]",19.19,18.15,21.51,14.56,376988.35
RLMD,5.3,6,"[0, 0, 1, 1, 1, 1, 1, 0, 1, 0]",6.58,5.09,7.86,0.56,2605361.25
CRESY,11.22,5,"[0, 0, 0, 0, 1, 1, 1, 1, 1, 0]",11.22,11.37,14.11,7.88,304441.4
CBLL,17.89,5,"[0, 0, 0, 0, 1, 1, 1, 1, 1, 0]",18.57,18.27,23.43,10.92,390399.2
LYTS,23.79,8,"[0, 1, 1, 1, 1, 1, 1, 1, 1, 0]",24.53,21.5,26.8,17.17,326471.15
NXDR,2.39,9,"[1, 1, 1, 1, 0, 1, 1, 1, 1, 1]",2.18,1.89,2.77,1.36,2851383.25
DSP,11.76,9,"[0, 1, 1, 1, 1, 1, 1, 1, 1, 1]",11.84,10.91,14.79,8.14,228088.7
PGC,46.17,10,"[1, 1, 1, 1, 1, 1, 1, 1, 1, 1]",44.81,34.82,48.33,24.59,259513.0
HZO,33.23,8,"[0, 1, 1, 1, 1, 1, 1, 1, 1, 0]",34.46,28.61,37.74,21.43,263080.3
ALLO,1.85,5,"[0, 0, 1, 0, 1, 1, 1, 0, 1, 0]",2.02,1.85,3.06,1.03,9799486.9
HSHP,15.48,10,"[1, 1, 1, 1, 1, 1, 1, 1, 1, 1]",14.32,11.12,15.48,6.32,336809.3
DRTS,13.32,10,"[1, 1, 1, 1, 1, 1, 1, 1, 1, 1]",10.87,7.19,13.57,2.9,876549.2
FOXF,18.29,6,"[1, 1, 1, 0, 0, 0, 1, 0, 1, 1]",17.54,18.12,30.41,13.19,631931.95
WRLD,188.82,10,"[1, 1, 1, 1, 1, 1, 1, 1, 1, 1]",178.91,151.95,223.83,115.57,117511.95
PRAA,17.46,9,"[1, 1, 1, 0, 1, 1, 1, 1, 1, 1]",16.49,16.32,22.23,10.42,451357.45
NTGR,24.24,5,"[1, 1, 0, 1, 0, 0, 0, 0, 1, 1]",24.19,24.92,36.01,19.87,312324.35
HPK,7.72,8,"[1, 1, 1, 1, 0, 0, 1, 1, 1, 1]",7.26,6.12,10.23,3.89,530325.0
KRNT,15.29,6,"[0, 1, 1, 1, 1, 1, 0, 0, 1, 0]",15.74,14.76,21.89,12.31,162196.35
FCEL,21.64,8,"[1, 1, 1, 1, 1, 1, 1, 0, 1, 0]",21.59,11.56,36.01,3.92,15138464.35
EVER,26.92,9,"[1, 1, 1, 1, 0, 1, 1, 1, 1, 1]",21.42,20.89,27.87,14.27,772754.5
GFR,6.41,10,"[1, 1, 1, 1, 1, 1, 1, 1, 1, 1]",5.83,5.51,6.92,4.31,175464.8
LPTH,12.66,7,"[0, 1, 1, 1, 1, 1, 1, 0, 1, 0]",13.94,11.24,18.15,2.96,3183306.95
RMT,14.1,9,"[1, 1, 1, 1, 1, 1, 1, 1, 1, 0]",13.83,11.66,14.68,8.7,158118.6
SB,7.45,10,"[1, 1, 1, 1, 1, 1, 1, 1, 1, 1]",6.73,5.76,7.45,3.75,1065227.85
HIVE,3.23,4,"[0, 1, 0, 1, 0, 0, 1, 0, 1, 0]",3.67,3.31,6.96,1.75,23540045.6
SLDB,8.46,10,"[1, 1, 1, 1, 1, 1, 1, 1, 1, 1]",8.14,6.71,11.15,3.93,1971171.6
GDOT,13.38,9,"[1, 1, 1, 1, 1, 0, 1, 1, 1, 1]",13.01,12.33,15.25,9.64,448457.15
MAKO,7.07,7,"[0, 0, 1, 1, 1, 1, 1, 1, 1, 0]",7.81,6.81,8.7,3.66,142097.9
MVST,0.92,1,"[0, 0, 0, 0, 0, 0, 0, 0, 1, 0]",1.26,2.6,6.4,0.9,4522494.15
MITK,18.44,10,"[1, 1, 1, 1, 1, 1, 1, 1, 1, 1]",17.15,12.9,20.14,8.65,1002483.2
RDVT,66.43,9,"[1, 1, 1, 1, 0, 1, 1, 1, 1, 1]",57.17,49.85,68.71,34.4,191451.25
KRUS,45.86,2,"[0, 0, 0, 0, 1, 0, 0, 0, 1, 0]",51.37,58.17,95.83,42.67,402610.65
MRLN,3.83,1,"[0, 0, 0, 0, 0, 0, 0, 0, 1, 0]",6.22,9.48,16.09,3.58,1963828.55
BLMN,8.44,9,"[1, 1, 1, 1, 0, 1, 1, 1, 1, 1]",8.12,6.99,10.32,5.26,2150766.45
IRWD,3.91,7,"[1, 0, 1, 0, 1, 1, 1, 0, 1, 1]",3.84,3.56,5.39,0.75,2611398.9
HUYA,2.39,3,"[0, 0, 0, 0, 1, 0, 0, 0, 1, 1]",2.44,2.93,4.6,2.19,541697.9
SLDP,2.36,1,"[0, 0, 0, 0, 0, 0, 0, 0, 1, 0]",2.79,4.1,8.51,2.23,4247154.2
ACRS,5.69,10,"[1, 1, 1, 1, 1, 1, 1, 1, 1, 1]",4.88,3.6,5.71,1.53,2184899.25
HRTG,26.97,8,"[1, 1, 1, 0, 0, 1, 1, 1, 1, 1]",24.15,26.22,31.14,19.02,374013.0
CYRX,16.24,10,"[1, 1, 1, 1, 1, 1, 1, 1, 1, 1]",15.03,10.82,16.57,6.74,810586.2
CTO,22.53,10,"[1, 1, 1, 1, 1, 1, 1, 1, 1, 1]",20.78,18.32,22.53,14.38,418727.35
ASPI,4.26,2,"[0, 0, 0, 1, 0, 0, 0, 0, 1, 0]",6.04,6.46,14.05,3.88,4660651.95
OXM,40.72,9,"[1, 1, 1, 1, 1, 0, 1, 1, 1, 1]",39.0,37.44,48.22,30.22,451621.5
GRPN,26.05,8,"[1, 1, 1, 1, 0, 1, 1, 0, 1, 1]",20.63,16.95,36.89,9.64,1861289.5
ALRS,32.4,10,"[1, 1, 1, 1, 1, 1, 1, 1, 1, 1]",29.47,24.65,32.59,19.74,292105.95
LAES,2.59,1,"[0, 0, 0, 0, 0, 0, 0, 0, 1, 0]",3.08,3.92,7.65,2.09,16547909.05
