ticker,price,score,points,sma50,sma200,wk52_high,wk52_low,volume
TCBI,,1,"[0, 0, 0, 0, 0, 0, 0, 0, 1, 0]",,,107.52,76.77,442950.75
TPC,,1,"[0, 0, 0, 0, 0, 0, 0, 0, 1, 0]",,,99.01,58.56,411665.3
ENVA,,1,"[0, 0, 0, 0, 0, 0, 0, 0, 1, 0]",,,265.45,104.01,268990.4
PLUG,,1,"[0, 0, 0, 0, 0, 0, 0, 0, 1, 0]",,,4.14,1.57,52557012.15
HNGE,,1,"[0, 0, 0, 0, 0, 0, 0, 0, 1, 0]",,,92.85,31.17,1861830.4
WHD,,1,"[0, 0, 0, 0, 0, 0, 0, 0, 1, 0]",,,73.57,33.05,651428.4
PTEN,,1,"[0, 0, 0, 0, 0, 0, 0, 0, 1, 0]",,,13.15,4.96,7950630.5
SMR,,1,"[0, 0, 0, 0, 0, 0, 0, 0, 1, 0]",,,53.43,7.59,36665175.4
CMBT,,1,"[0, 0, 0, 0, 0, 0, 0, 0, 1, 0]",,,19.49,8.53,1147842.3
CNO,,1,"[0, 0, 0, 0, 0, 0, 0, 0, 1, 0]",,,56.56,37.9,882825.85
BETA,,1,"[0, 0, 0, 0, 0, 0, 0, 0, 1, 0]",,,36.8,13.59,2285857.3
CNR,,1,"[0, 0, 0, 0, 0, 0, 0, 0, 1, 0]",,,113.0,74.57,488238.9
BLLN,,1,"[0, 0, 0, 0, 0, 0, 0, 0, 1, 0]",,,149.97,64.03,574075.55
ZETA,,1,"[0, 0, 0, 0, 0, 0, 0, 0, 1, 0]",,,32.68,14.55,6670682.55
NVTS,,1,"[0, 0, 0, 0, 0, 0, 0, 0, 1, 0]",,,31.79,5.89,11779595.9
FHI,,1,"[0, 0, 0, 0, 0, 0, 0, 0, 1, 0]",,,65.39,46.07,546616.9
COLD,,1,"[0, 0, 0, 0, 0, 0, 0, 0, 1, 0]",,,16.25,9.61,3537372.45
LMND,,1,"[0, 0, 0, 0, 0, 0, 0, 0, 1, 0]",,,96.57,47.38,935979.65
AMRX,,1,"[0, 0, 0, 0, 0, 0, 0, 0, 1, 0]",,,19.1,9.6,1565119.2
LPL,,1,"[0, 0, 0, 0, 0, 0, 0, 0, 1, 0]",,,5.76,2.79,2380132.5
TREX,,1,"[0, 0, 0, 0, 0, 0, 0, 0, 1, 0]",,,59.88,30.13,1375576.5
DOO,,1,"[0, 0, 0, 0, 0, 0, 0, 0, 1, 0]",,,81.22,50.79,338271.05
MTRN,,1,"[0, 0, 0, 0, 0, 0, 0, 0, 1, 0]",,,297.21,111.13,271363.75
XMTR,,1,"[0, 0, 0, 0, 0, 0, 0, 0, 1, 0]",,,104.85,36.1,492725.15
NP,,1,"[0, 0, 0, 0, 0, 0, 0, 0, 1, 0]",,,35.11,17.14,397289.35
LASR,,1,"[0, 0, 0, 0, 0, 0, 0, 0, 1, 0]",,,84.95,28.04,1288592.0
CAAP,,1,"[0, 0, 0, 0, 0, 0, 0, 0, 1, 0]",,,29.21,16.83,249326.95
TNL,,1,"[0, 0, 0, 0, 0, 0, 0, 0, 1, 0]",,,78.45,56.68,650289.1
PVH,,1,"[0, 0, 0, 0, 0, 0, 0, 0, 1, 0]",,,98.72,60.81,1087787.75
LBTYA,,1,"[0, 0, 0, 0, 0, 0, 0, 0, 1, 0]",,,13.03,9.69,1972399.1
CRGY,,1,"[0, 0, 0, 0, 0, 0, 0, 0, 1, 0]",,,14.66,7.53,5386436.9
COCO,,1,"[0, 0, 0, 0, 0, 0, 0, 0, 1, 0]",,,84.02,39.01,1124598.9
POWI,,1,"[0, 0, 0, 0, 0, 0, 0, 0, 1, 0]",,,86.99,30.39,795871.75
LEU,,1,"[0, 0, 0, 0, 0, 0, 0, 0, 1, 0]",,,436.0,146.61,662854.35
ANDG,,1,"[0, 0, 0, 0, 0, 0, 0, 0, 1, 0]",,,57.45,18.34,578030.95
KTB,,1,"[0, 0, 0, 0, 0, 0, 0, 0, 1, 0]",,,87.53,56.22,656601.9
MRX,,1,"[0, 0, 0, 0, 0, 0, 0, 0, 1, 0]",,,78.27,27.85,736164.6
ARIS,,1,"[0, 0, 0, 0, 0, 0, 0, 0, 1, 0]",,,22.68,9.09,1420099.8
DLO,,1,"[0, 0, 0, 0, 0, 0, 0, 0, 1, 0]",,,15.78,10.83,2436618.9
GFF,,1,"[0, 0, 0, 0, 0, 0, 0, 0, 1, 0]",,,106.98,66.11,290507.2
TDW,,1,"[0, 0, 0, 0, 0, 0, 0, 0, 1, 0]",,,100.61,47.29,589801.75
OPLN,,1,"[0, 0, 0, 0, 0, 0, 0, 0, 1, 0]",,,42.9,24.49,1296639.0
KAI,,1,"[0, 0, 0, 0, 0, 0, 0, 0, 1, 0]",,,346.52,246.63,159304.1
BBWI,,1,"[0, 0, 0, 0, 0, 0, 0, 0, 1, 0]",,,25.92,14.41,6981787.75
TVTX,,1,"[0, 0, 0, 0, 0, 0, 0, 0, 1, 0]",,,67.52,22.77,1229456.9
LIVN,,1,"[0, 0, 0, 0, 0, 0, 0, 0, 1, 0]",,,85.32,49.57,563545.35
NVST,,1,"[0, 0, 0, 0, 0, 0, 0, 0, 1, 0]",,,30.26,18.95,2189363.55
ACMR,,1,"[0, 0, 0, 0, 0, 0, 0, 0, 1, 0]",,,126.89,29.67,898991.2
UCTT,,1,"[0, 0, 0, 0, 0, 0, 0, 0, 1, 0]",,,142.59,21.65,875082.7
HGV,,1,"[0, 0, 0, 0, 0, 0, 0, 0, 1, 0]",,,54.69,36.99,911470.65
PII,,1,"[0, 0, 0, 0, 0, 0, 0, 0, 1, 0]",,,73.91,46.92,743171.55
SKE,,1,"[0, 0, 0, 0, 0, 0, 0, 0, 1, 0]",,,38.12,15.54,543182.25
EE,,1,"[0, 0, 0, 0, 0, 0, 0, 0, 1, 0]",,,42.6,23.55,385969.95
ORKA,,1,"[0, 0, 0, 0, 0, 0, 0, 0, 1, 0]",,,113.08,14.9,766961.7
RNG,,1,"[0, 0, 0, 0, 0, 0, 0, 0, 1, 0]",,,76.36,24.69,1408227.35
CATY,,1,"[0, 0, 0, 0, 0, 0, 0, 0, 1, 0]",,,64.53,43.96,384367.45
ACAD,,1,"[0, 0, 0, 0, 0, 0, 0, 0, 1, 0]",,,30.57,20.06,1407855.0
DAN,,1,"[0, 0, 0, 0, 0, 0, 0, 0, 1, 0]",,,38.62,17.84,1312625.85
EWTX,,1,"[0, 0, 0, 0, 0, 0, 0, 0, 1, 0]",,,48.35,13.7,1100277.45
TAC,,1,"[0, 0, 0, 0, 0, 0, 0, 0, 1, 0]",,,17.53,11.69,1883852.8
SOUN,,1,"[0, 0, 0, 0, 0, 0, 0, 0, 1, 0]",,,21.4,5.7,24851114.3
JOE,,1,"[0, 0, 0, 0, 0, 0, 0, 0, 1, 0]",,,72.27,46.43,206374.65
HP,,1,"[0, 0, 0, 0, 0, 0, 0, 0, 1, 0]",,,47.64,19.96,1239238.85
INDB,,1,"[0, 0, 0, 0, 0, 0, 0, 0, 1, 0]",,,87.17,62.86,277303.8
FG,,1,"[0, 0, 0, 0, 0, 0, 0, 0, 1, 0]",,,33.99,20.28,576355.75
BB,,1,"[0, 0, 0, 0, 0, 0, 0, 0, 1, 0]",,,12.81,3.15,8937143.85
PPTA,,1,"[0, 0, 0, 0, 0, 0, 0, 0, 1, 0]",,,37.22,16.9,1085723.15
LRN,,1,"[0, 0, 0, 0, 0, 0, 0, 0, 1, 0]",,,153.53,61.02,619638.65
BULL,,1,"[0, 0, 0, 0, 0, 0, 0, 0, 1, 0]",,,15.55,4.63,19000801.8
BELFB,,1,"[0, 0, 0, 0, 0, 0, 0, 0, 1, 0]",,,332.96,134.24,148585.4
WSFS,,1,"[0, 0, 0, 0, 0, 0, 0, 0, 1, 0]",,,82.09,49.8,327585.5
LQDA,,1,"[0, 0, 0, 0, 0, 0, 0, 0, 1, 0]",,,91.03,21.8,1133202.9
ALHC,,1,"[0, 0, 0, 0, 0, 0, 0, 0, 1, 0]",,,24.56,12.61,4244968.35
AAUC,,1,"[0, 0, 0, 0, 0, 0, 0, 0, 1, 0]",,,32.01,14.66,462601.8
CGAU,,1,"[0, 0, 0, 0, 0, 0, 0, 0, 1, 0]",,,24.25,8.97,1472726.15
OII,,1,"[0, 0, 0, 0, 0, 0, 0, 0, 1, 0]",,,54.11,22.2,919157.9
VKTX,,1,"[0, 0, 0, 0, 0, 0, 0, 0, 1, 0]",,,42.13,23.09,1780769.15
CLSK,,1,"[0, 0, 0, 0, 0, 0, 0, 0, 1, 0]",,,23.2,8.18,18314003.1
SII,,1,"[0, 0, 0, 0, 0, 0, 0, 0, 1, 0]",,,165.32,68.98,180727.5
VECO,,1,"[0, 0, 0, 0, 0, 0, 0, 0, 1, 0]",,,83.04,26.11,548303.3
RUM,,1,"[0, 0, 0, 0, 0, 0, 0, 0, 1, 0]",,,10.23,4.67,5220912.35
WRBY,,1,"[0, 0, 0, 0, 0, 0, 0, 0, 1, 0]",,,30.34,16.49,2272374.65
TLX,,1,"[0, 0, 0, 0, 0, 0, 0, 0, 1, 0]",,,12.42,6.41,229887.4
RXO,,1,"[0, 0, 0, 0, 0, 0, 0, 0, 1, 0]",,,29.3,10.48,1446090.2
BTE,,1,"[0, 0, 0, 0, 0, 0, 0, 0, 1, 0]",,,5.3,2.19,14757169.45
LION,,1,"[0, 0, 0, 0, 0, 0, 0, 0, 1, 0]",,,16.4,5.91,2128015.8
TWST,,1,"[0, 0, 0, 0, 0, 0, 0, 0, 1, 0]",,,153.1,25.45,1630674.35
FIBK,,1,"[0, 0, 0, 0, 0, 0, 0, 0, 1, 0]",,,39.73,27.83,888205.95
BFH,,1,"[0, 0, 0, 0, 0, 0, 0, 0, 1, 0]",,,113.15,53.47,441664.4
BHF,,1,"[0, 0, 0, 0, 0, 0, 0, 0, 1, 0]",,,66.61,45.14,1087119.3
SLG,,1,"[0, 0, 0, 0, 0, 0, 0, 0, 1, 0]",,,62.85,34.32,756962.05
HYMC,,1,"[0, 0, 0, 0, 0, 0, 0, 0, 1, 0]",,,55.74,5.77,2013899.75
OGN,,1,"[0, 0, 0, 0, 0, 0, 0, 0, 1, 0]",,,13.78,5.68,3198468.6
SIG,,1,"[0, 0, 0, 0, 0, 0, 0, 0, 1, 0]",,,105.18,73.65,1041121.85
GNW,,1,"[0, 0, 0, 0, 0, 0, 0, 0, 1, 0]",,,10.49,7.94,3139577.3
HWKN,,1,"[0, 0, 0, 0, 0, 0, 0, 0, 1, 0]",,,182.56,117.67,166995.85
CTRI,,1,"[0, 0, 0, 0, 0, 0, 0, 0, 1, 0]",,,41.8,19.37,1372196.95
RUN,,1,"[0, 0, 0, 0, 0, 0, 0, 0, 1, 0]",,,21.41,8.37,7084833.0
ASO,,1,"[0, 0, 0, 0, 0, 0, 0, 0, 1, 0]",,,60.83,41.39,2310114.25
HSAI,,1,"[0, 0, 0, 0, 0, 0, 0, 0, 1, 0]",,,29.8,14.6,1681722.9
ATS,,1,"[0, 0, 0, 0, 0, 0, 0, 0, 1, 0]",,,35.38,18.49,295263.05
CC,,1,"[0, 0, 0, 0, 0, 0, 0, 0, 1, 0]",,,27.68,10.33,1650646.7
BKU,,1,"[0, 0, 0, 0, 0, 0, 0, 0, 1, 0]",,,50.23,34.64,705270.6
TRMD,,1,"[0, 0, 0, 0, 0, 0, 0, 0, 1, 0]",,,35.46,16.82,959219.2
VEON,,1,"[0, 0, 0, 0, 0, 0, 0, 0, 1, 0]",,,69.16,43.57,121839.5
SUNC,,1,"[0, 0, 0, 0, 0, 0, 0, 0, 1, 0]",,,82.38,45.83,530126.1
MANU,,1,"[0, 0, 0, 0, 0, 0, 0, 0, 1, 0]",,,24.19,15.1,348335.05
AAP,,1,"[0, 0, 0, 0, 0, 0, 0, 0, 1, 0]",,,62.91,38.18,2641789.5
AVNT,,1,"[0, 0, 0, 0, 0, 0, 0, 0, 1, 0]",,,46.03,26.64,695673.7
CVI,,1,"[0, 0, 0, 0, 0, 0, 0, 0, 1, 0]",,,49.66,20.59,1078725.7
SA,,1,"[0, 0, 0, 0, 0, 0, 0, 0, 1, 0]",,,39.35,19.11,793426.85
AMBA,,1,"[0, 0, 0, 0, 0, 0, 0, 0, 1, 0]",,,95.51,48.65,1759937.1
APLE,,1,"[0, 0, 0, 0, 0, 0, 0, 0, 1, 0]",,,16.91,10.53,2223342.0
CHEF,,1,"[0, 0, 0, 0, 0, 0, 0, 0, 1, 0]",,,115.52,54.6,651060.0
BEAM,,1,"[0, 0, 0, 0, 0, 0, 0, 0, 1, 0]",,,37.92,20.6,1882311.2
CWK,,1,"[0, 0, 0, 0, 0, 0, 0, 0, 1, 0]",,,17.2,11.8,1729370.35
TNGX,,1,"[0, 0, 0, 0, 0, 0, 0, 0, 1, 0]",,,32.9,6.82,2269723.8
EFXT,,1,"[0, 0, 0, 0, 0, 0, 0, 0, 1, 0]",,,28.32,10.69,664727.1
DAVE,,1,"[0, 0, 0, 0, 0, 0, 0, 0, 1, 0]",,,442.53,155.92,354326.7
FSM,,1,"[0, 0, 0, 0, 0, 0, 0, 0, 1, 0]",,,13.66,7.84,5203878.75
VRNS,,1,"[0, 0, 0, 0, 0, 0, 0, 0, 1, 0]",,,63.31,20.19,1750821.2
NATL,,1,"[0, 0, 0, 0, 0, 0, 0, 0, 1, 0]",,,48.13,34.13,641628.35
ADEA,,1,"[0, 0, 0, 0, 0, 0, 0, 0, 1, 0]",,,33.5,11.62,812660.2
BTDR,,1,"[0, 0, 0, 0, 0, 0, 0, 0, 1, 0]",,,25.9,7.28,13198217.7
BATRK,,1,"[0, 0, 0, 0, 0, 0, 0, 0, 1, 0]",,,53.58,38.04,467392.45
SEZL,,1,"[0, 0, 0, 0, 0, 0, 0, 0, 1, 0]",,,188.55,50.97,444157.35
BBAR,,1,"[0, 0, 0, 0, 0, 0, 0, 0, 1, 0]",,,21.73,7.82,898021.8
PARR,,1,"[0, 0, 0, 0, 0, 0, 0, 0, 1, 0]",,,86.03,33.28,828846.0
VCYT,,1,"[0, 0, 0, 0, 0, 0, 0, 0, 1, 0]",,,60.49,30.01,1232843.25
COLM,,1,"[0, 0, 0, 0, 0, 0, 0, 0, 1, 0]",,,67.45,47.94,658991.75
FFBC,,1,"[0, 0, 0, 0, 0, 0, 0, 0, 1, 0]",,,35.89,22.46,668058.3
FSLY,,1,"[0, 0, 0, 0, 0, 0, 0, 0, 1, 0]",,,33.5,7.86,5108053.7
ZIM,,1,"[0, 0, 0, 0, 0, 0, 0, 0, 1, 0]",,,30.08,12.03,1838433.5
RCUS,,1,"[0, 0, 0, 0, 0, 0, 0, 0, 1, 0]",,,31.57,11.58,1444298.15
CALY,,1,"[0, 0, 0, 0, 0, 0, 0, 0, 1, 0]",,,19.66,8.39,1533012.6
BOH,,1,"[0, 0, 0, 0, 0, 0, 0, 0, 1, 0]",,,85.07,57.61,278136.6
UNFI,,1,"[0, 0, 0, 0, 0, 0, 0, 0, 1, 0]",,,55.52,28.0,610983.15
SXI,,1,"[0, 0, 0, 0, 0, 0, 0, 0, 1, 0]",,,357.31,200.72,115980.65
PLAB,,1,"[0, 0, 0, 0, 0, 0, 0, 0, 1, 0]",,,54.96,20.28,1660017.7
ERAS,,1,"[0, 0, 0, 0, 0, 0, 0, 0, 1, 0]",,,22.47,1.6,3819616.3
EXTR,,1,"[0, 0, 0, 0, 0, 0, 0, 0, 1, 0]",,,33.71,13.74,1343003.4
YETI,,1,"[0, 0, 0, 0, 0, 0, 0, 0, 1, 0]",,,52.68,32.11,1588594.85
CARG,,1,"[0, 0, 0, 0, 0, 0, 0, 0, 1, 0]",,,39.03,26.96,803861.1
MPT,,1,"[0, 0, 0, 0, 0, 0, 0, 0, 1, 0]",,,5.66,3.64,8332218.7
DNLI,,1,"[0, 0, 0, 0, 0, 0, 0, 0, 1, 0]",,,27.21,12.75,1167115.2
BKD,,1,"[0, 0, 0, 0, 0, 0, 0, 0, 1, 0]",,,16.77,7.36,4269165.4
CON,,1,"[0, 0, 0, 0, 0, 0, 0, 0, 1, 0]",,,35.47,18.52,702936.15
ETOR,,1,"[0, 0, 0, 0, 0, 0, 0, 0, 1, 0]",,,45.02,24.76,1204618.85
LXP,,1,"[0, 0, 0, 0, 0, 0, 0, 0, 1, 0]",,,61.15,42.24,710331.0
MSGE,,1,"[0, 0, 0, 0, 0, 0, 0, 0, 1, 0]",,,88.42,41.77,307637.45
BWLP,,1,"[0, 0, 0, 0, 0, 0, 0, 0, 1, 0]",,,25.13,10.74,484175.55
KYIV,,1,"[0, 0, 0, 0, 0, 0, 0, 0, 1, 0]",,,16.17,9.33,376188.4
BHE,,1,"[0, 0, 0, 0, 0, 0, 0, 0, 1, 0]",,,98.67,35.65,336749.85
CAKE,,1,"[0, 0, 0, 0, 0, 0, 0, 0, 1, 0]",,,117.29,42.61,1529991.4
HG,,1,"[0, 0, 0, 0, 0, 0, 0, 0, 1, 0]",,,37.28,21.72,327477.55
DHT,,1,"[0, 0, 0, 0, 0, 0, 0, 0, 1, 0]",,,22.0,9.88,3498893.15
AEHR,,1,"[0, 0, 0, 0, 0, 0, 0, 0, 1, 0]",,,145.61,19.4,2833544.0
OLN,,1,"[0, 0, 0, 0, 0, 0, 0, 0, 1, 0]",,,29.59,16.97,2645571.45
SBLK,,1,"[0, 0, 0, 0, 0, 0, 0, 0, 1, 0]",,,32.42,15.65,1650343.85
VC,,1,"[0, 0, 0, 0, 0, 0, 0, 0, 1, 0]",,,125.67,83.87,373163.65
TTAM,,1,"[0, 0, 0, 0, 0, 0, 0, 0, 1, 0]",,,19.32,14.13,240363.3
BKV,,1,"[0, 0, 0, 0, 0, 0, 0, 0, 1, 0]",,,32.16,20.24,2241876.2
HIMX,,1,"[0, 0, 0, 0, 0, 0, 0, 0, 1, 0]",,,23.77,6.81,885717.45
BANC,,1,"[0, 0, 0, 0, 0, 0, 0, 0, 1, 0]",,,21.83,15.28,2140243.8
SBCF,,1,"[0, 0, 0, 0, 0, 0, 0, 0, 1, 0]",,,36.13,28.28,764430.75
KN,,1,"[0, 0, 0, 0, 0, 0, 0, 0, 1, 0]",,,42.8,20.67,752991.25
ALMS,,1,"[0, 0, 0, 0, 0, 0, 0, 0, 1, 0]",,,30.3,3.95,3943788.75
SDRL,,1,"[0, 0, 0, 0, 0, 0, 0, 0, 1, 0]",,,54.8,28.4,546018.05
CRVL,,1,"[0, 0, 0, 0, 0, 0, 0, 0, 1, 0]",,,82.97,46.0,185283.6
ITGR,,1,"[0, 0, 0, 0, 0, 0, 0, 0, 1, 0]",,,126.5,63.32,741342.95
SUPN,,1,"[0, 0, 0, 0, 0, 0, 0, 0, 1, 0]",,,57.0,41.64,573022.9
XXI,,1,"[0, 0, 0, 0, 0, 0, 0, 0, 1, 0]",,,24.61,4.27,1703323.6
LFST,,1,"[0, 0, 0, 0, 0, 0, 0, 0, 1, 0]",,,13.0,4.81,4160970.8
TDC,,1,"[0, 0, 0, 0, 0, 0, 0, 0, 1, 0]",,,37.88,20.42,1920455.45
NMRK,,1,"[0, 0, 0, 0, 0, 0, 0, 0, 1, 0]",,,19.35,13.72,1455434.55
ERO,,1,"[0, 0, 0, 0, 0, 0, 0, 0, 1, 0]",,,40.4,16.71,1635103.4
JOYY,,1,"[0, 0, 0, 0, 0, 0, 0, 0, 1, 0]",,,77.26,51.63,382260.7
EXK,,1,"[0, 0, 0, 0, 0, 0, 0, 0, 1, 0]",,,14.12,6.18,9512605.65
SHOO,,1,"[0, 0, 0, 0, 0, 0, 0, 0, 1, 0]",,,48.82,30.73,956352.25
PHIN,,1,"[0, 0, 0, 0, 0, 0, 0, 0, 1, 0]",,,84.79,50.56,289563.0
ARX,,1,"[0, 0, 0, 0, 0, 0, 0, 0, 1, 0]",,,19.88,9.36,2524169.6
KALU,,1,"[0, 0, 0, 0, 0, 0, 0, 0, 1, 0]",,,194.8,72.24,222667.1
DBRG,,1,"[0, 0, 0, 0, 0, 0, 0, 0, 1, 0]",,,15.98,9.15,4150889.45
PAGS,,1,"[0, 0, 0, 0, 0, 0, 0, 0, 1, 0]",,,11.72,8.44,2719616.35
CECO,,1,"[0, 0, 0, 0, 0, 0, 0, 0, 1, 0]",,,99.67,47.44,685250.2
WT,,1,"[0, 0, 0, 0, 0, 0, 0, 0, 1, 0]",,,25.04,10.68,2420274.6
PFS,,1,"[0, 0, 0, 0, 0, 0, 0, 0, 1, 0]",,,25.04,17.11,725025.85
TRN,,1,"[0, 0, 0, 0, 0, 0, 0, 0, 1, 0]",,,38.07,24.19,517567.35
DYN,,1,"[0, 0, 0, 0, 0, 0, 0, 0, 1, 0]",,,26.78,12.37,2900834.7
GEO,,1,"[0, 0, 0, 0, 0, 0, 0, 0, 1, 0]",,,32.77,13.26,2165697.5
LCII,,1,"[0, 0, 0, 0, 0, 0, 0, 0, 1, 0]",,,152.4,81.4,276403.25
TNK,,1,"[0, 0, 0, 0, 0, 0, 0, 0, 1, 0]",,,100.83,47.72,555369.65
BTU,,1,"[0, 0, 0, 0, 0, 0, 0, 0, 1, 0]",,,39.25,19.82,2158717.3
NTCT,,1,"[0, 0, 0, 0, 0, 0, 0, 0, 1, 0]",,,44.84,25.21,602691.55
DK,,1,"[0, 0, 0, 0, 0, 0, 0, 0, 1, 0]",,,76.1,26.26,1909420.0
PTRN,,1,"[0, 0, 0, 0, 0, 0, 0, 0, 1, 0]",,,29.4,9.59,1361514.15
GRND,,1,"[0, 0, 0, 0, 0, 0, 0, 0, 1, 0]",,,17.94,9.85,1163387.55
TXG,,1,"[0, 0, 0, 0, 0, 0, 0, 0, 1, 0]",,,68.59,11.34,2694285.9
CLMT,,1,"[0, 0, 0, 0, 0, 0, 0, 0, 1, 0]",,,56.8,17.51,1156065.05
AEO,,1,"[0, 0, 0, 0, 0, 0, 0, 0, 1, 0]",,,27.66,14.04,7304693.7
INOD,,1,"[0, 0, 0, 0, 0, 0, 0, 0, 1, 0]",,,121.5,34.45,951452.85
GPCR,,1,"[0, 0, 0, 0, 0, 0, 0, 0, 1, 0]",,,93.79,20.2,936353.3
IHS,,1,"[0, 0, 0, 0, 0, 0, 0, 0, 1, 0]",,,8.73,6.24,1302010.65
AYA,,1,"[0, 0, 0, 0, 0, 0, 0, 0, 1, 0]",,,29.89,9.25,1189085.05
SPNT,,1,"[0, 0, 0, 0, 0, 0, 0, 0, 1, 0]",,,26.31,17.48,618560.55
KMT,,1,"[0, 0, 0, 0, 0, 0, 0, 0, 1, 0]",,,42.76,19.96,1515145.8
STUB,,1,"[0, 0, 0, 0, 0, 0, 0, 0, 1, 0]",,,22.0,5.95,6161748.2
FA,,1,"[0, 0, 0, 0, 0, 0, 0, 0, 1, 0]",,,24.12,8.95,1401836.85
NKTR,,1,"[0, 0, 0, 0, 0, 0, 0, 0, 1, 0]",,,100.35,35.12,603392.75
EOSE,,1,"[0, 0, 0, 0, 0, 0, 0, 0, 1, 0]",,,19.19,3.04,25890131.05
UAA,,1,"[0, 0, 0, 0, 0, 0, 0, 0, 1, 0]",,,8.14,4.17,7436613.8
UA,,1,"[0, 0, 0, 0, 0, 0, 0, 0, 1, 0]",,,7.88,3.96,2276312.75
DBD,,1,"[0, 0, 0, 0, 0, 0, 0, 0, 1, 0]",,,90.75,54.9,239257.55
BKE,,1,"[0, 0, 0, 0, 0, 0, 0, 0, 1, 0]",,,56.51,40.29,468407.25
UNIT,,1,"[0, 0, 0, 0, 0, 0, 0, 0, 1, 0]",,,12.75,5.36,1801020.15
ARCB,,1,"[0, 0, 0, 0, 0, 0, 0, 0, 1, 0]",,,173.07,59.44,226234.2
NN,,1,"[0, 0, 0, 0, 0, 0, 0, 0, 1, 0]",,,23.59,11.37,2246088.65
HOG,,1,"[0, 0, 0, 0, 0, 0, 0, 0, 1, 0]",,,29.28,17.06,1671224.55
ATRO,,1,"[0, 0, 0, 0, 0, 0, 0, 0, 1, 0]",,,93.45,31.92,555277.3
CLDX,,1,"[0, 0, 0, 0, 0, 0, 0, 0, 1, 0]",,,44.87,22.58,709918.3
VAC,,1,"[0, 0, 0, 0, 0, 0, 0, 0, 1, 0]",,,124.75,43.9,500969.95
ARQT,,1,"[0, 0, 0, 0, 0, 0, 0, 0, 1, 0]",,,31.2,16.73,1908951.05
GRAL,,1,"[0, 0, 0, 0, 0, 0, 0, 0, 1, 0]",,,116.06,38.32,654447.9
VISN,,1,"[0, 0, 0, 0, 0, 0, 0, 0, 1, 0]",,,7.34,4.16,9451001.2
TARS,,1,"[0, 0, 0, 0, 0, 0, 0, 0, 1, 0]",,,90.78,49.59,779365.05
NGVT,,1,"[0, 0, 0, 0, 0, 0, 0, 0, 1, 0]",,,77.87,46.2,227593.55
AMSC,,1,"[0, 0, 0, 0, 0, 0, 0, 0, 1, 0]",,,66.68,25.95,649185.35
WAFD,,1,"[0, 0, 0, 0, 0, 0, 0, 0, 1, 0]",,,39.03,26.96,767574.15
HUN,,1,"[0, 0, 0, 0, 0, 0, 0, 0, 1, 0]",,,15.89,7.27,2082832.95
HUBG,,1,"[0, 0, 0, 0, 0, 0, 0, 0, 1, 0]",,,52.19,32.8,1182593.7
TRMK,,1,"[0, 0, 0, 0, 0, 0, 0, 0, 1, 0]",,,48.26,35.85,313820.1
IRON,,1,"[0, 0, 0, 0, 0, 0, 0, 0, 1, 0]",,,94.11,55.95,484773.1
CUBI,,1,"[0, 0, 0, 0, 0, 0, 0, 0, 1, 0]",,,83.65,60.52,226848.3
VERA,,1,"[0, 0, 0, 0, 0, 0, 0, 0, 1, 0]",,,55.67,24.1,1929672.65
ICHR,,1,"[0, 0, 0, 0, 0, 0, 0, 0, 1, 0]",,,112.28,14.25,643755.4
RARE,,1,"[0, 0, 0, 0, 0, 0, 0, 0, 1, 0]",,,36.54,14.3,4744294.25
KOD,,1,"[0, 0, 0, 0, 0, 0, 0, 0, 1, 0]",,,46.44,9.21,588530.15
SAH,,1,"[0, 0, 0, 0, 0, 0, 0, 0, 1, 0]",,,112.66,57.63,215752.05
DRD,,1,"[0, 0, 0, 0, 0, 0, 0, 0, 1, 0]",,,37.75,19.12,325334.95
HE,,1,"[0, 0, 0, 0, 0, 0, 0, 0, 1, 0]",,,17.08,10.33,2457299.85
IMNM,,1,"[0, 0, 0, 0, 0, 0, 0, 0, 1, 0]",,,29.83,8.99,1019524.95
FRSH,,1,"[0, 0, 0, 0, 0, 0, 0, 0, 1, 0]",,,13.92,6.88,4533902.45
NSIT,,1,"[0, 0, 0, 0, 0, 0, 0, 0, 1, 0]",,,165.37,64.43,247715.7
HTFL,,1,"[0, 0, 0, 0, 0, 0, 0, 0, 1, 0]",,,50.43,20.49,2177046.3
OSW,,1,"[0, 0, 0, 0, 0, 0, 0, 0, 1, 0]",,,28.63,19.25,1014538.1
SEDG,,1,"[0, 0, 0, 0, 0, 0, 0, 0, 1, 0]",,,78.51,28.47,3328934.4
ROG,,1,"[0, 0, 0, 0, 0, 0, 0, 0, 1, 0]",,,167.09,75.56,180523.55
ATKR,,1,"[0, 0, 0, 0, 0, 0, 0, 0, 1, 0]",,,94.21,54.86,664832.3
TALO,,1,"[0, 0, 0, 0, 0, 0, 0, 0, 1, 0]",,,17.75,8.93,1721441.8
IDYA,,1,"[0, 0, 0, 0, 0, 0, 0, 0, 1, 0]",,,42.48,24.44,720421.95
ELVN,,1,"[0, 0, 0, 0, 0, 0, 0, 0, 1, 0]",,,61.15,15.14,877942.95
DGII,,1,"[0, 0, 0, 0, 0, 0, 0, 0, 1, 0]",,,85.24,35.37,361622.3
LWLG,,1,"[0, 0, 0, 0, 0, 0, 0, 0, 1, 0]",,,18.22,2.97,2470926.8
TMC,,1,"[0, 0, 0, 0, 0, 0, 0, 0, 1, 0]",,,10.69,3.45,6972979.7
LMAT,,1,"[0, 0, 0, 0, 0, 0, 0, 0, 1, 0]",,,116.75,78.76,297780.2
MTX,,1,"[0, 0, 0, 0, 0, 0, 0, 0, 1, 0]",,,82.57,54.7,171589.35
BRZE,,1,"[0, 0, 0, 0, 0, 0, 0, 0, 1, 0]",,,36.19,15.79,3359250.2
AAMI,,1,"[0, 0, 0, 0, 0, 0, 0, 0, 1, 0]",,,97.2,41.74,360966.5
RLAY,,1,"[0, 0, 0, 0, 0, 0, 0, 0, 1, 0]",,,20.75,4.06,2915731.7
MLYS,,1,"[0, 0, 0, 0, 0, 0, 0, 0, 1, 0]",,,47.33,22.5,1110576.55
FBNC,,1,"[0, 0, 0, 0, 0, 0, 0, 0, 1, 0]",,,66.34,45.74,166715.0
ANDE,,1,"[0, 0, 0, 0, 0, 0, 0, 0, 1, 0]",,,80.87,37.83,398505.3
VNET,,1,"[0, 0, 0, 0, 0, 0, 0, 0, 1, 0]",,,14.03,6.06,5107750.0
HTO,,1,"[0, 0, 0, 0, 0, 0, 0, 0, 1, 0]",,,64.97,43.43,362785.7
DXPE,,1,"[0, 0, 0, 0, 0, 0, 0, 0, 1, 0]",,,200.84,85.53,105888.15
PTON,,1,"[0, 0, 0, 0, 0, 0, 0, 0, 1, 0]",,,9.0,3.71,7895248.8
SGML,,1,"[0, 0, 0, 0, 0, 0, 0, 0, 1, 0]",,,23.65,4.68,1715263.45
TENB,,1,"[0, 0, 0, 0, 0, 0, 0, 0, 1, 0]",,,42.65,16.04,5250637.1
DFTX,,1,"[0, 0, 0, 0, 0, 0, 0, 0, 1, 0]",,,48.45,9.04,1921816.9
VERX,,1,"[0, 0, 0, 0, 0, 0, 0, 0, 1, 0]",,,25.94,10.58,1375299.85
PLUS,,1,"[0, 0, 0, 0, 0, 0, 0, 0, 1, 0]",,,96.75,68.77,184546.75
AERO,,1,"[0, 0, 0, 0, 0, 0, 0, 0, 1, 0]",,,22.91,12.36,353160.7
AMPX,,1,"[0, 0, 0, 0, 0, 0, 0, 0, 1, 0]",,,22.91,7.83,4451077.7
AMR,,1,"[0, 0, 0, 0, 0, 0, 0, 0, 1, 0]",,,249.65,137.16,369730.75
COHU,,1,"[0, 0, 0, 0, 0, 0, 0, 0, 1, 0]",,,73.91,18.74,950146.5
AESI,,1,"[0, 0, 0, 0, 0, 0, 0, 0, 1, 0]",,,19.75,8.1,3073589.4
NESR,,1,"[0, 0, 0, 0, 0, 0, 0, 0, 1, 0]",,,36.31,10.03,1677680.1
WTTR,,1,"[0, 0, 0, 0, 0, 0, 0, 0, 1, 0]",,,22.18,8.88,1288822.05
CDNL,,1,"[0, 0, 0, 0, 0, 0, 0, 0, 1, 0]",,,94.31,22.03,561874.35
ACHC,,1,"[0, 0, 0, 0, 0, 0, 0, 0, 1, 0]",,,35.61,11.68,1521471.7
MNR,,1,"[0, 0, 0, 0, 0, 0, 0, 0, 1, 0]",,,13.87,9.65,356063.8
GRDN,,1,"[0, 0, 0, 0, 0, 0, 0, 0, 1, 0]",,,43.83,23.41,467693.15
CEPU,,1,"[0, 0, 0, 0, 0, 0, 0, 0, 1, 0]",,,17.95,7.68,210005.3
PRDO,,1,"[0, 0, 0, 0, 0, 0, 0, 0, 1, 0]",,,37.58,26.88,528673.6
HLIO,,1,"[0, 0, 0, 0, 0, 0, 0, 0, 1, 0]",,,92.74,46.89,288213.9
WOLF,,1,"[0, 0, 0, 0, 0, 0, 0, 0, 1, 0]",,,73.5,14.8,3458518.65
NTB,,1,"[0, 0, 0, 0, 0, 0, 0, 0, 1, 0]",,,63.91,39.94,168629.25
FUN,,1,"[0, 0, 0, 0, 0, 0, 0, 0, 1, 0]",,,26.74,12.83,1860554.45
BLBD,,1,"[0, 0, 0, 0, 0, 0, 0, 0, 1, 0]",,,81.5,46.59,535709.45
KEEL,,1,"[0, 0, 0, 0, 0, 0, 0, 0, 1, 0]",,,6.66,1.71,38058944.3
PENG,,1,"[0, 0, 0, 0, 0, 0, 0, 0, 1, 0]",,,81.39,16.24,1465600.3
AXGN,,1,"[0, 0, 0, 0, 0, 0, 0, 0, 1, 0]",,,51.73,15.59,1160610.6
PENN,,1,"[0, 0, 0, 0, 0, 0, 0, 0, 1, 0]",,,22.06,11.76,2558530.05
CMPR,,1,"[0, 0, 0, 0, 0, 0, 0, 0, 1, 0]",,,105.31,57.59,192204.45
FLOC,,1,"[0, 0, 0, 0, 0, 0, 0, 0, 1, 0]",,,27.81,13.94,530101.85
DRH,,1,"[0, 0, 0, 0, 0, 0, 0, 0, 1, 0]",,,13.38,7.28,2522076.1
XIFR,,1,"[0, 0, 0, 0, 0, 0, 0, 0, 1, 0]",,,12.88,8.83,695868.0
ADPT,,1,"[0, 0, 0, 0, 0, 0, 0, 0, 1, 0]",,,26.44,12.41,1689102.0
HTH,,1,"[0, 0, 0, 0, 0, 0, 0, 0, 1, 0]",,,39.79,30.38,228524.45
CTOS,,1,"[0, 0, 0, 0, 0, 0, 0, 0, 1, 0]",,,11.97,5.34,902952.05
DRVN,,1,"[0, 0, 0, 0, 0, 0, 0, 0, 1, 0]",,,17.85,10.3,1090824.5
RDW,,1,"[0, 0, 0, 0, 0, 0, 0, 0, 1, 0]",,,25.9,5.06,11642035.1
VVX,,1,"[0, 0, 0, 0, 0, 0, 0, 0, 1, 0]",,,90.81,52.16,507800.6
BCRX,,1,"[0, 0, 0, 0, 0, 0, 0, 0, 1, 0]",,,11.11,6.24,3429038.2
TIC,,1,"[0, 0, 0, 0, 0, 0, 0, 0, 1, 0]",,,14.49,6.54,1382211.25
WERN,,1,"[0, 0, 0, 0, 0, 0, 0, 0, 1, 0]",,,47.29,22.87,807684.65
CENTA,,1,"[0, 0, 0, 0, 0, 0, 0, 0, 1, 0]",,,40.6,26.27,304811.15
QUBT,,1,"[0, 0, 0, 0, 0, 0, 0, 0, 1, 0]",,,24.62,6.31,6755685.95
ECO,,1,"[0, 0, 0, 0, 0, 0, 0, 0, 1, 0]",,,76.15,24.17,538406.95
BHC,,1,"[0, 0, 0, 0, 0, 0, 0, 0, 1, 0]",,,7.9,4.43,2848354.4
NMM,,1,"[0, 0, 0, 0, 0, 0, 0, 0, 1, 0]",,,92.35,43.39,185474.6
MBIN,,1,"[0, 0, 0, 0, 0, 0, 0, 0, 1, 0]",,,55.72,30.19,162619.35
FLYW,,1,"[0, 0, 0, 0, 0, 0, 0, 0, 1, 0]",,,19.54,10.64,1363888.45
PBI,,1,"[0, 0, 0, 0, 0, 0, 0, 0, 1, 0]",,,18.4,8.84,1436392.6
WLY,,1,"[0, 0, 0, 0, 0, 0, 0, 0, 1, 0]",,,55.72,28.33,548651.15
CMRE,,1,"[0, 0, 0, 0, 0, 0, 0, 0, 1, 0]",,,17.64,10.71,369070.45
SLDE,,1,"[0, 0, 0, 0, 0, 0, 0, 0, 1, 0]",,,24.84,12.7,1142065.85
OCUL,,1,"[0, 0, 0, 0, 0, 0, 0, 0, 1, 0]",,,16.11,6.88,2722292.3
ESTA,,1,"[0, 0, 0, 0, 0, 0, 0, 0, 1, 0]",,,95.65,36.84,362874.2
SRPT,,1,"[0, 0, 0, 0, 0, 0, 0, 0, 1, 0]",,,24.45,14.86,3114418.9
NVCR,,1,"[0, 0, 0, 0, 0, 0, 0, 0, 1, 0]",,,19.99,10.03,1262044.3
DEI,,1,"[0, 0, 0, 0, 0, 0, 0, 0, 1, 0]",,,15.5,8.85,1361073.3
EZPW,,1,"[0, 0, 0, 0, 0, 0, 0, 0, 1, 0]",,,35.59,17.07,919947.7
PDFS,,1,"[0, 0, 0, 0, 0, 0, 0, 0, 1, 0]",,,70.79,19.65,636160.55
TRVI,,1,"[0, 0, 0, 0, 0, 0, 0, 0, 1, 0]",,,19.5,7.96,1399173.65
DCO,,1,"[0, 0, 0, 0, 0, 0, 0, 0, 1, 0]",,,206.98,86.41,201307.4
WS,,1,"[0, 0, 0, 0, 0, 0, 0, 0, 1, 0]",,,48.27,28.0,259450.9
STOK,,1,"[0, 0, 0, 0, 0, 0, 0, 0, 1, 0]",,,38.35,22.37,795872.5
DHC,,1,"[0, 0, 0, 0, 0, 0, 0, 0, 1, 0]",,,9.64,4.02,1327966.25
TYRA,,1,"[0, 0, 0, 0, 0, 0, 0, 0, 1, 0]",,,39.61,12.15,1032900.6
CLBK,,1,"[0, 0, 0, 0, 0, 0, 0, 0, 1, 0]",,,11.82,6.21,3217737.3
MGNI,,1,"[0, 0, 0, 0, 0, 0, 0, 0, 1, 0]",,,25.92,11.2,2122299.05
NGL,,1,"[0, 0, 0, 0, 0, 0, 0, 0, 1, 0]",,,18.97,5.75,221424.1
NTST,,1,"[0, 0, 0, 0, 0, 0, 0, 0, 1, 0]",,,22.01,16.58,1766539.05
ANAB,,1,"[0, 0, 0, 0, 0, 0, 0, 0, 1, 0]",,,69.81,12.93,445597.05
PSNY,,1,"[0, 0, 0, 0, 0, 0, 0, 0, 1, 0]",,,30.0,7.72,298335.85
NEXT,,1,"[0, 0, 0, 0, 0, 0, 0, 0, 1, 0]",,,9.12,4.8,2352478.8
BBAI,,1,"[0, 0, 0, 0, 0, 0, 0, 0, 1, 0]",,,8.91,2.59,16364038.55
ATEN,,1,"[0, 0, 0, 0, 0, 0, 0, 0, 1, 0]",,,38.03,16.43,1198345.9
GTY,,1,"[0, 0, 0, 0, 0, 0, 0, 0, 1, 0]",,,36.61,24.43,586073.0
OMCL,,1,"[0, 0, 0, 0, 0, 0, 0, 0, 1, 0]",,,51.39,29.46,656017.0
SION,,1,"[0, 0, 0, 0, 0, 0, 0, 0, 1, 0]",,,51.04,4.5,1433141.35
SOC,,1,"[0, 0, 0, 0, 0, 0, 0, 0, 1, 0]",,,24.49,3.08,8875380.9
BW,,1,"[0, 0, 0, 0, 0, 0, 0, 0, 1, 0]",,,21.85,2.74,4612041.1
BSTZ,30.44,9,"[1, 1, 1, 1, 1, 1, 1, 1, 1, 0]",29.68,25.33,31.71,19.48,145170.0
NEOG,,1,"[0, 0, 0, 0, 0, 0, 0, 0, 1, 0]",,,12.15,5.27,1877821.5
UTI,,1,"[0, 0, 0, 0, 0, 0, 0, 0, 1, 0]",,,51.2,20.31,1677768.85
INBX,,1,"[0, 0, 0, 0, 0, 0, 0, 0, 1, 0]",,,141.84,26.53,374043.9
AUPH,,1,"[0, 0, 0, 0, 0, 0, 0, 0, 1, 0]",,,18.62,11.05,929531.1
TSHA,,1,"[0, 0, 0, 0, 0, 0, 0, 0, 1, 0]",,,6.98,2.83,2373625.35
GNL,,1,"[0, 0, 0, 0, 0, 0, 0, 0, 1, 0]",,,9.56,7.09,1751075.95
MBX,,1,"[0, 0, 0, 0, 0, 0, 0, 0, 1, 0]",,,70.7,9.74,379193.45
ASTH,,1,"[0, 0, 0, 0, 0, 0, 0, 0, 1, 0]",,,49.81,18.16,312673.2
LAC,,1,"[0, 0, 0, 0, 0, 0, 0, 0, 1, 0]",,,10.05,2.71,9927303.1
IMAX,,1,"[0, 0, 0, 0, 0, 0, 0, 0, 1, 0]",,,54.79,31.09,964937.9
FIGS,,1,"[0, 0, 0, 0, 0, 0, 0, 0, 1, 0]",,,17.12,6.57,2490880.0
MD,,1,"[0, 0, 0, 0, 0, 0, 0, 0, 1, 0]",,,27.39,15.8,721660.55
NWL,,1,"[0, 0, 0, 0, 0, 0, 0, 0, 1, 0]",,,6.34,2.91,6664762.25
PHVS,,1,"[0, 0, 0, 0, 0, 0, 0, 0, 1, 0]",,,38.02,20.96,1011765.6
PUMP,,1,"[0, 0, 0, 0, 0, 0, 0, 0, 1, 0]",,,18.2,4.7,3078120.8
RAMP,,1,"[0, 0, 0, 0, 0, 0, 0, 0, 1, 0]",,,38.01,22.42,1089459.35
LAR,,1,"[0, 0, 0, 0, 0, 0, 0, 0, 1, 0]",,,11.79,3.2,1999265.45
PRKS,,1,"[0, 0, 0, 0, 0, 0, 0, 0, 1, 0]",,,55.21,29.73,570953.95
SNDX,,1,"[0, 0, 0, 0, 0, 0, 0, 0, 1, 0]",,,25.15,13.11,1278831.75
JBLU,,1,"[0, 0, 0, 0, 0, 0, 0, 0, 1, 0]",,,6.46,4.03,21173566.8
ARCO,,1,"[0, 0, 0, 0, 0, 0, 0, 0, 1, 0]",,,9.42,6.47,1005334.4
NEXA,,1,"[0, 0, 0, 0, 0, 0, 0, 0, 1, 0]",,,16.55,4.85,828400.0
AGRO,,1,"[0, 0, 0, 0, 0, 0, 0, 0, 1, 0]",,,15.18,7.07,967552.55
HTZ,,1,"[0, 0, 0, 0, 0, 0, 0, 0, 1, 0]",,,7.81,1.51,17133256.2
SPB,,1,"[0, 0, 0, 0, 0, 0, 0, 0, 1, 0]",,,90.49,49.07,311149.6
BLX,,1,"[0, 0, 0, 0, 0, 0, 0, 0, 1, 0]",,,62.03,40.13,166700.65
MESO,,1,"[0, 0, 0, 0, 0, 0, 0, 0, 1, 0]",,,20.96,13.19,206335.4
LIFE,,1,"[0, 0, 0, 0, 0, 0, 0, 0, 1, 0]",,,42.02,9.85,1333438.85
OCS,,1,"[0, 0, 0, 0, 0, 0, 0, 0, 1, 0]",,,32.65,10.56,162539.1
ANIP,,1,"[0, 0, 0, 0, 0, 0, 0, 0, 1, 0]",,,98.81,70.19,346842.45
PGNY,,1,"[0, 0, 0, 0, 0, 0, 0, 0, 1, 0]",,,32.36,16.3,1033411.0
INVX,,1,"[0, 0, 0, 0, 0, 0, 0, 0, 1, 0]",,,31.63,16.63,727324.8
CASH,,1,"[0, 0, 0, 0, 0, 0, 0, 0, 1, 0]",,,99.81,66.3,221390.6
RAPP,,1,"[0, 0, 0, 0, 0, 0, 0, 0, 1, 0]",,,52.5,24.37,285626.2
SNDA,,1,"[0, 0, 0, 0, 0, 0, 0, 0, 1, 0]",,,43.07,25.53,486441.1
TPB,,1,"[0, 0, 0, 0, 0, 0, 0, 0, 1, 0]",,,142.7,70.52,245130.4
VET,,1,"[0, 0, 0, 0, 0, 0, 0, 0, 1, 0]",,,14.29,7.09,1365265.0
BORR,,1,"[0, 0, 0, 0, 0, 0, 0, 0, 1, 0]",,,6.61,2.44,5111991.35
ECPG,,1,"[0, 0, 0, 0, 0, 0, 0, 0, 1, 0]",,,103.74,40.53,373004.2
SONO,,1,"[0, 0, 0, 0, 0, 0, 0, 0, 1, 0]",,,19.16,12.7,1474621.05
WBTN,,1,"[0, 0, 0, 0, 0, 0, 0, 0, 1, 0]",,,21.31,8.25,463194.95
ADNT,,1,"[0, 0, 0, 0, 0, 0, 0, 0, 1, 0]",,,27.09,17.8,799982.35
BOBS,,1,"[0, 0, 0, 0, 0, 0, 0, 0, 1, 0]",,,22.53,9.85,569622.2
UFPT,,1,"[0, 0, 0, 0, 0, 0, 0, 0, 1, 0]",,,334.84,185.28,117484.75
CLVT,,1,"[0, 0, 0, 0, 0, 0, 0, 0, 1, 0]",,,4.19,1.68,4055233.65
AIN,,1,"[0, 0, 0, 0, 0, 0, 0, 0, 1, 0]",,,75.9,40.6,270092.7
CTS,,1,"[0, 0, 0, 0, 0, 0, 0, 0, 1, 0]",,,68.27,36.39,163327.95
VOYG,,1,"[0, 0, 0, 0, 0, 0, 0, 0, 1, 0]",,,51.77,17.99,1180796.75
ZYME,,1,"[0, 0, 0, 0, 0, 0, 0, 0, 1, 0]",,,31.05,15.84,742413.65
CAPR,,1,"[0, 0, 0, 0, 0, 0, 0, 0, 1, 0]",,,35.34,3.85,7788848.0
PSIX,,1,"[0, 0, 0, 0, 0, 0, 0, 0, 1, 0]",,,115.78,25.44,311825.45
LOB,,1,"[0, 0, 0, 0, 0, 0, 0, 0, 1, 0]",,,43.73,29.31,199696.55
XPRO,,1,"[0, 0, 0, 0, 0, 0, 0, 0, 1, 0]",,,18.96,11.87,781339.25
PVLA,,1,"[0, 0, 0, 0, 0, 0, 0, 0, 1, 0]",,,157.77,54.51,192578.2
FLNG,,1,"[0, 0, 0, 0, 0, 0, 0, 0, 1, 0]",,,31.71,21.92,448224.55
SFL,,1,"[0, 0, 0, 0, 0, 0, 0, 0, 1, 0]",,,13.18,6.47,1371617.85
CYD,,1,"[0, 0, 0, 0, 0, 0, 0, 0, 1, 0]",,,58.55,31.69,126418.35
TILE,,1,"[0, 0, 0, 0, 0, 0, 0, 0, 1, 0]",,,39.29,24.38,488633.05
PCT,,1,"[0, 0, 0, 0, 0, 0, 0, 0, 1, 0]",,,15.13,5.06,3182484.1
LPG,,1,"[0, 0, 0, 0, 0, 0, 0, 0, 1, 0]",,,55.2,22.34,551366.0
TE,,1,"[0, 0, 0, 0, 0, 0, 0, 0, 1, 0]",,,12.04,1.75,19854155.4
WLTH,,1,"[0, 0, 0, 0, 0, 0, 0, 0, 1, 0]",,,13.95,7.2,2189534.1
VRDN,,1,"[0, 0, 0, 0, 0, 0, 0, 0, 1, 0]",,,33.78,13.3,1225622.95
NRIX,,1,"[0, 0, 0, 0, 0, 0, 0, 0, 1, 0]",,,27.79,8.24,1231032.35
QURE,,1,"[0, 0, 0, 0, 0, 0, 0, 0, 1, 0]",,,70.59,9.03,1143115.8
DV,,1,"[0, 0, 0, 0, 0, 0, 0, 0, 1, 0]",,,13.41,8.61,3424730.6
FIVN,,1,"[0, 0, 0, 0, 0, 0, 0, 0, 1, 0]",,,34.57,13.61,1537210.6
INVA,,1,"[0, 0, 0, 0, 0, 0, 0, 0, 1, 0]",,,24.24,16.67,648405.5
OPRA,,1,"[0, 0, 0, 0, 0, 0, 0, 0, 1, 0]",,,20.51,11.56,406712.9
ARDX,,1,"[0, 0, 0, 0, 0, 0, 0, 0, 1, 0]",,,7.99,3.58,3825651.95
POET,,1,"[0, 0, 0, 0, 0, 0, 0, 0, 1, 0]",,,20.57,4.17,8429706.4
NUVB,,1,"[0, 0, 0, 0, 0, 0, 0, 0, 1, 0]",,,9.54,3.01,5113273.85
PEB,,1,"[0, 0, 0, 0, 0, 0, 0, 0, 1, 0]",,,19.75,10.18,1946597.1
NTLA,,1,"[0, 0, 0, 0, 0, 0, 0, 0, 1, 0]",,,27.98,8.04,3368656.5
NVAX,,1,"[0, 0, 0, 0, 0, 0, 0, 0, 1, 0]",,,11.19,6.22,5698337.4
ARLO,,1,"[0, 0, 0, 0, 0, 0, 0, 0, 1, 0]",,,19.44,11.23,1256717.15
PRLB,,1,"[0, 0, 0, 0, 0, 0, 0, 0, 1, 0]",,,92.32,46.81,162587.5
DCOM,,1,"[0, 0, 0, 0, 0, 0, 0, 0, 1, 0]",,,41.74,25.24,247596.4
GLUE,,1,"[0, 0, 0, 0, 0, 0, 0, 0, 1, 0]",,,25.31,6.33,1115501.1
AMLX,,1,"[0, 0, 0, 0, 0, 0, 0, 0, 1, 0]",,,39.66,11.38,3770500.45
CLOV,,1,"[0, 0, 0, 0, 0, 0, 0, 0, 1, 0]",,,5.41,1.7,3702313.4
REX,,1,"[0, 0, 0, 0, 0, 0, 0, 0, 1, 0]",,,51.16,30.08,176409.3
STBA,,1,"[0, 0, 0, 0, 0, 0, 0, 0, 1, 0]",,,52.97,33.52,214423.0
KOS,,1,"[0, 0, 0, 0, 0, 0, 0, 0, 1, 0]",,,3.27,0.87,12040139.95
KSS,,1,"[0, 0, 0, 0, 0, 0, 0, 0, 1, 0]",,,23.98,11.55,4805735.65
IOVA,,1,"[0, 0, 0, 0, 0, 0, 0, 0, 1, 0]",,,8.99,1.81,14673469.05
PAHC,,1,"[0, 0, 0, 0, 0, 0, 0, 0, 1, 0]",,,59.14,28.31,239967.85
OUST,,1,"[0, 0, 0, 0, 0, 0, 0, 0, 1, 0]",,,62.52,16.63,2184002.6
STGW,,1,"[0, 0, 0, 0, 0, 0, 0, 0, 1, 0]",,,9.35,4.4,1069231.25
BAND,,1,"[0, 0, 0, 0, 0, 0, 0, 0, 1, 0]",,,78.44,12.82,831770.7
NVRI,,1,"[0, 0, 0, 0, 0, 0, 0, 0, 1, 0]",,,23.86,11.49,320544.9
ABCL,,1,"[0, 0, 0, 0, 0, 0, 0, 0, 1, 0]",,,12.5,2.78,5348850.9
HOPE,,1,"[0, 0, 0, 0, 0, 0, 0, 0, 1, 0]",,,14.5,9.53,752782.55
AMRC,,1,"[0, 0, 0, 0, 0, 0, 0, 0, 1, 0]",,,43.23,18.51,768854.1
TFIN,,1,"[0, 0, 0, 0, 0, 0, 0, 0, 1, 0]",,,81.08,46.95,181181.05
HCSG,,1,"[0, 0, 0, 0, 0, 0, 0, 0, 1, 0]",,,25.31,15.18,578601.1
DCH,,1,"[0, 0, 0, 0, 0, 0, 0, 0, 1, 0]",,,9.0,5.09,2368396.25
XHR,,1,"[0, 0, 0, 0, 0, 0, 0, 0, 1, 0]",,,21.82,11.98,695793.15
WLFC,,1,"[0, 0, 0, 0, 0, 0, 0, 0, 1, 0]",,,79.78,38.12,198272.75
GBX,,1,"[0, 0, 0, 0, 0, 0, 0, 0, 1, 0]",,,58.06,40.16,338006.95
LILAK,,1,"[0, 0, 0, 0, 0, 0, 0, 0, 1, 0]",,,8.73,4.7,1311715.2
LILA,,1,"[0, 0, 0, 0, 0, 0, 0, 0, 1, 0]",,,8.81,4.65,376487.15
ZD,,1,"[0, 0, 0, 0, 0, 0, 0, 0, 1, 0]",,,56.69,26.51,510089.2
ECVT,,1,"[0, 0, 0, 0, 0, 0, 0, 0, 1, 0]",,,14.97,7.84,1192015.7
VIR,,1,"[0, 0, 0, 0, 0, 0, 0, 0, 1, 0]",,,11.63,4.79,2013070.55
AHCO,,1,"[0, 0, 0, 0, 0, 0, 0, 0, 1, 0]",,,13.38,5.22,2754556.3
ALGT,,1,"[0, 0, 0, 0, 0, 0, 0, 0, 1, 0]",,,119.16,58.03,538039.9
TRS,,1,"[0, 0, 0, 0, 0, 0, 0, 0, 1, 0]",,,44.99,30.99,357399.2
CRML,,1,"[0, 0, 0, 0, 0, 0, 0, 0, 1, 0]",,,29.97,5.13,7733424.55
TH,,1,"[0, 0, 0, 0, 0, 0, 0, 0, 1, 0]",,,20.52,6.22,1869226.75
UAMY,,1,"[0, 0, 0, 0, 0, 0, 0, 0, 1, 0]",,,17.47,4.49,6547439.4
IMTX,,1,"[0, 0, 0, 0, 0, 0, 0, 0, 1, 0]",,,11.87,5.7,678594.55
GSL,,1,"[0, 0, 0, 0, 0, 0, 0, 0, 1, 0]",,,46.4,25.7,288035.9
YELP,,1,"[0, 0, 0, 0, 0, 0, 0, 0, 1, 0]",,,33.83,19.78,1104083.1
CNOB,,1,"[0, 0, 0, 0, 0, 0, 0, 0, 1, 0]",,,33.91,22.68,314280.95
RES,,1,"[0, 0, 0, 0, 0, 0, 0, 0, 1, 0]",,,7.9,4.12,1433032.9
BY,,1,"[0, 0, 0, 0, 0, 0, 0, 0, 1, 0]",,,39.75,25.35,281835.45
NVGS,,1,"[0, 0, 0, 0, 0, 0, 0, 0, 1, 0]",,,24.14,14.2,361786.3
PGEN,,1,"[0, 0, 0, 0, 0, 0, 0, 0, 1, 0]",,,7.44,3.1,4143518.6
BHVN,,1,"[0, 0, 0, 0, 0, 0, 0, 0, 1, 0]",,,18.11,7.79,3597596.8
TNC,,1,"[0, 0, 0, 0, 0, 0, 0, 0, 1, 0]",,,90.74,60.42,207646.2
HLF,,1,"[0, 0, 0, 0, 0, 0, 0, 0, 1, 0]",,,19.96,7.75,1720472.95
SHLS,,1,"[0, 0, 0, 0, 0, 0, 0, 0, 1, 0]",,,12.77,5.71,4823626.5
ATAI,7.35,10,"[1, 1, 1, 1, 1, 1, 1, 1, 1, 1]",6.9,4.74,7.44,3.35,13589400.0
BCAX,,1,"[0, 0, 0, 0, 0, 0, 0, 0, 1, 0]",,,30.4,10.44,489501.85
GCT,,1,"[0, 0, 0, 0, 0, 0, 0, 0, 1, 0]",,,53.25,25.46,513829.9
AIP,,1,"[0, 0, 0, 0, 0, 0, 0, 0, 1, 0]",,,48.59,8.93,695663.7
GHRS,,1,"[0, 0, 0, 0, 0, 0, 0, 0, 1, 0]",,,30.64,12.48,179886.8
SBET,,1,"[0, 0, 0, 0, 0, 0, 0, 0, 1, 0]",,,19.24,4.56,9895108.7
GILT,,1,"[0, 0, 0, 0, 0, 0, 0, 0, 1, 0]",,,20.85,9.54,545991.05
AVAH,,1,"[0, 0, 0, 0, 0, 0, 0, 0, 1, 0]",,,14.08,6.22,3488935.3
CBL,,1,"[0, 0, 0, 0, 0, 0, 0, 0, 1, 0]",,,60.05,26.93,213551.85
BKSY,,1,"[0, 0, 0, 0, 0, 0, 0, 0, 1, 0]",,,51.63,13.14,873368.4
FTRE,,1,"[0, 0, 0, 0, 0, 0, 0, 0, 1, 0]",,,20.7,8.4,1078142.2
NSSC,,1,"[0, 0, 0, 0, 0, 0, 0, 0, 1, 0]",,,46.65,34.65,538490.05
DMRA,,1,"[0, 0, 0, 0, 0, 0, 0, 0, 1, 0]",,,34.14,2.75,371489.45
PRG,,1,"[0, 0, 0, 0, 0, 0, 0, 0, 1, 0]",,,47.37,25.86,504633.15
OBK,,1,"[0, 0, 0, 0, 0, 0, 0, 0, 1, 0]",,,54.96,31.84,165378.4
MUX,,1,"[0, 0, 0, 0, 0, 0, 0, 0, 1, 0]",,,29.05,13.5,1062450.25
PRCT,,1,"[0, 0, 0, 0, 0, 0, 0, 0, 1, 0]",,,39.57,16.69,1049633.85
NBR,,1,"[0, 0, 0, 0, 0, 0, 0, 0, 1, 0]",,,110.63,36.99,214053.7
MAZE,,1,"[0, 0, 0, 0, 0, 0, 0, 0, 1, 0]",,,51.83,22.94,461104.05
ENVX,,1,"[0, 0, 0, 0, 0, 0, 0, 0, 1, 0]",,,13.19,3.1,8592044.3
TBLA,,1,"[0, 0, 0, 0, 0, 0, 0, 0, 1, 0]",,,5.58,2.95,2155785.5
URGN,,1,"[0, 0, 0, 0, 0, 0, 0, 0, 1, 0]",,,50.29,16.42,832951.3
NNE,,1,"[0, 0, 0, 0, 0, 0, 0, 0, 1, 0]",,,56.63,14.88,1602222.25
HROW,,1,"[0, 0, 0, 0, 0, 0, 0, 0, 1, 0]",,,54.8,29.03,489096.15
HLX,10.6,9,"[1, 1, 1, 1, 1, 0, 1, 1, 1, 1]",9.47,8.41,10.6,6.12,1500653.4
LINC,,1,"[0, 0, 0, 0, 0, 0, 0, 0, 1, 0]",,,55.68,17.8,955450.45
RYZ,,1,"[0, 0, 0, 0, 0, 0, 0, 0, 1, 0]",,,30.81,19.43,418528.7
HLIT,,1,"[0, 0, 0, 0, 0, 0, 0, 0, 1, 0]",,,17.11,8.85,1264642.7
TROX,,1,"[0, 0, 0, 0, 0, 0, 0, 0, 1, 0]",,,10.34,2.82,2216415.95
VIA,,1,"[0, 0, 0, 0, 0, 0, 0, 0, 1, 0]",,,53.93,13.31,546857.25
LIND,,1,"[0, 0, 0, 0, 0, 0, 0, 0, 1, 0]",,,34.48,11.45,777967.7
IPX,,1,"[0, 0, 0, 0, 0, 0, 0, 0, 1, 0]",,,60.11,18.67,269384.7
WVE,,1,"[0, 0, 0, 0, 0, 0, 0, 0, 1, 0]",,,21.31,4.59,3272697.0
PLTK,,1,"[0, 0, 0, 0, 0, 0, 0, 0, 1, 0]",,,4.26,2.2,1466831.8
AVBP,,1,"[0, 0, 0, 0, 0, 0, 0, 0, 1, 0]",,,34.74,17.17,470321.9
RLJ,,1,"[0, 0, 0, 0, 0, 0, 0, 0, 1, 0]",,,12.48,6.26,1618519.2
LOMA,,1,"[0, 0, 0, 0, 0, 0, 0, 0, 1, 0]",,,13.12,7.13,371305.05
TV,,1,"[0, 0, 0, 0, 0, 0, 0, 0, 1, 0]",,,3.44,2.37,1313424.15
SBH,,1,"[0, 0, 0, 0, 0, 0, 0, 0, 1, 0]",,,17.0,11.82,1089667.95
CSIQ,,1,"[0, 0, 0, 0, 0, 0, 0, 0, 1, 0]",,,33.58,11.7,1960404.65
RXT,,1,"[0, 0, 0, 0, 0, 0, 0, 0, 1, 0]",,,7.53,0.41,7347802.1
GIII,,1,"[0, 0, 0, 0, 0, 0, 0, 0, 1, 0]",,,36.81,24.81,761338.95
BTGO,,1,"[0, 0, 0, 0, 0, 0, 0, 0, 1, 0]",,,18.49,4.69,1805577.05
TTI,,1,"[0, 0, 0, 0, 0, 0, 0, 0, 1, 0]",,,12.32,4.89,1975328.9
KDK,,1,"[0, 0, 0, 0, 0, 0, 0, 0, 1, 0]",,,10.92,3.5,1090705.95
STAA,,1,"[0, 0, 0, 0, 0, 0, 0, 0, 1, 0]",,,33.34,16.1,842008.2
ARRY,,1,"[0, 0, 0, 0, 0, 0, 0, 0, 1, 0]",,,11.96,4.36,5879293.2
BAK,,1,"[0, 0, 0, 0, 0, 0, 0, 0, 1, 0]",,,5.02,1.48,2884079.95
TDOC,,1,"[0, 0, 0, 0, 0, 0, 0, 0, 1, 0]",,,9.72,4.47,3391873.05
WLDN,,1,"[0, 0, 0, 0, 0, 0, 0, 0, 1, 0]",,,134.94,66.91,210483.3
CRVS,,1,"[0, 0, 0, 0, 0, 0, 0, 0, 1, 0]",,,25.52,5.74,767724.25
CRI,,1,"[0, 0, 0, 0, 0, 0, 0, 0, 1, 0]",,,43.42,26.65,1441747.3
PLSE,,1,"[0, 0, 0, 0, 0, 0, 0, 0, 1, 0]",,,54.71,12.66,606072.5
OLMA,,1,"[0, 0, 0, 0, 0, 0, 0, 0, 1, 0]",,,35.83,7.75,891911.1
TEN,,1,"[0, 0, 0, 0, 0, 0, 0, 0, 1, 0]",,,47.9,20.51,338869.85
LUCK,,1,"[0, 0, 0, 0, 0, 0, 0, 0, 1, 0]",,,10.23,5.5,103717.1
WBI,,1,"[0, 0, 0, 0, 0, 0, 0, 0, 1, 0]",,,36.15,18.66,494052.2
ATLC,,1,"[0, 0, 0, 0, 0, 0, 0, 0, 1, 0]",,,111.79,47.96,124358.75
JBIO,,1,"[0, 0, 0, 0, 0, 0, 0, 0, 1, 0]",,,26.85,6.95,771475.65
GPRE,,1,"[0, 0, 0, 0, 0, 0, 0, 0, 1, 0]",,,19.23,8.79,1596589.15
RCAT,,1,"[0, 0, 0, 0, 0, 0, 0, 0, 1, 0]",,,17.36,6.14,6228476.4
MRTN,,1,"[0, 0, 0, 0, 0, 0, 0, 0, 1, 0]",,,18.22,9.28,464546.55
DSGR,,1,"[0, 0, 0, 0, 0, 0, 0, 0, 1, 0]",,,34.96,19.31,218809.65
EVLV,,1,"[0, 0, 0, 0, 0, 0, 0, 0, 1, 0]",,,8.6,4.9,1888058.0
NPKI,,1,"[0, 0, 0, 0, 0, 0, 0, 0, 1, 0]",,,16.35,10.74,771973.0
ABTC,,1,"[0, 0, 0, 0, 0, 0, 0, 0, 1, 0]",,,115.95,5.19,1917196.5
DQ,,1,"[0, 0, 0, 0, 0, 0, 0, 0, 1, 0]",,,35.69,11.54,999318.55
AMAL,,1,"[0, 0, 0, 0, 0, 0, 0, 0, 1, 0]",,,51.08,24.83,216740.6
VTOL,,1,"[0, 0, 0, 0, 0, 0, 0, 0, 1, 0]",,,49.73,35.4,254652.3
PGY,,1,"[0, 0, 0, 0, 0, 0, 0, 0, 1, 0]",,,43.81,10.64,2107924.1
NAT,,1,"[0, 0, 0, 0, 0, 0, 0, 0, 1, 0]",,,7.46,2.76,4106572.1
PNTG,,1,"[0, 0, 0, 0, 0, 0, 0, 0, 1, 0]",,,42.02,23.64,235753.95
MRVI,,1,"[0, 0, 0, 0, 0, 0, 0, 0, 1, 0]",,,9.0,2.69,4878362.55
NSP,,1,"[0, 0, 0, 0, 0, 0, 0, 0, 1, 0]",,,53.4,19.32,316861.8
MLTX,,1,"[0, 0, 0, 0, 0, 0, 0, 0, 1, 0]",,,61.99,6.24,1255036.9
BLDP,,1,"[0, 0, 0, 0, 0, 0, 0, 0, 1, 0]",,,6.38,1.97,2975684.15
UFCS,,1,"[0, 0, 0, 0, 0, 0, 0, 0, 1, 0]",,,55.98,29.65,156070.9
REAL,,1,"[0, 0, 0, 0, 0, 0, 0, 0, 1, 0]",,,16.9,8.12,2617191.15
JKS,,1,"[0, 0, 0, 0, 0, 0, 0, 0, 1, 0]",,,28.22,11.45,818564.95
AORT,,1,"[0, 0, 0, 0, 0, 0, 0, 0, 1, 0]",,,47.63,20.1,618985.95
KMTS,,1,"[0, 0, 0, 0, 0, 0, 0, 0, 1, 0]",,,28.35,17.87,278578.85
ASTE,,1,"[0, 0, 0, 0, 0, 0, 0, 0, 1, 0]",,,64.66,40.33,218141.85
COLL,,1,"[0, 0, 0, 0, 0, 0, 0, 0, 1, 0]",,,49.84,22.75,847719.45
TK,,1,"[0, 0, 0, 0, 0, 0, 0, 0, 1, 0]",,,14.38,7.31,560901.95
VSTS,,1,"[0, 0, 0, 0, 0, 0, 0, 0, 1, 0]",,,16.5,4.06,1265419.45
DLX,,1,"[0, 0, 0, 0, 0, 0, 0, 0, 1, 0]",,,31.11,17.03,455035.15
CCO,,1,"[0, 0, 0, 0, 0, 0, 0, 0, 1, 0]",,,2.43,1.29,7048536.5
ULCC,,1,"[0, 0, 0, 0, 0, 0, 0, 0, 1, 0]",,,8.06,3.1,2449742.55
ITRN,,1,"[0, 0, 0, 0, 0, 0, 0, 0, 1, 0]",,,65.85,32.88,105813.5
ELE,,1,"[0, 0, 0, 0, 0, 0, 0, 0, 1, 0]",,,24.16,12.54,274698.45
ADTN,,1,"[0, 0, 0, 0, 0, 0, 0, 0, 1, 0]",,,19.4,7.1,1629653.05
ACDC,,1,"[0, 0, 0, 0, 0, 0, 0, 0, 1, 0]",,,8.06,3.19,1338428.75
XPEL,,1,"[0, 0, 0, 0, 0, 0, 0, 0, 1, 0]",,,54.95,32.17,174219.2
PRCH,,1,"[0, 0, 0, 0, 0, 0, 0, 0, 1, 0]",,,18.89,6.4,1087797.85
CMP,,1,"[0, 0, 0, 0, 0, 0, 0, 0, 1, 0]",,,33.51,16.54,422978.15
NEO,,1,"[0, 0, 0, 0, 0, 0, 0, 0, 1, 0]",,,18.64,7.19,1615067.55
MPLT,,1,"[0, 0, 0, 0, 0, 0, 0, 0, 1, 0]",,,39.8,9.9,595132.5
GOOS,,1,"[0, 0, 0, 0, 0, 0, 0, 0, 1, 0]",,,14.61,7.59,842218.9
PRSU,,1,"[0, 0, 0, 0, 0, 0, 0, 0, 1, 0]",,,55.97,32.28,192666.25
VYX,,1,"[0, 0, 0, 0, 0, 0, 0, 0, 1, 0]",,,13.15,6.15,2674484.4
GOLD,,1,"[0, 0, 0, 0, 0, 0, 0, 0, 1, 0]",,,63.6,24.33,714332.85
HQH,21.98,9,"[1, 1, 1, 1, 1, 1, 1, 1, 1, 0]",21.98,19.07,23.99,14.54,172351.3
EYPT,,1,"[0, 0, 0, 0, 0, 0, 0, 0, 1, 0]",,,18.85,4.23,7282574.5
AOSL,,1,"[0, 0, 0, 0, 0, 0, 0, 0, 1, 0]",,,53.32,17.47,559640.7
ALNT,,1,"[0, 0, 0, 0, 0, 0, 0, 0, 1, 0]",,,114.24,41.98,229518.95
GNK,,1,"[0, 0, 0, 0, 0, 0, 0, 0, 1, 0]",,,27.65,14.42,751999.7
LQDT,,1,"[0, 0, 0, 0, 0, 0, 0, 0, 1, 0]",,,43.58,22.16,198745.55
XERS,,1,"[0, 0, 0, 0, 0, 0, 0, 0, 1, 0]",,,9.9,5.29,1564285.55
CDNA,,1,"[0, 0, 0, 0, 0, 0, 0, 0, 1, 0]",,,52.36,14.02,1134861.85
ZBIO,,1,"[0, 0, 0, 0, 0, 0, 0, 0, 1, 0]",,,43.17,15.2,695676.85
EVEX,,1,"[0, 0, 0, 0, 0, 0, 0, 0, 1, 0]",,,5.06,2.1,819747.4
AMN,,1,"[0, 0, 0, 0, 0, 0, 0, 0, 1, 0]",,,36.6,15.1,531707.1
BUR,,1,"[0, 0, 0, 0, 0, 0, 0, 0, 1, 0]",,,12.72,3.92,1440917.85
TDAY,,1,"[0, 0, 0, 0, 0, 0, 0, 0, 1, 0]",,,9.03,3.49,2469816.95
ACVA,,1,"[0, 0, 0, 0, 0, 0, 0, 0, 1, 0]",,,10.41,4.15,10361059.6
KODK,,1,"[0, 0, 0, 0, 0, 0, 0, 0, 1, 0]",,,14.51,5.79,855798.05
DBVT,,1,"[0, 0, 0, 0, 0, 0, 0, 0, 1, 0]",,,24.54,8.89,291064.15
IVA,,1,"[0, 0, 0, 0, 0, 0, 0, 0, 1, 0]",,,7.15,3.41,963710.1
ASST,,1,"[0, 0, 0, 0, 0, 0, 0, 0, 1, 0]",,,124.4,7.16,10422882.45
UVE,,1,"[0, 0, 0, 0, 0, 0, 0, 0, 1, 0]",,,45.08,24.14,176925.75
OSBC,,1,"[0, 0, 0, 0, 0, 0, 0, 0, 1, 0]",,,25.91,16.49,397159.95
MNKD,,1,"[0, 0, 0, 0, 0, 0, 0, 0, 1, 0]",,,6.21,2.28,3174983.8
GHM,,1,"[0, 0, 0, 0, 0, 0, 0, 0, 1, 0]",,,123.79,50.6,174826.65
BFLY,,1,"[0, 0, 0, 0, 0, 0, 0, 0, 1, 0]",,,9.7,1.63,4174919.35
NWPX,,1,"[0, 0, 0, 0, 0, 0, 0, 0, 1, 0]",,,149.94,49.43,142314.25
LGIH,,1,"[0, 0, 0, 0, 0, 0, 0, 0, 1, 0]",,,65.84,34.24,259418.25
SATL,,1,"[0, 0, 0, 0, 0, 0, 0, 0, 1, 0]",,,10.74,1.27,4006541.3
IART,,1,"[0, 0, 0, 0, 0, 0, 0, 0, 1, 0]",,,19.85,8.9,670659.0
UVSP,42.88,8,"[0, 1, 1, 1, 1, 1, 1, 1, 1, 0]",43.04,37.55,44.98,27.6,196836.6
SEPN,,1,"[0, 0, 0, 0, 0, 0, 0, 0, 1, 0]",,,48.19,14.39,338126.15
SVRA,,1,"[0, 0, 0, 0, 0, 0, 0, 0, 1, 0]",,,6.94,3.37,1486188.7
SVC,,1,"[0, 0, 0, 0, 0, 0, 0, 0, 1, 0]",,,14.19,5.83,1452588.0
TNDM,,1,"[0, 0, 0, 0, 0, 0, 0, 0, 1, 0]",,,28.26,11.79,1495158.6
PDM,,1,"[0, 0, 0, 0, 0, 0, 0, 0, 1, 0]",,,9.96,6.39,1223503.7
ATEX,,1,"[0, 0, 0, 0, 0, 0, 0, 0, 1, 0]",,,108.21,17.99,302423.1
PLOW,,1,"[0, 0, 0, 0, 0, 0, 0, 0, 1, 0]",,,54.2,28.96,191970.35
RERE,,1,"[0, 0, 0, 0, 0, 0, 0, 0, 1, 0]",,,6.2,3.62,1191637.95
APEI,,1,"[0, 0, 0, 0, 0, 0, 0, 0, 1, 0]",,,60.86,30.67,227307.5
CEVA,,1,"[0, 0, 0, 0, 0, 0, 0, 0, 1, 0]",,,50.06,17.21,765900.55
INNV,,1,"[0, 0, 0, 0, 0, 0, 0, 0, 1, 0]",,,12.11,3.99,246980.85
HTLD,,1,"[0, 0, 0, 0, 0, 0, 0, 0, 1, 0]",,,16.2,7.04,653345.0
CFFN,,1,"[0, 0, 0, 0, 0, 0, 0, 0, 1, 0]",,,9.1,5.72,771687.8
OMER,,1,"[0, 0, 0, 0, 0, 0, 0, 0, 1, 0]",,,19.39,4.03,1568371.15
LMRI,,1,"[0, 0, 0, 0, 0, 0, 0, 0, 1, 0]",,,18.53,6.77,378659.1
LXU,,1,"[0, 0, 0, 0, 0, 0, 0, 0, 1, 0]",,,16.88,7.76,715584.0
GDRX,,1,"[0, 0, 0, 0, 0, 0, 0, 0, 1, 0]",,,5.03,1.87,1478437.05
KOPN,,1,"[0, 0, 0, 0, 0, 0, 0, 0, 1, 0]",,,6.39,1.82,3294784.75
DAKT,,1,"[0, 0, 0, 0, 0, 0, 0, 0, 1, 0]",,,27.73,17.27,758669.7
INR,,1,"[0, 0, 0, 0, 0, 0, 0, 0, 1, 0]",,,19.23,11.2,225641.6
EPC,,1,"[0, 0, 0, 0, 0, 0, 0, 0, 1, 0]",,,29.5,15.6,503248.3
INDI,,1,"[0, 0, 0, 0, 0, 0, 0, 0, 1, 0]",,,6.0,2.44,6068476.3
PHAT,,1,"[0, 0, 0, 0, 0, 0, 0, 0, 1, 0]",,,18.08,8.23,1031449.6
CRON,,1,"[0, 0, 0, 0, 0, 0, 0, 0, 1, 0]",,,3.55,2.3,1206581.05
JMIA,,1,"[0, 0, 0, 0, 0, 0, 0, 0, 1, 0]",,,14.6,5.69,1726784.25
XNCR,,1,"[0, 0, 0, 0, 0, 0, 0, 0, 1, 0]",,,29.3,8.49,1387326.0
CMPS,,1,"[0, 0, 0, 0, 0, 0, 0, 0, 1, 0]",,,15.17,4.9,2515092.0
METC,,1,"[0, 0, 0, 0, 0, 0, 0, 0, 1, 0]",,,54.55,8.9,2205819.8
AMBQ,,1,"[0, 0, 0, 0, 0, 0, 0, 0, 1, 0]",,,90.48,22.76,438338.45
NUTX,,1,"[0, 0, 0, 0, 0, 0, 0, 0, 1, 0]",,,200.24,87.01,150852.8
CODI,,1,"[0, 0, 0, 0, 0, 0, 0, 0, 1, 0]",,,12.71,4.65,605726.2
SANA,,1,"[0, 0, 0, 0, 0, 0, 0, 0, 1, 0]",,,5.92,2.68,3014223.6
SCSC,,1,"[0, 0, 0, 0, 0, 0, 0, 0, 1, 0]",,,58.89,34.27,337067.25
NX,,1,"[0, 0, 0, 0, 0, 0, 0, 0, 1, 0]",,,22.93,11.09,443713.05
AVO,,1,"[0, 0, 0, 0, 0, 0, 0, 0, 1, 0]",,,15.34,10.11,623340.15
ANNX,,1,"[0, 0, 0, 0, 0, 0, 0, 0, 1, 0]",,,6.96,2.49,2685021.2
AMTB,,1,"[0, 0, 0, 0, 0, 0, 0, 0, 1, 0]",,,30.49,16.43,289607.75
ABSI,,1,"[0, 0, 0, 0, 0, 0, 0, 0, 1, 0]",,,11.62,2.3,2812332.35
AMC,,1,"[0, 0, 0, 0, 0, 0, 0, 0, 1, 0]",,,3.15,0.95,20315240.8
ORIC,,1,"[0, 0, 0, 0, 0, 0, 0, 0, 1, 0]",,,14.65,7.47,1122774.75
RHLD,,1,"[0, 0, 0, 0, 0, 0, 0, 0, 1, 0]",,,226.37,66.28,171638.2
TBN,,1,"[0, 0, 0, 0, 0, 0, 0, 0, 1, 0]",,,49.99,20.5,148258.85
JBSS,,1,"[0, 0, 0, 0, 0, 0, 0, 0, 1, 0]",,,88.51,56.28,148605.9
MGTX,,1,"[0, 0, 0, 0, 0, 0, 0, 0, 1, 0]",,,14.97,6.99,731302.2
HEPS,,1,"[0, 0, 0, 0, 0, 0, 0, 0, 1, 0]",,,3.29,2.18,217814.15
AGL,,1,"[0, 0, 0, 0, 0, 0, 0, 0, 1, 0]",,,129.84,7.91,203652.15
HAFC,,1,"[0, 0, 0, 0, 0, 0, 0, 0, 1, 0]",,,33.02,22.1,190781.7
SLS,,1,"[0, 0, 0, 0, 0, 0, 0, 0, 1, 0]",,,15.46,1.39,7876262.3
BJRI,,1,"[0, 0, 0, 0, 0, 0, 0, 0, 1, 0]",,,74.26,28.69,436380.55
CGEM,,1,"[0, 0, 0, 0, 0, 0, 0, 0, 1, 0]",,,22.95,5.75,770512.95
VPG,,1,"[0, 0, 0, 0, 0, 0, 0, 0, 1, 0]",,,149.91,29.28,475834.8
SHEN,,1,"[0, 0, 0, 0, 0, 0, 0, 0, 1, 0]",,,17.1,9.9,495410.5
ROOT,,1,"[0, 0, 0, 0, 0, 0, 0, 0, 1, 0]",,,102.88,43.21,202223.0
GERN,,1,"[0, 0, 0, 0, 0, 0, 0, 0, 1, 0]",,,1.95,1.07,9428382.7
VLRS,,1,"[0, 0, 0, 0, 0, 0, 0, 0, 1, 0]",,,10.63,6.15,394684.65
LXRX,,1,"[0, 0, 0, 0, 0, 0, 0, 0, 1, 0]",,,2.64,1.09,2547833.95
DSGN,,1,"[0, 0, 0, 0, 0, 0, 0, 0, 1, 0]",,,15.94,5.53,660794.0
HNRG,,1,"[0, 0, 0, 0, 0, 0, 0, 0, 1, 0]",,,23.81,13.7,601574.8
NB,,1,"[0, 0, 0, 0, 0, 0, 0, 0, 1, 0]",,,11.67,3.81,2802584.2
MATW,,1,"[0, 0, 0, 0, 0, 0, 0, 0, 1, 0]",,,28.54,20.0,772348.75
TBPH,,1,"[0, 0, 0, 0, 0, 0, 0, 0, 1, 0]",,,20.74,13.57,370118.0
BVS,,1,"[0, 0, 0, 0, 0, 0, 0, 0, 1, 0]",,,15.26,6.51,549832.9
OMDA,,1,"[0, 0, 0, 0, 0, 0, 0, 0, 1, 0]",,,26.78,10.94,1071337.35
SCHL,,1,"[0, 0, 0, 0, 0, 0, 0, 0, 1, 0]",,,47.04,23.65,295952.55
ABX,,1,"[0, 0, 0, 0, 0, 0, 0, 0, 1, 0]",,,12.0,4.87,406575.3
SPRY,,1,"[0, 0, 0, 0, 0, 0, 0, 0, 1, 0]",,,13.06,4.76,1525194.6
CTMX,,1,"[0, 0, 0, 0, 0, 0, 0, 0, 1, 0]",,,6.75,1.93,3306343.6
MYE,,1,"[0, 0, 0, 0, 0, 0, 0, 0, 1, 0]",,,36.74,15.46,322677.15
ABUS,,1,"[0, 0, 0, 0, 0, 0, 0, 0, 1, 0]",,,5.22,3.67,5103186.55
AEVA,,1,"[0, 0, 0, 0, 0, 0, 0, 0, 1, 0]",,,29.29,9.19,1491218.55
KOP,,1,"[0, 0, 0, 0, 0, 0, 0, 0, 1, 0]",,,52.23,26.11,162518.0
NBBK,,1,"[0, 0, 0, 0, 0, 0, 0, 0, 1, 0]",,,23.25,16.64,298213.75
IBTA,,1,"[0, 0, 0, 0, 0, 0, 0, 0, 1, 0]",,,41.14,19.25,185588.8
CRSR,,1,"[0, 0, 0, 0, 0, 0, 0, 0, 1, 0]",,,14.35,4.58,1331671.5
KRO,,1,"[0, 0, 0, 0, 0, 0, 0, 0, 1, 0]",,,8.86,4.19,371056.15
ODD,,1,"[0, 0, 0, 0, 0, 0, 0, 0, 1, 0]",,,63.67,9.81,1627195.35
DRUG,,1,"[0, 0, 0, 0, 0, 0, 0, 0, 1, 0]",,,95.99,44.68,106457.1
KURA,,1,"[0, 0, 0, 0, 0, 0, 0, 0, 1, 0]",,,13.59,7.4,2332009.25
SCZM,,1,"[0, 0, 0, 0, 0, 0, 0, 0, 1, 0]",,,16.16,4.92,514751.4
CVLG,,1,"[0, 0, 0, 0, 0, 0, 0, 0, 1, 0]",,,49.78,17.9,215460.7
PURR,,1,"[0, 0, 0, 0, 0, 0, 0, 0, 1, 0]",,,12.83,3.1,28398372.7
TSAT,,1,"[0, 0, 0, 0, 0, 0, 0, 0, 1, 0]",,,61.4,23.58,166672.65
SG,,1,"[0, 0, 0, 0, 0, 0, 0, 0, 1, 0]",,,10.21,4.7,4884441.9
VOR,,1,"[0, 0, 0, 0, 0, 0, 0, 0, 1, 0]",,,48.72,6.86,734139.15
EVMN,,1,"[0, 0, 0, 0, 0, 0, 0, 0, 1, 0]",,,31.57,10.54,613384.9
WYFI,,1,"[0, 0, 0, 0, 0, 0, 0, 0, 1, 0]",,,44.77,10.78,2988440.45
SABR,,1,"[0, 0, 0, 0, 0, 0, 0, 0, 1, 0]",,,2.26,0.82,4062687.85
CGNT,,1,"[0, 0, 0, 0, 0, 0, 0, 0, 1, 0]",,,12.24,6.34,687977.95
ETON,,1,"[0, 0, 0, 0, 0, 0, 0, 0, 1, 0]",,,64.43,14.35,572692.9
WEST,,1,"[0, 0, 0, 0, 0, 0, 0, 0, 1, 0]",,,9.73,3.71,305466.0
EGBN,,1,"[0, 0, 0, 0, 0, 0, 0, 0, 1, 0]",,,29.12,15.78,222812.65
GO,,1,"[0, 0, 0, 0, 0, 0, 0, 0, 1, 0]",,,16.97,5.79,2619776.7
BIOA,,1,"[0, 0, 0, 0, 0, 0, 0, 0, 1, 0]",,,25.1,4.8,544309.5
ASC,,1,"[0, 0, 0, 0, 0, 0, 0, 0, 1, 0]",,,18.67,9.69,621897.25
ADAM,,1,"[0, 0, 0, 0, 0, 0, 0, 0, 1, 0]",,,10.23,5.99,764745.25
DXYZ,,1,"[0, 0, 0, 0, 0, 0, 0, 0, 1, 0]",,,71.24,20.82,1110966.7
SUPV,,1,"[0, 0, 0, 0, 0, 0, 0, 0, 1, 0]",,,12.86,4.69,587037.65
NRGV,,1,"[0, 0, 0, 0, 0, 0, 0, 0, 1, 0]",,,6.49,2.25,3551479.05
IMSR,,1,"[0, 0, 0, 0, 0, 0, 0, 0, 1, 0]",,,27.1,4.62,1159567.8
ANRO,,1,"[0, 0, 0, 0, 0, 0, 0, 0, 1, 0]",,,36.64,3.6,470380.25
KFRC,,1,"[0, 0, 0, 0, 0, 0, 0, 0, 1, 0]",,,59.98,23.49,257761.8
CWH,,1,"[0, 0, 0, 0, 0, 0, 0, 0, 1, 0]",,,17.3,5.63,1579113.8
ARKO,,1,"[0, 0, 0, 0, 0, 0, 0, 0, 1, 0]",,,8.58,3.73,970987.75
IHRT,,1,"[0, 0, 0, 0, 0, 0, 0, 0, 1, 0]",,,6.33,2.49,474496.4
PSTL,,1,"[0, 0, 0, 0, 0, 0, 0, 0, 1, 0]",,,24.72,13.9,278455.9
MTUS,,1,"[0, 0, 0, 0, 0, 0, 0, 0, 1, 0]",,,22.03,14.56,327974.55
RLMD,,1,"[0, 0, 0, 0, 0, 0, 0, 0, 1, 0]",,,7.86,1.51,1121545.25
CRESY,,1,"[0, 0, 0, 0, 0, 0, 0, 0, 1, 0]",,,14.11,7.99,256205.5
CBLL,,1,"[0, 0, 0, 0, 0, 0, 0, 0, 1, 0]",,,24.89,10.92,325130.9
LYTS,,1,"[0, 0, 0, 0, 0, 0, 0, 0, 1, 0]",,,26.73,17.13,503299.65
NXDR,,1,"[0, 0, 0, 0, 0, 0, 0, 0, 1, 0]",,,2.77,1.36,1783378.25
DSP,,1,"[0, 0, 0, 0, 0, 0, 0, 0, 1, 0]",,,14.09,8.14,200909.35
PGC,,1,"[0, 0, 0, 0, 0, 0, 0, 0, 1, 0]",,,48.28,24.62,123221.7
HZO,,1,"[0, 0, 0, 0, 0, 0, 0, 0, 1, 0]",,,52.46,21.43,712016.15
ALLO,,1,"[0, 0, 0, 0, 0, 0, 0, 0, 1, 0]",,,3.06,1.05,5192020.9
HSHP,,1,"[0, 0, 0, 0, 0, 0, 0, 0, 1, 0]",,,18.35,6.83,383654.95
DRTS,,1,"[0, 0, 0, 0, 0, 0, 0, 0, 1, 0]",,,15.03,3.47,618365.25
FOXF,,1,"[0, 0, 0, 0, 0, 0, 0, 0, 1, 0]",,,27.1,13.19,390279.25
PRAA,,1,"[0, 0, 0, 0, 0, 0, 0, 0, 1, 0]",,,22.23,10.42,338990.15
NTGR,,1,"[0, 0, 0, 0, 0, 0, 0, 0, 1, 0]",,,36.01,19.87,311513.6
HPK,,1,"[0, 0, 0, 0, 0, 0, 0, 0, 1, 0]",,,8.58,3.89,347764.8
KRNT,,1,"[0, 0, 0, 0, 0, 0, 0, 0, 1, 0]",,,18.04,12.31,255189.85
FCEL,,1,"[0, 0, 0, 0, 0, 0, 0, 0, 1, 0]",,,36.01,6.0,7923426.7
EVER,,1,"[0, 0, 0, 0, 0, 0, 0, 0, 1, 0]",,,27.87,14.27,534587.15
GFR,,1,"[0, 0, 0, 0, 0, 0, 0, 0, 1, 0]",,,7.1,4.33,1316526.85
LPTH,,1,"[0, 0, 0, 0, 0, 0, 0, 0, 1, 0]",,,18.15,6.09,3566673.95
RMT,13.28,8,"[0, 1, 1, 1, 1, 1, 1, 1, 1, 0]",13.78,12.26,14.43,8.86,102308.3
SB,,1,"[0, 0, 0, 0, 0, 0, 0, 0, 1, 0]",,,9.17,4.03,1167473.1
HIVE,,1,"[0, 0, 0, 0, 0, 0, 0, 0, 1, 0]",,,6.96,1.75,22001345.35
SLDB,,1,"[0, 0, 0, 0, 0, 0, 0, 0, 1, 0]",,,11.15,3.93,845611.7
GDOT,,1,"[0, 0, 0, 0, 0, 0, 0, 0, 1, 0]",,,15.25,10.53,278650.45
MAKO,,1,"[0, 0, 0, 0, 0, 0, 0, 0, 1, 0]",,,11.07,4.89,179091.5
MVST,,1,"[0, 0, 0, 0, 0, 0, 0, 0, 1, 0]",,,6.4,0.6,6903539.15
MITK,,1,"[0, 0, 0, 0, 0, 0, 0, 0, 1, 0]",,,20.14,8.65,651190.75
RDVT,,1,"[0, 0, 0, 0, 0, 0, 0, 0, 1, 0]",,,76.43,34.4,215269.15
KRUS,,1,"[0, 0, 0, 0, 0, 0, 0, 0, 1, 0]",,,80.24,40.8,168961.65
MRLN,,1,"[0, 0, 0, 0, 0, 0, 0, 0, 1, 0]",,,16.09,2.81,1240510.45
BLMN,,1,"[0, 0, 0, 0, 0, 0, 0, 0, 1, 0]",,,11.85,5.26,1787701.1
IRWD,,1,"[0, 0, 0, 0, 0, 0, 0, 0, 1, 0]",,,5.39,1.27,1484509.8
HUYA,,1,"[0, 0, 0, 0, 0, 0, 0, 0, 1, 0]",,,4.6,2.04,1615398.0
SLDP,,1,"[0, 0, 0, 0, 0, 0, 0, 0, 1, 0]",,,8.51,2.0,2570348.1
ACRS,,1,"[0, 0, 0, 0, 0, 0, 0, 0, 1, 0]",,,6.53,1.81,2187642.9
HRTG,,1,"[0, 0, 0, 0, 0, 0, 0, 0, 1, 0]",,,35.21,20.88,247479.75
CYRX,,1,"[0, 0, 0, 0, 0, 0, 0, 0, 1, 0]",,,17.13,7.72,518384.3
CTO,,1,"[0, 0, 0, 0, 0, 0, 0, 0, 1, 0]",,,22.13,14.12,346337.15
ASPI,,1,"[0, 0, 0, 0, 0, 0, 0, 0, 1, 0]",,,14.05,3.31,3561435.3
OXM,,1,"[0, 0, 0, 0, 0, 0, 0, 0, 1, 0]",,,46.52,30.22,474842.65
GRPN,,1,"[0, 0, 0, 0, 0, 0, 0, 0, 1, 0]",,,28.58,9.64,1011829.05
ALRS,,1,"[0, 0, 0, 0, 0, 0, 0, 0, 1, 0]",,,34.12,20.29,130402.95
LAES,,1,"[0, 0, 0, 0, 0, 0, 0, 0, 1, 0]",,,7.65,2.09,6660482.1
INN,,1,"[0, 0, 0, 0, 0, 0, 0, 0, 1, 0]",,,6.98,3.92,798686.75
PKE,,1,"[0, 0, 0, 0, 0, 0, 0, 0, 1, 0]",,,38.23,18.3,222349.35
STRO,,1,"[0, 0, 0, 0, 0, 0, 0, 0, 1, 0]",,,40.91,7.3,228517.95
TLRY,,1,"[0, 0, 0, 0, 0, 0, 0, 0, 1, 0]",,,21.0,3.88,3653553.15
SHBI,,1,"[0, 0, 0, 0, 0, 0, 0, 0, 1, 0]",,,24.46,14.81,158840.25
EVC,,1,"[0, 0, 0, 0, 0, 0, 0, 0, 1, 0]",,,13.48,1.91,1160940.2
ZVRA,,1,"[0, 0, 0, 0, 0, 0, 0, 0, 1, 0]",,,14.75,7.23,843449.65
CARS,,1,"[0, 0, 0, 0, 0, 0, 0, 0, 1, 0]",,,13.59,7.58,497186.3
CLYM,,1,"[0, 0, 0, 0, 0, 0, 0, 0, 1, 0]",,,17.84,1.64,1575212.4
CWBC,,1,"[0, 0, 0, 0, 0, 0, 0, 0, 1, 0]",,,27.89,19.45,197735.0
SPIR,,1,"[0, 0, 0, 0, 0, 0, 0, 0, 1, 0]",,,25.48,7.02,547683.75
SWBI,,1,"[0, 0, 0, 0, 0, 0, 0, 0, 1, 0]",,,16.53,7.92,670376.95
ARVN,,1,"[0, 0, 0, 0, 0, 0, 0, 0, 1, 0]",,,13.83,6.98,649533.4
AVR,,1,"[0, 0, 0, 0, 0, 0, 0, 0, 1, 0]",,,10.57,3.38,649246.85
NKLR,,1,"[0, 0, 0, 0, 0, 0, 0, 0, 1, 0]",,,18.26,3.91,255942.75
VTEX,,1,"[0, 0, 0, 0, 0, 0, 0, 0, 1, 0]",,,4.65,2.87,710523.2
MRAM,,1,"[0, 0, 0, 0, 0, 0, 0, 0, 1, 0]",,,44.01,7.5,1028765.65
CABA,,1,"[0, 0, 0, 0, 0, 0, 0, 0, 1, 0]",,,4.15,1.91,5625685.7
KE,,1,"[0, 0, 0, 0, 0, 0, 0, 0, 1, 0]",,,33.13,22.63,200009.6
CNNE,,1,"[0, 0, 0, 0, 0, 0, 0, 0, 1, 0]",,,18.91,10.53,465300.0
PSNL,,1,"[0, 0, 0, 0, 0, 0, 0, 0, 1, 0]",,,18.38,5.04,3740762.6
CCSI,,1,"[0, 0, 0, 0, 0, 0, 0, 0, 1, 0]",,,39.85,20.24,194069.4
ANGX,,1,"[0, 0, 0, 0, 0, 0, 0, 0, 1, 0]",,,16.0,2.18,1575360.2
NPCE,,1,"[0, 0, 0, 0, 0, 0, 0, 0, 1, 0]",,,19.29,9.4,132113.4
RGR,,1,"[0, 0, 0, 0, 0, 0, 0, 0, 1, 0]",,,46.58,28.51,129919.0
TDUP,,1,"[0, 0, 0, 0, 0, 0, 0, 0, 1, 0]",,,10.8,2.52,2186089.85
SXC,,1,"[0, 0, 0, 0, 0, 0, 0, 0, 1, 0]",,,10.57,5.51,1021487.25
DNUT,,1,"[0, 0, 0, 0, 0, 0, 0, 0, 1, 0]",,,4.7,2.92,2417106.2
BCAL,,1,"[0, 0, 0, 0, 0, 0, 0, 0, 1, 0]",,,21.9,15.74,171546.55
PHR,,1,"[0, 0, 0, 0, 0, 0, 0, 0, 1, 0]",,,24.74,8.06,818174.3
RYAM,,1,"[0, 0, 0, 0, 0, 0, 0, 0, 1, 0]",,,11.75,5.52,737299.75
FEIM,,1,"[0, 0, 0, 0, 0, 0, 0, 0, 1, 0]",,,88.38,27.07,312674.95
NPB,,1,"[0, 0, 0, 0, 0, 0, 0, 0, 1, 0]",,,19.28,15.72,212336.6
TRON,,1,"[0, 0, 0, 0, 0, 0, 0, 0, 1, 0]",,,4.13,1.13,1617647.1
CADL,,1,"[0, 0, 0, 0, 0, 0, 0, 0, 1, 0]",,,13.75,4.42,1292395.3
BWMN,,1,"[0, 0, 0, 0, 0, 0, 0, 0, 1, 0]",,,44.43,25.31,291736.45
FET,,1,"[0, 0, 0, 0, 0, 0, 0, 0, 1, 0]",,,86.31,25.26,186822.95
CLB,,1,"[0, 0, 0, 0, 0, 0, 0, 0, 1, 0]",,,19.63,9.86,423064.3
GPRK,,1,"[0, 0, 0, 0, 0, 0, 0, 0, 1, 0]",,,11.97,5.91,1091791.25
ORN,,1,"[0, 0, 0, 0, 0, 0, 0, 0, 1, 0]",,,17.14,7.54,357174.85
HPP,,1,"[0, 0, 0, 0, 0, 0, 0, 0, 1, 0]",,,20.16,5.51,591803.45
CSTL,,1,"[0, 0, 0, 0, 0, 0, 0, 0, 1, 0]",,,43.04,18.15,322040.1
CTKB,,1,"[0, 0, 0, 0, 0, 0, 0, 0, 1, 0]",,,5.88,3.36,818054.15
GLRE,,1,"[0, 0, 0, 0, 0, 0, 0, 0, 1, 0]",,,19.0,11.95,121732.05
ALOY,,1,"[0, 0, 0, 0, 0, 0, 0, 0, 1, 0]",,,25.88,5.92,2048492.5
AGMB,,1,"[0, 0, 0, 0, 0, 0, 0, 0, 1, 0]",,,17.82,9.61,161579.25
RR,,1,"[0, 0, 0, 0, 0, 0, 0, 0, 1, 0]",,,7.06,1.35,6142979.25
BTBT,,1,"[0, 0, 0, 0, 0, 0, 0, 0, 1, 0]",,,4.22,1.21,34319885.55
MSBI,,1,"[0, 0, 0, 0, 0, 0, 0, 0, 1, 0]",,,34.19,13.85,139123.5
UROY,,1,"[0, 0, 0, 0, 0, 0, 0, 0, 1, 0]",,,5.46,2.61,2716317.15
CARE,,1,"[0, 0, 0, 0, 0, 0, 0, 0, 1, 0]",,,35.61,16.84,260975.55
EGY,,1,"[0, 0, 0, 0, 0, 0, 0, 0, 1, 0]",,,6.53,3.26,1233998.05
GDYN,,1,"[0, 0, 0, 0, 0, 0, 0, 0, 1, 0]",,,10.06,5.21,1075604.05
ALTI,,1,"[0, 0, 0, 0, 0, 0, 0, 0, 1, 0]",,,5.19,2.81,179890.9
PRME,,1,"[0, 0, 0, 0, 0, 0, 0, 0, 1, 0]",,,6.67,2.7,2743687.75
TCMD,,1,"[0, 0, 0, 0, 0, 0, 0, 0, 1, 0]",,,33.05,13.52,315917.3
MLAB,,1,"[0, 0, 0, 0, 0, 0, 0, 0, 1, 0]",,,130.65,63.66,147644.2
FTK,,1,"[0, 0, 0, 0, 0, 0, 0, 0, 1, 0]",,,38.82,11.74,679118.5
AVTX,,1,"[0, 0, 0, 0, 0, 0, 0, 0, 1, 0]",,,22.87,9.76,893106.35
DDI,,1,"[0, 0, 0, 0, 0, 0, 0, 0, 1, 0]",,,12.97,8.25,134308.8
HELE,,1,"[0, 0, 0, 0, 0, 0, 0, 0, 1, 0]",,,30.22,13.88,356427.7
BETR,,1,"[0, 0, 0, 0, 0, 0, 0, 0, 1, 0]",,,86.07,11.6,606641.5
KYTX,,1,"[0, 0, 0, 0, 0, 0, 0, 0, 1, 0]",,,11.25,3.87,736487.25
PRTA,,1,"[0, 0, 0, 0, 0, 0, 0, 0, 1, 0]",,,11.51,7.91,336238.55
PROK,,1,"[0, 0, 0, 0, 0, 0, 0, 0, 1, 0]",,,3.3,1.33,1154740.95
CHW,8.21,7,"[0, 1, 1, 1, 1, 1, 0, 1, 1, 0]",8.52,7.94,8.97,6.72,122941.9
MG,,1,"[0, 0, 0, 0, 0, 0, 0, 0, 1, 0]",,,19.98,9.39,239750.7
INV,,1,"[0, 0, 0, 0, 0, 0, 0, 0, 1, 0]",,,7.32,0.94,4582644.75
KRT,,1,"[0, 0, 0, 0, 0, 0, 0, 0, 1, 0]",,,49.8,19.72,128017.45
DDL,,1,"[0, 0, 0, 0, 0, 0, 0, 0, 1, 0]",,,3.2,1.67,289701.85
MEC,,1,"[0, 0, 0, 0, 0, 0, 0, 0, 1, 0]",,,37.54,12.56,466539.05
PACK,,1,"[0, 0, 0, 0, 0, 0, 0, 0, 1, 0]",,,7.64,3.24,416203.1
WTI,,1,"[0, 0, 0, 0, 0, 0, 0, 0, 1, 0]",,,4.89,1.49,3259274.65
DNA,,1,"[0, 0, 0, 0, 0, 0, 0, 0, 1, 0]",,,16.14,5.48,1147035.65
TECX,,1,"[0, 0, 0, 0, 0, 0, 0, 0, 1, 0]",,,37.93,14.71,217980.05
CPS,,1,"[0, 0, 0, 0, 0, 0, 0, 0, 1, 0]",,,45.2,23.7,205304.7
ASIX,,1,"[0, 0, 0, 0, 0, 0, 0, 0, 1, 0]",,,25.73,13.91,264616.5
RGNX,,1,"[0, 0, 0, 0, 0, 0, 0, 0, 1, 0]",,,15.98,5.65,1320858.45
CLFD,,1,"[0, 0, 0, 0, 0, 0, 0, 0, 1, 0]",,,51.26,26.0,152363.55
ILPT,,1,"[0, 0, 0, 0, 0, 0, 0, 0, 1, 0]",,,9.25,4.91,269482.45
CTNM,,1,"[0, 0, 0, 0, 0, 0, 0, 0, 1, 0]",,,17.57,9.17,467271.35
MCS,,1,"[0, 0, 0, 0, 0, 0, 0, 0, 1, 0]",,,31.03,12.83,239230.7
ASTL,,1,"[0, 0, 0, 0, 0, 0, 0, 0, 1, 0]",,,5.8,3.19,1349588.05
AURA,,1,"[0, 0, 0, 0, 0, 0, 0, 0, 1, 0]",,,8.9,4.97,811305.5
AQST,,1,"[0, 0, 0, 0, 0, 0, 0, 0, 1, 0]",,,7.49,2.95,3068386.65
MAMA,,1,"[0, 0, 0, 0, 0, 0, 0, 0, 1, 0]",,,20.65,9.74,634172.6
LZM,,1,"[0, 0, 0, 0, 0, 0, 0, 0, 1, 0]",,,6.1,3.01,342658.4
ACHV,,1,"[0, 0, 0, 0, 0, 0, 0, 0, 1, 0]",,,8.53,2.65,1571596.15
SD,,1,"[0, 0, 0, 0, 0, 0, 0, 0, 1, 0]",,,17.42,10.63,307474.9
MNRO,,1,"[0, 0, 0, 0, 0, 0, 0, 0, 1, 0]",,,22.59,11.02,1019777.0
OOMA,,1,"[0, 0, 0, 0, 0, 0, 0, 0, 1, 0]",,,23.38,10.58,487544.35
ANL,,1,"[0, 0, 0, 0, 0, 0, 0, 0, 1, 0]",,,16.6,0.88,178202.7
IMMX,,1,"[0, 0, 0, 0, 0, 0, 0, 0, 1, 0]",,,14.47,1.96,1485596.4
FDMT,,1,"[0, 0, 0, 0, 0, 0, 0, 0, 1, 0]",,,16.76,6.6,1131187.5
KRNY,,1,"[0, 0, 0, 0, 0, 0, 0, 0, 1, 0]",,,10.13,6.01,727812.75
STTK,,1,"[0, 0, 0, 0, 0, 0, 0, 0, 1, 0]",,,8.06,1.77,777137.65
CERS,,1,"[0, 0, 0, 0, 0, 0, 0, 0, 1, 0]",,,3.28,1.2,1476997.45
OIS,,1,"[0, 0, 0, 0, 0, 0, 0, 0, 1, 0]",,,14.39,5.58,498210.6
CBIO,,1,"[0, 0, 0, 0, 0, 0, 0, 0, 1, 0]",,,26.98,8.94,274203.75
PANL,,1,"[0, 0, 0, 0, 0, 0, 0, 0, 1, 0]",,,9.17,4.42,385898.85
OCGN,,1,"[0, 0, 0, 0, 0, 0, 0, 0, 1, 0]",,,2.48,1.02,6415608.05
FVR,,1,"[0, 0, 0, 0, 0, 0, 0, 0, 1, 0]",,,21.92,12.52,196530.8
MATV,,1,"[0, 0, 0, 0, 0, 0, 0, 0, 1, 0]",,,14.6,7.16,527114.95
IPI,,1,"[0, 0, 0, 0, 0, 0, 0, 0, 1, 0]",,,48.84,23.94,219531.0
CHCT,,1,"[0, 0, 0, 0, 0, 0, 0, 0, 1, 0]",,,18.6,11.91,371080.3
CGC,,1,"[0, 0, 0, 0, 0, 0, 0, 0, 1, 0]",,,1.92,0.86,3432965.6
PUBM,,1,"[0, 0, 0, 0, 0, 0, 0, 0, 1, 0]",,,17.78,6.28,605046.05
ELVA,,1,"[0, 0, 0, 0, 0, 0, 0, 0, 1, 0]",,,12.26,4.23,458236.65
ALIT,,1,"[0, 0, 0, 0, 0, 0, 0, 0, 1, 0]",,,70.56,9.8,432317.3
CD,,1,"[0, 0, 0, 0, 0, 0, 0, 0, 1, 0]",,,35.79,2.65,238430.95
NUAI,,1,"[0, 0, 0, 0, 0, 0, 0, 0, 1, 0]",,,8.06,0.42,6246811.75
EBS,,1,"[0, 0, 0, 0, 0, 0, 0, 0, 1, 0]",,,13.9,4.45,1169385.65
RBBN,,1,"[0, 0, 0, 0, 0, 0, 0, 0, 1, 0]",,,4.04,1.95,643015.55
CLNE,,1,"[0, 0, 0, 0, 0, 0, 0, 0, 1, 0]",,,3.06,1.57,1758801.1
OVID,,1,"[0, 0, 0, 0, 0, 0, 0, 0, 1, 0]",,,2.96,1.14,1454521.3
APPS,,1,"[0, 0, 0, 0, 0, 0, 0, 0, 1, 0]",,,14.39,2.82,2545441.35
SRTA,,1,"[0, 0, 0, 0, 0, 0, 0, 0, 1, 0]",,,6.47,4.03,856845.0
RIGL,,1,"[0, 0, 0, 0, 0, 0, 0, 0, 1, 0]",,,50.96,25.44,281825.3
NGNE,,1,"[0, 0, 0, 0, 0, 0, 0, 0, 1, 0]",,,42.84,16.37,219158.25
IMXI,,1,"[0, 0, 0, 0, 0, 0, 0, 0, 1, 0]",,,15.94,11.35,457655.85
ZKH,,1,"[0, 0, 0, 0, 0, 0, 0, 0, 1, 0]",,,3.79,2.06,510964.2
PSFE,,1,"[0, 0, 0, 0, 0, 0, 0, 0, 1, 0]",,,14.08,6.01,339334.75
TATT,,1,"[0, 0, 0, 0, 0, 0, 0, 0, 1, 0]",,,61.11,32.08,118491.55
ASMB,,1,"[0, 0, 0, 0, 0, 0, 0, 0, 1, 0]",,,38.5,20.55,315884.65
WEAV,,1,"[0, 0, 0, 0, 0, 0, 0, 0, 1, 0]",,,7.79,4.37,5833619.6
LTBR,,1,"[0, 0, 0, 0, 0, 0, 0, 0, 1, 0]",,,27.72,7.02,591572.9
MTW,,1,"[0, 0, 0, 0, 0, 0, 0, 0, 1, 0]",,,21.41,9.73,372862.4
SGMT,,1,"[0, 0, 0, 0, 0, 0, 0, 0, 1, 0]",,,11.06,4.55,1048169.4
EVH,,1,"[0, 0, 0, 0, 0, 0, 0, 0, 1, 0]",,,9.61,2.17,2405215.55
BMBL,,1,"[0, 0, 0, 0, 0, 0, 0, 0, 1, 0]",,,7.17,2.6,2266196.35
FULC,,1,"[0, 0, 0, 0, 0, 0, 0, 0, 1, 0]",,,14.6,3.14,1734246.65
KLC,,1,"[0, 0, 0, 0, 0, 0, 0, 0, 1, 0]",,,7.46,1.84,937511.85
CLDT,,1,"[0, 0, 0, 0, 0, 0, 0, 0, 1, 0]",,,13.79,6.03,238026.1
ANGO,,1,"[0, 0, 0, 0, 0, 0, 0, 0, 1, 0]",,,16.13,9.7,302951.45
RPD,,1,"[0, 0, 0, 0, 0, 0, 0, 0, 1, 0]",,,20.81,5.05,1801105.45
CTEV,,1,"[0, 0, 0, 0, 0, 0, 0, 0, 1, 0]",,,71.36,13.47,118873.2
CAL,,1,"[0, 0, 0, 0, 0, 0, 0, 0, 1, 0]",,,15.25,8.71,577630.5
ADUR,,1,"[0, 0, 0, 0, 0, 0, 0, 0, 1, 0]",,,17.39,9.19,376419.55
ZURA,,1,"[0, 0, 0, 0, 0, 0, 0, 0, 1, 0]",,,7.04,1.9,1670481.2
ACTG,,1,"[0, 0, 0, 0, 0, 0, 0, 0, 1, 0]",,,5.16,3.2,176901.25
NPWR,,1,"[0, 0, 0, 0, 0, 0, 0, 0, 1, 0]",,,4.85,1.36,929398.1
BLZE,,1,"[0, 0, 0, 0, 0, 0, 0, 0, 1, 0]",,,20.43,3.31,2589695.75
TROO,,1,"[0, 0, 0, 0, 0, 0, 0, 0, 1, 0]",,,5.02,1.13,372642.45
PERI,,1,"[0, 0, 0, 0, 0, 0, 0, 0, 1, 0]",,,11.06,7.71,489747.5
CRNC,,1,"[0, 0, 0, 0, 0, 0, 0, 0, 1, 0]",,,13.3,5.96,682472.7
MCFT,,1,"[0, 0, 0, 0, 0, 0, 0, 0, 1, 0]",,,27.38,17.21,232347.65
GEVO,,1,"[0, 0, 0, 0, 0, 0, 0, 0, 1, 0]",,,2.78,1.4,2097701.75
ADCT,,1,"[0, 0, 0, 0, 0, 0, 0, 0, 1, 0]",,,4.88,0.96,1854137.8
ENTA,,1,"[0, 0, 0, 0, 0, 0, 0, 0, 1, 0]",,,16.85,7.17,252361.9
SPT,,1,"[0, 0, 0, 0, 0, 0, 0, 0, 1, 0]",,,14.67,4.99,1278406.45
TTGT,,1,"[0, 0, 0, 0, 0, 0, 0, 0, 1, 0]",,,6.98,3.4,284810.45
ALMU,,1,"[0, 0, 0, 0, 0, 0, 0, 0, 1, 0]",,,31.49,10.73,446090.1
NVEC,,1,"[0, 0, 0, 0, 0, 0, 0, 0, 1, 0]",,,133.06,55.46,116745.5
AVIR,,1,"[0, 0, 0, 0, 0, 0, 0, 0, 1, 0]",,,6.15,2.82,234488.0
MAGN,,1,"[0, 0, 0, 0, 0, 0, 0, 0, 1, 0]",,,15.26,7.96,369156.8
LXEO,,1,"[0, 0, 0, 0, 0, 0, 0, 0, 1, 0]",,,10.63,4.13,692961.95
BGS,,1,"[0, 0, 0, 0, 0, 0, 0, 0, 1, 0]",,,5.52,3.15,1954859.55
BYND,,1,"[0, 0, 0, 0, 0, 0, 0, 0, 1, 0]",,,108.6,10.21,1373263.55
OEC,,1,"[0, 0, 0, 0, 0, 0, 0, 0, 1, 0]",,,8.92,4.3,391885.7
NEXN,,1,"[0, 0, 0, 0, 0, 0, 0, 0, 1, 0]",,,10.95,5.7,504655.6
NATR,,1,"[0, 0, 0, 0, 0, 0, 0, 0, 1, 0]",,,27.8,13.14,188842.95
PACB,,1,"[0, 0, 0, 0, 0, 0, 0, 0, 1, 0]",,,2.67,1.11,6116617.6
MNPR,,1,"[0, 0, 0, 0, 0, 0, 0, 0, 1, 0]",,,123.84,50.12,159304.3
IVVD,,1,"[0, 0, 0, 0, 0, 0, 0, 0, 1, 0]",,,2.88,0.54,4314190.45
NRC,,1,"[0, 0, 0, 0, 0, 0, 0, 0, 1, 0]",,,22.77,11.13,119053.35
CBAN,,1,"[0, 0, 0, 0, 0, 0, 0, 0, 1, 0]",,,22.27,15.54,117871.7
LOCO,,1,"[0, 0, 0, 0, 0, 0, 0, 0, 1, 0]",,,17.2,9.06,223830.05
EOLS,,1,"[0, 0, 0, 0, 0, 0, 0, 0, 1, 0]",,,9.3,3.94,963947.05
AUTL,,1,"[0, 0, 0, 0, 0, 0, 0, 0, 1, 0]",,,2.54,1.21,2213970.9
XFOR,,1,"[0, 0, 0, 0, 0, 0, 0, 0, 1, 0]",,,4.67,2.86,797421.85
GRRR,,1,"[0, 0, 0, 0, 0, 0, 0, 0, 1, 0]",,,21.78,9.48,1009066.15
ABAT,,1,"[0, 0, 0, 0, 0, 0, 0, 0, 1, 0]",,,11.33,2.04,3325371.5
ASPN,,1,"[0, 0, 0, 0, 0, 0, 0, 0, 1, 0]",,,8.82,2.57,724826.9
SSP,,1,"[0, 0, 0, 0, 0, 0, 0, 0, 1, 0]",,,5.16,1.54,554668.5
VREX,,1,"[0, 0, 0, 0, 0, 0, 0, 0, 1, 0]",,,18.58,9.32,774853.5
LRMR,,1,"[0, 0, 0, 0, 0, 0, 0, 0, 1, 0]",,,5.95,2.81,924051.2
IPSC,,1,"[0, 0, 0, 0, 0, 0, 0, 0, 1, 0]",,,2.94,0.47,404189.7
NEWT,,1,"[0, 0, 0, 0, 0, 0, 0, 0, 1, 0]",,,15.56,9.18,260928.15
VOXR,,1,"[0, 0, 0, 0, 0, 0, 0, 0, 1, 0]",,,6.39,3.43,432729.95
XNET,,1,"[0, 0, 0, 0, 0, 0, 0, 0, 1, 0]",,,10.78,4.66,216497.25
VELO,,1,"[0, 0, 0, 0, 0, 0, 0, 0, 1, 0]",,,30.61,2.97,952415.9
HNST,,1,"[0, 0, 0, 0, 0, 0, 0, 0, 1, 0]",,,5.95,2.1,2263785.35
RCKT,,1,"[0, 0, 0, 0, 0, 0, 0, 0, 1, 0]",,,5.3,2.6,1323472.3
DCTH,,1,"[0, 0, 0, 0, 0, 0, 0, 0, 1, 0]",,,17.36,8.19,404040.65
CDZI,,1,"[0, 0, 0, 0, 0, 0, 0, 0, 1, 0]",,,6.92,2.98,957621.65
OPAL,,1,"[0, 0, 0, 0, 0, 0, 0, 0, 1, 0]",,,2.78,1.78,206642.3
ISTR,,1,"[0, 0, 0, 0, 0, 0, 0, 0, 1, 0]",,,31.1,21.26,100612.4
OSS,,1,"[0, 0, 0, 0, 0, 0, 0, 0, 1, 0]",,,19.95,4.34,784355.35
XPER,,1,"[0, 0, 0, 0, 0, 0, 0, 0, 1, 0]",,,8.64,5.11,451879.6
QUAD,,1,"[0, 0, 0, 0, 0, 0, 0, 0, 1, 0]",,,10.74,4.99,356661.25
FUFU,,1,"[0, 0, 0, 0, 0, 0, 0, 0, 1, 0]",,,4.1,1.23,169908.1
CLPT,,1,"[0, 0, 0, 0, 0, 0, 0, 0, 1, 0]",,,29.6,8.66,560601.65
EGHT,,1,"[0, 0, 0, 0, 0, 0, 0, 0, 1, 0]",,,2.76,1.59,1291017.9
PBYI,,1,"[0, 0, 0, 0, 0, 0, 0, 0, 1, 0]",,,9.69,4.34,295047.5
DVLT,,1,"[0, 0, 0, 0, 0, 0, 0, 0, 1, 0]",,,3.42,0.19,56016658.55
VNDA,,1,"[0, 0, 0, 0, 0, 0, 0, 0, 1, 0]",,,9.56,4.32,752438.05
RNGR,,1,"[0, 0, 0, 0, 0, 0, 0, 0, 1, 0]",,,18.29,12.18,181624.2
AMCX,,1,"[0, 0, 0, 0, 0, 0, 0, 0, 1, 0]",,,12.85,6.52,519648.0
SVCO,,1,"[0, 0, 0, 0, 0, 0, 0, 0, 1, 0]",,,13.79,3.23,312646.7
CLMB,,1,"[0, 0, 0, 0, 0, 0, 0, 0, 1, 0]",,,35.79,16.68,129617.55
API,,1,"[0, 0, 0, 0, 0, 0, 0, 0, 1, 0]",,,5.26,3.24,128801.05
ACCO,,1,"[0, 0, 0, 0, 0, 0, 0, 0, 1, 0]",,,4.42,2.74,682187.65
RMNI,,1,"[0, 0, 0, 0, 0, 0, 0, 0, 1, 0]",,,5.65,2.97,493523.5
SOPH,,1,"[0, 0, 0, 0, 0, 0, 0, 0, 1, 0]",,,8.92,3.17,555951.45
XRX,,1,"[0, 0, 0, 0, 0, 0, 0, 0, 1, 0]",,,3.95,1.21,2281082.8
BNED,,1,"[0, 0, 0, 0, 0, 0, 0, 0, 1, 0]",,,13.65,6.08,304564.35
DDD,,1,"[0, 0, 0, 0, 0, 0, 0, 0, 1, 0]",,,3.88,1.77,2002361.15
DIN,,1,"[0, 0, 0, 0, 0, 0, 0, 0, 1, 0]",,,38.33,22.6,243662.2
TG,,1,"[0, 0, 0, 0, 0, 0, 0, 0, 1, 0]",,,10.35,6.29,149708.8
FRST,,1,"[0, 0, 0, 0, 0, 0, 0, 0, 1, 0]",,,16.67,9.31,144584.1
EVTL,,1,"[0, 0, 0, 0, 0, 0, 0, 0, 1, 0]",,,7.28,0.54,5242722.75
IRD,,1,"[0, 0, 0, 0, 0, 0, 0, 0, 1, 0]",,,6.07,1.37,4630948.25
LE,,1,"[0, 0, 0, 0, 0, 0, 0, 0, 1, 0]",,,19.15,10.09,186413.25
QUIK,,1,"[0, 0, 0, 0, 0, 0, 0, 0, 1, 0]",,,23.74,5.49,238318.9
TLS,,1,"[0, 0, 0, 0, 0, 0, 0, 0, 1, 0]",,,7.76,3.88,616213.65
SHIP,,1,"[0, 0, 0, 0, 0, 0, 0, 0, 1, 0]",,,18.92,7.38,336174.25
DBI,,1,"[0, 0, 0, 0, 0, 0, 0, 0, 1, 0]",,,9.04,3.09,675658.6
ALTO,,1,"[0, 0, 0, 0, 0, 0, 0, 0, 1, 0]",,,5.99,0.92,1387566.85
PAYS,,1,"[0, 0, 0, 0, 0, 0, 0, 0, 1, 0]",,,14.14,3.18,745271.1
VMD,,1,"[0, 0, 0, 0, 0, 0, 0, 0, 1, 0]",,,12.33,6.26,356823.75
CURR,,1,"[0, 0, 0, 0, 0, 0, 0, 0, 1, 0]",,,4.49,1.38,705593.75
MEI,,1,"[0, 0, 0, 0, 0, 0, 0, 0, 1, 0]",,,19.36,5.0,820272.55
NAUT,,1,"[0, 0, 0, 0, 0, 0, 0, 0, 1, 0]",,,3.95,0.68,915828.45
DMAC,,1,"[0, 0, 0, 0, 0, 0, 0, 0, 1, 0]",,,9.39,5.33,131760.25
CAN,,1,"[0, 0, 0, 0, 0, 0, 0, 0, 1, 0]",,,2.05,0.17,25416825.35
NMRA,,1,"[0, 0, 0, 0, 0, 0, 0, 0, 1, 0]",,,3.59,0.92,761013.45
HLLY,,1,"[0, 0, 0, 0, 0, 0, 0, 0, 1, 0]",,,4.39,2.36,1043331.75
LVWR,,1,"[0, 0, 0, 0, 0, 0, 0, 0, 1, 0]",,,6.21,0.65,437388.55
IMRX,,1,"[0, 0, 0, 0, 0, 0, 0, 0, 1, 0]",,,9.26,3.92,641299.55
TSSI,,1,"[0, 0, 0, 0, 0, 0, 0, 0, 1, 0]",,,20.42,6.92,936047.65
SLP,,1,"[0, 0, 0, 0, 0, 0, 0, 0, 1, 0]",,,20.84,11.36,181123.1
ABEO,,1,"[0, 0, 0, 0, 0, 0, 0, 0, 1, 0]",,,7.46,4.17,1179659.45
REPL,,1,"[0, 0, 0, 0, 0, 0, 0, 0, 1, 0]",,,15.98,1.7,2435700.2
DSX,,1,"[0, 0, 0, 0, 0, 0, 0, 0, 1, 0]",,,3.01,1.55,1250139.45
STRZ,,1,"[0, 0, 0, 0, 0, 0, 0, 0, 1, 0]",,,30.21,8.65,179930.0
SLN,,1,"[0, 0, 0, 0, 0, 0, 0, 0, 1, 0]",,,15.43,4.3,756439.5
ATOM,,1,"[0, 0, 0, 0, 0, 0, 0, 0, 1, 0]",,,12.11,1.99,444600.65
BRCC,,1,"[0, 0, 0, 0, 0, 0, 0, 0, 1, 0]",,,17.8,6.25,143269.9
TYGO,,1,"[0, 0, 0, 0, 0, 0, 0, 0, 1, 0]",,,5.16,1.02,640867.0
PINE,,1,"[0, 0, 0, 0, 0, 0, 0, 0, 1, 0]",,,21.38,12.36,110681.55
AZ,,1,"[0, 0, 0, 0, 0, 0, 0, 0, 1, 0]",,,8.81,5.12,510443.05
ZNTL,,1,"[0, 0, 0, 0, 0, 0, 0, 0, 1, 0]",,,6.61,1.28,932627.85
RPAY,,1,"[0, 0, 0, 0, 0, 0, 0, 0, 1, 0]",,,5.75,2.4,393619.25
ASYS,,1,"[0, 0, 0, 0, 0, 0, 0, 0, 1, 0]",,,23.99,7.05,452741.4
NVCT,,1,"[0, 0, 0, 0, 0, 0, 0, 0, 1, 0]",,,28.53,5.65,204116.15
MASS,,1,"[0, 0, 0, 0, 0, 0, 0, 0, 1, 0]",,,11.1,5.09,419157.15
FLWS,,1,"[0, 0, 0, 0, 0, 0, 0, 0, 1, 0]",,,5.65,3.0,296561.35
RZLT,,1,"[0, 0, 0, 0, 0, 0, 0, 0, 1, 0]",,,10.94,1.4,1396575.9
PRLD,,1,"[0, 0, 0, 0, 0, 0, 0, 0, 1, 0]",,,6.63,0.99,546492.55
GSIT,,1,"[0, 0, 0, 0, 0, 0, 0, 0, 1, 0]",,,12.97,3.39,454777.95
ZIP,,1,"[0, 0, 0, 0, 0, 0, 0, 0, 1, 0]",,,5.49,1.69,1138642.3
EDIT,,1,"[0, 0, 0, 0, 0, 0, 0, 0, 1, 0]",,,4.15,1.66,2759225.4
RILY,,1,"[0, 0, 0, 0, 0, 0, 0, 0, 1, 0]",,,10.68,3.72,484964.8
CXDO,,1,"[0, 0, 0, 0, 0, 0, 0, 0, 1, 0]",,,10.47,5.6,260305.3
PALI,,1,"[0, 0, 0, 0, 0, 0, 0, 0, 1, 0]",,,2.8,0.58,1776868.05
BKKT,,1,"[0, 0, 0, 0, 0, 0, 0, 0, 1, 0]",,,45.04,6.85,1505451.2
SMWB,,1,"[0, 0, 0, 0, 0, 0, 0, 0, 1, 0]",,,10.0,2.33,744944.5
SY,,1,"[0, 0, 0, 0, 0, 0, 0, 0, 1, 0]",,,4.47,1.32,1091686.4
VFF,,1,"[0, 0, 0, 0, 0, 0, 0, 0, 1, 0]",,,4.18,1.84,818082.85
ELDN,,1,"[0, 0, 0, 0, 0, 0, 0, 0, 1, 0]",,,4.36,1.39,955793.2
FNKO,,1,"[0, 0, 0, 0, 0, 0, 0, 0, 1, 0]",,,7.1,2.81,1096290.3
VLN,,1,"[0, 0, 0, 0, 0, 0, 0, 0, 1, 0]",,,3.53,1.11,722472.05
SGHT,,1,"[0, 0, 0, 0, 0, 0, 0, 0, 1, 0]",,,9.05,3.2,194231.0
SHMD,,1,"[0, 0, 0, 0, 0, 0, 0, 0, 1, 0]",,,10.42,2.18,812829.2
OPTX,,1,"[0, 0, 0, 0, 0, 0, 0, 0, 1, 0]",,,14.11,1.25,212561.75
ACIU,,1,"[0, 0, 0, 0, 0, 0, 0, 0, 1, 0]",,,3.99,2.12,187686.5
MBI,,1,"[0, 0, 0, 0, 0, 0, 0, 0, 1, 0]",,,7.9,4.57,499689.45
TARA,,1,"[0, 0, 0, 0, 0, 0, 0, 0, 1, 0]",,,7.56,3.03,369804.2
PDYN,,1,"[0, 0, 0, 0, 0, 0, 0, 0, 1, 0]",,,10.3,4.15,730358.2
CCCC,,1,"[0, 0, 0, 0, 0, 0, 0, 0, 1, 0]",,,4.67,1.71,2067393.05
DEFT,,1,"[0, 0, 0, 0, 0, 0, 0, 0, 1, 0]",,,2.72,0.39,2904262.8
USAU,,1,"[0, 0, 0, 0, 0, 0, 0, 0, 1, 0]",,,22.6,12.65,179070.55
FATE,,1,"[0, 0, 0, 0, 0, 0, 0, 0, 1, 0]",,,3.11,0.95,1221732.75
TWIN,,1,"[0, 0, 0, 0, 0, 0, 0, 0, 1, 0]",,,25.11,13.19,102329.9
CGEN,,1,"[0, 0, 0, 0, 0, 0, 0, 0, 1, 0]",,,3.1,1.33,300118.45
ALXO,,1,"[0, 0, 0, 0, 0, 0, 0, 0, 1, 0]",,,2.6,1.05,691140.95
ACH,,1,"[0, 0, 0, 0, 0, 0, 0, 0, 1, 0]",,,5.55,0.95,1414232.75
CNDT,,1,"[0, 0, 0, 0, 0, 0, 0, 0, 1, 0]",,,2.96,1.16,971898.2
AIRS,,1,"[0, 0, 0, 0, 0, 0, 0, 0, 1, 0]",,,11.65,1.58,892025.9
IKT,,1,"[0, 0, 0, 0, 0, 0, 0, 0, 1, 0]",,,2.52,1.41,403263.8
PRE,,1,"[0, 0, 0, 0, 0, 0, 0, 0, 1, 0]",,,26.25,9.49,300297.3
RDCM,,1,"[0, 0, 0, 0, 0, 0, 0, 0, 1, 0]",,,16.14,9.91,133551.55
CHRS,,1,"[0, 0, 0, 0, 0, 0, 0, 0, 1, 0]",,,2.51,1.1,1105837.15
ARTV,,1,"[0, 0, 0, 0, 0, 0, 0, 0, 1, 0]",,,13.39,2.28,281025.3
SIDU,,1,"[0, 0, 0, 0, 0, 0, 0, 0, 1, 0]",,,6.2,0.63,3312843.75
TRDA,,1,"[0, 0, 0, 0, 0, 0, 0, 0, 1, 0]",,,16.03,5.06,283564.65
LAW,,1,"[0, 0, 0, 0, 0, 0, 0, 0, 1, 0]",,,8.91,2.76,214069.95
OPRT,,1,"[0, 0, 0, 0, 0, 0, 0, 0, 1, 0]",,,8.09,4.13,331238.1
JACK,,1,"[0, 0, 0, 0, 0, 0, 0, 0, 1, 0]",,,23.52,9.4,577592.1
ARCT,,1,"[0, 0, 0, 0, 0, 0, 0, 0, 1, 0]",,,23.16,5.53,1532998.15
FOSL,,1,"[0, 0, 0, 0, 0, 0, 0, 0, 1, 0]",,,6.09,1.79,716587.4
INSG,,1,"[0, 0, 0, 0, 0, 0, 0, 0, 1, 0]",,,20.29,4.02,258615.35
FHTX,,1,"[0, 0, 0, 0, 0, 0, 0, 0, 1, 0]",,,7.07,3.53,404247.35
CDXS,,1,"[0, 0, 0, 0, 0, 0, 0, 0, 1, 0]",,,2.85,0.98,923038.4
VUZI,,1,"[0, 0, 0, 0, 0, 0, 0, 0, 1, 0]",,,5.14,2.03,870921.5
NXDT,,1,"[0, 0, 0, 0, 0, 0, 0, 0, 1, 0]",,,5.78,2.4,168612.5
SILC,,1,"[0, 0, 0, 0, 0, 0, 0, 0, 1, 0]",,,50.98,13.5,186622.25
RNAC,,1,"[0, 0, 0, 0, 0, 0, 0, 0, 1, 0]",,,10.59,5.84,123747.25
NBP,,1,"[0, 0, 0, 0, 0, 0, 0, 0, 1, 0]",,,6.56,1.47,258693.9
XPOF,,1,"[0, 0, 0, 0, 0, 0, 0, 0, 1, 0]",,,9.0,4.03,597573.65
PROF,,1,"[0, 0, 0, 0, 0, 0, 0, 0, 1, 0]",,,8.65,3.97,122303.8
NVA,,1,"[0, 0, 0, 0, 0, 0, 0, 0, 1, 0]",,,14.37,2.43,341023.15
CANG,,1,"[0, 0, 0, 0, 0, 0, 0, 0, 1, 0]",,,24.15,1.4,559908.1
LTRX,,1,"[0, 0, 0, 0, 0, 0, 0, 0, 1, 0]",,,8.45,4.48,1170911.6
VYGR,,1,"[0, 0, 0, 0, 0, 0, 0, 0, 1, 0]",,,5.33,3.0,428036.05
DUOT,,1,"[0, 0, 0, 0, 0, 0, 0, 0, 1, 0]",,,14.64,6.3,1401897.7
AIRJ,,1,"[0, 0, 0, 0, 0, 0, 0, 0, 1, 0]",,,6.59,2.51,1108396.55
EAF,,1,"[0, 0, 0, 0, 0, 0, 0, 0, 1, 0]",,,19.82,5.23,389423.65
OSG,,1,"[0, 0, 0, 0, 0, 0, 0, 0, 1, 0]",,,10.08,3.94,502082.15
OABI,,1,"[0, 0, 0, 0, 0, 0, 0, 0, 1, 0]",,,5.04,1.36,2694776.25
SPCE,,1,"[0, 0, 0, 0, 0, 0, 0, 0, 1, 0]",,,7.52,2.17,5180063.65
POWW,,1,"[0, 0, 0, 0, 0, 0, 0, 0, 1, 0]",,,2.56,1.42,464260.35
OBIO,,1,"[0, 0, 0, 0, 0, 0, 0, 0, 1, 0]",,,6.12,2.35,406170.8
ALTG,,1,"[0, 0, 0, 0, 0, 0, 0, 0, 1, 0]",,,8.3,4.19,172057.8
HUMA,,1,"[0, 0, 0, 0, 0, 0, 0, 0, 1, 0]",,,2.48,0.55,6926085.3
LOVE,,1,"[0, 0, 0, 0, 0, 0, 0, 0, 1, 0]",,,18.7,10.54,266808.3
ALEC,,1,"[0, 0, 0, 0, 0, 0, 0, 0, 1, 0]",,,3.32,1.14,1639582.65
UIS,,1,"[0, 0, 0, 0, 0, 0, 0, 0, 1, 0]",,,4.78,2.0,566353.3
LFMD,,1,"[0, 0, 0, 0, 0, 0, 0, 0, 1, 0]",,,6.97,2.64,719507.85
WALD,,1,"[0, 0, 0, 0, 0, 0, 0, 0, 1, 0]",,,3.08,0.76,311050.3
BZAI,,1,"[0, 0, 0, 0, 0, 0, 0, 0, 1, 0]",,,6.29,0.45,4709908.65
HRTX,,1,"[0, 0, 0, 0, 0, 0, 0, 0, 1, 0]",,,1.49,0.3,2064084.75
GPRO,,1,"[0, 0, 0, 0, 0, 0, 0, 0, 1, 0]",,,2.88,0.57,89899647.45
CRNT,,1,"[0, 0, 0, 0, 0, 0, 0, 0, 1, 0]",,,3.2,1.89,306754.95
NKTX,,1,"[0, 0, 0, 0, 0, 0, 0, 0, 1, 0]",,,3.67,1.73,576378.95
AREC,,1,"[0, 0, 0, 0, 0, 0, 0, 0, 1, 0]",,,6.71,1.55,1674293.1
MIST,,1,"[0, 0, 0, 0, 0, 0, 0, 0, 1, 0]",,,2.95,0.98,1620257.45
IMPP,,1,"[0, 0, 0, 0, 0, 0, 0, 0, 1, 0]",,,6.35,3.22,523748.0
RELL,,1,"[0, 0, 0, 0, 0, 0, 0, 0, 1, 0]",,,21.76,9.31,157276.3
OSUR,,1,"[0, 0, 0, 0, 0, 0, 0, 0, 1, 0]",,,4.5,2.11,427799.75
CNTX,,1,"[0, 0, 0, 0, 0, 0, 0, 0, 1, 0]",,,3.36,0.35,1974529.1
MVIS,,1,"[0, 0, 0, 0, 0, 0, 0, 0, 1, 0]",,,21.45,1.59,1654198.45
AMPY,,1,"[0, 0, 0, 0, 0, 0, 0, 0, 1, 0]",,,6.63,3.67,629707.3
TNYA,,1,"[0, 0, 0, 0, 0, 0, 0, 0, 1, 0]",,,2.1,0.55,1849700.2
SMRT,,1,"[0, 0, 0, 0, 0, 0, 0, 0, 1, 0]",,,2.12,0.95,785893.6
SRI,,1,"[0, 0, 0, 0, 0, 0, 0, 0, 1, 0]",,,9.17,4.72,110218.75
FF,,1,"[0, 0, 0, 0, 0, 0, 0, 0, 1, 0]",,,6.36,2.99,356982.85
ANNA,,1,"[0, 0, 0, 0, 0, 0, 0, 0, 1, 0]",,,10.24,2.31,255386.25
INSE,,1,"[0, 0, 0, 0, 0, 0, 0, 0, 1, 0]",,,9.82,5.1,208214.75
SND,,1,"[0, 0, 0, 0, 0, 0, 0, 0, 1, 0]",,,5.7,1.78,209091.0
SABS,,1,"[0, 0, 0, 0, 0, 0, 0, 0, 1, 0]",,,4.59,1.95,302848.7
SHIM,,1,"[0, 0, 0, 0, 0, 0, 0, 0, 1, 0]",,,6.67,2.05,171288.1
SLNH,,1,"[0, 0, 0, 0, 0, 0, 0, 0, 1, 0]",,,4.42,0.61,8852214.0
DMRC,,1,"[0, 0, 0, 0, 0, 0, 0, 0, 1, 0]",,,16.43,4.36,134470.35
PLBY,,1,"[0, 0, 0, 0, 0, 0, 0, 0, 1, 0]",,,2.71,1.11,449300.2
TONX,,1,"[0, 0, 0, 0, 0, 0, 0, 0, 1, 0]",,,7.35,1.8,352735.55
TKNO,,1,"[0, 0, 0, 0, 0, 0, 0, 0, 1, 0]",,,7.46,1.99,201606.45
KLTR,,1,"[0, 0, 0, 0, 0, 0, 0, 0, 1, 0]",,,1.89,1.08,237182.45
EGAN,,1,"[0, 0, 0, 0, 0, 0, 0, 0, 1, 0]",,,15.46,5.11,241233.2
PESI,,1,"[0, 0, 0, 0, 0, 0, 0, 0, 1, 0]",,,19.43,8.19,281564.25
TENX,,1,"[0, 0, 0, 0, 0, 0, 0, 0, 1, 0]",,,18.32,1.38,7222100.45
UNCY,,1,"[0, 0, 0, 0, 0, 0, 0, 0, 1, 0]",,,8.56,3.74,747315.35
DPRO,,1,"[0, 0, 0, 0, 0, 0, 0, 0, 1, 0]",,,13.77,3.8,1739045.75
DTIL,,1,"[0, 0, 0, 0, 0, 0, 0, 0, 1, 0]",,,9.28,3.57,259407.4
VERI,,1,"[0, 0, 0, 0, 0, 0, 0, 0, 1, 0]",,,8.39,0.79,4550008.95
SLQT,,1,"[0, 0, 0, 0, 0, 0, 0, 0, 1, 0]",,,2.13,0.5,1434133.4
ANIK,,1,"[0, 0, 0, 0, 0, 0, 0, 0, 1, 0]",,,22.03,8.65,102838.3
QSI,,1,"[0, 0, 0, 0, 0, 0, 0, 0, 1, 0]",,,2.63,0.7,2266524.65
KPTI,,1,"[0, 0, 0, 0, 0, 0, 0, 0, 1, 0]",,,10.67,1.61,1313622.45
CRBP,,1,"[0, 0, 0, 0, 0, 0, 0, 0, 1, 0]",,,19.36,7.38,1102352.8
DGXX,,1,"[0, 0, 0, 0, 0, 0, 0, 0, 1, 0]",,,8.46,1.89,2201367.85
KRMD,,1,"[0, 0, 0, 0, 0, 0, 0, 0, 1, 0]",,,6.52,3.15,183830.9
CRBU,,1,"[0, 0, 0, 0, 0, 0, 0, 0, 1, 0]",,,2.84,1.27,1136434.6
BHR,,1,"[0, 0, 0, 0, 0, 0, 0, 0, 1, 0]",,,3.14,1.84,361591.15
INGN,,1,"[0, 0, 0, 0, 0, 0, 0, 0, 1, 0]",,,8.95,5.18,240670.3
MGNX,,1,"[0, 0, 0, 0, 0, 0, 0, 0, 1, 0]",,,4.86,1.33,443267.85
ATLX,,1,"[0, 0, 0, 0, 0, 0, 0, 0, 1, 0]",,,7.45,2.56,207661.05
TLSA,,1,"[0, 0, 0, 0, 0, 0, 0, 0, 1, 0]",,,2.29,0.89,769346.35
IFRX,,1,"[0, 0, 0, 0, 0, 0, 0, 0, 1, 0]",,,2.74,0.82,812853.55
ELTX,,1,"[0, 0, 0, 0, 0, 0, 0, 0, 1, 0]",,,14.85,2.05,338311.2
CVGI,,1,"[0, 0, 0, 0, 0, 0, 0, 0, 1, 0]",,,5.78,1.34,246776.65
ABOS,,1,"[0, 0, 0, 0, 0, 0, 0, 0, 1, 0]",,,3.37,1.23,369964.7
DOUG,,1,"[0, 0, 0, 0, 0, 0, 0, 0, 1, 0]",,,3.11,1.56,406035.65
AMTX,,1,"[0, 0, 0, 0, 0, 0, 0, 0, 1, 0]",,,3.66,1.32,780376.95
SKYX,,1,"[0, 0, 0, 0, 0, 0, 0, 0, 1, 0]",,,3.13,0.95,1024401.35
CVRX,,1,"[0, 0, 0, 0, 0, 0, 0, 0, 1, 0]",,,10.81,2.37,746573.8
LFCR,,1,"[0, 0, 0, 0, 0, 0, 0, 0, 1, 0]",,,8.82,3.66,139999.75
EPSN,,1,"[0, 0, 0, 0, 0, 0, 0, 0, 1, 0]",,,6.42,4.16,165302.65
ADAG,,1,"[0, 0, 0, 0, 0, 0, 0, 0, 1, 0]",,,4.78,1.4,217139.45
DOMO,,1,"[0, 0, 0, 0, 0, 0, 0, 0, 1, 0]",,,18.2,2.0,1247364.3
PYXS,,1,"[0, 0, 0, 0, 0, 0, 0, 0, 1, 0]",,,5.34,1.06,948490.05
BDTX,,1,"[0, 0, 0, 0, 0, 0, 0, 0, 1, 0]",,,4.87,1.61,551456.55
CNTN,,1,"[0, 0, 0, 0, 0, 0, 0, 0, 1, 0]",,,5.48,1.85,638337.6
TBI,,1,"[0, 0, 0, 0, 0, 0, 0, 0, 1, 0]",,,10.85,3.31,253618.95
THRY,,1,"[0, 0, 0, 0, 0, 0, 0, 0, 1, 0]",,,12.51,1.79,729617.45
HYPR,,1,"[0, 0, 0, 0, 0, 0, 0, 0, 1, 0]",,,2.2,0.79,476568.5
ORMP,,1,"[0, 0, 0, 0, 0, 0, 0, 0, 1, 0]",,,5.34,2.04,231504.7
RFIL,,1,"[0, 0, 0, 0, 0, 0, 0, 0, 1, 0]",,,21.5,5.65,233111.45
MX,,1,"[0, 0, 0, 0, 0, 0, 0, 0, 1, 0]",,,8.93,2.27,342826.35
OWLT,,1,"[0, 0, 0, 0, 0, 0, 0, 0, 1, 0]",,,16.52,4.44,239606.95
KZIA,,1,"[0, 0, 0, 0, 0, 0, 0, 0, 1, 0]",,,16.9,5.0,326500.5
ONL,,1,"[0, 0, 0, 0, 0, 0, 0, 0, 1, 0]",,,2.98,1.86,267902.75
IMDX,,1,"[0, 0, 0, 0, 0, 0, 0, 0, 1, 0]",,,8.48,2.55,156881.95
ANTX,,1,"[0, 0, 0, 0, 0, 0, 0, 0, 1, 0]",,,6.28,1.03,216129.25
IMUX,,1,"[0, 0, 0, 0, 0, 0, 0, 0, 1, 0]",,,16.9,5.1,276448.3
CURV,,1,"[0, 0, 0, 0, 0, 0, 0, 0, 1, 0]",,,2.75,0.97,449001.9
APYX,,1,"[0, 0, 0, 0, 0, 0, 0, 0, 1, 0]",,,4.86,2.02,133790.8
RGP,,1,"[0, 0, 0, 0, 0, 0, 0, 0, 1, 0]",,,5.13,3.36,276206.65
CHPT,,1,"[0, 0, 0, 0, 0, 0, 0, 0, 1, 0]",,,12.34,4.51,3804244.55
WATT,,1,"[0, 0, 0, 0, 0, 0, 0, 0, 1, 0]",,,35.33,3.76,154446.2
DHX,,1,"[0, 0, 0, 0, 0, 0, 0, 0, 1, 0]",,,4.64,1.5,295452.7
HURA,,1,"[0, 0, 0, 0, 0, 0, 0, 0, 1, 0]",,,3.15,0.44,214254.65
BZUN,,1,"[0, 0, 0, 0, 0, 0, 0, 0, 1, 0]",,,4.6,2.1,167180.3
IDN,,1,"[0, 0, 0, 0, 0, 0, 0, 0, 1, 0]",,,8.99,2.6,412118.6
SPRO,,1,"[0, 0, 0, 0, 0, 0, 0, 0, 1, 0]",,,2.98,1.12,374998.5
NNBR,,1,"[0, 0, 0, 0, 0, 0, 0, 0, 1, 0]",,,4.11,1.14,1394527.05
CRDL,,1,"[0, 0, 0, 0, 0, 0, 0, 0, 1, 0]",,,2.29,0.93,1693346.45
AGEN,,1,"[0, 0, 0, 0, 0, 0, 0, 0, 1, 0]",,,8.36,2.77,1015525.65
JELD,,1,"[0, 0, 0, 0, 0, 0, 0, 0, 1, 0]",,,6.38,0.95,1763188.85
VWAV,,1,"[0, 0, 0, 0, 0, 0, 0, 0, 1, 0]",,,14.18,0.46,2059714.7
RDZN,,1,"[0, 0, 0, 0, 0, 0, 0, 0, 1, 0]",,,2.41,0.83,306864.3
MBOT,,1,"[0, 0, 0, 0, 0, 0, 0, 0, 1, 0]",,,3.48,1.44,572376.7
QMCO,,1,"[0, 0, 0, 0, 0, 0, 0, 0, 1, 0]",,,26.11,4.31,1133918.0
MED,,1,"[0, 0, 0, 0, 0, 0, 0, 0, 1, 0]",,,14.57,9.45,111401.55
GNLX,,1,"[0, 0, 0, 0, 0, 0, 0, 0, 1, 0]",,,8.24,2.3,329819.25
EMPD,,1,"[0, 0, 0, 0, 0, 0, 0, 0, 1, 0]",,,8.0,2.52,334184.35
GALT,,1,"[0, 0, 0, 0, 0, 0, 0, 0, 1, 0]",,,6.51,2.08,320982.05
BNC,,1,"[0, 0, 0, 0, 0, 0, 0, 0, 1, 0]",,,16.47,1.99,4618789.85
SPWR,,1,"[0, 0, 0, 0, 0, 0, 0, 0, 1, 0]",,,2.11,0.22,19402970.6
NTHI,,1,"[0, 0, 0, 0, 0, 0, 0, 0, 1, 0]",,,12.09,3.21,207250.25
VRCA,,1,"[0, 0, 0, 0, 0, 0, 0, 0, 1, 0]",,,9.1,3.28,110100.05
SRFM,,1,"[0, 0, 0, 0, 0, 0, 0, 0, 1, 0]",,,5.45,0.51,2111154.9
EQ,,1,"[0, 0, 0, 0, 0, 0, 0, 0, 1, 0]",,,3.2,0.84,403560.9
TTEC,,1,"[0, 0, 0, 0, 0, 0, 0, 0, 1, 0]",,,3.88,1.27,385689.65
DFDV,,1,"[0, 0, 0, 0, 0, 0, 0, 0, 1, 0]",,,18.51,2.47,2109169.05
BNAI,,1,"[0, 0, 0, 0, 0, 0, 0, 0, 1, 0]",,,63.0,1.2,121000.65
TMCI,,1,"[0, 0, 0, 0, 0, 0, 0, 0, 1, 0]",,,7.22,1.2,258117.7
CHGG,,1,"[0, 0, 0, 0, 0, 0, 0, 0, 1, 0]",,,1.84,0.45,1376989.5
HSDT,,1,"[0, 0, 0, 0, 0, 0, 0, 0, 1, 0]",,,24.13,1.27,391872.0
SAFX,,1,"[0, 0, 0, 0, 0, 0, 0, 0, 1, 0]",,,1.44,0.14,3607781.05
AIFC,,1,"[0, 0, 0, 0, 0, 0, 0, 0, 1, 0]",,,3.92,0.37,948523.4
SUIG,,1,"[0, 0, 0, 0, 0, 0, 0, 0, 1, 0]",,,4.6,0.81,708232.75
INVE,,1,"[0, 0, 0, 0, 0, 0, 0, 0, 1, 0]",,,5.29,2.5,184106.2
GCTS,,1,"[0, 0, 0, 0, 0, 0, 0, 0, 1, 0]",,,3.73,0.99,1643242.0
FFAI,,1,"[0, 0, 0, 0, 0, 0, 0, 0, 1, 0]",,,265.5,1.67,972854.7
PEPG,,1,"[0, 0, 0, 0, 0, 0, 0, 0, 1, 0]",,,7.17,1.35,724843.5
BLNK,,1,"[0, 0, 0, 0, 0, 0, 0, 0, 1, 0]",,,2.5,0.47,1159078.3
GUTS,,1,"[0, 0, 0, 0, 0, 0, 0, 0, 1, 0]",,,2.37,0.39,1630737.2
INO,,1,"[0, 0, 0, 0, 0, 0, 0, 0, 1, 0]",,,2.65,0.66,3840969.75
RANI,,1,"[0, 0, 0, 0, 0, 0, 0, 0, 1, 0]",,,2.85,0.46,643252.35
CMTL,,1,"[0, 0, 0, 0, 0, 0, 0, 0, 1, 0]",,,5.98,1.46,327933.25
VRA,,1,"[0, 0, 0, 0, 0, 0, 0, 0, 1, 0]",,,4.26,1.8,111690.05
TUSK,,1,"[0, 0, 0, 0, 0, 0, 0, 0, 1, 0]",,,3.84,1.73,141526.0
STIM,,1,"[0, 0, 0, 0, 0, 0, 0, 0, 1, 0]",,,3.3,1.18,1320405.7
CUE,,1,"[0, 0, 0, 0, 0, 0, 0, 0, 1, 0]",,,36.78,5.31,163749.5
ARQ,,1,"[0, 0, 0, 0, 0, 0, 0, 0, 1, 0]",,,7.4,1.64,214054.65
HCAT,,1,"[0, 0, 0, 0, 0, 0, 0, 0, 1, 0]",,,3.46,1.0,509356.15
BMEA,,1,"[0, 0, 0, 0, 0, 0, 0, 0, 1, 0]",,,2.67,0.96,2298827.95
CBUS,,1,"[0, 0, 0, 0, 0, 0, 0, 0, 1, 0]",,,4.05,1.16,101727.45
ANPA,,1,"[0, 0, 0, 0, 0, 0, 0, 0, 1, 0]",,,157.89,2.62,289573.8
HOVR,,1,"[0, 0, 0, 0, 0, 0, 0, 0, 1, 0]",,,3.91,1.2,613292.55
CGTX,,1,"[0, 0, 0, 0, 0, 0, 0, 0, 1, 0]",,,1.95,0.6,354598.05
FLL,,1,"[0, 0, 0, 0, 0, 0, 0, 0, 1, 0]",,,3.49,1.97,141172.4
CYPH,,1,"[0, 0, 0, 0, 0, 0, 0, 0, 1, 0]",,,2.97,0.29,13479349.1
CRGO,,1,"[0, 0, 0, 0, 0, 0, 0, 0, 1, 0]",,,4.1,1.15,420130.9
DTI,,1,"[0, 0, 0, 0, 0, 0, 0, 0, 1, 0]",,,4.49,1.92,179463.15
BTCS,,1,"[0, 0, 0, 0, 0, 0, 0, 0, 1, 0]",,,5.96,0.98,2963300.5
ZVIA,,1,"[0, 0, 0, 0, 0, 0, 0, 0, 1, 0]",,,2.73,1.13,404053.6
ALDX,,1,"[0, 0, 0, 0, 0, 0, 0, 0, 1, 0]",,,5.74,1.24,692794.15
EXFY,,1,"[0, 0, 0, 0, 0, 0, 0, 0, 1, 0]",,,2.72,0.75,651011.15
ONCY,,1,"[0, 0, 0, 0, 0, 0, 0, 0, 1, 0]",,,1.42,0.75,891317.05
TEAD,,1,"[0, 0, 0, 0, 0, 0, 0, 0, 1, 0]",,,1.75,0.47,193710.15
NRXP,,1,"[0, 0, 0, 0, 0, 0, 0, 0, 1, 0]",,,4.62,1.68,680437.4
OCCI,2.56,3,"[1, 0, 0, 0, 0, 0, 0, 0, 1, 1]",2.5,3.09,4.8,2.23,179595.85
ARBE,,1,"[0, 0, 0, 0, 0, 0, 0, 0, 1, 0]",,,2.69,0.56,6666543.45
TLYS,,1,"[0, 0, 0, 0, 0, 0, 0, 0, 1, 0]",,,5.45,1.18,1320837.9
UPXI,,1,"[0, 0, 0, 0, 0, 0, 0, 0, 1, 0]",,,7.7,0.56,4164866.3
LGO,,1,"[0, 0, 0, 0, 0, 0, 0, 0, 1, 0]",,,2.52,0.58,621541.4
BAER,,1,"[0, 0, 0, 0, 0, 0, 0, 0, 1, 0]",,,3.27,1.04,976948.6
SEV,,1,"[0, 0, 0, 0, 0, 0, 0, 0, 1, 0]",,,10.84,1.41,295684.5
FRMM,,1,"[0, 0, 0, 0, 0, 0, 0, 0, 1, 0]",,,25.8,1.79,121961.75
ATYR,,1,"[0, 0, 0, 0, 0, 0, 0, 0, 1, 0]",,,1.08,0.4,722696.85
OCC,,1,"[0, 0, 0, 0, 0, 0, 0, 0, 1, 0]",,,26.92,4.16,296311.25
QTTB,,1,"[0, 0, 0, 0, 0, 0, 0, 0, 1, 0]",,,21.38,1.74,548195.25
STEX,,1,"[0, 0, 0, 0, 0, 0, 0, 0, 1, 0]",,,7.0,0.66,971102.05
LIDR,,1,"[0, 0, 0, 0, 0, 0, 0, 0, 1, 0]",,,3.35,1.02,7618259.4
VHUB,,1,"[0, 0, 0, 0, 0, 0, 0, 0, 1, 0]",,,8.08,0.59,130814.95
MXCT,,1,"[0, 0, 0, 0, 0, 0, 0, 0, 1, 0]",,,1.83,0.68,499142.9
AVD,,1,"[0, 0, 0, 0, 0, 0, 0, 0, 1, 0]",,,5.81,2.06,309766.1
NAMM,,1,"[0, 0, 0, 0, 0, 0, 0, 0, 1, 0]",,,6.4,0.92,490313.9
SPAI,,1,"[0, 0, 0, 0, 0, 0, 0, 0, 1, 0]",,,8.95,3.23,177488.1
BTMD,,1,"[0, 0, 0, 0, 0, 0, 0, 0, 1, 0]",,,3.45,1.3,340018.4
GRWG,,1,"[0, 0, 0, 0, 0, 0, 0, 0, 1, 0]",,,2.2,1.04,286317.3
DTCX,,1,"[0, 0, 0, 0, 0, 0, 0, 0, 1, 0]",,,5.54,1.63,320751.25
PN,,1,"[0, 0, 0, 0, 0, 0, 0, 0, 1, 0]",,,23.67,2.21,138535.25
TCRX,,1,"[0, 0, 0, 0, 0, 0, 0, 0, 1, 0]",,,2.52,0.32,1095880.15
DOMH,,1,"[0, 0, 0, 0, 0, 0, 0, 0, 1, 0]",,,6.22,1.94,151790.45
ANVS,,1,"[0, 0, 0, 0, 0, 0, 0, 0, 1, 0]",,,5.1,1.12,1188675.55
ZSQR,,1,"[0, 0, 0, 0, 0, 0, 0, 0, 1, 0]",,,18.8,2.91,350169.45
ACRV,,1,"[0, 0, 0, 0, 0, 0, 0, 0, 1, 0]",,,3.01,1.29,335915.9
AFCG,,1,"[0, 0, 0, 0, 0, 0, 0, 0, 1, 0]",,,4.33,2.02,115755.2
PMVP,,1,"[0, 0, 0, 0, 0, 0, 0, 0, 1, 0]",,,1.8,1.02,776844.0
MDAI,,1,"[0, 0, 0, 0, 0, 0, 0, 0, 1, 0]",,,2.68,1.2,121747.0
CPSH,,1,"[0, 0, 0, 0, 0, 0, 0, 0, 1, 0]",,,11.59,3.04,230146.65
OMEX,,1,"[0, 0, 0, 0, 0, 0, 0, 0, 1, 0]",,,4.12,0.6,282617.45
FTCI,,1,"[0, 0, 0, 0, 0, 0, 0, 0, 1, 0]",,,12.5,1.99,276253.6
PDSB,,1,"[0, 0, 0, 0, 0, 0, 0, 0, 1, 0]",,,1.43,0.2,31302485.05
FLD,,1,"[0, 0, 0, 0, 0, 0, 0, 0, 1, 0]",,,4.53,0.38,697735.15
RRGB,,1,"[0, 0, 0, 0, 0, 0, 0, 0, 1, 0]",,,10.59,2.59,324285.8
XTIA,,1,"[0, 0, 0, 0, 0, 0, 0, 0, 1, 0]",,,3.06,0.95,1012636.1
KLXE,,1,"[0, 0, 0, 0, 0, 0, 0, 0, 1, 0]",,,4.27,1.48,613919.05
FEAM,,1,"[0, 0, 0, 0, 0, 0, 0, 0, 1, 0]",,,7.03,1.05,233113.45
CING,,1,"[0, 0, 0, 0, 0, 0, 0, 0, 1, 0]",,,11.66,3.33,130057.2
IMMP,,1,"[0, 0, 0, 0, 0, 0, 0, 0, 1, 0]",,,3.18,0.31,291820.6
IBIO,,1,"[0, 0, 0, 0, 0, 0, 0, 0, 1, 0]",,,3.07,0.79,725152.4
ENTX,,1,"[0, 0, 0, 0, 0, 0, 0, 0, 1, 0]",,,3.92,1.0,365319.85
EHTH,,1,"[0, 0, 0, 0, 0, 0, 0, 0, 1, 0]",,,5.65,0.92,303380.9
VNCE,,1,"[0, 0, 0, 0, 0, 0, 0, 0, 1, 0]",,,7.87,1.99,334074.65
HYFT,,1,"[0, 0, 0, 0, 0, 0, 0, 0, 1, 0]",,,2.78,1.02,109107.7
BLNE,,1,"[0, 0, 0, 0, 0, 0, 0, 0, 1, 0]",,,4.35,0.88,384954.95
PSIG,,1,"[0, 0, 0, 0, 0, 0, 0, 0, 1, 0]",,,11.85,1.08,920155.0
SPWH,,1,"[0, 0, 0, 0, 0, 0, 0, 0, 1, 0]",,,3.19,1.12,617164.65
ONMD,,1,"[0, 0, 0, 0, 0, 0, 0, 0, 1, 0]",,,3.14,0.5,282136.0
GRML,,1,"[0, 0, 0, 0, 0, 0, 0, 0, 1, 0]",,,33.0,3.15,799126.25
AMPG,,1,"[0, 0, 0, 0, 0, 0, 0, 0, 1, 0]",,,9.7,1.76,1564376.15
CHRN,,1,"[0, 0, 0, 0, 0, 0, 0, 0, 1, 0]",,,29.63,3.87,164187.0
IPWR,,1,"[0, 0, 0, 0, 0, 0, 0, 0, 1, 0]",,,8.99,2.68,158949.65
ZEO,,1,"[0, 0, 0, 0, 0, 0, 0, 0, 1, 0]",,,1.99,0.21,2039746.8
STKE,,1,"[0, 0, 0, 0, 0, 0, 0, 0, 1, 0]",,,6.6,0.89,282829.0
ILLR,,1,"[0, 0, 0, 0, 0, 0, 0, 0, 1, 0]",,,14.8,0.26,440175.15
VIVO,,1,"[0, 0, 0, 0, 0, 0, 0, 0, 1, 0]",,,6.6,1.21,360103.5
BWEN,,1,"[0, 0, 0, 0, 0, 0, 0, 0, 1, 0]",,,5.44,1.97,308958.95
BIRD,,1,"[0, 0, 0, 0, 0, 0, 0, 0, 1, 0]",,,14.86,1.93,652977.05
BEAT,,1,"[0, 0, 0, 0, 0, 0, 0, 0, 1, 0]",,,3.44,0.41,324490.85
RDAC,,1,"[0, 0, 0, 0, 0, 0, 0, 0, 1, 0]",,,20.51,4.56,2196787.05
FTEK,,1,"[0, 0, 0, 0, 0, 0, 0, 0, 1, 0]",,,3.55,1.19,198875.3
PPSI,,1,"[0, 0, 0, 0, 0, 0, 0, 0, 1, 0]",,,6.08,2.37,122700.1
TELA,,1,"[0, 0, 0, 0, 0, 0, 0, 0, 1, 0]",,,1.62,0.56,302274.65
GAME,,1,"[0, 0, 0, 0, 0, 0, 0, 0, 1, 0]",,,6.85,1.97,243549.95
ARAY,,1,"[0, 0, 0, 0, 0, 0, 0, 0, 1, 0]",,,1.85,0.23,527279.2
FGNX,,1,"[0, 0, 0, 0, 0, 0, 0, 0, 1, 0]",,,43.25,4.23,100106.25
AHMA,,1,"[0, 0, 0, 0, 0, 0, 0, 0, 1, 0]",,,37.11,0.79,1432752.25
HYPD,,1,"[0, 0, 0, 0, 0, 0, 0, 0, 1, 0]",,,12.28,2.34,708088.75
ASTI,,1,"[0, 0, 0, 0, 0, 0, 0, 0, 1, 0]",,,9.02,1.43,274699.15
DARE,,1,"[0, 0, 0, 0, 0, 0, 0, 0, 1, 0]",,,3.27,0.7,532639.7
BEEM,,1,"[0, 0, 0, 0, 0, 0, 0, 0, 1, 0]",,,3.88,0.98,2466792.65
SST,,1,"[0, 0, 0, 0, 0, 0, 0, 0, 1, 0]",,,8.86,1.37,1341757.9
WKHS,,1,"[0, 0, 0, 0, 0, 0, 0, 0, 1, 0]",,,13.92,2.34,107538.35
INMB,,1,"[0, 0, 0, 0, 0, 0, 0, 0, 1, 0]",,,2.51,1.12,320838.3
JZ,,1,"[0, 0, 0, 0, 0, 0, 0, 0, 1, 0]",,,93.0,0.76,3310440.15
RPGL,,1,"[0, 0, 0, 0, 0, 0, 0, 0, 1, 0]",,,3984.0,1.33,594573.85
GRCE,,1,"[0, 0, 0, 0, 0, 0, 0, 0, 1, 0]",,,5.13,2.07,149031.8
ARAI,,1,"[0, 0, 0, 0, 0, 0, 0, 0, 1, 0]",,,6.3,0.22,363990.25
AGPU,,1,"[0, 0, 0, 0, 0, 0, 0, 0, 1, 0]",,,18.0,1.41,414841.95
MNTS,,1,"[0, 0, 0, 0, 0, 0, 0, 0, 1, 0]",,,30.54,3.23,655097.95
BZFD,,1,"[0, 0, 0, 0, 0, 0, 0, 0, 1, 0]",,,2.09,0.57,384539.35
SKYE,,1,"[0, 0, 0, 0, 0, 0, 0, 0, 1, 0]",,,38.0,1.68,163469.15
QCLS,,1,"[0, 0, 0, 0, 0, 0, 0, 0, 1, 0]",,,6.92,1.65,712157.2
LASE,,1,"[0, 0, 0, 0, 0, 0, 0, 0, 1, 0]",,,4.78,0.6,5354183.55
QNTM,,1,"[0, 0, 0, 0, 0, 0, 0, 0, 1, 0]",,,19.99,2.1,217498.25
DBGI,,1,"[0, 0, 0, 0, 0, 0, 0, 0, 1, 0]",,,711.2,3.63,1893350.55
VEEA,,1,"[0, 0, 0, 0, 0, 0, 0, 0, 1, 0]",,,18.46,1.56,593212.6
SPPL,,1,"[0, 0, 0, 0, 0, 0, 0, 0, 1, 0]",,,6.62,1.74,113051.35
OTLK,,1,"[0, 0, 0, 0, 0, 0, 0, 0, 1, 0]",,,2.47,0.2,13008996.95
FEMY,,1,"[0, 0, 0, 0, 0, 0, 0, 0, 1, 0]",,,20.8,2.16,2044415.4
JSPR,,1,"[0, 0, 0, 0, 0, 0, 0, 0, 1, 0]",,,2.6,0.34,558828.8
UFG,,1,"[0, 0, 0, 0, 0, 0, 0, 0, 1, 0]",,,8.38,0.46,5748111.55
DFLI,,1,"[0, 0, 0, 0, 0, 0, 0, 0, 1, 0]",,,19.7,1.01,242446.25
VTGN,,1,"[0, 0, 0, 0, 0, 0, 0, 0, 1, 0]",,,4.9,0.23,592152.65
SDST,,1,"[0, 0, 0, 0, 0, 0, 0, 0, 1, 0]",,,7.09,0.14,3219304.7
LTRN,,1,"[0, 0, 0, 0, 0, 0, 0, 0, 1, 0]",,,4.62,1.12,152583.0
GWH,,1,"[0, 0, 0, 0, 0, 0, 0, 0, 1, 0]",,,9.05,0.32,1199971.1
MOBX,,1,"[0, 0, 0, 0, 0, 0, 0, 0, 1, 0]",,,11.2,0.93,8687986.9
GRDX,,1,"[0, 0, 0, 0, 0, 0, 0, 0, 1, 0]",,,6.8,2.01,126388.6
AUID,,1,"[0, 0, 0, 0, 0, 0, 0, 0, 1, 0]",,,3.37,0.36,653250.2
KTTA,,1,"[0, 0, 0, 0, 0, 0, 0, 0, 1, 0]",,,1.47,0.29,211544.5
SAGT,,1,"[0, 0, 0, 0, 0, 0, 0, 0, 1, 0]",,,2.68,0.55,1133734.75
OSRH,,1,"[0, 0, 0, 0, 0, 0, 0, 0, 1, 0]",,,0.82,0.12,29816293.7
OFAL,,1,"[0, 0, 0, 0, 0, 0, 0, 0, 1, 0]",,,15.1,0.59,9607250.55
ENGS,,1,"[0, 0, 0, 0, 0, 0, 0, 0, 1, 0]",,,12.22,0.64,1342885.4
NIXX,,1,"[0, 0, 0, 0, 0, 0, 0, 0, 1, 0]",,,1.89,0.49,517398.05
AIIO,,1,"[0, 0, 0, 0, 0, 0, 0, 0, 1, 0]",,,52.4,0.59,683433.35
SCNX,,1,"[0, 0, 0, 0, 0, 0, 0, 0, 1, 0]",,,2.6,0.24,769457.0
GFAI,,1,"[0, 0, 0, 0, 0, 0, 0, 0, 1, 0]",,,1.29,0.31,206954.9
LEXX,,1,"[0, 0, 0, 0, 0, 0, 0, 0, 1, 0]",,,22.95,3.97,111457.8
NWGL,,1,"[0, 0, 0, 0, 0, 0, 0, 0, 1, 0]",,,1.75,0.22,1462811.4
SKYQ,,1,"[0, 0, 0, 0, 0, 0, 0, 0, 1, 0]",,,12.59,1.14,2600048.75
TURB,,1,"[0, 0, 0, 0, 0, 0, 0, 0, 1, 0]",,,12.4,0.61,104574.75
AKAN,,1,"[0, 0, 0, 0, 0, 0, 0, 0, 1, 0]",,,107.43,2.68,1523328.85
MDCX,,1,"[0, 0, 0, 0, 0, 0, 0, 0, 1, 0]",,,2.8,0.16,9142683.0
BFRI,,1,"[0, 0, 0, 0, 0, 0, 0, 0, 1, 0]",,,1.61,0.57,823449.8
MBRX,,1,"[0, 0, 0, 0, 0, 0, 0, 0, 1, 0]",,,13.25,0.38,691480.6
SKK,,1,"[0, 0, 0, 0, 0, 0, 0, 0, 1, 0]",,,12.19,1.66,416077.2
PHIO,,1,"[0, 0, 0, 0, 0, 0, 0, 0, 1, 0]",,,2.48,0.86,195516.25
OBAI,,1,"[0, 0, 0, 0, 0, 0, 0, 0, 1, 0]",,,33.0,0.32,3939632.05
BFRG,,1,"[0, 0, 0, 0, 0, 0, 0, 0, 1, 0]",,,1.68,0.46,104397.95
APRE,,1,"[0, 0, 0, 0, 0, 0, 0, 0, 1, 0]",,,1.65,0.59,576627.9
STFS,,1,"[0, 0, 0, 0, 0, 0, 0, 0, 1, 0]",,,18.29,3.04,363836.45
ATER,,1,"[0, 0, 0, 0, 0, 0, 0, 0, 1, 0]",,,1.39,0.36,5341887.65
GTBP,,1,"[0, 0, 0, 0, 0, 0, 0, 0, 1, 0]",,,8.61,0.24,418375.75
LHSW,,1,"[0, 0, 0, 0, 0, 0, 0, 0, 1, 0]",,,45.92,0.48,7951074.55
BIVI,,1,"[0, 0, 0, 0, 0, 0, 0, 0, 1, 0]",,,2.28,0.96,6735614.35
YYGH,1.28,1,"[0, 0, 0, 0, 0, 0, 0, 0, 1, 0]",1.31,126.94,614.4,1.06,6803431.55
GDC,,1,"[0, 0, 0, 0, 0, 0, 0, 0, 1, 0]",,,2432.5,1.33,1823035.05
BIAF,,1,"[0, 0, 0, 0, 0, 0, 0, 0, 1, 0]",,,157.5,4.56,7950625.05
CODX,,1,"[0, 0, 0, 0, 0, 0, 0, 0, 1, 0]",,,37.8,1.1,266901.15
YMAT,,1,"[0, 0, 0, 0, 0, 0, 0, 0, 1, 0]",,,9.35,1.21,1880469.05
FBGL,,1,"[0, 0, 0, 0, 0, 0, 0, 0, 1, 0]",,,1.38,0.37,184501.65
GLE,,1,"[0, 0, 0, 0, 0, 0, 0, 0, 1, 0]",,,0.97,0.26,280120.65
AIXI,,1,"[0, 0, 0, 0, 0, 0, 0, 0, 1, 0]",,,39.0,0.46,15854135.1
FMFC,,1,"[0, 0, 0, 0, 0, 0, 0, 0, 1, 0]",,,15.48,0.2,2095742.25
RMSG,,1,"[0, 0, 0, 0, 0, 0, 0, 0, 1, 0]",,,3.2,0.32,803918.35
MGRX,,1,"[0, 0, 0, 0, 0, 0, 0, 0, 1, 0]",,,2.74,0.16,608841.65
POLA,,1,"[0, 0, 0, 0, 0, 0, 0, 0, 1, 0]",,,5.27,1.27,531178.35
ANY,,1,"[0, 0, 0, 0, 0, 0, 0, 0, 1, 0]",,,10.5,1.09,592373.85
SMTK,,1,"[0, 0, 0, 0, 0, 0, 0, 0, 1, 0]",,,141.5,2.24,575954.65
ONFO,,1,"[0, 0, 0, 0, 0, 0, 0, 0, 1, 0]",,,75.0,0.85,477285.6
FABC,,1,"[0, 0, 0, 0, 0, 0, 0, 0, 1, 0]",,,6.15,1.78,159959.7
SILO,,1,"[0, 0, 0, 0, 0, 0, 0, 0, 1, 0]",,,12.23,2.1,124926.2
OLB,,1,"[0, 0, 0, 0, 0, 0, 0, 0, 1, 0]",,,1.5,0.26,19299206.1
AEHL,,1,"[0, 0, 0, 0, 0, 0, 0, 0, 1, 0]",,,415.68,3.54,4092938.25
SNYR,,1,"[0, 0, 0, 0, 0, 0, 0, 0, 1, 0]",,,2.7,0.08,37607381.0
BTQ,,1,"[0, 0, 0, 0, 0, 0, 0, 0, 1, 0]",,,14.14,2.15,2298043.55
WXM,,1,"[0, 0, 0, 0, 0, 0, 0, 0, 1, 0]",,,39.0,2.75,108314.5
PBM,,1,"[0, 0, 0, 0, 0, 0, 0, 0, 1, 0]",,,207.03,2.23,104638.9
ENVB,,1,"[0, 0, 0, 0, 0, 0, 0, 0, 1, 0]",,,11.28,1.27,106729.15
SUNE,,1,"[0, 0, 0, 0, 0, 0, 0, 0, 1, 0]",,,5.88,0.78,7884859.25
ALP,,1,"[0, 0, 0, 0, 0, 0, 0, 0, 1, 0]",,,10.91,0.1,3742684.3
GP,,1,"[0, 0, 0, 0, 0, 0, 0, 0, 1, 0]",,,3.96,0.75,314487.55
GSUN,,1,"[0, 0, 0, 0, 0, 0, 0, 0, 1, 0]",,,3.04,0.19,5918555.75
RENX,,1,"[0, 0, 0, 0, 0, 0, 0, 0, 1, 0]",,,31.6,1.42,109950.35
WNW,,1,"[0, 0, 0, 0, 0, 0, 0, 0, 1, 0]",,,220.0,2.31,1512763.55
GOVX,,1,"[0, 0, 0, 0, 0, 0, 0, 0, 1, 0]",,,17.42,0.46,1296626.1
JTAI,,1,"[0, 0, 0, 0, 0, 0, 0, 0, 1, 0]",,,69.78,0.46,126071.05
NCI,,1,"[0, 0, 0, 0, 0, 0, 0, 0, 1, 0]",,,96.0,3.95,840825.65
SOBR,,1,"[0, 0, 0, 0, 0, 0, 0, 0, 1, 0]",,,3.87,0.41,167005.75
MNDR,,1,"[0, 0, 0, 0, 0, 0, 0, 0, 1, 0]",,,28.5,1.37,206880.3
NCRA,,1,"[0, 0, 0, 0, 0, 0, 0, 0, 1, 0]",,,59.1,1.35,3418778.4
PMAX,,1,"[0, 0, 0, 0, 0, 0, 0, 0, 1, 0]",,,37.5,0.86,116157.7
GLMD,3.84,8,"[1, 1, 1, 1, 0, 0, 1, 1, 1, 1]",0.96,0.88,4.63,0.47,823995.75
VIVK,,1,"[0, 0, 0, 0, 0, 0, 0, 0, 1, 0]",,,2339.6,0.78,5962945.55
UCAR,,1,"[0, 0, 0, 0, 0, 0, 0, 0, 1, 0]",,,21.9,0.38,541485.4
IVDA,,1,"[0, 0, 0, 0, 0, 0, 0, 0, 1, 0]",,,2.03,0.22,765209.55
MASK,,1,"[0, 0, 0, 0, 0, 0, 0, 0, 1, 0]",,,16.2,1.23,710700.15
AEMD,,1,"[0, 0, 0, 0, 0, 0, 0, 0, 1, 0]",,,40.0,1.53,3238020.6
VRAX,,1,"[0, 0, 0, 0, 0, 0, 0, 0, 1, 0]",,,17.2,2.55,973944.45
SGLY,,1,"[0, 0, 0, 0, 0, 0, 0, 0, 1, 0]",,,19.46,1.36,3675564.8
ORKT,,1,"[0, 0, 0, 0, 0, 0, 0, 0, 1, 0]",,,2.56,0.67,227038.3
VBIO,,1,"[0, 0, 0, 0, 0, 0, 0, 0, 1, 0]",,,78.75,2.2,501639.55
MGN,,1,"[0, 0, 0, 0, 0, 0, 0, 0, 1, 0]",,,4.85,0.07,23689446.45
HCWB,,1,"[0, 0, 0, 0, 0, 0, 0, 0, 1, 0]",,,29.4,1.61,351445.55
JDZG,,1,"[0, 0, 0, 0, 0, 0, 0, 0, 1, 0]",,,952.5,2.81,279415.15
SDOT,,1,"[0, 0, 0, 0, 0, 0, 0, 0, 1, 0]",,,165.0,2.73,2838530.25
BTX,,1,"[0, 0, 0, 0, 0, 0, 0, 0, 1, 0]",,,9.31,5.83,401686.7
NVDA,212.17,7,"[0, 1, 1, 1, 1, 1, 0, 1, 1, 0]",213.02,197.42,235.2,164.79,130120999.55
GOOGL,344.98,9,"[0, 1, 1, 1, 1, 1, 1, 1, 1, 1]",346.35,336.65,402.12,235.96,23980169.35
GOOG,341.43,9,"[0, 1, 1, 1, 1, 1, 1, 1, 1, 1]",344.31,335.4,398.54,236.87,15914071.65
AAPL,331.34,10,"[1, 1, 1, 1, 1, 1, 1, 1, 1, 1]",318.7,285.1,339.79,237.0,42747868.7
AMZN,248.42,7,"[0, 1, 1, 1, 1, 1, 0, 1, 1, 0]",255.56,240.03,284.02,198.79,31894901.45
AVGO,339.27,4,"[0, 0, 0, 1, 1, 1, 0, 0, 1, 0]",382.08,369.06,480.81,292.95,26069319.3
TSM,413.75,8,"[0, 1, 1, 1, 1, 1, 1, 1, 1, 0]",417.85,376.32,477.57,260.01,9651982.35
TSLA,356.58,3,"[1, 0, 0, 0, 0, 0, 0, 0, 1, 1]",352.54,398.32,489.88,298.32,39103088.95
WMT,108.09,4,"[0, 0, 0, 0, 1, 1, 0, 1, 1, 0]",110.05,118.25,133.88,99.77,28305284.8
LLY,1136.11,8,"[0, 1, 1, 1, 1, 1, 1, 1, 1, 0]",1180.91,1062.52,1280.34,710.11,2460731.75
MU,927.6,9,"[1, 1, 1, 1, 1, 1, 1, 1, 1, 0]",926.44,628.95,1213.37,156.58,25395117.85
AMD,504.2,9,"[1, 1, 1, 1, 1, 1, 1, 1, 1, 0]",495.1,349.79,580.91,157.39,17825295.5
INTC,97.14,7,"[0, 1, 1, 1, 1, 1, 1, 0, 1, 0]",97.39,76.15,140.94,24.9,91507892.8
XOM,169.32,10,"[1, 1, 1, 1, 1, 1, 1, 1, 1, 1]",155.82,144.59,169.32,107.52,14026115.95
ASML,1591.48,7,"[0, 0, 1, 1, 1, 1, 1, 1, 1, 0]",1729.63,1497.45,1986.87,866.56,1183523.9
ORCL,140.35,1,"[0, 0, 0, 0, 0, 0, 0, 0, 1, 0]",140.67,166.28,324.45,114.99,28264111.4
JNJ,267.2,10,"[1, 1, 1, 1, 1, 1, 1, 1, 1, 1]",262.04,235.53,278.43,170.32,6228856.35
CAT,783.54,6,"[0, 0, 1, 1, 1, 1, 1, 0, 1, 0]",848.56,778.75,1062.93,436.74,2375779.4
CSCO,110.07,8,"[0, 1, 1, 1, 1, 1, 1, 1, 1, 0]",113.6,95.27,129.52,65.57,14139569.7
LRCX,270.87,6,"[0, 0, 1, 1, 1, 1, 1, 0, 1, 0]",311.1,265.2,433.33,119.81,7938876.15
CVX,217.77,10,"[1, 1, 1, 1, 1, 1, 1, 1, 1, 1]",195.58,180.23,217.77,142.76,7889509.75
AMAT,421.17,6,"[0, 0, 1, 1, 1, 1, 1, 0, 1, 0]",509.48,412.91,722.23,172.59,6233811.0
UNH,375.93,6,"[0, 1, 1, 1, 1, 1, 0, 0, 1, 0]",405.09,349.31,,,4725180.85
BABA,109.34,1,"[0, 0, 0, 0, 0, 0, 0, 0, 1, 0]",117.77,133.16,187.62,94.81,12296692.85
GE,307.05,5,"[0, 0, 0, 1, 1, 1, 0, 1, 1, 0]",350.92,321.7,381.22,272.91,3888074.35
HSBC,102.22,8,"[0, 1, 1, 1, 1, 1, 1, 1, 1, 0]",102.7,88.88,107.34,62.78,1194307.3
MS,206.28,8,"[0, 1, 1, 1, 1, 1, 1, 1, 1, 0]",214.97,190.88,227.3,148.49,4267025.25
AZN,161.85,3,"[0, 0, 0, 0, 0, 0, 0, 1, 1, 1]",165.59,182.73,208.62,145.54,3202260.45
GEV,882.81,6,"[0, 0, 0, 1, 1, 1, 1, 1, 1, 0]",992.18,896.32,1174.86,546.95,2080642.2
GS,976.67,8,"[0, 1, 1, 1, 1, 1, 1, 1, 1, 0]",1038.26,946.53,1146.46,730.24,1846898.95
MRK,143.79,8,"[1, 1, 1, 1, 1, 1, 0, 0, 1, 1]",136.69,118.92,,,11077368.05
NVS,138.62,5,"[0, 0, 0, 1, 1, 1, 0, 1, 1, 0]",153.39,148.52,163.64,118.2,2435561.75
TXN,263.43,8,"[0, 1, 1, 1, 1, 1, 1, 1, 1, 0]",275.71,240.68,330.59,150.79,5452299.4
RY,204.23,8,"[0, 1, 1, 1, 1, 1, 1, 1, 1, 0]",209.15,182.34,216.57,141.81,1181064.05
KLAC,168.02,5,"[0, 0, 0, 1, 1, 1, 1, 0, 1, 0]",195.69,173.13,301.37,97.75,9220462.15
RTX,195.5,7,"[0, 1, 1, 1, 1, 1, 0, 1, 1, 0]",207.8,192.61,225.49,154.7,4017842.65
SNDK,1530.9,8,"[1, 1, 1, 1, 1, 1, 1, 0, 1, 0]",1509.74,1046.85,2335.0,91.55,11379534.6
QCOM,187.8,10,"[1, 1, 1, 1, 1, 1, 1, 1, 1, 1]",167.95,166.69,248.74,122.94,11583740.25
ARM,241.83,7,"[0, 1, 1, 1, 1, 1, 1, 0, 1, 0]",263.94,205.38,439.46,104.55,3957463.5
C,136.17,9,"[1, 1, 1, 1, 1, 1, 1, 1, 1, 0]",134.55,123.38,144.93,91.98,8706166.0
BHP,84.77,8,"[0, 1, 1, 1, 1, 1, 1, 1, 1, 0]",86.17,75.55,96.58,50.04,2631983.0
ADI,361.35,7,"[0, 0, 1, 1, 1, 1, 1, 1, 1, 0]",373.64,350.27,444.13,222.42,3722427.65
NVO,42.53,2,"[0, 0, 0, 1, 0, 0, 0, 0, 1, 0]",46.93,45.02,60.94,34.33,10273725.7
MUFG,23.71,10,"[1, 1, 1, 1, 1, 1, 1, 1, 1, 1]",22.53,19.12,24.13,14.62,2807798.75
TTE,93.12,10,"[1, 1, 1, 1, 1, 1, 1, 1, 1, 1]",86.39,80.89,93.6,55.92,1589157.25
NEE,81.07,4,"[0, 0, 0, 0, 1, 1, 0, 1, 1, 0]",85.4,86.54,96.44,67.88,10976657.75
BA,209.69,3,"[0, 0, 0, 0, 0, 1, 0, 1, 1, 0]",217.9,221.03,252.15,179.12,5100606.95
TD,121.47,9,"[1, 1, 1, 1, 1, 1, 1, 1, 1, 0]",120.7,104.92,124.8,76.76,2002649.2
SAN,14.65,10,"[1, 1, 1, 1, 1, 1, 1, 1, 1, 1]",14.29,12.55,15.05,9.53,16685816.65
RIO,97.26,10,"[1, 1, 1, 1, 1, 1, 1, 1, 1, 1]",96.46,91.66,109.63,59.0,2056960.6
ANET,192.84,9,"[1, 1, 1, 1, 1, 1, 1, 1, 1, 0]",186.24,154.06,210.5,116.13,5029162.75
STX,771.81,7,"[0, 1, 1, 1, 1, 1, 1, 0, 1, 0]",845.99,610.62,1093.26,209.4,3513965.35
DELL,543.51,10,"[1, 1, 1, 1, 1, 1, 1, 1, 1, 1]",454.19,265.29,567.29,110.54,9306217.85
PANW,375.09,9,"[1, 1, 1, 1, 1, 1, 1, 1, 1, 0]",350.41,237.82,396.0,141.67,6512457.6
WDC,411.96,6,"[0, 0, 1, 1, 1, 1, 1, 0, 1, 0]",489.13,381.68,745.99,100.75,5869202.3
GILD,146.3,8,"[1, 1, 1, 1, 1, 1, 0, 0, 1, 1]",138.73,134.02,,,5360869.15
GLW,143.57,4,"[0, 0, 0, 0, 1, 1, 1, 0, 1, 0]",157.15,145.67,255.21,76.22,9006105.05
BUD,79.46,9,"[0, 1, 1, 1, 1, 1, 1, 1, 1, 1]",80.56,74.73,86.48,57.08,2422023.6
APP,331.46,2,"[0, 0, 0, 0, 0, 0, 0, 0, 1, 1]",369.48,479.58,733.6,298.59,4567238.6
APH,77.65,8,"[0, 1, 1, 1, 1, 1, 1, 1, 1, 0]",80.08,73.13,88.16,58.89,11415067.45
DE,684.04,10,"[1, 1, 1, 1, 1, 1, 1, 1, 1, 1]",625.19,572.19,698.37,435.19,1431614.5
SCCO,189.39,8,"[0, 1, 1, 1, 1, 1, 1, 1, 1, 0]",190.15,176.08,219.7,100.67,1171427.35
WELL,232.76,8,"[0, 1, 1, 1, 1, 1, 1, 1, 1, 0]",237.25,210.69,251.12,162.79,2420673.25
MRVL,221.7,8,"[1, 1, 1, 1, 1, 1, 1, 0, 1, 0]",215.76,156.13,316.35,68.71,24137899.5
IBKR,88.8,8,"[0, 1, 1, 1, 1, 1, 1, 1, 1, 0]",91.85,79.59,98.1,60.79,3742785.2
COP,141.22,10,"[1, 1, 1, 1, 1, 1, 1, 1, 1, 1]",123.68,112.9,141.22,83.04,6364372.2
PLD,135.84,5,"[0, 0, 0, 1, 1, 1, 0, 1, 1, 0]",141.76,136.53,150.06,108.7,3077568.35
UBS,51.49,8,"[0, 1, 1, 1, 1, 1, 1, 1, 1, 0]",53.35,45.92,55.72,35.49,1723678.5
SMFG,26.78,10,"[1, 1, 1, 1, 1, 1, 1, 1, 1, 1]",25.85,22.41,27.56,15.2,1361787.4
CRWD,242.49,10,"[1, 1, 1, 1, 1, 1, 1, 1, 1, 1]",204.27,145.24,242.49,87.56,11851897.75
VRT,234.61,3,"[0, 0, 0, 0, 1, 1, 0, 0, 1, 0]",275.73,259.97,,,5270580.05
BTI,56.52,5,"[0, 0, 0, 0, 1, 1, 0, 1, 1, 1]",58.3,58.11,65.79,48.34,5434339.55
BBVA,28.83,10,"[1, 1, 1, 1, 1, 1, 1, 1, 1, 1]",27.71,23.83,29.64,17.18,1130711.4
NEM,124.19,10,"[1, 1, 1, 1, 1, 1, 1, 1, 1, 1]",110.63,109.27,134.86,77.59,8022869.2
PBR,21.77,10,"[1, 1, 1, 1, 1, 1, 1, 1, 1, 1]",18.41,16.75,21.77,11.06,23197161.75
PBR-A,19.57,10,"[1, 1, 1, 1, 1, 1, 1, 1, 1, 1]",16.46,15.21,19.57,10.33,7873445.15
SBUX,96.58,5,"[0, 0, 0, 1, 1, 1, 0, 1, 1, 0]",104.61,97.14,108.49,76.51,5915570.55
CVS,94.49,9,"[0, 1, 1, 1, 1, 1, 1, 1, 1, 1]",99.61,86.21,109.92,69.04,5751982.9
BMY,63.73,9,"[1, 1, 1, 1, 1, 1, 1, 1, 1, 0]",63.69,57.86,68.09,41.21,7839039.65
BP,46.96,10,"[1, 1, 1, 1, 1, 1, 1, 1, 1, 1]",42.68,40.25,46.96,31.17,9749909.05
PWR,613.35,7,"[0, 0, 1, 1, 1, 1, 1, 1, 1, 0]",644.47,593.41,785.12,375.69,1021710.75
PH,925.0,6,"[0, 0, 0, 1, 1, 1, 1, 1, 1, 0]",986.35,936.01,1071.71,710.74,620226.0
HWM,224.67,5,"[0, 0, 0, 1, 1, 1, 0, 1, 1, 0]",270.32,246.21,292.65,183.71,3818002.45
BMO,173.7,8,"[0, 1, 1, 1, 1, 1, 1, 1, 1, 0]",177.17,152.17,185.81,118.13,874479.5
EQIX,1006.98,7,"[0, 0, 1, 1, 1, 1, 1, 1, 1, 0]",1040.97,960.98,1110.63,715.18,519318.15
MFG,11.15,10,"[1, 1, 1, 1, 1, 1, 1, 1, 1, 1]",10.58,9.04,11.45,6.09,3210525.7
TT,422.73,5,"[0, 0, 0, 1, 1, 1, 0, 1, 1, 0]",461.91,443.25,502.27,373.79,989214.2
CM,113.35,8,"[0, 1, 1, 1, 1, 1, 1, 1, 1, 0]",117.59,104.37,123.74,78.42,1143348.65
CDNS,273.96,2,"[0, 0, 0, 0, 1, 0, 0, 0, 1, 0]",330.52,326.51,416.39,265.66,2414261.85
GSK,50.01,5,"[0, 0, 0, 0, 1, 1, 1, 1, 1, 0]",50.95,51.53,59.6,38.17,2745233.1
SNPS,367.7,1,"[0, 0, 0, 0, 0, 0, 0, 0, 1, 0]",405.56,447.08,534.56,367.7,1958842.4
AEM,196.9,9,"[1, 1, 1, 0, 1, 1, 1, 1, 1, 1]",174.8,186.78,251.01,136.04,3034941.55
HCA,423.82,4,"[1, 0, 0, 0, 0, 0, 0, 1, 1, 1]",405.41,448.92,543.23,360.6,1351526.2
BNS,93.28,10,"[1, 1, 1, 1, 1, 1, 1, 1, 1, 1]",89.59,78.24,94.92,62.02,2137337.25
CMI,538.02,4,"[0, 0, 0, 0, 1, 1, 1, 0, 1, 0]",614.96,598.62,724.89,402.1,1026472.35
MAR,337.24,6,"[0, 0, 0, 1, 1, 1, 1, 1, 1, 0]",356.59,344.81,401.72,256.9,1508978.05
CNQ,51.55,10,"[1, 1, 1, 1, 1, 1, 1, 1, 1, 1]",46.93,42.23,51.55,29.07,6926322.6
EQNR,45.75,10,"[1, 1, 1, 1, 1, 1, 1, 1, 1, 1]",40.12,33.54,45.75,21.68,2879012.85
ITUB,8.26,9,"[1, 1, 1, 0, 1, 1, 1, 1, 1, 1]",8.02,8.0,9.38,6.07,22059144.15
FDX,308.26,7,"[0, 0, 1, 1, 1, 1, 1, 1, 1, 0]",317.73,292.25,338.02,177.99,1406172.35
FCX,69.38,10,"[1, 1, 1, 1, 1, 1, 1, 1, 1, 1]",67.71,61.7,79.91,34.96,14895538.95
USB,62.22,8,"[0, 1, 1, 1, 1, 1, 1, 1, 1, 0]",63.17,56.55,65.42,44.01,6417458.45
JCI,138.29,7,"[0, 0, 1, 1, 1, 1, 1, 1, 1, 0]",144.62,135.19,154.76,104.94,3194271.4
ING,36.78,10,"[1, 1, 1, 1, 1, 1, 1, 1, 1, 1]",34.5,29.45,37.27,22.65,1650937.1
FTNT,172.37,10,"[1, 1, 1, 1, 1, 1, 1, 1, 1, 1]",159.46,112.53,172.78,75.23,4247744.35
MNST,44.63,8,"[0, 1, 1, 1, 1, 1, 1, 1, 1, 0]",46.8,42.0,49.97,31.99,9705664.35
CSX,48.66,8,"[0, 1, 1, 1, 1, 1, 1, 1, 1, 0]",50.11,43.37,53.08,32.06,9117946.45
AMX,23.2,4,"[0, 0, 0, 0, 1, 1, 0, 1, 1, 0]",24.37,23.93,27.42,19.65,3405008.65
ELV,417.54,10,"[1, 1, 1, 1, 1, 1, 1, 1, 1, 1]",395.99,358.71,424.94,276.68,1045755.7
BCS,25.44,8,"[0, 1, 1, 1, 1, 1, 1, 1, 1, 0]",27.16,24.74,28.24,18.92,3410579.1
SLB,54.2,10,"[1, 1, 1, 1, 1, 1, 1, 1, 1, 1]",51.73,49.18,59.79,30.96,12840377.95
MPWR,1142.46,4,"[0, 0, 0, 0, 1, 1, 1, 0, 1, 0]",1311.62,1257.39,1687.32,851.06,619180.85
LYG,5.88,8,"[0, 1, 1, 1, 1, 1, 1, 1, 1, 0]",6.0,5.45,6.21,4.23,12899742.35
E,56.66,10,"[1, 1, 1, 1, 1, 1, 1, 1, 1, 1]",53.26,48.31,57.35,33.26,360096.5
CIEN,334.33,4,"[0, 0, 0, 0, 1, 1, 1, 0, 1, 0]",389.73,381.64,627.0,136.38,2329633.1
APO,127.0,6,"[0, 1, 1, 1, 0, 1, 0, 1, 1, 0]",127.94,126.84,150.8,99.46,2442364.55
CRH,87.69,1,"[0, 0, 0, 0, 0, 0, 0, 0, 1, 0]",97.22,110.02,129.92,87.66,4371876.95
SU,71.87,10,"[1, 1, 1, 1, 1, 1, 1, 1, 1, 1]",64.64,58.09,71.87,37.39,4389021.35
REGN,774.11,8,"[1, 1, 1, 1, 0, 1, 1, 1, 1, 0]",756.23,731.94,852.03,552.68,629682.5
NXPI,226.35,3,"[0, 0, 0, 0, 1, 1, 0, 0, 1, 0]",244.1,243.73,331.55,181.81,3100268.55
BE,259.35,9,"[1, 1, 1, 1, 1, 1, 1, 0, 1, 1]",224.72,196.3,345.85,68.69,13116540.8
ROST,226.26,8,"[0, 1, 1, 1, 1, 1, 1, 1, 1, 0]",236.02,213.6,254.74,143.48,2658650.05
B,42.7,8,"[1, 1, 1, 0, 0, 1, 1, 1, 1, 1]",40.73,42.33,52.12,28.25,10130052.05
HLT,307.79,5,"[0, 0, 0, 1, 1, 1, 0, 1, 1, 0]",321.53,313.62,350.06,256.25,1630091.35
ASX,37.12,8,"[0, 1, 1, 1, 1, 1, 1, 1, 1, 0]",38.1,28.66,44.67,10.97,6372560.25
NOK,9.84,5,"[0, 0, 1, 0, 1, 1, 1, 0, 1, 0]",10.25,9.74,16.85,4.61,71641575.05
VLO,397.04,10,"[1, 1, 1, 1, 1, 1, 1, 1, 1, 1]",329.27,244.44,397.04,153.14,2653353.7
MPC,410.84,10,"[1, 1, 1, 1, 1, 1, 1, 1, 1, 1]",337.92,246.57,410.84,160.76,2421525.55
GM,85.37,9,"[1, 1, 1, 1, 0, 1, 1, 1, 1, 1]",84.21,80.0,90.11,54.88,5904753.8
AEP,120.61,4,"[0, 0, 0, 0, 1, 1, 0, 1, 1, 0]",127.14,125.37,137.64,103.24,3268784.35
DDOG,230.27,8,"[0, 1, 1, 1, 1, 1, 1, 1, 1, 0]",245.43,178.13,288.15,102.61,3694416.2
LITE,838.96,9,"[1, 1, 1, 1, 1, 1, 1, 1, 1, 0]",830.73,704.77,1053.09,149.61,4066566.4
VALE,14.47,7,"[1, 0, 0, 0, 1, 1, 1, 1, 1, 1]",14.47,14.85,17.33,9.88,30513470.25
NSC,320.22,7,"[0, 1, 1, 1, 1, 1, 0, 1, 1, 0]",335.1,308.05,352.98,273.18,1159456.35
HOOD,110.45,7,"[1, 1, 1, 1, 0, 0, 1, 0, 1, 1]",103.32,95.13,152.46,65.16,23152349.05
NET,327.23,10,"[1, 1, 1, 1, 1, 1, 1, 1, 1, 1]",288.45,225.91,330.83,160.19,3040440.85
PSX,264.93,10,"[1, 1, 1, 1, 1, 1, 1, 1, 1, 1]",223.98,174.38,264.93,123.11,2735284.8
FIX,1576.78,7,"[0, 0, 1, 1, 1, 1, 1, 1, 1, 0]",1680.86,1511.58,2065.44,761.35,355838.5
DLR,179.27,5,"[0, 0, 1, 1, 1, 1, 0, 0, 1, 0]",187.24,178.41,,,1967800.0
WBD,28.03,8,"[1, 1, 1, 0, 0, 1, 1, 1, 1, 1]",27.27,27.44,29.98,17.1,17463075.15
TRP,61.09,5,"[0, 0, 0, 1, 1, 1, 0, 1, 1, 0]",65.11,62.07,70.59,48.85,2061326.45
MFC,43.87,10,"[1, 1, 1, 1, 1, 1, 1, 1, 1, 1]",43.1,38.11,44.59,29.84,2486867.3
SPG,204.1,6,"[0, 0, 1, 1, 1, 1, 0, 1, 1, 0]",218.1,198.21,234.19,165.67,1159929.0
COHR,271.17,4,"[0, 0, 0, 0, 1, 1, 1, 0, 1, 0]",297.87,280.86,426.89,103.41,6013364.3
MSTR,129.6,5,"[1, 1, 0, 0, 0, 0, 1, 0, 1, 1]",108.27,137.6,359.69,82.31,28593062.55
BKR,56.72,4,"[0, 0, 0, 0, 1, 1, 0, 1, 1, 0]",60.49,58.5,69.18,43.79,6871793.45
WPM,150.02,9,"[1, 1, 1, 0, 1, 1, 1, 1, 1, 1]",130.75,130.54,164.99,93.96,2349042.7
CRWV,80.92,3,"[0, 0, 0, 0, 1, 0, 1, 0, 1, 0]",85.44,91.98,143.08,60.82,21737365.05
KEYS,313.36,7,"[0, 0, 1, 1, 1, 1, 1, 1, 1, 0]",325.5,292.97,373.34,159.49,1385711.1
CVNA,66.9,3,"[0, 0, 0, 1, 0, 1, 0, 0, 1, 0]",69.3,73.2,95.69,56.26,7646018.35
RKLB,63.55,4,"[0, 0, 0, 0, 1, 1, 1, 0, 1, 0]",70.96,80.12,150.23,39.48,16598940.05
TEL,201.42,2,"[0, 0, 0, 0, 0, 0, 0, 1, 1, 0]",205.74,214.19,246.32,194.33,2059784.9
URI,989.13,8,"[0, 1, 1, 1, 1, 1, 1, 1, 1, 0]",1073.05,930.62,1164.82,707.78,416017.75
GWW,1269.53,8,"[0, 1, 1, 1, 1, 1, 1, 1, 1, 0]",1329.12,1184.24,1399.3,912.82,225510.5
TGT,154.4,10,"[1, 1, 1, 1, 1, 1, 1, 1, 1, 1]",149.55,122.99,169.89,81.44,4446817.4
TER,332.85,6,"[0, 0, 1, 1, 1, 1, 1, 0, 1, 0]",363.97,322.02,483.65,113.71,2484330.1
LHX,249.66,2,"[0, 0, 0, 0, 1, 0, 0, 0, 1, 0]",276.15,310.48,373.85,245.54,1632357.6
CARR,55.54,3,"[0, 0, 0, 0, 1, 1, 0, 0, 1, 0]",62.91,61.22,75.73,49.79,5770964.0
CTVA,83.39,10,"[1, 1, 1, 1, 1, 1, 1, 1, 1, 1]",83.18,77.63,90.32,60.43,4868196.05
AU,100.71,9,"[1, 1, 1, 0, 1, 1, 1, 1, 1, 1]",94.45,94.04,123.84,60.79,2887819.15
OKE,94.72,9,"[1, 1, 1, 1, 1, 1, 1, 1, 1, 0]",92.3,84.15,97.51,61.95,3409512.35
MCHP,71.49,4,"[0, 0, 0, 0, 1, 1, 1, 0, 1, 0]",77.66,77.26,102.1,47.77,7985602.25
MCHPP,61.7,4,"[0, 0, 0, 0, 1, 1, 1, 0, 1, 0]",66.19,66.13,84.47,45.06,323254.25
CVE,33.92,10,"[1, 1, 1, 1, 1, 1, 1, 1, 1, 1]",30.19,24.93,33.92,15.66,6584190.95
AME,234.45,6,"[0, 1, 1, 1, 1, 1, 0, 0, 1, 0]",241.2,226.92,,,1372886.6
TRGP,285.68,10,"[1, 1, 1, 1, 1, 1, 1, 1, 1, 1]",280.26,239.9,302.25,143.22,1205049.05
COIN,172.11,3,"[1, 0, 0, 0, 0, 0, 0, 0, 1, 1]",165.63,190.55,387.27,141.09,10811435.8
FANG,211.52,10,"[1, 1, 1, 1, 1, 1, 1, 1, 1, 1]",198.1,180.87,211.52,134.06,1949791.95
OXY,63.52,10,"[1, 1, 1, 1, 1, 1, 1, 1, 1, 1]",57.41,52.53,65.63,38.38,7378766.3
DVN,51.33,8,"[1, 1, 1, 1, 1, 1, 0, 0, 1, 1]",45.86,43.64,,,10641993.35
FLEX,108.0,7,"[0, 1, 1, 1, 1, 1, 1, 0, 1, 0]",118.43,96.47,162.07,54.51,2900328.3
ABEV,3.02,8,"[1, 0, 1, 0, 1, 1, 1, 1, 1, 1]",2.99,2.93,3.42,2.1,31561227.5
NUE,258.82,9,"[1, 1, 1, 1, 1, 1, 1, 1, 1, 0]",252.32,208.54,274.74,130.57,1391494.9
STM,47.92,6,"[0, 0, 1, 1, 1, 1, 1, 0, 1, 0]",55.38,46.08,79.82,21.04,7781824.05
BIDU,90.39,1,"[0, 0, 0, 0, 0, 0, 0, 0, 1, 0]",103.01,122.01,162.52,90.39,3480209.35
ETR,102.92,4,"[0, 0, 0, 0, 1, 1, 0, 1, 1, 0]",108.85,104.85,116.66,85.7,2406323.95
UI,562.75,3,"[1, 0, 0, 0, 1, 0, 0, 0, 1, 0]",558.97,655.28,1081.3,513.35,208744.05
CCJ,91.21,3,"[0, 0, 0, 0, 1, 1, 0, 0, 1, 0]",94.99,105.76,134.09,79.29,2670734.55
FER,54.24,1,"[0, 0, 0, 0, 0, 0, 0, 0, 1, 0]",62.32,66.14,73.66,54.24,1305872.6
ROK,417.0,5,"[0, 0, 0, 1, 1, 1, 0, 1, 1, 0]",445.97,419.65,493.56,329.34,684941.1
ARGX,979.76,8,"[1, 1, 1, 1, 0, 1, 1, 1, 1, 0]",934.51,846.88,1058.9,663.93,251014.2
DAL,78.89,8,"[0, 1, 1, 1, 1, 1, 1, 1, 1, 0]",84.92,74.52,93.43,55.22,5222853.3
EBAY,108.03,9,"[0, 1, 1, 1, 1, 1, 1, 1, 1, 1]",108.43,98.87,118.27,78.69,4407955.4
FERG,215.11,2,"[0, 0, 0, 0, 0, 0, 0, 1, 1, 0]",233.63,237.41,265.69,215.11,1322841.45
MT,73.3,9,"[1, 1, 1, 1, 1, 1, 1, 1, 1, 0]",71.09,60.19,78.74,33.94,1368817.3
WAB,278.12,8,"[0, 1, 1, 1, 1, 1, 1, 1, 1, 0]",285.05,256.18,305.47,184.79,747090.35
FNV,263.09,9,"[1, 1, 1, 0, 1, 1, 1, 1, 1, 1]",234.81,233.91,279.3,182.97,837046.25
FITB,54.67,8,"[0, 1, 1, 1, 1, 1, 1, 1, 1, 0]",56.3,50.79,59.37,39.38,4864856.35
XYZ,78.31,8,"[0, 1, 1, 1, 1, 1, 1, 1, 1, 0]",80.51,69.32,84.85,49.09,3932992.05
NBIS,207.37,7,"[0, 1, 1, 1, 1, 1, 1, 0, 1, 0]",211.5,158.9,286.69,73.87,16830015.9
RKT,13.19,1,"[0, 0, 0, 0, 0, 0, 0, 0, 1, 0]",13.89,16.03,23.44,12.35,22729536.2
VTR,88.56,8,"[0, 1, 1, 1, 1, 1, 1, 1, 1, 0]",92.75,84.85,100.53,65.45,3018017.65
CLS,316.81,3,"[0, 0, 0, 0, 1, 0, 1, 0, 1, 0]",324.9,328.78,472.4,233.67,2177998.6
CAH,232.65,8,"[0, 1, 1, 1, 1, 1, 1, 1, 1, 0]",234.08,215.95,248.61,145.95,1465017.8
TEVA,39.25,10,"[1, 1, 1, 1, 1, 1, 1, 1, 1, 1]",35.04,32.96,39.25,18.34,4978523.75
HPE,55.88,9,"[1, 1, 1, 1, 1, 1, 1, 1, 1, 0]",51.65,34.23,62.09,19.72,25035218.45
STT,185.13,8,"[0, 1, 1, 1, 1, 1, 1, 1, 1, 0]",186.81,150.3,194.26,107.72,1398064.35
ODFL,180.96,5,"[0, 0, 0, 1, 1, 1, 1, 0, 1, 0]",210.05,197.55,248.34,125.51,1613025.15
GFS,42.75,4,"[0, 0, 0, 0, 1, 1, 1, 0, 1, 0]",51.94,53.58,89.83,31.97,3725275.6
WDS,23.98,10,"[1, 1, 1, 1, 1, 1, 1, 1, 1, 1]",22.21,20.08,24.19,13.56,576327.3
EME,735.52,4,"[0, 0, 0, 0, 1, 1, 0, 1, 1, 0]",773.83,763.38,943.26,580.64,342805.5
ON,73.2,4,"[0, 0, 0, 0, 1, 1, 1, 0, 1, 0]",81.1,79.12,133.93,44.9,8341755.15
GFI,42.91,7,"[1, 1, 1, 0, 0, 1, 1, 0, 1, 1]",38.58,42.41,58.44,30.56,3802574.0
ERIC,10.04,4,"[0, 0, 0, 0, 1, 1, 1, 0, 1, 0]",10.13,10.82,13.74,7.7,7892141.8
KB,129.59,10,"[1, 1, 1, 1, 1, 1, 1, 1, 1, 1]",121.2,105.65,132.88,77.5,173429.95
PUK,26.48,2,"[0, 0, 0, 0, 0, 0, 0, 1, 1, 0]",28.01,29.17,32.95,24.81,1050899.15
IRM,112.04,5,"[0, 0, 1, 1, 1, 1, 0, 0, 1, 0]",121.24,109.59,,,1523251.3
LYV,170.24,8,"[0, 1, 1, 1, 1, 1, 1, 1, 1, 0]",180.04,161.67,188.46,125.61,1776337.65
KGC,28.04,4,"[1, 0, 0, 0, 0, 1, 0, 0, 1, 1]",26.94,29.5,37.92,22.17,8235299.65
JBL,296.05,7,"[0, 0, 1, 1, 1, 1, 1, 1, 1, 0]",320.41,295.96,385.55,192.34,891805.05
ADM,86.61,10,"[1, 1, 1, 1, 1, 1, 1, 1, 1, 1]",81.78,72.14,86.91,54.41,3652604.25
VOD,17.68,10,"[1, 1, 1, 1, 1, 1, 1, 1, 1, 1]",15.88,14.67,17.68,10.73,2821614.7
BBD,3.5,5,"[1, 0, 0, 0, 1, 0, 0, 1, 1, 1]",3.42,3.51,4.11,2.93,28380395.85
VIK,85.05,7,"[0, 0, 1, 1, 1, 1, 1, 1, 1, 0]",96.36,83.09,108.26,57.08,4286839.2
UMC,21.61,10,"[1, 1, 1, 1, 1, 1, 1, 1, 1, 1]",20.45,14.55,27.53,6.71,11260489.85
ONC,346.5,8,"[1, 1, 1, 1, 0, 1, 1, 1, 1, 0]",340.36,317.95,377.47,260.27,359593.1
LVS,41.27,1,"[0, 0, 0, 0, 0, 0, 0, 0, 1, 0]",45.51,52.99,68.29,41.27,5000875.75
IX,39.69,8,"[0, 1, 1, 1, 1, 1, 1, 1, 1, 0]",39.71,34.64,41.31,24.22,333278.8
CRDO,150.39,5,"[0, 0, 0, 1, 1, 1, 1, 0, 1, 0]",218.96,175.87,302.52,87.81,7564880.85
ALAB,252.54,7,"[0, 1, 1, 1, 1, 1, 1, 0, 1, 0]",311.93,229.24,483.02,100.27,3479593.8
STLD,239.22,8,"[0, 1, 1, 1, 1, 1, 1, 1, 1, 0]",243.03,212.11,282.12,134.48,1209857.35
HAL,35.67,8,"[1, 0, 1, 0, 1, 1, 1, 1, 1, 1]",34.27,34.8,42.6,21.39,10949270.65
HUM,396.62,10,"[1, 1, 1, 1, 1, 1, 1, 1, 1, 1]",389.31,283.95,409.8,162.46,948508.85
MTZ,222.7,3,"[0, 0, 0, 0, 1, 1, 0, 0, 1, 0]",289.67,305.56,437.51,190.08,1379634.55
UAL,106.92,4,"[0, 0, 0, 1, 0, 1, 0, 1, 1, 0]",118.39,108.73,136.11,85.21,3427818.95
ZM,93.07,7,"[0, 1, 1, 1, 1, 1, 0, 1, 1, 0]",96.88,90.87,111.88,72.72,3333862.25
TS,56.64,8,"[1, 0, 1, 0, 1, 1, 1, 1, 1, 1]",55.45,52.7,64.02,33.04,1288379.6
CASY,587.14,4,"[0, 0, 0, 1, 1, 1, 0, 0, 1, 0]",807.93,728.76,915.59,511.97,574036.5
TECK,64.65,7,"[1, 1, 1, 1, 1, 1, 0, 0, 1, 0]",63.72,57.36,,,3103686.15
SYM,42.77,3,"[1, 0, 0, 0, 0, 0, 0, 0, 1, 1]",41.84,52.05,87.3,38.22,1556645.95
EL,96.25,9,"[1, 1, 1, 1, 0, 1, 1, 1, 1, 1]",90.24,91.9,118.37,66.74,3931547.35
SHG,82.63,10,"[1, 1, 1, 1, 1, 1, 1, 1, 1, 1]",75.0,65.25,84.47,48.71,150355.35
Q,114.59,4,"[0, 0, 0, 0, 1, 1, 1, 0, 1, 0]",131.7,122.83,175.52,73.35,1767411.05
TWLO,242.16,10,"[1, 1, 1, 1, 1, 1, 1, 1, 1, 1]",218.78,166.5,255.95,100.09,1684169.4
RVMD,204.86,9,"[1, 1, 1, 1, 1, 1, 1, 1, 1, 0]",198.86,138.06,221.15,42.51,1714421.55
RDDT,159.63,4,"[0, 1, 0, 1, 0, 0, 1, 0, 1, 0]",166.47,173.44,270.71,121.84,4702890.4
IQV,269.67,9,"[1, 1, 1, 1, 0, 1, 1, 1, 1, 1]",237.67,203.06,271.62,156.66,1329127.15
NTRS,178.74,8,"[0, 1, 1, 1, 1, 1, 1, 1, 1, 0]",184.09,158.74,190.57,120.18,936227.65
DOV,188.97,4,"[0, 0, 0, 0, 1, 1, 0, 1, 1, 0]",203.3,209.26,231.59,159.53,1191325.0
RPRX,58.47,8,"[0, 1, 1, 1, 1, 1, 1, 1, 1, 0]",59.14,49.5,63.96,34.24,3028028.0
ASTS,58.77,2,"[0, 0, 0, 0, 0, 0, 1, 0, 1, 0]",64.1,81.6,133.09,40.43,9256595.35
BIIB,216.17,10,"[1, 1, 1, 1, 1, 1, 1, 1, 1, 1]",209.65,192.3,224.51,135.67,726474.5
VG,15.29,10,"[1, 1, 1, 1, 1, 1, 1, 1, 1, 1]",13.86,11.6,17.51,5.9,13919699.5
EXPE,293.08,7,"[0, 1, 1, 1, 0, 1, 1, 1, 1, 0]",296.45,258.92,338.64,187.43,1632909.25
CRCL,86.3,6,"[1, 0, 1, 0, 1, 0, 1, 0, 1, 1]",75.41,85.74,150.48,50.23,16092819.2
ARES,129.1,4,"[0, 1, 0, 1, 0, 0, 1, 0, 1, 0]",133.35,131.08,178.0,94.25,1848452.95
FTI,74.97,9,"[1, 1, 1, 1, 1, 1, 1, 1, 1, 0]",74.53,65.28,80.08,35.45,2549756.4
FTAI,176.44,3,"[0, 0, 0, 0, 1, 1, 0, 0, 1, 0]",206.85,234.41,308.31,151.95,1309125.3
CNC,67.66,10,"[1, 1, 1, 1, 1, 1, 1, 1, 1, 1]",65.55,51.21,69.41,31.77,3987799.3
NTRA,350.78,10,"[1, 1, 1, 1, 1, 1, 1, 1, 1, 1]",299.41,238.84,350.78,160.21,1157683.35
NVT,146.8,8,"[0, 1, 1, 1, 1, 1, 1, 1, 1, 0]",156.58,136.72,184.1,94.55,2629872.9
MTSI,240.02,4,"[0, 0, 0, 0, 1, 1, 1, 0, 1, 0]",277.86,266.69,409.68,122.18,1282957.0
TPL,371.63,5,"[0, 0, 0, 0, 1, 1, 1, 0, 1, 1]",382.42,392.7,538.1,272.4,340302.05
TPR,117.11,3,"[0, 0, 0, 0, 1, 1, 0, 0, 1, 0]",136.87,137.82,164.16,97.55,3399248.0
CFG,70.24,8,"[0, 1, 1, 1, 1, 1, 1, 1, 1, 0]",71.21,63.89,74.73,46.98,3141691.8
CW,562.85,3,"[0, 0, 0, 0, 1, 1, 0, 0, 1, 0]",675.18,676.53,792.77,496.98,416846.65
DOW,29.85,4,"[0, 0, 0, 0, 1, 1, 1, 0, 1, 0]",29.93,31.06,40.97,19.68,8546930.8
EIX,54.56,3,"[0, 0, 0, 0, 1, 1, 0, 0, 1, 0]",70.36,67.39,80.38,50.16,6771310.4
PKX,61.1,7,"[1, 0, 1, 0, 1, 1, 1, 0, 1, 1]",56.24,60.97,91.72,45.13,204426.9
BAP,372.9,8,"[0, 1, 1, 1, 1, 1, 1, 1, 1, 0]",383.68,334.79,402.27,236.66,320361.7
VRSN,297.26,10,"[1, 1, 1, 1, 1, 1, 1, 1, 1, 1]",282.82,261.64,309.09,210.31,649954.75
HUBB,438.53,4,"[0, 0, 0, 0, 1, 1, 0, 1, 1, 0]",477.62,483.77,554.46,402.45,473929.4
STRL,459.02,4,"[0, 0, 0, 0, 1, 1, 1, 0, 1, 0]",565.1,527.42,993.74,283.57,541854.7
EC,18.26,10,"[1, 1, 1, 1, 1, 1, 1, 1, 1, 1]",16.77,13.63,18.26,8.2,1588881.85
P,96.97,9,"[1, 1, 1, 1, 1, 1, 1, 1, 1, 0]",90.42,75.86,118.16,56.99,3167295.45
AER,138.32,5,"[0, 0, 0, 1, 1, 1, 0, 1, 1, 0]",148.22,143.17,154.82,118.85,1094652.6
PAAS,48.42,5,"[1, 0, 0, 0, 0, 1, 1, 0, 1, 1]",47.69,52.38,68.06,32.89,4853197.25
DG,124.7,8,"[1, 1, 0, 1, 0, 1, 1, 1, 1, 1]",123.86,125.97,154.71,94.6,2714839.2
VIV,11.89,3,"[0, 0, 0, 0, 1, 0, 0, 0, 1, 1]",12.39,13.32,16.26,10.96,1310828.0
SYF,76.06,6,"[0, 1, 1, 1, 0, 1, 0, 1, 1, 0]",76.62,74.67,87.38,63.25,3238496.75
ZS,193.89,7,"[1, 1, 1, 1, 0, 0, 1, 0, 1, 1]",164.69,169.11,336.27,118.05,3340024.55
SQM,69.29,4,"[0, 0, 0, 0, 1, 1, 1, 0, 1, 0]",71.92,74.61,92.85,39.55,1011060.4
BG,121.76,9,"[1, 1, 1, 0, 1, 1, 1, 1, 1, 1]",115.02,113.83,130.59,75.21,1629144.85
FMX,121.6,9,"[0, 1, 1, 1, 1, 1, 1, 1, 1, 1]",123.27,113.12,132.15,88.67,369843.45
MDB,377.67,8,"[1, 1, 1, 1, 0, 1, 1, 1, 1, 0]",376.45,343.56,472.29,225.95,1943436.55
XPO,178.24,5,"[0, 0, 0, 0, 1, 1, 1, 1, 1, 0]",199.95,190.43,228.37,123.66,937726.2
ALB,113.45,4,"[0, 0, 0, 0, 1, 1, 1, 0, 1, 0]",125.97,155.62,214.35,79.21,2223333.5
UTHR,500.35,4,"[0, 0, 0, 0, 1, 1, 0, 1, 1, 0]",520.27,524.17,596.76,397.97,564427.1
FSLR,202.34,1,"[0, 0, 0, 0, 0, 0, 0, 0, 1, 0]",215.94,229.21,318.25,184.7,1859946.95
TSN,52.55,4,"[0, 0, 0, 0, 1, 1, 0, 1, 1, 0]",56.47,59.4,67.54,49.0,3425118.45
TSEM,195.12,6,"[0, 0, 1, 1, 1, 1, 1, 0, 1, 0]",226.56,189.47,316.85,65.71,1322470.9
RF,29.68,8,"[0, 1, 1, 1, 1, 1, 1, 1, 1, 0]",30.59,28.1,32.07,22.44,7143369.45
KEY,21.7,8,"[0, 1, 1, 1, 1, 1, 1, 1, 1, 0]",22.37,21.15,23.76,16.12,11538915.25
TEAM,189.81,9,"[1, 1, 1, 1, 0, 1, 1, 1, 1, 1]",138.07,110.35,194.68,57.15,3857600.3
LYB,65.43,9,"[1, 1, 1, 0, 1, 1, 1, 1, 1, 1]",61.51,59.92,80.69,39.87,3286760.25
JBHT,273.05,8,"[0, 1, 1, 1, 1, 1, 1, 1, 1, 0]",274.46,239.96,297.91,129.59,767511.05
SBAC,183.14,5,"[1, 0, 0, 0, 1, 0, 0, 1, 1, 1]",182.84,190.29,220.88,163.03,825319.1
WST,365.0,10,"[1, 1, 1, 1, 1, 1, 1, 1, 1, 1]",348.69,295.84,365.5,230.63,495145.25
CPAY,407.75,10,"[1, 1, 1, 1, 1, 1, 1, 1, 1, 1]",392.41,340.72,425.24,255.0,419548.9
ENTG,129.64,6,"[0, 0, 1, 1, 1, 1, 1, 0, 1, 0]",138.77,127.94,183.84,68.64,2089026.15
NMR,10.61,10,"[1, 1, 1, 1, 1, 1, 1, 1, 1, 1]",9.92,8.79,10.86,6.73,731921.85
IHG,153.4,8,"[0, 1, 1, 1, 1, 1, 1, 1, 1, 0]",158.94,147.23,173.43,116.28,189183.55
FN,374.91,2,"[0, 0, 0, 0, 1, 0, 0, 0, 1, 0]",467.58,535.91,746.47,355.53,1007860.85
SBS,5.24,3,"[0, 0, 0, 0, 1, 0, 0, 0, 1, 1]",5.27,5.55,7.08,4.43,10349528.65
WWD,319.5,4,"[0, 0, 0, 0, 1, 1, 1, 0, 1, 0]",367.55,361.16,436.05,236.62,569503.9
SITM,550.39,6,"[0, 0, 1, 1, 1, 1, 1, 0, 1, 0]",599.46,509.62,901.48,252.76,357814.65
INSM,119.92,3,"[1, 0, 0, 0, 0, 0, 1, 0, 1, 0]",117.91,138.5,211.41,91.88,1879465.4
BEKE,16.21,4,"[0, 0, 0, 1, 0, 1, 0, 1, 1, 0]",16.93,16.65,19.99,14.26,5047898.6
AKAM,105.4,4,"[0, 0, 0, 0, 1, 1, 1, 0, 1, 0]",115.12,110.14,161.14,71.97,3094874.75
PFG,118.37,10,"[1, 1, 1, 1, 1, 1, 1, 1, 1, 1]",112.29,98.37,118.51,75.78,1209567.45
RL,335.23,5,"[0, 0, 0, 1, 1, 1, 0, 1, 1, 0]",371.6,365.06,413.24,299.66,649201.55
ATI,186.69,8,"[0, 1, 1, 1, 1, 1, 1, 1, 1, 0]",202.85,161.51,231.78,77.01,1905250.05
MRNA,143.77,10,"[1, 1, 1, 1, 1, 1, 1, 1, 1, 1]",93.61,58.34,174.38,22.36,34733597.8
ILMN,222.29,10,"[1, 1, 1, 1, 1, 1, 1, 1, 1, 1]",201.25,154.44,227.69,91.0,1963480.35
AFRM,72.09,7,"[0, 1, 1, 1, 0, 1, 1, 1, 1, 0]",75.65,66.67,92.18,42.53,5797031.15
CRS,415.32,5,"[0, 0, 0, 1, 1, 1, 1, 0, 1, 0]",525.99,435.72,618.99,231.87,774843.5
SMCI,35.64,7,"[1, 1, 1, 1, 1, 0, 1, 0, 1, 0]",32.88,31.52,58.68,20.53,37622015.35
MKSI,231.5,5,"[0, 0, 0, 1, 1, 1, 1, 0, 1, 0]",298.7,265.29,444.39,117.86,1322516.3
IFF,84.24,10,"[1, 1, 1, 1, 1, 1, 1, 1, 1, 1]",82.0,74.72,88.07,58.53,1451408.55
EXPD,193.9,10,"[1, 1, 1, 1, 1, 1, 1, 1, 1, 1]",181.46,159.68,193.9,111.96,773352.65
ROIV,39.5,10,"[1, 1, 1, 1, 1, 1, 1, 1, 1, 1]",35.99,29.11,41.81,14.18,8937720.55
DD,128.04,5,"[0, 0, 0, 0, 1, 1, 1, 1, 1, 0]",136.59,136.0,152.69,90.91,1186005.95
IREN,41.58,3,"[1, 0, 0, 0, 0, 0, 1, 0, 1, 0]",40.22,45.6,76.41,29.31,41599925.9
RGLD,251.16,8,"[1, 1, 1, 0, 0, 1, 1, 1, 1, 1]",226.73,237.93,303.02,168.01,647883.35
FUTU,108.72,2,"[1, 0, 0, 0, 0, 0, 0, 0, 1, 0]",108.52,134.65,195.9,89.76,1417677.6
ULS,64.76,2,"[0, 0, 0, 0, 1, 0, 0, 0, 1, 0]",80.1,84.19,104.53,64.76,550906.75
CHRW,157.63,4,"[0, 0, 0, 0, 1, 0, 0, 1, 1, 1]",163.55,171.43,208.52,122.52,1278643.65
LUV,39.28,5,"[0, 0, 0, 1, 1, 1, 1, 0, 1, 0]",43.8,42.86,54.07,29.15,4678409.55
DKS,123.72,1,"[0, 0, 0, 0, 0, 0, 0, 0, 1, 0]",181.48,201.84,236.92,123.14,5741270.1
VTRS,16.65,9,"[0, 1, 1, 1, 1, 1, 1, 1, 1, 1]",16.71,14.7,17.73,9.17,7330994.4
RCI,35.84,5,"[1, 1, 0, 0, 0, 0, 0, 1, 1, 1]",34.82,35.85,39.83,31.15,942580.1
FFIV,430.88,10,"[1, 1, 1, 1, 1, 1, 1, 1, 1, 1]",404.14,332.5,431.26,223.99,467477.45
CX,10.19,4,"[0, 0, 0, 0, 1, 1, 0, 1, 1, 0]",11.51,11.87,13.52,8.85,6071631.3
INCY,121.74,8,"[0, 1, 1, 1, 1, 1, 1, 1, 1, 0]",121.83,105.31,129.93,81.66,1272748.4
KEP,11.44,1,"[0, 0, 0, 0, 0, 0, 0, 0, 1, 0]",11.86,15.26,23.26,11.18,1018313.15
APG,36.97,3,"[0, 0, 0, 0, 1, 1, 0, 0, 1, 0]",40.56,41.94,49.4,33.64,3231130.2
SNX,262.48,9,"[1, 1, 1, 1, 1, 1, 1, 1, 1, 0]",253.13,207.57,289.57,141.35,524293.5
CDE,19.91,7,"[1, 1, 1, 0, 0, 1, 1, 0, 1, 1]",18.03,19.11,27.12,13.8,33971361.75
RBC,483.71,4,"[0, 0, 0, 0, 1, 1, 1, 0, 1, 0]",544.05,545.58,648.89,369.71,277262.1
BURL,227.28,4,"[0, 0, 0, 1, 1, 1, 0, 0, 1, 0]",322.83,311.14,372.19,227.28,1737913.5
ROKU,156.62,9,"[1, 1, 1, 1, 1, 1, 1, 1, 1, 0]",150.35,119.85,159.76,82.93,2227830.05
AMKR,46.38,4,"[0, 0, 0, 0, 1, 1, 1, 0, 1, 0]",55.37,56.46,93.38,26.44,4555447.65
RS,392.0,8,"[0, 1, 1, 1, 1, 1, 1, 1, 1, 0]",398.56,348.38,428.02,261.99,336799.5
BWXT,146.7,2,"[0, 0, 0, 0, 1, 0, 0, 0, 1, 0]",166.04,191.56,237.73,146.7,1092556.05
ZTO,20.42,4,"[0, 0, 0, 0, 1, 1, 0, 1, 1, 0]",22.74,22.93,25.88,18.21,2032999.7
NXT,79.79,2,"[0, 0, 0, 0, 1, 0, 0, 0, 1, 0]",95.33,108.3,156.4,66.85,2050560.05
ITT,197.99,6,"[0, 0, 1, 1, 1, 1, 0, 1, 1, 0]",201.45,194.49,220.83,168.49,627884.2
FTV,56.45,5,"[0, 0, 0, 1, 1, 1, 0, 1, 1, 0]",59.83,58.04,64.01,47.46,2204318.3
IONQ,37.05,2,"[0, 0, 0, 0, 0, 0, 1, 0, 1, 0]",39.63,43.98,82.09,26.59,18480959.0
AGI,35.17,4,"[1, 0, 0, 0, 0, 1, 0, 0, 1, 1]",32.72,39.11,55.16,27.8,3674166.3
BCH,41.45,10,"[1, 1, 1, 1, 1, 1, 1, 1, 1, 1]",41.27,38.84,43.7,27.62,293311.35
YPF,57.61,10,"[1, 1, 1, 1, 1, 1, 1, 1, 1, 1]",51.03,43.82,57.61,23.57,1245451.55
CF,135.54,10,"[1, 1, 1, 1, 1, 1, 1, 1, 1, 1]",123.96,108.91,139.27,74.99,2685287.6
MGA,63.42,8,"[0, 1, 1, 1, 1, 1, 1, 1, 1, 0]",67.12,60.04,73.05,42.56,1186524.85
TLN,282.15,1,"[0, 0, 0, 0, 0, 0, 0, 0, 1, 0]",338.53,355.94,445.84,282.15,872455.2
LSCC,106.49,5,"[0, 0, 0, 1, 1, 1, 1, 0, 1, 0]",123.92,109.42,155.27,61.73,1325114.55
WMG,29.05,6,"[1, 1, 1, 0, 0, 0, 0, 1, 1, 1]",27.42,28.28,34.31,23.35,1734765.8
CIB,100.67,10,"[1, 1, 1, 1, 1, 1, 1, 1, 1, 1]",91.24,74.24,103.12,48.83,344944.8
WCC,334.46,8,"[0, 1, 1, 1, 1, 1, 1, 1, 1, 0]",342.81,311.72,373.56,206.36,506236.4
JBS,12.28,3,"[0, 0, 0, 0, 1, 1, 0, 0, 1, 0]",13.05,13.78,17.05,11.6,5137339.95
WSO,302.66,2,"[0, 0, 0, 0, 1, 0, 0, 0, 1, 0]",334.2,369.65,452.97,302.29,465227.75
DOCN,117.85,7,"[0, 1, 1, 1, 1, 1, 1, 0, 1, 0]",122.68,99.54,181.29,34.16,2349168.15
EWBC,128.73,8,"[0, 1, 1, 1, 1, 1, 1, 1, 1, 0]",130.94,119.56,136.6,91.94,699072.2
AA,46.52,4,"[0, 0, 0, 0, 1, 1, 1, 0, 1, 0]",48.43,57.83,83.63,30.99,3826335.55
PR,24.49,10,"[1, 1, 1, 1, 1, 1, 1, 1, 1, 1]",21.68,18.74,24.49,11.76,9727379.65
NVMI,335.08,3,"[0, 0, 0, 0, 1, 1, 0, 0, 1, 0]",400.94,439.98,605.65,275.78,529122.55
RTO,22.17,1,"[0, 0, 0, 0, 0, 0, 0, 0, 1, 0]",25.59,29.37,34.2,22.17,1402434.3
OWL,10.24,3,"[0, 1, 0, 1, 0, 0, 0, 0, 1, 0]",10.7,10.91,17.68,7.89,18303699.65
OVV,66.97,8,"[1, 1, 1, 1, 1, 1, 0, 0, 1, 1]",61.96,53.19,,,3298482.45
TTMI,112.46,4,"[0, 0, 0, 0, 1, 1, 1, 0, 1, 0]",127.68,121.9,221.47,49.03,2167753.2
BEN,33.29,8,"[0, 1, 1, 1, 1, 1, 1, 1, 1, 0]",33.73,28.52,35.77,20.39,3059297.0
IEX,222.84,8,"[0, 1, 1, 1, 1, 1, 1, 1, 1, 0]",228.52,206.59,240.52,156.95,541040.6
LAMR,147.82,8,"[0, 1, 1, 1, 1, 1, 1, 1, 1, 0]",155.51,139.87,164.33,111.93,455390.05
VNOM,45.96,9,"[1, 1, 1, 0, 1, 1, 1, 1, 1, 1]",43.34,42.5,49.44,34.2,1323646.45
GNRC,175.03,3,"[0, 0, 0, 0, 1, 1, 0, 0, 1, 0]",205.77,209.64,295.54,136.37,940733.65
NDSN,309.25,10,"[1, 1, 1, 1, 1, 1, 1, 1, 1, 1]",305.73,279.87,333.7,218.8,431155.25
SN,167.09,8,"[0, 1, 1, 1, 1, 1, 1, 1, 1, 0]",169.01,130.55,192.86,84.57,1604802.9
H,160.19,5,"[0, 0, 0, 1, 1, 1, 0, 1, 1, 0]",177.89,169.22,201.92,134.94,701358.95
BALL,61.01,9,"[0, 1, 1, 1, 1, 1, 1, 1, 1, 1]",62.52,59.09,67.1,45.77,1761664.85
MLI,60.53,5,"[0, 0, 0, 1, 1, 1, 0, 1, 1, 0]",62.92,61.72,70.03,47.96,1300508.45
LOGI,101.14,6,"[0, 1, 1, 1, 0, 0, 0, 1, 1, 1]",101.63,100.42,126.69,85.84,741154.25
CLH,318.2,9,"[1, 1, 1, 1, 1, 1, 1, 1, 1, 0]",312.51,285.84,326.34,201.73,385569.35
GMAB,34.15,9,"[1, 1, 1, 1, 0, 1, 1, 1, 1, 1]",31.1,29.41,35.34,23.85,2220570.1
PAA,25.77,10,"[1, 1, 1, 1, 1, 1, 1, 1, 1, 1]",24.26,21.08,26.1,14.64,2673328.55
NBIX,150.02,7,"[0, 1, 1, 1, 1, 1, 0, 1, 1, 0]",164.01,147.98,185.5,123.1,1015922.05
HST,22.13,8,"[0, 1, 1, 1, 1, 1, 1, 1, 1, 0]",23.29,20.41,25.54,14.79,7806184.65
JLL,341.04,6,"[0, 1, 1, 1, 0, 1, 0, 1, 1, 0]",352.85,327.92,392.79,280.16,309187.5
ASND,239.77,6,"[0, 0, 1, 1, 1, 1, 0, 1, 1, 0]",256.75,233.96,277.18,189.74,628489.45
LECO,253.68,5,"[0, 0, 0, 1, 1, 1, 0, 1, 1, 0]",267.57,261.63,297.02,218.56,440429.25
OKTA,190.45,10,"[1, 1, 1, 1, 1, 1, 1, 1, 1, 1]",150.59,104.73,190.45,62.93,4312012.15
HTHT,43.34,4,"[1, 0, 0, 0, 0, 1, 0, 1, 1, 0]",43.02,46.07,53.59,35.36,1634921.35
DTM,125.08,3,"[0, 0, 0, 0, 1, 1, 0, 0, 1, 0]",135.94,133.27,,,967655.4
MOD,178.87,4,"[0, 0, 0, 0, 1, 1, 1, 0, 1, 0]",205.46,211.69,306.89,119.68,1275141.25
RRX,152.45,3,"[0, 0, 0, 0, 1, 1, 0, 0, 1, 0]",184.21,187.82,238.19,127.98,1239375.8
BSAC,34.76,10,"[1, 1, 1, 1, 1, 1, 1, 1, 1, 1]",34.59,32.31,36.15,24.3,289664.45
JAZZ,240.83,8,"[0, 1, 1, 1, 1, 1, 1, 1, 1, 0]",249.29,207.43,261.62,126.54,1002167.55
ONTO,244.16,5,"[0, 0, 0, 1, 1, 1, 1, 0, 1, 0]",285.71,245.18,378.45,116.0,912520.25
OHI,47.13,8,"[0, 1, 1, 1, 1, 1, 0, 1, 1, 1]",47.87,45.4,51.03,37.16,1831692.7
SMMT,17.4,6,"[1, 1, 1, 0, 0, 0, 1, 0, 1, 1]",14.55,16.43,26.38,12.43,6202289.6
RMBS,83.11,2,"[0, 0, 0, 0, 1, 0, 0, 0, 1, 0]",94.89,107.83,170.66,79.73,1970609.8
AUR,6.44,9,"[1, 1, 1, 1, 1, 1, 1, 1, 1, 0]",6.3,5.43,8.4,3.77,31491430.8
NIO,3.6,2,"[0, 0, 0, 0, 1, 0, 0, 0, 1, 0]",4.49,5.15,7.89,3.58,40631262.75
HAS,90.21,7,"[1, 0, 1, 0, 1, 1, 1, 1, 1, 0]",89.81,88.73,103.58,68.73,1345525.1
LTM,50.4,3,"[0, 0, 0, 1, 0, 1, 0, 0, 1, 0]",52.75,53.41,68.29,41.47,855591.55
SUN,79.97,10,"[1, 1, 1, 1, 1, 1, 1, 1, 1, 1]",74.23,63.79,79.97,45.51,460283.5
QXO,11.44,1,"[0, 0, 0, 0, 0, 0, 0, 0, 1, 0]",14.0,18.98,27.07,11.44,14191696.6
AEIS,250.57,4,"[0, 0, 0, 0, 1, 1, 1, 0, 1, 0]",295.29,301.17,388.79,157.56,516439.65
ALLY,41.58,4,"[0, 0, 0, 1, 0, 1, 0, 1, 1, 0]",43.61,42.45,46.92,35.47,3110636.95
PL,16.02,4,"[0, 0, 0, 0, 1, 1, 1, 0, 1, 0]",21.86,27.14,51.4,9.75,10338798.15
EVR,270.82,1,"[0, 0, 0, 0, 0, 0, 0, 0, 1, 0]",310.33,327.54,379.99,265.69,440830.45
SKM,35.59,9,"[1, 1, 1, 1, 1, 1, 1, 1, 1, 0]",35.38,31.62,46.0,19.68,1638838.5
TIGO,95.82,10,"[1, 1, 1, 1, 1, 1, 1, 1, 1, 1]",94.96,76.38,104.31,43.16,903619.95
SANM,191.61,6,"[0, 0, 1, 1, 1, 1, 1, 0, 1, 0]",200.23,184.93,282.72,113.14,581171.35
IESC,311.41,8,"[0, 1, 1, 1, 1, 1, 1, 1, 1, 0]",331.97,283.46,396.98,178.85,270322.0
BBIO,68.39,5,"[0, 0, 0, 1, 0, 1, 1, 1, 1, 0]",80.41,74.0,90.17,49.0,1991870.2
TOL,134.2,5,"[0, 0, 0, 1, 1, 1, 0, 1, 1, 0]",146.85,144.26,165.52,123.92,926541.15
DINO,112.25,10,"[1, 1, 1, 1, 1, 1, 1, 1, 1, 1]",92.47,66.58,112.25,44.83,2369086.7
NYT,71.71,7,"[1, 0, 0, 0, 1, 1, 1, 1, 1, 1]",69.88,73.37,85.59,54.2,1926159.9
DY,282.34,3,"[0, 0, 0, 0, 1, 1, 0, 0, 1, 0]",378.8,393.37,535.2,253.08,787395.0
RBRK,103.55,9,"[1, 1, 1, 1, 0, 1, 1, 1, 1, 1]",88.11,69.67,107.02,43.81,3771253.4
DVA,190.9,9,"[0, 1, 1, 1, 1, 1, 1, 1, 1, 1]",203.25,166.07,240.96,103.87,605704.75
GH,175.65,10,"[1, 1, 1, 1, 1, 1, 1, 1, 1, 1]",159.98,119.2,175.65,55.4,1782674.95
PEN,318.43,5,"[0, 0, 0, 0, 1, 1, 1, 1, 1, 0]",321.38,325.45,359.4,225.54,274651.55
BMNR,23.6,7,"[1, 1, 1, 1, 0, 0, 1, 0, 1, 1]",19.72,22.19,63.2,13.31,47996600.35
SWK,88.58,8,"[0, 1, 1, 1, 1, 1, 1, 1, 1, 0]",94.18,81.18,103.1,59.56,1588458.9
ENLT,69.55,5,"[0, 0, 0, 1, 1, 1, 1, 0, 1, 0]",82.54,73.73,107.42,28.1,163414.2
OKLO,35.98,1,"[0, 0, 0, 0, 0, 0, 0, 0, 1, 0]",42.52,63.27,174.14,35.98,9977822.6
BWA,62.49,8,"[0, 1, 1, 1, 1, 1, 1, 1, 1, 0]",65.03,58.01,76.83,40.47,1746816.3
APA,47.41,10,"[1, 1, 1, 1, 1, 1, 1, 1, 1, 1]",39.28,33.88,47.41,21.16,5257319.0
IONS,47.25,1,"[0, 0, 0, 0, 0, 0, 0, 0, 1, 0]",57.95,72.74,86.5,47.25,3220095.6
HL,18.68,5,"[1, 1, 0, 0, 0, 1, 1, 0, 1, 0]",17.55,19.14,31.79,10.76,32199678.55
HII,279.46,1,"[0, 0, 0, 0, 0, 0, 0, 0, 1, 0]",295.96,344.21,449.68,266.82,389821.05
SOLS,57.16,4,"[0, 0, 0, 0, 1, 1, 1, 0, 1, 0]",60.27,68.39,88.48,41.3,3222845.0
FIVE,236.07,9,"[1, 1, 1, 1, 1, 1, 1, 1, 1, 0]",225.87,211.11,262.72,138.49,1247426.15
FPS,31.36,2,"[0, 0, 0, 0, 1, 0, 0, 0, 1, 0]",35.92,31.36,64.59,27.97,7031951.25
U,43.01,8,"[1, 1, 1, 1, 0, 1, 1, 1, 1, 0]",38.23,32.16,49.47,17.13,9198917.7
IVZ,30.78,8,"[0, 1, 1, 1, 1, 1, 1, 1, 1, 0]",30.92,27.16,33.31,21.42,3376907.1
NTNX,67.99,10,"[1, 1, 1, 1, 1, 1, 1, 1, 1, 1]",62.01,49.06,78.16,34.41,2687366.75
MEDP,620.48,9,"[1, 1, 1, 1, 0, 1, 1, 1, 1, 1]",580.18,520.63,620.75,393.42,198703.65
EXEL,56.9,10,"[1, 1, 1, 1, 1, 1, 1, 1, 1, 1]",55.32,48.09,59.13,34.54,2045046.45
ALGN,147.0,3,"[0, 0, 0, 0, 1, 1, 0, 0, 1, 0]",168.05,170.92,197.51,124.88,845925.9
WLK,70.02,3,"[0, 0, 0, 0, 1, 1, 0, 0, 1, 0]",75.22,87.38,121.8,54.89,705195.35
SAIA,353.8,4,"[0, 0, 0, 0, 1, 1, 1, 0, 1, 0]",379.18,387.57,487.14,250.48,371608.3
MP,49.17,1,"[0, 0, 0, 0, 0, 0, 0, 0, 1, 0]",51.1,57.45,98.65,38.1,5186424.6
VIAV,33.76,4,"[0, 0, 0, 0, 1, 1, 1, 0, 1, 0]",38.77,35.43,55.33,12.17,4129764.75
AAOI,95.29,4,"[0, 0, 0, 0, 1, 1, 1, 0, 1, 0]",113.67,103.97,223.1,19.49,7653855.7
PINS,18.76,2,"[0, 0, 0, 1, 0, 0, 0, 0, 1, 0]",22.59,21.74,36.49,15.42,11690161.35
AIZ,286.11,10,"[1, 1, 1, 1, 1, 1, 1, 1, 1, 1]",281.2,246.02,300.64,202.5,310677.75
ELAN,23.0,5,"[0, 0, 0, 1, 1, 1, 0, 1, 1, 0]",24.47,23.77,26.84,18.43,4820552.0
GLXY,22.29,3,"[0, 0, 0, 0, 0, 0, 1, 0, 1, 1]",23.02,25.06,42.86,16.84,5606851.5
APLD,23.42,2,"[0, 0, 0, 0, 1, 0, 0, 0, 1, 0]",28.06,32.3,49.65,19.46,14893228.15
MDGL,523.26,6,"[0, 1, 1, 1, 0, 1, 0, 1, 1, 0]",530.85,514.43,602.83,412.35,216280.4
VICR,183.97,4,"[0, 0, 0, 0, 1, 1, 1, 0, 1, 0]",215.02,205.43,379.78,48.46,751166.45
COKE,198.63,9,"[1, 1, 1, 0, 1, 1, 1, 1, 1, 1]",187.41,180.06,216.33,111.2,452211.3
LFUS,395.67,7,"[0, 0, 1, 1, 1, 1, 1, 1, 1, 0]",422.0,375.03,488.16,233.58,204604.2
FORM,101.69,4,"[0, 0, 0, 0, 1, 1, 1, 0, 1, 0]",110.69,103.81,159.93,31.77,1092678.6
AAON,74.32,2,"[0, 0, 0, 0, 1, 0, 0, 0, 1, 0]",90.58,97.9,147.96,73.25,1107187.5
TFII,133.29,7,"[0, 0, 1, 1, 1, 1, 1, 1, 1, 0]",141.15,126.81,162.83,80.09,185039.3
AIT,315.82,8,"[0, 1, 1, 1, 1, 1, 1, 1, 1, 0]",337.53,298.0,361.95,239.46,265521.55
SMTC,150.91,9,"[1, 1, 1, 1, 1, 1, 1, 1, 1, 0]",134.08,110.22,174.73,59.83,3452616.65
WULF,14.49,4,"[0, 0, 0, 0, 1, 1, 1, 0, 1, 0]",17.53,17.99,28.98,10.83,30166730.6
POWL,171.37,4,"[0, 0, 0, 0, 1, 1, 1, 0, 1, 0]",206.48,202.6,321.8,93.9,538378.2
TIMB,19.03,3,"[0, 0, 0, 0, 1, 0, 0, 0, 1, 1]",19.42,22.39,27.75,17.28,556651.75
AXSM,204.07,7,"[0, 0, 1, 1, 1, 1, 1, 1, 1, 0]",220.07,196.64,255.17,114.1,575418.25
WMS,127.21,1,"[0, 0, 0, 0, 0, 0, 0, 0, 1, 0]",141.41,146.67,174.69,125.33,624392.75
HMY,19.54,8,"[1, 1, 1, 1, 0, 1, 1, 1, 1, 0]",18.27,18.21,25.55,13.07,4081778.2
HUT,87.09,7,"[0, 1, 1, 1, 1, 1, 1, 0, 1, 0]",93.79,76.82,133.02,33.16,4903866.05
IAG,19.64,9,"[1, 1, 1, 0, 1, 1, 1, 1, 1, 1]",17.57,18.02,24.57,10.96,4782006.85
CGNX,59.15,7,"[0, 0, 1, 1, 1, 1, 1, 1, 1, 0]",62.92,54.16,72.32,34.65,1564790.0
KTOS,47.62,1,"[0, 0, 0, 0, 0, 0, 0, 0, 1, 0]",51.89,70.9,130.72,43.88,3205212.65
JEF,48.83,3,"[0, 0, 0, 1, 0, 0, 1, 0, 1, 0]",53.94,52.74,68.3,35.48,1717644.45
AG,18.64,5,"[1, 0, 0, 0, 1, 1, 1, 0, 1, 0]",18.38,19.93,31.96,9.92,9640405.35
EMBJ,74.08,8,"[1, 1, 1, 1, 0, 1, 1, 1, 1, 0]",70.97,66.13,79.6,53.63,1173682.3
ESI,31.79,4,"[0, 0, 0, 0, 1, 1, 1, 0, 1, 0]",36.86,35.29,48.98,22.77,5070595.3
JOBY,6.13,1,"[0, 0, 0, 0, 0, 0, 0, 0, 1, 0]",7.4,10.14,19.57,6.13,25770079.7
MUSA,526.32,8,"[0, 1, 1, 1, 1, 1, 1, 1, 1, 0]",567.45,496.22,622.07,354.79,270670.4
BTSG,58.84,8,"[0, 1, 1, 1, 1, 1, 1, 1, 1, 0]",63.97,50.91,72.91,26.85,2216295.8
GSAT,81.83,9,"[1, 1, 1, 1, 1, 1, 1, 1, 1, 0]",81.47,72.87,84.43,32.09,598769.55
GMED,74.69,4,"[0, 0, 0, 0, 0, 1, 1, 1, 1, 0]",80.22,85.56,96.82,55.1,1238259.05
BEP,28.81,4,"[0, 0, 0, 0, 1, 1, 0, 1, 1, 0]",32.07,31.21,36.63,24.08,912035.65
KNX,68.49,8,"[0, 1, 1, 1, 1, 1, 1, 1, 1, 0]",71.08,63.76,82.21,38.47,3010489.7
ALSN,122.4,9,"[1, 1, 1, 1, 1, 1, 1, 1, 1, 0]",121.86,115.6,135.36,78.44,737363.75
SNAP,5.83,6,"[1, 1, 1, 0, 0, 0, 1, 0, 1, 1]",5.12,5.77,9.09,3.93,34865104.35
ARWR,70.67,6,"[0, 0, 0, 1, 1, 1, 1, 1, 1, 0]",83.87,72.32,89.59,29.13,1461831.95
WTFC,151.47,7,"[0, 1, 1, 1, 1, 1, 0, 1, 1, 0]",157.33,148.58,166.33,118.51,430823.0
AES,14.8,9,"[1, 1, 1, 1, 1, 1, 0, 1, 1, 1]",14.7,14.35,16.87,11.92,7568491.3
SPXC,178.31,2,"[0, 0, 0, 0, 1, 0, 0, 0, 1, 0]",207.64,213.95,246.41,178.31,408884.6
VFS,3.12,3,"[1, 0, 0, 0, 1, 0, 0, 0, 1, 0]",3.11,3.39,4.76,2.81,358947.75
AHR,53.09,8,"[0, 1, 1, 1, 1, 1, 1, 1, 1, 0]",55.35,50.53,57.72,39.57,2550953.1
DAR,66.54,9,"[1, 1, 1, 1, 1, 1, 1, 1, 1, 0]",63.3,54.51,68.34,29.91,2680406.7
FCFS,215.54,9,"[1, 1, 1, 1, 1, 1, 1, 1, 1, 0]",214.51,198.07,236.43,144.41,447409.55
UMBF,137.46,8,"[0, 1, 1, 1, 1, 1, 1, 1, 1, 0]",143.99,127.95,151.5,102.51,477154.9
ARW,212.83,9,"[1, 1, 1, 1, 1, 1, 1, 1, 1, 0]",210.46,172.78,234.83,101.87,551368.45
MOG-A,356.7,8,"[0, 1, 1, 1, 1, 1, 1, 1, 1, 0]",395.68,332.98,445.38,194.79,226357.05
HBM,25.24,8,"[0, 1, 1, 1, 1, 1, 1, 1, 1, 0]",25.4,23.86,31.85,13.4,3792892.95
MGM,39.22,5,"[0, 0, 0, 1, 1, 1, 0, 1, 1, 0]",44.01,39.83,50.69,30.72,1945638.75
VMI,473.66,7,"[0, 0, 1, 1, 1, 1, 1, 1, 1, 0]",495.16,469.92,582.78,362.21,158347.7
ABVX,106.66,4,"[0, 0, 0, 1, 0, 1, 1, 0, 1, 0]",124.06,119.26,145.31,72.5,1020251.85
CTRE,38.42,5,"[0, 0, 0, 1, 1, 1, 0, 1, 1, 0]",40.44,38.57,43.4,31.94,2263872.3
MOH,206.99,9,"[0, 1, 1, 1, 1, 1, 1, 1, 1, 1]",207.56,179.22,242.88,122.65,587773.0
BPOP,164.9,8,"[0, 1, 1, 1, 1, 1, 1, 1, 1, 0]",170.37,145.99,176.9,106.79,477506.6
SNEX,66.86,6,"[0, 0, 1, 1, 1, 1, 1, 0, 1, 0]",71.26,62.8,92.67,37.2,769138.9
CYTK,69.31,6,"[0, 0, 0, 1, 1, 1, 1, 1, 1, 0]",77.72,69.98,87.26,47.56,1772394.85
VSAT,70.61,8,"[0, 1, 1, 1, 1, 1, 1, 1, 1, 0]",74.92,58.42,89.81,28.41,1603303.0
ICLR,172.45,9,"[1, 1, 1, 1, 0, 1, 1, 1, 1, 1]",167.17,147.47,202.92,80.08,725445.25
AGX,388.74,4,"[0, 0, 0, 0, 1, 1, 1, 0, 1, 0]",531.53,513.89,797.9,237.09,397160.05
CAMT,134.66,4,"[0, 0, 0, 0, 1, 1, 1, 0, 1, 0]",146.84,153.37,207.46,85.84,362959.75
SBSW,11.84,6,"[1, 1, 0, 0, 0, 1, 1, 0, 1, 1]",10.38,12.56,20.52,8.0,5540973.55
ELPC,12.37,9,"[1, 1, 1, 0, 1, 1, 1, 1, 1, 1]",11.58,11.17,13.39,8.16,459155.6
TTC,93.1,7,"[0, 0, 1, 1, 1, 1, 1, 1, 1, 0]",95.75,91.46,100.89,67.07,885656.65
R,241.16,8,"[0, 1, 1, 1, 1, 1, 1, 1, 1, 0]",257.08,226.82,279.21,157.4,250733.2
CAVA,49.99,3,"[0, 0, 0, 0, 1, 1, 0, 0, 1, 0]",65.34,72.3,97.39,43.59,2770891.7
PRAX,312.9,7,"[0, 0, 1, 1, 1, 1, 1, 1, 1, 0]",340.1,312.54,386.33,42.0,305686.6
ZION,67.99,8,"[0, 1, 1, 1, 1, 1, 1, 1, 1, 0]",69.4,62.16,72.82,45.54,1326733.55
SIRI,29.52,10,"[1, 1, 1, 1, 1, 1, 1, 1, 1, 1]",29.48,24.9,32.3,19.3,3342145.8
RIOT,19.7,6,"[0, 0, 1, 1, 1, 1, 1, 0, 1, 0]",20.57,18.89,28.69,11.83,15881139.4
FLS,71.03,5,"[0, 0, 0, 0, 1, 1, 1, 1, 1, 0]",75.33,75.91,91.49,48.65,1596874.45
ALGM,33.26,4,"[0, 0, 0, 0, 1, 1, 1, 0, 1, 0]",42.37,39.76,69.62,22.8,2152573.8
GDS,30.44,1,"[0, 0, 0, 0, 0, 0, 0, 0, 1, 0]",32.27,37.77,47.52,29.02,1275902.3
KRYS,336.68,9,"[0, 1, 1, 1, 1, 1, 1, 1, 1, 1]",346.26,294.38,378.15,154.05,230635.55
EGO,40.21,8,"[1, 1, 1, 1, 0, 1, 1, 1, 1, 0]",37.32,36.29,49.43,24.79,2831880.0
GGB,5.06,10,"[1, 1, 1, 1, 1, 1, 1, 1, 1, 1]",4.72,4.2,5.15,2.99,11559394.95
MXL,67.12,7,"[0, 1, 1, 1, 1, 1, 1, 0, 1, 0]",72.28,49.1,128.03,13.05,2252205.35
IBRX,8.14,8,"[1, 1, 1, 0, 1, 1, 1, 0, 1, 1]",7.78,6.78,11.55,1.98,8394097.0
AAL,12.77,3,"[0, 0, 0, 1, 0, 1, 0, 0, 1, 0]",14.66,13.93,18.15,10.18,65531464.4
DDS,643.33,8,"[1, 1, 1, 1, 0, 1, 0, 1, 1, 1]",598.2,604.61,699.51,510.39,162458.35
FRO,51.59,10,"[1, 1, 1, 1, 1, 1, 1, 1, 1, 1]",41.42,33.15,51.59,19.11,2878049.15
CRUS,122.21,3,"[0, 0, 0, 0, 1, 0, 0, 0, 1, 1]",125.64,139.99,178.9,108.48,933391.75
BVN,33.24,7,"[1, 0, 1, 0, 1, 1, 1, 1, 1, 0]",32.73,32.95,42.44,19.14,1278956.85
W,103.69,8,"[1, 1, 1, 1, 0, 0, 1, 1, 1, 1]",96.92,88.13,119.05,57.4,2234877.35
LUMN,6.83,3,"[1, 0, 0, 0, 0, 0, 0, 0, 1, 1]",6.43,7.72,11.83,5.54,11935274.85
LLYVK,98.41,6,"[0, 0, 1, 1, 1, 1, 0, 1, 1, 0]",102.87,94.92,108.86,77.33,264820.65
LLYVA,95.16,6,"[0, 0, 1, 1, 1, 1, 0, 1, 1, 0]",99.19,92.16,104.99,74.85,139391.5
LEVI,19.82,5,"[0, 0, 0, 1, 1, 1, 0, 1, 1, 0]",22.81,21.71,25.53,17.69,2066667.25
COLB,30.15,8,"[0, 1, 1, 1, 1, 1, 1, 1, 1, 0]",31.03,29.09,33.2,22.9,2896467.4
OSK,143.17,5,"[0, 0, 0, 1, 1, 1, 0, 1, 1, 0]",149.95,145.42,176.5,117.24,466870.55
MTCH,44.4,10,"[1, 1, 1, 1, 1, 1, 1, 1, 1, 1]",39.76,34.74,44.4,28.57,3239101.6
FR,61.37,6,"[0, 0, 1, 1, 1, 1, 0, 1, 1, 0]",64.02,60.59,68.86,49.05,762865.5
CRL,272.88,9,"[1, 1, 1, 1, 1, 1, 1, 1, 1, 0]",260.57,203.42,298.58,145.57,864731.8
FROG,94.8,10,"[1, 1, 1, 1, 1, 1, 1, 1, 1, 1]",88.86,66.57,104.03,34.75,1929703.25
ZWS,46.18,5,"[0, 0, 0, 1, 1, 1, 0, 1, 1, 0]",48.67,48.14,53.06,43.5,770692.4
SIMO,239.2,7,"[0, 1, 1, 1, 1, 1, 1, 0, 1, 0]",261.28,189.13,336.22,79.53,824708.0
ENS,170.66,4,"[0, 0, 0, 0, 1, 1, 1, 0, 1, 0]",190.3,187.12,243.06,107.3,521454.6
PRMB,20.85,7,"[0, 0, 1, 1, 1, 1, 1, 1, 1, 0]",23.13,20.7,25.26,14.14,4398215.2
EMN,65.88,3,"[0, 0, 0, 0, 1, 1, 0, 0, 1, 0]",70.6,70.0,,,965610.3
CIFR,15.09,3,"[0, 0, 0, 0, 1, 0, 1, 0, 1, 0]",18.63,18.41,29.18,11.47,34562526.15
QBTS,16.41,1,"[0, 0, 0, 0, 0, 0, 0, 0, 1, 0]",18.56,21.36,44.78,12.98,15588110.6
ECG,109.22,4,"[0, 0, 0, 0, 1, 1, 1, 0, 1, 0]",127.65,121.93,169.16,78.82,491405.95
FIGR,33.28,4,"[1, 1, 0, 0, 0, 0, 1, 0, 1, 0]",32.31,36.89,73.91,24.91,4297198.25
ICL,5.58,7,"[1, 1, 1, 0, 1, 0, 0, 1, 1, 1]",5.34,5.35,6.7,4.67,1197315.8
TKR,116.54,7,"[0, 0, 1, 1, 1, 1, 1, 1, 1, 0]",130.07,111.89,144.93,69.84,861114.65
SSL,15.11,10,"[1, 1, 1, 1, 1, 1, 1, 1, 1, 1]",11.84,10.44,15.11,5.33,1714048.3
KRMN,37.47,1,"[0, 0, 0, 0, 0, 0, 0, 0, 1, 0]",48.86,70.88,115.29,34.39,2847898.45
BOKF,135.77,8,"[0, 1, 1, 1, 1, 1, 1, 1, 1, 0]",139.77,130.45,145.44,101.73,233409.55
NXE,9.46,3,"[0, 0, 0, 0, 1, 1, 0, 0, 1, 0]",9.93,10.88,13.92,7.56,4291300.5
NE,46.55,9,"[1, 1, 1, 0, 1, 1, 1, 1, 1, 1]",43.05,41.46,53.23,25.47,1138093.35
AMG,347.94,8,"[0, 1, 1, 1, 1, 1, 1, 1, 1, 0]",363.48,317.47,383.41,230.75,268695.0
IDA,132.68,5,"[0, 0, 0, 1, 1, 1, 0, 1, 1, 0]",141.96,138.23,153.61,121.4,477720.95
VIRT,57.94,8,"[0, 1, 1, 1, 1, 1, 1, 1, 1, 0]",60.73,48.11,67.68,31.71,1456233.0
MSGS,393.27,8,"[0, 1, 1, 1, 1, 1, 1, 1, 1, 0]",394.96,333.94,414.12,212.91,242329.75
ROAD,95.04,2,"[0, 0, 0, 0, 1, 0, 0, 0, 1, 0]",106.26,114.57,140.48,93.51,497405.4
CMC,65.19,3,"[0, 0, 0, 0, 0, 1, 0, 1, 1, 0]",68.27,69.73,82.67,54.7,1080745.8
JXN,138.21,8,"[1, 1, 1, 1, 1, 1, 0, 0, 1, 1]",128.62,112.92,,,570869.7
ESE,260.09,5,"[0, 0, 0, 1, 1, 1, 1, 0, 1, 0]",301.72,278.52,354.82,195.21,199560.4
GKOS,171.68,9,"[1, 1, 1, 1, 1, 1, 1, 1, 1, 0]",170.35,131.64,189.55,74.67,643801.45
CWEN,29.93,2,"[0, 0, 0, 0, 1, 0, 0, 0, 1, 0]",32.24,35.17,40.64,26.5,1124135.85
CIG,2.1,6,"[1, 0, 0, 0, 1, 1, 0, 1, 1, 1]",2.09,2.11,2.62,1.79,4835247.5
MBLY,7.92,2,"[0, 0, 0, 1, 0, 0, 0, 0, 1, 0]",8.68,9.16,15.54,6.56,3631045.4
KNTK,54.7,10,"[1, 1, 1, 1, 1, 1, 1, 1, 1, 1]",51.76,44.69,55.1,30.05,1045151.15
CHRD,157.0,10,"[1, 1, 1, 1, 1, 1, 1, 1, 1, 1]",137.35,120.88,157.0,81.47,647139.55
MIDD,111.1,5,"[0, 0, 0, 1, 1, 1, 0, 1, 1, 0]",123.47,121.15,144.17,89.85,544498.2
PCVX,59.21,9,"[1, 1, 1, 1, 1, 1, 1, 1, 1, 0]",58.45,54.38,63.3,30.89,1123793.3
KEX,138.96,8,"[0, 1, 1, 1, 1, 1, 1, 1, 1, 0]",139.46,133.22,152.59,79.95,366753.75
HALO,106.25,10,"[1, 1, 1, 1, 1, 1, 1, 1, 1, 1]",94.2,75.3,110.76,61.63,1509009.5
YOU,41.58,4,"[0, 0, 0, 0, 1, 1, 1, 0, 1, 0]",49.15,46.23,61.97,29.1,1674860.3
ORA,91.2,1,"[0, 0, 0, 0, 0, 0, 0, 0, 1, 0]",104.69,114.9,144.94,90.67,856852.2
VLY,13.8,6,"[0, 1, 1, 1, 1, 1, 0, 0, 1, 0]",14.38,13.12,,,5879686.75
VFC,12.71,1,"[0, 0, 0, 0, 0, 0, 0, 0, 1, 0]",14.88,17.28,21.29,12.62,6135557.75
WFRD,85.39,5,"[0, 0, 0, 0, 1, 1, 1, 1, 1, 0]",88.35,92.41,111.07,60.73,966024.6
CORZ,16.04,2,"[0, 0, 0, 0, 1, 0, 0, 0, 1, 0]",20.02,19.76,29.16,13.57,11068384.95
TEX,58.36,6,"[0, 0, 0, 1, 1, 1, 1, 1, 1, 0]",64.75,61.39,74.39,41.45,944576.6
SOBO,35.61,8,"[0, 1, 1, 1, 1, 1, 1, 1, 1, 0]",37.03,32.76,38.67,24.54,626949.3
FAF,72.83,7,"[0, 1, 1, 1, 1, 1, 0, 1, 1, 0]",73.0,66.56,79.16,56.38,703962.15
IDCC,326.08,6,"[1, 1, 1, 0, 0, 0, 1, 1, 1, 0]",311.19,317.92,393.78,250.11,189632.6
OR,35.58,4,"[1, 0, 0, 0, 0, 1, 0, 0, 1, 1]",32.9,36.83,47.56,28.05,1054243.45
HXL,91.36,7,"[0, 0, 1, 1, 1, 1, 1, 1, 1, 0]",99.4,88.9,110.09,60.57,741669.95
OGC,28.88,5,"[1, 0, 0, 0, 1, 1, 1, 0, 1, 0]",27.15,30.27,42.25,19.32,566786.6
SLAB,219.97,10,"[1, 1, 1, 1, 1, 1, 1, 1, 1, 1]",218.49,197.07,220.71,116.08,311741.9
RIG,5.94,8,"[1, 0, 1, 0, 1, 1, 1, 1, 1, 1]",5.51,5.61,7.58,3.08,39980261.65
PLXS,238.53,7,"[0, 0, 1, 1, 1, 1, 1, 1, 1, 0]",253.96,224.77,303.82,132.74,214885.45
GGAL,42.14,3,"[0, 0, 0, 1, 0, 0, 1, 0, 1, 0]",46.69,47.32,58.63,25.33,904957.7
SSRM,35.24,10,"[1, 1, 1, 1, 1, 1, 1, 1, 1, 1]",31.74,28.55,39.21,19.46,2470555.2
LTH,41.47,8,"[0, 1, 1, 1, 1, 1, 1, 1, 1, 0]",43.31,32.9,45.73,24.59,2435414.85
KYMR,113.15,8,"[0, 1, 1, 1, 1, 1, 1, 1, 1, 0]",114.39,90.59,127.31,48.12,641184.1
SM,41.29,10,"[1, 1, 1, 1, 1, 1, 1, 1, 1, 1]",33.41,27.03,41.29,17.2,3612131.1
LEA,126.18,7,"[0, 0, 0, 1, 1, 1, 1, 1, 1, 1]",130.36,126.36,147.77,94.39,554860.1
HR,18.65,6,"[0, 0, 1, 1, 1, 1, 0, 1, 1, 0]",19.9,18.38,21.6,15.74,3050247.75
RHP,120.71,8,"[0, 1, 1, 1, 1, 1, 1, 1, 1, 0]",126.79,107.41,135.99,82.97,563821.75
NOV,20.97,9,"[1, 1, 1, 1, 1, 1, 1, 1, 1, 0]",20.18,18.92,21.62,12.04,3085832.6
DBX,37.63,10,"[1, 1, 1, 1, 1, 1, 1, 1, 1, 1]",33.06,27.85,37.63,22.06,3538964.1
TFPM,32.57,5,"[1, 0, 0, 0, 0, 1, 0, 1, 1, 1]",31.11,33.19,41.15,26.8,593673.95
AUGO,85.77,9,"[1, 1, 1, 0, 1, 1, 1, 1, 1, 1]",70.7,68.89,107.02,29.37,1043381.25
MTDR,63.17,9,"[1, 1, 1, 0, 1, 1, 1, 1, 1, 1]",54.12,51.75,64.51,36.03,1845383.85
MYRG,271.29,4,"[0, 0, 0, 0, 1, 1, 1, 0, 1, 0]",340.1,325.01,501.13,175.84,285546.15
AVT,92.64,9,"[1, 1, 1, 1, 1, 1, 1, 1, 1, 0]",89.92,72.65,99.63,43.47,1170479.3
LGN,53.03,4,"[0, 0, 0, 0, 1, 1, 1, 0, 1, 0]",62.82,62.85,102.27,29.72,850812.85
BRKR,55.75,8,"[0, 1, 1, 1, 1, 1, 1, 1, 1, 0]",58.02,48.24,64.34,30.68,1990979.8
SGHC,13.44,9,"[0, 1, 1, 1, 1, 1, 1, 1, 1, 1]",14.0,12.08,15.59,8.45,2239161.1
STEP,49.41,4,"[1, 1, 0, 0, 0, 0, 0, 0, 1, 1]",46.88,51.88,73.91,39.28,974984.6
UGP,7.44,10,"[1, 1, 1, 1, 1, 1, 1, 1, 1, 1]",6.35,5.21,7.56,3.53,3083124.85
VAL,88.23,8,"[1, 0, 1, 0, 1, 1, 1, 1, 1, 1]",81.99,80.7,113.42,46.75,1131442.6
BLSH,35.46,6,"[1, 1, 1, 0, 0, 0, 1, 0, 1, 1]",27.48,33.95,69.49,21.79,1575962.85
TGTX,53.04,9,"[0, 1, 1, 1, 1, 1, 1, 1, 1, 1]",53.55,39.71,59.06,26.94,1830974.75
MIRM,93.9,5,"[0, 0, 0, 1, 1, 1, 1, 0, 1, 0]",106.17,96.86,128.57,64.1,506018.0
ST,41.64,7,"[0, 0, 1, 1, 1, 1, 1, 1, 1, 0]",44.31,40.45,53.41,28.29,1402341.9
NPO,283.65,6,"[0, 0, 1, 1, 1, 1, 1, 0, 1, 0]",317.78,283.07,387.22,201.58,143657.8
PAYC,226.76,9,"[1, 1, 1, 1, 0, 1, 1, 1, 1, 1]",192.39,150.42,240.52,113.1,685660.6
SYRE,90.95,8,"[0, 1, 1, 1, 1, 1, 1, 1, 1, 0]",98.23,63.92,108.92,14.82,1175279.0
SWX,86.82,6,"[0, 0, 1, 1, 1, 1, 0, 1, 1, 0]",90.15,86.35,92.72,75.03,479932.55
COMP,10.36,7,"[0, 1, 1, 1, 0, 1, 1, 1, 1, 0]",11.64,10.16,13.58,6.68,11143087.45
AROC,30.58,4,"[0, 0, 0, 0, 1, 1, 1, 0, 1, 0]",34.34,33.02,41.68,22.6,1939981.45
AXTI,57.7,5,"[0, 0, 1, 0, 1, 1, 1, 0, 1, 0]",62.58,56.25,140.83,3.94,8638663.1
RSI,26.07,9,"[0, 1, 1, 1, 1, 1, 1, 1, 1, 1]",28.22,23.83,34.52,15.89,2208044.3
RYTM,96.77,4,"[0, 0, 0, 1, 0, 1, 0, 1, 1, 0]",108.34,99.53,117.62,75.82,499268.7
HIMS,27.85,4,"[0, 1, 0, 1, 0, 0, 1, 0, 1, 0]",30.67,28.14,62.76,14.52,10785406.05
PTGX,143.4,8,"[0, 1, 1, 1, 1, 1, 1, 1, 1, 0]",143.42,107.86,158.62,58.59,526837.5
ACA,145.15,10,"[1, 1, 1, 1, 1, 1, 1, 1, 1, 1]",145.14,124.65,145.65,88.99,570054.2
FNB,18.26,7,"[0, 1, 1, 1, 1, 1, 0, 1, 1, 0]",18.68,17.6,19.35,14.23,3324931.55
FLY,20.49,3,"[0, 0, 0, 0, 1, 1, 0, 0, 1, 0]",22.52,27.64,58.81,16.78,2304864.75
CELC,82.7,4,"[0, 0, 0, 0, 1, 1, 1, 0, 1, 0]",92.22,105.86,144.98,45.22,798409.8
ENIC,4.29,7,"[0, 1, 1, 1, 1, 1, 0, 1, 1, 0]",4.44,4.19,4.66,3.56,686256.6
INGM,26.32,7,"[0, 0, 1, 1, 1, 1, 1, 1, 1, 0]",28.35,25.33,31.54,19.32,1842505.7
LUNR,13.87,4,"[0, 0, 0, 0, 1, 1, 1, 0, 1, 0]",15.32,19.95,45.7,8.05,6418410.85
RGTI,15.09,1,"[0, 0, 0, 0, 0, 0, 0, 0, 1, 0]",16.03,19.0,56.34,12.9,16590346.25
CLF,11.79,7,"[1, 1, 1, 1, 0, 1, 1, 0, 1, 0]",11.29,11.43,16.18,7.82,13939435.5
CE,47.22,6,"[1, 0, 0, 0, 1, 1, 1, 0, 1, 1]",45.47,50.92,69.19,35.47,1507432.55
LSTR,172.78,7,"[0, 0, 1, 1, 1, 1, 1, 1, 1, 0]",187.78,172.4,224.86,117.83,340090.65
GVA,114.06,3,"[0, 0, 0, 0, 1, 1, 0, 0, 1, 0]",123.16,126.59,160.26,98.2,407145.0
VIST,78.36,10,"[1, 1, 1, 1, 1, 1, 1, 1, 1, 1]",68.92,63.63,79.25,33.7,1302665.75
KGS,57.7,6,"[0, 0, 1, 0, 1, 1, 1, 1, 1, 0]",61.75,56.11,75.7,31.78,1730757.75
URBN,75.91,7,"[1, 1, 1, 1, 0, 1, 0, 1, 1, 0]",75.63,72.41,82.95,59.57,1337581.1
PTCT,65.65,2,"[0, 0, 0, 1, 0, 0, 0, 0, 1, 0]",73.91,73.01,89.55,57.84,850930.1
ETSY,74.0,8,"[0, 1, 1, 1, 1, 1, 1, 1, 1, 0]",80.86,64.52,87.03,44.05,2922536.8
LNTH,100.73,8,"[0, 1, 1, 1, 1, 1, 1, 1, 1, 0]",102.13,85.57,110.94,50.11,1220936.3
VNO,34.53,8,"[0, 1, 1, 1, 1, 1, 1, 1, 1, 0]",38.44,33.37,41.28,24.71,1118326.2
REZI,18.71,1,"[0, 0, 0, 0, 0, 0, 0, 0, 1, 0]",22.36,23.83,30.97,18.64,2283318.55
OUT,28.11,7,"[0, 0, 1, 1, 1, 1, 1, 1, 1, 0]",30.67,28.08,33.43,16.34,1443143.15
FLG,12.84,5,"[0, 0, 0, 1, 1, 1, 0, 1, 1, 0]",14.02,13.64,15.35,10.69,4074699.05
EAT,203.47,8,"[0, 1, 1, 1, 1, 1, 1, 1, 1, 0]",214.78,166.14,253.94,102.29,923488.5
GXO,46.6,1,"[0, 0, 0, 0, 0, 0, 0, 0, 1, 0]",49.11,52.9,65.59,45.37,1279980.8
COGT,32.74,5,"[0, 0, 0, 1, 0, 1, 1, 1, 1, 0]",37.91,36.88,42.84,11.97,1573227.5
IBP,199.64,1,"[0, 0, 0, 0, 0, 0, 0, 0, 1, 0]",231.59,258.86,,,358925.7
VSNT,37.49,5,"[0, 1, 0, 1, 0, 0, 1, 1, 1, 0]",37.65,37.49,46.48,26.86,1368777.95
ABCB,84.83,7,"[0, 1, 1, 1, 1, 1, 0, 1, 1, 0]",87.65,82.81,93.17,68.89,337228.4
TFX,129.02,7,"[0, 1, 1, 1, 1, 1, 0, 1, 1, 0]",135.25,123.28,142.05,99.54,592253.35
IMVT,36.65,8,"[0, 1, 1, 1, 1, 1, 1, 1, 1, 0]",40.37,31.0,44.96,14.78,1179268.75
CGON,72.55,8,"[0, 1, 1, 1, 1, 1, 1, 1, 1, 0]",73.83,61.99,80.68,35.76,684630.85
USAR,15.4,3,"[0, 0, 0, 0, 1, 1, 0, 0, 1, 0]",17.19,19.33,38.68,11.9,12810702.0
ALKS,46.03,8,"[0, 1, 1, 1, 1, 1, 1, 1, 1, 0]",49.64,38.23,55.22,27.13,1367589.35
CENX,39.71,4,"[0, 0, 0, 0, 1, 1, 1, 0, 1, 0]",45.5,50.01,68.77,25.85,1811753.75
MSM,119.88,8,"[0, 1, 1, 1, 1, 1, 1, 1, 1, 0]",122.0,101.8,127.28,78.9,558620.25
SRRK,50.0,8,"[0, 1, 1, 1, 1, 1, 1, 1, 1, 0]",53.38,48.15,60.04,27.92,1527660.85
BLCO,17.23,8,"[1, 1, 1, 1, 0, 1, 0, 1, 1, 1]",16.92,16.62,18.6,14.32,420482.15
PIPR,72.99,2,"[0, 0, 0, 0, 0, 0, 0, 1, 1, 0]",75.26,79.63,92.26,69.6,539828.6
BKH,69.96,5,"[0, 0, 0, 1, 1, 1, 0, 1, 1, 0]",72.91,71.5,75.38,56.15,794226.6
KMX,59.86,10,"[1, 1, 1, 1, 1, 1, 1, 1, 1, 1]",58.87,47.05,64.22,30.88,1608085.7
MAC,22.38,8,"[0, 1, 1, 1, 1, 1, 1, 1, 1, 0]",24.4,21.13,26.31,15.68,2884162.45
CZR,29.65,8,"[0, 1, 1, 1, 1, 1, 1, 1, 1, 0]",29.8,26.75,30.41,18.14,2576073.25
PRIM,76.72,1,"[0, 0, 0, 0, 0, 0, 0, 0, 1, 0]",81.35,122.29,202.75,72.11,1115365.05
GLNG,50.39,7,"[0, 0, 1, 1, 1, 1, 1, 1, 1, 0]",50.7,47.37,56.8,34.8,1210631.85
OSCR,32.44,10,"[1, 1, 1, 1, 1, 1, 1, 1, 1, 1]",30.67,21.03,33.81,10.85,4725435.75
S,23.48,10,"[1, 1, 1, 1, 1, 1, 1, 1, 1, 1]",20.26,16.17,23.84,11.94,8832421.25
CORT,110.82,9,"[1, 1, 1, 1, 1, 1, 1, 1, 1, 0]",107.03,67.91,123.57,32.15,878606.0
RUSHA,49.27,8,"[0, 1, 1, 1, 1, 1, 1, 1, 1, 0]",51.4,45.79,55.02,30.75,574815.9
HWC,75.93,9,"[1, 1, 1, 1, 1, 1, 1, 1, 1, 0]",75.92,68.63,79.25,52.98,683501.75
CACC,600.11,10,"[1, 1, 1, 1, 1, 1, 1, 1, 1, 1]",596.22,524.05,657.2,411.04,104159.25
ZGN,11.6,6,"[0, 0, 0, 1, 1, 1, 1, 1, 1, 0]",13.67,11.94,15.25,8.6,1173597.9
MATX,238.6,10,"[1, 1, 1, 1, 1, 1, 1, 1, 1, 1]",215.44,174.75,238.6,87.23,253057.05
MCY,102.51,8,"[0, 1, 1, 1, 1, 1, 1, 1, 1, 0]",105.55,96.41,110.77,75.21,273316.9
ALM,14.04,4,"[0, 0, 0, 0, 1, 1, 1, 0, 1, 0]",15.28,15.27,23.42,4.87,6498848.5
BGC,12.14,10,"[1, 1, 1, 1, 1, 1, 1, 1, 1, 1]",11.42,10.35,12.63,8.24,2866458.95
AUB,39.89,8,"[0, 1, 1, 1, 1, 1, 1, 1, 1, 0]",41.44,38.04,43.01,30.43,1063844.15
GTX,25.63,6,"[0, 0, 1, 1, 1, 1, 1, 0, 1, 0]",29.22,24.05,36.12,12.31,2928990.35
MRCY,87.01,5,"[0, 0, 0, 1, 1, 1, 1, 0, 1, 0]",97.81,91.06,126.21,66.12,889315.7
VSEC,178.08,4,"[0, 0, 0, 1, 1, 1, 0, 0, 1, 0]",209.82,198.21,243.48,154.64,304102.4
TEO,13.94,10,"[1, 1, 1, 1, 1, 1, 1, 1, 1, 1]",13.46,12.45,15.98,6.52,323359.65
LBRT,19.47,4,"[0, 0, 0, 0, 1, 1, 1, 0, 1, 0]",20.83,24.69,33.68,10.72,3410907.55
XENE,56.28,7,"[0, 0, 1, 1, 1, 1, 1, 1, 1, 0]",63.31,53.3,70.96,35.66,625020.3
SNDR,34.3,8,"[0, 1, 1, 1, 1, 1, 1, 1, 1, 0]",35.59,30.95,38.54,19.98,577488.35
KLIC,78.79,5,"[0, 0, 0, 1, 1, 1, 1, 0, 1, 0]",92.3,80.14,133.81,34.96,669275.05
SEI,61.62,6,"[1, 0, 1, 0, 1, 1, 1, 0, 1, 0]",58.7,60.02,82.88,31.97,2793049.15
GOLF,83.1,4,"[0, 0, 0, 1, 1, 1, 0, 0, 1, 0]",96.48,94.09,118.18,73.07,351549.5
BEPC,29.05,1,"[0, 0, 0, 0, 0, 0, 0, 0, 1, 0]",32.98,37.21,42.99,29.05,1624948.25
VCTR,105.57,8,"[0, 1, 1, 1, 1, 1, 1, 1, 1, 0]",106.17,80.97,120.59,59.26,660979.4
BC,68.8,4,"[0, 0, 0, 0, 1, 1, 0, 1, 1, 0]",78.1,78.23,87.8,57.45,712331.75
MUR,40.4,9,"[1, 1, 1, 0, 1, 1, 1, 1, 1, 1]",36.31,35.06,41.94,25.5,1535977.0
MGY,28.55,9,"[1, 1, 1, 0, 1, 1, 1, 1, 1, 1]",26.22,26.38,31.94,20.84,3514824.95
CRSP,51.83,3,"[0, 0, 0, 1, 0, 1, 0, 0, 1, 0]",53.23,53.28,76.78,44.34,1514299.95
PACS,42.09,8,"[0, 1, 1, 1, 1, 1, 1, 1, 1, 0]",44.72,38.34,48.45,10.58,658597.5
HASI,36.43,6,"[0, 0, 0, 1, 1, 1, 1, 1, 1, 0]",39.09,37.04,42.83,26.75,1071045.6
ATAT,31.3,1,"[0, 0, 0, 0, 0, 0, 0, 0, 1, 0]",33.71,36.06,42.21,31.03,1064632.75
CRC,57.64,8,"[1, 0, 1, 0, 1, 1, 1, 1, 1, 1]",52.79,55.15,69.14,42.65,853821.15
LEGN,17.67,2,"[0, 0, 0, 0, 1, 0, 0, 0, 1, 0]",21.49,22.87,36.28,16.65,1990635.55
PRM,31.56,8,"[0, 1, 1, 1, 1, 1, 1, 1, 1, 0]",32.94,29.58,37.78,20.69,1046837.35
IFS,54.21,8,"[0, 1, 1, 1, 1, 1, 1, 1, 1, 0]",56.95,49.02,60.68,36.99,210735.1
CROX,111.48,8,"[0, 1, 1, 1, 1, 1, 1, 1, 1, 0]",127.14,104.25,141.19,73.39,947363.5
CAR,118.53,4,"[0, 0, 0, 0, 1, 1, 1, 0, 1, 0]",145.4,157.56,713.97,87.69,333980.55
M,22.08,5,"[0, 1, 1, 1, 0, 1, 0, 0, 1, 0]",23.43,21.41,,,6696697.5
AVAL,5.37,9,"[1, 1, 1, 1, 1, 1, 1, 1, 1, 0]",5.18,4.6,5.7,3.06,117278.15
KNF,56.56,2,"[0, 0, 0, 0, 1, 0, 0, 0, 1, 0]",69.99,77.89,93.97,56.47,888491.85
DIOD,90.27,6,"[0, 0, 1, 1, 1, 1, 1, 0, 1, 0]",92.12,81.24,122.76,42.36,559204.2
SON,48.28,5,"[0, 0, 0, 1, 1, 1, 0, 1, 1, 0]",55.35,50.64,60.0,37.64,1111721.8
WSC,18.06,4,"[0, 0, 0, 1, 1, 1, 0, 0, 1, 0]",23.36,22.24,28.97,14.78,2707530.8
RELY,21.83,8,"[0, 1, 1, 1, 1, 1, 1, 1, 1, 0]",24.44,19.02,26.92,12.2,3608794.4
SXT,126.64,9,"[1, 1, 1, 1, 1, 1, 1, 1, 1, 0]",126.48,107.38,137.45,82.4,312417.3
ALH,21.1,4,"[0, 0, 0, 1, 1, 0, 0, 1, 1, 0]",24.7,23.57,28.01,19.06,2100442.7
ACLS,105.04,5,"[0, 0, 0, 1, 1, 1, 1, 0, 1, 0]",128.75,117.69,191.6,74.12,319555.35
LB,87.22,10,"[1, 1, 1, 1, 1, 1, 1, 1, 1, 1]",80.91,68.39,89.59,44.0,264861.45
STVN,21.54,8,"[1, 1, 1, 1, 0, 0, 1, 1, 1, 1]",20.57,18.24,27.51,13.38,381112.25
BMA,76.02,4,"[0, 0, 0, 1, 0, 0, 1, 1, 1, 0]",84.35,82.78,101.13,37.79,323243.95
GBTG,9.47,10,"[1, 1, 1, 1, 1, 1, 1, 1, 1, 1]",9.44,7.84,9.51,4.97,1744186.15
TDS,37.83,3,"[1, 0, 0, 0, 0, 0, 0, 0, 1, 1]",34.72,40.37,,,1167360.95
NOVT,138.23,6,"[0, 0, 0, 1, 1, 1, 1, 1, 1, 0]",149.14,138.79,168.75,99.22,318137.25
MARA,11.24,8,"[1, 1, 1, 1, 1, 0, 1, 0, 1, 1]",11.22,10.94,22.84,6.73,50962052.0
ACHR,5.47,1,"[0, 0, 0, 0, 0, 0, 0, 0, 1, 0]",5.48,6.39,13.64,4.44,24526627.0
PSMT,167.8,8,"[0, 1, 1, 1, 1, 1, 1, 1, 1, 0]",180.34,158.71,197.13,113.98,208158.65
SYNA,97.32,6,"[0, 0, 1, 1, 1, 1, 1, 0, 1, 0]",106.62,97.22,147.57,58.52,720275.6
OPEN,2.65,1,"[0, 0, 0, 0, 0, 0, 0, 0, 1, 0]",3.73,4.94,10.21,2.65,29939891.9
PBF,74.72,9,"[1, 1, 1, 1, 1, 1, 1, 1, 1, 0]",67.25,45.12,78.3,25.55,3165342.55
INDV,34.22,6,"[0, 0, 0, 1, 1, 1, 1, 1, 1, 0]",38.06,35.67,41.83,22.51,1913174.45
ENPH,36.72,4,"[0, 0, 0, 0, 1, 1, 1, 0, 1, 0]",39.21,41.04,72.33,26.12,4063310.55
KC,9.52,2,"[0, 0, 0, 0, 1, 0, 0, 0, 1, 0]",10.67,12.43,18.21,8.58,1456129.2
MIAX,39.51,2,"[0, 0, 0, 1, 0, 0, 0, 0, 1, 0]",43.13,43.21,56.84,35.81,1304885.55
TGS,29.68,5,"[1, 0, 0, 0, 0, 0, 1, 1, 1, 1]",29.51,30.54,35.32,20.12,227243.3
DNTH,104.77,8,"[0, 1, 1, 1, 1, 1, 1, 1, 1, 0]",106.67,77.92,115.96,32.92,589013.05
SPHR,144.12,8,"[0, 1, 1, 1, 1, 1, 1, 1, 1, 0]",149.38,125.53,176.38,57.13,602051.35
MDU,18.59,3,"[0, 0, 0, 0, 1, 0, 0, 1, 1, 0]",20.18,20.45,22.48,15.41,1592291.4
EBC,21.86,8,"[0, 1, 1, 1, 1, 1, 1, 1, 1, 0]",22.51,20.38,23.49,16.27,1893237.05
HRB,45.84,7,"[0, 1, 1, 1, 0, 1, 1, 1, 1, 0]",46.12,38.02,53.69,27.41,1565308.0
NAVN,22.42,6,"[0, 1, 1, 1, 1, 0, 1, 0, 1, 0]",26.84,18.2,30.58,8.51,3808507.35
AIR,115.92,7,"[0, 0, 1, 1, 1, 1, 1, 1, 1, 0]",135.59,115.41,153.71,74.76,340084.05
VSH,31.43,6,"[0, 0, 1, 1, 1, 1, 1, 0, 1, 0]",34.73,29.27,64.7,11.61,3735353.0
PI,174.39,8,"[1, 1, 1, 1, 0, 1, 1, 0, 1, 1]",158.66,142.68,241.91,91.34,357537.4
MEOH,64.46,9,"[1, 1, 1, 0, 1, 1, 1, 1, 1, 1]",56.11,52.76,65.5,33.49,792410.2
NTSK,17.47,7,"[1, 1, 1, 1, 0, 0, 1, 0, 1, 1]",13.92,12.94,25.79,7.73,5896207.05
QS,5.05,1,"[0, 0, 0, 0, 0, 0, 0, 0, 1, 0]",5.76,7.81,18.44,4.89,14118789.5
CVLT,143.3,7,"[1, 1, 1, 1, 0, 1, 1, 0, 1, 0]",138.15,113.88,195.41,75.18,501460.3
CSTM,25.57,4,"[0, 0, 0, 0, 1, 1, 1, 0, 1, 0]",28.14,26.93,36.15,14.41,1466863.6
LAUR,35.86,7,"[0, 1, 1, 1, 1, 1, 0, 1, 1, 0]",37.58,34.77,40.46,28.87,897990.1
PAM,86.81,8,"[1, 1, 1, 1, 0, 0, 1, 1, 1, 1]",83.51,83.95,92.27,56.55,190037.1
PAGP,27.84,10,"[1, 1, 1, 1, 1, 1, 1, 1, 1, 1]",26.27,22.75,28.47,15.63,1801139.95
CVSA,126.28,8,"[0, 1, 1, 1, 1, 1, 1, 1, 1, 0]",127.88,115.58,154.45,89.36,332348.65
ATMU,44.31,2,"[0, 0, 0, 0, 0, 1, 0, 0, 1, 0]",50.05,54.33,65.42,42.6,561958.85
FTDR,80.12,9,"[1, 1, 1, 1, 1, 1, 1, 1, 1, 0]",79.21,65.66,90.83,49.1,437442.6
MMYT,47.9,3,"[0, 0, 0, 1, 0, 0, 1, 0, 1, 0]",56.81,56.34,101.87,36.3,547098.55
INSW,107.74,10,"[1, 1, 1, 1, 1, 1, 1, 1, 1, 1]",90.88,69.02,107.74,37.13,629461.6
HCC,91.6,8,"[0, 1, 1, 1, 1, 1, 1, 1, 1, 0]",92.05,89.65,110.18,61.59,552060.75
NAMS,21.16,1,"[0, 0, 0, 0, 0, 0, 0, 0, 1, 0]",28.26,32.08,41.45,21.16,1329851.0
KNSA,75.15,9,"[1, 1, 1, 1, 1, 1, 1, 1, 1, 0]",73.56,53.93,80.92,35.42,497895.05
SHC,18.98,9,"[1, 1, 1, 1, 0, 1, 1, 1, 1, 1]",18.44,16.88,19.57,13.13,1936811.25
TBBB,50.79,10,"[1, 1, 1, 1, 1, 1, 1, 1, 1, 1]",45.04,38.4,51.66,24.12,694247.65
HRI,138.95,6,"[0, 1, 0, 1, 0, 1, 1, 1, 1, 0]",153.28,140.49,178.47,90.13,500807.4
NWE,67.98,4,"[0, 0, 0, 1, 1, 1, 0, 0, 1, 0]",70.49,68.02,,,378321.65
FLNC,9.3,1,"[0, 0, 0, 0, 0, 0, 0, 0, 1, 0]",12.79,17.87,32.23,7.44,5807635.85
YSS,7.77,2,"[0, 0, 0, 0, 1, 0, 0, 0, 1, 0]",13.15,7.77,43.45,7.45,2984398.55
LGND,276.98,8,"[0, 1, 1, 1, 1, 1, 1, 1, 1, 0]",293.97,234.83,322.61,165.41,189071.1
IPGP,75.14,2,"[0, 0, 0, 0, 1, 0, 0, 0, 1, 0]",86.89,101.45,153.91,70.74,567347.8
CBT,79.2,7,"[0, 0, 1, 1, 1, 1, 1, 1, 1, 0]",85.3,77.34,92.88,57.32,349907.0
GTLB,49.1,9,"[1, 1, 1, 1, 0, 1, 1, 1, 1, 1]",39.29,31.74,51.04,19.42,5711126.6
BCO,108.85,3,"[0, 0, 0, 1, 0, 0, 0, 1, 1, 0]",112.54,112.22,134.96,91.97,386360.45
HAFN,9.48,10,"[1, 1, 1, 1, 1, 1, 1, 1, 1, 1]",7.56,6.67,9.48,4.53,2017261.5
WIX,82.58,6,"[1, 1, 1, 0, 0, 0, 1, 0, 1, 1]",67.35,74.5,184.24,40.43,1497225.05
AZZ,133.09,6,"[0, 0, 0, 1, 1, 1, 1, 1, 1, 0]",144.72,133.63,159.9,97.18,214063.2
ONDS,7.24,3,"[0, 0, 0, 0, 0, 1, 1, 0, 1, 0]",7.96,9.51,14.01,5.25,61442192.15
UNF,267.27,8,"[0, 1, 1, 1, 1, 1, 1, 1, 1, 0]",284.26,247.84,300.79,149.11,294962.15
IRDM,47.09,6,"[0, 1, 1, 1, 1, 1, 0, 0, 1, 0]",47.95,34.89,,,812835.45
MANE,103.89,5,"[0, 1, 0, 1, 0, 0, 1, 1, 1, 0]",107.34,103.89,129.74,37.03,580160.4
STNG,85.73,10,"[1, 1, 1, 1, 1, 1, 1, 1, 1, 1]",78.43,71.11,85.73,48.65,718983.2
