ticker,price,score,points,sma50,sma200,wk52_high,wk52_low,volume
NVDA,215.33,10,"[1, 1, 1, 1, 1, 1, 1, 1, 1, 1]",196.81,187.02,235.74,131.26,162604985.0
GOOGL,382.97,10,"[1, 1, 1, 1, 1, 1, 1, 1, 1, 1]",341.14,295.96,402.62,164.82,29552385.0
GOOG,379.38,10,"[1, 1, 1, 1, 1, 1, 1, 1, 1, 1]",338.84,295.79,399.04,165.64,19425915.0
AAPL,308.82,10,"[1, 1, 1, 1, 1, 1, 1, 1, 1, 1]",270.36,261.09,308.82,194.5,48397365.0
AMZN,266.32,10,"[1, 1, 1, 1, 1, 1, 1, 1, 1, 1]",241.92,230.55,274.99,198.79,43860420.0
AVGO,414.14,9,"[1, 1, 1, 1, 1, 1, 1, 1, 1, 0]",376.96,348.89,439.79,226.88,18613525.0
TSM,404.52,10,"[1, 1, 1, 1, 1, 1, 1, 1, 1, 1]",373.07,316.78,419.5,189.63,13369850.0
TSLA,426.01,9,"[1, 1, 1, 0, 1, 1, 1, 1, 1, 1]",388.33,410.03,489.88,284.7,54879640.0
WMT,120.27,7,"[0, 1, 1, 1, 1, 1, 0, 1, 1, 0]",126.77,114.3,134.2,93.47,19179305.0
LLY,1065.0,9,"[1, 1, 1, 0, 1, 1, 1, 1, 1, 1]",941.92,925.28,1106.19,621.26,3449170.0
MU,751.0,10,"[1, 1, 1, 1, 1, 1, 1, 1, 1, 1]",518.97,322.41,803.63,93.15,50849105.0
AMD,467.51,10,"[1, 1, 1, 1, 1, 1, 1, 1, 1, 1]",303.19,230.88,467.51,110.31,42390425.0
INTC,119.84,10,"[1, 1, 1, 1, 1, 1, 1, 1, 1, 1]",76.44,47.17,129.44,19.31,153642015.0
XOM,154.92,10,"[1, 1, 1, 1, 1, 1, 1, 1, 1, 1]",154.73,129.38,170.31,98.68,17350165.0
ASML,1632.9,10,"[1, 1, 1, 1, 1, 1, 1, 1, 1, 1]",1434.2,1173.94,1632.9,686.0,1655715.0
ORCL,192.08,5,"[1, 1, 0, 0, 0, 0, 1, 0, 1, 1]",167.02,206.91,325.76,136.0,21465645.0
JNJ,234.34,10,"[1, 1, 1, 1, 1, 1, 1, 1, 1, 1]",233.36,209.49,248.56,146.98,7554010.0
CAT,879.89,10,"[1, 1, 1, 1, 1, 1, 1, 1, 1, 1]",798.08,623.94,926.93,339.71,2580145.0
CSCO,120.41,10,"[1, 1, 1, 1, 1, 1, 1, 1, 1, 1]",89.77,77.28,120.41,61.62,26125560.0
LRCX,305.35,10,"[1, 1, 1, 1, 1, 1, 1, 1, 1, 1]",255.81,188.26,305.35,80.2,9258105.0
CVX,191.43,9,"[0, 1, 1, 1, 1, 1, 1, 1, 1, 1]",191.68,166.08,209.23,130.55,10058125.0
AMAT,432.16,8,"[1, 1, 1, 1, 1, 1, 0, 0, 1, 1]",388.52,286.52,,,7733805.0
UNH,388.47,10,"[1, 1, 1, 1, 1, 1, 1, 1, 1, 1]",330.65,321.04,401.16,232.89,6992510.0
BABA,130.0,2,"[0, 0, 0, 0, 0, 1, 0, 0, 1, 0]",131.77,149.5,189.34,103.83,12104350.0
GE,302.84,8,"[1, 0, 1, 0, 1, 1, 1, 1, 1, 1]",293.96,299.63,345.24,231.56,5665850.0
HSBC,92.02,10,"[1, 1, 1, 1, 1, 1, 1, 1, 1, 1]",86.8,75.9,92.05,55.7,1593055.0
MS,201.03,10,"[1, 1, 1, 1, 1, 1, 1, 1, 1, 1]",179.67,167.97,201.03,123.1,5152730.0
AZN,187.03,8,"[0, 1, 1, 1, 1, 1, 1, 1, 1, 0]",191.23,179.03,208.62,135.08,2050895.0
GEV,1038.74,9,"[1, 1, 1, 1, 1, 1, 1, 1, 1, 0]",986.32,740.41,1149.53,463.37,2463325.0
GS,996.73,10,"[1, 1, 1, 1, 1, 1, 1, 1, 1, 1]",896.07,843.58,996.73,586.39,1903785.0
MRK,122.41,10,"[1, 1, 1, 1, 1, 1, 1, 1, 1, 1]",115.68,101.32,123.18,73.5,8910120.0
NVS,152.01,10,"[1, 1, 1, 1, 1, 1, 1, 1, 1, 1]",149.7,136.97,163.64,108.57,1353295.0
TXN,309.21,10,"[1, 1, 1, 1, 1, 1, 1, 1, 1, 1]",241.24,198.63,309.21,151.57,7531785.0
RY,189.71,10,"[1, 1, 1, 1, 1, 1, 1, 1, 1, 1]",172.61,159.05,189.71,123.1,1084345.0
KLAC,1888.38,9,"[1, 1, 1, 1, 1, 1, 1, 1, 1, 0]",1690.35,1325.01,1932.53,752.03,1078360.0
RTX,177.01,7,"[0, 0, 0, 1, 1, 1, 1, 1, 1, 1]",186.83,178.88,211.28,130.27,5718180.0
SNDK,1478.69,10,"[1, 1, 1, 1, 1, 1, 1, 1, 1, 1]",1005.07,456.54,1562.34,37.28,15166450.0
QCOM,238.16,9,"[1, 1, 1, 0, 1, 1, 1, 1, 1, 1]",156.56,159.38,238.16,124.07,32011625.0
ARM,306.51,10,"[1, 1, 1, 1, 1, 1, 1, 1, 1, 1]",182.05,147.07,306.51,104.55,12037710.0
C,125.09,9,"[1, 1, 1, 1, 1, 1, 1, 1, 1, 0]",121.32,108.78,132.42,71.47,10913410.0
BHP,84.6,10,"[1, 1, 1, 1, 1, 1, 1, 1, 1, 1]",77.53,64.11,90.81,45.25,2462165.0
ADI,397.07,9,"[1, 1, 1, 1, 1, 1, 1, 1, 1, 0]",365.01,293.71,432.39,207.31,4156020.0
NVO,44.96,3,"[1, 0, 0, 0, 0, 0, 0, 0, 1, 1]",40.27,47.6,77.31,34.76,16671675.0
MUFG,19.4,10,"[1, 1, 1, 1, 1, 1, 1, 1, 1, 1]",17.77,16.67,19.73,13.29,3093670.0
TTE,91.6,10,"[1, 1, 1, 1, 1, 1, 1, 1, 1, 1]",89.98,70.87,93.6,54.63,1259730.0
NEE,88.55,8,"[0, 1, 1, 1, 1, 1, 1, 1, 1, 0]",92.85,84.11,97.88,65.27,11470005.0
BA,219.02,4,"[1, 1, 0, 0, 0, 0, 0, 1, 1, 0]",218.0,219.57,252.15,179.12,6674175.0
TD,111.87,10,"[1, 1, 1, 1, 1, 1, 1, 1, 1, 1]",101.63,89.26,111.87,66.47,1497960.0
SAN,12.04,10,"[1, 1, 1, 1, 1, 1, 1, 1, 1, 1]",11.67,11.0,13.05,7.77,7858875.0
RIO,104.23,10,"[1, 1, 1, 1, 1, 1, 1, 1, 1, 1]",97.43,79.89,112.04,53.08,2515615.0
ANET,154.03,8,"[1, 1, 1, 1, 0, 1, 1, 1, 1, 0]",147.07,139.8,177.73,86.25,12631935.0
STX,812.73,10,"[1, 1, 1, 1, 1, 1, 1, 1, 1, 1]",579.05,352.58,834.01,111.31,4796400.0
DELL,295.19,10,"[1, 1, 1, 1, 1, 1, 1, 1, 1, 1]",200.82,149.43,295.19,106.46,6278950.0
PANW,260.58,8,"[1, 1, 1, 0, 0, 1, 1, 1, 1, 1]",183.98,187.58,260.58,141.67,7871555.0
WDC,484.28,10,"[1, 1, 1, 1, 1, 1, 1, 1, 1, 1]",379.37,221.32,515.83,49.96,7998595.0
GILD,134.36,8,"[0, 1, 1, 1, 1, 1, 0, 1, 1, 1]",135.86,127.33,154.92,103.92,6239405.0
GLW,194.05,10,"[1, 1, 1, 1, 1, 1, 1, 1, 1, 1]",162.39,109.66,208.28,47.64,15804760.0
BUD,83.45,10,"[1, 1, 1, 1, 1, 1, 1, 1, 1, 1]",73.96,66.64,83.45,56.26,1898160.0
APP,481.68,5,"[1, 0, 0, 0, 0, 1, 1, 0, 1, 1]",448.29,534.03,733.6,324.7,4633865.0
APH,132.06,5,"[0, 0, 0, 0, 1, 1, 1, 1, 1, 0]",134.97,132.6,165.92,84.95,11600690.0
DE,529.15,6,"[0, 0, 1, 1, 1, 1, 0, 1, 1, 0]",575.89,518.34,660.56,436.32,1151825.0
SCCO,179.67,10,"[1, 1, 1, 1, 1, 1, 1, 1, 1, 1]",174.89,149.19,215.55,85.21,1382738.0
WELL,216.17,10,"[1, 1, 1, 1, 1, 1, 1, 1, 1, 1]",208.12,189.72,220.14,146.91,3339845.0
MRVL,196.33,10,"[1, 1, 1, 1, 1, 1, 1, 1, 1, 1]",137.48,95.83,196.33,60.03,23494460.0
IBKR,81.35,10,"[1, 1, 1, 1, 1, 1, 1, 1, 1, 1]",76.03,69.9,88.28,50.35,4657075.0
COP,120.46,8,"[0, 1, 1, 1, 1, 1, 1, 1, 1, 0]",122.91,101.83,132.81,81.87,7754730.0
PLD,145.9,10,"[1, 1, 1, 1, 1, 1, 1, 1, 1, 1]",138.07,126.53,145.9,100.55,3019130.0
UBS,46.96,10,"[1, 1, 1, 1, 1, 1, 1, 1, 1, 1]",41.37,40.8,48.01,29.65,2430020.0
SMFG,22.7,10,"[1, 1, 1, 1, 1, 1, 1, 1, 1, 1]",20.84,19.06,23.81,14.53,2187405.0
CRWD,663.46,9,"[1, 1, 1, 0, 1, 1, 1, 1, 1, 1]",462.83,465.21,663.46,350.25,3030010.0
VRT,327.46,10,"[1, 1, 1, 1, 1, 1, 1, 1, 1, 1]",303.02,207.67,376.23,104.01,5715515.0
BTI,65.36,10,"[1, 1, 1, 1, 1, 1, 1, 1, 1, 1]",59.38,56.08,66.7,42.45,3933955.0
BBVA,22.37,9,"[1, 1, 1, 0, 1, 1, 1, 1, 1, 1]",21.7,20.78,25.32,14.03,1501940.0
NEM,107.64,8,"[0, 1, 1, 1, 1, 1, 1, 1, 1, 0]",110.85,99.17,131.68,51.93,6940655.0
PBR,19.9,8,"[0, 1, 1, 1, 1, 1, 1, 1, 1, 0]",20.47,14.92,22.03,10.82,17994480.0
PBR-A,17.72,8,"[0, 1, 1, 1, 1, 1, 1, 1, 1, 0]",18.56,13.82,19.9,10.3,9796755.0
SBUX,103.11,10,"[1, 1, 1, 1, 1, 1, 1, 1, 1, 1]",98.55,90.0,106.82,76.95,8257815.0
CVS,93.26,10,"[1, 1, 1, 1, 1, 1, 1, 1, 1, 1]",80.31,76.75,98.11,57.3,8908395.0
BMY,59.46,10,"[1, 1, 1, 1, 1, 1, 1, 1, 1, 1]",58.24,51.96,61.73,41.67,10432895.0
BP,44.36,8,"[0, 1, 1, 1, 1, 1, 1, 1, 1, 0]",45.11,37.3,47.09,27.44,8202015.0
PWR,723.44,10,"[1, 1, 1, 1, 1, 1, 1, 1, 1, 1]",639.4,494.04,785.24,335.04,1331340.0
PH,866.96,7,"[0, 0, 1, 1, 1, 1, 1, 1, 1, 0]",914.25,860.41,1020.71,646.59,826725.0
HWM,256.55,10,"[1, 1, 1, 1, 1, 1, 1, 1, 1, 1]",247.48,215.66,273.58,164.72,2511385.0
BMO,160.93,10,"[1, 1, 1, 1, 1, 1, 1, 1, 1, 1]",145.52,132.85,160.93,102.03,974890.0
EQIX,1079.79,9,"[1, 1, 1, 1, 1, 1, 1, 1, 1, 0]",1036.92,858.84,1109.8,718.6,558070.0
MFG,9.32,10,"[1, 1, 1, 1, 1, 1, 1, 1, 1, 1]",8.38,7.61,10.09,5.42,3324270.0
TT,451.02,7,"[0, 1, 1, 1, 1, 1, 0, 1, 1, 0]",454.66,426.6,492.54,375.52,1387450.0
CM,115.49,10,"[1, 1, 1, 1, 1, 1, 1, 1, 1, 1]",104.73,90.7,115.49,66.46,1012085.0
CDNS,373.59,9,"[1, 1, 1, 1, 0, 1, 1, 1, 1, 1]",315.15,322.61,373.59,265.66,2363805.0
GSK,51.38,8,"[0, 1, 1, 1, 1, 1, 1, 1, 1, 0]",53.31,48.18,60.14,34.89,4084100.0
SNPS,524.74,8,"[1, 1, 1, 1, 0, 0, 1, 1, 1, 1]",454.44,471.36,645.35,380.47,1554925.0
AEM,175.91,5,"[0, 0, 0, 1, 1, 1, 1, 0, 1, 0]",196.77,181.42,252.19,115.11,2243965.0
HCA,394.07,3,"[0, 0, 0, 0, 1, 1, 0, 0, 1, 0]",462.2,461.37,544.32,332.73,1448835.0
BNS,79.78,10,"[1, 1, 1, 1, 1, 1, 1, 1, 1, 1]",73.95,69.77,79.78,51.43,1830005.0
CMI,639.55,9,"[1, 1, 1, 1, 1, 1, 1, 1, 1, 0]",614.76,514.88,714.21,309.31,958170.0
MAR,369.15,10,"[1, 1, 1, 1, 1, 1, 1, 1, 1, 1]",347.68,306.98,377.97,252.75,1357935.0
CNQ,48.61,10,"[1, 1, 1, 1, 1, 1, 1, 1, 1, 1]",47.17,37.21,50.09,29.05,8814155.0
EQNR,38.81,10,"[1, 1, 1, 1, 1, 1, 1, 1, 1, 1]",38.77,27.98,41.97,21.89,4083990.0
ITUB,7.82,7,"[0, 0, 1, 1, 1, 1, 1, 1, 1, 0]",8.43,7.48,9.48,5.55,25633480.0
FDX,394.2,10,"[1, 1, 1, 1, 1, 1, 1, 1, 1, 1]",371.92,302.04,403.31,211.9,1583190.0
BK,139.15,10,"[1, 1, 1, 1, 1, 1, 1, 1, 1, 1]",127.96,115.34,139.15,86.7,3506184.35
FCX,61.99,10,"[1, 1, 1, 1, 1, 1, 1, 1, 1, 1]",61.2,51.95,70.36,35.05,14040650.0
USB,54.83,9,"[1, 1, 1, 1, 1, 1, 1, 1, 1, 0]",54.09,51.1,60.07,40.95,8273340.0
JCI,138.36,9,"[1, 1, 1, 1, 1, 1, 1, 1, 1, 0]",138.17,122.11,146.03,97.34,3591930.0
ING,30.5,10,"[1, 1, 1, 1, 1, 1, 1, 1, 1, 1]",27.58,26.19,30.66,19.79,2412855.0
FTNT,133.93,10,"[1, 1, 1, 1, 1, 1, 1, 1, 1, 1]",92.25,84.09,133.93,74.39,6242290.0
MNST,86.79,10,"[1, 1, 1, 1, 1, 1, 1, 1, 1, 1]",77.66,73.73,88.54,58.65,5341470.0
CSX,45.52,10,"[1, 1, 1, 1, 1, 1, 1, 1, 1, 1]",42.92,37.87,46.2,30.36,11687075.0
AMX,26.14,9,"[1, 1, 1, 1, 1, 1, 1, 1, 1, 0]",25.87,22.67,27.42,16.4,1385970.0
ELV,394.69,10,"[1, 1, 1, 1, 1, 1, 1, 1, 1, 1]",337.0,330.31,402.27,270.1,1690280.0
BCS,23.83,9,"[1, 1, 1, 0, 1, 1, 1, 1, 1, 1]",22.54,22.5,27.19,17.03,6086340.0
SLB,57.28,10,"[1, 1, 1, 1, 1, 1, 1, 1, 1, 1]",52.77,42.73,57.28,31.29,11824330.0
MPWR,1589.81,9,"[1, 1, 1, 1, 1, 1, 1, 1, 1, 0]",1375.75,1075.78,1661.1,656.91,666015.0
LYG,5.36,10,"[1, 1, 1, 1, 1, 1, 1, 1, 1, 1]",5.22,4.96,6.1,3.87,18615485.0
E,54.39,10,"[1, 1, 1, 1, 1, 1, 1, 1, 1, 1]",54.15,41.5,56.97,28.44,434285.0
CIEN,583.74,10,"[1, 1, 1, 1, 1, 1, 1, 1, 1, 1]",484.08,272.52,591.57,72.16,1996660.0
APO,128.51,6,"[1, 1, 1, 0, 0, 0, 0, 1, 1, 1]",119.41,128.24,153.59,99.88,3440200.0
CRH,100.37,4,"[0, 0, 0, 0, 1, 1, 0, 1, 1, 0]",109.07,115.24,130.44,87.52,5280410.0
SU,67.34,10,"[1, 1, 1, 1, 1, 1, 1, 1, 1, 1]",65.06,50.02,69.73,34.66,3246880.0
REGN,638.88,5,"[0, 0, 0, 0, 1, 1, 1, 1, 1, 0]",728.45,691.49,810.08,480.44,1016990.0
NXPI,316.47,10,"[1, 1, 1, 1, 1, 1, 1, 1, 1, 1]",238.58,224.76,316.47,182.42,4318435.0
BE,302.49,10,"[1, 1, 1, 1, 1, 1, 1, 1, 1, 1]",212.74,133.12,307.88,18.28,10814005.0
ROST,234.81,10,"[1, 1, 1, 1, 1, 1, 1, 1, 1, 1]",219.56,183.02,234.81,125.73,2833575.0
B,40.68,6,"[0, 0, 1, 0, 1, 1, 1, 1, 1, 0]",41.09,38.84,52.54,18.46,13599030.0
HLT,321.08,9,"[1, 1, 1, 1, 1, 1, 1, 1, 1, 0]",315.35,290.13,342.73,243.38,1672645.0
ASX,34.81,10,"[1, 1, 1, 1, 1, 1, 1, 1, 1, 1]",27.78,18.52,35.47,9.05,8368455.0
NOK,15.47,10,"[1, 1, 1, 1, 1, 1, 1, 1, 1, 1]",10.8,7.23,15.47,4.05,118870420.0
VLO,246.96,10,"[1, 1, 1, 1, 1, 1, 1, 1, 1, 1]",241.24,189.19,261.38,123.38,3102805.0
MPC,254.65,10,"[1, 1, 1, 1, 1, 1, 1, 1, 1, 1]",238.0,197.58,262.02,153.94,2359635.0
GM,78.79,9,"[1, 1, 1, 0, 1, 1, 1, 1, 1, 1]",76.17,71.84,86.18,46.77,7428570.0
AEP,131.59,9,"[1, 1, 1, 1, 1, 1, 1, 1, 1, 0]",131.37,119.79,136.16,98.09,4646900.0
DDOG,222.32,10,"[1, 1, 1, 1, 1, 1, 1, 1, 1, 1]",144.96,141.91,222.32,102.61,6843685.0
LITE,946.9,10,"[1, 1, 1, 1, 1, 1, 1, 1, 1, 1]",846.87,442.62,1053.09,72.28,6267170.0
VALE,16.48,9,"[1, 1, 1, 1, 1, 1, 1, 1, 1, 0]",16.26,13.46,17.82,8.32,24652810.0
NSC,314.53,9,"[1, 1, 1, 1, 1, 1, 1, 1, 1, 0]",300.52,291.24,320.08,235.65,1151740.0
HOOD,73.64,1,"[0, 0, 0, 0, 0, 0, 0, 0, 1, 0]",76.21,104.53,152.46,63.17,25361400.0
NET,216.17,9,"[1, 1, 1, 1, 0, 1, 1, 1, 1, 1]",208.05,204.1,256.79,158.04,4824890.0
PSX,177.69,10,"[1, 1, 1, 1, 1, 1, 1, 1, 1, 1]",171.08,144.67,186.92,108.51,2610210.0
FIX,1828.25,10,"[1, 1, 1, 1, 1, 1, 1, 1, 1, 1]",1665.71,1147.21,2041.56,470.44,403415.0
DLR,192.03,9,"[1, 1, 1, 1, 1, 1, 1, 1, 1, 0]",189.55,171.02,203.91,146.93,1960220.0
WBD,27.03,8,"[0, 1, 1, 1, 1, 1, 1, 1, 1, 0]",27.24,23.8,29.98,9.0,15570400.0
TRP,70.91,10,"[1, 1, 1, 1, 1, 1, 1, 1, 1, 1]",64.18,56.81,70.91,45.92,2426570.0
MFC,38.53,9,"[1, 1, 1, 1, 1, 1, 1, 1, 1, 0]",37.11,34.51,40.03,29.6,2342510.0
SPG,204.41,10,"[1, 1, 1, 1, 1, 1, 1, 1, 1, 1]",196.71,184.62,207.56,149.34,1358995.0
COHR,377.57,10,"[1, 1, 1, 1, 1, 1, 1, 1, 1, 1]",309.84,197.97,404.94,75.63,6613675.0
MSTR,159.89,3,"[1, 0, 0, 0, 0, 0, 1, 0, 1, 0]",154.84,212.53,455.9,106.99,14876390.0
BKR,66.06,9,"[1, 1, 1, 1, 1, 1, 1, 1, 1, 0]",63.09,53.04,69.44,36.06,7908160.0
WPM,126.53,7,"[0, 0, 1, 1, 1, 1, 1, 1, 1, 0]",133.85,121.11,165.46,85.22,2115695.0
CRWV,105.49,6,"[1, 1, 1, 1, 0, 0, 1, 0, 1, 0]",101.87,100.21,183.58,64.55,29184210.0
KEYS,346.56,9,"[1, 1, 1, 1, 1, 1, 1, 1, 1, 0]",324.12,230.35,366.68,157.04,1637930.0
CVNA,68.28,3,"[0, 0, 0, 0, 1, 1, 0, 0, 1, 0]",69.59,73.77,95.69,56.26,11659260.0
RKLB,135.76,10,"[1, 1, 1, 1, 1, 1, 1, 1, 1, 1]",85.31,67.09,135.76,25.41,27765260.0
TEL,202.78,5,"[0, 0, 0, 0, 1, 1, 1, 1, 1, 0]",211.37,219.57,247.28,155.92,2775375.0
URI,938.62,7,"[1, 1, 1, 0, 0, 1, 1, 1, 1, 0]",837.83,869.87,1013.48,682.65,527400.0
GWW,1247.79,10,"[1, 1, 1, 1, 1, 1, 1, 1, 1, 1]",1148.16,1045.92,1284.19,914.6,278345.0
TGT,125.6,9,"[1, 1, 1, 1, 1, 1, 1, 1, 1, 0]",121.96,103.1,130.86,82.06,6005440.0
TER,358.44,7,"[1, 1, 1, 1, 1, 1, 0, 0, 1, 0]",341.78,228.25,,,4477275.0
LHX,311.98,7,"[0, 0, 1, 1, 1, 1, 1, 1, 1, 0]",334.65,311.33,377.17,233.49,1433355.0
CARR,63.14,7,"[1, 1, 1, 1, 0, 0, 0, 1, 1, 1]",60.98,59.11,79.79,49.97,6598155.0
CTVA,79.56,8,"[0, 1, 1, 1, 1, 1, 1, 1, 1, 0]",81.25,72.17,85.46,60.7,3648355.0
AU,90.64,6,"[0, 0, 1, 1, 1, 1, 1, 0, 1, 0]",97.3,84.9,126.14,41.22,2348915.0
OKE,94.03,10,"[1, 1, 1, 1, 1, 1, 1, 1, 1, 1]",87.95,76.36,95.24,62.69,4243560.0
MCHP,93.43,8,"[1, 1, 1, 1, 1, 1, 0, 0, 1, 1]",79.64,69.08,,,11454250.0
MCHPP,79.59,10,"[1, 1, 1, 1, 1, 1, 1, 1, 1, 1]",69.13,61.76,86.73,46.27,102805.0
CVE,30.05,10,"[1, 1, 1, 1, 1, 1, 1, 1, 1, 1]",27.18,20.25,31.8,12.77,9018130.0
AME,224.52,7,"[0, 1, 1, 1, 1, 1, 0, 1, 1, 0]",225.52,207.55,241.38,174.71,1399080.0
TRGP,276.75,10,"[1, 1, 1, 1, 1, 1, 1, 1, 1, 1]",248.35,196.26,276.75,143.89,1234330.0
COIN,184.99,2,"[0, 0, 0, 0, 0, 0, 1, 0, 1, 0]",191.08,251.12,419.78,141.09,9656690.0
FANG,200.71,10,"[1, 1, 1, 1, 1, 1, 1, 1, 1, 1]",194.26,160.31,212.52,131.17,2269615.0
OXY,58.81,9,"[0, 1, 1, 1, 1, 1, 1, 1, 1, 1]",58.89,47.87,66.24,38.74,12435485.0
DVN,47.22,8,"[0, 1, 1, 1, 1, 1, 1, 1, 1, 0]",48.26,39.43,52.07,29.5,15365435.0
FLEX,132.47,10,"[1, 1, 1, 1, 1, 1, 1, 1, 1, 1]",91.68,68.3,145.07,41.48,6861210.0
ABEV,3.2,10,"[1, 1, 1, 1, 1, 1, 1, 1, 1, 1]",3.02,2.63,3.43,2.11,29384655.0
NUE,232.0,10,"[1, 1, 1, 1, 1, 1, 1, 1, 1, 1]",198.24,166.46,234.22,106.87,1457705.0
STM,66.86,10,"[1, 1, 1, 1, 1, 1, 1, 1, 1, 1]",45.97,32.1,66.86,21.07,11513360.0
BIDU,127.79,7,"[1, 0, 1, 0, 1, 1, 1, 1, 1, 0]",123.79,124.73,162.52,81.9,2840890.0
ETR,112.4,9,"[1, 1, 1, 1, 1, 1, 1, 1, 1, 0]",111.13,97.98,117.36,78.9,4222375.0
UI,610.81,5,"[0, 0, 0, 1, 1, 1, 1, 0, 1, 0]",853.69,674.14,1083.11,368.59,139905.0
CCJ,104.75,7,"[0, 0, 1, 1, 1, 1, 1, 1, 1, 0]",113.44,100.05,134.09,58.07,3094045.0
FER,67.48,7,"[1, 1, 1, 1, 1, 1, 0, 0, 1, 0]",67.01,63.75,,,1480830.0
ROK,452.29,10,"[1, 1, 1, 1, 1, 1, 1, 1, 1, 1]",399.8,380.42,457.94,301.28,830410.0
EA,200.97,7,"[0, 0, 1, 1, 1, 1, 1, 1, 1, 0]",201.97,196.34,204.6,142.41,1853955.0
ARGX,806.46,8,"[1, 0, 1, 0, 1, 1, 1, 1, 1, 1]",769.96,794.48,929.61,537.92,339330.0
DAL,76.14,10,"[1, 1, 1, 1, 1, 1, 1, 1, 1, 1]",68.32,64.39,76.14,46.48,7293950.0
EBAY,115.75,9,"[1, 1, 1, 1, 0, 1, 1, 1, 1, 1]",101.13,91.97,118.96,70.92,7326990.0
FERG,223.31,4,"[0, 0, 0, 0, 1, 1, 0, 1, 1, 0]",240.68,237.83,266.68,174.83,1406755.0
MT,66.08,10,"[1, 1, 1, 1, 1, 1, 1, 1, 1, 1]",57.49,47.42,66.96,29.63,2182730.0
WAB,256.41,8,"[0, 1, 1, 1, 1, 1, 1, 1, 1, 0]",257.12,224.2,270.61,184.98,918065.0
FNV,226.19,7,"[0, 0, 1, 1, 1, 1, 1, 1, 1, 0]",240.99,221.59,280.36,154.14,764840.0
FITB,49.48,9,"[1, 1, 1, 1, 1, 1, 1, 1, 1, 0]",48.03,46.11,54.59,35.91,5113275.0
XYZ,68.08,7,"[1, 1, 1, 1, 0, 0, 1, 1, 1, 0]",66.22,67.74,81.11,49.09,5934710.0
NBIS,214.77,10,"[1, 1, 1, 1, 1, 1, 1, 1, 1, 1]",151.08,109.62,221.15,36.02,18172375.0
RKT,13.79,1,"[0, 0, 0, 0, 0, 0, 0, 0, 1, 0]",14.63,17.65,23.44,12.47,23019565.0
VTR,88.18,10,"[1, 1, 1, 1, 1, 1, 1, 1, 1, 1]",85.32,77.28,90.35,60.78,5379770.0
CLS,367.37,9,"[1, 1, 1, 1, 1, 1, 1, 1, 1, 0]",346.75,295.75,422.21,115.38,2387225.0
CAH,200.68,7,"[0, 0, 1, 0, 1, 1, 1, 1, 1, 1]",204.28,191.26,229.32,144.85,2573445.0
TEVA,34.07,10,"[1, 1, 1, 1, 1, 1, 1, 1, 1, 1]",32.05,27.3,36.34,15.38,7546375.0
HPE,37.58,10,"[1, 1, 1, 1, 1, 1, 1, 1, 1, 1]",27.21,23.81,37.58,16.85,15790410.0
STT,153.95,10,"[1, 1, 1, 1, 1, 1, 1, 1, 1, 1]",140.57,124.78,154.07,93.38,1843815.0
ODFL,210.47,9,"[1, 1, 1, 1, 1, 1, 1, 1, 1, 0]",201.56,168.76,224.42,125.86,2087840.0
GFS,85.64,10,"[1, 1, 1, 1, 1, 1, 1, 1, 1, 1]",57.04,42.56,85.64,31.62,5230015.0
WDS,22.59,8,"[0, 1, 1, 1, 1, 1, 1, 1, 1, 0]",23.27,18.13,24.78,13.56,726535.0
EME,848.91,9,"[1, 1, 1, 1, 1, 1, 1, 1, 1, 0]",823.44,705.49,943.75,462.43,375040.0
ON,116.2,10,"[1, 1, 1, 1, 1, 1, 1, 1, 1, 1]",83.84,62.07,118.37,41.27,12907645.0
GFI,39.53,4,"[0, 0, 0, 0, 1, 1, 1, 0, 1, 0]",44.38,42.77,59.77,21.53,2920425.0
ERIC,13.5,10,"[1, 1, 1, 1, 1, 1, 1, 1, 1, 1]",11.79,9.91,13.5,6.97,8610015.0
KB,104.88,8,"[0, 1, 1, 1, 1, 1, 1, 1, 1, 0]",105.16,92.75,118.21,71.29,177660.0
PUK,30.47,9,"[1, 1, 1, 1, 1, 1, 1, 1, 1, 0]",30.01,29.03,33.17,22.02,709635.0
IRM,126.46,10,"[1, 1, 1, 1, 1, 1, 1, 1, 1, 1]",114.75,99.26,132.06,78.22,1719265.0
LYV,165.55,9,"[1, 1, 1, 1, 0, 1, 1, 1, 1, 1]",158.62,153.11,174.06,125.61,2682405.0
KGC,28.29,6,"[0, 0, 1, 1, 1, 1, 1, 0, 1, 0]",30.65,28.11,37.97,14.42,7568280.0
JBL,364.35,10,"[1, 1, 1, 1, 1, 1, 1, 1, 1, 1]",310.87,246.42,372.26,165.16,1271770.0
ADM,77.52,10,"[1, 1, 1, 1, 1, 1, 1, 1, 1, 1]",72.87,64.11,82.35,45.55,4320465.0
VOD,14.94,8,"[0, 1, 1, 1, 1, 1, 1, 1, 1, 0]",15.27,13.32,16.32,9.59,4308465.0
BBD,3.47,5,"[0, 0, 0, 1, 1, 1, 0, 1, 1, 0]",3.72,3.49,4.21,2.69,29042755.0
VIK,84.23,10,"[1, 1, 1, 1, 1, 1, 1, 1, 1, 1]",78.4,69.33,86.72,43.77,3634660.0
SATS,124.2,10,"[1, 1, 1, 1, 1, 1, 1, 1, 1, 1]",123.18,95.2,141.8,15.99,5481900.0
ESLT,767.82,8,"[0, 1, 1, 1, 1, 1, 1, 1, 1, 0]",857.64,641.43,1013.23,376.95,111230.0
UMC,18.22,10,"[1, 1, 1, 1, 1, 1, 1, 1, 1, 1]",12.05,9.14,18.35,6.58,16130065.0
ONC,310.25,6,"[1, 0, 0, 0, 0, 1, 1, 1, 1, 1]",300.67,321.19,377.47,238.31,231700.0
LVS,49.43,3,"[0, 0, 0, 0, 1, 1, 0, 0, 1, 0]",53.23,56.58,68.73,39.02,5035530.0
IX,38.85,10,"[1, 1, 1, 1, 1, 1, 1, 1, 1, 1]",32.44,29.3,39.26,20.54,288385.0
CRDO,218.41,10,"[1, 1, 1, 1, 1, 1, 1, 1, 1, 1]",149.84,143.14,218.41,60.96,6196795.0
ALAB,306.88,9,"[1, 1, 1, 1, 0, 1, 1, 1, 1, 1]",173.73,170.76,306.88,85.95,6195135.0
STLD,240.03,10,"[1, 1, 1, 1, 1, 1, 1, 1, 1, 1]",204.53,170.75,241.85,120.2,985445.0
HAL,41.47,10,"[1, 1, 1, 1, 1, 1, 1, 1, 1, 1]",39.22,30.45,42.98,19.07,10361970.0
HUM,307.95,8,"[1, 1, 1, 0, 0, 1, 1, 1, 1, 1]",220.53,242.2,310.55,162.84,1962620.0
MTZ,382.11,10,"[1, 1, 1, 1, 1, 1, 1, 1, 1, 1]",364.82,256.45,437.51,152.45,1093015.0
UAL,99.96,7,"[1, 0, 0, 0, 1, 1, 1, 1, 1, 1]",93.84,101.22,117.53,73.67,5622155.0
ZM,105.64,10,"[1, 1, 1, 1, 1, 1, 1, 1, 1, 1]",89.79,85.13,109.21,69.77,5644550.0
TS,61.61,9,"[1, 1, 1, 1, 1, 1, 1, 1, 1, 0]",58.76,44.56,62.66,31.94,1817805.0
CASY,825.02,10,"[1, 1, 1, 1, 1, 1, 1, 1, 1, 1]",773.63,622.44,888.36,436.09,406135.0
TECK,62.66,10,"[1, 1, 1, 1, 1, 1, 1, 1, 1, 1]",56.52,47.95,66.84,31.15,3055380.0
SYM,54.03,4,"[0, 0, 0, 0, 1, 1, 1, 0, 1, 0]",54.46,58.42,87.3,27.97,1952980.0
EL,88.32,5,"[1, 0, 0, 0, 1, 0, 1, 0, 1, 1]",78.11,93.16,119.24,62.69,3825685.0
SHG,64.31,8,"[0, 1, 1, 1, 1, 1, 1, 1, 1, 0]",64.76,57.11,71.72,39.56,213260.0
TWLO,187.88,10,"[1, 1, 1, 1, 1, 1, 1, 1, 1, 1]",151.49,126.66,201.7,92.44,3148250.0
RVMD,151.56,10,"[1, 1, 1, 1, 1, 1, 1, 1, 1, 1]",125.61,84.58,153.73,34.7,2611470.0
RDDT,141.67,2,"[0, 0, 0, 0, 0, 0, 1, 0, 1, 0]",149.0,192.59,270.71,100.76,5842235.0
IQV,167.9,3,"[0, 0, 0, 0, 1, 0, 0, 0, 1, 1]",169.35,196.09,244.29,137.0,1838560.0
NTRS,167.77,10,"[1, 1, 1, 1, 1, 1, 1, 1, 1, 1]",154.08,139.13,171.74,103.18,1033460.0
DOV,209.9,8,"[0, 1, 1, 1, 1, 1, 1, 1, 1, 0]",215.33,196.45,232.78,160.34,835725.0
RPRX,54.5,10,"[1, 1, 1, 1, 1, 1, 1, 1, 1, 1]",48.95,41.31,54.5,31.77,3740490.0
ASTS,105.86,10,"[1, 1, 1, 1, 1, 1, 1, 1, 1, 1]",84.2,75.71,122.09,23.07,21065085.0
BIIB,193.76,10,"[1, 1, 1, 1, 1, 1, 1, 1, 1, 1]",185.72,169.22,204.53,122.68,1215330.0
VG,13.83,7,"[1, 1, 1, 1, 0, 0, 1, 0, 1, 1]",13.69,10.87,18.91,5.91,20567760.0
EXPE,214.65,4,"[0, 0, 0, 0, 1, 1, 1, 0, 1, 0]",237.23,238.15,300.66,157.7,1780190.0
CRCL,113.12,7,"[1, 1, 1, 1, 0, 0, 1, 0, 1, 1]",107.48,103.85,263.45,50.23,17386330.0
ARES,124.41,4,"[1, 0, 0, 0, 0, 0, 1, 0, 1, 1]",113.77,143.78,187.77,95.2,2920905.0
FTI,70.99,8,"[0, 1, 1, 1, 1, 1, 1, 1, 1, 0]",71.39,52.41,76.94,29.57,4078855.0
FTAI,252.13,10,"[1, 1, 1, 1, 1, 1, 1, 1, 1, 1]",245.84,210.67,308.99,108.92,1565245.0
AXIA,10.77,7,"[0, 0, 1, 1, 1, 1, 1, 1, 1, 0]",11.8,10.46,13.43,6.29,1942640.0
CNC,59.14,10,"[1, 1, 1, 1, 1, 1, 1, 1, 1, 1]",43.83,39.0,59.31,25.21,7228085.0
NTRA,203.19,7,"[1, 0, 1, 0, 1, 1, 1, 1, 1, 0]",201.32,201.54,254.4,133.66,1697690.0
NVT,164.66,10,"[1, 1, 1, 1, 1, 1, 1, 1, 1, 1]",139.71,112.47,173.96,64.13,2310525.0
MTSI,385.98,10,"[1, 1, 1, 1, 1, 1, 1, 1, 1, 1]",281.47,198.85,385.98,118.35,1464805.0
TPL,402.03,7,"[0, 1, 1, 1, 1, 1, 1, 0, 1, 0]",444.99,363.34,539.79,273.25,381430.0
TPR,138.49,8,"[0, 1, 1, 1, 1, 1, 1, 1, 1, 0]",142.31,125.9,160.06,75.77,2660455.0
CFG,62.89,9,"[1, 1, 1, 1, 1, 1, 1, 1, 1, 0]",61.69,56.64,67.63,38.33,3704010.0
CW,731.24,10,"[1, 1, 1, 1, 1, 1, 1, 1, 1, 1]",710.33,609.03,751.0,427.71,246645.0
DOW,36.01,8,"[0, 1, 1, 1, 1, 1, 1, 1, 1, 0]",38.68,28.33,41.87,20.03,10801360.0
EIX,71.18,10,"[1, 1, 1, 1, 1, 1, 1, 1, 1, 1]",70.69,61.31,75.82,45.61,2867875.0
PKX,74.52,10,"[1, 1, 1, 1, 1, 1, 1, 1, 1, 1]",68.77,58.73,91.72,41.95,275220.0
BAP,334.3,10,"[1, 1, 1, 1, 1, 1, 1, 1, 1, 1]",328.76,296.0,373.52,203.3,385075.0
VRSN,310.0,9,"[1, 1, 1, 1, 0, 1, 1, 1, 1, 1]",269.06,255.6,310.0,210.93,781550.0
HUBB,475.01,6,"[0, 0, 1, 1, 1, 1, 0, 1, 1, 0]",504.5,465.69,557.85,377.92,734712.45
STRL,732.94,10,"[1, 1, 1, 1, 1, 1, 1, 1, 1, 1]",549.52,397.83,889.03,184.4,718915.0
EC,13.85,10,"[1, 1, 1, 1, 1, 1, 1, 1, 1, 1]",13.59,10.73,14.42,7.9,2821245.0
P,87.2,8,"[1, 1, 1, 0, 0, 1, 1, 1, 1, 1]",69.38,74.56,98.7,51.58,3053245.0
AER,138.62,8,"[0, 0, 1, 1, 1, 1, 1, 1, 1, 1]",140.16,134.47,153.99,106.41,1414785.0
PAAS,53.94,8,"[0, 1, 1, 1, 1, 1, 1, 1, 1, 0]",54.94,47.7,68.3,23.96,5524260.0
DG,105.65,3,"[0, 0, 0, 0, 1, 1, 0, 0, 1, 0]",117.29,120.34,155.5,95.08,3570970.0
VIV,13.38,7,"[0, 0, 1, 1, 1, 1, 1, 1, 1, 0]",15.02,13.2,16.51,9.34,1067575.0
SYF,71.83,5,"[1, 0, 0, 0, 1, 1, 0, 1, 1, 0]",71.31,73.72,87.76,55.81,3858190.0
ZS,182.37,4,"[1, 0, 0, 0, 0, 0, 1, 0, 1, 1]",144.35,224.08,336.27,118.05,3088700.0
SQM,80.18,8,"[0, 1, 1, 1, 1, 1, 1, 1, 1, 0]",83.83,64.7,94.63,29.69,1118365.0
BG,120.71,8,"[0, 1, 1, 1, 1, 1, 1, 1, 1, 0]",123.88,102.38,129.6,71.0,1690180.0
FMX,121.28,10,"[1, 1, 1, 1, 1, 1, 1, 1, 1, 1]",114.05,101.4,124.87,82.37,526095.0
MDB,326.13,7,"[1, 0, 1, 0, 1, 1, 1, 0, 1, 1]",268.52,322.39,440.6,185.85,1615025.0
XPO,202.92,8,"[0, 1, 1, 1, 1, 1, 1, 1, 1, 0]",204.78,161.9,228.37,112.89,1406060.0
ALB,171.58,8,"[0, 1, 1, 1, 1, 1, 1, 1, 1, 0]",183.43,138.09,215.62,54.14,2097285.0
UTHR,568.43,10,"[1, 1, 1, 1, 1, 1, 1, 1, 1, 1]",564.33,476.03,596.76,274.7,414070.0
FSLR,257.85,9,"[1, 1, 1, 0, 1, 1, 1, 1, 1, 1]",205.65,225.56,284.59,143.67,2688855.0
TSN,65.05,10,"[1, 1, 1, 1, 1, 1, 1, 1, 1, 1]",64.44,58.67,68.75,49.87,2934860.0
TSEM,283.43,10,"[1, 1, 1, 1, 1, 1, 1, 1, 1, 1]",206.33,124.34,283.43,38.09,2458430.0
RF,27.83,10,"[1, 1, 1, 1, 1, 1, 1, 1, 1, 1]",27.04,26.53,30.66,20.38,9961075.0
KEY,21.56,9,"[1, 1, 1, 1, 1, 1, 1, 1, 1, 0]",20.97,19.64,22.98,14.97,9820700.0
TEAM,85.42,4,"[1, 0, 0, 0, 0, 0, 1, 0, 1, 1]",74.61,126.42,220.89,57.15,8337995.0
LYB,69.72,8,"[0, 1, 1, 1, 1, 1, 1, 1, 1, 0]",73.98,55.24,82.38,40.7,5581810.0
JBHT,258.77,10,"[1, 1, 1, 1, 1, 1, 1, 1, 1, 1]",231.62,190.65,262.88,129.81,967350.0
SBAC,205.57,5,"[1, 1, 1, 1, 0, 0, 0, 0, 1, 0]",202.17,194.99,,,838545.0
WST,316.42,10,"[1, 1, 1, 1, 1, 1, 1, 1, 1, 1]",277.53,264.23,325.92,204.91,839880.0
CPAY,347.9,9,"[1, 1, 1, 1, 1, 0, 1, 1, 1, 1]",313.68,308.99,356.38,255.0,554055.0
ENTG,135.28,9,"[1, 1, 1, 1, 1, 1, 1, 1, 1, 0]",132.75,105.53,156.33,68.13,3336000.0
NMR,8.11,8,"[1, 0, 1, 0, 1, 1, 1, 1, 1, 1]",8.02,7.92,9.54,5.94,1323655.0
IHG,153.09,10,"[1, 1, 1, 1, 1, 1, 1, 1, 1, 1]",140.73,132.31,155.1,109.28,188780.0
FN,703.86,9,"[1, 1, 1, 1, 1, 1, 1, 1, 1, 0]",630.08,482.69,746.47,230.28,903565.0
SBS,5.66,8,"[0, 1, 1, 1, 1, 1, 1, 1, 1, 0]",6.24,5.3,7.08,3.81,5731870.0
WWD,351.36,6,"[0, 1, 1, 1, 1, 1, 0, 0, 1, 0]",368.76,312.59,,,816820.0
SITM,728.56,10,"[1, 1, 1, 1, 1, 1, 1, 1, 1, 1]",519.14,367.83,901.48,190.16,596320.0
INSM,106.24,4,"[0, 0, 0, 0, 1, 1, 1, 0, 1, 0]",137.31,155.99,211.41,66.36,4026685.0
BEKE,16.4,3,"[0, 0, 0, 0, 0, 0, 0, 1, 1, 1]",16.52,17.17,19.99,14.54,5767270.0
AKAM,147.23,10,"[1, 1, 1, 1, 1, 1, 1, 1, 1, 1]",115.82,93.07,161.14,70.53,7279940.0
PFG,103.85,10,"[1, 1, 1, 1, 1, 1, 1, 1, 1, 1]",95.09,87.27,103.92,73.43,1125440.0
RL,377.78,10,"[1, 1, 1, 1, 1, 1, 1, 1, 1, 1]",354.38,340.32,389.52,257.2,729970.0
ATI,162.29,10,"[1, 1, 1, 1, 1, 1, 1, 1, 1, 1]",153.71,117.16,166.42,71.34,1793995.0
MRNA,46.88,8,"[0, 1, 1, 1, 1, 1, 1, 1, 1, 0]",50.62,37.05,57.8,22.36,8053795.0
ILMN,144.41,10,"[1, 1, 1, 1, 1, 1, 1, 1, 1, 1]",131.09,121.09,153.95,80.37,1713650.0
AFRM,65.22,5,"[1, 1, 0, 0, 0, 0, 1, 0, 1, 1]",57.01,67.44,92.18,42.53,5184900.0
CRS,434.12,10,"[1, 1, 1, 1, 1, 1, 1, 1, 1, 1]",414.82,332.27,458.16,229.54,647715.0
SMCI,35.58,5,"[1, 1, 0, 0, 0, 0, 1, 0, 1, 1]",27.9,36.08,60.71,20.53,38189000.0
MKSI,320.62,10,"[1, 1, 1, 1, 1, 1, 1, 1, 1, 1]",268.55,189.5,320.62,81.81,1378830.0
IFF,75.28,9,"[1, 1, 1, 1, 1, 1, 0, 1, 1, 1]",72.48,68.44,82.93,58.84,1962860.0
EXPD,158.48,10,"[1, 1, 1, 1, 1, 1, 1, 1, 1, 1]",148.08,140.37,165.04,110.57,1118420.0
ROIV,29.96,10,"[1, 1, 1, 1, 1, 1, 1, 1, 1, 1]",28.45,21.96,32.41,10.62,6314310.0
DD,48.12,10,"[1, 1, 1, 1, 1, 1, 1, 1, 1, 1]",46.56,40.47,51.12,27.15,3997195.0
IREN,56.83,8,"[1, 1, 1, 0, 1, 1, 1, 0, 1, 1]",46.1,44.77,76.41,8.39,52806795.0
RGLD,220.29,5,"[0, 0, 0, 1, 1, 1, 1, 0, 1, 0]",244.01,223.99,303.74,150.48,741045.0
FUTU,89.76,1,"[0, 0, 0, 0, 0, 0, 0, 0, 1, 0]",144.97,161.4,195.9,89.76,5019340.0
ULS,102.85,10,"[1, 1, 1, 1, 1, 1, 1, 1, 1, 1]",90.77,79.39,104.89,62.3,699465.0
CHRW,174.23,9,"[1, 1, 1, 1, 1, 1, 1, 1, 1, 0]",172.2,157.52,199.91,91.5,2247170.0
LUV,40.86,8,"[1, 1, 1, 0, 1, 1, 1, 0, 1, 1]",39.5,38.09,54.56,28.65,6428515.0
DKS,231.24,9,"[1, 1, 1, 1, 0, 1, 1, 1, 1, 1]",210.82,212.44,231.38,163.25,982505.0
VTRS,16.65,10,"[1, 1, 1, 1, 1, 1, 1, 1, 1, 1]",14.61,12.25,17.26,7.98,13328155.0
RCI,36.6,8,"[1, 0, 1, 0, 1, 1, 1, 1, 1, 1]",36.22,36.57,40.6,25.24,1024525.0
FFIV,393.63,9,"[1, 1, 1, 1, 0, 1, 1, 1, 1, 1]",318.08,292.43,393.63,223.99,804840.0
CX,12.56,10,"[1, 1, 1, 1, 1, 1, 1, 1, 1, 1]",11.87,10.92,13.55,6.69,5371805.0
INCY,97.16,8,"[1, 0, 1, 0, 1, 1, 1, 1, 1, 1]",95.53,95.35,110.57,64.25,1422275.0
KEP,13.09,3,"[0, 0, 0, 0, 1, 1, 0, 0, 1, 0]",14.86,16.12,23.26,10.22,944420.0
APG,41.63,8,"[0, 1, 1, 1, 1, 1, 1, 1, 1, 0]",43.82,39.73,49.4,30.41,2807840.0
SNX,237.34,10,"[1, 1, 1, 1, 1, 1, 1, 1, 1, 1]",203.32,165.67,239.07,118.33,602280.0
CDE,17.63,4,"[0, 0, 0, 0, 1, 1, 1, 0, 1, 0]",18.7,18.38,27.12,7.8,19990800.0
RBC,559.95,8,"[0, 1, 1, 1, 1, 1, 1, 1, 1, 0]",575.68,480.18,623.19,360.5,248415.0
BURL,324.51,9,"[1, 1, 1, 1, 1, 1, 1, 1, 1, 0]",318.36,291.87,347.82,222.85,731080.0
ROKU,125.55,10,"[1, 1, 1, 1, 1, 1, 1, 1, 1, 1]",110.03,101.55,129.53,69.01,2662590.0
AMKR,65.75,9,"[1, 1, 1, 1, 1, 1, 1, 1, 1, 0]",61.12,43.06,78.1,17.81,5344325.0
RS,367.0,10,"[1, 1, 1, 1, 1, 1, 1, 1, 1, 1]",332.69,303.43,375.19,262.77,305225.0
BWXT,202.91,8,"[0, 1, 1, 1, 1, 1, 1, 1, 1, 0]",213.32,193.97,238.1,118.82,976810.0
ZTO,22.99,8,"[0, 1, 1, 1, 1, 1, 1, 1, 1, 0]",24.61,21.45,25.88,16.5,1988210.0
NXT,130.5,10,"[1, 1, 1, 1, 1, 1, 1, 1, 1, 1]",120.05,97.7,144.29,53.8,2471420.0
ITT,195.01,8,"[0, 1, 1, 1, 1, 1, 1, 1, 1, 0]",202.78,186.29,221.69,146.13,692115.0
FTV,59.13,8,"[1, 1, 1, 1, 1, 1, 0, 1, 1, 0]",58.37,53.82,62.01,46.39,3267160.0
IONQ,63.64,8,"[1, 1, 1, 0, 0, 1, 1, 1, 1, 1]",40.96,47.34,82.09,26.59,34150050.0
AGI,38.34,5,"[0, 0, 0, 1, 1, 1, 1, 0, 1, 0]",43.41,38.44,55.29,24.28,3300580.0
BCH,37.55,9,"[1, 1, 1, 1, 1, 1, 1, 1, 1, 0]",37.23,34.79,43.7,25.75,331920.0
YPF,47.99,10,"[1, 1, 1, 1, 1, 1, 1, 1, 1, 1]",43.42,35.9,47.99,23.57,2025365.0
CF,121.7,9,"[0, 1, 1, 1, 1, 1, 1, 1, 1, 1]",124.23,95.72,137.04,75.38,3056195.0
MGA,64.58,10,"[1, 1, 1, 1, 1, 1, 1, 1, 1, 1]",58.38,52.18,67.67,34.52,1650225.0
TLN,372.45,8,"[1, 1, 1, 0, 0, 1, 1, 1, 1, 1]",344.48,371.45,445.84,243.08,728800.0
LSCC,143.22,10,"[1, 1, 1, 1, 1, 1, 1, 1, 1, 1]",111.16,84.54,143.22,44.86,2810330.0
WMG,34.72,8,"[1, 1, 1, 0, 0, 1, 1, 1, 1, 1]",28.72,30.06,34.72,23.65,3060395.0
CIB,65.88,7,"[0, 0, 1, 1, 1, 1, 1, 1, 1, 0]",69.29,63.19,83.05,40.7,329155.0
WCC,363.57,10,"[1, 1, 1, 1, 1, 1, 1, 1, 1, 1]",310.73,264.9,372.05,163.33,727020.0
JBS,13.21,5,"[0, 0, 0, 1, 1, 1, 0, 1, 1, 0]",15.02,13.96,17.05,11.6,6912880.0
WSO,375.17,3,"[0, 0, 0, 1, 0, 0, 0, 1, 1, 0]",400.28,380.61,478.22,318.41,446060.0
DOCN,158.46,10,"[1, 1, 1, 1, 1, 1, 1, 1, 1, 1]",106.58,61.03,163.95,25.74,4127695.0
EWBC,123.12,10,"[1, 1, 1, 1, 1, 1, 1, 1, 1, 1]",115.54,109.29,125.67,88.06,848115.0
AA,71.38,10,"[1, 1, 1, 1, 1, 1, 1, 1, 1, 1]",65.4,50.07,73.19,26.35,4119480.0
PR,20.44,8,"[0, 1, 1, 1, 1, 1, 1, 1, 1, 0]",20.62,15.8,22.52,11.86,13424185.0
NVMI,503.49,9,"[1, 1, 1, 1, 1, 1, 1, 1, 1, 0]",489.89,382.97,556.11,183.0,376025.0
RTO,31.34,8,"[0, 1, 1, 1, 1, 1, 1, 1, 1, 0]",32.55,29.03,34.52,22.29,867120.0
OWL,10.06,3,"[1, 0, 0, 0, 0, 0, 0, 0, 1, 1]",9.19,13.37,19.42,8.04,30762585.0
OVV,58.74,10,"[1, 1, 1, 1, 1, 1, 1, 1, 1, 1]",58.08,45.32,63.08,34.85,4294800.0
TTMI,189.92,10,"[1, 1, 1, 1, 1, 1, 1, 1, 1, 1]",129.36,84.99,189.92,28.59,2582600.0
BEN,31.02,10,"[1, 1, 1, 1, 1, 1, 1, 1, 1, 1]",27.14,24.66,32.35,20.15,5323225.0
IEX,208.78,10,"[1, 1, 1, 1, 1, 1, 1, 1, 1, 1]",201.23,182.91,217.42,155.73,714205.0
LAMR,153.1,10,"[1, 1, 1, 1, 1, 1, 1, 1, 1, 1]",136.46,127.2,157.93,109.49,771690.0
VNOM,46.89,9,"[1, 1, 1, 1, 1, 1, 1, 1, 1, 0]",46.69,40.16,50.23,34.57,1508805.0
GNRC,270.14,10,"[1, 1, 1, 1, 1, 1, 1, 1, 1, 1]",225.24,188.72,276.49,120.64,941715.0
NDSN,289.9,10,"[1, 1, 1, 1, 1, 1, 1, 1, 1, 1]",275.56,251.94,298.37,190.72,383580.0
SN,112.03,7,"[1, 1, 1, 1, 0, 0, 1, 1, 1, 0]",109.9,109.85,131.45,82.13,2486890.0
H,174.15,9,"[1, 1, 1, 0, 1, 1, 1, 1, 1, 1]",158.22,154.42,175.52,126.83,847990.0
BALL,56.51,6,"[0, 0, 1, 1, 1, 1, 0, 1, 1, 0]",59.97,54.96,67.56,46.08,2914925.0
MLI,133.39,9,"[1, 1, 1, 1, 1, 1, 1, 1, 1, 0]",124.61,112.88,140.83,72.04,559350.0
LOGI,112.63,8,"[1, 1, 1, 0, 0, 1, 1, 1, 1, 1]",97.43,102.19,122.99,81.25,1256875.0
CLH,286.92,8,"[0, 1, 1, 1, 1, 1, 1, 1, 1, 0]",296.57,257.48,313.7,201.73,625360.0
GMAB,26.87,5,"[0, 0, 0, 0, 1, 1, 1, 1, 1, 0]",26.95,29.13,35.34,20.3,2190670.0
PAA,24.15,10,"[1, 1, 1, 1, 1, 1, 1, 1, 1, 1]",21.82,18.42,24.15,14.89,3371100.0
NBIX,156.7,9,"[1, 1, 1, 0, 1, 1, 1, 1, 1, 1]",136.81,138.86,161.32,120.18,1306435.0
HST,22.38,10,"[1, 1, 1, 1, 1, 1, 1, 1, 1, 1]",20.42,18.09,22.41,13.92,8293275.0
JLL,291.69,5,"[0, 0, 0, 0, 1, 1, 1, 1, 1, 0]",314.35,315.41,358.66,215.77,405955.0
ASND,247.05,10,"[1, 1, 1, 1, 1, 1, 1, 1, 1, 1]",232.52,215.3,249.84,157.27,730405.0
LECO,263.43,10,"[1, 1, 1, 1, 1, 1, 1, 1, 1, 1]",258.16,249.92,297.91,188.24,361205.0
OKTA,92.24,6,"[1, 1, 1, 0, 0, 0, 1, 0, 1, 1]",77.76,84.95,125.5,62.93,2751915.0
HTHT,44.79,7,"[0, 0, 1, 1, 1, 1, 1, 1, 1, 0]",49.37,44.43,54.63,29.07,1869335.0
DTM,151.12,10,"[1, 1, 1, 1, 1, 1, 1, 1, 1, 1]",138.95,121.53,151.12,97.12,806545.0
MOD,260.52,10,"[1, 1, 1, 1, 1, 1, 1, 1, 1, 1]",240.43,178.6,292.16,88.79,1075040.0
RRX,200.78,9,"[1, 1, 1, 1, 1, 1, 1, 1, 1, 0]",199.72,167.17,231.37,128.18,1226635.0
BSAC,30.98,8,"[0, 1, 1, 1, 1, 1, 1, 1, 1, 0]",31.38,29.1,35.69,21.8,511095.0
JAZZ,239.83,10,"[1, 1, 1, 1, 1, 1, 1, 1, 1, 1]",203.31,164.92,239.83,105.93,924835.0
ONTO,262.25,9,"[1, 1, 1, 1, 1, 1, 1, 1, 1, 0]",253.26,179.34,307.86,90.0,1226920.0
OHI,47.9,10,"[1, 1, 1, 1, 1, 1, 1, 1, 1, 1]",45.9,43.1,48.99,33.89,2291395.0
SMMT,16.62,2,"[0, 0, 0, 1, 0, 0, 0, 0, 1, 0]",18.89,18.97,29.32,13.85,4495435.0
RMBS,142.98,9,"[1, 1, 1, 1, 1, 1, 1, 1, 1, 0]",113.79,100.31,158.4,53.47,2883365.0
AUR,7.07,9,"[1, 1, 1, 1, 0, 1, 1, 1, 1, 1]",5.38,5.01,8.4,3.77,32729530.0
NIO,5.2,4,"[0, 0, 0, 1, 0, 1, 1, 0, 1, 0]",6.07,5.82,7.89,3.41,38288490.0
HAS,88.1,7,"[0, 0, 1, 1, 1, 1, 1, 1, 1, 0]",93.19,85.12,105.21,63.58,1963005.0
LTM,49.89,6,"[1, 0, 0, 0, 1, 1, 1, 0, 1, 1]",49.69,50.48,68.29,37.17,902205.0
SUN,70.31,10,"[1, 1, 1, 1, 1, 1, 1, 1, 1, 1]",66.01,55.96,72.2,46.14,694610.0
QXO,16.67,2,"[0, 0, 0, 0, 1, 0, 0, 0, 1, 0]",19.84,20.65,27.07,15.95,15821315.0
AEIS,324.86,8,"[0, 1, 1, 1, 1, 1, 1, 1, 1, 0]",347.67,249.44,388.93,113.67,954015.0
ALLY,42.35,8,"[1, 1, 1, 1, 1, 1, 0, 1, 1, 0]",41.47,40.88,46.41,32.6,2812705.0
PL,44.35,10,"[1, 1, 1, 1, 1, 1, 1, 1, 1, 1]",35.66,21.01,44.35,3.68,8908140.0
EVR,346.12,9,"[1, 1, 1, 0, 1, 1, 1, 1, 1, 1]",321.37,325.81,382.14,223.54,574795.0
SKM,37.76,9,"[1, 1, 1, 1, 1, 1, 1, 1, 1, 0]",34.77,25.94,39.63,19.68,2102930.0
TIGO,85.84,10,"[1, 1, 1, 1, 1, 1, 1, 1, 1, 1]",79.33,58.3,86.81,32.46,1277095.0
SANM,246.44,10,"[1, 1, 1, 1, 1, 1, 1, 1, 1, 1]",178.03,150.45,248.35,83.95,1087185.0
IESC,659.65,10,"[1, 1, 1, 1, 1, 1, 1, 1, 1, 1]",562.3,447.27,697.21,244.57,228895.0
BBIO,69.12,7,"[0, 0, 1, 1, 1, 1, 1, 1, 1, 0]",71.23,65.98,79.91,32.26,3240265.0
TOL,134.33,5,"[0, 0, 0, 0, 1, 1, 1, 1, 1, 0]",137.88,139.54,165.81,102.52,1088260.0
DINO,69.91,10,"[1, 1, 1, 1, 1, 1, 1, 1, 1, 1]",63.26,53.53,73.99,34.3,2605440.0
NYT,74.96,8,"[0, 1, 1, 1, 1, 1, 1, 1, 1, 0]",80.11,68.52,85.86,50.99,2047860.0
DY,411.2,10,"[1, 1, 1, 1, 1, 1, 1, 1, 1, 1]",392.55,341.53,457.78,225.2,413095.0
RBRK,66.59,5,"[1, 1, 0, 0, 0, 0, 1, 0, 1, 1]",54.2,68.46,99.74,43.81,2994320.0
DVA,198.52,10,"[1, 1, 1, 1, 1, 1, 1, 1, 1, 1]",163.13,136.61,200.54,103.87,1088020.0
GH,118.95,9,"[1, 1, 1, 0, 1, 1, 1, 1, 1, 1]",91.17,87.7,118.95,38.0,2245350.0
PEN,328.69,8,"[0, 1, 1, 1, 1, 1, 1, 1, 1, 0]",329.53,301.83,359.4,225.54,443020.0
BMNR,18.88,2,"[0, 0, 0, 0, 0, 0, 1, 0, 1, 0]",21.18,33.84,134.96,4.26,33829595.0
SWK,76.46,7,"[1, 1, 1, 0, 1, 1, 0, 1, 1, 0]",73.67,74.16,90.95,60.73,1987420.0
ENLT,92.25,10,"[1, 1, 1, 1, 1, 1, 1, 1, 1, 1]",80.95,52.29,93.77,17.51,169935.0
OKLO,65.88,3,"[1, 0, 0, 0, 0, 0, 1, 0, 1, 0]",61.55,85.97,174.14,45.58,13789205.0
BWA,65.82,10,"[1, 1, 1, 1, 1, 1, 1, 1, 1, 1]",56.54,48.72,67.42,31.72,3316745.0
APA,38.8,9,"[0, 1, 1, 1, 1, 1, 1, 1, 1, 1]",38.86,28.05,44.09,16.18,6920940.0
IONS,75.56,8,"[1, 0, 1, 0, 1, 1, 1, 1, 1, 1]",74.25,72.18,86.5,32.43,1917370.0
HL,16.98,4,"[0, 0, 0, 0, 1, 1, 1, 0, 1, 0]",18.53,16.98,31.8,5.09,14150650.0
HII,320.63,5,"[0, 0, 0, 1, 1, 1, 1, 0, 1, 0]",371.87,342.13,453.73,219.58,594855.0
FIVE,219.5,8,"[0, 1, 1, 1, 1, 1, 1, 1, 1, 0]",225.44,185.37,247.71,107.27,942100.0
U,25.57,3,"[1, 0, 0, 0, 0, 0, 1, 0, 1, 0]",23.82,33.98,49.47,17.13,10785810.0
IVZ,27.05,9,"[1, 1, 1, 0, 1, 1, 1, 1, 1, 1]",25.01,24.32,28.98,13.77,5243060.0
NTNX,47.12,4,"[1, 0, 0, 0, 0, 0, 1, 0, 1, 1]",41.34,53.94,81.12,34.41,3696545.0
MEDP,432.8,5,"[0, 0, 0, 0, 1, 1, 1, 0, 1, 1]",456.76,512.98,620.59,293.58,380355.0
EXEL,50.15,10,"[1, 1, 1, 1, 1, 1, 1, 1, 1, 1]",45.16,42.25,51.29,34.54,2800745.0
ALGN,163.61,6,"[0, 0, 1, 1, 1, 0, 1, 1, 1, 0]",174.22,157.49,207.19,124.88,1051020.0
BLD,407.97,5,"[1, 0, 0, 0, 1, 1, 1, 0, 1, 0]",399.19,430.14,550.9,279.22,814875.0
WLK,88.6,6,"[0, 0, 1, 1, 1, 1, 1, 0, 1, 0]",108.67,87.6,123.39,55.61,1223450.0
SAIA,456.23,10,"[1, 1, 1, 1, 1, 1, 1, 1, 1, 1]",402.36,344.55,466.47,250.48,409635.0
MP,64.46,7,"[1, 1, 1, 0, 0, 1, 1, 0, 1, 1]",59.12,63.06,98.65,18.77,6997790.0
VIAV,49.51,10,"[1, 1, 1, 1, 1, 1, 1, 1, 1, 1]",43.06,24.03,55.33,9.09,7192830.0
AAOI,181.49,10,"[1, 1, 1, 1, 1, 1, 1, 1, 1, 1]",141.67,62.96,223.1,15.42,11748230.0
PINS,19.29,1,"[0, 0, 0, 0, 0, 0, 0, 0, 1, 0]",19.33,25.99,39.17,15.42,19910685.0
AIZ,254.82,10,"[1, 1, 1, 1, 1, 1, 1, 1, 1, 1]",229.57,223.69,258.17,182.42,490140.0
WBS,71.8,10,"[1, 1, 1, 1, 1, 1, 1, 1, 1, 1]",70.71,63.93,73.42,49.51,3055270.0
ELAN,21.73,5,"[0, 0, 0, 0, 1, 1, 1, 1, 1, 0]",22.99,22.06,26.84,12.66,7163960.0
GLXY,28.65,7,"[1, 1, 1, 0, 0, 1, 1, 0, 1, 1]",24.69,27.32,42.86,16.84,5188985.0
APLD,45.87,10,"[1, 1, 1, 1, 1, 1, 1, 1, 1, 1]",32.74,28.57,48.02,6.83,22895135.0
MDGL,517.26,10,"[1, 1, 1, 1, 1, 1, 1, 1, 1, 1]",507.34,484.51,602.83,267.56,283050.0
VICR,267.99,9,"[1, 1, 1, 1, 1, 1, 1, 1, 1, 0]",221.89,131.35,312.96,41.67,883575.0
COKE,175.53,8,"[0, 1, 1, 1, 1, 1, 1, 1, 1, 0]",191.56,157.31,216.63,104.97,707350.0
LFUS,460.48,8,"[1, 1, 1, 1, 1, 1, 0, 0, 1, 1]",388.98,304.11,,,395095.0
FORM,128.99,9,"[1, 1, 1, 1, 1, 1, 1, 1, 1, 0]",122.22,72.54,155.08,27.62,2379555.0
AAON,134.6,10,"[1, 1, 1, 1, 1, 1, 1, 1, 1, 1]",99.42,92.71,141.7,71.53,1471650.0
TFII,148.06,10,"[1, 1, 1, 1, 1, 1, 1, 1, 1, 1]",125.62,105.79,148.06,80.35,360530.0
AIT,307.1,10,"[1, 1, 1, 1, 1, 1, 1, 1, 1, 1]",286.76,269.01,315.21,221.26,268810.0
SMTC,156.78,10,"[1, 1, 1, 1, 1, 1, 1, 1, 1, 1]",101.96,79.16,156.78,35.76,2875105.0
WULF,22.82,10,"[1, 1, 1, 1, 1, 1, 1, 1, 1, 1]",19.39,14.44,25.74,3.53,28047285.0
POWL,279.22,10,"[1, 1, 1, 1, 1, 1, 1, 1, 1, 1]",236.26,150.67,321.94,56.38,765055.0
TIMB,22.37,6,"[0, 0, 0, 1, 1, 1, 1, 1, 1, 0]",25.27,23.06,27.96,16.76,419620.0
AXSM,235.97,10,"[1, 1, 1, 1, 1, 1, 1, 1, 1, 1]",190.0,156.71,235.97,100.39,927780.0
WMS,133.0,4,"[0, 0, 0, 0, 1, 1, 0, 1, 1, 0]",142.45,147.0,175.2,106.85,818845.0
HMY,16.76,5,"[1, 0, 0, 0, 1, 1, 1, 0, 1, 0]",15.99,17.75,25.55,12.37,4685745.0
HUT,105.9,10,"[1, 1, 1, 1, 1, 1, 1, 1, 1, 1]",73.05,51.02,109.37,15.21,5202875.0
IAG,16.52,6,"[0, 0, 1, 1, 1, 1, 1, 0, 1, 0]",18.02,15.77,24.57,6.73,6196310.0
CGNX,66.09,10,"[1, 1, 1, 1, 1, 1, 1, 1, 1, 1]",55.44,46.11,67.17,29.41,2831310.0
KTOS,56.18,4,"[0, 0, 0, 0, 1, 1, 1, 0, 1, 0]",68.36,80.7,130.72,36.01,4221275.0
JEF,51.98,5,"[1, 0, 0, 0, 0, 0, 1, 1, 1, 1]",45.61,54.43,68.8,35.74,2251460.0
AG,19.45,7,"[0, 1, 1, 1, 1, 1, 1, 0, 1, 0]",20.73,17.18,31.98,5.88,13636505.0
EMBJ,57.58,3,"[0, 0, 0, 0, 1, 1, 0, 0, 1, 0]",61.57,63.64,79.88,45.95,1970410.0
ESI,40.75,10,"[1, 1, 1, 1, 1, 1, 1, 1, 1, 1]",38.04,30.02,45.06,20.83,3467475.0
JOBY,10.92,4,"[1, 0, 0, 0, 0, 0, 1, 0, 1, 1]",9.3,12.96,20.39,6.63,33603415.0
MUSA,542.74,10,"[1, 1, 1, 1, 1, 1, 1, 1, 1, 1]",522.11,425.2,603.83,355.19,334105.0
BTSG,58.5,10,"[1, 1, 1, 1, 1, 1, 1, 1, 1, 1]",48.13,37.07,58.59,19.36,3153415.0
GSAT,83.0,10,"[1, 1, 1, 1, 1, 1, 1, 1, 1, 1]",75.04,56.88,83.0,18.26,1224650.0
GMED,84.81,7,"[0, 0, 1, 1, 1, 1, 1, 1, 1, 0]",87.46,79.15,96.82,51.89,1865565.0
BEP,35.52,10,"[1, 1, 1, 1, 1, 1, 1, 1, 1, 1]",33.33,29.14,35.52,22.91,1101345.0
KNX,70.12,10,"[1, 1, 1, 1, 1, 1, 1, 1, 1, 1]",61.46,52.13,71.0,38.68,4672470.0
ALSN,109.87,8,"[0, 1, 1, 1, 1, 1, 1, 1, 1, 0]",121.49,101.89,135.66,78.62,1001285.0
SNAP,5.72,4,"[1, 0, 0, 0, 0, 0, 1, 0, 1, 1]",5.31,6.79,10.35,3.93,43039805.0
ARWR,74.95,10,"[1, 1, 1, 1, 1, 1, 1, 1, 1, 1]",68.11,53.11,79.69,14.71,1700295.0
WTFC,149.89,9,"[1, 1, 1, 1, 1, 1, 0, 1, 1, 1]",143.47,138.37,160.74,115.5,408875.0
AES,14.68,10,"[1, 1, 1, 1, 1, 1, 1, 1, 1, 1]",14.23,13.9,17.07,9.23,12567500.0
SPXC,207.8,7,"[1, 0, 1, 0, 1, 1, 1, 1, 1, 0]",207.24,205.54,243.04,149.77,598350.0
VFS,3.57,6,"[0, 1, 1, 1, 1, 1, 0, 0, 1, 0]",3.87,3.47,4.76,2.81,533880.0
AHR,50.19,10,"[1, 1, 1, 1, 1, 1, 1, 1, 1, 1]",49.62,46.78,52.91,33.53,2538355.0
DAR,58.6,8,"[0, 1, 1, 1, 1, 1, 1, 1, 1, 0]",60.6,43.34,64.84,29.74,2599340.0
FCFS,227.59,10,"[1, 1, 1, 1, 1, 1, 1, 1, 1, 1]",208.01,172.16,232.57,118.91,337960.0
UMBF,131.21,10,"[1, 1, 1, 1, 1, 1, 1, 1, 1, 1]",121.0,118.11,133.95,97.66,805205.0
ARW,217.33,10,"[1, 1, 1, 1, 1, 1, 1, 1, 1, 1]",172.8,135.83,217.33,101.87,829180.0
MOG-A,318.94,10,"[1, 1, 1, 1, 1, 1, 1, 1, 1, 1]",306.18,257.68,349.26,173.2,226420.0
HBM,24.39,10,"[1, 1, 1, 1, 1, 1, 1, 1, 1, 1]",22.99,19.36,28.32,8.81,5374755.0
GTLS,207.96,10,"[1, 1, 1, 1, 1, 1, 1, 1, 1, 1]",207.51,204.25,208.4,142.58,1069395.0
MGM,38.4,8,"[1, 1, 1, 1, 1, 1, 0, 1, 1, 0]",37.63,35.64,40.55,30.72,5142950.0
VMI,513.43,10,"[1, 1, 1, 1, 1, 1, 1, 1, 1, 1]",453.37,420.87,522.81,310.13,199020.0
ABVX,121.99,10,"[1, 1, 1, 1, 1, 1, 1, 1, 1, 1]",117.73,108.09,145.31,5.67,947490.0
CTRE,41.14,10,"[1, 1, 1, 1, 1, 1, 1, 1, 1, 1]",39.15,36.46,42.44,26.98,2358975.0
MOH,184.14,8,"[1, 1, 1, 1, 0, 1, 1, 0, 1, 1]",162.77,166.08,307.77,122.65,1050415.0
BPOP,150.5,10,"[1, 1, 1, 1, 1, 1, 1, 1, 1, 1]",142.53,128.26,150.74,99.97,453360.0
SNEX,112.12,10,"[1, 1, 1, 1, 1, 1, 1, 1, 1, 1]",96.74,74.87,121.92,54.63,660305.0
CYTK,76.94,10,"[1, 1, 1, 1, 1, 1, 1, 1, 1, 1]",67.43,60.54,78.77,30.28,3741710.0
VSAT,74.56,10,"[1, 1, 1, 1, 1, 1, 1, 1, 1, 1]",59.37,42.29,75.27,8.73,1815450.0
ICLR,116.78,4,"[1, 0, 0, 0, 0, 0, 1, 0, 1, 1]",110.7,152.51,202.92,80.08,1212285.0
AGX,656.35,10,"[1, 1, 1, 1, 1, 1, 1, 1, 1, 1]",601.56,389.65,740.91,201.37,278400.0
CAMT,167.37,8,"[0, 1, 1, 1, 1, 1, 1, 1, 1, 0]",174.3,132.01,207.46,64.99,526015.0
SBSW,11.44,4,"[0, 0, 0, 0, 1, 1, 1, 0, 1, 0]",12.43,12.37,20.52,5.86,4552500.0
MASI,178.81,10,"[1, 1, 1, 1, 1, 1, 1, 1, 1, 1]",178.17,154.25,178.81,127.4,885545.0
ELPC,11.73,8,"[0, 1, 1, 1, 1, 1, 1, 1, 1, 0]",12.24,10.11,13.39,7.32,338165.0
TTC,90.8,8,"[0, 1, 1, 1, 1, 1, 1, 1, 1, 0]",93.74,84.08,101.33,66.03,686390.0
R,244.0,9,"[1, 1, 1, 1, 1, 1, 1, 1, 1, 0]",221.17,195.31,252.77,143.56,426030.0
CAVA,80.42,7,"[0, 1, 1, 1, 1, 0, 1, 1, 1, 0]",85.39,68.86,97.39,43.59,3462105.0
PRAX,343.56,9,"[1, 1, 1, 1, 1, 1, 1, 1, 1, 0]",322.26,223.84,350.56,36.1,393845.0
ZION,62.12,10,"[1, 1, 1, 1, 1, 1, 1, 1, 1, 1]",59.45,56.58,64.33,45.12,1379680.0
SIRI,28.89,10,"[1, 1, 1, 1, 1, 1, 1, 1, 1, 1]",24.85,22.12,28.99,19.47,4753030.0
RIOT,24.49,10,"[1, 1, 1, 1, 1, 1, 1, 1, 1, 1]",17.99,16.52,25.34,8.07,18975505.0
FLS,69.61,7,"[0, 0, 1, 1, 1, 1, 1, 1, 1, 0]",75.31,68.82,91.76,45.36,3221495.0
ALGM,45.95,10,"[1, 1, 1, 1, 1, 1, 1, 1, 1, 1]",39.42,32.99,51.37,22.8,2735145.0
GDS,35.02,5,"[0, 0, 0, 1, 1, 1, 1, 0, 1, 0]",42.31,38.75,47.52,23.69,2169745.0
KRYS,299.45,10,"[1, 1, 1, 1, 1, 1, 1, 1, 1, 1]",272.96,229.17,316.3,123.36,311685.0
EGO,31.34,4,"[0, 0, 0, 0, 1, 1, 1, 0, 1, 0]",33.42,32.94,49.63,19.72,3713520.0
GGB,4.75,10,"[1, 1, 1, 1, 1, 1, 1, 1, 1, 1]",4.12,3.67,4.89,2.58,18146720.0
MXL,99.16,10,"[1, 1, 1, 1, 1, 1, 1, 1, 1, 1]",46.9,24.33,102.27,11.39,6319620.0
IBRX,7.22,7,"[0, 1, 1, 1, 1, 1, 1, 0, 1, 0]",7.73,4.7,11.55,1.98,13624950.0
AAL,13.85,9,"[1, 1, 1, 0, 1, 1, 1, 1, 1, 1]",11.71,13.0,16.26,10.18,57882090.0
DDS,561.8,5,"[0, 0, 0, 0, 1, 1, 1, 1, 1, 0]",573.82,591.84,699.91,374.62,112495.0
FRO,37.12,10,"[1, 1, 1, 1, 1, 1, 1, 1, 1, 1]",35.62,27.06,39.51,15.91,2464090.0
CRUS,171.17,9,"[1, 1, 1, 1, 1, 1, 1, 1, 1, 0]",157.22,132.77,174.23,97.25,684720.0
BVN,33.46,9,"[0, 1, 1, 1, 1, 1, 1, 1, 1, 1]",33.93,28.5,42.44,14.31,1342890.0
W,67.07,4,"[0, 0, 0, 0, 1, 1, 1, 0, 1, 0]",71.33,86.79,119.05,36.2,5181190.0
LUMN,9.41,9,"[1, 1, 1, 0, 1, 1, 1, 1, 1, 1]",8.12,7.51,11.83,3.7,13856000.0
LLYVK,98.25,9,"[1, 1, 1, 1, 0, 1, 1, 1, 1, 1]",95.6,90.97,101.9,72.66,302725.0
LLYVA,95.93,9,"[1, 1, 1, 1, 0, 1, 1, 1, 1, 1]",93.17,88.53,98.96,71.86,265525.0
LEVI,22.02,8,"[1, 1, 1, 1, 0, 1, 1, 1, 1, 0]",20.89,21.12,24.19,16.29,2942845.0
COLB,29.73,10,"[1, 1, 1, 1, 1, 1, 1, 1, 1, 1]",28.55,27.44,32.03,21.16,2667960.0
OSK,128.51,5,"[0, 0, 0, 1, 1, 1, 1, 0, 1, 0]",143.95,140.73,177.94,96.66,879435.0
MTCH,35.8,7,"[1, 1, 1, 1, 0, 1, 0, 1, 1, 0]",34.05,33.33,38.67,28.53,3845830.0
FR,63.28,10,"[1, 1, 1, 1, 1, 1, 1, 1, 1, 1]",60.74,56.4,64.4,46.4,868490.0
CRL,160.3,3,"[0, 0, 0, 0, 1, 1, 0, 0, 1, 0]",167.76,175.87,226.77,135.04,906040.0
FROG,73.99,9,"[1, 1, 1, 0, 1, 1, 1, 1, 1, 1]",51.24,52.14,73.99,34.75,2926190.0
ZWS,48.0,9,"[1, 1, 1, 1, 1, 1, 1, 1, 1, 0]",47.89,47.19,52.67,34.9,888275.0
SIMO,276.14,10,"[1, 1, 1, 1, 1, 1, 1, 1, 1, 1]",170.86,116.59,276.14,60.1,1381135.0
ENS,232.24,10,"[1, 1, 1, 1, 1, 1, 1, 1, 1, 1]",198.63,152.54,239.63,79.56,422530.0
PRMB,23.49,7,"[1, 1, 1, 1, 0, 0, 1, 0, 1, 1]",20.42,20.08,32.43,14.28,4460760.0
EMN,74.12,10,"[1, 1, 1, 1, 1, 1, 1, 1, 1, 1]",72.62,66.76,80.39,54.98,1275065.0
CIFR,21.97,10,"[1, 1, 1, 1, 1, 1, 1, 1, 1, 1]",17.35,15.53,24.71,3.12,25912960.0
QBTS,29.4,8,"[1, 1, 1, 0, 1, 1, 1, 0, 1, 1]",18.59,22.98,44.78,12.98,36174625.0
ECG,148.65,10,"[1, 1, 1, 1, 1, 1, 1, 1, 1, 1]",135.31,101.23,169.16,56.7,722605.0
NUVL,102.12,6,"[0, 0, 1, 0, 1, 1, 1, 1, 1, 0]",102.15,96.62,111.99,71.43,490430.0
FIGR,33.95,4,"[0, 0, 0, 0, 1, 0, 1, 0, 1, 1]",35.15,33.95,73.91,25.28,3981775.0
ICL,6.46,8,"[1, 1, 1, 1, 0, 0, 1, 1, 1, 1]",5.57,5.68,7.25,4.76,1439190.0
TKR,119.95,10,"[1, 1, 1, 1, 1, 1, 1, 1, 1, 1]",106.5,90.06,119.95,67.41,1124020.0
SSL,13.36,10,"[1, 1, 1, 1, 1, 1, 1, 1, 1, 1]",12.89,8.31,14.29,4.39,1489685.0
KRMN,64.1,4,"[0, 0, 0, 0, 1, 1, 1, 0, 1, 0]",79.36,77.29,115.29,41.85,2085060.0
BOKF,130.75,9,"[1, 1, 1, 1, 1, 1, 1, 1, 1, 0]",129.99,119.16,137.45,90.0,263785.0
NXE,10.66,7,"[0, 0, 1, 1, 1, 1, 1, 1, 1, 0]",11.83,10.14,13.92,6.02,6070585.0
NE,52.0,10,"[1, 1, 1, 1, 1, 1, 1, 1, 1, 1]",49.69,36.16,54.37,22.06,1655285.0
AMG,301.96,10,"[1, 1, 1, 1, 1, 1, 1, 1, 1, 1]",288.92,272.48,330.73,173.94,308315.0
IDA,142.0,7,"[0, 1, 1, 1, 1, 1, 0, 1, 1, 0]",142.91,132.67,147.93,109.86,546200.0
JHG,51.81,10,"[1, 1, 1, 1, 1, 1, 1, 1, 1, 1]",51.49,47.06,53.21,35.33,2479880.0
VIRT,52.47,10,"[1, 1, 1, 1, 1, 1, 1, 1, 1, 1]",48.06,39.32,55.08,31.98,1398860.0
MSGS,353.87,10,"[1, 1, 1, 1, 1, 1, 1, 1, 1, 1]",330.91,265.07,353.87,186.85,246085.0
ROAD,112.86,4,"[0, 0, 0, 1, 0, 1, 0, 1, 1, 0]",117.94,117.83,140.48,93.43,585595.0
CMC,71.9,9,"[1, 1, 1, 0, 1, 1, 1, 1, 1, 1]",66.1,65.23,82.94,45.57,891855.0
JXN,106.95,8,"[0, 1, 1, 1, 1, 1, 1, 1, 1, 0]",108.14,103.62,121.16,78.18,593885.0
ESE,295.62,8,"[0, 1, 1, 1, 1, 1, 1, 1, 1, 0]",299.28,239.71,339.35,178.14,298240.0
GKOS,120.23,8,"[0, 1, 1, 1, 1, 1, 1, 1, 1, 0]",121.51,105.29,144.01,74.67,1008840.0
CWEN,38.97,8,"[0, 1, 1, 1, 1, 1, 1, 1, 1, 0]",39.0,34.31,41.07,27.21,1147740.0
CIG,2.21,7,"[0, 1, 1, 1, 1, 1, 0, 1, 1, 0]",2.38,2.09,2.67,1.71,5431055.0
MBLY,10.18,5,"[1, 1, 0, 0, 0, 0, 1, 0, 1, 1]",8.27,11.03,19.08,6.56,6294590.0
KNTK,50.53,10,"[1, 1, 1, 1, 1, 1, 1, 1, 1, 1]",47.48,40.23,51.27,30.53,1133015.0
CHRD,143.98,10,"[1, 1, 1, 1, 1, 1, 1, 1, 1, 1]",137.15,106.2,148.35,82.2,783600.0
MIDD,148.09,9,"[1, 1, 1, 0, 1, 1, 1, 1, 1, 1]",141.68,140.28,168.86,111.68,662685.0
PCVX,47.3,6,"[0, 0, 0, 1, 1, 1, 1, 1, 1, 0]",56.44,47.46,63.04,29.67,1711025.0
KEX,143.34,9,"[1, 1, 1, 1, 1, 1, 1, 1, 1, 0]",141.05,115.33,152.59,79.95,673795.0
HALO,68.32,6,"[1, 0, 0, 0, 0, 1, 1, 1, 1, 1]",65.75,69.12,81.23,52.02,1769350.0
YOU,60.06,10,"[1, 1, 1, 1, 1, 1, 1, 1, 1, 1]",53.58,39.71,62.01,23.52,1513000.0
ORA,133.46,10,"[1, 1, 1, 1, 1, 1, 1, 1, 1, 1]",115.95,109.48,135.33,71.22,1032500.0
VLY,13.55,10,"[1, 1, 1, 1, 1, 1, 1, 1, 1, 1]",12.91,11.63,13.77,8.18,5043375.0
VFC,16.7,6,"[0, 0, 0, 1, 1, 1, 1, 1, 1, 0]",17.95,16.93,21.55,11.27,8604605.0
WFRD,108.79,10,"[1, 1, 1, 1, 1, 1, 1, 1, 1, 1]",100.86,82.65,111.42,43.03,1099455.0
CORZ,25.26,10,"[1, 1, 1, 1, 1, 1, 1, 1, 1, 1]",19.59,17.51,25.26,10.65,15908805.0
CWAN,24.32,10,"[1, 1, 1, 1, 1, 1, 1, 1, 1, 1]",23.97,21.8,24.75,15.89,2943060.0
TEX,57.76,8,"[0, 1, 1, 1, 1, 1, 1, 1, 1, 0]",60.51,55.95,69.33,41.67,1293950.0
SOBO,38.18,10,"[1, 1, 1, 1, 1, 1, 1, 1, 1, 1]",33.97,29.22,38.18,24.88,813140.0
FAF,68.2,9,"[1, 1, 1, 1, 1, 1, 1, 1, 1, 0]",65.07,63.67,71.12,52.27,804400.0
IDCC,260.98,3,"[0, 0, 0, 0, 1, 1, 0, 0, 1, 0]",317.76,330.56,394.78,209.53,392380.0
OR,35.6,5,"[0, 0, 0, 1, 1, 1, 1, 0, 1, 0]",38.04,37.26,47.66,24.77,808225.0
HXL,86.19,9,"[1, 1, 1, 1, 1, 1, 1, 1, 1, 0]",86.08,76.26,96.48,50.93,974590.0
OGC,28.95,6,"[0, 0, 1, 1, 1, 1, 1, 0, 1, 0]",31.82,27.99,42.39,13.01,356895.0
SLAB,217.5,10,"[1, 1, 1, 1, 1, 1, 1, 1, 1, 1]",212.41,163.14,218.27,116.08,434005.0
RIG,6.81,10,"[1, 1, 1, 1, 1, 1, 1, 1, 1, 1]",6.56,4.77,7.58,2.49,38712530.0
PLXS,265.72,10,"[1, 1, 1, 1, 1, 1, 1, 1, 1, 1]",232.87,176.13,271.78,118.29,328815.0
GGAL,43.55,5,"[1, 0, 0, 0, 1, 0, 1, 0, 1, 1]",43.48,44.01,59.64,25.39,1108545.0
SSRM,29.72,8,"[0, 1, 1, 1, 1, 1, 1, 1, 1, 0]",30.09,24.81,35.74,11.46,3195920.0
LTH,32.07,9,"[1, 1, 1, 1, 0, 1, 1, 1, 1, 1]",28.58,27.55,33.79,24.59,3838350.0
KYMR,78.89,8,"[0, 1, 1, 1, 1, 1, 1, 1, 1, 0]",83.2,70.06,95.03,28.14,523555.0
SM,33.77,9,"[1, 1, 1, 1, 0, 1, 1, 1, 1, 1]",30.0,23.81,34.81,17.42,4278030.0
LEA,139.8,10,"[1, 1, 1, 1, 1, 1, 1, 1, 1, 1]",125.96,115.1,140.07,84.94,618595.0
HR,20.36,10,"[1, 1, 1, 1, 1, 1, 1, 1, 1, 1]",18.39,17.42,20.47,13.45,4814255.0
RHP,111.96,10,"[1, 1, 1, 1, 1, 1, 1, 1, 1, 1]",100.28,94.55,112.41,83.73,751125.0
NOV,20.81,10,"[1, 1, 1, 1, 1, 1, 1, 1, 1, 1]",19.67,16.51,21.17,11.55,4831750.0
DBX,27.43,6,"[1, 1, 1, 0, 0, 0, 0, 1, 1, 1]",24.65,27.27,32.17,22.06,4116710.0
TFPM,30.74,4,"[0, 0, 0, 0, 1, 1, 1, 0, 1, 0]",33.7,32.48,41.3,21.48,612095.0
AUGO,72.58,6,"[0, 1, 1, 1, 1, 0, 1, 0, 1, 0]",82.96,55.22,108.01,22.81,709785.0
MTDR,56.64,8,"[0, 1, 1, 1, 1, 1, 1, 1, 1, 0]",59.49,48.13,65.01,36.31,1734885.0
MYRG,446.9,10,"[1, 1, 1, 1, 1, 1, 1, 1, 1, 1]",350.83,254.09,473.07,156.85,328790.0
AVT,85.91,10,"[1, 1, 1, 1, 1, 1, 1, 1, 1, 1]",72.57,57.82,86.67,43.81,1450890.0
LGN,81.58,7,"[1, 1, 0, 1, 0, 0, 1, 1, 1, 1]",72.43,81.58,102.27,29.72,1633135.0
BRKR,45.69,9,"[1, 1, 1, 0, 1, 1, 1, 1, 1, 1]",38.46,39.76,54.38,29.23,2347240.0
SGHC,13.51,9,"[1, 1, 1, 1, 0, 1, 1, 1, 1, 1]",11.83,11.49,14.02,8.34,4051570.0
STEP,53.74,3,"[1, 0, 0, 0, 0, 0, 0, 0, 1, 1]",50.96,58.95,75.82,43.14,866930.0
UGP,5.69,9,"[1, 1, 1, 1, 1, 1, 1, 1, 1, 0]",5.69,4.51,6.11,2.83,3171545.0
VAL,101.17,10,"[1, 1, 1, 1, 1, 1, 1, 1, 1, 1]",97.64,68.42,113.42,36.28,984185.0
BLSH,35.18,3,"[0, 0, 0, 0, 1, 0, 1, 0, 1, 0]",39.03,35.18,74.63,24.9,1421750.0
TGTX,38.87,10,"[1, 1, 1, 1, 1, 1, 1, 1, 1, 1]",35.41,32.26,43.14,26.39,2238575.0
MIRM,98.62,10,"[1, 1, 1, 1, 1, 1, 1, 1, 1, 1]",96.57,83.53,111.39,43.73,1283205.0
ST,48.59,10,"[1, 1, 1, 1, 1, 1, 1, 1, 1, 1]",40.06,34.62,48.93,24.85,2443680.0
NPO,308.25,10,"[1, 1, 1, 1, 1, 1, 1, 1, 1, 1]",279.05,242.5,323.3,174.59,243960.0
PAYC,137.8,3,"[1, 0, 0, 0, 0, 0, 0, 0, 1, 1]",127.3,162.96,263.95,113.59,996865.0
SYRE,74.05,10,"[1, 1, 1, 1, 1, 1, 1, 1, 1, 1]",61.52,35.45,76.43,14.68,1135725.0
SWX,89.91,10,"[1, 1, 1, 1, 1, 1, 1, 1, 1, 1]",88.86,82.08,93.37,68.73,489565.0
COMP,8.4,6,"[1, 0, 0, 0, 1, 1, 1, 0, 1, 1]",7.79,9.24,13.58,5.82,13977905.0
AROC,37.25,10,"[1, 1, 1, 1, 1, 1, 1, 1, 1, 1]",36.44,28.86,39.59,21.54,1769720.0
AXTI,140.83,10,"[1, 1, 1, 1, 1, 1, 1, 1, 1, 1]",79.52,30.04,140.83,1.46,10680355.0
RSI,27.06,9,"[1, 1, 1, 1, 0, 1, 1, 1, 1, 1]",24.07,20.37,29.17,11.83,2451010.0
RYTM,87.84,5,"[1, 0, 0, 0, 0, 1, 1, 0, 1, 1]",87.07,98.66,117.62,59.18,787175.0
HIMS,23.75,2,"[0, 0, 0, 0, 0, 0, 1, 0, 1, 0]",24.25,34.94,66.18,14.52,23650115.0
PTGX,99.19,8,"[0, 1, 1, 1, 1, 1, 1, 1, 1, 0]",101.25,83.24,105.98,45.66,563945.0
ACA,120.75,10,"[1, 1, 1, 1, 1, 1, 1, 1, 1, 1]",115.17,107.17,131.39,83.54,309050.0
FNB,17.53,10,"[1, 1, 1, 1, 1, 1, 1, 1, 1, 1]",17.22,16.68,18.79,13.33,4527910.0
FLY,49.5,8,"[1, 1, 1, 1, 0, 0, 1, 1, 1, 1]",34.62,30.43,60.35,16.78,6422365.0
CELC,138.23,10,"[1, 1, 1, 1, 1, 1, 1, 1, 1, 1]",121.95,92.83,144.98,10.44,1234625.0
ENIC,4.22,9,"[1, 1, 1, 1, 1, 1, 1, 1, 1, 0]",4.17,3.87,4.54,3.01,603870.0
INGM,26.64,9,"[1, 1, 1, 1, 1, 1, 1, 1, 1, 0]",26.19,22.35,30.76,18.49,1804905.0
LUNR,38.26,10,"[1, 1, 1, 1, 1, 1, 1, 1, 1, 1]",25.25,16.2,38.26,8.05,12307700.0
RGTI,26.42,7,"[1, 1, 1, 0, 0, 1, 1, 0, 1, 1]",16.92,23.11,56.34,10.79,42171070.0
CLF,11.23,5,"[1, 0, 0, 0, 0, 1, 1, 0, 1, 1]",9.54,11.46,16.18,5.83,16425425.0
CE,52.39,8,"[0, 1, 1, 1, 1, 1, 1, 1, 1, 0]",61.82,49.0,69.24,35.49,2159165.0
APGE,81.16,8,"[0, 1, 1, 1, 1, 1, 1, 1, 1, 0]",82.03,65.1,92.2,34.65,640245.0
LSTR,194.01,10,"[1, 1, 1, 1, 1, 1, 1, 1, 1, 1]",170.07,144.95,194.01,118.1,541740.0
GVA,129.95,10,"[1, 1, 1, 1, 1, 1, 1, 1, 1, 1]",127.68,117.06,143.13,87.62,797625.0
VIST,75.41,10,"[1, 1, 1, 1, 1, 1, 1, 1, 1, 1]",70.34,52.55,79.25,33.7,1340835.0
KGS,73.71,10,"[1, 1, 1, 1, 1, 1, 1, 1, 1, 1]",64.08,44.47,75.89,29.75,2247305.0
CNTA,39.75,10,"[1, 1, 1, 1, 1, 1, 1, 1, 1, 1]",36.8,26.92,39.86,11.86,1236410.0
URBN,73.01,5,"[1, 1, 1, 0, 0, 0, 0, 1, 1, 0]",68.01,70.38,82.7,59.57,1346485.0
PTCT,68.81,7,"[0, 0, 1, 0, 1, 1, 1, 1, 1, 1]",68.99,68.12,86.25,43.3,1583115.0
ETSY,62.38,8,"[1, 1, 1, 1, 0, 1, 1, 1, 1, 0]",57.71,58.86,75.56,44.05,3449555.0
LNTH,103.0,10,"[1, 1, 1, 1, 1, 1, 1, 1, 1, 1]",83.95,66.77,103.0,50.11,1117295.0
VNO,31.98,5,"[1, 1, 0, 0, 0, 0, 0, 1, 1, 1]",28.48,33.24,42.04,24.71,1798625.0
REZI,28.76,3,"[0, 0, 0, 0, 0, 1, 1, 0, 1, 0]",36.0,36.31,44.5,19.89,1557940.0
OUT,33.6,10,"[1, 1, 1, 1, 1, 1, 1, 1, 1, 1]",29.59,23.5,33.9,14.81,1709895.0
FLG,13.85,9,"[1, 1, 1, 1, 1, 1, 1, 1, 1, 0]",13.63,12.71,14.81,10.58,3993610.0
EAT,137.41,3,"[0, 0, 0, 1, 0, 0, 1, 0, 1, 0]",143.78,143.58,184.02,102.29,1415795.0
GXO,47.47,2,"[0, 0, 0, 0, 1, 0, 0, 0, 1, 0]",52.82,54.0,65.59,39.63,1679620.0
COGT,32.67,7,"[0, 0, 1, 1, 1, 1, 1, 1, 1, 0]",35.4,29.16,42.11,4.82,1595190.0
IBP,214.22,4,"[0, 0, 0, 0, 1, 1, 1, 0, 1, 0]",265.87,271.07,341.42,152.79,570475.0
ABCB,84.69,9,"[1, 1, 1, 1, 1, 1, 1, 1, 1, 0]",81.68,77.03,87.26,59.09,378720.0
TFX,132.75,8,"[1, 1, 1, 1, 0, 1, 1, 1, 1, 0]",122.64,118.99,138.45,99.79,782900.0
IMVT,34.15,10,"[1, 1, 1, 1, 1, 1, 1, 1, 1, 1]",26.93,23.14,35.56,14.1,2479060.0
CGON,64.25,8,"[0, 1, 1, 1, 1, 1, 1, 1, 1, 0]",67.3,48.96,74.0,23.94,856505.0
USAR,25.3,9,"[1, 1, 1, 1, 1, 1, 1, 0, 1, 1]",20.69,19.05,38.68,8.07,18331020.0
NSA,42.71,9,"[1, 1, 1, 1, 1, 1, 1, 1, 1, 0]",40.87,32.75,43.86,27.02,994175.0
ALKS,36.8,10,"[1, 1, 1, 1, 1, 1, 1, 1, 1, 1]",33.47,30.9,38.91,26.13,2150255.0
CENX,65.05,10,"[1, 1, 1, 1, 1, 1, 1, 1, 1, 1]",59.39,41.32,67.94,15.49,1536805.0
MSM,106.5,10,"[1, 1, 1, 1, 1, 1, 1, 1, 1, 1]",97.06,89.16,107.32,75.65,739040.0
SRRK,48.13,10,"[1, 1, 1, 1, 1, 1, 1, 1, 1, 1]",46.99,40.89,51.28,27.92,1227305.0
BLCO,15.92,6,"[0, 0, 0, 0, 1, 1, 1, 1, 1, 1]",16.14,16.05,18.6,11.29,519095.0
PIPR,80.68,4,"[0, 0, 0, 0, 0, 1, 1, 1, 1, 0]",80.7,82.31,92.74,60.77,660170.0
BKH,74.29,10,"[1, 1, 1, 1, 1, 1, 1, 1, 1, 1]",72.39,67.36,76.1,53.49,860710.0
KMX,40.33,3,"[0, 0, 0, 0, 0, 0, 1, 0, 1, 1]",40.45,44.5,71.57,30.88,2626120.0
MAC,22.17,10,"[1, 1, 1, 1, 1, 1, 1, 1, 1, 1]",20.76,18.55,22.43,14.33,3712080.0
CZR,28.47,8,"[1, 1, 1, 1, 0, 0, 1, 1, 1, 1]",27.22,24.42,31.51,18.14,3993410.0
PRIM,117.55,5,"[0, 0, 0, 1, 1, 1, 1, 0, 1, 0]",145.2,136.15,202.92,70.88,2435180.0
GLNG,52.36,8,"[0, 1, 1, 1, 1, 1, 1, 1, 1, 0]",53.59,43.42,57.36,35.14,1664695.0
OSCR,22.64,9,"[1, 1, 1, 1, 0, 1, 1, 1, 1, 1]",16.74,16.53,25.3,10.85,8940800.0
S,18.71,7,"[1, 1, 1, 0, 0, 0, 1, 1, 1, 1]",14.65,15.6,20.08,11.94,7062730.0
CORT,60.22,6,"[1, 1, 1, 0, 0, 0, 1, 0, 1, 1]",45.35,59.6,90.32,32.15,1260100.0
RUSHA,68.89,8,"[0, 1, 1, 1, 1, 1, 1, 1, 1, 0]",69.3,60.37,76.0,46.26,429435.0
HWC,67.5,9,"[1, 1, 1, 1, 1, 1, 0, 1, 1, 1]",65.74,63.48,73.85,52.03,842205.0
CACC,544.8,9,"[1, 1, 1, 1, 0, 1, 1, 1, 1, 1]",490.94,480.17,557.94,411.04,149545.0
ZGN,13.3,10,"[1, 1, 1, 1, 1, 1, 1, 1, 1, 1]",11.49,10.29,13.38,7.71,784690.0
MATX,181.84,10,"[1, 1, 1, 1, 1, 1, 1, 1, 1, 1]",171.05,133.73,188.62,87.4,243630.0
MCY,101.03,10,"[1, 1, 1, 1, 1, 1, 1, 1, 1, 1]",94.2,87.19,102.93,58.81,240170.0
ALM,18.66,8,"[0, 1, 1, 1, 1, 1, 1, 1, 1, 0]",18.9,11.26,23.42,3.42,4311070.0
BGC,11.19,8,"[1, 1, 1, 1, 0, 1, 1, 1, 1, 0]",10.75,9.64,11.81,8.27,3218265.0
AUB,37.56,10,"[1, 1, 1, 1, 1, 1, 1, 1, 1, 1]",36.41,35.34,40.99,27.64,961920.0
GTX,33.29,10,"[1, 1, 1, 1, 1, 1, 1, 1, 1, 1]",22.36,17.65,33.29,9.59,3463890.0
MRCY,98.55,10,"[1, 1, 1, 1, 1, 1, 1, 1, 1, 1]",82.45,79.12,103.02,47.2,543260.0
VSEC,171.88,5,"[0, 0, 0, 0, 1, 1, 1, 1, 1, 0]",187.36,182.92,227.68,125.08,512230.0
TEO,11.86,10,"[1, 1, 1, 1, 1, 1, 1, 1, 1, 1]",11.7,10.77,13.63,6.52,391585.0
LBRT,31.84,9,"[1, 1, 1, 1, 1, 1, 1, 1, 1, 0]",30.66,20.89,33.93,9.94,3628455.0
XENE,54.17,8,"[0, 1, 1, 1, 1, 1, 1, 1, 1, 0]",56.13,45.06,62.76,28.49,990560.0
SNDR,33.4,10,"[1, 1, 1, 1, 1, 1, 1, 1, 1, 1]",28.63,25.94,33.6,20.09,1109850.0
KLIC,104.4,10,"[1, 1, 1, 1, 1, 1, 1, 1, 1, 1]",81.63,56.13,104.4,31.31,923395.0
SEI,74.27,10,"[1, 1, 1, 1, 1, 1, 1, 1, 1, 1]",66.7,50.59,78.58,24.71,2661655.0
GOLF,88.43,7,"[0, 0, 1, 1, 1, 1, 1, 1, 1, 0]",93.23,86.53,103.02,67.28,373120.0
BEPC,37.5,5,"[0, 0, 0, 0, 1, 1, 1, 1, 1, 0]",39.29,38.57,43.96,27.7,1820885.0
VCTR,85.91,10,"[1, 1, 1, 1, 1, 1, 1, 1, 1, 1]",74.37,68.43,87.93,59.31,501200.0
BC,80.96,10,"[1, 1, 1, 1, 1, 1, 1, 1, 1, 1]",76.22,72.06,88.28,48.55,644635.0
MUR,38.0,8,"[0, 1, 1, 1, 1, 1, 1, 1, 1, 0]",38.96,31.47,42.37,19.99,1679170.0
MGY,29.24,9,"[0, 1, 1, 1, 1, 1, 1, 1, 1, 1]",29.68,25.17,32.17,20.97,2361115.0
CRSP,50.36,3,"[0, 0, 0, 0, 0, 0, 1, 0, 1, 1]",51.02,55.74,76.78,36.29,1701165.0
PACS,37.75,10,"[1, 1, 1, 1, 1, 1, 1, 1, 1, 1]",34.58,26.9,42.13,7.71,947320.0
APLS,41.03,10,"[1, 1, 1, 1, 1, 1, 1, 1, 1, 1]",33.2,26.08,41.12,16.8,6965819.75
HASI,40.61,9,"[1, 1, 1, 1, 1, 1, 1, 1, 1, 0]",39.28,33.2,43.31,23.46,1084090.0
ATAT,33.84,4,"[0, 0, 0, 0, 1, 1, 0, 1, 1, 0]",37.09,37.97,42.89,30.35,1115875.0
CRC,62.04,8,"[0, 1, 1, 1, 1, 1, 1, 1, 1, 0]",64.63,53.67,70.13,40.76,866190.0
LEGN,29.37,6,"[1, 1, 1, 0, 0, 0, 1, 0, 1, 1]",22.4,26.06,44.32,16.65,2433075.0
PRM,31.1,10,"[1, 1, 1, 1, 1, 1, 1, 1, 1, 1]",27.54,25.29,34.0,11.73,1504885.0
IFS,49.05,10,"[1, 1, 1, 1, 1, 1, 1, 1, 1, 1]",46.2,42.43,50.55,33.25,258780.0
CROX,110.44,9,"[1, 1, 1, 1, 1, 0, 1, 1, 1, 1]",95.09,87.15,111.19,73.39,1191780.0
CAR,167.05,5,"[0, 1, 1, 1, 0, 0, 1, 0, 1, 0]",215.22,155.44,713.97,87.69,1839450.0
M,20.66,9,"[1, 1, 1, 0, 1, 1, 1, 1, 1, 1]",18.86,18.94,23.7,10.33,5267470.0
AVAL,4.23,7,"[0, 0, 1, 1, 1, 1, 1, 1, 1, 0]",4.36,4.01,5.21,2.67,256250.0
KNF,72.2,3,"[0, 0, 0, 1, 0, 1, 0, 0, 1, 0]",83.52,78.13,99.26,59.93,559695.0
DIOD,99.65,9,"[1, 1, 1, 1, 1, 1, 1, 1, 1, 0]",88.77,63.41,116.05,42.36,723545.0
SON,49.37,8,"[0, 1, 1, 1, 1, 1, 0, 1, 1, 1]",51.6,46.35,56.81,38.0,1327460.0
WSC,24.78,8,"[1, 1, 1, 1, 0, 0, 1, 1, 1, 1]",20.91,21.12,31.34,14.88,3278325.0
RELY,21.58,9,"[1, 1, 1, 1, 0, 1, 1, 1, 1, 1]",19.36,16.47,24.28,12.2,6128600.0
SXT,114.44,8,"[1, 1, 1, 1, 0, 1, 1, 1, 1, 0]",101.61,98.58,124.21,82.67,473180.0
ALH,24.77,6,"[1, 1, 0, 1, 0, 0, 0, 1, 1, 1]",23.27,24.77,26.93,19.06,725370.0
ACLS,156.94,10,"[1, 1, 1, 1, 1, 1, 1, 1, 1, 1]",123.15,95.02,171.0,56.34,710055.0
LB,78.63,10,"[1, 1, 1, 1, 1, 1, 1, 1, 1, 1]",69.61,60.6,85.27,44.13,366940.0
STVN,18.01,4,"[1, 0, 0, 0, 0, 0, 1, 0, 1, 1]",15.82,20.13,27.95,13.43,511985.0
BMA,75.95,7,"[1, 0, 1, 0, 1, 1, 1, 0, 1, 1]",73.45,73.16,102.31,38.23,297170.0
GBTG,9.44,8,"[1, 1, 1, 0, 0, 1, 1, 1, 1, 1]",6.79,7.24,9.48,4.97,7304310.0
TDS,39.3,5,"[0, 0, 0, 1, 1, 1, 0, 1, 1, 0]",43.76,41.38,47.55,33.01,1073045.0
NOVT,159.7,10,"[1, 1, 1, 1, 1, 1, 1, 1, 1, 1]",130.19,123.1,159.7,99.22,512970.0
MARA,13.81,6,"[1, 1, 1, 0, 0, 0, 1, 0, 1, 1]",10.74,12.7,22.84,6.73,43689140.0
ACHR,6.36,3,"[1, 0, 0, 0, 0, 0, 0, 0, 1, 1]",5.84,8.04,13.64,4.94,46200785.0
PSMT,164.65,10,"[1, 1, 1, 1, 1, 1, 1, 1, 1, 1]",155.15,133.89,165.98,100.47,239385.0
SYNA,143.69,10,"[1, 1, 1, 1, 1, 1, 1, 1, 1, 1]",91.28,78.51,143.69,58.52,1063755.0
OPEN,4.53,3,"[0, 0, 0, 0, 0, 1, 1, 0, 1, 0]",4.94,6.01,10.52,0.51,34823045.0
PBF,40.21,8,"[0, 1, 1, 1, 1, 1, 1, 1, 1, 0]",43.15,34.12,50.89,17.34,3214320.0
INDV,37.53,10,"[1, 1, 1, 1, 1, 1, 1, 1, 1, 1]",33.69,30.8,40.61,11.26,2508440.0
ENPH,64.03,10,"[1, 1, 1, 1, 1, 1, 1, 1, 1, 1]",38.98,37.03,64.03,26.12,9766185.0
KC,14.22,7,"[0, 1, 1, 1, 0, 1, 1, 1, 1, 0]",15.21,13.65,18.21,10.34,1395820.0
MIAX,51.42,7,"[1, 1, 0, 1, 0, 0, 1, 1, 1, 1]",45.07,51.42,56.84,30.74,1282185.0
TGS,29.07,7,"[0, 0, 1, 1, 1, 1, 1, 1, 1, 0]",31.6,28.93,35.32,20.12,405050.0
DNTH,86.48,9,"[1, 1, 1, 1, 1, 1, 1, 1, 1, 0]",86.01,51.93,95.76,16.86,494450.0
SPHR,129.37,9,"[1, 1, 1, 1, 1, 1, 1, 1, 1, 0]",126.95,90.29,144.73,37.0,764625.0
MDU,22.16,10,"[1, 1, 1, 1, 1, 1, 1, 1, 1, 1]",21.66,19.6,22.8,15.63,1986075.0
EBC,19.85,9,"[1, 1, 1, 1, 1, 1, 1, 1, 1, 0]",19.83,18.74,21.82,13.88,1790005.0
HRB,38.89,5,"[1, 1, 0, 0, 0, 0, 1, 0, 1, 1]",32.72,40.77,56.72,27.96,3070800.0
AIR,108.41,8,"[0, 1, 1, 1, 1, 1, 1, 1, 1, 0]",111.93,94.87,125.99,59.76,392745.0
VSH,47.25,10,"[1, 1, 1, 1, 1, 1, 1, 1, 1, 1]",26.27,18.58,47.25,11.67,5362160.0
PI,149.76,6,"[1, 1, 0, 0, 0, 1, 1, 0, 1, 1]",119.79,155.24,241.91,91.34,611440.0
MEOH,60.12,10,"[1, 1, 1, 1, 1, 1, 1, 1, 1, 1]",59.81,45.29,65.72,31.56,913475.0
NTSK,11.75,5,"[1, 0, 0, 0, 1, 0, 1, 0, 1, 1]",9.89,11.75,25.79,7.73,3427205.0
QS,8.2,4,"[1, 0, 0, 0, 0, 0, 1, 0, 1, 1]",7.1,10.12,18.44,3.93,24820340.0
CVLT,107.25,4,"[1, 0, 0, 0, 0, 0, 1, 0, 1, 1]",91.24,126.66,195.41,75.18,795755.0
CSTM,33.24,10,"[1, 1, 1, 1, 1, 1, 1, 1, 1, 1]",29.31,21.08,34.56,11.68,2297140.0
LAUR,33.12,9,"[0, 1, 1, 1, 1, 1, 1, 1, 1, 1]",33.19,31.72,35.97,21.78,1300920.0
PAM,80.68,7,"[0, 0, 1, 0, 1, 1, 1, 1, 1, 1]",83.25,79.06,92.27,56.55,262945.0
PAGP,25.95,10,"[1, 1, 1, 1, 1, 1, 1, 1, 1, 1]",23.56,19.75,25.95,15.88,2041635.0
CVSA,125.15,9,"[1, 1, 1, 1, 0, 1, 1, 1, 1, 1]",116.48,116.88,154.45,89.36,306695.0
ATMU,48.83,5,"[0, 0, 0, 1, 1, 1, 1, 0, 1, 0]",57.59,52.61,65.57,34.93,1208495.0
FTDR,61.3,7,"[1, 1, 1, 1, 0, 1, 0, 1, 1, 0]",60.58,60.3,69.38,49.1,604650.0
MMYT,42.75,1,"[0, 0, 0, 0, 0, 0, 0, 0, 1, 0]",43.94,70.93,103.37,36.3,1015735.0
INSW,83.52,10,"[1, 1, 1, 1, 1, 1, 1, 1, 1, 1]",77.83,57.29,91.62,33.52,623320.0
HCC,83.93,7,"[0, 0, 1, 1, 1, 1, 1, 1, 1, 0]",88.54,79.1,102.25,40.96,876615.0
NAMS,35.44,9,"[1, 1, 1, 0, 1, 1, 1, 1, 1, 1]",32.67,32.63,41.45,17.01,1622555.0
KNSA,53.24,10,"[1, 1, 1, 1, 1, 1, 1, 1, 1, 1]",49.76,42.43,59.48,26.33,773180.0
SHC,15.66,7,"[1, 0, 0, 0, 1, 1, 1, 1, 1, 1]",15.04,16.22,19.35,10.94,4536970.0
TBBB,36.74,9,"[1, 1, 1, 1, 1, 1, 1, 1, 1, 0]",36.1,32.03,39.15,24.12,361080.0
HRI,129.0,6,"[1, 0, 0, 0, 1, 1, 1, 0, 1, 1]",115.56,132.64,180.28,91.04,625310.0
NWE,71.93,10,"[1, 1, 1, 1, 1, 1, 1, 1, 1, 1]",69.85,64.07,73.36,49.23,425320.0
FLNC,21.49,8,"[1, 1, 1, 0, 1, 1, 1, 0, 1, 1]",15.68,16.63,32.23,4.44,14157035.0
LGND,229.33,9,"[1, 1, 1, 1, 1, 1, 1, 1, 1, 0]",216.08,193.43,241.79,100.19,229915.0
IPGP,119.0,9,"[1, 1, 1, 1, 1, 1, 1, 1, 1, 0]",115.93,95.86,153.91,64.6,685205.0
CBT,83.41,9,"[1, 1, 1, 1, 0, 1, 1, 1, 1, 1]",76.05,72.33,85.68,57.95,411745.0
GTLB,26.73,4,"[1, 0, 0, 0, 0, 0, 1, 0, 1, 1]",22.64,35.78,51.04,19.42,5755100.0
BCO,104.75,4,"[0, 0, 0, 0, 1, 1, 0, 1, 1, 0]",105.46,113.94,135.25,81.28,472640.0
HAFN,8.54,10,"[1, 1, 1, 1, 1, 1, 1, 1, 1, 1]",8.19,6.37,9.46,4.56,1368515.0
WIX,53.19,1,"[0, 0, 0, 0, 0, 0, 0, 0, 1, 0]",75.61,105.98,184.24,52.71,2266890.0
AZZ,137.9,9,"[1, 1, 1, 1, 1, 1, 1, 1, 1, 0]",134.92,118.69,148.65,86.88,181160.0
ONDS,9.06,6,"[0, 0, 1, 1, 1, 1, 1, 0, 1, 0]",9.84,8.74,14.01,0.93,64386670.0
UNF,265.47,10,"[1, 1, 1, 1, 1, 1, 1, 1, 1, 1]",259.3,204.69,274.89,149.5,209675.0
IRDM,48.84,10,"[1, 1, 1, 1, 1, 1, 1, 1, 1, 1]",36.16,23.77,48.84,15.62,2024575.0
STNG,80.21,10,"[1, 1, 1, 1, 1, 1, 1, 1, 1, 1]",77.12,63.12,86.62,38.52,1182155.0
TCBI,99.39,10,"[1, 1, 1, 1, 1, 1, 1, 1, 1, 1]",98.2,92.56,105.98,71.44,401665.0
TPC,72.76,6,"[0, 0, 1, 1, 1, 1, 1, 0, 1, 0]",80.79,71.23,97.23,35.73,561425.0
ENVA,157.51,9,"[1, 1, 1, 1, 1, 1, 1, 1, 1, 0]",154.11,138.96,174.9,90.69,233380.0
PLUG,3.78,10,"[1, 1, 1, 1, 1, 1, 1, 1, 1, 1]",2.91,2.41,4.13,0.78,88492295.0
HNGE,55.25,9,"[1, 1, 1, 1, 0, 1, 1, 1, 1, 1]",45.27,47.42,60.55,31.17,1750555.0
WHD,62.26,10,"[1, 1, 1, 1, 1, 1, 1, 1, 1, 1]",53.04,47.14,62.26,33.2,741515.0
PTEN,12.31,10,"[1, 1, 1, 1, 1, 1, 1, 1, 1, 1]",11.19,7.58,12.85,5.05,7570815.0
SMR,11.4,1,"[0, 0, 0, 0, 0, 0, 0, 0, 1, 0]",11.45,22.98,53.43,9.16,30616440.0
CMBT,16.85,10,"[1, 1, 1, 1, 1, 1, 1, 1, 1, 1]",13.54,11.13,17.26,7.81,1892815.0
CNO,47.29,10,"[1, 1, 1, 1, 1, 1, 1, 1, 1, 1]",43.42,41.21,47.84,35.04,748575.0
CNR,84.07,4,"[0, 0, 0, 1, 1, 1, 0, 0, 1, 0]",93.15,86.86,113.23,65.02,731810.0
ZETA,18.79,8,"[1, 1, 1, 0, 0, 1, 1, 1, 1, 1]",17.05,18.53,24.4,12.16,9456130.0
NVTS,29.25,10,"[1, 1, 1, 1, 1, 1, 1, 1, 1, 1]",14.19,10.05,29.25,4.41,36579495.0
FHI,54.81,8,"[0, 1, 1, 1, 1, 1, 1, 1, 1, 0]",55.87,52.67,57.89,40.81,819945.0
COLD,14.81,8,"[1, 1, 1, 1, 0, 0, 1, 1, 1, 1]",12.5,12.41,16.56,9.75,4527680.0
LMND,56.52,4,"[0, 0, 0, 0, 1, 1, 1, 0, 1, 0]",60.29,63.89,96.57,30.92,1776390.0
AMRX,12.42,6,"[0, 0, 1, 0, 1, 1, 1, 1, 1, 0]",12.58,11.93,15.19,7.16,1504430.0
LPL,5.05,8,"[1, 1, 1, 0, 0, 1, 1, 1, 1, 1]",4.37,4.48,5.58,3.01,1826200.0
TREX,39.18,4,"[1, 1, 0, 0, 0, 0, 1, 0, 1, 0]",38.67,43.77,68.49,30.13,2172390.0
DOO,55.38,4,"[0, 0, 0, 0, 1, 1, 1, 0, 1, 0]",61.46,66.51,81.45,35.47,349135.0
MTRN,215.04,10,"[1, 1, 1, 1, 1, 1, 1, 1, 1, 1]",172.01,139.1,215.04,75.03,304110.0
XMTR,89.21,9,"[1, 1, 1, 0, 1, 1, 1, 1, 1, 1]",54.28,54.69,91.79,30.16,1059010.0
NP,27.87,7,"[1, 1, 0, 1, 0, 0, 1, 1, 1, 1]",25.74,27.87,30.68,17.14,878400.0
LASR,78.54,10,"[1, 1, 1, 1, 1, 1, 1, 1, 1, 1]",69.07,45.58,84.95,14.49,1340210.0
CAAP,24.96,6,"[0, 0, 1, 0, 1, 1, 1, 1, 1, 0]",25.24,23.98,30.35,17.49,230240.0
TNL,65.12,5,"[0, 0, 0, 0, 1, 1, 1, 1, 1, 0]",68.68,66.52,78.74,46.06,908820.0
PVH,88.92,8,"[1, 1, 1, 1, 0, 1, 1, 1, 1, 0]",81.83,76.78,98.81,60.87,917140.0
LBTYA,12.18,9,"[1, 1, 1, 1, 1, 1, 0, 1, 1, 1]",12.08,11.53,13.03,9.5,1956860.0
CRGY,13.2,10,"[1, 1, 1, 1, 1, 1, 1, 1, 1, 1]",12.79,9.93,13.79,7.6,7521530.0
COCO,76.04,10,"[1, 1, 1, 1, 1, 1, 1, 1, 1, 1]",58.74,49.91,79.23,32.3,1669475.0
POWI,70.85,9,"[1, 1, 1, 1, 1, 1, 1, 1, 1, 0]",61.16,46.47,78.23,30.59,1244805.0
LEU,179.36,2,"[0, 0, 0, 0, 0, 0, 1, 0, 1, 0]",195.72,249.59,436.0,113.29,885775.0
KTB,69.91,6,"[0, 1, 0, 1, 0, 1, 1, 1, 1, 0]",70.39,70.79,85.05,53.7,877540.0
MRX,53.2,10,"[1, 1, 1, 1, 1, 1, 1, 1, 1, 1]",48.48,38.9,58.08,27.92,935915.0
ARIS,17.24,8,"[0, 1, 1, 1, 1, 1, 1, 1, 1, 0]",18.71,14.86,22.68,6.3,1200930.0
DLO,12.06,3,"[0, 0, 0, 0, 0, 1, 0, 1, 1, 0]",12.85,13.56,15.83,9.81,2770630.0
GFF,84.88,8,"[1, 1, 1, 1, 1, 1, 0, 1, 1, 0]",81.36,78.38,94.6,66.42,397380.0
TDW,79.29,8,"[0, 1, 1, 1, 1, 1, 1, 1, 1, 0]",82.83,64.7,91.12,39.46,855295.0
OPLN,35.4,10,"[1, 1, 1, 1, 1, 1, 1, 1, 1, 1]",31.34,28.97,37.89,22.1,980215.0
KAI,319.42,7,"[1, 1, 1, 1, 0, 0, 0, 1, 1, 1]",311.29,307.91,357.4,246.93,193755.0
TPH,46.95,10,"[1, 1, 1, 1, 1, 1, 1, 1, 1, 1]",46.71,37.57,46.97,29.4,2270447.8
BBWI,17.76,1,"[0, 0, 0, 0, 0, 0, 0, 0, 1, 0]",18.73,22.23,32.73,14.73,5621705.0
TVTX,44.43,10,"[1, 1, 1, 1, 1, 1, 1, 1, 1, 1]",36.7,30.85,44.91,14.09,2393105.0
CRNX,36.8,4,"[0, 0, 0, 0, 1, 1, 1, 0, 1, 0]",37.84,41.29,56.43,26.85,1397740.0
LIVN,73.83,10,"[1, 1, 1, 1, 1, 1, 1, 1, 1, 1]",65.22,60.58,73.83,41.13,903420.0
NVST,23.43,7,"[0, 0, 1, 1, 1, 1, 1, 1, 1, 0]",25.59,23.18,30.26,16.72,4070885.0
ACMR,73.35,10,"[1, 1, 1, 1, 1, 1, 1, 1, 1, 1]",51.83,43.89,73.35,22.41,1618400.0
UCTT,84.01,10,"[1, 1, 1, 1, 1, 1, 1, 1, 1, 1]",72.92,43.21,87.1,19.37,1106940.0
HGV,48.41,8,"[1, 1, 1, 1, 0, 0, 1, 1, 1, 1]",44.54,44.36,51.72,36.99,866365.0
PII,67.83,9,"[1, 1, 1, 0, 1, 1, 1, 1, 1, 1]",59.22,61.49,72.78,36.16,1148595.0
SKE,28.28,7,"[0, 1, 1, 1, 1, 1, 1, 0, 1, 0]",30.53,24.68,38.12,12.2,610470.0
EE,36.04,10,"[1, 1, 1, 1, 1, 1, 1, 1, 1, 1]",34.24,30.42,42.7,22.84,389460.0
ORKA,60.61,9,"[1, 1, 1, 1, 1, 1, 1, 1, 1, 0]",58.6,34.34,76.39,10.9,2461600.0
VSCO,52.45,8,"[1, 1, 1, 0, 1, 1, 1, 1, 1, 0]",48.63,43.57,65.9,17.7,1988330.0
RNG,43.54,10,"[1, 1, 1, 1, 1, 1, 1, 1, 1, 1]",39.88,32.24,47.75,23.58,2068105.0
CATY,57.27,10,"[1, 1, 1, 1, 1, 1, 1, 1, 1, 1]",53.25,49.79,57.45,41.29,420570.0
ACAD,21.1,2,"[0, 0, 0, 0, 0, 0, 0, 1, 1, 0]",21.7,23.64,28.06,20.06,1778160.0
CPRX,31.26,10,"[1, 1, 1, 1, 1, 1, 1, 1, 1, 1]",27.0,23.44,31.28,19.13,3509900.0
DAN,34.16,8,"[0, 1, 1, 1, 1, 1, 1, 1, 1, 0]",34.55,26.45,38.79,15.11,1003920.0
EWTX,32.7,10,"[1, 1, 1, 1, 1, 1, 1, 1, 1, 1]",32.36,24.09,38.01,12.61,1382790.0
TAC,13.57,9,"[1, 1, 1, 0, 1, 1, 1, 1, 1, 1]",12.86,13.47,17.66,9.04,1432080.0
SOUN,8.17,3,"[1, 0, 0, 0, 0, 0, 1, 0, 1, 0]",7.68,11.47,21.4,5.9,30510605.0
JOE,63.81,8,"[0, 1, 1, 1, 1, 1, 1, 1, 1, 0]",65.99,60.03,72.62,42.78,249320.0
HP,39.88,10,"[1, 1, 1, 1, 1, 1, 1, 1, 1, 1]",37.08,29.26,41.53,14.61,1179765.0
INDB,78.82,10,"[1, 1, 1, 1, 1, 1, 1, 1, 1, 1]",77.06,73.4,85.26,58.74,335440.0
FG,27.79,4,"[1, 0, 0, 0, 0, 0, 1, 1, 1, 0]",26.36,29.07,34.62,20.46,1092735.0
BB,7.91,10,"[1, 1, 1, 1, 1, 1, 1, 1, 1, 1]",4.73,4.21,7.91,3.15,26577410.0
PPTA,25.32,5,"[0, 0, 0, 1, 1, 1, 1, 0, 1, 0]",28.76,25.95,37.22,11.86,1574560.0
LRN,88.63,4,"[0, 1, 0, 1, 0, 0, 1, 0, 1, 0]",90.79,100.44,169.81,61.02,812165.0
BULL,6.18,3,"[1, 0, 0, 0, 0, 0, 1, 0, 1, 0]",6.14,9.1,17.74,4.63,12686090.0
BELFB,270.01,9,"[1, 1, 1, 1, 1, 1, 1, 1, 1, 0]",244.23,187.59,302.73,71.32,326550.0
WSFS,71.69,10,"[1, 1, 1, 1, 1, 1, 1, 1, 1, 1]",68.43,60.07,72.21,49.92,386765.0
LQDA,60.98,10,"[1, 1, 1, 1, 1, 1, 1, 1, 1, 1]",42.08,33.44,61.97,12.0,1647920.0
ALHC,16.35,4,"[0, 0, 0, 0, 1, 1, 1, 0, 1, 0]",18.91,18.52,23.81,11.64,6859490.0
AAUC,27.32,6,"[0, 1, 1, 1, 1, 1, 0, 0, 1, 0]",30.41,23.71,,,875490.0
CGAU,16.47,6,"[0, 1, 1, 1, 1, 1, 0, 0, 1, 0]",17.89,14.35,,,1613755.0
OII,38.77,10,"[1, 1, 1, 1, 1, 1, 1, 1, 1, 1]",36.76,29.02,38.87,18.99,928485.0
VKTX,30.89,3,"[0, 0, 0, 0, 1, 0, 1, 0, 1, 0]",32.78,32.61,42.09,23.09,2254765.0
CLSK,15.97,7,"[1, 1, 1, 0, 0, 1, 1, 0, 1, 1]",11.57,12.39,23.2,8.18,22314575.0
SII,124.92,8,"[0, 1, 1, 1, 1, 1, 1, 1, 1, 0]",137.5,107.24,165.88,57.51,188645.0
VECO,59.55,10,"[1, 1, 1, 1, 1, 1, 1, 1, 1, 1]",45.0,33.22,62.01,19.2,1659905.0
RUM,8.2,8,"[1, 1, 1, 1, 0, 0, 1, 1, 1, 1]",6.32,6.63,10.02,4.67,3278710.0
WRBY,25.09,9,"[1, 1, 1, 1, 0, 1, 1, 1, 1, 1]",23.7,24.02,30.23,16.49,3552720.0
TLX,9.47,5,"[0, 1, 1, 1, 0, 0, 1, 0, 1, 0]",9.97,9.31,17.48,6.41,122030.0
RXO,24.37,9,"[1, 1, 1, 1, 0, 1, 1, 1, 1, 1]",17.49,15.71,24.37,10.48,3215935.0
BTE,5.15,10,"[1, 1, 1, 1, 1, 1, 1, 1, 1, 1]",4.56,3.3,5.32,1.59,20686210.0
LION,14.95,10,"[1, 1, 1, 1, 1, 1, 1, 1, 1, 1]",11.22,8.53,14.95,5.59,4210230.0
TWST,60.57,9,"[1, 1, 1, 1, 1, 1, 1, 1, 1, 0]",53.04,39.08,63.2,24.16,1501850.0
FIBK,35.49,10,"[1, 1, 1, 1, 1, 1, 1, 1, 1, 1]",33.9,33.01,38.03,24.56,1417625.0
BFH,86.6,10,"[1, 1, 1, 1, 1, 1, 1, 1, 1, 1]",81.59,70.75,92.44,48.92,566370.0
BHF,62.47,9,"[1, 1, 1, 0, 1, 1, 1, 1, 1, 1]",61.25,58.4,66.01,43.36,509865.0
SLG,43.27,4,"[1, 1, 0, 0, 0, 0, 0, 0, 1, 1]",40.48,46.39,63.59,34.72,1074400.0
HYMC,32.32,7,"[0, 1, 1, 1, 1, 1, 1, 0, 1, 0]",37.12,23.35,55.74,2.98,2228765.0
OGN,13.43,9,"[1, 1, 1, 1, 0, 1, 1, 1, 1, 1]",9.7,8.69,13.46,5.69,14354840.0
SIG,81.61,5,"[0, 0, 0, 0, 1, 1, 1, 1, 1, 0]",86.03,90.71,105.59,62.59,751440.0
GNW,9.07,9,"[1, 1, 1, 1, 0, 1, 1, 1, 1, 1]",8.67,8.66,9.31,6.78,2488825.0
HWKN,153.14,5,"[0, 1, 0, 1, 0, 1, 0, 1, 1, 0]",155.12,153.75,184.03,120.01,154660.0
CTRI,30.2,7,"[0, 1, 1, 1, 1, 1, 1, 0, 1, 0]",32.5,26.26,41.8,18.64,1791490.0
RUN,14.62,6,"[1, 0, 0, 0, 1, 1, 1, 0, 1, 1]",13.12,16.62,21.41,5.78,8443215.0
ASO,52.52,5,"[0, 0, 0, 1, 1, 0, 1, 1, 1, 0]",54.42,52.77,61.02,40.01,1238220.0
HSAI,20.63,3,"[0, 0, 0, 0, 0, 1, 1, 0, 1, 0]",21.93,23.81,29.8,15.03,1648420.0
ATS,34.28,10,"[1, 1, 1, 1, 1, 1, 1, 1, 1, 1]",31.47,28.89,35.38,24.24,141665.0
CC,21.37,8,"[0, 1, 1, 1, 1, 1, 1, 1, 1, 0]",22.67,16.6,27.84,9.2,3254980.0
BKU,46.22,10,"[1, 1, 1, 1, 1, 1, 1, 1, 1, 1]",45.75,42.89,50.58,32.58,601160.0
TRMD,31.29,10,"[1, 1, 1, 1, 1, 1, 1, 1, 1, 1]",30.13,23.77,34.87,14.87,953235.0
VEON,56.41,7,"[1, 1, 1, 0, 0, 0, 1, 1, 1, 1]",50.98,52.46,62.72,38.27,110635.0
MANU,20.0,10,"[1, 1, 1, 1, 1, 1, 1, 1, 1, 1]",17.8,16.88,20.03,13.46,299220.0
AAP,57.95,7,"[1, 1, 1, 1, 0, 0, 1, 1, 1, 0]",54.09,52.47,65.49,38.35,2137565.0
AVNT,34.31,5,"[0, 0, 0, 1, 1, 1, 0, 1, 1, 0]",35.78,34.32,42.93,27.02,718540.0
CVI,32.45,9,"[1, 1, 1, 1, 0, 1, 1, 1, 1, 1]",32.44,30.51,39.89,20.66,951285.0
SA,29.93,8,"[1, 1, 1, 0, 1, 1, 1, 1, 1, 0]",29.61,27.28,39.35,12.2,900125.0
AMBA,87.55,8,"[1, 1, 1, 0, 0, 1, 1, 1, 1, 1]",63.21,71.78,95.51,48.65,862210.0
APLE,14.47,10,"[1, 1, 1, 1, 1, 1, 1, 1, 1, 1]",12.75,11.9,14.54,10.59,3039465.0
CHEF,76.46,10,"[1, 1, 1, 1, 1, 1, 1, 1, 1, 1]",68.38,63.9,81.71,54.6,544590.0
BEAM,28.64,10,"[1, 1, 1, 1, 1, 1, 1, 1, 1, 1]",27.81,25.74,35.41,15.83,2066865.0
CWK,12.89,3,"[0, 0, 0, 0, 0, 1, 1, 0, 1, 0]",13.24,14.94,17.2,9.63,1690210.0
TNGX,20.24,7,"[0, 1, 1, 1, 1, 1, 1, 0, 1, 0]",22.08,12.62,27.77,1.84,3085170.0
EFXT,27.4,10,"[1, 1, 1, 1, 1, 1, 1, 1, 1, 1]",23.99,16.6,28.36,7.01,603780.0
DAVE,228.46,9,"[1, 1, 1, 1, 1, 1, 1, 1, 1, 0]",226.69,211.52,281.94,155.92,439060.0
IAC,42.03,9,"[1, 1, 1, 1, 1, 1, 1, 1, 1, 0]",41.36,37.39,45.2,31.52,1410790.0
FSM,9.35,4,"[0, 0, 0, 0, 1, 1, 1, 0, 1, 0]",9.96,9.52,13.66,5.8,5545685.0
VRNS,31.0,5,"[1, 1, 0, 0, 0, 0, 1, 0, 1, 1]",25.02,37.38,63.31,20.19,2772670.0
NATL,44.69,10,"[1, 1, 1, 1, 1, 1, 1, 1, 1, 1]",44.24,40.25,48.13,25.57,872180.0
ADEA,26.85,8,"[0, 1, 1, 1, 1, 1, 1, 1, 1, 0]",27.44,19.13,33.63,11.67,2331913.65
BTDR,14.65,6,"[1, 1, 1, 0, 0, 0, 1, 0, 1, 1]",11.23,13.38,25.9,7.28,7656660.0
BATRK,49.5,9,"[1, 1, 1, 1, 1, 1, 1, 1, 1, 0]",46.67,42.39,51.18,38.04,357510.0
SEZL,102.8,7,"[1, 1, 1, 1, 0, 0, 1, 0, 1, 1]",79.56,75.37,182.16,50.97,710955.0
BBAR,15.28,6,"[1, 0, 1, 0, 1, 0, 1, 0, 1, 1]",14.94,14.67,21.45,7.89,614205.0
PARR,58.83,8,"[0, 1, 1, 1, 1, 1, 1, 1, 1, 0]",61.8,44.24,69.2,21.05,1336270.0
VCYT,45.03,9,"[1, 1, 1, 0, 1, 1, 1, 1, 1, 1]",34.97,36.73,49.38,23.03,1119130.0
COLM,63.39,8,"[1, 1, 1, 1, 1, 1, 0, 0, 1, 1]",58.17,55.31,,,641415.0
FFBC,30.73,10,"[1, 1, 1, 1, 1, 1, 1, 1, 1, 1]",29.1,26.59,30.88,22.42,761150.0
FSLY,16.32,7,"[0, 1, 1, 1, 1, 1, 1, 0, 1, 0]",24.84,14.1,33.5,6.36,11080655.0
ZIM,25.24,8,"[0, 1, 1, 1, 1, 1, 1, 1, 1, 0]",26.22,20.12,28.55,12.03,1486800.0
RCUS,23.43,8,"[0, 1, 1, 1, 1, 1, 1, 1, 1, 0]",23.46,19.7,26.62,7.95,959135.0
CALY,15.38,10,"[1, 1, 1, 1, 1, 1, 1, 1, 1, 1]",14.57,12.21,17.52,5.96,3399140.0
BOH,77.79,10,"[1, 1, 1, 1, 1, 1, 1, 1, 1, 1]",76.7,70.15,80.69,58.66,412005.0
UNFI,49.31,10,"[1, 1, 1, 1, 1, 1, 1, 1, 1, 1]",47.05,38.03,52.32,21.3,555360.0
SXI,255.82,8,"[0, 1, 1, 1, 1, 1, 1, 1, 1, 0]",260.76,237.62,278.54,145.03,192480.0
PLAB,51.46,9,"[1, 1, 1, 1, 1, 1, 1, 1, 1, 0]",45.63,32.49,54.96,16.71,757000.0
ERAS,11.24,7,"[0, 1, 1, 1, 1, 1, 1, 0, 1, 0]",14.52,7.5,22.47,1.08,8575450.0
VTMX,34.11,8,"[0, 1, 1, 1, 1, 1, 1, 1, 1, 0]",34.33,31.11,36.59,24.98,158155.0
EXTR,25.6,9,"[1, 1, 1, 1, 0, 1, 1, 1, 1, 1]",18.89,18.21,25.6,13.74,2932780.0
YETI,45.22,9,"[1, 1, 1, 0, 1, 1, 1, 1, 1, 1]",39.02,39.72,50.77,29.29,1726060.0
CARG,28.24,2,"[0, 0, 0, 0, 0, 1, 0, 0, 1, 0]",34.28,34.48,39.03,26.96,1464930.0
MPT,5.08,8,"[1, 1, 1, 0, 1, 1, 1, 1, 1, 0]",4.94,4.94,5.91,3.78,5617945.0
DNLI,18.64,7,"[0, 0, 1, 1, 1, 1, 1, 1, 1, 0]",19.69,17.83,22.74,12.75,1940960.0
BKD,13.3,8,"[0, 1, 1, 1, 1, 1, 1, 1, 1, 0]",13.72,11.4,16.77,6.37,3527740.0
CON,25.32,9,"[1, 1, 1, 1, 0, 1, 1, 1, 1, 1]",22.9,21.59,26.14,18.56,938315.0
ETOR,40.85,7,"[1, 1, 1, 1, 0, 0, 1, 0, 1, 1]",34.89,37.16,75.97,24.76,1281450.0
LXP,52.24,10,"[1, 1, 1, 1, 1, 1, 1, 1, 1, 1]",49.46,46.99,52.4,37.07,340655.0
MSGE,69.64,10,"[1, 1, 1, 1, 1, 1, 1, 1, 1, 1]",62.38,53.18,69.64,36.33,466855.0
BWLP,22.1,10,"[1, 1, 1, 1, 1, 1, 1, 1, 1, 1]",18.49,15.01,22.61,9.92,483535.0
KYIV,14.2,9,"[1, 1, 1, 0, 1, 1, 1, 1, 1, 1]",11.76,12.34,15.17,9.33,721930.0
BHE,85.12,10,"[1, 1, 1, 1, 1, 1, 1, 1, 1, 1]",68.63,51.11,87.03,35.26,529505.0
CAKE,61.14,7,"[1, 1, 1, 1, 0, 0, 1, 1, 1, 0]",58.93,56.06,67.17,42.72,1292270.0
HG,31.55,9,"[1, 1, 1, 1, 1, 1, 1, 1, 1, 0]",30.79,26.2,32.79,19.19,499235.0
DHT,17.38,8,"[0, 1, 1, 1, 1, 1, 1, 1, 1, 0]",17.43,13.81,18.96,10.09,2927935.0
AEHR,95.02,9,"[1, 1, 1, 1, 1, 1, 1, 1, 1, 0]",71.12,37.67,106.34,8.85,2838750.0
OLN,26.03,8,"[0, 1, 1, 1, 1, 1, 1, 1, 1, 0]",27.28,23.5,29.93,17.63,2025080.0
SBLK,26.4,10,"[1, 1, 1, 1, 1, 1, 1, 1, 1, 1]",24.61,20.96,27.34,15.59,1258205.0
VC,113.47,8,"[1, 1, 1, 1, 0, 1, 1, 1, 1, 0]",100.4,105.12,127.9,81.75,534875.0
TTAM,15.18,4,"[0, 0, 0, 0, 1, 1, 0, 1, 1, 0]",15.77,16.04,19.13,12.16,217165.0
BKV,28.29,8,"[0, 1, 1, 1, 1, 1, 1, 1, 1, 0]",28.78,26.37,32.16,19.68,853805.0
HIMX,21.04,10,"[1, 1, 1, 1, 1, 1, 1, 1, 1, 1]",12.17,9.23,21.04,6.93,6277585.0
BANC,18.81,9,"[1, 1, 1, 0, 1, 1, 1, 1, 1, 1]",18.19,17.94,20.95,13.1,2620485.0
SBCF,30.49,4,"[0, 0, 0, 0, 1, 1, 0, 1, 1, 0]",30.88,31.08,34.87,23.96,843840.0
KN,36.66,10,"[1, 1, 1, 1, 1, 1, 1, 1, 1, 1]",29.87,24.95,36.66,16.21,1021145.0
ALMS,22.02,7,"[0, 1, 1, 1, 1, 1, 1, 0, 1, 0]",23.94,15.1,29.98,2.8,904105.0
SDRL,50.98,10,"[1, 1, 1, 1, 1, 1, 1, 1, 1, 1]",47.76,37.39,54.8,23.07,688935.0
CRVL,62.74,5,"[1, 1, 0, 0, 0, 0, 1, 0, 1, 1]",56.1,67.56,112.58,46.0,191730.0
ITGR,89.28,7,"[1, 1, 1, 1, 0, 0, 1, 0, 1, 1]",86.7,87.6,122.97,63.32,651150.0
SUPN,48.21,6,"[0, 0, 0, 1, 1, 1, 1, 1, 1, 0]",49.91,48.83,57.0,31.16,780770.0
XXI,7.32,1,"[0, 0, 0, 0, 0, 0, 0, 0, 1, 0]",7.49,13.13,46.96,5.74,1219180.0
LFST,7.39,10,"[1, 1, 1, 1, 1, 1, 1, 1, 1, 1]",7.0,6.39,8.85,3.79,8002340.0
TDC,33.44,9,"[1, 1, 1, 0, 1, 1, 1, 1, 1, 1]",27.98,26.6,37.88,20.11,2640240.0
NMRK,14.6,4,"[0, 0, 0, 0, 0, 1, 1, 1, 1, 0]",15.3,16.66,19.43,10.38,1555755.0
ERO,26.98,6,"[0, 0, 1, 1, 1, 1, 1, 0, 1, 0]",27.37,24.79,38.03,12.98,1384400.0
JOYY,54.42,5,"[0, 0, 0, 0, 1, 1, 1, 1, 1, 0]",58.32,58.75,68.86,40.59,269085.0
EXK,9.23,5,"[0, 0, 1, 0, 1, 1, 1, 0, 1, 0]",9.57,9.14,14.12,3.56,8299395.0
SHOO,41.93,9,"[1, 1, 1, 0, 1, 1, 1, 1, 1, 1]",36.88,36.61,45.95,22.62,1060675.0
PHIN,74.8,10,"[1, 1, 1, 1, 1, 1, 1, 1, 1, 1]",71.61,63.19,80.26,40.96,351300.0
ARX,17.25,7,"[1, 1, 1, 1, 0, 0, 1, 0, 1, 1]",13.59,15.17,30.05,9.36,1353715.0
KALU,175.47,9,"[1, 1, 1, 1, 1, 1, 1, 1, 1, 0]",148.57,112.37,180.42,67.95,247160.0
DBRG,15.71,10,"[1, 1, 1, 1, 1, 1, 1, 1, 1, 1]",15.54,13.59,15.71,9.16,3108805.0
PAGS,9.14,5,"[0, 0, 0, 1, 1, 1, 0, 1, 1, 0]",9.92,9.7,11.72,7.57,3791435.0
CECO,81.71,10,"[1, 1, 1, 1, 1, 1, 1, 1, 1, 1]",68.63,59.1,87.78,26.19,892615.0
WT,19.08,10,"[1, 1, 1, 1, 1, 1, 1, 1, 1, 1]",16.6,14.36,19.81,9.29,2936425.0
PFS,22.05,9,"[1, 1, 1, 1, 1, 1, 1, 1, 1, 0]",21.58,20.06,23.28,15.25,1006840.0
TRN,32.72,9,"[0, 1, 1, 1, 1, 1, 1, 1, 1, 1]",32.83,29.19,36.64,22.59,656285.0
DYN,17.37,5,"[0, 0, 1, 0, 1, 1, 1, 0, 1, 0]",18.25,17.15,24.29,8.18,1443370.0
GEO,23.52,8,"[1, 1, 1, 1, 0, 0, 1, 1, 1, 1]",18.92,17.87,27.5,13.26,1866650.0
LCII,111.67,4,"[0, 0, 0, 0, 1, 1, 1, 0, 1, 0]",118.9,115.49,155.66,82.35,324325.0
TNK,77.21,10,"[1, 1, 1, 1, 1, 1, 1, 1, 1, 1]",75.02,61.97,83.03,41.35,382500.0
BTU,24.55,4,"[0, 0, 0, 0, 1, 1, 1, 0, 1, 0]",29.15,28.52,39.38,12.52,3066055.0
NTCT,41.01,10,"[1, 1, 1, 1, 1, 1, 1, 1, 1, 1]",34.14,28.64,41.01,20.77,573890.0
DK,43.68,10,"[1, 1, 1, 1, 1, 1, 1, 1, 1, 1]",43.43,35.23,49.04,18.06,1366615.0
PTRN,18.22,7,"[1, 1, 0, 1, 0, 0, 1, 1, 1, 1]",13.77,18.22,18.4,9.59,1393285.0
GRND,12.95,4,"[0, 1, 0, 1, 0, 0, 1, 0, 1, 0]",13.0,13.41,24.73,9.85,1629555.0
TXG,23.68,10,"[1, 1, 1, 1, 1, 1, 1, 1, 1, 1]",21.7,17.6,26.08,8.17,2851325.0
CLMT,34.22,10,"[1, 1, 1, 1, 1, 1, 1, 1, 1, 1]",32.2,23.29,36.02,13.17,963230.0
AEO,16.53,4,"[0, 0, 0, 0, 1, 1, 1, 0, 1, 0]",17.12,19.16,27.87,9.02,4427595.0
INOD,95.48,8,"[1, 1, 1, 0, 0, 1, 1, 1, 1, 1]",53.58,56.57,103.83,34.45,3149795.0
GPCR,39.19,4,"[0, 0, 0, 0, 1, 1, 1, 0, 1, 0]",46.31,46.25,93.79,16.2,838870.0
IHS,8.39,10,"[1, 1, 1, 1, 1, 1, 1, 1, 1, 1]",8.24,7.51,8.73,5.22,1155320.0
AYA,17.5,10,"[1, 1, 1, 1, 1, 1, 1, 1, 1, 1]",16.8,14.25,21.63,8.33,417915.0
SLNO,53.01,6,"[1, 1, 1, 0, 0, 0, 1, 0, 1, 1]",45.79,52.4,88.49,30.05,1749339.8
SPNT,23.32,9,"[1, 1, 1, 1, 1, 1, 1, 1, 1, 0]",22.53,20.47,23.86,17.48,733865.0
KMT,36.08,8,"[0, 1, 1, 1, 1, 1, 1, 1, 1, 0]",37.12,29.97,43.04,19.42,1513690.0
STUB,9.98,5,"[1, 0, 0, 0, 1, 0, 1, 0, 1, 1]",7.32,9.98,22.0,6.09,5619615.0
FA,15.42,7,"[1, 1, 1, 0, 0, 0, 1, 1, 1, 1]",12.65,13.73,18.59,8.95,1206465.0
NKTR,66.61,7,"[0, 1, 1, 1, 1, 1, 1, 0, 1, 0]",78.5,57.69,100.35,8.51,888900.0
EOSE,8.06,6,"[1, 0, 0, 0, 1, 1, 1, 0, 1, 1]",6.37,10.59,19.19,3.8,30594705.0
UAA,5.5,4,"[0, 0, 0, 1, 1, 0, 1, 0, 1, 0]",5.99,5.52,8.14,4.17,9727930.0
UA,5.4,5,"[0, 0, 1, 1, 1, 0, 1, 0, 1, 0]",5.83,5.36,7.88,3.96,3191288.8
DBD,74.3,8,"[0, 1, 1, 1, 1, 1, 1, 1, 1, 0]",77.98,68.5,88.77,47.35,334870.0
BKE,49.33,5,"[0, 0, 0, 1, 0, 1, 1, 1, 1, 0]",51.78,52.1,57.1,37.89,372600.0
UNIT,11.04,9,"[1, 1, 1, 1, 1, 1, 1, 1, 1, 0]",10.33,7.72,11.98,5.36,2661600.0
ARCB,124.57,10,"[1, 1, 1, 1, 1, 1, 1, 1, 1, 1]",110.03,86.79,127.63,59.5,354555.0
NN,21.74,10,"[1, 1, 1, 1, 1, 1, 1, 1, 1, 1]",18.64,16.03,23.2,11.37,2276730.0
HOG,23.73,9,"[1, 1, 1, 1, 0, 1, 1, 1, 1, 1]",22.14,23.31,30.28,17.19,3094415.0
ATRO,80.86,10,"[1, 1, 1, 1, 1, 1, 1, 1, 1, 1]",73.04,59.36,84.99,30.01,588465.0
CLDX,30.73,8,"[0, 1, 1, 1, 1, 1, 1, 1, 1, 0]",32.07,27.28,34.55,18.66,723775.0
VAC,75.19,8,"[1, 1, 1, 1, 0, 0, 1, 1, 1, 1]",70.87,64.34,81.88,44.34,478955.0
ARQT,20.86,4,"[0, 0, 0, 0, 1, 1, 1, 0, 1, 0]",22.72,23.34,31.2,13.04,2099535.0
GRAL,67.19,6,"[1, 0, 0, 0, 1, 1, 1, 0, 1, 1]",53.66,68.72,116.06,31.42,585795.0
VISN,12.3,10,"[1, 1, 1, 1, 1, 1, 1, 1, 1, 1]",10.04,8.82,12.8,2.75,10449555.0
TARS,62.26,6,"[0, 0, 0, 0, 1, 1, 1, 1, 1, 1]",65.87,67.73,82.51,38.82,742005.0
NGVT,66.67,8,"[0, 1, 1, 1, 1, 1, 1, 1, 1, 0]",71.67,62.42,77.87,40.4,268580.0
AMSC,51.84,9,"[1, 1, 1, 1, 0, 1, 1, 1, 1, 1]",42.29,42.27,66.68,25.28,1272830.0
WAFD,35.24,10,"[1, 1, 1, 1, 1, 1, 1, 1, 1, 1]",33.31,31.44,35.4,26.72,517195.0
HUN,14.51,10,"[1, 1, 1, 1, 1, 1, 1, 1, 1, 1]",13.4,11.03,15.1,7.31,5422790.0
HUBG,41.46,7,"[1, 1, 1, 0, 1, 1, 0, 1, 1, 0]",39.19,39.26,52.34,32.33,777795.0
TRMK,44.4,9,"[1, 1, 1, 1, 1, 1, 1, 1, 1, 0]",43.6,40.78,45.5,33.05,369760.0
IRON,66.82,5,"[1, 0, 0, 0, 1, 1, 1, 0, 1, 0]",65.93,72.29,94.11,45.12,497490.0
CUBI,75.15,10,"[1, 1, 1, 1, 1, 1, 1, 1, 1, 1]",73.1,70.81,81.21,50.35,334880.0
VERA,34.04,4,"[0, 0, 0, 0, 1, 1, 1, 0, 1, 0]",38.79,36.1,55.67,18.87,1012095.0
ICHR,68.96,9,"[1, 1, 1, 1, 1, 1, 1, 1, 1, 0]",60.15,33.1,76.95,14.06,1127385.0
RARE,23.39,2,"[1, 0, 0, 0, 0, 0, 0, 0, 1, 0]",23.33,27.54,41.44,18.5,1695255.0
KOD,36.23,8,"[0, 1, 1, 1, 1, 1, 1, 1, 1, 0]",37.93,24.15,46.44,3.4,621345.0
SAH,78.16,8,"[1, 1, 1, 1, 0, 0, 1, 1, 1, 1]",70.15,68.22,87.27,57.92,320780.0
DRD,25.95,4,"[0, 0, 0, 0, 1, 1, 1, 0, 1, 0]",28.86,28.37,38.8,12.84,297075.0
HE,13.67,7,"[0, 0, 1, 1, 1, 1, 1, 1, 1, 0]",14.79,13.31,17.08,10.2,2176095.0
IMNM,21.66,8,"[0, 1, 1, 1, 1, 1, 1, 1, 1, 0]",22.01,18.47,26.97,8.4,1024000.0
FRSH,9.08,4,"[1, 0, 0, 0, 0, 0, 1, 0, 1, 1]",8.4,10.63,15.95,6.88,10365545.0
NSIT,97.73,6,"[1, 1, 1, 0, 0, 0, 1, 0, 1, 1]",76.01,92.97,146.66,64.43,686345.0
HTFL,29.49,4,"[1, 1, 0, 0, 0, 0, 1, 0, 1, 0]",27.97,29.49,39.91,20.49,1152610.0
OSW,23.99,9,"[1, 1, 1, 1, 1, 1, 1, 1, 1, 0]",23.49,21.72,25.27,18.34,786660.0
SEDG,61.95,10,"[1, 1, 1, 1, 1, 1, 1, 1, 1, 1]",45.94,37.18,63.0,15.96,4762350.0
ROG,135.13,10,"[1, 1, 1, 1, 1, 1, 1, 1, 1, 1]",121.44,97.33,143.1,64.78,304470.0
ATKR,84.75,10,"[1, 1, 1, 1, 1, 1, 1, 1, 1, 1]",68.05,64.61,84.75,52.77,528380.0
TALO,16.04,10,"[1, 1, 1, 1, 1, 1, 1, 1, 1, 1]",15.28,11.85,16.59,7.79,1853035.0
IDYA,29.1,5,"[0, 0, 0, 0, 1, 1, 1, 1, 1, 0]",30.78,30.76,37.86,18.82,827490.0
ELVN,41.54,9,"[1, 1, 1, 1, 1, 1, 1, 1, 1, 0]",39.96,26.45,48.11,15.14,649240.0
DGII,66.16,10,"[1, 1, 1, 1, 1, 1, 1, 1, 1, 1]",55.37,44.37,66.16,31.14,340315.0
LWLG,12.85,9,"[1, 1, 1, 1, 1, 1, 1, 0, 1, 1]",11.35,5.81,18.22,0.95,9408830.0
TMC,5.4,4,"[1, 0, 0, 0, 0, 0, 1, 0, 1, 1]",5.16,6.21,10.69,3.98,5725270.0
LMAT,97.75,7,"[0, 1, 1, 1, 1, 1, 0, 1, 1, 0]",108.45,94.0,117.1,79.04,280680.0
MTX,76.79,10,"[1, 1, 1, 1, 1, 1, 1, 1, 1, 1]",72.93,65.47,82.84,52.99,255005.0
BRZE,24.35,4,"[1, 0, 0, 0, 0, 0, 1, 0, 1, 1]",21.77,25.62,36.8,15.79,2738480.0
AAMI,71.58,10,"[1, 1, 1, 1, 1, 1, 1, 1, 1, 1]",62.49,52.08,72.57,29.15,403965.0
RLAY,13.53,9,"[1, 1, 1, 1, 1, 1, 1, 1, 1, 0]",12.79,8.32,16.8,2.85,4529125.0
MLYS,29.85,6,"[1, 0, 0, 0, 1, 1, 1, 0, 1, 1]",27.24,32.1,47.33,12.87,1181815.0
FBNC,58.65,10,"[1, 1, 1, 1, 1, 1, 1, 1, 1, 1]",57.21,54.19,61.96,39.58,192640.0
ANDE,70.85,8,"[0, 1, 1, 1, 1, 1, 1, 1, 1, 0]",72.72,56.15,79.42,33.44,366290.0
VNET,9.54,7,"[1, 0, 1, 0, 1, 1, 1, 0, 1, 1]",9.03,9.52,14.03,5.34,10410815.0
HTO,58.13,9,"[1, 1, 1, 1, 1, 1, 1, 1, 1, 0]",57.63,51.33,60.84,43.73,486160.0
DXPE,144.2,8,"[0, 1, 1, 1, 1, 1, 1, 1, 1, 0]",150.27,127.19,181.51,76.6,208155.0
PTON,5.71,5,"[1, 1, 0, 0, 0, 0, 1, 0, 1, 1]",4.83,6.21,9.0,3.71,14600515.0
SGML,14.88,7,"[0, 1, 1, 1, 1, 1, 1, 0, 1, 0]",16.53,11.26,23.65,4.28,3950235.0
TENB,25.45,6,"[1, 1, 1, 0, 0, 0, 1, 0, 1, 1]",20.03,24.63,35.46,16.04,4021630.0
DFTX,22.5,10,"[1, 1, 1, 1, 1, 1, 1, 1, 1, 1]",20.86,15.02,23.84,6.49,1485495.0
VERX,13.44,3,"[1, 0, 0, 0, 0, 0, 0, 0, 1, 1]",12.59,18.8,41.87,10.8,1506505.0
PLUS,85.37,9,"[1, 1, 1, 0, 1, 1, 1, 1, 1, 1]",81.49,80.32,92.78,61.7,179140.0
AMPX,16.03,7,"[0, 1, 1, 1, 1, 1, 1, 0, 1, 0]",18.25,12.65,22.69,2.63,9144180.0
AMR,175.3,5,"[0, 0, 0, 1, 1, 1, 1, 0, 1, 0]",193.86,180.92,249.65,99.46,241100.0
COHU,46.53,9,"[1, 1, 1, 1, 1, 1, 1, 1, 1, 0]",39.74,28.19,51.28,16.96,1434365.0
AESI,19.07,10,"[1, 1, 1, 1, 1, 1, 1, 1, 1, 1]",15.28,11.89,19.75,8.1,4712090.0
NESR,25.76,10,"[1, 1, 1, 1, 1, 1, 1, 1, 1, 1]",23.46,16.77,26.84,5.54,1994160.0
WTTR,19.28,10,"[1, 1, 1, 1, 1, 1, 1, 1, 1, 1]",16.19,12.13,20.04,7.78,1911245.0
ACHC,23.18,7,"[0, 1, 1, 1, 0, 1, 1, 1, 1, 0]",25.36,20.61,28.26,11.68,3211085.0
MCW,7.1,10,"[1, 1, 1, 1, 1, 1, 1, 1, 1, 1]",7.02,6.0,7.16,4.68,4437948.05
MNR,14.05,7,"[1, 1, 1, 1, 0, 1, 0, 0, 1, 1]",13.08,11.82,,,589295.0
CSGS,80.69,10,"[1, 1, 1, 1, 1, 1, 1, 1, 1, 1]",80.13,74.06,80.69,59.97,353613.6
GRDN,38.48,10,"[1, 1, 1, 1, 1, 1, 1, 1, 1, 1]",36.83,30.87,40.65,19.67,405225.0
CEPU,13.91,5,"[0, 0, 0, 0, 1, 1, 1, 1, 1, 0]",15.13,13.94,17.95,7.68,373160.0
PRDO,33.98,7,"[0, 1, 1, 1, 0, 1, 0, 1, 1, 1]",35.28,32.89,37.95,27.14,641945.0
HLIO,79.12,10,"[1, 1, 1, 1, 1, 1, 1, 1, 1, 1]",69.09,60.72,79.16,28.63,366470.0
WOLF,69.89,7,"[1, 1, 0, 1, 0, 0, 1, 1, 1, 1]",31.76,69.89,69.96,14.8,10068235.0
NTB,56.01,10,"[1, 1, 1, 1, 1, 1, 1, 1, 1, 1]",54.04,48.45,56.43,40.26,180485.0
FUN,19.83,7,"[1, 1, 1, 1, 0, 0, 1, 0, 1, 1]",18.67,19.03,35.06,12.83,2069320.0
BLBD,66.3,9,"[1, 1, 1, 1, 0, 1, 1, 1, 1, 1]",62.08,56.04,72.74,37.96,571275.0
KEEL,4.81,9,"[1, 1, 1, 1, 1, 1, 1, 0, 1, 1]",2.98,2.77,6.47,0.75,34888355.0
PENG,53.21,9,"[1, 1, 1, 1, 0, 1, 1, 1, 1, 1]",29.19,23.59,53.21,16.24,3597535.0
AXGN,40.9,10,"[1, 1, 1, 1, 1, 1, 1, 1, 1, 1]",37.02,28.0,43.74,9.29,984960.0
PENN,16.88,7,"[1, 1, 1, 1, 0, 0, 1, 1, 1, 0]",15.69,15.87,20.47,11.76,3271095.0
CMPR,102.39,10,"[1, 1, 1, 1, 1, 1, 1, 1, 1, 1]",82.28,71.7,102.88,42.23,205315.0
FLOC,27.27,10,"[1, 1, 1, 1, 1, 1, 1, 1, 1, 1]",23.74,19.34,28.09,14.08,676545.0
DRH,10.71,10,"[1, 1, 1, 1, 1, 1, 1, 1, 1, 1]",10.04,8.96,10.79,7.11,1938080.0
XIFR,11.73,9,"[1, 1, 1, 1, 0, 1, 1, 1, 1, 1]",10.62,10.12,12.08,8.08,1377085.0
ADPT,13.88,5,"[1, 0, 0, 0, 1, 1, 1, 0, 1, 0]",13.82,15.13,20.46,8.93,1688660.0
HTH,37.22,10,"[1, 1, 1, 1, 1, 1, 1, 1, 1, 1]",36.58,34.88,39.6,28.58,315435.0
CTOS,9.23,10,"[1, 1, 1, 1, 1, 1, 1, 1, 1, 1]",8.03,6.68,10.1,4.24,1310155.0
DRVN,13.77,4,"[1, 0, 0, 0, 0, 0, 1, 0, 1, 1]",12.63,14.78,19.21,10.3,2224730.0
RDW,17.49,8,"[1, 1, 1, 1, 0, 0, 1, 1, 1, 1]",10.4,9.01,20.57,5.06,38226445.0
VVX,73.97,10,"[1, 1, 1, 1, 1, 1, 1, 1, 1, 1]",68.93,62.18,76.53,43.76,605270.0
BCRX,8.29,7,"[0, 1, 1, 1, 1, 1, 1, 0, 1, 0]",9.18,7.91,11.19,6.24,4842965.0
TIC,8.52,2,"[1, 0, 0, 0, 0, 0, 0, 0, 1, 0]",8.22,10.18,14.49,6.57,2709455.0
WERN,39.79,10,"[1, 1, 1, 1, 1, 1, 1, 1, 1, 1]",32.75,30.14,39.97,22.94,1265265.0
CENTA,34.57,8,"[1, 1, 1, 1, 1, 0, 1, 1, 1, 0]",33.36,31.33,37.27,26.27,323290.0
QUBT,12.31,6,"[1, 1, 1, 0, 0, 0, 1, 0, 1, 1]",8.64,12.23,24.62,6.31,27648300.0
THR,65.71,10,"[1, 1, 1, 1, 1, 1, 1, 1, 1, 1]",56.56,40.6,69.76,24.1,764500.0
ECO,54.07,10,"[1, 1, 1, 1, 1, 1, 1, 1, 1, 1]",51.85,38.69,56.93,21.1,462995.0
BHC,5.47,2,"[1, 0, 0, 0, 0, 0, 0, 0, 1, 0]",5.44,6.3,8.34,4.45,1924295.0
NMM,74.52,10,"[1, 1, 1, 1, 1, 1, 1, 1, 1, 1]",69.82,56.91,76.62,37.44,162945.0
MBIN,45.99,9,"[1, 1, 1, 1, 1, 1, 1, 1, 1, 0]",45.55,37.58,49.89,28.93,143905.0
FLYW,16.12,10,"[1, 1, 1, 1, 1, 1, 1, 1, 1, 1]",13.65,13.3,17.73,10.0,2342640.0
PBI,15.25,8,"[1, 1, 1, 1, 0, 1, 1, 1, 1, 0]",13.14,11.19,16.46,8.89,3615200.0
WLY,42.34,9,"[1, 1, 1, 1, 0, 1, 1, 1, 1, 1]",39.45,35.73,43.49,28.52,339652.45
CMRE,16.42,8,"[0, 1, 1, 1, 1, 1, 1, 1, 1, 0]",16.9,14.79,17.79,8.15,500265.0
SLDE,18.63,9,"[1, 1, 1, 1, 1, 0, 1, 1, 1, 1]",18.29,16.86,23.3,12.74,1679320.0
OCUL,8.23,1,"[0, 0, 0, 0, 0, 0, 0, 0, 1, 0]",8.84,10.84,16.11,6.88,2863940.0
ESTA,72.19,9,"[1, 1, 1, 0, 1, 1, 1, 1, 1, 1]",64.96,59.88,79.67,33.62,529600.0
SRPT,16.8,4,"[0, 0, 0, 0, 1, 1, 1, 0, 1, 0]",20.05,19.98,43.01,11.93,2972590.0
IMOS,51.02,10,"[1, 1, 1, 1, 1, 1, 1, 1, 1, 1]",44.58,31.46,60.27,15.09,100190.0
NVCR,17.96,10,"[1, 1, 1, 1, 1, 1, 1, 1, 1, 1]",13.59,12.88,19.4,10.03,1978585.0
DEI,11.46,4,"[1, 1, 0, 0, 0, 0, 0, 0, 1, 1]",10.42,11.77,16.09,8.99,2607885.0
EZPW,33.79,10,"[1, 1, 1, 1, 1, 1, 1, 1, 1, 1]",29.82,22.33,34.65,13.02,726130.0
PDFS,46.09,9,"[1, 1, 1, 1, 1, 1, 1, 1, 1, 0]",40.62,30.79,55.09,17.7,977585.0
TRVI,14.13,9,"[1, 1, 1, 1, 1, 1, 1, 1, 1, 0]",13.25,11.2,15.4,5.47,1502095.0
DCO,144.37,10,"[1, 1, 1, 1, 1, 1, 1, 1, 1, 1]",135.96,109.74,151.59,67.74,220635.0
WS,40.09,9,"[1, 1, 1, 0, 1, 1, 1, 1, 1, 1]",35.37,35.05,48.45,24.15,238045.0
STOK,29.34,6,"[0, 0, 0, 1, 1, 1, 1, 1, 1, 0]",33.15,29.63,38.35,9.18,556005.0
DHC,8.75,10,"[1, 1, 1, 1, 1, 1, 1, 1, 1, 1]",7.53,5.56,9.13,3.1,1637485.0
TYRA,32.47,8,"[0, 1, 1, 1, 1, 1, 1, 1, 1, 0]",35.91,24.6,39.61,8.82,772895.0
SEM,16.52,10,"[1, 1, 1, 1, 1, 1, 1, 1, 1, 1]",16.33,14.63,16.54,11.56,1950535.0
CLBK,20.36,10,"[1, 1, 1, 1, 1, 1, 1, 1, 1, 1]",18.45,16.55,20.36,13.73,401240.0
MGNI,13.2,3,"[1, 0, 0, 0, 0, 0, 0, 0, 1, 1]",12.76,16.32,26.52,11.2,2785900.0
NGL,18.11,10,"[1, 1, 1, 1, 1, 1, 1, 1, 1, 1]",14.33,10.0,18.11,3.22,274650.0
NTST,20.43,9,"[1, 1, 1, 1, 1, 1, 1, 1, 1, 0]",20.07,18.68,20.97,14.92,1241160.0
ANAB,59.71,10,"[1, 1, 1, 1, 1, 1, 1, 1, 1, 1]",52.44,32.35,69.78,12.93,631665.0
NEXT,8.46,7,"[1, 1, 1, 1, 0, 0, 1, 0, 1, 1]",7.7,6.81,12.0,4.8,3266965.0
BBAI,4.18,4,"[1, 0, 0, 0, 0, 0, 1, 0, 1, 1]",3.81,5.34,8.91,3.04,43159065.0
ATEN,29.16,10,"[1, 1, 1, 1, 1, 1, 1, 1, 1, 1]",25.5,19.84,29.16,16.47,969535.0
GTY,33.23,9,"[1, 1, 1, 1, 1, 1, 1, 1, 1, 0]",32.97,29.19,34.61,24.79,410050.0
OMCL,44.41,9,"[1, 1, 1, 0, 1, 1, 1, 1, 1, 1]",38.38,37.92,51.39,26.88,693170.0
SION,41.13,10,"[1, 1, 1, 1, 1, 1, 1, 1, 1, 1]",39.74,35.83,45.95,12.72,387710.0
SOC,14.74,6,"[0, 1, 1, 1, 0, 0, 1, 0, 1, 1]",14.74,13.9,32.93,4.12,2790065.0
BW,19.04,10,"[1, 1, 1, 1, 1, 1, 1, 1, 1, 1]",16.4,8.4,21.85,0.65,4028765.0
BSTZ,28.7,10,"[1, 1, 1, 1, 1, 1, 1, 1, 1, 1]",24.66,22.01,28.79,17.01,235760.0
NEOG,8.9,8,"[0, 1, 1, 1, 1, 1, 1, 1, 1, 0]",9.15,7.77,11.33,4.65,2428800.0
UTI,40.06,10,"[1, 1, 1, 1, 1, 1, 1, 1, 1, 1]",37.06,30.8,41.5,21.77,865520.0
INBX,101.32,8,"[1, 1, 1, 1, 1, 1, 1, 0, 1, 0]",93.73,68.7,141.84,12.86,568970.0
AUPH,15.22,8,"[0, 1, 1, 1, 1, 1, 1, 1, 1, 0]",15.4,14.24,16.42,7.47,1240485.0
TSHA,5.49,9,"[1, 1, 1, 1, 1, 1, 1, 1, 1, 0]",5.48,4.63,6.98,2.31,2374960.0
GNL,9.33,9,"[1, 1, 1, 1, 1, 1, 1, 1, 1, 0]",9.32,8.4,9.76,6.41,1938040.0
MBX,31.85,8,"[1, 1, 1, 1, 1, 1, 1, 0, 1, 0]",31.62,26.77,43.14,9.73,733570.0
WSR,18.99,10,"[1, 1, 1, 1, 1, 1, 1, 1, 1, 1]",18.0,14.44,18.99,11.28,431740.0
ASTH,37.85,9,"[1, 1, 1, 1, 0, 1, 1, 1, 1, 1]",31.13,27.5,39.76,18.16,479505.0
LAC,4.87,6,"[1, 0, 0, 0, 1, 1, 1, 0, 1, 1]",4.68,4.89,10.05,2.53,13262795.0
IMAX,39.12,10,"[1, 1, 1, 1, 1, 1, 1, 1, 1, 1]",36.67,34.76,42.83,24.51,1381175.0
FIGS,12.54,7,"[0, 1, 1, 1, 1, 1, 1, 0, 1, 0]",14.28,10.83,17.12,4.32,4225880.0
MD,21.26,7,"[0, 0, 1, 1, 1, 1, 1, 1, 1, 0]",21.88,20.16,24.65,11.98,969625.0
NWL,3.64,1,"[0, 0, 0, 0, 0, 0, 0, 0, 1, 0]",3.91,4.3,6.17,3.0,7250745.0
PHVS,29.68,10,"[1, 1, 1, 1, 1, 1, 1, 1, 1, 1]",28.55,25.66,32.94,15.46,441530.0
PUMP,16.95,9,"[1, 1, 1, 1, 1, 1, 1, 1, 1, 0]",15.47,10.28,18.2,4.52,6591690.0
LC,15.63,4,"[0, 0, 0, 0, 1, 1, 1, 0, 1, 0]",15.65,16.86,21.58,9.86,2591770.0
AGM,177.61,7,"[1, 1, 1, 0, 0, 1, 0, 1, 1, 1]",163.02,169.21,204.24,139.0,107335.0
RAMP,37.7,9,"[1, 1, 1, 1, 1, 0, 1, 1, 1, 1]",29.03,27.86,37.83,22.42,1811540.0
LAR,9.19,9,"[1, 1, 1, 1, 1, 1, 1, 1, 1, 0]",8.59,6.05,11.79,1.73,3320860.0
STEL,37.47,10,"[1, 1, 1, 1, 1, 1, 1, 1, 1, 1]",36.93,33.27,39.54,26.09,233245.0
PRKS,36.78,4,"[1, 1, 0, 0, 0, 0, 0, 0, 1, 1]",34.46,40.34,55.21,29.73,1131790.0
SNDX,19.94,7,"[0, 0, 1, 1, 1, 1, 1, 1, 1, 0]",22.44,19.18,25.15,8.73,1756505.0
JBLU,5.05,6,"[1, 1, 1, 0, 0, 1, 0, 1, 1, 0]",4.78,4.89,6.46,4.01,25327535.0
ARCO,8.75,9,"[1, 1, 1, 1, 1, 1, 1, 1, 1, 0]",8.53,7.63,9.5,6.37,1301910.0
NEXA,14.47,10,"[1, 1, 1, 1, 1, 1, 1, 1, 1, 1]",12.98,9.13,16.72,4.66,1271000.0
AGRO,12.81,9,"[0, 1, 1, 1, 1, 1, 1, 1, 1, 1]",13.6,9.59,15.18,7.07,1139750.0
HTZ,5.3,3,"[0, 0, 0, 1, 0, 0, 1, 0, 1, 0]",5.56,5.47,7.97,3.89,10150710.0
SPB,78.35,9,"[1, 1, 1, 1, 1, 1, 1, 1, 1, 0]",78.29,64.54,85.41,49.63,414275.0
BLX,55.1,9,"[1, 1, 1, 1, 1, 1, 1, 1, 1, 0]",52.59,46.77,56.6,38.29,161390.0
MESO,15.2,5,"[1, 0, 0, 0, 1, 1, 1, 0, 1, 0]",15.05,16.31,20.96,10.16,152600.0
OCS,29.49,10,"[1, 1, 1, 1, 1, 1, 1, 1, 1, 1]",27.52,23.02,32.65,16.13,471490.0
ANIP,82.72,7,"[1, 1, 0, 0, 0, 1, 1, 1, 1, 1]",78.22,83.83,98.81,57.79,391905.0
PGNY,24.88,7,"[1, 1, 1, 0, 0, 0, 1, 1, 1, 1]",19.13,21.82,28.42,16.3,1786725.0
INVX,30.05,10,"[1, 1, 1, 1, 1, 1, 1, 1, 1, 1]",26.54,22.59,31.05,13.8,437435.0
CASH,82.74,7,"[0, 1, 1, 1, 1, 1, 0, 1, 1, 0]",89.21,80.41,99.93,66.39,193380.0
RAPP,37.72,10,"[1, 1, 1, 1, 1, 1, 1, 1, 1, 1]",33.85,27.91,39.93,8.27,316045.0
SNDA,37.01,10,"[1, 1, 1, 1, 1, 1, 1, 1, 1, 1]",35.02,31.28,38.78,23.92,676495.0
FIHL,22.79,10,"[1, 1, 1, 1, 1, 1, 1, 1, 1, 1]",20.45,18.78,23.65,14.51,460127.7
TPB,89.99,5,"[1, 0, 0, 0, 1, 1, 0, 0, 1, 1]",83.84,99.28,142.85,70.59,467255.0
VET,12.3,8,"[0, 1, 1, 1, 1, 1, 1, 1, 1, 0]",12.8,9.61,14.42,6.26,1537050.0
BORR,5.52,8,"[0, 1, 1, 1, 1, 1, 1, 1, 1, 0]",5.74,4.24,6.61,1.64,8289165.0
ECPG,80.2,9,"[1, 1, 1, 1, 1, 1, 1, 1, 1, 0]",77.35,57.12,84.41,35.97,353975.0
SONO,15.51,7,"[1, 0, 0, 0, 1, 1, 1, 1, 1, 1]",14.09,15.54,19.16,9.69,1758275.0
WBTN,12.18,5,"[1, 0, 0, 0, 0, 1, 1, 0, 1, 1]",11.15,13.55,21.31,8.17,355825.0
ADNT,21.58,5,"[1, 1, 0, 0, 0, 0, 1, 1, 1, 0]",20.94,22.02,27.09,14.73,957400.0
VRE,19.0,10,"[1, 1, 1, 1, 1, 1, 1, 1, 1, 1]",18.91,16.17,19.0,13.54,667190.0
UFPT,228.97,7,"[1, 1, 1, 0, 1, 0, 0, 1, 1, 1]",202.81,216.79,267.56,185.28,243905.0
CLVT,2.45,2,"[0, 0, 0, 0, 0, 0, 1, 0, 1, 0]",2.54,3.19,4.53,1.68,5084125.0
AIN,62.13,8,"[1, 1, 1, 1, 0, 0, 1, 1, 1, 1]",56.57,55.48,71.43,40.97,242530.0
CTS,62.32,10,"[1, 1, 1, 1, 1, 1, 1, 1, 1, 1]",53.87,46.93,62.32,36.41,298975.0
VOYG,44.64,8,"[1, 1, 1, 1, 0, 0, 1, 1, 1, 1]",29.33,28.83,56.48,17.99,2130885.0
ZYME,25.61,8,"[0, 1, 1, 1, 1, 1, 1, 1, 1, 0]",25.72,21.92,28.56,11.22,658135.0
CAPR,28.87,8,"[0, 1, 1, 1, 1, 1, 1, 1, 1, 0]",31.66,19.58,35.34,4.6,1141465.0
PSIX,38.87,1,"[0, 0, 0, 0, 0, 0, 0, 0, 1, 0]",63.29,74.4,115.78,36.36,1186115.0
LOB,37.28,8,"[1, 1, 1, 1, 0, 1, 1, 1, 1, 0]",35.47,35.53,41.72,26.85,218805.0
XPRO,15.93,8,"[0, 1, 1, 1, 1, 1, 1, 1, 1, 0]",16.83,14.66,18.39,7.85,956590.0
PVLA,113.99,8,"[0, 1, 1, 1, 1, 1, 1, 1, 1, 0]",121.81,92.05,148.34,20.51,227070.0
FLNG,31.96,10,"[1, 1, 1, 1, 1, 1, 1, 1, 1, 1]",31.07,26.45,33.27,19.8,458715.0
SFL,12.28,10,"[1, 1, 1, 1, 1, 1, 1, 1, 1, 1]",11.24,8.99,12.8,6.71,1406285.0
CYD,57.35,10,"[1, 1, 1, 1, 1, 1, 1, 1, 1, 1]",43.26,40.09,57.35,16.72,181440.0
TILE,28.81,9,"[1, 1, 1, 0, 1, 1, 1, 1, 1, 1]",27.09,28.16,34.83,19.56,580355.0
PCT,11.32,6,"[1, 1, 1, 0, 0, 0, 1, 0, 1, 1]",7.43,9.97,16.92,5.06,5137050.0
LPG,46.46,10,"[1, 1, 1, 1, 1, 1, 1, 1, 1, 1]",36.15,29.72,47.72,19.45,582195.0
TE,8.08,9,"[1, 1, 1, 0, 1, 1, 1, 1, 1, 1]",5.77,4.98,9.49,1.05,31440750.0
VRDN,17.24,3,"[0, 0, 0, 0, 1, 0, 0, 0, 1, 1]",18.46,24.31,33.78,13.3,3662785.0
NRIX,17.5,9,"[1, 1, 1, 0, 1, 1, 1, 1, 1, 1]",16.05,14.47,21.47,8.24,1034310.0
QURE,24.19,5,"[1, 0, 0, 0, 0, 1, 1, 0, 1, 1]",19.32,26.28,70.59,9.03,2118585.0
DV,9.83,1,"[0, 0, 0, 0, 0, 0, 0, 0, 1, 0]",10.18,11.29,16.27,8.61,3081545.0
AHG,1.53,4,"[0, 0, 0, 1, 0, 1, 1, 0, 1, 0]",2.15,1.71,2.5,1.12,135675.0
FIVN,22.76,7,"[1, 1, 1, 0, 0, 0, 1, 1, 1, 1]",17.58,20.42,29.56,13.61,4492485.0
INVA,22.46,8,"[0, 1, 1, 1, 1, 1, 1, 1, 1, 0]",22.92,20.86,24.24,16.67,721405.0
SILA,30.21,10,"[1, 1, 1, 1, 1, 1, 1, 1, 1, 1]",27.01,24.29,30.25,21.4,735760.0
OPRA,17.43,9,"[1, 1, 1, 1, 0, 1, 1, 1, 1, 1]",16.34,15.25,20.08,11.79,545010.0
ARDX,6.11,6,"[0, 0, 0, 0, 1, 1, 1, 1, 1, 1]",6.14,6.13,7.99,3.55,4422590.0
POET,14.59,8,"[1, 1, 1, 1, 1, 1, 1, 0, 1, 0]",8.98,6.88,20.57,3.96,72467495.0
NUVB,4.72,5,"[1, 0, 0, 0, 1, 1, 1, 0, 1, 0]",4.59,5.12,9.54,1.71,4918735.0
PEB,14.78,10,"[1, 1, 1, 1, 1, 1, 1, 1, 1, 1]",13.56,11.93,14.93,8.84,2426385.0
NTLA,12.6,4,"[0, 0, 0, 1, 0, 1, 1, 0, 1, 0]",13.56,13.23,27.98,6.87,9288385.0
NVAX,9.21,9,"[1, 1, 1, 1, 0, 1, 1, 1, 1, 1]",8.81,8.35,11.19,6.22,5601920.0
SKYT,37.21,10,"[1, 1, 1, 1, 1, 1, 1, 1, 1, 1]",31.28,22.93,37.21,8.19,1344820.0
ARLO,13.16,1,"[0, 0, 0, 0, 0, 0, 0, 0, 1, 0]",14.0,15.0,19.44,11.23,1646730.0
PRLB,71.36,10,"[1, 1, 1, 1, 1, 1, 1, 1, 1, 1]",63.2,55.55,72.57,36.53,199790.0
DCOM,36.9,10,"[1, 1, 1, 1, 1, 1, 1, 1, 1, 1]",35.14,31.26,37.34,24.47,293770.0
GLUE,18.81,8,"[1, 1, 1, 1, 1, 1, 1, 0, 1, 0]",17.99,14.63,25.31,3.97,725275.0
AMLX,13.58,6,"[0, 0, 1, 1, 1, 1, 1, 0, 1, 0]",15.24,13.55,18.36,4.72,1159045.0
CLOV,3.55,8,"[1, 1, 1, 0, 0, 1, 1, 1, 1, 1]",2.42,2.55,3.82,1.7,7257060.0
REX,48.77,10,"[1, 1, 1, 1, 1, 1, 1, 1, 1, 1]",45.76,35.83,51.16,20.03,152275.0
STBA,44.86,10,"[1, 1, 1, 1, 1, 1, 1, 1, 1, 1]",42.76,39.87,44.98,33.76,285505.0
KOS,3.03,10,"[1, 1, 1, 1, 1, 1, 1, 1, 1, 1]",2.84,1.86,3.27,0.87,15504045.0
KSS,13.06,4,"[0, 0, 0, 0, 1, 1, 1, 0, 1, 0]",13.41,16.36,24.34,7.21,4458790.0
IOVA,4.11,10,"[1, 1, 1, 1, 1, 1, 1, 1, 1, 1]",3.63,2.82,5.41,1.69,15315955.0
PAHC,33.26,5,"[0, 0, 0, 1, 1, 1, 1, 0, 1, 0]",50.39,43.34,59.58,22.93,481225.0
OUST,37.03,9,"[1, 1, 1, 1, 0, 1, 1, 1, 1, 1]",24.84,25.68,37.08,10.29,5191170.0
STGW,6.51,9,"[1, 1, 1, 1, 1, 1, 1, 1, 1, 0]",6.41,5.62,7.28,4.16,1464505.0
BAND,61.39,10,"[1, 1, 1, 1, 1, 1, 1, 1, 1, 1]",29.71,18.66,61.39,12.82,1412085.0
NVRI,19.6,10,"[1, 1, 1, 1, 1, 1, 1, 1, 1, 1]",19.2,16.16,19.9,7.54,1133570.0
ABCL,5.2,9,"[1, 1, 1, 1, 0, 1, 1, 1, 1, 1]",3.99,4.15,6.17,1.97,10017315.0
HOPE,12.38,10,"[1, 1, 1, 1, 1, 1, 1, 1, 1, 1]",11.83,11.05,12.77,9.37,928030.0
AMRC,31.77,8,"[1, 1, 1, 0, 1, 1, 1, 0, 1, 1]",27.77,30.57,43.23,13.53,601280.0
TFIN,66.77,9,"[1, 1, 1, 1, 1, 1, 1, 1, 1, 0]",62.67,59.83,70.73,46.95,248090.0
HCSG,20.43,9,"[1, 1, 1, 1, 1, 1, 1, 1, 1, 0]",20.27,18.57,23.06,12.69,576810.0
DCH,6.39,7,"[1, 0, 1, 0, 1, 1, 1, 0, 1, 1]",5.88,6.34,9.0,4.08,4695485.0
XHR,16.82,10,"[1, 1, 1, 1, 1, 1, 1, 1, 1, 1]",15.7,14.4,17.03,11.12,715545.0
WLFC,182.7,8,"[0, 1, 1, 1, 1, 1, 1, 1, 1, 0]",189.68,160.55,238.45,114.62,136925.0
GBX,47.94,6,"[0, 0, 1, 1, 1, 1, 0, 1, 1, 0]",50.04,47.88,58.47,40.45,340560.0
LILAK,8.03,6,"[0, 0, 0, 1, 1, 1, 1, 1, 1, 0]",8.24,8.08,8.94,5.0,756370.0
LILA,7.94,6,"[0, 0, 0, 1, 1, 1, 1, 1, 1, 0]",8.08,7.96,8.87,4.9,364730.0
ZD,43.7,8,"[0, 1, 1, 1, 1, 1, 1, 1, 1, 0]",43.77,37.64,48.23,26.51,583480.0
ECVT,13.81,9,"[1, 1, 1, 1, 1, 1, 1, 1, 1, 0]",13.55,10.53,14.97,7.3,1792585.0
VIR,9.19,8,"[0, 1, 1, 1, 1, 1, 1, 1, 1, 0]",9.54,7.07,11.09,4.28,1527100.0
AHCO,10.45,6,"[0, 0, 1, 1, 1, 1, 0, 1, 1, 0]",11.68,10.14,13.38,8.3,1540555.0
KW,10.99,10,"[1, 1, 1, 1, 1, 1, 1, 1, 1, 1]",10.89,9.5,11.04,5.74,1162045.0
ALGT,80.31,6,"[0, 0, 1, 0, 1, 1, 1, 0, 1, 1]",80.43,77.34,114.79,48.12,680010.0
TRS,40.12,9,"[1, 1, 1, 1, 0, 1, 1, 1, 1, 1]",37.63,36.41,42.72,25.31,524455.0
CRML,10.98,7,"[1, 1, 1, 0, 1, 1, 1, 0, 1, 0]",10.18,10.18,29.97,1.37,15726475.0
TH,17.9,10,"[1, 1, 1, 1, 1, 1, 1, 1, 1, 1]",13.94,9.37,18.66,6.22,1260070.0
UAMY,8.42,6,"[0, 0, 1, 1, 1, 1, 1, 0, 1, 0]",9.67,7.93,17.47,1.97,14704700.0
IMTX,11.62,10,"[1, 1, 1, 1, 1, 1, 1, 1, 1, 1]",10.62,9.42,11.87,4.93,542635.0
GSL,38.02,9,"[0, 1, 1, 1, 1, 1, 1, 1, 1, 1]",38.62,33.99,41.64,22.88,352455.0
YELP,22.39,1,"[0, 0, 0, 0, 0, 0, 0, 0, 1, 0]",25.61,28.4,38.76,19.78,1315915.0
CNOB,29.76,10,"[1, 1, 1, 1, 1, 1, 1, 1, 1, 1]",28.02,26.03,29.96,21.28,324645.0
RES,7.06,8,"[0, 1, 1, 1, 1, 1, 1, 1, 1, 0]",7.08,5.7,7.95,4.15,1825110.0
BY,33.17,10,"[1, 1, 1, 1, 1, 1, 1, 1, 1, 1]",32.2,29.79,33.59,24.47,286730.0
NVGS,23.13,10,"[1, 1, 1, 1, 1, 1, 1, 1, 1, 1]",20.85,18.09,24.22,13.67,483060.0
PGEN,4.24,9,"[1, 1, 1, 0, 1, 1, 1, 1, 1, 1]",3.95,3.93,5.21,1.32,3268080.0
BHVN,9.45,2,"[1, 0, 0, 0, 0, 0, 0, 0, 1, 0]",9.44,11.9,18.11,7.79,1922620.0
TNC,83.87,9,"[1, 1, 1, 1, 0, 1, 1, 1, 1, 1]",76.37,76.56,87.22,60.91,266650.0
HLF,12.43,5,"[0, 0, 0, 1, 1, 1, 1, 0, 1, 0]",14.97,12.91,19.96,6.66,1451185.0
SHLS,9.91,9,"[1, 1, 1, 0, 1, 1, 1, 1, 1, 1]",7.55,8.09,10.85,4.25,5531830.0
ATAI,4.32,6,"[1, 1, 1, 0, 0, 1, 1, 0, 1, 0]",3.97,4.3,6.45,2.02,4289515.0
BCAX,21.68,9,"[1, 1, 1, 1, 1, 1, 1, 1, 1, 0]",21.2,16.99,24.01,8.71,495575.0
GCT,38.19,6,"[0, 0, 1, 1, 1, 1, 1, 0, 1, 0]",43.08,36.5,51.8,17.56,858545.0
AIP,36.28,10,"[1, 1, 1, 1, 1, 1, 1, 1, 1, 1]",23.99,16.22,37.34,7.13,1167755.0
GHRS,22.12,10,"[1, 1, 1, 1, 1, 1, 1, 1, 1, 1]",18.03,15.13,22.54,11.17,217495.0
SBET,6.23,1,"[0, 0, 0, 0, 0, 0, 0, 0, 1, 0]",7.09,11.18,79.21,6.01,6810785.0
GILT,15.73,8,"[0, 1, 1, 1, 1, 1, 1, 1, 1, 0]",17.33,14.4,20.85,5.48,994335.0
AVAH,7.33,5,"[1, 0, 0, 0, 0, 1, 1, 0, 1, 1]",6.75,7.99,10.27,3.74,1668590.0
CBL,47.23,10,"[1, 1, 1, 1, 1, 1, 1, 1, 1, 1]",42.45,35.15,47.97,22.91,226865.0
BKSY,47.87,10,"[1, 1, 1, 1, 1, 1, 1, 1, 1, 1]",34.03,24.11,47.87,10.83,2371510.0
FTRE,13.22,8,"[1, 1, 1, 0, 1, 1, 1, 0, 1, 1]",11.14,11.77,18.4,4.06,1624180.0
NSSC,37.41,5,"[0, 0, 0, 0, 1, 1, 1, 1, 1, 0]",41.66,40.96,47.06,27.07,430340.0
DMRA,25.3,9,"[1, 1, 1, 1, 1, 1, 1, 0, 1, 1]",24.79,18.69,34.14,2.58,336450.0
PRG,33.46,8,"[1, 1, 1, 1, 0, 1, 0, 1, 1, 1]",31.28,31.61,40.14,25.95,512160.0
OBK,47.32,10,"[1, 1, 1, 1, 1, 1, 1, 1, 1, 1]",44.2,39.27,47.59,31.99,161010.0
MUX,21.14,6,"[0, 0, 1, 1, 1, 1, 1, 0, 1, 0]",22.28,19.87,29.05,7.96,1117710.0
PRCT,29.0,4,"[1, 0, 0, 0, 0, 0, 1, 0, 1, 1]",25.36,31.25,65.05,21.71,1717000.0
NBR,105.41,10,"[1, 1, 1, 1, 1, 1, 1, 1, 1, 1]",90.61,62.12,110.63,25.31,321225.0
MAZE,25.78,4,"[0, 0, 0, 0, 1, 1, 1, 0, 1, 0]",30.66,32.8,51.83,10.01,522540.0
ENVX,6.68,4,"[1, 0, 0, 0, 0, 0, 1, 0, 1, 1]",6.01,8.06,15.93,4.84,7286915.0
TBLA,4.92,10,"[1, 1, 1, 1, 1, 1, 1, 1, 1, 1]",3.84,3.7,5.25,2.95,3239535.0
URGN,28.89,10,"[1, 1, 1, 1, 1, 1, 1, 1, 1, 1]",22.89,21.22,31.33,3.93,909710.0
NNE,26.73,4,"[1, 0, 0, 0, 0, 0, 1, 0, 1, 1]",23.52,31.78,56.63,19.0,2451980.0
HROW,33.0,3,"[0, 0, 0, 0, 1, 1, 0, 0, 1, 0]",36.27,41.32,54.8,25.9,1007920.0
HLX,10.08,10,"[1, 1, 1, 1, 1, 1, 1, 1, 1, 1]",9.79,7.73,10.55,5.7,1904375.0
LINC,48.4,10,"[1, 1, 1, 1, 1, 1, 1, 1, 1, 1]",42.4,28.5,52.02,17.8,574230.0
RYZ,26.69,9,"[1, 1, 1, 0, 1, 1, 1, 1, 1, 1]",24.28,24.18,30.54,18.88,407220.0
HLIT,15.2,10,"[1, 1, 1, 1, 1, 1, 1, 1, 1, 1]",10.71,10.15,15.2,8.35,2720140.0
TROX,7.55,7,"[0, 1, 1, 1, 1, 1, 1, 0, 1, 0]",8.85,5.76,10.42,2.84,3413385.0
VIA,14.97,2,"[0, 0, 0, 0, 1, 0, 0, 0, 1, 0]",15.46,14.97,53.93,13.31,670640.0
LIND,20.57,10,"[1, 1, 1, 1, 1, 1, 1, 1, 1, 1]",18.66,15.56,21.7,10.19,722030.0
IPX,37.62,4,"[1, 0, 0, 0, 0, 0, 1, 0, 1, 1]",31.6,40.59,60.11,21.98,311135.0
WVE,6.38,2,"[0, 0, 0, 0, 1, 0, 0, 0, 1, 0]",7.95,10.09,21.31,5.94,4599285.0
PLTK,3.42,4,"[1, 0, 0, 0, 1, 0, 0, 0, 1, 1]",3.29,3.53,4.74,2.72,1220080.0
KALV,26.79,10,"[1, 1, 1, 1, 1, 1, 1, 1, 1, 1]",21.67,16.0,26.81,10.76,7465295.0
AVBP,26.73,8,"[0, 1, 1, 1, 1, 1, 1, 1, 1, 0]",26.92,22.38,31.39,16.95,386595.0
OLPX,2.05,10,"[1, 1, 1, 1, 1, 1, 1, 1, 1, 1]",1.9,1.49,2.05,1.01,3079260.0
RLJ,9.58,10,"[1, 1, 1, 1, 1, 1, 1, 1, 1, 1]",8.12,7.45,9.61,6.34,3135815.0
LOMA,10.95,6,"[1, 0, 1, 0, 1, 0, 1, 1, 1, 0]",10.93,10.61,13.78,7.13,408795.0
TV,2.8,5,"[0, 0, 0, 0, 1, 1, 1, 1, 1, 0]",2.92,2.86,3.44,1.9,1382235.0
SBH,12.61,4,"[0, 0, 0, 0, 1, 1, 1, 0, 1, 0]",13.69,14.7,17.0,8.48,1790065.0
CSIQ,18.88,7,"[1, 0, 1, 0, 1, 1, 1, 0, 1, 1]",15.27,17.82,33.58,9.51,3523665.0
RXT,4.15,9,"[1, 1, 1, 1, 1, 1, 1, 0, 1, 1]",2.32,1.51,7.29,0.41,38239200.0
GIII,30.82,8,"[1, 1, 1, 0, 1, 1, 1, 1, 1, 0]",29.25,28.55,31.95,20.4,424040.0
TTI,10.41,9,"[1, 1, 1, 0, 1, 1, 1, 1, 1, 1]",9.13,8.17,12.32,2.68,1343080.0
KDK,7.78,3,"[0, 0, 0, 0, 1, 0, 1, 0, 1, 0]",8.15,7.78,10.92,5.57,1137490.0
STAA,32.47,9,"[1, 1, 1, 1, 0, 1, 1, 1, 1, 1]",24.51,24.23,33.05,16.1,1032720.0
TWO,12.5,10,"[1, 1, 1, 1, 1, 1, 1, 1, 1, 1]",11.31,10.19,13.68,8.64,2713105.0
ARRY,8.48,6,"[1, 0, 0, 0, 1, 1, 1, 0, 1, 1]",7.67,8.55,11.96,5.48,5051740.0
BAK,4.83,10,"[1, 1, 1, 1, 1, 1, 1, 1, 1, 1]",4.0,3.36,5.02,2.38,2301745.0
TDOC,6.57,5,"[1, 1, 0, 0, 0, 0, 1, 0, 1, 1]",5.9,6.8,9.46,4.47,5123325.0
WLDN,93.55,5,"[1, 0, 0, 0, 0, 1, 1, 0, 1, 1]",80.48,98.82,134.94,51.45,573625.0
CRVS,12.61,6,"[0, 0, 1, 1, 1, 1, 1, 0, 1, 0]",14.76,11.24,25.52,3.49,1727000.0
CRI,37.23,10,"[1, 1, 1, 1, 1, 1, 1, 1, 1, 1]",35.64,32.79,44.05,23.07,1171255.0
PLSE,25.89,10,"[1, 1, 1, 1, 1, 1, 1, 1, 1, 1]",21.95,17.77,27.1,12.66,390835.0
OLMA,13.68,4,"[0, 0, 0, 0, 1, 1, 1, 0, 1, 0]",14.89,16.56,35.83,4.01,1062440.0
TEN,42.61,10,"[1, 1, 1, 1, 1, 1, 1, 1, 1, 1]",39.95,28.56,44.47,17.06,301690.0
WBI,31.16,7,"[1, 1, 0, 1, 0, 0, 1, 1, 1, 1]",27.59,31.16,31.16,18.72,680345.0
JBIO,22.21,9,"[1, 1, 1, 1, 1, 1, 1, 1, 1, 0]",20.11,13.75,26.85,6.76,542670.0
GPRE,15.47,8,"[0, 1, 1, 1, 1, 1, 1, 1, 1, 0]",16.33,12.19,18.25,4.04,1618240.0
RCAT,9.41,5,"[0, 0, 0, 1, 1, 1, 1, 0, 1, 0]",12.27,11.17,17.36,5.95,10094855.0
MRTN,16.69,10,"[1, 1, 1, 1, 1, 1, 1, 1, 1, 1]",14.22,12.18,16.69,9.31,945600.0
EVLV,6.24,3,"[1, 0, 0, 0, 0, 1, 0, 0, 1, 0]",6.23,6.77,8.76,4.9,3452040.0
NPKI,15.52,10,"[1, 1, 1, 1, 1, 1, 1, 1, 1, 1]",14.88,12.92,16.35,8.06,898490.0
ABTC,1.11,3,"[1, 0, 0, 0, 0, 0, 1, 0, 1, 0]",1.08,3.27,9.31,0.79,13465610.0
DQ,17.78,2,"[0, 0, 0, 0, 0, 0, 1, 0, 1, 0]",20.59,25.72,35.69,13.05,958040.0
AMAL,41.29,10,"[1, 1, 1, 1, 1, 1, 1, 1, 1, 1]",40.26,33.66,43.42,24.92,126945.0
VTOL,42.73,8,"[0, 1, 1, 1, 1, 1, 1, 1, 1, 0]",45.93,41.0,49.86,28.8,241750.0
PGY,12.76,1,"[0, 0, 0, 0, 0, 0, 0, 0, 1, 0]",12.9,22.22,43.81,10.64,3927480.0
NAT,5.4,8,"[0, 1, 1, 1, 1, 1, 1, 1, 1, 0]",5.68,4.14,6.18,2.42,2998375.0
PNTG,33.92,10,"[1, 1, 1, 1, 1, 1, 1, 1, 1, 1]",31.99,28.62,36.9,22.07,268545.0
MRVI,4.4,10,"[1, 1, 1, 1, 1, 1, 1, 1, 1, 1]",3.54,3.29,4.85,2.01,2644470.0
NSP,32.09,3,"[1, 0, 0, 0, 0, 0, 1, 0, 1, 0]",28.9,36.98,61.09,19.9,772195.0
MLTX,18.19,6,"[1, 1, 0, 1, 0, 0, 1, 0, 1, 1]",17.42,22.06,61.99,6.24,919160.0
BLDP,5.54,10,"[1, 1, 1, 1, 1, 1, 1, 1, 1, 1]",3.28,2.79,5.54,1.28,11831230.0
UFCS,47.17,10,"[1, 1, 1, 1, 1, 1, 1, 1, 1, 1]",40.96,35.83,49.2,25.86,140295.0
REAL,9.2,4,"[0, 0, 0, 0, 1, 1, 1, 0, 1, 0]",10.28,11.66,16.9,4.79,4256405.0
JKS,22.87,5,"[0, 0, 0, 0, 1, 1, 1, 0, 1, 1]",23.8,25.07,30.58,16.57,821230.0
AORT,22.46,1,"[0, 0, 0, 0, 0, 0, 0, 0, 1, 0]",33.41,40.28,47.63,22.23,884555.0
KMTS,21.64,6,"[1, 0, 0, 0, 1, 1, 1, 1, 1, 0]",20.58,22.95,28.01,14.46,263965.0
ASTE,48.58,4,"[0, 0, 0, 1, 1, 1, 0, 0, 1, 0]",55.13,49.89,64.85,37.5,261995.0
COLL,34.07,4,"[0, 0, 0, 0, 1, 1, 0, 0, 1, 1]",34.29,39.7,49.84,28.86,454710.0
TK,13.34,10,"[1, 1, 1, 1, 1, 1, 1, 1, 1, 1]",12.74,10.28,14.15,7.2,620165.0
VSTS,11.74,10,"[1, 1, 1, 1, 1, 1, 1, 1, 1, 1]",9.24,6.76,12.25,4.06,1859475.0
DLX,23.73,7,"[0, 0, 1, 1, 1, 1, 1, 1, 1, 0]",27.25,22.71,31.5,12.92,569030.0
CCO,2.4,10,"[1, 1, 1, 1, 1, 1, 1, 1, 1, 1]",2.38,1.97,2.41,1.02,5453225.0
ULCC,4.95,8,"[1, 1, 1, 0, 0, 1, 1, 1, 1, 1]",4.03,4.51,6.52,3.1,6252360.0
ITRN,60.11,10,"[1, 1, 1, 1, 1, 1, 1, 1, 1, 1]",54.46,43.0,60.98,31.01,114420.0
ELE,16.78,5,"[0, 0, 0, 1, 1, 1, 1, 0, 1, 0]",18.54,17.54,24.21,10.41,334040.0
ADTN,15.67,9,"[1, 1, 1, 1, 1, 1, 1, 1, 1, 0]",14.61,10.53,18.45,7.25,2700170.0
ACDC,7.15,7,"[1, 1, 1, 1, 1, 0, 1, 0, 1, 0]",6.74,4.98,10.53,3.19,1363335.0
XPEL,44.71,7,"[1, 0, 1, 0, 1, 1, 1, 1, 1, 0]",43.7,43.07,54.95,31.49,286820.0
PRCH,9.56,5,"[1, 1, 0, 0, 0, 0, 1, 0, 1, 1]",8.49,11.16,19.04,6.4,2432800.0
CMP,30.59,10,"[1, 1, 1, 1, 1, 1, 1, 1, 1, 1]",25.62,21.63,30.59,16.54,808995.0
NEO,9.23,6,"[1, 0, 0, 0, 1, 1, 1, 0, 1, 1]",8.32,9.63,13.22,4.84,2162865.0
AVNS,24.61,9,"[1, 1, 1, 1, 1, 1, 1, 1, 1, 0]",20.11,14.14,24.81,9.89,1275440.0
GOOS,9.81,1,"[0, 0, 0, 0, 0, 0, 0, 0, 1, 0]",10.99,12.43,15.24,9.32,520060.0
PRSU,44.32,10,"[1, 1, 1, 1, 1, 1, 1, 1, 1, 1]",39.98,36.59,44.55,27.21,215550.0
VYX,6.59,1,"[0, 0, 0, 0, 0, 0, 0, 0, 1, 0]",6.78,9.88,14.63,6.15,2308085.0
GOLD,43.4,7,"[0, 1, 1, 1, 1, 1, 1, 0, 1, 0]",43.47,36.5,63.6,19.24,610945.0
HQH,19.47,8,"[1, 1, 1, 1, 1, 1, 0, 0, 1, 1]",18.57,17.45,,,129990.0
EYPT,12.93,4,"[0, 0, 0, 0, 1, 1, 1, 0, 1, 0]",13.46,13.97,18.85,5.68,815060.0
EDN,24.1,3,"[0, 0, 0, 0, 1, 0, 1, 0, 1, 0]",26.61,26.41,36.41,15.01,173325.0
AOSL,41.72,8,"[1, 1, 1, 1, 0, 1, 1, 1, 1, 0]",32.49,26.23,49.33,17.47,1126320.0
ALNT,63.37,6,"[0, 1, 1, 1, 1, 1, 0, 0, 1, 0]",66.85,57.14,,,231605.0
GNK,23.39,7,"[0, 1, 1, 1, 1, 1, 0, 0, 1, 1]",23.42,19.32,,,360365.0
LQDT,34.43,9,"[1, 1, 1, 1, 1, 1, 1, 1, 1, 0]",32.78,29.43,37.22,22.16,169870.0
XERS,6.19,5,"[1, 0, 0, 0, 0, 1, 1, 0, 1, 1]",5.98,7.14,9.9,4.35,1712775.0
CDNA,21.63,10,"[1, 1, 1, 1, 1, 1, 1, 1, 1, 1]",19.4,17.4,22.42,11.57,734340.0
ZBIO,18.97,5,"[0, 0, 0, 0, 1, 1, 1, 0, 1, 1]",20.41,24.51,43.17,9.14,544355.0
EVEX,3.05,3,"[1, 0, 0, 0, 0, 0, 0, 0, 1, 1]",2.79,3.79,7.51,2.38,1186965.0
AMN,27.66,9,"[1, 1, 1, 1, 0, 1, 1, 1, 1, 1]",21.51,19.34,30.87,15.1,1348480.0
BUR,4.53,1,"[0, 0, 0, 0, 0, 0, 0, 0, 1, 0]",5.26,9.05,14.64,3.98,3489480.0
TDAY,7.56,10,"[1, 1, 1, 1, 1, 1, 1, 1, 1, 1]",7.1,5.51,7.63,3.29,1710075.0
ACVA,5.95,4,"[1, 0, 0, 0, 0, 0, 1, 0, 1, 1]",5.07,7.67,16.89,4.15,4024810.0
KODK,9.82,7,"[0, 1, 1, 1, 1, 1, 1, 0, 1, 0]",10.93,8.07,14.51,5.43,1357040.0
DBVT,18.18,6,"[0, 0, 1, 1, 1, 1, 1, 0, 1, 0]",20.1,16.92,24.54,7.74,170190.0
IVA,5.07,5,"[0, 0, 0, 1, 1, 1, 1, 0, 1, 0]",5.49,5.3,7.15,2.98,243320.0
ASST,18.21,5,"[1, 1, 0, 0, 0, 0, 1, 0, 1, 1]",13.57,32.3,209.2,7.16,3750985.0
UVE,38.98,9,"[1, 1, 1, 1, 1, 1, 1, 1, 1, 0]",36.37,31.33,41.1,22.38,224680.0
OSBC,21.08,10,"[1, 1, 1, 1, 1, 1, 1, 1, 1, 1]",20.57,19.26,21.86,16.11,374270.0
MNKD,3.38,4,"[1, 0, 0, 0, 0, 0, 1, 0, 1, 1]",2.8,4.57,6.21,2.28,6834370.0
GHM,94.96,9,"[1, 1, 1, 1, 1, 1, 1, 1, 1, 0]",90.21,70.04,102.03,36.79,194850.0
BFLY,4.47,9,"[1, 1, 1, 1, 1, 1, 1, 1, 1, 0]",4.45,3.21,5.53,1.33,5104190.0
NWPX,112.26,10,"[1, 1, 1, 1, 1, 1, 1, 1, 1, 1]",89.98,67.94,113.97,38.56,166870.0
LGIH,46.11,4,"[1, 0, 0, 0, 0, 0, 1, 0, 1, 1]",42.27,49.44,67.47,34.24,461125.0
SATL,10.61,10,"[1, 1, 1, 1, 1, 1, 1, 1, 1, 1]",6.72,3.88,10.61,1.27,8784725.0
IART,15.1,8,"[1, 1, 1, 0, 0, 1, 1, 1, 1, 1]",11.16,12.54,16.12,8.9,1243875.0
UVSP,39.3,10,"[1, 1, 1, 1, 1, 1, 1, 1, 1, 1]",36.35,32.74,39.31,27.36,188575.0
PBT,31.01,10,"[1, 1, 1, 1, 1, 1, 1, 1, 1, 1]",23.27,19.27,31.01,10.72,245780.0
RJET,23.57,9,"[1, 1, 1, 0, 1, 1, 1, 1, 1, 1]",19.21,19.6,25.35,13.65,138505.0
SEPN,28.36,9,"[1, 1, 1, 0, 1, 1, 1, 1, 1, 1]",24.94,22.94,30.86,9.19,317080.0
SVRA,5.02,5,"[0, 0, 1, 0, 1, 1, 1, 0, 1, 0]",5.29,4.88,6.94,1.94,1215450.0
SVC,1.71,4,"[1, 0, 0, 0, 0, 0, 1, 0, 1, 1]",1.59,2.05,2.99,1.17,9175420.0
TNDM,14.97,4,"[0, 0, 0, 0, 1, 1, 1, 0, 1, 0]",19.34,18.02,28.26,10.11,2819240.0
PDM,8.2,7,"[1, 1, 1, 0, 0, 1, 0, 1, 1, 1]",7.5,8.09,9.06,6.39,1038170.0
ATEX,63.57,10,"[1, 1, 1, 1, 1, 1, 1, 1, 1, 1]",45.29,29.32,63.57,17.99,339975.0
PLOW,44.2,9,"[1, 1, 1, 1, 1, 1, 1, 1, 1, 0]",44.17,36.6,50.74,26.04,308570.0
RERE,4.68,5,"[0, 0, 0, 0, 1, 1, 1, 1, 1, 0]",4.73,4.76,6.2,2.39,1165230.0
APEI,51.5,8,"[0, 1, 1, 1, 1, 1, 1, 1, 1, 0]",56.5,42.14,60.86,26.04,273335.0
CEVA,39.43,9,"[1, 1, 1, 1, 0, 1, 1, 1, 1, 1]",26.15,24.1,39.43,17.21,1028280.0
INNV,7.2,7,"[0, 1, 1, 1, 1, 1, 1, 0, 1, 0]",7.93,6.2,10.6,3.13,274170.0
HTLD,14.35,10,"[1, 1, 1, 1, 1, 1, 1, 1, 1, 1]",11.72,9.74,14.35,7.05,563540.0
CFFN,7.75,10,"[1, 1, 1, 1, 1, 1, 1, 1, 1, 1]",7.43,6.71,7.85,5.29,885385.0
OMER,11.46,7,"[0, 1, 1, 1, 1, 1, 1, 0, 1, 0]",12.45,9.57,17.18,2.97,1420895.0
LXU,13.04,8,"[0, 1, 1, 1, 1, 1, 1, 1, 1, 0]",14.58,10.48,16.88,7.16,1149970.0
GDRX,2.65,5,"[1, 1, 0, 0, 0, 0, 1, 0, 1, 1]",2.31,2.99,5.12,1.87,1736450.0
ODV,2.69,4,"[0, 0, 0, 0, 1, 1, 1, 0, 1, 0]",3.21,3.37,4.78,1.83,4658395.0
KOPN,5.14,10,"[1, 1, 1, 1, 1, 1, 1, 1, 1, 1]",3.4,2.79,5.52,1.27,13987975.0
DAKT,20.29,6,"[1, 0, 0, 0, 1, 1, 1, 0, 1, 1]",19.81,20.33,27.73,13.17,283075.0
INR,14.51,4,"[0, 0, 0, 1, 1, 1, 0, 0, 1, 0]",16.54,14.78,19.56,11.2,418925.0
EPC,17.66,2,"[0, 0, 0, 1, 0, 0, 0, 0, 1, 0]",20.79,19.96,27.29,15.8,956940.0
INDI,4.81,8,"[1, 1, 1, 0, 0, 1, 1, 1, 1, 1]",3.53,3.97,6.0,2.42,6331900.0
PHAT,11.33,4,"[0, 0, 0, 0, 1, 1, 1, 0, 1, 0]",11.75,12.83,18.08,4.02,1389085.0
CRON,2.74,10,"[1, 1, 1, 1, 1, 1, 1, 1, 1, 1]",2.61,2.6,3.27,1.86,1484810.0
JMIA,6.97,3,"[0, 0, 0, 0, 0, 1, 1, 0, 1, 0]",7.16,9.85,14.6,3.05,2819570.0
XNCR,11.31,4,"[0, 0, 0, 0, 1, 1, 1, 0, 1, 0]",12.21,12.5,18.14,7.0,826115.0
CMPS,11.81,10,"[1, 1, 1, 1, 1, 1, 1, 1, 1, 1]",7.76,6.49,11.81,2.35,4012120.0
METC,13.92,3,"[0, 0, 0, 0, 0, 0, 1, 0, 1, 1]",14.44,21.48,54.55,8.84,1444370.0
AMBQ,81.67,8,"[1, 1, 1, 1, 0, 0, 1, 1, 1, 1]",38.99,33.21,81.67,22.76,838120.0
NUTX,118.91,6,"[1, 0, 0, 0, 1, 1, 1, 0, 1, 1]",110.81,119.11,190.49,80.92,163085.0
CODI,11.46,9,"[1, 1, 1, 1, 1, 1, 1, 1, 1, 0]",9.9,7.38,12.48,4.65,904185.0
SANA,3.07,3,"[0, 0, 0, 0, 1, 0, 1, 0, 1, 0]",3.25,3.86,5.92,1.99,3880490.0
SCSC,44.09,7,"[1, 1, 1, 0, 0, 1, 0, 1, 1, 1]",39.37,40.69,45.9,34.27,273435.0
NX,17.71,7,"[0, 1, 1, 1, 1, 0, 1, 1, 1, 0]",18.69,17.15,22.45,11.14,332715.0
AVO,11.92,5,"[0, 0, 0, 1, 1, 1, 0, 1, 1, 0]",13.37,12.77,15.34,10.16,990525.0
ANNX,5.31,8,"[0, 1, 1, 1, 1, 1, 1, 1, 1, 0]",5.65,4.47,6.96,1.97,2161150.0
SNCY,16.17,7,"[0, 1, 1, 1, 1, 1, 1, 0, 1, 0]",16.59,14.86,21.84,10.3,593412.35
AMTB,22.46,8,"[0, 1, 1, 1, 1, 1, 1, 1, 1, 0]",22.57,20.53,24.12,16.29,222380.0
ABSI,5.1,10,"[1, 1, 1, 1, 1, 1, 1, 1, 1, 1]",3.97,3.36,5.95,2.3,5186060.0
AMC,1.51,3,"[1, 0, 0, 0, 0, 0, 1, 0, 1, 0]",1.36,1.98,4.01,0.95,25986670.0
ORIC,8.32,2,"[0, 0, 0, 0, 0, 0, 1, 0, 1, 0]",10.01,10.85,14.41,5.78,1285725.0
RHLD,112.73,4,"[0, 0, 0, 0, 1, 1, 1, 0, 1, 0]",138.55,139.96,226.37,29.6,183540.0
TBN,35.01,7,"[0, 1, 1, 1, 1, 1, 1, 0, 1, 0]",36.32,28.2,49.99,18.16,175965.0
JBSS,76.71,8,"[0, 1, 1, 1, 1, 1, 1, 1, 1, 0]",77.78,70.43,82.27,57.1,115715.0
MGTX,9.24,10,"[1, 1, 1, 1, 1, 1, 1, 1, 1, 1]",9.12,8.24,11.29,5.09,689210.0
HEPS,2.73,6,"[0, 1, 1, 1, 0, 1, 0, 1, 1, 0]",2.74,2.68,3.29,2.18,398120.0
AGL,86.39,9,"[1, 1, 1, 1, 0, 1, 1, 1, 1, 1]",32.88,24.03,88.2,7.91,608035.0
HAFC,30.17,10,"[1, 1, 1, 1, 1, 1, 1, 1, 1, 1]",28.01,26.34,30.78,21.52,259125.0
SLS,7.78,10,"[1, 1, 1, 1, 1, 1, 1, 1, 1, 1]",5.29,3.32,8.97,1.39,8852015.0
BJRI,44.56,9,"[1, 1, 1, 0, 1, 1, 1, 1, 1, 1]",38.25,37.07,46.78,28.69,354945.0
CGEM,13.84,9,"[0, 1, 1, 1, 1, 1, 1, 1, 1, 1]",14.2,10.8,16.33,5.75,964330.0
VPG,113.76,10,"[1, 1, 1, 1, 1, 1, 1, 1, 1, 1]",60.0,43.01,113.76,25.07,556655.0
SHEN,15.88,9,"[1, 1, 1, 1, 1, 1, 1, 1, 1, 0]",15.55,13.17,17.1,9.9,377300.0
ROOT,57.38,3,"[1, 0, 0, 0, 0, 0, 1, 0, 1, 0]",50.89,70.72,155.53,43.21,308860.0
GERN,1.28,4,"[0, 0, 0, 1, 1, 1, 0, 0, 1, 0]",1.53,1.41,1.95,1.07,14742365.0
VLRS,6.86,4,"[0, 0, 0, 0, 1, 1, 1, 0, 1, 0]",7.3,7.54,10.63,4.19,565625.0
LXRX,2.16,10,"[1, 1, 1, 1, 1, 1, 1, 1, 1, 1]",1.8,1.45,2.44,0.62,3054315.0
DSGN,10.97,7,"[0, 1, 1, 1, 1, 1, 1, 0, 1, 0]",12.35,9.08,15.79,3.37,1239250.0
HNRG,17.96,6,"[1, 0, 0, 0, 1, 1, 0, 1, 1, 1]",16.76,18.64,23.81,14.65,1124235.0
NB,5.4,4,"[1, 0, 0, 0, 0, 1, 1, 0, 1, 0]",5.34,5.93,11.67,2.19,4217020.0
MATW,26.76,9,"[1, 1, 1, 1, 1, 1, 1, 1, 1, 0]",26.47,25.08,28.35,20.04,219455.0
TBPH,16.37,7,"[1, 0, 1, 0, 1, 1, 1, 1, 1, 0]",16.07,16.35,20.74,9.15,329525.0
BVS,9.28,8,"[0, 1, 1, 1, 1, 1, 1, 1, 1, 0]",9.71,8.06,10.94,6.14,544370.0
OMDA,16.51,5,"[1, 1, 0, 0, 0, 0, 1, 0, 1, 1]",14.23,17.58,26.78,10.94,1228505.0
SCHL,40.71,10,"[1, 1, 1, 1, 1, 1, 1, 1, 1, 1]",38.85,31.69,41.85,16.6,338840.0
TALK,5.2,10,"[1, 1, 1, 1, 1, 1, 1, 1, 1, 1]",5.17,3.82,5.2,2.27,1477660.0
ABX,9.04,9,"[1, 1, 1, 1, 1, 1, 1, 1, 1, 0]",8.99,7.55,10.31,4.5,553610.0
SPRY,7.94,1,"[0, 0, 0, 0, 0, 0, 0, 0, 1, 0]",8.2,9.86,18.35,6.73,1886345.0
CTMX,3.76,4,"[0, 0, 0, 0, 1, 1, 1, 0, 1, 0]",4.34,3.95,6.75,1.76,3096690.0
MYE,22.28,10,"[1, 1, 1, 1, 1, 1, 1, 1, 1, 1]",21.4,19.05,23.41,11.69,252160.0
ABUS,4.35,7,"[0, 0, 1, 0, 1, 1, 1, 1, 1, 1]",4.36,4.33,4.95,3.09,1323985.0
AEVA,25.32,7,"[1, 1, 1, 1, 0, 0, 1, 0, 1, 1]",15.79,14.92,37.79,9.19,2414160.0
KOP,40.36,10,"[1, 1, 1, 1, 1, 1, 1, 1, 1, 1]",39.05,31.9,43.99,26.22,199465.0
NBBK,19.78,7,"[0, 0, 1, 1, 1, 1, 0, 1, 1, 1]",20.66,19.71,22.56,15.84,311570.0
IBTA,32.22,5,"[0, 1, 1, 1, 0, 0, 1, 0, 1, 0]",32.23,27.24,50.98,19.25,202370.0
CRSR,7.7,8,"[1, 1, 1, 1, 0, 0, 1, 1, 1, 1]",6.32,6.8,9.76,4.58,1374325.0
KRO,6.74,8,"[1, 1, 1, 1, 0, 1, 1, 1, 1, 0]",6.62,5.63,7.88,4.24,323795.0
ODD,12.32,1,"[0, 0, 0, 0, 0, 0, 0, 0, 1, 0]",14.14,36.34,77.35,11.77,1407855.0
DRUG,83.5,9,"[1, 1, 1, 1, 1, 1, 1, 1, 1, 0]",81.13,70.13,95.99,23.27,234455.0
KURA,11.25,9,"[1, 1, 1, 0, 1, 1, 1, 1, 1, 1]",9.02,9.17,12.14,5.54,1743815.0
SCZM,8.03,4,"[0, 0, 0, 0, 1, 1, 1, 0, 1, 0]",8.41,8.23,16.16,1.75,518900.0
CVLG,37.41,10,"[1, 1, 1, 1, 1, 1, 1, 1, 1, 1]",30.48,25.19,37.41,17.97,189460.0
TSAT,53.5,10,"[1, 1, 1, 1, 1, 1, 1, 1, 1, 1]",45.81,32.39,54.91,15.67,201105.0
SG,9.78,6,"[1, 1, 1, 0, 0, 0, 1, 0, 1, 1]",6.45,7.03,16.26,4.7,5760200.0
VOR,14.33,4,"[0, 0, 0, 1, 0, 0, 1, 0, 1, 1]",14.98,20.32,53.4,3.48,851395.0
CTLP,11.2,8,"[1, 1, 1, 1, 0, 0, 1, 1, 1, 1]",10.74,10.69,11.2,8.23,1447159.6
WYFI,30.19,7,"[1, 1, 1, 0, 0, 0, 1, 1, 1, 1]",17.58,20.39,39.13,10.78,2135355.0
SABR,1.53,3,"[0, 0, 0, 1, 0, 0, 1, 0, 1, 0]",1.66,1.62,3.42,0.82,6584160.0
CGNT,10.1,10,"[1, 1, 1, 1, 1, 1, 1, 1, 1, 1]",9.27,8.71,11.39,6.34,625740.0
ETON,32.59,10,"[1, 1, 1, 1, 1, 1, 1, 1, 1, 1]",26.11,19.47,35.0,13.5,435750.0
ESPR,3.13,9,"[1, 1, 1, 0, 1, 1, 1, 1, 1, 1]",2.59,2.92,4.08,0.79,21244685.0
WEST,8.35,9,"[1, 1, 1, 1, 0, 1, 1, 1, 1, 1]",5.71,4.99,8.75,3.71,1021685.0
EGBN,26.19,9,"[1, 1, 1, 1, 1, 1, 1, 1, 1, 0]",25.74,22.29,28.17,15.78,238680.0
GO,8.02,4,"[1, 0, 0, 0, 0, 0, 1, 0, 1, 1]",7.33,11.43,18.66,5.79,3645680.0
BIOA,16.61,7,"[0, 1, 1, 1, 1, 1, 1, 0, 1, 0]",17.67,12.85,22.92,3.95,368735.0
ASC,18.83,10,"[1, 1, 1, 1, 1, 1, 1, 1, 1, 1]",16.66,13.38,19.68,9.31,765075.0
ADAM,8.9,10,"[1, 1, 1, 1, 1, 1, 1, 1, 1, 1]",8.0,7.24,8.98,5.66,961670.0
DXYZ,66.64,10,"[1, 1, 1, 1, 1, 1, 1, 1, 1, 1]",35.27,29.59,71.24,20.82,5427515.0
SUPV,7.93,3,"[0, 0, 0, 0, 1, 0, 1, 0, 1, 0]",8.7,9.33,15.7,4.69,816135.0
NRGV,5.13,9,"[1, 1, 1, 0, 1, 1, 1, 1, 1, 1]",4.06,3.67,6.14,0.65,5193870.0
IMSR,7.62,3,"[1, 0, 0, 0, 0, 0, 1, 0, 1, 0]",6.89,10.38,27.1,5.53,3248410.0
ANRO,21.22,8,"[0, 1, 1, 1, 1, 1, 1, 1, 1, 0]",23.36,14.82,27.72,2.2,317735.0
KFRC,41.53,10,"[1, 1, 1, 1, 1, 1, 1, 1, 1, 1]",34.23,30.88,46.72,23.87,324490.0
CWH,7.45,2,"[1, 0, 0, 0, 0, 0, 0, 0, 1, 0]",6.97,11.56,18.74,5.8,2982925.0
ARKO,7.63,10,"[1, 1, 1, 1, 1, 1, 1, 1, 1, 1]",6.16,5.22,7.63,3.76,918370.0
IHRT,4.41,8,"[1, 1, 1, 1, 1, 1, 1, 0, 1, 0]",4.14,3.52,6.33,1.23,1808005.0
PSTL,23.69,10,"[1, 1, 1, 1, 1, 1, 1, 1, 1, 1]",20.64,17.13,23.7,12.4,327905.0
MTUS,19.11,8,"[1, 1, 1, 0, 1, 1, 1, 1, 1, 0]",17.45,17.55,21.51,12.3,301575.0
RLMD,7.04,9,"[1, 1, 1, 1, 1, 1, 1, 1, 1, 0]",6.99,4.08,7.86,0.54,1013765.0
CRESY,11.02,6,"[0, 0, 1, 0, 1, 1, 1, 1, 1, 0]",11.55,10.95,14.11,7.88,274805.0
CBLL,18.77,8,"[0, 1, 1, 1, 1, 1, 1, 1, 1, 0]",19.15,16.93,23.43,10.92,366160.0
LYTS,23.26,9,"[1, 1, 1, 1, 0, 1, 1, 1, 1, 1]",21.12,20.92,24.56,15.48,500425.0
NXDR,2.02,7,"[1, 1, 1, 0, 0, 1, 1, 0, 1, 1]",1.62,1.86,2.77,1.36,3251430.0
DSP,11.19,9,"[1, 1, 1, 1, 1, 0, 1, 1, 1, 1]",11.02,10.45,14.79,8.14,245525.0
PGC,42.83,10,"[1, 1, 1, 1, 1, 1, 1, 1, 1, 1]",38.83,31.39,43.14,24.59,118030.0
HZO,34.92,10,"[1, 1, 1, 1, 1, 1, 1, 1, 1, 1]",29.15,26.88,34.92,20.78,385410.0
ALLO,2.0,7,"[0, 1, 1, 1, 1, 1, 1, 0, 1, 0]",2.31,1.68,3.06,1.03,6237340.0
HSHP,14.2,10,"[1, 1, 1, 1, 1, 1, 1, 1, 1, 1]",13.86,10.27,16.09,5.4,343880.0
DRTS,10.04,10,"[1, 1, 1, 1, 1, 1, 1, 1, 1, 1]",8.07,5.75,11.18,2.81,992165.0
FOXF,16.28,1,"[0, 0, 0, 0, 0, 0, 0, 0, 1, 0]",16.91,20.07,30.41,13.19,551400.0
WRLD,159.92,8,"[1, 1, 1, 1, 0, 0, 1, 1, 1, 1]",144.42,148.87,184.43,115.57,170315.0
PRAA,14.64,5,"[0, 0, 0, 1, 1, 1, 1, 0, 1, 0]",18.58,16.28,22.23,10.42,588765.0
NTGR,25.79,5,"[1, 1, 1, 0, 0, 0, 0, 0, 1, 1]",24.31,25.65,36.01,19.87,428440.0
HPK,7.85,7,"[1, 1, 1, 1, 0, 0, 1, 0, 1, 1]",6.61,6.13,11.77,3.89,852255.0
KRNT,14.59,5,"[0, 1, 1, 1, 1, 0, 0, 0, 1, 0]",15.34,14.55,22.96,12.31,360400.0
FCEL,25.01,10,"[1, 1, 1, 1, 1, 1, 1, 1, 1, 1]",11.03,8.35,26.38,3.92,12208310.0
EVER,18.88,4,"[1, 0, 0, 0, 0, 0, 1, 0, 1, 1]",16.7,21.18,27.87,14.27,1279400.0
GFR,6.02,8,"[0, 1, 1, 1, 1, 1, 1, 1, 1, 0]",6.19,5.32,6.92,4.18,240030.0
LPTH,16.95,10,"[1, 1, 1, 1, 1, 1, 1, 1, 1, 1]",12.53,9.53,16.95,2.37,4062400.0
RMT,13.5,10,"[1, 1, 1, 1, 1, 1, 1, 1, 1, 1]",12.58,10.95,13.85,8.01,103500.0
SB,6.57,9,"[0, 1, 1, 1, 1, 1, 1, 1, 1, 1]",6.59,5.35,7.33,3.54,510340.0
HIVE,4.07,7,"[1, 1, 1, 0, 0, 1, 1, 0, 1, 1]",2.47,3.16,6.96,1.67,26530765.0
SLDB,6.62,8,"[0, 1, 1, 1, 1, 1, 1, 1, 1, 0]",7.45,6.17,8.63,2.81,1189570.0
GDOT,12.78,8,"[1, 1, 1, 0, 0, 1, 1, 1, 1, 1]",11.92,12.43,15.25,9.05,437355.0
MAKO,8.11,10,"[1, 1, 1, 1, 1, 1, 1, 1, 1, 1]",7.28,6.23,8.65,3.5,169615.0
MVST,1.46,1,"[0, 0, 0, 0, 0, 0, 0, 0, 1, 0]",1.7,2.97,6.4,1.2,6151530.0
EHAB,13.8,10,"[1, 1, 1, 1, 1, 1, 1, 1, 1, 1]",13.76,10.26,14.09,6.52,1047590.0
MITK,16.03,10,"[1, 1, 1, 1, 1, 1, 1, 1, 1, 1]",14.34,11.38,16.03,8.65,1284225.0
RDVT,50.64,7,"[1, 1, 1, 0, 0, 0, 1, 1, 1, 1]",40.58,47.65,59.42,34.4,142995.0
KRUS,54.28,1,"[0, 0, 0, 0, 0, 0, 0, 0, 1, 0]",58.57,63.12,95.83,42.67,259265.0
MRLN,7.09,1,"[0, 0, 0, 0, 0, 0, 0, 0, 1, 0]",9.55,10.35,16.09,5.98,1491360.0
BLMN,7.82,7,"[1, 1, 1, 0, 0, 0, 1, 1, 1, 1]",6.46,6.76,10.32,5.26,2985445.0
IRWD,3.92,8,"[1, 1, 1, 1, 1, 1, 1, 0, 1, 0]",3.8,3.05,5.39,0.57,2675920.0
HUYA,2.52,1,"[0, 0, 0, 0, 0, 0, 0, 0, 1, 0]",3.13,3.28,4.88,2.05,1000520.0
SLDP,3.06,2,"[0, 0, 0, 0, 0, 0, 1, 0, 1, 0]",3.15,4.37,8.51,1.42,7232420.0
ACRS,4.52,10,"[1, 1, 1, 1, 1, 1, 1, 1, 1, 1]",4.18,3.0,5.09,1.26,1271295.0
HRTG,22.88,3,"[0, 0, 0, 0, 1, 1, 0, 0, 1, 0]",26.42,26.02,31.14,19.02,532915.0
CYRX,14.0,10,"[1, 1, 1, 1, 1, 1, 1, 1, 1, 1]",10.39,9.57,14.22,5.4,741880.0
CTO,20.38,10,"[1, 1, 1, 1, 1, 1, 1, 1, 1, 1]",19.55,17.55,20.72,14.65,386635.0
ASPI,5.55,4,"[1, 0, 0, 0, 0, 0, 1, 0, 1, 1]",5.07,7.13,14.05,4.07,4071530.0
OXM,41.73,8,"[1, 1, 1, 1, 0, 1, 1, 1, 1, 0]",40.11,38.49,51.73,30.74,276485.0
GRPN,18.93,6,"[1, 1, 1, 0, 0, 0, 1, 0, 1, 1]",13.92,17.74,37.37,9.64,2048035.0
ALRS,28.05,10,"[1, 1, 1, 1, 1, 1, 1, 1, 1, 1]",25.4,23.13,28.21,19.88,174840.0
LAES,3.38,5,"[1, 0, 0, 0, 1, 0, 1, 0, 1, 1]",2.81,3.92,7.65,2.09,11973885.0
INN,5.59,9,"[1, 1, 1, 1, 0, 1, 1, 1, 1, 1]",4.76,4.86,5.7,3.9,855220.0
PKE,34.6,10,"[1, 1, 1, 1, 1, 1, 1, 1, 1, 1]",31.46,23.68,35.17,13.25,185190.0
STRO,25.57,7,"[0, 1, 1, 1, 1, 1, 1, 0, 1, 0]",30.32,16.31,40.91,6.8,302220.0
TLRY,5.29,2,"[0, 0, 0, 0, 0, 0, 1, 0, 1, 0]",6.31,9.69,21.0,3.6,4175065.0
SHBI,20.22,10,"[1, 1, 1, 1, 1, 1, 1, 1, 1, 1]",19.06,17.67,20.25,14.03,186385.0
EVC,9.84,10,"[1, 1, 1, 1, 1, 1, 1, 1, 1, 1]",4.63,3.14,9.84,1.76,5195440.0
ZVRA,10.03,6,"[0, 1, 1, 1, 0, 0, 1, 1, 1, 0]",10.05,9.4,12.79,7.23,1635010.0
CARS,9.65,1,"[0, 0, 0, 0, 0, 0, 0, 0, 1, 0]",9.73,11.2,13.79,7.58,858745.0
CLYM,11.0,10,"[1, 1, 1, 1, 1, 1, 1, 1, 1, 1]",8.79,4.69,12.22,1.17,954840.0
CWBC,23.81,9,"[1, 1, 1, 1, 1, 1, 1, 1, 1, 0]",23.4,22.29,25.28,17.2,205530.0
RMR,20.21,10,"[1, 1, 1, 1, 1, 1, 1, 1, 1, 1]",17.08,15.52,20.23,12.94,194530.0
SPIR,21.16,10,"[1, 1, 1, 1, 1, 1, 1, 1, 1, 1]",16.69,11.63,23.14,7.02,1447760.0
SWBI,15.47,10,"[1, 1, 1, 1, 1, 1, 1, 1, 1, 1]",14.79,11.08,15.57,7.47,433520.0
ARVN,9.09,4,"[0, 0, 0, 0, 1, 1, 1, 0, 1, 0]",10.46,10.6,13.83,6.24,984815.0
AVR,9.62,10,"[1, 1, 1, 1, 1, 1, 1, 1, 1, 1]",6.18,5.22,9.62,2.9,1047490.0
NKLR,6.45,4,"[1, 1, 0, 0, 0, 0, 1, 0, 1, 0]",5.51,6.45,18.26,3.91,445605.0
VTEX,3.58,2,"[0, 0, 0, 1, 0, 0, 0, 0, 1, 0]",3.88,3.9,6.76,2.87,1389950.0
MRAM,33.68,10,"[1, 1, 1, 1, 1, 1, 1, 1, 1, 1]",17.2,11.43,44.01,5.52,6737235.0
CABA,3.65,10,"[1, 1, 1, 1, 1, 1, 1, 1, 1, 1]",3.2,2.59,4.15,1.33,5090905.0
KE,24.6,3,"[0, 0, 0, 0, 0, 1, 1, 0, 1, 0]",25.31,27.43,33.13,17.5,156960.0
CNNE,13.86,4,"[1, 0, 0, 0, 0, 0, 1, 0, 1, 1]",12.61,15.27,21.26,10.64,498670.0
PSNL,8.47,9,"[1, 1, 1, 0, 1, 1, 1, 1, 1, 1]",6.53,7.55,11.25,4.41,2623255.0
CCSI,28.17,9,"[1, 1, 1, 1, 0, 1, 1, 1, 1, 1]",26.9,25.85,34.0,19.66,170810.0
ANGX,2.84,4,"[0, 0, 0, 0, 1, 0, 1, 0, 1, 1]",2.87,2.84,16.0,2.18,1459940.0
NPCE,16.92,10,"[1, 1, 1, 1, 1, 1, 1, 1, 1, 1]",15.43,13.63,19.29,8.25,226725.0
RGR,40.04,7,"[0, 1, 1, 1, 0, 1, 1, 1, 1, 0]",40.65,37.82,46.84,28.67,134275.0
TDUP,4.29,4,"[1, 0, 0, 0, 0, 0, 1, 0, 1, 1]",3.99,6.79,12.08,3.11,2756380.0
SXC,8.4,7,"[1, 1, 1, 0, 0, 0, 1, 1, 1, 1]",6.67,7.03,8.4,5.58,1722880.0
DNUT,3.27,2,"[0, 0, 0, 0, 1, 0, 0, 0, 1, 0]",3.51,3.62,4.7,2.57,2489585.0
BCAL,19.02,9,"[1, 1, 1, 0, 1, 1, 1, 1, 1, 1]",18.31,17.96,19.91,14.06,169290.0
PHR,8.92,1,"[0, 0, 0, 0, 0, 0, 0, 0, 1, 0]",9.65,17.47,32.55,8.06,1326645.0
RYAM,8.73,7,"[0, 1, 1, 1, 1, 1, 1, 0, 1, 0]",9.87,7.69,11.75,3.63,1029355.0
FEIM,68.01,10,"[1, 1, 1, 1, 1, 1, 1, 1, 1, 1]",52.86,43.47,68.01,18.26,167610.0
NPB,17.34,6,"[0, 0, 0, 1, 1, 1, 1, 1, 1, 0]",17.59,17.34,19.19,12.82,131610.0
TRON,1.91,4,"[0, 1, 0, 1, 0, 0, 1, 0, 1, 0]",2.17,2.42,11.04,0.56,740865.0
CADL,7.99,10,"[1, 1, 1, 1, 1, 1, 1, 1, 1, 1]",6.27,5.67,8.94,4.42,2215540.0
DCBO,17.4,1,"[0, 0, 0, 0, 0, 0, 0, 0, 1, 0]",18.05,22.55,32.2,14.7,227330.0
BWMN,31.73,2,"[1, 0, 0, 0, 0, 0, 0, 0, 1, 0]",30.82,35.72,44.43,24.81,129025.0
FET,57.1,8,"[0, 1, 1, 1, 1, 1, 1, 1, 1, 0]",58.56,41.09,64.54,14.41,165635.0
CLB,14.22,4,"[0, 0, 0, 0, 1, 1, 1, 0, 1, 0]",15.6,15.25,19.64,9.72,566775.0
GPRK,9.73,8,"[1, 1, 1, 1, 1, 1, 0, 0, 1, 1]",9.4,7.83,,,549180.0
ORN,14.05,10,"[1, 1, 1, 1, 1, 1, 1, 1, 1, 1]",12.48,10.6,15.48,6.57,426610.0
HPP,11.23,5,"[1, 1, 0, 0, 0, 0, 1, 0, 1, 1]",8.11,12.39,21.49,5.51,1294275.0
CSTL,20.15,4,"[0, 0, 0, 0, 1, 1, 1, 0, 1, 0]",23.46,28.71,43.04,14.65,516575.0
CTKB,4.01,4,"[0, 0, 0, 0, 1, 1, 1, 0, 1, 0]",4.38,4.48,5.88,2.42,1032955.0
GLRE,17.19,8,"[0, 1, 1, 1, 1, 1, 1, 1, 1, 0]",17.69,14.43,19.0,11.95,202675.0
ALOY,9.79,6,"[0, 0, 1, 0, 1, 1, 1, 0, 1, 1]",10.14,9.55,25.88,3.76,1547980.0
RR,2.68,5,"[1, 0, 0, 0, 0, 1, 1, 0, 1, 1]",2.37,3.39,7.06,1.73,11821910.0
BTBT,1.99,4,"[1, 0, 0, 0, 0, 0, 1, 0, 1, 1]",1.61,2.34,4.22,1.26,26602580.0
MSBI,27.63,10,"[1, 1, 1, 1, 1, 1, 1, 1, 1, 1]",24.14,20.04,28.0,13.98,158855.0
NFBK,14.17,10,"[1, 1, 1, 1, 1, 1, 1, 1, 1, 1]",13.68,12.03,14.2,9.8,208025.0
UROY,3.37,4,"[0, 0, 0, 0, 1, 1, 1, 0, 1, 0]",3.69,3.82,5.46,2.17,2410435.0
CARE,27.44,10,"[1, 1, 1, 1, 1, 1, 1, 1, 1, 1]",24.01,20.56,27.44,15.94,339210.0
EGY,5.72,8,"[0, 1, 1, 1, 1, 1, 1, 1, 1, 0]",5.97,4.48,6.6,2.99,1352110.0
GDYN,7.13,4,"[1, 0, 0, 0, 0, 0, 1, 0, 1, 1]",6.04,7.64,13.04,5.28,2507405.0
ALTI,3.3,2,"[0, 0, 0, 0, 1, 0, 0, 0, 1, 0]",3.64,4.07,5.19,3.18,174135.0
PRME,2.97,2,"[0, 0, 0, 0, 0, 0, 1, 0, 1, 0]",3.45,3.98,6.67,1.18,2371930.0
TCMD,24.9,6,"[0, 0, 1, 0, 1, 1, 1, 1, 1, 0]",24.96,22.83,33.05,9.42,410905.0
MLAB,108.64,10,"[1, 1, 1, 1, 1, 1, 1, 1, 1, 1]",95.29,81.57,112.35,57.09,138645.0
FTK,19.92,10,"[1, 1, 1, 1, 1, 1, 1, 1, 1, 1]",17.04,15.83,20.53,11.04,276270.0
AVTX,16.35,7,"[1, 0, 1, 0, 1, 1, 1, 0, 1, 1]",15.6,15.09,22.87,3.59,2817950.0
DDI,11.97,9,"[1, 1, 1, 1, 0, 1, 1, 1, 1, 1]",9.78,9.23,12.25,8.15,274060.0
HELE,25.65,9,"[1, 1, 1, 1, 0, 1, 1, 1, 1, 1]",19.65,20.34,33.25,13.88,700220.0
BETR,25.61,4,"[0, 0, 0, 0, 1, 1, 1, 0, 1, 0]",34.7,39.08,86.07,11.16,587650.0
KYTX,8.67,8,"[0, 1, 1, 1, 1, 1, 1, 1, 1, 0]",9.06,7.45,11.25,2.27,890985.0
PRTA,9.83,8,"[0, 1, 1, 1, 1, 1, 1, 1, 1, 0]",10.03,9.57,11.51,4.58,518815.0
PROK,1.75,2,"[0, 0, 0, 0, 0, 0, 1, 0, 1, 0]",1.88,2.3,5.18,0.56,757710.0
CHW,8.65,10,"[1, 1, 1, 1, 1, 1, 1, 1, 1, 1]",7.95,7.46,8.9,6.23,197295.0
MG,17.28,9,"[1, 1, 1, 1, 1, 1, 1, 1, 1, 0]",16.74,13.05,19.28,7.29,187980.0
INV,6.64,9,"[1, 1, 1, 1, 0, 1, 1, 1, 1, 1]",5.37,4.51,7.32,2.55,2371595.0
KRT,26.55,8,"[0, 1, 1, 1, 1, 1, 1, 1, 1, 0]",27.81,24.22,30.14,19.92,106545.0
DDL,2.55,8,"[0, 1, 1, 1, 1, 1, 1, 1, 1, 0]",2.59,2.38,3.2,1.67,368015.0
MEC,25.45,10,"[1, 1, 1, 1, 1, 1, 1, 1, 1, 1]",21.06,17.93,27.26,12.56,424880.0
PACK,6.28,9,"[1, 1, 1, 0, 1, 1, 1, 1, 1, 1]",4.51,5.0,6.51,3.24,865795.0
WTI,4.43,10,"[1, 1, 1, 1, 1, 1, 1, 1, 1, 1]",3.6,2.39,4.9,1.37,6816385.0
DNA,8.41,4,"[1, 0, 0, 0, 0, 0, 1, 0, 1, 1]",7.64,9.72,16.14,5.48,1320615.0
TECX,29.12,9,"[0, 1, 1, 1, 1, 1, 1, 1, 1, 1]",29.42,22.55,35.87,14.71,226520.0
CPS,28.45,3,"[0, 0, 0, 0, 0, 1, 1, 0, 1, 0]",29.49,32.73,45.2,19.88,199555.0
ASIX,22.26,7,"[0, 1, 1, 1, 0, 1, 1, 1, 1, 0]",22.88,19.18,25.98,14.04,372030.0
RGNX,6.35,2,"[0, 0, 0, 0, 1, 0, 0, 0, 1, 0]",8.54,10.5,15.98,5.65,1932540.0
CLFD,43.73,8,"[1, 1, 1, 1, 0, 0, 1, 1, 1, 1]",31.97,32.01,46.73,26.0,376395.0
ILPT,8.59,10,"[1, 1, 1, 1, 1, 1, 1, 1, 1, 1]",6.74,5.91,8.68,2.97,421750.0
CTNM,13.86,10,"[1, 1, 1, 1, 1, 1, 1, 1, 1, 1]",13.23,12.17,16.0,3.4,194660.0
FFIC,15.87,9,"[1, 1, 1, 1, 1, 1, 1, 1, 1, 0]",15.6,14.69,17.11,10.61,219260.0
MCS,18.08,9,"[1, 1, 1, 1, 1, 1, 1, 1, 1, 0]",17.82,15.87,19.82,12.92,137430.0
ASTL,4.73,7,"[1, 1, 1, 1, 0, 0, 1, 0, 1, 1]",4.53,4.35,7.11,3.19,1258945.0
AURA,7.6,9,"[1, 1, 1, 1, 0, 1, 1, 1, 1, 1]",7.15,6.24,8.9,4.97,832775.0
AQST,4.12,4,"[0, 0, 0, 0, 0, 1, 1, 0, 1, 1]",4.15,4.87,7.49,2.35,1718765.0
MAMA,14.81,10,"[1, 1, 1, 1, 1, 1, 1, 1, 1, 1]",14.77,12.76,17.38,7.12,379885.0
LZM,5.09,8,"[1, 1, 1, 0, 0, 1, 1, 1, 1, 1]",4.47,4.64,6.1,3.16,660945.0
ACHV,4.69,9,"[1, 1, 1, 0, 1, 1, 1, 1, 1, 1]",4.13,4.1,5.99,2.07,1251195.0
SD,15.3,10,"[1, 1, 1, 1, 1, 1, 1, 1, 1, 1]",15.29,13.74,17.58,9.19,358065.0
MNRO,16.75,5,"[1, 0, 0, 0, 1, 1, 1, 0, 1, 0]",16.42,17.88,23.52,11.9,864215.0
OOMA,19.12,10,"[1, 1, 1, 1, 1, 1, 1, 1, 1, 1]",16.06,12.92,19.5,10.58,274255.0
ANL,11.92,8,"[1, 1, 1, 1, 1, 1, 1, 0, 1, 0]",11.56,5.27,16.6,0.88,305955.0
IMMX,8.78,8,"[0, 1, 1, 1, 1, 1, 1, 1, 1, 0]",9.46,5.73,11.12,1.95,1092405.0
FDMT,8.6,4,"[0, 0, 0, 0, 1, 1, 1, 0, 1, 0]",9.47,9.0,12.27,3.42,658185.0
KRNY,8.2,10,"[1, 1, 1, 1, 1, 1, 1, 1, 1, 1]",7.74,7.08,8.23,5.49,303190.0
STTK,6.1,8,"[0, 1, 1, 1, 1, 1, 1, 1, 1, 0]",6.7,3.77,7.88,0.73,578575.0
CERS,2.71,10,"[1, 1, 1, 1, 1, 1, 1, 1, 1, 1]",2.11,1.88,2.74,1.16,3392245.0
OIS,8.85,6,"[0, 0, 1, 1, 1, 1, 1, 0, 1, 0]",10.75,8.16,14.39,4.35,942105.0
PHOE,17.01,7,"[1, 0, 1, 0, 1, 1, 1, 0, 1, 1]",16.9,15.14,133.12,3.5,161505.0
HKD,1.67,6,"[1, 1, 1, 1, 0, 0, 1, 0, 1, 0]",1.67,1.63,2.95,1.27,202165.0
CBIO,20.74,9,"[1, 1, 1, 1, 1, 1, 1, 1, 1, 0]",18.27,13.85,26.98,8.94,282425.0
PANL,8.02,10,"[1, 1, 1, 1, 1, 1, 1, 1, 1, 1]",7.51,6.72,9.35,4.28,635080.0
OCGN,1.34,5,"[0, 0, 0, 1, 1, 1, 1, 0, 1, 0]",1.76,1.51,2.48,0.83,7598250.0
FVR,17.79,10,"[1, 1, 1, 1, 1, 1, 1, 1, 1, 1]",16.83,14.92,18.26,10.56,109815.0
MATV,8.74,3,"[0, 0, 0, 0, 0, 1, 1, 0, 1, 0]",8.89,11.03,14.89,5.4,411335.0
XOMA,41.65,9,"[1, 1, 1, 1, 0, 1, 1, 1, 1, 1]",36.84,32.3,42.0,22.89,399375.0
IPI,39.51,9,"[0, 1, 1, 1, 1, 1, 1, 1, 1, 1]",40.29,32.45,48.84,23.94,234955.0
CHCT,17.38,10,"[1, 1, 1, 1, 1, 1, 1, 1, 1, 1]",16.5,15.12,17.72,12.18,202675.0
CGC,1.04,1,"[0, 0, 0, 0, 0, 0, 0, 0, 1, 0]",1.07,1.22,1.92,0.86,7792360.0
PUBM,10.36,8,"[1, 1, 1, 1, 0, 0, 1, 1, 1, 1]",9.17,8.54,13.67,6.28,748240.0
ELVA,10.88,10,"[1, 1, 1, 1, 1, 1, 1, 1, 1, 1]",9.05,7.43,11.23,3.06,486270.0
ALIT,0.82,4,"[1, 0, 0, 0, 0, 0, 1, 0, 1, 1]",0.7,1.96,5.82,0.49,23627540.0
CD,7.39,6,"[1, 1, 0, 0, 0, 1, 1, 0, 1, 1]",5.44,7.87,35.79,2.01,119895.0
NEGG,20.27,2,"[0, 0, 0, 0, 0, 0, 1, 0, 1, 0]",34.71,52.51,128.09,4.84,100780.0
NUAI,4.43,6,"[0, 0, 1, 0, 1, 1, 1, 0, 1, 1]",4.52,3.77,8.06,0.33,5985180.0
CVGW,26.45,7,"[0, 1, 1, 1, 0, 1, 1, 1, 1, 0]",26.66,24.66,28.52,18.24,290020.0
EBS,8.45,6,"[1, 0, 0, 0, 1, 1, 1, 0, 1, 1]",8.32,9.74,13.9,5.63,747795.0
RBBN,2.79,5,"[1, 1, 0, 0, 0, 0, 1, 0, 1, 1]",2.48,2.99,4.25,1.95,894295.0
CLNE,2.05,2,"[0, 0, 0, 0, 0, 1, 0, 0, 1, 0]",2.26,2.39,3.06,1.71,1294365.0
OVID,2.47,8,"[0, 1, 1, 1, 1, 1, 1, 1, 1, 0]",2.57,1.75,2.96,0.27,1790795.0
APPS,4.55,5,"[1, 1, 0, 0, 0, 0, 1, 0, 1, 1]",3.53,4.68,7.54,2.82,2286930.0
SRTA,6.13,9,"[1, 1, 1, 0, 1, 1, 1, 1, 1, 1]",4.75,4.79,6.13,3.38,1041310.0
RIGL,29.01,5,"[1, 0, 0, 0, 1, 1, 1, 0, 1, 0]",28.65,34.7,50.96,18.42,436305.0
NGNE,27.71,10,"[1, 1, 1, 1, 1, 1, 1, 1, 1, 1]",24.88,22.4,34.37,14.95,148840.0
IMXI,15.22,7,"[0, 0, 1, 1, 1, 1, 1, 1, 1, 0]",15.75,15.18,15.94,8.71,791565.0
ZKH,2.6,2,"[0, 0, 0, 0, 1, 0, 0, 0, 1, 0]",3.04,3.14,3.79,2.34,356705.0
PSFE,7.47,1,"[0, 0, 0, 0, 0, 0, 0, 0, 1, 0]",7.92,9.37,14.68,6.01,341565.0
TATT,37.07,5,"[0, 0, 0, 0, 1, 1, 1, 0, 1, 1]",40.43,43.01,61.11,25.6,168130.0
ASMB,28.34,5,"[0, 0, 0, 0, 1, 1, 1, 0, 1, 1]",28.55,28.92,38.5,13.52,172135.0
WEAV,5.71,4,"[1, 0, 0, 0, 0, 0, 1, 0, 1, 1]",5.14,6.33,9.91,4.37,1640010.0
LTBR,11.22,1,"[0, 0, 0, 0, 0, 0, 0, 0, 1, 0]",11.82,15.69,27.72,9.85,836035.0
MTW,11.57,4,"[0, 0, 0, 0, 1, 1, 0, 1, 1, 0]",12.5,11.99,15.15,9.14,237555.0
SGMT,7.09,6,"[1, 1, 1, 0, 0, 0, 1, 0, 1, 1]",6.26,6.64,10.24,3.36,3651045.0
FBRX,21.59,5,"[0, 0, 0, 1, 1, 1, 1, 0, 1, 0]",26.86,21.7,35.53,8.38,221610.0
EVH,3.95,5,"[1, 1, 0, 0, 0, 0, 1, 0, 1, 1]",3.14,5.1,11.79,2.17,2842155.0
BMBL,3.11,1,"[0, 0, 0, 0, 0, 0, 0, 0, 1, 0]",3.68,4.36,8.57,2.7,3253910.0
FULC,6.57,2,"[0, 0, 0, 0, 1, 0, 0, 0, 1, 0]",7.28,8.8,14.6,5.91,618080.0
KLC,3.58,4,"[1, 0, 0, 0, 0, 0, 1, 0, 1, 1]",3.12,4.82,12.6,1.84,1218355.0
CLDT,10.7,10,"[1, 1, 1, 1, 1, 1, 1, 1, 1, 1]",8.7,7.3,10.7,6.07,479665.0
ANGO,11.92,9,"[1, 1, 1, 0, 1, 1, 1, 1, 1, 1]",10.85,11.18,13.64,8.4,278430.0
RPD,7.27,4,"[1, 0, 0, 0, 0, 0, 1, 0, 1, 1]",6.08,13.02,25.59,5.05,2071555.0
CTEV,21.67,3,"[1, 0, 0, 0, 0, 0, 1, 0, 1, 0]",20.07,39.1,72.58,13.47,215165.0
CAL,13.5,6,"[1, 1, 1, 0, 0, 0, 1, 1, 1, 0]",11.97,12.58,16.22,8.8,643525.0
ADUR,14.59,8,"[1, 1, 1, 0, 0, 1, 1, 1, 1, 1]",11.98,12.42,17.39,7.97,398555.0
ZURA,4.36,5,"[0, 0, 0, 1, 1, 1, 1, 0, 1, 0]",5.38,4.45,7.04,1.0,688850.0
ACTG,4.66,8,"[0, 1, 1, 1, 1, 1, 1, 1, 1, 0]",4.9,3.96,5.16,3.15,239730.0
NPWR,1.93,3,"[1, 0, 0, 0, 0, 0, 0, 0, 1, 1]",1.78,2.47,4.85,1.49,952720.0
BLZE,7.67,7,"[1, 1, 1, 0, 0, 1, 1, 0, 1, 1]",4.81,6.11,10.75,3.31,3445095.0
TROO,4.08,10,"[1, 1, 1, 1, 1, 1, 1, 1, 1, 1]",3.12,2.34,5.02,0.62,409895.0
PERI,8.98,4,"[0, 0, 0, 1, 1, 0, 0, 1, 1, 0]",10.06,9.54,11.43,8.17,385500.0
CRNC,10.98,8,"[1, 1, 1, 0, 0, 1, 1, 1, 1, 1]",8.38,9.98,13.52,5.96,1184115.0
MCFT,23.44,8,"[1, 1, 1, 1, 0, 1, 1, 1, 1, 0]",22.42,21.29,27.38,16.62,204365.0
GEVO,1.77,4,"[0, 0, 0, 0, 1, 1, 1, 0, 1, 0]",2.03,2.02,2.78,1.11,3254585.0
ADCT,3.39,4,"[0, 0, 0, 0, 1, 1, 1, 0, 1, 0]",3.79,3.81,4.88,2.43,1187225.0
ENTA,13.95,10,"[1, 1, 1, 1, 1, 1, 1, 1, 1, 1]",13.61,12.33,16.85,5.81,201025.0
SPT,6.82,4,"[1, 0, 0, 0, 0, 0, 1, 0, 1, 1]",5.98,9.69,22.46,4.99,1570970.0
FSTR,38.11,10,"[1, 1, 1, 1, 1, 1, 1, 1, 1, 1]",32.39,28.78,42.3,18.18,118610.0
TTGT,4.82,3,"[1, 0, 0, 0, 0, 0, 1, 0, 1, 0]",4.7,5.21,8.7,3.48,667510.0
ALMU,22.64,8,"[1, 1, 1, 1, 0, 1, 1, 0, 1, 1]",18.25,17.31,31.49,10.73,2057080.0
NVEC,91.25,10,"[1, 1, 1, 1, 1, 1, 1, 1, 1, 1]",77.47,67.9,94.53,55.94,140085.0
AVIR,4.42,7,"[0, 1, 1, 1, 1, 1, 1, 0, 1, 0]",5.42,4.03,6.15,2.82,349320.0
MAGN,10.46,5,"[1, 0, 0, 0, 1, 0, 1, 0, 1, 1]",10.21,11.81,15.26,7.96,430720.0
LXEO,5.11,4,"[0, 0, 0, 0, 1, 1, 1, 0, 1, 0]",5.87,7.15,10.63,2.7,728415.0
BGS,4.17,4,"[0, 0, 0, 1, 1, 1, 0, 0, 1, 0]",5.01,4.43,5.65,3.4,2167745.0
BYND,0.77,2,"[0, 0, 0, 0, 0, 0, 1, 0, 1, 0]",0.78,1.33,4.28,0.52,57936190.0
OEC,7.02,6,"[1, 1, 1, 1, 0, 0, 1, 0, 1, 0]",6.68,6.67,11.85,4.33,486270.0
NEXN,8.28,7,"[1, 1, 1, 1, 0, 0, 1, 0, 1, 1]",7.25,7.53,11.8,5.7,299555.0
NATR,21.85,7,"[0, 0, 1, 1, 1, 1, 1, 1, 1, 0]",24.81,21.22,27.8,13.14,100675.0
CCRN,13.05,8,"[1, 1, 1, 1, 0, 0, 1, 1, 1, 1]",10.55,10.8,14.25,7.53,1165790.0
PACB,1.22,3,"[0, 0, 0, 0, 1, 0, 1, 0, 1, 0]",1.43,1.67,2.67,0.91,6053025.0
MNPR,63.12,6,"[1, 0, 0, 0, 1, 1, 1, 0, 1, 1]",57.17,64.08,102.05,30.01,181255.0
IVVD,1.1,4,"[0, 0, 0, 0, 1, 1, 1, 0, 1, 0]",1.45,1.68,2.88,0.52,2850565.0
NRC,19.08,10,"[1, 1, 1, 1, 1, 1, 1, 1, 1, 1]",17.66,15.99,22.27,11.22,117720.0
CBAN,19.8,9,"[0, 1, 1, 1, 1, 1, 1, 1, 1, 1]",19.86,18.13,21.12,14.58,214815.0
LOCO,14.07,10,"[1, 1, 1, 1, 1, 1, 1, 1, 1, 1]",13.78,11.3,14.33,9.06,358015.0
EOLS,6.09,6,"[1, 1, 1, 0, 0, 0, 1, 0, 1, 1]",5.18,5.94,10.24,3.94,945980.0
AUTL,1.7,6,"[1, 1, 1, 0, 0, 0, 1, 0, 1, 1]",1.5,1.55,2.68,1.21,1638995.0
XFOR,4.04,8,"[0, 1, 1, 1, 1, 1, 1, 1, 1, 0]",4.11,3.68,4.66,1.42,336915.0
GRRR,14.58,6,"[1, 1, 1, 0, 0, 0, 1, 0, 1, 1]",12.52,14.34,25.23,9.48,857615.0
ABAT,3.23,5,"[1, 0, 0, 0, 1, 1, 1, 0, 1, 0]",3.1,3.8,11.33,1.23,5361190.0
ASPN,5.79,6,"[1, 1, 1, 0, 0, 0, 1, 0, 1, 1]",3.96,4.77,8.82,2.57,1977510.0
SSP,3.42,6,"[0, 0, 1, 1, 1, 1, 1, 0, 1, 0]",4.08,3.23,5.16,1.54,699570.0
VREX,10.07,4,"[0, 0, 0, 0, 1, 1, 1, 0, 1, 0]",11.01,11.84,14.36,6.96,521000.0
LRMR,3.45,4,"[0, 0, 0, 1, 0, 1, 1, 0, 1, 0]",4.38,4.02,5.95,1.83,1862820.0
IPSC,2.26,9,"[0, 1, 1, 1, 1, 1, 1, 1, 1, 1]",2.29,1.36,2.94,0.47,661725.0
NEWT,13.38,10,"[1, 1, 1, 1, 1, 1, 1, 1, 1, 1]",12.34,11.72,14.4,9.3,182800.0
VOXR,5.94,10,"[1, 1, 1, 1, 1, 1, 1, 1, 1, 1]",5.52,4.79,6.41,3.05,405960.0
XNET,5.48,3,"[0, 0, 0, 0, 0, 1, 1, 0, 1, 0]",6.08,7.0,10.78,4.05,166470.0
VELO,23.06,10,"[1, 1, 1, 1, 1, 1, 1, 1, 1, 1]",13.63,9.76,23.06,2.97,3195665.0
HNST,3.41,6,"[1, 1, 1, 1, 0, 0, 1, 0, 1, 0]",3.15,3.11,5.16,2.1,1827040.0
TOI,4.59,9,"[1, 1, 1, 1, 0, 1, 1, 1, 1, 1]",3.55,3.47,4.75,2.05,1736950.0
RCKT,2.96,4,"[0, 0, 0, 1, 1, 1, 0, 0, 1, 0]",3.73,3.57,6.27,2.33,2293990.0
DCTH,11.02,7,"[1, 1, 1, 1, 0, 0, 1, 0, 1, 1]",10.37,10.2,17.06,8.19,441845.0
CDZI,4.25,4,"[0, 0, 0, 0, 1, 1, 1, 0, 1, 0]",4.72,4.97,6.92,2.72,854840.0
OPAL,2.16,1,"[0, 0, 0, 0, 0, 0, 0, 0, 1, 0]",2.29,2.33,3.8,1.94,225705.0
ISTR,28.56,10,"[1, 1, 1, 1, 1, 1, 1, 1, 1, 1]",27.79,25.79,29.99,17.67,139385.0
OSS,17.83,10,"[1, 1, 1, 1, 1, 1, 1, 1, 1, 1]",10.92,7.97,17.83,2.5,2459770.0
XPER,7.75,9,"[1, 1, 1, 1, 0, 1, 1, 1, 1, 1]",6.54,6.2,8.21,5.11,590065.0
TBRG,25.94,10,"[1, 1, 1, 1, 1, 1, 1, 1, 1, 1]",21.32,20.7,25.94,14.0,318590.0
QUAD,7.21,7,"[1, 1, 1, 1, 1, 1, 0, 0, 1, 0]",7.11,6.28,,,244360.0
FUFU,2.04,2,"[0, 0, 0, 0, 0, 0, 1, 0, 1, 0]",2.1,2.92,4.29,1.56,211450.0
CLPT,11.44,4,"[1, 0, 0, 0, 0, 1, 1, 0, 1, 0]",10.59,14.12,29.6,8.66,546755.0
EGHT,2.2,9,"[1, 1, 1, 0, 1, 1, 1, 1, 1, 1]",2.03,2.03,2.76,1.59,2077635.0
PBYI,7.08,9,"[1, 1, 1, 1, 1, 1, 1, 1, 1, 0]",7.0,5.93,7.8,3.07,286190.0
ISSC,16.41,5,"[0, 0, 0, 1, 1, 1, 1, 0, 1, 0]",22.15,17.05,30.56,8.32,535975.0
DVLT,0.46,3,"[0, 0, 0, 0, 1, 0, 1, 0, 1, 0]",0.65,1.01,3.42,0.28,63443765.0
VNDA,6.19,5,"[0, 0, 0, 1, 1, 1, 1, 0, 1, 0]",7.04,6.25,9.56,4.19,1195985.0
RNGR,16.21,8,"[0, 1, 1, 1, 1, 1, 1, 1, 1, 0]",16.9,14.89,18.36,10.47,305290.0
AMCX,9.24,9,"[1, 1, 1, 0, 1, 1, 1, 1, 1, 1]",7.86,8.02,10.01,5.63,557230.0
SVCO,9.74,9,"[1, 1, 1, 1, 1, 1, 1, 1, 1, 0]",8.64,5.66,12.46,3.23,436960.0
CLMB,20.96,2,"[1, 0, 0, 0, 0, 0, 0, 0, 1, 0]",20.51,27.05,35.79,16.68,213430.0
API,3.64,4,"[0, 0, 0, 0, 1, 0, 0, 1, 1, 1]",3.74,3.87,4.8,3.24,297920.0
ACCO,3.82,8,"[1, 1, 1, 0, 0, 1, 1, 1, 1, 1]",3.28,3.55,4.04,2.78,1076620.0
RMNI,3.63,3,"[1, 0, 0, 0, 0, 0, 0, 0, 1, 1]",3.48,3.88,5.24,2.94,486250.0
XRX,2.9,6,"[1, 1, 1, 0, 0, 0, 1, 0, 1, 1]",1.84,2.59,6.41,1.22,10797650.0
BNED,9.53,8,"[0, 1, 1, 1, 1, 1, 1, 1, 1, 0]",9.71,8.97,12.18,6.12,247880.0
DDD,3.15,9,"[1, 1, 1, 1, 0, 1, 1, 1, 1, 1]",2.31,2.33,3.78,1.37,4675420.0
DIN,30.37,9,"[1, 1, 1, 0, 1, 1, 1, 1, 1, 1]",27.91,28.49,38.55,19.74,552450.0
TG,7.82,5,"[0, 0, 0, 1, 1, 1, 0, 1, 1, 0]",8.56,8.1,10.35,6.29,226555.0
FRST,14.33,10,"[1, 1, 1, 1, 1, 1, 1, 1, 1, 1]",13.76,12.25,14.74,8.98,228000.0
EVTL,2.62,2,"[0, 0, 0, 0, 0, 0, 0, 0, 1, 1]",2.67,4.45,7.28,2.02,2930200.0
IRD,4.26,7,"[0, 1, 1, 1, 1, 1, 1, 0, 1, 0]",4.96,2.9,5.75,0.91,996105.0
LE,11.67,4,"[0, 0, 0, 0, 1, 0, 1, 0, 1, 1]",11.75,14.56,19.15,7.91,237105.0
QUIK,20.11,10,"[1, 1, 1, 1, 1, 1, 1, 1, 1, 1]",13.62,8.43,21.83,4.89,841760.0
TLS,4.64,5,"[1, 0, 0, 0, 0, 1, 1, 0, 1, 1]",4.31,5.4,7.76,2.38,650000.0
SHIP,15.12,10,"[1, 1, 1, 1, 1, 1, 1, 1, 1, 1]",14.31,10.6,16.68,5.76,253355.0
DBI,7.1,9,"[1, 1, 1, 1, 1, 1, 1, 1, 1, 0]",6.56,5.53,8.52,2.15,488685.0
ALTO,4.7,8,"[0, 1, 1, 1, 1, 1, 1, 1, 1, 0]",4.82,2.69,5.99,0.92,2059215.0
SSSS,13.97,10,"[1, 1, 1, 1, 1, 1, 1, 1, 1, 1]",12.24,9.92,14.0,5.95,292630.0
PAYS,6.72,8,"[1, 1, 1, 1, 0, 0, 1, 1, 1, 1]",5.67,5.15,8.56,3.18,875225.0
VMD,9.65,9,"[1, 1, 1, 1, 1, 1, 1, 1, 1, 0]",9.49,7.81,10.05,5.93,278985.0
CURR,3.07,7,"[0, 1, 1, 1, 1, 1, 1, 0, 1, 0]",3.17,2.27,4.49,0.36,250440.0
MEI,11.24,10,"[1, 1, 1, 1, 1, 1, 1, 1, 1, 1]",7.63,7.39,13.87,5.01,1334955.0
NAUT,2.54,7,"[0, 1, 1, 1, 1, 1, 1, 0, 1, 0]",2.94,1.94,3.95,0.64,381910.0
DMAC,5.91,4,"[0, 0, 0, 0, 1, 1, 1, 0, 1, 0]",6.45,7.15,9.39,3.51,165225.0
CAN,0.41,1,"[0, 0, 0, 0, 0, 0, 0, 0, 1, 0]",0.48,0.78,2.05,0.39,10184685.0
RMAX,9.38,9,"[1, 1, 1, 1, 0, 1, 1, 1, 1, 1]",7.65,8.0,11.29,5.66,1615385.0
NMRA,1.85,4,"[0, 0, 0, 0, 1, 1, 1, 0, 1, 0]",2.19,2.19,3.59,0.68,1480865.0
HLLY,2.51,4,"[0, 0, 0, 0, 1, 1, 1, 0, 1, 0]",3.0,3.53,4.39,1.93,870400.0
LVWR,1.39,2,"[0, 0, 0, 0, 0, 0, 1, 0, 1, 0]",1.63,3.33,7.48,1.01,115365.0
IMRX,5.39,4,"[1, 0, 0, 0, 0, 1, 1, 0, 1, 0]",5.31,5.77,9.26,1.54,1210665.0
TSSI,12.01,4,"[0, 1, 0, 1, 0, 0, 1, 0, 1, 0]",13.27,12.81,31.1,6.92,1571535.0
SLP,15.37,6,"[1, 0, 0, 0, 1, 1, 1, 0, 1, 1]",13.57,15.49,33.05,11.36,367425.0
ABEO,5.44,8,"[1, 1, 1, 1, 0, 0, 1, 1, 1, 1]",5.16,5.35,7.23,4.17,1174630.0
REPL,4.91,5,"[1, 0, 0, 0, 1, 0, 1, 0, 1, 1]",4.83,6.78,12.63,1.7,6674245.0
DSX,2.6,10,"[1, 1, 1, 1, 1, 1, 1, 1, 1, 1]",2.54,2.05,2.9,1.36,653120.0
STRZ,22.27,9,"[1, 1, 1, 1, 0, 1, 1, 1, 1, 1]",16.81,13.07,23.12,8.65,180085.0
SLN,6.2,7,"[0, 0, 1, 1, 1, 1, 1, 1, 1, 0]",6.58,5.97,7.97,4.3,222810.0
ATOM,9.24,10,"[1, 1, 1, 1, 1, 1, 1, 1, 1, 1]",6.42,4.11,11.09,1.99,2905860.0
BRCC,1.72,8,"[1, 1, 1, 1, 0, 0, 1, 1, 1, 1]",1.07,1.18,2.03,0.62,1634390.0
TYGO,4.16,9,"[1, 1, 1, 1, 1, 1, 1, 1, 1, 0]",4.15,2.74,5.16,0.96,771695.0
PINE,19.29,9,"[1, 1, 1, 1, 1, 1, 1, 1, 1, 0]",19.0,16.68,20.21,12.76,185270.0
EWCZ,5.82,10,"[1, 1, 1, 1, 1, 1, 1, 1, 1, 1]",5.79,4.54,6.36,3.24,643252.8
AZ,6.33,2,"[0, 0, 0, 1, 0, 0, 0, 0, 1, 0]",7.02,7.03,11.9,5.12,626145.0
ZNTL,4.06,9,"[1, 1, 1, 1, 1, 1, 1, 0, 1, 1]",3.67,2.31,6.61,1.16,1031340.0
RPAY,3.49,4,"[1, 1, 0, 0, 0, 0, 1, 0, 1, 0]",3.26,3.95,5.96,2.4,788210.0
ASYS,22.08,10,"[1, 1, 1, 1, 1, 1, 1, 1, 1, 1]",15.95,11.58,22.68,3.87,301605.0
NVCT,10.35,10,"[1, 1, 1, 1, 1, 1, 1, 1, 1, 1]",9.03,7.63,12.45,5.65,114035.0
MASS,7.28,9,"[1, 1, 1, 1, 0, 1, 1, 1, 1, 1]",6.84,6.7,9.15,4.8,271850.0
FLWS,4.34,6,"[1, 1, 1, 0, 0, 0, 1, 0, 1, 1]",3.65,4.12,6.94,3.0,856700.0
RZLT,3.25,4,"[1, 0, 0, 0, 0, 0, 1, 0, 1, 1]",3.15,5.45,10.94,1.4,1355645.0
PRLD,4.27,9,"[1, 1, 1, 1, 1, 1, 1, 1, 1, 0]",4.14,2.38,5.52,0.78,478165.0
GSIT,9.66,8,"[1, 1, 1, 0, 1, 1, 1, 0, 1, 1]",7.37,6.54,12.97,2.91,2610325.0
ZIP,3.15,4,"[1, 0, 0, 0, 0, 0, 1, 0, 1, 1]",2.7,3.62,6.45,1.69,825470.0
EDIT,2.76,6,"[0, 1, 1, 1, 0, 1, 1, 0, 1, 0]",2.81,2.65,4.15,1.55,1169875.0
RILY,10.68,10,"[1, 1, 1, 1, 1, 1, 1, 1, 1, 1]",7.94,6.52,10.68,2.91,1024725.0
CXDO,9.61,10,"[1, 1, 1, 1, 1, 1, 1, 1, 1, 1]",7.33,6.73,9.89,5.14,484975.0
PALI,1.95,7,"[0, 1, 1, 1, 1, 1, 1, 0, 1, 0]",2.0,1.68,2.8,0.54,2912690.0
BKKT,11.88,4,"[1, 0, 0, 0, 0, 0, 1, 0, 1, 1]",8.79,14.51,45.04,6.95,2075550.0
SMWB,4.13,4,"[1, 0, 0, 0, 0, 0, 1, 0, 1, 1]",2.86,6.16,10.4,2.33,842715.0
SY,2.23,2,"[0, 0, 0, 0, 0, 0, 1, 0, 1, 0]",2.86,3.24,5.87,0.85,606005.0
VFF,2.6,4,"[0, 0, 0, 0, 1, 1, 1, 0, 1, 0]",2.74,3.13,4.18,1.03,1159030.0
ELDN,3.89,10,"[1, 1, 1, 1, 1, 1, 1, 1, 1, 1]",3.41,2.63,4.36,1.39,1182655.0
FNKO,5.21,10,"[1, 1, 1, 1, 1, 1, 1, 1, 1, 1]",4.13,3.66,5.54,2.46,867260.0
VLN,3.22,8,"[1, 1, 1, 1, 0, 0, 1, 1, 1, 1]",1.83,1.76,3.37,1.11,5469690.0
SGHT,5.03,6,"[1, 0, 0, 0, 1, 1, 1, 0, 1, 1]",4.18,5.22,9.05,3.2,213850.0
SHMD,7.49,8,"[1, 1, 1, 0, 1, 1, 1, 0, 1, 1]",6.19,5.37,10.42,2.1,1190110.0
OPTX,10.68,10,"[1, 1, 1, 1, 1, 1, 1, 1, 1, 1]",8.38,4.46,11.66,1.24,1355890.0
ACIU,2.83,4,"[0, 0, 0, 0, 1, 1, 1, 0, 1, 0]",2.95,2.95,3.99,1.64,267250.0
MBI,6.12,6,"[1, 0, 0, 0, 0, 1, 1, 1, 1, 1]",5.94,6.75,8.13,4.21,406540.0
TARA,4.92,4,"[0, 0, 0, 0, 1, 1, 1, 0, 1, 0]",5.17,5.17,7.56,2.78,777550.0
PDYN,6.4,4,"[1, 0, 0, 0, 0, 0, 1, 0, 1, 1]",6.38,6.86,12.68,4.15,1332260.0
CCCC,3.56,9,"[1, 1, 1, 1, 0, 1, 1, 1, 1, 1]",2.91,2.53,3.68,1.25,2864975.0
FVCB,15.71,10,"[1, 1, 1, 1, 1, 1, 1, 1, 1, 1]",15.34,13.96,16.12,11.09,223765.0
DEFT,0.68,2,"[0, 0, 0, 0, 0, 0, 1, 0, 1, 0]",0.71,1.3,3.84,0.48,4194570.0
USAU,15.48,4,"[0, 0, 0, 0, 1, 1, 1, 0, 1, 0]",15.86,16.5,22.6,10.22,181220.0
FATE,2.25,10,"[1, 1, 1, 1, 1, 1, 1, 1, 1, 1]",1.5,1.25,2.43,0.92,4012375.0
CGEN,2.8,9,"[1, 1, 1, 1, 1, 1, 1, 1, 1, 0]",2.56,1.9,3.1,1.33,594990.0
ALXO,1.98,10,"[1, 1, 1, 1, 1, 1, 1, 1, 1, 1]",1.9,1.62,2.6,0.41,722185.0
ACH,2.83,3,"[0, 0, 0, 1, 0, 0, 1, 0, 1, 0]",2.92,3.44,9.42,1.91,954990.0
CNDT,1.88,5,"[1, 1, 0, 0, 0, 0, 1, 0, 1, 1]",1.5,1.98,2.96,1.16,1429730.0
AIRS,5.33,6,"[1, 1, 1, 0, 0, 0, 1, 0, 1, 1]",3.22,4.51,11.65,1.58,1484945.0
IKT,1.69,5,"[0, 0, 0, 1, 1, 1, 0, 1, 1, 0]",1.8,1.7,2.14,1.41,742980.0
PRE,16.77,7,"[0, 0, 1, 1, 1, 1, 1, 1, 1, 0]",18.35,15.33,22.15,7.01,234515.0
RDCM,14.55,8,"[1, 1, 1, 1, 0, 1, 1, 1, 1, 0]",13.58,13.19,16.14,10.68,234480.0
CHRS,1.61,6,"[0, 0, 1, 1, 1, 1, 1, 0, 1, 0]",1.71,1.57,2.51,0.72,1356225.0
ARTV,7.87,7,"[0, 1, 1, 1, 1, 1, 1, 0, 1, 0]",8.59,5.03,13.39,1.47,652020.0
SIDU,5.12,10,"[1, 1, 1, 1, 1, 1, 1, 1, 1, 1]",3.41,2.12,5.95,0.63,19396145.0
TRDA,6.56,5,"[0, 0, 0, 1, 1, 1, 1, 0, 1, 0]",11.61,9.34,16.03,5.02,692535.0
LAW,3.84,2,"[0, 0, 0, 0, 0, 0, 1, 0, 1, 0]",4.02,5.56,8.91,2.76,586415.0
OPRT,5.45,4,"[1, 1, 0, 0, 0, 0, 1, 0, 1, 0]",5.18,5.46,7.69,4.13,395245.0
JACK,11.55,1,"[0, 0, 0, 0, 0, 0, 0, 0, 1, 0]",11.86,17.02,24.88,9.4,844360.0
ARCT,7.03,1,"[0, 0, 0, 0, 0, 0, 0, 0, 1, 0]",7.91,10.6,23.16,5.9,445980.0
FOSL,4.16,7,"[0, 1, 1, 1, 1, 1, 1, 0, 1, 0]",4.57,3.54,5.61,1.3,894035.0
STRT,72.44,5,"[0, 0, 0, 0, 1, 1, 1, 1, 1, 0]",74.79,74.75,90.91,51.84,106740.0
INSG,12.49,5,"[0, 1, 0, 1, 0, 1, 1, 0, 1, 0]",13.94,12.56,20.29,6.4,346385.0
FHTX,4.22,2,"[0, 0, 0, 0, 1, 0, 0, 0, 1, 0]",4.72,4.96,6.68,3.53,150965.0
CDXS,2.49,6,"[1, 1, 1, 1, 0, 0, 1, 0, 1, 0]",2.25,2.04,3.33,0.98,1149225.0
VUZI,5.14,9,"[1, 1, 1, 0, 1, 1, 1, 1, 1, 1]",2.71,2.82,5.14,1.9,2466195.0
NXDT,4.62,8,"[0, 1, 1, 1, 1, 1, 1, 1, 1, 0]",4.62,3.8,5.26,2.4,156400.0
SILC,45.33,10,"[1, 1, 1, 1, 1, 1, 1, 1, 1, 1]",30.44,20.16,50.98,13.5,189310.0
RNAC,6.75,1,"[0, 0, 0, 0, 0, 0, 0, 0, 1, 0]",6.81,8.01,13.77,5.85,172595.0
NBP,1.77,2,"[0, 0, 0, 0, 0, 0, 1, 0, 1, 0]",2.38,3.65,6.56,0.99,1256830.0
XPOF,5.71,2,"[0, 0, 0, 0, 0, 0, 1, 0, 1, 0]",6.22,7.25,11.01,4.26,729255.0
AP,10.16,9,"[1, 1, 1, 1, 1, 1, 1, 1, 1, 0]",9.1,5.42,12.2,1.85,166175.0
NVA,6.2,6,"[1, 0, 0, 0, 1, 1, 1, 0, 1, 1]",6.04,6.4,14.37,1.83,476355.0
CANG,0.49,4,"[1, 0, 0, 0, 0, 0, 1, 0, 1, 1]",0.47,1.37,2.75,0.34,899220.0
LTRX,7.08,10,"[1, 1, 1, 1, 1, 1, 1, 1, 1, 1]",6.1,5.46,7.2,2.15,939785.0
VYGR,3.8,4,"[0, 0, 0, 0, 0, 1, 1, 0, 1, 1]",3.93,4.07,5.33,2.73,560125.0
DUOT,12.3,9,"[1, 1, 1, 0, 1, 1, 1, 1, 1, 1]",8.12,8.56,12.3,6.0,665280.0
AIRJ,4.37,6,"[1, 1, 1, 0, 0, 0, 1, 0, 1, 1]",3.24,3.93,6.59,2.51,718570.0
EAF,9.1,3,"[1, 0, 0, 0, 0, 0, 1, 0, 1, 0]",7.87,11.79,19.82,5.23,247860.0
OSG,5.61,4,"[1, 0, 0, 0, 0, 0, 1, 0, 1, 1]",4.86,7.04,10.08,3.94,918290.0
OABI,2.65,8,"[1, 1, 1, 0, 1, 0, 1, 1, 1, 1]",1.69,1.74,2.65,1.25,985590.0
SPCE,3.24,6,"[1, 1, 1, 0, 0, 0, 1, 0, 1, 1]",2.67,3.15,4.65,2.17,10104405.0
WLAC,18.83,10,"[1, 1, 1, 1, 1, 1, 1, 1, 1, 1]",13.88,12.2,20.79,10.14,513321.35
POWW,2.06,10,"[1, 1, 1, 1, 1, 1, 1, 1, 1, 1]",2.02,1.77,2.15,1.09,404410.0
OBIO,4.06,6,"[0, 0, 1, 0, 1, 1, 1, 1, 1, 0]",4.23,3.85,5.35,2.35,271470.0
ALTG,5.44,2,"[0, 0, 0, 1, 0, 0, 0, 0, 1, 0]",6.37,6.4,8.62,4.19,385105.0
HUMA,1.05,4,"[1, 0, 0, 0, 0, 0, 1, 0, 1, 1]",0.83,1.24,2.77,0.57,6669015.0
LOVE,16.16,8,"[1, 1, 1, 1, 0, 0, 1, 1, 1, 1]",14.83,15.02,20.89,10.54,132465.0
ALEC,2.21,6,"[0, 1, 1, 1, 0, 1, 1, 0, 1, 0]",2.3,2.11,3.32,1.14,580165.0
UIS,2.95,5,"[1, 1, 0, 0, 0, 0, 1, 0, 1, 1]",2.52,3.0,4.96,2.0,760525.0
LFMD,4.19,4,"[0, 1, 0, 1, 0, 0, 1, 0, 1, 0]",4.2,4.6,15.06,2.64,988960.0
WALD,1.3,4,"[1, 0, 0, 0, 0, 0, 1, 0, 1, 1]",1.16,1.69,3.08,0.76,2781860.0
BZAI,1.47,2,"[0, 0, 0, 0, 0, 0, 1, 0, 1, 0]",1.72,2.5,6.29,1.02,11939635.0
HRTX,0.86,1,"[0, 0, 0, 0, 0, 0, 0, 0, 1, 0]",0.95,1.18,2.23,0.75,2424425.0
GPRO,1.0,3,"[0, 0, 0, 0, 0, 1, 1, 0, 1, 0]",1.04,1.44,2.88,0.58,8379170.0
CRNT,2.66,10,"[1, 1, 1, 1, 1, 1, 1, 1, 1, 1]",2.42,2.26,2.79,1.84,570660.0
NKTX,3.03,10,"[1, 1, 1, 1, 1, 1, 1, 1, 1, 1]",2.64,2.24,3.49,1.66,796980.0
AREC,2.16,5,"[0, 0, 0, 0, 1, 1, 1, 0, 1, 1]",2.37,2.85,6.81,0.64,2978550.0
MIST,1.41,4,"[0, 0, 0, 0, 1, 1, 1, 0, 1, 0]",1.69,1.9,2.95,1.01,1399345.0
LPRO,2.11,7,"[1, 1, 1, 0, 0, 0, 1, 1, 1, 1]",1.6,1.78,2.64,1.2,876060.0
IMPP,5.68,10,"[1, 1, 1, 1, 1, 1, 1, 1, 1, 1]",4.65,4.38,6.35,2.78,642630.0
RELL,17.55,10,"[1, 1, 1, 1, 1, 1, 1, 1, 1, 1]",13.52,11.41,18.42,8.57,281395.0
OSUR,3.61,8,"[1, 1, 1, 1, 0, 0, 1, 1, 1, 1]",3.06,2.87,3.61,2.11,686130.0
CNTX,2.6,10,"[1, 1, 1, 1, 1, 1, 1, 1, 1, 1]",2.53,1.69,3.36,0.55,710730.0
MVIS,0.62,1,"[0, 0, 0, 0, 0, 0, 0, 0, 1, 0]",0.64,0.91,1.5,0.53,7440465.0
AMPY,5.01,6,"[0, 0, 0, 1, 1, 1, 1, 1, 1, 0]",5.87,5.1,6.63,2.7,705070.0
TNYA,0.77,5,"[1, 0, 0, 0, 0, 1, 1, 0, 1, 1]",0.77,1.03,2.1,0.43,5057920.0
SMRT,1.28,4,"[0, 0, 0, 0, 1, 1, 1, 0, 1, 0]",1.4,1.56,2.12,0.8,1285245.0
SRI,7.45,7,"[1, 1, 1, 0, 0, 0, 1, 1, 1, 1]",6.22,6.85,9.17,4.72,204885.0
FF,4.12,8,"[0, 1, 1, 1, 1, 1, 1, 1, 1, 0]",4.17,3.76,4.98,3.0,396315.0
ANNA,3.21,3,"[0, 0, 0, 1, 0, 0, 1, 0, 1, 0]",4.8,3.77,10.24,2.31,596695.0
SND,4.91,9,"[1, 1, 1, 1, 1, 1, 1, 1, 1, 0]",4.87,3.51,5.51,1.64,283925.0
SABS,3.9,10,"[1, 1, 1, 1, 1, 1, 1, 1, 1, 1]",3.8,3.38,4.59,1.69,1085755.0
SHIM,3.7,7,"[0, 1, 1, 1, 1, 1, 1, 0, 1, 0]",4.42,3.32,6.67,1.47,231115.0
SLNH,1.71,8,"[1, 1, 1, 0, 1, 1, 1, 0, 1, 1]",1.2,1.49,4.42,0.43,28993745.0
DMRC,13.68,8,"[1, 1, 1, 1, 0, 0, 1, 1, 1, 1]",7.3,7.7,14.34,4.36,227480.0
PLBY,1.32,2,"[0, 0, 0, 0, 1, 0, 0, 0, 1, 0]",1.63,1.69,2.71,1.2,1082120.0
TONX,3.94,5,"[1, 1, 0, 0, 0, 0, 1, 0, 1, 1]",2.77,4.87,22.45,1.8,603640.0
TKNO,3.89,5,"[1, 1, 0, 0, 0, 0, 1, 0, 1, 1]",3.21,3.92,6.37,1.99,104730.0
KLTR,1.45,4,"[1, 0, 0, 0, 0, 0, 1, 0, 1, 1]",1.3,1.48,2.25,1.08,541705.0
EGAN,7.0,4,"[0, 0, 0, 0, 1, 1, 1, 0, 1, 0]",7.68,9.53,15.46,5.36,309385.0
PESI,8.95,2,"[0, 0, 0, 0, 1, 0, 0, 0, 1, 0]",11.53,12.44,15.76,8.19,282420.0
TENX,12.13,7,"[0, 1, 1, 1, 1, 1, 1, 0, 1, 0]",13.69,10.56,18.27,5.62,693655.0
ONEW,10.8,2,"[1, 0, 0, 0, 0, 0, 0, 0, 1, 0]",10.1,12.89,17.46,8.35,134540.0
UNCY,8.08,10,"[1, 1, 1, 1, 1, 1, 1, 1, 1, 1]",7.26,5.88,9.0,3.74,576870.0
DPRO,6.42,6,"[1, 0, 0, 0, 1, 1, 1, 0, 1, 1]",5.59,6.96,13.77,1.76,1453730.0
DTIL,7.23,10,"[1, 1, 1, 1, 1, 1, 1, 1, 1, 1]",6.96,5.48,8.61,3.57,217130.0
VERI,2.14,2,"[0, 0, 0, 0, 0, 0, 1, 0, 1, 0]",2.2,3.8,8.39,1.22,2682290.0
SLQT,1.0,4,"[1, 0, 0, 0, 0, 0, 1, 0, 1, 1]",0.83,1.42,2.69,0.59,2867160.0
ANIK,14.88,9,"[1, 1, 1, 1, 1, 1, 1, 1, 1, 0]",14.78,11.06,16.0,8.1,112020.0
QSI,1.06,4,"[1, 0, 0, 0, 0, 0, 1, 0, 1, 1]",0.89,1.24,2.63,0.71,6027235.0
XYF,4.57,3,"[1, 0, 0, 0, 0, 0, 1, 0, 1, 0]",4.46,7.95,18.91,3.22,133295.0
KPTI,8.16,9,"[1, 1, 1, 1, 1, 1, 1, 1, 1, 0]",7.88,6.98,10.09,3.77,441745.0
CRBP,11.35,7,"[1, 1, 1, 0, 0, 1, 1, 0, 1, 1]",10.03,10.38,19.36,6.9,342320.0
DGXX,7.94,10,"[1, 1, 1, 1, 1, 1, 1, 1, 1, 1]",3.98,3.32,8.46,1.27,20264475.0
KRMD,4.1,5,"[0, 0, 0, 0, 1, 1, 1, 0, 1, 1]",4.17,4.58,6.52,2.66,138565.0
CRBU,2.1,6,"[1, 1, 1, 1, 0, 0, 1, 0, 1, 0]",2.0,1.93,2.84,0.98,1573930.0
BHR,2.49,7,"[1, 0, 0, 0, 1, 1, 1, 1, 1, 1]",2.45,2.63,3.14,1.89,338315.0
INGN,6.4,2,"[0, 0, 0, 0, 0, 1, 0, 0, 1, 0]",6.6,7.04,8.95,5.59,374445.0
SUUN,0.71,4,"[1, 0, 0, 0, 0, 0, 1, 0, 1, 1]",0.63,1.36,2.48,0.5,546540.0
MGNX,4.53,10,"[1, 1, 1, 1, 1, 1, 1, 1, 1, 1]",3.33,2.11,4.53,1.19,1484975.0
ATLX,4.19,2,"[0, 0, 0, 0, 0, 1, 0, 0, 1, 0]",4.72,5.03,7.45,3.73,1104255.0
TLSA,1.48,3,"[1, 0, 0, 0, 0, 0, 0, 0, 1, 1]",1.33,1.62,2.5,1.15,231610.0
IFRX,2.61,10,"[1, 1, 1, 1, 1, 1, 1, 1, 1, 1]",1.58,1.25,2.65,0.73,3366665.0
TRAK,10.11,4,"[1, 0, 0, 0, 0, 0, 1, 0, 1, 1]",8.49,12.23,22.16,7.13,188270.0
WTF,3.13,1,"[0, 0, 0, 0, 0, 0, 0, 0, 1, 0]",3.58,4.26,7.1,2.82,273345.0
MDV,18.24,10,"[1, 1, 1, 1, 1, 1, 1, 1, 1, 1]",15.89,14.66,18.37,13.07,119425.0
ELTX,9.95,6,"[0, 1, 1, 1, 0, 1, 1, 0, 1, 0]",10.95,9.91,13.84,5.66,142050.0
CVGI,4.97,10,"[1, 1, 1, 1, 1, 1, 1, 1, 1, 1]",4.19,2.3,5.52,1.27,572875.0
ABOS,2.51,7,"[0, 1, 1, 1, 1, 1, 1, 0, 1, 0]",2.59,2.14,3.37,1.0,311960.0
DOUG,1.83,2,"[1, 0, 0, 0, 0, 0, 0, 0, 1, 0]",1.78,2.38,3.11,1.56,536730.0
AMTX,2.68,6,"[0, 1, 1, 1, 0, 0, 1, 0, 1, 1]",2.72,2.16,3.66,1.32,1756735.0
ZEPP,8.62,2,"[0, 0, 0, 0, 0, 0, 1, 0, 1, 0]",13.7,28.39,61.27,2.28,104090.0
SKYX,1.13,4,"[0, 0, 0, 0, 1, 1, 0, 0, 1, 1]",1.24,1.64,3.13,1.0,2276435.0
CVRX,6.11,2,"[0, 0, 0, 0, 1, 0, 0, 0, 1, 0]",7.59,7.92,10.81,4.74,380730.0
LFCR,4.93,3,"[1, 0, 0, 0, 0, 0, 1, 0, 1, 0]",4.64,6.78,8.82,3.66,192995.0
EPSN,6.19,8,"[1, 1, 1, 1, 0, 0, 1, 1, 1, 1]",6.12,5.23,8.1,4.2,192210.0
KRRO,11.61,2,"[0, 0, 0, 0, 0, 0, 1, 0, 1, 0]",12.28,18.42,51.36,5.28,119345.0
DOMO,3.63,3,"[1, 0, 0, 0, 0, 0, 1, 0, 1, 0]",3.49,8.91,18.2,2.42,618780.0
PYXS,1.96,6,"[1, 0, 0, 0, 1, 1, 1, 0, 1, 1]",1.78,2.25,5.34,1.04,688550.0
BDTX,2.28,1,"[0, 0, 0, 0, 0, 0, 0, 0, 1, 0]",2.63,2.95,4.87,1.99,1866490.0
CNTN,3.52,8,"[1, 1, 1, 0, 1, 1, 1, 0, 1, 1]",3.35,3.35,7.71,1.17,503220.0
TBI,5.56,6,"[1, 1, 1, 0, 0, 0, 1, 0, 1, 1]",4.54,5.04,7.68,3.31,415840.0
THRY,3.97,4,"[1, 0, 0, 0, 0, 0, 1, 0, 1, 1]",3.22,6.78,13.85,2.1,1246295.0
HYPR,1.49,8,"[1, 1, 1, 1, 0, 1, 1, 0, 1, 1]",1.36,1.25,2.2,0.55,769490.0
ORMP,3.99,10,"[1, 1, 1, 1, 1, 1, 1, 1, 1, 1]",3.83,2.93,4.73,1.92,203580.0
RFIL,18.52,10,"[1, 1, 1, 1, 1, 1, 1, 1, 1, 1]",13.57,9.4,18.52,4.04,222465.0
MX,5.52,9,"[1, 1, 1, 1, 0, 1, 1, 1, 1, 1]",3.59,3.05,5.76,2.27,2536635.0
OWLT,5.79,4,"[1, 0, 0, 0, 1, 0, 0, 0, 1, 1]",5.32,9.32,16.52,4.53,184650.0
KZIA,13.66,10,"[1, 1, 1, 1, 1, 1, 1, 1, 1, 1]",10.54,8.49,15.72,3.56,210445.0
ONL,3.0,9,"[1, 1, 1, 1, 0, 1, 1, 1, 1, 1]",2.5,2.45,3.0,1.71,366970.0
IMDX,6.09,8,"[1, 1, 1, 0, 1, 1, 1, 0, 1, 1]",4.28,4.92,8.48,2.4,478845.0
ANTX,4.85,10,"[1, 1, 1, 1, 1, 1, 1, 1, 1, 1]",4.08,1.99,5.46,1.03,250265.0
IMUX,13.05,10,"[1, 1, 1, 1, 1, 1, 1, 1, 1, 1]",11.27,8.78,14.5,5.1,285700.0
DIBS,4.6,5,"[0, 0, 1, 0, 1, 1, 1, 0, 1, 0]",5.19,4.59,6.43,2.41,254755.0
CURV,1.38,4,"[0, 1, 0, 1, 0, 0, 1, 0, 1, 0]",1.68,1.49,5.35,0.97,335945.0
APYX,4.13,10,"[1, 1, 1, 1, 1, 1, 1, 1, 1, 1]",3.74,3.34,4.4,1.54,245660.0
RGP,4.53,7,"[1, 1, 1, 0, 0, 0, 1, 1, 1, 1]",3.92,4.32,5.66,3.42,291950.0
CHPT,7.02,4,"[1, 0, 0, 0, 0, 0, 1, 0, 1, 1]",5.92,8.12,17.46,4.51,456975.0
BOOM,6.9,7,"[1, 1, 1, 0, 0, 0, 1, 1, 1, 1]",5.98,6.84,8.97,4.73,322560.0
WATT,29.24,10,"[1, 1, 1, 1, 1, 1, 1, 1, 1, 1]",22.01,11.25,35.33,3.76,499915.0
DHX,3.72,9,"[1, 1, 1, 1, 0, 1, 1, 1, 1, 1]",2.95,2.37,3.87,1.5,372335.0
HURA,2.5,8,"[1, 1, 1, 1, 0, 0, 1, 1, 1, 1]",2.24,1.93,3.25,0.44,638170.0
BZUN,2.5,1,"[0, 0, 0, 0, 0, 0, 0, 0, 1, 0]",2.58,2.98,4.77,2.1,285570.0
IDN,4.41,4,"[0, 0, 0, 1, 1, 1, 0, 0, 1, 0]",6.75,5.81,8.99,4.13,650770.0
SPRO,2.76,10,"[1, 1, 1, 1, 1, 1, 1, 1, 1, 1]",2.58,2.33,3.04,0.68,564190.0
NNBR,2.45,8,"[1, 1, 1, 1, 0, 1, 1, 1, 1, 0]",2.0,1.79,2.8,1.14,972290.0
CRDL,1.32,8,"[1, 1, 1, 1, 1, 0, 1, 1, 1, 0]",1.3,1.11,1.63,0.93,401150.0
AGEN,3.11,2,"[0, 0, 0, 1, 0, 0, 0, 0, 1, 0]",3.77,3.84,7.06,2.77,841585.0
JELD,1.74,4,"[1, 0, 0, 0, 0, 0, 1, 0, 1, 1]",1.35,3.09,6.76,0.95,1792465.0
EDSA,10.46,9,"[1, 1, 1, 1, 1, 1, 1, 0, 1, 1]",9.4,3.92,18.28,0.8,1143010.0
VWAV,5.1,2,"[0, 0, 0, 0, 0, 0, 1, 0, 1, 0]",6.16,8.93,14.18,2.3,549890.0
RDZN,1.9,9,"[1, 1, 1, 0, 1, 1, 1, 1, 1, 1]",1.43,1.43,2.41,0.83,966455.0
MBOT,1.71,2,"[0, 0, 0, 1, 0, 0, 0, 0, 1, 0]",2.26,2.5,4.5,1.62,1725850.0
QMCO,9.05,6,"[1, 1, 1, 0, 0, 0, 1, 0, 1, 1]",6.9,7.66,13.98,4.31,671520.0
MED,12.59,7,"[1, 1, 1, 0, 0, 0, 1, 1, 1, 1]",11.02,11.85,15.22,9.53,196440.0
GNLX,2.92,3,"[1, 0, 0, 0, 0, 0, 0, 0, 1, 1]",2.68,3.77,8.24,2.3,162055.0
EMPD,4.97,5,"[1, 1, 0, 0, 0, 0, 1, 0, 1, 1]",4.78,5.59,21.61,3.26,233215.0
GALT,2.5,4,"[1, 0, 0, 0, 0, 0, 1, 0, 1, 1]",2.47,3.87,6.51,1.24,308960.0
BNC,2.63,1,"[0, 0, 0, 0, 0, 0, 0, 0, 1, 0]",2.95,7.46,57.58,2.57,216770.0
SPWR,1.12,4,"[1, 0, 0, 0, 0, 0, 1, 0, 1, 1]",1.12,1.51,2.11,0.83,2016545.0
NTHI,5.34,4,"[0, 0, 0, 0, 0, 1, 1, 0, 1, 1]",5.88,8.25,12.09,3.35,113165.0
CODA,11.87,7,"[0, 1, 1, 1, 1, 1, 1, 0, 1, 0]",12.04,10.33,16.76,6.24,102940.0
SRFM,1.24,3,"[1, 0, 0, 0, 0, 0, 0, 0, 1, 1]",1.22,2.69,8.8,1.03,3753600.0
EQ,2.26,10,"[1, 1, 1, 1, 1, 1, 1, 1, 1, 1]",2.07,1.56,2.59,0.29,258760.0
TTEC,2.76,3,"[1, 0, 0, 0, 0, 0, 1, 0, 1, 0]",2.76,3.16,5.53,2.06,503920.0
DFDV,4.07,2,"[0, 0, 0, 0, 0, 0, 1, 0, 1, 0]",4.25,8.45,34.25,2.99,733095.0
BNAI,18.5,6,"[0, 0, 1, 1, 1, 1, 1, 0, 1, 0]",33.33,15.91,63.0,1.2,324785.0
TMCI,2.78,5,"[1, 1, 0, 0, 0, 0, 1, 0, 1, 1]",1.84,3.7,7.7,1.2,539860.0
CHGG,1.55,8,"[1, 1, 1, 1, 0, 0, 1, 1, 1, 1]",0.93,1.03,1.84,0.45,2970505.0
HSDT,2.29,4,"[1, 0, 0, 0, 0, 0, 1, 0, 1, 1]",2.07,5.12,209.0,1.7,219885.0
SAFX,0.46,5,"[1, 1, 0, 0, 0, 0, 1, 0, 1, 1]",0.44,0.66,36.22,0.14,12693920.0
AIFC,0.89,2,"[0, 0, 0, 0, 0, 0, 0, 0, 1, 1]",1.03,2.27,10.26,0.75,2418085.0
SUIG,1.75,4,"[1, 0, 0, 0, 0, 0, 1, 0, 1, 1]",1.47,2.59,7.45,1.14,411290.0
INVE,4.03,9,"[1, 1, 1, 1, 1, 1, 1, 1, 1, 0]",4.02,3.66,5.29,3.08,239070.0
GCTS,3.39,9,"[1, 1, 1, 1, 0, 1, 1, 1, 1, 1]",1.5,1.37,3.45,0.99,10663195.0
FFAI,0.32,2,"[0, 0, 0, 0, 0, 0, 1, 0, 1, 0]",0.33,1.06,3.0,0.22,13865255.0
PEPG,1.51,4,"[0, 0, 0, 0, 1, 1, 1, 0, 1, 0]",2.43,4.03,7.17,1.01,902855.0
BLNK,0.82,4,"[1, 0, 0, 0, 0, 0, 1, 0, 1, 1]",0.7,1.04,2.5,0.5,2531590.0
GUTS,0.91,4,"[1, 0, 0, 0, 0, 0, 1, 0, 1, 1]",0.6,1.11,2.88,0.39,2478380.0
INO,1.35,3,"[1, 0, 0, 0, 0, 0, 0, 0, 1, 1]",1.32,1.85,2.87,1.05,4056455.0
RANI,1.07,6,"[1, 0, 0, 0, 1, 1, 1, 0, 1, 1]",0.97,1.14,2.85,0.41,963790.0
CMTL,4.79,9,"[1, 1, 1, 0, 1, 1, 1, 1, 1, 1]",3.77,3.74,5.98,1.92,218160.0
VRA,3.37,8,"[0, 1, 1, 1, 1, 1, 1, 1, 1, 0]",3.68,2.7,4.26,1.78,182540.0
TUSK,3.25,9,"[1, 1, 1, 1, 0, 1, 1, 1, 1, 1]",2.62,2.29,3.41,1.73,420485.0
STIM,1.2,1,"[0, 0, 0, 0, 0, 0, 0, 0, 1, 0]",1.5,2.06,4.66,1.18,2977405.0
CUE,21.47,8,"[1, 1, 1, 1, 0, 1, 1, 0, 1, 1]",16.79,16.82,35.73,5.31,1391085.0
ARQ,2.46,4,"[1, 0, 0, 0, 0, 0, 1, 0, 1, 1]",2.34,4.35,7.73,1.64,301910.0
LICN,0.84,3,"[0, 0, 0, 1, 0, 1, 0, 0, 1, 0]",4.79,3.95,8.63,0.84,438330.0
HCAT,1.29,2,"[1, 0, 0, 0, 0, 0, 0, 0, 1, 0]",1.26,2.28,4.16,1.0,603195.0
BMEA,1.42,4,"[0, 1, 0, 1, 0, 0, 1, 0, 1, 0]",1.54,1.51,2.9,0.96,1456725.0
CBUS,1.38,2,"[0, 0, 0, 0, 1, 0, 0, 0, 1, 0]",1.8,1.79,4.05,1.16,316400.0
GEOS,8.1,2,"[0, 0, 0, 0, 0, 0, 1, 0, 1, 0]",9.98,15.83,28.41,5.64,267365.0
HOVR,3.14,8,"[1, 1, 1, 0, 0, 1, 1, 1, 1, 1]",1.92,1.99,3.91,0.86,2917050.0
CGTX,1.26,4,"[1, 0, 0, 0, 0, 1, 1, 0, 1, 0]",1.1,1.44,3.18,0.24,838085.0
FLL,2.66,4,"[1, 1, 0, 0, 0, 0, 0, 0, 1, 1]",2.54,2.74,4.95,2.15,182865.0
CYPH,1.2,8,"[1, 1, 1, 0, 1, 1, 1, 0, 1, 1]",0.91,0.82,2.97,0.24,4560365.0
DTI,2.94,6,"[0, 0, 1, 1, 1, 1, 1, 0, 1, 0]",3.42,2.87,4.49,1.81,313900.0
BTCS,1.65,1,"[0, 0, 0, 0, 0, 0, 0, 0, 1, 0]",1.78,2.97,6.5,1.29,1002380.0
ZVIA,1.69,4,"[1, 0, 0, 0, 0, 0, 1, 0, 1, 1]",1.26,2.03,3.64,1.13,983615.0
LAKE,10.43,4,"[1, 0, 0, 0, 0, 0, 1, 0, 1, 1]",9.42,11.88,19.28,7.58,106890.0
ALDX,1.55,1,"[0, 0, 0, 0, 0, 0, 0, 0, 1, 0]",1.78,4.32,5.89,1.24,875195.0
SKLZ,8.59,6,"[1, 1, 1, 0, 0, 0, 1, 0, 1, 1]",4.81,5.59,12.45,2.28,1501115.0
EXFY,1.14,4,"[1, 0, 0, 0, 0, 0, 1, 0, 1, 1]",0.94,1.41,2.61,0.75,678595.0
ONCY,0.81,2,"[0, 0, 0, 0, 0, 0, 1, 0, 1, 0]",0.94,1.04,1.42,0.33,1217870.0
TEAD,1.1,6,"[1, 1, 1, 0, 0, 0, 1, 0, 1, 1]",0.81,1.05,3.11,0.59,400055.0
NRXP,3.22,9,"[1, 1, 1, 1, 0, 1, 1, 1, 1, 1]",2.6,2.52,3.67,1.68,1096305.0
OCCI,3.27,3,"[1, 0, 0, 0, 0, 0, 0, 0, 1, 1]",3.03,3.95,5.08,2.62,309730.0
SKBL,3.16,6,"[0, 0, 1, 1, 1, 1, 1, 0, 1, 0]",3.37,2.86,12.98,0.44,450155.0
SEAT,7.98,5,"[1, 1, 0, 0, 0, 0, 1, 0, 1, 1]",7.06,9.68,39.4,5.3,118345.0
ARBE,1.13,4,"[1, 0, 0, 0, 0, 0, 1, 0, 1, 1]",0.79,1.27,2.69,0.56,1995855.0
PODC,4.48,10,"[1, 1, 1, 1, 1, 1, 1, 1, 1, 1]",2.86,2.32,4.48,1.3,208290.0
TLYS,4.34,10,"[1, 1, 1, 1, 1, 1, 1, 1, 1, 1]",4.23,2.3,5.39,0.87,178505.0
UPXI,1.34,3,"[1, 0, 0, 0, 0, 0, 1, 0, 1, 0]",1.24,3.1,12.71,0.56,3129870.0
LGO,0.96,1,"[0, 0, 0, 0, 0, 0, 0, 0, 1, 0]",1.18,1.31,2.52,0.89,1037745.0
BAER,1.97,4,"[0, 0, 0, 0, 1, 1, 1, 0, 1, 0]",1.98,2.03,3.27,1.32,753065.0
SEV,2.49,3,"[0, 0, 0, 0, 1, 0, 1, 0, 1, 0]",2.77,2.49,10.84,1.41,243730.0
FRMM,4.54,3,"[1, 0, 0, 0, 0, 0, 1, 0, 1, 0]",3.65,13.37,107.0,1.79,490610.0
GNSS,1.98,6,"[1, 0, 0, 0, 0, 1, 1, 1, 1, 1]",1.88,2.06,2.58,1.47,147620.0
ATYR,0.49,1,"[0, 0, 0, 0, 0, 0, 0, 0, 1, 0]",0.77,1.4,6.61,0.4,3737525.0
OCC,12.63,10,"[1, 1, 1, 1, 1, 1, 1, 1, 1, 1]",10.06,7.61,13.13,2.62,280055.0
QTTB,5.8,8,"[0, 1, 1, 1, 1, 1, 1, 1, 1, 0]",5.99,3.76,7.3,1.36,268770.0
STEX,1.28,4,"[1, 0, 0, 0, 0, 0, 1, 0, 1, 1]",1.15,3.38,11.55,0.76,1663645.0
AIRG,7.09,10,"[1, 1, 1, 1, 1, 1, 1, 1, 1, 1]",6.09,4.72,7.25,3.07,113315.0
LIDR,1.89,2,"[0, 0, 0, 0, 0, 0, 1, 0, 1, 0]",1.9,2.23,4.43,0.71,1917090.0
MXCT,1.04,4,"[1, 0, 0, 0, 0, 0, 1, 0, 1, 1]",0.84,1.23,2.39,0.68,1050145.0
AGH,3.57,4,"[0, 0, 0, 0, 1, 1, 1, 0, 1, 0]",4.01,4.13,7.82,0.55,750177.75
AVD,2.81,3,"[1, 0, 0, 0, 0, 0, 1, 0, 1, 0]",2.75,4.33,5.81,2.06,217410.0
NAMM,1.43,2,"[0, 0, 0, 0, 0, 0, 1, 0, 1, 0]",2.02,2.34,31.22,0.92,427265.0
SPAI,4.23,3,"[0, 0, 0, 0, 0, 1, 1, 0, 1, 0]",4.28,5.18,8.95,2.4,444440.0
CLNN,6.7,8,"[1, 1, 1, 0, 1, 1, 1, 0, 1, 1]",6.2,6.45,12.5,2.37,1353805.0
BTMD,1.99,3,"[1, 0, 0, 0, 0, 0, 1, 0, 1, 0]",1.85,2.46,4.55,1.3,207595.0
GRWG,1.79,8,"[1, 1, 1, 0, 0, 1, 1, 1, 1, 1]",1.26,1.45,2.2,0.87,516205.0
DTCX,2.16,2,"[0, 0, 0, 0, 0, 0, 1, 0, 1, 0]",2.43,3.71,15.46,1.63,263185.0
PN,4.11,3,"[0, 0, 0, 0, 0, 0, 1, 0, 1, 1]",6.35,13.21,82.0,2.21,4401485.0
TCRX,1.06,1,"[0, 0, 0, 0, 0, 0, 0, 0, 1, 0]",1.11,1.34,2.52,0.9,713370.0
DOMH,3.24,3,"[1, 0, 0, 0, 0, 0, 0, 0, 1, 1]",2.86,3.9,6.22,2.53,190445.0
STEM,9.46,2,"[0, 0, 0, 0, 0, 0, 1, 0, 1, 0]",9.91,15.07,29.79,6.17,176225.0
ZTEK,0.65,4,"[1, 0, 0, 0, 0, 0, 1, 0, 1, 1]",0.59,0.72,1.57,0.42,200440.0
JFB,5.52,4,"[0, 0, 0, 0, 1, 1, 1, 0, 1, 0]",6.5,7.41,16.78,2.3,241065.0
ANVS,2.23,5,"[1, 0, 0, 0, 1, 0, 1, 0, 1, 1]",2.13,2.63,5.1,1.59,1226635.0
ZSQR,8.98,2,"[0, 0, 0, 0, 0, 1, 0, 0, 1, 0]",12.27,13.71,18.8,7.05,185100.0
STSS,1.81,2,"[1, 0, 0, 0, 0, 0, 0, 0, 1, 0]",1.8,3.72,16.03,1.42,244085.0
ACRV,1.75,5,"[1, 0, 0, 0, 1, 1, 1, 0, 1, 0]",1.73,1.84,3.01,1.05,554910.0
AFCG,3.62,7,"[1, 1, 1, 1, 0, 0, 1, 0, 1, 1]",2.86,3.07,5.23,2.05,382720.0
PMVP,1.26,3,"[0, 0, 0, 1, 0, 0, 1, 0, 1, 0]",1.38,1.34,1.8,0.88,378500.0
MDAI,2.68,8,"[1, 1, 1, 1, 0, 0, 1, 1, 1, 1]",1.87,1.83,3.14,1.2,626125.0
SCYX,0.73,3,"[0, 0, 0, 1, 0, 1, 0, 0, 1, 0]",0.91,0.8,1.18,0.58,345050.0
BDMD,1.63,4,"[0, 1, 0, 1, 0, 0, 1, 0, 1, 0]",1.84,1.75,7.1,0.77,180170.0
CPSH,6.0,10,"[1, 1, 1, 1, 1, 1, 1, 1, 1, 1]",4.48,4.01,6.38,2.42,686605.0
OMEX,1.08,4,"[1, 0, 0, 0, 0, 0, 1, 0, 1, 1]",1.07,1.78,4.12,0.77,1154715.0
ATRA,9.8,5,"[1, 1, 0, 0, 0, 0, 1, 0, 1, 1]",6.07,10.15,18.09,4.18,4241630.0
FTCI,4.94,4,"[1, 0, 0, 0, 1, 0, 1, 0, 1, 0]",4.4,7.5,12.5,3.45,226105.0
CPIX,5.87,10,"[1, 1, 1, 1, 1, 1, 1, 1, 1, 1]",3.8,3.49,5.89,1.9,207200.0
PDSB,1.2,7,"[1, 1, 1, 1, 0, 0, 1, 0, 1, 1]",0.97,0.94,1.79,0.54,1001145.0
FLD,1.11,1,"[0, 0, 0, 0, 0, 0, 0, 0, 1, 0]",1.33,2.53,5.13,1.07,126510.0
RRGB,4.56,5,"[1, 1, 0, 0, 0, 0, 1, 0, 1, 1]",3.56,4.67,7.44,2.59,589750.0
LFVN,5.61,4,"[1, 0, 0, 0, 0, 0, 1, 0, 1, 1]",4.83,7.09,14.22,4.02,216495.0
XTIA,1.84,6,"[0, 1, 1, 1, 1, 0, 1, 0, 1, 0]",2.04,1.77,5.05,1.24,1283510.0
KLXE,3.06,8,"[1, 1, 1, 1, 1, 1, 1, 0, 1, 0]",3.04,2.26,4.27,1.53,296750.0
FEAM,1.9,4,"[1, 0, 0, 0, 0, 0, 1, 0, 1, 1]",1.65,3.19,7.03,1.22,261960.0
SCLX,6.11,2,"[0, 0, 0, 0, 0, 0, 1, 0, 1, 0]",7.29,13.69,30.0,4.55,105650.0
SNBR,1.71,2,"[0, 0, 0, 0, 0, 0, 1, 0, 1, 0]",2.27,6.5,12.37,1.1,3965650.0
CING,4.47,4,"[0, 0, 0, 1, 1, 0, 1, 0, 1, 0]",5.87,4.9,11.66,3.33,447755.0
IXHL,3.52,2,"[0, 0, 0, 0, 0, 0, 1, 0, 1, 0]",3.63,9.67,48.9,2.56,290270.0
IMMP,0.49,4,"[1, 0, 0, 0, 1, 0, 1, 0, 1, 0]",0.44,1.79,3.18,0.31,1045665.0
IBIO,1.84,6,"[0, 0, 1, 0, 1, 1, 1, 0, 1, 1]",1.89,1.63,3.07,0.57,1023670.0
ENTX,1.24,3,"[1, 0, 0, 0, 0, 0, 0, 0, 1, 1]",1.2,1.76,3.14,1.0,105320.0
EHTH,1.58,1,"[0, 0, 0, 0, 0, 0, 0, 0, 1, 0]",1.64,3.16,5.65,1.24,357080.0
PRTS,0.62,3,"[0, 0, 0, 1, 0, 0, 1, 0, 1, 0]",0.82,0.69,1.14,0.39,589380.0
VNCE,4.21,9,"[1, 1, 1, 1, 1, 1, 1, 1, 1, 0]",3.48,2.94,5.57,1.26,241255.0
HYFT,1.71,6,"[1, 1, 1, 0, 0, 0, 1, 0, 1, 1]",1.23,1.68,3.2,0.53,393705.0
BLNE,1.18,2,"[0, 0, 0, 0, 0, 0, 1, 0, 1, 0]",2.05,2.45,4.35,0.65,878475.0
PSIG,7.67,10,"[1, 1, 1, 1, 1, 1, 1, 1, 1, 1]",6.41,4.84,7.71,2.56,816790.0
BTM,0.49,1,"[0, 0, 0, 0, 0, 0, 0, 0, 1, 0]",3.91,12.69,45.36,0.49,1043570.0
SPWH,1.29,1,"[0, 0, 0, 0, 0, 0, 0, 0, 1, 0]",1.4,1.94,4.16,1.13,352780.0
ONMD,0.9,3,"[0, 0, 0, 0, 0, 1, 1, 0, 1, 0]",0.91,1.15,3.14,0.32,399055.0
GRML,0.39,2,"[0, 0, 0, 0, 0, 0, 1, 0, 1, 0]",0.4,0.46,2.01,0.17,3210965.0
AMPG,5.04,8,"[1, 1, 1, 0, 0, 1, 1, 1, 1, 1]",2.44,3.14,5.29,1.76,3938985.0
CHRN,15.48,10,"[1, 1, 1, 1, 1, 1, 1, 1, 1, 1]",11.93,7.65,17.92,2.82,300895.0
KZR,7.29,9,"[1, 1, 1, 1, 1, 1, 1, 1, 1, 0]",7.13,5.81,7.45,3.59,125152.4
IPWR,5.73,7,"[1, 1, 1, 0, 0, 0, 1, 1, 1, 1]",3.94,4.24,7.38,2.68,644820.0
SQNS,4.2,4,"[1, 0, 0, 0, 0, 0, 1, 0, 1, 1]",3.16,5.81,53.9,2.43,288550.0
ZEO,0.85,3,"[1, 0, 0, 0, 0, 0, 1, 0, 1, 0]",0.8,1.2,3.43,0.55,107220.0
MLGO,5.26,4,"[1, 0, 0, 0, 0, 0, 1, 0, 1, 1]",3.93,6.39,55.5,3.13,1167730.0
STKE,1.64,4,"[1, 0, 0, 0, 0, 0, 1, 0, 1, 1]",1.37,2.94,22.16,0.89,312620.0
ILLR,0.23,4,"[1, 0, 0, 0, 0, 0, 1, 0, 1, 1]",0.22,0.42,1.48,0.03,4296810.0
VIVO,4.67,7,"[1, 1, 1, 1, 0, 0, 1, 0, 1, 1]",3.02,3.38,6.87,1.21,1700060.0
USEG,0.97,4,"[1, 0, 0, 0, 0, 0, 1, 0, 1, 1]",0.93,1.05,2.21,0.69,12548690.0
BWEN,3.89,9,"[1, 1, 1, 0, 1, 1, 1, 1, 1, 1]",2.53,2.58,4.52,1.66,1893750.0
COCH,0.71,4,"[1, 0, 0, 0, 0, 0, 1, 0, 1, 1]",0.7,0.82,1.7,0.39,131470.0
BIRD,3.84,3,"[0, 0, 0, 1, 0, 0, 1, 0, 1, 0]",5.06,5.15,16.99,2.39,619975.0
BEAT,0.88,3,"[0, 0, 0, 0, 1, 0, 1, 0, 1, 0]",1.03,1.47,3.44,0.58,730605.0
RDAC,9.69,6,"[1, 1, 1, 0, 0, 0, 1, 0, 1, 1]",6.84,8.63,20.51,4.59,949645.0
FTEK,1.48,3,"[1, 0, 0, 0, 0, 0, 0, 0, 1, 1]",1.37,1.96,3.63,1.19,302330.0
PPSI,5.21,8,"[1, 1, 1, 0, 0, 1, 1, 1, 1, 1]",3.5,3.98,5.22,2.37,367755.0
TELA,0.89,4,"[1, 0, 0, 0, 0, 0, 1, 0, 1, 1]",0.78,1.13,2.14,0.56,267145.0
GAME,0.46,4,"[1, 1, 0, 0, 0, 0, 1, 0, 1, 0]",0.39,0.52,2.31,0.25,2479915.0
ARAY,0.31,1,"[0, 0, 0, 0, 0, 0, 0, 0, 1, 0]",0.39,0.96,1.85,0.27,5002440.0
ELUT,1.16,7,"[1, 1, 1, 1, 0, 0, 1, 0, 1, 1]",1.09,1.07,2.46,0.5,159130.0
FATN,3.78,7,"[1, 1, 1, 1, 0, 0, 1, 0, 1, 1]",2.64,3.47,10.76,1.45,2988055.0
FGNX,7.81,4,"[1, 0, 0, 0, 0, 0, 1, 0, 1, 1]",6.36,21.54,191.5,4.23,154905.0
PSTV,6.59,3,"[1, 0, 0, 0, 0, 0, 1, 0, 1, 0]",5.75,10.68,22.25,2.92,151450.0
HYPD,3.62,2,"[0, 0, 0, 0, 0, 0, 1, 0, 1, 0]",3.7,5.17,15.97,1.55,595830.0
ASTI,5.36,9,"[1, 1, 1, 1, 1, 1, 1, 0, 1, 1]",4.56,3.69,9.02,1.16,1083105.0
DARE,2.37,7,"[1, 1, 1, 1, 0, 0, 1, 0, 1, 1]",2.11,1.99,3.27,1.3,857595.0
ABLV,1.03,7,"[1, 1, 1, 0, 0, 0, 1, 1, 1, 1]",0.74,0.8,1.25,0.58,105545.0
ALGS,5.76,1,"[0, 0, 0, 0, 0, 0, 0, 0, 1, 0]",6.81,8.42,13.3,5.18,135650.0
BEEM,1.43,1,"[0, 0, 0, 0, 0, 0, 0, 0, 1, 0]",1.62,2.01,3.88,1.37,570090.0
SST,2.95,2,"[0, 0, 0, 0, 0, 0, 1, 0, 1, 0]",2.95,4.68,10.76,1.37,1118040.0
WKHS,3.19,4,"[1, 0, 0, 0, 0, 0, 1, 0, 1, 1]",3.0,8.01,53.04,2.34,296355.0
INMB,1.45,3,"[1, 0, 0, 0, 0, 0, 0, 0, 1, 1]",1.35,1.67,8.09,1.12,483365.0
JZ,0.71,1,"[0, 0, 0, 0, 0, 0, 0, 0, 1, 0]",0.91,1.23,4.26,0.64,142070.0
PSQH,0.59,1,"[0, 0, 0, 0, 0, 0, 0, 0, 1, 0]",0.64,1.25,2.83,0.49,352835.0
HCHL,3.44,6,"[1, 1, 1, 0, 0, 0, 1, 0, 1, 1]",1.91,2.72,5.6,1.0,482465.0
RPGL,0.29,2,"[0, 0, 0, 0, 1, 0, 0, 0, 1, 0]",0.71,0.29,99.6,0.24,7810060.0
GRCE,2.2,2,"[0, 0, 0, 0, 1, 0, 0, 0, 1, 0]",3.42,3.37,5.13,2.1,479465.0
BCG,1.69,2,"[0, 0, 0, 0, 1, 0, 0, 0, 1, 0]",2.0,2.07,3.11,1.38,107770.0
BGDE,5.9,3,"[1, 0, 0, 0, 0, 0, 1, 0, 1, 0]",4.55,7.93,33.6,1.71,210250.0
TRAW,1.49,4,"[0, 0, 0, 0, 0, 1, 1, 0, 1, 1]",1.66,1.89,3.13,1.09,6403960.0
AERT,0.71,7,"[1, 1, 1, 1, 0, 0, 1, 0, 1, 1]",0.54,0.58,1.33,0.29,155220.0
BOLD,1.44,9,"[1, 1, 1, 1, 1, 1, 1, 1, 1, 0]",1.36,1.24,1.63,1.01,137250.0
ARAI,0.64,1,"[0, 0, 0, 0, 0, 0, 0, 0, 1, 0]",0.8,2.87,12.15,0.58,1817400.0
ABVE,0.57,3,"[0, 0, 0, 0, 0, 0, 1, 0, 1, 1]",0.74,1.9,5.28,0.37,4584510.0
AGPU,5.34,4,"[1, 1, 0, 0, 0, 0, 1, 0, 1, 0]",4.3,7.2,18.0,1.41,383685.0
MNTS,7.38,4,"[1, 0, 0, 0, 0, 0, 1, 0, 1, 1]",4.98,12.54,34.11,3.23,2438275.0
BZFD,2.09,7,"[1, 1, 1, 0, 0, 0, 1, 1, 1, 1]",0.85,1.19,2.56,0.57,9351310.0
SKYE,0.83,3,"[1, 0, 0, 0, 0, 0, 1, 0, 1, 0]",0.77,1.57,4.75,0.58,195680.0
QCLS,4.18,5,"[1, 1, 0, 0, 0, 0, 1, 0, 1, 1]",3.81,4.47,17.6,2.76,629230.0
UPLD,0.7,4,"[1, 0, 0, 0, 0, 0, 1, 0, 1, 1]",0.68,1.53,2.96,0.51,391540.0
SOWG,1.76,2,"[0, 0, 0, 0, 0, 0, 1, 0, 1, 0]",4.01,8.3,23.25,1.13,686500.0
LASE,0.9,2,"[0, 0, 0, 0, 0, 0, 1, 0, 1, 0]",0.92,2.3,6.51,0.6,1695845.0
QNTM,9.24,5,"[1, 1, 0, 0, 0, 0, 1, 0, 1, 1]",4.46,9.25,35.0,2.1,479035.0
DBGI,0.36,1,"[0, 0, 0, 0, 0, 0, 0, 0, 1, 0]",1.67,6.71,17.78,0.36,3395010.0
NEON,1.79,4,"[1, 0, 0, 0, 0, 0, 1, 0, 1, 1]",1.56,4.27,29.3,1.27,108570.0
AIFF,1.75,4,"[0, 1, 0, 1, 0, 0, 1, 0, 1, 0]",1.96,1.85,3.46,0.64,342900.0
VEEA,0.6,6,"[1, 1, 0, 1, 0, 0, 1, 0, 1, 1]",0.58,0.6,2.14,0.38,209770.0
SPPL,2.62,4,"[1, 0, 0, 0, 0, 0, 1, 0, 1, 1]",2.31,3.69,6.62,1.8,1789590.0
OTLK,0.31,3,"[1, 0, 0, 0, 0, 0, 1, 0, 1, 0]",0.27,0.98,2.97,0.2,5183925.0
EVTV,2.19,8,"[1, 1, 1, 1, 0, 1, 1, 0, 1, 1]",1.85,1.71,4.08,0.36,621525.0
FEMY,0.44,4,"[1, 0, 0, 0, 1, 0, 0, 0, 1, 1]",0.43,0.58,1.06,0.34,1149010.0
JSPR,0.9,3,"[0, 0, 0, 0, 0, 0, 1, 0, 1, 1]",0.96,1.74,6.82,0.67,236125.0
DFLI,2.14,4,"[1, 0, 0, 0, 0, 0, 1, 0, 1, 1]",2.03,4.8,19.7,1.54,465355.0
ALLR,1.77,9,"[1, 1, 1, 1, 0, 1, 1, 1, 1, 1]",1.31,1.26,1.97,0.8,246385.0
FMST,1.62,1,"[0, 0, 0, 0, 0, 0, 0, 0, 1, 0]",1.75,2.49,5.42,1.52,131200.0
VTGN,0.65,3,"[1, 0, 0, 0, 0, 0, 0, 0, 1, 1]",0.61,2.07,4.9,0.51,845000.0
SDST,2.65,4,"[1, 0, 0, 0, 0, 0, 1, 0, 1, 1]",2.55,3.44,7.09,1.81,116835.0
LTRN,3.5,6,"[1, 1, 1, 0, 0, 0, 1, 0, 1, 1]",2.28,3.3,5.32,1.12,318730.0
MVO,1.85,3,"[0, 0, 0, 1, 0, 0, 1, 0, 1, 0]",2.32,2.86,5.29,0.91,213440.0
GWH,0.96,1,"[0, 0, 0, 0, 0, 0, 0, 0, 1, 0]",1.11,1.98,9.05,0.77,1081210.0
ONEG,0.93,1,"[0, 0, 0, 0, 0, 0, 0, 0, 1, 0]",3.38,5.62,12.99,0.85,2090445.0
MOBX,2.14,2,"[0, 0, 0, 0, 0, 0, 1, 0, 1, 0]",3.11,5.33,12.1,1.46,9402460.0
GRDX,4.84,8,"[1, 1, 1, 0, 0, 1, 1, 1, 1, 1]",2.61,3.12,5.63,1.1,134395.0
QNCX,1.1,2,"[0, 0, 0, 0, 0, 0, 1, 0, 1, 0]",1.18,14.43,44.0,0.8,2096555.0
AUID,1.17,2,"[0, 0, 0, 0, 0, 0, 1, 0, 1, 0]",1.23,1.97,5.66,0.86,165835.0
SNAL,1.1,6,"[1, 1, 1, 0, 0, 0, 1, 0, 1, 1]",0.68,0.84,1.7,0.38,19861345.0
COCP,1.15,4,"[0, 1, 0, 1, 0, 0, 1, 0, 1, 0]",1.28,1.18,1.94,0.86,124800.0
KTTA,0.7,5,"[0, 0, 0, 0, 1, 1, 1, 0, 1, 1]",0.76,0.82,1.47,0.29,318830.0
LGVN,0.82,5,"[0, 1, 1, 1, 0, 0, 1, 0, 1, 0]",0.94,0.75,1.74,0.48,419105.0
LPCN,2.26,2,"[0, 0, 0, 0, 1, 0, 0, 0, 1, 0]",3.77,4.75,11.26,1.94,110585.0
SAGT,1.05,1,"[0, 0, 0, 0, 0, 0, 0, 0, 1, 0]",1.81,1.97,3.42,0.88,6042370.0
OSRH,0.5,1,"[0, 0, 0, 0, 0, 0, 0, 0, 1, 0]",0.55,0.59,1.67,0.4,17939625.0
OFAL,0.3,1,"[0, 0, 0, 0, 0, 0, 0, 0, 1, 0]",0.58,0.8,5.26,0.3,636285.0
SEGG,1.91,5,"[1, 1, 0, 0, 0, 0, 1, 0, 1, 1]",1.02,2.57,18.8,0.51,6352150.0
ENGS,1.53,4,"[1, 0, 0, 0, 0, 0, 1, 0, 1, 1]",1.22,2.78,12.22,0.64,291620.0
AGAE,0.59,7,"[1, 1, 1, 1, 0, 0, 1, 0, 1, 1]",0.42,0.58,3.55,0.26,2263755.0
NIXX,0.53,1,"[0, 0, 0, 0, 0, 0, 0, 0, 1, 0]",0.73,1.09,2.36,0.49,483995.0
TOMZ,0.78,5,"[1, 1, 0, 0, 0, 0, 1, 0, 1, 1]",0.66,0.79,1.15,0.53,977160.0
AIIO,2.58,4,"[1, 0, 0, 0, 0, 0, 1, 0, 1, 1]",1.65,12.48,52.4,0.59,34053660.0
SCNX,0.4,3,"[1, 0, 0, 0, 0, 0, 1, 0, 1, 0]",0.39,0.65,2.6,0.24,374630.0
GFAI,0.48,1,"[0, 0, 0, 0, 0, 0, 0, 0, 1, 0]",0.5,0.76,1.42,0.39,396480.0
LEXX,0.65,1,"[0, 0, 0, 0, 0, 0, 0, 0, 1, 0]",0.79,0.87,1.53,0.53,175635.0
NWGL,0.86,2,"[0, 0, 0, 0, 0, 0, 1, 0, 1, 0]",0.91,1.21,5.63,0.63,121695.0
TBH,0.75,4,"[1, 1, 0, 0, 0, 0, 1, 0, 1, 0]",0.52,0.82,2.4,0.23,711790.0
SKYQ,2.68,3,"[0, 0, 0, 1, 0, 0, 1, 0, 1, 0]",5.08,3.79,12.59,1.79,2220690.0
TURB,1.18,3,"[0, 0, 0, 1, 0, 0, 1, 0, 1, 0]",1.98,2.3,12.4,0.61,558225.0
AKAN,27.12,5,"[1, 1, 0, 0, 0, 0, 1, 0, 1, 1]",13.27,31.52,107.43,2.68,3100340.0
MDCX,0.3,1,"[0, 0, 0, 0, 0, 0, 0, 0, 1, 0]",0.38,1.49,7.29,0.28,1968825.0
BFRI,0.81,4,"[0, 0, 0, 1, 0, 1, 1, 0, 1, 0]",0.97,0.91,1.16,0.56,268495.0
MBRX,2.39,2,"[1, 0, 0, 0, 0, 0, 0, 0, 1, 0]",2.37,6.78,23.77,1.96,211035.0
SKK,3.97,6,"[1, 1, 1, 0, 0, 0, 1, 0, 1, 1]",3.13,3.41,12.19,1.66,2268860.0
HOTH,0.69,2,"[0, 0, 0, 0, 0, 0, 1, 0, 1, 0]",0.73,1.11,2.07,0.51,832180.0
PHIO,1.09,1,"[0, 0, 0, 0, 0, 0, 0, 0, 1, 0]",1.2,1.49,2.96,0.86,134805.0
BFRG,0.65,2,"[0, 0, 0, 0, 0, 0, 1, 0, 1, 0]",0.8,0.97,1.9,0.46,325795.0
APRE,0.95,5,"[1, 1, 0, 0, 0, 0, 1, 0, 1, 1]",0.83,1.09,2.08,0.59,202620.0
LNAI,2.26,2,"[0, 0, 0, 0, 0, 0, 1, 0, 1, 0]",2.73,7.99,30.48,1.47,888475.95
STFS,7.5,6,"[1, 1, 0, 1, 0, 0, 1, 0, 1, 1]",5.36,9.07,95.2,3.12,601160.0
ATER,1.22,7,"[1, 1, 1, 1, 0, 0, 1, 0, 1, 1]",0.84,0.85,1.66,0.54,14013100.0
GTBP,0.44,4,"[1, 0, 0, 0, 0, 0, 1, 0, 1, 1]",0.39,0.66,3.8,0.27,2029680.0
LHSW,0.21,3,"[1, 0, 0, 0, 0, 0, 1, 0, 1, 0]",0.2,1.09,3.03,0.14,623530.0
RVPH,0.41,1,"[0, 0, 0, 0, 0, 0, 0, 0, 1, 0]",0.88,6.72,22.4,0.33,986057.85
YYGH,0.38,1,"[0, 0, 0, 0, 0, 0, 0, 0, 1, 0]",1.24,19.89,169.5,0.38,550490.0
NOTV,0.27,1,"[0, 0, 0, 0, 0, 0, 0, 0, 1, 0]",0.29,0.82,3.01,0.23,768230.0
GDC,0.11,1,"[0, 0, 0, 0, 0, 0, 0, 0, 1, 0]",2.67,3.99,9.73,0.11,66155910.0
TDIC,0.44,1,"[0, 0, 0, 0, 0, 0, 0, 0, 1, 0]",1.31,6.18,36.35,0.44,27944360.0
BIAF,1.56,3,"[0, 0, 0, 1, 0, 0, 1, 0, 1, 0]",2.75,2.91,12.0,0.75,365785.0
CODX,5.07,4,"[1, 0, 0, 0, 0, 0, 1, 0, 1, 1]",1.9,6.62,37.8,1.28,12536970.0
ELPW,0.88,1,"[0, 0, 0, 0, 0, 0, 0, 0, 1, 0]",2.86,409.41,6476.8,0.88,4123120.0
CETX,0.93,3,"[1, 0, 0, 0, 0, 0, 1, 0, 1, 0]",0.91,4.62,25.35,0.51,359695.0
ERNA,11.99,4,"[1, 0, 0, 0, 0, 0, 1, 0, 1, 1]",6.61,23.54,90.0,3.74,5015540.0
YMAT,0.46,4,"[1, 0, 0, 0, 0, 0, 1, 0, 1, 1]",0.42,1.0,5.74,0.24,20644745.0
FBGL,0.65,5,"[1, 0, 0, 0, 1, 0, 1, 0, 1, 1]",0.62,0.71,1.38,0.38,232600.0
GLE,0.43,4,"[1, 0, 0, 0, 0, 0, 1, 0, 1, 1]",0.4,0.52,3.6,0.26,12027015.0
BNZI,3.45,1,"[0, 0, 0, 0, 0, 0, 0, 0, 1, 0]",11.82,32.07,216.0,3.45,580738.5
AIXI,15.47,9,"[1, 1, 1, 1, 0, 1, 1, 1, 1, 1]",2.96,1.38,15.47,0.1,11776490.0
MYSE,1.71,1,"[0, 0, 0, 0, 0, 0, 0, 0, 1, 0]",1.98,2.11,3.81,1.33,261815.0
LOBO,0.7,7,"[1, 1, 1, 0, 0, 1, 1, 0, 1, 1]",0.57,0.65,1.16,0.36,1131055.0
RMSG,1.2,2,"[0, 0, 0, 0, 0, 0, 1, 0, 1, 0]",1.22,1.72,5.21,0.35,1976445.0
MGRX,0.45,4,"[1, 0, 0, 0, 0, 0, 1, 0, 1, 1]",0.38,1.12,2.74,0.16,794850.0
POLA,2.06,4,"[1, 0, 0, 0, 0, 0, 1, 0, 1, 1]",1.79,2.29,5.27,1.35,401325.0
ANY,1.89,4,"[1, 0, 0, 0, 0, 0, 1, 0, 1, 1]",1.6,4.03,10.5,1.09,217155.0
SMTK,0.24,2,"[0, 0, 0, 0, 0, 0, 1, 0, 1, 0]",0.27,1.02,2.83,0.17,1412905.0
UGRO,3.95,3,"[0, 0, 0, 1, 0, 0, 1, 0, 1, 0]",10.09,8.37,36.29,2.18,117510.0
ONFO,0.7,3,"[0, 0, 0, 1, 0, 0, 1, 0, 1, 0]",0.92,0.88,1.5,0.47,294535.0
CREG,0.39,2,"[0, 0, 0, 0, 0, 0, 1, 0, 1, 0]",0.53,1.13,7.2,0.18,50990485.0
FABC,6.09,6,"[1, 1, 1, 0, 0, 0, 1, 0, 1, 1]",3.0,3.76,8.41,1.78,6148990.0
SILO,0.39,3,"[0, 0, 0, 1, 0, 0, 1, 0, 1, 0]",0.41,0.47,0.81,0.28,335765.0
OLB,0.47,2,"[0, 0, 0, 0, 0, 0, 1, 0, 1, 0]",0.5,0.87,2.26,0.34,374970.0
CNSP,5.42,5,"[1, 1, 0, 0, 0, 0, 1, 0, 1, 1]",3.47,5.73,13.2,2.13,4340825.0
AEHL,1.51,4,"[1, 0, 0, 0, 0, 0, 1, 0, 1, 1]",1.41,10.18,25.98,0.49,27847535.0
SNYR,0.25,1,"[0, 0, 0, 0, 0, 0, 0, 0, 1, 0]",0.65,1.76,3.97,0.25,881605.0
BTQ,3.78,5,"[1, 0, 0, 0, 1, 0, 1, 0, 1, 1]",2.87,3.78,14.14,2.15,2502385.0
WXM,0.46,1,"[0, 0, 0, 0, 0, 0, 0, 0, 1, 0]",0.49,1.39,3.9,0.4,351840.0
PBM,4.1,2,"[0, 0, 0, 0, 0, 0, 1, 0, 1, 0]",4.54,58.32,449.22,2.23,244075.0
ENVB,2.21,1,"[0, 0, 0, 0, 0, 0, 0, 0, 1, 0]",2.64,5.66,17.4,1.79,787975.0
SUNE,1.23,3,"[0, 0, 0, 1, 0, 0, 1, 0, 1, 0]",1.65,1.42,3.17,0.78,371025.0
ALP,0.36,4,"[1, 0, 0, 0, 0, 0, 1, 0, 1, 1]",0.3,2.7,10.91,0.18,38082850.0
GP,1.07,4,"[1, 0, 0, 0, 0, 0, 1, 0, 1, 1]",1.03,1.75,4.5,0.76,180370.0
GSUN,0.42,1,"[0, 0, 0, 0, 0, 0, 0, 0, 1, 0]",0.49,1.5,3.49,0.33,567950.0
RENX,1.55,1,"[0, 0, 0, 0, 0, 0, 0, 0, 1, 0]",2.32,11.69,38.6,1.42,535155.0
WNW,3.9,3,"[0, 0, 0, 0, 0, 0, 1, 0, 1, 1]",13.99,129.19,280.4,2.41,3447085.0
GOVX,3.64,4,"[1, 0, 0, 0, 0, 0, 1, 0, 1, 1]",1.46,7.85,33.0,1.05,14337225.0
JTAI,7.07,1,"[0, 0, 0, 0, 0, 0, 0, 0, 1, 0]",10.47,269.06,908.0,5.71,149200.0
NCI,9.47,4,"[0, 0, 0, 0, 1, 0, 1, 0, 1, 1]",16.76,17.53,96.0,3.95,225710.8
SOBR,1.38,4,"[1, 0, 0, 0, 0, 0, 1, 0, 1, 1]",0.89,1.96,4.74,0.5,20662825.0
MNDR,0.86,1,"[0, 0, 0, 0, 0, 0, 0, 0, 1, 0]",0.93,2.08,7.15,0.79,6338300.0
NCRA,0.24,3,"[1, 0, 0, 0, 0, 0, 0, 0, 1, 1]",0.22,0.89,1.97,0.19,1767145.0
CNEY,1.73,6,"[1, 1, 1, 0, 0, 0, 1, 0, 1, 1]",0.69,1.29,2.95,0.37,1823355.0
PMAX,2.77,3,"[0, 0, 0, 0, 0, 0, 1, 0, 1, 1]",3.2,18.53,41.04,1.99,3456180.0
GLMD,0.58,1,"[0, 0, 0, 0, 0, 0, 0, 0, 1, 0]",0.62,0.97,2.33,0.47,131000.0
OCG,1.83,1,"[0, 0, 0, 0, 0, 0, 0, 0, 1, 0]",1.99,1012.14,6589.92,1.65,2304240.0
SHPH,0.58,1,"[0, 0, 0, 0, 0, 0, 0, 0, 1, 0]",0.82,2.07,5.57,0.54,2365265.0
LMFA,0.25,1,"[0, 0, 0, 0, 0, 0, 0, 0, 1, 0]",0.27,0.75,4.93,0.22,607810.0
VIVK,1.38,1,"[0, 0, 0, 0, 0, 0, 0, 0, 1, 0]",2.16,36.49,220.5,1.16,669060.0
UCAR,1.46,2,"[0, 0, 0, 0, 0, 0, 1, 0, 1, 0]",1.69,13.79,45.1,0.38,3741790.0
IVDA,0.32,3,"[1, 0, 0, 0, 0, 0, 0, 0, 1, 1]",0.29,0.87,2.68,0.25,333590.0
MASK,1.75,3,"[0, 0, 0, 0, 0, 0, 1, 0, 1, 1]",1.93,8.8,92.75,1.24,4921520.0
AEMD,2.2,2,"[0, 0, 0, 0, 0, 0, 1, 0, 1, 0]",2.21,4.66,32.0,1.65,106225.0
VRAX,0.28,4,"[1, 0, 0, 0, 0, 0, 1, 0, 1, 1]",0.17,0.39,1.11,0.1,53130965.0
ORKT,1.03,2,"[0, 0, 0, 0, 0, 0, 1, 0, 1, 0]",1.03,1.43,3.2,0.67,110215.0
VBIO,0.85,1,"[0, 0, 0, 0, 0, 0, 0, 0, 1, 0]",1.0,1.83,4.38,0.75,264495.0
MGN,0.16,2,"[0, 0, 0, 0, 1, 0, 0, 0, 1, 0]",0.88,0.16,4.85,0.14,6746345.0
BIYA,1.3,4,"[1, 0, 0, 0, 0, 0, 1, 0, 1, 1]",1.21,6.6,137.0,0.62,21609680.0
HCWB,2.89,6,"[1, 1, 1, 0, 0, 0, 1, 0, 1, 1]",0.61,2.12,8.37,0.27,37602815.0
JDZG,3.7,4,"[1, 0, 0, 0, 0, 0, 1, 0, 1, 1]",1.76,27.99,113.2,1.08,682810.0
NVVE,0.38,1,"[0, 0, 0, 0, 0, 0, 0, 0, 1, 0]",0.54,5.88,60.4,0.29,526265.0
GV,0.33,4,"[1, 0, 0, 0, 0, 0, 1, 0, 1, 1]",0.27,1.15,2.8,0.16,5502180.0
ASBP,5.41,5,"[1, 1, 0, 0, 0, 0, 1, 0, 1, 1]",1.66,6.99,28.24,0.16,24095300.0
SDOT,0.16,1,"[0, 0, 0, 0, 0, 0, 0, 0, 1, 0]",1.19,3.86,19.3,0.16,30534225.0
ICON,1.34,4,"[1, 0, 0, 0, 0, 0, 1, 0, 1, 1]",1.11,4.77,16.3,0.81,135420.0
BTX,8.91,10,"[1, 1, 1, 1, 1, 1, 1, 1, 1, 1]",7.41,6.7,8.91,5.93,692335.0
