ticker,price,score,points,sma50,sma200,wk52_high,wk52_low,volume
INN,6.51,9,"[1, 1, 1, 1, 0, 1, 1, 1, 1, 1]",5.33,4.93,6.51,3.97,2019353.75
PKE,32.07,8,"[0, 1, 1, 1, 1, 1, 1, 1, 1, 0]",33.49,24.96,36.41,13.25,323293.5
STRO,28.17,7,"[0, 1, 1, 1, 1, 1, 1, 0, 1, 0]",31.7,17.84,40.91,6.8,325853.1
TLRY,4.88,2,"[0, 0, 0, 0, 0, 0, 1, 0, 1, 0]",5.88,9.22,21.0,3.6,3483152.3
SHBI,22.17,10,"[1, 1, 1, 1, 1, 1, 1, 1, 1, 1]",19.92,17.99,22.81,14.0,207144.25
EVC,9.14,8,"[1, 1, 1, 1, 1, 1, 0, 0, 1, 1]",6.59,3.68,,,2591906.4
ZVRA,12.65,9,"[1, 1, 1, 1, 0, 1, 1, 1, 1, 1]",10.83,9.55,13.66,7.23,2229816.3
CARS,10.13,3,"[0, 0, 0, 0, 0, 0, 1, 0, 1, 1]",10.23,10.96,13.79,7.58,819419.35
CLYM,10.71,10,"[1, 1, 1, 1, 1, 1, 1, 1, 1, 1]",10.16,5.41,12.22,1.18,1170517.5
CWBC,25.41,10,"[1, 1, 1, 1, 1, 1, 1, 1, 1, 1]",24.03,22.66,25.75,17.63,348755.6
RMR,20.51,10,"[1, 1, 1, 1, 1, 1, 1, 1, 1, 1]",18.72,15.94,21.37,13.34,140834.7
SPIR,17.15,7,"[0, 1, 1, 1, 1, 1, 1, 0, 1, 0]",19.01,12.47,25.48,7.02,1538522.0
SWBI,13.88,8,"[0, 1, 1, 1, 1, 1, 1, 1, 1, 0]",14.94,11.64,15.57,7.47,582637.8
ARVN,7.42,3,"[0, 0, 0, 0, 1, 1, 0, 0, 1, 0]",9.46,10.66,13.83,6.24,782866.2
AVR,9.27,10,"[1, 1, 1, 1, 1, 1, 1, 1, 1, 1]",7.34,5.66,9.65,2.9,1369922.5
NKLR,5.0,3,"[0, 0, 0, 1, 1, 0, 0, 0, 1, 0]",5.88,5.0,18.26,3.91,323599.35
VTEX,3.63,3,"[0, 0, 0, 1, 0, 0, 0, 0, 1, 1]",3.81,3.86,6.76,2.87,1376570.5
MRAM,26.16,8,"[1, 1, 1, 1, 1, 1, 1, 0, 1, 0]",22.97,13.11,44.01,5.94,3554715.5
CABA,2.8,6,"[0, 0, 1, 1, 1, 1, 1, 0, 1, 0]",3.37,2.74,4.15,1.33,3479446.55
KE,25.41,5,"[0, 0, 0, 0, 0, 1, 1, 1, 1, 1]",25.88,27.47,33.13,18.26,166301.6
CNNE,14.04,4,"[1, 1, 0, 0, 0, 0, 0, 0, 1, 1]",13.63,14.99,,,405678.7
PSNL,9.69,9,"[1, 1, 1, 0, 1, 1, 1, 1, 1, 1]",7.6,8.0,12.1,4.41,3101397.1
CCSI,34.72,9,"[1, 1, 1, 1, 0, 1, 1, 1, 1, 1]",29.31,26.5,35.51,19.66,165062.8
ANGX,3.16,5,"[1, 0, 0, 0, 1, 0, 1, 0, 1, 1]",2.75,3.16,16.0,2.18,1143263.55
NPCE,15.02,7,"[0, 0, 1, 1, 1, 1, 1, 1, 1, 0]",16.22,14.21,19.29,8.25,141705.25
RGR,38.12,6,"[0, 1, 0, 1, 0, 1, 1, 1, 1, 0]",40.33,38.22,46.84,28.67,111698.2
TDUP,5.29,5,"[1, 1, 0, 0, 0, 0, 1, 0, 1, 1]",4.44,6.31,12.08,3.11,1816077.9
SXC,8.95,9,"[1, 1, 1, 1, 0, 1, 1, 1, 1, 1]",7.63,7.2,9.6,5.58,1604175.3
DNUT,3.85,9,"[1, 1, 1, 0, 1, 1, 1, 1, 1, 1]",3.58,3.63,4.7,2.57,2694980.35
BCAL,19.67,10,"[1, 1, 1, 1, 1, 1, 1, 1, 1, 1]",18.88,18.23,19.91,14.06,162953.6
PHR,9.44,3,"[1, 0, 0, 0, 0, 0, 0, 0, 1, 1]",9.27,15.91,32.55,8.06,1675423.15
RYAM,8.96,8,"[0, 1, 1, 1, 1, 1, 1, 1, 1, 0]",9.13,7.98,11.75,3.63,777544.7
FEIM,70.15,10,"[1, 1, 1, 1, 1, 1, 1, 1, 1, 1]",61.28,46.81,77.15,19.1,175179.85
NPB,17.8,10,"[1, 1, 1, 1, 1, 1, 1, 1, 1, 1]",17.75,17.44,19.19,12.82,124127.25
TRON,1.71,3,"[0, 0, 0, 1, 0, 0, 1, 0, 1, 0]",2.09,2.09,11.04,1.13,618614.0
CADL,7.97,10,"[1, 1, 1, 1, 1, 1, 1, 1, 1, 1]",7.39,5.87,9.27,4.42,1721807.0
DCBO,17.23,1,"[0, 0, 0, 0, 0, 0, 0, 0, 1, 0]",17.9,21.51,32.2,14.7,114977.0
BWMN,31.34,1,"[0, 0, 0, 0, 0, 0, 0, 0, 1, 0]",31.95,35.12,44.43,26.69,103507.65
FET,50.34,8,"[0, 1, 1, 1, 1, 1, 1, 1, 1, 0]",56.56,43.39,64.54,18.16,145547.8
CLB,12.19,3,"[0, 0, 0, 0, 1, 1, 0, 0, 1, 0]",14.68,15.48,19.64,9.72,554679.7
GPRK,10.39,10,"[1, 1, 1, 1, 1, 1, 1, 1, 1, 1]",9.82,8.17,11.78,5.93,677489.7
ORN,15.34,10,"[1, 1, 1, 1, 1, 1, 1, 1, 1, 1]",13.57,11.18,15.48,6.57,370687.0
HPP,14.64,7,"[1, 1, 1, 1, 0, 0, 1, 0, 1, 1]",10.62,12.01,21.49,5.51,1267711.55
CSTL,20.46,5,"[0, 0, 0, 0, 1, 1, 1, 0, 1, 1]",22.1,28.74,43.04,14.65,330144.75
CTKB,4.09,5,"[0, 0, 0, 0, 1, 1, 1, 0, 1, 1]",4.27,4.48,5.88,2.95,1144233.1
GLRE,16.24,8,"[0, 1, 1, 1, 1, 1, 1, 1, 1, 0]",17.32,14.64,19.0,11.95,175964.5
ALOY,14.59,8,"[1, 1, 1, 0, 1, 1, 1, 0, 1, 1]",10.64,10.04,25.88,5.5,2656295.5
RR,2.07,2,"[0, 0, 0, 0, 0, 1, 0, 0, 1, 0]",2.52,3.42,7.06,1.73,13609091.35
BTBT,2.04,5,"[1, 1, 0, 0, 0, 0, 1, 0, 1, 1]",1.74,2.26,4.22,1.26,25833306.1
MSBI,29.58,10,"[1, 1, 1, 1, 1, 1, 1, 1, 1, 1]",26.41,20.97,30.16,13.98,129037.05
NFBK,14.55,10,"[1, 1, 1, 1, 1, 1, 1, 1, 1, 1]",14.05,12.31,14.78,9.8,329670.45
UROY,3.1,3,"[0, 0, 0, 0, 0, 1, 1, 0, 1, 0]",3.61,3.86,5.46,2.3,2893877.9
CARE,30.0,10,"[1, 1, 1, 1, 1, 1, 1, 1, 1, 1]",26.27,21.35,30.0,16.28,293345.95
EGY,5.44,8,"[0, 1, 1, 1, 1, 1, 1, 1, 1, 0]",5.79,4.62,6.6,3.29,1142980.55
GDYN,6.37,2,"[1, 0, 0, 0, 0, 0, 0, 0, 1, 0]",6.33,7.55,12.39,5.28,2043227.2
ALTI,2.91,2,"[0, 0, 0, 0, 1, 0, 0, 0, 1, 0]",3.48,3.96,5.19,2.81,235229.75
PRME,2.87,3,"[0, 0, 0, 0, 0, 0, 1, 0, 1, 1]",3.31,3.95,6.67,1.62,2770495.75
TCMD,26.43,8,"[1, 0, 1, 0, 1, 1, 1, 1, 1, 1]",24.64,23.85,33.05,9.52,232829.85
MLAB,99.68,8,"[0, 1, 1, 1, 1, 1, 1, 1, 1, 0]",101.84,84.44,109.13,57.01,249210.9
FTK,23.27,10,"[1, 1, 1, 1, 1, 1, 1, 1, 1, 1]",18.95,16.66,24.82,11.04,334024.55
AVTX,14.33,4,"[0, 0, 0, 0, 1, 1, 1, 0, 1, 0]",15.45,15.5,22.87,4.47,1364943.55
DDI,11.8,9,"[1, 1, 1, 1, 1, 1, 1, 1, 1, 0]",10.77,9.41,12.25,8.25,112517.45
HELE,28.6,9,"[1, 1, 1, 1, 0, 1, 1, 1, 1, 1]",23.5,20.62,33.25,13.88,543968.5
BETR,29.25,4,"[0, 0, 0, 0, 0, 1, 1, 0, 1, 1]",33.05,39.86,86.07,12.12,360275.5
KYTX,7.92,6,"[0, 0, 1, 1, 1, 1, 1, 0, 1, 0]",8.96,7.82,11.25,2.55,740585.5
PRTA,8.29,5,"[0, 0, 0, 1, 1, 1, 1, 0, 1, 0]",9.95,9.63,11.51,5.7,526963.3
PROK,1.69,3,"[0, 0, 0, 0, 0, 0, 1, 0, 1, 1]",1.83,2.25,5.18,0.56,963572.75
CHW,8.92,10,"[1, 1, 1, 1, 1, 1, 1, 1, 1, 1]",8.41,7.58,9.1,6.27,221661.5
MG,18.22,10,"[1, 1, 1, 1, 1, 1, 1, 1, 1, 1]",17.81,13.76,19.28,7.53,152327.25
INV,6.01,9,"[1, 1, 1, 1, 1, 1, 1, 1, 1, 0]",6.01,4.63,7.32,2.55,2578259.5
DDL,2.28,5,"[0, 0, 0, 1, 1, 1, 1, 0, 1, 0]",2.56,2.4,3.2,1.67,467600.75
MEC,35.12,10,"[1, 1, 1, 1, 1, 1, 1, 1, 1, 1]",25.66,19.35,35.48,12.56,763418.1
PACK,7.46,9,"[1, 1, 1, 1, 0, 1, 1, 1, 1, 1]",5.63,5.2,7.6,3.24,503886.2
WTI,3.22,7,"[0, 1, 1, 1, 1, 1, 1, 0, 1, 0]",3.82,2.56,4.9,1.49,5543833.1
DNA,8.21,3,"[0, 0, 0, 0, 0, 0, 1, 0, 1, 1]",8.25,9.41,16.14,5.48,1218538.3
TECX,30.01,10,"[1, 1, 1, 1, 1, 1, 1, 1, 1, 1]",28.96,22.97,35.87,14.71,157637.4
CPS,29.79,4,"[1, 0, 0, 0, 0, 0, 1, 0, 1, 1]",29.73,32.68,45.2,19.88,131363.55
ASIX,21.3,8,"[0, 1, 1, 1, 1, 1, 1, 1, 1, 0]",22.73,19.41,25.98,14.04,194048.35
RGNX,6.93,2,"[0, 0, 0, 0, 0, 0, 0, 0, 1, 1]",7.99,10.35,15.98,5.65,1495421.45
CLFD,39.53,8,"[1, 1, 1, 1, 0, 1, 1, 1, 1, 0]",36.91,32.89,51.26,26.0,363818.7
ILPT,8.65,10,"[1, 1, 1, 1, 1, 1, 1, 1, 1, 1]",7.69,6.16,9.01,4.34,652331.3
CTNM,12.4,6,"[0, 0, 0, 1, 1, 1, 1, 1, 1, 0]",13.06,12.49,16.0,3.65,213664.7
FFIC,15.49,8,"[0, 1, 1, 1, 1, 1, 1, 1, 1, 0]",15.71,14.8,17.11,10.61,338287.4
MCS,22.81,10,"[1, 1, 1, 1, 1, 1, 1, 1, 1, 1]",18.98,16.25,22.81,12.87,173434.2
ASTL,4.91,7,"[0, 1, 1, 1, 1, 1, 1, 0, 1, 0]",4.94,4.39,7.11,3.19,1164709.0
AURA,6.28,5,"[0, 0, 1, 1, 1, 1, 0, 0, 1, 0]",7.24,6.25,8.9,4.97,493679.6
AQST,4.26,5,"[1, 0, 0, 0, 0, 1, 1, 0, 1, 1]",4.15,4.88,7.49,2.95,1421608.6
MAMA,15.12,9,"[1, 1, 1, 1, 1, 1, 1, 1, 1, 0]",14.53,13.26,17.38,7.9,488612.45
LZM,4.35,4,"[0, 0, 0, 1, 0, 1, 1, 0, 1, 0]",4.82,4.66,6.1,3.19,653362.1
ACHV,5.55,10,"[1, 1, 1, 1, 1, 1, 1, 1, 1, 1]",4.72,4.31,5.99,2.07,1372198.7
SD,14.09,6,"[0, 0, 1, 0, 1, 1, 1, 1, 1, 0]",14.88,14.07,17.58,9.54,336849.65
MNRO,16.0,5,"[0, 0, 0, 0, 1, 1, 1, 0, 1, 1]",16.21,17.59,23.1,12.29,1368391.55
OOMA,17.36,9,"[1, 1, 1, 1, 1, 1, 1, 1, 1, 0]",17.13,13.38,19.5,10.58,360380.0
ANL,10.05,7,"[0, 1, 1, 1, 1, 1, 1, 0, 1, 0]",12.68,6.01,16.6,0.88,131677.25
IMMX,8.74,8,"[0, 1, 1, 1, 1, 1, 1, 1, 1, 0]",9.23,6.23,11.12,1.96,1648459.7
XWIN,8.1,6,"[1, 1, 0, 1, 0, 0, 1, 1, 1, 0]",7.94,8.1,8.63,5.2,1416477.05
FDMT,8.67,6,"[0, 0, 0, 1, 1, 1, 1, 0, 1, 1]",9.45,9.2,12.27,3.71,815296.2
KRNY,8.61,10,"[1, 1, 1, 1, 1, 1, 1, 1, 1, 1]",8.09,7.27,8.79,5.49,356547.1
STTK,4.33,6,"[0, 0, 1, 1, 1, 1, 1, 0, 1, 0]",6.3,4.09,7.88,0.73,1044371.85
CERS,2.47,10,"[1, 1, 1, 1, 1, 1, 1, 1, 1, 1]",2.4,2.0,3.04,1.16,2453935.4
OIS,8.0,5,"[0, 0, 0, 1, 1, 1, 1, 0, 1, 0]",9.65,8.42,14.39,4.88,738487.55
HKD,1.68,7,"[0, 1, 1, 1, 0, 1, 1, 0, 1, 1]",1.72,1.64,2.95,1.27,307162.45
CBIO,17.95,6,"[0, 1, 1, 1, 1, 1, 0, 0, 1, 0]",19.85,14.25,,,236678.4
PANL,7.62,8,"[0, 1, 1, 1, 1, 1, 1, 1, 1, 0]",7.65,6.89,9.29,4.46,602308.25
OCGN,1.18,3,"[0, 0, 0, 0, 1, 1, 0, 0, 1, 0]",1.53,1.53,2.48,0.92,5274945.4
FVR,19.4,10,"[1, 1, 1, 1, 1, 1, 1, 1, 1, 1]",17.82,15.43,19.87,10.81,140627.8
MATV,8.13,2,"[0, 0, 0, 0, 0, 0, 1, 0, 1, 0]",8.68,10.68,14.72,6.03,437903.25
XOMA,41.78,9,"[1, 1, 1, 1, 0, 1, 1, 1, 1, 1]",40.71,33.15,42.4,22.89,106693.7
IPI,34.19,6,"[0, 0, 1, 1, 1, 1, 1, 0, 1, 0]",38.5,33.07,48.84,23.94,200341.0
CHCT,17.7,10,"[1, 1, 1, 1, 1, 1, 1, 1, 1, 1]",17.12,15.44,17.91,12.18,151446.15
CGC,0.96,1,"[0, 0, 0, 0, 0, 0, 0, 0, 1, 0]",1.09,1.19,1.92,0.86,7813229.9
PUBM,11.58,10,"[1, 1, 1, 1, 1, 1, 1, 1, 1, 1]",10.23,8.74,13.67,6.28,653954.45
ELVA,9.57,8,"[0, 1, 1, 1, 1, 1, 1, 1, 1, 0]",10.0,7.89,12.26,3.18,414448.5
ALIT,0.62,1,"[0, 0, 0, 0, 0, 0, 0, 0, 1, 0]",0.74,1.73,5.82,0.49,27909239.0
CD,4.87,4,"[0, 0, 0, 1, 0, 1, 1, 0, 1, 0]",6.19,8.04,35.79,2.01,221148.65
NEGG,18.2,2,"[0, 0, 0, 0, 0, 0, 1, 0, 1, 0]",28.03,47.03,128.09,10.26,107511.45
NUAI,5.44,9,"[1, 1, 1, 1, 1, 1, 1, 0, 1, 1]",4.66,4.14,8.06,0.33,7505553.1
CVGW,26.09,7,"[0, 1, 1, 1, 0, 1, 1, 1, 1, 0]",26.8,24.65,28.52,18.24,271210.0
EBS,7.75,4,"[0, 0, 0, 0, 1, 1, 1, 0, 1, 0]",8.41,9.71,13.9,5.63,848533.15
RBBN,2.61,3,"[0, 0, 0, 1, 0, 0, 1, 0, 1, 0]",2.71,2.91,4.25,1.95,1147623.55
CLNE,1.89,1,"[0, 0, 0, 0, 0, 0, 0, 0, 1, 0]",2.16,2.35,3.06,1.76,1198915.2
OVID,2.36,8,"[0, 1, 1, 1, 1, 1, 1, 1, 1, 0]",2.62,1.87,2.96,0.29,1603829.25
APPS,9.4,9,"[1, 1, 1, 1, 0, 1, 1, 1, 1, 1]",5.38,5.06,10.22,2.82,10968993.4
SRTA,5.84,10,"[1, 1, 1, 1, 1, 1, 1, 1, 1, 1]",5.28,4.92,6.47,3.68,1110882.15
RIGL,32.46,5,"[1, 0, 0, 0, 1, 0, 1, 0, 1, 1]",30.04,34.12,50.96,18.42,315051.0
NGNE,29.35,9,"[1, 1, 1, 1, 0, 1, 1, 1, 1, 1]",27.25,23.02,34.37,14.95,143599.45
IMXI,14.86,5,"[0, 0, 0, 0, 1, 1, 1, 1, 1, 0]",15.5,15.27,15.94,8.71,412522.35
ZKH,2.72,2,"[0, 0, 0, 0, 1, 0, 0, 0, 1, 0]",2.96,3.13,3.79,2.34,117608.5
PSFE,7.19,2,"[0, 0, 0, 1, 0, 0, 0, 0, 1, 0]",8.04,8.88,14.68,6.01,328658.8
TATT,43.02,6,"[1, 0, 0, 0, 1, 1, 1, 0, 1, 1]",39.24,43.52,61.11,25.6,236110.1
ASMB,23.33,4,"[0, 0, 0, 0, 1, 1, 1, 0, 1, 0]",27.37,28.88,38.5,17.08,209184.35
WEAV,5.47,3,"[1, 0, 0, 0, 0, 0, 0, 0, 1, 1]",5.46,6.17,8.79,4.37,960432.05
LTBR,9.27,1,"[0, 0, 0, 0, 0, 0, 0, 0, 1, 0]",11.67,15.31,27.72,8.72,1017440.35
MTW,12.83,9,"[1, 1, 1, 0, 1, 1, 1, 1, 1, 1]",12.59,12.16,15.15,9.14,250222.35
SGMT,6.3,4,"[0, 1, 0, 1, 0, 0, 1, 0, 1, 0]",6.84,6.55,10.24,4.55,741293.75
FBRX,17.15,4,"[0, 0, 0, 0, 1, 1, 1, 0, 1, 0]",24.41,22.26,35.53,9.45,253272.05
EVH,4.7,6,"[1, 1, 0, 1, 0, 0, 1, 0, 1, 1]",3.71,4.71,11.79,2.17,2435522.1
BMBL,3.06,2,"[0, 0, 0, 1, 0, 0, 0, 0, 1, 0]",3.51,4.09,8.57,2.7,2774766.45
FULC,3.46,2,"[0, 0, 0, 0, 1, 0, 0, 0, 1, 0]",6.41,8.63,14.6,3.14,3818889.55
KLC,3.8,3,"[1, 0, 0, 0, 0, 0, 1, 0, 1, 0]",3.68,4.5,10.52,1.84,799881.35
CLDT,13.04,10,"[1, 1, 1, 1, 1, 1, 1, 1, 1, 1]",9.96,7.68,13.04,6.07,442075.35
ANGO,12.15,9,"[1, 1, 1, 0, 1, 1, 1, 1, 1, 1]",11.18,11.39,13.64,8.4,305035.75
RPD,6.93,4,"[1, 0, 0, 0, 0, 0, 1, 0, 1, 1]",6.6,11.99,25.59,5.05,1976063.55
CTEV,30.67,5,"[1, 1, 0, 0, 0, 0, 1, 0, 1, 1]",23.67,35.88,72.58,13.47,131582.45
CAL,13.39,8,"[1, 1, 1, 1, 0, 0, 1, 1, 1, 1]",13.08,12.48,15.42,8.76,756899.3
ADUR,14.55,9,"[1, 1, 1, 1, 0, 1, 1, 1, 1, 1]",13.53,12.76,17.39,8.85,615562.7
ZURA,3.52,4,"[0, 0, 0, 0, 1, 1, 1, 0, 1, 0]",4.71,4.62,7.04,1.05,915304.85
ACTG,4.68,9,"[0, 1, 1, 1, 1, 1, 1, 1, 1, 1]",4.81,4.07,5.16,3.15,226883.25
NPWR,1.73,1,"[0, 0, 0, 0, 0, 0, 0, 0, 1, 0]",1.85,2.41,4.85,1.49,744680.75
BLZE,8.29,9,"[1, 1, 1, 1, 0, 1, 1, 1, 1, 1]",6.22,6.13,10.75,3.31,1498620.65
TROO,2.67,6,"[0, 0, 1, 1, 1, 1, 1, 0, 1, 0]",3.31,2.52,5.02,0.62,451777.95
PERI,8.63,4,"[0, 0, 0, 1, 1, 0, 0, 1, 1, 0]",9.63,9.46,11.43,7.71,693501.35
CRNC,10.27,9,"[1, 1, 1, 1, 0, 1, 1, 1, 1, 1]",9.84,10.02,13.52,5.96,1215276.75
MCFT,22.93,7,"[0, 1, 1, 1, 0, 1, 1, 1, 1, 0]",23.23,21.48,27.38,17.21,155088.15
GEVO,1.45,2,"[0, 0, 0, 0, 0, 1, 0, 0, 1, 0]",1.79,2.02,2.78,1.15,2970838.15
ADCT,1.0,1,"[0, 0, 0, 0, 0, 0, 0, 0, 1, 0]",3.2,3.73,4.88,0.98,2974006.0
ENTA,12.07,4,"[0, 0, 0, 0, 1, 1, 1, 0, 1, 0]",13.42,12.66,16.85,6.49,193960.1
SPT,7.06,4,"[1, 0, 0, 0, 0, 0, 1, 0, 1, 1]",6.48,9.1,21.2,4.99,1317422.05
TTGT,3.68,1,"[0, 0, 0, 0, 0, 0, 0, 0, 1, 0]",4.77,5.05,8.7,3.48,379671.95
ALMU,23.62,10,"[1, 1, 1, 1, 1, 1, 1, 1, 1, 1]",21.78,17.67,31.49,10.73,1273153.75
NVEC,107.96,10,"[1, 1, 1, 1, 1, 1, 1, 1, 1, 1]",90.08,71.47,116.92,55.94,213291.75
AVIR,4.26,7,"[0, 0, 1, 1, 1, 1, 1, 0, 1, 1]",5.02,4.1,6.15,2.82,274008.85
MAGN,12.24,8,"[1, 1, 1, 0, 1, 0, 1, 1, 1, 1]",10.85,11.71,15.26,7.96,334363.85
LXEO,4.75,2,"[0, 0, 0, 0, 0, 0, 0, 0, 1, 1]",5.49,7.14,10.63,3.67,770406.35
BGS,3.95,4,"[0, 0, 0, 1, 1, 1, 0, 0, 1, 0]",4.74,4.44,5.65,3.53,2094829.9
BYND,0.68,2,"[0, 0, 0, 0, 0, 0, 1, 0, 1, 0]",0.8,1.18,4.28,0.52,34612818.75
OEC,7.94,7,"[1, 1, 1, 1, 0, 0, 1, 0, 1, 1]",7.24,6.42,11.44,4.32,444926.15
NEXN,8.75,8,"[1, 1, 1, 1, 0, 0, 1, 1, 1, 1]",7.82,7.44,11.54,5.7,243173.05
NATR,20.08,5,"[0, 0, 0, 1, 1, 1, 1, 0, 1, 0]",23.72,21.55,27.8,13.14,143711.5
CCRN,13.18,8,"[1, 1, 1, 1, 0, 0, 1, 1, 1, 1]",11.75,10.79,14.25,7.53,639244.25
PACB,1.35,4,"[0, 0, 0, 0, 1, 1, 0, 0, 1, 1]",1.45,1.68,2.67,1.12,5666370.65
MNPR,62.35,5,"[1, 0, 0, 0, 0, 1, 1, 0, 1, 1]",58.8,66.28,102.05,30.42,143219.1
IVVD,0.89,4,"[0, 0, 0, 0, 1, 1, 1, 0, 1, 0]",1.31,1.7,2.88,0.52,4548298.35
NRC,18.47,9,"[1, 1, 1, 1, 1, 1, 1, 1, 1, 0]",18.36,16.35,22.27,11.22,158729.85
CBAN,20.71,10,"[1, 1, 1, 1, 1, 1, 1, 1, 1, 1]",20.1,18.45,21.12,14.63,248542.05
LOCO,15.72,10,"[1, 1, 1, 1, 1, 1, 1, 1, 1, 1]",13.99,11.63,15.72,9.06,343118.9
EOLS,6.63,7,"[1, 1, 1, 1, 0, 0, 1, 0, 1, 1]",5.83,5.92,9.73,3.94,736533.45
AUTL,1.49,3,"[0, 0, 0, 1, 1, 0, 0, 0, 1, 0]",1.58,1.53,2.68,1.21,1326635.45
XFOR,4.04,9,"[0, 1, 1, 1, 1, 1, 1, 1, 1, 1]",4.09,3.76,4.66,1.42,406268.35
GRRR,17.7,8,"[1, 1, 1, 1, 0, 1, 1, 0, 1, 1]",14.85,14.41,25.23,9.48,1938265.2
ABAT,3.1,4,"[0, 0, 0, 0, 0, 1, 1, 0, 1, 1]",3.29,3.88,11.33,1.23,10271887.65
ASPN,5.82,7,"[1, 1, 1, 1, 0, 0, 1, 0, 1, 1]",4.78,4.68,8.82,2.57,1392589.4
SSP,2.88,5,"[0, 0, 0, 1, 1, 1, 1, 0, 1, 0]",3.97,3.31,5.16,1.54,595251.85
VREX,10.5,5,"[0, 0, 0, 0, 1, 1, 1, 0, 1, 1]",10.88,11.82,14.36,6.96,362302.15
LRMR,3.4,4,"[0, 0, 0, 1, 0, 0, 1, 0, 1, 1]",4.0,3.99,5.95,2.42,1779942.05
IPSC,2.18,7,"[0, 1, 1, 1, 1, 1, 1, 0, 1, 0]",2.28,1.49,2.94,0.47,931629.0
NEWT,13.92,10,"[1, 1, 1, 1, 1, 1, 1, 1, 1, 1]",13.11,11.89,14.4,9.3,155364.7
VOXR,5.47,8,"[0, 1, 1, 1, 1, 1, 1, 1, 1, 0]",5.62,4.96,6.41,3.05,444005.1
XNET,5.5,2,"[0, 0, 0, 0, 0, 0, 1, 0, 1, 0]",5.88,6.93,10.78,4.05,368932.6
VELO,25.04,10,"[1, 1, 1, 1, 1, 1, 1, 1, 1, 1]",17.08,11.18,30.61,2.97,4878784.95
HNST,3.61,7,"[1, 1, 1, 1, 0, 0, 1, 0, 1, 1]",3.36,3.08,5.15,2.1,1516676.65
TOI,5.1,9,"[1, 1, 1, 1, 0, 1, 1, 1, 1, 1]",4.07,3.55,5.31,2.05,1901107.0
RCKT,2.8,2,"[0, 0, 0, 0, 1, 0, 0, 0, 1, 0]",3.31,3.54,5.3,2.45,2471417.1
DCTH,11.54,9,"[1, 1, 1, 1, 0, 1, 1, 1, 1, 1]",10.92,10.23,14.63,8.19,545395.0
CDZI,3.78,4,"[0, 0, 0, 0, 1, 1, 1, 0, 1, 0]",4.51,5.03,6.92,2.9,869527.9
OPAL,1.85,1,"[0, 0, 0, 0, 0, 0, 0, 0, 1, 0]",2.22,2.31,3.28,1.85,258321.7
ISTR,29.56,10,"[1, 1, 1, 1, 1, 1, 1, 1, 1, 1]",28.42,26.32,30.15,17.67,158274.15
OSS,18.04,10,"[1, 1, 1, 1, 1, 1, 1, 1, 1, 1]",13.71,8.93,19.95,3.55,1422365.6
XPER,7.86,9,"[1, 1, 1, 1, 0, 1, 1, 1, 1, 1]",7.2,6.34,8.21,5.11,387537.2
TBRG,26.12,10,"[1, 1, 1, 1, 1, 1, 1, 1, 1, 1]",24.68,21.2,26.13,14.0,229566.15
QUAD,7.47,10,"[1, 1, 1, 1, 1, 1, 1, 1, 1, 1]",7.41,6.4,8.32,4.81,149867.0
FUFU,1.79,1,"[0, 0, 0, 0, 0, 0, 0, 0, 1, 0]",2.06,2.77,4.29,1.56,282490.3
CLPT,13.34,6,"[1, 1, 0, 0, 0, 1, 1, 0, 1, 1]",11.69,14.29,29.6,8.66,533683.05
EGHT,1.81,4,"[0, 0, 0, 1, 1, 1, 0, 0, 1, 0]",2.08,2.03,2.76,1.59,1921098.05
PBYI,7.17,9,"[0, 1, 1, 1, 1, 1, 1, 1, 1, 1]",7.26,6.11,7.8,3.07,198012.85
ISSC,16.8,6,"[0, 0, 0, 1, 1, 1, 1, 0, 1, 1]",19.58,17.24,30.56,8.32,426033.9
DVLT,0.39,3,"[0, 0, 0, 0, 0, 1, 1, 0, 1, 0]",0.57,1.01,3.42,0.28,40534286.1
VNDA,5.73,4,"[0, 0, 0, 0, 1, 1, 1, 0, 1, 0]",6.6,6.38,9.56,4.19,929582.15
RNGR,15.15,7,"[0, 0, 1, 1, 1, 1, 1, 1, 1, 0]",16.49,15.11,18.36,11.09,182540.5
AMCX,9.57,10,"[1, 1, 1, 1, 1, 1, 1, 1, 1, 1]",8.82,8.26,10.54,5.63,519138.95
SVCO,11.98,10,"[1, 1, 1, 1, 1, 1, 1, 1, 1, 1]",10.16,6.2,13.08,3.23,677877.05
CLMB,22.72,4,"[1, 0, 0, 0, 0, 0, 1, 0, 1, 1]",21.33,26.44,35.79,16.68,151334.35
API,4.21,8,"[1, 1, 1, 0, 1, 1, 0, 1, 1, 1]",4.02,3.94,5.26,3.24,681216.2
ACCO,3.96,9,"[1, 1, 1, 1, 0, 1, 1, 1, 1, 1]",3.61,3.58,4.08,2.78,831158.15
RMNI,4.16,8,"[1, 1, 1, 1, 0, 0, 1, 1, 1, 1]",3.75,3.87,5.24,2.97,405548.4
SOPH,4.93,9,"[0, 1, 1, 1, 1, 1, 1, 1, 1, 1]",4.99,4.64,5.52,2.92,113030.5
XRX,3.29,7,"[1, 1, 1, 1, 0, 0, 1, 0, 1, 1]",2.45,2.55,6.41,1.22,5965831.4
BNED,11.1,10,"[1, 1, 1, 1, 1, 1, 1, 1, 1, 1]",10.25,9.14,12.18,6.12,306928.25
DDD,3.19,9,"[1, 1, 1, 1, 0, 1, 1, 1, 1, 1]",2.7,2.43,3.88,1.37,5935224.7
DIN,32.81,9,"[1, 1, 1, 0, 1, 1, 1, 1, 1, 1]",29.22,29.31,38.55,19.74,393076.15
TG,7.73,5,"[0, 0, 0, 1, 1, 1, 0, 0, 1, 1]",8.59,8.12,10.35,6.29,174932.1
FRST,15.45,10,"[1, 1, 1, 1, 1, 1, 1, 1, 1, 1]",14.39,12.58,15.74,9.37,227181.75
EVTL,2.13,1,"[0, 0, 0, 0, 0, 0, 0, 0, 1, 0]",2.5,4.24,7.28,2.02,2947811.6
IRD,3.9,7,"[0, 1, 1, 1, 1, 1, 1, 0, 1, 0]",4.79,3.13,5.75,0.91,786334.65
LE,12.13,4,"[1, 0, 0, 0, 0, 0, 1, 0, 1, 1]",11.49,14.44,19.15,9.18,252164.05
QUIK,20.68,10,"[1, 1, 1, 1, 1, 1, 1, 1, 1, 1]",17.45,9.69,23.74,4.89,488736.5
TLS,4.53,4,"[1, 0, 0, 0, 0, 0, 1, 0, 1, 1]",4.43,5.35,7.76,2.38,964507.95
SHIP,15.7,9,"[1, 1, 1, 1, 1, 1, 1, 1, 1, 0]",15.24,11.27,16.68,6.05,251697.9
DBI,6.49,7,"[0, 0, 1, 1, 1, 1, 1, 0, 1, 1]",7.27,5.89,9.11,2.2,761689.0
ALTO,4.84,9,"[0, 1, 1, 1, 1, 1, 1, 1, 1, 1]",5.12,3.05,5.99,0.92,2487198.45
SSSS,13.02,9,"[0, 1, 1, 1, 1, 1, 1, 1, 1, 1]",13.41,10.36,14.91,6.94,303915.2
PAYS,7.13,9,"[1, 1, 1, 1, 0, 1, 1, 1, 1, 1]",6.47,5.28,8.56,3.18,604290.8
VMD,10.32,10,"[1, 1, 1, 1, 1, 1, 1, 1, 1, 1]",9.69,8.04,10.45,5.93,210344.95
CURR,3.01,8,"[0, 1, 1, 1, 1, 1, 1, 0, 1, 1]",3.35,2.38,4.49,0.36,157395.8
MEI,11.55,10,"[1, 1, 1, 1, 1, 1, 1, 1, 1, 1]",9.63,7.78,13.87,5.01,564682.35
NAUT,2.17,6,"[0, 0, 1, 1, 1, 1, 1, 0, 1, 0]",2.69,2.08,3.95,0.64,417251.95
DMAC,5.69,5,"[0, 0, 0, 0, 1, 1, 1, 0, 1, 1]",6.09,7.16,9.39,3.57,161818.25
CAN,0.34,1,"[0, 0, 0, 0, 0, 0, 0, 0, 1, 0]",0.46,0.75,2.05,0.32,10926607.35
RMAX,9.64,9,"[1, 1, 1, 1, 0, 1, 1, 1, 1, 1]",8.72,8.03,11.29,5.66,279368.5
NMRA,1.56,4,"[0, 0, 0, 0, 1, 1, 1, 0, 1, 0]",1.95,2.2,3.59,0.73,3140388.25
HLLY,2.5,2,"[0, 0, 0, 0, 1, 0, 0, 0, 1, 0]",2.89,3.45,4.39,1.99,849843.55
LVWR,1.21,1,"[0, 0, 0, 0, 0, 0, 0, 0, 1, 0]",1.57,3.14,6.21,1.15,124511.65
IMRX,4.1,3,"[0, 0, 0, 0, 0, 1, 1, 0, 1, 0]",5.11,5.8,9.26,1.82,2428671.2
TSSI,12.4,5,"[0, 1, 0, 1, 0, 0, 1, 0, 1, 1]",13.67,12.54,31.1,6.92,1598888.55
SLP,18.24,8,"[1, 1, 1, 0, 0, 1, 1, 1, 1, 1]",15.05,15.67,20.84,11.36,307115.95
ABEO,5.65,8,"[1, 1, 1, 1, 0, 0, 1, 1, 1, 1]",5.49,5.25,7.23,4.17,915391.45
REPL,8.78,8,"[1, 1, 1, 0, 1, 1, 1, 0, 1, 1]",5.11,7.01,12.63,1.7,6586896.4
DSX,2.3,8,"[0, 1, 1, 1, 1, 1, 1, 1, 1, 0]",2.52,2.11,2.89,1.44,1124146.95
STRZ,27.89,10,"[1, 1, 1, 1, 1, 1, 1, 1, 1, 1]",21.24,14.08,28.3,8.65,129481.35
SLN,6.71,9,"[0, 1, 1, 1, 1, 1, 1, 1, 1, 1]",6.79,6.07,7.97,4.3,229896.7
ATOM,8.81,9,"[1, 1, 1, 1, 1, 1, 1, 0, 1, 1]",8.06,4.59,12.11,1.99,1461009.4
BRCC,1.32,6,"[1, 1, 1, 1, 0, 0, 1, 0, 1, 0]",1.26,1.17,2.03,0.62,1547062.0
TYGO,2.66,5,"[0, 0, 0, 1, 1, 1, 1, 0, 1, 0]",4.0,2.91,5.16,1.14,695280.3
PINE,20.09,10,"[1, 1, 1, 1, 1, 1, 1, 1, 1, 1]",19.11,16.88,20.15,12.57,149869.05
AZ,5.79,2,"[0, 0, 0, 1, 0, 0, 0, 0, 1, 0]",7.02,6.8,11.9,5.12,306537.25
ZNTL,3.52,7,"[0, 1, 1, 1, 1, 1, 1, 0, 1, 0]",4.07,2.48,6.61,1.16,834879.05
RPAY,3.28,3,"[0, 0, 0, 1, 0, 0, 1, 0, 1, 0]",3.53,3.8,5.96,2.4,505349.65
ASYS,21.73,10,"[1, 1, 1, 1, 1, 1, 1, 1, 1, 1]",19.04,12.85,23.99,4.08,467526.45
MASS,8.64,9,"[1, 1, 1, 1, 0, 1, 1, 1, 1, 1]",7.55,6.86,9.15,5.09,255568.95
FLWS,4.27,6,"[1, 1, 1, 1, 0, 0, 1, 0, 1, 0]",4.05,4.03,6.94,3.0,408335.4
RZLT,4.57,5,"[1, 1, 0, 0, 0, 0, 1, 0, 1, 1]",3.51,5.24,10.94,1.4,1977974.3
PRLD,4.2,8,"[0, 1, 1, 1, 1, 1, 1, 1, 1, 0]",4.38,2.62,5.52,0.78,300477.4
GSIT,7.55,7,"[0, 1, 1, 1, 1, 1, 1, 0, 1, 0]",8.26,7.01,12.97,2.91,1781196.2
ZIP,3.36,5,"[1, 1, 0, 0, 0, 0, 1, 0, 1, 1]",3.11,3.53,5.49,1.69,586476.5
EDIT,2.36,4,"[0, 0, 0, 1, 0, 1, 1, 0, 1, 0]",2.95,2.66,4.15,1.66,3431919.4
RILY,9.0,9,"[1, 1, 1, 1, 1, 1, 1, 1, 1, 0]",8.64,6.8,10.68,2.91,1024743.1
CXDO,7.05,6,"[0, 0, 1, 1, 1, 1, 1, 0, 1, 0]",8.03,6.93,10.47,5.25,874333.8
PALI,1.78,6,"[0, 0, 1, 1, 1, 1, 1, 0, 1, 0]",1.98,1.77,2.8,0.54,2792435.25
BKKT,8.76,3,"[0, 0, 0, 0, 0, 1, 0, 0, 1, 1]",9.12,14.52,45.04,6.95,2407986.8
SMWB,5.05,5,"[1, 1, 0, 0, 0, 0, 1, 0, 1, 1]",3.39,5.82,10.4,2.33,913762.3
SY,1.73,2,"[0, 0, 0, 0, 0, 0, 1, 0, 1, 0]",2.55,3.05,5.87,1.01,957080.95
VFF,1.98,3,"[0, 0, 0, 0, 1, 0, 1, 0, 1, 0]",2.6,3.1,4.18,1.03,1027347.15
ELDN,3.48,7,"[0, 1, 1, 1, 0, 1, 1, 1, 1, 0]",3.63,2.71,4.36,1.39,947220.9
FNKO,5.48,10,"[1, 1, 1, 1, 1, 1, 1, 1, 1, 1]",4.76,3.85,5.68,2.46,627123.0
VLN,2.35,7,"[1, 1, 1, 1, 0, 1, 1, 0, 1, 0]",2.32,1.81,3.53,1.11,3569279.7
SGHT,5.02,6,"[1, 0, 0, 0, 1, 1, 1, 0, 1, 1]",4.52,5.27,9.05,3.2,140327.85
SHMD,6.19,6,"[1, 0, 1, 0, 1, 1, 1, 0, 1, 0]",6.17,5.65,10.42,2.1,1240243.35
OPTX,11.38,10,"[1, 1, 1, 1, 1, 1, 1, 1, 1, 1]",9.84,5.3,14.11,1.24,1535173.6
ACIU,2.37,3,"[0, 0, 0, 0, 1, 1, 0, 0, 1, 0]",2.81,2.97,3.99,1.83,292775.0
MBI,6.31,5,"[1, 0, 0, 0, 0, 0, 1, 1, 1, 1]",5.99,6.68,8.13,4.21,302631.65
TARA,3.81,4,"[0, 0, 0, 0, 1, 1, 1, 0, 1, 0]",4.87,5.26,7.56,2.78,788005.75
PDYN,5.97,3,"[0, 0, 0, 1, 0, 0, 1, 0, 1, 0]",6.69,6.84,12.68,4.15,2158792.85
CCCC,3.84,10,"[1, 1, 1, 1, 1, 1, 1, 1, 1, 1]",3.31,2.64,4.38,1.4,2304605.05
FVCB,16.62,10,"[1, 1, 1, 1, 1, 1, 1, 1, 1, 1]",15.76,14.23,16.79,11.09,266821.8
DEFT,0.58,1,"[0, 0, 0, 0, 0, 0, 0, 0, 1, 0]",0.7,1.16,3.48,0.48,4402593.2
USAU,16.14,6,"[1, 0, 0, 0, 1, 1, 1, 0, 1, 1]",15.93,16.77,22.6,10.22,247314.0
FATE,1.9,9,"[1, 1, 1, 1, 1, 1, 1, 0, 1, 1]",1.83,1.34,2.84,0.92,4329452.6
CGEN,2.03,6,"[0, 0, 1, 1, 1, 1, 1, 0, 1, 0]",2.6,1.96,3.1,1.33,499543.4
ALXO,1.38,5,"[0, 0, 0, 1, 1, 1, 1, 0, 1, 0]",1.78,1.68,2.6,0.41,1242790.65
ACH,3.07,5,"[0, 1, 0, 1, 0, 0, 1, 0, 1, 1]",3.11,3.24,9.42,1.91,687161.85
CNDT,1.43,1,"[0, 0, 0, 0, 0, 0, 0, 0, 1, 0]",1.6,1.9,2.96,1.16,1372720.9
AIRS,5.03,7,"[1, 1, 1, 1, 0, 0, 1, 0, 1, 1]",4.01,4.42,11.65,1.58,763260.1
IKT,1.67,5,"[0, 0, 0, 1, 1, 0, 0, 1, 1, 1]",1.77,1.7,2.14,1.41,601898.2
PRE,20.51,10,"[1, 1, 1, 1, 1, 1, 1, 1, 1, 1]",18.21,16.34,22.15,7.25,288561.1
RDCM,12.9,4,"[0, 0, 0, 1, 0, 1, 0, 1, 1, 0]",14.3,13.25,16.14,10.68,282545.25
CHRS,1.38,5,"[0, 0, 0, 1, 1, 1, 1, 0, 1, 0]",1.66,1.6,2.51,0.72,923047.85
ARTV,8.91,7,"[0, 1, 1, 1, 1, 1, 1, 0, 1, 0]",9.16,5.42,13.39,1.47,619310.2
SIDU,3.23,7,"[0, 1, 1, 1, 1, 1, 1, 0, 1, 0]",4.05,2.38,6.2,0.63,29626001.1
TRDA,6.5,4,"[0, 0, 0, 0, 1, 1, 0, 0, 1, 1]",9.77,9.43,16.03,5.02,295919.7
LAW,3.54,1,"[0, 0, 0, 0, 0, 0, 0, 0, 1, 0]",3.94,5.47,8.91,2.76,257488.55
OPRT,5.21,3,"[0, 1, 0, 1, 0, 0, 0, 0, 1, 0]",5.37,5.38,7.69,4.13,590422.7
JACK,12.63,4,"[1, 0, 0, 0, 0, 0, 1, 0, 1, 1]",12.27,16.5,24.88,9.4,757269.8
ARCT,7.14,3,"[0, 0, 0, 1, 0, 0, 0, 0, 1, 1]",8.02,9.86,23.16,5.9,374139.4
FOSL,4.41,9,"[0, 1, 1, 1, 1, 1, 1, 1, 1, 1]",4.53,3.67,5.61,1.3,720670.0
INSG,10.65,4,"[0, 0, 0, 1, 0, 1, 1, 0, 1, 0]",14.08,12.76,20.29,6.4,449787.1
FHTX,4.01,3,"[0, 0, 0, 0, 1, 0, 0, 0, 1, 1]",4.44,4.87,6.68,3.53,164248.7
CDXS,2.48,5,"[0, 1, 1, 1, 0, 0, 1, 0, 1, 0]",2.55,2.02,3.33,0.98,743139.85
VUZI,3.33,7,"[1, 1, 1, 1, 0, 1, 1, 0, 1, 0]",3.23,2.96,5.14,1.9,2859885.9
NXDT,4.51,8,"[0, 1, 1, 1, 1, 1, 1, 1, 1, 0]",4.89,3.93,5.47,2.4,155107.1
SILC,45.41,10,"[1, 1, 1, 1, 1, 1, 1, 1, 1, 1]",38.06,22.41,50.98,13.5,163410.7
RNAC,9.05,6,"[1, 1, 1, 0, 0, 0, 1, 0, 1, 1]",7.05,7.71,13.77,5.84,429029.6
NBP,1.51,1,"[0, 0, 0, 0, 0, 0, 0, 0, 1, 0]",2.08,3.43,6.56,1.47,612902.05
XPOF,6.79,4,"[1, 0, 0, 0, 0, 0, 1, 0, 1, 1]",6.21,7.04,11.01,4.26,687395.95
AP,11.56,10,"[1, 1, 1, 1, 1, 1, 1, 1, 1, 1]",10.37,6.06,12.2,1.85,139721.45
NVA,7.02,7,"[1, 0, 1, 0, 1, 1, 1, 0, 1, 1]",6.36,6.74,14.37,1.83,308965.0
CANG,0.32,1,"[0, 0, 0, 0, 0, 0, 0, 0, 1, 0]",0.44,1.2,2.75,0.28,875492.75
LTRX,6.6,10,"[1, 1, 1, 1, 1, 1, 1, 1, 1, 1]",6.55,5.76,8.45,2.47,1604060.05
VYGR,3.53,2,"[0, 0, 0, 0, 0, 1, 0, 0, 1, 0]",3.81,4.09,5.33,2.94,535434.25
DUOT,11.32,10,"[1, 1, 1, 1, 1, 1, 1, 1, 1, 1]",9.92,9.09,14.64,6.0,812007.7
AIRJ,4.21,7,"[1, 1, 1, 1, 0, 0, 1, 0, 1, 1]",3.77,3.92,6.59,2.51,2079913.55
EAF,8.14,2,"[0, 0, 0, 0, 0, 0, 1, 0, 1, 0]",8.81,11.62,19.82,5.23,246905.75
OSG,5.65,3,"[1, 0, 0, 0, 0, 0, 1, 0, 1, 0]",5.08,6.82,10.08,3.94,433488.85
OABI,2.02,8,"[1, 1, 1, 1, 1, 1, 1, 0, 1, 0]",1.94,1.79,2.72,1.36,609343.25
SPCE,3.35,8,"[1, 1, 1, 1, 0, 1, 1, 0, 1, 1]",3.35,3.27,7.52,2.17,70292804.45
WLAC,18.83,10,"[1, 1, 1, 1, 1, 1, 1, 1, 1, 1]",13.88,12.2,20.79,10.19,513321.35
POWW,1.95,8,"[0, 1, 1, 1, 1, 1, 1, 1, 1, 0]",2.03,1.83,2.15,1.09,412285.9
OBIO,3.85,4,"[0, 0, 0, 0, 1, 1, 1, 0, 1, 0]",4.07,3.95,5.35,2.35,240918.4
ALTG,7.24,8,"[1, 1, 1, 1, 0, 0, 1, 1, 1, 1]",6.7,6.29,8.62,4.19,305431.25
HUMA,1.03,4,"[1, 0, 0, 0, 0, 0, 1, 0, 1, 1]",0.97,1.2,2.73,0.57,7959469.45
LOVE,14.28,4,"[0, 1, 0, 1, 0, 0, 1, 0, 1, 0]",15.94,14.78,20.75,10.54,176087.35
ALEC,1.54,3,"[0, 0, 0, 1, 0, 0, 1, 0, 1, 0]",2.18,2.08,3.32,1.14,726174.55
UIS,3.77,8,"[1, 1, 1, 1, 0, 0, 1, 1, 1, 1]",3.12,3.01,4.78,2.0,1109309.1
LFMD,4.82,7,"[1, 1, 1, 1, 0, 0, 1, 0, 1, 1]",4.46,4.46,15.06,2.64,865101.6
WALD,1.74,6,"[1, 1, 1, 0, 0, 0, 1, 0, 1, 1]",1.32,1.68,3.08,0.76,849889.05
BZAI,1.55,4,"[0, 0, 0, 1, 0, 0, 1, 0, 1, 1]",1.81,2.35,6.29,1.02,5502621.6
HRTX,0.38,1,"[0, 0, 0, 0, 0, 0, 0, 0, 1, 0]",0.87,1.12,2.23,0.38,4320574.5
GPRO,0.79,1,"[0, 0, 0, 0, 0, 0, 0, 0, 1, 0]",1.13,1.41,2.88,0.63,7010714.0
CRNT,2.86,10,"[1, 1, 1, 1, 1, 1, 1, 1, 1, 1]",2.65,2.34,3.2,1.84,915169.45
NKTX,2.62,8,"[0, 1, 1, 1, 1, 1, 1, 1, 1, 0]",2.84,2.29,3.49,1.66,508198.85
AREC,2.14,4,"[0, 0, 0, 0, 0, 1, 1, 0, 1, 1]",2.25,2.9,6.81,0.78,3712516.8
MIST,1.29,1,"[0, 0, 0, 0, 0, 0, 0, 0, 1, 0]",1.66,1.87,2.95,1.01,1199272.15
LPRO,3.11,9,"[1, 1, 1, 1, 0, 1, 1, 1, 1, 1]",1.9,1.79,3.11,1.2,2675242.0
IMPP,5.08,8,"[1, 1, 1, 1, 0, 1, 1, 1, 1, 0]",4.89,4.55,6.35,2.97,587663.3
RELL,17.58,10,"[1, 1, 1, 1, 1, 1, 1, 1, 1, 1]",15.44,12.01,18.42,8.72,299150.8
OSUR,4.32,9,"[1, 1, 1, 1, 0, 1, 1, 1, 1, 1]",3.41,2.97,4.32,2.11,795643.5
CNTX,0.65,4,"[0, 0, 0, 1, 1, 1, 0, 0, 1, 0]",2.25,1.79,3.36,0.56,2002275.3
MVIS,0.38,1,"[0, 0, 0, 0, 0, 0, 0, 0, 1, 0]",0.58,0.86,1.5,0.36,8477088.6
AMPY,4.08,3,"[0, 0, 0, 0, 1, 1, 0, 0, 1, 0]",5.28,5.15,6.63,3.18,654535.8
TNYA,0.68,1,"[0, 0, 0, 0, 0, 0, 0, 0, 1, 0]",0.77,1.01,2.1,0.55,3201587.15
SMRT,1.08,2,"[0, 0, 0, 0, 1, 0, 0, 0, 1, 0]",1.28,1.55,2.12,0.89,1484830.15
SRI,7.59,8,"[1, 1, 1, 1, 0, 0, 1, 1, 1, 1]",6.91,6.8,9.17,4.72,156442.95
FF,4.34,10,"[1, 1, 1, 1, 1, 1, 1, 1, 1, 1]",4.32,3.8,4.97,3.0,264543.6
ANNA,3.04,3,"[0, 0, 0, 1, 0, 0, 1, 0, 1, 0]",3.77,3.68,10.24,2.31,438929.3
INSE,8.13,6,"[1, 1, 0, 0, 0, 0, 1, 1, 1, 1]",7.37,8.18,9.82,6.11,114531.9
SND,5.02,9,"[0, 1, 1, 1, 1, 1, 1, 1, 1, 1]",5.04,3.77,5.82,1.73,334245.6
SABS,3.66,7,"[0, 0, 1, 0, 1, 1, 1, 1, 1, 1]",3.68,3.49,4.59,1.69,711920.25
SHIM,3.72,7,"[0, 1, 1, 1, 1, 1, 1, 0, 1, 0]",4.53,3.41,6.67,1.56,184671.3
SLNH,1.76,7,"[1, 1, 1, 1, 0, 1, 1, 0, 1, 0]",1.48,1.58,4.42,0.43,20995812.2
DMRC,10.49,8,"[1, 1, 1, 1, 0, 1, 1, 0, 1, 1]",9.82,7.99,16.43,4.36,294922.55
PLBY,1.51,3,"[0, 0, 0, 0, 1, 0, 0, 0, 1, 1]",1.54,1.67,2.71,1.2,721029.75
TONX,3.4,6,"[1, 1, 0, 1, 0, 0, 1, 0, 1, 1]",3.02,3.65,22.45,1.8,328265.1
TKNO,4.61,8,"[1, 1, 1, 1, 0, 1, 1, 0, 1, 1]",3.78,3.93,6.37,1.99,188144.1
KLTR,1.45,4,"[1, 1, 0, 0, 0, 0, 1, 0, 1, 0]",1.37,1.48,2.03,1.08,371254.35
EGAN,7.4,4,"[0, 0, 0, 0, 0, 1, 1, 0, 1, 1]",7.41,9.64,15.46,5.58,296123.0
PESI,10.47,3,"[0, 0, 0, 0, 1, 0, 0, 0, 1, 1]",11.0,12.3,15.76,8.19,203883.45
TENX,11.33,6,"[0, 0, 1, 1, 1, 1, 1, 0, 1, 0]",12.58,10.99,18.27,5.62,726260.7
UNCY,7.17,8,"[0, 1, 1, 1, 1, 1, 1, 1, 1, 0]",7.43,6.12,8.56,3.74,864217.25
DPRO,5.71,4,"[0, 0, 0, 0, 0, 1, 1, 0, 1, 1]",5.91,7.12,13.77,2.27,2467310.85
DTIL,6.31,6,"[0, 1, 1, 1, 0, 1, 1, 0, 1, 0]",7.1,5.63,8.61,3.57,360109.35
VERI,1.5,1,"[0, 0, 0, 0, 0, 0, 0, 0, 1, 0]",2.01,3.74,8.39,1.22,2791605.05
SLQT,1.01,3,"[1, 0, 0, 0, 0, 0, 1, 0, 1, 0]",0.93,1.32,2.69,0.59,1538238.3
QSI,0.95,3,"[0, 0, 0, 0, 0, 0, 1, 0, 1, 1]",0.98,1.24,2.63,0.71,6785881.6
XYF,4.95,4,"[1, 0, 0, 0, 0, 0, 1, 0, 1, 1]",4.7,7.27,18.91,3.22,129411.1
KPTI,9.1,10,"[1, 1, 1, 1, 1, 1, 1, 1, 1, 1]",8.68,7.25,10.09,3.77,378449.8
CRBP,7.88,2,"[0, 0, 0, 1, 0, 0, 0, 0, 1, 0]",9.6,10.24,19.36,6.9,764154.9
DGXX,6.73,9,"[1, 1, 1, 1, 1, 1, 1, 1, 1, 0]",5.53,3.68,8.46,1.89,10434377.3
CRBU,1.69,4,"[0, 0, 0, 1, 0, 1, 1, 0, 1, 0]",2.03,1.94,2.84,1.16,1859554.65
BHR,2.04,2,"[0, 0, 0, 0, 0, 1, 0, 0, 1, 0]",2.47,2.66,3.14,2.0,416766.9
INGN,6.41,3,"[0, 0, 0, 1, 0, 0, 0, 0, 1, 1]",6.64,6.96,8.95,5.59,366001.65
SUUN,0.9,4,"[1, 0, 0, 0, 0, 0, 1, 0, 1, 1]",0.74,1.3,2.48,0.5,3628388.35
MGNX,3.88,9,"[1, 1, 1, 1, 1, 1, 1, 1, 1, 0]",3.69,2.31,4.53,1.19,706794.75
ATLX,3.85,1,"[0, 0, 0, 0, 0, 0, 0, 0, 1, 0]",4.58,4.89,7.45,3.4,759410.1
TLSA,1.1,1,"[0, 0, 0, 0, 0, 0, 0, 0, 1, 0]",1.33,1.56,2.5,1.1,296403.5
IFRX,1.6,6,"[0, 1, 1, 1, 0, 1, 1, 0, 1, 0]",1.92,1.34,2.74,0.77,1117454.35
WTF,2.47,1,"[0, 0, 0, 0, 0, 0, 0, 0, 1, 0]",3.44,4.13,7.1,2.47,218027.45
ELTX,2.76,3,"[0, 0, 0, 1, 0, 1, 0, 0, 1, 0]",11.08,10.0,14.85,2.76,790975.05
CVGI,5.18,10,"[1, 1, 1, 1, 1, 1, 1, 1, 1, 1]",4.73,2.57,5.78,1.27,382077.6
ABOS,2.29,7,"[0, 0, 1, 1, 1, 1, 1, 0, 1, 1]",2.47,2.22,3.37,1.11,331247.0
DOUG,1.71,2,"[0, 0, 0, 0, 0, 0, 0, 0, 1, 1]",1.81,2.32,3.11,1.56,391089.35
AMTX,1.94,3,"[0, 0, 0, 1, 0, 0, 1, 0, 1, 0]",2.53,2.13,3.66,1.32,1143493.95
ZEPP,5.19,2,"[0, 0, 0, 0, 0, 0, 1, 0, 1, 0]",11.4,26.03,61.27,2.28,206060.15
SKYX,1.05,2,"[0, 0, 0, 0, 1, 0, 0, 0, 1, 0]",1.12,1.64,3.13,0.97,1454148.25
CVRX,4.87,1,"[0, 0, 0, 0, 0, 0, 0, 0, 1, 0]",6.52,7.75,10.81,4.74,258807.55
LFCR,5.35,4,"[1, 0, 0, 0, 0, 0, 1, 0, 1, 1]",5.04,6.62,8.82,3.66,191068.8
EPSN,5.38,6,"[0, 1, 1, 1, 1, 1, 0, 0, 1, 0]",5.95,5.17,8.01,4.16,159865.3
ADAG,3.51,9,"[0, 1, 1, 1, 1, 1, 1, 1, 1, 1]",3.68,2.69,4.61,1.4,180854.65
KRRO,10.66,4,"[0, 0, 0, 1, 0, 0, 1, 0, 1, 1]",12.26,17.82,51.36,5.28,160258.9
DOMO,2.05,1,"[0, 0, 0, 0, 0, 0, 0, 0, 1, 0]",3.51,8.01,18.2,2.05,1624378.85
PYXS,1.75,3,"[0, 0, 0, 0, 0, 1, 1, 0, 1, 0]",1.86,2.29,5.34,1.04,503590.45
BDTX,1.68,1,"[0, 0, 0, 0, 0, 0, 0, 0, 1, 0]",2.58,2.89,4.87,1.68,2426264.5
CNTN,3.3,6,"[1, 0, 0, 0, 1, 1, 1, 0, 1, 1]",3.18,3.33,7.71,1.17,920656.6
TBI,6.8,9,"[1, 1, 1, 1, 0, 1, 1, 1, 1, 1]",5.46,5.09,7.68,3.31,265257.55
THRY,3.8,4,"[1, 0, 0, 0, 0, 0, 1, 0, 1, 1]",3.56,6.03,13.85,2.1,762299.55
HYPR,1.38,6,"[0, 1, 1, 1, 0, 1, 1, 0, 1, 0]",1.46,1.26,2.2,0.69,505238.0
ORMP,3.77,8,"[0, 1, 1, 1, 1, 1, 1, 1, 1, 0]",3.95,3.07,4.73,1.92,191319.05
RFIL,16.44,9,"[1, 1, 1, 1, 1, 1, 1, 1, 1, 0]",15.77,10.26,19.38,4.47,276015.75
MX,5.5,9,"[1, 1, 1, 1, 1, 1, 1, 0, 1, 1]",4.92,3.38,8.93,2.27,4699608.15
OWLT,4.44,2,"[0, 0, 0, 0, 1, 0, 0, 0, 1, 0]",5.28,9.11,16.52,4.44,249333.7
KZIA,13.77,10,"[1, 1, 1, 1, 1, 1, 1, 1, 1, 1]",12.11,8.85,15.72,5.0,203543.0
ONL,2.82,8,"[1, 1, 1, 1, 0, 1, 1, 1, 1, 0]",2.75,2.47,3.0,1.84,329792.0
IMDX,5.32,6,"[1, 0, 1, 0, 1, 1, 1, 0, 1, 0]",4.92,5.19,8.48,2.4,289927.35
ANTX,4.76,10,"[1, 1, 1, 1, 1, 1, 1, 1, 1, 1]",4.22,2.25,5.46,1.03,220690.15
IMUX,13.71,10,"[1, 1, 1, 1, 1, 1, 1, 1, 1, 1]",11.92,9.16,15.13,5.1,245981.25
DIBS,4.03,4,"[0, 0, 0, 0, 1, 1, 1, 0, 1, 0]",4.81,4.72,6.43,2.55,189979.05
CURV,2.0,7,"[1, 1, 1, 1, 0, 0, 1, 0, 1, 1]",1.71,1.45,5.12,0.97,820396.75
APYX,4.15,10,"[1, 1, 1, 1, 1, 1, 1, 1, 1, 1]",3.93,3.52,4.86,1.71,163106.15
RGP,4.39,7,"[1, 1, 1, 0, 0, 1, 0, 1, 1, 1]",4.2,4.32,5.66,3.42,344220.05
CHPT,7.2,5,"[1, 1, 0, 0, 0, 0, 1, 0, 1, 1]",6.65,7.79,15.04,4.51,646684.85
BOOM,6.9,7,"[1, 1, 1, 0, 0, 1, 1, 1, 1, 0]",6.58,6.88,8.97,4.73,231404.65
WATT,27.68,10,"[1, 1, 1, 1, 1, 1, 1, 1, 1, 1]",25.62,12.74,35.33,3.76,248093.55
DHX,3.48,8,"[1, 1, 1, 1, 0, 1, 1, 1, 1, 0]",3.24,2.45,3.87,1.5,181865.4
HURA,2.23,5,"[0, 1, 1, 1, 0, 0, 1, 0, 1, 0]",2.36,1.87,3.25,0.44,499992.6
BZUN,2.73,6,"[1, 1, 0, 1, 0, 0, 1, 0, 1, 1]",2.69,2.96,4.77,2.1,281376.3
IDN,4.17,3,"[0, 0, 0, 1, 1, 0, 0, 0, 1, 0]",6.22,5.73,8.99,4.05,452808.35
SPRO,2.77,10,"[1, 1, 1, 1, 1, 1, 1, 1, 1, 1]",2.7,2.4,3.04,1.83,876510.8
NNBR,2.85,9,"[1, 1, 1, 1, 0, 1, 1, 1, 1, 1]",2.47,1.84,3.14,1.14,815574.75
CRDL,1.06,4,"[0, 0, 0, 1, 1, 1, 0, 0, 1, 0]",1.3,1.11,1.63,0.93,350811.85
AGEN,2.98,2,"[0, 0, 0, 1, 0, 0, 0, 0, 1, 0]",3.69,3.74,7.06,2.77,612782.2
JELD,1.82,4,"[1, 0, 0, 0, 0, 0, 1, 0, 1, 1]",1.56,2.77,6.76,0.95,1483810.45
EDSA,6.27,7,"[0, 1, 1, 1, 1, 1, 1, 0, 1, 0]",9.47,4.26,18.28,0.8,328369.45
VWAV,5.62,3,"[0, 0, 0, 0, 0, 0, 1, 0, 1, 1]",5.85,8.72,14.18,2.3,534148.6
RDZN,1.51,6,"[0, 0, 1, 1, 1, 1, 1, 0, 1, 0]",1.62,1.48,2.41,0.83,446755.95
MBOT,1.82,2,"[0, 0, 0, 0, 0, 0, 0, 0, 1, 1]",2.05,2.37,4.5,1.62,1454771.1
QMCO,14.41,9,"[1, 1, 1, 1, 0, 1, 1, 1, 1, 1]",9.17,8.04,15.95,4.31,1632275.45
MED,11.27,3,"[0, 1, 0, 1, 0, 0, 0, 0, 1, 0]",11.76,11.75,15.22,9.53,172221.6
GNLX,3.03,4,"[1, 0, 0, 0, 0, 0, 1, 0, 1, 1]",2.83,3.73,8.24,2.3,144025.45
EMPD,3.98,2,"[0, 0, 0, 1, 0, 0, 0, 0, 1, 0]",4.63,5.23,21.61,3.26,169089.0
GALT,2.64,3,"[1, 0, 0, 0, 0, 0, 0, 0, 1, 1]",2.37,3.76,6.51,2.08,318548.3
BNC,2.48,1,"[0, 0, 0, 0, 0, 0, 0, 0, 1, 0]",2.76,5.82,57.58,1.99,433270.75
SPWR,0.76,1,"[0, 0, 0, 0, 0, 0, 0, 0, 1, 0]",1.02,1.46,2.11,0.76,3591069.25
IHD,7.77,10,"[1, 1, 1, 1, 1, 1, 1, 1, 1, 1]",7.29,6.43,8.02,5.18,123237.9
CODA,9.31,5,"[0, 0, 0, 1, 1, 1, 1, 0, 1, 0]",11.92,10.67,16.76,7.05,198159.4
SRFM,1.12,1,"[0, 0, 0, 0, 0, 0, 0, 0, 1, 0]",1.18,2.43,8.8,1.03,3135992.25
EQ,2.75,10,"[1, 1, 1, 1, 1, 1, 1, 1, 1, 1]",2.31,1.68,3.17,0.29,1140064.15
AMWL,8.62,9,"[1, 1, 1, 1, 0, 1, 1, 1, 1, 1]",7.37,5.76,9.83,3.78,106263.9
TTEC,2.34,1,"[0, 0, 0, 0, 0, 0, 0, 0, 1, 0]",2.68,3.07,5.45,2.06,496290.5
DFDV,3.2,1,"[0, 0, 0, 0, 0, 0, 0, 0, 1, 0]",4.02,7.36,31.27,2.65,1007174.55
BNAI,21.97,8,"[0, 1, 1, 1, 1, 1, 1, 0, 1, 1]",26.5,17.1,63.0,1.2,916331.35
TMCI,4.12,7,"[1, 1, 1, 1, 0, 0, 1, 0, 1, 1]",2.56,3.43,7.7,1.2,649183.45
CHGG,1.16,8,"[1, 1, 1, 1, 0, 1, 1, 0, 1, 1]",1.12,1.03,1.84,0.45,1824174.2
HSDT,1.63,1,"[0, 0, 0, 0, 0, 0, 0, 0, 1, 0]",1.97,4.77,24.13,1.27,420845.9
SAFX,0.37,3,"[0, 0, 0, 1, 0, 0, 1, 0, 1, 0]",0.46,0.59,2.27,0.14,4420552.3
AIFC,0.69,1,"[0, 0, 0, 0, 0, 0, 0, 0, 1, 0]",0.86,1.79,9.87,0.64,1377149.1
SUIG,1.39,1,"[0, 0, 0, 0, 0, 0, 0, 0, 1, 0]",1.49,2.19,7.45,1.14,377875.3
GCTS,2.64,9,"[1, 1, 1, 1, 1, 1, 1, 0, 1, 1]",2.07,1.5,3.73,0.99,9084588.85
FFAI,0.32,2,"[0, 0, 0, 0, 0, 0, 1, 0, 1, 0]",0.35,0.89,3.0,0.22,14903540.95
PEPG,1.59,5,"[0, 0, 0, 0, 1, 1, 1, 0, 1, 1]",1.59,4.05,7.17,1.01,630027.55
BLNK,0.67,2,"[0, 0, 0, 0, 0, 0, 1, 0, 1, 0]",0.75,1.02,2.5,0.5,2015461.5
GUTS,0.78,3,"[1, 0, 0, 0, 0, 0, 1, 0, 1, 0]",0.71,1.1,2.37,0.39,1554685.2
INO,1.11,1,"[0, 0, 0, 0, 0, 0, 0, 0, 1, 0]",1.19,1.8,2.87,1.05,1904619.8
RANI,0.76,4,"[0, 0, 0, 0, 1, 1, 1, 0, 1, 0]",0.91,1.17,2.85,0.41,1073912.65
CMTL,2.99,4,"[0, 0, 0, 0, 1, 1, 1, 0, 1, 0]",4.15,3.96,5.98,1.92,737191.9
VRA,3.59,9,"[0, 1, 1, 1, 1, 1, 1, 1, 1, 1]",3.68,2.81,4.26,1.8,684615.85
TUSK,3.1,9,"[1, 1, 1, 1, 1, 1, 1, 1, 1, 0]",2.95,2.37,3.84,1.73,329355.6
STIM,1.2,2,"[0, 0, 0, 0, 0, 0, 0, 0, 1, 1]",1.48,1.88,4.66,1.18,1925628.55
ARQ,2.77,4,"[1, 0, 0, 0, 0, 0, 1, 0, 1, 1]",2.48,3.99,7.73,1.64,266986.55
LICN,3.42,3,"[0, 0, 0, 1, 0, 0, 1, 0, 1, 0]",4.04,3.75,8.63,0.84,834201.05
HCAT,1.78,4,"[1, 0, 0, 0, 0, 0, 1, 0, 1, 1]",1.39,2.15,4.09,1.0,2546400.2
BMEA,1.16,2,"[0, 0, 0, 1, 0, 0, 0, 0, 1, 0]",1.53,1.47,2.9,0.96,1021541.15
CBUS,1.31,3,"[0, 0, 0, 0, 1, 0, 0, 0, 1, 1]",1.41,1.79,4.05,1.16,272811.85
GEOS,7.18,1,"[0, 0, 0, 0, 0, 0, 0, 0, 1, 0]",8.72,15.08,28.41,7.18,157656.2
HOVR,2.18,6,"[0, 1, 1, 1, 0, 1, 1, 0, 1, 0]",2.19,2.05,3.91,1.2,3661274.55
CGTX,1.26,4,"[1, 0, 0, 0, 0, 0, 1, 0, 1, 1]",1.18,1.39,3.18,0.25,1107161.6
FLL,2.9,7,"[1, 1, 1, 1, 0, 0, 1, 0, 1, 1]",2.63,2.67,4.95,2.15,263140.05
CYPH,0.79,4,"[0, 0, 0, 0, 1, 1, 1, 0, 1, 0]",0.97,0.87,2.97,0.24,8053206.75
CRGO,1.51,1,"[0, 0, 0, 0, 0, 0, 0, 0, 1, 0]",1.9,2.47,4.1,1.21,110838.65
DTI,2.49,4,"[0, 0, 0, 0, 1, 1, 1, 0, 1, 0]",3.05,2.93,4.49,1.81,240268.35
BTCS,1.19,1,"[0, 0, 0, 0, 0, 0, 0, 0, 1, 0]",1.72,2.72,6.5,1.13,809634.3
ZVIA,1.29,1,"[0, 0, 0, 0, 0, 0, 0, 0, 1, 0]",1.34,1.91,3.64,1.13,1150439.5
LAKE,9.93,2,"[0, 0, 0, 0, 0, 0, 1, 0, 1, 0]",10.11,11.51,17.29,7.58,194880.9
ALDX,1.78,4,"[1, 0, 0, 0, 0, 0, 1, 0, 1, 1]",1.68,4.01,5.89,1.24,1019669.3
SKLZ,8.29,8,"[1, 1, 1, 1, 0, 1, 1, 0, 1, 1]",6.84,5.64,12.45,2.28,421265.4
EXFY,1.26,5,"[1, 1, 0, 0, 0, 0, 1, 0, 1, 1]",1.06,1.36,2.61,0.75,874933.15
ONCY,0.95,4,"[1, 0, 0, 0, 0, 0, 1, 0, 1, 1]",0.92,1.03,1.42,0.64,1680794.25
TEAD,1.19,7,"[1, 1, 1, 1, 0, 0, 1, 0, 1, 1]",0.98,1.0,3.11,0.59,299334.9
NRXP,3.97,9,"[1, 1, 1, 1, 0, 1, 1, 1, 1, 1]",3.27,2.64,4.62,1.68,1636659.1
OCCI,2.68,1,"[0, 0, 0, 0, 0, 0, 0, 0, 1, 0]",3.1,3.76,5.0,2.58,209362.7
SKBL,3.3,8,"[0, 1, 1, 1, 1, 1, 1, 0, 1, 1]",3.39,3.07,12.98,0.44,228672.55
ARBE,0.85,2,"[0, 0, 0, 0, 0, 0, 1, 0, 1, 0]",0.9,1.24,2.69,0.56,4389567.3
PODC,4.31,10,"[1, 1, 1, 1, 1, 1, 1, 1, 1, 1]",3.55,2.55,4.98,1.3,163716.45
TLYS,4.59,10,"[1, 1, 1, 1, 1, 1, 1, 1, 1, 1]",4.58,2.57,5.45,1.13,492389.25
UPXI,0.95,2,"[0, 0, 0, 0, 0, 0, 1, 0, 1, 0]",1.23,2.61,10.79,0.56,2503554.15
LGO,0.79,1,"[0, 0, 0, 0, 0, 0, 0, 0, 1, 0]",1.08,1.27,2.52,0.75,748611.9
BAER,1.84,4,"[0, 0, 0, 0, 1, 1, 0, 0, 1, 1]",2.01,2.04,3.27,1.55,882446.35
SEV,2.34,3,"[0, 0, 0, 0, 1, 0, 1, 0, 1, 0]",2.61,2.34,10.84,1.41,211787.65
FRMM,5.31,4,"[1, 0, 0, 0, 0, 0, 1, 0, 1, 1]",4.32,9.51,107.0,1.79,312275.9
GNSS,1.72,2,"[0, 0, 0, 0, 0, 1, 0, 0, 1, 0]",1.93,2.08,2.58,1.47,132713.9
ATYR,0.45,1,"[0, 0, 0, 0, 0, 0, 0, 0, 1, 0]",0.66,1.03,6.61,0.4,2704933.3
OCC,20.23,10,"[1, 1, 1, 1, 1, 1, 1, 1, 1, 1]",12.99,8.55,26.92,2.7,1668715.15
QTTB,12.75,10,"[1, 1, 1, 1, 1, 1, 1, 1, 1, 1]",7.75,4.58,14.0,1.36,1650859.6
STEX,0.99,1,"[0, 0, 0, 0, 0, 0, 0, 0, 1, 0]",1.06,3.09,11.55,0.76,1873194.1
AIRG,6.83,10,"[1, 1, 1, 1, 1, 1, 1, 1, 1, 1]",6.76,4.92,7.39,3.07,109762.95
LIDR,1.52,2,"[0, 0, 0, 0, 0, 0, 1, 0, 1, 0]",1.88,2.15,4.43,0.74,1186368.05
MXCT,1.14,5,"[1, 1, 0, 0, 0, 0, 1, 0, 1, 1]",0.97,1.21,2.33,0.68,923850.3
AGH,4.73,8,"[1, 1, 1, 1, 0, 1, 1, 0, 1, 1]",4.21,4.24,7.82,0.57,3248440.5
AVD,2.64,1,"[0, 0, 0, 0, 0, 0, 0, 0, 1, 0]",2.74,4.13,5.81,2.06,378813.95
NAMM,1.86,3,"[0, 0, 0, 0, 0, 0, 1, 0, 1, 1]",1.88,2.27,16.59,0.92,2866748.4
SPAI,4.81,6,"[1, 1, 0, 0, 0, 1, 1, 0, 1, 1]",4.61,5.23,8.95,2.4,322807.25
CLNN,5.85,4,"[0, 0, 0, 1, 0, 1, 1, 0, 1, 0]",6.34,6.56,12.5,3.36,112700.25
BTMD,2.19,5,"[1, 1, 0, 0, 0, 0, 1, 0, 1, 1]",2.09,2.39,4.55,1.3,209888.85
GRWG,1.54,8,"[1, 1, 1, 1, 0, 1, 1, 0, 1, 1]",1.43,1.46,2.2,0.87,394597.1
DTCX,2.1,1,"[0, 0, 0, 0, 0, 0, 0, 0, 1, 0]",2.25,3.23,15.46,1.63,284763.25
GECC,5.53,3,"[1, 0, 0, 0, 0, 0, 0, 0, 1, 1]",5.49,6.35,,,116532.85
PN,3.47,2,"[0, 0, 0, 0, 0, 0, 1, 0, 1, 0]",3.89,11.18,82.0,2.21,670573.05
TCRX,0.85,2,"[0, 0, 0, 1, 0, 0, 0, 0, 1, 0]",1.09,1.28,2.52,0.85,440648.55
DOMH,3.2,3,"[1, 0, 0, 0, 0, 0, 0, 0, 1, 1]",3.03,3.77,6.22,2.53,221392.15
STEM,7.78,1,"[0, 0, 0, 0, 0, 0, 0, 0, 1, 0]",9.59,14.56,29.79,6.17,176212.85
ZTEK,0.43,1,"[0, 0, 0, 0, 0, 0, 0, 0, 1, 0]",0.58,0.7,1.39,0.42,132502.75
JFB,5.13,4,"[0, 0, 0, 0, 1, 1, 1, 0, 1, 0]",5.67,7.55,16.78,2.3,685367.15
ANVS,1.79,2,"[0, 0, 0, 0, 1, 0, 0, 0, 1, 0]",1.96,2.57,5.1,1.59,1368889.35
ZSQR,14.87,7,"[1, 1, 1, 0, 0, 0, 1, 1, 1, 1]",12.09,13.56,18.8,7.05,305389.95
STSS,1.12,1,"[0, 0, 0, 0, 0, 0, 0, 0, 1, 0]",1.71,3.39,16.03,1.11,271211.65
ACRV,1.49,3,"[0, 0, 0, 0, 1, 1, 0, 0, 1, 0]",1.72,1.85,3.01,1.18,381454.05
SYPR,2.59,5,"[0, 0, 0, 1, 1, 1, 1, 0, 1, 0]",3.24,2.75,4.18,1.83,162233.75
AFCG,3.39,7,"[1, 1, 1, 1, 0, 0, 1, 0, 1, 1]",3.15,3.03,4.75,2.05,171643.35
PMVP,1.08,2,"[0, 0, 0, 1, 0, 0, 0, 0, 1, 0]",1.3,1.31,1.8,1.02,273563.35
MDAI,1.82,4,"[0, 1, 0, 1, 0, 0, 1, 0, 1, 0]",2.04,1.82,3.14,1.2,1019445.35
BDMD,1.15,3,"[0, 0, 0, 1, 0, 0, 1, 0, 1, 0]",1.62,1.68,7.1,0.77,114822.3
CPSH,7.29,9,"[1, 1, 1, 1, 1, 1, 1, 0, 1, 1]",5.97,4.43,11.59,2.42,4624434.85
OMEX,0.94,1,"[0, 0, 0, 0, 0, 0, 0, 0, 1, 0]",1.05,1.74,4.12,0.77,710435.1
ATRA,9.62,5,"[1, 1, 0, 0, 0, 0, 1, 0, 1, 1]",7.68,10.02,18.09,4.18,106879.75
PDSB,0.96,5,"[0, 1, 1, 1, 0, 0, 1, 0, 1, 0]",1.11,0.93,1.62,0.54,1082523.5
FLD,0.56,1,"[0, 0, 0, 0, 0, 0, 0, 0, 1, 0]",1.17,2.28,4.69,0.56,6596398.1
RRGB,6.05,8,"[1, 1, 1, 1, 0, 0, 1, 1, 1, 1]",4.1,4.55,7.44,2.59,645600.55
LFVN,6.04,5,"[0, 1, 0, 1, 0, 0, 1, 0, 1, 1]",6.1,6.7,14.13,3.99,926048.8
XTIA,1.73,6,"[0, 0, 0, 1, 1, 1, 1, 0, 1, 1]",1.94,1.78,4.1,1.24,2524351.35
KLXE,2.65,7,"[0, 1, 1, 1, 1, 1, 1, 0, 1, 0]",3.1,2.35,4.27,1.53,364107.65
FEAM,1.62,2,"[0, 0, 0, 0, 0, 0, 1, 0, 1, 0]",1.72,3.0,7.03,1.22,163214.75
SCLX,5.88,1,"[0, 0, 0, 0, 0, 0, 0, 0, 1, 0]",7.37,12.87,30.0,4.64,112942.3
SNBR,0.18,1,"[0, 0, 0, 0, 0, 0, 0, 0, 1, 0]",1.78,5.75,12.37,0.18,23969829.3
CING,4.74,5,"[0, 0, 0, 0, 1, 1, 1, 0, 1, 1]",4.98,4.94,11.66,3.33,822348.45
IXHL,3.73,2,"[0, 0, 0, 0, 0, 0, 1, 0, 1, 0]",3.74,8.75,48.9,2.56,280941.85
IMMP,0.36,1,"[0, 0, 0, 0, 0, 0, 0, 0, 1, 0]",0.45,1.68,3.18,0.31,839755.25
IBIO,1.55,5,"[0, 0, 0, 0, 1, 1, 1, 0, 1, 1]",1.8,1.72,3.07,0.57,799344.2
EHTH,1.68,2,"[0, 0, 0, 0, 0, 0, 1, 0, 1, 0]",1.72,3.0,5.65,1.24,353268.1
LIXT,6.88,9,"[1, 1, 1, 1, 0, 1, 1, 1, 1, 1]",4.91,4.18,7.25,0.71,299923.6
VNCE,6.95,10,"[1, 1, 1, 1, 1, 1, 1, 1, 1, 1]",4.25,3.19,6.95,1.26,233943.55
HYFT,1.47,4,"[1, 0, 0, 0, 0, 0, 1, 0, 1, 1]",1.4,1.62,3.2,0.93,623853.9
BLNE,1.21,3,"[0, 0, 0, 0, 0, 0, 1, 0, 1, 1]",1.68,2.41,4.35,0.72,517343.3
PSIG,11.2,10,"[1, 1, 1, 1, 1, 1, 1, 1, 1, 1]",7.54,5.33,11.2,2.56,1470405.6
BTM,0.22,2,"[0, 0, 0, 0, 0, 0, 1, 0, 1, 0]",3.14,10.66,42.21,0.17,888687.75
SPWH,1.28,2,"[0, 0, 0, 0, 0, 0, 0, 0, 1, 1]",1.39,1.8,3.78,1.13,561234.7
ONMD,0.5,3,"[0, 0, 0, 0, 0, 1, 1, 0, 1, 0]",0.86,1.15,3.14,0.34,335696.85
GRML,0.32,3,"[0, 0, 0, 1, 0, 0, 1, 0, 1, 0]",0.39,0.42,1.55,0.22,3761679.35
AMPG,8.78,9,"[1, 1, 1, 1, 0, 1, 1, 1, 1, 1]",3.69,3.38,8.78,1.76,9195442.35
CHRN,19.13,10,"[1, 1, 1, 1, 1, 1, 1, 1, 1, 1]",14.42,8.84,23.36,2.82,366510.3
KZR,7.29,9,"[1, 1, 1, 1, 1, 1, 1, 1, 1, 0]",7.13,5.81,7.45,3.59,125152.4
IPWR,5.7,7,"[1, 1, 1, 1, 0, 1, 1, 0, 1, 0]",5.14,4.4,8.99,2.68,1394876.35
SQNS,3.2,2,"[0, 0, 0, 0, 0, 0, 1, 0, 1, 0]",3.42,5.22,53.9,2.43,217826.8
MLGO,5.07,5,"[1, 1, 0, 0, 0, 0, 1, 0, 1, 1]",4.48,6.09,23.1,3.13,736510.65
STKE,1.24,2,"[0, 0, 0, 0, 0, 0, 1, 0, 1, 0]",1.42,2.47,15.04,0.89,207547.55
ILLR,0.17,2,"[0, 0, 0, 0, 0, 0, 1, 0, 1, 0]",0.23,0.39,1.48,0.03,5486390.0
VIVO,5.73,8,"[1, 1, 1, 1, 0, 0, 1, 1, 1, 1]",4.0,3.35,6.87,1.21,2162135.65
USEG,1.02,5,"[1, 1, 0, 0, 0, 0, 1, 0, 1, 1]",0.95,1.04,2.12,0.69,1666683.2
BWEN,4.78,10,"[1, 1, 1, 1, 1, 1, 1, 1, 1, 1]",3.13,2.71,4.78,1.77,560384.6
COCH,0.65,2,"[0, 0, 0, 0, 0, 0, 1, 0, 1, 0]",0.68,0.77,1.7,0.39,122485.6
BIRD,3.94,3,"[0, 0, 0, 1, 0, 0, 1, 0, 1, 0]",5.35,4.92,16.99,2.39,367071.45
BEAT,0.72,1,"[0, 0, 0, 0, 0, 0, 0, 0, 1, 0]",0.91,1.45,3.44,0.58,604303.8
FTEK,1.31,1,"[0, 0, 0, 0, 0, 0, 0, 0, 1, 0]",1.42,1.85,3.63,1.19,175860.1
PPSI,4.39,7,"[1, 1, 1, 0, 0, 1, 1, 0, 1, 1]",3.94,4.07,6.08,2.37,276335.5
TELA,0.9,4,"[1, 0, 0, 0, 0, 0, 1, 0, 1, 1]",0.84,1.06,2.14,0.56,114153.7
GAME,0.44,5,"[0, 1, 0, 1, 0, 0, 1, 0, 1, 1]",0.44,0.48,2.31,0.25,1553876.7
ARAY,0.34,2,"[0, 0, 0, 0, 0, 0, 0, 0, 1, 1]",0.38,0.87,1.85,0.27,4239043.3
ELUT,0.95,4,"[0, 1, 0, 1, 0, 0, 1, 0, 1, 0]",1.07,0.98,2.46,0.5,107785.95
FATN,5.6,7,"[1, 1, 1, 1, 0, 0, 1, 0, 1, 1]",4.03,3.48,9.84,1.45,601446.7
FGNX,6.4,2,"[0, 0, 0, 0, 0, 0, 1, 0, 1, 0]",6.65,14.82,191.5,4.23,133354.3
PSTV,4.57,2,"[0, 0, 0, 0, 0, 0, 1, 0, 1, 0]",5.79,9.97,22.25,2.92,149678.7
AHMA,2.69,5,"[1, 0, 0, 0, 1, 0, 1, 0, 1, 1]",1.23,2.69,37.11,0.79,8311533.7
HYPD,3.24,2,"[0, 0, 0, 0, 0, 0, 0, 0, 1, 1]",3.61,4.88,15.97,2.52,632633.15
ASTI,6.79,10,"[1, 1, 1, 1, 1, 1, 1, 1, 1, 1]",5.48,4.1,9.02,1.16,3133853.25
DARE,2.11,6,"[0, 1, 1, 1, 0, 1, 1, 0, 1, 0]",2.29,1.99,3.27,1.3,240279.2
ABLV,1.11,9,"[1, 1, 1, 1, 0, 1, 1, 1, 1, 1]",0.88,0.82,1.23,0.58,118032.3
ALGS,4.99,1,"[0, 0, 0, 0, 0, 0, 0, 0, 1, 0]",6.19,8.12,13.3,4.91,104327.9
BEEM,1.32,1,"[0, 0, 0, 0, 0, 0, 0, 0, 1, 0]",1.58,1.92,3.88,1.11,3224182.85
SST,3.12,3,"[0, 0, 0, 0, 0, 0, 1, 0, 1, 1]",3.18,4.41,10.76,1.37,164936.45
WKHS,2.79,1,"[0, 0, 0, 0, 0, 0, 0, 0, 1, 0]",3.11,6.78,53.04,2.34,172423.4
INMB,1.28,1,"[0, 0, 0, 0, 0, 0, 0, 0, 1, 0]",1.38,1.58,7.37,1.12,288313.8
JZ,0.17,1,"[0, 0, 0, 0, 0, 0, 0, 0, 1, 0]",0.77,1.15,,,8801113.65
PSQH,0.48,1,"[0, 0, 0, 0, 0, 0, 0, 0, 1, 0]",0.63,1.15,2.83,0.48,310568.55
HCHL,3.96,8,"[1, 1, 1, 1, 0, 1, 1, 0, 1, 1]",2.64,2.77,5.6,1.0,1138465.0
RPGL,2.54,2,"[0, 0, 0, 0, 1, 0, 0, 0, 1, 0]",22.72,2.54,3984.0,2.16,631196.8
GRCE,2.22,3,"[0, 0, 0, 0, 1, 0, 0, 0, 1, 1]",2.73,3.31,5.13,2.1,277216.55
BGDE,8.34,7,"[1, 1, 1, 1, 0, 0, 1, 0, 1, 1]",6.15,7.82,33.6,1.71,115449.3
TRAW,0.84,1,"[0, 0, 0, 0, 0, 0, 0, 0, 1, 0]",1.46,1.88,3.13,0.76,719739.2
ARAI,0.49,1,"[0, 0, 0, 0, 0, 0, 0, 0, 1, 0]",0.71,2.42,12.15,0.46,1207967.65
ABVE,0.1,2,"[0, 0, 0, 0, 0, 0, 1, 0, 1, 0]",0.54,1.79,5.28,0.06,5702171.1
AGPU,7.4,7,"[1, 1, 1, 1, 0, 0, 1, 0, 1, 1]",5.98,6.76,18.0,1.41,371302.5
MNTS,9.31,6,"[1, 1, 0, 1, 0, 0, 1, 0, 1, 1]",8.29,11.76,34.11,3.23,12757214.45
BZFD,1.5,7,"[1, 1, 1, 1, 0, 0, 1, 0, 1, 1]",1.13,1.15,2.56,0.57,1825613.5
SKYE,0.72,1,"[0, 0, 0, 0, 0, 0, 0, 0, 1, 0]",0.81,1.35,4.75,0.58,194962.7
QCLS,3.87,3,"[0, 0, 0, 0, 1, 0, 1, 0, 1, 0]",3.9,4.06,15.4,2.76,428589.3
UPLD,0.61,1,"[0, 0, 0, 0, 0, 0, 0, 0, 1, 0]",0.73,1.4,2.96,0.51,230753.75
SOWG,2.62,4,"[1, 0, 0, 0, 0, 0, 1, 0, 1, 1]",2.38,7.54,23.25,1.13,114102.75
LASE,2.38,6,"[1, 1, 1, 0, 0, 0, 1, 0, 1, 1]",1.28,2.18,6.51,0.6,39592910.25
QNTM,3.64,2,"[0, 0, 0, 0, 0, 0, 1, 0, 1, 0]",4.93,7.97,35.0,2.1,458331.0
DBGI,0.74,2,"[0, 0, 0, 0, 0, 0, 1, 0, 1, 0]",1.22,6.01,17.78,0.29,14737849.5
NEON,1.1,1,"[0, 0, 0, 0, 0, 0, 0, 0, 1, 0]",1.58,2.52,29.3,1.1,264798.6
AIFF,1.48,3,"[0, 0, 0, 1, 0, 0, 1, 0, 1, 0]",1.8,1.77,3.16,0.64,352953.6
VEEA,0.34,1,"[0, 0, 0, 0, 0, 0, 0, 0, 1, 0]",0.55,0.58,1.94,0.34,435669.4
SPPL,3.55,6,"[1, 1, 0, 0, 0, 1, 1, 0, 1, 1]",2.76,3.72,6.62,1.8,2147094.25
OTLK,1.57,6,"[1, 1, 1, 0, 0, 0, 1, 0, 1, 1]",0.46,0.87,2.97,0.2,44601035.1
EVTV,1.48,3,"[0, 0, 0, 1, 0, 0, 1, 0, 1, 0]",1.93,1.7,4.08,0.36,822384.8
FEMY,3.84,2,"[0, 0, 0, 0, 1, 0, 0, 0, 1, 0]",7.37,11.01,20.8,3.84,134214.2
JSPR,0.45,1,"[0, 0, 0, 0, 0, 0, 0, 0, 1, 0]",0.8,1.56,6.82,0.45,641004.7
UFG,0.78,2,"[0, 0, 0, 0, 0, 0, 0, 0, 1, 1]",0.82,1.72,9.65,0.67,793076.95
DFLI,1.91,2,"[0, 0, 0, 0, 0, 0, 0, 0, 1, 1]",1.99,4.72,19.7,1.54,481982.35
ALLR,1.43,6,"[0, 1, 1, 1, 0, 1, 1, 0, 1, 0]",1.45,1.3,1.97,0.81,235169.45
VTGN,0.69,4,"[1, 0, 0, 0, 0, 0, 1, 0, 1, 1]",0.6,1.87,4.9,0.51,804955.65
SDST,1.84,1,"[0, 0, 0, 0, 0, 0, 0, 0, 1, 0]",2.4,3.29,7.09,1.74,212096.5
LTRN,3.91,6,"[1, 1, 1, 0, 0, 0, 1, 0, 1, 1]",2.84,3.23,5.32,1.12,237261.55
MVO,1.45,3,"[0, 0, 0, 1, 0, 0, 1, 0, 1, 0]",2.16,2.6,5.29,0.91,141026.6
GWH,0.8,1,"[0, 0, 0, 0, 0, 0, 0, 0, 1, 0]",1.01,1.92,9.05,0.77,562382.35
ONEG,1.51,4,"[0, 0, 0, 1, 0, 0, 1, 0, 1, 1]",3.06,4.91,12.99,0.85,1162706.35
MOBX,2.1,2,"[0, 0, 0, 0, 0, 0, 1, 0, 1, 0]",2.41,4.78,12.1,1.46,3567268.45
GRDX,5.09,8,"[1, 1, 1, 1, 0, 1, 1, 0, 1, 1]",3.74,3.43,6.8,1.1,130532.8
QNCX,0.9,1,"[0, 0, 0, 0, 0, 0, 0, 0, 1, 0]",1.2,13.19,44.0,0.8,825750.9
AUID,1.15,2,"[0, 0, 0, 0, 0, 0, 1, 0, 1, 0]",1.19,1.74,5.66,0.86,119182.65
SNAL,0.64,3,"[0, 0, 0, 1, 0, 0, 1, 0, 1, 0]",0.76,0.82,1.7,0.38,1464620.75
COCP,0.95,2,"[0, 0, 0, 1, 0, 0, 0, 0, 1, 0]",1.26,1.14,1.94,0.86,119076.85
KTTA,0.51,3,"[0, 0, 0, 0, 1, 0, 1, 0, 1, 0]",0.71,0.81,1.47,0.29,483734.4
LGVN,0.77,6,"[0, 1, 1, 1, 0, 0, 1, 0, 1, 1]",0.87,0.75,1.74,0.48,279535.5
LPCN,2.3,4,"[1, 0, 0, 0, 1, 0, 0, 0, 1, 1]",2.28,4.69,11.26,1.94,107689.95
SAGT,1.04,2,"[0, 0, 0, 0, 0, 0, 0, 0, 1, 1]",1.4,1.89,2.69,0.88,504031.3
OSRH,0.37,1,"[0, 0, 0, 0, 0, 0, 0, 0, 1, 0]",0.53,0.57,1.62,0.37,1086211.2
OFAL,0.22,1,"[0, 0, 0, 0, 0, 0, 0, 0, 1, 0]",0.51,0.7,3.32,0.22,1078834.4
SEGG,1.15,3,"[0, 0, 0, 1, 0, 0, 1, 0, 1, 0]",1.28,2.06,13.7,0.51,1632885.8
ENGS,1.99,6,"[1, 1, 0, 1, 0, 0, 1, 0, 1, 1]",1.41,2.63,12.22,0.64,509156.6
AGAE,2.36,4,"[0, 1, 0, 1, 0, 0, 1, 0, 1, 0]",2.76,3.08,19.26,1.54,235354.7
NIXX,0.89,5,"[1, 1, 0, 0, 0, 0, 1, 0, 1, 1]",0.69,1.02,2.36,0.49,6003319.95
TOMZ,0.69,3,"[0, 0, 0, 1, 0, 0, 1, 0, 1, 0]",0.75,0.79,1.1,0.53,348134.1
AIIO,2.53,3,"[1, 0, 0, 0, 0, 0, 1, 0, 1, 0]",1.91,10.78,52.4,0.59,6046217.6
SCNX,0.38,2,"[0, 0, 0, 0, 0, 0, 1, 0, 1, 0]",0.39,0.56,2.6,0.24,415426.6
GFAI,0.44,1,"[0, 0, 0, 0, 0, 0, 0, 0, 1, 0]",0.5,0.71,1.42,0.39,2769654.05
NWGL,0.24,1,"[0, 0, 0, 0, 0, 0, 0, 0, 1, 0]",0.84,1.17,5.63,0.24,1935388.6
TBH,4.01,3,"[0, 0, 0, 1, 0, 0, 1, 0, 1, 0]",4.95,6.17,19.2,1.82,116696.45
SKYQ,1.19,2,"[0, 0, 0, 1, 0, 0, 0, 0, 1, 0]",4.69,3.63,12.59,1.19,2696757.75
TURB,1.48,4,"[0, 0, 0, 1, 0, 0, 1, 0, 1, 1]",1.65,2.24,12.4,0.61,1010690.75
AKAN,19.1,6,"[1, 1, 0, 1, 0, 0, 1, 0, 1, 1]",17.9,25.57,107.43,2.68,749933.3
MDCX,0.33,3,"[1, 0, 0, 0, 0, 0, 0, 0, 1, 1]",0.33,1.35,3.4,0.28,2367746.3
BFRI,0.96,7,"[0, 1, 1, 1, 0, 0, 1, 1, 1, 1]",0.99,0.91,1.16,0.57,174631.55
MBRX,2.7,4,"[1, 0, 0, 0, 0, 0, 1, 0, 1, 1]",2.49,5.77,20.9,1.96,239633.05
HOTH,1.12,5,"[1, 1, 0, 0, 0, 0, 1, 0, 1, 1]",0.9,1.13,2.22,0.51,21823139.85
PHIO,1.06,1,"[0, 0, 0, 0, 0, 0, 0, 0, 1, 0]",1.15,1.41,2.74,0.86,137310.0
BFRG,0.69,3,"[0, 0, 0, 0, 0, 0, 1, 0, 1, 1]",0.76,0.93,1.73,0.46,320895.8
APRE,0.73,1,"[0, 0, 0, 0, 0, 0, 0, 0, 1, 0]",0.85,1.02,2.08,0.59,136086.95
LNAI,2.85,4,"[1, 0, 0, 0, 0, 0, 1, 0, 1, 1]",2.58,6.68,29.44,1.47,131668.6
STFS,8.18,6,"[1, 1, 1, 1, 0, 0, 1, 0, 1, 0]",7.09,5.9,95.2,3.12,175715.0
ATER,1.26,8,"[1, 1, 1, 1, 0, 1, 1, 1, 1, 0]",1.01,0.85,1.66,0.54,204717.95
GTBP,0.45,4,"[1, 0, 0, 0, 0, 0, 1, 0, 1, 1]",0.39,0.59,3.8,0.27,1759901.65
XWEL,1.24,6,"[0, 1, 1, 1, 0, 1, 1, 0, 1, 0]",1.28,0.97,1.7,0.29,127582.4
LHSW,0.14,1,"[0, 0, 0, 0, 0, 0, 0, 0, 1, 0]",0.2,0.92,3.03,0.14,4175196.25
BIVI,1.78,7,"[1, 1, 1, 1, 0, 0, 1, 0, 1, 1]",1.52,1.51,10.9,1.06,110181.15
RVPH,0.63,3,"[0, 0, 0, 0, 0, 0, 1, 0, 1, 1]",0.7,5.99,16.8,0.33,152484.75
YYGH,0.14,1,"[0, 0, 0, 0, 0, 0, 0, 0, 1, 0]",0.84,11.44,169.5,0.12,79232576.35
NOTV,0.02,1,"[0, 0, 0, 0, 0, 0, 0, 0, 1, 0]",0.24,0.69,2.36,0.02,60581245.95
DTSS,0.78,1,"[0, 0, 0, 0, 0, 0, 0, 0, 1, 0]",0.91,1.25,2.3,0.65,826683.05
GDC,0.03,1,"[0, 0, 0, 0, 0, 0, 0, 0, 1, 0]",1.71,3.73,9.73,0.03,82423179.3
TDIC,7.6,7,"[1, 1, 1, 1, 0, 0, 1, 0, 1, 1]",2.31,4.94,36.35,0.22,9639263.45
BIAF,0.94,2,"[0, 0, 0, 1, 0, 0, 0, 0, 1, 0]",2.14,2.41,10.95,0.75,336837.25
CODX,3.84,4,"[1, 0, 0, 0, 0, 0, 1, 0, 1, 1]",3.14,6.4,37.8,1.28,16497678.05
ELPW,1.01,3,"[0, 0, 0, 0, 0, 0, 1, 0, 1, 1]",2.32,177.84,5248.0,0.75,7883016.55
CETX,4.18,1,"[0, 0, 0, 0, 0, 0, 0, 0, 1, 0]",9.04,31.7,202.5,3.82,115569.65
YMAT,0.39,3,"[0, 0, 0, 1, 0, 0, 1, 0, 1, 0]",0.61,0.71,5.74,0.24,10450843.05
FBGL,0.59,5,"[1, 0, 0, 0, 1, 0, 1, 0, 1, 1]",0.59,0.71,1.38,0.38,197807.65
GLE,0.5,7,"[1, 1, 1, 1, 0, 0, 1, 0, 1, 1]",0.42,0.49,3.6,0.26,9330811.85
BNZI,3.0,1,"[0, 0, 0, 0, 0, 0, 0, 0, 1, 0]",6.71,26.84,138.2,2.78,706218.4
AIXI,7.41,8,"[1, 1, 1, 1, 1, 1, 1, 0, 1, 0]",6.13,2.06,15.47,0.1,192820.15
MYSE,2.3,7,"[1, 1, 1, 1, 0, 0, 1, 0, 1, 1]",2.02,2.07,3.81,1.33,159053.5
FMFC,0.34,1,"[0, 0, 0, 0, 0, 0, 0, 0, 1, 0]",0.4,2.74,15.48,0.27,201519.7
LOBO,0.82,8,"[1, 1, 1, 1, 0, 1, 1, 0, 1, 1]",0.67,0.67,1.16,0.36,4583284.85
RMSG,0.56,3,"[0, 0, 0, 1, 0, 0, 1, 0, 1, 0]",1.33,1.53,5.21,0.35,13274249.85
MGRX,0.33,2,"[0, 0, 0, 0, 0, 0, 1, 0, 1, 0]",0.39,1.02,2.74,0.16,388548.2
POLA,1.77,4,"[0, 0, 0, 0, 0, 1, 1, 0, 1, 1]",1.84,2.29,5.27,1.35,138513.5
ANY,3.48,5,"[1, 1, 0, 0, 0, 0, 1, 0, 1, 1]",2.15,3.84,10.5,1.09,8912164.9
SMTK,0.28,2,"[0, 0, 0, 0, 0, 0, 1, 0, 1, 0]",0.31,0.99,2.83,0.17,29593401.25
UGRO,3.86,3,"[0, 0, 0, 1, 0, 0, 1, 0, 1, 0]",6.9,7.84,36.29,2.18,249775.35
ONFO,0.31,2,"[0, 0, 0, 1, 0, 0, 0, 0, 1, 0]",0.86,0.84,1.5,0.31,228539.3
CREG,2.07,1,"[0, 0, 0, 0, 0, 0, 0, 0, 1, 0]",4.66,10.38,29.29,1.79,752778.75
FABC,3.43,4,"[0, 1, 0, 1, 0, 0, 1, 0, 1, 0]",3.73,3.62,8.41,1.78,1012452.15
OLB,0.41,1,"[0, 0, 0, 0, 0, 0, 0, 0, 1, 0]",0.47,0.8,2.12,0.34,261097.3
AEHL,1.04,2,"[0, 0, 0, 0, 0, 0, 1, 0, 1, 0]",1.3,8.83,25.98,0.49,837673.65
SNYR,0.19,1,"[0, 0, 0, 0, 0, 0, 0, 0, 1, 0]",0.35,1.53,3.97,0.19,6786809.25
BTQ,5.33,5,"[1, 1, 0, 0, 0, 0, 1, 0, 1, 1]",3.5,5.33,14.14,2.15,4454507.5
ENVB,1.37,1,"[0, 0, 0, 0, 0, 0, 0, 0, 1, 0]",2.61,4.67,17.4,1.37,251789.5
SUNE,2.86,9,"[1, 1, 1, 1, 1, 1, 1, 0, 1, 1]",1.66,1.47,5.88,0.78,17876894.3
ALP,0.25,2,"[0, 0, 0, 0, 0, 0, 1, 0, 1, 0]",0.3,2.05,10.91,0.18,18563211.75
GP,1.3,5,"[1, 1, 0, 0, 0, 0, 1, 0, 1, 1]",1.05,1.55,4.5,0.76,171175.65
GSUN,0.49,4,"[1, 0, 0, 0, 0, 0, 1, 0, 1, 1]",0.48,1.33,3.26,0.33,235343.9
RENX,1.78,2,"[0, 0, 0, 0, 0, 0, 0, 0, 1, 1]",2.13,9.96,38.6,1.42,293815.7
WNW,3.5,3,"[0, 0, 0, 0, 0, 0, 1, 0, 1, 1]",3.64,115.47,280.4,2.41,4187812.75
GOVX,1.17,1,"[0, 0, 0, 0, 0, 0, 0, 0, 1, 0]",1.57,6.53,24.0,1.05,4665623.7
JTAI,6.23,1,"[0, 0, 0, 0, 0, 0, 0, 0, 1, 0]",7.25,218.24,796.0,5.71,248062.2
NCI,10.6,4,"[1, 0, 0, 0, 1, 0, 0, 0, 1, 1]",8.21,17.25,,,787918.3
SOBR,0.88,2,"[0, 0, 0, 0, 0, 0, 1, 0, 1, 0]",0.99,1.78,4.74,0.5,232841.8
BYAH,1.5,4,"[1, 0, 0, 0, 0, 0, 1, 0, 1, 1]",1.21,8.99,2050.5,1.0,8507954.6
MNDR,0.68,1,"[0, 0, 0, 0, 0, 0, 0, 0, 1, 0]",0.86,1.72,6.95,0.67,214862.1
NCRA,0.12,1,"[0, 0, 0, 0, 0, 0, 0, 0, 1, 0]",0.2,0.78,1.97,0.11,37480404.25
CNEY,0.77,3,"[0, 0, 0, 0, 0, 0, 1, 0, 1, 1]",0.87,1.2,2.78,0.37,2160785.1
PMAX,1.93,1,"[0, 0, 0, 0, 0, 0, 0, 0, 1, 0]",2.65,16.51,41.04,1.86,764637.7
GLMD,0.6,2,"[0, 0, 0, 0, 0, 0, 0, 0, 1, 1]",0.64,0.9,2.33,0.47,1250320.0
OCG,1.84,1,"[0, 0, 0, 0, 0, 0, 0, 0, 1, 0]",1.93,819.94,6589.92,1.65,721001.7
SHPH,4.08,1,"[0, 0, 0, 0, 0, 0, 0, 0, 1, 0]",7.01,18.33,,,189090.05
LMFA,0.19,1,"[0, 0, 0, 0, 0, 0, 0, 0, 1, 0]",0.25,0.62,4.93,0.19,531270.0
VIVK,0.53,1,"[0, 0, 0, 0, 0, 0, 0, 0, 1, 0]",1.66,23.54,220.5,0.5,2702682.25
UCAR,1.19,2,"[0, 0, 0, 0, 0, 0, 1, 0, 1, 0]",1.48,12.28,45.1,0.38,1334002.15
IVDA,0.51,4,"[1, 0, 0, 0, 0, 0, 1, 0, 1, 1]",0.31,0.76,2.47,0.25,19261118.75
MASK,2.38,4,"[1, 0, 0, 0, 0, 0, 1, 0, 1, 1]",2.28,7.4,91.0,1.24,12516369.95
AEMD,1.93,1,"[0, 0, 0, 0, 0, 0, 0, 0, 1, 0]",2.22,3.72,21.9,1.65,1691353.7
VRAX,0.16,2,"[0, 0, 0, 0, 0, 0, 1, 0, 1, 0]",0.17,0.35,1.11,0.1,15370540.5
SGLY,0.34,1,"[0, 0, 0, 0, 0, 0, 0, 0, 1, 0]",0.42,0.6,1.39,0.34,150088.8
ORKT,1.3,7,"[1, 1, 1, 1, 0, 0, 1, 0, 1, 1]",1.1,1.29,3.2,0.67,359238.9
VBIO,0.56,1,"[0, 0, 0, 0, 0, 0, 0, 0, 1, 0]",0.92,1.62,4.38,0.56,444942.35
MGN,0.14,2,"[0, 0, 0, 0, 1, 0, 0, 0, 1, 0]",0.18,0.14,4.85,0.14,7684920.3
BIYA,0.52,1,"[0, 0, 0, 0, 0, 0, 0, 0, 1, 0]",1.06,5.5,23.52,0.52,8929068.4
HCWB,1.14,3,"[1, 0, 0, 0, 0, 0, 1, 0, 1, 0]",0.97,1.89,6.02,0.27,13783843.8
JDZG,50.0,4,"[1, 0, 0, 0, 0, 0, 1, 0, 1, 1]",26.75,248.7,952.5,10.8,170063.0
NVVE,0.36,1,"[0, 0, 0, 0, 0, 0, 0, 0, 1, 0]",0.42,4.27,47.6,0.29,297355.95
GV,0.22,2,"[0, 0, 0, 0, 0, 0, 1, 0, 1, 0]",0.25,1.03,2.8,0.16,513158.55
ASBP,6.19,6,"[1, 1, 1, 1, 0, 0, 1, 0, 1, 0]",3.18,5.97,23.6,0.16,808400.35
SDOT,8.67,3,"[0, 0, 0, 0, 0, 0, 1, 0, 1, 1]",16.43,63.53,368.0,2.73,4021770.0
ICON,0.96,1,"[0, 0, 0, 0, 0, 0, 0, 0, 1, 0]",1.17,3.98,16.3,0.81,346558.5
BTX,9.16,10,"[1, 1, 1, 1, 1, 1, 1, 1, 1, 1]",8.2,6.85,9.35,5.9,806928.4
NVDA,204.65,8,"[0, 1, 1, 1, 1, 1, 1, 1, 1, 0]",208.54,189.48,235.47,143.66,172340530.6
GOOGL,363.79,8,"[0, 1, 1, 1, 1, 1, 1, 1, 1, 0]",366.18,309.94,402.38,164.72,31977509.55
GOOG,362.1,8,"[0, 1, 1, 1, 1, 1, 1, 1, 1, 0]",363.38,309.47,398.8,165.54,23052628.85
AAPL,295.95,9,"[1, 1, 1, 1, 1, 1, 1, 1, 1, 0]",287.84,267.45,315.2,195.8,50302337.55
AMZN,237.5,7,"[0, 1, 1, 1, 1, 1, 0, 1, 1, 0]",256.64,232.71,274.99,198.79,41962682.25
AVGO,392.9,8,"[0, 1, 1, 1, 1, 1, 1, 1, 1, 0]",410.46,358.58,481.57,248.56,33435566.6
TSM,432.15,10,"[1, 1, 1, 1, 1, 1, 1, 1, 1, 1]",402.84,332.33,445.65,207.22,12155374.15
TSLA,396.38,4,"[0, 0, 0, 0, 0, 1, 1, 1, 1, 0]",401.34,416.61,489.88,293.94,46175083.35
WMT,118.13,6,"[0, 0, 1, 1, 1, 1, 0, 1, 1, 0]",125.19,115.94,134.2,93.62,27045400.0
LLY,1112.0,9,"[1, 1, 1, 0, 1, 1, 1, 1, 1, 1]",1007.32,961.62,1160.95,621.26,3195488.1
MU,1043.19,10,"[1, 1, 1, 1, 1, 1, 1, 1, 1, 1]",718.25,395.54,1087.99,104.73,53543101.15
AMD,512.48,10,"[1, 1, 1, 1, 1, 1, 1, 1, 1, 1]",404.94,259.28,547.26,126.79,31508765.8
INTC,121.1,10,"[1, 1, 1, 1, 1, 1, 1, 1, 1, 1]",99.92,54.96,129.44,19.31,127538095.15
XOM,140.74,8,"[0, 1, 1, 1, 1, 1, 1, 1, 1, 0]",150.07,132.9,170.31,102.56,16501230.65
ASML,1867.83,10,"[1, 1, 1, 1, 1, 1, 1, 1, 1, 1]",1568.99,1258.37,1899.48,686.0,1946554.9
ORCL,183.53,5,"[0, 1, 0, 1, 0, 0, 1, 0, 1, 1]",187.56,204.24,325.76,136.0,25775761.3
JNJ,234.2,10,"[1, 1, 1, 1, 1, 1, 1, 1, 1, 1]",229.76,213.37,247.14,146.14,7457225.55
CAT,955.92,10,"[1, 1, 1, 1, 1, 1, 1, 1, 1, 1]",868.42,665.75,955.92,355.95,2752675.5
CSCO,117.33,10,"[1, 1, 1, 1, 1, 1, 1, 1, 1, 1]",104.32,81.88,130.0,64.36,24269726.95
LRCX,374.18,10,"[1, 1, 1, 1, 1, 1, 1, 1, 1, 1]",295.31,208.38,388.92,90.06,10547084.1
CVX,177.58,7,"[0, 1, 1, 1, 1, 1, 0, 1, 1, 0]",186.4,169.02,209.23,137.43,8993778.2
AMAT,592.92,10,"[1, 1, 1, 1, 1, 1, 1, 1, 1, 1]",440.73,314.89,592.92,155.56,8815696.85
UNH,399.53,9,"[1, 1, 1, 1, 0, 1, 1, 1, 1, 1]",368.8,328.76,411.04,231.57,6814750.3
BABA,107.44,2,"[0, 0, 0, 0, 0, 1, 0, 0, 1, 0]",128.59,148.01,187.62,102.89,10855724.85
GE,357.03,9,"[1, 1, 1, 0, 1, 1, 1, 1, 1, 1]",306.74,304.56,357.03,234.65,4764598.85
HSBC,95.23,10,"[1, 1, 1, 1, 1, 1, 1, 1, 1, 1]",90.9,78.51,95.23,55.7,1869868.05
MS,224.96,10,"[1, 1, 1, 1, 1, 1, 1, 1, 1, 1]",196.89,173.75,224.96,129.4,6045660.05
AZN,177.89,5,"[0, 0, 0, 0, 1, 1, 1, 1, 1, 0]",187.67,181.26,208.62,135.08,2006848.95
GEV,1048.86,10,"[1, 1, 1, 1, 1, 1, 1, 1, 1, 1]",1018.34,769.09,1148.94,485.65,2927384.3
GS,1099.14,10,"[1, 1, 1, 1, 1, 1, 1, 1, 1, 1]",967.0,867.32,1099.14,622.7,2359475.65
MRK,115.44,10,"[1, 1, 1, 1, 1, 1, 1, 1, 1, 1]",115.09,103.71,122.3,75.59,11070782.95
NVS,150.88,10,"[1, 1, 1, 1, 1, 1, 1, 1, 1, 1]",149.08,139.47,163.64,110.15,1738924.25
TXN,301.88,9,"[1, 1, 1, 1, 1, 1, 1, 1, 1, 0]",278.86,207.93,324.89,151.57,8359855.05
RY,200.7,10,"[1, 1, 1, 1, 1, 1, 1, 1, 1, 1]",184.09,163.99,201.13,125.26,1449966.55
KLAC,238.73,10,"[1, 1, 1, 1, 1, 1, 1, 1, 1, 1]",191.75,143.24,256.42,84.03,11908813.5
RTX,192.58,9,"[1, 1, 1, 0, 1, 1, 1, 1, 1, 1]",181.37,181.08,211.28,139.16,5503140.9
SNDK,1958.8,10,"[1, 1, 1, 1, 1, 1, 1, 1, 1, 1]",1371.78,602.59,2107.86,40.69,10756304.0
QCOM,212.97,9,"[1, 1, 1, 1, 0, 1, 1, 1, 1, 1]",188.92,164.95,250.1,123.61,21234609.45
ARM,418.88,10,"[1, 1, 1, 1, 1, 1, 1, 1, 1, 1]",258.72,166.3,418.88,104.55,13346959.8
C,143.78,10,"[1, 1, 1, 1, 1, 1, 1, 1, 1, 1]",128.97,112.22,143.78,76.61,11314591.85
BHP,90.36,10,"[1, 1, 1, 1, 1, 1, 1, 1, 1, 1]",83.79,67.09,93.15,45.25,2814597.45
ADI,414.45,10,"[1, 1, 1, 1, 1, 1, 1, 1, 1, 1]",398.22,307.98,437.67,217.76,5153882.7
NVO,43.52,2,"[1, 0, 0, 0, 0, 0, 0, 0, 1, 0]",42.82,46.93,70.6,34.76,12699205.1
MUFG,20.75,10,"[1, 1, 1, 1, 1, 1, 1, 1, 1, 1]",18.71,17.05,20.75,13.29,3229045.65
TTE,82.12,8,"[0, 1, 1, 1, 1, 1, 1, 1, 1, 0]",89.74,73.25,93.6,55.92,1345141.6
NEE,85.73,6,"[0, 0, 1, 1, 1, 1, 0, 1, 1, 0]",90.18,84.65,97.17,67.47,11940131.15
BA,225.63,8,"[1, 1, 1, 1, 1, 0, 0, 1, 1, 1]",224.18,218.71,252.15,179.12,6528434.45
TD,118.5,10,"[1, 1, 1, 1, 1, 1, 1, 1, 1, 1]",108.85,92.75,118.5,69.6,2314680.0
SAN,13.33,10,"[1, 1, 1, 1, 1, 1, 1, 1, 1, 1]",12.23,11.27,13.38,7.9,9963676.4
RIO,102.67,9,"[0, 1, 1, 1, 1, 1, 1, 1, 1, 1]",102.81,83.74,112.04,53.08,2651035.2
ANET,164.93,9,"[1, 1, 1, 1, 0, 1, 1, 1, 1, 1]",158.04,142.0,177.73,86.25,8636979.0
STX,1066.07,10,"[1, 1, 1, 1, 1, 1, 1, 1, 1, 1]",749.3,416.65,1066.07,129.29,3443572.9
DELL,419.32,10,"[1, 1, 1, 1, 1, 1, 1, 1, 1, 1]",277.75,171.46,465.96,110.73,12511738.95
PANW,282.13,9,"[1, 1, 1, 1, 0, 1, 1, 1, 1, 1]",222.3,195.65,300.48,141.67,8982493.35
WDC,712.13,10,"[1, 1, 1, 1, 1, 1, 1, 1, 1, 1]",471.74,262.64,712.13,59.03,7400884.55
GILD,125.45,4,"[0, 0, 0, 0, 1, 1, 0, 1, 1, 0]",131.32,127.72,153.91,103.24,8330179.15
GLW,175.4,8,"[0, 1, 1, 1, 1, 1, 1, 1, 1, 0]",178.4,119.6,207.96,49.87,12108810.75
BUD,80.68,9,"[1, 1, 1, 1, 1, 1, 1, 1, 1, 0]",78.02,68.31,83.96,56.26,1832394.7
APP,479.49,4,"[0, 0, 0, 0, 0, 1, 1, 0, 1, 1]",490.34,542.31,733.6,324.7,5061911.7
APH,161.11,8,"[1, 1, 1, 1, 1, 1, 0, 0, 1, 1]",142.09,135.99,,,10586420.8
DE,588.47,10,"[1, 1, 1, 1, 1, 1, 1, 1, 1, 1]",574.58,524.88,660.56,436.32,1597333.4
SCCO,191.68,10,"[1, 1, 1, 1, 1, 1, 1, 1, 1, 1]",182.55,157.3,215.55,85.21,1351801.2
WELL,206.55,8,"[0, 1, 1, 1, 1, 1, 1, 1, 1, 0]",210.46,193.42,220.14,148.43,3802325.2
MRVL,289.54,10,"[1, 1, 1, 1, 1, 1, 1, 1, 1, 1]",194.02,111.77,316.43,62.19,59606621.8
IBKR,95.09,10,"[1, 1, 1, 1, 1, 1, 1, 1, 1, 1]",82.95,71.89,95.09,50.3,5551471.9
COP,111.21,8,"[0, 1, 1, 1, 1, 1, 1, 1, 1, 0]",119.01,103.78,132.81,83.6,6911136.85
PLD,140.94,6,"[0, 1, 1, 1, 1, 1, 0, 0, 1, 0]",141.67,128.89,,,3681122.35
UBS,49.73,10,"[1, 1, 1, 1, 1, 1, 1, 1, 1, 1]",45.12,41.57,50.46,29.65,2351059.5
SMFG,24.54,10,"[1, 1, 1, 1, 1, 1, 1, 1, 1, 1]",22.04,19.63,24.54,14.53,1964869.9
CRWD,682.96,9,"[1, 1, 1, 1, 0, 1, 1, 1, 1, 1]",560.39,488.05,782.17,350.25,3564306.05
VRT,317.58,8,"[0, 1, 1, 1, 1, 1, 1, 1, 1, 0]",320.43,222.8,376.15,116.41,5914338.55
BTI,59.49,8,"[0, 1, 1, 1, 1, 1, 1, 1, 1, 0]",60.38,56.57,66.7,44.77,3925461.0
BBVA,24.47,10,"[1, 1, 1, 1, 1, 1, 1, 1, 1, 1]",22.58,21.24,25.32,14.03,1743447.3
NEM,105.67,8,"[0, 0, 1, 1, 1, 1, 1, 1, 1, 1]",110.25,101.93,131.38,56.16,8264732.15
PBR,16.79,8,"[0, 1, 1, 1, 1, 1, 1, 1, 1, 0]",19.78,15.34,21.86,11.39,15312080.65
PBR-A,15.02,7,"[0, 0, 1, 1, 1, 1, 1, 1, 1, 0]",17.83,14.13,19.73,10.67,9433217.85
SBUX,99.82,7,"[0, 1, 1, 1, 1, 1, 0, 1, 1, 0]",100.75,90.91,106.82,76.95,8028604.9
CVS,99.16,10,"[1, 1, 1, 1, 1, 1, 1, 1, 1, 1]",88.21,79.14,101.96,57.3,7549280.7
BMY,55.28,7,"[0, 0, 1, 1, 1, 1, 1, 1, 1, 0]",57.47,52.86,61.73,41.67,11444481.0
BP,40.14,8,"[0, 1, 1, 1, 1, 1, 1, 1, 1, 0]",44.26,38.11,47.09,28.3,9033481.1
PWR,714.85,10,"[1, 1, 1, 1, 1, 1, 1, 1, 1, 1]",689.21,521.74,785.24,360.08,1070015.25
PH,945.97,9,"[1, 1, 1, 0, 1, 1, 1, 1, 1, 1]",907.41,872.32,1020.71,646.67,827420.1
HWM,283.23,10,"[1, 1, 1, 1, 1, 1, 1, 1, 1, 1]",255.73,222.82,283.23,169.85,2537204.7
BMO,169.84,10,"[1, 1, 1, 1, 1, 1, 1, 1, 1, 1]",155.72,137.2,169.84,103.16,702949.15
EQIX,1088.52,10,"[1, 1, 1, 1, 1, 1, 1, 1, 1, 1]",1069.28,884.61,1109.8,718.6,567520.6
MFG,10.14,10,"[1, 1, 1, 1, 1, 1, 1, 1, 1, 1]",8.91,7.86,10.14,5.42,3940016.5
TT,472.51,9,"[1, 1, 1, 1, 1, 1, 0, 1, 1, 1]",466.98,428.75,491.42,374.67,1420184.6
CM,112.87,10,"[1, 1, 1, 1, 1, 1, 1, 1, 1, 1]",110.03,93.91,115.78,67.22,1155873.35
CDNS,389.6,9,"[1, 1, 1, 1, 0, 1, 1, 1, 1, 1]",351.76,326.1,416.39,265.66,2423021.35
GSK,52.15,9,"[0, 1, 1, 1, 1, 1, 1, 1, 1, 1]",52.53,49.3,60.14,34.89,3787283.05
SNPS,461.74,4,"[0, 1, 1, 1, 0, 0, 0, 0, 1, 0]",478.35,460.15,645.35,380.47,2145766.6
AEM,172.99,5,"[0, 0, 0, 0, 1, 1, 1, 0, 1, 1]",187.22,184.01,251.57,115.04,2715117.95
HCA,388.16,2,"[0, 0, 0, 0, 1, 0, 0, 0, 1, 0]",423.25,459.06,543.23,332.07,1783010.6
BNS,86.37,10,"[1, 1, 1, 1, 1, 1, 1, 1, 1, 1]",78.19,71.8,86.37,53.37,2503082.8
CMI,717.78,10,"[1, 1, 1, 1, 1, 1, 1, 1, 1, 1]",658.45,538.36,717.78,309.31,1038126.75
MAR,394.61,10,"[1, 1, 1, 1, 1, 1, 1, 1, 1, 1]",369.09,317.51,402.54,253.11,1462453.35
CNQ,42.42,8,"[0, 1, 1, 1, 1, 1, 1, 1, 1, 0]",46.12,38.53,50.09,29.05,8101622.85
EQNR,33.76,8,"[0, 1, 1, 1, 1, 1, 1, 1, 1, 0]",37.69,29.09,41.97,21.89,3926250.25
ITUB,7.97,8,"[0, 0, 1, 1, 1, 1, 1, 1, 1, 1]",8.32,7.61,9.47,5.55,22253812.95
FDX,325.93,10,"[1, 1, 1, 1, 1, 1, 1, 1, 1, 1]",315.12,256.02,338.75,172.24,1954285.6
BK,143.98,10,"[1, 1, 1, 1, 1, 1, 1, 1, 1, 1]",135.13,118.17,144.02,87.98,3522357.45
FCX,69.06,10,"[1, 1, 1, 1, 1, 1, 1, 1, 1, 1]",64.53,54.05,71.72,35.05,12818787.95
USB,57.91,10,"[1, 1, 1, 1, 1, 1, 1, 1, 1, 1]",55.61,52.0,60.07,41.51,8442699.85
JCI,143.62,10,"[1, 1, 1, 1, 1, 1, 1, 1, 1, 1]",141.1,124.87,147.34,101.29,3968561.15
ING,31.24,10,"[1, 1, 1, 1, 1, 1, 1, 1, 1, 1]",29.4,26.76,31.32,19.79,3848704.4
FTNT,144.14,10,"[1, 1, 1, 1, 1, 1, 1, 1, 1, 1]",112.83,89.56,149.67,74.39,6423047.4
MNST,91.66,10,"[1, 1, 1, 1, 1, 1, 1, 1, 1, 1]",83.2,76.0,93.23,58.65,5375319.0
CSX,45.57,9,"[1, 1, 1, 1, 1, 1, 1, 1, 1, 0]",45.09,38.79,47.57,31.61,12649075.55
AMX,26.45,9,"[1, 1, 1, 1, 1, 1, 1, 1, 1, 0]",26.35,23.22,27.75,16.73,1380283.5
ELV,391.27,9,"[1, 1, 1, 1, 1, 1, 1, 1, 1, 0]",371.88,337.59,422.71,269.01,1613165.9
BCS,26.33,10,"[1, 1, 1, 1, 1, 1, 1, 1, 1, 1]",23.86,22.92,27.19,17.23,5159662.25
SLB,50.33,8,"[0, 1, 1, 1, 1, 1, 1, 1, 1, 0]",54.69,44.39,58.01,31.12,14136908.7
MPWR,1448.21,8,"[0, 1, 1, 1, 1, 1, 1, 1, 1, 0]",1541.41,1139.13,1689.89,680.73,788586.45
LYG,5.55,10,"[1, 1, 1, 1, 1, 1, 1, 1, 1, 1]",5.39,5.05,6.1,3.87,26871146.35
E,49.74,8,"[0, 1, 1, 1, 1, 1, 1, 1, 1, 0]",53.94,43.09,56.97,31.23,327367.65
CIEN,436.72,7,"[0, 1, 1, 1, 1, 1, 1, 0, 1, 0]",522.51,308.37,627.0,73.82,3359333.4
APO,138.91,7,"[1, 1, 1, 0, 0, 0, 1, 1, 1, 1]",127.07,127.8,153.59,99.88,3238332.65
CRH,109.41,3,"[0, 0, 0, 0, 0, 0, 0, 1, 1, 1]",110.0,114.84,130.44,87.52,4817162.35
SU,56.28,8,"[0, 1, 1, 1, 1, 1, 1, 1, 1, 0]",64.15,51.67,69.27,36.92,4585140.95
REGN,607.93,4,"[0, 0, 0, 0, 1, 1, 0, 1, 1, 0]",682.7,695.27,810.08,506.94,1126535.65
NXPI,298.2,10,"[1, 1, 1, 1, 1, 1, 1, 1, 1, 1]",278.77,232.19,332.67,182.42,4011409.15
BE,284.99,10,"[1, 1, 1, 1, 1, 1, 1, 1, 1, 1]",257.68,152.69,307.88,21.5,10641686.05
ROST,233.25,10,"[1, 1, 1, 1, 1, 1, 1, 1, 1, 1]",225.53,189.95,240.13,125.48,3488077.35
B,41.29,7,"[0, 0, 1, 0, 1, 1, 1, 1, 1, 1]",41.32,40.1,52.32,20.0,13091692.0
HLT,349.3,10,"[1, 1, 1, 1, 1, 1, 1, 1, 1, 1]",328.68,295.98,350.22,247.05,1518769.85
ASX,37.44,10,"[1, 1, 1, 1, 1, 1, 1, 1, 1, 1]",33.16,20.87,40.6,9.5,11386522.65
NOK,13.83,10,"[1, 1, 1, 1, 1, 1, 1, 1, 1, 1]",13.09,8.16,16.85,4.05,127276346.2
VLO,239.77,8,"[0, 1, 1, 1, 1, 1, 1, 1, 1, 0]",244.8,198.81,261.45,129.53,2841326.45
MPC,244.61,9,"[1, 1, 1, 1, 1, 1, 1, 1, 1, 0]",244.39,205.48,267.21,155.55,2384575.7
GM,79.58,10,"[1, 1, 1, 1, 1, 1, 1, 1, 1, 1]",78.84,73.91,85.99,47.65,8162243.35
AEP,128.27,8,"[0, 1, 1, 1, 1, 1, 1, 1, 1, 0]",130.79,121.33,136.16,98.09,4837391.45
DDOG,226.63,9,"[1, 1, 1, 1, 0, 1, 1, 1, 1, 1]",183.93,151.0,277.49,102.61,5917836.5
LITE,869.98,8,"[0, 1, 1, 1, 1, 1, 1, 1, 1, 0]",906.49,508.87,1053.09,88.46,5810065.65
VALE,15.53,8,"[0, 1, 1, 1, 1, 1, 1, 1, 1, 0]",16.48,14.0,17.82,8.32,22234407.4
NSC,300.53,7,"[0, 1, 1, 1, 1, 1, 0, 1, 1, 0]",309.36,294.1,325.68,248.32,1169998.25
HOOD,105.2,6,"[1, 1, 1, 0, 0, 0, 1, 0, 1, 1]",82.08,102.75,152.46,65.16,33518562.8
NET,226.87,9,"[1, 1, 1, 1, 0, 1, 1, 1, 1, 1]",217.5,207.4,272.66,160.19,3915498.05
PSX,167.17,8,"[0, 1, 1, 1, 1, 1, 1, 1, 1, 0]",171.5,149.48,186.92,114.45,2210667.15
FIX,1931.77,10,"[1, 1, 1, 1, 1, 1, 1, 1, 1, 1]",1821.59,1246.2,2041.56,497.9,432983.35
DLR,187.08,8,"[0, 1, 1, 1, 1, 1, 0, 1, 1, 1]",191.2,171.84,202.56,145.96,2212589.25
WBD,26.24,6,"[0, 0, 1, 0, 1, 1, 1, 1, 1, 0]",27.06,25.08,29.98,10.52,22426293.5
TRP,67.92,9,"[1, 1, 1, 1, 1, 1, 1, 1, 1, 0]",65.97,58.33,70.91,45.92,2227431.1
MFC,40.39,10,"[1, 1, 1, 1, 1, 1, 1, 1, 1, 1]",38.47,34.99,41.12,29.33,2564195.6
SPG,209.86,10,"[1, 1, 1, 1, 1, 1, 1, 1, 1, 1]",202.74,186.23,219.04,149.97,1930076.15
COHR,378.85,10,"[1, 1, 1, 1, 1, 1, 1, 1, 1, 1]",355.08,222.39,426.89,80.64,5838573.5
MSTR,116.56,2,"[0, 0, 0, 1, 0, 0, 0, 0, 1, 0]",154.77,192.98,455.9,106.99,18929140.05
BKR,60.07,8,"[0, 1, 1, 1, 1, 1, 1, 1, 1, 0]",64.3,54.78,69.44,36.94,7346055.45
WPM,125.85,8,"[0, 0, 1, 1, 1, 1, 1, 1, 1, 1]",131.88,123.24,165.21,86.45,2012669.0
CRWV,115.21,7,"[1, 1, 1, 1, 0, 0, 1, 0, 1, 1]",110.79,100.27,183.58,64.55,28373219.15
KEYS,350.7,10,"[1, 1, 1, 1, 1, 1, 1, 1, 1, 1]",343.01,245.47,366.68,158.51,1683103.05
CVNA,62.86,2,"[0, 0, 0, 0, 1, 0, 0, 0, 1, 0]",72.17,73.56,95.69,56.26,10637327.5
RKLB,107.98,8,"[1, 1, 1, 1, 1, 1, 1, 0, 1, 0]",103.14,73.5,150.23,27.85,27739737.8
TEL,212.2,5,"[0, 0, 0, 0, 0, 1, 1, 1, 1, 1]",214.26,220.39,247.28,161.5,2556503.55
URI,1048.97,9,"[1, 1, 1, 1, 0, 1, 1, 1, 1, 1]",943.49,881.19,1094.17,692.85,493612.75
GWW,1311.1,10,"[1, 1, 1, 1, 1, 1, 1, 1, 1, 1]",1221.71,1072.01,1329.8,914.6,261615.35
TGT,127.81,10,"[1, 1, 1, 1, 1, 1, 1, 1, 1, 1]",125.69,105.62,135.23,82.06,5580498.75
TER,408.56,10,"[1, 1, 1, 1, 1, 1, 1, 1, 1, 1]",370.55,251.66,432.41,86.04,3704433.85
LHX,313.17,5,"[0, 0, 0, 0, 1, 1, 0, 1, 1, 1]",318.07,313.39,375.64,242.72,1112978.85
CARR,69.49,10,"[1, 1, 1, 1, 1, 1, 1, 1, 1, 1]",64.8,59.3,79.79,49.97,6978163.05
CTVA,77.37,7,"[0, 1, 1, 1, 1, 1, 0, 1, 1, 0]",79.67,72.44,85.26,60.56,3728447.7
AU,90.92,7,"[0, 0, 1, 1, 1, 1, 1, 0, 1, 1]",95.48,87.03,124.62,41.58,2696350.05
OKE,85.58,8,"[0, 1, 1, 1, 1, 1, 1, 1, 1, 0]",87.74,77.74,95.24,62.69,3509288.3
MCHP,94.11,10,"[1, 1, 1, 1, 1, 1, 1, 1, 1, 1]",89.97,71.66,102.41,48.06,11700305.05
MCHPP,79.31,10,"[1, 1, 1, 1, 1, 1, 1, 1, 1, 1]",76.12,62.88,85.72,45.73,279923.55
CVE,25.6,8,"[0, 1, 1, 1, 1, 1, 1, 1, 1, 0]",27.94,21.21,31.62,13.44,8642183.95
AME,231.27,10,"[1, 1, 1, 1, 1, 1, 1, 1, 1, 1]",229.73,210.96,241.02,175.34,1184179.75
TRGP,260.74,9,"[1, 1, 1, 1, 1, 1, 1, 1, 1, 0]",255.67,204.98,276.75,143.89,1065310.3
COIN,164.91,1,"[0, 0, 0, 0, 0, 0, 0, 0, 1, 0]",185.44,238.82,419.78,141.09,8491105.0
FANG,185.48,8,"[0, 1, 1, 1, 1, 1, 1, 1, 1, 0]",195.29,165.08,212.52,132.09,2535126.9
OXY,53.04,8,"[0, 1, 1, 1, 1, 1, 1, 1, 1, 0]",57.04,48.71,65.94,38.56,10451215.1
DVN,42.58,8,"[0, 1, 1, 1, 1, 1, 1, 1, 1, 0]",46.42,40.1,51.7,30.95,14529642.9
FLEX,143.13,10,"[1, 1, 1, 1, 1, 1, 1, 1, 1, 1]",120.22,76.67,161.94,46.03,5592692.95
ABEV,3.14,9,"[1, 1, 1, 1, 1, 1, 1, 1, 1, 0]",3.13,2.71,3.43,2.11,28355768.65
NUE,252.6,10,"[1, 1, 1, 1, 1, 1, 1, 1, 1, 1]",228.69,175.91,266.35,122.44,1498200.4
STM,73.36,10,"[1, 1, 1, 1, 1, 1, 1, 1, 1, 1]",59.8,36.17,79.71,21.07,13619678.9
BIDU,111.61,4,"[0, 0, 0, 0, 1, 1, 1, 0, 1, 0]",127.14,127.69,162.52,83.62,2463572.05
ETR,110.86,9,"[0, 1, 1, 1, 1, 1, 1, 1, 1, 1]",112.15,99.85,117.36,78.9,3335455.8
UI,562.82,5,"[0, 0, 0, 1, 1, 1, 1, 0, 1, 0]",779.41,684.06,1083.11,368.59,131659.45
CCJ,105.67,8,"[0, 0, 1, 1, 1, 1, 1, 1, 1, 1]",113.3,102.76,134.09,68.14,3289158.85
FER,68.73,10,"[1, 1, 1, 1, 1, 1, 1, 1, 1, 1]",68.32,64.95,73.66,49.27,1706750.2
ROK,458.69,10,"[1, 1, 1, 1, 1, 1, 1, 1, 1, 1]",433.27,390.41,466.31,316.91,640447.55
EA,203.02,10,"[1, 1, 1, 1, 1, 1, 1, 1, 1, 1]",202.04,198.77,204.4,147.21,1852303.3
ARGX,892.26,10,"[1, 1, 1, 1, 1, 1, 1, 1, 1, 1]",820.82,810.43,929.61,537.92,328581.6
DAL,82.25,10,"[1, 1, 1, 1, 1, 1, 1, 1, 1, 1]",73.8,66.28,84.07,46.64,7676439.15
EBAY,107.89,9,"[1, 1, 1, 1, 1, 1, 1, 1, 1, 0]",107.08,92.89,118.63,72.75,4391794.9
FERG,229.62,6,"[0, 0, 0, 1, 1, 1, 0, 1, 1, 1]",241.62,238.02,266.68,208.41,1459624.75
MT,65.03,10,"[1, 1, 1, 1, 1, 1, 1, 1, 1, 1]",63.38,50.44,71.65,29.63,2368847.95
WAB,271.86,10,"[1, 1, 1, 1, 1, 1, 1, 1, 1, 1]",263.59,230.26,272.12,184.98,822294.9
FNV,226.93,8,"[0, 0, 1, 1, 1, 1, 1, 1, 1, 1]",233.87,224.83,279.76,153.82,990996.25
FITB,52.58,10,"[1, 1, 1, 1, 1, 1, 1, 1, 1, 1]",50.23,46.9,54.73,37.44,7490554.45
XYZ,72.84,8,"[1, 1, 1, 1, 0, 0, 1, 1, 1, 1]",70.33,67.31,81.11,49.09,6137675.85
NBIS,280.91,10,"[1, 1, 1, 1, 1, 1, 1, 1, 1, 1]",193.96,123.94,280.91,44.3,17185521.5
RKT,13.22,2,"[0, 0, 0, 0, 0, 0, 0, 0, 1, 1]",14.36,17.26,23.44,12.35,25473065.0
VTR,82.15,8,"[0, 1, 1, 1, 1, 1, 1, 1, 1, 0]",85.23,78.66,90.35,60.78,3657002.9
CLS,380.37,9,"[0, 1, 1, 1, 1, 1, 1, 1, 1, 1]",384.47,312.39,472.4,135.23,2187669.05
CAH,226.28,9,"[1, 1, 1, 0, 1, 1, 1, 1, 1, 1]",203.6,196.34,229.32,144.85,2189631.95
TEVA,32.56,8,"[0, 1, 1, 1, 1, 1, 1, 1, 1, 0]",33.61,28.69,36.34,15.38,5998892.25
HPE,48.2,10,"[1, 1, 1, 1, 1, 1, 1, 1, 1, 1]",35.26,25.93,55.99,17.42,40893784.8
STT,171.1,10,"[1, 1, 1, 1, 1, 1, 1, 1, 1, 1]",153.6,129.2,171.29,96.59,1990721.85
ODFL,218.36,10,"[1, 1, 1, 1, 1, 1, 1, 1, 1, 1]",216.51,175.67,248.73,125.7,2004843.9
GFS,80.64,10,"[1, 1, 1, 1, 1, 1, 1, 1, 1, 1]",69.7,46.62,89.96,31.62,6279334.55
WDS,20.1,8,"[0, 1, 1, 1, 1, 1, 1, 1, 1, 0]",22.58,18.54,24.78,13.89,1115730.85
EME,827.5,8,"[0, 1, 1, 1, 1, 1, 1, 1, 1, 0]",854.52,723.83,943.75,484.1,349206.7
ON,112.92,10,"[1, 1, 1, 1, 1, 1, 1, 1, 1, 1]",104.53,68.14,133.93,44.9,11606009.0
GFI,38.89,4,"[0, 0, 0, 0, 1, 1, 1, 0, 1, 0]",42.42,43.43,59.77,22.22,3682533.85
ERIC,11.39,8,"[0, 1, 1, 1, 1, 1, 1, 1, 1, 0]",12.23,10.35,13.74,6.97,10536174.75
KB,106.41,9,"[0, 1, 1, 1, 1, 1, 1, 1, 1, 1]",106.61,94.87,118.21,77.06,256216.6
PUK,26.79,4,"[0, 0, 0, 0, 1, 1, 0, 1, 1, 0]",29.61,29.15,33.17,23.48,1615304.4
IRM,125.44,10,"[1, 1, 1, 1, 1, 1, 1, 1, 1, 1]",122.11,101.76,131.16,77.69,1285845.05
LYV,171.52,9,"[1, 1, 1, 1, 0, 1, 1, 1, 1, 1]",163.39,153.64,175.85,125.61,2345674.65
KGC,27.28,4,"[0, 0, 0, 0, 1, 1, 1, 0, 1, 0]",29.94,28.79,37.97,14.81,8438106.5
JBL,374.98,10,"[1, 1, 1, 1, 1, 1, 1, 1, 1, 1]",346.91,259.76,385.63,192.39,1240071.55
ADM,76.5,9,"[1, 1, 1, 1, 1, 1, 1, 1, 1, 0]",76.09,65.92,84.11,50.39,3406914.95
VOD,14.53,8,"[0, 1, 1, 1, 1, 1, 1, 1, 1, 0]",15.12,13.38,16.02,9.65,3156162.65
BBD,3.43,6,"[0, 0, 0, 1, 1, 1, 0, 1, 1, 1]",3.69,3.53,4.2,2.69,26642952.7
VIK,94.71,10,"[1, 1, 1, 1, 1, 1, 1, 1, 1, 1]",85.03,71.98,94.83,48.66,3191296.85
SATS,111.7,7,"[0, 0, 1, 1, 1, 1, 1, 1, 1, 0]",125.22,102.54,141.8,24.63,12016085.55
ESLT,821.82,9,"[0, 1, 1, 1, 1, 1, 1, 1, 1, 1]",838.3,674.01,1013.23,420.9,117459.3
UMC,21.76,10,"[1, 1, 1, 1, 1, 1, 1, 1, 1, 1]",16.22,10.38,23.08,6.58,17856138.2
ONC,262.68,1,"[0, 0, 0, 0, 0, 0, 0, 0, 1, 0]",296.37,318.66,377.47,240.99,285172.7
LVS,48.13,2,"[0, 0, 0, 0, 1, 0, 0, 0, 1, 0]",52.29,56.31,68.73,40.86,3953962.95
IX,39.63,10,"[1, 1, 1, 1, 1, 1, 1, 1, 1, 1]",35.48,30.42,39.92,21.25,360418.6
CRDO,249.33,9,"[1, 1, 1, 1, 0, 1, 1, 1, 1, 1]",194.1,152.87,264.76,84.57,9735647.0
ALAB,374.68,9,"[1, 1, 1, 1, 0, 1, 1, 1, 1, 1]",252.2,185.01,389.2,85.95,6084829.5
STLD,270.13,10,"[1, 1, 1, 1, 1, 1, 1, 1, 1, 1]",237.17,182.82,282.76,120.2,1125094.0
HAL,36.23,8,"[0, 1, 1, 1, 1, 1, 1, 1, 1, 0]",39.74,31.88,42.8,19.8,12017962.75
HUM,362.0,9,"[1, 1, 1, 1, 0, 1, 1, 1, 1, 1]",278.59,247.36,380.26,162.84,1228208.0
MTZ,374.91,8,"[0, 1, 1, 1, 1, 1, 1, 1, 1, 0]",382.84,272.53,437.51,163.71,1133813.1
UAL,115.83,9,"[1, 1, 1, 0, 1, 1, 1, 1, 1, 1]",100.47,102.19,119.97,74.27,5935993.55
ZM,87.39,6,"[0, 0, 1, 1, 1, 1, 0, 1, 1, 0]",96.94,87.19,111.88,69.77,4896858.9
TS,59.11,8,"[0, 1, 1, 1, 1, 1, 1, 1, 1, 0]",60.84,46.83,64.02,33.04,1386314.95
CASY,850.85,9,"[1, 1, 1, 1, 1, 1, 1, 1, 1, 0]",810.56,648.25,916.28,493.17,661148.4
TECK,65.76,10,"[1, 1, 1, 1, 1, 1, 1, 1, 1, 1]",61.67,50.66,70.46,31.1,3184245.45
SYM,40.17,1,"[0, 0, 0, 0, 0, 0, 0, 0, 1, 0]",52.35,58.08,87.3,32.2,2652316.85
EL,82.46,4,"[1, 0, 0, 0, 1, 0, 0, 0, 1, 1]",81.21,92.56,118.78,66.97,4087855.8
SHG,67.59,10,"[1, 1, 1, 1, 1, 1, 1, 1, 1, 1]",66.18,58.52,71.72,42.69,269363.05
Q,156.72,7,"[1, 1, 0, 1, 0, 0, 1, 1, 1, 1]",146.89,156.72,168.28,73.4,1716232.65
TWLO,188.11,9,"[1, 1, 1, 1, 1, 1, 1, 1, 1, 0]",178.72,135.43,236.64,92.44,2732154.75
RVMD,157.77,10,"[1, 1, 1, 1, 1, 1, 1, 1, 1, 1]",145.17,94.56,163.68,34.7,2872724.25
RDDT,165.95,4,"[1, 0, 0, 0, 0, 0, 1, 0, 1, 1]",160.66,187.96,270.71,121.84,5378793.05
IQV,170.67,1,"[0, 0, 0, 0, 0, 0, 0, 0, 1, 0]",173.36,195.4,244.29,154.61,1652607.45
NTRS,174.95,10,"[1, 1, 1, 1, 1, 1, 1, 1, 1, 1]",164.26,142.28,174.95,108.52,1111207.75
DOV,220.79,10,"[1, 1, 1, 1, 1, 1, 1, 1, 1, 1]",217.12,199.23,232.21,159.95,837204.6
RPRX,53.7,10,"[1, 1, 1, 1, 1, 1, 1, 1, 1, 1]",51.79,42.93,55.87,34.13,4115023.0
ASTS,85.43,6,"[0, 0, 1, 1, 1, 1, 1, 0, 1, 0]",88.74,80.3,133.09,36.91,27731456.85
BIIB,198.67,10,"[1, 1, 1, 1, 1, 1, 1, 1, 1, 1]",190.15,174.41,204.53,122.68,994472.5
VG,11.05,5,"[0, 1, 1, 1, 0, 0, 1, 0, 1, 0]",12.69,10.83,18.88,5.9,14251608.15
EXPE,239.47,7,"[1, 0, 0, 0, 1, 1, 1, 1, 1, 1]",235.61,239.63,300.02,161.19,1499785.25
CRCL,80.59,3,"[0, 0, 0, 1, 0, 0, 1, 0, 1, 0]",101.58,99.54,263.45,50.23,12939841.55
ARES,128.35,4,"[1, 0, 0, 0, 0, 0, 1, 0, 1, 1]",120.73,138.14,185.9,94.25,2313952.15
FTI,67.01,8,"[0, 1, 1, 1, 1, 1, 1, 1, 1, 0]",71.53,55.24,76.94,32.06,5927038.2
FTAI,277.31,10,"[1, 1, 1, 1, 1, 1, 1, 1, 1, 1]",249.18,219.58,308.99,108.92,967730.75
AXIA,10.3,6,"[0, 0, 0, 1, 1, 1, 1, 1, 1, 0]",11.49,10.68,13.43,6.29,2153884.25
CNC,60.64,10,"[1, 1, 1, 1, 1, 1, 1, 1, 1, 1]",53.27,41.89,66.21,25.21,4895496.45
NTRA,226.44,9,"[1, 1, 1, 0, 1, 1, 1, 1, 1, 1]",207.46,206.26,254.4,133.66,1324840.15
NVT,170.94,10,"[1, 1, 1, 1, 1, 1, 1, 1, 1, 1]",156.48,119.13,176.39,69.7,1781126.25
MTSI,367.11,10,"[1, 1, 1, 1, 1, 1, 1, 1, 1, 1]",331.66,220.05,409.68,118.35,1629795.55
TPL,354.48,4,"[0, 0, 0, 1, 1, 1, 0, 0, 1, 0]",404.47,370.23,538.97,272.83,442111.5
TPR,145.87,10,"[1, 1, 1, 1, 1, 1, 1, 1, 1, 1]",142.4,129.08,159.61,83.17,2495668.0
CFG,66.78,10,"[1, 1, 1, 1, 1, 1, 1, 1, 1, 1]",63.82,58.01,67.65,40.03,4353451.3
CW,777.29,10,"[1, 1, 1, 1, 1, 1, 1, 1, 1, 1]",730.85,630.76,777.29,462.08,278560.55
DOW,32.5,8,"[0, 1, 1, 1, 1, 1, 1, 1, 1, 0]",36.73,29.04,41.45,19.83,12141730.0
EIX,70.9,10,"[1, 1, 1, 1, 1, 1, 1, 1, 1, 1]",70.74,62.86,75.82,46.87,2301558.6
PKX,62.57,6,"[0, 0, 1, 1, 1, 1, 1, 0, 1, 0]",71.64,59.75,91.72,45.13,380700.9
BAP,386.94,10,"[1, 1, 1, 1, 1, 1, 1, 1, 1, 1]",327.48,293.45,386.94,206.38,672971.15
VRSN,264.92,6,"[0, 1, 1, 1, 0, 1, 0, 1, 1, 0]",282.47,257.37,310.0,210.93,787830.75
HUBB,508.87,10,"[1, 1, 1, 1, 1, 1, 1, 1, 1, 1]",501.66,468.83,556.18,389.98,709326.75
STRL,838.21,10,"[1, 1, 1, 1, 1, 1, 1, 1, 1, 1]",700.14,446.36,993.74,217.97,660534.4
EC,15.67,10,"[1, 1, 1, 1, 1, 1, 1, 1, 1, 1]",14.14,11.33,16.58,7.9,3111950.8
P,72.67,5,"[0, 1, 0, 1, 0, 1, 1, 0, 1, 0]",74.16,75.89,98.7,51.58,4165149.85
AER,144.12,10,"[1, 1, 1, 1, 1, 1, 1, 1, 1, 1]",141.11,136.4,153.99,106.41,1325237.45
PAAS,50.46,6,"[0, 0, 1, 1, 1, 1, 1, 0, 1, 0]",54.48,49.34,68.3,26.86,4658437.3
DG,108.69,3,"[0, 0, 0, 0, 1, 0, 0, 0, 1, 1]",112.68,120.11,155.5,95.08,4041357.2
VIV,12.96,5,"[0, 0, 0, 1, 1, 1, 0, 1, 1, 0]",14.32,13.23,16.42,10.22,1054209.15
SYF,74.11,8,"[1, 1, 1, 0, 1, 1, 0, 1, 1, 1]",73.18,73.73,87.76,60.44,3581069.6
ZS,124.38,1,"[0, 0, 0, 0, 0, 0, 0, 0, 1, 0]",141.0,212.33,336.27,118.05,7291150.4
SQM,82.99,9,"[0, 1, 1, 1, 1, 1, 1, 1, 1, 1]",84.94,67.74,94.63,31.72,1275077.45
BG,116.14,8,"[0, 1, 1, 1, 1, 1, 1, 1, 1, 0]",124.06,106.08,131.41,71.0,1802113.8
FMX,125.56,10,"[1, 1, 1, 1, 1, 1, 1, 1, 1, 1]",119.7,104.63,129.37,82.37,545210.3
MDB,334.69,9,"[1, 1, 1, 0, 1, 1, 1, 1, 1, 1]",300.5,332.46,440.6,201.0,2852626.15
XPO,201.79,8,"[0, 1, 1, 1, 1, 1, 1, 1, 1, 0]",214.05,169.5,228.37,118.79,1821344.3
ALB,166.56,8,"[0, 1, 1, 1, 1, 1, 1, 1, 1, 0]",181.11,145.04,215.07,55.9,2171676.85
UTHR,551.47,8,"[0, 1, 1, 1, 1, 1, 1, 1, 1, 0]",566.3,496.81,596.76,274.7,478780.7
FSLR,254.8,10,"[1, 1, 1, 1, 1, 1, 1, 1, 1, 1]",235.54,232.99,318.25,143.67,2993255.2
TSN,56.2,5,"[0, 0, 0, 1, 1, 1, 0, 1, 1, 0]",62.89,58.49,68.18,49.45,3631429.1
TSEM,267.13,10,"[1, 1, 1, 1, 1, 1, 1, 1, 1, 1]",237.84,142.11,288.53,39.48,1876574.6
RF,28.65,10,"[1, 1, 1, 1, 1, 1, 1, 1, 1, 1]",27.75,26.55,30.37,21.11,10891737.2
KEY,22.6,10,"[1, 1, 1, 1, 1, 1, 1, 1, 1, 1]",21.52,19.8,22.76,15.36,12116395.7
TEAM,84.39,3,"[1, 0, 0, 0, 0, 0, 1, 0, 1, 0]",83.27,120.32,220.89,57.15,5460638.25
LYB,61.81,8,"[0, 1, 1, 1, 1, 1, 1, 1, 1, 0]",69.72,55.93,81.53,40.28,5097238.85
JBHT,267.24,10,"[1, 1, 1, 1, 1, 1, 1, 1, 1, 1]",256.67,202.31,289.36,129.81,935189.5
SBAC,191.57,4,"[0, 0, 0, 1, 1, 0, 0, 1, 1, 0]",209.56,194.02,233.84,164.16,900602.3
WST,323.59,10,"[1, 1, 1, 1, 1, 1, 1, 1, 1, 1]",303.66,270.89,334.66,209.39,678479.3
CPAY,353.33,10,"[1, 1, 1, 1, 1, 1, 1, 1, 1, 1]",334.24,312.13,364.13,255.0,544975.7
ENTG,157.34,10,"[1, 1, 1, 1, 1, 1, 1, 1, 1, 1]",141.59,110.77,162.89,68.7,3137738.35
NMR,9.1,9,"[1, 1, 1, 0, 1, 1, 1, 1, 1, 1]",8.26,8.02,9.54,6.14,1574743.85
IHG,170.66,10,"[1, 1, 1, 1, 1, 1, 1, 1, 1, 1]",151.29,135.88,170.66,109.28,267493.65
FN,584.38,8,"[0, 1, 1, 1, 1, 1, 1, 1, 1, 0]",664.55,509.65,746.47,265.57,919131.25
SBS,5.38,6,"[0, 0, 0, 1, 1, 1, 1, 1, 1, 0]",6.13,5.4,7.08,3.81,6278776.55
WWD,434.83,10,"[1, 1, 1, 1, 1, 1, 1, 1, 1, 1]",371.36,323.19,434.83,236.67,783490.4
SITM,677.21,9,"[1, 1, 1, 1, 1, 1, 1, 1, 1, 0]",639.43,408.1,901.48,190.16,572986.65
INSM,98.45,1,"[0, 0, 0, 0, 0, 0, 0, 0, 1, 0]",120.68,153.83,211.41,91.88,3737345.45
BEKE,15.52,3,"[0, 0, 0, 1, 0, 0, 0, 1, 1, 0]",16.88,17.06,19.99,14.54,5282949.6
AKAM,127.86,9,"[1, 1, 1, 1, 1, 1, 1, 1, 1, 0]",126.28,98.85,161.14,70.53,4686473.55
PFG,110.22,10,"[1, 1, 1, 1, 1, 1, 1, 1, 1, 1]",100.68,89.15,111.17,72.85,1062631.4
RL,403.85,10,"[1, 1, 1, 1, 1, 1, 1, 1, 1, 1]",368.07,348.17,412.36,261.11,830489.8
ATI,196.86,10,"[1, 1, 1, 1, 1, 1, 1, 1, 1, 1]",166.45,126.45,199.5,71.34,1781878.1
MRNA,61.8,10,"[1, 1, 1, 1, 1, 1, 1, 1, 1, 1]",49.96,39.02,61.8,22.36,6017828.6
ILMN,159.09,10,"[1, 1, 1, 1, 1, 1, 1, 1, 1, 1]",143.89,126.39,170.93,90.26,1886399.0
AFRM,70.73,8,"[1, 1, 1, 1, 0, 0, 1, 1, 1, 1]",64.98,66.72,92.18,42.53,5010891.65
CRS,575.47,10,"[1, 1, 1, 1, 1, 1, 1, 1, 1, 1]",457.11,354.75,575.47,231.97,674991.2
SMCI,27.78,3,"[0, 0, 0, 1, 0, 0, 1, 0, 1, 0]",32.66,35.6,60.71,20.53,68506119.6
MKSI,371.26,10,"[1, 1, 1, 1, 1, 1, 1, 1, 1, 1]",303.78,209.11,375.32,89.14,1033337.5
IFF,76.05,9,"[1, 1, 1, 1, 1, 1, 0, 1, 1, 1]",74.35,69.37,82.93,58.84,2085846.95
EXPD,160.61,10,"[1, 1, 1, 1, 1, 1, 1, 1, 1, 1]",153.72,143.3,166.62,110.22,1323512.8
ROIV,31.2,10,"[1, 1, 1, 1, 1, 1, 1, 1, 1, 1]",29.06,23.46,32.41,10.74,6103546.35
DD,47.95,10,"[1, 1, 1, 1, 1, 1, 1, 1, 1, 1]",47.52,41.93,51.12,27.19,3338248.25
IREN,58.11,9,"[1, 1, 1, 1, 0, 1, 1, 1, 1, 1]",53.51,48.18,76.41,9.8,48418506.35
RGLD,218.42,4,"[0, 0, 0, 0, 1, 1, 1, 0, 1, 0]",234.25,227.64,303.74,150.48,683621.25
FUTU,96.64,1,"[0, 0, 0, 0, 0, 0, 0, 0, 1, 0]",131.7,155.03,195.9,89.76,7348979.1
ULS,94.11,8,"[0, 1, 1, 1, 1, 1, 1, 1, 1, 0]",95.25,82.05,104.74,62.21,719119.5
CHRW,185.2,10,"[1, 1, 1, 1, 1, 1, 1, 1, 1, 1]",177.11,162.33,199.22,91.19,1402674.5
LUV,46.66,9,"[1, 1, 1, 0, 1, 1, 1, 1, 1, 1]",40.8,38.97,54.33,28.52,6543027.25
DKS,224.83,9,"[1, 1, 1, 1, 0, 1, 1, 1, 1, 1]",219.52,211.56,231.83,169.58,1399123.3
VTRS,15.73,9,"[1, 1, 1, 1, 1, 1, 1, 1, 1, 0]",15.53,12.76,17.26,8.41,9268577.9
RCI,37.16,9,"[1, 1, 1, 0, 1, 1, 1, 1, 1, 1]",35.98,36.55,40.21,26.8,1115508.0
FFIV,384.88,9,"[1, 1, 1, 1, 0, 1, 1, 1, 1, 1]",353.18,298.95,409.13,223.99,637800.5
CX,12.6,8,"[1, 1, 1, 1, 1, 1, 0, 0, 1, 1]",12.52,11.26,,,4219686.3
INCY,98.99,8,"[1, 0, 1, 0, 1, 1, 1, 1, 1, 1]",98.12,96.74,110.57,67.26,1857534.85
KEP,13.19,3,"[0, 0, 0, 0, 1, 0, 0, 0, 1, 1]",14.04,16.04,23.26,10.38,1189721.4
APG,41.81,7,"[0, 0, 1, 1, 1, 1, 0, 1, 1, 1]",44.12,40.28,49.4,32.63,2814276.05
SNX,283.81,10,"[1, 1, 1, 1, 1, 1, 1, 1, 1, 1]",238.98,176.15,284.65,122.97,787181.45
CDE,17.53,5,"[0, 0, 0, 0, 1, 1, 1, 0, 1, 1]",18.44,18.88,27.12,8.67,26480666.25
RBC,625.73,10,"[1, 1, 1, 1, 1, 1, 1, 1, 1, 1]",591.72,496.55,625.73,369.71,268155.1
BURL,330.76,10,"[1, 1, 1, 1, 1, 1, 1, 1, 1, 1]",320.92,295.7,347.82,222.85,1080944.15
ROKU,137.29,10,"[1, 1, 1, 1, 1, 1, 1, 1, 1, 1]",121.7,104.82,143.66,79.98,5129840.35
AMKR,86.43,10,"[1, 1, 1, 1, 1, 1, 1, 1, 1, 1]",70.83,47.36,86.55,19.99,6292077.05
RS,404.11,10,"[1, 1, 1, 1, 1, 1, 1, 1, 1, 1]",365.37,312.71,413.43,262.77,332217.75
BWXT,203.07,9,"[0, 1, 1, 1, 1, 1, 1, 1, 1, 1]",208.57,195.97,238.1,135.69,902959.95
ZTO,22.23,7,"[0, 0, 1, 1, 1, 1, 1, 1, 1, 0]",24.01,21.72,25.88,16.79,1650630.85
NXT,123.31,8,"[0, 1, 1, 1, 1, 1, 1, 1, 1, 0]",125.16,103.68,156.4,53.8,2352741.5
ITT,191.07,7,"[0, 0, 1, 1, 1, 1, 0, 1, 1, 1]",203.52,188.04,221.24,149.46,760755.9
FTV,60.68,10,"[1, 1, 1, 1, 1, 1, 1, 1, 1, 1]",60.15,54.88,62.78,46.39,3349823.55
IONQ,54.69,8,"[1, 1, 1, 1, 0, 1, 1, 0, 1, 1]",51.88,49.22,82.09,26.59,31077663.2
AGI,37.31,5,"[0, 0, 0, 1, 1, 1, 1, 0, 1, 0]",41.42,39.26,55.22,24.25,3738567.55
BCH,40.25,10,"[1, 1, 1, 1, 1, 1, 1, 1, 1, 1]",37.98,35.75,43.7,25.75,349696.55
YPF,50.85,10,"[1, 1, 1, 1, 1, 1, 1, 1, 1, 1]",47.11,37.69,56.35,23.57,2117612.2
CF,105.85,8,"[0, 1, 1, 1, 1, 1, 1, 1, 1, 0]",118.69,98.11,137.04,75.38,2795736.6
MGA,64.89,10,"[1, 1, 1, 1, 1, 1, 1, 1, 1, 1]",62.41,54.08,68.15,36.23,1090830.7
TLN,409.81,8,"[1, 1, 1, 1, 0, 0, 1, 1, 1, 1]",362.54,371.7,445.84,264.0,823644.9
LSCC,139.86,10,"[1, 1, 1, 1, 1, 1, 1, 1, 1, 1]",128.73,91.46,154.6,48.73,1991236.7
WMG,28.52,3,"[0, 0, 0, 1, 0, 0, 0, 1, 1, 0]",30.34,29.75,34.56,23.52,2498734.9
CIB,79.94,10,"[1, 1, 1, 1, 1, 1, 1, 1, 1, 1]",70.96,65.42,83.05,41.87,471917.65
WCC,351.88,10,"[1, 1, 1, 1, 1, 1, 1, 1, 1, 1]",341.3,276.78,373.98,175.45,482534.3
JBS,12.22,3,"[0, 0, 0, 1, 1, 0, 0, 0, 1, 0]",14.09,13.82,17.05,11.6,9112116.05
WSO,384.38,6,"[0, 1, 1, 1, 1, 0, 0, 1, 1, 0]",403.18,378.14,478.22,318.41,355660.4
DOCN,177.81,10,"[1, 1, 1, 1, 1, 1, 1, 1, 1, 1]",135.94,72.75,181.29,25.74,2852945.3
EWBC,127.26,10,"[1, 1, 1, 1, 1, 1, 1, 1, 1, 1]",122.59,111.46,132.63,91.26,818565.2
AA,61.73,7,"[0, 1, 1, 1, 1, 1, 1, 0, 1, 0]",68.47,53.61,83.79,27.6,5035694.75
PR,18.56,8,"[0, 1, 1, 1, 1, 1, 1, 1, 1, 0]",20.06,16.2,22.33,11.76,9543752.05
NVMI,554.42,10,"[1, 1, 1, 1, 1, 1, 1, 1, 1, 1]",515.87,405.53,605.65,231.17,464109.65
RTO,29.02,6,"[0, 0, 0, 1, 1, 1, 1, 1, 1, 0]",32.14,29.54,34.52,22.29,933132.65
OWL,9.49,2,"[0, 0, 0, 0, 0, 0, 0, 0, 1, 1]",9.58,12.68,19.42,8.04,23572743.3
OVV,53.61,8,"[0, 1, 1, 1, 1, 1, 1, 1, 1, 0]",57.24,46.57,62.75,35.32,2891005.9
TTMI,202.7,10,"[1, 1, 1, 1, 1, 1, 1, 1, 1, 1]",159.48,97.07,206.66,36.69,2594147.35
BEN,33.29,10,"[1, 1, 1, 1, 1, 1, 1, 1, 1, 1]",29.94,25.29,33.29,20.59,4068706.9
IEX,223.69,10,"[1, 1, 1, 1, 1, 1, 1, 1, 1, 1]",210.53,187.46,223.81,155.73,650651.85
LAMR,149.1,10,"[1, 1, 1, 1, 1, 1, 1, 1, 1, 1]",143.04,128.72,156.29,109.47,505945.85
VNOM,43.36,7,"[0, 1, 1, 1, 1, 1, 0, 1, 1, 0]",46.33,40.88,50.23,34.57,1812281.3
GNRC,268.2,10,"[1, 1, 1, 1, 1, 1, 1, 1, 1, 1]",249.31,195.13,285.31,125.52,856751.85
NDSN,290.22,10,"[1, 1, 1, 1, 1, 1, 1, 1, 1, 1]",282.83,257.92,298.37,207.12,433788.05
SN,133.56,10,"[1, 1, 1, 1, 1, 1, 1, 1, 1, 1]",117.22,110.5,136.28,84.57,2117090.1
H,201.88,10,"[1, 1, 1, 1, 1, 1, 1, 1, 1, 1]",173.94,158.55,201.88,131.23,963659.8
BALL,57.72,8,"[0, 1, 1, 1, 1, 1, 0, 1, 1, 1]",58.25,54.98,67.31,45.92,3027865.65
MLI,138.33,10,"[1, 1, 1, 1, 1, 1, 1, 1, 1, 1]",132.24,116.13,140.46,72.0,552923.8
LOGI,105.94,8,"[1, 1, 1, 1, 0, 1, 0, 1, 1, 1]",105.08,103.51,126.69,82.47,1157342.9
CLH,287.25,8,"[0, 1, 1, 1, 1, 1, 1, 1, 1, 0]",295.32,260.92,313.7,201.73,499657.45
GMAB,25.39,2,"[0, 0, 0, 0, 0, 1, 0, 0, 1, 0]",26.58,29.27,35.34,20.3,1770160.9
PAA,21.58,8,"[0, 1, 1, 1, 1, 1, 1, 1, 1, 0]",22.18,18.93,24.15,14.89,2537125.5
NBIX,159.0,8,"[1, 1, 1, 1, 0, 1, 0, 1, 1, 1]",147.05,141.2,167.35,123.1,1111155.6
HST,24.62,10,"[1, 1, 1, 1, 1, 1, 1, 1, 1, 1]",22.19,18.81,24.9,14.65,9130931.85
JLL,298.31,5,"[0, 0, 0, 0, 1, 1, 0, 1, 1, 1]",312.14,315.41,358.66,237.44,366141.95
ASND,231.15,8,"[0, 1, 1, 1, 1, 1, 1, 1, 1, 0]",231.81,217.67,249.84,163.32,587383.55
LECO,269.57,10,"[1, 1, 1, 1, 1, 1, 1, 1, 1, 1]",261.84,251.78,297.91,198.43,347742.6
OKTA,113.03,9,"[1, 1, 1, 1, 0, 1, 1, 1, 1, 1]",90.59,87.08,139.79,62.93,4927089.65
HTHT,43.63,5,"[0, 0, 0, 0, 1, 1, 1, 1, 1, 0]",47.71,45.42,54.63,29.07,2584991.2
DTM,140.91,9,"[1, 1, 1, 1, 1, 1, 1, 1, 1, 0]",140.32,124.25,150.19,96.52,630116.6
MOD,283.88,10,"[1, 1, 1, 1, 1, 1, 1, 1, 1, 1]",265.22,190.9,306.89,90.02,1438242.55
RRX,221.52,10,"[1, 1, 1, 1, 1, 1, 1, 1, 1, 1]",208.18,172.62,231.37,128.18,898803.1
BSAC,32.82,10,"[1, 1, 1, 1, 1, 1, 1, 1, 1, 1]",31.72,29.85,35.69,21.8,422545.7
JAZZ,226.93,9,"[1, 1, 1, 1, 1, 1, 1, 1, 1, 0]",219.68,174.57,240.06,105.93,874358.05
ONTO,318.92,10,"[1, 1, 1, 1, 1, 1, 1, 1, 1, 1]",279.21,194.31,335.96,90.0,1199879.1
OHI,44.64,7,"[0, 0, 1, 1, 1, 1, 1, 1, 1, 0]",46.14,43.61,48.99,34.1,2533653.75
SMMT,14.07,2,"[0, 0, 0, 1, 0, 0, 0, 0, 1, 0]",18.19,18.01,29.32,13.05,6893989.25
RMBS,130.1,9,"[0, 1, 1, 1, 1, 1, 1, 1, 1, 1]",133.33,106.68,170.66,59.38,2573008.95
AUR,6.05,6,"[0, 1, 1, 1, 0, 1, 1, 0, 1, 0]",6.22,5.06,8.4,3.77,31731114.1
NIO,5.05,4,"[0, 0, 0, 1, 0, 1, 1, 0, 1, 0]",5.93,5.83,7.89,3.41,43546506.55
HAS,83.47,5,"[0, 0, 0, 1, 1, 1, 0, 1, 1, 0]",90.39,85.01,104.36,65.72,2071007.0
LTM,54.54,9,"[1, 1, 1, 0, 1, 1, 1, 1, 1, 1]",50.67,50.96,68.29,37.74,817722.9
SUN,62.82,8,"[0, 1, 1, 1, 1, 1, 1, 1, 1, 0]",66.38,57.33,72.2,46.14,361266.0
QXO,16.56,3,"[0, 0, 0, 0, 1, 0, 0, 0, 1, 1]",18.78,20.34,27.07,15.06,16238612.3
AEIS,353.32,10,"[1, 1, 1, 1, 1, 1, 1, 1, 1, 1]",348.23,264.07,388.93,128.4,951338.35
ALLY,45.5,9,"[1, 1, 1, 1, 1, 1, 0, 1, 1, 1]",43.12,41.29,46.41,35.72,3431270.45
PL,28.22,7,"[0, 1, 1, 1, 1, 1, 1, 0, 1, 0]",38.51,23.74,51.4,5.03,16277082.95
EVR,367.04,10,"[1, 1, 1, 1, 1, 1, 1, 1, 1, 1]",342.69,328.57,381.16,242.02,368371.9
SKM,36.06,8,"[0, 1, 1, 1, 1, 1, 1, 1, 1, 0]",38.12,27.4,46.0,19.68,3294306.05
TIGO,88.93,10,"[1, 1, 1, 1, 1, 1, 1, 1, 1, 1]",83.96,62.14,93.77,32.46,2339602.85
SANM,242.77,10,"[1, 1, 1, 1, 1, 1, 1, 1, 1, 1]",221.8,162.42,282.72,89.85,799146.0
IESC,685.18,10,"[1, 1, 1, 1, 1, 1, 1, 1, 1, 1]",644.71,478.5,749.83,273.13,194770.05
BBIO,67.39,6,"[0, 0, 0, 0, 1, 1, 1, 1, 1, 1]",69.82,67.47,79.91,40.0,2736202.05
TOL,149.66,9,"[1, 1, 1, 0, 1, 1, 1, 1, 1, 1]",139.99,140.39,165.81,104.64,1186966.45
DINO,65.91,8,"[0, 1, 1, 1, 1, 1, 1, 1, 1, 0]",66.62,55.66,73.99,39.47,2059161.5
NYT,74.46,8,"[0, 1, 1, 1, 1, 1, 1, 1, 1, 0]",77.38,69.86,85.86,50.99,1609251.15
DY,461.38,10,"[1, 1, 1, 1, 1, 1, 1, 1, 1, 1]",436.59,359.5,535.2,232.83,572379.0
RBRK,69.24,6,"[1, 1, 1, 0, 0, 0, 1, 0, 1, 1]",62.12,67.27,98.5,43.81,4518189.5
DVA,210.58,10,"[1, 1, 1, 1, 1, 1, 1, 1, 1, 1]",179.12,141.98,210.58,103.87,788847.4
GH,129.11,10,"[1, 1, 1, 1, 1, 1, 1, 1, 1, 1]",105.01,93.58,133.22,40.98,2590115.95
PEN,316.16,7,"[0, 0, 1, 1, 1, 1, 1, 1, 1, 0]",324.72,307.23,359.4,225.54,420597.05
BMNR,15.7,2,"[0, 0, 0, 0, 0, 0, 1, 0, 1, 0]",20.07,30.88,134.96,4.26,36718463.05
SWK,82.47,10,"[1, 1, 1, 1, 1, 1, 1, 1, 1, 1]",76.6,74.17,89.99,60.08,1409121.0
ENLT,80.53,7,"[0, 1, 1, 1, 1, 1, 1, 0, 1, 0]",89.59,58.29,107.42,20.5,260794.35
OKLO,58.82,2,"[0, 0, 0, 0, 0, 0, 0, 0, 1, 1]",64.82,85.1,174.14,45.58,13869361.9
BWA,70.54,10,"[1, 1, 1, 1, 1, 1, 1, 1, 1, 1]",63.13,51.31,77.03,32.32,3585871.85
APA,33.93,8,"[0, 1, 1, 1, 1, 1, 1, 1, 1, 0]",37.79,29.44,44.09,17.09,5122232.3
IONS,74.31,6,"[0, 0, 0, 0, 1, 1, 1, 1, 1, 1]",74.91,74.92,86.5,37.01,1696985.65
HL,16.06,4,"[0, 0, 0, 0, 1, 1, 1, 0, 1, 0]",17.78,17.71,31.8,5.58,19430753.1
HII,296.89,4,"[0, 0, 0, 0, 1, 1, 1, 0, 1, 0]",336.35,343.68,451.78,227.78,481725.4
SOLS,85.14,7,"[1, 1, 0, 1, 0, 0, 1, 1, 1, 1]",82.36,85.14,88.49,41.35,1637854.6
FIVE,191.26,7,"[0, 0, 1, 1, 1, 1, 1, 1, 1, 0]",218.56,190.96,247.71,123.18,1654378.7
U,26.47,3,"[0, 0, 0, 0, 0, 0, 1, 0, 1, 1]",26.79,33.22,49.47,17.13,9459788.85
IVZ,28.79,10,"[1, 1, 1, 1, 1, 1, 1, 1, 1, 1]",26.59,24.95,29.2,14.22,4701838.8
NTNX,46.47,4,"[1, 1, 0, 0, 0, 0, 1, 0, 1, 0]",45.12,52.39,81.12,34.41,4707648.1
MEDP,457.09,4,"[1, 0, 0, 0, 0, 0, 1, 0, 1, 1]",452.16,512.53,620.59,302.69,271463.1
EXEL,52.44,10,"[1, 1, 1, 1, 1, 1, 1, 1, 1, 1]",48.37,43.41,53.5,34.54,2269997.95
ALGN,173.53,9,"[0, 1, 1, 1, 1, 1, 1, 1, 1, 1]",173.75,159.95,207.19,124.88,1018270.05
BLD,410.89,4,"[0, 0, 0, 0, 1, 0, 1, 0, 1, 1]",417.93,428.75,550.9,297.97,791615.55
WLK,83.48,5,"[0, 0, 0, 1, 1, 1, 1, 0, 1, 0]",98.85,87.45,122.65,55.28,861588.2
SAIA,425.86,8,"[0, 1, 1, 1, 1, 1, 1, 1, 1, 0]",446.97,359.06,487.14,250.48,437383.35
MP,60.84,5,"[0, 1, 0, 1, 0, 0, 1, 0, 1, 1]",62.34,62.21,98.65,30.03,6348091.05
VIAV,48.73,9,"[1, 1, 1, 1, 1, 1, 1, 1, 1, 0]",48.62,27.39,55.33,9.34,6850832.6
AAOI,167.34,8,"[0, 1, 1, 1, 1, 1, 1, 1, 1, 0]",169.25,76.2,223.1,19.49,13506159.35
PINS,20.36,4,"[1, 0, 0, 0, 0, 0, 1, 0, 1, 1]",20.21,24.72,39.17,15.42,21116992.15
AIZ,262.13,10,"[1, 1, 1, 1, 1, 1, 1, 1, 1, 1]",241.65,226.73,262.13,181.8,405792.0
WBS,75.01,10,"[1, 1, 1, 1, 1, 1, 1, 1, 1, 1]",72.27,65.21,75.01,50.28,4008825.15
ELAN,23.39,9,"[1, 1, 1, 0, 1, 1, 1, 1, 1, 1]",22.96,22.59,26.84,13.33,6040698.65
GLXY,33.04,9,"[1, 1, 1, 1, 0, 1, 1, 1, 1, 1]",28.27,27.71,42.86,16.84,7154715.4
APLD,45.57,10,"[1, 1, 1, 1, 1, 1, 1, 1, 1, 1]",39.18,31.06,49.65,9.18,22462013.05
MDGL,499.86,6,"[0, 0, 1, 0, 1, 1, 1, 1, 1, 0]",510.07,493.04,602.83,277.64,269998.35
VICR,325.17,10,"[1, 1, 1, 1, 1, 1, 1, 1, 1, 1]",270.79,153.86,345.84,43.83,723840.1
COKE,183.64,9,"[0, 1, 1, 1, 1, 1, 1, 1, 1, 1]",185.63,162.79,216.63,105.44,500679.25
LFUS,466.44,10,"[1, 1, 1, 1, 1, 1, 1, 1, 1, 1]",434.27,322.44,487.9,216.99,298233.35
FORM,139.95,10,"[1, 1, 1, 1, 1, 1, 1, 1, 1, 1]",132.76,81.05,155.08,27.62,1519889.75
AAON,133.36,10,"[1, 1, 1, 1, 1, 1, 1, 1, 1, 1]",117.66,97.18,148.15,71.48,1003645.95
TFII,144.58,10,"[1, 1, 1, 1, 1, 1, 1, 1, 1, 1]",142.88,111.31,163.36,80.35,456704.55
AIT,329.89,10,"[1, 1, 1, 1, 1, 1, 1, 1, 1, 1]",304.72,273.35,329.89,223.04,245833.1
SMTC,150.2,10,"[1, 1, 1, 1, 1, 1, 1, 1, 1, 1]",129.81,88.34,174.3,41.06,3802059.8
WULF,27.86,10,"[1, 1, 1, 1, 1, 1, 1, 1, 1, 1]",22.98,15.98,28.17,3.57,26818716.85
POWL,294.03,10,"[1, 1, 1, 1, 1, 1, 1, 1, 1, 1]",274.3,168.09,321.94,58.31,538015.45
TIMB,20.99,5,"[0, 0, 0, 1, 1, 1, 0, 1, 1, 0]",24.0,23.16,27.96,17.55,283140.15
AXSM,252.16,10,"[1, 1, 1, 1, 1, 1, 1, 1, 1, 1]",216.48,167.49,255.17,100.39,673677.8
WMS,139.16,4,"[0, 0, 0, 0, 1, 0, 0, 1, 1, 1]",141.96,146.41,174.94,110.35,1123410.05
HMY,17.1,6,"[1, 0, 0, 0, 1, 1, 1, 0, 1, 1]",16.76,17.92,25.55,12.37,4555585.6
HUT,118.88,10,"[1, 1, 1, 1, 1, 1, 1, 1, 1, 1]",97.13,59.3,133.02,15.89,4011024.9
IAG,17.58,7,"[1, 0, 1, 0, 1, 1, 1, 0, 1, 1]",17.55,16.49,24.57,6.74,5979526.15
CGNX,64.77,10,"[1, 1, 1, 1, 1, 1, 1, 1, 1, 1]",60.49,47.93,68.33,29.41,2076413.4
KTOS,56.16,3,"[0, 0, 0, 0, 0, 0, 1, 0, 1, 1]",61.49,80.07,130.72,40.77,4509498.45
JEF,61.88,7,"[1, 1, 1, 0, 0, 0, 1, 1, 1, 1]",51.5,54.16,68.8,35.74,1652040.7
AG,18.55,6,"[0, 0, 1, 1, 1, 1, 1, 0, 1, 0]",20.11,18.03,31.98,7.82,11876761.8
EMBJ,61.31,6,"[1, 0, 0, 0, 1, 1, 0, 1, 1, 1]",61.13,63.67,79.88,47.38,1529303.85
ESI,45.25,10,"[1, 1, 1, 1, 1, 1, 1, 1, 1, 1]",41.17,31.46,45.25,21.15,2545800.15
JOBY,9.39,1,"[0, 0, 0, 0, 0, 0, 0, 0, 1, 0]",9.83,12.51,20.39,7.94,32621598.0
MUSA,571.87,10,"[1, 1, 1, 1, 1, 1, 1, 1, 1, 1]",546.39,439.89,622.53,355.19,316188.15
BTSG,64.43,10,"[1, 1, 1, 1, 1, 1, 1, 1, 1, 1]",54.5,40.31,64.43,19.36,3416613.05
GSAT,80.01,8,"[0, 1, 1, 1, 1, 1, 1, 1, 1, 0]",81.08,61.54,84.43,23.14,1416705.45
GMED,75.42,5,"[0, 0, 0, 0, 1, 1, 1, 1, 1, 0]",85.22,80.81,96.82,51.89,1725138.9
BEP,34.24,9,"[0, 1, 1, 1, 1, 1, 1, 1, 1, 1]",34.51,29.81,37.09,23.77,861699.8
KNX,73.01,10,"[1, 1, 1, 1, 1, 1, 1, 1, 1, 1]",68.92,54.99,82.45,38.58,4671959.65
ALSN,118.86,9,"[0, 1, 1, 1, 1, 1, 1, 1, 1, 1]",121.91,104.33,135.66,78.62,891731.45
SNAP,4.74,1,"[0, 0, 0, 0, 0, 0, 0, 0, 1, 0]",5.68,6.66,10.35,3.93,43702863.75
ARWR,81.04,10,"[1, 1, 1, 1, 1, 1, 1, 1, 1, 1]",73.79,57.84,81.04,14.71,1493476.3
WTFC,153.96,10,"[1, 1, 1, 1, 1, 1, 1, 1, 1, 1]",149.64,140.42,160.74,116.92,420500.0
AES,14.61,10,"[1, 1, 1, 1, 1, 1, 1, 1, 1, 1]",14.47,14.07,17.07,9.65,8582076.4
SPXC,235.29,10,"[1, 1, 1, 1, 1, 1, 1, 1, 1, 1]",216.98,208.61,243.04,154.42,656898.65
VFS,3.04,3,"[0, 0, 0, 1, 1, 0, 0, 0, 1, 0]",3.83,3.45,4.76,2.81,562553.85
AHR,46.52,6,"[0, 0, 0, 1, 1, 1, 1, 1, 1, 0]",49.15,47.34,52.91,34.91,2785586.5
DAR,53.79,8,"[0, 1, 1, 1, 1, 1, 1, 1, 1, 0]",60.41,45.56,64.84,29.74,1983443.2
FCFS,224.13,9,"[1, 1, 1, 1, 1, 1, 1, 1, 1, 0]",218.39,179.13,232.57,118.91,426445.05
UMBF,132.57,10,"[1, 1, 1, 1, 1, 1, 1, 1, 1, 1]",127.33,119.07,135.37,98.1,606762.1
ARW,225.99,10,"[1, 1, 1, 1, 1, 1, 1, 1, 1, 1]",199.96,144.1,229.35,101.87,611212.0
MOG-A,411.37,10,"[1, 1, 1, 1, 1, 1, 1, 1, 1, 1]",333.17,273.32,411.37,173.2,320202.7
HBM,28.17,10,"[1, 1, 1, 1, 1, 1, 1, 1, 1, 1]",25.65,20.81,31.86,9.05,6252876.95
GTLS,206.9,8,"[0, 1, 1, 1, 1, 1, 1, 1, 1, 0]",207.6,205.0,208.4,142.58,1304893.85
MGM,46.94,10,"[1, 1, 1, 1, 1, 1, 1, 1, 1, 1]",40.93,36.46,50.69,30.72,5942106.6
VMI,565.31,10,"[1, 1, 1, 1, 1, 1, 1, 1, 1, 1]",499.27,434.94,565.31,316.26,237943.75
ABVX,100.15,4,"[0, 0, 0, 0, 1, 1, 1, 0, 1, 0]",114.73,110.89,145.31,5.97,3059579.1
CTRE,36.38,5,"[0, 0, 0, 1, 1, 1, 0, 1, 1, 0]",39.39,36.94,42.44,28.69,2797449.55
MOH,195.53,8,"[1, 1, 1, 1, 0, 1, 1, 0, 1, 1]",179.64,167.93,306.29,122.65,953726.3
BPOP,158.73,10,"[1, 1, 1, 1, 1, 1, 1, 1, 1, 1]",149.12,130.75,160.95,101.42,492300.9
SNEX,132.66,10,"[1, 1, 1, 1, 1, 1, 1, 1, 1, 1]",111.64,79.68,135.73,54.63,795021.25
CYTK,78.11,10,"[1, 1, 1, 1, 1, 1, 1, 1, 1, 1]",70.67,63.57,78.77,32.43,1867192.2
VSAT,64.55,7,"[0, 1, 1, 1, 1, 1, 1, 0, 1, 0]",67.15,45.99,86.69,12.83,3212226.7
ICLR,143.27,5,"[1, 1, 0, 0, 0, 0, 1, 0, 1, 1]",123.7,149.87,202.92,80.08,1167462.85
AGX,719.52,10,"[1, 1, 1, 1, 1, 1, 1, 1, 1, 1]",656.83,426.66,740.91,201.37,356366.75
CAMT,178.14,9,"[0, 1, 1, 1, 1, 1, 1, 1, 1, 1]",179.74,139.88,207.46,73.95,457278.85
SBSW,10.15,4,"[0, 0, 0, 0, 1, 1, 1, 0, 1, 0]",12.04,12.6,20.52,6.72,5311134.5
MASI,179.95,10,"[1, 1, 1, 1, 1, 1, 1, 1, 1, 1]",178.68,156.41,179.95,127.4,897116.25
ELPC,11.26,8,"[0, 1, 1, 1, 1, 1, 1, 1, 1, 0]",12.22,10.39,13.39,7.32,322503.45
TTC,90.87,7,"[0, 1, 1, 1, 1, 1, 0, 0, 1, 1]",92.26,84.87,,,1129914.95
R,266.1,10,"[1, 1, 1, 1, 1, 1, 1, 1, 1, 1]",243.74,202.58,280.34,147.44,397233.85
CAVA,88.05,10,"[1, 1, 1, 1, 1, 1, 1, 1, 1, 1]",84.33,69.5,97.39,43.59,3370751.6
PRAX,270.01,7,"[0, 0, 1, 1, 1, 1, 1, 1, 1, 0]",316.78,244.12,357.13,37.71,515972.7
ZION,66.15,10,"[1, 1, 1, 1, 1, 1, 1, 1, 1, 1]",62.3,57.51,67.25,45.85,1546472.2
SIRI,27.93,10,"[1, 1, 1, 1, 1, 1, 1, 1, 1, 1]",26.78,22.67,29.87,19.47,6603598.85
RIOT,27.43,9,"[1, 1, 1, 1, 0, 1, 1, 1, 1, 1]",22.41,17.74,28.25,9.27,15317664.95
FLS,78.93,10,"[1, 1, 1, 1, 1, 1, 1, 1, 1, 1]",75.99,70.81,91.76,45.36,2004307.3
ALGM,53.98,10,"[1, 1, 1, 1, 1, 1, 1, 1, 1, 1]",45.66,34.59,55.0,22.8,2361855.45
GDS,32.96,4,"[0, 0, 0, 1, 1, 1, 0, 0, 1, 0]",39.79,38.8,47.52,27.05,3074291.05
KRYS,341.66,10,"[1, 1, 1, 1, 1, 1, 1, 1, 1, 1]",292.35,243.19,341.66,132.09,265226.7
EGO,34.11,7,"[1, 0, 1, 0, 1, 1, 1, 0, 1, 1]",32.44,33.61,49.52,19.67,2756056.9
GGB,4.49,8,"[0, 1, 1, 1, 1, 1, 1, 1, 1, 0]",4.53,3.82,4.89,2.78,18188971.8
MXL,82.87,9,"[1, 1, 1, 1, 1, 1, 1, 1, 1, 0]",70.52,30.37,102.27,13.05,4375438.95
IBRX,6.99,7,"[0, 1, 1, 1, 1, 1, 1, 0, 1, 0]",7.54,5.11,11.55,1.98,13870735.75
AAL,15.42,9,"[1, 1, 1, 0, 1, 1, 1, 1, 1, 1]",12.98,13.13,16.26,10.18,106831769.0
DDS,558.79,6,"[0, 0, 0, 0, 1, 1, 1, 1, 1, 1]",580.32,600.76,699.91,381.33,119850.75
FRO,38.85,10,"[1, 1, 1, 1, 1, 1, 1, 1, 1, 1]",35.11,27.37,39.43,15.24,3444572.1
CRUS,160.27,8,"[0, 1, 1, 1, 1, 1, 1, 1, 1, 0]",166.32,137.54,178.9,97.25,521185.9
BVN,34.24,10,"[1, 1, 1, 1, 1, 1, 1, 1, 1, 1]",34.07,29.84,42.44,15.55,1213230.95
W,81.59,4,"[1, 0, 0, 0, 0, 0, 1, 0, 1, 1]",71.01,86.61,119.05,48.87,4058247.7
LUMN,8.1,6,"[0, 0, 1, 1, 1, 1, 1, 0, 1, 0]",9.04,7.93,11.83,3.7,13099745.45
LLYVK,99.38,8,"[1, 1, 1, 1, 0, 1, 0, 1, 1, 1]",96.92,91.38,101.94,77.33,482201.85
LLYVA,95.57,8,"[1, 1, 1, 1, 0, 1, 0, 1, 1, 1]",94.24,88.89,98.96,74.85,375677.35
LEVI,23.39,9,"[1, 1, 1, 1, 0, 1, 1, 1, 1, 1]",22.53,21.34,24.24,17.14,2294603.3
COLB,30.05,10,"[1, 1, 1, 1, 1, 1, 1, 1, 1, 1]",29.28,27.55,31.63,21.18,2775596.65
OSK,137.75,4,"[0, 0, 0, 0, 1, 0, 0, 1, 1, 1]",138.98,139.65,177.15,107.0,700948.05
MTCH,35.31,5,"[0, 1, 1, 1, 0, 0, 0, 1, 1, 0]",35.61,33.22,38.67,28.72,2809412.55
FR,60.7,8,"[0, 1, 1, 1, 1, 1, 1, 1, 1, 0]",62.01,57.53,64.4,46.4,1018555.15
CRL,182.34,8,"[1, 1, 1, 0, 1, 1, 0, 1, 1, 1]",174.36,177.89,226.77,145.29,803065.35
FROG,81.35,10,"[1, 1, 1, 1, 1, 1, 1, 1, 1, 1]",63.3,55.17,88.31,34.75,2405606.45
ZWS,48.37,9,"[0, 1, 1, 1, 1, 1, 1, 1, 1, 1]",48.93,47.44,52.67,35.05,823693.35
SIMO,307.12,10,"[1, 1, 1, 1, 1, 1, 1, 1, 1, 1]",225.95,133.96,307.12,68.7,1022148.8
ENS,227.68,10,"[1, 1, 1, 1, 1, 1, 1, 1, 1, 1]",218.89,163.72,243.34,82.33,539470.1
PRMB,23.7,8,"[1, 1, 1, 1, 0, 0, 1, 1, 1, 1]",22.01,19.95,30.06,14.21,3472420.3
EMN,72.12,9,"[0, 1, 1, 1, 1, 1, 1, 1, 1, 1]",72.75,66.9,79.49,54.37,1146971.3
CIFR,26.35,10,"[1, 1, 1, 1, 1, 1, 1, 1, 1, 1]",20.87,17.11,26.35,3.53,24146486.75
QBTS,22.92,6,"[1, 1, 0, 0, 0, 1, 1, 0, 1, 1]",22.28,23.82,44.78,12.98,45912906.15
ECG,154.25,10,"[1, 1, 1, 1, 1, 1, 1, 1, 1, 1]",146.25,107.53,169.16,59.18,533536.55
NUVL,123.36,10,"[1, 1, 1, 1, 1, 1, 1, 1, 1, 1]",105.27,99.44,123.45,72.16,4742669.25
FIGR,27.4,2,"[0, 0, 0, 0, 1, 0, 0, 0, 1, 0]",34.35,27.4,73.91,25.28,3425225.9
ICL,5.24,2,"[0, 0, 0, 1, 0, 0, 0, 0, 1, 0]",5.79,5.61,7.19,4.72,1219897.55
TKR,139.4,10,"[1, 1, 1, 1, 1, 1, 1, 1, 1, 1]",118.26,94.91,140.28,69.48,1161345.3
SSL,10.74,8,"[0, 1, 1, 1, 1, 1, 1, 1, 1, 0]",12.99,8.89,14.29,4.39,1595458.55
KRMN,52.03,3,"[0, 0, 0, 0, 1, 1, 0, 0, 1, 0]",65.85,77.46,115.29,44.91,3720476.8
BOKF,130.84,9,"[0, 1, 1, 1, 1, 1, 1, 1, 1, 1]",131.39,121.3,137.45,90.63,260902.35
NXE,10.49,7,"[0, 0, 1, 1, 1, 1, 1, 1, 1, 0]",11.57,10.46,13.92,6.43,6204660.45
NE,43.03,8,"[0, 1, 1, 1, 1, 1, 1, 1, 1, 0]",48.52,37.48,53.79,24.34,1214995.5
AMG,355.67,10,"[1, 1, 1, 1, 1, 1, 1, 1, 1, 1]",307.75,281.74,357.5,183.42,354461.55
IDA,141.95,7,"[0, 1, 1, 1, 1, 1, 0, 1, 1, 0]",142.99,134.11,147.93,110.53,532148.3
JHG,51.75,9,"[1, 1, 1, 1, 1, 1, 1, 1, 1, 0]",51.68,47.8,53.21,35.97,1920441.65
VIRT,60.67,10,"[1, 1, 1, 1, 1, 1, 1, 1, 1, 1]",51.52,40.18,60.67,31.82,1191164.45
MSGS,361.78,10,"[1, 1, 1, 1, 1, 1, 1, 1, 1, 1]",352.28,280.49,393.68,191.11,268932.05
ROAD,120.26,8,"[1, 1, 1, 1, 0, 1, 0, 1, 1, 1]",118.74,117.67,140.48,93.43,608749.55
CMC,73.22,10,"[1, 1, 1, 1, 1, 1, 1, 1, 1, 1]",71.09,66.9,82.94,48.09,1027302.8
JXN,108.39,10,"[1, 1, 1, 1, 1, 1, 1, 1, 1, 1]",108.1,103.9,120.14,81.3,609423.25
ESE,333.72,10,"[1, 1, 1, 1, 1, 1, 1, 1, 1, 1]",309.01,249.23,339.35,181.18,223912.5
GKOS,127.41,9,"[1, 1, 1, 1, 1, 1, 1, 1, 1, 0]",125.67,107.62,144.01,74.67,1347833.5
CWEN,36.77,9,"[0, 1, 1, 1, 1, 1, 1, 1, 1, 1]",38.7,34.84,41.26,26.9,1114465.6
CIG,2.06,5,"[0, 0, 0, 1, 1, 1, 0, 1, 1, 0]",2.33,2.11,2.67,1.74,7498394.6
MBLY,8.73,2,"[0, 0, 0, 0, 0, 0, 1, 0, 1, 0]",9.14,10.68,19.08,6.56,5469085.85
KNTK,45.73,8,"[0, 1, 1, 1, 1, 1, 1, 1, 1, 0]",47.63,40.87,51.27,30.53,876930.75
CHRD,126.97,8,"[0, 1, 1, 1, 1, 1, 1, 1, 1, 0]",136.94,109.2,148.35,82.2,733170.0
MIDD,164.77,10,"[1, 1, 1, 1, 1, 1, 1, 1, 1, 1]",148.97,142.46,168.86,111.68,549796.9
PCVX,50.67,8,"[0, 0, 1, 1, 1, 1, 1, 1, 1, 1]",53.89,48.95,63.04,29.67,1476003.35
KEX,140.22,8,"[0, 1, 1, 1, 1, 1, 1, 1, 1, 0]",144.29,119.05,152.59,79.95,542459.55
HALO,68.57,5,"[1, 0, 0, 0, 0, 1, 1, 1, 1, 0]",67.79,69.19,81.23,52.02,1683431.3
YOU,50.77,8,"[0, 1, 1, 1, 1, 1, 1, 1, 1, 0]",54.99,41.34,62.18,24.2,1387049.15
ORA,126.12,9,"[1, 1, 1, 1, 1, 1, 1, 1, 1, 0]",125.41,113.52,145.1,83.39,786732.1
VLY,13.91,10,"[1, 1, 1, 1, 1, 1, 1, 1, 1, 1]",13.43,11.9,14.52,8.26,6382382.15
VFC,16.7,6,"[0, 0, 0, 0, 1, 1, 1, 1, 1, 1]",18.0,17.18,21.44,11.21,9142915.4
WFRD,94.15,8,"[0, 1, 1, 1, 1, 1, 1, 1, 1, 0]",104.32,86.38,111.42,46.45,1027121.0
CORZ,28.38,10,"[1, 1, 1, 1, 1, 1, 1, 1, 1, 1]",23.48,18.64,29.05,11.35,12715421.7
CWAN,24.26,9,"[1, 1, 1, 1, 1, 1, 1, 1, 1, 0]",24.26,22.19,24.42,15.89,3276764.8
TEX,64.18,10,"[1, 1, 1, 1, 1, 1, 1, 1, 1, 1]",61.32,56.77,69.13,41.55,1113566.7
SOBO,36.12,9,"[1, 1, 1, 1, 1, 1, 1, 1, 1, 0]",35.23,30.06,38.18,24.88,909508.0
FAF,67.78,9,"[1, 1, 1, 1, 1, 1, 0, 1, 1, 1]",66.56,63.41,70.54,52.94,1023431.9
IDCC,286.1,3,"[0, 0, 0, 0, 0, 0, 1, 0, 1, 1]",298.61,330.5,394.78,219.58,382629.25
OR,36.06,6,"[0, 0, 0, 0, 1, 1, 1, 1, 1, 1]",37.38,37.63,47.66,24.94,823604.45
HXL,99.85,10,"[1, 1, 1, 1, 1, 1, 1, 1, 1, 1]",90.22,78.83,99.85,53.86,865199.25
OGC,27.62,4,"[0, 0, 0, 0, 1, 1, 1, 0, 1, 0]",30.55,28.91,42.39,13.47,373517.8
SLAB,218.61,10,"[1, 1, 1, 1, 1, 1, 1, 1, 1, 1]",216.44,170.34,220.34,116.08,378862.5
RIG,5.58,7,"[0, 1, 1, 1, 1, 1, 1, 0, 1, 0]",6.4,5.03,7.58,2.55,28636641.1
PLXS,294.03,10,"[1, 1, 1, 1, 1, 1, 1, 1, 1, 1]",259.8,188.68,295.02,118.29,279137.3
GGAL,55.55,9,"[1, 1, 1, 0, 1, 1, 1, 1, 1, 1]",46.09,44.55,58.75,25.39,1583872.75
SSRM,31.77,10,"[1, 1, 1, 1, 1, 1, 1, 1, 1, 1]",30.54,25.82,35.74,11.8,2686400.35
LTH,34.59,10,"[1, 1, 1, 1, 1, 1, 1, 1, 1, 1]",30.89,28.0,34.87,24.59,2423963.15
KYMR,89.9,10,"[1, 1, 1, 1, 1, 1, 1, 1, 1, 1]",83.0,73.3,95.03,37.68,598976.5
SM,28.09,8,"[0, 1, 1, 1, 1, 1, 1, 1, 1, 0]",30.35,24.1,34.57,17.3,4044478.95
LEA,137.92,10,"[1, 1, 1, 1, 1, 1, 1, 1, 1, 1]",134.07,118.09,146.59,88.71,671320.3
HR,20.02,9,"[1, 1, 1, 1, 1, 1, 1, 1, 1, 0]",19.35,17.76,20.7,14.27,4187428.55
RHP,122.35,10,"[1, 1, 1, 1, 1, 1, 1, 1, 1, 1]",109.57,96.76,123.38,83.73,504246.6
NOV,19.3,8,"[0, 1, 1, 1, 1, 1, 1, 1, 1, 0]",20.07,17.06,21.36,11.6,3334231.0
DBX,26.41,4,"[1, 1, 0, 0, 0, 0, 0, 1, 1, 0]",25.76,27.2,32.17,22.06,3757286.0
TFPM,30.56,4,"[0, 0, 0, 0, 1, 1, 1, 0, 1, 0]",32.29,32.73,41.23,22.75,653319.15
AUGO,65.98,6,"[0, 0, 1, 1, 1, 1, 1, 0, 1, 0]",80.11,58.52,108.01,22.81,1038958.4
MTDR,50.4,7,"[0, 0, 1, 1, 1, 1, 1, 1, 1, 0]",57.27,48.76,65.01,36.31,1726513.95
MYRG,444.4,10,"[1, 1, 1, 1, 1, 1, 1, 1, 1, 1]",409.16,276.33,478.93,167.95,250282.75
AVT,89.81,10,"[1, 1, 1, 1, 1, 1, 1, 1, 1, 1]",81.87,60.68,92.93,43.64,1437749.45
LGN,85.11,7,"[1, 1, 0, 1, 0, 0, 1, 1, 1, 1]",83.22,85.11,102.27,29.72,1116988.95
BRKR,54.73,10,"[1, 1, 1, 1, 1, 1, 1, 1, 1, 1]",45.57,41.67,62.7,29.23,2944594.95
SGHC,13.49,8,"[1, 1, 1, 1, 0, 1, 1, 1, 1, 0]",12.69,11.64,14.02,8.48,3473201.35
STEP,45.87,1,"[0, 0, 0, 0, 0, 0, 0, 0, 1, 0]",49.97,56.76,74.4,41.56,1477463.6
UGP,4.7,7,"[0, 0, 1, 1, 1, 1, 1, 1, 1, 0]",5.58,4.66,6.11,2.83,3302645.85
VAL,83.05,7,"[0, 1, 1, 1, 1, 1, 1, 0, 1, 0]",95.32,72.07,113.42,41.8,849742.7
BLSH,23.86,1,"[0, 0, 0, 0, 0, 0, 0, 0, 1, 0]",36.39,42.25,74.63,23.86,1712820.05
TGTX,51.5,9,"[1, 1, 1, 1, 0, 1, 1, 1, 1, 1]",39.36,33.53,51.5,26.39,2132103.7
MIRM,102.04,10,"[1, 1, 1, 1, 1, 1, 1, 1, 1, 1]",98.44,86.0,111.39,48.39,696157.05
ST,49.46,10,"[1, 1, 1, 1, 1, 1, 1, 1, 1, 1]",45.43,36.21,53.55,27.89,2372477.6
NPO,363.62,10,"[1, 1, 1, 1, 1, 1, 1, 1, 1, 1]",304.41,251.04,363.62,181.82,187498.5
PAYC,123.72,1,"[0, 0, 0, 0, 0, 0, 0, 0, 1, 0]",131.5,155.08,236.57,113.28,857299.5
SYRE,87.49,10,"[1, 1, 1, 1, 1, 1, 1, 1, 1, 1]",72.0,40.53,87.49,14.68,1041990.3
SWX,87.1,7,"[0, 1, 1, 1, 1, 1, 0, 1, 1, 0]",89.25,83.05,93.37,70.74,473209.05
COMP,9.4,6,"[1, 0, 1, 0, 1, 0, 1, 0, 1, 1]",8.03,9.2,13.58,5.91,12767576.8
AROC,35.48,8,"[0, 1, 1, 1, 1, 1, 1, 1, 1, 0]",36.4,29.84,39.59,21.54,1660506.0
AXTI,92.11,7,"[0, 1, 1, 1, 1, 1, 1, 0, 1, 0]",95.77,38.5,140.83,1.84,8961424.85
RSI,28.28,10,"[1, 1, 1, 1, 1, 1, 1, 1, 1, 1]",26.06,20.97,30.12,13.84,2092613.9
RYTM,95.83,5,"[1, 0, 0, 0, 0, 0, 1, 1, 1, 1]",88.13,97.8,117.62,61.44,685831.05
HIMS,31.89,5,"[1, 1, 0, 0, 0, 0, 1, 0, 1, 1]",26.32,33.39,66.18,14.52,18440715.95
PTGX,111.44,10,"[1, 1, 1, 1, 1, 1, 1, 1, 1, 1]",102.09,87.23,112.46,49.7,585273.25
ACA,133.13,10,"[1, 1, 1, 1, 1, 1, 1, 1, 1, 1]",122.46,109.68,133.13,83.54,269361.95
FNB,18.1,10,"[1, 1, 1, 1, 1, 1, 1, 1, 1, 1]",17.6,16.75,18.65,13.38,4550289.15
FLY,31.15,5,"[0, 1, 1, 1, 0, 0, 1, 0, 1, 0]",39.31,29.74,60.35,16.78,9445016.25
CELC,88.05,5,"[0, 0, 0, 1, 1, 1, 1, 0, 1, 0]",118.63,97.21,144.98,11.45,1781507.7
ENIC,4.59,10,"[1, 1, 1, 1, 1, 1, 1, 1, 1, 1]",4.33,3.96,4.66,3.01,660171.0
INGM,28.49,10,"[1, 1, 1, 1, 1, 1, 1, 1, 1, 1]",28.33,23.2,31.64,18.49,1429663.2
LUNR,22.72,7,"[0, 1, 1, 1, 1, 1, 1, 0, 1, 0]",29.7,18.18,45.7,8.05,17600320.8
RGTI,20.25,5,"[1, 0, 0, 0, 0, 1, 1, 0, 1, 1]",19.68,23.72,56.34,10.79,64773722.5
CLF,12.68,8,"[1, 1, 1, 0, 0, 1, 1, 1, 1, 1]",11.25,11.72,16.18,6.92,19917476.5
CE,51.23,6,"[0, 0, 1, 1, 1, 1, 1, 0, 1, 0]",58.92,49.6,69.24,35.49,1616683.35
APGE,88.43,10,"[1, 1, 1, 1, 1, 1, 1, 1, 1, 1]",84.62,69.12,92.2,34.65,1113196.05
LSTR,208.13,10,"[1, 1, 1, 1, 1, 1, 1, 1, 1, 1]",190.4,152.35,225.37,118.1,500483.4
GVA,143.34,10,"[1, 1, 1, 1, 1, 1, 1, 1, 1, 1]",134.06,119.65,145.18,88.6,809551.2
VIST,68.52,8,"[0, 1, 1, 1, 1, 1, 1, 1, 1, 0]",71.13,55.29,79.25,33.7,824666.45
KGS,66.55,8,"[0, 1, 1, 1, 1, 1, 1, 1, 1, 0]",67.75,47.36,75.89,29.75,1585543.9
CNTA,39.87,10,"[1, 1, 1, 1, 1, 1, 1, 1, 1, 1]",39.65,28.85,39.9,12.43,1398342.55
URBN,72.46,8,"[1, 1, 1, 1, 1, 0, 0, 1, 1, 1]",71.59,70.22,82.7,59.57,1312789.75
PTCT,78.53,9,"[1, 1, 1, 0, 1, 1, 1, 1, 1, 1]",70.87,70.15,86.25,43.3,1662183.45
ETSY,72.83,9,"[1, 1, 1, 1, 0, 1, 1, 1, 1, 1]",63.52,59.45,75.56,44.05,3034967.1
LNTH,103.19,10,"[1, 1, 1, 1, 1, 1, 1, 1, 1, 1]",92.22,70.62,105.03,50.11,1030874.4
VNO,36.46,8,"[1, 1, 1, 1, 0, 0, 1, 1, 1, 1]",31.88,33.19,42.04,24.71,1760467.65
REZI,30.41,3,"[0, 0, 0, 0, 0, 0, 1, 0, 1, 1]",34.87,36.22,44.5,20.96,1205344.25
OUT,31.13,9,"[1, 1, 1, 1, 1, 1, 1, 1, 1, 0]",30.92,24.44,33.58,15.02,1749382.6
FLG,14.6,10,"[1, 1, 1, 1, 1, 1, 1, 1, 1, 1]",14.09,12.89,15.07,10.57,4509357.7
EAT,158.8,8,"[1, 1, 1, 0, 1, 0, 1, 1, 1, 1]",144.79,142.84,184.02,102.29,877542.55
GXO,48.08,3,"[0, 0, 0, 0, 1, 0, 0, 0, 1, 1]",51.97,53.74,65.59,42.78,1239796.0
COGT,33.67,7,"[0, 0, 1, 0, 1, 1, 1, 1, 1, 1]",34.6,30.97,42.11,7.07,2340553.6
IBP,211.31,4,"[0, 0, 0, 0, 1, 0, 1, 0, 1, 1]",243.77,265.8,340.78,161.57,441040.9
ABCB,86.01,10,"[1, 1, 1, 1, 1, 1, 1, 1, 1, 1]",84.84,78.36,88.95,59.99,475558.75
TFX,124.96,6,"[0, 1, 1, 1, 0, 1, 0, 1, 1, 0]",128.96,119.64,138.45,99.79,599905.7
IMVT,34.71,10,"[1, 1, 1, 1, 1, 1, 1, 1, 1, 1]",29.73,24.63,35.56,14.69,2580156.0
CGON,60.43,8,"[0, 1, 1, 1, 1, 1, 1, 1, 1, 0]",64.6,51.71,74.0,23.94,914678.1
USAR,23.55,8,"[1, 1, 1, 1, 0, 1, 1, 0, 1, 1]",23.52,19.81,38.68,9.61,17442735.75
NSA,43.63,10,"[1, 1, 1, 1, 1, 1, 1, 1, 1, 1]",42.35,33.57,45.15,26.69,714599.85
ALKS,44.51,10,"[1, 1, 1, 1, 1, 1, 1, 1, 1, 1]",37.64,32.1,44.92,26.13,1947903.1
CENX,54.31,8,"[0, 1, 1, 1, 1, 1, 1, 1, 1, 0]",61.91,44.7,68.77,16.91,2047274.9
MSM,115.18,10,"[1, 1, 1, 1, 1, 1, 1, 1, 1, 1]",105.61,91.56,117.28,77.98,707330.2
SRRK,46.95,8,"[0, 1, 1, 1, 1, 1, 1, 1, 1, 0]",47.57,42.05,51.51,27.92,1151091.9
BLCO,14.86,4,"[0, 0, 0, 0, 1, 1, 0, 1, 1, 0]",15.89,16.14,18.6,11.55,464464.45
PIPR,80.81,5,"[0, 0, 0, 1, 0, 0, 1, 1, 1, 1]",81.75,81.92,92.51,61.99,487494.15
BKH,72.04,8,"[0, 1, 1, 1, 1, 1, 1, 1, 1, 0]",73.38,68.54,76.1,53.49,1103853.05
KMX,47.43,7,"[1, 1, 1, 1, 0, 0, 1, 0, 1, 1]",42.2,43.52,71.57,30.88,3810922.85
MAC,23.0,10,"[1, 1, 1, 1, 1, 1, 1, 1, 1, 1]",22.17,18.97,25.28,15.29,3260080.3
CZR,29.21,10,"[1, 1, 1, 1, 1, 1, 1, 1, 1, 1]",28.06,24.73,31.51,18.14,11382635.05
PRIM,101.66,4,"[0, 0, 0, 0, 1, 1, 1, 0, 1, 0]",135.7,136.28,202.92,73.79,2168401.9
GLNG,49.45,8,"[0, 1, 1, 1, 1, 1, 1, 1, 1, 0]",52.97,43.98,57.07,34.97,1441310.3
OSCR,28.27,9,"[1, 1, 1, 1, 0, 1, 1, 1, 1, 1]",21.06,17.31,29.14,10.85,7333980.85
S,14.8,2,"[0, 0, 0, 1, 0, 0, 0, 0, 1, 0]",15.52,15.54,19.78,11.94,9837318.15
CORT,81.75,9,"[1, 1, 1, 1, 0, 1, 1, 1, 1, 1]",58.17,59.92,90.32,32.15,973323.4
RUSHA,67.93,8,"[0, 1, 1, 1, 1, 1, 1, 1, 1, 0]",70.62,61.4,76.0,46.26,490239.9
HWC,69.77,10,"[1, 1, 1, 1, 1, 1, 1, 1, 1, 1]",67.54,63.86,73.31,52.07,891107.7
CACC,563.32,10,"[1, 1, 1, 1, 1, 1, 1, 1, 1, 1]",531.5,486.04,574.1,411.04,148296.15
ZGN,13.91,10,"[1, 1, 1, 1, 1, 1, 1, 1, 1, 1]",13.03,10.85,14.92,7.71,1353564.7
MATX,193.57,10,"[1, 1, 1, 1, 1, 1, 1, 1, 1, 1]",181.35,140.99,201.94,87.4,240360.25
MCY,101.4,10,"[1, 1, 1, 1, 1, 1, 1, 1, 1, 1]",97.84,89.12,102.61,61.91,243964.25
ALM,18.28,9,"[0, 1, 1, 1, 1, 1, 1, 1, 1, 1]",19.65,12.46,23.42,3.42,5310291.7
BGC,12.07,10,"[1, 1, 1, 1, 1, 1, 1, 1, 1, 1]",11.16,9.7,12.07,8.26,3161183.85
AUB,38.68,10,"[1, 1, 1, 1, 1, 1, 1, 1, 1, 1]",37.63,35.8,40.99,28.65,979179.4
GTX,33.76,10,"[1, 1, 1, 1, 1, 1, 1, 1, 1, 1]",27.44,19.32,34.61,9.57,2989714.05
MRCY,115.5,10,"[1, 1, 1, 1, 1, 1, 1, 1, 1, 1]",94.31,83.1,120.3,49.96,707994.75
VSEC,208.17,9,"[1, 1, 1, 0, 1, 1, 1, 1, 1, 1]",187.9,184.81,227.68,125.08,434246.95
TEO,14.57,10,"[1, 1, 1, 1, 1, 1, 1, 1, 1, 1]",12.6,11.17,15.98,6.52,718560.35
LBRT,27.17,8,"[0, 1, 1, 1, 1, 1, 1, 1, 1, 0]",30.47,22.38,33.83,9.91,3177870.5
XENE,53.2,8,"[0, 1, 1, 1, 1, 1, 1, 1, 1, 0]",55.19,46.38,62.76,30.3,1417179.05
SNDR,35.34,10,"[1, 1, 1, 1, 1, 1, 1, 1, 1, 1]",32.45,26.92,38.66,20.04,987421.15
KLIC,116.51,10,"[1, 1, 1, 1, 1, 1, 1, 1, 1, 1]",95.88,62.19,117.27,31.71,846404.75
SEI,81.28,10,"[1, 1, 1, 1, 1, 1, 1, 1, 1, 1]",71.38,54.25,81.28,24.67,2164455.9
GOLF,100.49,10,"[1, 1, 1, 1, 1, 1, 1, 1, 1, 1]",92.89,87.61,102.72,70.41,305761.15
BEPC,35.98,5,"[0, 0, 0, 0, 1, 1, 0, 1, 1, 1]",38.45,38.68,43.52,30.22,1444916.75
VCTR,86.94,10,"[1, 1, 1, 1, 1, 1, 1, 1, 1, 1]",80.81,69.51,88.62,59.52,498919.5
BC,80.73,10,"[1, 1, 1, 1, 1, 1, 1, 1, 1, 1]",79.76,73.83,88.28,53.53,609556.5
MUR,35.27,8,"[0, 1, 1, 1, 1, 1, 1, 1, 1, 0]",38.44,32.75,42.37,21.48,1731249.85
MGY,26.86,7,"[0, 1, 1, 1, 1, 1, 0, 1, 1, 0]",28.59,25.53,32.17,20.99,2251426.5
CRSP,53.09,4,"[1, 1, 0, 0, 0, 0, 0, 0, 1, 1]",52.7,55.53,76.78,44.25,1697102.95
PACS,35.24,8,"[0, 1, 1, 1, 1, 1, 1, 1, 1, 0]",35.7,29.01,42.13,7.71,792338.1
APLS,41.03,10,"[1, 1, 1, 1, 1, 1, 1, 1, 1, 1]",33.2,26.08,41.12,16.97,6965819.75
HASI,37.99,8,"[0, 1, 1, 1, 1, 1, 1, 1, 1, 0]",40.3,34.3,43.31,23.48,1116110.7
ATAT,33.47,2,"[0, 0, 0, 0, 0, 0, 0, 1, 1, 0]",35.83,37.26,42.21,29.93,1154806.6
CRC,55.35,6,"[0, 0, 1, 1, 1, 1, 0, 1, 1, 0]",62.07,54.33,69.66,42.98,681986.85
LEGN,33.52,8,"[1, 1, 1, 1, 0, 0, 1, 1, 1, 1]",27.32,25.76,44.32,16.65,2765832.05
PRM,35.64,10,"[1, 1, 1, 1, 1, 1, 1, 1, 1, 1]",30.99,26.43,36.49,13.24,1349688.55
IFS,57.55,10,"[1, 1, 1, 1, 1, 1, 1, 1, 1, 1]",48.01,43.65,57.55,34.31,399051.35
CROX,124.53,10,"[1, 1, 1, 1, 1, 1, 1, 1, 1, 1]",108.88,90.44,127.77,73.39,1288141.45
CAR,180.88,8,"[0, 1, 1, 1, 1, 1, 1, 0, 1, 1]",228.89,157.36,713.97,87.69,841672.95
M,23.89,10,"[1, 1, 1, 1, 1, 1, 1, 1, 1, 1]",20.42,19.67,25.18,10.25,7671534.6
AVAL,5.58,10,"[1, 1, 1, 1, 1, 1, 1, 1, 1, 1]",4.65,4.16,5.58,2.7,327299.0
KNF,83.46,9,"[1, 1, 1, 1, 1, 0, 1, 1, 1, 1]",82.25,77.2,94.57,59.93,599744.75
DIOD,108.8,10,"[1, 1, 1, 1, 1, 1, 1, 1, 1, 1]",102.15,68.03,116.22,42.36,639173.15
SON,50.66,10,"[1, 1, 1, 1, 1, 1, 1, 1, 1, 1]",50.46,46.74,56.81,38.0,1211413.4
WSC,27.84,9,"[1, 1, 1, 1, 0, 1, 1, 1, 1, 1]",23.91,21.27,31.26,14.84,1854379.75
RELY,20.43,7,"[0, 1, 1, 1, 0, 1, 1, 1, 1, 0]",20.67,16.52,24.28,12.2,4340007.05
SXT,111.05,8,"[0, 1, 1, 1, 1, 1, 1, 1, 1, 0]",111.31,98.76,124.21,82.67,404244.55
ALH,25.98,7,"[1, 1, 0, 1, 0, 0, 1, 1, 1, 1]",25.03,25.98,26.93,19.06,560636.55
ACLS,175.45,10,"[1, 1, 1, 1, 1, 1, 1, 1, 1, 1]",147.64,102.06,191.6,66.02,569211.15
LB,63.5,6,"[0, 0, 1, 1, 1, 1, 1, 0, 1, 0]",69.02,62.03,85.14,44.06,347862.4
STVN,17.06,2,"[1, 0, 0, 0, 0, 0, 0, 0, 1, 0]",16.99,19.66,27.85,13.38,354596.05
BMA,98.53,9,"[1, 1, 1, 0, 1, 1, 1, 1, 1, 1]",79.91,74.92,101.71,38.01,349482.75
GBTG,9.36,8,"[1, 1, 1, 1, 0, 1, 1, 1, 1, 0]",8.1,7.37,9.51,4.97,3511827.5
TDS,39.41,5,"[0, 0, 0, 1, 1, 1, 0, 1, 1, 0]",42.54,41.38,47.5,33.07,1113702.35
NOVT,151.43,10,"[1, 1, 1, 1, 1, 1, 1, 1, 1, 1]",144.93,126.73,168.59,99.22,501196.15
MARA,13.92,7,"[1, 1, 1, 1, 0, 0, 1, 0, 1, 1]",12.54,12.55,22.84,6.73,39231718.55
ACHR,5.36,1,"[0, 0, 0, 0, 0, 0, 0, 0, 1, 0]",5.97,7.74,13.64,4.94,54017032.5
PSMT,178.43,10,"[1, 1, 1, 1, 1, 1, 1, 1, 1, 1]",164.1,139.43,182.3,100.47,243903.85
SYNA,133.53,10,"[1, 1, 1, 1, 1, 1, 1, 1, 1, 1]",113.35,84.44,147.57,58.52,839254.95
OPEN,4.45,4,"[0, 0, 0, 0, 0, 1, 1, 0, 1, 1]",4.86,6.12,10.52,0.51,41256337.25
PBF,37.77,7,"[0, 1, 1, 1, 1, 1, 1, 0, 1, 0]",41.08,35.62,50.89,20.54,2390815.55
INDV,37.93,10,"[1, 1, 1, 1, 1, 1, 1, 1, 1, 1]",36.07,31.96,40.61,13.69,1626914.05
ENPH,47.78,9,"[1, 1, 1, 1, 1, 1, 1, 0, 1, 1]",45.86,39.15,72.33,26.12,8518685.55
KC,10.41,2,"[0, 0, 0, 1, 0, 0, 0, 0, 1, 0]",14.57,13.48,18.21,10.34,1608480.0
MIAX,37.8,3,"[0, 0, 0, 1, 1, 0, 0, 0, 1, 0]",46.3,43.25,56.84,30.74,1967230.8
TGS,31.61,9,"[1, 1, 1, 0, 1, 1, 1, 1, 1, 1]",30.77,29.19,35.32,20.12,431206.15
DNTH,81.89,8,"[0, 1, 1, 1, 1, 1, 1, 1, 1, 0]",86.89,57.17,95.76,16.86,987807.0
SPHR,152.35,10,"[1, 1, 1, 1, 1, 1, 1, 1, 1, 1]",136.86,98.92,154.38,38.44,688678.35
MDU,20.89,8,"[0, 1, 1, 1, 1, 1, 1, 1, 1, 0]",21.69,19.9,22.65,15.53,1810396.4
EBC,20.15,10,"[1, 1, 1, 1, 1, 1, 1, 1, 1, 1]",20.01,18.97,21.66,13.91,2716673.6
HRB,35.32,2,"[1, 0, 0, 0, 0, 0, 0, 0, 1, 0]",34.53,39.31,54.4,27.66,2299396.7
NAVN,20.99,7,"[1, 1, 0, 1, 0, 0, 1, 1, 1, 1]",18.15,20.99,22.87,8.51,4932756.4
AIR,132.14,10,"[1, 1, 1, 1, 1, 1, 1, 1, 1, 1]",115.41,98.57,132.14,66.95,352241.7
VSH,60.33,10,"[1, 1, 1, 1, 1, 1, 1, 1, 1, 1]",39.83,22.23,63.97,11.67,8987398.8
PI,123.62,2,"[0, 0, 0, 0, 0, 0, 1, 0, 1, 0]",132.53,152.48,241.91,91.34,439386.3
MEOH,55.17,8,"[0, 1, 1, 1, 1, 1, 1, 1, 1, 0]",60.06,47.27,65.5,31.93,786000.3
NTSK,8.72,2,"[0, 0, 0, 0, 1, 0, 0, 0, 1, 0]",10.33,8.72,25.79,7.73,6881772.55
QS,6.9,2,"[0, 0, 0, 0, 0, 0, 1, 0, 1, 0]",7.6,10.08,18.44,4.24,21112245.35
CVLT,127.1,7,"[1, 1, 1, 1, 0, 0, 1, 0, 1, 1]",105.42,121.4,195.41,75.18,771552.35
CSTM,33.68,10,"[1, 1, 1, 1, 1, 1, 1, 1, 1, 1]",32.58,22.82,36.15,12.92,2189682.5
LAUR,36.04,9,"[1, 1, 1, 0, 1, 1, 1, 1, 1, 1]",33.25,32.41,37.95,22.48,1202550.05
PAM,86.0,9,"[1, 1, 1, 0, 1, 1, 1, 1, 1, 1]",83.05,80.15,92.27,56.55,243094.55
PAGP,23.5,8,"[0, 1, 1, 1, 1, 1, 1, 1, 1, 0]",23.92,20.31,25.95,15.88,1689579.45
CVSA,117.34,6,"[0, 1, 1, 1, 0, 0, 1, 1, 1, 0]",120.45,116.38,154.45,89.36,282496.45
ATMU,50.87,6,"[0, 0, 0, 0, 1, 1, 1, 1, 1, 1]",54.3,52.97,65.5,34.89,842907.2
FTDR,68.74,9,"[1, 1, 1, 1, 0, 1, 1, 1, 1, 1]",63.1,60.79,70.13,49.1,507483.6
MMYT,45.45,3,"[1, 0, 0, 0, 0, 0, 0, 0, 1, 1]",45.21,66.28,103.21,36.3,1070770.75
INSW,81.45,10,"[1, 1, 1, 1, 1, 1, 1, 1, 1, 1]",77.13,57.42,86.57,32.34,510704.75
HCC,95.07,10,"[1, 1, 1, 1, 1, 1, 1, 1, 1, 1]",91.06,82.43,110.28,40.96,884934.7
NAMS,30.15,4,"[0, 0, 0, 0, 1, 1, 1, 0, 1, 0]",33.04,33.26,41.45,17.96,1206919.8
KNSA,54.21,10,"[1, 1, 1, 1, 1, 1, 1, 1, 1, 1]",50.95,43.87,59.48,26.33,536322.9
SHC,15.46,6,"[0, 0, 0, 0, 1, 1, 1, 1, 1, 1]",15.68,16.24,19.35,10.94,2523596.45
TBBB,42.54,10,"[1, 1, 1, 1, 1, 1, 1, 1, 1, 1]",37.73,33.14,42.54,24.12,1093143.4
HRI,145.09,9,"[1, 1, 1, 0, 1, 1, 1, 1, 1, 1]",128.21,133.51,179.36,90.58,534984.8
NWE,69.24,8,"[0, 1, 1, 1, 1, 1, 1, 1, 1, 0]",70.39,64.74,72.67,48.77,562195.1
FLNC,23.42,8,"[1, 1, 1, 0, 1, 1, 1, 0, 1, 1]",18.64,17.97,32.23,5.57,13270518.25
LGND,263.14,10,"[1, 1, 1, 1, 1, 1, 1, 1, 1, 1]",229.4,200.85,263.14,112.56,214359.85
IPGP,113.64,8,"[0, 1, 1, 1, 1, 1, 1, 0, 1, 1]",115.46,98.88,153.91,66.01,534225.35
CBT,88.45,10,"[1, 1, 1, 1, 1, 1, 1, 1, 1, 1]",80.47,72.6,89.21,57.64,510836.15
GTLB,26.47,4,"[1, 0, 0, 0, 0, 0, 1, 0, 1, 1]",25.15,34.56,51.04,19.42,7296831.5
BCO,97.37,1,"[0, 0, 0, 0, 0, 0, 0, 0, 1, 0]",105.48,113.33,135.25,84.62,383536.0
HAFN,7.14,8,"[0, 1, 1, 1, 1, 1, 1, 1, 1, 0]",8.01,6.34,9.11,4.39,2101339.25
WIX,42.05,1,"[0, 0, 0, 0, 0, 0, 0, 0, 1, 0]",63.01,99.42,184.24,42.05,1868356.4
AZZ,152.01,10,"[1, 1, 1, 1, 1, 1, 1, 1, 1, 1]",141.21,121.21,153.66,86.88,266487.05
ONDS,9.12,5,"[0, 0, 0, 1, 1, 1, 1, 0, 1, 0]",10.16,9.3,14.01,1.43,76883538.2
UNF,259.74,8,"[0, 1, 1, 1, 1, 1, 1, 1, 1, 0]",261.11,212.26,275.65,149.3,247464.25
IRDM,45.05,10,"[1, 1, 1, 1, 1, 1, 1, 1, 1, 1]",42.94,25.75,51.9,15.57,2677246.15
STNG,78.04,8,"[0, 1, 1, 1, 1, 1, 1, 1, 1, 0]",78.38,65.31,86.1,38.33,766697.25
