ticker,price,score,points,sma50,sma200,wk52_high,wk52_low,volume
NVDA,,1,"[0, 0, 0, 0, 0, 0, 0, 0, 1, 0]",,,235.2,164.79,109931097.4
GOOGL,,1,"[0, 0, 0, 0, 0, 0, 0, 0, 1, 0]",,,402.12,235.96,27319808.45
GOOG,,1,"[0, 0, 0, 0, 0, 0, 0, 0, 1, 0]",,,398.54,236.87,17881085.7
AAPL,,1,"[0, 0, 0, 0, 0, 0, 0, 0, 1, 0]",,,341.07,244.37,42165851.65
AMZN,,1,"[0, 0, 0, 0, 0, 0, 0, 0, 1, 0]",,,284.02,198.79,35162450.25
AVGO,,1,"[0, 0, 0, 0, 0, 0, 0, 0, 1, 0]",,,479.94,292.41,25031571.4
TSM,,1,"[0, 0, 0, 0, 0, 0, 0, 0, 1, 0]",,,476.29,272.18,10151318.85
TSLA,,1,"[0, 0, 0, 0, 0, 0, 0, 0, 1, 0]",,,489.88,298.32,38061339.9
WMT,,1,"[0, 0, 0, 0, 0, 0, 0, 0, 1, 0]",,,133.88,99.77,22317024.8
LLY,,1,"[0, 0, 0, 0, 0, 0, 0, 0, 1, 0]",,,1280.34,794.56,2254034.9
MU,,1,"[0, 0, 0, 0, 0, 0, 0, 0, 1, 0]",,,1213.37,181.42,26329457.1
AMD,,1,"[0, 0, 0, 0, 0, 0, 0, 0, 1, 0]",,,630.63,164.67,22676733.65
INTC,,1,"[0, 0, 0, 0, 0, 0, 0, 0, 1, 0]",,,140.94,33.62,112103847.2
XOM,,1,"[0, 0, 0, 0, 0, 0, 0, 0, 1, 0]",,,169.32,107.52,14108601.2
ASML,,1,"[0, 0, 0, 0, 0, 0, 0, 0, 1, 0]",,,1986.87,930.06,1362672.55
ORCL,,1,"[0, 0, 0, 0, 0, 0, 0, 0, 1, 0]",,,310.01,114.99,36022665.55
JNJ,,1,"[0, 0, 0, 0, 0, 0, 0, 0, 1, 0]",,,278.43,181.9,6544334.8
CAT,,1,"[0, 0, 0, 0, 0, 0, 0, 0, 1, 0]",,,1062.93,482.37,2327734.35
CSCO,,1,"[0, 0, 0, 0, 0, 0, 0, 0, 1, 0]",,,129.52,66.49,18321242.65
LRCX,,1,"[0, 0, 0, 0, 0, 0, 0, 0, 1, 0]",,,432.87,130.77,9562567.85
CVX,,1,"[0, 0, 0, 0, 0, 0, 0, 0, 1, 0]",,,217.77,142.76,9823004.4
AMAT,,1,"[0, 0, 0, 0, 0, 0, 0, 0, 1, 0]",,,722.23,208.8,6318792.65
UNH,,1,"[0, 0, 0, 0, 0, 0, 0, 0, 1, 0]",,,433.68,255.97,5083360.4
BABA,,1,"[0, 0, 0, 0, 0, 0, 0, 0, 1, 0]",,,186.32,94.81,8143347.1
GE,,1,"[0, 0, 0, 0, 0, 0, 0, 0, 1, 0]",,,381.22,272.91,4426811.35
HSBC,,1,"[0, 0, 0, 0, 0, 0, 0, 0, 1, 0]",,,107.34,62.78,1552872.55
MS,,1,"[0, 0, 0, 0, 0, 0, 0, 0, 1, 0]",,,227.3,148.49,5569594.15
AZN,,1,"[0, 0, 0, 0, 0, 0, 0, 0, 1, 0]",,,208.62,155.62,3010727.3
GEV,,1,"[0, 0, 0, 0, 0, 0, 0, 0, 1, 0]",,,1174.86,546.95,2137554.4
GS,,1,"[0, 0, 0, 0, 0, 0, 0, 0, 1, 0]",,,1146.46,730.24,2140764.3
MRK,,1,"[0, 0, 0, 0, 0, 0, 0, 0, 1, 0]",,,155.53,80.14,9805461.0
NVS,,1,"[0, 0, 0, 0, 0, 0, 0, 0, 1, 0]",,,163.64,118.2,2472150.75
TXN,,1,"[0, 0, 0, 0, 0, 0, 0, 0, 1, 0]",,,330.59,150.79,5856393.45
RY,,1,"[0, 0, 0, 0, 0, 0, 0, 0, 1, 0]",,,216.57,141.81,994213.45
KLAC,,1,"[0, 0, 0, 0, 0, 0, 0, 0, 1, 0]",,,301.37,97.75,9554684.9
RTX,,1,"[0, 0, 0, 0, 0, 0, 0, 0, 1, 0]",,,225.49,154.7,3938816.6
SNDK,,1,"[0, 0, 0, 0, 0, 0, 0, 0, 1, 0]",,,2335.0,116.91,9415075.2
QCOM,,1,"[0, 0, 0, 0, 0, 0, 0, 0, 1, 0]",,,248.74,122.94,15125569.5
ARM,,1,"[0, 0, 0, 0, 0, 0, 0, 0, 1, 0]",,,439.46,104.55,5951962.8
C,,1,"[0, 0, 0, 0, 0, 0, 0, 0, 1, 0]",,,144.93,91.98,9787240.1
BHP,,1,"[0, 0, 0, 0, 0, 0, 0, 0, 1, 0]",,,96.58,50.46,2710127.75
ADI,,1,"[0, 0, 0, 0, 0, 0, 0, 0, 1, 0]",,,444.13,222.42,3228367.25
NVO,,1,"[0, 0, 0, 0, 0, 0, 0, 0, 1, 0]",,,60.94,34.33,14048042.15
MUFG,,1,"[0, 0, 0, 0, 0, 0, 0, 0, 1, 0]",,,24.13,14.62,2995121.85
TTE,,1,"[0, 0, 0, 0, 0, 0, 0, 0, 1, 0]",,,92.51,55.27,1598036.45
NEE,,1,"[0, 0, 0, 0, 0, 0, 0, 0, 1, 0]",,,96.44,75.49,12728781.85
BA,,1,"[0, 0, 0, 0, 0, 0, 0, 0, 1, 0]",,,252.15,179.12,8454419.8
TD,,1,"[0, 0, 0, 0, 0, 0, 0, 0, 1, 0]",,,124.8,77.19,1551316.25
SAN,,1,"[0, 0, 0, 0, 0, 0, 0, 0, 1, 0]",,,15.05,9.53,7248816.35
RIO,,1,"[0, 0, 0, 0, 0, 0, 0, 0, 1, 0]",,,109.63,62.29,1772563.2
ANET,,1,"[0, 0, 0, 0, 0, 0, 0, 0, 1, 0]",,,210.5,116.13,4781377.25
STX,,1,"[0, 0, 0, 0, 0, 0, 0, 0, 1, 0]",,,1092.38,210.39,4292315.6
DELL,,1,"[0, 0, 0, 0, 0, 0, 0, 0, 1, 0]",,,588.4,110.54,8533559.3
PANW,,1,"[0, 0, 0, 0, 0, 0, 0, 0, 1, 0]",,,397.31,141.67,6265800.25
WDC,,1,"[0, 0, 0, 0, 0, 0, 0, 0, 1, 0]",,,745.99,112.92,7744145.25
GILD,,1,"[0, 0, 0, 0, 0, 0, 0, 0, 1, 0]",,,153.05,109.97,5907061.8
GLW,,1,"[0, 0, 0, 0, 0, 0, 0, 0, 1, 0]",,,255.21,77.62,8381295.35
BUD,,1,"[0, 0, 0, 0, 0, 0, 0, 0, 1, 0]",,,86.48,57.65,2352570.4
APP,,1,"[0, 0, 0, 0, 0, 0, 0, 0, 1, 0]",,,733.6,281.31,5277645.6
APH,,1,"[0, 0, 0, 0, 0, 0, 0, 0, 1, 0]",,,88.02,59.39,12208115.0
DE,,1,"[0, 0, 0, 0, 0, 0, 0, 0, 1, 0]",,,707.79,434.16,1266868.6
SCCO,,1,"[0, 0, 0, 0, 0, 0, 0, 0, 1, 0]",,,219.7,114.69,1049789.5
WELL,,1,"[0, 0, 0, 0, 0, 0, 0, 0, 1, 0]",,,251.12,163.53,2647424.0
MRVL,,1,"[0, 0, 0, 0, 0, 0, 0, 0, 1, 0]",,,316.35,73.67,17634682.3
IBKR,,1,"[0, 0, 0, 0, 0, 0, 0, 0, 1, 0]",,,98.1,60.79,3784701.55
COP,,1,"[0, 0, 0, 0, 0, 0, 0, 0, 1, 0]",,,141.22,83.04,6877901.1
PLD,,1,"[0, 0, 0, 0, 0, 0, 0, 0, 1, 0]",,,148.88,107.84,3609755.0
UBS,,1,"[0, 0, 0, 0, 0, 0, 0, 0, 1, 0]",,,55.72,35.49,2256836.9
SMFG,,1,"[0, 0, 0, 0, 0, 0, 0, 0, 1, 0]",,,27.56,15.2,1483642.2
CRWD,,1,"[0, 0, 0, 0, 0, 0, 0, 0, 1, 0]",,,266.09,87.56,10586616.45
VRT,,1,"[0, 0, 0, 0, 0, 0, 0, 0, 1, 0]",,,376.06,149.73,5318748.45
BTI,,1,"[0, 0, 0, 0, 0, 0, 0, 0, 1, 0]",,,65.79,48.34,5381519.0
BBVA,,1,"[0, 0, 0, 0, 0, 0, 0, 0, 1, 0]",,,29.64,17.18,1363459.6
NEM,,1,"[0, 0, 0, 0, 0, 0, 0, 0, 1, 0]",,,134.86,77.9,6616225.25
PBR,,1,"[0, 0, 0, 0, 0, 0, 0, 0, 1, 0]",,,21.77,11.06,21063972.65
PBR-A,,1,"[0, 0, 0, 0, 0, 0, 0, 0, 1, 0]",,,19.57,10.33,6914355.5
SBUX,,1,"[0, 0, 0, 0, 0, 0, 0, 0, 1, 0]",,,108.49,76.51,7020095.55
CVS,,1,"[0, 0, 0, 0, 0, 0, 0, 0, 1, 0]",,,109.92,69.04,7940583.85
BMY,,1,"[0, 0, 0, 0, 0, 0, 0, 0, 1, 0]",,,68.09,41.21,11974926.05
BP,,1,"[0, 0, 0, 0, 0, 0, 0, 0, 1, 0]",,,46.96,31.17,9237032.55
PWR,,1,"[0, 0, 0, 0, 0, 0, 0, 0, 1, 0]",,,784.99,411.89,824758.25
PH,,1,"[0, 0, 0, 0, 0, 0, 0, 0, 1, 0]",,,1071.71,710.74,580821.95
HWM,,1,"[0, 0, 0, 0, 0, 0, 0, 0, 1, 0]",,,292.65,183.71,3463911.55
BMO,,1,"[0, 0, 0, 0, 0, 0, 0, 0, 1, 0]",,,185.81,118.13,686299.2
EQIX,,1,"[0, 0, 0, 0, 0, 0, 0, 0, 1, 0]",,,1110.63,715.18,505165.75
MFG,,1,"[0, 0, 0, 0, 0, 0, 0, 0, 1, 0]",,,11.45,6.09,3473300.85
TT,,1,"[0, 0, 0, 0, 0, 0, 0, 0, 1, 0]",,,502.27,373.79,1160667.5
CM,,1,"[0, 0, 0, 0, 0, 0, 0, 0, 1, 0]",,,122.92,78.11,1601379.2
CDNS,,1,"[0, 0, 0, 0, 0, 0, 0, 0, 1, 0]",,,416.39,265.66,2802651.0
GSK,,1,"[0, 0, 0, 0, 0, 0, 0, 0, 1, 0]",,,59.6,41.76,3525333.65
SNPS,,1,"[0, 0, 0, 0, 0, 0, 0, 0, 1, 0]",,,534.56,367.7,2356604.9
AEM,,1,"[0, 0, 0, 0, 0, 0, 0, 0, 1, 0]",,,251.01,136.04,1748996.75
HCA,,1,"[0, 0, 0, 0, 0, 0, 0, 0, 1, 0]",,,542.23,359.93,1486840.0
BNS,,1,"[0, 0, 0, 0, 0, 0, 0, 0, 1, 0]",,,95.35,62.02,1864314.05
CMI,,1,"[0, 0, 0, 0, 0, 0, 0, 0, 1, 0]",,,724.89,402.1,1140519.4
MAR,,1,"[0, 0, 0, 0, 0, 0, 0, 0, 1, 0]",,,401.72,256.9,1585059.0
CNQ,,1,"[0, 0, 0, 0, 0, 0, 0, 0, 1, 0]",,,51.55,29.07,6656514.9
EQNR,,1,"[0, 0, 0, 0, 0, 0, 0, 0, 1, 0]",,,45.75,21.68,3833948.35
ITUB,,1,"[0, 0, 0, 0, 0, 0, 0, 0, 1, 0]",,,,,26250359.2
FDX,,1,"[0, 0, 0, 0, 0, 0, 0, 0, 1, 0]",,,338.02,177.99,1650590.25
FCX,,1,"[0, 0, 0, 0, 0, 0, 0, 0, 1, 0]",,,79.91,38.38,11356299.3
USB,,1,"[0, 0, 0, 0, 0, 0, 0, 0, 1, 0]",,,64.81,43.6,8154270.7
JCI,,1,"[0, 0, 0, 0, 0, 0, 0, 0, 1, 0]",,,154.33,104.64,3359805.3
ING,,1,"[0, 0, 0, 0, 0, 0, 0, 0, 1, 0]",,,37.27,22.65,2131788.2
FTNT,,1,"[0, 0, 0, 0, 0, 0, 0, 0, 1, 0]",,,178.76,75.23,3975830.7
MNST,,1,"[0, 0, 0, 0, 0, 0, 0, 0, 1, 0]",,,49.97,33.15,10249322.05
CSX,,1,"[0, 0, 0, 0, 0, 0, 0, 0, 1, 0]",,,53.08,33.25,10715460.2
AMX,,1,"[0, 0, 0, 0, 0, 0, 0, 0, 1, 0]",,,27.42,19.65,2680923.55
ELV,,1,"[0, 0, 0, 0, 0, 0, 0, 0, 1, 0]",,,424.94,276.68,1252508.05
BCS,,1,"[0, 0, 0, 0, 0, 0, 0, 0, 1, 0]",,,28.24,18.92,4615755.95
SLB,,1,"[0, 0, 0, 0, 0, 0, 0, 0, 1, 0]",,,59.79,30.96,13839733.8
MPWR,,1,"[0, 0, 0, 0, 0, 0, 0, 0, 1, 0]",,,1684.83,851.25,736952.8
LYG,,1,"[0, 0, 0, 0, 0, 0, 0, 0, 1, 0]",,,6.21,4.26,16024530.95
E,,1,"[0, 0, 0, 0, 0, 0, 0, 0, 1, 0]",,,56.68,32.88,332297.9
CIEN,,1,"[0, 0, 0, 0, 0, 0, 0, 0, 1, 0]",,,627.0,151.45,2622960.25
APO,,1,"[0, 0, 0, 0, 0, 0, 0, 0, 1, 0]",,,150.8,99.46,2939660.05
CRH,,1,"[0, 0, 0, 0, 0, 0, 0, 0, 1, 0]",,,129.92,81.7,5597266.85
SU,,1,"[0, 0, 0, 0, 0, 0, 0, 0, 1, 0]",,,71.87,37.39,4256506.95
REGN,,1,"[0, 0, 0, 0, 0, 0, 0, 0, 1, 0]",,,852.03,554.88,755125.5
NXPI,,1,"[0, 0, 0, 0, 0, 0, 0, 0, 1, 0]",,,330.06,180.99,3591505.1
BE,,1,"[0, 0, 0, 0, 0, 0, 0, 0, 1, 0]",,,345.85,76.97,17787879.75
ROST,,1,"[0, 0, 0, 0, 0, 0, 0, 0, 1, 0]",,,254.74,146.49,1943950.05
B,,1,"[0, 0, 0, 0, 0, 0, 0, 0, 1, 0]",,,52.12,30.85,8156652.7
HLT,,1,"[0, 0, 0, 0, 0, 0, 0, 0, 1, 0]",,,350.06,256.46,1678082.75
ASX,,1,"[0, 0, 0, 0, 0, 0, 0, 0, 1, 0]",,,45.31,10.97,7062279.9
NOK,,1,"[0, 0, 0, 0, 0, 0, 0, 0, 1, 0]",,,16.85,4.9,87007667.8
VLO,,1,"[0, 0, 0, 0, 0, 0, 0, 0, 1, 0]",,,413.28,153.14,3974581.95
MPC,,1,"[0, 0, 0, 0, 0, 0, 0, 0, 1, 0]",,,424.89,160.76,3016979.2
GM,,1,"[0, 0, 0, 0, 0, 0, 0, 0, 1, 0]",,,90.11,54.88,7871974.95
AEP,,1,"[0, 0, 0, 0, 0, 0, 0, 0, 1, 0]",,,137.64,110.63,4235094.3
DDOG,,1,"[0, 0, 0, 0, 0, 0, 0, 0, 1, 0]",,,288.15,102.61,3331464.95
LITE,,1,"[0, 0, 0, 0, 0, 0, 0, 0, 1, 0]",,,1053.09,149.61,4892761.2
VALE,,1,"[0, 0, 0, 0, 0, 0, 0, 0, 1, 0]",,,17.33,9.93,30094099.6
NSC,,1,"[0, 0, 0, 0, 0, 0, 0, 0, 1, 0]",,,352.98,274.69,1046553.75
HOOD,,1,"[0, 0, 0, 0, 0, 0, 0, 0, 1, 0]",,,152.46,65.16,22428264.5
NET,,1,"[0, 0, 0, 0, 0, 0, 0, 0, 1, 0]",,,358.82,160.19,3112021.35
PSX,,1,"[0, 0, 0, 0, 0, 0, 0, 0, 1, 0]",,,274.21,123.11,3306661.8
FIX,,1,"[0, 0, 0, 0, 0, 0, 0, 0, 1, 0]",,,2065.44,789.1,312740.35
DLR,,1,"[0, 0, 0, 0, 0, 0, 0, 0, 1, 0]",,,201.18,144.96,1880684.25
WBD,,1,"[0, 0, 0, 0, 0, 0, 0, 0, 1, 0]",,,30.95,17.1,50306209.3
TRP,,1,"[0, 0, 0, 0, 0, 0, 0, 0, 1, 0]",,,69.85,48.33,3480034.65
MFC,,1,"[0, 0, 0, 0, 0, 0, 0, 0, 1, 0]",,,44.59,30.78,1614751.6
SPG,,1,"[0, 0, 0, 0, 0, 0, 0, 0, 1, 0]",,,234.19,165.67,1271362.3
COHR,,1,"[0, 0, 0, 0, 0, 0, 0, 0, 1, 0]",,,426.89,109.37,6875852.45
MSTR,,1,"[0, 0, 0, 0, 0, 0, 0, 0, 1, 0]",,,359.69,82.31,22753624.05
BKR,,1,"[0, 0, 0, 0, 0, 0, 0, 0, 1, 0]",,,69.18,43.79,8457401.15
WPM,,1,"[0, 0, 0, 0, 0, 0, 0, 0, 1, 0]",,,164.99,93.96,1829649.15
CRWV,,1,"[0, 0, 0, 0, 0, 0, 0, 0, 1, 0]",,,143.08,60.82,30663374.4
KEYS,,1,"[0, 0, 0, 0, 0, 0, 0, 0, 1, 0]",,,373.88,159.49,1054962.05
CVNA,,1,"[0, 0, 0, 0, 0, 0, 0, 0, 1, 0]",,,95.69,56.26,7794015.05
RKLB,,1,"[0, 0, 0, 0, 0, 0, 0, 0, 1, 0]",,,150.23,39.48,21284672.1
TEL,,1,"[0, 0, 0, 0, 0, 0, 0, 0, 1, 0]",,,246.32,194.33,1842329.6
URI,,1,"[0, 0, 0, 0, 0, 0, 0, 0, 1, 0]",,,1164.82,707.78,496581.15
GWW,,1,"[0, 0, 0, 0, 0, 0, 0, 0, 1, 0]",,,1399.3,912.82,278970.25
TGT,,1,"[0, 0, 0, 0, 0, 0, 0, 0, 1, 0]",,,169.89,81.44,3474916.15
TER,,1,"[0, 0, 0, 0, 0, 0, 0, 0, 1, 0]",,,483.65,131.82,2543655.15
LHX,,1,"[0, 0, 0, 0, 0, 0, 0, 0, 1, 0]",,,373.85,236.47,1655216.2
CARR,,1,"[0, 0, 0, 0, 0, 0, 0, 0, 1, 0]",,,75.73,49.79,7292182.35
CTVA,,1,"[0, 0, 0, 0, 0, 0, 0, 0, 1, 0]",,,90.32,12.57,12407375.5
AU,,1,"[0, 0, 0, 0, 0, 0, 0, 0, 1, 0]",,,123.84,60.79,2347065.95
OKE,,1,"[0, 0, 0, 0, 0, 0, 0, 0, 1, 0]",,,97.51,61.95,3790354.1
MCHP,,1,"[0, 0, 0, 0, 0, 0, 0, 0, 1, 0]",,,102.1,47.77,8376918.0
MCHPP,69.07,9,"[1, 1, 1, 0, 1, 1, 1, 1, 1, 1]",64.77,66.75,84.47,45.06,206581.85
CVE,,1,"[0, 0, 0, 0, 0, 0, 0, 0, 1, 0]",,,33.92,15.59,7121688.2
AME,,1,"[0, 0, 0, 0, 0, 0, 0, 0, 1, 0]",,,258.14,178.19,1488389.35
TRGP,,1,"[0, 0, 0, 0, 0, 0, 0, 0, 1, 0]",,,302.25,143.22,1143653.65
COIN,,1,"[0, 0, 0, 0, 0, 0, 0, 0, 1, 0]",,,387.27,141.09,9645556.9
FANG,,1,"[0, 0, 0, 0, 0, 0, 0, 0, 1, 0]",,,211.53,134.06,3264232.55
OXY,,1,"[0, 0, 0, 0, 0, 0, 0, 0, 1, 0]",,,65.63,38.38,9485399.6
DVN,,1,"[0, 0, 0, 0, 0, 0, 0, 0, 1, 0]",,,51.37,30.95,12990072.75
FLEX,,1,"[0, 0, 0, 0, 0, 0, 0, 0, 1, 0]",,,162.07,54.51,3231870.55
ABEV,,1,"[0, 0, 0, 0, 0, 0, 0, 0, 1, 0]",,,3.4,2.09,20597482.2
NUE,,1,"[0, 0, 0, 0, 0, 0, 0, 0, 1, 0]",,,274.09,130.26,1268778.55
STM,,1,"[0, 0, 0, 0, 0, 0, 0, 0, 1, 0]",,,79.68,21.01,8925534.75
BIDU,,1,"[0, 0, 0, 0, 0, 0, 0, 0, 1, 0]",,,162.52,85.59,2614749.5
ETR,,1,"[0, 0, 0, 0, 0, 0, 0, 0, 1, 0]",,,116.66,89.57,3199080.9
UI,,1,"[0, 0, 0, 0, 0, 0, 0, 0, 1, 0]",,,1081.3,513.35,147860.65
CCJ,,1,"[0, 0, 0, 0, 0, 0, 0, 0, 1, 0]",,,134.09,79.29,2889172.95
FER,,1,"[0, 0, 0, 0, 0, 0, 0, 0, 1, 0]",,,73.66,52.94,1686864.5
ROK,,1,"[0, 0, 0, 0, 0, 0, 0, 0, 1, 0]",,,493.56,329.34,685912.1
ARGX,,1,"[0, 0, 0, 0, 0, 0, 0, 0, 1, 0]",,,1058.9,663.93,259388.45
DAL,,1,"[0, 0, 0, 0, 0, 0, 0, 0, 1, 0]",,,93.43,55.22,7367522.85
EBAY,,1,"[0, 0, 0, 0, 0, 0, 0, 0, 1, 0]",,,118.27,78.69,5136012.9
FERG,,1,"[0, 0, 0, 0, 0, 0, 0, 0, 1, 0]",,,265.69,214.26,1436746.9
MT,,1,"[0, 0, 0, 0, 0, 0, 0, 0, 1, 0]",,,78.74,36.41,1315071.8
WAB,,1,"[0, 0, 0, 0, 0, 0, 0, 0, 1, 0]",,,305.47,190.14,776244.95
FNV,,1,"[0, 0, 0, 0, 0, 0, 0, 0, 1, 0]",,,279.3,182.97,842974.4
FITB,,1,"[0, 0, 0, 0, 0, 0, 0, 0, 1, 0]",,,58.88,39.06,6397386.55
XYZ,,1,"[0, 0, 0, 0, 0, 0, 0, 0, 1, 0]",,,84.85,49.09,3913058.05
NBIS,,1,"[0, 0, 0, 0, 0, 0, 0, 0, 1, 0]",,,286.69,73.87,15604814.25
RKT,,1,"[0, 0, 0, 0, 0, 0, 0, 0, 1, 0]",,,23.44,11.51,37582002.05
VTR,,1,"[0, 0, 0, 0, 0, 0, 0, 0, 1, 0]",,,99.93,65.83,3782909.85
CLS,,1,"[0, 0, 0, 0, 0, 0, 0, 0, 1, 0]",,,472.4,233.67,2298023.65
CAH,,1,"[0, 0, 0, 0, 0, 0, 0, 0, 1, 0]",,,248.03,151.83,1894219.95
TEVA,,1,"[0, 0, 0, 0, 0, 0, 0, 0, 1, 0]",,,40.22,18.95,5298622.55
HPE,,1,"[0, 0, 0, 0, 0, 0, 0, 0, 1, 0]",,,64.58,19.67,23621973.65
STT,,1,"[0, 0, 0, 0, 0, 0, 0, 0, 1, 0]",,,193.24,108.43,2150807.05
ODFL,,1,"[0, 0, 0, 0, 0, 0, 0, 0, 1, 0]",,,248.34,125.51,1858473.25
GFS,,1,"[0, 0, 0, 0, 0, 0, 0, 0, 1, 0]",,,89.61,32.11,3842312.6
WDS,,1,"[0, 0, 0, 0, 0, 0, 0, 0, 1, 0]",,,24.19,13.56,650394.9
EME,,1,"[0, 0, 0, 0, 0, 0, 0, 0, 1, 0]",,,943.26,580.64,360952.15
ON,,1,"[0, 0, 0, 0, 0, 0, 0, 0, 1, 0]",,,133.93,44.9,12366111.7
GFI,,1,"[0, 0, 0, 0, 0, 0, 0, 0, 1, 0]",,,58.44,30.56,3707402.25
ERIC,,1,"[0, 0, 0, 0, 0, 0, 0, 0, 1, 0]",,,13.51,7.92,7428743.3
KB,,1,"[0, 0, 0, 0, 0, 0, 0, 0, 1, 0]",,,132.88,77.5,151674.3
PUK,,1,"[0, 0, 0, 0, 0, 0, 0, 0, 1, 0]",,,32.95,24.71,1069325.7
IRM,,1,"[0, 0, 0, 0, 0, 0, 0, 0, 1, 0]",,,132.03,77.09,1593584.3
LYV,,1,"[0, 0, 0, 0, 0, 0, 0, 0, 1, 0]",,,188.46,125.61,2075609.45
KGC,,1,"[0, 0, 0, 0, 0, 0, 0, 0, 1, 0]",,,37.92,22.38,7468826.7
JBL,,1,"[0, 0, 0, 0, 0, 0, 0, 0, 1, 0]",,,385.55,192.34,1485611.4
ADM,,1,"[0, 0, 0, 0, 0, 0, 0, 0, 1, 0]",,,88.09,54.41,3683637.4
VOD,,1,"[0, 0, 0, 0, 0, 0, 0, 0, 1, 0]",,,17.68,10.73,3496260.6
BBD,,1,"[0, 0, 0, 0, 0, 0, 0, 0, 1, 0]",,,4.11,2.93,29033345.15
VIK,,1,"[0, 0, 0, 0, 0, 0, 0, 0, 1, 0]",,,108.26,57.08,4756515.45
UMC,,1,"[0, 0, 0, 0, 0, 0, 0, 0, 1, 0]",,,27.53,6.9,11036210.85
ONC,,1,"[0, 0, 0, 0, 0, 0, 0, 0, 1, 0]",,,377.47,260.27,414218.15
LVS,,1,"[0, 0, 0, 0, 0, 0, 0, 0, 1, 0]",,,68.29,36.69,5999263.4
IX,,1,"[0, 0, 0, 0, 0, 0, 0, 0, 1, 0]",,,41.31,24.22,354621.4
CRDO,,1,"[0, 0, 0, 0, 0, 0, 0, 0, 1, 0]",,,302.52,87.81,8812414.8
ALAB,,1,"[0, 0, 0, 0, 0, 0, 0, 0, 1, 0]",,,483.02,100.27,4242561.55
STLD,,1,"[0, 0, 0, 0, 0, 0, 0, 0, 1, 0]",,,281.45,139.73,1009279.5
HAL,,1,"[0, 0, 0, 0, 0, 0, 0, 0, 1, 0]",,,42.6,21.39,10539388.9
HUM,,1,"[0, 0, 0, 0, 0, 0, 0, 0, 1, 0]",,,409.8,162.46,1050377.55
MTZ,,1,"[0, 0, 0, 0, 0, 0, 0, 0, 1, 0]",,,437.51,190.08,1518774.8
UAL,,1,"[0, 0, 0, 0, 0, 0, 0, 0, 1, 0]",,,136.11,85.21,3919645.4
ZM,,1,"[0, 0, 0, 0, 0, 0, 0, 0, 1, 0]",,,111.88,72.72,2961064.3
TS,,1,"[0, 0, 0, 0, 0, 0, 0, 0, 1, 0]",,,64.02,33.04,1096692.5
CASY,,1,"[0, 0, 0, 0, 0, 0, 0, 0, 1, 0]",,,915.59,511.97,816314.5
TECK,,1,"[0, 0, 0, 0, 0, 0, 0, 0, 1, 0]",,,71.87,38.06,3045477.0
SYM,,1,"[0, 0, 0, 0, 0, 0, 0, 0, 1, 0]",,,87.3,38.22,1654745.75
EL,,1,"[0, 0, 0, 0, 0, 0, 0, 0, 1, 0]",,,118.37,66.74,3021001.8
SHG,,1,"[0, 0, 0, 0, 0, 0, 0, 0, 1, 0]",,,84.47,48.94,181359.35
Q,,1,"[0, 0, 0, 0, 0, 0, 0, 0, 1, 0]",,,175.52,73.35,1489401.45
TWLO,,1,"[0, 0, 0, 0, 0, 0, 0, 0, 1, 0]",,,301.27,102.94,2686761.85
RVMD,,1,"[0, 0, 0, 0, 0, 0, 0, 0, 1, 0]",,,221.15,46.57,2078034.5
RDDT,,1,"[0, 0, 0, 0, 0, 0, 0, 0, 1, 0]",,,258.93,121.84,4783746.55
IQV,,1,"[0, 0, 0, 0, 0, 0, 0, 0, 1, 0]",,,275.02,156.66,1613724.1
NTRS,,1,"[0, 0, 0, 0, 0, 0, 0, 0, 1, 0]",,,190.57,120.18,1047914.35
DOV,,1,"[0, 0, 0, 0, 0, 0, 0, 0, 1, 0]",,,231.59,159.53,1357917.05
RPRX,,1,"[0, 0, 0, 0, 0, 0, 0, 0, 1, 0]",,,63.96,34.77,3291249.55
ASTS,,1,"[0, 0, 0, 0, 0, 0, 0, 0, 1, 0]",,,133.09,50.7,10292056.2
BIIB,,1,"[0, 0, 0, 0, 0, 0, 0, 0, 1, 0]",,,228.69,142.26,1067826.2
VG,,1,"[0, 0, 0, 0, 0, 0, 0, 0, 1, 0]",,,17.46,5.89,14791286.45
EXPE,,1,"[0, 0, 0, 0, 0, 0, 0, 0, 1, 0]",,,338.64,187.43,2456308.8
CRCL,,1,"[0, 0, 0, 0, 0, 0, 0, 0, 1, 0]",,,150.48,50.23,13959861.8
ARES,,1,"[0, 0, 0, 0, 0, 0, 0, 0, 1, 0]",,,171.2,93.27,2275801.3
FTI,,1,"[0, 0, 0, 0, 0, 0, 0, 0, 1, 0]",,,80.08,35.45,3017949.45
FTAI,,1,"[0, 0, 0, 0, 0, 0, 0, 0, 1, 0]",,,308.31,151.95,1350742.1
CNC,,1,"[0, 0, 0, 0, 0, 0, 0, 0, 1, 0]",,,69.41,31.8,4732230.55
NTRA,,1,"[0, 0, 0, 0, 0, 0, 0, 0, 1, 0]",,,414.52,167.35,1659174.4
NVT,,1,"[0, 0, 0, 0, 0, 0, 0, 0, 1, 0]",,,184.1,94.55,1961448.85
MTSI,,1,"[0, 0, 0, 0, 0, 0, 0, 0, 1, 0]",,,409.68,122.18,1355721.25
TPL,,1,"[0, 0, 0, 0, 0, 0, 0, 0, 1, 0]",,,538.1,272.4,399893.85
TPR,,1,"[0, 0, 0, 0, 0, 0, 0, 0, 1, 0]",,,164.16,97.55,3230375.65
CFG,,1,"[0, 0, 0, 0, 0, 0, 0, 0, 1, 0]",,,74.73,46.98,4104778.55
CW,,1,"[0, 0, 0, 0, 0, 0, 0, 0, 1, 0]",,,792.39,532.36,437959.25
DOW,,1,"[0, 0, 0, 0, 0, 0, 0, 0, 1, 0]",,,40.97,19.68,9147113.1
EIX,,1,"[0, 0, 0, 0, 0, 0, 0, 0, 1, 0]",,,80.38,50.16,5168005.35
PKX,,1,"[0, 0, 0, 0, 0, 0, 0, 0, 1, 0]",,,91.72,45.13,195552.5
BAP,,1,"[0, 0, 0, 0, 0, 0, 0, 0, 1, 0]",,,402.27,236.66,334132.05
VRSN,,1,"[0, 0, 0, 0, 0, 0, 0, 0, 1, 0]",,,309.09,210.31,756383.45
HUBB,,1,"[0, 0, 0, 0, 0, 0, 0, 0, 1, 0]",,,554.46,402.45,486222.9
STRL,,1,"[0, 0, 0, 0, 0, 0, 0, 0, 1, 0]",,,993.74,283.57,536008.3
EC,,1,"[0, 0, 0, 0, 0, 0, 0, 0, 1, 0]",,,18.26,8.2,1522967.05
P,,1,"[0, 0, 0, 0, 0, 0, 0, 0, 1, 0]",,,134.13,56.99,7719034.65
AER,,1,"[0, 0, 0, 0, 0, 0, 0, 0, 1, 0]",,,154.82,118.85,1148647.0
PAAS,,1,"[0, 0, 0, 0, 0, 0, 0, 0, 1, 0]",,,68.06,32.89,3243349.6
DG,,1,"[0, 0, 0, 0, 0, 0, 0, 0, 1, 0]",,,154.71,94.6,2395276.45
VIV,,1,"[0, 0, 0, 0, 0, 0, 0, 0, 1, 0]",,,16.17,10.9,1357630.65
SYF,,1,"[0, 0, 0, 0, 0, 0, 0, 0, 1, 0]",,,87.38,63.25,2925193.8
ZS,,1,"[0, 0, 0, 0, 0, 0, 0, 0, 1, 0]",,,336.27,118.05,3545539.15
SQM,,1,"[0, 0, 0, 0, 0, 0, 0, 0, 1, 0]",,,92.85,39.55,1014381.6
BG,,1,"[0, 0, 0, 0, 0, 0, 0, 0, 1, 0]",,,130.59,78.75,2044573.45
FMX,,1,"[0, 0, 0, 0, 0, 0, 0, 0, 1, 0]",,,132.15,89.45,422385.35
MDB,,1,"[0, 0, 0, 0, 0, 0, 0, 0, 1, 0]",,,472.29,225.95,3127362.05
XPO,,1,"[0, 0, 0, 0, 0, 0, 0, 0, 1, 0]",,,228.37,123.66,1136327.1
ALB,,1,"[0, 0, 0, 0, 0, 0, 0, 0, 1, 0]",,,214.35,87.22,2615008.95
UTHR,,1,"[0, 0, 0, 0, 0, 0, 0, 0, 1, 0]",,,596.76,415.34,932829.25
FSLR,,1,"[0, 0, 0, 0, 0, 0, 0, 0, 1, 0]",,,318.25,172.11,2499422.55
TSN,,1,"[0, 0, 0, 0, 0, 0, 0, 0, 1, 0]",,,67.54,49.0,3770722.0
TSEM,,1,"[0, 0, 0, 0, 0, 0, 0, 0, 1, 0]",,,316.85,71.11,2004894.15
RF,,1,"[0, 0, 0, 0, 0, 0, 0, 0, 1, 0]",,,32.07,22.44,9302259.25
KEY,,1,"[0, 0, 0, 0, 0, 0, 0, 0, 1, 0]",,,23.76,16.12,15634804.8
TEAM,,1,"[0, 0, 0, 0, 0, 0, 0, 0, 1, 0]",,,195.67,57.15,3092288.85
LYB,,1,"[0, 0, 0, 0, 0, 0, 0, 0, 1, 0]",,,80.69,39.87,3703659.35
JBHT,,1,"[0, 0, 0, 0, 0, 0, 0, 0, 1, 0]",,,297.91,135.98,1239938.7
SBAC,,1,"[0, 0, 0, 0, 0, 0, 0, 0, 1, 0]",,,220.88,158.02,971685.65
WST,,1,"[0, 0, 0, 0, 0, 0, 0, 0, 1, 0]",,,376.63,230.63,638660.85
CPAY,,1,"[0, 0, 0, 0, 0, 0, 0, 0, 1, 0]",,,425.24,255.0,483691.8
ENTG,,1,"[0, 0, 0, 0, 0, 0, 0, 0, 1, 0]",,,183.84,68.64,2033558.25
NMR,,1,"[0, 0, 0, 0, 0, 0, 0, 0, 1, 0]",,,10.86,6.73,761830.2
IHG,,1,"[0, 0, 0, 0, 0, 0, 0, 0, 1, 0]",,,173.43,117.16,155903.35
FN,,1,"[0, 0, 0, 0, 0, 0, 0, 0, 1, 0]",,,746.47,361.94,750736.3
SBS,,1,"[0, 0, 0, 0, 0, 0, 0, 0, 1, 0]",,,7.08,4.43,6913808.4
WWD,,1,"[0, 0, 0, 0, 0, 0, 0, 0, 1, 0]",,,436.05,246.06,793918.9
SITM,,1,"[0, 0, 0, 0, 0, 0, 0, 0, 1, 0]",,,901.48,252.76,479788.1
INSM,,1,"[0, 0, 0, 0, 0, 0, 0, 0, 1, 0]",,,211.41,91.88,2304612.9
BEKE,,1,"[0, 0, 0, 0, 0, 0, 0, 0, 1, 0]",,,19.59,14.26,5632697.65
AKAM,,1,"[0, 0, 0, 0, 0, 0, 0, 0, 1, 0]",,,161.14,71.97,5889769.35
PFG,,1,"[0, 0, 0, 0, 0, 0, 0, 0, 1, 0]",,,118.51,75.78,1397174.15
RL,,1,"[0, 0, 0, 0, 0, 0, 0, 0, 1, 0]",,,412.07,306.04,682583.8
ATI,,1,"[0, 0, 0, 0, 0, 0, 0, 0, 1, 0]",,,231.78,80.04,1613367.75
MRNA,,1,"[0, 0, 0, 0, 0, 0, 0, 0, 1, 0]",,,203.46,22.36,14556492.65
ILMN,,1,"[0, 0, 0, 0, 0, 0, 0, 0, 1, 0]",,,273.9,91.0,4159016.7
AFRM,,1,"[0, 0, 0, 0, 0, 0, 0, 0, 1, 0]",,,85.78,42.53,4027565.65
CRS,,1,"[0, 0, 0, 0, 0, 0, 0, 0, 1, 0]",,,618.99,237.58,721568.3
SMCI,,1,"[0, 0, 0, 0, 0, 0, 0, 0, 1, 0]",,,58.68,20.53,38432319.35
MKSI,,1,"[0, 0, 0, 0, 0, 0, 0, 0, 1, 0]",,,444.39,120.75,1288988.45
IFF,,1,"[0, 0, 0, 0, 0, 0, 0, 0, 1, 0]",,,87.66,58.25,1753417.75
EXPD,,1,"[0, 0, 0, 0, 0, 0, 0, 0, 1, 0]",,,193.9,111.96,1073889.9
ROIV,,1,"[0, 0, 0, 0, 0, 0, 0, 0, 1, 0]",,,41.81,16.03,8789025.55
DD,,1,"[0, 0, 0, 0, 0, 0, 0, 0, 1, 0]",,,152.69,90.91,1099824.55
IREN,,1,"[0, 0, 0, 0, 0, 0, 0, 0, 1, 0]",,,76.41,29.31,35740467.85
RGLD,,1,"[0, 0, 0, 0, 0, 0, 0, 0, 1, 0]",,,303.02,168.01,658296.95
FUTU,,1,"[0, 0, 0, 0, 0, 0, 0, 0, 1, 0]",,,195.9,89.76,926873.3
ULS,,1,"[0, 0, 0, 0, 0, 0, 0, 0, 1, 0]",,,104.53,64.03,1021925.85
CHRW,,1,"[0, 0, 0, 0, 0, 0, 0, 0, 1, 0]",,,208.52,122.52,1442959.1
LUV,,1,"[0, 0, 0, 0, 0, 0, 0, 0, 1, 0]",,,54.07,29.15,6200141.0
DKS,,1,"[0, 0, 0, 0, 0, 0, 0, 0, 1, 0]",,,236.92,121.15,3094590.75
VTRS,,1,"[0, 0, 0, 0, 0, 0, 0, 0, 1, 0]",,,18.27,9.41,9026635.95
RCI,,1,"[0, 0, 0, 0, 0, 0, 0, 0, 1, 0]",,,39.83,30.72,1294783.05
FFIV,,1,"[0, 0, 0, 0, 0, 0, 0, 0, 1, 0]",,,455.99,223.99,562910.25
CX,,1,"[0, 0, 0, 0, 0, 0, 0, 0, 1, 0]",,,13.48,8.92,7279972.2
INCY,,1,"[0, 0, 0, 0, 0, 0, 0, 0, 1, 0]",,,129.93,83.8,1620183.7
KEP,,1,"[0, 0, 0, 0, 0, 0, 0, 0, 1, 0]",,,23.26,10.85,901456.15
APG,,1,"[0, 0, 0, 0, 0, 0, 0, 0, 1, 0]",,,49.4,33.64,3686955.1
SNX,,1,"[0, 0, 0, 0, 0, 0, 0, 0, 1, 0]",,,289.57,141.35,1144991.45
CDE,,1,"[0, 0, 0, 0, 0, 0, 0, 0, 1, 0]",,,27.12,13.8,34595525.95
RBC,,1,"[0, 0, 0, 0, 0, 0, 0, 0, 1, 0]",,,648.89,369.71,321957.75
BURL,,1,"[0, 0, 0, 0, 0, 0, 0, 0, 1, 0]",,,372.19,227.28,1661603.15
ROKU,,1,"[0, 0, 0, 0, 0, 0, 0, 0, 1, 0]",,,159.76,82.93,2078586.05
AMKR,,1,"[0, 0, 0, 0, 0, 0, 0, 0, 1, 0]",,,93.38,28.06,3888117.25
RS,,1,"[0, 0, 0, 0, 0, 0, 0, 0, 1, 0]",,,428.02,261.99,276025.1
BWXT,,1,"[0, 0, 0, 0, 0, 0, 0, 0, 1, 0]",,,237.73,134.35,1159299.9
ZTO,,1,"[0, 0, 0, 0, 0, 0, 0, 0, 1, 0]",,,25.88,18.21,3196382.6
NXT,,1,"[0, 0, 0, 0, 0, 0, 0, 0, 1, 0]",,,156.4,77.13,2108981.3
ITT,,1,"[0, 0, 0, 0, 0, 0, 0, 0, 1, 0]",,,220.83,168.49,888195.3
FTV,,1,"[0, 0, 0, 0, 0, 0, 0, 0, 1, 0]",,,64.01,47.59,2146531.15
IONQ,,1,"[0, 0, 0, 0, 0, 0, 0, 0, 1, 0]",,,82.09,26.59,24781850.6
AGI,,1,"[0, 0, 0, 0, 0, 0, 0, 0, 1, 0]",,,55.16,27.8,3665661.7
BCH,,1,"[0, 0, 0, 0, 0, 0, 0, 0, 1, 0]",,,43.7,28.29,304942.1
YPF,,1,"[0, 0, 0, 0, 0, 0, 0, 0, 1, 0]",,,57.61,23.99,1363889.6
CF,,1,"[0, 0, 0, 0, 0, 0, 0, 0, 1, 0]",,,139.27,74.99,2583663.55
MGA,,1,"[0, 0, 0, 0, 0, 0, 0, 0, 1, 0]",,,73.05,42.56,1108551.3
TLN,,1,"[0, 0, 0, 0, 0, 0, 0, 0, 1, 0]",,,445.84,282.15,868371.2
LSCC,,1,"[0, 0, 0, 0, 0, 0, 0, 0, 1, 0]",,,155.27,61.73,1792366.75
WMG,,1,"[0, 0, 0, 0, 0, 0, 0, 0, 1, 0]",,,34.31,23.35,2181002.95
CIB,,1,"[0, 0, 0, 0, 0, 0, 0, 0, 1, 0]",,,101.53,48.67,318609.5
WCC,,1,"[0, 0, 0, 0, 0, 0, 0, 0, 1, 0]",,,373.56,206.94,493284.3
JBS,,1,"[0, 0, 0, 0, 0, 0, 0, 0, 1, 0]",,,17.05,10.86,5272791.85
WSO,,1,"[0, 0, 0, 0, 0, 0, 0, 0, 1, 0]",,,452.97,300.8,461560.5
DOCN,,1,"[0, 0, 0, 0, 0, 0, 0, 0, 1, 0]",,,181.29,37.29,2782806.55
EWBC,,1,"[0, 0, 0, 0, 0, 0, 0, 0, 1, 0]",,,136.6,91.94,845172.15
AA,,1,"[0, 0, 0, 0, 0, 0, 0, 0, 1, 0]",,,83.63,33.53,3865771.75
PR,,1,"[0, 0, 0, 0, 0, 0, 0, 0, 1, 0]",,,24.33,11.68,10493177.25
NVMI,,1,"[0, 0, 0, 0, 0, 0, 0, 0, 1, 0]",,,605.65,275.78,548443.15
RTO,,1,"[0, 0, 0, 0, 0, 0, 0, 0, 1, 0]",,,34.2,19.75,2204370.25
OWL,,1,"[0, 0, 0, 0, 0, 0, 0, 0, 1, 0]",,,15.9,7.89,19015167.65
OVV,,1,"[0, 0, 0, 0, 0, 0, 0, 0, 1, 0]",,,66.97,35.16,3413979.75
TTMI,,1,"[0, 0, 0, 0, 0, 0, 0, 0, 1, 0]",,,221.47,53.58,1893849.2
BEN,,1,"[0, 0, 0, 0, 0, 0, 0, 0, 1, 0]",,,35.41,20.18,4056610.8
IEX,,1,"[0, 0, 0, 0, 0, 0, 0, 0, 1, 0]",,,240.52,159.17,607624.1
LAMR,,1,"[0, 0, 0, 0, 0, 0, 0, 0, 1, 0]",,,162.48,110.67,523985.5
VNOM,,1,"[0, 0, 0, 0, 0, 0, 0, 0, 1, 0]",,,49.44,34.2,2006245.1
GNRC,,1,"[0, 0, 0, 0, 0, 0, 0, 0, 1, 0]",,,295.54,136.37,1458197.85
NDSN,,1,"[0, 0, 0, 0, 0, 0, 0, 0, 1, 0]",,,333.7,223.9,363231.6
SN,,1,"[0, 0, 0, 0, 0, 0, 0, 0, 1, 0]",,,192.86,84.57,2063721.15
H,,1,"[0, 0, 0, 0, 0, 0, 0, 0, 1, 0]",,,201.92,134.94,810778.7
BALL,,1,"[0, 0, 0, 0, 0, 0, 0, 0, 1, 0]",,,67.1,45.77,2096767.5
MLI,,1,"[0, 0, 0, 0, 0, 0, 0, 0, 1, 0]",,,70.03,47.96,1890491.75
LOGI,,1,"[0, 0, 0, 0, 0, 0, 0, 0, 1, 0]",,,124.62,84.44,723101.1
CLH,,1,"[0, 0, 0, 0, 0, 0, 0, 0, 1, 0]",,,326.34,201.73,381692.7
GMAB,,1,"[0, 0, 0, 0, 0, 0, 0, 0, 1, 0]",,,35.67,23.85,2797902.0
PAA,,1,"[0, 0, 0, 0, 0, 0, 0, 0, 1, 0]",,,26.1,14.64,2748219.3
NBIX,,1,"[0, 0, 0, 0, 0, 0, 0, 0, 1, 0]",,,185.5,123.1,1343640.4
HST,,1,"[0, 0, 0, 0, 0, 0, 0, 0, 1, 0]",,,25.31,14.65,8759064.35
JLL,,1,"[0, 0, 0, 0, 0, 0, 0, 0, 1, 0]",,,392.79,280.16,394623.65
ASND,,1,"[0, 0, 0, 0, 0, 0, 0, 0, 1, 0]",,,277.18,196.01,907826.6
LECO,,1,"[0, 0, 0, 0, 0, 0, 0, 0, 1, 0]",,,296.16,217.92,427420.3
OKTA,,1,"[0, 0, 0, 0, 0, 0, 0, 0, 1, 0]",,,212.63,62.93,3902331.55
HTHT,,1,"[0, 0, 0, 0, 0, 0, 0, 0, 1, 0]",,,53.59,35.36,1399845.05
DTM,,1,"[0, 0, 0, 0, 0, 0, 0, 0, 1, 0]",,,149.69,102.85,903421.85
MOD,,1,"[0, 0, 0, 0, 0, 0, 0, 0, 1, 0]",,,306.89,119.68,1346214.15
RRX,,1,"[0, 0, 0, 0, 0, 0, 0, 0, 1, 0]",,,237.66,127.69,1161395.85
BSAC,,1,"[0, 0, 0, 0, 0, 0, 0, 0, 1, 0]",,,36.15,24.8,284474.35
JAZZ,,1,"[0, 0, 0, 0, 0, 0, 0, 0, 1, 0]",,,261.62,131.16,731005.25
ONTO,,1,"[0, 0, 0, 0, 0, 0, 0, 0, 1, 0]",,,378.45,121.34,839753.9
OHI,,1,"[0, 0, 0, 0, 0, 0, 0, 0, 1, 0]",,,51.03,37.16,2116139.3
SMMT,,1,"[0, 0, 0, 0, 0, 0, 0, 0, 1, 0]",,,26.38,12.43,7424968.35
RMBS,,1,"[0, 0, 0, 0, 0, 0, 0, 0, 1, 0]",,,170.66,79.73,2642976.45
AUR,,1,"[0, 0, 0, 0, 0, 0, 0, 0, 1, 0]",,,8.4,3.77,32683477.3
NIO,,1,"[0, 0, 0, 0, 0, 0, 0, 0, 1, 0]",,,7.85,3.4,33513253.8
HAS,,1,"[0, 0, 0, 0, 0, 0, 0, 0, 1, 0]",,,103.58,68.73,1769198.35
LTM,,1,"[0, 0, 0, 0, 0, 0, 0, 0, 1, 0]",,,68.29,41.47,702646.95
SUN,,1,"[0, 0, 0, 0, 0, 0, 0, 0, 1, 0]",,,79.97,45.99,677195.25
QXO,,1,"[0, 0, 0, 0, 0, 0, 0, 0, 1, 0]",,,27.07,11.27,20111026.75
AEIS,,1,"[0, 0, 0, 0, 0, 0, 0, 0, 1, 0]",,,388.79,169.37,511575.2
ALLY,,1,"[0, 0, 0, 0, 0, 0, 0, 0, 1, 0]",,,46.92,35.47,3775105.8
PL,,1,"[0, 0, 0, 0, 0, 0, 0, 0, 1, 0]",,,51.4,11.16,12452603.6
EVR,,1,"[0, 0, 0, 0, 0, 0, 0, 0, 1, 0]",,,379.99,256.93,503871.1
SKM,,1,"[0, 0, 0, 0, 0, 0, 0, 0, 1, 0]",,,46.0,19.68,1131933.1
TIGO,,1,"[0, 0, 0, 0, 0, 0, 0, 0, 1, 0]",,,104.31,43.67,857293.35
SANM,,1,"[0, 0, 0, 0, 0, 0, 0, 0, 1, 0]",,,282.72,114.08,587229.0
IESC,,1,"[0, 0, 0, 0, 0, 0, 0, 0, 1, 0]",,,396.98,178.97,249682.3
BBIO,,1,"[0, 0, 0, 0, 0, 0, 0, 0, 1, 0]",,,90.17,52.86,3021156.3
TOL,,1,"[0, 0, 0, 0, 0, 0, 0, 0, 1, 0]",,,165.52,123.92,1187704.05
DINO,,1,"[0, 0, 0, 0, 0, 0, 0, 0, 1, 0]",,,116.62,44.83,2806013.8
NYT,,1,"[0, 0, 0, 0, 0, 0, 0, 0, 1, 0]",,,85.59,54.2,3658133.25
DY,,1,"[0, 0, 0, 0, 0, 0, 0, 0, 1, 0]",,,535.2,266.79,648137.85
RBRK,,1,"[0, 0, 0, 0, 0, 0, 0, 0, 1, 0]",,,115.57,43.81,3069710.05
DVA,,1,"[0, 0, 0, 0, 0, 0, 0, 0, 1, 0]",,,240.96,103.87,716176.45
GH,,1,"[0, 0, 0, 0, 0, 0, 0, 0, 1, 0]",,,183.1,61.73,1835345.5
PEN,,1,"[0, 0, 0, 0, 0, 0, 0, 0, 1, 0]",,,359.4,225.54,380853.85
BMNR,,1,"[0, 0, 0, 0, 0, 0, 0, 0, 1, 0]",,,63.2,13.31,39472416.8
SWK,,1,"[0, 0, 0, 0, 0, 0, 0, 0, 1, 0]",,,103.1,59.56,1739881.75
ENLT,,1,"[0, 0, 0, 0, 0, 0, 0, 0, 1, 0]",,,107.42,31.31,195981.65
OKLO,,1,"[0, 0, 0, 0, 0, 0, 0, 0, 1, 0]",,,174.14,35.62,10136774.0
BWA,,1,"[0, 0, 0, 0, 0, 0, 0, 0, 1, 0]",,,76.83,40.47,2450844.3
APA,,1,"[0, 0, 0, 0, 0, 0, 0, 0, 1, 0]",,,47.41,21.16,6216543.7
IONS,,1,"[0, 0, 0, 0, 0, 0, 0, 0, 1, 0]",,,86.5,43.81,4592290.45
HL,,1,"[0, 0, 0, 0, 0, 0, 0, 0, 1, 0]",,,31.79,11.89,36706494.5
HII,,1,"[0, 0, 0, 0, 0, 0, 0, 0, 1, 0]",,,449.68,257.05,521816.7
SOLS,,1,"[0, 0, 0, 0, 0, 0, 0, 0, 1, 0]",,,88.48,41.3,2118146.75
FIVE,,1,"[0, 0, 0, 0, 0, 0, 0, 0, 1, 0]",,,262.72,138.49,1124045.15
FPS,,1,"[0, 0, 0, 0, 0, 0, 0, 0, 1, 0]",,,64.59,27.97,11245777.8
U,,1,"[0, 0, 0, 0, 0, 0, 0, 0, 1, 0]",,,49.47,17.13,10127238.25
IVZ,,1,"[0, 0, 0, 0, 0, 0, 0, 0, 1, 0]",,,33.31,21.78,4442756.25
NTNX,,1,"[0, 0, 0, 0, 0, 0, 0, 0, 1, 0]",,,76.22,34.41,2348397.2
MEDP,,1,"[0, 0, 0, 0, 0, 0, 0, 0, 1, 0]",,,630.19,393.42,249544.85
EXEL,,1,"[0, 0, 0, 0, 0, 0, 0, 0, 1, 0]",,,59.13,34.54,2123137.8
ALGN,,1,"[0, 0, 0, 0, 0, 0, 0, 0, 1, 0]",,,197.51,125.79,906871.95
WLK,,1,"[0, 0, 0, 0, 0, 0, 0, 0, 1, 0]",,,121.8,54.89,837205.25
SAIA,,1,"[0, 0, 0, 0, 0, 0, 0, 0, 1, 0]",,,487.14,250.48,348441.65
MP,,1,"[0, 0, 0, 0, 0, 0, 0, 0, 1, 0]",,,98.65,38.1,5382606.85
VIAV,,1,"[0, 0, 0, 0, 0, 0, 0, 0, 1, 0]",,,55.33,12.27,6021563.3
AAOI,,1,"[0, 0, 0, 0, 0, 0, 0, 0, 1, 0]",,,223.1,19.49,7524592.45
PINS,,1,"[0, 0, 0, 0, 0, 0, 0, 0, 1, 0]",,,35.24,15.42,15135926.95
AIZ,,1,"[0, 0, 0, 0, 0, 0, 0, 0, 1, 0]",,,300.64,204.72,406004.95
ELAN,,1,"[0, 0, 0, 0, 0, 0, 0, 0, 1, 0]",,,26.84,19.76,5574550.6
GLXY,,1,"[0, 0, 0, 0, 0, 0, 0, 0, 1, 0]",,,42.86,16.84,4847433.9
APLD,,1,"[0, 0, 0, 0, 0, 0, 0, 0, 1, 0]",,,49.65,20.55,16256883.7
MDGL,,1,"[0, 0, 0, 0, 0, 0, 0, 0, 1, 0]",,,602.83,412.35,235711.45
VICR,,1,"[0, 0, 0, 0, 0, 0, 0, 0, 1, 0]",,,379.78,48.56,936889.3
COKE,,1,"[0, 0, 0, 0, 0, 0, 0, 0, 1, 0]",,,216.33,118.04,570639.95
LFUS,,1,"[0, 0, 0, 0, 0, 0, 0, 0, 1, 0]",,,488.16,233.58,190332.4
FORM,,1,"[0, 0, 0, 0, 0, 0, 0, 0, 1, 0]",,,159.93,38.14,1280727.6
AAON,,1,"[0, 0, 0, 0, 0, 0, 0, 0, 1, 0]",,,147.96,73.25,1206540.9
TFII,,1,"[0, 0, 0, 0, 0, 0, 0, 0, 1, 0]",,,162.2,79.78,249317.75
AIT,,1,"[0, 0, 0, 0, 0, 0, 0, 0, 1, 0]",,,361.95,239.46,287175.4
SMTC,,1,"[0, 0, 0, 0, 0, 0, 0, 0, 1, 0]",,,186.59,62.57,3506906.2
WULF,,1,"[0, 0, 0, 0, 0, 0, 0, 0, 1, 0]",,,28.98,10.99,27677469.05
POWL,,1,"[0, 0, 0, 0, 0, 0, 0, 0, 1, 0]",,,321.8,93.9,523729.25
TIMB,,1,"[0, 0, 0, 0, 0, 0, 0, 0, 1, 0]",,,27.75,17.28,478580.0
AXSM,,1,"[0, 0, 0, 0, 0, 0, 0, 0, 1, 0]",,,255.17,118.64,722696.05
WMS,,1,"[0, 0, 0, 0, 0, 0, 0, 0, 1, 0]",,,174.69,125.33,780162.75
HMY,,1,"[0, 0, 0, 0, 0, 0, 0, 0, 1, 0]",,,25.55,13.07,3856683.4
HUT,,1,"[0, 0, 0, 0, 0, 0, 0, 0, 1, 0]",,,133.02,33.76,4542733.05
IAG,,1,"[0, 0, 0, 0, 0, 0, 0, 0, 1, 0]",,,24.57,10.96,5431743.8
CGNX,,1,"[0, 0, 0, 0, 0, 0, 0, 0, 1, 0]",,,72.32,34.65,1543885.05
KTOS,,1,"[0, 0, 0, 0, 0, 0, 0, 0, 1, 0]",,,130.72,42.69,4152004.95
JEF,,1,"[0, 0, 0, 0, 0, 0, 0, 0, 1, 0]",,,64.78,35.48,2613157.5
AG,,1,"[0, 0, 0, 0, 0, 0, 0, 0, 1, 0]",,,31.96,10.65,9238066.3
EMBJ,,1,"[0, 0, 0, 0, 0, 0, 0, 0, 1, 0]",,,79.43,53.52,1230762.65
ESI,,1,"[0, 0, 0, 0, 0, 0, 0, 0, 1, 0]",,,48.98,22.77,4451724.85
JOBY,,1,"[0, 0, 0, 0, 0, 0, 0, 0, 1, 0]",,,19.57,5.96,24752498.2
MUSA,,1,"[0, 0, 0, 0, 0, 0, 0, 0, 1, 0]",,,622.07,354.79,254237.85
BTSG,,1,"[0, 0, 0, 0, 0, 0, 0, 0, 1, 0]",,,72.91,28.36,2663316.0
GSAT,,1,"[0, 0, 0, 0, 0, 0, 0, 0, 1, 0]",,,84.43,41.54,565667.4
GMED,,1,"[0, 0, 0, 0, 0, 0, 0, 0, 1, 0]",,,96.82,56.57,1610881.15
BEP,,1,"[0, 0, 0, 0, 0, 0, 0, 0, 1, 0]",,,36.63,25.38,1142069.1
KNX,,1,"[0, 0, 0, 0, 0, 0, 0, 0, 1, 0]",,,82.21,40.91,3838014.95
ALSN,,1,"[0, 0, 0, 0, 0, 0, 0, 0, 1, 0]",,,135.36,78.44,819018.85
SNAP,,1,"[0, 0, 0, 0, 0, 0, 0, 0, 1, 0]",,,9.09,3.93,32542696.5
ARWR,,1,"[0, 0, 0, 0, 0, 0, 0, 0, 1, 0]",,,89.59,35.41,2343014.0
WTFC,,1,"[0, 0, 0, 0, 0, 0, 0, 0, 1, 0]",,,166.33,118.51,461544.15
AES,,1,"[0, 0, 0, 0, 0, 0, 0, 0, 1, 0]",,,16.87,12.97,8088583.45
SPXC,,1,"[0, 0, 0, 0, 0, 0, 0, 0, 1, 0]",,,246.41,169.56,625133.0
VFS,,1,"[0, 0, 0, 0, 0, 0, 0, 0, 1, 0]",,,4.76,2.81,389310.25
AHR,,1,"[0, 0, 0, 0, 0, 0, 0, 0, 1, 0]",,,57.44,39.38,3255612.2
DAR,,1,"[0, 0, 0, 0, 0, 0, 0, 0, 1, 0]",,,68.34,29.91,2224449.4
FCFS,,1,"[0, 0, 0, 0, 0, 0, 0, 0, 1, 0]",,,236.43,146.77,373050.65
UMBF,,1,"[0, 0, 0, 0, 0, 0, 0, 0, 1, 0]",,,151.5,102.51,701047.6
ARW,,1,"[0, 0, 0, 0, 0, 0, 0, 0, 1, 0]",,,234.83,101.87,580778.65
MOG-A,,1,"[0, 0, 0, 0, 0, 0, 0, 0, 1, 0]",,,445.38,194.79,282007.8
HBM,,1,"[0, 0, 0, 0, 0, 0, 0, 0, 1, 0]",,,31.85,14.57,4143236.4
MGM,,1,"[0, 0, 0, 0, 0, 0, 0, 0, 1, 0]",,,50.69,30.47,4913530.45
VMI,,1,"[0, 0, 0, 0, 0, 0, 0, 0, 1, 0]",,,581.82,376.74,181352.65
ABVX,,1,"[0, 0, 0, 0, 0, 0, 0, 0, 1, 0]",,,145.31,72.5,1385815.4
CTRE,,1,"[0, 0, 0, 0, 0, 0, 0, 0, 1, 0]",,,42.95,31.61,2359228.55
MOH,,1,"[0, 0, 0, 0, 0, 0, 0, 0, 1, 0]",,,242.88,122.65,618596.1
BPOP,,1,"[0, 0, 0, 0, 0, 0, 0, 0, 1, 0]",,,176.9,106.79,582321.3
SNEX,,1,"[0, 0, 0, 0, 0, 0, 0, 0, 1, 0]",,,92.67,37.2,908116.05
CYTK,,1,"[0, 0, 0, 0, 0, 0, 0, 0, 1, 0]",,,87.26,54.76,2092771.15
VSAT,,1,"[0, 0, 0, 0, 0, 0, 0, 0, 1, 0]",,,89.81,30.35,1656234.1
ICLR,,1,"[0, 0, 0, 0, 0, 0, 0, 0, 1, 0]",,,202.92,80.08,1071352.0
AGX,,1,"[0, 0, 0, 0, 0, 0, 0, 0, 1, 0]",,,797.9,254.93,416745.35
CAMT,,1,"[0, 0, 0, 0, 0, 0, 0, 0, 1, 0]",,,207.46,94.4,373341.7
SBSW,,1,"[0, 0, 0, 0, 0, 0, 0, 0, 1, 0]",,,19.67,7.67,5239527.5
ELPC,,1,"[0, 0, 0, 0, 0, 0, 0, 0, 1, 0]",,,13.39,8.16,528906.8
TTC,,1,"[0, 0, 0, 0, 0, 0, 0, 0, 1, 0]",,,100.89,67.07,931869.15
R,,1,"[0, 0, 0, 0, 0, 0, 0, 0, 1, 0]",,,279.21,157.4,256939.2
CAVA,,1,"[0, 0, 0, 0, 0, 0, 0, 0, 1, 0]",,,97.39,43.59,3888769.2
PRAX,,1,"[0, 0, 0, 0, 0, 0, 0, 0, 1, 0]",,,386.33,50.98,458229.6
ZION,,1,"[0, 0, 0, 0, 0, 0, 0, 0, 1, 0]",,,72.82,45.54,1568715.25
SIRI,,1,"[0, 0, 0, 0, 0, 0, 0, 0, 1, 0]",,,32.3,19.3,4375629.7
RIOT,,1,"[0, 0, 0, 0, 0, 0, 0, 0, 1, 0]",,,28.69,11.83,16012159.6
FLS,,1,"[0, 0, 0, 0, 0, 0, 0, 0, 1, 0]",,,91.23,48.51,1562794.55
ALGM,,1,"[0, 0, 0, 0, 0, 0, 0, 0, 1, 0]",,,69.62,22.8,2612419.55
GDS,,1,"[0, 0, 0, 0, 0, 0, 0, 0, 1, 0]",,,47.52,29.02,1326403.45
KRYS,,1,"[0, 0, 0, 0, 0, 0, 0, 0, 1, 0]",,,378.15,180.57,290105.15
EGO,,1,"[0, 0, 0, 0, 0, 0, 0, 0, 1, 0]",,,49.43,24.79,3240431.2
GGB,,1,"[0, 0, 0, 0, 0, 0, 0, 0, 1, 0]",,,5.15,3.08,11683961.05
MXL,,1,"[0, 0, 0, 0, 0, 0, 0, 0, 1, 0]",,,128.03,13.05,3059872.9
IBRX,,1,"[0, 0, 0, 0, 0, 0, 0, 0, 1, 0]",,,11.55,1.98,12967343.95
AAL,,1,"[0, 0, 0, 0, 0, 0, 0, 0, 1, 0]",,,18.15,10.18,70946876.65
DDS,,1,"[0, 0, 0, 0, 0, 0, 0, 0, 1, 0]",,,699.21,510.16,195605.65
FRO,,1,"[0, 0, 0, 0, 0, 0, 0, 0, 1, 0]",,,51.54,17.91,4013233.35
CRUS,,1,"[0, 0, 0, 0, 0, 0, 0, 0, 1, 0]",,,178.9,108.48,855288.1
BVN,,1,"[0, 0, 0, 0, 0, 0, 0, 0, 1, 0]",,,42.44,20.43,1159600.75
W,,1,"[0, 0, 0, 0, 0, 0, 0, 0, 1, 0]",,,119.05,57.4,2426288.75
LUMN,,1,"[0, 0, 0, 0, 0, 0, 0, 0, 1, 0]",,,11.83,5.53,13257748.2
LLYVK,,1,"[0, 0, 0, 0, 0, 0, 0, 0, 1, 0]",,,108.86,77.33,317683.25
LLYVA,,1,"[0, 0, 0, 0, 0, 0, 0, 0, 1, 0]",,,104.99,74.85,145481.7
LEVI,,1,"[0, 0, 0, 0, 0, 0, 0, 0, 1, 0]",,,25.53,17.69,2602610.35
COLB,,1,"[0, 0, 0, 0, 0, 0, 0, 0, 1, 0]",,,33.2,22.9,2860643.2
OSK,,1,"[0, 0, 0, 0, 0, 0, 0, 0, 1, 0]",,,176.5,117.24,662790.5
MTCH,,1,"[0, 0, 0, 0, 0, 0, 0, 0, 1, 0]",,,44.4,28.57,3457169.65
FR,,1,"[0, 0, 0, 0, 0, 0, 0, 0, 1, 0]",,,68.3,48.65,1100280.05
CRL,,1,"[0, 0, 0, 0, 0, 0, 0, 0, 1, 0]",,,298.58,149.93,959942.1
FROG,,1,"[0, 0, 0, 0, 0, 0, 0, 0, 1, 0]",,,104.03,34.75,1653277.15
ZWS,,1,"[0, 0, 0, 0, 0, 0, 0, 0, 1, 0]",,,53.06,43.5,891568.05
SIMO,,1,"[0, 0, 0, 0, 0, 0, 0, 0, 1, 0]",,,336.22,79.53,735298.4
ENS,,1,"[0, 0, 0, 0, 0, 0, 0, 0, 1, 0]",,,242.66,108.67,555712.35
PRMB,,1,"[0, 0, 0, 0, 0, 0, 0, 0, 1, 0]",,,25.26,14.14,3999326.3
EMN,,1,"[0, 0, 0, 0, 0, 0, 0, 0, 1, 0]",,,78.5,53.69,1243237.6
CIFR,,1,"[0, 0, 0, 0, 0, 0, 0, 0, 1, 0]",,,29.18,12.02,35211237.05
QBTS,,1,"[0, 0, 0, 0, 0, 0, 0, 0, 1, 0]",,,44.78,12.98,16494799.25
ECG,,1,"[0, 0, 0, 0, 0, 0, 0, 0, 1, 0]",,,169.16,80.07,390497.95
FIGR,,1,"[0, 0, 0, 0, 0, 0, 0, 0, 1, 0]",,,73.91,24.91,4901306.0
ICL,,1,"[0, 0, 0, 0, 0, 0, 0, 0, 1, 0]",,,6.7,4.67,1219247.6
TKR,,1,"[0, 0, 0, 0, 0, 0, 0, 0, 1, 0]",,,144.93,69.84,973260.85
SSL,,1,"[0, 0, 0, 0, 0, 0, 0, 0, 1, 0]",,,15.11,5.33,2006573.5
KRMN,,1,"[0, 0, 0, 0, 0, 0, 0, 0, 1, 0]",,,115.29,31.89,4226795.1
BOKF,,1,"[0, 0, 0, 0, 0, 0, 0, 0, 1, 0]",,,145.44,101.73,288342.8
NXE,,1,"[0, 0, 0, 0, 0, 0, 0, 0, 1, 0]",,,13.92,7.56,4119274.85
NE,,1,"[0, 0, 0, 0, 0, 0, 0, 0, 1, 0]",,,53.23,25.47,1216508.15
AMG,,1,"[0, 0, 0, 0, 0, 0, 0, 0, 1, 0]",,,383.41,230.75,284793.45
IDA,,1,"[0, 0, 0, 0, 0, 0, 0, 0, 1, 0]",,,153.61,122.42,666876.55
VIRT,,1,"[0, 0, 0, 0, 0, 0, 0, 0, 1, 0]",,,67.68,31.71,1202920.1
MSGS,,1,"[0, 0, 0, 0, 0, 0, 0, 0, 1, 0]",,,416.34,212.91,322057.0
ROAD,,1,"[0, 0, 0, 0, 0, 0, 0, 0, 1, 0]",,,140.48,89.85,589170.45
CMC,,1,"[0, 0, 0, 0, 0, 0, 0, 0, 1, 0]",,,82.67,54.7,1121603.35
JXN,,1,"[0, 0, 0, 0, 0, 0, 0, 0, 1, 0]",,,139.72,87.8,941775.15
ESE,,1,"[0, 0, 0, 0, 0, 0, 0, 0, 1, 0]",,,,,248814.6
GKOS,,1,"[0, 0, 0, 0, 0, 0, 0, 0, 1, 0]",,,189.55,74.67,865506.8
CWEN,,1,"[0, 0, 0, 0, 0, 0, 0, 0, 1, 0]",,,40.64,28.83,1216176.5
CIG,,1,"[0, 0, 0, 0, 0, 0, 0, 0, 1, 0]",,,2.62,1.79,5105735.2
MBLY,,1,"[0, 0, 0, 0, 0, 0, 0, 0, 1, 0]",,,15.54,6.56,5843034.2
KNTK,,1,"[0, 0, 0, 0, 0, 0, 0, 0, 1, 0]",,,55.1,30.05,1406706.0
CHRD,,1,"[0, 0, 0, 0, 0, 0, 0, 0, 1, 0]",,,157.0,81.47,720407.7
MIDD,,1,"[0, 0, 0, 0, 0, 0, 0, 0, 1, 0]",,,144.17,89.85,623520.8
PCVX,,1,"[0, 0, 0, 0, 0, 0, 0, 0, 1, 0]",,,63.3,40.32,1495816.05
KEX,,1,"[0, 0, 0, 0, 0, 0, 0, 0, 1, 0]",,,152.59,79.95,458902.25
HALO,,1,"[0, 0, 0, 0, 0, 0, 0, 0, 1, 0]",,,115.22,61.63,2548044.4
YOU,,1,"[0, 0, 0, 0, 0, 0, 0, 0, 1, 0]",,,61.97,29.1,2153377.75
ORA,,1,"[0, 0, 0, 0, 0, 0, 0, 0, 1, 0]",,,144.94,89.66,1017448.0
VLY,,1,"[0, 0, 0, 0, 0, 0, 0, 0, 1, 0]",,,15.07,9.39,7580129.45
VFC,,1,"[0, 0, 0, 0, 0, 0, 0, 0, 1, 0]",,,21.29,12.62,8306944.25
WFRD,,1,"[0, 0, 0, 0, 0, 0, 0, 0, 1, 0]",,,111.07,60.73,1002049.55
CORZ,,1,"[0, 0, 0, 0, 0, 0, 0, 0, 1, 0]",,,29.16,13.57,11217522.85
TEX,,1,"[0, 0, 0, 0, 0, 0, 0, 0, 1, 0]",,,74.39,41.45,1218397.5
SOBO,,1,"[0, 0, 0, 0, 0, 0, 0, 0, 1, 0]",,,38.1,24.18,763484.15
FAF,,1,"[0, 0, 0, 0, 0, 0, 0, 0, 1, 0]",,,78.43,55.86,1042484.55
IDCC,,1,"[0, 0, 0, 0, 0, 0, 0, 0, 1, 0]",,,393.78,250.11,213199.0
OR,,1,"[0, 0, 0, 0, 0, 0, 0, 0, 1, 0]",,,47.47,28.0,820770.55
HXL,,1,"[0, 0, 0, 0, 0, 0, 0, 0, 1, 0]",,,110.09,60.71,908198.85
OGC,,1,"[0, 0, 0, 0, 0, 0, 0, 0, 1, 0]",,,42.25,20.99,691896.55
SLAB,,1,"[0, 0, 0, 0, 0, 0, 0, 0, 1, 0]",,,222.51,116.08,278388.6
RIG,,1,"[0, 0, 0, 0, 0, 0, 0, 0, 1, 0]",,,7.58,3.08,44260916.25
PLXS,,1,"[0, 0, 0, 0, 0, 0, 0, 0, 1, 0]",,,303.82,132.74,213455.05
GGAL,,1,"[0, 0, 0, 0, 0, 0, 0, 0, 1, 0]",,,58.55,26.72,765884.55
SSRM,,1,"[0, 0, 0, 0, 0, 0, 0, 0, 1, 0]",,,39.21,19.46,2303342.0
LTH,,1,"[0, 0, 0, 0, 0, 0, 0, 0, 1, 0]",,,45.73,24.59,3470742.1
KYMR,,1,"[0, 0, 0, 0, 0, 0, 0, 0, 1, 0]",,,127.31,55.8,782703.55
SM,,1,"[0, 0, 0, 0, 0, 0, 0, 0, 1, 0]",,,41.29,17.2,4089314.8
LEA,,1,"[0, 0, 0, 0, 0, 0, 0, 0, 1, 0]",,,147.77,94.39,663800.05
HR,,1,"[0, 0, 0, 0, 0, 0, 0, 0, 1, 0]",,,21.6,15.74,4096205.7
RHP,,1,"[0, 0, 0, 0, 0, 0, 0, 0, 1, 0]",,,134.65,82.15,590721.35
NOV,,1,"[0, 0, 0, 0, 0, 0, 0, 0, 1, 0]",,,21.62,12.04,3270531.0
DBX,,1,"[0, 0, 0, 0, 0, 0, 0, 0, 1, 0]",,,37.74,22.06,4874410.8
TFPM,,1,"[0, 0, 0, 0, 0, 0, 0, 0, 1, 0]",,,41.15,26.8,456290.25
AUGO,,1,"[0, 0, 0, 0, 0, 0, 0, 0, 1, 0]",,,107.02,29.37,1041253.45
MTDR,,1,"[0, 0, 0, 0, 0, 0, 0, 0, 1, 0]",,,64.51,36.03,1842330.65
MYRG,,1,"[0, 0, 0, 0, 0, 0, 0, 0, 1, 0]",,,501.13,196.57,245760.15
AVT,,1,"[0, 0, 0, 0, 0, 0, 0, 0, 1, 0]",,,103.08,43.47,1435020.9
LGN,,1,"[0, 0, 0, 0, 0, 0, 0, 0, 1, 0]",,,102.27,30.57,954714.75
BRKR,,1,"[0, 0, 0, 0, 0, 0, 0, 0, 1, 0]",,,64.75,32.66,2353384.7
SGHC,,1,"[0, 0, 0, 0, 0, 0, 0, 0, 1, 0]",,,15.53,8.42,2837219.75
STEP,,1,"[0, 0, 0, 0, 0, 0, 0, 0, 1, 0]",,,73.91,39.28,1145453.4
UGP,,1,"[0, 0, 0, 0, 0, 0, 0, 0, 1, 0]",,,7.69,3.53,3892837.95
VAL,,1,"[0, 0, 0, 0, 0, 0, 0, 0, 1, 0]",,,113.42,46.75,1324928.8
BLSH,,1,"[0, 0, 0, 0, 0, 0, 0, 0, 1, 0]",,,68.79,21.79,1414623.75
TGTX,,1,"[0, 0, 0, 0, 0, 0, 0, 0, 1, 0]",,,59.06,26.94,1792685.55
MIRM,,1,"[0, 0, 0, 0, 0, 0, 0, 0, 1, 0]",,,128.57,64.1,796411.85
ST,,1,"[0, 0, 0, 0, 0, 0, 0, 0, 1, 0]",,,53.41,28.29,1354872.95
NPO,,1,"[0, 0, 0, 0, 0, 0, 0, 0, 1, 0]",,,387.22,201.58,165301.4
PAYC,,1,"[0, 0, 0, 0, 0, 0, 0, 0, 1, 0]",,,240.52,113.1,753804.5
SYRE,,1,"[0, 0, 0, 0, 0, 0, 0, 0, 1, 0]",,,108.92,15.89,1291650.65
SWX,,1,"[0, 0, 0, 0, 0, 0, 0, 0, 1, 0]",,,92.72,75.03,822526.85
COMP,,1,"[0, 0, 0, 0, 0, 0, 0, 0, 1, 0]",,,13.58,6.68,16428840.7
AROC,,1,"[0, 0, 0, 0, 0, 0, 0, 0, 1, 0]",,,41.68,22.6,1704663.65
AXTI,,1,"[0, 0, 0, 0, 0, 0, 0, 0, 1, 0]",,,140.83,4.03,8954168.3
RSI,,1,"[0, 0, 0, 0, 0, 0, 0, 0, 1, 0]",,,34.52,15.89,3815047.2
RYTM,,1,"[0, 0, 0, 0, 0, 0, 0, 0, 1, 0]",,,117.62,75.82,701308.7
HIMS,,1,"[0, 0, 0, 0, 0, 0, 0, 0, 1, 0]",,,62.76,14.52,9573654.75
PTGX,,1,"[0, 0, 0, 0, 0, 0, 0, 0, 1, 0]",,,158.62,64.14,729774.95
ACA,,1,"[0, 0, 0, 0, 0, 0, 0, 0, 1, 0]",,,146.62,88.99,739191.25
FNB,,1,"[0, 0, 0, 0, 0, 0, 0, 0, 1, 0]",,,19.35,14.23,4557012.4
FLY,,1,"[0, 0, 0, 0, 0, 0, 0, 0, 1, 0]",,,58.81,16.78,3299025.75
CELC,,1,"[0, 0, 0, 0, 0, 0, 0, 0, 1, 0]",,,144.98,46.07,1009679.3
ENIC,,1,"[0, 0, 0, 0, 0, 0, 0, 0, 1, 0]",,,4.66,3.56,689246.95
INGM,,1,"[0, 0, 0, 0, 0, 0, 0, 0, 1, 0]",,,31.54,19.32,2645230.9
LUNR,,1,"[0, 0, 0, 0, 0, 0, 0, 0, 1, 0]",,,45.7,8.05,7718808.95
RGTI,,1,"[0, 0, 0, 0, 0, 0, 0, 0, 1, 0]",,,56.34,12.9,16982186.3
CLF,,1,"[0, 0, 0, 0, 0, 0, 0, 0, 1, 0]",,,16.18,7.82,14233949.4
CE,,1,"[0, 0, 0, 0, 0, 0, 0, 0, 1, 0]",,,69.19,35.47,2017611.3
LSTR,,1,"[0, 0, 0, 0, 0, 0, 0, 0, 1, 0]",,,224.86,119.03,347801.3
GVA,,1,"[0, 0, 0, 0, 0, 0, 0, 0, 1, 0]",,,160.08,98.09,607416.7
VIST,,1,"[0, 0, 0, 0, 0, 0, 0, 0, 1, 0]",,,79.25,34.51,1113786.65
KGS,,1,"[0, 0, 0, 0, 0, 0, 0, 0, 1, 0]",,,75.7,32.17,1947924.55
URBN,,1,"[0, 0, 0, 0, 0, 0, 0, 0, 1, 0]",,,82.95,59.57,1030567.25
PTCT,,1,"[0, 0, 0, 0, 0, 0, 0, 0, 1, 0]",,,89.55,62.28,1274457.2
ETSY,,1,"[0, 0, 0, 0, 0, 0, 0, 0, 1, 0]",,,87.03,44.05,3394786.6
LNTH,,1,"[0, 0, 0, 0, 0, 0, 0, 0, 1, 0]",,,110.94,50.69,1011987.6
VNO,,1,"[0, 0, 0, 0, 0, 0, 0, 0, 1, 0]",,,40.91,24.71,1423236.0
REZI,,1,"[0, 0, 0, 0, 0, 0, 0, 0, 1, 0]",,,30.97,18.12,2091515.1
OUT,,1,"[0, 0, 0, 0, 0, 0, 0, 0, 1, 0]",,,33.43,16.34,1742608.2
FLG,,1,"[0, 0, 0, 0, 0, 0, 0, 0, 1, 0]",,,15.35,10.69,4990985.75
EAT,,1,"[0, 0, 0, 0, 0, 0, 0, 0, 1, 0]",,,253.94,102.29,1559601.3
GXO,,1,"[0, 0, 0, 0, 0, 0, 0, 0, 1, 0]",,,65.59,44.17,1413981.85
COGT,,1,"[0, 0, 0, 0, 0, 0, 0, 0, 1, 0]",,,42.84,14.13,2077934.35
IBP,,1,"[0, 0, 0, 0, 0, 0, 0, 0, 1, 0]",,,340.11,191.88,474918.65
VSNT,,1,"[0, 0, 0, 0, 0, 0, 0, 0, 1, 0]",,,45.93,26.54,1787544.45
ABCB,,1,"[0, 0, 0, 0, 0, 0, 0, 0, 1, 0]",,,92.94,68.72,514459.25
TFX,,1,"[0, 0, 0, 0, 0, 0, 0, 0, 1, 0]",,,142.05,99.54,835529.1
IMVT,,1,"[0, 0, 0, 0, 0, 0, 0, 0, 1, 0]",,,44.96,16.08,1546194.4
CGON,,1,"[0, 0, 0, 0, 0, 0, 0, 0, 1, 0]",,,80.68,37.37,1057894.25
USAR,,1,"[0, 0, 0, 0, 0, 0, 0, 0, 1, 0]",,,38.68,11.9,13732806.2
ALKS,,1,"[0, 0, 0, 0, 0, 0, 0, 0, 1, 0]",,,55.22,27.2,2356592.6
CENX,,1,"[0, 0, 0, 0, 0, 0, 0, 0, 1, 0]",,,68.77,26.19,1763595.45
MSM,,1,"[0, 0, 0, 0, 0, 0, 0, 0, 1, 0]",,,128.5,78.9,763560.35
SRRK,,1,"[0, 0, 0, 0, 0, 0, 0, 0, 1, 0]",,,60.04,27.92,2261260.5
BLCO,,1,"[0, 0, 0, 0, 0, 0, 0, 0, 1, 0]",,,18.6,14.32,351424.45
PIPR,,1,"[0, 0, 0, 0, 0, 0, 0, 0, 1, 0]",,,92.26,64.72,861598.75
BKH,,1,"[0, 0, 0, 0, 0, 0, 0, 0, 1, 0]",,,75.38,57.79,1050889.45
KMX,,1,"[0, 0, 0, 0, 0, 0, 0, 0, 1, 0]",,,64.22,30.88,3339597.6
MAC,,1,"[0, 0, 0, 0, 0, 0, 0, 0, 1, 0]",,,26.31,15.68,3811541.6
CZR,,1,"[0, 0, 0, 0, 0, 0, 0, 0, 1, 0]",,,30.41,18.14,4642008.3
PRIM,,1,"[0, 0, 0, 0, 0, 0, 0, 0, 1, 0]",,,202.53,71.04,1331966.2
GLNG,,1,"[0, 0, 0, 0, 0, 0, 0, 0, 1, 0]",,,56.8,34.8,1405015.2
OSCR,,1,"[0, 0, 0, 0, 0, 0, 0, 0, 1, 0]",,,33.81,10.85,5479045.9
S,,1,"[0, 0, 0, 0, 0, 0, 0, 0, 1, 0]",,,24.67,11.94,8668174.1
CORT,,1,"[0, 0, 0, 0, 0, 0, 0, 0, 1, 0]",,,123.57,32.15,1762342.4
RUSHA,,1,"[0, 0, 0, 0, 0, 0, 0, 0, 1, 0]",,,55.02,30.75,687696.8
HWC,,1,"[0, 0, 0, 0, 0, 0, 0, 0, 1, 0]",,,79.25,52.98,904709.15
CACC,,1,"[0, 0, 0, 0, 0, 0, 0, 0, 1, 0]",,,657.2,411.04,127252.2
ZGN,,1,"[0, 0, 0, 0, 0, 0, 0, 0, 1, 0]",,,15.25,8.6,1215169.8
MATX,,1,"[0, 0, 0, 0, 0, 0, 0, 0, 1, 0]",,,238.6,87.23,310162.85
MCY,,1,"[0, 0, 0, 0, 0, 0, 0, 0, 1, 0]",,,110.77,75.21,317962.6
ALM,,1,"[0, 0, 0, 0, 0, 0, 0, 0, 1, 0]",,,23.42,5.59,6538523.05
BGC,,1,"[0, 0, 0, 0, 0, 0, 0, 0, 1, 0]",,,12.63,8.24,4153156.2
AUB,,1,"[0, 0, 0, 0, 0, 0, 0, 0, 1, 0]",,,43.01,30.43,1415902.05
GTX,,1,"[0, 0, 0, 0, 0, 0, 0, 0, 1, 0]",,,36.12,12.31,2527496.4
MRCY,,1,"[0, 0, 0, 0, 0, 0, 0, 0, 1, 0]",,,126.21,66.12,674472.2
VSEC,,1,"[0, 0, 0, 0, 0, 0, 0, 0, 1, 0]",,,243.48,154.64,411567.15
TEO,,1,"[0, 0, 0, 0, 0, 0, 0, 0, 1, 0]",,,15.98,7.26,357339.9
LBRT,,1,"[0, 0, 0, 0, 0, 0, 0, 0, 1, 0]",,,33.68,11.76,3925064.85
XENE,,1,"[0, 0, 0, 0, 0, 0, 0, 0, 1, 0]",,,70.96,36.56,2638445.6
SNDR,,1,"[0, 0, 0, 0, 0, 0, 0, 0, 1, 0]",,,38.54,19.98,699528.05
KLIC,,1,"[0, 0, 0, 0, 0, 0, 0, 0, 1, 0]",,,133.47,34.87,756717.65
SEI,,1,"[0, 0, 0, 0, 0, 0, 0, 0, 1, 0]",,,82.72,40.39,2853586.8
GOLF,,1,"[0, 0, 0, 0, 0, 0, 0, 0, 1, 0]",,,118.18,74.45,348975.95
BEPC,,1,"[0, 0, 0, 0, 0, 0, 0, 0, 1, 0]",,,42.99,27.97,1863584.75
VCTR,,1,"[0, 0, 0, 0, 0, 0, 0, 0, 1, 0]",,,120.59,59.26,768788.0
BC,,1,"[0, 0, 0, 0, 0, 0, 0, 0, 1, 0]",,,87.8,57.45,806327.15
MUR,,1,"[0, 0, 0, 0, 0, 0, 0, 0, 1, 0]",,,41.94,25.53,1727611.55
MGY,,1,"[0, 0, 0, 0, 0, 0, 0, 0, 1, 0]",,,31.94,20.84,5049942.2
CRSP,,1,"[0, 0, 0, 0, 0, 0, 0, 0, 1, 0]",,,76.78,44.34,1620901.35
PACS,,1,"[0, 0, 0, 0, 0, 0, 0, 0, 1, 0]",,,48.45,10.58,803611.9
HASI,,1,"[0, 0, 0, 0, 0, 0, 0, 0, 1, 0]",,,42.83,26.75,1104498.5
ATAT,,1,"[0, 0, 0, 0, 0, 0, 0, 0, 1, 0]",,,42.21,31.03,877020.1
CRC,,1,"[0, 0, 0, 0, 0, 0, 0, 0, 1, 0]",,,69.14,42.65,960292.2
LEGN,,1,"[0, 0, 0, 0, 0, 0, 0, 0, 1, 0]",,,36.28,16.65,2357715.1
PRM,,1,"[0, 0, 0, 0, 0, 0, 0, 0, 1, 0]",,,37.78,20.69,1355273.7
IFS,,1,"[0, 0, 0, 0, 0, 0, 0, 0, 1, 0]",,,60.68,36.99,220868.9
CROX,,1,"[0, 0, 0, 0, 0, 0, 0, 0, 1, 0]",,,141.19,73.39,1164864.7
CAR,,1,"[0, 0, 0, 0, 0, 0, 0, 0, 1, 0]",,,713.97,87.69,444511.25
M,,1,"[0, 0, 0, 0, 0, 0, 0, 0, 1, 0]",,,25.99,15.94,7026561.85
AVAL,,1,"[0, 0, 0, 0, 0, 0, 0, 0, 1, 0]",,,5.68,3.28,131484.55
KNF,,1,"[0, 0, 0, 0, 0, 0, 0, 0, 1, 0]",,,93.97,50.42,1131571.0
DIOD,,1,"[0, 0, 0, 0, 0, 0, 0, 0, 1, 0]",,,122.76,42.36,498353.35
SON,,1,"[0, 0, 0, 0, 0, 0, 0, 0, 1, 0]",,,60.0,37.64,1206877.2
WSC,,1,"[0, 0, 0, 0, 0, 0, 0, 0, 1, 0]",,,28.97,14.78,2772352.45
RELY,,1,"[0, 0, 0, 0, 0, 0, 0, 0, 1, 0]",,,26.92,12.2,4190759.6
SXT,,1,"[0, 0, 0, 0, 0, 0, 0, 0, 1, 0]",,,137.45,82.4,330763.3
ALH,,1,"[0, 0, 0, 0, 0, 0, 0, 0, 1, 0]",,,28.01,19.06,1066466.95
ACLS,,1,"[0, 0, 0, 0, 0, 0, 0, 0, 1, 0]",,,191.6,74.12,366197.75
LB,,1,"[0, 0, 0, 0, 0, 0, 0, 0, 1, 0]",,,89.59,44.0,224732.7
STVN,,1,"[0, 0, 0, 0, 0, 0, 0, 0, 1, 0]",,,27.51,13.38,310831.0
MWH,,1,"[0, 0, 0, 0, 0, 0, 0, 0, 1, 0]",,,46.77,23.81,1378098.85
BMA,,1,"[0, 0, 0, 0, 0, 0, 0, 0, 1, 0]",,,101.13,40.93,277045.25
TDS,,1,"[0, 0, 0, 0, 0, 0, 0, 0, 1, 0]",,,47.45,32.95,1647336.65
NOVT,,1,"[0, 0, 0, 0, 0, 0, 0, 0, 1, 0]",,,168.75,99.22,361785.0
MARA,,1,"[0, 0, 0, 0, 0, 0, 0, 0, 1, 0]",,,22.84,6.73,44757137.0
ACHR,,1,"[0, 0, 0, 0, 0, 0, 0, 0, 1, 0]",,,13.64,4.44,24089404.3
PSMT,,1,"[0, 0, 0, 0, 0, 0, 0, 0, 1, 0]",,,197.13,113.98,219268.25
SYNA,,1,"[0, 0, 0, 0, 0, 0, 0, 0, 1, 0]",,,147.57,58.52,951421.9
OPEN,,1,"[0, 0, 0, 0, 0, 0, 0, 0, 1, 0]",,,9.37,2.37,31992453.3
PBF,,1,"[0, 0, 0, 0, 0, 0, 0, 0, 1, 0]",,,82.34,25.55,4048607.8
INDV,,1,"[0, 0, 0, 0, 0, 0, 0, 0, 1, 0]",,,41.83,22.73,1922835.8
ENPH,,1,"[0, 0, 0, 0, 0, 0, 0, 0, 1, 0]",,,72.33,26.12,4810285.25
KC,,1,"[0, 0, 0, 0, 0, 0, 0, 0, 1, 0]",,,18.21,8.58,1286375.15
MIAX,,1,"[0, 0, 0, 0, 0, 0, 0, 0, 1, 0]",,,56.84,33.5,1648443.35
TGS,,1,"[0, 0, 0, 0, 0, 0, 0, 0, 1, 0]",,,35.32,20.72,241927.15
DNTH,,1,"[0, 0, 0, 0, 0, 0, 0, 0, 1, 0]",,,115.96,32.92,921808.6
SPHR,,1,"[0, 0, 0, 0, 0, 0, 0, 0, 1, 0]",,,176.38,58.7,511197.8
MDU,,1,"[0, 0, 0, 0, 0, 0, 0, 0, 1, 0]",,,22.48,17.23,2087877.85
EBC,,1,"[0, 0, 0, 0, 0, 0, 0, 0, 1, 0]",,,23.49,16.27,2499514.0
HRB,,1,"[0, 0, 0, 0, 0, 0, 0, 0, 1, 0]",,,53.69,27.41,2093575.4
NAVN,,1,"[0, 0, 0, 0, 0, 0, 0, 0, 1, 0]",,,30.58,8.51,5100073.85
AIR,,1,"[0, 0, 0, 0, 0, 0, 0, 0, 1, 0]",,,153.71,77.35,669006.95
VSH,,1,"[0, 0, 0, 0, 0, 0, 0, 0, 1, 0]",,,64.7,11.61,3372829.2
PI,,1,"[0, 0, 0, 0, 0, 0, 0, 0, 1, 0]",,,241.91,91.34,409083.05
MEOH,,1,"[0, 0, 0, 0, 0, 0, 0, 0, 1, 0]",,,65.32,33.39,891537.0
NTSK,,1,"[0, 0, 0, 0, 0, 0, 0, 0, 1, 0]",,,24.26,7.73,7189555.35
QS,,1,"[0, 0, 0, 0, 0, 0, 0, 0, 1, 0]",,,18.44,4.56,11130645.75
CVLT,,1,"[0, 0, 0, 0, 0, 0, 0, 0, 1, 0]",,,180.3,75.18,591636.05
CSTM,,1,"[0, 0, 0, 0, 0, 0, 0, 0, 1, 0]",,,36.15,14.41,1619070.75
LAUR,,1,"[0, 0, 0, 0, 0, 0, 0, 0, 1, 0]",,,40.46,28.87,1016242.05
PAM,,1,"[0, 0, 0, 0, 0, 0, 0, 0, 1, 0]",,,92.27,59.3,197946.8
PAGP,,1,"[0, 0, 0, 0, 0, 0, 0, 0, 1, 0]",,,28.47,15.63,1761087.55
CVSA,,1,"[0, 0, 0, 0, 0, 0, 0, 0, 1, 0]",,,153.98,89.36,359529.6
ATMU,,1,"[0, 0, 0, 0, 0, 0, 0, 0, 1, 0]",,,65.42,42.6,782350.95
FTDR,,1,"[0, 0, 0, 0, 0, 0, 0, 0, 1, 0]",,,90.83,49.1,626842.6
MMYT,,1,"[0, 0, 0, 0, 0, 0, 0, 0, 1, 0]",,,95.08,36.3,958661.15
INSW,,1,"[0, 0, 0, 0, 0, 0, 0, 0, 1, 0]",,,114.6,37.13,811743.9
HCC,,1,"[0, 0, 0, 0, 0, 0, 0, 0, 1, 0]",,,110.18,62.14,664989.0
NAMS,,1,"[0, 0, 0, 0, 0, 0, 0, 0, 1, 0]",,,41.45,21.16,1989671.25
KNSA,,1,"[0, 0, 0, 0, 0, 0, 0, 0, 1, 0]",,,80.92,37.01,583230.3
SHC,,1,"[0, 0, 0, 0, 0, 0, 0, 0, 1, 0]",,,19.57,13.13,1977674.5
TBBB,,1,"[0, 0, 0, 0, 0, 0, 0, 0, 1, 0]",,,53.56,24.12,635283.2
HRI,,1,"[0, 0, 0, 0, 0, 0, 0, 0, 1, 0]",,,178.47,90.13,936311.85
NWE,,1,"[0, 0, 0, 0, 0, 0, 0, 0, 1, 0]",,,72.73,55.16,482917.1
FLNC,,1,"[0, 0, 0, 0, 0, 0, 0, 0, 1, 0]",,,32.23,7.27,8706893.1
YSS,,1,"[0, 0, 0, 0, 0, 0, 0, 0, 1, 0]",,,43.45,7.45,3711300.75
LGND,,1,"[0, 0, 0, 0, 0, 0, 0, 0, 1, 0]",,,322.61,177.73,267961.3
IPGP,,1,"[0, 0, 0, 0, 0, 0, 0, 0, 1, 0]",,,153.91,70.74,419891.9
CBT,,1,"[0, 0, 0, 0, 0, 0, 0, 0, 1, 0]",,,92.88,57.32,416745.05
GTLB,,1,"[0, 0, 0, 0, 0, 0, 0, 0, 1, 0]",,,51.04,19.42,4093023.9
BCO,,1,"[0, 0, 0, 0, 0, 0, 0, 0, 1, 0]",,,134.96,91.97,452561.3
HAFN,,1,"[0, 0, 0, 0, 0, 0, 0, 0, 1, 0]",,,10.12,4.53,3191499.35
WIX,,1,"[0, 0, 0, 0, 0, 0, 0, 0, 1, 0]",,,151.77,40.43,1151247.7
AZZ,,1,"[0, 0, 0, 0, 0, 0, 0, 0, 1, 0]",,,159.9,97.18,242936.25
ONDS,,1,"[0, 0, 0, 0, 0, 0, 0, 0, 1, 0]",,,14.01,5.25,60772458.1
UNF,,1,"[0, 0, 0, 0, 0, 0, 0, 0, 1, 0]",,,300.79,149.11,395458.75
IRDM,,1,"[0, 0, 0, 0, 0, 0, 0, 0, 1, 0]",,,55.54,15.52,1135226.85
MANE,,1,"[0, 0, 0, 0, 0, 0, 0, 0, 1, 0]",,,129.74,37.03,769263.45
STNG,,1,"[0, 0, 0, 0, 0, 0, 0, 0, 1, 0]",,,87.85,48.65,1165083.35
TCBI,,1,"[0, 0, 0, 0, 0, 0, 0, 0, 1, 0]",,,107.52,76.77,558387.8
TPC,,1,"[0, 0, 0, 0, 0, 0, 0, 0, 1, 0]",,,99.01,58.56,433952.35
ENVA,,1,"[0, 0, 0, 0, 0, 0, 0, 0, 1, 0]",,,265.45,104.01,417974.35
PLUG,,1,"[0, 0, 0, 0, 0, 0, 0, 0, 1, 0]",,,4.14,1.79,48352375.05
HNGE,,1,"[0, 0, 0, 0, 0, 0, 0, 0, 1, 0]",,,97.94,31.17,1797907.5
WHD,,1,"[0, 0, 0, 0, 0, 0, 0, 0, 1, 0]",,,73.57,33.05,762812.5
PTEN,,1,"[0, 0, 0, 0, 0, 0, 0, 0, 1, 0]",,,13.15,5.15,8141543.6
SMR,,1,"[0, 0, 0, 0, 0, 0, 0, 0, 1, 0]",,,53.43,7.59,37876890.0
CMBT,,1,"[0, 0, 0, 0, 0, 0, 0, 0, 1, 0]",,,20.41,8.53,1076326.85
CNO,,1,"[0, 0, 0, 0, 0, 0, 0, 0, 1, 0]",,,56.56,37.9,1118441.9
BETA,,1,"[0, 0, 0, 0, 0, 0, 0, 0, 1, 0]",,,36.8,13.59,3932937.95
CNR,,1,"[0, 0, 0, 0, 0, 0, 0, 0, 1, 0]",,,113.0,75.66,504395.8
BLLN,,1,"[0, 0, 0, 0, 0, 0, 0, 0, 1, 0]",,,149.97,64.03,657938.45
ZETA,,1,"[0, 0, 0, 0, 0, 0, 0, 0, 1, 0]",,,32.68,14.55,5433190.05
NVTS,,1,"[0, 0, 0, 0, 0, 0, 0, 0, 1, 0]",,,31.79,7.14,14215954.75
FHI,,1,"[0, 0, 0, 0, 0, 0, 0, 0, 1, 0]",,,65.39,46.07,697766.55
COLD,,1,"[0, 0, 0, 0, 0, 0, 0, 0, 1, 0]",,,15.99,9.46,3634536.05
LMND,,1,"[0, 0, 0, 0, 0, 0, 0, 0, 1, 0]",,,96.57,43.91,1097943.75
AMRX,,1,"[0, 0, 0, 0, 0, 0, 0, 0, 1, 0]",,,20.5,9.72,2888492.85
LPL,,1,"[0, 0, 0, 0, 0, 0, 0, 0, 1, 0]",,,5.76,2.79,2308188.05
TREX,,1,"[0, 0, 0, 0, 0, 0, 0, 0, 1, 0]",,,53.57,30.13,1650184.35
DOO,,1,"[0, 0, 0, 0, 0, 0, 0, 0, 1, 0]",,,80.96,50.63,303056.1
MTRN,,1,"[0, 0, 0, 0, 0, 0, 0, 0, 1, 0]",,,297.21,111.13,257086.05
XMTR,,1,"[0, 0, 0, 0, 0, 0, 0, 0, 1, 0]",,,105.13,36.1,860770.6
NP,,1,"[0, 0, 0, 0, 0, 0, 0, 0, 1, 0]",,,35.11,17.14,565950.8
LASR,,1,"[0, 0, 0, 0, 0, 0, 0, 0, 1, 0]",,,84.95,28.07,887253.35
CAAP,,1,"[0, 0, 0, 0, 0, 0, 0, 0, 1, 0]",,,29.21,16.83,304081.3
TNL,,1,"[0, 0, 0, 0, 0, 0, 0, 0, 1, 0]",,,77.73,56.16,735992.9
PVH,,1,"[0, 0, 0, 0, 0, 0, 0, 0, 1, 0]",,,98.72,60.81,944736.25
LBTYA,,1,"[0, 0, 0, 0, 0, 0, 0, 0, 1, 0]",,,13.03,8.92,3028809.85
CRGY,,1,"[0, 0, 0, 0, 0, 0, 0, 0, 1, 0]",,,15.37,7.53,6627078.45
COCO,,1,"[0, 0, 0, 0, 0, 0, 0, 0, 1, 0]",,,84.02,39.07,1489885.2
POWI,,1,"[0, 0, 0, 0, 0, 0, 0, 0, 1, 0]",,,86.99,30.39,770536.45
LEU,,1,"[0, 0, 0, 0, 0, 0, 0, 0, 1, 0]",,,436.0,138.18,759585.45
ANDG,,1,"[0, 0, 0, 0, 0, 0, 0, 0, 1, 0]",,,57.45,18.34,554459.5
KTB,,1,"[0, 0, 0, 0, 0, 0, 0, 0, 1, 0]",,,87.53,56.22,762629.9
MRX,,1,"[0, 0, 0, 0, 0, 0, 0, 0, 1, 0]",,,78.27,27.85,796132.5
ARIS,,1,"[0, 0, 0, 0, 0, 0, 0, 0, 1, 0]",,,22.68,9.09,1611637.85
DLO,,1,"[0, 0, 0, 0, 0, 0, 0, 0, 1, 0]",,,15.78,10.83,1531204.15
GFF,,1,"[0, 0, 0, 0, 0, 0, 0, 0, 1, 0]",,,106.98,66.11,358035.25
TDW,,1,"[0, 0, 0, 0, 0, 0, 0, 0, 1, 0]",,,100.61,47.29,563792.5
OPLN,,1,"[0, 0, 0, 0, 0, 0, 0, 0, 1, 0]",,,42.9,24.49,1143051.45
KAI,,1,"[0, 0, 0, 0, 0, 0, 0, 0, 1, 0]",,,346.52,246.63,171500.85
BBWI,,1,"[0, 0, 0, 0, 0, 0, 0, 0, 1, 0]",,,25.92,14.41,6481666.45
TVTX,,1,"[0, 0, 0, 0, 0, 0, 0, 0, 1, 0]",,,67.52,24.64,1623661.15
LIVN,,1,"[0, 0, 0, 0, 0, 0, 0, 0, 1, 0]",,,85.32,49.57,660845.75
NVST,,1,"[0, 0, 0, 0, 0, 0, 0, 0, 1, 0]",,,30.26,18.95,3075901.5
ACMR,,1,"[0, 0, 0, 0, 0, 0, 0, 0, 1, 0]",,,126.89,29.67,1148107.75
UCTT,,1,"[0, 0, 0, 0, 0, 0, 0, 0, 1, 0]",,,142.59,21.65,936741.95
HGV,,1,"[0, 0, 0, 0, 0, 0, 0, 0, 1, 0]",,,54.69,34.66,1186988.95
PII,,1,"[0, 0, 0, 0, 0, 0, 0, 0, 1, 0]",,,73.91,46.92,833648.95
SKE,,1,"[0, 0, 0, 0, 0, 0, 0, 0, 1, 0]",,,38.12,15.54,456807.85
EE,,1,"[0, 0, 0, 0, 0, 0, 0, 0, 1, 0]",,,42.6,24.99,463410.25
ORKA,,1,"[0, 0, 0, 0, 0, 0, 0, 0, 1, 0]",,,113.08,19.79,998054.7
RNG,,1,"[0, 0, 0, 0, 0, 0, 0, 0, 1, 0]",,,79.82,24.69,1551619.05
CATY,,1,"[0, 0, 0, 0, 0, 0, 0, 0, 1, 0]",,,64.53,43.96,499809.15
ACAD,,1,"[0, 0, 0, 0, 0, 0, 0, 0, 1, 0]",,,30.57,19.89,2313863.7
DAN,,1,"[0, 0, 0, 0, 0, 0, 0, 0, 1, 0]",,,38.62,17.84,1493192.7
EWTX,,1,"[0, 0, 0, 0, 0, 0, 0, 0, 1, 0]",,,48.35,14.7,1710396.2
TAC,,1,"[0, 0, 0, 0, 0, 0, 0, 0, 1, 0]",,,17.53,11.5,1909214.4
SOUN,,1,"[0, 0, 0, 0, 0, 0, 0, 0, 1, 0]",,,21.4,5.7,19251530.75
JOE,,1,"[0, 0, 0, 0, 0, 0, 0, 0, 1, 0]",,,72.27,46.43,296894.3
HP,,1,"[0, 0, 0, 0, 0, 0, 0, 0, 1, 0]",,,47.64,21.23,1120429.0
INDB,,1,"[0, 0, 0, 0, 0, 0, 0, 0, 1, 0]",,,86.48,62.36,388654.8
FG,,1,"[0, 0, 0, 0, 0, 0, 0, 0, 1, 0]",,,33.62,20.06,721445.5
BB,,1,"[0, 0, 0, 0, 0, 0, 0, 0, 1, 0]",,,12.81,3.15,18119907.15
PPTA,,1,"[0, 0, 0, 0, 0, 0, 0, 0, 1, 0]",,,37.22,16.9,924836.65
LRN,,1,"[0, 0, 0, 0, 0, 0, 0, 0, 1, 0]",,,153.53,61.02,721715.4
BULL,,1,"[0, 0, 0, 0, 0, 0, 0, 0, 1, 0]",,,14.19,4.63,12737613.85
BELFB,,1,"[0, 0, 0, 0, 0, 0, 0, 0, 1, 0]",,,332.96,134.24,148848.35
WSFS,,1,"[0, 0, 0, 0, 0, 0, 0, 0, 1, 0]",,,82.09,49.8,369419.2
LQDA,,1,"[0, 0, 0, 0, 0, 0, 0, 0, 1, 0]",,,91.03,22.02,3712235.85
ALHC,,1,"[0, 0, 0, 0, 0, 0, 0, 0, 1, 0]",,,24.56,7.67,12520003.7
AAUC,,1,"[0, 0, 0, 0, 0, 0, 0, 0, 1, 0]",,,32.01,14.66,445398.75
CGAU,,1,"[0, 0, 0, 0, 0, 0, 0, 0, 1, 0]",,,24.25,10.74,1185743.35
OII,,1,"[0, 0, 0, 0, 0, 0, 0, 0, 1, 0]",,,54.11,22.2,929724.6
VKTX,,1,"[0, 0, 0, 0, 0, 0, 0, 0, 1, 0]",,,42.13,26.29,8135717.05
CLSK,,1,"[0, 0, 0, 0, 0, 0, 0, 0, 1, 0]",,,23.2,8.18,17335904.35
SII,,1,"[0, 0, 0, 0, 0, 0, 0, 0, 1, 0]",,,165.32,79.04,118699.1
VECO,,1,"[0, 0, 0, 0, 0, 0, 0, 0, 1, 0]",,,83.04,26.39,697119.35
RUM,,1,"[0, 0, 0, 0, 0, 0, 0, 0, 1, 0]",,,10.23,4.67,6108064.9
WRBY,,1,"[0, 0, 0, 0, 0, 0, 0, 0, 1, 0]",,,30.34,16.49,3601759.35
TLX,,1,"[0, 0, 0, 0, 0, 0, 0, 0, 1, 0]",,,12.83,6.41,501175.3
RXO,,1,"[0, 0, 0, 0, 0, 0, 0, 0, 1, 0]",,,29.3,10.48,1900449.2
BTE,,1,"[0, 0, 0, 0, 0, 0, 0, 0, 1, 0]",,,5.28,2.19,17402518.05
LION,,1,"[0, 0, 0, 0, 0, 0, 0, 0, 1, 0]",,,16.4,5.91,3111528.25
TWST,,1,"[0, 0, 0, 0, 0, 0, 0, 0, 1, 0]",,,193.24,25.45,2305923.6
FIBK,,1,"[0, 0, 0, 0, 0, 0, 0, 0, 1, 0]",,,39.73,27.83,1286199.1
BFH,,1,"[0, 0, 0, 0, 0, 0, 0, 0, 1, 0]",,,113.15,53.47,618177.95
BHF,,1,"[0, 0, 0, 0, 0, 0, 0, 0, 1, 0]",,,66.61,45.14,1081773.85
SLG,,1,"[0, 0, 0, 0, 0, 0, 0, 0, 1, 0]",,,59.08,33.88,863477.65
HYMC,,1,"[0, 0, 0, 0, 0, 0, 0, 0, 1, 0]",,,55.74,6.24,2145466.55
OGN,,1,"[0, 0, 0, 0, 0, 0, 0, 0, 1, 0]",,,13.78,5.68,2389291.7
SIG,,1,"[0, 0, 0, 0, 0, 0, 0, 0, 1, 0]",,,105.18,73.65,1199766.15
GNW,,1,"[0, 0, 0, 0, 0, 0, 0, 0, 1, 0]",,,10.6,7.94,4746901.4
HWKN,,1,"[0, 0, 0, 0, 0, 0, 0, 0, 1, 0]",,,182.56,117.67,183653.95
CTRI,,1,"[0, 0, 0, 0, 0, 0, 0, 0, 1, 0]",,,41.8,19.07,1798904.4
RUN,,1,"[0, 0, 0, 0, 0, 0, 0, 0, 1, 0]",,,21.41,7.64,7548467.7
ASO,,1,"[0, 0, 0, 0, 0, 0, 0, 0, 1, 0]",,,60.65,41.26,2090030.75
HSAI,,1,"[0, 0, 0, 0, 0, 0, 0, 0, 1, 0]",,,28.79,14.6,1048442.9
ATS,,1,"[0, 0, 0, 0, 0, 0, 0, 0, 1, 0]",,,35.38,18.03,278889.9
CC,,1,"[0, 0, 0, 0, 0, 0, 0, 0, 1, 0]",,,27.68,10.33,1868470.35
BKU,,1,"[0, 0, 0, 0, 0, 0, 0, 0, 1, 0]",,,50.23,34.64,1037513.45
TRMD,,1,"[0, 0, 0, 0, 0, 0, 0, 0, 1, 0]",,,38.8,16.82,2126025.4
VEON,,1,"[0, 0, 0, 0, 0, 0, 0, 0, 1, 0]",,,73.97,43.57,201014.6
SUNC,,1,"[0, 0, 0, 0, 0, 0, 0, 0, 1, 0]",,,82.38,45.83,553966.85
MANU,,1,"[0, 0, 0, 0, 0, 0, 0, 0, 1, 0]",,,24.19,15.2,401671.95
AAP,,1,"[0, 0, 0, 0, 0, 0, 0, 0, 1, 0]",,,62.73,38.18,1763291.8
AVNT,,1,"[0, 0, 0, 0, 0, 0, 0, 0, 1, 0]",,,46.03,26.64,686218.1
CVI,,1,"[0, 0, 0, 0, 0, 0, 0, 0, 1, 0]",,,54.36,20.59,1195710.7
SA,,1,"[0, 0, 0, 0, 0, 0, 0, 0, 1, 0]",,,39.35,22.09,495417.7
AMBA,,1,"[0, 0, 0, 0, 0, 0, 0, 0, 1, 0]",,,95.51,48.65,1951025.4
APLE,,1,"[0, 0, 0, 0, 0, 0, 0, 0, 1, 0]",,,16.82,10.47,2593252.25
CHEF,,1,"[0, 0, 0, 0, 0, 0, 0, 0, 1, 0]",,,115.52,54.61,635370.25
BEAM,,1,"[0, 0, 0, 0, 0, 0, 0, 0, 1, 0]",,,37.92,20.6,2034307.1
CWK,,1,"[0, 0, 0, 0, 0, 0, 0, 0, 1, 0]",,,17.2,11.75,2156147.1
TNGX,,1,"[0, 0, 0, 0, 0, 0, 0, 0, 1, 0]",,,32.9,6.91,3306087.25
EFXT,,1,"[0, 0, 0, 0, 0, 0, 0, 0, 1, 0]",,,28.32,10.69,617119.95
DAVE,,1,"[0, 0, 0, 0, 0, 0, 0, 0, 1, 0]",,,442.53,155.92,311378.3
FSM,,1,"[0, 0, 0, 0, 0, 0, 0, 0, 1, 0]",,,13.66,7.84,4824761.2
VRNS,,1,"[0, 0, 0, 0, 0, 0, 0, 0, 1, 0]",,,63.31,20.19,1745330.55
NATL,,1,"[0, 0, 0, 0, 0, 0, 0, 0, 1, 0]",,,48.13,34.13,827081.55
ADEA,,1,"[0, 0, 0, 0, 0, 0, 0, 0, 1, 0]",,,33.5,11.62,1054942.8
BTDR,,1,"[0, 0, 0, 0, 0, 0, 0, 0, 1, 0]",,,25.9,7.28,9904457.7
BATRK,,1,"[0, 0, 0, 0, 0, 0, 0, 0, 1, 0]",,,54.29,38.04,492524.7
SEZL,,1,"[0, 0, 0, 0, 0, 0, 0, 0, 1, 0]",,,188.55,50.97,488150.0
BBAR,,1,"[0, 0, 0, 0, 0, 0, 0, 0, 1, 0]",,,21.73,7.82,488286.0
PARR,,1,"[0, 0, 0, 0, 0, 0, 0, 0, 1, 0]",,,86.49,33.28,965578.0
VCYT,,1,"[0, 0, 0, 0, 0, 0, 0, 0, 1, 0]",,,60.49,30.01,1491400.75
COLM,,1,"[0, 0, 0, 0, 0, 0, 0, 0, 1, 0]",,,67.45,47.94,688855.0
FFBC,,1,"[0, 0, 0, 0, 0, 0, 0, 0, 1, 0]",,,35.89,22.46,952288.6
FSLY,,1,"[0, 0, 0, 0, 0, 0, 0, 0, 1, 0]",,,33.5,7.86,8343790.25
ZIM,,1,"[0, 0, 0, 0, 0, 0, 0, 0, 1, 0]",,,30.51,12.03,1732877.3
RCUS,,1,"[0, 0, 0, 0, 0, 0, 0, 0, 1, 0]",,,31.57,13.35,1776530.2
CALY,,1,"[0, 0, 0, 0, 0, 0, 0, 0, 1, 0]",,,19.66,8.39,2201080.65
BOH,,1,"[0, 0, 0, 0, 0, 0, 0, 0, 1, 0]",,,85.07,57.61,457602.9
UNFI,,1,"[0, 0, 0, 0, 0, 0, 0, 0, 1, 0]",,,55.52,31.42,730597.25
SXI,,1,"[0, 0, 0, 0, 0, 0, 0, 0, 1, 0]",,,357.31,212.24,144363.95
PLAB,,1,"[0, 0, 0, 0, 0, 0, 0, 0, 1, 0]",,,54.96,20.28,880829.8
ERAS,,1,"[0, 0, 0, 0, 0, 0, 0, 0, 1, 0]",,,22.47,2.2,4665491.95
EXTR,,1,"[0, 0, 0, 0, 0, 0, 0, 0, 1, 0]",,,33.71,13.74,1440340.15
YETI,,1,"[0, 0, 0, 0, 0, 0, 0, 0, 1, 0]",,,52.68,32.11,1793085.15
CARG,,1,"[0, 0, 0, 0, 0, 0, 0, 0, 1, 0]",,,39.03,26.96,1318476.1
MPT,,1,"[0, 0, 0, 0, 0, 0, 0, 0, 1, 0]",,,5.66,3.37,11649633.85
DNLI,,1,"[0, 0, 0, 0, 0, 0, 0, 0, 1, 0]",,,27.21,14.41,1791053.25
BKD,,1,"[0, 0, 0, 0, 0, 0, 0, 0, 1, 0]",,,16.77,8.02,4441964.1
CON,,1,"[0, 0, 0, 0, 0, 0, 0, 0, 1, 0]",,,36.37,18.52,1008854.35
ETOR,,1,"[0, 0, 0, 0, 0, 0, 0, 0, 1, 0]",,,43.93,24.76,1061755.45
LXP,,1,"[0, 0, 0, 0, 0, 0, 0, 0, 1, 0]",,,61.15,42.24,902785.7
MSGE,,1,"[0, 0, 0, 0, 0, 0, 0, 0, 1, 0]",,,88.42,41.77,548139.65
BWLP,,1,"[0, 0, 0, 0, 0, 0, 0, 0, 1, 0]",,,26.14,10.74,403795.9
KYIV,,1,"[0, 0, 0, 0, 0, 0, 0, 0, 1, 0]",,,16.17,9.33,369304.35
BHE,,1,"[0, 0, 0, 0, 0, 0, 0, 0, 1, 0]",,,98.47,35.58,403395.15
CAKE,,1,"[0, 0, 0, 0, 0, 0, 0, 0, 1, 0]",,,117.29,42.61,1369537.6
HG,,1,"[0, 0, 0, 0, 0, 0, 0, 0, 1, 0]",,,37.28,21.72,402596.2
DHT,,1,"[0, 0, 0, 0, 0, 0, 0, 0, 1, 0]",,,23.56,9.88,4284445.65
AEHR,,1,"[0, 0, 0, 0, 0, 0, 0, 0, 1, 0]",,,145.61,19.4,2601684.6
OLN,,1,"[0, 0, 0, 0, 0, 0, 0, 0, 1, 0]",,,29.59,15.43,2799617.45
SBLK,,1,"[0, 0, 0, 0, 0, 0, 0, 0, 1, 0]",,,32.48,15.65,1981727.0
VC,,1,"[0, 0, 0, 0, 0, 0, 0, 0, 1, 0]",,,123.44,83.87,539988.95
TTAM,,1,"[0, 0, 0, 0, 0, 0, 0, 0, 1, 0]",,,19.26,13.28,274149.9
BKV,,1,"[0, 0, 0, 0, 0, 0, 0, 0, 1, 0]",,,32.16,20.24,2662868.0
HIMX,,1,"[0, 0, 0, 0, 0, 0, 0, 0, 1, 0]",,,23.77,6.81,1047339.65
BANC,,1,"[0, 0, 0, 0, 0, 0, 0, 0, 1, 0]",,,21.69,15.18,2771764.25
SBCF,,1,"[0, 0, 0, 0, 0, 0, 0, 0, 1, 0]",,,35.93,28.13,850319.7
KN,,1,"[0, 0, 0, 0, 0, 0, 0, 0, 1, 0]",,,42.8,20.67,660137.05
ALMS,,1,"[0, 0, 0, 0, 0, 0, 0, 0, 1, 0]",,,30.3,4.02,3218901.25
SDRL,,1,"[0, 0, 0, 0, 0, 0, 0, 0, 1, 0]",,,54.8,28.4,606283.1
CRVL,,1,"[0, 0, 0, 0, 0, 0, 0, 0, 1, 0]",,,77.55,46.0,224249.1
ITGR,,1,"[0, 0, 0, 0, 0, 0, 0, 0, 1, 0]",,,126.5,63.32,808710.25
SUPN,,1,"[0, 0, 0, 0, 0, 0, 0, 0, 1, 0]",,,57.0,41.28,646868.4
XXI,,1,"[0, 0, 0, 0, 0, 0, 0, 0, 1, 0]",,,24.61,4.27,2824782.7
LFST,,1,"[0, 0, 0, 0, 0, 0, 0, 0, 1, 0]",,,13.38,4.81,5857016.15
TDC,,1,"[0, 0, 0, 0, 0, 0, 0, 0, 1, 0]",,,37.88,20.42,1543777.5
NMRK,,1,"[0, 0, 0, 0, 0, 0, 0, 0, 1, 0]",,,19.25,12.26,2173429.75
ERO,,1,"[0, 0, 0, 0, 0, 0, 0, 0, 1, 0]",,,40.4,19.89,1320426.4
JOYY,,1,"[0, 0, 0, 0, 0, 0, 0, 0, 1, 0]",,,80.3,50.64,369032.4
EXK,,1,"[0, 0, 0, 0, 0, 0, 0, 0, 1, 0]",,,14.12,7.07,7930556.6
SHOO,,1,"[0, 0, 0, 0, 0, 0, 0, 0, 1, 0]",,,48.82,31.06,1189929.6
PHIN,,1,"[0, 0, 0, 0, 0, 0, 0, 0, 1, 0]",,,84.79,50.56,440517.95
ARX,,1,"[0, 0, 0, 0, 0, 0, 0, 0, 1, 0]",,,19.88,9.36,1955075.45
KALU,,1,"[0, 0, 0, 0, 0, 0, 0, 0, 1, 0]",,,194.8,74.8,216848.25
DBRG,16.0,10,"[1, 1, 1, 1, 1, 1, 1, 1, 1, 1]",15.92,15.52,16.0,9.15,5834860.0
PAGS,,1,"[0, 0, 0, 0, 0, 0, 0, 0, 1, 0]",,,11.38,8.19,3143512.8
CECO,,1,"[0, 0, 0, 0, 0, 0, 0, 0, 1, 0]",,,99.67,47.44,706310.2
WT,,1,"[0, 0, 0, 0, 0, 0, 0, 0, 1, 0]",,,25.04,10.68,2977287.15
PFS,,1,"[0, 0, 0, 0, 0, 0, 0, 0, 1, 0]",,,25.04,17.11,899157.45
TRN,,1,"[0, 0, 0, 0, 0, 0, 0, 0, 1, 0]",,,38.07,24.19,740636.35
DYN,,1,"[0, 0, 0, 0, 0, 0, 0, 0, 1, 0]",,,26.78,12.65,3850324.4
GEO,,1,"[0, 0, 0, 0, 0, 0, 0, 0, 1, 0]",,,32.77,13.26,2315640.4
LCII,,1,"[0, 0, 0, 0, 0, 0, 0, 0, 1, 0]",,,152.4,81.4,345720.8
TNK,,1,"[0, 0, 0, 0, 0, 0, 0, 0, 1, 0]",,,101.01,47.72,497460.35
BTU,,1,"[0, 0, 0, 0, 0, 0, 0, 0, 1, 0]",,,39.25,20.76,2461517.5
NTCT,,1,"[0, 0, 0, 0, 0, 0, 0, 0, 1, 0]",,,44.84,25.47,657265.35
DK,,1,"[0, 0, 0, 0, 0, 0, 0, 0, 1, 0]",,,81.55,26.26,2877386.45
PTRN,,1,"[0, 0, 0, 0, 0, 0, 0, 0, 1, 0]",,,29.4,9.59,1767658.9
GRND,,1,"[0, 0, 0, 0, 0, 0, 0, 0, 1, 0]",,,17.94,9.85,1706305.05
TXG,,1,"[0, 0, 0, 0, 0, 0, 0, 0, 1, 0]",,,90.36,11.47,3124736.9
CLMT,,1,"[0, 0, 0, 0, 0, 0, 0, 0, 1, 0]",,,59.05,17.68,1570431.6
AEO,,1,"[0, 0, 0, 0, 0, 0, 0, 0, 1, 0]",,,27.66,14.04,8208937.95
INOD,,1,"[0, 0, 0, 0, 0, 0, 0, 0, 1, 0]",,,121.5,34.45,1604048.85
GPCR,,1,"[0, 0, 0, 0, 0, 0, 0, 0, 1, 0]",,,93.79,26.39,1543630.75
IHS,,1,"[0, 0, 0, 0, 0, 0, 0, 0, 1, 0]",,,8.73,6.24,953053.8
AYA,,1,"[0, 0, 0, 0, 0, 0, 0, 0, 1, 0]",,,30.38,9.37,1279877.05
SPNT,,1,"[0, 0, 0, 0, 0, 0, 0, 0, 1, 0]",,,26.31,17.64,1110507.6
KMT,,1,"[0, 0, 0, 0, 0, 0, 0, 0, 1, 0]",,,42.76,19.96,1470231.15
STUB,,1,"[0, 0, 0, 0, 0, 0, 0, 0, 1, 0]",,,20.13,5.3,6987597.85
FA,,1,"[0, 0, 0, 0, 0, 0, 0, 0, 1, 0]",,,24.12,8.95,1799741.95
NKTR,,1,"[0, 0, 0, 0, 0, 0, 0, 0, 1, 0]",,,100.35,35.12,1816390.55
EOSE,,1,"[0, 0, 0, 0, 0, 0, 0, 0, 1, 0]",,,19.19,3.04,27503711.95
UAA,,1,"[0, 0, 0, 0, 0, 0, 0, 0, 1, 0]",,,8.14,4.17,10393903.9
UA,,1,"[0, 0, 0, 0, 0, 0, 0, 0, 1, 0]",,,7.88,3.96,2754164.4
DBD,,1,"[0, 0, 0, 0, 0, 0, 0, 0, 1, 0]",,,90.75,54.9,241430.85
BKE,,1,"[0, 0, 0, 0, 0, 0, 0, 0, 1, 0]",,,56.06,39.65,512183.0
UNIT,,1,"[0, 0, 0, 0, 0, 0, 0, 0, 1, 0]",,,12.75,5.36,2453887.05
ARCB,,1,"[0, 0, 0, 0, 0, 0, 0, 0, 1, 0]",,,173.07,59.44,240000.4
NN,,1,"[0, 0, 0, 0, 0, 0, 0, 0, 1, 0]",,,23.59,11.37,2482671.6
HOG,,1,"[0, 0, 0, 0, 0, 0, 0, 0, 1, 0]",,,28.26,16.94,1799771.95
ATRO,,1,"[0, 0, 0, 0, 0, 0, 0, 0, 1, 0]",,,93.45,36.69,638047.85
CLDX,,1,"[0, 0, 0, 0, 0, 0, 0, 0, 1, 0]",,,44.87,22.58,2101579.65
VAC,,1,"[0, 0, 0, 0, 0, 0, 0, 0, 1, 0]",,,123.76,43.55,425775.7
ARQT,,1,"[0, 0, 0, 0, 0, 0, 0, 0, 1, 0]",,,31.2,19.5,3563087.05
GRAL,,1,"[0, 0, 0, 0, 0, 0, 0, 0, 1, 0]",,,140.12,43.03,1460503.0
VISN,,1,"[0, 0, 0, 0, 0, 0, 0, 0, 1, 0]",,,7.34,4.16,7444171.9
TARS,,1,"[0, 0, 0, 0, 0, 0, 0, 0, 1, 0]",,,90.78,56.11,818342.5
NGVT,,1,"[0, 0, 0, 0, 0, 0, 0, 0, 1, 0]",,,77.87,46.2,271134.8
AMSC,,1,"[0, 0, 0, 0, 0, 0, 0, 0, 1, 0]",,,66.68,25.95,701763.8
WAFD,,1,"[0, 0, 0, 0, 0, 0, 0, 0, 1, 0]",,,39.03,26.96,1579627.25
INFQ,,1,"[0, 0, 0, 0, 0, 0, 0, 0, 1, 0]",,,19.87,8.81,8208601.35
HUN,,1,"[0, 0, 0, 0, 0, 0, 0, 0, 1, 0]",,,15.74,7.2,2606356.75
HUBG,,1,"[0, 0, 0, 0, 0, 0, 0, 0, 1, 0]",,,51.99,29.58,1439424.05
TRMK,,1,"[0, 0, 0, 0, 0, 0, 0, 0, 1, 0]",,,48.26,35.85,433038.45
IRON,,1,"[0, 0, 0, 0, 0, 0, 0, 0, 1, 0]",,,94.11,55.95,579741.1
CUBI,,1,"[0, 0, 0, 0, 0, 0, 0, 0, 1, 0]",,,83.65,60.52,306834.5
VERA,,1,"[0, 0, 0, 0, 0, 0, 0, 0, 1, 0]",,,55.67,24.1,2453943.65
ICHR,,1,"[0, 0, 0, 0, 0, 0, 0, 0, 1, 0]",,,112.28,14.25,710267.55
RARE,,1,"[0, 0, 0, 0, 0, 0, 0, 0, 1, 0]",,,36.54,12.88,6071174.7
KOD,,1,"[0, 0, 0, 0, 0, 0, 0, 0, 1, 0]",,,98.46,11.6,3507881.9
SAH,,1,"[0, 0, 0, 0, 0, 0, 0, 0, 1, 0]",,,112.05,57.32,360227.05
DRD,,1,"[0, 0, 0, 0, 0, 0, 0, 0, 1, 0]",,,37.75,19.12,256513.55
HE,,1,"[0, 0, 0, 0, 0, 0, 0, 0, 1, 0]",,,17.08,8.93,3027059.45
IMNM,,1,"[0, 0, 0, 0, 0, 0, 0, 0, 1, 0]",,,29.83,12.38,1345939.35
FRSH,,1,"[0, 0, 0, 0, 0, 0, 0, 0, 1, 0]",,,13.92,6.88,4358806.45
NSIT,,1,"[0, 0, 0, 0, 0, 0, 0, 0, 1, 0]",,,165.37,64.43,380054.75
HTFL,,1,"[0, 0, 0, 0, 0, 0, 0, 0, 1, 0]",,,50.75,20.49,1967327.45
OSW,,1,"[0, 0, 0, 0, 0, 0, 0, 0, 1, 0]",,,28.63,19.25,939393.05
SEDG,,1,"[0, 0, 0, 0, 0, 0, 0, 0, 1, 0]",,,78.51,28.47,3217029.0
ROG,,1,"[0, 0, 0, 0, 0, 0, 0, 0, 1, 0]",,,167.09,75.56,271074.7
ATKR,,1,"[0, 0, 0, 0, 0, 0, 0, 0, 1, 0]",,,94.77,54.86,801235.45
TALO,,1,"[0, 0, 0, 0, 0, 0, 0, 0, 1, 0]",,,18.33,9.05,2076972.55
IDYA,,1,"[0, 0, 0, 0, 0, 0, 0, 0, 1, 0]",,,42.48,26.24,863391.35
ELVN,,1,"[0, 0, 0, 0, 0, 0, 0, 0, 1, 0]",,,61.15,15.14,1513770.25
DGII,,1,"[0, 0, 0, 0, 0, 0, 0, 0, 1, 0]",,,85.24,35.37,367417.35
LWLG,,1,"[0, 0, 0, 0, 0, 0, 0, 0, 1, 0]",,,18.22,2.97,2875240.4
TMC,,1,"[0, 0, 0, 0, 0, 0, 0, 0, 1, 0]",,,10.69,3.45,4476729.0
LMAT,,1,"[0, 0, 0, 0, 0, 0, 0, 0, 1, 0]",,,116.75,78.76,263194.1
MTX,,1,"[0, 0, 0, 0, 0, 0, 0, 0, 1, 0]",,,82.57,54.7,181305.8
BRZE,,1,"[0, 0, 0, 0, 0, 0, 0, 0, 1, 0]",,,36.19,15.79,2806813.9
AAMI,,1,"[0, 0, 0, 0, 0, 0, 0, 0, 1, 0]",,,97.2,41.74,480509.2
RLAY,,1,"[0, 0, 0, 0, 0, 0, 0, 0, 1, 0]",,,20.75,5.48,3628909.55
MLYS,,1,"[0, 0, 0, 0, 0, 0, 0, 0, 1, 0]",,,47.33,22.5,1513629.3
FBNC,,1,"[0, 0, 0, 0, 0, 0, 0, 0, 1, 0]",,,66.08,45.57,247200.85
ANDE,,1,"[0, 0, 0, 0, 0, 0, 0, 0, 1, 0]",,,80.62,40.5,375237.05
VNET,,1,"[0, 0, 0, 0, 0, 0, 0, 0, 1, 0]",,,14.03,5.55,4207041.85
HTO,,1,"[0, 0, 0, 0, 0, 0, 0, 0, 1, 0]",,,64.97,43.43,475455.4
DXPE,,1,"[0, 0, 0, 0, 0, 0, 0, 0, 1, 0]",,,200.84,85.53,134562.55
PTON,,1,"[0, 0, 0, 0, 0, 0, 0, 0, 1, 0]",,,8.58,3.71,9585246.0
SGML,,1,"[0, 0, 0, 0, 0, 0, 0, 0, 1, 0]",,,23.65,4.68,2635644.8
TENB,,1,"[0, 0, 0, 0, 0, 0, 0, 0, 1, 0]",,,42.65,16.04,4744634.1
DFTX,,1,"[0, 0, 0, 0, 0, 0, 0, 0, 1, 0]",,,48.45,10.68,2422080.7
VERX,,1,"[0, 0, 0, 0, 0, 0, 0, 0, 1, 0]",,,25.94,10.58,1448600.75
PLUS,,1,"[0, 0, 0, 0, 0, 0, 0, 0, 1, 0]",,,96.75,68.77,230857.65
AERO,,1,"[0, 0, 0, 0, 0, 0, 0, 0, 1, 0]",,,22.91,12.36,380928.75
AMPX,,1,"[0, 0, 0, 0, 0, 0, 0, 0, 1, 0]",,,22.91,7.83,5372678.9
AMR,,1,"[0, 0, 0, 0, 0, 0, 0, 0, 1, 0]",,,249.65,137.16,314608.95
COHU,,1,"[0, 0, 0, 0, 0, 0, 0, 0, 1, 0]",,,73.91,18.74,1032195.65
AESI,,1,"[0, 0, 0, 0, 0, 0, 0, 0, 1, 0]",,,19.75,8.1,3794387.25
NESR,,1,"[0, 0, 0, 0, 0, 0, 0, 0, 1, 0]",,,36.31,10.03,2158609.5
WTTR,,1,"[0, 0, 0, 0, 0, 0, 0, 0, 1, 0]",,,22.18,9.28,1883253.5
CDNL,,1,"[0, 0, 0, 0, 0, 0, 0, 0, 1, 0]",,,94.31,22.03,628315.95
ACHC,,1,"[0, 0, 0, 0, 0, 0, 0, 0, 1, 0]",,,35.61,11.68,1435904.85
MNR,,1,"[0, 0, 0, 0, 0, 0, 0, 0, 1, 0]",,,13.87,9.65,1366307.55
GRDN,,1,"[0, 0, 0, 0, 0, 0, 0, 0, 1, 0]",,,48.0,23.41,740841.9
CEPU,,1,"[0, 0, 0, 0, 0, 0, 0, 0, 1, 0]",,,17.95,7.7,258648.55
PRDO,,1,"[0, 0, 0, 0, 0, 0, 0, 0, 1, 0]",,,37.58,26.88,726037.9
HLIO,,1,"[0, 0, 0, 0, 0, 0, 0, 0, 1, 0]",,,92.74,46.89,405723.55
WOLF,,1,"[0, 0, 0, 0, 0, 0, 0, 0, 1, 0]",,,73.5,14.8,2611832.9
NTB,,1,"[0, 0, 0, 0, 0, 0, 0, 0, 1, 0]",,,63.91,39.94,165235.8
FUN,,1,"[0, 0, 0, 0, 0, 0, 0, 0, 1, 0]",,,26.74,10.71,2460375.35
BLBD,,1,"[0, 0, 0, 0, 0, 0, 0, 0, 1, 0]",,,81.5,46.59,530832.75
KEEL,,1,"[0, 0, 0, 0, 0, 0, 0, 0, 1, 0]",,,6.66,1.71,30302145.15
PENG,,1,"[0, 0, 0, 0, 0, 0, 0, 0, 1, 0]",,,81.39,16.24,1470179.05
AXGN,,1,"[0, 0, 0, 0, 0, 0, 0, 0, 1, 0]",,,51.73,15.59,1468861.45
PENN,,1,"[0, 0, 0, 0, 0, 0, 0, 0, 1, 0]",,,22.06,11.76,3368316.6
CMPR,,1,"[0, 0, 0, 0, 0, 0, 0, 0, 1, 0]",,,105.31,61.21,200167.35
FLOC,,1,"[0, 0, 0, 0, 0, 0, 0, 0, 1, 0]",,,27.81,13.94,619615.4
DRH,,1,"[0, 0, 0, 0, 0, 0, 0, 0, 1, 0]",,,13.26,7.21,3173081.4
XIFR,,1,"[0, 0, 0, 0, 0, 0, 0, 0, 1, 0]",,,12.88,8.83,796435.1
ADPT,,1,"[0, 0, 0, 0, 0, 0, 0, 0, 1, 0]",,,29.57,12.41,2470341.35
HTH,,1,"[0, 0, 0, 0, 0, 0, 0, 0, 1, 0]",,,39.79,30.38,370486.75
CTOS,,1,"[0, 0, 0, 0, 0, 0, 0, 0, 1, 0]",,,11.97,5.34,859619.5
DRVN,,1,"[0, 0, 0, 0, 0, 0, 0, 0, 1, 0]",,,17.09,10.3,1213177.75
RDW,,1,"[0, 0, 0, 0, 0, 0, 0, 0, 1, 0]",,,25.9,5.06,13468271.4
VVX,,1,"[0, 0, 0, 0, 0, 0, 0, 0, 1, 0]",,,90.81,52.16,737635.3
BCRX,,1,"[0, 0, 0, 0, 0, 0, 0, 0, 1, 0]",,,11.11,6.24,5965816.15
TIC,,1,"[0, 0, 0, 0, 0, 0, 0, 0, 1, 0]",,,14.18,6.54,1506450.0
WERN,,1,"[0, 0, 0, 0, 0, 0, 0, 0, 1, 0]",,,47.29,22.87,857847.8
CENTA,,1,"[0, 0, 0, 0, 0, 0, 0, 0, 1, 0]",,,40.6,26.27,302932.4
QUBT,,1,"[0, 0, 0, 0, 0, 0, 0, 0, 1, 0]",,,24.62,6.31,6984277.35
ECO,,1,"[0, 0, 0, 0, 0, 0, 0, 0, 1, 0]",,,86.3,24.17,814648.55
BHC,,1,"[0, 0, 0, 0, 0, 0, 0, 0, 1, 0]",,,7.9,4.43,1977525.45
NMM,,1,"[0, 0, 0, 0, 0, 0, 0, 0, 1, 0]",,,93.71,43.39,184890.55
MBIN,,1,"[0, 0, 0, 0, 0, 0, 0, 0, 1, 0]",,,55.6,30.13,229467.9
FLYW,,1,"[0, 0, 0, 0, 0, 0, 0, 0, 1, 0]",,,19.54,10.64,1443147.85
PBI,,1,"[0, 0, 0, 0, 0, 0, 0, 0, 1, 0]",,,18.4,8.84,1815820.55
WLY,,1,"[0, 0, 0, 0, 0, 0, 0, 0, 1, 0]",,,55.72,28.33,549371.3
CMRE,,1,"[0, 0, 0, 0, 0, 0, 0, 0, 1, 0]",,,17.64,10.71,359951.05
SLDE,,1,"[0, 0, 0, 0, 0, 0, 0, 0, 1, 0]",,,26.48,14.33,1455818.75
OCUL,,1,"[0, 0, 0, 0, 0, 0, 0, 0, 1, 0]",,,16.11,6.88,3515836.05
ESTA,,1,"[0, 0, 0, 0, 0, 0, 0, 0, 1, 0]",,,95.65,38.94,326759.15
SRPT,,1,"[0, 0, 0, 0, 0, 0, 0, 0, 1, 0]",,,24.45,14.86,2852321.65
NVCR,,1,"[0, 0, 0, 0, 0, 0, 0, 0, 1, 0]",,,19.99,10.03,1148444.25
DEI,,1,"[0, 0, 0, 0, 0, 0, 0, 0, 1, 0]",,,14.38,8.67,2320508.85
EZPW,,1,"[0, 0, 0, 0, 0, 0, 0, 0, 1, 0]",,,35.59,17.41,669862.3
PDFS,,1,"[0, 0, 0, 0, 0, 0, 0, 0, 1, 0]",,,70.79,23.97,593047.0
TRVI,,1,"[0, 0, 0, 0, 0, 0, 0, 0, 1, 0]",,,19.5,9.55,1750961.8
DCO,,1,"[0, 0, 0, 0, 0, 0, 0, 0, 1, 0]",,,206.98,86.41,242222.85
WS,,1,"[0, 0, 0, 0, 0, 0, 0, 0, 1, 0]",,,48.03,27.86,314501.45
STOK,,1,"[0, 0, 0, 0, 0, 0, 0, 0, 1, 0]",,,38.35,22.37,950764.6
DHC,,1,"[0, 0, 0, 0, 0, 0, 0, 0, 1, 0]",,,9.64,4.02,2125166.0
TYRA,,1,"[0, 0, 0, 0, 0, 0, 0, 0, 1, 0]",,,39.61,13.37,1508098.2
CLBK,,1,"[0, 0, 0, 0, 0, 0, 0, 0, 1, 0]",,,11.82,6.21,4856101.7
MGNI,,1,"[0, 0, 0, 0, 0, 0, 0, 0, 1, 0]",,,25.67,11.2,2237844.95
NGL,,1,"[0, 0, 0, 0, 0, 0, 0, 0, 1, 0]",,,18.97,6.04,202092.75
NTST,,1,"[0, 0, 0, 0, 0, 0, 0, 0, 1, 0]",,,22.01,16.58,1709989.25
ANAB,,1,"[0, 0, 0, 0, 0, 0, 0, 0, 1, 0]",,,69.81,19.91,595530.5
PSNY,,1,"[0, 0, 0, 0, 0, 0, 0, 0, 1, 0]",,,28.86,6.36,290366.15
NEXT,,1,"[0, 0, 0, 0, 0, 0, 0, 0, 1, 0]",,,9.12,4.8,2566970.9
BBAI,,1,"[0, 0, 0, 0, 0, 0, 0, 0, 1, 0]",,,8.91,2.59,15219025.7
ATEN,,1,"[0, 0, 0, 0, 0, 0, 0, 0, 1, 0]",,,38.03,16.43,1164053.25
GTY,,1,"[0, 0, 0, 0, 0, 0, 0, 0, 1, 0]",,,36.0,24.02,763666.85
OMCL,,1,"[0, 0, 0, 0, 0, 0, 0, 0, 1, 0]",,,51.39,29.46,534464.45
SION,,1,"[0, 0, 0, 0, 0, 0, 0, 0, 1, 0]",,,51.04,4.5,1465401.05
SOC,,1,"[0, 0, 0, 0, 0, 0, 0, 0, 1, 0]",,,19.93,3.08,8310366.25
BW,,1,"[0, 0, 0, 0, 0, 0, 0, 0, 1, 0]",,,21.85,2.86,4839334.5
BSTZ,30.88,10,"[1, 1, 1, 1, 1, 1, 1, 1, 1, 1]",28.78,24.67,30.89,18.44,198462.15
NEOG,,1,"[0, 0, 0, 0, 0, 0, 0, 0, 1, 0]",,,13.98,5.41,4501566.4
UTI,,1,"[0, 0, 0, 0, 0, 0, 0, 0, 1, 0]",,,51.2,18.47,1931633.85
INBX,,1,"[0, 0, 0, 0, 0, 0, 0, 0, 1, 0]",,,141.84,28.36,361102.3
AUPH,,1,"[0, 0, 0, 0, 0, 0, 0, 0, 1, 0]",,,18.62,11.1,824036.05
TSHA,,1,"[0, 0, 0, 0, 0, 0, 0, 0, 1, 0]",,,6.98,3.83,4170543.9
GNL,,1,"[0, 0, 0, 0, 0, 0, 0, 0, 1, 0]",,,9.56,7.09,2673209.35
MBX,,1,"[0, 0, 0, 0, 0, 0, 0, 0, 1, 0]",,,70.7,13.22,546945.25
ASTH,,1,"[0, 0, 0, 0, 0, 0, 0, 0, 1, 0]",,,49.81,18.16,416942.8
LAC,,1,"[0, 0, 0, 0, 0, 0, 0, 0, 1, 0]",,,10.05,2.57,9747377.0
IMAX,,1,"[0, 0, 0, 0, 0, 0, 0, 0, 1, 0]",,,56.33,31.09,1039291.35
FIGS,,1,"[0, 0, 0, 0, 0, 0, 0, 0, 1, 0]",,,17.12,6.9,2811312.25
MD,,1,"[0, 0, 0, 0, 0, 0, 0, 0, 1, 0]",,,27.39,15.8,761175.6
NWL,,1,"[0, 0, 0, 0, 0, 0, 0, 0, 1, 0]",,,6.34,2.91,5850963.55
PHVS,,1,"[0, 0, 0, 0, 0, 0, 0, 0, 1, 0]",,,38.86,20.96,1152373.95
PUMP,,1,"[0, 0, 0, 0, 0, 0, 0, 0, 1, 0]",,,18.2,5.03,4103746.6
AGM,,1,"[0, 0, 0, 0, 0, 0, 0, 0, 1, 0]",,,240.02,136.8,120220.0
RAMP,,1,"[0, 0, 0, 0, 0, 0, 0, 0, 1, 0]",,,38.01,22.42,1372028.5
LAR,,1,"[0, 0, 0, 0, 0, 0, 0, 0, 1, 0]",,,11.79,3.72,1673849.8
PRKS,,1,"[0, 0, 0, 0, 0, 0, 0, 0, 1, 0]",,,55.21,29.73,755091.4
SNDX,,1,"[0, 0, 0, 0, 0, 0, 0, 0, 1, 0]",,,25.15,13.11,1855424.7
JBLU,,1,"[0, 0, 0, 0, 0, 0, 0, 0, 1, 0]",,,6.46,4.03,17862273.95
ARCO,,1,"[0, 0, 0, 0, 0, 0, 0, 0, 1, 0]",,,9.33,6.41,1460533.6
NEXA,,1,"[0, 0, 0, 0, 0, 0, 0, 0, 1, 0]",,,16.55,4.98,714633.35
AGRO,,1,"[0, 0, 0, 0, 0, 0, 0, 0, 1, 0]",,,15.18,7.07,680930.1
HTZ,,1,"[0, 0, 0, 0, 0, 0, 0, 0, 1, 0]",,,7.81,1.51,12349468.5
SPB,,1,"[0, 0, 0, 0, 0, 0, 0, 0, 1, 0]",,,90.49,49.07,301540.8
BLX,,1,"[0, 0, 0, 0, 0, 0, 0, 0, 1, 0]",,,62.03,40.13,190320.65
MESO,,1,"[0, 0, 0, 0, 0, 0, 0, 0, 1, 0]",,,20.96,13.19,206607.25
LIFE,,1,"[0, 0, 0, 0, 0, 0, 0, 0, 1, 0]",,,42.02,9.85,1766262.25
OCS,,1,"[0, 0, 0, 0, 0, 0, 0, 0, 1, 0]",,,32.65,8.76,267420.05
ANIP,,1,"[0, 0, 0, 0, 0, 0, 0, 0, 1, 0]",,,95.38,70.19,412567.15
PGNY,,1,"[0, 0, 0, 0, 0, 0, 0, 0, 1, 0]",,,32.36,16.3,1219752.05
INVX,,1,"[0, 0, 0, 0, 0, 0, 0, 0, 1, 0]",,,31.63,17.21,828251.65
CASH,,1,"[0, 0, 0, 0, 0, 0, 0, 0, 1, 0]",,,99.81,66.3,251440.4
RAPP,,1,"[0, 0, 0, 0, 0, 0, 0, 0, 1, 0]",,,52.5,24.37,506553.1
SNDA,,1,"[0, 0, 0, 0, 0, 0, 0, 0, 1, 0]",,,43.07,25.53,427518.95
TPB,,1,"[0, 0, 0, 0, 0, 0, 0, 0, 1, 0]",,,142.54,55.32,431141.15
VET,,1,"[0, 0, 0, 0, 0, 0, 0, 0, 1, 0]",,,14.19,7.04,1405447.45
BORR,,1,"[0, 0, 0, 0, 0, 0, 0, 0, 1, 0]",,,6.61,2.44,6029289.05
ECPG,,1,"[0, 0, 0, 0, 0, 0, 0, 0, 1, 0]",,,103.74,40.53,339585.5
SONO,,1,"[0, 0, 0, 0, 0, 0, 0, 0, 1, 0]",,,19.16,12.7,2209998.2
WBTN,,1,"[0, 0, 0, 0, 0, 0, 0, 0, 1, 0]",,,18.52,8.25,384392.9
ADNT,,1,"[0, 0, 0, 0, 0, 0, 0, 0, 1, 0]",,,27.09,16.84,1052772.15
BOBS,,1,"[0, 0, 0, 0, 0, 0, 0, 0, 1, 0]",,,22.53,9.85,974742.55
UFPT,,1,"[0, 0, 0, 0, 0, 0, 0, 0, 1, 0]",,,334.84,185.28,110082.35
CLVT,,1,"[0, 0, 0, 0, 0, 0, 0, 0, 1, 0]",,,3.89,1.6,4540126.5
AIN,,1,"[0, 0, 0, 0, 0, 0, 0, 0, 1, 0]",,,75.9,40.6,237439.2
CTS,,1,"[0, 0, 0, 0, 0, 0, 0, 0, 1, 0]",,,68.22,36.36,237153.75
VOYG,,1,"[0, 0, 0, 0, 0, 0, 0, 0, 1, 0]",,,51.77,17.99,2637846.05
ZYME,,1,"[0, 0, 0, 0, 0, 0, 0, 0, 1, 0]",,,31.05,16.46,822252.15
CAPR,,1,"[0, 0, 0, 0, 0, 0, 0, 0, 1, 0]",,,35.34,3.85,3588522.6
PSIX,,1,"[0, 0, 0, 0, 0, 0, 0, 0, 1, 0]",,,98.77,25.44,415902.95
LOB,,1,"[0, 0, 0, 0, 0, 0, 0, 0, 1, 0]",,,43.73,29.31,217317.25
XPRO,,1,"[0, 0, 0, 0, 0, 0, 0, 0, 1, 0]",,,18.96,12.03,809076.9
PVLA,,1,"[0, 0, 0, 0, 0, 0, 0, 0, 1, 0]",,,158.13,65.78,232251.25
FLNG,,1,"[0, 0, 0, 0, 0, 0, 0, 0, 1, 0]",,,32.52,21.92,367785.0
SFL,,1,"[0, 0, 0, 0, 0, 0, 0, 0, 1, 0]",,,13.75,6.47,1540966.95
CYD,,1,"[0, 0, 0, 0, 0, 0, 0, 0, 1, 0]",,,58.55,31.03,139773.4
TILE,,1,"[0, 0, 0, 0, 0, 0, 0, 0, 1, 0]",,,39.29,24.38,520955.55
PCT,,1,"[0, 0, 0, 0, 0, 0, 0, 0, 1, 0]",,,15.13,4.29,5061625.05
LPG,,1,"[0, 0, 0, 0, 0, 0, 0, 0, 1, 0]",,,58.31,22.34,646870.1
TE,,1,"[0, 0, 0, 0, 0, 0, 0, 0, 1, 0]",,,12.04,2.53,19247624.65
WLTH,,1,"[0, 0, 0, 0, 0, 0, 0, 0, 1, 0]",,,13.95,7.2,3978851.7
VRDN,,1,"[0, 0, 0, 0, 0, 0, 0, 0, 1, 0]",,,33.78,13.3,1824205.2
NRIX,,1,"[0, 0, 0, 0, 0, 0, 0, 0, 1, 0]",,,27.79,9.18,1523305.4
QURE,,1,"[0, 0, 0, 0, 0, 0, 0, 0, 1, 0]",,,70.59,9.03,3247975.9
DV,,1,"[0, 0, 0, 0, 0, 0, 0, 0, 1, 0]",,,13.52,8.61,3696795.85
AHG,,1,"[0, 0, 0, 0, 0, 0, 0, 0, 1, 0]",,,2.5,0.69,313289.0
FIVN,,1,"[0, 0, 0, 0, 0, 0, 0, 0, 1, 0]",,,38.65,13.61,2460963.05
INVA,,1,"[0, 0, 0, 0, 0, 0, 0, 0, 1, 0]",,,24.24,16.67,1050205.2
OPRA,,1,"[0, 0, 0, 0, 0, 0, 0, 0, 1, 0]",,,20.51,11.56,327885.55
ARDX,,1,"[0, 0, 0, 0, 0, 0, 0, 0, 1, 0]",,,7.99,3.38,4223463.2
POET,,1,"[0, 0, 0, 0, 0, 0, 0, 0, 1, 0]",,,20.57,4.17,8404884.5
NUVB,,1,"[0, 0, 0, 0, 0, 0, 0, 0, 1, 0]",,,9.54,3.41,5160411.0
PEB,,1,"[0, 0, 0, 0, 0, 0, 0, 0, 1, 0]",,,19.74,10.17,2219555.85
NTLA,,1,"[0, 0, 0, 0, 0, 0, 0, 0, 1, 0]",,,27.98,8.04,4503478.75
NVAX,,1,"[0, 0, 0, 0, 0, 0, 0, 0, 1, 0]",,,11.19,6.22,5167513.8
ARLO,,1,"[0, 0, 0, 0, 0, 0, 0, 0, 1, 0]",,,19.44,11.23,1302184.8
PRLB,,1,"[0, 0, 0, 0, 0, 0, 0, 0, 1, 0]",,,96.9,46.81,243783.6
DCOM,,1,"[0, 0, 0, 0, 0, 0, 0, 0, 1, 0]",,,41.74,25.24,311227.3
GLUE,,1,"[0, 0, 0, 0, 0, 0, 0, 0, 1, 0]",,,25.31,7.38,1284727.7
AMLX,,1,"[0, 0, 0, 0, 0, 0, 0, 0, 1, 0]",,,39.66,11.38,1414453.45
CLOV,,1,"[0, 0, 0, 0, 0, 0, 0, 0, 1, 0]",,,5.41,1.7,4189235.9
REX,,1,"[0, 0, 0, 0, 0, 0, 0, 0, 1, 0]",,,51.16,30.57,254766.55
STBA,,1,"[0, 0, 0, 0, 0, 0, 0, 0, 1, 0]",,,52.97,33.52,304107.6
KOS,,1,"[0, 0, 0, 0, 0, 0, 0, 0, 1, 0]",,,3.27,0.87,13264139.3
KSS,,1,"[0, 0, 0, 0, 0, 0, 0, 0, 1, 0]",,,23.98,11.55,3851948.95
IOVA,,1,"[0, 0, 0, 0, 0, 0, 0, 0, 1, 0]",,,14.82,1.81,18434276.1
PAHC,,1,"[0, 0, 0, 0, 0, 0, 0, 0, 1, 0]",,,59.14,28.31,240177.1
OUST,,1,"[0, 0, 0, 0, 0, 0, 0, 0, 1, 0]",,,62.52,16.63,2259448.9
STGW,,1,"[0, 0, 0, 0, 0, 0, 0, 0, 1, 0]",,,9.35,4.4,1253313.55
BAND,,1,"[0, 0, 0, 0, 0, 0, 0, 0, 1, 0]",,,78.44,12.82,984647.25
NVRI,,1,"[0, 0, 0, 0, 0, 0, 0, 0, 1, 0]",,,23.86,11.49,313364.95
ABCL,,1,"[0, 0, 0, 0, 0, 0, 0, 0, 1, 0]",,,14.82,2.78,4835288.05
HOPE,,1,"[0, 0, 0, 0, 0, 0, 0, 0, 1, 0]",,,14.5,9.53,923255.95
AMRC,,1,"[0, 0, 0, 0, 0, 0, 0, 0, 1, 0]",,,43.23,18.51,604261.5
TFIN,,1,"[0, 0, 0, 0, 0, 0, 0, 0, 1, 0]",,,81.08,46.95,238861.9
HCSG,,1,"[0, 0, 0, 0, 0, 0, 0, 0, 1, 0]",,,25.31,15.18,707696.8
DCH,,1,"[0, 0, 0, 0, 0, 0, 0, 0, 1, 0]",,,9.0,5.09,4003579.8
XHR,,1,"[0, 0, 0, 0, 0, 0, 0, 0, 1, 0]",,,21.65,11.89,948831.7
WLFC,,1,"[0, 0, 0, 0, 0, 0, 0, 0, 1, 0]",,,79.78,38.12,163634.25
GBX,,1,"[0, 0, 0, 0, 0, 0, 0, 0, 1, 0]",,,58.06,40.07,414498.5
LILAK,,1,"[0, 0, 0, 0, 0, 0, 0, 0, 1, 0]",,,8.85,4.7,1373976.6
LILA,,1,"[0, 0, 0, 0, 0, 0, 0, 0, 1, 0]",,,8.88,4.65,367082.3
ZD,,1,"[0, 0, 0, 0, 0, 0, 0, 0, 1, 0]",,,59.21,26.51,730109.8
ECVT,,1,"[0, 0, 0, 0, 0, 0, 0, 0, 1, 0]",,,14.97,7.84,1286067.55
VIR,,1,"[0, 0, 0, 0, 0, 0, 0, 0, 1, 0]",,,11.63,5.12,2065709.05
AHCO,,1,"[0, 0, 0, 0, 0, 0, 0, 0, 1, 0]",,,13.38,5.22,2622932.8
ALGT,,1,"[0, 0, 0, 0, 0, 0, 0, 0, 1, 0]",,,119.16,58.03,498402.3
TRS,,1,"[0, 0, 0, 0, 0, 0, 0, 0, 1, 0]",,,44.99,30.99,302599.3
CRML,,1,"[0, 0, 0, 0, 0, 0, 0, 0, 1, 0]",,,29.97,5.13,9945522.7
TH,,1,"[0, 0, 0, 0, 0, 0, 0, 0, 1, 0]",,,21.45,6.22,2839374.5
UAMY,,1,"[0, 0, 0, 0, 0, 0, 0, 0, 1, 0]",,,17.47,4.13,4863110.55
IMTX,,1,"[0, 0, 0, 0, 0, 0, 0, 0, 1, 0]",,,11.87,8.33,766603.0
GSL,,1,"[0, 0, 0, 0, 0, 0, 0, 0, 1, 0]",,,46.4,25.7,295109.3
YELP,,1,"[0, 0, 0, 0, 0, 0, 0, 0, 1, 0]",,,33.83,17.59,1495770.0
CNOB,,1,"[0, 0, 0, 0, 0, 0, 0, 0, 1, 0]",,,33.91,22.68,392252.9
RES,,1,"[0, 0, 0, 0, 0, 0, 0, 0, 1, 0]",,,7.9,4.12,2086376.9
BY,,1,"[0, 0, 0, 0, 0, 0, 0, 0, 1, 0]",,,39.75,25.35,258532.45
NVGS,,1,"[0, 0, 0, 0, 0, 0, 0, 0, 1, 0]",,,25.06,14.2,485610.8
PGEN,,1,"[0, 0, 0, 0, 0, 0, 0, 0, 1, 0]",,,8.56,3.1,5067287.6
BHVN,,1,"[0, 0, 0, 0, 0, 0, 0, 0, 1, 0]",,,18.11,7.79,2989103.1
TNC,,1,"[0, 0, 0, 0, 0, 0, 0, 0, 1, 0]",,,90.74,60.42,180116.7
HLF,,1,"[0, 0, 0, 0, 0, 0, 0, 0, 1, 0]",,,19.96,7.75,1386771.75
SHLS,,1,"[0, 0, 0, 0, 0, 0, 0, 0, 1, 0]",,,12.77,5.71,4256819.65
BCAX,,1,"[0, 0, 0, 0, 0, 0, 0, 0, 1, 0]",,,30.4,13.93,684466.5
GCT,,1,"[0, 0, 0, 0, 0, 0, 0, 0, 1, 0]",,,53.98,25.46,643833.25
AIP,,1,"[0, 0, 0, 0, 0, 0, 0, 0, 1, 0]",,,48.59,10.98,687945.75
GHRS,,1,"[0, 0, 0, 0, 0, 0, 0, 0, 1, 0]",,,30.64,12.48,281475.25
SBET,,1,"[0, 0, 0, 0, 0, 0, 0, 0, 1, 0]",,,19.24,4.56,8616669.85
GILT,,1,"[0, 0, 0, 0, 0, 0, 0, 0, 1, 0]",,,20.85,9.54,467640.3
AVAH,,1,"[0, 0, 0, 0, 0, 0, 0, 0, 1, 0]",,,14.38,6.22,3323048.55
CBL,,1,"[0, 0, 0, 0, 0, 0, 0, 0, 1, 0]",,,59.36,26.62,266841.75
BKSY,,1,"[0, 0, 0, 0, 0, 0, 0, 0, 1, 0]",,,51.63,13.14,980689.3
FTRE,,1,"[0, 0, 0, 0, 0, 0, 0, 0, 1, 0]",,,20.7,8.87,1527394.75
NSSC,,1,"[0, 0, 0, 0, 0, 0, 0, 0, 1, 0]",,,46.65,34.65,354428.7
DMRA,,1,"[0, 0, 0, 0, 0, 0, 0, 0, 1, 0]",,,34.14,3.71,829209.35
PRG,,1,"[0, 0, 0, 0, 0, 0, 0, 0, 1, 0]",,,47.37,25.86,675321.8
OBK,,1,"[0, 0, 0, 0, 0, 0, 0, 0, 1, 0]",,,54.96,31.84,167726.9
MUX,,1,"[0, 0, 0, 0, 0, 0, 0, 0, 1, 0]",,,29.05,15.66,1426106.95
PRCT,,1,"[0, 0, 0, 0, 0, 0, 0, 0, 1, 0]",,,36.95,16.69,1443686.9
NBR,,1,"[0, 0, 0, 0, 0, 0, 0, 0, 1, 0]",,,110.63,36.99,215158.7
MAZE,,1,"[0, 0, 0, 0, 0, 0, 0, 0, 1, 0]",,,51.83,22.39,883687.15
ENVX,,1,"[0, 0, 0, 0, 0, 0, 0, 0, 1, 0]",,,13.19,2.56,7201074.45
TBLA,,1,"[0, 0, 0, 0, 0, 0, 0, 0, 1, 0]",,,5.58,2.95,1904452.3
URGN,,1,"[0, 0, 0, 0, 0, 0, 0, 0, 1, 0]",,,50.29,16.42,747328.8
NNE,,1,"[0, 0, 0, 0, 0, 0, 0, 0, 1, 0]",,,56.63,14.88,1938423.75
HROW,,1,"[0, 0, 0, 0, 0, 0, 0, 0, 1, 0]",,,54.8,29.03,585177.0
LINC,,1,"[0, 0, 0, 0, 0, 0, 0, 0, 1, 0]",,,55.68,17.8,742462.35
RYZ,,1,"[0, 0, 0, 0, 0, 0, 0, 0, 1, 0]",,,30.81,19.43,482677.05
HLIT,,1,"[0, 0, 0, 0, 0, 0, 0, 0, 1, 0]",,,17.11,8.85,1517203.25
TROX,,1,"[0, 0, 0, 0, 0, 0, 0, 0, 1, 0]",,,10.34,2.82,2270060.0
VIA,,1,"[0, 0, 0, 0, 0, 0, 0, 0, 1, 0]",,,53.93,13.31,928859.25
LIND,,1,"[0, 0, 0, 0, 0, 0, 0, 0, 1, 0]",,,34.48,11.45,919946.25
IPX,,1,"[0, 0, 0, 0, 0, 0, 0, 0, 1, 0]",,,60.11,15.82,358040.3
WVE,,1,"[0, 0, 0, 0, 0, 0, 0, 0, 1, 0]",,,21.31,3.64,3277034.8
PLTK,,1,"[0, 0, 0, 0, 0, 0, 0, 0, 1, 0]",,,4.26,2.13,1102207.5
AVBP,,1,"[0, 0, 0, 0, 0, 0, 0, 0, 1, 0]",,,34.74,17.6,661869.35
RLJ,,1,"[0, 0, 0, 0, 0, 0, 0, 0, 1, 0]",,,12.31,6.18,1718394.15
LOMA,,1,"[0, 0, 0, 0, 0, 0, 0, 0, 1, 0]",,,13.12,7.43,379705.85
TV,,1,"[0, 0, 0, 0, 0, 0, 0, 0, 1, 0]",,,3.44,2.19,1727887.55
SBH,,1,"[0, 0, 0, 0, 0, 0, 0, 0, 1, 0]",,,17.18,11.82,1335329.95
CSIQ,,1,"[0, 0, 0, 0, 0, 0, 0, 0, 1, 0]",,,33.58,10.42,1884783.0
RXT,,1,"[0, 0, 0, 0, 0, 0, 0, 0, 1, 0]",,,7.53,0.41,6963824.2
GIII,,1,"[0, 0, 0, 0, 0, 0, 0, 0, 1, 0]",,,36.68,24.73,834611.95
BTGO,,1,"[0, 0, 0, 0, 0, 0, 0, 0, 1, 0]",,,18.49,4.69,2178651.9
TTI,,1,"[0, 0, 0, 0, 0, 0, 0, 0, 1, 0]",,,12.32,5.54,1943825.6
KDK,,1,"[0, 0, 0, 0, 0, 0, 0, 0, 1, 0]",,,10.92,1.67,4903803.2
STAA,,1,"[0, 0, 0, 0, 0, 0, 0, 0, 1, 0]",,,33.34,16.1,1190196.8
ARRY,,1,"[0, 0, 0, 0, 0, 0, 0, 0, 1, 0]",,,11.96,3.83,6563119.25
BAK,,1,"[0, 0, 0, 0, 0, 0, 0, 0, 1, 0]",,,5.02,1.42,1507263.9
TDOC,,1,"[0, 0, 0, 0, 0, 0, 0, 0, 1, 0]",,,9.72,4.47,3400423.15
WLDN,,1,"[0, 0, 0, 0, 0, 0, 0, 0, 1, 0]",,,134.94,66.91,185284.85
CRVS,,1,"[0, 0, 0, 0, 0, 0, 0, 0, 1, 0]",,,25.52,6.5,1255596.25
CRI,,1,"[0, 0, 0, 0, 0, 0, 0, 0, 1, 0]",,,43.42,26.65,1568462.75
PLSE,,1,"[0, 0, 0, 0, 0, 0, 0, 0, 1, 0]",,,55.2,12.66,648974.6
OLMA,,1,"[0, 0, 0, 0, 0, 0, 0, 0, 1, 0]",,,35.83,7.77,1297041.75
TEN,,1,"[0, 0, 0, 0, 0, 0, 0, 0, 1, 0]",,,52.81,20.51,563738.95
WBI,,1,"[0, 0, 0, 0, 0, 0, 0, 0, 1, 0]",,,36.15,18.66,756373.15
ATLC,,1,"[0, 0, 0, 0, 0, 0, 0, 0, 1, 0]",,,111.79,47.96,113638.95
JBIO,,1,"[0, 0, 0, 0, 0, 0, 0, 0, 1, 0]",,,26.85,8.86,1056644.5
GPRE,,1,"[0, 0, 0, 0, 0, 0, 0, 0, 1, 0]",,,19.23,9.08,1446707.8
RCAT,,1,"[0, 0, 0, 0, 0, 0, 0, 0, 1, 0]",,,17.36,6.14,8764911.05
MRTN,,1,"[0, 0, 0, 0, 0, 0, 0, 0, 1, 0]",,,18.14,9.24,785026.85
DSGR,,1,"[0, 0, 0, 0, 0, 0, 0, 0, 1, 0]",,,35.0,19.31,208031.2
EVLV,,1,"[0, 0, 0, 0, 0, 0, 0, 0, 1, 0]",,,8.3,4.65,2292331.75
NPKI,,1,"[0, 0, 0, 0, 0, 0, 0, 0, 1, 0]",,,16.35,10.74,791150.25
ABTC,,1,"[0, 0, 0, 0, 0, 0, 0, 0, 1, 0]",,,107.25,5.19,1682571.8
DQ,,1,"[0, 0, 0, 0, 0, 0, 0, 0, 1, 0]",,,35.69,10.9,666525.15
AMAL,,1,"[0, 0, 0, 0, 0, 0, 0, 0, 1, 0]",,,51.08,24.83,310686.15
VTOL,,1,"[0, 0, 0, 0, 0, 0, 0, 0, 1, 0]",,,49.73,35.4,293029.4
PGY,,1,"[0, 0, 0, 0, 0, 0, 0, 0, 1, 0]",,,30.32,10.64,2575563.05
NAT,,1,"[0, 0, 0, 0, 0, 0, 0, 0, 1, 0]",,,8.25,2.85,5029665.3
PNTG,,1,"[0, 0, 0, 0, 0, 0, 0, 0, 1, 0]",,,42.48,23.64,401536.15
MRVI,,1,"[0, 0, 0, 0, 0, 0, 0, 0, 1, 0]",,,9.0,2.83,2495146.25
NSP,,1,"[0, 0, 0, 0, 0, 0, 0, 0, 1, 0]",,,53.4,19.32,463393.3
MLTX,,1,"[0, 0, 0, 0, 0, 0, 0, 0, 1, 0]",,,22.16,8.43,1848808.15
BLDP,,1,"[0, 0, 0, 0, 0, 0, 0, 0, 1, 0]",,,6.38,1.97,2789756.0
UFCS,,1,"[0, 0, 0, 0, 0, 0, 0, 0, 1, 0]",,,55.98,29.66,156303.5
REAL,,1,"[0, 0, 0, 0, 0, 0, 0, 0, 1, 0]",,,16.9,8.12,2560716.8
JKS,,1,"[0, 0, 0, 0, 0, 0, 0, 0, 1, 0]",,,28.22,9.2,794025.6
AORT,,1,"[0, 0, 0, 0, 0, 0, 0, 0, 1, 0]",,,47.63,20.1,632307.25
KMTS,,1,"[0, 0, 0, 0, 0, 0, 0, 0, 1, 0]",,,28.46,17.87,433178.05
ASTE,,1,"[0, 0, 0, 0, 0, 0, 0, 0, 1, 0]",,,64.66,40.24,212869.5
COLL,,1,"[0, 0, 0, 0, 0, 0, 0, 0, 1, 0]",,,49.84,21.82,913010.4
TK,,1,"[0, 0, 0, 0, 0, 0, 0, 0, 1, 0]",,,14.71,7.31,597293.1
VSTS,,1,"[0, 0, 0, 0, 0, 0, 0, 0, 1, 0]",,,16.5,4.62,1693703.7
DLX,,1,"[0, 0, 0, 0, 0, 0, 0, 0, 1, 0]",,,31.11,17.03,443593.25
CCO,,1,"[0, 0, 0, 0, 0, 0, 0, 0, 1, 0]",,,2.43,1.3,4794419.7
ULCC,,1,"[0, 0, 0, 0, 0, 0, 0, 0, 1, 0]",,,8.06,3.1,2483720.15
ELE,,1,"[0, 0, 0, 0, 0, 0, 0, 0, 1, 0]",,,24.13,12.53,482492.8
ADTN,,1,"[0, 0, 0, 0, 0, 0, 0, 0, 1, 0]",,,19.4,6.8,1741036.05
ACDC,,1,"[0, 0, 0, 0, 0, 0, 0, 0, 1, 0]",,,8.06,3.19,1269075.9
XPEL,,1,"[0, 0, 0, 0, 0, 0, 0, 0, 1, 0]",,,54.95,33.56,192457.4
PRCH,,1,"[0, 0, 0, 0, 0, 0, 0, 0, 1, 0]",,,18.06,6.4,1546132.55
CMP,,1,"[0, 0, 0, 0, 0, 0, 0, 0, 1, 0]",,,33.51,16.54,394417.95
NEO,,1,"[0, 0, 0, 0, 0, 0, 0, 0, 1, 0]",,,19.91,7.19,2118936.0
MPLT,,1,"[0, 0, 0, 0, 0, 0, 0, 0, 1, 0]",,,39.8,9.63,511992.0
GOOS,,1,"[0, 0, 0, 0, 0, 0, 0, 0, 1, 0]",,,14.61,7.41,870205.5
PRSU,,1,"[0, 0, 0, 0, 0, 0, 0, 0, 1, 0]",,,55.97,32.28,245263.25
VYX,,1,"[0, 0, 0, 0, 0, 0, 0, 0, 1, 0]",,,12.77,6.15,3155696.3
GOLD,,1,"[0, 0, 0, 0, 0, 0, 0, 0, 1, 0]",,,62.0,23.72,652359.85
HQH,19.8,6,"[0, 0, 1, 1, 1, 1, 0, 1, 1, 0]",22.1,19.33,23.99,15.74,152134.25
EYPT,,1,"[0, 0, 0, 0, 0, 0, 0, 0, 1, 0]",,,18.85,3.23,3497834.1
AOSL,,1,"[0, 0, 0, 0, 0, 0, 0, 0, 1, 0]",,,53.32,17.47,555133.4
ALNT,,1,"[0, 0, 0, 0, 0, 0, 0, 0, 1, 0]",,,116.01,41.98,225077.6
GNK,,1,"[0, 0, 0, 0, 0, 0, 0, 0, 1, 0]",,,28.12,14.42,618764.75
LQDT,,1,"[0, 0, 0, 0, 0, 0, 0, 0, 1, 0]",,,43.64,22.16,236853.5
XERS,,1,"[0, 0, 0, 0, 0, 0, 0, 0, 1, 0]",,,9.98,5.29,3209500.75
CDNA,,1,"[0, 0, 0, 0, 0, 0, 0, 0, 1, 0]",,,66.23,14.28,1357205.15
ZBIO,,1,"[0, 0, 0, 0, 0, 0, 0, 0, 1, 0]",,,43.17,15.2,733280.65
EVEX,,1,"[0, 0, 0, 0, 0, 0, 0, 0, 1, 0]",,,5.06,1.79,1043954.35
AMN,,1,"[0, 0, 0, 0, 0, 0, 0, 0, 1, 0]",,,36.6,15.1,637168.65
BUR,,1,"[0, 0, 0, 0, 0, 0, 0, 0, 1, 0]",,,11.78,3.63,2143990.55
TDAY,,1,"[0, 0, 0, 0, 0, 0, 0, 0, 1, 0]",,,9.03,3.49,2338314.0
ACVA,,1,"[0, 0, 0, 0, 0, 0, 0, 0, 1, 0]",,,10.48,4.15,15692213.6
KODK,,1,"[0, 0, 0, 0, 0, 0, 0, 0, 1, 0]",,,14.51,5.79,785254.05
DBVT,,1,"[0, 0, 0, 0, 0, 0, 0, 0, 1, 0]",,,24.54,11.21,400230.0
IVA,,1,"[0, 0, 0, 0, 0, 0, 0, 0, 1, 0]",,,7.15,3.26,2510005.75
ASST,,1,"[0, 0, 0, 0, 0, 0, 0, 0, 1, 0]",,,52.0,7.16,8699024.45
UVE,,1,"[0, 0, 0, 0, 0, 0, 0, 0, 1, 0]",,,45.08,27.36,157312.3
OSBC,,1,"[0, 0, 0, 0, 0, 0, 0, 0, 1, 0]",,,25.91,16.49,506269.5
MNKD,,1,"[0, 0, 0, 0, 0, 0, 0, 0, 1, 0]",,,6.21,2.28,5285014.8
GHM,,1,"[0, 0, 0, 0, 0, 0, 0, 0, 1, 0]",,,123.79,53.56,165782.5
BFLY,,1,"[0, 0, 0, 0, 0, 0, 0, 0, 1, 0]",,,9.93,1.97,5502874.45
NWPX,,1,"[0, 0, 0, 0, 0, 0, 0, 0, 1, 0]",,,149.94,49.43,132370.75
LGIH,,1,"[0, 0, 0, 0, 0, 0, 0, 0, 1, 0]",,,65.84,34.24,297371.5
SATL,,1,"[0, 0, 0, 0, 0, 0, 0, 0, 1, 0]",,,10.74,1.27,5571476.0
IART,,1,"[0, 0, 0, 0, 0, 0, 0, 0, 1, 0]",,,19.85,8.9,1019605.9
UVSP,41.81,8,"[0, 1, 1, 1, 1, 1, 1, 1, 1, 0]",42.52,38.18,44.98,27.6,254748.35
SEPN,,1,"[0, 0, 0, 0, 0, 0, 0, 0, 1, 0]",,,48.19,18.1,358887.3
SVRA,,1,"[0, 0, 0, 0, 0, 0, 0, 0, 1, 0]",,,6.94,3.37,2090330.55
SVC,,1,"[0, 0, 0, 0, 0, 0, 0, 0, 1, 0]",,,12.92,5.83,1499328.75
TNDM,,1,"[0, 0, 0, 0, 0, 0, 0, 0, 1, 0]",,,28.26,12.82,2276020.9
PDM,,1,"[0, 0, 0, 0, 0, 0, 0, 0, 1, 0]",,,9.96,6.39,2135927.1
ATEX,,1,"[0, 0, 0, 0, 0, 0, 0, 0, 1, 0]",,,108.21,17.99,302714.95
PLOW,,1,"[0, 0, 0, 0, 0, 0, 0, 0, 1, 0]",,,53.8,28.75,193911.45
RERE,,1,"[0, 0, 0, 0, 0, 0, 0, 0, 1, 0]",,,6.2,3.62,547227.75
APEI,,1,"[0, 0, 0, 0, 0, 0, 0, 0, 1, 0]",,,60.86,30.67,263560.25
CEVA,,1,"[0, 0, 0, 0, 0, 0, 0, 0, 1, 0]",,,50.06,17.21,657383.45
INNV,,1,"[0, 0, 0, 0, 0, 0, 0, 0, 1, 0]",,,12.11,3.99,860404.95
HTLD,,1,"[0, 0, 0, 0, 0, 0, 0, 0, 1, 0]",,,16.17,7.03,780806.9
CFFN,,1,"[0, 0, 0, 0, 0, 0, 0, 0, 1, 0]",,,9.1,5.72,1042335.0
OMER,,1,"[0, 0, 0, 0, 0, 0, 0, 0, 1, 0]",,,21.05,4.1,1474071.4
LMRI,,1,"[0, 0, 0, 0, 0, 0, 0, 0, 1, 0]",,,18.53,6.77,425336.05
LXU,,1,"[0, 0, 0, 0, 0, 0, 0, 0, 1, 0]",,,16.88,8.16,834405.55
GDRX,,1,"[0, 0, 0, 0, 0, 0, 0, 0, 1, 0]",,,4.64,1.87,851903.15
KOPN,,1,"[0, 0, 0, 0, 0, 0, 0, 0, 1, 0]",,,6.39,1.82,3477735.15
DAKT,,1,"[0, 0, 0, 0, 0, 0, 0, 0, 1, 0]",,,27.73,17.02,597128.95
INR,,1,"[0, 0, 0, 0, 0, 0, 0, 0, 1, 0]",,,19.23,11.2,345653.0
EPC,,1,"[0, 0, 0, 0, 0, 0, 0, 0, 1, 0]",,,29.5,15.6,617464.9
INDI,,1,"[0, 0, 0, 0, 0, 0, 0, 0, 1, 0]",,,6.0,2.44,5212745.4
PHAT,,1,"[0, 0, 0, 0, 0, 0, 0, 0, 1, 0]",,,18.08,6.99,1341868.85
CRON,,1,"[0, 0, 0, 0, 0, 0, 0, 0, 1, 0]",,,3.55,2.3,865202.15
JMIA,,1,"[0, 0, 0, 0, 0, 0, 0, 0, 1, 0]",,,14.6,5.69,1396701.55
XNCR,,1,"[0, 0, 0, 0, 0, 0, 0, 0, 1, 0]",,,29.3,10.41,1426273.75
CMPS,,1,"[0, 0, 0, 0, 0, 0, 0, 0, 1, 0]",,,15.19,4.94,3019218.9
METC,,1,"[0, 0, 0, 0, 0, 0, 0, 0, 1, 0]",,,54.55,8.27,2023605.05
AMBQ,,1,"[0, 0, 0, 0, 0, 0, 0, 0, 1, 0]",,,90.48,22.76,590292.5
NUTX,,1,"[0, 0, 0, 0, 0, 0, 0, 0, 1, 0]",,,220.11,87.01,161855.65
CODI,,1,"[0, 0, 0, 0, 0, 0, 0, 0, 1, 0]",,,12.71,4.65,571353.2
SANA,,1,"[0, 0, 0, 0, 0, 0, 0, 0, 1, 0]",,,5.92,2.68,4143538.45
SCSC,,1,"[0, 0, 0, 0, 0, 0, 0, 0, 1, 0]",,,62.22,34.27,280080.25
NX,,1,"[0, 0, 0, 0, 0, 0, 0, 0, 1, 0]",,,22.84,11.05,553081.75
AVO,,1,"[0, 0, 0, 0, 0, 0, 0, 0, 1, 0]",,,15.34,10.11,957996.2
ANNX,,1,"[0, 0, 0, 0, 0, 0, 0, 0, 1, 0]",,,6.96,2.68,3536518.05
AMTB,,1,"[0, 0, 0, 0, 0, 0, 0, 0, 1, 0]",,,30.49,16.43,366548.55
ABSI,,1,"[0, 0, 0, 0, 0, 0, 0, 0, 1, 0]",,,11.62,2.3,4019656.55
AMC,,1,"[0, 0, 0, 0, 0, 0, 0, 0, 1, 0]",,,3.29,0.95,31819431.85
ORIC,,1,"[0, 0, 0, 0, 0, 0, 0, 0, 1, 0]",,,14.65,7.47,1544484.15
RHLD,,1,"[0, 0, 0, 0, 0, 0, 0, 0, 1, 0]",,,226.37,72.77,121545.4
TBN,,1,"[0, 0, 0, 0, 0, 0, 0, 0, 1, 0]",,,49.99,22.6,149800.25
JBSS,,1,"[0, 0, 0, 0, 0, 0, 0, 0, 1, 0]",,,88.51,56.28,122622.2
MGTX,,1,"[0, 0, 0, 0, 0, 0, 0, 0, 1, 0]",,,14.97,6.99,980116.7
HEPS,,1,"[0, 0, 0, 0, 0, 0, 0, 0, 1, 0]",,,3.29,2.18,598221.5
AGL,,1,"[0, 0, 0, 0, 0, 0, 0, 0, 1, 0]",,,129.84,7.91,230477.15
HAFC,,1,"[0, 0, 0, 0, 0, 0, 0, 0, 1, 0]",,,33.02,22.1,239920.7
SLS,,1,"[0, 0, 0, 0, 0, 0, 0, 0, 1, 0]",,,15.46,1.39,6311899.3
BJRI,,1,"[0, 0, 0, 0, 0, 0, 0, 0, 1, 0]",,,74.26,28.69,399267.3
CGEM,,1,"[0, 0, 0, 0, 0, 0, 0, 0, 1, 0]",,,22.95,5.84,1306483.35
VPG,,1,"[0, 0, 0, 0, 0, 0, 0, 0, 1, 0]",,,149.91,29.28,326125.0
SHEN,,1,"[0, 0, 0, 0, 0, 0, 0, 0, 1, 0]",,,17.1,9.9,1199982.3
ROOT,,1,"[0, 0, 0, 0, 0, 0, 0, 0, 1, 0]",,,90.86,43.21,211323.8
GERN,,1,"[0, 0, 0, 0, 0, 0, 0, 0, 1, 0]",,,1.95,1.07,10666577.65
VLRS,,1,"[0, 0, 0, 0, 0, 0, 0, 0, 1, 0]",,,10.63,6.15,340711.65
LXRX,,1,"[0, 0, 0, 0, 0, 0, 0, 0, 1, 0]",,,2.64,1.14,3343814.2
DSGN,,1,"[0, 0, 0, 0, 0, 0, 0, 0, 1, 0]",,,15.94,5.53,756782.2
HNRG,,1,"[0, 0, 0, 0, 0, 0, 0, 0, 1, 0]",,,23.81,13.52,707571.35
NB,,1,"[0, 0, 0, 0, 0, 0, 0, 0, 1, 0]",,,11.67,3.43,2382672.75
MATW,,1,"[0, 0, 0, 0, 0, 0, 0, 0, 1, 0]",,,28.54,18.58,1181311.15
BVS,,1,"[0, 0, 0, 0, 0, 0, 0, 0, 1, 0]",,,15.26,6.51,467132.95
OMDA,,1,"[0, 0, 0, 0, 0, 0, 0, 0, 1, 0]",,,26.78,10.94,1517796.2
SCHL,,1,"[0, 0, 0, 0, 0, 0, 0, 0, 1, 0]",,,47.04,26.54,526821.45
ABX,,1,"[0, 0, 0, 0, 0, 0, 0, 0, 1, 0]",,,12.0,4.87,665773.3
SPRY,,1,"[0, 0, 0, 0, 0, 0, 0, 0, 1, 0]",,,13.06,4.08,1493397.9
CTMX,,1,"[0, 0, 0, 0, 0, 0, 0, 0, 1, 0]",,,6.75,2.63,4099951.8
MYE,,1,"[0, 0, 0, 0, 0, 0, 0, 0, 1, 0]",,,36.58,15.4,328152.15
ABUS,,1,"[0, 0, 0, 0, 0, 0, 0, 0, 1, 0]",,,5.22,3.67,8079065.75
AEVA,,1,"[0, 0, 0, 0, 0, 0, 0, 0, 1, 0]",,,29.29,9.19,1441219.7
SHAZ,,1,"[0, 0, 0, 0, 0, 0, 0, 0, 1, 0]",,,92.7,17.52,1485761.0
KOP,,1,"[0, 0, 0, 0, 0, 0, 0, 0, 1, 0]",,,52.23,26.11,166898.7
NBBK,,1,"[0, 0, 0, 0, 0, 0, 0, 0, 1, 0]",,,23.25,16.64,276427.7
IBTA,,1,"[0, 0, 0, 0, 0, 0, 0, 0, 1, 0]",,,42.4,19.25,216780.45
CRSR,,1,"[0, 0, 0, 0, 0, 0, 0, 0, 1, 0]",,,14.35,4.58,1071522.65
KRO,,1,"[0, 0, 0, 0, 0, 0, 0, 0, 1, 0]",,,8.86,4.19,419029.75
ODD,,1,"[0, 0, 0, 0, 0, 0, 0, 0, 1, 0]",,,59.68,9.81,1876931.85
DRUG,,1,"[0, 0, 0, 0, 0, 0, 0, 0, 1, 0]",,,95.99,49.21,100179.35
KURA,,1,"[0, 0, 0, 0, 0, 0, 0, 0, 1, 0]",,,13.59,7.4,1874849.3
SCZM,,1,"[0, 0, 0, 0, 0, 0, 0, 0, 1, 0]",,,16.16,4.92,446428.25
CVLG,,1,"[0, 0, 0, 0, 0, 0, 0, 0, 1, 0]",,,49.78,17.9,216683.85
PURR,,1,"[0, 0, 0, 0, 0, 0, 0, 0, 1, 0]",,,14.09,3.1,23138294.45
TSAT,,1,"[0, 0, 0, 0, 0, 0, 0, 0, 1, 0]",,,61.4,23.58,118918.15
SG,,1,"[0, 0, 0, 0, 0, 0, 0, 0, 1, 0]",,,10.21,4.7,5485605.7
VOR,,1,"[0, 0, 0, 0, 0, 0, 0, 0, 1, 0]",,,37.46,6.86,1347233.35
EVMN,,1,"[0, 0, 0, 0, 0, 0, 0, 0, 1, 0]",,,31.57,7.21,946629.85
WYFI,,1,"[0, 0, 0, 0, 0, 0, 0, 0, 1, 0]",,,44.77,10.78,1292697.45
SABR,,1,"[0, 0, 0, 0, 0, 0, 0, 0, 1, 0]",,,2.33,0.82,6509627.65
CGNT,,1,"[0, 0, 0, 0, 0, 0, 0, 0, 1, 0]",,,12.24,6.34,672066.05
ETON,,1,"[0, 0, 0, 0, 0, 0, 0, 0, 1, 0]",,,64.43,14.35,587035.3
WEST,,1,"[0, 0, 0, 0, 0, 0, 0, 0, 1, 0]",,,9.73,3.71,323038.55
EGBN,,1,"[0, 0, 0, 0, 0, 0, 0, 0, 1, 0]",,,29.12,15.78,336766.9
GO,,1,"[0, 0, 0, 0, 0, 0, 0, 0, 1, 0]",,,16.47,5.79,2337602.4
BIOA,,1,"[0, 0, 0, 0, 0, 0, 0, 0, 1, 0]",,,25.1,5.11,714121.4
ASC,,1,"[0, 0, 0, 0, 0, 0, 0, 0, 1, 0]",,,19.25,9.69,601785.6
ADAM,,1,"[0, 0, 0, 0, 0, 0, 0, 0, 1, 0]",,,9.89,5.79,1304119.65
DXYZ,,1,"[0, 0, 0, 0, 0, 0, 0, 0, 1, 0]",,,71.24,20.82,790341.15
SUPV,,1,"[0, 0, 0, 0, 0, 0, 0, 0, 1, 0]",,,12.86,4.8,538863.8
NRGV,,1,"[0, 0, 0, 0, 0, 0, 0, 0, 1, 0]",,,6.49,2.51,4171603.3
IMSR,,1,"[0, 0, 0, 0, 0, 0, 0, 0, 1, 0]",,,27.1,3.83,1507641.4
ANRO,,1,"[0, 0, 0, 0, 0, 0, 0, 0, 1, 0]",,,36.64,5.62,631179.4
KFRC,,1,"[0, 0, 0, 0, 0, 0, 0, 0, 1, 0]",,,59.98,23.49,249694.55
CWH,,1,"[0, 0, 0, 0, 0, 0, 0, 0, 1, 0]",,,16.62,5.01,1927309.85
ARKO,,1,"[0, 0, 0, 0, 0, 0, 0, 0, 1, 0]",,,8.58,3.73,863684.45
IHRT,,1,"[0, 0, 0, 0, 0, 0, 0, 0, 1, 0]",,,6.33,2.1,695734.35
PSTL,,1,"[0, 0, 0, 0, 0, 0, 0, 0, 1, 0]",,,24.72,13.9,398278.15
MTUS,,1,"[0, 0, 0, 0, 0, 0, 0, 0, 1, 0]",,,22.03,14.56,331351.45
RLMD,,1,"[0, 0, 0, 0, 0, 0, 0, 0, 1, 0]",,,7.86,1.93,1335781.4
CRESY,,1,"[0, 0, 0, 0, 0, 0, 0, 0, 1, 0]",,,14.11,8.55,313947.25
CBLL,,1,"[0, 0, 0, 0, 0, 0, 0, 0, 1, 0]",,,25.04,10.92,347905.75
LYTS,,1,"[0, 0, 0, 0, 0, 0, 0, 0, 1, 0]",,,26.73,17.13,393917.9
NXDR,,1,"[0, 0, 0, 0, 0, 0, 0, 0, 1, 0]",,,2.77,1.36,2353365.1
DSP,,1,"[0, 0, 0, 0, 0, 0, 0, 0, 1, 0]",,,14.09,8.14,560850.65
PGC,,1,"[0, 0, 0, 0, 0, 0, 0, 0, 1, 0]",,,48.28,24.62,135643.75
HZO,,1,"[0, 0, 0, 0, 0, 0, 0, 0, 1, 0]",,,52.56,21.43,791961.2
ALLO,,1,"[0, 0, 0, 0, 0, 0, 0, 0, 1, 0]",,,3.06,1.05,5846901.05
HSHP,,1,"[0, 0, 0, 0, 0, 0, 0, 0, 1, 0]",,,19.33,6.74,557893.2
DRTS,,1,"[0, 0, 0, 0, 0, 0, 0, 0, 1, 0]",,,15.5,3.47,495616.25
FOXF,,1,"[0, 0, 0, 0, 0, 0, 0, 0, 1, 0]",,,25.6,13.19,549251.75
PRAA,,1,"[0, 0, 0, 0, 0, 0, 0, 0, 1, 0]",,,22.23,10.42,498388.35
NTGR,,1,"[0, 0, 0, 0, 0, 0, 0, 0, 1, 0]",,,36.01,19.87,332354.95
HPK,,1,"[0, 0, 0, 0, 0, 0, 0, 0, 1, 0]",,,8.64,3.89,552060.85
KRNT,,1,"[0, 0, 0, 0, 0, 0, 0, 0, 1, 0]",,,18.04,12.31,342764.25
FCEL,,1,"[0, 0, 0, 0, 0, 0, 0, 0, 1, 0]",,,36.01,6.0,5907237.8
EVER,,1,"[0, 0, 0, 0, 0, 0, 0, 0, 1, 0]",,,27.87,14.27,992498.75
GFR,,1,"[0, 0, 0, 0, 0, 0, 0, 0, 1, 0]",,,7.1,4.33,1478981.75
LPTH,,1,"[0, 0, 0, 0, 0, 0, 0, 0, 1, 0]",,,18.15,6.18,2920511.85
SB,,1,"[0, 0, 0, 0, 0, 0, 0, 0, 1, 0]",,,9.18,4.03,1867487.5
HIVE,,1,"[0, 0, 0, 0, 0, 0, 0, 0, 1, 0]",,,6.96,1.75,12095991.05
SLDB,,1,"[0, 0, 0, 0, 0, 0, 0, 0, 1, 0]",,,11.15,3.93,1378218.75
GDOT,,1,"[0, 0, 0, 0, 0, 0, 0, 0, 1, 0]",,,13.58,10.53,437520.45
MAKO,,1,"[0, 0, 0, 0, 0, 0, 0, 0, 1, 0]",,,11.07,5.02,185314.3
MVST,,1,"[0, 0, 0, 0, 0, 0, 0, 0, 1, 0]",,,6.4,0.58,5840572.95
MITK,,1,"[0, 0, 0, 0, 0, 0, 0, 0, 1, 0]",,,20.14,8.65,613286.55
RDVT,,1,"[0, 0, 0, 0, 0, 0, 0, 0, 1, 0]",,,80.25,34.4,197561.25
KRUS,,1,"[0, 0, 0, 0, 0, 0, 0, 0, 1, 0]",,,79.29,34.52,263064.35
MRLN,,1,"[0, 0, 0, 0, 0, 0, 0, 0, 1, 0]",,,16.09,1.75,3741855.4
BLMN,,1,"[0, 0, 0, 0, 0, 0, 0, 0, 1, 0]",,,11.85,5.26,2568444.1
IRWD,,1,"[0, 0, 0, 0, 0, 0, 0, 0, 1, 0]",,,5.39,1.43,2130907.3
HUYA,,1,"[0, 0, 0, 0, 0, 0, 0, 0, 1, 0]",,,4.6,2.04,1043382.0
SLDP,,1,"[0, 0, 0, 0, 0, 0, 0, 0, 1, 0]",,,8.51,2.0,2943343.0
ACRS,,1,"[0, 0, 0, 0, 0, 0, 0, 0, 1, 0]",,,6.53,1.81,3193902.25
HRTG,,1,"[0, 0, 0, 0, 0, 0, 0, 0, 1, 0]",,,35.42,20.88,307917.95
CYRX,,1,"[0, 0, 0, 0, 0, 0, 0, 0, 1, 0]",,,17.62,7.72,651501.85
CTO,,1,"[0, 0, 0, 0, 0, 0, 0, 0, 1, 0]",,,22.13,14.12,428533.35
ASPI,,1,"[0, 0, 0, 0, 0, 0, 0, 0, 1, 0]",,,14.05,2.6,4828968.15
OXM,,1,"[0, 0, 0, 0, 0, 0, 0, 0, 1, 0]",,,46.52,24.44,657624.7
GRPN,,1,"[0, 0, 0, 0, 0, 0, 0, 0, 1, 0]",,,28.58,9.64,1178339.95
ALRS,,1,"[0, 0, 0, 0, 0, 0, 0, 0, 1, 0]",,,33.89,20.15,191122.65
LAES,,1,"[0, 0, 0, 0, 0, 0, 0, 0, 1, 0]",,,7.65,2.09,4639972.35
INN,6.02,9,"[0, 1, 1, 1, 1, 1, 1, 1, 1, 1]",6.07,5.3,6.98,3.92,1166315.0
PKE,30.42,7,"[0, 0, 1, 1, 1, 1, 1, 1, 1, 0]",32.98,30.12,38.07,18.22,255180.0
HY,31.23,4,"[0, 0, 0, 0, 1, 1, 0, 1, 1, 0]",33.62,33.89,40.03,25.38,136650.0
STRO,15.35,4,"[0, 0, 0, 0, 1, 1, 1, 0, 1, 0]",20.18,22.97,40.91,7.3,341010.0
TLRY,3.61,1,"[0, 0, 0, 0, 0, 0, 0, 0, 1, 0]",4.32,6.17,21.0,3.57,3900090.0
SHBI,23.0,8,"[0, 1, 1, 1, 1, 1, 1, 1, 1, 0]",23.37,20.46,24.46,14.81,205065.0
EVC,7.38,6,"[0, 0, 1, 1, 1, 1, 1, 0, 1, 0]",8.86,6.38,13.4,1.89,1198985.0
ZVRA,9.99,4,"[0, 0, 0, 1, 1, 1, 0, 0, 1, 0]",11.33,10.56,14.75,8.1,961320.0
CARS,10.03,3,"[0, 0, 0, 1, 0, 0, 1, 0, 1, 0]",11.63,10.8,13.5,7.58,674715.0
CLYM,10.94,6,"[0, 0, 1, 1, 1, 1, 1, 0, 1, 0]",14.07,9.78,17.84,1.64,1561405.0
CWBC,26.53,10,"[1, 1, 1, 1, 1, 1, 1, 1, 1, 1]",25.87,24.41,27.89,19.45,201935.0
SPIR,11.11,4,"[0, 0, 0, 0, 1, 1, 1, 0, 1, 0]",12.49,13.73,25.48,7.02,653245.0
SWBI,14.64,9,"[1, 1, 1, 0, 1, 1, 1, 1, 1, 1]",13.77,13.37,16.36,7.84,632665.0
ARVN,7.41,1,"[0, 0, 0, 0, 0, 0, 0, 0, 1, 0]",8.61,10.14,13.83,6.98,898345.0
AVR,7.71,6,"[0, 0, 1, 1, 1, 1, 1, 0, 1, 0]",8.48,7.25,10.57,3.38,825070.0
NKLR,3.51,2,"[0, 0, 0, 0, 1, 0, 0, 0, 1, 0]",5.07,5.17,18.26,3.33,597445.0
VTEX,3.65,4,"[0, 0, 0, 0, 1, 0, 0, 1, 1, 1]",3.79,3.73,4.57,2.87,715330.0
MRAM,18.83,8,"[1, 1, 1, 0, 1, 1, 1, 0, 1, 1]",16.56,16.32,44.01,7.5,884050.0
CABA,2.0,3,"[0, 0, 0, 0, 1, 1, 0, 0, 1, 0]",2.76,2.91,4.15,1.89,6235545.0
KE,28.79,7,"[1, 1, 1, 1, 0, 0, 0, 1, 1, 1]",25.3,25.9,31.38,22.63,188940.0
CNNE,15.54,7,"[1, 1, 1, 1, 0, 0, 1, 1, 1, 0]",15.15,13.9,18.03,10.43,566200.0
PSNL,16.28,9,"[1, 1, 1, 1, 1, 1, 1, 1, 1, 0]",15.39,10.53,18.38,5.04,2013820.0
CCSI,35.36,9,"[0, 1, 1, 1, 1, 1, 1, 1, 1, 1]",36.77,30.53,39.85,20.24,133155.0
ANGX,4.08,5,"[0, 1, 1, 1, 0, 0, 1, 0, 1, 0]",4.55,3.78,8.59,2.18,2243835.0
NPCE,12.7,2,"[0, 0, 0, 0, 0, 0, 1, 0, 1, 0]",14.29,15.31,19.29,9.4,131400.0
RGR,44.37,9,"[1, 1, 1, 0, 1, 1, 1, 1, 1, 1]",38.88,38.36,46.58,28.51,234820.0
TDUP,2.17,1,"[0, 0, 0, 0, 0, 0, 0, 0, 1, 0]",3.25,4.58,9.43,2.12,2121475.0
SXC,9.9,9,"[1, 1, 1, 1, 1, 1, 1, 1, 1, 0]",9.55,7.85,10.57,5.51,975330.0
DNUT,2.89,1,"[0, 0, 0, 0, 0, 0, 0, 0, 1, 0]",3.21,3.47,4.7,2.87,2024680.0
BCAL,21.78,10,"[1, 1, 1, 1, 1, 1, 1, 1, 1, 1]",21.42,19.39,21.97,15.65,248150.0
PHR,10.07,2,"[0, 0, 0, 1, 0, 0, 0, 0, 1, 0]",11.07,11.45,23.84,8.06,724705.0
RYAM,7.12,3,"[0, 0, 0, 0, 1, 1, 0, 0, 1, 0]",8.52,8.63,11.75,5.52,862150.0
FEIM,86.03,10,"[1, 1, 1, 1, 1, 1, 1, 1, 1, 1]",72.56,60.72,89.0,27.07,400650.0
NPB,15.35,2,"[0, 0, 0, 0, 0, 0, 0, 1, 1, 0]",16.76,17.49,19.28,14.57,287660.0
TRON,1.41,2,"[0, 0, 0, 0, 1, 0, 0, 0, 1, 0]",1.58,1.7,4.13,1.13,741190.0
CADL,10.18,7,"[0, 1, 1, 1, 1, 1, 1, 0, 1, 0]",11.44,7.97,13.75,4.42,1228855.0
BWMN,42.6,8,"[1, 1, 1, 1, 0, 1, 1, 1, 1, 0]",39.02,33.54,44.43,25.31,367985.0
FET,83.14,10,"[1, 1, 1, 1, 1, 1, 1, 1, 1, 1]",77.42,58.22,86.31,25.26,186420.0
CLB,9.92,1,"[0, 0, 0, 0, 0, 0, 0, 0, 1, 0]",11.57,14.56,19.63,9.7,602860.0
GPRK,10.85,9,"[1, 1, 1, 1, 1, 1, 1, 1, 1, 0]",10.36,9.32,11.97,5.91,1111865.0
ORN,9.3,3,"[0, 0, 0, 0, 1, 0, 0, 0, 1, 1]",9.52,11.98,17.14,8.18,511220.0
HPP,11.48,5,"[0, 0, 1, 1, 1, 0, 1, 0, 1, 0]",13.11,10.84,19.46,5.51,637385.0
CSTL,35.56,8,"[1, 1, 1, 1, 0, 0, 1, 1, 1, 1]",32.33,29.09,43.04,18.15,356255.0
CTKB,5.87,9,"[1, 1, 1, 1, 0, 1, 1, 1, 1, 1]",4.84,4.61,5.96,3.36,1437380.0
GLRE,14.75,4,"[0, 0, 0, 0, 1, 1, 0, 1, 1, 0]",15.5,15.77,19.0,11.95,141495.0
ALOY,8.12,4,"[0, 0, 0, 0, 1, 1, 1, 0, 1, 0]",10.02,11.27,25.88,6.06,2052435.0
AGMB,8.56,3,"[0, 0, 0, 1, 1, 0, 0, 0, 1, 0]",12.91,8.56,17.82,8.56,185435.0
RR,1.68,2,"[1, 0, 0, 0, 0, 0, 0, 0, 1, 0]",1.67,2.43,7.06,1.35,4225935.0
BTBT,1.63,3,"[1, 0, 0, 0, 0, 0, 1, 0, 1, 0]",1.52,1.73,4.22,1.21,26606125.0
MSBI,33.14,9,"[1, 1, 1, 1, 1, 1, 1, 1, 1, 0]",33.12,26.7,34.19,13.85,175640.0
UROY,3.97,6,"[0, 1, 1, 1, 0, 1, 1, 0, 1, 0]",4.07,3.77,5.46,2.61,4627440.0
CARE,30.75,8,"[0, 1, 1, 1, 1, 1, 1, 1, 1, 0]",31.86,26.34,35.61,16.84,267695.0
EGY,5.73,8,"[0, 1, 1, 1, 1, 1, 1, 1, 1, 0]",5.76,5.3,6.53,3.26,1368795.0
GDYN,8.02,7,"[1, 1, 1, 1, 0, 0, 1, 1, 1, 0]",7.65,7.06,10.06,5.21,931265.0
ALTI,2.91,2,"[0, 0, 0, 1, 0, 0, 0, 0, 1, 0]",3.63,3.81,5.19,2.81,211490.0
PRME,2.98,1,"[0, 0, 0, 0, 0, 0, 0, 0, 1, 0]",3.22,3.48,6.45,2.7,3312780.0
TCMD,22.1,3,"[0, 0, 0, 0, 0, 0, 1, 0, 1, 1]",24.28,26.53,33.05,14.22,273195.0
MLAB,132.55,10,"[1, 1, 1, 1, 1, 1, 1, 1, 1, 1]",119.02,99.27,137.5,67.29,125260.0
FTK,30.94,10,"[1, 1, 1, 1, 1, 1, 1, 1, 1, 1]",28.1,21.2,38.82,13.47,487785.0
AVTX,14.99,3,"[0, 0, 0, 1, 1, 0, 0, 0, 1, 0]",18.16,16.73,22.87,12.74,1196145.0
DDI,13.31,10,"[1, 1, 1, 1, 1, 1, 1, 1, 1, 1]",12.56,10.53,13.31,8.25,199020.0
HELE,26.74,8,"[0, 1, 1, 1, 1, 1, 1, 1, 1, 0]",28.42,23.11,30.22,13.88,404490.0
BETR,11.79,1,"[0, 0, 0, 0, 0, 0, 0, 0, 1, 0]",14.55,27.38,86.07,10.08,580955.0
KYTX,6.22,1,"[0, 0, 0, 0, 0, 0, 0, 0, 1, 0]",7.71,8.36,11.25,5.41,962765.0
PRTA,8.36,2,"[0, 0, 0, 0, 1, 0, 0, 0, 1, 0]",8.88,9.32,11.51,7.91,496725.0
PROK,1.72,2,"[1, 0, 0, 0, 0, 0, 0, 0, 1, 0]",1.68,1.9,3.3,1.33,1793405.0
CHW,8.0,6,"[0, 0, 1, 1, 1, 1, 0, 1, 1, 0]",8.34,7.98,8.91,6.67,179962.15
MG,20.65,10,"[1, 1, 1, 1, 1, 1, 1, 1, 1, 1]",18.63,16.58,21.59,9.39,519735.0
INV,0.5,2,"[0, 0, 0, 0, 1, 0, 0, 0, 1, 0]",1.72,3.91,7.32,0.49,8935970.0
KRT,54.57,10,"[1, 1, 1, 1, 1, 1, 1, 1, 1, 1]",47.61,32.13,54.57,19.72,185030.0
DDL,2.15,2,"[0, 0, 0, 0, 0, 1, 0, 0, 1, 0]",2.29,2.51,3.2,1.67,276670.0
MEC,16.44,4,"[0, 0, 0, 0, 1, 1, 1, 0, 1, 0]",21.08,23.05,37.54,12.56,582255.0
PACK,4.09,1,"[0, 0, 0, 0, 0, 0, 0, 0, 1, 0]",4.83,5.34,7.64,3.24,518880.0
WTI,3.56,6,"[0, 0, 1, 1, 1, 1, 1, 0, 1, 0]",3.71,3.19,4.89,1.49,3803905.0
DNA,12.35,9,"[1, 1, 1, 1, 0, 1, 1, 1, 1, 1]",8.08,8.32,16.14,5.48,2051045.0
TECX,22.54,4,"[0, 0, 0, 0, 1, 1, 1, 0, 1, 0]",30.2,27.98,37.93,14.91,243050.0
CPS,21.83,1,"[0, 0, 0, 0, 0, 0, 0, 0, 1, 0]",26.09,29.93,45.2,20.84,263655.0
ASIX,16.22,3,"[0, 0, 0, 0, 1, 1, 0, 0, 1, 0]",17.26,19.37,25.73,13.91,293000.0
RGNX,7.43,3,"[0, 0, 0, 1, 0, 0, 1, 0, 1, 0]",9.27,9.88,15.98,5.65,1427235.0
CLFD,33.48,7,"[1, 1, 1, 0, 1, 1, 0, 0, 1, 1]",29.81,32.35,51.26,26.0,139760.0
ILPT,7.08,6,"[0, 0, 0, 1, 1, 1, 1, 1, 1, 0]",8.2,7.16,9.25,4.91,343360.0
CTNM,13.12,5,"[0, 0, 0, 1, 1, 1, 1, 0, 1, 0]",14.89,13.71,17.57,9.17,689430.0
MCS,27.06,8,"[0, 1, 1, 1, 1, 1, 1, 1, 1, 0]",28.41,20.64,31.03,12.83,225185.0
ASTL,4.34,4,"[1, 0, 0, 0, 0, 1, 1, 0, 1, 0]",4.28,4.42,5.8,3.28,803385.0
AURA,6.09,4,"[0, 0, 0, 1, 1, 1, 0, 0, 1, 0]",7.14,6.64,8.9,4.97,980660.0
AQST,4.55,5,"[0, 1, 1, 1, 0, 0, 1, 0, 1, 0]",4.56,4.34,7.49,2.95,2352920.0
MAMA,12.93,4,"[0, 0, 0, 1, 1, 1, 0, 0, 1, 0]",15.84,15.49,20.65,10.03,922175.0
LZM,3.85,2,"[0, 0, 0, 0, 0, 1, 0, 0, 1, 0]",3.93,4.35,6.1,3.01,330305.0
ACHV,7.24,8,"[0, 1, 1, 1, 1, 1, 1, 1, 1, 0]",7.44,5.44,8.53,2.65,1723220.0
SD,13.62,3,"[0, 0, 0, 0, 0, 1, 0, 1, 1, 0]",13.99,14.63,17.42,10.75,369475.0
MNRO,14.18,3,"[1, 0, 0, 0, 0, 0, 0, 0, 1, 1]",12.89,16.19,22.59,11.02,1004285.0
OOMA,20.8,8,"[0, 1, 1, 1, 1, 1, 1, 1, 1, 0]",21.71,16.82,23.38,10.58,521295.0
ANL,15.09,10,"[1, 1, 1, 1, 1, 1, 1, 1, 1, 1]",14.28,10.35,16.6,0.88,162765.0
IMMX,9.68,6,"[0, 0, 1, 1, 1, 1, 1, 0, 1, 0]",11.6,9.15,14.47,2.06,1784895.0
FDMT,13.67,9,"[1, 1, 1, 1, 1, 1, 1, 1, 1, 0]",13.41,10.44,16.76,7.19,956025.0
KRNY,9.32,8,"[0, 1, 1, 1, 1, 1, 1, 1, 1, 0]",9.61,8.34,10.13,6.01,492575.0
STTK,6.73,8,"[0, 1, 1, 1, 1, 1, 1, 1, 1, 0]",6.92,5.84,8.06,1.77,1531840.0
CERS,2.28,5,"[0, 0, 0, 1, 1, 1, 1, 0, 1, 0]",2.61,2.43,3.28,1.4,1773825.0
OIS,8.23,4,"[0, 0, 0, 0, 1, 1, 1, 0, 1, 0]",8.48,9.25,14.39,5.58,616475.0
HKD,1.71,9,"[1, 1, 1, 1, 1, 1, 1, 0, 1, 1]",1.69,1.61,2.95,1.27,123300.0
CBIO,14.32,4,"[0, 0, 0, 0, 1, 1, 1, 0, 1, 0]",16.83,15.73,26.98,8.94,530760.0
PANL,8.43,9,"[1, 1, 1, 1, 0, 1, 1, 1, 1, 1]",7.9,7.57,9.17,4.42,430315.0
OCGN,1.02,1,"[0, 0, 0, 0, 0, 0, 0, 0, 1, 0]",1.22,1.49,2.48,0.99,9294555.0
FVR,16.68,6,"[0, 0, 0, 1, 1, 1, 1, 1, 1, 0]",18.87,17.37,21.64,12.36,220265.0
MATV,11.9,8,"[1, 1, 1, 1, 0, 1, 1, 1, 1, 0]",11.53,10.19,14.6,7.16,483355.0
IPI,32.76,4,"[0, 0, 0, 0, 1, 1, 1, 0, 1, 0]",36.77,36.22,48.84,23.94,197625.0
CHCT,13.62,3,"[0, 0, 0, 0, 1, 1, 0, 0, 1, 0]",15.22,16.06,18.6,11.91,374145.0
CGC,0.88,1,"[0, 0, 0, 0, 0, 0, 0, 0, 1, 0]",0.96,1.06,1.92,0.86,2194395.0
PUBM,18.42,10,"[1, 1, 1, 1, 1, 1, 1, 1, 1, 1]",16.4,11.22,19.18,6.28,726300.0
ELVA,6.63,3,"[0, 0, 0, 0, 0, 1, 1, 0, 1, 0]",7.22,8.67,12.26,4.23,334720.0
ALIT,8.85,1,"[0, 0, 0, 0, 0, 0, 0, 0, 1, 0]",13.9,18.85,64.27,8.85,498065.0
CD,6.74,6,"[1, 1, 1, 0, 0, 0, 1, 0, 1, 1]",3.68,4.9,35.79,2.65,238260.0
NUAI,6.29,10,"[1, 1, 1, 1, 1, 1, 1, 1, 1, 1]",5.56,5.0,8.06,1.54,8760695.0
EBS,6.33,4,"[1, 0, 0, 0, 0, 0, 1, 0, 1, 1]",6.13,8.6,13.9,4.45,1100450.0
RBBN,1.77,1,"[0, 0, 0, 0, 0, 0, 0, 0, 1, 0]",1.97,2.38,4.04,1.64,1149040.0
CLNE,1.56,1,"[0, 0, 0, 0, 0, 0, 0, 0, 1, 0]",1.7,2.09,3.06,1.56,1705315.0
OVID,2.38,7,"[0, 0, 1, 1, 1, 1, 1, 1, 1, 0]",2.64,2.3,2.96,1.2,1765370.0
APPS,11.17,10,"[1, 1, 1, 1, 1, 1, 1, 1, 1, 1]",11.11,7.03,14.39,2.82,2970250.0
SRTA,4.73,4,"[0, 0, 0, 1, 1, 1, 0, 0, 1, 0]",5.5,5.17,6.47,4.03,805495.0
RIGL,47.15,8,"[1, 1, 1, 1, 0, 1, 1, 1, 1, 0]",44.48,36.54,50.96,25.44,236485.0
NGNE,25.65,5,"[0, 0, 0, 1, 1, 1, 1, 0, 1, 0]",34.76,27.22,42.84,16.37,330855.0
IMXI,11.51,1,"[0, 0, 0, 0, 0, 0, 0, 0, 1, 0]",13.06,14.74,15.94,10.57,632605.0
ZKH,2.74,2,"[0, 0, 0, 0, 0, 0, 1, 0, 1, 0]",2.9,3.06,3.79,2.06,268670.0
PSFE,5.39,2,"[0, 0, 0, 0, 1, 0, 0, 0, 1, 0]",6.85,7.39,13.27,5.39,351020.0
TATT,35.19,1,"[0, 0, 0, 0, 0, 0, 0, 0, 1, 0]",38.57,43.68,61.11,32.08,117000.0
ASMB,22.54,2,"[0, 0, 0, 1, 0, 0, 0, 0, 1, 0]",28.87,28.37,38.5,22.26,394485.0
WEAV,7.37,9,"[1, 1, 1, 1, 0, 1, 1, 1, 1, 1]",6.91,6.13,7.59,4.37,1620655.0
LTBR,6.39,1,"[0, 0, 0, 0, 0, 0, 0, 0, 1, 0]",7.66,11.05,27.72,6.28,853995.0
MTW,23.22,10,"[1, 1, 1, 1, 1, 1, 1, 1, 1, 1]",19.36,14.6,23.22,10.0,499475.0
SGMT,9.14,8,"[0, 1, 1, 1, 1, 1, 1, 1, 1, 0]",9.75,7.17,11.17,4.55,1441735.0
EVH,3.46,4,"[0, 0, 0, 1, 1, 0, 1, 0, 1, 0]",3.99,3.83,8.25,2.17,2390955.0
BMBL,2.54,1,"[0, 0, 0, 0, 0, 0, 0, 0, 1, 0]",2.81,3.21,5.91,2.53,2190110.0
FULC,3.69,1,"[0, 0, 0, 0, 0, 0, 0, 0, 1, 0]",3.78,6.61,14.6,3.14,1406040.0
KLC,1.86,1,"[0, 0, 0, 0, 0, 0, 0, 0, 1, 0]",3.23,3.75,6.88,1.84,624985.0
CLDT,13.68,10,"[1, 1, 1, 1, 1, 1, 1, 1, 1, 1]",13.1,10.05,13.69,5.98,289470.0
ANGO,15.11,8,"[0, 1, 1, 1, 1, 1, 1, 1, 1, 0]",15.4,12.48,16.13,9.7,559775.0
RPD,12.19,7,"[1, 1, 1, 1, 0, 0, 1, 0, 1, 1]",11.69,9.52,19.35,5.05,1870615.0
CTEV,23.72,3,"[0, 0, 0, 1, 0, 0, 1, 0, 1, 0]",31.58,27.02,71.36,13.47,161075.0
CAL,12.22,6,"[0, 0, 0, 1, 0, 1, 1, 1, 1, 1]",12.79,12.41,14.64,8.71,597985.0
ADUR,12.28,5,"[0, 0, 0, 1, 1, 1, 1, 0, 1, 0]",13.98,13.13,17.39,9.19,240765.0
ZURA,4.11,3,"[0, 0, 0, 1, 0, 1, 0, 0, 1, 0]",5.31,5.32,7.04,3.21,1927345.0
ACTG,4.34,5,"[0, 0, 0, 0, 1, 1, 1, 1, 1, 0]",4.52,4.47,5.16,3.26,187575.0
NPWR,1.39,1,"[0, 0, 0, 0, 0, 0, 0, 0, 1, 0]",1.68,1.88,4.85,1.36,573375.0
BLZE,14.36,8,"[0, 1, 1, 1, 1, 1, 1, 0, 1, 1]",14.96,8.64,20.43,3.31,1762315.0
TROO,1.72,3,"[0, 0, 0, 0, 0, 1, 1, 0, 1, 0]",1.98,2.8,5.02,1.13,254610.0
PERI,8.5,3,"[0, 0, 0, 0, 1, 0, 0, 1, 1, 0]",9.3,9.33,11.06,7.71,575525.0
CRNC,8.09,2,"[0, 0, 0, 0, 0, 0, 1, 0, 1, 0]",8.32,9.27,13.1,5.96,583660.0
MCFT,20.1,4,"[0, 0, 0, 1, 1, 1, 0, 0, 1, 0]",22.9,22.55,27.38,17.21,304815.0
GEVO,1.31,1,"[0, 0, 0, 0, 0, 0, 0, 0, 1, 0]",1.54,1.8,2.78,1.31,2939165.0
ADCT,1.13,1,"[0, 0, 0, 0, 0, 0, 0, 0, 1, 0]",1.14,2.69,4.88,0.96,1383995.0
ENTA,12.96,2,"[0, 0, 0, 0, 0, 0, 0, 1, 1, 0]",13.1,13.5,16.85,10.33,295705.0
SPT,10.09,8,"[1, 1, 1, 1, 0, 1, 1, 1, 1, 0]",10.01,8.15,12.49,4.99,1086875.0
TTGT,3.57,1,"[0, 0, 0, 0, 0, 0, 0, 0, 1, 0]",3.92,4.4,6.47,3.4,329270.0
ALMU,13.12,3,"[0, 0, 0, 0, 1, 0, 0, 0, 1, 1]",14.52,17.55,31.49,10.73,636640.0
NVEC,111.42,10,"[1, 1, 1, 1, 1, 1, 1, 1, 1, 1]",109.8,86.2,133.06,55.46,101045.0
AVIR,5.13,8,"[0, 1, 1, 1, 1, 1, 1, 1, 1, 0]",5.21,4.82,6.15,2.9,307630.0
MAGN,11.67,5,"[0, 1, 0, 1, 0, 0, 1, 1, 1, 0]",12.37,12.25,15.26,7.96,368430.0
LXEO,3.53,1,"[0, 0, 0, 0, 0, 0, 0, 0, 1, 0]",4.42,5.88,10.63,3.14,1712350.0
BGS,2.69,1,"[0, 0, 0, 0, 0, 0, 0, 0, 1, 0]",3.24,4.03,5.35,2.69,2301135.0
BYND,8.25,1,"[0, 0, 0, 0, 0, 0, 0, 0, 1, 0]",12.82,20.91,108.6,8.23,1352600.0
OEC,5.79,4,"[0, 0, 0, 0, 1, 1, 1, 0, 1, 0]",6.24,6.35,8.26,4.3,429670.0
NEXN,8.81,8,"[0, 1, 1, 1, 1, 1, 1, 1, 1, 0]",9.78,7.98,10.95,5.7,438115.0
NATR,12.45,1,"[0, 0, 0, 0, 0, 0, 0, 0, 1, 0]",15.22,21.5,27.8,12.45,124205.0
PACB,2.54,7,"[1, 1, 1, 0, 0, 0, 1, 1, 1, 1]",1.42,1.57,2.67,1.11,13439825.0
MNPR,77.97,6,"[0, 0, 1, 1, 1, 1, 1, 0, 1, 0]",107.09,76.46,123.84,50.12,146050.0
IVVD,0.82,3,"[1, 0, 0, 0, 0, 0, 1, 0, 1, 0]",0.8,1.35,2.88,0.54,6954135.0
NRC,20.35,8,"[0, 1, 1, 1, 1, 1, 1, 1, 1, 0]",20.85,18.68,22.59,11.04,132585.0
CBAN,20.45,8,"[0, 1, 1, 1, 1, 1, 1, 1, 1, 0]",21.38,20.04,22.27,15.54,158290.0
LOCO,14.22,7,"[0, 0, 1, 1, 1, 1, 1, 1, 1, 0]",15.26,13.66,17.2,9.06,224775.0
EOLS,7.14,8,"[0, 1, 1, 1, 1, 1, 1, 1, 1, 0]",7.85,6.16,9.3,3.94,803620.0
AUTL,1.78,7,"[0, 1, 1, 1, 1, 1, 1, 0, 1, 0]",2.02,1.67,2.54,1.21,1565070.0
XFOR,2.83,2,"[0, 0, 0, 0, 1, 0, 0, 0, 1, 0]",3.81,3.9,4.67,2.83,1309885.0
GRRR,13.17,3,"[0, 0, 0, 0, 1, 0, 1, 0, 1, 0]",13.72,13.69,21.78,9.48,479840.0
ABAT,2.19,1,"[0, 0, 0, 0, 0, 0, 0, 0, 1, 0]",2.41,3.18,11.33,2.04,3976600.0
ASPN,5.69,9,"[1, 1, 1, 1, 1, 1, 1, 0, 1, 1]",5.22,4.44,8.82,2.57,947880.0
SSP,2.74,2,"[0, 0, 0, 0, 0, 0, 1, 0, 1, 0]",3.1,3.55,5.16,1.54,653680.0
VREX,18.46,8,"[1, 1, 1, 1, 0, 1, 1, 1, 1, 0]",16.97,13.0,18.58,9.32,631435.0
LRMR,2.96,2,"[0, 0, 0, 0, 1, 0, 0, 0, 1, 0]",3.88,3.93,5.95,2.81,1440250.0
IPSC,1.53,4,"[0, 0, 0, 0, 1, 1, 1, 0, 1, 0]",1.96,2.07,2.94,0.47,522855.0
NEWT,11.18,3,"[0, 0, 0, 0, 1, 1, 0, 0, 1, 0]",12.47,12.56,15.3,9.03,236980.0
VOXR,5.03,5,"[0, 0, 0, 0, 1, 1, 1, 1, 1, 0]",5.27,5.26,6.37,3.84,431745.0
XNET,4.71,1,"[0, 0, 0, 0, 0, 0, 0, 0, 1, 0]",5.03,5.84,10.78,4.64,205545.0
VELO,11.2,4,"[0, 0, 0, 0, 1, 1, 1, 0, 1, 0]",11.85,14.23,30.61,3.57,977485.0
HNST,5.16,9,"[1, 1, 1, 1, 1, 1, 1, 1, 1, 0]",5.05,3.55,5.95,2.1,1805290.0
RCKT,2.56,1,"[0, 0, 0, 0, 0, 0, 0, 0, 1, 0]",3.36,3.57,5.3,2.56,1914430.0
DCTH,15.13,8,"[0, 1, 1, 1, 1, 1, 1, 1, 1, 0]",15.59,11.87,17.36,8.19,361510.0
CDZI,3.83,2,"[1, 0, 0, 0, 0, 0, 0, 0, 1, 0]",3.6,4.56,6.92,2.98,1093205.0
OPAL,1.74,1,"[0, 0, 0, 0, 0, 0, 0, 0, 1, 0]",2.07,2.21,2.78,1.74,367675.0
OSS,8.66,4,"[0, 0, 0, 0, 1, 1, 1, 0, 1, 0]",10.84,11.38,19.95,4.34,717285.0
XPER,5.43,2,"[0, 0, 0, 0, 1, 0, 0, 0, 1, 0]",6.29,6.53,8.64,5.11,381970.0
QUAD,9.42,8,"[0, 1, 1, 1, 1, 1, 1, 1, 1, 0]",9.8,7.66,10.74,4.99,361160.0
CLPT,10.9,2,"[0, 0, 0, 1, 0, 0, 0, 0, 1, 0]",14.39,13.41,29.6,8.66,730755.0
EGHT,2.28,9,"[1, 1, 1, 1, 0, 1, 1, 1, 1, 1]",2.01,2.02,2.76,1.59,1747680.0
PBYI,9.51,10,"[1, 1, 1, 1, 1, 1, 1, 1, 1, 1]",9.03,7.47,9.93,4.73,319740.0
DVLT,0.15,1,"[0, 0, 0, 0, 0, 0, 0, 0, 1, 0]",0.26,0.55,3.42,0.15,65901850.0
VNDA,4.63,1,"[0, 0, 0, 0, 0, 0, 0, 0, 1, 0]",5.18,6.53,9.56,4.32,1067000.0
RNGR,15.66,4,"[0, 0, 0, 0, 1, 1, 0, 1, 1, 0]",16.32,16.03,18.29,12.18,149140.0
AMCX,11.16,8,"[0, 1, 1, 1, 1, 1, 1, 1, 1, 0]",11.83,9.43,12.85,6.52,669680.0
SVCO,9.15,8,"[1, 1, 1, 0, 1, 1, 1, 0, 1, 1]",7.38,7.46,13.79,3.23,436065.0
CLMB,32.8,9,"[1, 1, 1, 1, 0, 1, 1, 1, 1, 1]",28.56,25.17,35.79,16.68,153785.0
API,4.08,5,"[0, 1, 0, 1, 0, 1, 0, 1, 1, 0]",4.19,4.13,5.26,3.24,133690.0
ACCO,4.3,9,"[1, 1, 1, 1, 1, 1, 1, 1, 1, 0]",4.24,3.76,4.42,2.74,669815.0
RMNI,4.24,8,"[0, 1, 1, 1, 1, 1, 1, 1, 1, 0]",4.79,4.02,5.65,2.97,399705.0
SOPH,8.07,9,"[1, 1, 1, 1, 1, 1, 1, 1, 1, 0]",7.68,5.7,8.92,3.89,657865.0
XRX,3.02,8,"[0, 1, 1, 1, 1, 1, 1, 1, 1, 0]",3.13,2.48,3.59,1.2,2469305.0
BNED,11.71,8,"[0, 1, 1, 1, 1, 1, 1, 1, 1, 0]",11.91,10.29,13.65,6.08,270460.0
DDD,3.78,10,"[1, 1, 1, 1, 1, 1, 1, 1, 1, 1]",3.33,2.68,3.88,1.77,2286085.0
DIN,29.92,3,"[0, 0, 0, 1, 0, 0, 0, 1, 1, 0]",32.26,31.54,38.06,23.55,560085.0
TG,7.03,1,"[0, 0, 0, 0, 0, 0, 0, 0, 1, 0]",7.54,8.08,10.35,6.29,183445.0
FRST,15.62,8,"[0, 1, 1, 1, 1, 1, 1, 1, 1, 0]",16.0,14.49,16.67,9.31,149865.0
EVTL,0.59,1,"[0, 0, 0, 0, 0, 0, 0, 0, 1, 0]",0.82,2.77,7.28,0.54,5944255.0
IRD,4.58,8,"[1, 1, 1, 0, 1, 1, 1, 1, 1, 0]",4.34,3.99,6.07,1.74,5102785.0
LE,10.29,1,"[0, 0, 0, 0, 0, 0, 0, 0, 1, 0]",11.53,13.0,19.15,10.07,178610.0
QUIK,11.87,6,"[1, 0, 0, 0, 1, 1, 1, 0, 1, 1]",11.75,12.36,23.74,5.49,230395.0
TLS,4.19,1,"[0, 0, 0, 0, 0, 0, 0, 0, 1, 0]",4.42,4.58,7.76,3.88,729090.0
SHIP,17.82,9,"[1, 1, 1, 1, 1, 1, 1, 1, 1, 0]",17.1,13.82,18.54,7.23,486785.0
DBI,6.06,5,"[1, 0, 0, 0, 0, 1, 1, 0, 1, 1]",5.94,6.49,8.96,3.07,821710.0
ALTO,3.77,4,"[0, 0, 0, 0, 1, 1, 1, 0, 1, 0]",4.15,4.19,5.99,1.01,1102950.0
PAYS,14.23,10,"[1, 1, 1, 1, 1, 1, 1, 1, 1, 1]",12.31,7.35,14.36,3.18,881010.0
VMD,9.13,5,"[0, 0, 0, 0, 1, 1, 1, 0, 1, 1]",9.44,9.34,12.33,6.26,274525.0
CURR,3.1,7,"[0, 0, 1, 1, 1, 1, 1, 0, 1, 1]",3.36,2.8,4.49,1.38,173320.0
MEI,15.74,10,"[1, 1, 1, 1, 1, 1, 1, 1, 1, 1]",15.23,10.84,19.36,5.0,651690.0
NAUT,1.96,4,"[1, 0, 0, 0, 0, 0, 1, 0, 1, 1]",1.03,2.07,3.95,0.85,3877955.0
DMAC,8.23,8,"[1, 1, 1, 1, 0, 0, 1, 1, 1, 1]",6.89,7.1,9.39,5.33,216090.0
CAN,0.35,3,"[1, 0, 0, 0, 0, 0, 1, 0, 1, 0]",0.3,0.45,2.05,0.17,14016895.0
NMRA,0.5,1,"[0, 0, 0, 0, 0, 0, 0, 0, 1, 0]",1.27,1.93,3.59,0.5,1982495.0
HLLY,2.34,1,"[0, 0, 0, 0, 0, 0, 0, 0, 1, 0]",2.81,3.17,4.39,2.34,1371770.0
LVWR,1.57,5,"[1, 1, 0, 0, 0, 0, 1, 0, 1, 1]",1.39,1.82,6.21,0.65,478490.0
IMRX,4.07,1,"[0, 0, 0, 0, 0, 0, 0, 0, 1, 0]",4.63,5.03,8.33,3.92,716295.0
TSSI,10.24,6,"[1, 0, 0, 0, 1, 1, 1, 0, 1, 1]",9.4,10.86,20.42,6.92,973285.0
SLP,18.5,9,"[1, 1, 1, 1, 0, 1, 1, 1, 1, 1]",18.39,16.35,20.84,11.36,226660.0
ABEO,5.03,4,"[0, 0, 0, 1, 1, 1, 0, 0, 1, 0]",6.0,5.55,7.46,4.17,1481760.0
REPL,13.07,8,"[0, 1, 1, 1, 1, 1, 1, 1, 1, 0]",13.15,8.91,15.98,1.7,2165465.0
DSX,2.86,9,"[1, 1, 1, 1, 1, 1, 1, 1, 1, 0]",2.69,2.39,3.11,1.55,1246105.0
STRZ,23.25,8,"[0, 1, 1, 1, 1, 1, 1, 1, 1, 0]",25.71,19.45,30.21,8.65,370120.0
SLN,10.64,7,"[0, 1, 1, 1, 1, 1, 1, 0, 1, 0]",12.68,8.2,15.43,4.3,917265.0
ATOM,4.71,6,"[1, 0, 0, 0, 1, 1, 1, 0, 1, 1]",4.63,5.38,12.11,1.99,434270.0
BRCC,9.05,4,"[0, 0, 0, 0, 1, 0, 1, 0, 1, 1]",9.09,10.28,17.8,6.25,101610.0
TYGO,0.87,2,"[0, 0, 0, 0, 1, 0, 0, 0, 1, 0]",1.17,2.7,5.16,0.82,929420.0
PINE,17.68,5,"[0, 0, 0, 0, 1, 1, 1, 1, 1, 0]",18.83,18.48,21.38,12.36,177095.0
AZ,6.19,3,"[1, 0, 0, 0, 0, 0, 0, 0, 1, 1]",6.18,6.4,8.6,5.12,360455.0
ZNTL,2.52,4,"[0, 0, 0, 0, 1, 1, 1, 0, 1, 0]",3.75,3.42,6.61,1.28,1270490.0
RPAY,3.82,8,"[1, 1, 1, 1, 1, 1, 1, 0, 1, 0]",3.82,3.53,5.25,2.4,403950.0
ASYS,18.01,9,"[1, 1, 1, 0, 1, 1, 1, 1, 1, 1]",15.29,15.94,23.99,7.05,276250.0
NVCT,21.92,9,"[1, 1, 1, 1, 1, 1, 1, 1, 1, 0]",21.75,13.47,28.53,5.65,209885.0
MASS,12.69,10,"[1, 1, 1, 1, 1, 1, 1, 1, 1, 1]",10.0,7.72,12.69,5.09,373930.0
FLWS,2.56,1,"[0, 0, 0, 0, 0, 0, 0, 0, 1, 0]",3.5,3.78,5.15,2.48,471620.0
RZLT,4.01,6,"[0, 1, 1, 1, 1, 0, 1, 0, 1, 0]",4.5,3.7,10.94,1.4,1613070.0
PRLD,3.67,5,"[0, 0, 0, 1, 1, 1, 1, 0, 1, 0]",4.98,3.88,6.63,1.19,513735.0
GSIT,5.61,2,"[0, 0, 0, 0, 0, 0, 0, 0, 1, 1]",5.79,6.97,12.97,4.56,516970.0
ZIP,3.55,6,"[0, 1, 1, 1, 1, 0, 1, 0, 1, 0]",4.17,3.31,5.49,1.69,746795.0
EDIT,2.62,4,"[0, 0, 0, 0, 1, 1, 1, 0, 1, 0]",2.83,2.64,4.15,1.66,3139705.0
RILY,4.86,4,"[0, 0, 0, 0, 1, 1, 1, 0, 1, 0]",6.65,7.42,10.68,3.72,638485.0
CXDO,5.92,2,"[0, 0, 0, 0, 1, 0, 0, 0, 1, 0]",6.24,6.97,10.47,5.6,291800.0
PALI,1.44,2,"[0, 0, 0, 0, 1, 0, 0, 0, 1, 0]",1.92,1.92,2.8,1.35,4043445.0
BKKT,7.75,1,"[0, 0, 0, 0, 0, 0, 0, 0, 1, 0]",7.86,9.58,45.04,6.85,1334225.0
SMWB,7.96,7,"[0, 1, 1, 1, 0, 1, 1, 1, 1, 0]",8.13,5.35,9.29,2.33,568485.0
SY,2.75,6,"[1, 1, 1, 1, 0, 0, 1, 0, 1, 0]",2.44,2.55,4.47,1.32,394125.0
VFF,2.84,6,"[1, 1, 1, 1, 0, 0, 1, 0, 1, 0]",2.64,2.79,4.18,1.84,746305.0
ELDN,2.49,4,"[0, 0, 0, 0, 1, 1, 1, 0, 1, 0]",3.14,3.03,4.36,1.39,855300.0
FNKO,5.86,9,"[0, 1, 1, 1, 1, 1, 1, 1, 1, 1]",5.87,4.8,7.1,2.81,1060395.0
VLN,1.91,8,"[1, 1, 1, 0, 1, 1, 1, 0, 1, 1]",1.74,1.84,3.53,1.11,626590.0
SGHT,8.53,9,"[1, 1, 1, 1, 0, 1, 1, 1, 1, 1]",7.79,5.9,9.36,3.2,276835.0
SHMD,4.57,4,"[1, 0, 0, 0, 0, 0, 1, 0, 1, 1]",4.07,5.92,10.42,2.5,1529295.0
OPTX,9.14,8,"[1, 1, 1, 0, 1, 1, 1, 0, 1, 1]",7.67,7.72,14.11,1.25,384380.0
ACIU,2.72,3,"[1, 1, 0, 0, 0, 0, 0, 0, 1, 0]",2.6,2.81,3.99,2.12,181065.0
MBI,4.4,1,"[0, 0, 0, 0, 0, 0, 0, 0, 1, 0]",4.83,5.93,7.72,4.26,436135.0
TARA,2.7,1,"[0, 0, 0, 0, 0, 0, 0, 0, 1, 0]",3.78,4.85,7.56,2.7,1622615.0
PDYN,5.33,3,"[0, 0, 0, 0, 1, 1, 0, 0, 1, 0]",5.71,6.22,10.3,4.15,825315.0
CCCC,2.95,5,"[0, 0, 0, 1, 1, 1, 1, 0, 1, 0]",3.63,3.11,4.67,1.71,2114865.0
NUCL,5.93,2,"[0, 0, 0, 0, 1, 0, 0, 0, 1, 0]",6.66,5.93,13.21,4.82,269810.0
DEFT,0.53,3,"[1, 0, 0, 0, 0, 0, 1, 0, 1, 0]",0.53,0.66,2.23,0.39,2663730.0
USAU,14.47,1,"[0, 0, 0, 0, 0, 0, 0, 0, 1, 0]",15.14,16.43,22.6,12.65,147830.0
FATE,2.32,7,"[0, 1, 1, 1, 1, 1, 1, 0, 1, 0]",2.48,1.85,3.11,0.96,1509765.0
CGEN,2.31,6,"[0, 0, 1, 1, 1, 1, 1, 0, 1, 0]",2.45,2.25,3.1,1.47,172030.0
ALXO,1.22,3,"[0, 0, 0, 0, 1, 1, 0, 0, 1, 0]",1.85,1.84,2.6,1.08,1280320.0
ACH,0.51,2,"[0, 0, 0, 0, 1, 0, 0, 0, 1, 0]",1.49,2.47,5.51,0.51,1402995.0
CNDT,1.65,6,"[1, 1, 1, 1, 0, 0, 1, 0, 1, 0]",1.63,1.59,2.77,1.16,1212965.0
AIRS,1.77,2,"[0, 0, 0, 0, 1, 0, 0, 0, 1, 0]",3.0,3.19,11.65,1.58,992325.0
IKT,2.0,7,"[0, 0, 1, 1, 1, 1, 1, 1, 1, 0]",2.33,1.94,2.52,1.41,569170.0
PRE,20.17,8,"[0, 1, 1, 1, 1, 1, 1, 1, 1, 0]",21.77,19.28,26.25,11.79,171905.0
CHRS,1.16,2,"[0, 0, 0, 0, 0, 1, 0, 0, 1, 0]",1.32,1.57,2.51,1.1,1398045.0
ARTV,6.83,5,"[0, 0, 0, 1, 1, 1, 1, 0, 1, 0]",10.13,7.87,13.39,2.74,509465.0
SIDU,1.81,4,"[0, 0, 0, 0, 1, 1, 1, 0, 1, 0]",2.11,2.82,6.2,0.63,3896060.0
TRDA,5.38,1,"[0, 0, 0, 0, 0, 0, 0, 0, 1, 0]",6.87,9.33,16.03,5.38,342465.0
LAW,4.18,4,"[0, 1, 0, 1, 0, 0, 1, 0, 1, 0]",4.2,4.52,8.91,2.76,179950.0
OPRT,8.35,10,"[1, 1, 1, 1, 1, 1, 1, 1, 1, 1]",7.45,5.84,8.55,4.13,695545.0
JACK,12.45,3,"[0, 0, 0, 1, 0, 0, 1, 0, 1, 0]",15.61,15.41,23.52,9.4,545265.0
ARCT,13.03,8,"[1, 1, 1, 1, 1, 1, 1, 0, 1, 0]",11.78,8.5,23.16,5.53,792745.0
FOSL,6.8,10,"[1, 1, 1, 1, 1, 1, 1, 1, 1, 1]",5.44,4.51,6.8,1.79,827865.0
INSG,4.61,2,"[0, 0, 0, 0, 0, 0, 0, 0, 1, 1]",4.84,10.04,20.29,3.61,367155.0
FHTX,2.02,2,"[0, 0, 0, 1, 0, 0, 0, 0, 1, 0]",5.11,5.05,7.07,2.02,1186340.0
CDXS,1.36,3,"[0, 0, 0, 0, 1, 0, 1, 0, 1, 0]",1.48,1.85,2.85,0.98,802520.0
VUZI,2.98,7,"[1, 1, 1, 0, 0, 1, 1, 0, 1, 1]",2.66,2.85,5.14,2.03,882390.0
NXDT,5.3,9,"[1, 1, 1, 1, 1, 1, 1, 1, 1, 0]",5.16,4.71,5.75,2.38,153270.0
SILC,60.03,10,"[1, 1, 1, 1, 1, 1, 1, 1, 1, 1]",44.55,32.78,60.03,13.5,151625.0
RNAC,7.36,4,"[0, 0, 0, 1, 1, 1, 0, 0, 1, 0]",8.53,7.72,10.59,5.84,135355.0
NBP,1.36,1,"[0, 0, 0, 0, 0, 0, 0, 0, 1, 0]",1.7,2.46,6.56,1.34,616885.0
XPOF,4.7,1,"[0, 0, 0, 0, 0, 0, 0, 0, 1, 0]",5.01,6.4,9.0,3.65,868315.0
PROF,5.84,2,"[0, 0, 0, 1, 0, 0, 0, 0, 1, 0]",6.67,6.84,8.65,5.06,140055.0
NVA,5.76,3,"[1, 0, 0, 0, 0, 0, 1, 0, 1, 0]",5.46,6.34,14.37,4.28,614145.0
CANG,2.67,4,"[1, 0, 0, 0, 0, 0, 1, 0, 1, 1]",2.0,5.61,24.15,1.4,679265.0
LTRX,7.19,8,"[1, 1, 1, 0, 0, 1, 1, 1, 1, 1]",5.88,6.07,8.45,4.48,1224825.0
VYGR,2.45,1,"[0, 0, 0, 0, 0, 0, 0, 0, 1, 0]",3.15,3.66,5.33,2.45,569515.0
DUOT,9.11,4,"[1, 0, 0, 0, 0, 0, 1, 0, 1, 1]",9.05,9.37,14.64,6.3,600305.0
AIRJ,3.92,5,"[0, 0, 0, 1, 1, 1, 1, 0, 1, 0]",4.74,3.97,6.59,2.51,854480.0
EAF,9.44,7,"[1, 1, 1, 1, 0, 0, 1, 0, 1, 1]",7.72,9.14,19.82,5.23,789815.0
OSG,4.6,1,"[0, 0, 0, 0, 0, 0, 0, 0, 1, 0]",4.79,5.49,10.08,3.94,487785.0
OABI,4.87,10,"[1, 1, 1, 1, 1, 1, 1, 1, 1, 1]",3.87,2.42,5.04,1.36,1320260.0
SPCE,3.03,8,"[1, 1, 1, 1, 1, 0, 1, 0, 1, 1]",2.99,2.98,7.52,2.17,5712875.0
POWW,2.29,10,"[1, 1, 1, 1, 1, 1, 1, 1, 1, 1]",2.21,2.06,2.56,1.45,532075.0
OBIO,5.95,10,"[1, 1, 1, 1, 1, 1, 1, 1, 1, 1]",5.15,4.4,6.35,2.71,387300.0
ALTG,6.48,9,"[1, 1, 1, 0, 1, 1, 1, 1, 1, 1]",6.39,6.39,8.3,4.19,221065.0
HUMA,0.52,1,"[0, 0, 0, 0, 0, 0, 0, 0, 1, 0]",0.62,0.87,2.48,0.5,3642290.0
LOVE,14.7,6,"[0, 0, 0, 1, 1, 1, 1, 1, 1, 0]",15.98,15.14,18.7,10.54,329515.0
ALEC,1.81,4,"[0, 0, 0, 0, 1, 1, 1, 0, 1, 0]",2.02,1.99,3.32,1.14,1373125.0
UIS,2.28,2,"[0, 0, 0, 0, 1, 0, 0, 0, 1, 0]",2.68,2.86,4.78,2.0,608945.0
LFMD,2.74,2,"[0, 0, 0, 0, 1, 0, 0, 0, 1, 0]",3.28,3.79,6.97,2.64,871190.0
WALD,0.88,1,"[0, 0, 0, 0, 0, 0, 0, 0, 1, 0]",1.31,1.47,3.08,0.76,382740.0
BZAI,0.48,1,"[0, 0, 0, 0, 0, 0, 0, 0, 1, 0]",0.65,1.36,6.29,0.45,2804565.0
HRTX,0.35,2,"[0, 0, 0, 0, 0, 0, 0, 0, 1, 1]",0.36,0.8,1.49,0.27,2336135.0
GPRO,1.35,6,"[1, 1, 1, 1, 0, 0, 1, 0, 1, 0]",0.99,1.02,2.35,0.57,37207500.0
CRNT,2.18,5,"[1, 0, 0, 0, 1, 1, 0, 0, 1, 1]",2.12,2.33,3.2,1.89,318085.0
NKTX,2.58,5,"[0, 0, 1, 0, 1, 1, 1, 0, 1, 0]",2.59,2.53,3.67,1.73,618460.0
AREC,1.79,1,"[0, 0, 0, 0, 0, 0, 0, 0, 1, 0]",2.23,2.47,6.71,1.55,1546500.0
MIST,0.81,1,"[0, 0, 0, 0, 0, 0, 0, 0, 1, 0]",1.05,1.51,2.95,0.79,1417880.0
IMPP,5.38,10,"[1, 1, 1, 1, 1, 1, 1, 1, 1, 1]",5.11,4.6,6.35,3.22,577165.0
RELL,18.99,10,"[1, 1, 1, 1, 1, 1, 1, 1, 1, 1]",18.07,14.85,21.76,9.31,100830.0
OSUR,3.97,10,"[1, 1, 1, 1, 1, 1, 1, 1, 1, 1]",3.78,3.37,4.5,2.11,644485.0
CNTX,0.31,1,"[0, 0, 0, 0, 0, 0, 0, 0, 1, 0]",0.44,1.57,3.36,0.3,1109045.0
MVIS,1.48,1,"[0, 0, 0, 0, 0, 0, 0, 0, 1, 0]",2.29,7.78,21.45,1.46,1326545.0
AMPY,4.36,2,"[0, 0, 0, 0, 1, 0, 0, 0, 1, 0]",4.47,4.95,6.63,3.67,533550.0
TNYA,0.56,2,"[0, 0, 0, 0, 1, 0, 0, 0, 1, 0]",0.69,0.74,2.1,0.55,2777105.0
SMRT,1.2,1,"[0, 0, 0, 0, 0, 0, 0, 0, 1, 0]",1.25,1.42,2.12,0.95,745195.0
SRI,6.72,4,"[0, 0, 0, 1, 0, 1, 1, 0, 1, 0]",7.12,6.89,9.17,4.72,164040.0
FF,5.16,8,"[0, 1, 1, 1, 1, 1, 1, 1, 1, 0]",5.28,4.33,6.36,2.99,333405.0
ANNA,2.67,2,"[0, 0, 0, 0, 1, 0, 0, 0, 1, 0]",2.86,3.39,10.24,2.31,240235.0
INSE,3.46,1,"[0, 0, 0, 0, 0, 0, 0, 0, 1, 0]",5.61,7.3,9.82,3.29,377485.0
SND,5.34,9,"[1, 1, 1, 1, 1, 1, 1, 1, 1, 0]",4.93,4.64,5.7,1.92,268205.0
SABS,2.98,2,"[0, 0, 0, 0, 0, 0, 1, 0, 1, 0]",3.58,3.78,4.59,2.06,622450.0
SHIM,3.15,4,"[0, 0, 0, 0, 1, 1, 1, 0, 1, 0]",3.67,3.84,6.67,2.05,146490.0
SLNH,1.07,2,"[0, 0, 0, 0, 0, 0, 1, 0, 1, 0]",1.2,1.25,4.42,0.61,6734780.0
DMRC,6.36,5,"[1, 0, 0, 0, 1, 0, 1, 0, 1, 1]",6.07,7.07,16.43,4.36,193205.0
PLBY,1.04,1,"[0, 0, 0, 0, 0, 0, 0, 0, 1, 0]",1.16,1.51,2.71,1.01,581710.0
TONX,3.57,9,"[1, 1, 1, 1, 1, 1, 1, 0, 1, 1]",3.22,2.88,7.01,1.8,310080.0
TKNO,8.99,10,"[1, 1, 1, 1, 1, 1, 1, 1, 1, 1]",7.13,4.54,9.33,1.99,270065.0
KLTR,1.31,2,"[0, 0, 0, 1, 0, 0, 0, 0, 1, 0]",1.49,1.42,1.89,1.08,234245.0
EGAN,5.87,1,"[0, 0, 0, 0, 0, 0, 0, 0, 1, 0]",6.54,7.95,15.46,5.11,382895.0
PESI,15.56,7,"[0, 1, 1, 1, 0, 1, 1, 1, 1, 0]",17.32,13.9,19.43,8.61,337905.0
TENX,1.98,3,"[0, 0, 0, 0, 0, 0, 1, 0, 1, 1]",4.62,11.19,18.32,1.38,3537135.0
ONEW,9.82,2,"[0, 0, 0, 1, 0, 0, 0, 0, 1, 0]",11.38,11.28,16.96,8.35,114155.0
UNCY,4.22,2,"[0, 0, 0, 0, 1, 0, 0, 0, 1, 0]",5.1,6.3,8.56,4.22,944785.0
DPRO,5.28,3,"[1, 0, 0, 0, 0, 0, 1, 0, 1, 0]",5.0,6.07,13.77,3.8,1346420.0
DTIL,6.31,5,"[0, 0, 0, 1, 1, 1, 1, 0, 1, 0]",7.28,6.31,9.28,3.57,257685.0
VERI,0.75,1,"[0, 0, 0, 0, 0, 0, 0, 0, 1, 0]",1.07,2.26,8.39,0.75,4453890.0
SLQT,0.41,1,"[0, 0, 0, 0, 0, 0, 0, 0, 1, 0]",0.59,0.89,2.13,0.4,936055.0
QSI,1.55,6,"[1, 1, 1, 0, 0, 0, 1, 0, 1, 1]",0.81,0.95,2.63,0.7,5677370.0
KPTI,0.8,1,"[0, 0, 0, 0, 0, 0, 0, 0, 1, 0]",2.31,6.72,10.67,0.8,1560560.0
CRBP,6.13,2,"[0, 0, 0, 0, 1, 0, 0, 0, 1, 0]",9.14,8.97,19.36,6.13,1386195.0
DGXX,3.84,5,"[0, 0, 0, 0, 1, 1, 1, 0, 1, 1]",3.89,3.95,8.46,1.89,2365355.0
KRMD,2.96,1,"[0, 0, 0, 0, 0, 0, 0, 0, 1, 0]",3.39,4.3,6.52,2.93,287590.0
CRBU,1.22,2,"[0, 0, 0, 0, 1, 0, 0, 0, 1, 0]",1.48,1.74,2.84,1.22,1167035.0
BHR,1.66,1,"[0, 0, 0, 0, 0, 0, 0, 0, 1, 0]",1.96,2.41,3.14,1.65,509990.0
INGN,5.97,3,"[1, 0, 0, 0, 0, 0, 0, 0, 1, 1]",5.68,6.24,8.95,5.09,397565.0
MGNX,3.58,6,"[0, 0, 1, 1, 1, 1, 1, 0, 1, 0]",4.0,3.27,4.86,1.33,589430.0
ATLX,2.41,1,"[0, 0, 0, 0, 0, 0, 0, 0, 1, 0]",2.99,4.16,7.45,2.41,274750.0
TLSA,1.12,4,"[1, 0, 0, 0, 0, 0, 1, 0, 1, 1]",1.0,1.26,2.29,0.77,689765.0
IFRX,1.72,6,"[0, 0, 1, 1, 1, 1, 1, 0, 1, 0]",1.99,1.59,2.74,0.82,479110.0
ELTX,1.92,1,"[0, 0, 0, 0, 0, 0, 0, 0, 1, 0]",2.57,7.41,14.85,1.77,372490.0
CVGI,2.96,4,"[0, 0, 0, 0, 1, 1, 1, 0, 1, 0]",3.35,3.38,5.78,1.34,245525.0
ABOS,2.04,5,"[0, 0, 0, 1, 1, 1, 1, 0, 1, 0]",2.61,2.51,3.37,1.55,555105.0
DOUG,1.55,1,"[0, 0, 0, 0, 0, 0, 0, 0, 1, 0]",1.76,1.99,2.98,1.52,562495.0
AMTX,1.72,4,"[0, 0, 0, 0, 1, 1, 1, 0, 1, 0]",1.8,1.97,3.66,1.32,884140.0
SKYX,1.18,1,"[0, 0, 0, 0, 0, 0, 0, 0, 1, 0]",1.22,1.5,3.13,0.95,814870.0
CVRX,1.55,1,"[0, 0, 0, 0, 0, 0, 0, 0, 1, 0]",3.28,5.9,10.81,1.53,805510.0
LFCR,6.54,6,"[1, 1, 1, 0, 0, 0, 1, 0, 1, 1]",4.67,5.67,8.82,3.66,464995.0
EPSN,5.74,7,"[0, 0, 1, 1, 1, 1, 1, 1, 1, 0]",5.82,5.46,6.35,4.11,143145.0
ADAG,2.85,4,"[0, 0, 0, 0, 1, 1, 1, 0, 1, 0]",3.56,3.35,4.78,1.4,275855.0
KRRO,9.64,4,"[0, 0, 0, 0, 1, 1, 1, 0, 1, 0]",11.93,11.69,51.36,5.28,209200.0
PYXS,2.14,5,"[0, 0, 1, 1, 1, 0, 1, 0, 1, 0]",3.15,2.13,5.34,1.06,1458605.0
BDTX,1.89,1,"[0, 0, 0, 0, 0, 0, 0, 0, 1, 0]",1.98,2.27,4.87,1.61,564310.0
CNTN,2.25,2,"[1, 0, 0, 0, 0, 0, 0, 0, 1, 0]",2.14,3.05,5.48,1.85,867685.0
TBI,9.18,8,"[0, 1, 1, 1, 1, 1, 1, 1, 1, 0]",9.49,6.36,10.85,3.31,297740.0
THRY,1.52,1,"[0, 0, 0, 0, 0, 0, 0, 0, 1, 0]",2.27,3.52,12.46,1.52,704375.0
HYPR,0.89,4,"[1, 0, 0, 0, 1, 0, 0, 0, 1, 1]",0.87,1.15,2.2,0.77,498990.0
ORMP,4.49,8,"[0, 1, 1, 1, 1, 1, 1, 1, 1, 0]",4.63,3.9,5.34,2.04,188245.0
RFIL,8.4,4,"[0, 0, 0, 0, 1, 1, 1, 0, 1, 0]",10.62,12.33,21.5,5.65,340195.0
MX,3.68,7,"[1, 0, 1, 0, 1, 1, 1, 0, 1, 1]",3.33,3.66,8.93,2.27,1619925.0
OWLT,5.06,2,"[0, 0, 0, 0, 0, 0, 0, 0, 1, 1]",5.21,7.44,16.52,4.44,198440.0
KZIA,9.27,4,"[0, 0, 0, 1, 1, 0, 1, 0, 1, 0]",12.14,10.47,16.9,5.0,295140.0
ONL,2.41,6,"[0, 0, 0, 1, 1, 1, 1, 1, 1, 0]",2.65,2.52,2.96,1.84,231330.0
IMDX,3.44,2,"[0, 0, 0, 0, 0, 0, 1, 0, 1, 0]",4.21,5.08,8.48,2.55,308455.0
ANTX,5.71,9,"[1, 1, 1, 1, 1, 1, 1, 1, 1, 0]",5.52,3.78,6.28,1.03,259405.0
IMUX,7.96,5,"[0, 0, 0, 1, 1, 1, 1, 0, 1, 0]",13.18,11.35,16.9,5.1,435315.0
DIBS,4.02,2,"[0, 0, 0, 0, 0, 0, 1, 0, 1, 0]",4.43,4.99,6.43,2.55,116880.0
CURV,2.5,10,"[1, 1, 1, 1, 1, 1, 1, 1, 1, 1]",2.35,1.73,2.75,0.97,451065.0
APYX,2.55,1,"[0, 0, 0, 0, 0, 0, 0, 0, 1, 0]",3.21,3.71,4.86,2.39,156780.0
RGP,3.89,3,"[0, 0, 0, 1, 0, 0, 0, 1, 1, 0]",4.07,4.12,5.02,3.36,354050.0
CHPT,9.29,9,"[1, 1, 1, 1, 0, 1, 1, 1, 1, 1]",7.26,6.56,12.34,4.51,2297980.0
BOOM,5.8,3,"[0, 0, 0, 1, 0, 1, 0, 0, 1, 0]",6.61,6.66,8.97,4.73,107460.0
WATT,13.34,6,"[1, 0, 0, 0, 1, 1, 1, 0, 1, 1]",13.32,15.83,35.33,3.76,149065.0
DHX,4.81,10,"[1, 1, 1, 1, 1, 1, 1, 1, 1, 1]",4.36,3.19,4.99,1.5,272790.0
HURA,1.91,5,"[0, 0, 1, 0, 1, 1, 1, 0, 1, 0]",2.12,1.86,3.15,0.44,223970.0
BZUN,3.15,9,"[1, 1, 1, 1, 0, 1, 1, 1, 1, 1]",2.88,2.71,3.94,2.1,192530.0
IDN,2.27,1,"[0, 0, 0, 0, 0, 0, 0, 0, 1, 0]",2.96,4.95,8.99,2.27,246265.0
SPRO,1.19,1,"[0, 0, 0, 0, 0, 0, 0, 0, 1, 0]",1.2,2.11,2.98,1.11,864850.0
NNBR,4.51,10,"[1, 1, 1, 1, 1, 1, 1, 1, 1, 1]",3.61,2.47,4.51,1.14,2711960.0
CRDL,1.41,7,"[0, 1, 1, 1, 1, 1, 1, 0, 1, 0]",1.74,1.28,2.29,0.93,1312750.0
AGEN,8.36,10,"[1, 1, 1, 1, 1, 1, 1, 1, 1, 1]",7.71,4.6,9.93,2.77,1163310.0
JELD,1.89,5,"[0, 1, 1, 1, 0, 0, 1, 0, 1, 0]",1.91,1.86,4.89,0.95,1697630.0
VWAV,4.48,2,"[0, 0, 0, 0, 0, 0, 1, 0, 1, 0]",18.66,110.62,283.6,0.38,1451866.25
RDZN,1.22,1,"[0, 0, 0, 0, 0, 0, 0, 0, 1, 0]",1.31,1.49,2.41,1.03,413140.0
MBOT,1.16,1,"[0, 0, 0, 0, 0, 0, 0, 0, 1, 0]",1.52,1.96,3.29,1.16,513345.0
QMCO,34.5,10,"[1, 1, 1, 1, 1, 1, 1, 1, 1, 1]",21.79,11.5,34.5,4.31,1836965.0
MED,11.73,8,"[1, 1, 1, 1, 1, 1, 0, 1, 1, 0]",11.68,11.25,14.03,9.45,113850.0
GNLX,2.56,2,"[0, 0, 0, 0, 0, 0, 0, 0, 1, 1]",2.64,2.84,8.24,2.3,242315.0
EMPD,3.13,2,"[1, 0, 0, 0, 0, 0, 0, 0, 1, 0]",3.0,3.99,8.0,2.52,215225.0
GALT,3.9,6,"[1, 1, 1, 1, 0, 0, 1, 0, 1, 0]",3.72,3.26,6.51,2.08,305380.0
BNC,5.85,7,"[1, 1, 1, 1, 0, 0, 1, 0, 1, 1]",3.83,3.73,11.37,1.99,5574180.0
SPWR,0.3,2,"[0, 0, 0, 0, 0, 0, 1, 0, 1, 0]",0.3,0.98,2.11,0.22,3782810.0
NTHI,2.99,1,"[0, 0, 0, 0, 0, 0, 0, 0, 1, 0]",3.87,6.05,12.09,2.99,212405.0
CODA,11.14,6,"[1, 0, 0, 0, 1, 1, 1, 0, 1, 1]",10.37,11.21,16.76,7.99,126015.0
SRFM,0.97,4,"[1, 0, 0, 0, 0, 0, 1, 0, 1, 1]",0.76,1.35,5.45,0.47,8840690.0
EQ,1.41,4,"[0, 0, 0, 0, 1, 1, 1, 0, 1, 0]",2.13,2.07,3.2,0.84,753440.0
AMWL,12.39,8,"[0, 1, 1, 1, 1, 1, 1, 1, 1, 0]",12.51,8.11,13.87,3.78,102230.0
TTEC,1.38,1,"[0, 0, 0, 0, 0, 0, 0, 0, 1, 0]",1.62,2.45,3.88,1.21,407675.0
DFDV,5.25,6,"[1, 1, 1, 1, 0, 0, 1, 0, 1, 0]",4.35,4.28,17.91,2.47,2530485.0
BNAI,6.02,4,"[0, 0, 0, 0, 1, 1, 1, 0, 1, 0]",10.94,20.33,63.0,1.2,151120.0
TMCI,4.39,7,"[0, 1, 1, 1, 1, 1, 1, 0, 1, 0]",4.53,3.08,6.95,1.2,213500.0
CHGG,0.74,3,"[0, 0, 0, 0, 1, 0, 1, 0, 1, 0]",0.82,0.88,1.58,0.45,847195.0
HSDT,2.63,7,"[1, 1, 1, 1, 0, 0, 1, 0, 1, 1]",2.16,2.17,18.19,1.27,555125.0
SAFX,0.33,3,"[0, 0, 0, 0, 1, 0, 1, 0, 1, 0]",0.4,0.37,1.23,0.14,4224615.0
AIFC,0.5,3,"[1, 0, 0, 0, 0, 0, 1, 0, 1, 0]",0.49,0.99,2.95,0.37,664550.0
SUIG,1.64,6,"[1, 1, 1, 0, 0, 0, 1, 0, 1, 1]",1.07,1.36,4.58,0.81,1088900.0
INVE,2.35,1,"[0, 0, 0, 0, 0, 0, 0, 0, 1, 0]",2.64,3.35,5.29,2.35,134555.0
GCTS,2.25,9,"[1, 1, 1, 1, 1, 1, 1, 0, 1, 1]",2.01,1.78,3.73,0.99,1484210.0
FFAI,1.23,1,"[0, 0, 0, 0, 0, 0, 0, 0, 1, 0]",2.91,58.7,243.0,1.21,4079625.0
PEPG,2.28,3,"[0, 0, 0, 1, 0, 0, 1, 0, 1, 0]",2.72,3.38,7.17,1.35,884020.0
BLNK,0.56,2,"[1, 0, 0, 0, 0, 0, 0, 0, 1, 0]",0.56,0.67,2.5,0.47,1013865.0
GUTS,0.41,1,"[0, 0, 0, 0, 0, 0, 0, 0, 1, 0]",0.65,0.85,2.37,0.39,1816210.0
INO,1.16,3,"[1, 0, 0, 0, 0, 0, 1, 0, 1, 0]",1.11,1.36,2.65,0.66,2729445.0
RANI,0.81,2,"[0, 0, 0, 0, 0, 0, 1, 0, 1, 0]",0.82,1.01,2.85,0.46,534335.0
CMTL,1.32,1,"[0, 0, 0, 0, 0, 0, 0, 0, 1, 0]",1.61,3.54,5.98,1.32,237930.0
VRA,5.11,10,"[1, 1, 1, 1, 1, 1, 1, 1, 1, 1]",3.6,3.35,5.11,1.8,1027380.0
STIM,2.16,7,"[0, 1, 1, 1, 1, 1, 1, 0, 1, 0]",2.68,1.82,3.3,1.18,1324290.0
CUE,25.57,7,"[0, 1, 1, 1, 1, 1, 1, 0, 1, 0]",28.74,20.11,37.84,5.31,447565.0
ARQ,1.94,1,"[0, 0, 0, 0, 0, 0, 0, 0, 1, 0]",2.11,2.63,7.21,1.64,193300.0
HCAT,1.75,5,"[0, 1, 0, 1, 0, 0, 1, 0, 1, 1]",1.81,1.78,3.46,1.0,456960.0
BMEA,1.27,5,"[0, 0, 0, 1, 1, 1, 1, 0, 1, 0]",1.5,1.42,2.67,0.96,2209325.0
CBUS,1.71,5,"[1, 0, 0, 0, 0, 1, 1, 0, 1, 1]",1.69,1.89,4.05,1.16,126625.0
ANPA,1.97,1,"[0, 0, 0, 0, 0, 0, 0, 0, 1, 0]",3.45,16.44,157.89,1.89,298935.0
HOVR,1.68,5,"[0, 0, 0, 0, 1, 1, 1, 0, 1, 1]",1.77,1.92,3.91,1.2,446685.0
CGTX,0.93,2,"[0, 0, 0, 0, 0, 0, 1, 0, 1, 0]",0.99,1.13,1.95,0.6,431575.0
FLL,1.39,1,"[0, 0, 0, 0, 0, 0, 0, 0, 1, 0]",2.04,2.42,3.32,1.39,195270.0
CYPH,3.03,9,"[1, 1, 1, 1, 1, 1, 1, 0, 1, 1]",1.85,1.1,4.12,0.41,19903695.0
DTI,2.29,1,"[0, 0, 0, 0, 0, 0, 0, 0, 1, 0]",2.45,2.96,4.49,1.93,180755.0
BTCS,1.43,3,"[1, 0, 0, 0, 0, 0, 1, 0, 1, 0]",1.3,1.69,5.96,0.98,1882985.0
ZVIA,1.21,1,"[0, 0, 0, 0, 0, 0, 0, 0, 1, 0]",1.39,1.52,2.71,1.13,448630.0
ALDX,1.17,1,"[0, 0, 0, 0, 0, 0, 0, 0, 1, 0]",1.46,2.68,5.74,1.16,1102680.0
EXFY,2.25,8,"[0, 1, 1, 1, 1, 1, 1, 1, 1, 0]",2.27,1.5,2.72,0.75,573230.0
ONCY,0.63,1,"[0, 0, 0, 0, 0, 0, 0, 0, 1, 0]",0.78,0.91,1.38,0.63,1122380.0
TEAD,0.56,4,"[0, 0, 0, 0, 1, 0, 1, 0, 1, 1]",0.59,0.77,1.72,0.43,2291035.0
NRXP,2.9,5,"[0, 0, 0, 1, 1, 1, 1, 0, 1, 0]",3.33,2.94,4.62,1.68,699230.0
OCCI,2.23,1,"[0, 0, 0, 0, 0, 0, 0, 0, 1, 0]",2.42,2.91,4.34,2.18,160783.8
ARBE,0.61,1,"[0, 0, 0, 0, 0, 0, 0, 0, 1, 0]",0.69,0.88,2.69,0.56,7068580.0
TLYS,4.58,10,"[1, 1, 1, 1, 1, 1, 1, 1, 1, 1]",4.12,3.48,5.45,1.18,617250.0
UPXI,1.17,5,"[1, 1, 0, 0, 0, 0, 1, 0, 1, 1]",0.99,1.19,7.7,0.56,4505235.0
LGO,0.47,1,"[0, 0, 0, 0, 0, 0, 0, 0, 1, 0]",0.66,1.01,2.52,0.47,999495.0
BAER,0.68,1,"[0, 0, 0, 0, 0, 0, 0, 0, 1, 0]",1.21,1.91,3.27,0.64,829900.0
SEV,1.65,1,"[0, 0, 0, 0, 0, 0, 0, 0, 1, 0]",2.1,2.56,10.84,1.41,305390.0
FRMM,4.83,6,"[0, 1, 1, 1, 1, 0, 1, 0, 1, 0]",5.37,4.66,25.5,1.79,121105.0
ATYR,0.29,1,"[0, 0, 0, 0, 0, 0, 0, 0, 1, 0]",0.46,0.66,1.06,0.29,8296840.0
OCC,18.24,9,"[1, 1, 1, 1, 1, 1, 1, 0, 1, 1]",14.7,11.36,26.92,4.16,283425.0
QTTB,8.23,5,"[0, 0, 0, 1, 1, 1, 1, 0, 1, 0]",13.33,8.72,21.38,1.93,1177340.0
STEX,0.61,1,"[0, 0, 0, 0, 0, 0, 0, 0, 1, 0]",0.74,1.54,6.31,0.58,1117035.0
LIDR,1.12,1,"[0, 0, 0, 0, 0, 0, 0, 0, 1, 0]",1.23,1.65,3.35,1.02,669810.0
VHUB,0.48,2,"[0, 0, 0, 0, 1, 0, 0, 0, 1, 0]",0.71,0.48,8.08,0.47,355030.0
MXCT,1.07,4,"[0, 1, 0, 1, 0, 0, 1, 0, 1, 0]",1.21,1.08,1.83,0.68,352720.0
AVD,1.74,1,"[0, 0, 0, 0, 0, 0, 0, 0, 1, 0]",2.22,3.13,5.42,1.74,296715.0
NAMM,1.26,2,"[0, 0, 0, 0, 0, 0, 1, 0, 1, 0]",1.34,1.93,6.4,0.92,2214550.0
CLNN,4.08,3,"[0, 0, 0, 0, 1, 0, 0, 0, 1, 1]",4.38,5.41,12.5,3.28,142880.0
BTMD,1.15,1,"[0, 0, 0, 0, 0, 0, 0, 0, 1, 0]",1.57,1.98,3.19,1.15,127760.0
GRWG,1.57,7,"[0, 1, 1, 1, 1, 1, 1, 0, 1, 0]",1.59,1.43,2.2,1.04,273035.0
DTCX,1.83,1,"[0, 0, 0, 0, 0, 0, 0, 0, 1, 0]",2.05,2.24,5.42,1.63,177075.0
PN,2.59,2,"[0, 0, 0, 0, 0, 0, 0, 0, 1, 1]",4.33,7.06,23.67,2.02,173800.0
TCRX,0.32,1,"[0, 0, 0, 0, 0, 0, 0, 0, 1, 0]",0.58,0.93,2.52,0.31,833585.0
DOMH,2.24,2,"[0, 0, 0, 0, 0, 0, 0, 0, 1, 1]",2.43,2.99,6.22,1.94,299895.0
STEM,4.26,1,"[0, 0, 0, 0, 0, 0, 0, 0, 1, 0]",5.24,9.71,29.79,3.82,179510.0
ANVS,1.18,1,"[0, 0, 0, 0, 0, 0, 0, 0, 1, 0]",1.55,2.17,5.1,1.04,1160955.0
ZSQR,3.97,4,"[1, 0, 0, 0, 0, 0, 1, 0, 1, 1]",3.75,9.96,18.8,2.29,475050.0
ACRV,1.99,6,"[1, 1, 1, 1, 0, 0, 1, 0, 1, 0]",1.92,1.82,3.01,1.29,322565.0
PMVP,1.79,9,"[1, 1, 1, 0, 1, 1, 1, 1, 1, 1]",1.32,1.28,1.8,1.02,957360.0
MDAI,1.66,6,"[1, 0, 0, 0, 1, 1, 1, 0, 1, 1]",1.62,1.7,2.68,1.2,125455.0
SCYX,5.12,4,"[1, 0, 0, 0, 1, 0, 1, 0, 1, 0]",4.85,5.65,8.88,3.57,514690.0
CPSH,3.84,3,"[0, 0, 0, 0, 1, 1, 0, 0, 1, 0]",3.99,4.72,11.59,3.04,173450.0
OMEX,0.66,1,"[0, 0, 0, 0, 0, 0, 0, 0, 1, 0]",0.78,1.2,4.12,0.6,249825.0
FTCI,2.15,1,"[0, 0, 0, 0, 0, 0, 0, 0, 1, 0]",2.45,5.56,12.5,1.99,452975.0
PDSB,0.75,4,"[1, 0, 0, 0, 0, 0, 1, 0, 1, 1]",0.51,0.79,1.43,0.2,65735555.0
FLD,0.54,4,"[1, 0, 0, 0, 0, 0, 1, 0, 1, 1]",0.5,1.17,4.14,0.38,142180.0
RRGB,7.95,8,"[0, 1, 1, 1, 1, 1, 1, 1, 1, 0]",8.3,5.39,10.59,2.59,248920.0
XTIA,0.77,2,"[0, 0, 0, 0, 1, 0, 0, 0, 1, 0]",1.24,1.7,3.06,0.77,779165.0
KLXE,1.38,2,"[0, 0, 0, 0, 1, 0, 0, 0, 1, 0]",1.68,2.39,4.27,1.38,967045.0
FEAM,3.88,7,"[1, 1, 1, 1, 0, 0, 1, 0, 1, 1]",1.84,1.99,7.03,1.05,995795.0
IMMP,4.35,4,"[0, 0, 0, 0, 0, 0, 1, 1, 1, 1]",,,4.71,0.26,399400.0
IBIO,1.13,2,"[0, 0, 0, 0, 0, 0, 1, 0, 1, 0]",1.33,1.82,3.07,0.79,522730.0
ENTX,2.86,7,"[0, 1, 1, 1, 1, 1, 1, 0, 1, 0]",2.96,1.8,3.92,1.0,454110.0
EHTH,0.67,1,"[0, 0, 0, 0, 0, 0, 0, 0, 1, 0]",1.08,1.86,5.65,0.67,345910.0
VNCE,10.5,10,"[1, 1, 1, 1, 1, 1, 1, 1, 1, 1]",7.42,4.86,11.5,1.99,608545.0
HYFT,1.34,3,"[0, 0, 0, 0, 0, 0, 1, 0, 1, 1]",1.35,1.47,2.78,1.02,212705.0
BLNE,0.86,1,"[0, 0, 0, 0, 0, 0, 0, 0, 1, 0]",0.99,1.79,3.68,0.84,293315.0
PSIG,4.58,5,"[1, 0, 0, 0, 1, 0, 1, 0, 1, 1]",2.4,4.91,11.85,1.08,1688790.0
SPWH,1.13,1,"[0, 0, 0, 0, 0, 0, 0, 0, 1, 0]",1.18,1.3,3.19,1.1,326125.0
GRML,7.88,3,"[0, 0, 0, 0, 0, 0, 1, 0, 1, 1]",8.14,14.86,33.0,2.85,23833575.0
AMPG,3.05,4,"[0, 0, 0, 0, 1, 1, 1, 0, 1, 0]",4.01,3.88,9.7,1.76,682015.0
CHRN,19.21,7,"[0, 1, 1, 1, 1, 1, 1, 0, 1, 0]",20.6,15.06,29.63,3.87,122730.0
IPWR,4.05,4,"[0, 0, 0, 0, 1, 1, 1, 0, 1, 0]",4.38,4.29,8.99,2.68,213360.0
ZEO,0.29,3,"[0, 0, 0, 0, 0, 0, 1, 0, 1, 1]",0.4,0.75,1.99,0.21,33573505.0
STKE,1.71,6,"[1, 1, 1, 0, 0, 0, 1, 0, 1, 1]",1.23,1.41,4.45,0.89,443430.0
ILLR,0.25,1,"[0, 0, 0, 0, 0, 0, 0, 0, 1, 0]",0.85,1.85,9.81,0.23,1936570.0
VIVO,3.36,5,"[0, 0, 0, 1, 1, 1, 1, 0, 1, 0]",3.98,3.45,6.6,1.21,398580.0
BWEN,4.25,9,"[0, 1, 1, 1, 1, 1, 1, 1, 1, 1]",4.38,3.49,5.44,1.97,174490.0
BIRD,3.37,7,"[1, 1, 1, 0, 1, 0, 1, 0, 1, 1]",2.35,3.33,14.86,1.93,545825.0
BEAT,0.44,2,"[0, 0, 0, 0, 0, 0, 0, 0, 1, 1]",0.46,1.08,3.44,0.36,499180.0
FTEK,1.66,8,"[1, 1, 1, 1, 1, 0, 1, 0, 1, 1]",1.54,1.49,3.19,1.19,229775.0
PPSI,3.31,4,"[1, 0, 0, 0, 0, 0, 1, 0, 1, 1]",3.05,3.72,6.08,2.37,118135.0
TELA,1.14,8,"[1, 1, 1, 1, 0, 1, 1, 0, 1, 1]",0.89,0.87,1.57,0.56,253230.0
GAME,3.08,4,"[0, 0, 0, 1, 0, 0, 1, 0, 1, 1]",3.15,3.11,6.85,1.97,118240.0
ARAY,0.28,3,"[1, 0, 0, 0, 0, 0, 0, 0, 1, 1]",0.26,0.44,1.85,0.22,20472150.0
ELUT,0.78,4,"[0, 0, 0, 0, 1, 1, 1, 0, 1, 0]",0.86,0.96,1.22,0.5,394170.0
AHMA,1.32,2,"[0, 0, 0, 0, 0, 0, 1, 0, 1, 0]",1.45,4.61,37.11,0.79,1444170.0
HYPD,3.73,6,"[1, 1, 1, 0, 0, 0, 1, 0, 1, 1]",3.22,3.39,11.07,2.34,582245.0
ASTI,2.31,3,"[0, 0, 0, 0, 0, 1, 1, 0, 1, 0]",3.0,4.63,9.02,1.43,315225.0
DARE,0.84,2,"[0, 0, 0, 0, 0, 0, 0, 0, 1, 1]",0.94,1.72,3.27,0.7,258255.0
ABLV,2.4,10,"[1, 1, 1, 1, 1, 1, 1, 1, 1, 1]",1.02,0.88,2.4,0.58,208045.0
BEEM,1.13,1,"[0, 0, 0, 0, 0, 0, 0, 0, 1, 0]",1.26,1.45,3.88,0.98,330250.0
SST,2.44,2,"[0, 0, 0, 0, 0, 0, 1, 0, 1, 0]",2.53,3.06,8.02,1.37,682800.0
INMB,1.93,8,"[0, 1, 1, 1, 1, 1, 1, 1, 1, 0]",2.12,1.64,2.51,1.12,362120.0
JZ,0.44,1,"[0, 0, 0, 0, 0, 0, 0, 0, 1, 0]",1.52,17.63,93.0,0.43,2307090.0
GRCE,2.07,1,"[0, 0, 0, 0, 0, 0, 0, 0, 1, 0]",2.15,2.97,5.13,2.04,161725.0
TRAW,0.57,3,"[1, 0, 0, 0, 0, 0, 0, 0, 1, 1]",0.54,1.26,3.13,0.44,1574825.0
BOLD,2.62,8,"[0, 1, 1, 1, 1, 1, 1, 1, 1, 0]",2.76,1.79,3.0,1.05,139135.0
ARAI,0.22,1,"[0, 0, 0, 0, 0, 0, 0, 0, 1, 0]",0.24,0.95,6.3,0.19,868665.0
AGPU,12.08,10,"[1, 1, 1, 1, 1, 1, 1, 1, 1, 1]",10.1,6.33,14.5,1.41,351855.0
MNTS,3.71,1,"[0, 0, 0, 0, 0, 0, 0, 0, 1, 0]",4.29,6.28,30.54,3.23,614640.0
BZFD,1.11,7,"[0, 1, 1, 1, 1, 1, 1, 0, 1, 0]",1.12,1.05,2.09,0.57,298790.0
QCLS,0.75,2,"[0, 0, 0, 0, 0, 0, 1, 0, 1, 0]",2.01,3.48,6.92,0.44,15506770.0
LASE,0.83,2,"[0, 0, 0, 0, 0, 0, 1, 0, 1, 0]",1.1,1.35,4.62,0.6,5617695.0
QNTM,3.44,4,"[1, 0, 0, 0, 0, 0, 1, 0, 1, 1]",3.36,4.41,18.45,2.1,204610.0
DBGI,4.87,3,"[0, 0, 0, 0, 0, 0, 1, 0, 1, 1]",9.1,124.78,711.2,3.63,1981110.0
AIFF,1.36,5,"[1, 0, 0, 0, 1, 0, 1, 0, 1, 1]",1.17,1.37,3.05,0.64,8280640.0
VEEA,3.33,4,"[1, 0, 0, 0, 0, 0, 1, 0, 1, 1]",2.87,8.33,18.46,1.56,17540710.0
OTLK,0.59,3,"[0, 0, 0, 1, 0, 0, 1, 0, 1, 0]",0.77,0.74,2.47,0.2,4506000.0
JSPR,0.56,2,"[0, 0, 0, 0, 0, 0, 1, 0, 1, 0]",0.68,0.98,2.6,0.34,350010.0
UFG,0.44,1,"[0, 0, 0, 0, 0, 0, 0, 0, 1, 0]",0.57,0.83,1.48,0.44,5010020.0
DFLI,0.85,1,"[0, 0, 0, 0, 0, 0, 0, 0, 1, 0]",1.09,2.12,19.7,0.85,260935.0
ALLR,1.04,2,"[0, 0, 0, 0, 1, 0, 0, 0, 1, 0]",1.26,1.24,1.77,0.81,127605.0
FMST,0.59,1,"[0, 0, 0, 0, 0, 0, 0, 0, 1, 0]",1.07,1.71,4.3,0.59,103950.0
VTGN,0.28,3,"[1, 0, 0, 0, 0, 0, 0, 0, 1, 1]",0.26,0.51,4.9,0.23,31263490.0
SDST,0.09,1,"[0, 0, 0, 0, 0, 0, 0, 0, 1, 0]",0.45,2.19,7.09,0.09,55399020.0
LTRN,0.86,1,"[0, 0, 0, 0, 0, 0, 0, 0, 1, 0]",2.07,2.72,4.62,0.86,292775.0
GWH,0.16,1,"[0, 0, 0, 0, 0, 0, 0, 0, 1, 0]",0.46,1.07,9.05,0.16,1223445.0
MOBX,0.84,2,"[0, 0, 0, 0, 1, 0, 0, 0, 1, 0]",1.25,2.49,11.2,0.8,7921230.0
AUID,0.44,2,"[0, 0, 0, 0, 0, 0, 0, 0, 1, 1]",0.5,1.08,2.86,0.36,644020.0
KTTA,0.48,2,"[0, 0, 0, 0, 0, 0, 1, 0, 1, 0]",0.51,0.7,1.47,0.29,163840.0
LGVN,2.58,2,"[0, 0, 0, 0, 1, 0, 0, 0, 1, 0]",6.03,7.01,11.6,2.45,180905.0
SAGT,0.57,1,"[0, 0, 0, 0, 0, 0, 0, 0, 1, 0]",0.67,1.4,2.68,0.55,308740.0
OSRH,0.24,2,"[0, 0, 0, 0, 0, 0, 1, 0, 1, 0]",0.3,0.46,0.82,0.12,269650.0
OFAL,0.45,1,"[0, 0, 0, 0, 0, 0, 0, 0, 1, 0]",0.79,3.51,12.3,0.45,7216855.0
ENGS,3.05,9,"[1, 1, 1, 1, 1, 1, 1, 0, 1, 1]",2.81,1.73,12.22,0.64,2230685.0
NIXX,0.3,1,"[0, 0, 0, 0, 0, 0, 0, 0, 1, 0]",0.55,0.77,1.89,0.3,440315.0
TOMZ,1.38,1,"[0, 0, 0, 0, 0, 0, 0, 0, 1, 0]",1.63,2.04,3.24,1.27,157665.0
AIIO,1.19,2,"[0, 0, 0, 0, 0, 0, 1, 0, 1, 0]",2.25,3.03,36.2,0.59,491820.0
SCNX,0.16,1,"[0, 0, 0, 0, 0, 0, 0, 0, 1, 0]",0.36,0.41,2.6,0.16,9782460.0
NWGL,1.44,9,"[1, 1, 1, 1, 0, 1, 1, 1, 1, 1]",0.85,0.9,1.75,0.22,1046895.0
SKYQ,2.46,3,"[0, 0, 0, 0, 1, 0, 1, 0, 1, 0]",3.09,3.45,12.59,1.14,4090660.0
TURB,1.08,3,"[0, 0, 0, 0, 1, 0, 1, 0, 1, 0]",1.22,1.47,5.05,0.61,5206825.0
AKAN,1.98,2,"[0, 0, 0, 0, 1, 0, 0, 0, 1, 0]",4.14,9.44,68.69,1.98,2344765.0
MDCX,0.16,1,"[0, 0, 0, 0, 0, 0, 0, 0, 1, 0]",0.23,0.61,2.7,0.15,6014640.0
BFRI,1.01,5,"[0, 0, 0, 1, 1, 1, 1, 0, 1, 0]",1.31,1.02,1.61,0.57,704785.0
MBRX,0.49,1,"[0, 0, 0, 0, 0, 0, 0, 0, 1, 0]",0.71,2.37,13.0,0.38,1264660.0
PHIO,0.99,2,"[0, 0, 0, 0, 1, 0, 0, 0, 1, 0]",1.06,1.11,2.42,0.86,113555.0
OBAI,0.21,2,"[0, 0, 0, 0, 1, 0, 0, 0, 1, 0]",0.36,0.21,33.0,0.21,1290850.0
BFRG,0.62,4,"[1, 0, 0, 0, 0, 0, 1, 0, 1, 1]",0.57,0.69,1.68,0.43,13598235.0
APRE,0.69,1,"[0, 0, 0, 0, 0, 0, 0, 0, 1, 0]",0.73,0.79,1.65,0.59,248835.0
STFS,3.65,2,"[0, 0, 0, 0, 1, 0, 0, 0, 1, 0]",3.89,5.84,18.29,2.9,218025.0
ATER,0.65,5,"[1, 0, 0, 0, 1, 0, 1, 0, 1, 1]",0.54,0.79,1.39,0.36,5266215.0
GTBP,6.1,3,"[0, 0, 0, 0, 0, 0, 1, 0, 1, 1]",,,11.63,0.24,178915.0
LHSW,0.47,1,"[0, 0, 0, 0, 0, 0, 0, 0, 1, 0]",2.14,4.25,35.68,0.43,25836670.0
BIVI,1.46,5,"[0, 0, 0, 1, 1, 1, 1, 0, 1, 0]",1.68,1.52,2.28,0.96,350485.0
DTSS,0.84,4,"[1, 0, 0, 0, 0, 0, 1, 0, 1, 1]",0.77,0.87,2.02,0.59,9492885.0
GDC,1.43,1,"[0, 0, 0, 0, 0, 0, 0, 0, 1, 0]",1.58,472.78,1592.5,1.26,1703050.0
TDIC,2.14,1,"[0, 0, 0, 0, 0, 0, 0, 0, 1, 0]",2.43,17.07,908.75,1.91,2226415.0
BIAF,6.05,3,"[0, 0, 0, 0, 1, 0, 1, 0, 1, 0]",7.71,20.73,71.1,4.56,3734225.0
CODX,1.08,1,"[0, 0, 0, 0, 0, 0, 0, 0, 1, 0]",1.27,2.75,37.8,0.94,255325.0
ELPW,2.97,1,"[0, 0, 0, 0, 0, 0, 0, 0, 1, 0]",4.18,1536.67,50184.0,2.49,476245.0
YMAT,1.45,1,"[0, 0, 0, 0, 0, 0, 0, 0, 1, 0]",1.77,2.37,9.35,1.21,3874075.0
FBGL,3.81,1,"[0, 0, 0, 0, 0, 0, 0, 0, 1, 0]",4.23,6.38,13.8,3.58,521785.0
GLE,0.44,7,"[0, 1, 1, 1, 1, 1, 1, 0, 1, 0]",0.45,0.42,0.86,0.26,136870.0
AIXI,1.81,4,"[1, 0, 0, 0, 0, 0, 1, 0, 1, 1]",1.32,6.46,39.0,0.46,4436275.0
MYSE,1.7,4,"[0, 0, 0, 1, 1, 1, 0, 0, 1, 0]",2.42,2.11,3.81,1.33,138460.0
FMFC,0.17,1,"[0, 0, 0, 0, 0, 0, 0, 0, 1, 0]",0.23,0.33,15.48,0.17,683665.0
LOBO,0.47,2,"[0, 0, 0, 0, 1, 0, 0, 0, 1, 0]",0.63,0.63,1.16,0.39,9094315.0
RMSG,0.29,1,"[0, 0, 0, 0, 0, 0, 0, 0, 1, 0]",0.34,0.82,3.2,0.27,1183250.0
MGRX,0.44,5,"[0, 1, 0, 1, 0, 0, 1, 0, 1, 1]",0.45,0.46,2.74,0.16,634925.0
POLA,1.16,1,"[0, 0, 0, 0, 0, 0, 0, 0, 1, 0]",1.47,1.68,5.27,1.12,155800.0
SMTK,1.65,1,"[0, 0, 0, 0, 0, 0, 0, 0, 1, 0]",4.58,18.81,141.5,1.59,320655.0
ONFO,0.86,1,"[0, 0, 0, 0, 0, 0, 0, 0, 1, 0]",1.95,24.73,75.0,0.8,581910.0
FABC,2.34,3,"[0, 0, 0, 0, 1, 0, 1, 0, 1, 0]",2.54,2.94,6.15,1.78,128170.0
SILO,1.46,1,"[0, 0, 0, 0, 0, 0, 0, 0, 1, 0]",2.77,5.0,10.55,1.46,112145.0
OLB,0.19,1,"[0, 0, 0, 0, 0, 0, 0, 0, 1, 0]",0.27,0.47,1.5,0.19,20063995.0
AEHL,10.0,4,"[1, 0, 0, 0, 0, 0, 1, 0, 1, 1]",7.13,39.96,415.68,3.54,863935.0
BTQ,3.17,3,"[0, 0, 0, 0, 0, 0, 1, 0, 1, 1]",3.3,3.69,14.14,2.15,2155385.0
SUNE,2.34,8,"[0, 1, 1, 1, 1, 1, 1, 0, 1, 1]",2.5,1.89,5.88,0.78,7888545.0
ALP,4.6,3,"[0, 0, 0, 0, 0, 0, 1, 0, 1, 1]",,,10.91,0.1,1510085.0
GP,0.56,3,"[0, 0, 0, 1, 1, 0, 0, 0, 1, 0]",1.16,1.12,3.3,0.56,195660.0
GSUN,0.22,1,"[0, 0, 0, 0, 0, 0, 0, 0, 1, 0]",0.31,0.61,2.69,0.19,6064400.0
RENX,2.0,3,"[1, 0, 0, 0, 0, 0, 1, 0, 1, 0]",1.93,2.45,28.9,1.42,152650.0
WNW,2.38,1,"[0, 0, 0, 0, 0, 0, 0, 0, 1, 0]",2.5,50.34,215.0,2.31,219225.0
GOVX,0.32,1,"[0, 0, 0, 0, 0, 0, 0, 0, 1, 0]",0.57,1.7,15.1,0.32,274525.0
JTAI,1.55,5,"[0, 1, 0, 1, 0, 0, 1, 0, 1, 1]",1.61,2.93,59.92,0.46,525190.0
NCI,0.86,3,"[0, 0, 0, 0, 1, 1, 0, 0, 1, 0]",11.64,16.86,96.0,0.86,2371325.0
SOBR,0.05,1,"[0, 0, 0, 0, 0, 0, 0, 0, 1, 0]",0.4,0.9,3.87,0.05,335700.0
BYAH,2.35,1,"[0, 0, 0, 0, 0, 0, 0, 0, 1, 0]",2.76,17.61,194.8,2.27,166210.0
MNDR,1.32,1,"[0, 0, 0, 0, 0, 0, 0, 0, 1, 0]",1.57,4.34,28.5,1.25,165900.0
NCRA,1.63,1,"[0, 0, 0, 0, 0, 0, 0, 0, 1, 0]",1.97,8.34,59.1,1.35,192150.0
PMAX,0.85,1,"[0, 0, 0, 0, 0, 0, 0, 0, 1, 0]",1.23,7.98,37.5,0.82,4595515.0
VIVK,0.31,1,"[0, 0, 0, 0, 0, 0, 0, 0, 1, 0]",1.07,32.48,1180.4,0.29,1184040.0
IVDA,0.29,3,"[0, 0, 0, 0, 0, 0, 1, 0, 1, 1]",0.3,0.41,1.9,0.22,313625.0
MASK,0.85,1,"[0, 0, 0, 0, 0, 0, 0, 0, 1, 0]",1.28,3.03,15.05,0.81,1255650.0
AEMD,6.45,4,"[1, 0, 0, 0, 0, 0, 1, 0, 1, 1]",3.47,8.57,39.5,1.43,4917415.0
SGLY,0.73,1,"[0, 0, 0, 0, 0, 0, 0, 0, 1, 0]",2.93,5.33,15.96,0.73,364680.0
ORKT,1.01,4,"[0, 0, 0, 0, 1, 0, 1, 0, 1, 1]",1.02,1.03,2.33,0.67,111640.0
VBIO,2.59,1,"[0, 0, 0, 0, 0, 0, 0, 0, 1, 0]",4.19,18.9,78.5,2.08,3461295.0
MGN,3.71,1,"[0, 0, 0, 0, 0, 0, 0, 0, 1, 0]",79.99,1015.68,5640.0,3.0,1256525.75
BIYA,1.6,1,"[0, 0, 0, 0, 0, 0, 0, 0, 1, 0]",2.55,15.11,156.5,1.6,773440.0
HCWB,1.68,1,"[0, 0, 0, 0, 0, 0, 0, 0, 1, 0]",2.57,4.79,29.28,1.61,924550.0
JDZG,4.84,3,"[0, 0, 0, 0, 0, 0, 1, 0, 1, 1]",8.46,86.3,952.5,2.81,936600.0
SDOT,10.71,2,"[0, 0, 0, 0, 0, 0, 1, 0, 1, 0]",12.83,27.65,154.4,2.73,112330.0
BTX,9.22,10,"[1, 1, 1, 1, 1, 1, 1, 1, 1, 1]",8.7,7.61,9.25,5.79,403025.0
