ticker,price,score,points,sma50,sma200,wk52_high,wk52_low,volume
NVDA,200.75,8,"[0, 1, 1, 1, 1, 1, 0, 1, 1, 1]",206.12,192.93,235.47,164.98,128183953.3
GOOGL,356.13,8,"[0, 1, 1, 1, 1, 1, 1, 1, 1, 0]",358.68,325.98,402.38,188.59,30008120.65
GOOG,356.65,10,"[1, 1, 1, 1, 1, 1, 1, 1, 1, 1]",356.65,325.21,398.8,189.41,20147704.65
AAPL,308.91,9,"[0, 1, 1, 1, 1, 1, 1, 1, 1, 1]",309.5,277.66,340.08,201.58,53412656.05
AMZN,271.58,10,"[1, 1, 1, 1, 1, 1, 1, 1, 1, 1]",246.63,235.01,274.99,198.79,45394833.9
AVGO,389.28,9,"[0, 1, 1, 1, 1, 1, 1, 1, 1, 1]",395.03,364.89,480.81,286.54,20493969.95
TSM,404.25,8,"[0, 1, 1, 1, 1, 1, 1, 1, 1, 0]",425.04,356.0,477.57,224.84,15081623.8
TSLA,311.21,1,"[0, 0, 0, 0, 0, 0, 0, 0, 1, 0]",390.76,411.6,489.88,298.32,40992324.65
WMT,111.2,4,"[0, 0, 0, 0, 1, 1, 0, 1, 1, 0]",115.63,117.67,134.2,95.48,21114296.55
LLY,1148.84,9,"[1, 1, 1, 1, 1, 1, 1, 1, 1, 0]",1147.32,1022.7,1235.56,621.26,2351881.9
MU,823.03,7,"[0, 1, 1, 1, 1, 1, 1, 0, 1, 0]",964.75,517.94,1213.37,104.71,46531009.95
AMD,476.15,8,"[0, 1, 1, 1, 1, 1, 1, 1, 1, 0]",512.21,311.82,580.91,151.14,27835579.45
INTC,90.2,7,"[0, 1, 1, 1, 1, 1, 1, 0, 1, 0]",112.81,67.04,140.94,19.31,116535619.0
XOM,155.44,10,"[1, 1, 1, 1, 1, 1, 1, 1, 1, 1]",146.39,138.03,170.31,102.56,14385822.85
ASML,1629.0,8,"[0, 1, 1, 1, 1, 1, 1, 1, 1, 0]",1749.02,1387.81,1986.87,685.12,2015911.85
ORCL,129.87,1,"[0, 0, 0, 0, 0, 0, 0, 0, 1, 0]",164.49,181.94,324.63,114.99,38352421.65
JNJ,256.35,9,"[1, 1, 1, 1, 1, 1, 1, 1, 1, 0]",245.12,224.79,267.24,163.25,7995759.0
CAT,814.81,8,"[0, 1, 1, 1, 1, 1, 1, 1, 1, 0]",918.69,735.58,1062.93,404.15,2980363.2
CSCO,115.99,9,"[0, 1, 1, 1, 1, 1, 1, 1, 1, 1]",117.4,88.87,129.52,64.86,20716797.7
LRCX,293.02,7,"[0, 1, 1, 1, 1, 1, 1, 0, 1, 0]",337.83,240.79,433.33,95.41,11750786.2
CVX,196.83,10,"[1, 1, 1, 1, 1, 1, 1, 1, 1, 1]",182.75,173.35,209.23,144.01,7589397.5
AMAT,507.67,7,"[0, 1, 1, 1, 1, 1, 1, 0, 1, 0]",543.57,372.96,723.0,155.56,8440243.45
UNH,414.4,9,"[1, 1, 1, 1, 1, 1, 1, 1, 1, 0]",409.41,341.48,436.35,231.57,5593458.1
BABA,122.25,3,"[1, 0, 0, 0, 0, 0, 0, 0, 1, 1]",113.73,139.95,187.62,94.81,12174718.65
GE,360.07,9,"[1, 1, 1, 1, 1, 1, 1, 1, 1, 0]",344.91,314.43,378.68,264.59,3957506.2
HSBC,106.42,10,"[1, 1, 1, 1, 1, 1, 1, 1, 1, 1]",96.45,83.46,107.09,58.5,1306086.95
MS,210.42,6,"[0, 1, 1, 1, 1, 1, 0, 0, 1, 0]",214.38,183.36,,,5923697.6
AZN,169.64,4,"[0, 0, 0, 0, 1, 1, 0, 1, 1, 0]",179.16,183.98,208.62,144.68,2886989.55
GEV,990.29,8,"[0, 1, 1, 1, 1, 1, 1, 1, 1, 0]",1024.64,835.81,1174.86,546.95,3009086.7
GS,1018.38,8,"[0, 1, 1, 1, 1, 1, 1, 1, 1, 0]",1048.77,910.68,1152.07,695.57,1991156.05
MRK,130.2,10,"[1, 1, 1, 1, 1, 1, 1, 1, 1, 1]",122.57,110.38,131.82,75.83,8420665.3
NVS,156.15,9,"[1, 1, 1, 1, 1, 1, 1, 1, 1, 0]",152.56,144.16,163.64,110.15,1776526.7
TXN,275.74,6,"[0, 1, 1, 1, 1, 1, 0, 0, 1, 0]",298.15,225.34,,,8058392.75
RY,209.51,10,"[1, 1, 1, 1, 1, 1, 1, 1, 1, 1]",201.51,172.53,216.57,126.97,1417946.1
KLAC,182.82,7,"[0, 1, 1, 1, 1, 1, 1, 0, 1, 0]",221.24,162.3,301.71,84.03,12539441.25
RTX,215.22,9,"[1, 1, 1, 0, 1, 1, 1, 1, 1, 1]",190.41,186.9,218.58,150.03,5161514.0
SNDK,1214.83,7,"[0, 1, 1, 1, 1, 1, 1, 0, 1, 0]",1709.22,843.09,2335.0,40.69,16086070.7
QCOM,147.61,3,"[0, 0, 0, 1, 0, 1, 0, 0, 1, 0]",198.34,167.87,250.1,123.61,13364877.6
ARM,239.69,7,"[0, 1, 1, 1, 1, 1, 1, 0, 1, 0]",324.65,189.88,439.46,104.55,6299252.55
C,132.45,8,"[0, 1, 1, 1, 1, 1, 1, 1, 1, 0]",135.15,118.18,145.67,89.79,12792494.25
BHP,84.49,9,"[0, 1, 1, 1, 1, 1, 1, 1, 1, 1]",84.78,71.47,93.15,49.75,2402547.75
ADI,367.41,8,"[0, 1, 1, 1, 1, 1, 1, 1, 1, 0]",397.41,329.98,445.48,217.76,3935888.95
NVO,47.08,7,"[1, 1, 1, 1, 0, 0, 1, 1, 1, 0]",46.84,45.96,61.72,34.76,9516023.05
MUFG,22.45,10,"[1, 1, 1, 1, 1, 1, 1, 1, 1, 1]",20.73,17.94,23.1,13.78,3570807.75
TTE,87.86,10,"[1, 1, 1, 1, 1, 1, 1, 1, 1, 1]",83.85,76.59,93.6,55.92,1727489.35
NEE,86.92,5,"[0, 0, 1, 0, 1, 1, 0, 1, 1, 0]",87.23,86.84,97.17,68.33,10264648.5
BA,216.14,4,"[0, 0, 0, 0, 1, 1, 0, 1, 1, 0]",218.9,218.38,252.15,179.12,5692942.95
TD,119.92,10,"[1, 1, 1, 1, 1, 1, 1, 1, 1, 1]",117.35,98.61,124.8,71.5,3101451.7
SAN,14.1,10,"[1, 1, 1, 1, 1, 1, 1, 1, 1, 1]",13.22,11.84,14.37,8.3,9600659.95
RIO,96.85,9,"[0, 1, 1, 1, 1, 1, 1, 1, 1, 1]",97.8,88.31,112.04,56.65,2988670.1
ANET,180.35,10,"[1, 1, 1, 1, 1, 1, 1, 1, 1, 1]",166.58,145.85,186.96,116.13,7450509.75
STX,856.13,9,"[0, 1, 1, 1, 1, 1, 1, 1, 1, 1]",890.07,517.55,1093.26,146.06,5463323.75
DELL,405.37,10,"[1, 1, 1, 1, 1, 1, 1, 1, 1, 1]",398.45,213.54,465.19,110.54,6721165.95
PANW,331.83,9,"[1, 1, 1, 1, 1, 1, 1, 1, 1, 0]",305.27,214.31,358.68,141.67,6581681.05
WDC,544.84,8,"[0, 1, 1, 1, 1, 1, 1, 0, 1, 1]",561.26,331.71,746.23,73.58,7352206.15
GILD,130.21,5,"[1, 0, 0, 0, 1, 1, 0, 1, 1, 0]",129.45,130.5,153.91,107.48,6568931.1
GLW,138.25,6,"[0, 0, 1, 1, 1, 1, 1, 0, 1, 0]",182.45,134.98,255.69,61.38,13602685.8
BUD,86.48,10,"[1, 1, 1, 1, 1, 1, 1, 1, 1, 1]",81.55,71.81,86.48,56.26,1813425.2
APP,395.9,2,"[0, 0, 0, 1, 0, 0, 0, 0, 1, 0]",490.62,520.28,733.6,366.91,6179248.65
APH,160.7,9,"[1, 1, 1, 1, 1, 1, 1, 1, 1, 0]",153.83,141.74,176.32,103.6,6859001.8
DE,592.67,9,"[1, 1, 1, 1, 1, 1, 1, 1, 1, 0]",588.08,545.3,658.85,435.19,1081200.9
SCCO,182.71,10,"[1, 1, 1, 1, 1, 1, 1, 1, 1, 1]",181.06,167.51,215.55,86.27,1126578.8
WELL,234.44,9,"[1, 1, 1, 1, 1, 1, 1, 1, 1, 0]",223.98,203.3,252.07,160.13,2858359.85
MRVL,187.56,7,"[0, 1, 1, 1, 1, 1, 1, 0, 1, 0]",239.41,134.99,316.35,62.18,24703145.9
IBKR,87.99,8,"[0, 1, 1, 1, 1, 1, 1, 1, 1, 0]",90.28,75.91,97.41,59.96,4261860.75
COP,120.48,10,"[1, 1, 1, 1, 1, 1, 1, 1, 1, 1]",113.61,106.78,132.81,83.6,6255181.2
PLD,144.61,10,"[1, 1, 1, 1, 1, 1, 1, 1, 1, 1]",143.56,133.73,150.06,100.81,4356789.25
UBS,52.74,10,"[1, 1, 1, 1, 1, 1, 1, 1, 1, 1]",50.12,43.35,55.07,35.49,1945153.3
SMFG,25.88,10,"[1, 1, 1, 1, 1, 1, 1, 1, 1, 1]",24.38,20.93,26.5,15.07,1828327.45
CRWD,190.86,9,"[1, 1, 1, 1, 1, 1, 1, 1, 1, 0]",181.4,132.65,210.73,87.56,8412360.9
VRT,241.57,5,"[0, 0, 0, 1, 1, 1, 1, 0, 1, 0]",305.72,246.24,376.15,121.69,6122448.45
BTI,60.65,7,"[0, 1, 1, 1, 1, 1, 0, 1, 1, 0]",60.8,57.24,65.79,48.34,4109959.35
BBVA,27.95,10,"[1, 1, 1, 1, 1, 1, 1, 1, 1, 1]",24.54,22.38,27.95,15.86,1299527.2
NEM,93.71,4,"[0, 0, 0, 0, 1, 1, 1, 0, 1, 0]",98.78,103.91,131.38,61.93,7229235.05
PBR,19.4,10,"[1, 1, 1, 1, 1, 1, 1, 1, 1, 1]",17.84,16.1,21.86,11.39,15534913.9
PBR-A,17.15,10,"[1, 1, 1, 1, 1, 1, 1, 1, 1, 1]",15.95,14.76,19.73,10.67,6322135.1
SBUX,105.25,10,"[1, 1, 1, 1, 1, 1, 1, 1, 1, 1]",102.34,94.19,108.37,76.95,7694615.75
CVS,104.43,10,"[1, 1, 1, 1, 1, 1, 1, 1, 1, 1]",100.58,83.4,109.92,59.56,7589843.15
BMY,65.31,10,"[1, 1, 1, 1, 1, 1, 1, 1, 1, 1]",57.76,54.55,65.31,41.21,10797727.1
BP,45.22,10,"[1, 1, 1, 1, 1, 1, 1, 1, 1, 1]",41.35,39.19,47.09,30.13,7787345.6
PWR,667.36,8,"[0, 1, 1, 1, 1, 1, 1, 1, 1, 0]",681.03,561.18,785.12,372.18,1159080.1
PH,976.53,9,"[1, 1, 1, 0, 1, 1, 1, 1, 1, 1]",929.7,904.74,1020.71,691.12,543374.05
HWM,282.26,10,"[1, 1, 1, 1, 1, 1, 1, 1, 1, 1]",269.33,236.17,289.26,170.73,1980475.35
BMO,179.45,10,"[1, 1, 1, 1, 1, 1, 1, 1, 1, 1]",170.92,143.76,182.37,109.16,873190.95
EQIX,1019.28,9,"[0, 1, 1, 1, 1, 1, 1, 1, 1, 1]",1054.28,925.35,1115.94,718.6,531675.6
MFG,10.44,10,"[1, 1, 1, 1, 1, 1, 1, 1, 1, 1]",9.86,8.4,10.66,5.84,4280087.4
TT,454.95,7,"[0, 1, 1, 1, 1, 1, 0, 1, 1, 0]",469.29,438.57,503.46,374.67,1287436.2
CM,118.55,10,"[1, 1, 1, 1, 1, 1, 1, 1, 1, 1]",114.15,98.92,121.24,70.72,1165912.5
CDNS,340.02,7,"[0, 1, 1, 1, 1, 1, 0, 1, 1, 0]",371.33,327.63,416.39,265.66,2359490.7
GSK,51.69,7,"[1, 0, 1, 0, 1, 1, 1, 1, 1, 0]",51.68,51.05,60.14,35.42,4603330.55
SNPS,388.76,2,"[0, 0, 0, 0, 1, 0, 0, 0, 1, 0]",446.09,449.47,636.02,372.33,1974574.3
AEM,145.27,2,"[0, 0, 0, 0, 1, 0, 0, 0, 1, 0]",158.04,182.58,251.57,124.06,2447558.4
HCA,402.59,2,"[1, 0, 0, 0, 0, 0, 0, 0, 1, 0]",386.79,455.97,543.23,354.56,1822285.95
BNS,87.77,10,"[1, 1, 1, 1, 1, 1, 1, 1, 1, 1]",84.39,74.64,90.29,54.93,2689943.1
CMI,634.2,8,"[0, 1, 1, 1, 1, 1, 1, 1, 1, 0]",668.65,577.21,727.59,350.23,892114.4
MAR,372.83,8,"[0, 1, 1, 1, 1, 1, 1, 1, 1, 0]",378.91,334.22,402.54,253.11,1384890.05
CNQ,47.68,10,"[1, 1, 1, 1, 1, 1, 1, 1, 1, 1]",43.8,39.82,49.57,28.74,7905759.5
EQNR,41.1,10,"[1, 1, 1, 1, 1, 1, 1, 1, 1, 1]",36.01,30.87,41.97,21.89,4139283.65
ITUB,8.46,9,"[1, 1, 1, 0, 1, 1, 1, 1, 1, 1]",8.04,7.82,9.38,5.59,19036637.0
FDX,307.4,8,"[0, 1, 1, 1, 1, 1, 1, 1, 1, 0]",319.94,274.65,337.48,171.6,1564983.7
FCX,62.63,9,"[0, 1, 1, 1, 1, 1, 1, 1, 1, 1]",63.47,56.86,71.55,34.96,15237152.5
USB,63.01,10,"[1, 1, 1, 1, 1, 1, 1, 1, 1, 1]",59.35,53.84,64.47,42.26,8099566.75
JCI,146.66,10,"[1, 1, 1, 1, 1, 1, 1, 1, 1, 1]",142.0,130.21,148.21,102.92,3452990.75
ING,34.93,10,"[1, 1, 1, 1, 1, 1, 1, 1, 1, 1]",31.62,27.97,34.94,22.03,2331440.8
FTNT,161.95,10,"[1, 1, 1, 1, 1, 1, 1, 1, 1, 1]",149.67,100.54,166.83,74.39,5458620.35
MNST,96.38,9,"[1, 1, 1, 1, 1, 1, 1, 1, 1, 0]",93.48,80.59,99.94,59.02,5614602.0
CSX,50.4,10,"[1, 1, 1, 1, 1, 1, 1, 1, 1, 1]",48.12,41.13,53.23,31.73,13690237.3
AMX,25.35,8,"[0, 1, 1, 1, 1, 1, 1, 1, 1, 0]",25.78,23.78,27.42,17.75,1728654.4
ELV,375.84,8,"[0, 1, 1, 1, 1, 1, 1, 1, 1, 0]",396.17,348.67,426.79,269.01,1507068.75
BCS,27.5,9,"[1, 1, 1, 1, 1, 1, 1, 1, 1, 0]",26.32,24.0,28.56,18.72,5683425.55
SLB,49.59,8,"[0, 0, 1, 1, 1, 1, 1, 1, 1, 1]",50.8,46.42,58.01,31.12,12777661.6
MPWR,1426.03,9,"[0, 1, 1, 1, 1, 1, 1, 1, 1, 1]",1444.49,1207.6,1687.32,780.16,938960.6
LYG,6.17,10,"[1, 1, 1, 1, 1, 1, 1, 1, 1, 1]",5.73,5.29,6.25,4.17,16399079.55
E,55.56,10,"[1, 1, 1, 1, 1, 1, 1, 1, 1, 1]",50.88,45.33,56.97,33.2,412167.4
CIEN,377.05,6,"[0, 0, 1, 1, 1, 1, 1, 0, 1, 0]",463.51,351.26,627.0,86.64,1984893.8
APO,125.59,6,"[1, 1, 0, 1, 0, 0, 0, 1, 1, 1]",125.41,126.24,151.44,99.88,3938486.0
CRH,95.01,1,"[0, 0, 0, 0, 0, 0, 0, 0, 1, 0]",104.88,113.46,130.44,94.56,3982428.65
SU,67.28,10,"[1, 1, 1, 1, 1, 1, 1, 1, 1, 1]",61.04,54.49,69.27,37.63,3825939.25
REGN,762.63,9,"[1, 1, 1, 0, 1, 1, 1, 1, 1, 1]",643.68,708.43,810.08,542.96,783833.9
NXPI,229.16,4,"[0, 0, 0, 1, 1, 1, 0, 0, 1, 0]",290.47,239.89,331.55,181.81,4252092.1
BE,205.81,7,"[0, 1, 1, 1, 1, 1, 1, 0, 1, 0]",260.71,178.72,345.85,36.1,17204500.25
ROST,251.07,10,"[1, 1, 1, 1, 1, 1, 1, 1, 1, 1]",229.22,201.86,252.57,135.78,2322842.2
B,36.73,4,"[0, 0, 0, 0, 1, 1, 1, 0, 1, 0]",38.56,40.99,52.32,20.89,7894583.2
HLT,320.49,7,"[0, 1, 1, 1, 1, 1, 0, 1, 1, 0]",333.1,305.67,350.22,256.36,2051346.6
ASX,35.17,8,"[0, 1, 1, 1, 1, 1, 1, 1, 1, 0]",38.4,24.94,44.67,9.53,9887009.05
NOK,9.14,5,"[0, 0, 0, 1, 1, 1, 1, 0, 1, 0]",12.9,9.17,16.85,4.05,98278983.5
VLO,312.9,8,"[1, 1, 1, 1, 1, 1, 0, 0, 1, 1]",270.33,217.3,,,2696401.9
MPC,316.47,10,"[1, 1, 1, 1, 1, 1, 1, 1, 1, 1]",274.05,220.7,319.76,155.55,2030304.3
GM,88.86,10,"[1, 1, 1, 1, 1, 1, 1, 1, 1, 1]",80.46,77.15,90.3,51.99,7340272.3
AEP,127.85,6,"[0, 0, 1, 1, 1, 1, 0, 1, 1, 0]",131.63,125.17,138.69,104.02,4071223.55
DDOG,267.97,10,"[1, 1, 1, 1, 1, 1, 1, 1, 1, 1]",244.87,167.26,277.49,102.61,4169466.65
LITE,713.94,6,"[0, 0, 1, 1, 1, 1, 1, 0, 1, 0]",826.15,601.15,1053.09,106.68,4320308.45
VALE,15.06,7,"[0, 0, 1, 0, 1, 1, 1, 1, 1, 1]",15.23,14.68,17.82,8.91,22107454.3
NSC,335.48,9,"[1, 1, 1, 1, 1, 1, 0, 1, 1, 1]",319.63,300.46,350.66,268.69,1109682.0
HOOD,86.56,3,"[0, 0, 0, 1, 0, 0, 1, 0, 1, 0]",96.64,99.29,152.46,65.16,21397687.05
NET,278.98,10,"[1, 1, 1, 1, 1, 1, 1, 1, 1, 1]",249.16,213.29,283.39,160.19,3047406.1
PSX,211.68,10,"[1, 1, 1, 1, 1, 1, 1, 1, 1, 1]",185.74,158.68,212.27,114.45,2526829.55
FIX,1729.69,8,"[0, 1, 1, 1, 1, 1, 1, 1, 1, 0]",1817.66,1397.41,2066.51,679.82,533169.2
DLR,188.52,9,"[1, 1, 1, 1, 1, 1, 0, 1, 1, 1]",184.77,174.32,202.56,145.96,3147777.9
WBD,26.3,5,"[0, 0, 0, 0, 1, 1, 1, 1, 1, 0]",26.61,26.47,29.98,10.78,23852500.6
TRP,67.43,9,"[0, 1, 1, 1, 1, 1, 1, 1, 1, 1]",68.19,60.26,70.59,47.45,2417680.35
MFC,44.44,10,"[1, 1, 1, 1, 1, 1, 1, 1, 1, 1]",40.79,36.67,44.64,29.33,1529200.45
SPG,229.37,10,"[1, 1, 1, 1, 1, 1, 1, 1, 1, 1]",217.8,193.69,236.7,153.39,1476180.6
COHR,262.89,6,"[0, 0, 1, 1, 1, 1, 1, 0, 1, 0]",347.42,254.95,426.89,86.55,4587205.45
MSTR,93.28,1,"[0, 0, 0, 0, 0, 0, 0, 0, 1, 0]",112.68,157.84,402.01,82.31,16116346.3
BKR,60.49,10,"[1, 1, 1, 1, 1, 1, 1, 1, 1, 1]",59.78,56.29,69.44,42.01,10138687.7
WPM,109.03,3,"[0, 0, 0, 0, 1, 1, 0, 0, 1, 0]",116.19,123.96,165.21,90.74,1597707.4
CRWV,71.77,1,"[0, 0, 0, 0, 0, 0, 0, 0, 1, 0]",93.75,94.83,148.75,60.82,25290563.35
KEYS,319.08,9,"[0, 1, 1, 1, 1, 1, 1, 1, 1, 1]",333.22,268.85,373.34,158.51,1269682.45
CVNA,62.36,1,"[0, 0, 0, 0, 0, 0, 0, 0, 1, 0]",66.7,72.31,95.69,56.26,10634108.6
RKLB,64.95,5,"[0, 0, 0, 1, 1, 1, 1, 0, 1, 0]",96.76,77.78,150.23,39.48,18969357.5
TEL,205.69,3,"[0, 0, 0, 0, 0, 0, 0, 1, 1, 1]",205.79,218.73,247.28,195.09,2752549.75
URI,1079.26,9,"[1, 1, 1, 1, 1, 1, 1, 1, 1, 0]",1061.18,901.13,1141.59,709.01,497980.6
GWW,1382.22,10,"[1, 1, 1, 1, 1, 1, 1, 1, 1, 1]",1331.85,1130.94,1402.03,914.6,256321.45
TGT,144.49,10,"[1, 1, 1, 1, 1, 1, 1, 1, 1, 1]",132.61,113.06,145.9,82.06,3689655.05
TER,367.69,8,"[0, 1, 1, 1, 1, 1, 1, 1, 1, 0]",380.44,289.27,483.84,103.89,3911193.4
LHX,277.06,3,"[0, 0, 0, 0, 1, 1, 0, 0, 1, 0]",297.66,314.41,375.64,265.42,1389533.9
CARR,61.81,6,"[0, 0, 1, 1, 1, 1, 0, 1, 1, 0]",67.98,60.45,75.73,49.79,7128587.3
CTVA,78.71,7,"[0, 1, 1, 1, 1, 1, 0, 1, 1, 0]",81.97,74.99,90.51,60.56,3821412.15
AU,79.32,4,"[0, 0, 0, 0, 1, 1, 1, 0, 1, 0]",84.41,89.4,124.62,46.21,2470872.45
OKE,90.81,10,"[1, 1, 1, 1, 1, 1, 1, 1, 1, 1]",89.33,80.77,95.24,62.69,3398853.15
MCHP,74.29,5,"[0, 0, 0, 1, 1, 1, 1, 0, 1, 0]",88.87,74.92,102.71,48.06,10566146.65
MCHPP,64.28,5,"[0, 0, 0, 1, 1, 1, 1, 0, 1, 0]",75.13,65.15,85.72,45.73,237541.3
CVE,30.19,10,"[1, 1, 1, 1, 1, 1, 1, 1, 1, 1]",27.45,22.71,31.62,14.33,7472544.85
AME,241.71,10,"[1, 1, 1, 1, 1, 1, 1, 1, 1, 1]",232.94,218.74,243.12,178.45,1004472.25
TRGP,270.37,8,"[1, 1, 1, 1, 1, 1, 0, 0, 1, 1]",269.63,221.49,,,1080180.7
COIN,146.26,1,"[0, 0, 0, 0, 0, 0, 0, 0, 1, 0]",164.35,212.43,387.27,141.09,7234111.95
FANG,202.95,10,"[1, 1, 1, 1, 1, 1, 1, 1, 1, 1]",191.79,172.45,212.52,132.09,1883063.05
OXY,57.07,10,"[1, 1, 1, 1, 1, 1, 1, 1, 1, 1]",54.69,49.9,65.94,38.56,9018988.05
DVN,45.13,9,"[1, 1, 1, 0, 1, 1, 1, 1, 1, 1]",43.78,41.43,51.7,31.13,10742264.8
FLEX,113.75,7,"[0, 1, 1, 1, 1, 1, 1, 0, 1, 0]",139.08,88.16,162.07,49.0,4989858.05
ABEV,3.11,9,"[0, 1, 1, 1, 1, 1, 1, 1, 1, 1]",3.13,2.84,3.42,2.1,25099115.15
NUE,257.29,10,"[1, 1, 1, 1, 1, 1, 1, 1, 1, 1]",242.39,190.48,265.7,130.57,1308101.7
STM,52.39,7,"[0, 1, 1, 1, 1, 1, 1, 0, 1, 0]",68.52,41.89,79.82,21.04,12658016.05
BIDU,111.11,2,"[0, 0, 0, 0, 1, 0, 0, 0, 1, 0]",116.41,125.55,162.52,85.86,2116211.05
ETR,107.62,7,"[0, 1, 1, 1, 1, 1, 0, 1, 1, 0]",112.22,103.46,117.36,85.23,2756550.55
CCJ,86.38,3,"[0, 0, 0, 0, 1, 1, 0, 0, 1, 0]",99.58,104.55,134.09,70.33,3907636.0
FER,65.1,4,"[0, 0, 0, 0, 1, 1, 0, 1, 1, 0]",66.41,66.32,73.66,50.17,1618467.65
ROK,480.08,10,"[1, 1, 1, 1, 1, 1, 1, 1, 1, 1]",463.64,409.75,495.08,324.09,699621.85
EA,209.86,10,"[1, 1, 1, 1, 1, 1, 1, 1, 1, 1]",204.94,202.5,209.86,156.46,2574986.0
ARGX,853.82,7,"[0, 1, 1, 1, 0, 1, 1, 1, 1, 0]",871.72,830.04,939.68,637.56,290221.0
DAL,87.44,7,"[1, 1, 1, 1, 1, 1, 0, 0, 1, 0]",84.6,70.56,,,6910518.8
EBAY,114.01,9,"[1, 1, 1, 1, 1, 1, 1, 1, 1, 0]",111.59,96.21,118.63,78.93,3358237.8
FERG,234.33,6,"[1, 0, 0, 0, 1, 1, 0, 1, 1, 1]",230.23,238.85,266.68,208.41,1267564.15
MT,70.14,10,"[1, 1, 1, 1, 1, 1, 1, 1, 1, 1]",66.04,54.8,71.65,30.04,1712751.4
WAB,290.86,10,"[1, 1, 1, 1, 1, 1, 1, 1, 1, 1]",269.1,242.36,305.79,184.98,1029115.6
FNV,212.92,4,"[0, 0, 0, 0, 1, 0, 1, 1, 1, 0]",215.17,225.33,279.76,161.07,685550.05
FITB,56.5,9,"[1, 1, 1, 1, 1, 1, 1, 1, 1, 0]",54.33,48.54,59.37,39.38,6092716.95
XYZ,81.24,9,"[1, 1, 1, 1, 0, 1, 1, 1, 1, 1]",75.43,67.67,83.1,49.09,4598607.8
NBIS,190.41,7,"[0, 1, 1, 1, 1, 1, 1, 0, 1, 0]",223.69,141.19,286.69,52.0,21498258.75
RKT,12.9,1,"[0, 0, 0, 0, 0, 0, 0, 0, 1, 0]",13.99,16.52,23.44,12.35,29180479.7
VTR,93.51,10,"[1, 1, 1, 1, 1, 1, 1, 1, 1, 1]",88.76,82.01,100.53,65.45,3251681.05
CLS,331.44,6,"[0, 0, 1, 1, 1, 1, 1, 0, 1, 0]",360.51,327.13,472.4,181.34,2571684.55
CAH,230.03,9,"[1, 1, 1, 1, 1, 1, 1, 1, 1, 0]",221.43,207.87,239.71,144.54,2259458.55
TEVA,35.01,10,"[1, 1, 1, 1, 1, 1, 1, 1, 1, 1]",33.3,30.72,36.34,15.38,5648715.55
HPE,47.9,10,"[1, 1, 1, 1, 1, 1, 1, 1, 1, 1]",45.91,29.28,55.99,19.41,17129656.3
STT,184.16,10,"[1, 1, 1, 1, 1, 1, 1, 1, 1, 1]",170.87,138.56,186.59,105.86,2527666.9
ODFL,212.14,8,"[0, 1, 1, 1, 1, 1, 1, 1, 1, 0]",226.3,187.85,248.73,125.7,1675866.55
GFS,49.99,5,"[0, 0, 0, 1, 1, 1, 1, 0, 1, 0]",72.21,51.49,89.83,31.57,3720659.15
WDS,23.46,10,"[1, 1, 1, 1, 1, 1, 1, 1, 1, 1]",21.23,19.37,24.78,13.89,746353.2
EME,797.43,9,"[0, 1, 1, 1, 1, 1, 1, 1, 1, 1]",802.37,744.43,943.26,580.64,495825.5
ON,81.61,6,"[0, 0, 1, 1, 1, 1, 1, 0, 1, 0]",105.15,75.01,133.93,44.9,9322387.9
GFI,32.42,3,"[0, 0, 0, 0, 1, 0, 1, 0, 1, 0]",35.34,42.69,59.77,24.87,3525214.45
ERIC,9.81,5,"[0, 0, 0, 1, 1, 1, 1, 0, 1, 0]",11.39,10.73,13.74,7.02,17397162.0
KB,117.82,10,"[1, 1, 1, 1, 1, 1, 1, 1, 1, 1]",109.97,99.57,123.25,77.06,311880.85
PUK,30.26,8,"[1, 1, 1, 0, 1, 1, 0, 1, 1, 1]",28.08,29.32,33.17,24.55,898334.0
IRM,122.32,9,"[0, 1, 1, 1, 1, 1, 1, 1, 1, 1]",125.02,105.86,133.06,77.69,1991564.55
LYV,174.13,8,"[0, 1, 1, 1, 1, 1, 1, 1, 1, 0]",174.48,156.1,186.59,125.61,1978648.95
KGC,23.1,3,"[0, 0, 0, 0, 1, 0, 1, 0, 1, 0]",25.38,28.84,37.97,16.14,7459236.95
JBL,315.05,8,"[0, 1, 1, 1, 1, 1, 1, 1, 1, 0]",347.81,278.09,385.63,192.39,1129976.4
ADM,79.27,9,"[0, 1, 1, 1, 1, 1, 1, 1, 1, 1]",80.19,68.99,87.32,52.21,3339262.35
VOD,15.78,10,"[1, 1, 1, 1, 1, 1, 1, 1, 1, 1]",14.7,13.91,16.39,10.53,4720879.65
BBD,3.61,9,"[1, 1, 1, 0, 1, 1, 1, 1, 1, 1]",3.46,3.52,4.12,2.69,30556089.15
VIK,104.35,10,"[1, 1, 1, 1, 1, 1, 1, 1, 1, 1]",96.54,77.87,104.95,56.58,1879635.25
UMC,19.03,7,"[0, 1, 1, 1, 1, 1, 1, 0, 1, 0]",22.04,12.6,27.53,6.47,16989006.95
ONC,316.01,6,"[1, 1, 1, 0, 0, 0, 0, 1, 1, 1]",294.51,314.02,377.47,260.27,374846.05
LVS,48.89,3,"[1, 0, 0, 0, 0, 0, 0, 0, 1, 1]",48.21,55.45,68.73,44.78,5177770.45
IX,40.31,10,"[1, 1, 1, 1, 1, 1, 1, 1, 1, 1]",39.26,32.41,40.59,22.85,206925.3
CRDO,206.99,7,"[0, 1, 1, 1, 1, 1, 1, 0, 1, 0]",233.84,166.05,302.52,87.81,6064144.15
ALAB,311.23,7,"[0, 1, 1, 1, 1, 1, 1, 0, 1, 0]",355.21,207.58,483.02,100.27,4423101.05
STLD,251.26,10,"[1, 1, 1, 1, 1, 1, 1, 1, 1, 1]",248.12,197.7,282.12,119.93,1163007.3
HAL,32.25,6,"[0, 0, 0, 1, 1, 1, 1, 1, 1, 0]",36.18,33.53,42.8,20.04,12069019.75
HUM,363.86,8,"[0, 1, 1, 1, 1, 1, 1, 1, 1, 0]",367.25,263.87,409.42,162.46,1500632.35
MTZ,263.1,5,"[0, 0, 0, 1, 1, 1, 1, 0, 1, 0]",365.96,297.04,437.51,172.51,1376802.1
UAL,121.33,9,"[1, 1, 1, 1, 1, 1, 1, 1, 1, 0]",118.31,105.55,136.11,84.57,4478916.95
ZM,96.07,10,"[1, 1, 1, 1, 1, 1, 1, 1, 1, 1]",93.06,88.03,111.88,69.77,3171413.0
TS,57.33,9,"[0, 1, 1, 1, 1, 1, 1, 1, 1, 1]",58.45,50.04,64.02,33.04,1022834.7
CASY,871.0,10,"[1, 1, 1, 1, 1, 1, 1, 1, 1, 1]",824.53,691.43,916.28,493.17,357885.25
TECK,60.24,9,"[0, 1, 1, 1, 1, 1, 1, 1, 1, 1]",61.26,53.48,70.46,31.1,3662903.25
SYM,43.05,2,"[0, 0, 0, 0, 0, 0, 0, 0, 1, 1]",43.76,56.09,87.3,38.57,1426611.0
EL,83.9,3,"[1, 0, 0, 0, 0, 0, 0, 0, 1, 1]",83.81,91.8,118.78,66.97,2144577.85
SHG,69.93,10,"[1, 1, 1, 1, 1, 1, 1, 1, 1, 1]",67.36,61.43,73.28,46.81,243484.4
Q,131.18,4,"[0, 1, 0, 1, 0, 0, 1, 0, 1, 0]",148.18,131.18,175.64,73.4,1869826.75
TWLO,197.35,8,"[0, 1, 1, 1, 1, 1, 1, 1, 1, 0]",201.55,149.62,236.64,92.44,1665730.9
RVMD,187.53,9,"[1, 1, 1, 1, 1, 1, 1, 1, 1, 0]",171.61,115.45,192.62,34.7,1893449.35
RDDT,140.67,2,"[0, 0, 0, 1, 0, 0, 0, 0, 1, 0]",175.23,180.08,270.71,121.84,5591295.7
IQV,235.02,9,"[1, 1, 1, 1, 0, 1, 1, 1, 1, 1]",193.95,197.46,247.56,156.66,1422534.2
NTRS,182.19,10,"[1, 1, 1, 1, 1, 1, 1, 1, 1, 1]",175.81,150.07,191.13,120.74,1099822.55
DOV,204.62,5,"[0, 0, 0, 1, 1, 1, 0, 1, 1, 0]",214.35,206.05,232.21,159.95,1282338.75
RPRX,58.43,10,"[1, 1, 1, 1, 1, 1, 1, 1, 1, 1]",56.11,46.19,59.97,34.37,2714197.3
ASTS,58.98,4,"[0, 0, 0, 0, 1, 1, 1, 0, 1, 0]",81.56,82.5,133.09,36.91,15131488.25
BIIB,202.95,9,"[1, 1, 1, 1, 1, 1, 1, 1, 1, 0]",200.52,183.35,216.63,127.75,1468236.55
VG,13.38,9,"[1, 1, 1, 1, 1, 0, 1, 1, 1, 1]",12.52,10.69,17.51,5.9,16263043.6
EXPE,294.74,9,"[1, 1, 1, 1, 0, 1, 1, 1, 1, 1]",250.72,247.06,304.27,176.67,1472442.95
CRCL,62.61,1,"[0, 0, 0, 0, 0, 0, 0, 0, 1, 0]",77.62,89.69,168.1,50.23,12218704.9
ARES,128.09,5,"[1, 1, 0, 0, 0, 0, 1, 0, 1, 1]",123.32,131.89,185.9,94.25,2013318.55
FTI,71.66,10,"[1, 1, 1, 1, 1, 1, 1, 1, 1, 1]",69.73,59.94,76.94,34.67,3482605.25
FTAI,206.0,4,"[0, 0, 0, 0, 1, 1, 1, 0, 1, 0]",238.04,229.04,308.99,135.02,1732928.6
AXIA,10.47,7,"[1, 0, 0, 0, 1, 1, 1, 1, 1, 1]",10.27,10.88,13.43,6.34,1989038.3
CNC,62.22,8,"[0, 1, 1, 1, 1, 1, 1, 1, 1, 0]",63.62,46.6,68.72,25.21,4818758.45
NTRA,267.76,9,"[1, 1, 1, 1, 1, 1, 1, 1, 1, 0]",244.72,220.57,283.8,134.58,1105788.0
NVT,153.83,9,"[0, 1, 1, 1, 1, 1, 1, 1, 1, 1]",161.72,128.39,184.1,87.42,2184539.45
MTSI,251.44,6,"[0, 0, 1, 1, 1, 1, 1, 0, 1, 0]",337.05,247.37,409.68,118.35,1501673.95
TPL,402.58,6,"[1, 0, 1, 0, 1, 1, 1, 0, 1, 0]",395.6,384.45,538.97,272.83,278072.9
TPR,152.37,10,"[1, 1, 1, 1, 1, 1, 1, 1, 1, 1]",143.63,134.35,159.61,94.47,2155341.95
CFG,71.65,8,"[1, 1, 1, 1, 1, 1, 0, 0, 1, 1]",67.77,60.59,,,4963718.95
CW,724.0,8,"[0, 1, 1, 1, 1, 1, 1, 1, 1, 0]",743.69,665.02,792.77,471.69,215540.3
DOW,30.29,6,"[0, 0, 1, 0, 1, 1, 1, 0, 1, 1]",31.39,30.08,41.45,19.83,10487720.3
EIX,73.37,8,"[0, 1, 1, 1, 1, 1, 1, 1, 1, 0]",73.67,65.69,80.38,50.16,2478560.9
PKX,53.17,4,"[0, 0, 0, 0, 1, 1, 0, 0, 1, 1]",58.25,60.12,91.72,45.13,376005.65
BAP,400.58,10,"[1, 1, 1, 1, 1, 1, 1, 1, 1, 1]",371.6,313.9,402.27,225.83,275442.15
VRSN,290.02,9,"[1, 1, 1, 1, 1, 0, 1, 1, 1, 1]",276.23,255.93,310.0,210.93,828466.95
HUBB,472.55,4,"[0, 0, 0, 0, 1, 1, 0, 1, 1, 0]",487.7,479.0,556.18,403.7,577998.75
STRL,596.77,7,"[0, 1, 1, 1, 1, 1, 1, 0, 1, 0]",763.89,503.8,993.74,263.05,770005.3
EC,16.77,10,"[1, 1, 1, 1, 1, 1, 1, 1, 1, 1]",15.51,12.36,17.04,7.9,2299622.75
P,77.17,8,"[1, 1, 1, 1, 0, 0, 1, 1, 1, 1]",75.46,74.28,98.7,54.51,2322303.2
AER,150.9,10,"[1, 1, 1, 1, 1, 1, 1, 1, 1, 1]",144.83,140.49,154.09,107.26,1018389.55
PAAS,43.11,4,"[0, 0, 0, 0, 1, 1, 1, 0, 1, 0]",47.26,50.43,68.3,26.86,3789257.5
DG,127.05,9,"[1, 1, 1, 0, 1, 1, 1, 1, 1, 1]",114.87,122.21,154.71,94.6,2386360.85
VIV,12.92,4,"[0, 0, 0, 0, 1, 1, 0, 1, 1, 0]",13.29,13.4,16.32,10.73,1308466.8
SYF,75.79,7,"[1, 1, 1, 1, 0, 1, 0, 1, 1, 0]",73.62,74.03,87.76,63.52,4143427.3
ZS,151.2,3,"[1, 0, 0, 0, 0, 0, 0, 0, 1, 1]",142.01,189.98,336.27,118.05,2367758.45
SQM,67.06,4,"[0, 0, 0, 0, 1, 1, 1, 0, 1, 0]",75.15,72.05,94.63,35.4,977761.45
BG,106.23,6,"[0, 0, 0, 1, 1, 1, 1, 1, 1, 0]",117.8,111.09,131.41,75.69,1361548.2
FMX,127.99,10,"[1, 1, 1, 1, 1, 1, 1, 1, 1, 1]",124.81,108.71,132.15,81.24,531988.6
MDB,337.48,8,"[1, 1, 1, 1, 0, 1, 1, 1, 1, 0]",335.27,333.38,440.6,201.0,1297112.65
XPO,200.97,8,"[0, 1, 1, 1, 1, 1, 1, 1, 1, 0]",210.38,180.86,228.37,118.79,989665.35
ALB,117.64,4,"[0, 0, 0, 0, 1, 1, 1, 0, 1, 0]",143.6,151.91,215.07,66.4,1997150.55
UTHR,517.71,7,"[0, 0, 1, 1, 1, 1, 1, 1, 1, 0]",544.38,514.39,596.76,292.65,388275.45
FSLR,211.03,2,"[0, 0, 0, 1, 0, 0, 0, 0, 1, 0]",245.17,234.23,318.25,180.05,1857285.1
TSN,57.96,4,"[0, 0, 0, 0, 1, 1, 0, 1, 1, 0]",58.75,59.25,68.18,49.45,2980932.4
TSEM,219.67,8,"[0, 1, 1, 1, 1, 1, 1, 0, 1, 1]",249.96,167.98,316.85,44.67,1793610.15
RF,30.95,10,"[1, 1, 1, 1, 1, 1, 1, 1, 1, 1]",29.6,27.28,32.4,22.67,10014486.85
KEY,22.59,9,"[1, 1, 1, 1, 1, 1, 1, 1, 1, 0]",22.5,20.54,23.99,16.27,10982964.45
TEAM,101.01,5,"[1, 1, 0, 0, 0, 0, 1, 0, 1, 1]",90.53,108.95,185.69,57.15,3767960.7
LYB,62.08,9,"[1, 1, 1, 0, 1, 1, 1, 1, 1, 1]",60.97,57.27,81.53,40.28,5084029.35
JBHT,271.75,8,"[0, 1, 1, 1, 1, 1, 1, 1, 1, 0]",279.58,223.96,298.41,129.81,1104579.7
SBAC,180.98,3,"[0, 0, 0, 0, 1, 0, 0, 1, 1, 0]",190.26,192.68,225.09,164.16,1008792.7
WST,340.96,9,"[1, 1, 1, 1, 1, 1, 1, 1, 1, 0]",337.98,284.46,365.5,230.63,830346.2
CPAY,382.11,10,"[1, 1, 1, 1, 1, 1, 1, 1, 1, 1]",356.23,320.8,392.85,255.0,492934.0
ENTG,119.05,6,"[0, 0, 1, 1, 1, 1, 1, 0, 1, 0]",143.23,119.02,183.84,68.64,2985329.95
NMR,9.68,10,"[1, 1, 1, 1, 1, 1, 1, 1, 1, 1]",9.0,8.33,10.04,6.68,1093904.3
IHG,162.28,8,"[0, 1, 1, 1, 1, 1, 1, 1, 1, 0]",162.84,142.46,174.13,113.11,266146.1
FN,435.41,5,"[0, 0, 0, 1, 1, 1, 1, 0, 1, 0]",560.64,530.06,746.47,277.04,793703.85
SBS,5.45,5,"[0, 0, 0, 0, 1, 1, 1, 1, 1, 0]",5.62,5.55,7.08,3.88,5619633.65
WWD,360.75,7,"[0, 0, 1, 1, 1, 1, 1, 1, 1, 0]",392.9,347.8,436.44,236.67,659751.85
SITM,535.2,7,"[0, 1, 1, 1, 1, 1, 1, 0, 1, 0]",649.07,458.08,901.48,193.09,444441.95
INSM,98.6,1,"[0, 0, 0, 0, 0, 0, 0, 0, 1, 0]",104.88,147.61,211.41,91.88,2329488.65
BEKE,16.95,6,"[1, 1, 1, 0, 0, 0, 0, 1, 1, 1]",16.07,16.6,19.99,14.26,3606551.55
AKAM,115.18,8,"[0, 1, 1, 1, 1, 1, 1, 0, 1, 1]",128.6,105.12,161.14,70.53,3469696.65
PFG,113.7,10,"[1, 1, 1, 1, 1, 1, 1, 1, 1, 1]",108.79,93.85,114.09,72.85,1619017.65
RL,380.34,8,"[0, 1, 1, 1, 1, 1, 1, 1, 1, 0]",384.56,359.03,413.24,280.32,545048.3
ATI,187.44,9,"[1, 1, 1, 1, 1, 1, 1, 1, 1, 0]",186.94,143.28,204.09,71.34,1396154.05
MRNA,54.82,7,"[0, 1, 1, 1, 1, 1, 1, 0, 1, 0]",58.41,44.86,81.8,22.36,6172412.7
ILMN,205.1,10,"[1, 1, 1, 1, 1, 1, 1, 1, 1, 1]",175.42,139.69,205.1,91.0,1842454.45
AFRM,71.51,6,"[0, 1, 1, 1, 0, 0, 1, 1, 1, 0]",74.06,66.11,92.18,42.53,3634603.5
CRS,519.66,8,"[0, 1, 1, 1, 1, 1, 1, 1, 1, 0]",546.7,405.07,619.25,231.97,708719.05
SMCI,28.4,4,"[0, 0, 0, 1, 0, 0, 1, 0, 1, 1]",32.39,32.78,58.68,20.53,43323313.85
MKSI,297.45,7,"[0, 1, 1, 1, 1, 1, 1, 0, 1, 0]",346.59,244.43,444.8,89.14,1348892.65
IFF,79.22,9,"[1, 1, 1, 1, 1, 1, 1, 1, 1, 0]",76.64,71.41,83.83,58.53,1788563.15
EXPD,167.89,10,"[1, 1, 1, 1, 1, 1, 1, 1, 1, 1]",166.3,150.75,182.8,111.96,1207291.25
ROIV,33.91,9,"[1, 1, 1, 1, 1, 1, 1, 1, 1, 0]",32.57,26.42,36.81,11.17,4640524.95
DD,137.0,7,"[0, 0, 1, 1, 1, 1, 1, 1, 1, 0]",139.85,132.07,153.36,86.15,1313113.65
IREN,36.8,3,"[0, 0, 0, 1, 0, 0, 1, 0, 1, 0]",49.11,48.09,76.41,15.4,47441632.15
RGLD,198.35,4,"[0, 0, 0, 0, 1, 1, 1, 0, 1, 0]",205.55,228.33,303.02,151.33,679810.85
FUTU,105.12,3,"[1, 0, 0, 0, 0, 0, 0, 0, 1, 1]",99.59,143.74,195.9,89.76,1402817.0
ULS,91.64,8,"[0, 1, 1, 1, 1, 1, 1, 1, 1, 0]",93.87,85.4,104.74,62.21,836643.35
CHRW,147.73,5,"[0, 0, 0, 1, 1, 1, 1, 0, 1, 0]",185.79,170.99,209.42,112.09,2362690.9
LUV,44.97,8,"[0, 1, 1, 1, 1, 1, 1, 1, 1, 0]",46.19,41.5,54.33,28.52,5499823.4
DKS,195.91,3,"[0, 0, 0, 1, 0, 0, 0, 1, 1, 0]",219.85,211.49,239.17,185.52,1101448.6
VTRS,17.56,10,"[1, 1, 1, 1, 1, 1, 1, 1, 1, 1]",16.47,13.81,17.86,8.42,9311845.8
RCI,33.85,3,"[0, 0, 0, 0, 0, 0, 0, 1, 1, 1]",35.36,36.4,40.21,31.45,1603913.95
FFIV,402.57,9,"[1, 1, 1, 1, 1, 1, 1, 1, 1, 0]",401.02,310.98,431.26,223.99,647312.85
CX,11.82,7,"[0, 0, 1, 1, 1, 1, 1, 1, 1, 0]",12.49,11.71,13.52,8.17,6289655.3
INCY,119.52,10,"[1, 1, 1, 1, 1, 1, 1, 1, 1, 1]",109.13,101.26,129.93,75.59,1905000.85
KEP,11.95,1,"[0, 0, 0, 0, 0, 0, 0, 0, 1, 0]",12.37,15.86,23.26,11.32,1199747.55
APG,39.68,4,"[0, 0, 0, 0, 1, 1, 0, 1, 1, 0]",41.29,41.2,49.4,33.64,2822970.5
SNX,255.7,9,"[0, 1, 1, 1, 1, 1, 1, 1, 1, 1]",258.79,191.18,289.57,139.4,814150.95
CDE,14.91,3,"[0, 0, 0, 0, 1, 0, 1, 0, 1, 0]",16.57,18.66,27.12,8.67,27260161.25
RBC,551.31,7,"[0, 0, 1, 1, 1, 1, 1, 1, 1, 0]",595.35,529.44,648.89,369.71,224879.15
BURL,368.48,10,"[1, 1, 1, 1, 1, 1, 1, 1, 1, 1]",332.47,306.05,372.19,242.43,617789.05
ROKU,145.01,10,"[1, 1, 1, 1, 1, 1, 1, 1, 1, 1]",135.83,111.19,145.33,79.98,2533038.2
AMKR,49.87,5,"[0, 0, 0, 1, 1, 1, 1, 0, 1, 0]",71.15,53.64,93.55,21.56,6273143.55
RS,406.1,10,"[1, 1, 1, 1, 1, 1, 1, 1, 1, 1]",390.41,328.86,414.33,262.77,327458.0
BWXT,168.7,2,"[0, 0, 0, 0, 1, 0, 0, 0, 1, 0]",188.22,197.09,238.1,148.67,883758.25
ZTO,24.02,9,"[1, 1, 1, 0, 1, 1, 1, 1, 1, 1]",23.01,22.42,25.88,17.59,1597255.95
NXT,89.87,5,"[0, 0, 0, 1, 1, 1, 1, 0, 1, 0]",117.65,108.98,156.4,53.8,3087169.85
ITT,195.98,8,"[1, 1, 1, 0, 1, 1, 0, 1, 1, 1]",193.01,190.72,221.24,162.73,918868.6
FTV,59.21,7,"[0, 1, 1, 1, 1, 1, 0, 1, 1, 0]",60.85,56.76,64.09,46.34,2912113.6
IONQ,36.44,3,"[0, 0, 0, 1, 0, 0, 1, 0, 1, 0]",50.66,46.3,82.09,26.59,19041983.9
AGI,27.83,2,"[0, 0, 0, 0, 1, 0, 0, 0, 1, 0]",33.06,38.79,55.22,24.82,4300315.7
BCH,41.35,10,"[1, 1, 1, 1, 1, 1, 1, 1, 1, 1]",39.45,37.51,43.7,26.01,268645.1
YPF,52.54,10,"[1, 1, 1, 1, 1, 1, 1, 1, 1, 1]",50.23,41.0,56.35,23.57,1271378.95
CF,125.19,10,"[1, 1, 1, 1, 1, 1, 1, 1, 1, 1]",114.86,102.57,137.04,75.38,2306232.65
MGA,68.6,10,"[1, 1, 1, 1, 1, 1, 1, 1, 1, 1]",65.73,57.1,69.85,40.24,1364399.65
TLN,334.1,2,"[0, 0, 0, 1, 0, 0, 0, 0, 1, 0]",376.11,366.38,445.84,302.97,657225.55
LSCC,124.27,8,"[0, 1, 1, 1, 1, 1, 1, 1, 1, 0]",138.84,101.24,155.27,48.73,1758744.45
WMG,25.96,3,"[0, 0, 0, 1, 0, 0, 0, 1, 1, 0]",28.99,29.0,34.56,23.52,2114045.8
CIB,92.52,10,"[1, 1, 1, 1, 1, 1, 1, 1, 1, 1]",78.26,69.16,93.89,42.64,261008.6
WCC,343.49,10,"[1, 1, 1, 1, 1, 1, 1, 1, 1, 1]",343.46,294.93,373.98,202.05,807539.95
JBS,14.02,7,"[1, 1, 1, 0, 1, 0, 0, 1, 1, 1]",12.39,13.61,17.05,11.6,4686967.9
WSO,309.3,2,"[0, 0, 0, 0, 1, 0, 0, 0, 1, 0]",376.24,374.38,452.97,309.3,495274.8
DOCN,117.5,7,"[0, 1, 1, 1, 1, 1, 1, 0, 1, 0]",147.62,87.48,181.29,25.74,3548477.85
EWBC,131.0,10,"[1, 1, 1, 1, 1, 1, 1, 1, 1, 1]",128.81,115.38,136.14,92.51,860406.7
AA,45.26,4,"[0, 0, 0, 0, 1, 1, 1, 0, 1, 0]",57.88,55.98,83.79,28.14,5528649.8
PR,21.31,10,"[1, 1, 1, 1, 1, 1, 1, 1, 1, 1]",19.53,17.2,22.33,11.76,8200120.45
NVMI,390.87,5,"[0, 0, 0, 1, 1, 1, 1, 0, 1, 0]",490.87,431.03,605.65,237.16,575238.25
RTO,23.36,3,"[0, 0, 0, 0, 1, 1, 0, 0, 1, 0]",29.54,30.12,34.52,22.8,1271008.4
OWL,10.3,3,"[1, 0, 0, 0, 0, 0, 0, 0, 1, 1]",9.52,11.59,18.97,8.04,16473958.8
OVV,62.46,10,"[1, 1, 1, 1, 1, 1, 1, 1, 1, 1]",56.66,49.01,63.13,35.32,3321484.0
TTMI,115.44,6,"[0, 0, 1, 1, 1, 1, 1, 0, 1, 0]",166.99,112.42,221.47,40.06,2627425.7
BEN,33.86,9,"[1, 1, 1, 1, 1, 1, 1, 1, 1, 0]",32.4,26.58,34.44,20.39,4558764.5
IEX,230.45,10,"[1, 1, 1, 1, 1, 1, 1, 1, 1, 1]",220.04,196.41,233.77,155.22,774587.75
LAMR,159.96,10,"[1, 1, 1, 1, 1, 1, 1, 1, 1, 1]",155.0,134.61,164.33,109.47,576340.9
VNOM,44.61,9,"[1, 1, 1, 1, 1, 1, 0, 1, 1, 1]",44.04,41.84,50.23,34.64,1500944.65
GNRC,197.11,5,"[0, 0, 0, 1, 1, 1, 1, 0, 1, 0]",249.84,204.56,295.54,136.37,1126817.7
NDSN,297.78,10,"[1, 1, 1, 1, 1, 1, 1, 1, 1, 1]",290.27,267.48,304.64,206.54,323201.95
SN,161.77,10,"[1, 1, 1, 1, 1, 1, 1, 1, 1, 1]",139.06,116.88,163.33,84.57,1465129.65
H,174.06,7,"[0, 1, 1, 1, 1, 1, 0, 1, 1, 0]",189.54,165.68,202.09,134.51,802036.15
BALL,64.9,9,"[1, 1, 1, 0, 1, 1, 1, 1, 1, 1]",59.48,56.97,67.31,45.92,1810355.3
MLI,66.41,10,"[1, 1, 1, 1, 1, 1, 1, 1, 1, 1]",63.81,59.98,70.23,41.23,1629237.0
LOGI,102.48,6,"[0, 1, 1, 1, 0, 0, 0, 1, 1, 1]",106.21,102.47,126.69,85.84,1324610.8
CLH,312.88,10,"[1, 1, 1, 1, 1, 1, 1, 1, 1, 1]",295.43,271.05,326.34,201.73,489698.5
GMAB,28.87,6,"[1, 1, 0, 0, 0, 0, 1, 1, 1, 1]",27.04,29.06,35.34,21.08,2067099.2
PAA,24.57,8,"[1, 1, 1, 1, 1, 1, 0, 0, 1, 1]",23.03,20.0,,,2096639.35
NBIX,166.8,7,"[0, 1, 1, 1, 0, 1, 1, 1, 1, 0]",167.35,145.91,185.5,123.1,1329399.5
HST,25.13,10,"[1, 1, 1, 1, 1, 1, 1, 1, 1, 1]",23.56,19.32,25.54,14.11,9020626.7
JLL,355.03,9,"[1, 1, 1, 0, 1, 1, 1, 1, 1, 1]",311.64,318.42,361.72,265.35,390939.8
ASND,243.91,8,"[0, 1, 1, 1, 1, 1, 1, 1, 1, 0]",244.62,226.22,277.18,174.48,513846.6
LECO,261.31,8,"[1, 1, 1, 0, 1, 1, 0, 1, 1, 1]",259.13,254.53,297.02,218.56,382965.05
OKTA,141.93,10,"[1, 1, 1, 1, 1, 1, 1, 1, 1, 1]",127.57,93.99,154.62,62.93,2862752.95
HTHT,42.69,6,"[0, 0, 0, 0, 1, 1, 1, 1, 1, 1]",42.97,46.16,54.63,29.07,1492370.25
DTM,138.0,8,"[0, 1, 1, 1, 1, 1, 1, 1, 1, 0]",143.64,129.89,150.74,98.13,760401.95
MOD,201.06,5,"[0, 0, 0, 1, 1, 1, 1, 0, 1, 0]",256.72,205.29,306.89,119.68,1635864.5
RRX,205.23,8,"[0, 1, 1, 1, 1, 1, 1, 1, 1, 0]",211.88,183.14,238.19,127.98,968518.0
BSAC,34.61,10,"[1, 1, 1, 1, 1, 1, 1, 1, 1, 1]",32.62,31.12,35.69,22.03,311251.75
JAZZ,252.86,10,"[1, 1, 1, 1, 1, 1, 1, 1, 1, 1]",239.47,191.36,258.38,105.93,697550.6
ONTO,258.58,7,"[0, 1, 1, 1, 1, 1, 1, 0, 1, 0]",292.92,221.13,378.45,90.0,1181005.7
OHI,50.63,10,"[1, 1, 1, 1, 1, 1, 1, 1, 1, 1]",47.81,44.98,51.72,37.54,1856122.25
SMMT,13.02,1,"[0, 0, 0, 0, 0, 0, 0, 0, 1, 0]",14.77,17.05,29.32,12.55,3649160.2
RMBS,91.03,5,"[0, 0, 0, 1, 1, 1, 1, 0, 1, 0]",124.88,109.11,170.66,69.68,3014730.05
AUR,6.45,8,"[0, 1, 1, 1, 1, 1, 1, 1, 1, 0]",6.47,5.16,8.4,3.77,23311145.85
NIO,4.88,2,"[0, 0, 0, 0, 0, 0, 0, 0, 1, 1]",5.1,5.51,7.89,4.44,22669781.5
HAS,93.94,9,"[1, 1, 1, 0, 1, 1, 1, 1, 1, 1]",84.65,86.51,104.36,69.25,2523102.5
LTM,52.76,5,"[0, 0, 1, 0, 1, 1, 0, 1, 1, 0]",53.32,52.23,68.29,41.47,727041.15
SUN,76.69,10,"[1, 1, 1, 1, 1, 1, 1, 1, 1, 1]",68.87,60.73,76.69,46.14,463999.45
QXO,13.3,2,"[0, 0, 0, 0, 1, 0, 0, 0, 1, 0]",15.8,19.6,27.07,13.3,26123034.1
AEIS,289.52,6,"[0, 0, 1, 1, 1, 1, 1, 0, 1, 0]",319.48,286.67,388.93,135.01,690884.55
ALLY,43.33,7,"[0, 1, 1, 1, 1, 1, 0, 1, 1, 0]",44.33,42.05,47.25,35.72,3160235.45
PL,20.48,5,"[0, 0, 0, 1, 1, 1, 1, 0, 1, 0]",31.16,25.85,51.4,6.18,7976290.25
EVR,320.56,5,"[0, 0, 0, 1, 1, 1, 0, 1, 1, 0]",344.44,330.23,381.16,266.5,509676.4
SKM,31.63,6,"[0, 0, 1, 1, 1, 1, 1, 0, 1, 0]",35.22,29.03,46.0,19.68,2735532.25
TIGO,95.48,10,"[1, 1, 1, 1, 1, 1, 1, 1, 1, 1]",90.4,68.99,98.61,36.51,1348409.85
SANM,185.56,7,"[0, 1, 1, 1, 1, 1, 1, 0, 1, 0]",231.63,176.91,282.72,109.61,867884.95
IESC,744.54,10,"[1, 1, 1, 1, 1, 1, 1, 1, 1, 1]",673.5,520.07,766.54,321.59,229397.25
BBIO,80.09,10,"[1, 1, 1, 1, 1, 1, 1, 1, 1, 1]",74.12,71.38,90.17,44.81,3366978.45
TOL,145.89,7,"[0, 1, 1, 1, 1, 1, 0, 1, 1, 0]",148.04,142.38,165.52,121.01,905434.55
DINO,91.47,10,"[1, 1, 1, 1, 1, 1, 1, 1, 1, 1]",75.88,60.01,92.44,40.83,2971593.5
NYT,74.89,8,"[1, 0, 1, 0, 1, 1, 1, 1, 1, 1]",73.72,72.12,85.59,51.68,1468463.1
DY,401.07,6,"[0, 0, 1, 1, 1, 1, 1, 0, 1, 0]",449.59,384.25,535.2,245.31,460637.65
RBRK,72.36,5,"[0, 1, 1, 1, 0, 0, 1, 0, 1, 0]",75.5,66.53,98.5,43.81,2496829.85
DVA,240.09,10,"[1, 1, 1, 1, 1, 1, 1, 1, 1, 1]",216.86,156.65,240.96,103.87,647834.8
GH,161.99,9,"[1, 1, 1, 1, 1, 1, 1, 1, 1, 0]",142.11,107.31,170.77,41.42,2217462.25
PEN,321.19,8,"[1, 0, 1, 0, 1, 1, 1, 1, 1, 1]",319.1,315.63,359.4,225.54,391442.3
BMNR,17.28,3,"[1, 0, 0, 0, 0, 0, 0, 0, 1, 1]",16.4,25.33,63.2,13.31,35812454.1
SWK,94.58,10,"[1, 1, 1, 1, 1, 1, 1, 1, 1, 1]",85.72,76.85,95.55,60.08,1713146.55
ENLT,84.46,9,"[0, 1, 1, 1, 1, 1, 1, 1, 1, 1]",90.65,66.86,107.42,23.16,185451.45
OKLO,38.83,1,"[0, 0, 0, 0, 0, 0, 0, 0, 1, 0]",53.52,75.7,174.14,36.84,8608263.9
BWA,63.74,9,"[0, 1, 1, 1, 1, 1, 1, 1, 1, 1]",67.76,54.62,77.03,37.03,2122436.5
APA,37.32,10,"[1, 1, 1, 1, 1, 1, 1, 1, 1, 1]",35.25,30.93,43.79,17.45,5197798.9
IONS,51.77,1,"[0, 0, 0, 0, 0, 0, 0, 0, 1, 0]",69.45,75.17,86.5,40.69,4661370.5
HL,14.12,4,"[0, 0, 0, 0, 1, 1, 1, 0, 1, 0]",15.71,18.3,31.8,5.68,40127021.75
HII,326.45,5,"[1, 0, 0, 0, 1, 1, 0, 0, 1, 1]",292.13,345.27,451.78,260.29,531977.7
SOLS,60.17,4,"[0, 0, 0, 1, 1, 0, 1, 0, 1, 0]",74.41,60.17,88.6,41.35,5231368.25
FIVE,217.13,9,"[1, 1, 1, 0, 1, 1, 1, 1, 1, 1]",199.43,197.42,247.71,131.94,1117550.35
U,31.71,7,"[1, 1, 1, 1, 0, 0, 1, 0, 1, 1]",29.09,31.4,49.47,17.13,7252830.3
IVZ,29.6,10,"[1, 1, 1, 1, 1, 1, 1, 1, 1, 1]",28.2,25.88,30.5,19.76,5040162.75
NTNX,59.01,7,"[1, 1, 1, 1, 0, 0, 1, 0, 1, 1]",51.99,49.23,81.12,34.41,3061912.35
MEDP,577.11,9,"[1, 1, 1, 1, 0, 1, 1, 1, 1, 1]",504.31,518.04,620.59,393.42,396095.5
EXEL,53.03,8,"[0, 1, 1, 1, 1, 1, 1, 1, 1, 0]",53.57,45.79,57.1,34.54,2330279.1
ALGN,169.16,6,"[0, 0, 1, 0, 1, 1, 1, 1, 1, 0]",173.75,166.71,197.51,124.88,954719.25
WLK,70.5,2,"[0, 0, 0, 0, 1, 0, 0, 0, 1, 0]",79.84,86.59,122.65,55.28,1026199.75
SAIA,347.63,5,"[0, 0, 0, 1, 1, 1, 1, 0, 1, 0]",439.11,376.22,487.14,250.48,484544.15
MP,41.37,1,"[0, 0, 0, 0, 0, 0, 0, 0, 1, 0]",54.64,59.21,98.65,38.1,5576739.85
VIAV,36.95,6,"[0, 0, 1, 1, 1, 1, 1, 0, 1, 0]",45.5,31.91,55.33,9.76,4759090.7
AAOI,94.32,6,"[0, 0, 1, 1, 1, 1, 1, 0, 1, 0]",143.24,90.03,223.1,19.49,8668594.95
PINS,24.01,7,"[1, 1, 1, 1, 0, 0, 1, 0, 1, 1]",21.6,22.9,39.17,15.42,10315683.4
AIZ,279.19,9,"[1, 1, 1, 1, 1, 1, 1, 1, 1, 0]",265.99,236.07,283.08,183.69,342126.4
WBS,77.22,10,"[1, 1, 1, 1, 1, 1, 1, 1, 1, 1]",74.94,67.75,77.6,53.14,3909766.5
ELAN,26.37,10,"[1, 1, 1, 1, 1, 1, 1, 1, 1, 1]",24.4,23.46,26.84,13.79,4560980.65
GLXY,21.01,2,"[0, 0, 0, 1, 0, 0, 0, 0, 1, 0]",27.29,26.62,42.86,16.84,5977677.65
APLD,27.39,5,"[0, 0, 0, 1, 1, 1, 1, 0, 1, 0]",37.4,32.65,49.65,12.52,20495100.85
MDGL,467.32,5,"[0, 0, 0, 1, 0, 1, 1, 1, 1, 0]",516.35,507.25,602.83,302.17,372127.0
VICR,207.37,6,"[0, 0, 1, 1, 1, 1, 1, 0, 1, 0]",284.48,186.68,379.78,43.85,907217.65
COKE,187.9,9,"[1, 1, 1, 1, 1, 1, 1, 1, 1, 0]",181.87,172.39,216.33,111.2,528768.25
LFUS,442.13,9,"[0, 1, 1, 1, 1, 1, 1, 1, 1, 1]",442.91,347.83,489.1,234.04,450749.75
FORM,106.2,6,"[0, 0, 1, 1, 1, 1, 1, 0, 1, 0]",123.67,93.88,159.93,27.62,1550420.9
AAON,89.06,4,"[0, 0, 0, 1, 1, 1, 0, 0, 1, 0]",121.44,100.52,148.15,71.77,1086226.05
TFII,135.02,8,"[0, 1, 1, 1, 1, 1, 1, 1, 1, 0]",149.33,119.13,162.83,80.09,405668.6
AIT,345.21,10,"[1, 1, 1, 1, 1, 1, 1, 1, 1, 1]",326.34,284.77,349.31,239.8,281549.8
SMTC,117.82,7,"[0, 1, 1, 1, 1, 1, 1, 0, 1, 0]",146.06,99.38,174.73,48.47,2393921.05
WULF,17.66,6,"[0, 0, 1, 1, 1, 1, 1, 0, 1, 0]",23.16,17.55,28.98,4.76,38508521.6
POWL,208.68,6,"[0, 0, 1, 1, 1, 1, 1, 0, 1, 0]",263.97,190.55,321.94,75.68,784411.35
TIMB,19.17,3,"[0, 0, 0, 0, 1, 1, 0, 0, 1, 0]",21.56,23.03,27.75,18.43,555599.65
AXSM,217.99,8,"[0, 1, 1, 1, 1, 1, 1, 1, 1, 0]",238.59,185.21,255.17,103.02,717215.1
WMS,138.48,4,"[0, 0, 0, 0, 1, 1, 0, 1, 1, 0]",142.29,147.32,174.94,112.49,590157.8
HMY,15.75,1,"[0, 0, 0, 0, 0, 0, 0, 0, 1, 0]",15.99,17.77,25.55,12.37,2900044.6
HUT,107.63,9,"[0, 1, 1, 1, 1, 1, 1, 1, 1, 1]",111.46,70.04,133.02,19.45,4295860.75
IAG,14.19,4,"[0, 0, 0, 0, 1, 1, 1, 0, 1, 0]",15.86,17.02,24.57,6.86,4817062.45
CGNX,65.24,9,"[1, 1, 1, 1, 1, 1, 1, 1, 1, 0]",64.66,50.93,72.42,34.7,1887831.95
KTOS,46.6,1,"[0, 0, 0, 0, 0, 0, 0, 0, 1, 0]",52.79,75.15,130.72,43.88,3470976.5
JEF,54.6,7,"[0, 1, 1, 1, 0, 0, 1, 1, 1, 1]",55.23,53.01,68.8,35.74,1768974.65
AG,15.03,4,"[0, 0, 0, 0, 1, 1, 1, 0, 1, 0]",17.53,18.82,31.98,7.82,10644944.3
EMBJ,68.33,8,"[1, 1, 1, 0, 1, 1, 0, 1, 1, 1]",61.73,64.4,79.6,53.63,991079.15
ESI,36.73,7,"[0, 1, 1, 1, 1, 1, 1, 0, 1, 0]",41.43,33.75,49.09,22.82,7500034.45
JOBY,7.15,1,"[0, 0, 0, 0, 0, 0, 0, 0, 1, 0]",9.04,11.39,20.39,6.65,48632746.55
MUSA,607.76,10,"[1, 1, 1, 1, 1, 1, 1, 1, 1, 1]",571.77,469.89,622.78,355.19,258730.25
BTSG,59.71,8,"[0, 1, 1, 1, 1, 1, 1, 1, 1, 0]",66.0,46.64,72.91,19.36,4639387.25
GSAT,83.38,10,"[1, 1, 1, 1, 1, 1, 1, 1, 1, 1]",80.86,68.07,84.43,23.15,1029018.55
GMED,78.79,5,"[0, 0, 0, 0, 1, 1, 1, 1, 1, 0]",79.72,83.94,96.82,52.64,1608638.1
BEP,32.86,8,"[0, 1, 1, 1, 1, 1, 1, 1, 1, 0]",34.31,31.01,37.09,23.77,1067263.6
KNX,69.53,8,"[0, 1, 1, 1, 1, 1, 1, 1, 1, 0]",75.43,59.99,82.45,38.58,4284230.05
ALSN,114.54,6,"[0, 0, 1, 0, 1, 1, 1, 1, 1, 0]",116.19,109.0,135.66,78.62,847011.25
SNAP,4.69,1,"[0, 0, 0, 0, 0, 0, 0, 0, 1, 0]",5.0,6.16,9.47,3.93,31758048.6
ARWR,84.65,10,"[1, 1, 1, 1, 1, 1, 1, 1, 1, 1]",78.77,65.19,88.7,15.93,2351827.15
WTFC,159.54,9,"[1, 1, 1, 1, 1, 1, 1, 1, 1, 0]",157.24,144.64,166.9,118.91,700787.0
AES,14.68,8,"[0, 1, 1, 1, 1, 1, 0, 1, 1, 1]",14.71,14.33,17.07,12.06,7867248.7
SPXC,219.62,7,"[0, 1, 1, 1, 1, 1, 0, 1, 1, 0]",223.3,214.03,246.41,180.71,624167.45
VFS,3.11,3,"[0, 0, 0, 0, 1, 0, 0, 0, 1, 1]",3.17,3.42,4.76,2.81,414441.9
AHR,55.6,10,"[1, 1, 1, 1, 1, 1, 1, 1, 1, 1]",51.52,49.05,57.72,38.07,2448082.6
DAR,60.64,10,"[1, 1, 1, 1, 1, 1, 1, 1, 1, 1]",58.64,49.64,64.84,29.74,2144079.6
FCFS,204.01,8,"[0, 1, 1, 1, 1, 1, 1, 1, 1, 0]",217.43,188.82,232.57,129.8,462567.7
UMBF,145.73,10,"[1, 1, 1, 1, 1, 1, 1, 1, 1, 1]",138.29,122.73,148.27,102.87,666679.4
ARW,216.57,10,"[1, 1, 1, 1, 1, 1, 1, 1, 1, 1]",215.48,157.47,234.83,101.87,512214.0
MOG-A,389.85,8,"[0, 1, 1, 1, 1, 1, 1, 1, 1, 0]",391.55,304.25,425.85,187.08,300249.85
HBM,22.75,7,"[0, 0, 1, 1, 1, 1, 1, 0, 1, 1]",24.64,22.06,31.86,9.05,5008153.9
MGM,44.57,8,"[0, 1, 1, 1, 1, 1, 1, 1, 1, 0]",46.06,38.21,50.69,30.72,2371654.7
VMI,481.7,8,"[0, 1, 1, 1, 1, 1, 1, 1, 1, 0]",532.81,457.46,582.78,356.12,229707.85
ABVX,124.92,8,"[1, 1, 1, 0, 1, 1, 1, 1, 1, 0]",118.54,116.83,145.31,68.96,1078351.9
CTRE,41.94,10,"[1, 1, 1, 1, 1, 1, 1, 1, 1, 1]",40.02,37.78,43.4,30.76,2126244.6
MOH,195.62,8,"[0, 1, 1, 1, 1, 1, 1, 1, 1, 0]",206.45,172.67,242.88,122.65,1624262.4
BPOP,175.21,10,"[1, 1, 1, 1, 1, 1, 1, 1, 1, 1]",162.79,137.67,175.21,107.38,513730.15
SNEX,76.57,8,"[0, 1, 1, 1, 1, 1, 1, 1, 1, 0]",79.36,58.5,92.67,36.42,1081994.55
CYTK,77.13,8,"[0, 1, 1, 1, 1, 1, 1, 1, 1, 0]",78.58,67.93,87.26,33.23,1720460.05
VSAT,76.93,9,"[1, 1, 1, 1, 1, 1, 1, 1, 1, 0]",72.23,52.23,89.81,16.58,2071085.9
ICLR,163.57,7,"[1, 1, 1, 1, 0, 0, 1, 1, 1, 0]",154.96,148.25,202.92,80.08,809454.35
AGX,570.43,7,"[0, 1, 1, 1, 1, 1, 1, 0, 1, 0]",654.77,486.52,797.9,202.87,343414.05
CAMT,132.46,5,"[0, 0, 0, 1, 1, 1, 1, 0, 1, 0]",160.95,147.89,207.46,76.73,504729.25
SBSW,8.84,2,"[0, 0, 0, 0, 1, 0, 0, 0, 1, 0]",9.55,12.44,20.52,7.06,4698862.25
ELPC,11.73,10,"[1, 1, 1, 1, 1, 1, 1, 1, 1, 1]",11.6,10.86,13.39,7.82,402810.1
TTC,91.87,6,"[0, 0, 1, 0, 1, 1, 1, 1, 1, 0]",92.55,87.55,100.89,67.07,551275.25
R,256.42,8,"[0, 1, 1, 1, 1, 1, 1, 1, 1, 0]",263.64,214.78,280.34,158.04,360093.5
CAVA,65.23,4,"[0, 0, 0, 0, 1, 1, 1, 0, 1, 0]",75.05,70.73,97.39,43.59,3415787.25
PRAX,307.83,7,"[1, 0, 1, 0, 1, 1, 1, 1, 1, 0]",307.46,284.43,357.13,37.71,353092.8
ZION,69.7,10,"[1, 1, 1, 1, 1, 1, 1, 1, 1, 1]",67.27,59.62,73.31,45.85,1758570.75
SIRI,29.62,9,"[1, 1, 1, 1, 1, 1, 1, 1, 1, 0]",29.31,23.84,32.59,19.47,3918890.5
RIOT,20.17,7,"[0, 1, 1, 1, 1, 1, 1, 0, 1, 0]",24.33,18.53,28.69,11.03,17617013.85
FLS,75.99,8,"[1, 0, 1, 0, 1, 1, 1, 1, 1, 1]",73.26,73.39,91.49,48.65,2012141.15
ALGM,41.5,6,"[0, 0, 1, 1, 1, 1, 1, 0, 1, 0]",51.31,38.05,69.62,22.8,2747693.7
GDS,32.74,3,"[0, 0, 0, 0, 1, 0, 0, 0, 1, 1]",32.78,37.9,47.52,29.02,1741479.9
KRYS,341.12,9,"[1, 1, 1, 1, 1, 1, 1, 1, 1, 0]",337.36,271.96,378.15,134.94,594209.5
EGO,30.19,4,"[0, 0, 0, 0, 1, 1, 1, 0, 1, 0]",31.3,34.11,49.52,20.92,2144623.55
GGB,4.96,10,"[1, 1, 1, 1, 1, 1, 1, 1, 1, 1]",4.55,4.03,4.96,2.8,15466198.55
MXL,66.82,7,"[0, 1, 1, 1, 1, 1, 1, 0, 1, 0]",87.2,40.91,128.03,13.05,4125224.1
IBRX,7.17,7,"[0, 1, 1, 1, 1, 1, 1, 0, 1, 0]",7.68,5.92,11.55,1.98,9522875.15
AAL,15.27,8,"[0, 1, 1, 1, 1, 1, 1, 1, 1, 0]",15.43,13.73,18.15,10.18,120698211.4
DDS,588.34,5,"[1, 0, 0, 0, 0, 0, 1, 1, 1, 1]",567.39,598.14,699.51,443.23,124169.9
FRO,39.37,10,"[1, 1, 1, 1, 1, 1, 1, 1, 1, 1]",36.99,29.89,42.88,17.16,2028086.55
CRUS,129.35,5,"[0, 0, 0, 1, 1, 1, 1, 0, 1, 0]",153.68,140.99,178.9,97.25,654656.25
BVN,30.28,5,"[0, 0, 0, 0, 1, 1, 1, 0, 1, 1]",31.73,31.16,42.44,16.56,799414.05
W,84.9,5,"[1, 1, 0, 0, 0, 1, 1, 0, 1, 0]",82.94,87.33,119.05,57.4,2958726.4
LUMN,6.38,4,"[0, 0, 0, 1, 0, 1, 1, 0, 1, 0]",7.91,8.07,11.83,3.7,10441941.0
LLYVK,98.6,7,"[0, 1, 1, 1, 1, 1, 0, 1, 1, 0]",100.74,92.43,108.0,77.33,323241.7
LLYVA,94.72,7,"[0, 1, 1, 1, 1, 1, 0, 1, 1, 0]",97.35,89.79,104.11,74.85,162538.0
LEVI,24.52,10,"[1, 1, 1, 1, 1, 1, 1, 1, 1, 1]",23.71,21.48,25.53,17.69,3179567.85
COLB,31.27,9,"[1, 1, 1, 1, 1, 1, 1, 1, 1, 0]",31.06,28.56,33.61,22.1,3011602.85
OSK,142.41,6,"[1, 0, 1, 0, 1, 1, 0, 1, 1, 0]",140.21,141.82,177.15,117.67,899452.75
MTCH,39.41,10,"[1, 1, 1, 1, 1, 1, 1, 1, 1, 1]",36.91,33.45,40.29,28.57,2640162.45
FR,65.84,10,"[1, 1, 1, 1, 1, 1, 1, 1, 1, 1]",63.58,59.29,68.86,46.03,1303652.1
CRL,232.51,10,"[1, 1, 1, 1, 1, 1, 1, 1, 1, 1]",204.52,187.21,240.43,145.57,820721.75
FROG,79.79,8,"[0, 1, 1, 1, 1, 1, 1, 1, 1, 0]",83.4,60.75,98.1,34.75,2194136.65
ZWS,50.51,9,"[1, 1, 1, 1, 1, 1, 0, 1, 1, 1]",48.43,47.82,52.67,43.59,1040098.8
SIMO,253.6,8,"[0, 1, 1, 1, 1, 1, 1, 1, 1, 0]",286.85,164.49,336.9,72.81,950564.75
ENS,186.05,7,"[0, 0, 1, 1, 1, 1, 1, 1, 1, 0]",215.12,177.99,243.06,88.58,434657.7
PRMB,22.7,8,"[0, 1, 1, 1, 1, 1, 1, 1, 1, 0]",23.94,20.18,26.48,14.21,2357613.8
EMN,69.95,6,"[0, 0, 1, 0, 1, 1, 0, 1, 1, 1]",70.49,67.88,79.49,54.37,1274782.3
CIFR,22.32,9,"[0, 1, 1, 1, 1, 1, 1, 1, 1, 1]",23.18,18.64,29.18,4.72,27001724.4
QBTS,18.08,3,"[0, 0, 0, 1, 0, 0, 1, 0, 1, 0]",22.51,23.14,44.78,12.98,18534058.2
ECG,125.43,7,"[0, 1, 1, 1, 1, 1, 1, 0, 1, 0]",144.14,116.5,169.16,70.17,559288.5
FIGR,24.91,1,"[0, 0, 0, 0, 0, 0, 0, 0, 1, 0]",30.2,37.65,73.91,24.91,2739654.1
ICL,5.06,3,"[0, 0, 0, 1, 0, 0, 0, 0, 1, 1]",5.45,5.46,6.76,4.72,1123608.9
TKR,137.55,9,"[1, 1, 1, 1, 1, 1, 1, 1, 1, 0]",136.07,104.53,145.32,70.03,772909.9
SSL,11.7,10,"[1, 1, 1, 1, 1, 1, 1, 1, 1, 1]",11.61,9.53,14.29,4.8,1215086.5
KRMN,48.15,2,"[0, 0, 0, 0, 1, 0, 0, 0, 1, 0]",51.12,74.64,115.29,44.84,3725932.0
BOKF,141.29,10,"[1, 1, 1, 1, 1, 1, 1, 1, 1, 1]",135.52,125.65,143.11,96.54,278760.6
NXE,9.15,4,"[0, 0, 0, 0, 1, 1, 1, 0, 1, 0]",9.95,10.61,13.92,6.46,4794108.55
NE,42.4,8,"[0, 0, 1, 1, 1, 1, 1, 1, 1, 1]",43.07,39.32,53.79,24.34,1705622.05
AMG,366.73,10,"[1, 1, 1, 1, 1, 1, 1, 1, 1, 1]",343.78,299.61,379.59,207.03,261522.4
IDA,142.91,7,"[0, 1, 1, 1, 1, 1, 0, 1, 1, 0]",145.38,137.48,154.55,121.12,482637.85
VIRT,58.73,9,"[1, 1, 1, 1, 1, 1, 1, 1, 1, 0]",57.78,44.01,66.82,31.82,1161476.1
MSGS,393.68,9,"[1, 1, 1, 1, 1, 1, 1, 1, 1, 0]",384.04,306.68,405.05,192.65,166476.25
ROAD,103.35,2,"[0, 0, 0, 0, 1, 0, 0, 0, 1, 0]",110.27,115.09,140.48,93.43,1314952.35
CMC,68.72,7,"[0, 0, 1, 0, 1, 1, 1, 1, 1, 1]",69.95,68.05,82.67,49.69,1115807.15
JXN,122.28,10,"[1, 1, 1, 1, 1, 1, 1, 1, 1, 1]",111.49,106.67,125.7,81.3,615478.1
ESE,315.29,8,"[0, 1, 1, 1, 1, 1, 1, 1, 1, 0]",320.21,267.59,354.82,184.98,182760.95
GKOS,166.72,10,"[1, 1, 1, 1, 1, 1, 1, 1, 1, 1]",138.19,117.22,168.52,74.67,862759.7
CWEN,31.73,4,"[0, 0, 0, 0, 1, 1, 0, 1, 1, 0]",35.93,35.7,41.26,26.9,1099307.5
CIG,2.19,8,"[1, 1, 1, 0, 1, 1, 0, 1, 1, 1]",2.1,2.1,2.62,1.71,5575644.8
MBLY,7.94,2,"[0, 0, 0, 1, 0, 0, 0, 0, 1, 0]",9.22,9.84,15.54,6.56,8583138.4
KNTK,50.57,10,"[1, 1, 1, 1, 1, 1, 1, 1, 1, 1]",47.67,41.69,50.9,30.05,834113.75
CHRD,140.38,10,"[1, 1, 1, 1, 1, 1, 1, 1, 1, 1]",129.3,113.12,148.35,82.2,774185.0
MIDD,133.58,9,"[1, 1, 1, 1, 1, 1, 1, 1, 1, 0]",131.32,118.53,144.17,89.85,584164.65
PCVX,54.08,7,"[1, 0, 1, 0, 1, 1, 1, 1, 1, 0]",52.94,52.06,63.04,29.67,1029272.3
KEX,131.14,8,"[0, 0, 1, 1, 1, 1, 1, 1, 1, 1]",141.13,127.3,152.59,79.95,637982.3
HALO,82.54,10,"[1, 1, 1, 1, 1, 1, 1, 1, 1, 1]",74.31,69.86,83.45,59.02,1780662.2
YOU,55.24,10,"[1, 1, 1, 1, 1, 1, 1, 1, 1, 1]",54.9,44.38,62.18,28.34,1146181.55
ORA,97.58,4,"[0, 0, 0, 1, 1, 1, 0, 0, 1, 0]",120.45,115.56,145.1,84.82,813464.5
VLY,14.29,9,"[1, 1, 1, 1, 1, 1, 1, 1, 1, 0]",14.25,12.53,15.19,8.85,6819013.3
VFC,14.32,3,"[0, 0, 0, 0, 1, 1, 0, 0, 1, 0]",16.77,17.51,21.44,11.41,7930207.85
WFRD,87.79,6,"[0, 0, 0, 0, 1, 1, 1, 1, 1, 1]",91.66,89.36,111.42,53.31,1528636.2
CORZ,20.72,7,"[0, 1, 1, 1, 1, 1, 1, 0, 1, 0]",25.02,19.71,29.16,12.65,12262855.0
TEX,62.84,8,"[0, 1, 1, 1, 1, 1, 1, 1, 1, 0]",64.84,59.13,74.58,41.55,1417663.0
SOBO,37.1,10,"[1, 1, 1, 1, 1, 1, 1, 1, 1, 1]",36.6,31.04,38.67,24.54,741494.05
FAF,74.99,10,"[1, 1, 1, 1, 1, 1, 1, 1, 1, 1]",69.09,64.64,79.16,56.38,791840.7
IDCC,304.83,4,"[1, 0, 0, 0, 0, 0, 0, 1, 1, 1]",269.23,321.57,393.78,250.11,274441.7
OR,29.76,2,"[0, 0, 0, 0, 1, 0, 0, 0, 1, 0]",32.22,36.55,47.56,27.84,1002491.2
HXL,102.95,10,"[1, 1, 1, 1, 1, 1, 1, 1, 1, 1]",97.62,84.71,110.28,59.0,1185695.3
OGC,24.13,4,"[0, 0, 0, 0, 1, 1, 1, 0, 1, 0]",25.83,29.45,42.39,13.58,390974.05
SLAB,217.5,8,"[0, 1, 1, 1, 1, 1, 1, 1, 1, 0]",218.18,183.06,220.34,116.08,297721.45
RIG,5.32,6,"[0, 0, 1, 0, 1, 1, 1, 0, 1, 1]",5.58,5.32,7.58,2.8,42280729.65
PLXS,251.34,8,"[0, 1, 1, 1, 1, 1, 1, 1, 1, 0]",272.15,207.75,303.82,125.16,324547.55
GGAL,49.77,8,"[0, 1, 1, 1, 1, 1, 1, 1, 1, 0]",50.39,47.66,58.75,25.39,986615.55
SSRM,25.62,5,"[0, 0, 0, 1, 1, 1, 1, 0, 1, 0]",28.36,26.62,35.74,12.07,2923160.55
LTH,45.1,10,"[1, 1, 1, 1, 1, 1, 1, 1, 1, 1]",38.23,30.09,45.7,24.59,2608536.15
KYMR,103.4,9,"[1, 1, 1, 1, 1, 1, 1, 1, 1, 0]",98.06,82.17,119.35,37.68,592861.25
SM,32.52,10,"[1, 1, 1, 1, 1, 1, 1, 1, 1, 1]",30.18,24.68,34.57,17.3,3450213.95
LEA,130.64,8,"[0, 1, 1, 1, 1, 1, 1, 1, 1, 0]",139.97,123.49,148.68,90.56,597091.85
HR,21.01,10,"[1, 1, 1, 1, 1, 1, 1, 1, 1, 1]",20.56,18.3,21.87,15.69,3823191.8
RHP,133.65,10,"[1, 1, 1, 1, 1, 1, 1, 1, 1, 1]",123.57,101.55,135.99,82.97,488605.55
NOV,19.43,9,"[0, 1, 1, 1, 1, 1, 1, 1, 1, 1]",19.67,18.0,21.36,11.6,3556009.15
DBX,32.56,8,"[1, 1, 1, 1, 0, 0, 1, 1, 1, 1]",28.31,27.02,33.33,22.06,3650245.25
TFPM,28.77,2,"[0, 0, 0, 0, 1, 0, 0, 0, 1, 0]",29.33,32.75,41.23,22.97,478141.15
AUGO,54.57,4,"[0, 0, 0, 0, 1, 1, 1, 0, 1, 0]",61.96,62.28,108.01,23.6,858371.05
MTDR,49.89,6,"[0, 0, 1, 0, 1, 1, 1, 1, 1, 0]",52.32,49.56,65.01,36.31,1922821.65
MYRG,333.22,6,"[0, 0, 1, 1, 1, 1, 1, 0, 1, 0]",430.5,310.87,501.13,173.81,298671.5
AVT,88.84,10,"[1, 1, 1, 1, 1, 1, 1, 1, 1, 1]",87.43,66.0,92.93,43.64,987362.15
LGN,63.93,6,"[0, 0, 1, 1, 1, 1, 1, 0, 1, 0]",77.9,59.53,102.27,29.72,1551566.85
BRKR,62.84,10,"[1, 1, 1, 1, 1, 1, 1, 1, 1, 1]",57.54,45.7,64.34,29.21,1891258.85
SGHC,14.0,9,"[1, 1, 1, 1, 1, 1, 1, 1, 1, 0]",13.92,11.84,15.59,8.45,2479588.85
STEP,43.86,2,"[0, 0, 0, 0, 0, 0, 0, 0, 1, 1]",44.35,53.89,74.4,39.54,1141685.4
UGP,6.5,10,"[1, 1, 1, 1, 1, 1, 1, 1, 1, 1]",5.48,4.93,6.56,3.01,4732622.75
VAL,79.19,6,"[0, 0, 1, 0, 1, 1, 1, 0, 1, 1]",82.93,75.95,113.42,44.25,904619.3
BLSH,21.79,1,"[0, 0, 0, 0, 0, 0, 0, 0, 1, 0]",26.51,36.79,74.63,21.79,1409649.35
TGTX,52.03,9,"[1, 1, 1, 1, 1, 1, 1, 1, 1, 0]",49.92,36.68,59.06,26.39,2056786.15
MIRM,105.95,8,"[0, 1, 1, 1, 1, 1, 1, 1, 1, 0]",109.37,92.51,128.57,51.84,607323.05
ST,46.29,9,"[0, 1, 1, 1, 1, 1, 1, 1, 1, 1]",47.85,38.54,53.55,28.36,1793401.85
NPO,313.92,8,"[0, 1, 1, 1, 1, 1, 1, 1, 1, 0]",333.49,268.95,387.65,201.81,233829.0
PAYC,163.96,7,"[1, 1, 1, 1, 0, 0, 1, 0, 1, 1]",139.15,144.44,231.71,113.28,768418.5
SYRE,98.33,10,"[1, 1, 1, 1, 1, 1, 1, 1, 1, 1]",87.66,52.38,102.7,14.82,1112216.1
SWX,89.4,7,"[0, 1, 1, 1, 1, 1, 0, 1, 1, 0]",89.63,85.14,93.37,74.73,447188.65
COMP,11.39,9,"[1, 1, 1, 1, 1, 1, 1, 1, 1, 0]",10.28,9.67,13.58,6.68,12183502.55
AROC,35.76,8,"[0, 1, 1, 1, 1, 1, 1, 1, 1, 0]",36.95,31.87,41.95,21.54,1550345.7
AXTI,60.43,8,"[0, 1, 1, 1, 1, 1, 1, 0, 1, 1]",77.52,46.75,140.83,1.92,9588766.95
RSI,26.91,8,"[0, 1, 1, 1, 1, 1, 1, 1, 1, 0]",29.75,22.58,34.52,15.89,2619376.85
RYTM,99.25,7,"[0, 1, 1, 1, 0, 1, 1, 1, 1, 0]",99.97,99.03,117.62,75.82,609228.2
HIMS,27.77,4,"[0, 1, 0, 1, 0, 0, 1, 0, 1, 0]",30.72,30.34,63.35,14.52,14613996.0
PTGX,136.64,10,"[1, 1, 1, 1, 1, 1, 1, 1, 1, 1]",119.55,97.31,140.91,50.96,699668.25
ACA,145.2,10,"[1, 1, 1, 1, 1, 1, 1, 1, 1, 1]",136.93,117.24,145.33,83.51,731918.45
FNB,18.9,9,"[1, 1, 1, 1, 1, 1, 1, 1, 1, 0]",18.46,17.21,19.49,14.33,6587837.6
FLY,20.33,3,"[0, 0, 0, 1, 1, 0, 0, 0, 1, 0]",30.64,27.58,60.35,16.78,3380757.15
CELC,86.38,4,"[0, 0, 0, 0, 1, 1, 1, 0, 1, 0]",100.54,103.72,144.98,39.91,1825231.55
ENIC,4.44,10,"[1, 1, 1, 1, 1, 1, 1, 1, 1, 1]",4.38,4.07,4.66,3.07,532896.3
INGM,28.21,9,"[0, 1, 1, 1, 1, 1, 1, 1, 1, 1]",28.55,24.36,31.64,18.49,981610.5
LUNR,12.34,5,"[0, 0, 0, 1, 1, 1, 1, 0, 1, 0]",23.07,19.14,45.7,8.05,9036664.6
RGTI,14.95,2,"[0, 0, 0, 1, 0, 0, 0, 0, 1, 0]",19.15,21.97,56.34,12.9,21458582.8
CLF,11.52,7,"[1, 1, 1, 1, 0, 0, 1, 0, 1, 1]",11.38,11.47,16.18,7.82,26664670.3
CE,44.72,3,"[0, 0, 0, 0, 1, 1, 0, 0, 1, 0]",49.17,50.03,69.19,35.47,1738812.55
APGE,134.09,10,"[1, 1, 1, 1, 1, 1, 1, 1, 1, 1]",112.77,82.93,134.3,34.65,1188617.35
LSTR,174.77,7,"[0, 0, 1, 1, 1, 1, 1, 1, 1, 0]",206.73,164.33,225.37,118.1,526130.5
GVA,120.97,6,"[0, 0, 0, 1, 1, 1, 1, 1, 1, 0]",136.0,123.64,160.26,91.89,1015447.05
VIST,70.45,10,"[1, 1, 1, 1, 1, 1, 1, 1, 1, 1]",68.61,59.64,79.25,33.7,989667.35
KGS,58.71,8,"[0, 1, 1, 1, 1, 1, 1, 1, 1, 0]",67.56,52.33,76.27,29.94,1747462.7
URBN,74.18,9,"[1, 1, 1, 1, 1, 1, 0, 1, 1, 1]",72.73,70.37,82.7,59.57,1052317.8
PTCT,68.01,5,"[0, 0, 0, 1, 0, 1, 1, 1, 1, 0]",77.14,73.11,89.55,43.3,1496729.65
ETSY,81.68,10,"[1, 1, 1, 1, 1, 1, 1, 1, 1, 1]",74.88,61.9,86.47,44.05,2409025.55
LNTH,99.64,8,"[0, 1, 1, 1, 1, 1, 1, 1, 1, 0]",103.53,78.54,110.94,50.11,926559.7
VNO,39.39,7,"[1, 1, 1, 1, 0, 0, 1, 1, 1, 0]",37.61,33.1,42.04,24.71,1695314.0
REZI,34.3,5,"[1, 0, 0, 0, 0, 0, 1, 1, 1, 1]",32.28,35.27,44.5,25.42,1769181.0
OUT,31.87,8,"[0, 1, 1, 1, 1, 1, 1, 1, 1, 0]",32.16,26.67,33.81,15.95,1351281.25
FLG,14.22,8,"[0, 1, 1, 1, 1, 1, 1, 1, 1, 0]",14.52,13.28,15.36,10.7,4513878.85
EAT,213.7,10,"[1, 1, 1, 1, 1, 1, 1, 1, 1, 1]",167.62,149.26,213.7,102.29,1055548.25
GXO,50.16,3,"[0, 0, 0, 0, 1, 0, 0, 1, 1, 0]",50.5,53.65,65.59,45.52,1314230.65
COGT,38.93,9,"[1, 1, 1, 0, 1, 1, 1, 1, 1, 1]",36.5,34.74,42.11,10.86,2083945.0
IBP,222.94,3,"[1, 0, 0, 0, 1, 0, 0, 0, 1, 0]",218.07,261.71,340.78,195.28,388108.55
VSNT,35.99,5,"[0, 0, 0, 1, 1, 0, 1, 1, 1, 0]",38.06,35.99,46.48,26.86,1638150.75
ABCB,87.21,8,"[0, 1, 1, 1, 1, 1, 1, 1, 1, 0]",87.85,80.61,93.17,65.24,485135.85
TFX,136.71,10,"[1, 1, 1, 1, 1, 1, 1, 1, 1, 1]",131.05,120.7,138.45,99.79,423531.25
IMVT,38.62,9,"[1, 1, 1, 1, 1, 1, 1, 1, 1, 0]",36.56,28.06,41.09,14.69,987450.6
CGON,71.19,10,"[1, 1, 1, 1, 1, 1, 1, 1, 1, 1]",66.02,56.79,75.24,23.94,939608.9
USAR,14.95,3,"[0, 0, 0, 1, 1, 0, 0, 0, 1, 0]",20.75,19.65,38.68,11.9,10216462.7
ALKS,48.99,9,"[1, 1, 1, 1, 1, 1, 1, 1, 1, 0]",47.73,35.5,55.22,26.52,1801565.5
CENX,44.77,5,"[0, 0, 0, 0, 1, 1, 1, 0, 1, 1]",52.04,47.47,68.77,20.41,1739215.5
MSM,123.4,10,"[1, 1, 1, 1, 1, 1, 1, 1, 1, 1]",117.83,96.03,127.28,78.9,719182.2
SRRK,47.29,7,"[0, 0, 1, 1, 1, 1, 1, 1, 1, 0]",49.99,44.68,57.94,27.92,1063617.0
BLCO,16.91,7,"[1, 1, 1, 0, 1, 1, 0, 1, 1, 0]",15.93,16.34,18.6,13.5,441064.05
PIPR,75.8,3,"[0, 0, 0, 0, 0, 0, 0, 1, 1, 1]",76.83,80.67,92.51,69.79,609720.8
BKH,71.21,6,"[0, 0, 1, 1, 1, 1, 0, 1, 1, 0]",73.54,70.94,76.1,55.57,705875.55
KMX,57.26,10,"[1, 1, 1, 1, 1, 1, 1, 1, 1, 1]",51.21,43.73,62.17,30.88,2796603.6
MAC,25.84,10,"[1, 1, 1, 1, 1, 1, 1, 1, 1, 1]",24.46,20.18,26.51,15.6,2186197.15
CZR,29.75,9,"[1, 1, 1, 1, 1, 1, 1, 1, 1, 0]",29.55,25.37,30.41,18.14,3621999.15
PRIM,84.41,2,"[0, 0, 0, 0, 1, 0, 0, 0, 1, 0]",99.41,130.4,202.75,74.76,1347094.35
GLNG,49.15,9,"[0, 1, 1, 1, 1, 1, 1, 1, 1, 1]",50.31,45.49,57.07,34.97,1252644.15
OSCR,31.22,9,"[1, 1, 1, 1, 1, 1, 1, 1, 1, 0]",27.95,18.93,32.18,10.85,4344190.25
S,19.06,9,"[1, 1, 1, 1, 0, 1, 1, 1, 1, 1]",17.25,15.49,19.92,11.94,7194501.65
CORT,114.49,9,"[1, 1, 1, 1, 0, 1, 1, 1, 1, 1]",83.74,61.8,118.32,32.15,1392945.4
RUSHA,79.79,10,"[1, 1, 1, 1, 1, 1, 1, 1, 1, 1]",72.49,64.45,81.62,46.26,492293.4
HWC,77.0,10,"[1, 1, 1, 1, 1, 1, 1, 1, 1, 1]",72.71,65.97,79.16,53.34,969855.25
CACC,568.91,8,"[0, 1, 1, 1, 1, 1, 1, 1, 1, 0]",588.74,503.3,657.2,411.04,137930.15
ZGN,14.71,10,"[1, 1, 1, 1, 1, 1, 1, 1, 1, 1]",13.9,11.4,14.97,7.63,1229980.25
MATX,202.59,9,"[1, 1, 1, 1, 1, 1, 1, 1, 1, 0]",198.66,156.62,223.55,87.4,302855.7
MCY,107.12,9,"[1, 1, 1, 1, 1, 1, 1, 1, 1, 0]",104.36,93.21,111.12,67.07,272115.15
ALM,11.06,5,"[0, 0, 0, 1, 1, 1, 1, 0, 1, 0]",16.36,13.86,23.42,3.76,6541669.3
BGC,11.52,10,"[1, 1, 1, 1, 1, 1, 1, 1, 1, 1]",11.24,9.98,12.65,8.26,2414709.1
AUB,42.43,10,"[1, 1, 1, 1, 1, 1, 1, 1, 1, 1]",40.41,36.92,43.25,30.03,1133555.05
GTX,31.15,8,"[0, 1, 1, 1, 1, 1, 1, 1, 1, 0]",32.6,22.21,36.23,12.27,2235722.45
MRCY,97.1,8,"[0, 1, 1, 1, 1, 1, 1, 1, 1, 0]",107.49,87.77,126.21,52.17,600457.45
VSEC,194.39,7,"[0, 0, 1, 1, 1, 1, 1, 1, 1, 0]",198.6,191.54,237.9,145.97,427150.9
TEO,14.0,10,"[1, 1, 1, 1, 1, 1, 1, 1, 1, 1]",13.51,12.04,15.98,6.52,222474.6
LBRT,18.71,4,"[0, 0, 0, 0, 1, 1, 1, 0, 1, 0]",25.97,24.17,33.83,9.91,5430601.65
XENE,62.67,10,"[1, 1, 1, 1, 1, 1, 1, 1, 1, 1]",59.2,50.14,70.96,30.5,1218139.7
SNDR,35.74,8,"[0, 1, 1, 1, 1, 1, 1, 1, 1, 0]",36.36,29.02,38.66,20.04,1005004.65
KLIC,89.2,7,"[0, 1, 1, 1, 1, 1, 1, 0, 1, 0]",108.96,72.72,133.81,31.65,988227.35
SEI,51.41,5,"[0, 0, 0, 1, 1, 1, 1, 0, 1, 0]",68.95,58.67,82.88,24.67,3811937.05
GOLF,101.27,8,"[0, 1, 1, 1, 1, 1, 1, 1, 1, 0]",103.13,92.76,118.53,73.29,270526.6
BEPC,33.35,2,"[0, 0, 0, 0, 0, 0, 0, 1, 1, 0]",36.33,38.85,43.52,31.72,1754041.35
VCTR,99.03,10,"[1, 1, 1, 1, 1, 1, 1, 1, 1, 1]",89.77,73.44,100.58,59.52,444266.2
BC,79.0,7,"[0, 0, 1, 1, 1, 1, 1, 1, 1, 0]",81.13,76.5,88.28,55.31,713018.9
MUR,39.74,10,"[1, 1, 1, 1, 1, 1, 1, 1, 1, 1]",36.41,34.05,42.37,21.48,1462280.95
MGY,25.71,5,"[0, 0, 0, 0, 1, 1, 0, 1, 1, 1]",26.67,25.87,32.17,20.99,6582586.25
CRSP,47.99,1,"[0, 0, 0, 0, 0, 0, 0, 0, 1, 0]",52.21,54.04,76.78,44.34,1671738.25
PACS,46.01,10,"[1, 1, 1, 1, 1, 1, 1, 1, 1, 1]",40.83,33.75,47.08,7.71,853029.6
HASI,37.87,8,"[0, 1, 1, 1, 1, 1, 1, 1, 1, 0]",38.55,35.47,42.83,23.22,792272.8
ATAT,34.33,4,"[1, 0, 0, 0, 0, 0, 0, 1, 1, 1]",32.97,36.55,42.21,31.03,836138.8
CRC,52.62,4,"[0, 0, 0, 0, 1, 0, 0, 1, 1, 1]",55.33,54.4,69.66,42.98,716147.65
LEGN,18.55,2,"[0, 0, 0, 1, 0, 0, 0, 0, 1, 0]",27.95,24.54,38.8,16.65,2636505.6
PRM,30.61,8,"[0, 1, 1, 1, 1, 1, 1, 1, 1, 0]",33.8,28.31,37.78,15.64,1592492.7
IFS,58.31,10,"[1, 1, 1, 1, 1, 1, 1, 1, 1, 1]",55.44,46.51,60.68,34.6,217402.15
CROX,128.01,10,"[1, 1, 1, 1, 1, 1, 1, 1, 1, 1]",125.1,97.5,138.91,73.39,1068448.0
CAR,137.44,5,"[0, 0, 0, 1, 1, 1, 1, 0, 1, 0]",167.01,158.19,713.97,87.69,519970.35
M,24.82,10,"[1, 1, 1, 1, 1, 1, 1, 1, 1, 1]",23.34,20.75,25.96,11.47,4635005.55
AVAL,5.28,8,"[1, 1, 1, 1, 1, 1, 0, 0, 1, 1]",5.0,4.41,,,143747.25
KNF,73.17,4,"[0, 0, 0, 0, 1, 1, 0, 1, 1, 0]",79.86,78.28,94.57,59.93,403830.45
DIOD,82.32,6,"[0, 0, 1, 1, 1, 1, 1, 0, 1, 0]",100.5,74.55,122.76,42.36,464244.15
SON,56.36,9,"[1, 1, 1, 1, 1, 1, 1, 1, 1, 0]",52.96,48.57,60.56,38.0,1244236.25
WSC,24.28,8,"[0, 1, 1, 1, 1, 1, 1, 1, 1, 0]",26.61,21.99,29.07,14.84,2003055.2
RELY,22.77,9,"[1, 1, 1, 1, 1, 1, 1, 1, 1, 0]",21.79,17.4,25.23,12.2,2549211.85
SXT,123.67,9,"[1, 1, 1, 1, 1, 1, 1, 1, 1, 0]",117.53,101.64,126.79,82.67,645573.3
ALH,26.37,8,"[1, 1, 1, 1, 0, 0, 1, 1, 1, 1]",25.66,23.8,26.93,19.06,512435.15
ACLS,130.38,7,"[0, 1, 1, 1, 1, 1, 1, 0, 1, 0]",153.87,111.02,191.6,68.75,451111.1
LB,77.52,10,"[1, 1, 1, 1, 1, 1, 1, 1, 1, 1]",72.63,65.12,85.14,44.06,247876.15
STVN,19.85,7,"[1, 1, 1, 1, 0, 0, 1, 0, 1, 1]",18.54,18.7,27.51,13.38,298829.8
BMA,91.9,10,"[1, 1, 1, 1, 1, 1, 1, 1, 1, 1]",90.27,81.58,101.13,37.79,228095.95
GBTG,9.44,9,"[1, 1, 1, 1, 0, 1, 1, 1, 1, 1]",9.39,7.57,9.51,4.97,1407713.0
TDS,33.58,2,"[0, 0, 0, 0, 1, 0, 0, 0, 1, 0]",37.1,40.9,47.5,33.39,928814.0
NOVT,142.55,8,"[0, 1, 1, 1, 1, 1, 1, 1, 1, 0]",154.16,132.95,168.59,99.22,447919.85
MARA,11.32,4,"[0, 1, 0, 1, 0, 0, 1, 0, 1, 0]",13.13,11.8,22.84,6.73,49852516.95
ACHR,4.64,1,"[0, 0, 0, 0, 0, 0, 0, 0, 1, 0]",5.34,6.99,13.64,4.44,32516475.6
PSMT,193.91,9,"[1, 1, 1, 1, 1, 1, 1, 1, 1, 0]",183.4,150.51,197.9,106.78,289886.7
SYNA,107.32,7,"[0, 1, 1, 1, 1, 1, 1, 0, 1, 0]",127.51,92.18,147.57,58.52,794800.05
OPEN,3.77,2,"[0, 0, 0, 0, 0, 0, 1, 0, 1, 0]",4.52,5.58,10.52,1.85,76586166.25
PBF,72.28,10,"[1, 1, 1, 1, 1, 1, 1, 1, 1, 1]",49.11,39.44,73.1,20.96,3160623.05
INDV,40.01,10,"[1, 1, 1, 1, 1, 1, 1, 1, 1, 1]",39.12,34.47,41.83,21.05,1522848.4
ENPH,37.54,5,"[0, 0, 0, 1, 1, 1, 1, 0, 1, 0]",50.02,40.03,72.33,26.12,4625775.3
KC,11.15,4,"[1, 0, 0, 0, 1, 0, 0, 0, 1, 1]",10.75,12.64,18.21,8.58,1441275.8
MIAX,47.04,8,"[1, 1, 1, 0, 0, 1, 1, 1, 1, 1]",42.44,43.5,56.84,30.74,1253685.95
TGS,31.83,9,"[1, 1, 1, 0, 1, 1, 1, 1, 1, 1]",30.45,30.37,35.32,20.12,188953.05
DNTH,106.92,10,"[1, 1, 1, 1, 1, 1, 1, 1, 1, 1]",92.66,66.64,112.64,18.76,936096.75
SPHR,143.25,8,"[0, 1, 1, 1, 1, 1, 1, 1, 1, 0]",146.61,112.75,173.03,38.7,704211.7
MDU,19.95,5,"[0, 0, 0, 1, 1, 1, 0, 1, 1, 0]",21.07,20.55,22.65,15.53,1260487.9
EBC,22.96,10,"[1, 1, 1, 1, 1, 1, 1, 1, 1, 1]",21.44,19.71,23.55,14.6,2982056.45
HRB,44.03,8,"[1, 1, 1, 1, 0, 0, 1, 1, 1, 1]",38.99,37.96,53.05,27.66,1828119.3
NAVN,26.62,7,"[1, 1, 0, 1, 0, 0, 1, 1, 1, 1]",23.14,26.62,27.73,8.51,3897168.25
AIR,140.04,9,"[1, 1, 1, 1, 1, 1, 1, 1, 1, 0]",128.77,107.15,143.61,71.73,478468.35
VSH,34.22,7,"[0, 1, 1, 1, 1, 1, 1, 0, 1, 0]",49.12,26.66,64.9,11.65,5699999.3
PI,151.36,7,"[1, 1, 1, 1, 0, 0, 1, 0, 1, 1]",138.09,144.77,241.91,91.34,398026.45
MEOH,55.55,10,"[1, 1, 1, 1, 1, 1, 1, 1, 1, 1]",54.43,49.26,65.5,31.93,1144301.7
NTSK,12.59,5,"[1, 1, 0, 0, 0, 0, 1, 0, 1, 1]",11.25,13.98,25.79,7.73,4648986.55
QS,5.22,1,"[0, 0, 0, 0, 0, 0, 0, 0, 1, 0]",7.09,9.25,18.44,4.89,29602500.7
CVLT,117.8,5,"[0, 1, 1, 1, 0, 0, 1, 0, 1, 0]",131.5,114.93,195.41,75.18,738888.25
CSTM,27.78,7,"[0, 0, 1, 1, 1, 1, 1, 1, 1, 0]",31.76,25.09,36.15,13.08,1713666.0
LAUR,38.31,10,"[1, 1, 1, 1, 1, 1, 1, 1, 1, 1]",36.34,33.64,40.46,22.91,1091104.55
PAM,88.32,10,"[1, 1, 1, 1, 1, 1, 1, 1, 1, 1]",83.95,83.42,92.27,56.55,142968.2
PAGP,26.33,8,"[1, 1, 1, 1, 1, 1, 0, 0, 1, 1]",24.89,21.48,,,1332107.9
CVSA,124.85,8,"[1, 1, 1, 1, 1, 0, 1, 1, 1, 0]",123.9,113.65,154.45,89.36,358549.9
ATMU,51.63,7,"[1, 0, 0, 0, 1, 1, 1, 1, 1, 1]",50.3,53.97,65.5,37.33,556591.05
FTDR,72.63,9,"[1, 1, 1, 1, 1, 1, 1, 1, 1, 0]",70.48,62.09,79.07,49.1,517339.75
MMYT,56.95,4,"[1, 1, 0, 0, 0, 0, 1, 0, 1, 0]",50.1,59.92,103.21,36.3,859190.2
INSW,96.18,10,"[1, 1, 1, 1, 1, 1, 1, 1, 1, 1]",83.33,64.22,96.18,35.63,481394.85
HCC,79.41,4,"[0, 0, 0, 0, 1, 1, 1, 0, 1, 0]",87.54,85.36,110.28,51.28,656551.2
NAMS,27.79,3,"[0, 0, 0, 0, 0, 1, 1, 0, 1, 0]",32.29,33.85,41.45,21.28,932719.9
KNSA,74.34,10,"[1, 1, 1, 1, 1, 1, 1, 1, 1, 1]",58.8,47.98,80.92,31.98,793305.7
SHC,17.86,8,"[1, 1, 1, 1, 0, 1, 1, 1, 1, 0]",16.82,16.48,19.35,11.06,2988040.95
TBBB,41.33,9,"[1, 1, 1, 1, 1, 1, 1, 1, 1, 0]",40.22,35.45,42.58,24.12,527438.75
HRI,150.14,10,"[1, 1, 1, 1, 1, 1, 1, 1, 1, 1]",144.03,137.1,179.36,90.58,570128.65
NWE,68.74,7,"[0, 0, 1, 1, 1, 1, 1, 1, 1, 0]",70.82,67.16,73.42,51.39,349309.5
FLNC,13.93,4,"[0, 0, 0, 1, 0, 1, 1, 0, 1, 0]",19.21,18.92,32.23,6.75,7559347.9
LGND,287.54,9,"[1, 1, 1, 1, 1, 1, 1, 1, 1, 0]",276.45,220.24,322.61,132.72,325965.5
IPGP,85.06,3,"[0, 0, 0, 0, 1, 1, 0, 0, 1, 0]",107.75,101.94,153.91,71.6,362765.05
CBT,88.02,10,"[1, 1, 1, 1, 1, 1, 1, 1, 1, 1]",87.43,74.66,93.4,57.64,408690.25
GTLB,34.51,7,"[1, 1, 1, 1, 0, 0, 1, 0, 1, 1]",30.44,32.15,51.04,19.42,4124963.05
BCO,118.45,8,"[1, 1, 1, 0, 0, 1, 1, 1, 1, 1]",105.97,112.24,134.96,84.44,568616.65
HAFN,7.69,10,"[1, 1, 1, 1, 1, 1, 1, 1, 1, 1]",7.43,6.62,9.11,4.7,1093450.05
WIX,55.03,4,"[1, 0, 0, 0, 0, 0, 1, 0, 1, 1]",50.41,82.67,184.24,40.43,1349451.45
AZZ,144.72,8,"[0, 1, 1, 1, 1, 1, 1, 1, 1, 0]",146.45,126.9,159.9,97.18,339385.3
ONDS,7.49,4,"[0, 0, 0, 0, 1, 0, 1, 0, 1, 1]",8.83,9.31,14.01,2.2,107657732.55
UNF,292.98,10,"[1, 1, 1, 1, 1, 1, 1, 1, 1, 1]",273.64,228.8,301.19,149.3,147387.5
IRDM,47.34,8,"[0, 1, 1, 1, 1, 1, 1, 1, 1, 0]",47.89,30.1,55.72,15.57,1746999.2
STNG,77.86,10,"[1, 1, 1, 1, 1, 1, 1, 1, 1, 1]",77.01,68.45,86.1,43.17,669184.25
TCBI,98.85,6,"[0, 0, 1, 1, 1, 1, 0, 1, 1, 0]",101.22,96.22,107.74,76.93,521572.85
TPC,83.75,9,"[1, 1, 1, 0, 1, 1, 1, 1, 1, 1]",77.79,75.22,97.23,45.54,1052017.1
ENVA,254.14,10,"[1, 1, 1, 1, 1, 1, 1, 1, 1, 1]",208.11,161.51,254.14,100.56,377035.2
PLUG,2.06,4,"[0, 0, 0, 1, 1, 0, 1, 0, 1, 0]",2.78,2.56,4.14,1.4,48185414.2
HNGE,74.71,9,"[1, 1, 1, 1, 1, 1, 1, 1, 1, 0]",72.7,51.76,90.0,31.17,1548305.15
WHD,65.01,10,"[1, 1, 1, 1, 1, 1, 1, 1, 1, 1]",55.89,50.8,65.01,33.12,795681.8
PTEN,10.48,10,"[1, 1, 1, 1, 1, 1, 1, 1, 1, 1]",10.43,8.68,12.74,5.0,9394204.5
SMR,8.42,1,"[0, 0, 0, 0, 0, 0, 0, 0, 1, 0]",9.97,16.44,53.43,7.59,28831942.9
CMBT,16.16,10,"[1, 1, 1, 1, 1, 1, 1, 1, 1, 1]",15.2,12.2,16.55,7.49,789997.2
CNO,55.09,10,"[1, 1, 1, 1, 1, 1, 1, 1, 1, 1]",50.76,43.98,55.09,34.91,671830.4
BETA,18.93,5,"[1, 1, 0, 0, 0, 0, 1, 0, 1, 1]",17.3,18.93,36.8,13.59,1251029.9
CNR,79.84,3,"[0, 0, 0, 0, 1, 0, 0, 0, 1, 1]",85.36,88.51,113.11,69.02,505739.8
BLLN,138.6,7,"[1, 1, 0, 1, 0, 0, 1, 1, 1, 1]",112.26,138.6,139.59,64.03,619572.8
ZETA,21.6,10,"[1, 1, 1, 1, 1, 1, 1, 1, 1, 1]",20.77,18.84,25.25,14.55,7627834.0
NVTS,10.86,5,"[0, 0, 0, 1, 1, 1, 1, 0, 1, 0]",18.92,12.82,31.79,5.54,15371344.95
FHI,59.96,9,"[1, 1, 1, 1, 1, 1, 0, 1, 1, 1]",57.59,54.15,60.53,46.35,565214.35
COLD,14.09,8,"[0, 1, 1, 1, 1, 1, 1, 1, 1, 0]",14.95,12.74,16.25,9.61,4096164.2
LMND,48.31,3,"[0, 0, 0, 0, 0, 1, 1, 0, 1, 0]",60.78,65.52,96.57,36.4,1684559.95
AMRX,18.32,10,"[1, 1, 1, 1, 1, 1, 1, 1, 1, 1]",16.06,13.48,19.1,7.83,1856901.45
LPL,3.0,1,"[0, 0, 0, 0, 0, 0, 0, 0, 1, 0]",4.13,4.33,5.76,2.79,3475143.45
TREX,43.36,6,"[0, 1, 1, 1, 1, 0, 1, 0, 1, 0]",44.44,40.67,65.83,30.13,2114414.0
DOO,61.83,4,"[1, 0, 0, 0, 0, 0, 0, 1, 1, 1]",59.71,66.13,81.22,48.82,217686.35
MTRN,210.84,7,"[0, 1, 1, 1, 1, 1, 1, 0, 1, 0]",243.88,169.79,297.39,104.65,319167.5
XMTR,85.72,8,"[0, 1, 1, 1, 1, 1, 1, 1, 1, 0]",90.73,64.28,104.85,30.97,843070.6
NP,31.71,8,"[1, 1, 1, 1, 1, 0, 1, 1, 1, 0]",29.47,26.13,35.11,17.14,785024.85
LASR,68.8,9,"[0, 1, 1, 1, 1, 1, 1, 1, 1, 1]",68.9,54.91,84.95,19.67,1092541.5
CAAP,25.77,8,"[1, 0, 1, 0, 1, 1, 1, 1, 1, 1]",25.71,25.39,30.35,17.49,172834.05
TNL,76.02,9,"[1, 1, 1, 1, 1, 1, 1, 1, 1, 0]",73.14,69.38,78.45,56.09,859543.2
PVH,86.66,8,"[1, 1, 1, 1, 0, 0, 1, 1, 1, 1]",81.53,76.61,98.77,60.85,862283.2
LBTYA,10.61,3,"[0, 0, 0, 0, 1, 0, 0, 1, 1, 0]",11.24,11.45,13.03,9.69,2446263.25
CRGY,11.47,9,"[1, 1, 1, 0, 1, 1, 1, 1, 1, 1]",10.94,10.4,13.79,7.6,5648280.6
COCO,65.94,8,"[0, 1, 1, 1, 1, 1, 1, 1, 1, 0]",74.44,58.4,84.02,32.3,1215311.6
POWI,60.71,7,"[0, 1, 1, 1, 1, 1, 1, 0, 1, 0]",75.22,54.08,87.35,30.52,717025.45
LEU,176.93,3,"[1, 0, 0, 0, 0, 0, 0, 0, 1, 1]",170.27,230.12,436.0,146.61,845794.65
ANDG,47.33,7,"[1, 1, 0, 1, 0, 0, 1, 1, 1, 1]",39.72,47.33,47.33,18.34,363546.35
KTB,83.74,8,"[1, 1, 1, 1, 0, 1, 1, 1, 1, 0]",79.29,71.33,88.17,53.29,678484.2
MRX,64.92,10,"[1, 1, 1, 1, 1, 1, 1, 1, 1, 1]",61.47,45.59,70.29,27.92,727301.45
ARIS,13.36,4,"[0, 0, 0, 0, 1, 1, 1, 0, 1, 0]",15.54,16.4,22.68,6.74,1419804.9
DLO,15.08,9,"[1, 1, 1, 1, 0, 1, 1, 1, 1, 1]",13.26,13.24,15.57,9.84,1898697.3
GFF,86.17,8,"[0, 1, 1, 1, 1, 1, 1, 1, 1, 0]",90.28,81.83,97.53,66.26,283083.2
TDW,75.06,9,"[1, 1, 1, 0, 1, 1, 1, 1, 1, 1]",73.16,68.49,91.12,47.29,619916.5
OPLN,39.76,9,"[1, 1, 1, 1, 1, 1, 1, 1, 1, 0]",38.86,31.47,42.9,24.17,744278.3
KAI,307.5,6,"[1, 0, 1, 0, 1, 1, 0, 1, 1, 0]",306.03,305.26,354.72,246.63,115728.55
BBWI,20.12,3,"[1, 0, 0, 0, 0, 0, 1, 0, 1, 0]",19.93,20.38,30.86,14.56,4858180.0
TVTX,55.89,9,"[1, 1, 1, 1, 1, 1, 1, 1, 1, 0]",53.08,38.36,59.03,15.63,1247748.1
CRNX,83.52,10,"[1, 1, 1, 1, 1, 1, 1, 1, 1, 1]",54.06,46.02,83.91,26.85,8814911.85
LIVN,80.14,9,"[1, 1, 1, 1, 1, 1, 1, 1, 1, 0]",78.79,66.46,84.03,41.13,557057.1
NVST,27.31,8,"[1, 1, 1, 0, 1, 1, 1, 1, 1, 0]",25.48,24.33,30.26,18.95,2645723.75
ACMR,78.47,7,"[0, 1, 1, 1, 1, 1, 1, 0, 1, 0]",91.28,58.1,126.89,23.92,1117470.15
UCTT,83.31,7,"[0, 1, 1, 1, 1, 1, 1, 0, 1, 0]",99.18,60.79,142.59,21.63,1484401.8
HGV,46.14,6,"[0, 0, 1, 1, 1, 1, 0, 1, 1, 0]",50.69,45.8,54.69,36.99,1117011.85
PII,67.08,8,"[0, 1, 1, 1, 0, 1, 1, 1, 1, 1]",69.0,64.02,74.7,47.42,828111.0
SKE,26.58,4,"[0, 0, 0, 0, 1, 1, 1, 0, 1, 0]",27.57,27.12,38.12,14.38,569116.95
EE,39.27,10,"[1, 1, 1, 1, 1, 1, 1, 1, 1, 1]",36.35,33.23,42.7,22.84,265652.3
ORKA,96.51,10,"[1, 1, 1, 1, 1, 1, 1, 1, 1, 1]",77.96,49.02,97.86,13.05,1004426.8
RNG,55.62,10,"[1, 1, 1, 1, 1, 1, 1, 1, 1, 1]",41.89,35.02,57.58,23.54,2437602.0
CATY,63.19,10,"[1, 1, 1, 1, 1, 1, 1, 1, 1, 1]",60.5,52.59,63.72,43.56,552208.55
ACAD,25.87,7,"[1, 1, 1, 1, 0, 1, 0, 1, 1, 0]",23.63,23.63,28.06,20.06,1412517.5
DAN,26.93,5,"[0, 0, 0, 0, 1, 1, 1, 0, 1, 1]",29.95,28.86,38.79,15.11,1307556.95
EWTX,38.43,9,"[1, 1, 1, 1, 1, 1, 1, 1, 1, 0]",38.26,29.72,48.35,12.68,1009232.8
TAC,12.5,2,"[0, 0, 0, 1, 0, 0, 0, 0, 1, 0]",13.58,13.6,17.66,11.78,1444874.85
SOUN,6.13,1,"[0, 0, 0, 0, 0, 0, 0, 0, 1, 0]",7.01,9.53,21.4,5.7,35354071.45
JOE,62.24,6,"[0, 0, 0, 0, 1, 1, 1, 1, 1, 1]",63.11,63.04,72.44,46.54,233636.65
HP,34.57,8,"[0, 0, 1, 1, 1, 1, 1, 1, 1, 1]",35.62,32.86,41.53,14.86,1026650.6
INDB,83.83,9,"[1, 1, 1, 1, 1, 1, 1, 1, 1, 0]",82.18,76.42,87.17,60.08,417655.9
FG,28.57,8,"[1, 1, 1, 1, 0, 0, 1, 1, 1, 1]",28.39,27.92,34.32,20.28,668826.7
BB,8.5,7,"[0, 1, 1, 1, 1, 1, 1, 0, 1, 0]",9.52,5.52,12.81,3.15,20494231.9
PPTA,18.41,2,"[0, 0, 0, 0, 1, 0, 0, 0, 1, 0]",21.78,26.5,37.22,15.16,1100644.35
LRN,80.29,4,"[0, 0, 0, 1, 1, 0, 1, 0, 1, 0]",89.82,85.54,169.81,61.02,854965.25
BULL,7.06,5,"[1, 1, 0, 1, 0, 0, 1, 0, 1, 0]",6.88,7.43,16.0,4.63,8723853.1
BELFB,271.97,9,"[0, 1, 1, 1, 1, 1, 1, 1, 1, 1]",279.3,220.7,332.96,127.32,301395.6
WSFS,80.2,10,"[1, 1, 1, 1, 1, 1, 1, 1, 1, 1]",75.85,65.01,81.8,49.92,480359.35
LQDA,84.11,10,"[1, 1, 1, 1, 1, 1, 1, 1, 1, 1]",73.25,44.94,89.03,17.68,1421553.5
ALHC,14.85,3,"[0, 0, 0, 0, 1, 1, 0, 0, 1, 0]",19.45,19.32,24.56,12.97,5149806.65
AAUC,18.23,4,"[0, 0, 0, 0, 1, 1, 1, 0, 1, 0]",23.79,25.69,32.01,11.58,809794.1
CGAU,17.19,8,"[1, 0, 1, 0, 1, 1, 1, 1, 1, 1]",16.33,16.07,20.91,6.9,1470360.25
OII,48.78,10,"[1, 1, 1, 1, 1, 1, 1, 1, 1, 1]",40.87,33.06,52.73,21.17,1202016.15
VKTX,31.74,5,"[0, 0, 0, 1, 0, 1, 1, 1, 1, 0]",34.01,33.8,42.13,23.09,2217209.3
CLSK,13.76,6,"[0, 1, 1, 1, 0, 0, 1, 0, 1, 1]",15.32,13.13,23.2,8.18,23988430.25
SII,103.01,4,"[0, 0, 0, 0, 1, 1, 1, 0, 1, 0]",115.72,117.4,165.88,62.19,158245.5
VECO,50.0,7,"[0, 1, 1, 1, 1, 1, 1, 0, 1, 0]",61.42,41.44,83.04,19.94,991798.1
RUM,5.84,2,"[0, 0, 0, 1, 0, 0, 0, 0, 1, 0]",6.96,6.46,9.75,4.67,2160028.5
WRBY,26.69,9,"[1, 1, 1, 1, 1, 1, 1, 1, 1, 0]",26.22,24.04,30.34,16.49,2343374.6
TLX,9.89,6,"[0, 1, 1, 1, 0, 1, 1, 0, 1, 0]",10.31,9.3,13.32,6.41,127183.0
RXO,20.25,7,"[0, 1, 1, 1, 1, 1, 1, 0, 1, 0]",26.41,18.18,29.3,10.48,1865984.25
BTE,4.56,10,"[1, 1, 1, 1, 1, 1, 1, 1, 1, 1]",4.38,3.78,5.3,1.96,18435599.25
LION,13.28,8,"[0, 1, 1, 1, 1, 1, 1, 1, 1, 0]",14.11,10.32,16.4,5.77,2280958.25
TWST,91.55,9,"[1, 1, 1, 1, 1, 1, 1, 1, 1, 0]",83.51,52.58,102.88,24.16,1360082.8
FIBK,38.02,9,"[1, 1, 1, 1, 1, 1, 1, 1, 1, 0]",37.38,34.66,40.22,26.87,1251646.1
BFH,108.07,10,"[1, 1, 1, 1, 1, 1, 1, 1, 1, 1]",98.85,79.81,110.62,53.59,707055.0
BHF,61.91,6,"[0, 0, 0, 1, 1, 1, 1, 1, 1, 0]",63.54,61.95,66.61,43.36,564182.45
SLG,52.93,5,"[1, 1, 1, 1, 0, 0, 0, 0, 1, 0]",49.32,44.42,,,1096710.3
HYMC,19.53,4,"[0, 0, 0, 0, 1, 1, 1, 0, 1, 0]",24.76,27.77,55.74,3.46,1496807.9
OGN,13.55,9,"[1, 1, 1, 1, 1, 1, 1, 1, 1, 0]",13.47,9.53,13.56,5.69,2675142.15
SIG,92.9,6,"[1, 1, 1, 0, 0, 0, 0, 1, 1, 1]",86.88,89.84,105.18,73.65,692474.3
GNW,9.83,9,"[1, 1, 1, 1, 1, 1, 0, 1, 1, 1]",9.3,8.81,10.13,7.85,2776380.9
HWKN,128.03,2,"[0, 0, 0, 0, 1, 0, 0, 0, 1, 0]",148.63,147.77,183.81,119.87,180315.95
CTRI,27.84,5,"[0, 0, 0, 0, 1, 1, 1, 0, 1, 1]",28.9,28.09,41.8,19.37,1482418.6
RUN,9.81,1,"[0, 0, 0, 0, 0, 0, 0, 0, 1, 0]",12.82,15.78,21.41,9.07,9883487.15
ASO,47.45,3,"[0, 0, 0, 0, 1, 0, 0, 1, 1, 0]",49.37,52.34,60.83,41.39,1302649.05
HSAI,16.9,2,"[0, 0, 0, 0, 1, 0, 0, 0, 1, 0]",17.35,21.62,29.8,14.6,1599969.0
ATS,27.24,4,"[0, 0, 0, 0, 1, 1, 0, 1, 1, 0]",28.35,29.07,35.38,24.24,139239.85
CC,16.61,5,"[0, 0, 0, 1, 1, 1, 1, 0, 1, 0]",19.91,17.72,27.84,10.39,2223659.95
BKU,46.65,8,"[0, 1, 1, 1, 1, 1, 1, 1, 1, 0]",47.44,45.01,50.23,34.63,1094518.55
TRMD,30.31,10,"[1, 1, 1, 1, 1, 1, 1, 1, 1, 1]",29.02,25.39,34.08,16.74,471607.05
SUNC,76.44,7,"[1, 1, 0, 1, 0, 0, 1, 1, 1, 1]",69.34,76.44,76.44,46.46,442973.3
MANU,23.01,9,"[1, 1, 1, 1, 1, 1, 1, 1, 1, 0]",22.14,18.28,23.53,15.1,200537.85
AAP,55.54,7,"[0, 1, 1, 1, 1, 0, 1, 1, 1, 0]",57.28,52.08,62.91,38.18,1729031.05
AVNT,36.32,9,"[1, 1, 1, 1, 1, 1, 1, 1, 1, 0]",36.16,34.63,42.61,26.82,774160.15
CVI,35.62,8,"[1, 1, 1, 1, 0, 0, 1, 1, 1, 1]",31.74,30.51,39.89,20.66,970338.25
SA,25.81,4,"[0, 0, 0, 0, 1, 1, 1, 0, 1, 0]",27.95,29.21,39.35,15.31,498117.3
AMBA,86.0,8,"[1, 1, 1, 1, 0, 0, 1, 1, 1, 1]",72.93,70.48,95.51,48.65,2022321.0
APLE,16.51,7,"[1, 1, 1, 1, 1, 1, 0, 0, 1, 0]",16.11,12.88,,,2877973.8
CHEF,115.35,10,"[1, 1, 1, 1, 1, 1, 1, 1, 1, 1]",91.4,71.09,115.35,54.6,669524.1
BEAM,25.52,5,"[0, 0, 0, 1, 1, 1, 1, 0, 1, 0]",30.73,28.1,37.92,16.01,2356565.9
CWK,13.42,3,"[1, 0, 0, 0, 0, 0, 0, 1, 1, 0]",13.23,14.39,17.2,11.8,1960746.05
TNGX,27.18,8,"[0, 1, 1, 1, 1, 1, 1, 1, 1, 0]",27.39,17.46,32.9,6.36,2506629.45
EFXT,22.28,8,"[0, 1, 1, 1, 1, 1, 1, 1, 1, 0]",24.29,19.83,28.36,7.76,466044.75
DAVE,372.69,9,"[1, 1, 1, 1, 1, 1, 1, 1, 1, 0]",339.07,244.03,442.53,155.92,456760.4
FSM,8.43,3,"[0, 0, 0, 0, 1, 0, 1, 0, 1, 0]",8.82,9.72,13.66,6.22,5189570.7
VRNS,39.95,6,"[1, 1, 1, 1, 0, 0, 1, 0, 1, 0]",38.91,32.99,63.31,20.19,2159309.2
NATL,47.03,10,"[1, 1, 1, 1, 1, 1, 1, 1, 1, 1]",45.08,41.69,48.13,30.25,532374.0
ADEA,26.65,8,"[0, 1, 1, 1, 1, 1, 1, 1, 1, 0]",28.96,22.27,33.57,11.64,1230067.6
BTDR,10.52,3,"[0, 0, 0, 1, 0, 0, 1, 0, 1, 0]",14.97,13.27,25.9,7.28,9296781.25
BATRK,50.83,8,"[0, 1, 1, 1, 1, 1, 1, 1, 1, 0]",50.83,44.36,52.87,38.04,409657.8
SEZL,154.75,9,"[1, 1, 1, 1, 1, 1, 1, 1, 1, 0]",149.53,90.29,188.55,50.97,577498.8
BBAR,18.93,8,"[0, 1, 1, 1, 1, 1, 1, 1, 1, 0]",19.08,16.5,21.81,7.85,501551.55
PARR,86.03,10,"[1, 1, 1, 1, 1, 1, 1, 1, 1, 1]",63.22,51.3,86.03,27.09,988366.0
VCYT,46.32,8,"[0, 1, 1, 1, 1, 1, 1, 1, 1, 0]",53.31,41.89,60.49,23.64,1247375.05
COLM,59.38,6,"[0, 0, 1, 1, 1, 1, 0, 1, 1, 0]",64.03,58.02,67.79,48.18,567161.55
FFBC,33.83,9,"[1, 1, 1, 1, 1, 1, 1, 1, 1, 0]",32.78,28.27,36.18,22.64,1248594.2
FSLY,22.66,8,"[1, 1, 1, 0, 1, 1, 1, 0, 1, 1]",18.9,16.73,33.5,6.36,4800904.7
ZIM,25.19,9,"[1, 1, 1, 1, 1, 1, 1, 1, 1, 0]",24.91,22.7,28.55,12.03,1055866.25
RCUS,28.19,9,"[1, 1, 1, 1, 1, 1, 1, 1, 1, 0]",26.82,23.28,31.08,9.06,1001463.6
CALY,18.46,10,"[1, 1, 1, 1, 1, 1, 1, 1, 1, 1]",17.46,14.14,19.66,8.12,1808743.0
BOH,79.9,8,"[0, 1, 1, 1, 1, 1, 1, 1, 1, 0]",80.17,73.32,85.85,58.13,487901.15
UNFI,50.83,10,"[1, 1, 1, 1, 1, 1, 1, 1, 1, 1]",49.76,42.44,55.52,25.05,485149.65
SXI,296.5,8,"[0, 1, 1, 1, 1, 1, 1, 1, 1, 0]",302.62,261.09,357.67,180.13,160154.3
PLAB,30.29,5,"[0, 0, 0, 0, 1, 1, 1, 0, 1, 1]",32.72,34.58,54.96,19.69,1012655.25
ERAS,18.15,9,"[1, 1, 1, 1, 1, 1, 1, 1, 1, 0]",15.99,10.91,22.47,1.39,4769120.7
EXTR,30.14,10,"[1, 1, 1, 1, 1, 1, 1, 1, 1, 1]",29.9,20.37,33.71,13.74,1705708.1
YETI,48.94,9,"[1, 1, 1, 1, 1, 1, 1, 1, 1, 0]",48.8,43.13,51.87,31.86,1052433.9
CARG,36.24,6,"[1, 1, 1, 0, 0, 0, 1, 1, 1, 0]",31.83,33.81,39.03,26.96,1123677.2
MPT,4.63,3,"[0, 0, 0, 0, 0, 0, 0, 1, 1, 1]",4.75,4.92,5.8,3.71,5292791.8
DNLI,23.02,9,"[1, 1, 1, 1, 1, 1, 1, 1, 1, 0]",22.9,19.84,27.21,12.75,1708313.6
BKD,14.6,9,"[1, 1, 1, 1, 1, 1, 1, 1, 1, 0]",14.16,12.91,16.77,7.13,5158876.75
CON,31.65,9,"[1, 1, 1, 1, 1, 1, 1, 1, 1, 0]",28.99,23.35,32.69,18.56,819846.25
ETOR,35.67,4,"[0, 1, 0, 1, 0, 0, 1, 0, 1, 0]",38.76,35.75,59.27,24.76,669006.95
LXP,60.53,10,"[1, 1, 1, 1, 1, 1, 1, 1, 1, 1]",54.74,49.37,61.15,36.6,817291.25
MSGE,77.26,9,"[1, 1, 1, 1, 1, 1, 1, 1, 1, 0]",74.69,60.96,80.95,36.33,378770.4
BWLP,22.56,10,"[1, 1, 1, 1, 1, 1, 1, 1, 1, 1]",20.08,15.97,22.56,11.16,351969.25
KYIV,13.56,7,"[0, 1, 1, 1, 0, 1, 1, 1, 1, 0]",14.37,12.93,16.17,9.33,536590.4
BHE,79.77,8,"[0, 1, 1, 1, 1, 1, 1, 1, 1, 0]",85.76,62.1,98.67,35.65,469187.3
CAKE,101.42,10,"[1, 1, 1, 1, 1, 1, 1, 1, 1, 1]",76.89,60.88,101.42,42.72,1763692.55
HG,35.96,10,"[1, 1, 1, 1, 1, 1, 1, 1, 1, 1]",32.96,28.69,37.28,19.76,461952.55
DHT,18.57,10,"[1, 1, 1, 1, 1, 1, 1, 1, 1, 1]",17.63,15.33,19.96,10.09,2671948.55
AEHR,79.98,8,"[0, 1, 1, 1, 1, 1, 1, 0, 1, 1]",91.09,53.09,116.58,16.84,3361843.9
OLN,18.51,2,"[0, 0, 0, 0, 1, 0, 0, 0, 1, 0]",22.94,23.47,29.93,17.63,3287070.15
SBLK,28.75,10,"[1, 1, 1, 1, 1, 1, 1, 1, 1, 1]",26.49,22.54,29.15,16.14,1215651.85
VC,104.54,6,"[0, 1, 1, 1, 0, 0, 0, 1, 1, 1]",110.35,102.35,127.5,84.18,519292.5
TTAM,15.48,5,"[0, 0, 0, 1, 1, 1, 0, 1, 1, 0]",16.94,16.46,19.32,13.67,239556.95
BKV,24.46,4,"[0, 0, 0, 0, 1, 1, 0, 1, 1, 0]",25.94,27.19,32.16,19.78,786397.25
HIMX,12.54,7,"[0, 1, 1, 1, 1, 1, 1, 0, 1, 0]",16.31,10.95,23.77,6.81,1716090.25
BANC,19.15,7,"[0, 0, 1, 1, 1, 1, 1, 1, 1, 0]",20.02,18.77,21.83,13.82,3546456.45
SBCF,34.74,9,"[1, 1, 1, 1, 1, 1, 0, 1, 1, 1]",32.03,31.47,34.74,26.77,1079021.3
KN,36.59,8,"[0, 1, 1, 1, 1, 1, 1, 1, 1, 0]",37.93,28.73,42.8,19.52,1023900.35
ALMS,28.25,10,"[1, 1, 1, 1, 1, 1, 1, 1, 1, 1]",24.97,19.97,30.3,3.95,1320693.9
SDRL,44.84,10,"[1, 1, 1, 1, 1, 1, 1, 1, 1, 1]",43.22,40.09,54.8,27.8,734997.25
CRVL,60.06,4,"[0, 1, 0, 1, 0, 0, 1, 0, 1, 0]",61.09,62.3,92.64,46.0,165666.8
ITGR,121.21,9,"[1, 1, 1, 1, 1, 0, 1, 1, 1, 1]",93.8,85.02,121.21,63.32,532650.4
SUPN,44.63,4,"[0, 0, 0, 0, 1, 1, 0, 1, 1, 0]",46.38,49.02,57.0,35.51,695123.7
XXI,4.27,1,"[0, 0, 0, 0, 0, 0, 0, 0, 1, 0]",5.68,9.01,29.75,4.27,1550628.75
LFST,10.48,9,"[1, 1, 1, 1, 1, 1, 1, 1, 1, 0]",9.55,7.42,11.58,3.79,2950389.65
TDC,30.99,8,"[0, 1, 1, 1, 1, 1, 1, 1, 1, 0]",32.55,29.22,37.88,20.11,2954957.4
NMRK,14.99,2,"[0, 0, 0, 0, 0, 0, 0, 1, 1, 0]",15.04,15.99,19.43,13.78,1298882.5
ERO,26.91,5,"[0, 0, 0, 0, 1, 1, 1, 0, 1, 1]",27.22,27.24,38.03,13.41,864305.7
JOYY,73.57,10,"[1, 1, 1, 1, 1, 1, 1, 1, 1, 1]",67.35,60.96,74.83,45.78,273330.45
EXK,7.52,4,"[0, 0, 0, 0, 1, 1, 1, 0, 1, 0]",8.4,9.57,14.12,4.96,6407866.35
SHOO,46.08,10,"[1, 1, 1, 1, 1, 1, 1, 1, 1, 1]",43.03,39.55,47.83,23.0,1008078.1
PHIN,73.59,8,"[0, 1, 1, 1, 1, 1, 1, 1, 1, 0]",79.21,68.51,85.16,48.64,316933.55
ARX,11.88,2,"[0, 0, 0, 1, 0, 0, 0, 0, 1, 0]",13.9,13.52,30.05,9.36,2459308.35
KALU,159.68,8,"[0, 1, 1, 1, 1, 1, 1, 1, 1, 0]",174.01,135.23,194.8,70.78,273221.8
DBRG,15.87,10,"[1, 1, 1, 1, 1, 1, 1, 1, 1, 1]",15.74,14.58,15.9,9.15,3017305.2
PAGS,9.64,5,"[1, 0, 0, 0, 1, 0, 0, 1, 1, 1]",9.11,9.7,11.72,7.57,2906016.2
CECO,65.89,5,"[0, 0, 0, 1, 1, 1, 1, 0, 1, 0]",83.73,67.52,99.67,43.93,875033.15
WT,19.37,10,"[1, 1, 1, 1, 1, 1, 1, 1, 1, 1]",18.69,15.56,20.69,10.69,2401923.0
PFS,24.68,10,"[1, 1, 1, 1, 1, 1, 1, 1, 1, 1]",23.24,21.13,24.86,17.08,1019835.65
TRN,31.24,7,"[0, 0, 1, 1, 1, 1, 1, 1, 1, 0]",34.45,30.71,38.07,23.22,735460.3
DYN,25.18,9,"[1, 1, 1, 1, 0, 1, 1, 1, 1, 1]",21.08,19.11,25.9,10.05,2735585.6
GEO,30.89,10,"[1, 1, 1, 1, 1, 1, 1, 1, 1, 1]",28.21,19.68,31.34,13.26,1594966.9
LCII,102.36,4,"[1, 0, 0, 0, 1, 1, 0, 0, 1, 0]",101.58,115.57,154.08,82.3,403295.3
TNK,79.37,10,"[1, 1, 1, 1, 1, 1, 1, 1, 1, 1]",72.89,66.57,81.69,41.54,317780.1
BTU,21.32,3,"[0, 0, 0, 0, 1, 0, 1, 0, 1, 0]",24.67,29.29,39.38,15.87,2542363.1
NTCT,40.67,8,"[0, 1, 1, 1, 1, 1, 1, 1, 1, 0]",41.28,32.56,44.84,20.77,544863.95
DK,67.87,10,"[1, 1, 1, 1, 1, 1, 1, 1, 1, 1]",52.29,41.01,67.87,19.43,1162447.85
PTRN,23.02,8,"[1, 1, 1, 1, 1, 0, 1, 1, 1, 0]",23.0,15.94,29.4,9.59,1821611.75
GRND,17.34,9,"[1, 1, 1, 1, 0, 1, 1, 1, 1, 1]",14.0,13.08,18.64,9.85,1632316.05
TXG,47.27,10,"[1, 1, 1, 1, 1, 1, 1, 1, 1, 1]",36.59,23.36,49.43,11.34,2865702.1
CLMT,44.19,10,"[1, 1, 1, 1, 1, 1, 1, 1, 1, 1]",37.24,28.13,44.19,13.23,1119885.95
AEO,17.18,6,"[1, 0, 0, 0, 1, 1, 1, 0, 1, 1]",17.1,19.45,27.66,10.45,4226732.2
INOD,62.83,5,"[0, 1, 1, 1, 0, 0, 1, 0, 1, 0]",82.42,62.0,121.5,34.45,947486.4
GPCR,48.04,5,"[1, 0, 0, 0, 1, 1, 1, 0, 1, 0]",46.06,51.95,93.79,16.2,567559.1
IHS,8.2,8,"[0, 1, 1, 1, 1, 1, 1, 1, 1, 0]",8.25,7.81,8.73,6.24,660140.6
AYA,19.65,10,"[1, 1, 1, 1, 1, 1, 1, 1, 1, 1]",19.15,16.32,21.63,8.33,566688.55
SPNT,23.65,9,"[1, 1, 1, 1, 1, 1, 1, 1, 1, 0]",23.58,21.7,26.31,17.48,745217.3
KMT,33.97,7,"[0, 0, 1, 0, 1, 1, 1, 1, 1, 1]",34.44,33.18,43.04,19.42,858511.8
STUB,8.44,3,"[0, 0, 0, 1, 0, 0, 1, 0, 1, 0]",10.47,11.25,22.0,6.09,5768057.55
FA,19.84,9,"[1, 1, 1, 1, 1, 1, 1, 1, 1, 0]",18.1,14.31,22.35,8.95,1871565.1
NKTR,70.67,8,"[1, 1, 1, 1, 1, 1, 1, 0, 1, 0]",65.78,63.03,100.35,21.75,799141.6
EOSE,3.38,1,"[0, 0, 0, 0, 0, 0, 0, 0, 1, 0]",5.9,9.86,19.19,3.14,27884437.8
UAA,6.65,10,"[1, 1, 1, 1, 1, 1, 1, 1, 1, 1]",6.29,5.83,8.14,4.17,7390587.3
UA,6.49,10,"[1, 1, 1, 1, 1, 1, 1, 1, 1, 1]",6.12,5.66,7.88,3.96,2465083.0
DBD,73.59,6,"[0, 0, 0, 1, 1, 1, 1, 1, 1, 0]",82.48,74.04,90.75,53.99,289435.55
BKE,43.77,3,"[0, 0, 0, 0, 0, 0, 0, 1, 1, 1]",43.9,49.49,56.63,41.12,484137.65
UNIT,9.72,8,"[0, 1, 1, 1, 1, 1, 1, 1, 1, 0]",11.21,8.86,12.75,5.36,2280663.2
ARCB,144.35,9,"[0, 1, 1, 1, 1, 1, 1, 1, 1, 1]",148.22,105.13,173.22,59.5,382708.9
NN,13.11,3,"[0, 0, 0, 1, 1, 0, 0, 0, 1, 0]",17.68,16.44,23.59,11.37,2137379.05
HOG,24.54,6,"[0, 1, 1, 1, 0, 0, 1, 1, 1, 0]",25.12,22.61,30.05,17.06,2690399.75
ATRO,69.49,8,"[0, 1, 1, 1, 1, 1, 1, 1, 1, 0]",72.14,56.97,87.15,23.95,545844.25
CLDX,38.06,9,"[1, 1, 1, 1, 1, 1, 1, 1, 1, 0]",34.11,29.65,39.93,20.01,960944.6
VAC,97.51,9,"[1, 1, 1, 1, 1, 1, 1, 1, 1, 0]",93.88,69.49,103.04,43.9,397021.5
ARQT,26.86,9,"[1, 1, 1, 1, 0, 1, 1, 1, 1, 1]",25.34,25.31,31.2,14.12,1339926.35
GRAL,68.56,4,"[1, 0, 0, 0, 0, 1, 1, 0, 1, 0]",66.8,74.25,116.06,31.42,507681.45
VISN,11.74,8,"[0, 1, 1, 1, 1, 1, 1, 1, 1, 0]",12.28,9.9,12.88,3.8,5390440.75
TARS,59.04,2,"[0, 0, 0, 0, 0, 0, 1, 0, 1, 0]",61.16,68.67,82.51,40.81,1238574.6
NGVT,73.11,10,"[1, 1, 1, 1, 1, 1, 1, 1, 1, 1]",71.48,66.16,77.87,40.4,232197.55
AMSC,29.37,2,"[0, 0, 0, 1, 0, 0, 0, 0, 1, 0]",39.81,38.51,66.68,25.95,765205.45
WAFD,36.77,8,"[0, 1, 1, 1, 1, 1, 1, 1, 1, 0]",36.84,33.08,39.32,27.16,596649.6
HUN,9.76,5,"[0, 0, 0, 1, 1, 1, 1, 0, 1, 0]",12.74,11.67,15.89,7.27,4064041.7
HUBG,46.53,10,"[1, 1, 1, 1, 1, 1, 1, 1, 1, 1]",45.41,41.58,52.19,32.8,756768.75
TRMK,47.45,10,"[1, 1, 1, 1, 1, 1, 1, 1, 1, 1]",45.57,42.17,47.66,35.62,478429.6
IRON,77.0,9,"[1, 1, 1, 1, 0, 1, 1, 1, 1, 1]",72.48,74.77,94.11,55.95,441035.5
CUBI,78.68,10,"[1, 1, 1, 1, 1, 1, 1, 1, 1, 1]",76.79,73.18,81.21,60.52,291894.55
VERA,32.1,4,"[0, 0, 0, 0, 1, 1, 1, 0, 1, 0]",36.76,38.93,55.67,19.25,2217546.25
ICHR,75.27,7,"[0, 1, 1, 1, 1, 1, 1, 0, 1, 0]",84.16,48.94,112.28,14.06,990312.1
RARE,24.91,4,"[0, 1, 0, 1, 0, 0, 1, 0, 1, 0]",27.4,27.01,36.54,18.5,1885145.05
KOD,41.58,10,"[1, 1, 1, 1, 1, 1, 1, 1, 1, 1]",37.52,30.36,46.44,6.65,599225.45
SAH,91.58,10,"[1, 1, 1, 1, 1, 1, 1, 1, 1, 1]",88.13,70.7,112.66,57.63,286888.95
DRD,20.42,3,"[0, 0, 0, 0, 1, 0, 1, 0, 1, 0]",22.7,28.5,38.8,13.74,331966.4
HE,12.92,4,"[0, 0, 0, 0, 1, 1, 0, 1, 1, 0]",13.4,13.71,17.08,10.73,1481394.85
IMNM,22.76,8,"[1, 1, 1, 0, 1, 1, 1, 1, 1, 0]",21.25,20.96,26.97,8.99,1110534.8
FRSH,11.35,8,"[1, 1, 1, 1, 0, 0, 1, 1, 1, 1]",9.96,10.02,13.97,6.88,16647839.1
NSIT,128.93,9,"[1, 1, 1, 1, 0, 1, 1, 1, 1, 1]",113.57,91.33,134.24,64.43,348687.5
HTFL,25.23,2,"[0, 0, 0, 1, 0, 0, 0, 0, 1, 0]",28.92,29.18,39.91,20.49,1152659.25
OSW,25.76,8,"[0, 1, 1, 1, 1, 1, 1, 1, 1, 0]",25.97,22.77,28.68,19.28,828987.2
SEDG,41.2,5,"[0, 0, 0, 1, 1, 1, 1, 0, 1, 0]",56.61,42.66,78.51,24.42,2169260.85
ROG,123.47,7,"[0, 1, 1, 1, 1, 1, 1, 0, 1, 0]",143.02,112.45,167.09,67.3,261453.35
ATKR,72.96,9,"[0, 1, 1, 1, 1, 1, 1, 1, 1, 1]",76.82,68.77,85.41,52.77,335704.05
TALO,15.18,10,"[1, 1, 1, 1, 1, 1, 1, 1, 1, 1]",14.4,13.01,16.59,7.79,1923746.45
IDYA,35.5,9,"[1, 1, 1, 1, 1, 1, 1, 1, 1, 0]",33.5,32.74,40.51,22.41,909807.15
ELVN,54.81,10,"[1, 1, 1, 1, 1, 1, 1, 1, 1, 1]",46.53,32.8,54.81,15.14,799862.85
DGII,69.72,9,"[1, 1, 1, 1, 1, 1, 1, 1, 1, 0]",68.02,52.15,74.95,31.14,364857.75
LWLG,6.46,5,"[0, 0, 0, 1, 1, 1, 1, 0, 1, 0]",8.73,7.0,18.22,2.04,3125118.6
TMC,3.56,1,"[0, 0, 0, 0, 0, 0, 0, 0, 1, 0]",4.67,5.88,10.69,3.45,4078248.7
LMAT,101.32,7,"[1, 1, 1, 0, 1, 1, 0, 1, 1, 0]",97.24,95.3,117.1,79.79,276113.1
MTX,76.24,10,"[1, 1, 1, 1, 1, 1, 1, 1, 1, 1]",75.58,68.58,82.71,54.79,231796.95
BRZE,24.92,7,"[1, 1, 1, 1, 0, 0, 1, 0, 1, 1]",23.4,24.45,36.19,15.79,2330420.65
AAMI,86.49,10,"[1, 1, 1, 1, 1, 1, 1, 1, 1, 1]",77.24,59.14,86.49,39.43,418359.45
RLAY,18.83,10,"[1, 1, 1, 1, 1, 1, 1, 1, 1, 1]",17.01,11.35,20.75,3.22,2691140.85
MLYS,25.52,2,"[0, 0, 0, 0, 0, 0, 1, 0, 1, 0]",27.0,31.53,47.33,12.87,766349.5
FBNC,62.87,9,"[1, 1, 1, 1, 1, 1, 1, 1, 1, 0]",61.72,56.29,66.23,45.74,249675.8
ANDE,70.78,9,"[0, 1, 1, 1, 1, 1, 1, 1, 1, 1]",72.12,63.69,80.87,34.13,305366.95
VNET,7.17,2,"[0, 0, 0, 0, 1, 0, 0, 0, 1, 0]",8.53,9.4,14.03,6.29,3857984.3
HTO,61.33,9,"[1, 1, 1, 1, 1, 1, 1, 1, 1, 0]",60.0,54.2,65.43,43.73,507155.45
DXPE,157.02,8,"[0, 1, 1, 1, 1, 1, 1, 1, 1, 0]",161.03,137.09,181.51,85.53,121351.6
PTON,6.39,7,"[1, 1, 1, 1, 0, 0, 1, 0, 1, 1]",5.94,5.74,9.0,3.71,7353476.4
SGML,9.87,4,"[0, 0, 0, 0, 1, 1, 1, 0, 1, 0]",12.8,12.74,23.65,4.68,1546730.35
TENB,32.64,8,"[1, 1, 1, 1, 0, 1, 1, 1, 1, 0]",31.8,25.16,42.65,16.04,3906702.1
DFTX,43.52,9,"[1, 1, 1, 1, 1, 1, 1, 1, 1, 0]",35.31,21.11,48.45,8.44,1867417.9
VERX,12.91,3,"[1, 0, 0, 0, 0, 0, 0, 0, 1, 1]",12.48,15.81,33.1,10.58,1994461.3
PLUS,92.41,10,"[1, 1, 1, 1, 1, 1, 1, 1, 1, 1]",84.9,83.25,93.11,61.5,247845.45
AERO,15.4,2,"[0, 0, 0, 0, 1, 0, 0, 0, 1, 0]",16.5,15.4,22.91,12.36,190252.2
AMPX,9.6,3,"[0, 0, 0, 0, 1, 0, 1, 0, 1, 0]",14.24,13.8,22.91,6.36,5992795.5
AMR,137.16,2,"[0, 0, 0, 0, 1, 0, 0, 0, 1, 0]",170.9,184.9,249.65,115.08,267041.8
COHU,47.99,7,"[0, 1, 1, 1, 1, 1, 1, 0, 1, 0]",55.95,36.67,73.91,18.47,1186001.0
AESI,10.79,5,"[0, 0, 0, 1, 1, 1, 1, 0, 1, 0]",15.53,12.83,19.75,8.1,3219300.45
NESR,26.96,9,"[1, 1, 1, 1, 1, 1, 1, 1, 1, 0]",26.45,20.8,29.93,6.37,1847326.35
WTTR,18.52,9,"[0, 1, 1, 1, 1, 1, 1, 1, 1, 1]",19.02,14.45,21.35,7.78,1545094.95
CDNL,61.89,4,"[0, 1, 0, 1, 0, 0, 1, 0, 1, 0]",68.07,61.89,94.31,22.03,657315.5
ACHC,29.62,9,"[1, 1, 1, 1, 1, 1, 1, 1, 1, 0]",28.04,21.91,35.61,11.68,3141401.4
MNR,13.64,10,"[1, 1, 1, 1, 1, 1, 1, 1, 1, 1]",13.14,12.02,14.26,9.93,240757.95
GRDN,39.53,8,"[0, 1, 1, 1, 1, 1, 1, 1, 1, 0]",40.54,34.42,43.4,19.88,304311.85
CEPU,15.26,8,"[1, 0, 1, 0, 1, 1, 1, 1, 1, 1]",14.98,15.2,17.95,7.68,197332.05
PRDO,31.81,3,"[0, 0, 0, 0, 1, 0, 0, 1, 1, 0]",33.19,32.65,37.77,27.01,818969.55
HLIO,77.91,8,"[0, 1, 1, 1, 1, 1, 1, 1, 1, 0]",82.78,67.84,92.74,35.2,278337.25
WOLF,23.62,4,"[0, 0, 0, 1, 1, 0, 1, 0, 1, 0]",44.25,28.48,73.5,14.8,3923651.6
NTB,61.29,10,"[1, 1, 1, 1, 1, 1, 1, 1, 1, 1]",59.14,52.2,62.44,40.26,146984.3
FUN,17.33,4,"[0, 0, 0, 1, 1, 0, 1, 0, 1, 0]",20.4,18.31,30.7,12.83,2054942.6
BLBD,74.39,9,"[1, 1, 1, 1, 1, 1, 1, 1, 1, 0]",74.33,60.27,81.5,43.33,412649.4
KEEL,3.97,6,"[0, 1, 1, 1, 0, 1, 1, 0, 1, 0]",5.11,3.46,6.66,1.16,31605046.85
PENG,52.63,7,"[0, 1, 1, 1, 1, 1, 1, 0, 1, 0]",62.46,32.55,81.39,16.24,5012129.5
AXGN,42.21,9,"[1, 1, 1, 1, 1, 1, 1, 1, 1, 0]",42.0,34.07,46.19,12.55,1309560.8
PENN,20.53,9,"[1, 1, 1, 1, 1, 1, 1, 1, 1, 0]",20.4,16.28,22.06,11.76,2757714.6
CMPR,98.7,10,"[1, 1, 1, 1, 1, 1, 1, 1, 1, 1]",96.2,79.87,105.31,53.19,173706.35
FLOC,20.45,4,"[0, 0, 0, 0, 1, 1, 1, 0, 1, 0]",22.09,20.8,28.09,14.08,507898.15
DRH,13.24,10,"[1, 1, 1, 1, 1, 1, 1, 1, 1, 1]",11.95,9.88,13.24,7.27,2439441.45
XIFR,11.9,8,"[0, 1, 1, 1, 1, 1, 1, 1, 1, 0]",12.0,10.57,12.88,8.83,1178848.0
ADPT,22.57,10,"[1, 1, 1, 1, 1, 1, 1, 1, 1, 1]",19.21,16.58,24.18,10.33,2745861.3
HTH,39.44,10,"[1, 1, 1, 1, 1, 1, 1, 1, 1, 1]",38.25,36.12,39.94,28.94,244859.6
CTOS,10.15,9,"[0, 1, 1, 1, 1, 1, 1, 1, 1, 1]",10.4,7.73,11.97,5.34,968490.05
DRVN,14.27,6,"[1, 1, 1, 1, 0, 0, 1, 0, 1, 0]",13.98,14.08,19.21,10.3,694233.35
RDW,8.62,5,"[0, 0, 0, 1, 1, 1, 1, 0, 1, 0]",13.47,10.02,25.9,5.06,15354225.55
VVX,90.24,10,"[1, 1, 1, 1, 1, 1, 1, 1, 1, 1]",80.31,67.78,90.81,47.34,706510.45
BCRX,8.98,8,"[0, 1, 1, 1, 1, 1, 1, 1, 1, 0]",9.26,8.23,11.11,6.24,3772930.7
TIC,7.31,1,"[0, 0, 0, 0, 0, 0, 0, 0, 1, 0]",7.89,9.24,14.49,6.54,1972076.1
WERN,37.42,8,"[0, 1, 1, 1, 1, 1, 1, 1, 1, 0]",42.4,33.63,47.29,22.87,1408188.75
CENTA,37.91,9,"[1, 1, 1, 1, 1, 1, 1, 1, 1, 0]",37.11,32.72,39.54,26.27,264404.7
QUBT,8.1,2,"[0, 0, 0, 1, 0, 0, 0, 0, 1, 0]",9.57,10.31,24.62,6.31,8997995.8
ECO,60.33,10,"[1, 1, 1, 1, 1, 1, 1, 1, 1, 1]",53.03,43.55,60.33,22.07,409798.65
BHC,6.89,7,"[1, 1, 1, 0, 0, 0, 1, 1, 1, 1]",5.01,5.84,8.34,4.43,3447456.15
NMM,80.76,10,"[1, 1, 1, 1, 1, 1, 1, 1, 1, 1]",73.53,63.31,80.76,41.62,112725.45
MBIN,55.18,10,"[1, 1, 1, 1, 1, 1, 1, 1, 1, 1]",48.73,41.51,55.51,28.87,168825.45
FLYW,16.01,8,"[0, 1, 1, 1, 1, 1, 1, 1, 1, 0]",16.45,14.13,18.78,10.33,1926179.0
PBI,17.53,10,"[1, 1, 1, 1, 1, 1, 1, 1, 1, 1]",17.26,12.62,18.51,8.89,1777198.05
WLY,52.2,9,"[1, 1, 1, 1, 1, 1, 1, 1, 1, 0]",47.03,37.58,55.72,28.33,503979.75
CMRE,15.58,8,"[1, 0, 1, 0, 1, 1, 1, 1, 1, 1]",15.31,15.52,17.64,10.13,377892.95
SLDE,19.97,9,"[1, 1, 1, 1, 1, 1, 1, 1, 1, 0]",18.96,17.86,22.14,12.74,1204599.7
OCUL,8.17,1,"[0, 0, 0, 0, 0, 0, 0, 0, 1, 0]",9.09,10.1,16.11,6.88,2050568.25
ESTA,92.54,10,"[1, 1, 1, 1, 1, 1, 1, 1, 1, 1]",84.27,70.62,95.65,33.62,450338.35
SRPT,14.86,1,"[0, 0, 0, 0, 0, 0, 0, 0, 1, 0]",16.94,19.42,24.45,14.86,3089394.65
IMOS,47.4,7,"[0, 1, 1, 1, 1, 1, 1, 0, 1, 0]",61.07,41.43,75.79,14.89,142327.0
NVCR,14.84,7,"[0, 1, 1, 1, 1, 1, 1, 0, 1, 0]",16.53,13.79,19.99,10.03,1869611.15
DEI,11.82,5,"[0, 1, 1, 1, 0, 0, 1, 0, 1, 0]",11.9,10.96,15.83,8.85,1970341.9
EZPW,29.77,8,"[0, 1, 1, 1, 1, 1, 1, 1, 1, 0]",32.18,25.84,35.59,13.97,892136.4
PDFS,46.09,7,"[0, 1, 1, 1, 1, 1, 1, 0, 1, 0]",55.17,38.75,70.79,18.97,538754.45
TRVI,18.25,10,"[1, 1, 1, 1, 1, 1, 1, 1, 1, 1]",16.41,13.16,19.5,7.01,2570693.1
DCO,179.02,9,"[1, 1, 1, 1, 1, 1, 1, 1, 1, 0]",165.96,127.32,190.25,86.41,308659.85
WS,36.01,5,"[0, 0, 0, 1, 1, 1, 0, 0, 1, 1]",37.85,36.4,48.27,28.0,236728.35
STOK,28.86,5,"[0, 0, 0, 0, 1, 1, 1, 1, 1, 0]",30.31,31.66,38.35,12.91,618379.7
DHC,8.9,8,"[0, 1, 1, 1, 1, 1, 1, 1, 1, 0]",8.96,6.72,9.64,3.25,1254430.1
TYRA,31.88,8,"[1, 0, 1, 0, 1, 1, 1, 1, 1, 1]",30.63,28.87,39.61,10.1,569385.0
CLBK,10.81,10,"[1, 1, 1, 1, 1, 1, 1, 1, 1, 1]",9.72,8.21,11.14,6.24,9067203.8
MGNI,19.3,6,"[1, 1, 1, 1, 0, 0, 1, 0, 1, 0]",17.62,15.15,26.52,11.2,2252742.15
NGL,16.39,10,"[1, 1, 1, 1, 1, 1, 1, 1, 1, 1]",15.97,12.4,18.11,4.0,168054.05
NTST,21.45,8,"[1, 1, 1, 1, 1, 1, 0, 1, 1, 0]",20.84,19.24,22.26,16.77,1414463.65
ANAB,53.36,8,"[0, 1, 1, 1, 1, 1, 1, 1, 1, 0]",57.72,42.25,69.81,12.93,779759.4
PSNY,14.4,1,"[0, 0, 0, 0, 0, 0, 0, 0, 1, 0]",18.48,18.94,41.1,12.01,158963.65
NEXT,6.72,6,"[0, 0, 1, 1, 1, 1, 1, 0, 1, 0]",7.76,6.61,11.2,4.8,2773445.1
BBAI,2.79,1,"[0, 0, 0, 0, 0, 0, 0, 0, 1, 0]",3.68,4.75,8.91,2.59,25791805.55
ATEN,29.57,8,"[0, 1, 1, 1, 1, 1, 1, 1, 1, 0]",33.38,23.62,38.11,16.47,1268642.25
GTY,34.14,9,"[1, 1, 1, 1, 1, 1, 1, 1, 1, 0]",33.65,30.56,36.61,24.43,473807.55
OMCL,35.37,4,"[0, 0, 0, 1, 1, 1, 0, 0, 1, 0]",42.1,40.35,51.39,29.46,810116.65
SION,47.13,10,"[1, 1, 1, 1, 1, 1, 1, 1, 1, 1]",41.66,39.83,49.41,16.92,567426.2
SOC,5.29,4,"[0, 0, 0, 0, 1, 0, 1, 0, 1, 1]",8.26,10.14,30.42,3.08,9894907.15
BW,9.32,5,"[0, 0, 0, 1, 1, 1, 1, 0, 1, 0]",14.1,11.05,21.85,0.93,3500395.7
BSTZ,28.43,8,"[0, 1, 1, 1, 1, 1, 1, 1, 1, 0]",29.17,23.91,31.5,18.71,200043.0
NEOG,12.04,9,"[1, 1, 1, 0, 1, 1, 1, 1, 1, 1]",9.42,8.67,12.04,4.66,1909475.95
UTI,39.31,8,"[0, 1, 1, 1, 1, 1, 1, 1, 1, 0]",41.42,33.94,51.2,21.77,932249.6
INBX,82.05,5,"[0, 0, 0, 1, 1, 1, 1, 0, 1, 0]",93.3,83.79,141.84,20.93,295576.05
AUPH,14.88,6,"[0, 0, 0, 1, 1, 1, 1, 1, 1, 0]",15.93,15.15,18.62,10.49,1232914.25
TSHA,5.86,8,"[0, 1, 1, 1, 1, 1, 1, 1, 1, 0]",5.96,5.25,6.98,2.63,2942456.15
GNL,8.72,7,"[0, 0, 1, 1, 1, 1, 1, 1, 1, 0]",9.02,8.64,9.56,6.28,2306210.35
MBX,65.93,10,"[1, 1, 1, 1, 1, 1, 1, 1, 1, 1]",47.88,34.95,66.46,9.74,747227.05
ASTH,35.56,7,"[0, 1, 1, 1, 1, 1, 1, 0, 1, 0]",41.39,30.38,49.81,18.16,553681.0
LAC,2.87,1,"[0, 0, 0, 0, 0, 0, 0, 0, 1, 0]",3.96,4.81,10.05,2.55,9670044.3
IMAX,47.84,10,"[1, 1, 1, 1, 1, 1, 1, 1, 1, 1]",40.91,37.43,48.66,24.51,1588104.1
FIGS,10.7,5,"[0, 0, 0, 0, 1, 1, 1, 0, 1, 1]",11.05,11.78,17.12,6.17,2889336.75
MD,26.51,9,"[1, 1, 1, 1, 1, 1, 1, 1, 1, 0]",24.48,22.09,27.39,11.98,729193.95
NWL,5.6,9,"[1, 1, 1, 1, 1, 1, 1, 1, 1, 0]",4.8,4.13,6.14,2.94,9784106.95
PHVS,32.62,8,"[0, 1, 1, 1, 1, 1, 1, 1, 1, 0]",32.7,27.96,35.96,20.0,488954.0
PUMP,11.1,5,"[0, 0, 0, 1, 1, 1, 1, 0, 1, 0]",14.06,12.36,18.2,4.52,4688541.5
AGM,227.6,10,"[1, 1, 1, 1, 1, 1, 1, 1, 1, 1]",192.59,170.98,227.6,137.78,128325.75
RAMP,37.87,10,"[1, 1, 1, 1, 1, 1, 1, 1, 1, 1]",37.67,30.31,38.01,22.42,885965.75
LAR,6.01,5,"[0, 0, 0, 1, 1, 1, 1, 0, 1, 0]",8.11,7.11,11.79,2.55,1686643.1
PRKS,44.63,7,"[1, 1, 1, 1, 0, 0, 1, 1, 1, 0]",44.3,38.67,55.21,29.73,619906.05
SNDX,19.05,5,"[0, 0, 0, 0, 1, 1, 1, 1, 1, 0]",20.41,20.36,25.15,9.98,1601129.05
JBLU,6.03,10,"[1, 1, 1, 1, 1, 1, 1, 1, 1, 1]",5.41,4.99,6.46,4.03,38619786.3
ARCO,8.17,6,"[0, 0, 1, 1, 1, 1, 0, 1, 1, 0]",8.38,7.95,9.42,6.32,1368075.15
NEXA,12.85,8,"[0, 1, 1, 1, 1, 1, 1, 1, 1, 0]",13.4,11.01,16.55,4.62,549547.45
AGRO,9.97,5,"[0, 0, 0, 0, 1, 1, 1, 0, 1, 1]",10.74,10.14,15.18,7.07,679225.55
HTZ,1.59,1,"[0, 0, 0, 0, 0, 0, 0, 0, 1, 0]",3.46,4.86,7.81,1.59,19136015.05
SPB,88.77,10,"[1, 1, 1, 1, 1, 1, 1, 1, 1, 1]",83.87,71.46,90.53,49.33,288804.25
BLX,58.55,9,"[1, 1, 1, 1, 1, 1, 1, 1, 1, 0]",58.48,50.04,62.78,38.29,159185.35
MESO,14.17,1,"[0, 0, 0, 0, 0, 0, 0, 0, 1, 0]",14.91,16.08,20.96,12.88,295949.45
OCS,11.31,2,"[0, 0, 0, 0, 1, 0, 0, 0, 1, 0]",14.45,22.01,32.65,10.71,338353.55
ANIP,79.24,3,"[0, 0, 0, 1, 0, 0, 0, 1, 1, 0]",81.11,81.24,98.81,63.93,265411.0
PGNY,31.13,10,"[1, 1, 1, 1, 1, 1, 1, 1, 1, 1]",28.44,23.34,32.36,16.3,1110682.2
INVX,28.08,10,"[1, 1, 1, 1, 1, 1, 1, 1, 1, 1]",26.68,24.75,31.05,15.77,332164.75
CASH,88.24,8,"[1, 1, 1, 0, 1, 1, 1, 1, 1, 0]",85.51,82.7,99.87,66.35,219137.5
RAPP,40.98,10,"[1, 1, 1, 1, 1, 1, 1, 1, 1, 1]",39.27,32.11,42.78,14.04,375748.4
SNDA,40.36,9,"[1, 1, 1, 1, 1, 1, 1, 1, 1, 0]",38.2,34.09,43.07,23.92,450278.4
TPB,74.61,1,"[0, 0, 0, 0, 0, 0, 0, 0, 1, 0]",83.14,95.76,142.7,70.52,323429.5
VET,11.92,9,"[1, 1, 1, 0, 1, 1, 1, 1, 1, 1]",10.51,10.19,14.29,6.95,1597562.45
BORR,4.03,4,"[0, 0, 0, 0, 1, 1, 1, 0, 1, 0]",4.54,4.64,6.61,1.88,3840268.85
ECPG,94.08,10,"[1, 1, 1, 1, 1, 1, 1, 1, 1, 1]",86.48,67.54,95.9,35.97,351510.25
SONO,14.66,4,"[0, 0, 0, 0, 0, 0, 1, 1, 1, 1]",14.87,15.57,19.16,10.36,2252189.75
WBTN,9.12,1,"[0, 0, 0, 0, 0, 0, 0, 0, 1, 0]",11.15,12.35,21.31,8.58,344009.05
ADNT,21.04,5,"[1, 0, 0, 0, 1, 0, 0, 1, 1, 1]",20.88,21.25,27.09,17.8,881306.15
UFPT,254.78,9,"[1, 1, 1, 1, 1, 1, 1, 1, 1, 0]",240.66,225.2,272.36,185.28,209814.05
CLVT,1.98,1,"[0, 0, 0, 0, 0, 0, 0, 0, 1, 0]",2.28,2.76,4.5,1.68,7326903.25
AIN,74.51,10,"[1, 1, 1, 1, 1, 1, 1, 1, 1, 1]",70.87,58.38,76.29,40.8,188266.2
CTS,64.12,10,"[1, 1, 1, 1, 1, 1, 1, 1, 1, 1]",63.19,52.2,68.27,36.39,245618.1
VOYG,24.53,4,"[0, 0, 0, 1, 1, 0, 1, 0, 1, 0]",35.21,29.79,51.77,17.99,1401671.1
ZYME,21.94,5,"[0, 0, 0, 0, 1, 1, 1, 1, 1, 0]",24.24,23.98,28.56,12.02,449916.2
CAPR,3.85,3,"[0, 0, 0, 0, 1, 1, 0, 0, 1, 0]",23.14,23.28,35.34,3.85,5335255.6
PSIX,27.61,1,"[0, 0, 0, 0, 0, 0, 0, 0, 1, 0]",36.25,61.12,115.78,25.44,452580.8
LOB,42.8,10,"[1, 1, 1, 1, 1, 1, 1, 1, 1, 1]",40.0,36.53,43.69,29.34,221492.95
XPRO,15.95,8,"[1, 0, 1, 0, 1, 1, 1, 1, 1, 1]",15.34,15.44,18.39,9.89,1044908.65
PVLA,139.04,9,"[1, 1, 1, 1, 1, 1, 1, 1, 1, 0]",129.62,109.5,157.24,36.55,215708.85
FLNG,31.21,10,"[1, 1, 1, 1, 1, 1, 1, 1, 1, 1]",30.35,27.44,32.46,22.36,303214.75
SFL,12.34,10,"[1, 1, 1, 1, 1, 1, 1, 1, 1, 1]",11.29,9.64,12.57,6.59,1306664.4
CYD,47.16,9,"[0, 1, 1, 1, 1, 1, 1, 1, 1, 1]",48.87,42.55,58.55,21.92,128605.55
TILE,34.26,9,"[1, 1, 1, 1, 1, 1, 1, 1, 1, 0]",32.25,29.32,35.94,24.4,397657.9
PCT,6.37,2,"[0, 0, 0, 1, 0, 0, 0, 0, 1, 0]",8.75,8.83,15.13,5.06,4045589.85
LPG,47.42,10,"[1, 1, 1, 1, 1, 1, 1, 1, 1, 1]",40.89,32.06,47.42,22.34,619890.05
TE,4.17,5,"[0, 0, 0, 1, 1, 1, 1, 0, 1, 0]",8.03,6.4,12.04,1.16,40130832.4
WLTH,9.49,4,"[0, 0, 0, 0, 1, 0, 1, 0, 1, 1]",9.65,9.49,13.95,7.2,999443.8
VRDN,18.92,3,"[1, 0, 0, 0, 0, 0, 1, 0, 1, 0]",17.95,23.99,33.78,13.3,1746550.0
NRIX,23.21,9,"[1, 1, 1, 1, 1, 1, 1, 1, 1, 0]",20.39,17.09,24.69,8.24,1145091.15
QURE,43.63,7,"[1, 1, 1, 1, 0, 0, 1, 0, 1, 1]",36.72,28.54,70.59,9.03,1513608.8
DV,11.25,6,"[1, 1, 1, 1, 0, 0, 1, 0, 1, 0]",10.71,10.58,16.27,8.61,2079476.95
FIVN,27.51,9,"[1, 1, 1, 1, 0, 1, 1, 1, 1, 1]",23.25,19.96,27.66,13.61,3124947.4
INVA,20.97,5,"[0, 0, 0, 1, 1, 1, 0, 1, 1, 0]",22.18,21.52,24.24,16.67,758056.4
OPRA,18.9,9,"[1, 1, 1, 1, 1, 1, 1, 1, 1, 0]",18.6,15.37,20.17,11.56,330977.95
ARDX,4.95,2,"[0, 0, 0, 0, 1, 0, 0, 0, 1, 0]",5.54,6.03,7.99,4.33,2667693.8
POET,6.99,5,"[0, 0, 0, 1, 1, 1, 1, 0, 1, 0]",10.45,7.92,20.57,4.17,11817395.6
NUVB,6.33,8,"[1, 1, 1, 1, 0, 1, 1, 0, 1, 1]",5.56,5.7,9.54,2.23,6364880.75
PEB,19.1,10,"[1, 1, 1, 1, 1, 1, 1, 1, 1, 1]",17.93,13.62,19.75,9.36,2185792.4
NTLA,10.68,4,"[0, 0, 0, 1, 1, 0, 1, 0, 1, 0]",13.68,13.08,27.98,8.04,4220180.5
NVAX,7.32,3,"[0, 0, 0, 1, 1, 0, 0, 0, 1, 0]",8.98,8.47,11.19,6.22,3117833.2
SKYT,32.46,8,"[0, 1, 1, 1, 1, 1, 1, 1, 1, 0]",34.72,27.75,39.91,8.78,853220.0
ARLO,14.72,7,"[1, 1, 1, 0, 0, 0, 1, 1, 1, 1]",13.15,14.01,19.44,11.23,1107806.8
PRLB,75.05,8,"[0, 1, 1, 1, 1, 1, 1, 1, 1, 0]",76.67,62.04,81.68,43.19,202910.25
DCOM,40.76,10,"[1, 1, 1, 1, 1, 1, 1, 1, 1, 1]",39.05,33.45,41.03,25.24,302273.95
GLUE,16.52,5,"[0, 0, 0, 1, 1, 1, 1, 0, 1, 0]",20.78,18.16,25.31,4.19,1485573.7
AMLX,20.31,10,"[1, 1, 1, 1, 1, 1, 1, 1, 1, 1]",16.42,14.83,20.75,7.64,1702638.8
CLOV,4.17,8,"[0, 1, 1, 1, 1, 1, 1, 1, 1, 0]",4.52,2.98,5.41,1.7,4647205.65
REX,43.04,8,"[0, 1, 1, 1, 1, 1, 1, 1, 1, 0]",45.55,39.42,51.16,25.5,153582.65
STBA,52.15,10,"[1, 1, 1, 1, 1, 1, 1, 1, 1, 1]",48.17,42.5,53.36,33.76,281937.95
KOS,2.69,10,"[1, 1, 1, 1, 1, 1, 1, 1, 1, 1]",2.53,2.04,3.27,0.87,17088000.8
KSS,19.14,9,"[1, 1, 1, 1, 0, 1, 1, 1, 1, 1]",16.81,16.76,24.15,10.41,3416695.25
IOVA,4.07,7,"[0, 1, 1, 1, 1, 1, 1, 0, 1, 0]",4.29,3.3,5.48,1.81,16090502.0
PAHC,36.33,5,"[1, 0, 0, 0, 1, 0, 1, 0, 1, 1]",32.73,42.41,59.33,25.79,255371.1
OUST,39.01,7,"[0, 1, 1, 1, 1, 1, 1, 0, 1, 0]",41.95,28.63,62.52,16.63,3904674.1
STGW,8.45,10,"[1, 1, 1, 1, 1, 1, 1, 1, 1, 1]",7.16,6.03,8.49,4.4,1177647.7
BAND,39.14,7,"[0, 1, 1, 1, 1, 1, 1, 0, 1, 0]",61.41,29.45,78.44,12.82,1375515.1
NVRI,22.18,9,"[1, 1, 1, 1, 1, 1, 1, 1, 1, 0]",21.34,18.54,23.28,8.27,411481.55
ABCL,5.71,7,"[0, 1, 1, 1, 1, 1, 1, 0, 1, 0]",6.08,4.48,8.12,2.78,5486943.3
HOPE,14.01,10,"[1, 1, 1, 1, 1, 1, 1, 1, 1, 1]",13.2,11.72,14.12,9.37,1037951.75
AMRC,21.07,2,"[0, 0, 0, 0, 0, 0, 1, 0, 1, 0]",27.15,30.18,43.23,15.87,502630.55
TFIN,75.93,9,"[1, 1, 1, 1, 1, 1, 1, 1, 1, 0]",74.67,64.47,81.08,46.95,322801.85
HCSG,23.3,9,"[1, 1, 1, 1, 1, 1, 1, 1, 1, 0]",22.73,20.25,25.31,13.07,754114.05
DCH,5.65,4,"[0, 0, 0, 0, 1, 0, 1, 0, 1, 1]",5.84,6.33,9.0,4.31,2906618.15
XHR,20.58,10,"[1, 1, 1, 1, 1, 1, 1, 1, 1, 1]",19.54,15.8,21.82,11.98,643393.2
WLFC,71.33,1,"[0, 0, 0, 0, 0, 0, 0, 0, 1, 0]",,,239.91,63.12,169027.05
GBX,49.25,7,"[1, 0, 1, 0, 1, 1, 0, 1, 1, 1]",48.4,48.39,58.06,40.16,506071.6
LILAK,8.07,10,"[1, 1, 1, 1, 1, 1, 1, 1, 1, 1]",6.51,5.75,8.38,4.7,1347300.05
LILA,8.15,10,"[1, 1, 1, 1, 1, 1, 1, 1, 1, 1]",6.53,5.69,8.52,4.65,607440.65
ZD,53.08,10,"[1, 1, 1, 1, 1, 1, 1, 1, 1, 1]",49.09,40.48,54.38,26.51,517606.95
ECVT,12.06,8,"[0, 0, 1, 1, 1, 1, 1, 1, 1, 1]",12.67,11.41,14.97,7.84,1291649.75
VIR,8.66,7,"[0, 0, 1, 1, 1, 1, 1, 1, 1, 0]",9.31,8.07,11.09,4.28,1572305.4
AHCO,10.8,8,"[1, 1, 1, 0, 1, 1, 0, 1, 1, 1]",10.29,10.4,13.38,8.68,1033224.35
ALGT,98.08,8,"[0, 1, 1, 1, 1, 1, 1, 1, 1, 0]",98.5,86.54,119.16,48.12,451976.25
TRS,39.93,7,"[0, 1, 1, 1, 1, 1, 0, 1, 1, 0]",41.13,37.21,45.03,31.02,409281.2
CRML,5.49,2,"[0, 0, 0, 0, 0, 0, 1, 0, 1, 0]",9.0,10.56,29.97,3.75,5844976.15
TH,15.2,7,"[0, 1, 1, 1, 1, 1, 1, 0, 1, 0]",17.71,11.53,20.52,6.22,975466.55
UAMY,5.07,3,"[0, 0, 0, 0, 1, 0, 1, 0, 1, 0]",7.07,8.19,17.47,2.96,5310300.6
IMTX,8.66,3,"[0, 0, 0, 0, 0, 1, 1, 0, 1, 0]",9.8,10.09,11.87,5.09,414375.65
GSL,44.34,10,"[1, 1, 1, 1, 1, 1, 1, 1, 1, 1]",39.58,36.46,44.47,26.07,279644.85
YELP,26.43,5,"[1, 1, 0, 0, 0, 0, 1, 1, 1, 0]",24.47,26.76,34.18,19.78,963957.75
CNOB,32.94,10,"[1, 1, 1, 1, 1, 1, 1, 1, 1, 1]",32.04,27.86,34.11,21.63,474539.5
RES,5.61,5,"[0, 0, 0, 0, 1, 1, 1, 0, 1, 1]",6.25,6.09,7.95,4.15,1390798.15
BY,39.27,10,"[1, 1, 1, 1, 1, 1, 1, 1, 1, 1]",36.1,31.8,39.27,25.21,305067.65
NVGS,22.35,10,"[1, 1, 1, 1, 1, 1, 1, 1, 1, 1]",21.52,19.41,24.22,14.25,420031.05
PGEN,6.27,10,"[1, 1, 1, 1, 1, 1, 1, 1, 1, 1]",4.94,4.28,6.27,1.67,3823236.9
BHVN,13.5,6,"[1, 1, 1, 1, 0, 0, 1, 0, 1, 0]",13.37,11.58,18.11,7.79,2032017.6
TNC,84.03,8,"[0, 1, 1, 1, 1, 1, 1, 1, 1, 0]",86.4,77.73,91.15,60.69,142548.6
HLF,12.42,5,"[1, 0, 0, 0, 1, 1, 1, 0, 1, 0]",12.25,13.62,19.96,7.75,1346285.85
SHLS,8.74,4,"[0, 0, 0, 1, 0, 1, 1, 0, 1, 0]",10.27,8.88,12.77,4.46,5274303.75
ATAI,7.18,9,"[1, 1, 1, 1, 0, 1, 1, 1, 1, 1]",5.18,4.41,7.22,3.35,20788290.95
BCAX,27.1,9,"[1, 1, 1, 1, 1, 1, 1, 1, 1, 0]",24.97,19.92,30.4,9.99,568217.95
GCT,43.74,9,"[1, 1, 1, 0, 1, 1, 1, 1, 1, 1]",35.46,38.02,51.8,20.97,608869.1
AIP,29.88,7,"[0, 1, 1, 1, 1, 1, 1, 0, 1, 0]",36.37,22.43,48.59,8.59,663767.9
GHRS,28.07,10,"[1, 1, 1, 1, 1, 1, 1, 1, 1, 1]",24.93,17.94,29.13,11.8,286908.75
SBET,6.12,4,"[1, 0, 0, 0, 0, 0, 1, 0, 1, 1]",5.67,8.22,23.92,4.56,8806093.7
GILT,11.05,3,"[0, 0, 0, 0, 1, 0, 1, 0, 1, 0]",13.3,14.92,20.85,7.35,515482.2
AVAH,9.39,9,"[1, 1, 1, 1, 0, 1, 1, 1, 1, 1]",8.37,8.09,10.27,3.74,2082289.05
CBL,58.71,10,"[1, 1, 1, 1, 1, 1, 1, 1, 1, 1]",51.6,40.09,60.05,25.1,291707.45
BKSY,23.05,5,"[0, 0, 0, 1, 1, 1, 1, 0, 1, 0]",30.69,26.42,51.63,13.14,1184490.7
FTRE,19.17,10,"[1, 1, 1, 1, 1, 1, 1, 1, 1, 1]",16.93,13.64,20.7,5.46,1399603.85
NSSC,37.08,3,"[1, 0, 0, 0, 0, 0, 0, 1, 1, 0]",36.6,40.43,46.87,29.15,299845.15
DMRA,28.99,9,"[1, 1, 1, 1, 1, 1, 1, 1, 1, 0]",25.95,23.76,34.14,2.58,483475.55
PRG,44.02,9,"[1, 1, 1, 1, 1, 1, 1, 1, 1, 0]",40.86,33.51,47.53,25.95,498520.85
OBK,54.73,10,"[1, 1, 1, 1, 1, 1, 1, 1, 1, 1]",50.45,42.74,55.21,31.99,157667.5
MUX,17.29,4,"[0, 0, 0, 0, 1, 1, 1, 0, 1, 0]",18.75,21.01,29.05,9.88,797393.35
PRCT,18.62,1,"[0, 0, 0, 0, 0, 0, 0, 0, 1, 0]",22.68,27.54,49.96,16.69,1493535.8
NBR,85.67,9,"[0, 1, 1, 1, 1, 1, 1, 1, 1, 1]",88.55,73.65,110.63,31.58,261042.85
MAZE,26.92,3,"[0, 0, 0, 0, 0, 1, 1, 0, 1, 0]",27.24,34.57,51.83,13.14,464793.85
ENVX,4.09,1,"[0, 0, 0, 0, 0, 0, 0, 0, 1, 0]",6.0,7.03,13.19,3.68,6349352.2
TBLA,5.01,9,"[1, 1, 1, 1, 1, 1, 1, 1, 1, 0]",4.98,4.08,5.58,2.95,2431748.15
URGN,38.24,10,"[1, 1, 1, 1, 1, 1, 1, 1, 1, 1]",34.75,25.09,43.78,16.42,742264.6
NNE,15.91,1,"[0, 0, 0, 0, 0, 0, 0, 0, 1, 0]",21.81,27.99,56.63,14.88,2125597.0
HROW,38.77,3,"[0, 0, 0, 0, 1, 0, 1, 0, 1, 0]",39.37,41.11,54.8,29.03,566334.65
HLX,9.51,10,"[1, 1, 1, 1, 1, 1, 1, 1, 1, 1]",9.33,8.43,10.55,5.7,1314628.95
LINC,41.82,8,"[0, 1, 1, 1, 1, 1, 1, 1, 1, 0]",47.46,34.76,55.68,17.8,598340.0
RYZ,27.79,10,"[1, 1, 1, 1, 1, 1, 1, 1, 1, 1]",27.76,25.36,31.03,19.57,389484.45
HLIT,11.55,7,"[0, 1, 1, 1, 1, 1, 1, 0, 1, 0]",13.91,11.14,17.11,8.35,1430737.55
TROX,5.84,4,"[0, 0, 0, 0, 1, 1, 1, 0, 1, 0]",6.9,6.42,10.42,2.84,2272979.15
VIA,20.34,5,"[1, 1, 0, 0, 0, 0, 1, 0, 1, 1]",16.81,24.11,53.93,13.31,825972.85
LIND,29.58,10,"[1, 1, 1, 1, 1, 1, 1, 1, 1, 1]",25.29,18.46,29.79,11.45,756732.4
IPX,20.75,1,"[0, 0, 0, 0, 0, 0, 0, 0, 1, 0]",30.07,36.7,60.11,20.25,324324.5
WVE,5.51,1,"[0, 0, 0, 0, 0, 0, 0, 0, 1, 0]",5.98,9.6,21.31,5.51,2317560.9
PLTK,3.99,9,"[1, 1, 1, 1, 0, 1, 1, 1, 1, 1]",3.65,3.56,4.26,2.72,1288612.4
AVBP,29.82,8,"[0, 1, 1, 1, 1, 1, 1, 1, 1, 0]",31.27,25.32,34.74,16.95,526075.6
RLJ,12.25,10,"[1, 1, 1, 1, 1, 1, 1, 1, 1, 1]",11.15,8.38,12.48,6.26,1728108.9
LOMA,11.48,8,"[0, 1, 1, 1, 1, 1, 1, 1, 1, 0]",11.6,11.27,13.12,7.13,356726.65
TV,2.8,6,"[1, 0, 0, 0, 1, 1, 0, 1, 1, 1]",2.76,2.89,3.44,2.3,927584.5
SBH,14.97,7,"[1, 1, 1, 0, 0, 0, 1, 1, 1, 1]",13.89,14.58,17.0,9.65,1314463.6
CSIQ,15.08,4,"[0, 0, 0, 0, 0, 1, 1, 0, 1, 1]",16.1,18.71,33.58,9.51,2263493.55
RXT,4.13,7,"[0, 1, 1, 1, 1, 1, 1, 0, 1, 0]",5.24,2.44,7.53,0.41,15050441.75
GIII,36.41,10,"[1, 1, 1, 1, 1, 1, 1, 1, 1, 1]",34.02,30.35,36.81,23.02,456726.1
TTI,7.7,4,"[0, 0, 0, 0, 1, 1, 1, 0, 1, 0]",9.66,9.28,12.32,3.86,1622535.75
KDK,4.35,1,"[0, 0, 0, 0, 0, 0, 0, 0, 1, 0]",5.61,7.69,10.92,4.02,820771.35
STAA,24.36,5,"[0, 1, 1, 1, 0, 0, 1, 0, 1, 0]",28.12,24.34,33.34,16.1,988700.0
TWO,12.09,10,"[1, 1, 1, 1, 1, 1, 1, 1, 1, 1]",12.06,10.67,13.3,8.4,2070150.2
ARRY,5.22,1,"[0, 0, 0, 0, 0, 0, 0, 0, 1, 0]",7.19,8.3,11.96,4.81,6588911.65
BAK,2.33,2,"[0, 0, 0, 0, 1, 0, 0, 0, 1, 0]",3.12,3.36,5.02,2.26,1861182.55
TDOC,6.71,5,"[0, 1, 0, 1, 0, 1, 1, 0, 1, 0]",8.13,6.89,9.72,4.47,5558157.6
WLDN,68.53,1,"[0, 0, 0, 0, 0, 0, 0, 0, 1, 0]",83.24,94.04,134.94,66.91,266824.75
CRVS,13.26,6,"[1, 0, 1, 0, 1, 1, 1, 0, 1, 0]",13.26,12.96,25.52,4.1,1050865.8
CRI,38.57,8,"[0, 1, 1, 1, 1, 1, 1, 1, 1, 0]",39.64,35.43,43.75,22.91,946398.6
PLSE,35.13,10,"[1, 1, 1, 1, 1, 1, 1, 1, 1, 1]",27.59,20.36,35.47,12.66,362887.3
OLMA,11.45,3,"[0, 0, 0, 0, 0, 1, 1, 0, 1, 0]",11.53,17.45,35.83,4.57,1021985.8
TEN,40.12,10,"[1, 1, 1, 1, 1, 1, 1, 1, 1, 1]",37.89,31.69,43.34,18.96,212544.9
WBI,34.22,9,"[1, 1, 1, 1, 1, 0, 1, 1, 1, 1]",32.08,26.25,36.21,18.69,690768.65
ATLC,105.49,10,"[1, 1, 1, 1, 1, 1, 1, 1, 1, 1]",95.21,69.45,110.41,47.96,169553.1
JBIO,19.75,7,"[0, 1, 1, 1, 1, 1, 1, 0, 1, 0]",19.87,16.52,26.85,6.77,891558.05
GPRE,16.85,10,"[1, 1, 1, 1, 1, 1, 1, 1, 1, 1]",15.92,13.71,19.23,7.31,1323050.7
RCAT,7.53,2,"[0, 0, 0, 0, 1, 0, 0, 0, 1, 0]",10.11,11.12,17.36,6.14,7624559.05
MRTN,14.79,8,"[0, 1, 1, 1, 1, 1, 1, 1, 1, 0]",17.1,13.53,18.22,9.28,663340.55
DSGR,34.57,10,"[1, 1, 1, 1, 1, 1, 1, 1, 1, 1]",29.11,28.13,34.63,19.31,305164.95
EVLV,5.53,1,"[0, 0, 0, 0, 0, 0, 0, 0, 1, 0]",5.9,6.29,8.76,4.9,1773013.0
NPKI,12.49,6,"[0, 0, 0, 1, 1, 1, 1, 1, 1, 0]",14.61,13.85,16.35,8.68,869621.8
ABTC,5.52,1,"[0, 0, 0, 0, 0, 0, 0, 0, 1, 0]",10.3,26.74,139.65,5.19,1723062.6
DQ,12.17,1,"[0, 0, 0, 0, 0, 0, 0, 0, 1, 0]",13.95,22.9,35.69,11.63,739918.15
AMAL,49.38,10,"[1, 1, 1, 1, 1, 1, 1, 1, 1, 1]",45.17,37.8,49.89,24.92,162432.9
VTOL,45.32,9,"[1, 1, 1, 0, 1, 1, 1, 1, 1, 1]",43.09,42.36,49.86,32.94,175561.65
PGY,19.27,7,"[1, 1, 1, 1, 0, 0, 1, 0, 1, 1]",16.1,17.97,43.81,10.64,3001451.7
NAT,6.53,10,"[1, 1, 1, 1, 1, 1, 1, 1, 1, 1]",5.77,4.65,6.66,2.56,3271735.9
PNTG,40.32,10,"[1, 1, 1, 1, 1, 1, 1, 1, 1, 1]",36.58,31.38,42.02,22.07,265034.2
MRVI,6.57,10,"[1, 1, 1, 1, 1, 1, 1, 1, 1, 1]",5.75,4.03,7.24,2.03,2809025.5
NSP,50.61,9,"[1, 1, 1, 1, 0, 1, 1, 1, 1, 1]",41.24,34.81,54.03,19.54,692701.8
MLTX,18.44,6,"[0, 1, 1, 1, 1, 0, 1, 0, 1, 0]",19.07,16.17,61.99,6.24,1049362.85
BLDP,2.67,4,"[0, 0, 0, 1, 1, 0, 1, 0, 1, 0]",4.05,3.16,6.38,1.73,6658113.95
UFCS,51.36,9,"[1, 1, 1, 1, 1, 1, 1, 1, 1, 0]",49.27,40.09,53.93,25.74,158053.35
REAL,12.09,6,"[1, 1, 0, 0, 0, 1, 1, 0, 1, 1]",10.86,12.12,16.9,5.24,2687163.35
JKS,15.14,1,"[0, 0, 0, 0, 0, 0, 0, 0, 1, 0]",17.39,21.99,28.22,14.58,620506.35
AORT,26.83,4,"[1, 0, 0, 0, 0, 0, 1, 0, 1, 1]",23.09,35.88,47.63,20.1,538262.25
KMTS,22.83,5,"[1, 1, 0, 0, 0, 0, 1, 1, 1, 0]",22.48,23.52,28.01,14.46,404668.95
ASTE,50.66,6,"[0, 0, 0, 1, 1, 1, 1, 1, 1, 0]",54.22,51.89,64.85,37.5,178866.3
COLL,35.39,3,"[1, 0, 0, 0, 0, 1, 0, 0, 1, 0]",34.8,39.33,49.84,29.75,367907.1
TK,11.65,10,"[1, 1, 1, 1, 1, 1, 1, 1, 1, 1]",11.4,10.4,13.09,6.69,515081.5
VSTS,14.46,10,"[1, 1, 1, 1, 1, 1, 1, 1, 1, 1]",13.91,8.99,16.5,4.06,1207763.55
DLX,25.87,9,"[1, 1, 1, 0, 1, 1, 1, 1, 1, 1]",24.36,24.08,31.5,14.77,341286.25
CCO,2.42,10,"[1, 1, 1, 1, 1, 1, 1, 1, 1, 1]",2.41,2.23,2.43,1.02,5800697.15
ULCC,6.75,9,"[1, 1, 1, 1, 1, 1, 1, 1, 1, 0]",6.47,4.95,8.06,3.1,4383471.8
ITRN,55.16,8,"[0, 1, 1, 1, 1, 1, 1, 1, 1, 0]",59.93,48.71,65.85,30.77,164626.85
ELE,15.67,2,"[0, 0, 0, 0, 1, 0, 0, 0, 1, 0]",16.1,17.54,24.16,12.54,272732.8
ADTN,8.51,4,"[0, 0, 0, 1, 1, 1, 0, 0, 1, 0]",13.71,11.55,19.4,7.25,2087980.5
ACDC,4.04,4,"[0, 0, 0, 1, 1, 1, 0, 0, 1, 0]",5.8,5.36,8.06,3.19,1478501.85
XPEL,44.37,5,"[0, 0, 0, 0, 1, 1, 1, 1, 1, 0]",45.51,45.49,54.95,31.49,213981.5
PRCH,14.45,7,"[1, 1, 1, 1, 0, 0, 1, 1, 1, 0]",12.26,10.14,19.04,6.4,1875497.2
CMP,29.34,8,"[0, 1, 1, 1, 1, 1, 1, 1, 1, 0]",30.25,24.27,33.51,16.54,328817.3
NEO,15.29,9,"[1, 1, 1, 1, 0, 1, 1, 1, 1, 1]",12.61,10.84,15.88,5.16,3143393.1
MPLT,13.02,4,"[0, 0, 0, 1, 1, 0, 1, 0, 1, 0]",30.49,13.02,39.8,9.9,1485710.1
AVNS,24.99,10,"[1, 1, 1, 1, 1, 1, 1, 1, 1, 1]",24.88,16.72,25.05,9.89,805685.3
GOOS,8.93,1,"[0, 0, 0, 0, 0, 0, 0, 0, 1, 0]",9.65,11.62,15.1,8.89,663588.0
PRSU,50.53,9,"[1, 1, 1, 1, 1, 1, 1, 1, 1, 0]",50.1,39.98,55.97,28.29,232824.6
VYX,8.27,4,"[1, 1, 0, 0, 0, 0, 1, 0, 1, 0]",7.63,8.7,13.72,6.15,1870747.95
GOLD,41.36,6,"[1, 0, 1, 0, 1, 1, 1, 0, 1, 0]",41.26,40.42,63.6,20.24,374903.8
HQH,21.84,9,"[1, 1, 1, 1, 1, 1, 1, 1, 1, 0]",20.58,18.68,22.09,13.76,275383.25
EYPT,12.25,2,"[0, 0, 0, 0, 1, 0, 0, 0, 1, 0]",13.14,14.09,18.85,9.71,1511897.65
AOSL,31.74,7,"[0, 1, 1, 1, 1, 1, 1, 0, 1, 0]",40.38,29.14,53.32,17.47,639464.05
ALNT,87.46,10,"[1, 1, 1, 1, 1, 1, 1, 1, 1, 1]",87.28,67.42,102.93,37.93,270961.25
GNK,25.54,10,"[1, 1, 1, 1, 1, 1, 1, 1, 1, 1]",24.51,21.2,26.77,14.87,253822.0
LQDT,38.98,10,"[1, 1, 1, 1, 1, 1, 1, 1, 1, 1]",37.82,32.17,41.02,22.16,187595.55
XERS,8.08,8,"[1, 1, 1, 1, 0, 1, 1, 1, 1, 0]",7.46,7.08,9.9,5.29,1680060.15
CDNA,43.71,10,"[1, 1, 1, 1, 1, 1, 1, 1, 1, 1]",28.34,20.95,43.71,11.57,1204477.35
ZBIO,31.44,8,"[1, 1, 1, 1, 0, 1, 1, 0, 1, 1]",24.15,25.73,43.17,14.63,806512.35
EVEX,2.32,1,"[0, 0, 0, 0, 0, 0, 0, 0, 1, 0]",2.68,3.4,6.7,2.18,979143.6
AMN,33.63,9,"[1, 1, 1, 1, 1, 1, 1, 1, 1, 0]",31.71,22.33,35.77,15.1,758506.65
BUR,4.12,1,"[0, 0, 0, 0, 0, 0, 0, 0, 1, 0]",4.29,7.07,13.82,3.92,1884981.95
TDAY,8.69,9,"[1, 1, 1, 1, 1, 1, 1, 1, 1, 0]",8.2,6.48,8.86,3.49,1428279.6
ACVA,7.49,7,"[1, 1, 1, 1, 0, 0, 1, 0, 1, 1]",6.79,6.74,14.33,4.15,3036541.55
KODK,8.4,4,"[0, 0, 0, 0, 1, 1, 1, 0, 1, 0]",8.98,8.72,14.51,5.43,713121.85
DBVT,13.5,4,"[0, 0, 0, 0, 1, 1, 1, 0, 1, 0]",16.18,18.24,24.54,8.7,298750.9
IVA,4.48,5,"[1, 0, 0, 0, 1, 0, 1, 0, 1, 1]",4.25,5.07,7.15,3.22,1254865.05
ASST,11.11,3,"[0, 0, 0, 1, 0, 0, 1, 0, 1, 0]",13.87,15.48,178.2,7.16,2726141.05
UVE,43.71,10,"[1, 1, 1, 1, 1, 1, 1, 1, 1, 1]",39.64,34.75,45.02,22.6,235677.8
OSBC,25.29,10,"[1, 1, 1, 1, 1, 1, 1, 1, 1, 1]",22.71,20.49,25.34,16.38,448183.1
MNKD,3.91,3,"[1, 0, 0, 0, 0, 0, 1, 0, 1, 0]",3.86,4.33,6.21,2.28,4524471.0
GHM,95.9,8,"[0, 1, 1, 1, 1, 1, 1, 1, 1, 0]",106.04,83.06,123.79,46.97,249603.5
BFLY,7.11,9,"[1, 1, 1, 1, 1, 1, 1, 1, 1, 0]",6.52,4.36,8.91,1.33,8017005.05
NWPX,123.08,8,"[0, 1, 1, 1, 1, 1, 1, 1, 1, 0]",130.55,86.78,149.94,40.54,216739.35
LGIH,54.57,8,"[0, 1, 1, 1, 1, 1, 1, 1, 1, 0]",55.59,48.97,67.47,34.24,271872.4
SATL,3.58,5,"[0, 0, 0, 1, 1, 1, 1, 0, 1, 0]",5.94,4.38,10.74,1.27,4527007.95
IART,16.65,8,"[0, 1, 1, 1, 1, 1, 1, 1, 1, 0]",17.6,13.32,19.85,8.9,1032583.25
UVSP,44.24,10,"[1, 1, 1, 1, 1, 1, 1, 1, 1, 1]",42.52,35.76,45.21,27.36,254181.85
PBT,29.61,8,"[1, 1, 1, 1, 1, 1, 0, 0, 1, 1]",27.63,21.69,,,100578.9
RJET,20.65,6,"[1, 1, 1, 1, 0, 0, 0, 1, 1, 0]",19.13,19.57,25.35,16.05,105038.55
SEPN,34.45,10,"[1, 1, 1, 1, 1, 1, 1, 1, 1, 1]",33.3,27.25,37.84,10.93,401764.65
SVRA,5.46,7,"[0, 0, 1, 1, 1, 1, 1, 1, 1, 0]",5.55,5.41,6.94,2.57,1786250.75
SVC,8.03,2,"[0, 0, 0, 0, 0, 0, 1, 0, 1, 0]",8.44,9.09,14.24,5.83,1929895.45
TNDM,19.5,8,"[1, 1, 1, 0, 1, 1, 1, 0, 1, 1]",16.52,19.01,28.26,10.11,1653749.35
PDM,9.69,9,"[1, 1, 1, 1, 0, 1, 1, 1, 1, 1]",9.16,8.28,9.96,6.39,697174.15
ATEX,93.02,9,"[1, 1, 1, 1, 1, 1, 1, 1, 1, 0]",85.29,44.54,108.21,17.99,365045.15
PLOW,44.13,8,"[0, 1, 1, 1, 1, 1, 1, 1, 1, 0]",46.22,39.93,54.2,27.05,274147.55
RERE,4.24,5,"[1, 0, 0, 0, 1, 0, 1, 0, 1, 1]",4.13,4.71,6.2,3.05,878988.2
APEI,48.51,7,"[0, 0, 1, 1, 1, 1, 1, 1, 1, 0]",52.6,46.57,60.86,28.03,340426.05
CEVA,32.65,7,"[0, 1, 1, 1, 1, 1, 1, 0, 1, 0]",42.27,28.29,50.06,17.21,728137.2
INNV,11.36,9,"[1, 1, 1, 1, 1, 1, 1, 1, 1, 0]",9.89,7.53,12.11,3.13,283191.0
HTLD,12.23,7,"[0, 0, 1, 1, 1, 1, 1, 1, 1, 0]",14.89,11.27,16.2,7.04,650298.3
CFFN,8.84,10,"[1, 1, 1, 1, 1, 1, 1, 1, 1, 1]",8.28,7.24,8.86,5.49,821161.85
OMER,11.84,8,"[1, 1, 1, 0, 1, 1, 1, 0, 1, 1]",10.34,10.98,17.18,3.61,1454669.45
LMRI,10.41,4,"[1, 0, 0, 0, 1, 0, 1, 0, 1, 0]",9.97,10.41,18.53,6.77,385313.0
LXU,10.88,5,"[0, 0, 0, 0, 1, 1, 1, 0, 1, 1]",11.71,11.3,16.88,7.16,753833.4
GDRX,3.07,7,"[1, 1, 1, 1, 0, 0, 1, 0, 1, 1]",2.87,2.69,5.12,1.87,972857.45
KOPN,3.52,7,"[0, 1, 1, 1, 1, 1, 1, 0, 1, 0]",4.5,3.29,6.39,1.74,4089475.85
DAKT,19.77,2,"[0, 0, 0, 0, 1, 0, 0, 0, 1, 0]",19.91,20.51,27.73,15.84,479612.2
INR,13.16,4,"[1, 0, 0, 0, 1, 0, 0, 0, 1, 1]",13.12,14.6,19.23,11.2,297778.7
EPC,27.19,9,"[1, 1, 1, 1, 1, 1, 1, 1, 1, 0]",24.04,20.58,29.66,15.68,650603.4
INDI,3.23,3,"[0, 0, 0, 1, 0, 0, 1, 0, 1, 0]",4.13,3.95,6.0,2.44,4735981.6
PHAT,8.75,1,"[0, 0, 0, 0, 0, 0, 0, 0, 1, 0]",10.8,12.66,18.08,8.35,1522061.15
CRON,2.83,9,"[1, 1, 1, 1, 1, 1, 1, 1, 1, 0]",2.76,2.64,3.27,1.95,793111.5
JMIA,5.95,2,"[0, 0, 0, 0, 0, 0, 1, 0, 1, 0]",6.73,9.14,14.6,4.45,1420952.75
XNCR,20.21,9,"[1, 1, 1, 1, 0, 1, 1, 1, 1, 1]",14.76,13.81,21.49,7.0,1085973.55
CMPS,11.35,8,"[0, 1, 1, 1, 1, 1, 1, 1, 1, 0]",12.45,8.23,15.07,4.08,4422551.9
METC,9.17,1,"[0, 0, 0, 0, 0, 0, 0, 0, 1, 0]",13.28,17.74,54.55,9.17,1631747.9
AMBQ,63.59,7,"[0, 1, 1, 1, 1, 1, 1, 0, 1, 0]",79.04,43.56,90.48,22.76,526330.15
NUTX,147.43,7,"[0, 1, 1, 1, 0, 1, 1, 1, 1, 0]",151.88,132.94,196.53,80.92,119126.8
CODI,10.08,8,"[0, 1, 1, 1, 1, 1, 1, 1, 1, 0]",10.47,8.15,12.48,4.65,608204.8
SANA,3.13,1,"[0, 0, 0, 0, 0, 0, 0, 0, 1, 0]",3.26,3.83,5.92,2.68,2675637.7
SCSC,56.62,10,"[1, 1, 1, 1, 1, 1, 1, 1, 1, 1]",50.71,42.51,57.38,34.27,178990.75
NX,17.84,8,"[1, 0, 1, 0, 1, 1, 1, 1, 1, 1]",17.53,17.19,22.34,11.09,317223.35
AVO,12.61,6,"[1, 0, 0, 0, 1, 1, 0, 1, 1, 1]",12.08,12.71,15.34,10.11,1013181.85
ANNX,5.09,4,"[0, 0, 0, 0, 1, 1, 1, 0, 1, 0]",5.36,5.13,6.96,2.05,4042717.75
AMTB,29.6,10,"[1, 1, 1, 1, 1, 1, 1, 1, 1, 1]",24.86,21.72,30.58,16.48,433814.2
ABSI,7.78,7,"[0, 1, 1, 1, 1, 1, 1, 0, 1, 0]",8.11,4.64,11.62,2.3,3716876.65
AMC,2.82,8,"[1, 1, 1, 1, 0, 0, 1, 1, 1, 1]",2.08,1.8,3.15,0.95,52986615.4
ORIC,11.07,6,"[1, 1, 1, 0, 0, 0, 1, 1, 1, 0]",9.66,10.58,14.41,7.47,1625588.35
RHLD,123.76,4,"[0, 0, 0, 0, 1, 1, 1, 0, 1, 0]",128.23,154.64,226.37,39.5,139091.9
TBN,33.25,8,"[0, 1, 1, 1, 1, 1, 1, 0, 1, 1]",33.5,30.69,49.99,19.99,133068.6
JBSS,82.76,9,"[1, 1, 1, 1, 1, 1, 1, 1, 1, 0]",81.03,75.12,90.6,57.6,114681.1
MGTX,11.79,9,"[1, 1, 1, 1, 1, 1, 1, 1, 1, 0]",11.34,9.08,14.66,6.99,735582.3
HEPS,2.95,10,"[1, 1, 1, 1, 1, 1, 1, 1, 1, 1]",2.84,2.68,3.29,2.18,101469.8
AGL,91.61,7,"[0, 1, 1, 1, 1, 1, 1, 0, 1, 0]",105.07,42.47,129.84,7.91,306731.4
HAFC,31.88,9,"[1, 1, 1, 1, 1, 1, 1, 1, 1, 0]",31.49,28.15,33.31,21.52,282759.45
SLS,10.01,7,"[0, 1, 1, 1, 1, 1, 1, 0, 1, 0]",10.47,5.4,15.45,1.39,7456561.85
BJRI,67.61,10,"[1, 1, 1, 1, 1, 1, 1, 1, 1, 1]",56.23,42.84,74.26,28.69,499974.55
CGEM,16.5,9,"[1, 1, 1, 1, 1, 1, 1, 1, 1, 0]",16.3,13.05,18.48,5.75,576266.6
VPG,92.05,7,"[0, 1, 1, 1, 1, 1, 1, 0, 1, 0]",119.53,64.2,149.91,25.8,499050.3
SHEN,11.99,3,"[0, 0, 0, 1, 1, 0, 0, 0, 1, 0]",14.17,13.39,17.1,9.9,505675.1
ROOT,54.15,1,"[0, 0, 0, 0, 0, 0, 0, 0, 1, 0]",56.99,62.65,125.54,43.21,207212.9
GERN,1.29,3,"[0, 0, 0, 0, 1, 1, 0, 0, 1, 0]",1.32,1.4,1.95,1.07,8867572.7
VLRS,7.83,4,"[0, 0, 0, 0, 1, 1, 1, 0, 1, 0]",8.12,7.97,10.63,5.58,581501.9
LXRX,2.31,9,"[1, 1, 1, 1, 1, 1, 1, 1, 1, 0]",2.18,1.67,2.64,1.04,2718579.8
DSGN,12.18,8,"[0, 1, 1, 1, 1, 1, 1, 1, 1, 0]",12.34,10.62,15.79,3.82,613712.8
HNRG,14.22,1,"[0, 0, 0, 0, 0, 0, 0, 0, 1, 0]",16.96,18.35,23.81,13.7,704577.05
NB,4.26,2,"[0, 0, 0, 0, 0, 0, 1, 0, 1, 0]",4.92,5.74,11.67,3.16,2915213.2
MATW,27.75,9,"[1, 1, 1, 1, 1, 1, 0, 1, 1, 1]",26.73,25.82,28.85,21.44,248130.5
TBPH,16.86,6,"[1, 0, 0, 0, 1, 1, 1, 1, 1, 0]",16.69,17.05,20.74,10.9,597541.85
BVS,13.17,10,"[1, 1, 1, 1, 1, 1, 1, 1, 1, 1]",10.32,8.83,13.21,6.14,716504.9
OMDA,19.84,5,"[0, 1, 1, 1, 0, 0, 1, 0, 1, 0]",19.85,17.06,26.78,10.94,1288191.95
SCHL,40.65,8,"[0, 1, 1, 1, 1, 1, 1, 1, 1, 0]",43.68,35.91,47.34,23.76,362800.25
TALK,5.22,10,"[1, 1, 1, 1, 1, 1, 1, 1, 1, 1]",5.21,4.42,5.24,2.27,1596030.05
ABX,10.31,9,"[1, 1, 1, 1, 1, 1, 1, 1, 1, 0]",10.01,8.48,12.0,4.87,633119.2
SPRY,5.13,1,"[0, 0, 0, 0, 0, 0, 0, 0, 1, 0]",8.14,8.99,17.98,5.13,2295222.8
CTMX,3.1,4,"[0, 0, 0, 0, 1, 1, 1, 0, 1, 0]",3.4,4.19,6.75,1.76,3204073.25
MYE,34.16,10,"[1, 1, 1, 1, 1, 1, 1, 1, 1, 1]",28.35,21.95,35.31,14.46,431179.15
ABUS,4.34,5,"[0, 0, 0, 1, 0, 1, 1, 1, 1, 0]",4.52,4.45,5.22,3.27,1968057.3
AEVA,17.54,7,"[0, 1, 1, 1, 1, 1, 1, 0, 1, 0]",21.99,16.51,29.29,9.19,1415828.6
KOP,49.02,10,"[1, 1, 1, 1, 1, 1, 1, 1, 1, 1]",45.2,35.86,51.47,26.16,147957.4
NBBK,23.01,10,"[1, 1, 1, 1, 1, 1, 1, 1, 1, 1]",20.86,20.39,23.05,16.64,329097.05
IBTA,24.0,4,"[0, 0, 0, 1, 1, 1, 0, 0, 1, 0]",31.48,28.07,37.0,19.25,166016.95
CRSR,10.61,10,"[1, 1, 1, 1, 1, 1, 1, 1, 1, 1]",9.42,7.02,12.14,4.58,1421486.4
KRO,6.02,8,"[0, 0, 1, 1, 1, 1, 1, 1, 1, 1]",6.58,5.79,7.82,4.21,380642.05
ODD,14.18,3,"[1, 0, 0, 0, 0, 0, 1, 0, 1, 0]",13.99,25.51,74.04,9.81,756660.1
DRUG,73.26,7,"[1, 0, 0, 0, 1, 1, 1, 1, 1, 1]",71.93,75.71,95.99,33.63,248338.85
KURA,9.01,4,"[0, 0, 0, 1, 0, 1, 1, 0, 1, 0]",10.2,9.64,12.14,5.54,1384230.7
SCZM,6.46,3,"[0, 0, 0, 0, 1, 0, 1, 0, 1, 0]",6.88,8.43,16.16,3.41,468297.05
CVLG,35.52,7,"[0, 1, 1, 1, 1, 1, 1, 0, 1, 0]",43.61,30.14,49.88,17.94,208065.2
PURR,6.21,4,"[0, 1, 0, 1, 0, 0, 1, 0, 1, 0]",8.1,6.21,10.97,3.1,9224036.4
TSAT,37.26,6,"[0, 0, 1, 1, 1, 1, 1, 0, 1, 0]",44.71,37.08,58.51,19.93,205797.55
SG,6.45,4,"[0, 0, 0, 1, 1, 0, 1, 0, 1, 0]",8.07,6.85,12.66,4.7,5536553.05
VOR,21.15,7,"[1, 1, 1, 1, 0, 0, 1, 0, 1, 1]",16.75,15.52,48.72,6.86,1112051.7
EVMN,11.25,2,"[0, 0, 0, 0, 1, 0, 0, 0, 1, 0]",17.26,11.25,31.57,11.05,708937.0
WYFI,23.7,6,"[0, 1, 1, 1, 0, 1, 1, 0, 1, 0]",30.63,22.39,44.77,10.78,2824209.35
SABR,1.85,6,"[1, 1, 1, 1, 0, 0, 1, 0, 1, 0]",1.81,1.62,3.0,0.82,3166349.9
CGNT,8.94,7,"[0, 1, 1, 1, 1, 1, 1, 0, 1, 0]",9.1,8.82,12.24,6.34,497145.95
ETON,46.42,10,"[1, 1, 1, 1, 1, 1, 1, 1, 1, 1]",35.97,23.65,49.03,14.13,540391.45
WEST,8.12,10,"[1, 1, 1, 1, 1, 1, 1, 1, 1, 1]",8.11,5.61,9.73,3.71,447438.75
EGBN,27.75,10,"[1, 1, 1, 1, 1, 1, 1, 1, 1, 1]",27.45,24.14,29.13,15.78,302174.15
GO,9.19,4,"[0, 1, 0, 1, 0, 0, 1, 0, 1, 0]",9.26,9.57,18.66,5.79,2050174.8
BIOA,9.04,5,"[0, 0, 0, 1, 1, 1, 1, 0, 1, 0]",20.35,16.52,25.1,4.12,1055904.2
ASC,17.39,10,"[1, 1, 1, 1, 1, 1, 1, 1, 1, 1]",16.38,14.21,19.22,9.9,553688.3
ADAM,9.07,9,"[1, 1, 1, 1, 1, 1, 1, 1, 1, 0]",8.94,7.66,9.51,5.79,839018.15
DXYZ,22.89,3,"[0, 0, 0, 1, 1, 0, 0, 0, 1, 0]",32.78,30.5,71.24,20.82,1035498.35
SUPV,9.46,3,"[0, 0, 0, 0, 0, 1, 1, 0, 1, 0]",9.73,9.95,12.86,4.69,402701.0
NRGV,2.85,4,"[0, 0, 0, 0, 1, 1, 1, 0, 1, 0]",4.15,4.08,6.49,1.05,4250283.65
IMSR,4.91,1,"[0, 0, 0, 0, 0, 0, 0, 0, 1, 0]",6.73,8.79,27.1,4.62,2196586.25
ANRO,27.07,10,"[1, 1, 1, 1, 1, 1, 1, 1, 1, 1]",24.01,19.55,28.63,3.05,575427.65
KFRC,56.77,10,"[1, 1, 1, 1, 1, 1, 1, 1, 1, 1]",50.38,35.65,59.06,23.68,284893.15
CWH,6.19,1,"[0, 0, 0, 0, 0, 0, 0, 0, 1, 0]",6.94,9.33,17.56,5.63,2548420.85
ARKO,7.99,9,"[1, 1, 1, 1, 1, 1, 1, 1, 1, 0]",7.84,5.96,8.64,3.76,564890.0
IHRT,3.59,5,"[0, 0, 0, 1, 1, 1, 1, 0, 1, 0]",4.05,3.88,6.33,1.6,606618.15
PSTL,23.04,6,"[0, 1, 1, 1, 1, 1, 0, 0, 1, 0]",23.68,19.21,,,232297.2
MTUS,20.12,10,"[1, 1, 1, 1, 1, 1, 1, 1, 1, 1]",19.58,18.3,21.51,14.56,368848.6
RLMD,5.31,6,"[0, 0, 1, 1, 1, 1, 1, 0, 1, 0]",6.27,5.21,7.86,0.56,1662948.55
CRESY,11.21,6,"[0, 0, 0, 0, 1, 1, 1, 1, 1, 1]",11.32,11.48,14.11,7.88,254898.9
CBLL,17.69,5,"[0, 0, 0, 0, 1, 1, 1, 1, 1, 0]",18.53,18.48,23.43,10.92,342734.5
LYTS,23.39,8,"[0, 1, 1, 1, 1, 1, 1, 1, 1, 0]",24.46,21.55,26.8,17.17,229554.0
NXDR,2.22,8,"[1, 1, 1, 1, 0, 1, 1, 1, 1, 0]",2.22,1.9,2.77,1.36,2322379.5
DSP,11.77,8,"[0, 1, 1, 1, 1, 1, 1, 1, 1, 0]",11.89,11.01,14.01,8.14,201707.8
PGC,45.98,9,"[1, 1, 1, 1, 1, 1, 1, 1, 1, 0]",45.5,35.58,48.33,24.59,258027.0
HZO,34.47,8,"[0, 1, 1, 1, 1, 1, 1, 1, 1, 0]",34.72,28.98,37.74,21.43,281965.55
ALLO,1.88,5,"[0, 0, 1, 0, 1, 1, 1, 0, 1, 0]",1.97,1.86,3.06,1.03,7585518.35
HSHP,15.71,10,"[1, 1, 1, 1, 1, 1, 1, 1, 1, 1]",14.41,11.44,16.12,6.32,293561.15
DRTS,11.79,9,"[1, 1, 1, 1, 1, 1, 1, 1, 1, 0]",11.22,7.52,13.57,2.98,693662.3
FOXF,18.0,7,"[1, 1, 1, 1, 0, 0, 1, 0, 1, 1]",17.84,17.9,30.35,13.19,486130.8
WRLD,179.81,8,"[0, 1, 1, 1, 1, 1, 1, 1, 1, 0]",184.76,152.5,223.83,115.57,142495.0
PRAA,17.37,8,"[1, 1, 1, 0, 1, 1, 1, 1, 1, 0]",16.71,16.45,22.23,10.42,329412.0
NTGR,24.16,5,"[1, 1, 0, 1, 0, 0, 0, 0, 1, 1]",23.97,24.54,36.01,19.87,370875.75
HPK,7.15,9,"[0, 1, 1, 1, 1, 1, 1, 1, 1, 1]",7.3,6.12,8.87,3.89,454749.35
KRNT,15.22,7,"[0, 1, 1, 1, 1, 1, 0, 1, 1, 0]",15.66,14.82,19.18,12.31,217046.6
FCEL,21.61,7,"[0, 1, 1, 1, 1, 1, 1, 0, 1, 0]",22.13,12.02,36.01,3.92,11541294.4
EVER,25.22,9,"[1, 1, 1, 1, 0, 1, 1, 1, 1, 1]",22.52,21.04,27.87,14.27,684883.65
GFR,6.34,10,"[1, 1, 1, 1, 1, 1, 1, 1, 1, 1]",5.89,5.58,6.92,4.31,208383.3
LPTH,10.37,5,"[0, 0, 0, 1, 1, 1, 1, 0, 1, 0]",13.7,11.33,18.15,2.96,2784546.95
RMT,13.62,8,"[0, 1, 1, 1, 1, 1, 1, 1, 1, 0]",13.9,11.82,14.68,8.7,127929.9
SB,7.81,10,"[1, 1, 1, 1, 1, 1, 1, 1, 1, 1]",6.82,5.89,7.95,3.81,942707.9
HIVE,2.83,3,"[0, 0, 0, 1, 0, 0, 1, 0, 1, 0]",3.67,3.19,6.96,1.75,15839341.1
SLDB,8.06,7,"[0, 1, 1, 1, 1, 1, 1, 0, 1, 0]",8.29,6.8,11.15,3.93,1198131.0
GDOT,13.11,8,"[1, 1, 1, 1, 1, 0, 1, 1, 1, 0]",13.11,12.36,15.25,9.64,309909.5
MAKO,7.1,7,"[0, 0, 1, 1, 1, 1, 1, 1, 1, 0]",7.65,6.86,8.7,3.67,122975.6
MVST,0.81,1,"[0, 0, 0, 0, 0, 0, 0, 0, 1, 0]",1.14,2.45,6.4,0.71,4959824.15
MITK,16.7,8,"[0, 1, 1, 1, 1, 1, 1, 1, 1, 0]",17.53,13.2,20.14,8.65,669040.3
RDVT,69.38,9,"[1, 1, 1, 1, 0, 1, 1, 1, 1, 1]",59.92,50.38,69.38,34.4,176138.6
KRUS,46.07,2,"[0, 0, 0, 0, 1, 0, 0, 0, 1, 0]",50.4,57.68,88.19,42.67,331449.4
MRLN,3.77,1,"[0, 0, 0, 0, 0, 0, 0, 0, 1, 0]",5.62,9.2,16.09,3.31,1530915.95
BLMN,8.66,9,"[1, 1, 1, 1, 1, 1, 1, 1, 1, 0]",8.19,7.03,9.16,5.26,1660371.05
IRWD,4.23,8,"[1, 1, 1, 0, 1, 1, 1, 1, 1, 0]",3.85,3.65,5.39,0.75,2149892.0
HUYA,2.45,4,"[1, 0, 0, 0, 1, 0, 0, 0, 1, 1]",2.38,2.91,4.6,2.19,405672.3
SLDP,2.06,1,"[0, 0, 0, 0, 0, 0, 0, 0, 1, 0]",2.66,3.96,8.51,2.0,3846888.45
ACRS,5.2,9,"[1, 1, 1, 1, 1, 1, 1, 1, 1, 0]",4.97,3.74,5.71,1.53,1726879.05
HRTG,29.37,8,"[1, 1, 1, 0, 0, 1, 1, 1, 1, 1]",25.05,26.35,31.14,19.02,266676.2
CYRX,15.09,8,"[0, 1, 1, 1, 1, 1, 1, 1, 1, 0]",15.39,11.05,16.57,6.74,633406.1
CTO,21.97,10,"[1, 1, 1, 1, 1, 1, 1, 1, 1, 1]",21.12,18.61,22.53,14.38,323724.4
ASPI,4.0,2,"[0, 0, 0, 1, 0, 0, 0, 0, 1, 0]",5.75,6.23,14.05,3.54,4016885.75
OXM,37.92,6,"[0, 0, 1, 1, 1, 0, 0, 1, 1, 1]",38.85,37.56,48.22,30.22,405322.2
GRPN,27.58,8,"[1, 1, 1, 1, 0, 1, 1, 0, 1, 1]",22.19,17.16,36.89,9.64,1475248.65
ALRS,33.27,10,"[1, 1, 1, 1, 1, 1, 1, 1, 1, 1]",30.45,25.12,33.56,19.74,230945.9
LAES,2.36,1,"[0, 0, 0, 0, 0, 0, 0, 0, 1, 0]",3.0,3.82,7.65,2.09,14767568.1
