ticker,price,score,points,sma50,sma200,wk52_high,wk52_low,volume
INN,7.01,9,"[1, 1, 1, 1, 0, 1, 1, 1, 1, 1]",5.71,5.0,7.07,3.97,2715511.65
PKE,38.16,10,"[1, 1, 1, 1, 1, 1, 1, 1, 1, 1]",33.81,25.63,38.16,14.35,445458.55
STRO,33.2,10,"[1, 1, 1, 1, 1, 1, 1, 1, 1, 1]",32.19,18.78,40.91,6.8,418189.6
TLRY,4.49,1,"[0, 0, 0, 0, 0, 0, 0, 0, 1, 0]",5.5,8.9,21.0,4.2,3641906.25
SHBI,22.95,10,"[1, 1, 1, 1, 1, 1, 1, 1, 1, 1]",20.49,18.25,23.29,14.75,264227.4
EVC,13.04,10,"[1, 1, 1, 1, 1, 1, 1, 1, 1, 1]",7.98,4.06,13.48,1.91,2214832.2
ZVRA,14.34,10,"[1, 1, 1, 1, 1, 1, 1, 1, 1, 1]",11.43,9.76,14.34,7.23,1946890.3
CARS,10.94,7,"[1, 1, 1, 0, 0, 0, 1, 1, 1, 1]",10.32,10.82,13.79,7.58,802479.05
CLYM,13.04,10,"[1, 1, 1, 1, 1, 1, 1, 1, 1, 1]",10.91,5.87,13.36,1.19,1600289.15
CWBC,26.86,10,"[1, 1, 1, 1, 1, 1, 1, 1, 1, 1]",24.45,22.9,26.9,18.3,587366.75
RMR,20.53,10,"[1, 1, 1, 1, 1, 1, 1, 1, 1, 1]",19.55,16.17,21.37,13.34,154903.55
SPIR,18.6,8,"[1, 1, 1, 1, 1, 1, 1, 0, 1, 0]",18.54,12.85,25.48,7.02,1554153.9
SWBI,15.04,8,"[0, 1, 1, 1, 1, 1, 1, 1, 1, 0]",15.09,11.97,16.67,7.47,1122769.35
ARVN,8.31,4,"[0, 0, 0, 0, 1, 1, 1, 0, 1, 0]",8.91,10.67,13.83,6.24,867084.6
AVR,9.85,10,"[1, 1, 1, 1, 1, 1, 1, 1, 1, 1]",8.06,5.9,10.4,2.9,1446385.8
NKLR,4.92,3,"[0, 0, 0, 1, 1, 0, 0, 0, 1, 0]",5.81,4.92,18.26,3.91,301879.25
VTEX,4.0,6,"[1, 1, 1, 1, 0, 0, 1, 0, 1, 0]",3.76,3.85,6.76,2.87,1953219.25
MRAM,24.18,7,"[0, 1, 1, 1, 1, 1, 1, 0, 1, 0]",25.25,13.88,44.01,5.94,2251030.4
CABA,3.11,7,"[0, 1, 1, 1, 1, 1, 1, 0, 1, 0]",3.32,2.8,4.15,1.33,5758672.45
KE,25.6,3,"[0, 0, 0, 0, 0, 0, 1, 1, 1, 0]",25.74,27.26,33.13,18.26,194150.6
CNNE,14.4,5,"[1, 1, 0, 1, 0, 0, 1, 0, 1, 0]",13.75,14.65,21.04,10.53,504996.3
PSNL,13.4,10,"[1, 1, 1, 1, 1, 1, 1, 1, 1, 1]",8.55,8.29,13.75,4.41,3624998.1
CCSI,38.15,10,"[1, 1, 1, 1, 1, 1, 1, 1, 1, 1]",31.14,26.88,38.26,19.66,166674.25
ANGX,3.67,5,"[1, 1, 0, 0, 0, 0, 1, 0, 1, 1]",2.88,4.44,16.0,2.18,1204554.45
NPCE,15.89,8,"[0, 1, 1, 1, 1, 1, 1, 1, 1, 0]",16.37,14.5,19.29,8.25,182981.1
RGR,37.85,6,"[0, 1, 0, 1, 0, 1, 1, 1, 1, 0]",39.87,38.4,46.84,28.67,150131.0
TDUP,6.85,6,"[1, 1, 1, 0, 0, 0, 1, 0, 1, 1]",4.88,6.1,12.08,3.11,2191981.2
SXC,8.05,8,"[1, 1, 1, 1, 0, 1, 1, 1, 1, 0]",8.02,7.24,9.6,5.58,1456300.65
DNUT,3.53,4,"[0, 0, 0, 0, 1, 1, 0, 1, 1, 0]",3.61,3.64,4.7,2.92,2984544.35
BCAL,20.84,10,"[1, 1, 1, 1, 1, 1, 1, 1, 1, 1]",19.14,18.29,20.87,14.37,268595.35
PHR,10.29,2,"[1, 0, 0, 0, 0, 0, 0, 0, 1, 0]",9.43,15.06,32.55,8.06,1266276.6
RYAM,7.86,5,"[0, 0, 0, 1, 1, 1, 1, 0, 1, 0]",8.87,8.09,11.75,3.63,1008984.0
FEIM,66.35,9,"[1, 1, 1, 1, 1, 1, 1, 1, 1, 0]",63.2,48.36,77.15,19.1,199951.0
NPB,19.18,10,"[1, 1, 1, 1, 1, 1, 1, 1, 1, 1]",17.73,17.46,19.19,13.98,193629.1
TRON,1.61,3,"[0, 0, 0, 1, 0, 0, 1, 0, 1, 0]",1.94,2.0,11.0,1.13,1082848.6
CADL,10.3,10,"[1, 1, 1, 1, 1, 1, 1, 1, 1, 1]",8.14,6.05,10.36,4.42,2273306.1
BWMN,29.2,1,"[0, 0, 0, 0, 0, 0, 0, 0, 1, 0]",31.68,34.59,44.43,26.69,146164.4
FET,50.23,8,"[0, 1, 1, 1, 1, 1, 1, 1, 1, 0]",54.91,44.46,64.54,18.16,182091.0
CLB,11.65,3,"[0, 0, 0, 0, 1, 1, 0, 0, 1, 0]",13.71,15.44,19.64,9.72,795838.2
GPRK,9.1,8,"[0, 1, 1, 1, 1, 1, 1, 1, 1, 0]",9.9,8.31,11.78,5.93,632960.9
ORN,16.82,10,"[1, 1, 1, 1, 1, 1, 1, 1, 1, 1]",14.36,11.57,17.14,6.57,464032.35
HPP,15.19,7,"[1, 1, 1, 1, 0, 0, 1, 0, 1, 1]",12.1,11.75,21.49,5.51,1129704.75
CSTL,23.85,5,"[1, 0, 0, 0, 1, 0, 1, 0, 1, 1]",21.75,28.69,43.04,14.65,379726.95
CTKB,4.43,7,"[1, 0, 0, 0, 1, 1, 1, 1, 1, 1]",4.19,4.49,5.88,3.1,2379979.3
GLRE,16.18,9,"[0, 1, 1, 1, 1, 1, 1, 1, 1, 1]",16.96,14.81,19.0,11.95,180878.8
ALOY,14.45,9,"[1, 1, 1, 1, 1, 1, 1, 0, 1, 1]",11.62,10.49,25.88,5.71,3543643.6
RR,2.11,1,"[0, 0, 0, 0, 0, 0, 0, 0, 1, 0]",2.5,3.38,7.06,1.73,9765121.4
BTBT,1.8,2,"[0, 0, 0, 0, 0, 0, 1, 0, 1, 0]",1.84,2.23,4.22,1.26,27835936.65
MSBI,31.14,10,"[1, 1, 1, 1, 1, 1, 1, 1, 1, 1]",27.61,21.55,31.22,13.98,190088.25
NFBK,14.73,10,"[1, 1, 1, 1, 1, 1, 1, 1, 1, 1]",14.19,12.45,14.99,9.8,389118.5
UROY,2.78,2,"[0, 0, 0, 0, 0, 1, 0, 0, 1, 0]",3.46,3.84,5.46,2.3,2917383.35
CARE,34.01,10,"[1, 1, 1, 1, 1, 1, 1, 1, 1, 1]",27.76,21.93,34.01,16.88,445763.55
EGY,5.08,8,"[0, 1, 1, 1, 1, 1, 1, 1, 1, 0]",5.7,4.69,6.6,3.29,1488436.45
GDYN,5.68,1,"[0, 0, 0, 0, 0, 0, 0, 0, 1, 0]",6.32,7.44,12.39,5.21,2927976.95
ALTI,3.61,4,"[1, 0, 0, 0, 1, 0, 0, 0, 1, 1]",3.38,3.92,5.19,2.81,279452.9
PRME,3.69,5,"[1, 1, 0, 0, 0, 0, 1, 0, 1, 1]",3.27,3.94,6.67,2.7,3404216.8
TCMD,29.78,9,"[1, 1, 1, 0, 1, 1, 1, 1, 1, 1]",25.24,24.5,33.05,9.52,253159.2
MLAB,99.55,8,"[0, 1, 1, 1, 1, 1, 1, 1, 1, 0]",101.76,85.94,109.13,57.01,241150.55
FTK,23.52,10,"[1, 1, 1, 1, 1, 1, 1, 1, 1, 1]",20.22,17.17,24.82,11.04,357472.3
AVTX,18.48,9,"[1, 1, 1, 0, 1, 1, 1, 1, 1, 1]",16.04,15.81,22.87,4.75,2162285.75
DDI,11.48,9,"[1, 1, 1, 1, 1, 1, 1, 1, 1, 0]",11.22,9.49,12.25,8.25,118335.35
HELE,29.07,9,"[1, 1, 1, 1, 0, 1, 1, 1, 1, 1]",25.34,20.73,33.25,13.88,537506.8
BETR,27.5,3,"[0, 0, 0, 0, 0, 1, 1, 0, 1, 0]",31.2,39.99,86.07,12.44,323934.05
KYTX,8.91,10,"[1, 1, 1, 1, 1, 1, 1, 1, 1, 1]",8.78,8.02,11.25,2.55,1176940.75
PRTA,9.79,9,"[1, 1, 1, 1, 0, 1, 1, 1, 1, 1]",9.74,9.68,11.51,6.22,636243.95
PROK,2.04,5,"[1, 1, 0, 0, 0, 0, 1, 0, 1, 1]",1.81,2.22,5.18,0.56,1447730.25
CHW,8.91,9,"[1, 1, 1, 1, 1, 1, 1, 1, 1, 0]",8.6,7.67,9.1,6.55,210314.5
MG,17.47,9,"[0, 1, 1, 1, 1, 1, 1, 1, 1, 1]",18.12,14.16,19.28,7.83,233185.75
INV,5.07,7,"[0, 1, 1, 1, 1, 1, 1, 0, 1, 0]",6.21,4.64,7.32,2.55,1850425.6
KRT,33.46,10,"[1, 1, 1, 1, 1, 1, 1, 1, 1, 1]",28.53,24.9,33.46,19.92,129034.8
DDL,1.93,3,"[0, 0, 0, 0, 1, 1, 0, 0, 1, 0]",2.44,2.39,3.2,1.67,619158.75
MEC,37.46,10,"[1, 1, 1, 1, 1, 1, 1, 1, 1, 1]",28.42,20.29,37.54,12.56,717629.4
PACK,7.31,10,"[1, 1, 1, 1, 1, 1, 1, 1, 1, 1]",6.26,5.3,7.64,3.24,547815.1
WTI,3.15,7,"[0, 1, 1, 1, 1, 1, 1, 0, 1, 0]",3.87,2.63,4.9,1.49,4798413.85
DNA,9.91,7,"[1, 1, 1, 1, 0, 0, 1, 0, 1, 1]",8.66,9.33,16.14,5.48,1392321.85
TECX,34.38,10,"[1, 1, 1, 1, 1, 1, 1, 1, 1, 1]",29.21,23.58,35.87,14.71,139595.05
CPS,27.05,1,"[0, 0, 0, 0, 0, 0, 0, 0, 1, 0]",29.38,32.22,45.2,22.62,165812.35
ASIX,19.88,8,"[0, 1, 1, 1, 1, 1, 1, 1, 1, 0]",22.1,19.38,25.98,14.04,245585.4
RGNX,11.98,6,"[1, 1, 1, 0, 0, 0, 1, 0, 1, 1]",8.14,10.37,15.98,5.65,2365838.1
CLFD,39.79,8,"[1, 1, 1, 1, 0, 1, 1, 1, 1, 0]",38.9,33.15,51.26,26.0,257882.15
ILPT,8.87,10,"[1, 1, 1, 1, 1, 1, 1, 1, 1, 1]",8.23,6.28,9.36,4.37,594246.0
CTNM,16.39,10,"[1, 1, 1, 1, 1, 1, 1, 1, 1, 1]",13.11,12.57,16.39,3.73,479379.95
FFIC,15.49,8,"[0, 1, 1, 1, 1, 1, 1, 1, 1, 0]",15.71,14.8,17.11,11.14,338287.4
MCS,23.46,10,"[1, 1, 1, 1, 1, 1, 1, 1, 1, 1]",19.84,16.63,24.89,12.87,311452.1
ASTL,4.05,3,"[0, 0, 0, 1, 1, 0, 0, 0, 1, 0]",4.85,4.36,7.11,3.19,843894.2
AURA,7.1,8,"[0, 1, 1, 1, 1, 1, 1, 1, 1, 0]",7.22,6.27,8.9,4.97,650549.8
AQST,4.16,4,"[0, 0, 0, 0, 0, 1, 1, 0, 1, 1]",4.22,4.88,7.49,2.95,2322260.35
MAMA,17.85,10,"[1, 1, 1, 1, 1, 1, 1, 1, 1, 1]",15.1,13.68,20.65,7.98,808157.05
LZM,3.88,2,"[0, 0, 0, 1, 0, 0, 0, 0, 1, 0]",4.85,4.65,6.1,3.19,766898.45
ACHV,6.53,10,"[1, 1, 1, 1, 1, 1, 1, 1, 1, 1]",5.04,4.42,6.53,2.07,2606454.4
SD,13.7,5,"[0, 0, 0, 0, 1, 1, 1, 1, 1, 0]",14.7,14.19,17.58,9.54,340123.85
MNRO,17.11,5,"[1, 0, 0, 0, 1, 0, 1, 0, 1, 1]",16.15,17.57,23.1,12.29,1379351.45
OOMA,19.22,10,"[1, 1, 1, 1, 1, 1, 1, 1, 1, 1]",17.78,13.62,19.5,10.58,373505.3
ANL,11.5,7,"[0, 1, 1, 1, 1, 1, 1, 0, 1, 0]",12.27,6.41,16.6,0.88,136494.15
IMMX,10.31,10,"[1, 1, 1, 1, 1, 1, 1, 1, 1, 1]",9.25,6.57,11.12,1.96,2063577.6
XWIN,8.79,7,"[1, 1, 0, 1, 0, 0, 1, 1, 1, 1]",8.15,8.79,8.79,5.2,1598081.15
FDMT,13.3,9,"[1, 1, 1, 1, 0, 1, 1, 1, 1, 1]",9.7,9.41,13.3,3.95,1120199.3
KRNY,9.46,10,"[1, 1, 1, 1, 1, 1, 1, 1, 1, 1]",8.28,7.39,9.46,5.49,662131.55
STTK,6.94,10,"[1, 1, 1, 1, 1, 1, 1, 1, 1, 1]",6.07,4.29,7.88,0.73,1901043.75
CERS,2.92,10,"[1, 1, 1, 1, 1, 1, 1, 1, 1, 1]",2.54,2.06,3.04,1.16,2734420.0
OIS,8.01,4,"[0, 0, 0, 0, 1, 1, 1, 0, 1, 0]",9.07,8.53,14.39,4.88,819382.85
HKD,1.59,4,"[0, 1, 0, 1, 0, 1, 0, 0, 1, 0]",1.7,1.63,2.95,1.27,243244.05
CBIO,18.0,7,"[0, 1, 1, 1, 1, 1, 1, 0, 1, 0]",19.59,14.45,26.98,8.94,361792.05
PANL,6.5,5,"[0, 0, 0, 1, 1, 1, 1, 0, 1, 0]",7.59,6.97,9.29,4.46,633403.55
OCGN,1.53,6,"[1, 0, 0, 0, 1, 1, 1, 0, 1, 1]",1.44,1.55,2.48,0.92,9792958.65
FVR,20.23,8,"[1, 1, 1, 1, 1, 1, 0, 0, 1, 1]",18.39,15.74,,,207720.1
MATV,7.57,1,"[0, 0, 0, 0, 0, 0, 0, 0, 1, 0]",8.51,10.5,14.72,6.03,565487.45
XOMA,42.5,9,"[1, 1, 1, 1, 0, 1, 1, 1, 1, 1]",41.48,33.45,42.5,22.89,143328.45
IPI,32.78,5,"[0, 0, 0, 1, 1, 1, 1, 0, 1, 0]",37.71,33.27,48.84,23.94,258023.35
CHCT,18.28,10,"[1, 1, 1, 1, 1, 1, 1, 1, 1, 1]",17.34,15.61,18.49,12.18,178463.5
CGC,0.95,1,"[0, 0, 0, 0, 0, 0, 0, 0, 1, 0]",1.06,1.17,1.92,0.86,6271883.7
PUBM,13.12,10,"[1, 1, 1, 1, 1, 1, 1, 1, 1, 1]",10.77,8.9,13.67,6.28,614260.05
ELVA,10.5,9,"[1, 1, 1, 1, 1, 1, 1, 1, 1, 0]",10.23,8.07,12.26,3.18,372288.95
ALIT,0.56,1,"[0, 0, 0, 0, 0, 0, 0, 0, 1, 0]",0.74,1.58,5.82,0.49,34939080.55
CD,4.37,3,"[0, 0, 0, 1, 0, 0, 1, 0, 1, 0]",6.2,7.95,35.79,2.01,454766.4
NUAI,6.38,10,"[1, 1, 1, 1, 1, 1, 1, 1, 1, 1]",4.95,4.4,8.06,0.33,9097336.5
CVGW,26.09,5,"[0, 1, 1, 1, 0, 1, 0, 0, 1, 0]",26.8,24.65,,,271210.0
EBS,8.38,4,"[1, 0, 0, 0, 1, 0, 1, 0, 1, 0]",8.37,9.72,13.9,5.63,1011990.2
RBBN,2.34,2,"[0, 0, 0, 1, 0, 0, 0, 0, 1, 0]",2.7,2.83,4.25,1.95,842145.5
CLNE,2.05,1,"[0, 0, 0, 0, 0, 0, 0, 0, 1, 0]",2.07,2.32,3.06,1.73,1631182.2
OVID,2.69,10,"[1, 1, 1, 1, 1, 1, 1, 1, 1, 1]",2.57,1.92,2.96,0.32,3811873.1
APPS,12.9,9,"[1, 1, 1, 1, 0, 1, 1, 1, 1, 1]",6.66,5.33,12.91,2.82,7046110.1
SRTA,5.27,7,"[0, 1, 1, 1, 0, 1, 1, 1, 1, 0]",5.51,4.98,6.47,3.77,1394387.4
RIGL,39.12,8,"[1, 1, 1, 0, 1, 0, 1, 1, 1, 1]",31.08,34.01,50.96,18.42,381492.45
NGNE,31.45,9,"[1, 1, 1, 1, 0, 1, 1, 1, 1, 1]",28.85,23.55,34.37,16.37,206380.95
IMXI,14.45,5,"[0, 0, 0, 0, 1, 1, 1, 1, 1, 0]",15.2,15.25,15.94,8.71,504635.65
ZKH,2.26,2,"[0, 0, 0, 0, 1, 0, 0, 0, 1, 0]",2.83,3.11,3.79,2.21,102465.9
PSFE,7.47,2,"[0, 0, 0, 1, 0, 0, 0, 0, 1, 0]",7.88,8.57,14.68,6.01,318473.85
TATT,48.23,9,"[1, 1, 1, 0, 1, 1, 1, 1, 1, 1]",39.69,43.94,61.11,29.82,291228.95
ASMB,27.48,5,"[1, 0, 0, 0, 1, 0, 1, 0, 1, 1]",26.74,28.98,38.5,17.73,285146.45
WEAV,5.99,4,"[1, 1, 0, 0, 0, 0, 1, 0, 1, 0]",5.56,6.07,8.79,4.37,997725.4
LTBR,8.79,1,"[0, 0, 0, 0, 0, 0, 0, 0, 1, 0]",11.26,15.07,27.72,8.66,1127218.6
MTW,13.89,9,"[1, 1, 1, 0, 1, 1, 1, 1, 1, 1]",12.73,12.32,15.15,9.14,305687.6
SGMT,7.73,8,"[1, 1, 1, 1, 0, 0, 1, 1, 1, 1]",7.09,6.55,10.24,4.55,1379141.35
FBRX,21.25,5,"[0, 0, 0, 0, 1, 1, 1, 0, 1, 1]",22.24,22.63,35.53,9.45,418811.75
EVH,5.42,7,"[1, 1, 1, 1, 0, 0, 1, 0, 1, 1]",4.15,4.5,11.79,2.17,2609765.7
BMBL,3.2,1,"[0, 0, 0, 0, 0, 0, 0, 0, 1, 0]",3.36,3.93,8.57,2.7,4617347.7
FULC,3.66,1,"[0, 0, 0, 0, 0, 0, 0, 0, 1, 0]",5.65,8.48,14.6,3.14,5400593.25
KLC,4.25,6,"[1, 1, 0, 1, 0, 0, 1, 0, 1, 1]",3.9,4.36,10.52,1.84,784014.45
CLDT,13.23,8,"[1, 1, 1, 1, 1, 1, 0, 0, 1, 1]",10.81,7.95,,,486608.95
ANGO,13.01,9,"[1, 1, 1, 1, 0, 1, 1, 1, 1, 1]",11.63,11.48,13.66,8.4,378163.8
RPD,8.1,3,"[1, 0, 0, 0, 0, 0, 1, 0, 1, 0]",6.9,11.4,25.59,5.05,2010138.55
CTEV,34.11,5,"[1, 1, 0, 0, 0, 0, 1, 0, 1, 1]",26.08,34.23,72.58,13.47,128200.35
CAL,12.37,5,"[0, 0, 0, 1, 1, 0, 1, 1, 1, 0]",13.14,12.39,15.42,8.76,761689.85
ADUR,15.76,8,"[1, 1, 1, 1, 0, 1, 1, 1, 1, 0]",14.26,12.89,17.39,8.85,634993.4
ZURA,5.9,9,"[1, 1, 1, 0, 1, 1, 1, 1, 1, 1]",4.52,4.73,7.04,1.05,1720494.35
ACTG,4.66,9,"[0, 1, 1, 1, 1, 1, 1, 1, 1, 1]",4.76,4.14,5.16,3.15,276164.3
NPWR,1.67,1,"[0, 0, 0, 0, 0, 0, 0, 0, 1, 0]",1.87,2.38,4.85,1.49,823717.7
BLZE,15.86,9,"[1, 1, 1, 1, 0, 1, 1, 1, 1, 1]",7.7,6.26,15.86,3.31,4877542.0
TROO,2.46,5,"[0, 0, 0, 1, 1, 1, 1, 0, 1, 0]",3.35,2.58,5.02,0.62,471187.35
PERI,9.71,7,"[1, 1, 1, 1, 0, 0, 0, 1, 1, 1]",9.44,9.45,11.43,7.71,630712.65
CRNC,11.32,8,"[1, 1, 1, 1, 0, 1, 1, 1, 1, 0]",10.29,10.06,13.52,5.96,1018560.6
MCFT,25.82,10,"[1, 1, 1, 1, 1, 1, 1, 1, 1, 1]",23.7,21.56,27.38,17.21,158268.15
GEVO,1.5,2,"[0, 0, 0, 0, 0, 0, 1, 0, 1, 0]",1.7,2.01,2.78,1.15,3670186.3
ADCT,1.07,1,"[0, 0, 0, 0, 0, 0, 0, 0, 1, 0]",2.68,3.63,4.88,0.98,3472118.75
ENTA,14.58,9,"[1, 1, 1, 0, 1, 1, 1, 1, 1, 1]",13.34,12.88,16.85,6.49,256706.05
SPT,7.55,3,"[1, 0, 0, 0, 0, 0, 1, 0, 1, 0]",6.75,8.73,21.2,4.99,1484537.5
FSTR,45.17,10,"[1, 1, 1, 1, 1, 1, 1, 1, 1, 1]",39.15,30.98,45.17,22.08,100403.7
TTGT,3.6,1,"[0, 0, 0, 0, 0, 0, 0, 0, 1, 0]",4.69,4.96,8.7,3.48,450177.75
ALMU,22.08,7,"[0, 1, 1, 1, 1, 1, 1, 0, 1, 0]",23.29,17.87,31.49,10.73,926731.3
NVEC,104.55,10,"[1, 1, 1, 1, 1, 1, 1, 1, 1, 1]",94.47,73.16,116.92,55.94,263036.4
AVIR,4.65,9,"[0, 1, 1, 1, 1, 1, 1, 1, 1, 1]",4.78,4.15,6.15,2.82,337281.6
MAGN,11.75,7,"[1, 0, 1, 0, 1, 0, 1, 1, 1, 1]",11.2,11.73,15.26,7.96,366794.4
LXEO,4.66,1,"[0, 0, 0, 0, 0, 0, 0, 0, 1, 0]",5.19,7.14,10.63,3.67,962429.1
BGS,3.98,3,"[0, 0, 0, 0, 1, 1, 0, 0, 1, 0]",4.48,4.44,,,2126463.25
BYND,0.75,2,"[0, 0, 0, 0, 0, 0, 1, 0, 1, 0]",0.8,1.1,4.28,0.52,36190865.25
OEC,6.63,5,"[0, 1, 1, 1, 0, 0, 1, 0, 1, 0]",7.3,6.28,11.44,4.32,603543.35
NEXN,9.03,8,"[1, 1, 1, 1, 0, 0, 1, 1, 1, 1]",8.11,7.39,11.54,5.7,330375.8
NATR,21.8,7,"[0, 0, 1, 0, 1, 1, 1, 1, 1, 1]",22.69,21.72,27.8,13.14,150851.45
CCRN,13.21,8,"[1, 1, 1, 1, 0, 0, 1, 1, 1, 1]",12.37,10.77,14.23,7.53,538074.3
PACB,1.68,6,"[1, 0, 0, 0, 1, 1, 1, 0, 1, 1]",1.45,1.69,2.67,1.12,6563077.25
MNPR,92.59,8,"[1, 1, 1, 0, 0, 1, 1, 1, 1, 1]",63.25,68.12,102.05,30.42,153115.05
IVVD,0.87,4,"[0, 0, 0, 0, 1, 1, 1, 0, 1, 0]",1.18,1.69,2.88,0.52,6980799.3
NRC,21.57,10,"[1, 1, 1, 1, 1, 1, 1, 1, 1, 1]",18.74,16.45,22.1,11.13,171944.9
CBAN,20.09,9,"[1, 1, 1, 1, 1, 1, 0, 1, 1, 1]",20.06,18.61,21.28,15.6,399481.95
LOCO,16.96,10,"[1, 1, 1, 1, 1, 1, 1, 1, 1, 1]",14.4,11.89,16.96,9.06,350293.95
EOLS,6.94,7,"[1, 1, 1, 1, 0, 0, 1, 0, 1, 1]",6.29,5.89,9.73,3.94,779906.5
AUTL,1.6,7,"[1, 1, 1, 1, 1, 0, 1, 0, 1, 0]",1.59,1.53,2.68,1.21,1137843.4
XFOR,4.67,10,"[1, 1, 1, 1, 1, 1, 1, 1, 1, 1]",4.09,3.79,4.67,1.42,1019315.3
GRRR,19.88,8,"[1, 1, 1, 1, 0, 1, 1, 1, 1, 0]",15.91,14.41,24.27,9.48,2029169.5
ABAT,2.83,3,"[0, 0, 0, 0, 0, 1, 1, 0, 1, 0]",3.26,3.9,11.33,1.64,9129026.05
ASPN,6.34,7,"[1, 1, 1, 1, 0, 0, 1, 0, 1, 1]",5.23,4.65,8.82,2.57,1531328.85
SSP,2.77,4,"[0, 0, 0, 0, 1, 1, 1, 0, 1, 0]",3.69,3.34,5.16,1.54,887761.85
VREX,10.43,3,"[0, 0, 0, 0, 0, 0, 1, 0, 1, 1]",10.7,11.76,14.36,6.96,483657.2
LRMR,3.05,1,"[0, 0, 0, 0, 0, 0, 0, 0, 1, 0]",3.75,3.97,5.95,2.81,3017451.55
IPSC,2.45,10,"[1, 1, 1, 1, 1, 1, 1, 1, 1, 1]",2.28,1.58,2.94,0.47,2007149.7
NEWT,14.81,10,"[1, 1, 1, 1, 1, 1, 1, 1, 1, 1]",13.3,11.86,15.22,9.18,279475.55
VOXR,4.73,4,"[0, 0, 0, 1, 1, 1, 0, 0, 1, 0]",5.5,5.02,,,593296.5
XNET,5.59,1,"[0, 0, 0, 0, 0, 0, 0, 0, 1, 0]",5.7,6.82,10.78,4.32,586714.35
VELO,17.55,7,"[0, 1, 1, 1, 1, 1, 1, 0, 1, 0]",18.9,11.96,30.61,2.97,5620884.3
HNST,3.66,7,"[1, 1, 1, 1, 0, 0, 1, 0, 1, 1]",3.46,3.06,5.15,2.1,1452457.75
TOI,5.43,9,"[1, 1, 1, 1, 0, 1, 1, 1, 1, 1]",4.43,3.64,5.6,2.2,2074781.55
RCKT,3.42,5,"[1, 0, 0, 0, 1, 0, 1, 0, 1, 1]",3.25,3.55,5.3,2.59,3152609.15
DCTH,12.59,10,"[1, 1, 1, 1, 1, 1, 1, 1, 1, 1]",11.26,10.28,12.95,8.19,614544.35
CDZI,4.18,4,"[0, 0, 0, 0, 1, 1, 1, 0, 1, 0]",4.35,5.05,6.92,2.9,814647.2
OPAL,2.2,3,"[1, 0, 0, 0, 0, 0, 0, 1, 1, 0]",2.13,2.3,2.78,1.78,375251.2
ISTR,29.96,8,"[1, 1, 1, 1, 1, 1, 0, 0, 1, 1]",28.65,26.64,,,227344.35
OSS,18.18,9,"[1, 1, 1, 1, 1, 1, 1, 1, 1, 0]",15.25,9.45,19.95,3.85,1369152.7
XPER,8.23,9,"[1, 1, 1, 1, 0, 1, 1, 1, 1, 1]",7.54,6.42,8.25,5.11,459025.8
TBRG,26.21,10,"[1, 1, 1, 1, 1, 1, 1, 1, 1, 1]",25.77,21.48,26.21,14.0,288537.7
QUAD,8.43,10,"[1, 1, 1, 1, 1, 1, 1, 1, 1, 1]",7.55,6.47,8.44,4.81,219349.6
FUFU,1.41,1,"[0, 0, 0, 0, 0, 0, 0, 0, 1, 0]",1.94,2.67,4.29,1.41,276692.55
CLPT,17.84,8,"[1, 1, 1, 1, 0, 1, 1, 0, 1, 1]",13.15,14.62,29.6,8.66,1066518.6
EGHT,1.71,3,"[0, 0, 0, 1, 1, 0, 0, 0, 1, 0]",2.07,2.02,2.76,1.59,1850784.2
PBYI,8.11,10,"[1, 1, 1, 1, 1, 1, 1, 1, 1, 1]",7.32,6.24,8.19,3.07,314976.8
ISSC,18.0,6,"[0, 0, 1, 0, 1, 1, 1, 0, 1, 1]",18.44,17.48,30.56,8.32,460775.0
DVLT,0.35,2,"[0, 0, 0, 0, 0, 1, 0, 0, 1, 0]",0.51,1.01,3.42,0.28,25735649.1
VNDA,6.12,4,"[0, 0, 0, 0, 1, 1, 1, 0, 1, 0]",6.37,6.44,9.56,4.19,924232.7
RNGR,16.01,9,"[0, 1, 1, 1, 1, 1, 1, 1, 1, 1]",16.26,15.19,18.36,11.09,191362.85
AMCX,9.98,9,"[1, 1, 1, 1, 1, 1, 1, 1, 1, 0]",9.16,8.35,10.54,5.63,562977.35
SVCO,13.79,10,"[1, 1, 1, 1, 1, 1, 1, 1, 1, 1]",11.05,6.53,13.79,3.23,791171.25
CLMB,23.21,4,"[1, 0, 0, 0, 0, 0, 1, 0, 1, 1]",21.37,26.02,35.79,16.68,179305.1
API,3.99,6,"[0, 0, 1, 1, 1, 1, 0, 1, 1, 0]",4.08,3.96,5.26,3.24,515733.1
ACCO,4.16,10,"[1, 1, 1, 1, 1, 1, 1, 1, 1, 1]",3.79,3.59,4.27,2.78,934916.35
RMNI,4.26,7,"[1, 1, 1, 1, 0, 0, 1, 1, 1, 0]",3.88,3.86,5.24,2.97,530810.6
SOPH,5.77,10,"[1, 1, 1, 1, 1, 1, 1, 1, 1, 1]",5.1,4.74,5.98,2.99,310860.8
XRX,3.13,6,"[1, 1, 1, 1, 0, 0, 0, 0, 1, 1]",2.77,2.52,,,4843957.7
BNED,12.56,10,"[1, 1, 1, 1, 1, 1, 1, 1, 1, 1]",10.59,9.3,13.74,6.12,398951.7
DDD,3.02,8,"[1, 1, 1, 1, 0, 1, 1, 1, 1, 0]",2.91,2.47,3.88,1.56,5519330.35
DIN,35.9,9,"[1, 1, 1, 0, 1, 1, 1, 1, 1, 1]",30.41,29.67,38.33,19.63,406218.85
TG,7.96,6,"[0, 0, 0, 1, 1, 1, 0, 1, 1, 1]",8.46,8.13,10.35,6.29,192339.35
FRST,16.37,10,"[1, 1, 1, 1, 1, 1, 1, 1, 1, 1]",14.76,12.8,16.65,9.37,333477.4
EVTL,1.74,1,"[0, 0, 0, 0, 0, 0, 0, 0, 1, 0]",2.37,4.11,7.28,1.67,2328642.6
IRD,4.11,7,"[0, 1, 1, 1, 1, 1, 1, 0, 1, 0]",4.52,3.25,5.75,0.94,1195828.85
LE,10.48,1,"[0, 0, 0, 0, 0, 0, 0, 0, 1, 0]",11.54,14.31,19.15,10.09,280263.15
QUIK,19.97,9,"[1, 1, 1, 1, 1, 1, 1, 1, 1, 0]",18.98,10.35,23.74,4.89,549897.4
TLS,4.6,3,"[1, 0, 0, 0, 0, 0, 1, 0, 1, 0]",4.47,5.26,7.76,2.38,994142.75
SHIP,13.43,8,"[0, 1, 1, 1, 1, 1, 1, 1, 1, 0]",15.06,11.4,16.44,5.96,203796.25
DBI,5.83,5,"[0, 0, 0, 1, 1, 1, 1, 0, 1, 0]",7.09,5.93,9.04,2.45,967808.3
ALTO,5.7,9,"[1, 1, 1, 1, 1, 1, 1, 1, 1, 0]",5.19,3.23,5.99,0.92,2778639.7
SSSS,12.54,8,"[0, 1, 1, 1, 1, 1, 1, 1, 1, 0]",13.38,10.54,14.91,7.61,307665.55
PAYS,8.19,9,"[1, 1, 1, 1, 0, 1, 1, 1, 1, 1]",6.82,5.39,8.56,3.18,624593.25
VMD,11.4,10,"[1, 1, 1, 1, 1, 1, 1, 1, 1, 1]",9.96,8.24,11.69,5.93,320886.9
CURR,2.7,7,"[0, 1, 1, 1, 1, 1, 1, 0, 1, 0]",3.29,2.43,4.49,0.9,172649.25
MEI,18.97,10,"[1, 1, 1, 1, 1, 1, 1, 1, 1, 1]",11.23,8.15,19.42,5.01,988242.05
NAUT,1.87,5,"[0, 0, 0, 1, 1, 1, 1, 0, 1, 0]",2.52,2.14,3.95,0.64,877787.35
DMAC,7.04,5,"[1, 0, 0, 0, 1, 0, 1, 0, 1, 1]",6.07,7.16,9.39,3.57,234478.3
CAN,0.29,1,"[0, 0, 0, 0, 0, 0, 0, 0, 1, 0]",0.43,0.73,2.05,0.29,10202811.4
RMAX,9.86,9,"[1, 1, 1, 1, 0, 1, 1, 1, 1, 1]",9.42,8.05,11.29,5.66,277597.55
NMRA,1.7,3,"[0, 0, 0, 0, 1, 0, 1, 0, 1, 0]",1.86,2.19,3.59,0.78,4269333.55
HLLY,2.55,2,"[0, 0, 0, 0, 1, 0, 0, 0, 1, 0]",2.77,3.4,4.39,1.99,906207.85
LVWR,1.12,1,"[0, 0, 0, 0, 0, 0, 0, 0, 1, 0]",1.45,3.01,6.21,1.01,343599.9
IMRX,4.99,4,"[1, 0, 0, 0, 0, 0, 1, 0, 1, 1]",4.95,5.72,9.26,3.04,1807277.55
TSSI,12.3,4,"[0, 1, 0, 1, 0, 0, 1, 0, 1, 0]",13.4,12.47,29.26,6.92,1082807.6
SLP,18.31,9,"[1, 1, 1, 1, 0, 1, 1, 1, 1, 1]",15.9,15.86,20.84,11.36,599492.05
ABEO,6.18,9,"[1, 1, 1, 1, 1, 0, 1, 1, 1, 1]",5.6,5.2,7.23,4.17,1240691.3
REPL,11.07,9,"[1, 1, 1, 0, 1, 1, 1, 1, 1, 1]",6.4,7.24,12.63,1.7,3982188.8
DSX,2.1,5,"[0, 0, 0, 1, 1, 1, 1, 0, 1, 0]",2.45,2.13,2.89,1.45,859224.9
STRZ,28.86,10,"[1, 1, 1, 1, 1, 1, 1, 1, 1, 1]",23.43,14.77,29.27,8.65,150043.8
SLN,10.98,10,"[1, 1, 1, 1, 1, 1, 1, 1, 1, 1]",7.23,6.24,10.98,4.3,515836.55
ATOM,8.71,8,"[1, 1, 1, 1, 1, 1, 1, 0, 1, 0]",8.6,4.8,12.11,1.99,1168125.05
BRCC,1.11,4,"[0, 1, 0, 1, 0, 0, 1, 0, 1, 0]",1.34,1.16,2.03,0.62,1028029.6
TYGO,2.33,5,"[0, 0, 0, 1, 1, 1, 1, 0, 1, 0]",3.77,2.95,5.16,1.21,1513199.1
PINE,20.76,10,"[1, 1, 1, 1, 1, 1, 1, 1, 1, 1]",19.3,17.14,21.26,12.57,196531.55
AZ,5.82,2,"[0, 0, 0, 1, 0, 0, 0, 0, 1, 0]",6.53,6.66,11.9,5.12,334033.05
ZNTL,4.85,9,"[1, 1, 1, 1, 1, 1, 1, 0, 1, 1]",3.95,2.59,6.61,1.19,1378749.85
RPAY,4.2,7,"[1, 1, 1, 1, 0, 0, 1, 0, 1, 1]",3.6,3.69,5.96,2.4,833095.75
ASYS,23.08,10,"[1, 1, 1, 1, 1, 1, 1, 1, 1, 1]",20.12,13.48,23.99,4.43,591560.75
NVCT,18.39,9,"[1, 1, 1, 1, 1, 1, 1, 0, 1, 1]",11.92,8.57,28.53,5.65,447401.05
MASS,8.7,9,"[1, 1, 1, 1, 0, 1, 1, 1, 1, 1]",7.84,7.0,9.15,5.09,334360.3
FLWS,3.48,2,"[0, 0, 0, 1, 0, 0, 0, 0, 1, 0]",4.09,3.96,6.94,3.0,518488.35
RZLT,5.2,6,"[1, 1, 1, 0, 0, 0, 1, 0, 1, 1]",3.78,5.12,10.94,1.4,2770046.95
PRLD,5.33,10,"[1, 1, 1, 1, 1, 1, 1, 1, 1, 1]",4.38,2.76,5.52,0.78,557034.9
GSIT,7.73,7,"[0, 1, 1, 1, 1, 1, 1, 0, 1, 0]",8.47,7.2,12.97,2.91,1399426.7
ZIP,3.75,6,"[1, 1, 1, 1, 0, 0, 1, 0, 1, 0]",3.31,3.46,5.49,1.69,848810.15
EDIT,3.24,8,"[1, 1, 1, 1, 0, 1, 1, 1, 1, 0]",2.9,2.67,4.15,1.66,2747709.6
RILY,8.04,8,"[0, 1, 1, 1, 1, 1, 1, 1, 1, 0]",8.76,6.92,10.68,3.21,1024883.6
CXDO,7.47,7,"[0, 1, 1, 1, 1, 1, 1, 0, 1, 0]",8.19,6.96,10.47,5.3,801703.9
PALI,2.09,9,"[1, 1, 1, 1, 1, 1, 1, 0, 1, 1]",1.95,1.82,2.8,0.54,4330140.35
BKKT,7.81,1,"[0, 0, 0, 0, 0, 0, 0, 0, 1, 0]",9.1,14.5,45.04,6.95,1773858.1
SMWB,6.13,6,"[1, 1, 1, 0, 0, 0, 1, 0, 1, 1]",3.89,5.61,10.4,2.33,991236.85
SY,1.48,1,"[0, 0, 0, 0, 0, 0, 0, 0, 1, 0]",2.32,2.95,5.87,1.32,612418.6
VFF,2.0,2,"[0, 0, 0, 0, 0, 0, 1, 0, 1, 0]",2.44,3.06,4.18,1.14,1304877.8
ELDN,3.94,9,"[1, 1, 1, 1, 0, 1, 1, 1, 1, 1]",3.73,2.77,4.36,1.39,1746703.9
FNKO,5.88,10,"[1, 1, 1, 1, 1, 1, 1, 1, 1, 1]",5.07,3.95,5.88,2.46,644360.75
VLN,2.26,7,"[0, 1, 1, 1, 1, 1, 1, 0, 1, 0]",2.46,1.82,3.53,1.11,3344872.55
SGHT,5.42,7,"[1, 0, 1, 0, 1, 1, 1, 0, 1, 1]",4.83,5.35,9.05,3.2,190893.55
SHMD,6.26,6,"[1, 0, 1, 0, 1, 1, 1, 0, 1, 0]",6.25,5.82,10.42,2.1,1103600.9
OPTX,12.45,10,"[1, 1, 1, 1, 1, 1, 1, 1, 1, 1]",10.08,5.73,14.11,1.25,1106378.55
ACIU,2.38,2,"[0, 0, 0, 0, 0, 1, 0, 0, 1, 0]",2.68,2.98,3.99,1.98,313637.9
MBI,6.52,6,"[1, 1, 0, 0, 0, 0, 1, 1, 1, 1]",6.05,6.61,8.13,4.3,349007.3
TARA,3.82,4,"[0, 0, 0, 0, 1, 1, 1, 0, 1, 0]",4.66,5.3,7.56,2.78,772625.35
PDYN,6.08,3,"[0, 0, 0, 1, 0, 0, 1, 0, 1, 0]",6.65,6.81,12.68,4.15,2569132.4
CCCC,4.67,10,"[1, 1, 1, 1, 1, 1, 1, 1, 1, 1]",3.57,2.72,4.67,1.48,3518360.05
FVCB,17.5,10,"[1, 1, 1, 1, 1, 1, 1, 1, 1, 1]",16.07,14.4,17.54,11.69,293299.3
DEFT,0.51,1,"[0, 0, 0, 0, 0, 0, 0, 0, 1, 0]",0.66,1.09,3.48,0.48,4247251.7
USAU,15.33,4,"[0, 0, 0, 0, 1, 1, 1, 0, 1, 0]",15.83,16.86,22.6,10.22,287261.4
FATE,2.7,9,"[1, 1, 1, 1, 1, 1, 1, 1, 1, 0]",1.99,1.39,2.84,0.92,4687438.9
TWIN,23.2,10,"[1, 1, 1, 1, 1, 1, 1, 1, 1, 1]",18.65,16.63,24.19,8.4,193676.1
CGEN,2.14,7,"[0, 1, 1, 1, 1, 1, 1, 0, 1, 0]",2.5,1.99,3.1,1.33,386782.15
ALXO,2.07,10,"[1, 1, 1, 1, 1, 1, 1, 1, 1, 1]",1.79,1.71,2.6,0.43,2037245.4
ACH,3.42,7,"[1, 1, 1, 1, 0, 0, 1, 0, 1, 1]",3.17,3.14,9.42,1.91,776587.7
CNDT,1.46,1,"[0, 0, 0, 0, 0, 0, 0, 0, 1, 0]",1.57,1.83,2.96,1.16,1470357.65
AIRS,4.5,6,"[1, 1, 1, 1, 0, 0, 1, 0, 1, 0]",4.36,4.35,11.65,1.58,673495.45
IKT,2.03,10,"[1, 1, 1, 1, 1, 1, 1, 1, 1, 1]",1.8,1.71,2.14,1.41,848925.4
PRE,19.12,9,"[1, 1, 1, 1, 1, 1, 1, 1, 1, 0]",18.46,16.84,22.15,7.25,201636.2
RDCM,14.1,6,"[0, 1, 1, 1, 0, 0, 1, 1, 1, 0]",14.4,13.22,16.14,10.68,284100.75
CHRS,1.4,4,"[0, 0, 0, 0, 1, 1, 1, 0, 1, 0]",1.6,1.61,2.51,0.75,980707.9
ARTV,9.7,9,"[1, 1, 1, 1, 1, 1, 1, 0, 1, 1]",9.38,5.71,13.39,1.53,725487.85
SIDU,2.81,6,"[0, 0, 1, 1, 1, 1, 1, 0, 1, 0]",3.75,2.46,6.2,0.63,18580710.2
TRDA,7.36,5,"[0, 0, 0, 0, 1, 1, 1, 0, 1, 1]",8.58,9.52,16.03,5.02,300860.3
LAW,3.78,2,"[0, 0, 0, 0, 0, 0, 1, 0, 1, 0]",3.89,5.38,8.91,2.76,255245.9
OPRT,5.71,7,"[1, 1, 1, 1, 0, 0, 1, 0, 1, 1]",5.43,5.33,7.69,4.13,493791.95
JACK,15.81,5,"[1, 1, 0, 0, 0, 0, 1, 0, 1, 1]",12.56,16.25,24.88,9.4,968583.05
ARCT,6.72,2,"[0, 0, 0, 1, 0, 0, 0, 0, 1, 0]",7.75,9.39,23.16,5.9,412363.75
FOSL,4.14,8,"[0, 1, 1, 1, 1, 1, 1, 0, 1, 1]",4.33,3.71,5.61,1.58,998805.3
INSG,10.33,3,"[0, 0, 0, 1, 0, 0, 1, 0, 1, 0]",13.42,12.63,20.29,6.4,340195.05
FHTX,4.88,6,"[1, 0, 1, 0, 1, 0, 1, 0, 1, 1]",4.33,4.82,6.68,3.53,226529.2
CDXS,2.26,5,"[0, 1, 1, 1, 0, 0, 1, 0, 1, 0]",2.56,2.02,3.33,0.98,928968.0
VUZI,2.9,4,"[0, 0, 0, 1, 0, 1, 1, 0, 1, 0]",3.31,3.0,5.14,1.9,1795115.6
NXDT,5.19,9,"[1, 1, 1, 1, 1, 1, 1, 1, 1, 0]",4.94,3.99,5.47,2.4,149486.1
SILC,47.94,10,"[1, 1, 1, 1, 1, 1, 1, 1, 1, 1]",41.58,23.58,50.98,13.5,167826.8
RNAC,10.42,8,"[1, 1, 1, 1, 0, 0, 1, 1, 1, 1]",7.68,7.69,13.77,5.84,520548.65
NBP,1.95,4,"[1, 0, 0, 0, 0, 0, 1, 0, 1, 1]",1.93,3.31,6.56,1.47,671846.55
XPOF,6.92,5,"[1, 1, 0, 0, 0, 0, 1, 0, 1, 1]",6.14,6.97,11.01,4.26,588777.05
AP,8.65,7,"[0, 1, 1, 1, 1, 1, 1, 0, 1, 0]",10.63,6.38,12.2,1.85,255037.05
NVA,4.72,4,"[0, 0, 0, 0, 1, 1, 1, 0, 1, 0]",6.21,6.9,14.37,1.83,298582.9
CANG,0.2,1,"[0, 0, 0, 0, 0, 0, 0, 0, 1, 0]",0.41,1.11,2.75,0.19,2084121.0
LTRX,5.88,6,"[0, 0, 1, 1, 1, 1, 1, 0, 1, 0]",6.58,5.82,8.45,2.82,1590695.75
VYGR,3.5,1,"[0, 0, 0, 0, 0, 0, 0, 0, 1, 0]",3.75,4.07,5.33,2.96,610496.75
DUOT,12.0,9,"[1, 1, 1, 1, 1, 1, 1, 1, 1, 0]",10.71,9.33,14.64,6.0,739778.45
AIRJ,5.54,9,"[1, 1, 1, 1, 0, 1, 1, 1, 1, 1]",4.1,3.93,6.59,2.51,1994916.45
EAF,5.91,1,"[0, 0, 0, 0, 0, 0, 0, 0, 1, 0]",8.71,11.52,19.82,5.23,381404.15
OSG,6.24,5,"[1, 1, 0, 0, 0, 0, 1, 0, 1, 1]",5.39,6.69,10.08,3.94,587674.65
OABI,2.46,9,"[1, 1, 1, 1, 1, 1, 1, 1, 1, 0]",2.1,1.83,2.72,1.36,598364.0
SPCE,2.89,4,"[0, 0, 0, 1, 0, 1, 1, 0, 1, 0]",3.36,3.27,7.52,2.17,48306866.75
WLAC,18.83,10,"[1, 1, 1, 1, 1, 1, 1, 1, 1, 1]",13.88,12.2,20.79,10.21,513321.35
POWW,2.28,10,"[1, 1, 1, 1, 1, 1, 1, 1, 1, 1]",2.06,1.86,2.36,1.09,983753.95
OBIO,4.32,9,"[1, 1, 1, 0, 1, 1, 1, 1, 1, 1]",4.03,4.02,5.35,2.35,521497.1
ALTG,6.47,7,"[0, 1, 1, 1, 0, 0, 1, 1, 1, 1]",6.88,6.25,8.62,4.19,249905.9
HUMA,0.78,2,"[0, 0, 0, 0, 0, 0, 1, 0, 1, 0]",0.99,1.17,2.73,0.57,17163236.45
LOVE,16.69,8,"[1, 1, 1, 1, 0, 0, 1, 1, 1, 1]",15.82,14.61,20.75,10.54,235235.55
ALEC,2.01,4,"[0, 1, 0, 1, 0, 0, 1, 0, 1, 0]",2.07,2.04,3.32,1.14,1000801.65
UIS,3.66,7,"[1, 1, 1, 1, 0, 0, 1, 1, 1, 0]",3.37,3.0,4.78,2.0,1007158.15
LFMD,4.13,4,"[0, 1, 0, 1, 0, 0, 1, 0, 1, 0]",4.59,4.38,13.13,2.64,1012305.75
WALD,1.76,5,"[1, 1, 1, 0, 0, 0, 1, 0, 1, 0]",1.41,1.68,3.08,0.76,662575.05
BZAI,1.38,2,"[0, 0, 0, 0, 0, 0, 1, 0, 1, 0]",1.71,2.26,6.29,1.02,4474319.3
HRTX,0.43,1,"[0, 0, 0, 0, 0, 0, 0, 0, 1, 0]",0.79,1.08,2.23,0.38,5204726.9
GPRO,0.78,1,"[0, 0, 0, 0, 0, 0, 0, 0, 1, 0]",1.1,1.37,2.88,0.63,6940317.4
CRNT,2.59,8,"[0, 1, 1, 1, 1, 1, 1, 1, 1, 0]",2.68,2.37,3.2,1.84,869903.85
NKTX,2.83,8,"[0, 1, 1, 1, 1, 1, 1, 1, 1, 0]",2.91,2.33,3.49,1.69,616994.45
AREC,2.15,3,"[0, 0, 0, 0, 0, 1, 1, 0, 1, 0]",2.23,2.9,6.81,0.78,3492457.45
MIST,1.34,2,"[0, 0, 0, 0, 0, 0, 1, 0, 1, 0]",1.54,1.85,2.95,1.01,1457140.85
LPRO,3.11,9,"[1, 1, 1, 1, 0, 1, 1, 1, 1, 1]",2.18,1.83,3.13,1.2,5148837.55
IMPP,4.61,6,"[0, 1, 1, 1, 0, 1, 1, 0, 1, 0]",4.99,4.6,6.35,2.97,377087.1
RELL,19.01,10,"[1, 1, 1, 1, 1, 1, 1, 1, 1, 1]",16.34,12.39,19.01,9.29,194152.95
OSUR,4.46,10,"[1, 1, 1, 1, 1, 1, 1, 1, 1, 1]",3.64,3.02,4.5,2.11,748204.9
CNTX,0.55,3,"[0, 0, 0, 0, 1, 1, 0, 0, 1, 0]",1.9,1.77,3.36,0.55,3857031.1
MVIS,0.33,1,"[0, 0, 0, 0, 0, 0, 0, 0, 1, 0]",0.53,0.82,1.5,0.28,13062064.3
AMPY,3.98,3,"[0, 0, 0, 0, 1, 1, 0, 0, 1, 0]",4.97,5.15,6.63,3.18,966455.25
TNYA,0.74,2,"[0, 0, 0, 0, 0, 0, 1, 0, 1, 0]",0.77,0.99,2.1,0.55,2687788.7
SMRT,1.19,2,"[0, 0, 0, 0, 1, 0, 0, 0, 1, 0]",1.22,1.53,2.12,0.94,2667237.5
SRI,7.32,7,"[1, 1, 1, 1, 0, 0, 1, 1, 1, 0]",7.15,6.75,9.17,4.72,361920.35
FF,4.52,10,"[1, 1, 1, 1, 1, 1, 1, 1, 1, 1]",4.34,3.83,4.97,3.0,302272.5
ANNA,2.9,1,"[0, 0, 0, 0, 0, 0, 0, 0, 1, 0]",3.35,3.62,10.24,2.31,290986.65
INSE,8.25,7,"[1, 1, 1, 0, 0, 0, 1, 1, 1, 1]",7.57,8.13,9.82,6.11,154819.3
SND,5.01,9,"[0, 1, 1, 1, 1, 1, 1, 1, 1, 1]",5.04,3.91,5.82,1.73,578486.3
SABS,3.9,9,"[1, 1, 1, 0, 1, 1, 1, 1, 1, 1]",3.69,3.57,4.59,1.72,1160499.3
SHIM,4.57,9,"[1, 1, 1, 1, 1, 1, 1, 0, 1, 1]",4.45,3.45,6.67,1.67,180112.25
SLNH,1.35,5,"[0, 1, 0, 1, 0, 1, 1, 0, 1, 0]",1.59,1.62,4.42,0.43,19524875.7
DMRC,8.22,6,"[0, 1, 1, 1, 0, 1, 1, 0, 1, 0]",10.16,7.97,16.43,4.36,253473.25
PLBY,1.22,2,"[0, 0, 0, 0, 1, 0, 0, 0, 1, 0]",1.49,1.65,2.71,1.2,1027681.45
TONX,2.55,3,"[0, 0, 0, 1, 0, 0, 1, 0, 1, 0]",3.11,3.31,22.45,1.8,299030.2
TKNO,5.68,9,"[1, 1, 1, 1, 0, 1, 1, 1, 1, 1]",4.22,3.98,6.37,1.99,240521.3
KLTR,1.3,1,"[0, 0, 0, 0, 0, 0, 0, 0, 1, 0]",1.41,1.47,2.01,1.08,423003.8
EGAN,6.3,2,"[0, 0, 0, 0, 0, 1, 0, 0, 1, 0]",7.24,9.62,15.46,5.58,289872.85
PESI,14.29,8,"[1, 1, 1, 0, 1, 0, 1, 1, 1, 1]",10.95,12.34,15.76,8.19,293766.65
TENX,14.55,9,"[1, 1, 1, 0, 1, 1, 1, 1, 1, 1]",12.32,11.3,18.27,5.74,1201717.7
ONEW,11.27,5,"[1, 1, 0, 0, 0, 0, 1, 0, 1, 1]",10.93,12.2,17.46,8.35,108835.0
UNCY,4.69,4,"[0, 0, 0, 1, 1, 1, 0, 0, 1, 0]",7.52,6.25,8.56,3.74,2458065.45
DPRO,5.42,3,"[0, 0, 0, 0, 0, 1, 1, 0, 1, 0]",5.87,7.15,13.77,3.05,1569164.0
DTIL,7.86,9,"[1, 1, 1, 1, 0, 1, 1, 1, 1, 1]",7.12,5.72,8.61,3.57,515616.95
VERI,1.37,1,"[0, 0, 0, 0, 0, 0, 0, 0, 1, 0]",1.89,3.66,8.39,1.28,2892626.7
SLQT,0.84,2,"[0, 0, 0, 0, 0, 0, 1, 0, 1, 0]",0.97,1.27,2.69,0.59,2341414.15
QSI,0.88,1,"[0, 0, 0, 0, 0, 0, 0, 0, 1, 0]",0.98,1.23,2.63,0.71,6524606.95
KPTI,9.77,9,"[1, 1, 1, 1, 1, 1, 1, 1, 1, 0]",8.93,7.38,10.21,3.77,532360.95
CRBP,9.38,6,"[1, 1, 0, 1, 0, 0, 1, 0, 1, 1]",9.32,10.19,19.36,7.16,517411.8
DGXX,5.45,7,"[0, 1, 1, 1, 1, 1, 1, 0, 1, 0]",6.16,3.85,8.46,1.89,7860294.2
KRMD,4.2,5,"[1, 0, 0, 0, 1, 0, 1, 0, 1, 1]",4.06,4.57,6.52,2.94,166071.1
CRBU,1.76,3,"[0, 0, 0, 1, 0, 0, 1, 0, 1, 0]",1.97,1.93,2.84,1.25,2497378.4
BHR,2.16,1,"[0, 0, 0, 0, 0, 0, 0, 0, 1, 0]",2.38,2.62,,,901272.1
INGN,6.45,3,"[0, 0, 0, 1, 0, 0, 0, 0, 1, 1]",6.65,6.88,8.95,5.59,326072.7
SUUN,0.71,2,"[0, 0, 0, 0, 0, 0, 1, 0, 1, 0]",0.78,1.25,2.48,0.5,8151746.7
MGNX,4.62,10,"[1, 1, 1, 1, 1, 1, 1, 1, 1, 1]",3.88,2.43,4.86,1.26,1259855.95
ATLX,3.69,1,"[0, 0, 0, 0, 0, 0, 0, 0, 1, 0]",4.43,4.83,7.45,3.4,622132.0
TLSA,1.28,1,"[0, 0, 0, 0, 0, 0, 0, 0, 1, 0]",1.31,1.53,2.5,1.08,209527.05
IFRX,2.24,9,"[1, 1, 1, 1, 1, 1, 1, 1, 1, 0]",2.07,1.35,2.74,0.8,1466036.95
ELTX,3.91,3,"[0, 0, 0, 1, 0, 0, 1, 0, 1, 0]",9.79,9.68,14.85,2.76,4042984.95
CVGI,4.62,8,"[0, 1, 1, 1, 1, 1, 1, 1, 1, 0]",4.87,2.71,5.78,1.34,708960.65
ABOS,2.67,10,"[1, 1, 1, 1, 1, 1, 1, 1, 1, 1]",2.43,2.27,3.37,1.11,695801.15
DOUG,1.77,1,"[0, 0, 0, 0, 0, 0, 0, 0, 1, 0]",1.82,2.28,3.11,1.56,464024.7
AMTX,1.64,2,"[0, 0, 0, 1, 0, 0, 0, 0, 1, 0]",2.4,2.11,3.66,1.32,1411914.25
ZEPP,5.21,2,"[0, 0, 0, 0, 0, 0, 1, 0, 1, 0]",9.84,24.0,61.27,2.76,203588.4
SKYX,1.11,3,"[1, 0, 0, 0, 1, 0, 0, 0, 1, 0]",1.1,1.63,3.13,0.95,1806936.45
CVRX,5.14,1,"[0, 0, 0, 0, 0, 0, 0, 0, 1, 0]",6.09,7.63,10.81,4.74,322722.8
LFCR,5.25,4,"[1, 0, 0, 0, 0, 0, 1, 0, 1, 1]",5.13,6.52,8.82,3.66,252635.9
EPSN,5.41,8,"[0, 1, 1, 1, 1, 1, 1, 1, 1, 0]",5.82,5.17,7.18,4.16,186791.0
ADAG,4.2,10,"[1, 1, 1, 1, 1, 1, 1, 1, 1, 1]",3.7,2.77,4.61,1.4,233199.05
KRRO,13.18,6,"[1, 1, 0, 1, 0, 0, 1, 0, 1, 1]",12.15,17.04,51.36,5.28,262676.45
DOMO,3.13,2,"[0, 0, 0, 0, 0, 0, 1, 0, 1, 0]",3.44,7.44,18.2,2.0,3040695.35
PYXS,3.01,7,"[1, 1, 1, 0, 0, 1, 1, 0, 1, 1]",1.99,2.32,5.34,1.04,1152627.55
BDTX,1.85,1,"[0, 0, 0, 0, 0, 0, 0, 0, 1, 0]",2.4,2.83,4.87,1.61,1994401.95
CNTN,2.82,4,"[0, 0, 0, 0, 1, 0, 1, 0, 1, 1]",3.12,3.29,7.71,1.17,1512738.35
TBI,6.97,9,"[1, 1, 1, 1, 0, 1, 1, 1, 1, 1]",5.98,5.13,7.68,3.31,344648.25
THRY,3.94,3,"[1, 0, 0, 0, 0, 0, 1, 0, 1, 0]",3.69,5.63,13.85,2.1,639667.25
HYPR,1.35,6,"[0, 1, 1, 1, 0, 1, 1, 0, 1, 0]",1.5,1.27,2.2,0.69,1516574.6
ORMP,4.81,10,"[1, 1, 1, 1, 1, 1, 1, 1, 1, 1]",4.07,3.17,5.0,1.92,470220.8
RFIL,21.21,10,"[1, 1, 1, 1, 1, 1, 1, 1, 1, 1]",17.17,10.84,21.5,5.65,405699.5
MX,4.73,7,"[0, 1, 1, 1, 1, 1, 1, 0, 1, 0]",5.29,3.47,8.93,2.27,2805643.25
OWLT,5.74,3,"[1, 0, 0, 0, 0, 0, 0, 0, 1, 1]",5.28,9.02,16.52,4.44,271774.6
KZIA,14.08,10,"[1, 1, 1, 1, 1, 1, 1, 1, 1, 1]",12.93,9.13,15.72,5.0,186224.3
ONL,2.89,6,"[1, 1, 1, 1, 0, 1, 0, 0, 1, 0]",2.83,2.47,,,675300.5
IMDX,5.9,7,"[1, 1, 1, 0, 1, 1, 1, 0, 1, 0]",5.31,5.32,8.48,2.4,264696.1
ANTX,4.84,10,"[1, 1, 1, 1, 1, 1, 1, 1, 1, 1]",4.56,2.42,5.46,1.03,434568.85
IMUX,15.37,10,"[1, 1, 1, 1, 1, 1, 1, 1, 1, 1]",12.53,9.46,15.41,5.1,222813.4
DIBS,4.9,8,"[1, 0, 1, 0, 1, 1, 1, 1, 1, 1]",4.62,4.8,6.43,2.55,336347.75
CURV,1.87,7,"[1, 1, 1, 1, 0, 0, 1, 0, 1, 1]",1.7,1.45,3.04,0.97,830797.25
APYX,4.49,10,"[1, 1, 1, 1, 1, 1, 1, 1, 1, 1]",3.99,3.62,4.86,1.75,181227.95
RGP,4.25,4,"[0, 1, 0, 1, 0, 0, 0, 1, 1, 0]",4.29,4.29,5.66,3.42,682819.1
CHPT,5.91,3,"[0, 0, 0, 1, 0, 0, 1, 0, 1, 0]",6.82,7.61,14.3,4.51,965411.3
BOOM,5.81,2,"[0, 0, 0, 1, 0, 0, 0, 0, 1, 0]",6.79,6.86,8.97,4.73,470109.35
WATT,24.05,7,"[0, 1, 1, 1, 1, 1, 1, 0, 1, 0]",26.61,13.5,35.33,3.76,266465.95
DHX,3.71,9,"[1, 1, 1, 1, 1, 1, 1, 1, 1, 0]",3.38,2.49,3.96,1.5,158286.9
HURA,2.34,6,"[0, 1, 1, 1, 0, 0, 1, 0, 1, 1]",2.35,1.87,3.25,0.44,754500.7
BZUN,2.83,6,"[1, 1, 0, 1, 0, 0, 1, 0, 1, 1]",2.72,2.91,4.77,2.1,272505.9
IDN,4.1,2,"[0, 0, 0, 0, 1, 0, 0, 0, 1, 0]",5.52,5.68,8.99,4.05,454002.65
SPRO,2.21,4,"[0, 0, 0, 1, 1, 1, 0, 0, 1, 0]",2.6,2.4,3.04,1.83,1816058.5
NNBR,3.59,9,"[1, 1, 1, 1, 0, 1, 1, 1, 1, 1]",2.69,1.86,3.62,1.14,5747726.75
CRDL,1.06,3,"[0, 0, 0, 1, 1, 0, 0, 0, 1, 0]",1.23,1.11,1.63,0.93,370469.05
AGEN,3.06,1,"[0, 0, 0, 0, 0, 0, 0, 0, 1, 0]",3.44,3.68,7.06,2.77,837935.8
JELD,1.5,2,"[0, 0, 0, 0, 0, 0, 1, 0, 1, 0]",1.64,2.56,6.76,0.95,2165220.75
EDSA,8.13,8,"[0, 1, 1, 1, 1, 1, 1, 0, 1, 1]",9.81,4.49,18.28,0.8,221253.2
VWAV,4.3,2,"[0, 0, 0, 0, 0, 0, 1, 0, 1, 0]",5.46,8.47,14.18,2.3,1133007.45
RDZN,1.46,5,"[0, 0, 0, 1, 1, 1, 1, 0, 1, 0]",1.69,1.51,2.41,0.83,873539.35
MBOT,1.95,1,"[0, 0, 0, 0, 0, 0, 0, 0, 1, 0]",1.95,2.29,4.5,1.62,892032.5
QMCO,11.0,8,"[1, 1, 1, 1, 0, 1, 1, 0, 1, 1]",10.38,8.3,15.95,4.31,1813903.3
MED,10.61,2,"[0, 0, 0, 1, 0, 0, 0, 0, 1, 0]",11.78,11.61,15.22,9.53,277685.2
GNLX,3.01,4,"[1, 0, 0, 0, 0, 0, 1, 0, 1, 1]",2.87,3.71,8.24,2.3,195763.2
EMPD,3.56,1,"[0, 0, 0, 0, 0, 0, 0, 0, 1, 0]",4.42,5.07,21.61,3.26,286081.8
GALT,4.64,6,"[1, 1, 1, 0, 0, 0, 1, 0, 1, 1]",2.63,3.72,6.51,2.08,1047606.6
BNC,2.72,2,"[0, 0, 0, 0, 0, 0, 1, 0, 1, 0]",2.74,5.13,57.58,1.99,700057.2
SPWR,0.69,1,"[0, 0, 0, 0, 0, 0, 0, 0, 1, 0]",0.93,1.42,2.11,0.62,4469594.0
NTHI,4.53,2,"[0, 0, 0, 0, 0, 0, 1, 0, 1, 0]",4.89,8.02,12.09,3.35,116611.75
IHD,7.8,10,"[1, 1, 1, 1, 1, 1, 1, 1, 1, 1]",7.44,6.53,8.02,5.31,128898.3
CODA,9.77,4,"[0, 0, 0, 0, 1, 1, 1, 0, 1, 0]",11.36,10.74,16.76,7.05,226774.75
SRFM,1.16,3,"[1, 0, 0, 0, 0, 0, 1, 0, 1, 0]",1.15,2.29,8.8,0.84,11218249.85
EQ,3.2,10,"[1, 1, 1, 1, 1, 1, 1, 1, 1, 1]",2.51,1.73,3.2,0.31,1002772.0
TTEC,1.94,1,"[0, 0, 0, 0, 0, 0, 0, 0, 1, 0]",2.56,2.99,5.45,1.94,796797.3
DFDV,2.94,1,"[0, 0, 0, 0, 0, 0, 0, 0, 1, 0]",3.81,6.77,30.36,2.47,1109838.1
BNAI,17.11,5,"[0, 0, 0, 0, 1, 1, 1, 0, 1, 1]",21.74,17.8,63.0,1.2,979247.4
TMCI,3.98,7,"[1, 1, 1, 1, 0, 0, 1, 0, 1, 1]",3.0,3.3,7.7,1.2,1217451.9
CHGG,1.01,5,"[0, 1, 1, 1, 0, 0, 1, 0, 1, 0]",1.15,1.0,1.84,0.45,1378606.9
HSDT,1.65,1,"[0, 0, 0, 0, 0, 0, 0, 0, 1, 0]",1.91,4.56,24.13,1.27,457363.35
SAFX,0.44,5,"[1, 1, 0, 1, 0, 0, 1, 0, 1, 0]",0.42,0.55,1.95,0.14,5537219.5
AIFC,0.59,1,"[0, 0, 0, 0, 0, 0, 0, 0, 1, 0]",0.79,1.6,8.97,0.55,1400166.2
SUIG,1.16,1,"[0, 0, 0, 0, 0, 0, 0, 0, 1, 0]",1.48,1.99,7.45,1.11,387108.35
INVE,2.52,2,"[0, 0, 0, 1, 0, 0, 0, 0, 1, 0]",4.09,3.66,5.29,2.5,219179.05
GCTS,2.97,9,"[1, 1, 1, 1, 1, 1, 1, 1, 1, 0]",2.33,1.56,3.73,0.99,4678886.45
FFAI,0.23,1,"[0, 0, 0, 0, 0, 0, 0, 0, 1, 0]",0.34,0.81,3.0,0.22,15700889.35
PEPG,1.8,5,"[1, 0, 0, 0, 0, 1, 1, 0, 1, 1]",1.61,4.07,7.17,1.01,629042.95
BLNK,0.64,1,"[0, 0, 0, 0, 0, 0, 0, 0, 1, 0]",0.75,1.0,2.5,0.5,2488012.55
GUTS,0.79,3,"[1, 0, 0, 0, 0, 0, 1, 0, 1, 0]",0.77,1.09,2.37,0.39,1698512.4
INO,1.1,1,"[0, 0, 0, 0, 0, 0, 0, 0, 1, 0]",1.19,1.73,2.87,1.05,1466735.4
RANI,0.76,3,"[0, 0, 0, 0, 0, 1, 1, 0, 1, 0]",0.9,1.18,2.85,0.41,686759.85
CMTL,2.1,3,"[0, 0, 0, 0, 1, 1, 0, 0, 1, 0]",3.86,3.96,5.98,1.92,1125549.0
VRA,3.89,10,"[1, 1, 1, 1, 1, 1, 1, 1, 1, 1]",3.69,2.89,4.26,1.8,773059.2
TUSK,3.25,9,"[1, 1, 1, 1, 1, 1, 1, 1, 1, 0]",3.02,2.4,3.84,1.73,500438.15
STIM,1.3,1,"[0, 0, 0, 0, 0, 0, 0, 0, 1, 0]",1.45,1.79,4.66,1.18,1414716.5
ARQ,2.55,3,"[1, 0, 0, 0, 0, 0, 1, 0, 1, 0]",2.53,3.78,7.73,1.64,496522.85
LICN,0.99,2,"[0, 0, 0, 1, 0, 0, 0, 0, 1, 0]",3.47,3.61,8.63,0.84,1336461.35
HCAT,1.99,5,"[1, 1, 0, 0, 0, 0, 1, 0, 1, 1]",1.52,2.09,4.09,1.0,3350512.8
BMEA,1.47,7,"[1, 1, 1, 1, 0, 0, 1, 0, 1, 1]",1.41,1.44,2.67,0.96,1039617.4
CBUS,1.37,2,"[0, 0, 0, 0, 1, 0, 0, 0, 1, 0]",1.39,1.79,4.05,1.16,280152.65
GEOS,6.77,1,"[0, 0, 0, 0, 0, 0, 0, 0, 1, 0]",8.26,14.6,28.41,6.38,169085.1
HOVR,1.97,5,"[0, 1, 0, 1, 0, 1, 1, 0, 1, 0]",2.27,2.06,3.91,1.2,1467155.05
CGTX,1.15,2,"[0, 0, 0, 0, 0, 0, 1, 0, 1, 0]",1.24,1.34,3.18,0.31,2204691.6
FLL,2.79,6,"[1, 1, 1, 1, 0, 0, 0, 0, 1, 1]",2.67,2.63,4.95,2.15,240886.5
CYPH,0.61,4,"[0, 0, 0, 0, 1, 1, 1, 0, 1, 0]",0.92,0.89,2.97,0.24,6941538.2
DTI,1.93,3,"[0, 0, 0, 0, 1, 1, 0, 0, 1, 0]",2.83,2.94,4.49,1.81,331832.5
BTCS,1.11,1,"[0, 0, 0, 0, 0, 0, 0, 0, 1, 0]",1.61,2.58,6.5,1.01,1152216.25
ZVIA,1.63,4,"[1, 0, 0, 0, 0, 0, 1, 0, 1, 1]",1.4,1.86,3.44,1.13,1500461.25
LAKE,10.69,6,"[1, 1, 0, 1, 0, 0, 1, 0, 1, 1]",10.32,11.32,17.29,7.58,256802.75
ALDX,2.13,4,"[1, 0, 0, 0, 0, 0, 1, 0, 1, 1]",1.72,3.84,5.89,1.24,1711614.9
SKLZ,9.52,9,"[1, 1, 1, 1, 0, 1, 1, 1, 1, 1]",7.67,5.68,12.45,2.28,236688.6
EXFY,1.79,6,"[1, 1, 1, 0, 0, 0, 1, 0, 1, 1]",1.19,1.34,2.61,0.75,2458080.15
ONCY,0.95,2,"[1, 0, 0, 0, 0, 0, 0, 0, 1, 0]",0.91,1.02,1.42,0.75,1342346.9
TEAD,0.77,3,"[0, 0, 0, 1, 0, 0, 1, 0, 1, 0]",1.05,0.97,3.11,0.59,481838.9
NRXP,4.09,8,"[1, 1, 1, 1, 0, 1, 1, 1, 1, 0]",3.54,2.69,4.62,1.68,1381599.35
OCCI,2.56,1,"[0, 0, 0, 0, 0, 0, 0, 0, 1, 0]",3.05,3.66,5.0,2.46,251576.4
SKBL,3.0,4,"[0, 0, 0, 1, 0, 1, 1, 0, 1, 0]",3.33,3.13,12.56,0.44,214421.75
SEAT,6.52,2,"[0, 0, 0, 1, 0, 0, 0, 0, 1, 0]",7.84,8.58,39.4,5.3,127239.0
ARBE,0.83,2,"[0, 0, 0, 0, 0, 0, 1, 0, 1, 0]",0.9,1.22,2.69,0.56,2368734.2
PODC,4.47,9,"[1, 1, 1, 1, 1, 1, 1, 1, 1, 0]",3.91,2.67,4.98,1.3,120109.8
TLYS,4.2,8,"[0, 1, 1, 1, 1, 1, 1, 1, 1, 0]",4.45,2.67,5.45,1.18,509848.4
UPXI,0.78,2,"[0, 0, 0, 0, 0, 0, 1, 0, 1, 0]",1.17,2.37,8.56,0.56,2433437.4
LGO,0.63,1,"[0, 0, 0, 0, 0, 0, 0, 0, 1, 0]",0.97,1.23,2.52,0.63,693992.85
BAER,1.92,2,"[0, 0, 0, 0, 1, 0, 0, 0, 1, 0]",1.94,2.03,3.27,1.61,536574.2
SEV,2.45,4,"[0, 0, 0, 0, 1, 0, 1, 0, 1, 1]",2.48,2.45,10.84,1.41,225143.4
FRMM,5.43,5,"[1, 1, 0, 0, 0, 0, 1, 0, 1, 1]",4.85,8.62,107.0,1.79,300847.35
GNSS,1.7,1,"[0, 0, 0, 0, 0, 0, 0, 0, 1, 0]",1.89,2.06,2.58,1.55,119672.25
ATYR,0.6,3,"[0, 0, 0, 0, 0, 0, 1, 0, 1, 1]",0.61,0.81,6.61,0.4,2281717.25
OCC,20.97,10,"[1, 1, 1, 1, 1, 1, 1, 1, 1, 1]",14.73,9.17,26.92,3.0,1688286.45
QTTB,12.74,10,"[1, 1, 1, 1, 1, 1, 1, 1, 1, 1]",8.99,5.06,14.14,1.36,523110.05
STEX,0.85,1,"[0, 0, 0, 0, 0, 0, 0, 0, 1, 0]",1.02,2.92,11.55,0.74,1381204.0
LIDR,1.44,2,"[0, 0, 0, 0, 0, 0, 1, 0, 1, 0]",1.83,2.09,4.43,0.96,1407399.65
MXCT,1.23,6,"[1, 1, 1, 0, 0, 0, 1, 0, 1, 1]",1.05,1.21,2.33,0.68,1538019.1
AGH,3.92,4,"[0, 0, 0, 1, 0, 1, 1, 0, 1, 0]",4.32,4.25,7.82,0.57,1406615.6
AVD,2.8,4,"[1, 0, 0, 0, 0, 0, 1, 0, 1, 1]",2.77,4.0,5.81,2.06,581047.0
NAMM,1.88,3,"[1, 0, 0, 0, 0, 0, 1, 0, 1, 0]",1.82,2.21,10.96,0.92,1006361.55
SPAI,4.33,3,"[0, 0, 0, 1, 0, 0, 1, 0, 1, 0]",4.67,5.11,8.95,2.4,234010.25
CLNN,6.16,6,"[0, 1, 0, 1, 0, 1, 1, 0, 1, 1]",6.27,6.55,12.5,3.36,100279.15
BTMD,1.89,2,"[0, 0, 0, 0, 0, 0, 1, 0, 1, 0]",2.14,2.33,4.55,1.3,418581.2
GRWG,1.48,5,"[0, 1, 1, 1, 0, 0, 1, 0, 1, 0]",1.5,1.46,2.2,0.97,367770.15
DTCX,1.78,1,"[0, 0, 0, 0, 0, 0, 0, 0, 1, 0]",2.17,3.07,15.46,1.63,284705.5
GECC,5.45,1,"[0, 0, 0, 0, 0, 0, 0, 0, 1, 0]",5.58,6.18,9.88,4.55,109108.6
PN,3.77,3,"[0, 0, 0, 0, 0, 0, 1, 0, 1, 1]",3.9,10.47,82.0,2.21,661594.9
TCRX,0.98,2,"[0, 0, 0, 1, 0, 0, 0, 0, 1, 0]",1.07,1.23,2.52,0.84,597859.1
DOMH,3.14,2,"[1, 0, 0, 0, 0, 0, 0, 0, 1, 0]",3.1,3.67,6.22,2.53,170211.8
STEM,7.81,1,"[0, 0, 0, 0, 0, 0, 0, 0, 1, 0]",9.17,14.27,29.79,6.36,135177.25
ZTEK,0.47,1,"[0, 0, 0, 0, 0, 0, 0, 0, 1, 0]",0.56,0.68,1.11,0.37,263330.95
JFB,4.81,4,"[0, 0, 0, 0, 1, 1, 1, 0, 1, 0]",5.47,7.62,16.78,2.54,443576.75
ANVS,1.86,3,"[0, 0, 0, 0, 1, 0, 0, 0, 1, 1]",1.95,2.55,5.1,1.59,1020536.95
ZSQR,10.58,3,"[0, 0, 0, 0, 0, 0, 1, 0, 1, 1]",12.27,13.59,18.8,7.39,748611.65
STSS,1.06,1,"[0, 0, 0, 0, 0, 0, 0, 0, 1, 0]",1.61,2.89,16.03,0.95,450096.15
ACRV,1.78,5,"[1, 0, 0, 0, 0, 1, 1, 0, 1, 1]",1.73,1.86,3.01,1.23,358820.7
AFCG,3.1,4,"[0, 1, 1, 1, 0, 0, 0, 0, 1, 0]",3.24,2.98,,,120894.65
PMVP,1.34,6,"[1, 1, 1, 0, 0, 0, 1, 0, 1, 1]",1.27,1.3,1.8,1.02,294834.85
MDAI,1.73,4,"[0, 1, 0, 1, 0, 0, 1, 0, 1, 0]",2.03,1.81,3.14,1.2,396119.9
BDMD,1.15,2,"[0, 0, 0, 0, 0, 0, 1, 0, 1, 0]",1.49,1.62,4.06,0.77,135788.65
CPSH,5.52,7,"[0, 1, 1, 1, 1, 1, 1, 0, 1, 0]",6.14,4.54,11.59,2.42,2132743.0
OMEX,0.85,1,"[0, 0, 0, 0, 0, 0, 0, 0, 1, 0]",1.02,1.7,4.12,0.77,665120.8
PDSB,0.88,3,"[0, 0, 0, 1, 0, 0, 1, 0, 1, 0]",1.07,0.92,1.43,0.54,731690.8
FLD,0.45,1,"[0, 0, 0, 0, 0, 0, 0, 0, 1, 0]",1.04,2.15,4.54,0.45,6803706.35
RRGB,7.99,8,"[1, 1, 1, 1, 0, 0, 1, 1, 1, 1]",4.68,4.57,7.99,2.59,377935.95
LFVN,6.24,4,"[0, 1, 0, 1, 0, 0, 1, 0, 1, 0]",6.47,6.43,14.13,3.99,885922.7
XTIA,1.81,5,"[0, 0, 1, 1, 1, 0, 1, 0, 1, 0]",1.86,1.77,3.06,1.24,1258097.35
KLXE,2.58,7,"[0, 1, 1, 1, 1, 1, 1, 0, 1, 0]",3.1,2.37,4.27,1.53,393398.55
FEAM,1.39,1,"[0, 0, 0, 0, 0, 0, 0, 0, 1, 0]",1.7,2.9,7.03,1.22,205241.95
SCLX,7.8,6,"[1, 1, 1, 0, 0, 0, 1, 0, 1, 1]",5.19,7.74,18.68,3.69,102173.4
SNBR,0.04,1,"[0, 0, 0, 0, 0, 0, 0, 0, 1, 0]",1.53,5.36,12.37,0.03,74026398.05
CING,5.47,8,"[1, 1, 1, 0, 1, 1, 1, 0, 1, 1]",4.88,4.99,11.66,3.33,606028.05
IXHL,3.76,3,"[0, 0, 0, 0, 0, 0, 1, 0, 1, 1]",3.77,8.13,48.9,2.56,324814.55
IMMP,0.42,3,"[0, 0, 0, 0, 0, 0, 1, 0, 1, 1]",0.44,1.63,3.18,0.31,514008.65
IBIO,1.75,5,"[1, 0, 0, 0, 1, 1, 1, 0, 1, 0]",1.71,1.75,3.07,0.57,870502.15
ENTX,1.77,6,"[1, 1, 1, 0, 0, 0, 1, 0, 1, 1]",1.27,1.68,3.14,1.0,2847235.85
EHTH,1.49,1,"[0, 0, 0, 0, 0, 0, 0, 0, 1, 0]",1.73,2.9,5.65,1.24,524368.55
LIXT,7.42,9,"[1, 1, 1, 1, 0, 1, 1, 1, 1, 1]",5.67,4.3,8.04,1.18,426044.05
VNCE,7.15,10,"[1, 1, 1, 1, 1, 1, 1, 1, 1, 1]",5.08,3.45,7.87,1.42,332327.7
HYFT,1.58,4,"[1, 1, 0, 0, 0, 0, 1, 0, 1, 0]",1.46,1.6,3.2,1.02,381277.65
BLNE,1.22,1,"[0, 0, 0, 0, 0, 0, 0, 0, 1, 0]",1.49,2.38,4.35,1.02,435569.3
PSIG,1.27,4,"[0, 0, 0, 1, 1, 1, 0, 0, 1, 0]",7.82,5.53,11.85,1.27,2924732.3
SPWH,1.33,1,"[0, 0, 0, 0, 0, 0, 0, 0, 1, 0]",1.35,1.73,3.76,1.13,663033.65
ONMD,0.71,2,"[0, 0, 0, 0, 0, 0, 1, 0, 1, 0]",0.82,1.14,3.14,0.45,426431.8
GRML,0.26,2,"[0, 0, 0, 1, 0, 0, 0, 0, 1, 0]",0.37,0.41,1.46,0.21,3509160.0
AMPG,6.96,8,"[1, 1, 1, 1, 0, 1, 1, 0, 1, 1]",4.72,3.55,9.7,1.76,6618245.55
CHRN,22.22,10,"[1, 1, 1, 1, 1, 1, 1, 1, 1, 1]",16.85,9.7,25.82,2.98,396626.55
KZR,7.29,8,"[1, 1, 1, 1, 1, 0, 1, 1, 1, 0]",7.13,5.81,7.45,3.59,125152.4
IPWR,5.36,6,"[0, 1, 1, 1, 0, 1, 1, 0, 1, 0]",5.58,4.42,8.99,2.68,574828.8
SQNS,3.4,2,"[0, 0, 0, 0, 0, 0, 1, 0, 1, 0]",3.53,4.96,53.9,2.43,123609.85
MLGO,3.98,1,"[0, 0, 0, 0, 0, 0, 0, 0, 1, 0]",4.61,5.9,23.1,3.13,104071.85
STKE,1.17,2,"[0, 0, 0, 0, 0, 0, 1, 0, 1, 0]",1.44,2.2,14.24,0.89,185955.75
ILLR,2.71,5,"[1, 1, 0, 0, 0, 0, 1, 0, 1, 1]",2.33,3.81,14.8,0.26,16836364.9
VIVO,5.17,7,"[1, 1, 1, 1, 0, 0, 1, 1, 1, 0]",4.52,3.38,6.87,1.21,1679372.85
BWEN,4.83,10,"[1, 1, 1, 1, 1, 1, 1, 1, 1, 1]",3.6,2.83,5.04,1.8,549843.05
COCH,0.79,6,"[1, 1, 1, 0, 0, 0, 1, 0, 1, 1]",0.68,0.74,1.7,0.39,715891.8
BIRD,4.0,3,"[0, 0, 0, 1, 0, 0, 1, 0, 1, 0]",5.15,4.86,16.99,2.39,4166416.65
BEAT,0.75,1,"[0, 0, 0, 0, 0, 0, 0, 0, 1, 0]",0.84,1.42,3.44,0.58,685582.3
FTEK,2.21,7,"[1, 1, 1, 1, 0, 0, 1, 0, 1, 1]",1.53,1.8,3.63,1.19,678374.4
PPSI,3.94,4,"[0, 0, 0, 1, 0, 1, 1, 0, 1, 0]",4.19,4.08,6.08,2.37,137345.85
TELA,0.75,2,"[0, 0, 0, 0, 0, 0, 1, 0, 1, 0]",0.86,1.02,2.14,0.56,120629.15
GAME,0.4,3,"[0, 0, 0, 1, 0, 0, 1, 0, 1, 0]",0.45,0.47,2.31,0.25,1248021.85
ARAY,0.26,1,"[0, 0, 0, 0, 0, 0, 0, 0, 1, 0]",0.36,0.81,1.85,0.26,2071799.8
FATN,6.3,6,"[1, 1, 1, 1, 0, 0, 1, 0, 1, 0]",4.68,3.46,9.31,1.45,252621.7
PSTV,4.37,2,"[0, 0, 0, 0, 0, 0, 1, 0, 1, 0]",5.67,9.64,22.25,2.92,215118.6
AHMA,1.7,5,"[1, 0, 0, 0, 1, 0, 1, 0, 1, 1]",1.39,1.7,37.11,0.79,8493977.1
HYPD,3.14,2,"[0, 0, 0, 1, 0, 0, 0, 0, 1, 0]",3.56,4.69,15.97,2.52,760355.65
ASTI,5.0,6,"[0, 0, 1, 1, 1, 1, 1, 0, 1, 0]",5.61,4.26,9.02,1.43,2025317.7
DARE,2.11,5,"[0, 1, 1, 1, 0, 0, 1, 0, 1, 0]",2.3,1.99,3.27,1.3,178318.95
ABLV,1.1,9,"[1, 1, 1, 1, 0, 1, 1, 1, 1, 1]",0.97,0.82,1.23,0.58,105955.15
BEEM,1.3,1,"[0, 0, 0, 0, 0, 0, 0, 0, 1, 0]",1.54,1.86,3.88,1.11,3493390.0
WKHS,3.07,2,"[0, 0, 0, 0, 0, 0, 1, 0, 1, 0]",3.17,6.25,53.04,2.34,139253.55
INMB,1.63,6,"[1, 1, 1, 0, 0, 0, 1, 0, 1, 1]",1.41,1.56,3.16,1.12,1146410.3
JZ,0.15,1,"[0, 0, 0, 0, 0, 0, 0, 0, 1, 0]",0.64,1.08,3.1,0.14,9214457.3
PSQH,0.4,1,"[0, 0, 0, 0, 0, 0, 0, 0, 1, 0]",0.6,1.09,2.83,0.38,330903.5
HCHL,3.96,7,"[1, 1, 1, 1, 0, 1, 1, 0, 1, 0]",3.07,2.8,5.6,1.0,456580.0
RPGL,1.97,2,"[0, 0, 0, 0, 1, 0, 0, 0, 1, 0]",19.25,1.97,3984.0,1.95,611069.6
GRCE,2.27,2,"[0, 0, 0, 0, 1, 0, 0, 0, 1, 0]",2.44,3.27,5.13,2.1,295533.55
BGDE,8.92,8,"[1, 1, 1, 1, 0, 1, 1, 0, 1, 1]",6.99,7.94,33.6,1.71,161322.2
TRAW,0.84,1,"[0, 0, 0, 0, 0, 0, 0, 0, 1, 0]",1.35,1.84,3.13,0.76,538508.55
BOLD,2.5,10,"[1, 1, 1, 1, 1, 1, 1, 1, 1, 1]",1.6,1.31,2.6,1.05,3558325.95
ARAI,0.43,1,"[0, 0, 0, 0, 0, 0, 0, 0, 1, 0]",0.62,2.26,12.15,0.39,1041148.0
ABVE,0.06,1,"[0, 0, 0, 0, 0, 0, 0, 0, 1, 0]",0.4,1.71,5.28,0.06,4678145.35
AGPU,7.58,7,"[1, 1, 1, 1, 0, 0, 1, 0, 1, 1]",6.52,6.44,18.0,1.41,270004.4
MNTS,6.72,3,"[0, 0, 0, 1, 0, 0, 1, 0, 1, 0]",8.84,11.15,34.11,3.23,5798146.6
BZFD,1.46,6,"[1, 1, 1, 1, 0, 0, 1, 0, 1, 0]",1.27,1.13,2.56,0.57,911186.05
SKYE,0.69,1,"[0, 0, 0, 0, 0, 0, 0, 0, 1, 0]",0.8,1.21,4.75,0.58,172293.95
QCLS,3.9,3,"[0, 0, 0, 0, 1, 0, 1, 0, 1, 0]",3.93,4.06,15.4,2.76,291819.75
SOWG,4.17,4,"[1, 0, 0, 0, 0, 0, 1, 0, 1, 1]",2.02,7.18,23.25,1.13,198619.15
LASE,1.65,5,"[1, 1, 0, 0, 0, 0, 1, 0, 1, 1]",1.46,2.16,6.51,0.6,41071928.15
QNTM,3.62,2,"[0, 0, 0, 0, 0, 0, 1, 0, 1, 0]",5.01,7.47,29.21,2.1,243333.25
DBGI,0.75,2,"[0, 0, 0, 0, 0, 0, 1, 0, 1, 0]",1.02,5.61,17.78,0.29,7961415.0
NEON,0.94,1,"[0, 0, 0, 0, 0, 0, 0, 0, 1, 0]",1.49,2.09,29.3,0.82,393282.85
AIFF,1.21,3,"[0, 0, 0, 1, 0, 0, 1, 0, 1, 0]",1.73,1.7,3.16,0.64,357847.85
VEEA,0.24,1,"[0, 0, 0, 0, 0, 0, 0, 0, 1, 0]",0.49,0.57,1.84,0.24,3046728.3
SPPL,3.89,7,"[1, 1, 1, 0, 0, 1, 1, 0, 1, 1]",3.09,3.74,6.62,1.8,1957583.15
OTLK,1.59,6,"[1, 1, 1, 0, 0, 0, 1, 0, 1, 1]",0.71,0.9,2.97,0.2,17863294.75
EVTV,1.7,6,"[0, 1, 1, 1, 1, 0, 1, 0, 1, 0]",1.87,1.66,4.08,0.36,561117.8
JSPR,0.42,1,"[0, 0, 0, 0, 0, 0, 0, 0, 1, 0]",0.73,1.46,6.82,0.34,721455.3
UFG,0.78,2,"[0, 0, 0, 0, 0, 0, 0, 0, 1, 1]",0.81,1.44,9.65,0.67,535421.3
DFLI,1.96,1,"[0, 0, 0, 0, 0, 0, 0, 0, 1, 0]",1.98,4.68,19.7,1.54,474816.4
ALLR,1.29,6,"[0, 1, 1, 1, 0, 1, 1, 0, 1, 0]",1.47,1.28,1.97,0.81,160109.9
VTGN,0.23,1,"[0, 0, 0, 0, 0, 0, 0, 0, 1, 0]",0.61,1.74,4.9,0.23,3264141.9
SDST,1.56,1,"[0, 0, 0, 0, 0, 0, 0, 0, 1, 0]",2.2,3.22,7.09,1.56,205520.45
LTRN,4.17,8,"[1, 1, 1, 1, 0, 0, 1, 1, 1, 1]",3.15,3.22,5.32,1.12,209415.0
MVO,1.77,4,"[0, 1, 0, 1, 0, 0, 1, 0, 1, 0]",1.95,2.43,5.29,0.91,130862.0
GWH,0.95,1,"[0, 0, 0, 0, 0, 0, 0, 0, 1, 0]",0.95,1.9,9.05,0.74,818532.65
ONEG,1.19,4,"[0, 0, 0, 1, 0, 0, 1, 0, 1, 1]",2.67,4.42,12.99,0.85,1216063.55
MOBX,2.1,2,"[0, 0, 0, 0, 0, 0, 1, 0, 1, 0]",2.27,4.38,12.1,1.46,3144927.95
QNCX,18.19,6,"[1, 1, 1, 0, 0, 0, 1, 0, 1, 1]",1.47,12.68,44.0,0.8,460284.4
SNAL,0.62,3,"[0, 0, 0, 1, 0, 0, 1, 0, 1, 0]",0.74,0.81,1.7,0.38,525966.7
KTTA,0.52,3,"[0, 0, 0, 0, 1, 0, 1, 0, 1, 0]",0.67,0.8,1.47,0.29,1608939.1
LGVN,0.7,3,"[0, 0, 0, 1, 0, 0, 1, 0, 1, 0]",0.81,0.74,1.74,0.48,232817.15
LPCN,2.56,5,"[1, 0, 0, 0, 1, 0, 1, 0, 1, 1]",2.3,4.66,11.26,1.94,106446.05
SAGT,1.25,3,"[0, 0, 0, 0, 0, 0, 1, 0, 1, 1]",1.27,1.85,2.68,0.88,4669956.85
OSRH,0.32,1,"[0, 0, 0, 0, 0, 0, 0, 0, 1, 0]",0.49,0.56,1.51,0.32,830116.7
OFAL,0.19,1,"[0, 0, 0, 0, 0, 0, 0, 0, 1, 0]",0.45,0.65,3.32,0.17,1392769.4
SEGG,0.93,3,"[0, 0, 0, 1, 0, 0, 1, 0, 1, 0]",1.34,1.85,13.7,0.51,1246460.85
ENGS,2.43,6,"[1, 1, 0, 1, 0, 0, 1, 0, 1, 1]",1.6,2.51,12.22,0.64,595475.15
AGAE,2.36,4,"[0, 1, 0, 1, 0, 0, 1, 0, 1, 0]",2.84,2.9,12.12,1.54,112099.4
NIXX,1.5,6,"[1, 1, 1, 0, 0, 0, 1, 0, 1, 1]",0.8,1.01,2.36,0.49,8768297.25
TOMZ,0.82,6,"[1, 1, 1, 1, 0, 0, 1, 0, 1, 0]",0.78,0.78,1.1,0.53,296448.8
AIIO,4.38,5,"[1, 1, 0, 0, 0, 0, 1, 0, 1, 1]",2.44,9.58,52.4,0.59,3535251.4
SCNX,0.35,2,"[0, 0, 0, 0, 0, 0, 1, 0, 1, 0]",0.39,0.54,2.6,0.24,430449.85
GFAI,0.4,1,"[0, 0, 0, 0, 0, 0, 0, 0, 1, 0]",0.49,0.68,1.42,0.37,761865.6
NWGL,0.28,1,"[0, 0, 0, 0, 0, 0, 0, 0, 1, 0]",0.72,1.12,1.75,0.22,6489300.8
SKYQ,3.67,6,"[1, 1, 1, 0, 0, 0, 1, 0, 1, 1]",3.46,3.55,12.59,1.14,20754725.15
TURB,1.57,6,"[1, 1, 0, 1, 0, 0, 1, 0, 1, 1]",1.53,2.19,12.4,0.61,792238.15
AKAN,13.71,4,"[0, 1, 0, 1, 0, 0, 1, 0, 1, 0]",20.14,22.78,107.43,2.68,317907.15
MDCX,0.45,4,"[1, 0, 0, 0, 0, 0, 1, 0, 1, 1]",0.34,1.28,3.4,0.28,2248701.1
BFRI,0.95,7,"[0, 1, 1, 1, 0, 1, 1, 1, 1, 0]",0.98,0.92,1.16,0.57,263919.9
MBRX,2.79,4,"[1, 0, 0, 0, 0, 0, 1, 0, 1, 1]",2.58,5.47,20.9,1.96,1103084.5
HOTH,0.95,4,"[0, 0, 0, 1, 0, 1, 1, 0, 1, 0]",0.99,1.12,2.22,0.51,9336994.6
PHIO,1.02,1,"[0, 0, 0, 0, 0, 0, 0, 0, 1, 0]",1.11,1.36,2.74,0.86,194514.55
BFRG,0.71,4,"[1, 0, 0, 0, 0, 0, 1, 0, 1, 1]",0.7,0.9,1.68,0.46,243460.9
APRE,0.8,2,"[0, 0, 0, 0, 0, 0, 1, 0, 1, 0]",0.84,0.99,2.08,0.59,108873.45
LNAI,3.27,4,"[1, 0, 0, 0, 0, 0, 1, 0, 1, 1]",2.72,6.07,27.2,1.47,2481306.0
ATER,1.32,9,"[1, 1, 1, 1, 0, 1, 1, 1, 1, 1]",1.12,0.87,1.66,0.54,190681.1
GTBP,0.49,4,"[1, 0, 0, 0, 0, 0, 1, 0, 1, 1]",0.41,0.57,3.4,0.27,1423729.6
XWEL,1.04,6,"[0, 1, 1, 1, 0, 1, 1, 0, 1, 0]",1.26,0.97,1.7,0.29,113090.4
LHSW,1.83,1,"[0, 0, 0, 0, 0, 0, 0, 0, 1, 0]",3.01,13.17,48.48,1.47,563855.1
BIVI,1.94,8,"[1, 1, 1, 1, 0, 1, 1, 0, 1, 1]",1.6,1.51,9.7,1.06,170857.45
RVPH,0.65,3,"[0, 0, 0, 0, 0, 0, 1, 0, 1, 1]",0.67,5.65,16.8,0.33,106195.45
YYGH,1.24,1,"[0, 0, 0, 0, 0, 0, 0, 0, 1, 0]",17.96,251.33,5085.0,1.24,2848612.35
NOTV,0.01,2,"[0, 0, 0, 0, 0, 0, 1, 0, 1, 0]",0.21,0.63,2.36,0.01,60531781.7
DTSS,0.76,1,"[0, 0, 0, 0, 0, 0, 0, 0, 1, 0]",0.87,1.19,2.3,0.65,804673.8
GDC,2.05,4,"[1, 0, 0, 0, 0, 0, 1, 0, 1, 1]",1.2,3.54,9.73,0.01,415920592.95
TDIC,5.66,2,"[0, 0, 0, 1, 0, 0, 0, 0, 1, 0]",28.07,95.31,908.75,5.43,2442589.35
BIAF,0.81,1,"[0, 0, 0, 0, 0, 0, 0, 0, 1, 0]",1.71,2.12,10.95,0.75,547589.55
CODX,3.1,2,"[0, 0, 0, 0, 0, 0, 1, 0, 1, 0]",3.46,6.12,37.8,1.28,720563.0
ELPW,0.99,3,"[0, 0, 0, 0, 0, 0, 1, 0, 1, 1]",2.15,159.92,5248.0,0.75,7699800.6
CETX,3.04,1,"[0, 0, 0, 0, 0, 0, 0, 0, 1, 0]",7.58,25.68,202.5,3.02,123577.55
YMAT,0.53,3,"[0, 0, 0, 1, 0, 0, 1, 0, 1, 0]",0.67,0.68,5.74,0.24,12664263.15
GLE,0.43,4,"[0, 1, 0, 1, 0, 0, 1, 0, 1, 0]",0.43,0.48,3.6,0.26,10048499.25
BNZI,3.02,1,"[0, 0, 0, 0, 0, 0, 0, 0, 1, 0]",5.0,24.52,130.0,2.78,309710.5
AIXI,1.84,2,"[0, 0, 0, 1, 0, 0, 0, 0, 1, 0]",11.14,13.03,56.4,1.84,1905008.55
MYSE,2.52,8,"[1, 1, 1, 1, 0, 1, 1, 0, 1, 1]",2.12,2.09,3.81,1.33,1058438.7
FMFC,0.28,1,"[0, 0, 0, 0, 0, 0, 0, 0, 1, 0]",0.37,2.27,15.48,0.23,7132059.65
LOBO,0.64,5,"[0, 1, 0, 1, 0, 1, 1, 0, 1, 0]",0.7,0.68,1.16,0.36,4466947.85
RMSG,0.49,3,"[0, 0, 0, 1, 0, 0, 1, 0, 1, 0]",1.14,1.43,5.21,0.35,13367820.4
MGRX,0.38,2,"[0, 0, 0, 0, 0, 0, 1, 0, 1, 0]",0.39,0.93,2.74,0.16,2325811.75
POLA,1.81,3,"[0, 0, 0, 1, 0, 0, 1, 0, 1, 0]",1.84,2.26,5.27,1.35,100364.05
ANY,2.76,4,"[1, 1, 0, 0, 0, 0, 1, 0, 1, 0]",2.45,3.69,10.5,1.09,2749683.4
SMTK,0.25,2,"[0, 0, 0, 0, 0, 0, 1, 0, 1, 0]",0.3,0.94,2.83,0.17,30336893.75
UGRO,2.02,1,"[0, 0, 0, 0, 0, 0, 0, 0, 1, 0]",5.08,7.5,36.29,2.02,582725.7
ONFO,0.29,2,"[0, 0, 0, 1, 0, 0, 0, 0, 1, 0]",0.77,0.81,1.5,0.25,418168.75
CREG,2.06,1,"[0, 0, 0, 0, 0, 0, 0, 0, 1, 0]",4.08,9.82,25.0,1.8,934918.8
FABC,3.69,5,"[0, 1, 1, 1, 0, 0, 1, 0, 1, 0]",3.92,3.53,8.41,1.78,796946.95
OLB,0.38,1,"[0, 0, 0, 0, 0, 0, 0, 0, 1, 0]",0.46,0.76,1.83,0.34,201417.25
AEHL,1.02,2,"[0, 0, 0, 0, 0, 0, 1, 0, 1, 0]",1.32,7.87,25.98,0.49,352641.2
SNYR,0.2,1,"[0, 0, 0, 0, 0, 0, 0, 0, 1, 0]",0.28,1.43,3.97,0.19,710825.9
BTQ,5.39,5,"[1, 1, 0, 0, 0, 0, 1, 0, 1, 1]",3.96,5.39,14.14,2.15,5831415.95
WXM,4.52,1,"[0, 0, 0, 0, 0, 0, 0, 0, 1, 0]",4.74,10.61,39.0,3.8,154270.25
ENVB,1.38,1,"[0, 0, 0, 0, 0, 0, 0, 0, 1, 0]",2.49,4.2,17.4,1.28,226977.8
SUNE,2.36,9,"[1, 1, 1, 1, 1, 1, 1, 0, 1, 1]",1.83,1.52,5.88,0.78,17964003.95
ALP,0.25,2,"[0, 0, 0, 0, 0, 0, 1, 0, 1, 0]",0.29,1.79,10.91,0.18,6866130.4
GP,1.68,7,"[1, 1, 1, 1, 0, 0, 1, 0, 1, 1]",1.12,1.47,4.5,0.76,253875.75
GSUN,0.33,1,"[0, 0, 0, 0, 0, 0, 0, 0, 1, 0]",0.48,1.22,3.26,0.33,270640.6
RENX,1.88,3,"[0, 0, 0, 0, 0, 0, 1, 0, 1, 1]",1.97,8.95,38.6,1.42,189784.65
WNW,3.75,4,"[1, 0, 0, 0, 0, 0, 1, 0, 1, 1]",3.58,106.43,280.4,2.41,947493.75
GOVX,1.27,1,"[0, 0, 0, 0, 0, 0, 0, 0, 1, 0]",1.58,5.78,21.27,1.05,762802.75
JTAI,8.14,3,"[1, 0, 0, 0, 0, 0, 1, 0, 1, 0]",7.28,189.53,796.0,5.71,172742.75
NCI,11.47,5,"[1, 0, 0, 0, 1, 0, 1, 0, 1, 1]",9.4,17.07,96.0,3.95,387379.35
SOBR,0.74,2,"[0, 0, 0, 0, 0, 0, 1, 0, 1, 0]",1.02,1.66,4.74,0.5,187484.4
BYAH,1.01,1,"[0, 0, 0, 0, 0, 0, 0, 0, 1, 0]",1.24,7.98,2050.5,1.0,9758919.8
MNDR,3.06,6,"[1, 1, 1, 0, 0, 0, 1, 0, 1, 1]",0.92,1.58,6.2,0.47,1159113.2
NCRA,0.09,1,"[0, 0, 0, 0, 0, 0, 0, 0, 1, 0]",0.18,0.71,1.97,0.09,25769047.65
CNEY,0.48,3,"[0, 0, 0, 1, 0, 0, 1, 0, 1, 0]",0.89,1.13,2.78,0.37,853714.45
PMAX,2.28,1,"[0, 0, 0, 0, 0, 0, 0, 0, 1, 0]",2.5,15.55,41.04,1.86,708684.1
GLMD,0.56,1,"[0, 0, 0, 0, 0, 0, 0, 0, 1, 0]",0.61,0.87,2.33,0.47,1268990.15
OCG,1.74,1,"[0, 0, 0, 0, 0, 0, 0, 0, 1, 0]",1.9,707.51,6589.92,1.65,551302.6
SHPH,3.25,1,"[0, 0, 0, 0, 0, 0, 0, 0, 1, 0]",6.18,16.96,47.6,3.25,2350545.75
LMFA,0.15,1,"[0, 0, 0, 0, 0, 0, 0, 0, 1, 0]",0.23,0.57,4.93,0.15,4278601.85
VIVK,0.33,1,"[0, 0, 0, 0, 0, 0, 0, 0, 1, 0]",1.31,17.4,220.5,0.33,7989016.25
UCAR,1.22,2,"[0, 0, 0, 0, 0, 0, 1, 0, 1, 0]",1.41,11.42,45.1,0.38,540462.5
IVDA,0.33,2,"[0, 0, 0, 0, 0, 0, 1, 0, 1, 0]",0.33,0.71,2.47,0.25,20561028.75
MASK,2.01,2,"[0, 0, 0, 0, 0, 0, 1, 0, 1, 0]",2.33,6.75,58.75,1.24,2846166.35
AEMD,0.82,1,"[0, 0, 0, 0, 0, 0, 0, 0, 1, 0]",2.04,3.32,21.9,0.82,309358.1
VRAX,2.94,1,"[0, 0, 0, 0, 0, 0, 0, 0, 1, 0]",4.36,8.27,27.75,2.6,186894.95
SGLY,0.3,1,"[0, 0, 0, 0, 0, 0, 0, 0, 1, 0]",0.4,0.57,1.39,0.3,148479.15
ORKT,1.02,3,"[0, 0, 0, 1, 0, 0, 1, 0, 1, 0]",1.13,1.23,3.2,0.67,388592.05
VBIO,0.52,1,"[0, 0, 0, 0, 0, 0, 0, 0, 1, 0]",0.84,1.51,4.38,0.51,535112.3
MGN,0.15,3,"[0, 0, 0, 0, 1, 0, 0, 0, 1, 1]",0.16,0.15,4.85,0.13,29425240.75
BIYA,0.56,2,"[0, 0, 0, 0, 0, 0, 1, 0, 1, 0]",0.92,4.87,23.52,0.28,22792969.85
HCWB,4.99,3,"[0, 0, 0, 1, 0, 0, 1, 0, 1, 0]",6.54,10.44,36.12,1.61,181984.65
JDZG,50.0,4,"[1, 0, 0, 0, 0, 0, 1, 0, 1, 1]",32.95,229.73,952.5,10.8,109340.0
NVVE,0.4,4,"[1, 0, 0, 0, 0, 0, 1, 0, 1, 1]",0.37,3.77,43.6,0.29,230697.9
GV,0.2,1,"[0, 0, 0, 0, 0, 0, 0, 0, 1, 0]",0.24,0.97,2.8,0.16,549227.25
ASBP,5.34,6,"[1, 1, 1, 1, 0, 0, 1, 0, 1, 0]",4.14,5.32,23.6,0.16,766345.7
SDOT,35.09,4,"[1, 0, 0, 0, 0, 0, 1, 0, 1, 1]",13.82,55.99,358.0,2.73,7231598.25
ICON,0.98,1,"[0, 0, 0, 0, 0, 0, 0, 0, 1, 0]",1.14,3.57,16.3,0.81,350855.55
BTX,9.03,9,"[1, 1, 1, 1, 1, 1, 1, 1, 1, 0]",8.55,6.96,9.42,5.9,798554.25
NVDA,197.58,7,"[0, 1, 1, 1, 1, 1, 0, 1, 1, 0]",209.74,190.73,235.47,157.04,157638235.6
GOOGL,361.21,8,"[0, 1, 1, 1, 1, 1, 1, 1, 1, 0]",370.27,315.27,402.38,173.86,39789599.05
GOOG,357.89,8,"[0, 1, 1, 1, 1, 1, 1, 1, 1, 0]",367.58,314.7,398.8,174.66,27124252.9
AAPL,294.38,9,"[1, 1, 1, 1, 1, 1, 1, 1, 1, 0]",292.6,269.96,315.2,201.58,67891604.6
AMZN,241.7,7,"[0, 1, 1, 1, 1, 1, 0, 1, 1, 0]",255.56,232.93,274.99,198.79,63555590.05
AVGO,369.34,8,"[0, 1, 1, 1, 1, 1, 1, 1, 1, 0]",409.71,360.2,480.81,267.94,36524562.9
TSM,444.23,9,"[1, 1, 1, 1, 1, 1, 1, 1, 1, 0]",417.49,341.63,477.57,224.84,14736188.55
TSLA,425.3,8,"[1, 1, 1, 0, 0, 1, 1, 1, 1, 1]",406.28,418.69,489.88,293.94,47979361.9
WMT,108.82,5,"[0, 0, 0, 1, 1, 1, 0, 1, 1, 0]",123.3,116.62,134.2,93.62,24964174.5
LLY,1191.74,10,"[1, 1, 1, 1, 1, 1, 1, 1, 1, 1]",1048.12,980.2,1229.93,621.26,3455088.9
MU,1032.28,9,"[1, 1, 1, 1, 1, 1, 1, 1, 1, 0]",841.56,440.13,1213.56,104.73,58063129.3
AMD,540.88,10,"[1, 1, 1, 1, 1, 1, 1, 1, 1, 1]",455.71,276.4,580.91,134.8,32116882.8
INTC,127.02,10,"[1, 1, 1, 1, 1, 1, 1, 1, 1, 1]",112.3,59.86,140.94,19.31,131422213.4
XOM,136.28,7,"[0, 0, 1, 1, 1, 1, 1, 1, 1, 0]",147.76,134.17,170.31,102.56,18132786.45
ASML,1843.04,10,"[1, 1, 1, 1, 1, 1, 1, 1, 1, 1]",1640.69,1307.26,1989.44,686.0,2365138.6
ORCL,142.5,2,"[0, 0, 0, 1, 0, 0, 0, 0, 1, 0]",187.19,199.87,325.76,136.0,31217297.45
JNJ,253.98,10,"[1, 1, 1, 1, 1, 1, 1, 1, 1, 1]",231.37,216.54,258.51,151.39,9071211.95
CAT,991.41,10,"[1, 1, 1, 1, 1, 1, 1, 1, 1, 1]",909.85,692.53,1064.9,387.32,3903681.6
CSCO,117.01,9,"[1, 1, 1, 1, 1, 1, 1, 1, 1, 0]",110.56,84.23,130.0,65.1,26706824.7
LRCX,391.26,10,"[1, 1, 1, 1, 1, 1, 1, 1, 1, 1]",319.05,221.33,433.33,94.32,14106434.65
CVX,165.69,5,"[0, 0, 0, 1, 1, 1, 0, 1, 1, 0]",183.67,169.86,209.23,141.47,9660604.0
AMAT,650.91,10,"[1, 1, 1, 1, 1, 1, 1, 1, 1, 1]",485.79,336.59,723.0,155.56,12791890.9
UNH,426.54,9,"[1, 1, 1, 1, 0, 1, 1, 1, 1, 1]",387.22,332.97,427.89,231.57,7290253.25
BABA,97.99,1,"[0, 0, 0, 0, 0, 0, 0, 0, 1, 0]",122.83,146.12,187.62,94.81,13036431.35
GE,374.94,10,"[1, 1, 1, 1, 1, 1, 1, 1, 1, 1]",317.11,308.54,374.94,243.46,5105570.25
HSBC,95.81,10,"[1, 1, 1, 1, 1, 1, 1, 1, 1, 1]",91.74,79.91,96.51,57.81,1678430.55
MS,211.86,9,"[1, 1, 1, 1, 1, 1, 1, 1, 1, 0]",203.21,176.85,227.09,136.5,6298158.3
AZN,183.86,7,"[0, 0, 1, 0, 1, 1, 1, 1, 1, 1]",184.21,182.31,208.62,135.08,2029761.75
GEV,1134.35,10,"[1, 1, 1, 1, 1, 1, 1, 1, 1, 1]",1039.25,791.28,1174.86,503.71,3273654.4
GS,1019.61,9,"[1, 1, 1, 1, 1, 1, 1, 1, 1, 0]",994.22,881.42,1106.37,682.81,2484475.1
MRK,125.37,10,"[1, 1, 1, 1, 1, 1, 1, 1, 1, 1]",115.85,105.58,129.38,75.59,12761503.65
NVS,154.14,10,"[1, 1, 1, 1, 1, 1, 1, 1, 1, 1]",149.19,140.8,163.64,110.15,2421308.25
TXN,298.41,9,"[1, 1, 1, 1, 1, 1, 1, 1, 1, 0]",294.36,213.34,332.28,151.57,10478583.85
RY,208.31,10,"[1, 1, 1, 1, 1, 1, 1, 1, 1, 1]",189.61,166.7,208.31,127.59,1829398.1
KLAC,266.19,10,"[1, 1, 1, 1, 1, 1, 1, 1, 1, 1]",207.58,151.02,301.71,84.03,15664477.45
RTX,191.78,9,"[1, 1, 1, 0, 1, 1, 1, 1, 1, 1]",179.19,182.54,211.28,142.25,5432726.85
SNDK,2032.22,10,"[1, 1, 1, 1, 1, 1, 1, 1, 1, 1]",1593.62,695.08,2335.0,40.69,11748129.8
QCOM,181.92,7,"[0, 1, 1, 1, 1, 1, 1, 0, 1, 0]",201.22,166.88,250.1,123.61,22674217.65
ARM,337.47,9,"[1, 1, 1, 1, 1, 1, 1, 1, 1, 0]",295.93,176.36,439.46,104.55,11535442.2
C,140.13,10,"[1, 1, 1, 1, 1, 1, 1, 1, 1, 1]",131.72,114.37,145.67,83.67,14033922.1
BHP,82.22,8,"[0, 1, 1, 1, 1, 1, 1, 1, 1, 0]",84.56,68.41,93.15,48.41,3033627.05
ADI,388.98,8,"[0, 1, 1, 1, 1, 1, 1, 1, 1, 0]",408.05,315.38,445.48,217.76,5784682.05
NVO,48.77,6,"[1, 1, 1, 0, 0, 0, 1, 0, 1, 1]",44.26,46.66,68.39,34.76,13289640.8
MUFG,20.27,10,"[1, 1, 1, 1, 1, 1, 1, 1, 1, 1]",19.06,17.27,21.08,13.29,3117493.9
TTE,74.8,7,"[0, 0, 1, 1, 1, 1, 1, 1, 1, 0]",87.68,74.12,93.6,55.92,1704335.05
NEE,86.37,7,"[0, 0, 1, 1, 1, 1, 0, 1, 1, 1]",89.35,85.44,97.17,68.33,11820198.15
BA,218.58,6,"[0, 0, 1, 1, 1, 0, 0, 1, 1, 1]",223.64,218.27,252.15,179.12,6149951.15
TD,122.25,10,"[1, 1, 1, 1, 1, 1, 1, 1, 1, 1]",111.99,94.79,122.25,71.98,2090671.2
SAN,13.81,10,"[1, 1, 1, 1, 1, 1, 1, 1, 1, 1]",12.46,11.45,13.81,8.21,8350955.05
RIO,93.35,8,"[0, 1, 1, 1, 1, 1, 1, 1, 1, 0]",102.22,85.3,112.04,54.76,2805079.3
ANET,166.62,8,"[1, 1, 1, 1, 0, 1, 1, 1, 1, 0]",160.05,143.05,177.73,101.13,8090957.6
STX,915.19,9,"[1, 1, 1, 1, 1, 1, 1, 1, 1, 0]",834.48,452.84,1093.26,140.85,4651873.25
DELL,425.25,9,"[1, 1, 1, 1, 1, 1, 1, 1, 1, 0]",319.45,184.79,465.96,110.73,9026455.7
PANW,352.04,9,"[1, 1, 1, 1, 0, 1, 1, 1, 1, 1]",247.98,200.74,352.04,141.67,8044442.25
WDC,598.37,10,"[1, 1, 1, 1, 1, 1, 1, 1, 1, 1]",526.44,288.23,746.23,63.85,10629432.2
GILD,125.97,4,"[0, 0, 0, 0, 1, 1, 0, 1, 1, 0]",128.99,128.34,153.91,105.47,9380407.1
GLW,220.63,10,"[1, 1, 1, 1, 1, 1, 1, 1, 1, 1]",187.79,126.29,255.69,51.04,17436199.5
BUD,80.25,9,"[1, 1, 1, 1, 1, 1, 1, 1, 1, 0]",79.55,69.4,85.09,56.26,2370454.2
APP,564.61,7,"[1, 1, 1, 0, 0, 1, 1, 1, 1, 0]",499.56,540.24,733.6,335.1,5494669.05
APH,172.22,10,"[1, 1, 1, 1, 1, 1, 1, 1, 1, 1]",145.66,138.15,176.32,96.75,9633940.9
DE,627.63,10,"[1, 1, 1, 1, 1, 1, 1, 1, 1, 1]",575.87,529.95,658.85,435.19,1360970.1
SCCO,168.8,7,"[0, 0, 1, 1, 1, 1, 1, 1, 1, 0]",180.48,160.85,215.55,85.21,1483961.6
WELL,230.19,10,"[1, 1, 1, 1, 1, 1, 1, 1, 1, 1]",212.8,195.9,230.19,148.43,3830605.4
MRVL,272.05,9,"[1, 1, 1, 1, 1, 1, 1, 1, 1, 0]",221.75,121.68,316.43,62.19,68007329.45
IBKR,93.25,10,"[1, 1, 1, 1, 1, 1, 1, 1, 1, 1]",85.79,73.23,96.82,56.36,4952093.05
COP,103.22,5,"[0, 0, 0, 1, 1, 1, 0, 1, 1, 0]",116.6,104.44,132.81,83.6,8037778.9
PLD,136.8,8,"[0, 1, 1, 1, 1, 1, 1, 1, 1, 0]",141.89,130.28,147.67,100.81,4230201.9
UBS,49.72,10,"[1, 1, 1, 1, 1, 1, 1, 1, 1, 1]",46.64,42.05,51.14,33.31,2127373.8
SMFG,24.05,10,"[1, 1, 1, 1, 1, 1, 1, 1, 1, 1]",22.53,19.97,25.23,14.53,2110929.45
CRWD,772.74,9,"[1, 1, 1, 1, 0, 1, 1, 1, 1, 1]",601.12,497.72,782.17,350.25,3510062.5
VRT,311.42,8,"[0, 1, 1, 1, 1, 1, 1, 1, 1, 0]",324.79,231.58,376.15,120.59,7244027.15
BTI,60.56,9,"[0, 1, 1, 1, 1, 1, 1, 1, 1, 1]",60.98,56.91,66.7,45.41,4828287.15
BBVA,24.98,10,"[1, 1, 1, 1, 1, 1, 1, 1, 1, 1]",22.84,21.55,25.32,14.03,1794343.8
NEM,93.3,4,"[0, 0, 0, 0, 1, 1, 1, 0, 1, 0]",106.67,102.85,131.38,56.75,9356478.0
PBR,15.99,6,"[0, 0, 1, 1, 1, 1, 1, 0, 1, 0]",19.03,15.53,21.86,11.39,14261765.75
PBR-A,14.49,6,"[0, 0, 1, 1, 1, 1, 1, 0, 1, 0]",17.13,14.29,19.73,10.67,8466721.9
SBUX,103.39,10,"[1, 1, 1, 1, 1, 1, 1, 1, 1, 1]",101.67,91.77,106.82,76.95,8060744.9
CVS,104.81,10,"[1, 1, 1, 1, 1, 1, 1, 1, 1, 1]",92.84,80.53,104.81,57.3,8861776.05
BMY,56.44,9,"[0, 1, 1, 1, 1, 1, 1, 1, 1, 1]",56.97,53.34,61.73,41.67,13576970.45
BP,36.15,5,"[0, 0, 0, 1, 1, 1, 0, 1, 1, 0]",42.9,38.33,47.09,28.7,9388133.95
PWR,691.4,6,"[0, 1, 1, 1, 1, 1, 0, 0, 1, 0]",710.39,536.6,,,1471356.1
PH,963.81,9,"[1, 1, 1, 0, 1, 1, 1, 1, 1, 1]",905.31,881.86,1020.71,691.12,734980.2
HWM,267.41,10,"[1, 1, 1, 1, 1, 1, 1, 1, 1, 1]",259.19,227.02,283.23,170.73,3697441.05
BMO,177.57,10,"[1, 1, 1, 1, 1, 1, 1, 1, 1, 1]",160.8,139.45,177.57,109.55,718056.0
EQIX,1013.62,8,"[0, 1, 1, 1, 1, 1, 1, 1, 1, 0]",1074.79,898.94,1115.94,718.6,685442.25
MFG,9.8,10,"[1, 1, 1, 1, 1, 1, 1, 1, 1, 1]",9.11,8.01,10.3,5.42,4081312.6
TT,484.58,9,"[1, 1, 1, 1, 1, 1, 0, 1, 1, 1]",470.67,432.18,503.46,374.67,1433324.2
CM,116.07,10,"[1, 1, 1, 1, 1, 1, 1, 1, 1, 1]",110.85,94.92,116.07,70.39,1684438.55
CDNS,377.73,8,"[1, 1, 1, 1, 0, 1, 1, 1, 1, 0]",366.59,327.35,416.39,265.66,2661308.45
GSK,51.3,7,"[0, 0, 1, 0, 1, 1, 1, 1, 1, 1]",51.48,49.87,60.14,34.89,4076550.85
SNPS,454.53,3,"[0, 0, 0, 1, 1, 0, 0, 0, 1, 0]",483.73,456.42,645.35,380.47,2153133.6
AEM,154.85,4,"[0, 0, 0, 0, 1, 1, 1, 0, 1, 0]",176.73,184.36,251.57,115.06,3141442.1
HCA,393.24,3,"[0, 0, 0, 0, 1, 0, 0, 0, 1, 1]",404.22,458.19,543.23,332.07,1659774.45
BNS,87.35,10,"[1, 1, 1, 1, 1, 1, 1, 1, 1, 1]",80.4,72.84,87.35,54.5,2635011.75
CMI,682.32,10,"[1, 1, 1, 1, 1, 1, 1, 1, 1, 1]",674.88,552.2,727.59,322.68,1188627.85
MAR,368.32,8,"[0, 1, 1, 1, 1, 1, 1, 1, 1, 0]",372.34,322.72,402.54,253.11,1651198.1
CNQ,38.92,7,"[0, 0, 1, 1, 1, 1, 1, 1, 1, 0]",44.71,38.55,49.57,28.74,9671997.1
EQNR,31.21,6,"[0, 0, 1, 1, 1, 1, 1, 0, 1, 0]",36.66,29.47,41.97,21.89,3747875.6
ITUB,8.13,10,"[1, 1, 1, 1, 1, 1, 1, 1, 1, 1]",8.04,7.62,9.39,5.5,24031559.35
FDX,313.89,8,"[0, 1, 1, 1, 1, 1, 1, 1, 1, 0]",317.14,261.43,337.48,171.6,2411751.25
BK,143.56,10,"[1, 1, 1, 1, 1, 1, 1, 1, 1, 1]",138.36,120.03,147.29,90.39,4360359.7
FCX,60.53,8,"[0, 1, 1, 1, 1, 1, 1, 1, 1, 0]",63.78,54.89,71.72,35.05,14963330.5
USB,61.96,10,"[1, 1, 1, 1, 1, 1, 1, 1, 1, 1]",55.89,52.13,61.96,42.26,10399254.65
JCI,144.8,10,"[1, 1, 1, 1, 1, 1, 1, 1, 1, 1]",141.72,126.55,148.21,102.64,5262931.7
ING,31.48,10,"[1, 1, 1, 1, 1, 1, 1, 1, 1, 1]",29.95,27.1,32.2,21.69,4990758.65
FTNT,158.98,10,"[1, 1, 1, 1, 1, 1, 1, 1, 1, 1]",125.39,92.77,158.98,74.39,6955414.6
MNST,97.35,10,"[1, 1, 1, 1, 1, 1, 1, 1, 1, 1]",86.69,77.43,97.64,58.65,6003658.3
CSX,48.33,10,"[1, 1, 1, 1, 1, 1, 1, 1, 1, 1]",45.9,39.46,48.33,31.73,12425343.8
AMX,25.61,8,"[0, 1, 1, 1, 1, 1, 1, 1, 1, 0]",26.29,23.51,27.75,17.0,1145585.75
ELV,416.19,10,"[1, 1, 1, 1, 1, 1, 1, 1, 1, 1]",385.92,341.42,422.71,269.01,1766289.6
BCS,27.27,10,"[1, 1, 1, 1, 1, 1, 1, 1, 1, 1]",24.42,23.23,27.3,17.53,4978146.15
SLB,45.09,7,"[0, 0, 1, 1, 1, 1, 1, 1, 1, 0]",53.82,44.92,58.01,31.12,16977085.85
MPWR,1331.73,8,"[0, 1, 1, 1, 1, 1, 1, 1, 1, 0]",1544.87,1163.19,1687.32,706.3,1172765.2
LYG,5.9,10,"[1, 1, 1, 1, 1, 1, 1, 1, 1, 1]",5.42,5.12,6.1,3.87,29854085.45
E,45.57,7,"[0, 0, 1, 1, 1, 1, 1, 1, 1, 0]",52.71,43.68,56.97,31.82,468700.4
CIEN,462.44,7,"[0, 1, 1, 1, 1, 1, 1, 0, 1, 0]",518.55,324.12,627.0,77.75,4195557.25
APO,118.44,3,"[0, 0, 0, 1, 0, 0, 0, 1, 1, 0]",128.78,127.4,153.59,99.88,4635944.25
CRH,105.19,3,"[0, 0, 0, 0, 1, 0, 0, 1, 1, 0]",108.94,114.78,130.44,92.22,4817735.45
SU,53.57,7,"[0, 0, 1, 1, 1, 1, 1, 1, 1, 0]",62.65,52.31,69.27,37.29,5527537.85
REGN,624.72,5,"[0, 0, 0, 0, 1, 1, 0, 1, 1, 1]",658.96,697.94,810.08,535.18,1088639.25
NXPI,279.18,8,"[0, 1, 1, 1, 1, 1, 1, 1, 1, 0]",292.93,234.68,331.55,181.81,4658466.4
BE,289.5,9,"[1, 1, 1, 1, 1, 1, 1, 1, 1, 0]",278.32,163.84,345.85,22.56,14156704.1
ROST,211.9,8,"[0, 1, 1, 1, 1, 1, 1, 1, 1, 0]",225.06,193.17,240.13,126.44,3567428.4
B,36.45,4,"[0, 0, 0, 0, 1, 1, 1, 0, 1, 0]",40.4,40.54,52.32,20.27,12188438.7
HLT,332.12,8,"[1, 1, 1, 1, 1, 1, 0, 1, 1, 0]",330.36,298.83,350.22,256.36,2421714.45
ASX,42.99,10,"[1, 1, 1, 1, 1, 1, 1, 1, 1, 1]",35.92,22.27,45.12,9.5,13548078.25
NOK,12.91,8,"[0, 1, 1, 1, 1, 1, 1, 1, 1, 0]",13.71,8.56,16.85,4.05,113334021.4
VLO,269.44,10,"[1, 1, 1, 1, 1, 1, 1, 1, 1, 1]",248.18,203.25,269.44,129.53,3362362.1
MPC,264.87,10,"[1, 1, 1, 1, 1, 1, 1, 1, 1, 1]",249.91,208.82,267.21,155.55,2551578.9
GM,75.52,7,"[0, 0, 1, 1, 1, 1, 1, 1, 1, 0]",78.87,74.83,85.99,48.45,8976088.75
AEP,135.05,10,"[1, 1, 1, 1, 1, 1, 1, 1, 1, 1]",130.93,122.61,138.69,100.09,5978767.35
DDOG,264.48,8,"[1, 1, 1, 1, 0, 1, 1, 1, 1, 0]",205.31,155.47,277.49,102.61,5286794.4
LITE,801.16,8,"[0, 1, 1, 1, 1, 1, 1, 1, 1, 0]",900.25,540.13,1053.09,90.44,5822888.1
VALE,14.9,7,"[0, 0, 1, 1, 1, 1, 1, 1, 1, 0]",16.08,14.24,17.82,8.75,22996978.15
NSC,318.99,9,"[1, 1, 1, 1, 1, 1, 0, 1, 1, 1]",311.52,295.78,325.68,254.76,1132350.5
HOOD,108.65,6,"[1, 1, 1, 0, 0, 0, 1, 0, 1, 1]",86.06,102.38,152.46,65.16,33479027.4
NET,246.31,8,"[1, 1, 1, 1, 0, 1, 1, 1, 1, 0]",224.76,208.13,272.66,160.19,3567619.2
PSX,174.5,9,"[1, 1, 1, 1, 1, 1, 1, 1, 1, 0]",173.51,151.37,186.92,114.45,2758371.3
FIX,1865.15,8,"[0, 1, 1, 1, 1, 1, 1, 1, 1, 0]",1881.86,1301.45,2066.51,526.24,537228.75
DLR,176.32,7,"[0, 1, 1, 1, 1, 1, 0, 1, 1, 0]",190.46,173.08,202.56,145.96,3470490.75
WBD,26.81,6,"[0, 0, 1, 0, 1, 1, 1, 1, 1, 0]",26.96,25.69,29.98,10.78,24255473.8
TRP,65.62,8,"[0, 1, 1, 1, 1, 1, 1, 1, 1, 0]",66.52,58.57,70.27,45.7,2473355.45
MFC,40.72,10,"[1, 1, 1, 1, 1, 1, 1, 1, 1, 1]",39.01,35.44,41.12,29.33,1993971.1
SPG,223.0,10,"[1, 1, 1, 1, 1, 1, 1, 1, 1, 1]",206.68,188.37,227.56,152.67,2723629.35
COHR,368.65,8,"[0, 1, 1, 1, 1, 1, 1, 1, 1, 0]",369.23,235.66,426.89,86.55,6054901.3
MSTR,93.39,1,"[0, 0, 0, 0, 0, 0, 0, 0, 1, 0]",146.28,182.4,455.9,82.31,28288724.05
BKR,53.82,6,"[0, 0, 0, 1, 1, 1, 1, 1, 1, 0]",63.51,55.3,69.44,38.02,8294266.55
WPM,111.44,3,"[0, 0, 0, 0, 1, 1, 0, 0, 1, 0]",126.36,123.73,165.21,86.45,2509073.25
CRWV,85.68,4,"[0, 0, 0, 1, 0, 1, 1, 0, 1, 0]",109.37,100.36,165.2,64.55,30848210.85
KEYS,335.6,8,"[0, 1, 1, 1, 1, 1, 1, 1, 1, 0]",347.08,253.67,373.34,158.51,1602131.25
CVNA,67.87,3,"[0, 0, 0, 0, 1, 0, 0, 0, 1, 1]",70.97,73.22,95.69,56.26,11729909.05
RKLB,100.07,7,"[0, 1, 1, 1, 1, 1, 1, 0, 1, 0]",106.65,75.65,150.23,35.66,29909768.0
TEL,201.44,3,"[0, 0, 0, 0, 0, 1, 0, 1, 1, 0]",208.71,220.22,247.28,169.36,2571894.7
URI,1111.76,9,"[1, 1, 1, 1, 0, 1, 1, 1, 1, 1]",1002.65,888.18,1139.51,709.01,553156.35
GWW,1338.24,10,"[1, 1, 1, 1, 1, 1, 1, 1, 1, 1]",1256.92,1087.73,1374.78,914.6,373494.7
TGT,130.29,10,"[1, 1, 1, 1, 1, 1, 1, 1, 1, 1]",127.89,107.68,141.2,82.06,4815144.25
TER,427.34,10,"[1, 1, 1, 1, 1, 1, 1, 1, 1, 1]",384.83,266.5,483.84,89.92,5578482.8
LHX,292.23,4,"[0, 0, 0, 0, 1, 1, 0, 1, 1, 0]",306.7,314.25,375.64,249.52,1540308.4
CARR,72.07,10,"[1, 1, 1, 1, 1, 1, 1, 1, 1, 1]",66.91,59.76,79.79,49.97,5969505.9
CTVA,83.54,10,"[1, 1, 1, 1, 1, 1, 1, 1, 1, 1]",79.54,72.85,85.26,60.56,4681340.2
AU,80.89,4,"[0, 0, 0, 0, 1, 1, 1, 0, 1, 0]",91.22,88.08,124.62,42.85,4213600.05
OKE,85.73,8,"[0, 1, 1, 1, 1, 1, 1, 1, 1, 0]",88.34,78.51,95.24,62.69,3963164.9
MCHP,88.69,8,"[0, 1, 1, 1, 1, 1, 1, 1, 1, 0]",93.38,73.0,102.71,48.06,13806938.5
MCHPP,75.08,8,"[0, 1, 1, 1, 1, 1, 1, 1, 1, 0]",78.66,63.84,85.72,45.73,267812.4
CVE,24.5,8,"[0, 1, 1, 1, 1, 1, 1, 1, 1, 0]",27.86,21.6,31.62,13.8,8555017.1
AME,237.13,10,"[1, 1, 1, 1, 1, 1, 1, 1, 1, 1]",230.64,213.28,241.94,175.34,1271170.8
TRGP,257.81,8,"[0, 1, 1, 1, 1, 1, 1, 1, 1, 0]",260.77,209.73,276.75,143.89,1268140.7
COIN,159.24,1,"[0, 0, 0, 0, 0, 0, 0, 0, 1, 0]",179.45,231.77,419.78,141.09,8889429.95
FANG,171.96,7,"[0, 0, 1, 1, 1, 1, 1, 1, 1, 0]",194.68,167.05,212.52,132.09,2884287.45
OXY,47.94,4,"[0, 0, 0, 1, 1, 1, 0, 0, 1, 0]",55.95,48.94,65.94,38.56,9630514.75
DVN,40.25,6,"[0, 0, 0, 1, 1, 1, 1, 1, 1, 0]",45.74,40.46,51.7,30.95,15426005.95
FLEX,153.53,9,"[1, 1, 1, 1, 1, 1, 1, 1, 1, 0]",133.85,81.1,162.07,49.0,9848133.5
ABEV,3.11,8,"[0, 1, 1, 1, 1, 1, 1, 1, 1, 0]",3.13,2.75,3.42,2.1,25676858.3
NUE,219.02,8,"[0, 1, 1, 1, 1, 1, 1, 1, 1, 0]",236.46,179.71,265.7,130.57,1894522.0
STM,70.72,9,"[1, 1, 1, 1, 1, 1, 1, 1, 1, 0]",65.75,38.31,79.82,21.04,13585584.05
BIDU,117.94,4,"[0, 0, 0, 0, 1, 1, 1, 0, 1, 0]",125.82,127.93,162.52,85.86,2466221.95
ETR,112.86,10,"[1, 1, 1, 1, 1, 1, 1, 1, 1, 1]",112.03,101.1,117.36,78.91,3659089.4
UI,536.38,5,"[0, 0, 0, 1, 1, 1, 1, 0, 1, 0]",701.19,682.88,1083.11,386.76,120981.95
CCJ,97.39,5,"[0, 0, 0, 1, 1, 1, 1, 0, 1, 0]",110.82,103.99,134.09,70.33,3343505.95
FER,67.26,8,"[0, 0, 1, 1, 1, 1, 1, 1, 1, 1]",68.06,65.61,73.66,50.1,1871050.5
ROK,482.82,10,"[1, 1, 1, 1, 1, 1, 1, 1, 1, 1]",446.72,396.58,495.08,324.09,887272.75
EA,205.45,10,"[1, 1, 1, 1, 1, 1, 1, 1, 1, 1]",202.29,200.37,205.45,147.21,2127221.75
ARGX,909.5,10,"[1, 1, 1, 1, 1, 1, 1, 1, 1, 1]",833.57,816.84,929.61,538.64,413046.8
DAL,93.06,10,"[1, 1, 1, 1, 1, 1, 1, 1, 1, 1]",77.53,67.63,93.66,49.41,8033667.6
EBAY,111.28,10,"[1, 1, 1, 1, 1, 1, 1, 1, 1, 1]",108.75,93.71,118.63,74.38,3620753.7
FERG,229.2,5,"[0, 0, 0, 0, 1, 1, 0, 1, 1, 1]",238.11,238.52,266.68,208.41,1380302.9
MT,59.26,8,"[0, 1, 1, 1, 1, 1, 1, 1, 1, 0]",63.47,51.7,71.65,30.04,1766086.0
WAB,264.0,8,"[0, 1, 1, 1, 1, 1, 1, 1, 1, 0]",264.88,233.91,282.45,184.98,858418.2
FNV,208.49,4,"[0, 0, 0, 0, 1, 1, 1, 0, 1, 0]",225.44,225.64,279.76,153.82,1073873.6
FITB,57.49,10,"[1, 1, 1, 1, 1, 1, 1, 1, 1, 1]",50.88,47.07,57.49,39.38,7654574.2
XYZ,77.13,8,"[1, 1, 1, 1, 0, 0, 1, 1, 1, 1]",71.92,67.33,81.11,49.09,6233530.65
NBIS,229.18,9,"[1, 1, 1, 1, 1, 1, 1, 1, 1, 0]",213.91,132.31,286.69,44.3,17700429.6
RKT,15.85,3,"[1, 0, 0, 0, 0, 0, 0, 0, 1, 1]",14.2,17.03,23.44,12.35,35959660.6
VTR,89.65,10,"[1, 1, 1, 1, 1, 1, 1, 1, 1, 1]",85.09,79.09,89.82,61.19,4230773.55
CLS,361.62,8,"[0, 1, 1, 1, 1, 1, 1, 1, 1, 0]",382.86,318.02,472.4,154.0,1949041.3
CAH,237.72,7,"[1, 1, 1, 0, 1, 1, 0, 0, 1, 1]",206.89,200.07,,,2413887.6
TEVA,33.44,9,"[0, 1, 1, 1, 1, 1, 1, 1, 1, 1]",33.93,29.32,36.34,15.38,5890253.6
HPE,43.95,9,"[1, 1, 1, 1, 1, 1, 1, 1, 1, 0]",39.04,26.97,55.99,19.41,29509925.75
STT,169.67,8,"[1, 1, 1, 1, 1, 1, 0, 0, 1, 1]",158.68,131.89,,,2493844.3
ODFL,217.96,9,"[1, 1, 1, 1, 1, 1, 1, 1, 1, 0]",217.9,178.87,248.73,125.7,2083072.2
GFS,77.23,9,"[1, 1, 1, 1, 1, 1, 1, 1, 1, 0]",75.49,48.83,89.83,31.57,3377280.9
WDS,19.33,7,"[0, 0, 1, 1, 1, 1, 1, 1, 1, 0]",21.86,18.69,24.78,13.89,1226463.65
EME,804.33,8,"[0, 1, 1, 1, 1, 1, 1, 1, 1, 0]",859.56,733.07,943.75,540.3,444398.1
ON,94.63,7,"[0, 1, 1, 1, 1, 1, 1, 0, 1, 0]",110.61,70.83,133.93,44.9,14937050.7
GFI,33.73,4,"[0, 0, 0, 0, 1, 1, 1, 0, 1, 0]",39.75,43.4,59.77,22.7,4157612.35
ERIC,10.87,7,"[0, 0, 1, 1, 1, 1, 1, 1, 1, 0]",12.11,10.5,13.74,6.97,9949576.35
KB,102.58,8,"[0, 1, 1, 1, 1, 1, 1, 1, 1, 0]",105.44,95.86,118.21,77.06,354512.35
PUK,27.69,4,"[0, 0, 0, 0, 1, 1, 0, 1, 1, 0]",28.92,29.17,33.17,23.81,1613096.15
IRM,121.9,8,"[0, 1, 1, 1, 1, 1, 1, 1, 1, 0]",125.13,103.5,133.06,77.69,1599935.2
LYV,183.98,10,"[1, 1, 1, 1, 1, 1, 1, 1, 1, 1]",166.13,154.01,183.98,125.61,2838396.1
KGC,23.47,4,"[0, 0, 0, 0, 1, 1, 1, 0, 1, 0]",28.28,28.89,37.97,15.13,9725352.75
JBL,375.34,10,"[1, 1, 1, 1, 1, 1, 1, 1, 1, 1]",358.99,267.15,385.63,192.39,1626361.65
ADM,76.61,8,"[0, 1, 1, 1, 1, 1, 1, 1, 1, 0]",77.45,66.63,84.11,51.9,3612771.2
VOD,13.01,5,"[0, 0, 0, 1, 1, 1, 0, 1, 1, 0]",14.83,13.49,16.02,10.25,3573371.05
BBD,3.48,4,"[0, 0, 0, 0, 1, 1, 0, 1, 1, 0]",3.57,3.54,4.2,2.69,32958407.35
VIK,102.0,10,"[1, 1, 1, 1, 1, 1, 1, 1, 1, 1]",88.88,73.73,104.95,54.56,2650351.3
SATS,101.5,5,"[0, 0, 0, 1, 1, 1, 1, 0, 1, 0]",121.05,103.7,141.8,26.33,14188013.8
ESLT,759.98,8,"[0, 1, 1, 1, 1, 1, 1, 1, 1, 0]",810.09,685.09,1011.93,427.77,101219.3
UMC,25.71,10,"[1, 1, 1, 1, 1, 1, 1, 1, 1, 1]",19.14,11.26,28.01,6.58,19941120.05
ONC,290.74,4,"[1, 0, 0, 0, 0, 0, 0, 1, 1, 1]",290.02,316.24,377.47,240.99,308944.05
LVS,46.25,2,"[0, 0, 0, 0, 1, 0, 0, 0, 1, 0]",50.82,56.01,68.73,45.78,4459938.35
IX,38.4,9,"[1, 1, 1, 1, 1, 1, 1, 1, 1, 0]",36.8,30.98,40.36,22.28,348743.1
CRDO,259.09,10,"[1, 1, 1, 1, 1, 1, 1, 1, 1, 1]",216.18,158.33,302.52,87.81,11266397.65
ALAB,430.86,10,"[1, 1, 1, 1, 1, 1, 1, 1, 1, 1]",299.78,194.8,483.02,88.57,6534311.0
STLD,221.76,8,"[0, 1, 1, 1, 1, 1, 1, 1, 1, 0]",244.83,187.37,282.12,119.93,1367635.6
HAL,33.01,7,"[0, 0, 1, 1, 1, 1, 1, 1, 1, 0]",39.18,32.44,42.8,20.04,12709593.05
HUM,409.42,9,"[1, 1, 1, 1, 0, 1, 1, 1, 1, 1]",309.94,250.66,409.42,162.46,1542770.95
MTZ,390.61,10,"[1, 1, 1, 1, 1, 1, 1, 1, 1, 1]",389.66,282.36,437.51,168.24,1195460.25
UAL,135.13,10,"[1, 1, 1, 1, 1, 1, 1, 1, 1, 1]",106.34,103.22,136.11,80.18,5770047.4
ZM,90.13,7,"[0, 1, 1, 1, 1, 1, 0, 1, 1, 0]",97.11,87.29,111.88,69.77,4091763.95
TS,54.19,8,"[0, 1, 1, 1, 1, 1, 1, 1, 1, 0]",60.59,47.81,64.02,33.04,1155101.3
CASY,784.28,9,"[0, 1, 1, 1, 1, 1, 1, 1, 1, 1]",820.65,660.91,916.28,493.17,714755.1
TECK,59.35,8,"[0, 1, 1, 1, 1, 1, 1, 1, 1, 0]",62.12,51.7,70.46,31.1,2993932.35
SYM,44.96,1,"[0, 0, 0, 0, 0, 0, 0, 0, 1, 0]",49.42,57.82,87.3,38.57,2287674.45
EL,82.47,2,"[0, 0, 0, 0, 1, 0, 0, 0, 1, 0]",82.56,92.32,118.78,66.97,3798519.65
SHG,62.52,8,"[0, 1, 1, 1, 1, 1, 1, 1, 1, 0]",65.46,59.23,71.72,45.18,321805.65
Q,153.37,6,"[1, 1, 0, 1, 0, 0, 1, 1, 1, 0]",152.3,153.37,175.64,73.4,2146773.65
TWLO,209.28,9,"[1, 1, 1, 1, 1, 1, 1, 1, 1, 0]",189.96,139.38,236.64,92.44,2409436.9
RVMD,187.51,10,"[1, 1, 1, 1, 1, 1, 1, 1, 1, 1]",153.7,100.67,192.62,34.7,3361764.25
RDDT,197.76,6,"[1, 1, 1, 0, 0, 0, 1, 0, 1, 1]",163.95,184.88,270.71,121.84,4510269.35
IQV,203.2,6,"[1, 1, 1, 0, 0, 0, 0, 1, 1, 1]",175.36,195.3,244.29,156.66,1671072.0
NTRS,175.6,10,"[1, 1, 1, 1, 1, 1, 1, 1, 1, 1]",167.88,144.45,176.26,120.74,1107340.15
DOV,217.17,9,"[0, 1, 1, 1, 1, 1, 1, 1, 1, 1]",218.46,201.47,232.21,159.95,1077848.95
RPRX,55.78,10,"[1, 1, 1, 1, 1, 1, 1, 1, 1, 1]",52.99,43.8,57.09,34.37,3889456.15
ASTS,86.1,5,"[0, 0, 1, 0, 1, 1, 1, 0, 1, 0]",86.31,81.91,133.09,36.91,24620486.05
BIIB,209.74,10,"[1, 1, 1, 1, 1, 1, 1, 1, 1, 1]",195.16,177.27,216.63,122.68,1169877.8
VG,11.03,6,"[0, 1, 1, 1, 1, 0, 1, 0, 1, 0]",12.41,10.73,17.76,5.9,13550165.6
EXPE,264.54,9,"[1, 1, 1, 0, 1, 1, 1, 1, 1, 1]",236.72,241.37,300.02,169.67,1685755.2
CRCL,61.95,2,"[0, 0, 0, 1, 0, 0, 0, 0, 1, 0]",96.63,97.42,235.08,50.23,14206802.05
ARES,113.63,1,"[0, 0, 0, 0, 0, 0, 0, 0, 1, 0]",121.78,135.59,185.9,94.25,2636742.6
FTI,65.11,8,"[0, 1, 1, 1, 1, 1, 1, 1, 1, 0]",70.33,56.42,76.94,32.06,4620341.9
FTAI,261.83,10,"[1, 1, 1, 1, 1, 1, 1, 1, 1, 1]",250.65,224.4,308.99,108.92,1027816.15
AXIA,10.37,6,"[0, 0, 0, 0, 1, 1, 1, 1, 1, 1]",11.05,10.78,13.43,6.29,2044048.75
CNC,68.35,10,"[1, 1, 1, 1, 1, 1, 1, 1, 1, 1]",58.04,43.4,68.35,25.21,5765491.85
NTRA,276.27,9,"[1, 1, 1, 0, 1, 1, 1, 1, 1, 1]",216.56,210.12,276.27,133.66,1637300.55
NVT,159.99,8,"[0, 1, 1, 1, 1, 1, 1, 1, 1, 0]",163.3,122.61,184.34,72.86,2158690.2
MTSI,350.63,8,"[0, 1, 1, 1, 1, 1, 1, 1, 1, 0]",352.35,231.14,409.68,118.35,1899287.4
TPL,415.02,10,"[1, 1, 1, 1, 1, 1, 1, 1, 1, 1]",399.73,374.08,538.97,272.83,458888.15
TPR,143.99,10,"[1, 1, 1, 1, 1, 1, 1, 1, 1, 1]",141.6,131.01,159.61,85.38,3051253.25
CFG,71.82,10,"[1, 1, 1, 1, 1, 1, 1, 1, 1, 1]",64.79,58.87,71.82,45.23,4565623.8
CW,757.76,10,"[1, 1, 1, 1, 1, 1, 1, 1, 1, 1]",736.5,643.03,783.82,471.69,318622.75
DOW,27.02,5,"[0, 0, 0, 1, 1, 1, 1, 0, 1, 0]",35.12,29.3,41.45,19.83,12901224.95
EIX,73.5,10,"[1, 1, 1, 1, 1, 1, 1, 1, 1, 1]",70.94,63.81,75.82,48.35,2405834.55
PKX,50.01,4,"[0, 0, 0, 1, 1, 1, 0, 0, 1, 0]",69.82,59.87,91.72,45.13,508476.2
BAP,387.0,10,"[1, 1, 1, 1, 1, 1, 1, 1, 1, 1]",337.02,299.32,389.58,210.61,645482.05
VRSN,255.9,4,"[0, 1, 0, 1, 0, 0, 0, 1, 1, 0]",279.37,256.22,310.0,210.93,859807.15
HUBB,490.12,8,"[0, 1, 1, 1, 1, 1, 0, 1, 1, 1]",499.12,472.69,556.18,403.7,672975.9
STRL,776.55,9,"[1, 1, 1, 1, 1, 1, 1, 1, 1, 0]",772.29,471.57,993.74,227.02,927668.35
EC,14.45,8,"[0, 1, 1, 1, 1, 1, 1, 1, 1, 0]",14.49,11.61,16.58,7.9,3222475.4
P,77.14,8,"[1, 1, 1, 1, 0, 1, 1, 1, 1, 0]",75.91,75.63,98.7,54.47,3395023.45
AER,141.92,9,"[1, 1, 1, 0, 1, 1, 1, 1, 1, 1]",141.27,137.5,153.99,106.41,1265081.2
PAAS,44.33,4,"[0, 0, 0, 0, 1, 1, 1, 0, 1, 0]",52.39,49.82,68.3,26.86,5113609.9
DG,115.2,5,"[1, 0, 0, 0, 1, 1, 0, 0, 1, 1]",111.66,120.57,155.5,95.08,3221137.9
VIV,12.99,5,"[0, 0, 0, 1, 1, 1, 0, 1, 1, 0]",13.78,13.27,16.39,10.24,1092068.8
SYF,76.77,8,"[1, 1, 1, 0, 1, 1, 0, 1, 1, 1]",73.57,73.82,87.76,63.52,3512889.4
ZS,146.45,3,"[1, 0, 0, 0, 0, 0, 0, 0, 1, 1]",141.51,205.74,336.27,118.05,4406520.0
SQM,74.22,7,"[0, 0, 1, 1, 1, 1, 1, 1, 1, 0]",82.91,69.18,94.63,35.4,1166379.2
BG,104.89,6,"[0, 0, 0, 1, 1, 1, 1, 1, 1, 0]",121.83,107.37,131.41,71.0,1823583.7
FMX,128.11,10,"[1, 1, 1, 1, 1, 1, 1, 1, 1, 1]",121.92,106.48,131.2,82.37,554740.85
MDB,359.38,7,"[1, 1, 1, 0, 0, 1, 1, 1, 1, 0]",314.88,332.39,440.6,201.0,1709672.65
XPO,207.06,8,"[0, 1, 1, 1, 1, 1, 1, 1, 1, 0]",211.51,172.74,228.37,118.79,1652310.45
ALB,136.08,5,"[0, 0, 0, 1, 1, 1, 1, 0, 1, 0]",173.16,148.04,215.07,64.63,2648434.7
UTHR,547.15,9,"[0, 1, 1, 1, 1, 1, 1, 1, 1, 1]",560.0,503.35,596.76,274.7,586545.45
FSLR,232.08,4,"[0, 0, 0, 1, 0, 1, 1, 0, 1, 0]",244.24,234.93,318.25,160.84,2224308.85
TSN,58.43,5,"[0, 0, 0, 1, 1, 1, 0, 1, 1, 0]",61.7,58.62,68.18,49.45,4041317.8
TSEM,245.46,8,"[0, 1, 1, 1, 1, 1, 1, 1, 1, 0]",248.38,151.44,316.85,43.67,1777730.7
RF,30.8,10,"[1, 1, 1, 1, 1, 1, 1, 1, 1, 1]",28.13,26.71,30.8,22.67,11202665.55
KEY,23.25,10,"[1, 1, 1, 1, 1, 1, 1, 1, 1, 1]",21.82,20.01,23.41,16.27,12718155.15
TEAM,83.17,2,"[0, 0, 0, 0, 0, 0, 1, 0, 1, 0]",86.18,116.09,220.89,57.15,4652160.6
LYB,52.58,5,"[0, 0, 0, 1, 1, 1, 1, 0, 1, 0]",66.86,56.1,81.53,40.28,5495036.3
JBHT,290.07,10,"[1, 1, 1, 1, 1, 1, 1, 1, 1, 1]",264.99,208.48,290.07,129.81,1036756.5
SBAC,180.75,4,"[0, 0, 0, 1, 1, 0, 0, 1, 1, 0]",203.24,193.58,233.84,164.16,1051602.9
WST,365.0,10,"[1, 1, 1, 1, 1, 1, 1, 1, 1, 1]",317.96,275.13,365.0,209.39,818064.65
CPAY,340.94,9,"[1, 1, 1, 1, 1, 1, 1, 1, 1, 0]",337.58,313.23,364.13,255.0,779187.25
ENTG,165.19,10,"[1, 1, 1, 1, 1, 1, 1, 1, 1, 1]",147.91,114.88,184.0,68.7,3750488.4
NMR,8.98,9,"[1, 1, 1, 0, 1, 1, 1, 1, 1, 1]",8.31,8.09,9.54,6.28,1416250.0
IHG,168.41,10,"[1, 1, 1, 1, 1, 1, 1, 1, 1, 1]",156.5,138.15,174.13,113.11,261832.75
FN,547.18,6,"[0, 0, 1, 1, 1, 1, 1, 0, 1, 0]",645.8,518.82,746.47,277.04,1154317.2
SBS,5.75,9,"[0, 1, 1, 1, 1, 1, 1, 1, 1, 1]",5.92,5.45,7.08,3.81,7624498.15
WWD,420.93,10,"[1, 1, 1, 1, 1, 1, 1, 1, 1, 1]",377.83,331.63,436.44,236.67,967153.75
SITM,703.84,10,"[1, 1, 1, 1, 1, 1, 1, 1, 1, 1]",685.79,429.15,901.48,190.16,676320.45
INSM,107.0,2,"[0, 0, 0, 0, 0, 0, 0, 0, 1, 1]",112.09,151.92,211.41,91.88,5094736.15
BEKE,15.05,3,"[0, 0, 0, 1, 0, 0, 0, 1, 1, 0]",16.64,16.87,19.99,14.26,4494471.55
AKAM,112.81,7,"[0, 1, 1, 1, 1, 1, 1, 0, 1, 0]",129.77,100.62,161.14,70.53,4070751.95
PFG,108.93,10,"[1, 1, 1, 1, 1, 1, 1, 1, 1, 1]",103.44,90.51,112.36,72.85,1470880.35
RL,398.02,10,"[1, 1, 1, 1, 1, 1, 1, 1, 1, 1]",372.39,351.67,413.24,271.59,731166.9
ATI,192.17,10,"[1, 1, 1, 1, 1, 1, 1, 1, 1, 1]",173.25,131.93,204.09,71.34,1979899.55
MRNA,72.5,10,"[1, 1, 1, 1, 1, 1, 1, 1, 1, 1]",52.14,40.84,72.5,22.36,8746591.85
ILMN,183.89,10,"[1, 1, 1, 1, 1, 1, 1, 1, 1, 1]",151.81,129.79,183.89,91.0,2069160.2
AFRM,83.85,8,"[1, 1, 1, 1, 0, 0, 1, 1, 1, 1]",68.83,66.38,92.18,42.53,4597056.35
CRS,610.16,10,"[1, 1, 1, 1, 1, 1, 1, 1, 1, 1]",485.72,370.61,616.84,231.97,957923.65
SMCI,27.65,3,"[0, 0, 0, 1, 0, 0, 1, 0, 1, 0]",33.48,35.11,60.71,20.53,75639117.5
MKSI,411.05,10,"[1, 1, 1, 1, 1, 1, 1, 1, 1, 1]",328.54,222.63,444.8,89.14,1425761.7
IFF,81.15,10,"[1, 1, 1, 1, 1, 1, 1, 1, 1, 1]",74.71,69.57,82.49,58.53,2014336.55
EXPD,166.81,10,"[1, 1, 1, 1, 1, 1, 1, 1, 1, 1]",156.84,145.18,166.81,110.22,1404498.2
ROIV,35.03,10,"[1, 1, 1, 1, 1, 1, 1, 1, 1, 1]",29.9,24.38,35.39,10.74,6190201.95
DD,138.47,8,"[0, 1, 1, 1, 1, 1, 1, 1, 1, 0]",142.25,127.75,153.36,86.15,1437983.8
IREN,43.32,4,"[0, 0, 0, 1, 0, 1, 1, 0, 1, 0]",54.61,49.1,76.41,15.4,42098033.55
RGLD,198.79,4,"[0, 0, 0, 0, 1, 1, 1, 0, 1, 0]",223.25,228.62,303.74,150.48,799948.05
FUTU,99.92,1,"[0, 0, 0, 0, 0, 0, 0, 0, 1, 0]",120.63,151.12,195.9,89.76,2271118.35
ULS,97.67,9,"[1, 1, 1, 1, 1, 1, 1, 1, 1, 0]",96.57,83.44,104.74,62.21,1221713.05
CHRW,191.27,10,"[1, 1, 1, 1, 1, 1, 1, 1, 1, 1]",179.16,164.89,199.22,95.22,1460170.05
LUV,50.47,10,"[1, 1, 1, 1, 1, 1, 1, 1, 1, 1]",42.56,39.84,54.33,28.52,6943451.5
DKS,229.76,8,"[1, 1, 1, 1, 0, 1, 0, 1, 1, 1]",223.02,212.4,239.17,185.52,1192678.5
VTRS,16.18,10,"[1, 1, 1, 1, 1, 1, 1, 1, 1, 1]",15.9,13.02,17.26,8.41,10035870.6
RCI,32.12,4,"[0, 0, 0, 0, 1, 1, 0, 1, 1, 0]",36.37,36.55,40.21,30.95,1045840.65
FFIV,424.18,10,"[1, 1, 1, 1, 1, 1, 1, 1, 1, 1]",370.54,302.49,424.18,223.99,626057.8
CX,12.13,8,"[0, 1, 1, 1, 1, 1, 1, 1, 1, 0]",12.57,11.37,13.52,7.11,4385600.3
INCY,113.81,10,"[1, 1, 1, 1, 1, 1, 1, 1, 1, 1]",100.29,97.76,114.66,67.27,2247348.25
KEP,12.02,2,"[0, 0, 0, 0, 1, 0, 0, 0, 1, 0]",13.54,15.98,23.26,11.9,1270498.05
APG,41.78,6,"[0, 0, 1, 1, 1, 1, 0, 0, 1, 1]",43.5,40.59,,,3208364.85
SNX,261.35,9,"[1, 1, 1, 1, 1, 1, 1, 1, 1, 0]",251.56,181.89,290.14,137.69,961404.8
CDE,16.54,4,"[0, 0, 0, 0, 1, 1, 1, 0, 1, 0]",17.8,18.97,27.12,8.67,48298719.2
RBC,620.47,10,"[1, 1, 1, 1, 1, 1, 1, 1, 1, 1]",600.18,508.01,648.89,369.71,301550.4
BURL,314.97,8,"[0, 1, 1, 1, 1, 1, 1, 1, 1, 0]",318.78,297.53,347.82,242.28,746238.85
ROKU,140.51,10,"[1, 1, 1, 1, 1, 1, 1, 1, 1, 1]",126.9,106.63,143.66,79.98,8102258.15
AMKR,79.99,10,"[1, 1, 1, 1, 1, 1, 1, 1, 1, 1]",75.24,50.08,93.55,20.96,6456443.65
RS,372.4,8,"[0, 1, 1, 1, 1, 1, 1, 1, 1, 0]",377.47,317.17,413.43,262.77,416544.45
BWXT,191.25,7,"[0, 0, 0, 1, 1, 1, 1, 1, 1, 1]",202.89,197.64,238.1,135.69,1068274.0
ZTO,22.78,8,"[0, 0, 1, 1, 1, 1, 1, 1, 1, 1]",23.5,21.89,25.88,17.42,1456583.35
NXT,116.15,7,"[0, 1, 1, 1, 1, 1, 1, 0, 1, 0]",126.14,105.93,156.4,53.8,3763801.6
ITT,188.84,5,"[0, 0, 0, 1, 1, 1, 0, 1, 1, 0]",199.7,189.09,221.24,154.69,1012239.55
FTV,61.8,10,"[1, 1, 1, 1, 1, 1, 1, 1, 1, 1]",60.34,55.43,62.72,46.34,3006609.1
IONQ,51.4,6,"[0, 1, 1, 1, 0, 1, 1, 0, 1, 0]",54.9,49.64,82.09,26.59,27381064.0
AGI,30.31,3,"[0, 0, 0, 0, 1, 1, 0, 0, 1, 0]",38.41,39.22,55.22,24.25,5605053.75
BCH,38.84,9,"[1, 1, 1, 0, 1, 1, 1, 1, 1, 1]",37.91,36.24,43.7,25.75,353949.6
YPF,44.96,8,"[0, 1, 1, 1, 1, 1, 1, 1, 1, 0]",47.92,38.5,56.35,23.57,1737163.65
CF,108.16,8,"[0, 1, 1, 1, 1, 1, 1, 1, 1, 0]",116.04,99.05,137.04,75.38,2868790.7
MGA,63.07,8,"[0, 1, 1, 1, 1, 1, 1, 1, 1, 0]",63.67,54.97,68.15,39.72,1146248.75
TLN,360.79,5,"[0, 0, 0, 1, 0, 1, 1, 1, 1, 0]",374.45,372.48,445.84,264.0,1027030.6
LSCC,146.3,9,"[1, 1, 1, 1, 1, 1, 1, 1, 1, 0]",135.38,95.12,155.27,48.73,2025080.15
WMG,27.7,3,"[0, 0, 0, 1, 0, 0, 0, 1, 1, 0]",30.03,29.5,34.56,23.52,2197261.75
CIB,78.18,10,"[1, 1, 1, 1, 1, 1, 1, 1, 1, 1]",70.65,65.65,81.69,41.96,438048.05
WCC,320.71,8,"[0, 1, 1, 1, 1, 1, 1, 1, 1, 0]",349.16,282.84,373.98,188.93,587918.35
JBS,12.07,2,"[0, 0, 0, 0, 1, 0, 0, 0, 1, 0]",13.27,13.71,17.05,11.6,8156986.2
WSO,407.62,8,"[1, 1, 1, 1, 1, 0, 0, 1, 1, 1]",401.71,378.89,478.22,318.41,351766.85
DOCN,144.58,8,"[0, 1, 1, 1, 1, 1, 1, 1, 1, 0]",148.63,78.14,181.29,25.74,3638476.5
EWBC,130.7,10,"[1, 1, 1, 1, 1, 1, 1, 1, 1, 1]",124.99,112.52,132.63,92.51,1096299.1
AA,47.48,5,"[0, 0, 0, 1, 1, 1, 1, 0, 1, 0]",65.48,54.62,83.79,28.14,6457025.7
PR,17.93,8,"[0, 1, 1, 1, 1, 1, 1, 1, 1, 0]",19.82,16.43,22.33,11.76,11935304.0
NVMI,502.6,8,"[0, 1, 1, 1, 1, 1, 1, 1, 1, 0]",520.2,417.54,605.65,237.16,545977.35
RTO,29.02,6,"[0, 0, 0, 1, 1, 1, 1, 1, 1, 0]",31.23,29.7,34.52,22.29,877862.45
OWL,8.64,1,"[0, 0, 0, 0, 0, 0, 0, 0, 1, 0]",9.56,12.3,19.42,8.04,25774077.25
OVV,51.98,8,"[0, 1, 1, 1, 1, 1, 1, 1, 1, 0]",56.93,47.12,62.75,35.32,3262577.3
TTMI,179.7,10,"[1, 1, 1, 1, 1, 1, 1, 1, 1, 1]",174.52,104.03,221.47,40.06,2957457.8
BEN,34.06,10,"[1, 1, 1, 1, 1, 1, 1, 1, 1, 1]",30.94,25.46,34.06,20.39,4749548.75
IEX,224.96,10,"[1, 1, 1, 1, 1, 1, 1, 1, 1, 1]",214.77,190.35,228.07,155.73,729913.0
LAMR,156.64,10,"[1, 1, 1, 1, 1, 1, 1, 1, 1, 1]",146.91,130.2,156.64,109.47,687780.45
VNOM,41.22,6,"[0, 0, 1, 1, 1, 1, 0, 1, 1, 0]",45.93,41.15,50.23,34.57,2065961.9
GNRC,270.22,9,"[1, 1, 1, 1, 1, 1, 1, 1, 1, 0]",262.88,199.71,295.54,136.37,953017.5
NDSN,295.64,10,"[1, 1, 1, 1, 1, 1, 1, 1, 1, 1]",285.85,260.64,304.64,206.54,449534.6
SN,151.84,10,"[1, 1, 1, 1, 1, 1, 1, 1, 1, 1]",122.17,111.72,152.27,84.57,1766945.35
H,190.86,10,"[1, 1, 1, 1, 1, 1, 1, 1, 1, 1]",180.21,160.93,202.09,134.51,946279.45
BALL,61.75,9,"[1, 1, 1, 0, 1, 1, 1, 1, 1, 1]",57.85,55.46,67.31,45.92,3396215.1
MLI,57.42,6,"[0, 0, 0, 1, 1, 1, 1, 1, 1, 0]",66.95,58.82,70.23,40.66,1544238.4
LOGI,94.64,3,"[0, 0, 0, 1, 0, 1, 0, 0, 1, 0]",105.9,103.3,126.69,85.84,995832.2
CLH,290.74,9,"[0, 1, 1, 1, 1, 1, 1, 1, 1, 1]",294.22,263.47,313.7,201.73,492830.35
GMAB,27.64,5,"[1, 0, 0, 0, 0, 0, 1, 1, 1, 1]",26.18,29.22,35.34,20.3,1571946.3
PAA,22.24,8,"[0, 1, 1, 1, 1, 1, 1, 1, 1, 0]",22.3,19.18,24.15,14.89,2437357.1
NBIX,167.77,9,"[1, 1, 1, 1, 0, 1, 1, 1, 1, 1]",153.26,142.25,170.0,123.1,1228742.7
HST,23.35,10,"[1, 1, 1, 1, 1, 1, 1, 1, 1, 1]",22.11,18.46,24.2,14.11,10620388.85
JLL,318.35,6,"[1, 0, 1, 0, 1, 0, 0, 1, 1, 1]",307.67,315.29,358.66,248.95,383120.6
ASND,267.79,10,"[1, 1, 1, 1, 1, 1, 1, 1, 1, 1]",233.18,219.94,267.79,163.32,945134.95
LECO,257.97,7,"[0, 0, 1, 1, 1, 1, 0, 1, 1, 1]",263.04,252.33,297.02,211.15,416462.35
OKTA,140.46,9,"[1, 1, 1, 1, 0, 1, 1, 1, 1, 1]",100.56,88.59,140.46,62.93,3732674.4
HTHT,42.44,5,"[0, 0, 0, 0, 1, 1, 1, 1, 1, 0]",45.86,45.71,54.63,29.07,2042667.4
DTM,143.78,10,"[1, 1, 1, 1, 1, 1, 1, 1, 1, 1]",142.87,126.23,150.74,96.52,727700.35
MOD,244.49,8,"[0, 1, 1, 1, 1, 1, 1, 1, 1, 0]",270.37,196.85,306.89,90.02,1724645.85
RRX,229.36,10,"[1, 1, 1, 1, 1, 1, 1, 1, 1, 1]",211.6,176.07,238.19,127.98,1139938.75
BSAC,32.57,9,"[1, 1, 1, 0, 1, 1, 1, 1, 1, 1]",31.48,30.22,35.69,21.8,389962.95
JAZZ,237.51,10,"[1, 1, 1, 1, 1, 1, 1, 1, 1, 1]",225.59,179.19,240.97,105.93,914931.65
ONTO,351.36,10,"[1, 1, 1, 1, 1, 1, 1, 1, 1, 1]",293.17,204.93,378.45,90.0,1435037.75
OHI,48.17,10,"[1, 1, 1, 1, 1, 1, 1, 1, 1, 1]",46.43,43.88,48.99,34.1,2586650.35
SMMT,14.38,1,"[0, 0, 0, 0, 0, 0, 0, 0, 1, 0]",16.86,17.7,29.32,13.05,6378961.55
RMBS,123.83,7,"[0, 1, 1, 1, 1, 1, 1, 0, 1, 0]",135.47,108.96,170.66,62.85,3807222.7
AUR,7.07,9,"[1, 1, 1, 1, 1, 1, 1, 1, 1, 0]",6.55,5.1,8.4,3.77,32552834.15
NIO,4.97,3,"[0, 0, 0, 1, 0, 0, 1, 0, 1, 0]",5.65,5.78,7.89,3.41,28977976.9
HAS,81.46,4,"[0, 0, 0, 0, 1, 1, 0, 1, 1, 0]",88.73,85.3,104.36,69.25,1912796.8
LTM,56.91,9,"[1, 1, 1, 0, 1, 1, 1, 1, 1, 1]",51.31,51.31,68.29,41.03,784519.6
SUN,67.79,10,"[1, 1, 1, 1, 1, 1, 1, 1, 1, 1]",66.7,58.09,72.2,46.14,390049.1
QXO,16.54,3,"[0, 0, 0, 0, 1, 0, 0, 0, 1, 1]",17.77,20.16,27.07,15.06,23169182.65
AEIS,356.35,10,"[1, 1, 1, 1, 1, 1, 1, 1, 1, 1]",346.2,273.62,388.93,135.01,1081140.25
ALLY,46.08,9,"[1, 1, 1, 1, 1, 1, 0, 1, 1, 1]",43.76,41.54,47.25,35.72,3363297.9
PL,31.61,7,"[0, 1, 1, 1, 1, 1, 1, 0, 1, 0]",37.26,24.68,51.4,6.14,18532858.35
EVR,341.04,7,"[0, 1, 1, 1, 1, 1, 0, 1, 1, 0]",343.44,329.87,381.16,266.5,383288.9
SKM,31.88,7,"[0, 1, 1, 1, 1, 1, 1, 0, 1, 0]",37.52,27.92,46.0,19.68,2939758.5
TIGO,90.49,10,"[1, 1, 1, 1, 1, 1, 1, 1, 1, 1]",85.2,64.13,93.77,34.13,1821968.5
SANM,246.39,9,"[1, 1, 1, 1, 1, 1, 1, 1, 1, 0]",238.01,168.18,282.72,95.79,1609531.2
IESC,699.98,9,"[1, 1, 1, 1, 1, 1, 1, 1, 1, 0]",680.42,495.03,766.54,293.78,332760.15
BBIO,74.52,9,"[1, 1, 1, 0, 1, 1, 1, 1, 1, 1]",68.73,68.28,79.91,42.83,3849568.35
TOL,157.37,9,"[1, 1, 1, 0, 1, 1, 1, 1, 1, 1]",143.14,141.1,165.81,113.14,1223576.65
DINO,72.56,9,"[1, 1, 1, 1, 1, 1, 1, 1, 1, 0]",68.48,56.45,73.99,40.83,2352106.45
NYT,71.79,7,"[0, 0, 1, 1, 1, 1, 1, 1, 1, 0]",75.7,70.45,85.86,50.99,1917775.7
DY,470.51,9,"[1, 1, 1, 1, 1, 1, 1, 1, 1, 0]",452.14,369.8,535.2,245.31,702123.5
RBRK,82.01,7,"[1, 1, 1, 1, 0, 0, 1, 1, 1, 0]",66.6,66.72,98.5,43.81,4659147.65
DVA,228.03,10,"[1, 1, 1, 1, 1, 1, 1, 1, 1, 1]",191.16,145.61,228.03,103.87,820054.6
GH,170.77,10,"[1, 1, 1, 1, 1, 1, 1, 1, 1, 1]",115.33,97.35,170.77,40.98,3396409.05
PEN,316.43,6,"[0, 0, 1, 0, 1, 1, 1, 1, 1, 0]",322.1,309.0,359.4,225.54,419887.25
BMNR,14.15,1,"[0, 0, 0, 0, 0, 0, 0, 0, 1, 0]",18.72,29.49,134.96,13.31,41592158.7
SWK,91.34,10,"[1, 1, 1, 1, 1, 1, 1, 1, 1, 1]",80.06,74.89,94.12,60.08,1789507.6
ENLT,87.09,8,"[0, 1, 1, 1, 1, 1, 1, 1, 1, 0]",91.4,60.95,107.42,23.16,286338.8
OKLO,52.45,1,"[0, 0, 0, 0, 0, 0, 0, 0, 1, 0]",64.14,84.22,174.14,45.58,11562383.35
BWA,64.36,8,"[0, 1, 1, 1, 1, 1, 1, 1, 1, 0]",65.72,52.45,77.03,34.07,3194281.7
APA,31.87,6,"[0, 0, 1, 1, 1, 1, 1, 0, 1, 0]",37.03,29.93,44.09,17.41,5796103.3
IONS,79.19,9,"[1, 1, 1, 0, 1, 1, 1, 1, 1, 1]",75.32,75.65,86.5,40.69,2023516.8
HL,15.59,4,"[0, 0, 0, 0, 1, 1, 1, 0, 1, 0]",17.07,17.95,31.8,5.58,31050690.5
HII,278.97,3,"[0, 0, 0, 0, 1, 1, 0, 0, 1, 0]",315.48,344.25,451.78,243.83,520785.95
SOLS,82.95,5,"[0, 1, 0, 1, 0, 0, 1, 1, 1, 0]",83.08,82.95,88.6,41.35,1865488.9
FIVE,182.64,5,"[0, 0, 0, 1, 1, 1, 1, 0, 1, 0]",211.21,192.67,247.71,128.78,1637381.4
U,30.19,3,"[1, 0, 0, 0, 0, 0, 1, 0, 1, 0]",27.51,32.56,49.47,17.13,7661326.35
IVZ,26.83,8,"[0, 1, 1, 1, 1, 1, 1, 1, 1, 0]",27.08,25.18,29.2,16.03,5494399.5
NTNX,51.2,5,"[1, 1, 0, 1, 0, 0, 1, 0, 1, 0]",47.03,51.27,81.12,34.41,4012137.95
MEDP,543.57,8,"[1, 1, 1, 0, 0, 1, 1, 1, 1, 1]",450.9,513.48,620.59,308.88,309566.85
EXEL,53.96,10,"[1, 1, 1, 1, 1, 1, 1, 1, 1, 1]",49.9,44.1,54.77,34.54,2762411.85
ALGN,181.49,10,"[1, 1, 1, 1, 1, 1, 1, 1, 1, 1]",172.35,161.73,207.19,124.88,1100038.1
BLD,425.52,5,"[1, 0, 0, 0, 1, 0, 0, 1, 1, 1]",421.34,428.56,550.9,335.39,1064231.3
WLK,72.82,3,"[0, 0, 0, 0, 1, 0, 1, 0, 1, 0]",91.56,87.02,122.65,55.28,1135582.45
SAIA,418.15,8,"[0, 1, 1, 1, 1, 1, 1, 1, 1, 0]",450.04,364.62,487.14,250.48,439980.15
MP,54.28,3,"[0, 0, 0, 1, 0, 0, 1, 0, 1, 0]",62.03,61.89,98.65,30.03,5286255.45
VIAV,47.07,8,"[0, 1, 1, 1, 1, 1, 1, 1, 1, 0]",49.87,29.06,55.33,9.76,9477971.6
AAOI,139.0,7,"[0, 1, 1, 1, 1, 1, 1, 0, 1, 0]",169.25,81.78,223.1,19.49,14056415.6
PINS,21.89,5,"[1, 1, 0, 0, 0, 0, 1, 0, 1, 1]",20.46,24.0,39.17,15.42,20149748.3
AIZ,274.14,10,"[1, 1, 1, 1, 1, 1, 1, 1, 1, 1]",249.24,229.19,274.14,181.8,431208.5
WBS,76.63,10,"[1, 1, 1, 1, 1, 1, 1, 1, 1, 1]",72.99,65.89,76.63,53.14,3581637.95
ELAN,24.09,9,"[1, 1, 1, 0, 1, 1, 1, 1, 1, 1]",23.08,22.85,26.84,13.68,5317401.45
GLXY,25.86,5,"[0, 1, 0, 1, 0, 1, 1, 0, 1, 0]",29.42,27.89,42.86,16.84,8956433.05
APLD,35.52,7,"[0, 1, 1, 1, 1, 1, 1, 0, 1, 0]",41.31,32.21,49.65,9.18,21054996.85
MDGL,514.39,9,"[1, 1, 1, 0, 1, 1, 1, 1, 1, 1]",508.68,496.57,602.83,287.52,415632.1
VICR,350.21,10,"[1, 1, 1, 1, 1, 1, 1, 1, 1, 1]",297.66,167.12,379.78,43.85,905335.45
COKE,193.84,10,"[1, 1, 1, 1, 1, 1, 1, 1, 1, 1]",183.87,165.71,216.63,108.77,530295.75
LFUS,440.39,8,"[0, 1, 1, 1, 1, 1, 1, 1, 1, 0]",448.7,331.62,489.1,225.96,313248.4
FORM,147.13,10,"[1, 1, 1, 1, 1, 1, 1, 1, 1, 1]",136.03,86.34,159.93,27.62,1981142.45
AAON,116.42,8,"[0, 1, 1, 1, 1, 1, 1, 1, 1, 0]",124.24,99.34,148.15,71.77,964713.5
TFII,141.66,8,"[0, 1, 1, 1, 1, 1, 1, 1, 1, 0]",145.73,113.2,162.83,80.09,430427.55
AIT,332.08,10,"[1, 1, 1, 1, 1, 1, 1, 1, 1, 1]",313.41,276.63,343.54,239.8,299972.65
SMTC,147.03,9,"[1, 1, 1, 1, 1, 1, 1, 1, 1, 0]",141.41,92.79,174.73,42.6,4578988.15
WULF,23.58,8,"[0, 1, 1, 1, 1, 1, 1, 1, 1, 0]",24.23,16.73,28.98,4.76,28474322.45
POWL,264.86,8,"[0, 1, 1, 1, 1, 1, 1, 1, 1, 0]",284.79,177.05,321.94,70.0,812218.1
TIMB,21.33,4,"[0, 0, 0, 0, 1, 1, 0, 1, 1, 0]",22.81,23.03,27.75,17.42,312787.15
AXSM,240.66,10,"[1, 1, 1, 1, 1, 1, 1, 1, 1, 1]",227.38,172.83,255.17,100.39,1189962.6
WMS,150.96,8,"[1, 1, 1, 0, 1, 0, 1, 1, 1, 1]",141.95,146.72,174.94,110.35,1129008.35
HMY,15.18,3,"[0, 0, 0, 0, 1, 1, 0, 0, 1, 0]",16.51,17.96,25.55,12.37,4269526.05
HUT,105.79,8,"[0, 1, 1, 1, 1, 1, 1, 1, 1, 0]",105.81,63.33,133.02,19.45,4352867.25
IAG,15.77,4,"[0, 0, 0, 0, 1, 1, 1, 0, 1, 0]",16.91,16.76,24.57,6.74,6022757.25
CGNX,71.31,10,"[1, 1, 1, 1, 1, 1, 1, 1, 1, 1]",62.8,48.97,72.42,31.63,2395911.05
KTOS,53.04,1,"[0, 0, 0, 0, 0, 0, 0, 0, 1, 0]",57.44,79.36,130.72,43.28,5620375.0
JEF,51.3,3,"[0, 0, 0, 1, 0, 0, 1, 0, 1, 0]",53.13,53.78,68.8,35.74,2797980.65
AG,17.04,4,"[0, 0, 0, 0, 1, 1, 1, 0, 1, 0]",19.38,18.36,31.98,7.82,12442979.15
EMBJ,63.05,7,"[1, 0, 0, 0, 1, 1, 1, 1, 1, 1]",60.08,63.82,79.88,47.38,1320656.4
ESI,45.74,10,"[1, 1, 1, 1, 1, 1, 1, 1, 1, 1]",42.77,32.4,49.09,22.82,3574557.55
JOBY,8.84,1,"[0, 0, 0, 0, 0, 0, 0, 0, 1, 0]",9.9,12.32,20.39,7.94,40680147.5
MUSA,558.8,10,"[1, 1, 1, 1, 1, 1, 1, 1, 1, 1]",554.07,447.06,622.53,355.19,344611.35
BTSG,69.85,10,"[1, 1, 1, 1, 1, 1, 1, 1, 1, 1]",58.47,42.24,69.85,19.36,4316860.05
GSAT,80.96,8,"[0, 1, 1, 1, 1, 1, 1, 1, 1, 0]",81.66,63.71,84.43,23.15,1705944.7
GMED,75.96,5,"[0, 0, 0, 0, 1, 1, 1, 1, 1, 0]",83.01,81.78,96.82,51.89,1865631.8
BEP,34.37,8,"[0, 1, 1, 1, 1, 1, 1, 1, 1, 0]",34.67,30.29,37.09,23.77,778630.75
KNX,77.37,9,"[1, 1, 1, 1, 1, 1, 1, 1, 1, 0]",71.35,56.51,82.45,38.58,4539239.1
ALSN,117.46,9,"[0, 1, 1, 1, 1, 1, 1, 1, 1, 1]",120.33,105.7,135.66,78.62,970599.0
SNAP,4.75,1,"[0, 0, 0, 0, 0, 0, 0, 0, 1, 0]",5.51,6.54,10.35,3.93,48523132.4
ARWR,80.44,10,"[1, 1, 1, 1, 1, 1, 1, 1, 1, 1]",76.2,60.19,82.0,14.71,2607217.9
WTFC,162.79,10,"[1, 1, 1, 1, 1, 1, 1, 1, 1, 1]",152.03,141.47,162.79,118.91,537259.05
AES,14.64,9,"[1, 1, 1, 1, 1, 1, 1, 1, 1, 0]",14.54,14.17,17.07,10.53,7819369.45
SPXC,231.72,10,"[1, 1, 1, 1, 1, 1, 1, 1, 1, 1]",220.74,210.97,246.41,169.97,1042699.5
VFS,3.09,3,"[0, 0, 0, 1, 1, 0, 0, 0, 1, 0]",3.63,3.44,4.76,2.81,548365.2
AHR,53.65,10,"[1, 1, 1, 1, 1, 1, 1, 1, 1, 1]",49.1,47.49,53.65,34.94,4411147.8
DAR,56.58,8,"[0, 1, 1, 1, 1, 1, 1, 1, 1, 0]",59.2,46.54,64.84,29.74,2378932.95
FCFS,218.41,9,"[0, 1, 1, 1, 1, 1, 1, 1, 1, 1]",221.45,182.41,232.57,118.91,548492.25
UMBF,145.65,10,"[1, 1, 1, 1, 1, 1, 1, 1, 1, 1]",130.98,119.98,145.65,102.87,796911.55
ARW,209.61,8,"[0, 1, 1, 1, 1, 1, 1, 1, 1, 0]",209.74,148.4,234.83,101.87,581024.6
MOG-A,421.0,10,"[1, 1, 1, 1, 1, 1, 1, 1, 1, 1]",351.05,283.19,425.85,180.32,349380.35
HBM,22.59,6,"[0, 0, 1, 1, 1, 1, 1, 0, 1, 0]",25.61,21.33,31.86,9.05,5799586.95
GTLS,208.68,9,"[1, 1, 1, 1, 1, 1, 0, 1, 1, 1]",207.73,205.43,208.98,163.62,1443586.95
MGM,47.52,9,"[1, 1, 1, 1, 1, 1, 1, 1, 1, 0]",42.72,36.96,50.69,30.72,3730916.55
VMI,559.02,10,"[1, 1, 1, 1, 1, 1, 1, 1, 1, 1]",526.04,443.31,582.78,326.37,265720.4
ABVX,132.56,9,"[1, 1, 1, 0, 1, 1, 1, 1, 1, 1]",111.67,111.73,145.31,7.75,2971523.45
CTRE,40.9,10,"[1, 1, 1, 1, 1, 1, 1, 1, 1, 1]",39.04,36.87,42.03,29.12,3635279.0
MOH,232.55,9,"[1, 1, 1, 1, 0, 1, 1, 1, 1, 1]",191.57,169.51,239.58,122.65,1095461.45
BPOP,168.5,10,"[1, 1, 1, 1, 1, 1, 1, 1, 1, 1]",152.67,132.66,168.5,107.38,619322.7
SNEX,123.74,10,"[1, 1, 1, 1, 1, 1, 1, 1, 1, 1]",117.35,82.6,139.01,54.63,1169839.85
CYTK,85.26,10,"[1, 1, 1, 1, 1, 1, 1, 1, 1, 1]",73.62,64.96,87.26,33.23,2506729.75
VSAT,83.02,10,"[1, 1, 1, 1, 1, 1, 1, 1, 1, 1]",69.08,47.76,89.81,14.47,3520555.6
ICLR,175.05,7,"[1, 1, 1, 0, 0, 0, 1, 1, 1, 1]",132.26,149.22,202.92,80.08,1162572.55
AGX,764.56,10,"[1, 1, 1, 1, 1, 1, 1, 1, 1, 1]",685.92,451.01,798.55,201.37,420387.95
CAMT,155.48,7,"[0, 1, 1, 1, 1, 1, 1, 0, 1, 0]",178.21,143.86,207.46,76.73,481318.5
SBSW,8.51,3,"[0, 0, 0, 0, 1, 1, 0, 0, 1, 0]",11.25,12.63,20.52,7.06,5782122.45
MASI,179.95,10,"[1, 1, 1, 1, 1, 1, 1, 1, 1, 1]",178.68,156.41,179.95,127.4,897116.25
ELPC,11.54,8,"[0, 1, 1, 1, 1, 1, 1, 1, 1, 0]",11.95,10.54,13.39,7.32,350883.2
TTC,96.98,10,"[1, 1, 1, 1, 1, 1, 1, 1, 1, 1]",92.26,85.61,100.89,67.07,1144779.15
R,266.0,10,"[1, 1, 1, 1, 1, 1, 1, 1, 1, 1]",251.57,206.14,280.34,158.04,423798.2
CAVA,79.78,9,"[0, 1, 1, 1, 1, 1, 1, 1, 1, 1]",83.03,70.25,97.39,43.59,3026313.75
PRAX,319.6,10,"[1, 1, 1, 1, 1, 1, 1, 1, 1, 1]",314.74,256.51,357.13,37.71,691151.45
ZION,70.7,10,"[1, 1, 1, 1, 1, 1, 1, 1, 1, 1]",63.62,58.07,70.7,45.85,1804221.9
SIRI,29.95,10,"[1, 1, 1, 1, 1, 1, 1, 1, 1, 1]",27.56,22.92,29.95,19.47,6627981.0
RIOT,23.96,7,"[0, 1, 1, 1, 0, 1, 1, 1, 1, 0]",24.26,18.32,28.69,11.03,15933486.9
FLS,72.38,6,"[0, 0, 1, 0, 1, 1, 1, 1, 1, 0]",74.62,71.56,91.49,48.65,1982152.4
ALGM,63.2,10,"[1, 1, 1, 1, 1, 1, 1, 1, 1, 1]",49.78,35.97,69.62,22.8,3547232.2
GDS,31.61,2,"[0, 0, 0, 0, 1, 0, 0, 0, 1, 0]",37.62,38.62,47.52,29.02,2573254.05
KRYS,371.58,10,"[1, 1, 1, 1, 1, 1, 1, 1, 1, 1]",308.96,252.8,378.15,134.94,392774.25
EGO,31.66,4,"[0, 0, 0, 0, 1, 1, 1, 0, 1, 0]",31.74,33.84,49.52,19.67,3124783.4
GGB,4.02,7,"[0, 0, 1, 1, 1, 1, 1, 1, 1, 0]",4.52,3.87,4.89,2.79,17630314.4
MXL,112.39,10,"[1, 1, 1, 1, 1, 1, 1, 1, 1, 1]",84.39,34.16,128.03,13.05,4018695.05
IBRX,9.2,10,"[1, 1, 1, 1, 1, 1, 1, 1, 1, 1]",7.65,5.36,11.55,1.98,13075392.55
AAL,18.15,10,"[1, 1, 1, 1, 1, 1, 1, 1, 1, 1]",13.95,13.32,18.15,10.18,144478364.95
DDS,539.21,5,"[0, 0, 0, 0, 1, 1, 1, 1, 1, 0]",572.39,601.03,699.51,407.35,116839.2
FRO,34.7,9,"[0, 1, 1, 1, 1, 1, 1, 1, 1, 1]",35.9,28.16,42.88,15.78,3627667.75
CRUS,146.42,8,"[0, 1, 1, 1, 1, 1, 1, 1, 1, 0]",164.98,139.3,178.9,97.25,570963.05
BVN,29.2,5,"[0, 0, 0, 1, 1, 1, 1, 0, 1, 0]",33.09,30.34,42.44,15.77,1440122.5
W,95.14,8,"[1, 1, 1, 0, 0, 1, 1, 1, 1, 1]",73.79,86.88,119.05,53.37,3685007.3
LUMN,7.15,5,"[0, 0, 0, 1, 1, 1, 1, 0, 1, 0]",9.03,8.05,11.83,3.7,14866470.4
LLYVK,107.27,10,"[1, 1, 1, 1, 1, 1, 1, 1, 1, 1]",97.57,91.52,107.27,77.33,542802.5
LLYVA,103.86,10,"[1, 1, 1, 1, 1, 1, 1, 1, 1, 1]",94.7,88.99,103.86,74.85,336387.1
LEVI,24.5,9,"[1, 1, 1, 1, 0, 1, 1, 1, 1, 1]",22.84,21.44,24.83,17.8,2489025.9
COLB,32.51,10,"[1, 1, 1, 1, 1, 1, 1, 1, 1, 1]",29.79,27.82,32.51,22.1,3141432.35
OSK,144.72,8,"[1, 1, 1, 0, 1, 1, 0, 1, 1, 1]",138.45,140.11,177.15,117.67,656597.45
MTCH,38.25,8,"[1, 1, 1, 1, 0, 0, 1, 1, 1, 1]",36.09,33.19,38.73,28.72,3777624.75
FR,61.61,9,"[0, 1, 1, 1, 1, 1, 1, 1, 1, 1]",61.74,57.63,63.89,46.03,1126786.3
CRL,229.09,9,"[1, 1, 1, 0, 1, 1, 1, 1, 1, 1]",179.45,180.05,229.09,145.57,848222.5
FROG,90.39,10,"[1, 1, 1, 1, 1, 1, 1, 1, 1, 1]",70.41,56.73,90.88,34.75,3614523.2
ZWS,49.01,9,"[0, 1, 1, 1, 1, 1, 1, 1, 1, 1]",49.31,47.63,52.67,36.15,1050884.4
SIMO,316.98,10,"[1, 1, 1, 1, 1, 1, 1, 1, 1, 1]",260.52,144.8,336.9,69.89,940969.65
ENS,220.46,8,"[0, 1, 1, 1, 1, 1, 1, 1, 1, 0]",224.3,169.03,243.06,85.49,646676.3
PRMB,24.52,7,"[1, 1, 1, 1, 0, 0, 1, 1, 1, 0]",22.84,19.96,30.06,14.21,3335226.6
EMN,67.09,5,"[0, 0, 0, 1, 1, 1, 0, 1, 1, 0]",72.18,67.12,79.49,54.37,1222959.05
CIFR,22.84,9,"[1, 1, 1, 1, 1, 1, 1, 1, 1, 0]",22.39,17.88,29.18,4.72,24846660.35
QBTS,23.5,6,"[1, 1, 0, 1, 0, 1, 1, 0, 1, 0]",23.35,24.16,44.78,12.98,30927050.3
ECG,151.02,9,"[0, 1, 1, 1, 1, 1, 1, 1, 1, 1]",151.55,111.25,169.16,64.05,633726.55
NUVL,123.6,10,"[1, 1, 1, 1, 1, 1, 1, 1, 1, 1]",108.59,101.41,123.6,72.16,5255046.3
FIGR,32.67,2,"[0, 0, 0, 0, 0, 0, 0, 0, 1, 1]",33.16,38.87,73.91,25.28,4725134.0
ICL,5.03,2,"[0, 0, 0, 1, 0, 0, 0, 0, 1, 0]",5.75,5.57,7.19,4.72,1592010.95
TKR,141.75,10,"[1, 1, 1, 1, 1, 1, 1, 1, 1, 1]",124.7,97.86,145.32,70.03,1093368.4
SSL,9.59,6,"[0, 0, 1, 1, 1, 1, 1, 0, 1, 0]",12.57,9.04,14.29,4.8,1885049.4
KRMN,54.93,3,"[0, 0, 0, 0, 1, 0, 0, 0, 1, 1]",58.95,76.94,115.29,44.84,3653077.6
BOKF,141.24,10,"[1, 1, 1, 1, 1, 1, 1, 1, 1, 1]",131.74,122.5,141.24,96.54,275685.45
NXE,9.45,5,"[0, 0, 0, 1, 1, 1, 1, 0, 1, 0]",11.19,10.56,13.92,6.43,6264605.3
NE,37.08,5,"[0, 0, 0, 1, 1, 1, 1, 0, 1, 0]",47.01,37.98,53.79,24.34,1712699.5
AMG,336.91,10,"[1, 1, 1, 1, 1, 1, 1, 1, 1, 1]",316.76,286.78,357.5,200.19,378128.8
IDA,150.12,10,"[1, 1, 1, 1, 1, 1, 1, 1, 1, 1]",143.41,135.26,152.88,112.18,643950.0
JHG,51.93,10,"[1, 1, 1, 1, 1, 1, 1, 1, 1, 1]",51.73,48.04,53.21,39.25,3229388.8
VIRT,61.73,10,"[1, 1, 1, 1, 1, 1, 1, 1, 1, 1]",53.57,41.21,63.41,31.82,1367364.8
MSGS,395.17,10,"[1, 1, 1, 1, 1, 1, 1, 1, 1, 1]",361.49,288.62,403.03,192.65,332676.25
ROAD,109.1,3,"[0, 0, 0, 1, 0, 0, 0, 1, 1, 0]",119.45,117.67,140.48,93.43,706068.15
CMC,61.21,4,"[0, 0, 0, 1, 1, 1, 0, 0, 1, 0]",71.67,67.4,82.94,49.85,1548309.2
JXN,104.53,6,"[0, 0, 1, 1, 1, 1, 0, 1, 1, 0]",108.28,104.46,120.14,81.3,666707.45
ESE,339.9,10,"[1, 1, 1, 1, 1, 1, 1, 1, 1, 1]",315.3,255.62,354.9,185.02,318640.05
GKOS,137.57,10,"[1, 1, 1, 1, 1, 1, 1, 1, 1, 1]",128.76,109.76,144.42,74.67,1019925.95
CWEN,33.52,5,"[0, 0, 0, 1, 1, 1, 0, 1, 1, 0]",38.06,35.22,41.26,26.9,1718833.05
CIG,2.07,5,"[0, 0, 0, 1, 1, 1, 0, 1, 1, 0]",2.23,2.12,2.67,1.74,7799143.6
MBLY,9.67,4,"[1, 1, 0, 0, 0, 0, 1, 0, 1, 0]",9.29,10.42,19.08,6.56,6370215.6
KNTK,47.6,9,"[0, 1, 1, 1, 1, 1, 1, 1, 1, 1]",48.03,41.24,51.27,30.53,1218005.9
CHRD,111.63,7,"[0, 0, 1, 1, 1, 1, 1, 1, 1, 0]",134.94,109.95,148.35,82.2,871801.55
MIDD,171.75,10,"[1, 1, 1, 1, 1, 1, 1, 1, 1, 1]",153.93,143.87,173.36,111.68,737668.6
PCVX,56.08,9,"[1, 1, 1, 0, 1, 1, 1, 1, 1, 1]",52.64,49.96,63.04,29.67,1972676.05
KEX,130.97,8,"[0, 1, 1, 1, 1, 1, 1, 1, 1, 0]",143.47,121.23,152.59,79.95,603985.7
HALO,77.01,7,"[1, 1, 1, 0, 0, 0, 1, 1, 1, 1]",68.8,69.09,81.23,53.84,1874896.9
YOU,55.66,9,"[1, 1, 1, 1, 1, 1, 1, 1, 1, 0]",55.6,42.17,62.18,27.89,1587025.35
ORA,110.94,6,"[0, 0, 0, 1, 1, 1, 1, 1, 1, 0]",126.44,114.79,145.1,84.27,984502.5
VLY,14.8,10,"[1, 1, 1, 1, 1, 1, 1, 1, 1, 1]",13.69,12.09,14.8,8.85,7189749.85
VFC,16.83,6,"[0, 0, 0, 0, 1, 1, 1, 1, 1, 1]",17.6,17.28,21.44,11.41,7108948.05
WFRD,80.21,5,"[0, 0, 0, 1, 1, 1, 1, 0, 1, 0]",101.45,87.42,111.42,52.05,1330081.95
CORZ,23.71,8,"[0, 1, 1, 1, 1, 1, 1, 1, 1, 0]",24.98,19.21,29.16,12.51,12026094.3
CWAN,24.56,10,"[1, 1, 1, 1, 1, 1, 1, 1, 1, 1]",24.33,22.36,24.56,15.89,6595485.0
TEX,68.7,10,"[1, 1, 1, 1, 1, 1, 1, 1, 1, 1]",62.9,57.63,74.58,41.55,1574102.15
SOBO,34.45,8,"[0, 1, 1, 1, 1, 1, 1, 1, 1, 0]",35.32,30.03,37.65,24.54,1000251.35
FAF,70.46,10,"[1, 1, 1, 1, 1, 1, 1, 1, 1, 1]",67.39,63.58,70.54,52.94,1190411.65
IDCC,282.26,2,"[0, 0, 0, 0, 0, 0, 0, 0, 1, 1]",284.71,329.83,394.78,219.58,465506.75
OR,31.4,3,"[0, 0, 0, 0, 1, 1, 0, 0, 1, 0]",35.82,37.46,47.56,25.5,1041713.45
HXL,98.09,10,"[1, 1, 1, 1, 1, 1, 1, 1, 1, 1]",92.51,80.39,100.06,56.77,968840.5
OGC,25.02,4,"[0, 0, 0, 0, 1, 1, 1, 0, 1, 0]",29.01,29.17,42.39,13.47,442952.05
SLAB,218.38,9,"[1, 1, 1, 1, 1, 1, 1, 1, 1, 0]",217.7,174.17,220.34,116.08,529816.3
RIG,4.87,5,"[0, 0, 0, 1, 1, 1, 1, 0, 1, 0]",6.18,5.12,7.58,2.55,34277260.7
PLXS,290.17,10,"[1, 1, 1, 1, 1, 1, 1, 1, 1, 1]",271.87,195.7,303.82,118.29,361514.65
GGAL,49.05,8,"[1, 1, 1, 0, 1, 1, 1, 1, 1, 0]",46.73,45.35,58.75,25.39,1220380.3
SSRM,28.83,8,"[0, 1, 1, 1, 1, 1, 1, 1, 1, 0]",29.95,26.18,35.74,11.8,3629222.1
LTH,40.04,10,"[1, 1, 1, 1, 1, 1, 1, 1, 1, 1]",32.92,28.48,41.3,24.59,3125900.0
KYMR,114.2,10,"[1, 1, 1, 1, 1, 1, 1, 1, 1, 1]",86.26,76.09,116.46,37.68,1310059.55
SM,25.73,7,"[0, 1, 1, 1, 1, 1, 1, 0, 1, 0]",30.17,24.11,34.57,17.3,4027326.85
LEA,130.39,8,"[0, 1, 1, 1, 1, 1, 1, 1, 1, 0]",136.46,119.38,146.59,90.56,709173.3
HR,20.29,10,"[1, 1, 1, 1, 1, 1, 1, 1, 1, 1]",19.81,17.89,20.7,14.57,4415862.05
RHP,124.83,10,"[1, 1, 1, 1, 1, 1, 1, 1, 1, 1]",113.44,97.31,130.93,82.97,711691.7
NOV,18.1,7,"[0, 0, 1, 1, 1, 1, 1, 1, 1, 0]",19.97,17.32,21.36,11.6,4626355.55
DBX,28.41,7,"[1, 1, 1, 1, 0, 0, 0, 1, 1, 1]",26.38,27.05,32.17,22.06,3988646.7
TFPM,30.18,4,"[0, 0, 0, 0, 1, 1, 1, 0, 1, 0]",31.16,32.79,41.23,22.75,796782.8
AUGO,60.5,6,"[0, 0, 1, 1, 1, 1, 1, 0, 1, 0]",72.86,59.93,108.01,22.81,1173772.9
MTDR,49.04,7,"[0, 0, 1, 1, 1, 1, 1, 1, 1, 0]",55.82,48.86,65.01,36.31,1827658.6
MYRG,463.11,10,"[1, 1, 1, 1, 1, 1, 1, 1, 1, 1]",437.96,289.81,501.13,173.81,337074.45
AVT,87.28,9,"[1, 1, 1, 1, 1, 1, 1, 1, 1, 0]",85.25,62.34,92.93,43.64,1508667.05
LGN,80.0,7,"[0, 1, 1, 1, 1, 0, 1, 1, 1, 0]",86.06,55.57,102.27,29.72,1618982.1
BRKR,60.64,10,"[1, 1, 1, 1, 1, 1, 1, 1, 1, 1]",49.07,42.9,62.65,29.21,2610337.2
SGHC,13.97,9,"[1, 1, 1, 1, 0, 1, 1, 1, 1, 1]",13.11,11.65,13.97,8.45,3671980.9
STEP,40.65,1,"[0, 0, 0, 0, 0, 0, 0, 0, 1, 0]",48.46,55.96,74.4,39.54,1635785.45
UGP,4.97,8,"[0, 1, 1, 1, 1, 1, 1, 1, 1, 0]",5.4,4.71,6.11,2.83,2841062.85
VAL,72.46,5,"[0, 0, 0, 1, 1, 1, 1, 0, 1, 0]",92.05,73.2,113.42,44.25,1004791.7
BLSH,25.23,1,"[0, 0, 0, 0, 0, 0, 0, 0, 1, 0]",33.48,40.93,74.63,21.88,1925643.95
TGTX,53.52,10,"[1, 1, 1, 1, 1, 1, 1, 1, 1, 1]",42.89,34.54,55.83,26.39,3174241.55
MIRM,120.46,10,"[1, 1, 1, 1, 1, 1, 1, 1, 1, 1]",101.86,87.81,123.77,49.09,1083881.85
ST,46.55,8,"[0, 1, 1, 1, 1, 1, 1, 1, 1, 0]",47.14,36.98,53.55,28.36,2008364.65
NPO,360.78,10,"[1, 1, 1, 1, 1, 1, 1, 1, 1, 1]",321.96,258.07,387.65,197.81,328467.4
PAYC,133.96,2,"[1, 0, 0, 0, 0, 0, 0, 0, 1, 0]",132.48,150.83,236.57,113.28,1087825.45
SYRE,88.89,10,"[1, 1, 1, 1, 1, 1, 1, 1, 1, 1]",76.98,43.87,100.32,14.82,1876307.1
SWX,88.51,8,"[0, 1, 1, 1, 1, 1, 0, 1, 1, 1]",88.95,83.6,93.37,70.74,677882.2
COMP,12.55,9,"[1, 1, 1, 0, 1, 1, 1, 1, 1, 1]",8.69,9.28,13.58,6.15,16323451.35
AROC,38.76,10,"[1, 1, 1, 1, 1, 1, 1, 1, 1, 1]",37.06,30.53,41.95,21.54,2330531.9
AXTI,65.03,7,"[0, 1, 1, 1, 1, 1, 1, 0, 1, 0]",96.83,41.72,140.83,1.92,9587008.7
RSI,31.26,10,"[1, 1, 1, 1, 1, 1, 1, 1, 1, 1]",27.53,21.38,31.56,14.51,3463265.7
RYTM,110.41,7,"[1, 1, 1, 0, 0, 0, 1, 1, 1, 1]",91.71,98.07,117.62,65.14,1033536.3
HIMS,37.57,7,"[1, 1, 1, 1, 0, 0, 1, 0, 1, 1]",28.22,32.75,66.18,14.52,19132950.9
PTGX,125.17,10,"[1, 1, 1, 1, 1, 1, 1, 1, 1, 1]",105.19,90.0,125.17,49.7,856642.7
ACA,144.66,10,"[1, 1, 1, 1, 1, 1, 1, 1, 1, 1]",128.08,111.81,145.29,83.54,970889.35
FNB,19.43,10,"[1, 1, 1, 1, 1, 1, 1, 1, 1, 1]",17.83,16.88,19.43,14.33,4734949.05
FLY,28.37,4,"[0, 0, 0, 1, 1, 0, 1, 0, 1, 0]",37.15,29.04,60.35,16.78,7675162.15
CELC,104.49,7,"[0, 0, 1, 1, 1, 1, 1, 0, 1, 1]",114.24,99.02,144.98,13.04,1703802.35
ENIC,4.4,10,"[1, 1, 1, 1, 1, 1, 1, 1, 1, 1]",4.35,4.0,4.66,3.01,633669.95
INGM,27.18,8,"[0, 1, 1, 1, 1, 1, 1, 1, 1, 0]",28.24,23.55,31.64,18.49,1546919.95
LUNR,20.2,6,"[0, 0, 1, 1, 1, 1, 1, 0, 1, 0]",28.96,18.72,45.7,8.05,14009006.2
RGTI,18.68,4,"[0, 0, 0, 1, 0, 1, 1, 0, 1, 0]",20.17,23.89,56.34,12.18,38535458.55
CLF,9.42,2,"[0, 0, 0, 0, 0, 1, 0, 0, 1, 0]",11.44,11.7,16.18,7.82,19554645.75
CE,45.2,4,"[0, 0, 0, 1, 1, 1, 0, 0, 1, 0]",55.95,49.7,69.24,35.49,1696209.15
APGE,132.77,10,"[1, 1, 1, 1, 1, 1, 1, 1, 1, 1]",91.77,73.18,132.88,34.65,5844728.6
LSTR,207.35,9,"[1, 1, 1, 1, 1, 1, 1, 1, 1, 0]",197.21,155.93,225.37,118.1,489757.6
GVA,149.82,10,"[1, 1, 1, 1, 1, 1, 1, 1, 1, 1]",138.98,121.64,160.26,91.89,925170.15
VIST,62.69,8,"[0, 1, 1, 1, 1, 1, 1, 1, 1, 0]",71.08,56.55,79.25,33.7,790764.0
KGS,72.4,10,"[1, 1, 1, 1, 1, 1, 1, 1, 1, 1]",69.78,49.13,76.27,29.75,2015632.05
CNTA,40.5,10,"[1, 1, 1, 1, 1, 1, 1, 1, 1, 1]",39.76,29.63,40.5,13.56,2069435.4
URBN,70.57,6,"[0, 0, 1, 1, 1, 1, 0, 1, 1, 0]",72.06,70.32,82.7,59.57,1190231.25
PTCT,81.35,10,"[1, 1, 1, 1, 1, 1, 1, 1, 1, 1]",72.78,71.26,86.25,43.3,2417457.35
ETSY,72.83,9,"[1, 1, 1, 1, 0, 1, 1, 1, 1, 1]",66.88,60.36,79.66,44.05,3049386.35
LNTH,108.96,10,"[1, 1, 1, 1, 1, 1, 1, 1, 1, 1]",96.76,73.03,110.94,50.11,1002949.1
VNO,40.06,8,"[1, 1, 1, 1, 0, 0, 1, 1, 1, 1]",33.78,33.14,42.04,24.71,1800174.3
REZI,31.12,3,"[0, 0, 0, 0, 0, 0, 1, 0, 1, 1]",33.52,36.02,44.5,23.08,1348021.15
OUT,32.86,10,"[1, 1, 1, 1, 1, 1, 1, 1, 1, 1]",31.49,25.09,33.58,15.95,2204340.55
FLG,15.0,10,"[1, 1, 1, 1, 1, 1, 1, 1, 1, 1]",14.23,12.99,15.28,10.7,6007513.7
EAT,172.07,9,"[1, 1, 1, 0, 1, 1, 1, 1, 1, 1]",147.07,143.36,182.77,102.29,942733.15
GXO,51.28,5,"[1, 0, 0, 0, 1, 0, 0, 1, 1, 1]",50.73,53.68,65.59,45.52,1334600.25
COGT,38.48,9,"[1, 1, 1, 0, 1, 1, 1, 1, 1, 1]",34.72,32.08,42.11,7.41,3187774.8
IBP,224.02,3,"[0, 0, 0, 0, 1, 0, 0, 0, 1, 1]",231.88,263.89,340.78,181.77,511712.85
ABCB,91.65,10,"[1, 1, 1, 1, 1, 1, 1, 1, 1, 1]",85.77,78.93,91.65,65.01,664283.15
TFX,129.75,9,"[1, 1, 1, 1, 0, 1, 1, 1, 1, 1]",129.32,119.56,138.45,99.79,478667.0
IMVT,38.14,10,"[1, 1, 1, 1, 1, 1, 1, 1, 1, 1]",31.78,25.6,38.85,14.69,1696307.5
CGON,70.89,10,"[1, 1, 1, 1, 1, 1, 1, 1, 1, 1]",64.68,53.38,74.0,23.94,1261200.65
USAR,19.98,5,"[0, 1, 0, 1, 0, 1, 1, 0, 1, 0]",24.2,20.17,38.68,9.61,15534047.85
NSA,45.21,10,"[1, 1, 1, 1, 1, 1, 1, 1, 1, 1]",42.97,34.23,45.43,26.69,728927.5
ALKS,51.72,10,"[1, 1, 1, 1, 1, 1, 1, 1, 1, 1]",40.59,33.09,55.08,26.13,2752843.2
CENX,43.03,5,"[0, 0, 0, 1, 1, 1, 1, 0, 1, 0]",58.65,45.78,68.77,18.37,2612371.45
MSM,123.34,10,"[1, 1, 1, 1, 1, 1, 1, 1, 1, 1]",109.68,92.89,123.34,79.47,842078.25
SRRK,52.84,10,"[1, 1, 1, 1, 1, 1, 1, 1, 1, 1]",48.09,42.96,55.0,27.92,1821324.75
BLCO,16.55,8,"[1, 1, 1, 0, 1, 1, 0, 1, 1, 1]",15.74,16.17,18.6,13.5,427015.0
PIPR,72.14,2,"[0, 0, 0, 0, 0, 0, 0, 1, 1, 0]",80.06,81.72,92.51,69.41,622014.2
BKH,73.64,10,"[1, 1, 1, 1, 1, 1, 1, 1, 1, 1]",73.35,69.29,76.1,53.69,1200101.9
KMX,51.82,7,"[1, 1, 1, 1, 0, 0, 1, 0, 1, 1]",43.86,43.16,71.57,30.88,4238601.75
MAC,25.42,10,"[1, 1, 1, 1, 1, 1, 1, 1, 1, 1]",22.82,19.29,25.83,15.47,4650648.45
CZR,30.41,10,"[1, 1, 1, 1, 1, 1, 1, 1, 1, 1]",28.56,24.91,31.51,18.14,6003673.7
PRIM,92.94,2,"[0, 0, 0, 0, 1, 0, 0, 0, 1, 0]",123.67,135.22,202.75,81.78,2979228.25
GLNG,49.7,8,"[0, 1, 1, 1, 1, 1, 1, 1, 1, 0]",52.43,44.36,57.07,34.97,1248127.55
OSCR,31.9,9,"[1, 1, 1, 1, 0, 1, 1, 1, 1, 1]",23.59,17.77,31.9,10.85,7654716.45
S,17.59,8,"[1, 1, 1, 1, 0, 0, 1, 1, 1, 1]",15.97,15.43,19.78,11.94,6581030.2
CORT,88.48,9,"[1, 1, 1, 1, 0, 1, 1, 1, 1, 1]",65.44,60.49,90.32,32.15,1005835.4
RUSHA,71.97,10,"[1, 1, 1, 1, 1, 1, 1, 1, 1, 1]",70.7,62.07,76.0,46.26,645103.4
HWC,75.66,10,"[1, 1, 1, 1, 1, 1, 1, 1, 1, 1]",68.64,64.39,75.66,53.34,1049597.4
CACC,655.72,10,"[1, 1, 1, 1, 1, 1, 1, 1, 1, 1]",553.58,490.58,655.72,411.04,208246.8
ZGN,12.99,8,"[0, 1, 1, 1, 1, 1, 1, 1, 1, 0]",13.31,11.04,14.92,7.71,1573107.85
MATX,203.92,10,"[1, 1, 1, 1, 1, 1, 1, 1, 1, 1]",185.47,145.16,203.92,87.4,313691.85
MCY,108.54,10,"[1, 1, 1, 1, 1, 1, 1, 1, 1, 1]",100.05,90.42,108.54,64.88,308871.15
ALM,15.95,7,"[0, 1, 1, 1, 1, 1, 1, 0, 1, 0]",19.0,13.03,23.42,3.42,6172718.15
BGC,10.87,9,"[0, 1, 1, 1, 1, 1, 1, 1, 1, 1]",11.21,9.78,12.65,8.26,4147921.25
AUB,43.19,10,"[1, 1, 1, 1, 1, 1, 1, 1, 1, 1]",38.23,36.1,43.19,30.03,1377346.6
GTX,33.59,10,"[1, 1, 1, 1, 1, 1, 1, 1, 1, 1]",30.17,20.29,36.23,10.82,3075914.65
MRCY,123.05,10,"[1, 1, 1, 1, 1, 1, 1, 1, 1, 1]",99.65,85.03,123.05,50.09,870153.15
VSEC,228.75,9,"[1, 1, 1, 0, 1, 1, 1, 1, 1, 1]",188.2,187.35,228.75,125.08,541450.75
TEO,12.67,8,"[0, 1, 1, 1, 1, 1, 1, 1, 1, 0]",12.81,11.4,15.98,6.52,721724.45
LBRT,24.31,6,"[0, 0, 1, 1, 1, 1, 1, 0, 1, 0]",30.34,23.11,33.83,9.91,3972906.8
XENE,60.3,10,"[1, 1, 1, 1, 1, 1, 1, 1, 1, 1]",54.96,47.25,62.76,30.3,1745023.95
SNDR,36.4,10,"[1, 1, 1, 1, 1, 1, 1, 1, 1, 1]",33.8,27.46,38.66,20.04,1085728.1
KLIC,133.81,10,"[1, 1, 1, 1, 1, 1, 1, 1, 1, 1]",104.55,66.15,133.81,31.65,1288008.7
SEI,73.42,9,"[0, 1, 1, 1, 1, 1, 1, 1, 1, 1]",74.06,56.55,82.88,24.67,2157845.75
GOLF,118.31,10,"[1, 1, 1, 1, 1, 1, 1, 1, 1, 1]",95.66,89.32,118.53,73.29,406838.1
BEPC,36.75,4,"[0, 0, 0, 0, 1, 1, 0, 1, 1, 0]",37.58,38.9,43.52,31.58,1482185.25
VCTR,85.73,10,"[1, 1, 1, 1, 1, 1, 1, 1, 1, 1]",83.37,70.22,88.62,59.52,511441.0
BC,81.58,9,"[1, 1, 1, 1, 1, 1, 1, 1, 1, 0]",80.86,74.73,88.28,55.31,681379.3
MUR,31.51,5,"[0, 0, 0, 1, 1, 1, 1, 0, 1, 0]",37.78,33.18,42.37,21.48,2140415.7
MGY,24.98,5,"[0, 0, 0, 1, 1, 1, 0, 1, 1, 0]",28.18,25.66,32.17,20.99,3317379.3
CRSP,55.62,5,"[1, 1, 1, 0, 0, 0, 0, 0, 1, 1]",52.64,55.56,76.78,44.34,1703058.9
PACS,44.32,10,"[1, 1, 1, 1, 1, 1, 1, 1, 1, 1]",36.65,30.35,44.32,7.71,972736.75
APLS,41.03,10,"[1, 1, 1, 1, 1, 1, 1, 1, 1, 1]",33.2,26.08,41.12,16.97,6965819.75
HASI,38.63,8,"[0, 1, 1, 1, 1, 1, 1, 1, 1, 0]",40.21,34.85,43.31,23.48,1232453.65
ATAT,32.87,2,"[0, 0, 0, 0, 0, 0, 0, 1, 1, 0]",35.04,36.98,42.21,31.52,887408.7
CRC,51.75,4,"[0, 0, 0, 1, 1, 1, 0, 0, 1, 0]",60.07,54.49,69.66,42.98,871697.5
LEGN,29.89,6,"[1, 1, 1, 1, 0, 0, 1, 0, 1, 0]",28.97,25.51,44.32,16.65,2834852.15
PRM,34.65,10,"[1, 1, 1, 1, 1, 1, 1, 1, 1, 1]",32.63,27.04,37.78,15.27,2045737.4
IFS,58.29,10,"[1, 1, 1, 1, 1, 1, 1, 1, 1, 1]",49.49,44.4,58.29,34.31,402853.4
CROX,124.17,10,"[1, 1, 1, 1, 1, 1, 1, 1, 1, 1]",112.61,92.16,127.77,73.39,1235651.6
CAR,146.94,5,"[0, 0, 0, 1, 1, 1, 1, 0, 1, 0]",187.57,157.89,713.97,87.69,824255.75
M,23.43,10,"[1, 1, 1, 1, 1, 1, 1, 1, 1, 1]",21.42,20.05,25.96,11.47,7480525.5
AVAL,5.08,10,"[1, 1, 1, 1, 1, 1, 1, 1, 1, 1]",4.74,4.23,5.73,2.72,332267.3
KNF,82.87,9,"[1, 1, 1, 1, 1, 0, 1, 1, 1, 1]",82.54,77.58,94.57,59.93,673034.15
DIOD,105.39,8,"[0, 1, 1, 1, 1, 1, 1, 1, 1, 0]",106.34,70.67,122.76,42.36,688584.45
SON,56.15,10,"[1, 1, 1, 1, 1, 1, 1, 1, 1, 1]",50.17,47.13,56.81,38.0,1297793.35
WSC,27.36,10,"[1, 1, 1, 1, 1, 1, 1, 1, 1, 1]",25.59,21.52,31.26,14.84,2065670.85
RELY,22.95,10,"[1, 1, 1, 1, 1, 1, 1, 1, 1, 1]",21.29,16.64,24.28,12.2,4857045.3
SXT,122.56,10,"[1, 1, 1, 1, 1, 1, 1, 1, 1, 1]",115.85,99.24,124.21,82.67,530555.3
ALH,26.09,7,"[1, 1, 0, 1, 0, 0, 1, 1, 1, 1]",25.35,26.09,26.93,19.06,733457.85
ACLS,178.33,10,"[1, 1, 1, 1, 1, 1, 1, 1, 1, 1]",159.16,106.41,191.6,67.69,717450.95
LB,72.3,9,"[1, 1, 1, 1, 1, 1, 1, 1, 1, 0]",68.9,62.67,85.14,44.06,418013.55
STVN,18.34,5,"[1, 1, 0, 1, 0, 0, 1, 0, 1, 0]",17.56,19.34,27.85,13.38,400687.85
BMA,89.69,9,"[1, 1, 1, 0, 1, 1, 1, 1, 1, 1]",82.3,76.91,101.73,38.02,288463.45
GBTG,9.4,9,"[1, 1, 1, 1, 0, 1, 1, 1, 1, 1]",8.75,7.42,9.51,4.97,3281034.7
TDS,37.09,3,"[0, 0, 0, 0, 1, 0, 0, 1, 1, 0]",41.21,41.34,47.5,35.29,1148563.15
NOVT,163.7,9,"[1, 1, 1, 1, 1, 1, 1, 1, 1, 0]",150.41,128.63,168.59,99.22,603097.05
MARA,13.37,6,"[1, 1, 1, 1, 0, 0, 1, 0, 1, 0]",13.19,12.48,22.84,6.73,41885819.8
ACHR,4.92,1,"[0, 0, 0, 0, 0, 0, 0, 0, 1, 0]",5.84,7.58,13.64,4.68,44551754.6
PSMT,195.29,10,"[1, 1, 1, 1, 1, 1, 1, 1, 1, 1]",170.0,143.03,196.25,100.98,337340.3
SYNA,126.68,9,"[1, 1, 1, 1, 1, 1, 1, 1, 1, 0]",122.74,87.12,147.57,58.52,1349424.2
OPEN,4.94,3,"[1, 0, 0, 0, 0, 0, 1, 0, 1, 0]",4.81,6.02,10.52,0.57,51816383.25
PBF,48.04,10,"[1, 1, 1, 1, 1, 1, 1, 1, 1, 1]",41.55,36.28,50.89,20.96,2646402.25
INDV,40.25,10,"[1, 1, 1, 1, 1, 1, 1, 1, 1, 1]",37.58,32.68,41.83,15.14,1923329.65
ENPH,46.84,7,"[0, 1, 1, 1, 1, 1, 1, 0, 1, 0]",48.86,39.65,72.33,26.12,7538039.5
KC,9.18,2,"[0, 0, 0, 1, 0, 0, 0, 0, 1, 0]",13.27,13.22,18.21,8.58,1361273.15
MIAX,39.05,4,"[0, 0, 0, 1, 1, 1, 0, 0, 1, 0]",45.17,43.27,56.84,30.74,2949157.6
TGS,28.66,5,"[0, 0, 0, 0, 1, 1, 1, 1, 1, 0]",30.41,29.47,35.32,20.12,307870.75
DNTH,90.21,10,"[1, 1, 1, 1, 1, 1, 1, 1, 1, 1]",86.71,59.86,97.48,18.25,1570962.25
SPHR,169.12,10,"[1, 1, 1, 1, 1, 1, 1, 1, 1, 1]",142.67,103.95,173.03,38.7,767407.55
MDU,20.71,9,"[0, 1, 1, 1, 1, 1, 1, 1, 1, 1]",21.61,20.15,22.65,15.53,1597013.45
EBC,22.63,10,"[1, 1, 1, 1, 1, 1, 1, 1, 1, 1]",20.19,19.19,22.63,14.6,5191074.5
HRB,39.34,6,"[1, 1, 1, 0, 0, 0, 1, 0, 1, 1]",35.56,38.74,54.4,27.66,2234411.3
NAVN,24.25,7,"[1, 1, 0, 1, 0, 0, 1, 1, 1, 1]",19.69,24.25,24.25,8.51,5832731.05
AIR,142.76,10,"[1, 1, 1, 1, 1, 1, 1, 1, 1, 1]",118.26,101.4,143.14,70.6,516961.7
VSH,51.21,9,"[1, 1, 1, 1, 1, 1, 1, 1, 1, 0]",45.94,24.12,64.9,11.65,9513701.45
PI,143.61,5,"[1, 1, 0, 0, 0, 0, 1, 0, 1, 1]",137.19,149.95,241.91,91.34,439538.8
MEOH,44.45,5,"[0, 0, 0, 1, 1, 1, 1, 0, 1, 0]",58.49,47.8,65.5,31.93,875841.05
NTSK,11.66,4,"[1, 0, 0, 0, 1, 0, 1, 0, 1, 0]",10.45,11.66,25.79,7.73,8434457.45
QS,7.61,1,"[0, 0, 0, 0, 0, 0, 0, 0, 1, 0]",7.74,10.04,18.44,5.96,23318992.15
CVLT,147.02,8,"[1, 1, 1, 1, 0, 0, 1, 1, 1, 1]",113.68,119.41,195.41,75.18,932382.95
CSTM,30.24,8,"[0, 1, 1, 1, 1, 1, 1, 1, 1, 0]",33.08,23.64,36.15,13.08,1967243.05
LAUR,37.34,10,"[1, 1, 1, 1, 1, 1, 1, 1, 1, 1]",33.82,32.8,37.95,22.6,1510760.75
PAM,79.95,5,"[0, 0, 0, 0, 1, 1, 1, 1, 1, 0]",82.63,81.01,92.27,56.55,210045.8
PAGP,24.14,9,"[1, 1, 1, 1, 1, 1, 1, 1, 1, 0]",24.07,20.59,25.95,15.88,1401899.15
CVSA,128.23,8,"[1, 1, 1, 1, 0, 0, 1, 1, 1, 1]",121.93,115.85,154.45,89.36,345952.55
ATMU,49.64,6,"[0, 0, 0, 0, 1, 1, 1, 1, 1, 1]",52.26,53.24,65.5,36.98,978050.75
FTDR,78.44,9,"[1, 1, 1, 1, 0, 1, 1, 1, 1, 1]",65.81,61.25,78.44,49.1,715417.3
MMYT,58.19,5,"[1, 1, 0, 0, 0, 0, 1, 0, 1, 1]",46.29,64.14,103.21,36.3,1347146.75
INSW,77.78,9,"[0, 1, 1, 1, 1, 1, 1, 1, 1, 1]",79.21,59.27,89.98,33.94,650683.3
HCC,78.26,5,"[0, 0, 0, 1, 1, 1, 1, 0, 1, 0]",90.46,83.61,110.28,48.76,783599.1
NAMS,35.17,8,"[1, 1, 1, 0, 0, 1, 1, 1, 1, 1]",32.68,33.56,41.45,18.96,1217983.6
KNSA,62.88,10,"[1, 1, 1, 1, 1, 1, 1, 1, 1, 1]",53.39,44.93,63.95,26.33,978605.4
SHC,17.75,9,"[1, 1, 1, 0, 1, 1, 1, 1, 1, 1]",15.87,16.29,19.35,11.01,2642548.15
TBBB,41.66,10,"[1, 1, 1, 1, 1, 1, 1, 1, 1, 1]",38.6,33.85,42.54,24.12,653516.75
HRI,140.23,9,"[1, 1, 1, 0, 1, 1, 1, 1, 1, 1]",136.06,134.31,179.36,90.58,647272.3
NWE,71.45,10,"[1, 1, 1, 1, 1, 1, 1, 1, 1, 1]",70.46,65.49,73.42,49.51,658355.45
FLNC,18.36,5,"[0, 0, 0, 1, 1, 1, 1, 0, 1, 0]",19.87,18.59,32.23,6.75,11087045.15
LGND,312.01,10,"[1, 1, 1, 1, 1, 1, 1, 1, 1, 1]",242.73,206.59,316.09,113.66,527268.3
IPGP,114.41,8,"[1, 1, 1, 1, 1, 1, 1, 0, 1, 0]",113.35,100.25,153.91,71.35,476403.2
CBT,86.7,9,"[1, 1, 1, 1, 1, 1, 1, 1, 1, 0]",83.44,73.13,93.4,57.64,692478.75
GTLB,31.53,4,"[1, 1, 0, 0, 0, 0, 1, 0, 1, 0]",26.53,33.7,51.04,19.42,6125372.5
BCO,99.0,1,"[0, 0, 0, 0, 0, 0, 0, 0, 1, 0]",103.19,112.51,135.25,84.62,492979.4
HAFN,6.56,6,"[0, 0, 1, 1, 1, 1, 1, 0, 1, 0]",7.87,6.42,9.11,4.48,2066335.95
WIX,48.88,1,"[0, 0, 0, 0, 0, 0, 0, 0, 1, 0]",58.51,94.35,184.24,40.43,1636682.15
AZZ,149.9,10,"[1, 1, 1, 1, 1, 1, 1, 1, 1, 1]",144.61,123.02,160.17,97.34,332580.1
ONDS,7.92,4,"[0, 0, 0, 0, 1, 1, 1, 0, 1, 0]",9.89,9.41,14.01,1.75,63670039.95
UNF,266.54,10,"[1, 1, 1, 1, 1, 1, 1, 1, 1, 1]",261.81,216.28,275.65,149.3,264384.45
IRDM,55.72,10,"[1, 1, 1, 1, 1, 1, 1, 1, 1, 1]",44.66,26.93,55.72,15.57,3602501.85
STNG,69.53,8,"[0, 1, 1, 1, 1, 1, 1, 1, 1, 0]",78.51,66.25,86.1,40.86,870210.35
TCBI,104.54,10,"[1, 1, 1, 1, 1, 1, 1, 1, 1, 1]",100.16,94.44,105.77,76.93,617869.25
TPC,79.51,9,"[0, 1, 1, 1, 1, 1, 1, 1, 1, 1]",80.02,73.48,97.23,45.54,573729.85
ENVA,242.18,10,"[1, 1, 1, 1, 1, 1, 1, 1, 1, 1]",179.5,148.98,242.18,100.56,453887.75
PLUG,2.64,6,"[0, 1, 1, 1, 0, 1, 1, 0, 1, 0]",3.24,2.62,4.14,1.37,56097933.6
HNGE,85.07,9,"[1, 1, 1, 1, 0, 1, 1, 1, 1, 1]",58.77,48.63,85.07,31.17,2473002.25
WHD,48.77,6,"[0, 0, 0, 1, 1, 1, 1, 1, 1, 0]",56.53,49.12,62.59,33.12,838089.9
PTEN,8.57,6,"[0, 0, 1, 1, 1, 1, 1, 0, 1, 0]",11.28,8.22,12.74,5.0,10468442.8
SMR,10.15,1,"[0, 0, 0, 0, 0, 0, 0, 0, 1, 0]",11.46,19.71,53.43,9.16,35540690.65
CMBT,14.05,8,"[0, 1, 1, 1, 1, 1, 1, 1, 1, 0]",14.45,11.52,16.55,7.49,1325326.25
CNO,52.07,10,"[1, 1, 1, 1, 1, 1, 1, 1, 1, 1]",47.49,42.52,52.77,34.91,904808.75
BETA,17.38,3,"[1, 0, 0, 0, 1, 0, 0, 0, 1, 0]",16.65,17.38,36.8,13.59,1558898.3
CNR,77.69,3,"[0, 0, 0, 0, 1, 1, 0, 0, 1, 0]",87.15,88.75,113.11,68.74,749875.95
BLLN,122.33,7,"[1, 1, 0, 1, 0, 0, 1, 1, 1, 1]",94.1,122.33,130.18,64.03,824073.8
ZETA,20.84,8,"[1, 1, 1, 1, 0, 1, 1, 1, 1, 0]",19.19,18.73,25.25,14.0,9063086.45
NVTS,16.53,7,"[0, 1, 1, 1, 1, 1, 1, 0, 1, 0]",21.37,12.29,31.79,5.54,31058508.2
FHI,55.32,7,"[0, 1, 1, 1, 1, 1, 0, 1, 1, 0]",56.25,53.36,60.04,44.08,634383.4
COLD,16.02,10,"[1, 1, 1, 1, 1, 1, 1, 1, 1, 1]",14.01,12.41,16.02,9.61,4696755.15
LMND,69.33,8,"[1, 1, 1, 0, 1, 1, 1, 0, 1, 1]",57.77,64.43,96.57,36.28,1556955.45
AMRX,16.97,10,"[1, 1, 1, 1, 1, 1, 1, 1, 1, 1]",13.99,12.68,17.32,7.82,2414306.3
LPL,3.65,3,"[0, 0, 0, 1, 0, 1, 0, 0, 1, 0]",4.62,4.52,5.76,3.31,2555367.6
TREX,48.69,7,"[1, 1, 1, 1, 0, 0, 1, 0, 1, 1]",42.23,41.51,68.49,30.13,2074710.0
DOO,58.71,3,"[1, 0, 0, 0, 1, 0, 0, 0, 1, 0]",57.76,66.45,81.22,47.36,224286.3
MTRN,283.55,10,"[1, 1, 1, 1, 1, 1, 1, 1, 1, 1]",223.05,157.09,297.39,80.4,449604.6
XMTR,95.78,10,"[1, 1, 1, 1, 1, 1, 1, 1, 1, 1]",79.07,60.11,96.52,30.97,818011.25
NP,34.06,7,"[1, 1, 0, 1, 0, 0, 1, 1, 1, 1]",27.54,34.06,34.06,17.14,1018562.2
LASR,66.96,8,"[0, 1, 1, 1, 1, 1, 1, 1, 1, 0]",71.11,50.97,84.95,18.28,1313020.5
CAAP,25.28,6,"[0, 0, 1, 0, 1, 1, 1, 1, 1, 0]",25.54,24.66,30.35,17.49,208685.6
TNL,75.19,9,"[1, 1, 1, 0, 1, 1, 1, 1, 1, 1]",68.68,67.73,78.1,53.97,788273.05
PVH,75.8,4,"[0, 1, 0, 1, 0, 0, 0, 1, 1, 0]",84.99,77.04,98.77,60.85,1460552.3
LBTYA,11.3,4,"[0, 0, 0, 1, 1, 0, 0, 1, 1, 0]",11.82,11.55,13.03,9.75,2059486.8
CRGY,9.47,4,"[0, 0, 0, 1, 1, 1, 0, 0, 1, 0]",12.0,10.22,13.79,7.6,6227441.2
COCO,68.98,8,"[0, 1, 1, 1, 1, 1, 1, 1, 1, 0]",72.33,55.36,84.02,32.3,1224355.6
POWI,80.27,9,"[1, 1, 1, 1, 1, 1, 1, 1, 1, 0]",76.77,51.16,87.35,30.52,1100882.6
LEU,166.34,1,"[0, 0, 0, 0, 0, 0, 0, 0, 1, 0]",185.67,245.91,436.0,146.61,897172.3
KTB,83.81,9,"[1, 1, 1, 1, 0, 1, 1, 1, 1, 1]",72.98,70.62,84.4,53.29,938796.65
MRX,65.22,10,"[1, 1, 1, 1, 1, 1, 1, 1, 1, 1]",56.68,42.1,66.51,27.92,1113928.0
ARIS,14.62,4,"[0, 0, 0, 0, 1, 1, 1, 0, 1, 0]",17.28,15.92,22.68,6.74,1572953.9
DLO,14.67,7,"[1, 1, 1, 0, 0, 0, 1, 1, 1, 1]",12.5,13.18,15.57,9.84,3142093.65
GFF,92.37,10,"[1, 1, 1, 1, 1, 1, 1, 1, 1, 1]",89.29,80.24,97.53,66.26,405160.05
TDW,67.03,6,"[0, 0, 1, 1, 1, 1, 1, 0, 1, 0]",77.5,66.42,91.12,46.32,858340.3
OPLN,40.2,10,"[1, 1, 1, 1, 1, 1, 1, 1, 1, 1]",36.27,30.21,42.9,24.17,1205780.05
KAI,306.96,4,"[0, 0, 1, 0, 1, 0, 0, 1, 1, 0]",310.58,304.9,357.4,246.93,180793.0
TPH,46.95,9,"[1, 1, 1, 1, 1, 0, 1, 1, 1, 1]",46.71,37.57,46.97,30.65,2270447.8
BBWI,22.37,6,"[1, 1, 1, 0, 0, 0, 1, 0, 1, 1]",19.21,20.88,32.36,14.56,5669572.55
TVTX,56.34,10,"[1, 1, 1, 1, 1, 1, 1, 1, 1, 1]",47.07,35.0,59.03,14.6,2419254.2
CRNX,38.68,6,"[1, 0, 0, 0, 1, 1, 1, 0, 1, 1]",36.72,41.8,56.43,26.85,1272629.3
LIVN,82.48,10,"[1, 1, 1, 1, 1, 1, 1, 1, 1, 1]",72.56,63.53,83.43,41.13,834531.85
NVST,27.17,10,"[1, 1, 1, 1, 1, 1, 1, 1, 1, 1]",24.9,23.67,30.26,18.89,2683090.65
ACMR,117.16,10,"[1, 1, 1, 1, 1, 1, 1, 1, 1, 1]",77.94,52.79,126.89,23.92,1892575.7
UCTT,129.59,10,"[1, 1, 1, 1, 1, 1, 1, 1, 1, 1]",93.0,53.71,142.59,21.63,1439907.2
HGV,51.48,9,"[1, 1, 1, 1, 1, 1, 1, 1, 1, 0]",49.18,45.11,54.69,36.99,1542721.45
PII,64.73,8,"[0, 1, 1, 1, 1, 1, 1, 1, 1, 0]",66.52,62.79,72.56,43.96,861697.05
SKE,27.05,6,"[0, 0, 1, 1, 1, 1, 1, 0, 1, 0]",29.4,26.22,38.12,13.98,1226323.2
EE,37.98,10,"[1, 1, 1, 1, 1, 1, 1, 1, 1, 1]",34.64,31.82,42.7,22.84,406632.25
ORKA,93.29,10,"[1, 1, 1, 1, 1, 1, 1, 1, 1, 1]",68.39,41.61,95.17,12.6,1676686.95
VSCO,88.5,10,"[1, 1, 1, 1, 1, 1, 1, 1, 1, 1]",61.1,49.45,88.5,17.7,3060587.35
RNG,40.99,8,"[0, 1, 1, 1, 1, 1, 1, 1, 1, 0]",41.0,33.44,49.02,23.54,1515353.15
CATY,63.28,10,"[1, 1, 1, 1, 1, 1, 1, 1, 1, 1]",57.69,51.03,63.28,43.56,568453.8
ACAD,25.2,7,"[1, 1, 1, 0, 1, 0, 0, 1, 1, 1]",22.05,23.26,28.06,20.06,1704041.65
CPRX,31.44,10,"[1, 1, 1, 1, 1, 1, 1, 1, 1, 1]",30.61,24.89,31.5,19.13,1884542.05
DAN,26.22,5,"[0, 0, 0, 1, 1, 1, 1, 0, 1, 0]",33.59,28.09,38.79,15.11,2222281.45
EWTX,39.15,10,"[1, 1, 1, 1, 1, 1, 1, 1, 1, 1]",34.86,27.01,42.3,12.61,1752678.0
TAC,13.6,7,"[1, 1, 0, 1, 0, 1, 1, 1, 1, 0]",13.14,13.65,17.66,10.34,2013846.15
SOUN,6.68,1,"[0, 0, 0, 0, 0, 0, 0, 0, 1, 0]",7.89,10.64,21.4,5.9,25986076.7
JOE,61.42,6,"[0, 0, 0, 1, 1, 1, 1, 1, 1, 0]",65.11,61.75,72.44,46.54,312640.8
HP,30.92,5,"[0, 0, 0, 1, 1, 1, 1, 0, 1, 0]",37.88,31.63,41.53,14.8,1292697.15
INDB,85.0,10,"[1, 1, 1, 1, 1, 1, 1, 1, 1, 1]",79.0,74.67,85.0,60.08,419637.2
FG,27.27,5,"[0, 0, 0, 1, 0, 0, 1, 1, 1, 1]",27.58,28.02,34.32,20.28,676292.8
BB,12.81,10,"[1, 1, 1, 1, 1, 1, 1, 1, 1, 1]",7.88,4.98,12.81,3.15,43798109.15
PPTA,20.99,4,"[0, 0, 0, 0, 1, 1, 1, 0, 1, 0]",26.05,26.73,37.22,12.25,2171116.35
LRN,88.57,4,"[0, 1, 0, 1, 0, 0, 1, 0, 1, 0]",91.72,91.36,169.81,61.02,967941.7
BULL,7.18,5,"[1, 1, 0, 0, 0, 0, 1, 0, 1, 1]",6.73,8.07,17.74,4.63,13261361.55
BELFB,318.06,10,"[1, 1, 1, 1, 1, 1, 1, 1, 1, 1]",281.69,207.67,333.04,98.13,317069.35
WSFS,78.47,10,"[1, 1, 1, 1, 1, 1, 1, 1, 1, 1]",72.54,62.4,78.47,49.92,550883.9
LQDA,79.32,10,"[1, 1, 1, 1, 1, 1, 1, 1, 1, 1]",57.98,38.85,79.73,12.06,2792628.3
ALHC,24.01,9,"[1, 1, 1, 0, 1, 1, 1, 1, 1, 1]",18.94,18.96,24.01,11.64,6358615.1
AAUC,23.71,4,"[0, 0, 0, 0, 1, 1, 1, 0, 1, 0]",27.31,25.24,32.01,11.58,554670.3
CGAU,15.54,6,"[0, 0, 1, 1, 1, 1, 1, 0, 1, 0]",17.03,15.46,20.91,6.76,1758214.25
OII,39.39,10,"[1, 1, 1, 1, 1, 1, 1, 1, 1, 1]",38.06,30.97,40.52,20.47,1185268.0
VKTX,37.48,9,"[1, 1, 1, 0, 1, 1, 1, 1, 1, 1]",31.79,32.86,42.09,23.09,2852240.0
CLSK,13.62,6,"[0, 1, 1, 1, 0, 1, 1, 0, 1, 0]",15.08,13.29,23.2,8.18,21348005.4
SII,112.73,5,"[0, 0, 0, 1, 1, 1, 1, 0, 1, 0]",126.67,114.43,165.88,62.19,194503.7
VECO,70.52,10,"[1, 1, 1, 1, 1, 1, 1, 1, 1, 1]",61.87,38.96,83.04,19.94,2015051.2
RUM,6.28,3,"[0, 0, 0, 1, 0, 0, 1, 0, 1, 0]",7.52,6.63,10.02,4.67,4491047.6
WRBY,29.37,9,"[1, 1, 1, 1, 1, 0, 1, 1, 1, 1]",25.51,24.01,30.34,16.49,3925686.1
TLX,11.84,7,"[1, 1, 1, 1, 0, 0, 1, 0, 1, 1]",10.22,9.21,16.92,6.41,231149.5
RXO,27.74,10,"[1, 1, 1, 1, 1, 1, 1, 1, 1, 1]",23.65,17.15,29.12,10.48,2139057.0
BTE,3.91,6,"[0, 0, 1, 1, 1, 1, 1, 0, 1, 0]",4.69,3.6,5.3,1.8,19748310.0
LION,15.03,10,"[1, 1, 1, 1, 1, 1, 1, 1, 1, 1]",13.54,9.59,16.4,5.59,3806647.75
TWST,102.25,10,"[1, 1, 1, 1, 1, 1, 1, 1, 1, 1]",68.89,45.98,102.88,24.16,2273072.35
FIBK,39.26,10,"[1, 1, 1, 1, 1, 1, 1, 1, 1, 1]",35.71,33.85,39.26,26.87,1079871.85
BFH,105.37,10,"[1, 1, 1, 1, 1, 1, 1, 1, 1, 1]",92.42,75.22,108.73,53.59,761332.9
BHF,63.88,9,"[1, 1, 1, 0, 1, 1, 1, 1, 1, 1]",62.53,60.56,66.01,43.36,490502.5
SLG,52.22,8,"[1, 1, 1, 1, 0, 0, 1, 1, 1, 1]",45.64,45.08,62.85,34.32,1279527.55
HYMC,23.07,4,"[0, 0, 0, 0, 1, 1, 1, 0, 1, 0]",32.13,26.28,55.74,3.14,2759656.35
OGN,13.53,10,"[1, 1, 1, 1, 1, 1, 1, 1, 1, 1]",13.07,9.2,13.55,5.69,2385671.0
SIG,84.66,2,"[0, 0, 0, 0, 0, 0, 0, 1, 1, 0]",85.12,90.81,105.59,73.94,993971.7
GNW,9.55,10,"[1, 1, 1, 1, 1, 1, 1, 1, 1, 1]",8.97,8.71,9.55,7.26,3267555.3
HWKN,138.07,3,"[0, 0, 0, 1, 0, 0, 0, 1, 1, 0]",159.69,151.6,183.81,119.87,170227.5
CTRI,28.49,6,"[0, 0, 1, 1, 1, 1, 1, 0, 1, 0]",32.19,27.49,41.8,19.37,1363848.6
RUN,13.11,2,"[0, 0, 0, 0, 0, 0, 1, 0, 1, 0]",13.62,16.47,21.41,8.99,11204369.1
ASO,47.25,3,"[0, 0, 0, 0, 1, 0, 0, 1, 1, 0]",51.81,52.56,60.83,41.39,1989827.75
HSAI,18.23,1,"[0, 0, 0, 0, 0, 0, 0, 0, 1, 0]",19.97,22.87,29.8,14.8,1991476.75
ATS,28.17,5,"[0, 0, 0, 1, 1, 1, 0, 1, 1, 0]",30.78,29.03,35.38,24.24,194334.45
CC,20.14,7,"[0, 1, 1, 1, 1, 1, 1, 0, 1, 0]",22.91,17.49,27.84,10.39,2616369.8
BKU,48.62,10,"[1, 1, 1, 1, 1, 1, 1, 1, 1, 1]",47.14,44.26,50.58,34.87,1052376.8
TRMD,26.25,8,"[0, 1, 1, 1, 1, 1, 1, 1, 1, 0]",29.99,24.41,34.08,15.56,1007961.4
SUNC,67.98,7,"[1, 1, 0, 1, 0, 0, 1, 1, 1, 1]",66.36,67.98,72.33,46.46,450708.35
MANU,23.01,10,"[1, 1, 1, 1, 1, 1, 1, 1, 1, 1]",20.45,17.54,23.53,15.1,405203.95
AAP,63.02,9,"[1, 1, 1, 1, 0, 1, 1, 1, 1, 1]",57.26,52.57,65.49,38.35,1677922.6
AVNT,36.82,10,"[1, 1, 1, 1, 1, 1, 1, 1, 1, 1]",35.79,34.18,42.61,26.82,1026501.6
CVI,28.65,3,"[0, 0, 0, 1, 0, 0, 1, 0, 1, 0]",31.76,30.73,39.89,20.66,1111305.55
SA,26.11,4,"[0, 0, 0, 0, 1, 1, 1, 0, 1, 0]",29.63,28.88,39.35,14.77,995379.2
AMBA,88.34,8,"[1, 1, 1, 1, 0, 0, 1, 1, 1, 1]",72.99,71.64,95.51,48.65,1807587.05
APLE,16.48,10,"[1, 1, 1, 1, 1, 1, 1, 1, 1, 1]",14.75,12.32,16.96,10.63,3236194.95
CHEF,95.36,10,"[1, 1, 1, 1, 1, 1, 1, 1, 1, 1]",81.58,66.97,96.1,54.6,576604.95
BEAM,33.48,10,"[1, 1, 1, 1, 1, 1, 1, 1, 1, 1]",30.89,27.56,35.53,16.01,2426685.3
CWK,13.84,4,"[1, 0, 0, 0, 0, 0, 0, 1, 1, 1]",13.41,14.65,17.2,11.09,2374585.45
TNGX,28.73,10,"[1, 1, 1, 1, 1, 1, 1, 1, 1, 1]",25.38,15.28,32.9,5.43,6721201.05
EFXT,23.57,8,"[0, 1, 1, 1, 1, 1, 1, 1, 1, 0]",25.74,18.55,28.36,7.76,461079.1
DAVE,383.13,10,"[1, 1, 1, 1, 1, 1, 1, 1, 1, 1]",277.59,223.92,383.13,155.92,658444.95
IAC,44.77,9,"[1, 1, 1, 1, 1, 1, 1, 1, 1, 0]",42.9,38.22,45.38,31.52,1083383.85
FSM,8.35,4,"[0, 0, 0, 0, 1, 1, 1, 0, 1, 0]",9.46,9.73,13.66,6.22,5006099.15
VRNS,41.89,7,"[1, 1, 1, 1, 0, 0, 1, 0, 1, 1]",31.28,34.48,63.31,20.19,2322939.95
NATL,44.09,8,"[0, 1, 1, 1, 1, 1, 1, 1, 1, 0]",44.31,40.93,48.13,26.44,800866.3
ADEA,32.05,10,"[1, 1, 1, 1, 1, 1, 1, 1, 1, 1]",30.23,21.15,33.57,11.64,2385761.9
BTDR,15.44,7,"[1, 1, 1, 1, 0, 1, 1, 0, 1, 0]",15.24,13.9,25.9,7.28,11054978.6
BATRK,51.65,10,"[1, 1, 1, 1, 1, 1, 1, 1, 1, 1]",50.22,43.28,51.96,38.04,712718.65
SEZL,175.18,10,"[1, 1, 1, 1, 1, 1, 1, 1, 1, 1]",116.17,81.35,182.16,50.97,671302.0
BBAR,19.35,10,"[1, 1, 1, 1, 1, 1, 1, 1, 1, 1]",17.02,15.41,21.9,7.88,722468.45
PARR,58.8,10,"[1, 1, 1, 1, 1, 1, 1, 1, 1, 1]",58.78,47.27,69.2,27.09,865980.7
VCYT,59.85,10,"[1, 1, 1, 1, 1, 1, 1, 1, 1, 1]",44.69,39.48,60.49,23.03,1519193.6
COLM,63.69,9,"[1, 1, 1, 1, 1, 1, 1, 1, 1, 0]",62.91,56.84,67.79,48.18,523143.5
FFBC,34.67,10,"[1, 1, 1, 1, 1, 1, 1, 1, 1, 1]",30.88,27.28,34.67,22.64,1090857.55
FSLY,18.56,7,"[0, 1, 1, 1, 1, 1, 1, 0, 1, 0]",20.16,15.51,33.5,6.36,6259685.75
ZIM,25.23,9,"[0, 1, 1, 1, 1, 1, 1, 1, 1, 1]",25.62,21.53,28.55,12.03,1023902.75
RCUS,28.92,10,"[1, 1, 1, 1, 1, 1, 1, 1, 1, 1]",25.28,21.67,31.08,8.22,1690583.95
CALY,18.64,10,"[1, 1, 1, 1, 1, 1, 1, 1, 1, 1]",16.09,13.17,19.25,8.12,2494416.25
BOH,82.98,10,"[1, 1, 1, 1, 1, 1, 1, 1, 1, 1]",78.03,71.33,82.98,58.13,367339.35
UNFI,45.68,8,"[0, 1, 1, 1, 1, 1, 1, 1, 1, 0]",50.24,40.99,55.52,22.62,903722.2
SXI,348.46,10,"[1, 1, 1, 1, 1, 1, 1, 1, 1, 1]",284.28,251.13,357.67,153.29,232803.25
PLAB,30.31,5,"[0, 0, 0, 1, 1, 1, 1, 0, 1, 0]",41.56,33.99,54.96,19.16,1737416.8
ERAS,17.92,10,"[1, 1, 1, 1, 1, 1, 1, 1, 1, 1]",13.47,9.14,22.47,1.39,6035541.05
EXTR,31.43,9,"[1, 1, 1, 1, 0, 1, 1, 1, 1, 1]",26.13,19.36,32.37,13.74,2343004.7
YETI,49.22,10,"[1, 1, 1, 1, 1, 1, 1, 1, 1, 1]",44.88,41.5,51.21,31.86,1349620.55
CARG,35.14,7,"[1, 1, 1, 0, 0, 0, 1, 1, 1, 1]",31.76,33.97,39.03,26.96,1465216.35
MPT,4.59,4,"[0, 0, 0, 0, 1, 1, 0, 1, 1, 0]",4.88,4.94,5.8,3.71,6793979.35
DNLI,25.98,10,"[1, 1, 1, 1, 1, 1, 1, 1, 1, 1]",20.79,18.78,25.98,12.75,2067973.15
BKD,15.82,10,"[1, 1, 1, 1, 1, 1, 1, 1, 1, 1]",13.58,12.2,16.77,6.69,5240761.8
CON,30.77,10,"[1, 1, 1, 1, 1, 1, 1, 1, 1, 1]",25.7,22.2,30.77,18.56,1070498.05
ETOR,40.4,6,"[1, 1, 1, 1, 0, 0, 1, 0, 1, 0]",38.84,36.14,65.08,24.76,704795.4
LXP,54.56,10,"[1, 1, 1, 1, 1, 1, 1, 1, 1, 1]",51.51,47.84,54.9,36.6,603494.35
MSGE,79.48,10,"[1, 1, 1, 1, 1, 1, 1, 1, 1, 1]",70.32,57.68,80.95,36.33,605057.05
BWLP,17.5,8,"[0, 1, 1, 1, 1, 1, 1, 1, 1, 0]",19.49,15.22,21.91,11.16,465506.5
KYIV,15.91,10,"[1, 1, 1, 1, 1, 1, 1, 1, 1, 1]",13.59,12.64,16.17,9.33,678022.8
BHE,95.01,10,"[1, 1, 1, 1, 1, 1, 1, 1, 1, 1]",84.72,57.56,98.67,35.65,578065.75
CAKE,79.64,10,"[1, 1, 1, 1, 1, 1, 1, 1, 1, 1]",66.51,57.56,80.38,42.72,1401265.0
HG,33.78,10,"[1, 1, 1, 1, 1, 1, 1, 1, 1, 1]",31.48,27.39,34.13,19.19,528417.15
DHT,16.53,9,"[0, 1, 1, 1, 1, 1, 1, 1, 1, 1]",17.53,14.64,19.96,10.09,3761120.6
AEHR,84.43,7,"[0, 1, 1, 1, 1, 1, 1, 0, 1, 0]",97.74,48.08,116.58,13.29,1681207.35
OLN,19.59,4,"[0, 0, 0, 1, 1, 1, 0, 0, 1, 0]",25.34,23.71,29.93,17.63,3344803.1
SBLK,24.81,8,"[0, 1, 1, 1, 1, 1, 1, 1, 1, 0]",25.87,21.63,27.69,16.14,1270871.4
VC,99.02,3,"[0, 0, 0, 1, 0, 0, 0, 1, 1, 0]",112.67,103.9,127.5,84.18,737959.5
TTAM,18.4,9,"[1, 1, 1, 0, 1, 1, 1, 1, 1, 1]",16.59,16.23,19.32,12.5,316279.15
BKV,27.2,7,"[0, 0, 1, 0, 1, 1, 1, 1, 1, 1]",27.53,26.89,32.16,19.68,898511.65
HIMX,14.24,7,"[0, 1, 1, 1, 1, 1, 1, 0, 1, 0]",16.78,10.43,23.77,6.81,3476374.0
BANC,20.56,10,"[1, 1, 1, 1, 1, 1, 1, 1, 1, 1]",19.19,18.35,21.05,13.82,3026733.2
SBCF,33.98,8,"[1, 1, 1, 0, 1, 1, 0, 1, 1, 1]",30.95,31.13,34.66,26.77,1149000.95
KN,40.51,10,"[1, 1, 1, 1, 1, 1, 1, 1, 1, 1]",36.57,27.35,42.8,17.52,1299137.75
ALMS,26.64,10,"[1, 1, 1, 1, 1, 1, 1, 1, 1, 1]",23.32,17.45,29.98,3.28,1672374.35
SDRL,38.85,5,"[0, 0, 0, 1, 1, 1, 1, 0, 1, 0]",46.35,38.97,54.8,27.72,1065646.95
CRVL,64.49,6,"[1, 1, 1, 0, 0, 0, 1, 0, 1, 1]",59.37,63.93,102.85,46.0,259823.75
ITGR,94.57,8,"[1, 1, 1, 1, 0, 0, 1, 1, 1, 1]",89.27,85.61,121.77,63.32,438332.7
SUPN,47.41,7,"[1, 0, 0, 0, 1, 1, 1, 1, 1, 1]",47.32,48.99,57.0,31.45,833780.45
XXI,5.38,1,"[0, 0, 0, 0, 0, 0, 0, 0, 1, 0]",7.01,10.77,37.87,4.95,1472465.8
LFST,11.43,10,"[1, 1, 1, 1, 1, 1, 1, 1, 1, 1]",8.11,6.83,11.43,3.79,3861173.25
TDC,34.46,9,"[1, 1, 1, 1, 1, 1, 1, 1, 1, 0]",31.66,28.2,37.88,20.11,3393307.8
NMRK,15.47,4,"[1, 0, 0, 0, 0, 0, 0, 1, 1, 1]",15.21,16.29,19.43,12.08,1499154.65
ERO,25.72,4,"[0, 0, 0, 0, 1, 1, 1, 0, 1, 0]",27.95,26.61,38.03,12.98,1354840.55
JOYY,66.9,9,"[1, 1, 1, 1, 1, 1, 1, 1, 1, 0]",61.31,59.32,67.31,45.78,346255.35
EXK,8.34,4,"[0, 0, 0, 0, 1, 1, 1, 0, 1, 0]",9.17,9.52,14.12,4.84,7159883.8
SHOO,41.58,9,"[1, 1, 1, 1, 1, 1, 1, 1, 1, 0]",41.2,38.5,46.15,23.0,1254833.7
PHIN,78.14,9,"[1, 1, 1, 1, 1, 1, 1, 1, 1, 0]",77.83,66.14,85.16,46.24,492611.2
ARX,12.84,3,"[0, 0, 0, 1, 0, 0, 1, 0, 1, 0]",14.19,13.74,30.05,9.36,2107937.35
KALU,184.74,9,"[1, 1, 1, 1, 1, 1, 1, 1, 1, 0]",178.15,126.54,195.63,71.09,306952.6
DBRG,15.77,10,"[1, 1, 1, 1, 1, 1, 1, 1, 1, 1]",15.66,14.17,15.79,9.15,2784403.7
PAGS,9.05,4,"[0, 0, 0, 0, 1, 1, 0, 1, 1, 0]",9.34,9.73,11.72,7.57,3277534.65
CECO,85.55,10,"[1, 1, 1, 1, 1, 1, 1, 1, 1, 1]",83.24,64.69,99.67,29.11,933419.05
WT,17.61,8,"[0, 1, 1, 1, 1, 1, 1, 1, 1, 0]",18.12,14.97,19.81,10.69,3449062.25
PFS,23.97,10,"[1, 1, 1, 1, 1, 1, 1, 1, 1, 1]",22.5,20.61,23.97,17.08,1131261.8
TRN,33.88,9,"[0, 1, 1, 1, 1, 1, 1, 1, 1, 1]",33.92,30.04,36.64,22.59,783246.55
DYN,21.79,10,"[1, 1, 1, 1, 1, 1, 1, 1, 1, 1]",18.51,17.97,24.29,8.18,2203488.65
GEO,30.33,10,"[1, 1, 1, 1, 1, 1, 1, 1, 1, 1]",24.05,18.64,30.36,13.26,2416004.55
LCII,102.04,2,"[0, 0, 0, 0, 1, 0, 0, 0, 1, 0]",105.68,114.16,154.08,82.3,640002.0
TNK,64.33,7,"[0, 0, 1, 1, 1, 1, 1, 1, 1, 0]",74.44,64.24,81.69,41.3,389511.05
BTU,22.2,4,"[0, 0, 0, 0, 1, 1, 1, 0, 1, 0]",25.77,29.68,39.38,13.98,3290431.2
NTCT,42.95,9,"[1, 1, 1, 1, 1, 1, 1, 1, 1, 0]",39.02,30.93,43.55,20.77,740375.8
DK,53.14,10,"[1, 1, 1, 1, 1, 1, 1, 1, 1, 1]",45.17,37.94,53.14,19.43,1233231.75
PTRN,26.48,7,"[1, 1, 0, 1, 0, 0, 1, 1, 1, 1]",18.22,26.48,26.48,9.59,2568582.95
GRND,15.69,7,"[1, 1, 1, 1, 0, 0, 1, 0, 1, 1]",13.12,12.98,22.53,9.85,1901679.25
TXG,39.05,10,"[1, 1, 1, 1, 1, 1, 1, 1, 1, 1]",27.14,20.0,39.05,11.34,3644829.9
CLMT,36.43,10,"[1, 1, 1, 1, 1, 1, 1, 1, 1, 1]",33.7,25.77,37.41,13.23,919660.15
AEO,17.29,6,"[1, 0, 0, 0, 1, 1, 1, 0, 1, 1]",17.06,19.59,27.87,9.6,5009379.35
INOD,72.23,6,"[0, 1, 1, 1, 0, 1, 1, 0, 1, 0]",81.91,63.44,121.5,34.45,1533459.9
GPCR,52.12,7,"[1, 0, 1, 0, 1, 1, 1, 0, 1, 1]",42.16,49.35,93.79,16.2,964376.8
IHS,8.2,8,"[0, 1, 1, 1, 1, 1, 1, 1, 1, 0]",8.25,7.66,8.73,5.8,1537196.7
AYA,19.09,9,"[1, 1, 1, 1, 1, 1, 1, 1, 1, 0]",18.63,15.47,21.63,8.33,524155.1
SLNO,53.01,6,"[1, 1, 1, 0, 0, 0, 1, 0, 1, 1]",45.79,52.4,88.49,30.05,1749339.8
SPNT,23.75,10,"[1, 1, 1, 1, 1, 1, 1, 1, 1, 1]",22.96,20.99,24.0,17.48,922675.6
KMT,33.62,8,"[0, 0, 1, 1, 1, 1, 1, 1, 1, 1]",35.9,31.76,43.04,19.42,1188780.1
STUB,12.86,5,"[1, 1, 0, 0, 0, 0, 1, 0, 1, 1]",9.5,12.86,22.0,6.09,8737639.6
FA,18.9,9,"[1, 1, 1, 1, 0, 1, 1, 1, 1, 1]",15.32,13.74,18.9,8.95,2218790.6
NKTR,64.39,8,"[0, 1, 1, 1, 1, 1, 1, 0, 1, 1]",71.06,61.64,100.35,21.68,1264127.0
EOSE,5.55,1,"[0, 0, 0, 0, 0, 0, 0, 0, 1, 0]",7.2,10.65,19.19,4.39,22720222.25
UAA,6.58,9,"[1, 1, 1, 0, 1, 1, 1, 1, 1, 1]",5.89,5.62,8.14,4.17,8780793.8
UA,6.39,9,"[1, 1, 1, 0, 1, 1, 1, 1, 1, 1]",5.72,5.45,7.88,3.96,3790997.65
DBD,83.33,10,"[1, 1, 1, 1, 1, 1, 1, 1, 1, 1]",79.81,71.24,88.77,53.99,340166.5
BKE,41.97,1,"[0, 0, 0, 0, 0, 0, 0, 0, 1, 0]",48.37,51.05,57.1,41.53,557410.95
UNIT,11.17,8,"[0, 1, 1, 1, 1, 1, 1, 1, 1, 0]",11.48,8.38,12.75,5.36,2710380.35
ARCB,139.82,9,"[1, 1, 1, 1, 1, 1, 1, 1, 1, 0]",135.9,96.77,173.22,59.5,533742.85
NN,17.75,8,"[0, 1, 1, 1, 1, 1, 1, 1, 1, 0]",19.84,16.55,23.59,11.37,2728569.4
HOG,24.15,6,"[0, 1, 1, 1, 0, 0, 1, 1, 1, 0]",24.38,22.79,30.05,17.06,3037726.25
ATRO,76.06,10,"[1, 1, 1, 1, 1, 1, 1, 1, 1, 1]",68.04,53.36,87.15,23.95,933974.4
CLDX,36.78,10,"[1, 1, 1, 1, 1, 1, 1, 1, 1, 1]",32.27,28.45,37.44,20.01,1295130.4
VAC,99.88,10,"[1, 1, 1, 1, 1, 1, 1, 1, 1, 1]",82.93,66.26,103.04,43.9,496275.05
ARQT,25.84,9,"[1, 1, 1, 0, 1, 1, 1, 1, 1, 1]",23.1,24.38,31.2,13.39,1844320.8
GRAL,68.11,6,"[1, 0, 0, 0, 1, 1, 1, 0, 1, 1]",61.3,72.62,116.06,31.42,694574.35
VISN,12.37,9,"[1, 1, 1, 1, 1, 1, 1, 1, 1, 0]",11.86,9.44,12.88,3.56,5740893.75
TARS,60.89,5,"[0, 0, 0, 0, 1, 1, 1, 0, 1, 1]",62.14,68.6,82.51,38.82,808725.2
NGVT,72.58,10,"[1, 1, 1, 1, 1, 1, 1, 1, 1, 1]",71.53,64.27,77.87,40.4,322085.25
AMSC,39.92,4,"[0, 1, 0, 1, 0, 0, 1, 0, 1, 0]",47.48,41.29,66.68,25.95,1238558.7
WAFD,39.04,10,"[1, 1, 1, 1, 1, 1, 1, 1, 1, 1]",35.79,32.26,39.04,27.16,652552.75
HUN,10.55,5,"[0, 0, 0, 1, 1, 1, 1, 0, 1, 0]",13.75,11.4,15.89,7.27,8360158.2
HUBG,44.78,10,"[1, 1, 1, 1, 1, 1, 1, 1, 1, 1]",42.65,40.2,52.19,32.8,765488.85
TRMK,47.09,10,"[1, 1, 1, 1, 1, 1, 1, 1, 1, 1]",44.56,41.38,47.09,35.62,503459.85
IRON,74.95,8,"[1, 1, 1, 0, 0, 1, 1, 1, 1, 1]",69.02,73.63,94.11,52.97,737244.9
CUBI,79.87,10,"[1, 1, 1, 1, 1, 1, 1, 1, 1, 1]",76.08,71.97,81.21,60.52,334098.55
VERA,42.66,9,"[1, 1, 1, 0, 1, 1, 1, 1, 1, 1]",36.14,37.85,55.67,19.25,1735213.85
ICHR,111.77,10,"[1, 1, 1, 1, 1, 1, 1, 1, 1, 1]",76.88,41.77,112.28,14.06,1287443.1
RARE,32.38,7,"[1, 1, 1, 0, 0, 0, 1, 1, 1, 1]",25.29,27.0,41.44,18.5,3071544.15
KOD,37.24,9,"[0, 1, 1, 1, 1, 1, 1, 1, 1, 1]",37.94,27.46,46.44,3.71,911623.05
SAH,83.05,8,"[1, 1, 1, 1, 0, 1, 1, 1, 1, 0]",79.16,68.41,86.85,57.63,263611.15
DRD,21.12,4,"[0, 0, 0, 0, 1, 1, 1, 0, 1, 0]",25.81,29.14,38.8,13.19,357366.1
HE,13.41,4,"[0, 0, 0, 0, 1, 1, 0, 1, 1, 0]",13.92,13.5,17.08,10.46,1874509.0
IMNM,21.49,8,"[1, 0, 1, 0, 1, 1, 1, 1, 1, 1]",21.08,19.76,26.97,8.4,1743508.45
FRSH,10.41,6,"[1, 1, 1, 0, 0, 0, 1, 0, 1, 1]",9.13,10.17,15.36,6.88,23765030.3
NSIT,119.81,8,"[1, 1, 1, 1, 0, 0, 1, 1, 1, 1]",96.85,90.84,146.66,64.43,510341.1
HTFL,30.71,9,"[1, 1, 1, 1, 0, 1, 1, 1, 1, 1]",30.63,30.04,39.91,20.49,2147265.05
OSW,28.13,10,"[1, 1, 1, 1, 1, 1, 1, 1, 1, 1]",24.87,22.21,28.24,19.28,988472.95
SEDG,56.0,8,"[1, 1, 1, 1, 1, 1, 1, 0, 1, 0]",54.94,41.31,78.51,23.6,2723786.0
ROG,157.08,10,"[1, 1, 1, 1, 1, 1, 1, 1, 1, 1]",143.73,107.11,167.09,64.78,340093.6
ATKR,72.43,8,"[0, 1, 1, 1, 1, 1, 1, 1, 1, 0]",77.53,67.57,85.41,52.77,386594.5
TALO,13.47,8,"[0, 1, 1, 1, 1, 1, 1, 1, 1, 0]",14.91,12.53,16.59,7.79,2042935.7
IDYA,36.17,9,"[1, 1, 1, 0, 1, 1, 1, 1, 1, 1]",30.32,31.66,37.86,21.16,1632195.85
ELVN,48.76,10,"[1, 1, 1, 1, 1, 1, 1, 1, 1, 1]",42.32,29.39,50.85,15.14,2490320.8
DGII,74.12,10,"[1, 1, 1, 1, 1, 1, 1, 1, 1, 1]",64.53,48.89,74.95,31.14,403526.95
LWLG,8.12,7,"[0, 1, 1, 1, 1, 1, 1, 0, 1, 0]",12.03,6.77,18.22,1.24,5647366.0
TMC,4.36,1,"[0, 0, 0, 0, 0, 0, 0, 0, 1, 0]",5.31,6.21,10.69,4.1,5712550.85
LMAT,98.74,7,"[0, 1, 1, 1, 1, 0, 0, 1, 1, 1]",99.7,93.89,117.1,79.04,370489.35
MTX,73.78,8,"[0, 1, 1, 1, 1, 1, 1, 1, 1, 0]",76.44,67.29,82.71,54.79,289234.8
BRZE,22.93,3,"[1, 0, 0, 0, 0, 0, 1, 0, 1, 0]",22.33,24.99,36.19,15.79,2480657.2
AAMI,71.98,9,"[1, 1, 1, 1, 1, 1, 1, 1, 1, 0]",71.72,55.55,82.72,36.61,635948.15
RLAY,17.76,10,"[1, 1, 1, 1, 1, 1, 1, 1, 1, 1]",14.59,9.88,19.74,3.22,4660780.55
MLYS,26.89,3,"[0, 0, 0, 0, 0, 1, 1, 0, 1, 0]",27.21,32.72,47.33,12.87,2426670.7
FBNC,65.35,10,"[1, 1, 1, 1, 1, 1, 1, 1, 1, 1]",59.44,55.03,65.35,45.22,309290.3
ANDE,67.37,6,"[0, 1, 1, 1, 1, 1, 0, 0, 1, 0]",72.42,60.29,,,347572.65
VNET,8.81,2,"[0, 0, 0, 0, 0, 1, 0, 0, 1, 0]",9.19,9.66,14.03,6.97,5888674.65
HTO,60.74,10,"[1, 1, 1, 1, 1, 1, 1, 1, 1, 1]",57.68,52.52,61.01,43.73,480872.25
DXPE,165.9,10,"[1, 1, 1, 1, 1, 1, 1, 1, 1, 1]",159.81,132.58,181.51,85.53,182755.4
PTON,5.9,5,"[1, 1, 0, 1, 0, 0, 1, 0, 1, 0]",5.57,5.94,9.0,3.71,9798159.0
SGML,12.41,6,"[0, 0, 1, 1, 1, 1, 1, 0, 1, 0]",16.83,12.31,23.65,4.68,2355558.9
TENB,37.9,8,"[1, 1, 1, 1, 0, 0, 1, 1, 1, 1]",25.25,24.42,37.9,16.04,3339620.6
DFTX,43.4,10,"[1, 1, 1, 1, 1, 1, 1, 1, 1, 1]",25.89,17.62,47.04,7.08,4947122.2
VERX,12.52,1,"[0, 0, 0, 0, 0, 0, 0, 0, 1, 0]",12.65,17.11,36.4,10.58,1839698.05
PLUS,82.35,6,"[0, 0, 1, 0, 1, 1, 1, 1, 1, 0]",83.43,81.55,92.48,61.5,284047.2
AERO,17.61,6,"[1, 1, 0, 0, 0, 0, 1, 1, 1, 1]",16.28,17.61,22.91,12.36,268657.35
AMPX,13.59,5,"[0, 0, 0, 1, 1, 1, 1, 0, 1, 0]",17.92,13.9,22.91,4.38,7421419.2
AMR,157.4,4,"[0, 0, 0, 0, 1, 1, 1, 0, 1, 0]",188.58,186.75,249.65,109.21,245685.4
COHU,69.11,10,"[1, 1, 1, 1, 1, 1, 1, 1, 1, 1]",53.83,33.42,73.91,17.86,1472814.65
AESI,15.62,8,"[0, 1, 1, 1, 1, 1, 1, 1, 1, 0]",17.42,12.63,19.75,8.1,2678678.05
NESR,28.8,10,"[1, 1, 1, 1, 1, 1, 1, 1, 1, 1]",25.27,18.99,29.93,5.96,2591297.9
WTTR,19.01,10,"[1, 1, 1, 1, 1, 1, 1, 1, 1, 1]",18.17,13.49,20.04,7.78,1952823.45
ACHC,31.25,9,"[1, 1, 1, 1, 0, 1, 1, 1, 1, 1]",25.68,21.07,31.25,11.68,3417180.35
MNR,12.72,7,"[0, 1, 1, 1, 1, 1, 0, 1, 1, 0]",13.16,11.89,14.26,9.93,401191.65
CSGS,80.69,10,"[1, 1, 1, 1, 1, 1, 1, 1, 1, 1]",80.13,74.06,80.69,59.97,353613.6
GRDN,42.13,10,"[1, 1, 1, 1, 1, 1, 1, 1, 1, 1]",38.87,32.82,43.4,19.88,477204.9
CEPU,14.5,5,"[0, 0, 0, 0, 1, 1, 1, 1, 1, 0]",14.79,14.52,17.95,7.68,306023.45
PRDO,33.25,6,"[0, 1, 1, 1, 0, 1, 0, 1, 1, 0]",33.68,32.88,37.77,27.01,666495.05
HLIO,84.37,10,"[1, 1, 1, 1, 1, 1, 1, 1, 1, 1]",78.97,65.01,92.88,33.99,420995.15
WOLF,44.56,4,"[0, 1, 0, 1, 0, 0, 1, 0, 1, 0]",49.1,44.56,73.5,14.8,6739013.8
NTB,60.26,10,"[1, 1, 1, 1, 1, 1, 1, 1, 1, 1]",56.8,50.29,60.34,40.26,244638.0
FUN,20.46,5,"[0, 1, 1, 1, 0, 0, 1, 0, 1, 0]",20.81,18.72,32.94,12.83,2371764.85
BLBD,77.88,10,"[1, 1, 1, 1, 1, 1, 1, 1, 1, 1]",69.79,58.13,79.1,42.75,413753.65
KEEL,5.38,8,"[1, 1, 1, 1, 0, 1, 1, 1, 1, 0]",4.81,3.34,6.66,1.01,65805340.45
PENG,68.81,9,"[1, 1, 1, 1, 1, 1, 1, 1, 1, 0]",51.68,28.72,76.01,16.24,3171651.7
AXGN,44.02,10,"[1, 1, 1, 1, 1, 1, 1, 1, 1, 1]",41.95,31.53,46.19,10.93,1497715.3
PENN,21.49,9,"[1, 1, 1, 1, 0, 1, 1, 1, 1, 1]",18.64,16.06,22.06,11.76,4097942.15
CMPR,103.92,10,"[1, 1, 1, 1, 1, 1, 1, 1, 1, 1]",92.14,76.03,104.48,43.33,260614.15
FLOC,20.67,6,"[0, 0, 1, 1, 1, 1, 1, 0, 1, 0]",24.21,20.29,28.09,14.08,889151.4
DRH,11.93,10,"[1, 1, 1, 1, 1, 1, 1, 1, 1, 1]",11.06,9.38,12.38,7.27,2353401.6
XIFR,12.03,9,"[1, 1, 1, 1, 1, 1, 1, 1, 1, 0]",11.42,10.36,12.77,8.42,845798.05
ADPT,22.37,9,"[1, 1, 1, 0, 1, 1, 1, 1, 1, 1]",15.76,15.75,22.37,10.24,4102074.1
HTH,39.37,10,"[1, 1, 1, 1, 1, 1, 1, 1, 1, 1]",37.66,35.52,39.94,28.94,319538.9
CTOS,11.04,10,"[1, 1, 1, 1, 1, 1, 1, 1, 1, 1]",10.05,7.29,11.97,5.0,1071433.85
DRVN,14.11,5,"[1, 1, 0, 0, 0, 0, 1, 0, 1, 1]",13.3,14.2,19.21,10.3,1066659.45
RDW,11.97,7,"[0, 1, 1, 1, 1, 1, 1, 0, 1, 0]",14.05,10.01,25.9,5.06,41932279.3
VVX,71.92,8,"[0, 1, 1, 1, 1, 1, 1, 1, 1, 0]",75.84,65.42,90.81,46.71,657191.35
BCRX,9.65,10,"[1, 1, 1, 1, 1, 1, 1, 1, 1, 1]",8.94,8.0,10.0,6.24,5959263.25
TIC,8.0,1,"[0, 0, 0, 0, 0, 0, 0, 0, 1, 0]",8.67,9.89,14.49,6.57,1845327.3
WERN,43.82,10,"[1, 1, 1, 1, 1, 1, 1, 1, 1, 1]",39.35,32.04,44.51,22.94,1049683.5
CENTA,38.77,10,"[1, 1, 1, 1, 1, 1, 1, 1, 1, 1]",35.42,31.85,39.54,26.27,452940.1
QUBT,9.43,3,"[0, 0, 0, 1, 0, 0, 1, 0, 1, 0]",10.22,11.57,24.62,6.31,16831936.45
THR,61.14,10,"[1, 1, 1, 1, 1, 1, 1, 1, 1, 1]",58.1,41.44,71.25,24.1,828715.35
ECO,49.94,9,"[0, 1, 1, 1, 1, 1, 1, 1, 1, 1]",51.52,40.56,56.64,20.71,431918.15
BHC,4.77,1,"[0, 0, 0, 0, 0, 0, 0, 0, 1, 0]",5.3,6.02,8.34,4.67,2971451.3
NMM,71.04,8,"[0, 1, 1, 1, 1, 1, 1, 1, 1, 0]",71.97,60.23,76.62,37.53,104477.8
MBIN,49.76,10,"[1, 1, 1, 1, 1, 1, 1, 1, 1, 1]",47.64,39.67,50.36,28.87,199697.2
FLYW,18.56,10,"[1, 1, 1, 1, 1, 1, 1, 1, 1, 1]",15.49,13.69,18.56,10.33,2620044.4
PBI,17.56,10,"[1, 1, 1, 1, 1, 1, 1, 1, 1, 1]",16.25,11.91,18.12,8.89,3156041.8
WLY,51.01,9,"[1, 1, 1, 1, 0, 1, 1, 1, 1, 1]",42.91,36.48,51.01,28.52,679516.4
CMRE,13.98,5,"[0, 0, 0, 0, 1, 1, 1, 1, 1, 0]",16.12,15.31,17.79,8.95,485241.45
SLDE,19.99,10,"[1, 1, 1, 1, 1, 1, 1, 1, 1, 1]",18.1,17.26,20.79,12.74,1222961.25
OCUL,9.47,4,"[1, 0, 0, 0, 0, 0, 1, 0, 1, 1]",9.14,10.39,16.11,6.88,3166461.1
ESTA,89.23,10,"[1, 1, 1, 1, 1, 1, 1, 1, 1, 1]",74.56,65.27,89.23,33.62,838630.35
SRPT,18.2,4,"[1, 0, 0, 0, 0, 0, 1, 0, 1, 1]",18.09,19.69,24.45,11.93,3844997.15
IMOS,64.81,10,"[1, 1, 1, 1, 1, 1, 1, 1, 1, 1]",55.63,36.89,69.38,14.89,107236.2
NVCR,15.78,8,"[0, 1, 1, 1, 1, 1, 1, 1, 1, 0]",16.14,13.46,18.46,10.03,1785660.95
DEI,12.15,8,"[1, 1, 1, 1, 0, 0, 1, 1, 1, 1]",11.46,11.22,15.83,8.85,2300465.85
EZPW,35.53,10,"[1, 1, 1, 1, 1, 1, 1, 1, 1, 1]",32.39,24.39,35.53,13.13,1173429.05
PDFS,66.88,10,"[1, 1, 1, 1, 1, 1, 1, 1, 1, 1]",52.74,35.93,70.79,18.97,842609.8
TRVI,17.61,10,"[1, 1, 1, 1, 1, 1, 1, 1, 1, 1]",14.87,12.22,18.65,5.86,2342411.5
DCO,190.25,10,"[1, 1, 1, 1, 1, 1, 1, 1, 1, 1]",152.26,118.86,190.25,82.85,283664.05
WS,32.14,4,"[0, 0, 0, 1, 1, 1, 0, 0, 1, 0]",39.49,36.05,48.27,28.0,399144.05
STOK,32.71,9,"[1, 1, 1, 0, 1, 1, 1, 1, 1, 1]",31.43,31.13,38.35,11.48,996387.95
DHC,9.24,10,"[1, 1, 1, 1, 1, 1, 1, 1, 1, 1]",8.49,6.23,9.61,3.25,2176358.15
TYRA,29.41,7,"[0, 0, 1, 1, 1, 1, 1, 0, 1, 1]",32.12,26.92,39.61,9.61,1186282.35
SEM,16.5,9,"[1, 1, 1, 1, 1, 1, 1, 1, 1, 0]",16.47,15.08,16.66,11.56,2096553.4
CLBK,21.27,10,"[1, 1, 1, 1, 1, 1, 1, 1, 1, 1]",19.8,17.26,21.27,13.73,442675.2
MGNI,20.28,8,"[1, 1, 1, 1, 0, 0, 1, 1, 1, 1]",14.91,15.34,26.52,11.2,3639299.2
NGL,15.72,8,"[0, 1, 1, 1, 1, 1, 1, 1, 1, 0]",16.19,11.43,18.11,4.0,286037.5
NTST,21.08,10,"[1, 1, 1, 1, 1, 1, 1, 1, 1, 1]",20.24,18.8,21.39,16.07,2950177.35
ANAB,65.43,10,"[1, 1, 1, 1, 1, 1, 1, 1, 1, 1]",59.77,37.95,69.78,12.93,587152.7
PSNY,20.33,7,"[1, 1, 1, 1, 0, 0, 1, 0, 1, 1]",19.97,20.25,41.1,12.01,132607.6
NEXT,7.57,6,"[0, 1, 1, 1, 1, 0, 1, 0, 1, 0]",7.98,6.54,12.0,4.8,3087968.3
BBAI,3.64,1,"[0, 0, 0, 0, 0, 0, 0, 0, 1, 0]",4.11,5.16,8.91,3.04,33912310.45
ATEN,38.0,10,"[1, 1, 1, 1, 1, 1, 1, 1, 1, 1]",30.21,21.83,38.0,16.47,1333894.8
GTY,33.6,10,"[1, 1, 1, 1, 1, 1, 1, 1, 1, 1]",32.68,29.56,34.11,24.43,587420.7
OMCL,41.93,10,"[1, 1, 1, 1, 1, 1, 1, 1, 1, 1]",41.53,39.05,51.39,26.88,787542.45
SION,41.64,10,"[1, 1, 1, 1, 1, 1, 1, 1, 1, 1]",39.81,37.93,45.95,16.74,447000.3
SOC,4.4,3,"[0, 0, 0, 1, 0, 0, 1, 0, 1, 0]",12.31,11.87,31.69,3.08,13125326.5
BW,12.74,7,"[0, 1, 1, 1, 1, 1, 1, 0, 1, 0]",16.8,10.3,21.85,0.88,3821517.8
BSTZ,30.38,9,"[1, 1, 1, 1, 1, 1, 1, 1, 1, 0]",28.53,23.22,31.68,18.26,283937.85
NEOG,9.31,10,"[1, 1, 1, 1, 1, 1, 1, 1, 1, 1]",9.07,8.24,11.33,4.65,2099450.65
UTI,47.02,10,"[1, 1, 1, 1, 1, 1, 1, 1, 1, 1]",39.14,32.62,47.02,21.77,1171054.55
INBX,94.94,8,"[0, 1, 1, 1, 1, 1, 1, 0, 1, 1]",106.69,77.72,141.84,15.74,338793.7
AUPH,15.8,9,"[0, 1, 1, 1, 1, 1, 1, 1, 1, 1]",15.99,14.78,18.62,7.47,1916450.25
TSHA,6.65,10,"[1, 1, 1, 1, 1, 1, 1, 1, 1, 1]",6.16,5.02,6.98,2.34,4002555.4
GNL,8.93,7,"[0, 0, 1, 1, 1, 1, 1, 1, 1, 0]",9.29,8.65,9.76,6.41,3158754.85
MBX,55.92,10,"[1, 1, 1, 1, 1, 1, 1, 1, 1, 1]",35.99,30.14,55.92,9.74,1105202.3
WSR,18.97,8,"[1, 1, 1, 1, 1, 1, 0, 0, 1, 1]",18.87,15.19,,,713663.4
ASTH,49.81,10,"[1, 1, 1, 1, 1, 1, 1, 1, 1, 1]",38.27,28.84,49.81,18.16,776283.45
LAC,3.83,3,"[0, 0, 0, 0, 0, 1, 1, 0, 1, 0]",4.85,5.11,10.05,2.55,9275955.95
IMAX,40.4,9,"[1, 1, 1, 1, 1, 1, 1, 1, 1, 0]",38.54,36.52,44.97,24.51,1015665.85
FIGS,10.05,4,"[0, 0, 0, 0, 1, 1, 1, 0, 1, 0]",12.66,11.45,17.12,5.78,3130377.65
MD,26.14,10,"[1, 1, 1, 1, 1, 1, 1, 1, 1, 1]",23.04,21.07,26.14,11.98,793176.55
NWL,5.89,8,"[1, 1, 1, 1, 0, 0, 1, 1, 1, 1]",4.31,4.11,6.14,2.94,16423359.4
PHVS,33.95,10,"[1, 1, 1, 1, 1, 1, 1, 1, 1, 1]",30.84,26.87,34.71,17.82,427925.2
PUMP,13.36,7,"[0, 1, 1, 1, 1, 1, 1, 0, 1, 0]",15.9,11.61,18.2,4.52,4798075.9
LC,20.74,10,"[1, 1, 1, 1, 1, 1, 1, 1, 1, 1]",17.42,17.14,21.58,12.25,2333535.0
AGM,203.11,9,"[1, 1, 1, 1, 1, 0, 1, 1, 1, 1]",178.67,166.92,203.11,137.78,149369.1
RAMP,37.68,10,"[1, 1, 1, 1, 1, 1, 1, 1, 1, 1]",34.52,29.23,37.83,22.42,1568939.1
LAR,8.17,7,"[0, 1, 1, 1, 1, 1, 1, 0, 1, 0]",9.61,6.82,11.79,2.25,1945910.8
STEL,39.69,10,"[1, 1, 1, 1, 1, 1, 1, 1, 1, 1]",37.57,34.09,39.69,27.88,534219.2
PRKS,47.12,8,"[1, 1, 1, 1, 0, 0, 1, 1, 1, 1]",39.79,39.31,55.21,29.73,940162.1
SNDX,20.89,8,"[1, 0, 1, 0, 1, 1, 1, 1, 1, 1]",19.87,19.67,25.15,8.73,2472735.65
JBLU,5.92,10,"[1, 1, 1, 1, 1, 1, 1, 1, 1, 1]",5.11,4.92,6.46,4.03,27564156.3
ARCO,8.04,6,"[0, 0, 1, 1, 1, 1, 0, 1, 1, 0]",8.58,7.78,9.42,6.32,1249522.4
NEXA,12.04,7,"[0, 1, 1, 1, 1, 1, 1, 0, 1, 0]",14.22,10.28,16.72,4.67,863811.5
AGRO,9.48,5,"[0, 0, 0, 1, 1, 1, 1, 0, 1, 0]",12.13,9.9,15.18,7.07,964077.9
HTZ,2.2,2,"[0, 0, 0, 1, 0, 0, 0, 0, 1, 0]",5.16,5.33,7.97,2.2,22308260.55
SPB,86.15,10,"[1, 1, 1, 1, 1, 1, 1, 1, 1, 1]",81.24,67.76,87.49,49.33,395443.75
BLX,61.42,10,"[1, 1, 1, 1, 1, 1, 1, 1, 1, 1]",56.44,48.6,62.78,38.29,240746.85
MESO,14.09,2,"[0, 0, 0, 0, 0, 0, 1, 0, 1, 0]",14.78,16.23,20.96,10.45,185605.45
OCS,13.53,3,"[0, 0, 0, 0, 1, 0, 0, 0, 1, 1]",21.34,22.63,32.65,10.71,767690.05
ANIP,83.05,8,"[1, 1, 1, 1, 0, 0, 1, 1, 1, 1]",80.78,82.51,98.81,63.35,326451.85
PGNY,29.45,10,"[1, 1, 1, 1, 1, 1, 1, 1, 1, 1]",23.83,22.28,29.45,16.3,1415730.5
INVX,24.28,7,"[0, 0, 1, 1, 1, 1, 1, 1, 1, 0]",27.51,23.94,31.05,15.47,480466.95
CASH,89.69,9,"[1, 1, 1, 0, 1, 1, 1, 1, 1, 1]",84.34,81.21,99.87,66.35,269702.45
RAPP,39.39,10,"[1, 1, 1, 1, 1, 1, 1, 1, 1, 1]",37.22,30.63,41.67,11.8,409726.75
SNDA,41.73,10,"[1, 1, 1, 1, 1, 1, 1, 1, 1, 1]",36.57,32.65,41.73,23.92,929497.35
FIHL,24.74,10,"[1, 1, 1, 1, 1, 1, 1, 1, 1, 1]",21.93,19.35,24.74,14.41,445669.7
TPB,87.37,4,"[1, 0, 0, 0, 1, 0, 0, 0, 1, 1]",84.14,97.29,142.7,70.52,527453.95
VET,9.08,5,"[0, 0, 0, 1, 1, 1, 1, 0, 1, 0]",11.54,9.95,14.29,6.95,1435582.05
BORR,4.31,5,"[0, 0, 0, 1, 1, 1, 1, 0, 1, 0]",5.28,4.5,6.61,1.86,7394306.15
ECPG,93.79,10,"[1, 1, 1, 1, 1, 1, 1, 1, 1, 1]",82.97,62.53,93.79,35.97,342035.9
SONO,13.4,2,"[0, 0, 0, 0, 0, 1, 0, 0, 1, 0]",14.86,15.72,19.16,10.36,2149618.65
WBTN,11.41,3,"[0, 0, 0, 1, 0, 0, 1, 0, 1, 0]",12.03,13.25,21.31,8.58,311697.25
ADNT,18.14,2,"[0, 0, 0, 1, 0, 0, 0, 0, 1, 0]",21.48,21.7,27.09,17.8,1163122.05
VRE,18.99,10,"[1, 1, 1, 1, 1, 1, 1, 1, 1, 1]",18.91,16.2,19.0,13.54,858985.0
UFPT,268.67,9,"[1, 1, 1, 0, 1, 1, 1, 1, 1, 1]",223.45,219.75,268.67,185.28,205675.45
CLVT,2.22,2,"[0, 0, 0, 0, 0, 0, 1, 0, 1, 0]",2.44,2.92,4.53,1.68,7998761.6
AIN,74.42,10,"[1, 1, 1, 1, 1, 1, 1, 1, 1, 1]",64.48,56.32,76.29,40.8,307603.5
CTS,63.83,9,"[1, 1, 1, 1, 1, 1, 1, 1, 1, 0]",61.92,50.02,68.27,36.39,395689.25
VOYG,33.81,7,"[0, 1, 1, 1, 1, 1, 1, 0, 1, 0]",36.02,30.13,51.77,17.99,2943290.4
ZYME,25.72,10,"[1, 1, 1, 1, 1, 1, 1, 1, 1, 1]",25.07,23.18,28.56,12.02,692009.5
CAPR,23.07,6,"[0, 0, 1, 1, 1, 1, 1, 0, 1, 0]",29.5,22.21,35.34,4.6,1493657.75
PSIX,36.72,1,"[0, 0, 0, 0, 0, 0, 0, 0, 1, 0]",49.49,68.16,115.78,36.36,439582.6
LOB,41.79,10,"[1, 1, 1, 1, 1, 1, 1, 1, 1, 1]",37.92,35.87,41.79,29.34,335506.45
XPRO,14.19,6,"[0, 0, 0, 1, 1, 1, 1, 1, 1, 0]",15.9,15.11,18.39,8.27,1462470.65
PVLA,138.26,10,"[1, 1, 1, 1, 1, 1, 1, 1, 1, 1]",120.57,100.93,154.84,23.83,363685.3
FLNG,28.62,8,"[0, 1, 1, 1, 1, 1, 1, 1, 1, 0]",30.62,26.66,32.46,19.7,456740.5
SFL,10.25,8,"[0, 1, 1, 1, 1, 1, 1, 1, 1, 0]",11.33,9.21,12.57,6.59,1811704.65
CYD,46.29,8,"[0, 1, 1, 1, 1, 1, 1, 1, 1, 0]",49.15,42.7,59.71,22.13,240606.4
TILE,35.94,10,"[1, 1, 1, 1, 1, 1, 1, 1, 1, 1]",29.97,28.77,35.94,20.32,638484.15
PCT,8.01,3,"[0, 0, 0, 1, 0, 0, 1, 0, 1, 0]",9.71,9.56,16.92,5.06,7535266.15
LPG,35.15,7,"[0, 1, 1, 1, 1, 1, 1, 0, 1, 0]",40.06,31.25,47.72,22.84,773993.45
TE,9.18,9,"[1, 1, 1, 1, 1, 1, 1, 1, 1, 0]",7.8,6.02,12.04,1.16,36394338.3
VRDN,18.48,5,"[1, 0, 0, 0, 1, 0, 1, 0, 1, 1]",16.35,24.1,33.78,13.3,2377593.05
NRIX,23.91,10,"[1, 1, 1, 1, 1, 1, 1, 1, 1, 1]",17.37,15.58,24.26,8.24,3918420.3
QURE,45.17,8,"[1, 1, 1, 1, 0, 1, 1, 0, 1, 1]",28.95,28.72,70.59,9.03,3078279.05
DV,11.22,6,"[1, 1, 1, 0, 0, 0, 1, 0, 1, 1]",10.34,10.64,16.27,8.61,3709334.35
FIVN,23.24,7,"[1, 1, 1, 1, 0, 0, 1, 1, 1, 0]",21.06,19.88,29.16,13.61,2743875.85
INVA,21.9,8,"[0, 0, 1, 1, 1, 1, 1, 1, 1, 1]",22.66,21.17,24.24,16.67,877907.15
SILA,30.31,10,"[1, 1, 1, 1, 1, 1, 1, 1, 1, 1]",29.98,25.04,30.35,21.4,907959.2
OPRA,20.05,9,"[1, 1, 1, 1, 0, 1, 1, 1, 1, 1]",18.23,15.52,20.08,11.79,347808.25
ARDX,5.16,2,"[0, 0, 0, 0, 1, 0, 0, 0, 1, 0]",6.06,6.08,7.99,4.19,4841351.35
POET,9.7,7,"[0, 1, 1, 1, 1, 1, 1, 0, 1, 0]",11.95,7.76,20.57,4.17,28047346.4
NUVB,5.42,7,"[1, 0, 1, 0, 1, 1, 1, 0, 1, 1]",4.95,5.42,9.54,2.05,8512110.5
PEB,18.59,10,"[1, 1, 1, 1, 1, 1, 1, 1, 1, 1]",15.97,12.81,19.41,9.36,3442057.2
NTLA,17.24,8,"[1, 1, 1, 1, 0, 1, 1, 0, 1, 1]",14.05,13.65,27.98,8.04,6885553.8
NVAX,9.46,9,"[1, 1, 1, 1, 1, 1, 1, 1, 1, 0]",9.14,8.52,11.19,6.22,4570705.35
SKYT,34.82,8,"[0, 1, 1, 1, 1, 1, 1, 1, 1, 0]",35.31,26.2,39.91,8.78,779397.0
ARLO,13.55,3,"[1, 0, 0, 0, 0, 0, 0, 0, 1, 1]",13.4,14.44,19.44,11.23,1225975.1
PRLB,78.74,10,"[1, 1, 1, 1, 1, 1, 1, 1, 1, 1]",72.92,59.27,81.68,38.74,259706.1
DCOM,41.28,10,"[1, 1, 1, 1, 1, 1, 1, 1, 1, 1]",37.63,32.54,41.28,25.39,366207.65
GLUE,24.02,10,"[1, 1, 1, 1, 1, 1, 1, 1, 1, 1]",19.26,16.53,25.31,4.19,1651395.85
AMLX,17.95,10,"[1, 1, 1, 1, 1, 1, 1, 1, 1, 1]",15.21,14.32,18.7,6.3,1905758.95
CLOV,5.39,9,"[1, 1, 1, 1, 0, 1, 1, 1, 1, 1]",3.8,2.8,5.41,1.7,9356937.25
REX,45.5,8,"[0, 1, 1, 1, 1, 1, 1, 1, 1, 0]",46.81,37.88,51.16,25.5,239077.7
STBA,49.92,10,"[1, 1, 1, 1, 1, 1, 1, 1, 1, 1]",45.41,41.09,49.92,33.76,288511.3
KOS,2.03,6,"[0, 0, 1, 1, 1, 1, 1, 0, 1, 0]",2.79,1.97,3.27,0.87,13996777.6
KSS,18.77,9,"[1, 1, 1, 0, 1, 1, 1, 1, 1, 1]",15.14,16.56,24.15,8.75,5439808.1
IOVA,3.97,8,"[1, 1, 1, 1, 1, 1, 1, 0, 1, 0]",3.85,3.04,5.41,1.7,14126448.4
PAHC,32.1,3,"[0, 0, 0, 0, 1, 0, 0, 0, 1, 1]",38.11,42.85,59.33,25.79,321527.5
OUST,60.02,9,"[1, 1, 1, 1, 0, 1, 1, 1, 1, 1]",37.25,27.66,62.52,16.63,5106623.5
STGW,7.58,10,"[1, 1, 1, 1, 1, 1, 1, 1, 1, 1]",6.65,5.78,7.58,4.4,1562571.4
BAND,63.79,9,"[1, 1, 1, 1, 1, 1, 1, 1, 1, 0]",52.01,24.6,73.19,12.82,1644878.1
NVRI,23.22,10,"[1, 1, 1, 1, 1, 1, 1, 1, 1, 1]",20.0,17.44,23.22,8.27,583764.5
ABCL,7.6,9,"[1, 1, 1, 1, 0, 1, 1, 1, 1, 1]",5.27,4.36,8.12,2.78,7629365.05
HOPE,13.96,10,"[1, 1, 1, 1, 1, 1, 1, 1, 1, 1]",12.62,11.39,13.96,9.37,1216364.5
AMRC,26.53,3,"[0, 0, 0, 0, 0, 1, 1, 0, 1, 0]",29.81,31.37,43.23,15.87,653944.85
TFIN,79.31,10,"[1, 1, 1, 1, 1, 1, 1, 1, 1, 1]",69.66,61.76,79.31,46.95,252091.4
HCSG,25.11,10,"[1, 1, 1, 1, 1, 1, 1, 1, 1, 1]",21.76,19.42,25.11,12.69,764567.35
DCH,5.25,3,"[0, 0, 0, 0, 1, 1, 0, 0, 1, 0]",6.09,6.39,9.0,4.31,4370883.25
XHR,19.9,10,"[1, 1, 1, 1, 1, 1, 1, 1, 1, 1]",17.65,15.03,20.67,11.98,1113510.35
WLFC,227.01,10,"[1, 1, 1, 1, 1, 1, 1, 1, 1, 1]",196.42,166.48,238.45,114.62,155475.1
GBX,47.88,5,"[0, 0, 0, 0, 1, 1, 0, 1, 1, 1]",48.65,48.26,58.47,40.45,508173.8
LILAK,7.89,9,"[1, 1, 1, 1, 0, 1, 1, 1, 1, 1]",5.66,5.54,7.89,4.25,2198640.65
LILA,7.92,9,"[1, 1, 1, 1, 0, 1, 1, 1, 1, 1]",5.6,5.47,7.92,4.16,1158894.6
ZD,51.97,10,"[1, 1, 1, 1, 1, 1, 1, 1, 1, 1]",45.52,38.92,52.37,26.51,747742.25
ECVT,12.0,8,"[0, 1, 1, 1, 1, 1, 1, 1, 1, 0]",13.51,11.04,14.97,7.84,2029220.35
VIR,9.56,10,"[1, 1, 1, 1, 1, 1, 1, 1, 1, 1]",9.45,7.65,11.09,4.28,2402473.25
AHCO,10.6,8,"[0, 1, 1, 1, 1, 1, 0, 1, 1, 1]",10.85,10.23,13.38,8.68,1627225.25
KW,10.92,10,"[1, 1, 1, 1, 1, 1, 1, 1, 1, 1]",10.84,9.64,10.94,6.89,2348882.3
ALGT,119.16,9,"[1, 1, 1, 0, 1, 1, 1, 1, 1, 1]",87.28,82.02,119.16,48.12,705710.6
TRS,43.28,10,"[1, 1, 1, 1, 1, 1, 1, 1, 1, 1]",40.44,36.96,45.03,29.21,579360.6
CRML,9.85,4,"[0, 0, 0, 1, 0, 1, 1, 0, 1, 0]",11.08,10.77,29.97,2.83,5250566.25
TH,19.73,10,"[1, 1, 1, 1, 1, 1, 1, 1, 1, 1]",17.39,10.65,20.52,6.22,1542713.55
UAMY,7.7,4,"[0, 0, 0, 1, 0, 1, 1, 0, 1, 0]",8.96,8.38,17.47,2.13,8314367.0
IMTX,9.85,6,"[0, 0, 0, 1, 1, 1, 1, 1, 1, 0]",10.53,9.96,11.87,5.09,429222.45
GSL,37.78,9,"[0, 1, 1, 1, 1, 1, 1, 1, 1, 1]",38.82,35.18,41.64,24.8,289424.55
YELP,26.25,5,"[1, 1, 0, 0, 0, 0, 1, 0, 1, 1]",24.61,27.34,35.26,19.78,1358326.35
CNOB,33.46,10,"[1, 1, 1, 1, 1, 1, 1, 1, 1, 1]",30.55,27.02,33.46,21.63,528217.0
RES,5.72,5,"[0, 0, 0, 1, 1, 1, 1, 0, 1, 0]",6.97,5.98,7.95,4.15,1947086.0
BY,38.33,10,"[1, 1, 1, 1, 1, 1, 1, 1, 1, 1]",33.88,30.72,38.33,25.21,390602.45
NVGS,18.62,6,"[0, 0, 0, 1, 1, 1, 1, 1, 1, 0]",22.03,18.84,24.22,14.25,496159.45
PGEN,5.25,10,"[1, 1, 1, 1, 1, 1, 1, 1, 1, 1]",4.41,4.08,5.92,1.52,5851650.15
BHVN,15.76,8,"[1, 1, 1, 1, 0, 0, 1, 1, 1, 1]",11.09,11.58,18.11,7.79,4155358.95
TNC,86.07,9,"[1, 1, 1, 1, 0, 1, 1, 1, 1, 1]",84.79,77.09,91.15,60.69,168496.95
HLF,12.99,5,"[0, 0, 0, 0, 1, 1, 1, 0, 1, 1]",13.33,13.25,19.96,7.75,1802469.0
SHLS,10.12,8,"[1, 1, 1, 1, 0, 1, 1, 1, 1, 0]",9.66,8.69,12.77,4.46,5721824.85
ATAI,4.88,8,"[1, 1, 1, 1, 0, 0, 1, 1, 1, 1]",4.3,4.29,6.45,2.62,9088388.65
BCAX,28.91,10,"[1, 1, 1, 1, 1, 1, 1, 1, 1, 1]",22.47,18.48,29.69,9.01,955143.2
GCT,33.12,4,"[0, 0, 0, 0, 1, 1, 1, 0, 1, 0]",37.57,37.15,51.8,19.84,734078.45
AIP,43.81,10,"[1, 1, 1, 1, 1, 1, 1, 1, 1, 1]",35.43,20.2,48.59,8.59,1111712.7
GHRS,26.42,10,"[1, 1, 1, 1, 1, 1, 1, 1, 1, 1]",22.16,16.46,28.49,11.8,264673.4
SBET,5.17,1,"[0, 0, 0, 0, 0, 0, 0, 0, 1, 0]",6.24,9.4,37.38,4.56,10626513.55
GILT,13.29,5,"[0, 0, 0, 1, 1, 1, 1, 0, 1, 0]",15.92,15.04,20.85,7.1,881275.05
AVAH,8.86,7,"[1, 1, 1, 0, 0, 0, 1, 1, 1, 1]",7.21,7.98,10.27,3.74,2252341.7
CBL,55.28,10,"[1, 1, 1, 1, 1, 1, 1, 1, 1, 1]",47.15,37.32,55.28,24.14,335601.15
BKSY,28.74,7,"[0, 1, 1, 1, 1, 1, 1, 0, 1, 0]",36.63,26.36,51.63,13.14,2268445.5
FTRE,17.58,10,"[1, 1, 1, 1, 1, 1, 1, 1, 1, 1]",14.58,12.72,18.4,4.45,1580874.1
NSSC,37.86,5,"[0, 0, 0, 0, 0, 1, 1, 1, 1, 1]",38.75,41.04,46.87,29.0,512890.05
DMRA,27.09,9,"[1, 1, 1, 0, 1, 1, 1, 1, 1, 1]",23.83,21.25,34.14,2.58,905910.3
PRG,45.17,10,"[1, 1, 1, 1, 1, 1, 1, 1, 1, 1]",36.37,32.27,46.61,25.95,643213.2
OBK,52.02,10,"[1, 1, 1, 1, 1, 1, 1, 1, 1, 1]",47.84,40.86,52.02,31.99,154232.5
MUX,17.99,4,"[0, 0, 0, 0, 1, 1, 1, 0, 1, 0]",21.1,20.87,29.05,9.88,1578547.9
PRCT,23.47,1,"[0, 0, 0, 0, 0, 0, 0, 0, 1, 0]",25.18,29.34,60.06,20.6,1728443.75
NBR,77.38,6,"[0, 0, 1, 1, 1, 1, 1, 0, 1, 0]",95.76,69.39,110.63,30.12,319180.85
MAZE,29.81,6,"[1, 0, 0, 0, 1, 1, 1, 0, 1, 1]",25.87,34.21,51.83,11.5,826814.3
ENVX,5.85,2,"[0, 0, 0, 1, 0, 0, 0, 0, 1, 0]",6.79,7.69,15.93,4.84,5429216.0
TBLA,5.2,10,"[1, 1, 1, 1, 1, 1, 1, 1, 1, 1]",4.63,3.88,5.25,2.95,3852042.9
URGN,37.94,10,"[1, 1, 1, 1, 1, 1, 1, 1, 1, 1]",29.01,22.74,37.94,12.96,666959.6
NNE,20.75,1,"[0, 0, 0, 0, 0, 0, 0, 0, 1, 0]",25.09,30.74,56.63,19.0,3359121.25
HROW,43.0,9,"[1, 1, 1, 0, 1, 1, 1, 1, 1, 1]",37.23,41.34,54.8,29.03,856677.15
HLX,8.51,7,"[0, 0, 1, 1, 1, 1, 1, 1, 1, 0]",9.62,8.14,10.55,5.7,1701087.3
LINC,52.61,10,"[1, 1, 1, 1, 1, 1, 1, 1, 1, 1]",46.51,32.18,52.61,17.8,533211.0
RYZ,23.77,5,"[0, 0, 0, 1, 1, 1, 0, 1, 1, 0]",26.9,24.78,30.41,19.57,520675.45
HLIT,15.78,10,"[1, 1, 1, 1, 1, 1, 1, 1, 1, 1]",13.59,10.89,17.11,8.35,2872406.3
TROX,6.44,6,"[0, 0, 1, 1, 1, 1, 1, 0, 1, 0]",8.22,6.21,10.42,2.84,2844199.95
VIA,18.96,4,"[1, 0, 0, 0, 0, 0, 1, 0, 1, 1]",15.6,27.21,53.93,13.31,1407608.0
LIND,26.75,10,"[1, 1, 1, 1, 1, 1, 1, 1, 1, 1]",21.81,16.91,29.57,11.45,1047164.65
IPX,28.93,2,"[0, 0, 0, 0, 0, 0, 1, 0, 1, 0]",34.81,39.49,60.11,21.98,326638.5
WVE,5.84,3,"[0, 0, 0, 0, 1, 0, 0, 0, 1, 1]",6.45,9.72,21.31,5.66,3422274.1
PLTK,3.83,8,"[1, 1, 1, 1, 0, 0, 1, 1, 1, 1]",3.52,3.52,4.74,2.72,1894973.65
KALV,27.0,10,"[1, 1, 1, 1, 1, 1, 1, 1, 1, 1]",24.29,16.98,27.0,10.76,3070033.85
AVBP,34.5,10,"[1, 1, 1, 1, 1, 1, 1, 1, 1, 1]",30.25,23.96,34.74,16.95,665655.85
OLPX,2.05,9,"[1, 1, 1, 1, 1, 1, 1, 1, 1, 0]",2.04,1.57,2.06,1.01,5472221.3
RLJ,11.69,10,"[1, 1, 1, 1, 1, 1, 1, 1, 1, 1]",9.69,7.85,11.88,6.26,2157864.85
LOMA,11.32,6,"[0, 0, 1, 0, 1, 1, 1, 1, 1, 0]",11.36,10.87,13.12,7.13,403960.6
TV,2.68,5,"[0, 0, 0, 0, 1, 1, 0, 1, 1, 1]",2.82,2.88,3.44,2.08,1025578.9
SBH,14.22,5,"[1, 0, 0, 0, 0, 0, 1, 1, 1, 1]",13.37,14.66,17.0,9.34,1604680.7
CSIQ,15.65,4,"[0, 0, 0, 0, 1, 1, 1, 0, 1, 0]",16.83,18.58,33.58,9.51,2665563.05
RXT,6.49,10,"[1, 1, 1, 1, 1, 1, 1, 1, 1, 1]",4.67,2.1,7.53,0.41,21106880.35
GIII,33.57,10,"[1, 1, 1, 1, 1, 1, 1, 1, 1, 1]",32.12,29.45,35.57,22.85,809821.7
TTI,10.25,9,"[1, 1, 1, 1, 1, 1, 1, 1, 1, 0]",10.14,8.94,12.32,3.23,2186336.7
KDK,5.53,2,"[0, 0, 0, 0, 1, 0, 0, 0, 1, 0]",7.23,5.53,10.92,5.08,1585867.2
STAA,28.15,7,"[0, 1, 1, 1, 0, 1, 1, 1, 1, 0]",28.93,24.45,33.34,16.1,600047.85
TWO,12.35,9,"[1, 1, 1, 1, 1, 1, 1, 1, 1, 0]",12.2,10.62,13.68,8.64,1369261.75
ARRY,7.17,3,"[0, 0, 0, 0, 1, 0, 1, 0, 1, 0]",8.11,8.55,11.96,5.48,6625271.65
BAK,2.35,3,"[0, 0, 0, 1, 1, 0, 0, 0, 1, 0]",3.77,3.4,5.02,2.35,3235440.6
TDOC,9.1,9,"[1, 1, 1, 1, 0, 1, 1, 1, 1, 1]",7.03,6.81,9.46,4.47,4347612.25
WLDN,78.06,2,"[0, 0, 0, 0, 1, 0, 0, 0, 1, 0]",86.56,96.54,134.94,66.91,366146.1
CRVS,14.76,8,"[1, 1, 1, 0, 1, 1, 1, 0, 1, 1]",13.57,12.15,25.52,3.9,1400858.3
CRI,41.14,10,"[1, 1, 1, 1, 1, 1, 1, 1, 1, 1]",38.24,34.41,43.75,22.91,911544.4
PLSE,28.33,10,"[1, 1, 1, 1, 1, 1, 1, 1, 1, 1]",24.38,19.11,29.24,12.66,389347.6
OLMA,12.08,5,"[0, 0, 0, 0, 1, 1, 1, 0, 1, 1]",12.7,17.21,35.83,4.41,2077572.15
TEN,35.37,8,"[0, 1, 1, 1, 1, 1, 1, 1, 1, 0]",39.83,30.72,44.47,18.89,286420.05
LUCK,7.77,2,"[0, 0, 0, 0, 0, 0, 0, 0, 1, 1]",8.03,8.35,10.94,6.25,163880.6
WBI,31.57,7,"[1, 1, 0, 1, 0, 0, 1, 1, 1, 1]",29.98,31.57,34.27,18.69,2250141.05
ATLC,103.75,10,"[1, 1, 1, 1, 1, 1, 1, 1, 1, 1]",86.21,65.61,110.41,47.96,190789.25
JBIO,21.81,10,"[1, 1, 1, 1, 1, 1, 1, 1, 1, 1]",21.45,15.21,26.85,6.77,1603124.0
GPRE,15.86,8,"[0, 1, 1, 1, 1, 1, 1, 1, 1, 0]",15.94,12.94,18.25,6.53,1528227.55
RCAT,10.55,4,"[0, 0, 0, 0, 1, 1, 1, 0, 1, 0]",11.19,11.49,17.36,6.14,13105922.45
MRTN,17.45,10,"[1, 1, 1, 1, 1, 1, 1, 1, 1, 1]",16.38,12.89,18.22,9.28,933240.2
EVLV,6.37,4,"[1, 1, 0, 1, 0, 0, 0, 0, 1, 0]",6.28,6.52,8.76,4.9,2712667.25
NPKI,14.3,8,"[0, 1, 1, 1, 1, 1, 1, 1, 1, 0]",15.17,13.55,16.35,8.36,1263119.0
ABTC,0.62,1,"[0, 0, 0, 0, 0, 0, 0, 0, 1, 0]",1.01,2.47,9.31,0.62,13850774.0
DQ,12.7,1,"[0, 0, 0, 0, 0, 0, 0, 0, 1, 0]",17.22,24.54,35.69,12.7,1143080.95
AMAL,47.04,10,"[1, 1, 1, 1, 1, 1, 1, 1, 1, 1]",42.4,35.64,47.04,24.92,172846.95
VTOL,40.66,5,"[0, 0, 0, 1, 1, 1, 0, 1, 1, 0]",43.65,41.6,49.86,32.94,283816.05
PGY,18.77,5,"[1, 1, 0, 0, 0, 0, 1, 0, 1, 1]",14.61,19.75,43.81,10.64,4390351.0
NAT,5.56,10,"[1, 1, 1, 1, 1, 1, 1, 1, 1, 1]",5.43,4.31,6.47,2.46,5270224.35
PNTG,37.36,10,"[1, 1, 1, 1, 1, 1, 1, 1, 1, 1]",33.31,29.74,37.36,22.07,315633.15
MRVI,6.15,10,"[1, 1, 1, 1, 1, 1, 1, 1, 1, 1]",4.65,3.65,6.39,2.03,3417103.5
NSP,44.07,8,"[1, 1, 1, 1, 0, 0, 1, 1, 1, 1]",33.93,34.59,57.29,19.54,864609.55
MLTX,19.13,7,"[1, 1, 1, 1, 0, 0, 1, 0, 1, 1]",18.2,17.34,61.99,6.24,1337058.4
BLDP,3.81,6,"[0, 1, 1, 1, 0, 1, 1, 0, 1, 0]",4.42,3.16,6.38,1.67,8001862.35
UFCS,53.42,10,"[1, 1, 1, 1, 1, 1, 1, 1, 1, 1]",45.9,37.9,53.42,25.74,167278.6
REAL,12.2,7,"[1, 0, 1, 0, 1, 1, 1, 0, 1, 1]",10.8,12.03,16.9,5.1,3426716.05
JKS,16.19,1,"[0, 0, 0, 0, 0, 0, 0, 0, 1, 0]",19.95,22.73,28.22,15.91,828563.4
AORT,23.55,2,"[0, 0, 0, 0, 0, 0, 0, 0, 1, 1]",25.67,37.52,47.63,20.1,943140.4
KMTS,26.28,8,"[1, 1, 1, 0, 0, 1, 1, 1, 1, 1]",21.27,23.51,28.01,14.46,423685.35
ASTE,60.12,10,"[1, 1, 1, 1, 1, 1, 1, 1, 1, 1]",54.38,51.03,64.85,37.5,222508.65
COLL,35.87,4,"[1, 0, 0, 0, 1, 0, 0, 0, 1, 1]",34.23,39.19,49.84,29.75,442548.25
TK,9.97,6,"[0, 0, 0, 1, 1, 1, 1, 1, 1, 0]",11.96,10.06,13.09,6.66,603016.05
VSTS,14.68,10,"[1, 1, 1, 1, 1, 1, 1, 1, 1, 1]",11.86,7.88,14.83,4.06,1466272.65
DLX,24.62,8,"[0, 0, 1, 1, 1, 1, 1, 1, 1, 1]",25.17,23.35,31.5,14.77,464392.7
CCO,2.41,9,"[1, 1, 1, 1, 1, 1, 1, 1, 1, 0]",2.4,2.13,2.43,1.02,11136394.4
ULCC,7.73,10,"[1, 1, 1, 1, 1, 1, 1, 1, 1, 1]",5.53,4.76,8.06,3.1,4324926.9
ITRN,60.85,9,"[1, 1, 1, 1, 1, 1, 1, 1, 1, 0]",60.63,46.4,65.85,30.77,135371.75
ELE,18.16,8,"[1, 0, 1, 0, 1, 1, 1, 1, 1, 1]",16.98,17.67,24.16,12.54,612491.7
ADTN,13.64,7,"[0, 1, 1, 1, 1, 1, 1, 0, 1, 0]",15.77,11.34,19.4,7.25,2360454.55
ACDC,5.49,6,"[0, 0, 1, 1, 1, 1, 1, 0, 1, 0]",6.9,5.28,8.19,3.19,1464412.4
XPEL,48.92,9,"[1, 1, 1, 0, 1, 1, 1, 1, 1, 1]",45.54,44.3,54.95,31.49,277788.05
PRCH,15.98,8,"[1, 1, 1, 1, 0, 0, 1, 1, 1, 1]",10.62,10.5,19.04,6.4,2117862.5
CMP,30.64,9,"[1, 1, 1, 1, 1, 1, 1, 1, 1, 0]",29.31,23.14,33.51,16.54,532673.65
NEO,14.97,9,"[1, 1, 1, 0, 1, 1, 1, 1, 1, 1]",10.16,10.21,14.97,4.84,3691034.75
MPLT,36.08,7,"[1, 1, 0, 1, 0, 0, 1, 1, 1, 1]",29.66,36.08,36.08,12.81,468986.0
AVNS,24.63,8,"[0, 1, 1, 1, 1, 1, 1, 1, 1, 0]",24.81,15.87,25.05,9.89,1050562.45
GOOS,9.55,1,"[0, 0, 0, 0, 0, 0, 0, 0, 1, 0]",10.35,12.07,15.24,9.23,622253.5
PRSU,55.47,10,"[1, 1, 1, 1, 1, 1, 1, 1, 1, 1]",45.38,38.21,55.97,28.29,343592.3
VYX,8.5,5,"[1, 1, 0, 0, 0, 0, 1, 0, 1, 1]",7.19,9.16,14.63,6.15,2787880.5
GOLD,42.53,7,"[1, 0, 1, 0, 1, 1, 1, 0, 1, 1]",42.49,38.93,63.6,20.24,427662.5
HQH,21.73,10,"[1, 1, 1, 1, 1, 1, 1, 1, 1, 1]",19.62,18.12,21.98,13.76,188808.85
EYPT,13.19,6,"[1, 0, 0, 0, 1, 1, 1, 0, 1, 1]",13.17,14.13,18.85,9.49,1397013.55
EDN,24.47,4,"[0, 0, 0, 0, 1, 1, 1, 0, 1, 0]",25.51,26.8,35.71,15.01,106550.6
AOSL,43.52,9,"[1, 1, 1, 1, 1, 1, 1, 1, 1, 0]",43.43,28.59,53.32,17.47,898437.3
ALNT,98.63,10,"[1, 1, 1, 1, 1, 1, 1, 1, 1, 1]",80.05,63.03,102.93,37.69,310926.25
GNK,24.66,10,"[1, 1, 1, 1, 1, 1, 1, 1, 1, 1]",24.1,20.33,26.7,13.06,363280.6
LQDT,38.7,10,"[1, 1, 1, 1, 1, 1, 1, 1, 1, 1]",36.22,30.91,39.12,22.16,219509.0
XERS,8.0,7,"[1, 1, 1, 0, 0, 0, 1, 1, 1, 1]",6.5,7.03,9.9,4.7,2142380.95
CDNA,29.25,10,"[1, 1, 1, 1, 1, 1, 1, 1, 1, 1]",22.79,18.91,29.28,11.57,978430.75
ZBIO,28.0,7,"[1, 1, 1, 0, 0, 1, 1, 0, 1, 1]",19.67,24.86,43.17,9.79,1006567.15
EVEX,2.51,1,"[0, 0, 0, 0, 0, 0, 0, 0, 1, 0]",2.92,3.59,7.51,2.38,1176466.65
AMN,33.24,10,"[1, 1, 1, 1, 1, 1, 1, 1, 1, 1]",27.71,20.79,33.24,15.1,1039774.65
BUR,4.16,1,"[0, 0, 0, 0, 0, 0, 0, 0, 1, 0]",4.53,7.89,14.64,3.96,2203884.75
TDAY,8.86,10,"[1, 1, 1, 1, 1, 1, 1, 1, 1, 1]",7.68,6.01,8.86,3.49,1635423.25
ACVA,7.29,6,"[1, 1, 1, 0, 0, 0, 1, 0, 1, 1]",5.97,6.98,16.63,4.15,3006187.65
KODK,9.3,7,"[0, 1, 1, 1, 1, 1, 1, 0, 1, 0]",10.68,8.54,14.51,5.43,1010626.2
DBVT,15.73,4,"[0, 0, 0, 0, 1, 1, 1, 0, 1, 0]",18.24,17.87,24.54,8.51,317982.3
IVA,3.69,2,"[0, 0, 0, 0, 1, 0, 0, 0, 1, 0]",4.61,5.19,7.15,2.98,1268801.8
ASST,12.02,3,"[0, 0, 0, 1, 0, 0, 1, 0, 1, 0]",15.54,20.38,178.2,7.16,5276405.6
UVE,42.24,10,"[1, 1, 1, 1, 1, 1, 1, 1, 1, 1]",38.58,33.19,42.24,22.38,206597.3
OSBC,23.62,10,"[1, 1, 1, 1, 1, 1, 1, 1, 1, 1]",21.44,19.82,23.62,16.38,394894.4
MNKD,4.05,4,"[1, 0, 0, 0, 0, 0, 1, 0, 1, 1]",3.42,4.47,6.21,2.28,4902997.65
GHM,119.44,10,"[1, 1, 1, 1, 1, 1, 1, 1, 1, 1]",102.24,77.72,123.79,46.97,323301.95
BFLY,7.93,10,"[1, 1, 1, 1, 1, 1, 1, 1, 1, 1]",5.41,3.81,8.91,1.33,11609184.45
NWPX,144.3,10,"[1, 1, 1, 1, 1, 1, 1, 1, 1, 1]",117.21,78.26,149.94,40.54,212729.15
LGIH,60.82,8,"[1, 1, 1, 1, 0, 0, 1, 1, 1, 1]",50.09,48.29,67.47,34.24,431047.3
SATL,5.54,7,"[0, 1, 1, 1, 1, 1, 1, 0, 1, 0]",7.37,4.33,10.74,1.27,9533194.85
IART,17.89,9,"[1, 1, 1, 1, 0, 1, 1, 1, 1, 1]",15.05,12.88,18.76,8.9,973082.75
UVSP,45.15,10,"[1, 1, 1, 1, 1, 1, 1, 1, 1, 1]",39.91,34.24,45.15,27.36,252373.4
PBT,24.87,8,"[0, 1, 1, 1, 1, 1, 1, 1, 1, 0]",26.21,20.63,30.96,12.24,112890.1
RJET,21.54,8,"[1, 1, 1, 1, 0, 0, 1, 1, 1, 1]",19.56,19.71,25.35,13.65,215854.45
SEPN,34.61,10,"[1, 1, 1, 1, 1, 1, 1, 1, 1, 1]",29.41,25.6,37.34,10.85,466355.2
SVRA,6.06,9,"[1, 1, 1, 0, 1, 1, 1, 1, 1, 1]",5.28,5.17,6.94,2.1,2065792.9
SVC,1.68,3,"[1, 0, 0, 0, 0, 0, 1, 0, 1, 0]",1.64,1.92,2.99,1.17,9150964.05
TNDM,15.75,4,"[0, 0, 0, 0, 1, 1, 1, 0, 1, 0]",16.83,18.64,28.26,10.11,2357577.9
PDM,9.45,9,"[1, 1, 1, 1, 0, 1, 1, 1, 1, 1]",8.55,8.18,9.48,6.39,1521459.2
ATEX,108.21,10,"[1, 1, 1, 1, 1, 1, 1, 1, 1, 1]",64.68,36.35,108.21,17.99,622524.55
PLOW,52.27,10,"[1, 1, 1, 1, 1, 1, 1, 1, 1, 1]",46.35,38.44,54.2,27.05,239402.65
RERE,4.08,3,"[0, 0, 0, 0, 1, 0, 1, 0, 1, 0]",4.37,4.74,6.2,3.05,1063800.75
APEI,55.86,10,"[1, 1, 1, 1, 1, 1, 1, 1, 1, 1]",54.09,44.96,60.86,28.03,260479.2
CEVA,45.51,9,"[1, 1, 1, 1, 1, 1, 1, 1, 1, 0]",39.29,27.0,50.06,17.21,933543.35
INNV,11.71,10,"[1, 1, 1, 1, 1, 1, 1, 1, 1, 1]",8.28,6.85,11.85,3.13,500225.85
HTLD,15.16,9,"[1, 1, 1, 1, 1, 1, 1, 1, 1, 0]",14.22,10.63,16.2,7.04,703570.3
CFFN,8.62,10,"[1, 1, 1, 1, 1, 1, 1, 1, 1, 1]",7.89,6.98,8.62,5.49,847843.8
OMER,9.41,5,"[0, 0, 0, 1, 1, 1, 1, 0, 1, 0]",11.85,10.34,17.18,3.08,2445383.9
LXU,10.64,5,"[0, 0, 0, 1, 1, 1, 1, 0, 1, 0]",13.07,10.99,16.88,7.16,902011.0
GDRX,3.06,7,"[1, 1, 1, 1, 0, 0, 1, 0, 1, 1]",2.65,2.82,5.12,1.87,1289900.35
ODV,2.49,2,"[0, 0, 0, 0, 1, 0, 0, 0, 1, 0]",2.85,3.35,4.78,2.15,2699879.05
KOPN,4.22,7,"[0, 1, 1, 1, 1, 1, 1, 0, 1, 0]",4.78,3.18,6.39,1.54,7591850.65
DAKT,19.88,4,"[1, 0, 0, 0, 1, 1, 0, 0, 1, 0]",19.87,20.64,27.73,15.84,584759.4
INR,12.32,2,"[0, 0, 0, 0, 1, 0, 0, 0, 1, 0]",14.38,14.65,19.23,11.2,478610.9
EPC,27.51,10,"[1, 1, 1, 1, 1, 1, 1, 1, 1, 1]",21.18,19.77,27.78,15.68,1198482.3
INDI,4.54,7,"[1, 1, 1, 1, 0, 0, 1, 1, 1, 0]",4.25,3.97,6.0,2.44,6264188.8
PHAT,10.53,3,"[0, 0, 0, 0, 0, 0, 1, 0, 1, 1]",11.16,12.7,18.08,7.83,997172.0
CRON,2.86,10,"[1, 1, 1, 1, 1, 1, 1, 1, 1, 1]",2.71,2.63,3.27,1.95,1154411.4
JMIA,7.24,4,"[1, 0, 0, 0, 0, 0, 1, 0, 1, 1]",7.08,9.7,14.6,4.23,2109046.55
XNCR,15.38,9,"[1, 1, 1, 0, 1, 1, 1, 1, 1, 1]",12.54,13.13,18.14,7.0,979891.55
CMPS,13.29,9,"[1, 1, 1, 1, 1, 1, 1, 1, 1, 0]",11.25,7.53,15.07,3.26,3304434.65
METC,12.84,1,"[0, 0, 0, 0, 0, 0, 0, 0, 1, 0]",14.63,20.22,54.55,11.94,1587344.05
AMBQ,88.4,10,"[1, 1, 1, 1, 1, 1, 1, 1, 1, 1]",67.42,38.99,90.48,22.76,809518.7
NUTX,190.71,10,"[1, 1, 1, 1, 1, 1, 1, 1, 1, 1]",133.84,125.96,190.71,80.92,131217.25
CODI,11.59,10,"[1, 1, 1, 1, 1, 1, 1, 1, 1, 1]",11.19,7.82,12.48,4.65,1025492.95
SANA,3.56,4,"[1, 0, 0, 0, 0, 0, 1, 0, 1, 1]",3.21,3.85,5.92,2.68,3991879.3
SCSC,52.36,9,"[1, 1, 1, 1, 0, 1, 1, 1, 1, 1]",45.49,41.38,52.36,34.27,240707.7
NX,17.98,7,"[0, 1, 1, 1, 1, 0, 1, 1, 1, 0]",18.2,16.8,22.34,11.09,484312.8
AVO,12.44,5,"[1, 0, 0, 0, 1, 0, 0, 1, 1, 1]",12.17,12.62,15.34,10.11,1971002.25
ANNX,5.55,9,"[1, 1, 1, 0, 1, 1, 1, 1, 1, 1]",5.41,4.85,6.96,2.05,4244382.3
SNCY,16.17,7,"[0, 1, 1, 1, 1, 1, 1, 0, 1, 0]",16.59,14.86,21.84,10.3,593412.35
AMTB,26.16,10,"[1, 1, 1, 1, 1, 1, 1, 1, 1, 1]",23.22,20.94,26.16,16.48,342079.05
ABSI,11.11,10,"[1, 1, 1, 1, 1, 1, 1, 1, 1, 1]",6.38,4.01,11.59,2.3,8212681.35
AMC,1.93,6,"[1, 1, 1, 1, 0, 0, 1, 0, 1, 0]",1.8,1.87,3.54,0.95,49227953.6
ORIC,10.89,7,"[1, 1, 1, 0, 0, 0, 1, 1, 1, 1]",8.93,10.66,14.41,7.47,1748522.6
RHLD,143.66,6,"[1, 0, 0, 0, 1, 1, 1, 0, 1, 1]",123.97,148.09,226.37,34.37,195146.4
TBN,31.1,6,"[0, 0, 1, 1, 1, 1, 1, 0, 1, 0]",34.98,29.91,49.99,18.16,281209.55
JBSS,88.2,10,"[1, 1, 1, 1, 1, 1, 1, 1, 1, 1]",78.4,72.74,88.45,57.6,137241.85
MGTX,12.8,10,"[1, 1, 1, 1, 1, 1, 1, 1, 1, 1]",10.03,8.6,13.51,6.92,1126849.3
HEPS,2.91,9,"[1, 1, 1, 1, 1, 0, 1, 1, 1, 1]",2.77,2.67,3.29,2.18,344290.15
AGL,111.74,10,"[1, 1, 1, 1, 1, 1, 1, 1, 1, 1]",78.07,33.68,119.25,7.91,324801.05
HAFC,33.18,10,"[1, 1, 1, 1, 1, 1, 1, 1, 1, 1]",30.46,27.31,33.18,21.52,270463.8
SLS,13.27,10,"[1, 1, 1, 1, 1, 1, 1, 1, 1, 1]",7.59,4.29,15.45,1.39,10198319.95
BJRI,60.69,10,"[1, 1, 1, 1, 1, 1, 1, 1, 1, 1]",45.69,39.25,60.74,28.69,601476.45
CGEM,17.28,10,"[1, 1, 1, 1, 1, 1, 1, 1, 1, 1]",14.94,11.86,18.48,5.75,1459931.5
VPG,144.01,10,"[1, 1, 1, 1, 1, 1, 1, 1, 1, 1]",105.15,56.54,149.91,25.8,619307.9
SHEN,14.6,8,"[0, 1, 1, 1, 1, 1, 1, 1, 1, 0]",15.83,13.52,17.1,9.9,452559.45
ROOT,60.01,5,"[1, 1, 0, 0, 0, 0, 1, 0, 1, 1]",54.98,65.91,131.32,43.21,266482.2
GERN,1.27,3,"[0, 0, 0, 0, 1, 0, 0, 0, 1, 1]",1.33,1.39,1.95,1.07,15008352.25
VLRS,9.2,9,"[1, 1, 1, 0, 1, 1, 1, 1, 1, 1]",7.78,7.83,10.63,4.38,665084.3
LXRX,2.34,10,"[1, 1, 1, 1, 1, 1, 1, 1, 1, 1]",2.01,1.57,2.64,0.87,4472692.0
DSGN,14.66,10,"[1, 1, 1, 1, 1, 1, 1, 1, 1, 1]",12.54,9.91,15.79,3.54,905082.3
HNRG,16.79,2,"[0, 0, 0, 0, 0, 1, 0, 0, 1, 0]",17.6,18.73,23.81,15.02,879036.85
NB,4.82,3,"[0, 0, 0, 0, 0, 1, 1, 0, 1, 0]",5.53,6.04,11.67,2.33,3479584.3
MATW,26.65,8,"[0, 1, 1, 1, 1, 1, 0, 1, 1, 1]",26.87,25.43,28.35,21.44,391562.45
TBPH,16.98,8,"[1, 0, 1, 0, 1, 1, 1, 1, 1, 1]",16.58,16.77,20.74,10.9,754327.45
BVS,9.85,10,"[1, 1, 1, 1, 1, 1, 1, 1, 1, 1]",9.55,8.28,10.94,6.14,671998.9
OMDA,22.62,8,"[1, 1, 1, 1, 0, 0, 1, 1, 1, 1]",16.94,17.14,26.78,10.94,1122554.3
SCHL,47.34,10,"[1, 1, 1, 1, 1, 1, 1, 1, 1, 1]",41.58,34.03,47.34,20.5,365182.5
TALK,5.2,9,"[1, 1, 1, 1, 1, 1, 1, 1, 1, 0]",5.2,4.16,5.23,2.27,2549496.95
ABX,11.68,10,"[1, 1, 1, 1, 1, 1, 1, 1, 1, 1]",9.35,7.96,11.68,4.69,636691.6
SPRY,7.94,1,"[0, 0, 0, 0, 0, 0, 0, 0, 1, 0]",8.7,9.33,18.35,6.73,1897286.95
CTMX,3.6,5,"[0, 0, 0, 0, 1, 1, 1, 0, 1, 1]",3.63,4.11,6.75,1.76,5814974.2
MYE,34.08,10,"[1, 1, 1, 1, 1, 1, 1, 1, 1, 1]",24.17,20.35,35.31,14.11,590462.55
ABUS,4.73,8,"[1, 1, 1, 0, 0, 1, 1, 1, 1, 1]",4.38,4.42,4.95,3.13,2484857.6
AEVA,27.8,10,"[1, 1, 1, 1, 1, 1, 1, 1, 1, 1]",21.36,16.32,33.62,9.19,2545629.1
KOP,44.56,10,"[1, 1, 1, 1, 1, 1, 1, 1, 1, 1]",41.87,33.65,45.36,26.16,188432.2
NBBK,21.62,8,"[1, 1, 1, 0, 1, 1, 0, 1, 1, 1]",20.18,19.99,22.56,16.64,267401.95
IBTA,35.91,9,"[1, 1, 1, 1, 0, 1, 1, 1, 1, 1]",33.51,27.9,40.11,19.25,173546.95
CRSR,9.46,8,"[1, 1, 1, 1, 0, 1, 1, 1, 1, 0]",8.25,6.87,12.14,4.58,2410074.1
KRO,6.13,8,"[0, 1, 1, 1, 1, 1, 1, 1, 1, 0]",6.92,5.72,7.82,4.21,284566.95
ODD,17.01,4,"[1, 0, 0, 0, 0, 0, 1, 0, 1, 1]",13.16,30.03,76.01,9.81,1991511.35
DRUG,66.54,4,"[0, 0, 0, 0, 1, 1, 1, 0, 1, 0]",77.09,73.7,95.99,24.36,451303.4
KURA,10.78,9,"[1, 1, 1, 1, 0, 1, 1, 1, 1, 1]",9.6,9.46,12.14,5.54,1861605.9
SCZM,6.59,4,"[0, 0, 0, 0, 1, 1, 1, 0, 1, 0]",7.83,8.52,16.16,3.16,516076.6
CVLG,44.83,10,"[1, 1, 1, 1, 1, 1, 1, 1, 1, 1]",38.61,27.68,46.32,17.94,200045.65
TSAT,46.88,8,"[0, 1, 1, 1, 1, 1, 1, 1, 1, 0]",49.18,35.86,58.51,19.93,353423.7
SG,9.1,7,"[1, 1, 1, 1, 0, 0, 1, 0, 1, 1]",8.07,6.97,16.26,4.7,5112258.95
VOR,18.39,7,"[1, 1, 1, 1, 0, 0, 1, 0, 1, 1]",14.93,17.05,53.4,6.86,1503353.15
CTLP,11.2,7,"[1, 1, 1, 1, 0, 0, 0, 1, 1, 1]",10.74,10.69,11.2,9.97,1447159.6
EVMN,12.82,3,"[0, 0, 0, 1, 1, 0, 0, 0, 1, 0]",22.27,12.82,31.57,12.82,1192801.25
WYFI,34.94,9,"[1, 1, 1, 1, 0, 1, 1, 1, 1, 1]",26.97,22.31,44.77,10.78,2495782.9
SABR,2.12,8,"[1, 1, 1, 1, 0, 1, 1, 0, 1, 1]",1.8,1.62,3.42,0.82,6006128.0
CGNT,8.96,6,"[0, 1, 1, 1, 1, 0, 1, 0, 1, 0]",9.6,8.77,12.24,6.34,942817.65
ETON,36.63,10,"[1, 1, 1, 1, 1, 1, 1, 1, 1, 1]",30.39,21.41,36.73,13.89,419099.0
ESPR,3.16,9,"[1, 1, 1, 0, 1, 1, 1, 1, 1, 1]",2.95,3.04,4.08,1.11,10174989.95
WEST,7.54,8,"[0, 1, 1, 1, 1, 1, 1, 1, 1, 0]",7.76,5.32,9.73,3.71,903722.65
EGBN,28.57,10,"[1, 1, 1, 1, 1, 1, 1, 1, 1, 1]",26.84,23.45,29.13,15.78,344775.35
GO,9.98,5,"[1, 1, 0, 0, 0, 0, 1, 0, 1, 1]",8.54,10.25,18.66,5.79,2758567.15
BIOA,24.26,10,"[1, 1, 1, 1, 1, 1, 1, 1, 1, 1]",18.36,14.74,24.95,4.12,679665.85
ASC,14.25,6,"[0, 0, 1, 1, 1, 1, 1, 0, 1, 0]",17.04,13.76,19.22,9.48,680393.95
ADAM,9.28,10,"[1, 1, 1, 1, 1, 1, 1, 1, 1, 1]",8.64,7.38,9.51,5.58,960669.3
DXYZ,24.83,4,"[0, 0, 0, 1, 1, 1, 0, 0, 1, 0]",39.63,30.67,71.24,20.82,4815209.5
SUPV,9.25,5,"[1, 0, 0, 0, 1, 1, 1, 0, 1, 0]",9.15,9.51,12.86,4.69,802391.9
NRGV,4.47,7,"[0, 1, 1, 1, 1, 1, 1, 0, 1, 0]",4.77,4.06,6.49,0.77,6832308.25
IMSR,6.83,1,"[0, 0, 0, 0, 0, 0, 0, 0, 1, 0]",7.58,9.89,27.1,5.53,2452448.15
ANRO,24.94,10,"[1, 1, 1, 1, 1, 1, 1, 1, 1, 1]",22.89,17.21,28.07,2.28,597070.7
KFRC,50.62,10,"[1, 1, 1, 1, 1, 1, 1, 1, 1, 1]",43.62,32.8,50.62,23.68,172924.7
CWH,7.51,3,"[1, 0, 0, 0, 0, 0, 0, 0, 1, 1]",7.31,10.35,18.74,5.8,2262766.3
ARKO,8.16,10,"[1, 1, 1, 1, 1, 1, 1, 1, 1, 1]",7.32,5.6,8.64,3.76,1012735.85
IHRT,4.35,8,"[0, 1, 1, 1, 1, 1, 1, 0, 1, 1]",4.65,3.78,6.33,1.6,1210116.7
PSTL,24.72,10,"[1, 1, 1, 1, 1, 1, 1, 1, 1, 1]",22.93,18.26,24.98,13.16,428097.2
MTUS,18.03,6,"[0, 0, 1, 1, 1, 1, 0, 1, 1, 0]",19.16,17.99,21.51,14.56,387563.35
RLMD,6.39,8,"[0, 1, 1, 1, 1, 1, 1, 1, 1, 0]",6.93,4.81,7.86,0.56,2480281.6
CRESY,10.84,5,"[0, 0, 0, 0, 1, 1, 1, 1, 1, 0]",11.32,11.22,14.11,7.88,284710.75
CBLL,20.0,9,"[1, 1, 1, 0, 1, 1, 1, 1, 1, 1]",18.92,17.79,23.43,10.92,371699.3
LYTS,26.39,9,"[1, 1, 1, 1, 0, 1, 1, 1, 1, 1]",24.17,21.43,26.8,17.17,564662.75
NXDR,2.33,9,"[1, 1, 1, 1, 0, 1, 1, 1, 1, 1]",1.98,1.88,2.77,1.36,2949483.85
DSP,13.35,9,"[1, 1, 1, 1, 1, 1, 1, 1, 1, 0]",11.41,10.67,14.79,8.14,332104.75
PGC,48.33,10,"[1, 1, 1, 1, 1, 1, 1, 1, 1, 1]",43.48,33.65,48.33,24.59,176340.1
HZO,35.75,10,"[1, 1, 1, 1, 1, 1, 1, 1, 1, 1]",33.2,28.04,37.74,21.43,288940.25
ALLO,2.11,9,"[1, 1, 1, 1, 1, 1, 1, 0, 1, 1]",2.1,1.8,3.06,1.03,10327059.8
HSHP,13.4,8,"[0, 1, 1, 1, 1, 1, 1, 1, 1, 0]",14.11,10.83,15.58,5.61,306989.7
DRTS,12.64,10,"[1, 1, 1, 1, 1, 1, 1, 1, 1, 1]",9.57,6.62,12.64,2.9,956228.0
FOXF,17.04,2,"[0, 0, 0, 1, 0, 0, 0, 0, 1, 0]",17.55,18.64,30.41,13.19,663291.65
WRLD,219.46,9,"[1, 1, 1, 1, 0, 1, 1, 1, 1, 1]",166.6,150.43,223.83,115.57,121319.95
PRAA,19.13,9,"[1, 1, 1, 1, 1, 0, 1, 1, 1, 1]",17.37,16.21,22.23,10.42,1001332.55
NTGR,23.2,2,"[0, 0, 0, 1, 0, 0, 0, 0, 1, 0]",24.96,25.38,36.01,19.87,377270.45
HPK,6.66,6,"[0, 1, 1, 1, 0, 1, 1, 0, 1, 0]",7.07,6.11,10.32,3.89,737703.1
KRNT,16.22,8,"[1, 1, 1, 1, 1, 1, 1, 0, 1, 0]",15.84,14.68,21.89,12.31,189099.25
FCEL,31.89,10,"[1, 1, 1, 1, 1, 1, 1, 1, 1, 1]",18.96,10.65,36.01,3.92,14124529.6
EVER,24.73,7,"[1, 1, 1, 0, 0, 0, 1, 1, 1, 1]",19.14,20.77,27.87,14.27,772299.25
GFR,5.61,7,"[0, 0, 1, 1, 1, 1, 1, 1, 1, 0]",5.91,5.44,6.92,4.18,169462.85
LPTH,15.89,9,"[1, 1, 1, 1, 1, 1, 1, 1, 1, 0]",14.3,10.92,18.15,2.93,3834203.35
RMT,14.68,10,"[1, 1, 1, 1, 1, 1, 1, 1, 1, 1]",13.57,11.38,14.68,8.7,162567.8
SB,6.31,8,"[0, 1, 1, 1, 1, 1, 1, 1, 1, 0]",6.65,5.6,7.26,3.62,906908.6
HIVE,3.46,6,"[0, 1, 1, 1, 0, 1, 1, 0, 1, 0]",3.51,3.35,6.96,1.75,32395601.05
SLDB,10.2,10,"[1, 1, 1, 1, 1, 1, 1, 1, 1, 1]",7.51,6.43,10.2,3.93,2736445.25
GDOT,13.5,8,"[1, 1, 1, 1, 0, 0, 1, 1, 1, 1]",12.76,12.39,15.25,9.64,574874.45
MAKO,7.49,8,"[0, 1, 1, 1, 1, 1, 1, 1, 1, 0]",7.88,6.67,8.7,3.66,182275.0
MVST,1.2,1,"[0, 0, 0, 0, 0, 0, 0, 0, 1, 0]",1.5,2.78,6.4,1.11,4029184.2
EHAB,13.8,9,"[1, 1, 1, 1, 1, 0, 1, 1, 1, 1]",13.76,10.26,14.09,6.52,1047590.0
MITK,20.14,10,"[1, 1, 1, 1, 1, 1, 1, 1, 1, 1]",15.95,12.31,20.14,8.65,1262796.2
RDVT,65.49,9,"[1, 1, 1, 1, 0, 1, 1, 1, 1, 1]",50.23,48.84,65.49,34.4,182071.0
KRUS,58.02,5,"[1, 0, 0, 0, 1, 0, 1, 0, 1, 1]",52.8,59.31,95.83,42.67,470637.2
MRLN,5.65,1,"[0, 0, 0, 0, 0, 0, 0, 0, 1, 0]",7.85,9.89,16.09,4.9,4530122.55
BLMN,8.91,9,"[1, 1, 1, 1, 0, 1, 1, 1, 1, 1]",7.63,6.9,10.32,5.26,2366048.1
IRWD,4.12,9,"[1, 1, 1, 0, 1, 1, 1, 1, 1, 1]",3.85,3.38,5.39,0.69,2429506.55
HUYA,2.42,2,"[0, 0, 0, 0, 1, 0, 0, 0, 1, 0]",2.59,2.98,,,900856.95
SLDP,2.59,1,"[0, 0, 0, 0, 0, 0, 0, 0, 1, 0]",3.08,4.2,8.51,2.28,5034468.35
ACRS,5.34,10,"[1, 1, 1, 1, 1, 1, 1, 1, 1, 1]",4.59,3.36,5.34,1.44,2013207.85
HRTG,26.81,9,"[1, 1, 1, 0, 1, 1, 1, 1, 1, 1]",24.54,26.09,31.14,19.02,499438.65
CYRX,15.86,10,"[1, 1, 1, 1, 1, 1, 1, 1, 1, 1]",13.72,10.4,16.5,6.71,930482.0
CTO,21.48,10,"[1, 1, 1, 1, 1, 1, 1, 1, 1, 1]",20.23,17.9,21.93,14.38,402009.3
ASPI,6.17,4,"[0, 1, 0, 1, 0, 0, 1, 0, 1, 0]",6.2,6.81,14.05,4.07,5186320.85
OXM,35.97,3,"[0, 0, 0, 1, 1, 0, 0, 0, 1, 0]",41.31,38.3,49.06,30.74,672232.65
GRPN,25.68,7,"[1, 1, 1, 1, 0, 0, 1, 0, 1, 1]",17.7,16.7,37.37,9.64,1728513.95
ALRS,31.56,10,"[1, 1, 1, 1, 1, 1, 1, 1, 1, 1]",28.06,24.03,31.56,19.74,286986.75
LAES,3.1,3,"[0, 0, 0, 0, 0, 1, 1, 0, 1, 0]",3.13,3.99,7.65,2.09,20524158.65
