ticker,price,score,points,sma50,sma200,wk52_high,wk52_low,volume
NVDA,217.5,10,"[1, 1, 1, 1, 1, 1, 1, 1, 1, 1]",206.25,194.17,235.47,164.98,125511897.75
GOOGL,343.8,8,"[0, 1, 1, 1, 1, 1, 1, 1, 1, 0]",355.1,329.83,402.38,198.75,33213673.6
GOOG,343.0,8,"[0, 1, 1, 1, 1, 1, 1, 1, 1, 0]",353.42,328.99,398.8,199.62,21862132.2
AAPL,304.91,6,"[0, 1, 1, 1, 1, 1, 0, 0, 1, 0]",309.3,279.36,,,56306943.15
AMZN,272.27,10,"[1, 1, 1, 1, 1, 1, 1, 1, 1, 1]",247.62,237.09,284.02,198.79,50087031.25
AVGO,416.08,10,"[1, 1, 1, 1, 1, 1, 1, 1, 1, 1]",394.16,367.38,480.81,287.49,18322444.4
TSM,422.06,9,"[0, 1, 1, 1, 1, 1, 1, 1, 1, 1]",425.66,360.27,477.57,224.84,14678155.65
TSLA,332.81,1,"[0, 0, 0, 0, 0, 0, 0, 0, 1, 0]",376.16,407.71,489.88,298.32,38990398.05
WMT,113.26,4,"[0, 0, 0, 0, 1, 1, 0, 1, 1, 0]",114.44,117.86,134.2,95.48,22067179.9
LLY,1215.02,10,"[1, 1, 1, 1, 1, 1, 1, 1, 1, 1]",1161.85,1035.59,1235.56,634.94,2735084.65
MU,868.52,7,"[0, 1, 1, 1, 1, 1, 1, 0, 1, 0]",967.57,541.51,1213.37,115.6,45135541.45
AMD,474.32,8,"[0, 1, 1, 1, 1, 1, 1, 1, 1, 0]",512.28,320.67,580.91,151.14,29667227.1
INTC,97.71,7,"[0, 1, 1, 1, 1, 1, 1, 0, 1, 0]",109.84,69.18,140.94,21.81,118302702.95
XOM,159.8,9,"[1, 1, 1, 0, 1, 1, 1, 1, 1, 1]",147.03,139.62,170.31,102.85,14360589.5
ASML,1799.38,10,"[1, 1, 1, 1, 1, 1, 1, 1, 1, 1]",1765.06,1412.5,1986.87,721.1,1863233.4
ORCL,145.48,2,"[0, 0, 0, 0, 0, 0, 0, 0, 1, 1]",157.29,176.97,324.63,114.99,34493112.0
JNJ,259.8,10,"[1, 1, 1, 1, 1, 1, 1, 1, 1, 1]",249.04,227.2,267.24,168.57,8027237.95
CAT,843.37,8,"[0, 1, 1, 1, 1, 1, 1, 1, 1, 0]",914.07,747.01,1062.93,404.15,3171247.35
CSCO,120.43,10,"[1, 1, 1, 1, 1, 1, 1, 1, 1, 1]",117.75,90.68,129.52,64.86,19987387.7
LRCX,311.41,7,"[0, 1, 1, 1, 1, 1, 1, 0, 1, 0]",337.41,246.59,433.33,96.5,11077500.45
CVX,196.66,9,"[1, 1, 1, 0, 1, 1, 1, 1, 1, 1]",183.37,174.83,209.23,144.01,7818105.25
AMAT,525.61,7,"[0, 1, 1, 1, 1, 1, 1, 0, 1, 0]",556.07,383.7,723.0,155.56,7355785.65
UNH,402.19,8,"[0, 1, 1, 1, 1, 1, 1, 1, 1, 0]",413.31,343.39,436.35,254.75,5394383.0
BABA,127.85,4,"[1, 0, 0, 0, 0, 0, 1, 0, 1, 1]",113.83,138.67,187.62,94.81,9936801.35
GE,368.06,10,"[1, 1, 1, 1, 1, 1, 1, 1, 1, 1]",353.48,316.97,381.22,264.59,3820070.0
HSBC,103.21,10,"[1, 1, 1, 1, 1, 1, 1, 1, 1, 1]",98.02,84.88,107.86,61.32,1423667.2
MS,215.07,8,"[0, 1, 1, 1, 1, 1, 1, 1, 1, 0]",215.24,184.44,227.3,140.85,5806579.5
AZN,158.75,4,"[0, 0, 0, 0, 1, 1, 0, 1, 1, 0]",175.36,183.74,208.62,145.54,3866637.4
GEV,1011.88,8,"[0, 1, 1, 1, 1, 1, 1, 1, 1, 0]",1021.97,849.95,1174.86,546.95,2793400.0
GS,1034.41,8,"[0, 1, 1, 1, 1, 1, 1, 1, 1, 0]",1055.18,920.9,1152.07,701.82,2006498.9
MRK,130.42,10,"[1, 1, 1, 1, 1, 1, 1, 1, 1, 1]",124.14,111.96,131.82,75.83,8587556.65
NVS,154.61,10,"[1, 1, 1, 1, 1, 1, 1, 1, 1, 1]",153.07,145.12,163.64,115.79,1702167.1
TXN,281.24,8,"[0, 1, 1, 1, 1, 1, 1, 1, 1, 0]",292.48,227.97,330.59,150.79,7974308.95
RY,210.26,9,"[1, 1, 1, 1, 1, 1, 1, 1, 1, 0]",204.67,174.85,216.57,133.08,1337867.55
KLAC,200.47,7,"[0, 1, 1, 1, 1, 1, 1, 0, 1, 0]",221.6,165.23,301.71,84.03,12155416.15
RTX,223.86,10,"[1, 1, 1, 1, 1, 1, 1, 1, 1, 1]",196.63,189.01,224.12,150.03,5216016.65
SNDK,1271.05,7,"[0, 1, 1, 1, 1, 1, 1, 0, 1, 0]",1671.54,883.31,2335.0,44.4,16877797.95
QCOM,162.68,4,"[0, 0, 0, 1, 0, 1, 1, 0, 1, 0]",188.34,167.79,250.1,123.61,12575243.0
ARM,268.93,7,"[0, 1, 1, 1, 1, 1, 1, 0, 1, 0]",319.17,193.47,439.46,104.55,5925928.05
C,135.77,9,"[0, 1, 1, 1, 1, 1, 1, 1, 1, 1]",135.95,118.96,144.93,90.67,10948143.2
BHP,90.02,10,"[1, 1, 1, 1, 1, 1, 1, 1, 1, 1]",85.08,72.63,93.15,51.13,2467793.0
ADI,385.3,8,"[0, 1, 1, 1, 1, 1, 1, 1, 1, 0]",393.72,334.89,445.48,223.1,3885363.35
NVO,47.17,7,"[1, 1, 1, 1, 0, 0, 1, 1, 1, 0]",47.03,45.71,61.72,34.76,12840679.7
MUFG,22.12,9,"[1, 1, 1, 1, 1, 1, 1, 1, 1, 0]",21.17,18.19,23.1,14.62,3270711.65
TTE,87.95,10,"[1, 1, 1, 1, 1, 1, 1, 1, 1, 1]",83.4,77.55,93.6,55.92,1668369.65
NEE,85.74,4,"[0, 0, 0, 0, 1, 1, 0, 1, 1, 0]",86.99,86.94,97.17,68.33,10612854.2
BA,233.24,9,"[1, 1, 1, 0, 1, 1, 1, 1, 1, 1]",220.49,219.08,252.15,179.12,6236235.1
TD,121.37,9,"[1, 1, 1, 1, 1, 1, 1, 1, 1, 0]",118.71,100.09,124.8,71.8,2459288.0
SAN,14.71,10,"[1, 1, 1, 1, 1, 1, 1, 1, 1, 1]",13.53,12.01,14.71,9.26,11906759.8
RIO,100.99,10,"[1, 1, 1, 1, 1, 1, 1, 1, 1, 1]",97.03,89.47,112.04,58.72,2661707.4
ANET,197.85,10,"[1, 1, 1, 1, 1, 1, 1, 1, 1, 1]",172.04,147.51,197.85,116.13,7783569.9
STX,820.52,8,"[0, 1, 1, 1, 1, 1, 1, 1, 1, 0]",889.15,538.97,1093.26,153.17,5682749.7
DELL,440.97,9,"[1, 1, 1, 1, 1, 1, 1, 1, 1, 0]",418.72,224.09,467.27,110.54,6292710.65
PANW,383.8,10,"[1, 1, 1, 1, 1, 1, 1, 1, 1, 1]",320.54,219.82,385.04,141.67,6151920.65
WDC,437.93,7,"[0, 1, 1, 1, 1, 1, 1, 0, 1, 0]",557.46,344.26,746.23,74.46,8464946.5
GILD,135.77,8,"[1, 1, 1, 0, 1, 1, 0, 1, 1, 1]",129.52,131.01,153.91,108.5,6997998.3
GLW,159.19,7,"[0, 1, 1, 1, 1, 1, 1, 0, 1, 0]",178.19,137.53,255.69,63.82,14364395.35
BUD,80.61,9,"[0, 1, 1, 1, 1, 1, 1, 1, 1, 1]",81.7,72.62,86.48,57.08,1784601.1
APP,318.68,1,"[0, 0, 0, 0, 0, 0, 0, 0, 1, 0]",467.4,512.8,733.6,318.68,7123742.45
APH,167.23,10,"[1, 1, 1, 1, 1, 1, 1, 1, 1, 1]",158.36,143.26,176.32,107.91,6957729.25
DE,617.95,10,"[1, 1, 1, 1, 1, 1, 1, 1, 1, 1]",599.01,550.94,658.85,435.19,1030006.35
SCCO,194.48,10,"[1, 1, 1, 1, 1, 1, 1, 1, 1, 1]",179.32,166.97,211.8,88.15,1227728.65
WELL,226.01,8,"[0, 1, 1, 1, 1, 1, 1, 1, 1, 0]",226.72,205.45,252.07,160.13,3098696.45
MRVL,212.31,7,"[0, 1, 1, 1, 1, 1, 1, 0, 1, 0]",241.08,139.35,316.35,62.18,23307645.6
IBKR,89.78,8,"[0, 1, 1, 1, 1, 1, 1, 1, 1, 0]",91.02,76.66,97.41,59.96,5014410.3
COP,125.92,9,"[1, 1, 1, 0, 1, 1, 1, 1, 1, 1]",113.84,107.98,132.81,83.6,6393294.75
PLD,139.5,8,"[0, 1, 1, 1, 1, 1, 1, 1, 1, 0]",142.99,134.43,150.06,101.52,5696711.65
UBS,53.69,9,"[1, 1, 1, 1, 1, 1, 1, 1, 1, 0]",50.99,43.9,55.07,35.49,1843572.45
SMFG,25.15,9,"[1, 1, 1, 1, 1, 1, 1, 1, 1, 0]",24.76,21.26,26.5,15.2,1716949.3
CRWD,221.9,10,"[1, 1, 1, 1, 1, 1, 1, 1, 1, 1]",187.84,135.8,225.16,87.56,7994282.5
VRT,281.81,7,"[0, 1, 1, 1, 1, 1, 1, 0, 1, 0]",299.14,249.65,376.15,121.69,6411792.55
BTI,56.81,5,"[0, 0, 0, 1, 1, 1, 0, 1, 1, 0]",60.12,57.58,65.79,48.34,4151207.6
BBVA,28.5,10,"[1, 1, 1, 1, 1, 1, 1, 1, 1, 1]",25.28,22.73,28.5,17.1,1551921.0
NEM,117.21,9,"[1, 1, 1, 0, 1, 1, 1, 1, 1, 1]",98.6,104.47,131.38,66.67,7795075.3
PBR,17.93,9,"[1, 1, 1, 0, 1, 1, 1, 1, 1, 1]",17.73,16.34,21.86,11.39,14727612.75
PBR-A,16.06,8,"[1, 0, 1, 0, 1, 1, 1, 1, 1, 1]",15.84,14.95,19.73,10.67,6340924.55
SBUX,106.66,10,"[1, 1, 1, 1, 1, 1, 1, 1, 1, 1]",102.73,94.98,108.37,76.95,7965152.2
CVS,93.5,8,"[0, 1, 1, 1, 1, 1, 1, 1, 1, 0]",101.52,84.08,109.92,63.49,8339701.85
BMY,63.61,10,"[1, 1, 1, 1, 1, 1, 1, 1, 1, 1]",58.75,55.32,65.89,41.21,12589980.4
BP,43.16,10,"[1, 1, 1, 1, 1, 1, 1, 1, 1, 1]",41.27,39.55,47.09,31.56,7567845.6
PWR,670.58,9,"[0, 1, 1, 1, 1, 1, 1, 1, 1, 1]",674.23,569.68,785.12,372.18,1140884.0
PH,1061.33,10,"[1, 1, 1, 1, 1, 1, 1, 1, 1, 1]",954.48,915.3,1073.87,712.17,673499.15
HWM,281.34,10,"[1, 1, 1, 1, 1, 1, 1, 1, 1, 1]",272.95,239.34,291.28,170.64,2104331.75
BMO,181.17,10,"[1, 1, 1, 1, 1, 1, 1, 1, 1, 1]",173.85,145.75,182.37,110.86,727465.35
EQIX,1032.4,9,"[0, 1, 1, 1, 1, 1, 1, 1, 1, 1]",1050.31,933.66,1115.94,718.6,610981.65
MFG,10.44,9,"[1, 1, 1, 1, 1, 1, 1, 1, 1, 0]",10.05,8.54,10.71,6.09,3720128.2
TT,483.96,9,"[1, 1, 1, 1, 1, 1, 0, 1, 1, 1]",472.75,440.69,503.46,374.67,1328159.05
CM,118.96,10,"[1, 1, 1, 1, 1, 1, 1, 1, 1, 1]",114.99,100.29,121.24,71.53,933781.0
CDNS,327.53,4,"[0, 0, 0, 1, 1, 0, 0, 1, 1, 0]",366.6,327.91,416.39,265.66,2503079.7
GSK,50.9,5,"[0, 0, 0, 0, 1, 1, 1, 1, 1, 0]",51.77,51.36,60.14,36.84,4680166.8
SNPS,410.91,2,"[0, 0, 0, 0, 1, 0, 0, 0, 1, 0]",432.03,448.01,625.8,372.33,1980778.9
AEM,181.75,5,"[1, 0, 0, 0, 1, 0, 1, 0, 1, 1]",156.58,182.41,251.57,129.02,2863217.95
HCA,411.44,4,"[1, 0, 0, 0, 0, 0, 0, 1, 1, 1]",389.57,455.41,543.23,360.6,1520893.5
BNS,88.86,9,"[1, 1, 1, 1, 1, 1, 1, 1, 1, 0]",85.68,75.5,90.29,55.89,2338536.65
CMI,632.95,8,"[0, 1, 1, 1, 1, 1, 1, 1, 1, 0]",666.56,585.25,727.59,387.92,1028574.75
MAR,349.49,7,"[0, 0, 1, 1, 1, 1, 1, 1, 1, 0]",375.62,337.33,402.54,257.42,1749786.25
CNQ,47.61,10,"[1, 1, 1, 1, 1, 1, 1, 1, 1, 1]",43.74,40.4,49.57,28.74,6704282.95
EQNR,40.93,10,"[1, 1, 1, 1, 1, 1, 1, 1, 1, 1]",36.29,31.47,41.97,21.89,3852259.55
ITUB,7.5,4,"[0, 0, 0, 0, 1, 1, 0, 1, 1, 0]",8.07,7.88,9.38,5.91,19294035.35
FDX,322.43,10,"[1, 1, 1, 1, 1, 1, 1, 1, 1, 1]",319.21,279.09,337.48,177.19,1513186.9
FCX,68.87,10,"[1, 1, 1, 1, 1, 1, 1, 1, 1, 1]",64.15,57.81,71.55,34.96,14197877.35
USB,64.29,10,"[1, 1, 1, 1, 1, 1, 1, 1, 1, 1]",60.72,54.49,64.47,44.01,8134810.55
JCI,154.76,10,"[1, 1, 1, 1, 1, 1, 1, 1, 1, 1]",144.17,131.73,154.76,102.92,3533205.65
ING,35.35,10,"[1, 1, 1, 1, 1, 1, 1, 1, 1, 1]",31.88,28.03,35.46,22.65,2391713.95
FTNT,161.89,9,"[1, 1, 1, 1, 1, 1, 1, 1, 1, 0]",154.04,103.31,168.29,75.23,5636858.9
MNST,45.53,8,"[0, 1, 1, 1, 1, 1, 1, 1, 1, 0]",47.1,40.7,49.97,30.86,11955324.6
CSX,49.94,10,"[1, 1, 1, 1, 1, 1, 1, 1, 1, 1]",48.75,41.65,53.23,31.73,14025092.1
AMX,23.43,5,"[0, 0, 0, 1, 1, 1, 0, 1, 1, 0]",25.55,23.86,27.42,18.64,2293609.05
ELV,390.37,8,"[0, 1, 1, 1, 1, 1, 1, 1, 1, 0]",395.98,350.25,426.79,277.89,1403261.4
BCS,27.84,10,"[1, 1, 1, 1, 1, 1, 1, 1, 1, 1]",26.57,24.02,28.24,18.92,5251826.8
SLB,53.68,9,"[1, 1, 1, 0, 1, 1, 1, 1, 1, 1]",50.1,47.07,58.01,31.12,12766734.2
MPWR,1402.11,9,"[0, 1, 1, 1, 1, 1, 1, 1, 1, 1]",1412.47,1220.28,1687.32,815.04,910147.2
LYG,6.1,10,"[1, 1, 1, 1, 1, 1, 1, 1, 1, 1]",5.76,5.28,6.2,4.11,15733531.2
E,55.49,10,"[1, 1, 1, 1, 1, 1, 1, 1, 1, 1]",50.97,46.04,56.97,33.26,392695.85
CIEN,387.53,6,"[0, 0, 1, 1, 1, 1, 1, 0, 1, 0]",438.34,359.35,627.0,86.64,2054052.75
APO,140.28,8,"[1, 1, 1, 1, 0, 0, 1, 1, 1, 1]",125.65,126.51,151.44,99.88,4157055.45
CRH,101.29,2,"[0, 0, 0, 0, 0, 0, 0, 1, 1, 0]",104.3,112.85,130.44,95.01,4443298.5
SU,63.28,10,"[1, 1, 1, 1, 1, 1, 1, 1, 1, 1]",60.75,55.36,69.27,37.63,4516803.45
REGN,797.0,9,"[1, 1, 1, 0, 1, 1, 1, 1, 1, 1]",664.09,715.57,810.08,553.32,830443.5
NXPI,236.38,5,"[0, 0, 0, 1, 1, 1, 1, 0, 1, 0]",278.51,240.54,331.55,181.81,4524515.4
BE,211.21,7,"[0, 1, 1, 1, 1, 1, 1, 0, 1, 0]",250.45,182.65,345.85,41.25,17670062.1
ROST,251.81,10,"[1, 1, 1, 1, 1, 1, 1, 1, 1, 1]",232.81,205.29,255.23,143.75,2080138.45
B,40.13,7,"[1, 0, 0, 0, 1, 1, 1, 1, 1, 1]",38.42,41.25,52.32,22.98,9892908.35
HLT,314.66,6,"[0, 0, 1, 1, 1, 1, 0, 1, 1, 0]",331.56,307.5,350.22,256.36,2085245.95
ASX,38.65,9,"[1, 1, 1, 1, 1, 1, 1, 1, 1, 0]",38.59,25.83,44.67,9.53,9037862.5
NOK,9.44,6,"[0, 0, 1, 1, 1, 1, 1, 0, 1, 0]",12.11,9.3,16.85,4.13,94357675.1
VLO,323.92,10,"[1, 1, 1, 1, 1, 1, 1, 1, 1, 1]",278.38,221.8,323.92,130.61,2864602.7
MPC,336.42,10,"[1, 1, 1, 1, 1, 1, 1, 1, 1, 1]",282.35,225.19,336.42,156.06,2219474.95
GM,89.35,10,"[1, 1, 1, 1, 1, 1, 1, 1, 1, 1]",81.55,78.13,90.3,53.67,7177815.0
AEP,123.58,5,"[0, 0, 0, 1, 1, 1, 0, 1, 1, 0]",130.19,124.6,137.64,103.24,4045627.6
DDOG,246.78,8,"[0, 1, 1, 1, 1, 1, 1, 1, 1, 0]",249.78,170.88,288.15,102.61,5106986.2
LITE,820.59,10,"[1, 1, 1, 1, 1, 1, 1, 1, 1, 1]",816.34,624.62,1053.09,114.62,4781224.85
VALE,14.32,5,"[0, 0, 0, 0, 1, 1, 1, 1, 1, 0]",14.99,14.82,17.82,9.22,22305873.8
NSC,334.6,9,"[1, 1, 1, 1, 1, 1, 0, 1, 1, 1]",321.81,301.11,349.28,267.63,1289153.45
HOOD,94.38,4,"[0, 1, 0, 1, 0, 0, 1, 0, 1, 0]",98.53,97.91,152.46,65.16,19509605.0
NET,306.97,10,"[1, 1, 1, 1, 1, 1, 1, 1, 1, 1]",260.03,216.22,310.59,160.19,3895902.65
PSX,224.36,10,"[1, 1, 1, 1, 1, 1, 1, 1, 1, 1]",190.38,161.57,224.36,116.06,2551405.55
FIX,1688.05,8,"[0, 1, 1, 1, 1, 1, 1, 1, 1, 0]",1800.1,1428.76,2066.51,679.82,531094.6
DLR,190.81,10,"[1, 1, 1, 1, 1, 1, 1, 1, 1, 1]",185.04,175.13,202.56,145.96,2840309.4
WBD,27.07,7,"[1, 0, 1, 0, 1, 1, 1, 1, 1, 0]",26.51,26.73,29.98,11.22,24287699.95
TRP,63.64,8,"[0, 1, 1, 1, 1, 1, 1, 1, 1, 0]",67.59,60.73,70.59,48.85,2473410.85
MFC,43.82,10,"[1, 1, 1, 1, 1, 1, 1, 1, 1, 1]",41.64,37.13,44.77,29.49,1994660.25
SPG,219.53,8,"[0, 1, 1, 1, 1, 1, 1, 1, 1, 0]",220.63,195.5,236.7,161.54,1442728.95
COHR,328.57,9,"[0, 1, 1, 1, 1, 1, 1, 1, 1, 1]",341.28,262.44,426.89,86.55,5881349.45
MSTR,96.09,1,"[0, 0, 0, 0, 0, 0, 0, 0, 1, 0]",103.99,150.99,394.39,82.31,15281983.3
BKR,64.81,9,"[1, 1, 1, 0, 1, 1, 1, 1, 1, 1]",59.18,56.7,69.18,41.86,8947576.15
WPM,134.41,9,"[1, 1, 1, 0, 1, 1, 1, 1, 1, 1]",115.73,124.69,165.21,90.74,1873351.6
CRWV,90.32,4,"[0, 0, 0, 0, 1, 0, 1, 0, 1, 1]",91.37,93.31,148.75,60.82,27006689.2
KEYS,343.7,10,"[1, 1, 1, 1, 1, 1, 1, 1, 1, 1]",332.21,274.87,373.34,158.51,1144146.8
CVNA,72.0,5,"[1, 1, 0, 0, 0, 0, 0, 1, 1, 1]",66.74,72.35,95.69,56.26,10523418.35
RKLB,80.01,7,"[0, 0, 1, 1, 1, 1, 1, 0, 1, 1]",87.92,78.15,150.23,39.48,20320350.45
TEL,218.69,6,"[1, 1, 1, 0, 0, 0, 0, 1, 1, 1]",206.95,218.43,247.28,195.09,2774558.25
URI,1143.59,10,"[1, 1, 1, 1, 1, 1, 1, 1, 1, 1]",1087.03,906.52,1162.84,709.01,519263.0
GWW,1301.94,6,"[0, 1, 1, 1, 1, 1, 0, 0, 1, 0]",1337.5,1140.84,,,306265.85
TGT,152.29,10,"[1, 1, 1, 1, 1, 1, 1, 1, 1, 1]",135.86,115.19,152.29,82.06,3582798.4
TER,379.56,9,"[0, 1, 1, 1, 1, 1, 1, 1, 1, 1]",382.23,297.74,483.84,109.02,3760433.7
LHX,286.02,3,"[0, 0, 0, 0, 1, 0, 0, 1, 1, 0]",294.26,314.38,375.64,265.9,1587085.9
CARR,63.62,7,"[0, 1, 1, 1, 1, 1, 0, 1, 1, 0]",68.08,60.72,75.73,49.79,7289334.85
CTVA,76.22,6,"[0, 0, 1, 1, 1, 1, 0, 1, 1, 0]",81.68,75.53,90.51,60.56,4717847.4
AU,97.44,9,"[1, 1, 1, 0, 1, 1, 1, 1, 1, 1]",83.94,90.09,124.62,49.42,2684161.4
OKE,91.52,10,"[1, 1, 1, 1, 1, 1, 1, 1, 1, 1]",88.24,80.63,94.12,61.95,3824914.2
MCHP,81.02,8,"[0, 1, 1, 1, 1, 1, 1, 1, 1, 0]",86.71,75.45,102.71,48.06,11464403.7
MCHPP,69.45,8,"[0, 1, 1, 1, 1, 1, 1, 1, 1, 0]",73.5,65.5,85.72,45.73,240119.4
CVE,29.84,10,"[1, 1, 1, 1, 1, 1, 1, 1, 1, 1]",27.44,23.13,31.62,14.66,7277880.25
AME,256.3,10,"[1, 1, 1, 1, 1, 1, 1, 1, 1, 1]",236.73,221.1,256.3,178.45,1190051.5
TRGP,265.45,8,"[0, 1, 1, 1, 1, 1, 1, 1, 1, 0]",268.09,224.53,284.25,143.22,1170267.55
COIN,148.58,1,"[0, 0, 0, 0, 0, 0, 0, 0, 1, 0]",159.32,205.92,387.27,141.09,7780710.15
FANG,201.71,10,"[1, 1, 1, 1, 1, 1, 1, 1, 1, 1]",191.3,174.38,212.52,132.09,1908972.7
OXY,59.06,10,"[1, 1, 1, 1, 1, 1, 1, 1, 1, 1]",54.51,50.44,65.94,38.56,8400482.45
DVN,45.4,9,"[1, 1, 1, 0, 1, 1, 1, 1, 1, 1]",43.56,41.86,51.7,31.15,10294693.1
FLEX,122.41,8,"[0, 1, 1, 1, 1, 1, 1, 1, 1, 0]",136.53,90.24,162.07,49.0,4990987.55
ABEV,2.84,4,"[0, 0, 0, 1, 1, 1, 0, 0, 1, 0]",3.1,2.86,,,29162087.15
NUE,271.95,10,"[1, 1, 1, 1, 1, 1, 1, 1, 1, 1]",247.1,195.26,274.74,130.57,1400781.75
STM,55.04,7,"[0, 1, 1, 1, 1, 1, 1, 0, 1, 0]",66.59,42.76,79.82,21.04,11789494.5
BIDU,105.94,2,"[0, 0, 0, 0, 1, 0, 0, 0, 1, 0]",113.47,125.2,162.52,86.76,1966456.0
ETR,106.57,6,"[0, 0, 1, 1, 1, 1, 0, 1, 1, 0]",111.64,103.9,117.36,85.23,2712249.65
CCJ,98.73,6,"[1, 0, 0, 0, 1, 1, 1, 0, 1, 1]",97.8,104.79,134.09,70.33,3704735.15
FER,65.67,5,"[0, 0, 0, 0, 1, 1, 0, 1, 1, 1]",66.08,66.47,73.66,52.6,1578373.15
ROK,447.0,8,"[0, 1, 1, 1, 1, 1, 1, 1, 1, 0]",463.53,413.34,495.08,330.36,909472.2
EA,209.7,9,"[1, 1, 1, 1, 1, 1, 0, 1, 1, 1]",204.14,202.27,209.7,165.57,4050197.3
ARGX,864.74,8,"[0, 1, 1, 1, 0, 1, 1, 1, 1, 1]",877.4,831.08,939.68,637.56,290801.65
DAL,90.41,10,"[1, 1, 1, 1, 1, 1, 1, 1, 1, 1]",86.39,71.64,93.43,55.22,5506830.65
EBAY,106.01,8,"[0, 1, 1, 1, 1, 1, 1, 1, 1, 0]",110.93,96.81,118.63,78.93,4464668.75
FERG,251.51,8,"[1, 1, 1, 0, 1, 1, 0, 1, 1, 1]",234.31,239.48,266.68,208.41,4278912.1
MT,73.71,10,"[1, 1, 1, 1, 1, 1, 1, 1, 1, 1]",66.85,55.94,75.2,32.0,1469298.85
WAB,298.04,10,"[1, 1, 1, 1, 1, 1, 1, 1, 1, 1]",274.23,245.9,305.79,184.98,1124440.65
FNV,240.74,9,"[1, 1, 1, 0, 1, 1, 1, 1, 1, 1]",215.74,226.28,279.76,172.75,757455.5
FITB,57.6,10,"[1, 1, 1, 1, 1, 1, 1, 1, 1, 1]",55.46,49.11,59.37,39.38,5744612.9
XYZ,79.07,9,"[1, 1, 1, 1, 1, 1, 1, 1, 1, 0]",76.8,67.84,84.64,49.09,5279988.15
NBIS,193.23,7,"[0, 1, 1, 1, 1, 1, 1, 0, 1, 0]",221.93,144.24,286.69,64.06,23854410.25
RKT,14.32,3,"[1, 0, 0, 0, 0, 0, 0, 0, 1, 1]",13.95,16.42,23.44,12.35,30451826.4
VTR,86.96,8,"[0, 1, 1, 1, 1, 1, 1, 1, 1, 0]",89.37,82.8,100.53,65.45,3524899.45
CLS,310.38,5,"[0, 0, 0, 1, 1, 1, 1, 0, 1, 0]",356.5,329.38,472.4,181.34,3262379.2
CAH,240.26,10,"[1, 1, 1, 1, 1, 1, 1, 1, 1, 1]",226.74,210.74,240.26,144.54,2072972.3
TEVA,36.48,10,"[1, 1, 1, 1, 1, 1, 1, 1, 1, 1]",33.4,31.27,36.48,16.6,5700867.5
HPE,54.38,10,"[1, 1, 1, 1, 1, 1, 1, 1, 1, 1]",48.1,30.32,55.99,19.72,16406314.95
STT,187.22,10,"[1, 1, 1, 1, 1, 1, 1, 1, 1, 1]",175.14,141.14,187.22,107.72,2169889.55
ODFL,209.44,8,"[0, 1, 1, 1, 1, 1, 1, 1, 1, 0]",226.05,190.49,248.73,125.7,1723627.8
GFS,50.82,5,"[0, 0, 0, 1, 1, 1, 1, 0, 1, 0]",67.97,52.05,89.83,31.62,4636426.8
WDS,23.3,10,"[1, 1, 1, 1, 1, 1, 1, 1, 1, 1]",21.3,19.67,24.78,13.89,730016.0
EME,816.86,10,"[1, 1, 1, 1, 1, 1, 1, 1, 1, 1]",797.79,749.06,943.26,580.64,505642.0
ON,81.11,6,"[0, 0, 1, 1, 1, 1, 1, 0, 1, 0]",99.67,75.97,133.93,44.9,10324111.9
GFI,40.27,5,"[1, 0, 0, 0, 1, 0, 1, 0, 1, 1]",35.02,42.56,59.77,28.48,3539507.7
ERIC,10.07,4,"[0, 0, 0, 0, 1, 1, 1, 0, 1, 0]",10.96,10.76,13.74,7.36,13985605.35
KB,117.62,9,"[1, 1, 1, 1, 1, 1, 1, 1, 1, 0]",112.37,100.96,124.01,77.5,257164.3
PUK,27.38,4,"[0, 0, 0, 0, 1, 1, 0, 1, 1, 0]",27.82,29.37,33.17,24.98,1118201.4
IRM,122.39,8,"[0, 1, 1, 1, 1, 1, 1, 1, 1, 0]",124.61,106.61,133.06,77.69,1999992.95
LYV,183.33,10,"[1, 1, 1, 1, 1, 1, 1, 1, 1, 1]",176.77,157.07,186.59,125.61,2034157.9
KGC,27.24,5,"[1, 0, 0, 0, 1, 0, 1, 0, 1, 1]",24.94,28.86,37.97,18.62,7778354.9
JBL,356.61,10,"[1, 1, 1, 1, 1, 1, 1, 1, 1, 1]",344.42,282.82,385.63,192.39,1051121.55
ADM,80.46,9,"[1, 1, 1, 1, 1, 1, 1, 1, 1, 0]",80.21,69.6,87.32,54.76,3950813.15
VOD,15.9,10,"[1, 1, 1, 1, 1, 1, 1, 1, 1, 1]",14.85,14.08,16.39,10.73,4630170.15
BBD,3.21,4,"[0, 0, 0, 0, 1, 1, 0, 1, 1, 0]",3.45,3.53,4.11,2.74,30451739.6
VIK,101.55,10,"[1, 1, 1, 1, 1, 1, 1, 1, 1, 1]",99.01,79.43,108.26,57.08,1979924.5
UMC,18.94,7,"[0, 1, 1, 1, 1, 1, 1, 0, 1, 0]",21.93,13.02,27.53,6.47,15990952.75
ONC,359.27,7,"[1, 1, 1, 0, 0, 0, 1, 1, 1, 1]",299.53,314.72,377.47,260.27,439116.25
LVS,45.72,2,"[0, 0, 0, 0, 0, 0, 0, 0, 1, 1]",47.36,55.02,68.29,44.5,5874303.2
IX,39.7,9,"[1, 1, 1, 1, 1, 1, 1, 1, 1, 0]",39.45,32.94,41.31,24.22,201563.6
CRDO,247.69,10,"[1, 1, 1, 1, 1, 1, 1, 1, 1, 1]",236.9,169.42,302.52,87.81,5445943.05
ALAB,311.99,7,"[0, 1, 1, 1, 1, 1, 1, 0, 1, 0]",356.56,213.48,483.02,100.27,4810306.1
STLD,263.69,10,"[1, 1, 1, 1, 1, 1, 1, 1, 1, 1]",250.52,201.84,282.12,123.97,1177906.85
HAL,33.8,5,"[0, 0, 0, 0, 1, 1, 1, 1, 1, 0]",35.07,33.86,42.8,20.49,12533818.75
HUM,372.82,8,"[0, 1, 1, 1, 1, 1, 1, 1, 1, 0]",376.82,267.36,409.42,162.46,1538681.95
MTZ,272.65,5,"[0, 0, 0, 1, 1, 1, 1, 0, 1, 0]",349.49,299.27,437.51,172.51,1568647.0
UAL,126.31,10,"[1, 1, 1, 1, 1, 1, 1, 1, 1, 1]",121.44,106.56,136.11,85.21,4069377.9
ZM,106.06,10,"[1, 1, 1, 1, 1, 1, 1, 1, 1, 1]",93.39,88.8,111.88,69.96,3102567.95
TS,53.44,7,"[0, 0, 1, 1, 1, 1, 1, 1, 1, 0]",57.61,50.79,64.02,33.04,1361431.55
CASY,829.91,9,"[1, 1, 1, 1, 1, 1, 1, 1, 1, 0]",829.42,701.0,915.59,492.8,296185.75
TECK,66.14,10,"[1, 1, 1, 1, 1, 1, 1, 1, 1, 1]",61.41,54.24,70.46,31.1,3443506.3
SYM,41.69,1,"[0, 0, 0, 0, 0, 0, 0, 0, 1, 0]",42.65,55.12,87.3,38.57,1698017.4
EL,87.78,4,"[1, 0, 0, 0, 0, 0, 1, 0, 1, 1]",83.94,91.43,118.78,66.97,2197776.4
SHG,73.15,10,"[1, 1, 1, 1, 1, 1, 1, 1, 1, 1]",68.66,62.19,75.81,46.81,224069.3
Q,138.24,5,"[0, 1, 0, 1, 0, 0, 1, 1, 1, 0]",145.25,138.24,175.64,73.4,1934022.85
TWLO,255.95,10,"[1, 1, 1, 1, 1, 1, 1, 1, 1, 1]",205.89,153.45,255.95,95.23,2328902.9
RVMD,205.55,10,"[1, 1, 1, 1, 1, 1, 1, 1, 1, 1]",177.87,120.58,206.97,35.26,1819795.7
RDDT,156.19,2,"[0, 0, 0, 1, 0, 0, 0, 0, 1, 0]",175.56,178.58,270.71,121.84,6087743.35
IQV,243.84,9,"[1, 1, 1, 1, 0, 1, 1, 1, 1, 1]",203.07,198.39,247.56,156.66,1526547.85
NTRS,187.78,10,"[1, 1, 1, 1, 1, 1, 1, 1, 1, 1]",178.36,152.16,191.13,120.74,1184854.35
DOV,208.45,6,"[0, 0, 1, 0, 1, 1, 1, 1, 1, 0]",214.12,207.59,232.21,159.95,1259788.5
RPRX,57.79,10,"[1, 1, 1, 1, 1, 1, 1, 1, 1, 1]",56.57,46.94,59.97,34.37,2911355.4
ASTS,71.63,4,"[0, 0, 0, 0, 1, 0, 1, 0, 1, 1]",75.44,81.93,133.09,36.91,16419735.5
BIIB,203.89,10,"[1, 1, 1, 1, 1, 1, 1, 1, 1, 1]",202.29,185.48,216.63,128.93,1125432.95
VG,13.22,9,"[1, 1, 1, 1, 1, 1, 1, 1, 1, 0]",12.55,10.84,17.51,5.9,15543928.65
EXPE,321.07,9,"[1, 1, 1, 1, 0, 1, 1, 1, 1, 1]",263.34,250.31,321.07,187.7,1670673.3
CRCL,71.16,3,"[0, 0, 0, 0, 0, 0, 1, 0, 1, 1]",71.37,87.42,163.21,50.23,11693565.4
ARES,143.11,8,"[1, 1, 1, 1, 0, 0, 1, 1, 1, 1]",125.5,131.77,185.9,94.25,2291799.9
FTI,75.32,10,"[1, 1, 1, 1, 1, 1, 1, 1, 1, 1]",69.88,61.16,76.94,34.67,3418339.1
FTAI,225.6,5,"[0, 0, 0, 0, 1, 1, 1, 0, 1, 1]",233.71,230.81,308.99,139.63,1783570.9
AXIA,10.29,7,"[0, 0, 1, 0, 1, 1, 1, 1, 1, 1]",10.48,10.16,13.43,5.83,2184831.8
CNC,64.88,9,"[1, 1, 1, 1, 1, 1, 1, 1, 1, 0]",64.55,47.62,68.72,26.17,5307820.0
NTRA,312.72,10,"[1, 1, 1, 1, 1, 1, 1, 1, 1, 1]",256.43,224.37,322.1,157.7,1224548.7
NVT,167.16,10,"[1, 1, 1, 1, 1, 1, 1, 1, 1, 1]",161.39,130.63,184.1,87.42,2186398.35
MTSI,299.93,7,"[0, 1, 1, 1, 1, 1, 1, 0, 1, 0]",322.93,252.59,409.68,121.0,1530625.55
TPL,364.97,4,"[0, 0, 0, 0, 1, 1, 1, 0, 1, 0]",391.55,386.64,538.97,272.83,339649.05
TPR,160.54,10,"[1, 1, 1, 1, 1, 1, 1, 1, 1, 1]",146.42,135.92,164.78,94.47,2191837.65
CFG,72.99,10,"[1, 1, 1, 1, 1, 1, 1, 1, 1, 1]",69.25,61.43,73.92,46.73,4125759.4
CW,705.96,7,"[0, 0, 1, 1, 1, 1, 1, 1, 1, 0]",741.44,671.06,792.77,477.19,252638.65
DOW,31.26,8,"[1, 0, 1, 0, 1, 1, 1, 1, 1, 1]",30.74,30.4,41.45,19.91,9924045.3
EIX,69.89,8,"[0, 1, 1, 1, 1, 1, 1, 1, 1, 0]",73.58,66.18,80.38,50.16,3234710.55
PKX,57.12,5,"[1, 0, 0, 0, 1, 1, 0, 0, 1, 1]",55.87,60.28,91.72,45.13,331321.2
BAP,377.0,8,"[0, 1, 1, 1, 1, 1, 1, 1, 1, 0]",378.12,319.03,402.27,236.66,270293.7
VRSN,287.63,10,"[1, 1, 1, 1, 1, 1, 1, 1, 1, 1]",275.36,257.11,310.0,210.93,904979.45
HUBB,519.62,8,"[1, 1, 1, 0, 1, 1, 0, 1, 1, 1]",492.45,481.79,556.18,403.7,622291.3
STRL,532.76,6,"[0, 0, 1, 1, 1, 1, 1, 0, 1, 0]",730.8,510.42,993.74,273.82,873121.25
EC,17.01,10,"[1, 1, 1, 1, 1, 1, 1, 1, 1, 1]",15.84,12.65,17.4,8.15,2282428.3
P,109.38,8,"[1, 1, 1, 1, 0, 0, 1, 1, 1, 1]",76.7,74.24,109.38,55.53,2629741.1
AER,149.31,10,"[1, 1, 1, 1, 1, 1, 1, 1, 1, 1]",146.67,141.63,155.24,112.13,1044338.8
PAAS,51.79,8,"[1, 0, 1, 0, 1, 1, 1, 1, 1, 1]",46.37,50.78,68.3,30.46,3718607.5
DG,120.07,5,"[1, 0, 0, 0, 1, 1, 0, 1, 1, 0]",117.64,122.98,154.71,94.6,2144577.9
VIV,11.64,3,"[0, 0, 0, 0, 1, 1, 0, 0, 1, 0]",13.13,13.42,16.32,11.0,1317165.6
SYF,78.47,8,"[1, 1, 1, 1, 0, 1, 0, 1, 1, 1]",74.28,73.97,87.38,63.25,3598804.25
ZS,178.55,5,"[1, 1, 0, 0, 0, 0, 1, 0, 1, 1]",143.16,185.17,336.27,118.05,2196324.7
SQM,72.22,5,"[0, 0, 0, 0, 1, 1, 1, 1, 1, 0]",73.55,73.0,94.63,40.31,1027857.95
BG,111.6,5,"[0, 0, 0, 0, 1, 1, 1, 1, 1, 0]",116.05,111.68,131.41,75.69,1390322.25
FMX,118.23,8,"[0, 1, 1, 1, 1, 1, 1, 1, 1, 0]",125.25,109.79,132.15,81.24,506563.25
MDB,439.16,9,"[1, 1, 1, 1, 0, 1, 1, 1, 1, 1]",345.33,335.86,440.6,204.37,1412387.8
XPO,203.4,8,"[0, 1, 1, 1, 1, 1, 1, 1, 1, 0]",209.06,183.27,228.37,123.66,1019691.15
ALB,129.36,5,"[0, 0, 0, 0, 1, 1, 1, 0, 1, 1]",136.84,153.01,215.07,71.61,2394574.95
UTHR,515.5,6,"[0, 0, 0, 1, 1, 1, 1, 1, 1, 0]",538.48,517.7,596.76,301.39,520022.9
FSLR,240.91,7,"[0, 1, 1, 1, 0, 0, 1, 1, 1, 1]",240.96,234.58,318.25,180.05,2580009.25
TSN,56.43,4,"[0, 0, 0, 0, 1, 1, 0, 1, 1, 0]",57.92,59.49,68.18,49.45,3225505.8
TSEM,249.58,9,"[1, 1, 1, 1, 1, 1, 1, 1, 1, 0]",244.76,173.71,316.85,46.1,2137328.85
RF,31.6,10,"[1, 1, 1, 1, 1, 1, 1, 1, 1, 1]",30.16,27.57,32.4,22.67,9745315.15
KEY,22.69,8,"[0, 1, 1, 1, 1, 1, 1, 1, 1, 0]",22.72,20.74,23.99,16.27,10210072.85
TEAM,154.08,8,"[1, 1, 1, 1, 0, 0, 1, 1, 1, 1]",95.8,107.89,182.36,57.15,5240405.25
LYB,63.98,9,"[1, 1, 1, 0, 1, 1, 1, 1, 1, 1]",59.98,57.88,81.53,40.28,4524057.15
JBHT,265.38,8,"[0, 1, 1, 1, 1, 1, 1, 1, 1, 0]",279.39,227.45,297.91,129.59,1055861.4
SBAC,181.97,3,"[0, 0, 0, 0, 1, 0, 0, 1, 1, 0]",187.2,192.32,222.41,164.16,1130065.6
WST,351.37,9,"[1, 1, 1, 1, 1, 1, 1, 1, 1, 0]",342.85,287.3,365.5,230.63,791001.55
CPAY,406.16,10,"[1, 1, 1, 1, 1, 1, 1, 1, 1, 1]",362.49,324.69,406.16,255.0,583751.1
ENTG,150.21,10,"[1, 1, 1, 1, 1, 1, 1, 1, 1, 1]",144.26,120.85,183.84,68.64,2867138.7
NMR,9.78,10,"[1, 1, 1, 1, 1, 1, 1, 1, 1, 1]",9.24,8.43,10.04,6.73,897247.3
IHG,155.87,8,"[0, 1, 1, 1, 1, 1, 1, 1, 1, 0]",163.15,143.77,174.13,116.75,263357.15
FN,525.88,5,"[0, 0, 0, 0, 1, 1, 1, 0, 1, 1]",538.82,534.31,746.47,277.04,783576.65
SBS,5.03,3,"[0, 0, 0, 0, 1, 1, 0, 0, 1, 0]",5.57,5.57,7.08,4.17,5991137.8
WWD,356.58,7,"[0, 0, 1, 1, 1, 1, 1, 1, 1, 0]",394.19,351.81,436.44,236.67,672533.8
SITM,667.1,9,"[1, 1, 1, 1, 1, 1, 1, 0, 1, 1]",637.07,470.38,901.48,212.77,522357.85
INSM,132.57,5,"[1, 1, 0, 0, 0, 0, 1, 0, 1, 1]",106.34,146.0,211.41,91.88,3231846.35
BEKE,16.96,7,"[1, 1, 1, 0, 1, 0, 0, 1, 1, 1]",16.12,16.57,19.99,14.26,3144911.9
AKAM,116.67,7,"[0, 1, 1, 1, 1, 1, 1, 0, 1, 0]",124.69,106.66,161.14,71.97,3748109.1
PFG,113.03,10,"[1, 1, 1, 1, 1, 1, 1, 1, 1, 1]",110.39,95.15,115.41,74.5,1663495.7
RL,397.72,10,"[1, 1, 1, 1, 1, 1, 1, 1, 1, 1]",387.89,361.36,413.24,282.3,602313.8
ATI,230.08,10,"[1, 1, 1, 1, 1, 1, 1, 1, 1, 1]",193.89,147.94,230.08,71.34,1637852.1
MRNA,60.57,8,"[1, 1, 1, 1, 1, 1, 1, 0, 1, 0]",59.81,45.92,81.8,22.36,5127006.45
ILMN,192.84,10,"[1, 1, 1, 1, 1, 1, 1, 1, 1, 1]",181.81,143.17,205.1,91.0,2007841.9
AFRM,76.71,8,"[1, 1, 1, 1, 0, 1, 1, 1, 1, 0]",75.07,66.28,92.18,42.53,3302996.95
CRS,537.57,8,"[0, 1, 1, 1, 1, 1, 1, 1, 1, 0]",562.09,416.15,619.25,231.97,716042.7
SMCI,31.6,6,"[1, 1, 0, 1, 0, 0, 1, 0, 1, 1]",31.37,31.97,58.68,20.53,47487265.8
MKSI,294.38,7,"[0, 1, 1, 1, 1, 1, 1, 0, 1, 0]",344.06,250.28,444.8,98.84,1565650.35
IFF,85.0,10,"[1, 1, 1, 1, 1, 1, 1, 1, 1, 1]",77.86,72.17,88.07,58.53,1771912.7
EXPD,177.21,9,"[1, 1, 1, 1, 1, 1, 1, 1, 1, 0]",169.09,152.87,182.8,111.96,1298400.1
ROIV,35.25,10,"[1, 1, 1, 1, 1, 1, 1, 1, 1, 1]",33.22,27.04,36.81,11.57,5133266.55
DD,144.49,10,"[1, 1, 1, 1, 1, 1, 1, 1, 1, 1]",139.78,133.65,153.36,88.65,1739055.45
IREN,39.75,3,"[0, 0, 0, 0, 0, 0, 1, 0, 1, 1]",46.19,47.35,76.41,17.73,46706675.9
RGLD,233.51,8,"[1, 0, 1, 0, 1, 1, 1, 1, 1, 1]",205.25,229.24,303.02,165.28,714827.65
FUTU,105.16,3,"[1, 0, 0, 0, 0, 0, 0, 0, 1, 1]",99.35,141.91,195.9,89.76,1320120.55
ULS,77.05,4,"[0, 0, 0, 1, 1, 1, 0, 0, 1, 0]",90.9,85.52,104.74,62.21,1037464.9
CHRW,145.1,4,"[0, 0, 0, 1, 1, 1, 0, 0, 1, 0]",181.94,171.8,209.42,116.92,2566934.2
LUV,45.52,8,"[0, 1, 1, 1, 1, 1, 1, 1, 1, 0]",46.93,41.98,54.33,29.29,5572748.5
DKS,205.03,3,"[0, 0, 0, 1, 0, 0, 0, 1, 1, 0]",217.03,210.75,239.17,185.52,1262638.3
VTRS,16.28,8,"[0, 1, 1, 1, 1, 1, 1, 1, 1, 0]",16.55,14.05,17.86,9.23,10650003.7
RCI,35.31,4,"[1, 0, 0, 0, 0, 0, 0, 1, 1, 1]",35.02,36.34,40.21,31.45,1502972.25
FFIV,414.0,9,"[1, 1, 1, 1, 1, 1, 1, 1, 1, 0]",404.12,314.5,431.26,223.99,743621.6
CX,11.19,6,"[0, 0, 0, 1, 1, 1, 1, 1, 1, 0]",12.29,11.78,13.52,8.46,7626721.5
INCY,121.07,10,"[1, 1, 1, 1, 1, 1, 1, 1, 1, 1]",112.33,102.41,129.93,81.61,1955067.8
KEP,12.3,3,"[1, 0, 0, 0, 0, 0, 0, 0, 1, 1]",12.25,15.78,23.26,11.32,1029362.15
APG,42.89,8,"[1, 1, 1, 0, 1, 1, 0, 1, 1, 1]",41.28,41.45,49.4,33.64,2857993.55
SNX,254.0,9,"[0, 1, 1, 1, 1, 1, 1, 1, 1, 1]",261.0,194.83,289.57,141.35,689848.75
CDE,18.58,6,"[1, 0, 1, 0, 1, 0, 1, 0, 1, 1]",16.41,18.52,27.12,11.25,35781869.4
RBC,552.48,7,"[0, 0, 1, 1, 1, 1, 1, 1, 1, 0]",594.19,535.83,648.89,369.71,253558.85
BURL,358.83,10,"[1, 1, 1, 1, 1, 1, 1, 1, 1, 1]",339.43,309.43,372.19,242.43,658733.05
ROKU,150.91,10,"[1, 1, 1, 1, 1, 1, 1, 1, 1, 1]",138.84,113.06,153.11,82.93,2780432.65
AMKR,54.3,5,"[0, 0, 0, 1, 1, 1, 1, 0, 1, 0]",68.98,54.44,93.55,22.8,6080424.65
RS,423.5,10,"[1, 1, 1, 1, 1, 1, 1, 1, 1, 1]",397.1,334.07,428.49,262.77,351930.25
BWXT,169.71,2,"[0, 0, 0, 0, 1, 0, 0, 0, 1, 0]",183.88,195.95,238.1,157.44,904237.0
ZTO,23.15,6,"[0, 0, 1, 0, 1, 1, 1, 1, 1, 0]",23.18,22.61,25.88,17.59,1874905.2
NXT,104.88,5,"[0, 0, 0, 0, 1, 1, 1, 0, 1, 1]",112.87,109.37,156.4,53.99,3176279.8
ITT,216.89,9,"[1, 1, 1, 0, 1, 1, 1, 1, 1, 1]",195.01,192.03,221.24,163.58,1036294.25
FTV,61.68,10,"[1, 1, 1, 1, 1, 1, 1, 1, 1, 1]",61.11,57.19,64.09,46.82,2938241.75
IONQ,43.44,4,"[0, 0, 0, 1, 0, 0, 1, 0, 1, 1]",47.55,45.48,82.09,26.59,21428701.35
AGI,33.45,5,"[1, 0, 0, 0, 1, 0, 1, 0, 1, 1]",31.94,38.69,55.22,25.35,5017347.15
BCH,40.9,9,"[1, 1, 1, 1, 1, 1, 1, 1, 1, 0]",39.92,37.89,43.7,26.77,286187.75
YPF,49.15,8,"[0, 1, 1, 1, 1, 1, 1, 1, 1, 0]",50.23,41.85,56.35,23.57,1103289.25
CF,117.8,9,"[1, 1, 1, 1, 1, 1, 1, 1, 1, 0]",114.71,103.77,137.04,75.38,2270229.55
MGA,70.27,10,"[1, 1, 1, 1, 1, 1, 1, 1, 1, 1]",66.47,57.98,71.76,42.87,1371263.15
TLN,357.88,3,"[0, 0, 0, 1, 0, 0, 0, 1, 1, 0]",371.85,364.25,445.84,302.97,746614.25
LSCC,126.12,8,"[0, 1, 1, 1, 1, 1, 1, 1, 1, 0]",136.69,103.33,155.27,61.4,2046303.3
WMG,25.08,1,"[0, 0, 0, 0, 0, 0, 0, 0, 1, 0]",27.93,28.78,34.56,23.52,2226827.5
CIB,98.01,10,"[1, 1, 1, 1, 1, 1, 1, 1, 1, 1]",81.65,70.48,98.01,46.83,321815.6
WCC,366.17,10,"[1, 1, 1, 1, 1, 1, 1, 1, 1, 1]",344.37,300.24,374.1,204.76,715021.3
JBS,13.02,6,"[1, 0, 0, 0, 1, 1, 0, 1, 1, 1]",12.48,13.67,17.05,11.6,5613849.3
WSO,318.91,2,"[0, 0, 0, 0, 1, 0, 0, 0, 1, 0]",369.64,373.25,452.97,309.3,552893.25
DOCN,120.86,7,"[0, 1, 1, 1, 1, 1, 1, 0, 1, 0]",143.25,90.43,181.29,29.99,3690408.95
EWBC,133.04,10,"[1, 1, 1, 1, 1, 1, 1, 1, 1, 1]",129.41,115.93,135.31,91.94,725173.6
AA,54.08,5,"[0, 0, 0, 0, 1, 1, 1, 0, 1, 1]",54.68,56.41,83.79,29.16,5527645.75
PR,21.46,10,"[1, 1, 1, 1, 1, 1, 1, 1, 1, 1]",19.65,17.5,22.33,11.76,8667971.1
NVMI,395.95,5,"[0, 0, 0, 1, 1, 1, 1, 0, 1, 0]",475.33,433.32,605.65,237.16,589581.1
RTO,24.56,3,"[0, 0, 0, 0, 1, 1, 0, 0, 1, 0]",28.6,30.04,34.52,23.36,1679112.85
OWL,12.32,6,"[1, 1, 1, 0, 0, 0, 1, 0, 1, 1]",9.75,11.44,18.97,8.04,20445426.1
OVV,63.45,10,"[1, 1, 1, 1, 1, 1, 1, 1, 1, 1]",57.22,49.89,63.56,35.32,3507880.5
TTMI,130.74,7,"[0, 1, 1, 1, 1, 1, 1, 0, 1, 0]",159.72,115.02,221.47,40.06,3098584.5
BEN,33.36,10,"[1, 1, 1, 1, 1, 1, 1, 1, 1, 1]",32.88,27.02,35.77,20.39,4731153.75
IEX,237.31,10,"[1, 1, 1, 1, 1, 1, 1, 1, 1, 1]",223.76,198.9,237.89,156.95,750709.4
LAMR,153.82,8,"[0, 1, 1, 1, 1, 1, 1, 1, 1, 0]",155.94,136.08,164.33,111.68,696488.1
VNOM,42.88,5,"[0, 0, 1, 0, 1, 1, 0, 1, 1, 0]",43.49,42.08,50.23,34.75,1611754.4
GNRC,215.86,6,"[0, 0, 1, 1, 1, 1, 1, 0, 1, 0]",241.98,205.32,295.54,136.37,1225429.6
NDSN,311.36,10,"[1, 1, 1, 1, 1, 1, 1, 1, 1, 1]",293.53,270.17,311.36,210.67,328238.0
SN,187.68,10,"[1, 1, 1, 1, 1, 1, 1, 1, 1, 1]",147.94,119.87,187.68,84.57,1793167.65
H,172.64,7,"[0, 1, 1, 1, 1, 1, 0, 1, 1, 0]",188.98,166.64,202.09,135.06,919367.85
BALL,62.9,10,"[1, 1, 1, 1, 1, 1, 1, 1, 1, 1]",60.53,57.51,67.31,45.92,2001909.4
MLI,68.45,10,"[1, 1, 1, 1, 1, 1, 1, 1, 1, 1]",64.11,60.63,70.23,44.85,1369618.35
LOGI,103.66,6,"[0, 1, 1, 1, 0, 0, 0, 1, 1, 1]",105.42,102.35,126.69,85.84,1244796.75
CLH,311.55,10,"[1, 1, 1, 1, 1, 1, 1, 1, 1, 1]",298.96,273.61,326.34,201.73,495306.1
GMAB,30.85,7,"[1, 1, 1, 0, 0, 0, 1, 1, 1, 1]",27.47,28.99,35.34,21.87,1950642.45
PAA,23.15,9,"[1, 1, 1, 1, 1, 1, 1, 1, 1, 0]",22.72,19.96,24.57,14.64,2610563.55
NBIX,161.94,8,"[0, 1, 1, 1, 1, 1, 1, 1, 1, 0]",168.37,146.74,185.5,123.1,1331260.7
HST,22.29,8,"[0, 1, 1, 1, 1, 1, 1, 1, 1, 0]",23.82,19.62,25.54,14.52,10333369.1
JLL,363.36,9,"[1, 1, 1, 1, 1, 1, 0, 1, 1, 1]",322.22,320.55,373.24,280.16,376148.55
ASND,254.57,9,"[1, 1, 1, 1, 1, 1, 1, 1, 1, 0]",246.12,227.75,277.18,189.74,500787.85
LECO,284.27,9,"[1, 1, 1, 0, 1, 1, 1, 1, 1, 1]",261.59,255.99,297.02,218.56,410497.7
OKTA,150.33,9,"[1, 1, 1, 1, 1, 1, 1, 1, 1, 0]",134.71,96.05,154.62,62.93,2555595.1
HTHT,41.6,6,"[0, 0, 0, 0, 1, 1, 1, 1, 1, 1]",42.6,46.36,54.63,30.75,1488973.2
DTM,134.78,7,"[0, 0, 1, 1, 1, 1, 1, 1, 1, 0]",141.96,130.81,150.74,98.13,890961.6
MOD,198.32,5,"[0, 0, 0, 1, 1, 1, 1, 0, 1, 0]",246.24,206.67,306.89,119.68,1584199.75
RRX,172.55,5,"[0, 0, 0, 1, 1, 1, 1, 0, 1, 0]",210.02,184.72,238.19,127.98,1255584.1
BSAC,35.03,10,"[1, 1, 1, 1, 1, 1, 1, 1, 1, 1]",33.1,31.43,35.7,22.4,284063.6
JAZZ,247.98,10,"[1, 1, 1, 1, 1, 1, 1, 1, 1, 1]",242.01,195.57,261.62,113.33,802412.85
ONTO,319.79,10,"[1, 1, 1, 1, 1, 1, 1, 1, 1, 1]",296.43,226.59,378.45,101.95,1198591.65
OHI,45.57,6,"[0, 0, 1, 1, 1, 1, 0, 1, 1, 0]",47.29,44.72,51.03,37.16,2000333.7
SMMT,15.11,2,"[1, 0, 0, 0, 0, 0, 0, 0, 1, 0]",14.3,16.81,26.98,12.55,3785787.35
RMBS,96.42,4,"[0, 0, 0, 1, 1, 0, 1, 0, 1, 0]",118.15,109.13,170.66,69.68,2758757.4
AUR,6.95,10,"[1, 1, 1, 1, 1, 1, 1, 1, 1, 1]",6.45,5.22,8.4,3.77,24658267.55
NIO,4.62,1,"[0, 0, 0, 0, 0, 0, 0, 0, 1, 0]",4.98,5.44,7.89,4.44,24294390.4
HAS,97.04,9,"[1, 1, 1, 0, 1, 1, 1, 1, 1, 1]",85.46,87.22,104.36,69.25,2460799.8
LTM,53.01,5,"[0, 0, 1, 0, 1, 1, 0, 1, 1, 0]",53.83,52.62,68.29,41.47,717585.8
SUN,73.34,10,"[1, 1, 1, 1, 1, 1, 1, 1, 1, 1]",68.7,60.71,76.36,45.51,535097.05
QXO,15.55,4,"[1, 0, 0, 0, 1, 0, 0, 0, 1, 1]",15.54,19.47,27.07,13.3,20109218.25
AEIS,327.59,10,"[1, 1, 1, 1, 1, 1, 1, 1, 1, 1]",319.66,291.26,388.93,145.09,763593.85
ALLY,43.95,7,"[0, 1, 1, 1, 1, 1, 0, 1, 1, 0]",44.28,41.94,46.92,35.47,3297338.6
PL,23.7,4,"[0, 0, 0, 0, 1, 1, 1, 0, 1, 0]",27.74,26.17,51.4,6.38,7338484.25
EVR,303.06,5,"[0, 0, 0, 1, 1, 1, 0, 1, 1, 0]",339.95,330.02,381.16,266.5,552003.85
SKM,33.67,8,"[0, 1, 1, 1, 1, 1, 1, 0, 1, 1]",34.71,29.48,46.0,19.68,2645491.75
TIGO,95.03,9,"[1, 1, 1, 1, 1, 1, 1, 1, 1, 0]",92.05,70.79,104.31,39.77,1500132.6
SANM,202.75,7,"[0, 1, 1, 1, 1, 1, 1, 0, 1, 0]",224.7,179.41,282.72,109.61,882769.45
IESC,780.0,10,"[1, 1, 1, 1, 1, 1, 1, 1, 1, 1]",685.5,533.19,784.03,321.59,213944.15
BBIO,83.7,9,"[1, 1, 1, 1, 1, 1, 1, 1, 1, 0]",76.19,72.35,90.17,47.29,2076269.2
TOL,152.91,9,"[1, 1, 1, 1, 1, 1, 0, 1, 1, 1]",150.24,143.01,165.52,123.92,804179.7
DINO,85.55,10,"[1, 1, 1, 1, 1, 1, 1, 1, 1, 1]",78.09,61.21,92.44,42.73,3126897.85
NYT,63.73,3,"[0, 0, 0, 0, 1, 1, 0, 0, 1, 0]",72.75,72.55,85.59,54.2,2237251.3
DY,403.18,7,"[0, 0, 1, 1, 1, 1, 1, 1, 1, 0]",441.93,388.28,535.2,245.31,430875.85
RBRK,96.93,8,"[1, 1, 1, 1, 0, 0, 1, 1, 1, 1]",78.08,66.84,98.5,43.81,2694885.85
DVA,178.34,7,"[0, 1, 1, 1, 1, 1, 1, 0, 1, 0]",216.88,159.09,240.96,103.87,1001856.25
GH,165.09,10,"[1, 1, 1, 1, 1, 1, 1, 1, 1, 1]",147.67,110.68,170.77,54.79,2027211.25
PEN,326.28,8,"[1, 0, 1, 0, 1, 1, 1, 1, 1, 1]",319.15,318.19,359.4,225.54,374188.0
BMNR,18.09,4,"[1, 0, 0, 0, 0, 0, 1, 0, 1, 1]",16.26,24.16,63.2,13.31,33360035.1
SWK,104.0,10,"[1, 1, 1, 1, 1, 1, 1, 1, 1, 1]",89.26,78.1,104.0,60.08,2144183.2
ENLT,82.64,8,"[0, 1, 1, 1, 1, 1, 1, 1, 1, 0]",88.63,68.62,107.42,24.35,201843.0
OKLO,47.01,2,"[0, 0, 0, 0, 0, 0, 0, 0, 1, 1]",50.41,71.8,174.14,36.84,9795458.2
BWA,69.68,10,"[1, 1, 1, 1, 1, 1, 1, 1, 1, 1]",67.62,55.47,77.03,39.61,2415416.3
APA,40.62,10,"[1, 1, 1, 1, 1, 1, 1, 1, 1, 1]",35.28,31.47,43.79,19.56,5587047.65
IONS,55.42,3,"[0, 0, 0, 0, 0, 0, 1, 0, 1, 1]",66.54,74.57,86.5,41.41,3112017.8
HL,17.76,6,"[1, 0, 0, 0, 1, 1, 1, 0, 1, 1]",15.57,18.39,31.8,7.43,43042629.5
HII,327.85,5,"[1, 0, 0, 0, 1, 1, 0, 0, 1, 1]",293.18,346.76,451.78,260.99,590430.7
SOLS,61.11,3,"[0, 0, 0, 0, 1, 0, 1, 0, 1, 0]",71.37,66.71,88.6,41.35,3355740.35
FIVE,234.24,9,"[1, 1, 1, 0, 1, 1, 1, 1, 1, 1]",200.62,200.12,247.71,134.36,1047332.15
U,43.87,8,"[1, 1, 1, 1, 0, 0, 1, 1, 1, 1]",30.74,31.52,49.47,17.13,11357815.45
IVZ,31.36,10,"[1, 1, 1, 1, 1, 1, 1, 1, 1, 1]",28.77,26.2,32.01,20.17,5192957.05
NTNX,64.32,8,"[1, 1, 1, 1, 0, 0, 1, 1, 1, 1]",54.08,49.02,81.12,34.41,2513935.8
MEDP,605.5,9,"[1, 1, 1, 1, 0, 1, 1, 1, 1, 1]",525.96,520.05,620.59,393.42,362658.15
EXEL,51.33,8,"[0, 1, 1, 1, 1, 1, 1, 1, 1, 0]",54.1,46.36,57.1,34.54,2679520.8
ALGN,172.96,6,"[0, 0, 1, 0, 1, 1, 1, 1, 1, 0]",174.71,168.14,197.51,124.88,965210.9
WLK,80.84,5,"[1, 0, 0, 0, 1, 0, 1, 0, 1, 1]",78.44,86.69,122.65,55.28,1186406.35
SAIA,356.96,5,"[0, 0, 0, 1, 1, 1, 1, 0, 1, 0]",424.42,378.15,487.14,250.48,541033.2
MP,55.24,4,"[1, 0, 0, 0, 0, 0, 1, 0, 1, 1]",52.66,58.05,98.65,38.1,7133010.05
VIAV,38.4,7,"[0, 1, 1, 1, 1, 1, 1, 0, 1, 0]",43.93,32.81,55.33,10.55,5347531.95
AAOI,134.33,8,"[0, 1, 1, 1, 1, 1, 1, 0, 1, 1]",137.02,93.41,223.1,19.49,11474841.55
PINS,23.75,7,"[1, 1, 1, 1, 0, 0, 1, 0, 1, 1]",22.22,22.59,37.95,15.42,11967934.2
AIZ,281.41,10,"[1, 1, 1, 1, 1, 1, 1, 1, 1, 1]",271.09,238.84,301.57,203.12,387522.3
WBS,78.75,8,"[1, 1, 1, 1, 1, 1, 0, 0, 1, 1]",75.41,68.23,,,4817857.55
ELAN,22.73,6,"[0, 0, 0, 1, 1, 1, 1, 1, 1, 0]",24.61,23.56,26.84,17.35,8042293.95
GLXY,20.13,2,"[0, 0, 0, 1, 0, 0, 0, 0, 1, 0]",26.03,25.93,42.86,16.84,6645437.45
APLD,29.69,5,"[0, 0, 0, 1, 1, 0, 1, 0, 1, 1]",35.06,32.47,49.65,13.89,20588563.2
MDGL,535.27,8,"[1, 1, 1, 1, 0, 1, 1, 1, 1, 0]",515.65,509.93,602.83,359.0,391003.9
VICR,210.88,6,"[0, 0, 1, 1, 1, 1, 1, 0, 1, 0]",271.73,192.08,379.78,46.49,861061.15
COKE,181.71,9,"[0, 1, 1, 1, 1, 1, 1, 1, 1, 1]",183.22,174.34,216.33,111.2,482327.45
LFUS,453.87,10,"[1, 1, 1, 1, 1, 1, 1, 1, 1, 1]",442.11,354.59,489.1,234.04,374166.2
FORM,121.07,9,"[0, 1, 1, 1, 1, 1, 1, 1, 1, 1]",121.73,96.45,159.93,27.85,1411878.3
AAON,85.78,3,"[0, 0, 0, 1, 1, 0, 0, 0, 1, 0]",115.0,100.21,148.15,73.35,1259855.4
TFII,141.92,8,"[0, 1, 1, 1, 1, 1, 1, 1, 1, 0]",147.88,120.76,162.83,80.09,360009.6
AIT,352.35,10,"[1, 1, 1, 1, 1, 1, 1, 1, 1, 1]",333.15,288.52,359.9,239.8,255881.95
SMTC,131.18,8,"[0, 1, 1, 1, 1, 1, 1, 1, 1, 0]",142.47,101.53,174.73,48.47,2108800.9
WULF,16.75,5,"[0, 0, 0, 1, 1, 1, 1, 0, 1, 0]",22.21,17.67,28.98,5.24,33052298.2
POWL,208.38,6,"[0, 0, 1, 1, 1, 1, 1, 0, 1, 0]",253.8,194.02,321.94,82.04,836141.55
TIMB,18.04,2,"[0, 0, 0, 0, 1, 0, 0, 0, 1, 0]",21.03,22.93,27.75,18.04,541048.25
AXSM,215.77,8,"[0, 1, 1, 1, 1, 1, 1, 1, 1, 0]",235.78,188.2,255.17,105.23,733644.4
WMS,143.65,5,"[1, 0, 0, 0, 1, 1, 0, 1, 1, 0]",143.51,147.5,174.94,129.5,673243.65
HMY,19.51,7,"[1, 1, 1, 0, 0, 0, 1, 1, 1, 1]",16.09,17.73,25.55,12.37,2794420.2
HUT,88.78,7,"[0, 1, 1, 1, 1, 1, 1, 0, 1, 0]",108.91,71.65,133.02,21.37,4748823.8
IAG,18.16,8,"[1, 1, 1, 0, 1, 1, 1, 0, 1, 1]",15.81,17.13,24.57,7.96,5874795.1
CGNX,62.9,8,"[0, 1, 1, 1, 1, 1, 1, 1, 1, 0]",64.88,51.67,72.42,34.7,2103082.75
KTOS,63.73,4,"[1, 0, 0, 0, 0, 0, 1, 0, 1, 1]",52.61,74.05,130.72,43.88,4042436.4
JEF,55.0,7,"[0, 1, 1, 1, 0, 0, 1, 1, 1, 1]",55.74,53.14,68.8,35.74,1950347.5
AG,18.96,7,"[1, 0, 1, 0, 1, 1, 1, 0, 1, 1]",17.18,18.95,31.98,8.35,10782798.7
EMBJ,71.39,9,"[1, 1, 1, 0, 1, 1, 1, 1, 1, 1]",63.8,64.8,79.6,53.63,1194877.75
ESI,37.65,8,"[0, 1, 1, 1, 1, 1, 1, 1, 1, 0]",40.93,34.19,49.09,22.82,4878603.55
JOBY,8.42,2,"[0, 0, 0, 0, 0, 0, 0, 0, 1, 1]",8.61,11.1,19.57,6.65,47035834.2
MUSA,544.22,8,"[0, 1, 1, 1, 1, 1, 1, 1, 1, 0]",575.94,476.31,622.78,355.19,296572.65
BTSG,57.89,8,"[0, 1, 1, 1, 1, 1, 1, 1, 1, 0]",66.2,47.71,72.91,21.72,4965211.95
GSAT,83.56,10,"[1, 1, 1, 1, 1, 1, 1, 1, 1, 1]",80.87,69.46,84.43,24.92,1104282.6
GMED,85.15,8,"[1, 0, 1, 0, 1, 1, 1, 1, 1, 1]",79.57,84.73,96.82,55.1,1600093.9
BEP,34.23,10,"[1, 1, 1, 1, 1, 1, 1, 1, 1, 1]",33.93,31.21,37.09,23.77,1110931.55
KNX,68.53,8,"[0, 1, 1, 1, 1, 1, 1, 1, 1, 0]",75.02,60.82,82.45,38.58,4100161.65
ALSN,124.99,9,"[1, 1, 1, 0, 1, 1, 1, 1, 1, 1]",117.38,110.36,135.66,78.62,881968.05
SNAP,5.51,5,"[1, 1, 0, 0, 0, 0, 1, 0, 1, 1]",4.95,6.08,9.09,3.93,40647841.55
ARWR,89.24,10,"[1, 1, 1, 1, 1, 1, 1, 1, 1, 1]",80.2,66.94,89.59,17.8,2070345.45
WTFC,162.1,10,"[1, 1, 1, 1, 1, 1, 1, 1, 1, 1]",158.21,145.41,166.33,118.51,716907.6
AES,14.7,9,"[1, 1, 1, 1, 1, 1, 0, 1, 1, 1]",14.57,14.19,16.87,11.92,7102334.15
SPXC,216.79,6,"[0, 0, 1, 1, 1, 1, 0, 1, 1, 0]",223.71,215.04,246.41,180.71,562525.25
VFS,3.13,4,"[1, 0, 0, 0, 1, 0, 0, 0, 1, 1]",3.13,3.42,4.76,2.81,395551.0
AHR,52.69,9,"[1, 1, 1, 1, 1, 1, 1, 1, 1, 0]",52.22,49.51,57.72,39.53,2613430.4
DAR,62.36,10,"[1, 1, 1, 1, 1, 1, 1, 1, 1, 1]",58.85,50.66,64.84,29.91,2200487.3
FCFS,208.37,8,"[0, 1, 1, 1, 1, 1, 1, 1, 1, 0]",214.84,190.64,232.57,135.6,475895.6
UMBF,147.54,10,"[1, 1, 1, 1, 1, 1, 1, 1, 1, 1]",140.46,123.97,148.33,102.87,633849.05
ARW,206.47,8,"[0, 1, 1, 1, 1, 1, 1, 1, 1, 0]",215.29,160.8,234.83,101.87,583813.65
MOG-A,416.98,10,"[1, 1, 1, 1, 1, 1, 1, 1, 1, 1]",401.57,311.36,425.85,189.86,305944.5
HBM,27.67,10,"[1, 1, 1, 1, 1, 1, 1, 1, 1, 1]",24.63,22.41,31.86,9.84,4855882.05
MGM,44.13,8,"[0, 1, 1, 1, 1, 1, 1, 1, 1, 0]",46.7,38.64,50.69,30.72,2556851.8
VMI,493.37,8,"[0, 1, 1, 1, 1, 1, 1, 1, 1, 0]",529.72,460.58,582.78,361.39,228362.35
ABVX,126.81,8,"[1, 1, 1, 0, 1, 1, 1, 1, 1, 0]",118.67,118.02,145.31,68.96,966901.55
CTRE,38.68,6,"[0, 0, 1, 1, 1, 1, 0, 1, 1, 0]",39.98,38.04,43.4,31.72,2147442.2
MOH,194.54,8,"[0, 1, 1, 1, 1, 1, 1, 1, 1, 0]",208.64,172.69,242.88,122.65,1478395.5
BPOP,174.84,10,"[1, 1, 1, 1, 1, 1, 1, 1, 1, 1]",166.39,139.74,177.52,107.38,464133.2
SNEX,65.97,7,"[0, 1, 1, 1, 1, 1, 1, 0, 1, 0]",78.66,59.39,92.67,37.2,1105967.8
CYTK,76.45,8,"[0, 1, 1, 1, 1, 1, 1, 1, 1, 0]",78.69,68.6,87.26,34.31,1834140.3
VSAT,84.52,10,"[1, 1, 1, 1, 1, 1, 1, 1, 1, 1]",72.74,53.86,89.81,25.77,2215233.15
ICLR,165.58,7,"[1, 1, 1, 1, 0, 0, 1, 1, 1, 0]",160.61,147.33,202.92,80.08,855587.0
AGX,578.51,7,"[0, 1, 1, 1, 1, 1, 1, 0, 1, 0]",645.65,497.21,797.9,202.87,320070.3
CAMT,164.41,9,"[1, 1, 1, 0, 1, 1, 1, 1, 1, 1]",158.72,148.98,207.46,76.73,562580.6
SBSW,10.61,5,"[1, 0, 0, 0, 1, 0, 1, 0, 1, 1]",9.3,12.4,20.52,7.06,4955220.9
ELPC,10.85,6,"[0, 0, 0, 1, 1, 1, 1, 1, 1, 0]",11.56,10.96,13.39,7.88,420359.2
TTC,98.81,10,"[1, 1, 1, 1, 1, 1, 1, 1, 1, 1]",93.71,88.42,100.89,67.07,533559.8
R,258.59,8,"[0, 1, 1, 1, 1, 1, 1, 1, 1, 0]",266.13,217.67,280.34,158.04,356285.4
CAVA,60.81,4,"[0, 0, 0, 0, 1, 1, 1, 0, 1, 0]",72.66,70.7,97.39,43.59,3545376.6
PRAX,370.68,9,"[1, 1, 1, 0, 1, 1, 1, 1, 1, 1]",306.72,291.38,370.68,37.71,398886.65
ZION,71.0,10,"[1, 1, 1, 1, 1, 1, 1, 1, 1, 1]",68.5,60.34,73.31,45.85,1682884.15
SIRI,28.51,8,"[0, 1, 1, 1, 1, 1, 1, 1, 1, 0]",29.16,23.93,32.3,19.3,4108749.45
RIOT,20.24,8,"[0, 1, 1, 1, 1, 1, 1, 0, 1, 1]",23.63,18.53,28.69,11.33,21997270.0
FLS,80.86,9,"[1, 1, 1, 0, 1, 1, 1, 1, 1, 1]",74.29,74.39,91.49,48.65,1949154.55
ALGM,42.52,7,"[0, 1, 1, 1, 1, 1, 1, 0, 1, 0]",50.58,38.5,69.62,22.8,2293656.35
GDS,32.63,4,"[1, 0, 0, 0, 1, 0, 0, 0, 1, 1]",32.41,37.85,47.52,29.02,1608276.4
KRYS,327.05,8,"[0, 1, 1, 1, 1, 1, 1, 1, 1, 0]",340.09,276.66,378.15,137.46,619758.05
EGO,39.09,9,"[1, 1, 1, 0, 1, 1, 1, 1, 1, 1]",31.84,34.39,49.52,21.95,2569871.25
GGB,4.69,10,"[1, 1, 1, 1, 1, 1, 1, 1, 1, 1]",4.6,4.09,5.14,2.85,14928001.4
MXL,69.02,7,"[0, 1, 1, 1, 1, 1, 1, 0, 1, 0]",83.33,42.76,128.03,13.05,4013226.8
IBRX,7.6,7,"[0, 1, 1, 1, 1, 1, 1, 0, 1, 0]",7.62,6.09,11.55,1.98,9095330.05
AAL,15.29,7,"[0, 1, 1, 1, 0, 1, 1, 1, 1, 0]",15.67,13.86,18.15,10.18,90221424.75
DDS,646.04,8,"[1, 1, 1, 0, 0, 1, 1, 1, 1, 1]",574.2,599.79,699.51,457.77,130850.1
FRO,38.14,9,"[1, 1, 1, 1, 1, 1, 1, 1, 1, 0]",37.54,30.51,42.88,17.17,1791083.5
CRUS,121.99,4,"[0, 0, 0, 1, 1, 1, 0, 0, 1, 0]",147.33,140.99,178.9,108.64,770042.65
BVN,34.8,9,"[1, 1, 1, 0, 1, 1, 1, 1, 1, 1]",31.52,31.47,42.44,17.68,871455.75
W,103.2,9,"[1, 1, 1, 1, 0, 1, 1, 1, 1, 1]",87.78,88.13,119.05,57.4,4012955.3
LUMN,6.38,3,"[0, 0, 0, 0, 0, 0, 1, 0, 1, 1]",7.38,8.05,11.83,3.95,13303626.85
LLYVK,104.26,10,"[1, 1, 1, 1, 1, 1, 1, 1, 1, 1]",101.49,92.86,108.0,77.33,311179.6
LLYVA,100.53,10,"[1, 1, 1, 1, 1, 1, 1, 1, 1, 1]",97.9,90.19,104.11,74.85,141358.6
LEVI,22.74,7,"[0, 1, 1, 1, 1, 1, 0, 1, 1, 0]",23.94,21.6,25.53,17.69,2129048.25
COLB,31.71,9,"[1, 1, 1, 1, 1, 1, 1, 1, 1, 0]",31.34,28.8,33.61,23.18,3026224.95
OSK,155.78,9,"[1, 1, 1, 0, 1, 1, 1, 1, 1, 1]",143.8,142.56,177.15,117.67,967545.35
MTCH,36.8,7,"[0, 1, 1, 1, 1, 1, 0, 1, 1, 0]",37.25,33.66,41.24,28.57,3109063.8
FR,62.98,8,"[0, 1, 1, 1, 1, 1, 1, 1, 1, 0]",63.8,59.66,68.86,46.71,1130605.8
CRL,282.0,10,"[1, 1, 1, 1, 1, 1, 1, 1, 1, 1]",217.71,190.03,282.0,145.57,920312.65
FROG,86.1,9,"[1, 1, 1, 1, 1, 1, 1, 1, 1, 0]",85.09,62.09,98.1,34.75,2334382.45
ZWS,51.82,9,"[1, 1, 1, 1, 1, 1, 0, 1, 1, 1]",48.99,48.02,53.18,43.6,1044048.05
SIMO,224.0,7,"[0, 1, 1, 1, 1, 1, 1, 0, 1, 0]",282.56,169.66,336.22,72.66,1251312.9
ENS,186.21,7,"[0, 0, 1, 1, 1, 1, 1, 1, 1, 0]",209.22,180.37,243.06,96.94,410385.15
PRMB,23.61,8,"[0, 1, 1, 1, 1, 1, 1, 1, 1, 0]",23.92,20.25,25.39,14.21,3886335.45
EMN,74.77,9,"[1, 1, 1, 0, 1, 1, 1, 1, 1, 1]",70.48,68.39,79.49,54.37,1262184.55
CIFR,17.21,5,"[0, 0, 0, 1, 1, 1, 1, 0, 1, 0]",22.64,18.64,29.18,4.72,32741248.6
QBTS,20.23,4,"[0, 0, 0, 1, 0, 0, 1, 0, 1, 1]",21.6,22.56,44.78,12.98,19150526.0
ECG,134.48,8,"[0, 1, 1, 1, 1, 1, 1, 1, 1, 0]",142.16,118.15,169.16,74.17,592813.35
FIGR,27.84,1,"[0, 0, 0, 0, 0, 0, 0, 0, 1, 0]",29.26,37.2,73.91,24.91,2946653.35
ICL,5.34,4,"[1, 0, 0, 0, 0, 0, 0, 1, 1, 1]",5.27,5.42,6.76,4.72,1151844.45
TKR,128.54,8,"[0, 1, 1, 1, 1, 1, 1, 1, 1, 0]",137.15,106.53,145.32,70.03,967338.2
SSL,11.51,10,"[1, 1, 1, 1, 1, 1, 1, 1, 1, 1]",11.37,9.73,14.29,5.33,1078405.75
KRMN,61.94,5,"[1, 0, 0, 0, 1, 0, 1, 0, 1, 1]",50.2,73.93,115.29,44.84,4266564.95
BOKF,144.03,10,"[1, 1, 1, 1, 1, 1, 1, 1, 1, 1]",137.49,126.97,144.69,102.17,272091.4
NXE,10.56,7,"[1, 0, 0, 0, 1, 1, 1, 1, 1, 1]",9.84,10.65,13.92,6.46,4735836.2
NE,44.48,9,"[1, 1, 1, 0, 1, 1, 1, 1, 1, 1]",41.97,39.83,53.79,25.2,1672383.25
AMG,359.07,7,"[1, 1, 1, 1, 1, 1, 0, 0, 1, 0]",353.29,304.3,,,265372.2
IDA,140.15,6,"[0, 0, 1, 1, 1, 1, 0, 1, 1, 0]",144.62,136.97,153.61,120.49,467260.3
VIRT,55.08,8,"[0, 1, 1, 1, 1, 1, 1, 1, 1, 0]",58.55,44.85,66.82,31.82,1089519.5
MSGS,393.47,10,"[1, 1, 1, 1, 1, 1, 1, 1, 1, 1]",388.07,312.6,405.05,192.65,166155.8
ROAD,120.79,7,"[1, 1, 1, 0, 1, 0, 0, 1, 1, 1]",109.75,114.83,140.48,93.51,1417085.65
CMC,72.04,9,"[1, 1, 1, 0, 1, 1, 1, 1, 1, 1]",69.89,68.57,82.67,54.7,1105639.25
JXN,129.16,10,"[1, 1, 1, 1, 1, 1, 1, 1, 1, 1]",115.12,107.93,134.56,88.37,597683.9
ESE,295.41,8,"[0, 1, 1, 1, 1, 1, 1, 1, 1, 0]",322.46,271.06,354.82,184.98,190993.3
GKOS,182.0,10,"[1, 1, 1, 1, 1, 1, 1, 1, 1, 1]",145.97,120.48,182.0,74.67,889573.45
CWEN,34.5,5,"[0, 0, 0, 0, 1, 1, 0, 1, 1, 1]",35.02,35.77,41.26,26.9,1189832.9
CIG,1.97,4,"[0, 0, 0, 0, 1, 1, 0, 1, 1, 0]",2.1,2.11,2.62,1.78,4588227.9
MBLY,8.87,3,"[0, 0, 0, 1, 0, 0, 1, 0, 1, 0]",9.01,9.62,15.54,6.56,7595450.0
KNTK,51.11,10,"[1, 1, 1, 1, 1, 1, 1, 1, 1, 1]",47.94,42.23,51.27,30.05,1067019.05
CHRD,139.23,10,"[1, 1, 1, 1, 1, 1, 1, 1, 1, 1]",128.86,114.82,148.35,82.2,801883.9
MIDD,119.99,7,"[0, 0, 1, 1, 1, 1, 1, 1, 1, 0]",132.97,119.39,144.17,89.85,513761.95
PCVX,59.22,9,"[1, 1, 1, 0, 1, 1, 1, 1, 1, 1]",54.01,52.55,63.04,30.0,976941.55
KEX,132.65,7,"[0, 0, 1, 1, 1, 1, 1, 1, 1, 0]",139.47,128.94,152.59,79.95,623667.95
HALO,102.62,10,"[1, 1, 1, 1, 1, 1, 1, 1, 1, 1]",77.62,70.74,103.12,61.63,2208391.85
YOU,48.28,7,"[0, 0, 1, 1, 1, 1, 1, 1, 1, 0]",54.06,45.14,62.18,29.2,1447624.25
ORA,114.46,5,"[0, 0, 0, 0, 1, 0, 1, 1, 1, 1]",116.15,115.48,145.1,87.97,907036.1
VLY,14.77,10,"[1, 1, 1, 1, 1, 1, 1, 1, 1, 1]",14.41,12.7,15.19,9.33,7198089.05
VFC,14.78,3,"[0, 0, 0, 0, 1, 1, 0, 0, 1, 0]",16.51,17.53,21.44,11.95,8896660.35
WFRD,94.43,8,"[1, 0, 1, 0, 1, 1, 1, 1, 1, 1]",88.92,89.99,111.07,54.64,1306808.95
CORZ,19.76,5,"[0, 0, 0, 1, 1, 1, 1, 0, 1, 0]",24.36,19.79,29.16,13.55,13592909.6
TEX,67.73,8,"[1, 1, 1, 1, 1, 1, 0, 0, 1, 1]",65.97,59.57,,,1421426.95
SOBO,36.3,8,"[0, 1, 1, 1, 1, 1, 1, 1, 1, 0]",36.46,31.4,38.67,24.54,501988.55
FAF,71.69,9,"[1, 1, 1, 1, 1, 1, 0, 1, 1, 1]",70.11,65.18,79.16,56.38,766845.85
IDCC,338.07,7,"[1, 1, 1, 0, 0, 0, 1, 1, 1, 1]",279.51,320.45,393.78,250.11,261105.95
OR,33.69,4,"[1, 0, 0, 0, 1, 0, 0, 0, 1, 1]",31.7,36.38,47.56,28.05,1005336.1
HXL,100.51,9,"[1, 1, 1, 1, 1, 1, 1, 1, 1, 0]",99.55,85.98,110.09,60.24,1141259.6
OGC,28.74,6,"[1, 0, 0, 0, 1, 1, 1, 0, 1, 1]",25.44,29.55,42.39,16.18,488297.35
SLAB,218.94,10,"[1, 1, 1, 1, 1, 1, 1, 1, 1, 1]",218.28,185.98,220.34,116.08,268517.9
RIG,5.81,8,"[1, 0, 1, 0, 1, 1, 1, 1, 1, 1]",5.4,5.39,7.58,2.8,43039118.3
PLXS,270.32,9,"[0, 1, 1, 1, 1, 1, 1, 1, 1, 1]",272.77,212.01,303.82,128.72,328770.2
GGAL,44.53,5,"[0, 0, 0, 1, 0, 1, 1, 1, 1, 0]",50.51,48.18,58.69,25.36,856582.7
SSRM,31.97,9,"[1, 1, 1, 0, 1, 1, 1, 1, 1, 1]",28.23,26.82,35.74,16.08,3301145.9
LTH,43.81,10,"[1, 1, 1, 1, 1, 1, 1, 1, 1, 1]",39.77,30.73,45.7,24.59,3103154.2
KYMR,109.62,9,"[1, 1, 1, 1, 1, 1, 1, 1, 1, 0]",101.6,83.8,119.35,39.87,636821.6
SM,32.51,10,"[1, 1, 1, 1, 1, 1, 1, 1, 1, 1]",29.96,25.02,34.57,17.3,3575675.05
LEA,121.93,5,"[0, 0, 0, 1, 1, 1, 0, 1, 1, 0]",137.48,124.36,148.68,94.98,751717.7
HR,19.15,7,"[0, 1, 1, 1, 1, 1, 0, 1, 1, 0]",20.52,18.38,21.87,15.7,3961733.45
RHP,122.07,8,"[0, 1, 1, 1, 1, 1, 1, 1, 1, 0]",125.28,102.92,135.99,82.97,733726.7
NOV,21.02,10,"[1, 1, 1, 1, 1, 1, 1, 1, 1, 1]",19.61,18.26,21.36,11.86,3662955.9
DBX,34.08,9,"[1, 1, 1, 1, 0, 1, 1, 1, 1, 1]",29.36,27.21,35.0,22.06,4264755.9
TFPM,31.98,5,"[1, 0, 0, 0, 1, 0, 0, 1, 1, 1]",29.34,32.75,41.23,24.79,502015.6
AUGO,76.06,8,"[1, 1, 1, 0, 1, 1, 1, 0, 1, 1]",60.87,63.37,108.01,25.8,838594.6
MTDR,52.62,9,"[1, 1, 1, 0, 1, 1, 1, 1, 1, 1]",51.16,49.46,64.51,36.03,2181044.95
MYRG,329.94,6,"[0, 0, 1, 1, 1, 1, 1, 0, 1, 0]",413.08,315.35,501.13,173.81,315803.85
AVT,95.96,10,"[1, 1, 1, 1, 1, 1, 1, 1, 1, 1]",88.7,67.54,97.4,43.64,1217940.9
LGN,64.97,6,"[0, 0, 1, 1, 1, 1, 1, 0, 1, 0]",75.23,60.63,102.27,29.72,1389141.05
BRKR,57.02,8,"[0, 1, 1, 1, 1, 1, 1, 1, 1, 0]",58.37,46.31,64.34,29.21,2493183.7
SGHC,12.97,8,"[0, 1, 1, 1, 1, 1, 1, 1, 1, 0]",13.94,11.86,15.59,8.45,2486451.15
STEP,49.51,3,"[1, 0, 0, 0, 0, 0, 0, 0, 1, 1]",43.94,53.43,74.4,39.54,1513650.8
UGP,5.96,10,"[1, 1, 1, 1, 1, 1, 1, 1, 1, 1]",5.58,5.02,6.56,3.15,3651920.6
VAL,86.8,9,"[1, 1, 1, 0, 1, 1, 1, 1, 1, 1]",80.42,77.04,113.42,44.25,960057.55
BLSH,24.52,1,"[0, 0, 0, 0, 0, 0, 0, 0, 1, 0]",24.88,35.61,74.63,21.79,1357143.1
TGTX,49.9,8,"[0, 1, 1, 1, 1, 1, 1, 1, 1, 0]",51.32,37.17,59.06,26.94,2322283.85
MIRM,98.23,7,"[0, 0, 1, 1, 1, 1, 1, 1, 1, 0]",109.62,93.49,128.57,64.1,722969.35
ST,46.23,9,"[0, 1, 1, 1, 1, 1, 1, 1, 1, 1]",47.52,39.09,53.55,28.36,1726431.75
NPO,336.49,9,"[0, 1, 1, 1, 1, 1, 1, 1, 1, 1]",336.81,272.62,387.65,201.81,226225.9
PAYC,212.23,8,"[1, 1, 1, 1, 0, 0, 1, 1, 1, 1]",147.64,144.31,231.71,113.28,992179.95
SYRE,102.74,10,"[1, 1, 1, 1, 1, 1, 1, 1, 1, 1]",91.83,55.2,105.33,14.82,896361.25
SWX,91.51,8,"[1, 1, 1, 1, 1, 1, 0, 1, 1, 0]",89.96,85.63,93.37,74.73,470954.6
COMP,12.69,10,"[1, 1, 1, 1, 1, 1, 1, 1, 1, 1]",10.85,9.85,13.58,6.68,12182959.85
AROC,32.99,7,"[0, 0, 1, 1, 1, 1, 1, 1, 1, 0]",36.41,32.02,41.68,22.6,1776760.55
AXTI,73.78,9,"[1, 1, 1, 1, 1, 1, 1, 0, 1, 1]",70.98,49.15,140.83,2.05,11868259.3
RSI,25.15,7,"[0, 1, 1, 1, 1, 1, 1, 0, 1, 0]",29.66,22.82,34.52,15.89,3085813.5
RYTM,112.85,9,"[1, 1, 1, 1, 0, 1, 1, 1, 1, 1]",102.85,99.08,117.62,75.82,714772.7
HIMS,30.51,5,"[0, 1, 1, 1, 0, 0, 1, 0, 1, 0]",31.66,29.56,62.76,14.52,15279879.9
PTGX,148.29,10,"[1, 1, 1, 1, 1, 1, 1, 1, 1, 1]",125.38,99.62,150.0,54.53,540339.8
ACA,144.91,9,"[1, 1, 1, 1, 1, 1, 1, 1, 1, 0]",139.92,119.06,145.33,88.99,747450.65
FNB,19.11,10,"[1, 1, 1, 1, 1, 1, 1, 1, 1, 1]",18.69,17.35,19.49,14.33,5889918.0
FLY,26.36,4,"[0, 0, 0, 0, 1, 0, 1, 0, 1, 1]",27.09,27.46,58.81,16.78,3432585.2
CELC,88.11,4,"[0, 0, 0, 0, 1, 1, 1, 0, 1, 0]",94.24,104.88,144.98,45.22,1593838.95
ENIC,4.47,10,"[1, 1, 1, 1, 1, 1, 1, 1, 1, 1]",4.41,4.1,4.66,3.19,519443.0
INGM,27.63,8,"[0, 1, 1, 1, 1, 1, 1, 1, 1, 0]",28.77,24.6,31.64,18.82,964152.9
LUNR,16.48,5,"[0, 0, 0, 0, 1, 1, 1, 0, 1, 1]",19.74,19.23,45.7,8.05,9394611.05
RGTI,18.09,3,"[0, 0, 0, 0, 0, 0, 1, 0, 1, 1]",18.21,20.94,56.34,12.9,21759483.6
CLF,12.41,8,"[1, 1, 1, 1, 0, 0, 1, 1, 1, 1]",11.41,11.41,16.18,7.82,26274409.05
CE,44.84,3,"[0, 0, 0, 0, 1, 1, 0, 0, 1, 0]",47.96,50.16,69.19,35.47,2151926.75
APGE,134.69,10,"[1, 1, 1, 1, 1, 1, 1, 1, 1, 1]",120.28,85.72,134.84,36.02,1166323.55
LSTR,177.74,8,"[0, 1, 1, 1, 1, 1, 1, 1, 1, 0]",204.05,166.1,225.37,118.1,556414.05
GVA,125.37,7,"[0, 0, 1, 1, 1, 1, 0, 1, 1, 1]",134.82,124.31,160.26,98.2,1067579.2
VIST,66.13,9,"[0, 1, 1, 1, 1, 1, 1, 1, 1, 1]",67.48,60.73,79.25,33.7,901261.55
KGS,61.1,8,"[0, 1, 1, 1, 1, 1, 1, 1, 1, 0]",65.87,53.22,76.27,32.02,1731061.3
URBN,79.43,9,"[1, 1, 1, 1, 0, 1, 1, 1, 1, 1]",73.36,70.75,82.7,59.57,979557.35
PTCT,73.7,7,"[0, 1, 1, 1, 0, 1, 1, 1, 1, 0]",77.26,73.26,89.55,45.27,1290425.6
ETSY,79.48,9,"[1, 1, 1, 1, 1, 1, 1, 1, 1, 0]",77.61,62.31,86.47,44.05,3144361.5
LNTH,100.68,8,"[0, 1, 1, 1, 1, 1, 1, 1, 1, 0]",103.84,80.11,110.94,50.11,1822084.15
VNO,38.8,8,"[1, 1, 1, 1, 0, 1, 1, 1, 1, 0]",38.58,33.14,42.04,24.71,1758667.45
REZI,24.24,4,"[1, 0, 0, 0, 0, 0, 1, 1, 1, 0]",23.11,24.42,30.97,18.64,2218097.65
OUT,29.92,8,"[0, 1, 1, 1, 1, 1, 1, 1, 1, 0]",31.96,27.15,33.81,16.53,1800230.7
FLG,14.19,8,"[0, 1, 1, 1, 1, 1, 1, 1, 1, 0]",14.56,13.37,15.36,10.7,4623359.65
EAT,221.38,10,"[1, 1, 1, 1, 1, 1, 1, 1, 1, 1]",179.67,152.54,227.54,102.29,1115221.35
GXO,46.67,2,"[0, 0, 0, 0, 1, 0, 0, 0, 1, 0]",50.48,53.44,65.59,45.52,1725295.4
COGT,38.7,10,"[1, 1, 1, 1, 1, 1, 1, 1, 1, 1]",37.53,35.62,42.84,11.55,1913367.2
IBP,249.57,4,"[1, 0, 0, 0, 1, 0, 0, 0, 1, 1]",221.76,261.14,340.78,195.28,397588.25
VSNT,36.76,6,"[0, 1, 0, 1, 0, 0, 1, 1, 1, 1]",37.33,36.76,46.48,26.86,1852327.15
ABCB,88.23,7,"[0, 1, 1, 1, 1, 1, 0, 1, 1, 0]",88.37,81.19,93.17,68.39,472547.3
TFX,133.54,10,"[1, 1, 1, 1, 1, 1, 1, 1, 1, 1]",131.8,121.06,140.12,99.79,552488.9
IMVT,40.93,10,"[1, 1, 1, 1, 1, 1, 1, 1, 1, 1]",37.36,28.81,41.09,14.69,950790.75
CGON,77.03,10,"[1, 1, 1, 1, 1, 1, 1, 1, 1, 1]",67.56,57.89,77.03,24.95,880292.9
USAR,18.91,4,"[0, 0, 0, 0, 1, 0, 1, 0, 1, 1]",19.6,19.22,38.68,11.9,11813598.35
ALKS,49.21,8,"[0, 1, 1, 1, 1, 1, 1, 1, 1, 0]",49.26,36.13,55.22,26.52,1735955.6
CENX,52.29,8,"[1, 0, 1, 0, 1, 1, 1, 1, 1, 1]",49.84,48.06,68.77,21.69,2030150.5
MSM,120.06,8,"[0, 1, 1, 1, 1, 1, 1, 1, 1, 0]",120.19,97.44,127.28,78.9,645554.2
SRRK,52.07,9,"[1, 1, 1, 1, 1, 1, 1, 1, 1, 0]",50.1,45.41,57.94,27.92,1038220.15
BLCO,16.87,8,"[1, 1, 1, 0, 1, 1, 0, 1, 1, 1]",16.05,16.39,18.6,13.77,437732.65
PIPR,75.71,3,"[0, 0, 0, 0, 0, 0, 0, 1, 1, 1]",76.23,80.45,92.51,69.79,575155.25
BKH,73.26,7,"[0, 1, 1, 1, 1, 1, 0, 1, 1, 0]",73.38,71.34,76.1,56.69,765313.55
KMX,58.18,10,"[1, 1, 1, 1, 1, 1, 1, 1, 1, 1]",53.56,44.23,62.17,30.88,2567029.2
MAC,24.53,8,"[0, 1, 1, 1, 1, 1, 1, 1, 1, 0]",24.81,20.45,26.51,15.8,3801011.85
CZR,29.74,8,"[0, 1, 1, 1, 1, 1, 1, 1, 1, 0]",29.76,25.65,30.41,18.14,3387876.75
PRIM,82.16,2,"[0, 0, 0, 0, 1, 0, 0, 0, 1, 0]",94.25,128.54,202.75,74.76,1429969.8
GLNG,50.84,9,"[1, 1, 1, 1, 1, 1, 1, 1, 1, 0]",50.16,45.93,57.07,34.97,1267405.65
OSCR,27.97,8,"[0, 1, 1, 1, 1, 1, 1, 1, 1, 0]",28.85,19.21,32.18,10.85,5345755.9
S,22.46,9,"[1, 1, 1, 1, 0, 1, 1, 1, 1, 1]",17.71,15.64,22.46,11.94,6537248.25
CORT,111.86,9,"[1, 1, 1, 1, 0, 1, 1, 1, 1, 1]",90.43,63.02,118.32,32.15,1350462.65
RUSHA,81.59,10,"[1, 1, 1, 1, 1, 1, 1, 1, 1, 1]",49.89,43.81,81.59,30.84,749459.0
HWC,78.22,10,"[1, 1, 1, 1, 1, 1, 1, 1, 1, 1]",74.22,66.74,79.16,53.34,914483.35
CACC,572.21,8,"[0, 1, 1, 1, 1, 1, 1, 1, 1, 0]",592.43,506.37,657.2,411.04,129075.7
ZGN,14.15,10,"[1, 1, 1, 1, 1, 1, 1, 1, 1, 1]",14.05,11.57,15.25,7.84,1090196.85
MATX,204.41,9,"[1, 1, 1, 1, 1, 1, 1, 1, 1, 0]",201.69,160.33,223.14,87.23,331194.8
MCY,105.76,9,"[1, 1, 1, 1, 1, 1, 1, 1, 1, 0]",105.44,94.21,111.12,72.13,297864.7
ALM,13.29,4,"[0, 0, 0, 0, 1, 1, 1, 0, 1, 0]",15.53,14.03,23.42,4.06,6799325.55
BGC,10.16,6,"[0, 0, 1, 1, 1, 1, 0, 1, 1, 0]",11.22,10.03,12.65,8.26,2402722.65
AUB,42.15,10,"[1, 1, 1, 1, 1, 1, 1, 1, 1, 1]",40.76,36.92,43.01,30.43,1081485.55
GTX,29.12,8,"[0, 1, 1, 1, 1, 1, 1, 1, 1, 0]",32.24,22.84,36.23,12.35,2217165.95
MRCY,109.15,10,"[1, 1, 1, 1, 1, 1, 1, 1, 1, 1]",108.6,88.88,126.21,64.22,602618.85
VSEC,241.82,10,"[1, 1, 1, 1, 1, 1, 1, 1, 1, 1]",204.97,193.57,241.82,154.64,438820.75
TEO,13.5,8,"[0, 1, 1, 1, 1, 1, 1, 1, 1, 0]",13.64,12.26,15.98,6.52,228301.65
LBRT,21.48,4,"[0, 0, 0, 0, 1, 1, 1, 0, 1, 0]",24.44,24.39,33.83,9.91,6002712.4
XENE,63.22,9,"[1, 1, 1, 1, 1, 1, 1, 1, 1, 0]",60.51,50.89,70.96,35.66,693581.2
SNDR,34.89,8,"[0, 1, 1, 1, 1, 1, 1, 1, 1, 0]",36.53,29.45,38.66,20.04,999986.2
KLIC,91.02,7,"[0, 1, 1, 1, 1, 1, 1, 0, 1, 0]",107.18,74.54,133.81,34.96,1050475.5
SEI,58.79,5,"[0, 0, 0, 1, 1, 1, 1, 0, 1, 0]",66.91,58.89,82.88,24.67,3553773.1
GOLF,90.37,5,"[0, 0, 0, 1, 1, 1, 0, 1, 1, 0]",104.21,93.36,118.53,73.29,351404.85
BEPC,34.79,3,"[0, 0, 0, 0, 0, 0, 0, 1, 1, 1]",35.69,38.67,43.52,31.72,2044828.05
VCTR,113.65,10,"[1, 1, 1, 1, 1, 1, 1, 1, 1, 1]",92.76,74.9,113.65,59.52,576279.5
BC,81.41,10,"[1, 1, 1, 1, 1, 1, 1, 1, 1, 1]",81.11,77.16,88.28,57.76,740017.8
MUR,35.72,8,"[0, 0, 1, 1, 1, 1, 1, 1, 1, 1]",36.24,34.37,42.37,21.48,1683536.2
MGY,26.01,4,"[0, 0, 1, 0, 1, 1, 0, 0, 1, 0]",26.01,25.77,,,7340436.6
CRSP,54.07,5,"[1, 1, 1, 0, 0, 0, 0, 0, 1, 1]",52.24,53.42,76.78,44.34,1550363.9
PACS,44.95,9,"[1, 1, 1, 1, 1, 1, 1, 1, 1, 0]",41.99,34.93,48.45,7.71,964877.85
HASI,41.08,10,"[1, 1, 1, 1, 1, 1, 1, 1, 1, 1]",38.41,35.86,42.83,24.97,901105.1
ATAT,34.02,4,"[1, 0, 0, 0, 0, 0, 0, 1, 1, 1]",33.11,36.5,42.21,31.03,789612.2
CRC,54.13,5,"[0, 0, 0, 0, 1, 1, 0, 1, 1, 1]",54.2,54.63,69.66,42.98,812657.55
LEGN,21.83,3,"[0, 0, 0, 1, 0, 0, 1, 0, 1, 0]",26.76,24.09,37.71,16.65,2958799.15
PRM,34.53,10,"[1, 1, 1, 1, 1, 1, 1, 1, 1, 1]",34.13,28.74,37.78,18.1,1765307.95
IFS,57.18,9,"[1, 1, 1, 1, 1, 1, 1, 1, 1, 0]",56.71,47.2,60.68,36.83,231401.85
CROX,131.71,10,"[1, 1, 1, 1, 1, 1, 1, 1, 1, 1]",128.31,99.36,141.19,73.39,1055190.3
CAR,140.66,3,"[0, 0, 0, 0, 1, 0, 1, 0, 1, 0]",163.38,157.76,713.97,87.69,526126.55
M,24.52,10,"[1, 1, 1, 1, 1, 1, 1, 1, 1, 1]",23.95,21.02,26.21,12.27,4587851.45
AVAL,5.26,10,"[1, 1, 1, 1, 1, 1, 1, 1, 1, 1]",5.09,4.45,5.72,2.95,146743.8
KNF,68.15,3,"[0, 0, 0, 0, 1, 1, 0, 0, 1, 0]",78.99,78.41,94.57,59.93,754176.7
DIOD,103.15,10,"[1, 1, 1, 1, 1, 1, 1, 1, 1, 1]",99.26,75.91,122.76,42.36,499212.45
SON,57.8,10,"[1, 1, 1, 1, 1, 1, 1, 1, 1, 1]",53.69,48.77,60.0,37.64,1203812.3
WSC,22.89,7,"[0, 0, 1, 1, 1, 1, 1, 1, 1, 0]",26.61,22.1,29.07,14.84,2558278.0
RELY,23.61,10,"[1, 1, 1, 1, 1, 1, 1, 1, 1, 1]",22.28,17.7,25.93,12.2,3236675.8
SXT,131.9,10,"[1, 1, 1, 1, 1, 1, 1, 1, 1, 1]",119.12,102.52,131.9,82.4,564649.95
ALH,26.31,9,"[1, 1, 1, 1, 1, 0, 1, 1, 1, 1]",25.98,23.86,28.01,19.06,550303.65
ACLS,135.36,7,"[0, 1, 1, 1, 1, 1, 1, 0, 1, 0]",151.18,112.89,191.6,74.12,441891.25
LB,83.91,10,"[1, 1, 1, 1, 1, 1, 1, 1, 1, 1]",73.12,65.95,85.14,44.06,305189.85
STVN,21.05,8,"[1, 1, 1, 1, 0, 0, 1, 1, 1, 1]",18.86,18.54,27.51,13.38,385160.6
BMA,80.4,6,"[0, 0, 0, 1, 1, 1, 1, 1, 1, 0]",91.16,82.83,101.13,37.79,262857.05
GBTG,9.44,9,"[1, 1, 1, 1, 0, 1, 1, 1, 1, 1]",9.39,7.62,9.51,4.97,1440331.3
TDS,33.33,2,"[0, 0, 0, 0, 1, 0, 0, 0, 1, 0]",36.35,40.76,47.5,32.98,1162606.75
NOVT,167.71,10,"[1, 1, 1, 1, 1, 1, 1, 1, 1, 1]",154.37,134.76,168.59,99.22,449889.75
MARA,9.68,3,"[0, 0, 0, 1, 0, 0, 1, 0, 1, 0]",12.67,11.45,22.84,6.73,47182434.6
ACHR,6.79,6,"[1, 1, 1, 0, 0, 0, 1, 0, 1, 1]",5.23,6.77,13.64,4.44,41418844.6
PSMT,172.86,8,"[0, 1, 1, 1, 1, 1, 1, 1, 1, 0]",185.4,152.6,197.9,106.78,268835.15
SYNA,106.92,7,"[0, 1, 1, 1, 1, 1, 1, 0, 1, 0]",122.65,93.4,147.57,58.52,714343.0
OPEN,3.58,2,"[0, 0, 0, 0, 0, 0, 1, 0, 1, 0]",4.38,5.46,10.52,2.42,60248466.2
PBF,69.35,10,"[1, 1, 1, 1, 1, 1, 1, 1, 1, 1]",52.61,40.72,73.1,21.21,3457362.6
INDV,38.43,8,"[0, 1, 1, 1, 1, 1, 1, 1, 1, 0]",39.25,34.94,41.83,22.51,2352789.45
ENPH,42.3,6,"[0, 0, 1, 1, 1, 1, 1, 0, 1, 0]",46.62,40.16,72.33,26.12,4769561.75
KC,11.75,5,"[1, 0, 0, 0, 1, 0, 1, 0, 1, 1]",10.61,12.62,18.21,8.58,1513949.45
MIAX,42.32,5,"[1, 0, 0, 0, 0, 1, 1, 0, 1, 1]",41.73,43.58,56.84,30.74,1259405.35
TGS,28.04,5,"[0, 0, 0, 0, 1, 1, 1, 1, 1, 0]",30.38,30.63,35.32,20.12,190076.25
DNTH,108.49,10,"[1, 1, 1, 1, 1, 1, 1, 1, 1, 1]",95.58,69.24,112.64,19.9,848748.7
SPHR,162.37,10,"[1, 1, 1, 1, 1, 1, 1, 1, 1, 1]",150.08,116.1,173.03,38.76,722945.0
MDU,20.5,5,"[0, 0, 0, 0, 1, 1, 1, 1, 1, 0]",20.88,20.6,22.65,15.53,1487334.25
EBC,23.13,10,"[1, 1, 1, 1, 1, 1, 1, 1, 1, 1]",21.91,19.88,23.55,15.32,2848750.2
HRB,46.67,8,"[1, 1, 1, 1, 0, 0, 1, 1, 1, 1]",40.07,37.82,50.82,27.66,2092313.85
NAVN,28.93,7,"[1, 1, 0, 1, 0, 0, 1, 1, 1, 1]",24.34,28.93,29.08,8.51,2921143.0
AIR,145.45,10,"[1, 1, 1, 1, 1, 1, 1, 1, 1, 1]",133.56,109.33,149.43,71.73,458918.95
VSH,33.29,7,"[0, 1, 1, 1, 1, 1, 1, 0, 1, 0]",47.31,27.29,64.9,11.65,5538521.85
PI,174.14,7,"[1, 1, 1, 1, 0, 0, 1, 0, 1, 1]",141.0,143.74,241.91,91.34,490609.15
MEOH,54.27,9,"[1, 1, 1, 0, 1, 1, 1, 1, 1, 1]",53.63,49.94,65.5,32.14,900800.85
NTSK,15.39,7,"[1, 1, 1, 1, 0, 0, 1, 0, 1, 1]",11.62,13.7,25.79,7.73,4599714.3
QS,6.34,1,"[0, 0, 0, 0, 0, 0, 0, 0, 1, 0]",6.7,8.9,18.44,4.89,25699011.3
CVLT,139.43,6,"[1, 1, 1, 1, 0, 0, 1, 0, 1, 0]",135.0,113.56,195.41,75.18,714781.7
CSTM,29.91,9,"[0, 1, 1, 1, 1, 1, 1, 1, 1, 1]",31.16,25.57,36.15,13.73,1693699.1
LAUR,36.68,8,"[0, 1, 1, 1, 1, 1, 1, 1, 1, 0]",36.98,33.92,40.46,25.8,1076206.9
PAM,79.81,5,"[0, 0, 0, 1, 0, 1, 1, 1, 1, 0]",84.09,84.14,92.27,56.55,171406.15
PAGP,25.11,10,"[1, 1, 1, 1, 1, 1, 1, 1, 1, 1]",24.58,21.47,26.33,15.63,1484983.2
CVSA,126.48,8,"[1, 1, 1, 1, 1, 0, 1, 1, 1, 0]",124.81,112.91,154.45,89.36,383280.1
ATMU,49.46,4,"[0, 0, 0, 0, 1, 1, 0, 1, 1, 0]",50.86,54.26,65.5,42.08,653059.8
FTDR,83.57,10,"[1, 1, 1, 1, 1, 1, 1, 1, 1, 1]",73.34,62.65,90.83,49.1,534033.8
MMYT,61.41,7,"[1, 1, 1, 1, 0, 0, 1, 0, 1, 1]",52.47,58.91,103.21,36.3,840518.9
INSW,89.06,10,"[1, 1, 1, 1, 1, 1, 1, 1, 1, 1]",85.39,66.02,96.18,36.79,509692.1
HCC,97.79,9,"[1, 1, 1, 0, 1, 1, 1, 1, 1, 1]",87.02,86.1,110.18,54.95,693951.3
NAMS,27.62,1,"[0, 0, 0, 0, 0, 0, 0, 0, 1, 0]",31.19,33.52,41.45,23.95,1134139.55
KNSA,77.8,10,"[1, 1, 1, 1, 1, 1, 1, 1, 1, 1]",62.19,49.29,80.92,32.78,703113.35
SHC,19.11,9,"[1, 1, 1, 1, 0, 1, 1, 1, 1, 1]",17.22,16.56,19.35,13.13,3102990.75
TBBB,41.44,10,"[1, 1, 1, 1, 1, 1, 1, 1, 1, 1]",40.98,35.93,42.85,24.12,476613.5
HRI,171.03,9,"[1, 1, 1, 1, 0, 1, 1, 1, 1, 1]",149.02,138.58,179.36,90.58,546548.35
NWE,70.65,8,"[0, 1, 1, 1, 1, 1, 1, 1, 1, 0]",70.72,67.58,73.42,52.73,358066.05
FLNC,13.11,2,"[0, 0, 0, 0, 0, 0, 1, 0, 1, 0]",18.27,18.77,32.23,6.75,8404007.7
LGND,288.75,9,"[1, 1, 1, 1, 1, 1, 1, 1, 1, 0]",285.77,224.18,322.61,151.08,280851.75
IPGP,85.8,3,"[0, 0, 0, 0, 1, 1, 0, 0, 1, 0]",103.58,102.04,153.91,71.6,408881.4
CBT,86.98,8,"[0, 1, 1, 1, 1, 1, 1, 1, 1, 0]",87.85,75.29,93.4,57.64,477406.45
GTLB,42.11,8,"[1, 1, 1, 1, 0, 0, 1, 1, 1, 1]",31.92,31.84,51.04,19.42,4143445.5
BCO,113.91,7,"[1, 1, 1, 0, 0, 1, 0, 1, 1, 1]",107.17,112.33,134.96,91.97,605676.7
HAFN,7.32,8,"[0, 1, 1, 1, 1, 1, 1, 1, 1, 0]",7.36,6.7,9.11,4.74,1033675.6
WIX,66.71,4,"[1, 0, 0, 0, 0, 0, 1, 0, 1, 1]",51.57,80.14,184.24,40.43,1567517.8
AZZ,153.13,10,"[1, 1, 1, 1, 1, 1, 1, 1, 1, 1]",148.29,128.75,159.9,97.18,267239.3
ONDS,9.74,6,"[1, 0, 1, 0, 1, 0, 1, 0, 1, 1]",8.6,9.34,14.01,3.52,106658606.95
UNF,291.48,10,"[1, 1, 1, 1, 1, 1, 1, 1, 1, 1]",277.18,233.15,301.19,149.3,150254.6
IRDM,49.38,10,"[1, 1, 1, 1, 1, 1, 1, 1, 1, 1]",47.89,31.16,55.72,15.57,1392697.1
STNG,74.19,8,"[0, 1, 1, 1, 1, 1, 1, 1, 1, 0]",76.7,69.15,86.1,44.0,715669.35
TCBI,100.35,8,"[0, 1, 1, 1, 1, 1, 1, 1, 1, 0]",101.38,96.88,107.74,76.93,494258.7
TPC,97.53,10,"[1, 1, 1, 1, 1, 1, 1, 1, 1, 1]",80.36,76.19,99.11,55.85,1137936.2
ENVA,257.12,10,"[1, 1, 1, 1, 1, 1, 1, 1, 1, 1]",221.59,166.63,263.02,104.01,359724.2
PLUG,2.22,3,"[0, 0, 0, 0, 1, 0, 1, 0, 1, 0]",2.54,2.51,4.14,1.41,57345568.95
HNGE,89.01,9,"[1, 1, 1, 1, 1, 1, 1, 1, 1, 0]",76.8,52.95,91.57,31.17,1830655.8
WHD,72.04,10,"[1, 1, 1, 1, 1, 1, 1, 1, 1, 1]",56.91,51.91,72.04,33.12,868277.2
PTEN,11.06,10,"[1, 1, 1, 1, 1, 1, 1, 1, 1, 1]",10.22,8.85,12.74,5.0,9345768.8
SMR,9.89,4,"[1, 0, 0, 0, 0, 0, 1, 0, 1, 1]",9.65,15.22,53.43,7.59,30473146.85
CMBT,16.3,10,"[1, 1, 1, 1, 1, 1, 1, 1, 1, 1]",15.26,12.46,16.55,7.49,796860.7
CNO,54.63,10,"[1, 1, 1, 1, 1, 1, 1, 1, 1, 1]",51.97,44.56,55.68,37.01,652576.85
BETA,24.59,5,"[1, 1, 0, 0, 0, 0, 1, 0, 1, 1]",18.1,24.59,36.8,13.59,1466388.95
CNR,93.73,8,"[1, 1, 1, 0, 1, 0, 1, 1, 1, 1]",85.38,88.41,113.11,69.02,569263.95
BLLN,97.94,4,"[0, 1, 0, 1, 0, 0, 1, 0, 1, 0]",115.93,97.94,149.97,64.03,837714.65
ZETA,29.15,10,"[1, 1, 1, 1, 1, 1, 1, 1, 1, 1]",21.68,19.1,29.15,14.55,9448969.0
NVTS,13.6,7,"[0, 0, 1, 1, 1, 1, 1, 0, 1, 1]",16.87,12.75,31.79,5.54,15066290.3
FHI,63.0,10,"[1, 1, 1, 1, 1, 1, 1, 1, 1, 1]",58.44,54.29,64.57,46.07,535009.95
COLD,14.48,8,"[0, 1, 1, 1, 1, 1, 1, 1, 1, 0]",14.88,12.79,16.25,9.61,4061008.9
LMND,52.87,2,"[0, 0, 0, 0, 0, 1, 0, 0, 1, 0]",60.15,65.62,96.57,47.38,1618844.55
AMRX,17.1,10,"[1, 1, 1, 1, 1, 1, 1, 1, 1, 1]",16.82,13.77,19.1,9.02,1835635.6
LPL,3.43,1,"[0, 0, 0, 0, 0, 0, 0, 0, 1, 0]",3.89,4.27,5.76,2.79,3092365.05
TREX,49.74,9,"[1, 1, 1, 1, 1, 0, 1, 1, 1, 1]",45.54,40.56,65.83,30.13,2400591.8
DOO,65.24,4,"[1, 0, 0, 0, 0, 0, 0, 1, 1, 1]",60.8,66.07,81.22,50.79,208736.75
MTRN,280.8,10,"[1, 1, 1, 1, 1, 1, 1, 1, 1, 1]",250.86,174.6,297.39,108.32,403956.35
XMTR,91.43,9,"[1, 1, 1, 1, 1, 1, 1, 1, 1, 0]",90.48,65.76,104.85,36.1,873154.75
NP,31.27,8,"[1, 1, 1, 1, 1, 0, 1, 1, 1, 0]",30.02,26.35,35.11,17.14,751660.35
LASR,49.21,5,"[0, 0, 0, 1, 1, 1, 1, 0, 1, 0]",67.14,56.09,84.95,25.96,1309692.0
CAAP,24.69,5,"[0, 0, 0, 0, 1, 1, 1, 1, 1, 0]",25.69,25.65,30.35,17.49,177408.1
TNL,73.82,9,"[0, 1, 1, 1, 1, 1, 1, 1, 1, 1]",74.56,69.94,78.45,56.68,895139.75
PVH,84.86,10,"[1, 1, 1, 1, 1, 1, 1, 1, 1, 1]",80.93,76.76,98.77,60.85,861393.6
LBTYA,10.19,3,"[0, 0, 0, 0, 1, 0, 0, 1, 1, 0]",11.02,11.43,13.03,9.69,2686258.5
CRGY,12.42,9,"[1, 1, 1, 0, 1, 1, 1, 1, 1, 1]",10.82,10.53,13.79,7.6,6081889.2
COCO,64.46,8,"[0, 1, 1, 1, 1, 1, 1, 1, 1, 0]",72.56,59.22,84.02,32.37,1186019.55
POWI,63.27,7,"[0, 1, 1, 1, 1, 1, 1, 0, 1, 0]",72.91,54.67,87.35,30.52,701106.15
LEU,189.19,3,"[1, 0, 0, 0, 0, 0, 0, 0, 1, 1]",171.31,223.07,436.0,146.61,702402.25
ANDG,48.47,7,"[1, 1, 0, 1, 0, 0, 1, 1, 1, 1]",41.26,48.47,49.75,18.34,348279.45
KTB,74.96,8,"[0, 1, 1, 1, 1, 1, 1, 1, 1, 0]",80.67,71.23,88.17,56.63,650455.15
MRX,59.93,8,"[0, 1, 1, 1, 1, 1, 1, 1, 1, 0]",62.69,46.7,70.29,27.92,657413.85
ARIS,17.34,8,"[1, 0, 1, 0, 1, 1, 1, 1, 1, 1]",15.35,16.6,22.68,6.74,1600174.75
DLO,14.11,8,"[1, 1, 1, 1, 0, 1, 1, 1, 1, 0]",13.68,13.22,15.57,10.79,1652443.6
GFF,106.75,10,"[1, 1, 1, 1, 1, 1, 1, 1, 1, 1]",92.46,82.77,107.22,66.26,329080.5
TDW,91.2,9,"[1, 1, 1, 0, 1, 1, 1, 1, 1, 1]",73.79,69.68,91.2,47.29,650864.0
OPLN,36.5,8,"[0, 1, 1, 1, 1, 1, 1, 1, 1, 0]",39.14,31.88,42.9,24.49,920918.45
KAI,338.33,9,"[1, 1, 1, 0, 1, 1, 1, 1, 1, 1]",308.11,306.6,354.72,246.63,125290.0
BBWI,18.88,2,"[0, 0, 0, 1, 0, 0, 0, 0, 1, 0]",20.2,20.2,30.86,14.56,4828173.3
TVTX,60.21,10,"[1, 1, 1, 1, 1, 1, 1, 1, 1, 1]",55.06,39.5,62.76,17.23,1672086.2
CRNX,84.36,10,"[1, 1, 1, 1, 1, 1, 1, 1, 1, 1]",60.72,47.47,84.36,28.48,2933141.45
LIVN,78.58,8,"[0, 1, 1, 1, 1, 1, 1, 1, 1, 0]",79.5,67.34,85.32,49.57,684956.1
NVST,28.52,10,"[1, 1, 1, 1, 1, 1, 1, 1, 1, 1]",26.1,24.62,30.26,18.95,3058107.7
ACMR,79.92,7,"[0, 1, 1, 1, 1, 1, 1, 0, 1, 0]",91.12,59.56,126.89,24.93,1058615.55
UCTT,86.07,7,"[0, 1, 1, 1, 1, 1, 1, 0, 1, 0]",99.1,62.75,142.59,21.65,1442040.0
HGV,43.02,5,"[0, 0, 0, 1, 1, 1, 0, 1, 1, 0]",49.99,45.85,54.69,36.99,1202088.5
PII,70.09,9,"[1, 1, 1, 1, 0, 1, 1, 1, 1, 1]",69.55,64.24,74.7,47.42,857106.9
SKE,33.32,9,"[1, 1, 1, 0, 1, 1, 1, 1, 1, 1]",27.79,27.55,38.12,14.78,586676.5
EE,35.36,7,"[0, 0, 1, 1, 1, 1, 1, 1, 1, 0]",36.69,33.58,42.7,22.84,322961.3
ORKA,104.68,10,"[1, 1, 1, 1, 1, 1, 1, 1, 1, 1]",83.63,51.55,105.14,13.95,859675.95
RNG,63.45,10,"[1, 1, 1, 1, 1, 1, 1, 1, 1, 1]",44.48,36.14,64.1,24.69,2635758.25
CATY,63.7,10,"[1, 1, 1, 1, 1, 1, 1, 1, 1, 1]",61.43,53.2,64.35,44.23,500663.7
ACAD,29.41,9,"[1, 1, 1, 1, 0, 1, 1, 1, 1, 1]",24.61,23.89,29.41,20.06,1756601.0
DAN,30.4,8,"[1, 0, 1, 0, 1, 1, 1, 1, 1, 1]",28.92,29.06,38.62,17.84,1318511.4
EWTX,44.31,10,"[1, 1, 1, 1, 1, 1, 1, 1, 1, 1]",39.7,30.71,48.35,13.39,1186711.6
TAC,12.48,2,"[0, 0, 0, 1, 0, 0, 0, 0, 1, 0]",13.41,13.45,17.66,11.78,1522325.55
SOUN,7.41,4,"[1, 0, 0, 0, 0, 0, 1, 0, 1, 1]",6.82,9.09,21.4,5.7,39838860.3
JOE,68.4,9,"[1, 1, 1, 0, 1, 1, 1, 1, 1, 1]",63.42,63.66,72.44,46.54,217367.4
HP,42.56,9,"[1, 1, 1, 0, 1, 1, 1, 1, 1, 1]",35.32,33.37,42.56,16.95,1195909.95
INDB,84.8,10,"[1, 1, 1, 1, 1, 1, 1, 1, 1, 1]",83.05,77.07,87.17,62.86,396270.1
FG,26.81,5,"[0, 0, 0, 1, 0, 1, 1, 1, 1, 0]",28.51,27.91,34.32,20.28,617606.65
BB,8.98,7,"[0, 1, 1, 1, 1, 1, 1, 0, 1, 0]",9.64,5.67,12.81,3.15,15878693.6
PPTA,25.43,5,"[1, 0, 0, 0, 1, 0, 1, 0, 1, 1]",21.27,26.39,37.22,16.35,1260574.85
LRN,79.09,3,"[0, 0, 0, 1, 1, 0, 0, 0, 1, 0]",88.52,83.22,169.81,61.02,1205603.7
BULL,7.57,7,"[1, 1, 1, 1, 0, 0, 1, 0, 1, 1]",7.01,7.29,16.0,4.63,8633238.15
BELFB,290.1,10,"[1, 1, 1, 1, 1, 1, 1, 1, 1, 1]",281.94,225.65,332.96,127.62,280578.75
WSFS,81.11,10,"[1, 1, 1, 1, 1, 1, 1, 1, 1, 1]",77.01,65.89,82.09,49.8,441910.1
LQDA,88.05,10,"[1, 1, 1, 1, 1, 1, 1, 1, 1, 1]",77.04,47.23,91.03,21.8,1315964.55
ALHC,13.2,3,"[0, 0, 0, 0, 1, 1, 0, 0, 1, 0]",19.13,19.2,24.56,13.2,5644754.35
AAUC,22.19,4,"[0, 0, 0, 0, 1, 1, 1, 0, 1, 0]",22.91,25.76,32.01,11.91,1070763.35
CGAU,21.68,9,"[1, 1, 1, 0, 1, 1, 1, 1, 1, 1]",16.75,16.35,21.68,6.97,1574761.6
OII,50.76,10,"[1, 1, 1, 1, 1, 1, 1, 1, 1, 1]",42.39,33.98,52.73,22.12,1159446.0
VKTX,33.8,7,"[0, 1, 1, 1, 0, 1, 1, 1, 1, 0]",34.34,33.8,42.13,23.09,1894604.75
CLSK,11.52,3,"[0, 0, 0, 1, 0, 0, 1, 0, 1, 0]",14.75,12.88,23.2,8.18,23297123.35
SII,122.6,7,"[1, 0, 1, 0, 1, 1, 1, 0, 1, 1]",113.71,118.4,165.88,62.19,183741.3
VECO,50.15,7,"[0, 1, 1, 1, 1, 1, 1, 0, 1, 0]",60.38,42.23,83.04,23.59,982276.9
RUM,6.92,7,"[1, 1, 1, 1, 0, 0, 1, 0, 1, 1]",6.63,6.42,9.75,4.67,2356553.85
WRBY,25.04,7,"[0, 0, 1, 1, 1, 1, 1, 1, 1, 0]",26.56,24.24,30.34,16.49,2889070.3
TLX,12.0,9,"[1, 1, 1, 1, 0, 1, 1, 1, 1, 1]",10.48,9.31,12.54,6.41,107433.35
RXO,21.48,7,"[0, 1, 1, 1, 1, 1, 1, 0, 1, 0]",25.9,18.3,29.3,10.48,2217153.9
BTE,4.4,10,"[1, 1, 1, 1, 1, 1, 1, 1, 1, 1]",4.28,3.85,5.3,1.96,17252403.65
LION,11.87,7,"[0, 1, 1, 1, 1, 1, 1, 0, 1, 0]",13.94,10.55,16.4,5.91,2783147.35
TWST,123.12,10,"[1, 1, 1, 1, 1, 1, 1, 1, 1, 1]",90.51,55.43,124.88,24.16,1560616.1
FIBK,38.02,7,"[1, 1, 1, 1, 1, 1, 0, 0, 1, 0]",37.3,34.54,,,1333684.05
BFH,108.01,10,"[1, 1, 1, 1, 1, 1, 1, 1, 1, 1]",101.96,81.59,112.45,53.59,588029.45
BHF,58.8,6,"[0, 0, 0, 1, 1, 1, 1, 1, 1, 0]",63.34,62.44,66.61,43.36,732721.25
SLG,55.75,8,"[1, 1, 1, 1, 0, 0, 1, 1, 1, 1]",50.97,44.54,62.85,34.32,1087413.95
HYMC,27.53,6,"[1, 0, 0, 0, 1, 1, 1, 0, 1, 1]",23.59,28.35,55.74,3.5,1613606.75
OGN,13.65,10,"[1, 1, 1, 1, 1, 1, 1, 1, 1, 1]",13.49,9.68,13.65,5.69,2459724.35
SIG,94.72,7,"[1, 1, 1, 1, 0, 0, 0, 1, 1, 1]",88.64,89.59,105.18,73.65,680194.6
GNW,9.79,9,"[1, 1, 1, 1, 1, 1, 0, 1, 1, 1]",9.41,8.85,10.13,7.94,2932187.4
HWKN,129.66,2,"[0, 0, 0, 0, 1, 0, 0, 0, 1, 0]",145.26,146.57,183.81,119.87,172284.8
CTRI,24.4,3,"[0, 0, 0, 0, 1, 1, 0, 0, 1, 0]",27.95,28.21,41.8,19.37,2293305.0
RUN,10.03,1,"[0, 0, 0, 0, 0, 0, 0, 0, 1, 0]",12.14,15.43,21.41,9.38,9876093.25
ASO,49.56,5,"[1, 0, 0, 0, 1, 0, 0, 1, 1, 1]",48.81,52.24,60.83,41.39,1103550.45
HSAI,18.95,4,"[1, 0, 0, 0, 1, 0, 0, 0, 1, 1]",17.08,21.46,29.8,14.6,1498728.05
ATS,20.39,2,"[0, 0, 0, 0, 1, 0, 0, 0, 1, 0]",27.04,28.97,35.38,19.73,234821.95
CC,14.8,4,"[0, 0, 0, 0, 1, 1, 1, 0, 1, 0]",19.01,17.8,27.84,10.39,2868826.6
BKU,47.0,8,"[0, 1, 1, 1, 1, 1, 1, 1, 1, 0]",47.55,45.38,50.23,34.64,998839.6
TRMD,28.63,8,"[0, 1, 1, 1, 1, 1, 1, 1, 1, 0]",28.94,25.75,34.08,17.07,432556.15
SUNC,74.47,7,"[1, 1, 0, 1, 0, 0, 1, 1, 1, 1]",69.07,74.47,75.39,45.83,463435.15
MANU,22.06,9,"[0, 1, 1, 1, 1, 1, 1, 1, 1, 1]",22.39,18.42,23.53,15.1,228315.95
AAP,52.95,7,"[0, 0, 1, 1, 1, 1, 1, 1, 1, 0]",57.26,52.2,62.91,38.18,1429428.15
AVNT,45.47,10,"[1, 1, 1, 1, 1, 1, 1, 1, 1, 1]",37.15,35.01,45.69,26.82,841890.7
CVI,34.05,8,"[1, 1, 1, 1, 0, 0, 1, 1, 1, 1]",31.6,30.33,39.76,20.59,1006583.6
SA,32.03,9,"[1, 1, 1, 0, 1, 1, 1, 1, 1, 1]",27.69,29.32,39.35,16.19,580198.95
AMBA,82.89,8,"[1, 1, 1, 1, 0, 0, 1, 1, 1, 1]",72.53,70.49,95.51,48.65,2055382.5
APLE,15.57,8,"[0, 1, 1, 1, 1, 1, 1, 1, 1, 0]",16.27,13.0,16.99,10.58,3198520.0
CHEF,109.31,10,"[1, 1, 1, 1, 1, 1, 1, 1, 1, 1]",95.95,72.88,115.35,54.6,691144.35
BEAM,26.85,5,"[0, 0, 0, 1, 1, 1, 1, 0, 1, 0]",30.32,28.09,37.92,16.01,1860860.55
CWK,13.75,4,"[1, 0, 0, 0, 0, 0, 0, 1, 1, 1]",13.36,14.31,17.2,11.8,2096088.85
TNGX,26.34,8,"[0, 1, 1, 1, 1, 1, 1, 1, 1, 0]",28.4,18.12,32.9,6.36,2286404.4
EFXT,20.82,6,"[0, 0, 1, 1, 1, 1, 1, 0, 1, 0]",23.56,20.19,28.36,9.36,610171.95
DAVE,310.0,7,"[0, 1, 1, 1, 1, 1, 1, 0, 1, 0]",354.87,249.26,442.53,155.92,482763.55
FSM,10.83,9,"[1, 1, 1, 0, 1, 1, 1, 1, 1, 1]",8.85,9.75,13.66,6.93,5742289.6
VRNS,42.11,6,"[1, 1, 1, 1, 0, 0, 1, 0, 1, 0]",40.48,32.35,63.31,20.19,1952191.1
NATL,46.86,10,"[1, 1, 1, 1, 1, 1, 1, 1, 1, 1]",45.32,42.0,48.13,34.13,641833.55
ADEA,27.72,8,"[0, 1, 1, 1, 1, 1, 1, 1, 1, 0]",29.18,22.69,33.57,11.64,1251296.55
BTDR,8.69,2,"[0, 0, 0, 1, 0, 0, 0, 0, 1, 0]",14.23,12.8,25.9,7.28,11882733.15
BATRK,50.96,9,"[1, 1, 1, 1, 1, 1, 1, 1, 1, 0]",50.89,44.73,52.87,38.04,503734.95
SEZL,128.27,7,"[0, 1, 1, 1, 1, 1, 1, 0, 1, 0]",155.16,92.92,188.55,50.97,854455.1
BBAR,16.46,6,"[0, 0, 0, 1, 1, 1, 1, 1, 1, 0]",19.16,16.73,21.73,7.82,470787.3
PARR,75.47,10,"[1, 1, 1, 1, 1, 1, 1, 1, 1, 1]",65.52,52.65,86.03,28.14,1117779.15
VCYT,46.41,8,"[0, 1, 1, 1, 1, 1, 1, 1, 1, 0]",53.41,42.27,60.49,28.61,1326346.15
COLM,56.32,5,"[0, 0, 0, 1, 1, 1, 0, 1, 1, 0]",63.03,58.23,67.79,48.18,710725.1
FFBC,34.0,9,"[1, 1, 1, 1, 1, 1, 1, 1, 1, 0]",33.27,28.63,36.18,22.64,1160386.7
FSLY,28.78,10,"[1, 1, 1, 1, 1, 1, 1, 1, 1, 1]",20.05,17.32,33.5,6.85,6709668.4
ZIM,24.53,8,"[0, 0, 1, 1, 1, 1, 1, 1, 1, 1]",25.09,23.15,28.55,12.03,1168149.45
RCUS,28.74,10,"[1, 1, 1, 1, 1, 1, 1, 1, 1, 1]",27.41,23.68,31.08,9.67,1117773.55
CALY,16.86,8,"[0, 1, 1, 1, 1, 1, 1, 1, 1, 0]",17.81,14.44,19.66,8.39,2036071.85
BOH,79.43,8,"[0, 1, 1, 1, 1, 1, 1, 1, 1, 0]",80.51,74.0,85.85,58.13,464748.05
UNFI,47.27,8,"[0, 1, 1, 1, 1, 1, 1, 1, 1, 0]",49.31,42.65,55.52,26.42,469562.15
SXI,327.53,10,"[1, 1, 1, 1, 1, 1, 1, 1, 1, 1]",311.03,264.13,357.31,195.75,144656.4
PLAB,32.99,6,"[1, 0, 0, 0, 1, 1, 1, 0, 1, 1]",30.7,34.88,54.96,20.28,874881.85
ERAS,18.31,9,"[1, 1, 1, 1, 1, 1, 1, 1, 1, 0]",16.89,11.46,22.47,1.43,4083681.7
EXTR,23.9,7,"[0, 1, 1, 1, 1, 1, 1, 0, 1, 0]",30.0,20.58,33.71,13.74,1859991.8
YETI,50.79,10,"[1, 1, 1, 1, 1, 1, 1, 1, 1, 1]",49.62,43.75,52.68,32.11,1216946.95
CARG,36.18,7,"[1, 1, 1, 0, 0, 0, 1, 1, 1, 1]",33.0,33.86,39.03,26.96,1051492.5
MPT,4.02,1,"[0, 0, 0, 0, 0, 0, 0, 0, 1, 0]",4.67,4.9,5.8,3.71,6488688.3
DNLI,24.69,10,"[1, 1, 1, 1, 1, 1, 1, 1, 1, 1]",23.55,20.12,27.21,12.75,1526797.9
BKD,12.55,5,"[0, 0, 0, 1, 1, 1, 1, 0, 1, 0]",14.26,13.09,16.77,7.19,5398747.75
CON,33.03,10,"[1, 1, 1, 1, 1, 1, 1, 1, 1, 1]",29.94,23.78,34.1,18.56,908724.9
ETOR,29.33,2,"[0, 0, 0, 1, 0, 0, 0, 0, 1, 0]",38.04,35.61,50.74,24.76,867009.0
LXP,60.66,10,"[1, 1, 1, 1, 1, 1, 1, 1, 1, 1]",56.0,49.92,61.15,38.26,987361.75
MSGE,79.37,10,"[1, 1, 1, 1, 1, 1, 1, 1, 1, 1]",75.77,62.11,80.95,36.33,349966.4
BWLP,21.28,10,"[1, 1, 1, 1, 1, 1, 1, 1, 1, 1]",20.18,16.32,22.56,11.16,294822.95
KYIV,13.1,7,"[0, 1, 1, 1, 0, 1, 1, 1, 1, 0]",14.24,12.94,16.17,9.33,451800.25
BHE,81.32,8,"[0, 1, 1, 1, 1, 1, 1, 1, 1, 0]",85.43,63.56,98.67,35.65,414107.3
CAKE,113.06,10,"[1, 1, 1, 1, 1, 1, 1, 1, 1, 1]",83.14,62.77,113.06,42.72,1942748.65
HG,35.21,10,"[1, 1, 1, 1, 1, 1, 1, 1, 1, 1]",33.56,29.13,37.28,21.51,416267.0
DHT,18.2,10,"[1, 1, 1, 1, 1, 1, 1, 1, 1, 1]",17.8,15.58,19.96,10.09,2657192.05
AEHR,117.18,10,"[1, 1, 1, 1, 1, 1, 1, 1, 1, 1]",92.13,55.79,117.18,17.38,3363115.1
OLN,19.08,2,"[0, 0, 0, 0, 1, 0, 0, 0, 1, 0]",21.91,23.32,29.93,18.01,3331659.25
SBLK,27.67,10,"[1, 1, 1, 1, 1, 1, 1, 1, 1, 1]",26.74,22.94,29.15,16.14,1307913.05
VC,106.19,7,"[0, 1, 1, 1, 1, 0, 0, 1, 1, 1]",108.97,102.03,127.5,84.18,486295.3
TTAM,16.01,5,"[0, 0, 0, 1, 1, 1, 0, 1, 1, 0]",16.96,16.49,19.32,14.13,260116.2
BKV,26.51,7,"[1, 0, 0, 0, 1, 1, 1, 1, 1, 1]",25.52,27.32,32.16,20.24,881378.45
HIMX,14.98,8,"[0, 1, 1, 1, 1, 1, 1, 0, 1, 1]",15.47,11.12,23.77,6.81,1584417.95
BANC,19.49,8,"[0, 1, 1, 1, 1, 1, 1, 1, 1, 0]",20.07,18.87,21.83,14.82,3994619.25
SBCF,35.37,9,"[1, 1, 1, 1, 1, 1, 0, 1, 1, 1]",32.68,31.65,35.38,28.08,1050406.6
KN,38.57,10,"[1, 1, 1, 1, 1, 1, 1, 1, 1, 1]",38.22,29.27,42.8,20.3,988857.0
ALMS,25.37,8,"[0, 1, 1, 1, 1, 1, 1, 1, 1, 0]",25.68,20.75,30.3,3.95,949630.9
SDRL,46.7,9,"[1, 1, 1, 0, 1, 1, 1, 1, 1, 1]",42.37,40.57,54.8,28.4,723550.85
CRVL,61.2,5,"[1, 1, 0, 1, 0, 0, 1, 0, 1, 0]",61.05,61.9,92.64,46.0,181440.85
ITGR,125.04,10,"[1, 1, 1, 1, 1, 1, 1, 1, 1, 1]",98.73,85.7,126.07,63.32,1557960.75
SUPN,46.88,5,"[1, 0, 0, 0, 1, 0, 0, 1, 1, 1]",46.2,48.88,57.0,41.24,1000090.85
XXI,4.5,1,"[0, 0, 0, 0, 0, 0, 0, 0, 1, 0]",5.27,8.46,29.58,4.27,1760140.75
LFST,11.5,10,"[1, 1, 1, 1, 1, 1, 1, 1, 1, 1]",10.01,7.62,11.9,4.66,3841914.75
TDC,26.86,5,"[0, 0, 0, 1, 1, 1, 1, 0, 1, 0]",31.97,29.49,37.88,20.42,3319075.6
NMRK,14.77,3,"[0, 0, 0, 0, 0, 0, 0, 1, 1, 1]",15.13,15.87,19.43,13.78,1417052.65
ERO,36.3,9,"[1, 1, 1, 0, 1, 1, 1, 1, 1, 1]",27.76,27.59,38.03,13.56,1149768.55
JOYY,73.41,10,"[1, 1, 1, 1, 1, 1, 1, 1, 1, 1]",69.36,61.67,74.88,45.78,271648.05
EXK,10.59,9,"[1, 1, 1, 0, 1, 1, 1, 1, 1, 1]",8.36,9.57,14.12,5.31,7433758.05
SHOO,48.29,10,"[1, 1, 1, 1, 1, 1, 1, 1, 1, 1]",43.92,40.04,49.07,25.52,1058779.9
PHIN,74.92,8,"[0, 1, 1, 1, 1, 1, 1, 1, 1, 0]",79.26,69.33,85.16,50.78,356670.6
ARX,12.52,3,"[0, 0, 0, 1, 0, 0, 1, 0, 1, 0]",13.29,13.49,30.05,9.36,2211007.75
KALU,193.39,10,"[1, 1, 1, 1, 1, 1, 1, 1, 1, 1]",174.13,138.78,194.8,72.24,275117.45
DBRG,15.94,10,"[1, 1, 1, 1, 1, 1, 1, 1, 1, 1]",15.78,14.69,15.94,9.15,3155371.8
PAGS,8.89,4,"[0, 0, 0, 0, 1, 1, 0, 1, 1, 0]",9.11,9.72,11.72,8.18,2647652.4
CECO,73.97,7,"[0, 1, 1, 1, 1, 1, 1, 0, 1, 0]",81.99,68.22,99.67,44.61,999611.3
WT,22.0,10,"[1, 1, 1, 1, 1, 1, 1, 1, 1, 1]",19.08,15.87,22.39,10.69,2645303.7
PFS,24.74,10,"[1, 1, 1, 1, 1, 1, 1, 1, 1, 1]",23.61,21.37,25.28,17.28,1058303.15
TRN,28.74,5,"[0, 0, 0, 1, 1, 1, 0, 1, 1, 0]",34.18,30.82,38.07,24.19,792793.8
DYN,26.71,9,"[1, 1, 1, 1, 0, 1, 1, 1, 1, 1]",22.2,19.45,26.71,11.62,2679567.25
GEO,31.75,10,"[1, 1, 1, 1, 1, 1, 1, 1, 1, 1]",29.34,20.17,31.75,13.26,1613502.15
LCII,107.32,6,"[1, 0, 0, 0, 1, 1, 1, 0, 1, 1]",101.06,116.28,154.08,82.3,328391.45
TNK,77.47,8,"[1, 1, 1, 1, 1, 1, 0, 0, 1, 1]",73.05,67.23,,,326173.55
BTU,24.41,5,"[1, 0, 0, 0, 1, 0, 1, 0, 1, 1]",24.32,29.01,39.38,15.87,2493091.95
NTCT,38.6,8,"[0, 1, 1, 1, 1, 1, 1, 1, 1, 0]",41.17,33.04,44.84,22.39,562769.95
DK,63.94,8,"[1, 1, 1, 1, 1, 1, 0, 0, 1, 1]",54.69,41.86,,,1289323.9
PTRN,22.36,8,"[0, 1, 1, 1, 1, 1, 1, 1, 1, 0]",23.61,16.25,29.4,9.59,1921240.2
GRND,16.23,9,"[1, 1, 1, 1, 0, 1, 1, 1, 1, 1]",14.6,13.23,17.94,9.85,1744253.3
TXG,58.48,10,"[1, 1, 1, 1, 1, 1, 1, 1, 1, 1]",40.15,24.71,58.57,11.34,3218512.65
CLMT,46.04,10,"[1, 1, 1, 1, 1, 1, 1, 1, 1, 1]",38.42,28.96,46.04,13.23,1350831.6
AEO,17.36,5,"[1, 0, 0, 0, 0, 1, 1, 0, 1, 1]",17.27,19.55,27.66,11.85,4095465.55
INOD,62.71,6,"[0, 1, 1, 1, 1, 0, 1, 0, 1, 0]",77.98,61.56,121.5,34.45,1408066.85
GPCR,52.13,6,"[1, 0, 0, 0, 1, 1, 1, 0, 1, 1]",47.8,52.77,93.79,18.53,525766.95
IHS,8.31,10,"[1, 1, 1, 1, 1, 1, 1, 1, 1, 1]",8.24,7.86,8.73,6.24,1190118.9
AYA,27.84,10,"[1, 1, 1, 1, 1, 1, 1, 1, 1, 1]",20.09,16.77,27.92,8.33,679452.7
SPNT,22.55,7,"[0, 1, 1, 1, 1, 1, 0, 1, 1, 0]",23.66,21.87,26.31,17.48,692936.45
KMT,30.24,4,"[0, 0, 0, 0, 1, 1, 1, 0, 1, 0]",34.21,33.58,43.04,20.09,1304566.45
STUB,8.19,3,"[0, 0, 0, 1, 0, 0, 1, 0, 1, 0]",10.34,10.91,22.0,6.09,5166298.6
FA,21.17,10,"[1, 1, 1, 1, 1, 1, 1, 1, 1, 1]",19.02,14.58,24.12,8.95,2510405.4
NKTR,75.5,10,"[1, 1, 1, 1, 1, 1, 1, 1, 1, 1]",66.81,63.56,100.35,23.6,677547.15
EOSE,4.24,2,"[0, 0, 0, 0, 0, 0, 1, 0, 1, 0]",5.31,9.44,19.19,3.14,29053426.75
UAA,5.34,4,"[0, 0, 0, 1, 1, 1, 0, 0, 1, 0]",6.38,5.89,8.14,4.17,9046864.5
UA,5.2,5,"[0, 0, 0, 1, 1, 1, 1, 0, 1, 0]",6.22,5.71,7.88,3.96,2878283.2
DBD,70.81,5,"[0, 0, 0, 1, 1, 1, 0, 1, 1, 0]",82.22,74.67,90.75,54.9,311851.75
BKE,45.94,4,"[1, 0, 0, 0, 0, 0, 0, 1, 1, 1]",43.56,49.33,56.63,41.12,422678.0
UNIT,9.27,6,"[0, 0, 1, 1, 1, 1, 1, 0, 1, 0]",10.98,9.0,12.75,5.36,2398037.35
ARCB,135.76,8,"[0, 1, 1, 1, 1, 1, 1, 1, 1, 0]",149.34,107.3,173.07,59.44,384664.35
NN,17.83,8,"[1, 1, 1, 0, 1, 0, 1, 1, 1, 1]",16.74,16.52,23.59,11.37,3310840.0
HOG,26.72,8,"[1, 1, 1, 1, 0, 0, 1, 1, 1, 1]",25.47,22.61,30.05,17.06,2632966.7
ATRO,74.91,10,"[1, 1, 1, 1, 1, 1, 1, 1, 1, 1]",73.28,58.27,87.15,26.19,496071.5
CLDX,44.33,10,"[1, 1, 1, 1, 1, 1, 1, 1, 1, 1]",35.52,30.14,44.33,20.89,966195.85
VAC,114.86,10,"[1, 1, 1, 1, 1, 1, 1, 1, 1, 1]",98.26,71.07,124.75,43.9,516593.95
ARQT,26.23,8,"[1, 1, 1, 1, 0, 1, 1, 1, 1, 0]",26.05,25.5,31.2,14.74,1533322.5
GRAL,75.48,7,"[1, 1, 1, 0, 0, 1, 1, 0, 1, 1]",67.06,73.93,116.06,31.42,670056.2
VISN,11.7,8,"[0, 1, 1, 1, 1, 1, 1, 1, 1, 0]",12.18,10.04,12.88,7.3,7781522.8
TARS,69.46,7,"[1, 1, 1, 0, 0, 0, 1, 1, 1, 1]",61.57,68.4,82.51,49.36,931170.15
NGVT,77.79,10,"[1, 1, 1, 1, 1, 1, 1, 1, 1, 1]",72.76,66.9,77.87,46.2,246964.5
AMSC,32.13,2,"[0, 0, 0, 0, 1, 0, 0, 0, 1, 0]",37.16,37.49,66.68,25.95,815391.4
WAFD,38.06,10,"[1, 1, 1, 1, 1, 1, 1, 1, 1, 1]",37.13,33.41,39.32,27.16,630755.45
HUN,10.44,4,"[0, 0, 0, 0, 1, 1, 1, 0, 1, 0]",12.12,11.74,15.89,7.27,3744139.55
HUBG,38.0,4,"[0, 0, 0, 1, 1, 1, 0, 0, 1, 0]",45.99,41.94,52.19,32.8,964481.95
TRMK,47.85,10,"[1, 1, 1, 1, 1, 1, 1, 1, 1, 1]",46.11,42.53,48.52,36.04,472473.65
IRON,81.21,9,"[1, 1, 1, 1, 0, 1, 1, 1, 1, 1]",73.84,74.63,94.11,55.95,335108.65
CUBI,82.86,10,"[1, 1, 1, 1, 1, 1, 1, 1, 1, 1]",77.71,73.81,83.65,60.52,296167.4
VERA,30.29,4,"[0, 0, 0, 0, 1, 1, 1, 0, 1, 0]",36.29,38.96,55.67,21.14,1890539.75
ICHR,67.51,7,"[0, 1, 1, 1, 1, 1, 1, 0, 1, 0]",84.05,50.58,112.28,14.25,1037335.1
RARE,26.96,5,"[0, 1, 1, 1, 0, 0, 1, 0, 1, 0]",27.75,26.75,36.54,18.5,1992099.2
KOD,42.11,9,"[1, 1, 1, 1, 1, 1, 1, 1, 1, 0]",38.5,31.32,46.44,8.52,536674.0
SAH,80.61,7,"[0, 1, 1, 1, 1, 1, 1, 0, 1, 0]",88.86,71.04,112.66,57.63,310709.35
DRD,23.84,4,"[1, 0, 0, 0, 0, 0, 1, 0, 1, 1]",22.18,28.31,38.8,14.42,295805.55
HE,11.85,3,"[0, 0, 0, 0, 1, 1, 0, 0, 1, 0]",13.23,13.74,17.08,10.89,1812247.25
IMNM,26.25,9,"[1, 1, 1, 0, 1, 1, 1, 1, 1, 1]",21.68,21.29,26.97,8.99,997799.1
FRSH,11.97,8,"[1, 1, 1, 1, 0, 0, 1, 1, 1, 1]",10.33,10.04,13.97,6.88,11925493.05
NSIT,150.95,10,"[1, 1, 1, 1, 1, 1, 1, 1, 1, 1]",119.91,92.6,154.74,64.43,474272.25
HTFL,29.54,7,"[1, 1, 1, 1, 0, 0, 1, 0, 1, 1]",28.71,28.92,39.91,20.49,939655.7
OSW,25.99,8,"[0, 1, 1, 1, 1, 1, 1, 1, 1, 0]",26.27,22.98,28.68,19.28,940749.3
SEDG,33.31,5,"[0, 0, 0, 1, 1, 1, 1, 0, 1, 0]",52.27,42.59,78.51,25.1,3647035.65
ROG,135.06,8,"[0, 1, 1, 1, 1, 1, 1, 1, 1, 0]",141.92,114.08,167.09,74.01,254687.1
ATKR,93.87,10,"[1, 1, 1, 1, 1, 1, 1, 1, 1, 1]",78.56,69.78,93.87,55.06,1286685.15
TALO,15.57,10,"[1, 1, 1, 1, 1, 1, 1, 1, 1, 1]",14.32,13.21,16.59,8.07,2061300.65
IDYA,36.84,9,"[1, 1, 1, 1, 0, 1, 1, 1, 1, 1]",34.47,33.01,40.51,23.39,743824.1
ELVN,58.78,10,"[1, 1, 1, 1, 1, 1, 1, 1, 1, 1]",49.09,34.15,61.11,15.14,1020987.55
DGII,83.58,10,"[1, 1, 1, 1, 1, 1, 1, 1, 1, 1]",69.69,53.54,83.58,32.24,351401.45
LWLG,7.56,7,"[0, 0, 1, 1, 1, 1, 1, 0, 1, 1]",8.12,7.09,18.22,2.05,3207415.05
TMC,4.55,4,"[1, 0, 0, 0, 0, 0, 1, 0, 1, 1]",4.47,5.72,10.69,3.45,4303108.55
LMAT,82.84,3,"[0, 0, 0, 0, 1, 1, 0, 0, 1, 0]",95.89,95.31,117.1,79.0,404852.5
MTX,73.83,9,"[0, 1, 1, 1, 1, 1, 1, 1, 1, 1]",75.33,69.12,82.71,54.79,265480.9
BRZE,28.22,8,"[1, 1, 1, 1, 0, 0, 1, 1, 1, 1]",23.76,24.44,36.19,15.79,2161736.55
AAMI,91.55,10,"[1, 1, 1, 1, 1, 1, 1, 1, 1, 1]",79.78,60.68,91.92,41.78,407169.25
RLAY,19.99,10,"[1, 1, 1, 1, 1, 1, 1, 1, 1, 1]",17.82,11.81,20.75,3.35,2207801.85
MLYS,27.33,4,"[1, 0, 0, 0, 0, 0, 1, 0, 1, 1]",26.53,30.96,47.33,13.51,626835.65
FBNC,65.21,10,"[1, 1, 1, 1, 1, 1, 1, 1, 1, 1]",62.57,56.87,66.23,45.74,255716.1
ANDE,64.1,6,"[0, 0, 0, 1, 1, 1, 1, 1, 1, 0]",71.74,64.48,80.87,37.5,336716.0
VNET,7.51,2,"[0, 0, 0, 0, 1, 0, 0, 0, 1, 0]",8.13,9.33,14.03,6.29,3798991.75
HTO,62.28,7,"[1, 1, 1, 1, 1, 1, 0, 0, 1, 0]",60.18,54.28,,,468106.75
DXPE,195.0,10,"[1, 1, 1, 1, 1, 1, 1, 1, 1, 1]",166.11,139.41,198.21,85.53,139903.65
PTON,5.6,4,"[0, 1, 0, 1, 0, 0, 1, 0, 1, 0]",5.97,5.68,9.0,3.71,9178944.2
SGML,11.84,4,"[0, 0, 0, 0, 1, 1, 1, 0, 1, 0]",12.18,12.91,23.65,4.68,1615199.45
TENB,37.84,8,"[1, 1, 1, 1, 0, 1, 1, 1, 1, 0]",33.27,25.4,42.65,16.04,3644422.45
DFTX,40.91,9,"[1, 1, 1, 1, 1, 1, 1, 1, 1, 0]",38.24,22.2,48.45,8.88,1829964.2
VERX,12.23,1,"[0, 0, 0, 0, 0, 0, 0, 0, 1, 0]",12.35,15.36,26.5,10.58,2672522.45
PLUS,88.82,8,"[1, 1, 1, 1, 0, 1, 0, 1, 1, 1]",85.88,83.94,97.05,68.93,270601.65
AERO,15.74,3,"[0, 0, 0, 0, 1, 0, 0, 0, 1, 1]",16.43,15.74,22.91,12.36,211530.4
AMPX,12.08,4,"[0, 0, 0, 0, 1, 0, 1, 0, 1, 1]",13.38,13.75,22.91,6.74,6247754.8
AMR,153.8,2,"[0, 0, 0, 0, 1, 0, 0, 0, 1, 0]",165.06,184.59,249.65,135.9,292203.5
COHU,52.82,7,"[0, 1, 1, 1, 1, 1, 1, 0, 1, 0]",56.18,37.7,73.91,18.74,993907.2
AESI,11.98,5,"[0, 0, 0, 1, 1, 1, 1, 0, 1, 0]",14.51,12.86,19.75,8.1,3831560.5
NESR,36.01,10,"[1, 1, 1, 1, 1, 1, 1, 1, 1, 1]",27.18,21.49,36.01,6.89,2159652.15
WTTR,21.11,10,"[1, 1, 1, 1, 1, 1, 1, 1, 1, 1]",19.14,14.74,22.18,7.76,2028494.4
CDNL,38.27,4,"[0, 0, 0, 1, 1, 0, 1, 0, 1, 0]",69.21,38.27,94.31,22.03,714578.0
ACHC,31.1,9,"[1, 1, 1, 1, 1, 1, 1, 1, 1, 0]",29.13,22.16,35.61,11.68,2825610.5
MNR,13.15,10,"[1, 1, 1, 1, 1, 1, 1, 1, 1, 1]",13.07,12.11,14.26,9.93,251305.2
GRDN,39.46,8,"[0, 1, 1, 1, 1, 1, 1, 1, 1, 0]",40.87,34.95,43.83,22.62,342868.65
CEPU,13.31,3,"[0, 0, 0, 0, 0, 1, 1, 0, 1, 0]",14.89,15.37,17.95,7.68,213240.95
PRDO,31.24,3,"[0, 0, 0, 0, 1, 0, 0, 1, 1, 0]",33.08,32.56,37.77,27.01,885377.25
HLIO,81.06,8,"[0, 1, 1, 1, 1, 1, 1, 1, 1, 0]",82.91,68.84,92.74,46.89,304894.7
WOLF,30.14,5,"[0, 0, 1, 1, 1, 0, 1, 0, 1, 0]",39.0,28.37,73.5,14.8,4487965.05
NTB,63.41,8,"[1, 1, 1, 1, 1, 1, 0, 0, 1, 1]",59.97,52.94,,,168797.4
FUN,15.91,3,"[0, 0, 0, 1, 1, 0, 0, 0, 1, 0]",19.95,18.12,26.74,12.83,2495237.8
BLBD,66.18,8,"[0, 1, 1, 1, 1, 1, 1, 1, 1, 0]",74.75,60.8,81.5,46.59,565588.15
KEEL,3.29,5,"[0, 0, 0, 1, 1, 1, 1, 0, 1, 0]",4.93,3.41,6.66,1.23,31040348.8
PENG,57.33,7,"[0, 1, 1, 1, 1, 1, 1, 0, 1, 0]",62.95,33.74,81.39,16.24,3121162.6
AXGN,48.48,10,"[1, 1, 1, 1, 1, 1, 1, 1, 1, 1]",42.76,35.1,48.48,14.16,1113456.2
PENN,19.13,8,"[0, 1, 1, 1, 1, 1, 1, 1, 1, 0]",20.68,16.37,22.06,11.76,2705937.45
CMPR,95.38,8,"[0, 1, 1, 1, 1, 1, 1, 1, 1, 0]",95.85,81.01,105.31,57.1,181601.1
FLOC,23.26,9,"[1, 1, 1, 0, 1, 1, 1, 1, 1, 1]",21.43,21.03,28.09,14.08,489844.4
DRH,12.01,8,"[0, 1, 1, 1, 1, 1, 1, 1, 1, 0]",12.21,10.07,13.38,7.28,2848103.9
XIFR,11.45,7,"[0, 1, 1, 1, 1, 1, 0, 1, 1, 0]",11.97,10.61,12.88,8.83,1080124.85
ADPT,25.39,10,"[1, 1, 1, 1, 1, 1, 1, 1, 1, 1]",20.64,16.85,25.45,12.3,2868626.6
HTH,39.14,9,"[1, 1, 1, 1, 1, 1, 0, 1, 1, 1]",38.31,36.19,39.78,30.38,254694.85
CTOS,10.64,10,"[1, 1, 1, 1, 1, 1, 1, 1, 1, 1]",10.57,7.87,11.97,5.34,1141233.0
DRVN,12.34,2,"[0, 0, 0, 1, 0, 0, 0, 0, 1, 0]",13.96,13.99,19.21,10.3,706730.9
RDW,13.51,9,"[1, 1, 1, 1, 1, 1, 1, 0, 1, 1]",12.25,10.14,25.9,5.06,18357515.35
VVX,80.54,9,"[0, 1, 1, 1, 1, 1, 1, 1, 1, 1]",81.13,68.63,90.81,52.16,896344.05
BCRX,10.34,10,"[1, 1, 1, 1, 1, 1, 1, 1, 1, 1]",9.36,8.32,11.11,6.24,3433701.85
TIC,10.54,6,"[1, 1, 1, 0, 0, 0, 1, 0, 1, 1]",7.99,9.13,14.49,6.54,2578754.55
WERN,36.43,8,"[0, 1, 1, 1, 1, 1, 1, 1, 1, 0]",41.95,33.98,47.29,22.87,1469248.35
CENTA,38.41,10,"[1, 1, 1, 1, 1, 1, 1, 1, 1, 1]",37.7,33.12,40.6,26.27,295752.05
QUBT,8.95,4,"[0, 0, 0, 1, 0, 0, 1, 0, 1, 1]",9.21,9.98,24.62,6.31,8804511.15
ECO,60.74,10,"[1, 1, 1, 1, 1, 1, 1, 1, 1, 1]",54.42,44.69,63.78,23.15,513333.75
BHC,6.24,6,"[1, 1, 1, 0, 0, 0, 1, 0, 1, 1]",5.14,5.85,8.34,4.43,5271719.2
NMM,78.41,8,"[1, 1, 1, 1, 1, 1, 0, 0, 1, 1]",74.38,64.45,,,109529.5
MBIN,54.44,10,"[1, 1, 1, 1, 1, 1, 1, 1, 1, 1]",49.88,42.32,55.72,30.19,177955.35
FLYW,17.47,9,"[1, 1, 1, 1, 1, 1, 1, 1, 1, 0]",16.68,14.29,18.78,10.64,2346448.95
PBI,16.54,6,"[0, 1, 1, 1, 1, 1, 0, 0, 1, 0]",17.45,12.78,,,1723994.5
WLY,49.58,10,"[1, 1, 1, 1, 1, 1, 1, 1, 1, 1]",48.59,38.16,55.72,28.33,432756.65
CMRE,13.99,5,"[0, 0, 0, 0, 1, 1, 1, 1, 1, 0]",15.1,15.65,17.64,10.71,357048.9
SLDE,20.62,9,"[1, 1, 1, 1, 1, 1, 1, 1, 1, 0]",19.29,18.06,22.14,12.74,1046817.75
OCUL,9.76,5,"[1, 1, 0, 0, 0, 0, 1, 0, 1, 1]",9.15,10.0,16.11,6.88,1992693.3
ESTA,74.28,8,"[0, 1, 1, 1, 1, 1, 1, 1, 1, 0]",85.93,71.88,95.65,33.62,555452.25
SRPT,18.22,3,"[1, 0, 0, 0, 0, 0, 0, 0, 1, 1]",16.89,19.21,24.45,14.86,3264306.5
IMOS,59.28,8,"[0, 1, 1, 1, 1, 1, 1, 1, 1, 0]",60.6,42.58,75.79,14.89,129825.4
NVCR,17.66,10,"[1, 1, 1, 1, 1, 1, 1, 1, 1, 1]",16.36,13.87,19.99,10.03,1767644.8
DEI,11.49,4,"[0, 1, 1, 1, 0, 0, 0, 0, 1, 0]",11.95,10.93,15.83,8.85,1951158.45
EZPW,26.97,7,"[0, 0, 1, 1, 1, 1, 1, 1, 1, 0]",31.58,26.2,35.59,15.57,972961.1
PDFS,49.15,7,"[0, 1, 1, 1, 1, 1, 1, 0, 1, 0]",55.39,39.49,70.79,19.1,517469.7
TRVI,17.8,9,"[1, 1, 1, 1, 1, 1, 1, 1, 1, 0]",16.98,13.43,19.5,7.01,2169279.55
DCO,197.26,10,"[1, 1, 1, 1, 1, 1, 1, 1, 1, 1]",172.43,130.8,201.46,86.41,300655.45
WS,37.76,8,"[1, 0, 1, 0, 1, 1, 1, 1, 1, 1]",37.42,36.66,48.27,28.0,218059.8
STOK,32.96,9,"[1, 1, 1, 0, 1, 1, 1, 1, 1, 1]",30.48,31.57,38.35,13.53,796407.05
DHC,8.16,8,"[0, 1, 1, 1, 1, 1, 1, 1, 1, 0]",8.95,6.88,9.64,3.35,1856893.75
TYRA,25.18,4,"[0, 0, 0, 0, 1, 1, 1, 0, 1, 0]",29.89,29.34,39.61,10.2,654818.3
CLBK,11.09,10,"[1, 1, 1, 1, 1, 1, 1, 1, 1, 1]",9.95,8.36,11.14,6.24,10718184.85
MGNI,24.3,9,"[1, 1, 1, 1, 0, 1, 1, 1, 1, 1]",18.89,15.3,26.52,11.2,2641913.7
NGL,17.09,10,"[1, 1, 1, 1, 1, 1, 1, 1, 1, 1]",15.9,12.76,18.11,4.86,202802.0
NTST,19.89,6,"[0, 0, 1, 1, 1, 1, 0, 1, 1, 0]",20.92,19.32,22.26,16.77,1310929.05
ANAB,57.87,9,"[1, 1, 1, 1, 1, 1, 1, 1, 1, 0]",57.33,43.39,69.81,12.93,672933.6
PSNY,13.77,1,"[0, 0, 0, 0, 0, 0, 0, 0, 1, 0]",17.34,18.52,41.1,12.01,151547.2
NEXT,6.75,6,"[0, 0, 1, 1, 1, 1, 1, 0, 1, 0]",7.54,6.63,10.72,4.8,2938619.55
BBAI,3.33,2,"[0, 0, 0, 0, 0, 0, 0, 0, 1, 1]",3.5,4.59,8.91,2.59,25650868.25
ATEN,27.17,7,"[0, 1, 1, 1, 1, 1, 1, 0, 1, 0]",33.32,24.01,38.11,16.47,1427644.55
GTY,32.3,8,"[0, 1, 1, 1, 1, 1, 1, 1, 1, 0]",33.72,30.82,36.61,24.43,472967.55
OMCL,36.86,3,"[0, 0, 0, 0, 1, 1, 0, 0, 1, 0]",41.1,40.59,51.39,29.46,846110.7
SION,5.1,3,"[0, 0, 0, 1, 0, 1, 0, 0, 1, 0]",40.91,39.92,51.04,4.5,3255960.6
SOC,4.65,4,"[0, 0, 0, 0, 1, 0, 1, 0, 1, 1]",6.91,9.84,29.78,3.08,7422440.25
BW,9.19,4,"[0, 0, 0, 0, 1, 1, 1, 0, 1, 0]",12.71,11.26,21.85,1.46,4144503.85
BSTZ,30.02,10,"[1, 1, 1, 1, 1, 1, 1, 1, 1, 1]",29.3,24.25,31.5,18.71,199167.85
NEOG,11.49,10,"[1, 1, 1, 1, 1, 1, 1, 1, 1, 1]",9.77,8.87,12.04,5.23,2358435.35
UTI,25.49,4,"[0, 0, 0, 1, 1, 1, 0, 0, 1, 0]",40.73,34.0,51.2,21.77,1522072.8
INBX,92.38,8,"[1, 1, 1, 1, 1, 1, 1, 0, 1, 0]",90.71,85.58,141.84,21.92,218861.3
AUPH,15.37,8,"[0, 1, 1, 1, 1, 1, 1, 1, 1, 0]",15.92,15.28,18.62,11.05,1111359.25
TSHA,6.68,10,"[1, 1, 1, 1, 1, 1, 1, 1, 1, 1]",6.05,5.3,6.98,2.83,2705979.15
GNL,9.06,9,"[1, 1, 1, 0, 1, 1, 1, 1, 1, 1]",8.98,8.7,9.56,6.86,2464560.3
MBX,66.01,10,"[1, 1, 1, 1, 1, 1, 1, 1, 1, 1]",52.83,36.81,70.7,9.74,591679.05
ASTH,34.48,7,"[0, 1, 1, 1, 1, 1, 1, 0, 1, 0]",41.03,30.51,49.81,18.16,587611.2
LAC,3.25,2,"[0, 0, 0, 0, 0, 0, 0, 0, 1, 1]",3.7,4.65,10.05,2.71,8843993.15
IMAX,50.59,10,"[1, 1, 1, 1, 1, 1, 1, 1, 1, 1]",42.66,38.08,51.26,25.3,1743924.5
FIGS,14.27,9,"[1, 1, 1, 0, 1, 1, 1, 1, 1, 1]",11.05,11.94,17.12,6.57,3660199.55
MD,26.14,10,"[1, 1, 1, 1, 1, 1, 1, 1, 1, 1]",25.1,22.42,27.39,14.72,818733.85
NWL,6.15,10,"[1, 1, 1, 1, 1, 1, 1, 1, 1, 1]",5.17,4.19,6.36,2.94,10682770.65
PHVS,34.42,9,"[1, 1, 1, 1, 1, 1, 1, 1, 1, 0]",33.29,28.37,35.96,20.96,381348.1
PUMP,11.65,4,"[0, 0, 0, 0, 1, 1, 1, 0, 1, 0]",13.34,12.56,18.2,4.52,4373597.7
AGM,234.68,10,"[1, 1, 1, 1, 1, 1, 1, 1, 1, 1]",201.08,173.81,241.74,137.78,115746.55
RAMP,37.76,9,"[1, 1, 1, 1, 1, 1, 1, 1, 1, 0]",37.69,30.66,38.01,22.42,812348.55
LAR,6.65,4,"[0, 0, 0, 0, 1, 1, 1, 0, 1, 0]",7.66,7.19,11.79,3.02,2051881.55
PRKS,44.14,7,"[0, 1, 1, 1, 1, 0, 1, 1, 1, 0]",45.33,38.41,55.21,29.73,713861.65
SNDX,20.29,5,"[0, 0, 0, 0, 1, 1, 1, 1, 1, 0]",20.42,20.53,25.15,12.97,1453497.05
JBLU,5.81,10,"[1, 1, 1, 1, 1, 1, 1, 1, 1, 1]",5.54,5.04,6.46,4.03,37780788.3
ARCO,7.91,5,"[0, 0, 0, 1, 1, 1, 0, 1, 1, 0]",8.3,8.0,9.42,6.47,971003.1
NEXA,14.45,10,"[1, 1, 1, 1, 1, 1, 1, 1, 1, 1]",13.35,11.31,16.55,4.71,608981.95
AGRO,9.41,4,"[0, 0, 0, 0, 1, 1, 1, 0, 1, 0]",10.26,10.21,15.18,7.07,683363.0
HTZ,2.45,3,"[0, 0, 0, 0, 0, 0, 1, 0, 1, 1]",2.99,4.74,7.81,1.51,44003106.15
SPB,87.91,10,"[1, 1, 1, 1, 1, 1, 1, 1, 1, 1]",85.56,72.75,90.97,49.33,350845.25
BLX,56.16,8,"[0, 1, 1, 1, 1, 1, 1, 1, 1, 0]",58.08,49.94,62.03,40.7,150257.5
MESO,16.92,7,"[1, 1, 1, 0, 0, 0, 1, 1, 1, 1]",15.01,16.01,20.96,12.88,256288.4
OCS,12.75,3,"[1, 0, 0, 0, 1, 0, 0, 0, 1, 0]",12.17,21.69,32.65,10.71,313466.35
ANIP,74.53,3,"[0, 0, 0, 1, 0, 0, 0, 1, 1, 0]",80.72,80.75,98.81,70.49,355962.25
PGNY,26.57,7,"[0, 1, 1, 1, 0, 1, 1, 1, 1, 0]",29.04,23.68,32.36,16.3,1151107.45
INVX,30.14,10,"[1, 1, 1, 1, 1, 1, 1, 1, 1, 1]",26.79,25.16,31.63,16.04,672880.75
CASH,87.48,8,"[1, 1, 1, 0, 1, 1, 1, 1, 1, 0]",86.32,83.26,99.87,66.35,202459.4
RAPP,48.82,10,"[1, 1, 1, 1, 1, 1, 1, 1, 1, 1]",40.16,32.78,48.82,14.24,307844.0
SNDA,38.92,9,"[1, 1, 1, 1, 1, 1, 1, 1, 1, 0]",38.65,34.57,43.07,25.27,457678.55
TPB,88.08,3,"[1, 0, 0, 0, 0, 0, 0, 0, 1, 1]",82.56,95.62,142.7,70.52,395365.55
VET,11.35,9,"[1, 1, 1, 0, 1, 1, 1, 1, 1, 1]",10.42,10.33,14.29,6.95,1658212.45
BORR,4.26,4,"[0, 0, 0, 0, 1, 1, 1, 0, 1, 0]",4.35,4.69,6.61,2.31,4179875.15
ECPG,93.49,10,"[1, 1, 1, 1, 1, 1, 1, 1, 1, 1]",88.58,69.4,100.2,40.53,363108.45
SONO,15.07,5,"[1, 1, 0, 1, 0, 0, 0, 1, 1, 0]",14.89,15.54,19.16,12.7,2197530.35
WBTN,8.81,1,"[0, 0, 0, 0, 0, 0, 0, 0, 1, 0]",10.74,12.04,21.31,8.58,385241.8
ADNT,19.14,2,"[0, 0, 0, 0, 1, 0, 0, 0, 1, 0]",20.53,21.13,27.09,17.8,937372.55
UFPT,321.91,10,"[1, 1, 1, 1, 1, 1, 1, 1, 1, 1]",252.94,229.24,334.84,185.28,211162.6
CLVT,1.91,1,"[0, 0, 0, 0, 0, 0, 0, 0, 1, 0]",2.19,2.7,4.5,1.68,5708697.55
AIN,63.02,8,"[0, 1, 1, 1, 1, 1, 1, 1, 1, 0]",71.07,58.65,76.29,40.8,310600.85
CTS,64.14,10,"[1, 1, 1, 1, 1, 1, 1, 1, 1, 1]",63.59,53.09,68.27,36.39,217666.4
VOYG,42.9,9,"[1, 1, 1, 1, 1, 0, 1, 1, 1, 1]",34.03,29.92,51.77,17.99,1773626.15
ZYME,24.32,7,"[1, 0, 1, 0, 1, 1, 1, 1, 1, 0]",23.97,24.16,28.56,13.02,438384.1
CAPR,3.93,3,"[0, 0, 0, 0, 1, 1, 0, 0, 1, 0]",19.61,23.2,35.34,3.85,6158337.0
PSIX,42.15,4,"[1, 0, 0, 0, 0, 0, 1, 0, 1, 1]",35.66,59.38,115.78,25.44,576285.0
LOB,42.78,10,"[1, 1, 1, 1, 1, 1, 1, 1, 1, 1]",40.77,36.82,43.76,29.34,232340.15
XPRO,18.26,9,"[1, 1, 1, 0, 1, 1, 1, 1, 1, 1]",15.52,15.59,18.39,10.39,995358.25
PVLA,154.3,10,"[1, 1, 1, 1, 1, 1, 1, 1, 1, 1]",134.69,112.22,157.77,43.21,204125.3
FLNG,29.15,8,"[0, 1, 1, 1, 1, 1, 1, 1, 1, 0]",30.29,27.7,32.46,22.36,268904.4
SFL,11.55,10,"[1, 1, 1, 1, 1, 1, 1, 1, 1, 1]",11.32,9.82,12.57,6.59,1315089.6
CYD,46.76,9,"[0, 1, 1, 1, 1, 1, 1, 1, 1, 1]",47.71,43.0,58.55,27.85,104076.6
TILE,38.54,10,"[1, 1, 1, 1, 1, 1, 1, 1, 1, 1]",33.23,29.63,38.54,24.4,410577.7
PCT,7.65,3,"[0, 0, 0, 0, 0, 0, 1, 0, 1, 1]",8.06,8.59,15.13,5.06,4427781.25
LPG,43.04,10,"[1, 1, 1, 1, 1, 1, 1, 1, 1, 1]",41.02,32.76,47.42,22.34,622151.9
TE,5.47,5,"[0, 0, 0, 1, 1, 1, 1, 0, 1, 0]",7.42,6.43,12.04,1.25,45917550.3
WLTH,9.6,5,"[1, 0, 0, 0, 1, 0, 1, 0, 1, 1]",9.34,9.6,13.95,7.2,896892.5
VRDN,22.97,5,"[1, 1, 0, 0, 0, 0, 1, 0, 1, 1]",18.58,23.96,33.78,13.3,1958664.45
NRIX,25.96,10,"[1, 1, 1, 1, 1, 1, 1, 1, 1, 1]",21.47,17.61,25.96,8.24,1026057.8
QURE,45.0,7,"[1, 1, 1, 1, 0, 0, 1, 0, 1, 1]",39.47,27.98,70.59,9.03,1430322.7
DV,13.25,9,"[1, 1, 1, 1, 0, 1, 1, 1, 1, 1]",11.11,10.62,16.27,8.61,4637976.1
FIVN,32.63,9,"[1, 1, 1, 1, 0, 1, 1, 1, 1, 1]",24.43,20.27,34.48,13.61,3657748.2
INVA,20.75,4,"[0, 0, 0, 0, 1, 1, 0, 1, 1, 0]",21.98,21.64,24.24,16.67,712506.8
OPRA,20.04,9,"[1, 1, 1, 1, 1, 1, 1, 1, 1, 0]",18.93,15.53,20.51,11.56,311366.5
ARDX,3.94,2,"[0, 0, 0, 0, 1, 0, 0, 0, 1, 0]",5.3,6.01,7.99,3.94,4350934.5
POET,8.59,7,"[0, 1, 1, 1, 1, 1, 1, 0, 1, 0]",9.69,7.94,20.57,4.17,13152056.05
NUVB,6.37,8,"[1, 1, 1, 1, 0, 1, 1, 0, 1, 1]",5.79,5.79,9.54,2.32,5817491.6
PEB,17.79,8,"[0, 1, 1, 1, 1, 1, 1, 1, 1, 0]",18.41,13.89,19.75,9.76,2276920.45
NTLA,12.02,4,"[0, 0, 0, 1, 1, 0, 1, 0, 1, 0]",13.46,12.59,27.98,8.04,3800268.05
NVAX,7.95,2,"[0, 0, 0, 0, 1, 0, 0, 0, 1, 0]",8.66,8.44,11.19,6.22,3081246.0
SKYT,32.46,8,"[0, 1, 1, 1, 1, 1, 1, 1, 1, 0]",35.16,27.54,39.91,9.84,585192.85
ARLO,14.73,7,"[1, 1, 1, 0, 0, 0, 1, 1, 1, 1]",13.44,13.92,19.44,11.23,1292344.65
PRLB,90.45,10,"[1, 1, 1, 1, 1, 1, 1, 1, 1, 1]",78.77,63.25,90.45,46.81,191156.5
DCOM,40.63,10,"[1, 1, 1, 1, 1, 1, 1, 1, 1, 1]",39.62,33.89,41.74,25.24,350292.45
GLUE,15.76,5,"[0, 0, 0, 1, 1, 1, 1, 0, 1, 0]",20.31,18.36,25.31,4.35,1537215.45
AMLX,23.63,10,"[1, 1, 1, 1, 1, 1, 1, 1, 1, 1]",17.61,15.09,24.19,7.82,2003902.55
CLOV,4.39,8,"[0, 1, 1, 1, 1, 1, 1, 1, 1, 0]",4.62,3.03,5.41,1.7,4670660.6
REX,43.35,8,"[0, 1, 1, 1, 1, 1, 1, 1, 1, 0]",44.86,39.82,51.16,27.12,165934.6
STBA,51.29,10,"[1, 1, 1, 1, 1, 1, 1, 1, 1, 1]",49.11,43.09,53.36,33.76,284572.4
KOS,2.56,10,"[1, 1, 1, 1, 1, 1, 1, 1, 1, 1]",2.47,2.07,3.27,0.87,14210222.65
KSS,18.49,9,"[1, 1, 1, 1, 0, 1, 1, 1, 1, 1]",17.65,16.89,24.15,11.63,3160309.3
IOVA,6.49,10,"[1, 1, 1, 1, 1, 1, 1, 1, 1, 1]",4.49,3.41,6.49,1.81,20412554.95
PAHC,34.08,4,"[1, 0, 0, 0, 1, 0, 0, 0, 1, 1]",33.11,42.28,59.33,28.4,208158.3
OUST,45.13,9,"[1, 1, 1, 1, 1, 1, 1, 0, 1, 1]",42.62,29.06,62.52,16.63,3406984.6
STGW,9.28,10,"[1, 1, 1, 1, 1, 1, 1, 1, 1, 1]",7.49,6.16,9.28,4.4,1558950.95
BAND,51.62,7,"[0, 1, 1, 1, 1, 1, 1, 0, 1, 0]",59.74,30.57,78.44,12.82,1284884.6
NVRI,20.14,8,"[0, 1, 1, 1, 1, 1, 1, 1, 1, 0]",21.74,18.88,23.86,8.86,403322.85
ABCL,9.76,10,"[1, 1, 1, 1, 1, 1, 1, 1, 1, 1]",6.33,4.53,9.76,2.78,7748706.0
HOPE,14.24,10,"[1, 1, 1, 1, 1, 1, 1, 1, 1, 1]",13.31,11.74,14.24,9.53,1093433.7
AMRC,25.89,3,"[0, 0, 0, 0, 0, 0, 1, 0, 1, 1]",26.01,29.65,43.23,18.51,696830.3
TFIN,76.34,9,"[1, 1, 1, 1, 1, 1, 1, 1, 1, 0]",75.82,65.26,81.08,46.95,290513.4
HCSG,20.96,7,"[0, 0, 1, 1, 1, 1, 1, 1, 1, 0]",22.99,20.44,25.31,14.84,832485.45
DCH,6.89,7,"[1, 1, 1, 0, 0, 0, 1, 1, 1, 1]",5.81,6.34,9.0,5.09,3343858.2
XHR,18.65,8,"[0, 1, 1, 1, 1, 1, 1, 1, 1, 0]",19.91,16.04,21.82,11.98,705131.5
WLFC,55.0,1,"[0, 0, 0, 0, 0, 0, 0, 0, 1, 0]",,,239.91,55.0,206082.15
GBX,46.13,4,"[0, 0, 0, 0, 1, 1, 0, 1, 1, 0]",48.46,48.52,58.06,40.16,406645.5
LILAK,8.47,10,"[1, 1, 1, 1, 1, 1, 1, 1, 1, 1]",6.92,5.85,8.56,4.7,1278384.15
LILA,8.57,10,"[1, 1, 1, 1, 1, 1, 1, 1, 1, 1]",6.97,5.8,8.7,4.65,607834.7
ZD,53.49,10,"[1, 1, 1, 1, 1, 1, 1, 1, 1, 1]",50.41,41.06,55.38,26.51,633059.25
ECVT,10.12,3,"[0, 0, 0, 0, 1, 1, 0, 0, 1, 0]",12.3,11.51,14.97,7.84,1288547.2
VIR,8.93,8,"[0, 1, 1, 1, 1, 1, 1, 1, 1, 0]",9.26,8.17,11.09,4.36,1569400.0
AHCO,5.65,3,"[0, 0, 0, 0, 1, 1, 0, 0, 1, 0]",9.77,10.31,13.38,5.22,3650789.65
ALGT,88.34,6,"[0, 0, 1, 1, 1, 1, 1, 0, 1, 0]",100.18,87.65,119.16,55.9,472545.35
TRS,39.76,7,"[0, 1, 1, 1, 1, 1, 0, 1, 1, 0]",41.08,37.28,44.99,30.99,449790.7
CRML,6.77,3,"[0, 0, 0, 0, 1, 0, 1, 0, 1, 0]",8.36,10.07,29.97,4.84,6258198.55
TH,16.62,8,"[0, 1, 1, 1, 1, 1, 1, 1, 1, 0]",17.45,11.85,20.52,6.22,1076581.4
UAMY,6.58,4,"[0, 0, 0, 0, 1, 0, 1, 0, 1, 1]",6.74,7.94,17.47,3.82,5472123.4
IMTX,9.75,5,"[1, 0, 0, 0, 0, 0, 1, 1, 1, 1]",9.54,10.06,11.87,5.09,409047.8
GSL,40.78,9,"[1, 1, 1, 1, 1, 1, 1, 1, 1, 0]",40.21,37.01,44.47,26.07,347480.0
YELP,23.61,1,"[0, 0, 0, 0, 0, 0, 0, 0, 1, 0]",24.84,26.49,33.83,19.78,1037178.05
CNOB,32.89,10,"[1, 1, 1, 1, 1, 1, 1, 1, 1, 1]",32.49,28.18,34.11,22.81,467461.65
RES,6.33,6,"[1, 0, 1, 0, 1, 1, 0, 0, 1, 1]",6.07,6.11,,,1388188.3
BY,38.78,10,"[1, 1, 1, 1, 1, 1, 1, 1, 1, 1]",36.84,32.14,39.75,25.35,273885.05
NVGS,20.03,7,"[0, 0, 1, 1, 1, 1, 1, 1, 1, 0]",21.24,19.62,24.22,14.25,413107.2
PGEN,6.86,10,"[1, 1, 1, 1, 1, 1, 1, 1, 1, 1]",5.3,4.39,7.23,1.8,5138588.8
BHVN,14.49,8,"[1, 1, 1, 1, 1, 0, 1, 1, 1, 0]",13.94,11.49,18.11,7.79,1839834.05
TNC,66.32,4,"[0, 0, 0, 1, 1, 1, 0, 0, 1, 0]",85.5,77.7,91.15,60.69,202528.15
HLF,11.74,4,"[0, 0, 0, 0, 1, 1, 1, 0, 1, 0]",12.23,13.75,19.96,7.75,1489500.6
SHLS,8.73,4,"[0, 0, 0, 1, 0, 1, 1, 0, 1, 0]",9.97,8.83,12.77,4.59,6117565.7
ATAI,7.21,10,"[1, 1, 1, 1, 1, 1, 1, 1, 1, 1]",5.58,4.46,7.25,3.35,19988219.05
BCAX,23.76,8,"[0, 1, 1, 1, 1, 1, 1, 1, 1, 0]",25.66,20.23,30.4,10.44,598239.15
GCT,51.52,9,"[1, 1, 1, 0, 1, 1, 1, 1, 1, 1]",37.09,38.8,53.25,25.44,761356.5
AIP,27.45,7,"[0, 1, 1, 1, 1, 1, 1, 0, 1, 0]",35.45,23.0,48.59,8.59,686432.8
GHRS,29.08,10,"[1, 1, 1, 1, 1, 1, 1, 1, 1, 1]",25.89,18.5,30.64,11.94,358825.8
SBET,6.23,4,"[1, 0, 0, 0, 0, 0, 1, 0, 1, 1]",5.69,7.93,23.52,4.56,7650309.3
GILT,11.21,3,"[0, 0, 0, 0, 1, 0, 1, 0, 1, 0]",12.56,14.83,20.85,8.58,603565.65
AVAH,8.95,8,"[1, 1, 1, 1, 0, 1, 1, 1, 1, 0]",8.65,8.07,10.27,6.22,1854532.55
CBL,56.91,10,"[1, 1, 1, 1, 1, 1, 1, 1, 1, 1]",52.9,41.08,60.05,26.93,288490.75
BKSY,29.89,7,"[1, 1, 1, 0, 1, 0, 1, 0, 1, 1]",27.73,26.44,51.63,13.14,1122088.65
FTRE,19.52,10,"[1, 1, 1, 1, 1, 1, 1, 1, 1, 1]",17.6,13.94,20.7,7.31,1661196.75
NSSC,39.61,5,"[1, 0, 0, 0, 0, 0, 1, 1, 1, 1]",37.07,40.33,46.87,29.76,261179.0
DMRA,30.36,9,"[1, 1, 1, 1, 1, 1, 1, 1, 1, 0]",26.63,24.46,34.14,2.58,422518.15
PRG,41.62,8,"[0, 1, 1, 1, 1, 1, 1, 1, 1, 0]",42.07,33.95,47.53,25.95,535049.95
OBK,53.75,10,"[1, 1, 1, 1, 1, 1, 1, 1, 1, 1]",51.38,43.47,55.21,31.99,180116.45
MUX,19.14,5,"[1, 0, 0, 0, 1, 0, 1, 0, 1, 1]",18.37,20.93,29.05,9.88,856679.95
PRCT,22.89,4,"[1, 0, 0, 0, 0, 0, 1, 0, 1, 1]",21.63,27.05,41.59,16.69,1940687.15
NBR,88.17,10,"[1, 1, 1, 1, 1, 1, 1, 1, 1, 1]",86.29,75.17,110.63,31.58,268102.25
MAZE,27.31,3,"[0, 0, 0, 0, 0, 1, 1, 0, 1, 0]",27.49,34.53,51.83,13.23,368973.9
ENVX,4.83,2,"[0, 0, 0, 0, 0, 0, 1, 0, 1, 0]",5.63,6.77,13.19,3.68,5779248.6
TBLA,4.12,5,"[0, 0, 0, 1, 1, 1, 1, 0, 1, 0]",4.91,4.12,5.58,2.95,2946756.15
URGN,47.11,10,"[1, 1, 1, 1, 1, 1, 1, 1, 1, 1]",36.88,26.03,47.11,16.42,864092.75
NNE,19.38,3,"[0, 0, 0, 0, 0, 0, 1, 0, 1, 1]",20.57,26.98,56.63,14.88,2071839.45
HROW,39.42,2,"[0, 0, 0, 0, 0, 0, 1, 0, 1, 0]",40.23,41.11,54.8,29.03,597054.1
HLX,10.19,10,"[1, 1, 1, 1, 1, 1, 1, 1, 1, 1]",9.31,8.55,10.55,5.7,1447597.35
LINC,30.38,5,"[0, 0, 0, 1, 1, 1, 1, 0, 1, 0]",46.21,35.34,55.68,17.8,958550.25
RYZ,27.7,8,"[0, 1, 1, 1, 1, 1, 1, 1, 1, 0]",27.87,25.54,31.03,19.57,498778.95
HLIT,11.45,6,"[0, 0, 1, 1, 1, 1, 1, 0, 1, 0]",13.43,11.19,17.11,8.76,1293057.7
TROX,6.39,4,"[0, 0, 0, 0, 1, 1, 0, 0, 1, 1]",6.62,6.46,,,2879546.5
VIA,24.86,6,"[1, 1, 1, 0, 0, 0, 1, 0, 1, 1]",17.89,23.2,53.93,13.31,863025.45
LIND,32.84,10,"[1, 1, 1, 1, 1, 1, 1, 1, 1, 1]",27.01,19.21,34.11,11.45,845501.4
IPX,25.25,1,"[0, 0, 0, 0, 0, 0, 0, 0, 1, 0]",28.09,35.68,60.11,20.25,272579.15
WVE,5.05,1,"[0, 0, 0, 0, 0, 0, 0, 0, 1, 0]",5.9,9.53,21.31,5.05,2565784.35
PLTK,2.67,3,"[0, 0, 0, 1, 0, 1, 0, 0, 1, 0]",3.63,3.56,4.26,2.67,1626442.1
AVBP,31.39,8,"[0, 1, 1, 1, 1, 1, 1, 1, 1, 0]",31.71,25.71,34.74,16.95,496237.0
RLJ,10.83,8,"[0, 1, 1, 1, 1, 1, 1, 1, 1, 0]",11.44,8.56,12.48,6.26,1837521.8
LOMA,9.92,5,"[0, 0, 0, 1, 0, 1, 1, 1, 1, 0]",11.49,11.38,13.12,7.13,362497.4
TV,2.8,6,"[1, 0, 0, 0, 1, 1, 0, 1, 1, 1]",2.77,2.9,3.44,2.3,914511.8
SBH,16.84,8,"[1, 1, 1, 0, 0, 1, 1, 1, 1, 1]",14.38,14.63,17.0,11.82,1493909.65
CSIQ,15.88,5,"[1, 0, 0, 0, 0, 1, 1, 0, 1, 1]",15.69,18.73,33.58,9.51,1977762.65
RXT,4.35,7,"[0, 1, 1, 1, 1, 1, 1, 0, 1, 0]",5.27,2.55,7.53,0.41,8323882.5
GIII,34.11,8,"[0, 1, 1, 1, 1, 1, 1, 1, 1, 0]",34.62,30.65,36.81,24.81,418322.85
TTI,8.82,4,"[0, 0, 0, 0, 1, 1, 1, 0, 1, 0]",9.4,9.32,12.32,3.92,1779681.25
KDK,4.59,2,"[0, 0, 0, 0, 0, 0, 0, 0, 1, 1]",5.17,7.56,10.92,4.02,914560.05
STAA,24.94,5,"[0, 1, 1, 1, 0, 0, 1, 0, 1, 0]",27.06,24.28,33.34,16.1,1075087.45
TWO,11.99,8,"[0, 1, 1, 1, 1, 1, 1, 1, 1, 0]",12.05,10.78,13.3,8.4,3607938.95
ARRY,5.35,1,"[0, 0, 0, 0, 0, 0, 0, 0, 1, 0]",6.76,8.18,11.96,4.81,7806661.75
BAK,2.21,2,"[0, 0, 0, 0, 1, 0, 0, 0, 1, 0]",2.79,3.35,5.02,2.21,1518628.95
TDOC,6.81,4,"[0, 1, 0, 1, 0, 0, 1, 0, 1, 0]",8.13,6.82,9.72,4.47,6048300.4
WLDN,83.96,3,"[1, 0, 0, 0, 0, 0, 0, 0, 1, 1]",81.33,93.44,134.94,66.91,289385.55
CRVS,14.73,6,"[1, 0, 1, 0, 1, 1, 1, 0, 1, 0]",13.44,13.19,25.52,4.5,830393.45
CRI,39.74,9,"[0, 1, 1, 1, 1, 1, 1, 1, 1, 1]",39.89,35.78,43.75,24.1,1074517.9
PLSE,44.4,10,"[1, 1, 1, 1, 1, 1, 1, 1, 1, 1]",29.63,21.15,44.4,12.66,425597.5
OLMA,10.43,3,"[0, 0, 0, 0, 0, 1, 1, 0, 1, 0]",11.27,17.53,35.83,5.26,960619.1
TEN,38.23,9,"[1, 1, 1, 1, 1, 1, 1, 1, 1, 0]",37.69,32.29,43.34,19.42,191623.35
WBI,32.3,8,"[0, 1, 1, 1, 1, 1, 1, 1, 1, 0]",32.45,26.54,36.21,18.69,647685.05
ATLC,93.5,8,"[0, 1, 1, 1, 1, 1, 1, 1, 1, 0]",97.9,71.15,111.79,47.96,179032.95
JBIO,22.35,10,"[1, 1, 1, 1, 1, 1, 1, 1, 1, 1]",19.8,16.93,26.85,6.77,817697.4
GPRE,15.56,8,"[0, 1, 1, 1, 1, 1, 1, 1, 1, 0]",15.94,13.88,19.23,7.62,1577552.2
RCAT,10.66,5,"[1, 0, 0, 0, 1, 0, 1, 0, 1, 1]",9.86,11.0,17.36,6.14,9000266.9
MRTN,14.51,7,"[0, 0, 1, 1, 1, 1, 1, 1, 1, 0]",16.8,13.68,18.22,9.28,732307.75
DSGR,34.87,10,"[1, 1, 1, 1, 1, 1, 1, 1, 1, 1]",30.19,28.33,34.88,19.31,366929.05
EVLV,6.03,4,"[1, 1, 0, 0, 0, 0, 0, 0, 1, 1]",5.86,6.21,8.76,4.9,1808615.8
NPKI,13.85,5,"[0, 0, 0, 0, 1, 1, 1, 1, 1, 0]",14.36,13.91,16.35,9.76,841518.6
ABTC,6.92,3,"[0, 0, 0, 0, 0, 0, 1, 0, 1, 1]",8.9,24.3,139.65,5.19,1370385.6
DQ,14.54,3,"[1, 0, 0, 0, 0, 0, 0, 0, 1, 1]",13.47,22.46,35.69,11.63,908935.2
AMAL,50.01,10,"[1, 1, 1, 1, 1, 1, 1, 1, 1, 1]",46.21,38.5,50.31,24.83,161279.3
VTOL,46.17,9,"[1, 1, 1, 0, 1, 1, 1, 1, 1, 1]",43.55,42.62,49.86,35.49,194685.6
PGY,21.2,7,"[1, 1, 1, 1, 0, 0, 1, 0, 1, 1]",17.22,17.72,43.81,10.64,3099388.75
NAT,6.17,9,"[1, 1, 1, 1, 1, 1, 1, 1, 1, 0]",5.94,4.76,6.66,2.62,3081857.0
PNTG,38.17,9,"[1, 1, 1, 1, 1, 1, 1, 1, 1, 0]",37.24,31.91,42.02,23.64,270915.0
MRVI,5.81,8,"[0, 1, 1, 1, 1, 1, 1, 1, 1, 0]",5.99,4.13,7.24,2.33,2421361.55
NSP,50.69,9,"[1, 1, 1, 1, 0, 1, 1, 1, 1, 1]",44.03,35.07,54.03,19.54,665258.7
MLTX,16.59,6,"[0, 0, 1, 1, 1, 1, 1, 0, 1, 0]",18.97,16.45,61.99,6.24,1141293.4
BLDP,2.6,4,"[0, 0, 0, 1, 1, 0, 1, 0, 1, 0]",3.62,3.13,6.38,1.73,6334507.2
UFCS,53.96,10,"[1, 1, 1, 1, 1, 1, 1, 1, 1, 1]",50.34,40.91,54.93,29.76,159291.0
REAL,11.8,6,"[1, 1, 0, 0, 0, 1, 1, 0, 1, 1]",11.27,12.17,16.9,7.27,3491014.8
JKS,16.67,2,"[0, 0, 0, 0, 0, 0, 0, 0, 1, 1]",16.72,21.81,28.22,14.58,673705.0
AORT,28.39,4,"[1, 0, 0, 0, 0, 0, 1, 0, 1, 1]",23.7,35.35,47.63,20.1,669399.25
KMTS,27.9,8,"[1, 1, 1, 1, 0, 0, 1, 1, 1, 1]",23.15,23.57,28.35,15.03,365042.4
ASTE,42.94,3,"[0, 0, 0, 0, 1, 1, 0, 0, 1, 0]",53.58,51.72,,,278975.55
COLL,25.98,2,"[0, 0, 0, 0, 0, 1, 0, 0, 1, 0]",34.43,39.23,49.84,25.98,528902.95
TK,11.3,10,"[1, 1, 1, 1, 1, 1, 1, 1, 1, 1]",11.28,10.53,13.09,6.85,539230.0
VSTS,13.88,8,"[0, 1, 1, 1, 1, 1, 1, 1, 1, 0]",14.18,9.31,16.5,4.06,1462458.0
DLX,23.84,5,"[0, 0, 0, 0, 1, 1, 1, 1, 1, 0]",24.6,24.36,31.5,17.24,390861.6
CCO,2.41,9,"[1, 1, 1, 1, 1, 1, 1, 1, 1, 0]",2.41,2.25,2.43,1.11,5541487.25
ULCC,6.91,10,"[1, 1, 1, 1, 1, 1, 1, 1, 1, 1]",6.77,5.06,8.06,3.1,4093088.4
ITRN,52.66,7,"[0, 0, 1, 1, 1, 1, 1, 1, 1, 0]",58.97,49.37,65.85,30.77,155894.8
ELE,19.4,8,"[1, 1, 1, 0, 1, 0, 1, 1, 1, 1]",16.19,17.58,24.16,12.54,260566.35
ADTN,7.76,4,"[0, 0, 0, 1, 1, 1, 0, 0, 1, 0]",12.55,11.51,19.4,7.25,2623543.45
ACDC,5.27,4,"[0, 0, 0, 0, 1, 1, 1, 0, 1, 0]",5.48,5.39,8.06,3.19,1904924.95
XPEL,47.92,9,"[1, 1, 1, 0, 1, 1, 1, 1, 1, 1]",45.79,45.94,54.95,32.17,258731.9
PRCH,15.76,8,"[1, 1, 1, 1, 0, 0, 1, 1, 1, 1]",13.07,10.15,19.04,6.4,1850092.6
CMP,26.98,8,"[0, 1, 1, 1, 1, 1, 1, 1, 1, 0]",29.81,24.59,33.51,16.54,472422.95
NEO,16.53,9,"[1, 1, 1, 1, 0, 1, 1, 1, 1, 1]",13.53,11.05,16.63,6.08,3227652.15
MPLT,11.98,3,"[0, 0, 0, 1, 1, 0, 0, 0, 1, 0]",28.17,11.98,39.8,9.9,1522098.7
GOOS,8.77,1,"[0, 0, 0, 0, 0, 0, 0, 0, 1, 0]",9.49,11.46,15.1,8.57,840149.3
PRSU,46.15,8,"[0, 1, 1, 1, 1, 1, 1, 1, 1, 0]",50.62,40.41,55.97,32.28,240524.0
VYX,8.05,5,"[1, 1, 0, 0, 0, 0, 1, 0, 1, 1]",7.89,8.6,13.72,6.15,2016435.05
GOLD,43.44,7,"[1, 0, 1, 0, 1, 1, 1, 0, 1, 1]",41.33,40.96,63.6,22.25,382110.65
HQH,23.41,10,"[1, 1, 1, 1, 1, 1, 1, 1, 1, 1]",21.03,18.87,23.41,14.04,270659.0
EYPT,13.05,1,"[0, 0, 0, 0, 0, 0, 0, 0, 1, 0]",13.08,14.12,18.85,10.75,1687665.6
AOSL,34.84,8,"[0, 1, 1, 1, 1, 1, 1, 0, 1, 1]",38.86,29.25,53.32,17.47,597758.35
ALNT,113.97,10,"[1, 1, 1, 1, 1, 1, 1, 1, 1, 1]",92.06,69.28,113.97,42.0,285381.3
GNK,24.72,8,"[0, 1, 1, 1, 1, 1, 1, 1, 1, 0]",24.73,21.56,26.77,14.87,324008.85
LQDT,41.78,10,"[1, 1, 1, 1, 1, 1, 1, 1, 1, 1]",38.51,32.75,42.06,22.16,234684.6
XERS,8.39,8,"[1, 1, 1, 1, 0, 0, 1, 1, 1, 1]",7.7,7.05,9.9,5.29,1657552.5
CDNA,47.23,10,"[1, 1, 1, 1, 1, 1, 1, 1, 1, 1]",31.79,22.07,47.85,11.57,1378885.95
ZBIO,32.44,9,"[1, 1, 1, 1, 0, 1, 1, 1, 1, 1]",25.98,25.96,43.17,15.2,714913.75
EVEX,2.85,4,"[1, 0, 0, 0, 0, 0, 1, 0, 1, 1]",2.62,3.33,5.92,2.18,1072997.6
AMN,33.11,10,"[1, 1, 1, 1, 1, 1, 1, 1, 1, 1]",32.59,22.8,36.6,15.1,780401.5
BUR,4.34,3,"[1, 0, 0, 0, 0, 0, 0, 0, 1, 1]",4.26,6.85,13.82,3.92,1850342.25
TDAY,6.84,7,"[0, 0, 1, 1, 1, 1, 1, 1, 1, 0]",8.24,6.63,9.03,3.49,2247551.75
ACVA,7.26,7,"[1, 1, 1, 1, 0, 0, 1, 0, 1, 1]",7.0,6.69,12.15,4.15,4198330.45
KODK,10.08,8,"[1, 1, 1, 0, 1, 1, 1, 0, 1, 1]",8.94,8.82,14.51,5.43,911406.25
DBVT,14.09,4,"[0, 0, 0, 0, 1, 1, 1, 0, 1, 0]",15.52,18.16,24.54,8.7,413792.6
IVA,4.72,5,"[1, 0, 0, 0, 1, 0, 1, 0, 1, 1]",4.18,5.05,7.15,3.41,776648.75
ASST,12.62,3,"[0, 0, 0, 0, 0, 0, 1, 0, 1, 1]",13.1,15.3,178.2,7.16,2691869.7
UVE,42.91,10,"[1, 1, 1, 1, 1, 1, 1, 1, 1, 1]",40.28,35.18,45.08,23.1,225700.55
OSBC,25.45,10,"[1, 1, 1, 1, 1, 1, 1, 1, 1, 1]",23.28,20.72,25.89,16.49,477601.8
MNKD,3.84,3,"[0, 0, 0, 1, 0, 0, 1, 0, 1, 0]",3.92,4.28,6.21,2.28,5003888.15
GHM,108.76,10,"[1, 1, 1, 1, 1, 1, 1, 1, 1, 1]",107.21,84.64,123.79,47.39,250085.05
BFLY,9.37,10,"[1, 1, 1, 1, 1, 1, 1, 1, 1, 1]",7.12,4.58,9.7,1.38,8012745.05
NWPX,111.76,7,"[0, 1, 1, 1, 1, 1, 1, 0, 1, 0]",131.24,89.15,149.94,49.43,215016.35
LGIH,57.8,9,"[1, 1, 1, 1, 1, 1, 1, 1, 1, 0]",57.26,49.42,67.47,34.24,348202.4
SATL,5.75,8,"[1, 1, 1, 0, 1, 1, 1, 0, 1, 1]",5.24,4.45,10.74,1.27,6000562.75
IART,17.37,8,"[0, 1, 1, 1, 1, 1, 1, 1, 1, 0]",17.87,13.41,19.85,8.9,966373.7
UVSP,42.71,8,"[0, 1, 1, 1, 1, 1, 1, 1, 1, 0]",42.91,36.1,44.98,27.6,285278.8
PBT,32.71,10,"[1, 1, 1, 1, 1, 1, 1, 1, 1, 1]",27.98,22.19,34.53,14.72,148164.55
RJET,20.85,6,"[1, 1, 1, 0, 0, 0, 0, 1, 1, 1]",18.92,19.56,25.35,16.34,112302.7
SEPN,47.76,10,"[1, 1, 1, 1, 1, 1, 1, 1, 1, 1]",34.73,27.85,47.76,10.93,317706.55
SVRA,5.57,8,"[0, 1, 1, 1, 1, 1, 1, 1, 1, 0]",5.61,5.47,6.94,2.58,1643924.35
SVC,8.13,2,"[0, 0, 0, 0, 0, 0, 1, 0, 1, 0]",8.35,8.98,14.24,5.83,1760111.5
TNDM,23.44,8,"[1, 1, 1, 0, 0, 1, 1, 1, 1, 1]",17.29,19.22,28.26,10.66,2256663.75
PDM,9.35,8,"[1, 1, 1, 1, 0, 1, 1, 1, 1, 0]",9.34,8.32,9.96,6.39,745593.8
ATEX,92.94,9,"[1, 1, 1, 1, 1, 1, 1, 1, 1, 0]",90.2,47.26,108.21,17.99,331269.6
PLOW,42.44,7,"[0, 0, 1, 1, 1, 1, 1, 1, 1, 0]",46.17,40.41,54.2,28.96,350609.45
RERE,4.46,5,"[1, 0, 0, 0, 1, 1, 0, 0, 1, 1]",4.08,4.73,6.2,3.62,927956.25
APEI,45.72,6,"[0, 0, 0, 1, 1, 1, 1, 1, 1, 0]",52.48,47.05,60.86,28.58,396927.55
CEVA,30.83,7,"[0, 1, 1, 1, 1, 1, 1, 0, 1, 0]",41.49,28.52,50.06,17.21,790062.7
INNV,10.23,8,"[0, 1, 1, 1, 1, 1, 1, 1, 1, 0]",10.38,7.73,12.11,3.43,264563.05
HTLD,11.8,6,"[0, 0, 1, 1, 1, 1, 1, 0, 1, 0]",14.56,11.41,16.2,7.04,746604.0
CFFN,8.81,10,"[1, 1, 1, 1, 1, 1, 1, 1, 1, 1]",8.37,7.27,9.1,5.72,908098.45
OMER,13.6,9,"[1, 1, 1, 0, 1, 1, 1, 1, 1, 1]",10.56,11.15,17.18,4.03,1480328.7
LMRI,11.66,5,"[1, 1, 0, 0, 0, 0, 1, 0, 1, 1]",10.48,11.66,18.53,6.77,400677.6
LXU,9.99,4,"[0, 0, 0, 0, 1, 1, 1, 0, 1, 0]",11.26,11.34,16.88,7.56,912861.25
GDRX,3.8,7,"[1, 1, 1, 1, 0, 0, 1, 0, 1, 1]",2.98,2.67,5.12,1.87,1517086.55
KOPN,5.2,10,"[1, 1, 1, 1, 1, 1, 1, 1, 1, 1]",4.34,3.3,6.39,1.75,4669048.5
DAKT,21.2,9,"[1, 1, 1, 0, 1, 1, 1, 1, 1, 1]",20.07,20.56,27.73,15.84,425061.4
INR,14.02,5,"[1, 0, 0, 0, 1, 1, 0, 0, 1, 1]",13.0,14.64,19.23,11.2,306969.5
EPC,28.61,10,"[1, 1, 1, 1, 1, 1, 1, 1, 1, 1]",25.58,20.88,29.66,15.68,685892.25
INDI,3.81,4,"[0, 1, 0, 1, 0, 0, 1, 0, 1, 0]",3.97,3.88,6.0,2.44,5334643.6
PHAT,8.51,1,"[0, 0, 0, 0, 0, 0, 0, 0, 1, 0]",10.46,12.49,18.08,8.23,1628763.25
CRON,3.08,10,"[1, 1, 1, 1, 1, 1, 1, 1, 1, 1]",2.79,2.66,3.27,2.3,1291261.35
JMIA,5.81,1,"[0, 0, 0, 0, 0, 0, 0, 0, 1, 0]",6.56,8.96,14.6,5.69,1720361.3
XNCR,22.1,9,"[1, 1, 1, 1, 0, 1, 1, 1, 1, 1]",16.01,14.03,22.1,7.44,1145123.55
CMPS,13.38,9,"[1, 1, 1, 1, 1, 1, 1, 1, 1, 0]",12.59,8.45,15.07,4.08,3704392.35
METC,10.21,1,"[0, 0, 0, 0, 0, 0, 0, 0, 1, 0]",12.57,16.44,54.55,8.9,2096797.1
AMBQ,65.29,7,"[0, 1, 1, 1, 1, 1, 1, 0, 1, 0]",76.96,44.76,90.48,22.76,532905.2
NUTX,166.45,8,"[1, 1, 1, 1, 0, 1, 1, 1, 1, 0]",157.57,134.99,197.51,80.92,149350.05
CODI,12.32,10,"[1, 1, 1, 1, 1, 1, 1, 1, 1, 1]",10.41,8.26,12.48,4.65,653458.95
SANA,3.79,6,"[1, 1, 1, 0, 0, 0, 1, 0, 1, 1]",3.31,3.76,5.92,2.68,2486946.95
SCSC,51.85,8,"[0, 1, 1, 1, 1, 1, 1, 1, 1, 0]",52.29,42.99,58.89,34.27,213098.65
NX,21.89,9,"[1, 1, 1, 0, 1, 1, 1, 1, 1, 1]",17.94,17.42,22.34,11.09,333227.0
AVO,12.9,6,"[1, 0, 1, 0, 1, 1, 0, 1, 1, 0]",12.24,12.74,15.34,10.11,840070.9
ANNX,5.34,6,"[0, 0, 1, 0, 1, 1, 1, 1, 1, 0]",5.36,5.21,6.96,2.05,2979946.7
AMTB,29.05,10,"[1, 1, 1, 1, 1, 1, 1, 1, 1, 1]",25.8,22.11,30.58,16.48,470270.05
ABSI,9.41,9,"[1, 1, 1, 1, 1, 1, 1, 1, 1, 0]",8.55,4.79,11.62,2.3,2903744.65
AMC,2.4,8,"[1, 1, 1, 1, 0, 0, 1, 1, 1, 1]",2.23,1.79,3.15,0.95,47588356.75
ORIC,13.73,7,"[1, 1, 1, 0, 0, 0, 1, 1, 1, 1]",10.29,10.58,14.41,7.47,1782491.45
RHLD,132.37,4,"[1, 0, 0, 0, 0, 1, 1, 0, 1, 0]",130.7,156.47,226.37,56.37,144802.05
TBN,36.22,9,"[1, 1, 1, 1, 1, 1, 1, 0, 1, 1]",33.38,30.97,49.99,20.0,130493.95
JBSS,83.69,9,"[1, 1, 1, 1, 1, 1, 1, 1, 1, 0]",82.13,75.98,90.6,57.6,127474.55
MGTX,13.05,10,"[1, 1, 1, 1, 1, 1, 1, 1, 1, 1]",11.74,9.23,14.66,6.99,458025.55
HEPS,2.91,9,"[1, 1, 1, 1, 1, 1, 1, 1, 1, 0]",2.85,2.69,3.29,2.18,132039.9
AGL,86.39,7,"[0, 1, 1, 1, 1, 1, 1, 0, 1, 0]",106.2,44.94,129.84,7.91,421182.1
HAFC,31.97,10,"[1, 1, 1, 1, 1, 1, 1, 1, 1, 1]",31.5,28.21,33.02,22.1,287170.8
SLS,11.05,8,"[1, 1, 1, 1, 1, 1, 1, 0, 1, 0]",10.9,5.73,15.45,1.39,6393723.25
BJRI,67.53,10,"[1, 1, 1, 1, 1, 1, 1, 1, 1, 1]",59.46,44.13,74.26,28.69,563055.55
CGEM,19.63,10,"[1, 1, 1, 1, 1, 1, 1, 1, 1, 1]",16.7,13.39,19.63,5.75,546283.35
VPG,67.14,6,"[0, 0, 1, 1, 1, 1, 1, 0, 1, 0]",113.86,65.63,149.91,27.04,629188.35
SHEN,13.37,5,"[0, 0, 0, 0, 1, 0, 1, 1, 1, 1]",13.76,13.4,17.1,9.9,536957.65
ROOT,51.59,2,"[0, 0, 0, 1, 0, 0, 0, 0, 1, 0]",56.88,61.81,102.88,43.21,273105.05
GERN,1.63,9,"[1, 1, 1, 0, 1, 1, 1, 1, 1, 1]",1.35,1.41,1.95,1.07,10628458.0
VLRS,7.89,6,"[0, 0, 0, 1, 1, 1, 1, 0, 1, 1]",8.24,8.02,10.63,5.84,543667.4
LXRX,2.43,10,"[1, 1, 1, 1, 1, 1, 1, 1, 1, 1]",2.21,1.71,2.64,1.06,2999847.0
DSGN,14.62,10,"[1, 1, 1, 1, 1, 1, 1, 1, 1, 1]",12.73,10.89,15.79,4.79,461727.7
HNRG,15.64,1,"[0, 0, 0, 0, 0, 0, 0, 0, 1, 0]",16.46,18.17,23.81,13.7,866535.6
NB,5.36,4,"[1, 0, 0, 0, 0, 0, 1, 0, 1, 1]",4.85,5.6,11.67,3.72,3529336.3
MATW,23.5,4,"[0, 0, 0, 1, 1, 1, 0, 0, 1, 0]",26.32,25.66,,,443093.25
TBPH,16.92,5,"[1, 0, 0, 0, 0, 1, 1, 1, 1, 0]",16.78,17.15,20.74,11.92,647104.4
BVS,13.85,10,"[1, 1, 1, 1, 1, 1, 1, 1, 1, 1]",10.98,9.08,15.26,6.51,841722.85
OMDA,24.01,8,"[1, 1, 1, 1, 0, 0, 1, 1, 1, 1]",20.54,16.94,26.78,10.94,1674913.4
SCHL,41.33,8,"[0, 1, 1, 1, 1, 1, 1, 1, 1, 0]",43.89,36.4,47.34,23.81,398599.0
TALK,5.24,10,"[1, 1, 1, 1, 1, 1, 1, 1, 1, 1]",5.21,4.5,5.24,2.49,1585841.5
ABX,8.92,6,"[0, 0, 1, 1, 1, 1, 1, 0, 1, 0]",10.14,8.64,12.0,4.87,582746.05
SPRY,5.95,1,"[0, 0, 0, 0, 0, 0, 0, 0, 1, 0]",7.75,8.83,16.66,5.13,2418496.25
CTMX,3.45,5,"[1, 0, 0, 0, 1, 1, 1, 0, 1, 0]",3.35,4.18,6.75,1.76,2878474.35
MYE,32.28,10,"[1, 1, 1, 1, 1, 1, 1, 1, 1, 1]",30.07,22.6,36.74,15.41,459151.1
ABUS,4.67,9,"[1, 1, 1, 1, 0, 1, 1, 1, 1, 1]",4.53,4.45,5.22,3.37,1381319.85
AEVA,24.06,10,"[1, 1, 1, 1, 1, 1, 1, 1, 1, 1]",21.56,16.7,29.29,9.19,1883536.05
KOP,46.01,8,"[0, 1, 1, 1, 1, 1, 1, 1, 1, 0]",46.58,36.69,52.33,26.16,183430.6
NBBK,22.75,10,"[1, 1, 1, 1, 1, 1, 1, 1, 1, 1]",21.21,20.52,23.25,16.64,379084.7
IBTA,36.76,10,"[1, 1, 1, 1, 1, 1, 1, 1, 1, 1]",31.73,28.17,38.42,19.25,302565.35
CRSR,12.83,10,"[1, 1, 1, 1, 1, 1, 1, 1, 1, 1]",9.85,7.16,14.35,4.58,2187206.8
KRO,8.37,10,"[1, 1, 1, 1, 1, 1, 1, 1, 1, 1]",6.65,5.89,8.59,4.21,518011.05
ODD,12.48,1,"[0, 0, 0, 0, 0, 0, 0, 0, 1, 0]",14.2,24.23,63.68,9.81,742167.6
DRUG,80.25,9,"[1, 1, 1, 0, 1, 1, 1, 1, 1, 1]",70.97,76.15,95.99,38.8,213727.3
KURA,9.93,7,"[0, 1, 1, 1, 0, 1, 1, 1, 1, 0]",10.06,9.63,12.14,6.2,1115441.1
SCZM,9.06,7,"[1, 1, 1, 0, 1, 0, 1, 0, 1, 1]",6.88,8.48,16.16,3.55,483726.2
CVLG,33.37,6,"[0, 0, 1, 1, 1, 1, 1, 0, 1, 0]",43.11,30.62,49.88,17.94,246596.05
PURR,6.57,4,"[0, 1, 0, 1, 0, 0, 1, 0, 1, 0]",7.84,6.57,10.97,3.1,7976897.85
TSAT,59.48,10,"[1, 1, 1, 1, 1, 1, 1, 1, 1, 1]",44.53,37.81,59.48,19.93,268451.25
SG,5.39,3,"[0, 0, 0, 1, 1, 0, 0, 0, 1, 0]",7.52,6.78,10.21,4.7,7195428.75
VOR,23.59,8,"[1, 1, 1, 1, 1, 0, 1, 0, 1, 1]",17.86,15.31,48.72,6.86,827145.75
EVMN,14.21,3,"[0, 0, 0, 0, 1, 0, 0, 0, 1, 1]",15.89,14.21,31.57,11.05,567640.85
WYFI,24.22,6,"[0, 1, 1, 1, 1, 0, 1, 0, 1, 0]",29.97,22.14,44.77,10.78,1944096.6
SABR,1.99,9,"[1, 1, 1, 1, 0, 1, 1, 1, 1, 1]",1.87,1.63,2.24,0.82,3991672.5
CGNT,9.37,10,"[1, 1, 1, 1, 1, 1, 1, 1, 1, 1]",8.93,8.86,12.24,6.34,473216.55
ETON,42.05,10,"[1, 1, 1, 1, 1, 1, 1, 1, 1, 1]",37.67,24.57,49.03,14.35,563897.0
WEST,8.27,10,"[1, 1, 1, 1, 1, 1, 1, 1, 1, 1]",8.1,5.72,9.73,3.71,438486.5
EGBN,28.39,10,"[1, 1, 1, 1, 1, 1, 1, 1, 1, 1]",27.63,24.43,29.12,15.78,296786.25
GO,9.83,6,"[1, 1, 1, 1, 0, 0, 1, 0, 1, 0]",9.49,9.38,18.66,5.79,2395566.4
BIOA,10.67,5,"[0, 0, 0, 1, 1, 1, 1, 0, 1, 0]",19.57,16.72,25.1,4.42,1372908.0
ASC,16.21,9,"[0, 1, 1, 1, 1, 1, 1, 1, 1, 1]",16.24,14.4,19.22,10.01,554886.8
ADAM,10.23,10,"[1, 1, 1, 1, 1, 1, 1, 1, 1, 1]",9.06,7.78,10.23,5.98,906221.6
DXYZ,29.62,5,"[1, 0, 0, 0, 1, 0, 1, 0, 1, 1]",28.42,30.51,71.24,20.82,1042440.2
SUPV,8.37,4,"[0, 0, 0, 1, 0, 1, 1, 0, 1, 0]",9.74,10.04,12.86,4.69,499735.25
NRGV,3.58,4,"[0, 0, 0, 0, 1, 0, 1, 0, 1, 1]",3.89,4.06,6.49,1.43,5168919.15
IMSR,5.67,2,"[0, 0, 0, 0, 0, 0, 0, 0, 1, 1]",6.39,8.17,27.1,4.62,2086080.3
ANRO,28.78,10,"[1, 1, 1, 1, 1, 1, 1, 1, 1, 1]",25.06,20.26,28.78,3.12,410714.95
KFRC,57.95,10,"[1, 1, 1, 1, 1, 1, 1, 1, 1, 1]",52.6,36.74,59.09,23.68,279278.25
CWH,6.34,2,"[0, 0, 0, 0, 0, 0, 0, 0, 1, 1]",6.8,9.02,17.56,5.63,2478612.85
ARKO,4.41,4,"[0, 0, 0, 1, 1, 1, 0, 0, 1, 0]",7.67,6.04,8.64,3.76,870483.35
IHRT,2.93,4,"[0, 0, 0, 1, 0, 1, 1, 0, 1, 0]",3.91,3.9,6.33,2.03,636691.7
PSTL,22.49,8,"[0, 1, 1, 1, 1, 1, 1, 1, 1, 0]",23.57,19.5,24.98,13.93,248349.0
MTUS,21.71,10,"[1, 1, 1, 1, 1, 1, 1, 1, 1, 1]",19.89,18.46,21.72,14.56,434850.15
RLMD,4.47,5,"[0, 0, 0, 1, 1, 1, 1, 0, 1, 0]",5.97,5.32,7.86,0.57,1618062.35
CRESY,10.58,4,"[0, 0, 0, 0, 1, 1, 1, 0, 1, 0]",11.25,11.55,14.11,7.88,244409.5
CBLL,21.31,9,"[1, 1, 1, 0, 1, 1, 1, 1, 1, 1]",18.58,18.69,23.43,10.92,427093.15
LYTS,24.7,10,"[1, 1, 1, 1, 1, 1, 1, 1, 1, 1]",24.61,21.62,26.8,17.17,226009.25
NXDR,2.66,9,"[1, 1, 1, 1, 0, 1, 1, 1, 1, 1]",2.28,1.92,2.77,1.36,2701758.45
DSP,13.19,10,"[1, 1, 1, 1, 1, 1, 1, 1, 1, 1]",12.1,11.17,14.09,8.14,300020.95
PGC,45.47,8,"[0, 1, 1, 1, 1, 1, 1, 1, 1, 0]",45.89,36.23,48.33,24.65,218473.85
HZO,52.46,10,"[1, 1, 1, 1, 1, 1, 1, 1, 1, 1]",35.53,29.47,52.46,21.43,771216.2
ALLO,2.12,8,"[1, 1, 1, 0, 1, 1, 1, 0, 1, 1]",1.96,1.89,3.06,1.03,5977472.9
HSHP,15.51,10,"[1, 1, 1, 1, 1, 1, 1, 1, 1, 1]",14.62,11.72,16.12,6.71,283964.4
DRTS,14.27,10,"[1, 1, 1, 1, 1, 1, 1, 1, 1, 1]",11.59,7.84,14.27,3.06,594817.6
FOXF,21.54,8,"[1, 1, 1, 1, 1, 0, 1, 0, 1, 1]",18.24,17.8,30.35,13.19,643094.65
WRLD,187.13,8,"[0, 1, 1, 1, 1, 1, 1, 1, 1, 0]",188.59,152.93,223.83,115.57,139616.1
PRAA,18.74,10,"[1, 1, 1, 1, 1, 1, 1, 1, 1, 1]",17.18,16.6,22.23,10.42,418102.25
NTGR,23.85,5,"[1, 1, 0, 1, 0, 0, 0, 0, 1, 1]",23.76,24.22,36.01,19.87,418609.5
HPK,8.26,10,"[1, 1, 1, 1, 1, 1, 1, 1, 1, 1]",7.3,6.14,8.3,3.89,489178.4
KRNT,17.58,10,"[1, 1, 1, 1, 1, 1, 1, 1, 1, 1]",15.87,14.92,17.58,12.31,272471.4
FCEL,19.2,7,"[0, 1, 1, 1, 1, 1, 1, 0, 1, 0]",21.71,12.42,36.01,3.92,8772685.55
EVER,25.09,8,"[1, 1, 1, 1, 0, 1, 1, 1, 1, 0]",23.3,21.2,27.87,14.27,771695.95
GFR,6.65,10,"[1, 1, 1, 1, 1, 1, 1, 1, 1, 1]",5.94,5.63,6.92,4.31,254678.35
LPTH,13.09,8,"[0, 1, 1, 1, 1, 1, 1, 0, 1, 1]",13.15,11.47,18.15,3.41,2570708.4
RMT,14.29,10,"[1, 1, 1, 1, 1, 1, 1, 1, 1, 1]",14.0,11.96,14.68,8.97,124486.7
SB,7.33,10,"[1, 1, 1, 1, 1, 1, 1, 1, 1, 1]",6.96,6.01,7.95,4.06,839638.25
HIVE,2.65,3,"[0, 0, 0, 1, 0, 0, 1, 0, 1, 0]",3.47,3.08,6.96,1.75,15634618.6
SLDB,8.85,9,"[1, 1, 1, 1, 1, 1, 1, 1, 1, 0]",8.52,6.88,11.15,3.93,998631.2
GDOT,13.41,9,"[1, 1, 1, 1, 1, 1, 0, 1, 1, 1]",13.17,12.38,15.25,10.53,376609.15
MAKO,9.89,10,"[1, 1, 1, 1, 1, 1, 1, 1, 1, 1]",7.68,6.96,9.89,4.21,154232.5
MVST,0.86,1,"[0, 0, 0, 0, 0, 0, 0, 0, 1, 0]",1.06,2.27,6.4,0.71,6107903.0
MITK,18.52,9,"[1, 1, 1, 1, 1, 1, 1, 1, 1, 0]",17.73,13.5,20.14,8.65,760327.45
RDVT,71.22,9,"[1, 1, 1, 1, 0, 1, 1, 1, 1, 1]",62.15,50.93,71.22,34.4,260461.9
KRUS,49.4,2,"[0, 0, 0, 0, 1, 0, 0, 0, 1, 0]",49.41,57.15,85.05,42.67,210618.2
MRLN,4.41,3,"[0, 0, 0, 0, 0, 0, 1, 0, 1, 1]",5.16,8.96,16.09,3.31,1376338.0
BLMN,11.12,10,"[1, 1, 1, 1, 1, 1, 1, 1, 1, 1]",8.54,7.14,11.85,5.26,2219963.85
IRWD,4.3,9,"[1, 1, 1, 0, 1, 1, 1, 1, 1, 1]",3.91,3.75,5.39,0.98,2118904.3
HUYA,2.42,4,"[1, 0, 0, 0, 1, 0, 0, 0, 1, 1]",2.38,2.89,4.6,2.19,398213.25
SLDP,2.41,2,"[0, 0, 0, 0, 0, 0, 0, 0, 1, 1]",2.54,3.82,8.51,2.0,4120880.6
ACRS,5.92,10,"[1, 1, 1, 1, 1, 1, 1, 1, 1, 1]",5.17,3.87,6.36,1.64,2180427.9
HRTG,32.18,9,"[1, 1, 1, 1, 0, 1, 1, 1, 1, 1]",26.36,26.61,35.21,20.88,343555.4
CYRX,14.95,8,"[0, 1, 1, 1, 1, 1, 1, 1, 1, 0]",15.47,11.22,16.57,7.72,641248.7
CTO,21.57,9,"[1, 1, 1, 1, 1, 1, 1, 1, 1, 0]",21.33,18.85,22.53,14.38,333178.9
ASPI,4.32,1,"[0, 0, 0, 0, 0, 0, 0, 0, 1, 0]",5.44,6.0,14.05,3.54,4067636.35
OXM,36.3,4,"[0, 0, 0, 0, 1, 1, 0, 1, 1, 0]",38.19,37.61,48.22,30.22,325515.85
GRPN,21.87,6,"[0, 1, 1, 1, 0, 1, 1, 0, 1, 0]",22.97,17.31,30.34,9.64,1646499.1
ALRS,33.44,10,"[1, 1, 1, 1, 1, 1, 1, 1, 1, 1]",31.2,25.56,34.12,20.29,227091.05
LAES,2.55,1,"[0, 0, 0, 0, 0, 0, 0, 0, 1, 0]",2.88,3.67,7.65,2.09,14012589.3
