ticker,price,score,points,sma50,sma200,wk52_high,wk52_low,volume
NVDA,239.24,10,"[1, 1, 1, 1, 1, 1, 1, 1, 1, 1]",219.62,201.03,239.24,164.79,108452070.0
GOOGL,347.68,9,"[1, 1, 1, 0, 1, 1, 1, 1, 1, 1]",345.2,339.0,402.12,235.96,27267720.0
GOOG,,1,"[0, 0, 0, 0, 0, 0, 0, 0, 1, 0]",,,398.54,236.87,17901691.05
AAPL,333.63,10,"[1, 1, 1, 1, 1, 1, 1, 1, 1, 1]",322.3,289.41,341.07,244.37,41722990.0
AMZN,256.29,7,"[0, 1, 1, 1, 1, 1, 0, 1, 1, 0]",257.43,241.68,284.02,198.79,35838725.0
AVGO,375.81,6,"[1, 0, 1, 0, 1, 0, 0, 1, 1, 1]",372.16,366.64,479.94,292.41,24485320.0
TSM,482.3,10,"[1, 1, 1, 1, 1, 1, 1, 1, 1, 1]",427.43,387.46,485.8,272.18,9856045.0
TSLA,380.68,5,"[1, 1, 0, 0, 0, 0, 0, 1, 1, 1]",350.33,392.19,489.88,298.32,35810825.0
WMT,107.2,3,"[0, 0, 0, 0, 0, 0, 0, 1, 1, 1]",108.58,117.8,133.88,99.77,22236570.0
LLY,1157.49,9,"[0, 1, 1, 1, 1, 1, 1, 1, 1, 1]",1174.49,1072.41,1280.34,794.56,2230055.0
MU,1045.56,10,"[1, 1, 1, 1, 1, 1, 1, 1, 1, 1]",961.81,689.76,1213.37,181.42,25274600.0
AMD,649.42,10,"[1, 1, 1, 1, 1, 1, 1, 1, 1, 1]",518.82,379.09,649.42,190.95,22207460.0
INTC,112.5,10,"[1, 1, 1, 1, 1, 1, 1, 1, 1, 1]",101.77,81.96,140.94,33.62,109374345.0
XOM,164.48,10,"[1, 1, 1, 1, 1, 1, 1, 1, 1, 1]",160.59,148.15,169.32,107.52,13762080.0
ASML,1834.1,10,"[1, 1, 1, 1, 1, 1, 1, 1, 1, 1]",1727.21,1547.78,1986.87,930.06,1381660.0
ORCL,144.77,2,"[1, 0, 0, 0, 0, 0, 0, 0, 1, 0]",144.64,161.83,310.01,114.99,34978055.0
JNJ,254.78,8,"[0, 1, 1, 1, 1, 1, 1, 1, 1, 0]",265.05,240.2,278.43,181.9,6746670.0
CAT,863.44,9,"[1, 1, 1, 0, 1, 1, 1, 1, 1, 1]",822.44,796.17,1062.93,482.37,2312000.0
CSCO,117.94,10,"[1, 1, 1, 1, 1, 1, 1, 1, 1, 1]",111.73,97.34,129.02,66.23,19000115.0
LRCX,333.89,10,"[1, 1, 1, 1, 1, 1, 1, 1, 1, 1]",307.45,276.43,432.87,130.77,9388185.0
CVX,207.58,9,"[1, 1, 1, 1, 1, 1, 1, 1, 1, 0]",202.6,184.76,217.77,142.76,9761950.0
AMAT,530.27,9,"[1, 1, 1, 1, 1, 1, 1, 0, 1, 1]",487.3,429.79,722.23,208.8,6197840.0
UNH,376.32,8,"[0, 1, 1, 1, 1, 1, 1, 1, 1, 0]",390.45,353.07,433.68,255.97,4996365.0
BABA,,1,"[0, 0, 0, 0, 0, 0, 0, 0, 1, 0]",,,179.68,94.81,8314151.35
GE,309.39,5,"[0, 0, 0, 1, 1, 1, 0, 1, 1, 0]",339.24,323.09,380.64,272.5,4595190.0
HSBC,97.58,8,"[0, 1, 1, 1, 1, 1, 1, 1, 1, 0]",102.79,91.12,107.34,62.78,1597190.0
MS,191.02,5,"[0, 0, 0, 1, 1, 1, 0, 1, 1, 0]",208.42,192.67,227.3,148.49,5703775.0
AZN,158.61,2,"[0, 0, 0, 0, 0, 0, 0, 1, 1, 0]",162.86,181.48,208.62,155.62,2835020.0
GEV,,1,"[0, 0, 0, 0, 0, 0, 0, 0, 1, 0]",,,1174.86,546.95,2201736.0
GS,897.18,5,"[0, 0, 0, 1, 1, 1, 0, 1, 1, 0]",994.89,952.46,1146.46,730.24,2204570.0
MRK,141.94,8,"[0, 1, 1, 1, 1, 1, 1, 1, 1, 0]",142.12,121.89,155.53,80.14,9928825.0
NVS,140.79,5,"[0, 0, 0, 0, 1, 1, 0, 1, 1, 1]",149.93,149.56,163.64,118.2,2044615.0
TXN,297.23,10,"[1, 1, 1, 1, 1, 1, 1, 1, 1, 1]",271.12,248.4,330.59,150.79,5731440.0
RY,196.35,8,"[0, 1, 1, 1, 1, 1, 1, 1, 1, 0]",206.13,185.4,216.57,141.81,1038875.0
KLAC,197.46,8,"[1, 1, 1, 0, 1, 1, 1, 0, 1, 1]",186.97,178.33,301.37,97.75,9178875.0
RTX,183.29,5,"[0, 0, 0, 1, 1, 1, 0, 1, 1, 0]",205.07,193.89,225.49,154.7,4000090.0
SNDK,,1,"[0, 0, 0, 0, 0, 0, 0, 0, 1, 0]",,,2335.0,116.91,8680936.75
QCOM,181.03,8,"[1, 1, 1, 0, 1, 1, 1, 0, 1, 1]",171.47,167.94,248.74,122.94,14420040.0
ARM,,1,"[0, 0, 0, 0, 0, 0, 0, 0, 1, 0]",,,439.46,104.55,5806645.25
C,128.52,7,"[0, 0, 1, 1, 1, 1, 1, 1, 1, 0]",133.71,125.22,144.93,91.98,9989825.0
BHP,87.0,8,"[0, 1, 1, 1, 1, 1, 1, 1, 1, 0]",87.74,77.78,96.58,50.46,2749130.0
ADI,420.55,10,"[1, 1, 1, 1, 1, 1, 1, 1, 1, 1]",376.83,359.28,444.13,222.42,3113515.0
NVO,37.53,2,"[0, 0, 0, 1, 0, 0, 0, 0, 1, 0]",44.04,44.49,60.94,34.33,14844430.0
MUFG,23.2,9,"[1, 1, 1, 1, 1, 1, 1, 1, 1, 0]",22.85,19.66,24.13,14.62,2876680.0
TTE,83.98,7,"[0, 0, 1, 1, 1, 1, 1, 1, 1, 0]",87.57,81.8,92.51,55.27,1751240.0
NEE,77.88,3,"[0, 0, 0, 0, 1, 0, 0, 1, 1, 0]",82.28,86.29,96.44,75.49,13123190.0
BA,189.82,3,"[0, 0, 0, 0, 0, 1, 0, 1, 1, 0]",211.56,220.6,252.15,179.12,8719740.0
TD,118.18,8,"[0, 1, 1, 1, 1, 1, 1, 1, 1, 0]",120.36,107.4,124.8,77.19,1868600.0
SAN,14.01,8,"[0, 1, 1, 1, 1, 1, 1, 1, 1, 0]",14.44,12.79,15.05,9.53,8069145.0
RIO,95.89,7,"[0, 0, 1, 1, 1, 1, 1, 1, 1, 0]",98.39,93.51,109.63,62.29,1890330.0
ANET,,1,"[0, 0, 0, 0, 0, 0, 0, 0, 1, 0]",,,210.5,116.13,4862299.05
STX,805.63,7,"[0, 1, 1, 1, 1, 1, 1, 0, 1, 0]",854.64,655.38,1092.38,210.39,4550680.0
DELL,,1,"[0, 0, 0, 0, 0, 0, 0, 0, 1, 0]",,,588.4,110.54,8131171.55
PANW,,1,"[0, 0, 0, 0, 0, 0, 0, 0, 1, 0]",,,406.76,141.67,6176110.85
WDC,411.04,6,"[0, 0, 1, 1, 1, 1, 1, 0, 1, 0]",462.77,402.39,745.99,112.92,8404510.0
GILD,144.23,8,"[1, 1, 1, 1, 1, 1, 0, 1, 1, 0]",143.24,135.49,153.05,113.92,5799915.0
GLW,168.97,8,"[1, 1, 1, 0, 1, 1, 1, 0, 1, 1]",153.58,150.88,255.21,77.62,8034985.0
BUD,75.62,5,"[0, 0, 0, 1, 1, 1, 0, 1, 1, 0]",79.36,75.86,86.48,58.31,2150900.0
APP,,1,"[0, 0, 0, 0, 0, 0, 0, 0, 1, 0]",,,733.6,268.22,5460419.85
APH,88.62,10,"[1, 1, 1, 1, 1, 1, 1, 1, 1, 1]",81.55,74.16,88.62,59.39,12173795.0
DE,682.79,10,"[1, 1, 1, 1, 1, 1, 1, 1, 1, 1]",649.87,586.94,707.79,434.16,1246085.0
SCCO,204.26,9,"[1, 1, 1, 1, 1, 1, 1, 1, 1, 0]",197.92,181.13,219.7,114.69,1037260.0
WELL,225.78,8,"[0, 1, 1, 1, 1, 1, 1, 1, 1, 0]",234.46,213.31,251.12,163.53,2625900.0
MRVL,287.01,10,"[1, 1, 1, 1, 1, 1, 1, 1, 1, 1]",230.22,168.83,316.35,73.67,18804690.0
IBKR,90.58,9,"[1, 1, 1, 1, 1, 1, 1, 1, 1, 0]",90.52,81.43,98.1,60.79,3868325.0
COP,129.35,9,"[1, 1, 1, 1, 1, 1, 1, 1, 1, 0]",128.22,115.72,141.22,83.04,6924080.0
PLD,128.68,4,"[0, 0, 0, 0, 1, 1, 0, 1, 1, 0]",137.15,136.01,148.88,107.84,3695285.0
UBS,,1,"[0, 0, 0, 0, 0, 0, 0, 0, 1, 0]",,,55.72,35.49,2314387.45
SMFG,25.83,8,"[0, 1, 1, 1, 1, 1, 1, 1, 1, 0]",25.93,22.95,27.56,15.2,1445125.0
CRWD,,1,"[0, 0, 0, 0, 0, 0, 0, 0, 1, 0]",,,272.67,87.56,10403435.8
VRT,,1,"[0, 0, 0, 0, 0, 0, 0, 0, 1, 0]",,,376.06,149.73,5345232.2
BTI,53.01,4,"[0, 0, 0, 0, 1, 1, 0, 1, 1, 0]",55.72,57.18,64.75,47.58,5373235.0
BBVA,27.15,8,"[0, 1, 1, 1, 1, 1, 1, 1, 1, 0]",28.45,24.33,29.64,17.18,1437235.0
NEM,116.39,7,"[0, 1, 1, 1, 0, 1, 1, 1, 1, 0]",118.62,111.27,134.86,77.9,6324645.0
PBR,23.8,10,"[1, 1, 1, 1, 1, 1, 1, 1, 1, 1]",19.57,17.46,24.14,11.06,24161435.0
PBR-A,21.62,10,"[1, 1, 1, 1, 1, 1, 1, 1, 1, 1]",17.62,15.82,22.12,10.33,8784170.0
SBUX,96.11,5,"[0, 0, 0, 1, 1, 1, 0, 1, 1, 0]",101.82,98.01,108.49,76.51,7252350.0
CVS,86.43,5,"[0, 0, 0, 1, 1, 1, 0, 1, 1, 0]",94.08,87.03,109.92,69.04,8658380.0
BMY,59.59,8,"[0, 1, 1, 1, 1, 1, 1, 1, 1, 0]",63.76,58.19,67.39,40.79,12728420.0
BP,45.01,10,"[1, 1, 1, 1, 1, 1, 1, 1, 1, 1]",43.74,40.99,46.96,31.17,9675410.0
PWR,719.56,9,"[1, 1, 1, 0, 1, 1, 1, 1, 1, 1]",646.07,608.2,784.99,411.89,853930.0
PH,984.91,9,"[0, 1, 1, 1, 1, 1, 1, 1, 1, 1]",986.94,943.07,1071.71,710.74,546665.0
HWM,231.6,5,"[0, 0, 0, 0, 1, 1, 0, 1, 1, 1]",255.84,248.69,292.65,183.71,2970765.0
BMO,166.09,8,"[0, 1, 1, 1, 1, 1, 1, 1, 1, 0]",174.98,155.49,185.81,118.13,674055.0
EQIX,1047.36,10,"[1, 1, 1, 1, 1, 1, 1, 1, 1, 1]",1041.02,983.09,1110.63,715.18,504580.0
MFG,11.15,10,"[1, 1, 1, 1, 1, 1, 1, 1, 1, 1]",10.75,9.31,11.45,6.09,3375035.0
TT,476.39,8,"[1, 1, 1, 0, 1, 1, 0, 1, 1, 1]",453.47,446.78,502.27,373.79,1213410.0
CM,111.59,8,"[0, 1, 1, 1, 1, 1, 1, 1, 1, 0]",115.3,105.48,122.92,78.11,1591905.0
CDNS,359.55,8,"[1, 1, 1, 0, 1, 0, 1, 1, 1, 1]",319.56,326.1,416.39,265.66,2548880.0
GSK,46.6,3,"[0, 0, 0, 0, 0, 1, 0, 1, 1, 0]",50.3,51.68,59.6,41.76,3773870.0
SNPS,505.17,7,"[1, 1, 1, 0, 0, 0, 1, 1, 1, 1]",412.23,445.29,534.56,367.7,2390625.0
AEM,186.03,5,"[0, 1, 0, 1, 0, 1, 1, 0, 1, 0]",189.14,188.53,251.01,136.04,1732610.0
HCA,432.2,5,"[1, 1, 0, 0, 0, 0, 0, 1, 1, 1]",417.92,444.03,542.23,359.93,1457535.0
BNS,90.22,8,"[0, 1, 1, 1, 1, 1, 1, 1, 1, 0]",90.27,79.24,94.51,61.47,2213880.0
CMI,535.31,4,"[0, 0, 0, 0, 1, 1, 1, 0, 1, 0]",574.54,600.3,724.89,402.1,1128520.0
MAR,361.28,9,"[1, 1, 1, 0, 1, 1, 1, 1, 1, 1]",350.84,348.79,401.72,256.9,1562630.0
CNQ,48.1,8,"[0, 1, 1, 1, 1, 1, 1, 1, 1, 0]",48.43,43.41,51.55,29.07,6607725.0
EQNR,43.01,9,"[1, 1, 1, 1, 1, 1, 1, 1, 1, 0]",42.0,35.08,45.75,21.68,3938485.0
ITUB,10.15,9,"[1, 1, 1, 0, 1, 1, 1, 1, 1, 1]",8.06,8.12,10.15,6.07,32500025.0
FDX,289.03,6,"[0, 0, 0, 1, 1, 1, 1, 1, 1, 0]",311.57,297.62,338.02,177.99,1613395.0
FCX,72.56,9,"[1, 1, 1, 1, 1, 1, 1, 1, 1, 0]",70.93,63.69,79.91,38.38,11298160.0
USB,57.29,7,"[0, 0, 1, 1, 1, 1, 1, 1, 1, 0]",61.35,56.66,64.81,43.6,8247900.0
JCI,158.76,10,"[1, 1, 1, 1, 1, 1, 1, 1, 1, 1]",146.26,137.34,158.76,104.64,3400075.0
ING,34.9,8,"[0, 1, 1, 1, 1, 1, 1, 1, 1, 0]",35.59,30.22,37.27,22.65,2193585.0
FTNT,191.27,10,"[1, 1, 1, 1, 1, 1, 1, 1, 1, 1]",165.06,119.64,191.27,75.23,4009655.0
MNST,43.25,8,"[0, 0, 1, 1, 1, 1, 1, 1, 1, 1]",45.33,42.46,49.97,33.15,10087605.0
CSX,47.5,8,"[0, 1, 1, 1, 1, 1, 1, 1, 1, 0]",49.17,44.21,53.08,33.25,10806555.0
AMX,22.36,4,"[0, 0, 0, 0, 1, 1, 0, 1, 1, 0]",23.19,23.98,27.42,19.65,2727795.0
ELV,400.09,9,"[1, 1, 1, 1, 1, 1, 1, 1, 1, 0]",396.93,363.48,424.94,276.68,1234390.0
BCS,23.67,4,"[0, 0, 0, 1, 0, 1, 0, 1, 1, 0]",26.29,24.85,28.24,18.92,4887895.0
SLB,50.0,6,"[0, 0, 0, 1, 1, 1, 1, 1, 1, 0]",52.7,50.19,59.79,30.96,13818150.0
MPWR,1473.69,9,"[1, 1, 1, 0, 1, 1, 1, 1, 1, 1]",1308.42,1284.84,1684.83,851.25,721240.0
LYG,5.56,8,"[0, 1, 1, 1, 1, 1, 1, 1, 1, 0]",5.93,5.51,6.21,4.26,15422510.0
E,54.55,10,"[1, 1, 1, 1, 1, 1, 1, 1, 1, 1]",54.3,49.12,56.68,32.88,323735.0
CIEN,443.65,8,"[1, 1, 1, 0, 1, 1, 1, 0, 1, 1]",375.27,393.42,627.0,151.48,2737755.0
APO,115.95,3,"[0, 0, 0, 1, 0, 0, 0, 1, 1, 0]",128.2,125.5,150.8,99.46,3008100.0
CRH,83.6,1,"[0, 0, 0, 0, 0, 0, 0, 0, 1, 0]",91.98,107.24,129.92,81.7,5511805.0
SU,68.22,10,"[1, 1, 1, 1, 1, 1, 1, 1, 1, 1]",66.76,59.99,71.87,37.39,3825225.0
REGN,738.72,7,"[0, 1, 1, 1, 0, 1, 1, 1, 1, 0]",787.43,734.41,852.03,554.88,764785.0
NXPI,244.38,7,"[1, 0, 1, 0, 1, 1, 1, 0, 1, 1]",230.91,243.95,330.06,180.99,3351075.0
BE,,1,"[0, 0, 0, 0, 0, 0, 0, 0, 1, 0]",,,345.85,76.97,16582738.55
ROST,224.21,7,"[0, 0, 1, 1, 1, 1, 1, 1, 1, 0]",236.86,217.57,254.74,146.49,2021670.0
B,40.72,5,"[0, 0, 0, 1, 0, 1, 1, 1, 1, 0]",42.44,42.39,52.12,30.85,8342335.0
HLT,,1,"[0, 0, 0, 0, 0, 0, 0, 0, 1, 0]",,,350.06,256.46,1654140.0
ASX,46.78,10,"[1, 1, 1, 1, 1, 1, 1, 1, 1, 1]",39.4,30.81,47.53,10.97,6708085.0
NOK,10.97,7,"[1, 0, 1, 0, 1, 1, 1, 0, 1, 1]",10.13,10.06,16.85,5.07,86064455.0
VLO,419.22,10,"[1, 1, 1, 1, 1, 1, 1, 1, 1, 1]",359.64,261.47,419.33,153.14,3919080.0
MPC,432.36,10,"[1, 1, 1, 1, 1, 1, 1, 1, 1, 1]",370.05,263.16,433.47,160.76,3015890.0
GM,82.01,7,"[0, 1, 1, 1, 0, 1, 1, 1, 1, 0]",85.17,80.38,90.11,54.88,7873745.0
AEP,121.67,4,"[0, 0, 0, 0, 1, 1, 0, 1, 1, 0]",123.12,125.74,137.64,111.15,4198790.0
DDOG,,1,"[0, 0, 0, 0, 0, 0, 0, 0, 1, 0]",,,288.15,102.61,3146879.8
LITE,,1,"[0, 0, 0, 0, 0, 0, 0, 0, 1, 0]",,,1091.67,149.61,4711769.05
VALE,14.08,5,"[0, 0, 0, 0, 1, 1, 1, 1, 1, 0]",14.41,14.98,17.33,9.93,34698165.0
NSC,316.31,7,"[0, 1, 1, 1, 1, 1, 0, 1, 1, 0]",329.81,309.86,352.98,274.69,1007935.0
HOOD,,1,"[0, 0, 0, 0, 0, 0, 0, 0, 1, 0]",,,152.46,65.16,21801944.75
NET,,1,"[0, 0, 0, 0, 0, 0, 0, 0, 1, 0]",,,359.49,160.19,3189281.95
PSX,,1,"[0, 0, 0, 0, 0, 0, 0, 0, 1, 0]",,,274.21,123.11,3251028.55
FIX,1817.96,9,"[1, 1, 1, 0, 1, 1, 1, 1, 1, 1]",1658.01,1563.24,2065.44,789.1,316260.0
DLR,184.65,6,"[0, 0, 1, 1, 1, 1, 0, 1, 1, 0]",186.67,179.22,201.18,144.96,1866450.0
WBD,30.95,9,"[1, 1, 1, 1, 0, 1, 1, 1, 1, 1]",28.44,27.7,30.95,17.1,71292150.0
TRP,60.23,4,"[0, 0, 0, 0, 1, 1, 0, 1, 1, 0]",61.75,61.92,69.85,48.33,3638640.0
MFC,42.93,8,"[0, 1, 1, 1, 1, 1, 1, 1, 1, 0]",43.51,38.79,44.59,30.78,1495665.0
SPG,201.74,6,"[0, 0, 1, 1, 1, 1, 0, 1, 1, 0]",212.4,200.28,234.19,165.67,1273470.0
COHR,338.36,9,"[1, 1, 1, 0, 1, 1, 1, 1, 1, 1]",299.39,290.65,426.89,109.37,6839485.0
MSTR,164.55,6,"[1, 1, 1, 0, 0, 0, 1, 0, 1, 1]",126.38,136.0,330.8,82.31,22196355.0
BKR,57.13,5,"[0, 0, 0, 0, 1, 1, 1, 1, 1, 0]",60.52,59.18,69.18,43.79,8446585.0
WPM,137.65,7,"[0, 1, 1, 1, 0, 1, 1, 1, 1, 0]",140.8,132.91,164.99,93.96,1779175.0
CRWV,,1,"[0, 0, 0, 0, 0, 0, 0, 0, 1, 0]",,,143.08,60.82,29619208.8
KEYS,,1,"[0, 0, 0, 0, 0, 0, 0, 0, 1, 0]",,,384.64,159.49,1090536.3
CVNA,,1,"[0, 0, 0, 0, 0, 0, 0, 0, 1, 0]",,,95.69,56.26,7902267.05
RKLB,,1,"[0, 0, 0, 0, 0, 0, 0, 0, 1, 0]",,,150.23,39.48,21630476.7
TEL,219.51,7,"[1, 1, 1, 1, 0, 0, 0, 1, 1, 1]",209.53,213.01,246.32,194.33,1797665.0
URI,1080.62,10,"[1, 1, 1, 1, 1, 1, 1, 1, 1, 1]",1062.16,948.02,1164.82,707.78,492850.0
GWW,1275.56,8,"[0, 1, 1, 1, 1, 1, 1, 1, 1, 0]",1297.68,1205.9,1399.3,912.82,273900.0
TGT,154.33,8,"[0, 1, 1, 1, 1, 1, 1, 1, 1, 0]",156.04,127.9,169.89,81.44,3648755.0
TER,430.32,10,"[1, 1, 1, 1, 1, 1, 1, 1, 1, 1]",378.65,337.36,483.65,131.82,2478300.0
LHX,237.9,1,"[0, 0, 0, 0, 0, 0, 0, 0, 1, 0]",261.82,307.74,373.85,236.47,1641480.0
CARR,,1,"[0, 0, 0, 0, 0, 0, 0, 0, 1, 0]",,,75.73,49.79,7263477.5
CTVA,,1,"[0, 0, 0, 0, 0, 0, 0, 0, 1, 0]",,,90.32,11.92,23389241.8
AU,93.55,5,"[0, 0, 0, 1, 0, 1, 1, 1, 1, 0]",100.1,95.31,123.84,60.79,2329735.0
OKE,89.23,8,"[0, 1, 1, 1, 1, 1, 1, 1, 1, 0]",92.02,85.55,97.51,61.95,3825485.0
MCHP,81.26,9,"[1, 1, 1, 0, 1, 1, 1, 1, 1, 1]",75.74,78.36,102.1,47.77,8144815.0
MCHPP,69.07,9,"[1, 1, 1, 0, 1, 1, 1, 1, 1, 1]",64.89,66.87,84.47,45.06,122320.35
CVE,31.24,8,"[0, 1, 1, 1, 1, 1, 1, 1, 1, 0]",31.28,25.88,33.92,15.59,7685255.0
AME,253.72,10,"[1, 1, 1, 1, 1, 1, 1, 1, 1, 1]",244.01,230.17,258.14,178.19,1460625.0
TRGP,285.72,9,"[1, 1, 1, 1, 1, 1, 1, 1, 1, 0]",281.67,247.81,302.25,143.22,1199915.0
COIN,,1,"[0, 0, 0, 0, 0, 0, 0, 0, 1, 0]",,,387.27,141.09,9608809.55
FANG,,1,"[0, 0, 0, 0, 0, 0, 0, 0, 1, 0]",,,211.53,134.06,3367848.6
OXY,58.33,9,"[1, 1, 1, 1, 1, 1, 1, 1, 1, 0]",58.31,53.78,65.63,38.38,9607170.0
DVN,48.02,9,"[1, 1, 1, 1, 1, 1, 1, 1, 1, 0]",46.88,44.21,51.37,30.95,12867235.0
FLEX,121.38,9,"[1, 1, 1, 1, 1, 1, 1, 0, 1, 1]",114.17,100.16,162.07,54.51,3131940.0
ABEV,3.22,9,"[1, 1, 1, 0, 1, 1, 1, 1, 1, 1]",2.95,2.95,3.4,2.09,22504560.0
NUE,251.07,8,"[0, 1, 1, 1, 1, 1, 1, 1, 1, 0]",255.4,214.52,274.09,130.26,1297935.0
STM,58.72,8,"[1, 1, 1, 0, 1, 1, 1, 0, 1, 1]",51.97,48.09,79.68,21.01,9045850.0
BIDU,87.05,1,"[0, 0, 0, 0, 0, 0, 0, 0, 1, 0]",96.21,119.5,162.52,84.32,2334670.0
ETR,103.25,4,"[0, 0, 0, 0, 1, 1, 0, 1, 1, 0]",104.91,105.48,116.66,89.57,3131645.0
UI,626.48,5,"[1, 0, 0, 0, 1, 1, 0, 0, 1, 1]",573.13,656.56,1081.3,513.35,143010.0
CCJ,93.02,2,"[0, 0, 0, 0, 0, 1, 0, 0, 1, 0]",94.68,105.7,134.09,79.29,3158850.0
FER,,1,"[0, 0, 0, 0, 0, 0, 0, 0, 1, 0]",,,73.66,51.84,1851885.15
ROK,450.74,10,"[1, 1, 1, 1, 1, 1, 1, 1, 1, 1]",436.96,422.39,493.56,329.34,695115.0
ARGX,,1,"[0, 0, 0, 0, 0, 0, 0, 0, 1, 0]",,,1058.9,663.93,275048.1
DAL,83.66,9,"[0, 1, 1, 1, 1, 1, 1, 1, 1, 1]",83.98,75.67,93.43,55.22,7693220.0
EBAY,107.06,10,"[1, 1, 1, 1, 1, 1, 1, 1, 1, 1]",107.0,100.81,118.27,78.69,4882685.0
FERG,223.33,2,"[0, 0, 0, 0, 0, 0, 0, 1, 1, 0]",231.28,236.28,265.69,214.26,1445450.0
MT,65.19,8,"[0, 1, 1, 1, 1, 1, 1, 1, 1, 0]",72.3,62.12,78.74,36.41,1337165.0
WAB,291.16,10,"[1, 1, 1, 1, 1, 1, 1, 1, 1, 1]",290.09,261.85,305.47,190.14,801270.0
FNV,243.98,7,"[0, 1, 1, 1, 0, 1, 1, 1, 1, 0]",248.8,237.42,279.3,182.97,866900.0
FITB,51.0,7,"[0, 0, 1, 1, 1, 1, 1, 1, 1, 0]",54.19,50.91,58.88,39.06,6577200.0
XYZ,,1,"[0, 0, 0, 0, 0, 0, 0, 0, 1, 0]",,,84.85,49.09,3961995.35
NBIS,,1,"[0, 0, 0, 0, 0, 0, 0, 0, 1, 0]",,,286.69,73.87,15346781.8
RKT,,1,"[0, 0, 0, 0, 0, 0, 0, 0, 1, 0]",,,23.44,11.51,38203112.05
VTR,81.86,5,"[0, 0, 0, 1, 1, 1, 0, 1, 1, 0]",89.47,84.93,99.93,65.83,4013260.0
CLS,388.24,9,"[1, 1, 1, 0, 1, 1, 1, 1, 1, 1]",333.15,331.73,472.4,237.79,2166290.0
CAH,233.44,9,"[1, 1, 1, 1, 1, 1, 1, 1, 1, 0]",232.36,217.38,248.03,151.83,1882485.0
TEVA,39.13,10,"[1, 1, 1, 1, 1, 1, 1, 1, 1, 1]",37.26,33.77,40.22,18.95,5191705.0
HPE,,1,"[0, 0, 0, 0, 0, 0, 0, 0, 1, 0]",,,69.33,19.67,22357426.6
STT,175.75,8,"[0, 1, 1, 1, 1, 1, 1, 1, 1, 0]",184.93,153.82,193.24,108.43,2211305.0
ODFL,178.02,4,"[0, 0, 0, 0, 1, 1, 1, 0, 1, 0]",194.36,199.55,248.34,125.51,1849135.0
GFS,,1,"[0, 0, 0, 0, 0, 0, 0, 0, 1, 0]",,,89.61,32.11,3781174.6
WDS,21.75,7,"[0, 0, 1, 1, 1, 1, 1, 1, 1, 0]",22.69,20.59,24.19,13.56,647065.0
EME,824.52,9,"[1, 1, 1, 0, 1, 1, 1, 1, 1, 1]",774.24,774.17,943.26,580.64,367730.0
ON,86.31,7,"[1, 0, 1, 0, 1, 1, 1, 0, 1, 1]",76.57,80.78,133.93,44.9,12109150.0
GFI,36.17,3,"[0, 0, 0, 1, 0, 1, 0, 0, 1, 0]",40.63,42.28,58.44,30.56,3620440.0
ERIC,9.43,3,"[0, 0, 0, 0, 1, 1, 0, 0, 1, 0]",9.8,10.66,13.51,7.92,7547625.0
KB,124.76,9,"[1, 1, 1, 1, 1, 1, 1, 1, 1, 0]",123.36,108.66,132.88,77.5,150775.0
PUK,24.6,1,"[0, 0, 0, 0, 0, 0, 0, 0, 1, 0]",27.11,28.91,32.95,24.51,1057900.0
IRM,116.5,8,"[0, 0, 1, 1, 1, 1, 1, 1, 1, 1]",117.86,111.16,132.03,77.09,1603095.0
LYV,171.8,9,"[0, 1, 1, 1, 1, 1, 1, 1, 1, 1]",176.96,164.14,188.46,125.61,2072830.0
KGC,23.81,1,"[0, 0, 0, 0, 0, 0, 0, 0, 1, 0]",27.6,29.37,37.92,22.38,7896755.0
JBL,309.19,6,"[0, 0, 1, 0, 1, 1, 1, 1, 1, 0]",316.56,302.46,385.55,192.34,1510705.0
ADM,82.21,9,"[1, 1, 1, 1, 1, 1, 1, 1, 1, 0]",81.63,73.94,88.09,54.41,3640050.0
VOD,16.53,9,"[1, 1, 1, 1, 1, 1, 1, 1, 1, 0]",16.41,15.0,17.68,10.73,3370840.0
BBD,4.51,8,"[1, 1, 1, 0, 0, 1, 1, 1, 1, 1]",3.42,3.53,4.51,2.93,37093115.0
VIK,,1,"[0, 0, 0, 0, 0, 0, 0, 0, 1, 0]",,,108.26,57.08,4682662.05
UMC,23.19,10,"[1, 1, 1, 1, 1, 1, 1, 1, 1, 1]",21.1,15.81,27.53,6.9,12308025.0
ONC,,1,"[0, 0, 0, 0, 0, 0, 0, 0, 1, 0]",,,377.47,260.27,421330.65
LVS,36.31,1,"[0, 0, 0, 0, 0, 0, 0, 0, 1, 0]",43.42,50.94,68.29,36.23,5979025.0
IX,37.16,8,"[0, 1, 1, 1, 1, 1, 1, 1, 1, 0]",39.34,35.43,41.31,24.22,358875.0
CRDO,,1,"[0, 0, 0, 0, 0, 0, 0, 0, 1, 0]",,,302.52,87.81,8508807.65
ALAB,,1,"[0, 0, 0, 0, 0, 0, 0, 0, 1, 0]",,,483.02,100.27,4118418.1
STLD,238.17,8,"[0, 1, 1, 1, 1, 1, 1, 1, 1, 0]",241.99,216.53,281.45,139.73,985545.0
HAL,32.72,5,"[0, 0, 0, 0, 1, 1, 1, 1, 1, 0]",33.9,35.21,42.6,21.39,10282490.0
HUM,404.27,10,"[1, 1, 1, 1, 1, 1, 1, 1, 1, 1]",386.12,293.95,409.8,162.46,1148910.0
MTZ,228.3,3,"[0, 0, 0, 0, 1, 1, 0, 0, 1, 0]",247.84,305.37,437.51,190.08,1469095.0
UAL,111.87,8,"[0, 1, 1, 1, 0, 1, 1, 1, 1, 1]",115.52,109.12,136.11,85.21,4139425.0
ZM,,1,"[0, 0, 0, 0, 0, 0, 0, 0, 1, 0]",,,111.88,72.72,2862354.45
TS,56.87,7,"[1, 0, 1, 0, 1, 1, 1, 1, 1, 0]",55.38,53.93,64.02,33.04,1188355.0
CASY,620.8,3,"[0, 0, 0, 0, 1, 1, 0, 0, 1, 0]",735.9,732.29,915.59,511.97,811740.0
TECK,67.1,9,"[1, 1, 1, 1, 1, 1, 1, 1, 1, 0]",66.17,58.98,71.87,38.06,2867220.0
SYM,,1,"[0, 0, 0, 0, 0, 0, 0, 0, 1, 0]",,,87.3,38.22,1628450.15
EL,93.36,6,"[0, 1, 1, 1, 0, 0, 1, 1, 1, 0]",94.07,91.45,118.37,66.74,2871925.0
SHG,77.91,9,"[1, 1, 1, 1, 1, 1, 1, 1, 1, 0]",77.6,67.22,84.47,48.94,175145.0
Q,,1,"[0, 0, 0, 0, 0, 0, 0, 0, 1, 0]",,,175.52,73.35,1515568.9
TWLO,,1,"[0, 0, 0, 0, 0, 0, 0, 0, 1, 0]",,,301.27,106.23,4469160.9
RVMD,,1,"[0, 0, 0, 0, 0, 0, 0, 0, 1, 0]",,,221.15,46.57,2067104.95
RDDT,,1,"[0, 0, 0, 0, 0, 0, 0, 0, 1, 0]",,,258.93,121.84,4844601.85
IQV,,1,"[0, 0, 0, 0, 0, 0, 0, 0, 1, 0]",,,275.02,156.66,1624533.05
NTRS,169.46,8,"[0, 1, 1, 1, 1, 1, 1, 1, 1, 0]",181.45,161.84,190.57,120.18,1059310.0
DOV,191.88,3,"[0, 0, 0, 0, 0, 1, 0, 1, 1, 0]",196.86,209.11,231.59,159.53,1297855.0
RPRX,,1,"[0, 0, 0, 0, 0, 0, 0, 0, 1, 0]",,,63.96,34.77,3009387.0
ASTS,,1,"[0, 0, 0, 0, 0, 0, 0, 0, 1, 0]",,,133.09,50.7,10465694.0
BIIB,222.89,10,"[1, 1, 1, 1, 1, 1, 1, 1, 1, 1]",216.18,195.71,228.69,142.26,1111955.0
VG,13.51,8,"[0, 1, 1, 1, 1, 1, 1, 1, 1, 0]",13.82,12.08,17.46,5.89,14643130.0
EXPE,260.07,7,"[0, 0, 1, 1, 1, 1, 1, 1, 1, 0]",297.46,259.1,338.64,187.43,2339835.0
CRCL,,1,"[0, 0, 0, 0, 0, 0, 0, 0, 1, 0]",,,150.48,50.23,13446973.35
ARES,,1,"[0, 0, 0, 0, 0, 0, 0, 0, 1, 0]",,,171.2,93.27,2316491.55
FTI,69.89,7,"[0, 0, 1, 1, 1, 1, 1, 1, 1, 0]",73.81,67.15,80.08,35.45,3053025.0
FTAI,,1,"[0, 0, 0, 0, 0, 0, 0, 0, 1, 0]",,,308.31,151.95,1402967.65
CNC,64.61,9,"[0, 1, 1, 1, 1, 1, 1, 1, 1, 1]",64.74,53.04,69.41,31.8,4778565.0
NTRA,,1,"[0, 0, 0, 0, 0, 0, 0, 0, 1, 0]",,,425.64,168.53,1799531.1
NVT,,1,"[0, 0, 0, 0, 0, 0, 0, 0, 1, 0]",,,184.1,94.55,1975394.4
MTSI,,1,"[0, 0, 0, 0, 0, 0, 0, 0, 1, 0]",,,409.68,122.18,1370877.8
TPL,355.16,4,"[0, 0, 0, 0, 1, 1, 1, 0, 1, 0]",362.6,396.65,538.1,272.4,402860.0
TPR,116.75,3,"[0, 0, 0, 0, 1, 1, 0, 0, 1, 0]",129.12,137.77,164.16,97.55,3165690.0
CFG,,1,"[0, 0, 0, 0, 0, 0, 0, 0, 1, 0]",,,74.73,46.98,4257570.1
CW,553.35,3,"[0, 0, 0, 0, 1, 1, 0, 0, 1, 0]",617.56,676.32,792.39,532.36,438815.0
DOW,,1,"[0, 0, 0, 0, 0, 0, 0, 0, 1, 0]",,,40.97,19.68,9026701.3
EIX,54.25,2,"[0, 0, 0, 0, 1, 0, 0, 0, 1, 0]",63.37,67.25,80.38,50.16,5105920.0
PKX,58.74,5,"[1, 0, 0, 0, 1, 1, 1, 0, 1, 0]",58.05,61.29,91.72,45.13,195145.0
BAP,385.14,10,"[1, 1, 1, 1, 1, 1, 1, 1, 1, 1]",381.53,344.12,402.27,236.66,331730.0
VRSN,293.1,10,"[1, 1, 1, 1, 1, 1, 1, 1, 1, 1]",289.62,265.22,309.09,210.31,774295.0
HUBB,485.41,6,"[1, 0, 0, 0, 1, 1, 0, 1, 1, 1]",471.41,485.84,554.46,402.45,484150.4
STRL,563.69,7,"[1, 0, 1, 0, 1, 1, 1, 0, 1, 1]",517.2,541.54,993.74,283.57,528620.0
EC,16.96,8,"[0, 1, 1, 1, 1, 1, 1, 1, 1, 0]",17.06,14.19,18.26,8.2,1541720.0
P,,1,"[0, 0, 0, 0, 0, 0, 0, 0, 1, 0]",,,143.88,56.99,7865180.6
AER,146.27,7,"[0, 1, 1, 1, 0, 1, 0, 1, 1, 1]",146.86,143.71,154.82,118.85,1134485.0
PAAS,45.92,3,"[0, 0, 0, 0, 0, 1, 1, 0, 1, 0]",48.88,52.46,68.06,32.89,3140865.0
DG,123.27,6,"[0, 1, 0, 1, 0, 1, 1, 1, 1, 0]",123.72,125.37,153.95,94.13,2398275.0
VIV,12.64,5,"[1, 0, 0, 0, 1, 0, 0, 1, 1, 1]",11.76,13.25,16.17,10.9,1431170.0
SYF,,1,"[0, 0, 0, 0, 0, 0, 0, 0, 1, 0]",,,87.38,63.25,2871797.5
ZS,,1,"[0, 0, 0, 0, 0, 0, 0, 0, 1, 0]",,,336.27,118.05,3286698.1
SQM,66.17,4,"[0, 0, 0, 0, 1, 1, 1, 0, 1, 0]",71.27,75.02,92.85,39.55,972520.0
BG,107.33,5,"[0, 0, 0, 0, 1, 1, 1, 1, 1, 0]",113.07,115.21,130.59,78.75,1985315.0
FMX,116.98,7,"[0, 0, 1, 1, 1, 1, 1, 1, 1, 0]",120.32,114.68,132.15,89.45,424670.0
MDB,,1,"[0, 0, 0, 0, 0, 0, 0, 0, 1, 0]",,,472.29,225.95,3127900.7
XPO,183.49,5,"[0, 0, 0, 0, 1, 1, 1, 1, 1, 0]",190.18,192.97,228.37,123.66,1141200.0
ALB,106.35,1,"[0, 0, 0, 0, 0, 0, 0, 0, 1, 0]",122.16,154.21,214.35,87.45,2381355.0
UTHR,541.62,9,"[1, 1, 1, 0, 1, 1, 1, 1, 1, 1]",511.54,525.67,596.76,415.34,995275.0
FSLR,179.8,1,"[0, 0, 0, 0, 0, 0, 0, 0, 1, 0]",206.46,223.45,318.25,172.11,2444735.0
TSN,51.97,2,"[0, 0, 0, 0, 0, 0, 0, 1, 1, 0]",54.72,59.04,67.54,49.0,3534570.0
TSEM,258.41,10,"[1, 1, 1, 1, 1, 1, 1, 1, 1, 1]",225.36,198.09,316.85,71.11,2043635.0
RF,27.05,5,"[0, 0, 0, 1, 1, 1, 0, 1, 1, 0]",29.66,28.23,32.07,22.44,9712430.0
KEY,20.14,5,"[0, 0, 0, 1, 1, 1, 0, 1, 1, 0]",21.61,21.26,23.76,16.12,15952835.0
TEAM,,1,"[0, 0, 0, 0, 0, 0, 0, 0, 1, 0]",,,196.65,57.15,3027290.35
LYB,58.93,4,"[0, 0, 0, 0, 1, 1, 1, 0, 1, 0]",62.06,61.15,80.69,39.87,3703660.0
JBHT,225.93,6,"[0, 0, 0, 1, 1, 1, 1, 1, 1, 0]",258.37,243.17,297.91,135.98,1220185.0
SBAC,169.7,3,"[0, 0, 0, 0, 1, 0, 0, 1, 1, 0]",179.24,188.92,220.88,158.02,1000740.0
WST,372.64,10,"[1, 1, 1, 1, 1, 1, 1, 1, 1, 1]",353.63,303.13,376.76,230.63,645655.0
CPAY,406.79,9,"[1, 1, 1, 1, 1, 1, 1, 1, 1, 0]",402.85,347.67,425.24,255.0,487140.0
ENTG,166.89,10,"[1, 1, 1, 1, 1, 1, 1, 1, 1, 1]",143.09,132.81,183.84,68.64,2061010.0
NMR,9.78,8,"[0, 1, 1, 1, 1, 1, 1, 1, 1, 0]",10.0,8.94,10.86,6.73,744265.0
IHG,160.54,10,"[1, 1, 1, 1, 1, 1, 1, 1, 1, 1]",158.61,149.01,173.43,117.16,150155.0
FN,489.16,5,"[1, 0, 0, 0, 1, 0, 1, 0, 1, 1]",447.89,532.17,746.47,361.94,787030.0
SBS,6.41,9,"[1, 1, 1, 0, 1, 1, 1, 1, 1, 1]",5.16,5.58,7.08,4.43,8190270.0
WWD,332.56,5,"[0, 0, 0, 0, 1, 1, 1, 1, 1, 0]",344.86,363.54,436.05,246.06,811675.0
SITM,,1,"[0, 0, 0, 0, 0, 0, 0, 0, 1, 0]",,,901.48,252.76,474492.85
INSM,105.23,1,"[0, 0, 0, 0, 0, 0, 0, 0, 1, 0]",119.76,132.14,211.41,91.88,2588355.0
BEKE,,1,"[0, 0, 0, 0, 0, 0, 0, 0, 1, 0]",,,19.59,14.26,5323315.55
AKAM,108.62,5,"[0, 0, 0, 0, 1, 1, 1, 0, 1, 1]",111.64,111.89,161.14,71.97,5935050.0
PFG,109.7,8,"[0, 1, 1, 1, 1, 1, 1, 1, 1, 0]",113.28,100.52,118.51,75.78,1407035.0
RL,368.67,7,"[1, 1, 1, 0, 1, 0, 0, 1, 1, 1]",361.76,363.32,412.07,306.04,649595.0
ATI,194.69,8,"[0, 1, 1, 1, 1, 1, 1, 1, 1, 0]",202.35,167.91,231.78,80.04,1562255.0
MRNA,,1,"[0, 0, 0, 0, 0, 0, 0, 0, 1, 0]",,,203.46,22.36,15198975.15
ILMN,273.54,10,"[1, 1, 1, 1, 1, 1, 1, 1, 1, 1]",222.56,164.23,293.69,91.0,4421615.0
AFRM,,1,"[0, 0, 0, 0, 0, 0, 0, 0, 1, 0]",,,85.78,42.53,4019854.95
CRS,395.71,4,"[0, 0, 0, 0, 1, 1, 1, 0, 1, 0]",471.07,441.91,618.99,237.58,741240.0
SMCI,43.46,9,"[1, 1, 1, 1, 1, 1, 1, 0, 1, 1]",37.05,32.13,58.68,20.53,36210565.0
MKSI,281.41,7,"[1, 0, 1, 0, 1, 1, 1, 0, 1, 1]",274.13,272.97,444.39,120.75,1226005.0
IFF,83.92,8,"[0, 1, 1, 1, 1, 1, 1, 1, 1, 0]",83.94,75.83,87.66,58.25,1769900.0
EXPD,191.8,10,"[1, 1, 1, 1, 1, 1, 1, 1, 1, 1]",185.66,162.72,194.12,111.96,1125830.0
ROIV,,1,"[0, 0, 0, 0, 0, 0, 0, 0, 1, 0]",,,41.81,16.03,7890601.5
DD,133.28,6,"[0, 0, 0, 0, 1, 1, 1, 1, 1, 1]",134.91,136.81,152.69,90.91,1020505.0
IREN,,1,"[0, 0, 0, 0, 0, 0, 0, 0, 1, 0]",,,76.41,29.31,34883932.5
RGLD,234.35,6,"[0, 1, 0, 1, 0, 1, 1, 1, 1, 0]",240.95,240.27,302.4,167.67,676080.0
FUTU,,1,"[0, 0, 0, 0, 0, 0, 0, 0, 1, 0]",,,195.9,89.76,1027361.8
ULS,,1,"[0, 0, 0, 0, 0, 0, 0, 0, 1, 0]",,,104.53,64.03,1124223.35
CHRW,135.05,1,"[0, 0, 0, 0, 0, 0, 0, 0, 1, 0]",149.28,170.92,208.52,122.52,1954120.0
LUV,42.45,7,"[1, 1, 0, 0, 0, 1, 1, 1, 1, 1]",41.99,43.17,54.07,29.15,6278175.0
DKS,134.88,2,"[0, 0, 0, 0, 0, 0, 0, 0, 1, 1]",157.66,195.93,236.92,121.15,3116040.0
VTRS,17.54,10,"[1, 1, 1, 1, 1, 1, 1, 1, 1, 1]",16.9,15.2,18.27,9.41,9172610.0
RCI,30.55,2,"[0, 0, 0, 0, 0, 0, 0, 1, 1, 0]",34.63,35.56,39.83,30.38,1388965.0
FFIV,469.79,10,"[1, 1, 1, 1, 1, 1, 1, 1, 1, 1]",413.97,347.14,469.79,223.99,574675.0
CX,9.92,1,"[0, 0, 0, 0, 0, 0, 0, 0, 1, 0]",10.66,11.75,13.48,9.03,7611010.0
INCY,112.73,8,"[0, 1, 1, 1, 1, 1, 1, 1, 1, 0]",123.43,107.02,129.93,83.8,1724930.0
KEP,11.32,1,"[0, 0, 0, 0, 0, 0, 0, 0, 1, 0]",11.63,14.79,23.26,10.85,840285.0
APG,,1,"[0, 0, 0, 0, 0, 0, 0, 0, 1, 0]",,,49.4,33.64,3697160.65
SNX,278.38,10,"[1, 1, 1, 1, 1, 1, 1, 1, 1, 1]",260.05,216.37,289.57,141.35,1174430.0
CDE,17.17,3,"[0, 0, 0, 1, 0, 1, 0, 0, 1, 0]",18.99,19.26,27.12,13.8,34417855.0
RBC,514.18,6,"[0, 0, 0, 0, 1, 1, 1, 1, 1, 1]",518.39,549.79,648.89,369.71,327725.0
BURL,,1,"[0, 0, 0, 0, 0, 0, 0, 0, 1, 0]",,,372.19,227.28,1573478.6
ROKU,,1,"[0, 0, 0, 0, 0, 0, 0, 0, 1, 0]",,,159.76,82.93,2003128.95
AMKR,53.39,6,"[1, 0, 0, 0, 1, 1, 1, 0, 1, 1]",51.31,57.26,93.38,28.06,3738365.0
RS,401.49,10,"[1, 1, 1, 1, 1, 1, 1, 1, 1, 1]",399.82,356.5,428.02,261.99,276115.0
BWXT,145.7,1,"[0, 0, 0, 0, 0, 0, 0, 0, 1, 0]",155.02,188.94,237.73,134.35,1250905.0
ZTO,,1,"[0, 0, 0, 0, 0, 0, 0, 0, 1, 0]",,,25.88,18.21,3203216.2
NXT,,1,"[0, 0, 0, 0, 0, 0, 0, 0, 1, 0]",,,156.4,77.55,2197627.0
ITT,207.31,9,"[1, 1, 1, 1, 1, 1, 0, 1, 1, 1]",205.36,196.71,220.83,168.49,910135.0
FTV,,1,"[0, 0, 0, 0, 0, 0, 0, 0, 1, 0]",,,64.01,47.59,2229180.15
IONQ,,1,"[0, 0, 0, 0, 0, 0, 0, 0, 1, 0]",,,82.09,26.59,23757457.45
AGI,32.73,1,"[0, 0, 0, 0, 0, 0, 0, 0, 1, 0]",34.09,38.89,55.16,27.8,3669325.0
BCH,38.67,5,"[0, 0, 0, 1, 0, 1, 1, 1, 1, 0]",41.3,39.22,43.7,28.29,341485.0
YPF,51.16,8,"[0, 1, 1, 1, 1, 1, 1, 1, 1, 0]",51.78,45.05,57.61,23.99,1393730.0
CF,116.02,7,"[0, 0, 1, 1, 1, 1, 1, 1, 1, 0]",124.0,112.11,139.27,74.99,2558425.0
MGA,65.66,8,"[0, 1, 1, 1, 1, 1, 1, 1, 1, 0]",66.8,61.16,73.05,42.56,1060930.0
TLN,,1,"[0, 0, 0, 0, 0, 0, 0, 0, 1, 0]",,,445.84,282.15,992237.45
LSCC,134.47,9,"[1, 1, 1, 0, 1, 1, 1, 1, 1, 1]",121.28,113.03,155.27,61.73,1903965.0
WMG,,1,"[0, 0, 0, 0, 0, 0, 0, 0, 1, 0]",,,34.31,23.35,2246255.2
CIB,96.54,9,"[1, 1, 1, 1, 1, 1, 1, 1, 1, 0]",94.1,75.72,101.53,48.67,297380.0
WCC,384.09,10,"[1, 1, 1, 1, 1, 1, 1, 1, 1, 1]",353.05,319.03,384.09,206.94,485830.0
JBS,,1,"[0, 0, 0, 0, 0, 0, 0, 0, 1, 0]",,,17.05,10.86,5372603.9
WSO,290.83,1,"[0, 0, 0, 0, 0, 0, 0, 0, 1, 0]",314.05,367.37,452.97,290.83,482850.0
DOCN,,1,"[0, 0, 0, 0, 0, 0, 0, 0, 1, 0]",,,181.29,37.29,2670075.1
EWBC,127.12,8,"[0, 1, 1, 1, 1, 1, 1, 1, 1, 0]",129.47,120.87,136.6,91.94,887890.0
AA,,1,"[0, 0, 0, 0, 0, 0, 0, 0, 1, 0]",,,83.63,34.75,3950030.1
PR,,1,"[0, 0, 0, 0, 0, 0, 0, 0, 1, 0]",,,24.33,11.68,10553751.3
NVMI,394.48,6,"[1, 0, 0, 0, 1, 1, 1, 0, 1, 1]",376.73,443.87,605.65,275.78,500435.0
RTO,19.95,1,"[0, 0, 0, 0, 0, 0, 0, 0, 1, 0]",22.96,28.85,34.2,19.75,2161275.0
OWL,,1,"[0, 0, 0, 0, 0, 0, 0, 0, 1, 0]",,,15.9,7.89,18725161.4
OVV,61.48,8,"[0, 1, 1, 1, 1, 1, 1, 1, 1, 0]",62.54,54.49,66.97,35.16,3228320.0
TTMI,132.71,7,"[1, 0, 1, 0, 1, 1, 1, 0, 1, 1]",123.27,125.92,221.47,53.58,1867020.0
BEN,32.44,8,"[0, 1, 1, 1, 1, 1, 1, 1, 1, 0]",33.34,29.02,35.41,20.18,4030370.0
IEX,236.28,10,"[1, 1, 1, 1, 1, 1, 1, 1, 1, 1]",229.62,209.95,239.76,158.66,628970.0
LAMR,144.74,8,"[0, 1, 1, 1, 1, 1, 1, 1, 1, 0]",149.81,139.8,162.48,110.67,562805.0
VNOM,,1,"[0, 0, 0, 0, 0, 0, 0, 0, 1, 0]",,,49.44,34.2,2155381.95
GNRC,223.62,8,"[1, 0, 1, 0, 1, 1, 1, 1, 1, 1]",201.59,213.28,295.54,136.37,1488395.0
NDSN,334.22,10,"[1, 1, 1, 1, 1, 1, 1, 1, 1, 1]",316.35,286.62,334.43,223.9,358330.0
SN,,1,"[0, 0, 0, 0, 0, 0, 0, 0, 1, 0]",,,192.86,84.57,1994305.4
H,159.12,4,"[0, 0, 0, 0, 1, 1, 0, 1, 1, 0]",168.75,169.12,201.92,134.94,813095.0
BALL,57.43,5,"[0, 0, 0, 1, 1, 1, 0, 1, 1, 0]",61.37,59.78,67.1,45.77,2109020.0
MLI,63.13,8,"[0, 1, 1, 1, 1, 1, 1, 1, 1, 0]",63.41,62.12,70.03,47.96,1926715.0
LOGI,102.41,8,"[1, 1, 1, 1, 1, 0, 0, 1, 1, 1]",100.43,97.91,124.62,84.44,697510.0
CLH,318.06,10,"[1, 1, 1, 1, 1, 1, 1, 1, 1, 1]",315.54,291.71,326.34,201.73,394215.0
GMAB,,1,"[0, 0, 0, 0, 0, 0, 0, 0, 1, 0]",,,38.48,23.85,3620113.0
PAA,24.06,8,"[0, 1, 1, 1, 1, 1, 1, 1, 1, 0]",24.59,21.67,26.1,14.64,2671805.0
NBIX,145.51,4,"[0, 0, 0, 1, 1, 0, 0, 1, 1, 0]",154.41,147.27,185.5,123.1,1415885.0
HST,22.48,9,"[0, 1, 1, 1, 1, 1, 1, 1, 1, 1]",22.66,20.65,25.31,14.65,8775345.0
JLL,303.62,4,"[0, 0, 0, 1, 0, 1, 0, 1, 1, 0]",351.3,327.31,392.79,280.16,424650.0
ASND,,1,"[0, 0, 0, 0, 0, 0, 0, 0, 1, 0]",,,277.18,196.01,932735.3
LECO,275.54,7,"[1, 1, 1, 1, 0, 1, 0, 1, 1, 0]",271.31,262.86,296.16,217.92,427055.0
OKTA,,1,"[0, 0, 0, 0, 0, 0, 0, 0, 1, 0]",,,218.29,62.93,3969952.75
HTHT,42.05,2,"[0, 0, 0, 0, 0, 0, 0, 1, 1, 0]",43.66,45.87,53.59,35.36,1372500.0
DTM,,1,"[0, 0, 0, 0, 0, 0, 0, 0, 1, 0]",,,149.69,102.85,935775.8
MOD,189.91,4,"[0, 0, 0, 0, 1, 1, 1, 0, 1, 0]",190.85,214.28,306.89,119.68,1359815.0
RRX,166.36,5,"[0, 0, 0, 0, 1, 1, 1, 0, 1, 1]",166.94,188.12,237.66,127.69,1172690.0
BSAC,32.11,5,"[0, 0, 0, 1, 1, 1, 0, 1, 1, 0]",34.6,32.67,36.15,24.8,339905.0
JAZZ,231.39,8,"[0, 1, 1, 1, 1, 1, 1, 1, 1, 0]",246.38,212.58,261.62,131.16,776855.0
ONTO,,1,"[0, 0, 0, 0, 0, 0, 0, 0, 1, 0]",,,378.45,121.34,830748.9
OHI,44.77,5,"[0, 0, 0, 1, 1, 1, 0, 1, 1, 0]",47.03,45.63,51.03,37.16,2280520.0
SMMT,,1,"[0, 0, 0, 0, 0, 0, 0, 0, 1, 0]",,,26.38,12.43,7267715.75
RMBS,114.09,8,"[1, 1, 1, 0, 1, 1, 1, 0, 1, 1]",94.16,108.08,170.66,79.73,2597505.0
AUR,,1,"[0, 0, 0, 0, 0, 0, 0, 0, 1, 0]",,,8.4,3.77,32864179.6
NIO,,1,"[0, 0, 0, 0, 0, 0, 0, 0, 1, 0]",,,7.85,3.37,31880944.6
HAS,91.03,8,"[0, 1, 1, 1, 0, 1, 1, 1, 1, 1]",91.85,89.38,103.58,68.73,1789825.0
LTM,,1,"[0, 0, 0, 0, 0, 0, 0, 0, 1, 0]",,,68.29,41.47,784692.05
SUN,,1,"[0, 0, 0, 0, 0, 0, 0, 0, 1, 0]",,,79.97,45.99,695606.8
QXO,,1,"[0, 0, 0, 0, 0, 0, 0, 0, 1, 0]",,,27.07,11.27,20682013.65
AEIS,302.77,7,"[1, 0, 0, 0, 1, 1, 1, 1, 1, 1]",289.25,305.97,388.79,169.37,519890.0
ALLY,,1,"[0, 0, 0, 0, 0, 0, 0, 0, 1, 0]",,,46.92,35.47,4035417.6
PL,,1,"[0, 0, 0, 0, 0, 0, 0, 0, 1, 0]",,,51.4,11.16,10686539.35
EVR,268.08,1,"[0, 0, 0, 0, 0, 0, 0, 0, 1, 0]",287.31,322.57,379.99,256.93,518400.0
SKM,36.45,9,"[1, 1, 1, 1, 1, 1, 1, 1, 1, 0]",36.34,32.8,46.0,19.68,1027540.0
TIGO,,1,"[0, 0, 0, 0, 0, 0, 0, 0, 1, 0]",,,104.31,43.67,846581.0
SANM,228.07,10,"[1, 1, 1, 1, 1, 1, 1, 1, 1, 1]",202.7,189.29,282.72,122.71,598050.0
IESC,341.85,9,"[1, 1, 1, 1, 1, 1, 1, 1, 1, 0]",335.77,291.58,396.98,178.97,244930.0
BBIO,,1,"[0, 0, 0, 0, 0, 0, 0, 0, 1, 0]",,,90.17,53.24,3133377.9
TOL,138.0,3,"[0, 0, 0, 0, 0, 0, 0, 1, 1, 1]",142.65,144.05,165.52,123.92,1207800.0
DINO,114.6,10,"[1, 1, 1, 1, 1, 1, 1, 1, 1, 1]",100.28,71.17,116.62,44.83,2783225.0
NYT,64.07,3,"[0, 0, 0, 0, 1, 1, 0, 0, 1, 0]",67.34,73.37,85.59,54.2,3639380.0
DY,290.43,2,"[0, 0, 0, 0, 1, 0, 0, 0, 1, 0]",335.68,387.85,535.2,266.79,645860.0
RBRK,,1,"[0, 0, 0, 0, 0, 0, 0, 0, 1, 0]",,,122.68,43.81,3196333.15
DVA,180.4,7,"[0, 0, 1, 1, 1, 1, 1, 0, 1, 1]",187.21,170.69,240.96,103.87,702770.0
GH,,1,"[0, 0, 0, 0, 0, 0, 0, 0, 1, 0]",,,187.22,61.73,1869822.3
PEN,,1,"[0, 0, 0, 0, 0, 0, 0, 0, 1, 0]",,,359.4,225.54,386945.5
BMNR,,1,"[0, 0, 0, 0, 0, 0, 0, 0, 1, 0]",,,59.98,13.31,38608400.85
SWK,89.99,8,"[0, 1, 1, 1, 1, 1, 1, 1, 1, 0]",94.74,82.63,103.1,59.56,1733105.0
ENLT,,1,"[0, 0, 0, 0, 0, 0, 0, 0, 1, 0]",,,107.42,31.65,196274.4
OKLO,,1,"[0, 0, 0, 0, 0, 0, 0, 0, 1, 0]",,,174.14,35.62,10247217.45
BWA,63.36,8,"[0, 1, 1, 1, 1, 1, 1, 1, 1, 0]",64.36,59.37,76.83,40.47,2594565.0
APA,44.1,10,"[1, 1, 1, 1, 1, 1, 1, 1, 1, 1]",41.92,35.25,47.41,21.16,6150285.0
IONS,44.0,1,"[0, 0, 0, 0, 0, 0, 0, 0, 1, 0]",53.41,70.05,86.5,43.5,4253130.0
HL,17.1,4,"[0, 0, 0, 1, 0, 1, 1, 0, 1, 0]",18.33,19.16,31.79,11.94,37668165.0
HII,263.75,1,"[0, 0, 0, 0, 0, 0, 0, 0, 1, 0]",292.72,340.88,449.68,257.05,548575.0
SOLS,,1,"[0, 0, 0, 0, 0, 0, 0, 0, 1, 0]",,,88.48,41.3,2141347.85
FIVE,,1,"[0, 0, 0, 0, 0, 0, 0, 0, 1, 0]",,,262.72,138.49,1093869.75
FPS,,1,"[0, 0, 0, 0, 0, 0, 0, 0, 1, 0]",,,64.59,27.97,11432759.6
U,,1,"[0, 0, 0, 0, 0, 0, 0, 0, 1, 0]",,,49.47,17.13,10230486.4
IVZ,30.38,8,"[0, 1, 1, 1, 1, 1, 1, 1, 1, 0]",31.36,27.58,33.31,21.78,4566775.0
NTNX,,1,"[0, 0, 0, 0, 0, 0, 0, 0, 1, 0]",,,73.41,34.41,2547674.4
MEDP,,1,"[0, 0, 0, 0, 0, 0, 0, 0, 1, 0]",,,630.19,393.42,261011.45
EXEL,58.33,10,"[1, 1, 1, 1, 1, 1, 1, 1, 1, 1]",55.95,49.25,59.13,34.54,2147625.0
ALGN,141.45,1,"[0, 0, 0, 0, 0, 0, 0, 0, 1, 0]",159.11,170.1,197.51,125.79,952045.0
WLK,63.39,3,"[0, 0, 0, 0, 1, 1, 0, 0, 1, 0]",72.53,87.2,121.8,54.89,887285.0
SAIA,341.65,4,"[0, 0, 0, 0, 1, 1, 1, 0, 1, 0]",353.61,388.82,487.14,250.48,350285.0
MP,,1,"[0, 0, 0, 0, 0, 0, 0, 0, 1, 0]",,,98.65,38.1,5162352.65
VIAV,48.14,9,"[1, 1, 1, 0, 1, 1, 1, 1, 1, 1]",38.65,37.09,55.33,12.27,5975760.0
AAOI,,1,"[0, 0, 0, 0, 0, 0, 0, 0, 1, 0]",,,223.1,19.49,7674491.25
PINS,,1,"[0, 0, 0, 0, 0, 0, 0, 0, 1, 0]",,,35.24,15.42,15401181.9
AIZ,270.96,8,"[0, 1, 1, 1, 1, 1, 1, 1, 1, 0]",279.5,249.47,300.64,204.72,412150.0
ELAN,,1,"[0, 0, 0, 0, 0, 0, 0, 0, 1, 0]",,,26.84,19.76,5784545.75
GLXY,,1,"[0, 0, 0, 0, 0, 0, 0, 0, 1, 0]",,,42.86,16.84,4865235.05
APLD,,1,"[0, 0, 0, 0, 0, 0, 0, 0, 1, 0]",,,49.65,20.55,16915083.9
MDGL,496.45,4,"[0, 0, 0, 1, 1, 0, 0, 1, 1, 0]",521.14,510.06,602.83,412.35,245750.0
VICR,299.29,9,"[1, 1, 1, 0, 1, 1, 1, 1, 1, 1]",223.36,218.51,379.78,48.56,960970.0
COKE,194.61,10,"[1, 1, 1, 1, 1, 1, 1, 1, 1, 1]",191.02,182.22,216.33,119.06,567135.0
LFUS,454.28,10,"[1, 1, 1, 1, 1, 1, 1, 1, 1, 1]",427.46,387.68,488.16,233.58,198635.0
FORM,141.3,9,"[1, 1, 1, 0, 1, 1, 1, 1, 1, 1]",117.01,109.44,159.93,38.14,1965560.0
AAON,88.07,4,"[1, 0, 0, 0, 1, 0, 0, 0, 1, 1]",82.58,97.73,147.96,73.25,1164560.0
TFII,113.94,4,"[0, 0, 0, 0, 1, 1, 1, 0, 1, 0]",132.25,128.23,162.2,79.78,290720.0
AIT,344.99,10,"[1, 1, 1, 1, 1, 1, 1, 1, 1, 1]",337.39,303.58,361.95,239.46,288060.0
SMTC,197.2,10,"[1, 1, 1, 1, 1, 1, 1, 1, 1, 1]",148.81,118.15,197.2,62.57,3327985.0
WULF,14.97,4,"[0, 0, 0, 0, 1, 1, 1, 0, 1, 0]",16.3,18.09,28.98,10.99,27963750.0
POWL,204.69,6,"[1, 0, 0, 0, 1, 1, 1, 0, 1, 1]",192.98,208.45,321.8,93.9,518335.0
TIMB,18.98,3,"[1, 0, 0, 0, 0, 0, 0, 0, 1, 1]",18.38,22.15,27.75,17.28,563535.0
AXSM,,1,"[0, 0, 0, 0, 0, 0, 0, 0, 1, 0]",,,255.17,118.64,792836.6
WMS,,1,"[0, 0, 0, 0, 0, 0, 0, 0, 1, 0]",,,174.69,125.33,812346.15
HMY,17.32,5,"[0, 1, 0, 1, 0, 1, 1, 0, 1, 0]",19.26,18.15,25.55,13.07,3944245.0
HUT,,1,"[0, 0, 0, 0, 0, 0, 0, 0, 1, 0]",,,133.02,33.76,4434227.15
IAG,18.55,7,"[0, 1, 1, 1, 0, 1, 1, 1, 1, 0]",18.9,18.31,24.57,10.96,5502580.0
CGNX,66.35,10,"[1, 1, 1, 1, 1, 1, 1, 1, 1, 1]",62.12,55.94,72.32,34.65,1629740.0
KTOS,43.71,1,"[0, 0, 0, 0, 0, 0, 0, 0, 1, 0]",50.94,68.66,130.72,42.02,4408295.0
JEF,44.96,2,"[0, 0, 0, 1, 0, 0, 0, 0, 1, 0]",51.71,51.88,64.78,35.48,2689420.0
AG,17.54,3,"[0, 0, 0, 0, 0, 1, 1, 0, 1, 0]",19.0,20.16,31.96,10.65,9405550.0
EMBJ,75.2,9,"[1, 1, 1, 1, 0, 1, 1, 1, 1, 1]",73.98,66.91,79.43,53.52,1289350.0
ESI,,1,"[0, 0, 0, 0, 0, 0, 0, 0, 1, 0]",,,48.98,22.77,4266584.2
JOBY,,1,"[0, 0, 0, 0, 0, 0, 0, 0, 1, 0]",,,18.91,5.78,23936331.5
MUSA,,1,"[0, 0, 0, 0, 0, 0, 0, 0, 1, 0]",,,622.07,354.79,249462.4
BTSG,,1,"[0, 0, 0, 0, 0, 0, 0, 0, 1, 0]",,,72.91,28.36,2742332.0
GSAT,83.63,10,"[1, 1, 1, 1, 1, 1, 1, 1, 1, 1]",82.4,74.14,84.43,41.54,589960.0
GMED,,1,"[0, 0, 0, 0, 0, 0, 0, 0, 1, 0]",,,96.82,56.57,1619037.6
BEP,29.42,4,"[0, 0, 0, 0, 1, 1, 0, 1, 1, 0]",31.11,31.34,36.63,25.38,1185430.0
KNX,64.63,6,"[0, 0, 0, 1, 1, 1, 1, 1, 1, 0]",68.34,64.92,82.21,41.17,3789145.0
ALSN,,1,"[0, 0, 0, 0, 0, 0, 0, 0, 1, 0]",,,135.36,78.44,831018.65
SNAP,,1,"[0, 0, 0, 0, 0, 0, 0, 0, 1, 0]",,,9.09,3.93,33559397.8
ARWR,61.54,5,"[0, 0, 0, 1, 1, 1, 1, 0, 1, 0]",79.87,72.46,89.59,35.41,2422885.0
WTFC,144.94,5,"[0, 0, 0, 1, 1, 1, 0, 1, 1, 0]",152.7,149.22,166.33,118.51,494775.0
AES,14.93,8,"[1, 1, 1, 1, 0, 1, 0, 1, 1, 1]",14.78,14.46,16.87,12.97,8601420.0
SPXC,175.82,1,"[0, 0, 0, 0, 0, 0, 0, 0, 1, 0]",194.94,211.08,246.41,169.56,679415.0
VFS,,1,"[0, 0, 0, 0, 0, 0, 0, 0, 1, 0]",,,4.76,2.81,392892.75
AHR,,1,"[0, 0, 0, 0, 0, 0, 0, 0, 1, 0]",,,57.44,39.38,3414629.6
DAR,61.17,8,"[0, 1, 1, 1, 1, 1, 1, 1, 1, 0]",63.48,56.48,68.34,29.91,2226500.0
FCFS,213.0,8,"[0, 1, 1, 1, 1, 1, 1, 1, 1, 0]",215.64,202.28,236.43,146.77,373460.0
UMBF,130.08,6,"[0, 0, 1, 1, 1, 1, 0, 1, 1, 0]",140.92,129.35,151.5,102.51,707635.0
ARW,240.4,10,"[1, 1, 1, 1, 1, 1, 1, 1, 1, 1]",216.57,181.47,242.01,101.87,585870.0
MOG-A,375.74,9,"[0, 1, 1, 1, 1, 1, 1, 1, 1, 1]",388.39,343.55,445.38,194.79,291380.0
HBM,26.95,9,"[1, 1, 1, 1, 1, 1, 1, 1, 1, 0]",26.88,24.54,31.85,14.57,4343735.0
MGM,30.54,3,"[0, 0, 0, 0, 1, 1, 0, 0, 1, 0]",40.36,39.69,50.69,30.17,5171165.0
VMI,486.89,8,"[1, 1, 1, 0, 1, 1, 0, 1, 1, 1]",478.73,473.67,581.82,376.74,185385.0
ABVX,,1,"[0, 0, 0, 0, 0, 0, 0, 0, 1, 0]",,,145.31,72.5,1423100.7
CTRE,,1,"[0, 0, 0, 0, 0, 0, 0, 0, 1, 0]",,,42.95,31.61,2618286.05
MOH,195.17,8,"[0, 1, 1, 1, 1, 1, 1, 1, 1, 0]",198.08,182.03,242.88,122.65,654565.0
BPOP,158.29,8,"[0, 1, 1, 1, 1, 1, 1, 1, 1, 0]",167.19,149.23,176.9,106.79,565700.0
SNEX,66.0,5,"[0, 0, 1, 0, 1, 1, 1, 0, 1, 0]",68.64,64.68,92.67,37.2,932480.0
CYTK,61.35,4,"[0, 0, 0, 1, 1, 1, 0, 0, 1, 0]",72.88,70.16,87.26,54.76,2271515.0
VSAT,74.38,8,"[0, 1, 1, 1, 1, 1, 1, 1, 1, 0]",75.05,61.24,89.81,30.35,1703265.0
ICLR,161.69,7,"[0, 1, 1, 1, 0, 0, 1, 1, 1, 1]",167.22,146.28,202.92,80.08,1079875.0
AGX,419.64,4,"[0, 0, 0, 0, 1, 1, 1, 0, 1, 0]",463.51,517.05,797.9,254.93,421205.0
CAMT,154.55,6,"[1, 0, 0, 0, 1, 1, 1, 0, 1, 1]",147.91,156.21,207.46,94.4,395545.0
SBSW,,1,"[0, 0, 0, 0, 0, 0, 0, 0, 1, 0]",,,19.67,7.67,5235078.05
ELPC,,1,"[0, 0, 0, 0, 0, 0, 0, 0, 1, 0]",,,13.92,8.16,639634.65
TTC,98.89,10,"[1, 1, 1, 1, 1, 1, 1, 1, 1, 1]",96.09,92.96,100.49,66.8,870875.0
R,236.17,7,"[0, 0, 1, 1, 1, 1, 1, 1, 1, 0]",247.34,230.84,279.21,157.4,268450.0
CAVA,,1,"[0, 0, 0, 0, 0, 0, 0, 0, 1, 0]",,,97.39,43.59,4022084.7
PRAX,,1,"[0, 0, 0, 0, 0, 0, 0, 0, 1, 0]",,,386.33,52.04,484158.1
ZION,62.85,7,"[0, 0, 1, 1, 1, 1, 1, 1, 1, 0]",67.52,62.79,72.82,45.54,1590720.0
SIRI,26.36,7,"[0, 0, 1, 1, 1, 1, 1, 1, 1, 0]",28.38,25.33,32.3,19.3,4520790.0
RIOT,,1,"[0, 0, 0, 0, 0, 0, 0, 0, 1, 0]",,,28.69,11.83,15918355.1
FLS,73.34,5,"[0, 0, 0, 1, 0, 1, 1, 1, 1, 0]",76.52,75.96,91.23,48.51,1567620.0
ALGM,,1,"[0, 0, 0, 0, 0, 0, 0, 0, 1, 0]",,,69.62,22.8,2694719.3
GDS,,1,"[0, 0, 0, 0, 0, 0, 0, 0, 1, 0]",,,47.52,27.57,1509349.2
KRYS,,1,"[0, 0, 0, 0, 0, 0, 0, 0, 1, 0]",,,378.15,181.47,295591.25
EGO,38.54,7,"[0, 1, 1, 1, 0, 1, 1, 1, 1, 0]",40.46,36.92,49.43,24.79,3362460.0
GGB,5.12,10,"[1, 1, 1, 1, 1, 1, 1, 1, 1, 1]",4.83,4.3,5.17,3.08,13004545.0
MXL,109.3,10,"[1, 1, 1, 1, 1, 1, 1, 1, 1, 1]",74.21,54.52,128.03,13.05,3120635.0
IBRX,,1,"[0, 0, 0, 0, 0, 0, 0, 0, 1, 0]",,,11.55,1.98,14056898.85
AAL,13.0,3,"[0, 0, 0, 1, 0, 0, 0, 0, 1, 1]",13.95,13.82,18.15,10.18,69943965.0
DDS,655.25,8,"[1, 1, 1, 1, 0, 1, 0, 1, 1, 1]",631.46,603.81,699.21,510.16,197805.0
FRO,52.77,10,"[1, 1, 1, 1, 1, 1, 1, 1, 1, 1]",43.17,33.3,53.75,17.91,4233585.0
CRUS,118.87,3,"[0, 0, 0, 0, 1, 0, 0, 0, 1, 1]",119.4,139.81,178.9,108.48,819595.0
BVN,31.94,5,"[0, 0, 0, 1, 0, 1, 1, 1, 1, 0]",33.45,33.5,42.44,20.43,1150165.0
W,,1,"[0, 0, 0, 0, 0, 0, 0, 0, 1, 0]",,,119.05,57.4,2427281.0
LUMN,5.91,1,"[0, 0, 0, 0, 0, 0, 0, 0, 1, 0]",6.27,7.53,11.83,5.53,13513245.0
LLYVK,,1,"[0, 0, 0, 0, 0, 0, 0, 0, 1, 0]",,,108.86,77.33,329210.85
LLYVA,,1,"[0, 0, 0, 0, 0, 0, 0, 0, 1, 0]",,,104.99,74.85,153775.55
LEVI,,1,"[0, 0, 0, 0, 0, 0, 0, 0, 1, 0]",,,25.53,17.69,2717180.65
COLB,28.89,5,"[0, 0, 0, 1, 1, 1, 0, 1, 1, 0]",30.24,29.22,33.2,22.9,2825180.0
OSK,132.13,3,"[0, 0, 0, 1, 0, 1, 0, 0, 1, 0]",146.94,146.06,176.5,117.24,691900.0
MTCH,40.62,9,"[1, 1, 1, 1, 1, 1, 1, 1, 1, 0]",40.29,35.19,44.18,28.43,3544210.0
FR,59.26,5,"[0, 0, 0, 1, 1, 1, 0, 1, 1, 0]",61.87,60.45,68.3,48.65,1159860.0
CRL,304.96,10,"[1, 1, 1, 1, 1, 1, 1, 1, 1, 1]",279.36,211.09,310.77,149.93,1048005.0
FROG,,1,"[0, 0, 0, 0, 0, 0, 0, 0, 1, 0]",,,104.03,34.75,1584169.8
ZWS,,1,"[0, 0, 0, 0, 0, 0, 0, 0, 1, 0]",,,53.06,43.5,909551.9
SIMO,284.96,10,"[1, 1, 1, 1, 1, 1, 1, 1, 1, 1]",257.26,202.96,336.22,79.53,727780.0
ENS,192.49,8,"[1, 0, 1, 0, 1, 1, 1, 1, 1, 1]",185.17,189.6,242.66,108.67,579220.0
PRMB,19.22,6,"[0, 0, 0, 1, 1, 1, 1, 1, 1, 0]",21.91,20.99,25.26,14.14,3856745.0
EMN,64.11,4,"[0, 0, 0, 0, 1, 1, 0, 1, 1, 0]",69.24,69.57,78.5,53.69,1306920.0
CIFR,,1,"[0, 0, 0, 0, 0, 0, 0, 0, 1, 0]",,,29.18,12.02,34578280.85
QBTS,,1,"[0, 0, 0, 0, 0, 0, 0, 0, 1, 0]",,,44.78,12.98,15549514.9
ECG,,1,"[0, 0, 0, 0, 0, 0, 0, 0, 1, 0]",,,169.16,80.42,410457.8
FIGR,,1,"[0, 0, 0, 0, 0, 0, 0, 0, 1, 0]",,,73.91,24.91,4916256.8
ICL,,1,"[0, 0, 0, 0, 0, 0, 0, 0, 1, 0]",,,6.7,4.67,1208432.3
TKR,119.54,7,"[0, 0, 1, 1, 1, 1, 1, 1, 1, 0]",123.84,114.48,144.93,69.84,991355.0
SSL,14.29,10,"[1, 1, 1, 1, 1, 1, 1, 1, 1, 1]",12.72,11.02,15.11,5.33,2042175.0
KRMN,,1,"[0, 0, 0, 0, 0, 0, 0, 0, 1, 0]",,,115.29,31.89,4188482.7
BOKF,128.15,5,"[0, 0, 0, 1, 1, 1, 0, 1, 1, 0]",137.03,131.58,145.44,101.73,274850.0
NXE,,1,"[0, 0, 0, 0, 0, 0, 0, 0, 1, 0]",,,13.92,7.56,4227286.95
NE,,1,"[0, 0, 0, 0, 0, 0, 0, 0, 1, 0]",,,53.23,25.47,1224586.25
AMG,379.72,10,"[1, 1, 1, 1, 1, 1, 1, 1, 1, 1]",364.92,324.52,383.41,230.75,297492.8
IDA,132.68,4,"[0, 0, 0, 0, 1, 1, 0, 1, 1, 0]",136.74,138.68,153.61,122.42,679120.0
VIRT,,1,"[0, 0, 0, 0, 0, 0, 0, 0, 1, 0]",,,67.68,31.71,1300730.0
MSGS,,1,"[0, 0, 0, 0, 0, 0, 0, 0, 1, 0]",,,416.34,212.91,315137.3
ROAD,,1,"[0, 0, 0, 0, 0, 0, 0, 0, 1, 0]",,,140.48,89.85,621969.35
CMC,64.91,4,"[0, 0, 0, 1, 0, 1, 0, 1, 1, 0]",67.94,69.56,82.67,54.7,1148760.0
JXN,,1,"[0, 0, 0, 0, 0, 0, 0, 0, 1, 0]",,,139.72,87.8,912037.6
ESE,268.22,5,"[0, 0, 0, 0, 1, 1, 1, 1, 1, 0]",283.44,283.18,354.71,195.15,263840.0
GKOS,,1,"[0, 0, 0, 0, 0, 0, 0, 0, 1, 0]",,,189.55,74.67,855965.5
CWEN,,1,"[0, 0, 0, 0, 0, 0, 0, 0, 1, 0]",,,40.64,28.9,1268811.05
CIG,2.36,9,"[1, 1, 1, 0, 1, 1, 1, 1, 1, 1]",2.09,2.13,2.62,1.79,5777780.0
MBLY,,1,"[0, 0, 0, 0, 0, 0, 0, 0, 1, 0]",,,15.54,6.56,6211546.35
KNTK,,1,"[0, 0, 0, 0, 0, 0, 0, 0, 1, 0]",,,55.1,30.05,1433277.45
CHRD,137.53,8,"[0, 1, 1, 1, 1, 1, 1, 1, 1, 0]",141.23,124.3,157.0,81.47,724690.0
MIDD,105.92,2,"[0, 0, 0, 0, 0, 1, 0, 0, 1, 0]",115.73,121.32,144.17,89.85,651730.0
PCVX,,1,"[0, 0, 0, 0, 0, 0, 0, 0, 1, 0]",,,73.82,40.32,2649393.35
KEX,138.5,8,"[1, 0, 1, 0, 1, 1, 1, 1, 1, 1]",136.49,134.9,152.59,79.95,479245.0
HALO,109.72,10,"[1, 1, 1, 1, 1, 1, 1, 1, 1, 1]",104.03,78.77,115.22,61.63,2598340.0
YOU,,1,"[0, 0, 0, 0, 0, 0, 0, 0, 1, 0]",,,61.97,29.1,2187741.95
ORA,93.07,1,"[0, 0, 0, 0, 0, 0, 0, 0, 1, 0]",100.92,113.54,144.94,89.66,1017190.0
VLY,12.67,6,"[0, 0, 0, 1, 1, 1, 1, 1, 1, 0]",13.82,13.15,15.07,9.39,7742215.0
VFC,14.45,3,"[1, 0, 0, 0, 0, 0, 0, 0, 1, 1]",14.0,16.95,21.29,12.62,8674135.0
WFRD,,1,"[0, 0, 0, 0, 0, 0, 0, 0, 1, 0]",,,111.07,60.73,990417.8
CORZ,,1,"[0, 0, 0, 0, 0, 0, 0, 0, 1, 0]",,,29.16,13.57,11333290.9
TEX,56.77,5,"[0, 0, 0, 0, 1, 1, 1, 1, 1, 0]",61.99,61.95,74.39,41.45,1295485.0
SOBO,,1,"[0, 0, 0, 0, 0, 0, 0, 0, 1, 0]",,,38.1,24.18,746067.45
FAF,62.31,5,"[0, 0, 0, 1, 1, 1, 0, 1, 1, 0]",70.82,66.18,78.43,55.86,1011930.0
IDCC,339.29,7,"[1, 1, 1, 1, 0, 0, 1, 1, 1, 0]",331.2,316.5,393.78,250.11,218560.0
OR,,1,"[0, 0, 0, 0, 0, 0, 0, 0, 1, 0]",,,47.47,28.0,816577.05
HXL,86.01,6,"[0, 0, 0, 1, 1, 1, 1, 1, 1, 0]",94.2,89.77,110.09,60.71,950355.0
OGC,26.71,2,"[0, 0, 0, 0, 0, 1, 0, 0, 1, 0]",28.37,30.39,42.25,20.99,667705.0
SLAB,222.62,10,"[1, 1, 1, 1, 1, 1, 1, 1, 1, 1]",219.57,203.5,222.8,116.08,288150.0
RIG,5.4,4,"[0, 0, 0, 0, 1, 1, 1, 0, 1, 0]",5.57,5.69,7.58,3.08,43855420.0
PLXS,272.63,10,"[1, 1, 1, 1, 1, 1, 1, 1, 1, 1]",254.87,232.95,303.82,132.74,213925.0
GGAL,38.18,2,"[0, 0, 0, 0, 0, 0, 1, 0, 1, 0]",43.17,46.53,58.55,26.72,864850.0
SSRM,34.28,9,"[1, 1, 1, 1, 1, 1, 1, 1, 1, 0]",34.05,29.55,39.21,19.46,2312135.0
LTH,,1,"[0, 0, 0, 0, 0, 0, 0, 0, 1, 0]",,,45.73,24.59,3467050.5
KYMR,,1,"[0, 0, 0, 0, 0, 0, 0, 0, 1, 0]",,,127.31,55.8,816629.45
SM,35.1,9,"[1, 1, 1, 1, 1, 1, 1, 1, 1, 0]",34.8,28.23,41.29,17.2,3981705.0
LEA,122.0,4,"[0, 0, 0, 0, 1, 1, 0, 1, 1, 0]",125.16,127.33,147.77,94.39,660065.0
HR,,1,"[0, 0, 0, 0, 0, 0, 0, 0, 1, 0]",,,21.6,15.74,4435470.3
RHP,120.91,9,"[0, 1, 1, 1, 1, 1, 1, 1, 1, 1]",123.74,108.57,134.65,82.15,585085.0
NOV,19.0,6,"[0, 0, 0, 1, 1, 1, 1, 1, 1, 0]",20.25,19.23,21.62,12.04,3408155.0
DBX,,1,"[0, 0, 0, 0, 0, 0, 0, 0, 1, 0]",,,37.74,22.06,4944200.15
TFPM,,1,"[0, 0, 0, 0, 0, 0, 0, 0, 1, 0]",,,41.15,26.8,457374.65
AUGO,,1,"[0, 0, 0, 0, 0, 0, 0, 0, 1, 0]",,,107.02,29.37,1051293.9
MTDR,,1,"[0, 0, 0, 0, 0, 0, 0, 0, 1, 0]",,,64.51,36.03,1760959.0
MYRG,324.51,6,"[1, 0, 0, 0, 1, 1, 1, 0, 1, 1]",306.26,330.25,501.13,196.57,248810.0
AVT,106.37,10,"[1, 1, 1, 1, 1, 1, 1, 1, 1, 1]",94.18,76.57,106.94,43.47,1442405.0
LGN,,1,"[0, 0, 0, 0, 0, 0, 0, 0, 1, 0]",,,102.27,31.07,991891.45
BRKR,60.5,10,"[1, 1, 1, 1, 1, 1, 1, 1, 1, 1]",58.94,49.39,64.75,32.66,2480625.0
SGHC,,1,"[0, 0, 0, 0, 0, 0, 0, 0, 1, 0]",,,15.53,8.42,2853370.05
STEP,,1,"[0, 0, 0, 0, 0, 0, 0, 0, 1, 0]",,,73.91,39.28,1182793.45
UGP,7.74,10,"[1, 1, 1, 1, 1, 1, 1, 1, 1, 1]",6.82,5.48,7.77,3.53,4292405.0
VAL,,1,"[0, 0, 0, 0, 0, 0, 0, 0, 1, 0]",,,113.42,46.75,1282601.7
BLSH,,1,"[0, 0, 0, 0, 0, 0, 0, 0, 1, 0]",,,67.41,21.79,1405927.15
TGTX,52.19,8,"[0, 1, 1, 1, 1, 1, 1, 1, 1, 0]",53.59,41.54,59.06,26.94,1886575.0
MIRM,,1,"[0, 0, 0, 0, 0, 0, 0, 0, 1, 0]",,,128.57,64.1,853286.95
ST,43.92,10,"[1, 1, 1, 1, 1, 1, 1, 1, 1, 1]",43.48,41.11,53.41,28.29,1286000.0
NPO,332.06,10,"[1, 1, 1, 1, 1, 1, 1, 1, 1, 1]",311.72,289.75,387.22,201.58,175515.0
PAYC,,1,"[0, 0, 0, 0, 0, 0, 0, 0, 1, 0]",,,240.52,113.1,729342.3
SYRE,,1,"[0, 0, 0, 0, 0, 0, 0, 0, 1, 0]",,,108.92,16.02,1433776.75
SWX,83.32,4,"[0, 0, 0, 0, 1, 1, 0, 1, 1, 0]",87.74,86.67,92.72,75.03,828575.0
COMP,,1,"[0, 0, 0, 0, 0, 0, 0, 0, 1, 0]",,,13.58,6.68,17118377.8
AROC,30.83,4,"[0, 0, 0, 0, 1, 1, 1, 0, 1, 0]",32.27,33.47,41.68,22.6,1750965.0
AXTI,84.06,8,"[1, 1, 1, 0, 1, 1, 1, 0, 1, 1]",69.74,61.06,140.83,4.03,8273575.0
RSI,,1,"[0, 0, 0, 0, 0, 0, 0, 0, 1, 0]",,,34.52,15.89,3749874.05
RYTM,,1,"[0, 0, 0, 0, 0, 0, 0, 0, 1, 0]",,,117.62,75.82,753388.45
HIMS,,1,"[0, 0, 0, 0, 0, 0, 0, 0, 1, 0]",,,62.76,14.52,9627333.45
PTGX,,1,"[0, 0, 0, 0, 0, 0, 0, 0, 1, 0]",,,158.62,65.3,770870.6
ACA,,1,"[0, 0, 0, 0, 0, 0, 0, 0, 1, 0]",,,146.75,88.99,735555.0
FNB,17.28,5,"[0, 0, 0, 1, 1, 1, 0, 1, 1, 0]",18.3,17.67,19.35,14.23,4653965.0
FLY,,1,"[0, 0, 0, 0, 0, 0, 0, 0, 1, 0]",,,58.81,16.78,3443393.65
CELC,,1,"[0, 0, 0, 0, 0, 0, 0, 0, 1, 0]",,,144.98,46.07,1102364.75
ENIC,,1,"[0, 0, 0, 0, 0, 0, 0, 0, 1, 0]",,,4.66,3.56,682946.25
INGM,,1,"[0, 0, 0, 0, 0, 0, 0, 0, 1, 0]",,,31.54,19.32,2682134.85
LUNR,,1,"[0, 0, 0, 0, 0, 0, 0, 0, 1, 0]",,,45.7,8.05,8077598.0
RGTI,,1,"[0, 0, 0, 0, 0, 0, 0, 0, 1, 0]",,,56.34,12.9,15698674.5
CLF,12.25,7,"[1, 1, 1, 1, 0, 0, 1, 1, 1, 0]",11.91,11.37,16.18,7.82,15368185.0
CE,44.85,4,"[0, 0, 0, 0, 1, 1, 0, 0, 1, 1]",45.21,51.25,69.19,35.47,1965030.0
LSTR,169.05,5,"[0, 0, 0, 0, 1, 1, 1, 1, 1, 0]",176.25,174.67,224.86,119.03,356020.0
GVA,120.92,6,"[1, 0, 0, 0, 1, 1, 0, 1, 1, 1]",119.87,126.9,160.08,98.09,674440.0
VIST,,1,"[0, 0, 0, 0, 0, 0, 0, 0, 1, 0]",,,79.25,34.51,1099217.5
KGS,,1,"[0, 0, 0, 0, 0, 0, 0, 0, 1, 0]",,,75.7,32.17,1977373.45
URBN,80.25,9,"[1, 1, 1, 1, 0, 1, 1, 1, 1, 1]",77.25,72.26,82.95,59.57,1081680.0
PTCT,,1,"[0, 0, 0, 0, 0, 0, 0, 0, 1, 0]",,,89.55,62.28,1300459.4
ETSY,,1,"[0, 0, 0, 0, 0, 0, 0, 0, 1, 0]",,,87.03,44.05,3290484.95
LNTH,,1,"[0, 0, 0, 0, 0, 0, 0, 0, 1, 0]",,,110.94,50.69,984000.25
VNO,33.52,7,"[0, 0, 1, 1, 1, 1, 1, 1, 1, 0]",36.96,33.35,40.91,24.71,1470260.0
REZI,,1,"[0, 0, 0, 0, 0, 0, 0, 0, 1, 0]",,,30.97,18.12,2060681.15
OUT,,1,"[0, 0, 0, 0, 0, 0, 0, 0, 1, 0]",,,33.43,16.34,1741501.85
FLG,11.56,4,"[0, 0, 0, 0, 1, 1, 0, 1, 1, 0]",13.24,13.6,15.35,10.69,5431205.0
EAT,190.44,7,"[0, 1, 1, 1, 1, 1, 1, 0, 1, 0]",219.34,170.36,253.94,102.29,1598840.0
GXO,,1,"[0, 0, 0, 0, 0, 0, 0, 0, 1, 0]",,,65.59,44.17,1376875.05
COGT,,1,"[0, 0, 0, 0, 0, 0, 0, 0, 1, 0]",,,42.84,14.13,2135334.85
IBP,,1,"[0, 0, 0, 0, 0, 0, 0, 0, 1, 0]",,,340.11,191.11,500592.75
VSNT,,1,"[0, 0, 0, 0, 0, 0, 0, 0, 1, 0]",,,45.93,26.54,1851820.6
ABCB,79.95,5,"[0, 0, 0, 1, 1, 1, 0, 1, 1, 0]",84.99,83.01,92.94,68.72,533460.0
TFX,124.74,6,"[0, 0, 1, 1, 1, 1, 0, 1, 1, 0]",132.76,123.55,142.05,99.54,853360.0
IMVT,,1,"[0, 0, 0, 0, 0, 0, 0, 0, 1, 0]",,,44.96,16.08,1574089.45
CGON,,1,"[0, 0, 0, 0, 0, 0, 0, 0, 1, 0]",,,80.68,37.37,1094294.2
USAR,,1,"[0, 0, 0, 0, 0, 0, 0, 0, 1, 0]",,,38.68,11.9,12895161.4
ALKS,41.65,7,"[0, 0, 1, 1, 1, 1, 1, 1, 1, 0]",46.53,39.23,55.22,27.2,2477700.0
CENX,37.18,4,"[0, 0, 0, 0, 1, 1, 1, 0, 1, 0]",43.48,50.55,68.77,26.19,1816420.0
MSM,130.32,10,"[1, 1, 1, 1, 1, 1, 1, 1, 1, 1]",122.06,104.9,130.32,78.9,789295.0
SRRK,,1,"[0, 0, 0, 0, 0, 0, 0, 0, 1, 0]",,,60.04,27.92,2397420.2
BLCO,,1,"[0, 0, 0, 0, 0, 0, 0, 0, 1, 0]",,,18.6,14.32,350064.9
PIPR,65.66,1,"[0, 0, 0, 0, 0, 0, 0, 0, 1, 0]",73.63,78.52,92.26,64.72,883965.0
BKH,70.74,4,"[0, 0, 0, 0, 1, 1, 0, 1, 1, 0]",71.92,71.59,75.38,57.79,1092420.0
KMX,55.29,8,"[0, 1, 1, 1, 1, 1, 1, 1, 1, 0]",59.16,48.33,64.22,30.88,3449265.0
MAC,22.95,8,"[0, 1, 1, 1, 1, 1, 1, 1, 1, 0]",23.65,21.54,26.31,15.68,3679655.0
CZR,,1,"[0, 0, 0, 0, 0, 0, 0, 0, 1, 0]",,,30.41,18.14,4899146.6
PRIM,84.97,3,"[1, 0, 0, 0, 0, 0, 0, 0, 1, 1]",77.79,118.29,202.53,71.04,1374685.0
GLNG,50.03,6,"[0, 0, 1, 0, 1, 1, 1, 1, 1, 0]",50.62,48.33,56.8,34.8,1451255.0
OSCR,,1,"[0, 0, 0, 0, 0, 0, 0, 0, 1, 0]",,,33.81,10.85,5535288.35
S,,1,"[0, 0, 0, 0, 0, 0, 0, 0, 1, 0]",,,25.43,11.94,8932698.7
CORT,119.57,10,"[1, 1, 1, 1, 1, 1, 1, 1, 1, 1]",114.1,70.31,123.57,32.15,1771065.0
RUSHA,47.05,7,"[0, 0, 1, 1, 1, 1, 1, 1, 1, 0]",50.61,46.63,55.02,30.75,701795.0
HWC,72.72,8,"[0, 1, 1, 1, 1, 1, 1, 1, 1, 0]",75.19,69.45,79.25,52.98,937570.0
CACC,536.58,7,"[0, 0, 1, 1, 1, 1, 1, 1, 1, 0]",577.31,530.65,657.2,411.04,126610.0
ZGN,,1,"[0, 0, 0, 0, 0, 0, 0, 0, 1, 0]",,,15.25,8.6,1135292.35
MATX,224.78,10,"[1, 1, 1, 1, 1, 1, 1, 1, 1, 1]",220.55,183.15,238.6,87.23,316820.0
MCY,103.0,9,"[0, 1, 1, 1, 1, 1, 1, 1, 1, 1]",103.44,97.13,110.77,75.21,333765.0
ALM,,1,"[0, 0, 0, 0, 0, 0, 0, 0, 1, 0]",,,23.42,5.59,6163623.6
BGC,11.85,9,"[1, 1, 1, 1, 1, 1, 1, 1, 1, 0]",11.65,10.59,12.63,8.24,4348920.0
AUB,38.14,5,"[0, 0, 0, 1, 1, 1, 0, 1, 1, 0]",40.48,38.35,43.01,30.43,1319055.0
GTX,,1,"[0, 0, 0, 0, 0, 0, 0, 0, 1, 0]",,,36.12,12.31,2469029.7
MRCY,82.8,3,"[0, 0, 0, 0, 1, 1, 0, 0, 1, 0]",91.95,91.98,126.21,66.12,654410.0
VSEC,168.48,3,"[0, 0, 0, 1, 0, 1, 0, 0, 1, 0]",200.98,198.5,243.48,154.64,422075.0
TEO,12.69,7,"[0, 0, 1, 1, 1, 1, 1, 1, 1, 0]",13.32,12.51,15.98,7.26,322060.0
LBRT,,1,"[0, 0, 0, 0, 0, 0, 0, 0, 1, 0]",,,33.68,11.76,4033097.85
XENE,,1,"[0, 0, 0, 0, 0, 0, 0, 0, 1, 0]",,,70.96,36.56,2809232.8
SNDR,,1,"[0, 0, 0, 0, 0, 0, 0, 0, 1, 0]",,,38.54,19.98,735974.4
KLIC,97.92,8,"[1, 1, 1, 0, 1, 1, 1, 0, 1, 1]",87.88,83.24,133.47,34.87,768090.0
SEI,,1,"[0, 0, 0, 0, 0, 0, 0, 0, 1, 0]",,,82.72,40.39,2772659.5
GOLF,,1,"[0, 0, 0, 0, 0, 0, 0, 0, 1, 0]",,,118.18,74.45,344561.35
BEPC,,1,"[0, 0, 0, 0, 0, 0, 0, 0, 1, 0]",,,42.99,27.97,1926580.3
VCTR,,1,"[0, 0, 0, 0, 0, 0, 0, 0, 1, 0]",,,120.59,59.26,765817.8
BC,64.98,1,"[0, 0, 0, 0, 0, 0, 0, 0, 1, 0]",74.3,77.93,87.8,57.45,809705.0
MUR,37.79,9,"[1, 1, 1, 0, 1, 1, 1, 1, 1, 1]",36.72,35.48,41.94,25.53,1723925.0
MGY,,1,"[0, 0, 0, 0, 0, 0, 0, 0, 1, 0]",,,31.94,20.84,5053302.7
CRSP,,1,"[0, 0, 0, 0, 0, 0, 0, 0, 1, 0]",,,76.78,44.34,1722833.1
PACS,,1,"[0, 0, 0, 0, 0, 0, 0, 0, 1, 0]",,,48.45,10.58,824427.7
HASI,,1,"[0, 0, 0, 0, 0, 0, 0, 0, 1, 0]",,,42.33,26.43,1096104.9
ATAT,,1,"[0, 0, 0, 0, 0, 0, 0, 0, 1, 0]",,,42.21,31.03,891203.6
CRC,,1,"[0, 0, 0, 0, 0, 0, 0, 0, 1, 0]",,,69.14,42.65,919372.7
LEGN,,1,"[0, 0, 0, 0, 0, 0, 0, 0, 1, 0]",,,36.28,16.65,2393105.5
PRM,,1,"[0, 0, 0, 0, 0, 0, 0, 0, 1, 0]",,,37.78,20.69,1364754.75
IFS,,1,"[0, 0, 0, 0, 0, 0, 0, 0, 1, 0]",,,60.68,36.99,221335.8
CROX,120.22,9,"[0, 1, 1, 1, 1, 1, 1, 1, 1, 1]",123.84,106.76,141.19,73.39,1184645.0
CAR,112.65,2,"[0, 0, 0, 0, 1, 0, 0, 0, 1, 0]",130.65,155.83,713.97,87.69,456345.0
M,22.46,9,"[0, 1, 1, 1, 1, 1, 1, 1, 1, 1]",23.0,21.25,25.99,15.94,7201210.0
AVAL,,1,"[0, 0, 0, 0, 0, 0, 0, 0, 1, 0]",,,5.68,3.28,141561.2
KNF,,1,"[0, 0, 0, 0, 0, 0, 0, 0, 1, 0]",,,93.97,50.33,1167265.35
DIOD,107.74,10,"[1, 1, 1, 1, 1, 1, 1, 1, 1, 1]",93.53,84.73,122.76,42.36,534210.0
SON,48.02,5,"[0, 0, 0, 1, 1, 1, 0, 1, 1, 0]",53.62,51.28,60.0,37.64,1145630.0
WSC,,1,"[0, 0, 0, 0, 0, 0, 0, 0, 1, 0]",,,28.97,14.78,2829062.1
RELY,,1,"[0, 0, 0, 0, 0, 0, 0, 0, 1, 0]",,,26.92,12.2,4201831.6
SXT,132.91,9,"[1, 1, 1, 1, 1, 1, 1, 1, 1, 0]",130.64,110.08,137.45,82.4,351250.0
ALH,,1,"[0, 0, 0, 0, 0, 0, 0, 0, 1, 0]",,,28.01,19.06,1121890.1
ACLS,141.15,8,"[1, 1, 1, 0, 1, 1, 1, 0, 1, 1]",124.4,120.48,191.6,74.12,358250.0
LB,,1,"[0, 0, 0, 0, 0, 0, 0, 0, 1, 0]",,,89.59,44.0,223443.0
STVN,,1,"[0, 0, 0, 0, 0, 0, 0, 0, 1, 0]",,,27.51,13.38,334336.6
MWH,,1,"[0, 0, 0, 0, 0, 0, 0, 0, 1, 0]",,,46.77,23.81,1370263.95
BMA,68.55,2,"[0, 0, 0, 0, 0, 0, 1, 0, 1, 0]",77.84,81.82,101.13,40.93,287335.0
TDS,35.15,2,"[1, 0, 0, 0, 0, 0, 0, 0, 1, 0]",35.15,40.11,47.45,32.95,1637870.0
NOVT,149.1,9,"[1, 1, 1, 1, 1, 1, 1, 1, 1, 0]",147.52,140.67,168.75,99.22,373350.0
MARA,,1,"[0, 0, 0, 0, 0, 0, 0, 0, 1, 0]",,,22.84,6.73,43311622.35
ACHR,,1,"[0, 0, 0, 0, 0, 0, 0, 0, 1, 0]",,,13.03,4.44,24478721.05
PSMT,172.0,8,"[0, 1, 1, 1, 1, 1, 1, 1, 1, 0]",175.23,162.12,197.13,113.98,231045.0
SYNA,119.39,9,"[1, 1, 1, 0, 1, 1, 1, 1, 1, 1]",101.42,99.26,147.57,58.52,1053970.0
OPEN,,1,"[0, 0, 0, 0, 0, 0, 0, 0, 1, 0]",,,9.37,2.31,32647660.75
PBF,,1,"[0, 0, 0, 0, 0, 0, 0, 0, 1, 0]",,,84.16,25.55,4087200.05
INDV,,1,"[0, 0, 0, 0, 0, 0, 0, 0, 1, 0]",,,41.83,23.72,2051338.7
ENPH,,1,"[0, 0, 0, 0, 0, 0, 0, 0, 1, 0]",,,72.33,26.12,4743333.05
KC,,1,"[0, 0, 0, 0, 0, 0, 0, 0, 1, 0]",,,18.21,8.58,1234029.95
MIAX,,1,"[0, 0, 0, 0, 0, 0, 0, 0, 1, 0]",,,56.84,33.01,1854428.25
TGS,27.04,3,"[0, 0, 0, 0, 0, 0, 1, 1, 1, 0]",28.47,30.21,35.32,20.72,255080.0
DNTH,,1,"[0, 0, 0, 0, 0, 0, 0, 0, 1, 0]",,,115.96,32.92,955684.5
SPHR,,1,"[0, 0, 0, 0, 0, 0, 0, 0, 1, 0]",,,176.38,58.7,735675.2
MDU,18.95,3,"[0, 0, 0, 0, 1, 0, 0, 1, 1, 0]",19.51,20.4,22.48,17.71,2076100.0
EBC,,1,"[0, 0, 0, 0, 0, 0, 0, 0, 1, 0]",,,23.49,16.27,2542588.85
HRB,42.63,8,"[0, 1, 1, 1, 1, 1, 1, 1, 1, 0]",46.84,38.15,53.69,27.41,2116280.0
NAVN,,1,"[0, 0, 0, 0, 0, 0, 0, 0, 1, 0]",,,30.58,8.51,5028882.7
AIR,104.03,5,"[0, 0, 0, 1, 1, 1, 1, 0, 1, 0]",128.63,117.56,153.71,77.35,694265.0
VSH,37.84,8,"[1, 1, 1, 0, 1, 1, 1, 0, 1, 1]",32.73,30.69,64.7,11.61,3461935.0
PI,,1,"[0, 0, 0, 0, 0, 0, 0, 0, 1, 0]",,,241.91,91.34,406312.95
MEOH,60.81,10,"[1, 1, 1, 1, 1, 1, 1, 1, 1, 1]",58.01,54.28,65.32,33.39,904805.0
NTSK,,1,"[0, 0, 0, 0, 0, 0, 0, 0, 1, 0]",,,24.26,7.73,7299736.0
QS,,1,"[0, 0, 0, 0, 0, 0, 0, 0, 1, 0]",,,18.44,4.56,11706844.0
CVLT,154.98,10,"[1, 1, 1, 1, 1, 1, 1, 1, 1, 1]",138.48,115.84,177.7,75.18,608145.0
CSTM,,1,"[0, 0, 0, 0, 0, 0, 0, 0, 1, 0]",,,36.15,14.41,1627709.05
LAUR,,1,"[0, 0, 0, 0, 0, 0, 0, 0, 1, 0]",,,40.46,28.87,1081704.55
PAM,81.48,3,"[0, 0, 0, 0, 0, 0, 1, 1, 1, 0]",82.06,83.18,92.27,59.3,204730.0
PAGP,,1,"[0, 0, 0, 0, 0, 0, 0, 0, 1, 0]",,,28.47,15.63,1758800.6
CVSA,127.37,9,"[0, 1, 1, 1, 1, 1, 1, 1, 1, 1]",128.27,117.76,153.98,89.36,358925.0
ATMU,,1,"[0, 0, 0, 0, 0, 0, 0, 0, 1, 0]",,,65.42,42.6,776793.6
FTDR,,1,"[0, 0, 0, 0, 0, 0, 0, 0, 1, 0]",,,90.83,49.1,634371.0
MMYT,43.37,2,"[0, 0, 0, 1, 0, 0, 0, 0, 1, 0]",54.44,54.14,94.43,36.3,1101275.0
INSW,,1,"[0, 0, 0, 0, 0, 0, 0, 0, 1, 0]",,,116.6,37.13,827286.65
HCC,,1,"[0, 0, 0, 0, 0, 0, 0, 0, 1, 0]",,,110.18,62.14,678320.95
NAMS,,1,"[0, 0, 0, 0, 0, 0, 0, 0, 1, 0]",,,41.45,21.16,1886555.05
KNSA,,1,"[0, 0, 0, 0, 0, 0, 0, 0, 1, 0]",,,80.92,37.01,566537.1
SHC,,1,"[0, 0, 0, 0, 0, 0, 0, 0, 1, 0]",,,19.57,13.13,2030584.35
TBBB,,1,"[0, 0, 0, 0, 0, 0, 0, 0, 1, 0]",,,53.87,24.12,649805.95
HRI,134.73,4,"[0, 0, 0, 1, 0, 0, 1, 1, 1, 0]",149.23,140.0,178.47,90.13,907125.0
NWE,68.92,6,"[0, 0, 1, 1, 1, 1, 0, 1, 1, 0]",69.7,68.35,72.73,55.16,516470.0
FLNC,,1,"[0, 0, 0, 0, 0, 0, 0, 0, 1, 0]",,,32.23,7.27,8668183.25
YSS,,1,"[0, 0, 0, 0, 0, 0, 0, 0, 1, 0]",,,43.45,7.45,3659997.1
LGND,296.94,10,"[1, 1, 1, 1, 1, 1, 1, 1, 1, 1]",291.85,242.84,322.61,177.73,266895.0
IPGP,83.69,4,"[1, 0, 0, 0, 1, 0, 0, 0, 1, 1]",80.28,101.36,153.91,70.74,436455.0
CBT,77.11,6,"[0, 0, 0, 1, 1, 1, 1, 1, 1, 0]",82.26,78.32,92.88,57.32,434495.0
GTLB,,1,"[0, 0, 0, 0, 0, 0, 0, 0, 1, 0]",,,51.5,19.42,3967910.6
BCO,103.5,3,"[0, 0, 0, 1, 0, 0, 0, 1, 1, 0]",109.84,111.39,134.96,91.97,470785.0
HAFN,,1,"[0, 0, 0, 0, 0, 0, 0, 0, 1, 0]",,,10.28,4.53,3145280.15
WIX,,1,"[0, 0, 0, 0, 0, 0, 0, 0, 1, 0]",,,145.54,40.43,1072424.4
AZZ,141.59,10,"[1, 1, 1, 1, 1, 1, 1, 1, 1, 1]",141.18,135.89,159.9,97.18,253155.0
ONDS,,1,"[0, 0, 0, 0, 0, 0, 0, 0, 1, 0]",,,14.01,5.25,60718118.5
UNF,251.72,6,"[0, 0, 0, 1, 1, 1, 1, 1, 1, 0]",276.6,253.91,300.79,149.11,390195.0
IRDM,49.04,10,"[1, 1, 1, 1, 1, 1, 1, 1, 1, 1]",47.87,37.11,55.54,15.52,1171285.0
MANE,,1,"[0, 0, 0, 0, 0, 0, 0, 0, 1, 0]",,,129.74,37.03,779121.1
STNG,86.23,10,"[1, 1, 1, 1, 1, 1, 1, 1, 1, 1]",80.55,73.42,87.85,48.65,1172425.0
TCBI,92.97,4,"[0, 0, 0, 0, 1, 1, 0, 1, 1, 0]",97.4,98.37,107.52,76.77,581535.0
TPC,89.06,9,"[1, 1, 1, 1, 1, 1, 1, 1, 1, 0]",88.04,80.48,99.01,58.56,454840.0
ENVA,182.88,6,"[0, 0, 1, 1, 1, 1, 1, 0, 1, 0]",221.41,182.45,265.45,104.01,437775.0
PLUG,1.86,2,"[0, 0, 0, 0, 1, 0, 0, 0, 1, 0]",2.1,2.46,4.14,1.79,46606905.0
HNGE,98.35,10,"[1, 1, 1, 1, 1, 1, 1, 1, 1, 1]",89.46,61.66,98.35,31.17,1933255.0
WHD,64.17,8,"[0, 1, 1, 1, 1, 1, 1, 1, 1, 0]",67.32,56.79,73.57,33.05,759755.0
PTEN,11.41,8,"[0, 1, 1, 1, 1, 1, 1, 1, 1, 0]",11.44,9.94,13.15,5.15,8106075.0
SMR,8.02,1,"[0, 0, 0, 0, 0, 0, 0, 0, 1, 0]",8.99,11.86,53.43,7.59,37363210.0
CMBT,19.68,10,"[1, 1, 1, 1, 1, 1, 1, 1, 1, 1]",18.18,14.29,20.41,8.53,1056645.0
CNO,54.04,8,"[0, 1, 1, 1, 1, 1, 1, 1, 1, 0]",54.48,47.21,56.56,37.9,1135297.4
BETA,20.9,5,"[0, 1, 1, 1, 0, 0, 1, 0, 1, 0]",22.06,19.9,36.8,13.59,3855015.0
CNR,90.21,4,"[0, 0, 0, 1, 0, 1, 0, 1, 1, 0]",92.37,90.89,113.0,75.66,512100.0
BLLN,99.94,8,"[0, 1, 1, 1, 1, 1, 1, 0, 1, 1]",106.68,95.31,149.97,64.03,655925.0
ZETA,32.95,10,"[1, 1, 1, 1, 1, 1, 1, 1, 1, 1]",28.96,21.42,32.95,14.55,5723855.0
NVTS,11.97,4,"[0, 0, 0, 0, 1, 1, 1, 0, 1, 0]",12.07,13.25,31.79,7.14,14391130.0
FHI,56.56,5,"[0, 0, 0, 1, 1, 1, 0, 1, 1, 0]",60.86,56.59,65.39,46.07,701290.0
COLD,13.86,9,"[0, 1, 1, 1, 1, 1, 1, 1, 1, 1]",14.35,13.26,15.99,9.46,3739800.0
LMND,46.3,1,"[0, 0, 0, 0, 0, 0, 0, 0, 1, 0]",50.31,61.44,96.57,43.91,1087875.0
AMRX,20.3,10,"[1, 1, 1, 1, 1, 1, 1, 1, 1, 1]",18.41,15.09,20.5,9.72,3117670.0
LPL,3.09,1,"[0, 0, 0, 0, 0, 0, 0, 0, 1, 0]",3.18,4.01,5.76,2.79,2281205.0
TREX,44.86,8,"[0, 1, 1, 1, 1, 1, 1, 1, 1, 0]",45.53,42.19,53.57,30.13,1627540.0
DOO,56.09,2,"[0, 0, 0, 1, 0, 0, 0, 0, 1, 0]",61.26,64.59,80.96,50.63,274000.0
MTRN,312.15,10,"[1, 1, 1, 1, 1, 1, 1, 1, 1, 1]",254.57,201.16,319.18,111.13,286890.0
XMTR,110.66,10,"[1, 1, 1, 1, 1, 1, 1, 1, 1, 1]",92.82,72.89,110.66,36.1,917315.0
NP,27.19,6,"[0, 0, 0, 1, 1, 1, 1, 1, 1, 0]",31.1,27.42,35.11,17.14,601105.0
LASR,40.03,4,"[0, 0, 0, 0, 1, 1, 1, 0, 1, 0]",47.45,57.89,84.95,28.07,797125.0
CAAP,25.22,8,"[1, 1, 1, 0, 0, 1, 1, 1, 1, 1]",24.11,24.96,29.21,16.83,319995.0
TNL,62.82,2,"[0, 0, 0, 0, 0, 0, 0, 1, 1, 0]",68.86,69.91,77.73,56.16,754700.0
PVH,78.21,6,"[1, 0, 1, 0, 1, 0, 0, 1, 1, 1]",77.85,76.1,98.72,60.81,916655.0
LBTYA,9.14,1,"[0, 0, 0, 0, 0, 0, 0, 0, 1, 0]",10.26,11.27,13.03,8.92,3257230.0
CRGY,13.62,9,"[1, 1, 1, 1, 1, 1, 1, 1, 1, 0]",13.06,11.38,15.37,7.53,6356515.0
COCO,54.48,5,"[0, 0, 0, 0, 1, 1, 1, 0, 1, 1]",60.2,61.39,84.02,39.07,1456165.0
POWI,53.4,5,"[0, 0, 0, 0, 1, 1, 1, 0, 1, 1]",54.68,57.72,86.99,30.39,778090.0
LEU,153.88,1,"[0, 0, 0, 0, 0, 0, 0, 0, 1, 0]",168.15,199.68,436.0,138.18,774460.0
ANDG,57.12,9,"[1, 1, 1, 1, 1, 0, 1, 1, 1, 1]",52.27,36.02,57.45,18.34,524060.0
KTB,65.8,4,"[0, 0, 0, 1, 1, 0, 0, 1, 1, 0]",73.82,70.72,87.53,56.22,755065.0
MRX,74.24,9,"[1, 1, 1, 1, 1, 1, 1, 1, 1, 0]",70.39,54.14,78.27,27.85,750180.0
ARIS,17.66,5,"[0, 0, 0, 1, 0, 1, 1, 1, 1, 0]",18.24,17.95,22.68,9.09,1617410.0
DLO,14.53,8,"[0, 1, 1, 1, 1, 1, 1, 1, 1, 0]",14.6,13.4,15.78,10.83,1562025.0
GFF,94.51,8,"[0, 1, 1, 1, 1, 1, 1, 1, 1, 0]",97.3,87.39,106.98,66.11,367860.0
TDW,82.07,8,"[0, 1, 1, 1, 1, 1, 1, 1, 1, 0]",87.68,76.66,100.61,47.29,560810.0
OPLN,34.96,8,"[0, 1, 1, 1, 1, 1, 1, 1, 1, 0]",35.72,33.55,42.9,24.49,1171935.0
KAI,263.66,2,"[0, 0, 0, 0, 0, 0, 0, 1, 1, 0]",297.44,309.07,346.52,246.63,175395.0
BBWI,17.93,1,"[0, 0, 0, 0, 0, 0, 0, 0, 1, 0]",18.38,19.54,25.92,14.41,6969765.0
TVTX,55.98,8,"[0, 1, 1, 1, 1, 1, 1, 1, 1, 0]",62.25,45.22,67.52,25.16,1820850.0
LIVN,74.93,8,"[0, 1, 1, 1, 1, 1, 1, 1, 1, 0]",79.07,71.48,85.32,49.57,669655.0
NVST,23.27,5,"[0, 0, 0, 1, 1, 1, 0, 1, 1, 0]",26.25,25.68,30.26,18.95,3095060.0
ACMR,75.35,7,"[0, 1, 1, 1, 1, 1, 1, 0, 1, 0]",76.29,67.42,126.89,29.67,1271265.0
UCTT,73.24,5,"[0, 0, 1, 0, 1, 1, 1, 0, 1, 0]",76.44,72.25,142.59,21.65,939220.0
HGV,34.73,1,"[0, 0, 0, 0, 0, 0, 0, 0, 1, 0]",41.47,45.53,54.69,34.05,1212515.0
PII,52.79,1,"[0, 0, 0, 0, 0, 0, 0, 0, 1, 0]",61.55,62.69,73.91,46.92,863040.0
SKE,31.35,8,"[0, 1, 1, 1, 1, 1, 1, 1, 1, 0]",31.53,30.07,38.12,15.54,468125.0
EE,34.6,6,"[0, 0, 0, 1, 1, 1, 1, 1, 1, 0]",36.87,35.44,42.6,24.99,459240.0
ORKA,80.18,7,"[0, 1, 1, 1, 1, 1, 1, 0, 1, 0]",95.41,64.46,113.08,20.57,1012195.0
RNG,77.26,10,"[1, 1, 1, 1, 1, 1, 1, 1, 1, 1]",69.0,44.57,79.82,24.69,1569035.0
CATY,60.16,8,"[0, 1, 1, 1, 1, 1, 1, 1, 1, 0]",62.1,55.83,64.53,43.96,505195.0
ACAD,19.74,2,"[0, 0, 0, 1, 0, 0, 0, 0, 1, 0]",26.74,24.33,30.57,19.74,2397585.0
DAN,28.43,4,"[0, 0, 0, 0, 1, 1, 1, 0, 1, 0]",29.38,30.75,38.62,17.84,1445460.0
EWTX,40.02,8,"[0, 1, 1, 1, 1, 1, 1, 1, 1, 0]",42.83,34.98,48.35,14.7,1769400.0
TAC,13.12,6,"[1, 1, 1, 0, 1, 0, 0, 0, 1, 1]",12.24,12.82,17.53,11.5,1729045.0
SOUN,5.72,1,"[0, 0, 0, 0, 0, 0, 0, 0, 1, 0]",6.57,7.74,21.4,5.7,17868715.0
JOE,65.98,9,"[1, 1, 1, 1, 0, 1, 1, 1, 1, 1]",65.92,65.18,72.27,46.43,298460.0
HP,39.61,8,"[0, 1, 1, 1, 1, 1, 1, 1, 1, 0]",40.66,36.13,47.64,21.23,1117210.0
INDB,79.39,6,"[0, 0, 1, 1, 1, 1, 0, 1, 1, 0]",82.14,78.95,86.48,62.36,404075.0
FG,20.72,1,"[0, 0, 0, 0, 0, 0, 0, 0, 1, 0]",24.43,26.19,33.62,20.06,759525.0
BB,9.58,9,"[1, 1, 1, 1, 1, 1, 1, 0, 1, 1]",8.36,6.43,12.81,3.15,18899420.0
PPTA,20.62,1,"[0, 0, 0, 0, 0, 0, 0, 0, 1, 0]",23.25,26.32,37.22,16.9,929910.0
LRN,79.75,4,"[0, 0, 0, 0, 1, 1, 1, 0, 1, 0]",82.41,84.73,153.53,61.02,715375.0
BULL,7.28,5,"[0, 1, 1, 1, 0, 0, 1, 0, 1, 0]",8.12,7.06,12.8,4.63,12222450.0
BELFB,260.26,10,"[1, 1, 1, 1, 1, 1, 1, 1, 1, 1]",258.54,244.49,332.96,134.24,148885.0
WSFS,75.92,8,"[0, 1, 1, 1, 1, 1, 1, 1, 1, 0]",79.25,70.63,82.09,49.8,370920.0
LQDA,25.91,4,"[0, 0, 0, 1, 1, 1, 0, 0, 1, 0]",69.63,54.12,91.03,22.02,4254135.0
ALHC,8.37,1,"[0, 0, 0, 0, 0, 0, 0, 0, 1, 0]",12.13,17.9,24.56,7.67,13218745.0
AAUC,20.19,3,"[0, 0, 0, 0, 0, 1, 1, 0, 1, 0]",21.81,26.5,32.01,14.66,451175.0
CGAU,21.69,8,"[0, 1, 1, 1, 1, 1, 1, 1, 1, 0]",21.71,18.31,24.25,10.74,1182440.0
OII,44.97,8,"[0, 1, 1, 1, 1, 1, 1, 1, 1, 0]",48.91,38.76,54.11,22.2,952720.0
VKTX,28.38,2,"[0, 0, 0, 0, 1, 0, 0, 0, 1, 0]",33.11,33.1,42.13,26.29,8642885.0
CLSK,12.29,4,"[0, 0, 0, 0, 1, 1, 1, 0, 1, 0]",12.86,12.58,23.2,8.18,16897510.0
SII,119.41,4,"[0, 0, 0, 0, 1, 1, 1, 0, 1, 0]",122.38,125.55,165.32,79.04,121865.0
VECO,55.67,8,"[1, 1, 1, 0, 1, 1, 1, 0, 1, 1]",47.89,45.67,83.04,26.39,702735.0
RUM,7.65,7,"[0, 1, 1, 1, 1, 1, 1, 0, 1, 0]",7.87,6.77,10.23,4.67,6226645.0
WRBY,26.23,9,"[1, 1, 1, 1, 0, 1, 1, 1, 1, 1]",25.71,25.21,30.34,16.49,3619995.0
TLX,10.78,8,"[0, 1, 1, 1, 1, 1, 1, 1, 1, 0]",11.4,9.68,12.83,6.41,500640.0
RXO,28.54,10,"[1, 1, 1, 1, 1, 1, 1, 1, 1, 1]",21.35,19.7,29.3,10.48,3201985.0
BTE,4.69,9,"[1, 1, 1, 1, 1, 1, 1, 1, 1, 0]",4.62,4.2,5.28,2.19,18075890.0
LION,11.35,5,"[0, 0, 0, 0, 1, 1, 1, 0, 1, 1]",11.69,11.38,16.4,5.91,3199045.0
TWST,166.97,10,"[1, 1, 1, 1, 1, 1, 1, 1, 1, 1]",139.62,78.6,205.0,25.45,2757900.0
FIBK,35.52,5,"[0, 0, 0, 1, 1, 1, 0, 1, 1, 0]",37.23,35.67,39.73,27.83,1374410.0
BFH,97.8,8,"[0, 1, 1, 1, 1, 1, 1, 1, 1, 0]",106.31,89.07,113.15,53.47,621305.0
BHF,50.03,2,"[0, 0, 0, 0, 0, 0, 0, 1, 1, 0]",54.45,60.67,66.61,45.14,1072185.0
SLG,48.4,8,"[0, 1, 1, 1, 1, 1, 1, 1, 1, 0]",53.25,45.49,59.08,33.88,858705.0
HYMC,19.09,3,"[0, 0, 0, 0, 0, 1, 1, 0, 1, 0]",22.77,30.86,55.74,6.5,2130155.0
OGN,13.74,9,"[1, 1, 1, 1, 1, 1, 1, 1, 1, 0]",13.68,10.93,13.78,5.68,2305705.0
SIG,102.1,9,"[1, 1, 1, 1, 0, 1, 1, 1, 1, 1]",93.72,89.23,105.18,73.65,1145130.0
GNW,9.63,7,"[0, 1, 1, 1, 1, 1, 0, 1, 1, 0]",9.91,9.11,10.6,7.94,4750425.0
HWKN,132.25,3,"[1, 0, 0, 0, 0, 0, 0, 0, 1, 1]",126.55,144.06,177.6,117.67,186325.0
CTRI,21.2,2,"[0, 0, 0, 0, 0, 0, 0, 0, 1, 1]",21.67,27.91,41.8,19.07,1873630.0
RUN,7.77,1,"[0, 0, 0, 0, 0, 0, 0, 0, 1, 0]",8.98,13.45,21.41,7.61,7655890.0
ASO,52.31,7,"[1, 1, 1, 0, 0, 1, 0, 1, 1, 1]",47.87,52.11,60.65,41.26,2069295.0
HSAI,16.27,1,"[0, 0, 0, 0, 0, 0, 0, 0, 1, 0]",17.33,20.81,28.79,14.6,982920.0
ATS,18.25,1,"[0, 0, 0, 0, 0, 0, 0, 0, 1, 0]",20.44,27.54,35.38,18.03,269450.0
CC,14.08,4,"[0, 0, 0, 0, 1, 1, 1, 0, 1, 0]",15.19,18.23,27.68,10.33,1924795.0
BKU,42.9,3,"[0, 0, 0, 0, 0, 1, 0, 1, 1, 0]",45.51,46.18,50.23,34.64,1048580.0
TRMD,39.05,10,"[1, 1, 1, 1, 1, 1, 1, 1, 1, 1]",31.93,26.74,41.05,16.82,2506975.0
VEON,76.41,10,"[1, 1, 1, 1, 1, 1, 1, 1, 1, 1]",63.26,55.1,76.95,43.57,199460.0
SUNC,,1,"[0, 0, 0, 0, 0, 0, 0, 0, 1, 0]",,,82.38,45.83,627486.2
MANU,20.4,8,"[0, 1, 1, 1, 1, 1, 1, 1, 1, 0]",21.71,19.49,24.19,15.2,413255.0
AAP,41.24,2,"[0, 0, 0, 0, 1, 0, 0, 0, 1, 0]",47.11,51.2,62.73,38.18,1773335.0
AVNT,41.49,8,"[0, 1, 1, 1, 1, 1, 1, 1, 1, 0]",41.84,37.29,46.03,26.64,687555.0
CVI,57.42,10,"[1, 1, 1, 1, 1, 1, 1, 1, 1, 1]",43.23,32.48,57.42,20.59,1170880.0
SA,27.44,3,"[0, 0, 0, 1, 0, 1, 0, 0, 1, 0]",30.38,30.35,39.35,22.09,495015.0
AMBA,67.94,5,"[0, 0, 0, 1, 1, 0, 1, 0, 1, 1]",72.11,68.09,95.51,48.65,1616470.0
APLE,16.33,10,"[1, 1, 1, 1, 1, 1, 1, 1, 1, 1]",15.96,13.84,16.82,10.47,2688220.0
CHEF,111.21,10,"[1, 1, 1, 1, 1, 1, 1, 1, 1, 1]",110.71,82.73,116.42,55.79,608540.0
BEAM,25.23,1,"[0, 0, 0, 0, 0, 0, 0, 0, 1, 0]",26.59,28.47,37.92,20.6,1892285.0
CWK,11.94,2,"[0, 0, 0, 1, 0, 0, 0, 0, 1, 0]",13.32,13.8,17.2,11.75,2334570.0
TNGX,21.9,6,"[0, 0, 1, 1, 1, 1, 1, 0, 1, 0]",24.76,21.09,32.9,6.91,3426725.0
EFXT,24.37,9,"[1, 1, 1, 0, 1, 1, 1, 1, 1, 1]",21.96,21.81,28.32,10.69,584990.0
DAVE,343.14,8,"[0, 1, 1, 1, 1, 1, 1, 1, 1, 0]",355.31,275.4,442.53,155.92,306345.0
FSM,11.18,7,"[0, 1, 1, 1, 0, 1, 1, 1, 1, 0]",11.19,10.32,13.66,7.84,4991260.0
VRNS,49.08,10,"[1, 1, 1, 1, 1, 1, 1, 1, 1, 1]",44.75,34.16,63.31,20.19,1677140.0
NATL,45.67,9,"[0, 1, 1, 1, 1, 1, 1, 1, 1, 1]",46.23,43.81,48.13,34.13,886995.0
ADEA,24.61,4,"[0, 0, 0, 0, 1, 1, 1, 0, 1, 0]",26.37,25.09,33.5,11.62,1086228.5
BTDR,10.91,5,"[1, 0, 0, 0, 1, 1, 1, 0, 1, 0]",10.91,12.01,25.9,7.28,9599960.0
BATRK,52.41,10,"[1, 1, 1, 1, 1, 1, 1, 1, 1, 1]",51.54,47.18,54.29,38.04,510490.0
SEZL,112.84,6,"[0, 0, 1, 1, 1, 1, 1, 0, 1, 0]",125.04,103.49,188.55,50.97,507970.0
BBAR,13.59,2,"[0, 0, 0, 0, 0, 0, 1, 0, 1, 0]",15.19,16.54,21.73,7.82,511710.0
PARR,86.91,10,"[1, 1, 1, 1, 1, 1, 1, 1, 1, 1]",79.93,60.1,87.52,33.28,967555.0
VCYT,44.65,8,"[1, 1, 1, 1, 1, 0, 1, 0, 1, 1]",44.55,42.54,60.49,30.01,1544620.0
COLM,57.45,4,"[0, 0, 0, 0, 1, 1, 0, 1, 1, 0]",57.89,58.94,67.45,47.94,699125.0
FFBC,31.37,8,"[0, 1, 1, 1, 1, 1, 1, 1, 1, 0]",32.68,30.05,35.89,22.46,968365.0
FSLY,25.51,10,"[1, 1, 1, 1, 1, 1, 1, 1, 1, 1]",24.51,20.12,33.5,7.86,8211490.0
ZIM,29.2,9,"[1, 1, 1, 1, 1, 1, 1, 1, 1, 0]",28.02,25.49,30.51,12.03,1595315.0
RCUS,24.28,6,"[0, 0, 0, 1, 1, 1, 1, 1, 1, 0]",27.65,24.8,31.57,14.03,1782290.0
CALY,14.28,5,"[0, 0, 0, 1, 1, 1, 1, 0, 1, 0]",15.92,15.32,19.66,8.39,2221285.0
BOH,67.3,4,"[0, 0, 0, 0, 1, 1, 0, 1, 1, 0]",75.5,75.43,85.07,57.61,493545.0
UNFI,44.29,5,"[0, 0, 0, 0, 1, 1, 1, 1, 1, 0]",46.47,44.53,55.52,31.42,671320.0
SXI,297.12,10,"[1, 1, 1, 1, 1, 1, 1, 1, 1, 1]",293.12,274.31,357.31,212.24,141225.0
PLAB,30.82,6,"[1, 0, 0, 0, 1, 1, 1, 0, 1, 1]",30.21,35.86,54.96,20.28,841885.0
ERAS,14.3,6,"[0, 0, 1, 1, 1, 1, 1, 0, 1, 0]",16.73,14.09,22.47,2.2,5025940.0
EXTR,24.54,9,"[1, 1, 1, 1, 1, 1, 1, 0, 1, 1]",23.58,21.46,33.71,13.74,1519455.0
YETI,40.25,3,"[0, 0, 0, 1, 0, 0, 0, 1, 1, 0]",44.13,44.38,52.68,32.11,1831020.0
CARG,28.73,3,"[0, 0, 0, 1, 1, 0, 0, 0, 1, 0]",34.59,33.54,39.03,26.96,1457995.0
MPT,3.3,1,"[0, 0, 0, 0, 0, 0, 0, 0, 1, 0]",3.9,4.58,5.66,3.27,11980810.0
DNLI,19.28,5,"[0, 0, 0, 1, 1, 1, 1, 0, 1, 0]",22.71,21.08,27.21,14.41,1937775.0
BKD,10.9,4,"[0, 0, 0, 0, 1, 1, 1, 0, 1, 0]",12.29,13.4,16.77,8.09,4516290.0
CON,36.4,10,"[1, 1, 1, 1, 1, 1, 1, 1, 1, 1]",34.3,26.71,36.4,18.52,1051775.0
ETOR,26.4,2,"[0, 0, 0, 0, 1, 0, 0, 0, 1, 0]",30.34,33.67,43.93,24.76,1064160.0
LXP,60.95,10,"[1, 1, 1, 1, 1, 1, 1, 1, 1, 1]",60.79,52.81,61.15,42.24,903700.0
MSGE,79.99,10,"[1, 1, 1, 1, 1, 1, 1, 1, 1, 1]",79.39,68.26,88.42,41.77,592990.0
BWLP,25.59,10,"[1, 1, 1, 1, 1, 1, 1, 1, 1, 1]",23.36,18.16,26.14,10.74,381745.0
KYIV,12.59,5,"[0, 0, 0, 1, 1, 0, 1, 1, 1, 0]",13.29,12.91,16.17,9.33,359495.0
BHE,85.96,10,"[1, 1, 1, 1, 1, 1, 1, 1, 1, 1]",77.82,69.81,98.47,35.58,412725.0
CAKE,108.23,10,"[1, 1, 1, 1, 1, 1, 1, 1, 1, 1]",106.2,74.17,117.29,42.61,1382680.0
HG,34.24,8,"[0, 1, 1, 1, 1, 1, 1, 1, 1, 0]",34.91,31.14,37.28,21.72,417590.0
DHT,23.52,10,"[1, 1, 1, 1, 1, 1, 1, 1, 1, 1]",20.14,16.45,23.82,9.88,4433410.0
AEHR,92.14,8,"[0, 1, 1, 1, 1, 1, 1, 0, 1, 1]",97.04,70.39,145.61,19.4,2493390.0
OLN,16.21,1,"[0, 0, 0, 0, 0, 0, 0, 0, 1, 0]",17.67,22.51,29.59,15.43,3825725.0
SBLK,29.86,9,"[1, 1, 1, 1, 1, 1, 1, 1, 1, 0]",29.73,24.73,32.48,15.65,1973715.0
VC,89.31,2,"[0, 0, 0, 0, 1, 0, 0, 0, 1, 0]",99.68,100.85,123.44,83.87,552805.0
TTAM,13.56,1,"[0, 0, 0, 0, 0, 0, 0, 0, 1, 0]",14.84,16.26,19.26,13.28,270800.0
BKV,22.05,1,"[0, 0, 0, 0, 0, 0, 0, 0, 1, 0]",24.12,26.97,32.16,20.24,2662445.0
HIMX,14.85,9,"[1, 1, 1, 1, 1, 1, 1, 0, 1, 1]",13.95,12.28,23.77,6.81,1000880.0
BANC,17.43,2,"[0, 0, 0, 0, 0, 0, 0, 1, 1, 0]",18.54,18.92,21.69,15.18,2727630.0
SBCF,32.42,6,"[0, 1, 1, 1, 0, 1, 0, 1, 1, 0]",33.94,32.12,35.93,28.13,872630.0
KN,39.19,10,"[1, 1, 1, 1, 1, 1, 1, 1, 1, 1]",36.47,31.88,42.8,20.67,679450.0
ALMS,6.93,2,"[0, 0, 0, 0, 0, 0, 1, 0, 1, 0]",16.89,22.09,30.3,4.43,3121270.0
SDRL,45.09,7,"[0, 0, 1, 1, 1, 1, 1, 1, 1, 0]",46.33,43.73,54.8,28.4,622990.0
CRVL,75.83,10,"[1, 1, 1, 1, 1, 1, 1, 1, 1, 1]",68.54,61.44,77.55,46.0,228635.0
ITGR,126.47,10,"[1, 1, 1, 1, 1, 1, 1, 1, 1, 1]",124.11,96.63,126.5,63.32,745150.0
SUPN,42.83,3,"[0, 0, 0, 0, 0, 0, 0, 1, 1, 1]",44.58,48.15,57.0,41.28,705130.0
XXI,6.53,5,"[1, 1, 0, 0, 0, 0, 1, 0, 1, 1]",5.66,6.73,23.72,4.27,2745575.0
LFST,12.12,9,"[1, 1, 1, 1, 1, 1, 1, 1, 1, 0]",12.09,8.85,13.38,4.81,5887600.0
TDC,29.62,6,"[1, 1, 0, 0, 0, 0, 1, 1, 1, 1]",28.7,29.77,37.88,20.42,1548205.0
NMRK,12.59,1,"[0, 0, 0, 0, 0, 0, 0, 0, 1, 0]",14.55,15.28,19.25,12.26,2133605.0
ERO,37.93,9,"[1, 1, 1, 1, 0, 1, 1, 1, 1, 1]",34.85,30.19,40.4,19.89,1311465.0
JOYY,80.65,10,"[1, 1, 1, 1, 1, 1, 1, 1, 1, 1]",74.78,64.11,80.65,50.64,357805.0
EXK,8.67,3,"[0, 0, 0, 1, 0, 1, 0, 0, 1, 0]",9.79,9.94,14.12,7.07,7606305.0
SHOO,45.58,10,"[1, 1, 1, 1, 1, 1, 1, 1, 1, 1]",44.87,40.94,48.82,31.06,1187125.0
PHIN,60.76,3,"[0, 0, 0, 0, 1, 1, 0, 0, 1, 0]",68.23,71.45,84.79,50.56,458375.0
ARX,19.73,9,"[1, 1, 1, 1, 1, 1, 1, 1, 1, 0]",17.98,14.65,19.88,9.36,2005840.0
KALU,153.77,7,"[0, 0, 1, 1, 1, 1, 1, 1, 1, 0]",161.27,151.02,194.8,74.93,221015.0
DBRG,16.0,10,"[1, 1, 1, 1, 1, 1, 1, 1, 1, 1]",15.92,15.52,16.0,9.15,5834860.0
PAGS,10.72,7,"[1, 1, 1, 0, 0, 0, 1, 1, 1, 1]",9.1,9.4,11.38,8.19,4291900.0
CECO,75.45,8,"[1, 1, 1, 0, 1, 1, 1, 1, 1, 0]",72.24,72.17,99.67,47.44,693245.0
WT,24.18,9,"[1, 1, 1, 1, 1, 1, 1, 1, 1, 0]",23.06,18.24,25.04,10.68,2943085.0
PFS,22.28,7,"[0, 0, 1, 1, 1, 1, 1, 1, 1, 0]",23.54,22.1,25.04,17.11,919155.0
TRN,26.21,3,"[0, 0, 0, 0, 1, 1, 0, 0, 1, 0]",29.15,31.26,38.07,24.19,795440.0
DYN,15.4,3,"[0, 0, 0, 1, 1, 0, 0, 0, 1, 0]",22.14,19.58,26.78,13.95,3337820.0
GEO,29.94,8,"[0, 1, 1, 1, 1, 1, 1, 1, 1, 0]",31.22,23.13,32.77,13.26,2743670.0
LCII,82.19,1,"[0, 0, 0, 0, 0, 0, 0, 0, 1, 0]",96.8,112.86,152.4,81.4,367705.0
TNK,101.24,10,"[1, 1, 1, 1, 1, 1, 1, 1, 1, 1]",90.21,74.37,103.38,47.72,497300.0
BTU,25.43,1,"[0, 0, 0, 0, 0, 0, 0, 0, 1, 0]",25.91,28.68,39.25,20.76,2471900.0
NTCT,40.99,10,"[1, 1, 1, 1, 1, 1, 1, 1, 1, 1]",39.05,35.3,44.84,25.47,646915.0
DK,75.67,9,"[1, 1, 1, 1, 1, 1, 1, 1, 1, 0]",70.04,48.62,81.55,26.26,2797290.0
PTRN,17.82,6,"[0, 0, 1, 1, 1, 1, 1, 0, 1, 0]",20.48,17.09,29.4,9.59,1783175.0
GRND,13.94,7,"[0, 0, 1, 1, 1, 1, 1, 1, 1, 0]",15.79,13.57,17.94,9.85,1754095.0
TXG,80.66,10,"[1, 1, 1, 1, 1, 1, 1, 1, 1, 1]",66.53,35.48,97.74,11.47,3489555.0
CLMT,56.21,10,"[1, 1, 1, 1, 1, 1, 1, 1, 1, 1]",50.47,35.45,59.05,17.68,1568615.0
AEO,17.89,4,"[1, 1, 0, 0, 0, 0, 0, 0, 1, 1]",16.76,18.97,27.66,14.04,7933570.0
INOD,66.24,8,"[1, 1, 1, 0, 1, 1, 1, 0, 1, 1]",61.43,61.55,121.5,34.45,1638005.0
GPCR,27.47,1,"[0, 0, 0, 0, 0, 0, 0, 0, 1, 0]",43.85,53.19,93.79,26.39,1523530.0
IHS,8.44,9,"[1, 1, 1, 1, 1, 1, 1, 1, 1, 0]",8.37,8.16,8.73,6.24,935490.0
AYA,27.51,9,"[1, 1, 1, 1, 1, 1, 1, 1, 1, 0]",26.7,19.89,30.38,9.37,1306420.0
SPNT,24.61,10,"[1, 1, 1, 1, 1, 1, 1, 1, 1, 1]",24.23,22.67,26.31,17.64,1141115.0
KMT,33.41,6,"[1, 0, 0, 0, 0, 1, 1, 1, 1, 1]",31.02,34.25,42.76,19.96,1433355.0
STUB,5.73,1,"[0, 0, 0, 0, 0, 0, 0, 0, 1, 0]",6.81,9.18,20.13,5.3,6880475.0
FA,18.49,8,"[0, 1, 1, 1, 1, 1, 1, 1, 1, 0]",20.62,15.9,24.12,8.95,1827205.0
NKTR,39.91,3,"[0, 0, 0, 0, 1, 1, 0, 0, 1, 0]",68.28,65.35,100.35,35.12,1942130.0
EOSE,3.26,1,"[0, 0, 0, 0, 0, 0, 0, 0, 1, 0]",3.67,7.28,19.19,3.04,26368470.0
UAA,4.88,2,"[0, 0, 0, 0, 0, 1, 0, 0, 1, 0]",5.3,5.97,8.14,4.17,10682355.0
UA,4.72,2,"[0, 0, 0, 0, 0, 1, 0, 0, 1, 0]",5.18,5.82,7.88,3.96,2826869.25
DBD,65.48,2,"[0, 0, 0, 0, 1, 0, 0, 0, 1, 0]",68.32,75.24,90.75,54.9,248465.0
BKE,43.46,4,"[1, 0, 0, 0, 0, 0, 0, 1, 1, 1]",43.15,47.5,56.06,39.65,506405.0
UNIT,8.1,4,"[0, 0, 0, 0, 1, 1, 1, 0, 1, 0]",9.57,9.61,12.75,5.36,2648885.0
ARCB,128.24,6,"[0, 0, 1, 1, 1, 1, 1, 0, 1, 0]",135.9,120.13,173.07,59.44,242155.0
NN,13.27,2,"[0, 0, 0, 0, 1, 0, 0, 0, 1, 0]",15.42,16.89,23.59,11.37,2508685.0
HOG,26.94,9,"[1, 1, 1, 1, 1, 1, 1, 1, 1, 0]",26.44,23.05,28.26,16.94,1962140.0
ATRO,69.16,7,"[0, 1, 1, 1, 1, 1, 1, 0, 1, 0]",73.91,64.89,93.45,36.69,629950.0
CLDX,31.01,5,"[0, 0, 0, 1, 1, 1, 1, 0, 1, 0]",38.14,32.39,44.87,22.58,2192180.0
VAC,104.57,9,"[0, 1, 1, 1, 1, 1, 1, 1, 1, 1]",106.18,80.74,123.76,43.55,392610.0
ARQT,23.92,3,"[0, 0, 0, 1, 0, 0, 0, 1, 1, 0]",25.57,25.17,31.2,19.5,3497910.0
GRAL,137.28,9,"[1, 1, 1, 1, 0, 1, 1, 1, 1, 1]",87.97,74.28,154.08,43.03,1579050.0
VISN,6.15,7,"[0, 0, 1, 1, 1, 1, 1, 1, 1, 0]",6.43,6.0,7.34,4.16,7266145.0
TARS,74.11,7,"[1, 1, 1, 1, 0, 0, 1, 1, 1, 0]",73.02,68.5,90.78,56.11,736235.0
NGVT,72.8,10,"[1, 1, 1, 1, 1, 1, 1, 1, 1, 1]",71.64,70.38,77.87,46.2,280250.0
AMSC,31.85,4,"[1, 0, 0, 0, 1, 0, 0, 0, 1, 1]",30.06,35.65,66.68,25.95,702295.0
WAFD,29.92,5,"[0, 0, 0, 1, 1, 1, 0, 1, 1, 0]",34.65,33.9,39.03,26.96,1477285.0
INFQ,12.54,4,"[0, 0, 0, 1, 1, 0, 1, 0, 1, 0]",12.69,12.54,19.87,8.81,7841300.0
HUN,8.77,2,"[0, 0, 0, 0, 1, 0, 0, 0, 1, 0]",9.6,11.72,15.74,7.2,2775840.0
HUBG,28.16,1,"[0, 0, 0, 0, 0, 0, 0, 0, 1, 0]",37.68,41.36,51.99,28.16,1431200.0
TRMK,45.19,7,"[0, 1, 1, 1, 1, 1, 0, 1, 1, 0]",46.55,43.94,48.26,35.85,436330.0
IRON,61.65,2,"[0, 0, 0, 1, 0, 0, 0, 0, 1, 0]",74.41,71.54,94.11,55.95,640280.0
CUBI,75.0,5,"[0, 0, 0, 1, 1, 1, 0, 1, 1, 0]",78.93,75.7,83.65,60.52,302010.0
VERA,29.42,1,"[0, 0, 0, 0, 0, 0, 0, 0, 1, 0]",32.85,38.83,55.67,24.1,2578555.0
ICHR,62.44,7,"[1, 0, 1, 0, 1, 1, 1, 0, 1, 1]",61.12,58.61,112.28,14.25,710745.0
RARE,14.46,1,"[0, 0, 0, 0, 0, 0, 0, 0, 1, 0]",20.69,23.89,36.54,12.88,5627425.0
KOD,92.34,10,"[1, 1, 1, 1, 1, 1, 1, 1, 1, 1]",45.71,36.31,98.46,11.6,3676440.0
SAH,61.0,3,"[0, 0, 0, 0, 1, 1, 0, 0, 1, 0]",76.27,72.67,112.05,57.32,367260.0
DRD,24.41,1,"[0, 0, 0, 0, 0, 0, 0, 0, 1, 0]",25.17,27.44,37.75,19.12,255330.0
HE,8.93,1,"[0, 0, 0, 0, 0, 0, 0, 0, 1, 0]",10.94,13.52,17.08,8.81,3101640.0
IMNM,19.31,5,"[0, 0, 0, 1, 1, 1, 1, 0, 1, 0]",25.17,22.74,29.83,13.82,1452625.0
FRSH,13.76,9,"[1, 1, 1, 1, 0, 1, 1, 1, 1, 1]",12.54,10.21,13.92,6.88,5047410.0
NSIT,159.49,10,"[1, 1, 1, 1, 1, 1, 1, 1, 1, 1]",152.02,105.37,165.37,64.43,383735.0
HTFL,50.69,10,"[1, 1, 1, 1, 1, 1, 1, 1, 1, 1]",43.14,32.09,52.21,20.49,2024825.0
OSW,23.28,5,"[0, 0, 0, 0, 1, 1, 0, 1, 1, 1]",24.33,23.52,28.63,19.25,935950.0
SEDG,34.04,3,"[0, 0, 0, 0, 1, 1, 0, 0, 1, 0]",34.24,42.24,78.51,28.47,3190805.0
ROG,156.6,10,"[1, 1, 1, 1, 1, 1, 1, 1, 1, 1]",133.29,123.83,167.09,75.56,285900.0
ATKR,94.72,10,"[1, 1, 1, 1, 1, 1, 1, 1, 1, 1]",92.26,75.26,94.78,54.86,808485.0
TALO,16.76,9,"[1, 1, 1, 1, 1, 1, 1, 1, 1, 0]",16.36,14.4,18.33,9.05,2127665.0
IDYA,36.63,8,"[0, 1, 1, 1, 1, 1, 1, 1, 1, 0]",38.05,34.11,42.48,26.24,874385.0
ELVN,42.39,6,"[0, 0, 1, 1, 1, 1, 1, 0, 1, 0]",54.75,40.69,61.15,15.14,1549540.0
DGII,73.94,9,"[0, 1, 1, 1, 1, 1, 1, 1, 1, 1]",74.58,60.24,85.24,35.37,393800.0
LWLG,5.62,5,"[0, 0, 0, 0, 1, 1, 1, 0, 1, 1]",5.94,7.31,18.22,2.97,2945890.0
TMC,3.7,1,"[0, 0, 0, 0, 0, 0, 0, 0, 1, 0]",4.13,5.29,10.69,3.45,4383920.0
LMAT,79.05,2,"[0, 0, 0, 0, 1, 0, 0, 0, 1, 0]",83.39,94.13,116.75,78.76,276370.0
MTX,65.98,4,"[0, 0, 0, 0, 1, 1, 0, 1, 1, 0]",70.55,71.24,82.57,54.7,186360.0
BRZE,26.34,5,"[0, 1, 1, 1, 0, 0, 1, 0, 1, 0]",27.62,24.2,36.19,15.79,2540615.0
AAMI,93.49,10,"[1, 1, 1, 1, 1, 1, 1, 1, 1, 1]",91.47,69.77,97.2,41.74,490095.0
RLAY,18.74,8,"[0, 1, 1, 1, 1, 1, 1, 1, 1, 0]",19.11,14.12,20.75,5.83,3615490.0
MLYS,21.95,1,"[0, 0, 0, 0, 0, 0, 0, 0, 1, 0]",26.69,28.28,47.33,21.95,1466510.0
FBNC,59.74,7,"[0, 0, 1, 1, 1, 1, 1, 1, 1, 0]",63.61,59.33,66.08,45.57,260245.0
ANDE,66.61,5,"[0, 0, 0, 0, 1, 1, 1, 1, 1, 0]",68.01,67.84,80.62,40.5,355825.0
VNET,5.4,1,"[0, 0, 0, 0, 0, 0, 0, 0, 1, 0]",6.6,8.79,14.03,5.13,4491610.0
HTO,58.18,7,"[0, 0, 1, 1, 1, 1, 1, 1, 1, 0]",62.57,57.52,64.97,43.43,501395.0
DXPE,191.65,10,"[1, 1, 1, 1, 1, 1, 1, 1, 1, 1]",185.02,156.04,200.84,85.53,138205.0
PTON,4.87,3,"[0, 0, 0, 1, 0, 0, 1, 0, 1, 0]",5.37,5.33,7.86,3.71,9349640.0
SGML,9.71,2,"[0, 0, 0, 0, 0, 0, 1, 0, 1, 0]",10.69,13.38,23.65,4.68,2531780.0
TENB,39.47,10,"[1, 1, 1, 1, 1, 1, 1, 1, 1, 1]",35.4,27.04,42.65,16.04,4836360.0
DFTX,35.62,7,"[0, 1, 1, 1, 1, 1, 1, 0, 1, 0]",40.85,27.65,48.45,10.68,2545130.0
VERX,12.29,2,"[0, 0, 0, 1, 0, 0, 0, 0, 1, 0]",12.68,13.82,25.94,10.58,1432995.0
PLUS,94.16,9,"[1, 1, 1, 1, 0, 1, 1, 1, 1, 1]",90.08,84.74,96.75,68.77,238640.0
AERO,16.73,5,"[1, 1, 0, 0, 0, 0, 1, 0, 1, 1]",15.35,16.77,22.91,12.36,375635.0
AMPX,9.47,2,"[0, 0, 0, 0, 1, 0, 0, 0, 1, 0]",10.14,13.45,22.91,7.83,5393970.0
AMR,176.98,2,"[0, 0, 0, 0, 0, 1, 0, 0, 1, 0]",183.36,189.4,249.65,137.16,313270.0
COHU,73.1,10,"[1, 1, 1, 1, 1, 1, 1, 1, 1, 1]",55.56,44.31,73.91,18.74,1061000.0
AESI,12.71,5,"[1, 0, 0, 0, 1, 1, 1, 0, 1, 0]",12.35,13.4,19.75,8.1,3831240.0
NESR,24.51,5,"[0, 0, 0, 1, 1, 1, 1, 0, 1, 0]",31.6,25.13,36.31,10.03,2337505.0
WTTR,19.99,9,"[1, 1, 1, 1, 1, 1, 1, 1, 1, 0]",19.96,16.58,22.18,9.28,1973180.0
CDNL,28.72,3,"[0, 0, 0, 0, 1, 0, 1, 0, 1, 0]",40.45,44.26,94.31,22.03,625695.0
ACHC,29.04,10,"[1, 1, 1, 1, 1, 1, 1, 1, 1, 1]",28.99,24.32,35.61,11.68,1520780.0
MNR,10.66,4,"[0, 0, 0, 0, 1, 1, 0, 1, 1, 0]",12.05,12.01,13.87,9.65,1374995.0
GRDN,41.2,9,"[1, 1, 1, 1, 1, 1, 1, 1, 1, 0]",40.91,37.24,48.0,23.41,720495.0
CEPU,12.72,2,"[0, 0, 0, 0, 0, 0, 1, 0, 1, 0]",13.56,15.02,17.95,7.7,273255.0
PRDO,32.06,4,"[0, 0, 0, 0, 1, 1, 0, 1, 1, 0]",32.36,32.87,37.58,26.88,740750.0
HLIO,71.38,5,"[0, 0, 0, 0, 1, 1, 1, 1, 1, 0]",73.86,72.31,92.74,46.89,396475.0
WOLF,31.83,7,"[1, 0, 1, 0, 1, 1, 1, 0, 1, 1]",27.49,29.65,73.5,14.8,2691535.0
NTB,58.81,8,"[0, 1, 1, 1, 1, 1, 1, 1, 1, 0]",60.05,55.29,63.91,39.94,157340.0
FUN,12.08,2,"[0, 0, 0, 0, 1, 0, 0, 0, 1, 0]",14.81,17.51,26.74,10.71,2563730.0
BLBD,57.19,3,"[0, 0, 0, 0, 1, 1, 0, 0, 1, 0]",62.86,62.5,81.5,46.59,511400.0
KEEL,3.47,5,"[0, 0, 1, 0, 1, 1, 1, 0, 1, 0]",3.57,3.46,6.66,1.71,29059100.0
PENG,64.21,10,"[1, 1, 1, 1, 1, 1, 1, 1, 1, 1]",53.64,40.16,81.39,16.24,2267980.0
AXGN,36.31,5,"[0, 0, 0, 1, 1, 1, 1, 0, 1, 0]",45.62,39.01,51.73,15.59,1643190.0
PENN,15.91,4,"[0, 0, 0, 0, 1, 1, 1, 0, 1, 0]",17.67,16.76,22.06,11.76,3469840.0
CMPR,73.65,4,"[0, 0, 0, 1, 1, 1, 0, 0, 1, 0]",87.59,84.12,105.31,61.21,187840.0
FLOC,18.56,4,"[0, 0, 0, 0, 1, 1, 1, 0, 1, 0]",20.66,21.6,27.81,13.94,641115.0
DRH,12.38,9,"[0, 1, 1, 1, 1, 1, 1, 1, 1, 1]",12.4,10.75,13.26,7.21,3240470.0
XIFR,10.38,5,"[0, 0, 0, 1, 1, 1, 0, 1, 1, 0]",11.32,10.98,12.88,8.83,880535.0
ADPT,26.9,10,"[1, 1, 1, 1, 1, 1, 1, 1, 1, 1]",25.83,18.78,29.84,12.41,2530095.0
HTH,37.1,5,"[0, 0, 0, 1, 1, 1, 0, 1, 1, 0]",38.72,37.24,39.79,30.38,386630.0
CTOS,9.96,10,"[1, 1, 1, 1, 1, 1, 1, 1, 1, 1]",9.72,8.56,11.97,5.34,823965.0
DRVN,11.76,1,"[0, 0, 0, 0, 0, 0, 0, 0, 1, 0]",12.83,13.58,17.09,10.3,1197885.0
RDW,10.62,4,"[0, 0, 0, 0, 1, 1, 1, 0, 1, 0]",11.16,11.09,25.9,5.06,14104015.0
VVX,70.96,6,"[0, 0, 0, 1, 1, 1, 1, 1, 1, 0]",77.84,72.57,90.81,52.16,710935.0
BCRX,7.95,3,"[0, 0, 0, 0, 1, 1, 0, 0, 1, 0]",9.17,8.69,11.11,6.24,5839350.0
TIC,8.85,4,"[0, 1, 0, 1, 0, 0, 1, 0, 1, 0]",9.05,8.88,14.03,6.54,1563750.0
WERN,32.81,3,"[0, 0, 0, 0, 1, 1, 0, 0, 1, 0]",36.82,35.87,,,883510.0
CENTA,34.61,7,"[0, 0, 1, 1, 1, 1, 1, 1, 1, 0]",36.54,34.42,40.6,26.27,301965.0
QUBT,7.86,1,"[0, 0, 0, 0, 0, 0, 0, 0, 1, 0]",8.43,9.16,22.01,6.31,7089775.0
ECO,86.85,10,"[1, 1, 1, 1, 1, 1, 1, 1, 1, 1]",69.43,49.29,88.6,24.17,836055.0
BHC,6.02,6,"[0, 1, 1, 1, 0, 0, 1, 1, 1, 0]",6.15,5.77,7.9,4.43,2031470.0
NMM,91.38,10,"[1, 1, 1, 1, 1, 1, 1, 1, 1, 1]",86.94,71.87,93.71,43.39,175850.0
MBIN,49.95,8,"[0, 1, 1, 1, 1, 1, 1, 1, 1, 0]",52.87,46.12,55.6,30.13,229670.0
FLYW,18.22,10,"[1, 1, 1, 1, 1, 1, 1, 1, 1, 1]",17.89,15.14,19.54,10.64,1432725.0
PBI,16.56,8,"[0, 1, 1, 1, 1, 1, 1, 1, 1, 0]",16.97,14.15,18.4,8.84,1828735.0
WLY,48.45,9,"[0, 1, 1, 1, 1, 1, 1, 1, 1, 1]",50.19,40.91,55.31,28.12,498275.85
CMRE,15.1,5,"[1, 0, 0, 0, 0, 0, 1, 1, 1, 1]",15.08,15.83,17.64,10.71,353490.0
SLDE,23.89,9,"[1, 1, 1, 1, 1, 1, 1, 1, 1, 0]",22.99,19.38,26.48,14.33,1464380.0
OCUL,7.34,2,"[0, 0, 0, 1, 0, 0, 0, 0, 1, 0]",9.71,9.56,16.11,6.88,3735125.0
ESTA,65.29,4,"[0, 0, 0, 1, 1, 0, 1, 0, 1, 0]",74.22,73.16,95.65,38.94,329175.0
SRPT,17.31,2,"[0, 0, 0, 1, 0, 0, 0, 0, 1, 0]",18.92,19.07,24.45,14.86,2636785.0
IMOS,78.39,10,"[1, 1, 1, 1, 1, 1, 1, 1, 1, 1]",58.69,49.46,83.3,19.04,102300.0
NVCR,14.97,6,"[0, 0, 1, 1, 1, 1, 1, 0, 1, 0]",16.56,14.74,19.99,10.03,1216260.0
DEI,9.81,3,"[0, 0, 0, 1, 1, 0, 0, 0, 1, 0]",10.88,10.59,13.92,8.67,2418145.0
EZPW,30.85,9,"[1, 1, 1, 1, 1, 1, 1, 1, 1, 0]",30.84,28.65,35.59,17.41,662860.0
PDFS,54.44,10,"[1, 1, 1, 1, 1, 1, 1, 1, 1, 1]",47.3,43.3,70.79,23.97,595145.0
TRVI,13.18,5,"[0, 0, 0, 1, 1, 1, 1, 0, 1, 0]",16.68,14.28,19.5,9.55,1969780.0
DCO,175.33,9,"[0, 1, 1, 1, 1, 1, 1, 1, 1, 1]",179.74,147.5,206.98,86.41,242880.0
WS,38.19,8,"[1, 1, 1, 0, 0, 1, 1, 1, 1, 1]",35.57,37.0,48.03,27.86,350245.0
STOK,24.37,1,"[0, 0, 0, 0, 0, 0, 0, 0, 1, 0]",29.73,31.57,38.35,22.37,999110.0
DHC,7.58,6,"[0, 0, 1, 0, 1, 1, 1, 1, 1, 0]",8.1,7.53,9.64,4.02,2142835.0
TYRA,20.24,4,"[0, 0, 0, 0, 1, 1, 1, 0, 1, 0]",25.47,30.49,39.61,13.37,1425840.0
CLBK,11.13,8,"[0, 1, 1, 1, 1, 1, 1, 1, 1, 0]",11.35,9.18,11.82,6.21,4899465.0
MGNI,24.84,10,"[1, 1, 1, 1, 1, 1, 1, 1, 1, 1]",23.62,16.95,25.67,11.2,2186860.0
NGL,15.68,8,"[0, 1, 1, 1, 1, 1, 1, 1, 1, 0]",16.76,14.31,18.97,6.04,200825.5
NTST,17.64,4,"[0, 0, 0, 0, 1, 1, 0, 1, 1, 0]",19.68,19.48,22.01,16.58,1794910.0
ANAB,47.89,5,"[0, 0, 0, 1, 1, 1, 1, 0, 1, 0]",54.77,48.98,69.81,19.91,551730.0
PSNY,5.93,1,"[0, 0, 0, 0, 0, 0, 0, 0, 1, 0]",10.7,16.64,27.84,5.93,262945.0
NEXT,6.83,4,"[0, 0, 0, 0, 1, 1, 1, 0, 1, 0]",6.95,6.86,9.12,4.8,2631485.0
BBAI,2.58,1,"[0, 0, 0, 0, 0, 0, 0, 0, 1, 0]",2.94,3.94,8.91,2.58,15481970.0
ATEN,28.58,9,"[1, 1, 1, 0, 1, 1, 1, 1, 1, 1]",26.8,25.67,38.03,16.43,1217545.0
GTY,27.89,4,"[0, 0, 0, 0, 1, 1, 0, 1, 1, 0]",31.34,31.19,36.0,24.02,799940.0
OMCL,35.46,3,"[1, 0, 0, 0, 0, 0, 0, 0, 1, 1]",34.99,40.05,51.39,29.46,513845.0
SION,4.75,1,"[0, 0, 0, 0, 0, 0, 0, 0, 1, 0]",13.65,33.41,51.04,4.5,1492935.0
SOC,3.57,2,"[0, 0, 0, 0, 1, 0, 0, 0, 1, 0]",4.44,9.4,19.93,3.08,8489010.0
BW,5.91,4,"[0, 0, 0, 0, 1, 1, 1, 0, 1, 0]",7.79,11.63,21.85,3.16,5004045.0
BSTZ,31.24,10,"[1, 1, 1, 1, 1, 1, 1, 1, 1, 1]",28.96,24.78,31.24,18.44,197473.6
NEOG,11.96,9,"[0, 1, 1, 1, 1, 1, 1, 1, 1, 1]",12.02,10.05,13.98,5.41,4846045.0
UTI,19.67,2,"[0, 0, 0, 0, 1, 0, 0, 0, 1, 0]",24.63,32.83,51.2,18.47,1913190.0
INBX,93.41,6,"[0, 0, 1, 1, 1, 1, 1, 0, 1, 0]",102.46,91.19,141.84,28.36,286575.0
AUPH,15.69,7,"[0, 0, 1, 1, 1, 1, 1, 1, 1, 0]",16.01,15.56,18.62,11.1,824245.0
TSHA,4.39,2,"[0, 0, 0, 0, 1, 0, 0, 0, 1, 0]",5.57,5.44,6.98,3.83,4465750.0
GNL,8.14,4,"[0, 0, 0, 0, 1, 1, 0, 1, 1, 0]",8.86,8.96,9.56,7.09,2853300.0
MBX,56.92,8,"[0, 1, 1, 1, 1, 1, 1, 1, 1, 0]",63.03,43.8,70.7,13.22,567535.0
ASTH,37.0,7,"[0, 1, 1, 1, 1, 1, 1, 0, 1, 0]",37.0,32.82,49.81,18.16,420445.0
LAC,2.54,1,"[0, 0, 0, 0, 0, 0, 0, 0, 1, 0]",2.96,4.22,10.05,2.54,9630455.0
IMAX,50.58,8,"[0, 1, 1, 1, 1, 1, 1, 1, 1, 0]",52.07,41.48,56.33,31.09,1065400.0
FIGS,14.1,10,"[1, 1, 1, 1, 1, 1, 1, 1, 1, 1]",13.52,12.79,17.12,6.9,2726295.0
MD,26.0,8,"[0, 1, 1, 1, 1, 1, 1, 1, 1, 0]",26.37,23.33,27.39,15.8,783630.0
NWL,5.55,8,"[0, 1, 1, 1, 1, 1, 1, 1, 1, 0]",5.79,4.59,6.34,2.91,5535025.0
PHVS,31.12,7,"[0, 0, 1, 1, 1, 1, 1, 1, 1, 0]",34.9,30.52,38.86,20.96,891590.0
PUMP,9.53,3,"[0, 0, 0, 0, 1, 0, 1, 0, 1, 0]",10.8,12.73,18.2,5.03,4154040.0
AGM,213.92,8,"[0, 1, 1, 1, 1, 1, 1, 1, 1, 0]",222.33,183.75,240.02,136.8,122890.0
RAMP,37.65,8,"[0, 1, 1, 1, 1, 1, 1, 1, 1, 0]",37.71,32.37,38.01,22.42,1366510.0
LAR,5.58,4,"[0, 0, 0, 0, 1, 1, 1, 0, 1, 0]",6.23,7.48,11.79,3.72,1550250.0
PRKS,33.88,3,"[0, 0, 0, 1, 1, 0, 0, 0, 1, 0]",40.06,38.47,54.08,29.73,775705.0
SNDX,17.37,2,"[0, 0, 0, 0, 0, 0, 1, 0, 1, 0]",19.15,20.84,25.15,13.11,1858485.0
JBLU,4.03,1,"[0, 0, 0, 0, 0, 0, 0, 0, 1, 0]",4.94,5.07,6.46,4.03,18371655.0
ARCO,8.12,7,"[1, 0, 1, 0, 1, 1, 0, 1, 1, 1]",7.83,8.06,9.33,6.47,1899945.0
NEXA,12.45,6,"[0, 0, 0, 1, 1, 1, 1, 1, 1, 0]",13.45,12.68,16.55,5.06,666680.0
AGRO,10.82,6,"[1, 0, 1, 0, 1, 1, 1, 0, 1, 0]",10.62,10.8,15.18,7.07,677900.0
HTZ,2.06,3,"[1, 0, 0, 0, 0, 0, 1, 0, 1, 0]",1.99,4.08,7.81,1.51,14277090.0
SPB,76.72,6,"[0, 0, 0, 1, 1, 1, 1, 1, 1, 0]",86.37,78.25,90.49,49.07,313145.0
BLX,55.58,9,"[1, 1, 1, 1, 1, 1, 1, 1, 1, 0]",55.43,52.28,62.03,40.13,190350.0
MESO,13.61,2,"[0, 0, 0, 1, 0, 0, 0, 0, 1, 0]",15.75,15.9,20.96,13.19,223940.0
LIFE,35.05,6,"[1, 1, 0, 1, 0, 0, 1, 1, 1, 0]",34.05,35.05,42.02,9.85,1807650.0
OCS,8.72,1,"[0, 0, 0, 0, 0, 0, 0, 0, 1, 0]",11.37,20.01,32.65,8.56,280955.0
ANIP,71.52,2,"[0, 0, 0, 0, 0, 0, 0, 0, 1, 1]",75.07,78.42,95.38,70.19,420865.0
PGNY,25.91,8,"[0, 1, 1, 1, 1, 1, 1, 1, 1, 0]",27.01,24.2,32.36,16.3,1170075.0
INVX,27.62,8,"[0, 1, 1, 1, 1, 1, 1, 1, 1, 0]",29.1,26.64,31.63,17.21,785050.0
CASH,73.06,3,"[0, 0, 0, 0, 1, 1, 0, 0, 1, 0]",81.22,84.92,99.81,66.3,255545.0
RAPP,31.15,4,"[0, 0, 0, 1, 1, 1, 0, 0, 1, 0]",43.11,35.81,52.5,24.37,489795.0
SNDA,37.12,7,"[0, 0, 1, 1, 1, 1, 1, 1, 1, 0]",39.02,36.2,43.07,25.53,409930.0
TPB,58.27,1,"[0, 0, 0, 0, 0, 0, 0, 0, 1, 0]",75.08,90.57,142.54,55.32,458660.0
VET,11.6,7,"[0, 0, 1, 1, 1, 1, 1, 1, 1, 0]",12.0,11.03,14.19,7.04,1423365.0
BORR,4.21,4,"[0, 0, 0, 0, 1, 1, 1, 0, 1, 0]",4.25,4.87,6.61,2.44,6495985.0
ECPG,99.19,10,"[1, 1, 1, 1, 1, 1, 1, 1, 1, 1]",97.95,79.08,103.74,40.53,309435.0
SONO,17.43,8,"[1, 1, 1, 1, 0, 0, 1, 1, 1, 1]",16.08,15.27,19.16,12.7,2234065.0
WBTN,10.2,2,"[1, 0, 0, 0, 0, 0, 0, 0, 1, 0]",9.87,11.11,18.52,8.25,462875.0
ADNT,17.51,1,"[0, 0, 0, 0, 0, 0, 0, 0, 1, 0]",18.98,20.79,27.09,16.84,1060415.0
BOBS,14.68,4,"[0, 1, 0, 1, 0, 0, 1, 0, 1, 0]",16.43,14.68,22.53,9.85,1012165.0
UFPT,302.87,10,"[1, 1, 1, 1, 1, 1, 1, 1, 1, 1]",295.34,244.59,334.84,185.28,112335.0
CLVT,1.47,1,"[0, 0, 0, 0, 0, 0, 0, 0, 1, 0]",1.91,2.37,3.76,1.45,4512060.0
AIN,59.31,5,"[0, 0, 0, 0, 1, 1, 1, 1, 1, 0]",61.72,60.46,75.9,40.6,242720.0
CTS,61.1,10,"[1, 1, 1, 1, 1, 1, 1, 1, 1, 1]",59.94,56.21,68.22,36.36,250805.0
VOYG,30.88,5,"[0, 0, 0, 1, 1, 1, 1, 0, 1, 0]",34.54,31.96,51.77,17.99,2664205.0
ZYME,25.65,8,"[0, 1, 1, 1, 1, 1, 1, 1, 1, 0]",26.29,25.1,31.05,16.46,901450.0
CAPR,7.75,3,"[1, 0, 0, 0, 0, 0, 1, 0, 1, 0]",7.51,22.51,35.34,3.85,3824265.0
PSIX,47.93,5,"[1, 1, 0, 0, 0, 0, 1, 0, 1, 1]",39.47,54.54,98.77,25.44,397010.0
LOB,36.49,5,"[0, 0, 0, 1, 1, 1, 0, 1, 1, 0]",39.99,38.14,43.73,29.31,213880.0
XPRO,16.23,6,"[0, 0, 0, 1, 1, 1, 1, 1, 1, 0]",17.18,16.27,18.96,12.03,822425.0
PVLA,128.0,7,"[0, 0, 1, 1, 1, 1, 1, 1, 1, 0]",148.32,124.11,158.13,69.9,238955.0
FLNG,31.13,10,"[1, 1, 1, 1, 1, 1, 1, 1, 1, 1]",30.84,28.53,32.52,21.92,357295.0
SFL,13.3,10,"[1, 1, 1, 1, 1, 1, 1, 1, 1, 1]",12.5,10.67,13.75,6.47,1494120.0
CYD,32.19,1,"[0, 0, 0, 0, 0, 0, 0, 0, 1, 0]",39.37,43.31,58.55,31.03,145840.0
TILE,35.05,8,"[0, 1, 1, 1, 1, 1, 1, 1, 1, 0]",36.1,31.43,39.29,24.38,499140.0
PCT,4.01,1,"[0, 0, 0, 0, 0, 0, 0, 0, 1, 0]",6.11,7.86,15.13,4.01,5604775.0
LPG,56.45,10,"[1, 1, 1, 1, 1, 1, 1, 1, 1, 1]",51.12,38.36,58.31,22.34,640135.0
TE,3.8,2,"[0, 0, 0, 0, 0, 0, 1, 0, 1, 0]",4.49,6.46,12.04,2.72,18854845.0
WLTH,10.55,7,"[1, 1, 1, 0, 0, 0, 1, 1, 1, 1]",9.72,9.87,13.95,7.2,3874855.0
VRDN,18.22,3,"[0, 0, 0, 1, 0, 0, 1, 0, 1, 0]",21.92,22.69,33.78,13.3,1937095.0
NRIX,22.6,8,"[0, 1, 1, 1, 1, 1, 1, 1, 1, 0]",25.26,19.63,27.79,9.18,1505340.0
QURE,23.06,5,"[0, 0, 0, 1, 1, 1, 1, 0, 1, 0]",42.56,29.73,70.59,9.03,3422335.0
DV,13.48,10,"[1, 1, 1, 1, 1, 1, 1, 1, 1, 1]",13.08,11.11,13.52,8.61,3671510.0
AHG,1.17,5,"[1, 0, 0, 0, 1, 0, 1, 0, 1, 1]",1.03,1.52,2.5,0.69,314510.0
FIVN,33.29,10,"[1, 1, 1, 1, 1, 1, 1, 1, 1, 1]",32.74,22.72,38.65,13.61,2502005.0
INVA,20.83,3,"[0, 0, 0, 0, 1, 0, 0, 1, 1, 0]",20.98,21.77,24.24,16.67,1066540.0
OPRA,17.28,7,"[0, 0, 1, 1, 1, 1, 1, 1, 1, 0]",18.72,16.54,20.51,11.56,313905.0
ARDX,3.31,1,"[0, 0, 0, 0, 0, 0, 0, 0, 1, 0]",3.89,5.61,7.99,3.31,4429625.0
POET,7.71,4,"[0, 0, 0, 0, 1, 1, 1, 0, 1, 0]",7.91,8.37,20.57,4.17,7735765.0
NUVB,4.88,3,"[0, 0, 0, 1, 0, 0, 1, 0, 1, 0]",6.28,5.74,9.54,3.41,5676595.0
PEB,18.98,10,"[1, 1, 1, 1, 1, 1, 1, 1, 1, 1]",18.38,15.3,19.74,10.17,2256670.0
NTLA,12.37,5,"[1, 0, 0, 0, 1, 1, 1, 0, 1, 0]",12.09,12.89,27.98,8.04,4803020.0
NVAX,11.32,10,"[1, 1, 1, 1, 1, 1, 1, 1, 1, 1]",9.27,8.94,12.56,6.22,7104965.0
ARLO,12.8,3,"[0, 0, 0, 1, 1, 0, 0, 0, 1, 0]",13.63,13.49,19.44,11.23,1247220.0
PRLB,97.28,10,"[1, 1, 1, 1, 1, 1, 1, 1, 1, 1]",85.29,70.11,98.68,46.81,257345.0
DCOM,39.47,8,"[0, 1, 1, 1, 1, 1, 1, 1, 1, 0]",40.49,36.4,41.74,25.24,318775.0
GLUE,9.87,2,"[0, 0, 0, 0, 0, 0, 1, 0, 1, 0]",14.31,18.12,25.31,7.38,1324800.0
AMLX,28.04,7,"[0, 1, 1, 1, 1, 1, 1, 0, 1, 0]",29.69,18.67,39.66,11.38,1422865.0
CLOV,4.6,10,"[1, 1, 1, 1, 1, 1, 1, 1, 1, 1]",4.4,3.35,5.41,1.7,4345195.0
REX,44.04,8,"[1, 0, 1, 0, 1, 1, 1, 1, 1, 1]",43.0,41.81,51.16,30.57,265795.0
STBA,48.81,8,"[0, 1, 1, 1, 1, 1, 1, 1, 1, 0]",50.27,45.1,52.97,33.52,311330.0
KOS,2.6,7,"[0, 0, 1, 1, 1, 1, 1, 1, 1, 0]",2.7,2.36,3.27,0.87,13824185.0
KSS,19.63,8,"[1, 1, 1, 1, 0, 0, 1, 1, 1, 1]",18.29,16.64,23.98,11.55,3914955.0
IOVA,12.96,10,"[1, 1, 1, 1, 1, 1, 1, 1, 1, 1]",8.62,4.84,14.82,1.81,19085640.0
PAHC,36.61,2,"[1, 0, 0, 0, 0, 0, 0, 0, 1, 0]",35.83,41.03,59.14,28.31,242905.0
OUST,44.91,9,"[1, 1, 1, 1, 1, 1, 1, 0, 1, 1]",39.31,31.65,62.52,16.63,2365000.0
STGW,8.5,8,"[0, 1, 1, 1, 1, 1, 1, 1, 1, 0]",8.64,6.82,9.35,4.4,1372940.0
BAND,60.09,10,"[1, 1, 1, 1, 1, 1, 1, 1, 1, 1]",51.43,38.01,78.44,12.82,982140.0
NVRI,19.94,6,"[0, 0, 0, 1, 1, 1, 1, 1, 1, 0]",21.31,20.0,23.86,11.49,303360.0
ABCL,13.15,10,"[1, 1, 1, 1, 1, 1, 1, 1, 1, 1]",10.86,6.08,14.82,2.78,5299785.0
HOPE,13.48,8,"[0, 1, 1, 1, 1, 1, 1, 1, 1, 0]",13.92,12.44,14.5,9.53,960070.0
AMRC,22.68,1,"[0, 0, 0, 0, 0, 0, 0, 0, 1, 0]",23.18,27.43,43.23,18.51,596580.0
TFIN,61.97,6,"[0, 0, 0, 1, 1, 1, 1, 1, 1, 0]",69.76,67.5,81.08,46.95,243060.0
HCSG,21.13,7,"[0, 0, 1, 1, 1, 1, 1, 1, 1, 0]",21.95,21.11,25.31,15.18,712595.0
DCH,5.85,2,"[0, 0, 0, 1, 0, 0, 0, 0, 1, 0]",6.15,6.32,9.0,5.09,4221990.0
XHR,18.06,9,"[0, 1, 1, 1, 1, 1, 1, 1, 1, 1]",18.68,16.92,21.65,11.89,966500.0
WLFC,42.85,3,"[0, 0, 0, 0, 1, 1, 0, 0, 1, 0]",56.51,60.93,79.78,38.12,192545.0
GBX,40.09,1,"[0, 0, 0, 0, 0, 0, 0, 0, 1, 0]",44.63,48.57,58.06,40.07,415170.0
LILAK,8.86,10,"[1, 1, 1, 1, 1, 1, 1, 1, 1, 1]",8.48,6.4,8.86,4.7,1368720.0
LILA,8.89,10,"[1, 1, 1, 1, 1, 1, 1, 1, 1, 1]",8.55,6.38,8.89,4.65,351920.0
ZD,54.77,8,"[0, 1, 1, 1, 1, 1, 1, 1, 1, 0]",55.53,45.45,59.21,26.51,727915.0
ECVT,10.37,5,"[0, 0, 0, 0, 1, 1, 1, 0, 1, 1]",10.49,11.81,14.97,7.84,1302730.0
VIR,11.6,10,"[1, 1, 1, 1, 1, 1, 1, 1, 1, 1]",10.25,9.08,11.78,5.12,2213825.0
AHCO,5.77,1,"[0, 0, 0, 0, 0, 0, 0, 0, 1, 0]",6.3,9.57,13.38,5.22,2637245.0
ALGT,77.54,3,"[0, 0, 0, 0, 0, 0, 1, 0, 1, 1]",82.99,89.02,119.16,58.03,502225.0
TRS,38.97,6,"[0, 0, 1, 0, 1, 1, 0, 1, 1, 1]",39.16,38.29,44.99,30.99,297390.0
CRML,7.36,4,"[1, 0, 0, 0, 0, 0, 1, 0, 1, 1]",6.96,9.59,29.97,5.13,10220665.0
TH,18.54,9,"[1, 1, 1, 1, 1, 1, 1, 1, 1, 0]",18.17,14.07,21.45,6.22,2911625.0
UAMY,3.99,1,"[0, 0, 0, 0, 0, 0, 0, 0, 1, 0]",5.09,7.54,17.47,3.95,4791220.0
IMTX,7.5,1,"[0, 0, 0, 0, 0, 0, 0, 0, 1, 0]",8.98,9.83,11.87,7.5,783195.0
GSL,45.5,10,"[1, 1, 1, 1, 1, 1, 1, 1, 1, 1]",44.05,38.97,46.4,25.7,298780.0
YELP,18.14,1,"[0, 0, 0, 0, 0, 0, 0, 0, 1, 0]",22.2,24.71,33.83,17.59,1460925.0
CNOB,30.4,8,"[0, 1, 1, 1, 1, 1, 1, 1, 1, 0]",31.89,29.39,33.91,22.68,398795.0
RES,6.04,5,"[0, 0, 0, 0, 1, 1, 1, 1, 1, 0]",6.06,6.28,7.9,4.12,2173470.0
BY,37.34,8,"[0, 1, 1, 1, 1, 1, 1, 1, 1, 0]",38.27,34.14,39.75,25.35,254295.0
NVGS,23.61,10,"[1, 1, 1, 1, 1, 1, 1, 1, 1, 1]",22.43,20.67,25.06,14.2,507930.0
PGEN,7.55,10,"[1, 1, 1, 1, 1, 1, 1, 1, 1, 1]",7.12,5.04,8.56,3.1,5588200.0
BHVN,12.08,6,"[0, 0, 1, 1, 1, 1, 1, 0, 1, 0]",14.02,12.06,18.11,7.79,2965035.0
TNC,68.17,3,"[0, 0, 0, 0, 1, 0, 0, 1, 1, 0]",71.01,76.29,90.74,60.42,175140.0
HLF,12.58,4,"[1, 0, 0, 0, 0, 0, 1, 0, 1, 1]",12.23,14.05,19.96,7.75,1333155.0
SHLS,8.49,5,"[1, 1, 0, 0, 0, 0, 1, 0, 1, 1]",7.79,8.58,12.77,5.71,4129635.0
BCAX,16.56,4,"[0, 0, 0, 1, 1, 1, 0, 0, 1, 0]",23.23,21.3,30.4,13.93,715820.0
GCT,54.76,10,"[1, 1, 1, 1, 1, 1, 1, 1, 1, 1]",50.78,42.35,54.76,25.46,654805.0
AIP,24.13,5,"[0, 0, 0, 0, 1, 1, 1, 0, 1, 1]",24.79,24.68,48.59,12.32,684175.0
GHRS,21.52,6,"[0, 0, 1, 1, 1, 1, 1, 0, 1, 0]",27.5,21.06,30.64,12.48,301640.0
SBET,9.5,7,"[1, 1, 1, 1, 0, 0, 1, 0, 1, 1]",8.03,7.39,17.77,4.56,8463035.0
GILT,9.22,1,"[0, 0, 0, 0, 0, 0, 0, 0, 1, 0]",10.39,14.38,20.85,9.22,532735.0
AVAH,12.22,8,"[0, 1, 1, 1, 1, 1, 1, 1, 1, 0]",12.3,8.86,14.38,6.22,3353735.0
CBL,50.0,8,"[0, 1, 1, 1, 1, 1, 1, 1, 1, 0]",54.82,45.07,59.36,26.62,294390.0
BKSY,22.66,5,"[0, 0, 0, 0, 1, 1, 1, 0, 1, 1]",24.13,27.61,51.63,13.14,980300.0
FTRE,20.78,10,"[1, 1, 1, 1, 1, 1, 1, 1, 1, 1]",18.88,15.23,21.11,8.87,1666030.0
NSSC,36.64,2,"[0, 0, 0, 0, 0, 0, 0, 1, 1, 0]",36.88,39.25,46.65,34.65,334645.0
DMRA,19.55,3,"[0, 0, 0, 1, 0, 0, 1, 0, 1, 0]",27.02,26.04,34.14,4.95,872805.0
PRG,31.28,4,"[0, 0, 0, 1, 1, 1, 0, 0, 1, 0]",38.28,35.42,47.37,25.86,671730.0
OBK,52.82,8,"[0, 1, 1, 1, 1, 1, 1, 1, 1, 0]",53.63,46.8,54.96,31.84,172040.0
MUX,18.1,2,"[0, 0, 0, 0, 0, 1, 0, 0, 1, 0]",19.1,21.17,29.05,15.66,1420260.0
PRCT,17.51,1,"[0, 0, 0, 0, 0, 0, 0, 0, 1, 0]",19.86,24.54,36.95,16.69,1386820.0
NBR,81.22,4,"[0, 0, 0, 0, 1, 1, 1, 0, 1, 0]",86.77,82.38,110.63,36.99,211180.0
MAZE,26.43,2,"[0, 0, 0, 0, 0, 0, 0, 0, 1, 1]",26.93,32.86,51.83,22.39,915295.0
ENVX,2.7,1,"[0, 0, 0, 0, 0, 0, 0, 0, 1, 0]",3.46,5.62,13.19,2.56,7104815.0
TBLA,3.23,2,"[0, 0, 0, 0, 1, 0, 0, 0, 1, 0]",3.88,4.08,5.58,2.95,1940135.0
URGN,41.43,8,"[0, 1, 1, 1, 1, 1, 1, 1, 1, 0]",43.86,30.12,50.29,16.42,774040.0
NNE,16.49,1,"[0, 0, 0, 0, 0, 0, 0, 0, 1, 0]",17.49,23.26,56.63,14.88,2012305.0
HROW,30.35,1,"[0, 0, 0, 0, 0, 0, 0, 0, 1, 0]",36.82,40.21,54.8,29.03,597565.0
LINC,22.74,3,"[0, 0, 0, 0, 1, 1, 0, 0, 1, 0]",28.31,36.11,55.68,17.8,746795.0
RYZ,26.55,9,"[1, 1, 1, 1, 0, 1, 1, 1, 1, 1]",25.86,26.03,30.81,19.43,485940.0
HLIT,11.22,3,"[0, 0, 0, 0, 1, 1, 0, 0, 1, 0]",11.69,11.53,17.11,8.85,1546755.0
TROX,3.87,4,"[0, 0, 0, 0, 1, 1, 1, 0, 1, 0]",5.09,6.69,10.34,2.82,2243820.0
VIA,30.83,7,"[1, 1, 1, 1, 0, 0, 1, 0, 1, 1]",26.37,20.58,53.93,13.31,938860.0
LIND,36.08,10,"[1, 1, 1, 1, 1, 1, 1, 1, 1, 1]",30.17,22.57,36.08,11.45,976960.0
IPX,17.01,1,"[0, 0, 0, 0, 0, 0, 0, 0, 1, 0]",21.09,32.58,60.11,15.82,358530.0
WVE,3.52,1,"[0, 0, 0, 0, 0, 0, 0, 0, 1, 0]",4.87,8.56,21.31,3.52,3295755.0
PLTK,2.29,2,"[0, 0, 0, 0, 0, 0, 0, 0, 1, 1]",2.57,3.24,4.26,2.13,1113675.0
AVBP,15.09,4,"[0, 0, 0, 1, 1, 1, 0, 0, 1, 0]",29.55,27.32,34.74,15.09,1628310.0
RLJ,11.18,10,"[1, 1, 1, 1, 1, 1, 1, 1, 1, 1]",11.14,9.25,12.31,6.18,1793800.0
LOMA,9.69,2,"[0, 0, 0, 0, 0, 0, 1, 0, 1, 0]",9.93,11.03,13.12,7.43,431275.0
TV,2.28,1,"[0, 0, 0, 0, 0, 0, 0, 0, 1, 0]",2.6,2.86,3.44,2.19,1527665.0
SBH,16.26,8,"[0, 1, 1, 1, 0, 1, 1, 1, 1, 1]",16.29,14.89,17.18,11.82,1367830.0
CSIQ,11.54,1,"[0, 0, 0, 0, 0, 0, 0, 0, 1, 0]",13.42,16.57,33.58,10.42,1806190.0
RXT,4.02,9,"[1, 1, 1, 1, 1, 1, 1, 0, 1, 1]",3.81,3.02,7.53,0.41,7058765.0
GIII,26.78,2,"[0, 0, 0, 0, 1, 0, 0, 0, 1, 0]",31.09,30.79,36.68,24.73,795300.0
BTGO,7.19,4,"[1, 0, 0, 0, 1, 0, 1, 0, 1, 0]",6.59,7.19,18.49,4.69,2050175.0
TTI,6.14,1,"[0, 0, 0, 0, 0, 0, 0, 0, 1, 0]",7.05,9.1,12.32,5.55,1964095.0
KDK,1.72,1,"[0, 0, 0, 0, 0, 0, 0, 0, 1, 0]",3.58,6.77,10.92,1.64,5575595.0
STAA,22.15,3,"[0, 0, 0, 0, 1, 0, 1, 0, 1, 0]",23.0,23.64,33.34,16.1,1076770.0
ARRY,4.06,1,"[0, 0, 0, 0, 0, 0, 0, 0, 1, 0]",4.63,7.45,11.96,3.83,6733650.0
BAK,1.67,1,"[0, 0, 0, 0, 0, 0, 0, 0, 1, 0]",1.9,3.15,5.02,1.42,1509260.0
TDOC,5.77,2,"[0, 0, 0, 0, 1, 0, 0, 0, 1, 0]",6.48,6.55,9.72,4.47,3473510.0
WLDN,73.91,1,"[0, 0, 0, 0, 0, 0, 0, 0, 1, 0]",80.53,90.41,134.94,66.91,182070.0
CRVS,10.56,3,"[0, 0, 0, 0, 0, 1, 1, 0, 1, 0]",13.39,14.18,25.52,6.5,1285530.0
CRI,33.83,5,"[0, 0, 0, 0, 1, 1, 0, 1, 1, 1]",34.21,35.9,43.42,26.65,1588295.0
PLSE,49.75,10,"[1, 1, 1, 1, 1, 1, 1, 1, 1, 1]",47.64,28.09,55.2,12.66,627490.0
OLMA,7.92,1,"[0, 0, 0, 0, 0, 0, 0, 0, 1, 0]",10.31,15.81,35.83,7.77,1337190.0
TEN,50.47,10,"[1, 1, 1, 1, 1, 1, 1, 1, 1, 1]",44.15,36.56,52.81,20.51,578885.0
WBI,30.1,8,"[0, 1, 1, 1, 1, 1, 1, 1, 1, 0]",31.44,28.07,36.15,18.66,771910.0
ATLC,93.07,8,"[0, 1, 1, 1, 1, 1, 1, 1, 1, 0]",95.9,78.13,111.79,47.96,102610.0
JBIO,13.41,4,"[0, 0, 0, 0, 1, 1, 1, 0, 1, 0]",19.21,18.31,26.85,8.95,1040165.0
GPRE,15.16,6,"[0, 0, 1, 0, 1, 1, 1, 1, 1, 0]",15.38,14.87,19.23,9.08,1397925.0
RCAT,6.34,1,"[0, 0, 0, 0, 0, 0, 0, 0, 1, 0]",8.2,10.94,17.36,6.14,8736010.0
MRTN,12.87,4,"[0, 0, 0, 0, 1, 1, 1, 0, 1, 0]",14.12,14.35,18.14,9.24,816995.0
DSGR,35.05,10,"[1, 1, 1, 1, 1, 1, 1, 1, 1, 1]",34.81,29.72,35.05,19.31,204120.0
EVLV,4.68,1,"[0, 0, 0, 0, 0, 0, 0, 0, 1, 0]",5.24,5.88,8.3,4.48,2255285.0
NPKI,12.01,2,"[0, 0, 0, 0, 1, 0, 0, 0, 1, 0]",12.96,13.99,16.35,10.74,802820.0
ABTC,8.45,4,"[1, 0, 0, 0, 0, 0, 1, 0, 1, 1]",7.93,14.38,102.45,5.19,1428570.0
DQ,11.08,1,"[0, 0, 0, 0, 0, 0, 0, 0, 1, 0]",12.74,18.74,35.69,10.9,648425.0
AMAL,47.65,8,"[0, 1, 1, 1, 1, 1, 1, 1, 1, 0]",48.6,42.3,51.08,24.83,304250.0
VTOL,40.31,4,"[0, 0, 0, 0, 1, 1, 0, 1, 1, 0]",43.94,43.66,49.73,35.4,290605.0
PGY,18.05,5,"[0, 1, 1, 1, 0, 0, 1, 0, 1, 0]",20.4,16.9,30.32,10.64,2571200.0
NAT,8.22,10,"[1, 1, 1, 1, 1, 1, 1, 1, 1, 1]",7.01,5.36,8.42,2.85,5318305.0
PNTG,39.96,10,"[1, 1, 1, 1, 1, 1, 1, 1, 1, 1]",39.32,34.32,42.48,23.64,407175.0
MRVI,7.85,10,"[1, 1, 1, 1, 1, 1, 1, 1, 1, 1]",7.13,4.9,9.0,2.83,2616015.0
NSP,46.42,8,"[0, 1, 1, 1, 1, 1, 1, 1, 1, 0]",50.45,37.71,53.4,19.32,468360.0
MLTX,10.95,2,"[0, 0, 0, 0, 1, 0, 0, 0, 1, 0]",14.81,16.74,22.16,9.1,1950075.0
BLDP,2.06,2,"[0, 0, 0, 0, 1, 0, 0, 0, 1, 0]",2.35,2.97,6.38,1.97,2668185.0
UFCS,54.87,9,"[1, 1, 1, 1, 1, 1, 1, 1, 1, 0]",53.79,44.55,55.98,29.66,140930.0
REAL,9.41,1,"[0, 0, 0, 0, 0, 0, 0, 0, 1, 0]",10.51,11.52,16.9,8.12,2540810.0
JKS,9.09,1,"[0, 0, 0, 0, 0, 0, 0, 0, 1, 0]",13.11,19.57,28.22,9.09,763725.0
AORT,21.84,1,"[0, 0, 0, 0, 0, 0, 0, 0, 1, 0]",25.77,31.45,47.63,20.1,641845.0
KMTS,27.1,9,"[1, 1, 1, 1, 0, 1, 1, 1, 1, 1]",25.97,23.61,28.46,17.87,434405.0
ASTE,41.26,1,"[0, 0, 0, 0, 0, 0, 0, 0, 1, 0]",43.43,51.2,64.66,40.24,215165.0
COLL,21.88,1,"[0, 0, 0, 0, 0, 0, 0, 0, 1, 0]",26.22,35.48,49.84,21.82,892700.0
TK,14.7,10,"[1, 1, 1, 1, 1, 1, 1, 1, 1, 1]",13.12,11.45,14.96,7.31,594125.0
VSTS,13.92,10,"[1, 1, 1, 1, 1, 1, 1, 1, 1, 1]",13.53,10.74,16.5,4.62,1629610.0
DLX,22.54,4,"[0, 0, 0, 0, 1, 1, 1, 0, 1, 0]",24.05,24.89,31.11,17.03,426240.0
CCO,2.4,9,"[1, 1, 1, 0, 1, 1, 1, 1, 1, 1]",2.38,2.34,2.43,1.3,4895970.0
ULCC,6.25,10,"[1, 1, 1, 1, 1, 1, 1, 1, 1, 1]",6.22,5.37,8.06,3.1,2464665.0
ELE,18.16,5,"[0, 0, 0, 1, 0, 1, 1, 1, 1, 0]",19.99,18.78,24.13,12.53,496120.0
ADTN,7.62,3,"[0, 0, 0, 0, 1, 0, 0, 0, 1, 1]",7.63,11.31,19.4,6.8,1760790.0
ACDC,4.88,5,"[1, 0, 0, 0, 1, 1, 1, 0, 1, 0]",4.76,5.52,8.06,3.19,1297895.0
XPEL,45.15,4,"[0, 0, 0, 1, 0, 0, 1, 1, 1, 0]",47.41,46.92,54.95,33.78,195355.0
PRCH,17.17,10,"[1, 1, 1, 1, 1, 1, 1, 1, 1, 1]",16.45,11.25,18.06,6.4,1551670.0
CMP,22.7,4,"[0, 0, 0, 0, 1, 1, 1, 0, 1, 0]",25.22,25.82,33.51,16.54,393505.0
NEO,16.51,8,"[0, 1, 1, 1, 1, 1, 1, 1, 1, 0]",17.38,12.39,19.91,7.19,2369025.0
MPLT,9.69,2,"[0, 0, 0, 0, 1, 0, 0, 0, 1, 0]",11.98,21.4,39.8,9.27,496225.0
GOOS,7.64,1,"[0, 0, 0, 0, 0, 0, 0, 0, 1, 0]",8.18,10.42,14.37,7.41,850800.0
PRSU,52.73,10,"[1, 1, 1, 1, 1, 1, 1, 1, 1, 1]",49.08,43.18,55.97,32.28,257765.0
VYX,6.73,2,"[0, 0, 0, 1, 0, 0, 0, 0, 1, 0]",7.94,8.06,12.19,6.15,3179675.0
GOLD,41.57,4,"[0, 0, 0, 1, 0, 1, 1, 0, 1, 0]",43.45,43.28,62.0,23.72,575485.0
HQH,19.33,5,"[0, 0, 0, 1, 1, 1, 0, 1, 1, 0]",22.04,19.35,23.99,15.74,181486.75
EYPT,3.17,1,"[0, 0, 0, 0, 0, 0, 0, 0, 1, 0]",6.66,12.4,18.85,3.15,3526320.0
EDN,20.94,2,"[0, 0, 0, 0, 0, 0, 1, 0, 1, 0]",23.49,26.31,35.71,15.38,108075.0
AOSL,29.94,6,"[1, 0, 0, 0, 1, 1, 1, 0, 1, 1]",28.18,30.18,53.32,17.47,555735.0
ALNT,117.24,10,"[1, 1, 1, 1, 1, 1, 1, 1, 1, 1]",101.37,78.85,118.63,41.98,222635.0
GNK,27.28,10,"[1, 1, 1, 1, 1, 1, 1, 1, 1, 1]",26.23,22.87,28.12,14.42,521120.0
LQDT,41.51,8,"[0, 1, 1, 1, 1, 1, 1, 1, 1, 0]",41.91,35.83,43.64,22.16,239510.0
XERS,10.07,10,"[1, 1, 1, 1, 1, 1, 1, 1, 1, 1]",8.53,7.23,10.13,5.29,3464760.0
CDNA,63.79,10,"[1, 1, 1, 1, 1, 1, 1, 1, 1, 1]",51.46,29.23,69.85,14.28,1454895.0
ZBIO,26.94,5,"[0, 1, 1, 1, 0, 0, 1, 0, 1, 0]",31.06,25.19,43.17,15.2,763060.0
EVEX,1.71,1,"[0, 0, 0, 0, 0, 0, 0, 0, 1, 0]",2.3,2.93,5.04,1.7,1051350.0
AMN,36.73,10,"[1, 1, 1, 1, 1, 1, 1, 1, 1, 1]",34.37,26.12,36.84,15.1,648645.0
BUR,3.62,1,"[0, 0, 0, 0, 0, 0, 0, 0, 1, 0]",4.16,5.86,11.43,3.55,2182105.0
TDAY,7.35,9,"[1, 1, 1, 0, 1, 1, 1, 1, 1, 1]",6.93,6.95,9.03,3.49,2377680.0
ACVA,10.44,9,"[1, 1, 1, 1, 0, 1, 1, 1, 1, 1]",8.54,6.92,10.5,4.15,15948495.0
KODK,9.87,8,"[1, 1, 1, 0, 1, 1, 1, 0, 1, 1]",9.44,9.21,14.51,5.79,799320.0
DBVT,9.98,1,"[0, 0, 0, 0, 0, 0, 0, 0, 1, 0]",13.11,17.77,24.54,9.98,428135.0
IVA,3.46,1,"[0, 0, 0, 0, 0, 0, 0, 0, 1, 0]",4.28,5.01,7.15,3.26,2567555.0
ASST,29.75,9,"[1, 1, 1, 1, 1, 1, 1, 0, 1, 1]",21.71,15.65,42.0,7.16,8654295.0
UVE,43.51,9,"[1, 1, 1, 1, 1, 1, 1, 1, 1, 0]",43.48,37.38,45.08,27.36,154335.0
OSBC,25.05,8,"[0, 1, 1, 1, 1, 1, 1, 1, 1, 0]",25.27,21.99,25.91,16.49,537885.0
MNKD,3.71,4,"[0, 1, 0, 1, 0, 0, 1, 0, 1, 0]",3.85,3.96,6.21,2.28,5195270.0
GHM,88.28,4,"[0, 0, 0, 0, 1, 1, 1, 0, 1, 0]",94.06,90.9,123.79,53.56,166145.0
BFLY,8.7,10,"[1, 1, 1, 1, 1, 1, 1, 1, 1, 1]",8.46,5.73,9.93,1.97,5898885.0
NWPX,105.48,6,"[0, 0, 1, 1, 1, 1, 1, 0, 1, 0]",110.6,98.65,149.94,49.43,130315.0
LGIH,46.09,3,"[0, 0, 0, 1, 0, 0, 1, 0, 1, 0]",54.1,50.47,65.84,34.24,308650.0
SATL,5.51,7,"[1, 0, 1, 0, 1, 1, 1, 0, 1, 1]",5.15,5.15,10.74,1.27,5759715.0
IART,13.32,5,"[0, 0, 0, 1, 1, 1, 1, 0, 1, 0]",16.49,14.05,19.85,8.9,1116235.0
UVSP,41.37,8,"[0, 1, 1, 1, 1, 1, 1, 1, 1, 0]",42.42,38.26,44.98,27.6,252738.15
PBT,33.55,9,"[1, 1, 1, 1, 1, 1, 1, 1, 1, 0]",33.2,25.22,36.09,16.36,179055.0
SEPN,35.67,7,"[0, 1, 1, 1, 1, 1, 1, 0, 1, 0]",39.22,30.98,48.19,18.1,371260.0
SVRA,4.65,2,"[0, 0, 0, 0, 0, 0, 1, 0, 1, 0]",5.35,5.51,6.94,3.37,2233660.0
SVC,6.49,1,"[0, 0, 0, 0, 0, 0, 0, 0, 1, 0]",7.42,8.58,12.18,5.83,1481690.0
TNDM,16.16,2,"[0, 0, 0, 1, 0, 0, 0, 0, 1, 0]",19.49,19.38,28.26,12.82,2289780.0
PDM,9.03,8,"[0, 1, 1, 1, 1, 1, 1, 1, 1, 0]",9.46,8.53,9.96,6.39,2207695.0
ATEX,83.41,8,"[0, 1, 1, 1, 1, 1, 1, 1, 1, 0]",87.76,59.98,108.21,17.99,303780.0
PLOW,40.68,5,"[0, 0, 0, 0, 1, 1, 1, 1, 1, 0]",41.26,42.05,53.8,28.75,187005.0
RERE,3.76,1,"[0, 0, 0, 0, 0, 0, 0, 0, 1, 0]",4.12,4.68,6.2,3.62,513460.0
APEI,46.22,7,"[1, 0, 0, 0, 1, 1, 1, 1, 1, 1]",45.72,48.95,60.86,30.67,268745.0
CEVA,36.17,8,"[1, 1, 1, 0, 1, 1, 1, 0, 1, 1]",31.14,29.83,50.06,17.21,639050.0
INNV,9.0,6,"[0, 0, 1, 1, 1, 1, 1, 0, 1, 0]",10.5,8.74,12.11,3.99,887035.0
HTLD,11.33,4,"[0, 0, 0, 0, 1, 1, 1, 0, 1, 0]",12.18,12.18,16.17,7.03,777370.0
CFFN,8.52,8,"[0, 1, 1, 1, 1, 1, 1, 1, 1, 0]",8.71,7.75,9.1,5.72,1040680.0
OMER,18.51,9,"[1, 1, 1, 1, 1, 1, 1, 1, 1, 0]",17.26,13.09,21.05,4.1,1484080.0
LMRI,10.71,4,"[0, 1, 0, 1, 0, 0, 1, 0, 1, 0]",11.26,11.68,18.53,6.77,441820.0
LXU,10.17,3,"[0, 0, 0, 0, 1, 1, 0, 0, 1, 0]",10.54,11.66,16.88,8.16,822335.0
GDRX,3.27,7,"[0, 1, 1, 1, 1, 1, 1, 0, 1, 0]",3.44,2.76,4.64,1.87,824760.0
KOPN,4.88,10,"[1, 1, 1, 1, 1, 1, 1, 1, 1, 1]",4.54,3.68,6.39,1.82,3470455.0
DAKT,17.85,1,"[0, 0, 0, 0, 0, 0, 0, 0, 1, 0]",19.09,20.51,27.73,17.02,532960.0
INR,13.5,1,"[0, 0, 0, 0, 0, 0, 0, 0, 1, 0]",13.87,14.88,19.23,11.2,346335.0
EPC,26.87,8,"[0, 1, 1, 1, 1, 1, 1, 1, 1, 0]",27.77,22.74,29.5,15.6,624985.0
INDI,2.85,1,"[0, 0, 0, 0, 0, 0, 0, 0, 1, 0]",3.49,3.72,6.0,2.44,5043945.0
PHAT,6.78,1,"[0, 0, 0, 0, 0, 0, 0, 0, 1, 0]",8.52,11.32,18.08,6.7,1388140.0
CRON,3.29,10,"[1, 1, 1, 1, 1, 1, 1, 1, 1, 1]",3.21,2.8,3.55,2.3,889250.0
JMIA,6.8,2,"[1, 0, 0, 0, 0, 0, 0, 0, 1, 0]",6.68,8.11,14.6,5.69,1325685.0
XNCR,24.36,8,"[0, 1, 1, 1, 1, 1, 1, 1, 1, 0]",24.39,15.97,29.3,10.41,1444395.0
CMPS,11.56,8,"[0, 1, 1, 1, 1, 1, 1, 1, 1, 0]",13.37,9.98,15.19,4.94,3158490.0
METC,8.22,1,"[0, 0, 0, 0, 0, 0, 0, 0, 1, 0]",10.68,14.44,54.55,8.0,2007045.0
AMBQ,63.24,9,"[1, 1, 1, 1, 1, 1, 1, 0, 1, 1]",63.11,51.7,90.48,22.76,607405.0
NUTX,218.4,10,"[1, 1, 1, 1, 1, 1, 1, 1, 1, 1]",190.67,147.71,225.0,87.01,158600.0
CODI,11.02,8,"[0, 1, 1, 1, 1, 1, 1, 1, 1, 0]",11.26,9.28,12.71,4.65,587890.0
SANA,2.75,2,"[0, 0, 0, 1, 0, 0, 0, 0, 1, 0]",3.41,3.57,5.92,2.68,4289135.0
SCSC,60.94,10,"[1, 1, 1, 1, 1, 1, 1, 1, 1, 1]",56.72,46.04,62.22,34.27,272910.0
NX,18.85,8,"[0, 1, 1, 1, 1, 1, 1, 1, 1, 0]",20.06,18.65,22.84,11.05,460355.0
AVO,12.75,4,"[0, 0, 0, 1, 0, 1, 0, 1, 1, 0]",12.87,12.91,15.34,10.11,955230.0
ANNX,4.03,2,"[0, 0, 0, 0, 0, 0, 1, 0, 1, 0]",4.72,5.35,6.96,2.68,3675630.0
AMTB,29.06,8,"[0, 1, 1, 1, 1, 1, 1, 1, 1, 0]",29.18,24.2,30.49,16.43,351990.0
ABSI,10.27,10,"[1, 1, 1, 1, 1, 1, 1, 1, 1, 1]",9.13,5.94,11.62,2.3,4295430.0
AMC,2.95,10,"[1, 1, 1, 1, 1, 1, 1, 1, 1, 1]",2.67,1.85,3.29,0.95,29467060.0
ORIC,11.98,8,"[0, 1, 1, 1, 1, 1, 1, 1, 1, 0]",12.97,10.87,14.65,7.47,1621515.0
RHLD,115.64,2,"[0, 0, 0, 0, 0, 0, 1, 0, 1, 0]",128.07,149.83,226.37,72.77,121385.0
TBN,34.68,6,"[0, 0, 1, 1, 1, 1, 1, 0, 1, 0]",36.19,33.41,49.99,22.6,147140.0
JBSS,67.76,3,"[0, 0, 0, 0, 1, 0, 0, 1, 1, 0]",74.47,75.51,88.51,56.28,126045.0
MGTX,10.6,6,"[0, 0, 1, 1, 1, 1, 1, 0, 1, 0]",12.82,10.12,14.97,6.99,1017290.0
HEPS,2.46,3,"[0, 0, 0, 0, 1, 1, 0, 0, 1, 0]",2.67,2.73,3.29,2.18,613585.0
AGL,83.4,7,"[0, 1, 1, 1, 1, 1, 1, 0, 1, 0]",90.14,58.86,129.84,7.91,234595.0
HAFC,31.68,8,"[0, 1, 1, 1, 1, 1, 1, 1, 1, 0]",31.7,29.19,33.02,22.1,244670.0
SLS,11.34,7,"[0, 1, 1, 1, 1, 1, 1, 0, 1, 0]",12.33,7.87,15.46,1.39,6206285.0
BJRI,61.33,9,"[0, 1, 1, 1, 1, 1, 1, 1, 1, 1]",63.93,49.27,74.26,28.69,405620.0
CGEM,16.25,6,"[0, 0, 1, 1, 1, 1, 1, 0, 1, 0]",19.39,15.42,22.95,5.89,1385690.0
VPG,77.91,7,"[1, 0, 1, 0, 1, 1, 1, 0, 1, 1]",70.0,71.82,149.91,29.28,318195.0
SHEN,11.5,3,"[0, 0, 0, 0, 1, 1, 0, 0, 1, 0]",12.22,13.55,17.1,9.9,1209800.0
ROOT,47.17,1,"[0, 0, 0, 0, 0, 0, 0, 0, 1, 0]",52.73,56.32,90.86,43.21,209130.0
GERN,1.21,2,"[0, 0, 0, 0, 0, 1, 0, 0, 1, 0]",1.41,1.44,1.95,1.07,10280330.0
VLRS,6.5,1,"[0, 0, 0, 0, 0, 0, 0, 0, 1, 0]",7.08,7.98,10.63,6.15,348030.0
LXRX,1.75,5,"[0, 0, 0, 1, 1, 1, 1, 0, 1, 0]",2.18,1.85,2.64,1.14,3426630.0
DSGN,11.97,6,"[0, 0, 0, 1, 1, 1, 1, 1, 1, 0]",13.81,12.05,15.94,5.53,771360.0
HNRG,14.81,1,"[0, 0, 0, 0, 0, 0, 0, 0, 1, 0]",15.27,17.16,23.81,13.49,723100.0
NB,3.52,1,"[0, 0, 0, 0, 0, 0, 0, 0, 1, 0]",4.18,5.15,11.67,3.43,2368880.0
MATW,19.42,1,"[0, 0, 0, 0, 0, 0, 0, 0, 1, 0]",21.92,25.06,28.54,18.58,1284655.0
BVS,13.1,8,"[0, 1, 1, 1, 1, 1, 1, 1, 1, 0]",13.71,10.34,15.26,6.51,450685.0
OMDA,20.73,8,"[0, 1, 1, 1, 1, 1, 1, 1, 1, 0]",21.76,17.35,26.78,10.94,1503940.0
SCHL,37.01,6,"[0, 0, 0, 0, 1, 1, 1, 1, 1, 1]",38.18,37.95,47.04,26.54,533050.0
ABX,8.39,4,"[0, 0, 0, 0, 1, 1, 1, 0, 1, 0]",9.26,9.16,12.0,4.87,676385.0
SPRY,4.3,1,"[0, 0, 0, 0, 0, 0, 0, 0, 1, 0]",5.2,8.05,13.06,4.07,1538615.0
CTMX,2.56,1,"[0, 0, 0, 0, 0, 0, 0, 0, 1, 0]",3.17,4.04,6.75,2.56,4071005.0
MYE,31.83,9,"[0, 1, 1, 1, 1, 1, 1, 1, 1, 1]",32.24,25.26,36.58,15.4,312495.0
ABUS,4.48,5,"[0, 0, 0, 1, 1, 1, 0, 1, 1, 0]",4.84,4.54,5.22,3.67,8276275.0
AEVA,14.57,4,"[0, 0, 0, 0, 1, 1, 1, 0, 1, 0]",17.26,17.31,29.29,9.19,1407365.0
SHAZ,48.12,4,"[0, 0, 0, 1, 1, 0, 1, 0, 1, 0]",56.37,48.12,92.7,17.52,1417070.0
KOP,46.03,8,"[0, 1, 1, 1, 1, 1, 1, 1, 1, 0]",46.99,40.09,52.23,26.11,170405.0
NBBK,22.46,8,"[0, 1, 1, 1, 1, 1, 1, 1, 1, 0]",22.63,21.21,23.25,16.64,269060.0
IBTA,40.96,10,"[1, 1, 1, 1, 1, 1, 1, 1, 1, 1]",37.59,30.65,42.4,19.25,215705.0
CRSR,13.64,10,"[1, 1, 1, 1, 1, 1, 1, 1, 1, 1]",12.48,8.34,14.35,4.58,1060105.0
KRO,7.86,8,"[0, 1, 1, 1, 1, 1, 1, 1, 1, 0]",7.96,6.56,8.86,4.19,413655.0
ODD,19.25,7,"[1, 1, 1, 1, 0, 0, 1, 0, 1, 1]",15.66,19.08,59.4,9.81,1872810.0
DRUG,48.25,1,"[0, 0, 0, 0, 0, 0, 0, 0, 1, 0]",68.13,76.12,95.99,48.25,100460.0
KURA,10.53,7,"[0, 1, 1, 1, 1, 0, 1, 1, 1, 0]",11.19,9.81,13.59,7.4,1863490.0
SCZM,8.96,6,"[1, 1, 0, 1, 0, 1, 1, 0, 1, 0]",8.89,8.99,16.16,4.92,442560.0
CVLG,33.09,4,"[0, 0, 0, 0, 1, 1, 1, 0, 1, 0]",34.79,33.3,49.78,17.9,206995.0
PURR,12.5,9,"[1, 1, 1, 1, 1, 0, 1, 1, 1, 1]",10.33,7.06,14.09,3.1,22190905.0
TSAT,47.66,10,"[1, 1, 1, 1, 1, 1, 1, 1, 1, 1]",47.22,41.58,61.4,23.58,113325.0
SG,9.14,9,"[1, 1, 1, 0, 1, 1, 1, 1, 1, 1]",6.94,6.92,10.21,4.7,5524210.0
VOR,18.31,7,"[0, 1, 1, 1, 1, 1, 1, 0, 1, 0]",21.93,16.8,33.8,6.86,1339415.0
EVMN,6.61,1,"[0, 0, 0, 0, 0, 0, 0, 0, 1, 0]",11.48,18.85,31.57,6.61,991015.0
WYFI,17.33,4,"[0, 0, 0, 0, 1, 1, 1, 0, 1, 0]",21.16,21.56,44.77,10.78,1237495.0
SABR,1.92,8,"[0, 1, 1, 1, 1, 1, 1, 1, 1, 0]",2.12,1.71,2.33,0.82,6469420.0
CGNT,8.83,5,"[1, 0, 0, 0, 1, 0, 1, 0, 1, 1]",8.72,8.86,12.24,6.34,632335.0
ETON,54.77,8,"[0, 1, 1, 1, 1, 1, 1, 1, 1, 0]",55.12,32.5,64.43,14.35,589885.0
WEST,8.25,10,"[1, 1, 1, 1, 1, 1, 1, 1, 1, 1]",8.07,6.45,9.73,3.71,331140.0
EGBN,28.24,10,"[1, 1, 1, 1, 1, 1, 1, 1, 1, 1]",28.01,26.31,29.12,15.78,340735.0
GO,11.41,7,"[1, 1, 1, 1, 0, 1, 1, 0, 1, 0]",11.08,9.3,16.09,5.79,2230085.0
BIOA,6.29,1,"[0, 0, 0, 0, 0, 0, 0, 0, 1, 0]",9.95,16.64,25.1,5.11,880640.0
ASC,18.82,10,"[1, 1, 1, 1, 1, 1, 1, 1, 1, 1]",17.54,15.03,19.34,9.69,614520.0
ADAM,7.72,6,"[0, 0, 0, 1, 1, 1, 1, 1, 1, 0]",8.97,8.03,9.89,5.79,1365890.0
DXYZ,31.57,5,"[1, 0, 0, 0, 1, 1, 1, 0, 1, 0]",30.46,31.78,71.24,20.82,785220.0
SUPV,7.44,2,"[0, 0, 0, 0, 0, 0, 1, 0, 1, 0]",8.29,9.48,12.86,4.8,590510.0
NRGV,3.88,4,"[1, 0, 0, 0, 0, 1, 1, 0, 1, 0]",3.77,4.12,6.49,2.51,4012180.0
IMSR,3.93,1,"[0, 0, 0, 0, 0, 0, 0, 0, 1, 0]",4.95,6.76,27.1,3.75,1524180.0
ANRO,23.69,5,"[0, 0, 0, 1, 1, 1, 1, 0, 1, 0]",30.76,23.78,36.64,5.62,644970.0
KFRC,50.68,8,"[0, 1, 1, 1, 1, 1, 1, 1, 1, 0]",54.87,41.52,59.98,23.49,228140.0
CWH,4.53,1,"[0, 0, 0, 0, 0, 0, 0, 0, 1, 0]",6.05,7.92,16.62,4.53,2344155.0
ARKO,4.2,2,"[0, 0, 0, 0, 1, 0, 0, 0, 1, 0]",5.0,6.0,8.58,3.73,830055.0
IHRT,2.01,1,"[0, 0, 0, 0, 0, 0, 0, 0, 1, 0]",2.82,3.64,6.33,1.94,729855.0
PSTL,22.69,8,"[0, 1, 1, 1, 1, 1, 1, 1, 1, 0]",23.2,20.96,24.72,13.9,391140.0
MTUS,20.92,9,"[1, 1, 1, 1, 0, 1, 1, 1, 1, 1]",19.97,18.95,22.03,14.56,341010.0
RLMD,3.28,3,"[0, 0, 0, 0, 1, 0, 1, 0, 1, 0]",4.46,5.45,7.86,1.93,1368020.0
CRESY,12.13,9,"[1, 1, 1, 1, 0, 1, 1, 1, 1, 1]",11.57,11.69,14.11,8.55,311235.0
CBLL,24.34,9,"[1, 1, 1, 1, 0, 1, 1, 1, 1, 1]",22.9,20.39,25.04,10.92,346005.0
LYTS,20.94,5,"[0, 0, 0, 0, 1, 1, 0, 1, 1, 1]",21.66,21.83,26.73,17.13,392650.0
NXDR,2.42,10,"[1, 1, 1, 1, 1, 1, 1, 1, 1, 1]",2.4,2.02,2.77,1.36,2280450.0
DSP,11.93,8,"[0, 1, 1, 1, 1, 1, 1, 1, 1, 0]",12.51,11.63,14.09,8.14,593240.0
PGC,44.18,8,"[0, 1, 1, 1, 1, 1, 1, 1, 1, 0]",45.43,39.8,48.28,24.62,134656.55
HZO,52.39,10,"[1, 1, 1, 1, 1, 1, 1, 1, 1, 1]",49.19,34.94,52.56,21.43,762065.0
ALLO,1.46,4,"[0, 0, 0, 0, 1, 1, 1, 0, 1, 0]",1.86,1.99,3.06,1.05,5710185.0
HSHP,17.78,9,"[1, 1, 1, 1, 1, 1, 1, 1, 1, 0]",16.73,13.36,19.33,6.74,546425.0
DRTS,14.48,9,"[1, 1, 1, 1, 1, 1, 1, 1, 1, 0]",14.21,9.9,15.5,3.47,468565.0
FOXF,19.39,7,"[0, 1, 1, 1, 0, 1, 1, 1, 1, 0]",19.87,18.26,24.88,13.19,572895.0
PRAA,20.04,10,"[1, 1, 1, 1, 1, 1, 1, 1, 1, 1]",19.25,17.35,22.23,10.42,515215.0
NTGR,23.04,4,"[1, 0, 0, 0, 1, 0, 0, 0, 1, 1]",22.42,23.08,36.01,19.87,336690.0
HPK,8.22,10,"[1, 1, 1, 1, 1, 1, 1, 1, 1, 1]",7.81,6.54,8.64,3.89,580640.0
KRNT,18.15,10,"[1, 1, 1, 1, 1, 1, 1, 1, 1, 1]",16.38,15.5,18.23,12.31,344375.0
FCEL,20.65,9,"[1, 1, 1, 1, 1, 1, 1, 0, 1, 1]",18.47,14.43,36.01,6.0,5832955.0
EVER,19.39,3,"[0, 0, 0, 1, 0, 0, 1, 0, 1, 0]",23.5,20.83,27.87,14.27,1022530.0
GFR,6.21,8,"[0, 1, 1, 1, 1, 1, 1, 1, 1, 0]",6.27,5.92,7.1,4.33,1391935.0
LPTH,10.87,5,"[0, 0, 0, 0, 1, 1, 1, 0, 1, 1]",11.27,12.15,18.15,6.18,2810345.0
SB,8.58,9,"[1, 1, 1, 1, 1, 1, 1, 1, 1, 0]",8.3,6.68,9.18,4.03,1861350.0
HIVE,2.9,4,"[0, 0, 0, 0, 1, 1, 1, 0, 1, 0]",2.95,2.9,6.96,1.75,11415085.0
SLDB,6.92,5,"[0, 0, 0, 1, 1, 1, 1, 0, 1, 0]",8.72,7.6,11.15,3.93,1444350.0
GDOT,12.4,5,"[0, 0, 0, 1, 1, 1, 0, 1, 1, 0]",13.14,12.56,13.58,10.53,441895.0
MAKO,9.09,8,"[0, 1, 1, 1, 1, 1, 1, 1, 1, 0]",9.64,7.87,11.07,5.02,187185.0
MVST,0.61,1,"[0, 0, 0, 0, 0, 0, 0, 0, 1, 0]",0.73,1.61,6.4,0.58,5517040.0
MITK,17.47,8,"[0, 1, 1, 1, 1, 1, 1, 1, 1, 0]",17.82,15.19,20.14,8.65,601145.0
RDVT,78.02,10,"[1, 1, 1, 1, 1, 1, 1, 1, 1, 1]",73.06,54.79,80.25,34.4,197810.0
KRUS,40.06,1,"[0, 0, 0, 0, 0, 0, 0, 0, 1, 0]",44.32,55.44,79.29,34.52,285025.0
MRLN,1.56,1,"[0, 0, 0, 0, 0, 0, 0, 0, 1, 0]",3.04,7.37,16.09,1.56,3915395.0
BLMN,8.34,7,"[0, 1, 1, 1, 1, 1, 1, 0, 1, 0]",9.51,7.63,11.85,5.26,2633260.0
IRWD,3.63,4,"[0, 0, 0, 1, 0, 1, 1, 0, 1, 0]",4.15,4.0,5.39,1.43,2180625.0
HUYA,2.29,3,"[1, 0, 0, 0, 0, 0, 0, 0, 1, 1]",2.25,2.8,4.6,2.04,925055.0
SLDP,2.35,2,"[1, 0, 0, 0, 0, 0, 0, 0, 1, 0]",2.34,3.18,8.51,2.0,2815335.0
ACRS,3.7,5,"[0, 0, 0, 1, 1, 1, 1, 0, 1, 0]",5.66,4.46,6.53,1.81,3480815.0
HRTG,34.17,9,"[1, 1, 1, 1, 1, 1, 1, 1, 1, 0]",33.36,27.9,35.42,20.88,291550.0
CYRX,17.8,10,"[1, 1, 1, 1, 1, 1, 1, 1, 1, 1]",16.15,12.63,18.14,7.72,719805.0
CTO,20.53,8,"[0, 1, 1, 1, 1, 1, 1, 1, 1, 0]",21.05,19.44,22.13,14.12,435830.0
ASPI,2.85,1,"[0, 0, 0, 0, 0, 0, 0, 0, 1, 0]",3.65,5.22,14.05,2.6,4896050.0
OXM,25.49,2,"[0, 0, 0, 0, 1, 0, 0, 0, 1, 0]",33.19,36.93,46.52,24.44,589245.0
GRPN,18.84,7,"[0, 1, 1, 1, 1, 1, 1, 0, 1, 0]",21.14,17.64,28.58,9.64,1176675.0
ALRS,32.36,8,"[0, 1, 1, 1, 1, 1, 1, 1, 1, 0]",32.8,27.64,33.89,20.15,196305.0
LAES,2.42,1,"[0, 0, 0, 0, 0, 0, 0, 0, 1, 0]",2.45,3.16,7.65,2.09,4525630.0
INN,5.99,9,"[0, 1, 1, 1, 1, 1, 1, 1, 1, 1]",6.03,5.31,6.98,3.92,1166635.0
PKE,30.06,6,"[0, 0, 0, 1, 1, 1, 1, 1, 1, 0]",32.79,30.22,38.07,18.22,244850.0
HY,32.13,4,"[0, 0, 0, 0, 1, 1, 0, 1, 1, 0]",33.59,33.9,40.03,25.38,137975.0
STRO,14.45,4,"[0, 0, 0, 0, 1, 1, 1, 0, 1, 0]",19.84,23.03,40.91,7.3,343795.0
TLRY,3.78,1,"[0, 0, 0, 0, 0, 0, 0, 0, 1, 0]",4.31,6.08,21.0,3.57,3935720.0
SHBI,22.65,8,"[0, 1, 1, 1, 1, 1, 1, 1, 1, 0]",23.34,20.5,24.46,14.81,207275.0
EVC,6.7,6,"[0, 0, 1, 1, 1, 1, 1, 0, 1, 0]",8.71,6.42,13.4,1.89,1306865.0
ZVRA,10.73,6,"[0, 0, 1, 1, 1, 1, 1, 0, 1, 0]",11.37,10.58,14.75,8.1,982470.0
CARS,9.45,2,"[0, 0, 0, 1, 0, 0, 0, 0, 1, 0]",11.55,10.76,13.5,7.58,724935.0
CLYM,10.68,6,"[0, 0, 1, 1, 1, 1, 1, 0, 1, 0]",13.99,9.84,17.84,1.64,1548730.0
CWBC,26.35,10,"[1, 1, 1, 1, 1, 1, 1, 1, 1, 1]",25.93,24.44,27.89,19.45,202925.0
SPIR,10.98,4,"[0, 0, 0, 0, 1, 1, 1, 0, 1, 0]",12.48,13.76,25.48,7.02,689190.0
SWBI,14.52,9,"[1, 1, 1, 0, 1, 1, 1, 1, 1, 1]",13.77,13.41,16.36,7.84,533220.0
ARVN,7.31,1,"[0, 0, 0, 0, 0, 0, 0, 0, 1, 0]",8.59,10.09,13.83,6.98,907845.0
AVR,7.05,5,"[0, 0, 0, 1, 1, 1, 1, 0, 1, 0]",8.44,7.27,10.57,3.38,1009125.0
NKLR,3.6,2,"[0, 0, 0, 0, 1, 0, 0, 0, 1, 0]",5.0,5.15,18.26,3.33,593905.0
VTEX,3.8,7,"[1, 0, 1, 0, 1, 0, 1, 1, 1, 1]",3.78,3.73,4.57,2.87,753115.0
MRAM,17.76,7,"[1, 0, 1, 0, 1, 1, 1, 0, 1, 1]",16.68,16.42,44.01,7.5,869875.0
CABA,2.02,2,"[0, 0, 0, 0, 1, 0, 0, 0, 1, 0]",2.73,2.91,4.15,1.89,6315005.0
KE,28.81,7,"[1, 1, 1, 1, 0, 0, 0, 1, 1, 1]",25.45,25.9,31.38,22.63,189325.0
CNNE,15.5,8,"[1, 1, 1, 1, 0, 0, 1, 1, 1, 1]",15.19,13.9,17.96,10.43,555835.0
PSNL,16.03,9,"[1, 1, 1, 1, 1, 1, 1, 1, 1, 0]",15.57,10.61,18.38,5.04,2128400.0
CCSI,36.35,9,"[0, 1, 1, 1, 1, 1, 1, 1, 1, 1]",36.77,30.66,39.85,20.24,127045.0
ANGX,4.14,5,"[0, 1, 1, 1, 0, 0, 1, 0, 1, 0]",4.55,3.77,7.49,2.18,2218235.0
NPCE,12.67,2,"[0, 0, 0, 0, 0, 0, 1, 0, 1, 0]",14.2,15.29,19.29,9.4,133145.0
RGR,43.65,9,"[1, 1, 1, 0, 1, 1, 1, 1, 1, 1]",39.11,38.48,46.58,28.51,244695.0
TDUP,2.16,1,"[0, 0, 0, 0, 0, 0, 0, 0, 1, 0]",3.1,4.52,9.41,2.12,2075135.0
SXC,10.04,9,"[1, 1, 1, 1, 1, 1, 1, 1, 1, 0]",9.6,7.88,10.57,5.51,1054600.0
DNUT,3.02,1,"[0, 0, 0, 0, 0, 0, 0, 0, 1, 0]",3.2,3.45,4.7,2.87,2027870.0
BCAL,21.66,10,"[1, 1, 1, 1, 1, 1, 1, 1, 1, 1]",21.44,19.42,21.97,15.65,243100.0
PHR,10.25,3,"[0, 0, 0, 1, 0, 0, 0, 0, 1, 1]",11.06,11.39,23.84,8.06,695645.0
RYAM,6.79,3,"[0, 0, 0, 0, 1, 1, 0, 0, 1, 0]",8.45,8.64,11.75,5.52,910080.0
FEIM,87.13,10,"[1, 1, 1, 1, 1, 1, 1, 1, 1, 1]",73.15,61.15,89.0,27.07,422965.0
NPB,15.55,2,"[0, 0, 0, 0, 0, 0, 0, 1, 1, 0]",16.69,17.47,19.28,14.57,287555.0
TRON,1.29,2,"[0, 0, 0, 0, 1, 0, 0, 0, 1, 0]",1.58,1.7,4.13,1.13,706660.0
CADL,9.87,7,"[0, 1, 1, 1, 1, 1, 1, 0, 1, 0]",11.45,8.01,13.75,4.42,1249765.0
BWMN,42.79,9,"[1, 1, 1, 1, 0, 1, 1, 1, 1, 1]",39.69,33.61,44.43,25.31,377045.0
FET,84.43,10,"[1, 1, 1, 1, 1, 1, 1, 1, 1, 1]",78.56,58.74,87.37,25.26,188455.0
CLB,10.3,1,"[0, 0, 0, 0, 0, 0, 0, 0, 1, 0]",11.53,14.5,19.63,9.7,648665.0
GPRK,11.44,9,"[1, 1, 1, 1, 1, 1, 1, 1, 1, 0]",10.43,9.37,11.97,5.91,862910.0
ORN,9.36,2,"[0, 0, 0, 0, 0, 0, 0, 0, 1, 1]",9.39,11.97,17.14,8.18,518400.0
HPP,11.58,6,"[0, 1, 1, 1, 1, 0, 1, 0, 1, 0]",12.97,10.84,19.46,5.51,645340.0
CSTL,33.36,8,"[1, 1, 1, 1, 0, 0, 1, 1, 1, 1]",32.74,29.04,43.04,18.15,385335.0
CTKB,5.38,9,"[1, 1, 1, 1, 0, 1, 1, 1, 1, 1]",4.89,4.62,6.09,3.36,1572980.0
GLRE,14.65,4,"[0, 0, 0, 0, 1, 1, 0, 1, 1, 0]",15.4,15.77,19.0,11.95,140520.0
ALOY,8.12,2,"[0, 0, 0, 0, 0, 1, 0, 0, 1, 0]",10.05,11.27,25.88,6.36,2001480.0
AGMB,8.84,3,"[0, 0, 0, 1, 1, 0, 0, 0, 1, 0]",12.76,8.84,17.82,8.56,171815.0
RR,1.67,1,"[0, 0, 0, 0, 0, 0, 0, 0, 1, 0]",1.67,2.42,7.06,1.35,4170360.0
BTBT,1.52,1,"[0, 0, 0, 0, 0, 0, 0, 0, 1, 0]",1.53,1.72,4.22,1.21,24370220.0
MSBI,32.78,8,"[0, 1, 1, 1, 1, 1, 1, 1, 1, 0]",33.14,26.82,34.19,13.85,176660.0
UROY,4.24,8,"[1, 1, 1, 1, 0, 1, 1, 1, 1, 0]",4.12,3.78,5.46,2.61,4484455.0
CARE,30.46,8,"[0, 1, 1, 1, 1, 1, 1, 1, 1, 0]",31.72,26.45,35.61,16.84,262905.0
EGY,5.78,9,"[1, 1, 1, 1, 1, 1, 1, 1, 1, 0]",5.78,5.32,6.53,3.26,1395950.0
GDYN,7.82,7,"[1, 1, 1, 1, 0, 0, 1, 1, 1, 0]",7.72,7.04,10.06,5.21,890900.0
ALTI,2.88,2,"[0, 0, 0, 1, 0, 0, 0, 0, 1, 0]",3.6,3.79,5.19,2.81,137325.0
PRME,3.5,4,"[1, 1, 1, 0, 0, 0, 0, 0, 1, 0]",3.24,3.48,6.45,2.7,3888350.0
TCMD,22.19,3,"[0, 0, 0, 0, 0, 0, 1, 0, 1, 1]",24.06,26.46,33.05,14.22,268510.0
MLAB,136.06,10,"[1, 1, 1, 1, 1, 1, 1, 1, 1, 1]",120.68,99.87,142.23,67.29,125425.0
FTK,29.97,10,"[1, 1, 1, 1, 1, 1, 1, 1, 1, 1]",28.28,21.34,38.82,13.47,508270.0
AVTX,13.59,3,"[0, 0, 0, 1, 1, 0, 0, 0, 1, 0]",17.96,16.68,22.87,12.74,1210120.0
DDI,13.4,10,"[1, 1, 1, 1, 1, 1, 1, 1, 1, 1]",12.63,10.58,13.4,8.25,201645.0
HELE,25.32,8,"[0, 1, 1, 1, 1, 1, 1, 1, 1, 0]",28.3,23.16,30.22,13.88,427000.0
BETR,11.21,1,"[0, 0, 0, 0, 0, 0, 0, 0, 1, 0]",14.11,27.12,86.07,10.08,584685.0
KYTX,6.16,1,"[0, 0, 0, 0, 0, 0, 0, 0, 1, 0]",7.65,8.33,11.25,5.41,986060.0
PRTA,8.02,2,"[0, 0, 0, 0, 1, 0, 0, 0, 1, 0]",8.86,9.31,11.51,7.91,523400.0
PROK,1.6,1,"[0, 0, 0, 0, 0, 0, 0, 0, 1, 0]",1.68,1.9,3.3,1.33,1773425.0
CHW,8.17,7,"[0, 1, 1, 1, 1, 1, 0, 1, 1, 0]",8.33,7.99,8.91,6.67,190338.75
MG,21.03,10,"[1, 1, 1, 1, 1, 1, 1, 1, 1, 1]",18.85,16.66,21.59,9.39,540930.0
INV,0.57,2,"[0, 0, 0, 0, 1, 0, 0, 0, 1, 0]",1.62,3.86,7.32,0.49,9025610.0
KRT,53.69,10,"[1, 1, 1, 1, 1, 1, 1, 1, 1, 1]",48.19,32.45,54.68,19.72,191950.0
DDL,2.08,2,"[0, 0, 0, 0, 0, 1, 0, 0, 1, 0]",2.27,2.5,3.2,1.67,265975.0
MEC,16.46,4,"[0, 0, 0, 0, 1, 1, 1, 0, 1, 0]",20.54,23.04,37.54,12.56,578360.0
PACK,3.97,1,"[0, 0, 0, 0, 0, 0, 0, 0, 1, 0]",4.72,5.33,7.64,3.24,527865.0
WTI,3.59,7,"[0, 1, 1, 1, 1, 1, 1, 0, 1, 0]",3.71,3.21,4.89,1.49,3840635.0
DNA,12.41,9,"[1, 1, 1, 1, 0, 1, 1, 1, 1, 1]",8.33,8.38,16.09,5.48,3005230.0
TECX,22.41,4,"[0, 0, 0, 0, 1, 1, 1, 0, 1, 0]",29.89,28.02,37.93,14.91,254930.0
CPS,22.19,1,"[0, 0, 0, 0, 0, 0, 0, 0, 1, 0]",25.83,29.81,45.2,20.84,266695.0
ASIX,16.7,3,"[0, 0, 0, 0, 1, 1, 0, 0, 1, 0]",17.1,19.38,25.73,13.91,290090.0
RGNX,7.45,3,"[0, 0, 0, 1, 0, 0, 1, 0, 1, 0]",9.19,9.82,15.98,5.65,1499540.0
CLFD,33.74,7,"[1, 1, 1, 0, 1, 1, 0, 0, 1, 1]",29.89,32.39,51.26,26.0,139470.0
ILPT,7.2,7,"[0, 0, 1, 1, 1, 1, 1, 1, 1, 0]",8.12,7.18,9.25,4.91,344110.0
CTNM,12.65,5,"[0, 0, 0, 1, 1, 1, 1, 0, 1, 0]",14.84,13.72,17.57,9.17,719825.0
MCS,26.44,8,"[0, 1, 1, 1, 1, 1, 1, 1, 1, 0]",28.51,20.75,31.03,12.83,220395.0
ASTL,4.35,4,"[1, 0, 0, 0, 0, 1, 1, 0, 1, 0]",4.28,4.42,5.8,3.28,767290.0
AURA,6.17,4,"[0, 0, 0, 1, 1, 1, 0, 0, 1, 0]",7.1,6.64,8.9,4.97,992320.0
AQST,4.61,6,"[1, 1, 1, 1, 0, 0, 1, 0, 1, 0]",4.59,4.33,7.49,2.95,2262880.0
MAMA,12.73,3,"[0, 0, 0, 0, 1, 1, 0, 0, 1, 0]",15.64,15.47,20.65,10.03,840000.0
LZM,3.84,2,"[0, 0, 0, 0, 0, 1, 0, 0, 1, 0]",3.96,4.35,6.1,3.01,341595.0
ACHV,7.03,8,"[0, 1, 1, 1, 1, 1, 1, 1, 1, 0]",7.47,5.47,8.53,2.65,1640205.0
SD,13.76,3,"[0, 0, 0, 0, 0, 1, 0, 1, 1, 0]",14.0,14.63,17.42,10.75,372495.0
MNRO,13.67,3,"[1, 0, 0, 0, 0, 0, 0, 0, 1, 1]",12.77,16.12,22.59,11.02,999305.0
OOMA,19.86,8,"[0, 1, 1, 1, 1, 1, 1, 1, 1, 0]",21.71,16.91,23.38,10.58,513220.0
ANL,14.46,9,"[1, 1, 1, 1, 1, 1, 1, 1, 1, 0]",14.38,10.48,16.6,0.88,155105.0
IMMX,9.64,6,"[0, 0, 1, 1, 1, 1, 1, 0, 1, 0]",11.65,9.19,14.47,2.48,1801955.0
FDMT,12.56,7,"[0, 1, 1, 1, 1, 1, 1, 0, 1, 0]",13.51,10.47,16.76,7.19,1071955.0
KRNY,9.22,8,"[0, 1, 1, 1, 1, 1, 1, 1, 1, 0]",9.61,8.36,10.13,6.01,497440.0
STTK,5.86,5,"[0, 0, 0, 1, 1, 1, 1, 0, 1, 0]",6.88,5.88,8.06,1.77,1589560.0
CERS,2.34,5,"[0, 0, 0, 1, 1, 1, 1, 0, 1, 0]",2.58,2.43,3.28,1.4,1853455.0
OIS,8.28,4,"[0, 0, 0, 0, 1, 1, 1, 0, 1, 0]",8.48,9.26,14.39,5.58,673560.0
HKD,1.72,8,"[1, 1, 1, 1, 1, 1, 1, 0, 1, 0]",1.69,1.62,2.95,1.27,118215.0
CBIO,13.57,4,"[0, 0, 0, 0, 1, 1, 1, 0, 1, 0]",16.71,15.74,26.98,8.94,520410.0
PANL,8.41,9,"[1, 1, 1, 1, 0, 1, 1, 1, 1, 1]",7.94,7.59,9.17,4.42,440960.0
OCGN,1.04,1,"[0, 0, 0, 0, 0, 0, 0, 0, 1, 0]",1.21,1.49,2.48,0.99,9520910.0
FVR,16.41,6,"[0, 0, 0, 1, 1, 1, 1, 1, 1, 0]",18.69,17.39,21.64,12.36,233890.0
MATV,12.21,8,"[1, 1, 1, 1, 0, 1, 1, 1, 1, 0]",11.69,10.19,14.6,7.16,473910.0
IPI,33.53,4,"[0, 0, 0, 0, 1, 1, 1, 0, 1, 0]",36.74,36.29,48.84,23.94,188210.0
CHCT,13.63,3,"[0, 0, 0, 0, 1, 1, 0, 0, 1, 0]",15.02,16.05,18.6,11.91,394355.0
CGC,0.89,1,"[0, 0, 0, 0, 0, 0, 0, 0, 1, 0]",0.96,1.05,1.92,0.86,2151730.0
PUBM,18.35,10,"[1, 1, 1, 1, 1, 1, 1, 1, 1, 1]",16.63,11.32,19.18,6.28,751265.0
ELVA,6.5,3,"[0, 0, 0, 0, 0, 1, 1, 0, 1, 0]",7.14,8.67,12.26,4.23,327280.0
ALIT,9.06,1,"[0, 0, 0, 0, 0, 0, 0, 0, 1, 0]",13.49,18.53,63.48,8.74,502320.0
CD,8.32,6,"[1, 1, 1, 0, 0, 0, 1, 0, 1, 1]",3.88,4.92,32.01,2.65,220165.0
NUAI,5.86,8,"[1, 1, 1, 1, 1, 1, 1, 0, 1, 0]",5.61,5.03,8.06,1.54,8353715.0
EBS,6.95,4,"[1, 0, 0, 0, 0, 0, 1, 0, 1, 1]",6.12,8.55,13.9,4.45,1225270.0
RBBN,1.77,1,"[0, 0, 0, 0, 0, 0, 0, 0, 1, 0]",1.96,2.37,4.04,1.64,1331565.0
CLNE,1.56,1,"[0, 0, 0, 0, 0, 0, 0, 0, 1, 0]",1.68,2.08,3.06,1.56,1704545.0
OVID,2.37,7,"[0, 0, 1, 1, 1, 1, 1, 1, 1, 0]",2.64,2.3,2.96,1.2,1800920.0
APPS,10.49,7,"[0, 1, 1, 1, 1, 1, 1, 0, 1, 0]",11.2,7.08,14.39,2.82,3030040.0
SRTA,4.75,4,"[0, 0, 0, 1, 1, 1, 0, 0, 1, 0]",5.49,5.16,6.47,4.03,825070.0
RIGL,46.11,8,"[1, 1, 1, 1, 0, 1, 1, 1, 1, 0]",44.88,36.59,50.96,25.44,248530.0
NGNE,25.45,5,"[0, 0, 0, 1, 1, 1, 1, 0, 1, 0]",34.41,27.29,42.84,16.37,325830.0
IMXI,12.09,2,"[0, 0, 0, 0, 0, 0, 0, 1, 1, 0]",13.02,14.71,15.94,10.57,661140.0
ZKH,2.45,1,"[0, 0, 0, 0, 0, 0, 0, 0, 1, 0]",2.88,3.05,3.79,2.06,253745.0
PSFE,5.56,2,"[0, 0, 0, 0, 1, 0, 0, 0, 1, 0]",6.74,7.37,12.69,5.39,339675.0
TATT,33.49,1,"[0, 0, 0, 0, 0, 0, 0, 0, 1, 0]",38.2,43.62,61.11,32.08,115780.0
ASMB,22.18,2,"[0, 0, 0, 1, 0, 0, 0, 0, 1, 0]",28.74,28.26,38.5,22.18,404820.0
WEAV,7.38,9,"[1, 1, 1, 1, 0, 1, 1, 1, 1, 1]",6.95,6.13,7.59,4.37,1529845.0
LTBR,6.84,1,"[0, 0, 0, 0, 0, 0, 0, 0, 1, 0]",7.61,10.98,27.72,6.28,889500.0
MTW,23.38,10,"[1, 1, 1, 1, 1, 1, 1, 1, 1, 1]",19.72,14.71,23.51,10.0,506255.0
SGMT,8.76,8,"[0, 1, 1, 1, 1, 1, 1, 1, 1, 0]",9.81,7.2,11.17,4.55,1460210.0
EVH,3.84,5,"[0, 0, 1, 1, 1, 0, 1, 0, 1, 0]",3.98,3.83,8.18,2.17,2332015.0
BMBL,2.51,1,"[0, 0, 0, 0, 0, 0, 0, 0, 1, 0]",2.8,3.2,5.88,2.51,2133160.0
FULC,3.69,1,"[0, 0, 0, 0, 0, 0, 0, 0, 1, 0]",3.78,6.53,14.6,3.14,1391285.0
KLC,2.0,1,"[0, 0, 0, 0, 0, 0, 0, 0, 1, 0]",3.11,3.72,6.39,1.81,660485.0
CLDT,13.71,10,"[1, 1, 1, 1, 1, 1, 1, 1, 1, 1]",13.11,10.12,13.72,5.98,292970.0
ANGO,14.42,8,"[0, 1, 1, 1, 1, 1, 1, 1, 1, 0]",15.45,12.49,16.13,9.7,585985.0
RPD,12.27,7,"[1, 1, 1, 1, 0, 0, 1, 0, 1, 1]",11.8,9.48,19.35,5.05,1834600.0
CTEV,24.09,3,"[0, 0, 0, 1, 0, 0, 1, 0, 1, 0]",31.69,26.87,71.36,13.47,173420.0
CAL,12.46,8,"[0, 1, 1, 1, 0, 1, 1, 1, 1, 1]",12.8,12.39,14.64,8.71,581105.0
ADUR,11.79,3,"[0, 0, 0, 1, 1, 0, 0, 0, 1, 0]",13.93,13.12,17.39,9.19,241485.0
ZURA,3.96,3,"[0, 0, 0, 1, 0, 1, 0, 0, 1, 0]",5.25,5.32,7.04,3.21,1980900.0
ACTG,4.37,5,"[0, 0, 0, 0, 1, 1, 1, 1, 1, 0]",4.51,4.48,5.16,3.26,185500.0
NPWR,1.31,1,"[0, 0, 0, 0, 0, 0, 0, 0, 1, 0]",1.67,1.87,4.85,1.29,558545.0
BLZE,13.8,7,"[0, 1, 1, 1, 1, 1, 1, 0, 1, 0]",15.03,8.73,20.43,3.31,1709205.0
TROO,1.67,3,"[0, 0, 0, 0, 0, 1, 1, 0, 1, 0]",1.97,2.8,5.02,1.13,219700.0
PERI,8.55,3,"[0, 0, 0, 0, 1, 0, 0, 1, 1, 0]",9.27,9.32,11.06,7.71,563190.0
CRNC,8.07,2,"[0, 0, 0, 0, 0, 0, 1, 0, 1, 0]",8.31,9.24,13.1,5.96,608765.0
MCFT,19.41,3,"[0, 0, 0, 0, 1, 1, 0, 0, 1, 0]",22.7,22.56,27.38,17.21,305250.0
GEVO,1.28,1,"[0, 0, 0, 0, 0, 0, 0, 0, 1, 0]",1.53,1.8,2.78,1.28,3008455.0
ADCT,1.27,3,"[1, 0, 0, 0, 0, 0, 1, 0, 1, 0]",1.14,2.67,4.88,0.96,1418735.0
ENTA,12.17,1,"[0, 0, 0, 0, 0, 0, 0, 0, 1, 0]",13.09,13.47,16.85,10.47,300655.0
SPT,10.13,7,"[1, 1, 1, 1, 0, 0, 1, 1, 1, 0]",10.1,8.14,11.76,4.99,1022930.0
TTGT,3.61,1,"[0, 0, 0, 0, 0, 0, 0, 0, 1, 0]",3.92,4.38,6.47,3.4,354450.0
ALMU,13.12,2,"[0, 0, 0, 0, 1, 0, 0, 0, 1, 0]",14.46,17.53,31.49,10.73,642275.0
AVIR,5.07,7,"[0, 0, 1, 1, 1, 1, 1, 1, 1, 0]",5.22,4.84,6.15,2.96,312995.0
MAGN,11.71,5,"[0, 1, 0, 1, 0, 0, 1, 1, 1, 0]",12.29,12.22,15.26,7.96,377085.0
LXEO,3.3,1,"[0, 0, 0, 0, 0, 0, 0, 0, 1, 0]",4.37,5.82,10.63,3.14,1849480.0
BGS,2.44,1,"[0, 0, 0, 0, 0, 0, 0, 0, 1, 0]",3.2,4.02,5.35,2.44,2460220.0
BYND,7.99,1,"[0, 0, 0, 0, 0, 0, 0, 0, 1, 0]",12.48,20.67,108.6,7.99,1318395.0
OEC,5.72,4,"[0, 0, 0, 0, 1, 1, 1, 0, 1, 0]",6.2,6.35,8.26,4.3,435715.0
NEXN,8.72,8,"[0, 1, 1, 1, 1, 1, 1, 1, 1, 0]",9.72,8.0,10.95,5.7,424300.0
NATR,12.54,1,"[0, 0, 0, 0, 0, 0, 0, 0, 1, 0]",14.9,21.4,27.8,12.4,123710.0
PACB,2.7,8,"[1, 1, 1, 1, 0, 0, 1, 1, 1, 1]",1.48,1.58,2.87,1.11,16769615.0
MNPR,79.57,6,"[0, 0, 1, 1, 1, 1, 1, 0, 1, 0]",105.85,76.56,123.84,50.12,158310.0
IVVD,0.81,3,"[1, 0, 0, 0, 0, 0, 1, 0, 1, 0]",0.81,1.33,2.88,0.54,7275015.0
NRC,20.08,8,"[0, 1, 1, 1, 1, 1, 1, 1, 1, 0]",20.83,18.7,22.59,11.04,128155.0
CBAN,20.43,7,"[0, 0, 1, 1, 1, 1, 1, 1, 1, 0]",21.33,20.07,22.27,15.54,160275.0
LOCO,14.39,7,"[0, 0, 1, 1, 1, 1, 1, 1, 1, 0]",15.19,13.69,17.2,9.06,225585.0
EOLS,7.38,8,"[0, 1, 1, 1, 1, 1, 1, 1, 1, 0]",7.91,6.16,9.3,3.94,754930.0
AUTL,1.79,7,"[0, 1, 1, 1, 1, 1, 1, 0, 1, 0]",2.04,1.68,2.54,1.21,1555230.0
XFOR,2.77,2,"[0, 0, 0, 0, 1, 0, 0, 0, 1, 0]",3.76,3.89,4.67,2.77,1252385.0
GRRR,12.18,2,"[0, 0, 0, 0, 1, 0, 0, 0, 1, 0]",13.72,13.69,21.78,9.48,504380.0
ABAT,2.15,1,"[0, 0, 0, 0, 0, 0, 0, 0, 1, 0]",2.4,3.17,11.33,2.04,3937565.0
ASPN,5.87,9,"[1, 1, 1, 1, 1, 1, 1, 0, 1, 1]",5.26,4.47,8.82,2.57,960725.0
SSP,2.92,2,"[0, 0, 0, 0, 0, 0, 1, 0, 1, 0]",3.09,3.54,5.16,1.54,677040.0
VREX,18.48,8,"[1, 1, 1, 1, 0, 1, 1, 1, 1, 0]",17.27,13.06,18.58,9.32,613120.0
LRMR,2.78,2,"[0, 0, 0, 0, 1, 0, 0, 0, 1, 0]",3.83,3.92,5.95,2.78,1454330.0
IPSC,1.32,4,"[0, 0, 0, 0, 1, 1, 1, 0, 1, 0]",1.93,2.08,2.94,0.47,670725.0
NEWT,11.19,3,"[0, 0, 0, 0, 1, 1, 0, 0, 1, 0]",12.35,12.56,15.3,9.03,242070.0
VOXR,5.13,6,"[0, 0, 0, 1, 1, 1, 1, 1, 1, 0]",5.3,5.26,6.37,3.84,441130.0
XNET,4.76,1,"[0, 0, 0, 0, 0, 0, 0, 0, 1, 0]",5.0,5.82,10.78,4.64,196770.0
VELO,9.57,3,"[0, 0, 0, 0, 0, 1, 1, 0, 1, 0]",11.83,14.23,30.61,4.15,1377355.0
HNST,5.03,8,"[0, 1, 1, 1, 1, 1, 1, 1, 1, 0]",5.1,3.58,5.95,2.1,1708095.0
RCKT,2.48,1,"[0, 0, 0, 0, 0, 0, 0, 0, 1, 0]",3.33,3.56,5.3,2.48,2004610.0
DCTH,15.41,8,"[0, 1, 1, 1, 1, 1, 1, 1, 1, 0]",15.73,11.93,17.36,8.19,373150.0
CDZI,3.5,1,"[0, 0, 0, 0, 0, 0, 0, 0, 1, 0]",3.61,4.54,6.92,2.98,1083350.0
OPAL,1.79,1,"[0, 0, 0, 0, 0, 0, 0, 0, 1, 0]",2.05,2.2,2.78,1.74,369645.0
OSS,8.34,4,"[0, 0, 0, 0, 1, 1, 1, 0, 1, 0]",10.67,11.39,19.95,4.34,768120.0
XPER,5.28,2,"[0, 0, 0, 0, 1, 0, 0, 0, 1, 0]",6.2,6.52,8.64,5.11,384310.0
QUAD,9.39,8,"[0, 1, 1, 1, 1, 1, 1, 1, 1, 0]",9.84,7.69,10.74,4.99,330500.0
CLPT,11.01,2,"[0, 0, 0, 1, 0, 0, 0, 0, 1, 0]",14.26,13.38,29.6,8.66,757365.0
EGHT,2.17,9,"[1, 1, 1, 1, 0, 1, 1, 1, 1, 1]",2.03,2.02,2.76,1.59,1733825.0
PBYI,9.5,10,"[1, 1, 1, 1, 1, 1, 1, 1, 1, 1]",9.1,7.51,9.93,4.73,323170.0
DVLT,0.15,1,"[0, 0, 0, 0, 0, 0, 0, 0, 1, 0]",0.25,0.53,3.42,0.15,52559050.0
VNDA,4.52,1,"[0, 0, 0, 0, 0, 0, 0, 0, 1, 0]",5.15,6.51,9.56,4.32,1133480.0
RNGR,15.65,5,"[0, 0, 0, 1, 1, 1, 0, 1, 1, 0]",16.33,16.06,18.29,12.18,148960.0
AMCX,10.98,8,"[0, 1, 1, 1, 1, 1, 1, 1, 1, 0]",11.87,9.44,12.85,6.52,667115.0
SVCO,8.64,8,"[1, 1, 1, 0, 1, 1, 1, 0, 1, 1]",7.42,7.51,13.79,3.23,438540.0
CLMB,32.8,9,"[1, 1, 1, 1, 0, 1, 1, 1, 1, 1]",28.83,25.23,35.0,16.68,165335.0
API,4.12,6,"[0, 1, 0, 1, 0, 1, 0, 1, 1, 1]",4.2,4.13,5.26,3.24,131275.0
ACCO,4.37,10,"[1, 1, 1, 1, 1, 1, 1, 1, 1, 1]",4.26,3.77,4.42,2.74,638135.0
RMNI,4.11,6,"[0, 0, 1, 1, 1, 1, 1, 0, 1, 0]",4.77,4.02,5.65,2.97,367380.0
SOPH,7.38,8,"[0, 1, 1, 1, 1, 1, 1, 1, 1, 0]",7.77,5.73,8.92,3.89,732830.0
XRX,2.93,8,"[0, 1, 1, 1, 1, 1, 1, 1, 1, 0]",3.14,2.48,3.59,1.2,2462340.0
BNED,11.64,8,"[0, 1, 1, 1, 1, 1, 1, 1, 1, 0]",11.87,10.32,13.65,6.08,260435.0
DDD,3.59,10,"[1, 1, 1, 1, 1, 1, 1, 1, 1, 1]",3.37,2.7,3.88,1.77,2346260.0
DIN,29.52,3,"[0, 0, 0, 1, 0, 0, 0, 1, 1, 0]",32.07,31.5,38.06,23.55,625720.0
TG,7.03,1,"[0, 0, 0, 0, 0, 0, 0, 0, 1, 0]",7.52,8.07,10.35,6.29,188290.0
FRST,15.48,8,"[0, 1, 1, 1, 1, 1, 1, 1, 1, 0]",16.0,14.51,16.67,9.31,147740.0
EVTL,0.56,1,"[0, 0, 0, 0, 0, 0, 0, 0, 1, 0]",0.79,2.72,7.28,0.54,6144905.0
IRD,4.38,6,"[0, 0, 1, 0, 1, 1, 1, 0, 1, 1]",4.38,4.01,6.07,1.74,5130870.0
LE,10.53,1,"[0, 0, 0, 0, 0, 0, 0, 0, 1, 0]",11.47,12.95,19.15,10.07,173575.0
QUIK,11.49,5,"[0, 0, 0, 0, 1, 1, 1, 0, 1, 1]",11.7,12.41,23.74,5.49,226755.0
TLS,4.34,1,"[0, 0, 0, 0, 0, 0, 0, 0, 1, 0]",4.41,4.57,7.76,3.88,763420.0
SHIP,17.5,9,"[1, 1, 1, 1, 1, 1, 1, 1, 1, 0]",17.17,13.91,18.54,7.23,489775.0
DBI,5.94,4,"[0, 0, 0, 0, 0, 1, 1, 0, 1, 1]",5.95,6.47,8.96,3.07,819175.0
ALTO,3.75,4,"[0, 0, 0, 0, 1, 1, 1, 0, 1, 0]",4.12,4.2,5.99,1.01,1129720.0
PAYS,14.36,10,"[1, 1, 1, 1, 1, 1, 1, 1, 1, 1]",12.54,7.44,14.81,3.18,847400.0
VMD,9.33,7,"[1, 0, 0, 0, 1, 1, 1, 1, 1, 1]",9.33,9.36,12.33,6.26,272380.0
CURR,2.81,5,"[0, 0, 0, 1, 1, 1, 1, 0, 1, 0]",3.34,2.81,4.49,1.38,139305.0
MEI,15.1,9,"[0, 1, 1, 1, 1, 1, 1, 1, 1, 1]",15.23,10.93,19.36,5.0,571340.0
NAUT,1.77,4,"[1, 0, 0, 0, 0, 0, 1, 0, 1, 1]",1.03,2.07,3.95,0.85,5893325.0
DMAC,8.13,8,"[1, 1, 1, 1, 0, 0, 1, 1, 1, 1]",6.95,7.1,9.39,5.33,224345.0
CAN,0.32,4,"[1, 0, 0, 0, 0, 0, 1, 0, 1, 1]",0.31,0.45,2.05,0.17,12025540.0
NMRA,0.47,1,"[0, 0, 0, 0, 0, 0, 0, 0, 1, 0]",1.23,1.91,3.59,0.47,2128455.0
HLLY,2.32,1,"[0, 0, 0, 0, 0, 0, 0, 0, 1, 0]",2.79,3.15,4.39,2.29,1370430.0
LVWR,1.63,5,"[1, 1, 0, 0, 0, 0, 1, 0, 1, 1]",1.37,1.78,6.21,0.65,431710.0
IMRX,3.83,1,"[0, 0, 0, 0, 0, 0, 0, 0, 1, 0]",4.61,5.01,8.33,3.83,683010.0
TSSI,10.39,6,"[1, 0, 0, 0, 1, 1, 1, 0, 1, 1]",9.42,10.89,20.42,6.92,967565.0
SLP,18.5,8,"[1, 1, 1, 1, 0, 0, 1, 1, 1, 1]",18.4,16.35,20.84,11.36,246140.0
ABEO,5.01,4,"[0, 0, 0, 1, 1, 1, 0, 0, 1, 0]",5.96,5.55,7.46,4.17,1535980.0
REPL,13.25,8,"[0, 1, 1, 1, 1, 1, 1, 1, 1, 0]",13.31,8.95,15.98,1.7,2289960.0
DSX,2.83,9,"[1, 1, 1, 1, 1, 1, 1, 1, 1, 0]",2.72,2.4,3.11,1.55,1185150.0
STRZ,23.18,8,"[0, 1, 1, 1, 1, 1, 1, 1, 1, 0]",25.66,19.56,30.21,8.65,372560.0
SLN,9.83,7,"[0, 1, 1, 1, 1, 1, 1, 0, 1, 0]",12.62,8.24,15.43,4.3,947100.0
ATOM,4.46,5,"[0, 0, 0, 0, 1, 1, 1, 0, 1, 1]",4.61,5.4,12.11,1.99,436830.0
BRCC,9.44,5,"[1, 0, 0, 0, 1, 0, 1, 0, 1, 1]",9.05,10.25,17.8,6.25,100765.0
TYGO,0.87,1,"[0, 0, 0, 0, 0, 0, 0, 0, 1, 0]",1.14,2.7,5.16,0.82,892795.0
PINE,17.75,5,"[0, 0, 0, 0, 1, 1, 1, 1, 1, 0]",18.73,18.49,21.38,12.36,183555.0
AZ,5.97,1,"[0, 0, 0, 0, 0, 0, 0, 0, 1, 0]",6.2,6.4,8.6,5.12,386020.0
ZNTL,2.67,4,"[0, 0, 0, 0, 1, 1, 1, 0, 1, 0]",3.69,3.43,6.61,1.28,1385755.0
RPAY,3.83,9,"[1, 1, 1, 1, 1, 1, 1, 0, 1, 1]",3.82,3.53,5.2,2.4,407680.0
ASYS,17.76,8,"[1, 1, 1, 0, 1, 1, 1, 0, 1, 1]",15.38,16.0,23.99,7.05,277305.0
NVCT,20.03,7,"[0, 1, 1, 1, 1, 1, 1, 0, 1, 0]",21.8,13.6,28.53,5.65,216330.0
MASS,12.33,10,"[1, 1, 1, 1, 1, 1, 1, 1, 1, 1]",10.21,7.79,12.8,5.09,391625.0
FLWS,2.59,1,"[0, 0, 0, 0, 0, 0, 0, 0, 1, 0]",3.45,3.76,5.15,2.48,487670.0
RZLT,4.32,6,"[0, 1, 1, 1, 1, 0, 1, 0, 1, 0]",4.47,3.73,10.94,1.4,1853385.0
PRLD,3.81,5,"[0, 0, 0, 1, 1, 1, 1, 0, 1, 0]",4.98,3.9,6.63,1.19,516160.0
GSIT,5.58,1,"[0, 0, 0, 0, 0, 0, 0, 0, 1, 0]",5.79,6.97,12.97,4.56,489115.0
ZIP,3.68,6,"[0, 1, 1, 1, 1, 0, 1, 0, 1, 0]",4.16,3.3,5.49,1.69,680465.0
EDIT,2.73,5,"[0, 0, 1, 0, 1, 1, 1, 0, 1, 0]",2.84,2.64,4.15,1.66,3255375.0
RILY,4.97,4,"[0, 0, 0, 0, 1, 1, 1, 0, 1, 0]",6.58,7.42,10.68,3.72,670795.0
CXDO,5.96,3,"[0, 0, 0, 0, 1, 0, 0, 0, 1, 1]",6.21,6.97,10.47,5.6,279235.0
PALI,1.49,2,"[0, 0, 0, 0, 1, 0, 0, 0, 1, 0]",1.9,1.91,2.8,1.35,3957610.0
BKKT,7.35,1,"[0, 0, 0, 0, 0, 0, 0, 0, 1, 0]",7.86,9.55,45.04,6.85,1339865.0
SMWB,8.03,8,"[0, 1, 1, 1, 1, 1, 1, 1, 1, 0]",8.19,5.36,9.29,2.33,534530.0
SY,2.57,6,"[1, 1, 1, 1, 0, 0, 1, 0, 1, 0]",2.47,2.55,4.47,1.32,382925.0
VFF,2.79,6,"[1, 1, 1, 1, 0, 0, 1, 0, 1, 0]",2.67,2.78,4.18,1.84,740775.0
ELDN,2.45,4,"[0, 0, 0, 0, 1, 1, 1, 0, 1, 0]",3.1,3.04,4.36,1.39,821815.0
FNKO,6.11,10,"[1, 1, 1, 1, 1, 1, 1, 1, 1, 1]",5.88,4.83,7.1,2.81,1043115.0
VLN,1.88,7,"[1, 0, 1, 0, 1, 1, 1, 0, 1, 1]",1.75,1.85,3.53,1.11,572920.0
SGHT,8.56,9,"[1, 1, 1, 1, 0, 1, 1, 1, 1, 1]",7.94,5.9,9.36,3.2,307440.0
SHMD,4.43,4,"[1, 0, 0, 0, 0, 0, 1, 0, 1, 1]",4.08,5.92,10.42,2.5,1547350.0
OPTX,9.82,8,"[1, 1, 1, 0, 1, 1, 1, 0, 1, 1]",7.77,7.8,14.11,1.25,439870.0
ACIU,2.52,1,"[0, 0, 0, 0, 0, 0, 0, 0, 1, 0]",2.61,2.81,3.84,2.12,193200.0
MBI,4.45,1,"[0, 0, 0, 0, 0, 0, 0, 0, 1, 0]",4.79,5.9,7.72,4.26,434955.0
TARA,2.56,1,"[0, 0, 0, 0, 0, 0, 0, 0, 1, 0]",3.72,4.82,7.56,2.56,1703235.0
PDYN,5.36,2,"[0, 0, 0, 0, 0, 1, 0, 0, 1, 0]",5.72,6.23,10.3,4.15,882375.0
CCCC,2.88,5,"[0, 0, 0, 1, 1, 1, 1, 0, 1, 0]",3.61,3.12,4.67,1.71,2066910.0
NUCL,6.29,3,"[0, 0, 0, 0, 1, 0, 1, 0, 1, 0]",6.7,6.29,13.21,4.82,260950.0
DEFT,0.52,2,"[0, 0, 0, 0, 0, 0, 1, 0, 1, 0]",0.53,0.66,2.23,0.39,2612140.0
USAU,14.3,1,"[0, 0, 0, 0, 0, 0, 0, 0, 1, 0]",15.18,16.4,22.6,12.65,150825.0
FATE,2.29,7,"[0, 1, 1, 1, 1, 1, 1, 0, 1, 0]",2.47,1.86,3.11,0.96,1609010.0
CGEN,2.22,5,"[0, 0, 0, 1, 1, 1, 1, 0, 1, 0]",2.45,2.26,3.1,1.47,175590.0
ALXO,1.11,3,"[0, 0, 0, 0, 1, 1, 0, 0, 1, 0]",1.82,1.84,2.6,1.08,1384130.0
ACH,0.47,2,"[0, 0, 0, 0, 1, 0, 0, 0, 1, 0]",1.38,2.44,5.51,0.45,1539515.0
CNDT,1.62,5,"[0, 1, 1, 1, 0, 0, 1, 0, 1, 0]",1.64,1.58,2.77,1.16,1158245.0
AIRS,1.86,2,"[0, 0, 0, 0, 1, 0, 0, 0, 1, 0]",2.89,3.18,11.65,1.58,906580.0
IKT,1.98,7,"[0, 0, 1, 1, 1, 1, 1, 1, 1, 0]",2.31,1.95,2.52,1.41,590850.0
PRE,20.4,8,"[0, 1, 1, 1, 1, 1, 1, 1, 1, 0]",21.84,19.33,26.25,11.79,182550.0
CHRS,1.03,1,"[0, 0, 0, 0, 0, 0, 0, 0, 1, 0]",1.31,1.57,2.51,1.03,1604070.0
ARTV,7.27,5,"[0, 0, 0, 1, 1, 1, 1, 0, 1, 0]",10.01,7.9,13.39,2.74,547380.0
SIDU,1.74,4,"[0, 0, 0, 0, 1, 1, 1, 0, 1, 0]",2.11,2.83,6.2,0.63,3884570.0
TRDA,5.42,1,"[0, 0, 0, 0, 0, 0, 0, 0, 1, 0]",6.85,9.27,16.03,5.38,338655.0
LAW,4.2,5,"[0, 1, 0, 1, 0, 0, 1, 0, 1, 1]",4.22,4.48,8.91,2.76,174730.0
OPRT,8.32,10,"[1, 1, 1, 1, 1, 1, 1, 1, 1, 1]",7.56,5.86,8.55,4.13,720210.0
JACK,12.28,3,"[0, 0, 0, 1, 0, 0, 1, 0, 1, 0]",15.49,15.34,23.52,9.4,526275.0
ARCT,13.0,8,"[1, 1, 1, 1, 1, 1, 1, 0, 1, 0]",12.11,8.57,23.16,5.53,843980.0
FOSL,7.06,10,"[1, 1, 1, 1, 1, 1, 1, 1, 1, 1]",5.56,4.55,7.22,1.79,899700.0
INSG,4.73,3,"[0, 0, 0, 0, 0, 0, 1, 0, 1, 1]",4.76,9.97,20.29,3.61,369295.0
FHTX,1.97,2,"[0, 0, 0, 1, 0, 0, 0, 0, 1, 0]",4.99,5.02,7.07,1.97,1261675.0
CDXS,1.36,3,"[0, 0, 0, 0, 1, 0, 1, 0, 1, 0]",1.47,1.85,2.85,0.98,806435.0
VUZI,2.93,7,"[1, 1, 1, 0, 0, 1, 1, 0, 1, 1]",2.68,2.85,5.14,2.03,930845.0
NXDT,5.18,9,"[1, 1, 1, 1, 1, 1, 1, 1, 1, 0]",5.15,4.73,5.75,2.38,159305.0
SILC,61.65,10,"[1, 1, 1, 1, 1, 1, 1, 1, 1, 1]",45.42,33.25,61.65,13.5,152625.0
RNAC,6.75,4,"[0, 0, 0, 1, 1, 1, 0, 0, 1, 0]",8.49,7.71,10.59,5.84,148735.0
NBP,1.4,1,"[0, 0, 0, 0, 0, 0, 0, 0, 1, 0]",1.68,2.43,6.56,1.34,635210.0
XPOF,4.83,3,"[0, 0, 0, 0, 0, 0, 1, 0, 1, 1]",4.94,6.37,9.0,3.65,922925.0
PROF,6.08,2,"[0, 0, 0, 1, 0, 0, 0, 0, 1, 0]",6.63,6.82,8.65,5.06,150165.0
NVA,5.66,3,"[1, 0, 0, 0, 0, 0, 1, 0, 1, 0]",5.51,6.32,14.37,4.28,606440.0
CANG,3.02,4,"[1, 0, 0, 0, 0, 0, 1, 0, 1, 1]",2.04,5.5,23.4,1.4,721955.0
LTRX,7.33,8,"[1, 1, 1, 0, 0, 1, 1, 1, 1, 1]",5.95,6.09,8.45,4.48,1247675.0
VYGR,2.46,1,"[0, 0, 0, 0, 0, 0, 0, 0, 1, 0]",3.13,3.64,5.33,2.45,625230.0
DUOT,9.23,4,"[1, 0, 0, 0, 0, 0, 1, 0, 1, 1]",9.1,9.37,14.64,6.3,615365.0
AIRJ,3.82,5,"[0, 0, 0, 1, 1, 1, 1, 0, 1, 0]",4.72,3.97,6.59,2.51,845295.0
EAF,9.4,7,"[1, 1, 1, 1, 0, 0, 1, 0, 1, 1]",7.78,9.08,19.82,5.23,737880.0
OSG,4.62,1,"[0, 0, 0, 0, 0, 0, 0, 0, 1, 0]",4.75,5.46,10.08,3.94,484380.0
OABI,4.35,10,"[1, 1, 1, 1, 1, 1, 1, 1, 1, 1]",3.97,2.44,5.04,1.36,1332335.0
SPCE,3.07,7,"[1, 1, 1, 1, 1, 0, 1, 0, 1, 0]",3.02,2.98,7.52,2.17,5674435.0
POWW,2.16,9,"[0, 1, 1, 1, 1, 1, 1, 1, 1, 1]",2.21,2.06,2.56,1.45,544710.0
OBIO,5.84,10,"[1, 1, 1, 1, 1, 1, 1, 1, 1, 1]",5.24,4.41,6.35,2.73,370325.0
ALTG,6.74,9,"[1, 1, 1, 0, 1, 1, 1, 1, 1, 1]",6.4,6.4,8.3,4.19,225365.0
HUMA,0.48,1,"[0, 0, 0, 0, 0, 0, 0, 0, 1, 0]",0.61,0.87,1.81,0.48,3910000.0
LOVE,14.76,6,"[0, 0, 0, 1, 1, 1, 1, 1, 1, 0]",15.9,15.15,18.7,10.54,326255.0
ALEC,1.81,4,"[0, 0, 0, 0, 1, 1, 1, 0, 1, 0]",2.03,2.0,3.31,1.14,6308240.0
UIS,2.31,2,"[0, 0, 0, 0, 1, 0, 0, 0, 1, 0]",2.64,2.86,4.78,2.0,623160.0
LFMD,2.73,2,"[0, 0, 0, 0, 1, 0, 0, 0, 1, 0]",3.24,3.78,6.64,2.64,856220.0
BZAI,0.29,1,"[0, 0, 0, 0, 0, 0, 0, 0, 1, 0]",0.63,1.35,6.29,0.29,3483790.0
HRTX,0.33,1,"[0, 0, 0, 0, 0, 0, 0, 0, 1, 0]",0.35,0.79,1.49,0.27,2452290.0
GPRO,1.32,6,"[1, 1, 1, 1, 0, 0, 1, 0, 1, 0]",1.01,1.02,2.35,0.57,19158655.0
CRNT,2.13,5,"[1, 0, 0, 0, 1, 1, 0, 0, 1, 1]",2.12,2.33,3.2,1.89,317270.0
NKTX,2.31,4,"[0, 0, 0, 0, 1, 1, 1, 0, 1, 0]",2.6,2.54,3.67,1.73,586620.0
AREC,1.7,1,"[0, 0, 0, 0, 0, 0, 0, 0, 1, 0]",2.23,2.47,6.71,1.55,1516920.0
MIST,0.76,1,"[0, 0, 0, 0, 0, 0, 0, 0, 1, 0]",1.03,1.49,2.95,0.76,1372785.0
IMPP,5.2,9,"[1, 1, 1, 1, 1, 1, 1, 1, 1, 0]",5.13,4.61,6.35,3.22,587780.0
RELL,19.05,10,"[1, 1, 1, 1, 1, 1, 1, 1, 1, 1]",18.1,14.93,21.76,9.31,116910.0
OSUR,3.77,9,"[0, 1, 1, 1, 1, 1, 1, 1, 1, 1]",3.78,3.39,4.5,2.11,659415.0
CNTX,0.32,1,"[0, 0, 0, 0, 0, 0, 0, 0, 1, 0]",0.43,1.56,3.36,0.3,1100425.0
MVIS,1.58,1,"[0, 0, 0, 0, 0, 0, 0, 0, 1, 0]",2.21,7.66,21.3,1.46,1369535.0
AMPY,4.48,1,"[0, 0, 0, 0, 0, 0, 0, 0, 1, 0]",4.5,4.94,6.63,3.67,524830.0
TNYA,0.55,2,"[0, 0, 0, 0, 1, 0, 0, 0, 1, 0]",0.68,0.74,2.1,0.55,2876300.0
SMRT,1.2,1,"[0, 0, 0, 0, 0, 0, 0, 0, 1, 0]",1.26,1.41,2.12,0.95,750850.0
SRI,6.5,4,"[0, 0, 0, 1, 0, 1, 1, 0, 1, 0]",7.08,6.89,9.17,4.72,167315.0
FF,5.16,8,"[0, 1, 1, 1, 1, 1, 1, 1, 1, 0]",5.3,4.35,6.36,2.99,317455.0
ANNA,2.73,2,"[0, 0, 0, 0, 1, 0, 0, 0, 1, 0]",2.84,3.39,10.24,2.31,227830.0
INSE,3.97,1,"[0, 0, 0, 0, 0, 0, 0, 0, 1, 0]",5.49,7.25,9.82,3.29,420175.0
SND,5.32,9,"[1, 1, 1, 1, 1, 1, 1, 1, 1, 0]",4.95,4.66,5.7,1.92,264105.0
SABS,2.93,2,"[0, 0, 0, 0, 0, 0, 1, 0, 1, 0]",3.57,3.77,4.59,2.17,684845.0
SHIM,3.18,4,"[0, 0, 0, 0, 1, 1, 1, 0, 1, 0]",3.64,3.84,6.67,2.05,139750.0
SLNH,1.05,2,"[0, 0, 0, 0, 0, 0, 1, 0, 1, 0]",1.19,1.24,4.42,0.61,6665365.0
DMRC,6.18,5,"[1, 0, 0, 0, 1, 0, 1, 0, 1, 1]",6.08,7.05,16.43,4.36,197925.0
PLBY,1.04,1,"[0, 0, 0, 0, 0, 0, 0, 0, 1, 0]",1.15,1.51,2.71,1.01,558215.0
TONX,3.58,9,"[1, 1, 1, 1, 1, 1, 1, 0, 1, 1]",3.23,2.89,6.38,1.8,301765.0
TKNO,8.75,10,"[1, 1, 1, 1, 1, 1, 1, 1, 1, 1]",7.28,4.58,9.33,1.99,299000.0
KLTR,1.28,2,"[0, 0, 0, 1, 0, 0, 0, 0, 1, 0]",1.48,1.42,1.89,1.08,223800.0
EGAN,5.29,2,"[0, 0, 0, 0, 0, 0, 0, 0, 1, 1]",6.5,7.9,15.46,5.11,346725.0
PESI,15.47,7,"[0, 1, 1, 1, 0, 1, 1, 1, 1, 0]",17.31,13.92,19.43,8.61,331805.0
TENX,1.93,2,"[0, 0, 0, 0, 0, 0, 1, 0, 1, 0]",4.09,11.09,18.32,1.38,3054700.0
ONEW,9.72,2,"[0, 0, 0, 1, 0, 0, 0, 0, 1, 0]",11.25,11.27,16.96,8.35,109685.0
UNCY,4.23,1,"[0, 0, 0, 0, 0, 0, 0, 0, 1, 0]",5.05,6.29,8.56,4.19,953300.0
DPRO,5.0,2,"[0, 0, 0, 0, 0, 0, 1, 0, 1, 0]",5.03,6.06,13.77,3.8,1246145.0
DTIL,6.2,5,"[0, 0, 0, 1, 1, 1, 1, 0, 1, 0]",7.24,6.33,9.28,3.57,264970.0
VERI,0.75,1,"[0, 0, 0, 0, 0, 0, 0, 0, 1, 0]",1.05,2.21,8.39,0.73,5418005.0
SLQT,0.38,1,"[0, 0, 0, 0, 0, 0, 0, 0, 1, 0]",0.58,0.88,2.13,0.38,1030565.0
QSI,1.22,6,"[1, 1, 1, 0, 0, 0, 1, 0, 1, 1]",0.83,0.95,2.63,0.7,6975680.0
KPTI,0.65,1,"[0, 0, 0, 0, 0, 0, 0, 0, 1, 0]",2.04,6.66,10.67,0.65,1639320.0
CRBP,5.78,2,"[0, 0, 0, 0, 1, 0, 0, 0, 1, 0]",9.0,8.95,19.36,5.78,1404320.0
DGXX,3.63,4,"[0, 0, 0, 0, 1, 1, 1, 0, 1, 0]",3.88,3.97,8.46,1.89,2461935.0
KRMD,3.0,1,"[0, 0, 0, 0, 0, 0, 0, 0, 1, 0]",3.35,4.27,6.52,2.93,283910.0
CRBU,1.13,2,"[0, 0, 0, 0, 1, 0, 0, 0, 1, 0]",1.47,1.73,2.84,1.13,1374545.0
BHR,1.52,1,"[0, 0, 0, 0, 0, 0, 0, 0, 1, 0]",1.93,2.39,3.14,1.52,516825.0
INGN,5.77,3,"[1, 0, 0, 0, 0, 0, 0, 0, 1, 1]",5.66,6.24,8.95,5.09,406005.0
MGNX,3.64,6,"[0, 0, 1, 1, 1, 1, 1, 0, 1, 0]",4.0,3.29,4.86,1.33,608270.0
ATLX,2.49,1,"[0, 0, 0, 0, 0, 0, 0, 0, 1, 0]",2.97,4.14,7.45,2.41,273380.0
TLSA,1.11,4,"[1, 0, 0, 0, 0, 0, 1, 0, 1, 1]",1.01,1.26,2.29,0.77,660790.0
IFRX,1.58,5,"[0, 0, 0, 1, 1, 1, 1, 0, 1, 0]",1.99,1.59,2.74,0.82,510050.0
ELTX,1.88,1,"[0, 0, 0, 0, 0, 0, 0, 0, 1, 0]",2.52,7.34,14.85,1.77,354830.0
CVGI,2.95,4,"[0, 0, 0, 0, 1, 1, 1, 0, 1, 0]",3.28,3.4,5.78,1.34,243905.0
ABOS,2.03,5,"[0, 0, 0, 1, 1, 1, 1, 0, 1, 0]",2.6,2.51,3.37,1.55,585270.0
DOUG,1.5,1,"[0, 0, 0, 0, 0, 0, 0, 0, 1, 0]",1.76,1.98,2.85,1.5,597175.0
AMTX,1.79,5,"[0, 0, 0, 0, 1, 1, 1, 0, 1, 1]",1.81,1.98,3.66,1.32,870280.0
SKYX,1.13,1,"[0, 0, 0, 0, 0, 0, 0, 0, 1, 0]",1.21,1.49,3.13,0.95,767425.0
CVRX,1.62,1,"[0, 0, 0, 0, 0, 0, 0, 0, 1, 0]",3.15,5.83,10.81,1.53,788005.0
LFCR,6.45,6,"[1, 1, 1, 0, 0, 0, 1, 0, 1, 1]",4.75,5.65,8.82,3.66,545475.0
EPSN,5.97,9,"[1, 1, 1, 1, 1, 1, 1, 1, 1, 0]",5.84,5.47,6.35,4.11,141110.0
ADAG,2.93,4,"[0, 0, 0, 0, 1, 1, 1, 0, 1, 0]",3.54,3.36,4.78,1.4,291760.0
KRRO,9.76,4,"[0, 0, 0, 0, 1, 1, 1, 0, 1, 0]",11.9,11.71,51.36,5.28,212065.0
PYXS,2.02,4,"[0, 0, 0, 1, 1, 0, 1, 0, 1, 0]",3.13,2.12,5.34,1.06,1424220.0
BDTX,1.8,1,"[0, 0, 0, 0, 0, 0, 0, 0, 1, 0]",1.98,2.26,4.87,1.61,613650.0
CNTN,2.34,3,"[1, 0, 0, 0, 0, 0, 0, 0, 1, 1]",2.16,3.05,5.48,1.85,881735.0
TBI,8.97,8,"[0, 1, 1, 1, 1, 1, 1, 1, 1, 0]",9.54,6.4,10.85,3.31,288915.0
THRY,1.38,1,"[0, 0, 0, 0, 0, 0, 0, 0, 1, 0]",2.16,3.48,12.46,1.38,705215.0
HYPR,0.87,4,"[1, 0, 0, 0, 1, 0, 0, 0, 1, 1]",0.86,1.15,2.2,0.77,549230.0
ORMP,4.38,8,"[0, 1, 1, 1, 1, 1, 1, 1, 1, 0]",4.64,3.92,5.34,2.04,181005.0
RFIL,8.66,4,"[0, 0, 0, 0, 1, 1, 1, 0, 1, 0]",10.47,12.36,21.5,5.65,337285.0
MX,3.43,6,"[1, 0, 0, 0, 1, 1, 1, 0, 1, 1]",3.33,3.67,8.93,2.27,1711175.0
OWLT,4.89,1,"[0, 0, 0, 0, 0, 0, 0, 0, 1, 0]",5.2,7.36,16.52,4.44,192305.0
KZIA,9.26,4,"[0, 0, 0, 1, 1, 0, 1, 0, 1, 0]",12.02,10.47,16.9,5.0,285010.0
ONL,2.33,5,"[0, 0, 0, 1, 1, 1, 0, 1, 1, 0]",2.64,2.52,2.96,1.84,237100.0
IMDX,3.38,2,"[0, 0, 0, 0, 0, 0, 1, 0, 1, 0]",4.16,5.06,8.48,2.55,332065.0
ANTX,5.07,8,"[0, 1, 1, 1, 1, 1, 1, 1, 1, 0]",5.54,3.82,6.28,1.03,269685.0
IMUX,7.82,5,"[0, 0, 0, 1, 1, 1, 1, 0, 1, 0]",12.96,11.37,16.9,5.1,435920.0
DIBS,4.12,2,"[0, 0, 0, 0, 0, 0, 1, 0, 1, 0]",4.42,4.97,6.43,2.55,119660.0
CURV,2.49,9,"[1, 1, 1, 1, 1, 1, 1, 1, 1, 0]",2.35,1.74,2.75,0.97,220285.0
APYX,2.55,1,"[0, 0, 0, 0, 0, 0, 0, 0, 1, 0]",3.15,3.7,4.86,2.45,157135.0
RGP,3.69,2,"[0, 0, 0, 1, 0, 0, 0, 0, 1, 0]",4.07,4.11,5.02,3.36,356210.0
CHPT,8.67,8,"[1, 1, 1, 1, 1, 1, 1, 0, 1, 0]",7.41,6.58,12.34,4.51,1450380.0
BOOM,5.98,2,"[0, 0, 0, 1, 0, 0, 0, 0, 1, 0]",6.61,6.66,8.97,4.73,111220.0
WATT,12.63,5,"[0, 0, 0, 0, 1, 1, 1, 0, 1, 1]",13.25,15.91,35.33,3.76,148665.0
DHX,4.74,10,"[1, 1, 1, 1, 1, 1, 1, 1, 1, 1]",4.4,3.22,4.99,1.5,254335.0
HURA,1.95,5,"[0, 0, 1, 0, 1, 1, 1, 0, 1, 0]",2.11,1.87,3.15,0.44,215635.0
BZUN,3.47,9,"[1, 1, 1, 1, 0, 1, 1, 1, 1, 1]",2.91,2.72,3.81,2.1,226005.0
IDN,2.31,1,"[0, 0, 0, 0, 0, 0, 0, 0, 1, 0]",2.91,4.9,8.99,2.26,235040.0
SPRO,1.19,1,"[0, 0, 0, 0, 0, 0, 0, 0, 1, 0]",1.2,2.1,2.98,1.11,893420.0
NNBR,4.04,10,"[1, 1, 1, 1, 1, 1, 1, 1, 1, 1]",3.63,2.5,4.51,1.14,2888120.0
CRDL,1.31,6,"[0, 0, 1, 1, 1, 1, 1, 0, 1, 0]",1.74,1.29,2.29,0.93,1579145.0
AGEN,7.49,9,"[0, 1, 1, 1, 1, 1, 1, 1, 1, 1]",7.8,4.64,9.93,2.77,1177585.0
JELD,1.82,4,"[0, 1, 0, 1, 0, 0, 1, 0, 1, 0]",1.94,1.85,4.85,0.95,1639845.0
VWAV,5.04,2,"[0, 0, 0, 0, 0, 0, 1, 0, 1, 0]",16.81,109.1,283.6,0.38,1451171.5
RDZN,1.22,1,"[0, 0, 0, 0, 0, 0, 0, 0, 1, 0]",1.31,1.49,2.41,1.05,409760.0
MBOT,1.07,1,"[0, 0, 0, 0, 0, 0, 0, 0, 1, 0]",1.49,1.95,3.29,1.07,660065.0
QMCO,33.47,10,"[1, 1, 1, 1, 1, 1, 1, 1, 1, 1]",22.7,11.76,34.5,4.31,1869720.0
MED,11.51,7,"[0, 1, 1, 1, 1, 1, 0, 1, 1, 0]",11.75,11.25,14.03,9.45,114230.0
GNLX,2.54,1,"[0, 0, 0, 0, 0, 0, 0, 0, 1, 0]",2.63,2.82,8.24,2.3,227105.0
EMPD,3.18,3,"[1, 0, 0, 0, 0, 0, 0, 0, 1, 1]",2.99,3.97,8.0,2.52,199490.0
GALT,3.76,6,"[1, 1, 1, 1, 0, 0, 1, 0, 1, 0]",3.73,3.24,6.51,2.08,289980.0
BNC,5.85,7,"[1, 1, 1, 1, 0, 0, 1, 0, 1, 1]",3.96,3.73,11.37,1.99,2124005.0
SPWR,0.3,3,"[1, 0, 0, 0, 0, 0, 1, 0, 1, 0]",0.29,0.97,2.11,0.22,2978015.0
NTHI,2.99,1,"[0, 0, 0, 0, 0, 0, 0, 0, 1, 0]",3.85,5.99,12.09,2.92,204965.0
CODA,10.86,5,"[1, 0, 0, 0, 0, 1, 1, 0, 1, 1]",10.41,11.23,16.76,7.99,124290.0
SRFM,1.01,4,"[1, 0, 0, 0, 0, 0, 1, 0, 1, 1]",0.77,1.34,5.45,0.47,9558595.0
EQ,1.42,4,"[0, 0, 0, 0, 1, 1, 1, 0, 1, 0]",2.09,2.08,3.2,0.84,771585.0
TTEC,1.35,2,"[0, 0, 0, 0, 0, 0, 0, 0, 1, 1]",1.59,2.43,3.88,1.21,411035.0
DFDV,4.98,6,"[1, 1, 1, 1, 0, 0, 1, 0, 1, 0]",4.45,4.28,17.91,2.47,2523870.0
BNAI,5.71,4,"[0, 0, 0, 0, 1, 1, 1, 0, 1, 0]",10.7,20.37,63.0,1.2,157045.0
TMCI,4.0,7,"[0, 1, 1, 1, 1, 1, 1, 0, 1, 0]",4.54,3.09,6.95,1.2,231650.0
CHGG,0.71,3,"[0, 0, 0, 0, 1, 0, 1, 0, 1, 0]",0.81,0.88,1.55,0.45,711375.0
HSDT,2.66,7,"[1, 1, 1, 1, 0, 0, 1, 0, 1, 1]",2.2,2.17,18.16,1.27,598695.0
SAFX,0.3,3,"[0, 0, 0, 0, 1, 0, 1, 0, 1, 0]",0.39,0.37,1.22,0.14,4297575.0
AIFC,0.45,1,"[0, 0, 0, 0, 0, 0, 0, 0, 1, 0]",0.5,0.98,2.89,0.37,679565.0
SUIG,1.6,6,"[1, 1, 1, 0, 0, 0, 1, 0, 1, 1]",1.1,1.36,4.29,0.81,1119580.0
INVE,2.42,1,"[0, 0, 0, 0, 0, 0, 0, 0, 1, 0]",2.63,3.34,5.29,2.35,140210.0
GCTS,2.12,9,"[1, 1, 1, 1, 1, 1, 1, 0, 1, 1]",2.02,1.78,3.73,0.99,1469750.0
FFAI,1.15,1,"[0, 0, 0, 0, 0, 0, 0, 0, 1, 0]",2.72,57.13,232.5,1.15,4145260.0
PEPG,2.31,3,"[0, 0, 0, 1, 0, 0, 1, 0, 1, 0]",2.74,3.35,7.17,1.35,838060.0
BLNK,0.51,1,"[0, 0, 0, 0, 0, 0, 0, 0, 1, 0]",0.56,0.66,2.37,0.47,971650.0
GUTS,4.57,1,"[0, 0, 0, 0, 0, 0, 0, 0, 1, 0]",7.59,10.0,28.44,4.56,168586.2
INO,1.13,3,"[1, 0, 0, 0, 0, 0, 1, 0, 1, 0]",1.12,1.34,2.65,0.66,2658675.0
RANI,0.83,3,"[1, 0, 0, 0, 0, 0, 1, 0, 1, 0]",0.82,1.0,2.85,0.46,565550.0
CMTL,1.25,1,"[0, 0, 0, 0, 0, 0, 0, 0, 1, 0]",1.59,3.52,5.98,1.25,243340.0
VRA,5.08,10,"[1, 1, 1, 1, 1, 1, 1, 1, 1, 1]",3.65,3.37,5.11,1.8,1066970.0
STIM,2.21,7,"[0, 1, 1, 1, 1, 1, 1, 0, 1, 0]",2.7,1.83,3.3,1.18,1282580.0
CUE,23.14,6,"[0, 0, 1, 1, 1, 1, 1, 0, 1, 0]",28.39,20.22,37.84,5.31,454460.0
ARQ,2.05,1,"[0, 0, 0, 0, 0, 0, 0, 0, 1, 0]",2.11,2.62,7.21,1.64,200660.0
HCAT,1.77,5,"[0, 1, 0, 1, 0, 0, 1, 0, 1, 1]",1.8,1.78,3.46,1.0,425180.0
BMEA,1.25,5,"[0, 0, 0, 1, 1, 1, 1, 0, 1, 0]",1.5,1.41,2.21,0.96,2043505.0
CBUS,1.57,3,"[0, 0, 0, 0, 0, 1, 1, 0, 1, 0]",1.69,1.89,4.05,1.16,139175.0
HOVR,1.6,3,"[0, 0, 0, 0, 0, 1, 1, 0, 1, 0]",1.76,1.91,3.91,1.2,416590.0
CGTX,0.94,2,"[0, 0, 0, 0, 0, 0, 1, 0, 1, 0]",0.99,1.13,1.95,0.6,432455.0
FLL,1.36,1,"[0, 0, 0, 0, 0, 0, 0, 0, 1, 0]",2.0,2.4,3.32,1.36,210380.0
CYPH,3.26,10,"[1, 1, 1, 1, 1, 1, 1, 1, 1, 1]",1.95,1.12,4.12,0.41,19516870.0
DTI,2.41,1,"[0, 0, 0, 0, 0, 0, 0, 0, 1, 0]",2.46,2.95,4.49,1.93,173670.0
BTCS,1.46,5,"[1, 1, 0, 0, 0, 0, 1, 0, 1, 1]",1.32,1.68,5.96,0.98,1778220.0
ZVIA,1.2,1,"[0, 0, 0, 0, 0, 0, 0, 0, 1, 0]",1.38,1.51,2.71,1.13,442195.0
ALDX,0.92,1,"[0, 0, 0, 0, 0, 0, 0, 0, 1, 0]",1.44,2.63,5.67,0.92,1805385.0
EXFY,2.23,8,"[0, 1, 1, 1, 1, 1, 1, 1, 1, 0]",2.29,1.51,2.72,0.75,561905.0
ONCY,0.6,1,"[0, 0, 0, 0, 0, 0, 0, 0, 1, 0]",0.78,0.91,1.35,0.6,1181900.0
TEAD,0.56,4,"[0, 0, 0, 0, 1, 0, 1, 0, 1, 1]",0.58,0.77,1.72,0.43,2301870.0
NRXP,2.94,5,"[0, 0, 0, 1, 1, 1, 1, 0, 1, 0]",3.3,2.95,4.62,1.68,694335.0
OCCI,2.13,1,"[0, 0, 0, 0, 0, 0, 0, 0, 1, 0]",2.42,2.89,4.29,2.13,168811.75
SEAT,3.07,2,"[0, 0, 0, 0, 1, 0, 0, 0, 1, 0]",5.84,6.77,14.92,3.07,102040.0
ARBE,0.6,1,"[0, 0, 0, 0, 0, 0, 0, 0, 1, 0]",0.69,0.87,2.69,0.56,2132655.0
TLYS,4.42,10,"[1, 1, 1, 1, 1, 1, 1, 1, 1, 1]",4.15,3.5,5.45,1.18,425120.0
UPXI,1.14,5,"[1, 1, 0, 0, 0, 0, 1, 0, 1, 1]",1.0,1.18,7.17,0.56,4462770.0
LGO,0.47,1,"[0, 0, 0, 0, 0, 0, 0, 0, 1, 0]",0.66,1.0,2.52,0.47,1043615.0
BAER,0.6,1,"[0, 0, 0, 0, 0, 0, 0, 0, 1, 0]",1.16,1.9,3.27,0.6,821045.0
SEV,1.66,1,"[0, 0, 0, 0, 0, 0, 0, 0, 1, 0]",2.1,2.53,10.84,1.41,313380.0
FRMM,4.85,6,"[0, 1, 1, 1, 1, 0, 1, 0, 1, 0]",5.34,4.64,23.3,1.79,113600.0
ATYR,0.28,1,"[0, 0, 0, 0, 0, 0, 0, 0, 1, 0]",0.45,0.65,1.06,0.28,8394750.0
OCC,16.73,9,"[1, 1, 1, 1, 1, 1, 1, 0, 1, 1]",14.79,11.44,26.92,4.16,260910.0
QTTB,8.11,5,"[0, 0, 0, 1, 1, 1, 1, 0, 1, 0]",13.05,8.78,21.38,1.93,1186780.0
STEX,0.52,1,"[0, 0, 0, 0, 0, 0, 0, 0, 1, 0]",0.73,1.51,6.21,0.52,1161645.0
LIDR,1.07,1,"[0, 0, 0, 0, 0, 0, 0, 0, 1, 0]",1.23,1.64,3.35,1.02,585910.0
VHUB,0.42,2,"[0, 0, 0, 0, 1, 0, 0, 0, 1, 0]",0.7,0.42,8.08,0.42,334390.0
MXCT,1.09,5,"[0, 1, 1, 1, 0, 0, 1, 0, 1, 0]",1.21,1.08,1.83,0.68,340800.0
AVD,1.71,1,"[0, 0, 0, 0, 0, 0, 0, 0, 1, 0]",2.18,3.11,5.41,1.71,299715.0
NAMM,1.2,2,"[0, 0, 0, 0, 0, 0, 1, 0, 1, 0]",1.33,1.94,6.4,0.92,2281805.0
CLNN,3.87,3,"[0, 0, 0, 0, 1, 0, 0, 0, 1, 1]",4.32,5.39,12.5,3.28,140280.0
BTMD,1.14,1,"[0, 0, 0, 0, 0, 0, 0, 0, 1, 0]",1.53,1.96,3.19,1.12,139740.0
GRWG,1.55,6,"[0, 1, 1, 1, 1, 0, 1, 0, 1, 0]",1.6,1.42,2.2,1.04,266650.0
DTCX,1.82,1,"[0, 0, 0, 0, 0, 0, 0, 0, 1, 0]",2.05,2.22,5.33,1.63,161225.0
PN,2.44,2,"[0, 0, 0, 0, 0, 0, 0, 0, 1, 1]",4.07,6.91,23.67,2.02,193565.0
TCRX,0.28,1,"[0, 0, 0, 0, 0, 0, 0, 0, 1, 0]",0.56,0.93,2.52,0.28,740660.0
DOMH,2.02,1,"[0, 0, 0, 0, 0, 0, 0, 0, 1, 0]",2.41,2.97,5.47,1.94,295660.0
STEM,4.77,1,"[0, 0, 0, 0, 0, 0, 0, 0, 1, 0]",5.19,9.59,29.79,3.82,188565.0
ANVS,1.18,1,"[0, 0, 0, 0, 0, 0, 0, 0, 1, 0]",1.53,2.15,5.1,1.04,1046000.0
ZSQR,4.36,4,"[1, 0, 0, 0, 0, 0, 1, 0, 1, 1]",3.72,9.86,18.8,2.29,481715.0
ACRV,1.86,5,"[0, 1, 1, 1, 0, 0, 1, 0, 1, 0]",1.94,1.81,3.01,1.29,335040.0
PMVP,1.61,10,"[1, 1, 1, 1, 1, 1, 1, 1, 1, 1]",1.33,1.29,1.8,1.02,962765.0
MDAI,1.66,6,"[1, 0, 0, 0, 1, 1, 1, 0, 1, 1]",1.62,1.7,2.68,1.2,131440.0
SCYX,4.84,2,"[0, 0, 0, 0, 0, 0, 1, 0, 1, 0]",4.9,5.64,8.88,3.57,536180.0
CPSH,3.68,3,"[0, 0, 0, 0, 1, 1, 0, 0, 1, 0]",3.97,4.73,11.59,3.04,164630.0
OMEX,0.68,1,"[0, 0, 0, 0, 0, 0, 0, 0, 1, 0]",0.78,1.19,4.12,0.6,244385.0
FTCI,1.97,1,"[0, 0, 0, 0, 0, 0, 0, 0, 1, 0]",2.4,5.49,12.5,1.94,481170.0
PDSB,1.04,6,"[1, 1, 1, 0, 0, 0, 1, 0, 1, 1]",0.53,0.8,1.43,0.2,45904680.0
FLD,0.57,4,"[1, 0, 0, 0, 0, 0, 1, 0, 1, 1]",0.51,1.15,4.11,0.38,129690.0
RRGB,8.36,9,"[1, 1, 1, 1, 1, 1, 1, 1, 1, 0]",8.34,5.43,10.59,2.59,252175.0
XTIA,0.72,2,"[0, 0, 0, 0, 1, 0, 0, 0, 1, 0]",1.21,1.7,3.06,0.72,759805.0
KLXE,1.36,2,"[0, 0, 0, 0, 1, 0, 0, 0, 1, 0]",1.64,2.39,4.27,1.36,911245.0
FEAM,3.76,7,"[1, 1, 1, 1, 0, 0, 1, 0, 1, 1]",1.94,1.99,7.03,1.05,1086715.0
IMMP,4.34,3,"[0, 0, 0, 0, 0, 0, 1, 0, 1, 1]",,,7.8,0.26,360515.75
IBIO,1.05,2,"[0, 0, 0, 0, 0, 0, 1, 0, 1, 0]",1.32,1.81,3.07,0.79,616600.0
ENTX,2.53,7,"[0, 1, 1, 1, 1, 1, 1, 0, 1, 0]",2.94,1.81,3.92,1.0,476475.0
EHTH,0.76,1,"[0, 0, 0, 0, 0, 0, 0, 0, 1, 0]",1.05,1.83,5.65,0.67,370295.0
VNCE,12.24,10,"[1, 1, 1, 1, 1, 1, 1, 1, 1, 1]",7.65,4.94,12.24,1.99,647250.0
HYFT,1.55,6,"[1, 1, 1, 0, 0, 0, 1, 0, 1, 1]",1.35,1.47,2.78,1.02,322805.0
BLNE,0.78,1,"[0, 0, 0, 0, 0, 0, 0, 0, 1, 0]",0.99,1.78,3.59,0.78,317875.0
PSIG,4.66,4,"[1, 0, 0, 0, 0, 0, 1, 0, 1, 1]",2.53,4.91,11.85,1.08,1787340.0
SPWH,1.14,1,"[0, 0, 0, 0, 0, 0, 0, 0, 1, 0]",1.18,1.3,3.19,1.1,285720.0
GRML,6.38,3,"[0, 0, 0, 0, 0, 0, 1, 0, 1, 1]",8.03,14.74,33.0,2.85,24253270.0
AMPG,2.99,4,"[0, 0, 0, 0, 1, 1, 1, 0, 1, 0]",3.92,3.88,9.7,1.76,676935.0
CHRN,19.28,7,"[0, 1, 1, 1, 1, 1, 1, 0, 1, 0]",20.52,15.21,29.63,3.87,120000.0
IPWR,3.95,4,"[0, 0, 0, 0, 1, 1, 1, 0, 1, 0]",4.38,4.29,8.99,2.68,202985.0
ZEO,0.29,3,"[0, 0, 0, 0, 0, 0, 1, 0, 1, 1]",0.39,0.74,1.99,0.21,33584580.0
STKE,1.84,6,"[1, 1, 1, 0, 0, 0, 1, 0, 1, 1]",1.26,1.41,4.32,0.89,496730.0
ILLR,0.18,1,"[0, 0, 0, 0, 0, 0, 0, 0, 1, 0]",0.8,1.78,9.19,0.18,2161795.0
VIVO,3.29,5,"[0, 0, 0, 1, 1, 1, 1, 0, 1, 0]",3.95,3.45,6.6,1.21,398425.0
BWEN,4.25,9,"[0, 1, 1, 1, 1, 1, 1, 1, 1, 1]",4.36,3.5,5.44,1.97,170680.0
BIRD,3.17,5,"[1, 0, 0, 0, 1, 0, 1, 0, 1, 1]",2.39,3.32,14.86,1.93,557720.0
BEAT,0.58,4,"[1, 0, 0, 0, 0, 0, 1, 0, 1, 1]",0.47,1.05,3.44,0.36,21575170.0
FTEK,1.67,8,"[1, 1, 1, 1, 1, 0, 1, 0, 1, 1]",1.55,1.49,3.19,1.19,189140.0
PPSI,3.17,4,"[1, 0, 0, 0, 0, 0, 1, 0, 1, 1]",3.06,3.72,6.08,2.37,116055.0
TELA,1.09,8,"[1, 1, 1, 1, 0, 1, 1, 0, 1, 1]",0.91,0.87,1.57,0.56,259690.0
GAME,2.93,4,"[0, 0, 0, 1, 1, 0, 1, 0, 1, 0]",3.15,3.1,6.54,1.97,118790.0
ARAY,0.26,1,"[0, 0, 0, 0, 0, 0, 0, 0, 1, 0]",0.27,0.43,1.85,0.22,20641000.0
ELUT,0.78,4,"[0, 0, 0, 0, 1, 1, 1, 0, 1, 0]",0.86,0.96,1.22,0.5,419645.0
AHMA,1.29,3,"[0, 0, 0, 0, 0, 0, 1, 0, 1, 1]",1.44,4.54,37.11,0.79,1442275.0
HYPD,3.82,6,"[1, 1, 1, 0, 0, 0, 1, 0, 1, 1]",3.27,3.4,9.35,2.34,524330.0
ASTI,2.45,3,"[0, 0, 0, 0, 0, 1, 1, 0, 1, 0]",2.97,4.62,9.02,1.43,297695.0
DARE,0.83,2,"[0, 0, 0, 0, 0, 0, 0, 0, 1, 1]",0.92,1.7,3.27,0.7,239075.0
ABLV,2.74,10,"[1, 1, 1, 1, 1, 1, 1, 1, 1, 1]",1.09,0.9,2.74,0.58,221400.0
BEEM,1.11,1,"[0, 0, 0, 0, 0, 0, 0, 0, 1, 0]",1.26,1.45,3.88,0.98,317430.0
SST,2.36,2,"[0, 0, 0, 0, 0, 0, 1, 0, 1, 0]",2.55,3.04,7.94,1.37,282595.0
INMB,1.87,7,"[0, 1, 1, 1, 1, 1, 1, 0, 1, 0]",2.13,1.64,2.51,1.12,350460.0
JZ,0.44,1,"[0, 0, 0, 0, 0, 0, 0, 0, 1, 0]",1.44,17.22,93.0,0.43,2307740.0
GRCE,2.07,1,"[0, 0, 0, 0, 0, 0, 0, 0, 1, 0]",2.14,2.96,5.13,2.04,153900.0
TRAW,0.52,1,"[0, 0, 0, 0, 0, 0, 0, 0, 1, 0]",0.54,1.25,3.13,0.44,1583285.0
BOLD,2.57,8,"[0, 1, 1, 1, 1, 1, 1, 1, 1, 0]",2.76,1.8,3.0,1.05,135785.0
ARAI,0.2,1,"[0, 0, 0, 0, 0, 0, 0, 0, 1, 0]",0.24,0.92,6.3,0.19,9909420.0
AGPU,12.29,10,"[1, 1, 1, 1, 1, 1, 1, 1, 1, 1]",10.32,6.4,14.5,1.41,354870.0
MNTS,3.6,1,"[0, 0, 0, 0, 0, 0, 0, 0, 1, 0]",4.24,6.23,30.54,3.23,606195.0
BZFD,1.17,9,"[1, 1, 1, 1, 1, 1, 1, 0, 1, 1]",1.12,1.05,2.09,0.57,326980.0
QCLS,0.69,2,"[0, 0, 0, 0, 0, 0, 1, 0, 1, 0]",1.91,3.44,6.92,0.44,15501995.0
LASE,0.76,1,"[0, 0, 0, 0, 0, 0, 0, 0, 1, 0]",1.09,1.33,4.46,0.6,4868630.0
QNTM,3.09,2,"[0, 0, 0, 0, 0, 0, 1, 0, 1, 0]",3.36,4.36,17.18,2.1,235750.0
DBGI,4.61,2,"[0, 0, 0, 0, 0, 0, 0, 0, 1, 1]",8.78,120.89,711.2,3.63,1980150.0
AIFF,1.25,5,"[1, 0, 0, 0, 1, 0, 1, 0, 1, 1]",1.18,1.37,3.05,0.64,8305365.0
VEEA,4.94,4,"[1, 0, 0, 0, 0, 0, 1, 0, 1, 1]",2.96,8.25,18.46,1.56,21039570.0
OTLK,0.57,3,"[0, 0, 0, 1, 0, 0, 1, 0, 1, 0]",0.74,0.73,2.47,0.2,4339360.0
JSPR,0.56,2,"[0, 0, 0, 0, 0, 0, 1, 0, 1, 0]",0.67,0.96,2.6,0.34,354070.0
UFG,0.39,1,"[0, 0, 0, 0, 0, 0, 0, 0, 1, 0]",0.56,0.83,1.42,0.39,4996565.0
DFLI,0.68,1,"[0, 0, 0, 0, 0, 0, 0, 0, 1, 0]",1.06,2.09,19.7,0.68,293965.0
ALLR,0.99,2,"[0, 0, 0, 0, 1, 0, 0, 0, 1, 0]",1.25,1.24,1.77,0.81,117270.0
FMST,0.5,1,"[0, 0, 0, 0, 0, 0, 0, 0, 1, 0]",1.03,1.69,4.3,0.5,121115.0
VTGN,0.25,2,"[0, 0, 0, 0, 0, 0, 0, 0, 1, 1]",0.26,0.49,4.9,0.23,31405480.0
SDST,0.08,1,"[0, 0, 0, 0, 0, 0, 0, 0, 1, 0]",0.39,2.16,7.09,0.08,60511080.0
LTRN,0.95,1,"[0, 0, 0, 0, 0, 0, 0, 0, 1, 0]",1.99,2.7,4.62,0.86,307155.0
GWH,0.17,1,"[0, 0, 0, 0, 0, 0, 0, 0, 1, 0]",0.44,1.05,9.05,0.16,1401715.0
MOBX,1.12,2,"[0, 0, 0, 0, 0, 0, 1, 0, 1, 0]",1.21,2.45,11.2,0.65,7598910.0
AUID,0.39,1,"[0, 0, 0, 0, 0, 0, 0, 0, 1, 0]",0.49,1.07,2.82,0.36,927120.0
KTTA,0.45,2,"[0, 0, 0, 0, 0, 0, 1, 0, 1, 0]",0.51,0.69,1.47,0.29,146775.0
LGVN,2.35,2,"[0, 0, 0, 0, 1, 0, 0, 0, 1, 0]",5.89,6.98,11.6,2.35,182770.0
SAGT,0.57,1,"[0, 0, 0, 0, 0, 0, 0, 0, 1, 0]",0.66,1.39,2.68,0.55,305705.0
OSRH,0.22,3,"[0, 0, 0, 0, 0, 0, 1, 0, 1, 1]",0.29,0.46,0.82,0.12,242925.0
OFAL,0.46,1,"[0, 0, 0, 0, 0, 0, 0, 0, 1, 0]",0.77,3.45,12.3,0.45,2321940.0
ENGS,3.12,9,"[1, 1, 1, 1, 1, 1, 1, 0, 1, 1]",2.83,1.75,12.22,0.64,2411135.0
NIXX,0.31,1,"[0, 0, 0, 0, 0, 0, 0, 0, 1, 0]",0.53,0.77,1.89,0.3,432825.0
TOMZ,1.55,1,"[0, 0, 0, 0, 0, 0, 0, 0, 1, 0]",1.63,2.04,3.24,1.27,163285.0
AIIO,1.13,2,"[0, 0, 0, 0, 0, 0, 1, 0, 1, 0]",2.19,2.94,35.8,0.59,1905010.0
SCNX,3.76,1,"[0, 0, 0, 0, 0, 0, 0, 0, 1, 0]",8.87,10.08,65.0,3.71,415165.6
GFAI,0.25,1,"[0, 0, 0, 0, 0, 0, 0, 0, 1, 0]",0.34,0.47,1.17,0.25,118905.0
NWGL,1.3,8,"[1, 1, 1, 1, 0, 1, 1, 0, 1, 1]",0.89,0.9,1.75,0.22,737065.0
SKYQ,2.55,3,"[0, 0, 0, 0, 1, 0, 1, 0, 1, 0]",3.02,3.45,12.59,1.14,4056990.0
TURB,1.08,3,"[0, 0, 0, 0, 1, 0, 1, 0, 1, 0]",1.2,1.47,5.05,0.61,5231005.0
AKAN,1.89,2,"[0, 0, 0, 0, 1, 0, 0, 0, 1, 0]",3.94,9.29,57.09,1.89,1240075.0
MDCX,0.16,1,"[0, 0, 0, 0, 0, 0, 0, 0, 1, 0]",0.23,0.59,2.7,0.15,4187715.0
BFRI,0.93,5,"[0, 0, 0, 1, 1, 1, 1, 0, 1, 0]",1.3,1.02,1.61,0.57,686770.0
MBRX,0.45,1,"[0, 0, 0, 0, 0, 0, 0, 0, 1, 0]",0.64,2.34,13.0,0.38,1248230.0
PHIO,0.99,2,"[0, 0, 0, 0, 1, 0, 0, 0, 1, 0]",1.06,1.11,2.42,0.86,109930.0
OBAI,0.2,2,"[0, 0, 0, 0, 1, 0, 0, 0, 1, 0]",0.35,0.2,33.0,0.2,1288360.0
BFRG,0.69,6,"[1, 1, 1, 0, 0, 0, 1, 0, 1, 1]",0.57,0.69,1.68,0.43,15488890.0
APRE,0.64,1,"[0, 0, 0, 0, 0, 0, 0, 0, 1, 0]",0.73,0.79,1.65,0.59,253245.0
STFS,3.88,3,"[0, 0, 0, 0, 1, 0, 1, 0, 1, 0]",3.92,5.84,18.29,2.9,304915.0
ATER,0.64,4,"[1, 0, 0, 0, 1, 0, 1, 0, 1, 0]",0.55,0.79,1.39,0.36,682990.0
GTBP,6.37,2,"[0, 0, 0, 0, 0, 0, 1, 0, 1, 0]",,,11.63,0.24,123975.0
LHSW,0.57,2,"[0, 0, 0, 0, 0, 0, 1, 0, 1, 0]",2.07,4.14,35.68,0.43,24911000.0
BIVI,1.44,5,"[0, 0, 0, 1, 1, 1, 1, 0, 1, 0]",1.68,1.52,2.28,0.96,333090.0
DTSS,0.63,1,"[0, 0, 0, 0, 0, 0, 0, 0, 1, 0]",0.76,0.87,2.01,0.59,9630130.0
GDC,1.36,1,"[0, 0, 0, 0, 0, 0, 0, 0, 1, 0]",1.56,463.99,1530.0,1.26,1703015.0
TDIC,1.95,1,"[0, 0, 0, 0, 0, 0, 0, 0, 1, 0]",2.41,16.77,908.75,1.91,2229485.0
BIAF,6.06,3,"[0, 0, 0, 0, 1, 0, 1, 0, 1, 0]",7.55,20.6,71.1,4.56,2627405.0
CODX,1.15,2,"[0, 0, 0, 0, 0, 0, 0, 0, 1, 1]",1.23,2.68,37.8,0.94,349335.0
ELPW,2.73,1,"[0, 0, 0, 0, 0, 0, 0, 0, 1, 0]",3.94,1443.1,50184.0,2.49,486025.0
YMAT,1.36,2,"[0, 0, 0, 0, 0, 0, 0, 0, 1, 1]",1.75,2.35,9.35,1.21,3870555.0
FBGL,3.56,1,"[0, 0, 0, 0, 0, 0, 0, 0, 1, 0]",4.16,6.34,13.8,3.55,522781.0
GLE,0.41,5,"[0, 0, 0, 1, 1, 1, 1, 0, 1, 0]",0.46,0.42,0.86,0.26,153150.0
AIXI,1.85,3,"[0, 0, 0, 0, 1, 0, 1, 0, 1, 0]",1.86,6.5,39.0,0.46,7608090.0
MYSE,1.64,3,"[0, 0, 0, 1, 1, 0, 0, 0, 1, 0]",2.39,2.1,3.81,1.33,132580.0
FMFC,0.15,1,"[0, 0, 0, 0, 0, 0, 0, 0, 1, 0]",0.23,0.33,15.48,0.15,652060.0
LOBO,0.53,3,"[0, 0, 0, 0, 1, 0, 1, 0, 1, 0]",0.62,0.63,1.16,0.39,9111040.0
RMSG,0.32,1,"[0, 0, 0, 0, 0, 0, 0, 0, 1, 0]",0.34,0.8,3.2,0.27,2178920.0
MGRX,0.45,6,"[1, 1, 0, 1, 0, 0, 1, 0, 1, 1]",0.45,0.45,2.74,0.16,665430.0
POLA,1.14,1,"[0, 0, 0, 0, 0, 0, 0, 0, 1, 0]",1.46,1.67,5.27,1.12,154170.0
SMTK,1.16,1,"[0, 0, 0, 0, 0, 0, 0, 0, 1, 0]",4.22,18.03,141.5,1.16,346310.0
ONFO,0.86,1,"[0, 0, 0, 0, 0, 0, 0, 0, 1, 0]",1.79,24.37,75.0,0.8,574840.0
FABC,2.35,3,"[0, 0, 0, 0, 1, 0, 1, 0, 1, 0]",2.54,2.94,6.15,1.78,122645.0
SILO,1.45,1,"[0, 0, 0, 0, 0, 0, 0, 0, 1, 0]",2.66,4.96,10.55,1.45,123245.0
OLB,0.41,5,"[1, 1, 0, 0, 0, 0, 1, 0, 1, 1]",0.27,0.47,1.5,0.19,55145270.0
AEHL,11.76,4,"[1, 0, 0, 0, 0, 0, 1, 0, 1, 1]",7.21,38.06,415.68,3.54,776525.0
BTQ,3.26,3,"[0, 0, 0, 0, 0, 0, 1, 0, 1, 1]",3.3,3.66,14.14,2.15,2146420.0
PBM,5.02,6,"[1, 1, 0, 1, 0, 0, 1, 0, 1, 1]",4.58,6.86,173.44,2.23,100310.0
SUNE,2.34,7,"[0, 1, 1, 1, 1, 1, 1, 0, 1, 0]",2.5,1.9,5.88,0.78,7021470.0
ALP,4.02,3,"[0, 0, 0, 0, 0, 0, 1, 0, 1, 1]",,,10.91,0.1,131600.0
GP,0.38,2,"[0, 0, 0, 0, 1, 0, 0, 0, 1, 0]",1.12,1.11,3.3,0.38,220285.0
GSUN,0.21,1,"[0, 0, 0, 0, 0, 0, 0, 0, 1, 0]",0.31,0.6,2.69,0.19,6056975.0
RENX,1.94,4,"[1, 0, 0, 0, 0, 0, 1, 0, 1, 1]",1.93,2.43,28.6,1.42,152330.0
WNW,2.35,2,"[0, 0, 0, 0, 0, 0, 0, 0, 1, 1]",2.49,48.86,215.0,2.31,217120.0
GOVX,0.29,1,"[0, 0, 0, 0, 0, 0, 0, 0, 1, 0]",0.55,1.64,15.1,0.29,882160.0
JTAI,1.48,5,"[0, 1, 0, 1, 0, 0, 1, 0, 1, 1]",1.59,2.73,59.92,0.46,518475.0
NCI,0.89,1,"[0, 0, 0, 0, 0, 0, 0, 0, 1, 0]",11.2,16.75,96.0,0.86,2435385.0
SOBR,0.07,2,"[0, 0, 0, 0, 0, 0, 1, 0, 1, 0]",0.38,0.89,3.87,0.05,325220.0
BYAH,2.42,1,"[0, 0, 0, 0, 0, 0, 0, 0, 1, 0]",2.73,16.86,187.6,2.27,165270.0
MNDR,1.21,1,"[0, 0, 0, 0, 0, 0, 0, 0, 1, 0]",1.54,4.28,28.5,1.21,167280.0
NCRA,1.65,1,"[0, 0, 0, 0, 0, 0, 0, 0, 1, 0]",1.99,8.06,59.1,1.35,180290.0
PMAX,0.79,1,"[0, 0, 0, 0, 0, 0, 0, 0, 1, 0]",1.19,7.76,,,4893535.0
VIVK,4.8,1,"[0, 0, 0, 0, 0, 0, 0, 0, 1, 0]",14.71,454.0,17706.0,4.35,166527.05
IVDA,0.27,1,"[0, 0, 0, 0, 0, 0, 0, 0, 1, 0]",0.3,0.4,1.55,0.22,297185.0
MASK,0.83,1,"[0, 0, 0, 0, 0, 0, 0, 0, 1, 0]",1.26,2.97,14.45,0.81,1252130.0
AEMD,6.09,4,"[1, 0, 0, 0, 0, 0, 1, 0, 1, 1]",3.61,8.48,38.0,1.43,4915150.0
VRAX,2.03,1,"[0, 0, 0, 0, 0, 0, 0, 0, 1, 0]",2.69,4.6,17.2,2.03,190025.0
SGLY,0.8,1,"[0, 0, 0, 0, 0, 0, 0, 0, 1, 0]",2.81,5.26,11.62,0.73,739120.0
ORKT,0.97,3,"[0, 0, 0, 0, 1, 0, 1, 0, 1, 0]",1.01,1.03,2.33,0.67,110945.0
VBIO,2.38,1,"[0, 0, 0, 0, 0, 0, 0, 0, 1, 0]",4.0,18.43,78.5,2.08,3471650.0
MGN,3.6,2,"[0, 0, 0, 0, 0, 0, 0, 0, 1, 1]",76.46,993.88,5640.0,3.0,1264528.4
BIYA,1.37,1,"[0, 0, 0, 0, 0, 0, 0, 0, 1, 0]",2.49,14.62,150.75,1.37,1276795.0
HCWB,1.57,1,"[0, 0, 0, 0, 0, 0, 0, 0, 1, 0]",2.53,4.7,29.28,1.57,774825.0
JDZG,5.36,3,"[0, 0, 0, 0, 0, 0, 1, 0, 1, 1]",6.67,83.38,952.5,2.81,957480.0
BTX,9.49,10,"[1, 1, 1, 1, 1, 1, 1, 1, 1, 1]",8.75,7.64,9.49,5.79,423345.0
