ticker,price,score,points,sma50,sma200,wk52_high,wk52_low,volume
NVDA,225.32,10,"[1, 1, 1, 1, 1, 1, 1, 1, 1, 1]",193.07,185.96,235.74,131.26,153524025.0
GOOGL,396.78,10,"[1, 1, 1, 1, 1, 1, 1, 1, 1, 1]",332.74,291.06,402.62,163.41,27741950.0
GOOG,393.32,10,"[1, 1, 1, 1, 1, 1, 1, 1, 1, 1]",330.78,291.01,399.04,164.75,18491715.0
AAPL,300.23,9,"[1, 1, 1, 0, 1, 1, 1, 1, 1, 1]",265.97,258.65,300.23,194.5,48393105.0
AMZN,264.14,10,"[1, 1, 1, 1, 1, 1, 1, 1, 1, 1]",236.71,229.42,274.99,198.79,45770140.0
AVGO,425.19,10,"[1, 1, 1, 1, 1, 1, 1, 1, 1, 1]",369.25,345.83,439.79,226.77,19267435.0
TSM,404.35,10,"[1, 1, 1, 1, 1, 1, 1, 1, 1, 1]",367.46,312.61,419.5,189.41,14323150.0
TSLA,422.24,9,"[1, 1, 1, 0, 1, 1, 1, 1, 1, 1]",386.78,407.4,489.88,284.7,59934275.0
WMT,131.45,10,"[1, 1, 1, 1, 1, 1, 1, 1, 1, 1]",126.37,113.57,133.36,93.47,16193130.0
LLY,1004.92,9,"[1, 1, 1, 0, 1, 1, 1, 1, 1, 1]",938.59,918.39,1106.19,621.26,3460835.0
MU,724.66,10,"[1, 1, 1, 1, 1, 1, 1, 1, 1, 1]",486.18,306.98,803.63,93.15,47351220.0
AMD,424.1,10,"[1, 1, 1, 1, 1, 1, 1, 1, 1, 1]",279.21,224.19,458.79,110.31,46625200.0
INTC,108.77,10,"[1, 1, 1, 1, 1, 1, 1, 1, 1, 1]",69.5,44.79,129.44,19.31,157072840.0
XOM,157.92,8,"[1, 1, 1, 1, 1, 1, 0, 0, 1, 1]",153.94,128.06,,,16601200.0
ASML,1501.81,10,"[1, 1, 1, 1, 1, 1, 1, 1, 1, 1]",1415.2,1152.64,1592.02,686.0,1691110.0
ORCL,192.95,5,"[1, 1, 0, 0, 0, 0, 1, 0, 1, 1]",163.73,208.48,325.76,136.0,25932155.0
JNJ,226.71,8,"[0, 1, 1, 1, 1, 1, 1, 1, 1, 0]",234.51,207.87,248.56,146.98,7742870.0
CAT,888.31,10,"[1, 1, 1, 1, 1, 1, 1, 1, 1, 1]",781.31,612.97,926.93,338.84,2480440.0
CSCO,118.21,10,"[1, 1, 1, 1, 1, 1, 1, 1, 1, 1]",85.76,76.02,118.21,61.62,24328785.0
LRCX,284.72,10,"[1, 1, 1, 1, 1, 1, 1, 1, 1, 1]",247.87,183.41,299.15,80.2,9545015.0
CVX,191.1,9,"[0, 1, 1, 1, 1, 1, 1, 1, 1, 1]",193.05,166.41,211.15,131.04,9654680.0
AMAT,436.62,10,"[1, 1, 1, 1, 1, 1, 1, 1, 1, 1]",380.81,280.81,443.62,155.75,7276215.0
UNH,393.85,10,"[1, 1, 1, 1, 1, 1, 1, 1, 1, 1]",320.23,317.37,401.16,232.89,8547715.0
BABA,132.59,4,"[1, 0, 0, 0, 1, 1, 0, 0, 1, 0]",131.89,149.14,189.34,103.83,11867060.0
GE,281.53,4,"[0, 0, 0, 0, 1, 1, 0, 1, 1, 0]",296.5,299.03,345.24,229.06,6903565.0
HSBC,88.38,9,"[1, 1, 1, 1, 1, 1, 1, 1, 1, 0]",85.9,75.1,91.65,55.7,1674075.0
MS,192.51,10,"[1, 1, 1, 1, 1, 1, 1, 1, 1, 1]",175.89,166.53,194.53,122.35,4952925.0
AZN,181.58,7,"[0, 0, 1, 1, 1, 1, 1, 1, 1, 0]",191.98,178.0,208.62,135.08,2072020.0
GEV,1049.23,10,"[1, 1, 1, 1, 1, 1, 1, 1, 1, 1]",966.41,731.2,1149.53,427.12,2651830.0
GS,948.47,10,"[1, 1, 1, 1, 1, 1, 1, 1, 1, 1]",881.2,837.12,970.75,581.41,1787910.0
MRK,111.38,8,"[0, 1, 1, 1, 1, 1, 1, 1, 1, 0]",115.68,100.37,123.18,73.39,8669785.0
NVS,148.08,8,"[0, 1, 1, 1, 1, 1, 1, 1, 1, 0]",150.23,136.0,163.64,106.35,1430225.0
TXN,302.73,10,"[1, 1, 1, 1, 1, 1, 1, 1, 1, 1]",230.34,195.54,308.17,151.57,9019440.0
RY,183.4,10,"[1, 1, 1, 1, 1, 1, 1, 1, 1, 1]",170.22,157.61,183.83,123.1,1632185.0
KLAC,1804.32,10,"[1, 1, 1, 1, 1, 1, 1, 1, 1, 1]",1653.15,1303.51,1935.0,752.99,1055675.0
RTX,171.18,6,"[0, 0, 0, 1, 1, 1, 1, 1, 1, 0]",190.73,179.11,212.16,130.82,6318745.0
SNDK,1407.61,10,"[1, 1, 1, 1, 1, 1, 1, 1, 1, 1]",922.65,421.95,1562.34,37.28,15226135.0
QCOM,201.49,8,"[1, 1, 1, 0, 0, 1, 1, 1, 1, 1]",148.98,157.72,237.53,124.07,29541750.0
ARM,209.16,10,"[1, 1, 1, 1, 1, 1, 1, 1, 1, 1]",167.81,144.03,237.3,104.55,11658615.0
C,123.42,9,"[1, 1, 1, 1, 1, 1, 1, 1, 1, 0]",119.65,107.96,132.42,71.47,10932325.0
BHP,84.4,10,"[1, 1, 1, 1, 1, 1, 1, 1, 1, 1]",76.4,63.27,90.81,45.25,2405100.0
ADI,417.49,10,"[1, 1, 1, 1, 1, 1, 1, 1, 1, 1]",356.38,289.14,432.39,207.31,3485835.0
NVO,44.74,3,"[1, 0, 0, 0, 0, 0, 0, 0, 1, 1]",39.55,47.61,77.31,34.76,18285410.0
MUFG,18.84,10,"[1, 1, 1, 1, 1, 1, 1, 1, 1, 1]",17.53,16.54,19.73,13.29,3035350.0
TTE,92.28,10,"[1, 1, 1, 1, 1, 1, 1, 1, 1, 1]",88.68,70.48,93.6,55.47,1266790.0
NEE,93.36,10,"[1, 1, 1, 1, 1, 1, 1, 1, 1, 1]",93.09,83.62,97.88,65.01,8891460.0
BA,220.49,6,"[1, 1, 1, 0, 0, 1, 0, 1, 1, 0]",217.93,219.67,252.15,179.12,7247905.0
TD,107.64,10,"[1, 1, 1, 1, 1, 1, 1, 1, 1, 1]",100.12,88.33,108.6,63.14,1672370.0
SAN,11.74,9,"[1, 1, 1, 1, 1, 1, 1, 1, 1, 0]",11.58,10.91,13.05,7.66,6844325.0
RIO,103.69,10,"[1, 1, 1, 1, 1, 1, 1, 1, 1, 1]",96.2,78.73,112.04,53.08,2506935.0
ANET,141.97,7,"[0, 1, 1, 1, 0, 1, 1, 1, 1, 0]",146.18,139.26,177.73,86.25,12102965.0
STX,795.47,10,"[1, 1, 1, 1, 1, 1, 1, 1, 1, 1]",539.44,337.14,834.01,103.1,4732270.0
DELL,241.99,10,"[1, 1, 1, 1, 1, 1, 1, 1, 1, 1]",190.17,146.32,260.46,106.46,6122630.0
PANW,242.83,7,"[1, 1, 1, 0, 0, 0, 1, 1, 1, 1]",175.6,185.64,242.83,141.67,7273865.0
WDC,482.02,10,"[1, 1, 1, 1, 1, 1, 1, 1, 1, 1]",358.54,211.5,515.83,49.28,8057435.0
GILD,129.58,6,"[0, 0, 1, 1, 1, 1, 0, 1, 1, 0]",137.27,126.81,154.92,99.85,6230295.0
GLW,191.81,10,"[1, 1, 1, 1, 1, 1, 1, 1, 1, 1]",156.97,106.62,208.28,47.27,14400330.0
BUD,80.92,10,"[1, 1, 1, 1, 1, 1, 1, 1, 1, 1]",72.89,66.02,80.92,56.26,1889770.0
APP,501.0,5,"[1, 0, 0, 0, 0, 1, 1, 0, 1, 1]",448.06,531.6,733.6,324.7,4695565.0
APH,125.0,5,"[0, 0, 0, 0, 1, 1, 1, 1, 1, 0]",135.94,132.16,165.92,84.66,10485665.0
DE,561.83,7,"[0, 1, 1, 1, 1, 1, 0, 1, 1, 0]",580.08,517.27,660.56,436.32,955640.0
SCCO,176.78,9,"[1, 1, 1, 1, 1, 1, 1, 1, 1, 0]",176.02,147.02,215.55,85.1,1452184.05
WELL,213.74,10,"[1, 1, 1, 1, 1, 1, 1, 1, 1, 1]",207.05,188.44,220.14,144.68,3003725.0
MRVL,176.89,10,"[1, 1, 1, 1, 1, 1, 1, 1, 1, 1]",128.17,93.15,182.58,59.95,26303060.0
IBKR,87.0,10,"[1, 1, 1, 1, 1, 1, 1, 1, 1, 1]",74.42,69.41,88.28,50.35,4363390.0
COP,122.41,10,"[1, 1, 1, 1, 1, 1, 1, 1, 1, 1]",122.28,101.03,132.81,81.87,8332145.0
PLD,140.53,9,"[1, 1, 1, 1, 1, 1, 1, 1, 1, 0]",137.01,125.52,145.1,100.55,3189365.0
UBS,45.54,9,"[1, 1, 1, 0, 1, 1, 1, 1, 1, 1]",40.44,40.54,48.01,29.65,2449350.0
SMFG,21.84,10,"[1, 1, 1, 1, 1, 1, 1, 1, 1, 1]",20.59,18.88,23.81,14.35,2209995.0
CRWD,594.08,9,"[1, 1, 1, 0, 1, 1, 1, 1, 1, 1]",442.54,460.47,594.08,350.25,2828450.0
VRT,370.94,10,"[1, 1, 1, 1, 1, 1, 1, 1, 1, 1]",296.64,203.05,376.23,103.48,5764515.0
BTI,65.09,10,"[1, 1, 1, 1, 1, 1, 1, 1, 1, 1]",58.61,55.76,66.7,40.25,4040230.0
BBVA,21.89,8,"[1, 1, 1, 0, 1, 1, 1, 1, 1, 0]",21.55,20.63,25.32,14.03,1630340.0
NEM,109.06,8,"[0, 1, 1, 1, 1, 1, 1, 1, 1, 0]",111.74,98.09,131.68,49.46,7319885.0
PBR,19.93,8,"[0, 1, 1, 1, 1, 1, 1, 1, 1, 0]",20.28,14.72,22.03,10.82,17325820.0
PBR-A,17.99,8,"[0, 1, 1, 1, 1, 1, 1, 1, 1, 0]",18.42,13.66,19.9,10.3,8700090.0
SBUX,106.82,10,"[1, 1, 1, 1, 1, 1, 1, 1, 1, 1]",97.98,89.53,106.82,76.95,7835750.0
CVS,95.89,10,"[1, 1, 1, 1, 1, 1, 1, 1, 1, 1]",78.53,75.92,98.11,57.3,8762075.0
BMY,57.0,8,"[0, 1, 1, 1, 1, 1, 1, 1, 1, 0]",58.31,51.57,61.73,41.67,10151385.0
BP,44.35,9,"[0, 1, 1, 1, 1, 1, 1, 1, 1, 1]",44.64,36.94,47.09,27.4,8397430.0
PWR,769.99,10,"[1, 1, 1, 1, 1, 1, 1, 1, 1, 1]",623.78,485.95,785.24,330.51,1200445.0
PH,862.72,7,"[0, 0, 1, 1, 1, 1, 1, 1, 1, 0]",920.98,856.62,1020.71,646.59,792680.0
HWM,260.35,10,"[1, 1, 1, 1, 1, 1, 1, 1, 1, 1]",246.79,213.75,273.58,162.39,2601705.0
BMO,152.48,10,"[1, 1, 1, 1, 1, 1, 1, 1, 1, 1]",143.84,131.69,155.02,100.96,959970.0
EQIX,1059.44,9,"[1, 1, 1, 1, 1, 1, 1, 1, 1, 0]",1030.71,855.43,1115.29,722.15,568565.0
MFG,8.69,9,"[1, 1, 1, 1, 1, 1, 1, 1, 1, 0]",8.29,7.54,10.09,5.14,3288065.0
TT,466.6,8,"[1, 1, 1, 1, 1, 1, 0, 1, 1, 0]",452.26,426.09,492.54,375.52,1326050.0
CM,111.3,10,"[1, 1, 1, 1, 1, 1, 1, 1, 1, 1]",103.13,89.64,112.22,65.12,1294445.0
CDNS,347.24,8,"[1, 1, 1, 0, 0, 1, 1, 1, 1, 1]",309.26,322.81,373.37,265.66,2561085.0
GSK,49.67,7,"[0, 0, 1, 1, 1, 1, 1, 1, 1, 0]",53.66,47.81,60.14,34.89,4316640.0
SNPS,502.42,7,"[1, 1, 1, 0, 0, 0, 1, 1, 1, 1]",447.22,474.47,645.35,380.47,1625935.0
AEM,180.33,6,"[0, 0, 1, 1, 1, 1, 1, 0, 1, 0]",201.35,180.23,252.19,105.36,2349175.0
HCA,423.0,4,"[0, 0, 0, 0, 1, 1, 0, 1, 1, 0]",475.61,460.3,544.32,332.73,1312815.0
BNS,77.08,10,"[1, 1, 1, 1, 1, 1, 1, 1, 1, 1]",73.21,69.2,78.45,50.73,1948270.0
CMI,696.53,10,"[1, 1, 1, 1, 1, 1, 1, 1, 1, 1]",605.8,509.14,716.45,310.28,876460.0
MAR,353.17,9,"[1, 1, 1, 1, 1, 1, 1, 1, 1, 0]",344.23,304.91,378.72,253.25,1353240.0
CNQ,47.98,10,"[1, 1, 1, 1, 1, 1, 1, 1, 1, 1]",46.92,36.76,50.09,29.05,10402805.0
EQNR,39.48,10,"[1, 1, 1, 1, 1, 1, 1, 1, 1, 1]",38.12,27.6,41.97,21.89,4074845.0
ITUB,7.84,8,"[0, 1, 1, 1, 1, 1, 1, 1, 1, 0]",8.46,7.43,9.48,5.55,23663165.0
FDX,375.78,9,"[1, 1, 1, 1, 1, 1, 1, 1, 1, 0]",369.48,297.92,403.31,211.9,1555790.0
BK,135.02,10,"[1, 1, 1, 1, 1, 1, 1, 1, 1, 1]",125.75,114.39,137.37,86.7,3601810.0
FCX,63.01,9,"[1, 1, 1, 1, 1, 1, 1, 1, 1, 0]",61.16,51.43,70.36,35.05,16196530.0
USB,53.12,7,"[0, 1, 1, 1, 1, 1, 0, 1, 1, 0]",53.83,50.82,60.07,40.95,8687865.0
JCI,143.08,10,"[1, 1, 1, 1, 1, 1, 1, 1, 1, 1]",137.75,121.32,146.03,96.56,3268385.0
ING,29.42,10,"[1, 1, 1, 1, 1, 1, 1, 1, 1, 1]",27.17,26.0,30.12,19.79,2357715.0
FTNT,122.78,9,"[1, 1, 1, 1, 1, 0, 1, 1, 1, 1]",87.69,83.3,122.78,74.39,6049730.0
MNST,87.09,10,"[1, 1, 1, 1, 1, 1, 1, 1, 1, 1]",76.61,73.04,87.09,58.65,5408390.0
CSX,45.66,10,"[1, 1, 1, 1, 1, 1, 1, 1, 1, 1]",42.34,37.6,46.18,30.03,13040950.0
AMX,26.59,10,"[1, 1, 1, 1, 1, 1, 1, 1, 1, 1]",25.58,22.46,27.42,16.4,1635185.0
ELV,392.68,9,"[1, 1, 1, 0, 1, 1, 1, 1, 1, 1]",326.0,327.24,403.87,270.1,1896065.0
BCS,22.53,7,"[1, 0, 1, 0, 1, 1, 1, 1, 1, 0]",22.39,22.39,27.19,17.03,6398470.0
SLB,55.38,10,"[1, 1, 1, 1, 1, 1, 1, 1, 1, 1]",51.76,42.12,56.92,31.29,13066140.0
MPWR,1550.02,10,"[1, 1, 1, 1, 1, 1, 1, 1, 1, 1]",1327.28,1057.06,1661.1,656.91,650025.0
LYG,5.05,7,"[0, 0, 1, 1, 1, 1, 1, 1, 1, 0]",5.21,4.94,6.1,3.84,17962595.0
E,55.49,10,"[1, 1, 1, 1, 1, 1, 1, 1, 1, 1]",54.01,41.42,57.61,28.77,453290.0
CIEN,554.46,10,"[1, 1, 1, 1, 1, 1, 1, 1, 1, 1]",460.77,260.86,591.57,72.16,2009440.0
APO,135.38,7,"[1, 1, 1, 0, 0, 0, 1, 1, 1, 1]",117.36,129.03,154.24,100.3,3734855.0
CRH,103.21,4,"[0, 0, 0, 0, 1, 1, 0, 1, 1, 0]",109.4,115.12,130.44,87.52,4452715.0
SU,68.29,10,"[1, 1, 1, 1, 1, 1, 1, 1, 1, 1]",64.01,49.28,69.65,34.48,3211285.0
REGN,698.25,7,"[0, 0, 1, 1, 1, 1, 1, 1, 1, 0]",742.36,690.5,811.29,481.15,820020.0
NXPI,291.5,10,"[1, 1, 1, 1, 1, 1, 1, 1, 1, 1]",228.26,222.37,305.99,182.42,4298055.0
BE,275.95,10,"[1, 1, 1, 1, 1, 1, 1, 1, 1, 1]",199.62,126.99,303.41,18.21,10259920.0
ROST,212.75,8,"[0, 1, 1, 1, 1, 1, 1, 1, 1, 0]",218.84,181.05,228.91,125.73,2336465.0
B,40.61,6,"[0, 0, 1, 0, 1, 1, 1, 1, 1, 0]",41.58,38.36,52.54,17.41,13316130.0
HLT,316.17,8,"[1, 1, 1, 1, 1, 1, 0, 1, 1, 0]",313.3,288.81,342.89,243.49,1730960.0
ASX,33.81,10,"[1, 1, 1, 1, 1, 1, 1, 1, 1, 1]",26.7,17.95,35.47,9.05,7881160.0
NOK,13.95,10,"[1, 1, 1, 1, 1, 1, 1, 1, 1, 1]",10.17,6.98,14.71,4.05,124826160.0
VLO,250.74,10,"[1, 1, 1, 1, 1, 1, 1, 1, 1, 1]",239.57,187.1,254.32,123.97,2908260.0
MPC,255.03,10,"[1, 1, 1, 1, 1, 1, 1, 1, 1, 1]",235.35,196.01,260.51,154.28,2276070.0
GM,74.86,7,"[0, 0, 1, 1, 1, 1, 1, 1, 1, 0]",76.07,71.26,86.18,46.77,6920025.0
AEP,125.15,7,"[0, 1, 1, 1, 1, 1, 0, 1, 1, 0]",131.54,119.31,136.16,98.09,3983275.0
DDOG,207.98,9,"[1, 1, 1, 0, 1, 1, 1, 1, 1, 1]",136.07,139.95,207.98,102.61,6623680.0
LITE,970.7,10,"[1, 1, 1, 1, 1, 1, 1, 1, 1, 1]",818.97,422.58,1053.09,72.28,6036465.0
VALE,16.32,9,"[1, 1, 1, 1, 1, 1, 1, 1, 1, 0]",16.15,13.27,17.82,8.32,24705380.0
NSC,315.95,10,"[1, 1, 1, 1, 1, 1, 1, 1, 1, 1]",298.72,290.23,320.06,235.06,1083840.0
HOOD,77.14,2,"[1, 0, 0, 0, 0, 0, 0, 0, 1, 0]",76.47,105.25,152.46,61.76,28348915.0
NET,197.56,4,"[0, 0, 0, 1, 0, 1, 0, 1, 1, 0]",207.68,204.06,256.79,156.52,4670785.0
PSX,176.2,10,"[1, 1, 1, 1, 1, 1, 1, 1, 1, 1]",171.03,144.18,188.28,108.86,2555705.0
FIX,1992.74,10,"[1, 1, 1, 1, 1, 1, 1, 1, 1, 1]",1618.4,1118.67,2041.56,461.21,422805.0
DLR,188.51,8,"[1, 1, 1, 1, 1, 1, 0, 1, 1, 0]",188.35,170.49,203.91,146.93,2200060.0
WBD,26.98,8,"[0, 1, 1, 1, 1, 1, 1, 1, 1, 0]",27.3,23.44,29.98,8.95,16811640.0
TRP,68.24,10,"[1, 1, 1, 1, 1, 1, 1, 1, 1, 1]",63.46,56.26,68.24,45.92,2401070.0
MFC,37.57,8,"[1, 1, 1, 1, 1, 1, 0, 1, 1, 0]",36.63,34.32,40.03,29.6,2061060.0
SPG,200.02,9,"[1, 1, 1, 1, 1, 1, 1, 1, 1, 0]",195.46,183.53,207.56,149.34,1295595.0
COHR,382.45,10,"[1, 1, 1, 1, 1, 1, 1, 1, 1, 1]",298.06,191.47,404.94,75.63,6614050.0
MSTR,177.42,5,"[1, 1, 0, 0, 0, 0, 1, 0, 1, 1]",152.14,218.01,455.9,106.99,17250650.0
BKR,64.12,10,"[1, 1, 1, 1, 1, 1, 1, 1, 1, 1]",62.34,52.47,69.44,35.97,8321930.0
WPM,130.41,8,"[0, 1, 1, 1, 1, 1, 1, 1, 1, 0]",135.94,120.31,165.46,78.23,2317895.0
CRWV,107.3,6,"[1, 1, 1, 1, 0, 0, 1, 0, 1, 0]",99.19,100.35,183.58,64.55,28868190.0
KEYS,349.01,10,"[1, 1, 1, 1, 1, 1, 1, 1, 1, 1]",318.05,225.82,366.68,157.04,1191195.0
CVNA,67.17,3,"[0, 0, 0, 0, 1, 1, 0, 0, 1, 0]",69.32,73.96,95.69,56.26,11627910.0
RKLB,124.77,10,"[1, 1, 1, 1, 1, 1, 1, 1, 1, 1]",79.25,64.94,132.55,25.17,26365380.0
TEL,205.11,5,"[0, 0, 0, 0, 1, 1, 1, 1, 1, 0]",212.46,220.44,248.24,156.52,3350285.0
URI,961.15,8,"[1, 1, 1, 0, 0, 1, 1, 1, 1, 1]",822.49,867.99,1013.48,682.65,613635.0
GWW,1272.47,10,"[1, 1, 1, 1, 1, 1, 1, 1, 1, 1]",1133.67,1038.54,1284.19,914.6,280200.0
TGT,121.54,9,"[1, 1, 1, 1, 1, 1, 1, 1, 1, 0]",121.28,102.41,130.86,82.06,4703950.0
TER,337.88,9,"[1, 1, 1, 1, 1, 1, 1, 1, 1, 0]",337.1,222.48,418.08,76.81,4164395.0
LHX,303.39,6,"[0, 0, 0, 1, 1, 1, 1, 1, 1, 0]",340.15,310.44,377.17,226.32,1600905.0
CARR,64.67,7,"[1, 1, 1, 1, 0, 0, 0, 1, 1, 1]",60.48,59.19,79.79,49.97,6177010.0
CTVA,82.21,10,"[1, 1, 1, 1, 1, 1, 1, 1, 1, 1]",81.1,71.97,85.46,60.7,3525290.0
AU,92.24,7,"[0, 1, 1, 1, 1, 1, 1, 0, 1, 0]",98.65,83.87,126.14,38.97,2356915.0
OKE,92.32,10,"[1, 1, 1, 1, 1, 1, 1, 1, 1, 1]",87.06,75.9,92.85,62.69,4226145.0
MCHP,93.85,10,"[1, 1, 1, 1, 1, 1, 1, 1, 1, 1]",77.24,68.74,102.92,48.3,11992235.0
MCHPP,79.87,10,"[1, 1, 1, 1, 1, 1, 1, 1, 1, 1]",66.99,61.27,86.73,46.27,188340.0
CVE,30.82,10,"[1, 1, 1, 1, 1, 1, 1, 1, 1, 1]",26.39,19.85,30.82,12.77,8265570.0
AME,227.9,9,"[1, 1, 1, 1, 1, 1, 1, 1, 1, 0]",225.36,206.54,241.38,174.71,1339930.0
TRGP,271.99,10,"[1, 1, 1, 1, 1, 1, 1, 1, 1, 1]",244.44,193.45,271.99,143.89,1232945.0
COIN,195.43,3,"[1, 0, 0, 0, 0, 0, 1, 0, 1, 0]",191.73,254.42,419.78,141.09,10338030.0
FANG,203.56,8,"[1, 1, 1, 1, 1, 1, 0, 0, 1, 1]",191.69,158.78,,,2460105.0
OXY,59.62,10,"[1, 1, 1, 1, 1, 1, 1, 1, 1, 1]",58.47,47.45,66.24,38.74,12165080.0
DVN,49.49,10,"[1, 1, 1, 1, 1, 1, 1, 1, 1, 1]",47.88,39.01,52.07,29.5,14796450.0
FLEX,137.86,10,"[1, 1, 1, 1, 1, 1, 1, 1, 1, 1]",84.83,66.3,145.07,41.18,6305950.0
ABEV,3.07,10,"[1, 1, 1, 1, 1, 1, 1, 1, 1, 1]",3.0,2.61,3.43,2.11,27788600.0
NUE,227.02,10,"[1, 1, 1, 1, 1, 1, 1, 1, 1, 1]",192.45,164.25,234.22,106.87,1616755.0
STM,61.41,10,"[1, 1, 1, 1, 1, 1, 1, 1, 1, 1]",42.88,31.12,64.38,21.07,12844170.0
BIDU,135.33,9,"[1, 1, 1, 0, 1, 1, 1, 1, 1, 1]",122.7,123.56,162.52,81.9,2657335.0
ETR,109.03,8,"[0, 1, 1, 1, 1, 1, 1, 1, 1, 0]",110.38,97.4,117.36,78.9,4092555.0
UI,623.25,5,"[0, 0, 0, 1, 1, 1, 1, 0, 1, 0]",870.77,671.0,1084.5,369.07,131705.0
CCJ,107.51,8,"[0, 1, 1, 1, 1, 1, 1, 1, 1, 0]",114.51,99.3,134.09,51.08,3223470.0
FER,66.89,8,"[0, 1, 1, 1, 1, 1, 1, 1, 1, 0]",67.45,63.96,74.38,49.75,1452040.0
ROK,448.74,10,"[1, 1, 1, 1, 1, 1, 1, 1, 1, 1]",394.17,379.13,459.35,298.48,806550.0
EA,200.64,6,"[0, 0, 1, 0, 1, 1, 1, 1, 1, 0]",201.75,195.26,204.6,142.41,1717785.0
ARGX,799.32,7,"[1, 0, 1, 0, 1, 1, 1, 1, 1, 0]",762.69,791.39,929.61,537.92,331270.0
DAL,70.23,9,"[1, 1, 1, 1, 1, 1, 1, 1, 1, 0]",66.95,63.88,74.95,46.48,7328735.0
EBAY,116.13,9,"[1, 1, 1, 1, 0, 1, 1, 1, 1, 1]",98.68,91.34,116.13,70.59,7362735.0
FERG,223.82,4,"[0, 0, 0, 0, 1, 1, 0, 1, 1, 0]",241.11,237.77,266.68,174.83,1404010.0
MT,60.15,9,"[1, 1, 1, 1, 1, 1, 1, 1, 1, 0]",56.76,46.62,66.96,29.62,1738390.0
WAB,263.9,10,"[1, 1, 1, 1, 1, 1, 1, 1, 1, 1]",256.2,222.74,270.94,185.2,1001865.0
FNV,225.38,7,"[0, 0, 1, 1, 1, 1, 1, 1, 1, 0]",244.74,220.1,280.36,154.14,765665.0
FITB,47.35,8,"[0, 1, 1, 1, 1, 1, 1, 1, 1, 0]",47.71,45.9,54.59,35.91,5296310.0
XYZ,70.36,7,"[1, 1, 1, 1, 0, 0, 1, 1, 1, 0]",65.71,67.9,81.11,49.09,5545600.0
NBIS,219.94,10,"[1, 1, 1, 1, 1, 1, 1, 1, 1, 1]",140.61,105.85,221.15,36.02,17356595.0
RKT,13.35,2,"[0, 0, 0, 0, 0, 1, 0, 0, 1, 0]",14.8,17.74,23.44,12.24,22513610.0
VTR,87.45,10,"[1, 1, 1, 1, 1, 1, 1, 1, 1, 1]",85.03,76.74,90.35,60.78,5236235.0
CLS,358.55,9,"[1, 1, 1, 1, 1, 1, 1, 1, 1, 0]",338.09,291.95,422.21,111.6,2389235.0
CAH,195.2,7,"[0, 0, 1, 1, 1, 1, 1, 1, 1, 0]",206.05,190.15,229.32,144.85,2458825.0
TEVA,34.29,10,"[1, 1, 1, 1, 1, 1, 1, 1, 1, 1]",31.71,26.84,36.34,15.38,7494720.0
HPE,33.1,10,"[1, 1, 1, 1, 1, 1, 1, 1, 1, 1]",25.92,23.45,34.13,16.85,15700445.0
STT,152.85,10,"[1, 1, 1, 1, 1, 1, 1, 1, 1, 1]",137.46,123.65,154.02,92.93,2078325.0
ODFL,203.12,9,"[1, 1, 1, 1, 1, 1, 1, 1, 1, 0]",199.85,167.22,224.42,125.86,2103610.0
GFS,71.03,10,"[1, 1, 1, 1, 1, 1, 1, 1, 1, 1]",54.13,41.58,74.99,31.62,4904980.0
WDS,22.98,9,"[0, 1, 1, 1, 1, 1, 1, 1, 1, 1]",23.18,17.97,24.78,13.4,796860.0
EME,913.11,10,"[1, 1, 1, 1, 1, 1, 1, 1, 1, 1]",809.33,699.7,943.75,457.43,385370.0
ON,113.11,10,"[1, 1, 1, 1, 1, 1, 1, 1, 1, 1]",78.67,60.58,118.37,41.27,13712410.0
GFI,40.27,5,"[0, 0, 0, 1, 1, 1, 1, 0, 1, 0]",45.36,42.44,59.77,20.06,2865660.0
ERIC,12.5,10,"[1, 1, 1, 1, 1, 1, 1, 1, 1, 1]",11.6,9.76,12.67,6.97,8721790.0
KB,104.18,8,"[0, 1, 1, 1, 1, 1, 1, 1, 1, 0]",104.88,92.13,118.21,66.56,177030.0
PUK,30.59,9,"[1, 1, 1, 1, 1, 1, 1, 1, 1, 0]",29.83,28.89,33.17,22.02,737320.0
IRM,125.07,10,"[1, 1, 1, 1, 1, 1, 1, 1, 1, 1]",112.82,98.42,132.06,78.22,1821665.0
LYV,168.87,9,"[1, 1, 1, 1, 0, 1, 1, 1, 1, 1]",158.36,152.7,174.06,125.61,2665740.0
KGC,28.38,6,"[0, 0, 1, 1, 1, 1, 1, 0, 1, 0]",31.12,27.87,38.02,13.64,8031610.0
JBL,339.82,8,"[1, 1, 1, 1, 1, 1, 0, 0, 1, 1]",301.06,243.24,,,1247400.0
ADM,80.4,10,"[1, 1, 1, 1, 1, 1, 1, 1, 1, 1]",72.43,63.92,82.89,45.85,4094230.0
VOD,14.68,8,"[0, 1, 1, 1, 1, 1, 1, 1, 1, 0]",15.21,13.22,16.32,9.02,4445915.0
BBD,3.47,7,"[0, 0, 1, 1, 1, 1, 1, 1, 1, 0]",3.74,3.47,4.21,2.63,29645585.0
VIK,83.7,9,"[1, 1, 1, 1, 1, 1, 1, 1, 1, 0]",77.09,68.68,86.72,43.08,3024845.0
SATS,137.23,10,"[1, 1, 1, 1, 1, 1, 1, 1, 1, 1]",120.72,92.56,137.23,15.99,5065940.0
ESLT,750.01,7,"[0, 1, 1, 1, 1, 1, 1, 0, 1, 0]",870.16,634.17,1013.23,374.56,107405.0
UMC,17.2,10,"[1, 1, 1, 1, 1, 1, 1, 1, 1, 1]",11.23,8.86,17.2,6.58,15703365.0
ONC,293.27,3,"[0, 0, 0, 0, 0, 1, 0, 1, 1, 0]",300.16,321.15,377.47,228.38,223960.0
LVS,51.16,4,"[0, 0, 0, 0, 1, 1, 1, 0, 1, 0]",53.63,56.62,68.73,39.02,5346010.0
IX,36.65,10,"[1, 1, 1, 1, 1, 1, 1, 1, 1, 1]",31.76,28.92,37.96,20.48,288180.0
CRDO,172.17,9,"[1, 1, 1, 0, 1, 1, 1, 1, 1, 1]",142.75,141.35,210.22,60.13,6056655.0
ALAB,232.68,9,"[1, 1, 1, 1, 0, 1, 1, 1, 1, 1]",158.74,167.58,251.88,85.95,5887430.0
STLD,229.34,10,"[1, 1, 1, 1, 1, 1, 1, 1, 1, 1]",199.54,168.05,241.85,120.2,1204690.0
HAL,41.76,10,"[1, 1, 1, 1, 1, 1, 1, 1, 1, 1]",38.48,29.92,42.3,19.07,12052190.0
HUM,305.12,8,"[1, 1, 1, 0, 0, 1, 1, 1, 1, 1]",207.12,240.74,308.29,162.84,2051480.0
MTZ,414.9,10,"[1, 1, 1, 1, 1, 1, 1, 1, 1, 1]",355.99,251.33,437.51,150.77,992510.0
UAL,92.85,4,"[0, 0, 0, 0, 1, 1, 0, 1, 1, 0]",93.35,101.0,117.53,73.33,6343150.0
ZM,100.16,10,"[1, 1, 1, 1, 1, 1, 1, 1, 1, 1]",87.46,84.45,109.21,69.77,4861115.0
TS,61.77,10,"[1, 1, 1, 1, 1, 1, 1, 1, 1, 1]",59.03,44.76,63.9,32.39,1708970.0
CASY,852.75,10,"[1, 1, 1, 1, 1, 1, 1, 1, 1, 1]",756.94,614.36,888.36,436.09,384700.0
TECK,61.35,10,"[1, 1, 1, 1, 1, 1, 1, 1, 1, 1]",55.56,47.22,66.84,31.15,3159650.0
SYM,47.32,4,"[0, 0, 0, 0, 1, 1, 1, 0, 1, 0]",54.49,58.62,87.3,26.74,1702100.0
EL,80.28,4,"[1, 0, 0, 0, 1, 0, 0, 0, 1, 1]",79.19,93.41,119.24,62.66,3492220.0
SHG,64.13,8,"[0, 1, 1, 1, 1, 1, 1, 1, 1, 0]",64.41,56.72,71.72,36.96,228590.0
TWLO,198.29,10,"[1, 1, 1, 1, 1, 1, 1, 1, 1, 1]",145.05,125.04,201.7,92.44,3093095.0
RVMD,145.66,9,"[1, 1, 1, 1, 1, 1, 1, 1, 1, 0]",120.5,81.77,152.54,34.7,2976975.0
RDDT,158.17,4,"[1, 0, 0, 0, 0, 1, 1, 0, 1, 0]",147.59,193.64,270.71,95.85,5262640.0
IQV,169.12,2,"[0, 0, 0, 0, 1, 0, 0, 0, 1, 0]",169.45,196.39,244.29,137.0,1764350.0
NTRS,163.86,10,"[1, 1, 1, 1, 1, 1, 1, 1, 1, 1]",151.32,138.1,171.74,102.75,1216815.0
DOV,210.77,8,"[0, 1, 1, 1, 1, 1, 1, 1, 1, 0]",215.26,195.59,232.78,160.34,939955.0
RPRX,52.85,10,"[1, 1, 1, 1, 1, 1, 1, 1, 1, 1]",48.21,40.9,53.17,31.63,3615170.0
ASTS,83.67,7,"[0, 1, 1, 1, 1, 1, 1, 0, 1, 0]",83.71,74.68,122.09,23.07,20516600.0
BIIB,192.95,10,"[1, 1, 1, 1, 1, 1, 1, 1, 1, 1]",185.39,167.72,204.53,122.68,1216425.0
VG,14.23,8,"[1, 1, 1, 1, 0, 0, 1, 1, 1, 1]",13.49,10.89,18.91,5.91,21393505.0
EXPE,217.73,4,"[0, 0, 0, 0, 1, 1, 1, 0, 1, 0]",239.24,237.27,300.66,157.7,1736915.0
CRCL,114.0,7,"[1, 1, 1, 1, 0, 0, 1, 0, 1, 1]",107.42,105.2,263.45,50.23,17423690.0
ARES,123.41,3,"[1, 0, 0, 0, 0, 0, 0, 0, 1, 1]",111.88,145.26,187.77,95.2,3036920.0
FTI,71.28,10,"[1, 1, 1, 1, 1, 1, 1, 1, 1, 1]",70.56,51.53,76.99,29.46,3896230.0
FTAI,237.97,8,"[0, 1, 1, 1, 1, 1, 1, 1, 1, 0]",248.0,208.14,308.99,108.92,1631940.0
AXIA,10.82,7,"[0, 0, 1, 1, 1, 1, 1, 1, 1, 0]",11.87,10.35,13.43,6.29,1993820.0
CNC,58.27,10,"[1, 1, 1, 1, 1, 1, 1, 1, 1, 1]",41.85,38.19,61.96,25.21,7455000.0
NTRA,186.36,4,"[0, 0, 0, 0, 1, 1, 1, 0, 1, 0]",201.1,199.96,254.4,133.66,1562525.0
NVT,169.01,10,"[1, 1, 1, 1, 1, 1, 1, 1, 1, 1]",134.36,110.61,173.96,63.51,2319840.0
MTSI,375.6,10,"[1, 1, 1, 1, 1, 1, 1, 1, 1, 1]",266.03,193.01,383.56,118.35,1358285.0
TPL,385.17,7,"[0, 1, 1, 1, 1, 1, 1, 0, 1, 0]",458.12,361.33,539.79,273.25,369450.0
TPR,129.32,7,"[0, 0, 1, 1, 1, 1, 1, 1, 1, 0]",143.3,125.24,160.06,75.77,2497365.0
CFG,60.86,8,"[0, 1, 1, 1, 1, 1, 1, 1, 1, 0]",61.24,56.24,67.63,38.33,4127415.0
CW,712.72,9,"[1, 1, 1, 1, 1, 1, 1, 1, 1, 0]",707.6,603.52,751.0,409.4,223840.0
DOW,38.75,10,"[1, 1, 1, 1, 1, 1, 1, 1, 1, 1]",38.45,27.94,41.87,20.03,11793190.0
EIX,69.16,8,"[0, 1, 1, 1, 1, 1, 1, 1, 1, 0]",70.72,60.85,75.82,45.61,2613790.0
PKX,79.38,10,"[1, 1, 1, 1, 1, 1, 1, 1, 1, 1]",67.21,58.18,91.72,41.95,248215.0
BAP,316.31,8,"[0, 1, 1, 1, 1, 1, 1, 1, 1, 0]",330.79,295.19,375.25,193.5,336815.0
VRSN,297.57,8,"[1, 1, 1, 1, 0, 0, 1, 1, 1, 1]",263.09,255.28,303.03,211.49,836040.0
HUBB,479.97,7,"[0, 1, 1, 1, 1, 1, 0, 1, 1, 0]",505.54,464.66,557.85,377.23,657412.75
STRL,848.84,10,"[1, 1, 1, 1, 1, 1, 1, 1, 1, 1]",516.03,386.23,889.03,182.09,653275.0
EC,13.09,9,"[0, 1, 1, 1, 1, 1, 1, 1, 1, 1]",13.47,10.58,14.42,7.9,2677635.0
P,81.18,9,"[1, 1, 1, 0, 1, 1, 1, 1, 1, 1]",67.59,73.99,98.7,51.58,2935315.0
AER,139.77,8,"[0, 1, 1, 1, 1, 1, 1, 1, 1, 0]",140.06,133.69,153.99,106.41,1385645.0
PAAS,56.4,9,"[1, 1, 1, 1, 1, 1, 1, 1, 1, 0]",55.72,47.19,68.52,22.58,5125605.0
DG,102.38,3,"[0, 0, 0, 0, 1, 1, 0, 0, 1, 0]",121.09,120.41,155.5,91.69,3184490.0
VIV,14.02,7,"[0, 0, 1, 1, 1, 1, 1, 1, 1, 0]",15.73,13.59,17.09,9.56,1082840.0
SYF,71.38,5,"[1, 0, 0, 0, 1, 1, 0, 1, 1, 0]",70.73,73.65,87.76,55.81,4093560.0
ZS,161.05,4,"[1, 0, 0, 0, 0, 0, 1, 0, 1, 1]",142.57,226.8,336.27,118.05,2732315.0
SQM,84.26,9,"[1, 1, 1, 1, 1, 1, 1, 1, 1, 0]",83.17,63.58,94.63,29.69,1165190.0
BG,122.45,9,"[0, 1, 1, 1, 1, 1, 1, 1, 1, 1]",124.53,101.91,130.38,71.43,1524575.0
FMX,121.38,10,"[1, 1, 1, 1, 1, 1, 1, 1, 1, 1]",112.6,100.55,124.87,82.37,479840.0
MDB,312.16,6,"[1, 0, 0, 0, 1, 1, 1, 0, 1, 1]",262.65,319.95,440.6,185.01,1534100.0
XPO,204.23,9,"[1, 1, 1, 1, 1, 1, 1, 1, 1, 0]",203.47,159.81,228.37,112.89,1336035.0
ALB,180.38,8,"[0, 1, 1, 1, 1, 1, 1, 1, 1, 0]",182.86,135.49,215.62,54.14,2070985.0
UTHR,568.58,9,"[1, 1, 1, 1, 1, 1, 1, 1, 1, 0]",560.11,469.22,596.76,274.7,410835.0
FSLR,233.37,9,"[1, 1, 1, 0, 1, 1, 1, 1, 1, 1]",201.25,224.13,284.59,143.67,2512125.0
TSN,65.79,10,"[1, 1, 1, 1, 1, 1, 1, 1, 1, 1]",63.9,58.32,68.75,49.87,2899425.0
TSEM,273.98,10,"[1, 1, 1, 1, 1, 1, 1, 1, 1, 1]",191.43,118.91,280.69,38.09,2693690.0
RF,26.66,7,"[0, 0, 1, 1, 1, 1, 1, 1, 1, 0]",26.95,26.45,30.66,20.38,9597040.0
KEY,21.04,9,"[1, 1, 1, 1, 1, 1, 1, 1, 1, 0]",20.8,19.54,22.98,14.93,10624545.0
TEAM,87.46,4,"[1, 0, 0, 0, 0, 0, 1, 0, 1, 1]",73.87,128.93,220.89,57.15,8810760.0
LYB,75.06,10,"[1, 1, 1, 1, 1, 1, 1, 1, 1, 1]",73.64,54.68,82.38,40.7,5939260.0
JBHT,262.21,10,"[1, 1, 1, 1, 1, 1, 1, 1, 1, 1]",226.77,187.69,262.21,129.81,963530.0
SBAC,199.62,5,"[0, 1, 1, 1, 0, 0, 0, 1, 1, 0]",201.78,196.52,235.25,165.15,930685.0
WST,302.89,10,"[1, 1, 1, 1, 1, 1, 1, 1, 1, 1]",270.53,262.45,325.92,204.91,1038750.0
CPAY,328.23,6,"[1, 1, 1, 1, 0, 0, 0, 1, 1, 0]",311.36,308.29,356.38,255.0,526420.0
ENTG,133.07,9,"[1, 1, 1, 1, 1, 1, 1, 1, 1, 0]",131.28,104.16,156.33,68.13,3321375.0
NMR,8.0,7,"[1, 0, 1, 0, 1, 1, 1, 1, 1, 0]",7.98,7.88,9.54,5.94,1525455.0
IHG,148.58,10,"[1, 1, 1, 1, 1, 1, 1, 1, 1, 1]",138.6,131.34,150.38,109.28,210365.0
FN,722.04,10,"[1, 1, 1, 1, 1, 1, 1, 1, 1, 1]",613.08,473.6,746.47,226.97,846945.0
SBS,5.72,8,"[0, 1, 1, 1, 1, 1, 1, 1, 1, 0]",6.23,5.25,7.08,3.81,6621250.0
WWD,349.21,8,"[0, 1, 1, 1, 1, 1, 1, 1, 1, 0]",371.76,310.47,403.25,205.38,853695.0
SITM,774.06,10,"[1, 1, 1, 1, 1, 1, 1, 1, 1, 1]",482.27,355.07,901.48,190.16,485775.0
INSM,109.14,4,"[0, 0, 0, 0, 1, 1, 1, 0, 1, 0]",140.67,156.05,211.41,66.02,3603740.0
BEKE,18.17,6,"[1, 1, 1, 0, 0, 0, 0, 1, 1, 1]",16.4,17.17,19.99,14.54,4626305.0
AKAM,150.88,10,"[1, 1, 1, 1, 1, 1, 1, 1, 1, 1]",111.61,91.29,161.14,70.53,5874600.0
PFG,100.53,10,"[1, 1, 1, 1, 1, 1, 1, 1, 1, 1]",93.7,86.56,101.55,73.43,1318345.0
RL,326.81,5,"[0, 0, 0, 1, 1, 1, 0, 1, 1, 0]",353.77,339.11,389.52,257.2,536815.0
ATI,154.22,9,"[1, 1, 1, 1, 1, 1, 1, 1, 1, 0]",153.57,115.17,166.42,71.34,1870550.0
MRNA,49.04,8,"[0, 1, 1, 1, 1, 1, 1, 1, 1, 0]",51.35,36.57,57.8,22.36,8036295.0
ILMN,142.54,10,"[1, 1, 1, 1, 1, 1, 1, 1, 1, 1]",128.97,119.96,153.95,79.37,1681935.0
AFRM,65.82,5,"[1, 1, 0, 0, 0, 0, 1, 0, 1, 1]",55.42,67.6,92.18,42.53,5266795.0
CRS,408.93,8,"[0, 1, 1, 1, 1, 1, 1, 1, 1, 0]",412.1,328.08,458.16,225.39,673285.0
SMCI,31.04,4,"[1, 0, 0, 0, 0, 0, 1, 0, 1, 1]",27.78,36.65,60.71,20.53,38547290.0
MKSI,303.17,10,"[1, 1, 1, 1, 1, 1, 1, 1, 1, 1]",259.67,184.13,319.71,81.81,1346470.0
IFF,73.1,7,"[1, 1, 1, 1, 1, 0, 0, 1, 1, 0]",72.19,68.29,82.93,58.84,1743215.0
EXPD,155.45,10,"[1, 1, 1, 1, 1, 1, 1, 1, 1, 1]",146.64,139.33,165.04,110.57,1098530.0
ROIV,29.29,9,"[1, 1, 1, 1, 1, 1, 1, 1, 1, 0]",28.37,21.49,29.83,10.62,5189935.0
DD,49.31,10,"[1, 1, 1, 1, 1, 1, 1, 1, 1, 1]",46.34,40.02,51.12,27.15,3788010.0
IREN,52.94,8,"[1, 1, 1, 0, 1, 1, 1, 0, 1, 1]",44.72,43.86,76.41,8.39,52440665.0
RGLD,228.32,7,"[0, 0, 1, 1, 1, 1, 1, 1, 1, 0]",249.52,222.32,303.74,150.48,791745.0
FUTU,134.64,3,"[0, 0, 0, 0, 0, 1, 1, 0, 1, 0]",147.57,162.15,195.9,100.32,1680590.0
ULS,99.0,10,"[1, 1, 1, 1, 1, 1, 1, 1, 1, 1]",88.88,78.59,104.89,62.3,685515.0
CHRW,163.59,7,"[0, 0, 1, 1, 1, 1, 1, 1, 1, 0]",172.38,156.0,199.91,91.5,2127350.0
LUV,38.5,5,"[0, 0, 1, 0, 1, 1, 1, 0, 1, 0]",39.7,37.85,54.56,28.65,7010195.0
DKS,216.48,7,"[1, 1, 1, 0, 0, 1, 1, 1, 1, 0]",208.42,212.16,231.38,163.25,907080.0
VTRS,16.48,10,"[1, 1, 1, 1, 1, 1, 1, 1, 1, 1]",14.47,12.14,17.39,8.03,13645045.0
RCI,35.34,6,"[0, 0, 0, 0, 1, 1, 1, 1, 1, 1]",36.57,36.49,40.6,24.73,1267700.0
FFIV,362.58,9,"[1, 1, 1, 1, 0, 1, 1, 1, 1, 1]",308.22,290.72,364.59,223.99,813755.0
CX,12.56,10,"[1, 1, 1, 1, 1, 1, 1, 1, 1, 1]",11.69,10.81,13.55,6.69,5972175.0
INCY,95.31,6,"[0, 0, 1, 0, 1, 1, 1, 1, 1, 0]",95.39,94.85,110.57,63.31,1454660.0
KEP,13.0,4,"[0, 0, 0, 0, 1, 1, 1, 0, 1, 0]",15.19,16.14,23.26,9.97,722480.0
APG,43.25,8,"[0, 1, 1, 1, 1, 1, 1, 1, 1, 0]",43.81,39.57,49.4,30.41,2991345.0
SNX,230.29,10,"[1, 1, 1, 1, 1, 1, 1, 1, 1, 1]",195.81,163.43,239.07,118.33,675615.0
CDE,17.61,4,"[0, 0, 0, 0, 1, 1, 1, 0, 1, 0]",19.23,18.2,27.15,7.45,19649070.0
RBC,569.06,8,"[0, 1, 1, 1, 1, 1, 1, 1, 1, 0]",575.11,476.11,623.19,359.77,217185.0
BURL,293.6,7,"[0, 0, 1, 1, 1, 1, 1, 1, 1, 0]",318.01,291.18,347.82,222.85,594175.0
ROKU,124.02,10,"[1, 1, 1, 1, 1, 1, 1, 1, 1, 1]",107.58,100.59,129.53,69.01,2822730.0
AMKR,70.35,10,"[1, 1, 1, 1, 1, 1, 1, 1, 1, 1]",58.76,41.95,78.1,17.81,5262150.0
RS,361.73,10,"[1, 1, 1, 1, 1, 1, 1, 1, 1, 1]",327.85,302.48,376.48,263.67,339580.0
BWXT,204.72,8,"[0, 1, 1, 1, 1, 1, 1, 1, 1, 0]",213.12,193.26,238.42,106.94,1055460.0
ZTO,23.74,8,"[0, 1, 1, 1, 1, 1, 1, 1, 1, 0]",24.58,21.36,25.88,16.5,1782080.0
NXT,144.29,10,"[1, 1, 1, 1, 1, 1, 1, 1, 1, 1]",118.39,95.91,144.29,53.8,2245390.0
ITT,194.57,8,"[0, 1, 1, 1, 1, 1, 1, 1, 1, 0]",202.19,185.59,221.69,146.13,730365.0
FTV,58.72,8,"[1, 1, 1, 1, 1, 1, 0, 1, 1, 0]",58.1,53.53,62.01,46.39,3246190.0
IONQ,51.95,7,"[1, 1, 1, 0, 0, 1, 1, 0, 1, 1]",38.98,46.98,82.09,26.59,33421980.0
AGI,40.23,6,"[0, 0, 1, 1, 1, 1, 1, 0, 1, 0]",44.48,38.1,55.29,24.28,3510915.0
BCH,35.88,7,"[0, 0, 1, 1, 1, 1, 1, 1, 1, 0]",37.19,34.51,43.7,25.75,376200.0
YPF,43.66,10,"[1, 1, 1, 1, 1, 1, 1, 1, 1, 1]",42.41,35.57,46.22,23.57,1757770.0
CF,125.24,8,"[1, 1, 1, 1, 1, 1, 0, 0, 1, 1]",123.65,94.87,,,3118770.0
MGA,60.4,10,"[1, 1, 1, 1, 1, 1, 1, 1, 1, 1]",57.95,51.65,67.67,34.52,1818395.0
TLN,334.24,3,"[0, 0, 0, 0, 0, 1, 1, 0, 1, 0]",342.46,372.42,445.84,235.39,671000.0
LSCC,120.11,10,"[1, 1, 1, 1, 1, 1, 1, 1, 1, 1]",106.69,82.51,128.96,44.86,2621585.0
WMG,33.43,8,"[1, 1, 1, 0, 0, 1, 1, 1, 1, 1]",28.0,29.92,33.8,23.65,2716935.0
CIB,63.16,7,"[0, 0, 1, 1, 1, 1, 1, 1, 1, 0]",69.42,62.66,83.05,39.82,310050.0
WCC,358.72,10,"[1, 1, 1, 1, 1, 1, 1, 1, 1, 1]",302.11,261.27,372.05,163.33,712020.0
JBS,13.48,4,"[0, 0, 0, 1, 1, 1, 0, 0, 1, 0]",16.36,15.08,18.42,12.53,5812755.0
WSO,403.15,6,"[1, 1, 1, 1, 0, 0, 0, 1, 1, 0]",399.69,381.54,478.22,318.41,443965.0
DOCN,154.87,10,"[1, 1, 1, 1, 1, 1, 1, 1, 1, 1]",97.27,57.92,163.95,25.74,4054545.0
EWBC,119.41,10,"[1, 1, 1, 1, 1, 1, 1, 1, 1, 1]",113.89,108.67,125.67,88.06,1012070.0
AA,62.53,8,"[0, 1, 1, 1, 1, 1, 1, 1, 1, 0]",65.22,49.23,73.31,26.39,4032640.0
PR,20.84,10,"[1, 1, 1, 1, 1, 1, 1, 1, 1, 1]",20.42,15.62,22.52,11.86,13930455.0
NVMI,509.15,9,"[1, 1, 1, 1, 1, 1, 1, 1, 1, 0]",483.48,377.3,556.11,183.0,355570.0
RTO,31.53,8,"[0, 1, 1, 1, 1, 1, 1, 1, 1, 0]",32.52,28.83,34.52,22.29,973275.0
OWL,9.46,2,"[1, 0, 0, 0, 0, 0, 0, 0, 1, 0]",9.12,13.58,19.42,8.04,31373090.0
OVV,60.0,10,"[1, 1, 1, 1, 1, 1, 1, 1, 1, 1]",57.47,44.81,63.08,34.7,4089435.0
TTMI,167.35,10,"[1, 1, 1, 1, 1, 1, 1, 1, 1, 1]",121.62,81.83,171.87,28.59,2460280.0
BEN,31.83,10,"[1, 1, 1, 1, 1, 1, 1, 1, 1, 1]",26.5,24.47,32.35,20.15,5533560.0
IEX,207.69,10,"[1, 1, 1, 1, 1, 1, 1, 1, 1, 1]",200.69,182.35,218.19,156.29,703105.0
LAMR,145.54,10,"[1, 1, 1, 1, 1, 1, 1, 1, 1, 1]",134.74,126.4,157.93,108.87,741360.0
VNOM,48.98,8,"[1, 1, 1, 1, 1, 1, 0, 0, 1, 1]",46.23,39.85,,,1492405.0
GNRC,263.68,10,"[1, 1, 1, 1, 1, 1, 1, 1, 1, 1]",220.81,187.3,276.49,120.64,877195.0
NDSN,274.88,9,"[1, 1, 1, 1, 1, 1, 1, 1, 1, 0]",274.61,250.19,298.37,190.72,328025.0
SN,105.63,4,"[0, 0, 0, 1, 0, 1, 0, 1, 1, 0]",110.04,110.02,131.45,82.13,2269035.0
H,168.78,8,"[1, 1, 1, 0, 1, 1, 1, 1, 1, 0]",156.13,153.58,172.68,126.28,844120.0
BALL,55.2,6,"[0, 0, 1, 1, 1, 1, 0, 1, 1, 0]",60.56,54.94,67.56,46.08,2874815.0
MLI,136.44,10,"[1, 1, 1, 1, 1, 1, 1, 1, 1, 1]",122.56,111.66,140.83,72.04,637655.0
LOGI,102.99,7,"[1, 1, 1, 0, 0, 1, 0, 1, 1, 1]",96.03,101.83,122.99,81.25,1209070.0
CLH,303.76,10,"[1, 1, 1, 1, 1, 1, 1, 1, 1, 1]",296.15,256.16,313.7,201.73,564130.0
GMAB,26.54,5,"[0, 0, 0, 0, 1, 1, 1, 1, 1, 0]",27.01,29.01,35.34,19.88,1935645.0
PAA,22.9,10,"[1, 1, 1, 1, 1, 1, 1, 1, 1, 1]",21.58,18.25,22.9,14.89,3363820.0
NBIX,158.42,9,"[1, 1, 1, 0, 1, 1, 1, 1, 1, 1]",134.14,138.18,161.32,119.12,1291725.0
HST,21.38,10,"[1, 1, 1, 1, 1, 1, 1, 1, 1, 1]",20.1,17.91,22.27,13.92,7488940.0
JLL,288.23,5,"[0, 0, 0, 0, 1, 1, 1, 1, 1, 0]",314.89,314.92,358.66,215.0,444645.0
ASND,240.5,9,"[1, 1, 1, 1, 1, 1, 1, 1, 1, 0]",231.84,213.75,249.84,157.27,819130.0
LECO,260.92,9,"[1, 1, 1, 1, 1, 1, 1, 1, 1, 0]",258.54,249.45,297.91,188.24,368625.0
OKTA,82.77,4,"[1, 0, 0, 0, 0, 0, 1, 0, 1, 1]",76.88,85.16,127.3,62.93,2855905.0
HTHT,46.05,7,"[0, 0, 1, 1, 1, 1, 1, 1, 1, 0]",49.83,44.03,54.63,29.07,1840335.0
DTM,148.08,10,"[1, 1, 1, 1, 1, 1, 1, 1, 1, 1]",137.81,120.34,148.08,97.12,820185.0
MOD,271.26,10,"[1, 1, 1, 1, 1, 1, 1, 1, 1, 1]",234.88,175.72,292.16,88.79,899695.0
RRX,197.16,8,"[0, 1, 1, 1, 1, 1, 1, 1, 1, 0]",199.82,166.01,231.37,128.18,1215960.0
BSAC,30.18,7,"[0, 0, 1, 1, 1, 1, 1, 1, 1, 0]",31.32,28.88,35.69,21.8,493055.0
JAZZ,228.77,10,"[1, 1, 1, 1, 1, 1, 1, 1, 1, 1]",197.98,161.82,232.33,105.93,959565.0
ONTO,271.77,9,"[1, 1, 1, 1, 1, 1, 1, 1, 1, 0]",246.32,175.24,307.86,90.0,983545.0
OHI,47.33,10,"[1, 1, 1, 1, 1, 1, 1, 1, 1, 1]",45.79,42.83,48.0,33.83,2383670.0
SMMT,16.87,2,"[0, 0, 0, 1, 0, 0, 0, 0, 1, 0]",18.79,19.25,29.32,13.85,4999370.0
RMBS,127.05,10,"[1, 1, 1, 1, 1, 1, 1, 1, 1, 1]",109.48,98.83,158.4,53.47,2974410.0
AUR,7.71,9,"[1, 1, 1, 1, 0, 1, 1, 1, 1, 1]",5.11,4.98,8.4,3.77,31289555.0
NIO,6.1,8,"[1, 1, 1, 1, 0, 1, 1, 1, 1, 0]",6.04,5.8,7.89,3.41,30147025.0
HAS,95.25,9,"[1, 1, 1, 1, 1, 1, 1, 1, 1, 0]",93.53,84.69,105.21,63.58,1782335.0
LTM,46.91,4,"[0, 0, 0, 0, 1, 1, 1, 0, 1, 0]",49.7,50.34,68.29,35.43,935515.0
SUN,71.16,10,"[1, 1, 1, 1, 1, 1, 1, 1, 1, 1]",65.17,55.45,71.16,46.14,614450.0
QXO,16.33,2,"[0, 0, 0, 0, 1, 0, 0, 0, 1, 0]",20.28,20.72,27.07,16.1,19883910.0
AEIS,323.46,8,"[0, 1, 1, 1, 1, 1, 1, 1, 1, 0]",346.86,245.11,389.05,113.7,875390.0
ALLY,41.99,7,"[1, 1, 1, 0, 1, 1, 0, 1, 1, 0]",40.98,40.73,46.41,32.6,3270080.0
PL,41.62,10,"[1, 1, 1, 1, 1, 1, 1, 1, 1, 1]",33.94,20.1,43.04,3.68,9327580.0
EVR,333.56,8,"[1, 1, 1, 0, 1, 1, 1, 1, 1, 0]",316.02,324.79,382.14,221.53,618515.0
SKM,38.26,10,"[1, 1, 1, 1, 1, 1, 1, 1, 1, 1]",33.9,25.56,39.63,19.68,2256120.0
TIGO,79.27,9,"[1, 1, 1, 1, 1, 1, 1, 1, 1, 0]",77.87,57.13,84.88,32.46,1261115.0
SANM,235.34,10,"[1, 1, 1, 1, 1, 1, 1, 1, 1, 1]",167.31,147.53,248.35,81.37,1084915.0
IESC,682.2,10,"[1, 1, 1, 1, 1, 1, 1, 1, 1, 1]",541.3,439.52,697.21,241.87,226630.0
BBIO,66.13,7,"[0, 0, 1, 1, 1, 1, 1, 1, 1, 0]",71.34,65.46,79.91,32.26,3168555.0
TOL,126.22,4,"[0, 0, 0, 0, 1, 1, 0, 1, 1, 0]",139.16,139.33,165.81,102.52,916230.0
DINO,70.01,8,"[1, 1, 1, 1, 1, 1, 0, 0, 1, 1]",61.71,52.82,,,2482880.0
NYT,74.48,8,"[0, 1, 1, 1, 1, 1, 1, 1, 1, 0]",80.51,68.0,85.86,50.99,2104325.0
DY,437.37,10,"[1, 1, 1, 1, 1, 1, 1, 1, 1, 1]",387.21,337.85,457.78,192.12,385010.0
RBRK,63.77,4,"[1, 0, 0, 0, 0, 0, 1, 0, 1, 1]",53.29,69.09,99.74,43.81,2949705.0
DVA,199.74,10,"[1, 1, 1, 1, 1, 1, 1, 1, 1, 1]",158.62,135.1,200.54,103.87,963225.0
GH,94.92,8,"[1, 0, 1, 0, 1, 1, 1, 1, 1, 1]",89.15,86.05,117.28,37.05,1961450.0
PEN,322.32,8,"[0, 1, 1, 1, 1, 1, 1, 1, 1, 0]",330.51,299.72,359.4,225.54,514710.0
BMNR,19.87,2,"[0, 0, 0, 0, 0, 0, 1, 0, 1, 0]",21.31,34.21,134.96,4.26,35710870.0
SWK,75.14,8,"[1, 1, 1, 0, 1, 1, 0, 1, 1, 1]",73.52,73.92,90.95,60.73,2322350.0
ENLT,85.87,10,"[1, 1, 1, 1, 1, 1, 1, 1, 1, 1]",79.4,50.68,93.77,17.15,155525.0
OKLO,62.25,4,"[1, 0, 0, 0, 0, 1, 1, 0, 1, 0]",61.47,86.39,174.14,36.81,15764880.0
BWA,63.21,10,"[1, 1, 1, 1, 1, 1, 1, 1, 1, 1]",55.5,48.07,67.42,31.72,2967455.0
APA,38.98,10,"[1, 1, 1, 1, 1, 1, 1, 1, 1, 1]",38.16,27.52,44.09,16.04,6685290.0
IONS,74.23,6,"[0, 0, 1, 0, 1, 1, 1, 1, 1, 0]",74.24,71.38,86.5,32.43,1844055.0
HL,17.64,5,"[0, 0, 1, 0, 1, 1, 1, 0, 1, 0]",18.94,16.71,31.8,4.86,13927090.0
HII,326.17,5,"[0, 0, 0, 1, 1, 1, 1, 0, 1, 0]",381.68,340.74,453.73,219.29,615135.0
FIVE,213.64,8,"[0, 1, 1, 1, 1, 1, 1, 1, 1, 0]",225.44,183.3,247.71,106.52,1009805.0
U,27.16,4,"[1, 0, 0, 0, 0, 0, 1, 0, 1, 1]",23.24,34.15,49.47,17.13,11273485.0
IVZ,27.12,9,"[1, 1, 1, 0, 1, 1, 1, 1, 1, 1]",24.66,24.15,28.98,13.77,5580120.0
NTNX,46.34,4,"[1, 0, 0, 0, 0, 0, 1, 0, 1, 1]",40.6,54.63,83.07,34.41,2993845.0
MEDP,415.27,4,"[0, 0, 0, 0, 1, 1, 1, 0, 1, 0]",461.01,513.1,620.59,293.03,489275.0
EXEL,50.13,10,"[1, 1, 1, 1, 1, 1, 1, 1, 1, 1]",44.36,41.94,51.29,34.54,2948330.0
ALGN,157.25,5,"[0, 0, 1, 1, 1, 0, 0, 1, 1, 0]",175.35,156.87,207.19,124.88,1031165.0
BLD,400.76,5,"[1, 0, 0, 0, 1, 1, 1, 0, 1, 0]",396.54,429.69,550.9,279.22,1133565.0
WLK,88.59,6,"[0, 0, 1, 1, 1, 1, 1, 0, 1, 0]",110.48,87.31,123.39,55.61,1206515.0
SAIA,460.38,10,"[1, 1, 1, 1, 1, 1, 1, 1, 1, 1]",391.43,340.56,460.38,250.48,439650.0
MP,61.27,6,"[1, 1, 0, 0, 0, 1, 1, 0, 1, 1]",59.28,63.22,98.65,18.77,6727485.0
VIAV,51.43,10,"[1, 1, 1, 1, 1, 1, 1, 1, 1, 1]",41.08,23.05,55.33,9.09,6566825.0
AAOI,190.36,10,"[1, 1, 1, 1, 1, 1, 1, 1, 1, 1]",135.51,59.18,223.1,15.42,11587475.0
PINS,19.47,2,"[1, 0, 0, 0, 0, 0, 0, 0, 1, 0]",19.34,26.48,39.17,15.42,18833610.0
AIZ,254.61,9,"[1, 1, 1, 0, 1, 1, 1, 1, 1, 1]",225.83,222.03,254.61,182.42,493200.0
WBS,71.16,9,"[1, 1, 1, 1, 1, 1, 1, 1, 1, 0]",70.32,63.5,73.42,49.51,2529325.0
ELAN,19.86,5,"[0, 0, 0, 1, 1, 1, 1, 0, 1, 0]",23.26,21.89,26.84,12.62,6378215.0
GLXY,29.61,7,"[1, 1, 1, 0, 0, 1, 1, 0, 1, 1]",23.98,27.31,42.86,16.84,5423125.0
APLD,42.56,10,"[1, 1, 1, 1, 1, 1, 1, 1, 1, 1]",31.26,27.87,46.71,6.73,24339350.0
MDGL,523.69,8,"[1, 1, 1, 0, 1, 1, 1, 1, 1, 0]",499.15,479.59,602.83,267.56,279260.0
VICR,273.67,10,"[1, 1, 1, 1, 1, 1, 1, 1, 1, 1]",213.14,126.02,312.96,41.47,1059110.0
COKE,170.27,8,"[0, 1, 1, 1, 1, 1, 1, 1, 1, 0]",194.82,155.74,216.63,104.97,604180.0
LFUS,446.11,10,"[1, 1, 1, 1, 1, 1, 1, 1, 1, 1]",377.16,299.82,481.02,201.16,369685.0
FORM,126.27,9,"[1, 1, 1, 1, 1, 1, 1, 1, 1, 0]",118.79,70.17,155.08,27.62,2381175.0
AAON,135.49,10,"[1, 1, 1, 1, 1, 1, 1, 1, 1, 1]",95.06,91.43,141.7,71.53,1401565.0
TFII,141.15,10,"[1, 1, 1, 1, 1, 1, 1, 1, 1, 1]",122.03,104.35,144.82,80.35,372925.0
AIT,307.17,8,"[1, 1, 1, 1, 1, 1, 0, 0, 1, 1]",282.77,268.01,,,269410.0
SMTC,137.64,10,"[1, 1, 1, 1, 1, 1, 1, 1, 1, 1]",96.2,76.87,141.16,35.76,2585885.0
WULF,22.32,10,"[1, 1, 1, 1, 1, 1, 1, 1, 1, 1]",18.63,14.02,25.74,3.53,30054210.0
POWL,292.65,10,"[1, 1, 1, 1, 1, 1, 1, 1, 1, 1]",226.42,145.9,322.05,56.4,744340.0
TIMB,21.92,6,"[0, 0, 0, 1, 1, 1, 1, 1, 1, 0]",25.6,22.97,27.96,16.74,417345.0
AXSM,227.72,10,"[1, 1, 1, 1, 1, 1, 1, 1, 1, 1]",183.05,153.53,235.32,100.39,923585.0
WMS,135.64,4,"[0, 0, 0, 0, 1, 1, 0, 1, 1, 0]",143.67,146.5,175.2,106.85,771055.0
HMY,15.71,3,"[0, 0, 0, 0, 1, 1, 0, 0, 1, 0]",16.08,17.7,25.55,12.37,4806800.0
HUT,102.47,10,"[1, 1, 1, 1, 1, 1, 1, 1, 1, 1]",68.0,49.05,109.37,15.21,5214605.0
IAG,16.98,6,"[0, 0, 1, 1, 1, 1, 1, 0, 1, 0]",18.54,15.54,24.57,6.3,7240070.0
CGNX,64.26,8,"[1, 1, 1, 1, 1, 1, 0, 0, 1, 1]",54.2,45.61,,,2673220.0
KTOS,52.09,4,"[0, 0, 0, 0, 1, 1, 1, 0, 1, 0]",71.81,80.79,130.72,34.33,4435630.0
JEF,52.23,5,"[1, 0, 0, 0, 0, 0, 1, 1, 1, 1]",44.54,54.95,69.33,36.02,2184400.0
AG,20.42,7,"[0, 1, 1, 1, 1, 1, 1, 0, 1, 0]",21.37,16.91,32.01,5.61,13663050.0
EMBJ,55.76,3,"[0, 0, 0, 0, 1, 1, 0, 0, 1, 0]",62.22,63.67,79.88,45.95,1695855.0
ESI,42.34,10,"[1, 1, 1, 1, 1, 1, 1, 1, 1, 1]",37.19,29.6,45.06,20.83,3458875.0
JOBY,10.36,4,"[1, 0, 0, 0, 0, 0, 1, 0, 1, 1]",9.26,13.16,20.39,6.63,32635235.0
MUSA,561.68,10,"[1, 1, 1, 1, 1, 1, 1, 1, 1, 1]",511.3,420.84,604.52,355.6,343250.0
BTSG,57.9,10,"[1, 1, 1, 1, 1, 1, 1, 1, 1, 1]",46.47,36.13,58.4,19.36,3049390.0
GSAT,81.98,10,"[1, 1, 1, 1, 1, 1, 1, 1, 1, 1]",72.54,55.43,82.67,18.26,1324355.0
GMED,76.64,6,"[0, 0, 0, 1, 1, 1, 1, 1, 1, 0]",87.88,78.42,96.82,51.89,1545875.0
BEP,34.37,9,"[1, 1, 1, 1, 1, 1, 1, 1, 1, 0]",32.91,28.92,35.38,22.24,985080.0
KNX,69.06,10,"[1, 1, 1, 1, 1, 1, 1, 1, 1, 1]",60.07,51.42,69.06,38.68,4352670.0
ALSN,116.99,8,"[0, 1, 1, 1, 1, 1, 1, 1, 1, 0]",122.26,101.57,136.0,78.81,913640.0
SNAP,5.53,3,"[1, 0, 0, 0, 0, 0, 1, 0, 1, 0]",5.24,6.88,10.35,3.93,46181450.0
ARWR,76.67,10,"[1, 1, 1, 1, 1, 1, 1, 1, 1, 1]",66.47,51.64,79.69,14.71,1779115.0
WTFC,144.58,8,"[1, 1, 1, 1, 1, 1, 0, 1, 1, 0]",142.14,137.75,160.74,115.5,458540.0
AES,14.47,9,"[1, 1, 1, 0, 1, 1, 1, 1, 1, 1]",14.17,13.85,17.07,9.16,12173050.0
SPXC,200.99,5,"[0, 0, 0, 0, 1, 1, 1, 1, 1, 0]",207.7,205.4,243.04,149.77,524970.0
VFS,3.83,9,"[1, 1, 1, 1, 1, 1, 1, 1, 1, 0]",3.82,3.46,4.76,2.81,899265.0
AHR,49.35,8,"[0, 1, 1, 1, 1, 1, 1, 1, 1, 0]",49.77,46.48,52.91,33.19,2229760.0
DAR,62.37,10,"[1, 1, 1, 1, 1, 1, 1, 1, 1, 1]",60.04,42.64,64.84,29.74,2662750.0
FCFS,226.54,8,"[1, 1, 1, 1, 1, 1, 0, 0, 1, 1]",204.64,169.81,,,367055.0
UMBF,124.65,9,"[1, 1, 1, 1, 1, 1, 0, 1, 1, 1]",119.35,117.6,133.95,97.66,783225.0
ARW,208.37,10,"[1, 1, 1, 1, 1, 1, 1, 1, 1, 1]",165.64,133.44,214.24,101.87,803980.0
MOG-A,303.61,8,"[0, 1, 1, 1, 1, 1, 1, 1, 1, 0]",306.3,254.69,349.26,173.2,252265.0
HBM,24.95,9,"[1, 1, 1, 1, 1, 1, 1, 1, 1, 0]",22.8,18.98,28.32,8.12,5652565.0
GTLS,207.3,8,"[0, 1, 1, 1, 1, 1, 1, 1, 1, 0]",207.45,204.03,208.4,142.58,1043780.0
MGM,36.97,6,"[0, 1, 1, 1, 0, 1, 0, 1, 1, 0]",37.49,35.6,40.55,30.72,4767370.0
VMI,506.75,10,"[1, 1, 1, 1, 1, 1, 1, 1, 1, 1]",445.64,417.37,522.81,310.14,229645.0
ABVX,114.53,7,"[0, 0, 1, 1, 1, 1, 1, 1, 1, 0]",117.14,106.91,145.31,5.67,835375.0
CTRE,41.14,10,"[1, 1, 1, 1, 1, 1, 1, 1, 1, 1]",38.97,36.22,42.44,26.98,2036405.0
MOH,184.99,6,"[1, 1, 1, 0, 0, 0, 1, 0, 1, 1]",158.99,165.39,326.15,122.65,1360880.0
BPOP,144.04,9,"[1, 1, 1, 1, 1, 1, 1, 1, 1, 0]",140.62,127.36,150.74,99.64,494215.0
SNEX,110.21,10,"[1, 1, 1, 1, 1, 1, 1, 1, 1, 1]",92.73,73.65,121.92,54.63,646970.0
CYTK,75.85,10,"[1, 1, 1, 1, 1, 1, 1, 1, 1, 1]",65.94,59.53,78.64,30.28,3569190.0
VSAT,69.5,10,"[1, 1, 1, 1, 1, 1, 1, 1, 1, 1]",56.68,40.99,74.3,8.73,1469560.0
ICLR,116.38,3,"[1, 0, 0, 0, 0, 0, 1, 0, 1, 0]",109.72,153.74,202.92,80.08,1420120.0
AGX,722.31,10,"[1, 1, 1, 1, 1, 1, 1, 1, 1, 1]",582.23,379.23,740.91,187.42,279535.0
CAMT,168.35,8,"[0, 1, 1, 1, 1, 1, 1, 1, 1, 0]",173.87,130.32,207.46,64.71,478270.0
SBSW,12.12,4,"[0, 0, 0, 0, 1, 1, 1, 0, 1, 0]",12.63,12.28,20.52,4.62,4508250.0
MASI,178.47,10,"[1, 1, 1, 1, 1, 1, 1, 1, 1, 1]",177.84,153.67,178.73,127.4,794225.0
ELPC,11.72,8,"[0, 1, 1, 1, 1, 1, 1, 1, 1, 0]",12.16,10.01,13.39,7.32,299495.0
TTC,88.68,8,"[0, 1, 1, 1, 1, 1, 1, 1, 1, 0]",94.54,83.66,101.33,66.03,668300.0
R,230.91,10,"[1, 1, 1, 1, 1, 1, 1, 1, 1, 1]",218.11,194.53,253.77,144.13,449790.0
CAVA,76.87,7,"[0, 1, 1, 1, 1, 0, 1, 1, 1, 0]",85.41,69.03,97.39,43.59,2746400.0
PRAX,342.58,10,"[1, 1, 1, 1, 1, 1, 1, 1, 1, 1]",319.44,216.76,347.55,36.1,402055.0
ZION,59.63,7,"[1, 1, 1, 1, 1, 1, 0, 0, 1, 0]",58.81,56.32,,,1534315.0
SIRI,25.83,9,"[1, 1, 1, 1, 0, 1, 1, 1, 1, 1]",24.29,21.94,27.78,19.47,6263425.0
RIOT,23.49,10,"[1, 1, 1, 1, 1, 1, 1, 1, 1, 1]",17.08,16.22,25.34,8.07,20005775.0
FLS,65.07,5,"[0, 0, 0, 1, 1, 1, 1, 0, 1, 0]",76.28,68.48,91.76,45.36,3048285.0
ALGM,43.1,10,"[1, 1, 1, 1, 1, 1, 1, 1, 1, 1]",38.3,32.68,51.37,22.8,2703045.0
GDS,42.44,8,"[0, 1, 1, 1, 1, 1, 1, 1, 1, 0]",42.79,38.69,47.52,23.69,1802405.0
KRYS,306.29,10,"[1, 1, 1, 1, 1, 1, 1, 1, 1, 1]",268.74,225.31,316.3,123.36,318010.0
EGO,31.66,4,"[0, 0, 0, 0, 1, 1, 1, 0, 1, 0]",34.34,32.71,49.63,17.82,4313045.0
GGB,4.6,10,"[1, 1, 1, 1, 1, 1, 1, 1, 1, 1]",4.01,3.63,4.89,2.58,17837650.0
MXL,92.34,10,"[1, 1, 1, 1, 1, 1, 1, 1, 1, 1]",38.97,22.32,102.27,11.39,8101825.0
IBRX,7.97,9,"[1, 1, 1, 1, 1, 1, 1, 0, 1, 1]",7.78,4.56,11.55,1.98,12235795.0
AAL,12.31,5,"[1, 0, 0, 0, 1, 1, 0, 1, 1, 0]",11.52,12.96,16.26,10.18,51987455.0
DDS,538.69,5,"[0, 0, 0, 0, 1, 1, 1, 1, 1, 0]",578.58,589.46,699.91,374.62,107305.0
FRO,36.66,9,"[1, 1, 1, 1, 1, 1, 1, 1, 1, 0]",35.13,26.58,39.51,15.91,2472095.0
CRUS,159.71,9,"[1, 1, 1, 1, 1, 1, 1, 1, 1, 0]",154.05,131.2,174.23,97.25,677470.0
BVN,34.29,9,"[1, 1, 1, 1, 1, 1, 1, 1, 1, 0]",34.24,28.09,42.44,14.11,1538180.0
W,58.22,4,"[0, 0, 0, 0, 1, 1, 1, 0, 1, 0]",72.54,86.99,119.05,36.2,4264250.0
LUMN,10.05,9,"[1, 1, 1, 0, 1, 1, 1, 1, 1, 1]",7.84,7.37,11.83,3.7,14526005.0
LLYVK,99.51,9,"[1, 1, 1, 1, 0, 1, 1, 1, 1, 1]",95.61,90.64,101.9,72.66,301630.0
LLYVA,96.53,9,"[1, 1, 1, 1, 0, 1, 1, 1, 1, 1]",93.19,88.2,98.96,71.86,230065.0
LEVI,20.98,5,"[1, 1, 0, 0, 0, 1, 0, 1, 1, 0]",20.62,21.07,24.19,16.29,2953550.0
COLB,28.77,9,"[1, 1, 1, 1, 1, 1, 1, 1, 1, 0]",28.31,27.28,32.03,21.16,2800285.0
OSK,120.39,4,"[0, 0, 0, 1, 1, 1, 0, 0, 1, 0]",146.85,140.94,177.94,96.66,732500.0
MTCH,35.4,7,"[1, 1, 1, 1, 0, 1, 0, 1, 1, 0]",33.52,33.28,38.67,28.53,3795340.0
FR,60.83,9,"[1, 1, 1, 1, 1, 1, 1, 1, 1, 0]",60.52,56.02,64.4,46.4,931535.0
CRL,150.85,3,"[0, 0, 0, 0, 1, 1, 0, 0, 1, 0]",169.02,176.1,226.77,134.98,845525.0
FROG,66.16,9,"[1, 1, 1, 0, 1, 1, 1, 1, 1, 1]",48.24,51.42,70.55,34.75,2741465.0
ZWS,48.06,10,"[1, 1, 1, 1, 1, 1, 1, 1, 1, 1]",47.93,47.21,52.8,34.98,1205905.0
SIMO,259.99,10,"[1, 1, 1, 1, 1, 1, 1, 1, 1, 1]",157.15,112.0,269.87,60.1,1235065.0
ENS,236.98,10,"[1, 1, 1, 1, 1, 1, 1, 1, 1, 1]",192.07,149.17,239.63,79.56,331880.0
PRMB,23.18,7,"[1, 1, 1, 1, 0, 0, 1, 0, 1, 1]",20.25,20.16,32.43,14.28,4478150.0
EMN,71.58,7,"[0, 1, 1, 1, 1, 0, 1, 1, 1, 0]",72.34,66.49,80.39,54.98,1164420.0
CIFR,20.33,9,"[1, 1, 1, 0, 1, 1, 1, 1, 1, 1]",16.72,15.16,24.71,3.12,26712890.0
QBTS,20.35,5,"[1, 0, 0, 0, 1, 1, 1, 0, 1, 0]",18.21,22.85,44.78,12.25,27939145.0
ECG,156.72,10,"[1, 1, 1, 1, 1, 1, 1, 1, 1, 1]",131.9,99.33,169.16,56.7,709725.0
NUVL,102.3,9,"[1, 1, 1, 1, 1, 1, 1, 1, 1, 0]",102.05,96.04,111.99,71.43,562910.0
FIGR,43.28,5,"[1, 1, 0, 0, 0, 0, 1, 0, 1, 1]",35.09,43.28,73.91,25.28,3922980.0
ICL,6.41,7,"[1, 1, 1, 0, 0, 0, 1, 1, 1, 1]",5.44,5.67,7.25,4.76,1461025.0
TKR,114.49,10,"[1, 1, 1, 1, 1, 1, 1, 1, 1, 1]",105.36,89.29,119.7,67.63,954710.0
SSL,13.52,10,"[1, 1, 1, 1, 1, 1, 1, 1, 1, 1]",12.53,8.1,14.29,3.86,1496660.0
KRMN,62.77,5,"[0, 0, 0, 1, 1, 1, 1, 0, 1, 0]",83.12,76.92,115.29,41.85,2131015.0
BOKF,126.36,6,"[0, 1, 1, 1, 1, 1, 0, 0, 1, 0]",129.58,118.4,,,308610.0
NXE,11.24,8,"[0, 1, 1, 1, 1, 1, 1, 1, 1, 0]",12.02,10.05,13.92,5.37,6092950.0
NE,52.9,10,"[1, 1, 1, 1, 1, 1, 1, 1, 1, 1]",48.87,35.46,53.6,21.85,1615375.0
AMG,293.91,9,"[1, 1, 1, 1, 1, 1, 1, 1, 1, 0]",286.97,270.28,330.73,173.94,319240.0
IDA,139.96,7,"[0, 1, 1, 1, 1, 1, 0, 1, 1, 0]",142.82,132.19,147.93,109.86,500360.0
JHG,51.72,10,"[1, 1, 1, 1, 1, 1, 1, 1, 1, 1]",51.4,46.82,53.21,35.33,2206930.0
VIRT,54.49,10,"[1, 1, 1, 1, 1, 1, 1, 1, 1, 1]",46.78,39.04,54.99,31.98,1353055.0
MSGS,351.54,10,"[1, 1, 1, 1, 1, 1, 1, 1, 1, 1]",327.09,261.29,351.54,186.85,249175.0
ROAD,118.05,6,"[0, 1, 1, 1, 0, 1, 0, 1, 1, 0]",118.73,117.43,140.48,93.43,553000.0
CMC,71.25,9,"[1, 1, 1, 0, 1, 1, 1, 1, 1, 1]",65.53,64.73,82.94,45.57,893735.0
JXN,109.83,10,"[1, 1, 1, 1, 1, 1, 1, 1, 1, 1]",107.95,103.02,121.16,78.18,587660.0
ESE,289.87,8,"[0, 1, 1, 1, 1, 1, 1, 1, 1, 0]",296.73,237.16,339.35,177.69,323900.0
GKOS,144.01,10,"[1, 1, 1, 1, 1, 1, 1, 1, 1, 1]",118.15,104.05,144.01,74.67,799535.0
CWEN,36.35,8,"[0, 1, 1, 1, 1, 1, 1, 1, 1, 0]",39.04,34.14,41.07,27.21,1087410.0
CIG,2.19,7,"[0, 1, 1, 1, 1, 1, 0, 1, 1, 0]",2.38,2.08,2.67,1.71,4908750.0
MBLY,10.02,4,"[1, 0, 0, 0, 0, 0, 1, 0, 1, 1]",8.09,11.14,19.08,6.56,7362535.0
KNTK,51.27,10,"[1, 1, 1, 1, 1, 1, 1, 1, 1, 1]",46.91,39.97,51.27,30.53,1142520.0
CHRD,148.39,10,"[1, 1, 1, 1, 1, 1, 1, 1, 1, 1]",135.77,106.02,149.25,82.92,724740.0
MIDD,143.58,7,"[1, 1, 1, 1, 1, 0, 0, 1, 1, 0]",142.16,140.12,168.86,111.68,688600.0
PCVX,52.39,8,"[0, 1, 1, 1, 1, 1, 1, 1, 1, 0]",57.47,47.1,63.04,29.67,1469975.0
KEX,145.7,10,"[1, 1, 1, 1, 1, 1, 1, 1, 1, 1]",139.04,114.14,152.59,79.95,690980.0
HALO,67.12,4,"[1, 0, 0, 0, 0, 1, 0, 1, 1, 0]",65.58,68.92,81.23,52.02,1731400.0
YOU,58.89,10,"[1, 1, 1, 1, 1, 1, 1, 1, 1, 1]",52.07,38.95,60.94,23.52,1641165.0
ORA,131.52,10,"[1, 1, 1, 1, 1, 1, 1, 1, 1, 1]",113.83,108.46,135.45,70.7,1070980.0
VLY,12.93,9,"[1, 1, 1, 1, 1, 1, 1, 1, 1, 0]",12.77,11.52,13.77,8.18,6217265.0
VFC,16.68,6,"[0, 0, 0, 1, 1, 1, 1, 1, 1, 0]",17.97,16.81,21.55,11.27,6407810.0
WFRD,108.83,10,"[1, 1, 1, 1, 1, 1, 1, 1, 1, 1]",98.86,81.28,110.07,43.03,1299830.0
CORZ,24.21,10,"[1, 1, 1, 1, 1, 1, 1, 1, 1, 1]",18.76,17.25,24.92,10.65,17286835.0
CWAN,24.35,10,"[1, 1, 1, 1, 1, 1, 1, 1, 1, 1]",23.86,21.7,24.75,15.89,3377895.0
TEX,60.13,8,"[0, 1, 1, 1, 1, 1, 1, 1, 1, 0]",60.99,55.75,69.33,41.67,1194760.0
SOBO,37.28,10,"[1, 1, 1, 1, 1, 1, 1, 1, 1, 1]",33.48,28.93,37.28,23.9,930920.0
FAF,67.11,9,"[1, 1, 1, 1, 1, 1, 0, 1, 1, 1]",64.78,63.47,71.12,52.27,865620.0
IDCC,260.37,3,"[0, 0, 0, 0, 1, 1, 0, 0, 1, 0]",327.57,330.51,394.78,209.53,376220.0
OR,36.42,6,"[0, 0, 0, 1, 1, 1, 1, 1, 1, 0]",38.76,37.08,47.66,23.24,896895.0
HXL,88.65,10,"[1, 1, 1, 1, 1, 1, 1, 1, 1, 1]",85.97,75.58,96.48,50.93,1155080.0
OGC,31.41,7,"[0, 1, 1, 1, 1, 1, 1, 0, 1, 0]",32.67,27.67,42.52,12.0,268490.0
SLAB,216.59,10,"[1, 1, 1, 1, 1, 1, 1, 1, 1, 1]",210.96,160.94,218.27,116.08,459315.0
RIG,7.04,10,"[1, 1, 1, 1, 1, 1, 1, 1, 1, 1]",6.46,4.66,7.04,2.41,35843550.0
PLXS,258.43,10,"[1, 1, 1, 1, 1, 1, 1, 1, 1, 1]",226.2,172.88,271.78,118.29,357565.0
GGAL,40.79,3,"[0, 0, 0, 0, 1, 0, 1, 0, 1, 0]",43.48,44.16,60.44,25.39,1079175.0
SSRM,31.39,9,"[1, 1, 1, 1, 1, 1, 1, 1, 1, 0]",30.09,24.38,35.74,10.74,3155130.0
LTH,33.74,9,"[1, 1, 1, 1, 0, 1, 1, 1, 1, 1]",27.93,27.42,33.79,24.59,3449745.0
KYMR,82.21,8,"[0, 1, 1, 1, 1, 1, 1, 1, 1, 0]",83.49,69.14,95.03,28.14,491520.0
SM,32.59,9,"[1, 1, 1, 1, 0, 1, 1, 1, 1, 1]",29.16,23.62,32.72,17.42,3993625.0
LEA,132.72,10,"[1, 1, 1, 1, 1, 1, 1, 1, 1, 1]",124.42,114.05,140.07,84.94,588845.0
HR,20.29,10,"[1, 1, 1, 1, 1, 1, 1, 1, 1, 1]",18.17,17.31,20.37,13.45,4944180.0
RHP,104.79,9,"[1, 1, 1, 1, 1, 1, 0, 1, 1, 1]",98.56,94.04,110.95,83.73,696030.0
NOV,20.37,10,"[1, 1, 1, 1, 1, 1, 1, 1, 1, 1]",19.44,16.28,20.82,11.55,5101790.0
DBX,26.82,5,"[1, 1, 0, 0, 0, 0, 0, 1, 1, 1]",24.52,27.25,32.17,22.06,3945500.0
TFPM,31.98,6,"[0, 0, 0, 1, 1, 1, 1, 1, 1, 0]",34.41,32.29,41.3,19.81,587665.0
AUGO,76.42,6,"[0, 1, 1, 1, 1, 0, 1, 0, 1, 0]",84.51,54.53,109.14,23.05,780580.0
MTDR,60.34,10,"[1, 1, 1, 1, 1, 1, 1, 1, 1, 1]",59.15,47.82,65.01,36.31,1626105.0
MYRG,467.46,10,"[1, 1, 1, 1, 1, 1, 1, 1, 1, 1]",332.84,247.7,473.07,156.85,316260.0
AVT,84.06,10,"[1, 1, 1, 1, 1, 1, 1, 1, 1, 1]",70.24,56.99,86.67,43.81,1492530.0
LGN,84.3,7,"[1, 1, 0, 1, 0, 0, 1, 1, 1, 1]",69.33,84.3,102.27,29.72,1721490.0
BRKR,42.88,8,"[1, 1, 1, 0, 1, 0, 1, 1, 1, 1]",37.7,39.52,54.38,29.23,2436555.0
SGHC,13.14,9,"[1, 1, 1, 1, 0, 1, 1, 1, 1, 1]",11.54,11.42,14.02,8.27,4039905.0
STEP,53.54,2,"[1, 0, 0, 0, 0, 0, 0, 0, 1, 0]",50.15,59.05,75.82,43.14,789090.0
UGP,5.73,9,"[1, 1, 1, 1, 1, 1, 1, 1, 1, 0]",5.62,4.45,6.11,2.83,2479125.0
VAL,105.43,10,"[1, 1, 1, 1, 1, 1, 1, 1, 1, 1]",96.02,66.91,105.43,36.06,942745.0
BLSH,35.66,3,"[0, 0, 0, 0, 1, 0, 1, 0, 1, 0]",39.06,35.66,74.63,24.9,1343340.0
TGTX,39.5,10,"[1, 1, 1, 1, 1, 1, 1, 1, 1, 1]",34.33,32.06,43.14,26.39,2399855.0
MIRM,102.18,10,"[1, 1, 1, 1, 1, 1, 1, 1, 1, 1]",95.77,82.4,111.39,43.73,1225470.0
ST,48.5,10,"[1, 1, 1, 1, 1, 1, 1, 1, 1, 1]",38.67,34.17,48.93,24.85,2490260.0
NPO,311.74,10,"[1, 1, 1, 1, 1, 1, 1, 1, 1, 1]",273.61,240.28,323.3,174.59,244795.0
PAYC,136.24,3,"[1, 0, 0, 0, 0, 0, 0, 0, 1, 1]",126.79,165.14,263.95,113.59,1023230.0
SYRE,74.92,10,"[1, 1, 1, 1, 1, 1, 1, 1, 1, 1]",58.48,34.07,76.43,14.68,1124165.0
SWX,87.7,6,"[0, 1, 1, 1, 1, 1, 0, 0, 1, 0]",88.6,81.76,,,485500.0
COMP,7.88,5,"[1, 0, 0, 0, 1, 1, 1, 0, 1, 0]",7.84,9.24,13.58,5.8,12712170.0
AROC,37.43,10,"[1, 1, 1, 1, 1, 1, 1, 1, 1, 1]",36.22,28.48,39.59,21.54,1688965.0
AXTI,123.78,10,"[1, 1, 1, 1, 1, 1, 1, 1, 1, 1]",72.0,27.17,125.81,1.41,12221325.0
RSI,26.77,9,"[1, 1, 1, 1, 0, 1, 1, 1, 1, 1]",23.4,20.17,29.17,11.61,2386695.0
RYTM,90.52,7,"[1, 0, 0, 0, 1, 1, 1, 1, 1, 1]",87.43,98.66,117.62,59.18,795240.0
HIMS,25.05,3,"[1, 0, 0, 0, 0, 0, 1, 0, 1, 0]",24.16,35.85,66.18,14.52,30787910.0
PTGX,102.18,9,"[1, 1, 1, 1, 1, 1, 1, 1, 1, 0]",100.78,82.08,105.98,44.49,599105.0
ACA,124.14,10,"[1, 1, 1, 1, 1, 1, 1, 1, 1, 1]",114.08,106.28,131.39,83.54,299530.0
FNB,17.07,7,"[0, 1, 1, 1, 1, 1, 0, 1, 1, 0]",17.1,16.61,18.79,13.33,4856230.0
FLY,40.43,5,"[1, 1, 0, 1, 0, 0, 1, 0, 1, 0]",32.24,40.43,60.35,16.78,5994630.0
CELC,137.68,10,"[1, 1, 1, 1, 1, 1, 1, 1, 1, 1]",119.71,90.45,144.98,10.44,1259220.0
ENIC,4.19,9,"[1, 1, 1, 1, 1, 1, 1, 1, 1, 0]",4.12,3.84,4.54,3.01,871895.0
INGM,25.27,8,"[0, 1, 1, 1, 1, 1, 1, 1, 1, 0]",25.8,22.18,30.76,18.49,1799985.0
LUNR,33.89,10,"[1, 1, 1, 1, 1, 1, 1, 1, 1, 1]",23.59,15.62,36.52,8.05,12368600.0
RGTI,17.85,5,"[1, 0, 0, 0, 1, 1, 1, 0, 1, 0]",16.65,23.01,56.34,10.79,28397720.0
CLF,10.31,6,"[1, 0, 0, 0, 1, 1, 1, 0, 1, 1]",9.42,11.45,16.18,5.83,18257095.0
CE,56.8,8,"[0, 1, 1, 1, 1, 1, 1, 1, 1, 0]",61.71,48.88,69.24,35.49,2142365.0
APGE,81.14,8,"[0, 1, 1, 1, 1, 1, 1, 1, 1, 0]",81.43,64.03,92.2,34.65,603925.0
LSTR,176.04,10,"[1, 1, 1, 1, 1, 1, 1, 1, 1, 1]",166.69,143.78,184.59,118.36,513555.0
GVA,138.55,10,"[1, 1, 1, 1, 1, 1, 1, 1, 1, 1]",126.94,116.1,143.13,85.75,648445.0
VIST,72.29,10,"[1, 1, 1, 1, 1, 1, 1, 1, 1, 1]",68.74,51.74,76.55,33.7,1314780.0
KGS,73.49,10,"[1, 1, 1, 1, 1, 1, 1, 1, 1, 1]",62.62,43.67,75.74,29.95,1932425.0
CNTA,39.59,9,"[1, 1, 1, 1, 1, 1, 1, 1, 1, 0]",35.53,26.35,39.86,11.86,1545010.0
URBN,68.95,3,"[1, 0, 0, 0, 0, 0, 0, 1, 1, 0]",67.33,70.54,82.7,59.57,1116840.0
PTCT,71.47,7,"[1, 0, 1, 0, 1, 1, 1, 1, 1, 0]",68.56,67.67,86.25,43.3,1548955.0
ETSY,58.07,6,"[1, 1, 0, 0, 0, 1, 1, 1, 1, 0]",57.1,58.79,75.56,44.05,3442600.0
LNTH,93.91,10,"[1, 1, 1, 1, 1, 1, 1, 1, 1, 1]",82.34,66.06,96.67,50.11,929930.0
VNO,30.58,3,"[1, 0, 0, 0, 0, 0, 0, 0, 1, 1]",27.99,33.38,42.04,24.71,1843575.0
REZI,28.35,5,"[0, 0, 0, 1, 1, 1, 1, 0, 1, 0]",36.61,36.27,44.5,19.89,1507290.0
OUT,31.51,10,"[1, 1, 1, 1, 1, 1, 1, 1, 1, 1]",29.09,23.1,33.9,14.81,1525185.0
FLG,13.23,7,"[0, 1, 1, 1, 1, 1, 0, 1, 1, 0]",13.52,12.65,14.81,10.58,4866490.0
EAT,137.22,3,"[0, 0, 0, 1, 0, 0, 1, 0, 1, 0]",144.41,144.22,184.02,102.29,1521045.0
GXO,48.18,3,"[0, 0, 0, 0, 1, 1, 0, 0, 1, 0]",53.59,54.06,65.59,39.63,1538375.0
COGT,32.68,7,"[0, 0, 1, 1, 1, 1, 1, 1, 1, 0]",35.83,28.64,42.11,4.82,1429290.0
IBP,209.19,4,"[0, 0, 0, 0, 1, 1, 1, 0, 1, 0]",273.28,270.92,341.42,152.0,544220.0
ABCB,82.56,9,"[1, 1, 1, 1, 1, 1, 1, 1, 1, 0]",80.87,76.59,87.26,59.09,485680.0
TFX,129.71,7,"[1, 1, 1, 1, 0, 1, 0, 1, 1, 0]",120.86,118.84,138.81,100.05,973715.0
IMVT,27.49,9,"[1, 1, 1, 1, 1, 1, 1, 1, 1, 0]",26.38,22.76,29.49,14.1,1410275.0
CGON,66.93,8,"[0, 1, 1, 1, 1, 1, 1, 1, 1, 0]",67.18,48.02,74.0,23.94,867980.0
USAR,24.39,9,"[1, 1, 1, 1, 1, 1, 1, 0, 1, 1]",20.37,18.82,38.68,8.07,20741395.0
NSA,41.02,9,"[1, 1, 1, 1, 1, 1, 1, 1, 1, 0]",39.86,32.4,43.86,27.02,1079140.0
ALKS,37.48,10,"[1, 1, 1, 1, 1, 1, 1, 1, 1, 1]",32.58,30.64,38.91,26.13,2030810.0
CENX,56.82,8,"[0, 1, 1, 1, 1, 1, 1, 1, 1, 0]",58.99,40.36,67.94,15.48,1406125.0
MSM,104.66,10,"[1, 1, 1, 1, 1, 1, 1, 1, 1, 1]",95.52,88.61,107.32,75.65,703295.0
SRRK,49.35,9,"[1, 1, 1, 1, 1, 1, 1, 1, 1, 0]",46.59,40.6,51.28,27.92,1286860.0
BLCO,16.09,6,"[0, 0, 1, 0, 1, 1, 1, 1, 1, 0]",16.24,16.0,18.6,11.19,528855.0
PIPR,78.79,3,"[0, 0, 0, 0, 0, 1, 0, 1, 1, 0]",79.94,82.26,92.74,60.77,666875.0
BKH,72.84,9,"[1, 1, 1, 1, 1, 1, 1, 1, 1, 0]",72.09,66.93,76.1,53.49,844670.0
KMX,36.93,1,"[0, 0, 0, 0, 0, 0, 0, 0, 1, 0]",40.86,44.95,71.57,30.88,2731020.0
MAC,21.6,9,"[1, 1, 1, 1, 1, 1, 1, 1, 1, 0]",20.43,18.4,22.34,14.33,3572165.0
CZR,27.8,8,"[1, 1, 1, 1, 0, 0, 1, 1, 1, 1]",27.16,24.36,31.51,18.14,3993095.0
PRIM,113.33,5,"[0, 0, 0, 1, 1, 1, 1, 0, 1, 0]",147.66,135.9,202.92,69.52,2169235.0
GLNG,57.04,10,"[1, 1, 1, 1, 1, 1, 1, 1, 1, 1]",52.7,43.07,57.36,35.14,1373520.0
OSCR,23.32,8,"[1, 1, 1, 0, 0, 1, 1, 1, 1, 1]",15.73,16.29,23.73,10.85,8140865.0
S,16.86,7,"[1, 1, 1, 0, 0, 0, 1, 1, 1, 1]",14.26,15.59,20.21,11.94,6752765.0
CORT,56.37,5,"[1, 1, 0, 0, 0, 0, 1, 0, 1, 1]",42.86,59.89,90.32,32.15,1214355.0
RUSHA,68.72,8,"[0, 1, 1, 1, 1, 1, 1, 1, 1, 0]",68.81,60.0,76.0,46.26,430215.0
HWC,64.15,7,"[0, 1, 1, 1, 1, 1, 0, 1, 1, 0]",65.34,63.25,73.85,52.03,893305.0
CACC,547.81,9,"[1, 1, 1, 1, 0, 1, 1, 1, 1, 1]",485.71,477.91,547.81,411.04,148125.0
ZGN,12.58,10,"[1, 1, 1, 1, 1, 1, 1, 1, 1, 1]",11.23,10.16,13.16,7.71,813045.0
MATX,179.88,10,"[1, 1, 1, 1, 1, 1, 1, 1, 1, 1]",168.0,131.86,186.89,87.4,236920.0
MCY,98.1,10,"[1, 1, 1, 1, 1, 1, 1, 1, 1, 1]",92.91,86.39,101.72,58.81,226220.0
ALM,17.45,7,"[0, 1, 1, 1, 1, 1, 1, 0, 1, 0]",19.17,10.91,23.42,3.42,4540770.0
BGC,11.19,8,"[1, 1, 1, 1, 0, 1, 1, 1, 1, 0]",10.55,9.6,11.81,8.27,3087895.0
AUB,36.33,8,"[0, 1, 1, 1, 1, 1, 1, 1, 1, 0]",36.55,35.53,41.4,27.92,1096335.0
GTX,30.98,10,"[1, 1, 1, 1, 1, 1, 1, 1, 1, 1]",21.03,17.18,31.87,9.59,3107050.0
MRCY,92.03,10,"[1, 1, 1, 1, 1, 1, 1, 1, 1, 1]",81.54,78.08,103.02,46.14,564075.0
VSEC,169.71,5,"[0, 0, 0, 1, 1, 1, 1, 0, 1, 0]",191.67,182.57,227.68,125.08,523110.0
TEO,11.82,9,"[1, 1, 1, 1, 1, 1, 1, 1, 1, 0]",11.68,10.71,13.63,6.52,346670.0
LBRT,32.95,10,"[1, 1, 1, 1, 1, 1, 1, 1, 1, 1]",30.25,20.36,33.93,9.94,4044700.0
XENE,54.39,8,"[0, 1, 1, 1, 1, 1, 1, 1, 1, 0]",56.36,44.52,62.76,28.49,942045.0
SNDR,31.94,10,"[1, 1, 1, 1, 1, 1, 1, 1, 1, 1]",27.84,25.72,33.21,20.09,1107280.0
KLIC,102.04,10,"[1, 1, 1, 1, 1, 1, 1, 1, 1, 1]",77.97,54.41,104.28,31.31,850560.0
SEI,78.58,10,"[1, 1, 1, 1, 1, 1, 1, 1, 1, 1]",64.64,49.54,78.58,21.46,2422110.0
GOLF,85.4,5,"[0, 0, 0, 1, 1, 1, 0, 1, 1, 0]",93.94,86.3,103.02,67.28,369460.0
BEPC,36.32,5,"[0, 0, 0, 0, 1, 1, 1, 1, 1, 0]",39.67,38.49,43.96,26.78,1828155.0
VCTR,85.48,10,"[1, 1, 1, 1, 1, 1, 1, 1, 1, 1]",72.64,67.98,87.93,59.31,454625.0
BC,77.55,9,"[1, 1, 1, 1, 1, 1, 1, 1, 1, 0]",75.96,71.96,88.78,48.83,688575.0
MUR,40.64,10,"[1, 1, 1, 1, 1, 1, 1, 1, 1, 1]",38.75,31.33,42.74,20.16,1657960.0
MGY,29.56,9,"[0, 1, 1, 1, 1, 1, 1, 1, 1, 1]",29.59,25.01,32.17,20.97,2294805.0
CRSP,48.41,2,"[0, 0, 0, 0, 0, 0, 1, 0, 1, 0]",51.45,55.94,76.78,36.29,1807220.0
PACS,37.48,10,"[1, 1, 1, 1, 1, 1, 1, 1, 1, 1]",34.27,26.24,42.13,7.71,939955.0
APLS,41.03,10,"[1, 1, 1, 1, 1, 1, 1, 1, 1, 1]",33.2,26.08,41.12,16.8,6965819.75
HASI,41.19,10,"[1, 1, 1, 1, 1, 1, 1, 1, 1, 1]",38.8,32.8,43.31,23.46,1077915.0
ATAT,38.25,8,"[1, 0, 1, 0, 1, 1, 1, 1, 1, 1]",37.09,37.91,42.89,28.99,1198425.0
CRC,61.14,8,"[0, 1, 1, 1, 1, 1, 1, 1, 1, 0]",64.68,53.28,70.13,40.76,854630.0
LEGN,27.55,6,"[1, 1, 1, 0, 0, 0, 1, 0, 1, 1]",21.55,26.33,44.32,16.65,2956615.0
PRM,33.23,10,"[1, 1, 1, 1, 1, 1, 1, 1, 1, 1]",26.62,24.87,34.0,11.7,1461735.0
IFS,44.85,8,"[0, 1, 1, 1, 1, 1, 1, 1, 1, 0]",45.75,42.1,49.82,33.25,274385.0
CROX,94.94,7,"[1, 1, 1, 1, 1, 0, 0, 1, 1, 0]",93.04,87.08,117.55,73.39,1140805.0
CAR,150.12,4,"[0, 0, 0, 1, 0, 1, 1, 0, 1, 0]",209.52,155.62,713.97,87.69,4201220.0
M,18.41,5,"[0, 0, 0, 0, 1, 1, 1, 1, 1, 0]",18.64,18.75,23.7,10.33,4664880.0
AVAL,4.01,7,"[0, 0, 1, 1, 1, 1, 1, 1, 1, 0]",4.34,3.97,5.21,2.64,251335.0
KNF,75.9,4,"[0, 0, 0, 1, 0, 1, 0, 1, 1, 0]",84.25,78.43,100.81,59.93,471775.0
DIOD,100.04,10,"[1, 1, 1, 1, 1, 1, 1, 1, 1, 1]",85.38,62.22,116.05,42.36,724625.0
SON,46.69,6,"[0, 0, 1, 1, 1, 1, 0, 1, 1, 0]",52.08,46.22,56.81,38.0,1768035.0
WSC,24.48,7,"[1, 1, 1, 0, 0, 0, 1, 1, 1, 1]",20.45,21.16,31.34,14.88,3676775.0
RELY,22.59,9,"[1, 1, 1, 1, 0, 1, 1, 1, 1, 1]",18.89,16.34,24.28,12.2,5988350.0
SXT,113.93,9,"[1, 1, 1, 1, 0, 1, 1, 1, 1, 1]",99.31,98.53,124.21,82.67,552535.0
ALH,23.83,4,"[1, 1, 0, 0, 0, 0, 0, 1, 1, 0]",22.94,23.83,26.93,19.06,796965.0
ACLS,155.18,10,"[1, 1, 1, 1, 1, 1, 1, 1, 1, 1]",116.65,93.08,171.0,56.34,837135.0
LB,69.71,10,"[1, 1, 1, 1, 1, 1, 1, 1, 1, 1]",69.23,60.14,85.27,44.13,291355.0
STVN,17.99,4,"[1, 0, 0, 0, 0, 0, 1, 0, 1, 1]",15.57,20.3,27.95,13.43,561645.0
BMA,70.8,4,"[0, 0, 0, 0, 1, 1, 1, 0, 1, 0]",73.73,73.63,103.11,38.53,308445.0
GBTG,9.34,8,"[1, 1, 1, 0, 0, 1, 1, 1, 1, 1]",6.41,7.17,9.48,4.97,6785290.0
TDS,40.5,5,"[0, 0, 0, 1, 1, 1, 0, 1, 1, 0]",44.08,41.29,47.55,33.01,893215.0
NOVT,152.99,10,"[1, 1, 1, 1, 1, 1, 1, 1, 1, 1]",127.4,122.25,159.19,99.22,502435.0
MARA,12.44,5,"[1, 1, 0, 0, 0, 0, 1, 0, 1, 1]",10.29,12.77,22.84,6.73,45123525.0
ACHR,6.05,2,"[1, 0, 0, 0, 0, 0, 0, 0, 1, 0]",5.88,8.14,13.64,4.94,37587860.0
PSMT,159.26,9,"[1, 1, 1, 1, 1, 1, 1, 1, 1, 0]",153.44,132.5,162.15,100.47,229545.0
SYNA,128.23,10,"[1, 1, 1, 1, 1, 1, 1, 1, 1, 1]",85.76,76.81,131.06,58.52,1039745.0
OPEN,4.38,4,"[0, 0, 0, 0, 1, 1, 1, 0, 1, 0]",5.0,5.95,10.52,0.51,38143395.0
PBF,42.3,7,"[0, 1, 1, 1, 1, 1, 0, 0, 1, 1]",43.12,33.64,,,3301845.0
INDV,36.76,10,"[1, 1, 1, 1, 1, 1, 1, 1, 1, 1]",33.21,30.4,40.61,11.21,2378800.0
ENPH,52.89,9,"[1, 1, 1, 1, 1, 0, 1, 1, 1, 1]",37.67,36.44,52.89,26.12,8456185.0
KC,15.33,8,"[1, 1, 1, 1, 0, 1, 1, 1, 1, 0]",15.13,13.65,18.21,10.34,1287600.0
MIAX,56.16,7,"[1, 1, 0, 1, 0, 0, 1, 1, 1, 1]",43.83,56.16,56.84,30.74,1189050.0
TGS,29.42,7,"[0, 0, 1, 1, 1, 1, 1, 1, 1, 0]",31.64,28.91,35.32,20.12,308125.0
DNTH,86.16,9,"[1, 1, 1, 1, 1, 1, 1, 1, 1, 0]",85.28,50.28,95.76,16.86,453985.0
SPHR,134.33,9,"[1, 1, 1, 1, 1, 1, 1, 1, 1, 0]",125.0,88.0,144.73,36.34,760030.0
MDU,22.14,10,"[1, 1, 1, 1, 1, 1, 1, 1, 1, 1]",21.53,19.47,22.8,15.63,1594000.0
EBC,19.19,7,"[0, 0, 1, 1, 1, 1, 1, 1, 1, 0]",19.77,18.62,21.82,13.88,2284390.0
HRB,37.25,4,"[1, 0, 0, 0, 0, 0, 1, 0, 1, 1]",31.91,41.13,56.72,27.96,2913440.0
AIR,104.55,8,"[0, 1, 1, 1, 1, 1, 1, 1, 1, 0]",112.09,94.05,125.99,59.76,391520.0
VSH,37.23,10,"[1, 1, 1, 1, 1, 1, 1, 1, 1, 1]",23.9,17.95,38.5,11.67,4562960.0
PI,138.72,5,"[1, 0, 0, 0, 0, 1, 1, 0, 1, 1]",115.33,155.72,241.91,91.34,605925.0
MEOH,63.38,10,"[1, 1, 1, 1, 1, 1, 1, 1, 1, 1]",59.0,44.59,65.72,31.56,1026040.0
NTSK,11.22,5,"[1, 0, 0, 0, 1, 0, 1, 0, 1, 1]",9.88,11.22,25.79,7.73,3485405.0
QS,8.01,4,"[1, 0, 0, 0, 0, 0, 1, 0, 1, 1]",7.0,10.14,18.44,3.91,30905160.0
CVLT,103.9,4,"[1, 0, 0, 0, 0, 0, 1, 0, 1, 1]",89.02,128.66,195.41,75.18,800270.0
CSTM,31.91,10,"[1, 1, 1, 1, 1, 1, 1, 1, 1, 1]",28.59,20.62,34.56,11.68,2176390.0
LAUR,32.12,7,"[0, 0, 1, 1, 1, 1, 1, 1, 1, 0]",33.22,31.48,35.97,21.78,1260585.0
PAM,79.36,7,"[0, 0, 1, 1, 1, 1, 1, 1, 1, 0]",83.28,78.95,92.27,56.55,256765.0
PAGP,24.56,10,"[1, 1, 1, 1, 1, 1, 1, 1, 1, 1]",23.32,19.57,24.56,15.88,1829905.0
CVSA,122.93,9,"[1, 1, 1, 1, 0, 1, 1, 1, 1, 1]",114.12,116.63,154.45,89.36,318880.0
ATMU,51.64,6,"[0, 0, 0, 1, 1, 1, 1, 1, 1, 0]",58.5,52.33,65.57,34.93,1255460.0
FTDR,61.5,7,"[1, 1, 1, 1, 0, 1, 0, 1, 1, 0]",60.85,60.18,69.38,49.1,619925.0
MMYT,43.3,1,"[0, 0, 0, 0, 0, 0, 0, 0, 1, 0]",44.52,72.18,105.44,36.3,927950.0
INSW,84.58,10,"[1, 1, 1, 1, 1, 1, 1, 1, 1, 1]",76.31,56.15,91.62,33.52,595445.0
HCC,85.14,8,"[0, 1, 1, 1, 1, 1, 1, 1, 1, 0]",88.18,78.29,102.25,40.96,899300.0
NAMS,35.44,9,"[1, 1, 1, 0, 1, 1, 1, 1, 1, 1]",32.23,32.31,41.45,17.01,1502470.0
KNSA,56.51,10,"[1, 1, 1, 1, 1, 1, 1, 1, 1, 1]",49.05,41.89,59.48,25.95,852385.0
SHC,15.27,6,"[1, 0, 0, 0, 1, 1, 1, 1, 1, 0]",14.9,16.11,19.35,10.94,4376410.0
TBBB,36.56,9,"[1, 1, 1, 1, 1, 1, 1, 1, 1, 0]",35.73,31.73,39.15,24.12,361785.0
HRI,138.2,8,"[1, 1, 1, 0, 1, 0, 1, 1, 1, 1]",114.14,132.22,180.28,91.04,657030.0
NWE,70.24,9,"[1, 1, 1, 1, 1, 1, 1, 1, 1, 0]",69.45,63.59,73.36,49.23,403185.0
FLNC,20.77,8,"[1, 1, 1, 0, 1, 1, 1, 0, 1, 1]",15.33,16.35,32.23,4.44,12815575.0
LGND,213.21,8,"[0, 1, 1, 1, 1, 1, 1, 1, 1, 0]",215.48,191.39,241.79,100.19,208585.0
IPGP,102.76,7,"[0, 1, 1, 1, 1, 1, 1, 0, 1, 0]",116.11,94.83,153.91,64.6,648985.0
CBT,81.0,9,"[1, 1, 1, 1, 0, 1, 1, 1, 1, 1]",74.94,72.18,85.68,57.95,380660.0
GTLB,23.66,3,"[1, 0, 0, 0, 0, 0, 0, 0, 1, 1]",22.42,36.22,51.49,19.42,5758310.0
BCO,103.77,4,"[0, 0, 0, 0, 1, 1, 0, 1, 1, 0]",106.43,113.83,135.58,81.48,472060.0
HAFN,8.72,10,"[1, 1, 1, 1, 1, 1, 1, 1, 1, 1]",8.04,6.28,9.46,4.56,1566745.0
WIX,54.67,1,"[0, 0, 0, 0, 0, 0, 0, 0, 1, 0]",79.22,107.88,184.24,52.71,2162680.0
AZZ,141.16,10,"[1, 1, 1, 1, 1, 1, 1, 1, 1, 1]",133.62,117.94,148.65,86.88,227845.0
ONDS,10.62,10,"[1, 1, 1, 1, 1, 1, 1, 1, 1, 1]",9.91,8.57,14.01,0.87,66718065.0
UNF,261.09,9,"[1, 1, 1, 1, 1, 1, 1, 1, 1, 0]",259.36,202.33,274.89,149.5,204145.0
IRDM,41.62,9,"[1, 1, 1, 1, 1, 1, 1, 1, 1, 0]",34.07,23.23,43.43,15.62,2386905.0
STNG,82.12,10,"[1, 1, 1, 1, 1, 1, 1, 1, 1, 1]",76.41,62.26,86.62,38.5,1146965.0
TCBI,95.98,8,"[0, 1, 1, 1, 1, 1, 1, 1, 1, 0]",97.56,92.14,105.98,71.44,462075.0
TPC,79.49,8,"[0, 1, 1, 1, 1, 1, 1, 1, 1, 0]",80.45,70.58,97.31,35.12,545235.0
ENVA,164.02,10,"[1, 1, 1, 1, 1, 1, 1, 1, 1, 1]",151.74,137.49,174.9,90.69,263200.0
PLUG,3.78,10,"[1, 1, 1, 1, 1, 1, 1, 1, 1, 1]",2.77,2.36,4.13,0.77,89405125.0
HNGE,54.5,8,"[1, 1, 1, 0, 0, 1, 1, 1, 1, 1]",44.34,47.28,60.55,31.17,1614610.0
WHD,56.96,10,"[1, 1, 1, 1, 1, 1, 1, 1, 1, 1]",51.78,46.6,58.61,33.2,693655.0
PTEN,12.42,10,"[1, 1, 1, 1, 1, 1, 1, 1, 1, 1]",10.89,7.4,12.42,5.05,8544325.0
SMR,11.23,1,"[0, 0, 0, 0, 0, 0, 0, 0, 1, 0]",11.58,23.86,53.43,9.16,35425480.0
CMBT,14.94,10,"[1, 1, 1, 1, 1, 1, 1, 1, 1, 1]",13.16,10.94,15.15,7.81,1412505.0
CNO,46.82,10,"[1, 1, 1, 1, 1, 1, 1, 1, 1, 1]",42.74,40.92,47.19,35.04,725780.0
CNR,82.77,4,"[0, 0, 0, 1, 1, 1, 0, 0, 1, 0]",94.06,86.64,113.23,65.02,777795.0
ZETA,17.19,4,"[1, 0, 0, 0, 0, 1, 1, 0, 1, 0]",17.05,18.48,24.4,12.16,8509515.0
NVTS,21.32,10,"[1, 1, 1, 1, 1, 1, 1, 1, 1, 1]",12.79,9.66,22.65,1.91,42718550.0
FHI,54.06,8,"[0, 1, 1, 1, 1, 1, 1, 1, 1, 0]",56.01,52.55,57.89,40.81,850425.0
COLD,14.26,8,"[1, 1, 1, 1, 0, 0, 1, 1, 1, 1]",12.23,12.43,16.97,9.75,4543285.0
LMND,51.35,4,"[0, 0, 0, 0, 1, 1, 1, 0, 1, 0]",60.15,63.54,96.57,29.09,1783905.0
AMRX,11.93,7,"[0, 0, 1, 1, 1, 1, 1, 1, 1, 0]",12.66,11.82,15.19,7.16,1642130.0
LPL,4.82,7,"[1, 1, 1, 0, 0, 1, 1, 1, 1, 0]",4.31,4.46,5.58,3.01,2000580.0
TREX,37.44,1,"[0, 0, 0, 0, 0, 0, 0, 0, 1, 0]",38.61,44.41,68.49,30.13,2093120.0
DOO,55.56,4,"[0, 0, 0, 0, 1, 1, 1, 0, 1, 0]",62.49,66.39,81.45,35.39,424405.0
MTRN,205.02,10,"[1, 1, 1, 1, 1, 1, 1, 1, 1, 1]",165.84,136.62,211.09,75.03,284925.0
XMTR,86.12,9,"[1, 1, 1, 0, 1, 1, 1, 1, 1, 1]",49.56,53.39,89.98,30.16,963745.0
NP,28.0,6,"[1, 1, 0, 0, 0, 0, 1, 1, 1, 1]",24.95,28.0,30.68,17.14,775670.0
LASR,75.61,10,"[1, 1, 1, 1, 1, 1, 1, 1, 1, 1]",67.99,44.26,84.95,12.65,1295180.0
CAAP,23.86,7,"[0, 0, 1, 1, 1, 1, 1, 1, 1, 0]",25.3,23.86,30.35,17.49,244575.0
TNL,62.53,6,"[0, 0, 0, 1, 1, 1, 1, 1, 1, 0]",69.35,66.36,78.74,46.06,1070365.0
PVH,79.45,7,"[0, 1, 1, 1, 0, 1, 1, 1, 1, 0]",79.73,76.52,98.81,60.87,1012680.0
LBTYA,11.51,7,"[0, 1, 1, 1, 1, 1, 0, 1, 1, 0]",12.12,11.49,13.03,9.5,2055435.0
CRGY,13.04,10,"[1, 1, 1, 1, 1, 1, 1, 1, 1, 1]",12.73,9.9,13.92,7.67,7184630.0
COCO,78.44,10,"[1, 1, 1, 1, 1, 1, 1, 1, 1, 1]",56.47,48.81,78.44,32.3,1705355.0
POWI,73.24,10,"[1, 1, 1, 1, 1, 1, 1, 1, 1, 1]",58.87,45.93,78.23,30.59,1403405.0
LEU,182.6,3,"[0, 0, 0, 0, 1, 0, 1, 0, 1, 0]",198.38,250.65,436.0,93.17,948595.0
KTB,61.76,3,"[0, 0, 0, 1, 0, 1, 0, 0, 1, 0]",70.71,70.51,85.05,53.7,831920.0
MRX,56.22,10,"[1, 1, 1, 1, 1, 1, 1, 1, 1, 1]",46.69,38.55,58.25,28.0,983795.0
ARIS,18.18,8,"[0, 1, 1, 1, 1, 1, 1, 1, 1, 0]",18.92,14.61,22.68,5.65,1192515.0
DLO,11.01,2,"[0, 0, 0, 0, 0, 1, 0, 0, 1, 0]",12.84,13.52,15.83,9.81,2134575.0
GFF,81.85,8,"[1, 1, 1, 1, 1, 1, 0, 1, 1, 0]",80.51,78.27,94.6,66.42,401415.0
TDW,82.35,9,"[1, 1, 1, 1, 1, 1, 1, 1, 1, 0]",82.32,63.99,91.12,39.41,827750.0
OPLN,34.9,10,"[1, 1, 1, 1, 1, 1, 1, 1, 1, 1]",30.66,28.73,37.89,22.1,913180.0
KAI,317.81,6,"[1, 1, 1, 1, 0, 0, 0, 1, 1, 0]",313.17,308.26,357.4,246.93,212535.0
TPH,46.95,10,"[1, 1, 1, 1, 1, 1, 1, 1, 1, 1]",46.71,37.57,46.97,29.4,2270447.8
BBWI,17.09,1,"[0, 0, 0, 0, 0, 0, 0, 0, 1, 0]",19.08,22.51,32.73,14.73,5550020.0
TVTX,42.59,10,"[1, 1, 1, 1, 1, 1, 1, 1, 1, 1]",35.16,30.17,44.91,14.09,2514705.0
CRNX,36.77,4,"[0, 0, 0, 0, 1, 1, 1, 0, 1, 0]",37.99,41.1,56.43,26.85,1433500.0
LIVN,70.0,10,"[1, 1, 1, 1, 1, 1, 1, 1, 1, 1]",64.08,59.83,72.44,41.13,901585.0
NVST,23.22,7,"[0, 0, 1, 1, 1, 1, 1, 1, 1, 0]",25.88,23.1,30.26,16.64,3439515.0
ACMR,63.67,10,"[1, 1, 1, 1, 1, 1, 1, 1, 1, 1]",49.56,42.88,70.68,22.41,1524370.0
UCTT,85.94,10,"[1, 1, 1, 1, 1, 1, 1, 1, 1, 1]",70.39,41.77,87.1,19.37,1108210.0
HGV,44.86,5,"[1, 1, 1, 0, 0, 0, 0, 1, 1, 0]",44.05,44.27,51.72,36.99,839060.0
PII,64.65,9,"[1, 1, 1, 0, 1, 1, 1, 1, 1, 1]",58.08,61.14,72.78,36.16,1256730.0
SKE,30.99,9,"[1, 1, 1, 1, 1, 1, 1, 1, 1, 0]",30.97,24.32,38.12,11.35,650000.0
EE,35.71,10,"[1, 1, 1, 1, 1, 1, 1, 1, 1, 1]",34.29,30.22,42.79,22.89,414360.0
ORKA,61.93,9,"[1, 1, 1, 1, 1, 1, 1, 1, 1, 0]",56.02,33.21,76.39,10.06,2363850.0
VSCO,45.96,5,"[0, 0, 1, 0, 1, 1, 1, 0, 1, 0]",48.47,42.86,65.9,17.7,1788735.0
RNG,41.05,10,"[1, 1, 1, 1, 1, 1, 1, 1, 1, 1]",39.66,31.81,47.75,23.58,2053210.0
CATY,55.61,10,"[1, 1, 1, 1, 1, 1, 1, 1, 1, 1]",52.35,49.48,57.45,41.29,420765.0
ACAD,21.4,2,"[0, 0, 0, 0, 0, 0, 0, 1, 1, 0]",21.82,23.71,28.06,20.06,1619610.0
CPRX,31.18,10,"[1, 1, 1, 1, 1, 1, 1, 1, 1, 1]",26.31,23.2,31.18,19.13,3231400.0
DAN,33.1,8,"[0, 1, 1, 1, 1, 1, 1, 1, 1, 0]",34.42,26.01,38.79,15.11,956370.0
EWTX,33.09,9,"[1, 1, 1, 1, 1, 1, 1, 1, 1, 0]",32.07,23.63,38.01,12.61,1370905.0
TAC,12.78,5,"[0, 0, 0, 0, 1, 1, 1, 0, 1, 1]",12.83,13.45,17.66,8.76,1270695.0
SOUN,8.41,4,"[1, 0, 0, 0, 0, 0, 1, 0, 1, 1]",7.64,11.53,21.4,5.9,33550390.0
JOE,63.57,8,"[0, 1, 1, 1, 1, 1, 1, 1, 1, 0]",66.58,59.68,72.62,42.78,252765.0
HP,39.5,8,"[1, 1, 1, 1, 1, 1, 0, 0, 1, 1]",36.67,28.81,,,1172560.0
INDB,76.04,7,"[0, 1, 1, 1, 1, 1, 0, 1, 1, 0]",76.78,72.99,85.26,58.74,351010.0
FG,28.04,6,"[1, 1, 0, 0, 0, 0, 1, 1, 1, 1]",25.74,29.16,34.62,20.46,653550.0
BB,6.19,10,"[1, 1, 1, 1, 1, 1, 1, 1, 1, 1]",4.41,4.13,6.37,3.15,25633205.0
PPTA,28.17,8,"[0, 1, 1, 1, 1, 1, 1, 1, 1, 0]",29.37,25.7,37.22,11.86,1325930.0
LRN,88.29,4,"[0, 1, 0, 1, 0, 0, 1, 0, 1, 0]",90.4,101.54,169.81,61.02,854535.0
BULL,7.06,4,"[1, 0, 0, 0, 0, 0, 1, 0, 1, 1]",6.01,9.3,17.74,4.63,13107365.0
BELFB,256.72,10,"[1, 1, 1, 1, 1, 1, 1, 1, 1, 1]",237.93,184.38,302.73,71.32,278270.0
WSFS,69.89,9,"[1, 1, 1, 1, 1, 1, 1, 1, 1, 0]",67.58,59.63,72.21,49.92,387230.0
LQDA,56.93,10,"[1, 1, 1, 1, 1, 1, 1, 1, 1, 1]",39.79,32.41,59.3,12.0,1543180.0
ALHC,15.73,4,"[0, 0, 0, 0, 1, 1, 1, 0, 1, 0]",19.07,18.44,23.81,11.64,6772125.0
AAUC,28.21,8,"[0, 1, 1, 1, 1, 1, 1, 1, 1, 0]",30.85,23.37,32.01,11.58,941845.0
CGAU,17.11,8,"[0, 1, 1, 1, 1, 1, 1, 1, 1, 0]",18.17,14.15,20.97,6.42,1677015.0
OII,37.84,10,"[1, 1, 1, 1, 1, 1, 1, 1, 1, 1]",36.44,28.6,38.87,18.9,1166205.0
VKTX,30.27,4,"[0, 0, 0, 0, 1, 1, 1, 0, 1, 0]",33.27,32.69,42.09,23.09,2319140.0
CLSK,13.11,8,"[1, 1, 1, 0, 1, 1, 1, 0, 1, 1]",11.03,12.28,23.2,8.18,20525250.0
SII,129.04,8,"[0, 1, 1, 1, 1, 1, 1, 1, 1, 0]",141.45,106.09,166.4,55.13,213685.0
VECO,58.64,10,"[1, 1, 1, 1, 1, 1, 1, 1, 1, 1]",42.43,32.31,62.01,19.2,1905595.0
RUM,7.2,6,"[1, 1, 1, 0, 0, 0, 1, 0, 1, 1]",6.08,6.64,10.47,4.67,3511000.0
WRBY,28.73,9,"[1, 1, 1, 1, 0, 1, 1, 1, 1, 1]",23.63,23.98,30.23,16.49,2947985.0
TLX,10.56,6,"[1, 1, 1, 1, 0, 0, 1, 0, 1, 0]",9.73,9.37,17.48,6.41,131635.0
RXO,18.69,8,"[1, 1, 1, 1, 0, 1, 1, 1, 1, 0]",16.55,15.53,23.11,10.48,2581945.0
BTE,5.17,10,"[1, 1, 1, 1, 1, 1, 1, 1, 1, 1]",4.44,3.23,5.23,1.59,21994515.0
LION,12.64,10,"[1, 1, 1, 1, 1, 1, 1, 1, 1, 1]",10.93,8.35,12.76,5.59,4221220.0
TWST,49.17,8,"[0, 1, 1, 1, 1, 1, 1, 1, 1, 0]",52.2,38.47,63.2,24.16,1483245.0
FIBK,34.08,9,"[1, 1, 1, 1, 1, 1, 1, 1, 1, 0]",33.75,32.82,38.03,24.56,1390305.0
BFH,86.76,9,"[1, 1, 1, 1, 1, 1, 1, 1, 1, 0]",80.23,70.06,92.44,48.92,629890.0
BHF,62.54,9,"[1, 1, 1, 0, 1, 1, 1, 1, 1, 1]",61.0,58.02,66.01,43.36,471310.0
SLG,42.45,2,"[1, 0, 0, 0, 0, 0, 0, 0, 1, 0]",40.04,46.69,63.59,34.72,1218545.0
HYMC,36.16,7,"[0, 1, 1, 1, 1, 1, 1, 0, 1, 0]",37.91,22.6,55.74,2.76,2237615.0
OGN,13.4,9,"[1, 1, 1, 1, 0, 1, 1, 1, 1, 1]",9.0,8.58,13.4,5.69,16393190.0
SIG,75.99,3,"[0, 0, 0, 0, 1, 1, 0, 0, 1, 0]",87.04,90.66,105.59,62.11,759015.0
GNW,9.07,9,"[1, 1, 1, 0, 1, 1, 1, 1, 1, 1]",8.58,8.63,9.24,6.74,2402775.0
HWKN,158.98,9,"[1, 1, 1, 1, 0, 1, 1, 1, 1, 1]",154.49,154.04,184.03,120.01,177900.0
CTRI,31.29,7,"[0, 1, 1, 1, 1, 1, 1, 0, 1, 0]",32.49,26.05,41.8,18.39,1713750.0
RUN,13.99,6,"[1, 0, 0, 0, 1, 1, 1, 0, 1, 1]",12.92,16.51,21.41,5.78,8697595.0
ASO,50.55,5,"[0, 0, 0, 1, 1, 1, 0, 1, 1, 0]",55.19,52.76,61.02,40.01,1185345.0
HSAI,22.44,5,"[1, 0, 0, 0, 0, 1, 1, 1, 1, 0]",22.32,23.79,29.8,15.03,1573890.0
ATS,32.0,9,"[1, 1, 1, 1, 1, 1, 1, 1, 1, 0]",31.19,28.83,35.38,24.24,154755.0
CC,23.13,10,"[1, 1, 1, 1, 1, 1, 1, 1, 1, 1]",22.22,16.35,27.84,9.2,3155815.0
BKU,45.22,8,"[0, 1, 1, 1, 1, 1, 1, 1, 1, 0]",45.56,42.63,50.58,32.58,825000.0
TRMD,32.03,10,"[1, 1, 1, 1, 1, 1, 1, 1, 1, 1]",29.62,23.41,34.87,14.87,863895.0
VEON,54.29,7,"[1, 1, 1, 0, 0, 1, 1, 1, 1, 0]",50.56,52.35,62.72,38.27,119030.0
MANU,19.23,10,"[1, 1, 1, 1, 1, 1, 1, 1, 1, 1]",17.51,16.83,19.69,13.29,295860.0
AAP,47.17,3,"[0, 0, 0, 1, 0, 0, 1, 0, 1, 0]",53.88,52.49,65.49,30.7,1439930.0
AVNT,33.77,5,"[0, 0, 0, 1, 1, 1, 0, 1, 1, 0]",35.96,34.3,42.93,27.02,633875.0
CVI,33.89,9,"[1, 1, 1, 1, 0, 1, 1, 1, 1, 1]",31.79,30.33,39.89,20.66,934675.0
SA,29.41,6,"[0, 0, 1, 1, 1, 1, 1, 0, 1, 0]",30.05,26.94,39.35,11.4,838505.0
AMBA,81.16,8,"[1, 1, 1, 0, 0, 1, 1, 1, 1, 1]",60.34,71.33,95.51,48.65,872685.0
APLE,13.76,9,"[1, 1, 1, 1, 1, 1, 0, 1, 1, 1]",12.51,11.82,14.13,10.59,3608790.0
CHEF,80.34,10,"[1, 1, 1, 1, 1, 1, 1, 1, 1, 1]",66.99,63.63,81.71,54.6,512455.0
BEAM,27.93,9,"[1, 1, 1, 1, 1, 1, 1, 1, 1, 0]",27.71,25.53,35.41,15.83,2223995.0
CWK,12.45,3,"[0, 0, 0, 0, 0, 1, 1, 0, 1, 0]",13.2,14.94,17.2,9.52,1446460.0
TNGX,20.56,7,"[0, 1, 1, 1, 1, 1, 1, 0, 1, 0]",21.68,12.26,27.77,1.5,3230575.0
EFXT,27.87,10,"[1, 1, 1, 1, 1, 1, 1, 1, 1, 1]",23.41,16.12,28.39,6.84,573870.0
DAVE,235.79,9,"[1, 1, 1, 1, 1, 1, 1, 1, 1, 0]",224.84,211.3,281.94,155.92,499630.0
IAC,39.88,7,"[0, 1, 1, 1, 1, 1, 0, 1, 1, 0]",41.01,37.3,45.2,31.52,1463890.0
FSM,9.55,6,"[0, 0, 1, 1, 1, 1, 1, 0, 1, 0]",10.17,9.46,13.66,5.39,5752130.0
VRNS,28.18,4,"[1, 0, 0, 0, 0, 0, 1, 0, 1, 1]",24.42,38.01,63.31,20.19,2807100.0
NATL,44.55,9,"[1, 1, 1, 1, 1, 1, 1, 1, 1, 0]",44.24,39.91,48.13,25.57,939810.0
ADEA,29.89,10,"[1, 1, 1, 1, 1, 1, 1, 1, 1, 1]",27.0,18.78,33.63,11.67,2267100.5
BTDR,13.35,6,"[1, 1, 1, 0, 0, 0, 1, 0, 1, 1]",10.6,13.35,25.9,7.28,6931535.0
BATRK,50.4,9,"[1, 1, 1, 1, 0, 1, 1, 1, 1, 1]",45.98,42.25,51.18,38.04,420595.0
SEZL,98.62,7,"[1, 1, 1, 1, 0, 0, 1, 0, 1, 1]",76.11,76.51,182.16,50.97,743355.0
BBAR,14.26,3,"[0, 0, 0, 0, 1, 0, 1, 0, 1, 0]",14.86,14.69,22.14,7.89,612650.0
PARR,58.3,9,"[0, 1, 1, 1, 1, 1, 1, 1, 1, 1]",60.81,43.5,69.2,19.66,1352180.0
VCYT,38.48,9,"[1, 1, 1, 0, 1, 1, 1, 1, 1, 1]",33.87,36.24,49.38,23.03,964735.0
COLM,57.75,7,"[0, 1, 1, 1, 1, 1, 0, 1, 1, 0]",58.03,55.35,65.35,48.42,632640.0
FFBC,29.66,9,"[1, 1, 1, 1, 1, 1, 1, 1, 1, 0]",28.78,26.41,30.88,22.42,800860.0
FSLY,17.0,7,"[0, 1, 1, 1, 1, 1, 1, 0, 1, 0]",25.44,13.85,33.5,6.36,11399075.0
ZIM,25.57,8,"[0, 1, 1, 1, 1, 1, 1, 1, 1, 0]",26.42,19.87,28.55,12.03,1524090.0
RCUS,23.78,9,"[1, 1, 1, 1, 1, 1, 1, 1, 1, 0]",23.46,19.35,26.62,7.95,1382295.0
CALY,15.23,9,"[1, 1, 1, 1, 1, 1, 1, 1, 1, 0]",14.38,12.04,17.52,5.96,2930415.0
BOH,75.72,7,"[0, 1, 1, 1, 1, 1, 0, 1, 1, 0]",76.38,69.73,80.69,58.66,454520.0
UNFI,50.57,10,"[1, 1, 1, 1, 1, 1, 1, 1, 1, 1]",45.91,37.45,52.32,21.3,590650.0
SXI,248.69,8,"[0, 1, 1, 1, 1, 1, 1, 1, 1, 0]",261.39,235.91,278.54,145.03,215790.0
PLAB,50.02,10,"[1, 1, 1, 1, 1, 1, 1, 1, 1, 1]",44.09,31.76,54.96,16.71,796965.0
ERAS,10.23,7,"[0, 1, 1, 1, 1, 1, 1, 0, 1, 0]",14.97,7.26,22.47,1.08,9778040.0
VTMX,34.0,8,"[0, 1, 1, 1, 1, 1, 1, 1, 1, 0]",34.17,30.95,36.59,24.98,130460.0
EXTR,24.66,9,"[1, 1, 1, 1, 0, 1, 1, 1, 1, 1]",17.89,18.06,24.71,13.74,3501270.0
YETI,42.67,9,"[1, 1, 1, 0, 1, 1, 1, 1, 1, 1]",38.51,39.54,50.77,29.29,1607020.0
CARG,28.67,3,"[0, 0, 0, 1, 0, 1, 0, 0, 1, 0]",34.7,34.57,39.03,26.96,1221790.0
MPT,5.05,7,"[1, 0, 1, 0, 1, 1, 1, 1, 1, 0]",4.95,4.91,5.91,3.78,5626450.0
DNLI,18.62,7,"[0, 0, 1, 1, 1, 1, 1, 1, 1, 0]",19.92,17.72,22.74,12.75,1716780.0
BKD,13.04,8,"[0, 1, 1, 1, 1, 1, 1, 1, 1, 0]",13.83,11.26,16.77,6.37,3457475.0
CON,25.87,9,"[1, 1, 1, 1, 0, 1, 1, 1, 1, 1]",22.63,21.49,26.2,18.6,894605.0
ETOR,40.59,6,"[1, 1, 1, 0, 0, 0, 1, 0, 1, 1]",33.99,37.62,75.97,24.76,1399375.0
LXP,50.83,9,"[1, 1, 1, 1, 1, 1, 1, 1, 1, 0]",48.94,46.63,52.4,37.07,410070.0
MSGE,68.33,10,"[1, 1, 1, 1, 1, 1, 1, 1, 1, 1]",61.26,52.39,68.48,36.33,446955.0
BWLP,21.06,10,"[1, 1, 1, 1, 1, 1, 1, 1, 1, 1]",17.88,14.8,21.06,9.65,381485.0
KYIV,13.29,9,"[1, 1, 1, 0, 1, 1, 1, 1, 1, 1]",11.53,12.25,15.17,9.33,643595.0
BHE,84.94,10,"[1, 1, 1, 1, 1, 1, 1, 1, 1, 1]",65.7,50.0,87.03,35.26,509770.0
CAKE,59.49,7,"[1, 1, 1, 1, 0, 0, 1, 1, 1, 0]",58.99,56.09,67.17,42.72,1350220.0
HG,31.84,9,"[1, 1, 1, 1, 1, 1, 1, 1, 1, 0]",30.45,25.9,32.79,19.19,518365.0
DHT,17.64,8,"[0, 1, 1, 1, 1, 1, 1, 1, 1, 0]",18.07,14.13,19.65,10.46,2959340.0
AEHR,99.5,10,"[1, 1, 1, 1, 1, 1, 1, 1, 1, 1]",66.42,35.95,106.34,8.47,3106990.0
OLN,26.78,7,"[0, 1, 1, 1, 1, 1, 0, 0, 1, 1]",27.05,23.29,,,2137535.0
SBLK,26.47,10,"[1, 1, 1, 1, 1, 1, 1, 1, 1, 1]",24.29,20.76,27.34,15.58,1048675.0
VC,110.49,8,"[1, 1, 1, 0, 0, 1, 1, 1, 1, 1]",98.54,105.17,127.9,81.75,699285.0
TTAM,15.75,4,"[0, 0, 0, 0, 1, 1, 0, 1, 1, 0]",15.84,16.01,19.13,12.16,220805.0
BKV,28.51,9,"[0, 1, 1, 1, 1, 1, 1, 1, 1, 1]",28.84,26.16,32.16,19.68,896230.0
HIMX,19.06,10,"[1, 1, 1, 1, 1, 1, 1, 1, 1, 1]",11.08,8.96,20.68,6.93,5848610.0
BANC,18.3,7,"[1, 0, 1, 0, 1, 1, 1, 1, 1, 0]",18.01,17.83,20.95,13.1,2929110.0
SBCF,29.8,4,"[0, 0, 0, 0, 1, 1, 0, 1, 1, 0]",30.89,31.01,34.87,23.96,864280.0
KN,35.12,10,"[1, 1, 1, 1, 1, 1, 1, 1, 1, 1]",28.87,24.57,36.62,16.21,1146010.0
ALMS,22.87,8,"[0, 1, 1, 1, 1, 1, 1, 1, 1, 0]",24.43,14.66,29.98,2.8,1010420.0
SDRL,52.7,10,"[1, 1, 1, 1, 1, 1, 1, 1, 1, 1]",46.72,36.78,52.7,22.82,620610.0
CRVL,57.11,3,"[1, 0, 0, 0, 0, 0, 0, 0, 1, 1]",55.24,68.22,114.59,46.0,180135.0
ITGR,88.16,6,"[1, 1, 1, 1, 0, 0, 1, 0, 1, 0]",86.1,88.01,122.97,63.32,675185.0
SUPN,49.43,7,"[0, 0, 1, 1, 1, 1, 1, 1, 1, 0]",50.37,48.55,57.0,31.16,744840.0
XXI,7.91,3,"[1, 0, 0, 0, 0, 0, 1, 0, 1, 0]",7.39,13.63,49.95,5.74,1131390.0
LFST,7.65,10,"[1, 1, 1, 1, 1, 1, 1, 1, 1, 1]",6.91,6.29,8.85,3.79,7610750.0
TDC,33.81,9,"[1, 1, 1, 0, 1, 1, 1, 1, 1, 1]",27.46,26.3,37.88,20.11,2548220.0
NMRK,14.37,3,"[0, 0, 0, 0, 0, 1, 1, 0, 1, 0]",15.27,16.68,19.43,10.18,1583475.0
ERO,27.26,7,"[0, 1, 1, 1, 1, 1, 1, 0, 1, 0]",27.49,24.46,38.03,12.98,1376370.0
JOYY,56.33,5,"[0, 0, 0, 0, 1, 1, 1, 1, 1, 0]",58.62,58.53,68.86,39.25,278995.0
EXK,9.81,6,"[1, 0, 1, 0, 1, 1, 1, 0, 1, 0]",9.76,9.04,14.12,3.25,8540750.0
SHOO,38.79,8,"[1, 1, 1, 0, 1, 1, 1, 1, 1, 0]",36.22,36.22,45.95,22.62,1103610.0
PHIN,76.05,10,"[1, 1, 1, 1, 1, 1, 1, 1, 1, 1]",70.81,62.58,80.26,40.96,341740.0
ARX,15.44,5,"[1, 1, 0, 0, 0, 0, 1, 0, 1, 1]",13.02,15.45,30.05,9.36,1309325.0
KALU,169.29,10,"[1, 1, 1, 1, 1, 1, 1, 1, 1, 1]",144.05,109.97,180.42,67.89,308220.0
DBRG,15.66,10,"[1, 1, 1, 1, 1, 1, 1, 1, 1, 1]",15.5,13.46,15.66,9.16,3538250.0
PAGS,8.86,5,"[0, 0, 0, 1, 1, 1, 0, 1, 1, 0]",9.97,9.67,11.72,7.57,3615890.0
CECO,80.84,10,"[1, 1, 1, 1, 1, 1, 1, 1, 1, 1]",65.95,58.23,87.78,26.19,833375.0
WT,19.41,10,"[1, 1, 1, 1, 1, 1, 1, 1, 1, 1]",16.29,14.2,19.81,9.29,3310395.0
PFS,21.46,9,"[1, 1, 1, 1, 1, 1, 1, 1, 1, 0]",21.43,19.94,23.28,15.25,999045.0
TRN,34.26,10,"[1, 1, 1, 1, 1, 1, 1, 1, 1, 1]",32.54,28.95,36.64,22.59,644945.0
DYN,17.29,5,"[0, 0, 1, 0, 1, 1, 1, 0, 1, 0]",18.36,16.99,24.29,8.18,1485785.0
GEO,22.92,8,"[1, 1, 1, 1, 0, 0, 1, 1, 1, 1]",18.01,17.91,27.55,13.26,1915275.0
LCII,111.03,4,"[0, 0, 0, 0, 1, 1, 1, 0, 1, 0]",120.51,115.06,155.66,82.35,334495.0
TNK,77.19,10,"[1, 1, 1, 1, 1, 1, 1, 1, 1, 1]",74.34,61.13,83.03,41.35,397025.0
BTU,23.77,3,"[0, 0, 0, 0, 1, 1, 0, 0, 1, 0]",30.21,28.42,,,3048350.0
NTCT,38.46,10,"[1, 1, 1, 1, 1, 1, 1, 1, 1, 1]",33.21,28.19,40.67,20.77,565845.0
DK,44.81,10,"[1, 1, 1, 1, 1, 1, 1, 1, 1, 1]",43.12,34.63,49.04,17.37,1391995.0
PTRN,16.51,6,"[1, 1, 0, 0, 0, 0, 1, 1, 1, 1]",13.12,16.51,18.4,9.59,1165115.0
GRND,13.4,6,"[1, 1, 0, 1, 0, 0, 1, 0, 1, 1]",12.88,13.52,24.73,9.85,1495330.0
TXG,21.2,8,"[0, 1, 1, 1, 1, 1, 1, 1, 1, 0]",21.41,17.36,26.08,8.17,2841340.0
CLMT,31.38,8,"[0, 1, 1, 1, 1, 1, 1, 1, 1, 0]",31.86,22.86,36.02,13.17,989890.0
AEO,15.29,4,"[0, 0, 0, 0, 1, 1, 1, 0, 1, 0]",17.35,19.06,27.87,9.02,4127665.0
INOD,96.1,8,"[1, 1, 1, 0, 0, 1, 1, 1, 1, 1]",48.59,55.38,103.83,34.45,2867095.0
GPCR,38.69,4,"[0, 0, 0, 0, 1, 1, 1, 0, 1, 0]",48.28,45.74,93.79,16.2,850670.0
IHS,8.24,9,"[1, 1, 1, 1, 1, 1, 1, 1, 1, 0]",8.22,7.46,8.73,5.22,1071280.0
AYA,19.23,10,"[1, 1, 1, 1, 1, 1, 1, 1, 1, 1]",16.82,14.04,21.63,7.37,315480.0
SLNO,53.01,6,"[1, 1, 1, 0, 0, 0, 1, 0, 1, 1]",45.52,52.56,88.49,30.05,1908660.0
SPNT,22.96,9,"[1, 1, 1, 1, 1, 1, 1, 1, 1, 0]",22.22,20.35,23.77,17.48,669930.0
KMT,34.65,8,"[0, 1, 1, 1, 1, 1, 1, 1, 1, 0]",37.41,29.67,43.04,19.42,1479345.0
STUB,8.82,5,"[1, 0, 0, 0, 1, 0, 1, 0, 1, 1]",7.14,8.82,22.0,6.09,4572585.0
FA,14.87,7,"[1, 1, 1, 0, 0, 0, 1, 1, 1, 1]",12.28,13.76,18.59,8.95,1313665.0
NKTR,70.62,7,"[0, 1, 1, 1, 1, 1, 1, 0, 1, 0]",78.8,56.55,100.35,8.51,1348710.0
EOSE,7.86,6,"[1, 0, 0, 0, 1, 1, 1, 0, 1, 1]",6.24,10.56,19.19,3.8,30136775.0
UAA,5.12,3,"[0, 0, 0, 1, 1, 0, 0, 0, 1, 0]",6.13,5.56,8.14,4.17,9223705.0
UA,4.99,3,"[0, 0, 0, 1, 1, 0, 0, 0, 1, 0]",5.96,5.39,7.88,3.96,2965032.35
DBD,69.7,7,"[0, 0, 1, 1, 1, 1, 1, 1, 1, 0]",78.4,68.12,88.77,47.35,344345.0
BKE,48.23,4,"[0, 0, 0, 1, 0, 1, 0, 1, 1, 0]",51.95,52.05,57.1,37.22,349905.0
UNIT,11.05,9,"[1, 1, 1, 1, 1, 1, 1, 1, 1, 0]",10.06,7.64,11.98,5.36,2886320.0
ARCB,122.71,10,"[1, 1, 1, 1, 1, 1, 1, 1, 1, 1]",106.88,85.53,127.63,59.5,358830.0
NN,21.49,9,"[1, 1, 1, 1, 1, 1, 1, 1, 1, 0]",18.08,15.86,23.2,11.37,3195080.0
HOG,25.19,8,"[1, 1, 1, 0, 0, 1, 1, 1, 1, 1]",21.63,23.31,30.28,17.19,3217205.0
ATRO,78.59,10,"[1, 1, 1, 1, 1, 1, 1, 1, 1, 1]",72.22,58.22,82.71,29.86,533955.0
CLDX,31.34,8,"[0, 1, 1, 1, 1, 1, 1, 1, 1, 0]",32.07,27.07,34.55,18.66,735560.0
VAC,70.88,7,"[1, 1, 1, 1, 0, 0, 1, 1, 1, 0]",70.35,64.28,81.88,44.34,496710.0
ARQT,21.32,4,"[0, 0, 0, 0, 1, 1, 1, 0, 1, 0]",23.09,23.2,31.2,13.04,1800205.0
GRAL,59.65,6,"[1, 0, 0, 0, 1, 1, 1, 0, 1, 1]",51.99,67.94,116.06,31.42,576345.0
VISN,11.37,10,"[1, 1, 1, 1, 1, 1, 1, 1, 1, 1]",9.73,8.68,12.8,2.68,10064750.0
TARS,62.48,5,"[0, 0, 0, 0, 1, 1, 1, 1, 1, 0]",66.76,67.18,82.51,38.82,754395.0
NGVT,67.58,8,"[0, 1, 1, 1, 1, 1, 1, 1, 1, 0]",71.58,61.88,77.87,40.4,244860.0
AMSC,55.06,9,"[1, 1, 1, 1, 0, 1, 1, 1, 1, 1]",40.26,42.42,66.68,24.02,1519345.0
WAFD,34.32,8,"[1, 1, 1, 1, 1, 1, 0, 1, 1, 0]",33.13,31.51,35.67,26.93,625375.0
HUN,13.7,10,"[1, 1, 1, 1, 1, 1, 1, 1, 1, 1]",13.2,10.9,15.1,7.31,5089485.0
HUBG,37.35,3,"[0, 0, 0, 0, 1, 1, 0, 0, 1, 0]",38.96,39.12,52.34,32.33,768165.0
TRMK,43.1,8,"[0, 1, 1, 1, 1, 1, 1, 1, 1, 0]",43.34,40.59,45.5,33.05,362250.0
IRON,66.86,5,"[1, 0, 0, 0, 1, 1, 1, 0, 1, 0]",65.6,72.12,94.11,45.12,458825.0
CUBI,72.41,9,"[1, 1, 1, 1, 1, 1, 1, 1, 1, 0]",72.35,70.52,81.21,50.35,347155.0
VERA,37.32,5,"[0, 0, 1, 0, 1, 1, 1, 0, 1, 0]",39.41,35.76,55.67,18.87,1009580.0
ICHR,73.27,10,"[1, 1, 1, 1, 1, 1, 1, 1, 1, 1]",57.76,31.88,76.95,14.06,1033975.0
RARE,25.0,4,"[1, 0, 0, 0, 0, 0, 1, 0, 1, 1]",23.2,27.66,41.44,18.5,1673565.0
KOD,37.02,9,"[1, 1, 1, 1, 1, 1, 1, 1, 1, 0]",36.82,23.43,46.44,3.4,587510.0
SAH,73.96,7,"[1, 1, 1, 1, 0, 0, 0, 1, 1, 1]",68.72,68.13,87.27,57.92,274810.0
DRD,26.25,4,"[0, 0, 0, 0, 1, 1, 1, 0, 1, 0]",29.52,28.08,38.8,12.84,298960.0
HE,13.23,5,"[0, 0, 0, 1, 1, 1, 0, 1, 1, 0]",14.92,13.24,17.08,10.2,1996635.0
IMNM,20.88,8,"[0, 1, 1, 1, 1, 1, 1, 1, 1, 0]",22.03,18.21,26.97,7.92,857495.0
FRSH,8.96,4,"[1, 0, 0, 0, 0, 0, 1, 0, 1, 1]",8.31,10.73,15.95,6.88,11944420.0
NSIT,88.9,5,"[1, 1, 0, 0, 0, 0, 1, 0, 1, 1]",75.05,93.63,146.66,64.43,654510.0
HTFL,28.32,4,"[1, 0, 0, 0, 1, 0, 1, 0, 1, 0]",27.44,28.32,39.91,20.49,1108620.0
OSW,23.53,7,"[1, 1, 1, 1, 0, 1, 0, 1, 1, 0]",23.21,21.72,25.32,18.38,852260.0
SEDG,61.76,10,"[1, 1, 1, 1, 1, 1, 1, 1, 1, 1]",43.67,36.37,61.76,14.94,4302865.0
ROG,139.71,10,"[1, 1, 1, 1, 1, 1, 1, 1, 1, 1]",118.57,95.73,143.1,64.78,286040.0
ATKR,74.27,10,"[1, 1, 1, 1, 1, 1, 1, 1, 1, 1]",66.69,64.67,78.39,53.01,468420.0
TALO,16.39,10,"[1, 1, 1, 1, 1, 1, 1, 1, 1, 1]",14.99,11.64,16.57,7.79,1650350.0
IDYA,28.21,4,"[0, 0, 0, 0, 1, 1, 1, 0, 1, 0]",31.28,30.65,37.86,17.82,909890.0
ELVN,41.34,9,"[1, 1, 1, 1, 1, 1, 1, 1, 1, 0]",38.83,25.89,48.11,15.14,640380.0
DGII,62.0,10,"[1, 1, 1, 1, 1, 1, 1, 1, 1, 1]",54.01,43.58,65.78,31.14,318775.0
LWLG,13.65,9,"[1, 1, 1, 1, 1, 1, 1, 0, 1, 1]",10.64,5.56,18.22,0.95,10553480.0
TMC,5.42,5,"[1, 0, 0, 0, 1, 0, 1, 0, 1, 1]",5.26,6.22,10.69,3.64,5638420.0
LMAT,97.31,6,"[0, 1, 1, 1, 1, 1, 0, 0, 1, 0]",109.5,93.84,,,239400.0
MTX,76.28,10,"[1, 1, 1, 1, 1, 1, 1, 1, 1, 1]",72.11,64.99,82.84,52.99,244880.0
BRZE,20.87,2,"[0, 0, 0, 0, 0, 0, 1, 0, 1, 0]",21.42,25.72,36.89,15.79,2550220.0
AAMI,68.82,10,"[1, 1, 1, 1, 1, 1, 1, 1, 1, 1]",60.53,51.37,72.38,29.15,351795.0
RLAY,12.2,7,"[0, 1, 1, 1, 1, 1, 1, 0, 1, 0]",12.54,8.08,16.8,2.81,3030535.0
MLYS,27.38,5,"[1, 0, 0, 0, 1, 1, 1, 0, 1, 0]",27.17,31.74,47.33,12.87,978245.0
FBNC,57.37,9,"[1, 1, 1, 1, 1, 1, 1, 1, 1, 0]",56.81,53.95,61.96,39.58,214670.0
ANDE,71.46,8,"[0, 1, 1, 1, 1, 1, 1, 1, 1, 0]",72.36,55.26,79.42,33.44,352610.0
VNET,10.09,8,"[1, 1, 1, 0, 1, 1, 1, 0, 1, 1]",9.07,9.47,14.03,5.34,9763105.0
HTO,55.24,7,"[0, 1, 1, 1, 1, 1, 0, 1, 1, 0]",57.63,51.1,60.84,43.73,558455.0
DXPE,146.84,8,"[0, 1, 1, 1, 1, 1, 1, 1, 1, 0]",149.45,126.39,181.51,76.6,229725.0
PTON,5.29,4,"[1, 0, 0, 0, 0, 0, 1, 0, 1, 1]",4.68,6.25,9.0,3.71,13217450.0
SGML,16.82,8,"[1, 1, 1, 1, 1, 1, 1, 0, 1, 0]",16.27,11.01,23.65,4.28,3585950.0
TENB,21.49,4,"[1, 0, 0, 0, 0, 0, 1, 0, 1, 1]",19.61,24.78,35.46,16.04,3371515.0
DFTX,20.99,9,"[1, 1, 1, 1, 1, 1, 1, 1, 1, 0]",20.56,14.72,23.84,6.49,1840980.0
VERX,12.85,3,"[1, 0, 0, 0, 0, 0, 0, 0, 1, 1]",12.71,19.26,41.87,10.8,1557050.0
PLUS,83.1,8,"[1, 1, 1, 0, 1, 1, 1, 1, 1, 0]",80.9,79.82,92.78,61.7,181755.0
AMPX,16.85,7,"[0, 1, 1, 1, 1, 1, 1, 0, 1, 0]",18.48,12.45,22.69,2.42,9559380.0
AMR,179.69,6,"[0, 0, 1, 1, 1, 1, 1, 0, 1, 0]",194.27,179.51,249.65,99.46,250510.0
COHU,47.14,10,"[1, 1, 1, 1, 1, 1, 1, 1, 1, 1]",38.07,27.53,51.28,16.96,1591290.0
AESI,18.87,8,"[1, 1, 1, 1, 1, 1, 0, 0, 1, 1]",14.6,11.72,,,5231775.0
NESR,25.46,10,"[1, 1, 1, 1, 1, 1, 1, 1, 1, 1]",22.91,16.29,26.84,5.54,1741830.0
WTTR,18.96,10,"[1, 1, 1, 1, 1, 1, 1, 1, 1, 1]",15.61,11.86,18.96,7.78,2188220.0
ACHC,25.81,8,"[1, 1, 1, 1, 0, 1, 1, 1, 1, 0]",25.42,20.52,28.26,11.68,3164935.0
MCW,7.1,10,"[1, 1, 1, 1, 1, 1, 1, 1, 1, 1]",7.01,5.97,7.78,4.68,3657940.0
MNR,14.45,8,"[1, 1, 1, 1, 0, 0, 1, 1, 1, 1]",13.52,12.32,14.57,10.38,610270.0
CSGS,80.69,10,"[1, 1, 1, 1, 1, 1, 1, 1, 1, 1]",80.13,74.06,80.69,59.97,353613.6
GRDN,36.61,9,"[1, 1, 1, 1, 1, 1, 1, 1, 1, 0]",36.39,30.45,40.65,19.67,389400.0
CEPU,13.75,6,"[0, 0, 0, 1, 1, 1, 1, 1, 1, 0]",15.22,13.9,17.95,7.68,349550.0
PRDO,34.01,6,"[0, 1, 1, 1, 0, 1, 0, 1, 1, 0]",35.33,32.77,37.95,27.14,575230.0
HLIO,77.03,10,"[1, 1, 1, 1, 1, 1, 1, 1, 1, 1]",67.85,59.78,78.17,28.63,315245.0
WOLF,62.13,7,"[1, 1, 0, 1, 0, 0, 1, 1, 1, 1]",27.15,62.13,69.96,14.8,9668035.0
NTB,54.69,9,"[1, 1, 1, 1, 1, 1, 1, 1, 1, 0]",53.42,48.15,56.1,40.26,163305.0
FUN,21.32,7,"[1, 1, 1, 1, 0, 0, 1, 0, 1, 1]",18.28,19.26,37.78,12.83,2091700.0
BLBD,71.87,9,"[1, 1, 1, 1, 0, 1, 1, 1, 1, 1]",60.77,55.47,72.45,37.96,475990.0
KEEL,4.39,8,"[1, 1, 1, 0, 1, 1, 1, 0, 1, 1]",2.75,2.69,6.47,0.75,34679150.0
PENG,46.82,9,"[1, 1, 1, 1, 0, 1, 1, 1, 1, 1]",26.19,22.96,49.44,16.24,3285915.0
AXGN,40.99,10,"[1, 1, 1, 1, 1, 1, 1, 1, 1, 1]",35.88,27.28,43.74,9.29,1051830.0
PENN,16.2,8,"[1, 1, 1, 1, 0, 0, 1, 1, 1, 1]",15.5,15.9,20.47,11.76,4356675.0
CMPR,94.2,10,"[1, 1, 1, 1, 1, 1, 1, 1, 1, 1]",79.42,70.57,94.68,42.23,154950.0
FLOC,27.31,10,"[1, 1, 1, 1, 1, 1, 1, 1, 1, 1]",23.29,19.08,27.31,14.08,650440.0
DRH,10.3,9,"[1, 1, 1, 1, 1, 1, 1, 1, 1, 0]",9.92,8.88,10.79,7.11,1804840.0
XIFR,11.08,10,"[1, 1, 1, 1, 1, 1, 1, 1, 1, 1]",10.5,10.07,12.08,8.08,1293820.0
ADPT,12.83,4,"[0, 0, 0, 0, 1, 1, 1, 0, 1, 0]",13.89,15.06,20.46,8.84,1629470.0
HTH,36.29,7,"[0, 1, 1, 1, 1, 1, 0, 1, 1, 0]",36.46,34.69,39.6,28.58,338770.0
CTOS,9.84,10,"[1, 1, 1, 1, 1, 1, 1, 1, 1, 1]",7.7,6.6,10.1,4.24,1382415.0
DRVN,13.0,2,"[1, 0, 0, 0, 0, 0, 0, 0, 1, 0]",12.32,14.87,19.21,10.3,1867070.0
RDW,14.06,7,"[1, 1, 1, 1, 0, 0, 1, 0, 1, 1]",9.81,8.99,20.57,5.06,32853775.0
VVX,69.37,10,"[1, 1, 1, 1, 1, 1, 1, 1, 1, 1]",68.85,61.64,76.53,43.76,605055.0
BCRX,9.02,7,"[0, 1, 1, 1, 0, 1, 1, 1, 1, 0]",9.18,7.91,11.19,6.24,4774530.0
TIC,8.96,4,"[1, 0, 0, 0, 0, 0, 1, 0, 1, 1]",8.2,10.23,14.49,6.57,2756655.0
WERN,37.31,10,"[1, 1, 1, 1, 1, 1, 1, 1, 1, 1]",31.85,29.84,37.71,22.94,1166765.0
CENTA,33.63,6,"[1, 1, 1, 1, 0, 0, 0, 1, 1, 0]",33.12,31.36,37.27,26.27,304655.0
QUBT,10.51,4,"[1, 0, 0, 0, 0, 0, 1, 0, 1, 1]",8.35,12.36,24.62,6.31,23520530.0
THR,65.23,10,"[1, 1, 1, 1, 1, 1, 1, 1, 1, 1]",54.69,39.68,69.76,24.1,704225.0
ECO,55.12,10,"[1, 1, 1, 1, 1, 1, 1, 1, 1, 1]",51.07,37.9,56.93,21.1,422960.0
BHC,5.42,1,"[0, 0, 0, 0, 0, 0, 0, 0, 1, 0]",5.43,6.31,8.34,4.45,1881540.0
NMM,71.65,10,"[1, 1, 1, 1, 1, 1, 1, 1, 1, 1]",68.83,56.13,76.62,37.44,133070.0
MBIN,44.37,8,"[0, 1, 1, 1, 1, 1, 1, 1, 1, 0]",45.16,37.18,49.89,28.93,154585.0
FLYW,16.06,10,"[1, 1, 1, 1, 1, 1, 1, 1, 1, 1]",13.36,13.17,17.73,10.0,2312500.0
PBI,15.75,9,"[1, 1, 1, 1, 0, 1, 1, 1, 1, 1]",12.7,11.14,15.9,8.87,4380250.0
WLY,39.89,8,"[1, 1, 1, 1, 0, 1, 1, 1, 1, 0]",38.91,35.61,43.49,28.52,373911.7
CMRE,17.17,9,"[1, 1, 1, 1, 1, 1, 1, 1, 1, 0]",16.86,14.63,17.79,8.15,489305.0
SLDE,18.8,8,"[1, 1, 1, 1, 1, 0, 1, 1, 1, 0]",18.19,16.86,23.3,12.74,1562220.0
OCUL,9.16,3,"[1, 0, 0, 0, 0, 0, 1, 0, 1, 0]",8.99,10.93,16.11,6.88,2864960.0
ESTA,65.76,8,"[1, 1, 1, 0, 1, 1, 1, 1, 1, 0]",64.78,59.21,79.67,33.62,536075.0
SRPT,17.55,4,"[0, 0, 0, 0, 1, 1, 1, 0, 1, 0]",20.09,19.97,43.01,11.93,3123600.0
IMOS,50.77,10,"[1, 1, 1, 1, 1, 1, 1, 1, 1, 1]",43.44,30.65,60.27,15.09,102420.0
NVCR,17.58,9,"[1, 1, 1, 1, 1, 0, 1, 1, 1, 1]",13.09,12.73,19.4,10.03,1914100.0
DEI,11.68,4,"[1, 1, 0, 0, 0, 0, 0, 0, 1, 1]",10.25,11.84,16.09,8.99,2733800.0
EZPW,33.0,10,"[1, 1, 1, 1, 1, 1, 1, 1, 1, 1]",29.12,21.87,34.65,13.02,733490.0
PDFS,44.7,10,"[1, 1, 1, 1, 1, 1, 1, 1, 1, 1]",39.44,30.24,55.09,17.7,945820.0
TRVI,14.2,9,"[1, 1, 1, 1, 1, 1, 1, 1, 1, 0]",13.08,11.05,15.4,5.47,1707665.0
DCO,143.75,10,"[1, 1, 1, 1, 1, 1, 1, 1, 1, 1]",134.53,108.43,151.59,67.26,235370.0
WS,38.93,9,"[1, 1, 1, 0, 1, 1, 1, 1, 1, 1]",35.02,34.82,48.45,24.15,226700.0
STOK,30.08,7,"[0, 0, 1, 1, 1, 1, 1, 1, 1, 0]",33.92,29.21,38.35,9.18,496735.0
DHC,8.36,10,"[1, 1, 1, 1, 1, 1, 1, 1, 1, 1]",7.38,5.43,8.73,2.98,1470635.0
TYRA,37.04,10,"[1, 1, 1, 1, 1, 1, 1, 1, 1, 1]",36.07,24.03,39.61,8.82,840355.0
SEM,16.5,8,"[1, 1, 1, 1, 1, 1, 0, 0, 1, 1]",16.3,14.53,,,1475530.0
CLBK,19.57,10,"[1, 1, 1, 1, 1, 1, 1, 1, 1, 1]",18.22,16.41,19.7,13.73,334795.0
MGNI,12.82,2,"[1, 0, 0, 0, 0, 0, 0, 0, 1, 0]",12.76,16.55,26.52,11.2,2798195.0
NGL,17.84,10,"[1, 1, 1, 1, 1, 1, 1, 1, 1, 1]",13.71,9.66,17.84,3.22,246370.0
NTST,20.44,9,"[1, 1, 1, 1, 1, 1, 1, 1, 1, 0]",20.05,18.61,20.97,14.76,1306925.0
ANAB,63.15,10,"[1, 1, 1, 1, 1, 1, 1, 1, 1, 1]",50.54,31.26,69.78,12.93,727285.0
NEXT,9.12,8,"[1, 1, 1, 1, 0, 0, 1, 1, 1, 1]",7.4,6.87,12.0,4.8,3350530.0
BBAI,4.08,4,"[1, 0, 0, 0, 0, 0, 1, 0, 1, 1]",3.82,5.4,8.91,3.04,40370170.0
ATEN,27.95,8,"[1, 1, 1, 1, 1, 1, 0, 0, 1, 1]",24.72,19.57,,,1033295.0
GTY,32.67,8,"[0, 1, 1, 1, 1, 1, 1, 1, 1, 0]",32.92,29.03,34.61,24.79,415625.0
OMCL,43.12,9,"[1, 1, 1, 0, 1, 1, 1, 1, 1, 1]",37.83,37.58,51.39,26.88,695550.0
SION,40.22,9,"[1, 1, 1, 1, 1, 1, 1, 1, 1, 0]",39.49,35.26,45.95,12.72,422220.0
SOC,15.13,7,"[1, 1, 1, 1, 0, 0, 1, 0, 1, 1]",14.79,14.28,33.02,4.12,2776570.0
BW,21.85,10,"[1, 1, 1, 1, 1, 1, 1, 1, 1, 1]",15.8,7.93,21.85,0.65,4034410.0
BSTZ,27.87,8,"[1, 1, 1, 1, 1, 1, 0, 0, 1, 1]",23.97,21.8,,,238185.0
NEOG,8.19,6,"[0, 0, 1, 1, 1, 1, 1, 0, 1, 0]",9.25,7.67,11.33,4.65,2151955.0
UTI,39.56,10,"[1, 1, 1, 1, 1, 1, 1, 1, 1, 1]",36.77,30.66,41.5,21.77,675565.0
INBX,108.64,10,"[1, 1, 1, 1, 1, 1, 1, 1, 1, 1]",90.1,66.55,141.84,12.33,731040.0
AUPH,15.28,8,"[0, 1, 1, 1, 1, 1, 1, 1, 1, 0]",15.3,14.12,16.42,7.47,1249625.0
TSHA,5.96,9,"[1, 1, 1, 1, 1, 1, 1, 1, 1, 0]",5.39,4.56,6.98,2.31,2412590.0
GNL,9.23,8,"[0, 1, 1, 1, 1, 1, 1, 1, 1, 0]",9.3,8.33,9.76,6.41,1834880.0
MBX,32.45,9,"[1, 1, 1, 1, 1, 1, 1, 1, 1, 0]",31.38,26.3,43.14,9.73,686845.0
WSR,18.99,10,"[1, 1, 1, 1, 1, 1, 1, 1, 1, 1]",17.72,14.26,18.99,11.28,397960.0
ASTH,38.26,9,"[1, 1, 1, 1, 0, 1, 1, 1, 1, 1]",29.7,27.09,39.76,18.16,510200.0
LAC,5.01,7,"[1, 0, 1, 0, 1, 1, 1, 0, 1, 1]",4.66,4.84,10.05,2.53,13337595.0
IMAX,33.59,6,"[0, 0, 0, 1, 1, 1, 1, 1, 1, 0]",37.14,34.52,42.83,24.51,1190180.0
FIGS,11.77,6,"[0, 0, 1, 1, 1, 1, 1, 0, 1, 0]",14.65,10.68,17.12,4.32,4052195.0
MD,22.49,9,"[1, 1, 1, 1, 1, 1, 1, 1, 1, 0]",21.64,19.92,24.65,11.98,889795.0
NWL,3.84,1,"[0, 0, 0, 0, 0, 0, 0, 0, 1, 0]",3.97,4.33,6.17,3.0,7034910.0
PHVS,30.4,10,"[1, 1, 1, 1, 1, 1, 1, 1, 1, 1]",28.24,25.44,32.94,15.46,414775.0
PUMP,17.45,10,"[1, 1, 1, 1, 1, 1, 1, 1, 1, 1]",15.01,9.97,18.2,4.52,5435450.0
LC,15.59,5,"[1, 0, 0, 0, 1, 1, 1, 0, 1, 0]",15.54,16.87,21.58,9.86,2767970.0
RAMP,29.66,8,"[1, 1, 1, 1, 0, 0, 1, 1, 1, 1]",28.16,27.72,34.2,22.42,499515.0
LAR,9.96,10,"[1, 1, 1, 1, 1, 1, 1, 1, 1, 1]",8.36,5.88,11.79,1.73,3378265.0
STEL,36.39,8,"[0, 1, 1, 1, 1, 1, 1, 1, 1, 0]",36.82,33.05,39.54,26.09,260000.0
PRKS,36.13,3,"[1, 0, 0, 0, 0, 0, 0, 0, 1, 1]",34.19,40.62,55.21,29.73,1135675.0
SNDX,20.23,7,"[0, 0, 1, 1, 1, 1, 1, 1, 1, 0]",22.84,18.97,25.15,8.73,1897835.0
JBLU,4.58,2,"[0, 0, 0, 0, 0, 1, 0, 0, 1, 0]",4.75,4.88,6.46,4.01,26593625.0
ARCO,8.13,7,"[0, 1, 1, 1, 1, 1, 0, 1, 1, 0]",8.45,7.58,9.5,6.37,1267665.0
NEXA,14.85,9,"[1, 1, 1, 1, 1, 1, 1, 1, 1, 0]",12.68,8.89,16.72,4.66,1536675.0
AGRO,13.11,9,"[0, 1, 1, 1, 1, 1, 1, 1, 1, 1]",13.28,9.48,15.18,7.07,1282575.0
HTZ,5.53,6,"[1, 1, 1, 1, 0, 0, 1, 0, 1, 0]",5.46,5.49,7.97,3.89,13936625.0
SPB,77.08,8,"[0, 1, 1, 1, 1, 1, 1, 1, 1, 0]",78.31,63.94,85.41,49.63,357125.0
BLX,52.54,9,"[1, 1, 1, 1, 1, 1, 1, 1, 1, 0]",51.87,46.38,56.6,38.29,144330.0
MESO,14.99,4,"[0, 0, 0, 0, 1, 1, 1, 0, 1, 0]",15.13,16.33,20.96,10.16,163955.0
OCS,30.29,10,"[1, 1, 1, 1, 1, 1, 1, 1, 1, 1]",27.38,22.75,32.65,16.13,509015.0
ANIP,78.01,5,"[1, 0, 0, 0, 0, 1, 1, 1, 1, 0]",77.55,83.44,98.81,57.27,373285.0
PGNY,23.25,7,"[1, 1, 1, 0, 0, 0, 1, 1, 1, 1]",18.44,21.78,28.42,16.3,1645630.0
INVX,28.0,10,"[1, 1, 1, 1, 1, 1, 1, 1, 1, 1]",26.08,22.23,29.25,13.8,352290.0
CASH,79.9,5,"[0, 0, 0, 1, 1, 1, 0, 1, 1, 0]",89.99,80.23,99.93,66.39,216970.0
RAPP,37.07,9,"[1, 1, 1, 1, 1, 1, 1, 1, 1, 0]",33.25,27.37,39.93,8.27,326870.0
SNDA,37.78,10,"[1, 1, 1, 1, 1, 1, 1, 1, 1, 1]",34.89,30.96,38.78,23.92,629075.0
FIHL,23.16,10,"[1, 1, 1, 1, 1, 1, 1, 1, 1, 1]",19.99,18.57,23.46,14.51,429947.15
TPB,89.56,5,"[1, 0, 0, 0, 1, 1, 0, 0, 1, 1]",83.92,99.12,142.85,70.59,530120.0
VET,12.8,10,"[1, 1, 1, 1, 1, 1, 1, 1, 1, 1]",12.68,9.49,14.42,6.26,1520900.0
BORR,6.26,10,"[1, 1, 1, 1, 1, 1, 1, 1, 1, 1]",5.68,4.14,6.3,1.61,6608375.0
ECPG,81.62,10,"[1, 1, 1, 1, 1, 1, 1, 1, 1, 1]",76.09,56.02,84.41,35.97,349380.0
SONO,14.83,7,"[1, 0, 0, 0, 1, 1, 1, 1, 1, 1]",14.0,15.43,19.16,9.69,1728985.0
WBTN,12.09,4,"[1, 0, 0, 0, 0, 1, 1, 0, 1, 0]",10.92,13.49,21.31,8.17,329930.0
ADNT,20.84,3,"[0, 0, 0, 0, 0, 0, 1, 1, 1, 0]",20.97,22.05,27.09,14.73,935165.0
VRE,18.96,10,"[1, 1, 1, 1, 1, 1, 1, 1, 1, 1]",18.89,16.04,18.98,13.54,853445.0
UFPT,213.95,5,"[1, 0, 0, 0, 1, 0, 0, 1, 1, 1]",201.58,216.89,267.56,185.28,246145.0
CLVT,2.42,2,"[0, 0, 0, 0, 0, 0, 1, 0, 1, 0]",2.56,3.22,4.53,1.68,5140980.0
AIN,60.65,8,"[1, 1, 1, 1, 0, 0, 1, 1, 1, 1]",56.08,55.38,71.43,40.97,252525.0
CTS,58.32,10,"[1, 1, 1, 1, 1, 1, 1, 1, 1, 1]",52.73,46.42,61.75,36.41,288550.0
VOYG,34.44,7,"[1, 1, 1, 1, 0, 0, 1, 0, 1, 1]",28.02,28.77,56.48,17.99,1767500.0
ZYME,23.93,8,"[0, 1, 1, 1, 1, 1, 1, 1, 1, 0]",25.68,21.61,28.56,11.22,640310.0
CAPR,28.79,8,"[0, 1, 1, 1, 1, 1, 1, 1, 1, 0]",31.99,19.06,35.34,4.6,1123170.0
PSIX,38.75,1,"[0, 0, 0, 0, 0, 0, 0, 0, 1, 0]",64.93,75.71,115.78,36.61,1081160.0
LOB,35.55,7,"[1, 1, 1, 0, 0, 1, 1, 1, 1, 0]",35.1,35.39,41.72,26.77,217355.0
XPRO,15.85,8,"[0, 1, 1, 1, 1, 1, 1, 1, 1, 0]",16.86,14.52,18.39,7.77,945010.0
PVLA,114.24,8,"[0, 1, 1, 1, 1, 1, 1, 1, 1, 0]",124.41,90.18,148.34,20.51,217845.0
FLNG,32.13,10,"[1, 1, 1, 1, 1, 1, 1, 1, 1, 1]",30.77,26.22,33.27,19.35,425640.0
SFL,12.48,10,"[1, 1, 1, 1, 1, 1, 1, 1, 1, 1]",11.03,8.9,12.8,6.71,1243040.0
CYD,50.0,10,"[1, 1, 1, 1, 1, 1, 1, 1, 1, 1]",42.14,39.32,55.95,16.72,134205.0
TILE,28.05,6,"[1, 0, 0, 0, 1, 1, 1, 1, 1, 0]",27.01,28.05,34.83,19.56,558075.0
PCT,12.59,6,"[1, 1, 1, 0, 0, 0, 1, 0, 1, 1]",6.82,9.99,16.92,5.06,4698375.0
LPG,40.87,10,"[1, 1, 1, 1, 1, 1, 1, 1, 1, 1]",35.75,30.0,40.87,18.9,433375.0
TE,5.67,6,"[0, 0, 1, 0, 1, 1, 1, 0, 1, 1]",5.74,4.82,9.49,0.97,15375310.0
VRDN,16.82,4,"[0, 0, 0, 0, 1, 0, 1, 0, 1, 1]",19.65,24.32,33.78,12.82,3436240.0
NRIX,15.85,6,"[0, 0, 1, 1, 1, 1, 1, 0, 1, 0]",15.97,14.34,21.47,8.24,818355.0
QURE,27.05,8,"[1, 1, 1, 0, 1, 1, 1, 0, 1, 1]",18.55,26.0,70.59,9.03,2133755.0
DV,9.06,1,"[0, 0, 0, 0, 0, 0, 0, 0, 1, 0]",10.3,11.44,16.27,8.61,2527865.0
AHG,1.73,6,"[0, 1, 1, 1, 0, 1, 1, 0, 1, 0]",2.17,1.72,2.5,1.12,178810.0
FIVN,21.64,6,"[1, 1, 1, 0, 0, 0, 1, 0, 1, 1]",17.09,20.5,29.56,13.61,4104205.0
INVA,21.97,8,"[0, 1, 1, 1, 1, 1, 1, 1, 1, 0]",22.93,20.77,24.24,16.67,605300.0
SILA,30.55,10,"[1, 1, 1, 1, 1, 1, 1, 1, 1, 1]",26.78,24.44,30.58,21.69,1456665.0
OPRA,17.89,9,"[1, 1, 1, 1, 0, 1, 1, 1, 1, 1]",16.1,15.21,20.08,11.79,598910.0
ARDX,6.23,8,"[1, 1, 1, 0, 1, 1, 1, 1, 1, 0]",6.12,6.09,7.99,3.55,4460520.0
POET,15.97,10,"[1, 1, 1, 1, 1, 1, 1, 1, 1, 1]",8.25,6.66,20.57,3.96,73596505.0
NUVB,4.32,4,"[0, 0, 0, 0, 1, 1, 1, 0, 1, 0]",4.6,5.07,9.54,1.71,4619235.0
PEB,14.06,10,"[1, 1, 1, 1, 1, 1, 1, 1, 1, 1]",13.34,11.81,14.72,8.84,2557540.0
NTLA,13.67,7,"[1, 1, 1, 1, 0, 1, 1, 0, 1, 0]",13.65,13.21,27.98,6.87,9166185.0
NVAX,9.06,10,"[1, 1, 1, 1, 1, 1, 1, 1, 1, 1]",8.95,8.29,11.19,6.22,5346300.0
SKYT,34.72,10,"[1, 1, 1, 1, 1, 1, 1, 1, 1, 1]",30.56,22.27,35.82,8.19,1267680.0
ARLO,12.32,1,"[0, 0, 0, 0, 0, 0, 0, 0, 1, 0]",14.09,15.08,19.44,11.23,1462985.0
PRLB,72.01,10,"[1, 1, 1, 1, 1, 1, 1, 1, 1, 1]",61.83,54.87,72.57,36.53,182630.0
DCOM,35.71,9,"[1, 1, 1, 1, 1, 1, 1, 1, 1, 0]",34.66,31.02,37.34,24.42,341225.0
GLUE,18.15,8,"[1, 1, 1, 1, 1, 1, 1, 0, 1, 0]",17.86,14.29,25.31,3.97,774750.0
AMLX,13.28,5,"[0, 0, 0, 1, 1, 1, 1, 0, 1, 0]",15.36,13.42,18.36,4.72,1049940.0
CLOV,3.47,7,"[1, 1, 1, 0, 0, 0, 1, 1, 1, 1]",2.27,2.53,3.82,1.7,7350895.0
REX,50.06,10,"[1, 1, 1, 1, 1, 1, 1, 1, 1, 1]",44.68,35.24,51.16,20.03,153155.0
STBA,43.3,7,"[1, 1, 1, 1, 1, 1, 0, 0, 1, 0]",42.3,39.63,,,266170.0
KOS,3.23,10,"[1, 1, 1, 1, 1, 1, 1, 1, 1, 1]",2.77,1.83,3.27,0.87,15484250.0
KSS,11.77,4,"[0, 0, 0, 0, 1, 1, 1, 0, 1, 0]",13.6,16.33,24.34,7.21,4403855.0
IOVA,3.45,7,"[0, 1, 1, 1, 1, 1, 1, 0, 1, 0]",3.76,2.8,5.41,1.66,15739845.0
PAHC,34.37,5,"[0, 0, 0, 1, 1, 1, 1, 0, 1, 0]",51.94,43.15,59.58,22.72,434635.0
OUST,34.86,8,"[1, 1, 1, 0, 0, 1, 1, 1, 1, 1]",23.78,25.44,37.08,9.89,4498890.0
STGW,6.05,8,"[0, 1, 1, 1, 1, 1, 1, 1, 1, 0]",6.36,5.6,7.28,4.16,1381425.0
BAND,53.97,10,"[1, 1, 1, 1, 1, 1, 1, 1, 1, 1]",25.56,17.57,53.97,12.82,1314260.0
NVRI,19.39,9,"[1, 1, 1, 1, 1, 1, 1, 1, 1, 0]",19.04,15.89,19.9,7.54,938230.0
ABCL,4.09,6,"[1, 1, 0, 0, 0, 1, 1, 0, 1, 1]",3.88,4.14,6.17,1.97,9385755.0
HOPE,11.86,8,"[1, 1, 1, 1, 1, 1, 0, 1, 1, 0]",11.68,10.98,12.77,9.37,970100.0
AMRC,33.03,9,"[1, 1, 1, 0, 1, 1, 1, 1, 1, 1]",27.35,30.29,43.23,13.53,558575.0
TFIN,61.6,8,"[0, 1, 1, 1, 1, 1, 1, 1, 1, 0]",61.95,59.59,70.73,46.95,314490.0
HCSG,21.25,10,"[1, 1, 1, 1, 1, 1, 1, 1, 1, 1]",20.21,18.39,23.06,12.69,772275.0
DCH,6.36,7,"[1, 0, 1, 0, 1, 1, 1, 0, 1, 1]",5.84,6.3,9.0,4.08,4502695.0
XHR,15.91,9,"[1, 1, 1, 1, 1, 1, 1, 1, 1, 0]",15.5,14.29,17.03,11.12,760305.0
WLFC,180.03,8,"[0, 1, 1, 1, 1, 1, 1, 1, 1, 0]",189.39,159.62,238.45,114.62,134515.0
GBX,47.64,4,"[0, 0, 0, 1, 1, 0, 0, 1, 1, 0]",50.59,47.78,58.47,40.45,363225.0
LILAK,7.32,6,"[0, 0, 0, 1, 1, 1, 1, 1, 1, 0]",8.23,8.06,8.94,5.0,660560.0
LILA,7.18,6,"[0, 0, 0, 1, 1, 1, 1, 1, 1, 0]",8.07,7.94,8.87,4.9,308770.0
ZD,40.51,8,"[0, 1, 1, 1, 1, 1, 1, 1, 1, 0]",43.6,37.35,48.23,26.51,575685.0
ECVT,14.56,10,"[1, 1, 1, 1, 1, 1, 1, 1, 1, 1]",13.27,10.39,14.97,7.05,1596170.0
VIR,8.79,8,"[0, 1, 1, 1, 1, 1, 1, 1, 1, 0]",9.63,6.97,11.09,4.28,1598525.0
AHCO,10.66,7,"[0, 1, 1, 1, 1, 1, 0, 1, 1, 0]",11.59,10.11,13.38,8.3,1598015.0
KW,11.03,10,"[1, 1, 1, 1, 1, 1, 1, 1, 1, 1]",10.86,9.4,11.03,5.74,888690.0
ALGT,74.9,4,"[0, 0, 0, 0, 1, 1, 1, 0, 1, 0]",80.86,76.66,114.79,48.12,614815.0
TRS,38.03,8,"[1, 1, 1, 1, 0, 1, 1, 1, 1, 0]",37.43,36.32,42.72,24.82,527705.0
CRML,11.18,6,"[1, 0, 1, 0, 1, 1, 1, 0, 1, 0]",10.05,10.01,29.97,1.37,18153075.0
TH,18.66,10,"[1, 1, 1, 1, 1, 1, 1, 1, 1, 1]",12.97,9.1,18.66,6.22,1767190.0
UAMY,8.61,6,"[0, 0, 1, 1, 1, 1, 1, 0, 1, 0]",9.87,7.81,17.47,1.97,14269610.0
IMTX,10.87,9,"[1, 1, 1, 1, 1, 1, 1, 1, 1, 0]",10.51,9.31,11.87,4.74,467625.0
GSL,40.86,10,"[1, 1, 1, 1, 1, 1, 1, 1, 1, 1]",39.05,34.19,42.29,23.18,293245.0
YELP,21.65,1,"[0, 0, 0, 0, 0, 0, 0, 0, 1, 0]",25.82,28.69,39.14,19.78,1212605.0
CNOB,28.94,8,"[1, 1, 1, 1, 1, 1, 0, 0, 1, 1]",27.61,25.85,,,356045.0
RES,6.92,9,"[0, 1, 1, 1, 1, 1, 1, 1, 1, 1]",7.0,5.63,7.95,4.15,2213270.0
BY,31.88,8,"[0, 1, 1, 1, 1, 1, 1, 1, 1, 0]",31.99,29.61,33.59,24.47,290045.0
NVGS,23.87,10,"[1, 1, 1, 1, 1, 1, 1, 1, 1, 1]",20.55,17.94,23.87,13.49,429470.0
PGEN,4.42,9,"[1, 1, 1, 0, 1, 1, 1, 1, 1, 1]",3.87,3.87,5.21,1.32,3279225.0
BHVN,8.76,1,"[0, 0, 0, 0, 0, 0, 0, 0, 1, 0]",9.56,12.05,18.11,7.79,1849165.0
TNC,80.72,8,"[1, 1, 1, 0, 0, 1, 1, 1, 1, 1]",74.42,76.54,87.22,60.91,311090.0
HLF,12.83,5,"[0, 0, 0, 1, 1, 1, 1, 0, 1, 0]",15.31,12.83,19.96,6.66,1345375.0
SHLS,10.33,9,"[1, 1, 1, 0, 1, 1, 1, 1, 1, 1]",7.19,7.98,10.85,4.25,5829600.0
ATAI,4.01,4,"[1, 0, 0, 0, 0, 1, 1, 0, 1, 0]",3.94,4.3,6.45,1.65,7192395.0
BCAX,20.23,8,"[0, 1, 1, 1, 1, 1, 1, 1, 1, 0]",21.1,16.75,24.01,8.71,506820.0
GCT,36.06,5,"[0, 0, 0, 1, 1, 1, 1, 0, 1, 0]",43.63,36.11,51.8,17.56,816800.0
AIP,33.71,10,"[1, 1, 1, 1, 1, 1, 1, 1, 1, 1]",21.99,15.61,37.34,7.1,1050595.0
GHRS,21.39,10,"[1, 1, 1, 1, 1, 1, 1, 1, 1, 1]",17.39,14.92,22.44,10.98,284370.0
SBET,6.72,2,"[0, 0, 0, 0, 0, 0, 1, 0, 1, 0]",7.21,11.51,79.21,2.79,7417975.0
GILT,15.19,6,"[0, 0, 1, 1, 1, 1, 1, 0, 1, 0]",17.48,14.21,20.85,5.48,888010.0
AVAH,7.72,7,"[1, 0, 0, 0, 1, 1, 1, 1, 1, 1]",6.71,7.9,10.27,3.74,1573700.0
CBL,46.6,10,"[1, 1, 1, 1, 1, 1, 1, 1, 1, 1]",41.47,34.63,47.35,22.91,213380.0
BKSY,38.75,10,"[1, 1, 1, 1, 1, 1, 1, 1, 1, 1]",31.91,23.46,42.66,10.75,2202000.0
FTRE,13.66,8,"[1, 1, 1, 0, 1, 1, 1, 0, 1, 1]",10.73,11.59,18.4,4.06,1639945.0
NSSC,36.22,6,"[0, 0, 0, 1, 1, 1, 1, 1, 1, 0]",42.24,40.8,47.06,27.07,385035.0
DMRA,24.6,7,"[0, 1, 1, 1, 1, 1, 1, 0, 1, 0]",25.05,18.16,34.14,2.58,309500.0
PRG,33.23,7,"[1, 1, 1, 0, 0, 1, 0, 1, 1, 1]",31.14,31.67,40.31,26.06,516825.0
OBK,45.47,7,"[1, 1, 1, 1, 1, 1, 0, 0, 1, 0]",43.57,38.98,,,189680.0
MUX,22.81,9,"[1, 1, 1, 1, 1, 1, 1, 1, 1, 0]",22.62,19.6,29.05,7.13,1063470.0
PRCT,26.12,3,"[1, 0, 0, 0, 0, 0, 0, 0, 1, 1]",25.15,31.77,65.05,21.71,1654180.0
NBR,105.27,10,"[1, 1, 1, 1, 1, 1, 1, 1, 1, 1]",87.8,60.27,105.28,24.6,342170.0
MAZE,25.56,4,"[0, 0, 0, 0, 1, 1, 1, 0, 1, 0]",33.02,32.54,51.83,9.25,637370.0
ENVX,6.11,2,"[1, 0, 0, 0, 0, 0, 0, 0, 1, 0]",5.89,8.2,15.93,4.84,6665110.0
TBLA,4.99,9,"[1, 1, 1, 0, 1, 1, 1, 1, 1, 1]",3.67,3.65,5.25,2.95,2913905.0
URGN,28.78,10,"[1, 1, 1, 1, 1, 1, 1, 1, 1, 1]",21.92,20.99,31.33,3.93,1027375.0
NNE,24.92,3,"[1, 0, 0, 0, 0, 0, 1, 0, 1, 0]",23.46,32.07,56.63,19.0,2434515.0
HROW,31.21,3,"[0, 0, 0, 0, 1, 1, 0, 0, 1, 0]",36.71,41.35,54.8,25.74,932435.0
HLX,10.05,10,"[1, 1, 1, 1, 1, 1, 1, 1, 1, 1]",9.67,7.63,10.55,5.7,2185325.0
LINC,49.1,10,"[1, 1, 1, 1, 1, 1, 1, 1, 1, 1]",41.26,27.88,52.02,17.8,521575.0
RYZ,25.38,9,"[1, 1, 1, 0, 1, 1, 1, 1, 1, 1]",24.1,24.06,30.54,18.88,391510.0
HLIT,12.54,10,"[1, 1, 1, 1, 1, 1, 1, 1, 1, 1]",10.35,10.04,13.35,8.35,1913665.0
TROX,7.99,8,"[0, 1, 1, 1, 1, 1, 1, 1, 1, 0]",8.74,5.64,10.42,2.84,3256965.0
VIA,14.75,2,"[0, 0, 0, 0, 1, 0, 0, 0, 1, 0]",15.86,14.75,53.93,13.31,626755.0
LIND,18.67,9,"[1, 1, 1, 1, 1, 1, 1, 1, 1, 0]",18.47,15.39,21.7,9.95,728570.0
IPX,36.19,5,"[1, 0, 0, 0, 0, 1, 1, 0, 1, 1]",32.74,40.69,60.11,21.16,295435.0
WVE,6.77,2,"[0, 0, 0, 0, 1, 0, 0, 0, 1, 0]",8.67,10.15,21.31,5.94,4184440.0
PLTK,3.57,6,"[1, 1, 1, 0, 0, 0, 1, 1, 1, 0]",3.22,3.54,4.74,2.72,1138895.0
KALV,26.73,10,"[1, 1, 1, 1, 1, 1, 1, 1, 1, 1]",20.75,15.66,26.8,10.76,6804935.0
AVBP,27.87,9,"[1, 1, 1, 1, 1, 1, 1, 1, 1, 0]",26.69,22.19,31.39,16.95,419935.0
OLPX,2.03,9,"[1, 1, 1, 1, 1, 1, 1, 1, 1, 0]",1.82,1.48,2.04,1.01,2679585.0
RLJ,8.95,10,"[1, 1, 1, 1, 1, 1, 1, 1, 1, 1]",7.94,7.39,9.1,6.34,3163410.0
LOMA,10.39,4,"[0, 0, 0, 0, 1, 0, 1, 1, 1, 0]",10.87,10.64,13.78,7.13,362870.0
TV,2.85,6,"[0, 0, 0, 1, 1, 1, 1, 1, 1, 0]",2.93,2.85,3.44,1.9,1455635.0
SBH,11.9,4,"[0, 0, 0, 0, 1, 1, 1, 0, 1, 0]",13.93,14.66,17.0,8.48,1647720.0
CSIQ,17.88,7,"[1, 0, 1, 0, 1, 1, 1, 0, 1, 1]",15.25,17.67,33.58,9.51,3418755.0
RXT,5.82,10,"[1, 1, 1, 1, 1, 1, 1, 1, 1, 1]",2.07,1.43,7.29,0.41,33382320.0
GIII,28.73,6,"[0, 0, 1, 0, 1, 1, 1, 1, 1, 0]",29.16,28.4,31.95,20.4,411215.0
TTI,10.52,9,"[1, 1, 1, 0, 1, 1, 1, 1, 1, 1]",8.93,8.01,12.32,2.68,1524680.0
KDK,8.11,3,"[0, 0, 0, 0, 1, 0, 1, 0, 1, 0]",8.24,8.11,10.92,5.57,1161155.0
STAA,32.07,9,"[1, 1, 1, 1, 0, 1, 1, 1, 1, 1]",23.05,23.95,32.07,16.1,982890.0
TWO,12.6,10,"[1, 1, 1, 1, 1, 1, 1, 1, 1, 1]",10.98,10.1,13.68,8.64,2715500.0
ARRY,8.97,9,"[1, 1, 1, 0, 1, 1, 1, 1, 1, 1]",7.53,8.49,11.96,5.48,4951980.0
BAK,4.9,10,"[1, 1, 1, 1, 1, 1, 1, 1, 1, 1]",3.99,3.32,4.97,2.38,2452030.0
TDOC,6.36,4,"[1, 0, 0, 0, 0, 0, 1, 0, 1, 1]",5.78,6.81,9.46,4.47,5640770.0
WLDN,92.12,5,"[1, 0, 0, 0, 0, 1, 1, 0, 1, 1]",79.66,98.74,134.94,48.63,546560.0
CRVS,12.31,6,"[0, 0, 1, 1, 1, 1, 1, 0, 1, 0]",15.16,11.04,25.52,3.47,1613305.0
CRI,33.46,7,"[0, 0, 1, 1, 1, 1, 1, 1, 1, 0]",35.36,32.47,44.05,23.07,1235750.0
PLSE,24.55,10,"[1, 1, 1, 1, 1, 1, 1, 1, 1, 1]",21.33,17.51,27.1,12.66,364960.0
OLMA,13.59,4,"[0, 0, 0, 0, 1, 1, 1, 0, 1, 0]",15.21,16.36,35.83,4.01,997690.0
TEN,42.55,10,"[1, 1, 1, 1, 1, 1, 1, 1, 1, 1]",39.25,27.98,44.01,16.79,287625.0
WBI,30.72,7,"[1, 1, 0, 1, 0, 0, 1, 1, 1, 1]",27.01,30.72,30.72,18.72,710110.0
JBIO,23.35,10,"[1, 1, 1, 1, 1, 1, 1, 1, 1, 1]",19.27,13.37,26.85,6.76,614800.0
GPRE,17.14,10,"[1, 1, 1, 1, 1, 1, 1, 1, 1, 1]",16.3,11.99,18.25,4.04,1502285.0
RCAT,9.49,5,"[0, 0, 0, 1, 1, 1, 1, 0, 1, 0]",12.9,11.17,17.36,5.95,11258475.0
MRTN,15.52,10,"[1, 1, 1, 1, 1, 1, 1, 1, 1, 1]",13.8,12.07,15.58,9.31,940435.0
EVLV,5.7,2,"[0, 0, 0, 0, 0, 1, 0, 0, 1, 0]",6.17,6.8,8.76,4.9,3342165.0
NPKI,15.29,10,"[1, 1, 1, 1, 1, 1, 1, 1, 1, 1]",14.71,12.76,16.35,7.89,847935.0
ABTC,1.11,3,"[1, 0, 0, 0, 0, 0, 1, 0, 1, 0]",1.08,3.39,9.31,0.79,16752790.0
DQ,18.19,3,"[0, 0, 0, 0, 1, 0, 1, 0, 1, 0]",21.12,25.81,35.69,13.05,980885.0
AMAL,39.68,8,"[0, 1, 1, 1, 1, 1, 1, 1, 1, 0]",39.95,33.34,43.42,24.92,150165.0
VTOL,42.17,8,"[0, 1, 1, 1, 1, 1, 1, 1, 1, 0]",46.12,40.81,49.86,28.53,279615.0
PGY,13.54,2,"[1, 0, 0, 0, 0, 0, 0, 0, 1, 0]",12.74,22.67,43.81,10.64,3857200.0
NAT,5.47,8,"[0, 1, 1, 1, 1, 1, 1, 1, 1, 0]",5.66,4.07,6.18,2.42,3759395.0
PNTG,35.55,10,"[1, 1, 1, 1, 1, 1, 1, 1, 1, 1]",31.91,28.3,36.9,22.07,271710.0
MRVI,4.15,10,"[1, 1, 1, 1, 1, 1, 1, 1, 1, 1]",3.46,3.24,4.85,2.01,2528575.0
NSP,30.23,4,"[1, 0, 0, 0, 0, 0, 1, 0, 1, 1]",27.85,37.4,67.22,19.9,802455.0
MLTX,17.55,5,"[1, 1, 0, 1, 0, 0, 1, 0, 1, 0]",17.48,22.95,61.99,6.24,904110.0
BLDP,4.45,10,"[1, 1, 1, 1, 1, 1, 1, 1, 1, 1]",3.01,2.72,4.78,1.28,9374940.0
UFCS,48.06,10,"[1, 1, 1, 1, 1, 1, 1, 1, 1, 1]",39.85,35.29,49.07,25.86,131590.0
REAL,9.06,4,"[0, 0, 0, 0, 1, 1, 1, 0, 1, 0]",10.41,11.57,16.9,4.79,4151970.0
JKS,24.6,6,"[1, 0, 0, 0, 1, 0, 1, 1, 1, 1]",24.01,25.05,30.58,16.57,803335.0
AORT,22.77,2,"[0, 0, 0, 0, 0, 1, 0, 0, 1, 0]",34.75,40.5,47.63,22.23,759930.0
KMTS,19.82,4,"[0, 0, 0, 0, 1, 1, 1, 0, 1, 0]",20.71,22.82,28.01,14.46,261965.0
ASTE,47.04,4,"[0, 0, 0, 1, 1, 1, 0, 0, 1, 0]",55.97,49.66,64.85,37.5,255630.0
COLL,33.78,3,"[0, 0, 0, 0, 1, 1, 0, 0, 1, 0]",34.53,39.61,49.84,28.82,463710.0
TK,13.22,10,"[1, 1, 1, 1, 1, 1, 1, 1, 1, 1]",12.58,10.13,14.14,7.2,499960.0
VSTS,12.25,10,"[1, 1, 1, 1, 1, 1, 1, 1, 1, 1]",8.84,6.61,12.25,4.06,1796815.0
DLX,23.16,6,"[0, 0, 1, 1, 1, 1, 1, 0, 1, 0]",27.95,22.78,31.9,13.09,533150.0
CCO,2.39,10,"[1, 1, 1, 1, 1, 1, 1, 1, 1, 1]",2.38,1.94,2.41,1.02,4723245.0
ULCC,4.75,7,"[1, 1, 1, 0, 0, 1, 1, 0, 1, 1]",3.92,4.49,6.52,3.1,7010975.0
ITRN,57.18,10,"[1, 1, 1, 1, 1, 1, 1, 1, 1, 1]",53.47,42.49,60.98,31.01,120380.0
ELE,16.86,5,"[0, 0, 0, 1, 1, 1, 1, 0, 1, 0]",19.19,17.49,24.21,10.03,301000.0
ADTN,14.91,9,"[1, 1, 1, 1, 1, 1, 1, 1, 1, 0]",14.12,10.38,18.45,7.25,2873235.0
ACDC,7.28,8,"[1, 1, 1, 1, 1, 0, 1, 0, 1, 1]",6.56,4.95,10.53,3.19,1334870.0
XPEL,41.49,5,"[0, 0, 0, 0, 1, 1, 1, 1, 1, 0]",43.25,42.8,54.95,31.49,225870.0
PRCH,9.84,5,"[1, 1, 0, 0, 0, 0, 1, 0, 1, 1]",8.27,11.25,19.04,6.4,2432970.0
CMP,29.35,10,"[1, 1, 1, 1, 1, 1, 1, 1, 1, 1]",25.01,21.4,30.21,16.54,759135.0
NEO,8.24,4,"[0, 0, 0, 0, 1, 1, 1, 0, 1, 0]",8.3,9.54,13.22,4.84,2315525.0
AVNS,24.71,10,"[1, 1, 1, 1, 1, 1, 1, 1, 1, 1]",18.96,13.79,24.81,9.89,1242805.0
GOOS,9.57,1,"[0, 0, 0, 0, 0, 0, 0, 0, 1, 0]",11.14,12.47,15.24,8.92,508950.0
PRSU,41.8,10,"[1, 1, 1, 1, 1, 1, 1, 1, 1, 1]",39.29,36.23,42.55,27.21,205595.0
VYX,6.66,1,"[0, 0, 0, 0, 0, 0, 0, 0, 1, 0]",6.85,10.05,14.63,6.15,2297250.0
GOLD,38.73,6,"[0, 0, 1, 1, 1, 1, 1, 0, 1, 0]",44.62,36.18,63.92,19.34,636260.0
HQH,19.92,9,"[1, 1, 1, 1, 1, 1, 1, 1, 1, 0]",19.0,17.86,20.34,13.79,117170.0
EYPT,12.35,4,"[0, 0, 0, 0, 1, 1, 1, 0, 1, 0]",13.74,13.92,18.85,5.6,852270.0
EDN,22.43,3,"[0, 0, 0, 0, 1, 0, 1, 0, 1, 0]",26.87,26.54,36.94,15.01,178395.0
AOSL,38.87,9,"[1, 1, 1, 1, 0, 1, 1, 1, 1, 1]",30.57,25.88,49.33,17.47,1387735.0
ALNT,61.33,8,"[0, 1, 1, 1, 1, 1, 1, 1, 1, 0]",67.07,56.61,78.0,29.83,219435.0
GNK,24.63,10,"[1, 1, 1, 1, 1, 1, 1, 1, 1, 1]",23.43,19.38,27.08,12.44,325875.0
LQDT,32.96,9,"[1, 1, 1, 1, 1, 1, 1, 1, 1, 0]",32.5,29.18,37.22,22.16,175815.0
XERS,6.24,4,"[1, 0, 0, 0, 0, 1, 1, 0, 1, 0]",5.94,7.12,9.9,4.35,1744705.0
CDNA,19.97,9,"[1, 1, 1, 1, 1, 1, 1, 1, 1, 0]",19.01,17.18,22.42,11.57,669415.0
ZBIO,18.34,4,"[0, 0, 0, 0, 1, 1, 1, 0, 1, 0]",21.09,24.45,43.17,9.14,497550.0
EVEX,2.99,3,"[1, 0, 0, 0, 0, 0, 0, 0, 1, 1]",2.79,3.88,7.51,2.38,1382835.0
AMN,28.61,9,"[1, 1, 1, 1, 0, 1, 1, 1, 1, 1]",20.84,19.1,30.87,15.1,1197185.0
BUR,4.65,1,"[0, 0, 0, 0, 0, 0, 0, 0, 1, 0]",5.68,9.37,14.84,4.03,3374060.0
TDAY,7.39,10,"[1, 1, 1, 1, 1, 1, 1, 1, 1, 1]",6.99,5.42,7.63,3.29,1744655.0
ACVA,5.92,4,"[1, 0, 0, 0, 0, 0, 1, 0, 1, 1]",4.98,7.87,17.04,4.15,3951745.0
KODK,9.69,7,"[0, 1, 1, 1, 1, 1, 1, 0, 1, 0]",10.67,8.0,14.51,5.43,1343035.0
DBVT,19.65,8,"[0, 1, 1, 1, 1, 1, 1, 1, 1, 0]",20.43,16.69,24.54,7.74,201550.0
IVA,5.44,8,"[0, 1, 1, 1, 1, 1, 1, 1, 1, 0]",5.62,5.26,7.15,2.98,243275.0
ASST,16.79,5,"[1, 1, 0, 0, 0, 0, 1, 0, 1, 1]",12.75,33.53,260.2,7.16,3515755.0
UVE,38.75,10,"[1, 1, 1, 1, 1, 1, 1, 1, 1, 1]",35.84,30.91,41.1,22.38,245455.0
OSBC,20.43,8,"[1, 1, 1, 1, 1, 1, 0, 1, 1, 0]",20.43,19.15,21.86,16.11,415340.0
MNKD,3.09,4,"[1, 0, 0, 0, 0, 0, 1, 0, 1, 1]",2.75,4.58,6.21,2.28,6656715.0
GHM,98.28,10,"[1, 1, 1, 1, 1, 1, 1, 1, 1, 1]",89.2,69.02,102.03,36.77,168010.0
BFLY,3.83,7,"[0, 1, 1, 1, 1, 1, 1, 0, 1, 0]",4.39,3.14,5.53,1.33,5459170.0
NWPX,110.8,10,"[1, 1, 1, 1, 1, 1, 1, 1, 1, 1]",86.47,66.23,113.97,38.56,164215.0
LGIH,40.41,1,"[0, 0, 0, 0, 0, 0, 0, 0, 1, 0]",42.17,49.75,67.47,34.24,464880.0
SATL,9.84,10,"[1, 1, 1, 1, 1, 1, 1, 1, 1, 1]",6.04,3.72,9.84,1.27,8892255.0
IART,14.1,7,"[1, 1, 1, 0, 0, 0, 1, 1, 1, 1]",10.63,12.49,16.12,8.9,1173135.0
UVSP,37.63,10,"[1, 1, 1, 1, 1, 1, 1, 1, 1, 1]",35.74,32.47,38.89,27.36,190975.0
PBT,29.01,10,"[1, 1, 1, 1, 1, 1, 1, 1, 1, 1]",22.26,18.86,29.01,10.72,202460.0
RJET,20.22,8,"[1, 1, 1, 0, 1, 1, 1, 1, 1, 0]",19.01,19.48,25.35,13.65,127680.0
SEPN,26.95,9,"[1, 1, 1, 0, 1, 1, 1, 1, 1, 1]",24.97,22.55,30.86,9.06,353395.0
SVRA,5.03,5,"[0, 0, 1, 0, 1, 1, 1, 0, 1, 0]",5.34,4.83,6.94,1.94,1238105.0
SVC,1.66,4,"[1, 0, 0, 0, 0, 0, 1, 0, 1, 1]",1.63,2.07,2.99,1.17,10054285.0
TNDM,12.82,4,"[0, 0, 0, 1, 1, 1, 0, 0, 1, 0]",20.01,18.03,28.26,10.11,2531965.0
PDM,7.8,5,"[1, 0, 0, 0, 0, 1, 0, 1, 1, 1]",7.4,8.08,9.06,6.39,1232660.0
ATEX,57.06,10,"[1, 1, 1, 1, 1, 1, 1, 1, 1, 1]",43.21,28.37,57.06,17.99,331330.0
PLOW,44.24,9,"[1, 1, 1, 1, 1, 1, 1, 1, 1, 0]",44.07,36.21,50.74,26.04,302425.0
RERE,4.32,4,"[0, 0, 0, 0, 1, 1, 1, 0, 1, 0]",4.8,4.71,6.2,2.39,695710.0
APEI,53.32,8,"[0, 1, 1, 1, 1, 1, 1, 1, 1, 0]",55.81,41.57,60.86,26.04,284730.0
CEVA,36.51,9,"[1, 1, 1, 1, 0, 1, 1, 1, 1, 1]",24.31,23.69,38.15,17.21,1010765.0
INNV,7.12,7,"[0, 1, 1, 1, 1, 1, 1, 0, 1, 0]",8.06,6.1,10.6,3.13,260900.0
HTLD,13.3,10,"[1, 1, 1, 1, 1, 1, 1, 1, 1, 1]",11.31,9.58,13.57,7.05,517585.0
CFFN,7.52,9,"[1, 1, 1, 1, 1, 1, 1, 1, 1, 0]",7.35,6.65,7.85,5.29,944275.0
OMER,12.25,7,"[0, 1, 1, 1, 1, 1, 1, 0, 1, 0]",12.41,9.37,17.18,2.97,1330960.0
LXU,14.5,9,"[0, 1, 1, 1, 1, 1, 1, 1, 1, 1]",14.61,10.34,16.88,7.15,1205435.0
GDRX,2.43,3,"[1, 0, 0, 0, 0, 0, 0, 0, 1, 1]",2.29,3.04,5.12,1.87,1705560.0
ODV,3.05,4,"[0, 0, 0, 0, 1, 1, 1, 0, 1, 0]",3.35,3.36,4.78,1.77,1485085.0
KOPN,5.05,10,"[1, 1, 1, 1, 1, 1, 1, 1, 1, 1]",3.14,2.72,5.52,1.27,13377470.0
DAKT,19.04,4,"[0, 0, 0, 0, 1, 1, 1, 0, 1, 0]",19.99,20.25,27.73,13.17,279195.0
INR,15.4,8,"[0, 1, 1, 1, 1, 1, 1, 1, 1, 0]",16.83,14.76,19.56,11.2,386310.0
EPC,15.93,2,"[0, 0, 0, 1, 0, 0, 0, 0, 1, 0]",21.13,20.11,27.8,15.8,836220.0
INDI,4.19,7,"[1, 1, 1, 0, 0, 1, 1, 0, 1, 1]",3.37,3.96,6.0,2.32,6133160.0
PHAT,11.87,5,"[1, 0, 0, 0, 1, 1, 1, 0, 1, 0]",11.68,12.76,18.08,3.9,1499795.0
CRON,2.63,8,"[1, 1, 1, 0, 1, 1, 1, 1, 1, 0]",2.6,2.58,3.27,1.86,2423640.0
JMIA,7.0,4,"[0, 0, 0, 0, 1, 1, 1, 0, 1, 0]",7.23,9.8,14.6,2.91,3151680.0
XNCR,11.22,4,"[0, 0, 0, 0, 1, 1, 1, 0, 1, 0]",12.28,12.42,18.14,7.0,771835.0
CMPS,10.37,10,"[1, 1, 1, 1, 1, 1, 1, 1, 1, 1]",7.35,6.33,10.96,2.35,6269845.0
METC,14.51,3,"[0, 0, 0, 0, 0, 0, 1, 0, 1, 1]",14.55,21.66,54.55,8.84,1519440.0
AMBQ,70.57,8,"[1, 1, 1, 1, 0, 0, 1, 1, 1, 1]",34.37,32.32,73.3,22.76,665740.0
NUTX,126.3,8,"[1, 1, 1, 0, 1, 1, 1, 0, 1, 1]",107.87,118.27,190.49,80.92,168245.0
CODI,11.97,10,"[1, 1, 1, 1, 1, 1, 1, 1, 1, 1]",9.35,7.25,12.48,4.65,1053660.0
SANA,3.07,3,"[0, 0, 0, 0, 1, 0, 1, 0, 1, 0]",3.26,3.89,5.92,1.68,3965865.0
SCSC,42.11,7,"[1, 1, 1, 0, 0, 1, 0, 1, 1, 1]",38.67,40.58,45.9,34.27,271790.0
NX,16.61,4,"[0, 0, 0, 1, 0, 1, 1, 0, 1, 0]",18.71,17.2,22.45,11.14,299640.0
AVO,11.95,5,"[0, 0, 0, 1, 1, 1, 0, 1, 1, 0]",13.5,12.78,15.34,10.16,1055085.0
ANNX,5.21,7,"[0, 1, 1, 1, 1, 1, 1, 0, 1, 0]",5.7,4.4,6.96,1.97,1940980.0
SNCY,16.17,7,"[0, 1, 1, 1, 1, 1, 1, 0, 1, 0]",16.59,14.86,21.84,10.3,593412.35
AMTB,22.3,6,"[0, 1, 1, 1, 1, 1, 0, 0, 1, 0]",22.44,20.43,,,261815.0
ABSI,5.13,10,"[1, 1, 1, 1, 1, 1, 1, 1, 1, 1]",3.72,3.31,5.95,2.3,5677465.0
AMC,1.28,2,"[0, 0, 0, 0, 0, 0, 1, 0, 1, 0]",1.33,2.01,4.01,0.95,27416165.0
ORIC,8.15,3,"[0, 0, 0, 0, 1, 0, 1, 0, 1, 0]",10.43,10.89,14.41,4.73,1382890.0
RHLD,102.8,4,"[0, 0, 0, 0, 1, 1, 1, 0, 1, 0]",142.93,138.2,226.37,29.6,173930.0
TBN,36.49,9,"[1, 1, 1, 1, 1, 1, 1, 0, 1, 1]",35.76,27.8,49.99,18.16,132300.0
JBSS,74.91,8,"[0, 1, 1, 1, 1, 1, 1, 1, 1, 0]",77.7,70.03,82.27,57.03,115480.0
MGTX,9.4,9,"[1, 1, 1, 1, 1, 1, 1, 1, 1, 0]",8.93,8.2,11.29,4.99,701215.0
HEPS,2.56,4,"[0, 0, 0, 1, 0, 1, 0, 1, 1, 0]",2.75,2.68,3.29,2.18,306520.0
AGL,81.73,8,"[1, 1, 1, 1, 0, 0, 1, 1, 1, 1]",25.93,22.8,81.73,7.91,635290.0
HAFC,29.09,10,"[1, 1, 1, 1, 1, 1, 1, 1, 1, 1]",27.53,26.14,30.78,21.52,276110.0
SLS,7.08,10,"[1, 1, 1, 1, 1, 1, 1, 1, 1, 1]",5.07,3.16,7.42,1.39,6685125.0
BJRI,42.06,8,"[1, 1, 1, 0, 1, 0, 1, 1, 1, 1]",37.43,36.84,46.78,28.69,354965.0
CGEM,15.73,10,"[1, 1, 1, 1, 1, 1, 1, 1, 1, 1]",14.26,10.65,16.33,5.75,848900.0
VPG,97.32,10,"[1, 1, 1, 1, 1, 1, 1, 1, 1, 1]",53.91,41.06,100.34,25.07,464055.0
SHEN,15.91,8,"[1, 1, 1, 1, 0, 1, 1, 1, 1, 0]",15.41,13.1,17.1,9.9,399430.0
ROOT,55.37,3,"[1, 0, 0, 0, 0, 0, 0, 0, 1, 1]",49.77,72.33,155.53,43.21,307760.0
GERN,1.29,4,"[0, 0, 0, 1, 1, 1, 0, 0, 1, 0]",1.56,1.41,1.95,1.07,16296920.0
VLRS,6.53,4,"[0, 0, 0, 0, 1, 1, 1, 0, 1, 0]",7.37,7.52,10.63,4.18,527120.0
LXRX,2.23,10,"[1, 1, 1, 1, 1, 1, 1, 1, 1, 1]",1.75,1.42,2.44,0.54,3039695.0
DSGN,14.37,10,"[1, 1, 1, 1, 1, 1, 1, 1, 1, 1]",12.27,8.91,15.79,3.37,618260.0
HNRG,18.15,6,"[1, 0, 0, 0, 1, 1, 0, 1, 1, 1]",16.89,18.64,23.81,14.65,1178610.0
NB,5.46,5,"[1, 0, 0, 0, 1, 1, 1, 0, 1, 0]",5.31,5.89,11.67,2.19,4219020.0
MATW,26.51,9,"[1, 1, 1, 1, 1, 1, 1, 1, 1, 0]",26.33,24.98,28.35,19.4,213760.0
TBPH,16.22,6,"[1, 0, 0, 0, 1, 1, 1, 1, 1, 0]",15.82,16.22,20.74,9.15,342720.0
BVS,10.58,10,"[1, 1, 1, 1, 1, 1, 1, 1, 1, 1]",9.56,7.96,10.92,6.14,473670.0
OMDA,16.56,5,"[1, 1, 0, 0, 0, 0, 1, 0, 1, 1]",13.98,17.61,26.78,10.94,1224855.0
SCHL,39.7,10,"[1, 1, 1, 1, 1, 1, 1, 1, 1, 1]",38.28,31.3,41.85,16.6,565880.0
TALK,5.2,10,"[1, 1, 1, 1, 1, 1, 1, 1, 1, 1]",5.16,3.75,5.2,2.27,1441125.0
ABX,9.09,9,"[1, 1, 1, 1, 1, 1, 1, 1, 1, 0]",9.08,7.46,10.31,4.5,535300.0
SPRY,7.43,1,"[0, 0, 0, 0, 0, 0, 0, 0, 1, 0]",8.3,10.1,18.35,6.73,1933030.0
CTMX,3.61,5,"[0, 0, 0, 1, 1, 1, 1, 0, 1, 0]",4.46,3.92,6.75,1.76,3098640.0
MYE,22.11,10,"[1, 1, 1, 1, 1, 1, 1, 1, 1, 1]",21.33,18.88,23.41,11.69,235040.0
ABUS,4.24,5,"[0, 0, 0, 0, 1, 1, 1, 1, 1, 0]",4.39,4.31,4.95,3.08,1741220.0
AEVA,20.48,7,"[1, 1, 1, 1, 0, 0, 1, 0, 1, 1]",15.2,14.78,37.79,9.19,2187430.0
KOP,40.68,10,"[1, 1, 1, 1, 1, 1, 1, 1, 1, 1]",38.85,31.72,43.99,26.22,186645.0
NBBK,19.17,5,"[0, 0, 0, 1, 1, 1, 0, 1, 1, 0]",20.79,19.64,22.56,15.84,416325.0
IBTA,30.81,5,"[0, 1, 1, 1, 0, 0, 1, 0, 1, 0]",31.25,27.32,57.0,19.25,181960.0
CRSR,6.72,5,"[1, 1, 0, 0, 0, 0, 1, 0, 1, 1]",6.18,6.85,9.76,4.58,1259715.0
KRO,6.75,9,"[1, 1, 1, 1, 0, 1, 1, 1, 1, 1]",6.46,5.59,7.88,4.24,356575.0
ODD,12.65,1,"[0, 0, 0, 0, 0, 0, 0, 0, 1, 0]",14.24,37.69,77.35,11.77,1391270.0
DRUG,77.47,8,"[0, 1, 1, 1, 1, 1, 1, 1, 1, 0]",80.85,69.0,95.99,23.27,193995.0
KURA,9.22,7,"[1, 0, 1, 0, 1, 1, 1, 1, 1, 0]",8.91,9.07,12.14,5.54,1263160.0
SCZM,8.7,6,"[1, 0, 1, 0, 1, 1, 1, 0, 1, 0]",8.59,8.11,16.16,1.44,460190.0
CVLG,34.27,10,"[1, 1, 1, 1, 1, 1, 1, 1, 1, 1]",29.42,24.87,34.99,17.97,205960.0
TSAT,52.01,10,"[1, 1, 1, 1, 1, 1, 1, 1, 1, 1]",43.96,31.7,54.91,15.67,208200.0
SG,8.09,6,"[1, 1, 1, 0, 0, 0, 1, 0, 1, 1]",6.12,7.11,16.26,4.7,4448540.0
VOR,14.63,2,"[0, 0, 0, 0, 0, 0, 1, 0, 1, 0]",15.03,21.01,53.4,3.48,880785.0
CTLP,11.2,8,"[1, 1, 1, 1, 0, 0, 1, 1, 1, 1]",10.74,10.69,11.2,8.23,1447159.6
WYFI,24.2,5,"[1, 1, 0, 0, 0, 0, 1, 0, 1, 1]",16.54,24.2,39.13,10.78,1799370.0
SABR,1.6,4,"[0, 1, 0, 1, 0, 0, 1, 0, 1, 0]",1.66,1.65,3.42,0.82,6055145.0
CGNT,9.79,9,"[1, 1, 1, 1, 1, 1, 1, 1, 1, 0]",9.13,8.69,11.39,6.34,643760.0
ETON,30.26,10,"[1, 1, 1, 1, 1, 1, 1, 1, 1, 1]",24.52,19.0,31.02,13.5,379780.0
ESPR,3.12,9,"[1, 1, 1, 0, 1, 1, 1, 1, 1, 1]",2.54,2.88,4.08,0.79,21263575.0
WEST,8.45,9,"[1, 1, 1, 1, 0, 1, 1, 1, 1, 1]",5.27,4.95,8.75,3.71,935950.0
EGBN,24.47,8,"[0, 1, 1, 1, 1, 1, 1, 1, 1, 0]",25.66,22.06,28.17,15.78,274495.0
GO,7.4,2,"[1, 0, 0, 0, 0, 0, 0, 0, 1, 0]",7.16,11.59,18.66,5.79,3267775.0
BIOA,17.66,8,"[0, 1, 1, 1, 1, 1, 1, 1, 1, 0]",18.06,12.55,22.92,3.9,402815.0
ASC,18.93,10,"[1, 1, 1, 1, 1, 1, 1, 1, 1, 1]",16.27,13.17,19.53,9.31,692355.0
ADAM,8.72,10,"[1, 1, 1, 1, 1, 1, 1, 1, 1, 1]",7.9,7.17,8.98,5.66,977610.0
DXYZ,47.62,9,"[1, 1, 1, 1, 1, 1, 1, 0, 1, 1]",32.32,28.94,71.24,20.82,4005970.0
SUPV,7.5,3,"[0, 0, 0, 0, 1, 0, 1, 0, 1, 0]",8.8,9.4,16.46,4.69,804730.0
NRGV,5.93,9,"[1, 1, 1, 0, 1, 1, 1, 1, 1, 1]",3.88,3.57,6.14,0.65,5303010.0
IMSR,7.3,3,"[1, 0, 0, 0, 0, 0, 1, 0, 1, 0]",6.89,10.49,27.1,5.53,3317445.0
ANRO,22.98,8,"[0, 1, 1, 1, 1, 1, 1, 1, 1, 0]",23.42,14.37,27.72,2.2,300080.0
KFRC,39.49,9,"[1, 1, 1, 1, 1, 0, 1, 1, 1, 1]",32.77,30.68,46.72,23.87,371890.0
CWH,6.63,1,"[0, 0, 0, 0, 0, 0, 0, 0, 1, 0]",6.96,11.74,18.74,5.8,3620215.0
ARKO,6.99,10,"[1, 1, 1, 1, 1, 1, 1, 1, 1, 1]",6.02,5.16,7.13,3.77,928465.0
IHRT,4.78,10,"[1, 1, 1, 1, 1, 1, 1, 1, 1, 1]",3.96,3.44,6.33,1.23,1682945.0
PSTL,22.68,10,"[1, 1, 1, 1, 1, 1, 1, 1, 1, 1]",20.21,16.88,23.1,12.37,300840.0
MTUS,17.87,8,"[1, 1, 1, 0, 1, 1, 1, 1, 1, 0]",17.23,17.48,21.51,12.3,286880.0
RLMD,6.9,8,"[0, 1, 1, 1, 1, 1, 1, 1, 1, 0]",6.91,3.92,7.86,0.46,1053865.0
CRESY,10.63,6,"[0, 0, 0, 1, 1, 1, 1, 1, 1, 0]",11.6,10.94,14.11,7.88,290940.0
CBLL,16.3,5,"[0, 0, 0, 1, 1, 1, 1, 0, 1, 0]",19.2,16.84,23.43,10.92,331375.0
LYTS,23.32,9,"[1, 1, 1, 1, 0, 1, 1, 1, 1, 1]",20.78,20.8,24.56,15.48,541670.0
NXDR,2.03,6,"[1, 1, 1, 0, 0, 0, 1, 0, 1, 1]",1.58,1.85,2.77,1.36,3115650.0
DSP,10.55,4,"[0, 0, 1, 1, 1, 0, 0, 0, 1, 0]",11.02,10.52,15.39,8.14,241730.0
PGC,41.73,10,"[1, 1, 1, 1, 1, 1, 1, 1, 1, 1]",37.96,30.95,43.14,24.59,121305.0
HZO,33.02,10,"[1, 1, 1, 1, 1, 1, 1, 1, 1, 1]",28.5,26.61,34.32,20.78,378945.0
ALLO,2.0,7,"[0, 1, 1, 1, 1, 1, 1, 0, 1, 0]",2.37,1.66,3.06,1.03,7139095.0
HSHP,15.73,10,"[1, 1, 1, 1, 1, 1, 1, 1, 1, 1]",13.82,10.16,16.24,5.42,355050.0
DRTS,10.36,10,"[1, 1, 1, 1, 1, 1, 1, 1, 1, 1]",7.69,5.56,10.41,2.79,812800.0
FOXF,16.07,1,"[0, 0, 0, 0, 0, 0, 0, 0, 1, 0]",16.9,20.4,30.41,13.19,527870.0
WRLD,153.17,8,"[1, 1, 1, 1, 0, 0, 1, 1, 1, 1]",142.44,148.89,184.43,115.57,174105.0
PRAA,15.16,5,"[0, 0, 0, 1, 1, 1, 1, 0, 1, 0]",18.89,16.3,22.23,10.42,541105.0
NTGR,24.75,2,"[1, 0, 0, 0, 0, 0, 0, 0, 1, 0]",23.91,25.62,36.01,19.87,464310.0
HPK,7.1,7,"[1, 1, 1, 1, 0, 0, 1, 0, 1, 1]",6.41,6.16,11.77,3.89,823990.0
KRNT,15.05,4,"[0, 1, 1, 1, 0, 0, 0, 0, 1, 0]",15.34,14.65,23.22,12.31,316730.0
FCEL,21.36,10,"[1, 1, 1, 1, 1, 1, 1, 1, 1, 1]",9.62,7.93,21.6,3.92,11416380.0
EVER,17.48,3,"[1, 0, 0, 0, 0, 0, 0, 0, 1, 1]",16.46,21.33,27.87,14.27,1341970.0
GFR,6.17,9,"[0, 1, 1, 1, 1, 1, 1, 1, 1, 1]",6.22,5.28,6.92,4.18,234065.0
LPTH,11.52,7,"[0, 1, 1, 1, 1, 1, 1, 0, 1, 0]",12.21,9.25,16.09,2.21,3284350.0
RMT,13.26,10,"[1, 1, 1, 1, 1, 1, 1, 1, 1, 1]",12.41,10.84,13.85,8.01,117020.0
SB,7.04,10,"[1, 1, 1, 1, 1, 1, 1, 1, 1, 1]",6.52,5.28,7.33,3.51,448020.0
HIVE,2.69,5,"[1, 0, 0, 0, 0, 1, 1, 0, 1, 1]",2.31,3.12,6.96,1.67,15906690.0
SLDB,6.92,8,"[0, 1, 1, 1, 1, 1, 1, 1, 1, 0]",7.58,6.18,8.63,2.7,1101600.0
GDOT,12.63,8,"[1, 1, 1, 0, 0, 1, 1, 1, 1, 1]",11.79,12.36,15.25,9.02,383125.0
MAKO,8.21,9,"[1, 1, 1, 1, 1, 1, 1, 1, 1, 0]",7.2,6.12,8.46,3.14,166935.0
MVST,1.42,1,"[0, 0, 0, 0, 0, 0, 0, 0, 1, 0]",1.78,3.01,6.4,1.41,5620160.0
EHAB,13.8,10,"[1, 1, 1, 1, 1, 1, 1, 1, 1, 1]",13.76,10.26,14.09,6.52,1047590.0
MITK,14.26,8,"[0, 1, 1, 1, 1, 1, 1, 1, 1, 0]",14.31,11.23,15.61,8.65,1223895.0
RDVT,46.93,5,"[1, 0, 0, 0, 0, 0, 1, 1, 1, 1]",39.95,47.5,59.42,34.4,139700.0
KRUS,50.46,1,"[0, 0, 0, 0, 0, 0, 0, 0, 1, 0]",59.07,63.94,95.83,42.67,262365.0
MRLN,6.61,2,"[0, 0, 0, 0, 1, 0, 0, 0, 1, 0]",9.8,10.44,16.09,6.3,1389090.0
BLMN,8.04,7,"[1, 1, 1, 0, 0, 0, 1, 1, 1, 1]",6.26,6.78,10.32,5.26,2912980.0
IRWD,3.58,7,"[0, 1, 1, 1, 1, 1, 1, 0, 1, 0]",3.78,2.98,5.39,0.57,2387665.0
HUYA,2.92,3,"[0, 0, 0, 0, 0, 1, 1, 0, 1, 0]",3.2,3.3,4.88,2.05,704275.0
SLDP,2.88,4,"[0, 0, 0, 0, 1, 1, 1, 0, 1, 0]",3.19,4.39,8.51,1.3,8723060.0
ACRS,4.52,10,"[1, 1, 1, 1, 1, 1, 1, 1, 1, 1]",4.08,2.93,5.09,1.26,1443095.0
HRTG,23.42,4,"[0, 0, 0, 0, 1, 1, 0, 1, 1, 0]",26.79,25.95,31.14,19.02,481650.0
CYRX,13.14,10,"[1, 1, 1, 1, 1, 1, 1, 1, 1, 1]",9.81,9.41,13.6,5.4,645920.0
CTO,19.98,9,"[1, 1, 1, 1, 1, 1, 1, 1, 1, 0]",19.41,17.42,20.58,14.65,299765.0
ASPI,5.8,4,"[1, 0, 0, 0, 0, 0, 1, 0, 1, 1]",5.12,7.23,14.05,4.07,3849385.0
OXM,39.36,5,"[0, 1, 1, 1, 0, 1, 0, 0, 1, 0]",39.92,38.43,53.44,30.74,265755.0
GRPN,17.46,5,"[1, 1, 0, 0, 0, 0, 1, 0, 1, 1]",13.28,18.05,37.37,9.64,2561145.0
ALRS,26.55,10,"[1, 1, 1, 1, 1, 1, 1, 1, 1, 1]",24.98,22.94,27.1,19.88,160580.0
LAES,2.87,4,"[0, 0, 0, 0, 1, 0, 1, 0, 1, 1]",2.91,3.92,7.65,2.09,10801015.0
INN,5.24,7,"[1, 1, 1, 0, 0, 0, 1, 1, 1, 1]",4.62,4.84,5.7,3.84,825025.0
PKE,33.69,9,"[1, 1, 1, 1, 1, 1, 1, 1, 1, 0]",30.79,23.28,35.17,13.22,203925.0
STRO,38.97,10,"[1, 1, 1, 1, 1, 1, 1, 1, 1, 1]",29.75,15.75,40.91,6.8,234690.0
TLRY,5.32,2,"[0, 0, 0, 0, 0, 0, 1, 0, 1, 0]",6.5,9.71,21.0,3.6,8009940.0
SHBI,19.05,9,"[1, 1, 1, 1, 1, 1, 1, 1, 1, 0]",18.88,17.56,20.25,14.03,210755.0
EVC,7.83,10,"[1, 1, 1, 1, 1, 1, 1, 1, 1, 1]",4.06,2.97,8.92,1.74,4305090.0
ZVRA,11.01,8,"[1, 1, 1, 1, 0, 0, 1, 1, 1, 1]",10.02,9.43,12.79,7.23,1329345.0
CARS,9.85,2,"[1, 0, 0, 0, 0, 0, 0, 0, 1, 0]",9.54,11.27,13.79,7.58,860100.0
CLYM,10.8,10,"[1, 1, 1, 1, 1, 1, 1, 1, 1, 1]",8.48,4.47,12.22,1.17,993970.0
CWBC,23.2,8,"[0, 1, 1, 1, 1, 1, 1, 1, 1, 0]",23.3,22.16,25.28,17.2,228395.0
RMR,19.11,10,"[1, 1, 1, 1, 1, 1, 1, 1, 1, 1]",16.72,15.4,20.23,12.91,216515.0
SPIR,20.01,10,"[1, 1, 1, 1, 1, 1, 1, 1, 1, 1]",15.76,11.39,23.14,7.02,1609710.0
SWBI,15.34,10,"[1, 1, 1, 1, 1, 1, 1, 1, 1, 1]",14.65,10.88,15.57,7.47,435200.0
ARVN,9.08,4,"[0, 0, 0, 0, 1, 1, 1, 0, 1, 0]",10.9,10.56,13.83,6.24,895070.0
AVR,7.24,10,"[1, 1, 1, 1, 1, 1, 1, 1, 1, 1]",5.96,5.09,7.25,2.9,727425.0
NKLR,5.84,4,"[1, 0, 0, 0, 1, 0, 1, 0, 1, 0]",5.36,5.84,18.26,3.91,625880.0
VTEX,3.55,2,"[0, 0, 0, 1, 0, 0, 0, 0, 1, 0]",3.92,3.96,6.76,2.87,1387940.0
MRAM,37.57,10,"[1, 1, 1, 1, 1, 1, 1, 1, 1, 1]",14.9,10.78,44.01,5.52,5653160.0
CABA,3.31,9,"[1, 1, 1, 1, 1, 1, 1, 1, 1, 0]",3.18,2.55,4.15,1.33,4832050.0
KE,24.53,3,"[0, 0, 0, 0, 0, 1, 1, 0, 1, 0]",25.17,27.3,33.13,17.5,153240.0
CNNE,13.15,3,"[1, 0, 0, 0, 0, 0, 0, 0, 1, 1]",12.41,15.44,21.26,10.64,528065.0
PSNL,6.36,3,"[0, 0, 0, 0, 1, 0, 1, 0, 1, 0]",6.54,7.49,11.25,4.41,2508750.0
CCSI,28.32,9,"[1, 1, 1, 1, 0, 1, 1, 1, 1, 1]",27.11,25.65,34.0,19.66,149905.0
ANGX,2.7,3,"[0, 0, 0, 0, 1, 0, 0, 0, 1, 1]",3.05,2.7,16.0,2.18,1532495.0
NPCE,15.36,9,"[1, 1, 1, 1, 1, 1, 1, 1, 1, 0]",15.23,13.45,19.29,8.25,231195.0
RGR,39.47,8,"[0, 1, 1, 1, 1, 1, 1, 1, 1, 0]",40.52,37.65,46.84,28.67,133940.0
TDUP,4.1,3,"[1, 0, 0, 0, 0, 0, 1, 0, 1, 0]",3.94,6.92,12.08,3.11,2729550.0
SXC,7.62,7,"[1, 1, 1, 0, 0, 0, 1, 1, 1, 1]",6.46,7.01,8.28,5.58,1580945.0
DNUT,3.23,3,"[0, 0, 0, 0, 1, 1, 0, 0, 1, 0]",3.52,3.62,4.7,2.57,2654410.0
BCAL,18.6,8,"[1, 1, 1, 0, 1, 1, 1, 1, 1, 0]",18.18,17.86,19.91,14.06,171230.0
PHR,8.77,1,"[0, 0, 0, 0, 0, 0, 0, 0, 1, 0]",9.92,17.92,32.55,8.06,1277920.0
RYAM,8.72,7,"[0, 1, 1, 1, 1, 1, 1, 0, 1, 0]",10.07,7.57,11.75,3.63,1364395.0
FEIM,57.18,10,"[1, 1, 1, 1, 1, 1, 1, 1, 1, 1]",52.03,42.65,64.11,17.91,160800.0
NPB,17.12,6,"[0, 0, 0, 1, 1, 1, 1, 1, 1, 0]",17.66,17.28,19.19,12.82,147670.0
TRON,2.11,4,"[0, 1, 0, 1, 0, 0, 1, 0, 1, 0]",2.13,2.56,11.04,0.43,866605.0
CADL,8.77,10,"[1, 1, 1, 1, 1, 1, 1, 1, 1, 1]",5.99,5.63,8.94,4.42,2436675.0
DCBO,17.23,2,"[0, 0, 0, 0, 0, 0, 0, 0, 1, 1]",18.3,22.88,32.2,14.7,248015.0
BWMN,31.16,3,"[1, 0, 0, 0, 0, 1, 0, 0, 1, 0]",30.6,35.8,44.43,24.81,122150.0
FET,56.37,9,"[0, 1, 1, 1, 1, 1, 1, 1, 1, 1]",58.5,40.12,64.54,14.41,164030.0
CLB,13.07,4,"[0, 0, 0, 0, 1, 1, 1, 0, 1, 0]",15.82,15.17,19.64,9.72,518385.0
GPRK,9.58,10,"[1, 1, 1, 1, 1, 1, 1, 1, 1, 1]",9.29,7.76,10.19,5.94,536610.0
ORN,15.04,10,"[1, 1, 1, 1, 1, 1, 1, 1, 1, 1]",12.18,10.43,15.48,6.57,376370.0
HPP,11.26,5,"[1, 1, 0, 0, 0, 0, 1, 0, 1, 1]",7.67,12.55,21.49,5.51,1333955.0
CSTL,19.13,4,"[0, 0, 0, 0, 1, 1, 1, 0, 1, 0]",24.12,28.64,43.04,14.65,498195.0
CTKB,3.4,4,"[0, 0, 0, 0, 1, 1, 1, 0, 1, 0]",4.42,4.48,5.88,2.42,932255.0
GLRE,17.52,9,"[1, 1, 1, 1, 1, 1, 1, 1, 1, 0]",17.39,14.31,19.0,11.95,197335.0
ALOY,8.64,5,"[0, 0, 0, 1, 1, 1, 1, 0, 1, 0]",10.86,9.5,25.88,3.43,1586315.0
RR,2.68,5,"[1, 0, 0, 0, 0, 1, 1, 0, 1, 1]",2.35,3.38,7.06,1.73,11886605.0
BTBT,1.8,4,"[1, 0, 0, 0, 0, 0, 1, 0, 1, 1]",1.6,2.37,4.22,1.26,25380890.0
MSBI,26.55,10,"[1, 1, 1, 1, 1, 1, 1, 1, 1, 1]",23.48,19.75,28.0,13.98,164860.0
NFBK,14.04,10,"[1, 1, 1, 1, 1, 1, 1, 1, 1, 1]",13.57,11.93,14.07,9.8,188495.0
UROY,3.75,6,"[1, 0, 0, 0, 1, 1, 1, 0, 1, 1]",3.72,3.8,5.46,1.86,2316865.0
CARE,26.21,10,"[1, 1, 1, 1, 1, 1, 1, 1, 1, 1]",23.36,20.32,27.07,15.52,351570.0
EGY,5.98,9,"[0, 1, 1, 1, 1, 1, 1, 1, 1, 1]",5.99,4.46,6.67,3.02,1491160.0
GDYN,6.71,3,"[1, 0, 0, 0, 0, 0, 0, 0, 1, 1]",6.0,7.67,14.07,5.28,2325220.0
ALTI,3.48,2,"[0, 0, 0, 0, 1, 0, 0, 0, 1, 0]",3.68,4.08,5.19,3.18,172885.0
PRME,2.93,2,"[0, 0, 0, 0, 0, 0, 1, 0, 1, 0]",3.56,4.02,6.67,1.16,2172540.0
TCMD,22.74,5,"[0, 0, 1, 0, 1, 1, 1, 0, 1, 0]",25.32,22.49,33.05,9.42,400010.0
MLAB,96.47,9,"[1, 1, 1, 1, 1, 1, 1, 1, 1, 0]",92.96,80.68,121.5,57.09,125420.0
FTK,19.61,10,"[1, 1, 1, 1, 1, 1, 1, 1, 1, 1]",16.78,15.63,20.5,11.04,267225.0
AVTX,17.74,9,"[1, 1, 1, 0, 1, 1, 1, 1, 1, 1]",15.67,14.89,22.87,3.59,2572000.0
DDI,12.0,9,"[1, 1, 1, 1, 0, 1, 1, 1, 1, 1]",9.46,9.16,12.0,8.15,264220.0
HELE,22.61,6,"[1, 1, 1, 0, 0, 0, 1, 0, 1, 1]",18.84,20.28,33.25,13.88,855580.0
BETR,27.0,4,"[0, 0, 0, 0, 1, 1, 1, 0, 1, 0]",35.84,38.8,86.07,11.16,625485.0
KYTX,9.49,9,"[1, 1, 1, 1, 1, 1, 1, 1, 1, 0]",9.06,7.32,11.25,2.07,1370160.0
PRTA,9.76,7,"[0, 0, 1, 1, 1, 1, 1, 1, 1, 0]",10.05,9.51,11.51,4.58,473565.0
PROK,1.66,2,"[0, 0, 0, 0, 0, 0, 1, 0, 1, 0]",1.95,2.33,5.18,0.56,681830.0
CHW,8.64,10,"[1, 1, 1, 1, 1, 1, 1, 1, 1, 1]",7.84,7.41,8.9,6.23,190675.0
MG,17.0,9,"[1, 1, 1, 1, 1, 1, 1, 1, 1, 0]",16.47,12.82,19.28,7.29,196480.0
INV,6.72,9,"[1, 1, 1, 1, 0, 1, 1, 1, 1, 1]",5.06,4.47,7.32,2.55,2692660.0
DDL,2.49,8,"[0, 1, 1, 1, 1, 1, 1, 1, 1, 0]",2.6,2.37,3.2,1.67,326410.0
MEC,25.29,10,"[1, 1, 1, 1, 1, 1, 1, 1, 1, 1]",20.49,17.73,27.26,12.56,238200.0
PACK,5.75,9,"[1, 1, 1, 0, 1, 1, 1, 1, 1, 1]",4.28,4.94,6.51,3.24,846880.0
WTI,4.75,10,"[1, 1, 1, 1, 1, 1, 1, 1, 1, 1]",3.45,2.32,4.75,1.36,7504585.0
DNA,7.71,3,"[1, 0, 0, 0, 0, 0, 1, 0, 1, 0]",7.51,9.86,16.14,5.48,1336185.0
TECX,27.89,8,"[0, 1, 1, 1, 1, 1, 1, 1, 1, 0]",30.03,22.39,35.87,14.71,252440.0
CPS,26.86,3,"[0, 0, 0, 0, 0, 1, 1, 0, 1, 0]",29.92,32.67,45.2,19.88,197925.0
ASIX,21.62,8,"[0, 1, 1, 1, 0, 1, 1, 1, 1, 1]",22.79,19.24,26.17,14.14,368410.0
RGNX,5.72,3,"[0, 0, 0, 0, 1, 1, 0, 0, 1, 0]",8.88,10.56,15.98,5.72,1519570.0
CLFD,43.5,7,"[1, 1, 1, 0, 0, 0, 1, 1, 1, 1]",30.65,32.02,46.73,26.0,344145.0
ILPT,7.86,10,"[1, 1, 1, 1, 1, 1, 1, 1, 1, 1]",6.51,5.84,8.15,2.97,426550.0
CTNM,13.72,10,"[1, 1, 1, 1, 1, 1, 1, 1, 1, 1]",13.27,11.98,16.0,3.4,196975.0
FFIC,15.42,8,"[0, 1, 1, 1, 1, 1, 1, 1, 1, 0]",15.5,14.58,17.11,10.61,213370.0
MCS,17.34,8,"[0, 1, 1, 1, 1, 1, 1, 1, 1, 0]",17.67,15.79,19.82,12.92,142690.0
ASTL,5.21,7,"[1, 1, 1, 1, 0, 0, 1, 0, 1, 1]",4.46,4.35,7.11,3.19,1207075.0
AURA,7.74,9,"[1, 1, 1, 1, 0, 1, 1, 1, 1, 1]",6.96,6.22,8.9,4.97,749755.0
AQST,4.17,5,"[1, 0, 0, 0, 1, 1, 1, 0, 1, 0]",4.16,4.87,7.49,2.27,1702290.0
MAMA,14.45,8,"[0, 1, 1, 1, 1, 1, 1, 1, 1, 0]",14.87,12.59,17.38,6.85,362220.0
LZM,4.89,7,"[1, 1, 1, 0, 0, 1, 1, 1, 1, 0]",4.44,4.63,6.1,3.13,950880.0
ACHV,5.29,9,"[1, 1, 1, 0, 1, 1, 1, 1, 1, 1]",4.1,4.05,5.99,2.07,1263440.0
SD,15.27,9,"[0, 1, 1, 1, 1, 1, 1, 1, 1, 1]",15.73,13.88,17.95,9.39,324035.0
MNRO,15.76,4,"[0, 0, 0, 0, 1, 1, 1, 0, 1, 0]",16.54,17.83,23.52,11.63,807775.0
OOMA,18.82,10,"[1, 1, 1, 1, 1, 1, 1, 1, 1, 1]",15.56,12.72,19.31,10.58,274385.0
ANL,13.51,9,"[1, 1, 1, 1, 1, 1, 1, 1, 1, 0]",11.29,5.02,16.6,0.88,378525.0
IMMX,9.94,9,"[1, 1, 1, 1, 1, 1, 1, 1, 1, 0]",9.58,5.58,11.12,1.95,718695.0
XWIN,8.24,10,"[1, 1, 1, 1, 1, 1, 1, 1, 1, 1]",7.3,5.63,8.46,1.0,1402690.0
FDMT,9.15,5,"[0, 0, 1, 0, 1, 1, 1, 0, 1, 0]",9.48,8.93,12.27,3.42,636250.0
KRNY,7.88,9,"[1, 1, 1, 1, 1, 1, 1, 1, 1, 0]",7.66,7.01,8.16,5.49,305270.0
STTK,6.26,8,"[0, 1, 1, 1, 1, 1, 1, 1, 1, 0]",6.69,3.64,7.88,0.73,551205.0
CERS,2.34,10,"[1, 1, 1, 1, 1, 1, 1, 1, 1, 1]",2.03,1.85,2.74,1.16,3028120.0
OIS,9.01,7,"[0, 1, 1, 1, 1, 1, 1, 0, 1, 0]",11.1,8.06,14.39,4.35,968455.0
PHOE,13.1,4,"[0, 0, 0, 0, 1, 1, 1, 0, 1, 0]",16.99,14.97,133.12,2.83,115840.0
HKD,1.65,4,"[0, 1, 1, 1, 0, 0, 0, 0, 1, 0]",1.66,1.63,2.95,1.27,212870.0
CBIO,19.97,8,"[1, 1, 1, 1, 1, 1, 1, 0, 1, 0]",17.53,13.66,26.98,8.94,328575.0
PANL,8.19,10,"[1, 1, 1, 1, 1, 1, 1, 1, 1, 1]",7.48,6.64,9.35,4.24,571350.0
OCGN,1.39,5,"[0, 0, 0, 1, 1, 1, 1, 0, 1, 0]",1.82,1.5,2.48,0.76,8376005.0
FVR,17.37,10,"[1, 1, 1, 1, 1, 1, 1, 1, 1, 1]",16.66,14.75,18.26,10.56,125310.0
MATV,8.19,4,"[0, 0, 0, 0, 1, 1, 1, 0, 1, 0]",8.95,10.97,14.89,5.4,383560.0
XOMA,41.75,9,"[1, 1, 1, 1, 0, 1, 1, 1, 1, 1]",35.36,31.92,42.0,22.89,400020.0
IPI,41.85,10,"[1, 1, 1, 1, 1, 1, 1, 1, 1, 1]",40.61,32.26,48.84,23.94,244565.0
CHCT,16.87,9,"[1, 1, 1, 1, 1, 1, 1, 1, 1, 0]",16.35,15.03,17.2,12.18,231695.0
CGC,1.04,1,"[0, 0, 0, 0, 0, 0, 0, 0, 1, 0]",1.07,1.22,1.93,0.86,13930790.0
PUBM,9.72,6,"[1, 1, 1, 1, 0, 0, 1, 0, 1, 0]",9.02,8.57,13.67,6.28,733750.0
ELVA,9.55,9,"[1, 1, 1, 1, 1, 1, 1, 1, 1, 0]",8.86,7.29,11.23,3.04,454080.0
ALIT,0.79,4,"[1, 0, 0, 0, 0, 0, 1, 0, 1, 1]",0.71,2.06,5.82,0.49,23195120.0
NUAI,4.88,8,"[1, 1, 1, 0, 1, 1, 1, 0, 1, 1]",4.58,3.67,8.06,0.33,5699460.0
CVGW,26.46,7,"[0, 1, 1, 1, 0, 1, 1, 1, 1, 0]",26.52,24.64,28.52,18.24,332720.0
EBS,7.94,4,"[0, 0, 0, 0, 1, 1, 1, 0, 1, 0]",8.32,9.69,13.9,5.63,675225.0
RBBN,2.57,3,"[1, 0, 0, 0, 0, 0, 1, 0, 1, 0]",2.43,3.01,4.25,1.95,908240.0
CLNE,2.03,2,"[0, 0, 0, 0, 0, 1, 0, 0, 1, 0]",2.29,2.39,3.06,1.71,1349440.0
OVID,2.63,9,"[1, 1, 1, 1, 1, 1, 1, 1, 1, 0]",2.54,1.7,2.96,0.27,2016110.0
APPS,4.22,4,"[1, 0, 0, 0, 0, 0, 1, 0, 1, 1]",3.48,4.71,7.54,2.82,1822870.0
SRTA,5.22,9,"[1, 1, 1, 0, 1, 1, 1, 1, 1, 1]",4.65,4.75,5.96,3.36,958780.0
RIGL,29.01,5,"[1, 0, 0, 0, 1, 1, 1, 0, 1, 0]",28.55,34.58,50.96,18.42,433765.0
NGNE,29.82,10,"[1, 1, 1, 1, 1, 1, 1, 1, 1, 1]",24.43,22.25,34.37,14.95,152660.0
IMXI,15.36,7,"[0, 0, 1, 1, 1, 1, 1, 1, 1, 0]",15.81,15.02,15.94,8.71,780085.0
ZKH,2.91,3,"[0, 0, 0, 0, 1, 0, 0, 1, 1, 0]",3.08,3.14,3.79,2.34,362870.0
PSFE,7.71,1,"[0, 0, 0, 0, 0, 0, 0, 0, 1, 0]",7.93,9.49,14.68,6.01,299370.0
TATT,32.08,3,"[0, 0, 0, 0, 1, 1, 0, 0, 1, 0]",42.6,43.01,61.11,25.6,182780.0
ASMB,28.65,4,"[0, 0, 0, 0, 1, 1, 1, 0, 1, 0]",28.73,28.72,38.5,13.42,126975.0
WEAV,5.28,2,"[1, 0, 0, 0, 0, 0, 0, 0, 1, 0]",5.08,6.37,10.78,4.37,1577100.0
LTBR,11.44,1,"[0, 0, 0, 0, 0, 0, 0, 0, 1, 0]",11.9,15.76,27.72,9.85,869500.0
MTW,12.2,7,"[0, 0, 1, 1, 1, 1, 1, 1, 1, 0]",12.65,12.01,15.15,9.14,217300.0
SGMT,6.9,6,"[1, 1, 1, 0, 0, 0, 1, 0, 1, 1]",6.13,6.69,10.24,3.22,3504205.0
FBRX,23.11,6,"[0, 0, 1, 1, 1, 1, 1, 0, 1, 0]",27.55,21.42,35.53,7.11,215205.0
EVH,3.96,4,"[1, 0, 0, 0, 0, 0, 1, 0, 1, 1]",3.06,5.25,11.79,2.17,2796045.0
BMBL,3.14,1,"[0, 0, 0, 0, 0, 0, 0, 0, 1, 0]",3.68,4.48,8.57,2.7,3331625.0
FULC,6.69,2,"[0, 0, 0, 0, 1, 0, 0, 0, 1, 0]",7.44,8.81,14.6,6.12,700495.0
KLC,4.02,4,"[1, 0, 0, 0, 0, 0, 1, 0, 1, 1]",3.09,4.97,12.6,1.84,1153770.0
CLDT,9.89,10,"[1, 1, 1, 1, 1, 1, 1, 1, 1, 1]",8.43,7.2,9.99,6.07,398080.0
ANGO,10.77,4,"[0, 0, 0, 0, 1, 1, 0, 1, 1, 0]",10.77,11.1,13.64,8.4,285240.0
RPD,6.5,3,"[1, 0, 0, 0, 0, 0, 0, 0, 1, 1]",6.06,13.35,25.59,5.05,2071890.0
CTEV,13.87,1,"[0, 0, 0, 0, 0, 0, 0, 0, 1, 0]",19.76,39.64,72.58,13.47,134275.0
CAL,11.07,1,"[0, 0, 0, 0, 0, 0, 0, 0, 1, 0]",11.75,12.61,17.44,8.8,580830.0
ADUR,13.76,8,"[1, 1, 1, 0, 0, 1, 1, 1, 1, 1]",11.67,12.33,17.39,6.45,379415.0
ZURA,4.72,6,"[0, 0, 1, 1, 1, 1, 1, 0, 1, 0]",5.65,4.39,7.04,1.0,655750.0
ACTG,4.58,8,"[0, 1, 1, 1, 1, 1, 1, 1, 1, 0]",4.88,3.94,5.16,3.15,243950.0
NPWR,2.13,4,"[1, 0, 0, 0, 0, 0, 1, 0, 1, 1]",1.79,2.49,4.85,1.49,898525.0
BLZE,7.03,7,"[1, 1, 1, 0, 0, 1, 1, 0, 1, 1]",4.44,6.05,10.75,3.31,3205825.0
TROO,4.18,10,"[1, 1, 1, 1, 1, 1, 1, 1, 1, 1]",3.0,2.26,5.02,0.57,397585.0
PERI,10.28,7,"[1, 1, 1, 1, 1, 0, 0, 1, 1, 0]",9.96,9.57,11.43,8.17,243515.0
CRNC,9.79,5,"[1, 1, 0, 0, 0, 0, 1, 0, 1, 1]",8.11,9.95,13.52,5.96,979640.0
MCFT,23.7,9,"[1, 1, 1, 1, 0, 1, 1, 1, 1, 1]",22.1,21.2,27.38,16.62,163760.0
GEVO,1.68,4,"[0, 0, 0, 0, 1, 1, 1, 0, 1, 0]",2.08,2.01,2.78,1.08,3370410.0
ADCT,3.25,4,"[0, 0, 0, 0, 1, 1, 1, 0, 1, 0]",3.91,3.8,4.88,1.89,1185050.0
ENTA,13.41,8,"[0, 1, 1, 1, 1, 1, 1, 1, 1, 0]",13.62,12.17,16.85,5.75,184920.0
SPT,6.25,3,"[1, 0, 0, 0, 0, 0, 0, 0, 1, 1]",5.92,9.93,23.9,4.99,1618560.0
FSTR,38.79,10,"[1, 1, 1, 1, 1, 1, 1, 1, 1, 1]",31.4,28.39,42.3,18.18,155840.0
TTGT,5.19,5,"[1, 1, 0, 0, 0, 0, 1, 0, 1, 1]",4.61,5.26,8.7,3.48,767735.0
ALMU,24.86,9,"[1, 1, 1, 1, 0, 1, 1, 1, 1, 1]",17.6,17.29,31.49,10.73,2126200.0
NVEC,89.74,10,"[1, 1, 1, 1, 1, 1, 1, 1, 1, 1]",76.49,67.97,95.6,56.57,128725.0
AVIR,4.1,6,"[0, 0, 1, 1, 1, 1, 1, 0, 1, 0]",5.6,4.01,6.15,2.74,326015.0
MAGN,9.94,1,"[0, 0, 0, 0, 0, 0, 0, 0, 1, 0]",10.31,11.85,15.26,7.96,418565.0
LXEO,5.09,4,"[0, 0, 0, 0, 1, 1, 1, 0, 1, 0]",6.07,7.15,10.63,2.7,719185.0
BGS,4.17,4,"[0, 0, 0, 1, 1, 1, 0, 0, 1, 0]",5.12,4.42,5.65,3.4,1949310.0
BYND,0.8,3,"[1, 0, 0, 0, 0, 0, 1, 0, 1, 0]",0.78,1.39,4.28,0.52,99652300.0
OEC,6.92,6,"[1, 1, 1, 1, 0, 0, 1, 0, 1, 0]",6.5,6.74,11.85,4.33,479080.0
NEXN,7.69,7,"[1, 1, 1, 1, 0, 0, 1, 0, 1, 1]",7.17,7.58,11.8,5.7,283085.0
CCRN,13.13,8,"[1, 1, 1, 1, 0, 0, 1, 1, 1, 1]",10.23,10.8,14.25,7.53,852580.0
PACB,1.12,3,"[0, 0, 0, 0, 1, 1, 0, 0, 1, 0]",1.44,1.68,2.67,0.91,6680425.0
MNPR,59.27,6,"[1, 0, 0, 0, 1, 1, 1, 0, 1, 1]",56.9,63.59,102.05,30.01,169825.0
IVVD,1.21,4,"[0, 0, 0, 0, 1, 1, 1, 0, 1, 0]",1.52,1.67,2.88,0.52,2417390.0
NRC,18.62,10,"[1, 1, 1, 1, 1, 1, 1, 1, 1, 1]",17.32,15.84,22.27,11.22,105425.0
CBAN,19.27,8,"[0, 1, 1, 1, 1, 1, 1, 1, 1, 0]",19.84,18.03,21.12,14.58,260425.0
LOCO,13.44,8,"[0, 1, 1, 1, 1, 1, 1, 1, 1, 0]",13.48,11.21,14.33,8.94,332730.0
EOLS,6.5,6,"[1, 1, 1, 0, 0, 0, 1, 0, 1, 1]",5.06,6.0,10.24,3.94,1022715.0
AUTL,1.63,6,"[1, 1, 1, 0, 0, 0, 1, 0, 1, 1]",1.49,1.56,2.68,1.21,1402615.0
XFOR,3.94,8,"[0, 1, 1, 1, 1, 1, 1, 1, 1, 0]",4.15,3.62,4.66,1.42,369190.0
GRRR,13.15,4,"[1, 0, 0, 0, 0, 0, 1, 0, 1, 1]",12.34,14.41,25.23,9.48,914230.0
ABAT,3.13,4,"[0, 0, 0, 0, 1, 1, 1, 0, 1, 0]",3.14,3.78,11.33,1.23,5030240.0
ASPN,5.6,6,"[1, 1, 1, 0, 0, 0, 1, 0, 1, 1]",3.75,4.83,8.82,2.57,2089070.0
SSP,3.38,6,"[0, 0, 1, 1, 1, 1, 1, 0, 1, 0]",4.18,3.2,5.16,1.54,677165.0
VREX,9.66,4,"[0, 0, 0, 0, 1, 1, 1, 0, 1, 0]",11.15,11.78,14.36,6.96,496045.0
LRMR,3.58,5,"[0, 0, 0, 1, 1, 1, 1, 0, 1, 0]",4.57,4.02,5.95,1.83,1674255.0
IPSC,2.34,9,"[1, 1, 1, 1, 1, 1, 1, 1, 1, 0]",2.33,1.32,2.94,0.47,691755.0
NEWT,12.68,9,"[1, 1, 1, 1, 1, 1, 1, 1, 1, 0]",12.21,11.66,14.4,9.3,188380.0
VOXR,6.21,10,"[1, 1, 1, 1, 1, 1, 1, 1, 1, 1]",5.52,4.72,6.41,3.05,358920.0
XNET,5.87,3,"[0, 0, 0, 0, 0, 1, 1, 0, 1, 0]",6.12,6.98,10.78,4.05,148360.0
VELO,18.59,10,"[1, 1, 1, 1, 1, 1, 1, 1, 1, 1]",13.0,9.43,22.09,2.97,3538115.0
HNST,3.12,5,"[1, 1, 0, 1, 0, 0, 1, 0, 1, 0]",3.1,3.14,5.51,2.1,1888635.0
TOI,3.98,8,"[1, 1, 1, 0, 0, 1, 1, 1, 1, 1]",3.39,3.46,4.75,2.05,1546140.0
RCKT,3.25,5,"[0, 0, 0, 1, 1, 1, 1, 0, 1, 0]",3.92,3.57,6.85,2.33,2043065.0
DCTH,11.07,7,"[1, 1, 1, 1, 0, 0, 1, 0, 1, 1]",10.19,10.19,18.1,8.19,424540.0
CDZI,4.12,4,"[0, 0, 0, 0, 1, 1, 1, 0, 1, 0]",4.83,4.94,6.92,2.65,898080.0
OPAL,1.94,2,"[0, 0, 0, 0, 1, 0, 0, 0, 1, 0]",2.29,2.33,3.8,1.94,187240.0
ISTR,27.71,9,"[1, 1, 1, 1, 1, 1, 1, 1, 1, 0]",27.68,25.61,29.99,17.67,167330.0
OSS,16.47,10,"[1, 1, 1, 1, 1, 1, 1, 1, 1, 1]",10.23,7.69,17.24,2.45,2412425.0
XPER,7.71,8,"[1, 1, 1, 1, 0, 0, 1, 1, 1, 1]",6.37,6.16,8.21,5.11,596495.0
TBRG,25.86,9,"[1, 1, 1, 0, 1, 1, 1, 1, 1, 1]",20.54,20.58,25.89,14.0,442545.0
QUAD,7.21,9,"[1, 1, 1, 1, 1, 1, 1, 1, 1, 0]",7.13,6.33,8.43,4.87,239195.0
FUFU,2.03,2,"[0, 0, 0, 0, 0, 0, 1, 0, 1, 0]",2.15,2.96,4.29,1.56,244440.0
CLPT,11.64,5,"[1, 0, 0, 0, 1, 1, 1, 0, 1, 0]",10.57,14.1,29.6,8.66,541875.0
EGHT,2.36,10,"[1, 1, 1, 1, 1, 1, 1, 1, 1, 1]",2.04,2.02,2.76,1.59,1586135.0
PBYI,6.92,9,"[1, 1, 1, 1, 1, 1, 1, 1, 1, 0]",6.91,5.84,7.8,3.07,288925.0
ISSC,16.28,5,"[0, 0, 0, 1, 1, 1, 1, 0, 1, 0]",23.42,17.06,30.56,8.32,517195.0
DVLT,0.51,3,"[0, 0, 0, 0, 1, 0, 1, 0, 1, 0]",0.67,1.01,3.42,0.28,55715800.0
VNDA,6.28,6,"[0, 0, 1, 1, 1, 1, 1, 0, 1, 0]",7.32,6.2,9.56,4.16,1222710.0
RNGR,16.45,8,"[0, 1, 1, 1, 1, 1, 1, 1, 1, 0]",16.92,14.79,18.36,10.47,327930.0
AMCX,8.3,8,"[1, 1, 1, 0, 1, 1, 1, 1, 1, 0]",7.77,7.95,10.01,5.63,532160.0
SVCO,10.09,10,"[1, 1, 1, 1, 1, 1, 1, 1, 1, 1]",8.03,5.54,12.46,3.23,402110.0
CLMB,19.59,1,"[0, 0, 0, 0, 0, 0, 0, 0, 1, 0]",20.56,27.22,35.79,16.68,206200.0
API,3.89,5,"[1, 0, 1, 0, 1, 0, 0, 1, 1, 0]",3.78,3.87,4.8,3.24,274255.0
ACCO,3.76,8,"[1, 1, 1, 0, 0, 1, 1, 1, 1, 1]",3.32,3.61,4.12,2.84,995680.0
RMNI,3.46,1,"[0, 0, 0, 0, 0, 0, 0, 0, 1, 0]",3.47,3.89,5.24,2.94,494255.0
SOPH,4.63,7,"[0, 0, 1, 1, 1, 1, 1, 1, 1, 0]",4.9,4.47,5.52,2.85,107050.0
XRX,2.58,5,"[1, 1, 0, 0, 0, 0, 1, 0, 1, 1]",1.74,2.63,6.41,1.22,10300675.0
BNED,8.97,5,"[0, 0, 1, 1, 1, 0, 1, 0, 1, 0]",9.64,8.96,12.18,6.12,238915.0
DDD,3.02,8,"[1, 1, 1, 0, 0, 1, 1, 1, 1, 1]",2.26,2.3,3.78,1.37,4444185.0
DIN,29.79,8,"[1, 0, 1, 0, 1, 1, 1, 1, 1, 1]",27.87,28.26,38.55,19.74,464070.0
TG,7.97,5,"[0, 0, 0, 1, 1, 1, 0, 1, 1, 0]",8.62,8.12,10.35,6.29,193345.0
FRST,13.82,9,"[1, 1, 1, 1, 1, 1, 1, 1, 1, 0]",13.62,12.17,14.74,8.98,295035.0
EVTL,2.55,1,"[0, 0, 0, 0, 0, 0, 0, 0, 1, 0]",2.82,4.54,7.28,2.02,3028670.0
IRD,4.8,8,"[0, 1, 1, 1, 1, 1, 1, 1, 1, 0]",5.01,2.82,5.75,0.91,996175.0
LE,10.97,3,"[0, 0, 0, 0, 1, 0, 1, 0, 1, 0]",12.22,14.59,19.15,7.91,235070.0
QUIK,19.1,10,"[1, 1, 1, 1, 1, 1, 1, 1, 1, 1]",12.57,8.1,21.83,4.89,792475.0
TLS,4.2,3,"[0, 0, 0, 0, 0, 1, 1, 0, 1, 0]",4.28,5.35,7.76,2.38,582150.0
SHIP,15.86,10,"[1, 1, 1, 1, 1, 1, 1, 1, 1, 1]",14.07,10.39,16.68,5.68,239625.0
DBI,6.41,8,"[0, 1, 1, 1, 1, 1, 1, 1, 1, 0]",6.49,5.43,8.52,2.15,550370.0
ALTO,4.67,8,"[0, 1, 1, 1, 1, 1, 1, 1, 1, 0]",4.8,2.6,5.99,0.86,1980685.0
SSSS,13.21,9,"[1, 1, 1, 1, 1, 1, 1, 1, 1, 0]",11.86,9.79,13.98,5.51,260805.0
PAYS,5.62,6,"[1, 1, 1, 1, 0, 0, 1, 0, 1, 0]",5.42,5.16,8.56,3.18,879990.0
VMD,9.35,8,"[0, 1, 1, 1, 1, 1, 1, 1, 1, 0]",9.44,7.73,10.05,5.93,267760.0
CURR,3.59,10,"[1, 1, 1, 1, 1, 1, 1, 1, 1, 1]",3.09,2.23,4.49,0.36,235710.0
MEI,10.53,9,"[1, 1, 1, 0, 1, 1, 1, 1, 1, 1]",7.14,7.27,13.87,5.01,1277330.0
NAUT,2.51,7,"[0, 1, 1, 1, 1, 1, 1, 0, 1, 0]",2.94,1.89,3.95,0.64,344280.0
DMAC,6.06,4,"[0, 0, 0, 0, 1, 1, 1, 0, 1, 0]",6.64,7.12,9.39,3.51,159205.0
CAN,0.5,2,"[1, 0, 0, 0, 0, 0, 0, 0, 1, 0]",0.49,0.79,2.05,0.39,9700625.0
RMAX,8.97,8,"[1, 1, 1, 0, 0, 1, 1, 1, 1, 1]",7.31,7.96,11.29,5.66,1635825.0
NMRA,1.84,4,"[0, 0, 0, 0, 1, 1, 1, 0, 1, 0]",2.33,2.19,3.59,0.68,1559415.0
HLLY,2.64,4,"[0, 0, 0, 0, 1, 1, 1, 0, 1, 0]",3.07,3.52,4.39,1.93,793365.0
LVWR,1.42,2,"[0, 0, 0, 0, 0, 0, 1, 0, 1, 0]",1.66,3.38,7.48,1.01,117110.0
IMRX,5.16,3,"[0, 0, 0, 0, 0, 1, 1, 0, 1, 0]",5.35,5.73,9.26,1.44,731120.0
TSSI,11.12,3,"[0, 0, 0, 1, 0, 0, 1, 0, 1, 0]",13.24,13.23,31.1,6.92,1761360.0
SLP,13.34,2,"[0, 0, 0, 0, 1, 0, 0, 0, 1, 0]",13.35,15.45,33.05,11.36,402290.0
ABEO,5.49,7,"[1, 1, 1, 1, 0, 0, 1, 1, 1, 0]",5.12,5.37,7.23,4.17,1132950.0
REPL,5.22,5,"[1, 0, 0, 0, 1, 0, 1, 0, 1, 1]",5.14,6.82,12.63,1.7,8362065.0
DSX,2.67,10,"[1, 1, 1, 1, 1, 1, 1, 1, 1, 1]",2.52,2.03,2.9,1.36,626545.0
STRZ,23.12,9,"[1, 1, 1, 1, 0, 1, 1, 1, 1, 1]",16.19,12.9,23.12,8.65,179825.0
SLN,6.1,7,"[0, 0, 1, 1, 1, 1, 1, 1, 1, 0]",6.62,5.96,7.97,4.3,286535.0
ATOM,8.8,10,"[1, 1, 1, 1, 1, 1, 1, 1, 1, 1]",6.08,4.02,11.09,1.99,4234955.0
BRCC,1.6,7,"[1, 1, 1, 0, 0, 0, 1, 1, 1, 1]",0.98,1.18,2.03,0.62,1382655.0
TYGO,3.95,8,"[0, 1, 1, 1, 1, 1, 1, 1, 1, 0]",4.12,2.67,5.16,0.95,772055.0
PINE,18.73,8,"[0, 1, 1, 1, 1, 1, 1, 1, 1, 0]",18.98,16.54,20.21,12.76,169590.0
EWCZ,5.82,10,"[1, 1, 1, 1, 1, 1, 1, 1, 1, 1]",5.79,4.54,6.36,3.24,643252.8
AZ,5.88,2,"[0, 0, 0, 1, 0, 0, 0, 0, 1, 0]",6.95,7.12,11.9,5.12,595240.0
ZNTL,4.05,8,"[1, 1, 1, 1, 1, 1, 1, 0, 1, 0]",3.56,2.25,6.61,1.16,1069405.0
RPAY,3.47,3,"[1, 0, 0, 0, 0, 0, 1, 0, 1, 0]",3.2,3.99,5.96,2.4,1193985.0
ASYS,21.08,10,"[1, 1, 1, 1, 1, 1, 1, 1, 1, 1]",15.2,11.18,22.68,3.52,335145.0
MASS,6.9,8,"[1, 1, 1, 1, 0, 1, 1, 1, 1, 0]",6.77,6.69,9.15,4.58,278145.0
FLWS,4.33,6,"[1, 1, 1, 0, 0, 0, 1, 0, 1, 1]",3.57,4.16,6.94,3.0,1652425.0
RZLT,3.34,3,"[1, 0, 0, 0, 0, 0, 1, 0, 1, 0]",3.15,5.52,10.94,1.4,1383805.0
PRLD,4.48,10,"[1, 1, 1, 1, 1, 1, 1, 1, 1, 1]",4.05,2.29,5.52,0.78,556145.0
GSIT,9.64,8,"[1, 1, 1, 0, 1, 1, 1, 0, 1, 1]",7.3,6.41,12.97,2.91,2348410.0
ZIP,3.51,5,"[1, 1, 0, 0, 0, 0, 1, 0, 1, 1]",2.66,3.63,6.45,1.69,840060.0
EDIT,2.62,5,"[0, 1, 0, 1, 0, 1, 1, 0, 1, 0]",2.79,2.65,4.15,1.49,1250025.0
RILY,9.01,10,"[1, 1, 1, 1, 1, 1, 1, 1, 1, 1]",7.69,6.41,9.99,2.91,951650.0
CXDO,9.89,10,"[1, 1, 1, 1, 1, 1, 1, 1, 1, 1]",7.05,6.63,9.89,5.14,417310.0
PALI,1.83,6,"[0, 0, 1, 1, 1, 1, 1, 0, 1, 0]",2.0,1.65,2.8,0.54,3880595.0
BKKT,8.28,1,"[0, 0, 0, 0, 0, 0, 0, 0, 1, 0]",8.66,14.49,45.04,6.95,1339655.0
SMWB,3.16,4,"[1, 0, 0, 0, 0, 0, 1, 0, 1, 1]",2.75,6.26,10.4,2.33,756335.0
SY,2.85,3,"[0, 0, 0, 0, 0, 0, 1, 0, 1, 1]",2.91,3.29,5.87,0.82,380260.0
VFF,2.61,4,"[0, 0, 0, 0, 1, 1, 1, 0, 1, 0]",2.82,3.1,4.18,1.03,1441525.0
ELDN,3.8,8,"[1, 1, 1, 1, 0, 1, 1, 1, 1, 0]",3.32,2.62,4.36,1.39,1481815.0
FNKO,5.06,10,"[1, 1, 1, 1, 1, 1, 1, 1, 1, 1]",4.09,3.62,5.54,2.46,824820.0
VLN,3.05,8,"[1, 1, 1, 1, 0, 0, 1, 1, 1, 1]",1.67,1.74,3.37,1.11,5063055.0
SGHT,4.98,6,"[1, 0, 0, 0, 1, 1, 1, 0, 1, 1]",4.07,5.18,9.05,3.2,363890.0
SHMD,6.87,7,"[1, 1, 1, 0, 1, 1, 1, 0, 1, 0]",6.1,5.25,10.42,2.1,1107960.0
OPTX,7.16,7,"[0, 1, 1, 1, 1, 1, 1, 0, 1, 0]",8.19,4.27,11.66,1.24,1049825.0
ACIU,2.79,4,"[0, 0, 0, 0, 1, 1, 1, 0, 1, 0]",2.96,2.93,3.99,1.64,264875.0
MBI,5.86,3,"[0, 0, 0, 0, 0, 1, 1, 0, 1, 0]",5.96,6.75,8.13,4.21,381230.0
TARA,5.1,4,"[0, 0, 0, 0, 1, 1, 1, 0, 1, 0]",5.26,5.13,7.56,2.78,659680.0
PDYN,6.45,2,"[0, 0, 0, 0, 0, 0, 1, 0, 1, 0]",6.53,6.91,12.68,4.15,1352635.0
CCCC,3.56,9,"[1, 1, 1, 1, 0, 1, 1, 1, 1, 1]",2.88,2.5,3.68,1.25,2984205.0
FVCB,15.31,9,"[1, 1, 1, 1, 1, 1, 1, 1, 1, 0]",15.26,13.88,16.12,11.09,178865.0
DEFT,0.71,2,"[0, 0, 0, 0, 0, 0, 1, 0, 1, 0]",0.71,1.35,3.85,0.48,4772880.0
USAU,15.89,4,"[0, 0, 0, 0, 1, 1, 1, 0, 1, 0]",16.11,16.39,22.6,10.22,178565.0
FATE,1.76,9,"[1, 1, 1, 1, 1, 1, 1, 0, 1, 1]",1.43,1.23,2.43,0.92,3167435.0
CGEN,2.75,9,"[1, 1, 1, 1, 1, 1, 1, 1, 1, 0]",2.51,1.87,3.1,1.33,526935.0
ALXO,2.03,10,"[1, 1, 1, 1, 1, 1, 1, 1, 1, 1]",1.91,1.58,2.6,0.41,940905.0
ACH,2.91,3,"[1, 0, 0, 0, 0, 0, 1, 0, 1, 0]",2.89,3.54,9.42,1.91,949125.0
CNDT,1.39,1,"[0, 0, 0, 0, 0, 0, 0, 0, 1, 0]",1.48,2.0,2.96,1.16,1217570.0
AIRS,4.8,6,"[1, 1, 1, 0, 0, 0, 1, 0, 1, 1]",2.93,4.54,11.65,1.58,1564385.0
IKT,1.73,7,"[0, 1, 1, 1, 1, 1, 0, 1, 1, 0]",1.83,1.7,2.14,1.41,832670.0
PRE,15.61,6,"[0, 0, 1, 1, 1, 1, 1, 0, 1, 0]",18.8,15.14,22.15,6.3,204160.0
RDCM,15.75,9,"[1, 1, 1, 1, 0, 1, 1, 1, 1, 1]",13.22,13.15,16.14,10.68,264590.0
CHRS,1.57,6,"[0, 0, 1, 1, 1, 1, 1, 0, 1, 0]",1.74,1.55,2.51,0.72,1338275.0
ARTV,9.78,8,"[1, 1, 1, 1, 1, 1, 1, 0, 1, 0]",8.39,4.9,13.39,1.47,589000.0
SIDU,4.01,8,"[1, 1, 1, 1, 1, 1, 1, 0, 1, 0]",3.2,2.04,5.95,0.63,20714025.0
TRDA,6.38,4,"[0, 0, 0, 1, 1, 1, 0, 0, 1, 0]",12.3,9.33,16.03,5.02,629225.0
LAW,3.83,3,"[0, 0, 0, 0, 1, 0, 1, 0, 1, 0]",4.09,5.56,8.91,2.76,540795.0
OPRT,5.25,3,"[1, 1, 0, 0, 0, 0, 0, 0, 1, 0]",5.13,5.48,7.69,4.13,420665.0
JACK,10.87,1,"[0, 0, 0, 0, 0, 0, 0, 0, 1, 0]",12.1,17.22,24.88,9.4,843725.0
ARCT,7.47,1,"[0, 0, 0, 0, 0, 0, 0, 0, 1, 0]",7.94,10.73,23.16,5.9,406625.0
FOSL,4.06,7,"[0, 1, 1, 1, 1, 1, 1, 0, 1, 0]",4.58,3.48,5.61,1.3,804045.0
STRT,66.91,4,"[0, 0, 0, 0, 1, 1, 1, 0, 1, 0]",75.68,74.6,90.91,48.28,113975.0
INSG,13.67,7,"[0, 1, 1, 1, 1, 1, 1, 0, 1, 0]",13.84,12.41,20.29,6.4,306020.0
FHTX,3.79,1,"[0, 0, 0, 0, 0, 0, 0, 0, 1, 0]",4.87,4.99,6.68,3.53,128305.0
CDXS,2.46,6,"[1, 1, 1, 1, 0, 0, 1, 0, 1, 0]",2.13,2.05,3.33,0.98,1261175.0
VUZI,3.0,8,"[1, 1, 1, 0, 1, 1, 1, 0, 1, 1]",2.52,2.76,4.08,1.9,1327860.0
NXDT,4.71,8,"[0, 1, 1, 1, 1, 1, 1, 1, 1, 0]",4.74,3.9,5.42,2.47,136150.0
SILC,48.08,10,"[1, 1, 1, 1, 1, 1, 1, 1, 1, 1]",28.05,19.5,50.98,13.5,171215.0
RNAC,7.38,4,"[1, 1, 0, 0, 0, 0, 0, 0, 1, 1]",6.97,8.15,13.77,5.85,164425.0
NBP,1.82,3,"[0, 0, 0, 0, 0, 1, 1, 0, 1, 0]",2.53,3.68,6.56,0.9,1110440.0
XPOF,4.79,1,"[0, 0, 0, 0, 0, 0, 0, 0, 1, 0]",6.29,7.38,11.01,4.26,465190.0
AP,10.85,10,"[1, 1, 1, 1, 1, 1, 1, 1, 1, 1]",9.05,5.26,12.2,1.85,161480.0
NVA,5.84,4,"[0, 0, 0, 0, 1, 1, 1, 0, 1, 0]",6.11,6.31,14.37,1.83,434855.0
CANG,0.54,4,"[1, 0, 0, 0, 0, 0, 1, 0, 1, 1]",0.49,1.42,2.75,0.34,1819665.0
LTRX,6.27,10,"[1, 1, 1, 1, 1, 1, 1, 1, 1, 1]",6.05,5.37,7.2,2.15,732580.0
VYGR,3.77,4,"[0, 0, 0, 0, 1, 1, 1, 0, 1, 0]",4.02,4.06,5.33,2.73,475645.0
DUOT,8.97,8,"[1, 0, 1, 0, 1, 1, 1, 1, 1, 1]",7.89,8.49,11.87,6.0,483210.0
AIRJ,3.73,5,"[1, 1, 0, 0, 0, 0, 1, 0, 1, 1]",3.2,3.94,6.59,2.51,500815.0
EAF,8.98,4,"[1, 0, 0, 0, 0, 0, 1, 0, 1, 1]",7.56,11.89,19.82,5.23,262340.0
OSG,5.66,4,"[1, 0, 0, 0, 0, 0, 1, 0, 1, 1]",4.82,7.11,10.08,3.94,879510.0
OABI,2.18,7,"[1, 1, 1, 0, 0, 0, 1, 1, 1, 1]",1.64,1.73,2.2,1.25,934365.0
SPCE,2.81,2,"[1, 0, 0, 0, 0, 0, 0, 0, 1, 0]",2.65,3.18,4.8,2.17,8644955.0
WLAC,18.83,10,"[1, 1, 1, 1, 1, 1, 1, 1, 1, 1]",13.72,12.16,20.79,10.11,540509.7
POWW,1.91,8,"[0, 1, 1, 1, 1, 1, 1, 1, 1, 0]",2.02,1.75,2.15,1.09,443630.0
OBIO,3.72,5,"[0, 0, 0, 1, 1, 1, 1, 0, 1, 0]",4.28,3.82,5.35,2.35,241280.0
ALTG,6.39,3,"[0, 1, 0, 1, 0, 0, 0, 0, 1, 0]",6.46,6.45,,,352660.0
HUMA,0.93,4,"[1, 0, 0, 0, 0, 0, 1, 0, 1, 1]",0.85,1.27,2.77,0.57,6360300.0
LOVE,15.29,6,"[1, 1, 1, 1, 0, 0, 1, 0, 1, 0]",14.38,15.08,20.89,10.54,184595.0
ALEC,2.16,6,"[0, 1, 1, 1, 0, 1, 1, 0, 1, 0]",2.3,2.1,3.32,1.14,525555.0
UIS,2.99,5,"[1, 1, 0, 0, 0, 0, 1, 0, 1, 1]",2.46,3.03,5.37,2.0,756725.0
LFMD,4.33,6,"[1, 1, 0, 1, 0, 0, 1, 0, 1, 1]",4.14,4.75,15.06,2.64,1283595.0
WALD,1.47,4,"[1, 0, 0, 0, 0, 0, 1, 0, 1, 1]",1.18,1.7,3.08,0.76,2778435.0
BZAI,1.31,1,"[0, 0, 0, 0, 0, 0, 0, 0, 1, 0]",1.69,2.56,6.29,1.02,12172045.0
HRTX,0.85,1,"[0, 0, 0, 0, 0, 0, 0, 0, 1, 0]",0.96,1.21,2.23,0.75,2649490.0
GPRO,1.11,4,"[1, 0, 0, 0, 0, 1, 1, 0, 1, 0]",1.01,1.45,2.88,0.58,9029615.0
CRNT,2.51,9,"[1, 1, 1, 1, 1, 1, 1, 1, 1, 0]",2.39,2.25,2.79,1.84,489050.0
NKTX,2.64,9,"[1, 1, 1, 1, 1, 1, 1, 1, 1, 0]",2.6,2.22,3.49,1.66,994415.0
AREC,2.2,4,"[0, 0, 0, 0, 1, 1, 1, 0, 1, 0]",2.49,2.83,6.81,0.64,2440935.0
MIST,1.5,4,"[0, 0, 0, 0, 1, 1, 1, 0, 1, 0]",1.71,1.9,2.95,1.01,1471615.0
LPRO,1.85,6,"[1, 1, 1, 0, 0, 0, 1, 0, 1, 1]",1.54,1.78,2.64,1.2,790600.0
IMPP,4.83,10,"[1, 1, 1, 1, 1, 1, 1, 1, 1, 1]",4.6,4.33,6.35,2.48,579795.0
RELL,16.96,10,"[1, 1, 1, 1, 1, 1, 1, 1, 1, 1]",12.97,11.23,17.5,8.57,181220.0
OSUR,3.0,6,"[0, 1, 1, 1, 0, 0, 1, 1, 1, 0]",3.06,2.87,3.48,2.11,622245.0
CNTX,2.16,7,"[0, 1, 1, 1, 1, 1, 1, 0, 1, 0]",2.6,1.65,3.36,0.55,818065.0
MVIS,0.56,1,"[0, 0, 0, 0, 0, 0, 0, 0, 1, 0]",0.64,0.92,1.5,0.53,6992015.0
AMPY,5.23,7,"[0, 0, 1, 1, 1, 1, 1, 1, 1, 0]",5.93,5.07,6.63,2.67,732655.0
TNYA,0.86,5,"[1, 0, 0, 0, 0, 1, 1, 0, 1, 1]",0.78,1.03,2.1,0.43,5169210.0
SMRT,1.12,4,"[0, 0, 0, 0, 1, 1, 1, 0, 1, 0]",1.46,1.56,2.12,0.8,1079095.0
SRI,6.72,4,"[1, 1, 0, 0, 0, 0, 1, 0, 1, 0]",6.24,6.87,9.17,4.72,192345.0
FF,4.03,8,"[0, 1, 1, 1, 1, 1, 1, 1, 1, 0]",4.2,3.75,4.98,3.0,416885.0
ANNA,3.43,3,"[0, 0, 0, 1, 0, 0, 1, 0, 1, 0]",4.83,3.82,10.46,2.31,957445.0
SND,4.75,8,"[0, 1, 1, 1, 1, 1, 1, 1, 1, 0]",4.75,3.44,5.51,1.64,287385.0
SABS,3.7,7,"[0, 0, 1, 1, 1, 1, 1, 1, 1, 0]",3.85,3.34,4.59,1.69,1066265.0
SHIM,4.97,8,"[1, 1, 1, 1, 1, 1, 1, 0, 1, 0]",4.32,3.26,6.67,1.47,240195.0
SLNH,2.22,8,"[1, 1, 1, 0, 1, 1, 1, 0, 1, 1]",1.1,1.46,4.42,0.43,33079375.0
DMRC,9.8,6,"[1, 1, 1, 0, 0, 0, 1, 0, 1, 1]",6.7,7.7,14.34,4.36,204060.0
PLBY,1.33,2,"[0, 0, 0, 0, 1, 0, 0, 0, 1, 0]",1.67,1.71,2.71,1.28,1030285.0
TONX,3.67,5,"[1, 1, 0, 0, 0, 0, 1, 0, 1, 1]",2.7,5.17,22.45,1.8,533840.0
KLTR,1.46,5,"[1, 1, 0, 0, 0, 0, 1, 0, 1, 1]",1.29,1.49,2.25,1.08,554685.0
EGAN,6.49,3,"[0, 0, 0, 0, 1, 1, 0, 0, 1, 0]",7.94,9.51,15.46,5.08,255330.0
PESI,9.74,3,"[0, 0, 0, 0, 1, 1, 0, 0, 1, 0]",11.95,12.49,15.76,8.19,226630.0
TENX,11.98,7,"[0, 1, 1, 1, 1, 1, 1, 0, 1, 0]",13.79,10.42,18.27,5.62,679505.0
ONEW,10.57,2,"[1, 0, 0, 0, 0, 0, 0, 0, 1, 0]",10.04,13.03,17.46,8.35,139820.0
UNCY,8.26,10,"[1, 1, 1, 1, 1, 1, 1, 1, 1, 1]",7.16,5.79,9.0,3.74,571830.0
DPRO,5.34,4,"[0, 0, 0, 0, 1, 1, 1, 0, 1, 0]",5.66,6.94,13.77,1.7,1393420.0
DTIL,7.27,9,"[1, 1, 1, 1, 1, 1, 1, 1, 1, 0]",6.76,5.42,8.61,3.57,202880.0
VERI,2.07,4,"[0, 0, 0, 0, 1, 1, 1, 0, 1, 0]",2.3,3.81,8.39,1.22,2568985.0
SLQT,1.16,4,"[1, 0, 0, 0, 0, 0, 1, 0, 1, 1]",0.79,1.44,2.69,0.59,2802005.0
ANIK,14.91,9,"[1, 1, 1, 1, 1, 1, 1, 1, 1, 0]",14.73,10.9,16.0,8.1,121305.0
QSI,0.89,1,"[0, 0, 0, 0, 0, 0, 0, 0, 1, 0]",0.9,1.25,2.63,0.71,6331025.0
XYF,4.71,4,"[1, 0, 0, 0, 0, 0, 1, 0, 1, 1]",4.44,8.16,18.91,3.22,125905.0
KPTI,7.67,8,"[0, 1, 1, 1, 1, 1, 1, 1, 1, 0]",7.95,6.88,10.09,3.77,441010.0
CRBP,11.03,7,"[1, 1, 1, 0, 0, 1, 1, 0, 1, 1]",9.95,10.35,19.36,6.9,306070.0
DGXX,7.54,10,"[1, 1, 1, 1, 1, 1, 1, 1, 1, 1]",3.49,3.2,8.46,1.27,18182845.0
KRMD,3.9,4,"[0, 0, 0, 0, 1, 1, 1, 0, 1, 0]",4.22,4.56,6.52,2.66,143965.0
CRBU,2.14,8,"[1, 1, 1, 1, 0, 1, 1, 1, 1, 0]",1.99,1.93,2.84,0.94,1594650.0
BHR,2.5,6,"[1, 0, 0, 0, 1, 1, 1, 1, 1, 0]",2.46,2.62,3.14,1.87,386705.0
INGN,6.38,2,"[0, 0, 0, 0, 0, 1, 0, 0, 1, 0]",6.59,7.04,8.95,5.59,347860.0
SUUN,0.68,4,"[1, 0, 0, 0, 0, 0, 1, 0, 1, 1]",0.64,1.38,2.48,0.5,427525.0
MGNX,4.25,10,"[1, 1, 1, 1, 1, 1, 1, 1, 1, 1]",3.18,2.04,4.25,1.19,1348415.0
ATLX,4.29,2,"[0, 0, 0, 0, 0, 1, 0, 0, 1, 0]",4.81,5.05,7.45,3.73,1010895.0
TLSA,1.37,3,"[1, 0, 0, 0, 0, 0, 0, 0, 1, 1]",1.31,1.64,2.5,1.15,150240.0
IFRX,2.47,10,"[1, 1, 1, 1, 1, 1, 1, 1, 1, 1]",1.43,1.21,2.65,0.73,3372535.0
TRAK,9.7,4,"[1, 0, 0, 0, 0, 0, 1, 0, 1, 1]",8.34,12.39,22.43,7.13,202865.0
WTF,2.83,1,"[0, 0, 0, 0, 0, 0, 0, 0, 1, 0]",3.62,4.3,7.1,2.82,127195.0
MDV,17.96,10,"[1, 1, 1, 1, 1, 1, 1, 1, 1, 1]",15.54,14.54,17.97,13.07,111575.0
ELTX,10.63,7,"[0, 1, 1, 1, 0, 1, 1, 1, 1, 0]",11.16,9.91,13.84,5.15,131475.0
CVGI,5.12,10,"[1, 1, 1, 1, 1, 1, 1, 1, 1, 1]",3.89,2.22,5.52,1.27,614030.0
ABOS,2.28,6,"[0, 0, 1, 1, 1, 1, 1, 0, 1, 0]",2.68,2.12,3.37,1.0,292340.0
DOUG,1.58,1,"[0, 0, 0, 0, 0, 0, 0, 0, 1, 0]",1.84,2.39,3.11,1.56,545165.0
AMTX,2.29,6,"[0, 1, 1, 1, 0, 0, 1, 0, 1, 1]",2.65,2.17,3.66,1.32,1887905.0
SKYX,1.08,3,"[0, 0, 0, 0, 1, 1, 0, 0, 1, 0]",1.32,1.64,3.13,1.0,2081100.0
CVRX,5.99,2,"[0, 0, 0, 0, 1, 0, 0, 0, 1, 0]",7.77,7.95,10.81,4.74,379845.0
LFCR,4.4,1,"[0, 0, 0, 0, 0, 0, 0, 0, 1, 0]",4.87,6.85,8.82,3.66,206675.0
EPSN,6.18,8,"[1, 1, 1, 1, 0, 0, 1, 1, 1, 1]",6.04,5.22,8.1,4.2,172110.0
ADAG,3.5,8,"[0, 1, 1, 1, 1, 1, 1, 1, 1, 0]",3.76,2.54,4.61,1.4,136960.0
DOMO,3.51,2,"[0, 0, 0, 0, 0, 0, 1, 0, 1, 0]",3.58,9.23,18.2,2.42,749085.0
PYXS,2.28,7,"[1, 0, 1, 0, 1, 1, 1, 0, 1, 1]",1.73,2.23,5.34,1.04,651455.0
BDTX,2.75,3,"[1, 0, 0, 0, 0, 0, 1, 0, 1, 0]",2.55,2.94,4.87,1.95,910015.0
CNTN,3.62,9,"[1, 1, 1, 1, 1, 1, 1, 0, 1, 1]",3.47,3.3,7.71,1.17,477700.0
TBI,5.65,6,"[1, 1, 1, 0, 0, 0, 1, 0, 1, 1]",4.38,5.06,7.68,3.31,415030.0
THRY,3.41,4,"[1, 0, 0, 0, 0, 0, 1, 0, 1, 1]",3.16,7.01,14.3,2.1,1081650.0
HYPR,1.55,8,"[1, 1, 1, 1, 0, 1, 1, 0, 1, 1]",1.32,1.24,2.2,0.55,742400.0
ORMP,4.64,10,"[1, 1, 1, 1, 1, 1, 1, 1, 1, 1]",3.74,2.87,4.73,1.92,178230.0
RFIL,17.81,10,"[1, 1, 1, 1, 1, 1, 1, 1, 1, 1]",12.89,9.15,18.2,4.01,217590.0
MX,4.34,8,"[1, 1, 1, 1, 0, 0, 1, 1, 1, 1]",3.37,3.0,5.25,2.27,2665995.0
OWLT,5.55,3,"[1, 0, 0, 0, 1, 0, 0, 0, 1, 0]",5.37,9.36,16.52,4.53,189465.0
KZIA,13.16,10,"[1, 1, 1, 1, 1, 1, 1, 1, 1, 1]",10.08,8.38,15.72,3.45,259515.0
ONL,2.9,9,"[1, 1, 1, 1, 0, 1, 1, 1, 1, 1]",2.45,2.43,2.98,1.65,358340.0
IMDX,6.41,9,"[1, 1, 1, 0, 1, 1, 1, 1, 1, 1]",4.21,4.83,8.48,2.4,489575.0
ANTX,4.75,10,"[1, 1, 1, 1, 1, 1, 1, 1, 1, 1]",4.1,1.9,5.46,1.03,241285.0
IMUX,12.08,9,"[1, 1, 1, 1, 0, 1, 1, 1, 1, 1]",11.39,8.72,14.5,5.1,336202.5
DIBS,4.46,5,"[0, 0, 0, 1, 1, 1, 1, 0, 1, 0]",5.28,4.54,6.43,2.41,187450.0
CURV,1.31,3,"[0, 0, 0, 1, 0, 0, 1, 0, 1, 0]",1.68,1.52,5.82,0.97,345790.0
APYX,4.05,10,"[1, 1, 1, 1, 1, 1, 1, 1, 1, 1]",3.69,3.29,4.4,1.43,234690.0
RGP,4.4,6,"[1, 1, 1, 0, 0, 0, 0, 1, 1, 1]",3.89,4.39,5.75,3.47,280985.0
CHPT,6.63,4,"[1, 0, 0, 0, 0, 0, 1, 0, 1, 1]",5.82,8.2,17.46,4.51,444180.0
BOOM,6.93,7,"[1, 1, 1, 0, 0, 0, 1, 1, 1, 1]",5.8,6.86,8.97,4.73,380685.0
WATT,24.52,8,"[1, 1, 1, 1, 1, 1, 1, 0, 1, 0]",20.64,10.89,35.33,3.76,514535.0
DHX,3.61,9,"[1, 1, 1, 1, 0, 1, 1, 1, 1, 1]",2.82,2.34,3.82,1.5,328525.0
HURA,2.31,6,"[1, 1, 1, 1, 0, 0, 1, 0, 1, 0]",2.17,1.93,3.92,0.44,770410.0
BZUN,2.46,1,"[0, 0, 0, 0, 0, 0, 0, 0, 1, 0]",2.57,2.98,4.77,2.1,323645.0
IDN,4.14,4,"[0, 0, 0, 1, 1, 1, 0, 0, 1, 0]",6.8,5.83,8.99,3.31,652205.0
SPRO,2.79,10,"[1, 1, 1, 1, 1, 1, 1, 1, 1, 1]",2.56,2.32,3.04,0.65,518335.0
NNBR,2.22,8,"[1, 1, 1, 1, 0, 1, 1, 1, 1, 0]",1.89,1.79,2.8,1.14,1277375.0
CRDL,1.32,8,"[1, 1, 1, 1, 0, 1, 1, 1, 1, 0]",1.27,1.11,1.63,0.93,629200.0
AGEN,3.58,2,"[0, 0, 0, 1, 0, 0, 0, 0, 1, 0]",3.77,3.9,7.06,2.77,917200.0
JELD,1.47,4,"[1, 0, 0, 0, 0, 0, 1, 0, 1, 1]",1.36,3.17,6.76,0.95,1930490.0
EDSA,13.05,9,"[1, 1, 1, 1, 1, 1, 1, 0, 1, 1]",9.01,3.71,18.28,0.8,1076895.0
VWAV,5.59,2,"[0, 0, 0, 0, 0, 0, 1, 0, 1, 0]",6.39,8.99,14.18,2.3,619250.0
RDZN,1.77,8,"[1, 1, 1, 0, 1, 1, 1, 0, 1, 1]",1.37,1.41,2.41,0.83,905465.0
MBOT,1.85,2,"[0, 0, 0, 1, 0, 0, 0, 0, 1, 0]",2.35,2.52,4.5,1.62,1710825.0
QMCO,8.35,6,"[1, 1, 1, 0, 0, 0, 1, 0, 1, 1]",6.6,7.65,13.98,4.31,533345.0
MED,12.48,7,"[1, 1, 1, 0, 0, 0, 1, 1, 1, 1]",10.8,11.87,15.22,9.53,194530.0
GNLX,2.92,3,"[1, 0, 0, 0, 0, 0, 0, 0, 1, 1]",2.67,3.79,8.24,2.3,170590.0
EMPD,5.11,4,"[1, 1, 0, 0, 0, 0, 1, 0, 1, 0]",4.71,5.71,21.61,3.26,263155.0
GALT,2.17,2,"[0, 0, 0, 0, 0, 0, 1, 0, 1, 0]",2.55,3.91,6.51,1.24,303080.0
BNC,2.73,1,"[0, 0, 0, 0, 0, 0, 0, 0, 1, 0]",3.04,7.9,57.58,2.57,231005.0
SPWR,1.02,1,"[0, 0, 0, 0, 0, 0, 0, 0, 1, 0]",1.14,1.52,2.11,0.83,2631615.0
NTHI,5.5,5,"[0, 0, 0, 0, 1, 1, 1, 0, 1, 1]",6.28,8.23,12.09,3.35,115245.0
CODA,11.43,7,"[0, 1, 1, 1, 1, 1, 1, 0, 1, 0]",12.4,10.23,16.76,6.24,122740.0
SRFM,1.18,1,"[0, 0, 0, 0, 0, 0, 0, 0, 1, 0]",1.29,2.76,8.8,1.03,6280630.0
EQ,2.18,10,"[1, 1, 1, 1, 1, 1, 1, 1, 1, 1]",2.07,1.52,2.59,0.29,307570.0
TTEC,2.45,1,"[0, 0, 0, 0, 0, 0, 0, 0, 1, 0]",2.77,3.18,5.55,2.06,490415.0
DFDV,4.8,4,"[1, 0, 0, 0, 0, 0, 1, 0, 1, 1]",4.22,8.7,42.5,2.99,772225.0
BNAI,22.34,7,"[0, 1, 1, 1, 1, 1, 1, 0, 1, 0]",35.53,15.51,63.0,1.2,451140.0
TMCI,2.66,4,"[1, 0, 0, 0, 0, 0, 1, 0, 1, 1]",1.71,3.77,7.7,1.2,488865.0
CHGG,1.02,4,"[1, 1, 0, 0, 0, 0, 1, 0, 1, 0]",0.86,1.03,1.84,0.45,2711865.0
HSDT,2.3,4,"[1, 0, 0, 0, 0, 0, 1, 0, 1, 1]",2.07,5.22,240.5,1.7,205205.0
SAFX,0.42,2,"[0, 0, 0, 0, 0, 0, 1, 0, 1, 0]",0.44,0.68,36.22,0.14,13514155.0
AIFC,1.01,3,"[0, 0, 0, 0, 0, 0, 1, 0, 1, 1]",1.09,2.41,10.26,0.75,2883840.0
SUIG,1.6,4,"[1, 0, 0, 0, 0, 0, 1, 0, 1, 1]",1.44,2.68,7.45,1.14,394890.0
INVE,3.81,7,"[0, 1, 1, 1, 1, 1, 0, 0, 1, 1]",3.96,3.65,5.29,3.08,390455.0
GCTS,1.83,8,"[1, 1, 1, 1, 0, 0, 1, 1, 1, 1]",1.32,1.33,1.83,0.99,4283705.0
FFAI,0.36,4,"[1, 0, 0, 0, 0, 0, 1, 0, 1, 1]",0.34,1.11,3.0,0.22,53440210.0
PEPG,1.55,4,"[0, 0, 0, 0, 1, 1, 1, 0, 1, 0]",2.88,4.02,7.17,1.01,921635.0
BLNK,0.83,4,"[1, 0, 0, 0, 0, 0, 1, 0, 1, 1]",0.69,1.04,2.5,0.5,2905745.0
GUTS,0.86,4,"[1, 0, 0, 0, 0, 0, 1, 0, 1, 1]",0.56,1.13,2.88,0.39,2471385.0
INO,1.3,2,"[0, 0, 0, 0, 0, 0, 0, 0, 1, 1]",1.37,1.86,2.87,1.05,3397805.0
RANI,1.08,6,"[1, 0, 0, 0, 1, 1, 1, 0, 1, 1]",1.0,1.13,2.85,0.41,788305.0
CMTL,3.76,5,"[0, 0, 1, 0, 1, 1, 1, 0, 1, 0]",3.87,3.69,5.98,1.82,177160.0
VRA,3.25,8,"[0, 1, 1, 1, 1, 1, 1, 1, 1, 0]",3.62,2.67,4.26,1.78,224030.0
TUSK,3.2,9,"[1, 1, 1, 1, 0, 1, 1, 1, 1, 1]",2.52,2.27,3.27,1.73,409055.0
STIM,1.28,1,"[0, 0, 0, 0, 0, 0, 0, 0, 1, 0]",1.51,2.14,4.66,1.22,2678825.0
CUE,23.01,8,"[1, 1, 1, 1, 0, 1, 1, 0, 1, 1]",15.64,16.88,35.73,5.31,1449138.8
ARQ,2.62,4,"[1, 0, 0, 0, 0, 0, 1, 0, 1, 1]",2.33,4.43,7.73,1.64,317720.0
HCAT,1.19,1,"[0, 0, 0, 0, 0, 0, 0, 0, 1, 0]",1.32,2.34,4.16,1.0,584935.0
BMEA,1.35,3,"[0, 0, 0, 1, 0, 0, 1, 0, 1, 0]",1.55,1.51,2.9,0.96,1534035.0
CBUS,1.31,3,"[0, 0, 0, 1, 1, 0, 0, 0, 1, 0]",2.04,1.8,4.05,1.16,377615.0
GEOS,7.52,2,"[0, 0, 0, 0, 0, 0, 1, 0, 1, 0]",10.3,16.06,28.41,5.64,258175.0
HOVR,2.21,7,"[1, 1, 1, 0, 0, 1, 1, 0, 1, 1]",1.85,1.96,3.91,0.68,2126150.0
CGTX,1.14,4,"[1, 0, 0, 0, 0, 1, 1, 0, 1, 0]",1.09,1.42,3.18,0.24,1012895.0
FLL,2.67,4,"[1, 1, 0, 0, 0, 0, 0, 0, 1, 1]",2.54,2.79,4.95,2.15,179305.0
CYPH,1.09,8,"[1, 1, 1, 0, 1, 1, 1, 0, 1, 1]",0.85,0.8,2.97,0.24,3940660.0
DTI,3.01,6,"[0, 0, 1, 1, 1, 1, 1, 0, 1, 0]",3.48,2.85,4.49,1.81,366630.0
BTCS,1.83,3,"[1, 0, 0, 0, 0, 0, 1, 0, 1, 0]",1.79,3.03,6.5,1.29,1072840.0
ZVIA,1.33,3,"[1, 0, 0, 0, 0, 0, 0, 0, 1, 1]",1.25,2.08,3.64,1.13,714740.0
LAKE,9.53,2,"[1, 0, 0, 0, 0, 0, 0, 0, 1, 0]",9.25,11.96,,,102580.0
ALDX,1.68,2,"[0, 0, 0, 0, 0, 0, 1, 0, 1, 0]",2.11,4.4,5.89,1.24,1022140.0
SKLZ,6.18,6,"[1, 1, 1, 0, 0, 0, 1, 0, 1, 1]",4.39,5.57,12.45,2.28,3334545.0
EXFY,1.14,4,"[1, 0, 0, 0, 0, 0, 1, 0, 1, 1]",0.92,1.43,2.61,0.75,690255.0
ONCY,0.85,2,"[0, 0, 0, 0, 0, 0, 1, 0, 1, 0]",0.96,1.05,1.42,0.33,1236895.0
TEAD,0.95,5,"[1, 1, 0, 0, 0, 0, 1, 0, 1, 1]",0.78,1.08,3.11,0.59,332085.0
NRXP,3.28,8,"[1, 1, 1, 1, 0, 0, 1, 1, 1, 1]",2.47,2.5,3.67,1.68,1280530.0
OCCI,3.45,4,"[1, 0, 0, 0, 0, 0, 1, 0, 1, 1]",2.97,3.98,5.23,2.62,304565.0
SKBL,3.4,8,"[1, 1, 1, 1, 1, 1, 1, 0, 1, 0]",3.35,2.8,12.98,0.44,438180.0
SEAT,9.96,5,"[1, 1, 0, 0, 0, 0, 1, 0, 1, 1]",6.89,10.14,39.4,5.3,126565.0
ARBE,1.05,4,"[1, 0, 0, 0, 0, 0, 1, 0, 1, 1]",0.77,1.27,2.69,0.56,1535045.0
PODC,3.68,10,"[1, 1, 1, 1, 1, 1, 1, 1, 1, 1]",2.67,2.26,3.8,1.3,179545.0
TLYS,4.04,8,"[1, 1, 1, 1, 1, 1, 1, 0, 1, 0]",3.98,2.24,5.39,0.81,284085.0
UPXI,1.45,3,"[1, 0, 0, 0, 0, 0, 1, 0, 1, 0]",1.2,3.19,13.64,0.56,3336745.0
LGO,1.01,1,"[0, 0, 0, 0, 0, 0, 0, 0, 1, 0]",1.23,1.32,2.52,0.89,1192500.0
BAER,1.67,3,"[0, 0, 0, 0, 1, 1, 0, 0, 1, 0]",2.01,2.04,3.27,1.32,566840.0
FRMM,3.7,3,"[1, 0, 0, 0, 0, 0, 1, 0, 1, 0]",3.52,14.11,107.0,1.79,968650.0
GNSS,1.79,3,"[0, 0, 0, 0, 1, 1, 0, 0, 1, 0]",1.87,2.05,2.58,1.47,139745.0
ATYR,0.5,1,"[0, 0, 0, 0, 0, 0, 0, 0, 1, 0]",0.81,1.52,6.61,0.4,3052540.0
OCC,11.78,10,"[1, 1, 1, 1, 1, 1, 1, 1, 1, 1]",9.69,7.47,13.13,2.62,293675.0
QTTB,6.3,10,"[1, 1, 1, 1, 1, 1, 1, 1, 1, 1]",6.01,3.67,7.3,1.36,305215.0
STEX,0.96,1,"[0, 0, 0, 0, 0, 0, 0, 0, 1, 0]",1.24,3.45,11.55,0.76,1432860.0
AIRG,6.84,10,"[1, 1, 1, 1, 1, 1, 1, 1, 1, 1]",5.81,4.66,7.25,3.07,114875.0
LIDR,1.89,5,"[1, 0, 0, 0, 0, 1, 1, 0, 1, 1]",1.88,2.26,4.43,0.71,7002760.0
MXCT,1.04,4,"[1, 0, 0, 0, 0, 0, 1, 0, 1, 1]",0.82,1.26,2.39,0.68,983725.0
AGH,4.33,8,"[1, 1, 1, 0, 1, 1, 1, 0, 1, 1]",4.13,4.11,7.82,0.55,763440.0
AVD,2.75,3,"[0, 0, 0, 0, 0, 0, 1, 0, 1, 1]",2.9,4.36,5.81,2.06,220290.0
NAMM,1.48,3,"[0, 0, 0, 1, 0, 0, 1, 0, 1, 0]",2.18,2.4,31.22,0.92,486580.0
SPAI,4.35,3,"[0, 0, 0, 0, 0, 1, 1, 0, 1, 0]",4.37,5.17,8.95,2.4,401755.0
CLNN,7.14,8,"[1, 1, 1, 0, 1, 1, 1, 0, 1, 1]",6.09,6.37,12.5,2.37,1343170.0
BTMD,1.97,3,"[1, 0, 0, 0, 0, 0, 1, 0, 1, 0]",1.82,2.51,4.55,1.3,189305.0
GRWG,1.61,7,"[1, 1, 1, 0, 0, 1, 1, 0, 1, 1]",1.2,1.44,2.2,0.87,839140.0
DTCX,2.26,3,"[0, 0, 0, 0, 0, 0, 1, 0, 1, 1]",2.49,3.98,15.46,1.63,410545.0
PN,4.31,3,"[0, 0, 0, 0, 0, 0, 1, 0, 1, 1]",7.0,14.78,82.0,2.21,4396685.0
TCRX,1.0,1,"[0, 0, 0, 0, 0, 0, 0, 0, 1, 0]",1.12,1.36,2.52,0.9,946290.0
DOMH,3.32,4,"[1, 0, 0, 0, 0, 0, 1, 0, 1, 1]",2.84,3.92,6.22,2.53,187230.0
STEM,8.75,2,"[0, 0, 0, 0, 0, 0, 1, 0, 1, 0]",10.12,15.16,29.79,6.17,171415.0
ZTEK,0.69,5,"[1, 1, 0, 0, 0, 0, 1, 0, 1, 1]",0.59,0.72,1.61,0.42,200605.0
JFB,5.26,4,"[0, 0, 0, 0, 1, 1, 1, 0, 1, 0]",6.85,7.38,16.78,2.3,261460.0
ANVS,2.06,3,"[0, 0, 0, 0, 1, 0, 0, 0, 1, 1]",2.17,2.64,5.1,1.59,967855.0
ZSQR,9.25,4,"[0, 0, 0, 0, 1, 1, 1, 0, 1, 0]",12.64,13.76,18.8,7.05,155000.0
STSS,1.88,3,"[1, 0, 0, 0, 0, 0, 1, 0, 1, 0]",1.8,3.79,16.03,1.42,301120.0
ACRV,1.77,5,"[1, 0, 0, 0, 1, 1, 1, 0, 1, 0]",1.72,1.83,3.01,1.05,854735.0
AFCG,3.06,6,"[1, 1, 0, 1, 0, 0, 1, 0, 1, 1]",2.77,3.09,5.23,2.05,341090.0
PMVP,1.29,4,"[0, 0, 0, 1, 0, 1, 1, 0, 1, 0]",1.41,1.34,1.8,0.87,396470.0
MDAI,2.43,8,"[1, 1, 1, 1, 0, 0, 1, 1, 1, 1]",1.77,1.83,3.14,1.2,507245.0
SCYX,0.74,3,"[0, 0, 0, 1, 0, 1, 0, 0, 1, 0]",0.93,0.8,1.18,0.58,349355.0
BDMD,1.67,4,"[0, 1, 0, 1, 0, 0, 1, 0, 1, 0]",1.94,1.76,7.1,0.77,218035.0
CPSH,4.59,8,"[1, 1, 1, 1, 1, 1, 1, 0, 1, 0]",4.37,3.95,6.38,1.88,427795.0
OMEX,1.08,3,"[0, 0, 0, 0, 0, 0, 1, 0, 1, 1]",1.13,1.79,4.12,0.77,1379160.0
ATRA,9.58,5,"[1, 1, 0, 0, 0, 0, 1, 0, 1, 1]",5.75,10.2,18.09,4.18,4207300.0
FTCI,4.79,5,"[1, 0, 0, 0, 1, 0, 1, 0, 1, 1]",4.41,7.53,12.5,3.45,220415.0
CPIX,5.47,10,"[1, 1, 1, 1, 1, 1, 1, 1, 1, 1]",3.58,3.45,5.89,1.9,2890805.0
PDSB,1.34,7,"[1, 1, 1, 1, 0, 0, 1, 0, 1, 1]",0.92,0.94,1.79,0.54,983465.0
FLD,1.42,3,"[1, 0, 0, 0, 0, 0, 1, 0, 1, 0]",1.34,2.6,5.13,1.07,118860.0
RRGB,3.77,3,"[1, 0, 0, 0, 0, 0, 1, 0, 1, 0]",3.52,4.71,7.44,2.59,227800.0
LFVN,5.17,3,"[1, 0, 0, 0, 0, 0, 0, 0, 1, 1]",4.8,7.28,14.22,4.02,275570.0
XTIA,1.77,4,"[0, 0, 0, 1, 1, 0, 1, 0, 1, 0]",2.16,1.78,5.05,1.24,1341685.0
KLXE,3.92,10,"[1, 1, 1, 1, 1, 1, 1, 1, 1, 1]",2.96,2.22,4.27,1.53,348250.0
FEAM,1.93,4,"[1, 0, 0, 0, 0, 0, 1, 0, 1, 1]",1.64,3.22,7.03,1.22,256510.0
SNBR,1.55,2,"[0, 0, 0, 0, 0, 0, 1, 0, 1, 0]",2.58,6.66,12.37,1.1,3937070.0
CING,4.57,5,"[0, 0, 0, 1, 1, 1, 1, 0, 1, 0]",6.19,4.92,11.66,3.33,505650.0
IXHL,3.96,4,"[1, 0, 0, 0, 0, 0, 1, 0, 1, 1]",3.7,9.9,48.9,2.56,411795.0
IMMP,0.52,3,"[0, 0, 0, 0, 1, 0, 1, 0, 1, 0]",0.67,1.82,3.18,0.31,2186620.0
IBIO,1.47,5,"[0, 0, 0, 1, 1, 1, 1, 0, 1, 0]",1.97,1.61,3.07,0.57,1040295.0
ENTX,1.26,2,"[1, 0, 0, 0, 0, 0, 0, 0, 1, 0]",1.21,1.78,3.14,1.0,133440.0
EHTH,1.76,3,"[1, 0, 0, 0, 0, 0, 1, 0, 1, 0]",1.63,3.21,5.65,1.24,373330.0
PRTS,0.68,5,"[0, 1, 0, 1, 0, 1, 1, 0, 1, 0]",0.83,0.69,1.14,0.39,576210.0
VNCE,4.26,10,"[1, 1, 1, 1, 1, 1, 1, 1, 1, 1]",3.31,2.87,5.57,1.26,356210.0
HYFT,1.19,2,"[0, 0, 0, 0, 0, 0, 1, 0, 1, 0]",1.2,1.69,3.2,0.49,146135.0
BLNE,1.08,3,"[0, 0, 0, 0, 0, 1, 1, 0, 1, 0]",2.24,2.48,4.35,0.65,850760.0
PSIG,7.25,10,"[1, 1, 1, 1, 1, 1, 1, 1, 1, 1]",6.25,4.71,7.25,2.52,624950.0
BTM,2.93,2,"[0, 0, 0, 0, 0, 0, 1, 0, 1, 0]",4.32,13.53,45.36,2.02,560375.0
SPWH,1.32,1,"[0, 0, 0, 0, 0, 0, 0, 0, 1, 0]",1.41,1.99,4.16,1.13,721480.0
ONMD,0.84,4,"[0, 0, 0, 0, 1, 1, 1, 0, 1, 0]",0.89,1.14,3.14,0.32,955850.0
GRML,0.38,3,"[0, 0, 0, 1, 0, 0, 1, 0, 1, 0]",0.41,0.47,2.01,0.17,2997765.0
AMPG,2.95,5,"[1, 1, 0, 0, 0, 0, 1, 0, 1, 1]",2.25,3.1,4.73,1.76,759930.0
CHRN,17.2,10,"[1, 1, 1, 1, 1, 1, 1, 1, 1, 1]",11.56,7.34,17.92,2.82,251450.0
KZR,7.29,9,"[1, 1, 1, 1, 1, 1, 1, 1, 1, 0]",7.13,5.81,7.45,3.59,125152.4
IPWR,6.12,7,"[1, 1, 1, 0, 0, 0, 1, 1, 1, 1]",3.68,4.2,7.38,2.68,658765.0
SQNS,4.01,4,"[1, 0, 0, 0, 0, 0, 1, 0, 1, 1]",3.06,6.03,53.9,2.43,313390.0
ZEO,0.89,4,"[1, 0, 0, 0, 0, 0, 1, 0, 1, 1]",0.81,1.24,3.43,0.55,211620.0
MLGO,4.34,4,"[1, 0, 0, 0, 0, 0, 1, 0, 1, 1]",3.84,6.5,65.1,3.13,581260.0
STKE,2.03,5,"[1, 1, 0, 0, 0, 0, 1, 0, 1, 1]",1.35,3.08,23.12,0.89,313735.0
ILLR,0.2,2,"[0, 0, 0, 0, 0, 0, 1, 0, 1, 0]",0.22,0.42,1.48,0.03,1913695.0
VIVO,4.54,6,"[1, 1, 1, 0, 0, 0, 1, 0, 1, 1]",2.74,3.36,6.87,1.21,1809120.0
USEG,0.97,4,"[1, 0, 0, 0, 0, 0, 1, 0, 1, 1]",0.94,1.06,2.21,0.69,12816765.0
BWEN,4.52,9,"[1, 1, 1, 0, 1, 1, 1, 1, 1, 1]",2.39,2.55,4.52,1.66,1769000.0
COCH,0.65,2,"[0, 0, 0, 0, 0, 0, 1, 0, 1, 0]",0.7,0.84,1.72,0.39,118520.0
BIRD,4.41,3,"[0, 0, 0, 1, 0, 0, 1, 0, 1, 0]",4.97,5.3,16.99,2.39,1584635.0
BEAT,0.96,4,"[0, 0, 0, 0, 1, 0, 1, 0, 1, 1]",1.08,1.47,3.44,0.58,935900.0
RDAC,8.96,6,"[1, 1, 1, 0, 0, 0, 1, 0, 1, 1]",6.47,8.66,20.51,4.59,944925.0
FTEK,1.48,4,"[1, 0, 0, 0, 0, 0, 1, 0, 1, 1]",1.35,2.0,3.63,1.13,280315.0
PPSI,3.98,9,"[1, 1, 1, 0, 1, 1, 1, 1, 1, 1]",3.37,3.94,5.22,2.37,298720.0
TELA,0.9,4,"[1, 0, 0, 0, 0, 0, 1, 0, 1, 1]",0.77,1.15,2.14,0.56,268575.0
GAME,0.39,3,"[1, 0, 0, 0, 0, 0, 1, 0, 1, 0]",0.38,0.53,2.31,0.25,5280355.0
ARAY,0.27,1,"[0, 0, 0, 0, 0, 0, 0, 0, 1, 0]",0.41,0.98,1.85,0.27,3279445.0
ELUT,1.03,4,"[0, 1, 0, 1, 0, 0, 1, 0, 1, 0]",1.08,1.09,2.46,0.5,134060.0
FATN,4.1,6,"[1, 1, 1, 0, 0, 0, 1, 0, 1, 1]",2.38,3.51,11.58,1.45,2866150.0
FGNX,6.33,3,"[1, 0, 0, 0, 0, 0, 1, 0, 1, 0]",6.33,25.65,191.5,4.23,115375.0
PSTV,5.25,2,"[0, 0, 0, 0, 0, 0, 1, 0, 1, 0]",5.86,10.92,22.25,2.92,194400.0
HYPD,3.36,2,"[0, 0, 0, 0, 0, 0, 1, 0, 1, 0]",3.67,5.24,15.97,1.13,502595.0
ASTI,4.58,7,"[0, 1, 1, 1, 1, 1, 1, 0, 1, 0]",4.69,3.62,9.02,1.16,1084520.0
DARE,2.17,7,"[1, 1, 1, 1, 0, 1, 1, 0, 1, 0]",2.03,1.99,3.27,1.3,942400.0
ABLV,1.02,7,"[1, 1, 1, 0, 0, 0, 1, 1, 1, 1]",0.71,0.8,1.25,0.58,109585.0
ALGS,5.71,1,"[0, 0, 0, 0, 0, 0, 0, 0, 1, 0]",6.98,8.47,13.3,5.25,157810.0
BEEM,1.73,3,"[1, 0, 0, 0, 0, 0, 0, 0, 1, 1]",1.63,2.04,3.88,1.37,923080.0
SST,3.02,4,"[1, 0, 0, 0, 0, 0, 1, 0, 1, 1]",2.94,4.76,10.76,1.37,3655085.0
WKHS,2.98,2,"[0, 0, 0, 0, 0, 0, 0, 0, 1, 1]",3.04,8.46,53.04,2.34,307245.0
INMB,1.55,5,"[1, 1, 0, 0, 0, 0, 1, 0, 1, 1]",1.34,1.7,8.09,1.12,460060.0
PSQH,0.6,1,"[0, 0, 0, 0, 0, 0, 0, 0, 1, 0]",0.64,1.29,2.83,0.49,366600.0
HCHL,3.44,6,"[1, 1, 1, 0, 0, 0, 1, 0, 1, 1]",1.67,2.72,5.6,1.0,260305.0
GRCE,2.16,3,"[0, 0, 0, 1, 1, 0, 0, 0, 1, 0]",3.6,3.39,5.13,2.1,1047675.0
BGDE,6.05,3,"[1, 0, 0, 0, 0, 0, 1, 0, 1, 0]",4.26,8.01,33.6,1.71,238795.0
TRAW,1.88,5,"[1, 0, 0, 0, 1, 0, 1, 0, 1, 1]",1.68,1.89,3.13,1.09,6252625.0
AERT,0.69,6,"[1, 1, 1, 0, 0, 0, 1, 0, 1, 1]",0.5,0.58,1.33,0.29,218210.0
BOLD,1.49,9,"[1, 1, 1, 1, 1, 1, 1, 1, 1, 0]",1.33,1.23,1.69,1.01,148435.0
ARAI,0.67,1,"[0, 0, 0, 0, 0, 0, 0, 0, 1, 0]",0.84,3.03,12.15,0.58,2497525.0
ABVE,0.51,2,"[0, 0, 0, 0, 0, 0, 1, 0, 1, 0]",0.8,1.93,5.28,0.37,4954110.0
AGPU,5.85,5,"[1, 1, 0, 0, 0, 0, 1, 0, 1, 1]",3.96,7.37,18.0,1.41,4785415.0
MNTS,5.45,3,"[1, 0, 0, 0, 0, 0, 1, 0, 1, 0]",4.72,12.89,35.18,3.23,2290700.0
BZFD,1.49,6,"[1, 1, 1, 0, 0, 0, 1, 0, 1, 1]",0.76,1.2,2.56,0.57,8511225.0
SKYE,0.81,4,"[1, 0, 0, 0, 0, 0, 1, 0, 1, 1]",0.77,1.64,4.75,0.58,209090.0
QCLS,4.33,5,"[1, 1, 0, 0, 0, 0, 1, 0, 1, 1]",3.81,4.63,19.9,2.76,584750.0
UPLD,0.73,4,"[1, 0, 0, 0, 0, 0, 1, 0, 1, 1]",0.66,1.56,2.96,0.51,411355.0
SOWG,2.0,2,"[0, 0, 0, 0, 0, 0, 1, 0, 1, 0]",4.41,8.58,23.25,1.13,891877.3
LASE,0.88,2,"[0, 0, 0, 0, 0, 0, 1, 0, 1, 0]",0.94,2.35,6.51,0.6,1942050.0
QNTM,6.81,5,"[1, 1, 0, 0, 0, 0, 1, 0, 1, 1]",3.98,9.69,35.0,2.1,452760.0
DBGI,1.12,1,"[0, 0, 0, 0, 0, 0, 0, 0, 1, 0]",1.92,6.94,17.78,1.04,531660.0
AIFF,1.7,4,"[0, 1, 0, 1, 0, 0, 1, 0, 1, 0]",1.97,1.88,3.48,0.64,740635.0
VEEA,0.56,2,"[0, 0, 0, 0, 0, 0, 1, 0, 1, 0]",0.58,0.63,2.48,0.38,185515.0
SPPL,2.87,4,"[1, 0, 0, 0, 0, 0, 1, 0, 1, 1]",2.25,3.69,6.62,1.8,1794420.0
OTLK,0.23,1,"[0, 0, 0, 0, 0, 0, 0, 0, 1, 0]",0.28,1.02,2.97,0.2,4956210.0
EVTV,2.33,8,"[1, 1, 1, 1, 0, 1, 1, 0, 1, 1]",1.75,1.7,4.08,0.36,422800.0
FEMY,0.36,2,"[0, 0, 0, 0, 1, 0, 0, 0, 1, 0]",0.45,0.59,1.08,0.34,418620.0
JSPR,0.85,1,"[0, 0, 0, 0, 0, 0, 0, 0, 1, 0]",1.0,1.79,6.82,0.67,283445.0
UFG,0.77,1,"[0, 0, 0, 0, 0, 0, 0, 0, 1, 0]",0.9,2.03,9.65,0.68,112920.0
DFLI,1.85,2,"[0, 0, 0, 0, 1, 0, 0, 0, 1, 0]",2.1,4.81,19.7,1.54,517460.0
ALLR,1.35,8,"[1, 1, 1, 1, 0, 1, 1, 0, 1, 1]",1.28,1.24,1.97,0.8,225120.0
FMST,1.76,1,"[0, 0, 0, 0, 0, 0, 0, 0, 1, 0]",1.81,2.52,5.42,1.55,136065.0
VTGN,0.62,2,"[1, 0, 0, 0, 0, 0, 0, 0, 1, 0]",0.6,2.13,4.9,0.51,1208370.0
SDST,2.24,1,"[0, 0, 0, 0, 0, 0, 0, 0, 1, 0]",2.65,3.49,7.09,1.81,313565.0
LTRN,3.14,5,"[1, 1, 0, 0, 0, 0, 1, 0, 1, 1]",2.22,3.34,5.32,1.12,301100.0
MVO,2.13,3,"[0, 0, 0, 1, 0, 0, 1, 0, 1, 0]",2.35,2.93,5.29,0.91,218545.0
GWH,0.91,2,"[0, 0, 0, 0, 1, 0, 0, 0, 1, 0]",1.15,2.0,9.05,0.77,1106290.0
ONEG,0.92,1,"[0, 0, 0, 0, 0, 0, 0, 0, 1, 0]",3.47,5.75,12.99,0.85,2388495.0
MOBX,2.25,2,"[0, 0, 0, 0, 0, 0, 1, 0, 1, 0]",3.7,5.48,12.1,1.46,9096710.0
GRDX,3.87,8,"[1, 1, 1, 0, 1, 1, 1, 0, 1, 1]",2.42,3.05,5.63,1.1,137345.0
QNCX,1.15,2,"[0, 0, 0, 0, 0, 0, 1, 0, 1, 0]",1.18,14.82,44.0,0.8,1054695.0
AUID,1.17,3,"[0, 0, 0, 0, 0, 0, 1, 0, 1, 1]",1.27,2.03,5.66,0.86,174120.0
SNAL,1.16,6,"[1, 1, 1, 0, 0, 0, 1, 0, 1, 1]",0.64,0.84,1.7,0.38,19148060.0
COCP,1.2,5,"[0, 1, 1, 1, 0, 0, 1, 0, 1, 0]",1.27,1.2,1.94,0.86,136480.0
KTTA,0.78,6,"[1, 0, 0, 0, 1, 1, 1, 0, 1, 1]",0.77,0.82,1.47,0.29,421550.0
LGVN,0.67,3,"[0, 0, 0, 1, 0, 0, 1, 0, 1, 0]",0.94,0.77,1.74,0.48,447995.0
LPCN,2.26,2,"[0, 0, 0, 0, 1, 0, 0, 0, 1, 0]",4.37,4.77,11.26,1.94,153095.0
SAGT,0.93,1,"[0, 0, 0, 0, 0, 0, 0, 0, 1, 0]",1.92,2.0,3.98,0.93,5647490.0
OSRH,0.57,3,"[1, 0, 0, 0, 0, 0, 1, 0, 1, 0]",0.55,0.59,1.67,0.4,17894740.0
OFAL,0.57,3,"[0, 0, 0, 0, 0, 0, 1, 0, 1, 1]",0.57,0.83,5.26,0.36,353095.0
SEGG,1.87,5,"[1, 1, 0, 0, 0, 0, 1, 0, 1, 1]",0.91,2.75,18.8,0.51,5969065.0
ENGS,1.55,4,"[1, 0, 0, 0, 0, 0, 1, 0, 1, 1]",1.16,2.82,12.22,0.64,196585.0
AGAE,0.4,3,"[1, 0, 0, 0, 0, 0, 1, 0, 1, 0]",0.4,0.61,3.55,0.26,2450165.0
NIXX,0.59,1,"[0, 0, 0, 0, 0, 0, 0, 0, 1, 0]",0.73,1.12,2.36,0.49,494345.0
TOMZ,0.78,5,"[1, 1, 0, 0, 0, 0, 1, 0, 1, 1]",0.65,0.79,1.15,0.53,1560690.0
AIIO,4.02,4,"[1, 0, 0, 0, 0, 0, 1, 0, 1, 1]",1.53,13.04,54.4,0.59,30153250.0
SCNX,0.4,4,"[1, 0, 0, 0, 0, 0, 1, 0, 1, 1]",0.4,0.69,2.6,0.24,395235.0
GFAI,0.46,1,"[0, 0, 0, 0, 0, 0, 0, 0, 1, 0]",0.5,0.78,1.42,0.39,404710.0
LEXX,0.59,1,"[0, 0, 0, 0, 0, 0, 0, 0, 1, 0]",0.8,0.87,1.53,0.53,196065.0
NWGL,0.82,2,"[0, 0, 0, 0, 0, 0, 1, 0, 1, 0]",0.94,1.22,5.63,0.63,134590.0
TBH,0.82,5,"[1, 1, 0, 0, 0, 0, 1, 0, 1, 1]",0.48,0.83,2.4,0.23,639170.0
SKYQ,3.07,4,"[0, 0, 0, 1, 0, 1, 1, 0, 1, 0]",5.07,3.81,12.59,1.79,2520720.0
TURB,1.36,3,"[0, 0, 0, 1, 0, 0, 1, 0, 1, 0]",2.26,2.32,12.4,0.61,781115.0
AKAN,20.48,5,"[1, 1, 0, 0, 0, 0, 1, 0, 1, 1]",11.76,32.96,107.43,2.68,6709165.0
MDCX,0.3,1,"[0, 0, 0, 0, 0, 0, 0, 0, 1, 0]",0.4,1.54,7.78,0.28,2344850.0
BFRI,0.8,4,"[0, 0, 0, 1, 0, 1, 1, 0, 1, 0]",0.98,0.92,1.16,0.56,209755.0
MBRX,2.11,1,"[0, 0, 0, 0, 0, 0, 0, 0, 1, 0]",2.34,7.13,24.85,1.96,204775.0
SKK,4.77,6,"[1, 1, 1, 0, 0, 0, 1, 0, 1, 1]",2.98,3.43,12.19,1.66,2241615.0
HOTH,0.63,1,"[0, 0, 0, 0, 0, 0, 0, 0, 1, 0]",0.77,1.13,2.07,0.51,367525.0
PHIO,1.07,1,"[0, 0, 0, 0, 0, 0, 0, 0, 1, 0]",1.21,1.52,2.96,0.86,148025.0
BFRG,0.59,1,"[0, 0, 0, 0, 0, 0, 0, 0, 1, 0]",0.8,0.99,1.9,0.46,477705.0
APRE,0.93,3,"[1, 0, 0, 0, 0, 0, 1, 0, 1, 0]",0.82,1.11,2.08,0.59,209135.0
LNAI,0.26,2,"[0, 0, 0, 0, 0, 0, 1, 0, 1, 0]",0.34,1.05,3.81,0.18,8495680.0
STFS,10.75,5,"[1, 1, 0, 0, 0, 0, 1, 0, 1, 1]",4.94,11.04,95.2,3.12,526470.0
ATER,1.09,6,"[1, 1, 1, 0, 0, 0, 1, 0, 1, 1]",0.77,0.84,1.76,0.54,13882050.0
GTBP,0.39,4,"[1, 0, 0, 0, 0, 0, 1, 0, 1, 1]",0.39,0.7,3.8,0.27,1634655.0
XWEL,1.47,9,"[1, 1, 1, 1, 0, 1, 1, 1, 1, 1]",1.28,0.95,1.7,0.29,105520.0
LHSW,0.23,4,"[1, 0, 0, 0, 0, 0, 1, 0, 1, 1]",0.2,1.15,3.03,0.14,2654495.0
BIVI,1.31,2,"[0, 0, 0, 1, 0, 0, 0, 0, 1, 0]",1.45,1.61,11.9,1.06,103370.0
RVPH,0.33,1,"[0, 0, 0, 0, 0, 0, 0, 0, 1, 0]",1.13,6.93,22.4,0.33,1008027.4
YYGH,1.03,2,"[0, 0, 0, 0, 0, 0, 1, 0, 1, 0]",1.68,22.83,169.5,0.74,334805.0
NOTV,0.29,2,"[0, 0, 0, 0, 0, 0, 0, 0, 1, 1]",0.31,0.86,3.01,0.23,681375.0
GDC,0.15,1,"[0, 0, 0, 0, 0, 0, 0, 0, 1, 0]",3.04,4.07,9.73,0.14,51237245.0
TDIC,1.04,3,"[0, 0, 0, 0, 0, 0, 1, 0, 1, 1]",1.33,6.63,36.35,0.57,26192185.0
BIAF,1.88,3,"[0, 0, 0, 1, 0, 0, 1, 0, 1, 0]",2.69,3.09,12.0,0.75,381845.0
CODX,1.28,1,"[0, 0, 0, 0, 0, 0, 0, 0, 1, 0]",1.9,6.73,37.8,1.28,749740.0
ELPW,0.95,1,"[0, 0, 0, 0, 0, 0, 0, 0, 1, 0]",3.18,527.72,8896.0,0.95,11460850.0
CETX,0.8,2,"[0, 0, 0, 0, 0, 0, 1, 0, 1, 0]",0.91,5.07,36.45,0.51,454765.0
ERNA,13.63,4,"[1, 0, 0, 0, 0, 0, 1, 0, 1, 1]",6.15,24.27,90.0,3.74,4984657.2
YMAT,1.6,6,"[1, 1, 1, 0, 0, 0, 1, 0, 1, 1]",0.39,1.1,5.74,0.24,20309290.0
FBGL,0.54,3,"[0, 0, 0, 0, 1, 0, 1, 0, 1, 0]",0.61,0.71,1.38,0.38,152915.0
GLE,0.4,4,"[1, 0, 0, 0, 0, 0, 1, 0, 1, 1]",0.4,0.53,3.6,0.26,11961305.0
BNZI,7.66,2,"[0, 0, 0, 0, 0, 0, 1, 0, 1, 0]",13.61,33.65,216.0,4.4,200318.5
AIXI,11.3,9,"[1, 1, 1, 1, 0, 1, 1, 1, 1, 1]",1.7,1.1,12.14,0.1,19282395.0
MYSE,1.81,2,"[0, 0, 0, 0, 0, 0, 1, 0, 1, 0]",2.0,2.12,3.81,1.33,610235.0
FMFC,0.41,2,"[0, 0, 0, 0, 0, 0, 1, 0, 1, 0]",0.43,3.55,15.48,0.27,102865.0
LOBO,0.75,8,"[1, 1, 1, 0, 1, 1, 1, 0, 1, 1]",0.56,0.65,1.2,0.36,11439965.0
RMSG,1.29,3,"[1, 0, 0, 0, 0, 0, 1, 0, 1, 0]",1.15,1.73,5.21,0.35,2512125.0
MGRX,0.44,4,"[1, 0, 0, 0, 0, 0, 1, 0, 1, 1]",0.38,1.16,2.74,0.16,811420.0
POLA,1.63,1,"[0, 0, 0, 0, 0, 0, 0, 0, 1, 0]",1.78,2.29,5.27,1.35,369610.0
ANY,2.29,4,"[1, 0, 0, 0, 0, 0, 1, 0, 1, 1]",1.59,4.12,10.5,1.09,193865.0
SMTK,0.22,2,"[0, 0, 0, 0, 0, 0, 1, 0, 1, 0]",0.27,1.03,2.83,0.17,1218845.0
UGRO,4.63,3,"[0, 0, 0, 1, 0, 0, 1, 0, 1, 0]",9.94,8.53,36.29,2.18,163455.0
ONFO,0.88,5,"[0, 1, 0, 1, 0, 1, 1, 0, 1, 0]",0.9,0.89,1.5,0.47,591795.0
CREG,0.48,2,"[0, 0, 0, 0, 0, 0, 1, 0, 1, 0]",0.6,1.16,7.4,0.18,40710670.0
FABC,3.82,6,"[1, 1, 1, 0, 0, 0, 1, 0, 1, 1]",2.78,3.82,8.41,1.78,5861830.0
SILO,0.4,2,"[0, 0, 0, 0, 0, 0, 1, 0, 1, 0]",0.41,0.48,0.81,0.28,2664310.0
OLB,0.44,2,"[0, 0, 0, 0, 0, 0, 1, 0, 1, 0]",0.52,0.9,2.26,0.34,416295.0
CNSP,4.95,4,"[1, 0, 0, 0, 0, 0, 1, 0, 1, 1]",3.27,5.8,15.48,2.13,4339870.0
AEHL,3.61,4,"[1, 0, 0, 0, 0, 0, 1, 0, 1, 1]",1.35,10.6,25.98,0.49,27511280.0
SNYR,0.29,1,"[0, 0, 0, 0, 0, 0, 0, 0, 1, 0]",0.75,1.84,3.97,0.28,905885.0
BTQ,2.93,4,"[1, 0, 0, 0, 1, 0, 1, 0, 1, 0]",2.88,2.93,14.14,2.15,2200630.0
WXM,0.58,4,"[1, 0, 0, 0, 0, 0, 1, 0, 1, 1]",0.49,1.45,3.9,0.4,329080.0
PBM,4.91,3,"[1, 0, 0, 0, 0, 0, 1, 0, 1, 0]",4.38,62.31,449.22,2.23,2785985.0
ENVB,2.25,2,"[0, 0, 0, 0, 0, 0, 0, 0, 1, 1]",2.62,5.95,17.4,1.79,11193265.0
SUNE,1.65,6,"[0, 1, 1, 1, 0, 0, 1, 0, 1, 1]",1.65,1.43,3.17,0.78,356115.0
ALP,0.33,4,"[1, 0, 0, 0, 0, 0, 1, 0, 1, 1]",0.31,2.86,10.91,0.18,44100240.0
GP,1.09,4,"[1, 0, 0, 0, 0, 0, 1, 0, 1, 1]",1.02,1.81,4.65,0.76,1303465.0
GSUN,0.43,2,"[0, 0, 0, 0, 0, 0, 1, 0, 1, 0]",0.52,1.55,3.49,0.33,1533105.0
RENX,2.08,2,"[0, 0, 0, 0, 0, 0, 1, 0, 1, 0]",2.45,12.43,38.6,1.58,512580.0
WNW,3.12,1,"[0, 0, 0, 0, 0, 0, 0, 0, 1, 0]",31.57,133.51,280.4,3.12,561610.0
GOVX,1.23,1,"[0, 0, 0, 0, 0, 0, 0, 0, 1, 0]",1.39,8.24,33.0,1.05,527760.0
JTAI,6.96,1,"[0, 0, 0, 0, 0, 0, 0, 0, 1, 0]",11.8,285.3,908.0,5.71,438835.0
NCI,1.06,5,"[0, 0, 0, 1, 1, 0, 1, 0, 1, 1]",3.11,2.21,12.0,0.49,952905.0
SOBR,1.36,4,"[1, 0, 0, 0, 0, 0, 1, 0, 1, 1]",0.84,2.02,4.74,0.5,20925625.0
MNDR,0.99,3,"[1, 0, 0, 0, 0, 0, 0, 0, 1, 1]",0.93,2.17,7.15,0.79,6343755.0
NCRA,0.21,1,"[0, 0, 0, 0, 0, 0, 0, 0, 1, 0]",0.23,0.93,1.97,0.19,1782160.0
CNEY,0.76,4,"[1, 0, 0, 0, 0, 0, 1, 0, 1, 1]",0.63,1.31,2.99,0.37,686255.0
PMAX,3.19,3,"[0, 0, 0, 0, 0, 0, 1, 0, 1, 1]",3.69,19.21,41.04,1.99,3441965.0
GLMD,0.6,1,"[0, 0, 0, 0, 0, 0, 0, 0, 1, 0]",0.62,0.99,2.33,0.47,167635.0
OCG,2.23,3,"[1, 0, 0, 0, 0, 0, 1, 0, 1, 0]",2.02,1090.95,6589.92,1.65,2415141.75
SHPH,0.67,1,"[0, 0, 0, 0, 0, 0, 0, 0, 1, 0]",0.85,2.14,5.57,0.54,2380000.0
LMFA,0.23,1,"[0, 0, 0, 0, 0, 0, 0, 0, 1, 0]",0.28,0.79,4.93,0.22,483905.0
VIVK,1.35,1,"[0, 0, 0, 0, 0, 0, 0, 0, 1, 0]",2.24,41.47,220.5,1.16,651815.0
UCAR,1.3,2,"[0, 0, 0, 0, 0, 0, 1, 0, 1, 0]",2.48,14.27,45.1,0.38,3394875.0
IVDA,0.32,3,"[1, 0, 0, 0, 0, 0, 0, 0, 1, 1]",0.29,0.91,2.68,0.25,357795.0
MASK,1.62,2,"[0, 0, 0, 0, 0, 0, 1, 0, 1, 0]",2.1,9.43,92.75,1.24,4890475.0
VRAX,0.15,3,"[0, 0, 0, 0, 0, 0, 1, 0, 1, 1]",0.16,0.41,1.11,0.1,4430875.0
SGLY,0.44,3,"[1, 0, 0, 0, 0, 0, 0, 0, 1, 1]",0.42,0.67,1.39,0.36,112595.0
ORKT,1.02,2,"[0, 0, 0, 0, 0, 0, 1, 0, 1, 0]",1.03,1.47,3.2,0.67,108495.0
VBIO,0.88,1,"[0, 0, 0, 0, 0, 0, 0, 0, 1, 0]",1.01,1.89,4.45,0.75,365620.0
MGN,0.16,2,"[0, 0, 0, 0, 1, 0, 0, 0, 1, 0]",1.15,0.16,4.85,0.14,1179395.0
BIYA,0.9,1,"[0, 0, 0, 0, 0, 0, 0, 0, 1, 0]",1.3,7.02,137.0,0.77,18412655.0
HCWB,1.22,4,"[1, 0, 0, 0, 0, 0, 1, 0, 1, 1]",0.46,2.17,9.18,0.27,23379605.0
JDZG,2.21,4,"[1, 0, 0, 0, 0, 0, 1, 0, 1, 1]",1.76,29.38,116.8,1.08,195965.0
NVVE,0.41,2,"[0, 0, 0, 0, 0, 0, 1, 0, 1, 0]",0.6,6.43,60.4,0.29,552290.0
GV,0.24,3,"[0, 0, 0, 0, 0, 0, 1, 0, 1, 1]",0.29,1.18,2.8,0.16,5596260.0
ASBP,5.61,5,"[1, 1, 0, 0, 0, 0, 1, 0, 1, 1]",1.19,7.2,28.24,0.16,38297440.0
SDOT,0.19,1,"[0, 0, 0, 0, 0, 0, 0, 0, 1, 0]",1.37,4.08,19.3,0.19,30094095.0
ICON,1.52,4,"[1, 0, 0, 0, 0, 0, 1, 0, 1, 1]",1.1,5.04,16.3,0.81,135755.0
BTX,8.59,8,"[1, 1, 1, 1, 1, 1, 0, 0, 1, 1]",7.17,6.65,,,691305.0
