ticker,price,score,points,sma50,sma200,wk52_high,wk52_low,volume
TCBI,99.74,10,"[1, 1, 1, 1, 1, 1, 1, 1, 1, 1]",98.9,92.89,105.77,71.99,408510.95
TPC,74.29,7,"[0, 0, 1, 1, 1, 1, 1, 1, 1, 0]",81.18,71.74,97.23,38.35,614928.9
ENVA,163.57,9,"[1, 1, 1, 1, 1, 1, 1, 1, 1, 0]",157.2,140.6,174.9,92.85,182595.6
PLUG,4.09,10,"[1, 1, 1, 1, 1, 1, 1, 1, 1, 1]",3.12,2.49,4.14,0.87,94310389.3
HNGE,58.48,9,"[1, 1, 1, 1, 0, 1, 1, 1, 1, 1]",46.74,47.38,60.92,31.17,1996564.9
WHD,60.09,8,"[1, 1, 1, 1, 1, 1, 0, 0, 1, 1]",54.57,47.64,,,748439.8
PTEN,11.73,7,"[1, 1, 1, 1, 1, 1, 0, 0, 1, 0]",11.21,7.7,,,7267801.75
SMR,13.95,4,"[1, 0, 0, 0, 0, 0, 1, 0, 1, 1]",11.54,22.19,53.43,9.16,34839546.5
CMBT,15.36,10,"[1, 1, 1, 1, 1, 1, 1, 1, 1, 1]",13.96,11.34,17.26,7.81,1960049.65
CNO,46.85,10,"[1, 1, 1, 1, 1, 1, 1, 1, 1, 1]",44.17,41.49,47.84,35.04,778817.55
CNR,94.57,10,"[1, 1, 1, 1, 1, 1, 1, 1, 1, 1]",91.81,87.25,113.11,64.95,728780.5
ZETA,25.25,8,"[1, 1, 1, 0, 0, 1, 1, 1, 1, 1]",17.6,18.64,25.25,12.16,9702968.85
NVTS,25.86,10,"[1, 1, 1, 1, 1, 1, 1, 1, 1, 1]",16.37,10.68,31.79,5.54,36630152.75
FHI,56.11,10,"[1, 1, 1, 1, 1, 1, 1, 1, 1, 1]",55.88,52.82,57.89,40.81,773966.0
COLD,14.98,8,"[1, 1, 1, 1, 0, 0, 1, 1, 1, 1]",12.98,12.46,16.56,9.75,5109336.15
LMND,58.06,5,"[0, 0, 0, 0, 1, 1, 1, 0, 1, 1]",59.77,64.01,96.57,35.09,1451253.4
AMRX,12.65,6,"[0, 0, 1, 0, 1, 1, 1, 1, 1, 0]",12.67,12.05,15.19,7.17,1554205.85
LPL,5.74,9,"[1, 1, 1, 1, 0, 1, 1, 1, 1, 1]",4.53,4.51,5.74,3.15,1993565.5
TREX,41.59,6,"[1, 1, 0, 1, 0, 0, 1, 0, 1, 1]",39.19,43.16,68.49,30.13,2125819.5
DOO,61.18,7,"[1, 0, 0, 0, 1, 1, 1, 1, 1, 1]",60.95,66.66,81.45,44.77,297171.15
MTRN,230.0,10,"[1, 1, 1, 1, 1, 1, 1, 1, 1, 1]",182.04,142.43,230.0,76.5,293248.9
XMTR,85.0,10,"[1, 1, 1, 1, 1, 1, 1, 1, 1, 1]",60.8,56.13,95.32,30.16,1205426.45
NP,25.08,6,"[0, 0, 0, 1, 1, 0, 1, 1, 1, 1]",26.35,25.08,30.68,17.14,1035497.55
LASR,76.36,10,"[1, 1, 1, 1, 1, 1, 1, 1, 1, 1]",70.18,47.12,84.95,16.36,1390153.7
CAAP,27.05,9,"[1, 1, 1, 0, 1, 1, 1, 1, 1, 1]",25.42,24.13,30.35,17.49,218484.2
TNL,71.57,9,"[1, 1, 1, 0, 1, 1, 1, 1, 1, 1]",68.65,66.83,78.74,46.6,821665.4
PVH,97.21,9,"[1, 1, 1, 1, 0, 1, 1, 1, 1, 1]",85.73,77.41,98.81,60.87,981171.85
LBTYA,12.21,9,"[1, 1, 1, 1, 1, 1, 0, 1, 1, 1]",12.11,11.56,13.03,9.59,1576184.6
CRGY,11.99,8,"[0, 1, 1, 1, 1, 1, 1, 1, 1, 0]",12.77,10.02,13.79,7.6,7746639.8
COCO,74.45,10,"[1, 1, 1, 1, 1, 1, 1, 1, 1, 1]",61.09,51.21,79.23,32.3,1108036.35
POWI,84.19,10,"[1, 1, 1, 1, 1, 1, 1, 1, 1, 1]",65.56,47.56,86.85,30.52,1471316.2
LEU,199.13,3,"[1, 0, 0, 0, 0, 0, 1, 0, 1, 0]",193.38,248.83,436.0,131.45,913769.2
KTB,70.15,7,"[0, 1, 0, 1, 0, 1, 1, 1, 1, 1]",70.84,70.95,85.05,53.7,885991.25
MRX,51.0,9,"[1, 1, 1, 1, 1, 1, 1, 1, 1, 0]",50.54,39.44,58.08,27.92,937255.75
ARIS,17.6,9,"[0, 1, 1, 1, 1, 1, 1, 1, 1, 1]",18.69,15.17,22.68,6.3,1250907.4
DLO,11.73,3,"[0, 0, 0, 0, 0, 1, 0, 1, 1, 0]",12.66,13.34,15.57,9.65,3054252.85
GFF,84.88,8,"[1, 1, 1, 1, 1, 1, 0, 1, 1, 0]",83.05,78.66,94.36,66.26,362371.1
TDW,74.91,8,"[0, 1, 1, 1, 1, 1, 1, 1, 1, 0]",82.87,65.28,91.12,42.1,737341.45
OPLN,38.24,10,"[1, 1, 1, 1, 1, 1, 1, 1, 1, 1]",32.57,29.24,38.24,22.11,1135606.8
KAI,321.51,8,"[1, 1, 1, 1, 0, 0, 1, 1, 1, 1]",314.21,307.55,357.4,246.93,170694.05
TPH,46.95,10,"[1, 1, 1, 1, 1, 1, 1, 1, 1, 1]",46.71,37.57,46.97,29.84,2270447.8
BBWI,18.72,3,"[1, 0, 0, 0, 0, 0, 0, 0, 1, 1]",18.63,21.97,32.73,14.73,6680774.45
TVTX,42.96,9,"[1, 1, 1, 1, 1, 1, 1, 1, 1, 0]",38.9,31.7,47.76,14.09,2481730.85
CRNX,32.61,3,"[0, 0, 0, 0, 1, 1, 0, 0, 1, 0]",37.68,41.5,56.43,26.85,1299931.85
LIVN,73.33,10,"[1, 1, 1, 1, 1, 1, 1, 1, 1, 1]",66.67,61.27,75.42,41.13,880778.35
NVST,22.94,5,"[0, 0, 0, 1, 1, 1, 0, 1, 1, 0]",25.37,23.27,30.26,18.43,4243036.0
ACMR,91.92,10,"[1, 1, 1, 1, 1, 1, 1, 1, 1, 1]",56.85,45.79,92.86,23.1,2018271.35
UCTT,90.21,10,"[1, 1, 1, 1, 1, 1, 1, 1, 1, 1]",76.47,45.15,91.58,19.87,1121234.45
HGV,52.06,9,"[1, 1, 1, 1, 0, 1, 1, 1, 1, 1]",45.8,44.57,53.1,36.99,803508.45
PII,68.25,7,"[1, 1, 1, 0, 1, 1, 0, 0, 1, 1]",60.7,61.38,,,817992.85
SKE,30.93,10,"[1, 1, 1, 1, 1, 1, 1, 1, 1, 1]",30.66,25.11,38.12,13.88,613712.25
EE,32.74,8,"[0, 1, 1, 1, 1, 1, 1, 1, 1, 0]",34.21,30.72,42.7,22.84,396025.2
ORKA,55.23,7,"[0, 1, 1, 1, 1, 1, 1, 0, 1, 0]",60.65,35.63,76.39,10.9,1365845.05
VSCO,54.3,9,"[1, 1, 1, 0, 1, 1, 1, 1, 1, 1]",49.63,44.43,65.9,17.7,2433960.0
RNG,46.37,9,"[1, 1, 1, 1, 1, 1, 1, 1, 1, 0]",40.67,32.7,49.1,23.58,2104105.65
CATY,57.7,10,"[1, 1, 1, 1, 1, 1, 1, 1, 1, 1]",54.12,49.82,57.73,41.02,392498.15
ACAD,20.89,2,"[0, 0, 0, 0, 1, 0, 0, 0, 1, 0]",21.77,23.54,28.06,20.06,1692326.65
CPRX,31.27,10,"[1, 1, 1, 1, 1, 1, 1, 1, 1, 1]",28.0,23.77,31.33,19.13,3296928.65
DAN,36.56,10,"[1, 1, 1, 1, 1, 1, 1, 1, 1, 1]",35.01,26.98,38.79,15.11,963539.35
EWTX,37.25,10,"[1, 1, 1, 1, 1, 1, 1, 1, 1, 1]",33.03,24.75,40.26,12.61,1560658.9
TAC,14.34,8,"[1, 1, 1, 0, 0, 1, 1, 1, 1, 1]",13.07,13.53,17.66,10.06,1396336.1
SOUN,8.82,3,"[1, 0, 0, 0, 0, 0, 1, 0, 1, 0]",7.85,11.29,21.4,5.9,28909501.95
JOE,63.58,7,"[0, 0, 1, 1, 1, 1, 1, 1, 1, 0]",65.37,60.43,72.62,44.32,217115.65
HP,39.36,9,"[1, 1, 1, 1, 1, 1, 1, 1, 1, 0]",37.49,29.93,41.53,14.61,1221490.85
INDB,79.12,10,"[1, 1, 1, 1, 1, 1, 1, 1, 1, 1]",77.68,73.85,85.26,59.01,323271.4
FG,27.48,4,"[1, 0, 0, 0, 0, 0, 1, 1, 1, 0]",26.93,28.88,34.62,20.46,1158039.35
BB,10.32,10,"[1, 1, 1, 1, 1, 1, 1, 1, 1, 1]",5.43,4.37,10.32,3.15,34556514.05
PPTA,26.18,5,"[0, 0, 0, 1, 1, 1, 1, 0, 1, 0]",28.49,26.22,37.22,11.86,1602901.75
LRN,97.91,6,"[1, 1, 0, 1, 0, 0, 1, 0, 1, 1]",91.69,98.65,169.81,61.02,641393.4
BULL,6.21,2,"[0, 0, 0, 0, 0, 0, 1, 0, 1, 0]",6.27,8.84,17.74,4.63,13126576.35
BELFB,269.22,9,"[1, 1, 1, 1, 1, 1, 1, 1, 1, 0]",252.43,191.86,302.73,73.1,339573.2
WSFS,71.35,10,"[1, 1, 1, 1, 1, 1, 1, 1, 1, 1]",69.5,60.6,72.77,49.92,376878.3
LQDA,55.11,10,"[1, 1, 1, 1, 1, 1, 1, 1, 1, 1]",44.89,34.56,62.03,12.0,1845669.1
ALHC,13.64,3,"[0, 0, 0, 0, 1, 1, 0, 0, 1, 0]",18.59,18.53,23.81,11.64,6686468.45
AAUC,25.78,7,"[0, 0, 1, 1, 1, 1, 1, 1, 1, 0]",29.87,24.16,32.01,11.58,647133.6
CGAU,17.43,9,"[0, 1, 1, 1, 1, 1, 1, 1, 1, 1]",17.89,14.65,20.91,6.76,1429745.3
OII,38.67,10,"[1, 1, 1, 1, 1, 1, 1, 1, 1, 1]",37.26,29.52,39.05,19.76,931598.15
VKTX,29.29,2,"[0, 0, 0, 0, 1, 0, 0, 0, 1, 0]",32.4,32.38,42.09,23.09,1901186.3
CLSK,17.58,9,"[1, 1, 1, 1, 0, 1, 1, 1, 1, 1]",12.55,12.63,23.2,8.18,24237416.9
SII,133.33,9,"[0, 1, 1, 1, 1, 1, 1, 1, 1, 1]",135.95,109.16,165.88,59.69,183407.85
VECO,61.01,10,"[1, 1, 1, 1, 1, 1, 1, 1, 1, 1]",48.44,34.29,62.48,19.71,1594967.2
RUM,8.97,8,"[1, 1, 1, 1, 0, 0, 1, 1, 1, 1]",6.79,6.66,10.02,4.67,3288423.6
WRBY,25.09,9,"[1, 1, 1, 1, 0, 1, 1, 1, 1, 1]",23.88,24.04,30.23,16.49,3627690.7
TLX,9.16,4,"[0, 1, 0, 1, 0, 0, 1, 0, 1, 0]",10.11,9.26,17.48,6.41,123135.25
RXO,26.95,9,"[1, 1, 1, 1, 0, 1, 1, 1, 1, 1]",19.05,16.04,26.95,10.48,3219633.8
BTE,5.0,9,"[1, 1, 1, 1, 1, 1, 1, 1, 1, 0]",4.66,3.39,5.32,1.69,18979761.3
LION,13.81,10,"[1, 1, 1, 1, 1, 1, 1, 1, 1, 1]",11.77,8.77,14.95,5.59,4023615.75
TWST,70.15,10,"[1, 1, 1, 1, 1, 1, 1, 1, 1, 1]",55.76,40.28,70.15,24.16,1497426.15
FIBK,35.22,10,"[1, 1, 1, 1, 1, 1, 1, 1, 1, 1]",34.28,33.22,38.03,24.56,1203875.2
BFH,91.55,10,"[1, 1, 1, 1, 1, 1, 1, 1, 1, 1]",83.47,71.48,92.2,48.79,592370.0
BHF,62.24,7,"[1, 0, 1, 0, 1, 1, 1, 1, 1, 0]",61.6,58.9,66.01,43.36,542580.65
SLG,45.14,5,"[1, 1, 0, 0, 0, 0, 1, 0, 1, 1]",41.4,46.18,63.59,34.72,1068948.95
HYMC,33.82,7,"[0, 1, 1, 1, 1, 1, 1, 0, 1, 0]",36.77,24.23,55.74,3.08,2165808.1
OGN,13.38,9,"[1, 1, 1, 1, 0, 1, 1, 1, 1, 1]",10.55,8.82,13.46,5.69,4423808.5
SIG,88.0,5,"[1, 0, 0, 0, 0, 1, 0, 1, 1, 1]",86.19,90.94,105.59,73.83,866463.15
GNW,8.52,4,"[0, 0, 0, 1, 0, 1, 0, 1, 1, 0]",8.75,8.67,9.31,6.78,2580588.9
HWKN,156.95,6,"[0, 1, 1, 1, 0, 0, 1, 1, 1, 0]",157.17,153.0,183.81,119.87,145484.5
CTRI,30.67,7,"[0, 1, 1, 1, 1, 1, 1, 0, 1, 0]",32.61,26.57,41.8,19.37,1856891.0
RUN,15.25,5,"[1, 0, 0, 0, 0, 1, 1, 0, 1, 1]",13.46,16.74,21.41,5.78,8978153.35
ASO,51.38,4,"[0, 0, 0, 1, 1, 0, 0, 1, 1, 0]",54.44,52.82,61.02,41.51,1301046.1
HSAI,21.66,5,"[1, 0, 0, 0, 0, 1, 1, 0, 1, 1]",21.48,23.74,29.8,15.03,1939023.05
ATS,29.86,7,"[0, 1, 1, 1, 1, 1, 0, 1, 1, 0]",31.68,28.98,35.38,24.24,183403.3
CC,23.25,9,"[1, 1, 1, 1, 1, 1, 1, 1, 1, 0]",23.19,16.89,27.84,9.72,3142624.85
BKU,46.67,10,"[1, 1, 1, 1, 1, 1, 1, 1, 1, 1]",46.2,43.21,50.58,32.58,553773.85
TRMD,28.14,8,"[0, 1, 1, 1, 1, 1, 1, 1, 1, 0]",29.89,23.56,34.08,15.02,1082747.45
VEON,55.3,7,"[1, 1, 1, 0, 0, 0, 1, 1, 1, 1]",51.72,52.44,62.72,38.27,110142.6
MANU,21.68,10,"[1, 1, 1, 1, 1, 1, 1, 1, 1, 1]",18.37,16.99,22.22,13.81,399986.5
AAP,57.65,8,"[1, 1, 1, 1, 0, 0, 1, 1, 1, 1]",55.1,52.47,65.49,38.35,2556245.0
AVNT,35.21,8,"[0, 1, 1, 1, 1, 1, 1, 1, 1, 0]",36.05,34.39,42.93,27.02,797084.95
CVI,35.66,9,"[1, 1, 1, 1, 0, 1, 1, 1, 1, 1]",32.76,30.73,39.89,20.66,797763.65
SA,35.52,10,"[1, 1, 1, 1, 1, 1, 1, 1, 1, 1]",30.17,27.77,39.35,13.03,921654.45
AMBA,78.38,8,"[1, 1, 1, 0, 0, 1, 1, 1, 1, 1]",66.83,72.3,95.51,48.65,1623009.2
APLE,14.94,10,"[1, 1, 1, 1, 1, 1, 1, 1, 1, 1]",13.08,11.94,14.94,10.55,2742947.1
CHEF,77.68,9,"[1, 1, 1, 1, 1, 1, 1, 1, 1, 0]",70.23,64.33,81.71,54.6,419369.2
BEAM,28.96,9,"[1, 1, 1, 1, 1, 1, 1, 1, 1, 0]",28.53,26.15,35.41,16.01,1999590.3
CWK,13.12,4,"[0, 0, 0, 0, 0, 1, 1, 1, 1, 0]",13.3,14.9,17.2,10.06,1916782.45
TNGX,21.5,8,"[0, 1, 1, 1, 1, 1, 1, 1, 1, 0]",22.38,13.05,27.77,3.24,2999494.4
EFXT,26.24,9,"[1, 1, 1, 1, 1, 1, 1, 1, 1, 0]",24.52,17.09,28.36,7.37,628619.35
DAVE,266.83,9,"[1, 1, 1, 1, 1, 1, 1, 1, 1, 0]",233.65,213.82,282.56,155.92,623504.15
IAC,42.86,9,"[1, 1, 1, 1, 1, 1, 1, 1, 1, 0]",42.1,37.68,45.38,31.52,1427072.4
FSM,9.82,6,"[0, 0, 1, 0, 1, 1, 1, 0, 1, 1]",9.97,9.61,13.66,6.22,5840424.1
VRNS,35.88,5,"[1, 1, 0, 0, 0, 0, 1, 0, 1, 1]",26.1,36.71,63.31,20.19,2171653.4
NATL,44.32,9,"[0, 1, 1, 1, 1, 1, 1, 1, 1, 1]",44.42,40.47,48.13,26.44,891602.4
ADEA,30.66,9,"[1, 1, 1, 1, 1, 1, 1, 1, 1, 0]",28.01,19.52,33.57,11.64,2493266.45
BTDR,18.76,8,"[1, 1, 1, 1, 0, 1, 1, 0, 1, 1]",12.3,13.5,25.9,7.28,10182793.25
BATRK,49.34,8,"[1, 1, 1, 1, 1, 1, 0, 1, 1, 0]",47.49,42.55,51.18,38.04,349330.45
SEZL,118.43,7,"[1, 1, 1, 1, 0, 0, 1, 0, 1, 1]",85.66,75.94,182.16,50.97,747270.8
BBAR,18.87,9,"[1, 1, 1, 0, 1, 1, 1, 1, 1, 1]",15.51,14.72,20.89,7.89,761978.4
PARR,57.2,8,"[0, 1, 1, 1, 1, 1, 1, 1, 1, 0]",61.89,45.11,69.2,21.05,1268331.55
VCYT,47.8,9,"[1, 1, 1, 0, 1, 1, 1, 1, 1, 1]",36.62,37.26,49.38,23.03,1263371.05
COLM,66.57,10,"[1, 1, 1, 1, 1, 1, 1, 1, 1, 1]",59.56,55.8,67.79,48.18,552008.25
FFBC,30.46,8,"[1, 1, 1, 1, 1, 1, 0, 0, 1, 1]",29.34,26.59,,,796530.05
FSLY,20.77,7,"[0, 1, 1, 1, 1, 1, 1, 0, 1, 0]",24.01,14.44,33.5,6.36,11269716.25
ZIM,25.21,6,"[0, 1, 1, 1, 1, 1, 0, 0, 1, 0]",26.05,20.37,,,1635899.05
RCUS,24.47,9,"[1, 1, 1, 1, 1, 1, 1, 1, 1, 0]",23.75,20.16,26.62,7.95,962966.65
CALY,15.09,10,"[1, 1, 1, 1, 1, 1, 1, 1, 1, 1]",14.81,12.4,17.52,6.17,3399932.7
BOH,75.8,8,"[0, 1, 1, 1, 1, 1, 1, 1, 1, 0]",76.63,69.94,79.96,58.13,359674.0
UNFI,52.31,10,"[1, 1, 1, 1, 1, 1, 1, 1, 1, 1]",48.43,38.79,52.46,21.3,521915.35
SXI,288.66,10,"[1, 1, 1, 1, 1, 1, 1, 1, 1, 1]",263.58,240.1,288.66,149.86,162829.9
PLAB,33.14,6,"[0, 0, 1, 1, 1, 1, 1, 0, 1, 0]",46.19,33.07,54.96,17.73,1818923.3
ERAS,13.48,8,"[0, 1, 1, 1, 1, 1, 1, 0, 1, 1]",14.37,7.83,22.47,1.26,4669498.9
VTMX,34.89,9,"[1, 1, 1, 1, 1, 1, 1, 1, 1, 0]",34.67,31.31,36.59,24.98,183283.5
EXTR,29.48,9,"[1, 1, 1, 1, 0, 1, 1, 1, 1, 1]",20.38,18.42,29.48,13.74,2363511.3
YETI,46.17,9,"[1, 1, 1, 0, 1, 1, 1, 1, 1, 1]",40.27,40.13,50.77,29.29,1756434.95
CARG,28.64,1,"[0, 0, 0, 0, 0, 0, 0, 0, 1, 0]",33.85,34.43,39.03,26.96,1709283.6
MPT,4.97,5,"[0, 0, 0, 0, 1, 1, 1, 1, 1, 0]",4.98,4.98,5.91,3.78,5314050.75
DNLI,19.35,9,"[0, 1, 1, 1, 1, 1, 1, 1, 1, 1]",19.69,18.01,22.74,12.75,1863022.0
BKD,12.05,6,"[0, 0, 1, 1, 1, 1, 1, 0, 1, 0]",13.57,11.57,16.77,6.57,3812555.85
CON,25.09,10,"[1, 1, 1, 1, 1, 1, 1, 1, 1, 1]",23.27,21.7,26.14,18.56,992064.15
ETOR,40.68,7,"[1, 1, 1, 1, 0, 0, 1, 0, 1, 1]",36.12,36.79,75.97,24.76,1373903.75
LXP,50.37,9,"[1, 1, 1, 1, 1, 1, 1, 1, 1, 0]",50.01,47.37,52.77,37.07,318235.45
MSGE,72.08,10,"[1, 1, 1, 1, 1, 1, 1, 1, 1, 1]",64.06,54.17,72.35,36.33,470265.55
BWLP,20.23,10,"[1, 1, 1, 1, 1, 1, 1, 1, 1, 1]",19.16,15.21,22.61,10.14,530849.45
KYIV,14.35,9,"[1, 1, 1, 0, 1, 1, 1, 1, 1, 1]",12.22,12.43,15.17,9.33,745054.25
BHE,88.14,10,"[1, 1, 1, 1, 1, 1, 1, 1, 1, 1]",72.47,52.54,89.01,35.72,404754.05
CAKE,64.49,8,"[1, 1, 1, 1, 0, 0, 1, 1, 1, 1]",59.86,56.16,67.17,42.72,1056428.3
HG,28.63,8,"[0, 1, 1, 1, 1, 1, 1, 1, 1, 0]",30.92,26.44,32.79,19.19,450382.85
DHT,16.46,8,"[0, 1, 1, 1, 1, 1, 1, 1, 1, 0]",17.43,13.99,18.96,10.09,3205203.7
AEHR,113.0,10,"[1, 1, 1, 1, 1, 1, 1, 1, 1, 1]",79.0,40.17,113.0,10.24,2492840.2
OLN,25.93,8,"[0, 1, 1, 1, 1, 1, 1, 1, 1, 0]",27.43,23.7,29.93,17.63,2186566.25
SBLK,27.4,10,"[1, 1, 1, 1, 1, 1, 1, 1, 1, 1]",25.23,21.24,28.21,15.75,1485734.95
VC,123.9,9,"[1, 1, 1, 1, 0, 1, 1, 1, 1, 1]",103.93,104.87,127.5,81.67,444962.9
TTAM,15.79,4,"[0, 0, 0, 0, 1, 1, 0, 1, 1, 0]",15.88,16.07,19.13,12.16,264742.7
BKV,26.75,7,"[0, 0, 1, 1, 1, 1, 1, 1, 1, 0]",28.52,26.55,32.16,19.68,839045.3
HIMX,23.98,10,"[1, 1, 1, 1, 1, 1, 1, 1, 1, 1]",13.65,9.65,23.98,6.93,7066119.35
BANC,19.1,9,"[1, 1, 1, 0, 1, 1, 1, 1, 1, 1]",18.46,18.07,20.95,13.1,2787267.5
SBCF,30.2,4,"[0, 0, 0, 0, 1, 1, 0, 1, 1, 0]",30.96,31.16,34.87,24.18,724185.9
KN,39.21,10,"[1, 1, 1, 1, 1, 1, 1, 1, 1, 1]",31.48,25.48,39.21,16.63,1073635.4
ALMS,20.04,7,"[0, 1, 1, 1, 1, 1, 1, 0, 1, 0]",23.42,15.6,29.98,2.8,911976.3
SDRL,47.41,8,"[0, 1, 1, 1, 1, 1, 1, 1, 1, 0]",48.24,37.96,54.8,24.48,651628.15
CRVL,57.61,3,"[1, 0, 0, 0, 0, 0, 0, 0, 1, 1]",56.93,66.74,111.81,46.0,209127.05
ITGR,90.31,7,"[1, 1, 1, 1, 0, 0, 1, 0, 1, 1]",87.33,87.08,122.97,63.32,576314.85
SUPN,44.07,5,"[0, 0, 0, 0, 1, 1, 1, 1, 1, 0]",49.49,48.96,57.0,31.16,721600.95
XXI,6.67,1,"[0, 0, 0, 0, 0, 0, 0, 0, 1, 0]",7.49,12.49,46.96,5.74,1270288.35
LFST,7.76,10,"[1, 1, 1, 1, 1, 1, 1, 1, 1, 1]",7.15,6.48,8.85,3.79,5667269.85
TDC,36.51,9,"[1, 1, 1, 0, 1, 1, 1, 1, 1, 1]",28.85,27.0,37.88,20.11,2706379.0
NMRK,14.42,3,"[0, 0, 0, 0, 0, 1, 1, 0, 1, 0]",15.29,16.59,19.43,10.94,1321365.35
ERO,32.2,10,"[1, 1, 1, 1, 1, 1, 1, 1, 1, 1]",27.94,25.28,38.03,12.98,1450703.6
JOYY,68.71,9,"[1, 1, 1, 0, 1, 1, 1, 1, 1, 1]",59.23,59.31,68.86,43.74,326426.65
EXK,9.85,7,"[1, 0, 1, 0, 1, 1, 1, 0, 1, 1]",9.6,9.27,14.12,4.08,8068643.55
SHOO,44.27,9,"[1, 1, 1, 0, 1, 1, 1, 1, 1, 1]",38.2,37.15,45.95,22.62,1090054.45
PHIN,78.5,8,"[1, 1, 1, 1, 1, 1, 0, 0, 1, 1]",73.28,63.92,,,307948.4
ARX,15.64,7,"[1, 1, 1, 1, 0, 0, 1, 0, 1, 1]",14.13,14.81,30.05,9.36,1534579.9
KALU,190.34,10,"[1, 1, 1, 1, 1, 1, 1, 1, 1, 1]",157.08,115.73,190.34,71.09,219976.8
DBRG,15.67,10,"[1, 1, 1, 1, 1, 1, 1, 1, 1, 1]",15.58,13.74,15.71,9.16,2802130.0
PAGS,9.22,4,"[0, 0, 0, 0, 1, 1, 0, 1, 1, 0]",9.92,9.73,11.72,7.57,3863355.55
CECO,78.47,10,"[1, 1, 1, 1, 1, 1, 1, 1, 1, 1]",71.68,60.22,89.87,26.19,981881.85
WT,18.95,10,"[1, 1, 1, 1, 1, 1, 1, 1, 1, 1]",17.14,14.53,19.81,9.46,2924002.6
PFS,22.25,10,"[1, 1, 1, 1, 1, 1, 1, 1, 1, 1]",21.83,20.19,23.28,15.25,912016.8
TRN,31.88,8,"[0, 1, 1, 1, 1, 1, 1, 1, 1, 0]",33.12,29.34,36.64,22.59,718408.25
DYN,17.24,4,"[0, 0, 0, 0, 1, 1, 1, 0, 1, 0]",18.28,17.35,24.29,8.18,1425517.95
GEO,23.38,8,"[1, 1, 1, 1, 0, 0, 1, 1, 1, 1]",19.76,17.93,26.96,13.26,1963665.4
LCII,106.82,4,"[0, 0, 0, 0, 1, 1, 0, 0, 1, 1]",116.33,114.73,154.08,82.3,280882.65
TNK,70.59,8,"[0, 1, 1, 1, 1, 1, 1, 1, 1, 0]",74.7,61.82,81.69,40.68,396907.05
BTU,29.62,8,"[1, 0, 1, 0, 1, 1, 1, 1, 1, 1]",28.18,28.83,39.38,12.52,4029196.65
NTCT,43.43,10,"[1, 1, 1, 1, 1, 1, 1, 1, 1, 1]",35.55,29.24,43.43,20.77,645650.2
DK,46.4,9,"[1, 1, 1, 1, 1, 1, 1, 1, 1, 0]",43.61,35.95,49.04,18.06,1177494.1
PTRN,20.45,7,"[1, 1, 0, 1, 0, 0, 1, 1, 1, 1]",14.7,20.45,20.45,9.59,1751554.2
GRND,11.71,2,"[0, 0, 0, 1, 0, 0, 0, 0, 1, 0]",13.02,13.28,23.46,9.85,1834658.95
TXG,30.71,10,"[1, 1, 1, 1, 1, 1, 1, 1, 1, 1]",22.88,18.05,30.71,9.11,2998729.25
CLMT,36.11,10,"[1, 1, 1, 1, 1, 1, 1, 1, 1, 1]",33.0,23.92,36.11,13.17,953315.35
AEO,16.04,4,"[0, 0, 0, 0, 1, 1, 1, 0, 1, 0]",17.06,19.29,27.87,9.02,5982203.15
INOD,114.22,9,"[1, 1, 1, 1, 0, 1, 1, 1, 1, 1]",60.67,58.4,115.32,34.45,3459451.25
GPCR,37.19,4,"[0, 0, 0, 0, 1, 1, 1, 0, 1, 0]",44.65,46.89,93.79,16.2,681823.1
IHS,8.35,10,"[1, 1, 1, 1, 1, 1, 1, 1, 1, 1]",8.25,7.55,8.73,5.45,1238069.05
AYA,21.49,10,"[1, 1, 1, 1, 1, 1, 1, 1, 1, 1]",17.46,14.58,21.63,8.33,458671.65
SLNO,53.01,6,"[1, 1, 1, 0, 0, 0, 1, 0, 1, 1]",45.79,52.4,88.49,30.05,1749339.8
SPNT,20.75,6,"[0, 0, 1, 1, 1, 1, 0, 1, 1, 0]",22.69,20.57,23.86,17.48,769924.7
KMT,33.56,8,"[0, 1, 1, 1, 1, 1, 1, 1, 1, 0]",36.83,30.39,43.04,19.42,1750263.4
STUB,9.8,5,"[1, 0, 0, 0, 1, 0, 1, 0, 1, 1]",7.64,9.8,22.0,6.09,6236066.05
FA,16.42,8,"[1, 1, 1, 1, 0, 0, 1, 1, 1, 1]",13.29,13.71,18.59,8.95,1121326.5
NKTR,58.56,5,"[0, 0, 0, 1, 1, 1, 1, 0, 1, 0]",77.35,58.89,100.35,8.51,949804.7
EOSE,9.42,6,"[1, 0, 0, 0, 1, 1, 1, 0, 1, 1]",6.77,10.67,19.19,3.8,32386110.5
UAA,5.43,4,"[0, 0, 0, 1, 1, 0, 1, 0, 1, 0]",5.93,5.53,8.14,4.17,9984126.4
UA,5.28,4,"[0, 0, 0, 1, 1, 0, 1, 0, 1, 0]",5.78,5.37,7.88,3.96,3533891.75
DBD,82.24,10,"[1, 1, 1, 1, 1, 1, 1, 1, 1, 1]",79.02,69.09,88.77,49.25,279953.65
BKE,44.15,3,"[0, 0, 0, 0, 0, 1, 0, 1, 1, 0]",51.52,51.99,57.1,38.76,488845.9
UNIT,11.35,9,"[1, 1, 1, 1, 1, 1, 1, 1, 1, 0]",10.76,7.86,11.98,5.36,2157765.15
ARCB,141.85,10,"[1, 1, 1, 1, 1, 1, 1, 1, 1, 1]",115.98,88.72,141.85,59.5,308000.9
NN,20.05,10,"[1, 1, 1, 1, 1, 1, 1, 1, 1, 1]",19.08,16.23,23.2,11.37,2405897.75
HOG,24.63,7,"[1, 1, 1, 1, 0, 1, 0, 0, 1, 1]",22.92,23.29,,,2774249.0
ATRO,85.61,10,"[1, 1, 1, 1, 1, 1, 1, 1, 1, 1]",75.26,60.98,88.17,30.01,601883.4
CLDX,28.9,8,"[0, 1, 1, 1, 1, 1, 1, 1, 1, 0]",32.19,27.53,34.55,19.53,754979.95
VAC,89.66,9,"[1, 1, 1, 1, 0, 1, 1, 1, 1, 1]",72.31,64.17,90.67,43.9,573832.1
ARQT,20.79,4,"[0, 0, 0, 0, 1, 1, 1, 0, 1, 0]",22.56,23.53,31.2,13.26,2297389.55
GRAL,59.9,6,"[1, 0, 0, 0, 1, 1, 1, 0, 1, 1]",56.26,69.78,116.06,31.42,836572.3
VISN,12.44,10,"[1, 1, 1, 1, 1, 1, 1, 1, 1, 1]",10.49,8.97,12.8,2.78,7035451.4
TARS,57.41,4,"[0, 0, 0, 0, 1, 1, 1, 0, 1, 0]",64.88,67.99,82.51,38.82,780475.05
NGVT,67.17,8,"[0, 1, 1, 1, 1, 1, 1, 1, 1, 0]",71.97,62.87,77.87,40.4,248533.0
AMSC,51.17,9,"[1, 1, 1, 1, 0, 1, 1, 1, 1, 1]",44.84,42.23,66.68,25.95,1295372.9
WAFD,35.35,10,"[1, 1, 1, 1, 1, 1, 1, 1, 1, 1]",33.88,31.62,35.96,26.72,510101.25
HUN,14.99,10,"[1, 1, 1, 1, 1, 1, 1, 1, 1, 1]",13.81,11.2,15.47,7.31,4811381.8
HUBG,43.85,9,"[1, 1, 1, 0, 1, 1, 1, 1, 1, 1]",40.23,39.5,52.34,32.33,877086.1
TRMK,43.95,9,"[1, 1, 1, 1, 1, 1, 1, 1, 1, 0]",43.74,40.76,45.24,32.86,346586.4
IRON,68.0,6,"[1, 0, 0, 0, 1, 1, 1, 0, 1, 1]",67.15,72.6,94.11,47.32,492280.55
CUBI,74.34,9,"[1, 1, 1, 1, 1, 1, 1, 1, 1, 0]",74.22,71.14,81.21,50.35,332208.1
VERA,31.26,4,"[0, 0, 0, 0, 1, 1, 1, 0, 1, 0]",38.1,36.51,55.67,19.25,1020219.0
ICHR,74.95,10,"[1, 1, 1, 1, 1, 1, 1, 1, 1, 1]",63.28,34.73,76.95,14.06,1221331.9
RARE,21.78,1,"[0, 0, 0, 0, 0, 0, 0, 0, 1, 0]",23.59,27.38,41.44,18.5,1662685.2
KOD,33.22,7,"[0, 1, 1, 1, 1, 1, 1, 0, 1, 0]",39.46,24.96,46.44,3.53,640604.7
SAH,84.8,9,"[1, 1, 1, 1, 0, 1, 1, 1, 1, 1]",72.84,68.44,87.27,57.92,299907.3
DRD,25.88,4,"[0, 0, 0, 0, 1, 1, 1, 0, 1, 0]",28.59,28.71,38.8,12.84,311239.5
HE,13.57,7,"[0, 0, 1, 1, 1, 1, 1, 1, 1, 0]",14.67,13.38,17.08,10.2,2100584.55
IMNM,19.34,6,"[0, 0, 1, 1, 1, 1, 1, 0, 1, 0]",22.12,18.82,26.97,8.4,1169806.25
FRSH,10.16,5,"[1, 1, 0, 0, 0, 0, 1, 0, 1, 1]",8.58,10.54,15.95,6.88,12131496.95
NSIT,119.7,7,"[1, 1, 1, 0, 0, 0, 1, 1, 1, 1]",79.82,92.42,146.66,64.43,690126.2
HTFL,29.55,5,"[1, 1, 0, 0, 0, 0, 1, 0, 1, 1]",28.76,30.04,39.91,20.49,1132505.3
OSW,23.84,8,"[0, 1, 1, 1, 1, 1, 0, 1, 1, 1]",23.84,21.8,25.27,18.39,576474.1
SEDG,78.51,10,"[1, 1, 1, 1, 1, 1, 1, 1, 1, 1]",49.63,38.66,78.51,15.96,5299958.0
ROG,154.22,10,"[1, 1, 1, 1, 1, 1, 1, 1, 1, 1]",126.85,99.51,154.22,64.78,297823.35
ATKR,84.16,10,"[1, 1, 1, 1, 1, 1, 1, 1, 1, 1]",71.32,65.44,85.41,52.77,522931.7
TALO,14.96,8,"[0, 1, 1, 1, 1, 1, 1, 1, 1, 0]",15.34,12.05,16.59,7.79,1912465.4
IDYA,27.87,4,"[0, 0, 0, 0, 1, 1, 1, 0, 1, 0]",30.25,30.93,37.86,21.02,774450.85
ELVN,35.52,7,"[0, 1, 1, 1, 1, 1, 1, 0, 1, 0]",41.32,27.07,48.11,15.14,697658.35
DGII,69.82,10,"[1, 1, 1, 1, 1, 1, 1, 1, 1, 1]",57.61,45.42,69.82,31.14,384146.75
LWLG,12.72,8,"[1, 1, 1, 1, 1, 1, 1, 0, 1, 0]",11.88,6.09,18.22,1.01,8556860.3
TMC,6.49,6,"[1, 1, 1, 0, 0, 0, 1, 0, 1, 1]",5.2,6.23,10.69,4.08,6519814.05
LMAT,91.62,5,"[0, 0, 0, 1, 1, 1, 0, 1, 1, 0]",106.67,94.03,117.1,79.04,317590.25
MTX,76.48,9,"[1, 1, 1, 1, 1, 1, 1, 1, 1, 0]",74.06,66.0,82.84,52.99,230652.2
BRZE,25.69,6,"[1, 1, 1, 0, 0, 0, 1, 0, 1, 1]",22.56,25.63,36.61,15.79,3707558.15
AAMI,72.7,10,"[1, 1, 1, 1, 1, 1, 1, 1, 1, 1]",65.18,52.89,75.48,29.55,401196.5
RLAY,15.7,10,"[1, 1, 1, 1, 1, 1, 1, 1, 1, 1]",13.31,8.65,16.8,3.06,4666472.25
MLYS,28.85,4,"[1, 0, 0, 0, 0, 1, 1, 0, 1, 0]",27.94,32.61,47.33,12.87,1177489.65
FBNC,59.39,10,"[1, 1, 1, 1, 1, 1, 1, 1, 1, 1]",57.93,54.45,61.96,39.58,201234.05
ANDE,72.79,8,"[0, 1, 1, 1, 1, 1, 1, 1, 1, 0]",73.05,57.16,79.42,33.63,355694.7
VNET,10.78,9,"[1, 1, 1, 0, 1, 1, 1, 1, 1, 1]",9.15,9.6,14.03,5.44,12231685.85
HTO,57.65,9,"[0, 1, 1, 1, 1, 1, 1, 1, 1, 1]",57.68,51.6,60.84,43.73,454188.4
DXPE,153.33,9,"[1, 1, 1, 1, 1, 1, 1, 1, 1, 0]",152.33,128.18,181.51,76.6,176708.2
PTON,6.34,6,"[1, 1, 1, 0, 0, 0, 1, 0, 1, 1]",5.1,6.15,9.0,3.71,18733171.5
SGML,16.48,7,"[0, 1, 1, 1, 1, 1, 1, 0, 1, 0]",17.18,11.56,23.65,4.28,3995002.15
TENB,30.9,7,"[1, 1, 1, 0, 0, 0, 1, 1, 1, 1]",20.9,24.58,35.46,16.04,3839245.05
DFTX,22.86,10,"[1, 1, 1, 1, 1, 1, 1, 1, 1, 1]",21.49,15.43,24.19,6.49,1671744.1
VERX,13.85,3,"[1, 0, 0, 0, 0, 0, 0, 0, 1, 1]",12.63,18.42,41.87,10.8,1666882.1
PLUS,84.36,8,"[1, 1, 1, 0, 1, 1, 1, 1, 1, 0]",82.71,80.79,92.78,61.7,239663.9
AMPX,22.91,10,"[1, 1, 1, 1, 1, 1, 1, 1, 1, 1]",18.42,13.02,22.91,2.63,10887409.75
AMR,217.9,10,"[1, 1, 1, 1, 1, 1, 1, 1, 1, 1]",195.56,182.49,249.65,99.46,284478.0
COHU,57.59,10,"[1, 1, 1, 1, 1, 1, 1, 1, 1, 1]",42.71,29.2,57.59,17.86,1571114.6
AESI,18.04,10,"[1, 1, 1, 1, 1, 1, 1, 1, 1, 1]",15.78,12.08,19.75,8.1,4083722.1
NESR,24.72,10,"[1, 1, 1, 1, 1, 1, 1, 1, 1, 1]",23.98,17.31,26.84,5.54,1990734.45
WTTR,18.86,10,"[1, 1, 1, 1, 1, 1, 1, 1, 1, 1]",16.7,12.44,20.04,7.78,1938946.5
ACHC,24.42,7,"[0, 1, 1, 1, 0, 1, 1, 1, 1, 0]",25.43,20.73,28.26,11.68,2352053.75
MCW,7.1,10,"[1, 1, 1, 1, 1, 1, 1, 1, 1, 1]",7.02,6.0,7.12,4.68,4437948.05
MNR,13.39,9,"[1, 1, 1, 1, 0, 1, 1, 1, 1, 1]",13.11,11.84,14.26,9.93,511506.35
CSGS,80.69,10,"[1, 1, 1, 1, 1, 1, 1, 1, 1, 1]",80.13,74.06,80.69,59.97,353613.6
GRDN,38.92,10,"[1, 1, 1, 1, 1, 1, 1, 1, 1, 1]",37.43,31.39,40.65,19.67,431059.25
CEPU,15.75,9,"[1, 1, 1, 0, 1, 1, 1, 1, 1, 1]",15.14,14.03,17.95,7.68,349138.9
PRDO,33.26,6,"[0, 1, 1, 1, 0, 1, 0, 1, 1, 0]",34.93,32.8,37.77,27.01,654262.6
HLIO,83.48,10,"[1, 1, 1, 1, 1, 1, 1, 1, 1, 1]",71.35,61.69,83.48,31.04,390375.5
WOLF,61.06,7,"[1, 1, 0, 1, 0, 0, 1, 1, 1, 1]",37.2,61.06,73.5,14.8,11642551.15
NTB,57.82,10,"[1, 1, 1, 1, 1, 1, 1, 1, 1, 1]",54.81,48.83,57.82,40.26,195545.75
FUN,20.7,7,"[1, 1, 1, 1, 0, 0, 1, 0, 1, 1]",19.11,18.89,33.26,12.83,2347129.0
BLBD,72.34,9,"[1, 1, 1, 1, 0, 1, 1, 1, 1, 1]",63.99,56.48,72.74,38.73,602781.7
KEEL,6.14,10,"[1, 1, 1, 1, 1, 1, 1, 1, 1, 1]",3.39,2.9,6.47,0.75,41177576.2
PENG,70.65,9,"[1, 1, 1, 1, 0, 1, 1, 1, 1, 1]",34.07,24.62,70.65,16.24,4050695.1
AXGN,39.46,9,"[1, 1, 1, 1, 1, 1, 1, 1, 1, 0]",37.99,28.77,43.74,9.29,794123.1
PENN,20.11,8,"[1, 1, 1, 1, 0, 0, 1, 1, 1, 1]",16.31,15.93,20.47,11.76,3394477.25
CMPR,97.24,10,"[1, 1, 1, 1, 1, 1, 1, 1, 1, 1]",85.85,72.99,104.48,42.62,205148.4
FLOC,23.05,8,"[0, 1, 1, 1, 1, 1, 1, 1, 1, 0]",23.9,19.6,28.09,14.08,744070.4
DRH,11.18,10,"[1, 1, 1, 1, 1, 1, 1, 1, 1, 1]",10.26,9.06,11.18,7.16,1852079.0
XIFR,12.77,9,"[1, 1, 1, 1, 0, 1, 1, 1, 1, 1]",10.83,10.2,12.77,8.08,1367983.05
ADPT,15.14,6,"[1, 0, 0, 0, 1, 1, 1, 0, 1, 1]",13.99,15.19,20.46,9.87,1826519.3
HTH,38.2,10,"[1, 1, 1, 1, 1, 1, 1, 1, 1, 1]",36.95,35.09,39.6,28.58,308179.1
CTOS,9.76,10,"[1, 1, 1, 1, 1, 1, 1, 1, 1, 1]",8.45,6.8,10.1,4.5,913380.4
DRVN,13.29,2,"[1, 0, 0, 0, 0, 0, 0, 0, 1, 0]",13.03,14.69,19.21,10.3,1680712.15
RDW,20.58,10,"[1, 1, 1, 1, 1, 1, 1, 1, 1, 1]",12.0,9.42,25.9,5.06,56554508.45
VVX,83.22,10,"[1, 1, 1, 1, 1, 1, 1, 1, 1, 1]",70.47,62.94,83.67,44.34,663796.15
BCRX,8.34,7,"[0, 1, 1, 1, 1, 1, 1, 0, 1, 0]",9.13,7.92,11.19,6.24,5135322.55
TIC,8.3,1,"[0, 0, 0, 0, 0, 0, 0, 0, 1, 0]",8.3,10.15,14.49,6.57,2555994.05
WERN,42.99,10,"[1, 1, 1, 1, 1, 1, 1, 1, 1, 1]",34.5,30.58,42.99,22.94,1159965.2
CENTA,33.91,8,"[1, 1, 1, 1, 1, 0, 0, 1, 1, 1]",33.67,31.4,37.27,26.27,329120.9
QUBT,12.25,6,"[1, 1, 1, 0, 0, 0, 1, 0, 1, 1]",9.2,12.11,24.62,6.31,32755927.65
THR,61.14,10,"[1, 1, 1, 1, 1, 1, 1, 1, 1, 1]",58.1,41.44,71.25,24.1,828715.35
ECO,48.18,6,"[0, 1, 1, 1, 1, 1, 0, 0, 1, 0]",50.48,38.02,,,535259.6
BHC,5.01,1,"[0, 0, 0, 0, 0, 0, 0, 0, 1, 0]",5.47,6.26,8.34,4.58,1657207.35
NMM,72.08,10,"[1, 1, 1, 1, 1, 1, 1, 1, 1, 1]",70.67,57.73,76.62,37.44,166776.3
MBIN,46.91,10,"[1, 1, 1, 1, 1, 1, 1, 1, 1, 1]",46.18,38.04,49.89,28.93,115378.05
FLYW,15.14,10,"[1, 1, 1, 1, 1, 1, 1, 1, 1, 1]",14.1,13.42,17.73,10.0,2662860.15
PBI,16.72,10,"[1, 1, 1, 1, 1, 1, 1, 1, 1, 1]",13.86,11.34,16.92,8.89,3317440.85
WLY,44.11,9,"[1, 1, 1, 1, 0, 1, 1, 1, 1, 1]",40.23,35.87,44.11,28.52,341099.35
CMRE,15.57,7,"[0, 0, 1, 1, 1, 1, 1, 1, 1, 0]",16.81,14.94,17.79,8.4,526711.4
SLDE,17.38,6,"[0, 0, 1, 1, 1, 1, 1, 0, 1, 0]",18.36,16.91,23.3,12.74,1289894.2
OCUL,8.31,1,"[0, 0, 0, 0, 0, 0, 0, 0, 1, 0]",8.87,10.72,16.11,6.88,2895042.45
ESTA,70.41,9,"[1, 1, 1, 0, 1, 1, 1, 1, 1, 1]",65.77,60.94,79.67,33.62,532865.75
SRPT,16.25,4,"[0, 0, 0, 1, 0, 1, 1, 0, 1, 0]",20.09,19.93,43.01,11.93,3223086.75
IMOS,64.61,10,"[1, 1, 1, 1, 1, 1, 1, 1, 1, 1]",47.45,32.84,70.26,15.09,123557.4
NVCR,15.82,9,"[1, 1, 1, 1, 1, 1, 1, 1, 1, 0]",14.17,13.05,18.46,10.03,1524612.4
DEI,11.87,6,"[1, 1, 1, 0, 0, 0, 1, 0, 1, 1]",10.68,11.71,16.09,8.99,3035059.85
EZPW,31.06,9,"[1, 1, 1, 1, 1, 1, 1, 1, 1, 0]",30.59,22.83,34.65,13.02,775273.55
PDFS,55.48,10,"[1, 1, 1, 1, 1, 1, 1, 1, 1, 1]",42.68,31.69,55.48,18.54,1049182.5
TRVI,13.5,8,"[0, 1, 1, 1, 1, 1, 1, 1, 1, 0]",13.64,11.41,15.4,5.47,1273598.9
DCO,150.26,10,"[1, 1, 1, 1, 1, 1, 1, 1, 1, 1]",139.03,111.52,152.24,71.46,231824.3
WS,43.8,9,"[1, 1, 1, 0, 1, 1, 1, 1, 1, 1]",36.62,35.4,48.45,24.15,229089.4
STOK,28.68,5,"[0, 0, 0, 1, 1, 1, 1, 0, 1, 0]",32.88,30.11,38.35,10.88,561192.9
DHC,8.5,10,"[1, 1, 1, 1, 1, 1, 1, 1, 1, 1]",7.7,5.72,9.13,3.19,1736587.05
TYRA,28.66,6,"[0, 0, 1, 1, 1, 1, 1, 0, 1, 0]",35.26,25.24,39.61,9.1,690738.35
SEM,16.49,10,"[1, 1, 1, 1, 1, 1, 1, 1, 1, 1]",16.37,14.76,16.54,11.56,1781487.2
CLBK,20.33,10,"[1, 1, 1, 1, 1, 1, 1, 1, 1, 1]",18.78,16.72,20.39,13.73,402721.45
MGNI,14.85,5,"[1, 1, 0, 0, 0, 0, 1, 0, 1, 1]",13.0,16.07,26.52,11.2,2811159.8
NGL,16.53,10,"[1, 1, 1, 1, 1, 1, 1, 1, 1, 1]",14.97,10.37,18.11,3.39,361549.95
NTST,19.96,8,"[1, 1, 1, 1, 1, 1, 0, 0, 1, 1]",19.9,18.54,,,1265360.25
ANAB,51.26,7,"[0, 1, 1, 1, 1, 1, 1, 0, 1, 0]",53.91,33.61,69.78,12.93,607927.15
PSNY,19.43,5,"[0, 1, 0, 1, 0, 0, 1, 0, 1, 1]",19.79,21.59,41.1,12.01,177565.45
NEXT,8.27,6,"[1, 1, 1, 1, 0, 0, 1, 0, 1, 0]",7.89,6.74,12.0,4.8,2996808.2
BBAI,5.11,5,"[1, 1, 0, 0, 0, 0, 1, 0, 1, 1]",3.93,5.29,8.91,3.04,50216103.4
ATEN,32.64,10,"[1, 1, 1, 1, 1, 1, 1, 1, 1, 1]",26.59,20.23,32.64,16.47,1006307.65
GTY,32.6,8,"[0, 1, 1, 1, 1, 1, 1, 1, 1, 0]",32.98,29.37,34.61,24.79,393263.7
OMCL,41.91,8,"[1, 1, 1, 0, 1, 1, 1, 1, 1, 0]",39.52,38.29,51.39,26.88,482032.0
SION,36.48,6,"[0, 0, 0, 1, 1, 1, 1, 1, 1, 0]",40.4,36.49,45.95,13.85,396473.0
SOC,13.57,5,"[0, 1, 1, 1, 0, 0, 1, 0, 1, 0]",14.39,13.45,31.69,4.12,3463515.85
BW,18.04,10,"[1, 1, 1, 1, 1, 1, 1, 1, 1, 1]",16.99,8.92,21.85,0.81,4314199.3
BSTZ,31.56,10,"[1, 1, 1, 1, 1, 1, 1, 1, 1, 1]",25.73,22.32,31.56,17.37,226276.5
NEOG,8.75,8,"[0, 1, 1, 1, 1, 1, 1, 1, 1, 0]",9.17,7.89,11.33,4.65,2801994.75
UTI,41.66,10,"[1, 1, 1, 1, 1, 1, 1, 1, 1, 1]",37.48,31.21,41.66,21.77,1518042.1
INBX,93.63,7,"[0, 1, 1, 1, 1, 1, 1, 0, 1, 0]",97.9,71.09,141.84,12.89,509191.35
AUPH,15.39,8,"[0, 1, 1, 1, 1, 1, 1, 1, 1, 0]",15.54,14.35,16.42,7.47,1297439.95
TSHA,5.69,9,"[1, 1, 1, 1, 1, 1, 1, 1, 1, 0]",5.64,4.71,6.98,2.31,2327977.5
GNL,9.35,10,"[1, 1, 1, 1, 1, 1, 1, 1, 1, 1]",9.32,8.47,9.76,6.41,2103489.3
MBX,30.7,7,"[0, 0, 1, 1, 1, 1, 1, 0, 1, 1]",31.92,27.35,43.14,9.73,744607.4
WSR,19.02,8,"[1, 1, 1, 1, 1, 1, 0, 0, 1, 1]",18.33,14.66,,,488385.0
ASTH,36.91,9,"[1, 1, 1, 1, 0, 1, 1, 1, 1, 1]",32.75,27.8,39.76,18.16,465088.35
LAC,5.75,7,"[1, 1, 1, 0, 0, 1, 1, 0, 1, 1]",4.81,4.97,10.05,2.53,13220290.45
IMAX,40.5,10,"[1, 1, 1, 1, 1, 1, 1, 1, 1, 1]",36.91,35.2,42.83,24.51,1180100.85
FIGS,11.43,6,"[0, 0, 1, 1, 1, 1, 1, 0, 1, 0]",14.0,10.99,17.12,4.61,3843097.55
MD,21.76,8,"[0, 1, 1, 1, 1, 1, 1, 1, 1, 0]",22.12,20.36,24.65,11.98,922791.1
NWL,3.26,1,"[0, 0, 0, 0, 0, 0, 0, 0, 1, 0]",3.8,4.18,6.05,2.94,7273521.05
PHVS,28.98,9,"[1, 1, 1, 1, 1, 1, 1, 1, 1, 0]",28.95,25.91,32.94,16.05,350922.1
PUMP,16.38,9,"[1, 1, 1, 1, 1, 1, 1, 1, 1, 0]",15.62,10.61,18.2,4.52,6452508.5
LC,17.5,9,"[1, 1, 1, 0, 1, 1, 1, 1, 1, 1]",16.06,16.92,21.58,10.16,1634996.0
AGM,181.05,9,"[1, 1, 1, 1, 0, 1, 1, 1, 1, 1]",167.14,169.29,204.24,139.0,124208.5
RAMP,37.58,10,"[1, 1, 1, 1, 1, 1, 1, 1, 1, 1]",30.24,28.2,37.83,22.42,2592783.95
LAR,10.86,10,"[1, 1, 1, 1, 1, 1, 1, 1, 1, 1]",9.08,6.26,11.79,1.88,2937920.55
STEL,37.37,10,"[1, 1, 1, 1, 1, 1, 1, 1, 1, 1]",37.15,33.53,39.54,26.1,266555.75
PRKS,40.22,6,"[1, 1, 1, 0, 0, 0, 1, 0, 1, 1]",35.39,40.01,55.21,29.73,1191102.15
SNDX,18.39,5,"[0, 0, 0, 1, 1, 1, 1, 0, 1, 0]",21.9,19.37,25.15,8.73,1400488.85
JBLU,4.93,8,"[1, 1, 1, 1, 0, 1, 0, 1, 1, 1]",4.92,4.91,6.46,4.01,25203757.45
ARCO,8.76,10,"[1, 1, 1, 1, 1, 1, 1, 1, 1, 1]",8.66,7.69,9.5,6.37,1378882.6
NEXA,15.66,10,"[1, 1, 1, 1, 1, 1, 1, 1, 1, 1]",13.55,9.43,16.72,4.66,1224514.4
AGRO,12.5,8,"[0, 1, 1, 1, 1, 1, 1, 1, 1, 0]",13.58,9.69,15.18,7.07,891342.7
HTZ,5.21,3,"[0, 0, 0, 1, 0, 0, 1, 0, 1, 0]",5.71,5.46,7.97,3.89,7586570.25
SPB,79.86,10,"[1, 1, 1, 1, 1, 1, 1, 1, 1, 1]",78.55,64.83,84.9,49.33,427989.8
BLX,54.99,10,"[1, 1, 1, 1, 1, 1, 1, 1, 1, 1]",53.52,47.14,56.95,38.29,157906.9
MESO,14.52,3,"[0, 0, 0, 0, 1, 0, 1, 0, 1, 0]",15.08,16.3,20.96,10.16,171787.65
OCS,12.29,4,"[0, 0, 0, 1, 1, 1, 0, 0, 1, 0]",27.2,23.18,32.65,12.29,1009822.3
ANIP,74.65,3,"[0, 0, 0, 0, 0, 1, 0, 1, 1, 0]",78.89,83.69,98.81,59.88,418699.35
PGNY,25.12,9,"[1, 1, 1, 0, 1, 1, 1, 1, 1, 1]",20.05,21.91,28.42,16.3,1827003.45
INVX,28.04,10,"[1, 1, 1, 1, 1, 1, 1, 1, 1, 1]",26.93,22.94,31.05,15.08,467346.15
CASH,81.41,6,"[0, 0, 1, 1, 1, 1, 0, 1, 1, 0]",88.22,80.64,99.93,66.39,173319.8
RAPP,34.9,8,"[0, 1, 1, 1, 1, 1, 1, 1, 1, 0]",35.17,28.61,39.93,10.88,324019.75
SNDA,33.65,8,"[0, 1, 1, 1, 1, 1, 1, 1, 1, 0]",35.1,31.59,38.78,23.92,668983.05
FIHL,21.84,10,"[1, 1, 1, 1, 1, 1, 1, 1, 1, 1]",20.77,18.91,23.65,14.51,507980.2
TPB,82.45,4,"[0, 0, 0, 0, 1, 1, 0, 0, 1, 1]",83.49,98.94,142.85,70.59,440126.3
VET,11.73,8,"[0, 1, 1, 1, 1, 1, 1, 1, 1, 0]",12.64,9.73,14.42,6.53,1599509.55
BORR,5.35,8,"[0, 1, 1, 1, 1, 1, 1, 1, 1, 0]",5.77,4.33,6.61,1.81,9167901.4
ECPG,78.09,8,"[0, 1, 1, 1, 1, 1, 1, 1, 1, 0]",78.82,58.31,84.41,35.97,350467.05
SONO,16.47,9,"[1, 1, 1, 0, 1, 1, 1, 1, 1, 1]",14.42,15.66,19.16,9.91,1793694.8
WBTN,11.99,4,"[1, 0, 0, 0, 0, 1, 1, 0, 1, 0]",11.53,13.56,21.31,8.17,382380.6
ADNT,22.79,8,"[1, 1, 1, 1, 0, 0, 1, 1, 1, 1]",21.34,22.03,27.09,15.67,1021091.3
VRE,18.99,10,"[1, 1, 1, 1, 1, 1, 1, 1, 1, 1]",18.91,16.2,19.0,13.54,858985.0
UFPT,216.38,5,"[1, 0, 0, 0, 1, 0, 0, 1, 1, 1]",205.59,217.0,267.56,185.28,226425.4
CLVT,2.64,3,"[1, 0, 0, 0, 0, 0, 1, 0, 1, 0]",2.55,3.14,4.53,1.68,4589804.9
AIN,64.92,8,"[1, 1, 1, 1, 0, 0, 1, 1, 1, 1]",58.0,55.56,71.43,40.97,200970.85
CTS,66.72,10,"[1, 1, 1, 1, 1, 1, 1, 1, 1, 1]",56.11,47.67,66.72,36.41,304870.15
VOYG,49.95,9,"[1, 1, 1, 1, 0, 1, 1, 1, 1, 1]",31.92,29.36,56.48,17.99,2827689.55
ZYME,24.11,7,"[0, 0, 1, 1, 1, 1, 1, 1, 1, 0]",25.89,22.28,28.56,12.02,734454.9
CAPR,27.34,8,"[0, 1, 1, 1, 1, 1, 1, 1, 1, 0]",31.46,20.2,35.34,4.6,1039620.3
PSIX,40.59,1,"[0, 0, 0, 0, 0, 0, 0, 0, 1, 0]",61.63,72.89,115.78,36.36,1242579.05
LOB,37.81,9,"[1, 1, 1, 1, 0, 1, 1, 1, 1, 1]",36.14,35.69,41.72,27.2,208816.3
XPRO,15.38,7,"[0, 0, 1, 1, 1, 1, 1, 1, 1, 0]",16.67,14.81,18.39,8.27,983195.8
PVLA,104.67,6,"[0, 0, 1, 1, 1, 1, 1, 0, 1, 0]",121.33,94.19,148.34,20.51,219345.1
FLNG,30.33,8,"[0, 1, 1, 1, 1, 1, 1, 1, 1, 0]",30.47,26.03,32.46,19.62,517998.0
SFL,11.17,8,"[0, 1, 1, 1, 1, 1, 1, 1, 1, 0]",11.2,8.9,12.57,6.59,1512046.65
CYD,58.9,10,"[1, 1, 1, 1, 1, 1, 1, 1, 1, 1]",45.34,40.98,59.71,16.74,234693.25
TILE,28.78,9,"[1, 1, 1, 0, 1, 1, 1, 1, 1, 1]",27.47,28.27,34.83,20.01,591319.7
PCT,12.85,7,"[1, 1, 1, 0, 0, 0, 1, 1, 1, 1]",8.25,9.95,16.92,5.06,5277949.95
LPG,40.9,10,"[1, 1, 1, 1, 1, 1, 1, 1, 1, 1]",37.46,30.14,47.72,19.89,721062.25
TE,12.04,9,"[1, 1, 1, 0, 1, 1, 1, 1, 1, 1]",6.18,5.27,12.04,1.07,43124831.75
VRDN,15.87,3,"[0, 0, 0, 0, 1, 0, 0, 0, 1, 1]",17.13,24.29,33.78,13.3,3546647.55
NRIX,16.37,7,"[1, 0, 1, 0, 1, 1, 1, 1, 1, 0]",16.32,14.69,21.47,8.24,1090512.15
QURE,26.76,7,"[1, 1, 1, 0, 0, 1, 1, 0, 1, 1]",20.63,26.64,70.59,9.03,1941781.3
DV,10.65,3,"[1, 1, 0, 0, 0, 0, 0, 0, 1, 0]",10.17,11.14,16.27,8.61,3466532.75
FIVN,25.03,7,"[1, 1, 1, 0, 0, 0, 1, 1, 1, 1]",18.56,20.39,29.56,13.61,3783265.2
INVA,21.35,6,"[0, 0, 1, 1, 1, 1, 0, 1, 1, 0]",22.9,20.92,24.24,16.67,906440.2
SILA,30.23,10,"[1, 1, 1, 1, 1, 1, 1, 1, 1, 1]",27.75,24.49,30.26,21.4,658745.85
OPRA,19.01,9,"[1, 1, 1, 1, 0, 1, 1, 1, 1, 1]",16.81,15.34,20.08,11.79,368905.25
ARDX,5.52,4,"[0, 0, 0, 0, 1, 1, 1, 0, 1, 0]",6.18,6.14,7.99,3.55,3437066.1
POET,13.82,9,"[1, 1, 1, 1, 1, 1, 1, 0, 1, 1]",9.8,7.12,20.57,3.96,60816228.2
NUVB,4.9,6,"[1, 0, 0, 0, 1, 1, 1, 0, 1, 1]",4.64,5.19,9.54,1.71,4515300.75
PEB,15.94,10,"[1, 1, 1, 1, 1, 1, 1, 1, 1, 1]",13.98,12.1,15.94,8.93,1836654.35
NTLA,13.13,5,"[0, 1, 0, 1, 0, 1, 1, 0, 1, 0]",13.59,13.3,27.98,7.58,5928429.9
NVAX,10.21,9,"[1, 1, 1, 1, 0, 1, 1, 1, 1, 1]",8.87,8.4,11.19,6.22,6791082.35
SKYT,39.91,10,"[1, 1, 1, 1, 1, 1, 1, 1, 1, 1]",32.6,23.7,39.91,8.19,1276170.45
ARLO,13.37,1,"[0, 0, 0, 0, 0, 0, 0, 0, 1, 0]",13.91,14.89,19.44,11.23,1645748.2
PRLB,78.25,10,"[1, 1, 1, 1, 1, 1, 1, 1, 1, 1]",65.56,56.39,78.25,37.31,193003.45
DCOM,37.21,10,"[1, 1, 1, 1, 1, 1, 1, 1, 1, 1]",35.77,31.54,37.66,24.94,289811.85
GLUE,17.74,6,"[0, 0, 1, 1, 1, 1, 1, 0, 1, 0]",18.37,15.07,25.31,4.19,811699.4
AMLX,13.29,5,"[0, 0, 0, 1, 1, 1, 1, 0, 1, 0]",15.23,13.73,18.36,4.92,1110887.65
CLOV,3.73,9,"[1, 1, 1, 1, 0, 1, 1, 1, 1, 1]",2.65,2.6,4.18,1.7,8418276.6
REX,48.33,9,"[1, 1, 1, 1, 1, 1, 1, 1, 1, 0]",46.73,36.47,51.16,21.34,181288.85
STBA,45.34,10,"[1, 1, 1, 1, 1, 1, 1, 1, 1, 1]",43.4,40.14,45.34,33.76,258762.65
KOS,2.97,9,"[1, 1, 1, 1, 1, 1, 1, 1, 1, 0]",2.87,1.89,3.27,0.87,13550799.25
KSS,15.85,6,"[1, 0, 0, 0, 1, 1, 1, 0, 1, 1]",13.63,16.43,24.34,7.84,5944296.65
IOVA,4.1,10,"[1, 1, 1, 1, 1, 1, 1, 1, 1, 1]",3.66,2.88,5.41,1.69,15385223.15
PAHC,28.52,4,"[0, 0, 0, 1, 1, 1, 0, 0, 1, 0]",47.97,43.41,59.58,23.68,501634.4
OUST,46.03,9,"[1, 1, 1, 1, 0, 1, 1, 1, 1, 1]",27.65,26.14,46.05,13.38,6134517.5
STGW,7.2,10,"[1, 1, 1, 1, 1, 1, 1, 1, 1, 1]",6.52,5.66,7.39,4.19,1596340.5
BAND,67.87,10,"[1, 1, 1, 1, 1, 1, 1, 1, 1, 1]",35.46,20.14,70.89,12.82,1118959.25
NVRI,19.2,10,"[1, 1, 1, 1, 1, 1, 1, 1, 1, 1]",5.97,4.72,20.75,2.25,2837353.0
ABCL,6.13,9,"[1, 1, 1, 1, 0, 1, 1, 1, 1, 1]",4.28,4.19,6.46,2.31,9519328.85
HOPE,12.5,10,"[1, 1, 1, 1, 1, 1, 1, 1, 1, 1]",12.05,11.13,12.77,9.37,772188.35
AMRC,36.07,8,"[1, 1, 1, 0, 0, 1, 1, 1, 1, 1]",28.93,31.05,43.23,14.37,654513.35
TFIN,72.16,10,"[1, 1, 1, 1, 1, 1, 1, 1, 1, 1]",64.43,60.34,72.16,46.95,231220.55
HCSG,20.24,8,"[0, 1, 1, 1, 1, 1, 1, 1, 1, 0]",20.38,18.74,23.06,12.69,591156.1
DCH,6.55,8,"[1, 1, 1, 0, 1, 1, 1, 0, 1, 1]",6.03,6.37,9.0,4.08,4944783.3
XHR,17.76,10,"[1, 1, 1, 1, 1, 1, 1, 1, 1, 1]",16.08,14.55,17.76,11.46,648939.05
WLFC,174.53,7,"[0, 1, 1, 1, 1, 1, 1, 0, 1, 0]",191.09,161.27,238.45,114.62,136988.85
GBX,47.01,5,"[0, 0, 0, 1, 1, 1, 0, 1, 1, 0]",49.63,47.95,58.47,40.45,320562.55
LILAK,8.02,5,"[0, 0, 0, 1, 0, 1, 1, 1, 1, 0]",8.26,8.09,8.94,5.12,885818.6
LILA,7.93,6,"[0, 0, 0, 1, 0, 1, 1, 1, 1, 1]",8.1,7.97,8.87,5.02,484648.6
ZD,45.42,9,"[1, 1, 1, 1, 1, 1, 1, 1, 1, 0]",44.2,37.92,48.23,26.51,604115.0
ECVT,13.26,8,"[0, 1, 1, 1, 1, 1, 1, 1, 1, 0]",13.75,10.67,14.97,7.6,1970827.2
VIR,8.74,8,"[0, 1, 1, 1, 1, 1, 1, 1, 1, 0]",9.53,7.21,11.09,4.28,1659441.8
AHCO,9.65,4,"[0, 0, 0, 1, 1, 1, 0, 0, 1, 0]",11.65,10.16,13.38,8.3,1604319.25
KW,11.0,10,"[1, 1, 1, 1, 1, 1, 1, 1, 1, 1]",10.92,9.6,11.04,6.01,1164974.95
ALGT,87.67,9,"[1, 1, 1, 0, 1, 1, 1, 1, 1, 1]",81.91,78.4,114.79,48.12,667583.6
TRS,40.11,9,"[1, 1, 1, 1, 0, 1, 1, 1, 1, 1]",38.37,36.56,42.72,25.57,464185.5
CRML,12.01,7,"[1, 1, 1, 0, 1, 1, 1, 0, 1, 0]",10.54,10.38,29.97,1.37,10967550.5
TH,16.95,10,"[1, 1, 1, 1, 1, 1, 1, 1, 1, 1]",14.94,9.65,18.66,6.22,1562846.65
UAMY,10.19,8,"[1, 1, 1, 1, 1, 1, 1, 0, 1, 0]",9.64,8.09,17.47,1.97,12031121.25
IMTX,10.04,7,"[0, 0, 1, 1, 1, 1, 1, 1, 1, 0]",10.8,9.57,11.87,5.09,652107.35
GSL,37.57,8,"[0, 1, 1, 1, 1, 1, 1, 1, 1, 0]",38.59,34.25,41.64,23.48,412156.5
YELP,23.07,1,"[0, 0, 0, 0, 0, 0, 0, 0, 1, 0]",25.49,28.15,37.5,19.78,1464901.2
CNOB,30.36,10,"[1, 1, 1, 1, 1, 1, 1, 1, 1, 1]",28.54,26.24,30.36,21.28,297884.6
RES,6.98,8,"[0, 1, 1, 1, 1, 1, 1, 1, 1, 0]",7.1,5.77,7.95,4.15,1683772.35
BY,33.41,10,"[1, 1, 1, 1, 1, 1, 1, 1, 1, 1]",32.55,30.0,33.59,24.47,185955.1
NVGS,22.22,10,"[1, 1, 1, 1, 1, 1, 1, 1, 1, 1]",21.31,18.29,24.22,13.67,491011.85
PGEN,3.86,4,"[0, 0, 0, 0, 1, 1, 1, 0, 1, 0]",4.05,4.01,5.21,1.33,4423648.6
BHVN,10.13,3,"[1, 0, 0, 0, 0, 0, 1, 0, 1, 0]",9.61,11.79,18.11,7.79,2514705.25
TNC,85.83,9,"[1, 1, 1, 1, 0, 1, 1, 1, 1, 1]",78.79,76.46,87.18,60.69,190696.7
HLF,11.99,5,"[0, 0, 0, 1, 1, 1, 1, 0, 1, 0]",14.61,13.0,19.96,7.44,1670604.45
SHLS,12.46,9,"[1, 1, 1, 0, 1, 1, 1, 1, 1, 1]",8.26,8.31,12.46,4.25,6197911.4
ATAI,4.81,8,"[1, 1, 1, 1, 0, 1, 1, 0, 1, 1]",4.08,4.31,6.45,2.02,4694214.2
BCAX,19.64,8,"[0, 1, 1, 1, 1, 1, 1, 1, 1, 0]",21.48,17.31,24.01,8.71,561912.55
GCT,34.49,5,"[0, 0, 0, 1, 1, 1, 1, 0, 1, 0]",42.45,36.72,51.8,17.69,875898.35
AIP,37.94,10,"[1, 1, 1, 1, 1, 1, 1, 1, 1, 1]",26.58,17.05,37.94,7.65,1269764.45
GHRS,24.87,10,"[1, 1, 1, 1, 1, 1, 1, 1, 1, 1]",19.07,15.47,24.87,11.68,244983.3
SBET,5.81,1,"[0, 0, 0, 0, 0, 0, 0, 0, 1, 0]",6.88,10.67,59.2,5.81,7073410.6
GILT,16.24,8,"[0, 1, 1, 1, 1, 1, 1, 1, 1, 0]",17.37,14.64,20.85,5.86,1251214.85
AVAH,6.47,3,"[0, 0, 0, 0, 0, 1, 1, 0, 1, 0]",6.78,8.0,10.27,3.74,1884894.2
CBL,48.49,10,"[1, 1, 1, 1, 1, 1, 1, 1, 1, 1]",43.75,35.76,48.49,23.36,239867.8
BKSY,43.91,10,"[1, 1, 1, 1, 1, 1, 1, 1, 1, 1]",36.73,25.01,51.63,10.89,2706951.25
FTRE,15.36,9,"[1, 1, 1, 0, 1, 1, 1, 1, 1, 1]",11.76,11.99,18.4,4.45,1443023.65
NSSC,36.2,5,"[0, 0, 0, 0, 1, 1, 1, 1, 1, 0]",40.95,41.14,47.06,27.07,443383.05
DMRA,22.95,6,"[0, 0, 1, 1, 1, 1, 1, 0, 1, 0]",25.09,19.33,34.14,2.58,390363.1
PRG,35.98,9,"[1, 1, 1, 1, 0, 1, 1, 1, 1, 1]",32.3,31.74,40.14,25.95,413503.35
OBK,47.65,10,"[1, 1, 1, 1, 1, 1, 1, 1, 1, 1]",45.07,39.62,48.16,31.99,130009.35
MUX,22.31,9,"[0, 1, 1, 1, 1, 1, 1, 1, 1, 1]",22.35,20.21,29.05,8.99,1116577.45
PRCT,26.76,3,"[1, 0, 0, 0, 0, 0, 0, 0, 1, 1]",25.4,30.88,65.05,21.71,1497587.9
NBR,94.38,9,"[1, 1, 1, 1, 1, 1, 1, 1, 1, 0]",92.64,63.94,110.63,27.43,277704.55
MAZE,24.29,4,"[0, 0, 0, 0, 1, 1, 1, 0, 1, 0]",27.81,33.17,51.83,10.33,460422.45
ENVX,8.62,6,"[1, 1, 1, 0, 0, 0, 1, 0, 1, 1]",6.37,7.98,15.93,4.84,9036070.4
TBLA,4.86,10,"[1, 1, 1, 1, 1, 1, 1, 1, 1, 1]",4.05,3.74,5.25,2.95,3702801.6
URGN,26.54,10,"[1, 1, 1, 1, 1, 1, 1, 1, 1, 1]",24.06,21.5,31.33,4.92,952054.9
NNE,30.57,5,"[1, 1, 0, 0, 0, 0, 1, 0, 1, 1]",24.41,31.57,56.63,19.0,2845366.75
HROW,32.86,2,"[0, 0, 0, 0, 1, 0, 0, 0, 1, 0]",36.27,41.29,54.8,28.72,1076973.2
HLX,9.72,8,"[0, 1, 1, 1, 1, 1, 1, 1, 1, 0]",9.82,7.85,10.55,5.7,1617429.9
LINC,49.06,10,"[1, 1, 1, 1, 1, 1, 1, 1, 1, 1]",43.61,29.31,52.02,17.8,636670.35
RYZ,28.43,10,"[1, 1, 1, 1, 1, 1, 1, 1, 1, 1]",25.16,24.39,30.54,18.88,443714.45
HLIT,15.58,10,"[1, 1, 1, 1, 1, 1, 1, 1, 1, 1]",11.54,10.37,17.11,8.35,4980362.55
TROX,8.52,8,"[0, 1, 1, 1, 1, 1, 1, 1, 1, 0]",8.95,5.9,10.42,2.84,3397233.7
VIA,15.44,2,"[0, 0, 0, 0, 1, 0, 0, 0, 1, 0]",15.52,15.44,53.93,13.31,776919.35
LIND,22.7,10,"[1, 1, 1, 1, 1, 1, 1, 1, 1, 1]",19.31,15.85,22.98,10.6,877926.95
IPX,44.0,7,"[1, 1, 1, 0, 0, 1, 1, 0, 1, 1]",33.22,40.67,60.11,21.98,290586.3
WVE,5.69,2,"[0, 0, 0, 0, 1, 0, 0, 0, 1, 0]",7.23,10.03,21.31,5.69,4091571.7
PLTK,3.38,3,"[1, 0, 0, 0, 1, 0, 0, 0, 1, 0]",3.38,3.53,4.74,2.72,1343308.65
KALV,26.94,10,"[1, 1, 1, 1, 1, 1, 1, 1, 1, 1]",22.91,16.43,26.94,10.76,3510792.45
AVBP,29.92,9,"[1, 1, 1, 1, 1, 1, 1, 1, 1, 0]",27.59,22.71,31.39,16.95,490370.3
OLPX,2.05,10,"[1, 1, 1, 1, 1, 1, 1, 1, 1, 1]",1.99,1.51,2.06,1.01,3881045.0
RLJ,10.09,10,"[1, 1, 1, 1, 1, 1, 1, 1, 1, 1]",8.42,7.55,10.09,6.34,2655094.15
LOMA,11.53,8,"[1, 1, 1, 0, 1, 0, 1, 1, 1, 1]",11.14,10.62,13.12,7.13,505593.1
TV,2.64,5,"[0, 0, 0, 0, 1, 1, 1, 1, 1, 0]",2.9,2.87,3.44,1.96,1044721.95
SBH,12.54,3,"[0, 0, 0, 0, 0, 1, 1, 0, 1, 0]",13.56,14.72,17.0,8.48,1708262.0
CSIQ,20.57,8,"[1, 1, 1, 0, 1, 1, 1, 0, 1, 1]",15.57,18.05,33.58,9.51,3625215.65
RXT,5.45,9,"[1, 1, 1, 1, 1, 1, 1, 0, 1, 1]",2.72,1.63,7.29,0.41,43110939.25
GIII,32.58,10,"[1, 1, 1, 1, 1, 1, 1, 1, 1, 1]",29.99,28.78,32.93,20.4,438001.15
TTI,10.89,10,"[1, 1, 1, 1, 1, 1, 1, 1, 1, 1]",9.43,8.37,12.32,2.86,1245647.2
KDK,6.98,2,"[0, 0, 0, 0, 1, 0, 0, 0, 1, 0]",8.02,6.98,10.92,5.57,1298322.3
STAA,28.49,9,"[1, 1, 1, 1, 0, 1, 1, 1, 1, 1]",25.98,24.31,33.34,16.1,1119010.9
TWO,12.41,10,"[1, 1, 1, 1, 1, 1, 1, 1, 1, 1]",11.68,10.29,13.68,8.64,2153250.15
ARRY,9.22,9,"[1, 1, 1, 0, 1, 1, 1, 1, 1, 1]",7.92,8.64,11.96,5.48,5296101.7
BAK,4.04,10,"[1, 1, 1, 1, 1, 1, 1, 1, 1, 1]",3.99,3.4,5.02,2.38,2142750.3
TDOC,7.54,7,"[1, 1, 1, 0, 0, 0, 1, 1, 1, 1]",6.12,6.8,9.46,4.47,4822499.85
WLDN,95.72,4,"[1, 0, 0, 0, 0, 0, 1, 0, 1, 1]",82.42,98.26,134.94,55.68,485453.85
CRVS,11.69,6,"[0, 0, 1, 1, 1, 1, 1, 0, 1, 0]",14.49,11.47,25.52,3.73,1879742.05
CRI,39.8,8,"[1, 1, 1, 1, 1, 1, 0, 0, 1, 1]",35.96,33.0,,,1032998.4
PLSE,24.28,10,"[1, 1, 1, 1, 1, 1, 1, 1, 1, 1]",22.28,18.05,27.1,12.66,385941.6
OLMA,10.69,4,"[0, 0, 0, 0, 1, 1, 1, 0, 1, 0]",14.6,16.8,35.83,4.01,1263867.4
TEN,37.34,8,"[0, 1, 1, 1, 1, 1, 1, 1, 1, 0]",40.39,29.12,44.47,17.06,344764.75
WBI,29.98,6,"[1, 1, 0, 1, 0, 0, 1, 1, 1, 0]",28.13,29.98,31.16,18.72,654851.9
ATLC,83.18,9,"[1, 1, 1, 1, 0, 1, 1, 1, 1, 1]",71.93,62.67,90.0,47.96,100183.6
JBIO,17.75,7,"[0, 1, 1, 1, 1, 1, 1, 0, 1, 0]",20.86,14.14,26.85,6.76,638331.2
GPRE,16.14,8,"[0, 1, 1, 1, 1, 1, 1, 1, 1, 0]",16.31,12.41,18.25,4.04,1667558.9
RCAT,14.95,10,"[1, 1, 1, 1, 1, 1, 1, 1, 1, 1]",11.97,11.29,17.36,6.14,17664436.2
MRTN,17.5,10,"[1, 1, 1, 1, 1, 1, 1, 1, 1, 1]",14.88,12.35,17.55,9.31,878437.2
EVLV,6.73,6,"[1, 1, 0, 1, 0, 0, 1, 1, 1, 0]",6.38,6.75,8.76,4.9,3497905.85
NPKI,14.59,8,"[0, 1, 1, 1, 1, 1, 1, 1, 1, 0]",15.02,13.08,16.35,8.24,748847.25
ABTC,1.0,1,"[0, 0, 0, 0, 0, 0, 0, 0, 1, 0]",1.08,3.11,9.31,0.79,12260258.55
DQ,16.8,1,"[0, 0, 0, 0, 0, 0, 0, 0, 1, 0]",19.94,25.58,35.69,13.56,801947.15
AMAL,42.23,10,"[1, 1, 1, 1, 1, 1, 1, 1, 1, 1]",40.76,34.06,43.42,24.92,123270.3
VTOL,42.21,7,"[0, 0, 1, 1, 1, 1, 1, 1, 1, 0]",45.77,41.14,49.86,29.48,229803.75
PGY,15.29,4,"[1, 0, 0, 0, 0, 0, 1, 0, 1, 1]",13.34,21.72,43.81,10.64,4227690.75
NAT,5.24,8,"[0, 1, 1, 1, 1, 1, 1, 1, 1, 0]",5.67,4.22,6.18,2.53,3142032.6
PNTG,30.86,8,"[0, 1, 1, 1, 1, 1, 1, 1, 1, 0]",32.06,28.85,36.9,22.07,288863.0
MRVI,4.83,10,"[1, 1, 1, 1, 1, 1, 1, 1, 1, 1]",3.73,3.36,4.85,2.01,3111139.5
NSP,35.85,5,"[1, 1, 0, 0, 0, 0, 1, 0, 1, 1]",30.31,36.54,59.75,19.9,648359.45
MLTX,17.87,6,"[1, 1, 0, 1, 0, 0, 1, 0, 1, 1]",17.65,21.01,61.99,6.24,974497.95
BLDP,6.38,10,"[1, 1, 1, 1, 1, 1, 1, 1, 1, 1]",3.72,2.92,6.38,1.3,14100487.3
UFCS,43.7,10,"[1, 1, 1, 1, 1, 1, 1, 1, 1, 1]",41.91,36.28,49.2,25.86,140568.3
REAL,9.79,4,"[0, 0, 0, 0, 1, 1, 1, 0, 1, 0]",10.31,11.74,16.9,4.79,4165910.7
JKS,22.72,4,"[0, 0, 0, 0, 1, 1, 1, 0, 1, 0]",23.59,25.1,30.58,17.4,850529.7
AORT,20.42,1,"[0, 0, 0, 0, 0, 0, 0, 0, 1, 0]",31.65,39.7,47.63,20.42,973812.25
KMTS,18.82,4,"[0, 0, 0, 0, 1, 1, 1, 0, 1, 0]",20.71,23.12,28.01,14.46,262907.35
ASTE,52.02,8,"[0, 1, 1, 1, 1, 1, 1, 1, 1, 0]",54.99,50.1,64.85,37.5,235120.7
COLL,30.48,3,"[0, 0, 0, 0, 1, 1, 0, 0, 1, 0]",33.98,39.6,49.84,29.18,448335.85
TK,11.61,8,"[0, 1, 1, 1, 1, 1, 1, 1, 1, 0]",11.93,9.65,13.09,6.66,691442.1
VSTS,12.8,10,"[1, 1, 1, 1, 1, 1, 1, 1, 1, 1]",9.86,6.99,12.92,4.06,2088490.9
DLX,23.8,7,"[0, 0, 1, 1, 1, 1, 1, 1, 1, 0]",27.02,22.89,31.5,13.61,573947.65
CCO,2.41,10,"[1, 1, 1, 1, 1, 1, 1, 1, 1, 1]",2.39,2.01,2.41,1.02,5301383.1
ULCC,5.77,8,"[1, 1, 1, 0, 0, 1, 1, 1, 1, 1]",4.34,4.57,6.52,3.1,5527722.95
ITRN,66.37,10,"[1, 1, 1, 1, 1, 1, 1, 1, 1, 1]",56.37,43.75,66.37,31.01,161124.9
ELE,17.9,7,"[0, 0, 1, 1, 1, 1, 1, 0, 1, 1]",18.21,17.63,24.21,10.41,353509.2
ADTN,18.26,9,"[1, 1, 1, 1, 1, 1, 1, 1, 1, 0]",15.4,10.79,19.4,7.25,2876654.05
ACDC,7.3,8,"[1, 1, 1, 1, 1, 1, 1, 0, 1, 0]",6.75,5.02,10.53,3.19,1445193.2
XPEL,44.74,7,"[1, 0, 1, 0, 1, 1, 1, 1, 1, 0]",44.64,43.36,54.95,31.49,307852.95
PRCH,10.9,5,"[1, 1, 0, 0, 0, 0, 1, 0, 1, 1]",8.85,11.02,19.04,6.4,1734978.85
CMP,33.32,10,"[1, 1, 1, 1, 1, 1, 1, 1, 1, 1]",26.83,22.0,33.51,16.54,887960.0
NEO,10.12,8,"[1, 0, 1, 0, 1, 1, 1, 1, 1, 1]",8.55,9.75,13.22,4.84,1353743.1
MPLT,27.34,6,"[1, 1, 0, 1, 0, 0, 1, 1, 1, 0]",26.87,27.34,32.13,12.81,273760.55
AVNS,24.99,10,"[1, 1, 1, 1, 1, 1, 1, 1, 1, 1]",21.47,14.56,25.05,9.89,1350574.5
GOOS,9.89,1,"[0, 0, 0, 0, 0, 0, 0, 0, 1, 0]",10.89,12.39,15.24,9.32,696268.9
PRSU,44.36,10,"[1, 1, 1, 1, 1, 1, 1, 1, 1, 1]",41.04,36.89,45.48,27.21,241070.45
VYX,7.27,3,"[1, 0, 0, 0, 0, 0, 0, 0, 1, 1]",6.81,9.72,14.63,6.15,2515436.15
GOLD,40.02,6,"[0, 0, 1, 1, 1, 1, 1, 0, 1, 0]",43.02,37.08,63.6,19.79,576518.85
HQH,19.16,9,"[1, 1, 1, 1, 1, 1, 1, 1, 1, 0]",18.82,17.61,19.99,13.37,139479.8
EYPT,12.53,4,"[0, 0, 0, 0, 1, 1, 1, 0, 1, 0]",13.42,14.05,18.85,8.12,939742.3
EDN,27.47,7,"[1, 0, 1, 0, 1, 0, 1, 1, 1, 1]",26.59,26.35,35.71,15.01,216754.3
AOSL,53.32,9,"[1, 1, 1, 1, 0, 1, 1, 1, 1, 1]",35.7,26.88,53.32,17.47,1170261.6
ALNT,85.42,10,"[1, 1, 1, 1, 1, 1, 1, 1, 1, 1]",68.78,58.17,85.42,31.39,289430.7
GNK,24.16,10,"[1, 1, 1, 1, 1, 1, 1, 1, 1, 1]",23.73,19.57,26.7,12.27,391472.25
LQDT,36.3,10,"[1, 1, 1, 1, 1, 1, 1, 1, 1, 1]",33.73,29.77,37.22,22.16,172698.5
XERS,6.0,3,"[0, 0, 0, 0, 0, 1, 1, 0, 1, 0]",6.06,7.11,9.9,4.35,1782964.05
CDNA,22.07,10,"[1, 1, 1, 1, 1, 1, 1, 1, 1, 1]",20.0,17.71,22.82,11.57,619335.5
ZBIO,17.13,4,"[0, 0, 0, 0, 1, 1, 1, 0, 1, 0]",19.8,24.59,43.17,9.14,525005.55
EVEX,3.38,4,"[1, 0, 0, 0, 0, 0, 1, 0, 1, 1]",2.88,3.72,7.51,2.38,1224789.0
AMN,30.25,10,"[1, 1, 1, 1, 1, 1, 1, 1, 1, 1]",22.73,19.66,30.87,15.1,1389259.7
BUR,4.56,1,"[0, 0, 0, 0, 0, 0, 0, 0, 1, 0]",4.85,8.78,14.64,3.98,3400564.15
TDAY,7.79,10,"[1, 1, 1, 1, 1, 1, 1, 1, 1, 1]",7.27,5.62,8.16,3.29,1608048.0
ACVA,6.32,4,"[1, 0, 0, 0, 0, 0, 1, 0, 1, 1]",5.25,7.49,16.89,4.15,4461908.9
KODK,9.84,7,"[0, 1, 1, 1, 1, 1, 1, 0, 1, 0]",11.22,8.18,14.51,5.43,1326666.55
DBVT,18.23,6,"[0, 0, 1, 1, 1, 1, 1, 0, 1, 0]",19.96,17.18,24.54,7.94,229633.95
IVA,4.09,4,"[0, 0, 0, 1, 0, 1, 1, 0, 1, 0]",5.36,5.34,7.15,2.98,354226.85
ASST,16.12,4,"[1, 1, 0, 0, 0, 0, 1, 0, 1, 0]",14.43,30.4,178.2,7.16,4497786.65
UVE,36.27,8,"[0, 1, 1, 1, 1, 1, 1, 1, 1, 0]",36.82,31.74,41.1,22.38,183047.2
OSBC,21.36,10,"[1, 1, 1, 1, 1, 1, 1, 1, 1, 1]",20.8,19.39,21.86,16.11,363601.8
MNKD,3.43,4,"[1, 0, 0, 0, 0, 0, 1, 0, 1, 1]",2.91,4.57,6.21,2.28,8122467.55
GHM,106.11,10,"[1, 1, 1, 1, 1, 1, 1, 1, 1, 1]",92.63,71.58,106.11,40.89,240033.65
BFLY,4.58,9,"[1, 1, 1, 1, 1, 1, 1, 1, 1, 0]",4.52,3.3,5.53,1.33,4020118.6
NWPX,119.72,10,"[1, 1, 1, 1, 1, 1, 1, 1, 1, 1]",95.67,70.03,121.79,38.6,146948.7
LGIH,49.82,6,"[1, 1, 1, 0, 0, 0, 1, 0, 1, 1]",43.43,49.07,67.47,34.24,417859.45
SATL,8.68,10,"[1, 1, 1, 1, 1, 1, 1, 1, 1, 1]",7.49,4.06,10.74,1.27,10932755.05
IART,15.67,9,"[1, 1, 1, 1, 0, 1, 1, 1, 1, 1]",11.97,12.61,16.46,8.9,1268560.8
UVSP,39.88,10,"[1, 1, 1, 1, 1, 1, 1, 1, 1, 1]",37.17,33.06,39.88,27.36,184092.05
PBT,28.97,10,"[1, 1, 1, 1, 1, 1, 1, 1, 1, 1]",24.24,19.65,30.99,10.71,240013.5
RJET,18.59,4,"[0, 0, 0, 1, 0, 1, 1, 0, 1, 0]",19.77,19.76,25.35,13.65,208371.4
SEPN,29.94,9,"[1, 1, 1, 0, 1, 1, 1, 1, 1, 1]",25.61,23.5,31.05,9.97,324434.0
SVRA,5.25,6,"[0, 0, 1, 0, 1, 1, 1, 1, 1, 0]",5.3,4.96,6.94,2.04,1368841.45
SVC,1.72,4,"[1, 0, 0, 0, 0, 0, 1, 0, 1, 1]",1.56,2.03,2.99,1.17,9007173.7
TNDM,18.6,6,"[1, 0, 1, 0, 1, 1, 1, 0, 1, 0]",18.54,18.2,28.26,10.11,3257622.85
PDM,8.42,8,"[1, 1, 1, 0, 0, 1, 1, 1, 1, 1]",7.71,8.11,9.06,6.39,1005061.45
ATEX,66.9,10,"[1, 1, 1, 1, 1, 1, 1, 1, 1, 1]",48.49,30.62,66.9,17.99,357988.65
PLOW,45.26,10,"[1, 1, 1, 1, 1, 1, 1, 1, 1, 1]",44.64,37.03,50.74,26.56,243794.9
RERE,4.58,5,"[0, 0, 0, 0, 1, 1, 1, 0, 1, 1]",4.66,4.78,6.2,2.39,1410188.3
APEI,52.28,8,"[0, 1, 1, 1, 1, 1, 1, 1, 1, 0]",56.04,42.81,60.86,26.04,268597.35
CEVA,49.61,9,"[1, 1, 1, 1, 0, 1, 1, 1, 1, 1]",29.08,24.71,49.61,17.21,999330.75
INNV,7.22,7,"[0, 1, 1, 1, 1, 1, 1, 0, 1, 0]",7.81,6.32,10.6,3.13,306386.55
HTLD,15.52,10,"[1, 1, 1, 1, 1, 1, 1, 1, 1, 1]",12.39,9.95,15.52,7.05,564255.9
CFFN,7.86,10,"[1, 1, 1, 1, 1, 1, 1, 1, 1, 1]",7.54,6.77,7.86,5.38,720631.2
OMER,10.26,6,"[0, 0, 1, 1, 1, 1, 1, 0, 1, 0]",12.43,9.78,17.18,2.97,1698148.65
LXU,13.06,8,"[0, 1, 1, 1, 1, 1, 1, 1, 1, 0]",14.36,10.64,16.88,7.16,949454.4
GDRX,2.95,5,"[1, 1, 0, 0, 0, 0, 1, 0, 1, 1]",2.4,2.98,5.12,1.87,1960966.4
ODV,2.75,4,"[0, 0, 0, 0, 1, 1, 1, 0, 1, 0]",3.13,3.38,4.78,1.99,5326580.35
KOPN,6.1,10,"[1, 1, 1, 1, 1, 1, 1, 1, 1, 1]",3.85,2.91,6.1,1.36,11640809.15
DAKT,20.19,6,"[1, 0, 0, 0, 1, 1, 1, 0, 1, 1]",19.83,20.43,27.73,13.55,284165.7
INR,13.2,4,"[0, 0, 0, 1, 1, 1, 0, 0, 1, 0]",16.01,14.76,19.56,11.2,465346.25
EPC,18.66,2,"[0, 0, 0, 1, 0, 0, 0, 0, 1, 0]",20.53,19.83,26.51,15.8,970859.65
INDI,5.1,8,"[1, 1, 1, 0, 0, 1, 1, 1, 1, 1]",3.83,4.0,6.0,2.44,6113612.65
PHAT,9.65,4,"[0, 0, 0, 0, 1, 1, 1, 0, 1, 0]",11.66,12.83,18.08,4.69,1135483.1
CRON,2.73,10,"[1, 1, 1, 1, 1, 1, 1, 1, 1, 1]",2.64,2.61,3.27,1.86,1530579.4
JMIA,6.88,4,"[0, 0, 0, 0, 0, 1, 1, 0, 1, 1]",7.18,9.87,14.6,3.05,2923752.0
XNCR,11.21,4,"[0, 0, 0, 0, 1, 1, 1, 0, 1, 0]",12.18,12.62,18.14,7.0,707798.55
CMPS,13.33,10,"[1, 1, 1, 1, 1, 1, 1, 1, 1, 1]",8.57,6.75,14.19,2.35,4270250.45
METC,17.52,5,"[1, 1, 0, 0, 0, 0, 1, 0, 1, 1]",14.68,21.24,54.55,9.44,1581334.1
AMBQ,82.81,9,"[1, 1, 1, 1, 1, 0, 1, 1, 1, 1]",45.67,34.47,83.55,22.76,933842.25
NUTX,125.03,6,"[1, 0, 1, 0, 1, 1, 1, 0, 1, 0]",114.86,119.99,190.49,80.92,134207.95
CODI,10.98,9,"[1, 1, 1, 1, 1, 1, 1, 1, 1, 0]",10.56,7.51,12.48,4.65,921865.15
SANA,3.24,3,"[0, 0, 0, 0, 1, 0, 1, 0, 1, 0]",3.24,3.86,5.92,2.32,4374053.0
SCSC,48.08,9,"[1, 1, 1, 1, 0, 1, 1, 1, 1, 1]",40.73,40.81,48.13,34.27,270084.3
NX,18.39,7,"[0, 1, 1, 1, 1, 0, 1, 1, 1, 0]",18.88,17.1,22.45,11.14,335020.25
AVO,10.78,3,"[0, 0, 0, 1, 1, 0, 0, 0, 1, 0]",13.24,12.74,15.34,10.5,1084141.0
ANNX,5.26,8,"[0, 1, 1, 1, 1, 1, 1, 1, 1, 0]",5.64,4.56,6.96,2.05,2390893.6
SNCY,16.17,7,"[0, 1, 1, 1, 1, 1, 1, 0, 1, 0]",16.59,14.86,21.84,10.3,593412.35
AMTB,22.53,8,"[0, 1, 1, 1, 1, 1, 1, 1, 1, 0]",22.8,20.63,24.12,16.29,202044.7
ABSI,6.35,10,"[1, 1, 1, 1, 1, 1, 1, 1, 1, 1]",4.36,3.45,6.75,2.3,4857661.25
AMC,2.07,6,"[1, 1, 1, 0, 0, 0, 1, 0, 1, 1]",1.45,1.94,3.54,0.95,31205878.7
ORIC,7.62,1,"[0, 0, 0, 0, 0, 0, 0, 0, 1, 0]",9.64,10.81,14.41,7.47,1654673.15
RHLD,113.46,4,"[0, 0, 0, 0, 1, 1, 1, 0, 1, 0]",135.2,141.83,226.37,29.6,197581.0
TBN,32.62,7,"[0, 1, 1, 1, 1, 1, 1, 0, 1, 0]",36.63,28.58,49.99,18.16,227756.65
JBSS,74.09,6,"[0, 0, 1, 1, 1, 1, 0, 1, 1, 0]",77.89,70.9,82.27,57.6,108880.15
MGTX,9.24,8,"[0, 1, 1, 1, 1, 1, 1, 1, 1, 0]",9.41,8.29,11.29,5.46,798316.3
HEPS,2.63,4,"[0, 0, 0, 1, 0, 1, 0, 1, 1, 0]",2.74,2.67,3.29,2.18,402564.35
AGL,86.75,9,"[1, 1, 1, 1, 0, 1, 1, 1, 1, 1]",41.98,26.02,92.54,7.91,566081.25
HAFC,30.21,10,"[1, 1, 1, 1, 1, 1, 1, 1, 1, 1]",28.61,26.57,30.78,21.52,223734.7
SLS,8.33,10,"[1, 1, 1, 1, 1, 1, 1, 1, 1, 1]",5.73,3.53,9.31,1.39,11248745.3
BJRI,44.35,10,"[1, 1, 1, 1, 1, 1, 1, 1, 1, 1]",39.62,37.41,47.05,28.69,400288.1
CGEM,15.34,9,"[1, 1, 1, 1, 1, 1, 1, 1, 1, 0]",14.48,11.06,16.44,5.75,1074172.05
VPG,132.93,10,"[1, 1, 1, 1, 1, 1, 1, 1, 1, 1]",70.22,45.98,132.93,25.68,711425.9
SHEN,16.24,10,"[1, 1, 1, 1, 1, 1, 1, 1, 1, 1]",15.74,13.28,17.1,9.9,280574.65
ROOT,55.72,3,"[1, 0, 0, 0, 0, 0, 0, 0, 1, 1]",52.1,69.68,155.53,43.21,330593.55
GERN,1.17,4,"[0, 0, 0, 1, 1, 1, 0, 0, 1, 0]",1.49,1.4,1.95,1.07,14657363.75
VLRS,7.81,7,"[1, 0, 1, 0, 1, 1, 1, 0, 1, 1]",7.37,7.59,10.63,4.19,596257.55
LXRX,1.89,10,"[1, 1, 1, 1, 1, 1, 1, 1, 1, 1]",1.85,1.48,2.44,0.63,3318780.5
DSGN,10.17,6,"[0, 0, 1, 1, 1, 1, 1, 0, 1, 0]",12.37,9.26,15.79,3.37,1315830.9
HNRG,18.88,8,"[1, 1, 1, 0, 1, 1, 0, 1, 1, 1]",17.1,18.65,23.81,14.65,1065274.35
NB,6.3,7,"[1, 1, 1, 0, 0, 1, 1, 0, 1, 1]",5.49,5.97,11.67,2.19,4031469.5
MATW,26.1,7,"[0, 1, 1, 1, 1, 1, 0, 1, 1, 0]",26.77,25.19,28.35,20.21,252573.3
TBPH,15.58,5,"[0, 0, 0, 0, 1, 1, 1, 1, 1, 0]",16.32,16.48,20.74,10.57,387591.1
BVS,8.11,6,"[0, 0, 1, 1, 1, 1, 1, 0, 1, 0]",9.68,8.1,10.94,6.14,689633.35
OMDA,17.79,6,"[1, 1, 1, 0, 0, 0, 1, 0, 1, 1]",14.61,17.52,26.78,10.94,1331170.7
SCHL,42.75,10,"[1, 1, 1, 1, 1, 1, 1, 1, 1, 1]",39.72,32.19,42.77,17.17,296841.4
TALK,5.22,10,"[1, 1, 1, 1, 1, 1, 1, 1, 1, 1]",5.18,3.9,5.23,2.27,1563893.95
ABX,8.83,8,"[0, 1, 1, 1, 1, 1, 1, 1, 1, 0]",8.94,7.65,10.31,4.5,550824.6
SPRY,8.9,4,"[1, 0, 0, 0, 0, 0, 1, 0, 1, 1]",8.25,9.63,18.35,6.73,1931284.9
CTMX,3.16,4,"[0, 0, 0, 0, 1, 1, 1, 0, 1, 0]",4.16,4.0,6.75,1.76,3387722.4
MYE,23.33,10,"[1, 1, 1, 1, 1, 1, 1, 1, 1, 1]",21.7,19.27,23.41,12.95,248823.75
ABUS,4.26,5,"[0, 0, 0, 0, 1, 1, 1, 1, 1, 0]",4.39,4.37,4.95,3.09,1413607.7
AEVA,27.76,8,"[1, 1, 1, 1, 0, 1, 1, 0, 1, 1]",17.32,15.35,37.79,9.19,2984751.45
KOP,42.48,10,"[1, 1, 1, 1, 1, 1, 1, 1, 1, 1]",39.49,32.18,43.89,26.16,196932.95
NBBK,20.02,7,"[0, 0, 1, 1, 1, 1, 0, 1, 1, 1]",20.6,19.78,22.56,15.84,237697.75
IBTA,34.73,6,"[1, 1, 1, 1, 0, 0, 1, 0, 1, 0]",33.23,27.33,49.99,19.25,225592.3
CRSR,11.53,8,"[1, 1, 1, 1, 0, 0, 1, 1, 1, 1]",6.98,6.85,12.14,4.58,4222180.6
KRO,7.23,9,"[1, 1, 1, 1, 1, 1, 1, 1, 1, 0]",6.84,5.69,7.88,4.24,301245.75
ODD,9.84,1,"[0, 0, 0, 0, 0, 0, 0, 0, 1, 0]",13.97,34.95,77.35,9.84,1726170.35
DRUG,76.78,7,"[0, 0, 1, 1, 1, 1, 1, 1, 1, 0]",82.68,71.5,95.99,23.27,251819.1
KURA,8.97,4,"[0, 0, 0, 0, 1, 1, 1, 0, 1, 0]",9.17,9.28,12.14,5.54,2037853.1
SCZM,8.33,5,"[0, 0, 0, 0, 1, 1, 1, 0, 1, 1]",8.39,8.35,16.16,2.6,532277.0
CVLG,41.91,10,"[1, 1, 1, 1, 1, 1, 1, 1, 1, 1]",32.28,25.69,41.91,17.97,191542.75
TSAT,50.14,10,"[1, 1, 1, 1, 1, 1, 1, 1, 1, 1]",47.78,33.37,58.51,15.92,214049.15
SG,8.48,7,"[1, 1, 1, 1, 0, 0, 1, 0, 1, 1]",6.95,7.01,16.26,4.7,6911443.1
VOR,13.66,3,"[0, 0, 0, 1, 0, 0, 1, 0, 1, 0]",15.15,19.58,53.4,3.64,841750.25
CTLP,11.2,8,"[1, 1, 1, 1, 0, 0, 1, 1, 1, 1]",10.74,10.69,11.2,8.23,1447159.6
WYFI,30.16,7,"[1, 1, 1, 0, 0, 0, 1, 1, 1, 1]",19.51,20.84,39.13,10.78,2189856.95
SABR,1.88,7,"[1, 1, 1, 1, 0, 0, 1, 0, 1, 1]",1.69,1.61,3.42,0.82,7786303.7
CGNT,11.62,10,"[1, 1, 1, 1, 1, 1, 1, 1, 1, 1]",9.61,8.78,12.24,6.34,743561.55
ETON,27.4,9,"[1, 1, 1, 1, 1, 1, 1, 1, 1, 0]",27.37,19.88,35.0,13.5,430760.95
ESPR,3.14,9,"[1, 1, 1, 0, 1, 1, 1, 1, 1, 1]",2.65,2.96,4.08,0.98,12047331.15
WEST,7.97,9,"[1, 1, 1, 1, 0, 1, 1, 1, 1, 1]",6.15,5.03,8.75,3.71,1085280.8
EGBN,26.85,10,"[1, 1, 1, 1, 1, 1, 1, 1, 1, 1]",26.07,22.59,28.17,15.78,236763.4
GO,8.47,4,"[1, 0, 0, 0, 0, 0, 1, 0, 1, 1]",7.61,11.13,18.66,5.79,3716913.05
BIOA,16.54,7,"[0, 1, 1, 1, 1, 1, 1, 0, 1, 0]",17.27,13.22,22.92,3.99,419889.3
ASC,16.19,8,"[0, 1, 1, 1, 1, 1, 1, 1, 1, 0]",16.59,13.26,19.22,9.26,774983.15
ADAM,9.05,10,"[1, 1, 1, 1, 1, 1, 1, 1, 1, 1]",8.19,7.33,9.2,5.75,683713.2
DXYZ,47.23,9,"[1, 1, 1, 1, 1, 1, 1, 0, 1, 1]",38.55,30.29,71.24,20.82,6836882.9
SUPV,10.07,7,"[1, 0, 1, 0, 1, 0, 1, 1, 1, 1]",8.86,9.29,12.86,4.69,903395.7
NRGV,5.86,10,"[1, 1, 1, 1, 1, 1, 1, 1, 1, 1]",4.29,3.79,6.14,0.65,5571095.7
IMSR,9.6,5,"[1, 1, 0, 0, 0, 0, 1, 0, 1, 1]",7.19,10.31,27.1,5.53,3910482.05
ANRO,18.71,6,"[0, 0, 1, 1, 1, 1, 1, 0, 1, 0]",23.07,15.33,27.72,2.2,329133.75
KFRC,47.91,10,"[1, 1, 1, 1, 1, 1, 1, 1, 1, 1]",36.54,31.32,48.2,23.87,201407.5
CWH,7.44,3,"[1, 0, 0, 0, 0, 0, 0, 0, 1, 1]",7.13,11.31,18.74,5.8,2544346.85
ARKO,7.41,10,"[1, 1, 1, 1, 1, 1, 1, 1, 1, 1]",6.47,5.31,7.83,3.76,936171.8
IHRT,4.18,7,"[0, 1, 1, 1, 1, 1, 1, 0, 1, 0]",4.37,3.6,6.33,1.37,1507676.35
PSTL,22.51,10,"[1, 1, 1, 1, 1, 1, 1, 1, 1, 1]",21.17,17.4,24.22,13.16,352577.4
MTUS,20.36,10,"[1, 1, 1, 1, 1, 1, 1, 1, 1, 1]",18.05,17.67,21.51,13.81,310864.1
RLMD,6.42,8,"[0, 1, 1, 1, 1, 1, 1, 1, 1, 0]",7.09,4.27,7.86,0.54,983330.55
CRESY,11.61,8,"[1, 0, 1, 0, 1, 1, 1, 1, 1, 1]",11.57,10.99,14.11,7.88,287393.0
CBLL,17.5,6,"[0, 0, 1, 1, 1, 1, 1, 0, 1, 0]",19.08,17.11,23.43,10.92,355283.75
LYTS,24.09,9,"[1, 1, 1, 1, 0, 1, 1, 1, 1, 1]",21.72,21.09,24.74,15.93,451504.9
NXDR,2.07,7,"[1, 1, 1, 0, 0, 1, 1, 0, 1, 1]",1.69,1.86,2.77,1.36,3643151.6
DSP,14.01,9,"[1, 1, 1, 1, 1, 0, 1, 1, 1, 1]",11.09,10.49,14.79,8.14,302777.35
PGC,43.51,10,"[1, 1, 1, 1, 1, 1, 1, 1, 1, 1]",40.01,31.92,43.81,24.59,105724.8
HZO,34.75,10,"[1, 1, 1, 1, 1, 1, 1, 1, 1, 1]",30.28,27.19,35.16,21.43,416821.25
ALLO,2.05,7,"[0, 1, 1, 1, 1, 1, 1, 0, 1, 0]",2.3,1.71,3.06,1.03,6826382.8
HSHP,14.65,10,"[1, 1, 1, 1, 1, 1, 1, 1, 1, 1]",14.13,10.5,16.09,5.6,381101.45
DRTS,8.93,10,"[1, 1, 1, 1, 1, 1, 1, 1, 1, 1]",8.4,5.95,11.18,2.81,1100775.75
FOXF,18.04,5,"[1, 1, 0, 0, 0, 0, 1, 0, 1, 1]",17.13,19.74,30.41,13.19,597945.75
WRLD,165.58,8,"[1, 1, 1, 1, 0, 0, 1, 1, 1, 1]",148.21,148.87,184.43,115.57,161925.8
PRAA,14.44,5,"[0, 0, 0, 1, 1, 1, 1, 0, 1, 0]",18.3,16.25,22.23,10.42,651112.95
NTGR,27.25,9,"[1, 1, 1, 1, 0, 1, 1, 1, 1, 1]",24.89,25.69,36.01,19.87,403621.5
HPK,7.92,6,"[1, 1, 1, 1, 0, 0, 0, 0, 1, 1]",6.68,6.11,,,917411.5
KRNT,16.7,8,"[1, 1, 1, 1, 1, 0, 1, 0, 1, 1]",15.58,14.59,22.96,12.31,388815.95
FCEL,24.64,10,"[1, 1, 1, 1, 1, 1, 1, 1, 1, 1]",13.01,8.92,26.38,3.92,12087702.15
EVER,19.0,4,"[1, 0, 0, 0, 0, 0, 1, 0, 1, 1]",17.11,21.04,27.87,14.27,1134467.55
GFR,5.89,8,"[0, 1, 1, 1, 1, 1, 1, 1, 1, 0]",6.13,5.36,6.92,4.18,178129.4
LPTH,16.08,10,"[1, 1, 1, 1, 1, 1, 1, 1, 1, 1]",13.22,9.93,18.15,2.8,4318343.95
RMT,14.23,10,"[1, 1, 1, 1, 1, 1, 1, 1, 1, 1]",12.9,11.09,14.23,8.18,120443.65
SB,6.46,8,"[0, 1, 1, 1, 1, 1, 1, 1, 1, 0]",6.64,5.42,7.33,3.54,645169.1
HIVE,4.54,7,"[1, 1, 1, 0, 0, 1, 1, 0, 1, 1]",2.75,3.23,6.96,1.67,34758250.75
SLDB,6.58,8,"[0, 1, 1, 1, 1, 1, 1, 1, 1, 0]",7.42,6.2,8.63,3.5,1207134.2
GDOT,12.68,9,"[1, 1, 1, 1, 0, 1, 1, 1, 1, 1]",12.14,12.46,15.25,9.23,419333.9
MAKO,8.55,10,"[1, 1, 1, 1, 1, 1, 1, 1, 1, 1]",7.54,6.36,8.7,3.66,165255.75
MVST,1.53,1,"[0, 0, 0, 0, 0, 0, 0, 0, 1, 0]",1.66,2.93,6.4,1.2,6822906.9
EHAB,13.8,10,"[1, 1, 1, 1, 1, 1, 1, 1, 1, 1]",13.76,10.26,14.09,6.52,1047590.0
MITK,17.57,10,"[1, 1, 1, 1, 1, 1, 1, 1, 1, 1]",14.71,11.6,17.87,8.65,1327697.85
RDVT,56.79,8,"[1, 1, 1, 0, 0, 1, 1, 1, 1, 1]",42.54,48.02,59.42,34.4,197085.25
KRUS,46.61,1,"[0, 0, 0, 0, 0, 0, 0, 0, 1, 0]",58.13,62.37,95.83,42.67,306236.15
MRLN,7.61,1,"[0, 0, 0, 0, 0, 0, 0, 0, 1, 0]",9.44,10.27,16.09,5.98,1722700.15
BLMN,7.81,8,"[1, 1, 1, 1, 0, 0, 1, 1, 1, 1]",6.75,6.81,10.32,5.26,3075230.9
IRWD,3.28,6,"[0, 0, 1, 1, 1, 1, 1, 0, 1, 0]",3.84,3.13,5.39,0.57,2761906.35
HUYA,2.72,2,"[0, 0, 0, 0, 0, 0, 1, 0, 1, 0]",3.05,3.26,4.88,2.05,1533217.5
SLDP,3.63,4,"[1, 0, 0, 0, 0, 0, 1, 0, 1, 1]",3.18,4.34,8.51,1.42,7645389.05
ACRS,4.63,10,"[1, 1, 1, 1, 1, 1, 1, 1, 1, 1]",4.28,3.09,5.09,1.39,1232854.55
HRTG,21.2,3,"[0, 0, 0, 0, 1, 1, 0, 0, 1, 0]",25.75,26.03,31.14,19.02,579101.55
CYRX,15.74,10,"[1, 1, 1, 1, 1, 1, 1, 1, 1, 1]",11.23,9.77,15.99,5.84,975366.85
CTO,20.32,9,"[1, 1, 1, 1, 1, 1, 1, 1, 1, 0]",19.76,17.7,20.85,14.65,455295.4
ASPI,8.33,6,"[1, 1, 1, 0, 0, 0, 1, 0, 1, 1]",5.4,7.05,14.05,4.07,6008757.7
OXM,45.81,9,"[1, 1, 1, 1, 0, 1, 1, 1, 1, 1]",41.47,38.66,51.5,30.74,299535.65
GRPN,18.8,6,"[1, 1, 1, 0, 0, 0, 1, 0, 1, 1]",15.07,17.39,37.37,9.64,2262078.35
ALRS,28.92,10,"[1, 1, 1, 1, 1, 1, 1, 1, 1, 1]",26.06,23.37,28.92,19.88,177517.05
LAES,3.71,5,"[1, 0, 0, 0, 0, 1, 1, 0, 1, 1]",2.86,3.94,7.65,2.09,16413344.0
INN,5.87,9,"[1, 1, 1, 1, 0, 1, 1, 1, 1, 1]",4.95,4.88,5.87,3.97,814537.95
PKE,33.17,10,"[1, 1, 1, 1, 1, 1, 1, 1, 1, 1]",32.34,24.19,36.41,13.25,256694.85
HY,36.33,7,"[1, 1, 1, 1, 0, 0, 1, 1, 1, 0]",35.46,34.05,42.02,25.65,100435.25
STRO,24.43,7,"[0, 1, 1, 1, 1, 1, 1, 0, 1, 0]",31.03,16.92,40.91,6.8,320053.0
TLRY,5.38,2,"[0, 0, 0, 0, 0, 0, 1, 0, 1, 0]",6.17,9.58,21.0,3.6,3463854.45
SHBI,20.85,10,"[1, 1, 1, 1, 1, 1, 1, 1, 1, 1]",19.4,17.83,20.85,14.09,169343.5
EVC,9.01,10,"[1, 1, 1, 1, 1, 1, 1, 1, 1, 1]",5.36,3.34,9.84,1.84,5836422.45
ZVRA,10.88,8,"[1, 1, 1, 1, 0, 0, 1, 1, 1, 1]",10.23,9.41,12.79,7.23,2043793.95
CARS,9.58,1,"[0, 0, 0, 0, 0, 0, 0, 0, 1, 0]",9.98,11.12,13.79,7.58,947581.8
CLYM,11.2,10,"[1, 1, 1, 1, 1, 1, 1, 1, 1, 1]",9.33,4.98,12.22,1.18,910603.3
CWBC,24.15,10,"[1, 1, 1, 1, 1, 1, 1, 1, 1, 1]",23.6,22.43,25.28,17.35,219601.55
RMR,20.1,10,"[1, 1, 1, 1, 1, 1, 1, 1, 1, 1]",17.63,15.67,20.4,13.34,167824.45
SPIR,21.35,10,"[1, 1, 1, 1, 1, 1, 1, 1, 1, 1]",18.1,12.02,25.48,7.02,1740921.5
SWBI,15.31,10,"[1, 1, 1, 1, 1, 1, 1, 1, 1, 1]",14.95,11.3,15.57,7.47,472388.95
ARVN,8.0,3,"[0, 0, 0, 0, 1, 1, 0, 0, 1, 0]",10.12,10.67,13.83,6.24,909967.35
AVR,9.29,10,"[1, 1, 1, 1, 1, 1, 1, 1, 1, 1]",6.54,5.38,9.62,2.9,1172838.1
NKLR,6.52,6,"[1, 1, 0, 1, 0, 0, 1, 0, 1, 1]",5.73,6.52,18.26,3.91,388549.15
VTEX,3.87,6,"[1, 1, 0, 1, 0, 0, 1, 0, 1, 1]",3.87,3.88,6.76,2.87,1558740.6
MRAM,30.11,9,"[1, 1, 1, 1, 1, 1, 1, 0, 1, 1]",19.72,12.15,44.01,5.71,7028196.7
CABA,3.68,9,"[1, 1, 1, 1, 1, 1, 1, 1, 1, 0]",3.29,2.66,4.15,1.33,4135847.15
KE,26.75,5,"[1, 0, 0, 0, 0, 1, 1, 1, 1, 0]",25.65,27.59,33.13,18.26,188724.95
CNNE,14.76,5,"[1, 1, 0, 0, 0, 0, 1, 0, 1, 1]",13.01,15.16,21.26,10.64,474733.4
PSNL,11.14,9,"[1, 1, 1, 0, 1, 1, 1, 1, 1, 1]",6.96,7.73,11.4,4.41,2807173.45
CCSI,34.71,9,"[1, 1, 1, 1, 0, 1, 1, 1, 1, 1]",27.39,26.09,35.51,19.66,201350.9
ANGX,2.86,4,"[1, 0, 0, 0, 1, 0, 1, 0, 1, 0]",2.79,2.86,16.0,2.18,1213247.35
NPCE,16.29,9,"[1, 1, 1, 1, 1, 1, 1, 1, 1, 0]",15.81,13.86,19.29,8.25,219495.9
RGR,38.84,7,"[0, 1, 1, 1, 0, 1, 1, 1, 1, 0]",40.72,38.0,46.84,28.67,142072.85
TDUP,4.5,4,"[1, 0, 0, 0, 0, 0, 1, 0, 1, 1]",4.13,6.62,12.08,3.11,2552583.7
SXC,9.6,9,"[1, 1, 1, 1, 0, 1, 1, 1, 1, 1]",7.07,7.09,9.6,5.58,1888778.2
DNUT,3.35,3,"[0, 0, 0, 0, 1, 0, 1, 0, 1, 0]",3.5,3.62,4.7,2.57,2523867.4
BCAL,19.21,9,"[1, 1, 1, 0, 1, 1, 1, 1, 1, 1]",18.51,18.07,19.91,14.06,166623.1
PHR,10.36,3,"[1, 0, 0, 0, 0, 0, 0, 0, 1, 1]",9.46,16.94,32.55,8.06,1775652.05
RYAM,8.7,7,"[0, 1, 1, 1, 1, 1, 1, 0, 1, 0]",9.6,7.82,11.75,3.63,1001405.5
FEIM,72.16,10,"[1, 1, 1, 1, 1, 1, 1, 1, 1, 1]",56.22,44.75,75.88,18.43,172718.75
NPB,17.5,8,"[0, 1, 1, 1, 0, 1, 1, 1, 1, 1]",17.63,17.4,19.19,12.82,124042.15
TRON,1.91,4,"[0, 1, 0, 1, 0, 0, 1, 0, 1, 0]",2.2,2.27,11.04,0.56,843455.25
CADL,8.42,10,"[1, 1, 1, 1, 1, 1, 1, 1, 1, 1]",6.66,5.73,8.94,4.42,2241132.8
DCBO,18.9,2,"[1, 0, 0, 0, 0, 0, 0, 0, 1, 0]",17.89,22.17,32.2,14.7,193827.75
BWMN,32.52,3,"[1, 0, 0, 0, 0, 0, 0, 0, 1, 1]",31.42,35.55,44.43,25.54,132076.45
FET,52.72,8,"[0, 1, 1, 1, 1, 1, 1, 1, 1, 0]",58.08,42.01,64.54,14.98,159282.1
CLB,13.6,4,"[0, 0, 0, 0, 1, 1, 1, 0, 1, 0]",15.35,15.36,19.64,9.72,501393.1
GPRK,11.78,10,"[1, 1, 1, 1, 1, 1, 1, 1, 1, 1]",9.51,7.95,11.78,5.93,642773.7
ORN,14.1,9,"[1, 1, 1, 1, 1, 1, 1, 1, 1, 0]",12.95,10.82,15.48,6.57,433833.1
HPP,13.48,6,"[1, 1, 1, 0, 0, 0, 1, 0, 1, 1]",8.85,12.22,21.49,5.51,1383467.75
CSTL,19.71,4,"[0, 0, 0, 0, 1, 1, 1, 0, 1, 0]",22.88,28.75,43.04,14.65,547302.75
CTKB,4.19,4,"[0, 0, 0, 0, 1, 1, 1, 0, 1, 0]",4.36,4.48,5.88,2.85,1073056.45
GLRE,14.94,6,"[0, 0, 1, 1, 1, 1, 0, 1, 1, 0]",17.63,14.51,19.0,11.95,198679.15
ALOY,11.64,8,"[1, 1, 1, 0, 1, 1, 1, 0, 1, 1]",9.83,9.66,25.88,3.88,1787976.65
RR,2.99,5,"[1, 0, 0, 0, 0, 1, 1, 0, 1, 1]",2.47,3.43,7.06,1.73,16771275.75
BTBT,1.98,4,"[1, 0, 0, 0, 0, 0, 1, 0, 1, 1]",1.66,2.31,4.22,1.26,29692410.95
MSBI,27.9,10,"[1, 1, 1, 1, 1, 1, 1, 1, 1, 1]",24.99,20.37,28.14,13.98,136589.35
NFBK,14.27,10,"[1, 1, 1, 1, 1, 1, 1, 1, 1, 1]",13.83,12.14,14.29,9.8,238520.8
UROY,3.87,7,"[1, 0, 1, 0, 1, 1, 1, 0, 1, 1]",3.69,3.85,5.46,2.19,2870025.3
CARE,28.33,10,"[1, 1, 1, 1, 1, 1, 1, 1, 1, 1]",24.91,20.85,28.33,16.18,290578.55
EGY,5.41,8,"[0, 1, 1, 1, 1, 1, 1, 1, 1, 0]",5.93,4.53,6.6,3.14,1319438.25
GDYN,7.5,4,"[1, 0, 0, 0, 0, 0, 1, 0, 1, 1]",6.18,7.62,12.39,5.28,2747824.2
ALTI,3.2,2,"[0, 0, 0, 0, 1, 0, 0, 0, 1, 0]",3.6,4.03,5.19,3.13,200092.45
PRME,3.21,2,"[0, 0, 0, 0, 0, 0, 1, 0, 1, 0]",3.41,3.97,6.67,1.32,2830743.65
TCMD,24.41,6,"[0, 0, 1, 0, 1, 1, 1, 0, 1, 1]",24.69,23.2,33.05,9.52,370099.25
MLAB,106.66,10,"[1, 1, 1, 1, 1, 1, 1, 1, 1, 1]",97.8,82.58,108.94,57.01,174571.5
FTK,23.33,10,"[1, 1, 1, 1, 1, 1, 1, 1, 1, 1]",17.52,16.06,23.33,11.04,340724.1
AVTX,13.96,5,"[0, 0, 0, 0, 1, 1, 1, 0, 1, 1]",15.68,15.29,22.87,4.1,2992225.3
DDI,11.7,10,"[1, 1, 1, 1, 1, 1, 1, 1, 1, 1]",10.16,9.29,12.25,8.15,173711.6
HELE,26.73,9,"[1, 1, 1, 1, 0, 1, 1, 1, 1, 1]",21.02,20.46,33.25,13.88,640524.1
BETR,28.34,3,"[0, 0, 0, 0, 0, 1, 1, 0, 1, 0]",34.48,39.48,86.07,11.16,581780.7
KYTX,7.9,6,"[0, 0, 1, 1, 1, 1, 1, 0, 1, 0]",9.03,7.61,11.25,2.55,898661.15
PRTA,9.19,6,"[0, 0, 0, 1, 1, 1, 1, 1, 1, 0]",10.15,9.63,11.51,4.83,546270.9
PROK,1.9,4,"[1, 0, 0, 0, 0, 0, 1, 0, 1, 1]",1.85,2.28,5.18,0.56,1007368.7
CHW,9.15,10,"[1, 1, 1, 1, 1, 1, 1, 1, 1, 1]",8.15,7.52,9.15,6.31,203350.8
MG,18.04,9,"[1, 1, 1, 1, 1, 1, 1, 1, 1, 0]",17.16,13.31,19.28,7.53,199988.2
INV,6.85,9,"[1, 1, 1, 1, 0, 1, 1, 1, 1, 1]",5.65,4.55,7.32,2.55,3197331.2
KRT,27.42,8,"[0, 1, 1, 1, 1, 1, 1, 1, 1, 0]",27.83,24.32,29.92,19.92,110808.1
DDL,2.5,8,"[0, 1, 1, 1, 1, 1, 1, 1, 1, 0]",2.59,2.39,3.2,1.67,382348.1
MEC,32.33,10,"[1, 1, 1, 1, 1, 1, 1, 1, 1, 1]",22.41,18.36,32.33,12.56,552324.75
PACK,7.12,8,"[1, 1, 1, 0, 0, 1, 1, 1, 1, 1]",4.93,5.08,7.12,3.24,661908.15
WTI,4.02,9,"[1, 1, 1, 1, 1, 1, 1, 1, 1, 0]",3.69,2.45,4.9,1.49,6413101.3
DNA,9.33,4,"[1, 1, 0, 0, 0, 0, 1, 0, 1, 0]",7.92,9.62,16.14,5.48,1303652.8
TECX,27.43,8,"[0, 1, 1, 1, 1, 1, 1, 1, 1, 0]",29.17,22.77,35.87,14.71,245271.55
CPS,31.02,5,"[1, 0, 0, 0, 0, 1, 1, 0, 1, 1]",29.62,32.83,45.2,19.88,170044.8
ASIX,22.65,7,"[0, 1, 1, 1, 0, 1, 1, 1, 1, 0]",23.13,19.31,25.98,14.04,345374.0
RGNX,6.52,2,"[0, 0, 0, 0, 1, 0, 0, 0, 1, 0]",8.34,10.46,15.98,5.65,2148086.8
CLFD,48.19,9,"[1, 1, 1, 1, 0, 1, 1, 1, 1, 1]",34.32,32.46,51.26,26.0,498277.4
ILPT,8.89,10,"[1, 1, 1, 1, 1, 1, 1, 1, 1, 1]",7.08,6.01,8.97,3.14,589474.15
CTNM,12.38,7,"[0, 0, 1, 1, 1, 1, 1, 1, 1, 0]",13.29,12.36,16.0,3.65,155374.8
FFIC,15.47,8,"[0, 1, 1, 1, 1, 1, 1, 1, 1, 0]",15.71,14.8,17.11,10.61,338310.0
MCS,19.95,10,"[1, 1, 1, 1, 1, 1, 1, 1, 1, 1]",18.16,15.94,20.07,12.87,137198.25
ASTL,5.61,9,"[1, 1, 1, 1, 1, 0, 1, 1, 1, 1]",4.76,4.38,7.11,3.19,1610355.1
AURA,6.9,8,"[0, 1, 1, 1, 1, 1, 1, 1, 1, 0]",7.25,6.25,8.9,4.97,801605.3
AQST,3.93,3,"[0, 0, 0, 0, 0, 1, 1, 0, 1, 0]",4.15,4.88,7.49,2.95,1830057.5
MAMA,14.63,10,"[1, 1, 1, 1, 1, 1, 1, 1, 1, 1]",14.61,12.94,17.38,7.9,386752.55
LZM,5.86,9,"[1, 1, 1, 1, 0, 1, 1, 1, 1, 1]",4.64,4.67,6.1,3.19,600185.65
ACHV,5.03,9,"[1, 1, 1, 0, 1, 1, 1, 1, 1, 1]",4.24,4.18,5.99,2.07,1420002.95
SD,15.23,9,"[1, 1, 1, 1, 1, 1, 1, 1, 1, 0]",15.1,13.87,17.58,9.54,373074.05
MNRO,15.77,3,"[0, 0, 0, 0, 1, 1, 0, 0, 1, 0]",16.53,17.91,23.52,12.51,1176115.35
OOMA,17.65,9,"[1, 1, 1, 1, 1, 1, 1, 1, 1, 0]",16.56,13.12,19.5,10.58,347418.9
ANL,11.58,7,"[0, 1, 1, 1, 1, 1, 1, 0, 1, 0]",12.02,5.57,16.6,0.88,154202.3
IMMX,8.36,8,"[0, 1, 1, 1, 1, 1, 1, 1, 1, 0]",9.31,5.93,11.12,1.96,1388538.55
FDMT,9.27,7,"[0, 0, 1, 1, 1, 1, 1, 1, 1, 0]",9.55,9.09,12.27,3.71,766398.0
KRNY,8.21,10,"[1, 1, 1, 1, 1, 1, 1, 1, 1, 1]",7.88,7.15,8.3,5.49,315103.75
STTK,4.87,7,"[0, 1, 1, 1, 1, 1, 1, 0, 1, 0]",6.66,3.92,7.88,0.73,616869.8
CERS,2.7,9,"[1, 1, 1, 1, 1, 1, 1, 1, 1, 0]",2.24,1.93,3.04,1.16,2421636.0
OIS,8.6,6,"[0, 0, 1, 1, 1, 1, 1, 0, 1, 0]",10.33,8.27,14.39,4.47,1010894.15
PHOE,15.0,4,"[0, 0, 0, 0, 1, 1, 1, 0, 1, 0]",16.88,15.38,133.12,3.57,168551.65
HKD,1.87,7,"[1, 1, 1, 1, 0, 0, 1, 0, 1, 1]",1.69,1.63,2.95,1.27,267979.7
CBIO,17.0,7,"[0, 1, 1, 1, 1, 1, 1, 0, 1, 0]",19.35,14.06,26.98,8.94,299788.75
PANL,7.9,8,"[1, 1, 1, 1, 1, 1, 0, 0, 1, 1]",7.57,6.77,,,757718.15
OCGN,1.34,5,"[0, 0, 0, 1, 1, 1, 1, 0, 1, 0]",1.65,1.52,2.48,0.85,8047716.5
FVR,18.25,10,"[1, 1, 1, 1, 1, 1, 1, 1, 1, 1]",17.07,15.1,18.26,10.57,120945.5
MATV,8.2,3,"[0, 0, 0, 0, 0, 1, 1, 0, 1, 0]",8.82,10.87,14.72,5.94,426389.35
XOMA,41.69,9,"[1, 1, 1, 1, 0, 1, 1, 1, 1, 1]",38.55,32.7,42.0,22.89,117773.15
IPI,38.07,8,"[0, 1, 1, 1, 1, 1, 1, 1, 1, 0]",40.04,32.75,48.84,23.94,225784.3
CHCT,17.43,10,"[1, 1, 1, 1, 1, 1, 1, 1, 1, 1]",16.69,15.24,17.72,12.18,196679.7
CGC,1.06,1,"[0, 0, 0, 0, 0, 0, 0, 0, 1, 0]",1.07,1.21,1.92,0.86,7197219.95
PUBM,12.04,9,"[1, 1, 1, 1, 1, 0, 1, 1, 1, 1]",9.58,8.59,13.67,6.28,823471.15
ELVA,12.26,10,"[1, 1, 1, 1, 1, 1, 1, 1, 1, 1]",9.51,7.63,12.26,3.18,551924.3
ALIT,0.83,3,"[1, 0, 0, 0, 0, 0, 0, 0, 1, 1]",0.72,1.88,,,26135623.5
CD,9.03,7,"[1, 1, 1, 0, 0, 1, 1, 0, 1, 1]",5.93,8.02,35.79,2.01,151330.6
NEGG,19.99,2,"[0, 0, 0, 0, 0, 0, 1, 0, 1, 0]",32.53,50.57,128.09,6.21,120009.45
NUAI,5.97,8,"[1, 1, 1, 0, 1, 1, 1, 0, 1, 1]",4.48,3.9,8.06,0.33,7597242.95
CVGW,26.09,7,"[0, 1, 1, 1, 0, 1, 1, 1, 1, 0]",26.8,24.65,28.52,18.24,271210.0
EBS,8.21,4,"[0, 0, 0, 0, 1, 1, 1, 0, 1, 0]",8.4,9.75,13.9,5.63,785286.15
RBBN,3.34,7,"[1, 1, 1, 0, 0, 0, 1, 1, 1, 1]",2.59,2.96,4.25,1.95,1119829.3
CLNE,2.11,1,"[0, 0, 0, 0, 0, 0, 0, 0, 1, 0]",2.25,2.38,3.06,1.76,1426479.05
OVID,2.4,8,"[0, 1, 1, 1, 1, 1, 1, 1, 1, 0]",2.62,1.81,2.96,0.28,1780373.45
APPS,8.55,8,"[1, 1, 1, 0, 0, 1, 1, 1, 1, 1]",4.06,4.79,9.3,2.82,8150810.0
SRTA,6.26,10,"[1, 1, 1, 1, 1, 1, 1, 1, 1, 1]",4.97,4.85,6.47,3.52,1129261.3
RIGL,30.02,6,"[1, 0, 0, 0, 1, 1, 1, 0, 1, 1]",29.1,34.58,50.96,18.42,458918.3
NGNE,26.14,9,"[1, 1, 1, 1, 1, 1, 1, 1, 1, 0]",25.72,22.6,34.37,14.95,137462.3
IMXI,15.14,6,"[0, 0, 0, 1, 1, 1, 1, 1, 1, 0]",15.67,15.25,15.94,8.71,868309.9
ZKH,2.88,3,"[0, 0, 0, 0, 1, 0, 0, 1, 1, 0]",3.01,3.14,3.79,2.34,265798.4
PSFE,7.45,2,"[0, 0, 0, 1, 0, 0, 0, 0, 1, 0]",8.0,9.22,14.68,6.01,365093.15
TATT,40.36,6,"[1, 0, 0, 0, 1, 1, 1, 0, 1, 1]",38.97,43.18,61.11,25.6,194188.4
ASMB,24.49,4,"[0, 0, 0, 0, 1, 1, 1, 0, 1, 0]",28.43,29.02,38.5,15.2,197399.4
WEAV,6.03,4,"[1, 1, 0, 0, 0, 0, 1, 0, 1, 0]",5.27,6.28,9.91,4.37,1138564.15
LTBR,12.14,2,"[1, 0, 0, 0, 0, 0, 0, 0, 1, 0]",11.88,15.58,27.72,9.85,915392.7
MTW,12.28,6,"[0, 0, 1, 0, 1, 1, 1, 1, 1, 0]",12.5,12.03,15.15,9.14,262643.25
SGMT,6.79,6,"[1, 1, 1, 1, 0, 0, 1, 0, 1, 0]",6.52,6.59,10.24,3.63,898412.1
FBRX,18.17,5,"[0, 0, 0, 1, 1, 1, 1, 0, 1, 0]",26.2,21.98,35.53,9.45,230028.1
EVH,3.96,4,"[1, 1, 0, 0, 0, 0, 1, 0, 1, 0]",3.27,4.95,11.79,2.17,2755485.9
BMBL,3.04,1,"[0, 0, 0, 0, 0, 0, 0, 0, 1, 0]",3.61,4.26,8.57,2.7,3347758.6
FULC,3.14,2,"[0, 0, 0, 0, 1, 0, 0, 0, 1, 0]",7.15,8.78,14.6,3.14,2226889.45
KLC,3.92,3,"[1, 0, 0, 0, 0, 0, 1, 0, 1, 0]",3.34,4.67,11.95,1.84,1260702.55
CLDT,11.07,10,"[1, 1, 1, 1, 1, 1, 1, 1, 1, 1]",9.1,7.43,11.07,6.07,492458.4
ANGO,10.98,6,"[1, 0, 0, 0, 1, 1, 1, 1, 1, 0]",10.96,11.26,13.64,8.4,299423.3
RPD,8.43,4,"[1, 0, 0, 0, 0, 0, 1, 0, 1, 1]",6.27,12.66,25.59,5.05,2248240.3
CTEV,28.34,4,"[1, 0, 0, 0, 0, 0, 1, 0, 1, 1]",21.11,37.96,72.58,13.47,230598.65
CAL,14.38,8,"[1, 1, 1, 1, 0, 0, 1, 1, 1, 1]",12.54,12.59,15.5,8.8,659973.95
ADUR,16.59,9,"[1, 1, 1, 1, 0, 1, 1, 1, 1, 1]",12.58,12.56,17.39,7.97,436216.65
ZURA,4.1,5,"[0, 0, 0, 1, 1, 1, 1, 0, 1, 0]",5.15,4.54,7.04,1.05,711668.75
ACTG,4.73,8,"[0, 1, 1, 1, 1, 1, 1, 1, 1, 0]",4.86,4.0,5.16,3.15,235640.95
NPWR,2.09,4,"[1, 0, 0, 0, 0, 0, 1, 0, 1, 1]",1.82,2.45,4.85,1.49,1019654.25
BLZE,8.9,9,"[1, 1, 1, 1, 0, 1, 1, 1, 1, 1]",5.36,6.13,10.75,3.31,3647312.5
TROO,3.93,9,"[1, 1, 1, 1, 1, 1, 1, 1, 1, 0]",3.27,2.44,5.02,0.62,372853.55
PERI,8.17,3,"[0, 0, 0, 1, 1, 0, 0, 0, 1, 0]",10.0,9.52,11.43,8.17,543141.35
CRNC,13.1,8,"[1, 1, 1, 0, 0, 1, 1, 1, 1, 1]",9.0,10.02,13.52,5.96,1381385.5
MCFT,23.21,9,"[1, 1, 1, 1, 0, 1, 1, 1, 1, 1]",22.87,21.4,27.38,16.97,208567.95
GEVO,1.81,4,"[0, 0, 0, 0, 1, 1, 1, 0, 1, 0]",1.97,2.03,2.78,1.11,3341986.95
ADCT,3.17,3,"[0, 0, 0, 0, 1, 1, 0, 0, 1, 0]",3.71,3.83,4.88,2.64,1079986.7
ENTA,12.03,5,"[0, 0, 0, 1, 1, 1, 1, 0, 1, 0]",13.63,12.51,16.85,6.49,230111.3
SPT,7.94,4,"[1, 0, 0, 0, 0, 0, 1, 0, 1, 1]",6.18,9.49,22.46,4.99,1683594.35
FSTR,42.5,10,"[1, 1, 1, 1, 1, 1, 1, 1, 1, 1]",33.92,29.32,42.5,18.96,126026.4
TTGT,4.76,2,"[0, 0, 0, 0, 0, 0, 1, 0, 1, 0]",4.8,5.16,8.7,3.48,621647.9
ALMU,26.56,9,"[1, 1, 1, 1, 0, 1, 1, 1, 1, 1]",19.44,17.43,31.49,10.73,1962799.15
NVEC,112.42,10,"[1, 1, 1, 1, 1, 1, 1, 1, 1, 1]",81.54,69.11,112.42,55.94,167219.1
AVIR,4.27,6,"[0, 0, 1, 1, 1, 1, 1, 0, 1, 0]",5.24,4.06,6.15,2.82,361161.85
MAGN,11.57,6,"[1, 0, 0, 0, 1, 0, 1, 1, 1, 1]",10.31,11.76,15.26,7.96,435720.2
LXEO,4.51,4,"[0, 0, 0, 0, 1, 1, 1, 0, 1, 0]",5.73,7.16,10.63,2.82,792198.05
BGS,4.05,4,"[0, 0, 0, 1, 1, 1, 0, 0, 1, 0]",4.92,4.44,5.65,3.46,2329618.35
BYND,0.76,2,"[0, 0, 0, 0, 0, 0, 1, 0, 1, 0]",0.79,1.27,4.28,0.52,43050799.95
OEC,7.55,6,"[1, 1, 1, 1, 0, 0, 1, 0, 1, 0]",6.99,6.59,11.85,4.33,481568.4
NEXN,8.55,7,"[1, 1, 1, 1, 0, 0, 1, 0, 1, 1]",7.43,7.5,11.54,5.7,293756.95
NATR,20.84,5,"[0, 0, 0, 1, 1, 1, 1, 0, 1, 0]",24.51,21.38,27.8,13.14,123770.25
CCRN,13.09,8,"[1, 1, 1, 1, 0, 0, 1, 1, 1, 1]",11.02,10.81,14.25,7.53,1184582.2
PACB,1.58,5,"[1, 0, 0, 0, 1, 0, 1, 0, 1, 1]",1.44,1.68,2.67,1.0,6631843.45
MNPR,61.26,6,"[1, 0, 0, 0, 1, 1, 1, 0, 1, 1]",57.73,64.93,102.05,30.42,193291.7
IVVD,1.14,4,"[0, 0, 0, 0, 1, 1, 1, 0, 1, 0]",1.4,1.69,2.88,0.52,3198750.9
NRC,19.59,10,"[1, 1, 1, 1, 1, 1, 1, 1, 1, 1]",17.95,16.13,22.27,11.22,112292.9
CBAN,19.87,9,"[0, 1, 1, 1, 1, 1, 1, 1, 1, 1]",19.94,18.24,21.12,14.63,191595.15
LOCO,14.23,10,"[1, 1, 1, 1, 1, 1, 1, 1, 1, 1]",13.85,11.42,14.87,9.06,408222.45
EOLS,6.17,6,"[1, 1, 1, 0, 0, 0, 1, 0, 1, 1]",5.35,5.95,10.24,3.94,924833.05
AUTL,1.75,7,"[1, 1, 1, 1, 0, 0, 1, 0, 1, 1]",1.54,1.54,2.68,1.21,1724546.45
XFOR,4.04,8,"[0, 1, 1, 1, 1, 1, 1, 1, 1, 0]",4.13,3.74,4.66,1.42,378111.2
GRRR,21.78,8,"[1, 1, 1, 1, 0, 0, 1, 1, 1, 1]",13.47,14.41,25.23,9.48,1435728.0
ABAT,3.94,7,"[1, 1, 1, 0, 0, 1, 1, 0, 1, 1]",3.16,3.84,11.33,1.23,6212364.4
ASPN,6.22,7,"[1, 1, 1, 1, 0, 0, 1, 0, 1, 1]",4.31,4.73,8.82,2.57,1977244.1
SSP,3.44,6,"[0, 0, 1, 1, 1, 1, 1, 0, 1, 0]",4.07,3.27,5.16,1.54,691746.75
VREX,9.94,4,"[0, 0, 0, 0, 1, 1, 1, 0, 1, 0]",10.91,11.85,14.36,6.96,536543.55
LRMR,3.3,4,"[0, 0, 0, 1, 0, 1, 1, 0, 1, 0]",4.26,4.01,5.95,2.41,1798040.55
IPSC,2.17,7,"[0, 1, 1, 1, 1, 1, 1, 0, 1, 0]",2.28,1.41,2.94,0.47,823403.0
NEWT,13.64,10,"[1, 1, 1, 1, 1, 1, 1, 1, 1, 1]",12.62,11.79,14.4,9.3,166535.8
VOXR,5.71,10,"[1, 1, 1, 1, 1, 1, 1, 1, 1, 1]",5.57,4.87,6.41,3.05,439477.75
XNET,5.41,3,"[0, 0, 0, 0, 0, 1, 1, 0, 1, 0]",6.01,7.04,10.78,4.05,240615.65
VELO,22.13,10,"[1, 1, 1, 1, 1, 1, 1, 1, 1, 1]",14.87,10.31,25.8,2.97,3355185.9
HNST,3.38,7,"[1, 1, 1, 1, 0, 0, 1, 0, 1, 1]",3.24,3.1,5.16,2.1,1850015.1
TOI,4.59,9,"[1, 1, 1, 1, 0, 1, 1, 1, 1, 1]",3.7,3.49,4.78,2.05,1759710.05
RCKT,2.89,3,"[0, 0, 0, 0, 1, 1, 0, 0, 1, 0]",3.55,3.57,5.3,2.45,2389529.45
DCTH,10.53,6,"[1, 1, 1, 1, 0, 1, 0, 0, 1, 0]",10.52,10.21,16.87,8.19,520995.15
CDZI,4.85,6,"[1, 0, 0, 0, 1, 1, 1, 0, 1, 1]",4.69,5.0,6.92,2.79,925693.7
OPAL,2.28,3,"[1, 0, 0, 0, 0, 0, 0, 0, 1, 1]",2.27,2.32,3.28,1.94,254753.4
ISTR,28.43,10,"[1, 1, 1, 1, 1, 1, 1, 1, 1, 1]",28.0,25.99,29.99,17.67,124906.95
OSS,19.95,10,"[1, 1, 1, 1, 1, 1, 1, 1, 1, 1]",11.9,8.36,19.95,2.77,2576133.7
XPER,7.99,9,"[1, 1, 1, 1, 0, 1, 1, 1, 1, 1]",6.8,6.26,8.21,5.11,648384.55
TBRG,25.96,10,"[1, 1, 1, 1, 1, 1, 1, 1, 1, 1]",22.5,20.89,25.96,14.0,219323.3
QUAD,7.53,9,"[1, 1, 1, 1, 1, 1, 1, 1, 1, 0]",7.23,6.33,8.32,4.81,174262.6
FUFU,2.09,3,"[1, 0, 0, 0, 0, 0, 1, 0, 1, 0]",2.08,2.86,4.29,1.56,228113.05
CLPT,12.37,5,"[1, 0, 0, 0, 0, 1, 1, 0, 1, 1]",10.84,14.15,29.6,8.66,642476.65
EGHT,2.23,9,"[1, 1, 1, 1, 1, 1, 1, 1, 1, 0]",2.06,2.04,2.76,1.59,2085160.35
PBYI,6.98,8,"[0, 1, 1, 1, 1, 1, 1, 1, 1, 0]",7.13,6.01,7.8,3.07,285819.05
ISSC,17.19,6,"[0, 0, 1, 1, 1, 1, 1, 0, 1, 0]",20.7,17.03,30.56,8.32,571219.6
DVLT,0.51,2,"[0, 0, 0, 0, 0, 0, 1, 0, 1, 0]",0.62,1.01,3.42,0.28,58704826.9
VNDA,6.13,5,"[0, 0, 0, 1, 1, 1, 1, 0, 1, 0]",6.8,6.31,9.56,4.19,1136671.0
RNGR,16.18,8,"[0, 1, 1, 1, 1, 1, 1, 1, 1, 0]",16.76,14.98,18.36,10.99,237418.55
AMCX,10.54,9,"[1, 1, 1, 0, 1, 1, 1, 1, 1, 1]",8.23,8.12,10.54,5.63,596960.95
SVCO,12.17,10,"[1, 1, 1, 1, 1, 1, 1, 1, 1, 1]",9.2,5.84,12.46,3.23,456187.65
CLMB,22.49,4,"[1, 0, 0, 0, 0, 0, 1, 0, 1, 1]",20.74,26.79,35.79,16.68,147370.35
API,5.26,9,"[1, 1, 1, 0, 1, 1, 1, 1, 1, 1]",3.82,3.89,5.26,3.24,616623.75
ACCO,3.88,7,"[1, 1, 1, 0, 0, 1, 1, 1, 1, 0]",3.4,3.57,4.08,2.78,944444.15
RMNI,4.27,7,"[1, 1, 1, 0, 0, 0, 1, 1, 1, 1]",3.57,3.88,5.24,2.97,449307.0
XRX,3.29,6,"[1, 1, 1, 0, 0, 0, 1, 0, 1, 1]",2.04,2.56,6.41,1.22,7130749.45
BNED,10.86,9,"[1, 1, 1, 1, 0, 1, 1, 1, 1, 1]",9.88,9.03,12.18,6.12,272121.1
DDD,3.88,9,"[1, 1, 1, 1, 0, 1, 1, 1, 1, 1]",2.48,2.38,3.88,1.37,5987247.6
DIN,29.57,8,"[1, 0, 1, 0, 1, 1, 1, 1, 1, 1]",28.22,28.8,38.55,19.74,543462.35
TG,7.99,5,"[0, 0, 0, 1, 1, 1, 0, 1, 1, 0]",8.57,8.1,10.35,6.29,214801.0
FRST,14.89,10,"[1, 1, 1, 1, 1, 1, 1, 1, 1, 1]",13.98,12.36,14.89,9.11,196836.7
EVTL,2.66,4,"[1, 0, 0, 0, 0, 0, 1, 0, 1, 1]",2.55,4.38,7.28,2.02,3465382.85
IRD,3.99,7,"[0, 1, 1, 1, 1, 1, 1, 0, 1, 0]",4.89,2.99,5.75,0.91,935959.15
LE,11.87,4,"[1, 0, 0, 0, 0, 0, 1, 0, 1, 1]",11.57,14.52,19.15,7.91,228255.6
QUIK,21.8,10,"[1, 1, 1, 1, 1, 1, 1, 1, 1, 1]",15.12,8.91,22.75,4.89,711023.4
TLS,5.2,6,"[1, 1, 0, 0, 0, 1, 1, 0, 1, 1]",4.4,5.43,7.76,2.38,904620.0
SHIP,15.74,10,"[1, 1, 1, 1, 1, 1, 1, 1, 1, 1]",14.68,10.85,16.68,6.05,291062.35
DBI,8.58,10,"[1, 1, 1, 1, 1, 1, 1, 1, 1, 1]",6.86,5.68,8.58,2.15,469726.0
ALTO,5.67,10,"[1, 1, 1, 1, 1, 1, 1, 1, 1, 1]",4.93,2.82,5.99,0.92,2575492.85
SSSS,14.91,10,"[1, 1, 1, 1, 1, 1, 1, 1, 1, 1]",12.73,10.09,14.91,6.27,328434.3
PAYS,7.4,8,"[1, 1, 1, 1, 0, 0, 1, 1, 1, 1]",6.14,5.2,8.56,3.18,944014.2
VMD,9.48,8,"[0, 1, 1, 1, 1, 1, 1, 1, 1, 0]",9.54,7.89,10.05,5.93,267482.55
CURR,3.28,8,"[1, 1, 1, 1, 1, 1, 1, 0, 1, 0]",3.25,2.32,4.49,0.36,239074.3
MEI,12.5,10,"[1, 1, 1, 1, 1, 1, 1, 1, 1, 1]",8.42,7.54,13.87,5.01,1339330.05
NAUT,2.68,7,"[0, 1, 1, 1, 1, 1, 1, 0, 1, 0]",2.94,1.99,3.95,0.64,438054.2
DMAC,5.77,4,"[0, 0, 0, 0, 1, 1, 1, 0, 1, 0]",6.32,7.18,9.39,3.51,168861.6
CAN,0.39,1,"[0, 0, 0, 0, 0, 0, 0, 0, 1, 0]",0.47,0.77,2.05,0.39,9621797.5
RMAX,9.21,8,"[1, 1, 1, 1, 0, 1, 1, 1, 1, 0]",8.07,8.03,11.29,5.66,556682.9
NMRA,1.75,4,"[0, 0, 0, 0, 1, 1, 1, 0, 1, 0]",2.08,2.2,3.59,0.73,1265612.4
HLLY,2.62,4,"[0, 0, 0, 0, 1, 1, 1, 0, 1, 0]",2.97,3.51,4.39,1.99,1006194.85
LVWR,1.39,1,"[0, 0, 0, 0, 0, 0, 0, 0, 1, 0]",1.62,3.27,7.48,1.22,143949.45
IMRX,4.28,3,"[0, 0, 0, 0, 0, 1, 1, 0, 1, 0]",5.32,5.82,9.26,1.82,2035705.2
TSSI,15.09,7,"[1, 1, 1, 1, 0, 0, 1, 0, 1, 1]",13.63,12.66,31.1,6.92,2096233.3
SLP,16.77,8,"[1, 1, 1, 0, 1, 1, 1, 0, 1, 1]",14.12,15.56,28.04,11.36,372687.15
ABEO,5.69,7,"[1, 1, 1, 1, 0, 0, 1, 1, 1, 0]",5.28,5.32,7.23,4.17,1139093.3
REPL,8.87,7,"[1, 1, 1, 0, 1, 0, 1, 0, 1, 1]",4.8,6.83,12.63,1.7,9106168.65
DSX,2.39,8,"[0, 1, 1, 1, 1, 1, 1, 1, 1, 0]",2.56,2.08,2.9,1.44,1232616.05
STRZ,26.24,10,"[1, 1, 1, 1, 1, 1, 1, 1, 1, 1]",18.13,13.37,26.24,8.65,184244.2
SLN,6.37,8,"[0, 1, 1, 1, 1, 1, 1, 1, 1, 0]",6.58,6.01,7.97,4.3,210501.45
ATOM,9.85,9,"[1, 1, 1, 1, 1, 1, 1, 1, 1, 0]",7.15,4.32,12.11,1.99,2345462.1
BRCC,1.56,8,"[1, 1, 1, 1, 0, 0, 1, 1, 1, 1]",1.16,1.18,2.03,0.62,2119823.15
TYGO,3.76,7,"[0, 1, 1, 1, 1, 1, 1, 0, 1, 0]",4.15,2.82,5.16,1.08,714768.1
PINE,19.43,9,"[1, 1, 1, 1, 1, 1, 1, 1, 1, 0]",19.07,16.85,20.21,12.76,159729.7
AZ,7.03,6,"[0, 1, 1, 1, 0, 0, 1, 0, 1, 1]",7.17,6.94,11.9,5.12,630646.25
ZNTL,3.95,8,"[1, 1, 1, 1, 1, 1, 1, 0, 1, 0]",3.84,2.39,6.61,1.16,977610.95
RPAY,3.93,5,"[1, 1, 1, 0, 0, 0, 1, 0, 1, 0]",3.4,3.91,5.96,2.4,619569.25
ASYS,21.95,10,"[1, 1, 1, 1, 1, 1, 1, 1, 1, 1]",17.16,12.09,22.82,3.91,374825.85
NVCT,9.51,10,"[1, 1, 1, 1, 1, 1, 1, 1, 1, 1]",9.19,7.74,12.45,5.65,129449.8
MASS,8.85,9,"[1, 1, 1, 1, 0, 1, 1, 1, 1, 1]",7.13,6.76,9.15,5.09,313690.85
FLWS,4.7,7,"[1, 1, 1, 1, 0, 0, 1, 0, 1, 1]",3.81,4.09,6.94,3.0,774016.2
RZLT,4.0,4,"[1, 0, 0, 0, 0, 0, 1, 0, 1, 1]",3.27,5.37,10.94,1.4,1405322.65
PRLD,3.5,7,"[0, 1, 1, 1, 1, 1, 1, 0, 1, 0]",4.23,2.47,5.52,0.78,372781.45
GSIT,10.45,10,"[1, 1, 1, 1, 1, 1, 1, 1, 1, 1]",7.73,6.76,12.97,2.91,2973626.1
ZIP,3.65,6,"[1, 1, 1, 0, 0, 0, 1, 0, 1, 1]",2.81,3.6,6.45,1.69,862199.4
EDIT,2.82,6,"[0, 1, 1, 1, 0, 1, 1, 0, 1, 0]",2.92,2.67,4.15,1.66,2928550.35
RILY,9.79,10,"[1, 1, 1, 1, 1, 1, 1, 1, 1, 1]",8.29,6.65,10.68,2.91,1149801.55
CXDO,10.03,10,"[1, 1, 1, 1, 1, 1, 1, 1, 1, 1]",7.76,6.85,10.47,5.14,739838.85
PALI,1.86,6,"[0, 0, 1, 1, 1, 1, 1, 0, 1, 0]",2.01,1.71,2.8,0.54,2870787.0
BKKT,9.8,4,"[1, 0, 0, 0, 0, 0, 1, 0, 1, 1]",8.99,14.54,45.04,6.95,2434484.25
SMWB,4.38,4,"[1, 0, 0, 0, 0, 0, 1, 0, 1, 1]",3.03,6.05,10.4,2.33,956011.3
SY,2.1,2,"[0, 0, 0, 0, 0, 0, 1, 0, 1, 0]",2.74,3.16,5.87,0.89,899058.75
VFF,2.5,4,"[0, 0, 0, 0, 1, 1, 1, 0, 1, 0]",2.72,3.13,4.18,1.03,1132604.9
ELDN,3.53,8,"[1, 1, 1, 1, 0, 1, 1, 1, 1, 0]",3.52,2.67,4.36,1.39,1100786.9
FNKO,5.29,10,"[1, 1, 1, 1, 1, 1, 1, 1, 1, 1]",4.34,3.73,5.68,2.46,959864.45
VLN,3.31,9,"[1, 1, 1, 1, 0, 1, 1, 1, 1, 1]",2.07,1.8,3.53,1.11,3671417.4
SGHT,4.34,6,"[1, 0, 0, 0, 1, 1, 1, 0, 1, 1]",4.31,5.24,9.05,3.2,206860.3
SHMD,6.63,8,"[1, 1, 1, 0, 1, 1, 1, 0, 1, 1]",6.23,5.5,10.42,2.1,1162568.7
OPTX,13.23,10,"[1, 1, 1, 1, 1, 1, 1, 1, 1, 1]",8.9,4.75,13.23,1.24,1396828.25
ACIU,2.42,4,"[0, 0, 0, 0, 1, 1, 1, 0, 1, 0]",2.9,2.96,3.99,1.65,287208.3
MBI,5.75,3,"[0, 0, 0, 0, 0, 1, 1, 0, 1, 0]",5.94,6.74,8.13,4.21,405431.55
TARA,4.34,4,"[0, 0, 0, 0, 1, 1, 1, 0, 1, 0]",5.09,5.21,7.56,2.78,773707.35
PDYN,8.6,7,"[1, 1, 1, 1, 0, 0, 1, 0, 1, 1]",6.56,6.88,12.68,4.15,1982740.95
CCCC,4.34,10,"[1, 1, 1, 1, 1, 1, 1, 1, 1, 1]",3.06,2.58,4.38,1.4,3012483.65
FVCB,16.09,10,"[1, 1, 1, 1, 1, 1, 1, 1, 1, 1]",15.49,14.06,16.12,11.09,215263.5
DEFT,0.57,1,"[0, 0, 0, 0, 0, 0, 0, 0, 1, 0]",0.71,1.24,3.48,0.48,4672290.05
USAU,15.81,4,"[0, 0, 0, 0, 1, 1, 1, 0, 1, 0]",15.86,16.61,22.6,10.22,184949.0
FATE,2.57,10,"[1, 1, 1, 1, 1, 1, 1, 1, 1, 1]",1.67,1.3,2.84,0.92,4890096.6
CGEN,2.26,7,"[0, 1, 1, 1, 1, 1, 1, 0, 1, 0]",2.61,1.93,3.1,1.33,585919.8
ALXO,1.78,7,"[0, 1, 1, 1, 1, 1, 1, 0, 1, 0]",1.87,1.65,2.6,0.41,979147.45
ACH,2.83,4,"[0, 1, 0, 1, 0, 0, 1, 0, 1, 0]",2.99,3.36,9.42,1.91,953411.4
CNDT,1.71,5,"[1, 1, 0, 0, 0, 0, 1, 0, 1, 1]",1.57,1.96,2.96,1.16,1599080.15
AIRS,5.22,7,"[1, 1, 1, 1, 0, 0, 1, 0, 1, 1]",3.56,4.48,11.65,1.58,1242498.65
IKT,1.7,5,"[0, 0, 0, 1, 1, 1, 0, 1, 1, 0]",1.78,1.71,2.14,1.41,698275.55
PRE,20.97,10,"[1, 1, 1, 1, 1, 1, 1, 1, 1, 1]",18.22,15.69,22.15,7.01,282587.5
RDCM,15.4,8,"[1, 1, 1, 1, 0, 1, 1, 1, 1, 0]",14.06,13.25,16.14,10.68,206712.0
CHRS,1.52,5,"[0, 0, 0, 1, 1, 1, 1, 0, 1, 0]",1.71,1.59,2.51,0.72,1459806.25
ARTV,6.87,7,"[0, 1, 1, 1, 1, 1, 1, 0, 1, 0]",8.78,5.18,13.39,1.47,713076.9
SIDU,4.91,10,"[1, 1, 1, 1, 1, 1, 1, 1, 1, 1]",3.78,2.24,6.2,0.63,29077150.05
TRDA,6.64,5,"[0, 0, 0, 1, 1, 1, 1, 0, 1, 0]",10.96,9.39,16.03,5.02,707334.75
LAW,4.25,3,"[1, 0, 0, 0, 0, 0, 1, 0, 1, 0]",3.98,5.54,8.91,2.76,542036.2
OPRT,5.06,2,"[0, 0, 0, 1, 0, 0, 0, 0, 1, 0]",5.3,5.44,7.69,4.13,603184.1
JACK,12.75,4,"[1, 0, 0, 0, 0, 0, 1, 0, 1, 1]",11.88,16.83,24.88,9.4,977236.15
ARCT,7.65,3,"[0, 1, 0, 1, 0, 0, 0, 0, 1, 0]",8.04,10.39,23.16,5.9,475810.4
FOSL,4.15,7,"[0, 1, 1, 1, 1, 1, 1, 0, 1, 0]",4.54,3.61,5.61,1.3,946395.35
STRT,77.78,9,"[1, 1, 1, 0, 1, 1, 1, 1, 1, 1]",75.14,74.82,90.91,54.34,111441.75
INSG,14.54,7,"[1, 1, 1, 1, 0, 1, 1, 0, 1, 0]",14.09,12.71,20.29,6.4,415054.4
FHTX,3.63,2,"[0, 0, 0, 0, 1, 0, 0, 0, 1, 0]",4.62,4.94,6.68,3.53,168416.85
CDXS,2.69,8,"[1, 1, 1, 1, 0, 0, 1, 1, 1, 1]",2.38,2.04,3.33,0.98,990623.3
VUZI,4.57,9,"[1, 1, 1, 1, 0, 1, 1, 1, 1, 1]",3.0,2.89,5.14,1.9,2972935.15
NXDT,5.19,10,"[1, 1, 1, 1, 1, 1, 1, 1, 1, 1]",4.75,3.85,5.47,2.4,173167.7
SILC,44.71,10,"[1, 1, 1, 1, 1, 1, 1, 1, 1, 1]",33.39,20.98,50.98,13.5,195973.1
RNAC,6.41,1,"[0, 0, 0, 0, 0, 0, 0, 0, 1, 0]",6.81,7.88,13.77,5.85,180290.7
NBP,1.71,1,"[0, 0, 0, 0, 0, 0, 0, 0, 1, 0]",2.26,3.59,6.56,1.68,877146.45
XPOF,5.72,2,"[0, 0, 0, 0, 0, 0, 1, 0, 1, 0]",6.22,7.17,11.01,4.26,796614.0
AP,11.71,10,"[1, 1, 1, 1, 1, 1, 1, 1, 1, 1]",9.58,5.65,12.2,1.85,162837.45
NVA,7.02,7,"[1, 0, 1, 0, 1, 1, 1, 0, 1, 1]",6.12,6.52,14.37,1.83,524801.9
CANG,0.42,1,"[0, 0, 0, 0, 0, 0, 0, 0, 1, 0]",0.46,1.31,2.75,0.34,1047273.65
LTRX,7.94,10,"[1, 1, 1, 1, 1, 1, 1, 1, 1, 1]",6.3,5.6,8.45,2.2,1460285.0
VYGR,3.59,2,"[0, 0, 0, 0, 0, 1, 0, 0, 1, 0]",3.91,4.09,5.33,2.94,599134.75
DUOT,13.81,9,"[1, 1, 1, 0, 1, 1, 1, 1, 1, 1]",8.89,8.8,14.64,6.0,885557.7
AIRJ,5.48,7,"[1, 1, 1, 0, 0, 0, 1, 1, 1, 1]",3.43,3.93,6.59,2.51,1417962.6
EAF,11.15,4,"[1, 0, 0, 0, 0, 0, 1, 0, 1, 1]",8.37,11.72,19.82,5.23,256217.6
OSG,5.18,4,"[1, 0, 0, 0, 0, 0, 1, 0, 1, 1]",4.91,6.97,10.08,3.94,949422.3
OABI,2.62,9,"[1, 1, 1, 0, 1, 1, 1, 1, 1, 1]",1.79,1.76,2.72,1.36,1055066.9
SPCE,4.59,6,"[1, 1, 1, 0, 0, 0, 1, 0, 1, 1]",2.97,3.21,7.52,2.17,43606834.85
WLAC,18.83,10,"[1, 1, 1, 1, 1, 1, 1, 1, 1, 1]",13.88,12.2,20.79,10.16,513321.35
POWW,2.06,10,"[1, 1, 1, 1, 1, 1, 1, 1, 1, 1]",2.03,1.8,2.15,1.09,450808.95
OBIO,3.91,5,"[0, 0, 1, 0, 1, 1, 1, 0, 1, 0]",4.15,3.89,5.35,2.35,266446.6
ALTG,6.44,6,"[1, 1, 1, 1, 0, 0, 1, 0, 1, 0]",6.43,6.35,8.62,4.19,427580.1
HUMA,1.39,6,"[1, 1, 1, 0, 0, 0, 1, 0, 1, 1]",0.86,1.21,2.73,0.57,8040768.4
LOVE,15.47,7,"[1, 1, 1, 1, 0, 0, 1, 0, 1, 1]",15.43,14.93,20.89,10.54,136384.55
ALEC,1.95,5,"[0, 1, 0, 1, 0, 1, 1, 0, 1, 0]",2.3,2.12,3.32,1.14,713235.7
UIS,4.62,8,"[1, 1, 1, 1, 0, 0, 1, 1, 1, 1]",2.75,3.01,4.96,2.0,1170857.5
LFMD,4.69,6,"[1, 1, 1, 1, 0, 0, 1, 0, 1, 0]",4.24,4.54,15.06,2.64,989687.0
WALD,1.85,6,"[1, 1, 1, 0, 0, 0, 1, 0, 1, 1]",1.17,1.68,3.08,0.76,921416.7
BZAI,1.93,3,"[1, 0, 0, 0, 0, 0, 1, 0, 1, 0]",1.8,2.45,6.29,1.02,9911995.45
HRTX,0.45,1,"[0, 0, 0, 0, 0, 0, 0, 0, 1, 0]",0.94,1.16,2.23,0.45,3330411.15
GPRO,1.14,3,"[1, 0, 0, 0, 0, 0, 1, 0, 1, 0]",1.1,1.44,2.88,0.63,7943104.1
CRNT,3.17,10,"[1, 1, 1, 1, 1, 1, 1, 1, 1, 1]",2.5,2.29,3.17,1.84,803289.2
NKTX,2.91,9,"[1, 1, 1, 1, 1, 1, 1, 1, 1, 0]",2.75,2.28,3.49,1.66,657184.65
AREC,2.74,5,"[1, 0, 0, 0, 0, 1, 1, 0, 1, 1]",2.3,2.87,6.81,0.65,3571792.2
MIST,1.32,3,"[0, 0, 0, 0, 0, 1, 1, 0, 1, 0]",1.66,1.89,2.95,1.01,1560892.75
LPRO,2.48,8,"[1, 1, 1, 1, 0, 0, 1, 1, 1, 1]",1.7,1.78,2.64,1.2,1297358.35
IMPP,5.24,10,"[1, 1, 1, 1, 1, 1, 1, 1, 1, 1]",4.74,4.45,6.35,2.97,638299.15
RELL,17.79,10,"[1, 1, 1, 1, 1, 1, 1, 1, 1, 1]",14.28,11.64,18.42,8.68,347716.1
OSUR,4.0,9,"[1, 1, 1, 1, 0, 1, 1, 1, 1, 1]",3.2,2.91,4.3,2.11,897853.7
CNTX,2.42,8,"[0, 1, 1, 1, 1, 1, 1, 0, 1, 1]",2.5,1.76,3.36,0.55,645295.7
MVIS,0.41,1,"[0, 0, 0, 0, 0, 0, 0, 0, 1, 0]",0.64,0.9,1.5,0.41,9365300.65
AMPY,4.76,5,"[0, 0, 0, 1, 1, 1, 1, 0, 1, 0]",5.67,5.13,6.63,3.18,739221.65
TNYA,0.79,4,"[1, 0, 0, 0, 0, 1, 1, 0, 1, 0]",0.77,1.03,2.1,0.49,5161941.65
SMRT,1.23,4,"[0, 0, 0, 0, 1, 1, 1, 0, 1, 0]",1.36,1.56,2.12,0.88,1442439.75
SRI,7.61,7,"[1, 1, 1, 0, 0, 0, 1, 1, 1, 1]",6.46,6.84,9.17,4.72,183637.6
FF,4.3,8,"[1, 1, 1, 1, 0, 1, 1, 1, 1, 0]",4.22,3.77,4.98,3.0,318343.15
ANNA,3.25,3,"[0, 0, 0, 1, 0, 0, 1, 0, 1, 0]",4.68,3.73,10.24,2.31,532565.75
SND,4.91,8,"[0, 1, 1, 1, 1, 1, 1, 1, 1, 0]",4.95,3.6,5.51,1.73,296294.05
SABS,3.48,6,"[0, 0, 1, 0, 1, 1, 1, 1, 1, 0]",3.76,3.42,4.59,1.69,1043647.95
SHIM,3.75,7,"[0, 1, 1, 1, 1, 1, 1, 0, 1, 0]",4.49,3.37,6.67,1.47,225326.8
SLNH,1.65,7,"[1, 1, 1, 0, 0, 1, 1, 0, 1, 1]",1.32,1.53,4.42,0.43,27930050.6
DMRC,15.47,8,"[1, 1, 1, 1, 0, 0, 1, 1, 1, 1]",8.34,7.8,16.43,4.36,290054.95
PLBY,1.39,2,"[0, 0, 0, 0, 1, 0, 0, 0, 1, 0]",1.58,1.68,2.71,1.2,1201120.25
TONX,3.96,6,"[1, 1, 0, 1, 0, 0, 1, 0, 1, 1]",2.87,4.47,22.45,1.8,599840.3
TKNO,5.18,7,"[1, 1, 1, 0, 0, 0, 1, 1, 1, 1]",3.44,3.93,6.37,1.99,150847.4
KLTR,1.52,6,"[1, 1, 1, 0, 0, 0, 1, 0, 1, 1]",1.33,1.48,2.25,1.08,466441.25
EGAN,7.74,5,"[1, 0, 0, 0, 1, 1, 1, 0, 1, 0]",7.53,9.58,15.46,5.5,357589.0
PESI,10.18,2,"[0, 0, 0, 0, 1, 0, 0, 0, 1, 0]",11.21,12.39,15.76,8.19,306212.5
TENX,10.95,6,"[0, 0, 1, 1, 1, 1, 1, 0, 1, 0]",13.34,10.74,18.27,5.62,670059.55
ONEW,11.36,4,"[1, 0, 0, 0, 0, 0, 1, 0, 1, 1]",10.41,12.74,17.46,8.35,108445.6
UNCY,7.23,8,"[0, 1, 1, 1, 1, 1, 1, 1, 1, 0]",7.3,5.97,9.0,3.74,720707.25
DPRO,7.47,7,"[1, 1, 1, 0, 0, 1, 1, 0, 1, 1]",5.69,7.03,13.77,1.88,2310737.6
DTIL,6.32,7,"[0, 1, 1, 1, 1, 1, 1, 0, 1, 0]",7.03,5.55,8.61,3.57,319830.25
VERI,1.99,2,"[0, 0, 0, 0, 0, 0, 1, 0, 1, 0]",2.12,3.78,8.39,1.22,3142982.75
SLQT,1.03,4,"[1, 0, 0, 0, 0, 0, 1, 0, 1, 1]",0.87,1.39,2.69,0.59,3091411.4
QSI,1.24,6,"[1, 1, 1, 0, 0, 0, 1, 0, 1, 1]",0.93,1.24,2.63,0.71,6896302.9
XYF,4.91,3,"[1, 0, 0, 0, 0, 0, 1, 0, 1, 0]",4.5,7.7,18.91,3.22,140086.15
KPTI,9.23,9,"[1, 1, 1, 1, 1, 1, 1, 1, 1, 0]",8.01,7.13,10.09,3.77,476195.7
CRBP,7.54,3,"[0, 0, 0, 1, 0, 1, 0, 0, 1, 0]",9.86,10.34,19.36,6.9,694719.6
DGXX,7.86,10,"[1, 1, 1, 1, 1, 1, 1, 1, 1, 1]",4.65,3.47,8.46,1.46,23074631.3
KRMD,4.05,5,"[0, 0, 0, 0, 1, 1, 1, 0, 1, 1]",4.15,4.58,6.52,2.82,134995.0
CRBU,2.32,9,"[1, 1, 1, 1, 0, 1, 1, 1, 1, 1]",2.05,1.95,2.84,1.05,1792953.05
BHR,2.47,6,"[1, 0, 0, 0, 1, 1, 0, 1, 1, 1]",2.45,2.65,3.14,2.0,325616.6
INGN,6.09,2,"[0, 0, 0, 1, 0, 0, 0, 0, 1, 0]",6.63,7.02,8.95,5.59,406201.0
SUUN,1.44,6,"[1, 1, 1, 0, 0, 0, 1, 0, 1, 1]",0.69,1.35,2.48,0.5,3054211.0
MGNX,4.05,10,"[1, 1, 1, 1, 1, 1, 1, 1, 1, 1]",3.48,2.19,4.53,1.19,1527540.45
ATLX,4.55,1,"[0, 0, 0, 0, 0, 0, 0, 0, 1, 0]",4.68,4.98,7.45,3.73,945233.2
TLSA,1.36,2,"[1, 0, 0, 0, 0, 0, 0, 0, 1, 0]",1.35,1.59,2.5,1.15,252288.85
IFRX,2.17,9,"[1, 1, 1, 1, 0, 1, 1, 1, 1, 1]",1.76,1.3,2.74,0.77,3067795.4
TRAK,10.46,4,"[1, 0, 0, 0, 0, 0, 1, 0, 1, 1]",8.79,12.04,21.84,7.13,101979.8
WTF,3.38,1,"[0, 0, 0, 0, 0, 0, 0, 0, 1, 0]",3.58,4.23,7.1,2.82,363191.2
ELTX,11.49,9,"[1, 1, 1, 1, 0, 1, 1, 1, 1, 1]",10.86,9.96,13.84,7.47,137479.1
CVGI,5.54,10,"[1, 1, 1, 1, 1, 1, 1, 1, 1, 1]",4.42,2.4,5.54,1.27,583782.85
ABOS,2.37,7,"[0, 1, 1, 1, 1, 1, 1, 0, 1, 0]",2.52,2.18,3.37,1.04,318253.85
DOUG,1.77,1,"[0, 0, 0, 0, 0, 0, 0, 0, 1, 0]",1.8,2.36,3.11,1.56,478774.35
AMTX,2.58,5,"[0, 1, 1, 1, 0, 0, 1, 0, 1, 0]",2.72,2.15,3.66,1.32,1533042.15
ZEPP,7.6,2,"[0, 0, 0, 0, 0, 0, 1, 0, 1, 0]",12.8,27.72,61.27,2.28,143893.0
SKYX,1.25,5,"[1, 0, 0, 0, 1, 1, 0, 0, 1, 1]",1.17,1.64,3.13,1.0,2367834.25
CVRX,5.43,1,"[0, 0, 0, 0, 0, 0, 0, 0, 1, 0]",7.28,7.86,10.81,4.74,383738.55
LFCR,5.45,4,"[1, 0, 0, 0, 0, 0, 1, 0, 1, 1]",4.69,6.71,8.82,3.66,199901.2
EPSN,5.81,7,"[0, 1, 1, 1, 1, 1, 1, 0, 1, 0]",6.11,5.23,8.1,4.2,193169.05
ADAG,3.39,7,"[0, 1, 1, 1, 1, 1, 1, 0, 1, 0]",3.79,2.63,4.61,1.4,131193.9
KRRO,11.0,2,"[0, 0, 0, 0, 0, 0, 1, 0, 1, 0]",12.4,18.29,51.36,5.28,138549.15
DOMO,4.28,4,"[1, 0, 0, 0, 0, 0, 1, 0, 1, 1]",3.5,8.58,18.2,2.42,669901.15
PYXS,1.71,4,"[0, 0, 0, 0, 1, 1, 1, 0, 1, 0]",1.8,2.27,5.34,1.04,784931.2
BDTX,2.18,1,"[0, 0, 0, 0, 0, 0, 0, 0, 1, 0]",2.65,2.94,4.87,2.03,2177411.6
CNTN,2.37,3,"[0, 0, 0, 0, 0, 1, 1, 0, 1, 0]",3.27,3.4,7.71,1.17,669012.4
TBI,6.74,8,"[1, 1, 1, 1, 0, 0, 1, 1, 1, 1]",4.86,5.05,7.68,3.31,374842.05
THRY,3.9,4,"[1, 0, 0, 0, 0, 0, 1, 0, 1, 1]",3.35,6.5,13.85,2.1,995012.85
HYPR,1.5,7,"[1, 1, 1, 1, 0, 1, 1, 0, 1, 0]",1.4,1.26,2.2,0.69,585670.8
ORMP,3.6,8,"[0, 1, 1, 1, 1, 1, 1, 1, 1, 0]",3.88,2.98,4.73,1.92,219528.75
RFIL,18.78,10,"[1, 1, 1, 1, 1, 1, 1, 1, 1, 1]",14.43,9.74,19.38,4.04,251639.2
MX,8.34,10,"[1, 1, 1, 1, 1, 1, 1, 1, 1, 1]",4.13,3.18,8.8,2.27,3820409.0
OWLT,5.25,3,"[0, 0, 0, 0, 1, 0, 0, 0, 1, 1]",5.35,9.24,16.52,4.53,233120.2
KZIA,11.79,8,"[1, 1, 1, 1, 1, 1, 1, 0, 1, 0]",11.11,8.61,15.72,4.79,199346.25
ONL,2.95,9,"[1, 1, 1, 1, 0, 1, 1, 1, 1, 1]",2.59,2.46,3.0,1.84,343466.65
IMDX,5.95,8,"[1, 1, 1, 0, 1, 1, 1, 0, 1, 1]",4.5,5.03,8.48,2.4,392623.95
ANTX,4.07,8,"[1, 1, 1, 1, 1, 1, 1, 0, 1, 0]",4.07,2.09,5.46,1.03,237610.95
IMUX,14.64,10,"[1, 1, 1, 1, 1, 1, 1, 1, 1, 1]",11.62,8.95,15.13,5.1,270390.35
DIBS,4.38,4,"[0, 0, 0, 0, 1, 1, 1, 0, 1, 0]",5.08,4.65,6.43,2.53,306140.85
CURV,1.54,5,"[0, 1, 1, 1, 0, 0, 1, 0, 1, 0]",1.71,1.47,5.24,0.97,323437.85
APYX,3.85,10,"[1, 1, 1, 1, 1, 1, 1, 1, 1, 1]",3.78,3.4,4.4,1.62,212861.2
RGP,4.64,7,"[1, 1, 1, 0, 0, 0, 1, 1, 1, 1]",4.02,4.32,5.66,3.42,338141.8
CHPT,8.17,6,"[1, 1, 1, 0, 0, 0, 1, 0, 1, 1]",6.21,8.02,17.46,4.51,550230.45
BOOM,6.8,5,"[1, 1, 0, 0, 0, 0, 1, 1, 1, 0]",6.24,6.87,8.97,4.73,221753.2
WATT,31.27,10,"[1, 1, 1, 1, 1, 1, 1, 1, 1, 1]",23.75,11.86,35.33,3.76,397231.65
DHX,3.78,9,"[1, 1, 1, 1, 0, 1, 1, 1, 1, 1]",3.09,2.41,3.87,1.5,369991.25
HURA,2.18,6,"[0, 1, 1, 1, 0, 0, 1, 0, 1, 1]",2.28,1.92,3.25,0.44,553618.55
BZUN,2.68,2,"[1, 0, 0, 0, 0, 0, 0, 0, 1, 0]",2.62,2.97,4.77,2.1,293467.35
IDN,4.32,4,"[0, 0, 0, 1, 1, 1, 0, 0, 1, 0]",6.67,5.79,8.99,4.13,715187.85
SPRO,2.83,10,"[1, 1, 1, 1, 1, 1, 1, 1, 1, 1]",2.63,2.35,3.04,1.83,763323.0
NNBR,3.14,9,"[1, 1, 1, 1, 0, 1, 1, 1, 1, 1]",2.19,1.81,3.14,1.14,1234393.25
CRDL,1.15,6,"[0, 1, 1, 1, 1, 1, 0, 0, 1, 0]",1.33,1.12,1.63,0.93,380878.65
AGEN,3.38,2,"[0, 0, 0, 1, 0, 0, 0, 0, 1, 0]",3.74,3.81,7.06,2.77,783692.65
JELD,2.03,4,"[1, 0, 0, 0, 0, 0, 1, 0, 1, 1]",1.43,2.98,6.76,0.95,1729992.65
EDSA,6.83,7,"[0, 1, 1, 1, 1, 1, 1, 0, 1, 0]",9.52,4.09,18.28,0.8,357501.45
VWAV,5.93,3,"[0, 0, 0, 0, 0, 0, 1, 0, 1, 1]",6.0,8.89,14.18,2.3,557492.6
RDZN,1.98,9,"[1, 1, 1, 0, 1, 1, 1, 1, 1, 1]",1.52,1.45,2.41,0.83,760426.95
MBOT,2.01,1,"[0, 0, 0, 0, 0, 0, 0, 0, 1, 0]",2.17,2.46,4.5,1.62,2096921.2
QMCO,12.54,9,"[1, 1, 1, 1, 0, 1, 1, 1, 1, 1]",7.46,7.72,13.35,4.31,909098.15
MED,12.36,7,"[1, 1, 1, 1, 0, 0, 0, 1, 1, 1]",11.35,11.84,15.22,9.53,227502.4
GNLX,2.95,3,"[1, 0, 0, 0, 0, 0, 0, 0, 1, 1]",2.74,3.76,8.24,2.3,169104.4
EMPD,3.95,1,"[0, 0, 0, 0, 0, 0, 0, 0, 1, 0]",4.76,5.41,21.61,3.26,207048.2
GALT,2.42,3,"[0, 0, 0, 0, 0, 0, 1, 0, 1, 1]",2.42,3.84,6.51,1.28,373564.8
BNC,2.75,1,"[0, 0, 0, 0, 0, 0, 0, 0, 1, 0]",2.89,6.84,57.58,2.47,292063.35
SPWR,0.98,1,"[0, 0, 0, 0, 0, 0, 0, 0, 1, 0]",1.09,1.5,2.11,0.83,2209385.95
SRFM,1.13,2,"[0, 0, 0, 0, 0, 0, 0, 0, 1, 1]",1.2,2.59,8.8,1.03,3743470.0
EQ,2.79,10,"[1, 1, 1, 1, 1, 1, 1, 1, 1, 1]",2.14,1.62,3.08,0.29,784736.75
AMWL,8.5,9,"[1, 1, 1, 1, 0, 1, 1, 1, 1, 1]",6.72,5.67,9.83,3.78,103233.4
TTEC,2.63,1,"[0, 0, 0, 0, 0, 0, 0, 0, 1, 0]",2.71,3.14,5.53,2.06,517284.85
DFDV,3.29,1,"[0, 0, 0, 0, 0, 0, 0, 0, 1, 0]",4.16,8.06,31.56,2.99,876409.75
BNAI,14.81,5,"[0, 0, 0, 1, 1, 1, 1, 0, 1, 0]",30.39,16.29,63.0,1.2,309493.5
TMCI,3.47,5,"[1, 1, 0, 0, 0, 0, 1, 0, 1, 1]",2.06,3.61,7.7,1.2,623753.5
CHGG,1.34,7,"[1, 1, 1, 1, 0, 0, 1, 0, 1, 1]",1.03,1.03,1.84,0.45,3161610.25
HSDT,1.6,1,"[0, 0, 0, 0, 0, 0, 0, 0, 1, 0]",2.06,5.0,176.0,1.6,304875.9
SAFX,0.55,5,"[1, 1, 0, 1, 0, 0, 1, 0, 1, 0]",0.46,0.64,36.22,0.14,4543217.75
AIFC,0.79,1,"[0, 0, 0, 0, 0, 0, 0, 0, 1, 0]",0.97,2.07,10.26,0.75,1961136.4
SUIG,1.34,1,"[0, 0, 0, 0, 0, 0, 0, 0, 1, 0]",1.48,2.44,7.45,1.14,464240.3
INVE,4.17,8,"[1, 1, 1, 1, 0, 1, 1, 1, 1, 0]",4.1,3.67,5.29,3.08,151373.2
GCTS,3.46,9,"[1, 1, 1, 1, 0, 1, 1, 1, 1, 1]",1.77,1.43,3.73,0.99,12763850.8
FFAI,0.38,3,"[1, 0, 0, 0, 0, 0, 1, 0, 1, 0]",0.34,0.99,3.0,0.22,15422779.45
PEPG,1.45,4,"[0, 0, 0, 0, 1, 1, 1, 0, 1, 0]",2.0,4.04,7.17,1.01,804162.7
BLNK,0.79,4,"[1, 0, 0, 0, 0, 0, 1, 0, 1, 1]",0.73,1.04,2.5,0.5,2830537.35
GUTS,0.79,4,"[1, 0, 0, 0, 0, 0, 1, 0, 1, 1]",0.65,1.11,2.88,0.39,2307360.1
INO,1.21,2,"[0, 0, 0, 0, 0, 0, 0, 0, 1, 1]",1.28,1.85,2.87,1.05,4125167.15
RANI,0.86,4,"[0, 0, 0, 0, 1, 1, 1, 0, 1, 0]",0.93,1.15,2.85,0.41,1235850.25
CMTL,5.8,9,"[1, 1, 1, 0, 1, 1, 1, 1, 1, 1]",3.96,3.84,5.98,1.92,304790.1
VRA,3.36,8,"[0, 1, 1, 1, 1, 1, 1, 1, 1, 0]",3.67,2.75,4.26,1.78,154971.6
TUSK,3.55,10,"[1, 1, 1, 1, 1, 1, 1, 1, 1, 1]",2.76,2.32,3.55,1.73,436461.9
STIM,1.56,3,"[1, 0, 0, 0, 0, 0, 1, 0, 1, 0]",1.51,1.98,4.66,1.18,3067778.2
CUE,28.62,8,"[1, 1, 1, 1, 0, 1, 1, 1, 1, 0]",18.54,16.78,35.73,5.31,211090.05
ARQ,2.73,4,"[1, 0, 0, 0, 0, 0, 1, 0, 1, 1]",2.43,4.22,7.73,1.64,312568.75
LICN,1.52,3,"[0, 0, 0, 1, 0, 0, 1, 0, 1, 0]",4.6,3.87,8.63,0.84,627754.0
HCAT,1.35,3,"[1, 0, 0, 0, 0, 0, 1, 0, 1, 0]",1.28,2.23,4.16,1.0,536888.0
BMEA,1.37,3,"[0, 0, 0, 1, 0, 0, 1, 0, 1, 0]",1.56,1.5,2.9,0.96,1117423.3
CBUS,1.39,2,"[0, 0, 0, 0, 1, 0, 0, 0, 1, 0]",1.59,1.8,4.05,1.16,282160.2
GEOS,8.53,2,"[0, 0, 0, 0, 0, 0, 1, 0, 1, 0]",9.56,15.62,28.41,6.32,249359.15
HOVR,2.52,8,"[1, 1, 1, 1, 0, 1, 1, 0, 1, 1]",2.03,2.02,3.91,0.9,4303629.5
CGTX,1.35,6,"[1, 1, 0, 0, 0, 1, 1, 0, 1, 1]",1.11,1.44,3.18,0.25,1007333.95
FLL,2.51,2,"[0, 0, 0, 1, 0, 0, 0, 0, 1, 0]",2.55,2.71,4.95,2.15,201501.25
CYPH,1.19,8,"[1, 1, 1, 0, 1, 1, 1, 0, 1, 1]",0.96,0.85,2.97,0.24,5380316.2
CRGO,1.83,2,"[0, 0, 0, 0, 0, 0, 1, 0, 1, 0]",1.9,2.56,4.1,1.21,138418.3
DTI,2.83,5,"[0, 0, 0, 1, 1, 1, 1, 0, 1, 0]",3.31,2.9,4.49,1.81,295038.7
BTCS,1.45,1,"[0, 0, 0, 0, 0, 0, 0, 0, 1, 0]",1.76,2.88,6.5,1.29,838660.45
ZVIA,1.35,3,"[1, 0, 0, 0, 0, 0, 0, 0, 1, 1]",1.31,1.99,3.64,1.13,1355774.15
LAKE,10.21,4,"[1, 0, 0, 0, 0, 0, 1, 0, 1, 1]",9.69,11.77,19.28,7.58,117536.95
ALDX,1.64,3,"[0, 0, 0, 0, 0, 0, 1, 0, 1, 1]",1.69,4.21,5.89,1.24,924642.55
SKLZ,10.04,8,"[1, 1, 1, 1, 0, 0, 1, 1, 1, 1]",5.56,5.63,12.45,2.28,596832.2
EXFY,1.18,4,"[1, 0, 0, 0, 0, 0, 1, 0, 1, 1]",0.99,1.39,2.61,0.75,680068.5
ONCY,0.93,2,"[0, 0, 0, 0, 0, 0, 1, 0, 1, 0]",0.94,1.04,1.42,0.33,1379593.45
TEAD,1.08,7,"[1, 1, 1, 1, 0, 0, 1, 0, 1, 1]",0.87,1.02,3.11,0.59,392135.35
NRXP,4.62,9,"[1, 1, 1, 1, 0, 1, 1, 1, 1, 1]",2.91,2.58,4.62,1.68,1481521.25
OCCI,3.3,3,"[1, 0, 0, 0, 0, 0, 0, 0, 1, 1]",3.1,3.91,5.08,2.62,273585.2
SKBL,3.23,7,"[0, 1, 1, 1, 1, 1, 1, 0, 1, 0]",3.4,2.95,12.98,0.44,266914.4
SEAT,9.41,5,"[1, 1, 0, 0, 0, 0, 1, 0, 1, 1]",7.38,9.42,39.4,5.3,114707.75
ARBE,1.13,5,"[1, 1, 0, 0, 0, 0, 1, 0, 1, 1]",0.84,1.26,2.69,0.56,4373672.85
PODC,4.53,10,"[1, 1, 1, 1, 1, 1, 1, 1, 1, 1]",3.15,2.42,4.98,1.3,199506.6
TLYS,4.47,9,"[1, 1, 1, 1, 1, 1, 1, 1, 1, 0]",4.39,2.4,5.39,1.13,172089.35
UPXI,1.07,2,"[0, 0, 0, 0, 0, 0, 1, 0, 1, 0]",1.25,2.94,12.71,0.56,3263562.8
LGO,0.97,1,"[0, 0, 0, 0, 0, 0, 0, 0, 1, 0]",1.15,1.3,2.52,0.89,915879.05
BAER,2.2,8,"[1, 1, 1, 0, 1, 1, 1, 0, 1, 1]",2.01,2.04,3.27,1.55,1021289.8
SEV,2.23,3,"[0, 0, 0, 0, 1, 0, 1, 0, 1, 0]",2.73,2.23,10.84,1.41,249272.15
FRMM,4.77,3,"[1, 0, 0, 0, 0, 0, 1, 0, 1, 0]",3.83,11.59,107.0,1.79,344076.0
GNSS,2.03,6,"[1, 0, 0, 0, 0, 1, 1, 1, 1, 1]",1.91,2.08,2.58,1.47,177837.4
ATYR,0.52,2,"[0, 0, 0, 0, 0, 0, 1, 0, 1, 0]",0.73,1.26,6.61,0.4,4765309.95
OCC,15.65,10,"[1, 1, 1, 1, 1, 1, 1, 1, 1, 1]",10.9,7.87,15.65,2.62,353443.25
QTTB,12.64,10,"[1, 1, 1, 1, 1, 1, 1, 1, 1, 1]",6.53,4.04,12.85,1.36,1478339.5
STEX,1.19,4,"[1, 0, 0, 0, 0, 0, 1, 0, 1, 1]",1.11,3.29,11.55,0.76,1659887.0
AIRG,7.39,10,"[1, 1, 1, 1, 1, 1, 1, 1, 1, 1]",6.45,4.8,7.39,3.07,128909.6
LIDR,2.08,5,"[1, 1, 0, 0, 0, 0, 1, 0, 1, 1]",1.91,2.21,4.43,0.74,1541769.5
MXCT,1.23,6,"[1, 1, 1, 0, 0, 0, 1, 0, 1, 1]",0.89,1.23,2.39,0.68,1296232.7
AGH,6.4,9,"[1, 1, 1, 0, 1, 1, 1, 1, 1, 1]",3.97,4.16,7.82,0.57,3022072.55
AVD,2.6,1,"[0, 0, 0, 0, 0, 0, 0, 0, 1, 0]",2.67,4.26,5.81,2.06,263644.45
NAMM,2.42,6,"[1, 1, 1, 0, 0, 0, 1, 0, 1, 1]",1.94,2.31,31.22,0.92,2633303.95
SPAI,5.96,7,"[1, 1, 1, 0, 0, 1, 1, 0, 1, 1]",4.35,5.23,8.95,2.4,587311.8
CLNN,5.87,3,"[0, 0, 0, 0, 0, 1, 1, 0, 1, 0]",6.26,6.53,12.5,3.36,263288.95
BTMD,2.15,4,"[1, 0, 0, 0, 0, 0, 1, 0, 1, 1]",1.93,2.44,4.55,1.3,233485.0
GRWG,1.7,8,"[1, 1, 1, 0, 0, 1, 1, 1, 1, 1]",1.34,1.47,2.2,0.87,503116.6
DTCX,2.29,3,"[0, 0, 0, 0, 0, 0, 1, 0, 1, 1]",2.34,3.43,15.46,1.63,320595.85
GECC,6.2,5,"[1, 1, 0, 0, 0, 0, 1, 0, 1, 1]",5.52,6.8,10.3,4.74,116080.0
PN,3.4,2,"[0, 0, 0, 0, 0, 0, 1, 0, 1, 0]",5.31,12.1,82.0,2.21,1127047.15
TCRX,0.98,2,"[0, 0, 0, 1, 0, 0, 0, 0, 1, 0]",1.11,1.32,2.52,0.9,665948.0
DOMH,3.35,4,"[1, 0, 0, 0, 0, 0, 1, 0, 1, 1]",2.94,3.85,6.22,2.53,276951.4
STEM,10.02,3,"[1, 0, 0, 0, 0, 0, 1, 0, 1, 0]",9.86,14.96,29.79,6.17,210500.55
ZTEK,0.56,3,"[0, 0, 0, 0, 0, 0, 1, 0, 1, 1]",0.59,0.71,1.49,0.42,211412.75
JFB,6.04,5,"[0, 0, 0, 0, 1, 1, 1, 0, 1, 1]",6.13,7.46,16.78,2.3,563364.75
ANVS,1.86,2,"[0, 0, 0, 0, 1, 0, 0, 0, 1, 0]",2.04,2.6,5.1,1.59,1278392.45
ZSQR,11.14,2,"[0, 0, 0, 0, 0, 0, 1, 0, 1, 0]",12.07,13.67,18.8,7.05,233536.35
STSS,1.45,1,"[0, 0, 0, 0, 0, 0, 0, 0, 1, 0]",1.79,3.61,16.03,1.42,245734.6
ACRV,1.57,4,"[0, 0, 0, 0, 1, 1, 1, 0, 1, 0]",1.72,1.85,3.01,1.16,472064.7
SYPR,3.34,9,"[1, 1, 1, 1, 1, 1, 1, 1, 1, 0]",3.29,2.71,4.18,1.83,148550.35
AFCG,3.73,7,"[1, 1, 1, 1, 0, 0, 1, 0, 1, 1]",3.0,3.06,5.23,2.05,392212.85
PMVP,1.18,2,"[0, 0, 0, 1, 0, 0, 0, 0, 1, 0]",1.34,1.33,1.8,0.92,426027.5
MDAI,2.06,6,"[1, 1, 1, 1, 0, 0, 1, 0, 1, 0]",1.98,1.83,3.14,1.2,1150549.95
BDMD,1.34,3,"[0, 0, 0, 1, 0, 0, 1, 0, 1, 0]",1.77,1.73,7.1,0.77,157347.05
CPSH,9.24,10,"[1, 1, 1, 1, 1, 1, 1, 1, 1, 1]",5.25,4.22,11.59,2.42,3401697.95
OMEX,1.15,3,"[1, 0, 0, 0, 0, 0, 1, 0, 1, 0]",1.04,1.77,4.12,0.77,901367.05
ATRA,9.9,5,"[1, 1, 0, 0, 0, 0, 1, 0, 1, 1]",6.66,10.12,18.09,4.18,4259562.85
FTCI,5.83,5,"[1, 0, 0, 0, 1, 0, 1, 0, 1, 1]",4.51,7.52,12.5,3.45,225628.15
CPIX,5.77,10,"[1, 1, 1, 1, 1, 1, 1, 1, 1, 1]",4.15,3.58,6.15,1.9,167327.1
PDSB,1.16,8,"[1, 1, 1, 1, 0, 1, 1, 0, 1, 1]",1.02,0.94,1.79,0.54,1164141.1
FLD,0.87,1,"[0, 0, 0, 0, 0, 0, 0, 0, 1, 0]",1.31,2.44,5.13,0.87,137597.35
RRGB,4.78,6,"[1, 1, 1, 0, 0, 0, 1, 0, 1, 1]",3.74,4.64,7.44,2.59,614650.8
LFVN,8.62,6,"[1, 1, 1, 0, 0, 0, 1, 0, 1, 1]",5.18,6.89,14.13,3.99,480859.8
XTIA,2.04,8,"[1, 1, 1, 1, 1, 0, 1, 0, 1, 1]",1.99,1.78,5.05,1.24,2582377.5
KLXE,3.09,8,"[1, 1, 1, 1, 1, 1, 1, 0, 1, 0]",3.06,2.3,4.27,1.53,306906.15
FEAM,1.86,4,"[1, 0, 0, 0, 0, 0, 1, 0, 1, 1]",1.66,3.11,7.03,1.22,246275.3
SCLX,7.4,3,"[1, 0, 0, 0, 0, 0, 1, 0, 1, 0]",7.22,13.4,30.0,4.64,119788.35
SNBR,1.26,1,"[0, 0, 0, 0, 0, 0, 0, 0, 1, 0]",2.08,6.26,12.37,1.1,1547887.85
CING,4.03,3,"[0, 0, 0, 1, 1, 0, 0, 0, 1, 0]",5.29,4.9,11.66,3.33,837967.9
IXHL,3.05,1,"[0, 0, 0, 0, 0, 0, 0, 0, 1, 0]",3.64,9.38,48.9,2.56,244770.7
IMMP,0.42,2,"[0, 0, 0, 0, 0, 0, 1, 0, 1, 0]",0.44,1.75,3.18,0.31,1132118.2
IBIO,1.76,6,"[0, 0, 1, 0, 1, 1, 1, 0, 1, 1]",1.84,1.67,3.07,0.57,826025.3
EHTH,1.55,1,"[0, 0, 0, 0, 0, 0, 0, 0, 1, 0]",1.65,3.1,5.65,1.24,338378.15
LIXT,7.04,9,"[1, 1, 1, 1, 0, 1, 1, 1, 1, 1]",4.14,4.01,7.21,0.71,160313.35
VNCE,4.55,9,"[1, 1, 1, 1, 1, 1, 1, 1, 1, 0]",3.73,3.03,5.57,1.26,190234.95
HYFT,1.97,6,"[1, 1, 1, 0, 0, 0, 1, 0, 1, 1]",1.29,1.67,3.2,0.56,501064.8
BLNE,1.26,2,"[0, 0, 0, 0, 0, 0, 1, 0, 1, 0]",1.89,2.43,4.35,0.65,833754.95
PSIG,8.85,10,"[1, 1, 1, 1, 1, 1, 1, 1, 1, 1]",6.75,5.0,8.85,2.56,1190303.7
BTM,0.2,1,"[0, 0, 0, 0, 0, 0, 0, 0, 1, 0]",3.49,11.73,45.36,0.17,1031787.75
SPWH,1.42,3,"[1, 0, 0, 0, 0, 0, 0, 0, 1, 1]",1.4,1.88,4.16,1.13,376200.2
ONMD,0.79,3,"[0, 0, 0, 0, 0, 1, 1, 0, 1, 0]",0.91,1.16,3.14,0.32,263427.7
GRML,0.34,3,"[0, 0, 0, 1, 0, 0, 1, 0, 1, 0]",0.4,0.44,2.01,0.17,3647881.7
AMPG,5.02,8,"[1, 1, 1, 0, 0, 1, 1, 1, 1, 1]",2.71,3.18,5.29,1.76,5340905.15
CHRN,19.14,8,"[1, 1, 1, 1, 1, 1, 0, 0, 1, 1]",12.68,8.07,,,411398.95
KZR,7.29,9,"[1, 1, 1, 1, 1, 1, 1, 1, 1, 0]",7.13,5.81,7.45,3.59,125152.4
IPWR,7.64,9,"[1, 1, 1, 1, 0, 1, 1, 1, 1, 1]",4.49,4.34,8.99,2.68,1426260.3
SQNS,3.99,4,"[1, 0, 0, 0, 0, 0, 1, 0, 1, 1]",3.28,5.55,53.9,2.43,318001.95
MLGO,6.01,5,"[1, 1, 0, 0, 0, 0, 1, 0, 1, 1]",4.19,6.27,38.4,3.13,1228759.8
STKE,1.33,2,"[0, 0, 0, 0, 0, 0, 1, 0, 1, 0]",1.38,2.75,17.12,0.89,310202.85
ILLR,0.22,2,"[0, 0, 0, 0, 0, 0, 1, 0, 1, 0]",0.23,0.41,1.48,0.03,4028977.95
VIVO,6.36,8,"[1, 1, 1, 1, 0, 0, 1, 1, 1, 1]",3.45,3.39,6.87,1.21,2318272.8
USEG,1.08,5,"[1, 1, 1, 0, 0, 0, 1, 0, 1, 0]",0.93,1.05,2.21,0.69,1502291.6
BWEN,4.02,9,"[1, 1, 1, 0, 1, 1, 1, 1, 1, 1]",2.72,2.62,4.52,1.69,1985795.3
COCH,0.7,5,"[1, 1, 0, 0, 0, 0, 1, 0, 1, 1]",0.69,0.8,1.7,0.39,132990.15
BIRD,4.43,3,"[0, 0, 0, 1, 0, 0, 1, 0, 1, 0]",5.18,5.06,16.99,2.39,497806.55
BEAT,0.88,3,"[0, 0, 0, 0, 0, 0, 1, 0, 1, 1]",0.98,1.46,3.44,0.58,670317.05
FTEK,1.47,2,"[1, 0, 0, 0, 0, 0, 0, 0, 1, 0]",1.4,1.92,3.63,1.19,224704.65
PPSI,4.97,8,"[1, 1, 1, 0, 0, 1, 1, 1, 1, 1]",3.74,4.05,6.08,2.37,362778.6
TELA,0.91,3,"[1, 0, 0, 0, 0, 0, 1, 0, 1, 0]",0.8,1.11,2.14,0.56,166846.2
GAME,0.43,4,"[1, 1, 0, 0, 0, 0, 1, 0, 1, 0]",0.41,0.5,2.31,0.25,1935507.7
ARAY,0.4,3,"[1, 0, 0, 0, 0, 0, 1, 0, 1, 0]",0.39,0.93,1.85,0.27,7272798.75
ELUT,1.04,5,"[0, 1, 0, 1, 0, 0, 1, 0, 1, 1]",1.09,1.04,2.46,0.5,144782.15
FATN,6.5,7,"[1, 1, 1, 1, 0, 0, 1, 0, 1, 1]",3.18,3.47,9.84,1.45,633676.8
FGNX,8.21,4,"[1, 0, 0, 0, 0, 0, 1, 0, 1, 1]",6.48,18.13,191.5,4.23,174463.25
PSTV,5.47,2,"[0, 0, 0, 0, 0, 0, 1, 0, 1, 0]",5.74,10.35,22.25,2.92,150769.0
AHMA,1.2,5,"[1, 0, 0, 0, 1, 0, 1, 0, 1, 1]",1.2,1.2,37.11,0.79,4672121.75
HYPD,3.7,3,"[1, 0, 0, 0, 0, 0, 1, 0, 1, 0]",3.7,5.07,15.97,2.08,686825.0
ASTI,8.86,10,"[1, 1, 1, 1, 1, 1, 1, 1, 1, 1]",4.85,3.85,9.02,1.16,2266219.5
DARE,2.14,6,"[0, 1, 1, 1, 0, 1, 1, 0, 1, 0]",2.21,1.99,3.27,1.3,653721.4
ABLV,1.13,8,"[1, 1, 1, 1, 0, 0, 1, 1, 1, 1]",0.79,0.81,1.25,0.58,121227.35
ALGS,5.25,1,"[0, 0, 0, 0, 0, 0, 0, 0, 1, 0]",6.61,8.35,13.3,5.18,143054.0
BEEM,1.5,1,"[0, 0, 0, 0, 0, 0, 0, 0, 1, 0]",1.62,1.99,3.88,1.37,533208.35
SST,3.53,3,"[1, 0, 0, 0, 0, 0, 1, 0, 1, 0]",3.11,4.6,10.76,1.37,484476.3
WKHS,3.72,4,"[1, 0, 0, 0, 0, 0, 1, 0, 1, 1]",3.07,7.5,53.04,2.34,250026.35
INMB,1.42,2,"[1, 0, 0, 0, 0, 0, 0, 0, 1, 0]",1.36,1.64,8.09,1.12,535535.6
JZ,0.7,1,"[0, 0, 0, 0, 0, 0, 0, 0, 1, 0]",0.92,1.22,4.0,0.64,5836194.65
PSQH,0.61,1,"[0, 0, 0, 0, 0, 0, 0, 0, 1, 0]",0.63,1.21,2.83,0.49,370124.35
HCHL,3.53,6,"[1, 1, 1, 0, 0, 0, 1, 0, 1, 1]",2.2,2.74,5.6,1.0,1177058.15
RPGL,11.26,2,"[0, 0, 0, 0, 1, 0, 0, 0, 1, 0]",26.46,11.26,3984.0,9.44,173479.6
GRCE,2.5,3,"[0, 0, 0, 0, 1, 0, 0, 0, 1, 1]",3.19,3.35,5.13,2.1,376987.1
BGDE,7.24,5,"[1, 1, 0, 0, 0, 0, 1, 0, 1, 1]",5.1,7.87,33.6,1.71,134843.0
TRAW,1.42,3,"[0, 0, 0, 0, 0, 1, 1, 0, 1, 0]",1.58,1.89,3.13,1.09,6489851.2
AERT,0.78,7,"[1, 1, 1, 1, 0, 0, 1, 0, 1, 1]",0.59,0.58,1.33,0.29,123036.6
BOLD,1.43,9,"[1, 1, 1, 1, 1, 1, 1, 1, 1, 0]",1.39,1.25,1.63,1.01,132613.15
ARAI,0.61,1,"[0, 0, 0, 0, 0, 0, 0, 0, 1, 0]",0.77,2.68,12.15,0.58,1161048.3
ABVE,0.11,1,"[0, 0, 0, 0, 0, 0, 0, 0, 1, 0]",0.67,1.87,5.28,0.11,8446255.0
AGPU,8.76,7,"[1, 1, 1, 1, 0, 0, 1, 0, 1, 1]",4.96,7.06,18.0,1.41,426350.5
MNTS,14.08,6,"[1, 1, 1, 0, 0, 0, 1, 0, 1, 1]",6.51,12.33,34.11,3.23,10133124.0
BZFD,1.59,7,"[1, 1, 1, 1, 0, 0, 1, 0, 1, 1]",0.97,1.18,2.56,0.57,9853487.6
SKYE,0.71,1,"[0, 0, 0, 0, 0, 0, 0, 0, 1, 0]",0.78,1.49,4.75,0.58,178651.5
QCLS,4.1,5,"[1, 1, 0, 0, 0, 0, 1, 0, 1, 1]",3.84,4.28,17.6,2.76,696723.7
UPLD,0.94,4,"[1, 0, 0, 0, 0, 0, 1, 0, 1, 1]",0.72,1.5,2.96,0.51,382119.4
SOWG,1.53,2,"[0, 0, 0, 0, 0, 0, 1, 0, 1, 0]",3.4,7.96,23.25,1.13,678602.45
LASE,2.42,6,"[1, 1, 1, 0, 0, 0, 1, 0, 1, 1]",0.95,2.26,6.51,0.6,13596416.85
QNTM,5.11,3,"[1, 0, 0, 0, 0, 0, 1, 0, 1, 0]",4.95,8.69,35.0,2.1,469794.25
DBGI,0.7,2,"[0, 0, 0, 0, 0, 0, 1, 0, 1, 0]",1.42,6.44,17.78,0.29,9533177.55
NEON,1.64,2,"[1, 0, 0, 0, 0, 0, 0, 0, 1, 0]",1.58,3.64,29.3,1.27,132382.2
AIFF,1.78,4,"[0, 1, 0, 1, 0, 0, 1, 0, 1, 0]",1.91,1.82,3.37,0.64,404554.6
VEEA,0.56,4,"[0, 0, 0, 1, 0, 0, 1, 0, 1, 1]",0.58,0.59,2.1,0.38,328122.3
SPPL,3.9,6,"[1, 1, 1, 0, 0, 0, 1, 0, 1, 1]",2.43,3.69,6.62,1.8,1593031.1
OTLK,0.81,5,"[1, 1, 0, 0, 0, 0, 1, 0, 1, 1]",0.3,0.94,2.97,0.2,35652908.05
EVTV,1.8,7,"[0, 1, 1, 1, 0, 1, 1, 0, 1, 1]",1.92,1.73,4.08,0.36,896616.55
FEMY,0.37,2,"[0, 0, 0, 0, 1, 0, 0, 0, 1, 0]",0.41,0.56,1.04,0.34,2087039.65
JSPR,0.55,1,"[0, 0, 0, 0, 0, 0, 0, 0, 1, 0]",0.9,1.68,6.82,0.53,487159.15
UFG,0.75,1,"[0, 0, 0, 0, 0, 0, 0, 0, 1, 0]",0.83,1.9,9.65,0.68,357130.9
DFLI,2.2,4,"[1, 0, 0, 0, 0, 0, 1, 0, 1, 1]",2.0,4.78,19.7,1.54,510541.45
ALLR,1.69,9,"[1, 1, 1, 1, 0, 1, 1, 1, 1, 1]",1.37,1.28,1.97,0.8,299573.0
FMST,1.84,3,"[1, 0, 0, 0, 0, 0, 0, 0, 1, 1]",1.72,2.46,5.42,1.52,114000.75
VTGN,0.58,1,"[0, 0, 0, 0, 0, 0, 0, 0, 1, 0]",0.61,2.0,4.9,0.51,937012.15
SDST,2.25,1,"[0, 0, 0, 0, 0, 0, 0, 0, 1, 0]",2.51,3.39,7.09,1.81,222706.15
LTRN,3.74,6,"[1, 1, 1, 0, 0, 0, 1, 0, 1, 1]",2.43,3.26,5.32,1.12,318437.35
MVO,1.71,3,"[0, 0, 0, 1, 0, 0, 1, 0, 1, 0]",2.27,2.77,5.29,0.91,183661.9
GWH,0.98,1,"[0, 0, 0, 0, 0, 0, 0, 0, 1, 0]",1.07,1.96,9.05,0.77,1133766.5
ONEG,0.92,2,"[0, 0, 0, 1, 0, 0, 0, 0, 1, 0]",3.27,5.39,12.99,0.85,1336793.65
MOBX,2.41,3,"[0, 0, 0, 0, 0, 0, 1, 0, 1, 1]",2.75,5.13,12.1,1.46,9637332.05
GRDX,6.47,8,"[1, 1, 1, 0, 0, 1, 1, 1, 1, 1]",3.02,3.24,6.8,1.1,180061.6
QNCX,1.05,2,"[0, 0, 0, 0, 0, 0, 1, 0, 1, 0]",1.2,13.95,44.0,0.8,2071469.85
AUID,1.26,3,"[1, 0, 0, 0, 0, 0, 1, 0, 1, 0]",1.21,1.89,5.66,0.86,159743.7
SNAL,0.86,6,"[1, 1, 1, 0, 0, 0, 1, 0, 1, 1]",0.72,0.83,1.7,0.38,20017144.75
COCP,1.05,2,"[0, 0, 0, 1, 0, 0, 0, 0, 1, 0]",1.29,1.17,1.94,0.86,138340.85
KTTA,0.64,4,"[0, 0, 0, 0, 1, 1, 1, 0, 1, 0]",0.75,0.82,1.47,0.29,425737.75
LGVN,0.76,5,"[0, 1, 1, 1, 0, 0, 1, 0, 1, 0]",0.92,0.75,1.74,0.48,436840.65
LPCN,2.25,2,"[0, 0, 0, 0, 1, 0, 0, 0, 1, 0]",3.16,4.73,11.26,1.94,101700.95
SAGT,0.96,1,"[0, 0, 0, 0, 0, 0, 0, 0, 1, 0]",1.64,1.94,2.69,0.88,579788.7
OSRH,0.41,1,"[0, 0, 0, 0, 0, 0, 0, 0, 1, 0]",0.55,0.59,1.67,0.4,1979382.0
OFAL,0.25,1,"[0, 0, 0, 0, 0, 0, 0, 0, 1, 0]",0.56,0.77,5.06,0.25,734275.05
SEGG,1.74,5,"[1, 1, 0, 0, 0, 0, 1, 0, 1, 1]",1.1,2.36,15.4,0.51,2544967.25
ENGS,1.61,5,"[1, 1, 0, 0, 0, 0, 1, 0, 1, 1]",1.29,2.74,12.22,0.64,406566.6
AGAE,0.46,5,"[1, 1, 0, 1, 0, 0, 1, 0, 1, 0]",0.45,0.55,3.55,0.26,1450409.15
NIXX,0.77,4,"[1, 0, 0, 0, 0, 0, 1, 0, 1, 1]",0.73,1.06,2.36,0.49,741576.75
TOMZ,1.04,7,"[1, 1, 1, 0, 0, 0, 1, 1, 1, 1]",0.69,0.78,1.15,0.53,414527.35
AIIO,2.76,4,"[1, 0, 0, 0, 0, 0, 1, 0, 1, 1]",1.7,11.84,52.4,0.59,37481431.05
SCNX,0.39,3,"[1, 0, 0, 0, 0, 0, 1, 0, 1, 0]",0.39,0.6,2.6,0.24,385908.15
GFAI,0.64,5,"[1, 1, 0, 0, 0, 0, 1, 0, 1, 1]",0.5,0.74,1.42,0.39,2552873.35
LEXX,0.6,1,"[0, 0, 0, 0, 0, 0, 0, 0, 1, 0]",0.78,0.86,1.53,0.53,125469.55
TBH,5.03,4,"[1, 1, 0, 0, 0, 0, 1, 0, 1, 0]",4.56,6.43,19.2,1.82,119283.65
SKYQ,2.19,2,"[0, 0, 0, 1, 0, 0, 0, 0, 1, 0]",4.96,3.74,12.59,1.79,1020500.75
TURB,1.49,3,"[0, 0, 0, 1, 0, 0, 1, 0, 1, 0]",1.8,2.27,12.4,0.61,526551.75
AKAN,17.1,5,"[1, 1, 0, 1, 0, 0, 1, 0, 1, 0]",15.31,29.36,107.43,2.68,712536.9
MDCX,0.33,2,"[0, 0, 0, 0, 0, 0, 0, 0, 1, 1]",0.36,1.44,3.4,0.28,2891859.2
BFRI,1.03,7,"[1, 1, 1, 1, 0, 0, 1, 1, 1, 0]",0.98,0.91,1.16,0.57,276333.3
MBRX,2.46,2,"[1, 0, 0, 0, 0, 0, 0, 0, 1, 0]",2.44,6.36,21.0,1.96,296558.1
SKK,4.0,6,"[1, 1, 1, 1, 0, 0, 1, 0, 1, 0]",3.29,3.4,12.19,1.66,1166582.95
HOTH,2.22,7,"[1, 1, 1, 0, 0, 0, 1, 1, 1, 1]",0.79,1.12,2.22,0.51,17141617.8
PHIO,1.12,2,"[0, 0, 0, 0, 0, 0, 1, 0, 1, 0]",1.19,1.46,2.96,0.86,138649.25
BFRG,0.77,3,"[0, 0, 0, 0, 0, 0, 1, 0, 1, 1]",0.81,0.96,1.9,0.46,335529.25
APRE,0.76,1,"[0, 0, 0, 0, 0, 0, 0, 0, 1, 0]",0.84,1.07,2.08,0.59,208872.8
LNAI,2.98,4,"[1, 0, 0, 0, 0, 0, 1, 0, 1, 1]",2.71,7.5,30.48,1.47,218009.5
STFS,9.81,7,"[1, 1, 1, 1, 0, 0, 1, 0, 1, 1]",6.06,6.91,95.2,3.12,682928.95
ATER,1.07,6,"[1, 1, 1, 1, 0, 0, 1, 0, 1, 0]",0.9,0.84,1.66,0.54,475896.8
GTBP,0.47,4,"[1, 0, 0, 0, 0, 0, 1, 0, 1, 1]",0.39,0.62,3.8,0.27,2370777.05
XWEL,1.38,9,"[1, 1, 1, 1, 0, 1, 1, 1, 1, 1]",1.28,0.96,1.7,0.29,110145.5
LHSW,0.2,3,"[1, 0, 0, 0, 0, 0, 1, 0, 1, 0]",0.2,1.03,3.03,0.14,551005.9
BIVI,1.7,6,"[1, 1, 1, 1, 0, 0, 1, 0, 1, 0]",1.46,1.5,11.9,1.06,108276.25
RVPH,0.6,2,"[0, 0, 0, 0, 0, 0, 1, 0, 1, 0]",0.72,6.47,16.9,0.33,963434.75
YYGH,0.15,1,"[0, 0, 0, 0, 0, 0, 0, 0, 1, 0]",1.03,16.59,169.5,0.15,12997875.0
NOTV,0.26,1,"[0, 0, 0, 0, 0, 0, 0, 0, 1, 0]",0.28,0.77,3.01,0.23,893631.4
GDC,0.11,1,"[0, 0, 0, 0, 0, 0, 0, 0, 1, 0]",2.25,3.9,9.73,0.11,78115644.8
TDIC,0.37,1,"[0, 0, 0, 0, 0, 0, 0, 0, 1, 0]",1.27,5.63,36.35,0.37,31825009.4
BIAF,1.68,3,"[0, 0, 0, 1, 0, 0, 1, 0, 1, 0]",2.65,2.71,10.95,0.75,223282.75
CODX,6.22,5,"[1, 1, 0, 0, 0, 0, 1, 0, 1, 1]",2.56,6.63,37.8,1.28,16906924.6
ELPW,0.93,1,"[0, 0, 0, 0, 0, 0, 0, 0, 1, 0]",2.54,258.71,5248.0,0.75,1828386.15
CETX,0.93,2,"[0, 0, 0, 0, 0, 0, 1, 0, 1, 0]",0.94,4.06,20.25,0.51,375907.95
ERNA,8.0,4,"[1, 0, 0, 0, 0, 0, 1, 0, 1, 1]",6.98,22.61,71.25,3.74,5025400.05
YMAT,0.91,6,"[1, 1, 1, 0, 0, 0, 1, 0, 1, 1]",0.52,0.89,5.74,0.24,28311701.25
FBGL,0.6,3,"[0, 0, 0, 0, 1, 0, 1, 0, 1, 0]",0.6,0.71,1.38,0.38,192420.55
GLE,0.46,5,"[1, 1, 0, 0, 0, 0, 1, 0, 1, 1]",0.4,0.51,3.6,0.26,12263107.15
BNZI,3.31,1,"[0, 0, 0, 0, 0, 0, 0, 0, 1, 0]",9.82,29.91,196.6,3.31,666911.6
AIXI,11.21,9,"[1, 1, 1, 1, 1, 1, 1, 0, 1, 1]",4.49,1.72,15.47,0.1,1395719.15
MYSE,1.64,1,"[0, 0, 0, 0, 0, 0, 0, 0, 1, 0]",1.99,2.09,3.81,1.33,147700.0
FMFC,0.36,2,"[0, 0, 0, 0, 0, 0, 1, 0, 1, 0]",0.4,3.16,15.48,0.27,121349.6
LOBO,0.88,8,"[1, 1, 1, 0, 0, 1, 1, 1, 1, 1]",0.6,0.66,1.16,0.36,5210259.35
RMSG,0.95,2,"[0, 0, 0, 0, 0, 0, 1, 0, 1, 0]",1.27,1.67,5.21,0.35,1864367.3
MGRX,0.38,3,"[0, 0, 0, 0, 0, 0, 1, 0, 1, 1]",0.4,1.09,2.74,0.16,810974.35
POLA,2.08,5,"[1, 1, 0, 0, 0, 0, 1, 0, 1, 1]",1.82,2.29,5.27,1.35,176033.4
ANY,3.91,5,"[1, 1, 0, 0, 0, 0, 1, 0, 1, 1]",1.72,3.95,10.5,1.09,7296235.95
SMTK,0.29,4,"[1, 0, 0, 0, 0, 0, 1, 0, 1, 1]",0.27,1.0,2.83,0.17,819025.7
ONFO,0.64,3,"[0, 0, 0, 1, 0, 0, 1, 0, 1, 0]",0.92,0.87,1.5,0.47,203723.3
CREG,0.32,2,"[0, 0, 0, 0, 0, 0, 1, 0, 1, 0]",0.47,1.1,6.1,0.18,52991546.95
FABC,4.95,7,"[1, 1, 1, 1, 0, 0, 1, 0, 1, 1]",3.32,3.73,8.41,1.78,1450291.15
SILO,0.35,2,"[0, 0, 0, 1, 0, 0, 0, 0, 1, 0]",0.42,0.47,0.81,0.28,319906.05
OLB,0.46,2,"[0, 0, 0, 0, 0, 0, 1, 0, 1, 0]",0.48,0.83,2.26,0.34,320114.15
CNSP,4.92,3,"[1, 0, 0, 0, 0, 0, 1, 0, 1, 0]",3.81,5.68,12.72,2.13,217485.45
AEHL,1.11,3,"[0, 0, 0, 0, 0, 0, 1, 0, 1, 1]",1.35,9.75,25.98,0.49,28131269.0
SNYR,0.27,1,"[0, 0, 0, 0, 0, 0, 0, 0, 1, 0]",0.53,1.66,3.97,0.25,6998118.85
BTQ,4.59,5,"[1, 1, 0, 0, 0, 0, 1, 0, 1, 1]",3.08,4.59,14.14,2.15,3325568.9
WXM,0.38,1,"[0, 0, 0, 0, 0, 0, 0, 0, 1, 0]",0.49,1.3,3.9,0.38,358888.1
PBM,3.95,2,"[0, 0, 0, 0, 0, 0, 1, 0, 1, 0]",4.75,54.09,449.22,2.23,108233.0
ENVB,2.22,1,"[0, 0, 0, 0, 0, 0, 0, 0, 1, 0]",2.67,5.33,17.4,1.79,274166.05
SUNE,1.29,3,"[0, 0, 0, 1, 0, 0, 1, 0, 1, 0]",1.61,1.41,3.17,0.78,214317.4
ALP,0.31,3,"[0, 0, 0, 0, 0, 0, 1, 0, 1, 1]",0.31,2.44,10.91,0.18,46056141.4
GP,1.15,5,"[1, 1, 0, 0, 0, 0, 1, 0, 1, 1]",1.03,1.67,4.5,0.76,204127.45
GSUN,0.45,3,"[0, 0, 0, 0, 0, 0, 1, 0, 1, 1]",0.5,1.45,3.49,0.33,235272.8
RENX,1.65,1,"[0, 0, 0, 0, 0, 0, 0, 0, 1, 0]",2.19,11.08,38.6,1.42,555811.3
WNW,3.29,2,"[0, 0, 0, 0, 0, 0, 1, 0, 1, 0]",4.7,124.0,280.4,2.41,3557819.5
GOVX,2.1,4,"[1, 0, 0, 0, 0, 0, 1, 0, 1, 1]",1.57,7.4,33.0,1.05,14796265.1
JTAI,8.55,3,"[0, 0, 0, 0, 0, 0, 1, 0, 1, 1]",9.12,250.24,908.0,5.71,201907.55
NCI,10.98,4,"[0, 0, 0, 0, 1, 0, 1, 0, 1, 1]",12.22,17.41,96.0,3.95,605130.05
SOBR,1.16,4,"[1, 0, 0, 0, 0, 0, 1, 0, 1, 1]",0.93,1.9,4.74,0.5,7649074.75
MNDR,0.74,1,"[0, 0, 0, 0, 0, 0, 0, 0, 1, 0]",0.9,1.95,6.95,0.73,363828.75
NCRA,0.18,1,"[0, 0, 0, 0, 0, 0, 0, 0, 1, 0]",0.22,0.85,1.97,0.18,14788546.2
CNEY,1.0,5,"[1, 1, 0, 0, 0, 0, 1, 0, 1, 1]",0.77,1.27,2.95,0.37,2143808.0
PMAX,2.41,2,"[0, 0, 0, 0, 0, 0, 0, 0, 1, 1]",2.96,17.77,41.04,1.99,3471058.25
GLMD,0.69,4,"[1, 0, 0, 0, 0, 0, 1, 0, 1, 1]",0.62,0.94,2.33,0.47,151446.45
OCG,1.83,2,"[0, 0, 0, 0, 0, 0, 0, 0, 1, 1]",1.93,930.93,6589.92,1.65,2368586.45
SHPH,0.53,1,"[0, 0, 0, 0, 0, 0, 0, 0, 1, 0]",0.76,1.98,5.57,0.52,358004.6
LMFA,0.25,2,"[0, 0, 0, 0, 0, 0, 0, 0, 1, 1]",0.26,0.68,4.93,0.22,648182.3
UCAR,1.4,3,"[1, 0, 0, 0, 0, 0, 1, 0, 1, 0]",1.37,13.22,45.1,0.38,1142553.65
IVDA,0.35,4,"[1, 0, 0, 0, 0, 0, 1, 0, 1, 1]",0.3,0.83,2.68,0.25,483436.0
MASK,5.18,4,"[1, 0, 0, 0, 0, 0, 1, 0, 1, 1]",2.05,8.18,92.75,1.24,14347492.05
AEMD,2.21,2,"[0, 0, 0, 0, 0, 0, 1, 0, 1, 0]",2.26,4.36,29.6,1.65,1604572.95
VRAX,0.22,4,"[1, 0, 0, 0, 0, 0, 1, 0, 1, 1]",0.17,0.38,1.11,0.1,54032899.05
ORKT,1.4,7,"[1, 1, 1, 1, 0, 0, 1, 0, 1, 1]",1.05,1.37,3.2,0.67,150741.7
VBIO,0.66,1,"[0, 0, 0, 0, 0, 0, 0, 0, 1, 0]",0.98,1.75,4.38,0.66,225130.7
MGN,0.15,2,"[0, 0, 0, 0, 1, 0, 0, 0, 1, 0]",0.43,0.15,4.85,0.14,6907747.5
BIYA,0.9,2,"[0, 0, 0, 0, 0, 0, 1, 0, 1, 0]",1.18,6.18,137.0,0.62,10792572.15
HCWB,1.79,5,"[1, 1, 0, 0, 0, 0, 1, 0, 1, 1]",0.77,2.04,6.7,0.27,36675723.4
NVVE,0.37,2,"[0, 0, 0, 0, 0, 0, 0, 0, 1, 1]",0.49,5.21,60.4,0.29,364239.9
GV,0.25,3,"[0, 0, 0, 0, 0, 0, 1, 0, 1, 1]",0.26,1.1,2.8,0.16,5417879.45
ASBP,6.02,5,"[1, 1, 0, 0, 0, 0, 1, 0, 1, 1]",2.21,6.71,23.6,0.16,10406750.0
SDOT,3.28,1,"[0, 0, 0, 0, 0, 0, 0, 0, 1, 0]",19.48,71.9,386.0,2.73,1586309.9
ICON,1.26,4,"[1, 0, 0, 0, 0, 0, 1, 0, 1, 1]",1.15,4.48,16.3,0.81,124966.9
BTX,9.34,10,"[1, 1, 1, 1, 1, 1, 1, 1, 1, 1]",7.75,6.77,9.34,5.93,753546.95
