ticker,price,score,points,sma50,sma200,wk52_high,wk52_low,volume
NVDA,208.64,9,"[1, 1, 1, 1, 1, 1, 1, 1, 1, 0]",203.97,188.51,235.47,141.78,177840686.8
GOOGL,363.31,9,"[1, 1, 1, 1, 1, 1, 1, 1, 1, 0]",356.15,304.65,402.62,164.82,31661654.9
GOOG,361.17,9,"[1, 1, 1, 1, 1, 1, 1, 1, 1, 0]",353.45,304.27,399.04,165.64,22521627.0
AAPL,301.54,10,"[1, 1, 1, 1, 1, 1, 1, 1, 1, 1]",282.06,265.14,315.2,194.87,49061980.25
AMZN,245.22,7,"[0, 1, 1, 1, 1, 1, 0, 1, 1, 0]",251.91,232.24,274.99,198.79,40250179.0
AVGO,396.6,8,"[0, 1, 1, 1, 1, 1, 1, 1, 1, 0]",400.15,355.46,481.57,242.32,28255281.9
TSM,426.8,10,"[1, 1, 1, 1, 1, 1, 1, 1, 1, 1]",391.04,326.33,446.69,204.47,12703033.4
TSLA,408.95,6,"[1, 0, 0, 0, 1, 1, 1, 1, 1, 0]",396.03,414.57,489.88,293.94,49129552.2
WMT,119.83,7,"[0, 1, 1, 1, 1, 1, 0, 1, 1, 0]",125.75,115.1,134.2,93.47,25797494.65
LLY,1149.15,9,"[1, 1, 1, 0, 1, 1, 1, 1, 1, 1]",976.97,947.06,1149.15,621.26,3239363.7
MU,949.28,10,"[1, 1, 1, 1, 1, 1, 1, 1, 1, 1]",629.23,364.88,1079.57,104.73,55903900.45
AMD,490.33,10,"[1, 1, 1, 1, 1, 1, 1, 1, 1, 1]",364.45,247.6,542.52,116.16,32624758.25
INTC,110.27,9,"[1, 1, 1, 1, 1, 1, 1, 1, 1, 0]",90.09,51.71,129.44,19.31,128793455.75
XOM,151.75,9,"[0, 1, 1, 1, 1, 1, 1, 1, 1, 1]",152.8,131.65,170.31,101.73,16532140.25
ASML,1749.04,10,"[1, 1, 1, 1, 1, 1, 1, 1, 1, 1]",1495.1,1220.46,1757.47,686.0,1662585.1
ORCL,211.82,6,"[1, 1, 1, 0, 0, 0, 1, 0, 1, 1]",180.82,205.69,325.76,136.0,21411398.0
JNJ,232.16,10,"[1, 1, 1, 1, 1, 1, 1, 1, 1, 1]",230.25,211.16,247.14,146.14,7796779.65
CAT,915.64,10,"[1, 1, 1, 1, 1, 1, 1, 1, 1, 1]",839.23,648.59,940.48,353.23,2671163.2
CSCO,124.15,10,"[1, 1, 1, 1, 1, 1, 1, 1, 1, 1]",98.56,80.03,130.0,62.65,30800784.35
LRCX,324.45,10,"[1, 1, 1, 1, 1, 1, 1, 1, 1, 1]",275.3,199.37,343.71,87.66,9092305.7
CVX,189.24,10,"[1, 1, 1, 1, 1, 1, 1, 1, 1, 1]",188.9,167.96,209.23,135.1,9290704.5
AMAT,492.17,10,"[1, 1, 1, 1, 1, 1, 1, 1, 1, 1]",411.63,301.24,501.7,155.56,8450675.75
UNH,406.57,9,"[1, 1, 1, 1, 0, 1, 1, 1, 1, 1]",352.35,326.78,406.57,232.89,7203814.0
BABA,120.07,2,"[0, 0, 0, 0, 0, 1, 0, 0, 1, 0]",131.0,149.72,189.34,103.83,12850909.7
GE,322.04,9,"[1, 1, 1, 0, 1, 1, 1, 1, 1, 1]",299.2,302.19,345.24,234.51,4825812.25
HSBC,91.53,10,"[1, 1, 1, 1, 1, 1, 1, 1, 1, 1]",89.62,77.49,95.21,55.7,1617205.2
MS,212.24,10,"[1, 1, 1, 1, 1, 1, 1, 1, 1, 1]",189.59,171.32,218.27,126.44,5795979.65
AZN,181.55,7,"[0, 0, 1, 1, 1, 1, 1, 1, 1, 0]",190.27,180.53,208.62,135.08,1881640.55
GEV,933.85,8,"[0, 1, 1, 1, 1, 1, 1, 1, 1, 0]",1008.84,757.77,1149.53,464.29,2393568.3
GS,1045.0,10,"[1, 1, 1, 1, 1, 1, 1, 1, 1, 1]",936.73,855.8,1092.61,601.41,2257841.9
MRK,119.52,10,"[1, 1, 1, 1, 1, 1, 1, 1, 1, 1]",116.19,103.23,123.18,76.14,10010032.05
NVS,146.42,9,"[0, 1, 1, 1, 1, 1, 1, 1, 1, 1]",149.22,138.48,163.64,110.15,1574813.2
TXN,290.9,10,"[1, 1, 1, 1, 1, 1, 1, 1, 1, 1]",264.15,204.49,324.89,151.57,8152332.5
RY,195.32,10,"[1, 1, 1, 1, 1, 1, 1, 1, 1, 1]",178.73,161.9,195.32,125.26,1192585.3
KLAC,2108.06,10,"[1, 1, 1, 1, 1, 1, 1, 1, 1, 1]",1794.59,1380.31,2131.1,823.98,1013781.75
RTX,178.66,6,"[0, 0, 0, 0, 1, 1, 1, 1, 1, 1]",182.6,180.11,211.28,136.35,5679084.1
SNDK,1642.0,10,"[1, 1, 1, 1, 1, 1, 1, 1, 1, 1]",1200.66,538.23,1831.5,40.23,11641251.1
QCOM,217.77,9,"[1, 1, 1, 1, 1, 1, 1, 1, 1, 0]",177.4,163.09,250.1,123.61,25001321.4
ARM,346.39,10,"[1, 1, 1, 1, 1, 1, 1, 1, 1, 1]",227.64,158.24,411.83,104.55,12380429.7
C,133.28,10,"[1, 1, 1, 1, 1, 1, 1, 1, 1, 1]",125.28,110.64,135.15,74.67,10202859.2
BHP,83.7,9,"[1, 1, 1, 1, 1, 1, 1, 1, 1, 0]",81.44,65.89,93.15,45.25,2783717.9
ADI,403.89,9,"[1, 1, 1, 1, 1, 1, 1, 1, 1, 0]",384.84,302.29,437.67,217.76,5143486.35
NVO,41.02,1,"[0, 0, 0, 0, 0, 0, 0, 0, 1, 0]",41.82,47.31,77.31,34.76,13288880.8
MUFG,19.92,10,"[1, 1, 1, 1, 1, 1, 1, 1, 1, 1]",18.29,16.89,20.05,13.29,3359243.25
TTE,88.63,9,"[0, 1, 1, 1, 1, 1, 1, 1, 1, 1]",90.41,72.34,93.6,55.92,1137857.2
NEE,84.01,5,"[0, 0, 0, 1, 1, 1, 0, 1, 1, 0]",91.08,84.19,97.17,67.47,13603980.5
BA,215.92,3,"[0, 0, 0, 1, 0, 0, 0, 1, 1, 0]",221.58,219.09,252.15,179.12,7434363.15
TD,114.17,10,"[1, 1, 1, 1, 1, 1, 1, 1, 1, 1]",105.59,91.25,114.17,68.82,2062471.25
SAN,12.16,9,"[1, 1, 1, 1, 1, 1, 1, 1, 1, 0]",11.99,11.15,13.05,7.81,8539754.5
RIO,100.93,8,"[0, 1, 1, 1, 1, 1, 1, 1, 1, 0]",101.27,82.24,112.04,53.08,2569298.15
ANET,156.4,9,"[1, 1, 1, 1, 0, 1, 1, 1, 1, 1]",152.95,141.06,177.73,86.25,10760098.4
STX,876.77,10,"[1, 1, 1, 1, 1, 1, 1, 1, 1, 1]",675.93,389.47,940.69,124.47,3329284.15
DELL,400.77,10,"[1, 1, 1, 1, 1, 1, 1, 1, 1, 1]",246.16,162.1,465.96,107.92,11927150.5
PANW,266.33,9,"[1, 1, 1, 1, 0, 1, 1, 1, 1, 1]",206.06,192.54,300.48,141.67,10016535.9
WDC,526.93,10,"[1, 1, 1, 1, 1, 1, 1, 1, 1, 1]",428.92,244.66,593.96,55.52,6744004.25
GILD,128.1,6,"[0, 0, 1, 1, 1, 1, 0, 1, 1, 0]",134.01,128.09,154.92,103.92,7497444.15
GLW,187.54,10,"[1, 1, 1, 1, 1, 1, 1, 1, 1, 1]",173.34,115.72,207.96,49.06,14133274.9
BUD,78.66,9,"[1, 1, 1, 1, 1, 1, 1, 1, 1, 0]",76.26,67.62,83.96,56.26,1647419.3
APP,563.69,8,"[1, 1, 1, 0, 0, 1, 1, 1, 1, 1]",475.22,540.81,733.6,324.7,4795522.1
APH,143.6,9,"[1, 1, 1, 0, 1, 1, 1, 1, 1, 1]",137.92,134.37,165.92,91.84,11647127.9
DE,573.66,9,"[1, 1, 1, 1, 1, 1, 1, 1, 1, 0]",573.51,521.66,660.56,436.32,1572757.35
SCCO,170.48,8,"[0, 1, 1, 1, 1, 1, 1, 1, 1, 0]",180.29,154.07,215.55,85.21,1360350.5
WELL,200.0,8,"[0, 1, 1, 1, 1, 1, 1, 1, 1, 0]",208.69,191.81,220.14,147.96,3885407.45
MRVL,288.85,10,"[1, 1, 1, 1, 1, 1, 1, 1, 1, 1]",169.16,104.51,316.43,62.19,48116939.65
IBKR,87.35,10,"[1, 1, 1, 1, 1, 1, 1, 1, 1, 1]",79.64,70.91,88.72,50.3,5616320.15
COP,118.89,9,"[0, 1, 1, 1, 1, 1, 1, 1, 1, 1]",121.22,103.09,132.81,83.6,6362167.7
PLD,142.78,9,"[1, 1, 1, 1, 1, 1, 1, 1, 1, 0]",140.61,128.51,146.94,101.55,3380815.15
UBS,47.29,10,"[1, 1, 1, 1, 1, 1, 1, 1, 1, 1]",43.57,41.24,48.16,29.65,2192857.35
SMFG,23.24,10,"[1, 1, 1, 1, 1, 1, 1, 1, 1, 1]",21.5,19.38,23.81,14.53,2103498.1
CRWD,658.79,10,"[1, 1, 1, 1, 1, 1, 1, 1, 1, 1]",521.03,479.23,782.17,350.25,3868175.05
VRT,300.57,8,"[0, 1, 1, 1, 1, 1, 1, 1, 1, 0]",314.04,216.82,376.23,108.34,5882879.85
BTI,59.69,9,"[0, 1, 1, 1, 1, 1, 1, 1, 1, 1]",60.01,56.37,66.7,44.77,4350233.45
BBVA,22.37,10,"[1, 1, 1, 1, 1, 1, 1, 1, 1, 1]",22.22,21.04,25.32,14.03,1513421.85
NEM,98.99,6,"[0, 0, 0, 1, 1, 1, 1, 1, 1, 0]",111.41,100.88,131.38,52.01,7533067.2
PBR,17.75,8,"[0, 1, 1, 1, 1, 1, 1, 1, 1, 0]",20.16,15.14,21.86,10.86,16237422.65
PBR-A,15.9,8,"[0, 1, 1, 1, 1, 1, 1, 1, 1, 0]",18.21,13.97,19.73,10.32,9896122.8
SBUX,94.82,7,"[0, 1, 1, 1, 1, 1, 0, 1, 1, 0]",99.27,90.39,106.82,76.95,7741743.4
CVS,97.08,10,"[1, 1, 1, 1, 1, 1, 1, 1, 1, 1]",84.35,78.1,98.11,57.3,8444320.9
BMY,55.57,8,"[0, 1, 1, 1, 1, 1, 1, 1, 1, 0]",57.89,52.49,61.73,41.67,11245224.6
BP,43.72,9,"[0, 1, 1, 1, 1, 1, 1, 1, 1, 1]",44.89,37.81,47.09,27.95,8275084.05
PWR,693.81,9,"[1, 1, 1, 1, 1, 1, 1, 1, 1, 0]",668.62,510.59,785.24,348.42,1141768.2
PH,883.14,7,"[0, 0, 1, 0, 1, 1, 1, 1, 1, 1]",905.3,866.6,1020.71,646.59,825600.65
HWM,246.55,8,"[0, 1, 1, 1, 1, 1, 1, 1, 1, 0]",250.89,219.56,273.58,168.24,2410264.0
BMO,164.59,10,"[1, 1, 1, 1, 1, 1, 1, 1, 1, 1]",151.07,135.4,165.38,103.16,784643.1
EQIX,1062.74,9,"[1, 1, 1, 1, 1, 1, 1, 1, 1, 0]",1058.24,874.37,1109.8,718.6,550665.5
MFG,9.59,10,"[1, 1, 1, 1, 1, 1, 1, 1, 1, 1]",8.68,7.75,10.09,5.42,3581238.6
TT,458.92,7,"[0, 1, 1, 1, 1, 1, 0, 1, 1, 0]",460.65,427.13,491.42,374.67,1370855.85
CM,109.52,9,"[1, 1, 1, 1, 1, 1, 1, 1, 1, 0]",107.63,92.56,115.78,66.72,1009279.35
CDNS,394.24,9,"[1, 1, 1, 1, 0, 1, 1, 1, 1, 1]",336.19,324.71,416.39,265.66,2443776.65
GSK,50.64,8,"[0, 0, 1, 1, 1, 1, 1, 1, 1, 1]",52.93,48.84,60.14,34.89,3567850.2
SNPS,473.48,5,"[1, 1, 1, 1, 0, 0, 0, 0, 1, 0]",469.3,465.23,645.35,380.47,1980345.05
AEM,162.11,5,"[0, 0, 0, 1, 1, 1, 1, 0, 1, 0]",192.58,183.06,251.57,115.04,2243883.15
HCA,361.32,3,"[0, 0, 0, 0, 1, 1, 0, 0, 1, 0]",436.95,460.62,544.32,332.73,1775368.1
BNS,80.93,10,"[1, 1, 1, 1, 1, 1, 1, 1, 1, 1]",76.16,70.96,81.39,53.07,2334644.05
CMI,672.68,9,"[1, 1, 1, 1, 1, 1, 1, 1, 1, 0]",639.6,528.6,714.21,309.31,968154.55
MAR,391.42,10,"[1, 1, 1, 1, 1, 1, 1, 1, 1, 1]",359.5,312.98,392.51,252.75,1417205.25
CNQ,46.29,9,"[0, 1, 1, 1, 1, 1, 1, 1, 1, 1]",46.7,38.05,50.09,29.05,6648007.35
EQNR,37.6,9,"[0, 1, 1, 1, 1, 1, 1, 1, 1, 1]",38.5,28.68,41.97,21.89,3433005.3
ITUB,7.43,6,"[0, 0, 0, 1, 1, 1, 1, 1, 1, 0]",8.37,7.56,9.47,5.55,22489056.0
FDX,330.22,10,"[1, 1, 1, 1, 1, 1, 1, 1, 1, 1]",308.51,250.81,338.49,172.24,1951630.0
BK,142.39,10,"[1, 1, 1, 1, 1, 1, 1, 1, 1, 1]",132.59,117.15,144.02,86.97,3592055.0
FCX,63.91,10,"[1, 1, 1, 1, 1, 1, 1, 1, 1, 1]",63.39,53.21,71.72,35.05,12907410.5
USB,55.35,9,"[1, 1, 1, 1, 1, 1, 1, 1, 1, 0]",54.84,51.62,60.07,40.95,7954435.95
JCI,144.05,10,"[1, 1, 1, 1, 1, 1, 1, 1, 1, 1]",139.71,123.9,147.4,101.29,3781880.85
ING,29.11,9,"[1, 1, 1, 1, 1, 1, 1, 1, 1, 0]",28.73,26.53,31.32,19.79,2619932.35
FTNT,143.04,10,"[1, 1, 1, 1, 1, 1, 1, 1, 1, 1]",104.01,87.26,149.67,74.39,6231852.35
MNST,88.47,10,"[1, 1, 1, 1, 1, 1, 1, 1, 1, 1]",80.46,74.97,89.55,58.65,5542471.6
CSX,47.11,10,"[1, 1, 1, 1, 1, 1, 1, 1, 1, 1]",44.22,38.3,47.11,31.53,13201289.35
AMX,24.86,8,"[0, 1, 1, 1, 1, 1, 1, 1, 1, 0]",26.16,22.99,27.42,16.57,1344258.8
ELV,418.15,10,"[1, 1, 1, 1, 1, 1, 1, 1, 1, 1]",358.28,335.56,418.15,270.1,1775764.15
BCS,24.23,9,"[1, 1, 1, 0, 1, 1, 1, 1, 1, 1]",23.32,22.74,27.19,17.03,5377489.85
SLB,56.55,10,"[1, 1, 1, 1, 1, 1, 1, 1, 1, 1]",54.16,43.7,58.01,31.12,12845314.05
MPWR,1559.18,9,"[1, 1, 1, 1, 1, 1, 1, 1, 1, 0]",1481.06,1114.68,1689.89,667.93,703143.5
LYG,5.3,8,"[0, 1, 1, 1, 1, 1, 1, 1, 1, 0]",5.32,5.02,6.1,3.87,19861885.05
E,54.32,9,"[0, 1, 1, 1, 1, 1, 1, 1, 1, 1]",54.4,42.47,56.97,29.95,331049.5
CIEN,466.67,7,"[0, 1, 1, 1, 1, 1, 1, 0, 1, 0]",518.6,296.11,627.0,72.16,2666511.35
APO,127.57,4,"[1, 1, 0, 0, 0, 0, 0, 1, 1, 0]",123.28,127.74,153.59,99.88,3277661.85
CRH,101.53,4,"[0, 0, 0, 0, 1, 1, 0, 1, 1, 0]",109.64,115.03,130.44,87.52,4938577.7
SU,63.25,8,"[0, 1, 1, 1, 1, 1, 1, 1, 1, 0]",64.92,50.96,69.27,36.45,3721244.7
REGN,611.34,4,"[0, 0, 0, 0, 1, 1, 0, 1, 1, 0]",703.4,694.26,810.08,506.09,1238744.45
NXPI,301.14,10,"[1, 1, 1, 1, 1, 1, 1, 1, 1, 1]",263.79,229.77,332.67,182.42,3897400.75
BE,253.57,9,"[1, 1, 1, 1, 1, 1, 1, 1, 1, 0]",239.36,145.23,307.88,21.34,9895223.85
ROST,227.42,10,"[1, 1, 1, 1, 1, 1, 1, 1, 1, 1]",223.3,187.22,234.81,125.73,3732382.05
B,39.46,5,"[0, 0, 0, 0, 1, 1, 1, 1, 1, 0]",41.35,39.6,52.32,19.59,13613577.3
HLT,340.63,10,"[1, 1, 1, 1, 1, 1, 1, 1, 1, 1]",322.68,293.51,343.1,243.38,1552326.5
ASX,35.52,10,"[1, 1, 1, 1, 1, 1, 1, 1, 1, 1]",31.09,19.93,40.6,9.5,10006044.25
NOK,14.59,10,"[1, 1, 1, 1, 1, 1, 1, 1, 1, 1]",12.29,7.81,16.85,4.05,125512979.55
VLO,258.39,10,"[1, 1, 1, 1, 1, 1, 1, 1, 1, 1]",244.18,195.11,261.45,125.06,2847027.3
MPC,266.17,10,"[1, 1, 1, 1, 1, 1, 1, 1, 1, 1]",242.59,202.53,267.21,155.55,2363620.6
GM,83.77,10,"[1, 1, 1, 1, 1, 1, 1, 1, 1, 1]",77.66,73.07,85.99,47.5,7868350.45
AEP,126.77,7,"[0, 1, 1, 1, 1, 1, 0, 1, 1, 0]",131.07,120.68,136.16,98.09,5359073.95
DDOG,231.68,10,"[1, 1, 1, 1, 1, 1, 1, 1, 1, 1]",168.14,147.57,277.49,102.61,6331859.7
LITE,895.4,9,"[1, 1, 1, 1, 1, 1, 1, 1, 1, 0]",887.51,482.32,1053.09,81.96,6218649.65
VALE,14.99,8,"[0, 1, 1, 1, 1, 1, 1, 1, 1, 0]",16.52,13.8,17.82,8.32,24370790.35
NSC,309.93,8,"[1, 1, 1, 1, 1, 1, 0, 1, 1, 0]",305.92,292.9,325.68,244.07,1276423.4
HOOD,85.04,4,"[1, 0, 0, 0, 0, 0, 1, 0, 1, 1]",78.54,103.19,152.46,65.16,26753114.15
NET,247.79,9,"[1, 1, 1, 1, 0, 1, 1, 1, 1, 1]",214.38,206.43,272.66,160.19,4256664.1
PSX,183.42,10,"[1, 1, 1, 1, 1, 1, 1, 1, 1, 1]",171.89,147.79,186.92,112.25,2256984.0
FIX,1852.03,9,"[1, 1, 1, 1, 1, 1, 1, 1, 1, 0]",1754.59,1205.44,2041.56,486.62,421600.95
DLR,182.15,7,"[0, 1, 1, 1, 1, 1, 0, 1, 1, 0]",191.64,172.22,203.91,146.93,2002241.65
WBD,26.47,7,"[0, 0, 1, 1, 1, 1, 1, 1, 1, 0]",27.16,24.57,29.98,9.53,20717340.0
TRP,68.25,10,"[1, 1, 1, 1, 1, 1, 1, 1, 1, 1]",65.13,57.7,70.91,45.92,2297878.4
MFC,38.89,9,"[1, 1, 1, 1, 1, 1, 1, 1, 1, 0]",37.66,34.63,39.66,29.33,2784171.8
SPG,207.34,10,"[1, 1, 1, 1, 1, 1, 1, 1, 1, 1]",200.78,186.69,210.31,151.42,1702628.1
COHR,401.93,10,"[1, 1, 1, 1, 1, 1, 1, 1, 1, 1]",336.7,212.39,426.89,77.37,6047724.65
MSTR,127.2,1,"[0, 0, 0, 0, 0, 0, 0, 0, 1, 0]",155.16,200.78,455.9,106.99,17886632.55
BKR,64.84,10,"[1, 1, 1, 1, 1, 1, 1, 1, 1, 1]",64.08,54.14,69.44,36.94,7548404.75
WPM,114.87,5,"[0, 0, 0, 1, 1, 1, 1, 0, 1, 0]",133.74,122.48,165.21,86.45,1762044.75
CRWV,102.37,5,"[0, 1, 1, 1, 0, 0, 1, 0, 1, 0]",107.17,99.98,183.58,64.55,28757385.8
KEYS,331.6,8,"[0, 1, 1, 1, 1, 1, 1, 1, 1, 0]",335.04,239.21,366.68,158.19,1938786.3
CVNA,69.45,2,"[0, 0, 0, 0, 1, 0, 0, 0, 1, 0]",71.44,73.75,95.69,56.26,10109680.2
RKLB,113.65,10,"[1, 1, 1, 1, 1, 1, 1, 1, 1, 1]",97.09,71.36,150.23,25.41,28463639.75
TEL,205.61,5,"[0, 0, 0, 0, 1, 1, 0, 1, 1, 1]",213.65,220.15,247.28,160.93,2884179.2
URI,1084.05,9,"[1, 1, 1, 1, 0, 1, 1, 1, 1, 1]",895.55,876.33,1084.62,682.65,510383.6
GWW,1304.57,10,"[1, 1, 1, 1, 1, 1, 1, 1, 1, 1]",1190.07,1061.11,1304.57,914.6,262309.45
TGT,123.97,8,"[0, 1, 1, 1, 1, 1, 1, 1, 1, 0]",124.05,104.33,130.86,82.06,5975283.7
TER,374.69,10,"[1, 1, 1, 1, 1, 1, 1, 1, 1, 1]",358.02,241.95,417.92,82.87,3706664.5
LHX,302.1,6,"[0, 0, 0, 1, 1, 1, 0, 1, 1, 1]",323.71,312.13,375.64,240.88,1112426.6
CARR,67.35,8,"[1, 1, 1, 1, 0, 0, 1, 1, 1, 1]",62.73,59.14,79.79,49.97,6458112.4
CTVA,75.86,7,"[0, 1, 1, 1, 1, 1, 0, 1, 1, 0]",80.79,72.35,85.26,60.56,3402253.95
AU,84.47,5,"[0, 0, 0, 1, 1, 1, 1, 0, 1, 0]",96.81,85.84,124.62,41.58,2337675.95
OKE,88.15,10,"[1, 1, 1, 1, 1, 1, 1, 1, 1, 1]",87.88,77.17,95.24,62.69,3729332.9
MCHP,91.37,9,"[1, 1, 1, 1, 1, 1, 1, 1, 1, 0]",85.82,70.66,102.41,48.06,11543541.65
MCHPP,77.07,9,"[1, 1, 1, 1, 1, 1, 1, 1, 1, 0]",73.0,62.17,85.72,45.73,245930.15
CVE,28.72,10,"[1, 1, 1, 1, 1, 1, 1, 1, 1, 1]",27.98,20.94,31.8,13.51,7546306.05
AME,225.95,7,"[0, 1, 1, 1, 1, 1, 0, 1, 1, 0]",228.19,209.75,241.38,174.71,1188065.1
TRGP,264.13,10,"[1, 1, 1, 1, 1, 1, 1, 1, 1, 1]",252.96,201.32,276.75,143.89,1154883.15
COIN,162.11,1,"[0, 0, 0, 0, 0, 0, 0, 0, 1, 0]",186.59,243.94,419.78,141.09,9887547.2
FANG,198.2,10,"[1, 1, 1, 1, 1, 1, 1, 1, 1, 1]",195.83,163.38,212.52,132.09,2253678.65
OXY,57.48,9,"[0, 1, 1, 1, 1, 1, 1, 1, 1, 1]",58.49,48.59,66.24,38.74,10971107.15
DVN,45.08,8,"[0, 1, 1, 1, 1, 1, 1, 1, 1, 0]",47.57,40.05,52.07,31.17,13807189.35
FLEX,150.83,10,"[1, 1, 1, 1, 1, 1, 1, 1, 1, 1]",108.94,73.38,161.94,43.13,6259170.85
ABEV,3.07,8,"[0, 1, 1, 1, 1, 1, 1, 1, 1, 0]",3.1,2.68,3.43,2.11,27849757.25
NUE,253.4,10,"[1, 1, 1, 1, 1, 1, 1, 1, 1, 1]",216.33,172.03,262.28,115.38,1453690.8
STM,75.01,10,"[1, 1, 1, 1, 1, 1, 1, 1, 1, 1]",54.04,34.48,79.71,21.07,12568119.3
BIDU,119.1,4,"[0, 0, 0, 0, 1, 1, 1, 0, 1, 0]",126.33,126.82,162.52,83.62,3025683.25
ETR,108.11,8,"[0, 1, 1, 1, 1, 1, 1, 1, 1, 0]",112.36,99.03,117.36,78.9,3709899.3
UI,572.77,5,"[0, 0, 0, 1, 1, 1, 1, 0, 1, 0]",812.48,681.73,1083.11,368.59,153910.25
CCJ,105.44,7,"[0, 0, 1, 1, 1, 1, 1, 1, 1, 0]",114.14,101.82,134.09,63.71,3105919.6
FER,66.02,7,"[0, 0, 1, 1, 1, 1, 1, 1, 1, 0]",67.9,64.47,73.66,49.27,1597086.8
ROK,451.66,9,"[1, 1, 1, 1, 1, 1, 1, 1, 1, 0]",419.58,386.44,463.41,313.42,709521.4
EA,203.2,10,"[1, 1, 1, 1, 1, 1, 1, 1, 1, 1]",202.06,197.66,204.4,146.34,2000374.25
ARGX,882.41,9,"[1, 1, 1, 0, 1, 1, 1, 1, 1, 1]",799.53,803.63,929.61,537.92,328933.75
DAL,78.21,10,"[1, 1, 1, 1, 1, 1, 1, 1, 1, 1]",71.56,65.54,82.49,46.48,6947976.15
EBAY,108.44,10,"[1, 1, 1, 1, 1, 1, 1, 1, 1, 1]",104.81,92.4,118.63,72.75,5279013.6
FERG,224.29,5,"[0, 0, 0, 1, 1, 1, 0, 1, 1, 0]",241.74,237.96,266.68,207.74,1437593.9
MT,67.18,10,"[1, 1, 1, 1, 1, 1, 1, 1, 1, 1]",61.2,49.23,71.65,29.63,2296595.85
WAB,259.63,8,"[0, 1, 1, 1, 1, 1, 1, 1, 1, 0]",261.27,227.72,270.61,184.98,931264.15
FNV,214.75,6,"[0, 0, 0, 1, 1, 1, 1, 1, 1, 0]",238.88,224.17,280.36,154.14,817736.8
FITB,51.96,10,"[1, 1, 1, 1, 1, 1, 1, 1, 1, 1]",49.26,46.56,54.59,36.66,6860626.4
XYZ,69.92,7,"[1, 1, 1, 1, 0, 0, 1, 1, 1, 0]",68.69,67.58,81.11,49.09,6009823.35
NBIS,218.0,10,"[1, 1, 1, 1, 1, 1, 1, 1, 1, 1]",174.86,117.91,264.51,44.3,18683147.4
RKT,12.35,1,"[0, 0, 0, 0, 0, 0, 0, 0, 1, 0]",14.5,17.43,23.44,12.35,24566494.15
VTR,79.62,7,"[0, 0, 1, 1, 1, 1, 1, 1, 1, 0]",85.06,78.07,90.35,60.78,4133747.0
CLS,386.5,10,"[1, 1, 1, 1, 1, 1, 1, 1, 1, 1]",370.72,305.85,472.4,121.51,2333881.5
CAH,204.48,8,"[1, 0, 1, 0, 1, 1, 1, 1, 1, 1]",201.99,193.73,229.32,144.85,2199424.15
TEVA,33.26,9,"[1, 1, 1, 1, 1, 1, 1, 1, 1, 0]",33.01,28.15,36.34,15.38,5850326.65
HPE,49.87,10,"[1, 1, 1, 1, 1, 1, 1, 1, 1, 1]",32.03,25.11,56.15,17.21,37812615.65
STT,161.81,10,"[1, 1, 1, 1, 1, 1, 1, 1, 1, 1]",148.02,127.3,162.75,93.52,1805798.65
ODFL,247.01,10,"[1, 1, 1, 1, 1, 1, 1, 1, 1, 1]",210.61,172.67,247.01,125.7,1883133.65
GFS,77.31,10,"[1, 1, 1, 1, 1, 1, 1, 1, 1, 1]",64.65,45.02,89.96,31.62,6474206.35
WDS,21.68,9,"[0, 1, 1, 1, 1, 1, 1, 1, 1, 1]",22.97,18.38,24.78,13.89,656152.8
EME,823.79,8,"[0, 1, 1, 1, 1, 1, 1, 1, 1, 0]",843.52,716.72,943.75,465.04,360772.35
ON,120.9,10,"[1, 1, 1, 1, 1, 1, 1, 1, 1, 1]",96.75,65.83,133.93,44.9,11845756.95
GFI,35.88,4,"[0, 0, 0, 0, 1, 1, 1, 0, 1, 0]",43.6,43.22,59.77,22.22,3202295.6
ERIC,12.52,10,"[1, 1, 1, 1, 1, 1, 1, 1, 1, 1]",12.14,10.2,13.74,6.97,10157018.4
KB,100.39,8,"[0, 1, 1, 1, 1, 1, 1, 1, 1, 0]",105.58,93.88,118.21,77.06,222310.5
PUK,25.58,5,"[0, 0, 0, 1, 1, 1, 0, 1, 1, 0]",29.94,29.15,33.17,23.34,1213961.65
IRM,123.5,9,"[1, 1, 1, 1, 1, 1, 1, 1, 1, 0]",119.48,101.17,132.06,78.22,1351731.85
LYV,159.51,6,"[0, 1, 1, 1, 0, 1, 0, 1, 1, 0]",160.93,153.45,174.06,125.61,2312119.05
KGC,25.86,5,"[0, 0, 0, 1, 1, 1, 1, 0, 1, 0]",30.58,28.58,37.97,14.75,7270684.35
JBL,363.95,10,"[1, 1, 1, 1, 1, 1, 1, 1, 1, 1]",331.75,253.97,380.25,175.61,1162157.05
ADM,80.22,10,"[1, 1, 1, 1, 1, 1, 1, 1, 1, 1]",75.1,65.3,84.11,46.44,3679170.6
VOD,14.81,8,"[0, 1, 1, 1, 1, 1, 1, 1, 1, 0]",15.08,13.26,16.02,9.42,3254311.8
BBD,3.29,5,"[0, 0, 0, 1, 1, 1, 0, 1, 1, 0]",3.71,3.51,4.2,2.69,28794850.65
VIK,89.04,10,"[1, 1, 1, 1, 1, 1, 1, 1, 1, 1]",82.2,70.9,92.55,46.56,3941160.75
SATS,116.62,8,"[0, 1, 1, 1, 1, 1, 1, 1, 1, 0]",125.64,99.99,141.8,15.99,7317307.95
ESLT,830.16,9,"[0, 1, 1, 1, 1, 1, 1, 1, 1, 1]",843.7,661.09,1013.23,412.86,124428.5
UMC,20.0,10,"[1, 1, 1, 1, 1, 1, 1, 1, 1, 1]",14.51,9.87,22.89,6.58,17454826.25
ONC,270.8,1,"[0, 0, 0, 0, 0, 0, 0, 0, 1, 0]",301.13,320.15,377.47,240.99,244261.65
LVS,50.79,2,"[0, 0, 0, 0, 1, 0, 0, 0, 1, 0]",52.72,56.49,68.73,39.54,3973346.6
IX,38.53,10,"[1, 1, 1, 1, 1, 1, 1, 1, 1, 1]",34.22,29.97,39.92,21.19,368707.8
CRDO,222.27,10,"[1, 1, 1, 1, 1, 1, 1, 1, 1, 1]",173.06,148.38,236.03,68.53,8427275.75
ALAB,346.33,9,"[1, 1, 1, 1, 0, 1, 1, 1, 1, 1]",217.2,178.64,363.54,85.95,6222694.2
STLD,267.2,10,"[1, 1, 1, 1, 1, 1, 1, 1, 1, 1]",223.6,177.79,276.85,120.2,1084181.15
HAL,40.5,10,"[1, 1, 1, 1, 1, 1, 1, 1, 1, 1]",39.74,31.29,42.8,19.8,10773903.65
HUM,355.98,9,"[1, 1, 1, 1, 0, 1, 1, 1, 1, 1]",251.7,244.74,355.98,162.84,1573939.7
MTZ,361.7,8,"[0, 1, 1, 1, 1, 1, 1, 1, 1, 0]",378.09,266.19,437.51,158.43,1212889.6
UAL,105.32,9,"[1, 1, 1, 0, 1, 1, 1, 1, 1, 1]",97.24,101.82,117.53,73.67,5427987.0
ZM,101.15,9,"[1, 1, 1, 1, 1, 1, 1, 1, 1, 0]",95.26,86.74,111.88,69.77,5337395.7
TS,62.81,10,"[1, 1, 1, 1, 1, 1, 1, 1, 1, 1]",60.25,45.92,64.02,33.04,1581179.5
CASY,751.63,8,"[0, 1, 1, 1, 1, 1, 1, 1, 1, 0]",791.3,635.3,888.36,437.61,531195.65
TECK,62.09,9,"[1, 1, 1, 1, 1, 1, 1, 1, 1, 0]",59.97,49.64,70.56,31.15,3266271.6
SYM,44.33,3,"[0, 0, 0, 0, 1, 0, 1, 0, 1, 0]",53.82,58.26,87.3,27.97,2719052.65
EL,84.64,3,"[1, 0, 0, 0, 1, 0, 0, 0, 1, 0]",78.71,92.63,118.78,66.34,3880008.0
SHG,63.91,8,"[0, 1, 1, 1, 1, 1, 1, 1, 1, 0]",65.38,57.84,71.72,42.69,263007.75
Q,144.45,6,"[1, 1, 0, 1, 0, 0, 1, 1, 1, 0]",141.94,144.45,168.28,73.4,2035582.85
TWLO,212.54,10,"[1, 1, 1, 1, 1, 1, 1, 1, 1, 1]",168.46,132.06,236.64,92.44,3045616.6
RVMD,148.49,10,"[1, 1, 1, 1, 1, 1, 1, 1, 1, 1]",137.18,90.51,163.68,34.7,2713121.8
RDDT,171.13,4,"[1, 0, 0, 0, 0, 0, 1, 0, 1, 1]",155.12,189.6,270.71,115.03,5292476.6
IQV,183.69,4,"[1, 0, 0, 0, 0, 0, 0, 1, 1, 1]",171.93,195.7,244.29,154.1,1685850.1
NTRS,169.11,10,"[1, 1, 1, 1, 1, 1, 1, 1, 1, 1]",159.75,140.72,172.26,105.36,1048670.1
DOV,216.19,9,"[1, 1, 1, 1, 1, 1, 1, 1, 1, 0]",215.26,197.82,232.21,159.95,784064.15
RPRX,54.86,10,"[1, 1, 1, 1, 1, 1, 1, 1, 1, 1]",50.75,42.26,55.87,32.69,4453347.0
ASTS,92.06,9,"[1, 1, 1, 1, 1, 1, 1, 0, 1, 1]",88.5,78.93,133.09,34.82,27051040.6
BIIB,192.62,9,"[1, 1, 1, 1, 1, 1, 1, 1, 1, 0]",187.7,172.25,204.53,122.68,1176170.25
VG,12.84,6,"[0, 1, 1, 1, 0, 0, 1, 0, 1, 1]",13.23,10.87,18.91,5.91,17250618.55
EXPE,225.9,5,"[0, 0, 0, 0, 1, 1, 1, 1, 1, 0]",234.94,238.93,300.02,160.72,1630817.55
CRCL,82.53,3,"[0, 0, 0, 1, 0, 0, 1, 0, 1, 0]",103.22,101.27,263.45,50.23,17231322.25
ARES,126.87,4,"[1, 0, 0, 0, 0, 0, 1, 0, 1, 1]",118.11,141.01,187.77,95.2,2531556.3
FTI,68.75,8,"[0, 1, 1, 1, 1, 1, 1, 1, 1, 0]",71.75,54.09,76.94,32.06,5972481.05
FTAI,230.46,6,"[0, 0, 1, 1, 1, 1, 1, 0, 1, 0]",247.94,216.05,308.99,108.92,1038511.55
AXIA,9.73,5,"[0, 0, 0, 1, 1, 1, 1, 0, 1, 0]",11.64,10.59,13.43,6.29,2068140.65
CNC,65.03,10,"[1, 1, 1, 1, 1, 1, 1, 1, 1, 1]",49.11,40.67,65.03,25.21,4986008.25
NTRA,213.47,8,"[1, 0, 1, 0, 1, 1, 1, 1, 1, 1]",204.68,204.37,254.4,133.66,1542613.5
NVT,163.81,9,"[1, 1, 1, 1, 1, 1, 1, 1, 1, 0]",149.76,116.49,176.39,67.42,1857132.5
MTSI,361.86,10,"[1, 1, 1, 1, 1, 1, 1, 1, 1, 1]",311.79,211.59,409.68,118.35,1730810.15
TPL,396.14,8,"[0, 1, 1, 1, 1, 1, 1, 0, 1, 1]",417.5,367.88,538.97,272.83,430992.2
TPR,140.9,9,"[0, 1, 1, 1, 1, 1, 1, 1, 1, 1]",141.56,127.42,159.61,77.91,2633212.25
CFG,64.35,10,"[1, 1, 1, 1, 1, 1, 1, 1, 1, 1]",62.84,57.43,67.63,39.07,4124487.05
CW,721.33,9,"[1, 1, 1, 1, 1, 1, 1, 1, 1, 0]",720.99,621.53,751.0,455.75,289773.05
DOW,34.2,8,"[0, 1, 1, 1, 1, 1, 1, 1, 1, 0]",37.77,28.7,41.45,19.83,10719001.4
EIX,70.84,10,"[1, 1, 1, 1, 1, 1, 1, 1, 1, 1]",70.75,62.19,75.82,45.61,2731947.85
PKX,60.82,6,"[0, 0, 1, 1, 1, 1, 1, 0, 1, 0]",71.03,59.45,91.72,45.13,367260.0
BAP,319.89,8,"[0, 1, 1, 1, 1, 1, 1, 1, 1, 0]",330.47,300.39,373.52,212.42,599386.8
VRSN,283.41,8,"[1, 1, 1, 1, 0, 1, 1, 1, 1, 0]",279.61,257.05,310.0,210.93,819285.5
HUBB,485.03,7,"[0, 1, 1, 1, 1, 1, 0, 1, 1, 0]",502.17,467.01,556.18,377.47,698943.6
STRL,891.86,10,"[1, 1, 1, 1, 1, 1, 1, 1, 1, 1]",639.16,426.98,993.74,198.37,675845.85
EC,15.35,10,"[1, 1, 1, 1, 1, 1, 1, 1, 1, 1]",13.88,11.08,16.25,7.9,3222516.05
P,73.77,5,"[1, 1, 0, 0, 0, 1, 1, 0, 1, 0]",72.62,75.65,98.7,51.58,4508016.0
AER,135.71,5,"[0, 0, 0, 1, 1, 1, 0, 1, 1, 0]",140.72,135.73,153.99,106.41,1288587.25
PAAS,47.28,5,"[0, 0, 0, 1, 1, 1, 1, 0, 1, 0]",55.31,48.79,68.3,26.86,4963318.35
DG,106.82,2,"[0, 0, 0, 0, 1, 0, 0, 0, 1, 0]",113.6,120.02,155.5,95.08,4585713.65
VIV,12.81,6,"[0, 0, 0, 1, 1, 1, 1, 1, 1, 0]",14.6,13.2,16.42,9.82,1118469.05
SYF,70.55,4,"[0, 0, 0, 0, 1, 1, 0, 1, 1, 0]",72.4,73.76,87.76,58.86,3911988.85
ZS,129.25,1,"[0, 0, 0, 0, 0, 0, 0, 0, 1, 0]",142.59,217.44,336.27,118.05,7326425.5
SQM,72.76,7,"[0, 0, 1, 1, 1, 1, 1, 1, 1, 0]",84.9,66.52,94.63,31.72,1224686.1
BG,125.5,10,"[1, 1, 1, 1, 1, 1, 1, 1, 1, 1]",124.54,104.68,131.41,71.0,1743804.7
FMX,122.51,10,"[1, 1, 1, 1, 1, 1, 1, 1, 1, 1]",117.48,103.23,124.87,82.37,507006.8
MDB,352.56,9,"[1, 1, 1, 0, 1, 1, 1, 1, 1, 1]",286.58,329.3,440.6,201.0,3035029.6
XPO,224.66,10,"[1, 1, 1, 1, 1, 1, 1, 1, 1, 1]",210.81,166.46,228.37,118.79,1738409.4
ALB,149.84,6,"[0, 0, 1, 1, 1, 1, 1, 0, 1, 0]",183.7,142.61,215.62,56.05,2112693.75
UTHR,544.69,8,"[0, 1, 1, 1, 1, 1, 1, 1, 1, 0]",568.84,488.4,596.76,274.7,453587.95
FSLR,275.39,9,"[1, 1, 1, 0, 1, 1, 1, 1, 1, 1]",225.79,230.65,318.25,143.67,3105052.1
TSN,56.99,5,"[0, 0, 0, 1, 1, 1, 0, 1, 1, 0]",63.87,58.44,68.18,49.45,3434562.35
TSEM,242.04,10,"[1, 1, 1, 1, 1, 1, 1, 1, 1, 1]",227.17,135.09,288.53,38.09,2323720.45
RF,28.56,10,"[1, 1, 1, 1, 1, 1, 1, 1, 1, 1]",27.34,26.45,30.37,20.68,11326831.35
KEY,21.79,10,"[1, 1, 1, 1, 1, 1, 1, 1, 1, 1]",21.18,19.66,22.76,15.01,11298415.25
TEAM,97.89,4,"[1, 0, 0, 0, 0, 0, 1, 0, 1, 1]",80.12,123.15,220.89,57.15,6071805.05
LYB,64.43,8,"[0, 1, 1, 1, 1, 1, 1, 1, 1, 0]",71.88,55.58,81.53,40.28,4770539.75
JBHT,288.17,10,"[1, 1, 1, 1, 1, 1, 1, 1, 1, 1]",246.8,197.47,288.17,129.81,1022042.75
SBAC,200.1,6,"[0, 1, 1, 1, 1, 0, 0, 1, 1, 0]",207.39,194.38,233.84,164.16,875705.55
WST,319.75,9,"[1, 1, 1, 1, 1, 1, 1, 1, 1, 0]",292.7,267.92,325.92,209.39,711555.95
CPAY,349.01,10,"[1, 1, 1, 1, 1, 1, 1, 1, 1, 1]",325.49,311.09,364.13,255.0,572709.75
ENTG,132.71,8,"[0, 1, 1, 1, 1, 1, 1, 1, 1, 0]",137.14,108.58,156.33,68.7,2982079.6
NMR,8.58,9,"[1, 1, 1, 0, 1, 1, 1, 1, 1, 1]",8.14,7.97,9.54,6.1,1418278.55
IHG,163.35,10,"[1, 1, 1, 1, 1, 1, 1, 1, 1, 1]",146.37,134.27,163.35,109.28,217987.3
FN,623.71,9,"[0, 1, 1, 1, 1, 1, 1, 1, 1, 1]",656.61,499.98,746.47,232.83,975541.15
SBS,5.32,6,"[0, 0, 0, 1, 1, 1, 1, 1, 1, 0]",6.2,5.36,7.08,3.81,6026420.3
WWD,359.79,8,"[0, 1, 1, 1, 1, 1, 1, 1, 1, 0]",366.72,317.96,402.89,228.82,655613.5
SITM,664.28,8,"[1, 1, 1, 1, 1, 1, 1, 0, 1, 0]",590.26,392.03,901.48,190.16,620706.0
INSM,94.17,3,"[0, 0, 0, 0, 1, 0, 1, 0, 1, 0]",129.47,155.1,211.41,70.68,4081748.7
BEKE,16.16,3,"[0, 0, 0, 1, 0, 0, 0, 1, 1, 0]",16.68,17.12,19.99,14.54,5857188.8
AKAM,141.87,9,"[1, 1, 1, 1, 1, 1, 1, 1, 1, 0]",123.75,96.92,161.14,70.53,6091059.25
PFG,105.03,10,"[1, 1, 1, 1, 1, 1, 1, 1, 1, 1]",97.77,88.01,105.22,72.85,1105598.9
RL,372.85,10,"[1, 1, 1, 1, 1, 1, 1, 1, 1, 1]",360.46,344.36,389.52,257.2,836551.35
ATI,180.14,10,"[1, 1, 1, 1, 1, 1, 1, 1, 1, 1]",159.59,122.3,181.1,71.34,1569872.5
MRNA,47.6,8,"[0, 1, 1, 1, 1, 1, 1, 1, 1, 0]",49.65,38.09,57.8,22.36,6876945.95
ILMN,158.04,10,"[1, 1, 1, 1, 1, 1, 1, 1, 1, 1]",138.49,124.18,170.93,84.98,1962778.45
AFRM,65.46,5,"[1, 1, 0, 0, 0, 0, 1, 0, 1, 1]",61.81,67.11,92.18,42.53,5097827.3
CRS,499.09,10,"[1, 1, 1, 1, 1, 1, 1, 1, 1, 1]",434.18,343.83,499.09,231.97,584900.4
SMCI,43.99,6,"[1, 1, 1, 0, 0, 0, 1, 0, 1, 1]",31.38,36.02,60.71,20.53,41596346.05
MKSI,312.09,9,"[1, 1, 1, 1, 1, 1, 1, 1, 1, 0]",286.93,200.51,335.15,88.89,1091709.95
IFF,72.6,7,"[0, 1, 1, 1, 1, 1, 0, 1, 1, 0]",73.62,68.98,82.93,58.84,2108008.55
EXPD,163.44,10,"[1, 1, 1, 1, 1, 1, 1, 1, 1, 1]",150.7,141.72,164.19,110.22,1140094.65
ROIV,28.49,8,"[0, 1, 1, 1, 1, 1, 1, 1, 1, 0]",28.74,22.83,32.41,10.74,6804522.9
DD,46.99,8,"[0, 1, 1, 1, 1, 1, 1, 1, 1, 0]",47.22,41.38,51.12,27.19,3664370.25
IREN,59.19,9,"[1, 1, 1, 1, 1, 1, 1, 1, 1, 0]",50.32,46.97,76.41,9.77,55053238.85
RGLD,205.7,5,"[0, 0, 0, 1, 1, 1, 1, 0, 1, 0]",240.41,226.44,303.74,150.48,626265.25
FUTU,91.08,1,"[0, 0, 0, 0, 0, 0, 0, 0, 1, 0]",137.28,158.13,195.9,89.76,7644396.15
ULS,97.02,9,"[1, 1, 1, 1, 1, 1, 1, 1, 1, 0]",93.42,80.88,104.74,62.21,669252.8
CHRW,188.14,10,"[1, 1, 1, 1, 1, 1, 1, 1, 1, 1]",173.73,160.07,199.22,91.19,1774176.35
LUV,41.02,8,"[1, 1, 1, 0, 1, 1, 1, 1, 1, 0]",39.93,38.69,54.56,28.65,6036959.15
DKS,213.38,6,"[0, 1, 1, 1, 0, 1, 0, 1, 1, 0]",216.89,212.63,233.13,170.53,1394613.05
VTRS,15.93,9,"[1, 1, 1, 1, 1, 1, 1, 1, 1, 0]",15.13,12.55,17.26,8.41,10409795.8
RCI,37.73,9,"[1, 1, 1, 0, 1, 1, 1, 1, 1, 1]",36.04,36.77,40.6,26.14,1135766.4
FFIV,396.19,9,"[1, 1, 1, 1, 0, 1, 1, 1, 1, 1]",339.58,296.28,409.13,223.99,715500.3
CX,12.04,8,"[0, 1, 1, 1, 1, 1, 1, 1, 1, 0]",12.33,11.13,13.55,6.73,4559322.05
INCY,100.64,9,"[1, 1, 1, 0, 1, 1, 1, 1, 1, 1]",96.68,96.08,110.57,67.26,1618994.85
KEP,12.07,2,"[0, 0, 0, 0, 1, 0, 0, 0, 1, 0]",14.23,16.07,23.26,10.22,1279143.0
APG,42.2,8,"[0, 1, 1, 1, 1, 1, 1, 1, 1, 0]",43.94,40.06,49.4,31.77,2458489.85
SNX,271.78,10,"[1, 1, 1, 1, 1, 1, 1, 1, 1, 1]",224.9,171.55,279.33,121.93,747639.45
CDE,16.73,4,"[0, 0, 0, 0, 1, 1, 1, 0, 1, 0]",18.6,18.71,27.12,8.67,22007373.95
RBC,590.97,9,"[1, 1, 1, 1, 1, 1, 1, 1, 1, 0]",582.95,489.23,623.19,367.05,295040.75
BURL,314.0,9,"[0, 1, 1, 1, 1, 1, 1, 1, 1, 1]",319.76,293.94,347.82,222.85,1165224.3
ROKU,123.57,9,"[1, 1, 1, 1, 1, 1, 1, 1, 1, 0]",116.54,103.56,131.91,74.41,2050717.7
AMKR,68.29,9,"[1, 1, 1, 1, 1, 1, 1, 1, 1, 0]",66.04,45.41,78.01,19.7,4848605.3
RS,396.26,10,"[1, 1, 1, 1, 1, 1, 1, 1, 1, 1]",350.94,308.64,396.46,262.77,312222.9
BWXT,187.46,6,"[0, 0, 0, 1, 1, 1, 1, 1, 1, 0]",210.59,194.93,238.1,130.98,976794.75
ZTO,22.1,7,"[0, 0, 1, 1, 1, 1, 1, 1, 1, 0]",24.27,21.58,25.88,16.79,1866287.8
NXT,125.65,9,"[1, 1, 1, 1, 1, 1, 1, 1, 1, 0]",124.28,101.8,156.4,53.8,2831465.3
ITT,190.95,6,"[0, 0, 1, 1, 1, 1, 0, 1, 1, 0]",203.91,187.69,221.69,148.92,675008.1
FTV,61.16,10,"[1, 1, 1, 1, 1, 1, 1, 1, 1, 1]",59.41,54.44,62.01,46.39,3258000.45
IONQ,62.8,9,"[1, 1, 1, 1, 0, 1, 1, 1, 1, 1]",47.81,48.63,82.09,26.59,34531616.6
AGI,35.87,5,"[0, 0, 0, 1, 1, 1, 1, 0, 1, 0]",42.71,39.07,55.29,24.28,2883995.2
BCH,36.34,8,"[0, 0, 1, 1, 1, 1, 1, 1, 1, 1]",37.51,35.3,43.7,25.75,331941.65
YPF,53.54,10,"[1, 1, 1, 1, 1, 1, 1, 1, 1, 1]",45.92,36.89,55.31,23.57,2231465.2
CF,109.45,8,"[0, 1, 1, 1, 1, 1, 1, 1, 1, 0]",122.1,97.33,137.04,75.38,2743305.5
MGA,66.67,10,"[1, 1, 1, 1, 1, 1, 1, 1, 1, 1]",60.83,53.36,68.15,36.23,1128030.2
TLN,364.78,5,"[1, 1, 0, 0, 0, 0, 1, 1, 1, 0]",355.8,371.66,445.84,255.1,766099.85
LSCC,142.9,10,"[1, 1, 1, 1, 1, 1, 1, 1, 1, 1]",122.0,88.79,154.6,47.85,2258986.1
WMG,30.01,7,"[1, 1, 1, 1, 0, 1, 0, 1, 1, 0]",29.86,29.9,34.56,23.52,2950309.1
CIB,71.8,10,"[1, 1, 1, 1, 1, 1, 1, 1, 1, 1]",69.96,64.38,83.05,41.25,412426.15
WCC,353.23,9,"[1, 1, 1, 1, 1, 1, 1, 1, 1, 0]",331.24,272.73,374.52,170.51,550374.85
JBS,11.62,3,"[0, 0, 0, 1, 1, 0, 0, 0, 1, 0]",14.67,13.91,17.05,11.6,10325065.3
WSO,371.84,3,"[0, 0, 0, 1, 0, 0, 0, 1, 1, 0]",400.4,378.62,478.22,318.41,355416.2
DOCN,169.32,10,"[1, 1, 1, 1, 1, 1, 1, 1, 1, 1]",123.51,67.76,180.5,25.74,3106587.1
EWBC,126.26,10,"[1, 1, 1, 1, 1, 1, 1, 1, 1, 1]",119.39,110.52,126.26,89.22,778707.25
AA,73.44,10,"[1, 1, 1, 1, 1, 1, 1, 1, 1, 1]",68.68,52.39,83.79,27.6,4661048.3
PR,19.59,8,"[0, 1, 1, 1, 1, 1, 1, 1, 1, 0]",20.53,16.14,22.52,11.86,9524910.5
NVMI,507.96,9,"[1, 1, 1, 1, 1, 1, 1, 1, 1, 0]",499.66,395.24,556.11,220.89,450820.6
RTO,29.53,7,"[0, 0, 1, 1, 1, 1, 1, 1, 1, 0]",32.33,29.32,34.52,22.29,901630.8
OWL,9.42,1,"[0, 0, 0, 0, 0, 0, 0, 0, 1, 0]",9.43,12.96,19.42,8.04,23763758.8
OVV,57.91,9,"[0, 1, 1, 1, 1, 1, 1, 1, 1, 1]",58.1,46.27,63.08,35.51,3482945.25
TTMI,178.38,10,"[1, 1, 1, 1, 1, 1, 1, 1, 1, 1]",146.17,91.94,196.95,35.38,2660623.9
BEN,31.39,10,"[1, 1, 1, 1, 1, 1, 1, 1, 1, 1]",28.67,25.01,32.35,20.59,4048475.1
IEX,218.59,10,"[1, 1, 1, 1, 1, 1, 1, 1, 1, 1]",206.09,185.48,218.59,155.73,657270.65
LAMR,149.69,9,"[1, 1, 1, 1, 1, 1, 1, 1, 1, 0]",140.92,128.98,157.93,110.62,625932.8
VNOM,46.06,8,"[0, 1, 1, 1, 1, 1, 1, 1, 1, 0]",46.6,40.65,50.23,34.57,1560843.05
GNRC,265.89,9,"[1, 1, 1, 1, 1, 1, 1, 1, 1, 0]",239.93,192.64,285.31,124.01,812022.85
NDSN,282.21,9,"[1, 1, 1, 1, 1, 1, 1, 1, 1, 0]",279.3,255.62,298.37,207.12,418825.65
SN,118.28,9,"[1, 1, 1, 1, 1, 0, 1, 1, 1, 1]",113.22,109.96,131.45,82.13,2805729.25
H,193.72,10,"[1, 1, 1, 1, 1, 1, 1, 1, 1, 1]",166.41,156.63,193.72,130.07,876009.65
BALL,52.62,5,"[0, 0, 0, 1, 1, 1, 0, 1, 1, 0]",58.63,54.83,67.31,45.92,2734162.5
MLI,133.26,9,"[1, 1, 1, 1, 1, 1, 1, 1, 1, 0]",128.6,114.64,140.46,71.85,565255.9
LOGI,113.38,9,"[1, 1, 1, 1, 0, 1, 1, 1, 1, 1]",102.5,103.21,126.69,82.47,1216240.25
CLH,278.36,8,"[0, 1, 1, 1, 1, 1, 1, 1, 1, 0]",295.68,259.42,313.7,201.73,513319.25
GMAB,24.8,3,"[0, 0, 0, 0, 1, 1, 0, 0, 1, 0]",26.86,29.27,35.34,20.3,2110236.55
PAA,22.8,10,"[1, 1, 1, 1, 1, 1, 1, 1, 1, 1]",22.12,18.73,24.15,14.89,2421835.7
NBIX,163.12,9,"[1, 1, 1, 1, 0, 1, 1, 1, 1, 1]",142.9,140.38,167.35,123.1,1209474.25
HST,24.44,10,"[1, 1, 1, 1, 1, 1, 1, 1, 1, 1]",21.41,18.52,24.62,14.42,8329138.3
JLL,294.69,4,"[0, 0, 0, 0, 1, 1, 0, 1, 1, 0]",312.55,315.52,358.66,230.88,382325.15
ASND,205.81,5,"[0, 0, 0, 1, 1, 1, 0, 1, 1, 0]",232.33,216.74,249.84,163.32,577573.25
LECO,260.96,9,"[1, 1, 1, 1, 1, 1, 1, 1, 1, 0]",259.19,251.02,297.91,197.61,289228.8
OKTA,116.85,9,"[1, 1, 1, 1, 0, 1, 1, 1, 1, 1]",85.2,86.21,139.79,62.93,4872828.65
HTHT,44.15,6,"[0, 0, 0, 1, 1, 1, 1, 1, 1, 0]",48.44,45.08,54.63,29.07,2624353.75
DTM,141.38,9,"[1, 1, 1, 1, 1, 1, 1, 1, 1, 0]",140.22,123.59,151.12,97.12,612027.8
MOD,275.23,10,"[1, 1, 1, 1, 1, 1, 1, 1, 1, 1]",256.56,186.09,306.89,90.02,1422994.1
RRX,210.28,9,"[1, 1, 1, 1, 1, 1, 1, 1, 1, 0]",204.06,170.37,231.37,128.18,935518.85
BSAC,29.98,7,"[0, 0, 1, 1, 1, 1, 1, 1, 1, 0]",31.56,29.51,35.69,21.8,452112.0
JAZZ,232.04,10,"[1, 1, 1, 1, 1, 1, 1, 1, 1, 1]",213.64,170.88,240.06,105.93,940729.7
ONTO,268.99,9,"[1, 1, 1, 1, 1, 1, 1, 1, 1, 0]",265.69,187.38,307.86,90.0,1296493.25
OHI,43.8,6,"[0, 0, 1, 1, 1, 1, 0, 1, 1, 0]",45.93,43.43,48.99,33.89,2488980.2
SMMT,14.11,2,"[0, 0, 0, 1, 0, 0, 0, 0, 1, 0]",18.84,18.42,29.32,13.85,5286653.45
RMBS,152.03,10,"[1, 1, 1, 1, 1, 1, 1, 1, 1, 1]",126.14,104.38,170.66,58.1,2305165.65
AUR,6.26,7,"[1, 1, 1, 1, 0, 1, 1, 0, 1, 0]",5.94,5.05,8.4,3.77,32361484.0
NIO,5.45,4,"[0, 0, 0, 1, 0, 1, 1, 0, 1, 0]",6.04,5.87,7.89,3.41,44728698.75
HAS,83.54,5,"[0, 0, 0, 1, 1, 1, 0, 1, 1, 0]",91.15,84.84,104.36,65.31,2274247.5
LTM,47.02,3,"[0, 0, 0, 0, 1, 1, 0, 0, 1, 0]",50.12,50.83,68.29,37.17,807362.2
SUN,65.49,8,"[0, 1, 1, 1, 1, 1, 1, 1, 1, 0]",66.38,56.81,72.2,46.14,538985.2
QXO,15.54,2,"[0, 0, 0, 0, 1, 0, 0, 0, 1, 0]",19.14,20.48,27.07,15.54,16286384.05
AEIS,306.11,8,"[0, 1, 1, 1, 1, 1, 1, 1, 1, 0]",345.8,257.47,388.93,122.58,1045353.05
ALLY,42.38,7,"[0, 1, 1, 1, 1, 1, 0, 1, 1, 0]",42.39,41.13,46.41,34.97,3079774.3
PL,32.74,7,"[0, 1, 1, 1, 1, 1, 1, 0, 1, 0]",38.7,22.92,51.4,5.03,13715611.75
EVR,340.15,9,"[1, 1, 1, 1, 1, 1, 1, 1, 1, 0]",333.87,327.07,381.16,237.64,400615.15
SKM,39.64,10,"[1, 1, 1, 1, 1, 1, 1, 1, 1, 1]",36.96,26.83,46.0,19.68,3115019.9
TIGO,83.67,10,"[1, 1, 1, 1, 1, 1, 1, 1, 1, 1]",81.97,60.53,88.88,32.46,2279861.45
SANM,251.95,10,"[1, 1, 1, 1, 1, 1, 1, 1, 1, 1]",205.37,157.84,282.72,86.33,828319.25
IESC,734.91,10,"[1, 1, 1, 1, 1, 1, 1, 1, 1, 1]",611.43,465.78,742.09,261.89,195568.35
BBIO,67.37,6,"[0, 0, 1, 0, 1, 1, 1, 1, 1, 0]",70.5,66.86,79.91,39.03,2961590.3
TOL,137.16,5,"[0, 0, 0, 0, 1, 1, 1, 1, 1, 0]",138.21,140.03,165.81,104.05,1128331.25
DINO,72.39,10,"[1, 1, 1, 1, 1, 1, 1, 1, 1, 1]",65.59,54.93,73.99,35.37,2145026.6
NYT,74.02,8,"[0, 1, 1, 1, 1, 1, 1, 1, 1, 0]",78.88,69.35,85.86,50.99,1620076.6
DY,458.86,10,"[1, 1, 1, 1, 1, 1, 1, 1, 1, 1]",419.97,352.28,535.2,231.83,550289.15
RBRK,71.73,6,"[1, 1, 1, 0, 0, 0, 1, 0, 1, 1]",59.18,67.9,98.5,43.81,4360179.95
DVA,192.08,9,"[1, 1, 1, 1, 1, 1, 1, 1, 1, 0]",171.47,139.61,200.54,103.87,850083.4
GH,124.89,9,"[1, 1, 1, 0, 1, 1, 1, 1, 1, 1]",99.45,91.25,133.22,40.98,2517519.0
PEN,320.07,7,"[0, 0, 1, 1, 1, 1, 1, 1, 1, 0]",326.33,305.36,359.4,225.54,418328.05
BMNR,16.85,2,"[0, 0, 0, 0, 0, 0, 1, 0, 1, 0]",20.53,32.0,134.96,4.26,37886502.65
SWK,78.53,7,"[1, 1, 1, 0, 1, 1, 0, 1, 1, 0]",75.4,74.59,90.95,60.73,1454139.05
ENLT,95.06,10,"[1, 1, 1, 1, 1, 1, 1, 1, 1, 1]",86.28,56.03,107.42,18.69,234396.35
OKLO,58.94,1,"[0, 0, 0, 0, 0, 0, 0, 0, 1, 0]",63.5,85.63,174.14,45.58,15510364.75
BWA,75.86,10,"[1, 1, 1, 1, 1, 1, 1, 1, 1, 1]",60.38,50.24,77.03,32.21,4050022.3
APA,37.66,9,"[0, 1, 1, 1, 1, 1, 1, 1, 1, 1]",38.72,28.94,44.09,17.09,5380048.0
IONS,73.54,5,"[0, 0, 0, 0, 1, 1, 1, 1, 1, 0]",74.94,73.82,86.5,35.24,1671572.35
HL,14.89,4,"[0, 0, 0, 0, 1, 1, 1, 0, 1, 0]",18.23,17.44,31.8,5.58,16698965.8
HII,292.26,4,"[0, 0, 0, 0, 1, 1, 1, 0, 1, 0]",349.13,342.64,451.78,219.59,519650.35
SOLS,80.46,6,"[0, 1, 0, 1, 0, 0, 1, 1, 1, 1]",81.47,80.46,88.49,41.35,2022975.75
FIVE,186.49,6,"[0, 0, 0, 1, 1, 1, 1, 1, 1, 0]",223.34,189.17,247.71,121.83,1561415.15
U,28.8,4,"[1, 0, 0, 0, 0, 0, 1, 0, 1, 1]",25.96,33.64,49.47,17.13,9799650.2
IVZ,27.55,10,"[1, 1, 1, 1, 1, 1, 1, 1, 1, 1]",25.87,24.69,28.98,14.03,4817678.95
NTNX,51.85,5,"[1, 1, 0, 0, 0, 0, 1, 0, 1, 1]",43.69,53.05,81.12,34.41,4810845.6
MEDP,457.9,4,"[1, 0, 0, 0, 0, 0, 1, 0, 1, 1]",454.62,512.6,620.59,297.92,298600.7
EXEL,51.74,10,"[1, 1, 1, 1, 1, 1, 1, 1, 1, 1]",47.02,42.9,52.7,34.54,2561498.5
ALGN,172.05,9,"[0, 1, 1, 1, 1, 1, 1, 1, 1, 1]",172.85,158.81,207.19,124.88,1017558.3
BLD,399.03,4,"[0, 0, 0, 0, 1, 1, 1, 0, 1, 0]",410.15,429.33,550.9,294.06,759108.45
WLK,85.26,5,"[0, 0, 0, 1, 1, 1, 1, 0, 1, 0]",103.17,87.4,122.65,55.28,1026150.1
SAIA,480.68,10,"[1, 1, 1, 1, 1, 1, 1, 1, 1, 1]",431.14,353.32,482.22,250.48,352666.55
MP,57.58,3,"[0, 0, 0, 1, 0, 0, 1, 0, 1, 0]",61.26,62.69,98.65,25.64,6809471.5
VIAV,48.75,9,"[1, 1, 1, 1, 1, 1, 1, 1, 1, 0]",46.55,26.03,55.33,9.18,6640860.65
AAOI,196.64,10,"[1, 1, 1, 1, 1, 1, 1, 1, 1, 1]",158.73,71.01,223.1,15.47,12776923.0
PINS,21.99,4,"[1, 0, 0, 0, 0, 0, 1, 0, 1, 1]",19.79,25.24,39.17,15.42,20158493.9
AIZ,252.02,10,"[1, 1, 1, 1, 1, 1, 1, 1, 1, 1]",236.51,225.88,258.17,182.42,452989.05
WBS,72.35,9,"[1, 1, 1, 1, 1, 1, 1, 1, 1, 0]",71.61,64.75,73.42,49.51,3264383.2
ELAN,23.68,9,"[1, 1, 1, 0, 1, 1, 1, 1, 1, 1]",22.86,22.38,26.84,13.33,7129502.9
GLXY,30.51,8,"[1, 1, 1, 1, 0, 1, 1, 0, 1, 1]",26.2,27.42,42.86,16.84,5949215.2
APLD,40.94,9,"[1, 1, 1, 1, 1, 1, 1, 1, 1, 0]",36.47,30.11,49.65,9.18,20903891.75
MDGL,467.28,6,"[0, 0, 0, 1, 1, 1, 1, 1, 1, 0]",515.23,490.81,602.83,277.64,277176.35
VICR,274.97,10,"[1, 1, 1, 1, 1, 1, 1, 1, 1, 1]",249.93,144.98,345.84,43.65,914305.1
COKE,178.81,9,"[0, 1, 1, 1, 1, 1, 1, 1, 1, 1]",186.47,160.34,216.63,104.97,620690.5
LFUS,464.34,10,"[1, 1, 1, 1, 1, 1, 1, 1, 1, 1]",416.69,315.28,487.9,213.69,372351.2
FORM,124.25,8,"[0, 1, 1, 1, 1, 1, 1, 1, 1, 0]",127.99,77.38,155.08,27.62,2007238.15
AAON,132.05,9,"[1, 1, 1, 1, 1, 1, 1, 1, 1, 0]",111.01,95.6,148.15,71.48,1122704.25
TFII,163.36,10,"[1, 1, 1, 1, 1, 1, 1, 1, 1, 1]",136.55,109.17,163.36,80.35,339741.95
AIT,314.42,10,"[1, 1, 1, 1, 1, 1, 1, 1, 1, 1]",296.98,271.34,315.29,223.04,203674.4
SMTC,158.79,10,"[1, 1, 1, 1, 1, 1, 1, 1, 1, 1]",118.21,84.63,169.35,39.14,3998554.5
WULF,25.86,10,"[1, 1, 1, 1, 1, 1, 1, 1, 1, 1]",21.4,15.38,26.74,3.57,25835843.75
POWL,293.6,9,"[1, 1, 1, 1, 1, 1, 1, 1, 1, 0]",259.52,161.08,321.94,58.31,590161.25
TIMB,21.3,5,"[0, 0, 0, 1, 1, 1, 0, 1, 1, 0]",24.61,23.14,27.96,17.55,316016.35
AXSM,235.14,10,"[1, 1, 1, 1, 1, 1, 1, 1, 1, 1]",204.6,162.89,235.97,100.39,652412.7
WMS,130.51,3,"[0, 0, 0, 0, 1, 1, 0, 0, 1, 0]",141.99,146.68,174.94,110.35,1021910.45
HMY,15.34,3,"[0, 0, 0, 0, 1, 1, 0, 0, 1, 0]",16.62,17.86,25.55,12.37,4388335.9
HUT,119.6,10,"[1, 1, 1, 1, 1, 1, 1, 1, 1, 1]",87.54,56.1,133.02,15.89,4477247.9
IAG,15.6,5,"[0, 0, 0, 1, 1, 1, 1, 0, 1, 0]",17.84,16.22,24.57,6.74,5165557.35
CGNX,62.39,9,"[1, 1, 1, 1, 1, 1, 1, 1, 1, 0]",58.49,47.25,68.33,29.41,2182511.5
KTOS,57.73,2,"[0, 0, 0, 0, 0, 0, 1, 0, 1, 0]",63.33,80.43,130.72,39.3,5094118.4
JEF,57.9,7,"[1, 1, 1, 0, 0, 0, 1, 1, 1, 1]",48.73,54.2,68.8,35.74,1778208.25
AG,17.17,5,"[0, 0, 0, 1, 1, 1, 1, 0, 1, 0]",20.61,17.73,31.98,7.82,13315405.3
EMBJ,56.54,3,"[0, 0, 0, 0, 1, 1, 0, 0, 1, 0]",61.45,63.61,79.88,47.38,1770282.4
ESI,40.15,9,"[1, 1, 1, 1, 1, 1, 1, 1, 1, 0]",39.86,30.84,44.98,20.79,2883029.7
JOBY,9.7,2,"[1, 0, 0, 0, 0, 0, 0, 0, 1, 0]",9.69,12.69,20.39,7.94,30150570.3
MUSA,546.19,9,"[1, 1, 1, 1, 1, 1, 1, 1, 1, 0]",534.04,432.33,603.83,355.19,293476.55
BTSG,59.22,10,"[1, 1, 1, 1, 1, 1, 1, 1, 1, 1]",51.67,38.95,61.68,19.36,3094933.55
GSAT,81.19,9,"[1, 1, 1, 1, 1, 1, 1, 1, 1, 0]",79.48,59.68,84.43,21.19,1251331.6
GMED,78.3,6,"[0, 0, 0, 0, 1, 1, 1, 1, 1, 1]",86.29,80.19,96.82,51.89,1897869.55
BEP,36.54,10,"[1, 1, 1, 1, 1, 1, 1, 1, 1, 1]",34.15,29.45,37.09,23.77,889771.95
KNX,80.71,10,"[1, 1, 1, 1, 1, 1, 1, 1, 1, 1]",66.08,53.88,80.71,38.68,4816430.25
ALSN,115.48,8,"[0, 1, 1, 1, 1, 1, 1, 1, 1, 0]",121.68,103.27,135.66,78.62,990666.2
SNAP,5.65,3,"[1, 0, 0, 0, 0, 0, 1, 0, 1, 0]",5.57,6.72,10.35,3.93,40863986.4
ARWR,73.86,10,"[1, 1, 1, 1, 1, 1, 1, 1, 1, 1]",71.73,55.95,79.69,14.71,1621279.0
WTFC,151.59,10,"[1, 1, 1, 1, 1, 1, 1, 1, 1, 1]",147.02,139.64,160.74,115.5,415776.2
AES,14.71,10,"[1, 1, 1, 1, 1, 1, 1, 1, 1, 1]",14.38,14.01,17.07,9.65,10223049.75
SPXC,229.95,9,"[1, 1, 1, 0, 1, 1, 1, 1, 1, 1]",212.2,207.14,243.04,154.42,605345.85
VFS,3.05,4,"[0, 0, 0, 1, 1, 1, 0, 0, 1, 0]",3.95,3.46,4.76,2.81,583393.1
AHR,45.7,6,"[0, 0, 0, 1, 1, 1, 1, 1, 1, 0]",49.24,47.18,52.91,34.38,2766967.6
DAR,58.36,8,"[0, 1, 1, 1, 1, 1, 1, 1, 1, 0]",61.2,44.78,64.84,29.74,2181292.15
FCFS,223.74,9,"[1, 1, 1, 1, 1, 1, 1, 1, 1, 0]",214.2,176.45,232.57,118.91,333752.85
UMBF,129.1,9,"[1, 1, 1, 1, 1, 1, 1, 1, 1, 0]",124.87,118.97,134.39,97.66,611942.8
ARW,219.63,10,"[1, 1, 1, 1, 1, 1, 1, 1, 1, 1]",188.72,140.71,229.35,101.87,761972.2
MOG-A,372.26,10,"[1, 1, 1, 1, 1, 1, 1, 1, 1, 1]",318.63,266.3,373.94,173.2,290488.15
HBM,26.11,10,"[1, 1, 1, 1, 1, 1, 1, 1, 1, 1]",24.77,20.27,31.87,9.06,6335667.35
GTLS,207.06,8,"[0, 1, 1, 1, 1, 1, 1, 1, 1, 0]",207.63,204.7,208.4,142.58,1191318.25
MGM,47.26,10,"[1, 1, 1, 1, 1, 1, 1, 1, 1, 1]",39.42,36.14,50.69,30.72,6444403.95
VMI,535.64,10,"[1, 1, 1, 1, 1, 1, 1, 1, 1, 1]",479.61,428.98,547.14,316.26,215577.25
ABVX,101.53,4,"[0, 0, 0, 0, 1, 1, 1, 0, 1, 0]",116.54,110.18,145.31,5.97,2811307.2
CTRE,36.92,7,"[0, 0, 1, 1, 1, 1, 1, 1, 1, 0]",39.42,36.81,42.44,26.98,2587270.25
MOH,198.41,8,"[1, 1, 1, 1, 0, 1, 1, 0, 1, 1]",170.98,167.12,306.29,122.65,901347.8
BPOP,153.66,10,"[1, 1, 1, 1, 1, 1, 1, 1, 1, 1]",145.81,129.41,153.66,100.81,446762.1
SNEX,117.69,9,"[1, 1, 1, 1, 1, 1, 1, 1, 1, 0]",104.99,77.46,121.92,54.63,596374.3
CYTK,67.9,8,"[0, 1, 1, 1, 1, 1, 1, 1, 1, 0]",69.78,62.39,78.77,32.43,2036717.25
VSAT,65.48,9,"[1, 1, 1, 1, 1, 1, 1, 1, 1, 0]",64.75,44.74,86.69,10.61,2744699.6
ICLR,152.24,7,"[1, 1, 1, 0, 0, 0, 1, 1, 1, 1]",118.37,150.85,202.92,80.08,1155136.55
AGX,619.98,8,"[0, 1, 1, 1, 1, 1, 1, 1, 1, 0]",643.85,411.77,740.91,201.37,347351.05
CAMT,168.67,8,"[0, 1, 1, 1, 1, 1, 1, 1, 1, 0]",176.02,136.47,207.46,70.33,595492.3
SBSW,9.72,4,"[0, 0, 0, 0, 1, 1, 1, 0, 1, 0]",12.33,12.53,20.52,6.55,4598254.85
MASI,179.94,10,"[1, 1, 1, 1, 1, 1, 1, 1, 1, 1]",178.49,155.72,179.94,127.4,888878.15
ELPC,11.15,8,"[0, 1, 1, 1, 1, 1, 1, 1, 1, 0]",12.28,10.28,13.39,7.32,344200.15
TTC,89.94,8,"[0, 1, 1, 1, 1, 1, 1, 1, 1, 0]",92.93,84.84,101.33,66.03,1031669.5
R,270.94,10,"[1, 1, 1, 1, 1, 1, 1, 1, 1, 1]",233.62,199.36,270.94,144.59,379453.35
CAVA,73.62,7,"[0, 1, 1, 1, 1, 0, 1, 1, 1, 0]",83.46,68.85,97.39,43.59,3482586.05
PRAX,253.25,6,"[0, 0, 1, 1, 1, 1, 1, 0, 1, 0]",323.54,236.77,357.13,37.71,494844.6
ZION,63.25,10,"[1, 1, 1, 1, 1, 1, 1, 1, 1, 1]",61.03,57.13,64.33,45.8,1359923.15
SIRI,27.44,10,"[1, 1, 1, 1, 1, 1, 1, 1, 1, 1]",26.14,22.49,29.87,19.47,4338021.1
RIOT,25.69,9,"[1, 1, 1, 1, 0, 1, 1, 1, 1, 1]",20.52,17.28,28.25,9.27,16010846.6
FLS,74.86,8,"[0, 0, 1, 1, 1, 1, 1, 1, 1, 1]",75.47,69.95,91.76,45.36,2189861.9
ALGM,48.19,9,"[1, 1, 1, 1, 1, 1, 1, 1, 1, 0]",43.06,33.93,53.62,22.8,2476063.35
GDS,34.69,5,"[0, 0, 0, 1, 1, 1, 1, 0, 1, 0]",40.67,38.8,47.52,25.68,3017907.65
KRYS,301.76,9,"[1, 1, 1, 1, 1, 1, 1, 1, 1, 0]",283.25,237.12,316.3,130.02,255828.3
EGO,29.87,4,"[0, 0, 0, 0, 1, 1, 1, 0, 1, 0]",32.89,33.35,49.52,19.67,2470923.85
GGB,4.57,9,"[1, 1, 1, 1, 1, 1, 1, 1, 1, 0]",4.39,3.76,4.89,2.78,18486975.75
MXL,79.27,9,"[1, 1, 1, 1, 1, 1, 1, 1, 1, 0]",61.66,28.11,102.27,11.67,5098824.65
IBRX,7.17,7,"[0, 1, 1, 1, 1, 1, 1, 0, 1, 0]",7.56,4.94,11.55,1.98,14537345.2
AAL,13.6,9,"[1, 1, 1, 0, 1, 1, 1, 1, 1, 1]",12.4,13.07,16.26,10.18,72636273.55
DDS,612.08,9,"[1, 1, 1, 0, 1, 1, 1, 1, 1, 1]",578.04,598.16,699.91,381.33,140570.05
FRO,35.01,8,"[0, 1, 1, 1, 1, 1, 1, 1, 1, 0]",36.07,27.89,39.51,15.91,2963313.6
CRUS,165.66,9,"[1, 1, 1, 1, 1, 1, 1, 1, 1, 0]",163.94,135.91,178.9,97.25,553515.15
BVN,30.23,6,"[0, 0, 1, 1, 1, 1, 1, 0, 1, 0]",34.26,29.31,42.44,15.55,1149303.65
W,67.15,4,"[0, 0, 0, 0, 1, 0, 1, 0, 1, 1]",70.26,86.52,119.05,46.1,4304714.0
LUMN,9.01,10,"[1, 1, 1, 1, 1, 1, 1, 1, 1, 1]",8.81,7.8,11.83,3.7,14687763.75
LLYVK,92.68,6,"[0, 1, 1, 1, 0, 1, 0, 1, 1, 0]",96.17,91.25,101.9,73.24,382768.4
LLYVA,89.65,6,"[0, 1, 1, 1, 0, 1, 0, 1, 1, 0]",93.65,88.78,98.96,72.28,394549.05
LEVI,23.03,9,"[1, 1, 1, 1, 0, 1, 1, 1, 1, 1]",21.84,21.26,24.19,16.29,2561529.8
COLB,29.68,10,"[1, 1, 1, 1, 1, 1, 1, 1, 1, 1]",28.79,27.37,31.63,20.89,2899259.8
OSK,131.39,2,"[0, 0, 0, 0, 1, 0, 0, 0, 1, 0]",140.39,139.84,177.15,107.0,876203.25
MTCH,34.19,6,"[0, 1, 1, 1, 0, 1, 0, 1, 1, 0]",35.01,33.27,38.67,28.72,2976933.65
FR,60.89,8,"[0, 1, 1, 1, 1, 1, 1, 1, 1, 0]",61.36,57.1,64.4,46.4,907327.15
CRL,186.44,8,"[1, 1, 1, 0, 1, 1, 0, 1, 1, 1]",171.77,177.03,226.77,145.05,922301.65
FROG,85.67,10,"[1, 1, 1, 1, 1, 1, 1, 1, 1, 1]",58.75,54.06,88.31,34.75,2583646.65
ZWS,47.22,6,"[0, 0, 0, 1, 1, 1, 1, 1, 1, 0]",48.41,47.34,52.67,34.9,841673.0
SIMO,263.21,10,"[1, 1, 1, 1, 1, 1, 1, 1, 1, 1]",203.12,127.0,306.57,65.75,1166732.0
ENS,228.42,9,"[1, 1, 1, 1, 1, 1, 1, 1, 1, 0]",211.72,159.35,243.34,82.33,497336.4
PRMB,23.19,8,"[1, 1, 1, 1, 0, 0, 1, 1, 1, 1]",21.28,19.98,30.06,14.21,3677713.55
EMN,71.67,8,"[0, 1, 1, 1, 1, 1, 1, 1, 1, 0]",73.63,67.38,80.39,54.98,1107271.25
CIFR,24.29,10,"[1, 1, 1, 1, 1, 1, 1, 1, 1, 1]",19.3,16.5,26.29,3.53,25150151.75
QBTS,25.83,7,"[1, 1, 1, 0, 0, 1, 1, 0, 1, 1]",20.89,23.52,44.78,12.98,45556704.25
ECG,152.73,9,"[1, 1, 1, 1, 1, 1, 1, 1, 1, 0]",142.21,105.05,169.16,59.18,573668.3
NUVL,88.49,4,"[0, 0, 0, 0, 1, 1, 0, 1, 1, 0]",102.26,97.76,111.99,72.16,841534.5
FIGR,27.86,2,"[0, 0, 0, 0, 1, 0, 0, 0, 1, 0]",34.9,27.86,73.91,25.28,4088944.95
ICL,5.59,5,"[0, 1, 0, 1, 0, 1, 0, 1, 1, 0]",5.74,5.64,7.19,4.72,1315506.3
TKR,134.67,10,"[1, 1, 1, 1, 1, 1, 1, 1, 1, 1]",112.83,92.8,134.67,69.36,1134171.05
SSL,13.45,10,"[1, 1, 1, 1, 1, 1, 1, 1, 1, 1]",13.05,8.69,14.29,4.39,1324115.6
KRMN,49.64,3,"[0, 0, 0, 0, 1, 1, 0, 0, 1, 0]",70.49,77.62,115.29,44.15,3435711.75
BOKF,128.94,8,"[0, 1, 1, 1, 1, 1, 1, 1, 1, 0]",130.71,120.48,137.45,90.0,261711.45
NXE,10.4,6,"[0, 0, 1, 1, 1, 1, 1, 0, 1, 0]",11.75,10.37,13.92,6.36,6528312.0
NE,46.98,8,"[0, 1, 1, 1, 1, 1, 1, 1, 1, 0]",49.05,36.83,53.79,24.34,1236238.45
AMG,336.62,10,"[1, 1, 1, 1, 1, 1, 1, 1, 1, 1]",296.74,277.39,336.81,181.98,342266.95
IDA,138.07,7,"[0, 1, 1, 1, 1, 1, 0, 1, 1, 0]",143.05,133.47,147.93,109.86,556213.95
JHG,51.82,10,"[1, 1, 1, 1, 1, 1, 1, 1, 1, 1]",51.63,47.51,53.21,35.49,2686418.95
VIRT,53.02,10,"[1, 1, 1, 1, 1, 1, 1, 1, 1, 1]",49.79,39.62,54.82,31.82,1268049.55
MSGS,383.73,10,"[1, 1, 1, 1, 1, 1, 1, 1, 1, 1]",343.62,274.07,386.23,186.85,232832.25
ROAD,106.37,4,"[0, 0, 0, 1, 0, 1, 0, 1, 1, 0]",118.03,117.91,140.48,93.43,552118.35
CMC,73.54,10,"[1, 1, 1, 1, 1, 1, 1, 1, 1, 1]",68.97,66.24,82.94,47.79,1030018.45
JXN,107.28,8,"[0, 1, 1, 1, 1, 1, 1, 1, 1, 0]",108.3,104.3,121.16,79.45,535065.9
ESE,295.39,8,"[0, 1, 1, 1, 1, 1, 1, 1, 1, 0]",304.4,244.96,339.35,181.18,258435.9
GKOS,121.96,8,"[0, 1, 1, 1, 1, 1, 1, 1, 1, 0]",123.43,106.48,144.01,74.67,1279722.55
CWEN,38.91,10,"[1, 1, 1, 1, 1, 1, 1, 1, 1, 1]",38.88,34.51,41.26,26.9,1055619.2
CIG,2.04,5,"[0, 0, 0, 1, 1, 1, 0, 1, 1, 0]",2.37,2.11,2.67,1.73,6493649.35
MBLY,9.69,4,"[1, 0, 0, 0, 0, 0, 1, 0, 1, 1]",8.83,10.85,19.08,6.56,6599897.4
KNTK,45.66,8,"[0, 1, 1, 1, 1, 1, 1, 1, 1, 0]",47.66,40.61,51.27,30.53,878231.8
CHRD,138.27,9,"[0, 1, 1, 1, 1, 1, 1, 1, 1, 1]",138.32,108.2,148.35,82.2,704706.1
MIDD,157.54,9,"[1, 1, 1, 1, 1, 1, 1, 1, 1, 0]",144.94,141.59,168.86,111.68,570590.25
PCVX,46.33,5,"[0, 0, 0, 1, 1, 1, 1, 0, 1, 0]",55.23,48.36,63.04,29.67,1493071.0
KEX,141.63,8,"[0, 1, 1, 1, 1, 1, 1, 1, 1, 0]",143.48,117.54,152.59,79.95,548698.05
HALO,70.73,8,"[1, 1, 1, 0, 0, 1, 1, 1, 1, 1]",66.86,69.27,81.23,52.02,2054807.7
YOU,54.98,9,"[1, 1, 1, 1, 1, 1, 1, 1, 1, 0]",54.89,40.9,62.36,24.01,1318690.65
ORA,136.47,10,"[1, 1, 1, 1, 1, 1, 1, 1, 1, 1]",122.09,112.01,145.1,77.49,1019625.25
VLY,13.77,10,"[1, 1, 1, 1, 1, 1, 1, 1, 1, 1]",13.25,11.84,13.79,8.18,5381682.6
VFC,16.62,5,"[0, 0, 0, 0, 1, 1, 1, 1, 1, 0]",18.01,17.15,21.55,11.27,9472293.25
WFRD,103.0,9,"[0, 1, 1, 1, 1, 1, 1, 1, 1, 1]",103.69,85.06,111.42,46.45,1085387.4
CORZ,27.15,10,"[1, 1, 1, 1, 1, 1, 1, 1, 1, 1]",21.81,18.17,29.05,11.35,13488320.6
CWAN,24.39,10,"[1, 1, 1, 1, 1, 1, 1, 1, 1, 1]",24.18,22.05,24.75,15.89,2637761.65
TEX,62.7,9,"[1, 1, 1, 1, 1, 1, 1, 1, 1, 0]",60.75,56.48,69.33,41.67,1102223.85
SOBO,36.28,10,"[1, 1, 1, 1, 1, 1, 1, 1, 1, 1]",34.69,29.7,38.18,24.88,782369.15
FAF,65.17,7,"[0, 1, 1, 1, 1, 1, 0, 1, 1, 0]",66.06,63.84,71.12,53.38,896455.2
IDCC,255.6,2,"[0, 0, 0, 0, 0, 1, 0, 0, 1, 0]",302.78,330.13,394.78,216.51,328739.05
OR,33.78,4,"[0, 0, 0, 0, 1, 1, 1, 0, 1, 0]",37.95,37.52,47.66,24.94,740837.85
HXL,89.19,9,"[1, 1, 1, 1, 1, 1, 1, 1, 1, 0]",87.84,77.65,96.48,53.86,890069.7
OGC,26.15,5,"[0, 0, 0, 1, 1, 1, 1, 0, 1, 0]",31.24,28.59,42.39,13.47,319289.65
SLAB,218.2,10,"[1, 1, 1, 1, 1, 1, 1, 1, 1, 1]",214.89,167.55,219.13,116.08,382820.75
RIG,6.17,8,"[0, 1, 1, 1, 1, 1, 1, 1, 1, 0]",6.51,4.94,7.58,2.55,31873448.35
PLXS,282.29,10,"[1, 1, 1, 1, 1, 1, 1, 1, 1, 1]",247.85,183.36,287.55,118.29,282028.05
GGAL,48.04,8,"[1, 1, 1, 0, 1, 0, 1, 1, 1, 1]",44.78,44.07,58.75,25.39,1308696.15
SSRM,26.61,7,"[0, 1, 1, 1, 1, 1, 1, 0, 1, 0]",30.81,25.47,35.74,11.8,2581673.4
LTH,33.15,10,"[1, 1, 1, 1, 1, 1, 1, 1, 1, 1]",29.88,27.79,33.79,24.59,2767867.55
KYMR,73.95,7,"[0, 0, 1, 1, 1, 1, 1, 1, 1, 0]",82.89,71.85,95.03,37.68,526879.4
SM,32.37,9,"[1, 1, 1, 1, 0, 1, 1, 1, 1, 1]",30.67,24.15,34.81,17.42,3911739.95
LEA,144.87,10,"[1, 1, 1, 1, 1, 1, 1, 1, 1, 1]",130.7,116.81,146.59,88.1,621373.5
HR,19.55,9,"[1, 1, 1, 1, 1, 1, 1, 1, 1, 0]",18.86,17.62,20.56,13.77,3589447.6
RHP,118.99,10,"[1, 1, 1, 1, 1, 1, 1, 1, 1, 1]",105.43,95.8,119.03,83.73,599843.45
NOV,21.12,10,"[1, 1, 1, 1, 1, 1, 1, 1, 1, 1]",19.92,16.86,21.45,11.65,3668864.6
DBX,27.3,5,"[1, 1, 1, 0, 0, 0, 0, 1, 1, 0]",25.19,27.26,32.17,22.06,4075008.5
TFPM,28.47,3,"[0, 0, 0, 0, 1, 1, 0, 0, 1, 0]",33.05,32.63,41.23,22.75,600242.85
AUGO,58.68,6,"[0, 0, 1, 1, 1, 1, 1, 0, 1, 0]",82.98,57.36,108.01,22.81,962781.7
MTDR,55.31,9,"[0, 1, 1, 1, 1, 1, 1, 1, 1, 1]",58.73,48.58,65.01,36.31,1690000.1
MYRG,436.88,9,"[1, 1, 1, 1, 1, 1, 1, 1, 1, 0]",387.81,267.66,478.93,163.32,252399.95
AVT,87.05,10,"[1, 1, 1, 1, 1, 1, 1, 1, 1, 1]",77.95,59.43,92.93,43.64,1373260.15
LGN,85.04,6,"[1, 1, 0, 1, 0, 0, 1, 1, 1, 0]",79.2,85.04,102.27,29.72,1447904.65
BRKR,56.26,9,"[1, 1, 1, 0, 1, 1, 1, 1, 1, 1]",42.8,40.92,62.7,29.23,3172637.55
SGHC,12.87,8,"[1, 1, 1, 1, 0, 1, 1, 1, 1, 0]",12.27,11.58,14.02,8.48,3959944.45
STEP,43.26,1,"[0, 0, 0, 0, 0, 0, 0, 0, 1, 0]",51.16,58.39,75.82,43.14,1254177.75
UGP,4.76,7,"[0, 0, 1, 1, 1, 1, 1, 1, 1, 0]",5.69,4.61,6.11,2.83,3701242.95
VAL,91.39,8,"[0, 1, 1, 1, 1, 1, 1, 1, 1, 0]",96.95,70.74,113.42,41.8,870230.1
BLSH,27.21,1,"[0, 0, 0, 0, 0, 0, 0, 0, 1, 0]",37.66,43.62,74.63,24.9,1687300.7
TGTX,40.95,8,"[1, 1, 1, 1, 0, 1, 1, 1, 1, 0]",37.17,32.84,43.14,26.39,1738597.55
MIRM,93.58,8,"[0, 1, 1, 1, 1, 1, 1, 1, 1, 0]",97.57,85.09,111.39,47.05,1079470.95
ST,50.17,10,"[1, 1, 1, 1, 1, 1, 1, 1, 1, 1]",43.32,35.61,53.55,27.12,2666606.65
NPO,322.82,10,"[1, 1, 1, 1, 1, 1, 1, 1, 1, 1]",291.56,246.89,322.97,181.82,193617.55
PAYC,135.7,2,"[1, 0, 0, 0, 0, 0, 0, 0, 1, 0]",129.94,158.37,256.04,113.28,895189.0
SYRE,72.0,9,"[1, 1, 1, 1, 1, 1, 1, 1, 1, 0]",67.45,38.28,78.48,14.68,1037922.3
SWX,88.4,7,"[0, 1, 1, 1, 1, 1, 0, 1, 1, 0]",89.13,82.63,93.37,69.18,453764.95
COMP,7.58,3,"[0, 0, 0, 0, 1, 1, 0, 0, 1, 0]",7.79,9.22,13.58,5.91,12450660.5
AROC,34.89,8,"[0, 1, 1, 1, 1, 1, 1, 1, 1, 0]",36.22,29.43,39.59,21.54,1803677.95
AXTI,90.78,8,"[1, 1, 1, 1, 1, 1, 1, 0, 1, 0]",90.03,35.37,140.83,1.83,8743017.4
RSI,26.14,9,"[1, 1, 1, 1, 1, 1, 1, 1, 1, 0]",25.05,20.7,29.17,13.24,1789971.75
RYTM,85.93,2,"[0, 0, 0, 0, 0, 0, 1, 0, 1, 0]",87.4,98.25,117.62,61.44,602573.9
HIMS,27.17,3,"[1, 0, 0, 0, 0, 0, 1, 0, 1, 0]",24.96,33.89,66.18,14.52,23239596.65
PTGX,98.03,8,"[0, 1, 1, 1, 1, 1, 1, 1, 1, 0]",101.14,85.43,105.98,49.7,548985.7
ACA,123.54,9,"[1, 1, 1, 1, 1, 1, 1, 1, 1, 0]",119.22,108.62,131.39,83.54,258413.9
FNB,17.71,9,"[1, 1, 1, 1, 1, 1, 1, 1, 1, 0]",17.36,16.67,18.65,13.23,4903355.55
FLY,36.18,5,"[0, 1, 1, 1, 0, 0, 1, 0, 1, 0]",38.81,30.19,60.35,16.78,9262331.2
CELC,87.43,5,"[0, 0, 0, 1, 1, 1, 1, 0, 1, 0]",121.85,95.88,144.98,11.45,1713646.05
ENIC,4.14,8,"[0, 1, 1, 1, 1, 1, 1, 1, 1, 0]",4.24,3.92,4.54,3.01,651942.95
INGM,29.53,10,"[1, 1, 1, 1, 1, 1, 1, 1, 1, 1]",27.59,22.85,31.64,18.49,1273638.15
LUNR,29.74,9,"[1, 1, 1, 1, 1, 1, 1, 0, 1, 1]",28.89,17.57,45.7,8.05,17471648.2
RGTI,21.76,6,"[1, 1, 0, 0, 0, 1, 1, 0, 1, 1]",18.72,23.53,56.34,10.79,63123134.8
CLF,12.68,8,"[1, 1, 1, 0, 0, 1, 1, 1, 1, 1]",10.58,11.63,16.18,6.92,18320183.45
CE,49.08,5,"[0, 0, 0, 1, 1, 1, 1, 0, 1, 0]",60.61,49.43,69.24,35.49,1838719.15
APGE,83.01,8,"[0, 1, 1, 1, 1, 1, 1, 1, 1, 0]",84.04,67.39,92.2,34.65,1052754.95
LSTR,225.37,10,"[1, 1, 1, 1, 1, 1, 1, 1, 1, 1]",182.26,149.22,225.37,118.1,547305.7
GVA,139.85,9,"[1, 1, 1, 1, 1, 1, 1, 1, 1, 0]",131.16,118.55,143.13,88.34,822381.6
VIST,73.96,10,"[1, 1, 1, 1, 1, 1, 1, 1, 1, 1]",71.39,54.19,79.25,33.7,974659.0
KGS,67.63,9,"[1, 1, 1, 1, 1, 1, 1, 1, 1, 0]",66.38,46.2,75.89,29.75,2331040.7
CNTA,39.7,10,"[1, 1, 1, 1, 1, 1, 1, 1, 1, 1]",39.18,28.05,39.9,11.94,1157618.7
URBN,71.88,6,"[1, 1, 1, 0, 0, 0, 0, 1, 1, 1]",69.96,70.18,82.7,59.57,1459731.85
PTCT,70.87,7,"[1, 0, 1, 0, 1, 1, 1, 1, 1, 0]",69.86,69.26,86.25,43.3,1186584.9
ETSY,68.83,9,"[1, 1, 1, 1, 0, 1, 1, 1, 1, 1]",60.72,58.98,75.56,44.05,3048537.85
LNTH,100.01,10,"[1, 1, 1, 1, 1, 1, 1, 1, 1, 1]",88.36,68.99,103.0,50.11,1097991.6
VNO,36.2,7,"[1, 1, 1, 0, 0, 0, 1, 1, 1, 1]",30.12,33.14,42.04,24.71,1651379.9
REZI,30.06,4,"[0, 0, 0, 1, 0, 1, 1, 0, 1, 0]",35.28,36.32,44.5,20.54,1720109.1
OUT,30.59,9,"[1, 1, 1, 1, 1, 1, 1, 1, 1, 0]",30.28,23.99,33.58,14.85,1880885.9
FLG,14.09,9,"[1, 1, 1, 1, 1, 1, 1, 1, 1, 0]",13.89,12.81,14.8,10.57,3781535.35
EAT,146.14,8,"[1, 1, 1, 0, 1, 0, 1, 1, 1, 1]",143.07,142.84,184.02,102.29,1048746.0
GXO,49.11,2,"[0, 0, 0, 0, 1, 0, 0, 0, 1, 0]",52.32,53.87,65.59,42.75,1247196.85
COGT,31.16,5,"[0, 0, 1, 0, 1, 1, 1, 0, 1, 0]",35.05,30.25,42.11,6.9,2176153.1
IBP,200.22,2,"[0, 0, 0, 0, 1, 0, 0, 0, 1, 0]",252.26,268.34,341.42,160.92,561013.6
ABCB,85.36,9,"[1, 1, 1, 1, 1, 1, 1, 1, 1, 0]",83.53,77.82,87.26,59.09,389640.35
TFX,131.74,8,"[1, 1, 1, 1, 0, 1, 1, 1, 1, 0]",127.06,119.5,138.45,99.79,685696.95
IMVT,30.8,10,"[1, 1, 1, 1, 1, 1, 1, 1, 1, 1]",28.54,23.99,35.56,14.69,2534615.55
CGON,54.4,6,"[0, 0, 1, 1, 1, 1, 1, 0, 1, 0]",65.77,50.59,74.0,23.94,991388.6
USAR,22.21,6,"[0, 1, 1, 1, 0, 1, 1, 0, 1, 0]",22.55,19.59,38.68,9.61,17607205.3
NSA,43.62,9,"[1, 1, 1, 1, 1, 1, 1, 1, 1, 0]",41.91,33.46,43.86,27.02,781148.25
ALKS,42.45,10,"[1, 1, 1, 1, 1, 1, 1, 1, 1, 1]",36.07,31.57,43.38,26.13,2140852.15
CENX,63.3,10,"[1, 1, 1, 1, 1, 1, 1, 1, 1, 1]",62.18,43.46,68.77,16.91,1921841.1
MSM,115.59,10,"[1, 1, 1, 1, 1, 1, 1, 1, 1, 1]",101.99,90.58,117.21,77.89,743434.15
SRRK,43.8,7,"[0, 0, 1, 1, 1, 1, 1, 1, 1, 0]",47.89,41.65,51.51,27.92,1241713.25
BLCO,15.18,5,"[0, 0, 0, 0, 1, 1, 1, 1, 1, 0]",16.01,16.12,18.6,11.55,513610.8
PIPR,76.91,3,"[0, 0, 0, 0, 0, 1, 0, 1, 1, 0]",81.34,82.0,92.51,61.37,578207.95
BKH,72.19,8,"[0, 1, 1, 1, 1, 1, 1, 1, 1, 0]",73.04,68.06,76.1,53.49,917095.55
KMX,47.5,6,"[1, 1, 1, 0, 0, 0, 1, 0, 1, 1]",40.98,43.88,71.57,30.88,3050137.35
MAC,23.39,10,"[1, 1, 1, 1, 1, 1, 1, 1, 1, 1]",21.57,18.85,23.66,15.31,3363243.95
CZR,29.32,9,"[1, 1, 1, 1, 0, 1, 1, 1, 1, 1]",27.62,24.63,31.51,18.14,11462954.65
PRIM,122.82,6,"[0, 0, 0, 1, 1, 1, 1, 0, 1, 1]",142.05,136.85,202.92,71.72,1942912.75
GLNG,50.75,8,"[0, 1, 1, 1, 1, 1, 1, 1, 1, 0]",53.51,43.74,57.07,34.97,1681222.4
OSCR,27.39,9,"[1, 1, 1, 1, 0, 1, 1, 1, 1, 1]",18.75,16.9,27.39,10.85,8598197.85
S,15.75,7,"[1, 1, 1, 1, 0, 0, 1, 1, 1, 0]",15.26,15.62,19.78,11.94,10290693.2
CORT,73.33,7,"[1, 1, 1, 0, 0, 0, 1, 1, 1, 1]",52.43,59.51,90.32,32.15,1098080.9
RUSHA,67.27,8,"[0, 1, 1, 1, 1, 1, 1, 1, 1, 0]",70.17,60.99,76.0,46.26,445609.95
HWC,68.97,10,"[1, 1, 1, 1, 1, 1, 1, 1, 1, 1]",66.47,63.51,73.31,51.66,946973.6
CACC,562.66,9,"[1, 1, 1, 1, 0, 1, 1, 1, 1, 1]",512.56,484.16,573.64,411.04,148246.0
ZGN,14.82,10,"[1, 1, 1, 1, 1, 1, 1, 1, 1, 1]",12.44,10.63,14.92,7.71,1004213.95
MATX,192.22,10,"[1, 1, 1, 1, 1, 1, 1, 1, 1, 1]",176.76,137.76,192.22,87.4,216106.55
MCY,101.04,10,"[1, 1, 1, 1, 1, 1, 1, 1, 1, 1]",96.29,88.51,102.93,62.11,262447.65
ALM,16.45,7,"[0, 1, 1, 1, 1, 1, 1, 0, 1, 0]",19.36,12.01,23.42,3.42,4939953.25
BGC,10.79,8,"[0, 1, 1, 1, 1, 1, 1, 1, 1, 0]",10.93,9.64,11.79,8.26,3236543.3
AUB,37.92,10,"[1, 1, 1, 1, 1, 1, 1, 1, 1, 1]",37.08,35.61,40.99,28.65,980238.65
GTX,32.25,10,"[1, 1, 1, 1, 1, 1, 1, 1, 1, 1]",25.28,18.6,33.82,9.57,3176741.7
MRCY,110.94,10,"[1, 1, 1, 1, 1, 1, 1, 1, 1, 1]",88.66,81.46,117.82,49.53,634727.15
VSEC,171.62,5,"[0, 0, 0, 0, 1, 1, 1, 1, 1, 0]",186.44,183.83,227.68,125.08,421530.15
TEO,13.37,10,"[1, 1, 1, 1, 1, 1, 1, 1, 1, 1]",12.13,10.96,14.71,6.52,617787.5
LBRT,28.76,8,"[0, 1, 1, 1, 1, 1, 1, 1, 1, 0]",30.52,21.79,33.83,9.91,3216148.55
XENE,51.21,8,"[0, 1, 1, 1, 1, 1, 1, 1, 1, 0]",55.79,45.9,62.76,30.3,1317177.2
SNDR,38.76,10,"[1, 1, 1, 1, 1, 1, 1, 1, 1, 1]",31.0,26.54,38.76,20.09,1095334.75
KLIC,102.5,9,"[1, 1, 1, 1, 1, 1, 1, 1, 1, 0]",89.43,59.59,108.57,31.71,881046.8
SEI,72.21,9,"[1, 1, 1, 1, 1, 1, 1, 1, 1, 0]",68.7,52.67,78.44,24.67,2408082.15
GOLF,90.52,8,"[0, 1, 1, 1, 1, 1, 1, 1, 1, 0]",92.28,86.9,102.72,69.15,333043.9
BEPC,38.57,6,"[0, 0, 1, 0, 1, 1, 0, 1, 1, 1]",38.84,38.53,43.52,30.22,1422252.5
VCTR,87.4,10,"[1, 1, 1, 1, 1, 1, 1, 1, 1, 1]",78.02,69.28,88.77,59.86,524170.3
BC,80.67,9,"[1, 1, 1, 1, 1, 1, 1, 1, 1, 0]",78.41,73.19,88.28,53.53,596058.55
MUR,40.01,10,"[1, 1, 1, 1, 1, 1, 1, 1, 1, 1]",38.93,32.26,42.37,21.48,1653737.7
MGY,28.03,9,"[0, 1, 1, 1, 1, 1, 1, 1, 1, 1]",29.15,25.41,32.17,20.99,2162048.45
CRSP,51.6,1,"[0, 0, 0, 0, 0, 0, 0, 0, 1, 0]",52.22,55.61,76.78,41.28,1686291.55
PACS,35.07,9,"[0, 1, 1, 1, 1, 1, 1, 1, 1, 1]",35.18,28.18,42.13,7.71,1041308.65
APLS,41.03,10,"[1, 1, 1, 1, 1, 1, 1, 1, 1, 1]",33.2,26.08,41.12,16.97,6965819.75
HASI,37.36,8,"[0, 1, 1, 1, 1, 1, 1, 1, 1, 0]",40.16,33.93,43.31,23.48,1088199.2
ATAT,33.12,4,"[0, 0, 0, 0, 1, 1, 0, 1, 1, 0]",36.11,37.35,42.21,29.93,1268098.7
CRC,60.0,9,"[0, 1, 1, 1, 1, 1, 1, 1, 1, 1]",63.52,54.01,69.66,42.98,760119.4
LEGN,31.52,7,"[1, 1, 1, 1, 0, 0, 1, 0, 1, 1]",25.01,25.76,44.32,16.65,3036276.35
PRM,31.08,9,"[1, 1, 1, 1, 1, 1, 1, 1, 1, 0]",29.43,25.94,34.0,13.01,1299690.85
IFS,47.16,10,"[1, 1, 1, 1, 1, 1, 1, 1, 1, 1]",46.95,43.04,50.55,33.85,367147.95
CROX,120.65,10,"[1, 1, 1, 1, 1, 1, 1, 1, 1, 1]",103.11,89.06,121.52,73.39,1263479.45
CAR,179.1,7,"[0, 1, 1, 1, 1, 0, 1, 0, 1, 1]",228.03,156.28,713.97,87.69,967239.5
M,22.26,9,"[1, 1, 1, 0, 1, 1, 1, 1, 1, 1]",19.69,19.42,23.7,10.33,7399880.3
AVAL,4.86,10,"[1, 1, 1, 1, 1, 1, 1, 1, 1, 1]",4.49,4.08,5.19,2.67,347355.55
KNF,72.16,4,"[0, 0, 0, 1, 1, 0, 0, 1, 1, 0]",82.23,77.48,94.57,59.93,546362.5
DIOD,104.66,9,"[1, 1, 1, 1, 1, 1, 1, 1, 1, 0]",96.83,66.21,116.22,42.36,751237.35
SON,47.61,6,"[0, 0, 1, 1, 1, 1, 0, 1, 1, 0]",50.91,46.56,56.81,38.0,1247538.9
WSC,26.91,7,"[1, 1, 1, 1, 0, 0, 1, 1, 1, 0]",22.47,21.15,31.26,14.84,2389050.25
RELY,18.45,7,"[0, 1, 1, 1, 0, 1, 1, 1, 1, 0]",20.18,16.5,24.28,12.2,5608885.35
SXT,112.86,8,"[1, 1, 1, 1, 0, 1, 1, 1, 1, 0]",107.19,98.53,124.21,82.67,350742.75
ALH,25.77,7,"[1, 1, 0, 1, 0, 0, 1, 1, 1, 1]",24.35,25.77,26.93,19.06,625580.65
ACLS,154.76,9,"[1, 1, 1, 1, 1, 1, 1, 1, 1, 0]",136.57,98.78,171.0,65.07,502588.15
LB,69.66,10,"[1, 1, 1, 1, 1, 1, 1, 1, 1, 1]",69.36,61.53,85.14,44.06,378375.3
STVN,18.0,3,"[1, 0, 0, 0, 0, 0, 1, 0, 1, 0]",16.56,19.92,27.95,13.43,312177.35
BMA,83.91,9,"[1, 1, 1, 0, 1, 1, 1, 1, 1, 1]",76.85,73.64,101.71,38.01,278840.7
GBTG,9.35,8,"[1, 1, 1, 1, 0, 1, 1, 1, 1, 0]",7.57,7.33,9.51,4.97,3353508.3
TDS,39.23,5,"[0, 0, 0, 1, 1, 1, 0, 1, 1, 0]",43.11,41.41,47.55,33.01,1258978.15
NOVT,164.34,10,"[1, 1, 1, 1, 1, 1, 1, 1, 1, 1]",139.14,125.36,168.59,99.22,538401.65
MARA,13.78,7,"[1, 1, 1, 1, 0, 0, 1, 0, 1, 1]",11.77,12.62,22.84,6.73,40601477.05
ACHR,5.73,1,"[0, 0, 0, 0, 0, 0, 0, 0, 1, 0]",5.96,7.88,13.64,4.94,56051347.75
PSMT,177.03,10,"[1, 1, 1, 1, 1, 1, 1, 1, 1, 1]",160.19,136.96,177.03,100.47,228800.25
SYNA,136.0,10,"[1, 1, 1, 1, 1, 1, 1, 1, 1, 1]",104.46,82.17,147.57,58.52,946948.3
OPEN,4.31,3,"[0, 0, 0, 0, 0, 1, 1, 0, 1, 0]",4.88,6.11,10.52,0.51,37179397.85
PBF,42.37,10,"[1, 1, 1, 1, 1, 1, 1, 1, 1, 1]",42.04,35.07,50.89,18.37,2483295.25
INDV,37.39,9,"[1, 1, 1, 1, 1, 1, 1, 1, 1, 0]",34.93,31.47,40.61,13.43,1786614.95
ENPH,56.88,10,"[1, 1, 1, 1, 1, 1, 1, 1, 1, 1]",43.58,38.64,72.33,26.12,10073539.05
KC,11.37,2,"[0, 0, 0, 1, 0, 0, 0, 0, 1, 0]",14.94,13.6,18.21,10.34,1742450.15
MIAX,38.74,3,"[0, 0, 0, 1, 1, 0, 0, 0, 1, 0]",46.08,43.02,56.84,30.74,1533442.45
TGS,29.52,8,"[0, 0, 1, 1, 1, 1, 1, 1, 1, 1]",31.17,29.03,35.32,20.12,371496.5
DNTH,81.22,8,"[0, 1, 1, 1, 1, 1, 1, 1, 1, 0]",87.37,55.19,95.76,16.86,600493.1
SPHR,137.5,10,"[1, 1, 1, 1, 1, 1, 1, 1, 1, 1]",132.5,95.22,145.78,38.19,721214.25
MDU,21.09,8,"[0, 1, 1, 1, 1, 1, 1, 1, 1, 0]",21.83,19.86,22.8,15.63,1951024.55
EBC,20.46,10,"[1, 1, 1, 1, 1, 1, 1, 1, 1, 1]",19.87,18.82,21.66,13.78,1885618.15
HRB,37.53,5,"[1, 1, 0, 0, 0, 0, 1, 0, 1, 1]",33.85,39.75,54.4,27.66,2554270.05
NAVN,21.44,7,"[1, 1, 0, 1, 0, 0, 1, 1, 1, 1]",17.01,21.44,22.87,8.51,3392041.0
AIR,114.72,9,"[1, 1, 1, 1, 1, 1, 1, 1, 1, 0]",113.05,96.76,125.99,66.95,378262.0
VSH,57.22,10,"[1, 1, 1, 1, 1, 1, 1, 1, 1, 1]",34.04,20.68,63.97,11.67,8219416.9
PI,129.33,3,"[1, 0, 0, 0, 0, 0, 1, 0, 1, 0]",128.59,154.3,241.91,91.34,461547.95
MEOH,58.29,8,"[0, 1, 1, 1, 1, 1, 1, 1, 1, 0]",60.85,46.64,65.72,32.04,680912.45
NTSK,9.43,2,"[0, 0, 0, 0, 1, 0, 0, 0, 1, 0]",10.31,9.43,25.79,7.73,5437285.3
QS,7.66,4,"[1, 0, 0, 0, 0, 0, 1, 0, 1, 1]",7.49,10.11,18.44,4.23,26486520.55
CVLT,122.09,5,"[1, 1, 0, 0, 0, 0, 1, 0, 1, 1]",98.71,123.35,195.41,75.18,686608.05
CSTM,34.19,10,"[1, 1, 1, 1, 1, 1, 1, 1, 1, 1]",31.4,22.13,36.15,12.85,2262535.15
LAUR,34.16,9,"[1, 1, 1, 0, 1, 1, 1, 1, 1, 1]",32.99,32.09,35.97,21.78,1064680.65
PAM,82.47,7,"[0, 0, 1, 0, 1, 1, 1, 1, 1, 1]",83.26,79.53,92.27,56.55,242919.05
PAGP,24.63,10,"[1, 1, 1, 1, 1, 1, 1, 1, 1, 1]",23.86,20.1,25.95,15.88,1667453.35
CVSA,126.33,8,"[1, 1, 1, 1, 0, 1, 1, 1, 1, 0]",119.27,116.72,154.45,89.36,285975.85
ATMU,46.15,5,"[0, 0, 0, 1, 1, 1, 1, 0, 1, 0]",55.48,52.78,65.5,34.89,845983.35
FTDR,63.51,7,"[1, 1, 1, 1, 0, 1, 0, 1, 1, 0]",61.1,60.51,69.38,49.1,467448.8
MMYT,41.7,1,"[0, 0, 0, 0, 0, 0, 0, 0, 1, 0]",44.52,68.33,103.21,36.3,939668.95
INSW,81.42,9,"[1, 1, 1, 1, 1, 1, 1, 1, 1, 0]",80.02,59.28,91.62,33.92,543457.35
HCC,98.9,10,"[1, 1, 1, 1, 1, 1, 1, 1, 1, 1]",90.94,81.17,110.28,40.96,952043.9
NAMS,30.95,4,"[0, 0, 0, 0, 1, 1, 1, 0, 1, 0]",33.31,33.06,41.45,17.96,1509602.4
KNSA,49.04,8,"[0, 1, 1, 1, 1, 1, 1, 1, 1, 0]",50.44,43.24,59.48,26.33,515919.7
SHC,15.86,7,"[1, 0, 0, 0, 1, 1, 1, 1, 1, 1]",15.42,16.25,19.35,10.94,4006895.95
TBBB,39.6,10,"[1, 1, 1, 1, 1, 1, 1, 1, 1, 1]",36.87,32.59,39.6,24.12,991052.95
HRI,145.13,9,"[1, 1, 1, 0, 1, 1, 1, 1, 1, 1]",121.05,132.83,179.36,90.58,486664.95
NWE,69.85,8,"[0, 1, 1, 1, 1, 1, 1, 1, 1, 0]",70.67,64.87,73.36,49.23,499639.7
FLNC,24.07,7,"[1, 1, 1, 0, 1, 1, 1, 0, 1, 0]",17.22,17.41,32.23,4.76,14971404.75
LGND,237.75,10,"[1, 1, 1, 1, 1, 1, 1, 1, 1, 1]",221.85,197.56,241.79,109.48,191597.5
IPGP,111.27,8,"[0, 1, 1, 1, 1, 1, 1, 0, 1, 1]",115.57,97.84,153.91,65.91,578045.5
CBT,82.92,8,"[1, 1, 1, 1, 0, 1, 1, 1, 1, 0]",78.79,72.36,87.51,57.64,472682.05
GTLB,31.08,4,"[1, 0, 0, 0, 0, 0, 1, 0, 1, 1]",24.26,35.18,51.04,19.42,7817225.1
BCO,101.34,3,"[0, 0, 0, 0, 1, 1, 0, 0, 1, 0]",105.71,113.69,135.25,83.27,453039.8
HAFN,7.28,8,"[0, 1, 1, 1, 1, 1, 1, 1, 1, 0]",8.03,6.27,9.11,4.39,1905330.45
WIX,48.21,1,"[0, 0, 0, 0, 0, 0, 0, 0, 1, 0]",68.74,102.53,184.24,48.21,2667560.95
AZZ,137.47,8,"[0, 1, 1, 1, 1, 1, 1, 1, 1, 0]",137.89,119.99,148.65,86.88,219514.15
ONDS,10.3,9,"[1, 1, 1, 1, 1, 1, 1, 0, 1, 1]",10.11,9.14,14.01,1.43,90972798.0
UNF,264.07,10,"[1, 1, 1, 1, 1, 1, 1, 1, 1, 1]",259.03,209.04,274.52,149.3,206932.05
IRDM,47.47,10,"[1, 1, 1, 1, 1, 1, 1, 1, 1, 1]",40.84,25.07,52.07,15.62,2325038.45
STNG,76.12,8,"[0, 1, 1, 1, 1, 1, 1, 1, 1, 0]",77.96,64.3,86.1,38.33,886663.15
TCBI,100.6,10,"[1, 1, 1, 1, 1, 1, 1, 1, 1, 1]",99.42,93.24,105.77,74.71,437845.95
TPC,72.13,6,"[0, 0, 1, 1, 1, 1, 1, 0, 1, 0]",80.88,72.05,97.23,40.31,520921.5
ENVA,171.54,9,"[1, 1, 1, 1, 1, 1, 1, 1, 1, 0]",159.64,141.79,174.9,93.32,173960.9
PLUG,3.19,9,"[0, 1, 1, 1, 1, 1, 1, 1, 1, 1]",3.21,2.52,4.14,1.09,94279526.3
HNGE,62.86,9,"[1, 1, 1, 1, 0, 1, 1, 1, 1, 1]",48.44,47.47,63.62,31.17,1597948.4
WHD,59.38,10,"[1, 1, 1, 1, 1, 1, 1, 1, 1, 1]",55.38,48.03,62.59,33.12,767230.7
PTEN,11.9,10,"[1, 1, 1, 1, 1, 1, 1, 1, 1, 1]",11.29,7.83,12.74,5.0,7804086.25
SMR,10.76,1,"[0, 0, 0, 0, 0, 0, 0, 0, 1, 0]",11.53,21.74,53.43,9.16,35775008.5
CMBT,14.41,10,"[1, 1, 1, 1, 1, 1, 1, 1, 1, 1]",13.61,11.01,16.55,7.49,1946145.65
CNO,47.99,10,"[1, 1, 1, 1, 1, 1, 1, 1, 1, 1]",44.7,41.69,47.99,35.04,756400.7
CNR,93.22,10,"[1, 1, 1, 1, 1, 1, 1, 1, 1, 1]",90.82,87.76,113.11,64.95,676898.3
ZETA,21.76,8,"[1, 1, 1, 0, 0, 1, 1, 1, 1, 1]",18.08,18.71,25.25,12.16,9801979.25
NVTS,24.48,10,"[1, 1, 1, 1, 1, 1, 1, 1, 1, 1]",17.85,11.1,31.79,5.54,40556145.95
FHI,56.95,10,"[1, 1, 1, 1, 1, 1, 1, 1, 1, 1]",55.9,52.92,57.89,40.92,765602.4
COLD,14.49,8,"[1, 1, 1, 1, 0, 1, 1, 1, 1, 0]",13.27,12.47,16.56,9.75,4515273.7
LMND,52.97,4,"[0, 0, 0, 0, 1, 1, 1, 0, 1, 0]",58.63,63.91,96.57,36.28,1432445.25
AMRX,13.71,9,"[1, 1, 1, 0, 1, 1, 1, 1, 1, 1]",12.78,12.13,15.19,7.61,1577133.95
LPL,4.96,9,"[1, 1, 1, 1, 0, 1, 1, 1, 1, 1]",4.63,4.53,5.76,3.31,2069499.65
TREX,42.05,6,"[1, 1, 0, 1, 0, 0, 1, 0, 1, 1]",39.48,42.71,68.49,30.13,1872313.45
DOO,60.56,5,"[0, 0, 0, 0, 1, 1, 1, 0, 1, 1]",60.64,66.75,81.45,46.48,288519.85
MTRN,225.52,10,"[1, 1, 1, 1, 1, 1, 1, 1, 1, 1]",188.73,144.72,230.0,76.5,308118.2
XMTR,82.2,10,"[1, 1, 1, 1, 1, 1, 1, 1, 1, 1]",64.04,56.84,95.32,30.16,1029712.1
NP,24.62,5,"[0, 0, 0, 1, 1, 0, 1, 1, 1, 0]",26.5,24.62,30.68,17.14,1076220.65
LASR,66.77,8,"[0, 1, 1, 1, 1, 1, 1, 1, 1, 0]",70.32,48.01,84.95,17.26,1229326.7
CAAP,25.13,6,"[0, 0, 1, 0, 1, 1, 1, 1, 1, 0]",25.44,24.22,30.35,17.49,213014.3
TNL,71.2,9,"[1, 1, 1, 0, 1, 1, 1, 1, 1, 1]",68.63,67.08,78.74,46.6,892061.05
PVH,76.8,5,"[0, 1, 0, 1, 0, 1, 0, 1, 1, 0]",87.01,77.51,98.77,60.85,1366681.75
LBTYA,11.81,7,"[0, 1, 1, 1, 1, 1, 0, 1, 1, 0]",12.08,11.57,13.03,9.59,1548778.9
CRGY,11.77,8,"[0, 1, 1, 1, 1, 1, 1, 1, 1, 0]",12.68,10.08,13.79,7.6,6774522.45
COCO,73.42,10,"[1, 1, 1, 1, 1, 1, 1, 1, 1, 1]",62.7,52.01,79.23,32.3,1029455.35
POWI,76.68,10,"[1, 1, 1, 1, 1, 1, 1, 1, 1, 1]",68.04,48.27,86.85,30.52,1430560.6
LEU,163.74,1,"[0, 0, 0, 0, 0, 0, 0, 0, 1, 0]",191.74,248.78,436.0,145.92,883923.7
KTB,72.25,8,"[1, 1, 1, 1, 0, 1, 1, 1, 1, 0]",70.87,70.93,85.05,53.7,784249.0
MRX,57.99,10,"[1, 1, 1, 1, 1, 1, 1, 1, 1, 1]",51.9,39.85,58.08,27.92,804427.25
ARIS,15.5,6,"[0, 0, 1, 1, 1, 1, 1, 0, 1, 0]",18.63,15.36,22.68,6.39,1130907.85
DLO,11.49,2,"[0, 0, 0, 0, 0, 1, 0, 0, 1, 0]",12.57,13.27,15.57,9.65,3157337.35
GFF,86.73,9,"[1, 1, 1, 1, 1, 1, 1, 1, 1, 0]",84.23,78.93,94.36,66.26,344651.25
TDW,74.34,8,"[0, 1, 1, 1, 1, 1, 1, 1, 1, 0]",82.56,65.62,91.12,44.82,639961.4
OPLN,36.45,9,"[1, 1, 1, 1, 1, 1, 1, 1, 1, 0]",33.33,29.41,38.24,22.11,951822.45
KAI,294.69,4,"[0, 0, 0, 1, 1, 0, 0, 1, 1, 0]",313.3,306.83,357.4,246.93,162422.15
TPH,46.95,10,"[1, 1, 1, 1, 1, 1, 1, 1, 1, 1]",46.71,37.57,46.97,29.89,2270447.8
BBWI,18.3,1,"[0, 0, 0, 0, 0, 0, 0, 0, 1, 0]",18.41,21.51,32.36,14.56,6524432.45
TVTX,47.08,10,"[1, 1, 1, 1, 1, 1, 1, 1, 1, 1]",40.38,32.26,47.76,14.09,1967747.55
CRNX,33.48,3,"[0, 0, 0, 0, 1, 1, 0, 0, 1, 0]",37.53,41.57,56.43,26.85,1038861.65
LIVN,74.8,10,"[1, 1, 1, 1, 1, 1, 1, 1, 1, 1]",67.46,61.66,75.42,41.13,698093.8
NVST,23.44,6,"[0, 0, 1, 1, 1, 1, 0, 1, 1, 0]",25.13,23.31,30.26,18.43,3632926.35
ACMR,80.57,10,"[1, 1, 1, 1, 1, 1, 1, 1, 1, 1]",60.02,46.97,92.86,23.92,2020083.95
UCTT,83.93,9,"[1, 1, 1, 1, 1, 1, 1, 1, 1, 0]",78.5,46.45,93.69,19.87,1072533.35
HGV,48.56,9,"[1, 1, 1, 1, 1, 1, 1, 1, 1, 0]",46.47,44.68,53.1,36.99,1095960.6
PII,67.68,9,"[1, 1, 1, 0, 1, 1, 1, 1, 1, 1]",61.64,61.66,72.07,37.64,785512.65
SKE,26.83,6,"[0, 0, 1, 1, 1, 1, 1, 0, 1, 0]",30.73,25.36,38.12,13.88,570581.8
EE,31.84,6,"[0, 0, 1, 1, 1, 1, 1, 0, 1, 0]",34.08,30.89,42.7,22.84,334928.75
ORKA,64.06,9,"[1, 1, 1, 1, 1, 1, 1, 1, 1, 0]",62.1,36.55,76.39,10.9,1213563.35
VSCO,76.26,10,"[1, 1, 1, 1, 1, 1, 1, 1, 1, 1]",52.83,45.79,80.06,17.7,3275626.85
RNG,40.87,8,"[0, 1, 1, 1, 1, 1, 1, 1, 1, 0]",41.06,32.9,49.02,23.54,1725945.45
CATY,58.39,10,"[1, 1, 1, 1, 1, 1, 1, 1, 1, 1]",54.83,50.05,58.39,41.02,401267.0
ACAD,21.7,3,"[0, 0, 0, 0, 1, 0, 0, 1, 1, 0]",21.79,23.47,28.06,20.06,1380583.7
CPRX,31.28,10,"[1, 1, 1, 1, 1, 1, 1, 1, 1, 1]",28.62,24.0,31.33,19.13,2458437.15
DAN,36.67,10,"[1, 1, 1, 1, 1, 1, 1, 1, 1, 1]",35.27,27.33,38.79,15.11,1012873.1
EWTX,34.84,9,"[1, 1, 1, 1, 1, 1, 1, 1, 1, 0]",33.42,25.19,40.26,12.61,1404324.7
TAC,12.51,2,"[0, 0, 0, 0, 0, 1, 0, 0, 1, 0]",13.11,13.55,17.66,10.32,1641338.9
SOUN,7.49,1,"[0, 0, 0, 0, 0, 0, 0, 0, 1, 0]",7.95,11.16,21.4,5.9,25910011.7
JOE,64.71,8,"[0, 1, 1, 1, 1, 1, 1, 1, 1, 0]",65.6,60.74,72.62,45.6,184216.0
HP,39.14,10,"[1, 1, 1, 1, 1, 1, 1, 1, 1, 1]",37.65,30.35,41.53,14.61,1112786.45
INDB,79.45,10,"[1, 1, 1, 1, 1, 1, 1, 1, 1, 1]",78.02,74.12,85.26,59.01,316437.35
FG,27.58,4,"[1, 0, 0, 0, 0, 0, 1, 1, 1, 0]",27.14,28.76,34.62,20.46,1115629.55
BB,9.29,10,"[1, 1, 1, 1, 1, 1, 1, 1, 1, 1]",5.95,4.49,10.34,3.15,42518985.8
PPTA,22.91,5,"[0, 0, 0, 1, 1, 1, 1, 0, 1, 0]",28.37,26.36,37.22,11.86,1708337.5
LRN,96.73,6,"[1, 1, 0, 1, 0, 0, 1, 0, 1, 1]",92.65,97.4,169.81,61.02,651754.0
BULL,5.67,1,"[0, 0, 0, 0, 0, 0, 0, 0, 1, 0]",6.32,8.65,17.74,4.63,13906639.55
BELFB,279.13,9,"[1, 1, 1, 1, 1, 1, 1, 1, 1, 0]",257.17,194.76,302.73,77.57,351800.7
WSFS,72.15,10,"[1, 1, 1, 1, 1, 1, 1, 1, 1, 1]",70.04,60.92,72.77,49.92,389121.1
LQDA,63.9,10,"[1, 1, 1, 1, 1, 1, 1, 1, 1, 1]",46.89,35.24,63.9,12.0,2141684.25
ALHC,15.35,4,"[0, 0, 0, 0, 1, 1, 1, 0, 1, 0]",18.4,18.53,23.81,11.64,7133268.7
AAUC,25.66,7,"[0, 0, 1, 1, 1, 1, 1, 1, 1, 0]",29.46,24.42,32.01,11.58,600538.2
CGAU,15.57,6,"[0, 0, 1, 1, 1, 1, 1, 0, 1, 0]",17.86,14.83,20.91,6.76,1292295.6
OII,39.19,10,"[1, 1, 1, 1, 1, 1, 1, 1, 1, 1]",37.42,29.84,39.78,20.25,870745.55
VKTX,29.24,2,"[0, 0, 0, 0, 1, 0, 0, 0, 1, 0]",32.1,32.3,42.09,23.09,1920810.85
CLSK,16.52,8,"[1, 1, 1, 1, 0, 1, 1, 0, 1, 1]",13.11,12.77,23.2,8.18,25364387.95
SII,120.98,6,"[0, 0, 1, 1, 1, 1, 1, 0, 1, 0]",135.1,110.4,165.88,61.53,164269.5
VECO,61.04,10,"[1, 1, 1, 1, 1, 1, 1, 1, 1, 1]",50.53,35.03,63.66,19.71,1203781.6
RUM,7.87,7,"[1, 1, 1, 1, 0, 0, 1, 1, 1, 0]",7.02,6.67,10.02,4.67,3726259.4
WRBY,23.51,5,"[0, 0, 0, 1, 0, 1, 1, 1, 1, 0]",23.92,23.97,30.23,16.49,3211597.1
TLX,9.22,5,"[0, 1, 1, 1, 0, 0, 1, 0, 1, 0]",10.13,9.21,17.46,6.41,150889.85
RXO,28.07,9,"[1, 1, 1, 1, 0, 1, 1, 1, 1, 1]",20.12,16.29,28.07,10.48,2776534.6
BTE,4.91,10,"[1, 1, 1, 1, 1, 1, 1, 1, 1, 1]",4.72,3.45,5.32,1.78,18616183.45
LION,13.52,10,"[1, 1, 1, 1, 1, 1, 1, 1, 1, 1]",12.08,8.91,14.95,5.59,3888577.65
TWST,70.04,10,"[1, 1, 1, 1, 1, 1, 1, 1, 1, 1]",57.72,41.15,73.93,24.16,1578297.5
FIBK,35.57,9,"[1, 1, 1, 1, 1, 1, 1, 1, 1, 0]",34.47,33.35,38.03,24.56,1126195.4
BFH,91.42,10,"[1, 1, 1, 1, 1, 1, 1, 1, 1, 1]",84.72,72.1,92.2,50.08,623492.1
BHF,62.54,8,"[1, 0, 1, 0, 1, 1, 1, 1, 1, 1]",61.77,59.23,66.01,43.36,510414.8
SLG,48.99,7,"[1, 1, 1, 0, 0, 0, 1, 1, 1, 1]",42.21,46.07,63.59,34.72,1069267.65
HYMC,26.33,6,"[0, 0, 1, 1, 1, 1, 1, 0, 1, 0]",36.46,24.73,55.74,3.08,2232822.95
OGN,13.39,9,"[1, 1, 1, 1, 0, 1, 1, 1, 1, 1]",11.13,8.9,13.46,5.69,3367445.0
SIG,84.56,3,"[0, 0, 0, 0, 0, 1, 0, 1, 1, 0]",85.89,91.0,105.59,73.94,938492.1
GNW,8.58,4,"[0, 0, 0, 1, 0, 1, 0, 1, 1, 0]",8.78,8.67,9.31,6.84,2502915.7
HWKN,156.26,6,"[0, 1, 1, 1, 0, 0, 1, 1, 1, 0]",157.71,152.68,183.81,119.87,143113.15
CTRI,30.0,7,"[0, 1, 1, 1, 1, 1, 1, 0, 1, 0]",32.63,26.77,41.8,19.37,1362382.85
RUN,13.46,3,"[0, 0, 0, 0, 0, 1, 1, 0, 1, 0]",13.58,16.72,21.41,5.78,8152708.25
ASO,51.67,4,"[0, 0, 0, 1, 1, 0, 0, 1, 1, 0]",54.31,52.8,61.02,41.51,1464038.3
HSAI,19.16,1,"[0, 0, 0, 0, 0, 0, 0, 0, 1, 0]",21.4,23.62,29.8,15.03,2069450.3
ATS,27.31,5,"[0, 0, 0, 1, 1, 1, 0, 1, 1, 0]",31.5,28.99,35.38,24.24,184047.75
CC,20.86,7,"[0, 1, 1, 1, 1, 1, 1, 0, 1, 0]",23.28,17.03,27.84,10.37,2483351.0
BKU,47.14,9,"[1, 1, 1, 1, 1, 1, 1, 1, 1, 0]",46.38,43.42,50.58,32.58,581603.5
TRMD,28.69,8,"[0, 1, 1, 1, 1, 1, 1, 1, 1, 0]",30.02,23.76,34.08,15.15,992056.65
VEON,49.01,3,"[0, 0, 0, 1, 0, 0, 0, 1, 1, 0]",51.96,52.27,62.72,38.27,113896.85
MANU,22.12,10,"[1, 1, 1, 1, 1, 1, 1, 1, 1, 1]",18.8,17.07,22.62,15.1,496060.85
AAP,58.38,8,"[1, 1, 1, 1, 0, 0, 1, 1, 1, 1]",55.56,52.5,65.49,38.35,2669779.8
AVNT,34.49,6,"[0, 0, 1, 1, 1, 1, 0, 1, 1, 0]",35.99,34.38,42.93,27.02,779135.25
CVI,33.32,8,"[1, 1, 1, 1, 0, 1, 1, 1, 1, 0]",32.83,30.86,39.89,20.66,739625.65
SA,27.83,5,"[0, 0, 0, 1, 1, 1, 1, 0, 1, 0]",30.62,28.06,39.35,14.08,984548.9
AMBA,68.72,4,"[1, 0, 0, 0, 0, 1, 1, 0, 1, 0]",68.08,72.35,95.51,48.65,1799402.05
APLE,15.59,10,"[1, 1, 1, 1, 1, 1, 1, 1, 1, 1]",13.38,12.03,15.67,10.55,2776768.95
CHEF,80.9,9,"[1, 1, 1, 1, 1, 1, 1, 1, 1, 0]",71.79,64.68,81.71,54.6,391091.3
BEAM,29.78,9,"[1, 1, 1, 1, 1, 1, 1, 1, 1, 0]",29.04,26.42,35.41,16.01,2021010.35
CWK,13.24,2,"[0, 0, 0, 0, 0, 0, 0, 1, 1, 0]",13.38,14.86,17.2,10.26,1995344.3
TNGX,30.93,10,"[1, 1, 1, 1, 1, 1, 1, 1, 1, 1]",22.69,13.38,30.93,4.16,3822215.65
EFXT,24.85,9,"[1, 1, 1, 1, 1, 1, 1, 1, 1, 0]",24.84,17.41,28.36,7.68,578190.25
DAVE,270.29,9,"[1, 1, 1, 1, 0, 1, 1, 1, 1, 1]",238.81,215.1,282.56,155.92,602058.0
IAC,42.06,8,"[0, 1, 1, 1, 1, 1, 1, 1, 1, 0]",42.36,37.82,45.38,31.52,1166980.0
FSM,8.77,4,"[0, 0, 0, 0, 1, 1, 1, 0, 1, 0]",9.96,9.65,13.66,6.22,5406790.2
VRNS,33.04,5,"[1, 1, 0, 0, 0, 0, 1, 0, 1, 1]",26.97,36.2,63.31,20.19,1849010.6
NATL,44.11,8,"[0, 1, 1, 1, 1, 1, 1, 1, 1, 0]",44.47,40.58,48.13,26.44,824959.5
ADEA,31.55,10,"[1, 1, 1, 1, 1, 1, 1, 1, 1, 1]",28.53,19.85,33.57,11.64,2612031.45
BTDR,18.49,8,"[1, 1, 1, 1, 0, 1, 1, 0, 1, 1]",13.12,13.61,25.9,7.28,11767590.1
BATRK,49.48,9,"[1, 1, 1, 1, 1, 1, 1, 1, 1, 0]",48.04,42.66,51.18,38.04,345119.75
SEZL,121.16,7,"[1, 1, 1, 1, 0, 0, 1, 0, 1, 1]",89.44,76.48,182.16,50.97,556698.2
BBAR,17.24,9,"[1, 1, 1, 0, 1, 1, 1, 1, 1, 1]",15.77,14.76,20.89,7.89,718495.1
PARR,57.13,8,"[0, 1, 1, 1, 1, 1, 1, 1, 1, 0]",61.54,45.63,69.2,21.34,1082097.75
VCYT,47.27,9,"[1, 1, 1, 0, 1, 1, 1, 1, 1, 1]",37.87,37.64,49.94,23.03,1183927.5
COLM,65.14,10,"[1, 1, 1, 1, 1, 1, 1, 1, 1, 1]",60.35,56.04,67.79,48.18,505494.25
FFBC,30.82,10,"[1, 1, 1, 1, 1, 1, 1, 1, 1, 1]",29.6,26.72,30.9,22.24,854204.2
FSLY,19.38,7,"[0, 1, 1, 1, 1, 1, 1, 0, 1, 0]",23.27,14.68,33.5,6.36,8229568.9
ZIM,25.56,8,"[0, 1, 1, 1, 1, 1, 1, 1, 1, 0]",25.96,20.57,28.55,12.03,1082362.7
RCUS,23.32,8,"[0, 1, 1, 1, 1, 1, 1, 1, 1, 0]",23.97,20.43,26.62,7.95,902995.7
CALY,15.64,9,"[1, 1, 1, 1, 1, 1, 1, 1, 1, 0]",14.94,12.51,17.52,7.39,2834412.5
BOH,76.72,8,"[0, 1, 1, 1, 1, 1, 1, 1, 1, 0]",76.9,70.21,79.96,58.13,350360.15
UNFI,51.64,9,"[1, 1, 1, 1, 1, 1, 1, 1, 1, 0]",49.28,39.31,55.52,21.3,565731.55
SXI,293.91,10,"[1, 1, 1, 1, 1, 1, 1, 1, 1, 1]",266.5,241.94,297.66,151.84,161482.5
PLAB,29.96,5,"[0, 0, 0, 1, 1, 1, 1, 0, 1, 0]",45.35,33.26,54.96,18.21,2154998.9
ERAS,12.87,8,"[0, 1, 1, 1, 1, 1, 1, 0, 1, 1]",14.19,8.06,22.47,1.26,4988336.75
VTMX,34.26,8,"[0, 1, 1, 1, 1, 1, 1, 1, 1, 0]",34.8,31.43,36.59,24.98,181244.25
EXTR,29.57,9,"[1, 1, 1, 1, 0, 1, 1, 1, 1, 1]",21.48,18.6,29.61,13.74,2228174.6
YETI,47.67,9,"[1, 1, 1, 0, 1, 1, 1, 1, 1, 1]",41.11,40.39,50.77,29.29,1787173.8
CARG,27.51,1,"[0, 0, 0, 0, 0, 0, 0, 0, 1, 0]",33.23,34.33,39.03,26.96,1647752.15
MPT,4.92,5,"[0, 0, 0, 0, 1, 1, 1, 1, 1, 0]",5.01,5.0,5.91,3.78,5028802.7
DNLI,19.54,8,"[0, 1, 1, 1, 1, 1, 1, 1, 1, 0]",19.58,18.11,22.74,12.75,1820566.2
BKD,11.87,6,"[0, 0, 1, 1, 1, 1, 1, 0, 1, 0]",13.43,11.67,16.77,6.57,3773748.25
CON,25.46,10,"[1, 1, 1, 1, 1, 1, 1, 1, 1, 1]",23.52,21.74,26.14,18.56,811589.05
ETOR,39.09,7,"[1, 1, 1, 1, 0, 0, 1, 0, 1, 1]",36.87,36.65,75.97,24.76,1304320.7
LXP,51.54,9,"[1, 1, 1, 1, 1, 1, 1, 1, 1, 0]",50.45,47.59,52.77,37.07,355453.1
MSGE,72.22,10,"[1, 1, 1, 1, 1, 1, 1, 1, 1, 1]",65.23,54.86,72.35,36.33,447552.4
BWLP,20.79,10,"[1, 1, 1, 1, 1, 1, 1, 1, 1, 1]",19.46,15.32,22.61,10.64,561902.25
KYIV,13.6,9,"[1, 1, 1, 0, 1, 1, 1, 1, 1, 1]",12.49,12.43,15.17,9.33,688897.95
BHE,86.13,10,"[1, 1, 1, 1, 1, 1, 1, 1, 1, 1]",74.78,53.5,89.01,35.72,387716.8
CAKE,67.22,10,"[1, 1, 1, 1, 1, 1, 1, 1, 1, 1]",60.62,56.25,67.22,42.72,1021330.1
HG,30.51,8,"[0, 1, 1, 1, 1, 1, 1, 1, 1, 0]",30.97,26.6,32.79,19.19,465602.3
DHT,16.44,8,"[0, 1, 1, 1, 1, 1, 1, 1, 1, 0]",17.36,14.11,18.96,10.09,2863027.25
AEHR,95.58,9,"[1, 1, 1, 1, 1, 1, 1, 1, 1, 0]",84.5,41.93,116.58,11.15,2412872.65
OLN,24.28,8,"[0, 1, 1, 1, 1, 1, 1, 1, 1, 0]",27.24,23.79,29.93,17.63,1986412.25
SBLK,26.72,9,"[1, 1, 1, 1, 1, 1, 1, 1, 1, 0]",25.56,21.42,28.21,16.06,1384315.0
VC,120.44,9,"[1, 1, 1, 1, 0, 1, 1, 1, 1, 1]",106.63,104.88,127.5,83.51,432204.8
TTAM,15.37,4,"[0, 0, 0, 0, 1, 1, 0, 1, 1, 0]",15.94,16.08,19.13,12.16,259022.25
BKV,25.82,6,"[0, 0, 0, 1, 1, 1, 1, 1, 1, 0]",28.28,26.65,32.16,19.68,704671.4
HIMX,20.33,10,"[1, 1, 1, 1, 1, 1, 1, 1, 1, 1]",14.72,9.95,24.19,6.93,5674663.95
BANC,19.24,9,"[1, 1, 1, 0, 1, 1, 1, 1, 1, 1]",18.6,18.15,20.95,13.1,2773009.5
SBCF,30.17,4,"[0, 0, 0, 0, 1, 1, 0, 1, 1, 0]",30.96,31.19,34.87,24.18,686957.2
KN,38.22,10,"[1, 1, 1, 1, 1, 1, 1, 1, 1, 1]",32.47,25.84,39.36,16.79,1044748.6
ALMS,18.99,6,"[0, 0, 1, 1, 1, 1, 1, 0, 1, 0]",23.04,15.9,29.98,2.8,990708.55
SDRL,45.47,8,"[0, 1, 1, 1, 1, 1, 1, 1, 1, 0]",48.27,38.29,54.8,25.74,692365.55
CRVL,59.88,4,"[1, 0, 0, 0, 0, 0, 1, 0, 1, 1]",57.39,66.14,108.29,46.0,227516.4
ITGR,91.89,7,"[1, 1, 1, 1, 0, 0, 1, 0, 1, 1]",87.78,86.79,122.97,63.32,541712.9
SUPN,44.48,5,"[0, 0, 0, 0, 1, 1, 1, 1, 1, 0]",49.06,49.0,57.0,31.16,599513.2
XXI,5.84,1,"[0, 0, 0, 0, 0, 0, 0, 0, 1, 0]",7.42,12.1,37.98,5.64,1358427.85
LFST,7.34,9,"[1, 1, 1, 1, 1, 1, 1, 1, 1, 0]",7.22,6.52,8.85,3.79,3774433.8
TDC,33.7,10,"[1, 1, 1, 1, 1, 1, 1, 1, 1, 1]",29.49,27.27,37.88,20.11,2271418.7
NMRK,14.69,3,"[0, 0, 0, 0, 0, 0, 1, 1, 1, 0]",15.26,16.54,19.43,11.05,1354755.9
ERO,26.9,6,"[0, 0, 1, 1, 1, 1, 1, 0, 1, 0]",28.24,25.58,38.03,12.98,1360696.0
JOYY,66.1,9,"[1, 1, 1, 0, 1, 1, 1, 1, 1, 1]",60.03,59.69,68.86,45.43,346074.5
EXK,8.04,4,"[0, 0, 0, 0, 1, 1, 1, 0, 1, 0]",9.58,9.33,14.12,4.69,6959336.8
SHOO,45.31,9,"[1, 1, 1, 0, 1, 1, 1, 1, 1, 1]",39.07,37.51,45.95,22.62,951551.0
PHIN,80.48,10,"[1, 1, 1, 1, 1, 1, 1, 1, 1, 1]",74.32,64.44,82.25,41.48,301857.05
ARX,14.32,6,"[1, 1, 0, 1, 0, 0, 1, 0, 1, 1]",14.26,14.53,30.05,9.36,1521582.35
KALU,178.16,9,"[1, 1, 1, 1, 1, 1, 1, 1, 1, 0]",162.51,117.91,190.34,71.09,221144.9
DBRG,15.66,10,"[1, 1, 1, 1, 1, 1, 1, 1, 1, 1]",15.6,13.83,15.71,9.16,2429653.1
PAGS,8.53,3,"[0, 0, 0, 0, 1, 1, 0, 0, 1, 0]",9.83,9.73,11.72,7.57,3847804.15
CECO,80.53,9,"[1, 1, 1, 1, 1, 1, 1, 1, 1, 0]",73.19,60.91,89.87,26.74,967267.8
WT,17.59,9,"[1, 1, 1, 1, 1, 1, 1, 1, 1, 0]",17.47,14.63,19.81,9.94,2752912.15
PFS,22.66,10,"[1, 1, 1, 1, 1, 1, 1, 1, 1, 1]",21.97,20.28,23.28,15.25,900215.4
TRN,33.57,9,"[1, 1, 1, 1, 1, 1, 1, 1, 1, 0]",33.26,29.45,36.64,22.59,795019.1
DYN,16.81,4,"[0, 0, 0, 0, 1, 1, 1, 0, 1, 0]",18.22,17.46,24.29,8.18,1466222.2
GEO,26.68,9,"[1, 1, 1, 1, 0, 1, 1, 1, 1, 1]",20.4,18.01,26.96,13.26,1644269.65
LCII,92.6,3,"[0, 0, 0, 0, 1, 1, 0, 0, 1, 0]",114.41,114.7,154.08,82.3,294764.4
TNK,71.66,8,"[0, 1, 1, 1, 1, 1, 1, 1, 1, 0]",74.82,62.38,81.69,40.68,390152.05
BTU,28.19,6,"[1, 0, 0, 0, 1, 1, 1, 0, 1, 1]",27.57,29.09,39.38,12.52,3958864.6
NTCT,40.66,10,"[1, 1, 1, 1, 1, 1, 1, 1, 1, 1]",36.29,29.61,43.43,20.77,674621.3
DK,48.48,10,"[1, 1, 1, 1, 1, 1, 1, 1, 1, 1]",43.88,36.45,49.04,18.38,1148769.55
PTRN,19.75,7,"[1, 1, 0, 1, 0, 0, 1, 1, 1, 1]",15.32,19.75,20.45,9.59,1527337.6
GRND,11.04,2,"[0, 0, 0, 1, 0, 0, 0, 0, 1, 0]",12.9,13.18,23.46,9.85,1726777.6
TXG,29.18,10,"[1, 1, 1, 1, 1, 1, 1, 1, 1, 1]",23.79,18.41,33.5,10.09,3074129.3
CLMT,35.5,10,"[1, 1, 1, 1, 1, 1, 1, 1, 1, 1]",33.54,24.38,37.41,13.17,849304.15
AEO,17.29,6,"[1, 0, 0, 0, 1, 1, 1, 0, 1, 1]",17.09,19.38,27.87,9.02,6375432.0
INOD,102.79,9,"[1, 1, 1, 1, 0, 1, 1, 1, 1, 1]",65.88,59.79,121.5,34.45,2596884.6
GPCR,37.77,4,"[0, 0, 0, 0, 1, 1, 1, 0, 1, 0]",43.88,47.26,93.79,16.2,630862.25
IHS,8.3,10,"[1, 1, 1, 1, 1, 1, 1, 1, 1, 1]",8.26,7.58,8.73,5.45,1193266.55
AYA,17.51,8,"[0, 1, 1, 1, 1, 1, 1, 1, 1, 0]",17.88,14.78,21.63,8.33,455175.3
SLNO,53.01,6,"[1, 1, 1, 0, 0, 0, 1, 0, 1, 1]",45.79,52.4,88.49,30.05,1749339.8
SPNT,21.85,7,"[0, 1, 1, 1, 1, 1, 0, 1, 1, 0]",22.69,20.63,23.86,17.48,767718.45
KMT,33.25,7,"[0, 0, 1, 1, 1, 1, 1, 1, 1, 0]",36.6,30.63,43.04,19.42,1485395.4
STUB,10.01,5,"[1, 0, 0, 0, 1, 0, 1, 0, 1, 1]",7.86,10.01,22.0,6.09,6608980.65
FA,15.76,7,"[1, 1, 1, 1, 0, 0, 1, 1, 1, 0]",13.66,13.7,18.59,8.95,865401.6
NKTR,56.62,5,"[0, 0, 0, 1, 1, 1, 1, 0, 1, 0]",76.19,59.51,100.35,8.51,1015776.75
EOSE,6.69,3,"[0, 0, 0, 0, 0, 1, 1, 0, 1, 0]",6.97,10.7,19.19,4.01,31016516.25
UAA,5.67,5,"[0, 0, 1, 1, 1, 0, 1, 0, 1, 0]",5.9,5.54,8.14,4.17,10053752.3
UA,5.5,5,"[0, 0, 1, 1, 1, 0, 1, 0, 1, 0]",5.74,5.38,7.88,3.96,3695079.4
DBD,81.27,10,"[1, 1, 1, 1, 1, 1, 1, 1, 1, 1]",79.35,69.5,88.77,50.99,285883.55
BKE,44.6,2,"[0, 0, 0, 0, 0, 0, 0, 1, 1, 0]",51.06,51.84,57.1,39.37,510082.3
UNIT,11.49,10,"[1, 1, 1, 1, 1, 1, 1, 1, 1, 1]",11.06,7.96,11.98,5.36,2120861.5
ARCB,166.22,10,"[1, 1, 1, 1, 1, 1, 1, 1, 1, 1]",120.63,90.34,166.22,59.5,311495.5
NN,21.02,10,"[1, 1, 1, 1, 1, 1, 1, 1, 1, 1]",19.33,16.38,23.59,11.37,2806095.1
HOG,24.91,7,"[1, 1, 1, 1, 0, 0, 1, 1, 1, 0]",23.4,23.24,30.28,17.19,2306498.85
ATRO,84.32,10,"[1, 1, 1, 1, 1, 1, 1, 1, 1, 1]",76.71,61.99,88.17,30.01,595435.25
CLDX,28.56,8,"[0, 1, 1, 1, 1, 1, 1, 1, 1, 0]",32.0,27.64,34.55,20.01,776490.2
VAC,89.51,9,"[1, 1, 1, 1, 0, 1, 1, 1, 1, 1]",73.78,64.5,90.67,43.9,561138.75
ARQT,21.54,5,"[0, 0, 0, 0, 1, 1, 1, 0, 1, 1]",22.5,23.63,31.2,13.26,1939587.6
GRAL,61.52,5,"[1, 0, 0, 0, 1, 1, 1, 0, 1, 0]",57.2,70.38,116.06,31.42,852634.2
VISN,12.02,10,"[1, 1, 1, 1, 1, 1, 1, 1, 1, 1]",10.75,9.06,12.8,2.78,6331636.05
TARS,59.64,4,"[0, 0, 0, 0, 1, 1, 1, 0, 1, 0]",64.41,68.09,82.51,38.82,746053.75
NGVT,66.93,8,"[0, 1, 1, 1, 1, 1, 1, 1, 1, 0]",71.7,63.1,77.87,40.4,242372.85
AMSC,43.34,5,"[0, 1, 1, 1, 0, 0, 1, 0, 1, 0]",45.84,42.1,66.68,25.95,1375893.65
WAFD,35.78,10,"[1, 1, 1, 1, 1, 1, 1, 1, 1, 1]",34.2,31.74,35.96,26.72,503193.4
HUN,14.23,9,"[1, 1, 1, 1, 1, 1, 1, 1, 1, 0]",14.02,11.29,15.47,7.31,4440952.8
HUBG,44.61,9,"[1, 1, 1, 0, 1, 1, 1, 1, 1, 1]",40.73,39.56,52.19,32.24,882984.05
TRMK,44.34,9,"[1, 1, 1, 1, 1, 1, 1, 1, 1, 0]",43.9,40.88,45.24,32.86,351945.0
IRON,65.8,4,"[0, 0, 0, 0, 1, 1, 1, 0, 1, 0]",67.77,72.8,94.11,50.05,506151.45
CUBI,74.18,8,"[0, 1, 1, 1, 1, 1, 1, 1, 1, 0]",74.65,71.3,81.21,50.35,345984.25
VERA,31.75,4,"[0, 0, 0, 0, 1, 1, 1, 0, 1, 0]",37.46,36.71,55.67,19.25,1134883.5
ICHR,66.75,9,"[1, 1, 1, 1, 1, 1, 1, 1, 1, 0]",64.82,35.74,76.95,14.06,1067565.4
RARE,21.59,1,"[0, 0, 0, 0, 0, 0, 0, 0, 1, 0]",23.8,27.24,41.44,18.5,1558598.3
KOD,29.61,7,"[0, 1, 1, 1, 1, 1, 1, 0, 1, 0]",39.91,25.4,46.44,3.53,715652.5
SAH,82.69,9,"[1, 1, 1, 1, 0, 1, 1, 1, 1, 1]",74.3,68.55,87.27,57.92,298945.35
DRD,23.69,4,"[0, 0, 0, 0, 1, 1, 1, 0, 1, 0]",28.37,28.9,38.8,12.84,242508.7
HE,13.45,7,"[0, 0, 1, 1, 1, 1, 1, 1, 1, 0]",14.57,13.42,17.08,10.25,1990586.65
IMNM,18.61,5,"[0, 0, 0, 1, 1, 1, 1, 0, 1, 0]",22.02,19.0,26.97,8.4,1244296.5
FRSH,9.41,4,"[1, 0, 0, 0, 0, 0, 1, 0, 1, 1]",8.7,10.46,15.95,6.88,11039518.25
NSIT,110.14,7,"[1, 1, 1, 0, 0, 0, 1, 1, 1, 1]",83.49,92.08,146.66,64.43,588740.9
HTFL,28.45,3,"[0, 0, 0, 1, 0, 0, 1, 0, 1, 0]",28.88,30.0,39.91,20.49,1203615.5
OSW,24.28,9,"[1, 1, 1, 1, 1, 1, 1, 1, 1, 0]",23.95,21.84,25.27,18.39,522169.3
SEDG,63.95,10,"[1, 1, 1, 1, 1, 1, 1, 1, 1, 1]",51.2,39.41,78.51,15.96,4714914.35
ROG,140.92,10,"[1, 1, 1, 1, 1, 1, 1, 1, 1, 1]",129.78,100.86,154.22,64.78,281240.65
ATKR,80.09,10,"[1, 1, 1, 1, 1, 1, 1, 1, 1, 1]",73.16,65.96,85.41,52.77,507214.3
TALO,14.95,8,"[0, 1, 1, 1, 1, 1, 1, 1, 1, 0]",15.26,12.18,16.59,7.79,1786550.3
IDYA,31.48,8,"[1, 0, 1, 0, 1, 1, 1, 1, 1, 1]",30.08,31.03,37.86,21.02,882629.7
ELVN,33.63,7,"[0, 1, 1, 1, 1, 1, 1, 0, 1, 0]",41.38,27.38,48.11,15.14,790070.65
DGII,67.24,10,"[1, 1, 1, 1, 1, 1, 1, 1, 1, 1]",59.05,46.1,69.82,31.14,370236.75
LWLG,10.3,7,"[0, 1, 1, 1, 1, 1, 1, 0, 1, 0]",12.16,6.28,18.22,1.18,7734887.1
TMC,5.11,1,"[0, 0, 0, 0, 0, 0, 0, 0, 1, 0]",5.27,6.24,10.69,4.1,6358640.9
LMAT,95.11,6,"[0, 0, 1, 1, 1, 1, 0, 1, 1, 0]",105.4,94.01,117.1,79.04,312697.6
MTX,75.55,9,"[1, 1, 1, 1, 1, 1, 1, 1, 1, 0]",74.52,66.2,82.71,52.91,205026.2
BRZE,23.07,4,"[1, 0, 0, 0, 0, 0, 1, 0, 1, 1]",22.78,25.58,36.19,15.79,3592402.3
AAMI,77.03,10,"[1, 1, 1, 1, 1, 1, 1, 1, 1, 1]",66.92,53.45,77.03,31.09,427586.05
RLAY,13.66,9,"[0, 1, 1, 1, 1, 1, 1, 1, 1, 1]",13.67,8.86,16.8,3.06,5097268.9
MLYS,22.5,3,"[0, 0, 0, 0, 0, 1, 1, 0, 1, 0]",27.97,32.8,47.33,12.87,1812225.65
FBNC,58.88,10,"[1, 1, 1, 1, 1, 1, 1, 1, 1, 1]",58.24,54.6,61.96,39.58,206101.55
ANDE,73.49,10,"[1, 1, 1, 1, 1, 1, 1, 1, 1, 1]",73.23,57.86,79.42,34.14,275590.25
VNET,8.87,4,"[0, 0, 0, 0, 1, 1, 1, 0, 1, 0]",9.19,9.63,14.03,5.44,12458091.05
HTO,56.19,7,"[0, 1, 1, 1, 1, 1, 0, 1, 1, 0]",57.69,51.75,60.84,43.73,431543.4
DXPE,160.12,10,"[1, 1, 1, 1, 1, 1, 1, 1, 1, 1]",153.94,129.01,181.51,76.6,156359.75
PTON,5.66,4,"[1, 1, 0, 0, 0, 0, 1, 0, 1, 0]",5.25,6.1,9.0,3.71,16787502.0
SGML,13.25,6,"[0, 0, 1, 1, 1, 1, 1, 0, 1, 0]",17.48,11.72,23.65,4.28,3708986.0
TENB,27.56,7,"[1, 1, 1, 0, 0, 0, 1, 1, 1, 1]",21.68,24.54,35.46,16.04,4044896.35
DFTX,23.02,10,"[1, 1, 1, 1, 1, 1, 1, 1, 1, 1]",21.92,15.71,24.59,6.49,1985899.3
VERX,12.91,2,"[1, 0, 0, 0, 0, 0, 0, 0, 1, 0]",12.7,18.17,40.67,10.8,1540953.5
PLUS,83.35,7,"[1, 0, 1, 0, 1, 1, 1, 1, 1, 0]",83.13,81.0,92.78,61.7,249777.85
AMPX,18.83,10,"[1, 1, 1, 1, 1, 1, 1, 1, 1, 1]",18.65,13.3,22.91,3.13,9487325.4
AMR,202.19,10,"[1, 1, 1, 1, 1, 1, 1, 1, 1, 1]",195.17,183.83,249.65,99.46,282915.75
COHU,52.51,10,"[1, 1, 1, 1, 1, 1, 1, 1, 1, 1]",44.52,29.88,57.59,17.86,1577512.55
AESI,17.28,9,"[1, 1, 1, 1, 1, 1, 1, 1, 1, 0]",16.11,12.21,19.75,8.1,3177838.2
NESR,25.13,10,"[1, 1, 1, 1, 1, 1, 1, 1, 1, 1]",24.21,17.66,26.84,5.72,1882270.05
WTTR,18.5,10,"[1, 1, 1, 1, 1, 1, 1, 1, 1, 1]",17.0,12.66,20.04,7.78,1749729.2
ACHC,25.32,8,"[0, 1, 1, 1, 0, 1, 1, 1, 1, 1]",25.56,20.81,28.26,11.68,2442051.6
MNR,13.67,10,"[1, 1, 1, 1, 1, 1, 1, 1, 1, 1]",13.13,11.86,14.26,9.93,473280.9
CSGS,80.69,10,"[1, 1, 1, 1, 1, 1, 1, 1, 1, 1]",80.13,74.06,80.69,59.97,353613.6
GRDN,40.51,10,"[1, 1, 1, 1, 1, 1, 1, 1, 1, 1]",37.71,31.69,40.8,19.67,394574.9
CEPU,14.58,7,"[0, 0, 1, 0, 1, 1, 1, 1, 1, 1]",15.09,14.1,17.95,7.68,318658.5
PRDO,34.08,6,"[0, 1, 1, 1, 0, 1, 0, 1, 1, 0]",34.69,32.85,37.77,27.01,671581.5
HLIO,83.65,10,"[1, 1, 1, 1, 1, 1, 1, 1, 1, 1]",72.76,62.34,85.94,31.04,432422.25
WOLF,55.42,7,"[1, 1, 0, 1, 0, 0, 1, 1, 1, 1]",40.61,55.42,73.5,14.8,10958753.4
NTB,58.16,10,"[1, 1, 1, 1, 1, 1, 1, 1, 1, 1]",55.3,49.11,58.16,40.26,209569.1
FUN,22.04,7,"[1, 1, 1, 1, 0, 0, 1, 0, 1, 1]",19.42,18.79,32.94,12.83,1981340.65
BLBD,70.23,9,"[1, 1, 1, 1, 1, 1, 1, 1, 1, 0]",65.16,56.76,72.74,40.8,512373.6
KEEL,5.66,9,"[1, 1, 1, 1, 0, 1, 1, 1, 1, 1]",3.67,2.99,6.47,0.75,47055553.25
PENG,64.63,10,"[1, 1, 1, 1, 1, 1, 1, 1, 1, 1]",37.97,25.48,71.41,16.24,3873711.45
AXGN,41.46,9,"[1, 1, 1, 1, 1, 1, 1, 1, 1, 0]",38.74,29.3,43.74,9.29,837384.95
PENN,19.17,8,"[1, 1, 1, 1, 0, 0, 1, 1, 1, 1]",16.7,15.94,20.47,11.76,3417813.35
CMPR,93.28,10,"[1, 1, 1, 1, 1, 1, 1, 1, 1, 1]",87.59,73.7,104.48,42.62,211578.75
FLOC,23.85,8,"[0, 1, 1, 1, 1, 1, 1, 1, 1, 0]",24.01,19.76,28.09,14.08,738525.8
DRH,11.61,10,"[1, 1, 1, 1, 1, 1, 1, 1, 1, 1]",10.43,9.14,11.61,7.16,1801330.9
XIFR,11.7,9,"[1, 1, 1, 1, 1, 1, 1, 1, 1, 0]",10.97,10.24,12.77,8.08,1073798.4
ADPT,16.7,9,"[1, 1, 1, 0, 1, 1, 1, 1, 1, 1]",14.23,15.28,20.46,10.14,1778731.95
HTH,37.16,9,"[1, 1, 1, 1, 1, 1, 1, 1, 1, 0]",37.08,35.19,39.6,28.58,309383.75
CTOS,10.24,10,"[1, 1, 1, 1, 1, 1, 1, 1, 1, 1]",8.72,6.88,10.24,4.64,872449.6
DRVN,13.47,4,"[1, 0, 0, 0, 0, 0, 1, 0, 1, 1]",13.07,14.61,19.21,10.3,1605039.75
RDW,18.57,9,"[1, 1, 1, 1, 1, 1, 1, 0, 1, 1]",12.81,9.63,25.9,5.06,59671246.3
VVX,84.7,10,"[1, 1, 1, 1, 1, 1, 1, 1, 1, 1]",71.68,63.42,84.94,44.53,534975.1
BCRX,8.43,8,"[0, 1, 1, 1, 1, 1, 1, 1, 1, 0]",9.03,7.92,11.11,6.24,4669704.0
TIC,8.5,2,"[1, 0, 0, 0, 0, 0, 0, 0, 1, 0]",8.39,10.12,14.49,6.57,2092591.4
WERN,44.51,10,"[1, 1, 1, 1, 1, 1, 1, 1, 1, 1]",35.69,30.9,44.51,22.94,1050000.7
CENTA,35.24,10,"[1, 1, 1, 1, 1, 1, 1, 1, 1, 1]",33.83,31.45,37.27,26.27,297941.85
QUBT,10.45,5,"[1, 1, 0, 0, 0, 0, 1, 0, 1, 1]",9.47,12.02,24.62,6.31,33704564.7
THR,61.14,10,"[1, 1, 1, 1, 1, 1, 1, 1, 1, 1]",58.1,41.44,71.25,24.1,828715.35
ECO,47.85,8,"[0, 1, 1, 1, 1, 1, 1, 1, 1, 0]",50.52,38.49,54.8,20.31,536029.85
BHC,5.11,1,"[0, 0, 0, 0, 0, 0, 0, 0, 1, 0]",5.48,6.21,8.34,4.86,1851450.95
NMM,70.91,8,"[0, 1, 1, 1, 1, 1, 1, 1, 1, 0]",71.05,58.29,76.62,37.44,144402.2
MBIN,48.17,10,"[1, 1, 1, 1, 1, 1, 1, 1, 1, 1]",46.55,38.35,49.89,28.93,110918.15
FLYW,13.88,8,"[0, 1, 1, 1, 1, 1, 1, 1, 1, 0]",14.26,13.46,17.73,10.27,2163822.1
PBI,16.94,10,"[1, 1, 1, 1, 1, 1, 1, 1, 1, 1]",14.35,11.45,16.94,8.89,2960843.25
WLY,43.84,9,"[1, 1, 1, 1, 0, 1, 1, 1, 1, 1]",40.77,35.97,44.16,28.52,337064.05
CMRE,15.77,7,"[0, 0, 1, 1, 1, 1, 1, 1, 1, 0]",16.7,15.04,17.79,8.59,511160.35
SLDE,16.5,4,"[0, 0, 0, 1, 1, 1, 0, 0, 1, 0]",18.26,16.95,23.3,12.74,1192767.8
OCUL,8.16,1,"[0, 0, 0, 0, 0, 0, 0, 0, 1, 0]",8.89,10.65,16.11,6.88,2620500.4
ESTA,74.84,9,"[1, 1, 1, 0, 1, 1, 1, 1, 1, 1]",66.99,61.66,79.67,33.62,443173.55
SRPT,15.55,3,"[0, 0, 0, 1, 0, 0, 1, 0, 1, 0]",19.76,19.83,39.71,11.93,3012907.5
IMOS,56.48,9,"[1, 1, 1, 1, 1, 1, 1, 1, 1, 0]",49.24,33.74,70.26,15.09,116746.9
NVCR,16.85,9,"[1, 1, 1, 1, 1, 1, 1, 1, 1, 0]",14.6,13.15,18.46,10.03,1528374.7
DEI,12.26,7,"[1, 1, 1, 1, 0, 0, 1, 1, 1, 0]",10.91,11.67,16.09,8.99,2796786.85
EZPW,31.23,9,"[1, 1, 1, 1, 1, 1, 1, 1, 1, 0]",31.07,23.15,34.65,13.13,708388.4
PDFS,56.3,10,"[1, 1, 1, 1, 1, 1, 1, 1, 1, 1]",44.31,32.4,56.39,18.97,1068552.1
TRVI,13.5,8,"[0, 1, 1, 1, 1, 1, 1, 1, 1, 0]",13.84,11.53,15.4,5.47,1081819.6
DCO,150.04,10,"[1, 1, 1, 1, 1, 1, 1, 1, 1, 1]",141.08,112.71,152.24,73.9,228692.8
WS,41.57,10,"[1, 1, 1, 1, 1, 1, 1, 1, 1, 1]",37.36,35.62,48.45,24.15,222682.2
STOK,29.0,6,"[0, 0, 0, 1, 1, 1, 1, 1, 1, 0]",32.59,30.33,38.35,11.13,558422.1
DHC,8.3,9,"[1, 1, 1, 1, 1, 1, 1, 1, 1, 0]",7.84,5.82,9.13,3.25,1770364.85
TYRA,26.75,6,"[0, 0, 1, 1, 1, 1, 1, 0, 1, 0]",34.5,25.58,39.61,9.1,805208.95
SEM,16.57,10,"[1, 1, 1, 1, 1, 1, 1, 1, 1, 1]",16.4,14.84,16.57,11.56,1739544.35
CLBK,20.75,10,"[1, 1, 1, 1, 1, 1, 1, 1, 1, 1]",19.01,16.83,20.75,13.73,413573.0
MGNI,14.63,5,"[1, 1, 0, 0, 0, 0, 1, 0, 1, 1]",13.2,15.91,26.52,11.2,2476408.15
NGL,15.88,9,"[1, 1, 1, 1, 1, 1, 1, 1, 1, 0]",15.21,10.59,18.11,4.0,361862.25
NTST,19.97,7,"[0, 1, 1, 1, 1, 1, 0, 1, 1, 0]",19.99,18.58,20.74,15.59,1294314.65
ANAB,51.36,7,"[0, 1, 1, 1, 1, 1, 1, 0, 1, 0]",54.58,34.36,69.78,12.93,569486.95
PSNY,19.65,4,"[0, 1, 0, 1, 0, 0, 1, 0, 1, 0]",19.94,21.33,41.1,12.01,171192.9
NEXT,8.46,7,"[1, 1, 1, 1, 0, 0, 1, 0, 1, 1]",7.97,6.72,12.0,4.8,2735720.45
BBAI,4.31,4,"[1, 0, 0, 0, 0, 0, 1, 0, 1, 1]",4.01,5.26,8.91,3.04,49393705.3
ATEN,30.98,10,"[1, 1, 1, 1, 1, 1, 1, 1, 1, 1]",27.26,20.51,32.64,16.47,1014803.85
GTY,32.79,8,"[0, 1, 1, 1, 1, 1, 1, 1, 1, 0]",33.04,29.48,34.61,24.79,394764.3
OMCL,41.95,8,"[1, 1, 1, 0, 1, 1, 1, 1, 1, 0]",40.15,38.5,51.39,26.88,490827.7
SION,33.51,5,"[0, 0, 0, 1, 1, 1, 1, 0, 1, 0]",40.34,36.77,45.95,13.85,387432.95
SOC,13.12,5,"[0, 1, 0, 1, 0, 0, 1, 0, 1, 1]",14.07,13.15,31.69,4.12,3624832.1
BW,15.88,8,"[0, 1, 1, 1, 1, 1, 1, 0, 1, 1]",17.19,9.23,21.85,0.88,4348606.35
BSTZ,29.61,10,"[1, 1, 1, 1, 1, 1, 1, 1, 1, 1]",26.38,22.53,31.56,17.51,233767.85
NEOG,9.07,9,"[0, 1, 1, 1, 1, 1, 1, 1, 1, 1]",9.16,7.96,11.33,4.65,2849896.35
UTI,42.96,10,"[1, 1, 1, 1, 1, 1, 1, 1, 1, 1]",37.9,31.56,44.9,21.77,1549346.95
INBX,89.13,7,"[0, 1, 1, 1, 1, 1, 1, 0, 1, 0]",99.95,72.43,141.84,14.27,472617.85
AUPH,15.66,9,"[0, 1, 1, 1, 1, 1, 1, 1, 1, 1]",15.66,14.43,16.42,7.47,1317158.3
TSHA,5.43,8,"[0, 1, 1, 1, 1, 1, 1, 1, 1, 0]",5.73,4.77,6.98,2.31,2219330.45
GNL,9.47,10,"[1, 1, 1, 1, 1, 1, 1, 1, 1, 1]",9.35,8.52,9.76,6.41,2129780.8
MBX,29.0,6,"[0, 0, 1, 1, 1, 1, 1, 0, 1, 0]",32.06,27.67,43.14,9.73,684100.5
WSR,19.07,10,"[1, 1, 1, 1, 1, 1, 1, 1, 1, 1]",18.56,14.8,19.08,11.28,480088.0
ASTH,38.39,8,"[1, 1, 1, 1, 0, 1, 1, 1, 1, 0]",33.84,27.97,39.76,18.16,441628.2
LAC,4.56,3,"[0, 0, 0, 0, 0, 1, 1, 0, 1, 0]",4.88,5.01,10.05,2.53,13030584.25
IMAX,39.12,10,"[1, 1, 1, 1, 1, 1, 1, 1, 1, 1]",36.99,35.47,42.83,24.51,1113355.5
FIGS,11.58,6,"[0, 0, 1, 1, 1, 1, 1, 0, 1, 0]",13.71,11.09,17.12,5.03,3042074.4
MD,22.47,9,"[1, 1, 1, 1, 1, 1, 1, 1, 1, 0]",22.23,20.49,24.65,11.98,786116.05
NWL,4.21,6,"[1, 1, 1, 1, 0, 0, 1, 0, 1, 0]",3.83,4.15,6.05,2.94,8954668.9
PHVS,31.59,10,"[1, 1, 1, 1, 1, 1, 1, 1, 1, 1]",29.34,26.08,32.94,16.56,383451.1
PUMP,14.91,8,"[0, 1, 1, 1, 1, 1, 1, 1, 1, 0]",15.7,10.82,18.2,4.52,5420271.0
LC,17.11,9,"[1, 1, 1, 0, 1, 1, 1, 1, 1, 1]",16.26,16.95,21.58,10.46,1690135.3
AGM,181.59,9,"[1, 1, 1, 1, 0, 1, 1, 1, 1, 1]",170.01,169.13,204.24,139.0,135844.65
RAMP,37.49,10,"[1, 1, 1, 1, 1, 1, 1, 1, 1, 1]",31.14,28.41,37.83,22.42,2979825.95
LAR,8.63,7,"[0, 1, 1, 1, 1, 1, 1, 0, 1, 0]",9.27,6.38,11.79,1.91,2556461.9
STEL,37.64,10,"[1, 1, 1, 1, 1, 1, 1, 1, 1, 1]",37.25,33.69,39.54,26.1,303820.9
PRKS,42.04,8,"[1, 1, 1, 1, 0, 0, 1, 1, 1, 1]",36.14,39.8,55.21,29.73,1100109.35
SNDX,16.96,5,"[0, 0, 0, 1, 1, 1, 1, 0, 1, 0]",21.37,19.41,25.15,8.73,1772665.9
JBLU,4.76,3,"[0, 0, 0, 1, 0, 1, 0, 0, 1, 0]",4.95,4.9,6.46,4.01,24339414.7
ARCO,8.21,7,"[0, 1, 1, 1, 1, 1, 0, 1, 1, 0]",8.67,7.71,9.5,6.37,1346007.0
NEXA,12.49,7,"[0, 1, 1, 1, 1, 1, 1, 0, 1, 0]",13.9,9.62,16.72,4.66,1174500.85
AGRO,11.4,8,"[0, 1, 1, 1, 1, 1, 1, 1, 1, 0]",13.42,9.75,15.18,7.07,837211.0
HTZ,5.08,3,"[0, 0, 0, 1, 0, 0, 1, 0, 1, 0]",5.77,5.46,7.97,3.89,6788089.65
SPB,81.4,10,"[1, 1, 1, 1, 1, 1, 1, 1, 1, 1]",79.11,65.37,84.9,49.33,391098.1
BLX,56.04,10,"[1, 1, 1, 1, 1, 1, 1, 1, 1, 1]",54.03,47.38,56.95,38.29,169854.7
MESO,13.8,2,"[0, 0, 0, 0, 0, 0, 1, 0, 1, 0]",15.05,16.28,20.96,10.16,176449.0
OCS,10.71,4,"[0, 0, 0, 1, 1, 1, 0, 0, 1, 0]",26.15,23.05,32.65,10.71,1190592.5
ANIP,80.13,4,"[1, 0, 0, 0, 0, 1, 0, 1, 1, 0]",79.29,83.48,98.81,62.12,372921.65
PGNY,25.92,9,"[1, 1, 1, 0, 1, 1, 1, 1, 1, 1]",20.66,21.96,28.42,16.3,1648684.4
INVX,28.85,10,"[1, 1, 1, 1, 1, 1, 1, 1, 1, 1]",27.19,23.17,31.05,15.08,450113.75
CASH,80.39,5,"[0, 0, 0, 1, 1, 1, 0, 1, 1, 0]",87.37,80.72,99.93,66.39,194678.95
RAPP,36.68,9,"[1, 1, 1, 1, 1, 1, 1, 1, 1, 0]",35.84,29.06,39.93,10.88,273532.2
SNDA,33.49,7,"[0, 0, 1, 1, 1, 1, 1, 1, 1, 0]",35.27,31.76,38.78,23.92,670490.3
FIHL,22.08,10,"[1, 1, 1, 1, 1, 1, 1, 1, 1, 1]",21.02,19.04,23.65,14.51,512490.6
TPB,84.29,3,"[1, 0, 0, 0, 1, 0, 0, 0, 1, 0]",83.44,98.71,142.85,70.59,380298.15
VET,11.62,8,"[0, 1, 1, 1, 1, 1, 1, 1, 1, 0]",12.52,9.82,14.42,7.01,1446732.4
BORR,4.88,7,"[0, 1, 1, 1, 1, 1, 1, 0, 1, 0]",5.73,4.38,6.61,1.83,9342214.25
ECPG,80.3,9,"[1, 1, 1, 1, 1, 1, 1, 1, 1, 0]",79.58,59.09,84.41,35.97,302220.65
SONO,14.96,5,"[1, 0, 0, 0, 0, 1, 1, 1, 1, 0]",14.6,15.7,19.16,9.91,1589565.55
WBTN,11.67,3,"[0, 0, 0, 0, 0, 1, 1, 0, 1, 0]",11.75,13.49,21.31,8.17,391352.25
ADNT,22.33,7,"[1, 1, 1, 1, 0, 0, 1, 1, 1, 0]",21.45,22.01,27.09,16.47,949436.0
VRE,18.99,10,"[1, 1, 1, 1, 1, 1, 1, 1, 1, 1]",18.91,16.2,19.0,13.54,858985.0
UFPT,226.71,6,"[1, 1, 1, 0, 1, 0, 0, 1, 1, 0]",208.33,217.1,267.56,185.28,190836.3
CLVT,2.44,2,"[0, 0, 0, 0, 0, 0, 1, 0, 1, 0]",2.54,3.1,4.53,1.68,4613622.55
AIN,69.1,9,"[1, 1, 1, 1, 0, 1, 1, 1, 1, 1]",59.0,55.46,71.14,40.8,239117.8
CTS,65.21,10,"[1, 1, 1, 1, 1, 1, 1, 1, 1, 1]",57.39,48.15,67.04,36.41,273836.95
VOYG,42.42,9,"[1, 1, 1, 1, 0, 1, 1, 1, 1, 1]",33.4,29.63,56.48,17.99,2781644.15
ZYME,23.93,8,"[0, 0, 1, 1, 1, 1, 1, 1, 1, 1]",25.9,22.48,28.56,12.02,716628.35
CAPR,26.16,7,"[0, 1, 1, 1, 1, 1, 1, 0, 1, 0]",31.25,20.59,35.34,4.6,872767.65
PSIX,39.85,1,"[0, 0, 0, 0, 0, 0, 0, 0, 1, 0]",59.99,72.02,115.78,36.36,1253993.55
LOB,37.63,8,"[1, 1, 1, 1, 0, 1, 1, 1, 1, 0]",36.46,35.71,41.68,27.44,220389.5
XPRO,16.94,10,"[1, 1, 1, 1, 1, 1, 1, 1, 1, 1]",16.51,14.91,18.39,8.27,1015406.4
PVLA,105.25,6,"[0, 0, 1, 1, 1, 1, 1, 0, 1, 0]",120.79,95.44,148.34,20.51,230940.9
FLNG,29.7,8,"[0, 1, 1, 1, 1, 1, 1, 1, 1, 0]",30.47,26.17,32.46,19.62,502759.4
SFL,11.0,8,"[0, 1, 1, 1, 1, 1, 1, 1, 1, 0]",11.24,8.96,12.57,6.59,1503412.7
CYD,56.56,10,"[1, 1, 1, 1, 1, 1, 1, 1, 1, 1]",46.74,41.53,59.71,18.61,235389.6
TILE,30.5,9,"[1, 1, 1, 0, 1, 1, 1, 1, 1, 1]",27.79,28.31,34.79,19.99,584247.75
PCT,12.02,7,"[1, 1, 1, 1, 0, 0, 1, 0, 1, 1]",8.85,9.96,16.92,5.06,5292493.2
LPG,43.2,10,"[1, 1, 1, 1, 1, 1, 1, 1, 1, 1]",38.15,30.41,47.72,20.37,749571.75
TE,9.13,10,"[1, 1, 1, 1, 1, 1, 1, 1, 1, 1]",6.48,5.45,12.04,1.16,48554426.6
VRDN,15.73,2,"[0, 0, 0, 0, 1, 0, 0, 0, 1, 0]",16.19,24.25,33.78,13.3,1904158.75
NRIX,15.64,5,"[0, 0, 1, 0, 1, 1, 1, 0, 1, 0]",16.34,14.79,21.47,8.24,2156617.35
QURE,27.0,6,"[1, 1, 1, 0, 0, 1, 1, 0, 1, 0]",21.59,26.89,70.59,9.03,1669682.4
DV,10.26,2,"[1, 0, 0, 0, 0, 0, 0, 0, 1, 0]",10.2,11.03,16.27,8.61,3492392.9
FIVN,23.15,8,"[1, 1, 1, 1, 0, 0, 1, 1, 1, 1]",19.25,20.34,29.56,13.61,3471598.7
INVA,22.33,8,"[0, 1, 1, 1, 1, 1, 1, 1, 1, 0]",22.89,20.96,24.24,16.67,931397.6
SILA,30.27,10,"[1, 1, 1, 1, 1, 1, 1, 1, 1, 1]",28.3,24.63,30.27,21.4,562308.5
OPRA,18.11,8,"[1, 1, 1, 1, 0, 1, 1, 1, 1, 0]",17.16,15.39,20.08,11.79,338886.3
ARDX,5.54,4,"[0, 0, 0, 0, 1, 1, 1, 0, 1, 0]",6.18,6.14,7.99,3.55,3062076.8
POET,12.28,9,"[1, 1, 1, 1, 1, 1, 1, 0, 1, 1]",10.44,7.29,20.57,3.96,56061351.7
NUVB,4.8,6,"[1, 0, 0, 0, 1, 1, 1, 0, 1, 1]",4.69,5.24,9.54,1.71,4106326.8
PEB,16.84,10,"[1, 1, 1, 1, 1, 1, 1, 1, 1, 1]",14.3,12.24,16.89,8.93,1913750.6
NTLA,13.49,6,"[0, 1, 1, 1, 0, 1, 1, 0, 1, 0]",13.64,13.36,27.98,8.04,6185455.1
NVAX,8.62,8,"[0, 1, 1, 1, 1, 1, 1, 1, 1, 0]",8.9,8.41,11.19,6.22,5646788.6
SKYT,36.85,10,"[1, 1, 1, 1, 1, 1, 1, 1, 1, 1]",33.26,24.22,39.91,8.19,1221877.75
ARLO,12.67,1,"[0, 0, 0, 0, 0, 0, 0, 0, 1, 0]",13.76,14.81,19.44,11.23,1447263.4
PRLB,76.14,10,"[1, 1, 1, 1, 1, 1, 1, 1, 1, 1]",66.81,56.92,78.25,37.61,203642.4
DCOM,38.15,10,"[1, 1, 1, 1, 1, 1, 1, 1, 1, 1]",36.13,31.74,38.15,24.98,278289.75
GLUE,17.0,6,"[0, 0, 1, 1, 1, 1, 1, 0, 1, 0]",18.51,15.33,25.31,4.19,897027.4
AMLX,13.01,5,"[0, 0, 0, 1, 1, 1, 1, 0, 1, 0]",15.22,13.84,18.36,5.02,1189013.65
CLOV,3.92,9,"[1, 1, 1, 1, 0, 1, 1, 1, 1, 1]",2.82,2.62,4.18,1.7,8166402.65
REX,44.79,8,"[0, 1, 1, 1, 1, 1, 1, 1, 1, 0]",47.05,36.83,51.16,21.9,188884.7
STBA,45.95,10,"[1, 1, 1, 1, 1, 1, 1, 1, 1, 1]",43.76,40.31,45.95,33.76,247516.3
KOS,2.91,10,"[1, 1, 1, 1, 1, 1, 1, 1, 1, 1]",2.89,1.92,3.27,0.87,11475462.3
KSS,16.22,6,"[1, 0, 0, 0, 1, 1, 1, 0, 1, 1]",13.87,16.48,24.34,7.92,6239247.1
IOVA,4.0,9,"[1, 1, 1, 1, 1, 1, 1, 0, 1, 1]",3.7,2.91,5.41,1.69,13709882.3
PAHC,31.76,5,"[0, 0, 0, 1, 1, 1, 1, 0, 1, 0]",45.93,43.25,59.33,23.58,443980.95
OUST,40.88,9,"[1, 1, 1, 1, 0, 1, 1, 1, 1, 1]",29.45,26.37,47.09,15.19,5942169.5
STGW,6.44,8,"[0, 1, 1, 1, 1, 1, 1, 1, 1, 0]",6.55,5.68,7.39,4.29,1547020.1
BAND,68.84,10,"[1, 1, 1, 1, 1, 1, 1, 1, 1, 1]",39.71,21.26,73.19,12.82,1137810.3
NVRI,19.88,10,"[1, 1, 1, 1, 1, 1, 1, 1, 1, 1]",19.35,16.64,20.06,8.27,2205353.85
ABCL,5.42,9,"[1, 1, 1, 1, 0, 1, 1, 1, 1, 1]",4.47,4.22,6.46,2.51,8969040.25
HOPE,12.67,10,"[1, 1, 1, 1, 1, 1, 1, 1, 1, 1]",12.17,11.18,12.77,9.37,782351.0
AMRC,27.76,3,"[0, 0, 0, 0, 0, 1, 1, 0, 1, 0]",29.14,31.21,43.23,14.37,707476.55
TFIN,71.26,10,"[1, 1, 1, 1, 1, 1, 1, 1, 1, 1]",65.46,60.67,72.16,46.95,225840.15
HCSG,20.53,9,"[1, 1, 1, 1, 1, 1, 1, 1, 1, 0]",20.45,18.84,23.06,12.69,589257.1
DCH,6.28,5,"[1, 0, 0, 0, 1, 1, 1, 0, 1, 0]",6.08,6.39,9.0,4.08,4467985.45
XHR,18.33,10,"[1, 1, 1, 1, 1, 1, 1, 1, 1, 1]",16.36,14.65,18.39,11.51,727026.45
WLFC,185.64,8,"[0, 1, 1, 1, 1, 1, 1, 1, 1, 0]",191.49,161.85,238.45,114.62,138456.05
GBX,47.23,5,"[0, 0, 0, 1, 1, 1, 0, 1, 1, 0]",49.25,47.99,58.47,40.45,368144.9
LILAK,7.66,5,"[0, 0, 0, 1, 0, 1, 1, 1, 1, 0]",8.2,8.08,8.94,5.24,875935.5
LILA,7.63,5,"[0, 0, 0, 1, 0, 1, 1, 1, 1, 0]",8.05,7.96,8.87,5.13,486048.05
ZD,46.6,10,"[1, 1, 1, 1, 1, 1, 1, 1, 1, 1]",44.42,38.12,48.23,26.51,570767.55
ECVT,12.9,8,"[0, 1, 1, 1, 1, 1, 1, 1, 1, 0]",13.78,10.75,14.97,7.6,1970603.55
VIR,8.45,8,"[0, 1, 1, 1, 1, 1, 1, 1, 1, 0]",9.52,7.3,11.09,4.28,1632150.3
AHCO,9.65,4,"[0, 0, 0, 1, 1, 1, 0, 0, 1, 0]",11.54,10.17,13.38,8.3,1310875.05
KW,11.0,9,"[1, 1, 1, 1, 1, 1, 1, 1, 1, 0]",10.94,9.67,11.04,6.19,1286809.65
ALGT,82.31,6,"[1, 0, 1, 0, 1, 1, 1, 0, 1, 0]",81.89,78.91,114.79,48.12,665594.2
TRS,39.77,8,"[1, 1, 1, 1, 0, 1, 1, 1, 1, 0]",38.61,36.6,42.72,26.69,430071.65
CRML,10.11,5,"[0, 0, 0, 1, 1, 1, 1, 0, 1, 0]",10.74,10.47,29.97,1.41,9243459.7
TH,16.71,10,"[1, 1, 1, 1, 1, 1, 1, 1, 1, 1]",15.51,9.82,18.66,6.22,1609360.65
UAMY,7.81,5,"[0, 0, 0, 1, 1, 1, 1, 0, 1, 0]",9.56,8.17,17.47,1.97,10869600.0
IMTX,9.22,6,"[0, 0, 0, 1, 1, 1, 1, 1, 1, 0]",10.82,9.65,11.87,5.09,651809.3
GSL,37.84,8,"[0, 1, 1, 1, 1, 1, 1, 1, 1, 0]",38.58,34.44,41.64,23.59,399377.2
YELP,22.96,1,"[0, 0, 0, 0, 0, 0, 0, 0, 1, 0]",25.37,27.98,37.2,19.78,1450365.0
CNOB,31.15,10,"[1, 1, 1, 1, 1, 1, 1, 1, 1, 1]",28.87,26.38,31.15,21.28,299017.4
RES,7.12,10,"[1, 1, 1, 1, 1, 1, 1, 1, 1, 1]",7.1,5.83,7.95,4.15,1463485.45
BY,33.91,10,"[1, 1, 1, 1, 1, 1, 1, 1, 1, 1]",32.75,30.13,33.91,24.47,204807.9
NVGS,22.02,9,"[1, 1, 1, 1, 1, 1, 1, 1, 1, 0]",21.53,18.42,24.22,13.89,439391.7
PGEN,3.57,5,"[0, 0, 0, 1, 1, 1, 1, 0, 1, 0]",4.08,4.02,5.21,1.42,4748364.95
BHVN,11.12,5,"[1, 1, 0, 0, 0, 0, 1, 0, 1, 1]",9.8,11.7,18.11,7.79,2609664.5
TNC,85.31,8,"[1, 1, 1, 1, 0, 1, 1, 1, 1, 0]",80.18,76.53,87.18,60.69,147721.6
HLF,11.34,4,"[0, 0, 0, 0, 1, 1, 1, 0, 1, 0]",14.33,13.04,19.96,7.75,1580344.2
SHLS,10.88,10,"[1, 1, 1, 1, 1, 1, 1, 1, 1, 1]",8.67,8.43,12.77,4.25,5593058.6
ATAI,3.81,4,"[0, 0, 0, 1, 0, 1, 1, 0, 1, 0]",4.14,4.31,6.45,2.02,5036250.75
BCAX,20.1,8,"[0, 1, 1, 1, 1, 1, 1, 1, 1, 0]",21.6,17.48,24.01,8.71,569874.75
GCT,31.71,5,"[0, 0, 0, 1, 1, 1, 1, 0, 1, 0]",41.56,36.73,51.8,17.69,761951.3
AIP,35.26,10,"[1, 1, 1, 1, 1, 1, 1, 1, 1, 1]",28.11,17.58,37.94,7.94,1268757.6
GHRS,20.12,9,"[1, 1, 1, 1, 1, 1, 1, 1, 1, 0]",19.77,15.66,24.87,11.68,259272.9
SBET,5.52,1,"[0, 0, 0, 0, 0, 0, 0, 0, 1, 0]",6.75,10.39,37.38,5.19,7794852.95
GILT,14.56,5,"[0, 0, 0, 1, 1, 1, 1, 0, 1, 0]",17.23,14.77,20.85,6.03,1232389.55
AVAH,6.64,3,"[0, 0, 0, 0, 0, 1, 1, 0, 1, 0]",6.79,7.99,10.27,3.74,1996347.5
CBL,48.01,10,"[1, 1, 1, 1, 1, 1, 1, 1, 1, 1]",44.6,36.13,48.49,23.36,237842.4
BKSY,34.28,7,"[0, 1, 1, 1, 1, 1, 1, 0, 1, 0]",37.48,25.41,51.63,10.89,2626986.75
FTRE,16.57,9,"[1, 1, 1, 0, 1, 1, 1, 1, 1, 1]",12.3,12.16,18.4,4.45,1259729.95
NSSC,35.01,3,"[0, 0, 0, 0, 1, 1, 0, 0, 1, 0]",40.47,41.25,47.06,27.07,411740.65
DMRA,20.91,6,"[0, 0, 1, 1, 1, 1, 1, 0, 1, 0]",24.87,19.7,34.14,2.58,354824.45
PRG,35.85,8,"[1, 1, 1, 1, 0, 1, 1, 1, 1, 0]",32.79,31.79,40.14,25.95,412571.9
OBK,48.27,10,"[1, 1, 1, 1, 1, 1, 1, 1, 1, 1]",45.63,39.85,48.27,31.99,129079.4
MUX,18.39,5,"[0, 0, 0, 1, 1, 1, 1, 0, 1, 0]",22.41,20.4,29.05,9.05,971893.5
PRCT,28.35,4,"[1, 0, 0, 0, 0, 0, 1, 0, 1, 1]",25.57,30.62,64.23,21.71,1474343.6
NBR,99.87,10,"[1, 1, 1, 1, 1, 1, 1, 1, 1, 1]",93.54,65.25,110.63,27.43,273551.0
MAZE,23.58,4,"[0, 0, 0, 0, 1, 1, 1, 0, 1, 0]",26.54,33.39,51.83,10.33,454332.45
ENVX,7.32,5,"[1, 1, 0, 0, 0, 0, 1, 0, 1, 1]",6.58,7.93,15.93,4.84,9207601.25
TBLA,4.53,9,"[1, 1, 1, 1, 1, 1, 1, 1, 1, 0]",4.17,3.77,5.25,2.95,2828658.15
URGN,27.25,9,"[1, 1, 1, 1, 1, 1, 1, 1, 1, 0]",24.81,21.65,31.33,7.02,731689.7
NNE,25.85,3,"[1, 0, 0, 0, 0, 0, 1, 0, 1, 0]",24.72,31.45,56.63,19.0,2965579.65
HROW,33.1,2,"[0, 0, 0, 0, 1, 0, 0, 0, 1, 0]",36.14,41.19,54.8,29.03,1113042.25
HLX,9.74,9,"[0, 1, 1, 1, 1, 1, 1, 1, 1, 1]",9.79,7.92,10.55,5.7,1490057.05
LINC,46.45,10,"[1, 1, 1, 1, 1, 1, 1, 1, 1, 1]",44.26,29.9,52.02,17.8,570430.25
RYZ,27.72,10,"[1, 1, 1, 1, 1, 1, 1, 1, 1, 1]",25.54,24.35,30.34,18.75,423770.8
HLIT,14.09,10,"[1, 1, 1, 1, 1, 1, 1, 1, 1, 1]",11.92,10.48,17.11,8.35,5383186.55
TROX,7.3,7,"[0, 1, 1, 1, 1, 1, 1, 0, 1, 0]",8.89,5.98,10.42,2.84,2967938.35
VIA,14.91,2,"[0, 0, 0, 0, 1, 0, 0, 0, 1, 0]",15.6,14.91,53.93,13.31,821366.15
LIND,21.39,10,"[1, 1, 1, 1, 1, 1, 1, 1, 1, 1]",19.59,16.01,22.98,10.6,802860.75
IPX,36.32,3,"[1, 0, 0, 0, 0, 0, 1, 0, 1, 0]",34.36,40.61,60.11,21.98,243913.75
WVE,5.7,2,"[0, 0, 0, 0, 1, 0, 0, 0, 1, 0]",6.86,9.95,21.31,5.69,4078459.6
PLTK,3.05,2,"[0, 0, 0, 0, 1, 0, 0, 0, 1, 0]",3.4,3.52,4.74,2.72,1217593.0
KALV,26.99,10,"[1, 1, 1, 1, 1, 1, 1, 1, 1, 1]",23.69,16.7,26.99,10.76,3276284.8
AVBP,30.5,10,"[1, 1, 1, 1, 1, 1, 1, 1, 1, 1]",28.29,22.95,33.09,16.95,555681.7
OLPX,2.03,8,"[0, 1, 1, 1, 1, 1, 1, 1, 1, 0]",2.03,1.53,2.06,1.01,4307583.55
RLJ,10.51,10,"[1, 1, 1, 1, 1, 1, 1, 1, 1, 1]",8.66,7.62,10.6,6.34,2154794.9
LOMA,10.99,5,"[0, 0, 1, 0, 1, 0, 1, 1, 1, 0]",11.18,10.64,13.12,7.13,491156.55
TV,2.63,5,"[0, 0, 0, 0, 1, 1, 1, 1, 1, 0]",2.88,2.87,3.44,1.99,1036801.8
SBH,12.69,3,"[0, 0, 0, 0, 0, 1, 1, 0, 1, 0]",13.43,14.7,17.0,8.48,1660164.0
CSIQ,17.04,5,"[1, 0, 0, 0, 1, 1, 1, 0, 1, 0]",15.94,18.16,33.58,9.51,3510384.2
RXT,4.51,8,"[1, 1, 1, 1, 1, 1, 1, 0, 1, 0]",3.01,1.7,7.29,0.41,26952490.1
GIII,34.92,10,"[1, 1, 1, 1, 1, 1, 1, 1, 1, 1]",30.49,28.92,34.92,20.4,590806.4
TTI,9.92,10,"[1, 1, 1, 1, 1, 1, 1, 1, 1, 1]",9.54,8.48,12.32,3.06,1579831.4
KDK,6.44,2,"[0, 0, 0, 0, 1, 0, 0, 0, 1, 0]",7.96,6.44,10.92,5.57,882290.9
STAA,29.96,9,"[1, 1, 1, 1, 0, 1, 1, 1, 1, 1]",26.84,24.34,33.34,16.1,1083350.6
TWO,12.36,9,"[1, 1, 1, 1, 1, 1, 1, 1, 1, 0]",11.78,10.36,13.68,8.64,1952180.4
ARRY,7.84,3,"[0, 0, 0, 0, 0, 1, 1, 0, 1, 0]",8.02,8.64,11.96,5.48,5451826.85
BAK,3.53,6,"[0, 0, 1, 1, 1, 1, 1, 0, 1, 0]",3.95,3.42,5.02,2.38,2424308.0
TDOC,7.08,5,"[1, 1, 1, 0, 0, 0, 1, 0, 1, 0]",6.25,6.8,9.46,4.47,4325935.35
WLDN,98.51,6,"[1, 1, 1, 0, 0, 0, 1, 0, 1, 1]",83.73,98.05,134.94,55.82,434225.4
CRVS,11.15,5,"[0, 0, 0, 1, 1, 1, 1, 0, 1, 0]",14.3,11.6,25.52,3.73,1899635.85
CRI,39.16,10,"[1, 1, 1, 1, 1, 1, 1, 1, 1, 1]",36.29,33.28,43.75,22.91,893900.05
PLSE,24.84,10,"[1, 1, 1, 1, 1, 1, 1, 1, 1, 1]",22.61,18.24,27.1,12.66,407749.6
OLMA,9.96,4,"[0, 0, 0, 0, 1, 1, 1, 0, 1, 0]",14.31,16.89,35.83,4.01,1424280.45
TEN,36.83,8,"[0, 1, 1, 1, 1, 1, 1, 1, 1, 0]",40.25,29.45,44.47,17.06,333899.05
WBI,29.66,7,"[1, 1, 0, 1, 0, 0, 1, 1, 1, 1]",28.36,29.66,31.11,18.69,594540.2
ATLC,85.89,10,"[1, 1, 1, 1, 1, 1, 1, 1, 1, 1]",74.11,63.06,90.0,47.96,108358.45
JBIO,14.98,6,"[0, 0, 1, 1, 1, 1, 1, 0, 1, 0]",21.1,14.33,26.85,6.76,944473.2
GPRE,14.91,8,"[0, 1, 1, 1, 1, 1, 1, 1, 1, 0]",16.24,12.55,18.25,4.25,1489793.35
RCAT,12.46,9,"[1, 1, 1, 1, 1, 1, 1, 0, 1, 1]",11.82,11.38,17.36,6.14,19127909.95
MRTN,18.09,10,"[1, 1, 1, 1, 1, 1, 1, 1, 1, 1]",15.27,12.47,18.09,9.31,912764.95
EVLV,5.82,2,"[0, 0, 0, 1, 0, 0, 0, 0, 1, 0]",6.4,6.72,8.76,4.9,3396244.0
NPKI,14.88,8,"[0, 1, 1, 1, 1, 1, 1, 1, 1, 0]",15.01,13.17,16.35,8.24,824110.5
ABTC,0.9,1,"[0, 0, 0, 0, 0, 0, 0, 0, 1, 0]",1.08,3.0,9.31,0.79,11914065.55
DQ,15.57,1,"[0, 0, 0, 0, 0, 0, 0, 0, 1, 0]",19.53,25.45,35.69,13.89,910519.3
AMAL,42.7,10,"[1, 1, 1, 1, 1, 1, 1, 1, 1, 1]",41.07,34.34,43.42,24.92,117417.0
VTOL,43.0,9,"[0, 1, 1, 1, 1, 1, 1, 1, 1, 1]",45.48,41.23,49.86,30.8,198087.5
PGY,15.28,4,"[1, 0, 0, 0, 0, 0, 1, 0, 1, 1]",13.59,21.37,43.81,10.64,3885508.8
NAT,5.31,8,"[0, 1, 1, 1, 1, 1, 1, 1, 1, 0]",5.64,4.27,6.18,2.53,3276039.65
PNTG,31.38,8,"[0, 1, 1, 1, 1, 1, 1, 1, 1, 0]",32.05,28.96,36.9,22.07,268515.7
MRVI,5.04,10,"[1, 1, 1, 1, 1, 1, 1, 1, 1, 1]",3.88,3.4,5.04,2.01,2816213.7
NSP,34.72,5,"[1, 1, 0, 0, 0, 0, 1, 0, 1, 1]",30.42,35.58,58.34,19.54,663197.0
MLTX,18.0,6,"[1, 1, 0, 1, 0, 0, 1, 0, 1, 1]",17.72,20.29,61.99,6.24,964481.75
BLDP,5.16,10,"[1, 1, 1, 1, 1, 1, 1, 1, 1, 1]",3.97,2.99,6.38,1.4,13139814.2
UFCS,45.24,9,"[1, 1, 1, 1, 1, 1, 1, 1, 1, 0]",42.3,36.4,48.98,25.74,137831.75
REAL,9.2,4,"[0, 0, 0, 0, 1, 1, 1, 0, 1, 0]",10.31,11.77,16.9,4.79,3189475.45
JKS,19.61,3,"[0, 0, 0, 0, 1, 1, 0, 0, 1, 0]",23.23,25.05,30.58,17.81,903077.35
AORT,20.39,1,"[0, 0, 0, 0, 0, 0, 0, 0, 1, 0]",30.41,39.26,47.63,20.12,789649.55
KMTS,19.74,4,"[0, 0, 0, 0, 1, 1, 1, 0, 1, 0]",20.67,23.19,28.01,14.46,293196.3
ASTE,51.36,7,"[0, 0, 1, 1, 1, 1, 1, 1, 1, 0]",54.8,50.23,64.85,37.5,208262.4
COLL,33.27,2,"[0, 0, 0, 0, 1, 0, 0, 0, 1, 0]",33.89,39.49,49.84,29.18,394793.7
TK,11.58,8,"[0, 1, 1, 1, 1, 1, 1, 1, 1, 0]",11.96,9.75,13.09,6.66,691198.25
VSTS,12.46,10,"[1, 1, 1, 1, 1, 1, 1, 1, 1, 1]",10.27,7.15,13.24,4.06,2128264.2
DLX,22.74,5,"[0, 0, 0, 1, 1, 1, 1, 0, 1, 0]",26.66,22.98,31.5,13.97,496891.1
CCO,2.4,10,"[1, 1, 1, 1, 1, 1, 1, 1, 1, 1]",2.39,2.04,2.41,1.02,5124012.9
ULCC,5.99,8,"[1, 1, 1, 0, 0, 1, 1, 1, 1, 1]",4.52,4.6,6.52,3.1,4448950.35
ITRN,63.66,10,"[1, 1, 1, 1, 1, 1, 1, 1, 1, 1]",57.51,44.31,66.37,31.01,165575.1
ELE,15.37,4,"[0, 0, 0, 0, 1, 1, 1, 0, 1, 0]",18.09,17.66,24.21,10.44,282976.1
ADTN,16.02,10,"[1, 1, 1, 1, 1, 1, 1, 1, 1, 1]",15.72,10.95,19.4,7.25,2748737.3
ACDC,7.24,9,"[1, 1, 1, 1, 1, 1, 1, 0, 1, 1]",6.82,5.09,10.53,3.19,1425621.15
XPEL,44.87,7,"[0, 0, 1, 0, 1, 1, 1, 1, 1, 1]",45.04,43.51,54.95,31.49,252018.15
PRCH,9.53,5,"[1, 1, 0, 1, 0, 0, 1, 0, 1, 0]",9.03,10.9,19.04,6.4,1512576.6
CMP,29.81,10,"[1, 1, 1, 1, 1, 1, 1, 1, 1, 1]",27.4,22.24,33.51,16.54,862579.4
NEO,10.95,9,"[1, 1, 1, 0, 1, 1, 1, 1, 1, 1]",8.79,9.84,13.22,4.84,1337365.15
MPLT,29.46,7,"[1, 1, 0, 1, 0, 0, 1, 1, 1, 1]",27.76,29.46,32.13,12.81,289888.55
AVNS,25.0,10,"[1, 1, 1, 1, 1, 1, 1, 1, 1, 1]",22.37,14.84,25.05,9.89,1398683.4
GOOS,9.91,1,"[0, 0, 0, 0, 0, 0, 0, 0, 1, 0]",10.81,12.36,15.24,9.32,811536.45
PRSU,44.6,10,"[1, 1, 1, 1, 1, 1, 1, 1, 1, 1]",41.71,37.08,45.48,27.21,234294.05
VYX,6.93,2,"[1, 0, 0, 0, 0, 0, 0, 0, 1, 0]",6.86,9.61,14.63,6.15,2244173.1
GOLD,40.46,6,"[0, 0, 1, 1, 1, 1, 1, 0, 1, 0]",42.84,37.43,63.6,20.22,519929.45
HQH,18.77,8,"[0, 1, 1, 1, 1, 1, 1, 1, 1, 0]",18.94,17.7,19.99,13.37,152639.2
EYPT,11.45,4,"[0, 0, 0, 0, 1, 1, 1, 0, 1, 0]",13.34,14.06,18.85,8.28,923233.85
EDN,25.88,4,"[0, 0, 0, 0, 1, 0, 1, 0, 1, 1]",26.4,26.35,35.71,15.01,175112.0
AOSL,44.2,9,"[1, 1, 1, 1, 0, 1, 1, 1, 1, 1]",37.68,27.3,53.32,17.47,1024981.2
ALNT,87.18,10,"[1, 1, 1, 1, 1, 1, 1, 1, 1, 1]",70.64,59.04,89.8,33.28,278029.5
GNK,24.02,9,"[1, 1, 1, 1, 1, 1, 1, 1, 1, 0]",23.87,19.74,26.7,12.27,375330.55
LQDT,36.65,10,"[1, 1, 1, 1, 1, 1, 1, 1, 1, 1]",34.26,29.99,37.23,22.16,162613.9
XERS,6.24,3,"[1, 0, 0, 0, 0, 0, 1, 0, 1, 0]",6.12,7.08,9.9,4.35,1462239.95
CDNA,21.95,10,"[1, 1, 1, 1, 1, 1, 1, 1, 1, 1]",20.37,17.92,23.12,11.57,681504.1
ZBIO,17.61,4,"[0, 0, 0, 0, 1, 1, 1, 0, 1, 0]",19.5,24.61,43.17,9.14,549835.45
EVEX,2.86,1,"[0, 0, 0, 0, 0, 0, 0, 0, 1, 0]",2.92,3.69,7.51,2.38,1081707.55
AMN,31.04,10,"[1, 1, 1, 1, 1, 1, 1, 1, 1, 1]",23.69,19.89,31.69,15.1,1275751.35
BUR,4.43,1,"[0, 0, 0, 0, 0, 0, 0, 0, 1, 0]",4.59,8.6,14.64,3.98,2999995.4
TDAY,7.85,10,"[1, 1, 1, 1, 1, 1, 1, 1, 1, 1]",7.37,5.7,8.17,3.29,1601901.1
ACVA,5.65,3,"[1, 0, 0, 0, 0, 0, 1, 0, 1, 0]",5.35,7.37,16.89,4.15,3407920.65
KODK,9.32,7,"[0, 1, 1, 1, 1, 1, 1, 0, 1, 0]",11.29,8.25,14.51,5.43,1221115.9
DBVT,16.0,5,"[0, 0, 0, 1, 1, 1, 1, 0, 1, 0]",19.72,17.33,24.54,8.51,230238.4
IVA,3.91,3,"[0, 0, 0, 0, 0, 1, 1, 0, 1, 0]",5.2,5.33,7.15,2.98,536383.3
ASST,15.21,3,"[1, 0, 0, 0, 0, 0, 1, 0, 1, 0]",14.78,29.06,178.2,7.16,5076549.0
UVE,36.57,8,"[0, 1, 1, 1, 1, 1, 1, 1, 1, 0]",36.99,32.0,41.1,22.38,175344.35
OSBC,21.71,10,"[1, 1, 1, 1, 1, 1, 1, 1, 1, 1]",20.94,19.47,21.86,16.38,337369.9
MNKD,3.39,3,"[1, 0, 0, 0, 0, 0, 1, 0, 1, 0]",3.0,4.56,6.21,2.28,5485239.95
GHM,95.34,9,"[1, 1, 1, 1, 1, 1, 1, 1, 1, 0]",94.25,72.67,107.96,44.66,284899.4
BFLY,4.78,10,"[1, 1, 1, 1, 1, 1, 1, 1, 1, 1]",4.56,3.37,5.53,1.33,4131485.25
NWPX,121.16,10,"[1, 1, 1, 1, 1, 1, 1, 1, 1, 1]",99.08,71.41,122.61,38.6,144090.05
LGIH,50.59,6,"[1, 1, 1, 0, 0, 0, 1, 0, 1, 1]",44.36,48.76,67.47,34.24,416952.4
SATL,6.99,7,"[0, 1, 1, 1, 1, 1, 1, 0, 1, 0]",7.63,4.14,10.74,1.27,10873301.2
IART,16.94,9,"[1, 1, 1, 1, 0, 1, 1, 1, 1, 1]",12.56,12.67,17.56,8.9,1017385.1
UVSP,40.93,10,"[1, 1, 1, 1, 1, 1, 1, 1, 1, 1]",37.7,33.28,40.93,27.36,177460.35
PBT,28.91,10,"[1, 1, 1, 1, 1, 1, 1, 1, 1, 1]",24.81,19.92,30.99,11.24,219038.75
RJET,17.41,3,"[0, 0, 0, 1, 0, 1, 0, 0, 1, 0]",19.76,19.77,25.35,13.65,209011.7
SEPN,30.41,10,"[1, 1, 1, 1, 1, 1, 1, 1, 1, 1]",26.16,23.89,31.37,10.11,328552.6
SVRA,5.06,5,"[0, 0, 1, 0, 1, 1, 1, 0, 1, 0]",5.3,5.0,6.94,2.04,1433777.65
SVC,1.54,2,"[0, 0, 0, 0, 0, 0, 1, 0, 1, 0]",1.55,2.01,2.99,1.17,8770960.15
TNDM,18.47,7,"[1, 0, 1, 0, 1, 1, 1, 0, 1, 1]",18.11,18.36,28.26,10.11,3024429.05
PDM,8.92,8,"[1, 1, 1, 0, 0, 1, 1, 1, 1, 1]",7.88,8.13,9.06,6.39,975355.3
ATEX,66.24,10,"[1, 1, 1, 1, 1, 1, 1, 1, 1, 1]",50.72,31.51,67.95,17.99,371487.2
PLOW,44.99,9,"[1, 1, 1, 1, 1, 1, 1, 1, 1, 0]",44.83,37.29,50.74,27.22,192345.05
RERE,4.12,4,"[0, 0, 0, 0, 1, 1, 1, 0, 1, 0]",4.61,4.78,6.2,2.6,1463372.55
APEI,51.85,8,"[0, 1, 1, 1, 1, 1, 1, 1, 1, 0]",55.68,43.27,60.86,26.04,258482.45
CEVA,45.66,9,"[1, 1, 1, 1, 0, 1, 1, 1, 1, 1]",31.34,25.2,50.06,17.21,1068462.5
INNV,7.37,7,"[0, 1, 1, 1, 1, 1, 1, 0, 1, 0]",7.76,6.39,10.6,3.13,298990.55
HTLD,16.18,10,"[1, 1, 1, 1, 1, 1, 1, 1, 1, 1]",12.83,10.1,16.18,7.05,619077.7
CFFN,7.9,10,"[1, 1, 1, 1, 1, 1, 1, 1, 1, 1]",7.6,6.81,7.9,5.45,692958.8
OMER,9.85,5,"[0, 0, 0, 1, 1, 1, 1, 0, 1, 0]",12.4,9.89,17.18,2.97,1871255.05
LXU,12.18,7,"[0, 1, 1, 1, 1, 1, 1, 0, 1, 0]",14.12,10.74,16.88,7.16,927737.1
GDRX,2.63,4,"[1, 1, 0, 0, 0, 0, 1, 0, 1, 0]",2.46,2.94,5.12,1.87,1684698.55
ODV,2.47,3,"[0, 0, 0, 0, 1, 1, 0, 0, 1, 0]",3.1,3.38,4.78,2.04,5524413.35
KOPN,5.47,10,"[1, 1, 1, 1, 1, 1, 1, 1, 1, 1]",4.15,2.99,6.39,1.52,10614100.75
DAKT,19.46,4,"[0, 0, 0, 0, 1, 1, 1, 0, 1, 0]",19.71,20.49,27.73,13.7,285059.65
INR,13.58,4,"[0, 0, 0, 1, 1, 1, 0, 0, 1, 0]",15.66,14.76,19.56,11.2,490507.1
EPC,20.28,5,"[0, 1, 1, 1, 0, 0, 0, 1, 1, 0]",20.5,19.77,26.51,15.8,955345.55
INDI,4.47,8,"[1, 1, 1, 1, 0, 1, 1, 0, 1, 1]",3.95,4.0,6.0,2.44,6312559.4
PHAT,10.0,3,"[0, 0, 0, 0, 1, 1, 0, 0, 1, 0]",11.63,12.83,18.08,7.83,1216863.65
CRON,2.77,10,"[1, 1, 1, 1, 1, 1, 1, 1, 1, 1]",2.66,2.61,3.27,1.86,1619909.8
JMIA,6.86,3,"[0, 0, 0, 0, 0, 1, 1, 0, 1, 0]",7.16,9.85,14.6,3.05,2356448.75
XNCR,11.41,4,"[0, 0, 0, 0, 1, 1, 1, 0, 1, 0]",12.14,12.7,18.14,7.0,699388.05
CMPS,11.73,10,"[1, 1, 1, 1, 1, 1, 1, 1, 1, 1]",9.13,6.91,14.19,2.35,4402748.05
METC,15.26,4,"[1, 0, 0, 0, 0, 0, 1, 0, 1, 1]",14.86,21.12,54.55,9.98,1677686.45
AMBQ,79.15,9,"[1, 1, 1, 1, 1, 0, 1, 1, 1, 1]",50.09,35.34,85.0,22.76,941755.35
NUTX,134.41,7,"[1, 1, 1, 0, 1, 1, 1, 0, 1, 0]",117.76,120.79,190.49,80.92,125200.8
CODI,10.37,8,"[0, 1, 1, 1, 1, 1, 1, 1, 1, 0]",10.89,7.58,12.48,4.65,845274.4
SANA,2.69,1,"[0, 0, 0, 0, 0, 0, 0, 0, 1, 0]",3.23,3.85,5.92,2.52,4663913.8
SCSC,48.15,9,"[1, 1, 1, 1, 0, 1, 1, 1, 1, 1]",41.57,40.9,48.15,34.27,253112.15
NX,16.0,4,"[0, 0, 0, 1, 1, 0, 1, 0, 1, 0]",18.82,17.02,22.45,11.14,406925.8
AVO,10.11,3,"[0, 0, 0, 1, 1, 0, 0, 0, 1, 0]",13.03,12.7,15.34,10.11,1219495.75
ANNX,5.12,6,"[0, 0, 1, 1, 1, 1, 1, 0, 1, 0]",5.65,4.62,6.96,2.05,2570504.1
SNCY,16.17,7,"[0, 1, 1, 1, 1, 1, 1, 0, 1, 0]",16.59,14.86,21.84,10.3,593412.35
AMTB,22.87,8,"[0, 1, 1, 1, 1, 1, 1, 1, 1, 0]",22.88,20.68,24.12,16.29,205609.05
ABSI,6.55,10,"[1, 1, 1, 1, 1, 1, 1, 1, 1, 1]",4.65,3.53,7.34,2.3,4659232.7
AMC,1.8,5,"[1, 1, 0, 0, 0, 0, 1, 0, 1, 1]",1.52,1.92,3.54,0.95,29982023.1
ORIC,7.53,1,"[0, 0, 0, 0, 0, 0, 0, 0, 1, 0]",9.33,10.77,14.41,7.47,1667651.25
RHLD,118.31,5,"[0, 0, 0, 0, 1, 1, 1, 0, 1, 1]",131.78,143.02,226.37,29.6,193637.65
TBN,34.4,7,"[0, 1, 1, 1, 1, 1, 1, 0, 1, 0]",36.85,28.87,49.99,18.16,255263.15
JBSS,75.45,8,"[0, 1, 1, 1, 1, 1, 1, 1, 1, 0]",77.86,71.2,82.27,57.6,128028.0
MGTX,9.09,8,"[0, 1, 1, 1, 1, 1, 1, 1, 1, 0]",9.54,8.32,11.29,6.31,820978.55
HEPS,2.73,5,"[0, 1, 1, 1, 0, 0, 0, 1, 1, 0]",2.73,2.67,3.29,2.18,387548.05
AGL,95.33,9,"[1, 1, 1, 1, 0, 1, 1, 1, 1, 1]",48.54,27.27,96.85,7.91,353742.75
HAFC,30.54,10,"[1, 1, 1, 1, 1, 1, 1, 1, 1, 1]",28.94,26.71,30.78,21.52,207268.35
SLS,7.98,10,"[1, 1, 1, 1, 1, 1, 1, 1, 1, 1]",5.99,3.67,9.31,1.39,11989064.05
BJRI,44.17,10,"[1, 1, 1, 1, 1, 1, 1, 1, 1, 1]",40.19,37.58,47.05,28.69,352220.05
CGEM,13.28,8,"[0, 1, 1, 1, 1, 1, 1, 1, 1, 0]",14.53,11.19,16.44,5.75,1112184.75
VPG,119.96,10,"[1, 1, 1, 1, 1, 1, 1, 1, 1, 1]",76.67,47.91,132.93,25.68,743785.6
SHEN,16.16,9,"[1, 1, 1, 1, 1, 1, 1, 1, 1, 0]",15.84,13.35,17.1,9.9,280431.75
ROOT,54.92,2,"[1, 0, 0, 0, 0, 0, 0, 0, 1, 0]",52.62,68.99,155.53,43.21,282163.05
GERN,1.13,3,"[0, 0, 0, 1, 1, 0, 0, 0, 1, 0]",1.46,1.4,1.95,1.07,13322692.45
VLRS,7.33,4,"[0, 0, 0, 0, 1, 1, 1, 0, 1, 0]",7.38,7.62,10.63,4.19,632456.3
LXRX,1.88,9,"[1, 1, 1, 1, 1, 1, 1, 1, 1, 0]",1.87,1.49,2.44,0.67,2910552.95
DSGN,10.46,7,"[0, 1, 1, 1, 1, 1, 1, 0, 1, 0]",12.38,9.37,15.79,3.37,1328026.55
HNRG,16.92,2,"[0, 0, 0, 0, 0, 1, 0, 0, 1, 0]",17.14,18.68,23.81,14.65,773685.45
NB,4.99,3,"[0, 0, 0, 0, 0, 1, 1, 0, 1, 0]",5.55,6.0,11.67,2.19,3865682.05
MATW,25.44,6,"[0, 0, 1, 1, 1, 1, 0, 1, 1, 0]",26.81,25.24,28.35,20.21,254150.05
TBPH,16.29,5,"[0, 0, 0, 0, 1, 1, 1, 1, 1, 0]",16.42,16.53,20.74,10.57,390283.55
BVS,8.95,8,"[0, 1, 1, 1, 1, 1, 1, 1, 1, 0]",9.65,8.13,10.94,6.14,717220.6
OMDA,17.88,6,"[1, 1, 1, 0, 0, 0, 1, 0, 1, 1]",14.96,17.46,26.78,10.94,1160807.2
SCHL,42.65,10,"[1, 1, 1, 1, 1, 1, 1, 1, 1, 1]",40.06,32.55,43.5,18.18,288673.9
TALK,5.21,10,"[1, 1, 1, 1, 1, 1, 1, 1, 1, 1]",5.19,3.95,5.23,2.27,1562639.5
ABX,8.71,8,"[0, 1, 1, 1, 1, 1, 1, 1, 1, 0]",8.92,7.7,10.31,4.5,514378.7
SPRY,8.99,4,"[1, 0, 0, 0, 0, 0, 1, 0, 1, 1]",8.32,9.52,18.35,6.73,1832762.95
CTMX,2.94,4,"[0, 0, 0, 0, 1, 1, 1, 0, 1, 0]",4.06,4.02,6.75,1.76,3421279.65
MYE,24.61,10,"[1, 1, 1, 1, 1, 1, 1, 1, 1, 1]",21.91,19.43,24.61,13.79,277157.85
ABUS,4.24,5,"[0, 0, 0, 0, 1, 1, 1, 1, 1, 0]",4.38,4.39,4.95,3.09,1471518.25
AEVA,23.09,8,"[1, 1, 1, 1, 0, 1, 1, 0, 1, 1]",18.03,15.57,37.79,9.19,2963256.55
KOP,41.22,9,"[1, 1, 1, 1, 1, 1, 1, 1, 1, 0]",39.84,32.43,43.89,26.16,203813.6
NBBK,20.04,6,"[0, 0, 1, 1, 1, 1, 0, 1, 1, 0]",20.53,19.82,22.56,15.84,205371.8
IBTA,32.09,5,"[0, 1, 1, 1, 0, 0, 1, 0, 1, 0]",33.54,27.45,46.44,19.25,229376.5
CRSR,8.69,7,"[1, 1, 1, 1, 0, 0, 1, 0, 1, 1]",7.29,6.87,12.14,4.58,4413903.4
KRO,6.51,8,"[0, 1, 1, 1, 1, 1, 1, 1, 1, 0]",6.84,5.67,7.82,4.21,269602.65
ODD,9.93,1,"[0, 0, 0, 0, 0, 0, 0, 0, 1, 0]",13.66,33.93,76.01,9.81,2012019.15
DRUG,65.28,5,"[0, 0, 0, 1, 1, 1, 1, 0, 1, 0]",82.5,72.05,95.99,23.27,353770.45
KURA,8.56,4,"[0, 0, 0, 0, 1, 1, 1, 0, 1, 0]",9.2,9.31,12.14,5.54,2268742.4
SCZM,6.34,4,"[0, 0, 0, 0, 1, 1, 1, 0, 1, 0]",8.33,8.41,16.16,2.72,582344.65
CVLG,44.53,10,"[1, 1, 1, 1, 1, 1, 1, 1, 1, 1]",33.55,26.04,44.53,17.94,204935.6
TSAT,44.77,8,"[0, 1, 1, 1, 1, 1, 1, 1, 1, 0]",48.43,33.91,58.51,16.76,269926.25
SG,7.51,7,"[1, 1, 1, 1, 0, 0, 1, 0, 1, 1]",7.13,6.98,16.26,4.7,7068641.9
VOR,13.29,3,"[0, 0, 0, 1, 0, 0, 1, 0, 1, 0]",15.21,19.01,53.4,3.64,819500.05
CTLP,11.2,7,"[1, 1, 1, 1, 0, 0, 0, 1, 1, 1]",10.74,10.69,11.2,9.39,1447159.6
WYFI,23.4,7,"[1, 1, 1, 1, 0, 0, 1, 0, 1, 1]",20.44,21.0,39.13,10.78,2139408.4
SABR,1.65,5,"[0, 1, 1, 1, 0, 0, 1, 0, 1, 0]",1.71,1.61,3.42,0.82,6963290.7
CGNT,9.06,7,"[0, 1, 1, 1, 1, 1, 1, 0, 1, 0]",9.69,8.79,12.24,6.34,891123.85
ETON,29.95,10,"[1, 1, 1, 1, 1, 1, 1, 1, 1, 1]",27.8,20.13,35.0,13.5,422768.35
ESPR,3.15,9,"[1, 1, 1, 0, 1, 1, 1, 1, 1, 1]",2.68,2.98,4.08,0.98,10883736.95
WEST,7.54,8,"[1, 1, 1, 1, 0, 1, 1, 1, 1, 0]",6.45,5.06,8.75,3.71,845316.75
EGBN,27.42,10,"[1, 1, 1, 1, 1, 1, 1, 1, 1, 1]",26.24,22.76,28.17,15.78,239459.55
GO,8.87,4,"[1, 0, 0, 0, 0, 0, 1, 0, 1, 1]",7.76,10.93,18.66,5.79,3681666.25
BIOA,15.51,6,"[0, 0, 1, 1, 1, 1, 1, 0, 1, 0]",17.2,13.46,22.92,4.12,419264.0
ASC,16.44,8,"[0, 1, 1, 1, 1, 1, 1, 1, 1, 0]",16.68,13.38,19.22,9.26,697900.5
ADAM,8.91,10,"[1, 1, 1, 1, 1, 1, 1, 1, 1, 1]",8.33,7.39,9.2,5.75,664656.0
DXYZ,39.23,7,"[0, 1, 1, 1, 1, 1, 1, 0, 1, 0]",39.62,30.55,71.24,20.82,7222901.35
SUPV,9.31,6,"[1, 0, 1, 0, 1, 0, 1, 0, 1, 1]",8.91,9.28,12.86,4.69,830455.75
NRGV,5.17,10,"[1, 1, 1, 1, 1, 1, 1, 1, 1, 1]",4.46,3.87,6.49,0.65,5605668.3
IMSR,7.4,4,"[1, 0, 0, 0, 0, 0, 1, 0, 1, 1]",7.32,10.24,27.1,5.53,3691156.4
ANRO,18.24,6,"[0, 0, 1, 1, 1, 1, 1, 0, 1, 0]",22.94,15.64,27.72,2.2,347986.75
KFRC,47.89,10,"[1, 1, 1, 1, 1, 1, 1, 1, 1, 1]",38.1,31.65,48.2,23.87,192552.7
CWH,6.83,1,"[0, 0, 0, 0, 0, 0, 0, 0, 1, 0]",7.13,11.11,18.74,5.8,2497673.4
ARKO,7.61,10,"[1, 1, 1, 1, 1, 1, 1, 1, 1, 1]",6.64,5.36,7.83,3.76,812497.45
IHRT,3.99,7,"[0, 1, 1, 1, 1, 1, 1, 0, 1, 0]",4.47,3.64,6.33,1.6,1545650.7
PSTL,22.78,9,"[1, 1, 1, 1, 1, 1, 1, 1, 1, 0]",21.52,17.57,24.22,13.16,327522.2
MTUS,19.65,10,"[1, 1, 1, 1, 1, 1, 1, 1, 1, 1]",18.33,17.75,21.51,14.01,298586.25
RLMD,5.72,7,"[0, 1, 1, 1, 1, 1, 1, 0, 1, 0]",7.07,4.38,7.86,0.54,1052486.1
CRESY,11.14,6,"[0, 0, 1, 0, 1, 1, 1, 1, 1, 0]",11.47,11.01,14.11,7.88,283470.95
CBLL,18.14,7,"[0, 0, 1, 1, 1, 1, 1, 1, 1, 0]",19.02,17.23,23.43,10.92,361079.15
LYTS,23.45,8,"[1, 1, 1, 1, 0, 1, 1, 1, 1, 0]",22.01,21.17,24.74,15.95,510387.85
NXDR,2.03,7,"[1, 1, 1, 0, 0, 1, 1, 0, 1, 1]",1.75,1.87,2.77,1.36,3174943.45
DSP,12.09,9,"[1, 1, 1, 1, 1, 0, 1, 1, 1, 1]",11.19,10.55,14.79,8.14,316839.9
PGC,44.73,10,"[1, 1, 1, 1, 1, 1, 1, 1, 1, 1]",40.74,32.26,44.73,24.59,108109.05
HZO,33.06,9,"[1, 1, 1, 1, 1, 1, 1, 1, 1, 0]",30.9,27.36,35.16,21.43,352550.55
ALLO,1.85,6,"[0, 0, 1, 1, 1, 1, 1, 0, 1, 0]",2.26,1.73,3.06,1.03,7342205.4
HSHP,14.34,9,"[1, 1, 1, 1, 1, 1, 1, 1, 1, 0]",14.27,10.64,16.09,5.6,316129.7
DRTS,9.28,10,"[1, 1, 1, 1, 1, 1, 1, 1, 1, 1]",8.62,6.08,11.18,2.9,1328529.3
FOXF,17.66,4,"[1, 1, 0, 0, 0, 0, 1, 0, 1, 0]",17.15,19.51,30.41,13.19,537998.0
WRLD,170.45,8,"[1, 1, 1, 1, 0, 0, 1, 1, 1, 1]",151.05,148.92,184.43,115.57,156640.4
PRAA,15.2,4,"[0, 0, 0, 1, 1, 0, 1, 0, 1, 0]",18.07,16.22,22.23,10.42,636878.2
NTGR,25.2,5,"[1, 1, 0, 1, 0, 1, 0, 0, 1, 0]",25.09,25.7,36.01,19.87,385216.0
HPK,7.84,7,"[1, 1, 1, 1, 0, 0, 1, 0, 1, 1]",6.78,6.12,11.77,3.89,847505.8
KRNT,15.65,6,"[1, 1, 1, 1, 1, 0, 0, 0, 1, 0]",15.64,14.59,22.75,12.31,397114.5
FCEL,15.5,9,"[1, 1, 1, 1, 1, 1, 1, 0, 1, 1]",13.98,9.22,26.38,3.92,12443916.75
EVER,19.3,3,"[1, 0, 0, 0, 0, 0, 1, 0, 1, 0]",17.36,20.96,27.87,14.27,694503.6
GFR,5.8,9,"[0, 1, 1, 1, 1, 1, 1, 1, 1, 1]",6.07,5.39,6.92,4.18,157648.5
LPTH,15.04,10,"[1, 1, 1, 1, 1, 1, 1, 1, 1, 1]",13.56,10.17,18.15,2.8,4539450.9
RMT,13.8,10,"[1, 1, 1, 1, 1, 1, 1, 1, 1, 1]",13.1,11.19,14.23,8.26,120383.15
SB,6.48,8,"[0, 1, 1, 1, 1, 1, 1, 1, 1, 0]",6.66,5.47,7.33,3.54,664958.95
HIVE,3.96,8,"[1, 1, 1, 1, 0, 1, 1, 0, 1, 1]",2.92,3.27,6.96,1.67,37336097.0
SLDB,6.41,7,"[0, 1, 1, 1, 1, 1, 1, 0, 1, 0]",7.39,6.22,8.63,3.93,1117750.0
GDOT,12.75,9,"[1, 1, 1, 1, 0, 1, 1, 1, 1, 1]",12.26,12.44,15.25,9.49,486615.15
MAKO,7.4,8,"[0, 1, 1, 1, 1, 1, 1, 1, 1, 0]",7.68,6.43,8.7,3.66,179037.35
MVST,1.23,1,"[0, 0, 0, 0, 0, 0, 0, 0, 1, 0]",1.64,2.9,6.4,1.2,6787473.5
EHAB,13.8,10,"[1, 1, 1, 1, 1, 1, 1, 1, 1, 1]",13.76,10.26,14.09,6.52,1047590.0
MITK,15.4,9,"[1, 1, 1, 1, 1, 1, 1, 1, 1, 0]",14.82,11.71,17.87,8.65,1240079.55
RDVT,53.49,8,"[1, 1, 1, 0, 0, 1, 1, 1, 1, 1]",43.81,48.21,59.42,34.4,192871.3
KRUS,44.76,1,"[0, 0, 0, 0, 0, 0, 0, 0, 1, 0]",56.57,61.71,95.83,42.67,383670.15
MRLN,7.89,2,"[0, 0, 0, 0, 0, 0, 1, 0, 1, 0]",9.12,10.22,16.09,5.98,3680196.1
BLMN,7.07,7,"[1, 1, 1, 1, 0, 1, 1, 0, 1, 0]",6.88,6.81,10.32,5.26,2244471.0
IRWD,3.29,6,"[0, 0, 1, 1, 1, 1, 1, 0, 1, 0]",3.85,3.17,5.39,0.59,2345544.9
HUYA,2.49,1,"[0, 0, 0, 0, 0, 0, 0, 0, 1, 0]",3.0,3.25,4.88,2.05,1593284.35
SLDP,2.95,2,"[0, 0, 0, 0, 0, 0, 1, 0, 1, 0]",3.18,4.32,8.51,1.57,6737272.45
ACRS,4.36,9,"[1, 1, 1, 1, 1, 1, 1, 1, 1, 0]",4.36,3.14,5.09,1.39,1264146.9
HRTG,21.53,3,"[0, 0, 0, 0, 1, 1, 0, 0, 1, 0]",25.34,26.02,31.14,19.02,563504.3
CYRX,15.48,10,"[1, 1, 1, 1, 1, 1, 1, 1, 1, 1]",11.85,9.92,16.5,6.37,940682.65
CTO,20.62,10,"[1, 1, 1, 1, 1, 1, 1, 1, 1, 1]",19.91,17.8,20.85,14.65,424354.15
ASPI,6.83,5,"[1, 1, 0, 0, 0, 0, 1, 0, 1, 1]",5.59,7.01,14.05,4.07,6643194.75
OXM,44.52,8,"[1, 1, 1, 1, 0, 1, 1, 1, 1, 0]",42.44,38.7,51.5,30.74,325213.05
GRPN,16.18,5,"[1, 1, 0, 1, 0, 0, 1, 0, 1, 0]",15.55,17.16,37.37,9.64,1995309.1
ALRS,29.1,10,"[1, 1, 1, 1, 1, 1, 1, 1, 1, 1]",26.44,23.52,29.1,19.88,174377.35
LAES,3.22,5,"[1, 0, 0, 0, 0, 1, 1, 0, 1, 1]",2.9,3.96,7.65,2.09,17430320.75
