ticker,price,score,points,sma50,sma200,wk52_high,wk52_low,volume
NVDA,,1,"[0, 0, 0, 0, 0, 0, 0, 0, 1, 0]",,,235.2,164.79,126463140.15
GOOGL,,1,"[0, 0, 0, 0, 0, 0, 0, 0, 1, 0]",,,402.12,235.96,26970910.7
GOOG,,1,"[0, 0, 0, 0, 0, 0, 0, 0, 1, 0]",,,398.54,236.87,17754624.65
AAPL,,1,"[0, 0, 0, 0, 0, 0, 0, 0, 1, 0]",,,339.79,244.37,42997737.95
AMZN,,1,"[0, 0, 0, 0, 0, 0, 0, 0, 1, 0]",,,284.02,198.79,35414238.8
AVGO,,1,"[0, 0, 0, 0, 0, 0, 0, 0, 1, 0]",,,479.94,292.41,27651592.5
TSM,,1,"[0, 0, 0, 0, 0, 0, 0, 0, 1, 0]",,,476.29,270.37,10048951.05
TSLA,,1,"[0, 0, 0, 0, 0, 0, 0, 0, 1, 0]",,,489.88,298.32,38858277.9
WMT,,1,"[0, 0, 0, 0, 0, 0, 0, 0, 1, 0]",,,133.88,99.77,23139250.6
LLY,,1,"[0, 0, 0, 0, 0, 0, 0, 0, 1, 0]",,,1280.34,710.11,2410961.2
MU,,1,"[0, 0, 0, 0, 0, 0, 0, 0, 1, 0]",,,1213.37,156.58,25393719.5
AMD,,1,"[0, 0, 0, 0, 0, 0, 0, 0, 1, 0]",,,623.77,159.46,21561941.6
INTC,,1,"[0, 0, 0, 0, 0, 0, 0, 0, 1, 0]",,,140.94,33.55,105819015.25
XOM,,1,"[0, 0, 0, 0, 0, 0, 0, 0, 1, 0]",,,169.32,107.52,14711831.95
ASML,,1,"[0, 0, 0, 0, 0, 0, 0, 0, 1, 0]",,,1986.87,930.06,1298818.15
ORCL,,1,"[0, 0, 0, 0, 0, 0, 0, 0, 1, 0]",,,310.01,114.99,33667874.6
JNJ,,1,"[0, 0, 0, 0, 0, 0, 0, 0, 1, 0]",,,278.43,173.81,6570657.95
CAT,,1,"[0, 0, 0, 0, 0, 0, 0, 0, 1, 0]",,,1062.93,459.58,2390025.0
CSCO,,1,"[0, 0, 0, 0, 0, 0, 0, 0, 1, 0]",,,129.52,65.86,17644584.25
LRCX,,1,"[0, 0, 0, 0, 0, 0, 0, 0, 1, 0]",,,,,9182389.85
CVX,,1,"[0, 0, 0, 0, 0, 0, 0, 0, 1, 0]",,,217.77,142.76,10030637.95
AMAT,,1,"[0, 0, 0, 0, 0, 0, 0, 0, 1, 0]",,,722.23,198.5,6425754.3
UNH,,1,"[0, 0, 0, 0, 0, 0, 0, 0, 1, 0]",,,433.68,255.97,5050050.55
BABA,,1,"[0, 0, 0, 0, 0, 0, 0, 0, 1, 0]",,,187.62,94.81,9123072.65
GE,,1,"[0, 0, 0, 0, 0, 0, 0, 0, 1, 0]",,,381.22,272.91,4233607.35
HSBC,,1,"[0, 0, 0, 0, 0, 0, 0, 0, 1, 0]",,,107.34,62.78,1326209.1
MS,,1,"[0, 0, 0, 0, 0, 0, 0, 0, 1, 0]",,,227.3,148.49,4716317.65
AZN,,1,"[0, 0, 0, 0, 0, 0, 0, 0, 1, 0]",,,208.62,145.54,3088980.15
GEV,,1,"[0, 0, 0, 0, 0, 0, 0, 0, 1, 0]",,,1174.86,546.95,2265122.75
GS,,1,"[0, 0, 0, 0, 0, 0, 0, 0, 1, 0]",,,1146.46,730.24,2022472.4
MRK,,1,"[0, 0, 0, 0, 0, 0, 0, 0, 1, 0]",,,155.53,75.39,9759623.85
NVS,,1,"[0, 0, 0, 0, 0, 0, 0, 0, 1, 0]",,,163.64,118.2,2610349.8
TXN,,1,"[0, 0, 0, 0, 0, 0, 0, 0, 1, 0]",,,330.59,150.79,5936200.5
RY,,1,"[0, 0, 0, 0, 0, 0, 0, 0, 1, 0]",,,216.57,141.81,1057307.0
KLAC,,1,"[0, 0, 0, 0, 0, 0, 0, 0, 1, 0]",,,301.37,97.75,9458113.65
RTX,,1,"[0, 0, 0, 0, 0, 0, 0, 0, 1, 0]",,,225.49,154.7,3855021.4
SNDK,,1,"[0, 0, 0, 0, 0, 0, 0, 0, 1, 0]",,,2335.0,94.29,10728440.7
QCOM,,1,"[0, 0, 0, 0, 0, 0, 0, 0, 1, 0]",,,248.74,122.94,14425394.2
ARM,,1,"[0, 0, 0, 0, 0, 0, 0, 0, 1, 0]",,,439.46,104.55,5189647.45
C,,1,"[0, 0, 0, 0, 0, 0, 0, 0, 1, 0]",,,144.93,91.98,9577416.9
BHP,,1,"[0, 0, 0, 0, 0, 0, 0, 0, 1, 0]",,,96.58,50.46,2342930.9
ADI,,1,"[0, 0, 0, 0, 0, 0, 0, 0, 1, 0]",,,444.13,222.42,3407219.95
NVO,,1,"[0, 0, 0, 0, 0, 0, 0, 0, 1, 0]",,,60.94,34.33,13319184.9
MUFG,,1,"[0, 0, 0, 0, 0, 0, 0, 0, 1, 0]",,,24.13,14.62,2843303.1
TTE,,1,"[0, 0, 0, 0, 0, 0, 0, 0, 1, 0]",,,93.6,55.92,1553425.75
NEE,,1,"[0, 0, 0, 0, 0, 0, 0, 0, 1, 0]",,,96.44,72.56,11430492.25
BA,,1,"[0, 0, 0, 0, 0, 0, 0, 0, 1, 0]",,,252.15,179.12,6462568.25
TD,,1,"[0, 0, 0, 0, 0, 0, 0, 0, 1, 0]",,,124.8,77.19,1795587.2
SAN,,1,"[0, 0, 0, 0, 0, 0, 0, 0, 1, 0]",,,15.05,9.53,8145816.55
RIO,,1,"[0, 0, 0, 0, 0, 0, 0, 0, 1, 0]",,,109.63,61.68,1770361.6
ANET,,1,"[0, 0, 0, 0, 0, 0, 0, 0, 1, 0]",,,210.5,116.13,4940559.05
STX,,1,"[0, 0, 0, 0, 0, 0, 0, 0, 1, 0]",,,1093.26,210.56,3701371.6
DELL,,1,"[0, 0, 0, 0, 0, 0, 0, 0, 1, 0]",,,588.4,110.54,11081753.4
PANW,,1,"[0, 0, 0, 0, 0, 0, 0, 0, 1, 0]",,,396.0,141.67,7045581.8
WDC,,1,"[0, 0, 0, 0, 0, 0, 0, 0, 1, 0]",,,745.99,106.68,6519106.65
GILD,,1,"[0, 0, 0, 0, 0, 0, 0, 0, 1, 0]",,,153.05,107.89,5894972.0
GLW,,1,"[0, 0, 0, 0, 0, 0, 0, 0, 1, 0]",,,255.21,77.62,8822503.85
BUD,,1,"[0, 0, 0, 0, 0, 0, 0, 0, 1, 0]",,,86.48,57.65,2557361.3
APP,,1,"[0, 0, 0, 0, 0, 0, 0, 0, 1, 0]",,,733.6,298.59,4955257.3
APH,,1,"[0, 0, 0, 0, 0, 0, 0, 0, 1, 0]",,,88.02,59.39,11406258.7
DE,,1,"[0, 0, 0, 0, 0, 0, 0, 0, 1, 0]",,,709.48,435.19,1318589.7
SCCO,,1,"[0, 0, 0, 0, 0, 0, 0, 0, 1, 0]",,,219.7,110.2,1122493.55
WELL,,1,"[0, 0, 0, 0, 0, 0, 0, 0, 1, 0]",,,251.12,163.53,2776646.2
MRVL,,1,"[0, 0, 0, 0, 0, 0, 0, 0, 1, 0]",,,316.35,73.67,21518285.95
IBKR,,1,"[0, 0, 0, 0, 0, 0, 0, 0, 1, 0]",,,98.1,60.79,3810384.6
COP,,1,"[0, 0, 0, 0, 0, 0, 0, 0, 1, 0]",,,141.22,83.04,6766915.05
PLD,,1,"[0, 0, 0, 0, 0, 0, 0, 0, 1, 0]",,,148.88,107.84,3342313.05
UBS,,1,"[0, 0, 0, 0, 0, 0, 0, 0, 1, 0]",,,55.72,35.49,2071089.25
SMFG,,1,"[0, 0, 0, 0, 0, 0, 0, 0, 1, 0]",,,27.56,15.2,1357405.95
CRWD,,1,"[0, 0, 0, 0, 0, 0, 0, 0, 1, 0]",,,262.49,87.56,13266092.65
VRT,,1,"[0, 0, 0, 0, 0, 0, 0, 0, 1, 0]",,,376.06,138.47,5408443.1
BTI,,1,"[0, 0, 0, 0, 0, 0, 0, 0, 1, 0]",,,65.79,48.34,5133690.65
BBVA,,1,"[0, 0, 0, 0, 0, 0, 0, 0, 1, 0]",,,29.64,17.18,1184765.75
NEM,,1,"[0, 0, 0, 0, 0, 0, 0, 0, 1, 0]",,,134.86,77.9,8039052.05
PBR,,1,"[0, 0, 0, 0, 0, 0, 0, 0, 1, 0]",,,21.77,11.06,22930120.7
PBR-A,,1,"[0, 0, 0, 0, 0, 0, 0, 0, 1, 0]",,,19.57,10.33,7506709.95
SBUX,,1,"[0, 0, 0, 0, 0, 0, 0, 0, 1, 0]",,,108.49,76.51,6587261.2
CVS,,1,"[0, 0, 0, 0, 0, 0, 0, 0, 1, 0]",,,109.92,69.04,6892430.35
BMY,,1,"[0, 0, 0, 0, 0, 0, 0, 0, 1, 0]",,,68.09,41.21,9906118.0
BP,,1,"[0, 0, 0, 0, 0, 0, 0, 0, 1, 0]",,,46.96,31.17,10268743.8
PWR,,1,"[0, 0, 0, 0, 0, 0, 0, 0, 1, 0]",,,785.12,400.07,880195.55
PH,,1,"[0, 0, 0, 0, 0, 0, 0, 0, 1, 0]",,,1071.71,710.74,619643.0
HWM,,1,"[0, 0, 0, 0, 0, 0, 0, 0, 1, 0]",,,292.65,183.71,4065561.9
BMO,,1,"[0, 0, 0, 0, 0, 0, 0, 0, 1, 0]",,,185.81,118.13,733369.2
EQIX,,1,"[0, 0, 0, 0, 0, 0, 0, 0, 1, 0]",,,1110.63,715.18,513613.1
MFG,,1,"[0, 0, 0, 0, 0, 0, 0, 0, 1, 0]",,,11.45,6.09,3110988.85
TT,,1,"[0, 0, 0, 0, 0, 0, 0, 0, 1, 0]",,,502.27,373.79,1044370.3
CM,,1,"[0, 0, 0, 0, 0, 0, 0, 0, 1, 0]",,,123.74,78.42,1250820.95
CDNS,,1,"[0, 0, 0, 0, 0, 0, 0, 0, 1, 0]",,,416.39,265.66,2640772.85
GSK,,1,"[0, 0, 0, 0, 0, 0, 0, 0, 1, 0]",,,59.6,38.17,2798404.4
SNPS,,1,"[0, 0, 0, 0, 0, 0, 0, 0, 1, 0]",,,534.56,367.7,2068884.8
AEM,,1,"[0, 0, 0, 0, 0, 0, 0, 0, 1, 0]",,,251.01,136.04,2290554.35
HCA,,1,"[0, 0, 0, 0, 0, 0, 0, 0, 1, 0]",,,542.23,359.93,1534523.65
BNS,,1,"[0, 0, 0, 0, 0, 0, 0, 0, 1, 0]",,,95.35,62.02,1866497.8
CMI,,1,"[0, 0, 0, 0, 0, 0, 0, 0, 1, 0]",,,724.89,402.1,1159936.7
MAR,,1,"[0, 0, 0, 0, 0, 0, 0, 0, 1, 0]",,,401.72,256.9,1626731.15
CNQ,,1,"[0, 0, 0, 0, 0, 0, 0, 0, 1, 0]",,,51.55,29.07,7148084.2
EQNR,,1,"[0, 0, 0, 0, 0, 0, 0, 0, 1, 0]",,,45.75,21.68,3184437.6
ITUB,,1,"[0, 0, 0, 0, 0, 0, 0, 0, 1, 0]",,,9.38,6.07,21940958.7
FDX,,1,"[0, 0, 0, 0, 0, 0, 0, 0, 1, 0]",,,338.02,177.99,1599811.85
FCX,,1,"[0, 0, 0, 0, 0, 0, 0, 0, 1, 0]",,,79.91,34.96,12638192.65
USB,,1,"[0, 0, 0, 0, 0, 0, 0, 0, 1, 0]",,,65.42,44.01,7624877.25
JCI,,1,"[0, 0, 0, 0, 0, 0, 0, 0, 1, 0]",,,154.33,104.64,3250849.6
ING,,1,"[0, 0, 0, 0, 0, 0, 0, 0, 1, 0]",,,37.27,22.65,1749431.6
FTNT,,1,"[0, 0, 0, 0, 0, 0, 0, 0, 1, 0]",,,178.74,75.23,4673375.3
MNST,,1,"[0, 0, 0, 0, 0, 0, 0, 0, 1, 0]",,,49.97,32.29,9523759.6
CSX,,1,"[0, 0, 0, 0, 0, 0, 0, 0, 1, 0]",,,53.08,33.25,10523840.25
AMX,,1,"[0, 0, 0, 0, 0, 0, 0, 0, 1, 0]",,,27.42,19.65,2716973.1
ELV,,1,"[0, 0, 0, 0, 0, 0, 0, 0, 1, 0]",,,424.94,276.68,1162636.1
BCS,,1,"[0, 0, 0, 0, 0, 0, 0, 0, 1, 0]",,,28.24,18.92,4133679.65
SLB,,1,"[0, 0, 0, 0, 0, 0, 0, 0, 1, 0]",,,59.79,30.96,14553027.2
MPWR,,1,"[0, 0, 0, 0, 0, 0, 0, 0, 1, 0]",,,1687.32,852.51,679717.85
LYG,,1,"[0, 0, 0, 0, 0, 0, 0, 0, 1, 0]",,,6.21,4.23,13382029.85
E,,1,"[0, 0, 0, 0, 0, 0, 0, 0, 1, 0]",,,56.68,32.88,322289.8
CIEN,,1,"[0, 0, 0, 0, 0, 0, 0, 0, 1, 0]",,,627.0,137.17,2741476.3
APO,,1,"[0, 0, 0, 0, 0, 0, 0, 0, 1, 0]",,,150.8,99.46,2587666.15
CRH,,1,"[0, 0, 0, 0, 0, 0, 0, 0, 1, 0]",,,129.92,85.23,4884074.25
SU,,1,"[0, 0, 0, 0, 0, 0, 0, 0, 1, 0]",,,71.87,37.39,4795675.3
REGN,,1,"[0, 0, 0, 0, 0, 0, 0, 0, 1, 0]",,,852.03,552.68,704406.1
NXPI,,1,"[0, 0, 0, 0, 0, 0, 0, 0, 1, 0]",,,330.06,180.99,3494597.3
BE,,1,"[0, 0, 0, 0, 0, 0, 0, 0, 1, 0]",,,345.85,68.69,16410812.35
ROST,,1,"[0, 0, 0, 0, 0, 0, 0, 0, 1, 0]",,,254.74,146.49,2071672.4
B,,1,"[0, 0, 0, 0, 0, 0, 0, 0, 1, 0]",,,52.12,30.85,8919286.9
HLT,,1,"[0, 0, 0, 0, 0, 0, 0, 0, 1, 0]",,,350.06,256.25,1691574.5
ASX,,1,"[0, 0, 0, 0, 0, 0, 0, 0, 1, 0]",,,44.67,10.97,6682711.6
NOK,,1,"[0, 0, 0, 0, 0, 0, 0, 0, 1, 0]",,,16.85,4.66,87704279.55
VLO,,1,"[0, 0, 0, 0, 0, 0, 0, 0, 1, 0]",,,413.28,153.14,3591764.45
MPC,,1,"[0, 0, 0, 0, 0, 0, 0, 0, 1, 0]",,,424.89,160.76,3038137.95
GM,,1,"[0, 0, 0, 0, 0, 0, 0, 0, 1, 0]",,,90.11,54.88,7343033.0
AEP,,1,"[0, 0, 0, 0, 0, 0, 0, 0, 1, 0]",,,137.64,104.61,3847965.65
DDOG,,1,"[0, 0, 0, 0, 0, 0, 0, 0, 1, 0]",,,288.15,102.61,3686533.7
LITE,,1,"[0, 0, 0, 0, 0, 0, 0, 0, 1, 0]",,,1053.09,149.61,4399370.85
VALE,,1,"[0, 0, 0, 0, 0, 0, 0, 0, 1, 0]",,,17.33,9.88,30192307.6
NSC,,1,"[0, 0, 0, 0, 0, 0, 0, 0, 1, 0]",,,352.98,274.69,1153544.3
HOOD,,1,"[0, 0, 0, 0, 0, 0, 0, 0, 1, 0]",,,152.46,65.16,23058812.25
NET,,1,"[0, 0, 0, 0, 0, 0, 0, 0, 1, 0]",,,352.33,160.19,3243189.35
PSX,,1,"[0, 0, 0, 0, 0, 0, 0, 0, 1, 0]",,,274.21,123.11,3266901.95
FIX,,1,"[0, 0, 0, 0, 0, 0, 0, 0, 1, 0]",,,2065.44,780.28,337299.0
DLR,,1,"[0, 0, 0, 0, 0, 0, 0, 0, 1, 0]",,,201.18,144.96,2115713.25
WBD,,1,"[0, 0, 0, 0, 0, 0, 0, 0, 1, 0]",,,30.8,17.1,35217899.55
TRP,,1,"[0, 0, 0, 0, 0, 0, 0, 0, 1, 0]",,,70.59,48.85,2460620.15
MFC,,1,"[0, 0, 0, 0, 0, 0, 0, 0, 1, 0]",,,44.59,29.84,1741201.0
SPG,,1,"[0, 0, 0, 0, 0, 0, 0, 0, 1, 0]",,,234.19,165.67,1303029.6
COHR,,1,"[0, 0, 0, 0, 0, 0, 0, 0, 1, 0]",,,426.89,106.57,6252290.55
MSTR,,1,"[0, 0, 0, 0, 0, 0, 0, 0, 1, 0]",,,359.69,82.31,26088907.35
BKR,,1,"[0, 0, 0, 0, 0, 0, 0, 0, 1, 0]",,,69.18,43.79,8419096.35
WPM,,1,"[0, 0, 0, 0, 0, 0, 0, 0, 1, 0]",,,164.99,93.96,1876670.1
CRWV,,1,"[0, 0, 0, 0, 0, 0, 0, 0, 1, 0]",,,143.08,60.82,28944177.25
KEYS,,1,"[0, 0, 0, 0, 0, 0, 0, 0, 1, 0]",,,373.34,159.49,1109368.85
CVNA,,1,"[0, 0, 0, 0, 0, 0, 0, 0, 1, 0]",,,95.69,56.26,6570805.0
RKLB,,1,"[0, 0, 0, 0, 0, 0, 0, 0, 1, 0]",,,150.23,39.48,19737887.1
TEL,,1,"[0, 0, 0, 0, 0, 0, 0, 0, 1, 0]",,,246.32,194.33,2032921.45
URI,,1,"[0, 0, 0, 0, 0, 0, 0, 0, 1, 0]",,,1164.82,707.78,428365.5
GWW,,1,"[0, 0, 0, 0, 0, 0, 0, 0, 1, 0]",,,1399.3,912.82,247657.3
TGT,,1,"[0, 0, 0, 0, 0, 0, 0, 0, 1, 0]",,,169.89,81.44,3476235.45
TER,,1,"[0, 0, 0, 0, 0, 0, 0, 0, 1, 0]",,,483.65,131.82,2540601.95
LHX,,1,"[0, 0, 0, 0, 0, 0, 0, 0, 1, 0]",,,373.85,239.21,1652607.7
CARR,,1,"[0, 0, 0, 0, 0, 0, 0, 0, 1, 0]",,,75.73,49.79,6946810.3
CTVA,,1,"[0, 0, 0, 0, 0, 0, 0, 0, 1, 0]",,,90.32,60.43,4926691.15
AU,,1,"[0, 0, 0, 0, 0, 0, 0, 0, 1, 0]",,,123.84,60.79,2625359.75
OKE,,1,"[0, 0, 0, 0, 0, 0, 0, 0, 1, 0]",,,97.51,61.95,3762394.6
MCHP,,1,"[0, 0, 0, 0, 0, 0, 0, 0, 1, 0]",,,102.1,47.77,8341951.85
MCHPP,64.08,6,"[0, 0, 0, 0, 1, 1, 1, 1, 1, 1]",65.11,66.47,84.47,45.06,314131.6
CVE,,1,"[0, 0, 0, 0, 0, 0, 0, 0, 1, 0]",,,33.92,15.59,6513555.25
AME,,1,"[0, 0, 0, 0, 0, 0, 0, 0, 1, 0]",,,258.14,178.19,1431346.5
TRGP,,1,"[0, 0, 0, 0, 0, 0, 0, 0, 1, 0]",,,302.25,143.22,1130269.75
COIN,,1,"[0, 0, 0, 0, 0, 0, 0, 0, 1, 0]",,,387.27,141.09,10215953.25
FANG,,1,"[0, 0, 0, 0, 0, 0, 0, 0, 1, 0]",,,211.53,134.06,3264339.45
OXY,,1,"[0, 0, 0, 0, 0, 0, 0, 0, 1, 0]",,,65.63,38.38,8191912.8
DVN,,1,"[0, 0, 0, 0, 0, 0, 0, 0, 1, 0]",,,51.37,30.95,12925402.15
FLEX,,1,"[0, 0, 0, 0, 0, 0, 0, 0, 1, 0]",,,162.07,54.51,3337684.45
ABEV,,1,"[0, 0, 0, 0, 0, 0, 0, 0, 1, 0]",,,3.42,2.1,24793209.3
NUE,,1,"[0, 0, 0, 0, 0, 0, 0, 0, 1, 0]",,,274.74,130.57,1206750.5
STM,,1,"[0, 0, 0, 0, 0, 0, 0, 0, 1, 0]",,,79.68,21.01,7587638.4
BIDU,,1,"[0, 0, 0, 0, 0, 0, 0, 0, 1, 0]",,,162.52,88.55,2596196.6
ETR,,1,"[0, 0, 0, 0, 0, 0, 0, 0, 1, 0]",,,116.66,88.13,2846641.75
UI,,1,"[0, 0, 0, 0, 0, 0, 0, 0, 1, 0]",,,1081.3,513.35,171077.5
CCJ,,1,"[0, 0, 0, 0, 0, 0, 0, 0, 1, 0]",,,134.09,79.29,2939086.15
FER,,1,"[0, 0, 0, 0, 0, 0, 0, 0, 1, 0]",,,73.66,54.24,1411856.6
ROK,,1,"[0, 0, 0, 0, 0, 0, 0, 0, 1, 0]",,,493.56,329.34,723024.65
ARGX,,1,"[0, 0, 0, 0, 0, 0, 0, 0, 1, 0]",,,1058.9,663.93,243583.1
DAL,,1,"[0, 0, 0, 0, 0, 0, 0, 0, 1, 0]",,,93.43,55.22,6671342.3
EBAY,,1,"[0, 0, 0, 0, 0, 0, 0, 0, 1, 0]",,,118.27,78.69,5287097.6
FERG,,1,"[0, 0, 0, 0, 0, 0, 0, 0, 1, 0]",,,265.69,214.26,1386543.0
MT,,1,"[0, 0, 0, 0, 0, 0, 0, 0, 1, 0]",,,78.74,35.66,1151759.9
WAB,,1,"[0, 0, 0, 0, 0, 0, 0, 0, 1, 0]",,,305.47,190.14,757204.25
FNV,,1,"[0, 0, 0, 0, 0, 0, 0, 0, 1, 0]",,,279.3,182.97,769912.85
FITB,,1,"[0, 0, 0, 0, 0, 0, 0, 0, 1, 0]",,,59.37,39.38,5426960.85
XYZ,,1,"[0, 0, 0, 0, 0, 0, 0, 0, 1, 0]",,,84.85,49.09,4039628.0
NBIS,,1,"[0, 0, 0, 0, 0, 0, 0, 0, 1, 0]",,,286.69,73.87,15396613.85
RKT,,1,"[0, 0, 0, 0, 0, 0, 0, 0, 1, 0]",,,23.44,12.15,32815794.35
VTR,,1,"[0, 0, 0, 0, 0, 0, 0, 0, 1, 0]",,,100.53,66.22,3635244.4
CLS,,1,"[0, 0, 0, 0, 0, 0, 0, 0, 1, 0]",,,472.4,233.67,2206352.8
CAH,,1,"[0, 0, 0, 0, 0, 0, 0, 0, 1, 0]",,,248.61,147.43,1677493.0
TEVA,,1,"[0, 0, 0, 0, 0, 0, 0, 0, 1, 0]",,,40.06,18.34,5179931.85
HPE,,1,"[0, 0, 0, 0, 0, 0, 0, 0, 1, 0]",,,62.33,19.67,28138842.05
STT,,1,"[0, 0, 0, 0, 0, 0, 0, 0, 1, 0]",,,194.26,109.0,1733505.8
ODFL,,1,"[0, 0, 0, 0, 0, 0, 0, 0, 1, 0]",,,248.34,125.51,1859838.7
GFS,,1,"[0, 0, 0, 0, 0, 0, 0, 0, 1, 0]",,,89.83,32.19,4091731.2
WDS,,1,"[0, 0, 0, 0, 0, 0, 0, 0, 1, 0]",,,24.19,13.56,637099.15
EME,,1,"[0, 0, 0, 0, 0, 0, 0, 0, 1, 0]",,,943.26,580.64,371267.6
ON,,1,"[0, 0, 0, 0, 0, 0, 0, 0, 1, 0]",,,133.93,44.9,10514600.6
GFI,,1,"[0, 0, 0, 0, 0, 0, 0, 0, 1, 0]",,,58.44,30.56,3565672.15
ERIC,,1,"[0, 0, 0, 0, 0, 0, 0, 0, 1, 0]",,,13.74,7.87,8706450.95
KB,,1,"[0, 0, 0, 0, 0, 0, 0, 0, 1, 0]",,,132.88,77.5,150881.9
PUK,,1,"[0, 0, 0, 0, 0, 0, 0, 0, 1, 0]",,,32.95,24.81,1005618.05
IRM,,1,"[0, 0, 0, 0, 0, 0, 0, 0, 1, 0]",,,132.03,77.09,1684944.25
LYV,,1,"[0, 0, 0, 0, 0, 0, 0, 0, 1, 0]",,,188.46,125.61,1988479.4
KGC,,1,"[0, 0, 0, 0, 0, 0, 0, 0, 1, 0]",,,37.92,22.38,7884450.7
JBL,,1,"[0, 0, 0, 0, 0, 0, 0, 0, 1, 0]",,,385.55,192.34,1069089.1
ADM,,1,"[0, 0, 0, 0, 0, 0, 0, 0, 1, 0]",,,88.09,54.41,3871431.9
VOD,,1,"[0, 0, 0, 0, 0, 0, 0, 0, 1, 0]",,,17.68,10.73,3280449.65
BBD,,1,"[0, 0, 0, 0, 0, 0, 0, 0, 1, 0]",,,4.11,2.93,28556609.1
VIK,,1,"[0, 0, 0, 0, 0, 0, 0, 0, 1, 0]",,,108.26,57.08,4002878.1
UMC,,1,"[0, 0, 0, 0, 0, 0, 0, 0, 1, 0]",,,27.53,6.9,12102066.95
ONC,,1,"[0, 0, 0, 0, 0, 0, 0, 0, 1, 0]",,,377.47,260.27,378592.55
LVS,,1,"[0, 0, 0, 0, 0, 0, 0, 0, 1, 0]",,,68.29,39.19,6076333.7
IX,,1,"[0, 0, 0, 0, 0, 0, 0, 0, 1, 0]",,,41.31,24.22,336294.25
CRDO,,1,"[0, 0, 0, 0, 0, 0, 0, 0, 1, 0]",,,302.52,87.81,9383832.8
ALAB,,1,"[0, 0, 0, 0, 0, 0, 0, 0, 1, 0]",,,483.02,100.27,4019962.55
STLD,,1,"[0, 0, 0, 0, 0, 0, 0, 0, 1, 0]",,,282.12,134.48,1001921.65
HAL,,1,"[0, 0, 0, 0, 0, 0, 0, 0, 1, 0]",,,42.6,21.39,11051634.3
HUM,,1,"[0, 0, 0, 0, 0, 0, 0, 0, 1, 0]",,,409.8,162.46,920479.7
MTZ,,1,"[0, 0, 0, 0, 0, 0, 0, 0, 1, 0]",,,437.51,190.08,1511970.05
UAL,,1,"[0, 0, 0, 0, 0, 0, 0, 0, 1, 0]",,,136.11,85.21,3679330.6
ZM,,1,"[0, 0, 0, 0, 0, 0, 0, 0, 1, 0]",,,111.88,72.72,3299017.9
TS,,1,"[0, 0, 0, 0, 0, 0, 0, 0, 1, 0]",,,64.02,33.04,1128525.8
CASY,,1,"[0, 0, 0, 0, 0, 0, 0, 0, 1, 0]",,,915.59,511.97,726557.35
TECK,,1,"[0, 0, 0, 0, 0, 0, 0, 0, 1, 0]",,,71.87,38.06,2952824.7
SYM,,1,"[0, 0, 0, 0, 0, 0, 0, 0, 1, 0]",,,87.3,38.22,1716698.4
EL,,1,"[0, 0, 0, 0, 0, 0, 0, 0, 1, 0]",,,118.37,66.74,3123336.05
SHG,,1,"[0, 0, 0, 0, 0, 0, 0, 0, 1, 0]",,,84.47,48.88,152189.25
Q,,1,"[0, 0, 0, 0, 0, 0, 0, 0, 1, 0]",,,175.52,73.35,1703554.9
TWLO,,1,"[0, 0, 0, 0, 0, 0, 0, 0, 1, 0]",,,290.7,100.09,2073367.8
RVMD,,1,"[0, 0, 0, 0, 0, 0, 0, 0, 1, 0]",,,221.15,42.51,2176965.55
RDDT,,1,"[0, 0, 0, 0, 0, 0, 0, 0, 1, 0]",,,258.93,121.84,4707527.45
IQV,,1,"[0, 0, 0, 0, 0, 0, 0, 0, 1, 0]",,,271.62,156.66,1654229.6
NTRS,,1,"[0, 0, 0, 0, 0, 0, 0, 0, 1, 0]",,,190.57,120.18,956407.75
DOV,,1,"[0, 0, 0, 0, 0, 0, 0, 0, 1, 0]",,,231.59,159.53,1378252.2
RPRX,,1,"[0, 0, 0, 0, 0, 0, 0, 0, 1, 0]",,,63.96,34.24,3254615.2
ASTS,,1,"[0, 0, 0, 0, 0, 0, 0, 0, 1, 0]",,,133.09,48.84,9843716.05
BIIB,,1,"[0, 0, 0, 0, 0, 0, 0, 0, 1, 0]",,,227.53,135.67,890394.8
VG,,1,"[0, 0, 0, 0, 0, 0, 0, 0, 1, 0]",,,17.46,5.89,14640326.25
EXPE,,1,"[0, 0, 0, 0, 0, 0, 0, 0, 1, 0]",,,338.64,187.43,2082216.1
CRCL,,1,"[0, 0, 0, 0, 0, 0, 0, 0, 1, 0]",,,150.48,50.23,15689770.95
ARES,,1,"[0, 0, 0, 0, 0, 0, 0, 0, 1, 0]",,,171.2,93.27,2136232.1
FTI,,1,"[0, 0, 0, 0, 0, 0, 0, 0, 1, 0]",,,80.08,35.45,2973189.1
FTAI,,1,"[0, 0, 0, 0, 0, 0, 0, 0, 1, 0]",,,308.31,151.95,1410634.7
CNC,,1,"[0, 0, 0, 0, 0, 0, 0, 0, 1, 0]",,,69.41,31.8,4716966.1
NTRA,,1,"[0, 0, 0, 0, 0, 0, 0, 0, 1, 0]",,,390.79,160.21,1383402.05
NVT,,1,"[0, 0, 0, 0, 0, 0, 0, 0, 1, 0]",,,184.1,94.55,2606630.5
MTSI,,1,"[0, 0, 0, 0, 0, 0, 0, 0, 1, 0]",,,409.68,122.18,1321261.2
TPL,,1,"[0, 0, 0, 0, 0, 0, 0, 0, 1, 0]",,,538.1,272.4,386933.05
TPR,,1,"[0, 0, 0, 0, 0, 0, 0, 0, 1, 0]",,,164.16,97.55,3418560.95
CFG,,1,"[0, 0, 0, 0, 0, 0, 0, 0, 1, 0]",,,74.73,46.98,3598638.1
CW,,1,"[0, 0, 0, 0, 0, 0, 0, 0, 1, 0]",,,792.77,515.92,409293.6
DOW,,1,"[0, 0, 0, 0, 0, 0, 0, 0, 1, 0]",,,40.97,19.68,8746241.7
EIX,,1,"[0, 0, 0, 0, 0, 0, 0, 0, 1, 0]",,,80.38,50.16,7503310.95
PKX,,1,"[0, 0, 0, 0, 0, 0, 0, 0, 1, 0]",,,91.72,45.13,209119.25
BAP,,1,"[0, 0, 0, 0, 0, 0, 0, 0, 1, 0]",,,402.27,236.66,345321.95
VRSN,,1,"[0, 0, 0, 0, 0, 0, 0, 0, 1, 0]",,,309.09,210.31,733233.15
HUBB,,1,"[0, 0, 0, 0, 0, 0, 0, 0, 1, 0]",,,554.46,402.45,483629.55
STRL,,1,"[0, 0, 0, 0, 0, 0, 0, 0, 1, 0]",,,993.74,283.57,561287.1
EC,,1,"[0, 0, 0, 0, 0, 0, 0, 0, 1, 0]",,,18.26,8.2,1632126.75
P,,1,"[0, 0, 0, 0, 0, 0, 0, 0, 1, 0]",,,118.16,56.99,7378451.45
AER,,1,"[0, 0, 0, 0, 0, 0, 0, 0, 1, 0]",,,154.82,118.85,1155150.35
PAAS,,1,"[0, 0, 0, 0, 0, 0, 0, 0, 1, 0]",,,68.06,32.89,3846408.8
DG,,1,"[0, 0, 0, 0, 0, 0, 0, 0, 1, 0]",,,154.71,94.6,2890235.75
VIV,,1,"[0, 0, 0, 0, 0, 0, 0, 0, 1, 0]",,,16.26,10.96,1514000.65
SYF,,1,"[0, 0, 0, 0, 0, 0, 0, 0, 1, 0]",,,87.38,63.25,3102581.45
ZS,,1,"[0, 0, 0, 0, 0, 0, 0, 0, 1, 0]",,,336.27,118.05,3721292.75
SQM,,1,"[0, 0, 0, 0, 0, 0, 0, 0, 1, 0]",,,92.85,39.55,1015501.45
BG,,1,"[0, 0, 0, 0, 0, 0, 0, 0, 1, 0]",,,130.59,77.4,1993931.8
FMX,,1,"[0, 0, 0, 0, 0, 0, 0, 0, 1, 0]",,,132.15,89.45,351890.9
MDB,,1,"[0, 0, 0, 0, 0, 0, 0, 0, 1, 0]",,,472.29,225.95,1994974.6
XPO,,1,"[0, 0, 0, 0, 0, 0, 0, 0, 1, 0]",,,228.37,123.66,1070620.4
ALB,,1,"[0, 0, 0, 0, 0, 0, 0, 0, 1, 0]",,,214.35,80.16,2450155.9
UTHR,,1,"[0, 0, 0, 0, 0, 0, 0, 0, 1, 0]",,,596.76,415.34,715975.15
FSLR,,1,"[0, 0, 0, 0, 0, 0, 0, 0, 1, 0]",,,318.25,184.7,2309453.15
TSN,,1,"[0, 0, 0, 0, 0, 0, 0, 0, 1, 0]",,,67.54,49.0,3824339.95
TSEM,,1,"[0, 0, 0, 0, 0, 0, 0, 0, 1, 0]",,,316.85,68.35,1857526.35
RF,,1,"[0, 0, 0, 0, 0, 0, 0, 0, 1, 0]",,,32.07,22.44,7763883.05
KEY,,1,"[0, 0, 0, 0, 0, 0, 0, 0, 1, 0]",,,23.76,16.12,13649002.1
TEAM,,1,"[0, 0, 0, 0, 0, 0, 0, 0, 1, 0]",,,195.67,57.15,3660842.3
LYB,,1,"[0, 0, 0, 0, 0, 0, 0, 0, 1, 0]",,,80.69,39.87,3491163.0
JBHT,,1,"[0, 0, 0, 0, 0, 0, 0, 0, 1, 0]",,,297.91,131.33,1142542.35
SBAC,,1,"[0, 0, 0, 0, 0, 0, 0, 0, 1, 0]",,,220.88,163.03,950060.95
WST,,1,"[0, 0, 0, 0, 0, 0, 0, 0, 1, 0]",,,375.87,230.63,591679.35
CPAY,,1,"[0, 0, 0, 0, 0, 0, 0, 0, 1, 0]",,,425.24,255.0,424826.6
ENTG,,1,"[0, 0, 0, 0, 0, 0, 0, 0, 1, 0]",,,183.84,68.64,2130568.75
NMR,,1,"[0, 0, 0, 0, 0, 0, 0, 0, 1, 0]",,,10.86,6.73,758313.8
IHG,,1,"[0, 0, 0, 0, 0, 0, 0, 0, 1, 0]",,,173.43,116.28,168428.15
FN,,1,"[0, 0, 0, 0, 0, 0, 0, 0, 1, 0]",,,746.47,358.9,797454.0
SBS,,1,"[0, 0, 0, 0, 0, 0, 0, 0, 1, 0]",,,7.08,4.43,9525241.95
WWD,,1,"[0, 0, 0, 0, 0, 0, 0, 0, 1, 0]",,,436.05,243.06,744080.65
SITM,,1,"[0, 0, 0, 0, 0, 0, 0, 0, 1, 0]",,,901.48,252.76,435678.8
INSM,,1,"[0, 0, 0, 0, 0, 0, 0, 0, 1, 0]",,,211.41,91.88,2032895.1
BEKE,,1,"[0, 0, 0, 0, 0, 0, 0, 0, 1, 0]",,,19.84,14.26,5264440.65
AKAM,,1,"[0, 0, 0, 0, 0, 0, 0, 0, 1, 0]",,,161.14,71.97,3435317.75
PFG,,1,"[0, 0, 0, 0, 0, 0, 0, 0, 1, 0]",,,118.51,75.78,1490913.05
RL,,1,"[0, 0, 0, 0, 0, 0, 0, 0, 1, 0]",,,413.24,299.66,720092.15
ATI,,1,"[0, 0, 0, 0, 0, 0, 0, 0, 1, 0]",,,231.78,77.41,2031942.85
MRNA,,1,"[0, 0, 0, 0, 0, 0, 0, 0, 1, 0]",,,182.56,22.36,16457636.75
ILMN,,1,"[0, 0, 0, 0, 0, 0, 0, 0, 1, 0]",,,255.38,91.0,3761789.7
AFRM,,1,"[0, 0, 0, 0, 0, 0, 0, 0, 1, 0]",,,85.78,42.53,6333635.95
CRS,,1,"[0, 0, 0, 0, 0, 0, 0, 0, 1, 0]",,,618.99,231.87,851013.75
SMCI,,1,"[0, 0, 0, 0, 0, 0, 0, 0, 1, 0]",,,58.68,20.53,37553978.5
MKSI,,1,"[0, 0, 0, 0, 0, 0, 0, 0, 1, 0]",,,444.39,120.75,1289896.6
IFF,,1,"[0, 0, 0, 0, 0, 0, 0, 0, 1, 0]",,,87.66,58.25,1666090.85
EXPD,,1,"[0, 0, 0, 0, 0, 0, 0, 0, 1, 0]",,,193.9,111.96,965009.75
ROIV,,1,"[0, 0, 0, 0, 0, 0, 0, 0, 1, 0]",,,41.81,14.96,10707536.95
DD,,1,"[0, 0, 0, 0, 0, 0, 0, 0, 1, 0]",,,152.69,90.91,1192806.15
IREN,,1,"[0, 0, 0, 0, 0, 0, 0, 0, 1, 0]",,,76.41,29.31,40408254.05
RGLD,,1,"[0, 0, 0, 0, 0, 0, 0, 0, 1, 0]",,,303.02,168.01,658233.0
FUTU,,1,"[0, 0, 0, 0, 0, 0, 0, 0, 1, 0]",,,195.9,89.76,882892.0
ULS,,1,"[0, 0, 0, 0, 0, 0, 0, 0, 1, 0]",,,104.53,64.03,769601.8
CHRW,,1,"[0, 0, 0, 0, 0, 0, 0, 0, 1, 0]",,,208.52,122.52,1387441.95
LUV,,1,"[0, 0, 0, 0, 0, 0, 0, 0, 1, 0]",,,54.07,29.15,5614775.35
DKS,,1,"[0, 0, 0, 0, 0, 0, 0, 0, 1, 0]",,,236.92,121.15,4099865.65
VTRS,,1,"[0, 0, 0, 0, 0, 0, 0, 0, 1, 0]",,,17.73,9.17,8284345.6
RCI,,1,"[0, 0, 0, 0, 0, 0, 0, 0, 1, 0]",,,39.83,31.15,1113308.85
FFIV,,1,"[0, 0, 0, 0, 0, 0, 0, 0, 1, 0]",,,455.99,223.99,552415.5
CX,,1,"[0, 0, 0, 0, 0, 0, 0, 0, 1, 0]",,,13.48,8.82,5851020.95
INCY,,1,"[0, 0, 0, 0, 0, 0, 0, 0, 1, 0]",,,129.93,81.66,1441908.05
KEP,,1,"[0, 0, 0, 0, 0, 0, 0, 0, 1, 0]",,,23.26,10.89,1017307.05
APG,,1,"[0, 0, 0, 0, 0, 0, 0, 0, 1, 0]",,,49.4,33.64,3728782.05
SNX,,1,"[0, 0, 0, 0, 0, 0, 0, 0, 1, 0]",,,289.57,141.35,925658.3
CDE,,1,"[0, 0, 0, 0, 0, 0, 0, 0, 1, 0]",,,27.12,13.8,34475935.15
RBC,,1,"[0, 0, 0, 0, 0, 0, 0, 0, 1, 0]",,,648.89,369.71,312392.75
BURL,,1,"[0, 0, 0, 0, 0, 0, 0, 0, 1, 0]",,,372.19,227.28,1939813.85
ROKU,,1,"[0, 0, 0, 0, 0, 0, 0, 0, 1, 0]",,,159.76,82.93,2331854.85
AMKR,,1,"[0, 0, 0, 0, 0, 0, 0, 0, 1, 0]",,,93.38,28.06,4184206.75
RS,,1,"[0, 0, 0, 0, 0, 0, 0, 0, 1, 0]",,,428.02,261.99,311003.4
BWXT,,1,"[0, 0, 0, 0, 0, 0, 0, 0, 1, 0]",,,237.73,141.81,1091454.3
ZTO,,1,"[0, 0, 0, 0, 0, 0, 0, 0, 1, 0]",,,25.88,18.21,2730185.35
NXT,,1,"[0, 0, 0, 0, 0, 0, 0, 0, 1, 0]",,,156.4,73.07,2101055.3
ITT,,1,"[0, 0, 0, 0, 0, 0, 0, 0, 1, 0]",,,220.83,168.49,763988.15
FTV,,1,"[0, 0, 0, 0, 0, 0, 0, 0, 1, 0]",,,64.01,47.46,2353787.6
IONQ,,1,"[0, 0, 0, 0, 0, 0, 0, 0, 1, 0]",,,82.09,26.59,23366942.95
AGI,,1,"[0, 0, 0, 0, 0, 0, 0, 0, 1, 0]",,,55.16,27.8,3506893.25
BCH,,1,"[0, 0, 0, 0, 0, 0, 0, 0, 1, 0]",,,43.7,28.1,293104.65
YPF,,1,"[0, 0, 0, 0, 0, 0, 0, 0, 1, 0]",,,57.61,23.57,1265681.05
CF,,1,"[0, 0, 0, 0, 0, 0, 0, 0, 1, 0]",,,139.27,74.99,2658938.75
MGA,,1,"[0, 0, 0, 0, 0, 0, 0, 0, 1, 0]",,,73.05,42.56,1172302.55
TLN,,1,"[0, 0, 0, 0, 0, 0, 0, 0, 1, 0]",,,445.84,282.15,759000.85
LSCC,,1,"[0, 0, 0, 0, 0, 0, 0, 0, 1, 0]",,,155.27,61.73,1572639.4
WMG,,1,"[0, 0, 0, 0, 0, 0, 0, 0, 1, 0]",,,34.31,23.35,1859452.65
CIB,,1,"[0, 0, 0, 0, 0, 0, 0, 0, 1, 0]",,,103.12,48.83,361623.1
WCC,,1,"[0, 0, 0, 0, 0, 0, 0, 0, 1, 0]",,,373.56,206.94,481152.35
JBS,,1,"[0, 0, 0, 0, 0, 0, 0, 0, 1, 0]",,,17.05,11.51,5068722.45
WSO,,1,"[0, 0, 0, 0, 0, 0, 0, 0, 1, 0]",,,452.97,302.29,484062.3
DOCN,,1,"[0, 0, 0, 0, 0, 0, 0, 0, 1, 0]",,,181.29,34.16,2781436.45
EWBC,,1,"[0, 0, 0, 0, 0, 0, 0, 0, 1, 0]",,,136.6,91.94,833462.35
AA,,1,"[0, 0, 0, 0, 0, 0, 0, 0, 1, 0]",,,83.63,31.2,3726316.75
PR,,1,"[0, 0, 0, 0, 0, 0, 0, 0, 1, 0]",,,24.33,11.68,10597725.8
NVMI,,1,"[0, 0, 0, 0, 0, 0, 0, 0, 1, 0]",,,605.65,275.78,620753.4
RTO,,1,"[0, 0, 0, 0, 0, 0, 0, 0, 1, 0]",,,34.2,21.35,1622304.4
OWL,,1,"[0, 0, 0, 0, 0, 0, 0, 0, 1, 0]",,,16.45,7.89,20393209.65
OVV,,1,"[0, 0, 0, 0, 0, 0, 0, 0, 1, 0]",,,66.97,35.16,3224556.5
TTMI,,1,"[0, 0, 0, 0, 0, 0, 0, 0, 1, 0]",,,221.47,53.58,1855348.55
BEN,,1,"[0, 0, 0, 0, 0, 0, 0, 0, 1, 0]",,,35.77,20.39,3489331.15
IEX,,1,"[0, 0, 0, 0, 0, 0, 0, 0, 1, 0]",,,240.52,156.95,559302.15
LAMR,,1,"[0, 0, 0, 0, 0, 0, 0, 0, 1, 0]",,,162.48,110.67,474210.1
VNOM,,1,"[0, 0, 0, 0, 0, 0, 0, 0, 1, 0]",,,49.44,34.2,1696026.45
GNRC,,1,"[0, 0, 0, 0, 0, 0, 0, 0, 1, 0]",,,295.54,136.37,1521172.45
NDSN,,1,"[0, 0, 0, 0, 0, 0, 0, 0, 1, 0]",,,333.7,218.8,366308.5
SN,,1,"[0, 0, 0, 0, 0, 0, 0, 0, 1, 0]",,,192.86,84.57,2165731.05
H,,1,"[0, 0, 0, 0, 0, 0, 0, 0, 1, 0]",,,201.92,134.94,769112.0
BALL,,1,"[0, 0, 0, 0, 0, 0, 0, 0, 1, 0]",,,67.1,45.77,1966788.35
MLI,,1,"[0, 0, 0, 0, 0, 0, 0, 0, 1, 0]",,,70.03,47.96,1818251.9
LOGI,,1,"[0, 0, 0, 0, 0, 0, 0, 0, 1, 0]",,,124.62,84.44,761058.3
CLH,,1,"[0, 0, 0, 0, 0, 0, 0, 0, 1, 0]",,,326.34,201.73,384383.95
GMAB,,1,"[0, 0, 0, 0, 0, 0, 0, 0, 1, 0]",,,35.34,23.85,1961065.9
PAA,,1,"[0, 0, 0, 0, 0, 0, 0, 0, 1, 0]",,,26.1,14.64,2648549.25
NBIX,,1,"[0, 0, 0, 0, 0, 0, 0, 0, 1, 0]",,,185.5,123.1,1152992.95
HST,,1,"[0, 0, 0, 0, 0, 0, 0, 0, 1, 0]",,,25.54,14.79,8105884.25
JLL,,1,"[0, 0, 0, 0, 0, 0, 0, 0, 1, 0]",,,392.79,280.16,332634.95
ASND,,1,"[0, 0, 0, 0, 0, 0, 0, 0, 1, 0]",,,277.18,189.74,854876.75
LECO,,1,"[0, 0, 0, 0, 0, 0, 0, 0, 1, 0]",,,297.02,218.56,452544.05
OKTA,,1,"[0, 0, 0, 0, 0, 0, 0, 0, 1, 0]",,,205.36,62.93,4879337.6
HTHT,,1,"[0, 0, 0, 0, 0, 0, 0, 0, 1, 0]",,,53.59,35.36,1426322.85
DTM,,1,"[0, 0, 0, 0, 0, 0, 0, 0, 1, 0]",,,149.69,102.85,930422.0
MOD,,1,"[0, 0, 0, 0, 0, 0, 0, 0, 1, 0]",,,306.89,119.68,1214509.3
RRX,,1,"[0, 0, 0, 0, 0, 0, 0, 0, 1, 0]",,,238.19,127.98,1249013.25
BSAC,,1,"[0, 0, 0, 0, 0, 0, 0, 0, 1, 0]",,,36.15,24.8,300188.1
JAZZ,,1,"[0, 0, 0, 0, 0, 0, 0, 0, 1, 0]",,,261.62,127.0,1066364.6
ONTO,,1,"[0, 0, 0, 0, 0, 0, 0, 0, 1, 0]",,,378.45,121.34,895750.55
OHI,,1,"[0, 0, 0, 0, 0, 0, 0, 0, 1, 0]",,,51.03,37.16,2004943.55
SMMT,,1,"[0, 0, 0, 0, 0, 0, 0, 0, 1, 0]",,,26.38,12.43,6131417.25
RMBS,,1,"[0, 0, 0, 0, 0, 0, 0, 0, 1, 0]",,,170.66,79.73,2574344.45
AUR,,1,"[0, 0, 0, 0, 0, 0, 0, 0, 1, 0]",,,8.4,3.77,32951188.4
NIO,,1,"[0, 0, 0, 0, 0, 0, 0, 0, 1, 0]",,,7.89,3.58,39798149.1
HAS,,1,"[0, 0, 0, 0, 0, 0, 0, 0, 1, 0]",,,103.58,68.73,1476776.65
LTM,,1,"[0, 0, 0, 0, 0, 0, 0, 0, 1, 0]",,,68.29,41.47,811615.6
SUN,,1,"[0, 0, 0, 0, 0, 0, 0, 0, 1, 0]",,,79.97,45.99,599704.9
QXO,,1,"[0, 0, 0, 0, 0, 0, 0, 0, 1, 0]",,,27.07,11.27,17236216.1
AEIS,,1,"[0, 0, 0, 0, 0, 0, 0, 0, 1, 0]",,,388.79,166.22,550904.05
ALLY,,1,"[0, 0, 0, 0, 0, 0, 0, 0, 1, 0]",,,46.92,35.47,3449355.5
PL,,1,"[0, 0, 0, 0, 0, 0, 0, 0, 1, 0]",,,51.4,11.16,12420758.2
EVR,,1,"[0, 0, 0, 0, 0, 0, 0, 0, 1, 0]",,,379.99,259.89,477417.95
SKM,,1,"[0, 0, 0, 0, 0, 0, 0, 0, 1, 0]",,,46.0,19.68,1418602.4
TIGO,,1,"[0, 0, 0, 0, 0, 0, 0, 0, 1, 0]",,,104.31,43.56,796544.8
SANM,,1,"[0, 0, 0, 0, 0, 0, 0, 0, 1, 0]",,,282.72,113.14,615648.85
IESC,,1,"[0, 0, 0, 0, 0, 0, 0, 0, 1, 0]",,,396.98,178.97,278259.35
BBIO,,1,"[0, 0, 0, 0, 0, 0, 0, 0, 1, 0]",,,90.17,49.0,2491922.15
TOL,,1,"[0, 0, 0, 0, 0, 0, 0, 0, 1, 0]",,,165.52,123.92,986045.7
DINO,,1,"[0, 0, 0, 0, 0, 0, 0, 0, 1, 0]",,,116.62,44.83,2779077.25
NYT,,1,"[0, 0, 0, 0, 0, 0, 0, 0, 1, 0]",,,85.59,54.2,3168944.95
DY,,1,"[0, 0, 0, 0, 0, 0, 0, 0, 1, 0]",,,535.2,274.78,792675.45
RBRK,,1,"[0, 0, 0, 0, 0, 0, 0, 0, 1, 0]",,,115.57,43.81,3911231.8
DVA,,1,"[0, 0, 0, 0, 0, 0, 0, 0, 1, 0]",,,240.96,103.87,721300.95
GH,,1,"[0, 0, 0, 0, 0, 0, 0, 0, 1, 0]",,,183.1,60.03,1866133.1
PEN,,1,"[0, 0, 0, 0, 0, 0, 0, 0, 1, 0]",,,359.4,225.54,381597.5
BMNR,,1,"[0, 0, 0, 0, 0, 0, 0, 0, 1, 0]",,,63.2,13.31,44392595.65
SWK,,1,"[0, 0, 0, 0, 0, 0, 0, 0, 1, 0]",,,103.1,59.56,1692141.45
ENLT,,1,"[0, 0, 0, 0, 0, 0, 0, 0, 1, 0]",,,107.42,28.24,191996.7
OKLO,,1,"[0, 0, 0, 0, 0, 0, 0, 0, 1, 0]",,,174.14,35.62,10226040.8
BWA,,1,"[0, 0, 0, 0, 0, 0, 0, 0, 1, 0]",,,76.83,40.47,2021642.05
APA,,1,"[0, 0, 0, 0, 0, 0, 0, 0, 1, 0]",,,47.41,21.16,5505395.15
IONS,,1,"[0, 0, 0, 0, 0, 0, 0, 0, 1, 0]",,,86.5,43.93,4078246.8
HL,,1,"[0, 0, 0, 0, 0, 0, 0, 0, 1, 0]",,,31.79,11.52,35941427.3
HII,,1,"[0, 0, 0, 0, 0, 0, 0, 0, 1, 0]",,,449.68,266.82,441117.75
SOLS,,1,"[0, 0, 0, 0, 0, 0, 0, 0, 1, 0]",,,88.48,41.3,3153849.2
FIVE,,1,"[0, 0, 0, 0, 0, 0, 0, 0, 1, 0]",,,262.72,138.49,1303635.5
FPS,,1,"[0, 0, 0, 0, 0, 0, 0, 0, 1, 0]",,,64.59,27.97,10331269.95
U,,1,"[0, 0, 0, 0, 0, 0, 0, 0, 1, 0]",,,49.47,17.13,10019421.2
IVZ,,1,"[0, 0, 0, 0, 0, 0, 0, 0, 1, 0]",,,33.31,21.67,3906454.75
NTNX,,1,"[0, 0, 0, 0, 0, 0, 0, 0, 1, 0]",,,77.15,34.41,2824145.95
MEDP,,1,"[0, 0, 0, 0, 0, 0, 0, 0, 1, 0]",,,624.2,393.42,226483.75
EXEL,,1,"[0, 0, 0, 0, 0, 0, 0, 0, 1, 0]",,,59.13,34.54,2156451.95
ALGN,,1,"[0, 0, 0, 0, 0, 0, 0, 0, 1, 0]",,,197.51,124.88,904168.6
WLK,,1,"[0, 0, 0, 0, 0, 0, 0, 0, 1, 0]",,,121.8,54.89,664120.15
SAIA,,1,"[0, 0, 0, 0, 0, 0, 0, 0, 1, 0]",,,487.14,250.48,365311.45
MP,,1,"[0, 0, 0, 0, 0, 0, 0, 0, 1, 0]",,,98.65,38.1,4911694.7
VIAV,,1,"[0, 0, 0, 0, 0, 0, 0, 0, 1, 0]",,,55.33,12.21,4840766.05
AAOI,,1,"[0, 0, 0, 0, 0, 0, 0, 0, 1, 0]",,,223.1,19.49,6639688.25
PINS,,1,"[0, 0, 0, 0, 0, 0, 0, 0, 1, 0]",,,35.24,15.42,14942324.85
AIZ,,1,"[0, 0, 0, 0, 0, 0, 0, 0, 1, 0]",,,300.64,204.72,351931.05
ELAN,,1,"[0, 0, 0, 0, 0, 0, 0, 0, 1, 0]",,,26.84,18.92,5277483.2
GLXY,,1,"[0, 0, 0, 0, 0, 0, 0, 0, 1, 0]",,,42.86,16.84,5085931.1
APLD,,1,"[0, 0, 0, 0, 0, 0, 0, 0, 1, 0]",,,49.65,20.55,15847270.2
MDGL,,1,"[0, 0, 0, 0, 0, 0, 0, 0, 1, 0]",,,602.83,412.35,223656.7
VICR,,1,"[0, 0, 0, 0, 0, 0, 0, 0, 1, 0]",,,379.78,48.46,809969.7
COKE,,1,"[0, 0, 0, 0, 0, 0, 0, 0, 1, 0]",,,216.33,113.21,573608.85
LFUS,,1,"[0, 0, 0, 0, 0, 0, 0, 0, 1, 0]",,,488.16,233.58,196452.3
FORM,,1,"[0, 0, 0, 0, 0, 0, 0, 0, 1, 0]",,,159.93,35.28,1182496.85
AAON,,1,"[0, 0, 0, 0, 0, 0, 0, 0, 1, 0]",,,147.96,73.25,1134951.3
TFII,,1,"[0, 0, 0, 0, 0, 0, 0, 0, 1, 0]",,,162.83,80.09,212222.5
AIT,,1,"[0, 0, 0, 0, 0, 0, 0, 0, 1, 0]",,,361.95,239.46,306408.5
SMTC,,1,"[0, 0, 0, 0, 0, 0, 0, 0, 1, 0]",,,185.0,61.63,3643378.75
WULF,,1,"[0, 0, 0, 0, 0, 0, 0, 0, 1, 0]",,,28.98,10.83,28496485.75
POWL,,1,"[0, 0, 0, 0, 0, 0, 0, 0, 1, 0]",,,321.8,93.9,553774.4
TIMB,,1,"[0, 0, 0, 0, 0, 0, 0, 0, 1, 0]",,,27.75,17.28,458210.95
AXSM,,1,"[0, 0, 0, 0, 0, 0, 0, 0, 1, 0]",,,255.17,116.01,604422.15
WMS,,1,"[0, 0, 0, 0, 0, 0, 0, 0, 1, 0]",,,174.69,125.33,768344.65
HMY,,1,"[0, 0, 0, 0, 0, 0, 0, 0, 1, 0]",,,25.55,13.07,4551636.75
HUT,,1,"[0, 0, 0, 0, 0, 0, 0, 0, 1, 0]",,,133.02,33.16,4596080.15
IAG,,1,"[0, 0, 0, 0, 0, 0, 0, 0, 1, 0]",,,24.57,10.96,5312780.25
CGNX,,1,"[0, 0, 0, 0, 0, 0, 0, 0, 1, 0]",,,72.32,34.65,1438671.9
KTOS,,1,"[0, 0, 0, 0, 0, 0, 0, 0, 1, 0]",,,130.72,43.88,3681483.0
JEF,,1,"[0, 0, 0, 0, 0, 0, 0, 0, 1, 0]",,,64.78,35.48,2126839.5
AG,,1,"[0, 0, 0, 0, 0, 0, 0, 0, 1, 0]",,,31.96,10.65,9524416.25
EMBJ,,1,"[0, 0, 0, 0, 0, 0, 0, 0, 1, 0]",,,79.6,53.63,1172787.35
ESI,,1,"[0, 0, 0, 0, 0, 0, 0, 0, 1, 0]",,,48.98,22.77,5602072.05
JOBY,,1,"[0, 0, 0, 0, 0, 0, 0, 0, 1, 0]",,,19.57,6.08,25504027.45
MUSA,,1,"[0, 0, 0, 0, 0, 0, 0, 0, 1, 0]",,,622.07,354.79,297992.2
BTSG,,1,"[0, 0, 0, 0, 0, 0, 0, 0, 1, 0]",,,72.91,26.85,2588279.85
GSAT,,1,"[0, 0, 0, 0, 0, 0, 0, 0, 1, 0]",,,84.43,34.19,607716.6
GMED,,1,"[0, 0, 0, 0, 0, 0, 0, 0, 1, 0]",,,96.82,55.1,1429593.25
BEP,,1,"[0, 0, 0, 0, 0, 0, 0, 0, 1, 0]",,,36.63,24.64,1048317.45
KNX,,1,"[0, 0, 0, 0, 0, 0, 0, 0, 1, 0]",,,82.21,38.47,3538595.95
ALSN,,1,"[0, 0, 0, 0, 0, 0, 0, 0, 1, 0]",,,135.36,78.44,786223.05
SNAP,,1,"[0, 0, 0, 0, 0, 0, 0, 0, 1, 0]",,,9.09,3.93,33091089.25
ARWR,,1,"[0, 0, 0, 0, 0, 0, 0, 0, 1, 0]",,,89.59,31.66,2086806.7
WTFC,,1,"[0, 0, 0, 0, 0, 0, 0, 0, 1, 0]",,,166.33,118.51,441349.25
AES,,1,"[0, 0, 0, 0, 0, 0, 0, 0, 1, 0]",,,16.87,12.41,7546634.05
SPXC,,1,"[0, 0, 0, 0, 0, 0, 0, 0, 1, 0]",,,246.41,173.6,497393.85
VFS,,1,"[0, 0, 0, 0, 0, 0, 0, 0, 1, 0]",,,4.76,2.81,376656.3
AHR,,1,"[0, 0, 0, 0, 0, 0, 0, 0, 1, 0]",,,57.72,39.57,3123901.9
DAR,,1,"[0, 0, 0, 0, 0, 0, 0, 0, 1, 0]",,,68.34,29.91,2416306.3
FCFS,,1,"[0, 0, 0, 0, 0, 0, 0, 0, 1, 0]",,,236.43,146.77,410750.0
UMBF,,1,"[0, 0, 0, 0, 0, 0, 0, 0, 1, 0]",,,151.5,102.51,638655.75
ARW,,1,"[0, 0, 0, 0, 0, 0, 0, 0, 1, 0]",,,234.83,101.87,549207.1
MOG-A,,1,"[0, 0, 0, 0, 0, 0, 0, 0, 1, 0]",,,445.38,194.79,241657.65
HBM,,1,"[0, 0, 0, 0, 0, 0, 0, 0, 1, 0]",,,31.85,13.95,3751994.6
MGM,,1,"[0, 0, 0, 0, 0, 0, 0, 0, 1, 0]",,,50.69,30.72,3322072.75
VMI,,1,"[0, 0, 0, 0, 0, 0, 0, 0, 1, 0]",,,582.78,362.21,178371.15
ABVX,,1,"[0, 0, 0, 0, 0, 0, 0, 0, 1, 0]",,,145.31,72.5,1207854.2
CTRE,,1,"[0, 0, 0, 0, 0, 0, 0, 0, 1, 0]",,,43.4,31.94,2098162.05
MOH,,1,"[0, 0, 0, 0, 0, 0, 0, 0, 1, 0]",,,242.88,122.65,603848.6
BPOP,,1,"[0, 0, 0, 0, 0, 0, 0, 0, 1, 0]",,,176.9,106.79,559595.05
SNEX,,1,"[0, 0, 0, 0, 0, 0, 0, 0, 1, 0]",,,92.67,37.2,775147.65
CYTK,,1,"[0, 0, 0, 0, 0, 0, 0, 0, 1, 0]",,,87.26,47.83,2030806.75
VSAT,,1,"[0, 0, 0, 0, 0, 0, 0, 0, 1, 0]",,,89.81,28.41,1731004.9
ICLR,,1,"[0, 0, 0, 0, 0, 0, 0, 0, 1, 0]",,,202.92,80.08,916015.45
AGX,,1,"[0, 0, 0, 0, 0, 0, 0, 0, 1, 0]",,,797.9,254.93,455693.35
CAMT,,1,"[0, 0, 0, 0, 0, 0, 0, 0, 1, 0]",,,207.46,94.4,369902.5
SBSW,,1,"[0, 0, 0, 0, 0, 0, 0, 0, 1, 0]",,,19.67,7.67,5546513.95
ELPC,,1,"[0, 0, 0, 0, 0, 0, 0, 0, 1, 0]",,,13.39,8.16,474892.85
TTC,,1,"[0, 0, 0, 0, 0, 0, 0, 0, 1, 0]",,,100.89,67.07,1051540.5
R,,1,"[0, 0, 0, 0, 0, 0, 0, 0, 1, 0]",,,279.21,157.4,246559.35
CAVA,,1,"[0, 0, 0, 0, 0, 0, 0, 0, 1, 0]",,,97.39,43.59,3323057.3
PRAX,,1,"[0, 0, 0, 0, 0, 0, 0, 0, 1, 0]",,,386.33,49.25,399017.3
ZION,,1,"[0, 0, 0, 0, 0, 0, 0, 0, 1, 0]",,,72.82,45.54,1499353.7
SIRI,,1,"[0, 0, 0, 0, 0, 0, 0, 0, 1, 0]",,,32.3,19.3,4070308.8
RIOT,,1,"[0, 0, 0, 0, 0, 0, 0, 0, 1, 0]",,,28.69,11.83,16286047.5
FLS,,1,"[0, 0, 0, 0, 0, 0, 0, 0, 1, 0]",,,91.49,48.65,1660436.65
ALGM,,1,"[0, 0, 0, 0, 0, 0, 0, 0, 1, 0]",,,69.62,22.8,2143922.6
GDS,,1,"[0, 0, 0, 0, 0, 0, 0, 0, 1, 0]",,,47.52,29.02,1114897.35
KRYS,,1,"[0, 0, 0, 0, 0, 0, 0, 0, 1, 0]",,,378.15,161.15,271884.3
EGO,,1,"[0, 0, 0, 0, 0, 0, 0, 0, 1, 0]",,,49.43,24.79,3133259.7
GGB,,1,"[0, 0, 0, 0, 0, 0, 0, 0, 1, 0]",,,5.15,2.99,11402401.0
MXL,,1,"[0, 0, 0, 0, 0, 0, 0, 0, 1, 0]",,,128.03,13.05,2633664.5
IBRX,,1,"[0, 0, 0, 0, 0, 0, 0, 0, 1, 0]",,,11.55,1.98,10505368.15
AAL,,1,"[0, 0, 0, 0, 0, 0, 0, 0, 1, 0]",,,18.15,10.18,70368882.35
DDS,,1,"[0, 0, 0, 0, 0, 0, 0, 0, 1, 0]",,,699.51,510.39,184718.3
FRO,,1,"[0, 0, 0, 0, 0, 0, 0, 0, 1, 0]",,,51.42,17.91,3746500.1
CRUS,,1,"[0, 0, 0, 0, 0, 0, 0, 0, 1, 0]",,,178.9,108.48,976810.65
BVN,,1,"[0, 0, 0, 0, 0, 0, 0, 0, 1, 0]",,,42.44,20.43,1247658.4
W,,1,"[0, 0, 0, 0, 0, 0, 0, 0, 1, 0]",,,119.05,57.4,2413340.05
LUMN,,1,"[0, 0, 0, 0, 0, 0, 0, 0, 1, 0]",,,11.83,5.67,13558509.3
LLYVK,,1,"[0, 0, 0, 0, 0, 0, 0, 0, 1, 0]",,,108.86,77.33,297058.5
LLYVA,,1,"[0, 0, 0, 0, 0, 0, 0, 0, 1, 0]",,,104.99,74.85,135402.5
LEVI,,1,"[0, 0, 0, 0, 0, 0, 0, 0, 1, 0]",,,25.53,17.69,2287223.75
COLB,,1,"[0, 0, 0, 0, 0, 0, 0, 0, 1, 0]",,,33.2,22.9,2970323.45
OSK,,1,"[0, 0, 0, 0, 0, 0, 0, 0, 1, 0]",,,176.5,117.24,551158.7
MTCH,,1,"[0, 0, 0, 0, 0, 0, 0, 0, 1, 0]",,,44.4,28.57,3565150.9
FR,,1,"[0, 0, 0, 0, 0, 0, 0, 0, 1, 0]",,,68.86,49.05,971193.65
CRL,,1,"[0, 0, 0, 0, 0, 0, 0, 0, 1, 0]",,,298.58,145.57,971111.8
FROG,,1,"[0, 0, 0, 0, 0, 0, 0, 0, 1, 0]",,,104.03,34.75,1909728.3
ZWS,,1,"[0, 0, 0, 0, 0, 0, 0, 0, 1, 0]",,,53.06,43.5,892405.95
SIMO,,1,"[0, 0, 0, 0, 0, 0, 0, 0, 1, 0]",,,336.22,79.53,759766.15
ENS,,1,"[0, 0, 0, 0, 0, 0, 0, 0, 1, 0]",,,242.66,108.67,576592.3
PRMB,,1,"[0, 0, 0, 0, 0, 0, 0, 0, 1, 0]",,,25.26,14.14,4579833.55
EMN,,1,"[0, 0, 0, 0, 0, 0, 0, 0, 1, 0]",,,78.5,53.69,1082413.35
CIFR,,1,"[0, 0, 0, 0, 0, 0, 0, 0, 1, 0]",,,29.18,11.47,34351889.95
QBTS,,1,"[0, 0, 0, 0, 0, 0, 0, 0, 1, 0]",,,44.78,12.98,16324646.45
ECG,,1,"[0, 0, 0, 0, 0, 0, 0, 0, 1, 0]",,,169.16,79.28,432970.0
FIGR,,1,"[0, 0, 0, 0, 0, 0, 0, 0, 1, 0]",,,73.91,24.91,4612187.8
ICL,,1,"[0, 0, 0, 0, 0, 0, 0, 0, 1, 0]",,,6.7,4.67,1223745.4
TKR,,1,"[0, 0, 0, 0, 0, 0, 0, 0, 1, 0]",,,144.93,69.84,929398.9
SSL,,1,"[0, 0, 0, 0, 0, 0, 0, 0, 1, 0]",,,15.11,5.33,1952309.5
KRMN,,1,"[0, 0, 0, 0, 0, 0, 0, 0, 1, 0]",,,115.29,33.05,3933600.05
BOKF,,1,"[0, 0, 0, 0, 0, 0, 0, 0, 1, 0]",,,145.44,101.73,273221.15
NXE,,1,"[0, 0, 0, 0, 0, 0, 0, 0, 1, 0]",,,13.92,7.56,4084714.35
NE,,1,"[0, 0, 0, 0, 0, 0, 0, 0, 1, 0]",,,53.23,25.47,1166966.5
AMG,,1,"[0, 0, 0, 0, 0, 0, 0, 0, 1, 0]",,,383.41,230.75,281994.25
IDA,,1,"[0, 0, 0, 0, 0, 0, 0, 0, 1, 0]",,,153.61,122.42,552414.4
VIRT,,1,"[0, 0, 0, 0, 0, 0, 0, 0, 1, 0]",,,67.68,31.71,960388.9
MSGS,,1,"[0, 0, 0, 0, 0, 0, 0, 0, 1, 0]",,,414.12,212.91,286998.7
ROAD,,1,"[0, 0, 0, 0, 0, 0, 0, 0, 1, 0]",,,140.48,93.44,550295.9
CMC,,1,"[0, 0, 0, 0, 0, 0, 0, 0, 1, 0]",,,82.67,54.7,1029611.3
JXN,,1,"[0, 0, 0, 0, 0, 0, 0, 0, 1, 0]",,,139.72,87.8,857695.8
ESE,,1,"[0, 0, 0, 0, 0, 0, 0, 0, 1, 0]",,,354.82,195.21,240088.4
GKOS,,1,"[0, 0, 0, 0, 0, 0, 0, 0, 1, 0]",,,189.55,74.67,735284.2
CWEN,,1,"[0, 0, 0, 0, 0, 0, 0, 0, 1, 0]",,,40.64,26.84,1245310.95
CIG,,1,"[0, 0, 0, 0, 0, 0, 0, 0, 1, 0]",,,2.62,1.79,5109335.8
MBLY,,1,"[0, 0, 0, 0, 0, 0, 0, 0, 1, 0]",,,15.54,6.56,4804427.3
KNTK,,1,"[0, 0, 0, 0, 0, 0, 0, 0, 1, 0]",,,55.1,30.05,1212703.75
CHRD,,1,"[0, 0, 0, 0, 0, 0, 0, 0, 1, 0]",,,157.0,81.47,704558.05
MIDD,,1,"[0, 0, 0, 0, 0, 0, 0, 0, 1, 0]",,,144.17,89.85,602271.35
PCVX,,1,"[0, 0, 0, 0, 0, 0, 0, 0, 1, 0]",,,63.3,32.14,1324002.6
KEX,,1,"[0, 0, 0, 0, 0, 0, 0, 0, 1, 0]",,,152.59,79.95,407206.65
HALO,,1,"[0, 0, 0, 0, 0, 0, 0, 0, 1, 0]",,,112.45,61.63,2094686.7
YOU,,1,"[0, 0, 0, 0, 0, 0, 0, 0, 1, 0]",,,61.97,29.1,1999233.8
ORA,,1,"[0, 0, 0, 0, 0, 0, 0, 0, 1, 0]",,,144.94,91.2,996420.6
VLY,,1,"[0, 0, 0, 0, 0, 0, 0, 0, 1, 0]",,,15.07,9.39,6683859.05
VFC,,1,"[0, 0, 0, 0, 0, 0, 0, 0, 1, 0]",,,21.29,12.62,6658877.85
WFRD,,1,"[0, 0, 0, 0, 0, 0, 0, 0, 1, 0]",,,111.07,60.73,1089514.15
CORZ,,1,"[0, 0, 0, 0, 0, 0, 0, 0, 1, 0]",,,29.16,13.57,11321441.4
TEX,,1,"[0, 0, 0, 0, 0, 0, 0, 0, 1, 0]",,,74.39,41.45,1006434.75
SOBO,,1,"[0, 0, 0, 0, 0, 0, 0, 0, 1, 0]",,,38.67,24.54,595815.5
FAF,,1,"[0, 0, 0, 0, 0, 0, 0, 0, 1, 0]",,,79.16,56.38,865557.85
IDCC,,1,"[0, 0, 0, 0, 0, 0, 0, 0, 1, 0]",,,393.78,250.11,218204.45
OR,,1,"[0, 0, 0, 0, 0, 0, 0, 0, 1, 0]",,,47.56,28.05,878675.0
HXL,,1,"[0, 0, 0, 0, 0, 0, 0, 0, 1, 0]",,,110.09,60.57,811091.05
OGC,,1,"[0, 0, 0, 0, 0, 0, 0, 0, 1, 0]",,,42.25,20.23,644806.7
SLAB,,1,"[0, 0, 0, 0, 0, 0, 0, 0, 1, 0]",,,221.25,116.08,290270.55
RIG,,1,"[0, 0, 0, 0, 0, 0, 0, 0, 1, 0]",,,7.58,3.08,44080267.05
PLXS,,1,"[0, 0, 0, 0, 0, 0, 0, 0, 1, 0]",,,303.82,132.74,214233.4
GGAL,,1,"[0, 0, 0, 0, 0, 0, 0, 0, 1, 0]",,,58.63,25.62,715832.45
SSRM,,1,"[0, 0, 0, 0, 0, 0, 0, 0, 1, 0]",,,39.21,19.46,2394726.1
LTH,,1,"[0, 0, 0, 0, 0, 0, 0, 0, 1, 0]",,,45.73,24.59,3237284.55
KYMR,,1,"[0, 0, 0, 0, 0, 0, 0, 0, 1, 0]",,,127.31,53.74,721815.85
SM,,1,"[0, 0, 0, 0, 0, 0, 0, 0, 1, 0]",,,41.29,17.2,4250906.7
LEA,,1,"[0, 0, 0, 0, 0, 0, 0, 0, 1, 0]",,,147.77,94.39,662322.6
HR,,1,"[0, 0, 0, 0, 0, 0, 0, 0, 1, 0]",,,21.6,15.74,3822259.9
RHP,,1,"[0, 0, 0, 0, 0, 0, 0, 0, 1, 0]",,,135.99,82.97,595703.9
NOV,,1,"[0, 0, 0, 0, 0, 0, 0, 0, 1, 0]",,,21.62,12.04,3159713.6
DBX,,1,"[0, 0, 0, 0, 0, 0, 0, 0, 1, 0]",,,37.74,22.06,4365429.95
TFPM,,1,"[0, 0, 0, 0, 0, 0, 0, 0, 1, 0]",,,41.15,26.8,507100.4
AUGO,,1,"[0, 0, 0, 0, 0, 0, 0, 0, 1, 0]",,,107.02,29.37,1068228.75
MTDR,,1,"[0, 0, 0, 0, 0, 0, 0, 0, 1, 0]",,,64.51,36.03,1750431.0
MYRG,,1,"[0, 0, 0, 0, 0, 0, 0, 0, 1, 0]",,,501.13,192.88,288692.15
AVT,,1,"[0, 0, 0, 0, 0, 0, 0, 0, 1, 0]",,,101.15,43.47,1327946.9
LGN,,1,"[0, 0, 0, 0, 0, 0, 0, 0, 1, 0]",,,102.27,29.97,826776.15
BRKR,,1,"[0, 0, 0, 0, 0, 0, 0, 0, 1, 0]",,,64.29,30.65,2267214.15
SGHC,,1,"[0, 0, 0, 0, 0, 0, 0, 0, 1, 0]",,,15.53,8.42,2417988.15
STEP,,1,"[0, 0, 0, 0, 0, 0, 0, 0, 1, 0]",,,73.91,39.28,1111020.8
UGP,,1,"[0, 0, 0, 0, 0, 0, 0, 0, 1, 0]",,,7.66,3.53,3338089.75
VAL,,1,"[0, 0, 0, 0, 0, 0, 0, 0, 1, 0]",,,113.42,46.75,1253870.7
BLSH,,1,"[0, 0, 0, 0, 0, 0, 0, 0, 1, 0]",,,68.79,21.79,1600416.0
TGTX,,1,"[0, 0, 0, 0, 0, 0, 0, 0, 1, 0]",,,59.06,26.94,1784877.8
MIRM,,1,"[0, 0, 0, 0, 0, 0, 0, 0, 1, 0]",,,128.57,64.1,648758.9
ST,,1,"[0, 0, 0, 0, 0, 0, 0, 0, 1, 0]",,,53.41,28.29,1382270.75
NPO,,1,"[0, 0, 0, 0, 0, 0, 0, 0, 1, 0]",,,387.22,201.58,155462.05
PAYC,,1,"[0, 0, 0, 0, 0, 0, 0, 0, 1, 0]",,,240.52,113.1,778189.45
SYRE,,1,"[0, 0, 0, 0, 0, 0, 0, 0, 1, 0]",,,108.92,15.61,1413058.55
SWX,,1,"[0, 0, 0, 0, 0, 0, 0, 0, 1, 0]",,,92.72,75.03,726790.15
COMP,,1,"[0, 0, 0, 0, 0, 0, 0, 0, 1, 0]",,,13.58,6.68,13930959.65
AROC,,1,"[0, 0, 0, 0, 0, 0, 0, 0, 1, 0]",,,41.68,22.6,1926737.2
AXTI,,1,"[0, 0, 0, 0, 0, 0, 0, 0, 1, 0]",,,140.83,4.03,8724764.25
RSI,,1,"[0, 0, 0, 0, 0, 0, 0, 0, 1, 0]",,,34.52,15.89,3380807.6
RYTM,,1,"[0, 0, 0, 0, 0, 0, 0, 0, 1, 0]",,,117.62,75.82,588439.1
HIMS,,1,"[0, 0, 0, 0, 0, 0, 0, 0, 1, 0]",,,62.76,14.52,9827084.7
PTGX,,1,"[0, 0, 0, 0, 0, 0, 0, 0, 1, 0]",,,158.62,64.0,622046.95
ACA,,1,"[0, 0, 0, 0, 0, 0, 0, 0, 1, 0]",,,146.5,88.99,641801.35
FNB,,1,"[0, 0, 0, 0, 0, 0, 0, 0, 1, 0]",,,19.35,14.23,3903173.5
FLY,,1,"[0, 0, 0, 0, 0, 0, 0, 0, 1, 0]",,,58.81,16.78,2671540.6
CELC,,1,"[0, 0, 0, 0, 0, 0, 0, 0, 1, 0]",,,144.98,45.22,857402.75
ENIC,,1,"[0, 0, 0, 0, 0, 0, 0, 0, 1, 0]",,,4.66,3.56,891104.1
INGM,,1,"[0, 0, 0, 0, 0, 0, 0, 0, 1, 0]",,,31.54,19.32,2422071.0
LUNR,,1,"[0, 0, 0, 0, 0, 0, 0, 0, 1, 0]",,,45.7,8.05,6922648.4
RGTI,,1,"[0, 0, 0, 0, 0, 0, 0, 0, 1, 0]",,,56.34,12.9,16704655.1
CLF,,1,"[0, 0, 0, 0, 0, 0, 0, 0, 1, 0]",,,16.18,7.82,13006503.25
CE,,1,"[0, 0, 0, 0, 0, 0, 0, 0, 1, 0]",,,69.19,35.47,1875114.45
LSTR,,1,"[0, 0, 0, 0, 0, 0, 0, 0, 1, 0]",,,224.86,118.37,327025.8
GVA,,1,"[0, 0, 0, 0, 0, 0, 0, 0, 1, 0]",,,160.26,98.2,503426.5
VIST,,1,"[0, 0, 0, 0, 0, 0, 0, 0, 1, 0]",,,79.25,33.71,1198367.8
KGS,,1,"[0, 0, 0, 0, 0, 0, 0, 0, 1, 0]",,,75.7,32.17,1913663.05
URBN,,1,"[0, 0, 0, 0, 0, 0, 0, 0, 1, 0]",,,82.95,59.57,1304216.35
PTCT,,1,"[0, 0, 0, 0, 0, 0, 0, 0, 1, 0]",,,89.55,57.84,1102799.4
ETSY,,1,"[0, 0, 0, 0, 0, 0, 0, 0, 1, 0]",,,87.03,44.05,3263068.95
LNTH,,1,"[0, 0, 0, 0, 0, 0, 0, 0, 1, 0]",,,110.94,50.61,998696.85
VNO,,1,"[0, 0, 0, 0, 0, 0, 0, 0, 1, 0]",,,40.91,24.71,1283738.5
REZI,,1,"[0, 0, 0, 0, 0, 0, 0, 0, 1, 0]",,,30.97,18.37,2237396.9
OUT,,1,"[0, 0, 0, 0, 0, 0, 0, 0, 1, 0]",,,33.43,16.34,1670225.1
FLG,,1,"[0, 0, 0, 0, 0, 0, 0, 0, 1, 0]",,,15.35,10.69,4191872.5
EAT,,1,"[0, 0, 0, 0, 0, 0, 0, 0, 1, 0]",,,253.94,102.29,1421320.9
GXO,,1,"[0, 0, 0, 0, 0, 0, 0, 0, 1, 0]",,,65.59,45.23,1336155.3
COGT,,1,"[0, 0, 0, 0, 0, 0, 0, 0, 1, 0]",,,42.84,13.29,1902333.15
IBP,,1,"[0, 0, 0, 0, 0, 0, 0, 0, 1, 0]",,,340.11,194.9,437498.0
VSNT,,1,"[0, 0, 0, 0, 0, 0, 0, 0, 1, 0]",,,46.48,26.86,1697322.65
ABCB,,1,"[0, 0, 0, 0, 0, 0, 0, 0, 1, 0]",,,93.17,68.89,456040.3
TFX,,1,"[0, 0, 0, 0, 0, 0, 0, 0, 1, 0]",,,142.05,99.54,727896.65
IMVT,,1,"[0, 0, 0, 0, 0, 0, 0, 0, 1, 0]",,,44.96,15.67,1402856.75
CGON,,1,"[0, 0, 0, 0, 0, 0, 0, 0, 1, 0]",,,80.68,36.48,793743.1
USAR,,1,"[0, 0, 0, 0, 0, 0, 0, 0, 1, 0]",,,38.68,11.9,13104744.9
ALKS,,1,"[0, 0, 0, 0, 0, 0, 0, 0, 1, 0]",,,55.22,27.13,1966355.55
CENX,,1,"[0, 0, 0, 0, 0, 0, 0, 0, 1, 0]",,,68.77,25.96,1604002.35
MSM,,1,"[0, 0, 0, 0, 0, 0, 0, 0, 1, 0]",,,127.28,78.9,687423.2
SRRK,,1,"[0, 0, 0, 0, 0, 0, 0, 0, 1, 0]",,,60.04,27.92,2034802.2
BLCO,,1,"[0, 0, 0, 0, 0, 0, 0, 0, 1, 0]",,,18.6,14.32,400395.85
PIPR,,1,"[0, 0, 0, 0, 0, 0, 0, 0, 1, 0]",,,92.26,69.6,632988.75
BKH,,1,"[0, 0, 0, 0, 0, 0, 0, 0, 1, 0]",,,75.38,57.52,900218.85
KMX,,1,"[0, 0, 0, 0, 0, 0, 0, 0, 1, 0]",,,64.22,30.88,1958671.9
MAC,,1,"[0, 0, 0, 0, 0, 0, 0, 0, 1, 0]",,,26.31,15.68,3400702.2
CZR,,1,"[0, 0, 0, 0, 0, 0, 0, 0, 1, 0]",,,30.41,18.14,4284262.3
PRIM,,1,"[0, 0, 0, 0, 0, 0, 0, 0, 1, 0]",,,202.75,72.11,1232452.3
GLNG,,1,"[0, 0, 0, 0, 0, 0, 0, 0, 1, 0]",,,56.8,34.8,1318729.35
OSCR,,1,"[0, 0, 0, 0, 0, 0, 0, 0, 1, 0]",,,33.81,10.85,5356061.65
S,,1,"[0, 0, 0, 0, 0, 0, 0, 0, 1, 0]",,,24.1,11.94,9829503.7
CORT,,1,"[0, 0, 0, 0, 0, 0, 0, 0, 1, 0]",,,123.57,32.15,1726340.0
RUSHA,,1,"[0, 0, 0, 0, 0, 0, 0, 0, 1, 0]",,,55.02,30.75,624713.35
HWC,,1,"[0, 0, 0, 0, 0, 0, 0, 0, 1, 0]",,,79.25,52.98,759362.4
CACC,,1,"[0, 0, 0, 0, 0, 0, 0, 0, 1, 0]",,,657.2,411.04,122268.85
ZGN,,1,"[0, 0, 0, 0, 0, 0, 0, 0, 1, 0]",,,15.25,8.6,1305768.8
MATX,,1,"[0, 0, 0, 0, 0, 0, 0, 0, 1, 0]",,,238.6,87.23,294742.1
MCY,,1,"[0, 0, 0, 0, 0, 0, 0, 0, 1, 0]",,,110.77,75.21,306186.0
ALM,,1,"[0, 0, 0, 0, 0, 0, 0, 0, 1, 0]",,,23.42,5.59,6307510.55
BGC,,1,"[0, 0, 0, 0, 0, 0, 0, 0, 1, 0]",,,12.63,8.24,3359951.7
AUB,,1,"[0, 0, 0, 0, 0, 0, 0, 0, 1, 0]",,,43.01,30.43,1258007.45
GTX,,1,"[0, 0, 0, 0, 0, 0, 0, 0, 1, 0]",,,36.12,12.31,2920961.5
MRCY,,1,"[0, 0, 0, 0, 0, 0, 0, 0, 1, 0]",,,126.21,66.12,676709.55
VSEC,,1,"[0, 0, 0, 0, 0, 0, 0, 0, 1, 0]",,,243.48,154.64,370026.45
TEO,,1,"[0, 0, 0, 0, 0, 0, 0, 0, 1, 0]",,,15.98,7.26,311177.75
LBRT,,1,"[0, 0, 0, 0, 0, 0, 0, 0, 1, 0]",,,33.68,11.76,3398121.05
XENE,,1,"[0, 0, 0, 0, 0, 0, 0, 0, 1, 0]",,,70.96,36.52,1970283.25
SNDR,,1,"[0, 0, 0, 0, 0, 0, 0, 0, 1, 0]",,,38.54,19.98,666055.75
KLIC,,1,"[0, 0, 0, 0, 0, 0, 0, 0, 1, 0]",,,133.47,34.87,672468.25
SEI,,1,"[0, 0, 0, 0, 0, 0, 0, 0, 1, 0]",,,82.72,37.88,2751268.85
GOLF,,1,"[0, 0, 0, 0, 0, 0, 0, 0, 1, 0]",,,118.18,74.45,340214.85
BEPC,,1,"[0, 0, 0, 0, 0, 0, 0, 0, 1, 0]",,,42.99,29.05,1742475.95
VCTR,,1,"[0, 0, 0, 0, 0, 0, 0, 0, 1, 0]",,,120.59,59.26,806185.9
BC,,1,"[0, 0, 0, 0, 0, 0, 0, 0, 1, 0]",,,87.8,57.45,798937.3
MUR,,1,"[0, 0, 0, 0, 0, 0, 0, 0, 1, 0]",,,41.94,25.53,1618333.25
MGY,,1,"[0, 0, 0, 0, 0, 0, 0, 0, 1, 0]",,,31.94,20.84,4081143.9
CRSP,,1,"[0, 0, 0, 0, 0, 0, 0, 0, 1, 0]",,,76.78,44.34,1567035.7
PACS,,1,"[0, 0, 0, 0, 0, 0, 0, 0, 1, 0]",,,48.45,10.58,706761.4
HASI,,1,"[0, 0, 0, 0, 0, 0, 0, 0, 1, 0]",,,42.83,26.75,1133069.1
ATAT,,1,"[0, 0, 0, 0, 0, 0, 0, 0, 1, 0]",,,42.21,31.03,877534.55
CRC,,1,"[0, 0, 0, 0, 0, 0, 0, 0, 1, 0]",,,69.14,42.65,892402.0
LEGN,,1,"[0, 0, 0, 0, 0, 0, 0, 0, 1, 0]",,,36.28,16.65,2084564.9
PRM,,1,"[0, 0, 0, 0, 0, 0, 0, 0, 1, 0]",,,37.78,20.69,1093029.6
IFS,,1,"[0, 0, 0, 0, 0, 0, 0, 0, 1, 0]",,,60.68,36.99,200461.6
CROX,,1,"[0, 0, 0, 0, 0, 0, 0, 0, 1, 0]",,,141.19,73.39,1128678.05
CAR,,1,"[0, 0, 0, 0, 0, 0, 0, 0, 1, 0]",,,713.97,87.69,428133.9
M,,1,"[0, 0, 0, 0, 0, 0, 0, 0, 1, 0]",,,25.99,15.94,6903924.8
AVAL,,1,"[0, 0, 0, 0, 0, 0, 0, 0, 1, 0]",,,5.7,3.17,120816.2
KNF,,1,"[0, 0, 0, 0, 0, 0, 0, 0, 1, 0]",,,93.97,51.43,1061484.3
DIOD,,1,"[0, 0, 0, 0, 0, 0, 0, 0, 1, 0]",,,122.76,42.36,527040.9
SON,,1,"[0, 0, 0, 0, 0, 0, 0, 0, 1, 0]",,,60.0,37.64,1229156.05
WSC,,1,"[0, 0, 0, 0, 0, 0, 0, 0, 1, 0]",,,28.97,14.78,2671739.75
RELY,,1,"[0, 0, 0, 0, 0, 0, 0, 0, 1, 0]",,,26.92,12.2,4340033.4
SXT,,1,"[0, 0, 0, 0, 0, 0, 0, 0, 1, 0]",,,137.45,82.4,324466.85
ALH,,1,"[0, 0, 0, 0, 0, 0, 0, 0, 1, 0]",,,28.01,19.06,1037583.55
ACLS,,1,"[0, 0, 0, 0, 0, 0, 0, 0, 1, 0]",,,191.6,74.12,348504.3
LB,,1,"[0, 0, 0, 0, 0, 0, 0, 0, 1, 0]",,,89.59,44.0,220042.5
STVN,,1,"[0, 0, 0, 0, 0, 0, 0, 0, 1, 0]",,,27.51,13.38,337021.85
MWH,,1,"[0, 0, 0, 0, 0, 0, 0, 0, 1, 0]",,,46.77,23.86,1360906.05
BMA,,1,"[0, 0, 0, 0, 0, 0, 0, 0, 1, 0]",,,101.13,38.86,240470.05
GBTG,,1,"[0, 0, 0, 0, 0, 0, 0, 0, 1, 0]",,,9.51,4.97,2262188.6
TDS,,1,"[0, 0, 0, 0, 0, 0, 0, 0, 1, 0]",,,47.45,32.95,1450595.45
NOVT,,1,"[0, 0, 0, 0, 0, 0, 0, 0, 1, 0]",,,168.75,99.22,337759.8
MARA,,1,"[0, 0, 0, 0, 0, 0, 0, 0, 1, 0]",,,22.84,6.73,47229140.2
ACHR,,1,"[0, 0, 0, 0, 0, 0, 0, 0, 1, 0]",,,13.64,4.44,23853138.45
PSMT,,1,"[0, 0, 0, 0, 0, 0, 0, 0, 1, 0]",,,197.13,113.98,219639.95
SYNA,,1,"[0, 0, 0, 0, 0, 0, 0, 0, 1, 0]",,,147.57,58.52,707436.8
OPEN,,1,"[0, 0, 0, 0, 0, 0, 0, 0, 1, 0]",,,9.37,2.56,30763109.7
PBF,,1,"[0, 0, 0, 0, 0, 0, 0, 0, 1, 0]",,,78.3,25.55,3804295.05
INDV,,1,"[0, 0, 0, 0, 0, 0, 0, 0, 1, 0]",,,41.83,22.73,2020272.75
ENPH,,1,"[0, 0, 0, 0, 0, 0, 0, 0, 1, 0]",,,72.33,26.12,4541748.45
KC,,1,"[0, 0, 0, 0, 0, 0, 0, 0, 1, 0]",,,18.21,8.58,1246427.45
MIAX,,1,"[0, 0, 0, 0, 0, 0, 0, 0, 1, 0]",,,56.84,35.81,1657316.55
TGS,,1,"[0, 0, 0, 0, 0, 0, 0, 0, 1, 0]",,,35.32,20.34,228370.1
DNTH,,1,"[0, 0, 0, 0, 0, 0, 0, 0, 1, 0]",,,115.96,32.92,791233.55
SPHR,,1,"[0, 0, 0, 0, 0, 0, 0, 0, 1, 0]",,,176.38,57.79,571808.05
MDU,,1,"[0, 0, 0, 0, 0, 0, 0, 0, 1, 0]",,,22.48,16.59,1945287.85
EBC,,1,"[0, 0, 0, 0, 0, 0, 0, 0, 1, 0]",,,23.49,16.27,2316730.6
HRB,,1,"[0, 0, 0, 0, 0, 0, 0, 0, 1, 0]",,,53.69,27.41,1856453.15
NAVN,,1,"[0, 0, 0, 0, 0, 0, 0, 0, 1, 0]",,,30.58,8.51,4876991.75
AIR,,1,"[0, 0, 0, 0, 0, 0, 0, 0, 1, 0]",,,153.71,77.35,378278.45
VSH,,1,"[0, 0, 0, 0, 0, 0, 0, 0, 1, 0]",,,64.7,11.61,3784664.8
PI,,1,"[0, 0, 0, 0, 0, 0, 0, 0, 1, 0]",,,241.91,91.34,381887.75
MEOH,,1,"[0, 0, 0, 0, 0, 0, 0, 0, 1, 0]",,,65.32,33.39,824611.05
NTSK,,1,"[0, 0, 0, 0, 0, 0, 0, 0, 1, 0]",,,24.26,7.73,7597353.85
QS,,1,"[0, 0, 0, 0, 0, 0, 0, 0, 1, 0]",,,18.44,4.89,11823125.55
CVLT,,1,"[0, 0, 0, 0, 0, 0, 0, 0, 1, 0]",,,193.03,75.18,540267.6
CSTM,,1,"[0, 0, 0, 0, 0, 0, 0, 0, 1, 0]",,,36.15,14.41,1488628.2
LAUR,,1,"[0, 0, 0, 0, 0, 0, 0, 0, 1, 0]",,,40.46,28.87,973485.75
PAM,,1,"[0, 0, 0, 0, 0, 0, 0, 0, 1, 0]",,,92.27,58.25,185412.25
PAGP,,1,"[0, 0, 0, 0, 0, 0, 0, 0, 1, 0]",,,28.47,15.63,1685113.1
CVSA,,1,"[0, 0, 0, 0, 0, 0, 0, 0, 1, 0]",,,154.45,89.36,334601.65
ATMU,,1,"[0, 0, 0, 0, 0, 0, 0, 0, 1, 0]",,,65.42,42.6,728467.7
FTDR,,1,"[0, 0, 0, 0, 0, 0, 0, 0, 1, 0]",,,90.83,49.1,529217.6
MMYT,,1,"[0, 0, 0, 0, 0, 0, 0, 0, 1, 0]",,,95.73,36.3,750104.2
INSW,,1,"[0, 0, 0, 0, 0, 0, 0, 0, 1, 0]",,,111.15,37.13,778059.8
HCC,,1,"[0, 0, 0, 0, 0, 0, 0, 0, 1, 0]",,,110.18,62.14,627023.45
NAMS,,1,"[0, 0, 0, 0, 0, 0, 0, 0, 1, 0]",,,41.45,21.16,1672684.55
KNSA,,1,"[0, 0, 0, 0, 0, 0, 0, 0, 1, 0]",,,80.92,35.51,538247.2
SHC,,1,"[0, 0, 0, 0, 0, 0, 0, 0, 1, 0]",,,19.57,13.13,2031615.1
TBBB,,1,"[0, 0, 0, 0, 0, 0, 0, 0, 1, 0]",,,52.47,24.12,581140.15
HRI,,1,"[0, 0, 0, 0, 0, 0, 0, 0, 1, 0]",,,178.47,90.13,868806.25
NWE,,1,"[0, 0, 0, 0, 0, 0, 0, 0, 1, 0]",,,72.73,54.87,419314.05
FLNC,,1,"[0, 0, 0, 0, 0, 0, 0, 0, 1, 0]",,,32.23,7.27,8367916.3
YSS,,1,"[0, 0, 0, 0, 0, 0, 0, 0, 1, 0]",,,43.45,7.45,3840525.95
LGND,,1,"[0, 0, 0, 0, 0, 0, 0, 0, 1, 0]",,,322.61,166.76,213252.2
IPGP,,1,"[0, 0, 0, 0, 0, 0, 0, 0, 1, 0]",,,153.91,70.74,490072.4
CBT,,1,"[0, 0, 0, 0, 0, 0, 0, 0, 1, 0]",,,92.88,57.32,378613.55
GTLB,,1,"[0, 0, 0, 0, 0, 0, 0, 0, 1, 0]",,,51.04,19.42,6000512.4
BCO,,1,"[0, 0, 0, 0, 0, 0, 0, 0, 1, 0]",,,134.96,91.97,415665.4
HAFN,,1,"[0, 0, 0, 0, 0, 0, 0, 0, 1, 0]",,,10.12,4.53,2646494.8
WIX,,1,"[0, 0, 0, 0, 0, 0, 0, 0, 1, 0]",,,180.68,40.43,1409340.95
AZZ,,1,"[0, 0, 0, 0, 0, 0, 0, 0, 1, 0]",,,159.9,97.18,245503.1
ONDS,,1,"[0, 0, 0, 0, 0, 0, 0, 0, 1, 0]",,,14.01,5.25,65181710.65
UNF,,1,"[0, 0, 0, 0, 0, 0, 0, 0, 1, 0]",,,300.79,149.11,356440.05
IRDM,,1,"[0, 0, 0, 0, 0, 0, 0, 0, 1, 0]",,,55.54,15.52,1032097.6
MANE,,1,"[0, 0, 0, 0, 0, 0, 0, 0, 1, 0]",,,129.74,37.03,656739.1
STNG,,1,"[0, 0, 0, 0, 0, 0, 0, 0, 1, 0]",,,87.85,48.65,928356.3
TCBI,,1,"[0, 0, 0, 0, 0, 0, 0, 0, 1, 0]",,,107.52,76.77,492861.2
TPC,,1,"[0, 0, 0, 0, 0, 0, 0, 0, 1, 0]",,,99.01,58.56,461501.15
ENVA,,1,"[0, 0, 0, 0, 0, 0, 0, 0, 1, 0]",,,265.45,104.01,403515.8
PLUG,,1,"[0, 0, 0, 0, 0, 0, 0, 0, 1, 0]",,,4.14,1.79,46681963.45
HNGE,,1,"[0, 0, 0, 0, 0, 0, 0, 0, 1, 0]",,,94.9,31.17,2034345.4
WHD,,1,"[0, 0, 0, 0, 0, 0, 0, 0, 1, 0]",,,73.57,33.05,795700.9
PTEN,,1,"[0, 0, 0, 0, 0, 0, 0, 0, 1, 0]",,,13.15,4.96,8901038.95
SMR,,1,"[0, 0, 0, 0, 0, 0, 0, 0, 1, 0]",,,53.43,7.59,37621066.6
CMBT,,1,"[0, 0, 0, 0, 0, 0, 0, 0, 1, 0]",,,20.41,8.53,1187180.05
CNO,,1,"[0, 0, 0, 0, 0, 0, 0, 0, 1, 0]",,,56.56,37.9,1135941.35
BETA,,1,"[0, 0, 0, 0, 0, 0, 0, 0, 1, 0]",,,36.8,13.59,3849623.0
CNR,,1,"[0, 0, 0, 0, 0, 0, 0, 0, 1, 0]",,,113.0,75.66,509943.0
BLLN,,1,"[0, 0, 0, 0, 0, 0, 0, 0, 1, 0]",,,149.97,64.03,614205.4
ZETA,,1,"[0, 0, 0, 0, 0, 0, 0, 0, 1, 0]",,,32.68,14.55,6831560.75
NVTS,,1,"[0, 0, 0, 0, 0, 0, 0, 0, 1, 0]",,,31.79,6.43,11222829.9
FHI,,1,"[0, 0, 0, 0, 0, 0, 0, 0, 1, 0]",,,65.39,46.07,687287.1
COLD,,1,"[0, 0, 0, 0, 0, 0, 0, 0, 1, 0]",,,16.25,9.61,3657166.05
LMND,,1,"[0, 0, 0, 0, 0, 0, 0, 0, 1, 0]",,,96.57,44.36,1014753.7
AMRX,,1,"[0, 0, 0, 0, 0, 0, 0, 0, 1, 0]",,,20.16,9.6,2408124.65
LPL,,1,"[0, 0, 0, 0, 0, 0, 0, 0, 1, 0]",,,5.76,2.79,2251582.85
TREX,,1,"[0, 0, 0, 0, 0, 0, 0, 0, 1, 0]",,,53.57,30.13,1478015.6
DOO,,1,"[0, 0, 0, 0, 0, 0, 0, 0, 1, 0]",,,81.22,50.79,326723.05
MTRN,,1,"[0, 0, 0, 0, 0, 0, 0, 0, 1, 0]",,,297.21,111.13,257458.7
XMTR,,1,"[0, 0, 0, 0, 0, 0, 0, 0, 1, 0]",,,105.01,36.1,761615.85
NP,,1,"[0, 0, 0, 0, 0, 0, 0, 0, 1, 0]",,,35.11,17.14,477959.85
LASR,,1,"[0, 0, 0, 0, 0, 0, 0, 0, 1, 0]",,,84.95,28.04,1136600.15
CAAP,,1,"[0, 0, 0, 0, 0, 0, 0, 0, 1, 0]",,,29.21,16.83,216121.95
TNL,,1,"[0, 0, 0, 0, 0, 0, 0, 0, 1, 0]",,,77.73,56.16,677898.1
PVH,,1,"[0, 0, 0, 0, 0, 0, 0, 0, 1, 0]",,,98.72,60.81,1130058.65
LBTYA,,1,"[0, 0, 0, 0, 0, 0, 0, 0, 1, 0]",,,13.03,9.48,2380104.15
CRGY,,1,"[0, 0, 0, 0, 0, 0, 0, 0, 1, 0]",,,15.37,7.53,6575066.7
COCO,,1,"[0, 0, 0, 0, 0, 0, 0, 0, 1, 0]",,,84.02,39.01,1514603.7
POWI,,1,"[0, 0, 0, 0, 0, 0, 0, 0, 1, 0]",,,86.99,30.39,844488.25
LEU,,1,"[0, 0, 0, 0, 0, 0, 0, 0, 1, 0]",,,436.0,139.01,792728.35
ANDG,,1,"[0, 0, 0, 0, 0, 0, 0, 0, 1, 0]",,,57.45,18.34,417434.6
KTB,,1,"[0, 0, 0, 0, 0, 0, 0, 0, 1, 0]",,,87.53,56.22,792352.5
MRX,,1,"[0, 0, 0, 0, 0, 0, 0, 0, 1, 0]",,,78.27,27.85,791709.4
ARIS,,1,"[0, 0, 0, 0, 0, 0, 0, 0, 1, 0]",,,22.68,9.09,1433094.05
DLO,,1,"[0, 0, 0, 0, 0, 0, 0, 0, 1, 0]",,,15.78,10.83,1669015.95
GFF,,1,"[0, 0, 0, 0, 0, 0, 0, 0, 1, 0]",,,106.98,66.11,330128.6
TDW,,1,"[0, 0, 0, 0, 0, 0, 0, 0, 1, 0]",,,100.61,47.29,608383.3
OPLN,,1,"[0, 0, 0, 0, 0, 0, 0, 0, 1, 0]",,,42.9,24.49,1100225.45
KAI,,1,"[0, 0, 0, 0, 0, 0, 0, 0, 1, 0]",,,346.52,246.63,167637.8
BBWI,,1,"[0, 0, 0, 0, 0, 0, 0, 0, 1, 0]",,,25.92,14.41,7015226.1
TVTX,,1,"[0, 0, 0, 0, 0, 0, 0, 0, 1, 0]",,,67.52,23.9,1418720.9
LIVN,,1,"[0, 0, 0, 0, 0, 0, 0, 0, 1, 0]",,,85.32,49.57,643628.35
NVST,,1,"[0, 0, 0, 0, 0, 0, 0, 0, 1, 0]",,,30.26,18.95,2687049.35
ACMR,,1,"[0, 0, 0, 0, 0, 0, 0, 0, 1, 0]",,,126.89,29.67,1052298.1
UCTT,,1,"[0, 0, 0, 0, 0, 0, 0, 0, 1, 0]",,,142.59,21.65,774761.5
HGV,,1,"[0, 0, 0, 0, 0, 0, 0, 0, 1, 0]",,,54.69,35.56,1036844.3
PII,,1,"[0, 0, 0, 0, 0, 0, 0, 0, 1, 0]",,,73.91,46.92,835846.55
SKE,,1,"[0, 0, 0, 0, 0, 0, 0, 0, 1, 0]",,,38.12,15.54,450884.35
EE,,1,"[0, 0, 0, 0, 0, 0, 0, 0, 1, 0]",,,42.6,24.66,447845.7
ORKA,,1,"[0, 0, 0, 0, 0, 0, 0, 0, 1, 0]",,,113.08,15.05,905228.5
RNG,,1,"[0, 0, 0, 0, 0, 0, 0, 0, 1, 0]",,,79.23,24.69,1532003.5
CATY,,1,"[0, 0, 0, 0, 0, 0, 0, 0, 1, 0]",,,64.53,43.96,487903.7
ACAD,,1,"[0, 0, 0, 0, 0, 0, 0, 0, 1, 0]",,,30.57,20.06,1793476.2
DAN,,1,"[0, 0, 0, 0, 0, 0, 0, 0, 1, 0]",,,38.62,17.84,1460439.6
EWTX,,1,"[0, 0, 0, 0, 0, 0, 0, 0, 1, 0]",,,48.35,14.7,1349567.05
TAC,,1,"[0, 0, 0, 0, 0, 0, 0, 0, 1, 0]",,,17.53,11.5,2031549.25
SOUN,,1,"[0, 0, 0, 0, 0, 0, 0, 0, 1, 0]",,,21.4,5.7,21877714.45
JOE,,1,"[0, 0, 0, 0, 0, 0, 0, 0, 1, 0]",,,72.27,46.43,293890.3
HP,,1,"[0, 0, 0, 0, 0, 0, 0, 0, 1, 0]",,,47.64,21.23,1352757.75
INDB,,1,"[0, 0, 0, 0, 0, 0, 0, 0, 1, 0]",,,87.17,62.86,334021.3
FG,,1,"[0, 0, 0, 0, 0, 0, 0, 0, 1, 0]",,,33.62,20.06,685291.85
BB,,1,"[0, 0, 0, 0, 0, 0, 0, 0, 1, 0]",,,12.81,3.15,13799441.05
PPTA,,1,"[0, 0, 0, 0, 0, 0, 0, 0, 1, 0]",,,37.22,16.9,958471.35
LRN,,1,"[0, 0, 0, 0, 0, 0, 0, 0, 1, 0]",,,153.53,61.02,693373.5
BULL,,1,"[0, 0, 0, 0, 0, 0, 0, 0, 1, 0]",,,15.55,4.63,15532064.9
BELFB,,1,"[0, 0, 0, 0, 0, 0, 0, 0, 1, 0]",,,332.96,134.24,150441.3
WSFS,,1,"[0, 0, 0, 0, 0, 0, 0, 0, 1, 0]",,,82.09,49.8,374020.6
LQDA,,1,"[0, 0, 0, 0, 0, 0, 0, 0, 1, 0]",,,91.03,21.8,1173243.05
ALHC,,1,"[0, 0, 0, 0, 0, 0, 0, 0, 1, 0]",,,24.56,7.86,10518508.5
AAUC,,1,"[0, 0, 0, 0, 0, 0, 0, 0, 1, 0]",,,32.01,14.66,445101.9
CGAU,,1,"[0, 0, 0, 0, 0, 0, 0, 0, 1, 0]",,,24.25,9.84,1321883.3
OII,,1,"[0, 0, 0, 0, 0, 0, 0, 0, 1, 0]",,,54.11,22.2,902847.4
VKTX,,1,"[0, 0, 0, 0, 0, 0, 0, 0, 1, 0]",,,42.13,25.09,6162013.6
CLSK,,1,"[0, 0, 0, 0, 0, 0, 0, 0, 1, 0]",,,23.2,8.18,17500148.8
SII,,1,"[0, 0, 0, 0, 0, 0, 0, 0, 1, 0]",,,165.32,77.54,129911.4
VECO,,1,"[0, 0, 0, 0, 0, 0, 0, 0, 1, 0]",,,83.04,26.39,540444.5
RUM,,1,"[0, 0, 0, 0, 0, 0, 0, 0, 1, 0]",,,10.23,4.67,5925937.15
WRBY,,1,"[0, 0, 0, 0, 0, 0, 0, 0, 1, 0]",,,30.34,16.49,2925589.6
TLX,,1,"[0, 0, 0, 0, 0, 0, 0, 0, 1, 0]",,,12.83,6.41,392645.65
RXO,,1,"[0, 0, 0, 0, 0, 0, 0, 0, 1, 0]",,,29.3,10.48,1660577.5
BTE,,1,"[0, 0, 0, 0, 0, 0, 0, 0, 1, 0]",,,5.28,2.19,16661328.85
LION,,1,"[0, 0, 0, 0, 0, 0, 0, 0, 1, 0]",,,16.4,5.91,2642300.15
TWST,,1,"[0, 0, 0, 0, 0, 0, 0, 0, 1, 0]",,,166.99,25.45,1837537.9
FIBK,,1,"[0, 0, 0, 0, 0, 0, 0, 0, 1, 0]",,,39.73,27.83,1142155.9
BFH,,1,"[0, 0, 0, 0, 0, 0, 0, 0, 1, 0]",,,113.15,53.47,568142.95
BHF,,1,"[0, 0, 0, 0, 0, 0, 0, 0, 1, 0]",,,66.61,45.14,1010214.4
SLG,,1,"[0, 0, 0, 0, 0, 0, 0, 0, 1, 0]",,,59.83,34.32,815957.35
HYMC,,1,"[0, 0, 0, 0, 0, 0, 0, 0, 1, 0]",,,55.74,6.06,2101302.95
OGN,,1,"[0, 0, 0, 0, 0, 0, 0, 0, 1, 0]",,,13.78,5.68,3020463.4
SIG,,1,"[0, 0, 0, 0, 0, 0, 0, 0, 1, 0]",,,105.18,73.65,1154071.1
GNW,,1,"[0, 0, 0, 0, 0, 0, 0, 0, 1, 0]",,,10.6,7.94,4389572.45
HWKN,,1,"[0, 0, 0, 0, 0, 0, 0, 0, 1, 0]",,,182.56,117.67,187671.7
CTRI,,1,"[0, 0, 0, 0, 0, 0, 0, 0, 1, 0]",,,41.8,19.07,1636043.65
RUN,,1,"[0, 0, 0, 0, 0, 0, 0, 0, 1, 0]",,,21.41,8.27,7495736.2
ASO,,1,"[0, 0, 0, 0, 0, 0, 0, 0, 1, 0]",,,60.65,41.26,2274314.75
HSAI,,1,"[0, 0, 0, 0, 0, 0, 0, 0, 1, 0]",,,29.58,14.6,1415133.35
ATS,,1,"[0, 0, 0, 0, 0, 0, 0, 0, 1, 0]",,,35.38,18.49,301782.9
CC,,1,"[0, 0, 0, 0, 0, 0, 0, 0, 1, 0]",,,27.68,10.33,1774213.85
BKU,,1,"[0, 0, 0, 0, 0, 0, 0, 0, 1, 0]",,,50.23,34.64,953617.25
TRMD,,1,"[0, 0, 0, 0, 0, 0, 0, 0, 1, 0]",,,38.23,16.82,1869718.65
VEON,,1,"[0, 0, 0, 0, 0, 0, 0, 0, 1, 0]",,,70.36,43.57,166603.4
SUNC,,1,"[0, 0, 0, 0, 0, 0, 0, 0, 1, 0]",,,82.38,45.83,501483.35
MANU,,1,"[0, 0, 0, 0, 0, 0, 0, 0, 1, 0]",,,24.19,15.14,378319.6
AAP,,1,"[0, 0, 0, 0, 0, 0, 0, 0, 1, 0]",,,62.73,38.18,1662506.4
AVNT,,1,"[0, 0, 0, 0, 0, 0, 0, 0, 1, 0]",,,46.03,26.64,665127.0
CVI,,1,"[0, 0, 0, 0, 0, 0, 0, 0, 1, 0]",,,54.14,20.59,1214834.45
SA,,1,"[0, 0, 0, 0, 0, 0, 0, 0, 1, 0]",,,39.35,21.57,532203.95
AMBA,,1,"[0, 0, 0, 0, 0, 0, 0, 0, 1, 0]",,,95.51,48.65,2016406.45
APLE,,1,"[0, 0, 0, 0, 0, 0, 0, 0, 1, 0]",,,16.91,10.53,2563393.75
CHEF,,1,"[0, 0, 0, 0, 0, 0, 0, 0, 1, 0]",,,115.52,54.6,688830.1
BEAM,,1,"[0, 0, 0, 0, 0, 0, 0, 0, 1, 0]",,,37.92,20.6,1928131.5
CWK,,1,"[0, 0, 0, 0, 0, 0, 0, 0, 1, 0]",,,17.2,11.8,1772572.75
TNGX,,1,"[0, 0, 0, 0, 0, 0, 0, 0, 1, 0]",,,32.9,6.91,2626643.65
EFXT,,1,"[0, 0, 0, 0, 0, 0, 0, 0, 1, 0]",,,28.32,10.69,514296.45
DAVE,,1,"[0, 0, 0, 0, 0, 0, 0, 0, 1, 0]",,,442.53,155.92,344123.55
FSM,,1,"[0, 0, 0, 0, 0, 0, 0, 0, 1, 0]",,,13.66,7.84,4473939.1
VRNS,,1,"[0, 0, 0, 0, 0, 0, 0, 0, 1, 0]",,,63.31,20.19,2034894.9
NATL,,1,"[0, 0, 0, 0, 0, 0, 0, 0, 1, 0]",,,48.13,34.13,691697.55
ADEA,25.01,5,"[0, 0, 1, 0, 1, 1, 1, 0, 1, 0]",26.55,24.6,33.5,11.62,874543.35
BTDR,,1,"[0, 0, 0, 0, 0, 0, 0, 0, 1, 0]",,,25.9,7.28,10235584.2
BATRK,,1,"[0, 0, 0, 0, 0, 0, 0, 0, 1, 0]",,,53.58,38.04,437310.85
SEZL,,1,"[0, 0, 0, 0, 0, 0, 0, 0, 1, 0]",,,188.55,50.97,450263.0
BBAR,,1,"[0, 0, 0, 0, 0, 0, 0, 0, 1, 0]",,,21.73,7.82,629944.5
PARR,,1,"[0, 0, 0, 0, 0, 0, 0, 0, 1, 0]",,,86.49,33.28,961732.7
VCYT,,1,"[0, 0, 0, 0, 0, 0, 0, 0, 1, 0]",,,60.49,30.01,1463423.8
COLM,,1,"[0, 0, 0, 0, 0, 0, 0, 0, 1, 0]",,,67.45,47.94,659977.35
FFBC,,1,"[0, 0, 0, 0, 0, 0, 0, 0, 1, 0]",,,35.89,22.46,844589.35
FSLY,,1,"[0, 0, 0, 0, 0, 0, 0, 0, 1, 0]",,,33.5,7.86,7900694.95
ZIM,,1,"[0, 0, 0, 0, 0, 0, 0, 0, 1, 0]",,,30.46,12.03,1293652.35
RCUS,,1,"[0, 0, 0, 0, 0, 0, 0, 0, 1, 0]",,,31.57,12.37,1662118.9
CALY,,1,"[0, 0, 0, 0, 0, 0, 0, 0, 1, 0]",,,19.66,8.39,2038104.3
BOH,,1,"[0, 0, 0, 0, 0, 0, 0, 0, 1, 0]",,,85.07,57.61,342818.7
UNFI,,1,"[0, 0, 0, 0, 0, 0, 0, 0, 1, 0]",,,55.52,30.19,690537.5
SXI,,1,"[0, 0, 0, 0, 0, 0, 0, 0, 1, 0]",,,357.31,200.72,127549.7
PLAB,,1,"[0, 0, 0, 0, 0, 0, 0, 0, 1, 0]",,,54.96,20.28,1597232.85
ERAS,,1,"[0, 0, 0, 0, 0, 0, 0, 0, 1, 0]",,,22.47,1.81,5038405.8
EXTR,,1,"[0, 0, 0, 0, 0, 0, 0, 0, 1, 0]",,,33.71,13.74,1341046.3
YETI,,1,"[0, 0, 0, 0, 0, 0, 0, 0, 1, 0]",,,52.68,32.11,1768159.45
CARG,,1,"[0, 0, 0, 0, 0, 0, 0, 0, 1, 0]",,,39.03,26.96,1048199.65
MPT,,1,"[0, 0, 0, 0, 0, 0, 0, 0, 1, 0]",,,5.66,3.39,10669676.85
DNLI,,1,"[0, 0, 0, 0, 0, 0, 0, 0, 1, 0]",,,27.21,13.43,1530684.3
BKD,,1,"[0, 0, 0, 0, 0, 0, 0, 0, 1, 0]",,,16.77,8.02,4221003.35
CON,,1,"[0, 0, 0, 0, 0, 0, 0, 0, 1, 0]",,,36.37,18.52,954221.7
ETOR,,1,"[0, 0, 0, 0, 0, 0, 0, 0, 1, 0]",,,43.93,24.76,1056971.85
LXP,,1,"[0, 0, 0, 0, 0, 0, 0, 0, 1, 0]",,,61.15,42.24,826925.0
MSGE,,1,"[0, 0, 0, 0, 0, 0, 0, 0, 1, 0]",,,88.42,41.77,454362.65
BWLP,,1,"[0, 0, 0, 0, 0, 0, 0, 0, 1, 0]",,,26.14,10.74,491231.55
KYIV,,1,"[0, 0, 0, 0, 0, 0, 0, 0, 1, 0]",,,16.17,9.33,389440.6
BHE,,1,"[0, 0, 0, 0, 0, 0, 0, 0, 1, 0]",,,98.67,35.65,351031.3
CAKE,,1,"[0, 0, 0, 0, 0, 0, 0, 0, 1, 0]",,,117.29,42.61,1397621.5
HG,,1,"[0, 0, 0, 0, 0, 0, 0, 0, 1, 0]",,,37.28,21.72,398415.6
DHT,,1,"[0, 0, 0, 0, 0, 0, 0, 0, 1, 0]",,,23.27,9.88,3956713.45
AEHR,,1,"[0, 0, 0, 0, 0, 0, 0, 0, 1, 0]",,,145.61,19.4,2791137.15
OLN,,1,"[0, 0, 0, 0, 0, 0, 0, 0, 1, 0]",,,29.59,16.54,2700078.4
SBLK,,1,"[0, 0, 0, 0, 0, 0, 0, 0, 1, 0]",,,32.48,15.65,1759771.25
VC,,1,"[0, 0, 0, 0, 0, 0, 0, 0, 1, 0]",,,123.44,83.87,489508.3
TTAM,,1,"[0, 0, 0, 0, 0, 0, 0, 0, 1, 0]",,,19.32,13.32,275310.7
BKV,,1,"[0, 0, 0, 0, 0, 0, 0, 0, 1, 0]",,,32.16,20.24,2431049.15
HIMX,,1,"[0, 0, 0, 0, 0, 0, 0, 0, 1, 0]",,,23.77,6.81,952535.6
BANC,,1,"[0, 0, 0, 0, 0, 0, 0, 0, 1, 0]",,,21.69,15.18,2580866.55
SBCF,,1,"[0, 0, 0, 0, 0, 0, 0, 0, 1, 0]",,,35.93,28.13,807878.25
KN,,1,"[0, 0, 0, 0, 0, 0, 0, 0, 1, 0]",,,42.8,20.67,694977.8
ALMS,,1,"[0, 0, 0, 0, 0, 0, 0, 0, 1, 0]",,,30.3,3.95,4978242.0
SDRL,,1,"[0, 0, 0, 0, 0, 0, 0, 0, 1, 0]",,,54.8,28.4,594357.55
CRVL,,1,"[0, 0, 0, 0, 0, 0, 0, 0, 1, 0]",,,78.64,46.0,205784.0
ITGR,,1,"[0, 0, 0, 0, 0, 0, 0, 0, 1, 0]",,,126.5,63.32,738626.4
SUPN,,1,"[0, 0, 0, 0, 0, 0, 0, 0, 1, 0]",,,57.0,41.28,603265.4
XXI,,1,"[0, 0, 0, 0, 0, 0, 0, 0, 1, 0]",,,24.61,4.27,2679193.1
LFST,,1,"[0, 0, 0, 0, 0, 0, 0, 0, 1, 0]",,,13.38,4.81,5723311.7
TDC,,1,"[0, 0, 0, 0, 0, 0, 0, 0, 1, 0]",,,37.88,20.42,1700219.4
NMRK,,1,"[0, 0, 0, 0, 0, 0, 0, 0, 1, 0]",,,19.25,13.13,1929861.8
ERO,,1,"[0, 0, 0, 0, 0, 0, 0, 0, 1, 0]",,,40.4,18.35,1389682.85
JOYY,,1,"[0, 0, 0, 0, 0, 0, 0, 0, 1, 0]",,,80.38,51.63,421054.95
EXK,,1,"[0, 0, 0, 0, 0, 0, 0, 0, 1, 0]",,,14.12,7.07,8392832.65
SHOO,,1,"[0, 0, 0, 0, 0, 0, 0, 0, 1, 0]",,,48.82,31.06,1114665.15
PHIN,,1,"[0, 0, 0, 0, 0, 0, 0, 0, 1, 0]",,,84.79,50.56,390192.65
ARX,,1,"[0, 0, 0, 0, 0, 0, 0, 0, 1, 0]",,,19.88,9.36,1912117.9
KALU,,1,"[0, 0, 0, 0, 0, 0, 0, 0, 1, 0]",,,194.8,72.32,221052.65
DBRG,,1,"[0, 0, 0, 0, 0, 0, 0, 0, 1, 0]",,,15.99,9.15,4478159.4
PAGS,,1,"[0, 0, 0, 0, 0, 0, 0, 0, 1, 0]",,,11.38,8.19,2923203.7
CECO,,1,"[0, 0, 0, 0, 0, 0, 0, 0, 1, 0]",,,99.67,47.44,718454.5
WT,,1,"[0, 0, 0, 0, 0, 0, 0, 0, 1, 0]",,,25.04,10.68,3178686.1
PFS,,1,"[0, 0, 0, 0, 0, 0, 0, 0, 1, 0]",,,25.04,17.11,821652.4
TRN,,1,"[0, 0, 0, 0, 0, 0, 0, 0, 1, 0]",,,38.07,24.19,590324.6
DYN,,1,"[0, 0, 0, 0, 0, 0, 0, 0, 1, 0]",,,26.78,12.37,3464288.25
GEO,,1,"[0, 0, 0, 0, 0, 0, 0, 0, 1, 0]",,,32.77,13.26,2210091.45
LCII,,1,"[0, 0, 0, 0, 0, 0, 0, 0, 1, 0]",,,152.4,81.4,318200.75
TNK,,1,"[0, 0, 0, 0, 0, 0, 0, 0, 1, 0]",,,100.92,47.72,575264.2
BTU,,1,"[0, 0, 0, 0, 0, 0, 0, 0, 1, 0]",,,39.25,20.76,2608979.95
NTCT,,1,"[0, 0, 0, 0, 0, 0, 0, 0, 1, 0]",,,44.84,25.47,662693.75
DK,,1,"[0, 0, 0, 0, 0, 0, 0, 0, 1, 0]",,,81.55,26.26,2623361.05
PTRN,,1,"[0, 0, 0, 0, 0, 0, 0, 0, 1, 0]",,,29.4,9.59,1612696.9
GRND,,1,"[0, 0, 0, 0, 0, 0, 0, 0, 1, 0]",,,17.94,9.85,1260226.9
TXG,,1,"[0, 0, 0, 0, 0, 0, 0, 0, 1, 0]",,,79.1,11.34,2720919.45
CLMT,,1,"[0, 0, 0, 0, 0, 0, 0, 0, 1, 0]",,,59.05,17.68,1420072.6
AEO,,1,"[0, 0, 0, 0, 0, 0, 0, 0, 1, 0]",,,27.66,14.04,7837530.45
INOD,,1,"[0, 0, 0, 0, 0, 0, 0, 0, 1, 0]",,,121.5,34.45,1387284.45
GPCR,,1,"[0, 0, 0, 0, 0, 0, 0, 0, 1, 0]",,,93.79,24.99,1197112.0
IHS,,1,"[0, 0, 0, 0, 0, 0, 0, 0, 1, 0]",,,8.73,6.24,1158263.75
AYA,,1,"[0, 0, 0, 0, 0, 0, 0, 0, 1, 0]",,,29.89,9.25,1403341.15
SPNT,,1,"[0, 0, 0, 0, 0, 0, 0, 0, 1, 0]",,,26.31,17.64,952623.6
KMT,,1,"[0, 0, 0, 0, 0, 0, 0, 0, 1, 0]",,,42.76,19.96,1376153.0
STUB,,1,"[0, 0, 0, 0, 0, 0, 0, 0, 1, 0]",,,20.13,5.31,6731164.65
FA,,1,"[0, 0, 0, 0, 0, 0, 0, 0, 1, 0]",,,24.12,8.95,1363329.95
NKTR,,1,"[0, 0, 0, 0, 0, 0, 0, 0, 1, 0]",,,100.35,35.12,955888.75
EOSE,,1,"[0, 0, 0, 0, 0, 0, 0, 0, 1, 0]",,,19.19,3.04,27453587.4
UAA,,1,"[0, 0, 0, 0, 0, 0, 0, 0, 1, 0]",,,8.14,4.17,8426555.55
UA,4.43,3,"[0, 0, 0, 0, 1, 1, 0, 0, 1, 0]",5.59,5.8,7.88,3.96,2408496.35
DBD,,1,"[0, 0, 0, 0, 0, 0, 0, 0, 1, 0]",,,90.75,54.9,235923.8
BKE,,1,"[0, 0, 0, 0, 0, 0, 0, 0, 1, 0]",,,56.06,39.65,508520.4
UNIT,,1,"[0, 0, 0, 0, 0, 0, 0, 0, 1, 0]",,,12.75,5.36,1970509.25
ARCB,,1,"[0, 0, 0, 0, 0, 0, 0, 0, 1, 0]",,,173.07,59.44,242045.45
NN,,1,"[0, 0, 0, 0, 0, 0, 0, 0, 1, 0]",,,23.59,11.37,2400087.35
HOG,,1,"[0, 0, 0, 0, 0, 0, 0, 0, 1, 0]",,,28.26,16.94,1684077.3
ATRO,,1,"[0, 0, 0, 0, 0, 0, 0, 0, 1, 0]",,,93.45,34.89,656937.9
CLDX,,1,"[0, 0, 0, 0, 0, 0, 0, 0, 1, 0]",,,44.87,22.58,1641298.1
VAC,,1,"[0, 0, 0, 0, 0, 0, 0, 0, 1, 0]",,,123.76,43.55,478396.15
ARQT,,1,"[0, 0, 0, 0, 0, 0, 0, 0, 1, 0]",,,31.2,16.73,3293136.75
GRAL,,1,"[0, 0, 0, 0, 0, 0, 0, 0, 1, 0]",,,116.06,43.03,1116822.2
VISN,,1,"[0, 0, 0, 0, 0, 0, 0, 0, 1, 0]",,,7.34,4.16,9653637.6
TARS,,1,"[0, 0, 0, 0, 0, 0, 0, 0, 1, 0]",,,90.78,55.39,791320.8
NGVT,,1,"[0, 0, 0, 0, 0, 0, 0, 0, 1, 0]",,,77.87,46.2,257835.95
AMSC,,1,"[0, 0, 0, 0, 0, 0, 0, 0, 1, 0]",,,66.68,25.95,701047.85
WAFD,,1,"[0, 0, 0, 0, 0, 0, 0, 0, 1, 0]",,,39.03,26.96,1204889.4
INFQ,,1,"[0, 0, 0, 0, 0, 0, 0, 0, 1, 0]",,,19.87,8.81,8661787.0
HUN,,1,"[0, 0, 0, 0, 0, 0, 0, 0, 1, 0]",,,15.74,7.2,2488081.6
HUBG,,1,"[0, 0, 0, 0, 0, 0, 0, 0, 1, 0]",,,51.99,31.4,1273771.6
TRMK,,1,"[0, 0, 0, 0, 0, 0, 0, 0, 1, 0]",,,48.26,35.85,393217.1
IRON,,1,"[0, 0, 0, 0, 0, 0, 0, 0, 1, 0]",,,94.11,55.95,567793.25
CUBI,,1,"[0, 0, 0, 0, 0, 0, 0, 0, 1, 0]",,,83.65,60.52,270547.75
VERA,,1,"[0, 0, 0, 0, 0, 0, 0, 0, 1, 0]",,,55.67,24.1,2661099.6
ICHR,,1,"[0, 0, 0, 0, 0, 0, 0, 0, 1, 0]",,,112.28,14.25,678327.6
RARE,,1,"[0, 0, 0, 0, 0, 0, 0, 0, 1, 0]",,,36.54,12.88,6738132.4
KOD,,1,"[0, 0, 0, 0, 0, 0, 0, 0, 1, 0]",,,46.44,11.6,730479.85
SAH,,1,"[0, 0, 0, 0, 0, 0, 0, 0, 1, 0]",,,112.05,57.32,302877.4
DRD,,1,"[0, 0, 0, 0, 0, 0, 0, 0, 1, 0]",,,37.75,19.12,276200.75
HE,,1,"[0, 0, 0, 0, 0, 0, 0, 0, 1, 0]",,,17.08,9.22,2830206.65
IMNM,,1,"[0, 0, 0, 0, 0, 0, 0, 0, 1, 0]",,,29.83,10.15,1187478.85
FRSH,,1,"[0, 0, 0, 0, 0, 0, 0, 0, 1, 0]",,,13.92,6.88,4186286.7
NSIT,,1,"[0, 0, 0, 0, 0, 0, 0, 0, 1, 0]",,,165.37,64.43,354666.05
HTFL,,1,"[0, 0, 0, 0, 0, 0, 0, 0, 1, 0]",,,50.75,20.49,2040583.15
OSW,,1,"[0, 0, 0, 0, 0, 0, 0, 0, 1, 0]",,,28.63,19.25,1089025.25
SEDG,,1,"[0, 0, 0, 0, 0, 0, 0, 0, 1, 0]",,,78.51,28.47,3434840.9
ROG,,1,"[0, 0, 0, 0, 0, 0, 0, 0, 1, 0]",,,167.09,75.56,213375.55
ATKR,,1,"[0, 0, 0, 0, 0, 0, 0, 0, 1, 0]",,,94.55,54.86,741361.05
TALO,,1,"[0, 0, 0, 0, 0, 0, 0, 0, 1, 0]",,,18.33,9.05,2069937.75
IDYA,,1,"[0, 0, 0, 0, 0, 0, 0, 0, 1, 0]",,,42.48,25.69,837155.75
ELVN,,1,"[0, 0, 0, 0, 0, 0, 0, 0, 1, 0]",,,61.15,15.14,1412687.75
DGII,,1,"[0, 0, 0, 0, 0, 0, 0, 0, 1, 0]",,,85.24,35.37,363787.75
LWLG,,1,"[0, 0, 0, 0, 0, 0, 0, 0, 1, 0]",,,18.22,2.97,2563150.75
TMC,,1,"[0, 0, 0, 0, 0, 0, 0, 0, 1, 0]",,,10.69,3.45,5222727.85
LMAT,,1,"[0, 0, 0, 0, 0, 0, 0, 0, 1, 0]",,,116.75,78.76,261166.95
MTX,,1,"[0, 0, 0, 0, 0, 0, 0, 0, 1, 0]",,,82.57,54.7,190579.1
BRZE,,1,"[0, 0, 0, 0, 0, 0, 0, 0, 1, 0]",,,36.19,15.79,2797354.35
AAMI,,1,"[0, 0, 0, 0, 0, 0, 0, 0, 1, 0]",,,97.2,41.74,488753.35
RLAY,,1,"[0, 0, 0, 0, 0, 0, 0, 0, 1, 0]",,,20.75,4.38,3522690.9
MLYS,,1,"[0, 0, 0, 0, 0, 0, 0, 0, 1, 0]",,,47.33,22.5,1367393.85
FBNC,,1,"[0, 0, 0, 0, 0, 0, 0, 0, 1, 0]",,,66.34,45.74,224852.1
ANDE,,1,"[0, 0, 0, 0, 0, 0, 0, 0, 1, 0]",,,80.87,39.1,414689.85
VNET,,1,"[0, 0, 0, 0, 0, 0, 0, 0, 1, 0]",,,14.03,5.96,3797871.65
HTO,,1,"[0, 0, 0, 0, 0, 0, 0, 0, 1, 0]",,,64.97,43.43,453628.85
DXPE,,1,"[0, 0, 0, 0, 0, 0, 0, 0, 1, 0]",,,200.84,85.53,110892.7
PTON,,1,"[0, 0, 0, 0, 0, 0, 0, 0, 1, 0]",,,9.0,3.71,9235950.4
SGML,,1,"[0, 0, 0, 0, 0, 0, 0, 0, 1, 0]",,,23.65,4.68,2009335.0
TENB,,1,"[0, 0, 0, 0, 0, 0, 0, 0, 1, 0]",,,42.65,16.04,6121622.05
DFTX,,1,"[0, 0, 0, 0, 0, 0, 0, 0, 1, 0]",,,48.45,9.77,2249027.05
VERX,,1,"[0, 0, 0, 0, 0, 0, 0, 0, 1, 0]",,,25.94,10.58,1373257.55
PLUS,,1,"[0, 0, 0, 0, 0, 0, 0, 0, 1, 0]",,,96.75,68.77,235462.6
AERO,,1,"[0, 0, 0, 0, 0, 0, 0, 0, 1, 0]",,,22.91,12.36,380339.6
AMPX,,1,"[0, 0, 0, 0, 0, 0, 0, 0, 1, 0]",,,22.91,7.83,4436803.05
AMR,,1,"[0, 0, 0, 0, 0, 0, 0, 0, 1, 0]",,,249.65,137.16,342752.05
COHU,,1,"[0, 0, 0, 0, 0, 0, 0, 0, 1, 0]",,,73.91,18.74,988430.15
AESI,,1,"[0, 0, 0, 0, 0, 0, 0, 0, 1, 0]",,,19.75,8.1,2953769.45
NESR,,1,"[0, 0, 0, 0, 0, 0, 0, 0, 1, 0]",,,36.31,10.03,1604538.45
WTTR,,1,"[0, 0, 0, 0, 0, 0, 0, 0, 1, 0]",,,22.18,9.28,1524234.5
CDNL,,1,"[0, 0, 0, 0, 0, 0, 0, 0, 1, 0]",,,94.31,22.03,562502.8
ACHC,,1,"[0, 0, 0, 0, 0, 0, 0, 0, 1, 0]",,,35.61,11.68,1478029.55
MNR,,1,"[0, 0, 0, 0, 0, 0, 0, 0, 1, 0]",,,13.87,9.65,1267239.75
GRDN,,1,"[0, 0, 0, 0, 0, 0, 0, 0, 1, 0]",,,48.0,23.41,694192.0
CEPU,,1,"[0, 0, 0, 0, 0, 0, 0, 0, 1, 0]",,,17.95,7.7,263520.7
PRDO,,1,"[0, 0, 0, 0, 0, 0, 0, 0, 1, 0]",,,37.58,26.88,641760.7
HLIO,,1,"[0, 0, 0, 0, 0, 0, 0, 0, 1, 0]",,,92.74,46.89,336219.5
WOLF,,1,"[0, 0, 0, 0, 0, 0, 0, 0, 1, 0]",,,73.5,14.8,2422771.5
NTB,,1,"[0, 0, 0, 0, 0, 0, 0, 0, 1, 0]",,,63.91,39.94,163890.6
FUN,,1,"[0, 0, 0, 0, 0, 0, 0, 0, 1, 0]",,,26.74,12.22,2115122.6
BLBD,,1,"[0, 0, 0, 0, 0, 0, 0, 0, 1, 0]",,,81.5,46.59,559267.05
KEEL,,1,"[0, 0, 0, 0, 0, 0, 0, 0, 1, 0]",,,6.66,1.71,35085854.45
PENG,,1,"[0, 0, 0, 0, 0, 0, 0, 0, 1, 0]",,,81.39,16.24,1407745.2
AXGN,,1,"[0, 0, 0, 0, 0, 0, 0, 0, 1, 0]",,,51.73,15.59,1228272.25
PENN,,1,"[0, 0, 0, 0, 0, 0, 0, 0, 1, 0]",,,22.06,11.76,2959704.25
CMPR,,1,"[0, 0, 0, 0, 0, 0, 0, 0, 1, 0]",,,105.31,61.21,183871.6
FLOC,,1,"[0, 0, 0, 0, 0, 0, 0, 0, 1, 0]",,,27.81,13.94,573156.6
DRH,,1,"[0, 0, 0, 0, 0, 0, 0, 0, 1, 0]",,,13.38,7.28,2955600.5
XIFR,,1,"[0, 0, 0, 0, 0, 0, 0, 0, 1, 0]",,,12.88,8.83,749263.15
ADPT,,1,"[0, 0, 0, 0, 0, 0, 0, 0, 1, 0]",,,28.61,12.41,2097716.1
HTH,,1,"[0, 0, 0, 0, 0, 0, 0, 0, 1, 0]",,,39.79,30.38,340298.95
CTOS,,1,"[0, 0, 0, 0, 0, 0, 0, 0, 1, 0]",,,11.97,5.34,958943.3
DRVN,,1,"[0, 0, 0, 0, 0, 0, 0, 0, 1, 0]",,,17.09,10.3,1210128.75
RDW,,1,"[0, 0, 0, 0, 0, 0, 0, 0, 1, 0]",,,25.9,5.06,12464224.8
VVX,,1,"[0, 0, 0, 0, 0, 0, 0, 0, 1, 0]",,,90.81,52.16,724537.0
BCRX,,1,"[0, 0, 0, 0, 0, 0, 0, 0, 1, 0]",,,11.11,6.24,4749511.75
TIC,,1,"[0, 0, 0, 0, 0, 0, 0, 0, 1, 0]",,,14.49,6.54,1418108.35
WERN,,1,"[0, 0, 0, 0, 0, 0, 0, 0, 1, 0]",,,47.29,22.87,885117.45
CENTA,,1,"[0, 0, 0, 0, 0, 0, 0, 0, 1, 0]",,,40.6,26.27,317157.9
QUBT,,1,"[0, 0, 0, 0, 0, 0, 0, 0, 1, 0]",,,24.62,6.31,7019238.1
ECO,,1,"[0, 0, 0, 0, 0, 0, 0, 0, 1, 0]",,,86.3,24.17,719434.85
BHC,,1,"[0, 0, 0, 0, 0, 0, 0, 0, 1, 0]",,,7.9,4.43,2441017.9
NMM,,1,"[0, 0, 0, 0, 0, 0, 0, 0, 1, 0]",,,93.71,43.39,183859.7
MBIN,,1,"[0, 0, 0, 0, 0, 0, 0, 0, 1, 0]",,,55.6,30.13,233474.5
FLYW,,1,"[0, 0, 0, 0, 0, 0, 0, 0, 1, 0]",,,19.54,10.64,1311296.7
PBI,,1,"[0, 0, 0, 0, 0, 0, 0, 0, 1, 0]",,,18.4,8.84,1704370.55
WLY,48.61,8,"[0, 1, 1, 1, 1, 1, 1, 1, 1, 0]",50.91,40.51,55.72,28.33,614280.15
CMRE,,1,"[0, 0, 0, 0, 0, 0, 0, 0, 1, 0]",,,17.64,10.71,368089.0
SLDE,,1,"[0, 0, 0, 0, 0, 0, 0, 0, 1, 0]",,,26.48,14.33,1482015.65
OCUL,,1,"[0, 0, 0, 0, 0, 0, 0, 0, 1, 0]",,,16.11,6.88,2154743.8
ESTA,,1,"[0, 0, 0, 0, 0, 0, 0, 0, 1, 0]",,,95.65,38.94,324903.85
SRPT,,1,"[0, 0, 0, 0, 0, 0, 0, 0, 1, 0]",,,24.45,14.86,3418241.4
NVCR,,1,"[0, 0, 0, 0, 0, 0, 0, 0, 1, 0]",,,19.99,10.03,1051726.35
DEI,,1,"[0, 0, 0, 0, 0, 0, 0, 0, 1, 0]",,,14.96,8.85,1899553.5
EZPW,,1,"[0, 0, 0, 0, 0, 0, 0, 0, 1, 0]",,,35.59,17.41,758324.25
PDFS,,1,"[0, 0, 0, 0, 0, 0, 0, 0, 1, 0]",,,70.79,23.97,670767.25
TRVI,,1,"[0, 0, 0, 0, 0, 0, 0, 0, 1, 0]",,,19.5,8.46,1540900.8
DCO,,1,"[0, 0, 0, 0, 0, 0, 0, 0, 1, 0]",,,206.98,86.41,249735.0
WS,,1,"[0, 0, 0, 0, 0, 0, 0, 0, 1, 0]",,,48.03,27.86,298702.3
STOK,,1,"[0, 0, 0, 0, 0, 0, 0, 0, 1, 0]",,,38.35,22.37,837426.3
DHC,,1,"[0, 0, 0, 0, 0, 0, 0, 0, 1, 0]",,,9.64,4.02,1800834.5
TYRA,,1,"[0, 0, 0, 0, 0, 0, 0, 0, 1, 0]",,,39.61,12.54,1300228.3
CLBK,,1,"[0, 0, 0, 0, 0, 0, 0, 0, 1, 0]",,,11.82,6.21,4380400.7
MGNI,,1,"[0, 0, 0, 0, 0, 0, 0, 0, 1, 0]",,,25.63,11.2,2336101.0
NGL,,1,"[0, 0, 0, 0, 0, 0, 0, 0, 1, 0]",,,18.97,5.86,201786.75
NTST,,1,"[0, 0, 0, 0, 0, 0, 0, 0, 1, 0]",,,22.01,16.58,1225575.0
ANAB,,1,"[0, 0, 0, 0, 0, 0, 0, 0, 1, 0]",,,69.81,14.69,511836.15
PSNY,,1,"[0, 0, 0, 0, 0, 0, 0, 0, 1, 0]",,,29.16,7.18,335165.95
NEXT,,1,"[0, 0, 0, 0, 0, 0, 0, 0, 1, 0]",,,9.12,4.8,2429238.0
BBAI,,1,"[0, 0, 0, 0, 0, 0, 0, 0, 1, 0]",,,8.91,2.59,15890437.7
ATEN,,1,"[0, 0, 0, 0, 0, 0, 0, 0, 1, 0]",,,38.03,16.43,1123118.75
GTY,,1,"[0, 0, 0, 0, 0, 0, 0, 0, 1, 0]",,,36.61,24.43,662182.9
OMCL,,1,"[0, 0, 0, 0, 0, 0, 0, 0, 1, 0]",,,51.39,29.46,593206.45
SION,,1,"[0, 0, 0, 0, 0, 0, 0, 0, 1, 0]",,,51.04,4.5,1506605.9
SOC,,1,"[0, 0, 0, 0, 0, 0, 0, 0, 1, 0]",,,20.15,3.08,7591547.4
BW,,1,"[0, 0, 0, 0, 0, 0, 0, 0, 1, 0]",,,21.85,2.74,4682833.1
BSTZ,29.55,10,"[1, 1, 1, 1, 1, 1, 1, 1, 1, 1]",28.32,24.32,30.03,18.44,162282.15
NEOG,,1,"[0, 0, 0, 0, 0, 0, 0, 0, 1, 0]",,,13.61,5.36,2825713.75
UTI,,1,"[0, 0, 0, 0, 0, 0, 0, 0, 1, 0]",,,51.2,20.31,1767297.3
INBX,,1,"[0, 0, 0, 0, 0, 0, 0, 0, 1, 0]",,,141.84,28.36,369800.7
AUPH,,1,"[0, 0, 0, 0, 0, 0, 0, 0, 1, 0]",,,18.62,11.05,814895.45
TSHA,,1,"[0, 0, 0, 0, 0, 0, 0, 0, 1, 0]",,,6.98,3.06,3326694.15
GNL,,1,"[0, 0, 0, 0, 0, 0, 0, 0, 1, 0]",,,9.56,7.09,2143760.05
MBX,,1,"[0, 0, 0, 0, 0, 0, 0, 0, 1, 0]",,,70.7,13.22,495758.15
ASTH,,1,"[0, 0, 0, 0, 0, 0, 0, 0, 1, 0]",,,49.81,18.16,407001.15
LAC,,1,"[0, 0, 0, 0, 0, 0, 0, 0, 1, 0]",,,10.05,2.71,9630229.2
IMAX,,1,"[0, 0, 0, 0, 0, 0, 0, 0, 1, 0]",,,54.79,31.09,898115.65
FIGS,,1,"[0, 0, 0, 0, 0, 0, 0, 0, 1, 0]",,,17.12,6.57,2505057.35
MD,,1,"[0, 0, 0, 0, 0, 0, 0, 0, 1, 0]",,,27.39,15.8,724871.65
NWL,,1,"[0, 0, 0, 0, 0, 0, 0, 0, 1, 0]",,,6.34,2.91,6852620.85
PHVS,,1,"[0, 0, 0, 0, 0, 0, 0, 0, 1, 0]",,,38.86,20.96,1094227.0
PUMP,,1,"[0, 0, 0, 0, 0, 0, 0, 0, 1, 0]",,,18.2,5.03,3787306.0
AGM,,1,"[0, 0, 0, 0, 0, 0, 0, 0, 1, 0]",,,240.02,136.8,112678.4
RAMP,,1,"[0, 0, 0, 0, 0, 0, 0, 0, 1, 0]",,,38.01,22.42,1220274.3
LAR,,1,"[0, 0, 0, 0, 0, 0, 0, 0, 1, 0]",,,11.79,3.34,1841947.1
PRKS,,1,"[0, 0, 0, 0, 0, 0, 0, 0, 1, 0]",,,55.21,29.73,724512.0
SNDX,,1,"[0, 0, 0, 0, 0, 0, 0, 0, 1, 0]",,,25.15,13.11,1728664.1
JBLU,,1,"[0, 0, 0, 0, 0, 0, 0, 0, 1, 0]",,,6.46,4.03,18693803.1
ARCO,,1,"[0, 0, 0, 0, 0, 0, 0, 0, 1, 0]",,,9.33,6.41,1068257.35
NEXA,,1,"[0, 0, 0, 0, 0, 0, 0, 0, 1, 0]",,,16.55,4.94,902321.8
AGRO,,1,"[0, 0, 0, 0, 0, 0, 0, 0, 1, 0]",,,15.18,7.07,787385.05
HTZ,,1,"[0, 0, 0, 0, 0, 0, 0, 0, 1, 0]",,,7.81,1.51,14160811.5
SPB,,1,"[0, 0, 0, 0, 0, 0, 0, 0, 1, 0]",,,90.49,49.07,288192.7
BLX,,1,"[0, 0, 0, 0, 0, 0, 0, 0, 1, 0]",,,62.03,40.13,168773.15
MESO,,1,"[0, 0, 0, 0, 0, 0, 0, 0, 1, 0]",,,20.96,13.19,211417.15
LIFE,,1,"[0, 0, 0, 0, 0, 0, 0, 0, 1, 0]",,,42.02,9.85,1591904.25
OCS,,1,"[0, 0, 0, 0, 0, 0, 0, 0, 1, 0]",,,32.65,9.91,185862.45
ANIP,,1,"[0, 0, 0, 0, 0, 0, 0, 0, 1, 0]",,,95.38,70.19,419385.05
PGNY,,1,"[0, 0, 0, 0, 0, 0, 0, 0, 1, 0]",,,32.36,16.3,1139245.8
INVX,,1,"[0, 0, 0, 0, 0, 0, 0, 0, 1, 0]",,,31.63,17.21,899260.7
CASH,,1,"[0, 0, 0, 0, 0, 0, 0, 0, 1, 0]",,,99.81,66.3,245410.6
RAPP,,1,"[0, 0, 0, 0, 0, 0, 0, 0, 1, 0]",,,52.5,24.37,404399.05
SNDA,,1,"[0, 0, 0, 0, 0, 0, 0, 0, 1, 0]",,,43.07,25.53,490874.6
TPB,,1,"[0, 0, 0, 0, 0, 0, 0, 0, 1, 0]",,,142.54,60.5,343324.25
VET,,1,"[0, 0, 0, 0, 0, 0, 0, 0, 1, 0]",,,14.19,7.04,1446014.95
BORR,,1,"[0, 0, 0, 0, 0, 0, 0, 0, 1, 0]",,,6.61,2.44,5603307.9
ECPG,,1,"[0, 0, 0, 0, 0, 0, 0, 0, 1, 0]",,,103.74,40.53,395538.45
SONO,,1,"[0, 0, 0, 0, 0, 0, 0, 0, 1, 0]",,,19.16,12.7,1951209.25
WBTN,,1,"[0, 0, 0, 0, 0, 0, 0, 0, 1, 0]",,,20.05,8.25,458047.45
ADNT,,1,"[0, 0, 0, 0, 0, 0, 0, 0, 1, 0]",,,27.09,17.46,956981.6
BOBS,,1,"[0, 0, 0, 0, 0, 0, 0, 0, 1, 0]",,,22.53,9.85,836441.45
UFPT,,1,"[0, 0, 0, 0, 0, 0, 0, 0, 1, 0]",,,334.84,185.28,120391.0
CLVT,,1,"[0, 0, 0, 0, 0, 0, 0, 0, 1, 0]",,,3.89,1.68,4493974.65
AIN,,1,"[0, 0, 0, 0, 0, 0, 0, 0, 1, 0]",,,75.9,40.6,275926.5
CTS,,1,"[0, 0, 0, 0, 0, 0, 0, 0, 1, 0]",,,68.27,36.39,221011.6
VOYG,,1,"[0, 0, 0, 0, 0, 0, 0, 0, 1, 0]",,,51.77,17.99,2219595.0
ZYME,,1,"[0, 0, 0, 0, 0, 0, 0, 0, 1, 0]",,,31.05,16.16,719226.15
CAPR,,1,"[0, 0, 0, 0, 0, 0, 0, 0, 1, 0]",,,35.34,3.85,4248049.65
PSIX,,1,"[0, 0, 0, 0, 0, 0, 0, 0, 1, 0]",,,109.59,25.44,383225.1
LOB,,1,"[0, 0, 0, 0, 0, 0, 0, 0, 1, 0]",,,43.73,29.31,199627.35
XPRO,,1,"[0, 0, 0, 0, 0, 0, 0, 0, 1, 0]",,,18.96,11.87,825626.1
PVLA,,1,"[0, 0, 0, 0, 0, 0, 0, 0, 1, 0]",,,157.77,57.69,209745.15
FLNG,,1,"[0, 0, 0, 0, 0, 0, 0, 0, 1, 0]",,,32.52,21.92,443140.7
SFL,,1,"[0, 0, 0, 0, 0, 0, 0, 0, 1, 0]",,,13.75,6.47,1604600.2
CYD,,1,"[0, 0, 0, 0, 0, 0, 0, 0, 1, 0]",,,58.55,31.69,117029.55
TILE,,1,"[0, 0, 0, 0, 0, 0, 0, 0, 1, 0]",,,39.29,24.38,550822.8
PCT,,1,"[0, 0, 0, 0, 0, 0, 0, 0, 1, 0]",,,15.13,5.06,3765726.5
LPG,,1,"[0, 0, 0, 0, 0, 0, 0, 0, 1, 0]",,,58.31,22.34,600778.3
TE,,1,"[0, 0, 0, 0, 0, 0, 0, 0, 1, 0]",,,12.04,2.18,19985542.2
WLTH,,1,"[0, 0, 0, 0, 0, 0, 0, 0, 1, 0]",,,13.95,7.2,3626268.6
VRDN,,1,"[0, 0, 0, 0, 0, 0, 0, 0, 1, 0]",,,33.78,13.3,1556251.15
NRIX,,1,"[0, 0, 0, 0, 0, 0, 0, 0, 1, 0]",,,27.79,8.33,1383456.0
QURE,,1,"[0, 0, 0, 0, 0, 0, 0, 0, 1, 0]",,,70.59,9.03,1355423.05
DV,,1,"[0, 0, 0, 0, 0, 0, 0, 0, 1, 0]",,,13.52,8.61,3550587.15
FIVN,,1,"[0, 0, 0, 0, 0, 0, 0, 0, 1, 0]",,,37.68,13.61,2054433.3
INVA,,1,"[0, 0, 0, 0, 0, 0, 0, 0, 1, 0]",,,24.24,16.67,976871.6
OPRA,,1,"[0, 0, 0, 0, 0, 0, 0, 0, 1, 0]",,,20.51,11.56,342110.55
ARDX,,1,"[0, 0, 0, 0, 0, 0, 0, 0, 1, 0]",,,7.99,3.38,4157576.7
POET,,1,"[0, 0, 0, 0, 0, 0, 0, 0, 1, 0]",,,20.57,4.17,8392733.35
NUVB,,1,"[0, 0, 0, 0, 0, 0, 0, 0, 1, 0]",,,9.54,3.01,4675772.2
PEB,,1,"[0, 0, 0, 0, 0, 0, 0, 0, 1, 0]",,,19.75,10.18,2155414.9
NTLA,,1,"[0, 0, 0, 0, 0, 0, 0, 0, 1, 0]",,,27.98,8.04,3855283.05
NVAX,,1,"[0, 0, 0, 0, 0, 0, 0, 0, 1, 0]",,,11.19,6.22,5595045.85
ARLO,,1,"[0, 0, 0, 0, 0, 0, 0, 0, 1, 0]",,,19.44,11.23,1358628.0
PRLB,,1,"[0, 0, 0, 0, 0, 0, 0, 0, 1, 0]",,,92.32,46.81,214453.3
DCOM,,1,"[0, 0, 0, 0, 0, 0, 0, 0, 1, 0]",,,41.74,25.24,284080.85
GLUE,,1,"[0, 0, 0, 0, 0, 0, 0, 0, 1, 0]",,,25.31,6.55,1171973.7
AMLX,,1,"[0, 0, 0, 0, 0, 0, 0, 0, 1, 0]",,,39.66,11.38,1702507.2
CLOV,,1,"[0, 0, 0, 0, 0, 0, 0, 0, 1, 0]",,,5.41,1.7,4219896.3
REX,,1,"[0, 0, 0, 0, 0, 0, 0, 0, 1, 0]",,,51.16,30.57,228663.15
STBA,,1,"[0, 0, 0, 0, 0, 0, 0, 0, 1, 0]",,,52.97,33.52,281482.2
KOS,,1,"[0, 0, 0, 0, 0, 0, 0, 0, 1, 0]",,,3.27,0.87,12044720.25
KSS,,1,"[0, 0, 0, 0, 0, 0, 0, 0, 1, 0]",,,23.98,11.55,4562567.45
IOVA,,1,"[0, 0, 0, 0, 0, 0, 0, 0, 1, 0]",,,10.64,1.81,13469475.3
PAHC,,1,"[0, 0, 0, 0, 0, 0, 0, 0, 1, 0]",,,59.14,28.31,267698.75
OUST,,1,"[0, 0, 0, 0, 0, 0, 0, 0, 1, 0]",,,62.52,16.63,1963360.6
STGW,,1,"[0, 0, 0, 0, 0, 0, 0, 0, 1, 0]",,,9.35,4.4,1170501.25
BAND,,1,"[0, 0, 0, 0, 0, 0, 0, 0, 1, 0]",,,78.44,12.82,905651.65
NVRI,,1,"[0, 0, 0, 0, 0, 0, 0, 0, 1, 0]",,,23.86,11.49,343296.45
ABCL,,1,"[0, 0, 0, 0, 0, 0, 0, 0, 1, 0]",,,12.73,2.78,4355425.8
HOPE,,1,"[0, 0, 0, 0, 0, 0, 0, 0, 1, 0]",,,14.5,9.53,855580.65
AMRC,,1,"[0, 0, 0, 0, 0, 0, 0, 0, 1, 0]",,,43.23,18.51,652035.35
TFIN,,1,"[0, 0, 0, 0, 0, 0, 0, 0, 1, 0]",,,81.08,46.95,217069.3
HCSG,,1,"[0, 0, 0, 0, 0, 0, 0, 0, 1, 0]",,,25.31,15.18,628134.2
DCH,,1,"[0, 0, 0, 0, 0, 0, 0, 0, 1, 0]",,,9.0,5.09,3403654.6
XHR,,1,"[0, 0, 0, 0, 0, 0, 0, 0, 1, 0]",,,21.82,11.98,901479.85
WLFC,,1,"[0, 0, 0, 0, 0, 0, 0, 0, 1, 0]",,,79.78,38.12,168816.75
GBX,,1,"[0, 0, 0, 0, 0, 0, 0, 0, 1, 0]",,,58.06,40.16,413058.95
LILAK,,1,"[0, 0, 0, 0, 0, 0, 0, 0, 1, 0]",,,8.85,4.7,1282532.85
LILA,,1,"[0, 0, 0, 0, 0, 0, 0, 0, 1, 0]",,,8.88,4.65,361126.55
ZD,,1,"[0, 0, 0, 0, 0, 0, 0, 0, 1, 0]",,,59.21,26.51,707373.85
ECVT,,1,"[0, 0, 0, 0, 0, 0, 0, 0, 1, 0]",,,14.97,7.84,1310361.55
VIR,,1,"[0, 0, 0, 0, 0, 0, 0, 0, 1, 0]",,,11.63,5.12,2306152.75
AHCO,,1,"[0, 0, 0, 0, 0, 0, 0, 0, 1, 0]",,,13.38,5.22,2829657.0
ALGT,,1,"[0, 0, 0, 0, 0, 0, 0, 0, 1, 0]",,,119.16,58.03,503176.35
TRS,,1,"[0, 0, 0, 0, 0, 0, 0, 0, 1, 0]",,,44.99,30.99,324880.05
CRML,,1,"[0, 0, 0, 0, 0, 0, 0, 0, 1, 0]",,,29.97,5.13,10376029.2
TH,,1,"[0, 0, 0, 0, 0, 0, 0, 0, 1, 0]",,,21.28,6.22,2374441.55
UAMY,,1,"[0, 0, 0, 0, 0, 0, 0, 0, 1, 0]",,,17.47,4.49,6014687.2
IMTX,,1,"[0, 0, 0, 0, 0, 0, 0, 0, 1, 0]",,,11.87,7.05,687337.1
GSL,,1,"[0, 0, 0, 0, 0, 0, 0, 0, 1, 0]",,,46.4,25.7,282494.85
YELP,,1,"[0, 0, 0, 0, 0, 0, 0, 0, 1, 0]",,,33.83,17.73,1341840.35
CNOB,,1,"[0, 0, 0, 0, 0, 0, 0, 0, 1, 0]",,,33.91,22.68,384757.9
RES,,1,"[0, 0, 0, 0, 0, 0, 0, 0, 1, 0]",,,7.9,4.12,1827817.25
BY,,1,"[0, 0, 0, 0, 0, 0, 0, 0, 1, 0]",,,39.75,25.35,294752.3
NVGS,,1,"[0, 0, 0, 0, 0, 0, 0, 0, 1, 0]",,,25.06,14.2,453651.0
PGEN,,1,"[0, 0, 0, 0, 0, 0, 0, 0, 1, 0]",,,7.87,3.1,4301170.45
BHVN,,1,"[0, 0, 0, 0, 0, 0, 0, 0, 1, 0]",,,18.11,7.79,4096670.9
TNC,,1,"[0, 0, 0, 0, 0, 0, 0, 0, 1, 0]",,,90.74,60.42,188119.95
HLF,,1,"[0, 0, 0, 0, 0, 0, 0, 0, 1, 0]",,,19.96,7.75,1753783.7
SHLS,,1,"[0, 0, 0, 0, 0, 0, 0, 0, 1, 0]",,,12.77,5.71,4505740.35
BCAX,,1,"[0, 0, 0, 0, 0, 0, 0, 0, 1, 0]",,,30.4,10.7,589451.1
GCT,,1,"[0, 0, 0, 0, 0, 0, 0, 0, 1, 0]",,,53.25,25.46,596133.8
AIP,,1,"[0, 0, 0, 0, 0, 0, 0, 0, 1, 0]",,,48.59,9.68,732096.65
GHRS,,1,"[0, 0, 0, 0, 0, 0, 0, 0, 1, 0]",,,30.64,12.48,195787.0
SBET,,1,"[0, 0, 0, 0, 0, 0, 0, 0, 1, 0]",,,19.24,4.56,9299316.45
GILT,,1,"[0, 0, 0, 0, 0, 0, 0, 0, 1, 0]",,,20.85,9.54,510375.05
AVAH,,1,"[0, 0, 0, 0, 0, 0, 0, 0, 1, 0]",,,14.38,6.22,3283282.55
CBL,,1,"[0, 0, 0, 0, 0, 0, 0, 0, 1, 0]",,,59.36,26.62,266637.9
BKSY,,1,"[0, 0, 0, 0, 0, 0, 0, 0, 1, 0]",,,51.63,13.14,939341.85
FTRE,,1,"[0, 0, 0, 0, 0, 0, 0, 0, 1, 0]",,,20.7,8.4,1425028.85
NSSC,,1,"[0, 0, 0, 0, 0, 0, 0, 0, 1, 0]",,,46.65,34.65,457552.25
DMRA,,1,"[0, 0, 0, 0, 0, 0, 0, 0, 1, 0]",,,34.14,3.52,729253.75
PRG,,1,"[0, 0, 0, 0, 0, 0, 0, 0, 1, 0]",,,47.37,25.86,614665.35
OBK,,1,"[0, 0, 0, 0, 0, 0, 0, 0, 1, 0]",,,54.96,31.84,157378.7
MUX,,1,"[0, 0, 0, 0, 0, 0, 0, 0, 1, 0]",,,29.05,14.7,1038947.45
PRCT,,1,"[0, 0, 0, 0, 0, 0, 0, 0, 1, 0]",,,37.02,16.69,1204339.15
NBR,,1,"[0, 0, 0, 0, 0, 0, 0, 0, 1, 0]",,,110.63,36.99,231875.5
MAZE,,1,"[0, 0, 0, 0, 0, 0, 0, 0, 1, 0]",,,51.83,22.39,623253.75
ENVX,,1,"[0, 0, 0, 0, 0, 0, 0, 0, 1, 0]",,,13.19,2.92,5747958.85
TBLA,,1,"[0, 0, 0, 0, 0, 0, 0, 0, 1, 0]",,,5.58,2.95,2024670.6
URGN,,1,"[0, 0, 0, 0, 0, 0, 0, 0, 1, 0]",,,50.29,16.42,733399.9
NNE,,1,"[0, 0, 0, 0, 0, 0, 0, 0, 1, 0]",,,56.63,14.88,1920582.35
HROW,,1,"[0, 0, 0, 0, 0, 0, 0, 0, 1, 0]",,,54.8,29.03,552696.85
LINC,,1,"[0, 0, 0, 0, 0, 0, 0, 0, 1, 0]",,,55.68,17.8,807019.15
RYZ,,1,"[0, 0, 0, 0, 0, 0, 0, 0, 1, 0]",,,30.81,19.43,446843.6
HLIT,,1,"[0, 0, 0, 0, 0, 0, 0, 0, 1, 0]",,,17.11,8.85,1450087.6
TROX,,1,"[0, 0, 0, 0, 0, 0, 0, 0, 1, 0]",,,10.34,2.82,2398551.35
VIA,,1,"[0, 0, 0, 0, 0, 0, 0, 0, 1, 0]",,,53.93,13.31,860496.15
LIND,,1,"[0, 0, 0, 0, 0, 0, 0, 0, 1, 0]",,,34.48,11.45,893827.35
IPX,,1,"[0, 0, 0, 0, 0, 0, 0, 0, 1, 0]",,,60.11,18.13,358622.85
WVE,,1,"[0, 0, 0, 0, 0, 0, 0, 0, 1, 0]",,,21.31,3.95,3253306.7
PLTK,,1,"[0, 0, 0, 0, 0, 0, 0, 0, 1, 0]",,,4.26,2.2,1303009.35
AVBP,,1,"[0, 0, 0, 0, 0, 0, 0, 0, 1, 0]",,,34.74,17.17,564242.65
RLJ,,1,"[0, 0, 0, 0, 0, 0, 0, 0, 1, 0]",,,12.48,6.26,1707095.3
LOMA,,1,"[0, 0, 0, 0, 0, 0, 0, 0, 1, 0]",,,13.12,7.13,350087.65
TV,,1,"[0, 0, 0, 0, 0, 0, 0, 0, 1, 0]",,,3.44,2.19,1739476.9
SBH,,1,"[0, 0, 0, 0, 0, 0, 0, 0, 1, 0]",,,17.0,11.82,1228124.35
CSIQ,,1,"[0, 0, 0, 0, 0, 0, 0, 0, 1, 0]",,,33.58,11.34,2124307.35
RXT,,1,"[0, 0, 0, 0, 0, 0, 0, 0, 1, 0]",,,7.53,0.41,7406292.25
GIII,,1,"[0, 0, 0, 0, 0, 0, 0, 0, 1, 0]",,,36.68,24.73,927204.3
BTGO,,1,"[0, 0, 0, 0, 0, 0, 0, 0, 1, 0]",,,18.49,4.69,2351326.65
TTI,,1,"[0, 0, 0, 0, 0, 0, 0, 0, 1, 0]",,,12.32,5.54,1983398.95
KDK,,1,"[0, 0, 0, 0, 0, 0, 0, 0, 1, 0]",,,10.92,2.97,1657797.4
STAA,,1,"[0, 0, 0, 0, 0, 0, 0, 0, 1, 0]",,,33.34,16.1,1078186.35
ARRY,,1,"[0, 0, 0, 0, 0, 0, 0, 0, 1, 0]",,,11.96,3.86,6260749.2
BAK,,1,"[0, 0, 0, 0, 0, 0, 0, 0, 1, 0]",,,5.02,1.48,2664632.0
TDOC,,1,"[0, 0, 0, 0, 0, 0, 0, 0, 1, 0]",,,9.72,4.47,3328509.85
WLDN,,1,"[0, 0, 0, 0, 0, 0, 0, 0, 1, 0]",,,134.94,66.91,194290.2
CRVS,,1,"[0, 0, 0, 0, 0, 0, 0, 0, 1, 0]",,,25.52,6.5,1116251.2
CRI,,1,"[0, 0, 0, 0, 0, 0, 0, 0, 1, 0]",,,43.42,26.65,1576348.35
PLSE,,1,"[0, 0, 0, 0, 0, 0, 0, 0, 1, 0]",,,55.2,12.66,685840.4
OLMA,,1,"[0, 0, 0, 0, 0, 0, 0, 0, 1, 0]",,,35.83,7.77,1116166.1
TEN,,1,"[0, 0, 0, 0, 0, 0, 0, 0, 1, 0]",,,52.81,20.51,497792.75
LUCK,,1,"[0, 0, 0, 0, 0, 0, 0, 0, 1, 0]",,,10.23,5.28,112490.85
WBI,,1,"[0, 0, 0, 0, 0, 0, 0, 0, 1, 0]",,,36.15,18.66,686258.25
ATLC,,1,"[0, 0, 0, 0, 0, 0, 0, 0, 1, 0]",,,111.79,47.96,124461.35
JBIO,,1,"[0, 0, 0, 0, 0, 0, 0, 0, 1, 0]",,,26.85,8.06,996136.4
GPRE,,1,"[0, 0, 0, 0, 0, 0, 0, 0, 1, 0]",,,19.23,8.79,1824443.9
RCAT,,1,"[0, 0, 0, 0, 0, 0, 0, 0, 1, 0]",,,17.36,6.14,8674233.4
MRTN,,1,"[0, 0, 0, 0, 0, 0, 0, 0, 1, 0]",,,18.14,9.24,704904.65
DSGR,,1,"[0, 0, 0, 0, 0, 0, 0, 0, 1, 0]",,,34.96,19.31,218438.85
EVLV,,1,"[0, 0, 0, 0, 0, 0, 0, 0, 1, 0]",,,8.3,4.88,2083184.2
NPKI,,1,"[0, 0, 0, 0, 0, 0, 0, 0, 1, 0]",,,16.35,10.74,840774.75
ABTC,,1,"[0, 0, 0, 0, 0, 0, 0, 0, 1, 0]",,,108.45,5.19,1877946.15
DQ,,1,"[0, 0, 0, 0, 0, 0, 0, 0, 1, 0]",,,35.69,11.26,825567.05
AMAL,,1,"[0, 0, 0, 0, 0, 0, 0, 0, 1, 0]",,,51.08,24.83,250501.8
VTOL,,1,"[0, 0, 0, 0, 0, 0, 0, 0, 1, 0]",,,49.73,35.4,321242.2
PGY,,1,"[0, 0, 0, 0, 0, 0, 0, 0, 1, 0]",,,34.78,10.64,2376672.95
NAT,,1,"[0, 0, 0, 0, 0, 0, 0, 0, 1, 0]",,,8.25,2.76,5081869.1
PNTG,,1,"[0, 0, 0, 0, 0, 0, 0, 0, 1, 0]",,,42.48,23.64,370409.6
MRVI,,1,"[0, 0, 0, 0, 0, 0, 0, 0, 1, 0]",,,9.0,2.69,2886867.1
NSP,,1,"[0, 0, 0, 0, 0, 0, 0, 0, 1, 0]",,,53.4,19.32,401066.8
MLTX,,1,"[0, 0, 0, 0, 0, 0, 0, 0, 1, 0]",,,61.99,6.24,1532618.6
BLDP,,1,"[0, 0, 0, 0, 0, 0, 0, 0, 1, 0]",,,6.38,1.97,2800701.9
UFCS,,1,"[0, 0, 0, 0, 0, 0, 0, 0, 1, 0]",,,55.98,29.65,159102.7
REAL,,1,"[0, 0, 0, 0, 0, 0, 0, 0, 1, 0]",,,16.9,8.12,2385491.8
JKS,,1,"[0, 0, 0, 0, 0, 0, 0, 0, 1, 0]",,,28.22,9.91,931093.55
AORT,,1,"[0, 0, 0, 0, 0, 0, 0, 0, 1, 0]",,,47.63,20.1,652067.95
KMTS,,1,"[0, 0, 0, 0, 0, 0, 0, 0, 1, 0]",,,28.35,17.87,386419.25
ASTE,,1,"[0, 0, 0, 0, 0, 0, 0, 0, 1, 0]",,,64.66,40.33,220967.6
COLL,,1,"[0, 0, 0, 0, 0, 0, 0, 0, 1, 0]",,,49.84,21.84,958215.4
TK,,1,"[0, 0, 0, 0, 0, 0, 0, 0, 1, 0]",,,14.71,7.31,597905.65
VSTS,,1,"[0, 0, 0, 0, 0, 0, 0, 0, 1, 0]",,,16.5,4.2,1566986.95
DLX,,1,"[0, 0, 0, 0, 0, 0, 0, 0, 1, 0]",,,31.11,17.03,439871.15
CCO,,1,"[0, 0, 0, 0, 0, 0, 0, 0, 1, 0]",,,2.43,1.3,4545211.3
ULCC,,1,"[0, 0, 0, 0, 0, 0, 0, 0, 1, 0]",,,8.06,3.1,2361756.5
ITRN,,1,"[0, 0, 0, 0, 0, 0, 0, 0, 1, 0]",,,65.85,33.02,100080.6
ELE,,1,"[0, 0, 0, 0, 0, 0, 0, 0, 1, 0]",,,24.16,12.54,429490.0
ADTN,,1,"[0, 0, 0, 0, 0, 0, 0, 0, 1, 0]",,,19.4,7.04,1635844.65
ACDC,,1,"[0, 0, 0, 0, 0, 0, 0, 0, 1, 0]",,,8.06,3.19,1247306.55
XPEL,,1,"[0, 0, 0, 0, 0, 0, 0, 0, 1, 0]",,,54.95,32.17,191113.35
PRCH,,1,"[0, 0, 0, 0, 0, 0, 0, 0, 1, 0]",,,18.06,6.4,1424273.2
CMP,,1,"[0, 0, 0, 0, 0, 0, 0, 0, 1, 0]",,,33.51,16.54,395253.8
NEO,,1,"[0, 0, 0, 0, 0, 0, 0, 0, 1, 0]",,,19.91,7.19,2027916.35
MPLT,,1,"[0, 0, 0, 0, 0, 0, 0, 0, 1, 0]",,,39.8,9.9,619950.55
GOOS,,1,"[0, 0, 0, 0, 0, 0, 0, 0, 1, 0]",,,14.61,7.41,835033.05
PRSU,,1,"[0, 0, 0, 0, 0, 0, 0, 0, 1, 0]",,,55.97,32.28,244562.7
VYX,,1,"[0, 0, 0, 0, 0, 0, 0, 0, 1, 0]",,,12.87,6.15,3243772.75
GOLD,,1,"[0, 0, 0, 0, 0, 0, 0, 0, 1, 0]",,,62.0,23.72,765477.35
HQH,21.29,8,"[0, 1, 1, 1, 1, 1, 1, 1, 1, 0]",22.03,19.21,23.99,15.23,129429.15
EYPT,,1,"[0, 0, 0, 0, 0, 0, 0, 0, 1, 0]",,,18.85,3.45,3787565.6
AOSL,,1,"[0, 0, 0, 0, 0, 0, 0, 0, 1, 0]",,,53.32,17.47,570268.05
ALNT,,1,"[0, 0, 0, 0, 0, 0, 0, 0, 1, 0]",,,114.24,41.98,222385.8
GNK,,1,"[0, 0, 0, 0, 0, 0, 0, 0, 1, 0]",,,28.12,14.42,673248.25
LQDT,,1,"[0, 0, 0, 0, 0, 0, 0, 0, 1, 0]",,,43.58,22.16,233514.35
XERS,,1,"[0, 0, 0, 0, 0, 0, 0, 0, 1, 0]",,,9.9,5.29,1887829.65
CDNA,,1,"[0, 0, 0, 0, 0, 0, 0, 0, 1, 0]",,,54.33,14.28,1188508.0
ZBIO,,1,"[0, 0, 0, 0, 0, 0, 0, 0, 1, 0]",,,43.17,15.2,668618.7
EVEX,,1,"[0, 0, 0, 0, 0, 0, 0, 0, 1, 0]",,,5.06,1.99,917942.0
AMN,,1,"[0, 0, 0, 0, 0, 0, 0, 0, 1, 0]",,,36.6,15.1,607999.85
BUR,,1,"[0, 0, 0, 0, 0, 0, 0, 0, 1, 0]",,,11.95,3.81,1815852.5
TDAY,,1,"[0, 0, 0, 0, 0, 0, 0, 0, 1, 0]",,,9.03,3.49,2208000.15
ACVA,,1,"[0, 0, 0, 0, 0, 0, 0, 0, 1, 0]",,,10.48,4.15,13660835.7
KODK,,1,"[0, 0, 0, 0, 0, 0, 0, 0, 1, 0]",,,14.51,5.79,893437.6
DBVT,,1,"[0, 0, 0, 0, 0, 0, 0, 0, 1, 0]",,,24.54,8.89,308083.2
IVA,,1,"[0, 0, 0, 0, 0, 0, 0, 0, 1, 0]",,,7.15,3.41,1447363.5
ASST,,1,"[0, 0, 0, 0, 0, 0, 0, 0, 1, 0]",,,55.0,7.16,10799533.45
UVE,,1,"[0, 0, 0, 0, 0, 0, 0, 0, 1, 0]",,,45.08,24.98,146766.45
OSBC,,1,"[0, 0, 0, 0, 0, 0, 0, 0, 1, 0]",,,25.91,16.49,451661.7
MNKD,,1,"[0, 0, 0, 0, 0, 0, 0, 0, 1, 0]",,,6.21,2.28,3099337.3
GHM,,1,"[0, 0, 0, 0, 0, 0, 0, 0, 1, 0]",,,123.79,51.8,176550.15
BFLY,,1,"[0, 0, 0, 0, 0, 0, 0, 0, 1, 0]",,,9.93,1.9,5495551.6
NWPX,,1,"[0, 0, 0, 0, 0, 0, 0, 0, 1, 0]",,,149.94,49.43,154876.35
LGIH,,1,"[0, 0, 0, 0, 0, 0, 0, 0, 1, 0]",,,65.84,34.24,301532.95
SATL,,1,"[0, 0, 0, 0, 0, 0, 0, 0, 1, 0]",,,10.74,1.27,4753908.05
IART,,1,"[0, 0, 0, 0, 0, 0, 0, 0, 1, 0]",,,19.85,8.9,890270.1
UVSP,41.79,9,"[0, 1, 1, 1, 1, 1, 1, 1, 1, 1]",42.88,37.91,44.98,27.6,237162.7
PBT,,1,"[0, 0, 0, 0, 0, 0, 0, 0, 1, 0]",,,36.11,16.37,101248.2
SEPN,,1,"[0, 0, 0, 0, 0, 0, 0, 0, 1, 0]",,,48.19,16.75,318671.9
SVRA,,1,"[0, 0, 0, 0, 0, 0, 0, 0, 1, 0]",,,6.94,3.37,1510058.3
SVC,,1,"[0, 0, 0, 0, 0, 0, 0, 0, 1, 0]",,,13.46,5.83,1597230.5
TNDM,,1,"[0, 0, 0, 0, 0, 0, 0, 0, 1, 0]",,,28.26,11.79,1841646.05
PDM,,1,"[0, 0, 0, 0, 0, 0, 0, 0, 1, 0]",,,9.96,6.39,2018240.55
ATEX,,1,"[0, 0, 0, 0, 0, 0, 0, 0, 1, 0]",,,108.21,17.99,308725.55
PLOW,,1,"[0, 0, 0, 0, 0, 0, 0, 0, 1, 0]",,,53.8,28.75,179286.45
RERE,,1,"[0, 0, 0, 0, 0, 0, 0, 0, 1, 0]",,,6.2,3.62,724691.6
APEI,,1,"[0, 0, 0, 0, 0, 0, 0, 0, 1, 0]",,,60.86,30.67,243868.3
CEVA,,1,"[0, 0, 0, 0, 0, 0, 0, 0, 1, 0]",,,50.06,17.21,617637.65
INNV,,1,"[0, 0, 0, 0, 0, 0, 0, 0, 1, 0]",,,12.11,3.99,643718.55
HTLD,,1,"[0, 0, 0, 0, 0, 0, 0, 0, 1, 0]",,,16.2,7.04,746340.9
CFFN,,1,"[0, 0, 0, 0, 0, 0, 0, 0, 1, 0]",,,9.1,5.72,896676.35
OMER,,1,"[0, 0, 0, 0, 0, 0, 0, 0, 1, 0]",,,20.74,4.1,1465754.7
LMRI,,1,"[0, 0, 0, 0, 0, 0, 0, 0, 1, 0]",,,18.53,6.77,352322.6
LXU,,1,"[0, 0, 0, 0, 0, 0, 0, 0, 1, 0]",,,16.88,7.76,798621.45
GDRX,,1,"[0, 0, 0, 0, 0, 0, 0, 0, 1, 0]",,,5.03,1.87,1135587.65
KOPN,,1,"[0, 0, 0, 0, 0, 0, 0, 0, 1, 0]",,,6.39,1.82,3514615.95
DAKT,,1,"[0, 0, 0, 0, 0, 0, 0, 0, 1, 0]",,,27.73,17.27,787587.65
INR,,1,"[0, 0, 0, 0, 0, 0, 0, 0, 1, 0]",,,19.23,11.2,311658.0
EPC,,1,"[0, 0, 0, 0, 0, 0, 0, 0, 1, 0]",,,29.5,15.6,588630.5
INDI,,1,"[0, 0, 0, 0, 0, 0, 0, 0, 1, 0]",,,6.0,2.44,5036411.7
PHAT,,1,"[0, 0, 0, 0, 0, 0, 0, 0, 1, 0]",,,18.08,6.99,1198832.55
CRON,,1,"[0, 0, 0, 0, 0, 0, 0, 0, 1, 0]",,,3.55,2.3,927354.2
JMIA,,1,"[0, 0, 0, 0, 0, 0, 0, 0, 1, 0]",,,14.6,5.69,1602712.75
XNCR,,1,"[0, 0, 0, 0, 0, 0, 0, 0, 1, 0]",,,29.3,10.33,1528914.9
CMPS,,1,"[0, 0, 0, 0, 0, 0, 0, 0, 1, 0]",,,15.19,4.94,2789210.45
METC,,1,"[0, 0, 0, 0, 0, 0, 0, 0, 1, 0]",,,54.55,8.9,2263622.7
AMBQ,,1,"[0, 0, 0, 0, 0, 0, 0, 0, 1, 0]",,,90.48,22.76,580449.8
NUTX,,1,"[0, 0, 0, 0, 0, 0, 0, 0, 1, 0]",,,217.32,87.01,154615.8
CODI,,1,"[0, 0, 0, 0, 0, 0, 0, 0, 1, 0]",,,12.71,4.65,539418.25
SANA,,1,"[0, 0, 0, 0, 0, 0, 0, 0, 1, 0]",,,5.92,2.68,3593413.3
SCSC,,1,"[0, 0, 0, 0, 0, 0, 0, 0, 1, 0]",,,58.89,34.27,273309.9
NX,,1,"[0, 0, 0, 0, 0, 0, 0, 0, 1, 0]",,,22.84,11.05,538055.25
AVO,,1,"[0, 0, 0, 0, 0, 0, 0, 0, 1, 0]",,,15.34,10.11,840028.5
ANNX,,1,"[0, 0, 0, 0, 0, 0, 0, 0, 1, 0]",,,6.96,2.68,2953679.5
AMTB,,1,"[0, 0, 0, 0, 0, 0, 0, 0, 1, 0]",,,30.49,16.43,342446.45
ABSI,,1,"[0, 0, 0, 0, 0, 0, 0, 0, 1, 0]",,,11.62,2.3,3565476.95
AMC,,1,"[0, 0, 0, 0, 0, 0, 0, 0, 1, 0]",,,3.15,0.95,27026208.65
ORIC,,1,"[0, 0, 0, 0, 0, 0, 0, 0, 1, 0]",,,14.65,7.47,1349968.6
RHLD,,1,"[0, 0, 0, 0, 0, 0, 0, 0, 1, 0]",,,226.37,66.28,145490.75
TBN,,1,"[0, 0, 0, 0, 0, 0, 0, 0, 1, 0]",,,49.99,20.5,154147.7
JBSS,,1,"[0, 0, 0, 0, 0, 0, 0, 0, 1, 0]",,,88.51,56.28,129513.5
MGTX,,1,"[0, 0, 0, 0, 0, 0, 0, 0, 1, 0]",,,14.97,6.99,853780.05
HEPS,,1,"[0, 0, 0, 0, 0, 0, 0, 0, 1, 0]",,,3.29,2.18,499402.45
AGL,,1,"[0, 0, 0, 0, 0, 0, 0, 0, 1, 0]",,,129.84,7.91,210458.65
HAFC,,1,"[0, 0, 0, 0, 0, 0, 0, 0, 1, 0]",,,33.02,22.1,222506.35
SLS,,1,"[0, 0, 0, 0, 0, 0, 0, 0, 1, 0]",,,15.46,1.39,7168869.15
BJRI,,1,"[0, 0, 0, 0, 0, 0, 0, 0, 1, 0]",,,74.26,28.69,434320.35
CGEM,,1,"[0, 0, 0, 0, 0, 0, 0, 0, 1, 0]",,,22.95,5.75,1119721.35
VPG,,1,"[0, 0, 0, 0, 0, 0, 0, 0, 1, 0]",,,149.91,29.28,314216.05
SHEN,,1,"[0, 0, 0, 0, 0, 0, 0, 0, 1, 0]",,,17.1,9.9,1026252.85
ROOT,,1,"[0, 0, 0, 0, 0, 0, 0, 0, 1, 0]",,,92.57,43.21,195037.05
GERN,,1,"[0, 0, 0, 0, 0, 0, 0, 0, 1, 0]",,,1.95,1.07,10734028.3
VLRS,,1,"[0, 0, 0, 0, 0, 0, 0, 0, 1, 0]",,,10.63,6.15,358837.25
LXRX,,1,"[0, 0, 0, 0, 0, 0, 0, 0, 1, 0]",,,2.64,1.14,2789168.3
DSGN,,1,"[0, 0, 0, 0, 0, 0, 0, 0, 1, 0]",,,15.94,5.53,804677.05
HNRG,,1,"[0, 0, 0, 0, 0, 0, 0, 0, 1, 0]",,,23.81,13.7,668906.35
NB,,1,"[0, 0, 0, 0, 0, 0, 0, 0, 1, 0]",,,11.67,3.5,2438307.05
MATW,,1,"[0, 0, 0, 0, 0, 0, 0, 0, 1, 0]",,,28.54,19.71,1096488.7
BVS,,1,"[0, 0, 0, 0, 0, 0, 0, 0, 1, 0]",,,15.26,6.51,497582.0
OMDA,,1,"[0, 0, 0, 0, 0, 0, 0, 0, 1, 0]",,,26.78,10.94,1418151.55
SCHL,,1,"[0, 0, 0, 0, 0, 0, 0, 0, 1, 0]",,,47.04,25.78,395360.9
ABX,,1,"[0, 0, 0, 0, 0, 0, 0, 0, 1, 0]",,,12.0,4.87,561517.85
SPRY,,1,"[0, 0, 0, 0, 0, 0, 0, 0, 1, 0]",,,13.06,4.11,1470679.1
CTMX,,1,"[0, 0, 0, 0, 0, 0, 0, 0, 1, 0]",,,6.75,2.69,4413146.95
MYE,,1,"[0, 0, 0, 0, 0, 0, 0, 0, 1, 0]",,,36.58,15.4,356908.95
ABUS,,1,"[0, 0, 0, 0, 0, 0, 0, 0, 1, 0]",,,5.22,3.67,4415560.8
AEVA,,1,"[0, 0, 0, 0, 0, 0, 0, 0, 1, 0]",,,29.29,9.19,1510174.2
SHAZ,,1,"[0, 0, 0, 0, 0, 0, 0, 0, 1, 0]",,,92.7,17.52,1517927.15
KOP,,1,"[0, 0, 0, 0, 0, 0, 0, 0, 1, 0]",,,52.23,26.11,174843.85
NBBK,,1,"[0, 0, 0, 0, 0, 0, 0, 0, 1, 0]",,,23.25,16.64,267490.35
IBTA,,1,"[0, 0, 0, 0, 0, 0, 0, 0, 1, 0]",,,42.4,19.25,196484.4
CRSR,,1,"[0, 0, 0, 0, 0, 0, 0, 0, 1, 0]",,,14.35,4.58,1120552.8
KRO,,1,"[0, 0, 0, 0, 0, 0, 0, 0, 1, 0]",,,8.86,4.19,378608.9
ODD,,1,"[0, 0, 0, 0, 0, 0, 0, 0, 1, 0]",,,62.3,9.81,1869168.35
KURA,,1,"[0, 0, 0, 0, 0, 0, 0, 0, 1, 0]",,,13.59,7.4,1877535.35
SCZM,,1,"[0, 0, 0, 0, 0, 0, 0, 0, 1, 0]",,,16.16,4.92,477377.8
CVLG,,1,"[0, 0, 0, 0, 0, 0, 0, 0, 1, 0]",,,49.78,17.9,236760.2
PURR,,1,"[0, 0, 0, 0, 0, 0, 0, 0, 1, 0]",,,14.09,3.1,27715101.0
TSAT,,1,"[0, 0, 0, 0, 0, 0, 0, 0, 1, 0]",,,61.4,23.58,135174.5
SG,,1,"[0, 0, 0, 0, 0, 0, 0, 0, 1, 0]",,,10.21,4.7,4782410.6
VOR,,1,"[0, 0, 0, 0, 0, 0, 0, 0, 1, 0]",,,48.72,6.86,1145567.15
EVMN,,1,"[0, 0, 0, 0, 0, 0, 0, 0, 1, 0]",,,31.57,8.77,755736.0
WYFI,,1,"[0, 0, 0, 0, 0, 0, 0, 0, 1, 0]",,,44.77,10.78,1733920.95
SABR,,1,"[0, 0, 0, 0, 0, 0, 0, 0, 1, 0]",,,2.33,0.82,5736468.4
CGNT,,1,"[0, 0, 0, 0, 0, 0, 0, 0, 1, 0]",,,12.24,6.34,726888.6
ETON,,1,"[0, 0, 0, 0, 0, 0, 0, 0, 1, 0]",,,64.43,14.35,485571.55
WEST,,1,"[0, 0, 0, 0, 0, 0, 0, 0, 1, 0]",,,9.73,3.71,310263.4
EGBN,,1,"[0, 0, 0, 0, 0, 0, 0, 0, 1, 0]",,,29.12,15.78,289813.5
GO,,1,"[0, 0, 0, 0, 0, 0, 0, 0, 1, 0]",,,16.47,5.79,2360311.0
BIOA,,1,"[0, 0, 0, 0, 0, 0, 0, 0, 1, 0]",,,25.1,5.11,658042.7
ASC,,1,"[0, 0, 0, 0, 0, 0, 0, 0, 1, 0]",,,19.06,9.69,624327.15
ADAM,,1,"[0, 0, 0, 0, 0, 0, 0, 0, 1, 0]",,,9.89,5.79,1051092.25
DXYZ,,1,"[0, 0, 0, 0, 0, 0, 0, 0, 1, 0]",,,71.24,20.82,896276.15
SUPV,,1,"[0, 0, 0, 0, 0, 0, 0, 0, 1, 0]",,,12.86,4.69,494282.1
NRGV,,1,"[0, 0, 0, 0, 0, 0, 0, 0, 1, 0]",,,6.49,2.51,4160226.85
IMSR,,1,"[0, 0, 0, 0, 0, 0, 0, 0, 1, 0]",,,27.1,4.16,1400980.4
ANRO,,1,"[0, 0, 0, 0, 0, 0, 0, 0, 1, 0]",,,36.64,3.8,559626.1
KFRC,,1,"[0, 0, 0, 0, 0, 0, 0, 0, 1, 0]",,,59.98,23.49,282122.05
CWH,,1,"[0, 0, 0, 0, 0, 0, 0, 0, 1, 0]",,,16.62,5.36,1792282.15
ARKO,,1,"[0, 0, 0, 0, 0, 0, 0, 0, 1, 0]",,,8.58,3.73,989958.6
IHRT,,1,"[0, 0, 0, 0, 0, 0, 0, 0, 1, 0]",,,6.33,2.35,605597.7
PSTL,,1,"[0, 0, 0, 0, 0, 0, 0, 0, 1, 0]",,,24.72,13.9,417042.45
MTUS,,1,"[0, 0, 0, 0, 0, 0, 0, 0, 1, 0]",,,22.03,14.56,331084.4
RLMD,,1,"[0, 0, 0, 0, 0, 0, 0, 0, 1, 0]",,,7.86,1.66,1240626.45
CRESY,,1,"[0, 0, 0, 0, 0, 0, 0, 0, 1, 0]",,,14.11,8.47,267085.6
CBLL,,1,"[0, 0, 0, 0, 0, 0, 0, 0, 1, 0]",,,25.04,10.92,346748.0
LYTS,,1,"[0, 0, 0, 0, 0, 0, 0, 0, 1, 0]",,,26.73,17.13,440062.7
NXDR,,1,"[0, 0, 0, 0, 0, 0, 0, 0, 1, 0]",,,2.77,1.36,2434932.9
DSP,,1,"[0, 0, 0, 0, 0, 0, 0, 0, 1, 0]",,,14.09,8.14,483661.95
PGC,,1,"[0, 0, 0, 0, 0, 0, 0, 0, 1, 0]",,,48.28,24.62,128148.85
HZO,,1,"[0, 0, 0, 0, 0, 0, 0, 0, 1, 0]",,,52.56,21.43,788967.3
ALLO,,1,"[0, 0, 0, 0, 0, 0, 0, 0, 1, 0]",,,3.06,1.05,5669142.5
HSHP,,1,"[0, 0, 0, 0, 0, 0, 0, 0, 1, 0]",,,19.33,6.74,477112.8
DRTS,,1,"[0, 0, 0, 0, 0, 0, 0, 0, 1, 0]",,,15.5,3.47,655568.0
FOXF,,1,"[0, 0, 0, 0, 0, 0, 0, 0, 1, 0]",,,25.6,13.19,416442.25
PRAA,,1,"[0, 0, 0, 0, 0, 0, 0, 0, 1, 0]",,,22.23,10.42,429292.65
NTGR,,1,"[0, 0, 0, 0, 0, 0, 0, 0, 1, 0]",,,36.01,19.87,348256.2
HPK,,1,"[0, 0, 0, 0, 0, 0, 0, 0, 1, 0]",,,8.64,3.89,510527.15
KRNT,,1,"[0, 0, 0, 0, 0, 0, 0, 0, 1, 0]",,,18.04,12.31,262294.4
FCEL,,1,"[0, 0, 0, 0, 0, 0, 0, 0, 1, 0]",,,36.01,6.0,6897334.15
EVER,,1,"[0, 0, 0, 0, 0, 0, 0, 0, 1, 0]",,,27.87,14.27,724750.75
GFR,,1,"[0, 0, 0, 0, 0, 0, 0, 0, 1, 0]",,,7.1,4.33,1585130.7
LPTH,,1,"[0, 0, 0, 0, 0, 0, 0, 0, 1, 0]",,,18.15,6.18,3681814.5
RMT,13.39,8,"[0, 1, 1, 1, 1, 1, 1, 1, 1, 0]",13.71,12.39,14.43,8.86,100652.5
SB,,1,"[0, 0, 0, 0, 0, 0, 0, 0, 1, 0]",,,9.18,4.03,1593315.8
HIVE,,1,"[0, 0, 0, 0, 0, 0, 0, 0, 1, 0]",,,6.96,1.75,13646159.85
SLDB,,1,"[0, 0, 0, 0, 0, 0, 0, 0, 1, 0]",,,11.15,3.93,1142269.05
GDOT,,1,"[0, 0, 0, 0, 0, 0, 0, 0, 1, 0]",,,14.34,10.53,308611.35
MAKO,,1,"[0, 0, 0, 0, 0, 0, 0, 0, 1, 0]",,,11.07,5.02,194010.5
MVST,,1,"[0, 0, 0, 0, 0, 0, 0, 0, 1, 0]",,,6.4,0.58,7271854.65
MITK,,1,"[0, 0, 0, 0, 0, 0, 0, 0, 1, 0]",,,20.14,8.65,637191.6
RDVT,,1,"[0, 0, 0, 0, 0, 0, 0, 0, 1, 0]",,,77.52,34.4,228762.25
KRUS,,1,"[0, 0, 0, 0, 0, 0, 0, 0, 1, 0]",,,79.29,34.52,227787.85
MRLN,,1,"[0, 0, 0, 0, 0, 0, 0, 0, 1, 0]",,,16.09,1.77,3262917.05
BLMN,,1,"[0, 0, 0, 0, 0, 0, 0, 0, 1, 0]",,,11.85,5.26,2099643.1
IRWD,,1,"[0, 0, 0, 0, 0, 0, 0, 0, 1, 0]",,,5.39,1.27,1893921.95
HUYA,,1,"[0, 0, 0, 0, 0, 0, 0, 0, 1, 0]",,,4.6,2.04,1197683.0
SLDP,,1,"[0, 0, 0, 0, 0, 0, 0, 0, 1, 0]",,,8.51,2.0,2884588.55
ACRS,,1,"[0, 0, 0, 0, 0, 0, 0, 0, 1, 0]",,,6.53,1.81,2590895.4
HRTG,,1,"[0, 0, 0, 0, 0, 0, 0, 0, 1, 0]",,,35.42,20.88,272825.95
CYRX,,1,"[0, 0, 0, 0, 0, 0, 0, 0, 1, 0]",,,17.62,7.72,528192.6
CTO,,1,"[0, 0, 0, 0, 0, 0, 0, 0, 1, 0]",,,22.13,14.12,412013.4
ASPI,,1,"[0, 0, 0, 0, 0, 0, 0, 0, 1, 0]",,,14.05,3.01,3987946.75
OXM,,1,"[0, 0, 0, 0, 0, 0, 0, 0, 1, 0]",,,46.52,26.34,577364.2
GRPN,,1,"[0, 0, 0, 0, 0, 0, 0, 0, 1, 0]",,,28.58,9.64,1153458.05
ALRS,,1,"[0, 0, 0, 0, 0, 0, 0, 0, 1, 0]",,,34.12,20.29,154498.8
LAES,,1,"[0, 0, 0, 0, 0, 0, 0, 0, 1, 0]",,,7.65,2.09,5338656.2
INN,,1,"[0, 0, 0, 0, 0, 0, 0, 0, 1, 0]",,,6.98,3.92,843578.05
PKE,,1,"[0, 0, 0, 0, 0, 0, 0, 0, 1, 0]",,,38.23,18.3,261607.4
HY,,1,"[0, 0, 0, 0, 0, 0, 0, 0, 1, 0]",,,40.03,25.38,100091.95
STRO,,1,"[0, 0, 0, 0, 0, 0, 0, 0, 1, 0]",,,40.91,7.3,313064.25
TLRY,,1,"[0, 0, 0, 0, 0, 0, 0, 0, 1, 0]",,,21.0,3.88,3450644.05
SHBI,,1,"[0, 0, 0, 0, 0, 0, 0, 0, 1, 0]",,,24.46,14.81,179263.4
EVC,,1,"[0, 0, 0, 0, 0, 0, 0, 0, 1, 0]",,,13.4,1.89,1097196.05
ZVRA,,1,"[0, 0, 0, 0, 0, 0, 0, 0, 1, 0]",,,14.75,8.1,883903.95
CARS,,1,"[0, 0, 0, 0, 0, 0, 0, 0, 1, 0]",,,13.5,7.58,587136.4
CLYM,,1,"[0, 0, 0, 0, 0, 0, 0, 0, 1, 0]",,,17.84,1.64,1887617.6
CWBC,,1,"[0, 0, 0, 0, 0, 0, 0, 0, 1, 0]",,,27.89,19.45,182714.3
SPIR,,1,"[0, 0, 0, 0, 0, 0, 0, 0, 1, 0]",,,25.48,7.02,654793.6
SWBI,,1,"[0, 0, 0, 0, 0, 0, 0, 0, 1, 0]",,,16.36,7.84,696445.6
ARVN,,1,"[0, 0, 0, 0, 0, 0, 0, 0, 1, 0]",,,13.83,6.98,848380.35
AVR,,1,"[0, 0, 0, 0, 0, 0, 0, 0, 1, 0]",,,10.57,3.38,682578.3
NKLR,,1,"[0, 0, 0, 0, 0, 0, 0, 0, 1, 0]",,,18.26,3.65,598621.4
VTEX,,1,"[0, 0, 0, 0, 0, 0, 0, 0, 1, 0]",,,4.57,2.87,698822.65
MRAM,,1,"[0, 0, 0, 0, 0, 0, 0, 0, 1, 0]",,,44.01,7.5,839185.05
CABA,,1,"[0, 0, 0, 0, 0, 0, 0, 0, 1, 0]",,,4.15,2.04,5952999.6
KE,,1,"[0, 0, 0, 0, 0, 0, 0, 0, 1, 0]",,,31.38,22.63,198227.25
CNNE,,1,"[0, 0, 0, 0, 0, 0, 0, 0, 1, 0]",,,18.03,10.43,549498.35
PSNL,,1,"[0, 0, 0, 0, 0, 0, 0, 0, 1, 0]",,,18.38,5.04,2633975.65
CCSI,,1,"[0, 0, 0, 0, 0, 0, 0, 0, 1, 0]",,,39.85,20.24,170086.25
ANGX,,1,"[0, 0, 0, 0, 0, 0, 0, 0, 1, 0]",,,9.32,2.18,1876201.15
NPCE,,1,"[0, 0, 0, 0, 0, 0, 0, 0, 1, 0]",,,19.29,9.4,129972.4
RGR,,1,"[0, 0, 0, 0, 0, 0, 0, 0, 1, 0]",,,46.58,28.51,186055.4
TDUP,,1,"[0, 0, 0, 0, 0, 0, 0, 0, 1, 0]",,,9.55,2.28,2281405.7
SXC,,1,"[0, 0, 0, 0, 0, 0, 0, 0, 1, 0]",,,10.57,5.51,1008214.9
DNUT,,1,"[0, 0, 0, 0, 0, 0, 0, 0, 1, 0]",,,4.7,2.92,2103264.7
BCAL,,1,"[0, 0, 0, 0, 0, 0, 0, 0, 1, 0]",,,21.97,15.65,233232.95
PHR,,1,"[0, 0, 0, 0, 0, 0, 0, 0, 1, 0]",,,23.84,8.06,758423.6
RYAM,,1,"[0, 0, 0, 0, 0, 0, 0, 0, 1, 0]",,,11.75,5.52,723103.35
FEIM,,1,"[0, 0, 0, 0, 0, 0, 0, 0, 1, 0]",,,89.0,27.07,362707.7
NPB,,1,"[0, 0, 0, 0, 0, 0, 0, 0, 1, 0]",,,19.28,15.53,263408.5
TRON,,1,"[0, 0, 0, 0, 0, 0, 0, 0, 1, 0]",,,4.13,1.13,1099504.35
CADL,,1,"[0, 0, 0, 0, 0, 0, 0, 0, 1, 0]",,,13.75,4.42,1232042.65
BWMN,,1,"[0, 0, 0, 0, 0, 0, 0, 0, 1, 0]",,,44.43,25.31,299155.1
FET,,1,"[0, 0, 0, 0, 0, 0, 0, 0, 1, 0]",,,86.31,25.26,197107.85
CLB,,1,"[0, 0, 0, 0, 0, 0, 0, 0, 1, 0]",,,19.63,9.86,494741.65
GPRK,,1,"[0, 0, 0, 0, 0, 0, 0, 0, 1, 0]",,,11.97,5.91,1240421.15
ORN,,1,"[0, 0, 0, 0, 0, 0, 0, 0, 1, 0]",,,17.14,8.18,420025.25
HPP,,1,"[0, 0, 0, 0, 0, 0, 0, 0, 1, 0]",,,19.46,5.51,612577.0
CSTL,,1,"[0, 0, 0, 0, 0, 0, 0, 0, 1, 0]",,,43.04,18.15,329117.5
CTKB,,1,"[0, 0, 0, 0, 0, 0, 0, 0, 1, 0]",,,5.88,3.36,1102307.9
GLRE,,1,"[0, 0, 0, 0, 0, 0, 0, 0, 1, 0]",,,19.0,11.95,141138.8
ALOY,,1,"[0, 0, 0, 0, 0, 0, 0, 0, 1, 0]",,,25.88,5.92,1992460.45
AGMB,,1,"[0, 0, 0, 0, 0, 0, 0, 0, 1, 0]",,,17.82,9.61,181863.6
RR,,1,"[0, 0, 0, 0, 0, 0, 0, 0, 1, 0]",,,7.06,1.35,5111910.8
BTBT,,1,"[0, 0, 0, 0, 0, 0, 0, 0, 1, 0]",,,4.22,1.21,29318743.45
MSBI,,1,"[0, 0, 0, 0, 0, 0, 0, 0, 1, 0]",,,34.19,13.85,143452.7
UROY,,1,"[0, 0, 0, 0, 0, 0, 0, 0, 1, 0]",,,5.46,2.61,4393884.15
CARE,,1,"[0, 0, 0, 0, 0, 0, 0, 0, 1, 0]",,,35.61,16.84,270713.75
EGY,,1,"[0, 0, 0, 0, 0, 0, 0, 0, 1, 0]",,,6.53,3.26,1372222.85
GDYN,,1,"[0, 0, 0, 0, 0, 0, 0, 0, 1, 0]",,,10.06,5.21,967849.0
ALTI,,1,"[0, 0, 0, 0, 0, 0, 0, 0, 1, 0]",,,5.19,2.81,215103.75
PRME,,1,"[0, 0, 0, 0, 0, 0, 0, 0, 1, 0]",,,6.67,2.7,2817925.25
TCMD,,1,"[0, 0, 0, 0, 0, 0, 0, 0, 1, 0]",,,33.05,13.55,287811.8
MLAB,,1,"[0, 0, 0, 0, 0, 0, 0, 0, 1, 0]",,,133.01,63.66,134060.65
FTK,,1,"[0, 0, 0, 0, 0, 0, 0, 0, 1, 0]",,,38.82,13.47,403867.8
AVTX,,1,"[0, 0, 0, 0, 0, 0, 0, 0, 1, 0]",,,22.87,10.8,1106355.5
DDI,,1,"[0, 0, 0, 0, 0, 0, 0, 0, 1, 0]",,,13.1,8.25,164500.95
HELE,,1,"[0, 0, 0, 0, 0, 0, 0, 0, 1, 0]",,,30.22,13.88,404646.15
BETR,,1,"[0, 0, 0, 0, 0, 0, 0, 0, 1, 0]",,,86.07,11.6,522984.1
KYTX,,1,"[0, 0, 0, 0, 0, 0, 0, 0, 1, 0]",,,11.25,5.41,860390.3
PRTA,,1,"[0, 0, 0, 0, 0, 0, 0, 0, 1, 0]",,,11.51,7.91,424708.05
PROK,,1,"[0, 0, 0, 0, 0, 0, 0, 0, 1, 0]",,,3.3,1.33,1634879.4
CHW,8.24,7,"[0, 1, 1, 1, 1, 1, 0, 1, 1, 0]",8.4,7.94,8.91,6.67,140387.65
MG,,1,"[0, 0, 0, 0, 0, 0, 0, 0, 1, 0]",,,20.99,9.39,450630.4
INV,,1,"[0, 0, 0, 0, 0, 0, 0, 0, 1, 0]",,,7.32,0.6,8618936.1
KRT,,1,"[0, 0, 0, 0, 0, 0, 0, 0, 1, 0]",,,53.05,19.72,157919.4
DDL,,1,"[0, 0, 0, 0, 0, 0, 0, 0, 1, 0]",,,3.2,1.67,269832.45
MEC,,1,"[0, 0, 0, 0, 0, 0, 0, 0, 1, 0]",,,37.54,12.56,498480.1
PACK,,1,"[0, 0, 0, 0, 0, 0, 0, 0, 1, 0]",,,7.64,3.24,470810.05
WTI,,1,"[0, 0, 0, 0, 0, 0, 0, 0, 1, 0]",,,4.89,1.49,3618140.45
DNA,,1,"[0, 0, 0, 0, 0, 0, 0, 0, 1, 0]",,,16.14,5.48,1335144.75
TECX,,1,"[0, 0, 0, 0, 0, 0, 0, 0, 1, 0]",,,37.93,14.71,214525.45
CPS,,1,"[0, 0, 0, 0, 0, 0, 0, 0, 1, 0]",,,45.2,22.76,235604.15
ASIX,,1,"[0, 0, 0, 0, 0, 0, 0, 0, 1, 0]",,,25.73,13.91,264496.35
RGNX,,1,"[0, 0, 0, 0, 0, 0, 0, 0, 1, 0]",,,15.98,5.65,1301594.3
CLFD,,1,"[0, 0, 0, 0, 0, 0, 0, 0, 1, 0]",,,51.26,26.0,154961.95
ILPT,,1,"[0, 0, 0, 0, 0, 0, 0, 0, 1, 0]",,,9.25,4.91,306674.9
CTNM,,1,"[0, 0, 0, 0, 0, 0, 0, 0, 1, 0]",,,17.57,9.17,527403.0
MCS,,1,"[0, 0, 0, 0, 0, 0, 0, 0, 1, 0]",,,31.03,12.83,212378.45
ASTL,,1,"[0, 0, 0, 0, 0, 0, 0, 0, 1, 0]",,,5.8,3.19,804414.4
AURA,,1,"[0, 0, 0, 0, 0, 0, 0, 0, 1, 0]",,,8.9,4.97,849043.7
AQST,,1,"[0, 0, 0, 0, 0, 0, 0, 0, 1, 0]",,,7.49,2.95,2481163.95
MAMA,,1,"[0, 0, 0, 0, 0, 0, 0, 0, 1, 0]",,,20.65,10.03,860169.65
LZM,,1,"[0, 0, 0, 0, 0, 0, 0, 0, 1, 0]",,,6.1,3.01,321462.9
ACHV,,1,"[0, 0, 0, 0, 0, 0, 0, 0, 1, 0]",,,8.53,2.65,1610262.15
SD,,1,"[0, 0, 0, 0, 0, 0, 0, 0, 1, 0]",,,17.42,10.75,347962.45
MNRO,,1,"[0, 0, 0, 0, 0, 0, 0, 0, 1, 0]",,,22.59,11.02,977433.35
OOMA,,1,"[0, 0, 0, 0, 0, 0, 0, 0, 1, 0]",,,23.38,10.58,560825.25
ANL,,1,"[0, 0, 0, 0, 0, 0, 0, 0, 1, 0]",,,16.6,0.88,177057.6
IMMX,,1,"[0, 0, 0, 0, 0, 0, 0, 0, 1, 0]",,,14.47,2.04,1438531.65
FDMT,,1,"[0, 0, 0, 0, 0, 0, 0, 0, 1, 0]",,,16.76,7.19,898514.9
KRNY,,1,"[0, 0, 0, 0, 0, 0, 0, 0, 1, 0]",,,10.13,6.01,581418.2
STTK,,1,"[0, 0, 0, 0, 0, 0, 0, 0, 1, 0]",,,8.06,1.77,1170678.9
CERS,,1,"[0, 0, 0, 0, 0, 0, 0, 0, 1, 0]",,,3.28,1.4,1437100.3
OIS,,1,"[0, 0, 0, 0, 0, 0, 0, 0, 1, 0]",,,14.39,5.58,509404.2
CBIO,,1,"[0, 0, 0, 0, 0, 0, 0, 0, 1, 0]",,,26.98,8.94,538120.95
PANL,,1,"[0, 0, 0, 0, 0, 0, 0, 0, 1, 0]",,,9.17,4.42,440203.3
OCGN,,1,"[0, 0, 0, 0, 0, 0, 0, 0, 1, 0]",,,2.48,0.99,8428910.25
FVR,,1,"[0, 0, 0, 0, 0, 0, 0, 0, 1, 0]",,,21.92,12.52,140808.5
MATV,,1,"[0, 0, 0, 0, 0, 0, 0, 0, 1, 0]",,,14.6,7.16,554366.55
IPI,,1,"[0, 0, 0, 0, 0, 0, 0, 0, 1, 0]",,,48.84,23.94,203773.3
CHCT,,1,"[0, 0, 0, 0, 0, 0, 0, 0, 1, 0]",,,18.6,11.91,386688.35
CGC,,1,"[0, 0, 0, 0, 0, 0, 0, 0, 1, 0]",,,1.92,0.86,2291670.3
PUBM,,1,"[0, 0, 0, 0, 0, 0, 0, 0, 1, 0]",,,17.88,6.28,692099.85
ELVA,,1,"[0, 0, 0, 0, 0, 0, 0, 0, 1, 0]",,,12.26,4.23,358045.45
ALIT,,1,"[0, 0, 0, 0, 0, 0, 0, 0, 1, 0]",,,65.25,9.8,417741.2
CD,,1,"[0, 0, 0, 0, 0, 0, 0, 0, 1, 0]",,,35.79,2.65,224767.1
NUAI,,1,"[0, 0, 0, 0, 0, 0, 0, 0, 1, 0]",,,8.06,1.38,8036714.75
EBS,,1,"[0, 0, 0, 0, 0, 0, 0, 0, 1, 0]",,,13.9,4.45,1228051.9
RBBN,,1,"[0, 0, 0, 0, 0, 0, 0, 0, 1, 0]",,,4.04,1.64,922786.8
CLNE,,1,"[0, 0, 0, 0, 0, 0, 0, 0, 1, 0]",,,3.06,1.57,1928871.55
OVID,,1,"[0, 0, 0, 0, 0, 0, 0, 0, 1, 0]",,,2.96,1.2,1651112.3
APPS,,1,"[0, 0, 0, 0, 0, 0, 0, 0, 1, 0]",,,14.39,2.82,2826578.8
SRTA,,1,"[0, 0, 0, 0, 0, 0, 0, 0, 1, 0]",,,6.47,4.03,767352.6
RIGL,,1,"[0, 0, 0, 0, 0, 0, 0, 0, 1, 0]",,,50.96,25.44,237890.2
NGNE,,1,"[0, 0, 0, 0, 0, 0, 0, 0, 1, 0]",,,42.84,16.37,266041.15
IMXI,,1,"[0, 0, 0, 0, 0, 0, 0, 0, 1, 0]",,,15.94,11.35,496198.75
ZKH,,1,"[0, 0, 0, 0, 0, 0, 0, 0, 1, 0]",,,3.79,2.06,265657.4
PSFE,,1,"[0, 0, 0, 0, 0, 0, 0, 0, 1, 0]",,,13.27,6.01,347832.75
TATT,,1,"[0, 0, 0, 0, 0, 0, 0, 0, 1, 0]",,,61.11,32.08,112225.05
ASMB,,1,"[0, 0, 0, 0, 0, 0, 0, 0, 1, 0]",,,38.5,22.26,351610.2
WEAV,,1,"[0, 0, 0, 0, 0, 0, 0, 0, 1, 0]",,,7.59,4.37,2572111.9
LTBR,,1,"[0, 0, 0, 0, 0, 0, 0, 0, 1, 0]",,,27.72,6.47,812450.2
MTW,,1,"[0, 0, 0, 0, 0, 0, 0, 0, 1, 0]",,,22.76,9.73,415656.3
SGMT,,1,"[0, 0, 0, 0, 0, 0, 0, 0, 1, 0]",,,11.17,4.55,1109314.85
EVH,,1,"[0, 0, 0, 0, 0, 0, 0, 0, 1, 0]",,,8.95,2.17,2360441.8
BMBL,,1,"[0, 0, 0, 0, 0, 0, 0, 0, 1, 0]",,,6.44,2.6,2209601.0
FULC,,1,"[0, 0, 0, 0, 0, 0, 0, 0, 1, 0]",,,14.6,3.14,1364915.4
KLC,,1,"[0, 0, 0, 0, 0, 0, 0, 0, 1, 0]",,,6.94,1.84,622721.35
CLDT,,1,"[0, 0, 0, 0, 0, 0, 0, 0, 1, 0]",,,13.79,6.03,268482.25
ANGO,,1,"[0, 0, 0, 0, 0, 0, 0, 0, 1, 0]",,,16.13,9.7,418093.8
RPD,,1,"[0, 0, 0, 0, 0, 0, 0, 0, 1, 0]",,,19.43,5.05,2080901.3
CTEV,,1,"[0, 0, 0, 0, 0, 0, 0, 0, 1, 0]",,,71.36,13.47,140042.95
CAL,,1,"[0, 0, 0, 0, 0, 0, 0, 0, 1, 0]",,,14.64,8.71,617686.55
ADUR,,1,"[0, 0, 0, 0, 0, 0, 0, 0, 1, 0]",,,17.39,9.19,325857.7
ZURA,,1,"[0, 0, 0, 0, 0, 0, 0, 0, 1, 0]",,,7.04,2.1,1607472.8
ACTG,,1,"[0, 0, 0, 0, 0, 0, 0, 0, 1, 0]",,,5.16,3.2,178353.15
NPWR,,1,"[0, 0, 0, 0, 0, 0, 0, 0, 1, 0]",,,4.85,1.36,639148.75
BLZE,,1,"[0, 0, 0, 0, 0, 0, 0, 0, 1, 0]",,,20.43,3.31,1671466.2
TROO,,1,"[0, 0, 0, 0, 0, 0, 0, 0, 1, 0]",,,5.02,1.13,342340.7
PERI,,1,"[0, 0, 0, 0, 0, 0, 0, 0, 1, 0]",,,11.06,7.71,656153.05
CRNC,,1,"[0, 0, 0, 0, 0, 0, 0, 0, 1, 0]",,,13.3,5.96,618181.9
MCFT,,1,"[0, 0, 0, 0, 0, 0, 0, 0, 1, 0]",,,27.38,17.21,290335.9
GEVO,,1,"[0, 0, 0, 0, 0, 0, 0, 0, 1, 0]",,,2.78,1.4,2810869.25
ADCT,,1,"[0, 0, 0, 0, 0, 0, 0, 0, 1, 0]",,,4.88,0.96,1653809.05
ENTA,,1,"[0, 0, 0, 0, 0, 0, 0, 0, 1, 0]",,,16.85,7.75,247095.7
SPT,,1,"[0, 0, 0, 0, 0, 0, 0, 0, 1, 0]",,,14.14,4.99,1251968.5
TTGT,,1,"[0, 0, 0, 0, 0, 0, 0, 0, 1, 0]",,,6.47,3.4,271211.25
ALMU,,1,"[0, 0, 0, 0, 0, 0, 0, 0, 1, 0]",,,31.49,10.73,650386.95
NVEC,,1,"[0, 0, 0, 0, 0, 0, 0, 0, 1, 0]",,,133.06,55.46,107343.95
AVIR,,1,"[0, 0, 0, 0, 0, 0, 0, 0, 1, 0]",,,6.15,2.82,277060.65
MAGN,,1,"[0, 0, 0, 0, 0, 0, 0, 0, 1, 0]",,,15.26,7.96,376060.4
LXEO,,1,"[0, 0, 0, 0, 0, 0, 0, 0, 1, 0]",,,10.63,3.52,1016716.55
BGS,,1,"[0, 0, 0, 0, 0, 0, 0, 0, 1, 0]",,,5.52,2.88,2096516.8
BYND,,1,"[0, 0, 0, 0, 0, 0, 0, 0, 1, 0]",,,108.6,9.99,1227437.55
OEC,,1,"[0, 0, 0, 0, 0, 0, 0, 0, 1, 0]",,,8.26,4.3,411923.75
NEXN,,1,"[0, 0, 0, 0, 0, 0, 0, 0, 1, 0]",,,10.95,5.7,459592.5
NATR,,1,"[0, 0, 0, 0, 0, 0, 0, 0, 1, 0]",,,27.8,12.95,159268.35
PACB,,1,"[0, 0, 0, 0, 0, 0, 0, 0, 1, 0]",,,2.67,1.11,5569781.3
MNPR,,1,"[0, 0, 0, 0, 0, 0, 0, 0, 1, 0]",,,123.84,50.12,146050.55
IVVD,,1,"[0, 0, 0, 0, 0, 0, 0, 0, 1, 0]",,,2.88,0.54,5063067.7
NRC,,1,"[0, 0, 0, 0, 0, 0, 0, 0, 1, 0]",,,22.77,11.13,122371.1
CBAN,,1,"[0, 0, 0, 0, 0, 0, 0, 0, 1, 0]",,,22.27,15.54,147308.6
LOCO,,1,"[0, 0, 0, 0, 0, 0, 0, 0, 1, 0]",,,17.2,9.06,200731.15
EOLS,,1,"[0, 0, 0, 0, 0, 0, 0, 0, 1, 0]",,,9.3,3.94,877796.55
AUTL,,1,"[0, 0, 0, 0, 0, 0, 0, 0, 1, 0]",,,2.54,1.21,1586982.75
XFOR,,1,"[0, 0, 0, 0, 0, 0, 0, 0, 1, 0]",,,4.67,2.86,1028415.3
GRRR,,1,"[0, 0, 0, 0, 0, 0, 0, 0, 1, 0]",,,21.78,9.48,742661.5
ABAT,,1,"[0, 0, 0, 0, 0, 0, 0, 0, 1, 0]",,,11.33,2.04,3467592.0
ASPN,,1,"[0, 0, 0, 0, 0, 0, 0, 0, 1, 0]",,,8.82,2.57,781770.6
SSP,,1,"[0, 0, 0, 0, 0, 0, 0, 0, 1, 0]",,,5.16,1.54,655618.55
VREX,,1,"[0, 0, 0, 0, 0, 0, 0, 0, 1, 0]",,,18.58,9.32,706362.35
LRMR,,1,"[0, 0, 0, 0, 0, 0, 0, 0, 1, 0]",,,5.95,2.81,1209248.15
IPSC,,1,"[0, 0, 0, 0, 0, 0, 0, 0, 1, 0]",,,2.94,0.47,487767.45
NEWT,,1,"[0, 0, 0, 0, 0, 0, 0, 0, 1, 0]",,,15.56,9.18,261581.45
VOXR,,1,"[0, 0, 0, 0, 0, 0, 0, 0, 1, 0]",,,6.39,3.85,404067.95
XNET,,1,"[0, 0, 0, 0, 0, 0, 0, 0, 1, 0]",,,10.78,4.66,211945.25
VELO,,1,"[0, 0, 0, 0, 0, 0, 0, 0, 1, 0]",,,30.61,2.97,901140.1
HNST,,1,"[0, 0, 0, 0, 0, 0, 0, 0, 1, 0]",,,5.95,2.1,2079157.05
RCKT,,1,"[0, 0, 0, 0, 0, 0, 0, 0, 1, 0]",,,5.3,2.6,1777026.0
DCTH,,1,"[0, 0, 0, 0, 0, 0, 0, 0, 1, 0]",,,17.36,8.19,378352.6
CDZI,,1,"[0, 0, 0, 0, 0, 0, 0, 0, 1, 0]",,,6.92,2.98,900361.2
OPAL,,1,"[0, 0, 0, 0, 0, 0, 0, 0, 1, 0]",,,2.78,1.78,241015.6
OSS,,1,"[0, 0, 0, 0, 0, 0, 0, 0, 1, 0]",,,19.95,4.34,697171.6
XPER,,1,"[0, 0, 0, 0, 0, 0, 0, 0, 1, 0]",,,8.64,5.11,423352.75
QUAD,,1,"[0, 0, 0, 0, 0, 0, 0, 0, 1, 0]",,,10.74,4.99,400863.15
FUFU,,1,"[0, 0, 0, 0, 0, 0, 0, 0, 1, 0]",,,3.96,1.23,100720.05
CLPT,,1,"[0, 0, 0, 0, 0, 0, 0, 0, 1, 0]",,,29.6,8.66,560039.35
EGHT,,1,"[0, 0, 0, 0, 0, 0, 0, 0, 1, 0]",,,2.76,1.59,1599963.25
PBYI,,1,"[0, 0, 0, 0, 0, 0, 0, 0, 1, 0]",,,9.69,4.7,304888.4
DVLT,,1,"[0, 0, 0, 0, 0, 0, 0, 0, 1, 0]",,,3.42,0.15,64247333.85
VNDA,,1,"[0, 0, 0, 0, 0, 0, 0, 0, 1, 0]",,,9.56,4.32,769890.45
RNGR,,1,"[0, 0, 0, 0, 0, 0, 0, 0, 1, 0]",,,18.29,12.18,177669.1
AMCX,,1,"[0, 0, 0, 0, 0, 0, 0, 0, 1, 0]",,,12.85,6.52,605584.7
SVCO,,1,"[0, 0, 0, 0, 0, 0, 0, 0, 1, 0]",,,13.79,3.23,345016.4
CLMB,,1,"[0, 0, 0, 0, 0, 0, 0, 0, 1, 0]",,,35.79,16.68,135880.45
API,,1,"[0, 0, 0, 0, 0, 0, 0, 0, 1, 0]",,,5.26,3.24,136560.2
ACCO,,1,"[0, 0, 0, 0, 0, 0, 0, 0, 1, 0]",,,4.42,2.74,699935.65
RMNI,,1,"[0, 0, 0, 0, 0, 0, 0, 0, 1, 0]",,,5.65,2.97,471793.85
SOPH,,1,"[0, 0, 0, 0, 0, 0, 0, 0, 1, 0]",,,8.92,3.43,678596.55
XRX,,1,"[0, 0, 0, 0, 0, 0, 0, 0, 1, 0]",,,3.74,1.21,2685694.35
BNED,,1,"[0, 0, 0, 0, 0, 0, 0, 0, 1, 0]",,,13.65,6.08,310315.3
DDD,,1,"[0, 0, 0, 0, 0, 0, 0, 0, 1, 0]",,,3.88,1.77,2291520.5
DIN,,1,"[0, 0, 0, 0, 0, 0, 0, 0, 1, 0]",,,38.06,23.55,366143.5
TG,,1,"[0, 0, 0, 0, 0, 0, 0, 0, 1, 0]",,,10.35,6.29,166416.15
FRST,,1,"[0, 0, 0, 0, 0, 0, 0, 0, 1, 0]",,,16.67,9.31,151606.3
EVTL,,1,"[0, 0, 0, 0, 0, 0, 0, 0, 1, 0]",,,7.28,0.54,5990808.2
IRD,,1,"[0, 0, 0, 0, 0, 0, 0, 0, 1, 0]",,,6.07,1.65,5199110.4
LE,,1,"[0, 0, 0, 0, 0, 0, 0, 0, 1, 0]",,,19.15,10.07,201037.15
QUIK,,1,"[0, 0, 0, 0, 0, 0, 0, 0, 1, 0]",,,23.74,5.49,230945.45
TLS,,1,"[0, 0, 0, 0, 0, 0, 0, 0, 1, 0]",,,7.76,3.88,734783.6
SHIP,,1,"[0, 0, 0, 0, 0, 0, 0, 0, 1, 0]",,,18.92,7.38,414740.0
DBI,,1,"[0, 0, 0, 0, 0, 0, 0, 0, 1, 0]",,,9.04,3.09,812316.3
ALTO,,1,"[0, 0, 0, 0, 0, 0, 0, 0, 1, 0]",,,5.99,1.01,1311788.6
PAYS,,1,"[0, 0, 0, 0, 0, 0, 0, 0, 1, 0]",,,14.14,3.18,778804.25
VMD,,1,"[0, 0, 0, 0, 0, 0, 0, 0, 1, 0]",,,12.33,6.26,278271.35
CURR,,1,"[0, 0, 0, 0, 0, 0, 0, 0, 1, 0]",,,4.49,1.38,704541.65
MEI,,1,"[0, 0, 0, 0, 0, 0, 0, 0, 1, 0]",,,19.36,5.0,828879.45
NAUT,,1,"[0, 0, 0, 0, 0, 0, 0, 0, 1, 0]",,,3.95,0.8,1029520.05
DMAC,,1,"[0, 0, 0, 0, 0, 0, 0, 0, 1, 0]",,,9.39,5.33,165604.85
CAN,,1,"[0, 0, 0, 0, 0, 0, 0, 0, 1, 0]",,,2.05,0.17,18001591.15
NMRA,,1,"[0, 0, 0, 0, 0, 0, 0, 0, 1, 0]",,,3.59,0.69,1408865.85
HLLY,,1,"[0, 0, 0, 0, 0, 0, 0, 0, 1, 0]",,,4.39,2.36,1163441.05
LVWR,,1,"[0, 0, 0, 0, 0, 0, 0, 0, 1, 0]",,,6.21,0.65,576993.3
IMRX,,1,"[0, 0, 0, 0, 0, 0, 0, 0, 1, 0]",,,8.33,3.92,724642.05
TSSI,,1,"[0, 0, 0, 0, 0, 0, 0, 0, 1, 0]",,,20.42,6.92,938233.1
SLP,,1,"[0, 0, 0, 0, 0, 0, 0, 0, 1, 0]",,,20.84,11.36,184911.65
ABEO,,1,"[0, 0, 0, 0, 0, 0, 0, 0, 1, 0]",,,7.46,4.17,1412203.85
REPL,,1,"[0, 0, 0, 0, 0, 0, 0, 0, 1, 0]",,,15.98,1.7,2007487.4
DSX,,1,"[0, 0, 0, 0, 0, 0, 0, 0, 1, 0]",,,3.11,1.55,1473109.25
STRZ,,1,"[0, 0, 0, 0, 0, 0, 0, 0, 1, 0]",,,30.21,8.65,241616.55
SLN,,1,"[0, 0, 0, 0, 0, 0, 0, 0, 1, 0]",,,15.43,4.3,772554.45
ATOM,,1,"[0, 0, 0, 0, 0, 0, 0, 0, 1, 0]",,,12.11,1.99,444697.15
BRCC,,1,"[0, 0, 0, 0, 0, 0, 0, 0, 1, 0]",,,17.8,6.25,118567.85
TYGO,,1,"[0, 0, 0, 0, 0, 0, 0, 0, 1, 0]",,,5.16,0.89,818962.85
PINE,,1,"[0, 0, 0, 0, 0, 0, 0, 0, 1, 0]",,,21.38,12.36,141378.6
AZ,,1,"[0, 0, 0, 0, 0, 0, 0, 0, 1, 0]",,,8.6,5.12,414771.25
ZNTL,,1,"[0, 0, 0, 0, 0, 0, 0, 0, 1, 0]",,,6.61,1.28,913651.95
RPAY,,1,"[0, 0, 0, 0, 0, 0, 0, 0, 1, 0]",,,5.32,2.4,400052.35
ASYS,,1,"[0, 0, 0, 0, 0, 0, 0, 0, 1, 0]",,,23.99,7.05,340711.8
NVCT,,1,"[0, 0, 0, 0, 0, 0, 0, 0, 1, 0]",,,28.53,5.65,224089.35
MASS,,1,"[0, 0, 0, 0, 0, 0, 0, 0, 1, 0]",,,11.1,5.09,376474.75
FLWS,,1,"[0, 0, 0, 0, 0, 0, 0, 0, 1, 0]",,,5.15,2.48,413072.55
RZLT,,1,"[0, 0, 0, 0, 0, 0, 0, 0, 1, 0]",,,10.94,1.4,1424316.25
PRLD,,1,"[0, 0, 0, 0, 0, 0, 0, 0, 1, 0]",,,6.63,1.19,518735.7
GSIT,,1,"[0, 0, 0, 0, 0, 0, 0, 0, 1, 0]",,,12.97,3.68,511294.1
ZIP,,1,"[0, 0, 0, 0, 0, 0, 0, 0, 1, 0]",,,5.49,1.69,909703.9
EDIT,,1,"[0, 0, 0, 0, 0, 0, 0, 0, 1, 0]",,,4.15,1.66,3175611.45
RILY,,1,"[0, 0, 0, 0, 0, 0, 0, 0, 1, 0]",,,10.68,3.72,521716.2
CXDO,,1,"[0, 0, 0, 0, 0, 0, 0, 0, 1, 0]",,,10.47,5.6,312145.4
PALI,,1,"[0, 0, 0, 0, 0, 0, 0, 0, 1, 0]",,,2.8,0.77,2920644.75
BKKT,,1,"[0, 0, 0, 0, 0, 0, 0, 0, 1, 0]",,,45.04,6.85,1291436.1
SMWB,,1,"[0, 0, 0, 0, 0, 0, 0, 0, 1, 0]",,,9.6,2.33,705540.55
SY,,1,"[0, 0, 0, 0, 0, 0, 0, 0, 1, 0]",,,4.47,1.32,1151665.3
VFF,,1,"[0, 0, 0, 0, 0, 0, 0, 0, 1, 0]",,,4.18,1.84,673990.25
ELDN,,1,"[0, 0, 0, 0, 0, 0, 0, 0, 1, 0]",,,4.36,1.39,948649.55
FNKO,,1,"[0, 0, 0, 0, 0, 0, 0, 0, 1, 0]",,,7.1,2.81,1210208.1
VLN,,1,"[0, 0, 0, 0, 0, 0, 0, 0, 1, 0]",,,3.53,1.11,685167.1
SGHT,,1,"[0, 0, 0, 0, 0, 0, 0, 0, 1, 0]",,,9.05,3.2,186760.1
SHMD,,1,"[0, 0, 0, 0, 0, 0, 0, 0, 1, 0]",,,10.42,2.5,631222.05
OPTX,,1,"[0, 0, 0, 0, 0, 0, 0, 0, 1, 0]",,,14.11,1.25,301544.3
ACIU,,1,"[0, 0, 0, 0, 0, 0, 0, 0, 1, 0]",,,3.99,2.12,161669.3
MBI,,1,"[0, 0, 0, 0, 0, 0, 0, 0, 1, 0]",,,7.72,4.39,484306.3
TARA,,1,"[0, 0, 0, 0, 0, 0, 0, 0, 1, 0]",,,7.56,3.51,758548.15
PDYN,,1,"[0, 0, 0, 0, 0, 0, 0, 0, 1, 0]",,,10.3,4.15,790249.5
CCCC,,1,"[0, 0, 0, 0, 0, 0, 0, 0, 1, 0]",,,4.67,1.71,2027335.0
DEFT,,1,"[0, 0, 0, 0, 0, 0, 0, 0, 1, 0]",,,2.23,0.39,2663477.75
USAU,,1,"[0, 0, 0, 0, 0, 0, 0, 0, 1, 0]",,,22.6,12.65,159243.05
FATE,,1,"[0, 0, 0, 0, 0, 0, 0, 0, 1, 0]",,,3.11,0.96,1342811.8
CGEN,,1,"[0, 0, 0, 0, 0, 0, 0, 0, 1, 0]",,,3.1,1.38,217343.15
ALXO,,1,"[0, 0, 0, 0, 0, 0, 0, 0, 1, 0]",,,2.6,1.08,993888.35
ACH,,1,"[0, 0, 0, 0, 0, 0, 0, 0, 1, 0]",,,5.51,0.75,1110419.1
CNDT,,1,"[0, 0, 0, 0, 0, 0, 0, 0, 1, 0]",,,2.84,1.16,1025892.65
AIRS,,1,"[0, 0, 0, 0, 0, 0, 0, 0, 1, 0]",,,11.65,1.58,947669.95
IKT,,1,"[0, 0, 0, 0, 0, 0, 0, 0, 1, 0]",,,2.52,1.41,518189.25
PRE,,1,"[0, 0, 0, 0, 0, 0, 0, 0, 1, 0]",,,26.25,11.79,270933.4
RDCM,,1,"[0, 0, 0, 0, 0, 0, 0, 0, 1, 0]",,,16.14,9.91,108155.5
CHRS,,1,"[0, 0, 0, 0, 0, 0, 0, 0, 1, 0]",,,2.51,1.1,1070653.1
ARTV,,1,"[0, 0, 0, 0, 0, 0, 0, 0, 1, 0]",,,13.39,2.74,441810.45
SIDU,,1,"[0, 0, 0, 0, 0, 0, 0, 0, 1, 0]",,,6.2,0.63,3523058.3
TRDA,,1,"[0, 0, 0, 0, 0, 0, 0, 0, 1, 0]",,,16.03,5.58,319370.85
LAW,,1,"[0, 0, 0, 0, 0, 0, 0, 0, 1, 0]",,,8.91,2.76,203635.65
OPRT,,1,"[0, 0, 0, 0, 0, 0, 0, 0, 1, 0]",,,8.48,4.13,519997.4
JACK,,1,"[0, 0, 0, 0, 0, 0, 0, 0, 1, 0]",,,23.52,9.4,548821.3
ARCT,,1,"[0, 0, 0, 0, 0, 0, 0, 0, 1, 0]",,,23.16,5.53,1076401.65
FOSL,,1,"[0, 0, 0, 0, 0, 0, 0, 0, 1, 0]",,,6.17,1.79,731052.05
INSG,,1,"[0, 0, 0, 0, 0, 0, 0, 0, 1, 0]",,,20.29,4.02,214792.5
FHTX,,1,"[0, 0, 0, 0, 0, 0, 0, 0, 1, 0]",,,7.07,3.53,443856.0
CDXS,,1,"[0, 0, 0, 0, 0, 0, 0, 0, 1, 0]",,,2.85,0.98,863820.45
VUZI,,1,"[0, 0, 0, 0, 0, 0, 0, 0, 1, 0]",,,5.14,2.03,666968.6
NXDT,,1,"[0, 0, 0, 0, 0, 0, 0, 0, 1, 0]",,,5.75,2.38,154228.25
SILC,,1,"[0, 0, 0, 0, 0, 0, 0, 0, 1, 0]",,,50.98,13.5,180539.05
RNAC,,1,"[0, 0, 0, 0, 0, 0, 0, 0, 1, 0]",,,10.59,5.84,111488.45
NBP,,1,"[0, 0, 0, 0, 0, 0, 0, 0, 1, 0]",,,6.56,1.47,276136.55
XPOF,,1,"[0, 0, 0, 0, 0, 0, 0, 0, 1, 0]",,,9.0,3.65,696211.6
PROF,,1,"[0, 0, 0, 0, 0, 0, 0, 0, 1, 0]",,,8.65,4.89,124881.45
NVA,,1,"[0, 0, 0, 0, 0, 0, 0, 0, 1, 0]",,,14.37,3.05,499769.65
CANG,,1,"[0, 0, 0, 0, 0, 0, 0, 0, 1, 0]",,,24.15,1.4,545462.3
LTRX,,1,"[0, 0, 0, 0, 0, 0, 0, 0, 1, 0]",,,8.45,4.48,1470948.3
VYGR,,1,"[0, 0, 0, 0, 0, 0, 0, 0, 1, 0]",,,5.33,2.87,477678.5
DUOT,,1,"[0, 0, 0, 0, 0, 0, 0, 0, 1, 0]",,,14.64,6.3,745088.8
AIRJ,,1,"[0, 0, 0, 0, 0, 0, 0, 0, 1, 0]",,,6.59,2.51,885024.3
EAF,,1,"[0, 0, 0, 0, 0, 0, 0, 0, 1, 0]",,,19.82,5.23,634511.55
OSG,,1,"[0, 0, 0, 0, 0, 0, 0, 0, 1, 0]",,,10.08,3.94,576932.65
OABI,,1,"[0, 0, 0, 0, 0, 0, 0, 0, 1, 0]",,,5.04,1.36,1504473.75
SPCE,,1,"[0, 0, 0, 0, 0, 0, 0, 0, 1, 0]",,,7.52,2.17,5920928.2
POWW,,1,"[0, 0, 0, 0, 0, 0, 0, 0, 1, 0]",,,2.56,1.44,530527.6
OBIO,,1,"[0, 0, 0, 0, 0, 0, 0, 0, 1, 0]",,,6.25,2.42,374089.3
ALTG,,1,"[0, 0, 0, 0, 0, 0, 0, 0, 1, 0]",,,8.3,4.19,203663.55
HUMA,,1,"[0, 0, 0, 0, 0, 0, 0, 0, 1, 0]",,,2.48,0.55,4795071.15
LOVE,,1,"[0, 0, 0, 0, 0, 0, 0, 0, 1, 0]",,,18.7,10.54,330804.7
ALEC,,1,"[0, 0, 0, 0, 0, 0, 0, 0, 1, 0]",,,3.32,1.14,1418192.5
UIS,,1,"[0, 0, 0, 0, 0, 0, 0, 0, 1, 0]",,,4.78,2.0,593702.7
LFMD,,1,"[0, 0, 0, 0, 0, 0, 0, 0, 1, 0]",,,6.97,2.64,833349.35
WALD,,1,"[0, 0, 0, 0, 0, 0, 0, 0, 1, 0]",,,3.08,0.76,310879.45
BZAI,,1,"[0, 0, 0, 0, 0, 0, 0, 0, 1, 0]",,,6.29,0.45,3132974.7
HRTX,,1,"[0, 0, 0, 0, 0, 0, 0, 0, 1, 0]",,,1.49,0.27,2048885.15
GPRO,,1,"[0, 0, 0, 0, 0, 0, 0, 0, 1, 0]",,,2.35,0.57,94199965.65
CRNT,,1,"[0, 0, 0, 0, 0, 0, 0, 0, 1, 0]",,,3.2,1.89,311493.95
NKTX,,1,"[0, 0, 0, 0, 0, 0, 0, 0, 1, 0]",,,3.67,1.73,618791.25
AREC,,1,"[0, 0, 0, 0, 0, 0, 0, 0, 1, 0]",,,6.71,1.55,1623054.4
MIST,,1,"[0, 0, 0, 0, 0, 0, 0, 0, 1, 0]",,,2.95,0.86,1459715.0
IMPP,,1,"[0, 0, 0, 0, 0, 0, 0, 0, 1, 0]",,,6.35,3.22,545556.55
RELL,,1,"[0, 0, 0, 0, 0, 0, 0, 0, 1, 0]",,,21.76,9.31,119950.75
OSUR,,1,"[0, 0, 0, 0, 0, 0, 0, 0, 1, 0]",,,4.5,2.11,528518.05
CNTX,,1,"[0, 0, 0, 0, 0, 0, 0, 0, 1, 0]",,,3.36,0.35,1315469.05
MVIS,,1,"[0, 0, 0, 0, 0, 0, 0, 0, 1, 0]",,,21.45,1.53,1316681.45
AMPY,,1,"[0, 0, 0, 0, 0, 0, 0, 0, 1, 0]",,,6.63,3.67,565162.85
TNYA,,1,"[0, 0, 0, 0, 0, 0, 0, 0, 1, 0]",,,2.1,0.55,2054362.6
SMRT,,1,"[0, 0, 0, 0, 0, 0, 0, 0, 1, 0]",,,2.12,0.95,801211.55
SRI,,1,"[0, 0, 0, 0, 0, 0, 0, 0, 1, 0]",,,9.17,4.72,141557.6
FF,,1,"[0, 0, 0, 0, 0, 0, 0, 0, 1, 0]",,,6.36,2.99,387546.4
ANNA,,1,"[0, 0, 0, 0, 0, 0, 0, 0, 1, 0]",,,10.24,2.31,297716.15
INSE,,1,"[0, 0, 0, 0, 0, 0, 0, 0, 1, 0]",,,9.82,4.51,200490.65
SND,,1,"[0, 0, 0, 0, 0, 0, 0, 0, 1, 0]",,,5.7,1.92,248940.4
SABS,,1,"[0, 0, 0, 0, 0, 0, 0, 0, 1, 0]",,,4.59,1.95,390017.35
SHIM,,1,"[0, 0, 0, 0, 0, 0, 0, 0, 1, 0]",,,6.67,2.05,209946.55
SLNH,,1,"[0, 0, 0, 0, 0, 0, 0, 0, 1, 0]",,,4.42,0.61,7656332.9
DMRC,,1,"[0, 0, 0, 0, 0, 0, 0, 0, 1, 0]",,,16.43,4.36,150383.2
PLBY,,1,"[0, 0, 0, 0, 0, 0, 0, 0, 1, 0]",,,2.71,1.05,532458.6
TONX,,1,"[0, 0, 0, 0, 0, 0, 0, 0, 1, 0]",,,7.08,1.8,411445.35
TKNO,,1,"[0, 0, 0, 0, 0, 0, 0, 0, 1, 0]",,,8.93,1.99,211560.6
KLTR,,1,"[0, 0, 0, 0, 0, 0, 0, 0, 1, 0]",,,1.89,1.08,223624.45
EGAN,,1,"[0, 0, 0, 0, 0, 0, 0, 0, 1, 0]",,,15.46,5.11,318181.7
PESI,,1,"[0, 0, 0, 0, 0, 0, 0, 0, 1, 0]",,,19.43,8.61,307898.4
TENX,,1,"[0, 0, 0, 0, 0, 0, 0, 0, 1, 0]",,,18.32,1.38,5171787.2
ONEW,,1,"[0, 0, 0, 0, 0, 0, 0, 0, 1, 0]",,,16.96,8.35,106766.35
UNCY,,1,"[0, 0, 0, 0, 0, 0, 0, 0, 1, 0]",,,8.56,3.74,810080.25
DPRO,,1,"[0, 0, 0, 0, 0, 0, 0, 0, 1, 0]",,,13.77,3.8,1889160.25
DTIL,,1,"[0, 0, 0, 0, 0, 0, 0, 0, 1, 0]",,,9.28,3.57,252406.2
VERI,,1,"[0, 0, 0, 0, 0, 0, 0, 0, 1, 0]",,,8.39,0.79,2761385.5
SLQT,,1,"[0, 0, 0, 0, 0, 0, 0, 0, 1, 0]",,,2.13,0.43,1096082.0
QSI,,1,"[0, 0, 0, 0, 0, 0, 0, 0, 1, 0]",,,2.63,0.7,1489139.1
KPTI,,1,"[0, 0, 0, 0, 0, 0, 0, 0, 1, 0]",,,10.67,1.54,1411507.75
CRBP,,1,"[0, 0, 0, 0, 0, 0, 0, 0, 1, 0]",,,19.36,6.92,1325314.95
DGXX,,1,"[0, 0, 0, 0, 0, 0, 0, 0, 1, 0]",,,8.46,1.89,2172336.8
KRMD,,1,"[0, 0, 0, 0, 0, 0, 0, 0, 1, 0]",,,6.52,3.14,230034.9
CRBU,,1,"[0, 0, 0, 0, 0, 0, 0, 0, 1, 0]",,,2.84,1.25,1182985.35
BHR,,1,"[0, 0, 0, 0, 0, 0, 0, 0, 1, 0]",,,3.14,1.76,484051.45
INGN,,1,"[0, 0, 0, 0, 0, 0, 0, 0, 1, 0]",,,8.95,5.09,313671.2
MGNX,,1,"[0, 0, 0, 0, 0, 0, 0, 0, 1, 0]",,,4.86,1.33,461686.25
ATLX,,1,"[0, 0, 0, 0, 0, 0, 0, 0, 1, 0]",,,7.45,2.56,210040.95
TLSA,,1,"[0, 0, 0, 0, 0, 0, 0, 0, 1, 0]",,,2.29,0.77,621210.55
IFRX,,1,"[0, 0, 0, 0, 0, 0, 0, 0, 1, 0]",,,2.74,0.82,635516.0
ELTX,,1,"[0, 0, 0, 0, 0, 0, 0, 0, 1, 0]",,,14.85,1.77,379931.65
CVGI,,1,"[0, 0, 0, 0, 0, 0, 0, 0, 1, 0]",,,5.78,1.34,243762.1
ABOS,,1,"[0, 0, 0, 0, 0, 0, 0, 0, 1, 0]",,,3.37,1.42,370214.8
DOUG,,1,"[0, 0, 0, 0, 0, 0, 0, 0, 1, 0]",,,3.09,1.54,497635.25
AMTX,,1,"[0, 0, 0, 0, 0, 0, 0, 0, 1, 0]",,,3.66,1.32,825796.4
SKYX,,1,"[0, 0, 0, 0, 0, 0, 0, 0, 1, 0]",,,3.13,0.95,946199.8
CVRX,,1,"[0, 0, 0, 0, 0, 0, 0, 0, 1, 0]",,,10.81,2.37,596566.15
LFCR,,1,"[0, 0, 0, 0, 0, 0, 0, 0, 1, 0]",,,8.82,3.66,156689.8
EPSN,,1,"[0, 0, 0, 0, 0, 0, 0, 0, 1, 0]",,,6.35,4.11,173582.0
ADAG,,1,"[0, 0, 0, 0, 0, 0, 0, 0, 1, 0]",,,4.78,1.4,215326.1
KRRO,,1,"[0, 0, 0, 0, 0, 0, 0, 0, 1, 0]",,,51.36,5.28,187442.05
PYXS,,1,"[0, 0, 0, 0, 0, 0, 0, 0, 1, 0]",,,5.34,1.06,923700.0
BDTX,,1,"[0, 0, 0, 0, 0, 0, 0, 0, 1, 0]",,,4.87,1.61,578020.25
CNTN,,1,"[0, 0, 0, 0, 0, 0, 0, 0, 1, 0]",,,5.48,1.85,760549.2
TBI,,1,"[0, 0, 0, 0, 0, 0, 0, 0, 1, 0]",,,10.85,3.31,292221.75
THRY,,1,"[0, 0, 0, 0, 0, 0, 0, 0, 1, 0]",,,12.46,1.79,738120.4
HYPR,,1,"[0, 0, 0, 0, 0, 0, 0, 0, 1, 0]",,,2.2,0.77,407551.3
ORMP,,1,"[0, 0, 0, 0, 0, 0, 0, 0, 1, 0]",,,5.34,2.04,214315.95
RFIL,,1,"[0, 0, 0, 0, 0, 0, 0, 0, 1, 0]",,,21.5,5.65,278879.5
MX,,1,"[0, 0, 0, 0, 0, 0, 0, 0, 1, 0]",,,8.93,2.27,635147.2
OWLT,,1,"[0, 0, 0, 0, 0, 0, 0, 0, 1, 0]",,,16.52,4.44,231635.8
KZIA,,1,"[0, 0, 0, 0, 0, 0, 0, 0, 1, 0]",,,16.9,5.0,422749.15
ONL,,1,"[0, 0, 0, 0, 0, 0, 0, 0, 1, 0]",,,2.98,1.86,295072.8
IMDX,,1,"[0, 0, 0, 0, 0, 0, 0, 0, 1, 0]",,,8.48,2.55,217073.6
ANTX,,1,"[0, 0, 0, 0, 0, 0, 0, 0, 1, 0]",,,6.28,1.03,240296.65
IMUX,,1,"[0, 0, 0, 0, 0, 0, 0, 0, 1, 0]",,,16.9,5.1,365736.3
DIBS,,1,"[0, 0, 0, 0, 0, 0, 0, 0, 1, 0]",,,6.43,2.55,118257.2
CURV,,1,"[0, 0, 0, 0, 0, 0, 0, 0, 1, 0]",,,2.75,0.97,476504.05
APYX,,1,"[0, 0, 0, 0, 0, 0, 0, 0, 1, 0]",,,4.86,2.02,130367.65
RGP,,1,"[0, 0, 0, 0, 0, 0, 0, 0, 1, 0]",,,5.02,3.36,351900.65
CHPT,,1,"[0, 0, 0, 0, 0, 0, 0, 0, 1, 0]",,,12.34,4.51,4228974.25
WATT,,1,"[0, 0, 0, 0, 0, 0, 0, 0, 1, 0]",,,35.33,3.76,147679.95
DHX,,1,"[0, 0, 0, 0, 0, 0, 0, 0, 1, 0]",,,4.99,1.5,296562.2
HURA,,1,"[0, 0, 0, 0, 0, 0, 0, 0, 1, 0]",,,3.15,0.44,180849.3
BZUN,,1,"[0, 0, 0, 0, 0, 0, 0, 0, 1, 0]",,,4.14,2.1,204164.15
IDN,,1,"[0, 0, 0, 0, 0, 0, 0, 0, 1, 0]",,,8.99,2.34,316134.75
SPRO,,1,"[0, 0, 0, 0, 0, 0, 0, 0, 1, 0]",,,2.98,1.11,392650.55
NNBR,,1,"[0, 0, 0, 0, 0, 0, 0, 0, 1, 0]",,,4.11,1.14,1771802.65
CRDL,,1,"[0, 0, 0, 0, 0, 0, 0, 0, 1, 0]",,,2.29,0.93,1555036.85
AGEN,,1,"[0, 0, 0, 0, 0, 0, 0, 0, 1, 0]",,,8.4,2.77,901702.55
JELD,,1,"[0, 0, 0, 0, 0, 0, 0, 0, 1, 0]",,,5.09,0.95,1653846.65
VWAV,,1,"[0, 0, 0, 0, 0, 0, 0, 0, 1, 0]",,,283.6,0.38,1057851.55
RDZN,,1,"[0, 0, 0, 0, 0, 0, 0, 0, 1, 0]",,,2.41,0.83,341667.45
MBOT,,1,"[0, 0, 0, 0, 0, 0, 0, 0, 1, 0]",,,3.29,1.31,421386.55
QMCO,,1,"[0, 0, 0, 0, 0, 0, 0, 0, 1, 0]",,,26.11,4.31,1363018.35
MED,,1,"[0, 0, 0, 0, 0, 0, 0, 0, 1, 0]",,,14.03,9.45,117286.75
GNLX,,1,"[0, 0, 0, 0, 0, 0, 0, 0, 1, 0]",,,8.24,2.3,303012.75
EMPD,,1,"[0, 0, 0, 0, 0, 0, 0, 0, 1, 0]",,,8.0,2.52,350409.55
GALT,,1,"[0, 0, 0, 0, 0, 0, 0, 0, 1, 0]",,,6.51,2.08,347875.05
BNC,,1,"[0, 0, 0, 0, 0, 0, 0, 0, 1, 0]",,,11.37,1.99,5456505.35
SPWR,,1,"[0, 0, 0, 0, 0, 0, 0, 0, 1, 0]",,,2.11,0.22,18531033.4
NTHI,,1,"[0, 0, 0, 0, 0, 0, 0, 0, 1, 0]",,,12.09,2.99,201716.1
CODA,,1,"[0, 0, 0, 0, 0, 0, 0, 0, 1, 0]",,,16.76,7.99,119378.8
SRFM,,1,"[0, 0, 0, 0, 0, 0, 0, 0, 1, 0]",,,5.45,0.47,6213686.1
EQ,,1,"[0, 0, 0, 0, 0, 0, 0, 0, 1, 0]",,,3.2,0.84,436704.8
AMWL,,1,"[0, 0, 0, 0, 0, 0, 0, 0, 1, 0]",,,13.87,3.78,101877.55
TTEC,,1,"[0, 0, 0, 0, 0, 0, 0, 0, 1, 0]",,,3.88,1.21,368965.35
DFDV,,1,"[0, 0, 0, 0, 0, 0, 0, 0, 1, 0]",,,17.91,2.47,2581637.95
BNAI,,1,"[0, 0, 0, 0, 0, 0, 0, 0, 1, 0]",,,63.0,1.2,145087.9
TMCI,,1,"[0, 0, 0, 0, 0, 0, 0, 0, 1, 0]",,,6.95,1.2,225051.45
CHGG,,1,"[0, 0, 0, 0, 0, 0, 0, 0, 1, 0]",,,1.62,0.45,1295211.85
HSDT,,1,"[0, 0, 0, 0, 0, 0, 0, 0, 1, 0]",,,18.19,1.27,513331.0
SAFX,,1,"[0, 0, 0, 0, 0, 0, 0, 0, 1, 0]",,,1.44,0.14,3837593.5
AIFC,,1,"[0, 0, 0, 0, 0, 0, 0, 0, 1, 0]",,,3.1,0.37,666105.9
SUIG,,1,"[0, 0, 0, 0, 0, 0, 0, 0, 1, 0]",,,4.58,0.81,914215.85
INVE,,1,"[0, 0, 0, 0, 0, 0, 0, 0, 1, 0]",,,5.29,2.4,127383.8
GCTS,,1,"[0, 0, 0, 0, 0, 0, 0, 0, 1, 0]",,,3.73,0.99,1622692.45
FFAI,,1,"[0, 0, 0, 0, 0, 0, 0, 0, 1, 0]",,,243.0,1.39,1051065.55
PEPG,,1,"[0, 0, 0, 0, 0, 0, 0, 0, 1, 0]",,,7.17,1.35,674682.85
BLNK,,1,"[0, 0, 0, 0, 0, 0, 0, 0, 1, 0]",,,2.5,0.47,1229562.95
GUTS,,1,"[0, 0, 0, 0, 0, 0, 0, 0, 1, 0]",,,2.37,0.39,1724067.35
INO,,1,"[0, 0, 0, 0, 0, 0, 0, 0, 1, 0]",,,2.65,0.66,3035242.45
RANI,,1,"[0, 0, 0, 0, 0, 0, 0, 0, 1, 0]",,,2.85,0.46,541075.6
CMTL,,1,"[0, 0, 0, 0, 0, 0, 0, 0, 1, 0]",,,5.98,1.44,319103.2
VRA,,1,"[0, 0, 0, 0, 0, 0, 0, 0, 1, 0]",,,4.26,1.8,905694.95
STIM,,1,"[0, 0, 0, 0, 0, 0, 0, 0, 1, 0]",,,3.3,1.18,1278006.2
CUE,,1,"[0, 0, 0, 0, 0, 0, 0, 0, 1, 0]",,,37.84,5.31,371296.3
ARQ,,1,"[0, 0, 0, 0, 0, 0, 0, 0, 1, 0]",,,7.4,1.64,209647.9
HCAT,,1,"[0, 0, 0, 0, 0, 0, 0, 0, 1, 0]",,,3.46,1.0,455671.35
BMEA,,1,"[0, 0, 0, 0, 0, 0, 0, 0, 1, 0]",,,2.67,0.96,2245311.5
CBUS,,1,"[0, 0, 0, 0, 0, 0, 0, 0, 1, 0]",,,4.05,1.16,101055.0
ANPA,,1,"[0, 0, 0, 0, 0, 0, 0, 0, 1, 0]",,,157.89,1.97,294783.45
HOVR,,1,"[0, 0, 0, 0, 0, 0, 0, 0, 1, 0]",,,3.91,1.2,555662.25
CGTX,,1,"[0, 0, 0, 0, 0, 0, 0, 0, 1, 0]",,,1.95,0.6,395316.2
FLL,,1,"[0, 0, 0, 0, 0, 0, 0, 0, 1, 0]",,,3.35,1.71,173890.65
CYPH,,1,"[0, 0, 0, 0, 0, 0, 0, 0, 1, 0]",,,3.73,0.35,17455499.25
DTI,,1,"[0, 0, 0, 0, 0, 0, 0, 0, 1, 0]",,,4.49,1.93,198971.7
BTCS,,1,"[0, 0, 0, 0, 0, 0, 0, 0, 1, 0]",,,5.96,0.98,2192056.4
ZVIA,,1,"[0, 0, 0, 0, 0, 0, 0, 0, 1, 0]",,,2.73,1.13,400300.6
ALDX,,1,"[0, 0, 0, 0, 0, 0, 0, 0, 1, 0]",,,5.74,1.24,635224.1
EXFY,,1,"[0, 0, 0, 0, 0, 0, 0, 0, 1, 0]",,,2.72,0.75,540708.45
ONCY,,1,"[0, 0, 0, 0, 0, 0, 0, 0, 1, 0]",,,1.42,0.68,1089706.9
TEAD,,1,"[0, 0, 0, 0, 0, 0, 0, 0, 1, 0]",,,1.72,0.45,202073.45
NRXP,,1,"[0, 0, 0, 0, 0, 0, 0, 0, 1, 0]",,,4.62,1.68,640789.7
OCCI,2.27,1,"[0, 0, 0, 0, 0, 0, 0, 0, 1, 0]",2.42,2.97,4.36,2.18,186082.45
ARBE,,1,"[0, 0, 0, 0, 0, 0, 0, 0, 1, 0]",,,2.69,0.56,6743749.65
TLYS,,1,"[0, 0, 0, 0, 0, 0, 0, 0, 1, 0]",,,5.45,1.18,1461692.55
UPXI,,1,"[0, 0, 0, 0, 0, 0, 0, 0, 1, 0]",,,7.7,0.56,5336202.4
LGO,,1,"[0, 0, 0, 0, 0, 0, 0, 0, 1, 0]",,,2.52,0.58,381297.65
BAER,,1,"[0, 0, 0, 0, 0, 0, 0, 0, 1, 0]",,,3.27,0.88,702608.9
SEV,,1,"[0, 0, 0, 0, 0, 0, 0, 0, 1, 0]",,,10.84,1.41,246840.3
FRMM,,1,"[0, 0, 0, 0, 0, 0, 0, 0, 1, 0]",,,25.8,1.79,123688.1
ATYR,,1,"[0, 0, 0, 0, 0, 0, 0, 0, 1, 0]",,,1.06,0.36,7259683.1
OCC,,1,"[0, 0, 0, 0, 0, 0, 0, 0, 1, 0]",,,26.92,4.16,273050.7
QTTB,,1,"[0, 0, 0, 0, 0, 0, 0, 0, 1, 0]",,,21.38,1.88,639091.4
STEX,,1,"[0, 0, 0, 0, 0, 0, 0, 0, 1, 0]",,,6.31,0.58,969401.2
LIDR,,1,"[0, 0, 0, 0, 0, 0, 0, 0, 1, 0]",,,3.35,1.02,7684577.0
VHUB,,1,"[0, 0, 0, 0, 0, 0, 0, 0, 1, 0]",,,8.08,0.53,304202.4
MXCT,,1,"[0, 0, 0, 0, 0, 0, 0, 0, 1, 0]",,,1.83,0.68,408944.35
AVD,,1,"[0, 0, 0, 0, 0, 0, 0, 0, 1, 0]",,,5.81,2.03,265945.0
NAMM,,1,"[0, 0, 0, 0, 0, 0, 0, 0, 1, 0]",,,6.4,0.92,381108.85
SPAI,,1,"[0, 0, 0, 0, 0, 0, 0, 0, 1, 0]",,,8.95,3.23,105202.8
CLNN,,1,"[0, 0, 0, 0, 0, 0, 0, 0, 1, 0]",,,12.5,3.28,142282.45
BTMD,,1,"[0, 0, 0, 0, 0, 0, 0, 0, 1, 0]",,,3.19,1.3,227420.7
GRWG,,1,"[0, 0, 0, 0, 0, 0, 0, 0, 1, 0]",,,2.2,1.04,234200.5
DTCX,,1,"[0, 0, 0, 0, 0, 0, 0, 0, 1, 0]",,,5.42,1.63,251061.2
PN,,1,"[0, 0, 0, 0, 0, 0, 0, 0, 1, 0]",,,23.67,2.02,133169.6
TCRX,,1,"[0, 0, 0, 0, 0, 0, 0, 0, 1, 0]",,,2.52,0.31,1352659.35
DOMH,,1,"[0, 0, 0, 0, 0, 0, 0, 0, 1, 0]",,,6.22,1.94,244436.75
STEM,,1,"[0, 0, 0, 0, 0, 0, 0, 0, 1, 0]",,,29.79,3.82,115754.5
ANVS,,1,"[0, 0, 0, 0, 0, 0, 0, 0, 1, 0]",,,5.1,1.04,1342567.4
ZSQR,,1,"[0, 0, 0, 0, 0, 0, 0, 0, 1, 0]",,,18.8,2.29,415439.35
ACRV,,1,"[0, 0, 0, 0, 0, 0, 0, 0, 1, 0]",,,3.01,1.29,298413.3
PMVP,,1,"[0, 0, 0, 0, 0, 0, 0, 0, 1, 0]",,,1.8,1.02,938361.6
MDAI,,1,"[0, 0, 0, 0, 0, 0, 0, 0, 1, 0]",,,2.68,1.2,116389.45
CPSH,,1,"[0, 0, 0, 0, 0, 0, 0, 0, 1, 0]",,,11.59,3.04,219739.5
OMEX,,1,"[0, 0, 0, 0, 0, 0, 0, 0, 1, 0]",,,4.12,0.6,255309.6
FTCI,,1,"[0, 0, 0, 0, 0, 0, 0, 0, 1, 0]",,,12.5,1.99,408195.4
PDSB,,1,"[0, 0, 0, 0, 0, 0, 0, 0, 1, 0]",,,1.43,0.2,64881468.65
FLD,,1,"[0, 0, 0, 0, 0, 0, 0, 0, 1, 0]",,,4.14,0.38,505100.4
RRGB,,1,"[0, 0, 0, 0, 0, 0, 0, 0, 1, 0]",,,10.59,2.59,295878.45
XTIA,,1,"[0, 0, 0, 0, 0, 0, 0, 0, 1, 0]",,,3.06,0.92,1042501.95
KLXE,,1,"[0, 0, 0, 0, 0, 0, 0, 0, 1, 0]",,,4.27,1.47,907655.7
FEAM,,1,"[0, 0, 0, 0, 0, 0, 0, 0, 1, 0]",,,7.03,1.05,693773.35
CING,,1,"[0, 0, 0, 0, 0, 0, 0, 0, 1, 0]",,,11.66,3.33,102398.15
IMMP,,1,"[0, 0, 0, 0, 0, 0, 0, 0, 1, 0]",,,3.18,0.27,397683.1
IBIO,,1,"[0, 0, 0, 0, 0, 0, 0, 0, 1, 0]",,,3.07,0.79,551867.9
ENTX,,1,"[0, 0, 0, 0, 0, 0, 0, 0, 1, 0]",,,3.92,1.0,380009.9
EHTH,,1,"[0, 0, 0, 0, 0, 0, 0, 0, 1, 0]",,,5.65,0.84,346530.6
VNCE,,1,"[0, 0, 0, 0, 0, 0, 0, 0, 1, 0]",,,11.11,1.99,548913.2
HYFT,,1,"[0, 0, 0, 0, 0, 0, 0, 0, 1, 0]",,,2.78,1.02,198413.85
BLNE,,1,"[0, 0, 0, 0, 0, 0, 0, 0, 1, 0]",,,4.35,0.88,413299.75
PSIG,,1,"[0, 0, 0, 0, 0, 0, 0, 0, 1, 0]",,,11.85,1.08,1239520.75
SPWH,,1,"[0, 0, 0, 0, 0, 0, 0, 0, 1, 0]",,,3.19,1.1,671955.45
ONMD,,1,"[0, 0, 0, 0, 0, 0, 0, 0, 1, 0]",,,3.14,0.5,287462.45
GRML,,1,"[0, 0, 0, 0, 0, 0, 0, 0, 1, 0]",,,33.0,2.85,21379607.9
AMPG,,1,"[0, 0, 0, 0, 0, 0, 0, 0, 1, 0]",,,9.7,1.76,938116.0
CHRN,,1,"[0, 0, 0, 0, 0, 0, 0, 0, 1, 0]",,,29.63,3.87,141708.9
IPWR,,1,"[0, 0, 0, 0, 0, 0, 0, 0, 1, 0]",,,8.99,2.68,204550.3
ZEO,,1,"[0, 0, 0, 0, 0, 0, 0, 0, 1, 0]",,,1.99,0.21,34410766.8
STKE,,1,"[0, 0, 0, 0, 0, 0, 0, 0, 1, 0]",,,4.95,0.89,402656.45
ILLR,,1,"[0, 0, 0, 0, 0, 0, 0, 0, 1, 0]",,,10.5,0.26,360024.45
VIVO,,1,"[0, 0, 0, 0, 0, 0, 0, 0, 1, 0]",,,6.6,1.21,304039.6
BWEN,,1,"[0, 0, 0, 0, 0, 0, 0, 0, 1, 0]",,,5.44,1.97,227437.2
BIRD,,1,"[0, 0, 0, 0, 0, 0, 0, 0, 1, 0]",,,14.86,1.93,632027.1
BEAT,,1,"[0, 0, 0, 0, 0, 0, 0, 0, 1, 0]",,,3.44,0.39,398863.45
RDAC,,1,"[0, 0, 0, 0, 0, 0, 0, 0, 1, 0]",,,20.51,4.56,1323508.2
FTEK,,1,"[0, 0, 0, 0, 0, 0, 0, 0, 1, 0]",,,3.19,1.19,246814.45
PPSI,,1,"[0, 0, 0, 0, 0, 0, 0, 0, 1, 0]",,,6.08,2.37,110774.3
TELA,,1,"[0, 0, 0, 0, 0, 0, 0, 0, 1, 0]",,,1.57,0.56,279332.75
GAME,,1,"[0, 0, 0, 0, 0, 0, 0, 0, 1, 0]",,,6.85,1.97,170906.25
ARAY,,1,"[0, 0, 0, 0, 0, 0, 0, 0, 1, 0]",,,1.85,0.23,468123.5
FGNX,,1,"[0, 0, 0, 0, 0, 0, 0, 0, 1, 0]",,,33.25,4.23,123777.8
AHMA,,1,"[0, 0, 0, 0, 0, 0, 0, 0, 1, 0]",,,37.11,0.79,1440047.85
HYPD,,1,"[0, 0, 0, 0, 0, 0, 0, 0, 1, 0]",,,11.83,2.34,623874.05
ASTI,,1,"[0, 0, 0, 0, 0, 0, 0, 0, 1, 0]",,,9.02,1.43,261362.3
DARE,,1,"[0, 0, 0, 0, 0, 0, 0, 0, 1, 0]",,,3.27,0.7,321580.45
BEEM,,1,"[0, 0, 0, 0, 0, 0, 0, 0, 1, 0]",,,3.88,0.98,643580.35
SST,,1,"[0, 0, 0, 0, 0, 0, 0, 0, 1, 0]",,,8.02,1.37,1412412.4
WKHS,,1,"[0, 0, 0, 0, 0, 0, 0, 0, 1, 0]",,,13.8,2.34,104729.85
INMB,,1,"[0, 0, 0, 0, 0, 0, 0, 0, 1, 0]",,,2.51,1.12,357036.15
JZ,,1,"[0, 0, 0, 0, 0, 0, 0, 0, 1, 0]",,,93.0,0.49,1633920.5
GRCE,,1,"[0, 0, 0, 0, 0, 0, 0, 0, 1, 0]",,,5.13,2.07,149731.85
TRAW,,1,"[0, 0, 0, 0, 0, 0, 0, 0, 1, 0]",,,3.13,0.44,1448364.55
BOLD,,1,"[0, 0, 0, 0, 0, 0, 0, 0, 1, 0]",,,3.0,1.05,122911.05
ARAI,,1,"[0, 0, 0, 0, 0, 0, 0, 0, 1, 0]",,,6.3,0.22,694806.75
AGPU,,1,"[0, 0, 0, 0, 0, 0, 0, 0, 1, 0]",,,18.0,1.41,311266.1
MNTS,,1,"[0, 0, 0, 0, 0, 0, 0, 0, 1, 0]",,,30.54,3.23,592523.1
BZFD,,1,"[0, 0, 0, 0, 0, 0, 0, 0, 1, 0]",,,2.09,0.57,354395.55
QCLS,,1,"[0, 0, 0, 0, 0, 0, 0, 0, 1, 0]",,,6.92,0.44,15018199.5
LASE,,1,"[0, 0, 0, 0, 0, 0, 0, 0, 1, 0]",,,4.78,0.6,5864912.85
QNTM,,1,"[0, 0, 0, 0, 0, 0, 0, 0, 1, 0]",,,18.45,2.1,188323.65
DBGI,,1,"[0, 0, 0, 0, 0, 0, 0, 0, 1, 0]",,,711.2,3.63,2113550.65
AIFF,,1,"[0, 0, 0, 0, 0, 0, 0, 0, 1, 0]",,,3.05,0.64,741880.05
VEEA,,1,"[0, 0, 0, 0, 0, 0, 0, 0, 1, 0]",,,18.46,1.56,13431711.55
OTLK,,1,"[0, 0, 0, 0, 0, 0, 0, 0, 1, 0]",,,2.47,0.2,4780761.45
FEMY,,1,"[0, 0, 0, 0, 0, 0, 0, 0, 1, 0]",,,20.8,2.16,107162.7
JSPR,,1,"[0, 0, 0, 0, 0, 0, 0, 0, 1, 0]",,,2.6,0.34,352257.8
UFG,,1,"[0, 0, 0, 0, 0, 0, 0, 0, 1, 0]",,,8.3,0.46,5900260.2
DFLI,,1,"[0, 0, 0, 0, 0, 0, 0, 0, 1, 0]",,,19.7,0.85,271006.5
ALLR,,1,"[0, 0, 0, 0, 0, 0, 0, 0, 1, 0]",,,1.77,0.81,111343.4
VTGN,,1,"[0, 0, 0, 0, 0, 0, 0, 0, 1, 0]",,,4.9,0.23,30389581.7
SDST,,1,"[0, 0, 0, 0, 0, 0, 0, 0, 1, 0]",,,7.09,0.12,48689175.15
LTRN,,1,"[0, 0, 0, 0, 0, 0, 0, 0, 1, 0]",,,4.62,1.12,200763.45
GWH,,1,"[0, 0, 0, 0, 0, 0, 0, 0, 1, 0]",,,9.05,0.32,791837.4
MOBX,,1,"[0, 0, 0, 0, 0, 0, 0, 0, 1, 0]",,,11.2,0.8,8897330.6
GRDX,,1,"[0, 0, 0, 0, 0, 0, 0, 0, 1, 0]",,,6.8,2.01,104149.05
AUID,,1,"[0, 0, 0, 0, 0, 0, 0, 0, 1, 0]",,,3.37,0.36,581487.75
KTTA,,1,"[0, 0, 0, 0, 0, 0, 0, 0, 1, 0]",,,1.47,0.29,212714.95
LGVN,,1,"[0, 0, 0, 0, 0, 0, 0, 0, 1, 0]",,,11.6,2.45,176313.45
SAGT,,1,"[0, 0, 0, 0, 0, 0, 0, 0, 1, 0]",,,2.68,0.55,322215.5
OSRH,,1,"[0, 0, 0, 0, 0, 0, 0, 0, 1, 0]",,,0.82,0.12,745735.35
OFAL,,1,"[0, 0, 0, 0, 0, 0, 0, 0, 1, 0]",,,15.1,0.55,6726134.65
ENGS,,1,"[0, 0, 0, 0, 0, 0, 0, 0, 1, 0]",,,12.22,0.64,2117747.6
NIXX,,1,"[0, 0, 0, 0, 0, 0, 0, 0, 1, 0]",,,1.89,0.36,505107.1
TOMZ,,1,"[0, 0, 0, 0, 0, 0, 0, 0, 1, 0]",,,3.24,1.43,128168.4
AIIO,,1,"[0, 0, 0, 0, 0, 0, 0, 0, 1, 0]",,,52.4,0.59,655374.6
SCNX,,1,"[0, 0, 0, 0, 0, 0, 0, 0, 1, 0]",,,2.6,0.24,1539657.3
GFAI,,1,"[0, 0, 0, 0, 0, 0, 0, 0, 1, 0]",,,1.2,0.31,104199.5
LEXX,,1,"[0, 0, 0, 0, 0, 0, 0, 0, 1, 0]",,,22.95,3.1,126669.85
NWGL,,1,"[0, 0, 0, 0, 0, 0, 0, 0, 1, 0]",,,1.75,0.22,1663815.55
SKYQ,,1,"[0, 0, 0, 0, 0, 0, 0, 0, 1, 0]",,,12.59,1.14,4124165.65
TURB,,1,"[0, 0, 0, 0, 0, 0, 0, 0, 1, 0]",,,6.21,0.61,4492016.4
AKAN,,1,"[0, 0, 0, 0, 0, 0, 0, 0, 1, 0]",,,107.43,2.66,2444505.05
MDCX,,1,"[0, 0, 0, 0, 0, 0, 0, 0, 1, 0]",,,2.7,0.15,10524085.1
BFRI,,1,"[0, 0, 0, 0, 0, 0, 0, 0, 1, 0]",,,1.61,0.57,793129.3
MBRX,,1,"[0, 0, 0, 0, 0, 0, 0, 0, 1, 0]",,,13.25,0.38,846959.1
PHIO,,1,"[0, 0, 0, 0, 0, 0, 0, 0, 1, 0]",,,2.48,0.86,138907.3
OBAI,,1,"[0, 0, 0, 0, 0, 0, 0, 0, 1, 0]",,,33.0,0.25,4532497.4
BFRG,,1,"[0, 0, 0, 0, 0, 0, 0, 0, 1, 0]",,,1.68,0.43,13360293.75
APRE,,1,"[0, 0, 0, 0, 0, 0, 0, 0, 1, 0]",,,1.65,0.59,370576.3
ATER,,1,"[0, 0, 0, 0, 0, 0, 0, 0, 1, 0]",,,1.39,0.36,5371542.05
GTBP,,1,"[0, 0, 0, 0, 0, 0, 0, 0, 1, 0]",,,11.63,0.24,306330.7
LHSW,,1,"[0, 0, 0, 0, 0, 0, 0, 0, 1, 0]",,,35.68,0.43,25885101.5
BIVI,,1,"[0, 0, 0, 0, 0, 0, 0, 0, 1, 0]",,,2.28,0.96,514489.75
DTSS,,1,"[0, 0, 0, 0, 0, 0, 0, 0, 1, 0]",,,2.3,0.59,9449329.35
GDC,,1,"[0, 0, 0, 0, 0, 0, 0, 0, 1, 0]",,,1715.0,1.29,1720005.75
BIAF,,1,"[0, 0, 0, 0, 0, 0, 0, 0, 1, 0]",,,79.35,4.56,9261035.55
CODX,,1,"[0, 0, 0, 0, 0, 0, 0, 0, 1, 0]",,,37.8,0.94,251340.6
YMAT,,1,"[0, 0, 0, 0, 0, 0, 0, 0, 1, 0]",,,9.35,1.21,3799428.85
FBGL,,1,"[0, 0, 0, 0, 0, 0, 0, 0, 1, 0]",,,1.38,0.36,5093242.6
GLE,,1,"[0, 0, 0, 0, 0, 0, 0, 0, 1, 0]",,,0.86,0.26,158015.45
AIXI,,1,"[0, 0, 0, 0, 0, 0, 0, 0, 1, 0]",,,39.0,0.46,1429481.8
MYSE,,1,"[0, 0, 0, 0, 0, 0, 0, 0, 1, 0]",,,3.81,1.33,163462.9
FMFC,,1,"[0, 0, 0, 0, 0, 0, 0, 0, 1, 0]",,,15.48,0.2,2520502.2
LOBO,,1,"[0, 0, 0, 0, 0, 0, 0, 0, 1, 0]",,,1.16,0.39,9010215.65
RMSG,,1,"[0, 0, 0, 0, 0, 0, 0, 0, 1, 0]",,,3.2,0.27,1120590.9
MGRX,,1,"[0, 0, 0, 0, 0, 0, 0, 0, 1, 0]",,,2.74,0.16,464683.6
POLA,,1,"[0, 0, 0, 0, 0, 0, 0, 0, 1, 0]",,,5.27,1.25,105297.75
SMTK,,1,"[0, 0, 0, 0, 0, 0, 0, 0, 1, 0]",,,141.5,1.68,559870.15
ONFO,,1,"[0, 0, 0, 0, 0, 0, 0, 0, 1, 0]",,,75.0,0.8,184252.8
FABC,,1,"[0, 0, 0, 0, 0, 0, 0, 0, 1, 0]",,,6.15,1.78,149168.75
OLB,,1,"[0, 0, 0, 0, 0, 0, 0, 0, 1, 0]",,,1.5,0.2,19970150.05
AEHL,,1,"[0, 0, 0, 0, 0, 0, 0, 0, 1, 0]",,,415.68,3.54,4590744.1
BTQ,,1,"[0, 0, 0, 0, 0, 0, 0, 0, 1, 0]",,,14.14,2.15,2606891.45
SUNE,,1,"[0, 0, 0, 0, 0, 0, 0, 0, 1, 0]",,,5.88,0.78,7948029.95
ALP,,1,"[0, 0, 0, 0, 0, 0, 0, 0, 1, 0]",,,10.91,0.1,2470872.3
GP,,1,"[0, 0, 0, 0, 0, 0, 0, 0, 1, 0]",,,3.53,0.74,283574.15
GSUN,,1,"[0, 0, 0, 0, 0, 0, 0, 0, 1, 0]",,,2.82,0.19,10529870.7
RENX,,1,"[0, 0, 0, 0, 0, 0, 0, 0, 1, 0]",,,31.6,1.42,120427.95
WNW,,1,"[0, 0, 0, 0, 0, 0, 0, 0, 1, 0]",,,215.0,2.31,1678886.05
GOVX,,1,"[0, 0, 0, 0, 0, 0, 0, 0, 1, 0]",,,16.15,0.36,535510.1
JTAI,,1,"[0, 0, 0, 0, 0, 0, 0, 0, 1, 0]",,,69.78,0.46,536248.75
NCI,,1,"[0, 0, 0, 0, 0, 0, 0, 0, 1, 0]",,,96.0,3.95,822221.15
SOBR,,1,"[0, 0, 0, 0, 0, 0, 0, 0, 1, 0]",,,3.87,0.13,332054.2
BYAH,,1,"[0, 0, 0, 0, 0, 0, 0, 0, 1, 0]",,,200.8,2.27,138478.95
MNDR,,1,"[0, 0, 0, 0, 0, 0, 0, 0, 1, 0]",,,28.5,1.28,155162.0
NCRA,,1,"[0, 0, 0, 0, 0, 0, 0, 0, 1, 0]",,,59.1,1.35,3506567.75
PMAX,,1,"[0, 0, 0, 0, 0, 0, 0, 0, 1, 0]",,,37.5,0.86,2914154.8
VIVK,,1,"[0, 0, 0, 0, 0, 0, 0, 0, 1, 0]",,,1680.4,0.53,5305650.15
IVDA,,1,"[0, 0, 0, 0, 0, 0, 0, 0, 1, 0]",,,2.03,0.22,407915.8
MASK,,1,"[0, 0, 0, 0, 0, 0, 0, 0, 1, 0]",,,15.5,0.88,1275414.6
AEMD,,1,"[0, 0, 0, 0, 0, 0, 0, 0, 1, 0]",,,40.0,1.43,8075738.4
SGLY,,1,"[0, 0, 0, 0, 0, 0, 0, 0, 1, 0]",,,18.76,1.04,486245.4
ORKT,,1,"[0, 0, 0, 0, 0, 0, 0, 0, 1, 0]",,,2.44,0.67,108070.9
VBIO,,1,"[0, 0, 0, 0, 0, 0, 0, 0, 1, 0]",,,78.5,2.08,810460.05
MGN,,1,"[0, 0, 0, 0, 0, 0, 0, 0, 1, 0]",,,5820.0,3.0,1219787.35
HCWB,,1,"[0, 0, 0, 0, 0, 0, 0, 0, 1, 0]",,,29.28,1.61,949584.7
JDZG,,1,"[0, 0, 0, 0, 0, 0, 0, 0, 1, 0]",,,952.5,2.81,484301.85
SDOT,,1,"[0, 0, 0, 0, 0, 0, 0, 0, 1, 0]",,,154.4,2.73,242442.15
BTX,,1,"[0, 0, 0, 0, 0, 0, 0, 0, 1, 0]",,,9.25,5.79,385678.7
