ticker,price,score,points,sma50,sma200,wk52_high,wk52_low,volume
NVDA,206.84,8,"[0, 1, 1, 1, 1, 1, 0, 1, 1, 1]",209.11,192.72,235.47,164.98,131905086.3
GOOGL,319.74,6,"[0, 0, 0, 1, 1, 1, 1, 1, 1, 0]",364.63,323.59,402.38,188.59,33726523.45
GOOG,319.09,6,"[0, 0, 0, 1, 1, 1, 1, 1, 1, 0]",362.27,322.86,398.8,189.41,22847500.3
AAPL,333.02,10,"[1, 1, 1, 1, 1, 1, 1, 1, 1, 1]",306.23,275.66,333.74,201.58,61360785.45
AMZN,232.11,6,"[0, 0, 0, 1, 1, 1, 0, 1, 1, 1]",249.22,234.59,274.99,198.79,52438611.6
AVGO,381.92,9,"[0, 1, 1, 1, 1, 1, 1, 1, 1, 1]",399.01,363.83,480.81,286.54,22222543.65
TSM,403.41,8,"[0, 1, 1, 1, 1, 1, 1, 1, 1, 0]",425.68,353.48,477.57,224.84,14957221.6
TSLA,313.03,1,"[0, 0, 0, 0, 0, 0, 0, 0, 1, 0]",402.56,414.71,489.88,302.63,44487206.45
WMT,109.47,4,"[0, 0, 0, 0, 1, 1, 0, 1, 1, 0]",117.67,117.41,134.2,95.48,22656151.95
LLY,1196.03,10,"[1, 1, 1, 1, 1, 1, 1, 1, 1, 1]",1129.35,1013.93,1235.56,621.26,2787473.2
MU,920.95,8,"[0, 1, 1, 1, 1, 1, 1, 1, 1, 0]",955.28,501.89,1213.37,104.71,46880091.05
AMD,521.95,9,"[1, 1, 1, 1, 1, 1, 1, 1, 1, 0]",508.48,305.68,580.91,151.14,28212909.8
INTC,92.32,7,"[0, 1, 1, 1, 1, 1, 1, 0, 1, 0]",115.27,65.76,140.94,19.31,110239401.15
XOM,156.94,10,"[1, 1, 1, 1, 1, 1, 1, 1, 1, 1]",146.52,136.91,170.31,102.56,15292646.75
ASML,1757.09,9,"[1, 1, 1, 1, 1, 1, 1, 1, 1, 0]",1741.73,1373.55,1989.44,686.0,2013612.75
ORCL,114.99,2,"[0, 0, 0, 1, 0, 0, 0, 0, 1, 0]",171.05,186.14,324.63,114.99,39778837.0
JNJ,263.4,10,"[1, 1, 1, 1, 1, 1, 1, 1, 1, 1]",241.72,222.92,267.24,160.72,8440391.85
CAT,888.73,8,"[0, 1, 1, 1, 1, 1, 1, 1, 1, 0]",924.81,727.29,1062.93,404.15,3432394.3
CSCO,114.17,8,"[0, 1, 1, 1, 1, 1, 1, 1, 1, 0]",117.31,87.71,129.52,64.86,23267347.65
LRCX,305.21,7,"[0, 1, 1, 1, 1, 1, 1, 0, 1, 0]",338.34,237.22,433.33,94.32,12118490.9
CVX,194.79,10,"[1, 1, 1, 1, 1, 1, 1, 1, 1, 1]",182.58,172.25,209.23,144.01,8565632.9
AMAT,536.25,7,"[0, 1, 1, 1, 1, 1, 1, 0, 1, 0]",537.42,366.14,723.0,155.56,10556918.3
UNH,420.74,10,"[1, 1, 1, 1, 1, 1, 1, 1, 1, 1]",406.62,339.86,436.35,231.57,6005996.3
BABA,112.14,2,"[0, 0, 0, 0, 0, 0, 0, 0, 1, 1]",115.7,141.3,187.62,94.81,13419623.3
GE,353.73,9,"[1, 1, 1, 1, 1, 1, 1, 1, 1, 0]",337.84,312.91,378.68,264.59,4413479.95
HSBC,103.4,10,"[1, 1, 1, 1, 1, 1, 1, 1, 1, 1]",94.92,82.48,103.4,58.43,1287718.6
MS,214.48,9,"[1, 1, 1, 1, 1, 1, 1, 1, 1, 0]",212.65,181.92,228.55,136.76,5892536.3
AZN,169.26,4,"[0, 0, 0, 0, 1, 1, 0, 1, 1, 0]",180.49,183.91,208.62,141.2,2751218.7
GEV,1014.75,8,"[0, 1, 1, 1, 1, 1, 1, 1, 1, 0]",1032.86,827.31,1174.86,546.95,2907654.0
GS,1061.23,9,"[1, 1, 1, 1, 1, 1, 1, 1, 1, 0]",1041.2,904.36,1152.07,695.57,2035853.75
MRK,131.07,10,"[1, 1, 1, 1, 1, 1, 1, 1, 1, 1]",120.73,109.23,131.07,75.59,9425817.25
NVS,155.01,9,"[1, 1, 1, 1, 1, 1, 1, 1, 1, 0]",151.71,143.38,163.64,110.15,1927212.95
TXN,279.58,8,"[0, 1, 1, 1, 1, 1, 1, 1, 1, 0]",300.91,222.76,332.28,151.57,9243614.9
RY,209.09,8,"[1, 1, 1, 1, 1, 1, 0, 0, 1, 1]",199.94,171.89,,,1620090.5
KLAC,210.52,7,"[0, 1, 1, 1, 1, 1, 1, 0, 1, 0]",220.77,160.26,301.71,84.03,13612107.5
RTX,212.79,9,"[1, 1, 1, 0, 1, 1, 1, 1, 1, 1]",186.21,185.53,212.79,150.03,4751614.05
SNDK,1436.56,7,"[0, 1, 1, 1, 1, 1, 1, 0, 1, 0]",1730.59,816.83,2335.0,40.69,13594292.45
QCOM,166.97,4,"[0, 0, 0, 1, 0, 1, 1, 0, 1, 0]",202.79,167.94,250.1,123.61,15187059.9
ARM,260.01,7,"[0, 1, 1, 1, 1, 1, 1, 0, 1, 0]",322.24,187.91,439.46,104.55,6031479.75
C,132.19,8,"[0, 1, 1, 1, 1, 1, 1, 1, 1, 0]",134.29,117.26,145.67,89.79,13632977.95
BHP,83.72,9,"[0, 1, 1, 1, 1, 1, 1, 1, 1, 1]",84.95,70.72,93.15,49.67,2391002.6
ADI,371.86,8,"[0, 1, 1, 1, 1, 1, 1, 1, 1, 0]",402.99,326.65,445.48,217.76,4454878.25
NVO,48.77,7,"[1, 1, 1, 1, 0, 0, 1, 0, 1, 1]",46.34,46.11,68.39,34.76,9512535.3
MUFG,22.89,10,"[1, 1, 1, 1, 1, 1, 1, 1, 1, 1]",20.37,17.75,22.89,13.78,3236024.8
TTE,86.8,10,"[1, 1, 1, 1, 1, 1, 1, 1, 1, 1]",84.48,75.87,93.6,55.92,1938899.0
NEE,89.78,9,"[1, 1, 1, 0, 1, 1, 1, 1, 1, 1]",87.6,86.68,97.17,68.33,10646810.05
BA,209.52,4,"[0, 0, 0, 0, 1, 1, 0, 1, 1, 0]",219.74,218.4,252.15,179.12,5454210.75
TD,119.78,10,"[1, 1, 1, 1, 1, 1, 1, 1, 1, 1]",116.12,97.59,124.8,71.5,3184523.3
SAN,13.54,10,"[1, 1, 1, 1, 1, 1, 1, 1, 1, 1]",13.01,11.74,14.37,8.3,8990668.55
RIO,91.22,7,"[0, 0, 1, 1, 1, 1, 1, 1, 1, 0]",98.97,87.58,112.04,56.5,2816812.25
ANET,173.99,10,"[1, 1, 1, 1, 1, 1, 1, 1, 1, 1]",163.86,145.41,186.96,114.28,7947801.35
STX,851.69,8,"[0, 1, 1, 1, 1, 1, 1, 1, 1, 0]",887.12,502.87,1093.26,146.06,5088367.4
DELL,437.5,10,"[1, 1, 1, 1, 1, 1, 1, 1, 1, 1]",382.58,207.37,465.19,110.54,7072955.9
PANW,323.79,10,"[1, 1, 1, 1, 1, 1, 1, 1, 1, 1]",297.04,211.6,358.68,141.67,7243717.9
WDC,519.8,7,"[0, 1, 1, 1, 1, 1, 1, 0, 1, 0]",558.82,322.18,746.23,68.63,8198330.45
GILD,129.31,6,"[1, 0, 0, 0, 1, 1, 0, 1, 1, 1]",129.28,130.09,153.91,107.48,7380792.75
GLW,146.65,6,"[0, 0, 1, 1, 1, 1, 1, 0, 1, 0]",188.3,133.77,255.69,54.76,14487805.2
BUD,81.66,9,"[1, 1, 1, 1, 1, 1, 1, 1, 1, 0]",81.22,71.17,85.09,56.26,1989966.85
APP,391.98,2,"[0, 0, 0, 1, 0, 0, 0, 0, 1, 0]",498.2,525.24,733.6,361.63,5523101.45
APH,152.67,9,"[1, 1, 1, 1, 1, 1, 1, 1, 1, 0]",150.92,141.02,176.32,103.6,6936413.05
DE,628.16,9,"[1, 1, 1, 1, 1, 1, 1, 1, 1, 0]",583.37,541.18,658.85,435.19,1177463.2
SCCO,179.29,9,"[0, 1, 1, 1, 1, 1, 1, 1, 1, 1]",180.99,166.1,215.55,85.21,1211907.8
WELL,252.07,10,"[1, 1, 1, 1, 1, 1, 1, 1, 1, 1]",221.56,201.45,252.07,155.89,2940085.75
MRVL,194.23,7,"[0, 1, 1, 1, 1, 1, 1, 0, 1, 0]",239.1,132.72,316.35,62.18,27257812.35
IBKR,91.74,9,"[1, 1, 1, 1, 1, 1, 1, 1, 1, 0]",89.91,75.44,97.41,59.96,4471362.05
COP,120.26,10,"[1, 1, 1, 1, 1, 1, 1, 1, 1, 1]",114.04,106.07,132.81,83.6,6549823.55
PLD,147.63,10,"[1, 1, 1, 1, 1, 1, 1, 1, 1, 1]",143.05,132.87,150.06,100.81,4356222.45
UBS,51.74,10,"[1, 1, 1, 1, 1, 1, 1, 1, 1, 1]",49.47,43.02,55.07,35.49,1745683.1
SMFG,26.18,10,"[1, 1, 1, 1, 1, 1, 1, 1, 1, 1]",24.01,20.68,26.5,15.07,1783818.2
CRWD,183.28,10,"[1, 1, 1, 1, 1, 1, 1, 1, 1, 1]",177.91,131.2,210.73,87.56,9898209.55
VRT,290.36,8,"[0, 1, 1, 1, 1, 1, 1, 1, 1, 0]",316.32,244.2,376.15,121.69,5542810.55
BTI,60.96,7,"[0, 1, 1, 1, 1, 1, 0, 1, 1, 0]",61.13,56.94,65.79,48.34,4500601.95
BBVA,25.95,10,"[1, 1, 1, 1, 1, 1, 1, 1, 1, 1]",24.04,22.15,26.23,14.58,1130021.95
NEM,93.19,4,"[0, 0, 0, 0, 1, 1, 1, 0, 1, 0]",100.62,103.74,131.38,61.45,7789936.5
PBR,18.77,10,"[1, 1, 1, 1, 1, 1, 1, 1, 1, 1]",17.97,15.93,21.86,11.39,14903607.9
PBR-A,16.62,10,"[1, 1, 1, 1, 1, 1, 1, 1, 1, 1]",16.09,14.62,19.73,10.67,6314732.65
SBUX,103.25,10,"[1, 1, 1, 1, 1, 1, 1, 1, 1, 1]",102.52,93.54,108.37,76.95,6972636.15
CVS,107.74,10,"[1, 1, 1, 1, 1, 1, 1, 1, 1, 1]",99.5,82.61,109.92,57.81,7326440.7
BMY,62.09,10,"[1, 1, 1, 1, 1, 1, 1, 1, 1, 1]",57.02,54.02,62.09,41.21,10995041.65
BP,43.82,10,"[1, 1, 1, 1, 1, 1, 1, 1, 1, 1]",41.49,38.93,47.09,30.13,9324716.2
PWR,625.84,8,"[0, 1, 1, 1, 1, 1, 1, 1, 1, 0]",694.33,556.42,785.12,372.18,1251100.85
PH,987.54,8,"[1, 1, 1, 0, 1, 1, 1, 1, 1, 0]",919.05,898.72,1020.71,691.12,572880.45
HWM,289.26,10,"[1, 1, 1, 1, 1, 1, 1, 1, 1, 1]",267.53,233.86,289.26,170.73,2929263.35
BMO,177.77,10,"[1, 1, 1, 1, 1, 1, 1, 1, 1, 1]",169.49,143.44,183.65,109.55,748491.4
EQIX,1084.24,9,"[1, 1, 1, 1, 1, 1, 1, 1, 1, 0]",1057.17,919.27,1115.94,718.6,569803.25
MFG,10.63,10,"[1, 1, 1, 1, 1, 1, 1, 1, 1, 1]",9.7,8.3,10.66,5.84,3902366.75
TT,480.99,8,"[1, 1, 1, 1, 1, 1, 0, 1, 1, 0]",469.83,437.55,503.46,374.67,1159382.6
CM,117.44,10,"[1, 1, 1, 1, 1, 1, 1, 1, 1, 1]",113.4,97.95,121.24,70.39,1616866.2
CDNS,326.24,5,"[0, 0, 0, 1, 1, 1, 0, 1, 1, 0]",372.32,327.7,416.39,265.66,2181042.8
GSK,51.35,6,"[0, 0, 1, 0, 1, 1, 1, 1, 1, 0]",51.47,50.79,60.14,35.42,4063765.6
SNPS,373.47,3,"[0, 0, 0, 1, 1, 0, 0, 0, 1, 0]",458.22,451.63,645.35,373.47,2020647.25
AEM,145.13,2,"[0, 0, 0, 0, 1, 0, 0, 0, 1, 0]",161.82,183.07,251.57,122.23,2588648.55
HCA,382.19,1,"[0, 0, 0, 0, 0, 0, 0, 0, 1, 0]",388.63,456.39,543.23,332.07,1733275.9
BNS,87.0,10,"[1, 1, 1, 1, 1, 1, 1, 1, 1, 1]",83.28,74.03,90.29,54.93,2893315.85
CMI,664.65,8,"[0, 1, 1, 1, 1, 1, 1, 1, 1, 0]",674.1,571.81,727.59,350.23,999653.7
MAR,374.43,8,"[0, 1, 1, 1, 1, 1, 1, 1, 1, 0]",376.41,331.32,402.54,253.11,1442172.7
CNQ,46.44,10,"[1, 1, 1, 1, 1, 1, 1, 1, 1, 1]",43.96,39.46,49.57,28.74,7744878.6
EQNR,40.35,10,"[1, 1, 1, 1, 1, 1, 1, 1, 1, 1]",35.94,30.45,41.97,21.89,3902599.9
ITUB,8.28,9,"[1, 1, 1, 0, 1, 1, 1, 1, 1, 1]",7.99,7.76,9.38,5.49,19976723.05
FDX,314.96,8,"[0, 1, 1, 1, 1, 1, 1, 1, 1, 0]",319.0,271.57,337.48,171.6,1827700.85
FCX,62.6,8,"[0, 1, 1, 1, 1, 1, 1, 1, 1, 0]",63.56,56.35,71.55,34.96,15660214.0
USB,63.97,10,"[1, 1, 1, 1, 1, 1, 1, 1, 1, 1]",58.29,53.39,64.47,42.26,8646943.35
JCI,143.37,9,"[1, 1, 1, 1, 1, 1, 1, 1, 1, 0]",141.78,129.31,148.21,102.64,4082452.65
ING,32.83,10,"[1, 1, 1, 1, 1, 1, 1, 1, 1, 1]",31.19,27.71,33.33,22.03,2715604.75
FTNT,152.37,10,"[1, 1, 1, 1, 1, 1, 1, 1, 1, 1]",146.57,98.81,166.83,74.39,5035790.25
MNST,93.49,9,"[1, 1, 1, 1, 1, 1, 1, 1, 1, 0]",92.46,79.88,99.94,58.75,6047213.2
CSX,53.23,10,"[1, 1, 1, 1, 1, 1, 1, 1, 1, 1]",47.59,40.75,53.23,31.73,13214197.1
AMX,26.01,10,"[1, 1, 1, 1, 1, 1, 1, 1, 1, 1]",25.89,23.67,27.42,17.75,1399248.55
ELV,377.68,8,"[0, 1, 1, 1, 1, 1, 1, 1, 1, 0]",397.87,347.98,426.79,269.01,1707061.65
BCS,27.91,10,"[1, 1, 1, 1, 1, 1, 1, 1, 1, 1]",25.86,23.81,28.41,18.72,4948562.65
SLB,52.42,10,"[1, 1, 1, 1, 1, 1, 1, 1, 1, 1]",51.4,45.98,58.01,31.12,12598149.5
MPWR,1333.81,8,"[0, 1, 1, 1, 1, 1, 1, 1, 1, 0]",1467.39,1198.38,1687.32,706.3,1071740.35
LYG,6.02,10,"[1, 1, 1, 1, 1, 1, 1, 1, 1, 1]",5.63,5.24,6.17,4.04,17442203.7
E,52.4,10,"[1, 1, 1, 1, 1, 1, 1, 1, 1, 1]",51.08,44.86,56.97,33.2,403021.3
CIEN,390.96,6,"[0, 0, 1, 1, 1, 1, 1, 0, 1, 0]",483.17,346.2,627.0,86.64,2334320.3
APO,122.61,4,"[0, 0, 0, 1, 0, 0, 0, 1, 1, 1]",126.43,126.2,151.44,99.88,4923858.5
CRH,99.87,2,"[0, 0, 0, 0, 0, 0, 0, 1, 1, 0]",105.36,113.88,130.44,94.56,3907535.4
SU,65.81,10,"[1, 1, 1, 1, 1, 1, 1, 1, 1, 1]",61.25,53.85,69.27,37.63,4069522.95
REGN,656.01,6,"[1, 0, 0, 0, 1, 1, 0, 1, 1, 1]",640.23,704.77,810.08,542.49,776365.95
NXPI,269.24,8,"[0, 1, 1, 1, 1, 1, 1, 1, 1, 0]",294.93,239.05,331.55,181.81,3941572.9
BE,184.89,6,"[0, 0, 1, 1, 1, 1, 1, 0, 1, 0]",269.86,176.35,345.85,34.34,15842396.3
ROST,238.89,10,"[1, 1, 1, 1, 1, 1, 1, 1, 1, 1]",225.41,199.36,240.13,135.31,2872257.65
B,37.11,5,"[0, 0, 0, 0, 1, 1, 1, 0, 1, 1]",39.02,40.88,52.32,20.63,8347764.15
HLT,324.97,7,"[0, 1, 1, 1, 1, 1, 0, 1, 1, 0]",332.29,304.08,350.22,256.36,2502909.4
ASX,36.84,8,"[0, 1, 1, 1, 1, 1, 1, 1, 1, 0]",38.28,24.37,44.67,9.41,10571534.7
NOK,9.1,6,"[0, 0, 1, 1, 1, 1, 1, 0, 1, 0]",13.41,9.07,16.85,4.05,94629470.2
VLO,302.5,10,"[1, 1, 1, 1, 1, 1, 1, 1, 1, 1]",264.84,213.62,314.8,129.53,3044732.75
MPC,309.24,10,"[1, 1, 1, 1, 1, 1, 1, 1, 1, 1]",268.31,217.51,319.76,155.55,2285128.25
GM,82.64,10,"[1, 1, 1, 1, 1, 1, 1, 1, 1, 1]",79.05,76.32,85.99,51.64,7348417.3
AEP,135.54,9,"[1, 1, 1, 1, 1, 1, 1, 1, 1, 0]",131.37,124.78,138.69,104.02,4705918.25
DDOG,246.86,10,"[1, 1, 1, 1, 1, 1, 1, 1, 1, 1]",239.61,164.77,277.49,102.61,4332574.5
LITE,762.99,7,"[0, 1, 1, 1, 1, 1, 1, 0, 1, 0]",854.24,588.23,1053.09,104.52,4442901.35
VALE,14.79,6,"[0, 0, 1, 0, 1, 1, 1, 1, 1, 0]",15.39,14.57,17.82,8.75,21078122.25
NSC,350.66,10,"[1, 1, 1, 1, 1, 1, 1, 1, 1, 1]",317.53,299.25,350.66,268.69,1025853.6
HOOD,94.91,5,"[0, 1, 0, 1, 0, 0, 1, 0, 1, 1]",95.33,100.67,152.46,65.16,23308631.65
NET,262.15,9,"[1, 1, 1, 1, 0, 1, 1, 1, 1, 1]",241.88,211.95,281.75,160.19,3164016.4
PSX,206.77,10,"[1, 1, 1, 1, 1, 1, 1, 1, 1, 1]",182.45,156.65,212.27,114.45,2657942.25
FIX,1733.6,8,"[0, 1, 1, 1, 1, 1, 1, 1, 1, 0]",1846.54,1376.64,2066.51,679.82,547235.3
DLR,199.08,10,"[1, 1, 1, 1, 1, 1, 1, 1, 1, 1]",184.46,173.75,202.56,145.96,4143119.45
WBD,25.77,5,"[0, 0, 0, 0, 1, 1, 1, 1, 1, 0]",26.75,26.27,29.98,10.78,21878726.1
TRP,70.59,10,"[1, 1, 1, 1, 1, 1, 1, 1, 1, 1]",68.19,59.87,70.59,45.93,2681746.5
MFC,43.67,10,"[1, 1, 1, 1, 1, 1, 1, 1, 1, 1]",40.14,36.35,43.67,29.33,1410572.6
SPG,229.78,10,"[1, 1, 1, 1, 1, 1, 1, 1, 1, 1]",214.4,192.16,229.78,153.39,2037413.5
COHR,282.39,6,"[0, 0, 1, 1, 1, 1, 1, 0, 1, 0]",360.6,251.6,426.89,86.55,4570376.05
MSTR,91.67,2,"[0, 0, 0, 0, 0, 0, 0, 0, 1, 1]",120.57,163.44,405.89,82.31,21933414.15
BKR,57.25,8,"[0, 0, 1, 1, 1, 1, 1, 1, 1, 1]",60.34,55.96,69.44,42.01,9568258.6
WPM,111.48,3,"[0, 0, 0, 0, 1, 1, 0, 0, 1, 0]",118.41,123.85,165.21,90.72,1675227.65
CRWV,71.88,2,"[0, 0, 0, 1, 0, 0, 0, 0, 1, 0]",97.59,96.56,148.75,64.55,26648145.0
KEYS,318.67,8,"[0, 1, 1, 1, 1, 1, 1, 1, 1, 0]",337.4,265.29,373.34,158.51,1573087.65
CVNA,60.46,2,"[0, 0, 0, 0, 1, 0, 0, 0, 1, 0]",67.02,72.47,95.69,56.26,10346097.55
RKLB,63.91,5,"[0, 0, 0, 1, 1, 1, 1, 0, 1, 0]",103.18,77.8,150.23,39.48,22380202.8
TEL,202.94,3,"[0, 0, 0, 0, 0, 0, 0, 1, 1, 1]",205.21,219.0,247.28,195.09,2667256.4
URI,1141.59,10,"[1, 1, 1, 1, 1, 1, 1, 1, 1, 1]",1047.57,898.3,1141.59,709.01,486479.15
GWW,1382.6,10,"[1, 1, 1, 1, 1, 1, 1, 1, 1, 1]",1320.34,1120.21,1402.03,914.6,287936.55
TGT,136.78,9,"[1, 1, 1, 1, 1, 1, 1, 1, 1, 0]",130.55,111.6,141.2,82.06,4176847.9
TER,349.92,7,"[0, 1, 1, 1, 1, 1, 1, 0, 1, 0]",380.28,284.23,483.84,89.92,4047225.45
LHX,300.21,6,"[1, 0, 0, 0, 1, 1, 0, 1, 1, 1]",299.14,314.5,375.64,264.98,1310716.1
CARR,68.88,9,"[1, 1, 1, 1, 1, 1, 1, 1, 1, 0]",68.1,60.31,79.51,49.79,5636093.55
CTVA,89.25,10,"[1, 1, 1, 1, 1, 1, 1, 1, 1, 1]",81.43,74.38,89.25,60.56,3358605.55
AU,79.67,5,"[0, 0, 0, 0, 1, 1, 1, 0, 1, 1]",85.9,89.18,124.62,43.83,3005301.5
OKE,93.16,10,"[1, 1, 1, 1, 1, 1, 1, 1, 1, 1]",89.59,80.23,95.24,62.69,3517999.65
MCHP,78.86,7,"[0, 0, 1, 1, 1, 1, 1, 1, 1, 0]",90.78,74.63,102.71,48.06,11740083.3
MCHPP,67.35,7,"[0, 0, 1, 1, 1, 1, 1, 1, 1, 0]",76.59,64.96,85.72,45.73,281990.5
CVE,29.28,10,"[1, 1, 1, 1, 1, 1, 1, 1, 1, 1]",27.61,22.41,31.62,14.29,6672899.6
AME,241.97,10,"[1, 1, 1, 1, 1, 1, 1, 1, 1, 1]",231.64,217.26,241.97,175.65,973874.65
TRGP,281.33,10,"[1, 1, 1, 1, 1, 1, 1, 1, 1, 1]",270.05,218.76,285.58,143.89,1244717.45
COIN,158.29,2,"[0, 0, 0, 0, 0, 0, 0, 0, 1, 1]",168.09,217.73,391.66,141.09,7273946.2
FANG,204.68,10,"[1, 1, 1, 1, 1, 1, 1, 1, 1, 1]",192.37,171.07,212.52,132.09,2136821.1
OXY,57.3,10,"[1, 1, 1, 1, 1, 1, 1, 1, 1, 1]",54.96,49.59,65.94,38.56,9461238.1
DVN,45.04,10,"[1, 1, 1, 1, 1, 1, 1, 1, 1, 1]",44.21,41.17,51.7,31.13,11911748.75
FLEX,118.51,7,"[0, 1, 1, 1, 1, 1, 1, 0, 1, 0]",141.54,86.83,162.07,49.0,4524314.55
ABEV,3.06,8,"[0, 1, 1, 1, 1, 1, 1, 1, 1, 0]",3.13,2.81,3.42,2.1,21007765.4
NUE,247.56,9,"[1, 1, 1, 1, 1, 1, 1, 1, 1, 0]",239.47,187.44,265.7,130.57,1371759.55
STM,51.54,7,"[0, 1, 1, 1, 1, 1, 1, 0, 1, 0]",69.59,41.31,79.82,21.04,12279345.2
BIDU,105.34,3,"[0, 0, 0, 0, 1, 0, 0, 0, 1, 1]",119.82,126.16,162.52,85.86,2347918.6
ETR,115.95,10,"[1, 1, 1, 1, 1, 1, 1, 1, 1, 1]",112.32,103.07,117.36,84.52,2752762.8
CCJ,87.86,3,"[0, 0, 0, 0, 1, 1, 0, 0, 1, 0]",101.75,104.56,134.09,70.33,3727116.45
FER,63.25,4,"[0, 0, 0, 0, 1, 1, 0, 1, 1, 0]",66.72,66.21,73.66,50.1,1379791.8
ROK,462.16,9,"[1, 1, 1, 1, 1, 1, 1, 1, 1, 0]",460.98,406.46,495.08,324.09,888568.75
EA,209.06,10,"[1, 1, 1, 1, 1, 1, 1, 1, 1, 1]",204.08,202.25,209.29,147.21,2128395.15
ARGX,918.22,9,"[1, 1, 1, 1, 0, 1, 1, 1, 1, 1]",864.28,828.18,939.68,591.99,311723.9
DAL,85.06,9,"[1, 1, 1, 1, 1, 1, 1, 1, 1, 0]",82.83,69.8,93.43,50.6,7263020.5
EBAY,109.39,9,"[0, 1, 1, 1, 1, 1, 1, 1, 1, 1]",111.51,95.59,118.63,76.58,3285988.35
FERG,230.67,4,"[1, 0, 0, 0, 0, 1, 0, 1, 1, 0]",229.76,238.86,266.68,208.41,1191343.1
MT,66.88,10,"[1, 1, 1, 1, 1, 1, 1, 1, 1, 1]",65.42,54.06,71.65,30.04,1732358.1
WAB,302.5,10,"[1, 1, 1, 1, 1, 1, 1, 1, 1, 1]",265.71,239.82,302.5,184.98,1025830.7
FNV,214.68,5,"[0, 0, 0, 0, 1, 0, 1, 1, 1, 1]",216.69,225.19,279.76,157.32,713365.75
FITB,57.41,10,"[1, 1, 1, 1, 1, 1, 1, 1, 1, 1]",53.37,48.16,59.37,39.38,6665285.7
XYZ,77.15,9,"[1, 1, 1, 1, 0, 1, 1, 1, 1, 1]",74.25,67.57,81.81,49.09,5328229.55
NBIS,187.77,7,"[0, 1, 1, 1, 1, 1, 1, 0, 1, 0]",226.92,139.95,286.69,50.4,18516334.45
RKT,13.05,1,"[0, 0, 0, 0, 0, 0, 0, 0, 1, 0]",13.99,16.6,23.44,12.35,30713956.8
VTR,100.53,10,"[1, 1, 1, 1, 1, 1, 1, 1, 1, 1]",87.96,81.27,100.53,63.6,3517422.2
CLS,305.28,5,"[0, 0, 0, 1, 1, 1, 1, 0, 1, 0]",362.78,325.01,472.4,170.22,1787729.1
CAH,228.03,9,"[1, 1, 1, 1, 1, 1, 1, 1, 1, 0]",217.95,206.02,239.71,144.54,2319109.35
TEVA,30.81,7,"[0, 0, 1, 1, 1, 1, 1, 1, 1, 0]",33.42,30.38,36.34,15.38,4671054.8
HPE,47.69,10,"[1, 1, 1, 1, 1, 1, 1, 1, 1, 1]",44.54,28.73,55.99,19.41,18570340.95
STT,185.4,10,"[1, 1, 1, 1, 1, 1, 1, 1, 1, 1]",167.84,136.84,186.59,105.86,2577273.35
ODFL,232.99,10,"[1, 1, 1, 1, 1, 1, 1, 1, 1, 1]",224.26,185.82,248.73,125.7,1533665.2
GFS,53.53,6,"[0, 0, 1, 1, 1, 1, 1, 0, 1, 0]",74.31,51.11,89.83,31.57,3389244.55
WDS,22.56,10,"[1, 1, 1, 1, 1, 1, 1, 1, 1, 1]",21.23,19.16,24.78,13.89,695979.8
EME,744.85,6,"[0, 0, 1, 1, 1, 1, 0, 1, 1, 0]",817.86,742.74,943.26,580.64,494459.9
ON,86.81,7,"[0, 1, 1, 1, 1, 1, 1, 0, 1, 0]",108.05,74.15,133.93,44.9,12692443.15
GFI,32.7,3,"[0, 0, 0, 0, 1, 0, 1, 0, 1, 0]",36.24,42.89,59.77,23.67,3648584.65
ERIC,9.34,5,"[0, 0, 0, 1, 1, 1, 1, 0, 1, 0]",11.68,10.69,13.74,6.97,14824730.8
KB,117.43,10,"[1, 1, 1, 1, 1, 1, 1, 1, 1, 1]",108.67,98.65,123.25,77.06,324681.75
PUK,29.34,7,"[1, 0, 1, 0, 1, 1, 0, 1, 1, 1]",28.19,29.25,33.17,24.33,804174.9
IRM,128.31,9,"[1, 1, 1, 1, 1, 1, 1, 1, 1, 0]",125.05,105.3,133.06,77.69,2083617.0
LYV,177.24,10,"[1, 1, 1, 1, 1, 1, 1, 1, 1, 1]",173.19,155.41,186.59,125.61,2101121.2
KGC,23.85,3,"[0, 0, 0, 0, 1, 0, 1, 0, 1, 0]",25.96,28.87,37.97,15.36,7508119.5
JBL,312.59,8,"[0, 1, 1, 1, 1, 1, 1, 1, 1, 0]",351.73,275.5,385.63,192.39,1267765.65
ADM,85.92,10,"[1, 1, 1, 1, 1, 1, 1, 1, 1, 1]",80.1,68.47,87.32,52.21,3069089.65
VOD,15.15,10,"[1, 1, 1, 1, 1, 1, 1, 1, 1, 1]",14.58,13.78,16.02,10.39,4721138.65
BBD,3.6,9,"[1, 1, 1, 0, 1, 1, 1, 1, 1, 1]",3.44,3.51,4.12,2.64,35217018.1
VIK,100.71,9,"[1, 1, 1, 1, 1, 1, 1, 1, 1, 0]",94.57,76.76,104.95,56.58,2112797.3
UMC,19.48,7,"[0, 1, 1, 1, 1, 1, 1, 0, 1, 0]",21.88,12.33,27.53,6.47,15669674.2
ONC,325.9,6,"[1, 1, 1, 0, 0, 0, 0, 1, 1, 1]",292.17,314.29,377.47,260.27,394970.35
LVS,46.08,1,"[0, 0, 0, 0, 0, 0, 0, 0, 1, 0]",48.41,55.48,68.73,44.78,4680830.25
IX,40.31,10,"[1, 1, 1, 1, 1, 1, 1, 1, 1, 1]",38.99,32.04,40.59,22.43,226981.55
CRDO,213.15,7,"[0, 1, 1, 1, 1, 1, 1, 0, 1, 0]",231.55,164.75,302.52,87.81,8145420.4
ALAB,291.58,7,"[0, 1, 1, 1, 1, 1, 1, 0, 1, 0]",350.04,205.87,483.02,100.27,4729952.6
STLD,247.11,9,"[1, 1, 1, 1, 1, 1, 1, 1, 1, 0]",245.81,194.96,282.12,119.93,1226890.9
HAL,33.36,7,"[0, 0, 1, 1, 1, 1, 1, 1, 1, 0]",37.19,33.31,42.8,20.04,11842727.05
HUM,389.32,10,"[1, 1, 1, 1, 1, 1, 1, 1, 1, 1]",360.42,261.64,409.42,162.46,1318228.0
MTZ,337.84,8,"[0, 1, 1, 1, 1, 1, 1, 1, 1, 0]",376.35,294.62,437.51,172.51,1283333.4
UAL,118.27,9,"[1, 1, 1, 1, 1, 1, 1, 1, 1, 0]",115.46,104.97,136.11,84.57,4824977.55
ZM,87.99,7,"[0, 0, 1, 1, 1, 1, 0, 1, 1, 1]",93.74,87.72,111.88,69.77,3216089.45
TS,57.67,9,"[0, 1, 1, 1, 1, 1, 1, 1, 1, 1]",58.94,49.5,64.02,33.04,1037663.85
CASY,861.63,10,"[1, 1, 1, 1, 1, 1, 1, 1, 1, 1]",824.75,683.73,916.28,493.17,475762.95
TECK,60.19,9,"[0, 1, 1, 1, 1, 1, 1, 1, 1, 1]",61.54,53.06,70.46,31.1,3382825.1
SYM,40.15,1,"[0, 0, 0, 0, 0, 0, 0, 0, 1, 0]",44.37,56.73,87.3,38.57,1648504.6
EL,80.29,1,"[0, 0, 0, 0, 0, 0, 0, 0, 1, 0]",83.35,91.98,118.78,66.97,2568672.15
SHG,71.49,10,"[1, 1, 1, 1, 1, 1, 1, 1, 1, 1]",66.73,60.93,73.28,46.81,256307.1
Q,135.06,5,"[0, 1, 0, 1, 0, 0, 1, 1, 1, 0]",150.81,135.06,175.64,73.4,1863120.85
TWLO,191.46,9,"[0, 1, 1, 1, 1, 1, 1, 1, 1, 1]",201.89,147.56,236.64,92.44,1770044.05
RVMD,189.23,10,"[1, 1, 1, 1, 1, 1, 1, 1, 1, 1]",167.69,111.98,192.62,34.7,2626710.5
RDDT,168.73,4,"[0, 0, 0, 1, 0, 0, 1, 0, 1, 1]",173.8,180.92,270.71,121.84,4233189.45
IQV,208.05,8,"[1, 1, 1, 0, 0, 1, 1, 1, 1, 1]",187.58,196.6,244.29,156.66,1212529.25
NTRS,180.52,10,"[1, 1, 1, 1, 1, 1, 1, 1, 1, 1]",174.05,148.72,191.13,120.74,1071735.3
DOV,202.2,5,"[0, 0, 0, 1, 1, 1, 0, 1, 1, 0]",215.15,205.02,232.21,159.95,1266088.4
RPRX,58.83,10,"[1, 1, 1, 1, 1, 1, 1, 1, 1, 1]",55.48,45.6,59.02,34.37,2991130.6
ASTS,56.2,4,"[0, 0, 0, 0, 1, 1, 1, 0, 1, 0]",84.18,83.15,133.09,36.91,17984130.85
BIIB,202.19,10,"[1, 1, 1, 1, 1, 1, 1, 1, 1, 1]",199.43,181.94,216.63,126.64,1473013.55
VG,14.31,9,"[1, 1, 1, 1, 1, 0, 1, 1, 1, 1]",12.61,10.65,17.51,5.9,14866325.9
EXPE,259.94,9,"[1, 1, 1, 0, 1, 1, 1, 1, 1, 1]",243.0,245.05,300.02,176.67,1434448.9
CRCL,62.36,1,"[0, 0, 0, 0, 0, 0, 0, 0, 1, 0]",82.99,91.7,192.86,50.23,15076867.2
ARES,126.51,4,"[1, 0, 0, 0, 0, 0, 1, 0, 1, 1]",122.94,132.27,185.9,94.25,2011428.1
FTI,76.75,10,"[1, 1, 1, 1, 1, 1, 1, 1, 1, 1]",69.82,59.06,76.94,34.67,4234875.15
FTAI,215.98,4,"[0, 0, 0, 0, 1, 1, 1, 0, 1, 0]",241.85,228.1,308.99,113.27,1354124.3
AXIA,9.91,4,"[0, 0, 0, 0, 1, 1, 1, 0, 1, 0]",10.34,10.85,13.43,6.29,1982102.95
CNC,63.41,9,"[1, 1, 1, 1, 1, 1, 1, 1, 1, 0]",63.22,45.97,68.72,25.21,4200997.35
NTRA,261.99,10,"[1, 1, 1, 1, 1, 1, 1, 1, 1, 1]",238.04,218.34,283.8,133.66,1319702.05
NVT,151.79,8,"[0, 1, 1, 1, 1, 1, 1, 1, 1, 0]",164.14,127.36,184.34,78.0,1926067.4
MTSI,266.99,6,"[0, 0, 1, 1, 1, 1, 1, 0, 1, 0]",349.35,244.4,409.68,118.35,1743181.15
TPL,419.44,9,"[1, 1, 1, 0, 1, 1, 1, 1, 1, 1]",394.92,382.23,538.97,272.83,343389.8
TPR,142.6,9,"[1, 1, 1, 1, 1, 1, 1, 1, 1, 0]",141.63,133.4,159.61,94.47,2526044.75
CFG,71.88,10,"[1, 1, 1, 1, 1, 1, 1, 1, 1, 1]",67.12,60.44,74.4,45.57,5114157.55
CW,750.19,9,"[1, 1, 1, 1, 1, 1, 1, 1, 1, 0]",744.41,660.76,792.77,471.69,252551.15
DOW,29.84,5,"[0, 0, 0, 0, 1, 1, 1, 0, 1, 1]",32.24,29.86,41.45,19.83,10819532.25
EIX,79.75,10,"[1, 1, 1, 1, 1, 1, 1, 1, 1, 1]",72.79,65.02,80.38,48.99,2287330.8
PKX,52.34,4,"[0, 0, 0, 0, 1, 1, 0, 0, 1, 1]",60.98,60.01,91.72,45.13,394935.7
BAP,388.42,10,"[1, 1, 1, 1, 1, 1, 1, 1, 1, 1]",363.02,310.28,400.81,224.39,289280.85
VRSN,280.0,9,"[1, 1, 1, 1, 1, 0, 1, 1, 1, 1]",277.57,255.38,310.0,210.93,811324.6
HUBB,486.09,5,"[0, 0, 1, 0, 1, 1, 0, 1, 1, 0]",487.34,477.35,556.18,403.7,498879.8
STRL,660.93,7,"[0, 1, 1, 1, 1, 1, 1, 0, 1, 0]",788.83,498.39,993.74,263.05,872980.25
EC,16.01,10,"[1, 1, 1, 1, 1, 1, 1, 1, 1, 1]",15.21,12.17,16.69,7.9,2327585.7
P,74.56,6,"[0, 1, 0, 1, 0, 0, 1, 1, 1, 1]",76.14,74.72,98.7,54.51,2539471.2
AER,151.3,10,"[1, 1, 1, 1, 1, 1, 1, 1, 1, 1]",143.69,139.74,153.99,106.41,1014779.75
PAAS,44.03,4,"[0, 0, 0, 0, 1, 1, 1, 0, 1, 0]",48.69,50.33,68.3,26.86,3978365.25
DG,117.23,6,"[1, 0, 0, 0, 1, 1, 0, 1, 1, 1]",112.55,121.48,154.71,94.6,2569283.1
VIV,14.05,9,"[1, 1, 1, 0, 1, 1, 1, 1, 1, 1]",13.38,13.41,16.39,10.41,1143910.0
SYF,72.9,3,"[0, 0, 0, 0, 0, 1, 0, 1, 1, 0]",73.07,73.86,87.76,63.52,4070884.45
ZS,142.32,2,"[0, 0, 0, 0, 0, 0, 0, 0, 1, 1]",143.31,193.94,336.27,118.05,2573495.05
SQM,68.73,4,"[0, 0, 0, 0, 1, 1, 1, 0, 1, 0]",76.89,71.42,94.63,35.4,915811.4
BG,121.53,10,"[1, 1, 1, 1, 1, 1, 1, 1, 1, 1]",119.02,110.33,131.41,74.25,1299206.25
FMX,127.12,10,"[1, 1, 1, 1, 1, 1, 1, 1, 1, 1]",124.14,107.82,131.34,81.24,504240.95
MDB,298.22,5,"[0, 0, 0, 1, 0, 1, 1, 0, 1, 1]",334.83,333.4,440.6,201.0,1497209.2
XPO,213.01,10,"[1, 1, 1, 1, 1, 1, 1, 1, 1, 1]",210.34,179.12,228.37,118.79,1048601.85
ALB,114.85,4,"[0, 0, 0, 0, 1, 1, 1, 0, 1, 0]",150.32,151.33,215.07,66.4,2281573.15
UTHR,528.47,7,"[0, 0, 1, 1, 1, 1, 1, 1, 1, 0]",549.14,512.45,596.76,274.7,419297.85
FSLR,202.82,3,"[0, 0, 0, 1, 0, 1, 0, 0, 1, 0]",247.78,234.84,318.25,174.73,1770205.25
TSN,57.45,4,"[0, 0, 0, 0, 1, 1, 0, 1, 1, 0]",59.31,59.03,68.18,49.45,2765098.9
TSEM,233.37,7,"[0, 1, 1, 1, 1, 1, 1, 0, 1, 0]",255.54,164.57,316.85,44.67,1782779.0
RF,30.86,10,"[1, 1, 1, 1, 1, 1, 1, 1, 1, 1]",29.16,27.11,32.4,22.67,10543506.4
KEY,22.65,9,"[1, 1, 1, 1, 1, 1, 1, 1, 1, 0]",22.33,20.41,23.99,16.27,11167837.0
TEAM,86.88,3,"[0, 0, 0, 0, 0, 0, 1, 0, 1, 1]",89.04,110.16,203.0,57.15,3614385.0
LYB,60.32,7,"[0, 0, 1, 1, 1, 1, 1, 0, 1, 1]",62.28,56.89,81.53,40.28,5160201.65
JBHT,288.3,10,"[1, 1, 1, 1, 1, 1, 1, 1, 1, 1]",277.52,220.58,298.41,129.81,1082530.6
SBAC,173.57,3,"[0, 0, 0, 0, 1, 0, 0, 1, 1, 0]",192.59,192.82,228.53,164.16,958104.2
WST,328.2,8,"[0, 1, 1, 1, 1, 1, 1, 1, 1, 0]",334.74,282.81,365.74,230.78,806535.05
CPAY,370.58,10,"[1, 1, 1, 1, 1, 1, 1, 1, 1, 1]",351.26,318.32,371.81,255.0,586228.6
ENTG,129.15,6,"[0, 0, 1, 1, 1, 1, 1, 0, 1, 0]",144.96,118.46,184.0,68.7,3164729.45
NMR,9.81,10,"[1, 1, 1, 1, 1, 1, 1, 1, 1, 1]",8.84,8.26,10.04,6.65,1048849.75
IHG,156.18,8,"[0, 1, 1, 1, 1, 1, 1, 1, 1, 0]",161.67,141.45,174.13,113.11,240619.6
FN,476.04,5,"[0, 0, 0, 1, 1, 1, 1, 0, 1, 0]",587.29,528.42,746.47,277.04,1072363.35
SBS,5.61,6,"[0, 0, 1, 0, 1, 1, 1, 1, 1, 0]",5.66,5.52,7.08,3.81,5515482.25
WWD,419.0,9,"[1, 1, 1, 1, 1, 1, 1, 1, 1, 0]",389.79,344.41,436.44,236.67,699707.35
SITM,554.46,7,"[0, 1, 1, 1, 1, 1, 1, 0, 1, 0]",675.27,452.87,901.48,190.16,605498.6
INSM,106.92,3,"[1, 0, 0, 0, 0, 0, 0, 0, 1, 1]",105.79,149.12,211.41,91.88,2590490.75
BEKE,15.89,3,"[0, 0, 0, 0, 0, 0, 0, 1, 1, 1]",16.26,16.63,19.99,14.26,3843629.7
AKAM,115.37,8,"[0, 1, 1, 1, 1, 1, 1, 0, 1, 1]",132.58,104.2,161.14,70.53,3703875.65
PFG,109.4,10,"[1, 1, 1, 1, 1, 1, 1, 1, 1, 1]",107.49,93.01,113.95,72.85,1505917.45
RL,373.58,8,"[0, 1, 1, 1, 1, 1, 1, 1, 1, 0]",379.27,357.49,413.24,280.32,609584.2
ATI,197.8,9,"[1, 1, 1, 1, 1, 1, 1, 1, 1, 0]",184.04,140.71,204.09,71.34,1556265.5
MRNA,54.07,7,"[0, 1, 1, 1, 1, 1, 1, 0, 1, 0]",57.7,44.14,81.8,22.36,7694580.95
ILMN,194.09,10,"[1, 1, 1, 1, 1, 1, 1, 1, 1, 1]",169.95,137.15,196.86,91.0,1749415.6
AFRM,70.23,6,"[0, 1, 1, 1, 0, 0, 1, 1, 1, 0]",73.39,66.18,92.18,42.53,4052278.75
CRS,603.69,10,"[1, 1, 1, 1, 1, 1, 1, 1, 1, 1]",534.52,397.84,619.25,231.97,729487.65
SMCI,30.1,3,"[0, 0, 0, 1, 0, 0, 1, 0, 1, 0]",32.74,33.47,60.71,20.53,48496850.25
MKSI,329.18,7,"[0, 1, 1, 1, 1, 1, 1, 0, 1, 0]",348.06,240.42,444.8,89.14,1349257.75
IFF,75.94,8,"[0, 1, 1, 1, 1, 1, 0, 1, 1, 1]",76.17,70.92,83.83,58.53,1973393.9
EXPD,175.3,10,"[1, 1, 1, 1, 1, 1, 1, 1, 1, 1]",164.85,149.42,182.8,110.22,1242182.9
ROIV,35.01,10,"[1, 1, 1, 1, 1, 1, 1, 1, 1, 1]",32.07,25.98,36.81,11.17,5180967.15
DD,137.7,7,"[0, 0, 1, 1, 1, 1, 1, 1, 1, 0]",140.71,130.98,153.36,86.15,1342366.6
IREN,37.07,3,"[0, 0, 0, 1, 0, 0, 1, 0, 1, 0]",50.91,48.77,76.41,15.4,43645410.45
RGLD,200.96,4,"[0, 0, 0, 0, 1, 1, 1, 0, 1, 0]",208.79,228.28,303.02,150.12,668167.55
FUTU,99.36,2,"[0, 0, 0, 0, 0, 0, 0, 0, 1, 1]",102.76,145.28,195.9,89.76,1531032.55
ULS,85.46,7,"[0, 0, 1, 1, 1, 1, 1, 1, 1, 0]",94.64,84.94,104.74,62.21,1164869.05
CHRW,186.51,10,"[1, 1, 1, 1, 1, 1, 1, 1, 1, 1]",186.08,170.13,209.42,96.13,1764205.5
LUV,45.08,8,"[0, 1, 1, 1, 1, 1, 1, 1, 1, 0]",45.5,41.16,54.33,28.52,5808566.15
DKS,206.04,3,"[0, 0, 0, 1, 0, 0, 0, 1, 1, 0]",220.85,211.88,239.17,185.52,1101634.15
VTRS,17.24,10,"[1, 1, 1, 1, 1, 1, 1, 1, 1, 1]",16.36,13.61,17.59,8.41,9508223.35
RCI,32.73,2,"[0, 0, 0, 0, 0, 0, 0, 1, 1, 0]",35.49,36.44,40.21,31.45,1460550.85
FFIV,392.21,9,"[0, 1, 1, 1, 1, 1, 1, 1, 1, 1]",398.18,309.47,431.26,223.99,560466.3
CX,12.06,7,"[0, 0, 1, 1, 1, 1, 1, 1, 1, 0]",12.58,11.64,13.52,8.17,5892329.95
INCY,117.67,10,"[1, 1, 1, 1, 1, 1, 1, 1, 1, 1]",106.42,100.3,118.52,70.16,1678349.4
KEP,12.06,1,"[0, 0, 0, 0, 0, 0, 0, 0, 1, 0]",12.51,15.88,23.26,11.32,1199194.5
APG,39.57,4,"[0, 0, 0, 0, 1, 1, 0, 1, 1, 0]",41.64,41.08,49.4,33.64,2854900.25
SNX,242.92,8,"[0, 1, 1, 1, 1, 1, 1, 1, 1, 0]",256.79,188.81,289.57,139.4,890770.2
CDE,15.13,3,"[0, 0, 0, 0, 1, 0, 1, 0, 1, 0]",16.89,18.79,27.12,8.67,34267375.4
RBC,595.07,8,"[0, 1, 1, 1, 1, 1, 1, 1, 1, 0]",597.18,524.79,648.89,369.71,236424.9
BURL,349.97,10,"[1, 1, 1, 1, 1, 1, 1, 1, 1, 1]",324.65,303.45,356.22,242.43,640216.75
ROKU,141.97,10,"[1, 1, 1, 1, 1, 1, 1, 1, 1, 1]",133.79,110.01,144.43,79.98,3229093.8
AMKR,64.96,7,"[0, 1, 1, 1, 1, 1, 1, 0, 1, 0]",73.17,53.15,93.55,20.98,4733513.0
RS,407.83,10,"[1, 1, 1, 1, 1, 1, 1, 1, 1, 1]",386.01,325.57,413.43,262.77,375336.35
BWXT,174.52,3,"[0, 0, 0, 0, 1, 1, 0, 0, 1, 0]",191.87,197.73,238.1,147.14,970497.45
ZTO,23.98,9,"[1, 1, 1, 0, 1, 1, 1, 1, 1, 1]",23.01,22.29,25.88,17.59,1330726.35
NXT,100.03,5,"[0, 0, 0, 1, 1, 1, 1, 0, 1, 0]",121.78,108.64,156.4,53.8,4094040.9
ITT,195.86,7,"[1, 1, 1, 0, 1, 1, 0, 1, 1, 0]",193.18,190.18,221.24,158.34,978644.4
FTV,62.31,10,"[1, 1, 1, 1, 1, 1, 1, 1, 1, 1]",60.65,56.46,63.6,46.34,2488410.3
IONQ,32.84,2,"[0, 0, 0, 1, 0, 0, 0, 0, 1, 0]",52.43,47.35,82.09,26.59,20277538.55
AGI,29.58,2,"[0, 0, 0, 0, 1, 0, 0, 0, 1, 0]",34.32,38.91,55.22,24.25,3996363.75
BCH,40.72,10,"[1, 1, 1, 1, 1, 1, 1, 1, 1, 1]",38.93,37.2,43.7,25.75,279354.75
YPF,51.4,10,"[1, 1, 1, 1, 1, 1, 1, 1, 1, 1]",49.65,40.37,56.35,23.57,1323668.5
CF,125.07,10,"[1, 1, 1, 1, 1, 1, 1, 1, 1, 1]",114.96,101.67,137.04,75.38,2439387.5
MGA,65.66,10,"[1, 1, 1, 1, 1, 1, 1, 1, 1, 1]",64.94,56.48,68.15,39.72,1288001.85
TLN,359.9,3,"[0, 0, 0, 1, 0, 0, 0, 1, 1, 0]",376.53,368.95,445.84,302.97,733407.65
LSCC,128.42,8,"[0, 1, 1, 1, 1, 1, 1, 1, 1, 0]",139.1,100.02,155.27,48.73,1899828.65
WMG,26.55,4,"[0, 0, 0, 1, 0, 0, 0, 1, 1, 1]",29.55,29.1,34.56,23.52,2072463.25
CIB,86.01,10,"[1, 1, 1, 1, 1, 1, 1, 1, 1, 1]",75.47,68.18,86.79,41.96,249866.95
WCC,332.48,8,"[0, 1, 1, 1, 1, 1, 1, 1, 1, 0]",345.64,291.99,373.98,202.05,767071.85
JBS,12.28,4,"[1, 0, 0, 0, 1, 0, 0, 0, 1, 1]",12.28,13.56,17.05,11.6,5421850.8
WSO,362.01,4,"[0, 0, 0, 0, 1, 1, 0, 1, 1, 0]",382.77,375.24,474.15,315.7,361059.4
DOCN,123.54,7,"[0, 1, 1, 1, 1, 1, 1, 0, 1, 0]",151.48,85.56,181.29,25.74,4068779.55
EWBC,131.0,10,"[1, 1, 1, 1, 1, 1, 1, 1, 1, 1]",127.76,114.65,136.14,92.51,970955.65
AA,44.24,4,"[0, 0, 0, 0, 1, 1, 1, 0, 1, 0]",59.91,55.77,83.79,28.14,6635944.65
PR,21.35,10,"[1, 1, 1, 1, 1, 1, 1, 1, 1, 1]",19.52,16.99,22.33,11.76,9548248.15
NVMI,437.98,6,"[0, 0, 1, 1, 1, 1, 1, 0, 1, 0]",501.77,429.01,605.65,237.16,551965.85
RTO,28.37,4,"[0, 0, 0, 0, 1, 1, 0, 1, 1, 0]",30.04,30.12,34.52,22.51,797096.3
OWL,9.45,2,"[0, 0, 0, 0, 0, 0, 0, 0, 1, 1]",9.49,11.72,18.97,8.04,16552258.6
OVV,63.13,10,"[1, 1, 1, 1, 1, 1, 1, 1, 1, 1]",56.48,48.44,63.13,35.32,3212119.45
TTMI,131.41,7,"[0, 1, 1, 1, 1, 1, 1, 0, 1, 0]",172.25,111.0,221.47,40.06,3065219.6
BEN,32.49,10,"[1, 1, 1, 1, 1, 1, 1, 1, 1, 1]",32.23,26.31,34.44,20.39,4230896.2
IEX,223.27,9,"[1, 1, 1, 1, 1, 1, 1, 1, 1, 0]",217.95,194.75,228.96,155.22,660048.7
LAMR,159.46,10,"[1, 1, 1, 1, 1, 1, 1, 1, 1, 1]",153.42,133.45,162.38,109.47,619934.55
VNOM,45.13,10,"[1, 1, 1, 1, 1, 1, 1, 1, 1, 1]",44.56,41.66,50.23,34.64,1693264.05
GNRC,202.01,5,"[0, 0, 0, 1, 1, 1, 1, 0, 1, 0]",256.38,203.94,295.54,136.37,905499.9
NDSN,295.77,9,"[1, 1, 1, 1, 1, 1, 1, 1, 1, 0]",288.08,265.77,304.64,206.54,363718.25
SN,148.6,10,"[1, 1, 1, 1, 1, 1, 1, 1, 1, 1]",133.59,115.14,154.53,84.57,1608150.3
H,187.13,8,"[0, 1, 1, 1, 1, 1, 1, 1, 1, 0]",187.99,164.7,202.09,134.51,711524.55
BALL,63.84,9,"[1, 1, 1, 0, 1, 1, 1, 1, 1, 1]",58.49,56.51,67.31,45.92,1997478.1
MLI,63.91,8,"[0, 1, 1, 1, 1, 1, 1, 1, 1, 0]",64.04,59.56,70.23,41.23,1855643.7
LOGI,105.78,6,"[0, 1, 1, 1, 0, 0, 0, 1, 1, 1]",106.01,102.54,126.69,85.84,1103760.2
CLH,303.74,10,"[1, 1, 1, 1, 1, 1, 1, 1, 1, 1]",294.37,269.1,313.7,201.73,415009.6
GMAB,28.87,6,"[1, 1, 0, 0, 0, 0, 1, 1, 1, 1]",26.8,29.15,35.34,21.08,2095178.1
PAA,24.6,10,"[1, 1, 1, 1, 1, 1, 1, 1, 1, 1]",22.85,19.77,24.69,14.89,1863191.85
NBIX,175.77,9,"[1, 1, 1, 1, 0, 1, 1, 1, 1, 1]",165.31,144.89,180.55,123.1,1139779.3
HST,24.5,10,"[1, 1, 1, 1, 1, 1, 1, 1, 1, 1]",23.12,19.07,24.5,14.11,9367663.75
JLL,325.45,8,"[1, 1, 1, 0, 1, 1, 0, 1, 1, 1]",306.25,316.91,358.66,262.66,395924.85
ASND,253.86,9,"[1, 1, 1, 1, 1, 1, 1, 1, 1, 0]",243.62,225.21,277.18,163.32,755276.75
LECO,251.47,4,"[0, 0, 0, 0, 1, 1, 0, 1, 1, 0]",259.32,253.87,297.02,218.56,331070.2
OKTA,138.5,10,"[1, 1, 1, 1, 1, 1, 1, 1, 1, 1]",122.0,92.8,154.62,62.93,3147110.25
HTHT,40.47,4,"[0, 0, 0, 0, 1, 1, 1, 0, 1, 0]",43.31,46.01,54.63,29.07,1577063.15
DTM,145.69,9,"[1, 1, 1, 1, 1, 1, 1, 1, 1, 0]",144.59,129.18,150.74,96.67,695401.75
MOD,241.79,8,"[0, 1, 1, 1, 1, 1, 1, 1, 1, 0]",263.17,203.97,306.89,103.71,1658515.15
RRX,212.74,9,"[1, 1, 1, 1, 1, 1, 1, 1, 1, 0]",211.36,181.62,238.19,127.98,1100527.95
BSAC,33.47,10,"[1, 1, 1, 1, 1, 1, 1, 1, 1, 1]",32.2,30.89,35.69,21.8,314431.95
JAZZ,253.87,10,"[1, 1, 1, 1, 1, 1, 1, 1, 1, 1]",237.06,188.38,254.87,105.93,739226.45
ONTO,272.62,7,"[0, 1, 1, 1, 1, 1, 1, 0, 1, 0]",294.86,218.28,378.45,90.0,1305076.15
OHI,51.72,10,"[1, 1, 1, 1, 1, 1, 1, 1, 1, 1]",47.51,44.66,51.72,35.93,1808641.85
SMMT,13.66,1,"[0, 0, 0, 0, 0, 0, 0, 0, 1, 0]",15.19,17.29,29.32,13.05,3936478.8
RMBS,96.01,5,"[0, 0, 0, 1, 1, 1, 1, 0, 1, 0]",128.69,109.28,170.66,62.85,3646172.45
AUR,5.95,7,"[0, 1, 1, 1, 1, 1, 1, 0, 1, 0]",6.62,5.14,8.4,3.77,23131645.55
NIO,4.49,1,"[0, 0, 0, 0, 0, 0, 0, 0, 1, 0]",5.23,5.58,7.89,4.44,23620594.05
HAS,88.79,7,"[1, 0, 1, 0, 1, 1, 0, 1, 1, 1]",84.68,85.95,104.36,69.25,2477965.3
LTM,50.15,3,"[0, 0, 0, 0, 1, 1, 0, 0, 1, 0]",52.77,51.96,68.29,41.27,696726.9
SUN,75.21,10,"[1, 1, 1, 1, 1, 1, 1, 1, 1, 1]",68.35,60.02,75.95,46.14,396516.45
QXO,13.67,2,"[0, 0, 0, 0, 1, 0, 0, 0, 1, 0]",16.09,19.74,27.07,13.54,31868464.8
AEIS,303.99,7,"[0, 0, 1, 1, 1, 1, 1, 1, 1, 0]",324.22,284.15,388.93,135.01,940865.95
ALLY,42.92,7,"[0, 1, 1, 1, 1, 1, 0, 1, 1, 0]",44.16,41.9,47.25,35.72,3372434.3
PL,20.47,5,"[0, 0, 0, 1, 1, 1, 1, 0, 1, 0]",33.3,25.72,51.4,6.18,10911864.95
EVR,339.63,7,"[0, 1, 1, 1, 1, 1, 0, 1, 1, 0]",345.31,329.93,381.16,266.5,420720.1
SKM,35.67,9,"[0, 1, 1, 1, 1, 1, 1, 1, 1, 1]",35.86,28.77,46.0,19.68,2495908.65
TIGO,94.54,10,"[1, 1, 1, 1, 1, 1, 1, 1, 1, 1]",88.91,67.74,98.61,36.06,1620135.5
SANM,208.43,7,"[0, 1, 1, 1, 1, 1, 1, 0, 1, 0]",236.66,175.53,282.72,98.35,1078424.0
IESC,626.07,8,"[0, 1, 1, 1, 1, 1, 1, 1, 1, 0]",681.34,514.98,766.54,321.59,339232.3
BBIO,84.02,9,"[1, 1, 1, 0, 1, 1, 1, 1, 1, 1]",72.53,70.68,90.17,44.81,4791646.9
TOL,149.87,8,"[1, 1, 1, 1, 1, 1, 0, 1, 1, 0]",145.82,141.84,165.52,117.49,990592.85
DINO,88.3,10,"[1, 1, 1, 1, 1, 1, 1, 1, 1, 1]",73.8,59.0,91.69,40.83,2672308.95
NYT,71.65,7,"[0, 0, 1, 0, 1, 1, 1, 1, 1, 1]",73.76,71.6,85.59,50.83,1569147.4
DY,429.81,8,"[0, 1, 1, 1, 1, 1, 1, 1, 1, 0]",452.59,381.4,535.2,245.31,608597.2
RBRK,73.24,6,"[0, 1, 1, 1, 0, 0, 1, 0, 1, 1]",74.57,66.8,98.5,43.81,2915640.85
DVA,235.44,10,"[1, 1, 1, 1, 1, 1, 1, 1, 1, 1]",212.64,153.84,237.28,103.87,759908.2
GH,147.33,10,"[1, 1, 1, 1, 1, 1, 1, 1, 1, 1]",136.87,105.17,170.77,40.98,3322883.35
PEN,318.73,7,"[0, 0, 1, 0, 1, 1, 1, 1, 1, 1]",319.5,314.04,359.4,225.54,399014.5
BMNR,15.79,2,"[0, 0, 0, 0, 0, 0, 0, 0, 1, 1]",16.66,26.33,63.2,13.31,36911013.75
SWK,91.26,9,"[1, 1, 1, 1, 1, 1, 1, 1, 1, 0]",83.8,76.16,94.12,60.08,1422310.35
ENLT,87.0,8,"[0, 1, 1, 1, 1, 1, 1, 1, 1, 0]",90.81,65.55,107.42,23.16,210334.25
OKLO,40.25,1,"[0, 0, 0, 0, 0, 0, 0, 0, 1, 0]",55.83,78.33,174.14,40.25,9448030.2
BWA,64.39,8,"[0, 1, 1, 1, 1, 1, 1, 1, 1, 0]",67.81,54.08,77.03,34.07,2371951.6
APA,36.15,10,"[1, 1, 1, 1, 1, 1, 1, 1, 1, 1]",35.5,30.6,43.79,17.45,5185638.8
IONS,56.55,4,"[0, 0, 0, 0, 1, 1, 1, 0, 1, 0]",71.52,75.56,86.5,40.69,4582284.55
HL,15.14,4,"[0, 0, 0, 0, 1, 1, 1, 0, 1, 0]",16.09,18.26,31.8,5.68,42601748.6
HII,287.59,4,"[0, 0, 0, 0, 1, 1, 0, 0, 1, 1]",294.72,344.78,451.78,254.23,436832.25
SOLS,60.54,4,"[0, 0, 0, 1, 1, 0, 1, 0, 1, 0]",77.03,60.54,88.6,41.35,4757957.2
FIVE,203.19,8,"[1, 0, 1, 0, 1, 1, 1, 1, 1, 1]",199.63,195.83,247.71,131.94,1182979.1
U,28.62,4,"[1, 0, 0, 0, 0, 0, 1, 0, 1, 1]",28.59,31.53,49.47,17.13,6871058.3
IVZ,29.93,10,"[1, 1, 1, 1, 1, 1, 1, 1, 1, 1]",27.99,25.73,30.5,19.76,4636336.75
NTNX,55.04,7,"[1, 1, 1, 1, 0, 0, 1, 0, 1, 1]",50.76,49.5,81.12,34.41,3649689.75
MEDP,601.38,8,"[1, 1, 1, 0, 0, 1, 1, 1, 1, 1]",488.27,516.59,620.59,393.42,369834.95
EXEL,55.37,10,"[1, 1, 1, 1, 1, 1, 1, 1, 1, 1]",53.05,45.37,57.1,34.54,2522109.25
ALGN,167.01,6,"[0, 0, 1, 0, 1, 1, 1, 1, 1, 0]",172.3,165.63,207.19,124.88,962709.15
WLK,73.82,3,"[0, 0, 0, 0, 1, 0, 1, 0, 1, 0]",81.66,86.74,122.65,55.28,1048675.15
SAIA,423.68,8,"[0, 1, 1, 1, 1, 1, 1, 1, 1, 0]",445.82,374.28,487.14,250.48,389950.75
MP,41.3,1,"[0, 0, 0, 0, 0, 0, 0, 0, 1, 0]",56.46,60.13,98.65,41.3,4809300.6
VIAV,39.52,7,"[0, 1, 1, 1, 1, 1, 1, 0, 1, 0]",47.09,31.34,55.33,9.76,6104817.4
AAOI,100.15,6,"[0, 0, 1, 1, 1, 1, 1, 0, 1, 0]",153.53,88.56,223.1,19.49,9170176.5
PINS,22.13,6,"[1, 1, 0, 1, 0, 0, 1, 0, 1, 1]",21.12,23.09,39.17,15.42,11157586.15
AIZ,276.94,10,"[1, 1, 1, 1, 1, 1, 1, 1, 1, 1]",263.15,234.44,280.11,181.8,332143.55
WBS,76.07,10,"[1, 1, 1, 1, 1, 1, 1, 1, 1, 1]",74.41,67.26,77.6,53.14,3663195.75
ELAN,24.91,10,"[1, 1, 1, 1, 1, 1, 1, 1, 1, 1]",23.86,23.31,26.84,13.68,4367074.05
GLXY,22.68,3,"[0, 0, 0, 1, 0, 0, 1, 0, 1, 0]",28.16,27.12,42.86,16.84,6800384.25
APLD,27.19,5,"[0, 0, 0, 1, 1, 1, 1, 0, 1, 0]",38.98,32.76,49.65,10.03,19591558.95
MDGL,544.51,10,"[1, 1, 1, 1, 1, 1, 1, 1, 1, 1]",516.73,505.05,602.83,289.88,409119.4
VICR,211.01,6,"[0, 0, 1, 1, 1, 1, 1, 0, 1, 0]",291.89,182.96,379.78,43.85,1048583.0
COKE,184.7,10,"[1, 1, 1, 1, 1, 1, 1, 1, 1, 1]",179.95,170.92,216.63,111.2,586367.15
LFUS,404.86,8,"[0, 1, 1, 1, 1, 1, 1, 1, 1, 0]",446.11,343.71,489.1,228.05,380169.1
FORM,104.04,6,"[0, 0, 1, 1, 1, 1, 1, 0, 1, 0]",126.39,92.44,159.93,27.62,1976338.1
AAON,102.67,6,"[0, 0, 1, 1, 1, 1, 1, 0, 1, 0]",125.8,100.77,148.15,71.77,1024275.15
TFII,150.43,10,"[1, 1, 1, 1, 1, 1, 1, 1, 1, 1]",149.22,117.84,162.83,80.09,305050.5
AIT,347.06,10,"[1, 1, 1, 1, 1, 1, 1, 1, 1, 1]",322.82,282.41,347.06,239.8,301234.85
SMTC,125.92,7,"[0, 1, 1, 1, 1, 1, 1, 0, 1, 0]",148.4,98.27,174.73,48.47,3439319.95
WULF,18.46,6,"[0, 0, 1, 1, 1, 1, 1, 0, 1, 0]",23.69,17.45,28.98,4.76,38374348.75
POWL,232.21,7,"[0, 1, 1, 1, 1, 1, 1, 0, 1, 0]",271.85,188.02,321.94,75.68,886787.4
TIMB,21.3,4,"[0, 0, 0, 0, 1, 1, 0, 1, 1, 0]",21.81,23.06,27.75,17.42,471478.85
AXSM,241.0,10,"[1, 1, 1, 1, 1, 1, 1, 1, 1, 1]",238.53,182.46,255.17,100.39,1142089.85
WMS,141.84,5,"[1, 0, 0, 0, 1, 1, 0, 1, 1, 0]",141.83,147.23,174.94,112.49,671594.1
HMY,15.87,2,"[0, 0, 0, 0, 0, 0, 0, 0, 1, 1]",16.08,17.83,25.55,12.37,3262982.05
HUT,109.99,8,"[0, 1, 1, 1, 1, 1, 1, 1, 1, 0]",111.45,68.62,133.02,19.45,4558756.3
IAG,14.66,4,"[0, 0, 0, 0, 1, 1, 1, 0, 1, 0]",16.18,16.99,24.57,6.74,4632325.15
CGNX,62.05,8,"[0, 1, 1, 1, 1, 1, 1, 1, 1, 0]",64.84,50.5,72.42,33.53,2359113.2
KTOS,47.35,2,"[0, 0, 0, 0, 0, 0, 0, 0, 1, 1]",53.44,76.47,130.72,45.94,5459424.4
JEF,55.86,8,"[1, 1, 1, 1, 0, 0, 1, 1, 1, 1]",54.87,52.95,68.8,35.74,2040313.6
AG,16.31,4,"[0, 0, 0, 0, 1, 1, 1, 0, 1, 0]",18.08,18.77,31.98,7.82,9626527.15
EMBJ,64.93,9,"[1, 1, 1, 0, 1, 1, 1, 1, 1, 1]",60.56,64.12,79.6,47.22,913921.85
ESI,37.44,8,"[0, 1, 1, 1, 1, 1, 1, 1, 1, 0]",41.99,33.47,49.09,22.82,6856656.55
JOBY,6.93,1,"[0, 0, 0, 0, 0, 0, 0, 0, 1, 0]",9.37,11.65,20.39,6.93,52599413.9
MUSA,613.15,10,"[1, 1, 1, 1, 1, 1, 1, 1, 1, 1]",567.91,463.97,622.78,355.19,275146.05
BTSG,72.91,10,"[1, 1, 1, 1, 1, 1, 1, 1, 1, 1]",64.79,45.63,72.91,19.36,4964118.15
GSAT,78.93,8,"[0, 1, 1, 1, 1, 1, 1, 1, 1, 0]",81.05,67.18,84.43,23.15,1240086.85
GMED,76.49,5,"[0, 0, 0, 0, 1, 1, 1, 1, 1, 0]",79.5,83.42,96.82,52.63,1893944.2
BEP,33.12,8,"[0, 1, 1, 1, 1, 1, 1, 1, 1, 0]",34.47,30.88,37.09,23.77,937633.9
KNX,72.5,8,"[0, 1, 1, 1, 1, 1, 1, 1, 1, 0]",75.07,59.32,82.45,38.58,3746320.75
ALSN,122.34,9,"[1, 1, 1, 1, 1, 1, 1, 1, 1, 0]",116.09,108.08,135.66,78.62,1566851.4
SNAP,4.35,2,"[0, 0, 0, 0, 0, 0, 0, 0, 1, 1]",5.09,6.25,9.77,3.93,35205689.8
ARWR,85.6,10,"[1, 1, 1, 1, 1, 1, 1, 1, 1, 1]",77.81,63.95,88.7,15.7,3251132.8
WTFC,158.66,9,"[1, 1, 1, 1, 1, 1, 1, 1, 1, 0]",155.88,143.86,166.9,118.91,707411.9
AES,14.84,9,"[1, 1, 1, 1, 1, 1, 0, 1, 1, 1]",14.68,14.31,17.07,12.06,8522920.7
SPXC,220.07,7,"[0, 1, 1, 1, 1, 1, 0, 1, 1, 0]",222.79,213.52,246.41,180.24,940734.3
VFS,2.85,2,"[0, 0, 0, 0, 1, 0, 0, 0, 1, 0]",3.25,3.43,4.76,2.81,447569.8
AHR,57.44,10,"[1, 1, 1, 1, 1, 1, 1, 1, 1, 1]",50.88,48.64,57.6,36.23,4180106.15
DAR,62.5,10,"[1, 1, 1, 1, 1, 1, 1, 1, 1, 1]",58.85,48.92,64.84,29.74,2334864.8
FCFS,195.06,7,"[0, 0, 1, 1, 1, 1, 1, 1, 1, 0]",219.56,187.53,232.57,118.91,524180.05
UMBF,141.2,9,"[1, 1, 1, 1, 1, 1, 1, 1, 1, 0]",136.38,122.0,148.02,102.87,733605.2
ARW,212.27,8,"[0, 1, 1, 1, 1, 1, 1, 1, 1, 0]",215.27,155.11,234.83,101.87,582820.2
MOG-A,410.13,9,"[1, 1, 1, 1, 1, 1, 1, 1, 1, 0]",381.64,299.29,425.85,181.72,309331.8
HBM,22.35,6,"[0, 0, 1, 1, 1, 1, 1, 0, 1, 0]",24.97,21.92,31.86,9.05,4684179.1
MGM,45.54,9,"[1, 1, 1, 1, 1, 1, 1, 1, 1, 0]",45.18,37.87,50.69,30.72,2701204.85
VMI,486.16,8,"[0, 1, 1, 1, 1, 1, 1, 1, 1, 0]",535.5,455.42,582.78,355.42,232448.35
ABVX,125.7,9,"[1, 1, 1, 0, 1, 1, 1, 1, 1, 1]",117.83,116.0,145.31,66.49,1910511.05
CTRE,43.25,10,"[1, 1, 1, 1, 1, 1, 1, 1, 1, 1]",39.91,37.54,43.4,29.37,2750197.05
MOH,197.55,8,"[0, 1, 1, 1, 1, 1, 1, 1, 1, 0]",205.33,172.7,242.88,122.65,1676824.4
BPOP,171.73,10,"[1, 1, 1, 1, 1, 1, 1, 1, 1, 1]",159.84,136.35,173.89,107.38,560221.6
SNEX,74.26,8,"[0, 1, 1, 1, 1, 1, 1, 1, 1, 0]",79.36,57.71,92.67,36.42,1479193.2
CYTK,80.74,9,"[1, 1, 1, 1, 1, 1, 1, 1, 1, 0]",78.33,67.46,87.26,33.23,2122070.9
VSAT,71.7,9,"[0, 1, 1, 1, 1, 1, 1, 1, 1, 1]",71.89,51.21,89.81,14.69,2893964.8
ICLR,165.76,8,"[1, 1, 1, 1, 0, 0, 1, 1, 1, 1]",149.4,148.62,202.92,80.08,751686.35
AGX,568.92,7,"[0, 1, 1, 1, 1, 1, 1, 0, 1, 0]",670.3,479.8,797.9,202.87,348172.1
CAMT,147.79,6,"[0, 0, 1, 1, 1, 1, 1, 0, 1, 0]",163.5,147.31,207.46,76.73,517832.95
SBSW,8.36,2,"[0, 0, 0, 0, 1, 0, 0, 0, 1, 0]",9.93,12.51,20.52,7.06,5268787.6
ELPC,11.43,8,"[0, 1, 1, 1, 1, 1, 1, 1, 1, 0]",11.62,10.78,13.39,7.48,404416.35
TTC,93.76,8,"[1, 1, 1, 0, 1, 1, 1, 1, 1, 0]",92.15,87.07,100.89,67.07,601880.9
R,267.68,9,"[1, 1, 1, 1, 1, 1, 1, 1, 1, 0]",260.53,212.78,280.34,158.04,379843.15
CAVA,62.01,5,"[0, 0, 0, 1, 1, 1, 1, 0, 1, 0]",76.19,70.67,97.39,43.59,3218546.8
PRAX,325.3,8,"[1, 1, 1, 0, 1, 1, 1, 1, 1, 0]",310.61,278.17,357.13,37.71,480909.8
ZION,69.29,9,"[1, 1, 1, 1, 1, 1, 1, 1, 1, 0]",66.34,59.23,73.31,45.85,1772191.55
SIRI,29.8,10,"[1, 1, 1, 1, 1, 1, 1, 1, 1, 1]",28.8,23.59,31.22,19.47,3791263.9
RIOT,22.53,8,"[0, 1, 1, 1, 1, 1, 1, 1, 1, 0]",24.63,18.56,28.69,11.03,17846019.65
FLS,72.4,5,"[0, 0, 0, 0, 1, 1, 1, 1, 1, 0]",72.49,72.82,91.49,48.65,1851458.4
ALGM,46.03,7,"[0, 1, 1, 1, 1, 1, 1, 0, 1, 0]",51.32,37.65,69.62,22.8,3455014.8
GDS,31.63,3,"[0, 0, 0, 0, 1, 0, 0, 0, 1, 1]",33.96,38.03,47.52,29.02,1933883.05
KRYS,335.19,9,"[1, 1, 1, 1, 1, 1, 1, 1, 1, 0]",332.02,267.65,378.15,134.94,610669.4
EGO,31.88,6,"[1, 0, 0, 0, 1, 1, 1, 0, 1, 1]",31.37,34.02,49.52,20.34,2070236.85
GGB,4.81,10,"[1, 1, 1, 1, 1, 1, 1, 1, 1, 1]",4.52,3.98,4.89,2.8,17077742.35
MXL,71.59,7,"[0, 1, 1, 1, 1, 1, 1, 0, 1, 0]",89.93,39.73,128.03,13.05,4487601.95
IBRX,7.1,7,"[0, 1, 1, 1, 1, 1, 1, 0, 1, 0]",7.77,5.8,11.55,1.98,11809806.9
AAL,14.48,8,"[0, 1, 1, 1, 1, 1, 1, 1, 1, 0]",15.15,13.64,18.15,10.18,140617661.8
DDS,568.05,3,"[1, 0, 0, 0, 0, 0, 0, 1, 1, 0]",561.86,597.83,699.51,443.23,120752.65
FRO,39.29,10,"[1, 1, 1, 1, 1, 1, 1, 1, 1, 1]",36.65,29.44,42.88,17.11,2372948.7
CRUS,133.61,5,"[0, 0, 0, 1, 1, 1, 1, 0, 1, 0]",156.53,140.71,178.9,97.25,652241.85
BVN,30.91,5,"[0, 0, 0, 0, 1, 1, 1, 0, 1, 1]",32.18,31.0,42.44,16.53,899990.9
W,84.18,5,"[1, 1, 0, 0, 0, 1, 1, 0, 1, 0]",79.82,87.04,119.05,57.4,2806647.8
LUMN,6.34,4,"[0, 0, 0, 1, 0, 1, 1, 0, 1, 0]",8.25,8.09,11.83,3.7,12792569.0
LLYVK,99.04,7,"[0, 1, 1, 1, 1, 1, 0, 1, 1, 0]",100.37,92.08,108.0,77.33,365726.85
LLYVA,95.65,7,"[0, 1, 1, 1, 1, 1, 0, 1, 1, 0]",97.05,89.47,104.11,74.85,225078.7
LEVI,24.54,8,"[1, 1, 1, 1, 1, 1, 0, 0, 1, 1]",23.31,21.42,,,3368497.7
COLB,31.15,9,"[1, 1, 1, 1, 1, 1, 1, 1, 1, 0]",30.8,28.4,33.61,22.1,3081702.55
OSK,155.14,9,"[1, 1, 1, 0, 1, 1, 1, 1, 1, 1]",137.7,141.36,177.15,117.67,778781.2
MTCH,37.91,10,"[1, 1, 1, 1, 1, 1, 1, 1, 1, 1]",36.54,33.26,40.29,28.57,3272626.45
FR,66.99,10,"[1, 1, 1, 1, 1, 1, 1, 1, 1, 1]",63.08,58.89,68.86,46.03,1371371.6
CRL,226.58,10,"[1, 1, 1, 1, 1, 1, 1, 1, 1, 1]",196.69,185.64,233.6,145.57,874936.85
FROG,80.16,9,"[0, 1, 1, 1, 1, 1, 1, 1, 1, 1]",82.3,59.99,98.1,34.75,3570486.25
ZWS,48.38,8,"[1, 1, 1, 1, 1, 1, 0, 1, 1, 0]",48.23,47.72,52.67,37.93,1123626.65
SIMO,270.9,8,"[0, 1, 1, 1, 1, 1, 1, 1, 1, 0]",288.89,160.83,336.9,71.49,739798.35
ENS,190.75,7,"[0, 0, 1, 1, 1, 1, 1, 1, 1, 0]",219.7,176.2,243.06,88.58,554997.85
PRMB,22.7,8,"[0, 1, 1, 1, 1, 1, 1, 1, 1, 0]",23.95,20.15,28.39,14.21,2720181.45
EMN,68.2,6,"[0, 0, 1, 1, 1, 1, 0, 1, 1, 0]",70.68,67.63,79.49,54.37,1327333.4
CIFR,23.15,9,"[1, 1, 1, 1, 1, 1, 1, 1, 1, 0]",23.12,18.56,29.18,4.72,26355739.25
QBTS,16.21,2,"[0, 0, 0, 1, 0, 0, 0, 0, 1, 0]",22.75,23.59,44.78,12.98,17937457.5
ECG,129.99,8,"[0, 1, 1, 1, 1, 1, 1, 1, 1, 0]",147.56,115.61,169.16,70.17,657459.25
NUVL,123.96,10,"[1, 1, 1, 1, 1, 1, 1, 1, 1, 1]",113.93,104.24,123.96,72.16,1356328.5
FIGR,27.59,2,"[0, 0, 0, 0, 0, 0, 0, 0, 1, 1]",31.59,38.13,73.91,25.28,3444756.45
ICL,5.28,4,"[0, 0, 0, 1, 0, 0, 0, 1, 1, 1]",5.58,5.49,6.76,4.72,1191715.0
TKR,141.3,9,"[1, 1, 1, 1, 1, 1, 1, 1, 1, 0]",133.68,102.93,145.32,70.03,825834.8
SSL,11.83,10,"[1, 1, 1, 1, 1, 1, 1, 1, 1, 1]",11.79,9.39,14.29,4.8,1328110.25
KRMN,47.44,3,"[0, 0, 0, 0, 1, 0, 0, 0, 1, 1]",52.82,75.34,115.29,44.84,4084155.1
BOKF,142.28,10,"[1, 1, 1, 1, 1, 1, 1, 1, 1, 1]",134.09,124.89,143.11,96.54,280377.65
NXE,9.14,4,"[0, 0, 0, 0, 1, 1, 1, 0, 1, 0]",10.17,10.6,13.92,6.46,4530974.95
NE,43.26,9,"[0, 1, 1, 1, 1, 1, 1, 1, 1, 1]",44.18,38.97,53.79,24.34,1746215.8
AMG,358.29,10,"[1, 1, 1, 1, 1, 1, 1, 1, 1, 1]",337.09,296.44,379.59,207.03,300285.2
IDA,148.57,8,"[1, 1, 1, 1, 1, 1, 0, 1, 1, 0]",145.01,137.15,154.55,117.54,607154.0
VIRT,59.74,9,"[1, 1, 1, 1, 1, 1, 1, 1, 1, 0]",57.34,43.35,66.82,31.82,1226167.75
MSGS,396.4,10,"[1, 1, 1, 1, 1, 1, 1, 1, 1, 1]",379.26,302.17,403.03,192.65,219969.65
ROAD,103.29,2,"[0, 0, 0, 0, 1, 0, 0, 0, 1, 0]",111.75,115.56,140.48,93.43,1380667.9
CMC,68.95,7,"[0, 0, 1, 1, 1, 1, 1, 1, 1, 0]",70.13,67.78,82.67,49.69,1519906.25
JXN,119.28,10,"[1, 1, 1, 1, 1, 1, 1, 1, 1, 1]",110.19,106.02,125.7,81.3,659323.6
ESE,327.78,9,"[1, 1, 1, 1, 1, 1, 1, 1, 1, 0]",318.33,264.98,354.82,184.98,255695.05
GKOS,153.58,10,"[1, 1, 1, 1, 1, 1, 1, 1, 1, 1]",136.3,115.34,156.84,74.67,752139.35
CWEN,32.09,4,"[0, 0, 0, 0, 1, 1, 0, 1, 1, 0]",36.42,35.67,41.26,26.9,1232223.45
CIG,2.13,7,"[1, 0, 1, 0, 1, 1, 0, 1, 1, 1]",2.1,2.09,2.62,1.7,6024915.95
MBLY,8.05,3,"[0, 0, 0, 1, 0, 0, 0, 0, 1, 1]",9.41,10.01,15.54,6.56,8558051.05
KNTK,50.43,10,"[1, 1, 1, 1, 1, 1, 1, 1, 1, 1]",48.41,41.97,51.71,30.53,940319.55
CHRD,138.36,10,"[1, 1, 1, 1, 1, 1, 1, 1, 1, 1]",130.3,112.05,148.35,82.2,840934.9
MIDD,133.88,9,"[1, 1, 1, 1, 1, 1, 1, 1, 1, 0]",129.55,117.85,144.17,89.85,698305.35
PCVX,54.66,9,"[1, 1, 1, 0, 1, 1, 1, 1, 1, 1]",52.63,51.75,63.04,29.67,1604619.5
KEX,148.65,10,"[1, 1, 1, 1, 1, 1, 1, 1, 1, 1]",142.09,125.91,152.59,79.95,626790.15
HALO,81.93,10,"[1, 1, 1, 1, 1, 1, 1, 1, 1, 1]",72.88,69.41,81.93,57.73,1832853.7
YOU,52.24,8,"[0, 1, 1, 1, 1, 1, 1, 1, 1, 0]",55.17,43.75,62.18,28.34,1316804.2
ORA,99.4,4,"[0, 0, 0, 1, 1, 1, 0, 0, 1, 0]",123.86,115.76,145.1,84.82,883433.15
VLY,14.34,9,"[1, 1, 1, 1, 1, 1, 1, 1, 1, 0]",14.11,12.43,15.19,8.85,7295093.9
VFC,17.03,7,"[1, 0, 0, 0, 1, 1, 1, 1, 1, 1]",16.86,17.46,21.44,11.41,6022050.95
WFRD,88.68,6,"[0, 0, 0, 0, 1, 1, 1, 1, 1, 1]",94.13,88.82,111.42,53.31,1667612.3
CORZ,22.75,8,"[0, 1, 1, 1, 1, 1, 1, 1, 1, 0]",25.37,19.65,29.16,12.65,10943590.8
TEX,69.83,9,"[1, 1, 1, 1, 1, 1, 1, 1, 1, 0]",64.28,58.8,74.58,41.55,1433057.85
SOBO,38.5,10,"[1, 1, 1, 1, 1, 1, 1, 1, 1, 1]",36.51,30.79,38.67,24.54,795251.9
FAF,75.13,10,"[1, 1, 1, 1, 1, 1, 1, 1, 1, 1]",68.09,64.18,75.13,56.38,929918.5
IDCC,258.3,1,"[0, 0, 0, 0, 0, 0, 0, 0, 1, 0]",267.96,323.25,393.78,219.36,277882.25
OR,29.2,2,"[0, 0, 0, 0, 1, 0, 0, 0, 1, 0]",32.95,36.78,47.56,27.51,1053243.15
HXL,110.28,10,"[1, 1, 1, 1, 1, 1, 1, 1, 1, 1]",96.02,83.64,110.28,59.0,1069158.35
OGC,23.84,4,"[0, 0, 0, 0, 1, 1, 1, 0, 1, 0]",26.59,29.43,42.39,13.47,358813.3
SLAB,216.88,8,"[0, 1, 1, 1, 1, 1, 1, 1, 1, 0]",218.15,180.89,220.34,116.08,456913.1
RIG,5.35,7,"[0, 0, 1, 1, 1, 1, 1, 0, 1, 1]",5.78,5.27,7.58,2.8,40138551.85
PLXS,254.45,8,"[0, 1, 1, 1, 1, 1, 1, 1, 1, 0]",273.23,205.11,303.82,123.25,314063.2
GGAL,49.3,8,"[0, 1, 1, 1, 1, 1, 1, 1, 1, 0]",49.52,47.18,58.75,25.39,1027274.25
SSRM,26.86,7,"[0, 0, 1, 1, 1, 1, 1, 1, 1, 0]",28.99,26.56,35.74,11.95,3409610.4
LTH,42.33,10,"[1, 1, 1, 1, 1, 1, 1, 1, 1, 1]",37.09,29.61,42.84,24.59,2843599.15
KYMR,110.57,9,"[1, 1, 1, 1, 1, 1, 1, 1, 1, 0]",95.63,80.95,119.35,37.68,894334.35
SM,33.19,10,"[1, 1, 1, 1, 1, 1, 1, 1, 1, 1]",30.29,24.49,34.57,17.3,3826418.75
LEA,143.6,10,"[1, 1, 1, 1, 1, 1, 1, 1, 1, 1]",138.91,122.32,146.59,90.56,488026.85
HR,21.4,10,"[1, 1, 1, 1, 1, 1, 1, 1, 1, 1]",20.43,18.19,21.47,14.57,3557781.45
RHP,133.09,10,"[1, 1, 1, 1, 1, 1, 1, 1, 1, 1]",120.7,100.32,133.09,82.97,620319.5
NOV,20.76,10,"[1, 1, 1, 1, 1, 1, 1, 1, 1, 1]",19.76,17.83,21.36,11.6,3319589.15
DBX,29.19,8,"[1, 1, 1, 1, 0, 0, 1, 1, 1, 1]",27.79,26.94,32.17,22.06,3419690.0
TFPM,29.03,4,"[0, 0, 0, 0, 1, 1, 0, 0, 1, 1]",29.71,32.78,41.23,22.75,698490.85
AUGO,54.81,4,"[0, 0, 0, 0, 1, 1, 1, 0, 1, 0]",64.01,61.81,108.01,22.99,1072762.85
MTDR,50.81,8,"[0, 0, 1, 1, 1, 1, 1, 1, 1, 1]",53.48,49.43,65.01,36.31,1741252.9
MYRG,379.17,8,"[0, 1, 1, 1, 1, 1, 1, 1, 1, 0]",442.57,307.44,501.13,173.81,302761.6
AVT,89.42,9,"[1, 1, 1, 1, 1, 1, 1, 1, 1, 0]",87.17,65.09,92.93,43.64,1051376.6
LGN,70.8,6,"[0, 1, 1, 1, 1, 0, 1, 0, 1, 0]",80.57,58.8,102.27,29.72,1844516.35
BRKR,60.45,9,"[1, 1, 1, 1, 1, 1, 1, 1, 1, 0]",55.62,45.02,62.65,29.21,1993017.05
SGHC,14.36,9,"[1, 1, 1, 1, 0, 1, 1, 1, 1, 1]",13.8,11.81,15.59,8.45,2984021.85
STEP,42.61,2,"[0, 0, 0, 0, 0, 0, 0, 0, 1, 1]",45.24,54.35,74.4,39.54,1624529.75
UGP,6.43,10,"[1, 1, 1, 1, 1, 1, 1, 1, 1, 1]",5.42,4.87,6.56,3.0,4547569.9
VAL,79.53,7,"[0, 0, 1, 1, 1, 1, 1, 0, 1, 1]",85.94,75.29,113.42,44.25,912998.1
BLSH,23.96,2,"[0, 0, 0, 0, 0, 0, 0, 0, 1, 1]",28.06,37.83,74.63,21.88,1390280.6
TGTX,56.04,10,"[1, 1, 1, 1, 1, 1, 1, 1, 1, 1]",48.57,36.2,59.06,26.39,2275327.85
MIRM,113.03,9,"[1, 1, 1, 1, 1, 1, 1, 1, 1, 0]",108.59,91.57,128.57,51.12,828255.25
ST,45.71,8,"[0, 1, 1, 1, 1, 1, 1, 1, 1, 0]",47.98,38.14,53.55,28.36,1633294.95
NPO,333.88,9,"[1, 1, 1, 1, 1, 1, 1, 1, 1, 0]",333.31,266.62,387.65,201.81,322803.65
PAYC,145.35,5,"[1, 1, 0, 1, 0, 0, 0, 0, 1, 1]",136.66,145.42,236.57,113.28,814515.65
SYRE,102.13,10,"[1, 1, 1, 1, 1, 1, 1, 1, 1, 1]",84.98,50.36,102.7,14.82,1396567.5
SWX,93.07,9,"[1, 1, 1, 1, 1, 1, 0, 1, 1, 1]",89.36,84.78,93.37,74.73,592790.2
COMP,11.07,10,"[1, 1, 1, 1, 1, 1, 1, 1, 1, 1]",9.9,9.56,13.58,6.68,14548342.6
AROC,36.14,8,"[0, 1, 1, 1, 1, 1, 1, 1, 1, 0]",37.16,31.59,41.95,21.54,2036314.7
AXTI,47.23,6,"[0, 0, 1, 1, 1, 1, 1, 0, 1, 0]",84.41,45.69,140.83,1.92,8326291.35
RSI,31.43,10,"[1, 1, 1, 1, 1, 1, 1, 1, 1, 1]",29.55,22.31,34.52,15.22,2590201.25
RYTM,102.1,8,"[1, 1, 1, 1, 0, 1, 1, 1, 1, 0]",98.49,98.91,117.62,75.82,762248.2
HIMS,28.09,4,"[0, 1, 0, 1, 0, 0, 1, 0, 1, 0]",30.3,31.05,66.18,14.52,14875008.1
PTGX,136.11,10,"[1, 1, 1, 1, 1, 1, 1, 1, 1, 1]",116.15,95.72,140.91,50.96,837130.2
ACA,145.0,10,"[1, 1, 1, 1, 1, 1, 1, 1, 1, 1]",134.86,115.88,145.33,83.51,878773.55
FNB,19.05,9,"[1, 1, 1, 1, 1, 1, 1, 1, 1, 0]",18.27,17.12,19.49,14.33,6544254.05
FLY,19.69,3,"[0, 0, 0, 1, 1, 0, 0, 0, 1, 0]",32.86,27.83,60.35,16.78,4326155.1
CELC,82.62,4,"[0, 0, 0, 0, 1, 1, 1, 0, 1, 0]",105.3,102.82,144.98,13.77,1810971.1
ENIC,4.31,8,"[0, 1, 1, 1, 1, 1, 1, 1, 1, 0]",4.37,4.06,4.66,3.01,492836.15
INGM,29.44,10,"[1, 1, 1, 1, 1, 1, 1, 1, 1, 1]",28.16,24.15,31.64,18.49,1186140.2
LUNR,12.92,5,"[0, 0, 0, 1, 1, 1, 1, 0, 1, 0]",25.28,19.14,45.7,8.05,10204543.1
RGTI,14.15,2,"[0, 0, 0, 1, 0, 0, 0, 0, 1, 0]",19.45,22.77,56.34,12.9,22700486.85
CLF,11.93,7,"[1, 1, 1, 1, 0, 0, 1, 0, 1, 1]",11.27,11.52,16.18,7.82,24890349.85
CE,46.43,4,"[0, 0, 0, 0, 1, 1, 1, 0, 1, 0]",50.44,49.99,69.24,35.49,1873721.6
APGE,134.28,10,"[1, 1, 1, 1, 1, 1, 1, 1, 1, 1]",107.47,80.81,134.29,34.65,1940276.95
LSTR,200.28,8,"[0, 1, 1, 1, 1, 1, 1, 1, 1, 0]",206.33,162.93,225.37,118.1,431081.3
GVA,124.47,7,"[0, 0, 1, 1, 1, 1, 1, 1, 1, 0]",137.83,123.28,160.26,91.89,888213.25
VIST,69.5,10,"[1, 1, 1, 1, 1, 1, 1, 1, 1, 1]",69.3,58.87,79.25,33.7,957443.45
KGS,59.08,8,"[0, 1, 1, 1, 1, 1, 1, 1, 1, 0]",69.31,51.74,76.27,29.91,1939007.6
URBN,69.97,4,"[0, 0, 0, 1, 1, 0, 0, 1, 1, 0]",72.12,70.25,82.7,59.57,1206787.9
PTCT,76.82,8,"[0, 1, 1, 1, 1, 1, 1, 1, 1, 0]",76.92,72.9,89.55,43.3,1912818.5
ETSY,80.62,10,"[1, 1, 1, 1, 1, 1, 1, 1, 1, 1]",72.27,61.57,85.74,44.05,2668358.5
LNTH,104.82,9,"[1, 1, 1, 1, 1, 1, 1, 1, 1, 0]",102.76,77.32,110.94,50.11,890994.55
VNO,39.72,8,"[1, 1, 1, 1, 0, 0, 1, 1, 1, 1]",36.71,33.07,42.04,24.71,1701480.45
REZI,34.54,5,"[1, 0, 0, 0, 0, 0, 1, 1, 1, 1]",31.62,35.42,44.5,24.43,1924596.25
OUT,32.03,9,"[0, 1, 1, 1, 1, 1, 1, 1, 1, 1]",32.11,26.28,33.81,15.95,1751227.95
FLG,13.85,7,"[0, 1, 1, 1, 1, 1, 0, 1, 1, 0]",14.46,13.22,15.36,10.7,4846397.35
EAT,186.98,10,"[1, 1, 1, 1, 1, 1, 1, 1, 1, 1]",160.34,147.28,195.01,102.29,1088579.55
GXO,52.71,5,"[1, 0, 0, 0, 1, 0, 0, 1, 1, 1]",50.14,53.68,65.59,45.52,1248773.25
COGT,39.76,9,"[1, 1, 1, 0, 1, 1, 1, 1, 1, 1]",35.76,34.13,42.11,10.86,2880176.35
IBP,227.43,4,"[1, 0, 0, 0, 1, 0, 0, 0, 1, 1]",216.14,261.9,340.78,195.28,443362.7
VSNT,35.38,5,"[0, 0, 0, 1, 1, 0, 1, 1, 1, 0]",38.63,35.38,46.48,26.86,1932754.8
ABCB,87.73,9,"[1, 1, 1, 1, 1, 1, 1, 1, 1, 0]",87.41,80.25,93.17,65.24,538521.3
TFX,132.1,10,"[1, 1, 1, 1, 1, 1, 1, 1, 1, 1]",130.7,120.42,138.45,99.79,423403.7
IMVT,39.41,10,"[1, 1, 1, 1, 1, 1, 1, 1, 1, 1]",35.42,27.5,41.09,14.69,1164850.75
CGON,69.32,9,"[1, 1, 1, 1, 1, 1, 1, 1, 1, 0]",65.56,56.04,75.24,23.94,1174310.9
USAR,14.15,4,"[0, 0, 0, 1, 1, 1, 0, 0, 1, 0]",21.64,20.08,38.68,11.05,10492035.35
NSA,,1,"[0, 0, 0, 0, 0, 0, 0, 0, 1, 0]",,,46.04,26.69,1012991.25
ALKS,52.89,10,"[1, 1, 1, 1, 1, 1, 1, 1, 1, 1]",46.49,35.03,55.22,26.13,2020234.2
CENX,46.21,6,"[0, 0, 0, 1, 1, 1, 1, 0, 1, 1]",53.53,47.14,68.77,20.41,2158943.65
MSM,125.64,10,"[1, 1, 1, 1, 1, 1, 1, 1, 1, 1]",115.94,95.06,127.28,78.9,889170.2
SRRK,47.67,8,"[0, 1, 1, 1, 1, 1, 1, 1, 1, 0]",50.03,44.43,57.94,27.92,1474410.25
BLCO,16.17,6,"[1, 0, 0, 0, 1, 1, 0, 1, 1, 1]",15.89,16.29,18.6,13.5,389781.6
PIPR,76.09,2,"[0, 0, 0, 0, 0, 0, 0, 1, 1, 0]",77.16,80.83,92.51,69.79,691211.6
BKH,75.29,10,"[1, 1, 1, 1, 1, 1, 1, 1, 1, 1]",73.56,70.59,76.1,53.69,799471.0
KMX,58.29,10,"[1, 1, 1, 1, 1, 1, 1, 1, 1, 1]",49.07,43.37,62.17,30.88,2884272.8
MAC,25.83,10,"[1, 1, 1, 1, 1, 1, 1, 1, 1, 1]",24.04,19.94,25.92,15.6,3062548.25
CZR,29.94,9,"[1, 1, 1, 1, 1, 1, 1, 1, 1, 0]",29.3,25.2,30.41,18.14,3913676.6
PRIM,86.51,2,"[0, 0, 0, 0, 1, 0, 0, 0, 1, 0]",102.32,131.76,202.75,84.88,1689860.4
GLNG,48.62,8,"[0, 1, 1, 1, 1, 1, 1, 1, 1, 0]",51.11,45.23,57.07,34.97,1187033.0
OSCR,28.19,9,"[1, 1, 1, 1, 1, 1, 1, 1, 1, 0]",27.29,18.68,32.18,10.85,5228382.25
S,18.14,9,"[1, 1, 1, 1, 0, 1, 1, 1, 1, 1]",17.09,15.47,19.92,11.94,7712524.45
CORT,95.36,9,"[1, 1, 1, 1, 0, 1, 1, 1, 1, 1]",79.22,61.31,96.66,32.15,1131365.9
RUSHA,76.57,10,"[1, 1, 1, 1, 1, 1, 1, 1, 1, 1]",71.49,63.71,79.66,46.26,537254.8
HWC,76.2,10,"[1, 1, 1, 1, 1, 1, 1, 1, 1, 1]",71.54,65.56,79.16,53.34,1032562.1
CACC,574.08,8,"[0, 1, 1, 1, 1, 1, 1, 1, 1, 0]",587.35,501.66,657.2,411.04,144542.3
ZGN,14.32,10,"[1, 1, 1, 1, 1, 1, 1, 1, 1, 1]",13.67,11.27,14.76,7.63,1338048.05
MATX,210.57,10,"[1, 1, 1, 1, 1, 1, 1, 1, 1, 1]",196.49,153.85,223.55,87.4,350688.05
MCY,107.28,10,"[1, 1, 1, 1, 1, 1, 1, 1, 1, 1]",103.5,92.56,111.12,67.07,313260.5
ALM,13.34,5,"[0, 0, 0, 1, 1, 1, 1, 0, 1, 0]",16.97,13.76,23.42,3.42,6273066.2
BGC,11.65,9,"[1, 1, 1, 1, 1, 1, 1, 1, 1, 0]",11.19,9.91,12.65,8.26,3219217.05
AUB,42.23,10,"[1, 1, 1, 1, 1, 1, 1, 1, 1, 1]",39.79,36.71,43.25,30.03,1461771.1
GTX,31.51,8,"[0, 1, 1, 1, 1, 1, 1, 1, 1, 0]",32.65,21.77,36.23,12.27,2621325.75
MRCY,103.27,8,"[0, 1, 1, 1, 1, 1, 1, 1, 1, 0]",107.07,87.33,126.21,51.88,778225.8
VSEC,195.42,6,"[0, 0, 1, 0, 1, 1, 1, 1, 1, 0]",196.29,190.67,237.9,136.39,531420.55
TEO,13.67,10,"[1, 1, 1, 1, 1, 1, 1, 1, 1, 1]",13.32,11.88,15.98,6.52,260509.65
LBRT,17.36,5,"[0, 0, 0, 1, 1, 1, 1, 0, 1, 0]",27.51,24.04,33.83,9.91,4638272.75
XENE,65.42,10,"[1, 1, 1, 1, 1, 1, 1, 1, 1, 1]",58.26,49.53,70.96,30.3,1794566.95
SNDR,37.61,10,"[1, 1, 1, 1, 1, 1, 1, 1, 1, 1]",35.97,28.68,38.66,20.04,934006.95
KLIC,101.33,8,"[0, 1, 1, 1, 1, 1, 1, 1, 1, 0]",110.1,71.46,133.81,31.65,1089333.25
SEI,54.03,5,"[0, 0, 0, 1, 1, 1, 1, 0, 1, 0]",71.59,58.61,82.88,24.67,3173688.05
GOLF,104.66,9,"[1, 1, 1, 1, 1, 1, 1, 1, 1, 0]",101.47,92.19,118.53,73.29,335013.1
BEPC,33.53,3,"[0, 0, 0, 0, 0, 1, 0, 1, 1, 0]",36.67,38.97,43.52,31.72,1533609.6
VCTR,97.2,10,"[1, 1, 1, 1, 1, 1, 1, 1, 1, 1]",88.42,72.6,100.58,59.52,515779.6
BC,79.92,8,"[0, 1, 1, 1, 1, 1, 1, 1, 1, 0]",80.76,76.0,88.28,55.31,668314.2
MUR,38.95,10,"[1, 1, 1, 1, 1, 1, 1, 1, 1, 1]",36.56,33.8,42.37,21.48,1687047.9
MGY,25.33,5,"[0, 0, 0, 1, 1, 1, 0, 1, 1, 0]",27.15,25.83,32.17,20.99,6492688.75
CRSP,46.54,1,"[0, 0, 0, 0, 0, 0, 0, 0, 1, 0]",52.4,54.67,76.78,44.34,1799243.25
PACS,46.85,10,"[1, 1, 1, 1, 1, 1, 1, 1, 1, 1]",40.0,32.9,46.85,7.71,974275.6
HASI,38.37,8,"[0, 1, 1, 1, 1, 1, 1, 1, 1, 0]",38.77,35.24,42.83,23.22,913481.3
ATAT,31.95,3,"[0, 0, 0, 0, 0, 0, 0, 1, 1, 1]",33.18,36.55,42.21,31.03,875267.65
CRC,53.47,3,"[0, 0, 0, 0, 1, 0, 0, 1, 1, 0]",56.31,54.39,69.66,42.98,790278.25
LEGN,22.22,3,"[0, 0, 0, 1, 0, 0, 1, 0, 1, 0]",28.83,24.87,43.36,16.65,1923826.5
PRM,33.73,8,"[0, 1, 1, 1, 1, 1, 1, 1, 1, 0]",33.75,28.0,37.78,15.64,1746605.55
IFS,59.73,10,"[1, 1, 1, 1, 1, 1, 1, 1, 1, 1]",54.15,46.02,60.68,34.31,180238.3
CROX,134.72,10,"[1, 1, 1, 1, 1, 1, 1, 1, 1, 1]",121.69,96.22,138.91,73.39,967435.65
CAR,159.48,6,"[0, 0, 1, 1, 1, 1, 1, 0, 1, 0]",166.42,158.01,713.97,87.69,579582.35
M,23.38,9,"[1, 1, 1, 1, 1, 1, 1, 1, 1, 0]",22.69,20.55,25.96,11.47,4875230.15
AVAL,4.78,8,"[0, 1, 1, 1, 1, 1, 1, 1, 1, 0]",4.91,4.37,5.73,2.72,142949.8
KNF,78.06,5,"[0, 0, 0, 0, 1, 1, 1, 1, 1, 0]",79.88,78.09,94.57,59.93,466595.45
DIOD,87.11,7,"[0, 1, 1, 1, 1, 1, 1, 0, 1, 0]",102.25,73.8,122.76,42.36,596125.6
SON,58.23,10,"[1, 1, 1, 1, 1, 1, 1, 1, 1, 1]",51.91,48.1,58.23,38.0,1206824.1
WSC,26.5,8,"[0, 1, 1, 1, 1, 1, 1, 1, 1, 0]",26.58,21.91,31.26,14.84,2007531.95
RELY,22.53,10,"[1, 1, 1, 1, 1, 1, 1, 1, 1, 1]",21.72,17.21,25.23,12.2,3131212.4
SXT,126.79,10,"[1, 1, 1, 1, 1, 1, 1, 1, 1, 1]",116.63,100.83,126.79,82.67,665410.85
ALH,25.65,6,"[1, 1, 0, 1, 0, 0, 1, 1, 1, 0]",25.45,25.65,26.93,19.06,586202.15
ACLS,134.1,7,"[0, 1, 1, 1, 1, 1, 1, 0, 1, 0]",156.93,110.01,191.6,67.69,582799.4
LB,76.33,10,"[1, 1, 1, 1, 1, 1, 1, 1, 1, 1]",72.08,64.52,85.14,44.06,332744.95
STVN,19.68,7,"[1, 1, 1, 1, 0, 0, 1, 0, 1, 1]",18.31,18.8,27.51,13.38,283134.35
BMA,89.11,9,"[1, 1, 1, 1, 1, 1, 1, 1, 1, 0]",88.07,80.44,101.13,37.79,225776.65
GBTG,9.41,9,"[1, 1, 1, 1, 0, 1, 1, 1, 1, 1]",9.39,7.53,9.51,4.97,1794625.15
TDS,34.37,2,"[0, 0, 0, 0, 1, 0, 0, 0, 1, 0]",37.88,41.03,47.5,33.39,1179342.3
NOVT,141.54,8,"[0, 1, 1, 1, 1, 1, 1, 1, 1, 0]",155.38,132.0,168.59,99.22,539439.8
MARA,12.12,5,"[0, 1, 1, 1, 0, 0, 1, 0, 1, 0]",13.26,12.02,22.84,6.73,50256829.65
ACHR,4.77,1,"[0, 0, 0, 0, 0, 0, 0, 0, 1, 0]",5.49,7.18,13.64,4.44,35006026.35
PSMT,186.24,9,"[1, 1, 1, 1, 1, 1, 1, 1, 1, 0]",180.26,148.72,197.9,106.06,344477.65
SYNA,113.0,8,"[0, 1, 1, 1, 1, 1, 1, 1, 1, 0]",129.21,91.09,147.57,58.52,1428939.05
OPEN,3.84,2,"[0, 0, 0, 0, 0, 0, 1, 0, 1, 0]",4.58,5.69,10.52,1.84,94304993.25
PBF,61.63,10,"[1, 1, 1, 1, 1, 1, 1, 1, 1, 1]",46.63,38.49,66.05,20.96,3138659.9
INDV,40.53,9,"[1, 1, 1, 1, 1, 1, 1, 1, 1, 0]",38.82,34.06,41.83,17.09,1798249.95
ENPH,36.7,5,"[0, 0, 0, 1, 1, 1, 1, 0, 1, 0]",51.12,40.0,72.33,26.12,5170949.05
KC,9.47,3,"[0, 0, 0, 0, 1, 0, 0, 0, 1, 1]",11.32,12.73,18.21,8.58,1369750.95
MIAX,42.78,6,"[0, 0, 0, 1, 0, 1, 1, 1, 1, 1]",43.38,43.44,56.84,30.74,1977270.8
TGS,30.48,8,"[1, 0, 1, 0, 1, 1, 1, 1, 1, 1]",30.38,30.16,35.32,20.12,227228.4
DNTH,103.87,10,"[1, 1, 1, 1, 1, 1, 1, 1, 1, 1]",90.6,64.86,105.72,18.76,1260499.95
SPHR,136.26,8,"[0, 1, 1, 1, 1, 1, 1, 1, 1, 0]",145.83,110.68,173.03,38.7,669611.3
MDU,21.25,8,"[0, 1, 1, 1, 1, 1, 1, 1, 1, 0]",21.27,20.5,22.65,15.53,1464455.0
EBC,22.92,10,"[1, 1, 1, 1, 1, 1, 1, 1, 1, 1]",21.04,19.58,23.46,14.6,2637375.25
HRB,40.83,8,"[1, 1, 1, 1, 0, 0, 1, 1, 1, 1]",38.23,38.07,53.53,27.66,1876279.75
NAVN,23.2,7,"[1, 1, 0, 1, 0, 0, 1, 1, 1, 1]",22.35,23.2,27.73,8.51,4858996.4
AIR,129.05,9,"[1, 1, 1, 1, 1, 1, 1, 1, 1, 0]",125.43,105.73,143.61,71.73,590179.35
VSH,38.21,7,"[0, 1, 1, 1, 1, 1, 1, 0, 1, 0]",49.52,26.21,64.9,11.65,7063240.1
PI,127.55,3,"[0, 0, 0, 1, 0, 0, 1, 0, 1, 0]",138.12,146.24,241.91,91.34,346561.9
MEOH,55.86,10,"[1, 1, 1, 1, 1, 1, 1, 1, 1, 1]",55.23,48.83,65.5,31.93,1003426.85
NTSK,11.53,4,"[1, 0, 0, 0, 0, 0, 1, 0, 1, 1]",11.15,14.24,25.79,7.73,4962222.95
QS,4.89,1,"[0, 0, 0, 0, 0, 0, 0, 0, 1, 0]",7.37,9.51,18.44,4.89,26727573.0
CVLT,142.31,7,"[1, 1, 1, 1, 0, 0, 1, 0, 1, 1]",129.29,116.15,195.41,75.18,698671.15
CSTM,29.05,8,"[0, 1, 1, 1, 1, 1, 1, 1, 1, 0]",32.18,24.76,36.15,13.08,1916458.65
LAUR,37.0,10,"[1, 1, 1, 1, 1, 1, 1, 1, 1, 1]",35.8,33.41,40.46,22.6,1260056.9
PAM,86.26,9,"[1, 1, 1, 0, 1, 1, 1, 1, 1, 1]",83.39,82.84,92.27,56.55,149190.3
PAGP,26.45,10,"[1, 1, 1, 1, 1, 1, 1, 1, 1, 1]",24.69,21.23,26.51,15.88,1162307.6
CVSA,115.84,6,"[0, 1, 1, 1, 1, 0, 0, 1, 1, 0]",123.91,114.1,154.45,89.36,386078.55
ATMU,53.56,6,"[1, 0, 0, 0, 1, 1, 1, 1, 1, 0]",50.22,53.75,65.5,37.33,720259.6
FTDR,71.49,9,"[1, 1, 1, 1, 1, 1, 1, 1, 1, 0]",69.36,61.88,79.07,49.1,648558.65
MMYT,49.23,3,"[1, 0, 0, 0, 0, 0, 1, 0, 1, 0]",48.87,60.85,103.21,36.3,996229.7
INSW,92.28,10,"[1, 1, 1, 1, 1, 1, 1, 1, 1, 1]",81.94,62.87,92.28,35.37,589678.15
HCC,80.07,4,"[0, 0, 0, 0, 1, 1, 1, 0, 1, 0]",88.1,84.99,110.28,50.48,711935.45
NAMS,29.64,4,"[0, 0, 0, 1, 0, 1, 1, 0, 1, 0]",33.0,34.0,41.45,21.28,999886.5
KNSA,62.84,10,"[1, 1, 1, 1, 1, 1, 1, 1, 1, 1]",56.9,47.04,67.29,26.33,987524.4
SHC,17.35,10,"[1, 1, 1, 1, 1, 1, 1, 1, 1, 1]",16.59,16.43,19.35,11.06,2953096.8
TBBB,40.22,9,"[1, 1, 1, 1, 1, 1, 1, 1, 1, 0]",39.82,35.05,42.58,24.12,584986.25
HRI,162.59,10,"[1, 1, 1, 1, 1, 1, 1, 1, 1, 1]",142.56,136.35,179.36,90.58,538073.65
NWE,72.86,10,"[1, 1, 1, 1, 1, 1, 1, 1, 1, 1]",70.79,66.8,73.42,50.02,450323.9
FLNC,13.44,4,"[0, 0, 0, 1, 0, 1, 1, 0, 1, 0]",19.93,18.96,32.23,6.75,8173083.85
LGND,300.53,10,"[1, 1, 1, 1, 1, 1, 1, 1, 1, 1]",268.52,217.45,322.61,131.58,421691.15
IPGP,91.7,4,"[0, 0, 0, 1, 1, 1, 0, 0, 1, 0]",109.96,101.94,153.91,71.6,386815.05
CBT,90.15,9,"[1, 1, 1, 1, 1, 1, 1, 1, 1, 0]",86.55,74.17,93.4,57.64,534565.9
GTLB,31.28,6,"[1, 1, 0, 1, 0, 0, 1, 0, 1, 1]",29.45,32.45,51.04,19.42,4218723.9
BCO,122.0,7,"[1, 1, 1, 0, 0, 0, 1, 1, 1, 1]",104.73,112.29,135.25,84.62,587787.3
HAFN,7.65,10,"[1, 1, 1, 1, 1, 1, 1, 1, 1, 1]",7.51,6.56,9.11,4.7,1549018.25
WIX,51.41,3,"[1, 0, 0, 0, 0, 0, 0, 0, 1, 1]",50.1,84.64,184.24,40.43,1174380.3
AZZ,149.9,9,"[1, 1, 1, 1, 1, 1, 1, 1, 1, 0]",146.07,125.8,159.9,97.18,377179.25
ONDS,7.8,5,"[0, 0, 0, 0, 1, 1, 1, 0, 1, 1]",9.07,9.39,14.01,1.82,114483947.3
UNF,294.34,10,"[1, 1, 1, 1, 1, 1, 1, 1, 1, 1]",270.0,225.39,294.34,149.3,165543.6
IRDM,45.78,9,"[0, 1, 1, 1, 1, 1, 1, 1, 1, 1]",47.56,29.42,55.72,15.57,2835765.65
STNG,79.49,10,"[1, 1, 1, 1, 1, 1, 1, 1, 1, 1]",77.36,67.84,86.1,43.17,805067.95
TCBI,99.25,7,"[0, 1, 1, 1, 1, 1, 0, 1, 1, 0]",101.01,95.86,107.74,76.93,578199.05
TPC,86.77,9,"[1, 1, 1, 0, 1, 1, 1, 1, 1, 1]",77.42,74.71,97.23,45.54,1085194.25
ENVA,237.27,10,"[1, 1, 1, 1, 1, 1, 1, 1, 1, 1]",199.45,157.92,242.18,100.56,440813.4
PLUG,2.09,4,"[0, 0, 0, 1, 0, 1, 1, 0, 1, 0]",2.94,2.6,4.14,1.4,48825368.45
HNGE,74.31,9,"[1, 1, 1, 1, 1, 1, 1, 1, 1, 0]",70.66,51.17,90.0,31.17,2162077.45
WHD,55.12,9,"[0, 1, 1, 1, 1, 1, 1, 1, 1, 1]",55.99,50.25,62.59,33.12,813884.75
PTEN,10.2,9,"[0, 1, 1, 1, 1, 1, 1, 1, 1, 1]",10.7,8.58,12.74,5.0,9688346.4
SMR,8.09,1,"[0, 0, 0, 0, 0, 0, 0, 0, 1, 0]",10.26,17.24,53.43,7.64,28556985.5
CMBT,15.74,10,"[1, 1, 1, 1, 1, 1, 1, 1, 1, 1]",15.09,12.03,16.55,7.49,969853.7
CNO,53.23,10,"[1, 1, 1, 1, 1, 1, 1, 1, 1, 1]",50.07,43.62,53.59,34.91,852530.35
BETA,18.21,5,"[1, 0, 0, 0, 1, 0, 1, 0, 1, 1]",17.1,18.21,36.8,13.59,1342953.5
CNR,83.2,4,"[0, 0, 0, 0, 1, 1, 0, 0, 1, 1]",85.67,88.92,113.11,69.02,559042.65
BLLN,126.08,7,"[1, 1, 0, 1, 0, 0, 1, 1, 1, 1]",107.41,126.08,132.53,64.03,642576.85
ZETA,19.13,9,"[0, 1, 1, 1, 1, 1, 1, 1, 1, 1]",20.36,18.79,25.25,14.55,7957066.3
NVTS,10.92,5,"[0, 0, 0, 1, 1, 1, 1, 0, 1, 0]",19.94,12.76,31.79,5.54,15298139.0
FHI,57.92,9,"[1, 1, 1, 1, 1, 1, 0, 1, 1, 1]",57.08,53.94,60.04,46.35,577736.3
COLD,14.32,8,"[0, 1, 1, 1, 1, 1, 1, 1, 1, 0]",14.92,12.7,16.25,9.61,4649341.6
LMND,60.14,4,"[0, 0, 0, 0, 0, 1, 1, 0, 1, 1]",60.74,65.49,96.57,36.28,1472811.25
AMRX,17.92,10,"[1, 1, 1, 1, 1, 1, 1, 1, 1, 1]",15.41,13.27,18.1,7.82,2198148.6
LPL,3.17,2,"[0, 0, 0, 1, 0, 0, 0, 0, 1, 0]",4.31,4.4,5.76,3.17,3207683.7
TREX,43.43,6,"[0, 1, 1, 1, 1, 0, 1, 0, 1, 0]",43.85,40.88,68.49,30.13,2014146.85
DOO,60.34,2,"[1, 0, 0, 0, 0, 0, 0, 0, 1, 0]",59.03,66.21,81.22,48.82,215096.75
MTRN,241.02,8,"[0, 1, 1, 1, 1, 1, 1, 1, 1, 0]",243.14,167.58,297.39,91.69,352384.85
XMTR,86.31,8,"[0, 1, 1, 1, 1, 1, 1, 1, 1, 0]",91.07,63.45,104.85,30.97,950868.3
NP,30.24,9,"[1, 1, 1, 1, 1, 0, 1, 1, 1, 1]",28.99,26.01,34.06,17.14,1041983.0
LASR,70.02,10,"[1, 1, 1, 1, 1, 1, 1, 1, 1, 1]",69.96,54.04,84.95,19.34,1376523.8
CAAP,25.17,5,"[0, 0, 0, 0, 1, 1, 1, 1, 1, 0]",25.53,25.18,30.35,17.49,203827.45
TNL,74.05,9,"[1, 1, 1, 1, 1, 1, 1, 1, 1, 0]",71.7,68.91,78.1,56.09,788997.65
PVH,80.41,7,"[0, 1, 1, 1, 0, 0, 1, 1, 1, 1]",80.87,76.47,98.77,60.85,906180.8
LBTYA,9.69,2,"[0, 0, 0, 0, 1, 0, 0, 0, 1, 0]",11.39,11.47,13.03,9.69,2221635.9
CRGY,11.27,10,"[1, 1, 1, 1, 1, 1, 1, 1, 1, 1]",11.15,10.34,13.79,7.6,6195629.1
COCO,65.97,8,"[0, 1, 1, 1, 1, 1, 1, 1, 1, 0]",75.4,57.76,84.02,32.3,1395361.65
POWI,63.46,7,"[0, 1, 1, 1, 1, 1, 1, 0, 1, 0]",76.23,53.52,87.35,30.52,840118.35
LEU,163.89,1,"[0, 0, 0, 0, 0, 0, 0, 0, 1, 0]",171.27,235.17,436.0,146.61,844086.95
ANDG,42.82,7,"[1, 1, 0, 1, 0, 0, 1, 1, 1, 1]",38.61,42.82,44.45,18.34,426727.65
KTB,83.54,9,"[1, 1, 1, 1, 0, 1, 1, 1, 1, 1]",77.09,71.11,88.17,53.29,836122.8
MRX,65.56,10,"[1, 1, 1, 1, 1, 1, 1, 1, 1, 1]",60.65,44.73,70.29,27.92,921500.7
ARIS,14.66,4,"[0, 0, 0, 0, 1, 1, 1, 0, 1, 0]",15.98,16.31,22.68,6.74,1479830.65
DLO,14.49,8,"[1, 1, 1, 0, 0, 1, 1, 1, 1, 1]",12.93,13.21,15.57,9.84,3273809.25
GFF,90.62,9,"[1, 1, 1, 1, 1, 1, 1, 1, 1, 0]",89.55,81.45,97.53,66.26,338509.4
TDW,78.54,10,"[1, 1, 1, 1, 1, 1, 1, 1, 1, 1]",73.95,67.9,91.12,47.29,746467.7
OPLN,39.32,9,"[1, 1, 1, 1, 1, 1, 1, 1, 1, 0]",38.35,31.13,42.9,24.17,1121011.65
KAI,312.36,6,"[1, 0, 1, 0, 1, 1, 0, 1, 1, 0]",306.83,304.68,356.98,246.63,132265.05
BBWI,19.9,3,"[1, 0, 0, 0, 0, 0, 1, 0, 1, 0]",19.62,20.49,30.86,14.56,5250920.0
TVTX,57.36,9,"[1, 1, 1, 1, 1, 1, 1, 1, 1, 0]",51.78,37.6,59.03,15.32,1521802.75
CRNX,83.73,10,"[1, 1, 1, 1, 1, 1, 1, 1, 1, 1]",49.33,45.04,83.91,26.85,8658679.55
LIVN,78.19,9,"[1, 1, 1, 1, 1, 1, 1, 1, 1, 0]",77.87,65.73,84.03,41.13,658382.95
NVST,26.33,8,"[1, 1, 1, 0, 1, 1, 1, 1, 1, 0]",25.08,24.14,30.26,18.89,2553912.75
ACMR,84.32,7,"[0, 1, 1, 1, 1, 1, 1, 0, 1, 0]",90.22,57.22,126.89,23.92,1405427.5
UCTT,92.75,7,"[0, 1, 1, 1, 1, 1, 1, 0, 1, 0]",99.41,59.48,142.59,21.63,1563818.2
HGV,48.89,8,"[0, 1, 1, 1, 1, 1, 1, 1, 1, 0]",50.3,45.61,54.69,36.99,1125196.55
PII,73.04,9,"[1, 1, 1, 1, 0, 1, 1, 1, 1, 1]",68.33,63.77,74.19,47.4,821621.75
SKE,27.11,6,"[0, 0, 1, 0, 1, 1, 1, 0, 1, 1]",28.07,26.92,38.12,13.98,659670.55
EE,38.63,10,"[1, 1, 1, 1, 1, 1, 1, 1, 1, 1]",36.16,32.96,42.7,22.84,316688.75
ORKA,92.16,10,"[1, 1, 1, 1, 1, 1, 1, 1, 1, 1]",74.8,47.29,95.17,13.05,1488051.25
RNG,48.31,10,"[1, 1, 1, 1, 1, 1, 1, 1, 1, 1]",40.38,34.3,49.02,23.54,2149070.95
CATY,62.92,10,"[1, 1, 1, 1, 1, 1, 1, 1, 1, 1]",59.76,52.19,63.72,43.56,602056.15
ACAD,24.84,8,"[1, 1, 1, 0, 1, 1, 0, 1, 1, 1]",23.17,23.5,28.06,20.06,1775538.1
DAN,27.07,4,"[0, 0, 0, 0, 1, 1, 1, 0, 1, 0]",30.59,28.63,38.79,15.11,1726980.6
EWTX,40.84,9,"[1, 1, 1, 1, 1, 1, 1, 1, 1, 0]",37.51,29.09,48.35,12.68,1163221.05
TAC,13.72,7,"[1, 1, 1, 1, 0, 1, 0, 1, 1, 0]",13.58,13.67,17.66,11.78,1379432.8
SOUN,6.16,1,"[0, 0, 0, 0, 0, 0, 0, 0, 1, 0]",7.24,9.84,21.4,5.9,31786548.25
JOE,62.12,5,"[0, 0, 0, 0, 1, 1, 1, 1, 1, 0]",63.24,62.66,72.44,46.54,289155.75
HP,35.34,9,"[0, 1, 1, 1, 1, 1, 1, 1, 1, 1]",36.22,32.58,41.53,14.86,1195682.8
INDB,85.12,10,"[1, 1, 1, 1, 1, 1, 1, 1, 1, 1]",81.33,75.97,87.17,60.08,447582.25
FG,29.65,8,"[1, 1, 1, 1, 0, 0, 1, 1, 1, 1]",28.22,27.9,34.32,20.28,610188.6
BB,8.54,7,"[0, 1, 1, 1, 1, 1, 1, 0, 1, 0]",9.31,5.43,12.81,3.15,27928228.55
PPTA,17.84,3,"[0, 0, 0, 0, 1, 1, 0, 0, 1, 0]",22.83,26.68,37.22,14.95,1149906.3
LRN,86.88,5,"[0, 1, 0, 1, 0, 0, 1, 0, 1, 1]",89.78,86.9,169.81,61.02,712552.85
BULL,7.49,6,"[1, 1, 0, 1, 0, 0, 1, 0, 1, 1]",6.87,7.55,16.05,4.63,9900285.25
BELFB,272.8,8,"[0, 1, 1, 1, 1, 1, 1, 1, 1, 0]",279.52,217.82,332.96,119.67,334625.0
WSFS,79.84,10,"[1, 1, 1, 1, 1, 1, 1, 1, 1, 1]",74.81,64.32,80.23,49.92,548423.8
LQDA,86.22,10,"[1, 1, 1, 1, 1, 1, 1, 1, 1, 1]",70.49,43.39,89.03,17.68,1632039.05
ALHC,19.43,7,"[1, 0, 1, 0, 1, 1, 1, 1, 1, 0]",19.34,19.31,24.56,11.76,4722227.05
AAUC,20.86,4,"[0, 0, 0, 0, 1, 1, 1, 0, 1, 0]",24.74,25.67,32.01,11.58,532387.0
CGAU,16.19,7,"[0, 0, 1, 0, 1, 1, 1, 1, 1, 1]",16.38,15.93,20.91,6.76,1304732.55
OII,52.73,10,"[1, 1, 1, 1, 1, 1, 1, 1, 1, 1]",39.84,32.43,52.73,21.17,1375747.5
VKTX,34.79,8,"[1, 1, 1, 1, 0, 1, 1, 1, 1, 0]",33.69,33.79,42.13,23.09,2361126.05
CLSK,14.52,6,"[0, 1, 1, 1, 0, 1, 1, 0, 1, 0]",15.33,13.28,23.2,8.18,23084555.0
SII,102.84,4,"[0, 0, 0, 0, 1, 1, 1, 0, 1, 0]",118.44,116.89,165.88,62.19,180686.65
VECO,51.66,7,"[0, 1, 1, 1, 1, 1, 1, 0, 1, 0]",62.48,40.99,83.04,19.94,1356209.5
RUM,5.71,2,"[0, 0, 0, 1, 0, 0, 0, 0, 1, 0]",7.14,6.51,9.75,4.67,2632379.3
WRBY,24.56,7,"[0, 0, 1, 1, 1, 1, 1, 1, 1, 0]",26.44,23.98,30.34,16.49,2685370.7
TLX,10.22,6,"[0, 1, 1, 1, 0, 1, 1, 0, 1, 0]",10.35,9.3,14.2,6.41,159377.15
RXO,25.63,8,"[0, 1, 1, 1, 1, 1, 1, 1, 1, 0]",26.14,18.06,29.3,10.48,1668350.8
BTE,4.32,9,"[0, 1, 1, 1, 1, 1, 1, 1, 1, 1]",4.47,3.73,5.3,1.96,18026848.0
LION,13.34,8,"[0, 1, 1, 1, 1, 1, 1, 1, 1, 0]",14.04,10.14,16.4,5.77,2858379.2
TWST,90.27,9,"[1, 1, 1, 1, 1, 1, 1, 1, 1, 0]",79.75,51.15,102.88,24.16,1538016.4
FIBK,38.12,9,"[1, 1, 1, 1, 1, 1, 1, 1, 1, 0]",37.0,34.47,40.22,26.87,1227040.0
BFH,104.31,9,"[1, 1, 1, 1, 1, 1, 1, 1, 1, 0]",96.59,78.48,108.73,53.59,691054.65
BHF,63.22,9,"[0, 1, 1, 1, 1, 1, 1, 1, 1, 1]",63.44,61.58,66.61,43.36,533839.75
SLG,54.61,8,"[1, 1, 1, 1, 0, 0, 1, 1, 1, 1]",48.18,44.45,62.85,34.32,1230213.65
HYMC,20.22,4,"[0, 0, 0, 0, 1, 1, 1, 0, 1, 0]",26.51,27.46,55.74,3.26,2036942.7
OGN,13.52,10,"[1, 1, 1, 1, 1, 1, 1, 1, 1, 1]",13.45,9.44,13.56,5.69,2606963.1
SIG,91.29,6,"[1, 1, 1, 0, 0, 0, 0, 1, 1, 1]",85.16,90.15,105.59,73.94,777287.05
GNW,9.92,9,"[1, 1, 1, 1, 1, 1, 0, 1, 1, 1]",9.22,8.78,10.13,7.85,3166757.1
HWKN,139.03,4,"[0, 0, 0, 1, 1, 0, 0, 1, 1, 0]",150.75,148.69,183.81,119.87,207492.45
CTRI,27.67,4,"[0, 0, 0, 0, 1, 1, 1, 0, 1, 0]",29.34,27.94,41.8,19.37,1608548.15
RUN,9.94,1,"[0, 0, 0, 0, 0, 0, 0, 0, 1, 0]",13.24,16.04,21.41,9.07,10310724.0
ASO,46.58,3,"[0, 0, 0, 0, 1, 0, 0, 1, 1, 0]",49.47,52.41,60.83,41.39,1433481.6
HSAI,14.6,2,"[0, 0, 0, 0, 1, 0, 0, 0, 1, 0]",17.97,21.83,29.8,14.6,1865590.3
ATS,26.42,3,"[0, 0, 0, 0, 1, 1, 0, 0, 1, 0]",28.88,29.05,35.38,24.24,143926.3
CC,17.22,5,"[0, 0, 0, 1, 1, 1, 1, 0, 1, 0]",20.58,17.64,27.84,10.39,2632653.1
BKU,46.47,8,"[0, 1, 1, 1, 1, 1, 1, 1, 1, 0]",47.33,44.81,50.23,34.63,1237904.75
TRMD,30.28,10,"[1, 1, 1, 1, 1, 1, 1, 1, 1, 1]",29.16,25.1,34.08,16.74,602220.25
SUNC,76.29,7,"[1, 1, 0, 1, 0, 0, 1, 1, 1, 1]",68.84,76.29,76.29,46.46,393473.5
MANU,22.67,10,"[1, 1, 1, 1, 1, 1, 1, 1, 1, 1]",21.77,18.09,23.53,15.1,229029.6
AAP,55.8,7,"[0, 1, 1, 1, 1, 0, 1, 1, 1, 0]",56.45,51.94,62.91,38.18,1824256.75
AVNT,37.6,9,"[1, 1, 1, 0, 1, 1, 1, 1, 1, 1]",35.87,34.48,42.61,26.82,928896.95
CVI,33.45,8,"[1, 1, 1, 1, 0, 0, 1, 1, 1, 1]",31.61,30.52,39.89,20.66,912536.1
SA,25.98,5,"[0, 0, 0, 0, 1, 1, 1, 0, 1, 1]",28.38,29.18,39.35,15.19,535596.1
AMBA,68.06,5,"[0, 1, 0, 1, 0, 0, 1, 0, 1, 1]",73.6,70.67,95.51,48.65,2001445.95
APLE,16.77,9,"[1, 1, 1, 1, 1, 1, 1, 1, 1, 0]",15.82,12.73,17.07,10.63,2783798.3
CHEF,94.86,10,"[1, 1, 1, 1, 1, 1, 1, 1, 1, 1]",88.8,69.86,102.36,54.6,537008.45
BEAM,25.1,5,"[0, 0, 0, 1, 1, 1, 1, 0, 1, 0]",30.99,28.11,37.92,16.01,2636528.95
CWK,12.72,1,"[0, 0, 0, 0, 0, 0, 0, 0, 1, 0]",13.15,14.43,17.2,11.8,2491080.0
TNGX,26.63,8,"[0, 1, 1, 1, 1, 1, 1, 1, 1, 0]",26.95,16.98,32.9,6.04,3434705.75
EFXT,22.76,8,"[0, 1, 1, 1, 1, 1, 1, 1, 1, 0]",24.88,19.56,28.36,7.76,368779.85
DAVE,402.81,10,"[1, 1, 1, 1, 1, 1, 1, 1, 1, 1]",324.04,239.4,442.53,155.92,534134.0
FSM,8.55,4,"[0, 0, 0, 0, 1, 0, 1, 0, 1, 1]",8.95,9.73,13.66,6.22,4697880.05
VRNS,45.74,7,"[1, 1, 1, 1, 0, 0, 1, 0, 1, 1]",37.49,33.49,63.31,20.19,2040150.15
NATL,47.75,10,"[1, 1, 1, 1, 1, 1, 1, 1, 1, 1]",44.85,41.48,48.13,26.98,701610.2
ADEA,25.95,8,"[0, 1, 1, 1, 1, 1, 1, 1, 1, 0]",29.37,22.04,33.57,11.64,1545171.25
BTDR,11.56,3,"[0, 0, 0, 1, 0, 0, 1, 0, 1, 0]",15.27,13.51,25.9,7.28,8798035.5
BATRK,50.28,8,"[0, 1, 1, 1, 1, 1, 1, 1, 1, 0]",50.82,44.1,52.87,38.04,576366.35
SEZL,153.89,9,"[1, 1, 1, 1, 1, 1, 1, 1, 1, 0]",144.28,88.41,188.55,50.97,640158.6
BBAR,18.86,9,"[1, 1, 1, 1, 1, 1, 1, 1, 1, 0]",18.61,16.25,21.81,7.85,527321.85
PARR,77.39,10,"[1, 1, 1, 1, 1, 1, 1, 1, 1, 1]",60.95,50.12,80.4,27.09,963532.4
VCYT,56.61,9,"[1, 1, 1, 1, 1, 1, 1, 1, 1, 0]",51.83,41.39,60.49,23.51,1175965.45
COLM,62.32,7,"[0, 1, 1, 1, 1, 1, 0, 1, 1, 0]",63.55,57.71,67.79,48.18,516363.25
FFBC,33.87,10,"[1, 1, 1, 1, 1, 1, 1, 1, 1, 1]",32.36,28.04,36.18,22.64,1398552.7
FSLY,20.24,8,"[1, 1, 1, 0, 1, 1, 1, 0, 1, 1]",18.51,16.41,33.5,6.36,5111274.65
ZIM,24.9,8,"[0, 1, 1, 1, 1, 1, 1, 1, 1, 0]",25.01,22.4,28.55,12.03,1087961.15
RCUS,28.42,9,"[1, 1, 1, 1, 1, 1, 1, 1, 1, 0]",26.46,22.97,31.08,9.06,1220443.9
CALY,18.16,9,"[1, 1, 1, 1, 1, 1, 1, 1, 1, 0]",17.14,13.9,19.66,8.12,2000110.05
BOH,83.97,10,"[1, 1, 1, 1, 1, 1, 1, 1, 1, 1]",79.75,72.88,85.85,58.13,466905.75
UNFI,49.67,8,"[0, 1, 1, 1, 1, 1, 1, 1, 1, 0]",49.86,42.24,55.52,25.05,603084.15
SXI,303.65,9,"[1, 1, 1, 1, 1, 1, 1, 1, 1, 0]",298.53,259.24,357.67,163.8,203703.3
PLAB,30.33,4,"[0, 0, 0, 0, 1, 1, 1, 0, 1, 0]",34.73,34.42,54.96,19.69,1252805.65
ERAS,19.11,10,"[1, 1, 1, 1, 1, 1, 1, 1, 1, 1]",15.19,10.51,22.47,1.39,5831848.25
EXTR,29.49,9,"[1, 1, 1, 1, 1, 1, 1, 1, 1, 0]",29.32,20.13,33.71,13.74,2118580.5
YETI,50.38,10,"[1, 1, 1, 1, 1, 1, 1, 1, 1, 1]",47.88,42.69,51.76,31.86,1061343.9
CARG,33.37,5,"[1, 1, 0, 0, 0, 0, 0, 1, 1, 1]",31.15,33.76,39.03,26.96,1317390.4
MPT,4.84,5,"[1, 0, 0, 0, 0, 0, 1, 1, 1, 1]",4.77,4.93,5.8,3.71,5740130.35
DNLI,23.11,9,"[1, 1, 1, 1, 1, 1, 1, 1, 1, 0]",22.41,19.63,27.21,12.75,1999385.15
BKD,15.15,9,"[1, 1, 1, 1, 1, 1, 1, 1, 1, 0]",13.97,12.74,16.77,7.13,5434513.85
CON,31.61,10,"[1, 1, 1, 1, 1, 1, 1, 1, 1, 1]",28.39,23.07,31.91,18.56,1085213.35
ETOR,36.78,5,"[0, 1, 1, 1, 0, 0, 1, 0, 1, 0]",39.17,35.83,65.08,24.76,715029.65
LXP,60.81,10,"[1, 1, 1, 1, 1, 1, 1, 1, 1, 1]",53.75,48.94,61.15,36.6,866257.3
MSGE,76.26,9,"[1, 1, 1, 1, 1, 1, 1, 1, 1, 0]",73.77,60.09,80.95,36.33,515992.2
BWLP,21.83,10,"[1, 1, 1, 1, 1, 1, 1, 1, 1, 1]",19.92,15.72,21.91,11.16,359990.8
KYIV,13.4,7,"[0, 1, 1, 1, 0, 1, 1, 1, 1, 0]",14.38,12.89,16.17,9.33,688883.25
BHE,81.1,8,"[0, 1, 1, 1, 1, 1, 1, 1, 1, 0]",86.39,61.07,98.67,35.65,525957.95
CAKE,84.72,10,"[1, 1, 1, 1, 1, 1, 1, 1, 1, 1]",73.14,59.8,87.07,42.72,1457833.85
HG,36.16,10,"[1, 1, 1, 1, 1, 1, 1, 1, 1, 1]",32.47,28.34,36.16,19.76,548484.1
DHT,18.45,10,"[1, 1, 1, 1, 1, 1, 1, 1, 1, 1]",17.5,15.14,19.96,10.09,3265418.25
AEHR,76.32,7,"[0, 1, 1, 1, 1, 1, 1, 0, 1, 0]",93.17,51.87,116.58,16.84,3225951.05
OLN,23.2,5,"[0, 0, 0, 0, 1, 0, 1, 1, 1, 1]",23.53,23.53,29.93,17.63,3147884.35
SBLK,28.14,10,"[1, 1, 1, 1, 1, 1, 1, 1, 1, 1]",26.27,22.26,28.14,16.14,1205420.85
VC,103.75,5,"[0, 1, 1, 1, 0, 0, 0, 1, 1, 0]",110.83,102.53,127.5,84.18,692686.05
TTAM,17.15,8,"[1, 1, 1, 1, 1, 1, 0, 1, 1, 0]",16.86,16.42,19.32,13.53,225077.25
BKV,25.54,4,"[0, 0, 0, 0, 1, 1, 0, 1, 1, 0]",26.41,27.15,32.16,19.68,840138.15
HIMX,12.62,7,"[0, 1, 1, 1, 1, 1, 1, 0, 1, 0]",17.0,10.86,23.77,6.81,1953998.3
BANC,21.28,10,"[1, 1, 1, 1, 1, 1, 1, 1, 1, 1]",19.89,18.71,21.83,13.82,2864662.9
SBCF,33.49,8,"[1, 1, 1, 0, 1, 1, 0, 1, 1, 1]",31.6,31.38,34.66,26.77,1250511.95
KN,37.58,8,"[0, 1, 1, 1, 1, 1, 1, 1, 1, 0]",37.85,28.41,42.8,19.52,1159956.35
ALMS,28.0,10,"[1, 1, 1, 1, 1, 1, 1, 1, 1, 1]",24.51,19.4,30.3,3.88,1733714.35
SDRL,44.93,10,"[1, 1, 1, 1, 1, 1, 1, 1, 1, 1]",44.22,39.79,54.8,27.8,947196.25
CRVL,59.86,4,"[0, 1, 0, 1, 0, 0, 1, 0, 1, 0]",60.83,62.61,92.64,46.0,196996.55
ITGR,98.62,9,"[1, 1, 1, 1, 1, 0, 1, 1, 1, 1]",92.32,84.99,110.58,63.32,495689.5
SUPN,46.2,6,"[0, 0, 0, 0, 1, 1, 1, 1, 1, 1]",46.71,49.08,57.0,33.41,927476.6
XXI,4.52,1,"[0, 0, 0, 0, 0, 0, 0, 0, 1, 0]",6.03,9.46,29.75,4.52,1546153.5
LFST,10.9,10,"[1, 1, 1, 1, 1, 1, 1, 1, 1, 1]",9.25,7.28,11.58,3.79,4023834.65
TDC,28.52,6,"[0, 0, 0, 1, 1, 1, 1, 1, 1, 0]",32.83,29.0,37.88,20.11,3536612.85
NMRK,15.39,4,"[1, 0, 0, 0, 0, 0, 0, 1, 1, 1]",14.96,16.03,19.43,13.42,1374893.25
ERO,25.98,4,"[0, 0, 0, 0, 1, 1, 1, 0, 1, 0]",27.43,27.15,38.03,12.98,971399.2
JOYY,73.95,10,"[1, 1, 1, 1, 1, 1, 1, 1, 1, 1]",65.56,60.45,73.95,45.78,267911.35
EXK,7.82,4,"[0, 0, 0, 0, 1, 1, 1, 0, 1, 0]",8.64,9.57,14.12,4.96,5412719.9
SHOO,42.75,10,"[1, 1, 1, 1, 1, 1, 1, 1, 1, 1]",42.39,39.25,46.15,23.0,1139028.95
PHIN,78.39,8,"[0, 1, 1, 1, 1, 1, 1, 1, 1, 0]",79.05,67.88,85.16,48.64,358792.15
ARX,14.23,7,"[1, 1, 1, 1, 0, 0, 1, 0, 1, 1]",14.11,13.56,30.05,9.36,2131039.1
KALU,163.17,8,"[0, 1, 1, 1, 1, 1, 1, 1, 1, 0]",175.9,133.74,195.63,71.09,314828.7
DBRG,15.9,10,"[1, 1, 1, 1, 1, 1, 1, 1, 1, 1]",15.72,14.48,15.9,9.15,3372918.0
PAGS,9.2,5,"[1, 0, 0, 0, 1, 0, 0, 1, 1, 1]",9.04,9.68,11.72,7.57,3119524.65
CECO,75.63,8,"[0, 1, 1, 1, 1, 1, 1, 1, 1, 0]",85.24,67.11,99.67,34.63,776815.05
WT,19.45,10,"[1, 1, 1, 1, 1, 1, 1, 1, 1, 1]",18.72,15.41,20.69,10.69,2793567.95
PFS,23.89,10,"[1, 1, 1, 1, 1, 1, 1, 1, 1, 1]",22.98,20.99,24.55,17.08,1052042.5
TRN,37.41,10,"[1, 1, 1, 1, 1, 1, 1, 1, 1, 1]",34.34,30.48,37.41,22.4,752994.8
DYN,24.44,9,"[1, 1, 1, 1, 0, 1, 1, 1, 1, 1]",20.26,18.83,24.44,9.2,2803967.3
GEO,30.92,10,"[1, 1, 1, 1, 1, 1, 1, 1, 1, 1]",27.44,19.37,31.34,13.26,1915558.8
LCII,103.35,5,"[1, 0, 0, 0, 1, 1, 0, 0, 1, 1]",102.08,115.06,154.08,82.3,686788.55
TNK,75.81,10,"[1, 1, 1, 1, 1, 1, 1, 1, 1, 1]",72.71,65.85,81.69,41.3,358016.55
BTU,22.8,3,"[0, 0, 0, 0, 1, 0, 1, 0, 1, 0]",24.86,29.54,39.38,15.24,2439820.05
NTCT,40.0,8,"[0, 1, 1, 1, 1, 1, 1, 1, 1, 0]",41.19,32.21,44.84,20.77,650602.95
DK,63.2,10,"[1, 1, 1, 1, 1, 1, 1, 1, 1, 1]",50.2,40.19,67.19,19.43,1262888.9
PTRN,22.17,8,"[0, 1, 1, 1, 1, 0, 1, 1, 1, 1]",22.37,15.7,29.4,9.59,2543909.5
GRND,14.85,8,"[1, 1, 1, 1, 0, 0, 1, 1, 1, 1]",13.7,12.99,18.64,9.85,1749191.75
TXG,46.27,10,"[1, 1, 1, 1, 1, 1, 1, 1, 1, 1]",34.02,22.47,48.06,11.34,3312157.2
CLMT,41.69,10,"[1, 1, 1, 1, 1, 1, 1, 1, 1, 1]",36.15,27.52,44.17,13.23,1171817.1
AEO,17.0,4,"[1, 0, 0, 0, 1, 0, 1, 0, 1, 0]",16.86,19.38,27.66,10.45,4535565.0
INOD,55.89,3,"[0, 0, 0, 1, 0, 0, 1, 0, 1, 0]",85.7,62.71,121.5,34.45,1047957.55
GPCR,49.12,6,"[1, 0, 0, 0, 1, 1, 1, 0, 1, 1]",45.0,51.48,93.79,16.2,698322.4
IHS,8.23,8,"[0, 1, 1, 1, 1, 1, 1, 1, 1, 0]",8.25,7.77,8.73,6.16,868724.35
AYA,19.7,10,"[1, 1, 1, 1, 1, 1, 1, 1, 1, 1]",19.11,16.11,21.63,8.33,522019.05
SPNT,25.35,10,"[1, 1, 1, 1, 1, 1, 1, 1, 1, 1]",23.39,21.53,25.35,17.48,812703.35
KMT,35.23,7,"[1, 0, 1, 0, 1, 1, 1, 1, 1, 0]",34.49,32.84,43.04,19.42,951879.75
STUB,8.25,3,"[0, 0, 0, 1, 0, 0, 1, 0, 1, 0]",10.5,11.51,22.0,6.09,8155040.05
FA,19.64,10,"[1, 1, 1, 1, 1, 1, 1, 1, 1, 1]",17.57,14.16,22.35,8.95,1978418.25
NKTR,70.72,9,"[1, 1, 1, 1, 1, 1, 1, 0, 1, 1]",65.82,62.66,100.35,21.68,1220908.35
EOSE,3.47,1,"[0, 0, 0, 0, 0, 0, 0, 0, 1, 0]",6.33,10.15,19.19,3.47,26390172.15
UAA,7.03,9,"[1, 1, 1, 0, 1, 1, 1, 1, 1, 1]",6.1,5.78,8.14,4.17,9225207.3
UA,6.86,9,"[1, 1, 1, 0, 1, 1, 1, 1, 1, 1]",5.94,5.61,7.88,3.96,3740130.4
DBD,89.33,10,"[1, 1, 1, 1, 1, 1, 1, 1, 1, 1]",81.48,73.46,89.33,53.99,278226.05
BKE,42.47,2,"[0, 0, 0, 0, 0, 0, 0, 0, 1, 1]",44.26,49.64,56.63,41.12,555407.05
UNIT,10.82,8,"[0, 1, 1, 1, 1, 1, 1, 1, 1, 0]",11.3,8.75,12.75,5.36,2492752.4
ARCB,154.3,10,"[1, 1, 1, 1, 1, 1, 1, 1, 1, 1]",145.59,103.31,173.22,59.5,382514.25
NN,12.44,3,"[0, 0, 0, 1, 1, 0, 0, 0, 1, 0]",18.55,16.46,23.59,11.37,2358182.15
HOG,25.49,8,"[1, 1, 1, 1, 0, 0, 1, 1, 1, 1]",25.1,22.64,30.05,17.06,3239736.3
ATRO,69.85,8,"[0, 1, 1, 1, 1, 1, 1, 1, 1, 0]",71.71,56.2,87.15,23.95,707261.9
CLDX,35.28,10,"[1, 1, 1, 1, 1, 1, 1, 1, 1, 1]",33.54,29.4,39.93,20.01,1234808.8
VAC,94.39,9,"[1, 1, 1, 1, 1, 1, 1, 1, 1, 0]",90.99,68.55,103.04,43.9,417481.35
ARQT,27.35,8,"[1, 1, 1, 0, 0, 1, 1, 1, 1, 1]",24.65,25.13,31.2,14.12,1466253.0
GRAL,67.84,5,"[1, 0, 0, 0, 0, 1, 1, 0, 1, 1]",66.18,74.29,116.06,31.42,535084.5
VISN,11.8,8,"[0, 1, 1, 1, 1, 1, 1, 1, 1, 0]",12.24,9.79,12.88,3.8,6110683.55
TARS,58.66,3,"[0, 0, 0, 0, 0, 1, 1, 0, 1, 0]",61.57,68.93,82.51,38.82,1538179.65
NGVT,73.26,9,"[1, 1, 1, 1, 1, 1, 1, 1, 1, 0]",71.06,65.69,77.87,40.4,259428.05
AMSC,30.52,2,"[0, 0, 0, 1, 0, 0, 0, 0, 1, 0]",42.17,39.26,66.68,25.95,779080.85
WAFD,36.73,9,"[1, 1, 1, 1, 1, 1, 1, 1, 1, 0]",36.62,32.87,39.32,27.16,667952.65
HUN,12.8,9,"[0, 1, 1, 1, 1, 1, 1, 1, 1, 1]",12.98,11.59,15.89,7.27,5579726.1
HUBG,49.28,10,"[1, 1, 1, 1, 1, 1, 1, 1, 1, 1]",44.48,41.26,52.19,32.8,779616.8
TRMK,46.61,10,"[1, 1, 1, 1, 1, 1, 1, 1, 1, 1]",45.2,41.95,47.66,35.62,514857.65
IRON,74.12,8,"[1, 1, 0, 1, 0, 1, 1, 1, 1, 1]",71.64,74.63,94.11,55.95,662821.4
CUBI,76.52,8,"[1, 1, 1, 1, 1, 1, 0, 1, 1, 0]",76.21,72.83,81.21,60.52,360014.45
VERA,35.45,4,"[0, 0, 0, 0, 1, 1, 1, 0, 1, 0]",37.11,38.87,55.67,19.25,2573593.7
ICHR,86.55,9,"[1, 1, 1, 1, 1, 1, 1, 1, 1, 0]",84.04,47.63,112.28,14.06,1208416.9
RARE,26.9,5,"[0, 1, 0, 1, 0, 1, 1, 0, 1, 0]",27.31,27.15,36.54,18.5,2973678.8
KOD,41.41,10,"[1, 1, 1, 1, 1, 1, 1, 1, 1, 1]",37.09,29.66,46.44,6.58,800535.7
SAH,99.82,10,"[1, 1, 1, 1, 1, 1, 1, 1, 1, 1]",85.35,69.91,102.72,57.63,263889.1
DRD,20.94,3,"[0, 0, 0, 0, 1, 0, 1, 0, 1, 0]",23.38,28.7,38.8,13.21,348467.4
HE,13.5,6,"[1, 0, 0, 0, 1, 1, 0, 1, 1, 1]",13.43,13.66,17.08,10.69,1682597.55
IMNM,22.21,9,"[1, 1, 1, 0, 1, 1, 1, 1, 1, 1]",21.04,20.74,26.97,8.99,1488758.85
FRSH,10.27,7,"[1, 1, 1, 1, 0, 0, 1, 0, 1, 1]",9.71,10.02,14.19,6.88,23433019.75
NSIT,117.65,8,"[1, 1, 1, 1, 0, 0, 1, 1, 1, 1]",109.82,90.87,146.66,64.43,411962.65
HTFL,24.12,2,"[0, 0, 0, 1, 0, 0, 0, 0, 1, 0]",29.26,29.39,39.91,20.49,2014363.5
OSW,26.29,9,"[1, 1, 1, 1, 1, 1, 1, 1, 1, 0]",25.67,22.63,28.68,19.28,844932.0
SEDG,42.6,6,"[0, 0, 1, 1, 1, 1, 1, 0, 1, 0]",57.79,42.54,78.51,24.42,2186149.65
ROG,130.69,8,"[0, 1, 1, 1, 1, 1, 1, 1, 1, 0]",144.6,111.48,167.09,65.28,271387.2
ATKR,76.63,8,"[0, 1, 1, 1, 1, 1, 1, 1, 1, 0]",76.88,68.49,85.41,52.77,314496.55
TALO,14.93,10,"[1, 1, 1, 1, 1, 1, 1, 1, 1, 1]",14.56,12.9,16.59,7.79,2050985.65
IDYA,35.4,8,"[1, 1, 1, 0, 1, 1, 1, 1, 1, 0]",32.74,32.5,40.51,22.41,1151559.6
ELVN,52.95,10,"[1, 1, 1, 1, 1, 1, 1, 1, 1, 1]",45.32,31.98,54.33,15.14,1194755.4
DGII,66.95,8,"[0, 1, 1, 1, 1, 1, 1, 1, 1, 0]",67.57,51.36,74.95,31.14,486452.25
LWLG,6.05,5,"[0, 0, 0, 1, 1, 1, 1, 0, 1, 0]",9.53,6.99,18.22,2.04,4634150.6
TMC,3.67,1,"[0, 0, 0, 0, 0, 0, 0, 0, 1, 0]",4.85,6.02,10.69,3.67,4342541.45
LMAT,95.59,6,"[0, 0, 1, 0, 1, 1, 0, 1, 1, 1]",96.99,94.91,117.1,79.79,334531.6
MTX,74.6,8,"[0, 1, 1, 1, 1, 1, 1, 1, 1, 0]",75.94,68.21,82.71,54.79,241324.15
BRZE,21.76,3,"[0, 0, 0, 0, 0, 0, 1, 0, 1, 1]",22.96,24.5,36.19,15.79,2417706.9
AAMI,80.88,10,"[1, 1, 1, 1, 1, 1, 1, 1, 1, 1]",75.85,58.17,83.95,39.43,447831.85
RLAY,18.44,10,"[1, 1, 1, 1, 1, 1, 1, 1, 1, 1]",16.38,11.04,20.75,3.22,3507481.15
MLYS,26.71,3,"[0, 0, 0, 0, 0, 0, 1, 0, 1, 1]",27.03,31.87,47.33,12.87,1156063.8
FBNC,62.74,10,"[1, 1, 1, 1, 1, 1, 1, 1, 1, 1]",61.19,55.95,66.23,45.74,321467.75
ANDE,77.71,10,"[1, 1, 1, 1, 1, 1, 1, 1, 1, 1]",72.02,62.92,80.87,34.13,343122.5
VNET,7.21,2,"[0, 0, 0, 0, 1, 0, 0, 0, 1, 0]",8.88,9.46,14.03,7.21,3929266.75
HTO,63.84,10,"[1, 1, 1, 1, 1, 1, 1, 1, 1, 1]",59.31,53.8,65.43,43.73,550933.35
DXPE,168.94,10,"[1, 1, 1, 1, 1, 1, 1, 1, 1, 1]",159.95,136.19,181.51,85.53,152142.1
PTON,6.08,7,"[1, 1, 1, 1, 0, 0, 1, 0, 1, 1]",5.82,5.76,9.0,3.71,7966600.5
SGML,9.63,4,"[0, 0, 0, 0, 1, 1, 1, 0, 1, 0]",13.49,12.68,23.65,4.68,1543668.9
TENB,32.25,9,"[1, 1, 1, 1, 0, 1, 1, 1, 1, 1]",30.81,25.09,42.65,16.04,4140525.15
DFTX,43.17,9,"[1, 1, 1, 1, 1, 1, 1, 1, 1, 0]",33.11,20.34,48.45,8.44,2748171.35
VERX,11.87,2,"[0, 0, 0, 0, 0, 0, 0, 0, 1, 1]",12.47,16.11,34.21,10.58,1933298.6
PLUS,89.02,10,"[1, 1, 1, 1, 1, 1, 1, 1, 1, 1]",84.03,82.73,92.48,61.5,246018.45
AERO,14.97,2,"[0, 0, 0, 0, 1, 0, 0, 0, 1, 0]",16.45,14.97,22.91,12.36,295631.2
AMPX,9.24,5,"[0, 0, 0, 1, 1, 1, 1, 0, 1, 0]",14.99,13.88,22.91,6.36,6468768.65
AMR,142.94,2,"[0, 0, 0, 0, 1, 0, 0, 0, 1, 0]",174.68,185.49,249.65,115.08,228693.25
COHU,50.7,7,"[0, 1, 1, 1, 1, 1, 1, 0, 1, 0]",56.11,36.06,73.91,17.86,1160152.7
AESI,11.96,5,"[0, 0, 0, 1, 1, 1, 1, 0, 1, 0]",16.36,12.84,19.75,8.1,3015246.7
NESR,27.62,10,"[1, 1, 1, 1, 1, 1, 1, 1, 1, 1]",26.43,20.41,29.93,6.37,2286463.45
WTTR,20.17,10,"[1, 1, 1, 1, 1, 1, 1, 1, 1, 1]",19.1,14.25,21.35,7.78,2066437.0
CDNL,63.3,4,"[0, 1, 0, 1, 0, 0, 1, 0, 1, 0]",67.16,63.3,94.31,22.03,865749.9
ACHC,34.51,10,"[1, 1, 1, 1, 1, 1, 1, 1, 1, 1]",27.63,21.79,35.61,11.68,3475664.45
MNR,13.39,10,"[1, 1, 1, 1, 1, 1, 1, 1, 1, 1]",13.19,11.97,14.26,9.93,249561.2
GRDN,40.45,10,"[1, 1, 1, 1, 1, 1, 1, 1, 1, 1]",40.05,33.99,43.4,19.88,418488.0
CEPU,14.78,6,"[0, 0, 0, 0, 1, 1, 1, 1, 1, 1]",14.9,15.04,17.95,7.68,210644.65
PRDO,30.36,4,"[0, 0, 0, 1, 1, 0, 0, 1, 1, 0]",33.36,32.69,37.77,27.01,817917.45
HLIO,79.83,8,"[0, 1, 1, 1, 1, 1, 1, 1, 1, 0]",82.76,67.12,92.74,35.2,353085.5
WOLF,23.09,4,"[0, 0, 0, 1, 1, 0, 1, 0, 1, 0]",48.24,28.7,73.5,14.8,4168988.0
NTB,60.99,10,"[1, 1, 1, 1, 1, 1, 1, 1, 1, 1]",58.56,51.71,62.44,40.26,181282.4
FUN,17.37,4,"[0, 0, 0, 1, 1, 0, 1, 0, 1, 0]",20.62,18.39,31.6,12.83,2463432.85
BLBD,76.2,9,"[1, 1, 1, 1, 1, 1, 1, 1, 1, 0]",73.96,59.79,81.5,43.33,470069.65
KEEL,4.26,6,"[0, 1, 1, 1, 0, 1, 1, 0, 1, 0]",5.16,3.47,6.66,1.16,35554185.9
PENG,53.85,7,"[0, 1, 1, 1, 1, 1, 1, 0, 1, 0]",62.22,31.88,81.39,16.24,5118368.6
AXGN,39.49,8,"[0, 1, 1, 1, 1, 1, 1, 1, 1, 0]",41.99,33.44,46.19,12.55,1411582.65
PENN,20.48,9,"[1, 1, 1, 1, 1, 1, 1, 1, 1, 0]",19.92,16.18,22.06,11.76,3725070.0
CMPR,97.78,10,"[1, 1, 1, 1, 1, 1, 1, 1, 1, 1]",95.98,78.99,105.31,48.46,201266.7
FLOC,20.15,5,"[0, 0, 0, 1, 1, 1, 1, 0, 1, 0]",22.84,20.68,28.09,14.08,767142.0
DRH,12.85,10,"[1, 1, 1, 1, 1, 1, 1, 1, 1, 1]",11.68,9.74,12.97,7.27,2735300.0
XIFR,12.54,10,"[1, 1, 1, 1, 1, 1, 1, 1, 1, 1]",11.95,10.54,12.88,8.83,955844.75
ADPT,22.27,9,"[1, 1, 1, 1, 0, 1, 1, 1, 1, 1]",18.22,16.39,22.92,10.24,2965959.4
HTH,39.08,9,"[1, 1, 1, 1, 1, 1, 1, 1, 1, 0]",37.97,35.94,39.94,28.94,265681.65
CTOS,10.86,9,"[1, 1, 1, 1, 1, 1, 1, 1, 1, 0]",10.36,7.63,11.97,5.34,1029547.65
DRVN,13.61,3,"[0, 0, 0, 0, 0, 0, 1, 0, 1, 1]",13.84,14.08,19.21,10.3,927975.55
RDW,8.69,5,"[0, 0, 0, 1, 1, 1, 1, 0, 1, 0]",13.97,10.05,25.9,5.06,18593379.1
VVX,83.57,10,"[1, 1, 1, 1, 1, 1, 1, 1, 1, 1]",78.59,67.03,90.81,47.25,702387.8
BCRX,9.34,9,"[1, 1, 1, 1, 1, 1, 1, 1, 1, 0]",9.24,8.18,11.11,6.24,4793620.7
TIC,7.13,1,"[0, 0, 0, 0, 0, 0, 0, 0, 1, 0]",8.05,9.39,14.49,6.54,2121993.3
WERN,42.42,10,"[1, 1, 1, 1, 1, 1, 1, 1, 1, 1]",42.29,33.37,47.29,22.87,1190478.95
CENTA,38.45,9,"[1, 1, 1, 1, 1, 1, 1, 1, 1, 0]",36.69,32.44,39.54,26.27,372169.6
QUBT,7.43,2,"[0, 0, 0, 1, 0, 0, 0, 0, 1, 0]",9.83,10.64,24.62,6.31,10097048.6
ECO,57.88,10,"[1, 1, 1, 1, 1, 1, 1, 1, 1, 1]",52.42,42.75,57.88,22.07,436698.95
BHC,4.43,1,"[0, 0, 0, 0, 0, 0, 0, 0, 1, 0]",5.02,5.87,8.34,4.43,2660034.35
NMM,79.1,10,"[1, 1, 1, 1, 1, 1, 1, 1, 1, 1]",72.84,62.44,79.1,40.95,112067.05
MBIN,47.69,8,"[0, 1, 1, 1, 1, 1, 1, 1, 1, 0]",47.96,40.99,50.36,28.87,191552.7
FLYW,15.89,8,"[0, 1, 1, 1, 1, 1, 1, 1, 1, 0]",16.42,14.04,18.78,10.33,2276347.75
PBI,17.88,10,"[1, 1, 1, 1, 1, 1, 1, 1, 1, 1]",17.04,12.44,18.51,8.89,2279859.1
WLY,49.55,10,"[1, 1, 1, 1, 1, 1, 1, 1, 1, 1]",45.74,37.15,52.4,28.33,635834.6
CMRE,15.72,8,"[1, 0, 1, 0, 1, 1, 1, 1, 1, 1]",15.45,15.41,17.64,9.41,421104.35
SLDE,20.26,10,"[1, 1, 1, 1, 1, 1, 1, 1, 1, 1]",18.73,17.73,21.38,12.74,1449804.5
OCUL,8.51,1,"[0, 0, 0, 0, 0, 0, 0, 0, 1, 0]",9.14,10.19,16.11,6.88,2355555.75
ESTA,92.32,10,"[1, 1, 1, 1, 1, 1, 1, 1, 1, 1]",81.74,69.31,95.65,33.62,755206.25
SRPT,15.68,2,"[0, 0, 0, 0, 0, 0, 1, 0, 1, 0]",17.17,19.6,24.45,11.93,4039835.15
IMOS,55.17,7,"[0, 1, 1, 1, 1, 1, 1, 0, 1, 0]",61.29,40.7,75.79,14.89,134972.7
NVCR,17.65,10,"[1, 1, 1, 1, 1, 1, 1, 1, 1, 1]",16.72,13.74,19.99,10.03,1960017.2
DEI,12.28,8,"[1, 1, 1, 1, 0, 0, 1, 1, 1, 1]",11.84,11.0,15.83,8.85,2195402.75
EZPW,29.54,8,"[0, 1, 1, 1, 1, 1, 1, 1, 1, 0]",32.49,25.57,35.59,13.13,1054313.25
PDFS,50.98,7,"[0, 1, 1, 1, 1, 1, 1, 0, 1, 0]",55.22,38.27,70.79,18.97,652821.0
TRVI,17.53,9,"[1, 1, 1, 1, 1, 1, 1, 1, 1, 0]",16.01,12.95,19.5,7.01,3084056.15
DCO,177.44,10,"[1, 1, 1, 1, 1, 1, 1, 1, 1, 1]",162.76,125.23,190.25,86.41,358269.75
WS,35.98,4,"[0, 0, 0, 1, 1, 1, 0, 0, 1, 0]",38.12,36.24,48.27,28.0,334500.65
STOK,29.3,5,"[0, 0, 0, 0, 1, 1, 1, 1, 1, 0]",30.41,31.66,38.35,12.5,927775.5
DHC,9.34,9,"[1, 1, 1, 1, 1, 1, 1, 1, 1, 0]",8.91,6.6,9.64,3.25,1543357.55
TYRA,30.63,6,"[0, 0, 1, 0, 1, 1, 1, 1, 1, 0]",31.05,28.43,39.61,10.1,776349.3
CLBK,10.88,10,"[1, 1, 1, 1, 1, 1, 1, 1, 1, 1]",9.52,8.11,11.14,6.24,7960962.35
MGNI,18.51,7,"[1, 1, 1, 1, 0, 0, 1, 0, 1, 1]",16.97,15.12,26.52,11.2,2690517.55
NGL,15.56,8,"[0, 1, 1, 1, 1, 1, 1, 1, 1, 0]",16.15,12.16,18.11,4.0,142449.3
NTST,22.2,10,"[1, 1, 1, 1, 1, 1, 1, 1, 1, 1]",20.69,19.14,22.26,16.77,2699274.95
ANAB,54.15,8,"[0, 1, 1, 1, 1, 1, 1, 1, 1, 0]",58.53,41.44,69.81,12.93,885406.4
PSNY,13.68,2,"[0, 0, 0, 1, 0, 0, 0, 0, 1, 0]",19.24,19.26,41.1,12.01,159506.75
NEXT,7.01,7,"[0, 1, 1, 1, 1, 1, 1, 0, 1, 0]",8.0,6.61,11.43,4.8,2431105.8
BBAI,2.76,1,"[0, 0, 0, 0, 0, 0, 0, 0, 1, 0]",3.81,4.87,8.91,2.76,25918058.25
ATEN,34.27,9,"[1, 1, 1, 1, 1, 1, 1, 1, 1, 0]",33.12,23.3,38.11,16.47,1192211.1
GTY,34.8,10,"[1, 1, 1, 1, 1, 1, 1, 1, 1, 1]",33.4,30.31,36.61,24.43,562260.45
OMCL,41.0,8,"[0, 0, 1, 1, 1, 1, 1, 1, 1, 1]",42.47,40.12,51.39,28.27,740085.45
SION,45.7,10,"[1, 1, 1, 1, 1, 1, 1, 1, 1, 1]",41.11,39.4,49.41,16.76,614690.3
SOC,4.71,3,"[0, 0, 0, 0, 1, 0, 1, 0, 1, 0]",9.26,10.51,30.67,3.08,19092606.6
BW,9.62,5,"[0, 0, 0, 1, 1, 1, 1, 0, 1, 0]",15.24,10.92,21.85,0.88,4434213.6
BSTZ,28.69,8,"[0, 1, 1, 1, 1, 1, 1, 1, 1, 0]",29.15,23.74,31.5,18.71,289598.9
NEOG,9.4,8,"[1, 1, 1, 0, 1, 1, 1, 1, 1, 0]",9.23,8.57,11.33,4.65,1749542.95
UTI,37.78,7,"[0, 1, 1, 1, 1, 1, 1, 0, 1, 0]",41.38,33.7,51.2,21.77,1023102.1
INBX,81.55,5,"[0, 0, 0, 1, 1, 1, 1, 0, 1, 0]",96.3,82.6,141.84,20.93,331072.55
AUPH,15.35,7,"[0, 0, 1, 1, 1, 1, 1, 1, 1, 0]",15.99,15.06,18.62,8.89,1652662.0
TSHA,5.52,8,"[0, 1, 1, 1, 1, 1, 1, 1, 1, 0]",5.98,5.23,6.98,2.62,3700268.3
GNL,8.88,8,"[0, 0, 1, 1, 1, 1, 1, 1, 1, 1]",9.05,8.6,9.56,6.28,2708190.15
MBX,62.0,10,"[1, 1, 1, 1, 1, 1, 1, 1, 1, 1]",44.86,33.75,65.71,9.74,967814.9
ASTH,40.31,8,"[0, 1, 1, 1, 1, 1, 1, 1, 1, 0]",41.6,30.21,49.81,18.16,750601.55
LAC,2.81,1,"[0, 0, 0, 0, 0, 0, 0, 0, 1, 0]",4.18,4.94,10.05,2.55,9928206.3
IMAX,43.38,10,"[1, 1, 1, 1, 1, 1, 1, 1, 1, 1]",39.56,37.04,44.97,24.51,1505151.9
FIGS,9.51,4,"[0, 0, 0, 0, 1, 1, 1, 0, 1, 0]",11.19,11.69,17.12,6.17,3039341.65
MD,26.26,10,"[1, 1, 1, 1, 1, 1, 1, 1, 1, 1]",24.14,21.84,27.39,11.98,817824.9
NWL,5.08,9,"[1, 1, 1, 1, 1, 1, 1, 1, 1, 0]",4.65,4.12,6.14,2.94,12801952.05
PHVS,34.17,10,"[1, 1, 1, 1, 1, 1, 1, 1, 1, 1]",32.41,27.69,35.96,19.61,554957.95
PUMP,11.8,5,"[0, 0, 0, 1, 1, 1, 1, 0, 1, 0]",14.72,12.23,18.2,4.52,4346409.6
AGM,209.51,10,"[1, 1, 1, 1, 1, 1, 1, 1, 1, 1]",188.1,169.49,209.51,137.78,142227.5
RAMP,37.67,10,"[1, 1, 1, 1, 1, 1, 1, 1, 1, 1]",37.14,30.05,38.01,22.42,957283.9
LAR,5.85,5,"[0, 0, 0, 1, 1, 1, 1, 0, 1, 0]",8.52,7.09,11.79,2.55,1537063.55
PRKS,44.83,7,"[1, 1, 1, 1, 0, 0, 1, 1, 1, 0]",43.3,38.84,55.21,29.73,620169.85
SNDX,20.81,8,"[1, 0, 1, 0, 1, 1, 1, 1, 1, 1]",20.47,20.27,25.15,9.57,2073200.65
JBLU,5.27,8,"[0, 1, 1, 1, 1, 1, 1, 1, 1, 0]",5.29,4.96,6.46,4.03,31048866.5
ARCO,8.22,9,"[0, 1, 1, 1, 1, 1, 1, 1, 1, 1]",8.37,7.91,9.42,6.32,1460090.8
NEXA,12.87,9,"[0, 1, 1, 1, 1, 1, 1, 1, 1, 1]",13.74,10.94,16.72,4.67,659674.3
AGRO,10.58,7,"[0, 0, 1, 1, 1, 1, 1, 0, 1, 1]",11.07,10.08,15.18,7.07,660887.5
HTZ,1.81,1,"[0, 0, 0, 0, 0, 0, 0, 0, 1, 0]",3.83,4.95,7.81,1.76,24837322.2
SPB,88.81,10,"[1, 1, 1, 1, 1, 1, 1, 1, 1, 1]",82.66,70.5,89.6,49.33,341897.3
BLX,59.64,9,"[1, 1, 1, 1, 1, 1, 1, 1, 1, 0]",57.92,49.66,62.78,38.29,206014.15
MESO,15.31,3,"[1, 0, 0, 0, 0, 0, 0, 0, 1, 1]",14.95,16.19,20.96,12.88,296182.3
OCS,11.13,2,"[0, 0, 0, 0, 1, 0, 0, 0, 1, 0]",16.3,22.24,32.65,10.71,379761.05
ANIP,77.65,3,"[0, 0, 0, 1, 0, 0, 0, 1, 1, 0]",81.06,81.5,98.81,63.35,311062.1
PGNY,31.19,10,"[1, 1, 1, 1, 1, 1, 1, 1, 1, 1]",27.67,23.07,32.36,16.3,1165301.65
INVX,26.84,9,"[0, 1, 1, 1, 1, 1, 1, 1, 1, 1]",26.92,24.55,31.05,15.77,407221.6
CASH,85.9,6,"[1, 0, 1, 0, 1, 1, 0, 1, 1, 0]",84.75,82.35,99.87,66.35,254532.4
RAPP,40.68,10,"[1, 1, 1, 1, 1, 1, 1, 1, 1, 1]",38.75,31.73,42.62,14.04,461021.8
SNDA,41.69,10,"[1, 1, 1, 1, 1, 1, 1, 1, 1, 1]",37.82,33.72,42.21,23.92,664078.2
TPB,76.12,2,"[0, 0, 0, 0, 1, 0, 0, 0, 1, 0]",84.38,96.02,142.7,70.52,354185.95
VET,11.26,9,"[1, 1, 1, 0, 1, 1, 1, 1, 1, 1]",10.68,10.11,14.29,6.95,1370702.5
BORR,4.23,4,"[0, 0, 0, 0, 1, 1, 1, 0, 1, 0]",4.77,4.61,6.61,1.88,4601449.55
ECPG,90.15,10,"[1, 1, 1, 1, 1, 1, 1, 1, 1, 1]",85.11,66.25,93.79,35.97,379387.55
SONO,14.69,4,"[0, 0, 0, 0, 0, 0, 1, 1, 1, 1]",14.77,15.61,19.16,10.36,2221864.75
WBTN,9.0,1,"[0, 0, 0, 0, 0, 0, 0, 0, 1, 0]",11.46,12.55,21.31,8.58,362098.2
ADNT,20.4,4,"[0, 0, 0, 0, 1, 0, 0, 1, 1, 1]",20.86,21.3,27.09,17.8,1066459.75
UFPT,237.2,8,"[1, 1, 1, 1, 1, 1, 0, 1, 1, 0]",237.0,223.7,272.36,185.28,216276.9
CLVT,2.04,2,"[0, 0, 0, 0, 0, 0, 0, 0, 1, 1]",2.31,2.79,4.53,1.68,9821371.4
AIN,75.49,10,"[1, 1, 1, 1, 1, 1, 1, 1, 1, 1]",69.53,57.87,76.29,40.8,242772.2
CTS,59.99,8,"[0, 1, 1, 1, 1, 1, 1, 1, 1, 0]",62.78,51.57,68.27,36.39,287775.95
VOYG,25.24,4,"[0, 0, 0, 1, 1, 0, 1, 0, 1, 0]",36.35,30.01,51.77,17.99,1717283.2
ZYME,22.86,5,"[0, 0, 0, 0, 1, 1, 1, 1, 1, 0]",24.42,23.85,28.56,12.02,575129.95
CAPR,19.7,4,"[0, 0, 0, 0, 1, 1, 1, 0, 1, 0]",25.46,23.33,35.34,4.6,1901795.7
PSIX,29.96,1,"[0, 0, 0, 0, 0, 0, 0, 0, 1, 0]",37.48,62.64,115.78,29.9,420373.75
LOB,42.08,10,"[1, 1, 1, 1, 1, 1, 1, 1, 1, 1]",39.34,36.35,43.69,29.34,277775.4
XPRO,15.79,8,"[1, 0, 1, 0, 1, 1, 1, 1, 1, 1]",15.41,15.37,18.39,8.65,1298118.05
PVLA,138.01,10,"[1, 1, 1, 1, 1, 1, 1, 1, 1, 1]",126.66,107.72,157.24,36.55,313469.05
FLNG,30.85,10,"[1, 1, 1, 1, 1, 1, 1, 1, 1, 1]",30.39,27.24,32.46,20.74,407742.35
SFL,11.92,10,"[1, 1, 1, 1, 1, 1, 1, 1, 1, 1]",11.3,9.5,12.57,6.59,1618261.0
CYD,45.07,8,"[0, 1, 1, 1, 1, 1, 1, 1, 1, 0]",49.16,42.31,58.55,21.7,164719.85
TILE,32.98,9,"[1, 1, 1, 1, 1, 1, 1, 1, 1, 0]",31.66,29.13,35.94,20.54,521931.55
PCT,5.85,2,"[0, 0, 0, 1, 0, 0, 0, 0, 1, 0]",9.34,9.02,15.4,5.06,4396398.65
LPG,45.32,10,"[1, 1, 1, 1, 1, 1, 1, 1, 1, 1]",41.22,32.25,47.72,22.84,695586.8
TE,5.0,5,"[0, 0, 0, 1, 1, 1, 1, 0, 1, 0]",8.22,6.38,12.04,1.16,36124892.45
WLTH,8.88,3,"[0, 0, 0, 0, 1, 0, 0, 0, 1, 1]",9.86,8.88,13.95,7.2,1275175.5
VRDN,19.27,4,"[1, 0, 0, 0, 0, 0, 1, 0, 1, 1]",17.66,24.03,33.78,13.3,2467212.65
NRIX,23.38,10,"[1, 1, 1, 1, 1, 1, 1, 1, 1, 1]",19.61,16.75,24.69,8.24,1565700.05
QURE,38.97,7,"[1, 1, 1, 1, 0, 1, 1, 0, 1, 0]",35.37,29.06,70.59,9.03,1482901.7
DV,10.56,5,"[1, 1, 0, 1, 0, 0, 0, 0, 1, 1]",10.5,10.58,16.27,8.61,3185164.8
FIVN,23.12,8,"[1, 1, 1, 1, 0, 0, 1, 1, 1, 1]",22.7,19.83,29.15,13.61,2320414.85
INVA,21.44,6,"[0, 0, 1, 1, 1, 1, 0, 1, 1, 0]",22.27,21.42,24.24,16.67,908295.75
OPRA,18.48,10,"[1, 1, 1, 1, 1, 1, 1, 1, 1, 1]",18.46,15.3,20.17,11.56,352341.3
ARDX,5.03,2,"[0, 0, 0, 0, 1, 0, 0, 0, 1, 0]",5.66,6.03,7.99,4.22,4227396.3
POET,6.89,5,"[0, 0, 0, 1, 1, 1, 1, 0, 1, 0]",11.32,7.95,20.57,4.17,14002894.25
NUVB,6.42,7,"[1, 1, 1, 0, 0, 1, 1, 0, 1, 1]",5.35,5.63,9.54,2.23,8741123.75
PEB,19.09,10,"[1, 1, 1, 1, 1, 1, 1, 1, 1, 1]",17.44,13.4,19.75,9.36,2247276.15
NTLA,10.73,3,"[0, 0, 0, 1, 0, 0, 1, 0, 1, 0]",13.91,13.4,27.98,8.04,4720366.6
NVAX,7.46,4,"[0, 0, 0, 1, 1, 1, 0, 0, 1, 0]",9.15,8.5,11.19,6.22,3676312.5
SKYT,30.62,7,"[0, 0, 1, 1, 1, 1, 1, 1, 1, 0]",35.0,27.49,39.91,8.78,715312.55
ARLO,12.87,2,"[0, 0, 0, 0, 0, 0, 0, 0, 1, 1]",12.98,14.08,19.44,11.23,1210053.55
PRLB,78.24,9,"[1, 1, 1, 1, 1, 1, 1, 1, 1, 0]",76.37,61.41,81.68,39.11,231652.95
DCOM,39.56,9,"[1, 1, 1, 1, 1, 1, 1, 1, 1, 0]",38.58,33.16,41.03,25.24,352655.8
GLUE,22.78,10,"[1, 1, 1, 1, 1, 1, 1, 1, 1, 1]",20.5,17.85,25.31,4.19,1486291.0
AMLX,18.41,10,"[1, 1, 1, 1, 1, 1, 1, 1, 1, 1]",15.77,14.68,18.7,7.64,1627178.9
CLOV,4.32,8,"[0, 1, 1, 1, 1, 1, 1, 1, 1, 0]",4.44,2.94,5.41,1.7,5866253.2
REX,44.41,9,"[0, 1, 1, 1, 1, 1, 1, 1, 1, 1]",46.2,39.12,51.16,25.5,196006.15
STBA,51.79,10,"[1, 1, 1, 1, 1, 1, 1, 1, 1, 1]",47.29,42.07,51.79,33.76,288549.8
KOS,2.63,10,"[1, 1, 1, 1, 1, 1, 1, 1, 1, 1]",2.59,2.02,3.27,0.87,18897705.5
KSS,17.94,6,"[1, 1, 1, 0, 0, 1, 1, 0, 1, 0]",16.08,16.65,24.15,10.41,3770611.95
IOVA,4.99,10,"[1, 1, 1, 1, 1, 1, 1, 1, 1, 1]",4.18,3.24,5.48,1.81,16846792.3
PAHC,34.03,5,"[1, 0, 0, 0, 1, 0, 1, 0, 1, 1]",32.56,42.42,59.33,25.79,293661.55
OUST,34.04,7,"[0, 1, 1, 1, 1, 1, 1, 0, 1, 0]",41.74,28.52,62.52,16.63,4958130.15
STGW,7.42,10,"[1, 1, 1, 1, 1, 1, 1, 1, 1, 1]",6.96,5.96,7.87,4.4,1341072.95
BAND,59.8,9,"[0, 1, 1, 1, 1, 1, 1, 1, 1, 1]",62.26,28.72,78.44,12.82,1220137.4
NVRI,22.08,10,"[1, 1, 1, 1, 1, 1, 1, 1, 1, 1]",21.06,18.28,23.28,8.27,452754.5
ABCL,5.31,6,"[0, 1, 1, 1, 0, 1, 1, 0, 1, 0]",5.96,4.49,8.12,2.78,7005332.95
HOPE,13.45,9,"[1, 1, 1, 1, 1, 1, 1, 1, 1, 0]",13.0,11.63,13.98,9.37,1221678.05
AMRC,21.75,2,"[0, 0, 0, 0, 0, 0, 1, 0, 1, 0]",28.23,30.66,43.23,15.87,482515.15
TFIN,76.91,10,"[1, 1, 1, 1, 1, 1, 1, 1, 1, 1]",73.41,63.77,81.08,46.95,354523.1
HCSG,22.74,9,"[1, 1, 1, 1, 1, 1, 1, 1, 1, 0]",22.54,20.06,25.31,13.01,806155.9
DCH,5.48,2,"[0, 0, 0, 0, 1, 0, 0, 0, 1, 0]",5.91,6.33,9.0,4.31,3839754.2
XHR,21.49,10,"[1, 1, 1, 1, 1, 1, 1, 1, 1, 1]",19.04,15.58,21.49,11.98,748295.0
WLFC,69.04,1,"[0, 0, 0, 0, 0, 0, 0, 0, 1, 0]",,,239.91,63.12,159166.5
GBX,52.12,8,"[1, 1, 1, 0, 1, 1, 0, 1, 1, 1]",48.18,48.23,58.06,40.16,639291.05
LILAK,7.43,10,"[1, 1, 1, 1, 1, 1, 1, 1, 1, 1]",6.23,5.68,7.89,4.62,1679665.15
LILA,7.52,10,"[1, 1, 1, 1, 1, 1, 1, 1, 1, 1]",6.22,5.62,7.92,4.55,692312.65
ZD,51.6,10,"[1, 1, 1, 1, 1, 1, 1, 1, 1, 1]",47.88,40.09,54.38,26.51,665288.7
ECVT,12.46,9,"[0, 1, 1, 1, 1, 1, 1, 1, 1, 1]",12.91,11.31,14.97,7.84,1779332.5
VIR,8.69,8,"[0, 1, 1, 1, 1, 1, 1, 1, 1, 0]",9.32,7.99,11.09,4.28,1944657.65
AHCO,10.76,8,"[1, 1, 1, 0, 1, 1, 0, 1, 1, 1]",10.27,10.35,13.38,8.68,1316746.0
ALGT,98.08,9,"[1, 1, 1, 1, 1, 1, 1, 1, 1, 0]",96.13,85.59,119.16,48.12,591654.65
TRS,40.03,7,"[0, 1, 1, 1, 1, 1, 0, 1, 1, 0]",41.05,37.13,45.03,31.02,385819.25
CRML,5.81,3,"[0, 0, 0, 0, 0, 1, 1, 0, 1, 0]",9.53,10.79,29.97,3.38,5547391.05
TH,16.15,8,"[0, 1, 1, 1, 1, 1, 1, 1, 1, 0]",18.03,11.35,20.52,6.22,1181742.85
UAMY,5.17,3,"[0, 0, 0, 0, 0, 1, 1, 0, 1, 0]",7.43,8.35,17.47,2.92,5943109.85
IMTX,9.08,4,"[0, 0, 0, 0, 0, 1, 1, 1, 1, 0]",10.0,10.13,11.87,5.09,353523.3
GSL,43.61,10,"[1, 1, 1, 1, 1, 1, 1, 1, 1, 1]",39.24,36.04,43.61,26.07,277970.25
YELP,25.1,3,"[1, 0, 0, 0, 0, 0, 0, 0, 1, 1]",23.98,26.88,34.9,19.78,1221604.85
CNOB,32.36,9,"[1, 1, 1, 1, 1, 1, 1, 1, 1, 0]",31.66,27.65,34.11,21.63,549297.0
RES,5.61,5,"[0, 0, 0, 1, 1, 1, 1, 0, 1, 0]",6.41,6.07,7.95,4.15,1502984.95
BY,38.6,10,"[1, 1, 1, 1, 1, 1, 1, 1, 1, 1]",35.42,31.5,38.72,25.21,384457.8
NVGS,21.71,10,"[1, 1, 1, 1, 1, 1, 1, 1, 1, 1]",21.69,19.22,24.22,14.25,587183.45
PGEN,5.4,9,"[1, 1, 1, 1, 1, 1, 1, 1, 1, 0]",4.8,4.22,5.92,1.57,4431897.6
BHVN,14.32,8,"[1, 1, 1, 1, 0, 1, 1, 1, 1, 0]",12.86,11.63,18.11,7.79,2773142.05
TNC,87.77,9,"[1, 1, 1, 1, 1, 1, 1, 1, 1, 0]",86.01,77.58,91.15,60.69,168468.8
HLF,11.89,4,"[0, 0, 0, 0, 1, 1, 1, 0, 1, 0]",12.29,13.54,19.96,7.75,1641202.95
SHLS,9.39,6,"[0, 1, 1, 1, 0, 1, 1, 0, 1, 0]",10.35,8.88,12.77,4.46,5803393.0
ATAI,7.18,9,"[1, 1, 1, 1, 0, 1, 1, 1, 1, 1]",4.87,4.37,7.22,3.31,22407712.6
BCAX,27.02,10,"[1, 1, 1, 1, 1, 1, 1, 1, 1, 1]",24.31,19.71,30.4,9.99,877118.5
GCT,36.09,6,"[1, 0, 0, 0, 1, 1, 1, 0, 1, 1]",35.01,37.68,51.8,20.97,643737.55
AIP,30.26,7,"[0, 1, 1, 1, 1, 1, 1, 0, 1, 0]",36.94,22.03,48.59,8.59,943682.6
GHRS,27.28,10,"[1, 1, 1, 1, 1, 1, 1, 1, 1, 1]",24.31,17.56,29.13,11.8,276468.2
SBET,5.81,3,"[1, 0, 0, 0, 0, 0, 0, 0, 1, 1]",5.72,8.48,23.92,4.56,10484424.65
GILT,10.73,4,"[0, 0, 0, 0, 1, 1, 1, 0, 1, 0]",13.76,15.0,20.85,7.35,593204.7
AVAH,9.45,9,"[1, 1, 1, 1, 0, 1, 1, 1, 1, 1]",8.15,8.07,10.27,3.74,2361322.85
CBL,57.57,10,"[1, 1, 1, 1, 1, 1, 1, 1, 1, 1]",50.26,39.3,57.57,25.1,342155.6
BKSY,21.57,5,"[0, 0, 0, 1, 1, 1, 1, 0, 1, 0]",32.7,26.6,51.63,13.14,1381955.9
FTRE,19.52,10,"[1, 1, 1, 1, 1, 1, 1, 1, 1, 1]",16.36,13.39,19.52,5.46,1261343.1
NSSC,35.74,2,"[0, 0, 0, 0, 0, 0, 0, 1, 1, 0]",36.59,40.57,46.87,29.15,331389.35
DMRA,28.82,9,"[1, 1, 1, 0, 1, 1, 1, 1, 1, 1]",25.48,23.38,34.14,2.58,944637.45
PRG,43.71,10,"[1, 1, 1, 1, 1, 1, 1, 1, 1, 1]",39.85,33.17,47.53,25.95,584279.85
OBK,53.62,10,"[1, 1, 1, 1, 1, 1, 1, 1, 1, 1]",49.56,42.21,53.62,31.99,178853.6
MUX,17.17,4,"[0, 0, 0, 0, 1, 1, 1, 0, 1, 0]",19.35,21.05,29.05,9.88,1288914.0
PRCT,16.69,1,"[0, 0, 0, 0, 0, 0, 0, 0, 1, 0]",23.47,27.94,55.72,16.69,1583839.35
NBR,83.37,8,"[0, 1, 1, 1, 1, 1, 1, 1, 1, 0]",91.11,72.67,110.63,31.58,262413.25
MAZE,27.68,6,"[1, 0, 0, 0, 1, 1, 1, 0, 1, 1]",27.03,34.58,51.83,13.14,714581.4
ENVX,3.95,1,"[0, 0, 0, 0, 0, 0, 0, 0, 1, 0]",6.22,7.25,15.06,3.95,5931284.9
TBLA,4.82,9,"[0, 1, 1, 1, 1, 1, 1, 1, 1, 1]",4.98,4.03,5.58,2.95,3599083.0
URGN,40.97,10,"[1, 1, 1, 1, 1, 1, 1, 1, 1, 1]",33.64,24.5,43.78,16.42,829381.8
NNE,15.59,1,"[0, 0, 0, 0, 0, 0, 0, 0, 1, 0]",22.72,28.85,56.63,15.59,2294349.4
HROW,38.45,3,"[0, 0, 0, 0, 1, 0, 1, 0, 1, 0]",38.58,41.13,54.8,29.03,675792.85
HLX,9.91,10,"[1, 1, 1, 1, 1, 1, 1, 1, 1, 1]",9.42,8.36,10.55,5.7,1436096.85
LINC,40.51,7,"[0, 1, 1, 1, 1, 1, 1, 0, 1, 0]",48.25,34.25,55.68,17.8,657982.45
RYZ,30.79,10,"[1, 1, 1, 1, 1, 1, 1, 1, 1, 1]",27.38,25.2,30.79,19.57,458362.3
HLIT,11.19,6,"[0, 0, 1, 1, 1, 1, 1, 0, 1, 0]",14.07,11.11,17.11,8.35,1902853.2
TROX,6.24,4,"[0, 0, 0, 0, 1, 1, 1, 0, 1, 0]",7.11,6.36,10.42,2.84,2438797.8
VIA,17.69,4,"[1, 0, 0, 0, 0, 0, 1, 0, 1, 1]",16.21,24.77,53.93,13.31,1169695.9
LIND,26.85,9,"[1, 1, 1, 1, 1, 1, 1, 1, 1, 0]",24.24,18.02,29.57,11.45,999790.65
IPX,21.56,1,"[0, 0, 0, 0, 0, 0, 0, 0, 1, 0]",31.65,37.56,60.11,21.56,336513.35
WVE,5.81,3,"[0, 0, 0, 0, 1, 0, 0, 0, 1, 1]",6.07,9.65,21.31,5.66,2672439.6
PLTK,3.68,9,"[1, 1, 1, 1, 0, 1, 1, 1, 1, 1]",3.61,3.55,4.44,2.72,1444105.65
AVBP,31.73,9,"[1, 1, 1, 1, 1, 1, 1, 1, 1, 0]",31.02,25.08,34.74,16.95,587671.35
RLJ,12.34,10,"[1, 1, 1, 1, 1, 1, 1, 1, 1, 1]",10.8,8.23,12.34,6.26,2088526.7
LOMA,11.4,8,"[0, 1, 1, 1, 1, 1, 1, 1, 1, 0]",11.5,11.18,13.12,7.13,350104.05
TV,2.75,5,"[0, 0, 0, 0, 1, 1, 0, 1, 1, 1]",2.76,2.88,3.44,2.3,924326.25
SBH,14.64,7,"[1, 1, 1, 0, 0, 0, 1, 1, 1, 1]",13.56,14.57,17.0,9.65,1281716.55
CSIQ,13.35,3,"[0, 0, 0, 0, 0, 1, 1, 0, 1, 0]",16.46,18.72,33.58,9.51,2660465.8
RXT,3.94,7,"[0, 1, 1, 1, 1, 1, 1, 0, 1, 0]",5.41,2.38,7.53,0.41,16566904.15
GIII,34.95,10,"[1, 1, 1, 1, 1, 1, 1, 1, 1, 1]",33.26,30.09,35.9,23.02,557849.35
TTI,8.31,5,"[0, 0, 0, 1, 1, 1, 1, 0, 1, 0]",9.97,9.23,12.32,3.72,1791732.35
KDK,4.15,2,"[0, 0, 0, 0, 1, 0, 0, 0, 1, 0]",6.0,7.81,10.92,4.15,915867.35
STAA,23.38,3,"[0, 0, 0, 1, 0, 0, 1, 0, 1, 0]",28.93,24.41,33.34,16.1,929961.0
TWO,12.1,10,"[1, 1, 1, 1, 1, 1, 1, 1, 1, 1]",12.07,10.59,13.3,8.4,2292174.9
ARRY,5.32,2,"[0, 0, 0, 0, 1, 0, 0, 0, 1, 0]",7.54,8.39,11.96,5.32,6559164.9
BAK,2.46,2,"[0, 0, 0, 0, 1, 0, 0, 0, 1, 0]",3.38,3.36,5.02,2.32,1971109.3
TDOC,8.77,9,"[1, 1, 1, 1, 0, 1, 1, 1, 1, 1]",7.97,6.9,9.72,4.47,4502062.15
WLDN,72.63,1,"[0, 0, 0, 0, 0, 0, 0, 0, 1, 0]",85.32,94.62,134.94,66.91,319243.7
CRVS,13.07,6,"[0, 0, 1, 0, 1, 1, 1, 0, 1, 1]",13.26,12.81,25.52,4.1,1339980.4
CRI,38.75,8,"[0, 1, 1, 1, 1, 1, 1, 1, 1, 0]",39.19,35.17,43.75,22.91,871010.15
PLSE,30.23,10,"[1, 1, 1, 1, 1, 1, 1, 1, 1, 1]",26.66,19.97,32.76,12.66,379644.75
OLMA,11.7,5,"[0, 0, 0, 0, 1, 1, 1, 0, 1, 1]",11.71,17.43,35.83,4.57,1464341.5
TEN,39.4,10,"[1, 1, 1, 1, 1, 1, 1, 1, 1, 1]",38.1,31.22,43.34,18.81,248765.65
LUCK,6.88,1,"[0, 0, 0, 0, 0, 0, 0, 0, 1, 0]",7.86,8.15,10.47,6.25,100609.95
WBI,34.88,9,"[1, 1, 1, 1, 1, 0, 1, 1, 1, 1]",31.8,26.06,36.21,18.69,960056.8
ATLC,99.48,9,"[1, 1, 1, 1, 1, 1, 1, 1, 1, 0]",92.52,68.22,110.41,47.96,198323.1
JBIO,20.08,7,"[0, 1, 1, 1, 1, 1, 1, 0, 1, 0]",20.23,16.25,26.85,6.77,1035495.9
GPRE,16.95,10,"[1, 1, 1, 1, 1, 1, 1, 1, 1, 1]",15.92,13.54,19.23,7.31,1326840.35
RCAT,7.64,2,"[0, 0, 0, 0, 1, 0, 0, 0, 1, 0]",10.29,11.29,17.36,6.14,9394291.45
MRTN,16.3,8,"[0, 1, 1, 1, 1, 1, 1, 1, 1, 0]",17.15,13.42,18.22,9.28,686349.1
DSGR,34.51,9,"[1, 1, 1, 1, 1, 0, 1, 1, 1, 1]",28.36,27.98,34.52,19.31,255078.25
EVLV,5.24,2,"[0, 0, 0, 0, 0, 0, 0, 0, 1, 1]",5.92,6.35,8.76,4.9,2121324.65
NPKI,14.35,8,"[0, 1, 1, 1, 1, 1, 1, 1, 1, 0]",14.87,13.81,16.35,8.68,1005690.15
ABTC,5.72,1,"[0, 0, 0, 0, 0, 0, 0, 0, 1, 0]",11.38,29.02,139.65,5.28,1855021.15
DQ,11.67,1,"[0, 0, 0, 0, 0, 0, 0, 0, 1, 0]",14.56,23.27,35.69,11.63,766701.7
AMAL,49.44,10,"[1, 1, 1, 1, 1, 1, 1, 1, 1, 1]",44.24,37.23,49.44,24.92,196789.45
VTOL,45.71,9,"[1, 1, 1, 0, 1, 1, 1, 1, 1, 1]",42.79,42.15,49.86,32.94,206773.3
PGY,15.89,5,"[1, 1, 0, 0, 0, 0, 1, 0, 1, 1]",15.68,18.27,43.81,10.64,3554614.6
NAT,6.45,10,"[1, 1, 1, 1, 1, 1, 1, 1, 1, 1]",5.65,4.56,6.47,2.54,3642741.8
PNTG,41.16,10,"[1, 1, 1, 1, 1, 1, 1, 1, 1, 1]",36.03,30.97,41.95,22.07,347586.05
MRVI,6.76,10,"[1, 1, 1, 1, 1, 1, 1, 1, 1, 1]",5.51,3.94,7.24,2.03,3219706.9
NSP,48.35,8,"[1, 1, 1, 1, 0, 0, 1, 1, 1, 1]",39.0,34.61,57.05,19.54,667062.95
MLTX,19.02,7,"[1, 1, 1, 1, 1, 0, 1, 0, 1, 0]",18.93,15.94,61.99,6.24,1193652.75
BLDP,2.9,4,"[0, 0, 0, 1, 0, 1, 1, 0, 1, 0]",4.21,3.18,6.38,1.73,6499825.95
UFCS,51.33,10,"[1, 1, 1, 1, 1, 1, 1, 1, 1, 1]",48.91,39.56,53.93,25.74,187669.75
REAL,11.13,4,"[1, 0, 0, 0, 0, 1, 1, 0, 1, 0]",10.6,12.08,16.9,5.24,2890326.25
JKS,14.8,1,"[0, 0, 0, 0, 0, 0, 0, 0, 1, 0]",18.13,22.16,28.22,14.8,713329.75
AORT,25.28,3,"[1, 0, 0, 0, 0, 0, 0, 0, 1, 1]",22.68,36.22,47.63,20.1,685474.3
KMTS,21.06,4,"[0, 0, 0, 0, 0, 1, 1, 1, 1, 0]",22.22,23.52,28.01,14.46,513255.25
ASTE,56.4,8,"[1, 1, 1, 0, 1, 1, 1, 1, 1, 0]",53.75,51.71,64.85,37.5,191211.85
COLL,35.2,4,"[1, 0, 0, 0, 0, 1, 0, 0, 1, 1]",34.63,39.25,49.84,29.75,465941.1
TK,11.2,9,"[0, 1, 1, 1, 1, 1, 1, 1, 1, 1]",11.49,10.3,13.09,6.66,612608.85
VSTS,15.58,10,"[1, 1, 1, 1, 1, 1, 1, 1, 1, 1]",13.61,8.74,16.5,4.06,1412175.55
DLX,26.02,9,"[1, 1, 1, 0, 1, 1, 1, 1, 1, 1]",24.0,23.86,31.5,14.77,383231.25
CCO,2.41,10,"[1, 1, 1, 1, 1, 1, 1, 1, 1, 1]",2.4,2.2,2.43,1.02,7777417.25
ULCC,5.81,7,"[0, 1, 1, 1, 1, 1, 1, 0, 1, 0]",6.29,4.89,8.06,3.1,3992368.1
ITRN,54.77,8,"[0, 1, 1, 1, 1, 1, 1, 1, 1, 0]",60.18,48.19,65.85,30.77,157943.4
ELE,15.7,3,"[0, 0, 0, 0, 1, 0, 0, 0, 1, 1]",16.29,17.59,24.16,12.54,559037.45
ADTN,9.85,5,"[0, 0, 0, 1, 1, 1, 1, 0, 1, 0]",14.35,11.55,19.4,7.25,1934768.65
ACDC,4.26,5,"[0, 0, 0, 1, 1, 1, 1, 0, 1, 0]",6.17,5.37,8.16,3.19,1343768.3
XPEL,42.73,5,"[0, 0, 0, 0, 1, 1, 1, 1, 1, 0]",45.32,45.24,54.95,31.49,260674.75
PRCH,11.84,5,"[0, 1, 1, 1, 0, 0, 1, 0, 1, 0]",11.93,10.19,19.04,6.4,2039152.6
CMP,29.44,8,"[0, 1, 1, 1, 1, 1, 1, 1, 1, 0]",30.23,24.01,33.51,16.54,396468.3
NEO,13.89,10,"[1, 1, 1, 1, 1, 1, 1, 1, 1, 1]",11.98,10.7,15.16,4.84,3033345.5
MPLT,36.56,7,"[1, 1, 0, 1, 0, 0, 1, 1, 1, 1]",32.05,36.56,39.8,12.81,600109.4
AVNS,24.99,10,"[1, 1, 1, 1, 1, 1, 1, 1, 1, 1]",24.9,16.92,25.05,9.89,698028.05
GOOS,8.89,1,"[0, 0, 0, 0, 0, 0, 0, 0, 1, 0]",9.71,11.72,15.1,8.89,564367.1
PRSU,52.04,9,"[1, 1, 1, 1, 1, 1, 1, 1, 1, 0]",49.11,39.55,55.97,28.29,308760.5
VYX,7.67,3,"[1, 0, 0, 0, 0, 0, 0, 0, 1, 1]",7.46,8.79,14.39,6.15,2247510.15
GOLD,39.35,4,"[0, 0, 0, 0, 1, 1, 1, 0, 1, 0]",41.13,40.05,63.6,20.24,413983.0
HQH,21.5,10,"[1, 1, 1, 1, 1, 1, 1, 1, 1, 1]",20.33,18.56,22.09,13.76,289331.3
EYPT,12.19,3,"[0, 0, 0, 0, 1, 1, 0, 0, 1, 0]",13.16,14.13,18.85,9.71,1644890.0
AOSL,30.85,7,"[0, 1, 1, 1, 1, 1, 1, 0, 1, 0]",41.35,29.08,53.32,17.47,675967.5
ALNT,86.78,9,"[1, 1, 1, 1, 1, 1, 1, 1, 1, 0]",85.01,66.45,102.93,37.93,293886.8
GNK,26.77,10,"[1, 1, 1, 1, 1, 1, 1, 1, 1, 1]",24.4,20.96,26.77,14.87,278864.95
LQDT,37.56,9,"[1, 1, 1, 1, 1, 1, 1, 1, 1, 0]",37.29,31.8,41.02,22.16,235604.25
XERS,8.32,9,"[1, 1, 1, 1, 0, 1, 1, 1, 1, 1]",7.25,7.08,9.9,5.0,2288534.6
CDNA,37.14,10,"[1, 1, 1, 1, 1, 1, 1, 1, 1, 1]",26.6,20.37,40.34,11.57,1083303.9
ZBIO,30.39,7,"[1, 1, 1, 0, 0, 1, 1, 0, 1, 1]",22.79,25.57,43.17,14.63,1112881.95
EVEX,2.29,1,"[0, 0, 0, 0, 0, 0, 0, 0, 1, 0]",2.75,3.46,6.96,2.18,1198554.05
AMN,32.89,10,"[1, 1, 1, 1, 1, 1, 1, 1, 1, 1]",31.2,21.95,35.77,15.1,869829.55
BUR,4.14,2,"[0, 0, 0, 0, 0, 0, 0, 0, 1, 1]",4.32,7.25,13.82,3.92,2223646.3
TDAY,8.4,10,"[1, 1, 1, 1, 1, 1, 1, 1, 1, 1]",8.08,6.35,8.86,3.49,1529229.05
ACVA,7.73,7,"[1, 1, 1, 1, 0, 0, 1, 0, 1, 1]",6.58,6.77,14.58,4.15,3397323.85
KODK,8.23,4,"[0, 0, 0, 0, 1, 1, 1, 0, 1, 0]",9.12,8.68,14.51,5.43,815279.95
DBVT,13.63,4,"[0, 0, 0, 0, 1, 1, 1, 0, 1, 0]",16.73,18.28,24.54,8.51,260846.55
IVA,4.46,5,"[1, 0, 0, 0, 1, 0, 1, 0, 1, 1]",4.32,5.08,7.15,3.04,1420957.4
ASST,11.49,4,"[0, 0, 0, 1, 0, 0, 1, 0, 1, 1]",14.37,16.05,178.2,7.16,3406703.6
UVE,41.61,10,"[1, 1, 1, 1, 1, 1, 1, 1, 1, 1]",39.15,34.37,43.01,22.38,259083.6
OSBC,24.03,10,"[1, 1, 1, 1, 1, 1, 1, 1, 1, 1]",22.26,20.28,24.03,16.38,471728.95
MNKD,4.13,5,"[1, 1, 0, 0, 0, 0, 1, 0, 1, 1]",3.77,4.37,6.21,2.28,5142204.0
GHM,103.93,8,"[0, 1, 1, 1, 1, 1, 1, 1, 1, 0]",106.12,82.06,123.79,46.97,270628.8
BFLY,6.58,8,"[1, 1, 1, 1, 1, 1, 1, 0, 1, 0]",6.18,4.23,8.91,1.33,8950466.25
NWPX,129.31,9,"[1, 1, 1, 1, 1, 1, 1, 1, 1, 0]",129.12,84.9,149.94,40.54,219305.5
LGIH,60.16,9,"[1, 1, 1, 1, 1, 1, 1, 1, 1, 0]",53.99,48.65,67.47,34.24,327750.4
SATL,3.59,5,"[0, 0, 0, 1, 1, 1, 1, 0, 1, 0]",6.51,4.38,10.74,1.27,5763770.95
IART,19.79,9,"[1, 1, 1, 1, 0, 1, 1, 1, 1, 1]",17.24,13.23,19.85,8.9,942759.85
UVSP,44.1,10,"[1, 1, 1, 1, 1, 1, 1, 1, 1, 1]",41.88,35.37,45.21,27.36,279856.15
RJET,17.29,2,"[0, 0, 0, 1, 0, 0, 0, 0, 1, 0]",19.25,19.61,25.35,16.05,188921.15
SEPN,33.1,9,"[1, 1, 1, 1, 1, 1, 1, 1, 1, 0]",32.54,26.97,37.84,10.93,576615.9
SVRA,5.51,7,"[1, 0, 1, 0, 1, 1, 1, 1, 1, 0]",5.51,5.36,6.94,2.56,1972571.1
SVC,8.46,4,"[1, 0, 0, 0, 0, 0, 1, 0, 1, 1]",8.45,9.18,14.83,5.83,2209700.8
TNDM,17.12,6,"[1, 0, 0, 0, 1, 1, 1, 0, 1, 1]",16.05,18.91,28.26,10.11,1637883.15
PDM,9.79,9,"[1, 1, 1, 1, 0, 1, 1, 1, 1, 1]",8.98,8.24,9.88,6.39,981357.55
ATEX,94.0,10,"[1, 1, 1, 1, 1, 1, 1, 1, 1, 1]",81.74,42.78,108.21,17.99,482987.8
PLOW,46.18,8,"[0, 1, 1, 1, 1, 1, 1, 1, 1, 0]",46.23,39.57,54.2,27.05,299365.25
RERE,3.88,3,"[0, 0, 0, 0, 1, 0, 0, 0, 1, 1]",4.17,4.71,6.2,3.05,827791.95
APEI,47.71,7,"[0, 0, 1, 1, 1, 1, 1, 1, 1, 0]",52.99,46.25,60.86,28.03,361001.15
CEVA,36.35,7,"[0, 1, 1, 1, 1, 1, 1, 0, 1, 0]",42.74,28.2,50.06,17.21,650275.7
INNV,11.56,10,"[1, 1, 1, 1, 1, 1, 1, 1, 1, 1]",9.46,7.38,12.11,3.13,419763.65
HTLD,14.28,8,"[0, 1, 1, 1, 1, 1, 1, 1, 1, 0]",14.91,11.15,16.2,7.04,633275.15
CFFN,8.65,10,"[1, 1, 1, 1, 1, 1, 1, 1, 1, 1]",8.16,7.17,8.79,5.49,819182.85
OMER,9.79,4,"[0, 0, 0, 0, 1, 1, 1, 0, 1, 0]",10.45,10.8,17.18,3.61,1880228.65
LMRI,10.93,5,"[1, 0, 0, 0, 1, 0, 1, 0, 1, 1]",9.63,10.93,18.53,6.77,574411.8
LXU,12.24,8,"[1, 1, 1, 0, 1, 1, 1, 0, 1, 1]",12.01,11.24,16.88,7.16,768933.4
GDRX,2.96,7,"[1, 1, 1, 1, 0, 0, 1, 0, 1, 1]",2.81,2.72,5.12,1.87,1002445.2
ODV,2.26,1,"[0, 0, 0, 0, 0, 0, 0, 0, 1, 0]",2.58,3.29,4.78,2.15,2293306.6
KOPN,3.58,7,"[0, 1, 1, 1, 1, 1, 1, 0, 1, 0]",4.65,3.29,6.39,1.74,4728350.4
DAKT,19.48,3,"[0, 0, 0, 0, 1, 0, 0, 0, 1, 1]",19.89,20.5,27.73,15.84,631501.75
INR,13.2,3,"[0, 0, 0, 0, 1, 0, 0, 0, 1, 1]",13.39,14.61,19.23,11.2,323911.4
EPC,27.63,10,"[1, 1, 1, 1, 1, 1, 1, 1, 1, 1]",22.91,20.37,29.66,15.68,837292.15
INDI,3.47,4,"[0, 0, 0, 1, 0, 1, 1, 0, 1, 0]",4.22,3.98,6.0,2.44,5553201.05
PHAT,11.44,4,"[1, 0, 0, 0, 0, 0, 1, 0, 1, 1]",10.94,12.69,18.08,8.35,1183191.0
CRON,2.81,10,"[1, 1, 1, 1, 1, 1, 1, 1, 1, 1]",2.74,2.64,3.27,1.95,871771.0
JMIA,5.86,2,"[0, 0, 0, 0, 0, 0, 1, 0, 1, 0]",6.85,9.3,14.6,4.45,1610041.45
XNCR,19.44,9,"[1, 1, 1, 1, 0, 1, 1, 1, 1, 1]",13.88,13.62,20.45,7.0,1101507.5
CMPS,11.26,7,"[0, 1, 1, 1, 1, 1, 1, 0, 1, 0]",12.39,8.11,15.07,3.94,4874632.5
METC,10.35,1,"[0, 0, 0, 0, 0, 0, 0, 0, 1, 0]",13.76,18.64,54.55,10.35,1471058.6
AMBQ,70.28,8,"[0, 1, 1, 1, 1, 1, 1, 1, 1, 0]",79.94,42.8,90.48,22.76,526476.45
NUTX,145.87,7,"[0, 1, 1, 1, 1, 1, 1, 0, 1, 0]",149.94,131.8,196.53,80.92,137438.8
CODI,10.03,9,"[0, 1, 1, 1, 1, 1, 1, 1, 1, 1]",10.66,8.08,12.48,4.65,790559.55
SANA,3.18,2,"[0, 0, 0, 0, 0, 1, 0, 0, 1, 0]",3.24,3.86,5.92,2.68,3128132.85
SCSC,54.88,10,"[1, 1, 1, 1, 1, 1, 1, 1, 1, 1]",49.29,42.13,55.51,34.27,206189.5
NX,18.6,9,"[1, 1, 1, 0, 1, 1, 1, 1, 1, 1]",17.45,17.08,22.34,11.09,365515.95
AVO,12.42,6,"[1, 0, 0, 0, 1, 1, 0, 1, 1, 1]",12.03,12.68,15.34,10.11,1237499.0
ANNX,5.22,6,"[0, 0, 1, 0, 1, 1, 1, 0, 1, 1]",5.37,5.08,6.96,2.05,5115661.45
AMTB,28.5,10,"[1, 1, 1, 1, 1, 1, 1, 1, 1, 1]",24.13,21.44,28.5,16.48,416589.25
ABSI,7.56,7,"[0, 1, 1, 1, 1, 1, 1, 0, 1, 0]",7.88,4.56,11.62,2.3,4869949.5
AMC,2.27,7,"[1, 1, 1, 1, 0, 0, 1, 0, 1, 1]",1.95,1.8,3.25,0.95,53179686.35
ORIC,12.1,7,"[1, 1, 1, 0, 0, 0, 1, 1, 1, 1]",9.32,10.64,14.41,7.47,1752503.55
RHLD,131.68,6,"[1, 0, 0, 0, 1, 1, 1, 0, 1, 1]",126.08,153.42,226.37,39.24,148947.3
TBN,34.19,9,"[1, 1, 1, 1, 1, 1, 1, 0, 1, 1]",33.92,30.59,49.99,19.49,147796.7
JBSS,81.19,9,"[1, 1, 1, 1, 1, 1, 1, 1, 1, 0]",80.21,74.53,90.6,57.6,122278.35
MGTX,11.77,10,"[1, 1, 1, 1, 1, 1, 1, 1, 1, 1]",11.11,8.99,14.66,6.99,1100463.9
HEPS,2.82,8,"[1, 1, 1, 1, 1, 1, 0, 1, 1, 0]",2.81,2.68,3.29,2.18,125124.1
AGL,98.0,8,"[0, 1, 1, 1, 1, 1, 1, 1, 1, 0]",103.65,40.7,129.84,7.91,337988.7
HAFC,31.69,9,"[1, 1, 1, 1, 1, 1, 1, 1, 1, 0]",31.25,27.95,33.31,21.52,292465.95
SLS,11.32,9,"[1, 1, 1, 1, 1, 1, 1, 0, 1, 1]",10.16,5.19,15.45,1.39,11010468.65
BJRI,66.86,10,"[1, 1, 1, 1, 1, 1, 1, 1, 1, 1]",53.43,41.86,68.84,28.69,479964.7
CGEM,17.1,9,"[1, 1, 1, 1, 1, 1, 1, 1, 1, 0]",16.12,12.8,18.48,5.75,734771.25
VPG,104.44,7,"[0, 1, 1, 1, 1, 1, 1, 0, 1, 0]",120.43,62.72,149.91,25.8,545321.4
SHEN,11.42,3,"[0, 0, 0, 1, 1, 0, 0, 0, 1, 0]",14.58,13.42,17.1,9.9,480623.7
ROOT,57.95,5,"[1, 1, 0, 0, 0, 0, 1, 0, 1, 1]",56.81,63.26,125.54,43.21,242034.9
GERN,1.42,7,"[1, 0, 1, 0, 1, 1, 1, 0, 1, 1]",1.31,1.4,1.95,1.07,10146181.55
VLRS,7.62,4,"[0, 0, 0, 0, 1, 1, 1, 0, 1, 0]",8.0,7.95,10.63,5.44,709304.0
LXRX,2.29,9,"[1, 1, 1, 1, 1, 1, 1, 1, 1, 0]",2.17,1.65,2.64,1.02,4766346.4
DSGN,11.78,7,"[0, 1, 1, 1, 1, 1, 1, 0, 1, 0]",12.44,10.49,15.79,3.82,906617.65
HNRG,15.24,1,"[0, 0, 0, 0, 0, 0, 0, 0, 1, 0]",17.38,18.5,23.81,15.03,730845.25
NB,4.14,2,"[0, 0, 0, 0, 0, 0, 1, 0, 1, 0]",5.05,5.88,11.67,2.71,3125337.5
MATW,27.69,9,"[1, 1, 1, 1, 1, 1, 0, 1, 1, 1]",26.62,25.67,28.35,21.44,309851.15
TBPH,16.86,6,"[1, 0, 0, 0, 1, 1, 1, 1, 1, 0]",16.65,16.99,20.74,10.9,975510.75
BVS,11.8,10,"[1, 1, 1, 1, 1, 1, 1, 1, 1, 1]",10.08,8.67,12.43,6.14,724347.3
OMDA,20.53,9,"[1, 1, 1, 1, 0, 1, 1, 1, 1, 1]",19.49,17.15,26.78,10.94,1310475.9
SCHL,43.15,8,"[0, 1, 1, 1, 1, 1, 1, 1, 1, 0]",43.54,35.59,47.34,23.76,346970.15
TALK,5.21,10,"[1, 1, 1, 1, 1, 1, 1, 1, 1, 1]",5.21,4.36,5.24,2.27,2091274.05
ABX,10.38,10,"[1, 1, 1, 1, 1, 1, 1, 1, 1, 1]",9.88,8.37,12.0,4.87,802396.0
SPRY,5.94,1,"[0, 0, 0, 0, 0, 0, 0, 0, 1, 0]",8.34,9.12,18.35,5.94,2163409.0
CTMX,3.24,4,"[0, 0, 0, 0, 1, 1, 1, 0, 1, 0]",3.45,4.19,6.75,1.76,5313970.9
MYE,31.44,10,"[1, 1, 1, 1, 1, 1, 1, 1, 1, 1]",27.25,21.52,35.31,14.25,550901.75
ABUS,4.38,5,"[0, 0, 0, 1, 0, 1, 1, 1, 1, 0]",4.51,4.45,5.22,3.22,2598029.65
AEVA,14.85,5,"[0, 0, 0, 1, 1, 1, 1, 0, 1, 0]",22.43,16.54,29.29,9.19,1880552.55
KOP,50.22,10,"[1, 1, 1, 1, 1, 1, 1, 1, 1, 1]",44.34,35.29,51.47,26.16,165327.7
NBBK,22.43,9,"[1, 1, 1, 0, 1, 1, 1, 1, 1, 1]",20.53,20.25,22.56,16.64,319752.35
IBTA,26.25,5,"[0, 0, 0, 1, 1, 1, 1, 0, 1, 0]",32.02,28.18,40.06,19.25,168766.45
CRSR,9.85,9,"[1, 1, 1, 1, 0, 1, 1, 1, 1, 1]",9.07,6.95,12.14,4.58,1546753.4
KRO,6.61,8,"[0, 1, 1, 1, 1, 1, 1, 1, 1, 0]",6.65,5.77,7.82,4.21,374001.1
ODD,15.34,4,"[1, 0, 0, 0, 0, 0, 1, 0, 1, 1]",13.69,26.47,74.04,9.81,1251859.3
DRUG,71.33,5,"[0, 0, 0, 0, 1, 1, 1, 0, 1, 1]",72.46,75.37,95.99,33.63,284400.4
KURA,10.39,9,"[1, 1, 1, 1, 0, 1, 1, 1, 1, 1]",10.2,9.66,12.14,5.54,1630472.6
SCZM,6.29,3,"[0, 0, 0, 0, 1, 0, 1, 0, 1, 0]",7.14,8.45,16.16,3.28,444458.7
CVLG,46.75,10,"[1, 1, 1, 1, 1, 1, 1, 1, 1, 1]",42.98,29.66,49.88,17.94,176997.7
PURR,6.19,4,"[0, 1, 0, 1, 0, 0, 1, 0, 1, 0]",8.18,6.19,10.97,3.1,10927014.2
TSAT,37.47,6,"[0, 0, 1, 1, 1, 1, 1, 0, 1, 0]",46.28,36.99,58.51,19.93,211893.35
SG,6.0,3,"[0, 0, 0, 1, 1, 0, 0, 0, 1, 0]",8.21,6.88,14.78,4.7,5646509.8
VOR,19.26,7,"[1, 1, 1, 1, 0, 0, 1, 0, 1, 1]",16.18,15.82,48.72,6.86,1766094.05
EVMN,11.36,2,"[0, 0, 0, 0, 1, 0, 0, 0, 1, 0]",18.37,11.36,31.57,11.32,1442796.5
WYFI,23.63,6,"[0, 1, 1, 1, 0, 1, 1, 0, 1, 0]",30.89,22.67,44.77,10.78,3014032.65
SABR,1.66,6,"[0, 1, 1, 1, 0, 1, 1, 0, 1, 0]",1.78,1.62,3.17,0.82,3728506.55
CGNT,8.31,6,"[0, 0, 0, 1, 1, 1, 1, 0, 1, 1]",9.2,8.81,12.24,6.34,584521.9
ETON,42.59,10,"[1, 1, 1, 1, 1, 1, 1, 1, 1, 1]",34.44,22.99,44.14,14.13,542931.25
WEST,7.6,8,"[0, 1, 1, 1, 1, 1, 1, 1, 1, 0]",8.13,5.52,9.73,3.71,666326.5
EGBN,28.44,10,"[1, 1, 1, 1, 1, 1, 1, 1, 1, 1]",27.15,23.97,29.13,15.78,368944.45
GO,9.01,4,"[0, 1, 0, 1, 0, 0, 1, 0, 1, 0]",9.11,9.73,18.66,5.79,2117389.25
BIOA,21.77,9,"[1, 1, 1, 1, 1, 1, 1, 1, 1, 0]",20.12,16.17,25.1,4.12,705973.1
ASC,16.61,10,"[1, 1, 1, 1, 1, 1, 1, 1, 1, 1]",16.55,14.06,19.22,9.86,666570.85
ADAM,8.65,8,"[0, 1, 1, 1, 1, 1, 1, 1, 1, 0]",8.91,7.59,9.51,5.58,851027.8
DXYZ,23.3,3,"[0, 0, 0, 1, 1, 0, 0, 0, 1, 0]",35.46,30.61,71.24,20.82,1043889.8
SUPV,9.52,5,"[0, 0, 0, 0, 1, 1, 1, 0, 1, 1]",9.53,9.85,12.86,4.69,397690.05
NRGV,2.88,5,"[0, 0, 0, 1, 1, 1, 1, 0, 1, 0]",4.43,4.1,6.49,1.05,5658100.05
IMSR,4.88,1,"[0, 0, 0, 0, 0, 0, 0, 0, 1, 0]",6.94,9.12,27.1,4.62,1854500.2
ANRO,26.78,10,"[1, 1, 1, 1, 1, 1, 1, 1, 1, 1]",23.49,19.01,28.07,3.05,798002.3
KFRC,55.12,10,"[1, 1, 1, 1, 1, 1, 1, 1, 1, 1]",48.55,34.89,58.71,23.68,249464.9
CWH,5.71,1,"[0, 0, 0, 0, 0, 0, 0, 0, 1, 0]",7.01,9.54,17.71,5.63,2441413.25
ARKO,7.93,10,"[1, 1, 1, 1, 1, 1, 1, 1, 1, 1]",7.75,5.86,8.64,3.76,750117.55
IHRT,3.54,5,"[0, 0, 0, 1, 1, 1, 1, 0, 1, 0]",4.19,3.86,6.33,1.6,768724.6
PSTL,24.0,9,"[1, 1, 1, 1, 1, 1, 1, 1, 1, 0]",23.64,18.98,24.98,13.16,322107.25
MTUS,20.97,10,"[1, 1, 1, 1, 1, 1, 1, 1, 1, 1]",19.33,18.21,21.51,14.56,402335.35
RLMD,5.18,6,"[0, 0, 1, 1, 1, 1, 1, 0, 1, 0]",6.45,5.14,7.86,0.56,2540292.5
CRESY,11.19,6,"[0, 0, 0, 0, 1, 1, 1, 1, 1, 1]",11.25,11.41,14.11,7.88,316052.2
CBLL,16.91,4,"[0, 0, 0, 0, 1, 1, 1, 0, 1, 0]",18.43,18.34,23.43,10.92,400312.1
LYTS,23.23,8,"[0, 1, 1, 1, 1, 1, 1, 1, 1, 0]",24.48,21.51,26.8,17.17,314069.45
NXDR,2.19,8,"[0, 1, 1, 1, 0, 1, 1, 1, 1, 1]",2.2,1.89,2.77,1.36,2857822.0
DSP,10.7,5,"[0, 0, 0, 1, 1, 1, 1, 0, 1, 0]",11.81,10.94,14.79,8.14,243514.6
PGC,46.38,9,"[1, 1, 1, 1, 1, 1, 1, 1, 1, 0]",45.03,35.1,48.33,24.59,260077.35
HZO,36.33,9,"[1, 1, 1, 1, 1, 1, 1, 1, 1, 0]",34.51,28.73,37.74,21.43,285175.2
ALLO,1.74,4,"[0, 0, 0, 0, 1, 1, 1, 0, 1, 0]",2.0,1.85,3.06,1.03,9344919.6
HSHP,16.12,10,"[1, 1, 1, 1, 1, 1, 1, 1, 1, 1]",14.36,11.24,16.12,6.32,345110.8
DRTS,12.5,10,"[1, 1, 1, 1, 1, 1, 1, 1, 1, 1]",11.07,7.32,13.57,2.9,838447.45
FOXF,18.51,5,"[1, 1, 1, 0, 0, 0, 1, 0, 1, 0]",17.61,18.02,30.37,13.19,617436.15
WRLD,204.67,10,"[1, 1, 1, 1, 1, 1, 1, 1, 1, 1]",181.44,152.19,223.83,115.57,132924.4
PRAA,16.98,8,"[1, 1, 1, 0, 1, 1, 1, 1, 1, 0]",16.43,16.35,22.23,10.42,382010.75
NTGR,24.93,6,"[1, 1, 1, 1, 0, 0, 0, 0, 1, 1]",24.09,24.8,36.01,19.87,362821.2
HPK,7.65,8,"[1, 1, 1, 1, 0, 1, 1, 0, 1, 1]",7.36,6.13,10.23,3.89,494908.25
KRNT,15.23,6,"[0, 1, 1, 1, 1, 1, 0, 0, 1, 0]",15.67,14.78,21.89,12.31,185695.8
FCEL,21.26,8,"[0, 1, 1, 1, 1, 1, 1, 0, 1, 1]",22.0,11.75,36.01,3.92,14315929.1
EVER,25.04,9,"[1, 1, 1, 1, 0, 1, 1, 1, 1, 1]",21.72,20.93,27.87,14.27,759907.6
GFR,6.51,10,"[1, 1, 1, 1, 1, 1, 1, 1, 1, 1]",5.87,5.54,6.92,4.31,166451.85
LPTH,10.83,5,"[0, 0, 0, 1, 1, 1, 1, 0, 1, 0]",13.92,11.3,18.15,2.96,3203204.25
RMT,13.76,8,"[0, 1, 1, 1, 1, 1, 1, 1, 1, 0]",13.85,11.72,14.68,8.7,154249.65
SB,7.67,10,"[1, 1, 1, 1, 1, 1, 1, 1, 1, 1]",6.75,5.81,7.67,3.75,992407.2
HIVE,2.96,4,"[0, 1, 0, 1, 0, 0, 1, 0, 1, 0]",3.69,3.28,6.96,1.75,19979010.0
SLDB,7.83,7,"[0, 1, 1, 1, 1, 1, 1, 0, 1, 0]",8.17,6.75,11.15,3.93,1695928.7
GDOT,13.28,8,"[1, 1, 1, 1, 1, 0, 1, 1, 1, 0]",13.05,12.34,15.25,9.64,390125.1
MAKO,7.08,7,"[0, 0, 1, 1, 1, 1, 1, 1, 1, 0]",7.74,6.83,8.7,3.66,118016.2
MVST,0.8,1,"[0, 0, 0, 0, 0, 0, 0, 0, 1, 0]",1.2,2.54,6.4,0.8,4718722.05
MITK,16.87,8,"[0, 1, 1, 1, 1, 1, 1, 1, 1, 0]",17.24,13.01,20.14,8.65,1005978.55
RDVT,60.86,9,"[1, 1, 1, 1, 0, 1, 1, 1, 1, 1]",57.97,50.0,68.71,34.4,190028.15
KRUS,44.17,2,"[0, 0, 0, 0, 1, 0, 0, 0, 1, 0]",50.75,57.95,90.36,42.67,382895.15
MRLN,3.47,1,"[0, 0, 0, 0, 0, 0, 0, 0, 1, 0]",5.93,9.38,16.09,3.34,1909376.3
BLMN,7.94,7,"[0, 1, 1, 1, 0, 1, 1, 1, 1, 0]",8.11,7.0,9.84,5.26,2030673.2
IRWD,3.71,5,"[0, 0, 1, 0, 1, 1, 1, 0, 1, 0]",3.82,3.6,5.39,0.75,2530962.5
HUYA,2.36,3,"[0, 0, 0, 0, 1, 0, 0, 0, 1, 1]",2.41,2.92,4.6,2.19,485470.65
SLDP,2.08,1,"[0, 0, 0, 0, 0, 0, 0, 0, 1, 0]",2.74,4.07,8.51,2.08,4190401.8
ACRS,5.23,10,"[1, 1, 1, 1, 1, 1, 1, 1, 1, 1]",4.91,3.65,5.71,1.53,2082531.5
HRTG,27.82,8,"[1, 1, 1, 0, 0, 1, 1, 1, 1, 1]",24.4,26.25,31.14,19.02,333635.95
CYRX,15.37,9,"[1, 1, 1, 1, 1, 1, 1, 1, 1, 0]",15.19,10.91,16.57,6.74,772320.2
CTO,22.0,10,"[1, 1, 1, 1, 1, 1, 1, 1, 1, 1]",20.9,18.42,22.53,14.38,392064.6
ASPI,3.87,2,"[0, 0, 0, 1, 0, 0, 0, 0, 1, 0]",5.93,6.39,14.05,3.87,4244118.7
OXM,38.65,7,"[0, 1, 1, 1, 1, 0, 0, 1, 1, 1]",38.78,37.46,48.22,30.22,416416.3
GRPN,25.81,8,"[1, 1, 1, 1, 0, 1, 1, 0, 1, 1]",21.17,17.0,36.89,9.64,1711456.75
ALRS,32.7,10,"[1, 1, 1, 1, 1, 1, 1, 1, 1, 1]",29.8,24.81,32.7,19.74,273593.2
LAES,2.43,1,"[0, 0, 0, 0, 0, 0, 0, 0, 1, 0]",3.05,3.89,7.65,2.09,14551003.9
