ticker,price,score,points,sma50,sma200,wk52_high,wk52_low,volume
NVDA,217.55,10,"[1, 1, 1, 1, 1, 1, 1, 1, 1, 1]",208.42,195.67,235.47,164.98,127842524.4
GOOGL,346.59,8,"[0, 1, 1, 1, 1, 1, 1, 1, 1, 0]",349.78,334.32,402.38,210.75,24394600.95
GOOG,342.88,8,"[0, 1, 1, 1, 1, 1, 1, 1, 1, 0]",348.01,333.27,398.8,211.39,16609715.35
AAPL,319.7,10,"[1, 1, 1, 1, 1, 1, 1, 1, 1, 1]",311.81,282.15,339.79,225.96,43050864.25
AMZN,266.43,9,"[1, 1, 1, 1, 1, 1, 1, 1, 1, 0]",251.66,238.68,284.02,198.79,38227500.2
AVGO,368.79,6,"[0, 0, 1, 1, 1, 1, 0, 1, 1, 0]",386.09,368.53,480.81,292.95,19408725.8
TSM,417.52,9,"[0, 1, 1, 1, 1, 1, 1, 1, 1, 1]",423.43,368.47,477.57,225.89,10140037.35
TSLA,348.75,2,"[0, 0, 0, 0, 0, 0, 0, 0, 1, 1]",360.47,400.93,489.88,298.32,33171602.75
WMT,103.09,4,"[0, 0, 0, 0, 1, 1, 0, 1, 1, 0]",111.77,118.04,133.88,96.17,27399147.95
LLY,1174.61,9,"[0, 1, 1, 1, 1, 1, 1, 1, 1, 1]",1185.53,1056.68,1280.34,710.11,2851352.8
MU,932.86,9,"[0, 1, 1, 1, 1, 1, 1, 1, 1, 1]",954.97,588.28,1213.37,118.29,30398868.75
AMD,465.58,8,"[0, 1, 1, 1, 1, 1, 1, 1, 1, 0]",506.08,335.55,580.91,151.14,22432795.7
INTC,89.47,7,"[0, 1, 1, 1, 1, 1, 1, 0, 1, 0]",104.92,72.78,140.94,24.0,102008142.8
XOM,156.71,9,"[1, 1, 1, 0, 1, 1, 1, 1, 1, 1]",149.78,141.91,169.22,106.15,14055810.45
ASML,1696.16,9,"[0, 1, 1, 1, 1, 1, 1, 1, 1, 1]",1767.0,1460.37,1986.87,721.1,1184095.3
ORCL,150.85,4,"[1, 0, 0, 0, 0, 0, 1, 0, 1, 1]",141.4,169.74,324.63,114.99,25111757.05
JNJ,268.04,10,"[1, 1, 1, 1, 1, 1, 1, 1, 1, 1]",256.98,231.46,273.14,170.32,6449801.7
CAT,800.25,7,"[0, 0, 1, 1, 1, 1, 1, 1, 1, 0]",893.19,765.12,1062.93,411.42,2696199.75
CSCO,109.93,8,"[0, 1, 1, 1, 1, 1, 1, 1, 1, 0]",115.26,93.37,129.52,65.18,20540156.2
LRCX,301.9,8,"[0, 1, 1, 1, 1, 1, 1, 0, 1, 1]",331.21,257.11,433.33,96.5,8149840.55
CVX,201.86,10,"[1, 1, 1, 1, 1, 1, 1, 1, 1, 1]",186.2,176.72,207.42,142.76,7851363.1
AMAT,461.67,7,"[0, 1, 1, 1, 1, 1, 1, 0, 1, 0]",550.62,400.79,722.23,155.39,7249720.7
UNH,392.95,8,"[0, 1, 1, 1, 1, 1, 1, 1, 1, 0]",412.83,347.27,436.35,257.55,4039553.2
BABA,118.9,2,"[1, 0, 0, 0, 0, 0, 0, 0, 1, 0]",115.08,135.63,187.62,94.81,13087382.35
GE,342.58,7,"[0, 1, 1, 1, 1, 1, 0, 1, 1, 0]",359.91,320.09,381.22,272.91,3574472.7
HSBC,103.53,9,"[1, 1, 1, 1, 1, 1, 1, 1, 1, 0]",100.6,86.86,107.34,61.26,1182516.2
MS,214.77,9,"[0, 1, 1, 1, 1, 1, 1, 1, 1, 1]",215.82,187.98,227.3,144.81,4224359.65
AZN,162.7,3,"[0, 0, 0, 0, 1, 0, 0, 1, 1, 0]",170.85,183.62,208.62,145.54,4408295.7
GEV,911.93,7,"[0, 0, 1, 1, 1, 1, 1, 1, 1, 0]",1031.65,876.86,1174.86,546.95,1951313.6
GS,1033.99,9,"[0, 1, 1, 1, 1, 1, 1, 1, 1, 1]",1050.3,937.97,1152.07,719.98,1844873.55
MRK,148.35,10,"[1, 1, 1, 1, 1, 1, 1, 1, 1, 1]",131.45,115.93,156.45,75.83,11220108.05
NVS,153.81,8,"[0, 1, 1, 1, 1, 1, 1, 1, 1, 0]",154.8,147.28,163.64,118.2,1396793.5
TXN,258.64,8,"[0, 1, 1, 1, 1, 1, 1, 1, 1, 0]",285.02,235.0,330.59,150.79,5858112.3
RY,204.23,8,"[0, 1, 1, 1, 1, 1, 1, 1, 1, 0]",208.36,179.03,216.57,141.81,1345217.6
KLAC,175.54,6,"[0, 0, 1, 1, 1, 1, 1, 0, 1, 0]",213.47,169.68,301.37,83.94,9609333.2
RTX,211.71,9,"[1, 1, 1, 1, 1, 1, 1, 1, 1, 0]",205.32,191.07,225.49,149.53,4373287.45
SNDK,1484.98,8,"[0, 1, 1, 1, 1, 1, 1, 0, 1, 1]",1604.64,970.8,2335.0,51.07,13767981.75
QCOM,164.19,4,"[0, 0, 0, 1, 0, 0, 1, 0, 1, 1]",173.51,167.05,250.1,123.61,9696767.3
ARM,239.05,7,"[0, 1, 1, 1, 1, 1, 1, 0, 1, 0]",287.86,199.34,439.46,104.55,4287850.25
C,132.9,9,"[0, 1, 1, 1, 1, 1, 1, 1, 1, 1]",135.83,121.3,144.93,91.98,8782479.45
BHP,95.15,10,"[1, 1, 1, 1, 1, 1, 1, 1, 1, 1]",86.21,75.1,98.69,51.13,2773096.95
ADI,361.78,7,"[0, 0, 1, 1, 1, 1, 1, 1, 1, 0]",383.91,344.2,445.48,223.1,3653134.3
NVO,45.61,5,"[0, 1, 1, 1, 0, 0, 1, 0, 1, 0]",47.4,45.07,60.94,34.33,13891999.55
MUFG,22.9,10,"[1, 1, 1, 1, 1, 1, 1, 1, 1, 1]",21.83,18.67,23.1,14.62,2654480.7
TTE,86.35,8,"[1, 1, 1, 0, 1, 1, 1, 1, 1, 0]",83.64,79.37,93.6,55.92,1410845.5
NEE,81.84,3,"[0, 0, 0, 0, 1, 1, 0, 0, 1, 0]",86.93,87.17,,,10477016.05
BA,209.82,4,"[0, 0, 0, 0, 1, 1, 0, 1, 1, 0]",220.48,219.88,252.15,179.12,5362343.0
TD,121.25,10,"[1, 1, 1, 1, 1, 1, 1, 1, 1, 1]",120.35,102.71,124.8,73.39,2065909.75
SAN,14.67,10,"[1, 1, 1, 1, 1, 1, 1, 1, 1, 1]",14.06,12.31,14.82,9.33,20572971.85
RIO,103.3,9,"[1, 1, 1, 0, 1, 1, 1, 1, 1, 1]",94.68,89.77,109.63,58.89,2299493.2
ANET,195.38,10,"[1, 1, 1, 1, 1, 1, 1, 1, 1, 1]",180.48,150.45,210.5,116.13,7486534.3
STX,829.76,8,"[0, 1, 1, 1, 1, 1, 1, 1, 1, 0]",875.88,579.03,1093.26,166.03,4225863.3
DELL,456.24,10,"[1, 1, 1, 1, 1, 1, 1, 1, 1, 1]",432.88,244.07,494.51,110.54,5263846.05
PANW,371.59,10,"[1, 1, 1, 1, 1, 1, 1, 1, 1, 1]",343.42,229.58,396.0,141.67,5551131.7
WDC,459.45,7,"[0, 1, 1, 1, 1, 1, 1, 0, 1, 0]",531.18,365.48,746.23,80.12,7824290.25
GILD,145.68,9,"[1, 1, 1, 0, 1, 1, 1, 1, 1, 1]",134.1,132.68,153.91,108.5,6338652.2
GLW,148.98,7,"[0, 0, 1, 1, 1, 1, 1, 0, 1, 1]",171.12,141.99,255.69,66.58,9627772.45
BUD,80.13,8,"[0, 1, 1, 1, 1, 1, 1, 1, 1, 0]",81.25,73.78,86.48,57.08,1986011.5
APP,317.76,1,"[0, 0, 0, 0, 0, 0, 0, 0, 1, 0]",408.39,492.32,733.6,298.59,6513284.75
APH,157.74,8,"[0, 1, 1, 1, 1, 1, 1, 1, 1, 0]",161.11,144.79,176.32,108.12,5694088.75
DE,630.33,10,"[1, 1, 1, 1, 1, 1, 1, 1, 1, 1]",610.47,560.89,658.85,435.19,1141412.6
SCCO,209.8,10,"[1, 1, 1, 1, 1, 1, 1, 1, 1, 1]",186.15,174.24,219.7,92.12,1099877.7
WELL,238.07,10,"[1, 1, 1, 1, 1, 1, 1, 1, 1, 1]",234.22,208.38,251.12,162.79,2837386.45
MRVL,216.62,8,"[0, 1, 1, 1, 1, 1, 1, 0, 1, 1]",228.54,148.58,316.35,62.18,24814245.6
IBKR,95.84,10,"[1, 1, 1, 1, 1, 1, 1, 1, 1, 1]",92.2,78.2,98.19,59.96,4332022.45
COP,130.35,10,"[1, 1, 1, 1, 1, 1, 1, 1, 1, 1]",116.86,110.16,134.89,83.04,6887608.6
PLD,140.7,8,"[0, 1, 1, 1, 1, 1, 1, 1, 1, 0]",142.46,135.69,150.06,107.47,4320159.6
UBS,54.9,10,"[1, 1, 1, 1, 1, 1, 1, 1, 1, 1]",52.43,44.97,55.07,35.49,1455204.95
SMFG,25.92,10,"[1, 1, 1, 1, 1, 1, 1, 1, 1, 1]",25.3,21.87,26.5,15.2,1348648.7
CRWD,218.4,10,"[1, 1, 1, 1, 1, 1, 1, 1, 1, 1]",196.23,140.48,227.96,87.56,9064931.85
VRT,257.08,7,"[0, 0, 1, 1, 1, 1, 1, 0, 1, 1]",289.31,255.01,376.15,121.69,4558482.35
BTI,56.13,5,"[0, 0, 0, 1, 1, 1, 0, 1, 1, 0]",59.34,57.96,65.79,48.34,4209462.8
BBVA,29.0,10,"[1, 1, 1, 1, 1, 1, 1, 1, 1, 1]",26.77,23.34,29.21,17.13,1728115.4
NEM,127.98,9,"[1, 1, 1, 0, 1, 1, 1, 1, 1, 1]",104.36,107.31,135.14,73.62,7813434.6
PBR,18.53,8,"[1, 1, 1, 0, 1, 1, 1, 1, 1, 0]",17.36,16.29,21.24,11.06,18206159.8
PBR-A,16.77,9,"[1, 1, 1, 0, 1, 1, 1, 1, 1, 1]",15.5,14.82,19.11,10.33,7503378.3
SBUX,107.85,10,"[1, 1, 1, 1, 1, 1, 1, 1, 1, 1]",104.56,96.08,108.49,76.51,6114844.25
CVS,93.06,8,"[0, 1, 1, 1, 1, 1, 1, 1, 1, 0]",101.0,85.15,109.92,68.1,7689794.65
BMY,66.58,10,"[1, 1, 1, 1, 1, 1, 1, 1, 1, 1]",61.55,56.78,67.92,41.21,10559987.6
BP,42.15,8,"[1, 1, 1, 0, 1, 1, 1, 1, 1, 0]",41.02,39.69,46.52,31.17,8660002.05
PWR,602.7,7,"[0, 0, 1, 1, 1, 1, 1, 1, 1, 0]",661.99,583.26,785.12,372.18,1072094.8
PH,995.02,10,"[1, 1, 1, 1, 1, 1, 1, 1, 1, 1]",991.34,931.33,1073.87,712.17,685416.15
HWM,264.85,8,"[0, 1, 1, 1, 1, 1, 1, 1, 1, 0]",277.45,244.07,292.65,172.86,2112980.85
BMO,171.86,8,"[0, 1, 1, 1, 1, 1, 1, 1, 1, 0]",177.15,149.29,185.81,118.13,789526.85
EQIX,1044.41,9,"[0, 1, 1, 1, 1, 1, 1, 1, 1, 1]",1048.22,946.3,1110.63,715.18,570548.05
MFG,10.64,10,"[1, 1, 1, 1, 1, 1, 1, 1, 1, 1]",10.3,8.8,10.99,6.09,2822017.6
TT,448.96,6,"[0, 0, 1, 1, 1, 1, 0, 1, 1, 0]",472.81,442.68,503.46,374.67,944039.6
CM,114.33,8,"[0, 1, 1, 1, 1, 1, 1, 1, 1, 0]",117.31,102.67,123.74,76.11,1058155.25
CDNS,340.39,7,"[0, 1, 1, 1, 1, 0, 0, 1, 1, 1]",348.44,327.23,416.39,265.66,2058515.05
GSK,50.82,5,"[0, 0, 0, 0, 1, 1, 1, 1, 1, 0]",51.38,51.34,59.6,37.63,3095978.6
SNPS,442.61,4,"[1, 1, 0, 0, 0, 0, 0, 0, 1, 1]",417.01,446.63,609.08,372.33,1642540.35
AEM,206.25,9,"[1, 1, 1, 0, 1, 1, 1, 1, 1, 1]",165.74,185.25,251.57,136.34,3597332.95
HCA,417.82,4,"[1, 0, 0, 0, 0, 0, 0, 1, 1, 1]",400.27,452.47,543.23,360.6,1172335.05
BNS,92.39,10,"[1, 1, 1, 1, 1, 1, 1, 1, 1, 1]",87.99,77.15,93.59,61.54,2226598.75
CMI,564.85,6,"[0, 0, 0, 1, 1, 1, 1, 1, 1, 0]",646.41,593.89,724.89,386.48,942462.6
MAR,351.08,7,"[0, 0, 1, 1, 1, 1, 1, 1, 1, 0]",366.22,342.2,401.72,256.9,1750377.8
CNQ,48.99,10,"[1, 1, 1, 1, 1, 1, 1, 1, 1, 1]",44.89,41.59,51.4,29.33,6049809.7
EQNR,41.39,10,"[1, 1, 1, 1, 1, 1, 1, 1, 1, 1]",37.37,32.38,42.86,21.68,2680192.35
ITUB,7.5,4,"[0, 0, 0, 0, 1, 1, 0, 1, 1, 0]",8.01,7.93,9.38,6.08,21853761.85
FDX,330.88,10,"[1, 1, 1, 1, 1, 1, 1, 1, 1, 1]",319.47,287.64,339.35,177.19,1426237.95
FCX,76.45,10,"[1, 1, 1, 1, 1, 1, 1, 1, 1, 1]",65.57,59.9,79.91,34.96,14381600.8
USB,62.47,8,"[0, 1, 1, 1, 1, 1, 1, 1, 1, 0]",62.7,55.63,65.42,44.01,6045409.25
JCI,139.59,7,"[0, 0, 1, 1, 1, 1, 1, 1, 1, 0]",144.94,133.77,154.76,104.73,3050511.35
ING,35.24,10,"[1, 1, 1, 1, 1, 1, 1, 1, 1, 1]",33.3,28.77,35.7,22.65,2042127.4
FTNT,166.0,10,"[1, 1, 1, 1, 1, 1, 1, 1, 1, 1]",157.44,108.11,172.78,75.23,4519017.45
MNST,46.86,2,"[0, 0, 0, 0, 1, 0, 0, 0, 1, 0]",77.28,78.53,99.94,45.52,9071384.35
CSX,51.28,10,"[1, 1, 1, 1, 1, 1, 1, 1, 1, 1]",49.84,42.66,53.23,31.73,9258826.6
AMX,23.18,5,"[0, 0, 0, 1, 1, 1, 0, 1, 1, 0]",24.99,23.92,27.42,19.27,3090532.05
ELV,394.43,9,"[0, 1, 1, 1, 1, 1, 1, 1, 1, 1]",394.81,355.32,426.79,277.89,881990.2
BCS,26.86,8,"[0, 1, 1, 1, 1, 1, 1, 1, 1, 0]",27.26,24.44,28.24,18.92,2635970.55
SLB,57.33,9,"[1, 1, 1, 0, 1, 1, 1, 1, 1, 1]",49.74,48.25,58.01,31.12,9969524.85
MPWR,1256.26,6,"[0, 0, 1, 1, 1, 1, 1, 0, 1, 0]",1353.19,1240.37,1687.32,817.93,644955.75
LYG,5.92,8,"[0, 1, 1, 1, 1, 1, 1, 1, 1, 0]",5.95,5.38,6.21,4.11,11926535.25
E,52.81,9,"[1, 1, 1, 1, 1, 1, 1, 1, 1, 0]",51.45,47.28,57.35,33.26,347709.45
CIEN,378.44,6,"[0, 0, 1, 0, 1, 1, 1, 0, 1, 1]",415.96,373.46,627.0,93.59,1899692.1
APO,135.04,9,"[1, 1, 1, 1, 0, 1, 1, 1, 1, 1]",126.11,126.62,150.8,99.46,3452412.45
CRH,95.86,2,"[0, 0, 0, 0, 0, 0, 0, 0, 1, 1]",101.3,111.07,129.92,93.09,4314582.5
SU,65.43,9,"[1, 1, 1, 1, 1, 1, 1, 1, 1, 0]",61.92,57.08,69.27,37.63,4264508.65
REGN,794.19,8,"[1, 1, 1, 0, 0, 1, 1, 1, 1, 1]",715.96,726.82,840.84,552.68,707405.65
NXPI,223.58,4,"[0, 0, 0, 1, 1, 1, 0, 0, 1, 0]",258.23,241.81,331.55,181.81,3398684.25
BE,210.77,7,"[0, 0, 1, 1, 1, 1, 1, 0, 1, 1]",236.61,188.51,345.85,51.35,12760471.25
ROST,228.55,8,"[0, 1, 1, 1, 1, 1, 1, 1, 1, 0]",234.34,210.42,255.23,143.75,2769369.9
B,45.65,8,"[1, 1, 1, 0, 0, 1, 1, 1, 1, 1]",39.49,42.09,52.32,26.18,12475696.85
HLT,321.85,8,"[0, 1, 1, 1, 1, 1, 0, 1, 1, 1]",327.85,311.49,350.06,256.25,1914793.8
ASX,37.78,9,"[0, 1, 1, 1, 1, 1, 1, 1, 1, 1]",38.85,27.33,44.67,9.81,6956487.45
NOK,10.21,7,"[0, 0, 1, 1, 1, 1, 1, 0, 1, 1]",10.92,9.53,16.85,4.23,69747677.65
VLO,352.36,10,"[1, 1, 1, 1, 1, 1, 1, 1, 1, 1]",302.23,233.24,352.36,148.85,2452351.95
MPC,368.83,10,"[1, 1, 1, 1, 1, 1, 1, 1, 1, 1]",307.67,235.56,368.83,160.76,2515696.1
GM,86.27,9,"[1, 1, 1, 1, 1, 1, 1, 1, 1, 0]",82.6,79.27,90.3,54.99,4945426.3
AEP,122.31,5,"[0, 0, 0, 1, 1, 1, 0, 1, 1, 0]",129.49,125.15,137.64,103.24,3559610.7
DDOG,236.98,8,"[0, 1, 1, 1, 1, 1, 1, 1, 1, 0]",249.45,175.58,288.15,102.61,5066262.7
LITE,895.0,10,"[1, 1, 1, 1, 1, 1, 1, 1, 1, 1]",814.26,669.35,1053.09,132.55,4999852.4
VALE,15.03,8,"[1, 0, 1, 0, 1, 1, 1, 1, 1, 1]",14.36,14.63,17.33,9.39,25904597.45
NSC,348.68,10,"[1, 1, 1, 1, 1, 1, 1, 1, 1, 1]",331.49,305.48,352.98,267.64,1144060.15
HOOD,104.26,7,"[1, 1, 1, 1, 0, 0, 1, 0, 1, 1]",101.37,95.41,152.46,65.16,18464398.15
NET,299.84,10,"[1, 1, 1, 1, 1, 1, 1, 1, 1, 1]",274.04,220.65,330.83,160.19,4067191.2
PSX,244.01,10,"[1, 1, 1, 1, 1, 1, 1, 1, 1, 1]",205.06,167.6,244.01,123.11,2747042.25
FIX,1518.73,6,"[0, 0, 1, 1, 1, 1, 1, 0, 1, 0]",1751.5,1474.62,2065.44,697.18,390308.45
DLR,185.47,7,"[0, 1, 1, 1, 1, 1, 0, 1, 1, 0]",187.46,176.81,202.56,145.96,1881723.85
WBD,28.77,9,"[1, 1, 1, 0, 1, 1, 1, 1, 1, 1]",26.95,27.15,29.98,11.62,19144506.7
TRP,61.86,6,"[0, 0, 1, 1, 1, 1, 0, 1, 1, 0]",66.29,61.57,70.59,48.85,2122888.25
MFC,42.76,9,"[1, 1, 1, 1, 1, 1, 1, 1, 1, 0]",42.39,37.55,44.4,29.63,3018576.3
SPG,214.56,7,"[0, 1, 1, 1, 1, 1, 0, 1, 1, 0]",223.27,198.53,236.7,167.45,1252538.0
COHR,279.2,7,"[0, 0, 1, 1, 1, 1, 1, 0, 1, 1]",319.74,273.28,426.89,87.8,7605536.4
MSTR,127.31,4,"[1, 0, 0, 0, 0, 0, 1, 0, 1, 1]",100.23,141.04,359.69,82.31,25181152.3
BKR,62.41,9,"[1, 1, 1, 0, 1, 1, 1, 1, 1, 1]",59.23,57.74,69.18,43.79,6177692.8
WPM,153.33,9,"[1, 1, 1, 0, 1, 1, 1, 1, 1, 1]",122.53,127.82,164.99,93.96,2483864.25
CRWV,84.23,4,"[0, 0, 0, 0, 1, 0, 1, 0, 1, 1]",87.88,91.39,143.08,60.82,29737950.75
KEYS,319.97,9,"[0, 1, 1, 1, 1, 1, 1, 1, 1, 1]",329.87,284.94,373.34,159.49,1450450.85
CVNA,74.04,8,"[1, 1, 1, 0, 0, 1, 1, 1, 1, 1]",68.06,72.8,95.69,56.26,8760796.6
RKLB,64.39,4,"[0, 0, 0, 0, 1, 1, 1, 0, 1, 0]",77.94,79.06,150.23,39.48,17938052.95
TEL,202.66,2,"[0, 0, 0, 0, 0, 0, 0, 1, 1, 0]",204.85,215.44,246.32,194.33,1938748.55
URI,1030.25,8,"[0, 1, 1, 1, 1, 1, 1, 1, 1, 0]",1095.16,920.17,1164.82,707.78,431001.05
GWW,1306.3,8,"[0, 1, 1, 1, 1, 1, 1, 1, 1, 0]",1341.66,1164.22,1399.3,912.82,247748.25
TGT,163.18,10,"[1, 1, 1, 1, 1, 1, 1, 1, 1, 1]",143.43,118.89,169.89,81.44,4978354.05
TER,354.97,7,"[0, 1, 1, 1, 1, 1, 1, 0, 1, 0]",381.76,311.89,483.84,112.07,2635541.95
LHX,262.82,2,"[0, 0, 0, 0, 1, 0, 0, 0, 1, 0]",285.48,313.5,375.64,261.98,1598137.55
CARR,58.79,5,"[0, 0, 0, 1, 1, 1, 0, 1, 1, 0]",66.08,60.94,75.73,49.79,5296037.1
CTVA,83.9,10,"[1, 1, 1, 1, 1, 1, 1, 1, 1, 1]",82.54,76.64,90.51,60.56,4656906.5
AU,113.19,9,"[1, 1, 1, 0, 1, 1, 1, 1, 1, 1]",89.09,92.42,123.84,54.15,3018470.75
OKE,94.76,10,"[1, 1, 1, 1, 1, 1, 1, 1, 1, 1]",90.19,82.57,97.07,61.95,3613339.25
MCHP,72.93,5,"[0, 0, 0, 1, 1, 1, 1, 0, 1, 0]",81.77,76.06,102.1,47.77,9693736.15
MCHPP,63.95,5,"[0, 0, 0, 1, 1, 1, 1, 0, 1, 0]",70.2,66.26,85.72,45.73,147415.65
CVE,31.58,10,"[1, 1, 1, 1, 1, 1, 1, 1, 1, 1]",28.4,24.1,32.93,15.66,6893431.15
AME,236.25,8,"[0, 1, 1, 1, 1, 1, 1, 1, 1, 0]",241.71,224.58,258.52,178.45,1358227.65
TRGP,287.82,10,"[1, 1, 1, 1, 1, 1, 1, 1, 1, 1]",274.32,233.11,302.25,143.22,1289892.2
COIN,178.64,4,"[1, 1, 0, 0, 0, 0, 0, 0, 1, 1]",160.38,195.37,387.27,141.09,9504381.7
FANG,197.67,9,"[1, 1, 1, 1, 1, 1, 1, 1, 1, 0]",192.69,177.63,211.36,131.37,1787587.85
OXY,59.1,10,"[1, 1, 1, 1, 1, 1, 1, 1, 1, 1]",55.23,51.67,65.94,38.56,7931950.45
DVN,47.35,9,"[1, 1, 1, 0, 1, 1, 1, 1, 1, 1]",44.22,42.84,51.7,31.15,10335832.45
FLEX,110.5,7,"[0, 1, 1, 1, 1, 1, 1, 0, 1, 0]",127.59,93.65,162.07,53.62,3042255.0
ABEV,2.86,5,"[0, 0, 0, 0, 1, 1, 1, 1, 1, 0]",3.02,2.9,3.42,2.1,34333681.15
NUE,250.5,9,"[1, 1, 1, 1, 1, 1, 1, 1, 1, 0]",247.05,202.51,274.74,130.57,1488685.5
STM,49.38,6,"[0, 0, 1, 1, 1, 1, 1, 0, 1, 0]",60.45,44.54,79.82,21.04,7774857.3
BIDU,97.12,1,"[0, 0, 0, 0, 0, 0, 0, 0, 1, 0]",106.88,123.38,162.52,90.87,3193428.6
ETR,105.75,6,"[0, 0, 1, 1, 1, 1, 0, 1, 1, 0]",110.45,104.13,116.66,84.72,1990908.65
UI,599.35,4,"[1, 0, 0, 0, 1, 0, 0, 0, 1, 1]",554.89,655.21,1083.11,514.21,155037.25
CCJ,100.01,6,"[1, 0, 0, 0, 1, 1, 1, 0, 1, 1]",96.19,105.09,134.09,75.27,2817336.75
FER,58.73,4,"[0, 0, 0, 0, 1, 1, 0, 1, 1, 0]",64.98,66.48,73.66,52.6,1246968.2
ROK,430.86,8,"[0, 1, 1, 1, 1, 1, 1, 1, 1, 0]",457.04,416.95,493.56,329.34,839070.05
ARGX,1023.21,9,"[1, 1, 1, 1, 0, 1, 1, 1, 1, 1]",908.89,841.15,1058.9,663.93,309170.55
DAL,80.07,8,"[0, 1, 1, 1, 1, 1, 1, 1, 1, 0]",87.48,73.38,93.43,55.22,4574259.45
EBAY,105.62,8,"[0, 1, 1, 1, 1, 1, 1, 1, 1, 0]",109.63,97.86,118.63,78.93,4614791.25
FERG,228.49,4,"[0, 0, 0, 0, 1, 1, 0, 1, 1, 0]",236.31,238.27,265.69,207.63,4384631.05
MT,74.39,10,"[1, 1, 1, 1, 1, 1, 1, 1, 1, 1]",68.14,58.24,75.2,32.0,1399369.85
WAB,292.23,10,"[1, 1, 1, 1, 1, 1, 1, 1, 1, 1]",282.52,251.79,305.47,184.79,865865.15
FNV,266.16,9,"[1, 1, 1, 0, 1, 1, 1, 1, 1, 1]",224.11,230.56,279.76,183.28,847487.65
FITB,54.54,8,"[0, 1, 1, 1, 1, 1, 1, 1, 1, 0]",56.58,50.07,59.37,39.38,5025230.35
XYZ,83.57,10,"[1, 1, 1, 1, 1, 1, 1, 1, 1, 1]",79.57,68.31,84.85,49.09,4799287.7
NBIS,209.18,8,"[0, 1, 1, 1, 1, 1, 1, 0, 1, 1]",219.38,151.83,286.69,64.06,24731351.4
RKT,13.77,2,"[0, 0, 0, 0, 0, 0, 0, 0, 1, 1]",14.21,16.25,23.44,12.35,25202729.85
VTR,91.81,8,"[0, 1, 1, 1, 1, 1, 1, 1, 1, 0]",92.09,84.12,100.53,65.45,2919951.5
CLS,298.7,4,"[0, 0, 0, 0, 1, 1, 1, 0, 1, 0]",334.06,328.5,472.4,194.75,2653124.95
CAH,234.55,10,"[1, 1, 1, 1, 1, 1, 1, 1, 1, 1]",232.66,214.12,240.26,145.95,1869599.2
TEVA,36.44,10,"[1, 1, 1, 1, 1, 1, 1, 1, 1, 1]",34.25,32.29,38.1,18.34,5082764.25
HPE,52.31,10,"[1, 1, 1, 1, 1, 1, 1, 1, 1, 1]",49.58,32.38,59.82,19.72,15317834.35
STT,193.33,10,"[1, 1, 1, 1, 1, 1, 1, 1, 1, 1]",182.26,146.06,193.62,107.72,1333094.8
ODFL,198.63,7,"[0, 0, 1, 1, 1, 1, 1, 1, 1, 0]",217.64,194.93,248.73,125.7,1460731.3
GFS,44.76,5,"[0, 0, 0, 1, 1, 1, 1, 0, 1, 0]",59.84,52.96,89.83,31.62,4395093.7
WDS,23.06,9,"[1, 1, 1, 1, 1, 1, 1, 1, 1, 0]",21.74,20.16,24.78,13.89,495215.3
EME,740.17,4,"[0, 0, 0, 0, 1, 1, 0, 1, 1, 0]",790.16,755.76,943.26,580.64,359061.3
ON,72.61,5,"[0, 0, 0, 1, 1, 1, 1, 0, 1, 0]",88.28,77.71,133.93,44.9,8955765.55
GFI,45.96,8,"[1, 1, 1, 0, 0, 1, 1, 1, 1, 1]",36.86,43.01,59.77,31.25,3926315.3
ERIC,9.95,5,"[0, 0, 0, 0, 1, 1, 1, 0, 1, 1]",10.36,10.79,13.74,7.5,9160382.35
KB,124.16,10,"[1, 1, 1, 1, 1, 1, 1, 1, 1, 1]",115.83,103.3,124.16,77.5,181021.15
PUK,27.65,3,"[0, 0, 0, 0, 0, 1, 0, 1, 1, 0]",28.15,29.39,33.17,24.98,1145068.9
IRM,117.4,8,"[0, 1, 1, 1, 1, 1, 1, 1, 1, 0]",124.08,108.11,133.06,77.69,1530293.25
LYV,181.65,10,"[1, 1, 1, 1, 1, 1, 1, 1, 1, 1]",180.96,159.44,188.46,125.61,1796138.35
KGC,31.27,9,"[1, 1, 1, 0, 1, 1, 1, 1, 1, 1]",25.79,29.25,37.92,20.82,9034713.35
JBL,301.45,7,"[0, 0, 1, 1, 1, 1, 1, 1, 1, 0]",334.03,290.25,385.55,192.34,961187.35
ADM,81.54,10,"[1, 1, 1, 1, 1, 1, 1, 1, 1, 1]",79.72,70.6,86.77,54.41,3773058.3
VOD,16.04,10,"[1, 1, 1, 1, 1, 1, 1, 1, 1, 1]",15.16,14.39,16.42,10.73,3864219.85
BBD,3.25,3,"[0, 0, 0, 0, 1, 0, 0, 1, 1, 0]",3.4,3.52,4.11,2.89,29188318.0
VIK,88.5,8,"[0, 1, 1, 1, 1, 1, 1, 1, 1, 0]",99.93,81.75,108.26,57.08,3549742.7
UMC,19.79,8,"[0, 1, 1, 1, 1, 1, 1, 0, 1, 1]",21.46,13.77,27.53,6.47,11579686.5
ONC,366.73,9,"[1, 1, 1, 1, 0, 1, 1, 1, 1, 1]",324.98,318.06,377.47,260.27,403916.9
LVS,45.04,1,"[0, 0, 0, 0, 0, 0, 0, 0, 1, 0]",46.25,54.14,68.29,44.24,4620689.85
IX,39.0,8,"[0, 1, 1, 1, 1, 1, 1, 1, 1, 0]",39.55,33.89,41.31,24.22,314151.1
CRDO,232.75,9,"[0, 1, 1, 1, 1, 1, 1, 1, 1, 1]",239.23,174.45,302.52,87.81,4243435.3
ALAB,289.47,7,"[0, 1, 1, 1, 1, 1, 1, 0, 1, 0]",342.6,221.7,483.02,100.27,4089378.1
STLD,234.66,8,"[0, 1, 1, 1, 1, 1, 1, 1, 1, 0]",242.58,207.48,282.12,127.5,1229204.0
HAL,36.18,8,"[1, 0, 1, 0, 1, 1, 1, 1, 1, 1]",33.85,34.38,42.8,21.26,10516481.75
HUM,385.54,10,"[1, 1, 1, 1, 1, 1, 1, 1, 1, 1]",384.88,274.65,409.42,162.46,1096855.1
MTZ,241.0,4,"[0, 0, 0, 0, 1, 1, 1, 0, 1, 0]",325.01,303.4,437.51,174.99,1541245.9
UAL,110.6,7,"[0, 1, 1, 1, 1, 1, 0, 1, 1, 0]",123.25,107.97,136.11,85.21,2961787.55
ZM,98.43,10,"[1, 1, 1, 1, 1, 1, 1, 1, 1, 1]",94.64,90.09,111.88,72.72,3353572.15
TS,53.97,6,"[0, 0, 1, 0, 1, 1, 1, 1, 1, 0]",55.35,51.77,64.02,33.04,1666167.1
CASY,755.47,7,"[0, 0, 1, 1, 1, 1, 1, 1, 1, 0]",832.45,720.72,915.59,492.8,299985.4
TECK,69.34,10,"[1, 1, 1, 1, 1, 1, 1, 1, 1, 1]",62.03,55.88,71.62,32.6,2870042.1
SYM,39.88,1,"[0, 0, 0, 0, 0, 0, 0, 0, 1, 0]",41.94,53.03,87.3,38.57,1788321.6
EL,103.39,7,"[1, 1, 1, 0, 0, 0, 1, 1, 1, 1]",86.69,91.57,118.78,66.97,3670768.8
SHG,79.15,10,"[1, 1, 1, 1, 1, 1, 1, 1, 1, 1]",71.08,63.67,79.15,46.81,164087.7
Q,120.26,4,"[0, 0, 0, 1, 1, 0, 1, 0, 1, 0]",140.4,120.79,175.64,73.4,1742610.75
TWLO,237.78,10,"[1, 1, 1, 1, 1, 1, 1, 1, 1, 1]",210.93,160.56,255.95,100.09,2683446.9
RVMD,207.88,10,"[1, 1, 1, 1, 1, 1, 1, 1, 1, 1]",192.8,130.48,221.15,37.97,1824291.0
RDDT,153.0,3,"[0, 0, 0, 1, 0, 0, 0, 0, 1, 1]",171.39,175.65,270.71,121.84,7348849.6
IQV,261.75,9,"[1, 1, 1, 1, 0, 1, 1, 1, 1, 1]",221.25,200.77,262.38,156.66,1251656.95
NTRS,186.79,10,"[1, 1, 1, 1, 1, 1, 1, 1, 1, 1]",182.77,156.2,191.47,120.74,1021230.8
DOV,198.68,4,"[0, 0, 0, 0, 1, 1, 0, 1, 1, 0]",210.81,209.24,232.21,159.95,933695.75
RPRX,60.85,10,"[1, 1, 1, 1, 1, 1, 1, 1, 1, 1]",57.89,48.27,62.07,34.24,2686280.9
ASTS,58.05,3,"[0, 0, 0, 0, 1, 0, 1, 0, 1, 0]",67.91,81.45,133.09,36.91,11005826.45
BIIB,218.5,10,"[1, 1, 1, 1, 1, 1, 1, 1, 1, 1]",207.41,189.63,221.56,132.22,756783.1
VG,14.18,10,"[1, 1, 1, 1, 1, 1, 1, 1, 1, 1]",12.97,11.19,17.51,5.9,13353364.5
EXPE,329.44,7,"[1, 1, 1, 1, 0, 1, 0, 0, 1, 1]",288.46,256.67,,,1553469.5
CRCL,87.14,7,"[1, 1, 1, 0, 1, 0, 1, 0, 1, 1]",70.41,84.84,150.48,50.23,14675033.5
ARES,142.53,8,"[1, 1, 1, 1, 0, 0, 1, 1, 1, 1]",129.04,131.49,178.13,94.25,2142288.2
FTI,75.84,10,"[1, 1, 1, 1, 1, 1, 1, 1, 1, 1]",71.98,63.42,79.76,35.45,2914970.3
FTAI,194.98,4,"[0, 0, 0, 0, 1, 1, 1, 0, 1, 0]",223.42,232.74,308.31,148.93,1261189.2
CNC,64.75,9,"[0, 1, 1, 1, 1, 1, 1, 1, 1, 1]",65.21,49.58,68.72,28.65,3900180.45
NTRA,326.26,10,"[1, 1, 1, 1, 1, 1, 1, 1, 1, 1]",284.11,232.66,338.7,160.21,1471397.15
NVT,148.48,8,"[0, 1, 1, 1, 1, 1, 1, 1, 1, 0]",159.48,134.05,184.1,88.89,1907726.8
MTSI,265.27,7,"[0, 0, 1, 1, 1, 1, 1, 0, 1, 1]",300.77,261.15,409.68,122.18,1403387.9
TPL,364.38,4,"[0, 0, 0, 0, 1, 1, 1, 0, 1, 0]",388.2,390.07,538.97,272.83,412958.8
TPR,125.49,4,"[0, 0, 0, 0, 1, 1, 0, 1, 1, 0]",143.28,137.39,164.78,97.92,3557494.8
CFG,69.71,8,"[0, 1, 1, 1, 1, 1, 1, 1, 1, 0]",71.13,62.83,74.73,46.98,2771145.05
CW,596.37,5,"[0, 0, 0, 1, 1, 1, 0, 1, 1, 0]",718.71,675.62,792.77,477.19,375741.4
DOW,30.51,6,"[1, 0, 0, 0, 1, 1, 1, 0, 1, 1]",29.99,30.93,41.45,19.91,8263512.4
EIX,70.17,7,"[0, 0, 1, 1, 1, 1, 1, 1, 1, 0]",74.06,67.37,80.38,50.16,3699737.45
PKX,60.25,5,"[1, 0, 0, 0, 1, 1, 0, 0, 1, 1]",54.4,60.53,,,241746.9
BAP,368.4,8,"[0, 1, 1, 1, 1, 1, 1, 1, 1, 0]",385.16,327.37,402.27,236.66,290725.0
VRSN,291.93,10,"[1, 1, 1, 1, 1, 1, 1, 1, 1, 1]",274.56,259.28,309.09,210.31,712128.4
HUBB,459.66,4,"[0, 0, 0, 0, 1, 1, 0, 1, 1, 0]",492.28,483.65,556.18,403.7,467525.8
STRL,470.52,5,"[0, 0, 0, 1, 1, 1, 1, 0, 1, 0]",641.76,519.81,993.74,273.82,674632.4
EC,16.5,9,"[1, 1, 1, 1, 1, 1, 1, 1, 1, 0]",16.19,13.19,17.89,8.2,1779711.75
P,93.4,10,"[1, 1, 1, 1, 1, 1, 1, 1, 1, 1]",85.59,75.14,118.16,56.99,3617476.95
AER,147.49,7,"[0, 1, 1, 1, 1, 1, 0, 1, 1, 0]",149.15,142.61,154.82,118.85,975319.35
PAAS,52.87,9,"[1, 1, 1, 0, 1, 1, 1, 1, 1, 1]",46.54,51.67,68.06,32.89,5405301.45
DG,122.89,4,"[1, 0, 0, 0, 0, 1, 0, 1, 1, 0]",121.17,124.51,154.71,94.6,2276651.7
VIV,11.39,2,"[0, 0, 0, 0, 1, 0, 0, 0, 1, 0]",12.67,13.34,16.26,10.96,1635298.4
SYF,78.05,8,"[1, 1, 1, 1, 0, 1, 0, 1, 1, 1]",76.4,74.41,87.38,63.25,3115585.7
ZS,184.23,7,"[1, 1, 1, 1, 0, 0, 1, 0, 1, 1]",155.74,175.77,336.27,118.05,2247023.55
SQM,78.63,9,"[1, 1, 1, 0, 1, 1, 1, 1, 1, 1]",72.93,74.99,94.63,40.31,908503.75
BG,115.48,8,"[1, 0, 1, 0, 1, 1, 1, 1, 1, 1]",112.18,112.28,130.59,75.21,1324837.0
FMX,120.12,8,"[0, 1, 1, 1, 1, 1, 1, 1, 1, 0]",124.58,111.58,132.15,81.24,426716.9
MDB,446.62,9,"[1, 1, 1, 1, 0, 1, 1, 1, 1, 1]",364.51,341.27,472.29,225.95,1505672.7
XPO,188.56,7,"[0, 0, 1, 1, 1, 1, 1, 1, 1, 0]",203.8,187.55,228.37,123.66,796838.5
ALB,137.36,6,"[1, 0, 0, 0, 1, 1, 1, 0, 1, 1]",129.76,155.55,215.07,71.61,2125165.85
UTHR,515.46,5,"[0, 0, 0, 0, 1, 1, 1, 1, 1, 0]",530.07,522.6,596.76,304.76,515413.45
FSLR,204.46,2,"[0, 0, 0, 1, 0, 0, 0, 0, 1, 0]",224.08,231.99,318.25,184.7,2473364.25
TSN,55.4,4,"[0, 0, 0, 0, 1, 1, 0, 1, 1, 0]",57.9,59.93,68.18,49.45,2921658.7
TSEM,208.01,7,"[0, 1, 1, 1, 1, 1, 1, 0, 1, 0]",238.55,183.44,316.85,58.82,1916195.75
RF,30.33,8,"[0, 1, 1, 1, 1, 1, 1, 1, 1, 0]",30.81,28.04,32.4,22.67,7515389.45
KEY,21.91,8,"[0, 1, 1, 1, 1, 1, 1, 1, 1, 0]",22.84,21.09,23.99,16.27,8734698.05
TEAM,190.41,8,"[1, 1, 1, 1, 0, 0, 1, 1, 1, 1]",114.88,108.33,190.41,57.15,5555639.5
LYB,63.67,9,"[1, 1, 1, 0, 1, 1, 1, 1, 1, 1]",59.36,58.66,80.69,39.87,3997103.4
JBHT,261.03,8,"[0, 1, 1, 1, 1, 1, 1, 1, 1, 0]",276.71,234.22,297.91,129.59,743105.8
SBAC,190.95,6,"[1, 0, 1, 0, 1, 0, 0, 1, 1, 1]",181.8,190.61,220.88,163.03,951262.95
WST,337.47,8,"[0, 1, 1, 1, 1, 1, 1, 1, 1, 0]",349.51,291.57,365.5,230.63,474310.15
CPAY,407.88,10,"[1, 1, 1, 1, 1, 1, 1, 1, 1, 1]",377.23,333.71,425.24,255.0,507040.95
ENTG,134.92,7,"[0, 0, 1, 1, 1, 1, 1, 0, 1, 1]",145.99,124.69,183.84,68.64,2230622.65
NMR,10.3,10,"[1, 1, 1, 1, 1, 1, 1, 1, 1, 1]",9.56,8.61,10.3,6.73,639669.1
IHG,162.38,10,"[1, 1, 1, 1, 1, 1, 1, 1, 1, 1]",162.03,145.64,173.43,116.28,240213.0
FN,414.36,3,"[0, 0, 0, 0, 1, 1, 0, 0, 1, 0]",500.58,536.69,746.47,331.29,1034443.6
SBS,4.87,3,"[0, 0, 0, 0, 1, 1, 0, 0, 1, 0]",5.38,5.55,7.08,4.4,10396376.95
WWD,341.81,6,"[0, 0, 0, 1, 1, 1, 1, 1, 1, 0]",387.57,357.26,436.05,236.46,555333.3
SITM,557.86,8,"[0, 1, 1, 1, 1, 1, 1, 0, 1, 1]",623.41,492.9,901.48,224.49,453861.6
INSM,118.54,3,"[1, 0, 0, 0, 0, 0, 0, 0, 1, 1]",113.32,142.55,211.41,91.88,2915850.1
BEKE,18.32,8,"[1, 1, 1, 0, 1, 1, 0, 1, 1, 1]",16.39,16.62,19.99,14.26,3979253.4
AKAM,107.47,5,"[0, 0, 0, 1, 1, 1, 1, 0, 1, 0]",117.29,109.15,161.14,71.97,3565515.25
PFG,111.41,8,"[0, 1, 1, 1, 1, 1, 1, 1, 1, 0]",111.81,97.26,115.41,76.35,942788.95
RL,354.04,5,"[0, 0, 0, 1, 1, 1, 0, 1, 1, 0]",385.56,364.66,413.24,293.76,636087.2
ATI,210.76,10,"[1, 1, 1, 1, 1, 1, 1, 1, 1, 1]",202.01,155.86,231.78,74.88,1532971.55
MRNA,137.99,10,"[1, 1, 1, 1, 1, 1, 1, 1, 1, 1]",76.79,51.76,174.38,22.36,30346486.45
ILMN,215.59,10,"[1, 1, 1, 1, 1, 1, 1, 1, 1, 1]",193.52,149.53,227.69,91.0,1952084.65
AFRM,77.76,9,"[1, 1, 1, 1, 0, 1, 1, 1, 1, 1]",77.23,66.52,92.18,42.53,4393434.8
CRS,476.43,8,"[0, 1, 1, 1, 1, 1, 1, 1, 1, 0]",557.48,428.41,618.99,231.87,578353.85
SMCI,37.08,7,"[1, 1, 1, 1, 0, 0, 1, 0, 1, 1]",31.21,31.34,58.68,20.53,55038399.85
MKSI,255.76,5,"[0, 0, 0, 1, 1, 1, 1, 0, 1, 0]",330.71,259.27,444.39,99.82,1449294.65
IFF,87.95,10,"[1, 1, 1, 1, 1, 1, 1, 1, 1, 1]",80.42,73.61,88.07,58.53,1548458.9
EXPD,190.97,10,"[1, 1, 1, 1, 1, 1, 1, 1, 1, 1]",175.66,156.94,190.97,111.96,979909.55
ROIV,34.71,9,"[0, 1, 1, 1, 1, 1, 1, 1, 1, 1]",35.08,28.14,37.58,11.93,5992996.4
DD,136.98,6,"[0, 0, 1, 0, 1, 1, 1, 1, 1, 0]",139.13,135.79,153.36,91.31,1357375.55
IREN,35.45,3,"[0, 0, 0, 0, 1, 0, 1, 0, 1, 0]",41.62,45.94,76.41,26.13,45238668.5
RGLD,262.85,9,"[1, 1, 1, 0, 1, 1, 1, 1, 1, 1]",215.18,234.04,303.02,168.01,755143.1
FUTU,124.26,4,"[1, 0, 0, 0, 0, 0, 1, 0, 1, 1]",104.28,137.46,195.9,89.76,1462198.25
ULS,74.43,2,"[0, 0, 0, 0, 1, 0, 0, 0, 1, 0]",85.25,85.13,104.74,62.42,931486.9
CHRW,150.39,4,"[0, 0, 0, 0, 1, 1, 0, 0, 1, 1]",171.62,172.15,209.42,123.05,1472267.8
LUV,39.64,5,"[0, 0, 0, 1, 1, 1, 1, 0, 1, 0]",46.53,42.69,54.33,29.29,4484443.85
DKS,135.09,1,"[0, 0, 0, 0, 0, 0, 0, 0, 1, 0]",205.18,207.8,239.17,124.31,4745007.2
VTRS,16.34,8,"[0, 1, 1, 1, 1, 1, 1, 1, 1, 0]",16.54,14.36,17.73,9.17,9742393.2
RCI,36.59,6,"[1, 1, 1, 0, 0, 0, 0, 1, 1, 1]",34.59,36.24,40.21,31.45,995114.75
FFIV,394.24,8,"[0, 1, 1, 1, 1, 1, 1, 1, 1, 0]",403.87,323.22,431.26,223.99,554046.1
CX,10.87,4,"[0, 0, 0, 0, 1, 1, 0, 1, 1, 0]",11.86,11.84,13.52,8.85,6975836.75
INCY,124.37,10,"[1, 1, 1, 1, 1, 1, 1, 1, 1, 1]",118.62,104.21,129.93,81.66,1319921.35
KEP,11.68,1,"[0, 0, 0, 0, 0, 0, 0, 0, 1, 0]",11.96,15.53,23.26,11.18,1026719.5
APG,39.69,5,"[0, 0, 0, 0, 1, 1, 0, 1, 1, 1]",41.29,41.88,49.4,33.64,2390103.3
SNX,253.97,8,"[0, 1, 1, 1, 1, 1, 1, 1, 1, 0]",255.4,201.44,289.57,141.35,570469.6
CDE,21.13,9,"[1, 1, 1, 0, 1, 1, 1, 1, 1, 1]",17.12,18.78,27.12,13.14,40420672.5
RBC,500.62,6,"[0, 0, 0, 1, 1, 1, 1, 1, 1, 0]",575.72,542.55,648.89,369.71,243819.1
BURL,272.95,4,"[0, 0, 0, 1, 1, 1, 0, 0, 1, 0]",339.43,312.86,372.19,242.43,1199297.7
ROKU,157.68,10,"[1, 1, 1, 1, 1, 1, 1, 1, 1, 1]",146.33,116.62,159.76,82.93,2410426.05
AMKR,47.88,5,"[0, 0, 0, 1, 1, 1, 1, 0, 1, 0]",62.93,55.67,93.55,23.68,4281056.8
RS,387.59,8,"[0, 1, 1, 1, 1, 1, 1, 1, 1, 0]",396.86,341.45,428.02,261.99,336071.5
BWXT,152.85,2,"[0, 0, 0, 0, 1, 0, 0, 0, 1, 0]",175.86,192.88,237.73,149.52,1043263.9
ZTO,21.5,4,"[0, 0, 0, 0, 1, 1, 0, 1, 1, 0]",23.06,22.82,25.88,17.59,1886395.45
NXT,85.44,3,"[0, 0, 0, 0, 1, 0, 1, 0, 1, 0]",102.85,108.76,156.4,64.33,2256037.85
ITT,202.99,9,"[1, 1, 1, 1, 1, 1, 0, 1, 1, 1]",200.41,193.88,221.24,167.52,835223.2
FTV,59.69,8,"[0, 1, 1, 1, 1, 1, 0, 1, 1, 1]",61.02,57.84,64.09,46.82,2043489.95
IONQ,39.2,3,"[0, 0, 0, 0, 0, 0, 1, 0, 1, 1]",42.89,44.48,82.09,26.59,19393901.45
AGI,36.75,6,"[1, 0, 0, 0, 1, 1, 1, 0, 1, 1]",31.72,39.0,55.22,27.83,4792502.5
BCH,41.63,10,"[1, 1, 1, 1, 1, 1, 1, 1, 1, 1]",40.69,38.44,43.7,27.08,293770.5
YPF,50.2,9,"[1, 1, 1, 1, 1, 1, 1, 1, 1, 0]",49.32,42.89,56.35,23.57,1086918.15
CF,125.79,10,"[1, 1, 1, 1, 1, 1, 1, 1, 1, 1]",117.54,105.87,136.34,74.99,2415999.5
MGA,65.86,8,"[0, 1, 1, 1, 1, 1, 1, 1, 1, 0]",66.8,59.03,73.05,42.56,1198599.5
TLN,296.11,2,"[0, 0, 0, 1, 0, 0, 0, 0, 1, 0]",359.48,359.61,445.84,296.11,869770.65
LSCC,114.4,6,"[0, 0, 1, 1, 1, 1, 1, 0, 1, 0]",130.92,106.77,155.27,61.73,1715339.95
WMG,28.03,4,"[1, 0, 0, 0, 0, 0, 0, 1, 1, 1]",27.11,28.33,34.31,23.35,2143316.8
CIB,97.24,10,"[1, 1, 1, 1, 1, 1, 1, 1, 1, 1]",87.94,73.22,103.26,47.86,298731.7
WCC,336.42,8,"[0, 1, 1, 1, 1, 1, 1, 1, 1, 0]",343.23,307.2,374.1,206.66,515952.55
JBS,13.59,5,"[1, 0, 0, 0, 1, 1, 0, 1, 1, 0]",12.87,13.77,17.05,11.6,5895886.95
WSO,310.76,3,"[0, 0, 0, 0, 1, 0, 0, 0, 1, 1]",353.83,370.75,452.97,302.29,483271.35
DOCN,111.21,6,"[0, 0, 1, 1, 1, 1, 1, 0, 1, 0]",129.59,95.54,181.29,31.87,2613977.35
EWBC,129.44,8,"[0, 1, 1, 1, 1, 1, 1, 1, 1, 0]",130.94,118.04,136.6,91.94,609051.3
AA,50.32,6,"[1, 0, 0, 0, 1, 1, 1, 0, 1, 1]",49.18,57.15,83.63,30.69,4996370.55
PR,22.7,10,"[1, 1, 1, 1, 1, 1, 1, 1, 1, 1]",20.54,18.17,23.87,11.76,9832369.55
NVMI,349.06,4,"[0, 0, 0, 0, 1, 1, 1, 0, 1, 0]",437.24,436.5,605.65,237.16,485937.1
RTO,23.53,3,"[0, 0, 0, 0, 1, 0, 0, 0, 1, 1]",26.79,29.52,34.2,23.14,1430023.05
OWL,12.02,7,"[1, 1, 1, 1, 0, 0, 1, 0, 1, 1]",10.16,11.04,17.68,7.89,19338538.9
OVV,64.59,10,"[1, 1, 1, 1, 1, 1, 1, 1, 1, 1]",59.3,51.7,66.82,35.32,3331858.4
TTMI,118.65,6,"[0, 0, 0, 1, 1, 1, 1, 0, 1, 1]",143.74,118.87,221.47,44.57,3046160.3
BEN,34.65,10,"[1, 1, 1, 1, 1, 1, 1, 1, 1, 1]",33.62,27.83,35.77,20.39,3424795.75
IEX,230.28,9,"[1, 1, 1, 1, 1, 1, 1, 1, 1, 0]",228.58,203.34,240.52,156.95,546515.0
LAMR,150.38,8,"[0, 1, 1, 1, 1, 1, 1, 1, 1, 0]",156.62,138.48,164.33,111.93,647926.65
VNOM,44.18,8,"[1, 1, 1, 0, 1, 1, 0, 1, 1, 1]",42.64,41.96,49.44,34.2,1676236.4
GNRC,183.8,5,"[0, 0, 0, 1, 1, 1, 1, 0, 1, 0]",226.75,207.75,295.54,136.37,1068523.25
NDSN,324.59,10,"[1, 1, 1, 1, 1, 1, 1, 1, 1, 1]",302.75,276.04,334.7,219.09,417860.45
SN,191.23,10,"[1, 1, 1, 1, 1, 1, 1, 1, 1, 1]",162.96,125.95,192.86,84.57,1764640.75
H,172.25,7,"[0, 1, 1, 1, 1, 1, 0, 1, 1, 0]",185.08,168.74,201.92,134.94,720950.2
BALL,63.77,9,"[1, 1, 1, 1, 1, 1, 1, 1, 1, 0]",62.59,58.49,67.31,45.92,1724951.1
MLI,62.8,8,"[0, 1, 1, 1, 1, 1, 1, 1, 1, 0]",63.42,61.4,70.23,47.16,1104053.4
LOGI,97.96,3,"[0, 0, 0, 1, 0, 0, 0, 1, 1, 0]",101.57,101.17,126.69,85.84,766427.5
CLH,310.71,9,"[1, 1, 1, 1, 1, 1, 1, 1, 1, 0]",307.38,279.91,326.34,201.73,427270.3
GMAB,33.23,9,"[1, 1, 1, 1, 0, 1, 1, 1, 1, 1]",29.62,29.26,35.34,23.85,2931179.3
PAA,25.48,10,"[1, 1, 1, 1, 1, 1, 1, 1, 1, 1]",23.33,20.54,25.63,14.64,2649279.65
NBIX,154.06,7,"[0, 1, 1, 1, 1, 1, 0, 1, 1, 0]",166.45,147.26,185.5,123.1,1195987.6
HST,22.28,8,"[0, 1, 1, 1, 1, 1, 1, 1, 1, 0]",23.67,20.09,25.54,14.79,9788760.6
JLL,378.01,9,"[1, 1, 1, 1, 0, 1, 1, 1, 1, 1]",343.68,325.48,392.79,280.16,293954.25
ASND,247.91,9,"[0, 1, 1, 1, 1, 1, 1, 1, 1, 1]",254.86,230.96,277.18,189.74,493489.55
LECO,284.89,10,"[1, 1, 1, 1, 1, 1, 1, 1, 1, 1]",267.59,259.4,297.02,218.56,455052.3
OKTA,166.23,10,"[1, 1, 1, 1, 1, 1, 1, 1, 1, 1]",140.86,99.73,172.91,62.93,3571032.1
HTHT,47.82,9,"[1, 1, 1, 0, 1, 1, 1, 1, 1, 1]",43.18,46.87,54.63,34.71,1632518.4
DTM,129.53,5,"[0, 0, 0, 1, 1, 1, 0, 1, 1, 0]",139.74,132.4,150.74,100.87,1057965.5
MOD,177.63,4,"[0, 0, 0, 0, 1, 1, 1, 0, 1, 0]",223.32,209.3,306.89,119.68,1287842.4
RRX,157.43,3,"[0, 0, 0, 0, 1, 1, 0, 0, 1, 0]",198.47,186.48,238.19,127.98,1465125.95
BSAC,35.14,10,"[1, 1, 1, 1, 1, 1, 1, 1, 1, 1]",33.98,31.92,36.15,22.9,271778.7
JAZZ,244.54,8,"[0, 1, 1, 1, 1, 1, 1, 1, 1, 0]",246.93,202.97,261.62,125.22,1119174.25
ONTO,270.79,8,"[0, 1, 1, 1, 1, 1, 1, 0, 1, 1]",301.27,237.82,378.45,101.95,1093232.05
OHI,45.99,7,"[0, 1, 1, 1, 1, 1, 0, 1, 1, 0]",47.85,45.17,51.03,37.16,1662643.95
SMMT,13.73,2,"[0, 0, 0, 0, 0, 0, 0, 0, 1, 1]",14.09,16.48,26.38,12.43,5417381.65
RMBS,85.76,2,"[0, 0, 0, 0, 1, 0, 0, 0, 1, 0]",103.76,108.27,170.66,73.28,1929992.65
AUR,5.83,7,"[0, 1, 1, 1, 1, 1, 1, 0, 1, 0]",6.38,5.31,8.4,3.77,29167418.25
NIO,4.37,2,"[0, 0, 0, 0, 1, 0, 0, 0, 1, 0]",4.74,5.27,7.89,4.36,27550462.0
HAS,94.23,9,"[1, 1, 1, 0, 1, 1, 1, 1, 1, 1]",87.75,87.88,103.58,68.73,1524480.8
LTM,50.53,4,"[0, 0, 0, 1, 1, 1, 0, 0, 1, 0]",54.07,53.11,68.29,41.47,834086.6
SUN,74.65,9,"[1, 1, 1, 1, 1, 1, 1, 1, 1, 0]",71.59,62.36,77.08,45.51,446257.1
QXO,13.52,2,"[0, 0, 0, 0, 0, 0, 0, 0, 1, 1]",14.94,19.23,27.07,13.3,16545225.7
AEIS,272.82,4,"[0, 0, 0, 0, 1, 1, 1, 0, 1, 0]",313.28,297.26,388.79,145.04,605640.6
ALLY,42.18,5,"[0, 0, 0, 1, 1, 1, 0, 1, 1, 0]",44.34,42.22,46.92,35.47,2813983.2
PL,19.98,4,"[0, 0, 0, 0, 1, 1, 1, 0, 1, 0]",24.42,26.79,51.4,6.44,4988904.9
EVR,290.11,2,"[0, 0, 0, 0, 0, 0, 0, 1, 1, 0]",325.45,329.47,381.16,266.5,501431.2
SKM,39.34,10,"[1, 1, 1, 1, 1, 1, 1, 1, 1, 1]",34.39,30.67,46.0,19.68,1881458.05
TIGO,93.38,8,"[0, 1, 1, 1, 1, 1, 1, 1, 1, 0]",93.58,73.9,104.31,42.71,1231626.55
SANM,194.01,8,"[0, 1, 1, 1, 1, 1, 1, 0, 1, 1]",209.71,182.62,282.72,113.14,629092.95
IESC,309.8,1,"[0, 0, 0, 0, 0, 0, 0, 0, 1, 0]",,,793.96,309.8,164012.25
BBIO,76.6,8,"[0, 1, 1, 1, 1, 1, 1, 1, 1, 0]",79.86,73.6,90.17,49.0,2093652.25
TOL,146.22,8,"[0, 1, 1, 1, 1, 1, 0, 1, 1, 1]",151.39,143.84,165.52,123.92,870466.65
DINO,99.71,10,"[1, 1, 1, 1, 1, 1, 1, 1, 1, 1]",84.04,63.6,99.71,44.83,2524448.1
NYT,68.16,4,"[0, 0, 0, 0, 1, 1, 0, 1, 1, 0]",70.65,73.11,85.59,54.2,2352008.15
DY,294.34,4,"[0, 0, 0, 1, 1, 1, 0, 0, 1, 0]",418.18,394.26,535.2,245.31,616230.55
RBRK,93.05,9,"[1, 1, 1, 1, 0, 1, 1, 1, 1, 1]",84.68,68.45,107.02,43.81,3820370.55
DVA,180.68,7,"[0, 1, 1, 1, 1, 1, 1, 0, 1, 0]",211.44,162.63,240.96,103.87,1039309.55
GH,161.5,9,"[1, 1, 1, 1, 1, 1, 1, 1, 1, 0]",156.77,115.74,170.92,54.79,2068916.7
PEN,321.68,7,"[1, 0, 0, 0, 1, 1, 1, 1, 1, 1]",320.61,323.45,359.4,225.54,264466.3
BMNR,23.8,6,"[1, 1, 1, 0, 0, 0, 1, 0, 1, 1]",17.48,22.61,63.2,13.31,38921213.85
SWK,97.8,10,"[1, 1, 1, 1, 1, 1, 1, 1, 1, 1]",94.33,80.25,104.0,60.08,1718835.8
ENLT,77.54,6,"[0, 0, 1, 1, 1, 1, 1, 0, 1, 0]",85.22,71.63,107.42,27.02,192295.7
OKLO,40.14,2,"[0, 0, 0, 0, 0, 0, 0, 0, 1, 1]",45.71,66.4,174.14,36.84,10113401.7
BWA,64.09,9,"[0, 1, 1, 1, 1, 1, 1, 1, 1, 1]",65.77,56.96,77.03,40.58,2204643.5
APA,42.54,10,"[1, 1, 1, 1, 1, 1, 1, 1, 1, 1]",36.71,32.73,44.39,20.93,5696182.1
IONS,61.05,3,"[0, 0, 0, 0, 0, 0, 1, 0, 1, 1]",62.9,73.73,86.5,42.64,2272531.25
HL,20.38,7,"[1, 1, 1, 0, 0, 1, 1, 0, 1, 1]",16.57,18.83,31.79,8.5,38155634.0
HII,294.21,3,"[0, 0, 0, 0, 1, 1, 0, 0, 1, 0]",296.44,346.98,451.78,263.93,432203.75
SOLS,63.53,4,"[0, 0, 0, 0, 1, 0, 1, 0, 1, 1]",65.02,67.44,88.48,41.3,2831616.6
FIVE,241.89,9,"[1, 1, 1, 0, 1, 1, 1, 1, 1, 1]",212.58,205.93,262.72,138.49,977027.0
U,43.31,9,"[1, 1, 1, 1, 0, 1, 1, 1, 1, 1]",35.13,31.98,49.47,17.13,13147889.4
IVZ,32.86,10,"[1, 1, 1, 1, 1, 1, 1, 1, 1, 1]",29.75,26.66,33.31,20.98,4161526.65
NTNX,69.16,8,"[1, 1, 1, 1, 0, 0, 1, 1, 1, 1]",58.07,48.82,81.12,34.41,2897980.8
MEDP,600.65,9,"[1, 1, 1, 1, 0, 1, 1, 1, 1, 1]",563.4,520.82,620.75,393.42,199837.3
EXEL,54.45,9,"[0, 1, 1, 1, 1, 1, 1, 1, 1, 1]",54.5,47.28,57.1,34.54,2605959.7
ALGN,157.58,4,"[0, 0, 0, 0, 1, 1, 0, 1, 1, 0]",172.96,170.06,197.51,124.88,824941.4
WLK,75.71,5,"[0, 0, 0, 0, 1, 1, 1, 0, 1, 1]",75.72,86.62,121.8,54.89,1033011.15
SAIA,352.25,5,"[0, 0, 0, 0, 1, 1, 1, 0, 1, 1]",396.55,383.23,487.14,250.48,461029.2
MP,56.13,4,"[1, 0, 0, 0, 0, 0, 1, 0, 1, 1]",51.79,57.77,98.65,38.1,7093439.4
VIAV,36.54,6,"[0, 0, 1, 1, 1, 1, 1, 0, 1, 0]",41.33,34.37,55.33,11.28,4599401.55
AAOI,106.23,7,"[0, 0, 1, 1, 1, 1, 1, 0, 1, 1]",122.55,99.47,223.1,19.49,12657210.85
PINS,23.19,6,"[1, 1, 1, 1, 0, 0, 1, 0, 1, 0]",22.76,22.07,37.95,15.42,10786774.5
AIZ,285.65,10,"[1, 1, 1, 1, 1, 1, 1, 1, 1, 1]",278.49,243.47,301.57,203.12,380823.8
WBS,77.57,4,"[0, 0, 0, 0, 0, 0, 1, 1, 1, 1]",,,79.07,53.14,9963276.65
ELAN,24.11,8,"[0, 1, 1, 1, 1, 1, 1, 1, 1, 0]",24.6,23.68,26.84,17.35,8351130.9
GLXY,23.21,3,"[0, 0, 0, 0, 0, 0, 1, 0, 1, 1]",23.91,25.15,42.86,16.84,6909836.85
APLD,25.34,3,"[0, 0, 0, 0, 1, 0, 1, 0, 1, 0]",31.13,32.19,49.65,13.89,15929573.95
MDGL,533.76,8,"[1, 1, 1, 1, 0, 1, 0, 1, 1, 1]",526.52,515.09,602.83,412.35,294833.15
VICR,187.75,5,"[0, 0, 0, 1, 1, 1, 1, 0, 1, 0]",247.91,200.08,379.78,48.46,781408.35
COKE,198.49,10,"[1, 1, 1, 1, 1, 1, 1, 1, 1, 1]",185.76,178.19,216.33,111.2,483018.85
LFUS,405.42,8,"[0, 1, 1, 1, 1, 1, 1, 1, 1, 0]",431.15,365.48,488.16,233.58,224431.15
FORM,101.69,6,"[0, 0, 1, 1, 1, 1, 1, 0, 1, 0]",118.98,100.84,159.93,28.43,1143200.25
AAON,75.87,2,"[0, 0, 0, 0, 1, 0, 0, 0, 1, 0]",101.36,98.97,148.15,73.35,1229195.7
TFII,133.31,8,"[0, 1, 1, 1, 1, 1, 1, 1, 1, 0]",143.59,124.16,162.83,80.09,226032.55
AIT,322.22,8,"[0, 1, 1, 1, 1, 1, 1, 1, 1, 0]",340.34,293.91,361.95,239.46,269914.45
SMTC,131.17,9,"[0, 1, 1, 1, 1, 1, 1, 1, 1, 1]",135.54,105.74,174.73,57.76,3180648.55
WULF,15.35,5,"[0, 0, 0, 1, 1, 1, 1, 0, 1, 0]",19.67,17.78,28.98,8.87,31863840.6
POWL,182.71,5,"[0, 0, 0, 1, 1, 1, 1, 0, 1, 0]",229.72,198.69,321.8,85.54,609218.9
TIMB,17.65,2,"[0, 0, 0, 0, 1, 0, 0, 0, 1, 0]",20.03,22.62,27.75,17.28,571051.7
AXSM,199.02,7,"[0, 0, 1, 1, 1, 1, 1, 1, 1, 0]",227.54,193.11,255.17,114.1,677718.8
WMS,136.99,3,"[0, 0, 0, 0, 0, 1, 0, 1, 1, 0]",145.8,147.66,174.94,129.5,707330.0
HMY,20.23,8,"[1, 1, 1, 0, 0, 1, 1, 1, 1, 1]",17.3,18.05,25.55,13.03,3626435.4
HUT,79.42,6,"[0, 0, 1, 1, 1, 1, 1, 0, 1, 0]",99.43,74.01,133.02,25.38,4966217.15
IAG,20.59,9,"[1, 1, 1, 0, 1, 1, 1, 1, 1, 1]",16.69,17.67,24.57,9.31,6319121.35
CGNX,60.46,8,"[0, 1, 1, 1, 1, 1, 1, 1, 1, 0]",64.32,52.81,72.32,34.65,2338494.7
KTOS,52.0,2,"[0, 0, 0, 0, 0, 0, 0, 0, 1, 1]",52.46,72.23,130.72,43.88,3831383.55
JEF,53.09,7,"[0, 1, 1, 1, 0, 1, 1, 1, 1, 0]",54.25,52.79,68.3,35.48,1833151.35
AG,20.76,8,"[1, 1, 1, 0, 1, 1, 1, 0, 1, 1]",17.66,19.46,31.96,9.05,10241803.75
EMBJ,72.54,9,"[1, 1, 1, 1, 0, 1, 1, 1, 1, 1]",68.54,65.51,79.6,53.63,1354128.75
ESI,34.93,6,"[0, 0, 1, 1, 1, 1, 1, 0, 1, 0]",39.46,34.85,49.09,22.82,3866909.7
JOBY,6.98,1,"[0, 0, 0, 0, 0, 0, 0, 0, 1, 0]",7.96,10.56,19.57,6.65,28553760.2
MUSA,503.19,7,"[0, 0, 1, 1, 1, 1, 1, 1, 1, 0]",572.26,487.69,622.07,354.79,296241.55
BTSG,59.13,8,"[0, 1, 1, 1, 1, 1, 1, 1, 1, 0]",65.85,49.43,72.91,23.69,2631442.6
GSAT,81.76,9,"[1, 1, 1, 1, 1, 1, 1, 1, 1, 0]",81.14,71.68,84.43,29.93,811129.3
GMED,82.97,6,"[1, 0, 0, 0, 0, 1, 1, 1, 1, 1]",81.11,86.01,96.82,55.1,1366863.2
BEP,31.73,7,"[0, 0, 1, 1, 1, 1, 1, 1, 1, 0]",33.29,31.43,37.09,24.11,804681.2
KNX,67.24,8,"[0, 1, 1, 1, 1, 1, 1, 1, 1, 0]",72.83,62.51,82.45,38.58,2800337.55
ALSN,126.32,10,"[1, 1, 1, 1, 1, 1, 1, 1, 1, 1]",119.92,113.12,135.36,78.44,834803.75
SNAP,5.43,5,"[1, 1, 0, 0, 0, 0, 1, 0, 1, 1]",4.9,5.92,9.09,3.93,44515582.45
ARWR,84.91,10,"[1, 1, 1, 1, 1, 1, 1, 1, 1, 1]",83.6,70.05,89.59,22.03,1113999.55
WTFC,152.95,7,"[0, 1, 1, 1, 1, 1, 0, 1, 1, 0]",159.01,147.27,166.33,118.51,551096.4
AES,14.73,9,"[1, 1, 1, 1, 1, 1, 0, 1, 1, 1]",14.63,14.27,16.87,11.92,7212326.5
SPXC,198.73,5,"[0, 0, 0, 1, 1, 1, 0, 1, 1, 0]",217.87,215.0,246.41,180.71,393841.15
VFS,3.08,2,"[0, 0, 0, 0, 1, 0, 0, 0, 1, 0]",3.11,3.41,4.76,2.81,338363.95
AHR,55.53,9,"[1, 1, 1, 1, 1, 1, 1, 1, 1, 0]",54.52,50.16,57.72,39.57,3054202.65
DAR,64.32,10,"[1, 1, 1, 1, 1, 1, 1, 1, 1, 1]",60.63,52.74,68.34,29.91,2584578.1
FCFS,219.21,10,"[1, 1, 1, 1, 1, 1, 1, 1, 1, 1]",213.98,194.36,236.43,144.26,414150.75
UMBF,144.59,8,"[0, 1, 1, 1, 1, 1, 1, 1, 1, 0]",144.65,126.51,152.04,102.87,467936.55
ARW,203.92,8,"[0, 1, 1, 1, 1, 1, 1, 1, 1, 0]",211.45,166.92,234.83,101.87,617685.8
MOG-A,374.66,8,"[0, 1, 1, 1, 1, 1, 1, 1, 1, 0]",406.42,324.07,445.38,190.93,243215.7
HBM,29.29,10,"[1, 1, 1, 1, 1, 1, 1, 1, 1, 1]",24.73,23.23,31.86,11.99,4618793.5
MGM,42.28,8,"[0, 1, 1, 1, 1, 1, 1, 1, 1, 0]",45.52,39.37,50.69,30.72,2172698.4
VMI,476.28,7,"[0, 0, 1, 1, 1, 1, 1, 1, 1, 0]",515.85,465.48,582.78,362.21,157407.05
ABVX,113.35,5,"[0, 0, 0, 1, 0, 1, 1, 1, 1, 0]",123.53,119.27,145.31,72.5,836689.5
CTRE,39.03,6,"[0, 0, 1, 1, 1, 1, 0, 1, 1, 0]",40.56,38.37,43.4,31.94,2308373.6
MOH,200.0,9,"[0, 1, 1, 1, 1, 1, 1, 1, 1, 1]",210.77,175.83,242.88,122.65,581147.65
BPOP,169.75,8,"[0, 1, 1, 1, 1, 1, 1, 1, 1, 0]",170.83,143.74,177.87,107.38,377914.65
SNEX,68.64,7,"[0, 1, 1, 1, 1, 1, 1, 0, 1, 0]",75.15,61.14,92.67,37.2,992426.35
CYTK,72.09,8,"[0, 1, 1, 1, 1, 1, 1, 1, 1, 0]",79.97,69.62,87.26,35.33,1929401.5
VSAT,67.37,8,"[0, 1, 1, 1, 1, 1, 1, 1, 1, 0]",74.94,56.35,89.81,28.41,1989846.4
ICLR,170.02,8,"[1, 1, 1, 1, 0, 0, 1, 1, 1, 1]",166.68,147.38,202.92,80.08,555631.45
AGX,417.74,5,"[0, 0, 0, 1, 1, 1, 1, 0, 1, 0]",607.44,510.74,797.9,202.87,273115.65
CAMT,135.57,5,"[0, 0, 0, 0, 1, 1, 1, 0, 1, 1]",152.32,151.13,207.46,76.73,468823.0
SBSW,12.09,5,"[1, 0, 0, 0, 0, 1, 1, 0, 1, 1]",9.6,12.48,20.52,7.36,5441777.35
ELPC,11.24,6,"[0, 0, 1, 0, 1, 1, 1, 1, 1, 0]",11.43,11.04,13.39,7.96,467661.05
TTC,99.03,10,"[1, 1, 1, 1, 1, 1, 1, 1, 1, 1]",95.92,90.06,100.89,67.07,567441.4
R,245.86,8,"[0, 1, 1, 1, 1, 1, 1, 1, 1, 0]",261.12,222.53,279.21,157.4,268459.25
CAVA,66.94,5,"[0, 0, 0, 0, 1, 1, 1, 0, 1, 1]",70.2,71.67,97.39,43.59,3410037.15
PRAX,344.75,10,"[1, 1, 1, 1, 1, 1, 1, 1, 1, 1]",334.3,303.69,386.33,37.71,428772.45
ZION,67.78,8,"[0, 1, 1, 1, 1, 1, 1, 1, 1, 0]",69.45,61.16,72.82,45.54,1317776.1
SIRI,28.54,8,"[0, 1, 1, 1, 1, 1, 1, 1, 1, 0]",29.41,24.43,32.3,19.3,3733315.45
RIOT,18.99,5,"[0, 0, 1, 1, 1, 0, 1, 0, 1, 0]",21.91,18.53,28.69,11.83,22264197.6
FLS,80.33,9,"[1, 1, 1, 0, 1, 1, 1, 1, 1, 1]",75.34,75.46,91.49,48.65,1466648.6
ALGM,35.77,5,"[0, 0, 0, 1, 1, 1, 1, 0, 1, 0]",47.78,39.16,69.62,22.8,1964530.25
GDS,33.41,4,"[1, 0, 0, 0, 1, 0, 0, 0, 1, 1]",32.13,37.77,47.52,29.02,1787020.5
KRYS,351.46,10,"[1, 1, 1, 1, 1, 1, 1, 1, 1, 1]",348.1,286.32,378.15,137.46,269060.25
EGO,45.48,9,"[1, 1, 1, 0, 1, 1, 1, 1, 1, 1]",34.87,35.52,49.52,24.68,2819111.65
GGB,4.59,9,"[1, 1, 1, 1, 1, 1, 1, 1, 1, 0]",4.53,4.12,5.09,2.96,11755975.65
MXL,61.73,7,"[0, 1, 1, 1, 1, 1, 1, 0, 1, 0]",79.76,46.3,128.03,13.05,2216002.85
IBRX,8.05,9,"[1, 1, 1, 1, 1, 1, 1, 0, 1, 1]",7.83,6.45,11.55,1.98,8583344.4
AAL,13.64,5,"[0, 0, 0, 1, 0, 1, 1, 1, 1, 0]",15.61,13.92,18.15,10.18,56169157.2
DDS,620.29,7,"[1, 1, 1, 0, 0, 1, 0, 1, 1, 1]",579.44,601.99,699.51,509.87,153061.2
FRO,44.19,10,"[1, 1, 1, 1, 1, 1, 1, 1, 1, 1]",39.42,31.83,44.45,19.11,2211792.45
CRUS,108.48,2,"[0, 0, 0, 0, 1, 0, 0, 0, 1, 0]",134.23,140.19,178.9,108.48,798317.95
BVN,35.12,9,"[1, 1, 1, 0, 1, 1, 1, 1, 1, 1]",31.92,32.33,42.44,18.6,1158810.0
W,103.76,9,"[1, 1, 1, 1, 0, 1, 1, 1, 1, 1]",95.35,88.39,119.05,57.4,3399665.8
LUMN,6.04,1,"[0, 0, 0, 0, 0, 0, 0, 0, 1, 0]",6.63,7.79,11.83,4.72,13600454.95
LLYVK,103.55,9,"[0, 1, 1, 1, 1, 1, 1, 1, 1, 1]",103.65,93.93,108.86,77.33,259340.15
LLYVA,99.89,9,"[0, 1, 1, 1, 1, 1, 1, 1, 1, 1]",99.93,91.2,104.99,74.85,156216.7
LEVI,21.29,5,"[0, 0, 0, 1, 1, 1, 0, 1, 1, 0]",23.59,21.71,25.53,17.69,2035000.65
COLB,30.07,7,"[0, 1, 1, 1, 1, 1, 0, 1, 1, 0]",31.68,29.19,33.61,23.18,2681382.75
OSK,153.96,10,"[1, 1, 1, 1, 1, 1, 1, 1, 1, 1]",148.87,143.85,176.5,117.24,613970.3
MTCH,41.58,10,"[1, 1, 1, 1, 1, 1, 1, 1, 1, 1]",38.52,34.16,42.18,28.57,3454404.0
FR,61.94,7,"[0, 1, 1, 1, 1, 1, 0, 1, 1, 0]",64.22,60.21,68.86,49.05,748542.0
CRL,291.5,10,"[1, 1, 1, 1, 1, 1, 1, 1, 1, 1]",245.1,197.15,298.58,145.57,979531.6
FROG,98.74,10,"[1, 1, 1, 1, 1, 1, 1, 1, 1, 1]",87.85,64.88,104.03,34.75,2202235.9
ZWS,48.05,5,"[0, 0, 0, 1, 1, 1, 0, 1, 1, 0]",49.31,48.1,53.06,43.5,731819.65
SIMO,245.81,7,"[0, 1, 1, 1, 1, 1, 1, 0, 1, 0]",275.88,179.83,336.22,78.41,1170764.25
ENS,185.46,7,"[0, 0, 1, 1, 1, 1, 1, 1, 1, 0]",200.0,184.82,243.06,100.33,514461.3
PRMB,23.0,9,"[0, 1, 1, 1, 1, 1, 1, 1, 1, 1]",23.75,20.35,25.26,14.14,4716611.7
EMN,73.03,9,"[1, 1, 1, 0, 1, 1, 1, 1, 1, 1]",70.59,69.33,79.49,54.37,907125.6
CIFR,15.17,4,"[0, 0, 0, 1, 1, 0, 1, 0, 1, 0]",20.57,18.37,29.18,7.4,37642532.05
QBTS,16.99,2,"[0, 0, 0, 0, 0, 0, 1, 0, 1, 0]",20.02,21.72,44.78,12.98,16524369.05
ECG,115.73,5,"[0, 0, 0, 1, 1, 1, 1, 0, 1, 0]",136.65,120.47,169.16,74.17,602520.1
FIGR,36.05,5,"[1, 1, 0, 0, 0, 0, 1, 0, 1, 1]",30.97,36.96,73.91,24.91,4628882.15
ICL,5.6,7,"[1, 1, 1, 0, 1, 0, 0, 1, 1, 1]",5.23,5.38,6.76,4.72,1144586.45
TKR,120.82,8,"[0, 1, 1, 1, 1, 1, 1, 1, 1, 0]",134.78,109.48,144.93,69.84,1019718.5
SSL,11.82,9,"[1, 1, 1, 0, 1, 1, 1, 1, 1, 1]",11.11,10.08,14.29,5.33,1091642.55
KRMN,45.57,1,"[0, 0, 0, 0, 0, 0, 0, 0, 1, 0]",51.33,72.2,115.29,44.84,2444833.95
BOKF,137.48,8,"[0, 1, 1, 1, 1, 1, 1, 1, 1, 0]",140.0,128.83,145.44,101.73,199223.15
NXE,10.4,6,"[1, 0, 0, 0, 1, 1, 1, 0, 1, 1]",9.86,10.77,13.92,7.56,5160753.7
NE,45.76,9,"[1, 1, 1, 0, 1, 1, 1, 1, 1, 1]",41.93,40.94,53.79,25.74,1123899.15
AMG,370.87,10,"[1, 1, 1, 1, 1, 1, 1, 1, 1, 1]",360.57,311.91,383.41,224.79,250687.1
IDA,135.78,5,"[0, 0, 0, 1, 1, 1, 0, 1, 1, 0]",144.72,137.7,153.61,120.49,470186.45
VIRT,66.39,10,"[1, 1, 1, 1, 1, 1, 1, 1, 1, 1]",60.67,46.71,67.93,31.82,1547541.6
MSGS,389.34,8,"[0, 1, 1, 1, 1, 1, 1, 1, 1, 0]",393.74,324.43,414.12,195.78,232403.75
ROAD,110.1,4,"[0, 0, 0, 0, 1, 0, 0, 1, 1, 1]",110.39,114.85,140.48,93.51,736208.55
CMC,67.63,4,"[0, 0, 0, 0, 1, 1, 0, 1, 1, 0]",68.19,69.23,82.67,54.7,1131738.45
JXN,134.16,10,"[1, 1, 1, 1, 1, 1, 1, 1, 1, 1]",121.83,110.38,135.32,88.37,570979.55
ESE,276.96,7,"[0, 0, 1, 1, 1, 1, 1, 1, 1, 0]",318.36,275.66,354.82,195.21,201202.35
GKOS,179.87,10,"[1, 1, 1, 1, 1, 1, 1, 1, 1, 1]",162.33,127.14,189.55,74.67,672324.55
CWEN,31.76,5,"[0, 0, 0, 0, 1, 1, 0, 1, 1, 1]",33.51,35.86,41.26,26.9,1127479.0
CIG,1.99,4,"[0, 0, 0, 0, 1, 1, 0, 1, 1, 0]",2.07,2.11,2.62,1.79,4232889.6
MBLY,8.58,4,"[0, 0, 0, 1, 0, 0, 1, 0, 1, 1]",8.76,9.35,15.54,6.56,3951537.5
KNTK,53.81,10,"[1, 1, 1, 1, 1, 1, 1, 1, 1, 1]",50.15,43.42,55.1,30.05,1146921.4
CHRD,146.0,10,"[1, 1, 1, 1, 1, 1, 1, 1, 1, 1]",130.01,117.48,148.81,81.47,745093.75
MIDD,112.75,5,"[0, 0, 0, 1, 1, 1, 0, 1, 1, 0]",129.68,120.29,144.17,89.85,629694.55
PCVX,59.83,10,"[1, 1, 1, 1, 1, 1, 1, 1, 1, 1]",57.34,53.71,63.3,30.79,919971.65
KEX,139.06,10,"[1, 1, 1, 1, 1, 1, 1, 1, 1, 1]",138.65,131.49,152.59,79.95,451159.85
HALO,105.35,10,"[1, 1, 1, 1, 1, 1, 1, 1, 1, 1]",86.79,73.25,109.32,61.63,2376830.95
YOU,43.43,5,"[0, 0, 0, 1, 1, 1, 1, 0, 1, 0]",51.71,45.97,62.18,29.2,1877841.75
ORA,103.04,3,"[0, 0, 0, 0, 1, 0, 0, 0, 1, 1]",108.49,115.38,144.94,89.88,755569.35
VLY,13.92,8,"[0, 1, 1, 1, 1, 1, 1, 1, 1, 0]",14.55,12.94,15.19,9.47,6035960.05
VFC,13.67,1,"[0, 0, 0, 0, 0, 0, 0, 0, 1, 0]",15.82,17.51,21.44,13.09,6289763.45
WFRD,93.79,8,"[1, 0, 1, 0, 1, 1, 1, 1, 1, 1]",86.62,91.28,111.07,60.68,802402.95
CORZ,16.51,3,"[0, 0, 0, 1, 1, 0, 0, 0, 1, 0]",22.0,19.66,29.16,13.57,11912419.55
TEX,63.73,9,"[0, 1, 1, 1, 1, 1, 1, 1, 1, 1]",66.7,60.45,74.39,41.45,978816.05
SOBO,37.43,10,"[1, 1, 1, 1, 1, 1, 1, 1, 1, 1]",36.67,32.18,38.67,24.54,505486.85
FAF,74.47,9,"[1, 1, 1, 1, 1, 1, 1, 1, 1, 0]",72.02,65.97,79.16,56.38,605315.35
IDCC,335.15,7,"[1, 1, 1, 0, 0, 0, 1, 1, 1, 1]",299.06,318.22,393.78,250.11,197257.25
OR,37.4,9,"[1, 1, 1, 0, 1, 1, 1, 1, 1, 1]",31.93,36.62,47.56,28.05,1126892.2
HXL,94.87,8,"[0, 1, 1, 1, 1, 1, 1, 1, 1, 0]",100.79,87.74,110.09,60.57,737499.0
OGC,30.07,7,"[1, 0, 1, 0, 1, 1, 1, 0, 1, 1]",26.15,29.95,42.25,18.04,560749.4
SLAB,218.54,10,"[1, 1, 1, 1, 1, 1, 1, 1, 1, 1]",218.22,191.65,220.34,116.08,237348.15
RIG,5.8,8,"[1, 0, 1, 0, 1, 1, 1, 1, 1, 1]",5.35,5.51,7.58,2.99,40202147.0
PLXS,240.87,8,"[0, 1, 1, 1, 1, 1, 1, 1, 1, 0]",264.12,219.03,303.82,132.74,252748.3
GGAL,42.24,4,"[0, 0, 0, 1, 0, 1, 1, 0, 1, 0]",48.24,47.6,58.63,25.33,889774.45
SSRM,37.29,10,"[1, 1, 1, 1, 1, 1, 1, 1, 1, 1]",30.12,27.69,39.21,19.29,2983712.5
LTH,43.51,9,"[1, 1, 1, 1, 1, 1, 1, 1, 1, 0]",42.76,31.98,45.73,24.59,2885843.0
KYMR,118.15,10,"[1, 1, 1, 1, 1, 1, 1, 1, 1, 1]",112.32,87.73,127.31,40.69,687966.5
SM,36.62,10,"[1, 1, 1, 1, 1, 1, 1, 1, 1, 1]",31.03,26.08,37.64,17.3,3957300.85
LEA,124.02,6,"[0, 0, 0, 1, 1, 1, 1, 1, 1, 0]",132.53,125.7,148.68,94.98,619537.95
HR,18.99,7,"[0, 1, 1, 1, 1, 1, 0, 1, 1, 0]",20.13,18.29,21.6,15.74,3174599.6
RHP,129.33,9,"[1, 1, 1, 1, 1, 1, 1, 1, 1, 0]",127.81,105.63,135.99,82.97,969716.7
NOV,20.99,10,"[1, 1, 1, 1, 1, 1, 1, 1, 1, 1]",19.63,18.65,21.6,12.09,3214766.8
DBX,35.7,9,"[1, 1, 1, 1, 0, 1, 1, 1, 1, 1]",31.22,27.55,35.93,22.06,4025729.3
TFPM,34.0,7,"[1, 1, 1, 0, 0, 1, 0, 1, 1, 1]",30.32,33.09,41.23,26.85,608326.9
AUGO,84.53,9,"[1, 1, 1, 0, 1, 1, 1, 1, 1, 1]",65.73,66.13,107.02,28.42,994305.3
MTDR,56.39,9,"[1, 1, 1, 0, 1, 1, 1, 1, 1, 1]",51.77,50.63,64.51,36.03,2122525.2
MYRG,294.42,5,"[0, 0, 0, 1, 1, 1, 1, 0, 1, 0]",381.36,321.43,501.13,173.81,266443.85
AVT,88.63,8,"[0, 1, 1, 1, 1, 1, 1, 1, 1, 0]",89.32,70.36,98.63,43.64,1287631.8
LGN,53.85,5,"[0, 0, 0, 1, 1, 1, 1, 0, 1, 0]",68.92,62.13,102.27,29.72,1001921.45
BRKR,57.08,8,"[0, 1, 1, 1, 1, 1, 1, 1, 1, 0]",58.69,47.55,64.34,29.21,2463671.75
SGHC,13.82,8,"[0, 1, 1, 1, 1, 1, 1, 1, 1, 0]",13.99,11.99,15.59,8.45,2324765.2
STEP,50.32,4,"[1, 1, 0, 0, 0, 0, 0, 0, 1, 1]",45.29,52.72,74.4,39.54,1361071.85
UGP,6.45,10,"[1, 1, 1, 1, 1, 1, 1, 1, 1, 1]",5.82,5.03,6.55,3.53,3106510.75
VAL,86.29,8,"[1, 0, 1, 0, 1, 1, 1, 1, 1, 1]",79.63,79.01,113.42,46.75,1015688.0
BLSH,32.89,5,"[1, 1, 0, 0, 0, 0, 1, 0, 1, 1]",25.15,34.22,69.49,21.79,1676199.55
TGTX,53.93,10,"[1, 1, 1, 1, 1, 1, 1, 1, 1, 1]",53.37,38.39,59.06,26.94,2208224.65
MIRM,97.46,7,"[0, 0, 1, 1, 1, 1, 1, 1, 1, 0]",110.27,95.35,128.57,64.1,696765.35
ST,41.03,7,"[0, 0, 1, 1, 1, 1, 1, 1, 1, 0]",45.59,39.78,53.41,28.29,1282825.45
NPO,298.96,8,"[0, 1, 1, 1, 1, 1, 1, 1, 1, 0]",334.42,278.86,387.65,201.81,175065.7
PAYC,238.53,9,"[1, 1, 1, 1, 0, 1, 1, 1, 1, 1]",170.64,146.82,238.53,113.1,913979.4
SYRE,90.36,8,"[0, 1, 1, 1, 1, 1, 1, 1, 1, 0]",98.47,60.37,108.92,14.82,966510.3
SWX,89.1,8,"[0, 1, 1, 1, 1, 1, 0, 1, 1, 1]",90.29,85.85,92.72,74.91,410815.9
COMP,10.97,7,"[0, 1, 1, 1, 0, 1, 1, 1, 1, 0]",11.81,10.1,13.58,6.68,10554399.75
AROC,31.24,5,"[0, 0, 0, 1, 1, 1, 1, 0, 1, 0]",35.8,32.53,41.68,22.6,1959463.75
AXTI,58.63,5,"[0, 0, 1, 0, 1, 1, 1, 0, 1, 0]",64.96,53.42,140.83,2.9,11924773.75
RSI,26.41,8,"[0, 1, 1, 1, 1, 1, 1, 1, 1, 0]",29.17,23.34,34.52,15.89,2278943.65
RYTM,107.17,8,"[0, 1, 1, 1, 0, 1, 1, 1, 1, 1]",109.43,99.44,117.62,75.82,646680.4
HIMS,28.84,6,"[0, 1, 1, 1, 0, 0, 1, 0, 1, 1]",32.11,28.61,62.76,14.52,13104925.85
PTGX,144.33,10,"[1, 1, 1, 1, 1, 1, 1, 1, 1, 1]",138.13,104.5,158.62,56.19,493293.8
ACA,145.28,10,"[1, 1, 1, 1, 1, 1, 1, 1, 1, 1]",144.84,122.2,145.49,88.99,567154.5
FNB,18.41,7,"[0, 1, 1, 1, 1, 1, 0, 1, 1, 0]",18.94,17.57,19.49,14.33,3389395.6
FLY,21.26,3,"[0, 0, 0, 0, 1, 0, 0, 0, 1, 1]",23.95,27.51,58.81,16.78,2970788.85
CELC,88.44,5,"[0, 0, 0, 0, 1, 1, 1, 0, 1, 1]",94.24,105.99,144.98,45.22,744043.35
ENIC,4.35,7,"[0, 1, 1, 1, 1, 1, 0, 1, 1, 0]",4.45,4.15,4.66,3.37,536904.55
INGM,28.7,10,"[1, 1, 1, 1, 1, 1, 1, 1, 1, 1]",28.31,24.94,31.54,18.78,893564.3
LUNR,15.37,5,"[0, 0, 0, 0, 1, 1, 1, 0, 1, 1]",16.57,19.64,45.7,8.05,10601669.15
RGTI,15.59,2,"[0, 0, 0, 0, 0, 0, 0, 0, 1, 1]",16.95,19.59,56.34,12.9,18713446.15
CLF,11.62,7,"[1, 1, 1, 1, 0, 0, 1, 0, 1, 1]",10.94,11.38,16.18,7.82,15745200.4
CE,45.0,4,"[0, 0, 0, 0, 1, 1, 0, 0, 1, 1]",46.04,50.52,69.19,35.47,1741754.25
APGE,134.97,10,"[1, 1, 1, 1, 1, 1, 1, 1, 1, 1]",133.14,90.89,134.97,36.37,1247613.0
LSTR,180.03,9,"[0, 1, 1, 1, 1, 1, 1, 1, 1, 1]",194.88,169.58,224.86,117.83,432293.35
GVA,122.52,6,"[0, 0, 0, 1, 1, 1, 0, 1, 1, 1]",130.81,125.77,160.26,98.2,645953.8
VIST,70.14,8,"[1, 1, 1, 0, 1, 1, 1, 1, 1, 0]",66.47,62.17,79.25,33.7,953946.6
KGS,57.67,7,"[0, 0, 1, 1, 1, 1, 1, 1, 1, 0]",63.95,54.56,75.7,31.78,1653761.95
URBN,81.09,9,"[1, 1, 1, 1, 0, 1, 1, 1, 1, 1]",74.15,71.52,82.95,59.57,1253840.8
PTCT,70.09,6,"[0, 0, 0, 1, 0, 1, 1, 1, 1, 1]",76.99,73.46,89.55,49.33,890647.7
ETSY,83.59,10,"[1, 1, 1, 1, 1, 1, 1, 1, 1, 1]",80.76,63.4,87.03,44.05,3318950.15
LNTH,100.77,9,"[0, 1, 1, 1, 1, 1, 1, 1, 1, 1]",103.62,83.02,110.94,50.11,2156041.95
VNO,38.2,7,"[0, 1, 1, 1, 0, 1, 1, 1, 1, 0]",39.15,33.26,42.04,24.71,1314859.9
REZI,19.63,1,"[0, 0, 0, 0, 0, 0, 0, 0, 1, 0]",22.9,23.94,30.97,18.64,2800992.2
OUT,29.6,7,"[0, 0, 1, 1, 1, 1, 1, 1, 1, 0]",31.72,27.97,33.81,16.53,1883202.75
FLG,13.45,5,"[0, 0, 0, 1, 1, 1, 0, 1, 1, 0]",14.4,13.53,15.36,10.7,3909377.45
EAT,230.19,10,"[1, 1, 1, 1, 1, 1, 1, 1, 1, 1]",203.48,160.83,253.94,102.29,1056591.1
GXO,47.6,2,"[0, 0, 0, 0, 1, 0, 0, 0, 1, 0]",49.92,53.02,65.59,45.37,1605378.25
COGT,34.67,5,"[0, 0, 0, 1, 0, 1, 1, 1, 1, 0]",38.66,36.94,42.84,11.97,1824401.1
IBP,245.56,3,"[1, 0, 0, 0, 0, 0, 0, 0, 1, 1]",232.12,260.55,340.78,195.28,292600.65
VSNT,41.02,7,"[1, 1, 0, 1, 0, 0, 1, 1, 1, 1]",37.2,41.02,46.48,26.86,1762009.35
ABCB,85.59,7,"[0, 1, 1, 1, 1, 1, 0, 1, 1, 0]",88.72,82.14,93.17,68.89,306936.3
TFX,139.67,10,"[1, 1, 1, 1, 1, 1, 1, 1, 1, 1]",133.43,121.73,140.18,99.54,646281.75
IMVT,41.2,10,"[1, 1, 1, 1, 1, 1, 1, 1, 1, 1]",40.22,30.15,44.96,14.69,1131711.0
CGON,74.34,10,"[1, 1, 1, 1, 1, 1, 1, 1, 1, 1]",72.86,60.22,80.68,26.82,739807.75
USAR,17.99,4,"[0, 0, 0, 0, 1, 0, 1, 0, 1, 1]",18.18,19.19,38.68,11.9,13447254.0
ALKS,47.41,8,"[0, 1, 1, 1, 1, 1, 1, 1, 1, 0]",50.72,37.31,55.22,26.52,1357769.3
CENX,46.59,6,"[1, 0, 0, 0, 1, 1, 1, 0, 1, 1]",45.74,49.05,68.77,21.69,2258628.65
MSM,119.2,8,"[0, 1, 1, 1, 1, 1, 1, 1, 1, 0]",121.76,99.89,127.28,78.9,590699.95
SRRK,57.8,10,"[1, 1, 1, 1, 1, 1, 1, 1, 1, 1]",52.91,47.15,60.04,27.92,1073711.1
BLCO,17.15,8,"[1, 1, 1, 1, 0, 1, 0, 1, 1, 1]",16.56,16.5,18.6,14.32,360930.6
PIPR,75.61,3,"[1, 0, 0, 0, 0, 0, 0, 1, 1, 0]",75.49,80.04,92.51,69.79,460456.3
BKH,72.8,8,"[0, 1, 1, 1, 1, 1, 0, 1, 1, 1]",73.14,71.29,75.38,56.15,803136.85
KMX,62.11,10,"[1, 1, 1, 1, 1, 1, 1, 1, 1, 1]",56.86,45.58,64.22,30.88,1772169.55
MAC,23.75,8,"[0, 1, 1, 1, 1, 1, 1, 1, 1, 0]",25.02,20.93,26.51,15.8,3764314.55
CZR,29.73,8,"[0, 1, 1, 1, 1, 1, 1, 1, 1, 0]",29.85,26.24,30.41,18.14,3834699.6
PRIM,73.12,1,"[0, 0, 0, 0, 0, 0, 0, 0, 1, 0]",85.9,124.82,202.75,73.12,1151238.8
GLNG,50.29,10,"[1, 1, 1, 1, 1, 1, 1, 1, 1, 1]",50.19,46.52,56.8,34.8,1207227.45
OSCR,30.47,9,"[1, 1, 1, 1, 1, 1, 1, 1, 1, 0]",30.21,20.08,32.76,10.85,5926273.6
S,21.54,10,"[1, 1, 1, 1, 1, 1, 1, 1, 1, 1]",19.28,15.93,23.84,11.94,7705595.5
CORT,113.88,8,"[1, 1, 1, 1, 0, 1, 1, 1, 1, 0]",100.96,65.92,123.57,32.15,880089.0
RUSHA,76.27,8,"[0, 1, 1, 1, 1, 1, 1, 1, 1, 0]",76.61,67.32,82.76,46.26,407589.8
HWC,75.07,8,"[0, 1, 1, 1, 1, 1, 1, 1, 1, 0]",76.05,68.08,79.78,53.34,663976.9
CACC,594.89,9,"[0, 1, 1, 1, 1, 1, 1, 1, 1, 1]",600.88,514.79,657.2,411.04,115028.2
ZGN,13.73,8,"[0, 1, 1, 1, 1, 1, 1, 1, 1, 0]",13.86,11.81,15.25,8.17,826534.75
MATX,224.31,10,"[1, 1, 1, 1, 1, 1, 1, 1, 1, 1]",208.86,168.08,224.31,87.23,270567.65
MCY,102.97,8,"[0, 1, 1, 1, 1, 1, 1, 1, 1, 0]",106.73,95.91,111.12,75.45,274522.35
ALM,18.04,9,"[1, 1, 1, 0, 1, 1, 1, 1, 1, 1]",15.25,14.68,23.42,4.14,6711321.65
BGC,12.12,10,"[1, 1, 1, 1, 1, 1, 1, 1, 1, 1]",11.3,10.16,12.63,8.24,2871024.6
AUB,40.66,8,"[0, 1, 1, 1, 1, 1, 1, 1, 1, 0]",41.65,37.56,43.01,30.43,782669.95
GTX,26.66,7,"[0, 1, 1, 1, 1, 1, 1, 0, 1, 0]",30.85,23.52,36.23,12.35,2456448.95
MRCY,88.54,5,"[0, 0, 0, 1, 1, 1, 1, 0, 1, 0]",104.78,90.29,126.21,66.12,813077.7
VSEC,215.82,10,"[1, 1, 1, 1, 1, 1, 1, 1, 1, 1]",215.67,196.72,243.48,154.64,385918.0
TEO,13.06,8,"[0, 1, 1, 1, 1, 1, 1, 1, 1, 0]",13.38,12.41,15.98,6.52,215203.5
LBRT,19.02,5,"[0, 0, 0, 0, 1, 1, 1, 0, 1, 1]",22.14,24.57,33.83,9.91,3657998.2
XENE,59.99,8,"[0, 1, 1, 1, 1, 1, 1, 1, 1, 0]",63.02,52.29,70.96,35.66,670848.85
SNDR,34.44,8,"[0, 1, 1, 1, 1, 1, 1, 1, 1, 0]",36.08,30.33,38.66,20.04,583972.9
KLIC,81.03,6,"[0, 0, 1, 1, 1, 1, 1, 0, 1, 0]",102.28,77.78,133.81,34.96,882572.75
SEI,49.89,4,"[0, 0, 0, 0, 1, 1, 1, 0, 1, 0]",62.61,59.26,82.88,24.67,2626121.35
GOLF,86.91,4,"[0, 0, 0, 1, 1, 1, 0, 0, 1, 0]",102.94,94.01,118.53,73.29,458418.4
BEPC,32.29,1,"[0, 0, 0, 0, 0, 0, 0, 0, 1, 0]",34.65,38.17,43.52,32.05,1719383.0
VCTR,118.31,10,"[1, 1, 1, 1, 1, 1, 1, 1, 1, 1]",100.8,78.55,121.13,59.52,654238.7
BC,76.64,6,"[0, 0, 0, 1, 1, 1, 1, 1, 1, 0]",80.45,77.68,87.8,57.45,637561.4
MUR,35.63,7,"[1, 0, 1, 0, 1, 1, 1, 1, 1, 0]",35.31,34.58,41.94,23.88,1830691.3
MGY,26.25,7,"[1, 0, 1, 0, 1, 1, 0, 1, 1, 1]",25.88,26.09,31.94,20.84,3438150.05
CRSP,57.72,8,"[1, 1, 1, 1, 0, 0, 1, 1, 1, 1]",53.5,53.16,76.78,44.34,1519574.35
PACS,42.75,8,"[0, 1, 1, 1, 1, 1, 1, 1, 1, 0]",44.16,36.99,48.45,7.71,797016.9
HASI,40.0,10,"[1, 1, 1, 1, 1, 1, 1, 1, 1, 1]",39.12,36.69,42.83,26.3,922577.85
ATAT,35.5,5,"[1, 1, 0, 0, 0, 0, 0, 1, 1, 1]",33.44,36.28,42.21,31.03,1017085.0
CRC,52.23,3,"[0, 0, 0, 0, 1, 1, 0, 0, 1, 0]",52.66,55.08,69.66,42.98,839381.85
LEGN,19.88,3,"[0, 0, 0, 1, 0, 0, 0, 0, 1, 1]",23.44,23.37,36.28,16.65,2165991.2
PRM,30.62,9,"[0, 1, 1, 1, 1, 1, 1, 1, 1, 1]",33.85,29.29,37.78,20.69,1337310.45
IFS,54.65,8,"[0, 1, 1, 1, 1, 1, 1, 1, 1, 0]",57.32,48.1,60.68,36.99,247444.5
CROX,122.23,8,"[0, 1, 1, 1, 1, 1, 1, 1, 1, 0]",129.23,102.25,141.19,73.39,924610.7
CAR,138.12,4,"[0, 0, 0, 0, 1, 0, 1, 0, 1, 1]",153.17,157.67,713.97,87.69,311825.0
M,22.01,7,"[0, 1, 1, 1, 0, 1, 1, 1, 1, 0]",23.93,21.27,26.21,12.75,4921802.55
AVAL,5.25,9,"[1, 1, 1, 1, 1, 1, 1, 1, 1, 0]",5.16,4.54,5.72,3.07,156247.05
KNF,64.24,3,"[0, 0, 0, 0, 1, 1, 0, 0, 1, 0]",76.04,78.47,93.97,59.93,939870.9
DIOD,88.0,7,"[0, 0, 1, 1, 1, 1, 1, 0, 1, 1]",96.14,78.71,122.76,42.36,717131.3
SON,56.47,10,"[1, 1, 1, 1, 1, 1, 1, 1, 1, 1]",56.0,50.01,60.0,37.64,851194.2
WSC,20.9,5,"[0, 0, 0, 1, 1, 1, 1, 0, 1, 0]",25.39,22.19,29.07,14.84,3126192.75
RELY,26.55,10,"[1, 1, 1, 1, 1, 1, 1, 1, 1, 1]",23.94,18.36,26.67,12.2,3467569.95
SXT,135.12,10,"[1, 1, 1, 1, 1, 1, 1, 1, 1, 1]",123.81,105.23,137.45,82.4,300769.4
ALH,23.23,4,"[0, 0, 0, 1, 1, 0, 0, 1, 1, 0]",25.65,23.71,28.01,19.06,1918146.3
ACLS,115.57,5,"[0, 0, 0, 1, 1, 1, 1, 0, 1, 0]",141.95,115.94,191.6,74.12,361774.8
LB,86.94,10,"[1, 1, 1, 1, 1, 1, 1, 1, 1, 1]",76.77,67.27,89.59,44.0,369564.55
STVN,21.03,8,"[1, 1, 1, 1, 0, 0, 1, 1, 1, 1]",19.92,18.33,27.51,13.38,517231.1
BMA,76.05,5,"[0, 0, 0, 1, 0, 1, 1, 1, 1, 0]",87.49,82.69,101.13,37.79,338936.65
GBTG,9.48,10,"[1, 1, 1, 1, 1, 1, 1, 1, 1, 1]",9.42,7.72,9.51,4.97,1223070.0
TDS,33.65,3,"[0, 0, 0, 0, 1, 0, 0, 0, 1, 1]",34.91,40.46,47.5,32.98,1174673.45
NOVT,142.2,7,"[0, 0, 1, 1, 1, 1, 1, 1, 1, 0]",152.11,136.61,168.75,99.22,414047.7
MARA,10.67,3,"[0, 0, 0, 1, 0, 0, 1, 0, 1, 0]",11.79,10.97,22.84,6.73,48578015.95
ACHR,5.75,3,"[1, 0, 0, 0, 0, 0, 0, 0, 1, 1]",5.35,6.51,13.64,4.44,40086738.8
PSMT,169.34,8,"[0, 1, 1, 1, 1, 1, 1, 1, 1, 0]",184.72,155.71,197.13,106.36,246688.9
SYNA,95.08,5,"[0, 0, 0, 1, 1, 1, 1, 0, 1, 0]",113.57,95.42,147.57,58.52,704670.55
OPEN,3.29,1,"[0, 0, 0, 0, 0, 0, 0, 0, 1, 0]",4.08,5.2,10.52,3.29,42199138.55
PBF,71.28,9,"[1, 1, 1, 1, 1, 1, 1, 1, 1, 0]",60.27,42.99,75.2,25.55,2835855.1
INDV,34.87,6,"[0, 0, 0, 1, 1, 1, 1, 1, 1, 0]",39.3,35.51,41.83,22.51,2583988.45
ENPH,37.25,4,"[0, 0, 0, 0, 1, 1, 1, 0, 1, 0]",41.7,40.57,72.33,26.12,3974508.8
KC,10.64,3,"[1, 0, 0, 0, 1, 0, 0, 0, 1, 0]",10.46,12.53,18.21,8.58,1767670.4
MIAX,43.0,3,"[1, 0, 0, 0, 0, 0, 0, 1, 1, 0]",42.22,43.45,56.84,34.95,1229268.9
TGS,28.15,4,"[0, 0, 0, 0, 0, 1, 1, 1, 1, 0]",29.59,30.57,35.32,20.12,225192.55
DNTH,105.84,9,"[1, 1, 1, 1, 1, 1, 1, 1, 1, 0]",103.35,74.28,115.96,23.57,655949.2
SPHR,141.68,8,"[0, 1, 1, 1, 1, 1, 1, 1, 1, 0]",154.04,122.02,176.38,45.31,733713.95
MDU,19.79,4,"[0, 0, 0, 0, 1, 1, 0, 1, 1, 0]",20.71,20.65,22.65,15.53,1514364.1
EBC,22.29,8,"[0, 1, 1, 1, 1, 1, 1, 1, 1, 0]",22.63,20.27,23.65,16.38,1704784.25
HRB,52.48,9,"[1, 1, 1, 1, 0, 1, 1, 1, 1, 1]",44.11,38.07,54.18,27.66,2539164.9
NAVN,28.5,9,"[1, 1, 1, 1, 1, 0, 1, 1, 1, 1]",26.39,17.68,30.58,8.51,2126903.7
AIR,133.19,8,"[0, 1, 1, 1, 1, 1, 1, 1, 1, 0]",138.71,112.97,153.71,73.92,374526.8
VSH,30.56,6,"[0, 0, 1, 1, 1, 1, 1, 0, 1, 0]",40.24,28.36,64.9,11.65,4217344.05
PI,170.06,7,"[1, 1, 1, 1, 0, 0, 1, 0, 1, 1]",150.51,141.48,241.91,91.34,425616.25
MEOH,57.67,9,"[1, 1, 1, 0, 1, 1, 1, 1, 1, 1]",53.26,51.35,65.5,33.49,650804.25
NTSK,15.09,7,"[1, 1, 1, 1, 0, 0, 1, 0, 1, 1]",12.92,13.17,25.79,7.73,4225784.35
QS,5.61,2,"[0, 0, 0, 0, 0, 0, 0, 0, 1, 1]",6.21,8.23,18.44,4.89,16862597.15
CVLT,136.4,6,"[0, 1, 1, 1, 0, 0, 1, 0, 1, 1]",138.89,113.27,195.41,75.18,524021.4
CSTM,26.98,6,"[0, 0, 1, 1, 1, 1, 1, 0, 1, 0]",29.38,26.32,36.15,13.73,1426268.0
LAUR,38.8,10,"[1, 1, 1, 1, 1, 1, 1, 1, 1, 1]",37.75,34.43,40.46,27.48,853623.95
PAM,80.45,4,"[0, 0, 0, 0, 0, 1, 1, 1, 1, 0]",82.67,84.06,92.27,56.55,167224.6
PAGP,27.97,10,"[1, 1, 1, 1, 1, 1, 1, 1, 1, 1]",25.27,22.14,28.13,15.63,1654167.9
CVSA,134.47,10,"[1, 1, 1, 1, 1, 1, 1, 1, 1, 1]",127.13,113.73,154.45,89.36,352947.15
ATMU,47.73,3,"[0, 0, 0, 0, 1, 1, 0, 0, 1, 0]",51.16,54.4,65.42,42.6,703353.9
FTDR,82.89,10,"[1, 1, 1, 1, 1, 1, 1, 1, 1, 1]",78.0,64.03,90.83,49.1,520931.8
MMYT,59.02,7,"[1, 1, 1, 1, 0, 0, 1, 0, 1, 1]",56.65,57.52,101.87,36.3,564889.7
INSW,98.81,10,"[1, 1, 1, 1, 1, 1, 1, 1, 1, 1]",90.61,69.41,99.95,39.01,512740.0
HCC,107.07,9,"[1, 1, 1, 0, 1, 1, 1, 1, 1, 1]",87.84,88.3,110.18,54.95,607000.4
NAMS,25.9,1,"[0, 0, 0, 0, 0, 0, 0, 0, 1, 0]",30.23,32.88,41.45,24.05,1133613.5
KNSA,78.08,10,"[1, 1, 1, 1, 1, 1, 1, 1, 1, 1]",69.7,51.92,80.92,33.49,448997.35
SHC,19.27,9,"[1, 1, 1, 1, 0, 1, 1, 1, 1, 1]",18.08,16.74,19.57,13.13,2828673.05
TBBB,48.99,10,"[1, 1, 1, 1, 1, 1, 1, 1, 1, 1]",43.19,37.27,50.91,24.12,861731.15
HRI,150.6,8,"[0, 1, 1, 1, 0, 1, 1, 1, 1, 1]",154.63,140.42,179.36,90.58,363761.6
NWE,70.32,9,"[0, 1, 1, 1, 1, 1, 1, 1, 1, 1]",70.64,67.67,72.73,53.43,366609.3
FLNC,10.88,2,"[0, 0, 0, 0, 0, 0, 1, 0, 1, 0]",14.98,18.25,32.23,6.75,7887058.8
LGND,280.49,8,"[0, 1, 1, 1, 1, 1, 1, 1, 1, 0]",296.86,230.33,322.61,161.71,228574.75
IPGP,76.53,2,"[0, 0, 0, 0, 1, 0, 0, 0, 1, 0]",94.3,101.51,153.91,70.74,610919.4
CBT,83.65,8,"[0, 1, 1, 1, 1, 1, 1, 1, 1, 0]",87.74,76.61,93.4,57.64,458181.65
GTLB,44.87,8,"[1, 1, 1, 1, 0, 0, 1, 1, 1, 1]",35.18,31.5,51.04,19.42,4223937.1
BCO,110.97,5,"[1, 1, 0, 0, 0, 1, 0, 1, 1, 0]",109.98,112.31,134.96,91.97,434277.55
HAFN,8.47,10,"[1, 1, 1, 1, 1, 1, 1, 1, 1, 1]",7.5,6.85,9.11,4.79,1146910.05
WIX,87.62,6,"[1, 1, 1, 0, 0, 0, 1, 0, 1, 1]",59.5,76.34,184.24,40.43,1711588.6
AZZ,138.34,7,"[0, 0, 1, 1, 1, 1, 1, 1, 1, 0]",148.57,131.63,159.9,97.18,211069.5
ONDS,7.9,4,"[0, 0, 0, 0, 0, 1, 1, 0, 1, 1]",8.12,9.49,14.01,5.03,75109819.9
UNF,281.88,8,"[0, 1, 1, 1, 1, 1, 1, 1, 1, 0]",282.61,241.83,301.19,149.3,175115.3
IRDM,46.6,8,"[0, 1, 1, 1, 1, 1, 1, 1, 1, 0]",48.23,33.19,55.72,15.57,987115.0
STNG,78.03,10,"[1, 1, 1, 1, 1, 1, 1, 1, 1, 1]",76.72,69.89,85.61,48.65,731730.95
TCBI,98.64,6,"[0, 0, 1, 1, 1, 1, 0, 1, 1, 0]",101.07,97.84,107.74,76.93,390679.9
TPC,88.84,10,"[1, 1, 1, 1, 1, 1, 1, 1, 1, 1]",85.05,77.73,99.01,58.56,521186.5
ENVA,232.72,8,"[0, 1, 1, 1, 1, 1, 1, 1, 1, 0]",240.24,174.93,265.45,104.01,265684.55
PLUG,2.19,4,"[0, 0, 0, 0, 1, 0, 1, 0, 1, 1]",2.3,2.48,4.14,1.41,65512225.6
HNGE,87.35,10,"[1, 1, 1, 1, 1, 1, 1, 1, 1, 1]",83.31,55.55,92.85,31.17,1892155.5
WHD,69.65,10,"[1, 1, 1, 1, 1, 1, 1, 1, 1, 1]",60.08,53.78,73.73,33.12,739473.55
PTEN,12.43,10,"[1, 1, 1, 1, 1, 1, 1, 1, 1, 1]",10.33,9.22,12.74,5.0,7567702.45
SMR,9.29,3,"[1, 0, 0, 0, 0, 0, 0, 0, 1, 1]",9.24,13.37,53.43,7.59,34245932.5
CMBT,18.35,10,"[1, 1, 1, 1, 1, 1, 1, 1, 1, 1]",15.98,13.03,18.35,8.13,1018764.25
CNO,55.37,10,"[1, 1, 1, 1, 1, 1, 1, 1, 1, 1]",53.47,45.5,55.68,38.03,654436.55
BETA,20.16,6,"[1, 1, 0, 1, 0, 0, 1, 0, 1, 1]",19.95,20.85,36.8,13.59,2140462.75
CNR,100.96,9,"[1, 1, 1, 0, 1, 1, 1, 1, 1, 1]",86.46,89.36,113.11,70.51,558478.8
BLLN,93.24,3,"[0, 0, 0, 1, 0, 0, 1, 0, 1, 0]",114.8,95.24,149.97,64.03,843866.6
ZETA,30.54,10,"[1, 1, 1, 1, 1, 1, 1, 1, 1, 1]",23.58,19.78,30.54,14.55,9503092.2
NVTS,11.49,5,"[0, 0, 0, 0, 1, 1, 1, 0, 1, 1]",13.89,12.83,31.79,5.54,13577255.4
FHI,64.41,10,"[1, 1, 1, 1, 1, 1, 1, 1, 1, 1]",60.28,55.35,65.39,46.07,529367.0
COLD,15.01,9,"[0, 1, 1, 1, 1, 1, 1, 1, 1, 1]",15.03,12.98,16.25,9.61,3398435.55
LMND,52.96,2,"[0, 0, 0, 0, 0, 0, 0, 0, 1, 1]",59.22,64.89,96.57,47.38,1064540.95
AMRX,17.54,8,"[0, 1, 1, 1, 1, 1, 1, 1, 1, 0]",17.67,14.22,19.1,9.54,1694116.95
LPL,3.35,2,"[0, 0, 0, 0, 0, 0, 0, 0, 1, 1]",3.47,4.17,5.76,2.79,2591814.15
TREX,45.77,8,"[0, 1, 1, 1, 1, 1, 1, 0, 1, 1]",46.68,40.83,64.6,30.13,1807222.1
DOO,61.91,3,"[0, 0, 0, 0, 0, 0, 0, 1, 1, 1]",61.94,66.11,81.22,50.79,209232.8
MTRN,237.74,9,"[0, 1, 1, 1, 1, 1, 1, 1, 1, 1]",255.06,183.13,297.21,108.26,349052.6
XMTR,94.11,10,"[1, 1, 1, 1, 1, 1, 1, 1, 1, 1]",91.58,67.99,104.85,36.1,611029.25
NP,33.87,10,"[1, 1, 1, 1, 1, 1, 1, 1, 1, 1]",31.71,26.8,35.11,17.14,435128.0
LASR,42.94,4,"[0, 0, 0, 0, 1, 1, 1, 0, 1, 0]",61.62,57.08,84.95,28.04,1507791.85
CAAP,24.1,5,"[0, 0, 0, 0, 1, 1, 1, 1, 1, 0]",25.09,25.83,30.35,17.49,229850.35
TNL,71.21,6,"[0, 0, 1, 1, 1, 1, 0, 1, 1, 0]",74.85,70.64,78.45,56.68,616047.95
PVH,75.79,5,"[0, 0, 0, 1, 1, 1, 0, 1, 1, 0]",79.6,76.67,98.77,60.85,890985.5
LBTYA,10.67,4,"[0, 0, 0, 0, 1, 0, 0, 1, 1, 1]",10.68,11.42,13.03,9.69,2202311.55
CRGY,13.54,9,"[1, 1, 1, 0, 1, 1, 1, 1, 1, 1]",11.14,10.75,14.06,7.53,5583773.4
COCO,61.71,6,"[0, 0, 1, 1, 1, 1, 1, 0, 1, 0]",69.08,60.69,84.02,35.74,812794.3
POWI,51.51,5,"[0, 0, 0, 1, 1, 1, 1, 0, 1, 0]",67.03,55.81,87.35,30.52,648178.6
LEU,175.78,2,"[1, 0, 0, 0, 0, 0, 0, 0, 1, 0]",174.98,212.83,436.0,146.61,589333.05
ANDG,55.72,7,"[1, 1, 0, 1, 0, 0, 1, 1, 1, 1]",44.62,55.72,56.56,18.34,577833.9
KTB,76.99,8,"[0, 1, 1, 1, 1, 1, 1, 1, 1, 0]",82.45,71.48,88.17,56.63,737551.6
MRX,72.84,10,"[1, 1, 1, 1, 1, 1, 1, 1, 1, 1]",65.94,49.24,72.84,27.85,631871.55
ARIS,20.27,9,"[1, 1, 1, 0, 1, 1, 1, 1, 1, 1]",16.18,17.24,22.68,8.68,1608015.2
DLO,15.03,8,"[1, 1, 1, 1, 0, 1, 1, 1, 1, 0]",14.38,13.24,15.57,10.83,2619098.15
GFF,98.98,10,"[1, 1, 1, 1, 1, 1, 1, 1, 1, 1]",95.66,84.59,107.22,66.26,352712.3
TDW,92.62,10,"[1, 1, 1, 1, 1, 1, 1, 1, 1, 1]",78.91,72.44,96.49,47.29,663413.65
OPLN,35.09,8,"[0, 1, 1, 1, 1, 1, 1, 1, 1, 0]",38.4,32.43,42.9,24.49,1652888.9
KAI,302.24,4,"[0, 0, 0, 0, 1, 1, 0, 1, 1, 0]",313.05,308.83,346.52,246.63,129684.0
BBWI,19.22,4,"[0, 0, 0, 1, 1, 0, 1, 0, 1, 0]",20.08,19.7,30.54,14.41,6697375.45
TVTX,65.67,10,"[1, 1, 1, 1, 1, 1, 1, 1, 1, 1]",59.3,41.64,67.52,17.5,1673909.6
CRNX,84.84,10,"[1, 1, 1, 1, 1, 1, 1, 1, 1, 1]",73.85,50.23,84.86,30.99,2222634.1
LIVN,80.32,9,"[0, 1, 1, 1, 1, 1, 1, 1, 1, 1]",80.51,69.13,85.32,49.57,723232.55
NVST,27.13,9,"[1, 1, 1, 1, 1, 1, 1, 1, 1, 0]",27.08,25.11,30.26,18.95,2901163.5
ACMR,74.42,7,"[0, 1, 1, 1, 1, 1, 1, 0, 1, 0]",89.12,62.28,126.89,26.83,881406.35
UCTT,69.48,6,"[0, 0, 1, 1, 1, 1, 1, 0, 1, 0]",94.46,66.06,142.59,21.65,1142294.85
HGV,43.81,5,"[0, 0, 0, 1, 1, 1, 0, 1, 1, 0]",48.49,46.01,54.69,36.99,1031033.75
PII,63.78,5,"[0, 0, 0, 1, 0, 1, 1, 1, 1, 0]",68.85,64.31,74.7,47.42,796257.7
SKE,33.24,9,"[1, 1, 1, 0, 1, 1, 1, 1, 1, 1]",29.2,28.69,38.12,15.54,613390.85
EE,38.56,9,"[1, 1, 1, 1, 1, 1, 1, 1, 1, 0]",37.89,34.28,42.6,22.79,382793.25
ORKA,91.14,8,"[0, 1, 1, 1, 1, 1, 1, 1, 1, 0]",94.34,56.59,113.08,14.8,781476.05
RNG,69.38,10,"[1, 1, 1, 1, 1, 1, 1, 1, 1, 1]",51.04,38.58,69.38,24.69,1610424.5
CATY,61.87,6,"[0, 1, 1, 1, 1, 1, 0, 0, 1, 0]",62.54,54.36,,,343427.1
ACAD,29.11,9,"[1, 1, 1, 1, 0, 1, 1, 1, 1, 1]",26.7,24.35,30.57,20.06,1793843.55
DAN,30.35,8,"[1, 0, 1, 0, 1, 1, 1, 1, 1, 1]",28.14,29.72,38.62,17.84,1506755.7
EWTX,42.76,10,"[1, 1, 1, 1, 1, 1, 1, 1, 1, 1]",41.94,32.47,48.35,13.7,1362147.55
TAC,12.19,2,"[0, 0, 0, 1, 0, 0, 0, 0, 1, 0]",13.18,13.17,17.66,11.78,1698265.4
SOUN,7.11,3,"[1, 0, 0, 0, 0, 0, 0, 0, 1, 1]",6.72,8.48,21.4,5.7,30599843.5
JOE,67.32,9,"[1, 1, 1, 0, 1, 1, 1, 1, 1, 1]",64.37,64.42,72.27,46.43,191296.75
HP,42.55,10,"[1, 1, 1, 1, 1, 1, 1, 1, 1, 1]",36.43,34.33,44.47,19.45,1412319.25
INDB,82.06,8,"[0, 1, 1, 1, 1, 1, 1, 1, 1, 0]",84.19,78.19,87.17,62.86,274824.55
FG,23.99,2,"[0, 0, 0, 1, 0, 0, 0, 0, 1, 0]",27.75,27.62,34.14,20.28,586227.75
BB,8.16,7,"[0, 1, 1, 1, 1, 1, 1, 0, 1, 0]",9.35,5.9,12.81,3.15,9812725.05
PPTA,25.11,5,"[1, 0, 0, 0, 0, 1, 1, 0, 1, 1]",21.56,26.54,37.22,16.71,1261274.35
LRN,86.84,6,"[1, 0, 1, 0, 1, 0, 1, 0, 1, 1]",85.61,82.5,166.11,61.02,966522.6
BULL,9.37,7,"[1, 1, 1, 1, 0, 0, 1, 0, 1, 1]",7.6,7.16,15.55,4.63,16393949.0
BELFB,248.69,6,"[0, 0, 1, 1, 1, 1, 1, 0, 1, 0]",278.16,232.9,332.96,134.24,179305.2
WSFS,78.3,8,"[0, 1, 1, 1, 1, 1, 1, 1, 1, 0]",78.96,67.66,82.09,49.8,327554.65
LQDA,67.69,7,"[0, 1, 1, 1, 1, 1, 1, 0, 1, 0]",79.11,50.34,91.03,21.8,1534903.35
ALHC,13.62,1,"[0, 0, 0, 0, 0, 0, 0, 0, 1, 0]",18.05,18.95,24.56,12.78,5313567.55
AAUC,23.36,6,"[1, 0, 0, 0, 1, 1, 1, 0, 1, 1]",22.2,26.19,32.01,14.0,715576.55
CGAU,23.44,10,"[1, 1, 1, 1, 1, 1, 1, 1, 1, 1]",18.38,17.06,24.25,8.1,1645325.9
OII,50.59,10,"[1, 1, 1, 1, 1, 1, 1, 1, 1, 1]",45.86,35.82,54.11,22.2,859744.9
VKTX,32.16,5,"[0, 0, 0, 1, 0, 0, 1, 1, 1, 1]",35.5,33.65,42.13,23.09,1754999.3
CLSK,11.66,4,"[0, 0, 0, 1, 1, 0, 1, 0, 1, 0]",13.55,12.53,23.2,8.18,20791155.35
SII,132.95,9,"[1, 1, 1, 0, 1, 1, 1, 1, 1, 1]",114.01,120.86,165.32,65.32,236255.35
VECO,44.29,6,"[0, 0, 1, 1, 1, 1, 1, 0, 1, 0]",55.6,43.51,83.04,23.59,685055.35
RUM,8.98,10,"[1, 1, 1, 1, 1, 1, 1, 1, 1, 1]",6.83,6.55,10.23,4.67,4392935.4
WRBY,25.0,7,"[0, 0, 1, 1, 1, 1, 1, 1, 1, 0]",26.91,24.66,30.34,16.49,2656819.55
TLX,11.29,10,"[1, 1, 1, 1, 1, 1, 1, 1, 1, 1]",11.09,9.4,12.42,6.41,128548.4
RXO,21.91,8,"[0, 1, 1, 1, 1, 1, 1, 0, 1, 1]",24.57,18.69,29.3,10.48,1683856.8
BTE,4.74,9,"[1, 1, 1, 0, 1, 1, 1, 1, 1, 1]",4.27,4.0,5.3,2.16,13834226.85
LION,11.4,6,"[0, 0, 1, 1, 1, 1, 1, 0, 1, 0]",13.31,10.88,16.4,5.91,2675718.8
TWST,141.38,10,"[1, 1, 1, 1, 1, 1, 1, 1, 1, 1]",106.72,62.21,153.1,24.16,1798643.35
FIBK,37.04,8,"[0, 1, 1, 1, 1, 1, 1, 1, 1, 0]",37.96,35.03,39.73,27.83,930372.4
BFH,105.74,9,"[1, 1, 1, 1, 1, 1, 1, 1, 1, 0]",105.3,84.52,113.4,53.59,392694.55
BHF,53.04,3,"[0, 0, 0, 0, 0, 1, 0, 1, 1, 0]",61.2,62.53,66.61,43.36,1146508.75
SLG,57.54,10,"[1, 1, 1, 1, 1, 1, 1, 1, 1, 1]",53.41,45.06,62.85,34.32,819400.6
HYMC,23.83,6,"[1, 0, 0, 0, 1, 1, 1, 0, 1, 1]",23.17,29.56,55.74,4.55,1904823.2
OGN,13.76,10,"[1, 1, 1, 1, 1, 1, 1, 1, 1, 1]",13.56,10.1,13.77,5.68,2831785.6
SIG,82.7,3,"[0, 0, 0, 1, 0, 0, 0, 1, 1, 0]",88.33,88.64,105.18,73.65,596214.7
GNW,9.98,9,"[1, 1, 1, 1, 1, 1, 0, 1, 1, 1]",9.74,8.94,10.16,7.94,2491119.4
HWKN,120.35,2,"[0, 0, 0, 0, 1, 0, 0, 0, 1, 0]",136.37,144.96,182.56,117.67,131525.3
CTRI,20.32,3,"[0, 0, 0, 0, 1, 1, 0, 0, 1, 0]",25.83,28.3,41.8,19.37,2109976.5
RUN,8.78,1,"[0, 0, 0, 0, 0, 0, 0, 0, 1, 0]",11.09,14.75,21.41,8.78,8796067.5
ASO,43.5,2,"[0, 0, 0, 0, 1, 0, 0, 0, 1, 0]",47.56,52.17,60.83,41.39,1550654.55
HSAI,17.42,3,"[1, 0, 0, 0, 0, 0, 0, 0, 1, 1]",16.88,21.15,29.8,14.6,1691991.25
ATS,19.21,2,"[0, 0, 0, 0, 1, 0, 0, 0, 1, 0]",24.89,28.47,35.38,19.21,295878.1
CC,15.62,4,"[0, 0, 0, 0, 1, 1, 1, 0, 1, 0]",17.38,17.88,27.68,10.33,2878725.8
BKU,46.39,7,"[0, 0, 1, 1, 1, 1, 1, 1, 1, 0]",47.52,45.9,50.23,34.64,507621.2
TRMD,32.62,10,"[1, 1, 1, 1, 1, 1, 1, 1, 1, 1]",29.43,26.44,34.08,18.06,605816.65
SUNC,76.34,9,"[1, 1, 1, 1, 1, 0, 1, 1, 1, 1]",72.04,60.49,77.93,45.83,451663.15
MANU,22.1,8,"[0, 1, 1, 1, 1, 1, 1, 1, 1, 0]",22.65,18.85,24.19,15.1,339442.85
AAP,42.9,4,"[0, 0, 0, 1, 1, 1, 0, 0, 1, 0]",54.83,52.13,62.91,38.18,2380228.6
AVNT,44.67,10,"[1, 1, 1, 1, 1, 1, 1, 1, 1, 1]",39.59,35.92,46.34,26.82,909134.2
CVI,41.76,9,"[1, 1, 1, 1, 1, 0, 1, 1, 1, 1]",33.1,30.35,41.76,20.59,896623.35
SA,32.39,9,"[1, 1, 1, 0, 1, 1, 1, 1, 1, 1]",28.34,29.96,39.35,17.34,881577.25
AMBA,70.63,5,"[0, 1, 1, 1, 0, 0, 1, 0, 1, 0]",74.06,69.73,95.51,48.65,1102513.85
APLE,16.55,10,"[1, 1, 1, 1, 1, 1, 1, 1, 1, 1]",16.46,13.36,16.99,10.58,2645985.4
CHEF,115.0,9,"[1, 1, 1, 1, 1, 1, 1, 1, 1, 0]",102.78,76.13,115.35,54.6,620933.85
BEAM,29.32,9,"[0, 1, 1, 1, 1, 1, 1, 1, 1, 1]",29.83,28.34,37.92,16.31,1672221.75
CWK,14.12,6,"[1, 1, 0, 1, 0, 0, 0, 1, 1, 1]",13.69,14.2,17.2,11.8,1692079.5
TNGX,23.34,7,"[0, 1, 1, 1, 1, 1, 1, 0, 1, 0]",27.72,19.23,32.9,6.36,2178977.5
EFXT,20.0,4,"[0, 0, 0, 0, 1, 1, 1, 0, 1, 0]",22.52,20.68,28.32,9.97,764549.35
DAVE,378.55,10,"[1, 1, 1, 1, 1, 1, 1, 1, 1, 1]",373.26,256.23,442.53,155.92,432869.25
FSM,12.26,9,"[1, 1, 1, 0, 1, 1, 1, 1, 1, 1]",9.49,9.98,13.66,7.62,5991234.35
VRNS,43.92,7,"[1, 1, 1, 1, 0, 0, 1, 0, 1, 1]",42.85,32.32,63.31,20.19,1288862.0
NATL,46.26,9,"[1, 1, 1, 1, 1, 1, 1, 1, 1, 0]",45.93,42.62,48.13,34.13,658036.6
ADEA,25.72,7,"[0, 0, 1, 1, 1, 1, 1, 1, 1, 0]",28.15,23.42,33.5,11.62,997254.5
BTDR,10.32,4,"[0, 0, 0, 1, 1, 0, 1, 0, 1, 0]",12.14,12.02,25.9,7.28,16113041.6
BATRK,50.55,8,"[0, 1, 1, 1, 1, 1, 1, 1, 1, 0]",51.49,45.56,53.58,38.04,616005.25
SEZL,124.12,7,"[0, 1, 1, 1, 1, 1, 1, 0, 1, 0]",153.98,96.55,188.55,50.97,825020.9
BBAR,14.47,5,"[0, 0, 0, 1, 1, 1, 1, 0, 1, 0]",18.13,16.73,21.73,7.82,798918.7
PARR,78.85,9,"[1, 1, 1, 1, 1, 1, 1, 1, 1, 0]",71.34,55.07,86.03,32.82,1027811.35
VCYT,43.34,6,"[0, 1, 1, 1, 0, 1, 1, 0, 1, 0]",51.85,42.57,60.49,30.01,1313821.1
COLM,58.01,5,"[0, 0, 0, 1, 1, 1, 0, 1, 1, 0]",60.9,58.41,67.45,47.94,735613.0
FFBC,32.82,8,"[0, 1, 1, 1, 1, 1, 1, 1, 1, 0]",33.85,29.29,36.18,22.64,622273.55
FSLY,23.04,9,"[1, 1, 1, 1, 1, 1, 1, 0, 1, 1]",21.77,18.4,33.5,7.3,6581971.8
ZIM,27.44,10,"[1, 1, 1, 1, 1, 1, 1, 1, 1, 1]",25.75,24.03,28.81,12.03,2229780.65
RCUS,29.21,10,"[1, 1, 1, 1, 1, 1, 1, 1, 1, 1]",28.99,24.37,31.57,10.59,1164044.6
CALY,15.69,7,"[0, 0, 1, 1, 1, 1, 1, 1, 1, 0]",17.81,14.85,19.66,8.39,1887139.95
BOH,77.29,7,"[0, 0, 1, 1, 1, 1, 1, 1, 1, 0]",80.73,74.99,85.85,58.13,295166.9
UNFI,45.8,7,"[0, 0, 1, 1, 1, 1, 1, 1, 1, 0]",48.42,43.25,55.52,28.0,462341.15
SXI,298.44,9,"[0, 1, 1, 1, 1, 1, 1, 1, 1, 1]",315.75,269.15,357.31,197.88,118246.0
PLAB,27.73,4,"[0, 0, 0, 0, 1, 1, 1, 0, 1, 0]",30.73,35.38,54.96,20.28,1413249.95
ERAS,18.03,8,"[0, 1, 1, 1, 1, 1, 1, 1, 1, 0]",18.1,12.49,22.47,1.43,3167870.85
EXTR,22.58,7,"[0, 1, 1, 1, 1, 1, 1, 0, 1, 0]",28.31,20.86,33.71,13.74,1813896.35
YETI,41.57,5,"[0, 0, 0, 1, 1, 1, 0, 1, 1, 0]",48.45,44.33,52.68,32.11,1974055.0
CARG,36.56,9,"[1, 1, 1, 1, 0, 1, 1, 1, 1, 1]",35.23,33.99,39.03,26.96,863715.25
MPT,4.09,1,"[0, 0, 0, 0, 0, 0, 0, 0, 1, 0]",4.48,4.86,5.8,4.02,7985625.4
DNLI,24.0,9,"[0, 1, 1, 1, 1, 1, 1, 1, 1, 1]",24.57,20.7,27.21,12.75,1219083.1
BKD,11.72,5,"[0, 0, 0, 1, 1, 1, 1, 0, 1, 0]",14.11,13.29,16.77,7.36,5258255.3
CON,34.26,10,"[1, 1, 1, 1, 1, 1, 1, 1, 1, 1]",32.09,24.72,35.47,18.52,943246.5
ETOR,31.03,2,"[0, 0, 0, 1, 0, 0, 0, 0, 1, 0]",35.54,35.13,46.9,24.76,1559288.5
LXP,60.69,10,"[1, 1, 1, 1, 1, 1, 1, 1, 1, 1]",58.44,50.89,61.15,41.85,630470.25
MSGE,78.3,10,"[1, 1, 1, 1, 1, 1, 1, 1, 1, 1]",78.08,64.49,88.42,40.4,348427.45
BWLP,23.94,10,"[1, 1, 1, 1, 1, 1, 1, 1, 1, 1]",21.07,17.05,24.8,11.16,340618.4
KYIV,13.44,7,"[0, 1, 1, 1, 0, 1, 1, 1, 1, 0]",14.1,12.94,16.17,9.33,295398.4
BHE,71.31,6,"[0, 0, 1, 1, 1, 1, 1, 0, 1, 0]",82.38,65.66,98.67,35.65,292289.6
CAKE,112.07,10,"[1, 1, 1, 1, 1, 1, 1, 1, 1, 1]",93.88,66.63,117.29,42.61,1789908.3
HG,35.35,9,"[1, 1, 1, 1, 1, 1, 1, 1, 1, 0]",34.73,29.92,37.28,21.72,348985.6
DHT,19.66,10,"[1, 1, 1, 1, 1, 1, 1, 1, 1, 1]",17.5,15.1,19.99,9.88,3427481.4
AEHR,80.81,8,"[0, 1, 1, 1, 1, 1, 1, 0, 1, 1]",93.35,61.28,145.61,19.4,2396684.95
OLN,17.15,2,"[0, 0, 0, 0, 1, 0, 0, 0, 1, 0]",20.01,22.91,,,2912356.55
SBLK,30.48,8,"[1, 1, 1, 1, 1, 1, 0, 0, 1, 1]",26.85,23.07,,,1536719.1
VC,102.02,5,"[0, 0, 1, 1, 1, 0, 0, 1, 1, 0]",105.46,102.01,127.5,84.18,375584.45
TTAM,15.02,5,"[0, 0, 0, 1, 1, 1, 0, 1, 1, 0]",16.74,16.51,19.32,14.13,230176.9
BKV,24.23,4,"[0, 0, 0, 0, 1, 1, 0, 1, 1, 0]",25.46,27.47,32.16,20.24,958337.6
HIMX,13.64,8,"[0, 1, 1, 1, 1, 1, 1, 0, 1, 1]",14.13,11.47,23.77,6.81,1325656.4
BANC,18.6,5,"[0, 0, 0, 1, 1, 1, 0, 1, 1, 0]",19.98,19.03,21.83,15.28,2293438.35
SBCF,34.37,8,"[1, 1, 1, 1, 1, 1, 0, 1, 1, 0]",33.86,31.97,36.13,28.28,821880.3
KN,34.23,8,"[0, 1, 1, 1, 1, 1, 1, 1, 1, 0]",37.32,30.07,42.8,20.67,789705.45
ALMS,22.38,6,"[0, 0, 1, 1, 1, 1, 1, 0, 1, 0]",26.49,22.01,30.3,3.95,832996.1
SDRL,47.6,9,"[1, 1, 1, 0, 1, 1, 1, 1, 1, 1]",43.09,41.64,54.8,28.4,634149.55
CRVL,69.24,8,"[1, 1, 1, 1, 0, 0, 1, 1, 1, 1]",63.3,61.48,90.34,46.0,169462.05
ITGR,125.33,10,"[1, 1, 1, 1, 1, 1, 1, 1, 1, 1]",107.52,89.41,126.07,63.32,1651677.35
SUPN,43.73,3,"[0, 0, 0, 0, 1, 0, 0, 1, 1, 0]",46.74,48.53,57.0,43.25,1040388.75
XXI,6.01,4,"[1, 0, 0, 0, 0, 0, 1, 0, 1, 1]",5.18,7.66,24.61,4.27,1499451.35
LFST,12.31,10,"[1, 1, 1, 1, 1, 1, 1, 1, 1, 1]",11.15,8.08,12.83,4.81,4505385.55
TDC,28.77,6,"[0, 0, 0, 1, 1, 1, 1, 1, 1, 0]",30.35,29.78,37.88,20.42,2892831.45
NMRK,15.83,7,"[1, 1, 1, 1, 0, 0, 0, 1, 1, 1]",15.32,15.66,19.35,13.72,1314896.75
ERO,38.83,10,"[1, 1, 1, 1, 1, 1, 1, 1, 1, 1]",29.76,28.61,40.4,14.34,1674082.2
JOYY,74.53,10,"[1, 1, 1, 1, 1, 1, 1, 1, 1, 1]",71.44,62.81,75.0,50.1,327178.65
EXK,10.76,9,"[1, 1, 1, 0, 1, 1, 1, 1, 1, 1]",8.87,9.76,14.12,5.88,8938319.55
SHOO,44.24,7,"[0, 1, 1, 1, 0, 1, 1, 1, 1, 0]",44.36,40.77,49.07,28.4,883377.7
PHIN,68.65,6,"[0, 0, 0, 1, 1, 1, 1, 1, 1, 0]",77.04,70.6,85.16,50.78,339846.35
ARX,19.73,9,"[1, 1, 1, 1, 0, 1, 1, 1, 1, 1]",14.59,13.95,21.22,9.36,7015557.25
KALU,156.38,8,"[0, 1, 1, 1, 1, 1, 1, 1, 1, 0]",169.47,143.53,194.8,72.24,232368.9
DBRG,15.93,10,"[1, 1, 1, 1, 1, 1, 1, 1, 1, 1]",15.84,14.95,15.98,9.15,3976656.75
PAGS,8.89,2,"[0, 0, 0, 0, 0, 0, 0, 1, 1, 0]",9.08,9.68,11.72,8.44,2636535.35
CECO,69.67,6,"[0, 0, 0, 1, 1, 1, 1, 0, 1, 1]",78.53,69.7,99.67,45.12,859540.95
WT,24.43,10,"[1, 1, 1, 1, 1, 1, 1, 1, 1, 1]",20.46,16.6,25.04,10.68,2564110.4
PFS,23.51,8,"[0, 1, 1, 1, 1, 1, 1, 1, 1, 0]",23.78,21.57,25.04,17.11,794689.75
TRN,29.27,5,"[0, 0, 0, 1, 1, 1, 0, 1, 1, 0]",33.21,31.04,38.07,24.19,617772.85
DYN,25.07,9,"[1, 1, 1, 1, 1, 1, 1, 1, 1, 0]",24.3,19.77,26.78,12.37,1728421.45
GEO,32.28,10,"[1, 1, 1, 1, 1, 1, 1, 1, 1, 1]",30.66,21.16,32.77,13.26,2058460.3
LCII,102.96,4,"[1, 0, 0, 0, 0, 1, 0, 0, 1, 1]",102.33,115.49,152.4,81.4,252867.3
TNK,88.7,10,"[1, 1, 1, 1, 1, 1, 1, 1, 1, 1]",77.07,69.13,92.01,47.72,450199.6
BTU,28.92,6,"[1, 1, 1, 0, 0, 0, 1, 0, 1, 1]",24.01,28.82,39.25,16.6,2135296.15
NTCT,39.06,8,"[0, 1, 1, 1, 1, 1, 1, 1, 1, 0]",40.54,33.77,44.84,24.64,597785.9
DK,72.25,10,"[1, 1, 1, 1, 1, 1, 1, 1, 1, 1]",60.4,43.83,72.25,26.26,1504959.75
PTRN,21.17,7,"[0, 1, 1, 1, 1, 1, 1, 0, 1, 0]",23.91,16.51,29.4,9.59,1798346.3
GRND,15.59,8,"[0, 1, 1, 1, 1, 1, 1, 1, 1, 0]",15.62,13.34,17.94,9.85,1627797.85
TXG,61.54,10,"[1, 1, 1, 1, 1, 1, 1, 1, 1, 1]",48.07,27.8,65.12,11.34,3285488.85
CLMT,47.75,10,"[1, 1, 1, 1, 1, 1, 1, 1, 1, 1]",41.83,30.81,50.81,16.3,1254643.0
AEO,16.87,3,"[0, 0, 0, 0, 0, 1, 1, 0, 1, 0]",17.12,19.55,27.66,12.59,4527832.2
INOD,56.59,4,"[0, 0, 0, 1, 1, 0, 1, 0, 1, 0]",66.19,60.85,121.5,34.45,1613410.05
GPCR,47.37,3,"[0, 0, 0, 0, 0, 1, 1, 0, 1, 0]",50.62,54.09,93.79,19.3,624477.25
IHS,8.36,10,"[1, 1, 1, 1, 1, 1, 1, 1, 1, 1]",8.25,7.97,8.73,6.24,812920.35
AYA,27.97,10,"[1, 1, 1, 1, 1, 1, 1, 1, 1, 1]",22.21,17.86,29.29,9.25,1063872.15
SPNT,24.18,10,"[1, 1, 1, 1, 1, 1, 1, 1, 1, 1]",24.04,22.19,26.31,17.48,552855.75
KMT,29.54,4,"[0, 0, 0, 0, 1, 1, 1, 0, 1, 0]",33.09,33.83,42.76,19.96,1796380.8
STUB,6.55,2,"[0, 0, 0, 1, 0, 0, 0, 0, 1, 0]",9.49,10.14,22.0,6.09,6897843.8
FA,21.04,10,"[1, 1, 1, 1, 1, 1, 1, 1, 1, 1]",20.28,15.07,24.12,8.95,2471776.7
NKTR,72.52,9,"[1, 1, 1, 1, 1, 1, 1, 0, 1, 1]",70.74,64.51,100.35,28.55,579541.7
EOSE,3.26,1,"[0, 0, 0, 0, 0, 0, 0, 0, 1, 0]",4.39,8.67,19.19,3.14,25700272.15
UAA,5.08,3,"[0, 0, 0, 0, 1, 1, 0, 0, 1, 0]",6.26,5.93,8.14,4.17,8951605.95
UA,4.94,3,"[0, 0, 0, 0, 1, 1, 0, 0, 1, 0]",6.1,5.76,7.88,3.96,2857571.0
DBD,67.35,4,"[0, 0, 0, 1, 1, 1, 0, 0, 1, 0]",78.97,75.27,90.75,54.9,263277.1
BKE,43.43,2,"[0, 0, 0, 0, 0, 0, 0, 1, 1, 0]",43.51,48.82,56.63,41.12,411758.9
UNIT,10.02,8,"[0, 0, 1, 1, 1, 1, 1, 1, 1, 1]",10.51,9.25,12.75,5.36,1911847.9
ARCB,136.54,8,"[0, 1, 1, 1, 1, 1, 1, 1, 1, 0]",144.73,111.76,173.07,59.44,290495.4
NN,15.36,5,"[0, 0, 0, 0, 1, 1, 1, 0, 1, 1]",15.87,16.83,23.59,11.37,3114822.75
HOG,28.1,10,"[1, 1, 1, 1, 1, 1, 1, 1, 1, 1]",26.16,22.73,30.05,17.06,1901679.2
ATRO,75.71,9,"[0, 1, 1, 1, 1, 1, 1, 1, 1, 1]",76.18,61.08,93.45,29.03,693531.05
CLDX,39.12,10,"[1, 1, 1, 1, 1, 1, 1, 1, 1, 1]",38.39,31.19,44.87,22.06,845711.9
VAC,110.09,10,"[1, 1, 1, 1, 1, 1, 1, 1, 1, 1]",104.74,74.6,124.75,43.9,544463.2
ARQT,23.78,5,"[0, 0, 0, 1, 0, 1, 1, 1, 1, 0]",26.65,25.62,31.2,15.32,1840885.95
GRAL,80.0,7,"[1, 1, 1, 1, 0, 0, 1, 0, 1, 1]",70.82,73.26,116.06,31.61,781767.05
VISN,6.06,4,"[0, 0, 0, 1, 1, 1, 0, 0, 1, 0]",11.81,10.23,12.88,6.06,10635384.75
TARS,71.76,7,"[1, 1, 1, 0, 0, 0, 1, 1, 1, 1]",64.35,68.56,82.51,49.36,715191.15
NGVT,69.43,7,"[0, 0, 1, 1, 1, 1, 1, 1, 1, 0]",73.56,68.12,77.87,46.2,227144.35
AMSC,28.49,2,"[0, 0, 0, 0, 1, 0, 0, 0, 1, 0]",33.9,35.96,66.68,25.95,679630.15
WAFD,36.09,8,"[0, 1, 1, 1, 1, 1, 1, 1, 1, 0]",37.12,33.69,39.03,26.96,474429.9
HUN,9.47,4,"[0, 0, 0, 0, 1, 1, 1, 0, 1, 0]",10.94,11.86,15.89,7.27,2610557.4
HUBG,39.61,5,"[0, 0, 0, 1, 1, 1, 0, 1, 1, 0]",44.87,42.25,52.19,32.8,1305564.45
TRMK,46.27,7,"[0, 1, 1, 1, 1, 1, 0, 1, 1, 0]",46.76,43.16,48.52,36.04,265627.35
IRON,80.03,8,"[1, 1, 1, 1, 0, 0, 1, 1, 1, 1]",76.86,74.29,94.11,55.95,353238.3
CUBI,78.58,7,"[0, 1, 1, 1, 1, 1, 0, 1, 1, 0]",79.05,74.64,83.65,60.52,244776.8
VERA,34.19,4,"[0, 0, 0, 0, 0, 1, 1, 0, 1, 1]",36.22,39.3,55.67,21.64,2211585.65
ICHR,55.44,6,"[0, 0, 1, 1, 1, 1, 1, 0, 1, 0]",80.42,53.36,112.28,14.25,824561.5
RARE,25.61,5,"[0, 1, 0, 1, 0, 0, 1, 0, 1, 1]",28.43,26.28,36.54,18.5,2139587.45
KOD,37.72,8,"[0, 1, 1, 1, 1, 1, 1, 1, 1, 0]",40.21,32.71,46.44,8.55,566718.45
SAH,79.68,7,"[0, 1, 1, 1, 1, 1, 1, 0, 1, 0]",87.7,72.13,112.66,57.63,273586.25
DRD,28.77,6,"[1, 1, 1, 0, 0, 0, 1, 0, 1, 1]",23.05,28.49,38.8,18.3,327276.4
HE,11.4,3,"[0, 0, 0, 0, 1, 1, 0, 0, 1, 0]",12.77,13.74,17.08,10.89,2188707.2
IMNM,27.57,10,"[1, 1, 1, 1, 1, 1, 1, 1, 1, 1]",24.1,22.08,29.83,8.99,1224284.85
FRSH,13.86,9,"[1, 1, 1, 1, 0, 1, 1, 1, 1, 1]",11.2,10.15,13.86,6.88,6548482.8
NSIT,155.65,10,"[1, 1, 1, 1, 1, 1, 1, 1, 1, 1]",129.99,95.95,156.6,64.43,407482.15
HTFL,47.78,9,"[1, 1, 1, 1, 0, 1, 1, 1, 1, 1]",32.37,29.46,50.2,20.49,2112137.8
OSW,25.26,8,"[0, 1, 1, 1, 1, 1, 1, 1, 1, 0]",26.67,23.23,28.63,19.25,874840.85
SEDG,31.41,2,"[0, 0, 0, 0, 1, 0, 0, 0, 1, 0]",43.81,42.18,78.51,28.47,4094552.5
ROG,125.52,8,"[0, 0, 1, 1, 1, 1, 1, 1, 1, 1]",137.71,117.1,167.09,75.56,198000.9
ATKR,93.6,10,"[1, 1, 1, 1, 1, 1, 1, 1, 1, 1]",81.73,71.26,93.66,54.86,1466208.15
TALO,16.67,10,"[1, 1, 1, 1, 1, 1, 1, 1, 1, 1]",14.8,13.65,17.75,8.93,1879272.15
IDYA,40.11,9,"[1, 1, 1, 1, 0, 1, 1, 1, 1, 1]",37.04,33.54,42.48,23.39,731638.2
ELVN,57.86,10,"[1, 1, 1, 1, 1, 1, 1, 1, 1, 1]",54.52,36.69,61.15,15.14,1056143.0
DGII,75.77,10,"[1, 1, 1, 1, 1, 1, 1, 1, 1, 1]",72.54,56.25,85.24,33.74,380884.45
LWLG,5.49,4,"[0, 0, 0, 0, 1, 1, 1, 0, 1, 0]",7.09,7.19,18.22,2.97,2890069.5
TMC,4.81,4,"[1, 0, 0, 0, 0, 0, 1, 0, 1, 1]",4.2,5.59,10.69,3.45,7252087.9
LMAT,80.45,2,"[0, 0, 0, 0, 1, 0, 0, 0, 1, 0]",92.62,94.65,116.75,78.76,461825.3
MTX,72.08,7,"[0, 0, 1, 1, 1, 1, 1, 1, 1, 0]",73.99,70.01,82.57,54.7,193852.9
BRZE,34.53,9,"[1, 1, 1, 1, 0, 1, 1, 1, 1, 1]",25.77,24.62,36.19,15.79,2455662.7
AAMI,95.76,10,"[1, 1, 1, 1, 1, 1, 1, 1, 1, 1]",84.03,63.71,97.31,41.78,341270.05
RLAY,18.77,8,"[0, 1, 1, 1, 1, 1, 1, 1, 1, 0]",19.22,12.66,20.75,3.59,2244639.9
MLYS,25.6,3,"[0, 0, 0, 0, 0, 0, 1, 0, 1, 1]",26.82,30.04,47.33,15.48,779326.65
FBNC,63.99,10,"[1, 1, 1, 1, 1, 1, 1, 1, 1, 1]",63.96,57.91,66.34,45.74,179253.5
ANDE,64.56,6,"[0, 0, 0, 1, 1, 1, 1, 1, 1, 0]",70.37,65.72,80.87,37.83,354714.55
VNET,6.55,1,"[0, 0, 0, 0, 0, 0, 0, 0, 1, 0]",7.48,9.14,14.03,6.29,4939508.3
HTO,63.55,10,"[1, 1, 1, 1, 1, 1, 1, 1, 1, 1]",62.0,55.39,64.97,43.43,333811.85
DXPE,185.92,10,"[1, 1, 1, 1, 1, 1, 1, 1, 1, 1]",174.33,144.34,200.84,85.53,145197.45
PTON,5.45,4,"[0, 1, 0, 1, 0, 0, 1, 0, 1, 0]",5.86,5.55,9.0,3.71,8745802.8
SGML,12.26,6,"[1, 0, 0, 0, 1, 1, 1, 0, 1, 1]",11.4,13.3,23.65,4.68,1720373.7
TENB,37.67,10,"[1, 1, 1, 1, 1, 1, 1, 1, 1, 1]",35.33,25.85,42.65,16.04,3825396.25
DFTX,40.98,8,"[0, 1, 1, 1, 1, 1, 1, 1, 1, 0]",43.53,24.26,48.45,8.88,2210240.75
VERX,14.23,5,"[1, 1, 0, 0, 0, 0, 1, 0, 1, 1]",12.5,14.78,25.94,10.58,2309359.35
PLUS,87.28,7,"[1, 1, 1, 1, 0, 1, 0, 1, 1, 0]",86.92,84.49,96.75,68.72,222399.7
AERO,14.65,1,"[0, 0, 0, 0, 0, 0, 0, 0, 1, 0]",15.95,17.13,22.91,12.36,298032.25
AMPX,9.89,4,"[0, 0, 0, 0, 1, 0, 1, 0, 1, 1]",11.36,13.63,22.91,6.93,5801552.45
AMR,226.23,8,"[1, 1, 1, 0, 0, 1, 1, 1, 1, 1]",163.07,186.26,249.65,135.9,368738.7
COHU,48.0,8,"[0, 1, 1, 1, 1, 1, 1, 0, 1, 1]",55.46,39.72,73.91,18.74,919773.15
AESI,12.85,5,"[0, 0, 0, 0, 1, 1, 1, 0, 1, 1]",13.32,12.93,19.75,8.1,3242789.35
NESR,34.44,10,"[1, 1, 1, 1, 1, 1, 1, 1, 1, 1]",29.67,22.9,36.31,9.36,2226514.85
WTTR,19.28,9,"[0, 1, 1, 1, 1, 1, 1, 1, 1, 1]",19.57,15.31,22.18,8.21,1692043.0
CDNL,38.04,4,"[0, 0, 0, 1, 1, 0, 1, 0, 1, 0]",63.16,38.04,94.31,22.03,818351.5
ACHC,28.55,8,"[0, 1, 1, 1, 1, 1, 1, 1, 1, 0]",30.32,22.66,35.61,11.68,1747317.85
MNR,12.51,7,"[0, 1, 1, 1, 1, 1, 0, 1, 1, 0]",12.64,11.91,13.87,9.65,343061.25
GRDN,37.06,7,"[0, 0, 1, 1, 1, 1, 1, 1, 1, 0]",39.95,35.55,43.83,23.41,366225.5
CEPU,13.38,3,"[0, 0, 0, 0, 0, 1, 1, 0, 1, 0]",14.32,15.32,17.95,7.68,225201.75
PRDO,33.57,7,"[1, 1, 1, 0, 1, 0, 0, 1, 1, 1]",32.85,32.56,37.77,27.01,654738.05
HLIO,73.08,7,"[0, 0, 1, 1, 1, 1, 1, 1, 1, 0]",81.22,70.24,92.74,46.89,301304.45
WOLF,25.85,6,"[0, 0, 0, 1, 1, 1, 1, 0, 1, 1]",32.91,28.61,73.5,14.8,4376716.65
NTB,59.3,8,"[0, 1, 1, 1, 1, 1, 1, 1, 1, 0]",60.3,53.63,63.91,39.94,187084.1
FUN,16.22,2,"[0, 0, 0, 0, 1, 0, 0, 0, 1, 0]",18.37,17.74,26.74,12.83,2270090.05
BLBD,59.23,4,"[0, 0, 0, 1, 1, 1, 0, 0, 1, 0]",72.23,61.43,81.5,46.59,627097.05
KEEL,3.22,4,"[0, 0, 0, 1, 1, 0, 1, 0, 1, 0]",4.32,3.37,6.66,1.25,37992172.0
PENG,49.51,7,"[0, 1, 1, 1, 1, 1, 1, 0, 1, 0]",60.68,35.88,81.39,16.24,1568520.3
AXGN,51.47,10,"[1, 1, 1, 1, 1, 1, 1, 1, 1, 1]",44.74,36.92,51.73,15.4,883082.15
PENN,17.36,8,"[0, 1, 1, 1, 1, 1, 1, 1, 1, 0]",20.08,16.49,22.06,11.76,2536048.1
CMPR,89.28,8,"[0, 1, 1, 1, 1, 1, 1, 1, 1, 0]",95.59,82.59,105.31,57.1,196168.35
FLOC,21.16,7,"[1, 0, 0, 0, 1, 1, 1, 1, 1, 1]",20.96,21.22,27.81,13.94,580845.65
DRH,12.7,9,"[1, 1, 1, 1, 1, 1, 1, 1, 1, 0]",12.48,10.37,13.38,7.28,2554493.45
XIFR,11.72,8,"[0, 1, 1, 1, 1, 1, 1, 1, 1, 0]",11.88,10.72,12.88,8.83,731221.3
ADPT,25.19,10,"[1, 1, 1, 1, 1, 1, 1, 1, 1, 1]",22.84,17.42,26.44,12.41,2090039.75
HTH,38.5,7,"[0, 1, 1, 1, 1, 1, 0, 1, 1, 0]",38.72,36.63,39.79,30.38,214724.35
CTOS,9.2,8,"[0, 1, 1, 1, 1, 1, 1, 1, 1, 0]",10.5,8.13,11.97,5.34,943078.95
DRVN,12.47,2,"[0, 0, 0, 1, 0, 0, 0, 0, 1, 0]",13.87,13.87,19.21,10.3,872665.0
RDW,10.87,6,"[0, 0, 1, 0, 1, 1, 1, 0, 1, 1]",10.95,10.46,25.9,5.06,16405733.0
VVX,77.69,8,"[0, 1, 1, 1, 1, 1, 1, 1, 1, 0]",79.53,70.05,90.81,52.16,581246.0
BCRX,9.82,10,"[1, 1, 1, 1, 1, 1, 1, 1, 1, 1]",9.7,8.5,11.11,6.24,3265211.8
TIC,9.56,6,"[1, 1, 1, 0, 0, 0, 1, 0, 1, 1]",8.32,8.98,14.49,6.54,2452753.9
WERN,38.42,9,"[0, 1, 1, 1, 1, 1, 1, 1, 1, 1]",40.78,34.78,47.29,22.87,896925.6
CENTA,37.81,8,"[0, 1, 1, 1, 1, 1, 1, 1, 1, 0]",38.28,33.75,40.6,26.27,314261.15
QUBT,8.15,2,"[0, 0, 0, 0, 0, 0, 0, 0, 1, 1]",8.7,9.59,24.62,6.31,8231175.25
ECO,66.86,10,"[1, 1, 1, 1, 1, 1, 1, 1, 1, 1]",54.56,43.2,66.86,23.01,628122.5
BHC,6.32,8,"[1, 1, 1, 1, 0, 1, 1, 1, 1, 0]",5.52,5.85,7.9,4.43,3876054.15
NMM,87.16,10,"[1, 1, 1, 1, 1, 1, 1, 1, 1, 1]",77.68,66.89,90.86,43.39,139576.5
MBIN,53.41,9,"[1, 1, 1, 1, 1, 1, 1, 1, 1, 0]",51.42,43.79,55.72,30.19,144355.35
FLYW,18.79,10,"[1, 1, 1, 1, 1, 1, 1, 1, 1, 1]",17.67,14.62,19.54,10.64,1969738.5
PBI,17.21,8,"[0, 1, 1, 1, 1, 1, 1, 1, 1, 0]",17.37,13.2,18.4,8.84,1562769.2
WLY,53.71,10,"[1, 1, 1, 1, 1, 1, 1, 1, 1, 1]",50.76,39.21,55.72,28.33,374473.4
CMRE,15.41,6,"[1, 0, 0, 0, 1, 1, 1, 1, 1, 0]",14.94,15.83,17.64,10.71,344881.0
SLDE,23.48,10,"[1, 1, 1, 1, 1, 1, 1, 1, 1, 1]",20.73,18.43,23.64,12.7,753009.25
OCUL,10.36,7,"[1, 1, 1, 1, 0, 0, 1, 0, 1, 1]",9.68,9.97,16.11,6.88,2817973.8
ESTA,70.64,5,"[0, 0, 0, 1, 1, 1, 1, 0, 1, 0]",84.91,73.15,95.65,36.84,527093.45
SRPT,20.86,7,"[1, 1, 1, 0, 0, 0, 1, 1, 1, 1]",17.69,19.08,24.45,14.86,3005921.45
NVCR,17.82,10,"[1, 1, 1, 1, 1, 1, 1, 1, 1, 1]",16.46,14.2,19.99,10.03,1299037.5
DEI,11.76,5,"[0, 1, 1, 1, 0, 0, 1, 0, 1, 0]",11.93,10.91,15.83,8.85,1560858.0
EZPW,33.0,10,"[1, 1, 1, 1, 1, 1, 1, 1, 1, 1]",31.6,27.07,35.59,16.65,1251274.55
PDFS,44.81,7,"[0, 1, 1, 1, 1, 1, 1, 0, 1, 0]",52.5,40.72,70.79,19.2,591113.2
TRVI,16.79,8,"[0, 1, 1, 1, 1, 1, 1, 1, 1, 0]",18.03,13.9,19.5,7.01,1559920.9
DCO,176.3,8,"[0, 1, 1, 1, 1, 1, 1, 1, 1, 0]",182.06,137.27,206.98,86.41,215369.0
WS,34.06,3,"[0, 0, 0, 0, 1, 1, 0, 0, 1, 0]",35.8,36.95,48.27,28.0,214349.9
STOK,31.62,7,"[1, 0, 0, 0, 1, 1, 1, 1, 1, 1]",31.19,31.85,38.35,19.59,987129.75
DHC,7.65,7,"[0, 0, 1, 1, 1, 1, 1, 1, 1, 0]",8.81,7.13,9.64,3.72,1821338.8
TYRA,24.94,4,"[0, 0, 0, 0, 1, 1, 1, 0, 1, 0]",29.46,30.05,39.61,11.82,564763.6
CLBK,11.56,10,"[1, 1, 1, 1, 1, 1, 1, 1, 1, 1]",10.56,8.64,11.82,6.21,4715190.65
MGNI,23.7,10,"[1, 1, 1, 1, 1, 1, 1, 1, 1, 1]",20.99,15.71,25.95,11.2,2856330.8
NGL,18.02,10,"[1, 1, 1, 1, 1, 1, 1, 1, 1, 1]",16.24,13.41,18.36,5.41,260941.35
NTST,20.47,7,"[0, 1, 1, 1, 1, 1, 0, 1, 1, 0]",21.08,19.48,22.26,16.77,1883126.3
ANAB,56.28,9,"[0, 1, 1, 1, 1, 1, 1, 1, 1, 1]",58.43,45.59,69.81,12.93,366603.15
PSNY,12.72,2,"[0, 0, 0, 0, 1, 0, 0, 0, 1, 0]",15.68,17.79,41.1,12.01,118901.1
NEXT,7.35,9,"[1, 1, 1, 1, 1, 1, 1, 0, 1, 1]",7.25,6.71,10.72,4.8,2414252.95
BBAI,3.05,2,"[0, 0, 0, 0, 0, 0, 0, 0, 1, 1]",3.19,4.37,8.91,2.59,20388099.25
ATEN,25.7,6,"[0, 0, 1, 1, 1, 1, 1, 0, 1, 0]",31.83,24.53,38.03,16.43,1447710.3
GTY,32.87,8,"[0, 1, 1, 1, 1, 1, 1, 1, 1, 0]",33.92,31.26,36.61,24.43,486238.05
OMCL,33.08,2,"[0, 0, 0, 0, 0, 1, 0, 0, 1, 0]",39.72,40.73,51.39,29.46,685185.6
SION,5.87,2,"[0, 0, 0, 0, 0, 0, 1, 0, 1, 0]",33.12,37.9,51.04,4.5,4595705.65
SOC,4.49,3,"[0, 0, 0, 0, 1, 0, 1, 0, 1, 0]",4.97,9.51,26.98,3.08,9586810.7
BW,7.16,4,"[0, 0, 0, 0, 1, 1, 1, 0, 1, 0]",10.64,11.55,21.85,2.01,5486972.25
BSTZ,31.29,10,"[1, 1, 1, 1, 1, 1, 1, 1, 1, 1]",29.39,24.78,31.71,19.48,158561.15
NEOG,11.66,9,"[1, 1, 1, 1, 1, 1, 1, 1, 1, 0]",10.47,9.23,12.15,5.27,1888108.15
UTI,21.31,3,"[0, 0, 0, 1, 1, 0, 0, 0, 1, 0]",36.23,33.52,51.2,21.31,2027491.75
INBX,123.41,10,"[1, 1, 1, 1, 1, 1, 1, 1, 1, 1]",94.19,87.78,141.84,26.53,271504.0
AUPH,16.29,9,"[1, 1, 1, 1, 0, 1, 1, 1, 1, 1]",15.99,15.47,18.62,11.05,1160703.3
TSHA,5.77,8,"[0, 1, 1, 1, 1, 1, 1, 1, 1, 0]",6.16,5.4,6.98,2.83,2617376.2
GNL,9.16,8,"[1, 1, 1, 0, 1, 1, 0, 1, 1, 1]",8.95,8.81,9.56,7.09,2704675.6
MBX,63.0,9,"[1, 1, 1, 1, 1, 1, 1, 1, 1, 0]",61.5,39.8,70.7,9.74,428337.25
ASTH,37.96,9,"[0, 1, 1, 1, 1, 1, 1, 1, 1, 1]",41.14,30.97,49.81,18.16,463384.75
LAC,3.07,2,"[0, 0, 0, 0, 0, 0, 0, 0, 1, 1]",3.29,4.5,10.05,2.71,9907722.75
IMAX,50.38,10,"[1, 1, 1, 1, 1, 1, 1, 1, 1, 1]",45.65,39.34,54.79,28.56,1245401.75
FIGS,15.42,9,"[1, 1, 1, 0, 1, 1, 1, 1, 1, 1]",11.81,12.38,17.12,6.57,3172287.25
MD,26.61,10,"[1, 1, 1, 1, 1, 1, 1, 1, 1, 1]",26.0,22.88,27.39,15.8,846457.4
NWL,6.17,10,"[1, 1, 1, 1, 1, 1, 1, 1, 1, 1]",5.64,4.33,6.36,2.94,7799992.05
PHVS,35.32,10,"[1, 1, 1, 1, 1, 1, 1, 1, 1, 1]",34.58,29.27,37.31,20.96,654590.35
PUMP,10.98,4,"[0, 0, 0, 0, 1, 1, 1, 0, 1, 0]",12.34,12.69,18.2,4.52,2746228.0
RAMP,37.74,9,"[1, 1, 1, 1, 1, 1, 1, 1, 1, 0]",37.73,31.28,38.01,22.42,908942.1
LAR,6.87,5,"[0, 0, 0, 0, 1, 1, 1, 0, 1, 1]",6.93,7.35,11.79,3.02,2141175.35
PRKS,42.49,7,"[0, 1, 1, 1, 1, 0, 1, 1, 1, 0]",45.59,38.32,55.21,29.73,590705.45
SNDX,19.54,6,"[0, 0, 0, 0, 1, 1, 1, 1, 1, 1]",20.87,20.89,25.15,13.11,1324830.6
JBLU,4.8,4,"[0, 0, 0, 1, 1, 1, 0, 0, 1, 0]",5.59,5.1,6.46,4.03,23321036.85
ARCO,8.0,4,"[0, 0, 0, 0, 1, 1, 0, 1, 1, 0]",8.17,8.06,9.42,6.47,1082428.85
NEXA,13.35,9,"[0, 1, 1, 1, 1, 1, 1, 1, 1, 1]",13.49,11.9,16.55,4.75,798340.25
AGRO,10.74,7,"[1, 0, 1, 0, 1, 1, 1, 0, 1, 1]",9.97,10.36,15.18,7.07,922160.35
HTZ,2.14,3,"[0, 0, 0, 0, 0, 0, 1, 0, 1, 1]",2.24,4.51,7.81,1.51,54882978.45
SPB,88.68,10,"[1, 1, 1, 1, 1, 1, 1, 1, 1, 1]",86.89,74.63,90.49,49.07,395987.65
BLX,54.54,8,"[0, 1, 1, 1, 1, 1, 1, 1, 1, 0]",57.5,50.72,62.03,40.7,157376.6
MESO,17.44,8,"[1, 1, 1, 1, 0, 0, 1, 1, 1, 1]",15.73,16.07,20.96,12.88,204654.05
OCS,12.21,3,"[0, 0, 0, 0, 1, 0, 0, 0, 1, 1]",12.5,21.22,32.65,10.71,227038.45
ANIP,72.83,2,"[0, 0, 0, 1, 0, 0, 0, 0, 1, 0]",79.55,79.65,98.81,70.49,422798.45
PGNY,26.0,7,"[0, 1, 1, 1, 0, 1, 1, 1, 1, 0]",29.0,24.09,32.36,16.3,1179876.2
INVX,30.11,10,"[1, 1, 1, 1, 1, 1, 1, 1, 1, 1]",27.27,25.78,31.63,16.3,853286.15
CASH,81.5,4,"[0, 0, 0, 0, 1, 1, 0, 1, 1, 0]",87.05,84.26,99.87,66.35,179571.0
RAPP,48.77,10,"[1, 1, 1, 1, 1, 1, 1, 1, 1, 1]",43.37,34.24,52.5,14.36,289196.45
SNDA,37.46,8,"[0, 1, 1, 1, 1, 1, 1, 1, 1, 0]",39.97,35.35,43.07,25.32,452103.1
TPB,83.93,3,"[1, 0, 0, 0, 0, 0, 0, 0, 1, 1]",83.32,95.12,142.7,70.52,314234.35
VET,12.46,9,"[1, 1, 1, 0, 1, 1, 1, 1, 1, 1]",10.68,10.63,14.29,7.09,1214984.75
BORR,4.45,6,"[1, 0, 0, 0, 1, 1, 1, 0, 1, 1]",4.25,4.77,6.61,2.44,5998991.35
ECPG,98.94,10,"[1, 1, 1, 1, 1, 1, 1, 1, 1, 1]",93.9,73.12,103.74,40.53,354521.65
SONO,15.3,6,"[1, 1, 0, 1, 0, 0, 0, 1, 1, 1]",14.99,15.46,19.16,12.7,1363647.95
WBTN,10.24,3,"[1, 0, 0, 0, 0, 0, 0, 0, 1, 1]",10.03,11.49,21.31,8.25,472710.8
ADNT,19.06,2,"[0, 0, 0, 0, 1, 0, 0, 0, 1, 0]",19.8,20.94,27.09,17.8,1034456.15
UFPT,300.05,10,"[1, 1, 1, 1, 1, 1, 1, 1, 1, 1]",274.56,235.91,334.84,185.28,171577.95
CLVT,2.02,2,"[0, 0, 0, 0, 0, 0, 0, 0, 1, 1]",2.1,2.6,4.48,1.68,4500164.65
AIN,58.35,6,"[0, 0, 0, 1, 1, 1, 1, 1, 1, 0]",69.13,59.03,76.29,40.8,343841.5
CTS,56.57,7,"[0, 0, 1, 1, 1, 1, 1, 1, 1, 0]",61.94,54.25,68.27,36.39,160502.35
VOYG,34.29,9,"[1, 1, 1, 1, 1, 1, 1, 0, 1, 1]",32.93,30.56,51.77,17.99,1704639.7
ZYME,28.27,9,"[1, 1, 1, 1, 0, 1, 1, 1, 1, 1]",24.88,24.73,29.31,14.01,697737.85
CAPR,9.59,4,"[0, 0, 0, 0, 1, 0, 1, 0, 1, 1]",14.56,23.27,35.34,3.85,11595332.2
PSIX,36.28,4,"[1, 0, 0, 0, 0, 0, 1, 0, 1, 1]",35.23,56.55,115.78,25.44,480667.75
LOB,40.13,8,"[0, 1, 1, 1, 1, 1, 1, 1, 1, 0]",41.67,37.43,43.76,29.34,208165.4
XPRO,17.61,9,"[1, 1, 1, 0, 1, 1, 1, 1, 1, 1]",16.15,15.88,18.96,11.87,818672.4
PVLA,149.97,10,"[1, 1, 1, 1, 1, 1, 1, 1, 1, 1]",145.34,117.06,157.77,52.71,187384.55
FLNG,31.48,10,"[1, 1, 1, 1, 1, 1, 1, 1, 1, 1]",30.58,28.18,32.48,22.45,361078.8
SFL,12.37,10,"[1, 1, 1, 1, 1, 1, 1, 1, 1, 1]",11.62,10.16,12.65,6.59,1231607.4
CYD,38.21,3,"[0, 0, 0, 0, 1, 1, 0, 0, 1, 0]",44.97,43.34,58.55,31.69,124485.65
TILE,38.58,10,"[1, 1, 1, 1, 1, 1, 1, 1, 1, 1]",35.34,30.42,39.32,24.4,485798.75
PCT,6.5,2,"[0, 0, 0, 0, 0, 0, 0, 0, 1, 1]",7.01,8.29,15.13,5.06,4226797.15
LPG,49.78,10,"[1, 1, 1, 1, 1, 1, 1, 1, 1, 1]",42.98,34.25,51.32,22.34,551690.85
TE,4.79,5,"[0, 0, 0, 0, 1, 1, 1, 0, 1, 1]",6.16,6.49,12.04,1.65,31150370.7
WLTH,9.25,3,"[1, 0, 0, 0, 1, 0, 0, 0, 1, 0]",9.2,9.25,13.95,7.2,1035857.1
VRDN,23.08,5,"[1, 1, 0, 0, 0, 0, 1, 0, 1, 1]",20.51,23.93,33.78,13.3,1676149.05
NRIX,26.21,10,"[1, 1, 1, 1, 1, 1, 1, 1, 1, 1]",24.24,18.58,27.79,8.24,1072753.1
QURE,48.72,8,"[1, 1, 1, 1, 1, 0, 1, 0, 1, 1]",44.53,27.95,70.59,9.03,1063627.7
DV,13.38,9,"[1, 1, 1, 1, 0, 1, 1, 1, 1, 1]",11.87,10.76,16.27,8.61,5414630.7
FIVN,34.05,10,"[1, 1, 1, 1, 1, 1, 1, 1, 1, 1]",27.1,20.92,34.57,13.61,2427920.4
INVA,20.97,4,"[0, 0, 0, 0, 1, 1, 0, 1, 1, 0]",21.66,21.8,24.24,16.67,662285.4
OPRA,19.62,10,"[1, 1, 1, 1, 1, 1, 1, 1, 1, 1]",19.26,15.88,20.51,11.56,380893.1
ARDX,3.81,1,"[0, 0, 0, 0, 0, 0, 0, 0, 1, 0]",4.86,5.91,7.99,3.74,5297917.95
POET,7.5,5,"[0, 0, 0, 0, 1, 1, 1, 0, 1, 1]",8.55,8.07,20.57,4.17,11607355.55
NUVB,6.66,8,"[1, 1, 1, 1, 0, 1, 1, 0, 1, 1]",6.26,5.91,9.54,2.95,5637505.25
PEB,18.49,8,"[0, 1, 1, 1, 1, 1, 1, 1, 1, 0]",18.68,14.38,19.75,10.18,1852111.0
NTLA,12.87,5,"[0, 0, 1, 0, 1, 0, 1, 0, 1, 1]",13.21,12.46,27.98,8.04,3478617.65
NVAX,9.26,9,"[1, 1, 1, 0, 1, 1, 1, 1, 1, 1]",8.46,8.48,11.19,6.22,4492854.8
ARLO,12.89,2,"[0, 0, 0, 1, 0, 0, 0, 0, 1, 0]",13.57,13.61,19.44,11.23,1341985.15
PRLB,79.74,9,"[0, 1, 1, 1, 1, 1, 1, 1, 1, 1]",80.55,65.31,92.32,46.81,197172.55
DCOM,40.47,9,"[1, 1, 1, 1, 1, 1, 1, 1, 1, 0]",40.23,34.82,41.74,25.24,287369.45
GLUE,13.38,5,"[0, 0, 0, 1, 1, 1, 1, 0, 1, 0]",19.6,18.52,25.31,4.8,1190682.5
AMLX,34.74,10,"[1, 1, 1, 1, 1, 1, 1, 1, 1, 1]",22.48,16.34,39.66,9.38,3893242.25
CLOV,4.23,9,"[0, 1, 1, 1, 1, 1, 1, 1, 1, 1]",4.6,3.09,5.41,1.7,4377315.7
REX,41.35,7,"[0, 0, 1, 1, 1, 1, 1, 1, 1, 0]",44.43,40.55,51.16,30.08,162133.8
STBA,49.79,8,"[0, 1, 1, 1, 1, 1, 1, 1, 1, 0]",49.93,43.72,52.97,33.52,223178.8
KOS,2.76,9,"[1, 1, 1, 0, 1, 1, 1, 1, 1, 1]",2.46,2.15,3.27,0.87,12364982.4
KSS,17.5,6,"[0, 1, 1, 1, 0, 1, 1, 0, 1, 0]",18.22,17.04,24.15,11.63,4334418.4
IOVA,8.01,10,"[1, 1, 1, 1, 1, 1, 1, 1, 1, 1]",5.46,3.78,8.99,1.81,19603035.4
PAHC,37.67,5,"[1, 0, 0, 0, 1, 0, 1, 0, 1, 1]",34.13,41.85,59.33,28.4,205417.35
OUST,34.62,7,"[0, 1, 1, 1, 1, 1, 1, 0, 1, 0]",42.2,29.69,62.52,16.63,2823876.25
STGW,8.74,10,"[1, 1, 1, 1, 1, 1, 1, 1, 1, 1]",8.05,6.42,9.35,4.4,1499924.95
BAND,49.0,8,"[0, 1, 1, 1, 1, 1, 1, 0, 1, 1]",56.3,32.82,78.44,12.82,773670.5
NVRI,22.28,10,"[1, 1, 1, 1, 1, 1, 1, 1, 1, 1]",22.02,19.43,23.86,10.95,391737.45
ABCL,11.35,10,"[1, 1, 1, 1, 1, 1, 1, 1, 1, 1]",7.87,4.95,12.5,2.78,10450790.15
HOPE,13.92,10,"[1, 1, 1, 1, 1, 1, 1, 1, 1, 1]",13.7,12.0,14.5,9.53,950144.3
AMRC,21.99,2,"[0, 0, 0, 0, 0, 0, 0, 0, 1, 1]",24.65,28.72,43.23,18.51,859116.55
TFIN,71.86,8,"[0, 1, 1, 1, 1, 1, 1, 1, 1, 0]",76.49,66.51,81.08,46.95,163270.65
HCSG,22.44,8,"[0, 1, 1, 1, 1, 1, 1, 1, 1, 0]",23.27,20.71,25.31,15.18,700856.75
DCH,6.32,5,"[1, 1, 0, 0, 0, 1, 0, 0, 1, 1]",5.86,6.36,9.0,5.09,2915739.7
XHR,19.46,8,"[0, 1, 1, 1, 1, 1, 1, 1, 1, 0]",20.13,16.48,21.82,11.98,640980.7
WLFC,53.42,2,"[0, 0, 0, 0, 1, 0, 0, 0, 1, 0]",123.82,160.13,239.35,53.42,242531.25
GBX,45.91,4,"[0, 0, 0, 0, 1, 1, 0, 1, 1, 0]",48.09,48.77,58.06,40.16,320274.7
LILAK,8.48,10,"[1, 1, 1, 1, 1, 1, 1, 1, 1, 1]",7.72,6.03,8.57,4.7,1378636.65
LILA,8.56,10,"[1, 1, 1, 1, 1, 1, 1, 1, 1, 1]",7.79,6.0,8.7,4.65,501041.2
ZD,55.82,10,"[1, 1, 1, 1, 1, 1, 1, 1, 1, 1]",52.9,42.44,56.08,26.51,609900.45
ECVT,10.11,3,"[0, 0, 0, 0, 1, 1, 0, 0, 1, 0]",11.6,11.63,14.97,7.84,1353044.2
VIR,10.83,10,"[1, 1, 1, 1, 1, 1, 1, 1, 1, 1]",9.57,8.44,11.31,4.79,1648562.5
AHCO,5.79,2,"[0, 0, 0, 0, 1, 0, 0, 0, 1, 0]",8.69,10.06,13.38,5.22,4708080.75
ALGT,78.94,5,"[0, 0, 0, 1, 1, 1, 1, 0, 1, 0]",98.63,88.74,119.16,58.03,553175.25
TRS,39.53,7,"[0, 1, 1, 1, 1, 1, 0, 1, 1, 0]",40.74,37.53,44.99,30.99,431755.25
CRML,7.12,3,"[0, 0, 0, 0, 0, 0, 1, 0, 1, 1]",7.47,9.75,29.97,5.13,8175789.15
TH,18.55,10,"[1, 1, 1, 1, 1, 1, 1, 1, 1, 1]",17.45,12.51,20.52,6.22,1301859.1
UAMY,4.85,2,"[0, 0, 0, 0, 1, 0, 0, 0, 1, 0]",6.04,7.73,17.47,4.31,7508378.15
IMTX,9.45,5,"[1, 0, 0, 0, 0, 0, 1, 1, 1, 1]",9.44,10.03,11.87,5.09,555160.8
GSL,44.52,10,"[1, 1, 1, 1, 1, 1, 1, 1, 1, 1]",41.04,37.41,45.3,25.7,388987.6
YELP,23.18,2,"[0, 0, 0, 1, 0, 0, 0, 0, 1, 0]",24.94,25.95,33.83,19.78,1086183.05
CNOB,31.73,8,"[0, 1, 1, 1, 1, 1, 1, 1, 1, 0]",32.62,28.59,33.91,22.68,341766.0
RES,6.4,8,"[1, 0, 1, 0, 1, 1, 1, 1, 1, 1]",5.91,6.19,7.9,4.12,1318727.75
BY,38.3,9,"[1, 1, 1, 1, 1, 1, 1, 1, 1, 0]",38.01,32.91,39.75,25.35,215415.45
NVGS,22.06,7,"[1, 1, 1, 1, 1, 1, 0, 0, 1, 0]",21.01,19.9,,,396930.35
PGEN,6.95,10,"[1, 1, 1, 1, 1, 1, 1, 1, 1, 1]",6.03,4.58,7.44,3.1,6413231.8
BHVN,15.41,9,"[1, 1, 1, 1, 1, 0, 1, 1, 1, 1]",14.77,11.53,18.11,7.79,2898439.0
TNC,69.58,4,"[0, 0, 0, 1, 1, 0, 0, 1, 1, 0]",81.02,77.13,91.15,60.69,268233.1
HLF,12.43,6,"[1, 0, 0, 0, 1, 1, 1, 0, 1, 1]",12.4,14.01,19.96,7.75,1559707.2
SHLS,7.14,3,"[0, 0, 0, 1, 1, 0, 0, 0, 1, 0]",9.14,8.67,12.77,5.71,5664307.1
ATAI,7.29,10,"[1, 1, 1, 1, 1, 1, 1, 1, 1, 1]",6.41,4.59,7.44,3.35,6736455.7
BCAX,23.43,8,"[0, 1, 1, 1, 1, 1, 1, 1, 1, 0]",26.6,20.8,30.4,10.44,649211.7
GCT,52.95,10,"[1, 1, 1, 1, 1, 1, 1, 1, 1, 1]",41.8,40.27,53.25,25.44,669354.85
AIP,22.01,5,"[0, 0, 0, 1, 1, 1, 1, 0, 1, 0]",32.12,23.71,48.59,8.59,703907.0
GHRS,27.94,9,"[1, 1, 1, 1, 1, 1, 1, 1, 1, 0]",27.76,19.49,30.64,11.94,312001.3
SBET,8.2,6,"[1, 1, 1, 0, 0, 0, 1, 0, 1, 1]",6.17,7.57,19.24,4.56,8607294.95
GILT,9.94,2,"[0, 0, 0, 0, 1, 0, 0, 0, 1, 0]",11.5,14.63,20.85,9.35,597560.75
AVAH,13.32,9,"[1, 1, 1, 1, 0, 1, 1, 1, 1, 1]",10.16,8.3,13.82,6.22,3672459.45
CBL,55.04,8,"[0, 1, 1, 1, 1, 1, 1, 1, 1, 0]",55.04,42.85,60.05,26.93,206492.5
BKSY,23.7,5,"[0, 0, 0, 0, 1, 1, 1, 0, 1, 1]",25.85,26.94,51.63,13.14,940121.85
FTRE,18.81,8,"[1, 1, 1, 1, 0, 1, 1, 1, 1, 0]",18.12,14.43,20.7,8.4,1352148.45
NSSC,35.35,2,"[0, 0, 0, 0, 0, 0, 0, 1, 1, 0]",37.44,39.98,46.87,34.82,453585.1
DMRA,29.0,9,"[0, 1, 1, 1, 1, 1, 1, 1, 1, 1]",29.04,25.96,34.14,2.58,325491.15
PRG,39.1,8,"[0, 1, 1, 1, 1, 1, 1, 1, 1, 0]",42.94,34.59,47.37,25.86,508893.7
OBK,53.25,9,"[1, 1, 1, 1, 1, 1, 1, 1, 1, 0]",52.48,44.53,54.96,31.84,187450.35
MUX,20.42,6,"[1, 0, 0, 0, 1, 1, 1, 0, 1, 1]",18.48,21.05,29.05,11.55,1137141.05
PRCT,20.83,3,"[1, 0, 0, 0, 0, 0, 0, 0, 1, 1]",20.33,26.22,40.68,16.69,1560087.2
NBR,91.71,9,"[1, 1, 1, 0, 1, 1, 1, 1, 1, 1]",84.9,77.86,110.63,35.33,228489.4
MAZE,27.44,3,"[0, 0, 0, 0, 0, 0, 1, 0, 1, 1]",28.62,34.37,51.83,14.49,368632.4
ENVX,3.36,1,"[0, 0, 0, 0, 0, 0, 0, 0, 1, 0]",4.68,6.28,13.19,3.13,8653730.35
TBLA,3.78,4,"[0, 0, 0, 1, 1, 1, 0, 0, 1, 0]",4.66,4.14,5.58,2.95,3260116.05
URGN,43.62,10,"[1, 1, 1, 1, 1, 1, 1, 1, 1, 1]",41.72,27.77,50.29,16.42,1020517.4
NNE,17.97,2,"[0, 0, 0, 0, 0, 0, 0, 0, 1, 1]",18.91,25.4,56.63,14.88,1840679.2
HROW,37.27,3,"[0, 0, 0, 1, 0, 1, 0, 0, 1, 0]",41.29,41.32,54.8,29.03,569543.65
HLX,10.14,10,"[1, 1, 1, 1, 1, 1, 1, 1, 1, 1]",9.5,8.77,10.55,6.09,1403636.25
LINC,25.43,5,"[0, 0, 0, 1, 1, 1, 1, 0, 1, 0]",40.86,35.78,55.68,17.8,1239357.35
RYZ,25.32,5,"[0, 0, 0, 1, 1, 1, 0, 1, 1, 0]",27.34,25.86,31.03,19.57,530613.5
HLIT,12.02,8,"[0, 1, 1, 1, 1, 1, 1, 0, 1, 1]",12.92,11.33,17.11,8.85,1727377.25
TROX,5.4,4,"[0, 0, 0, 0, 1, 1, 1, 0, 1, 0]",6.1,6.61,10.34,2.82,2757657.7
VIA,28.57,7,"[1, 1, 1, 1, 0, 0, 1, 0, 1, 1]",20.93,21.57,53.93,13.31,720755.95
LIND,29.59,10,"[1, 1, 1, 1, 1, 1, 1, 1, 1, 1]",29.43,20.49,34.48,11.45,784186.85
IPX,21.01,2,"[0, 0, 0, 0, 0, 0, 0, 0, 1, 1]",24.32,34.37,60.11,20.25,258205.05
WVE,5.04,1,"[0, 0, 0, 0, 0, 0, 0, 0, 1, 0]",5.74,9.36,21.31,5.04,3333636.3
PLTK,2.32,2,"[0, 0, 0, 1, 0, 0, 0, 0, 1, 0]",3.4,3.47,4.26,2.23,1946036.1
AVBP,30.17,9,"[0, 1, 1, 1, 1, 1, 1, 1, 1, 1]",31.56,26.46,34.74,17.17,410057.9
RLJ,11.46,8,"[0, 1, 1, 1, 1, 1, 1, 1, 1, 0]",11.64,8.86,12.48,6.26,1826705.5
LOMA,9.69,3,"[0, 0, 0, 0, 0, 1, 1, 0, 1, 0]",10.91,11.33,13.12,7.13,444096.35
TV,2.76,3,"[0, 0, 0, 0, 0, 1, 0, 1, 1, 0]",2.77,2.91,3.44,2.37,809685.95
SBH,16.55,9,"[1, 1, 1, 1, 0, 1, 1, 1, 1, 1]",15.31,14.75,17.0,11.82,1390524.7
CSIQ,13.14,2,"[0, 0, 0, 0, 0, 0, 1, 0, 1, 0]",14.99,18.32,33.58,9.71,1789252.1
RXT,3.15,6,"[0, 0, 1, 1, 1, 1, 1, 0, 1, 0]",4.77,2.69,7.53,0.41,7621436.4
GIII,33.46,8,"[0, 1, 1, 1, 1, 1, 1, 1, 1, 0]",34.58,31.05,36.81,24.81,415352.15
BTGO,6.86,5,"[1, 0, 0, 0, 1, 0, 1, 0, 1, 1]",5.43,6.86,18.49,4.69,1768915.2
TTI,6.81,4,"[0, 0, 0, 0, 1, 1, 1, 0, 1, 0]",8.73,9.32,12.32,4.69,1740730.45
KDK,3.9,1,"[0, 0, 0, 0, 0, 0, 0, 0, 1, 0]",4.56,7.28,10.92,3.79,1029035.15
STAA,22.11,3,"[0, 0, 0, 1, 0, 0, 1, 0, 1, 0]",25.68,24.12,33.34,16.1,928468.8
TWO,12.18,10,"[1, 1, 1, 1, 1, 1, 1, 1, 1, 1]",12.05,10.93,13.3,8.4,4412465.0
ARRY,4.59,1,"[0, 0, 0, 0, 0, 0, 0, 0, 1, 0]",5.91,7.93,11.96,4.55,7190137.25
BAK,1.68,2,"[0, 0, 0, 0, 1, 0, 0, 0, 1, 0]",2.32,3.31,5.02,1.48,2781156.8
TDOC,6.5,3,"[0, 0, 0, 1, 0, 0, 1, 0, 1, 0]",7.92,6.71,9.72,4.47,4057395.95
WLDN,87.99,5,"[1, 1, 0, 0, 0, 0, 1, 0, 1, 1]",78.5,92.91,134.94,66.91,275941.8
CRVS,14.16,6,"[0, 0, 1, 0, 1, 1, 1, 0, 1, 1]",14.25,13.65,25.52,5.62,743481.55
CRI,33.55,5,"[0, 0, 0, 1, 1, 1, 0, 1, 1, 0]",38.9,36.13,43.75,26.85,1156345.3
PLSE,47.57,10,"[1, 1, 1, 1, 1, 1, 1, 1, 1, 1]",35.31,23.13,50.42,12.66,405934.15
OLMA,10.27,3,"[0, 0, 0, 0, 0, 1, 1, 0, 1, 0]",11.39,17.68,35.83,5.46,986957.3
TEN,42.52,10,"[1, 1, 1, 1, 1, 1, 1, 1, 1, 1]",39.04,33.48,43.34,20.51,215092.5
WBI,31.44,8,"[0, 1, 1, 1, 1, 1, 1, 1, 1, 0]",32.75,26.99,36.15,18.66,534685.25
ATLC,91.08,8,"[0, 1, 1, 1, 1, 1, 1, 1, 1, 0]",100.05,73.73,111.79,47.96,146451.4
JBIO,20.84,9,"[0, 1, 1, 1, 1, 1, 1, 1, 1, 1]",21.33,17.76,26.85,6.95,779305.75
GPRE,14.66,7,"[0, 0, 1, 1, 1, 1, 1, 1, 1, 0]",16.02,14.2,19.23,8.79,1529174.7
RCAT,8.49,4,"[0, 0, 0, 0, 1, 0, 1, 0, 1, 1]",9.12,10.97,17.36,6.14,9362295.35
MRTN,14.36,7,"[0, 0, 1, 1, 1, 1, 1, 1, 1, 0]",16.07,14.0,18.22,9.28,561960.55
DSGR,34.79,10,"[1, 1, 1, 1, 1, 1, 1, 1, 1, 1]",32.09,28.77,34.96,19.31,200054.3
EVLV,5.24,1,"[0, 0, 0, 0, 0, 0, 0, 0, 1, 0]",5.68,6.08,8.76,4.9,1973278.25
NPKI,13.16,5,"[0, 0, 0, 0, 1, 1, 0, 1, 1, 1]",14.11,13.97,16.35,10.31,779359.05
ABTC,7.69,4,"[1, 0, 0, 0, 0, 0, 1, 0, 1, 1]",7.47,19.83,139.65,5.19,1692500.0
DQ,13.68,3,"[1, 0, 0, 0, 0, 0, 0, 0, 1, 1]",13.1,21.39,35.69,11.63,1139941.6
AMAL,48.69,9,"[1, 1, 1, 1, 1, 1, 1, 1, 1, 0]",47.96,39.94,51.08,24.83,149737.6
VTOL,43.73,5,"[0, 0, 1, 0, 1, 1, 0, 1, 1, 0]",44.31,42.94,49.73,35.4,242855.5
PGY,21.98,7,"[1, 1, 1, 1, 0, 0, 1, 0, 1, 1]",18.85,17.37,43.81,10.64,2671162.35
NAT,6.77,10,"[1, 1, 1, 1, 1, 1, 1, 1, 1, 1]",6.35,4.98,7.02,2.86,3010165.75
PNTG,37.08,8,"[0, 1, 1, 1, 1, 1, 1, 1, 1, 0]",38.91,32.8,42.02,23.64,278075.25
MRVI,7.68,10,"[1, 1, 1, 1, 1, 1, 1, 1, 1, 1]",6.6,4.4,9.0,2.36,4453561.7
NSP,53.54,9,"[1, 1, 1, 1, 0, 1, 1, 1, 1, 1]",48.29,35.96,54.03,19.54,395140.15
MLTX,14.99,5,"[0, 0, 0, 1, 1, 1, 1, 0, 1, 0]",18.36,16.84,61.99,6.24,1371832.45
BLDP,2.25,2,"[0, 0, 0, 0, 1, 0, 0, 0, 1, 0]",2.95,3.06,6.38,1.85,3161503.8
UFCS,53.98,10,"[1, 1, 1, 1, 1, 1, 1, 1, 1, 1]",52.31,42.32,54.93,29.76,138782.3
REAL,10.93,4,"[0, 0, 0, 1, 0, 1, 1, 0, 1, 0]",11.61,12.13,16.9,7.63,3593531.9
JKS,13.54,1,"[0, 0, 0, 0, 0, 0, 0, 0, 1, 0]",15.97,21.33,28.22,13.51,716620.95
AORT,26.77,3,"[1, 0, 0, 0, 0, 0, 1, 0, 1, 0]",25.56,34.22,47.63,20.1,759394.7
KMTS,25.64,9,"[1, 1, 1, 1, 0, 1, 1, 1, 1, 1]",25.09,23.6,28.35,16.12,287906.55
ASTE,43.39,2,"[0, 0, 0, 0, 1, 0, 0, 0, 1, 0]",51.47,51.51,64.66,40.33,299166.85
COLL,25.35,1,"[0, 0, 0, 0, 0, 0, 0, 0, 1, 0]",32.89,38.6,49.84,25.35,863312.5
TK,13.05,10,"[1, 1, 1, 1, 1, 1, 1, 1, 1, 1]",11.55,10.79,13.36,7.31,544586.55
VSTS,12.48,8,"[0, 1, 1, 1, 1, 1, 1, 1, 1, 0]",14.2,9.82,16.5,4.06,1386205.05
DLX,23.64,5,"[0, 0, 0, 0, 1, 1, 1, 1, 1, 0]",24.47,24.42,31.11,17.03,454796.05
CCO,2.34,7,"[0, 0, 1, 1, 1, 1, 1, 1, 1, 0]",2.4,2.29,2.43,1.24,10753620.95
ULCC,5.84,7,"[0, 1, 1, 1, 1, 1, 1, 0, 1, 0]",6.79,5.21,8.06,3.1,2838343.25
ITRN,50.78,7,"[0, 0, 1, 1, 1, 1, 1, 1, 1, 0]",55.71,50.37,65.85,30.77,139110.9
ELE,21.52,9,"[1, 1, 1, 0, 1, 1, 1, 1, 1, 1]",17.66,18.03,24.16,12.54,283206.4
ADTN,7.72,2,"[0, 0, 0, 0, 1, 0, 0, 0, 1, 0]",10.49,11.42,19.4,7.25,2144081.9
ACDC,4.99,6,"[1, 0, 0, 0, 1, 1, 1, 0, 1, 1]",4.92,5.39,8.06,3.19,2009944.95
XPEL,49.76,9,"[1, 1, 1, 1, 0, 1, 1, 1, 1, 1]",47.11,46.88,54.95,32.17,227448.85
PRCH,17.4,10,"[1, 1, 1, 1, 1, 1, 1, 1, 1, 1]",14.84,10.32,19.04,6.4,1312145.2
CMP,24.62,5,"[0, 0, 0, 1, 1, 1, 1, 0, 1, 0]",28.33,25.11,33.51,16.54,543310.2
NEO,18.05,9,"[1, 1, 1, 1, 0, 1, 1, 1, 1, 1]",15.08,11.48,18.64,7.19,1866432.75
MPLT,12.6,3,"[0, 0, 0, 1, 1, 0, 0, 0, 1, 0]",23.8,21.99,39.8,9.9,616753.7
GOOS,8.24,1,"[0, 0, 0, 0, 0, 0, 0, 0, 1, 0]",9.11,11.13,15.1,8.1,846221.05
PRSU,49.77,8,"[0, 1, 1, 1, 1, 1, 1, 1, 1, 0]",51.23,41.26,55.97,32.28,209768.35
VYX,8.78,7,"[1, 1, 1, 1, 0, 0, 1, 0, 1, 1]",8.13,8.39,13.31,6.15,2403373.95
GOLD,45.55,8,"[1, 1, 1, 0, 1, 1, 1, 0, 1, 1]",42.27,42.2,63.6,23.03,439460.5
HQH,22.67,10,"[1, 1, 1, 1, 1, 1, 1, 1, 1, 1]",21.64,18.79,23.99,14.54,223005.35
EYPT,4.48,1,"[0, 0, 0, 0, 0, 0, 0, 0, 1, 0]",11.72,13.82,18.85,4.48,6767914.8
AOSL,24.63,5,"[0, 0, 0, 1, 1, 1, 1, 0, 1, 0]",34.38,29.35,53.32,17.47,603994.45
ALNT,92.86,9,"[0, 1, 1, 1, 1, 1, 1, 1, 1, 1]",95.33,72.35,114.24,41.98,261890.05
GNK,25.88,10,"[1, 1, 1, 1, 1, 1, 1, 1, 1, 1]",24.71,21.59,27.32,14.42,591899.15
LQDT,41.48,10,"[1, 1, 1, 1, 1, 1, 1, 1, 1, 1]",39.97,33.99,43.58,22.16,227916.05
XERS,8.48,8,"[1, 1, 1, 1, 0, 0, 1, 1, 1, 1]",8.26,7.01,9.9,5.29,1741663.5
CDNA,49.79,10,"[1, 1, 1, 1, 1, 1, 1, 1, 1, 1]",38.35,24.22,52.36,12.73,1183942.4
ZBIO,31.27,7,"[1, 1, 1, 1, 0, 1, 1, 0, 1, 0]",29.47,26.06,43.17,15.2,715626.5
EVEX,2.31,1,"[0, 0, 0, 0, 0, 0, 0, 0, 1, 0]",2.53,3.22,5.06,2.18,941568.8
AMN,34.62,10,"[1, 1, 1, 1, 1, 1, 1, 1, 1, 1]",33.55,23.76,36.6,15.1,744458.55
BUR,4.36,3,"[1, 0, 0, 0, 0, 0, 0, 0, 1, 1]",4.24,6.49,13.81,3.92,1480883.35
TDAY,6.34,5,"[0, 0, 0, 1, 1, 1, 1, 0, 1, 0]",7.92,6.76,9.03,3.49,3048662.15
ACVA,7.16,5,"[0, 1, 1, 1, 0, 0, 1, 0, 1, 0]",7.39,6.65,11.81,4.15,4824886.35
KODK,9.04,7,"[1, 0, 1, 0, 1, 1, 1, 0, 1, 1]",8.98,9.03,14.51,5.75,921734.65
DBVT,13.54,4,"[0, 0, 0, 0, 1, 0, 1, 0, 1, 1]",14.81,18.14,24.54,8.7,291117.7
IVA,4.7,5,"[1, 0, 0, 0, 1, 0, 1, 0, 1, 1]",4.38,5.05,7.15,3.41,643292.85
ASST,21.74,7,"[1, 1, 1, 1, 0, 0, 1, 0, 1, 1]",13.53,14.67,178.2,7.16,6365945.55
UVE,43.43,9,"[1, 1, 1, 1, 1, 1, 1, 1, 1, 0]",41.85,35.94,45.08,23.88,199395.55
OSBC,25.24,9,"[1, 1, 1, 1, 1, 1, 1, 1, 1, 0]",24.26,21.2,25.91,16.49,393557.95
MNKD,3.95,5,"[0, 1, 0, 1, 0, 0, 1, 0, 1, 1]",4.03,4.19,6.21,2.28,4159540.55
GHM,86.08,5,"[0, 0, 0, 1, 1, 1, 1, 0, 1, 0]",106.66,87.29,123.79,47.39,191269.95
BFLY,8.43,10,"[1, 1, 1, 1, 1, 1, 1, 1, 1, 1]",8.12,5.02,9.7,1.5,5739917.05
NWPX,112.03,7,"[0, 1, 1, 1, 1, 1, 1, 0, 1, 0]",128.08,92.7,149.94,49.43,134181.55
LGIH,57.5,9,"[0, 1, 1, 1, 1, 1, 1, 1, 1, 1]",58.9,50.3,67.01,34.24,307331.95
SATL,4.85,7,"[1, 0, 1, 0, 1, 1, 1, 0, 1, 1]",4.81,4.69,10.74,1.27,6000440.55
IART,16.89,9,"[0, 1, 1, 1, 1, 1, 1, 1, 1, 1]",17.92,13.67,19.85,8.9,622691.85
UVSP,41.57,8,"[0, 1, 1, 1, 1, 1, 1, 1, 1, 0]",43.28,36.95,44.98,27.6,205207.9
PBT,33.82,10,"[1, 1, 1, 1, 1, 1, 1, 1, 1, 1]",29.45,23.19,34.75,16.38,148598.65
SEPN,38.91,10,"[1, 1, 1, 1, 1, 1, 1, 1, 1, 1]",37.34,29.28,48.19,12.1,464472.7
SVRA,5.26,5,"[0, 0, 0, 1, 0, 1, 1, 1, 1, 0]",5.69,5.56,6.94,3.28,1567561.95
SVC,7.87,2,"[0, 0, 0, 0, 0, 0, 1, 0, 1, 0]",8.32,8.82,14.24,5.83,1543324.15
TNDM,21.43,8,"[1, 1, 1, 0, 0, 1, 1, 1, 1, 1]",18.56,19.71,28.26,11.79,2110749.5
PDM,9.54,9,"[1, 1, 1, 1, 1, 1, 1, 1, 1, 0]",9.54,8.41,9.96,6.39,982684.4
ATEX,92.33,8,"[0, 1, 1, 1, 1, 1, 1, 1, 1, 0]",95.25,51.93,108.21,17.99,341804.85
PLOW,41.82,7,"[0, 0, 1, 1, 1, 1, 1, 1, 1, 0]",45.18,41.16,54.2,28.96,313963.35
RERE,4.04,2,"[0, 0, 0, 0, 0, 1, 0, 0, 1, 0]",4.1,4.76,6.2,3.62,1226796.85
APEI,46.01,5,"[0, 0, 0, 0, 1, 1, 1, 1, 1, 0]",50.65,47.83,60.86,30.18,322988.05
CEVA,27.12,5,"[0, 0, 0, 1, 1, 1, 1, 0, 1, 0]",37.11,28.65,50.06,17.21,938275.9
INNV,10.86,8,"[0, 1, 1, 1, 1, 1, 1, 1, 1, 0]",11.09,8.11,12.11,3.65,200768.05
HTLD,12.18,7,"[0, 0, 1, 1, 1, 1, 1, 1, 1, 0]",13.76,11.73,16.2,7.04,764121.8
CFFN,8.66,9,"[1, 1, 1, 1, 1, 1, 1, 1, 1, 0]",8.56,7.45,9.1,5.72,801235.55
OMER,18.61,10,"[1, 1, 1, 1, 1, 1, 1, 1, 1, 1]",12.66,11.85,19.32,4.03,2421582.35
LMRI,11.51,6,"[1, 1, 0, 1, 0, 0, 1, 0, 1, 1]",11.34,11.51,18.53,6.77,522930.55
LXU,10.39,4,"[0, 0, 0, 0, 1, 1, 1, 0, 1, 0]",10.77,11.44,16.88,7.76,833712.15
GDRX,3.53,7,"[1, 1, 1, 1, 0, 0, 1, 0, 1, 1]",3.2,2.68,5.03,1.87,1977424.6
KOPN,4.48,9,"[1, 1, 1, 1, 1, 1, 1, 0, 1, 1]",4.22,3.41,6.39,1.82,4361792.75
DAKT,19.3,3,"[0, 0, 0, 0, 1, 1, 0, 0, 1, 0]",20.0,20.57,27.73,17.04,453809.8
INR,15.38,9,"[1, 1, 1, 0, 1, 1, 1, 1, 1, 1]",13.33,14.83,19.23,11.2,242860.1
EPC,29.05,10,"[1, 1, 1, 1, 1, 1, 1, 1, 1, 1]",27.61,21.51,29.66,15.68,583473.55
INDI,3.78,5,"[0, 1, 0, 1, 0, 0, 1, 0, 1, 1]",3.92,3.81,6.0,2.44,7988335.8
PHAT,9.18,2,"[0, 0, 0, 0, 0, 0, 0, 0, 1, 1]",10.18,12.2,18.08,8.23,1355615.05
CRON,3.38,10,"[1, 1, 1, 1, 1, 1, 1, 1, 1, 1]",2.94,2.71,3.55,2.3,1747078.35
JMIA,6.94,3,"[1, 0, 0, 0, 0, 0, 0, 0, 1, 1]",6.45,8.67,14.6,5.69,2124104.55
XNCR,26.06,9,"[1, 1, 1, 1, 0, 1, 1, 1, 1, 1]",19.76,14.83,29.3,8.13,1292266.45
CMPS,13.73,10,"[1, 1, 1, 1, 1, 1, 1, 1, 1, 1]",13.07,8.97,15.07,4.42,2729873.95
METC,13.3,4,"[1, 0, 0, 0, 0, 0, 1, 0, 1, 1]",11.7,15.36,54.55,8.9,2297742.5
AMBQ,57.34,7,"[0, 1, 1, 1, 1, 1, 1, 0, 1, 0]",71.9,46.82,90.48,22.76,414118.95
NUTX,189.25,9,"[1, 1, 1, 1, 0, 1, 1, 1, 1, 1]",170.7,139.09,197.51,80.92,164769.8
CODI,11.45,10,"[1, 1, 1, 1, 1, 1, 1, 1, 1, 1]",10.73,8.6,12.71,4.65,788392.8
SANA,3.93,7,"[1, 1, 1, 1, 0, 0, 1, 0, 1, 1]",3.55,3.7,5.92,2.68,2519620.35
SCSC,56.55,9,"[1, 1, 1, 1, 1, 1, 1, 1, 1, 0]",53.8,43.78,58.89,34.27,327795.85
NX,19.42,10,"[1, 1, 1, 1, 1, 1, 1, 1, 1, 1]",18.85,17.84,22.34,11.09,293999.1
AVO,12.77,5,"[0, 0, 0, 0, 1, 1, 0, 1, 1, 1]",12.78,12.82,15.34,10.11,673647.1
ANNX,4.97,4,"[0, 0, 0, 0, 1, 1, 1, 0, 1, 0]",5.4,5.34,6.96,2.05,2538621.6
AMTB,28.84,9,"[1, 1, 1, 1, 1, 1, 1, 1, 1, 0]",27.26,22.82,30.49,16.43,334376.1
ABSI,8.71,8,"[0, 1, 1, 1, 1, 1, 1, 0, 1, 1]",9.23,5.13,11.62,2.3,2613283.1
AMC,2.59,7,"[1, 1, 1, 1, 0, 0, 1, 1, 1, 0]",2.34,1.79,3.15,0.95,21496709.85
ORIC,13.24,10,"[1, 1, 1, 1, 1, 1, 1, 1, 1, 1]",11.79,10.65,14.65,7.47,1403766.4
RHLD,135.55,5,"[1, 0, 0, 0, 0, 1, 1, 0, 1, 1]",133.22,157.48,226.37,64.9,178940.7
JBSS,74.66,6,"[0, 0, 0, 1, 1, 1, 1, 1, 1, 0]",81.28,75.39,88.51,56.28,167141.05
MGTX,13.82,10,"[1, 1, 1, 1, 1, 1, 1, 1, 1, 1]",12.93,9.58,14.97,6.99,647040.35
HEPS,2.65,5,"[0, 0, 0, 1, 1, 1, 0, 1, 1, 0]",2.84,2.7,3.29,2.18,173678.5
AGL,92.54,8,"[0, 1, 1, 1, 1, 1, 1, 0, 1, 1]",104.3,49.71,129.84,7.91,358036.45
HAFC,31.14,8,"[0, 1, 1, 1, 1, 1, 1, 1, 1, 0]",31.8,28.58,33.02,22.1,198513.05
SLS,13.21,10,"[1, 1, 1, 1, 1, 1, 1, 1, 1, 1]",12.34,6.5,15.46,1.39,7032540.35
BJRI,65.12,9,"[1, 1, 1, 1, 1, 1, 1, 1, 1, 0]",64.27,46.27,74.26,28.69,463181.8
CGEM,21.7,10,"[1, 1, 1, 1, 1, 1, 1, 1, 1, 1]",18.64,14.28,22.95,5.75,688437.6
VPG,62.55,5,"[0, 0, 0, 1, 1, 1, 1, 0, 1, 0]",97.29,67.63,149.91,27.98,687421.9
SHEN,12.46,4,"[0, 0, 0, 0, 1, 1, 0, 0, 1, 1]",12.87,13.43,17.1,9.9,404293.35
ROOT,56.43,5,"[0, 1, 0, 1, 0, 0, 1, 0, 1, 1]",56.89,60.09,102.88,43.21,295109.0
GERN,1.51,9,"[1, 1, 1, 0, 1, 1, 1, 1, 1, 1]",1.45,1.43,1.95,1.07,10896416.8
VLRS,6.74,3,"[0, 0, 0, 1, 0, 1, 0, 0, 1, 0]",8.09,8.05,10.63,5.92,509989.5
LXRX,2.29,8,"[0, 1, 1, 1, 1, 1, 1, 1, 1, 0]",2.32,1.77,2.64,1.07,2771358.55
DSGN,15.11,10,"[1, 1, 1, 1, 1, 1, 1, 1, 1, 1]",13.89,11.45,15.94,5.53,505462.7
HNRG,16.24,3,"[1, 0, 0, 0, 0, 0, 0, 0, 1, 1]",16.13,17.87,23.81,13.7,808005.05
NB,4.13,1,"[0, 0, 0, 0, 0, 0, 0, 0, 1, 0]",4.63,5.44,11.67,3.86,3914101.05
MATW,20.93,3,"[0, 0, 0, 0, 1, 1, 0, 0, 1, 0]",25.38,25.64,28.54,20.93,811833.55
TBPH,17.05,7,"[1, 1, 0, 1, 0, 1, 0, 1, 1, 1]",16.95,17.31,20.74,13.57,524528.4
BVS,13.84,10,"[1, 1, 1, 1, 1, 1, 1, 1, 1, 1]",12.4,9.54,15.26,6.51,798729.65
OMDA,23.69,9,"[1, 1, 1, 1, 1, 0, 1, 1, 1, 1]",22.18,16.92,26.78,10.94,1414867.7
SCHL,38.96,7,"[0, 0, 1, 1, 1, 1, 1, 1, 1, 0]",43.27,37.21,47.34,23.81,305552.85
ABX,9.74,8,"[0, 1, 1, 1, 1, 1, 1, 1, 1, 0]",10.19,8.9,12.0,4.87,571111.6
SPRY,5.89,2,"[0, 0, 0, 0, 0, 0, 0, 0, 1, 1]",6.86,8.63,13.06,5.13,1864873.25
CTMX,3.21,3,"[0, 0, 0, 0, 0, 0, 1, 0, 1, 1]",3.44,4.16,6.75,1.93,2550355.65
MYE,32.8,9,"[1, 1, 1, 1, 1, 1, 1, 1, 1, 0]",32.18,23.64,36.74,15.41,352742.55
ABUS,5.07,9,"[1, 1, 1, 1, 0, 1, 1, 1, 1, 1]",4.69,4.48,5.22,3.67,3899306.9
AEVA,15.63,5,"[0, 0, 0, 1, 1, 1, 1, 0, 1, 0]",20.24,16.96,29.29,9.19,1920294.25
KOP,46.56,8,"[0, 1, 1, 1, 1, 1, 1, 1, 1, 0]",47.52,37.85,52.33,26.16,208110.4
NBBK,22.46,9,"[1, 1, 1, 1, 1, 1, 1, 1, 1, 0]",21.84,20.82,23.25,16.64,327442.15
IBTA,37.06,10,"[1, 1, 1, 1, 1, 1, 1, 1, 1, 1]",33.0,28.54,38.84,19.25,320264.15
CRSR,12.0,10,"[1, 1, 1, 1, 1, 1, 1, 1, 1, 1]",10.54,7.44,14.35,4.58,2278184.0
KRO,8.8,10,"[1, 1, 1, 1, 1, 1, 1, 1, 1, 1]",7.06,6.13,8.91,4.21,470371.25
ODD,14.35,3,"[0, 0, 0, 0, 0, 0, 1, 0, 1, 1]",14.84,22.25,63.68,9.81,791104.3
DRUG,72.81,4,"[0, 0, 0, 0, 0, 1, 1, 1, 1, 0]",73.91,77.59,95.99,38.8,150866.75
KURA,12.66,9,"[1, 1, 1, 1, 0, 1, 1, 1, 1, 1]",10.84,9.75,13.59,7.4,2225038.65
SCZM,9.52,7,"[1, 1, 1, 0, 0, 1, 1, 0, 1, 1]",7.44,8.73,16.16,4.92,548778.85
CVLG,34.98,7,"[0, 1, 1, 1, 1, 1, 1, 0, 1, 0]",40.81,31.59,49.88,17.94,190695.15
PURR,11.61,7,"[1, 1, 0, 1, 0, 0, 1, 1, 1, 1]",7.88,11.61,12.83,3.1,19074943.2
TSAT,42.82,8,"[0, 1, 1, 1, 1, 1, 1, 0, 1, 1]",44.43,38.98,61.4,20.49,293209.25
SG,6.97,6,"[0, 1, 1, 1, 0, 0, 1, 0, 1, 1]",7.02,6.78,10.21,4.7,6506342.35
VOR,22.65,8,"[1, 1, 1, 1, 1, 0, 1, 0, 1, 1]",20.28,15.29,48.72,6.86,746307.35
EVMN,13.23,3,"[0, 0, 0, 0, 1, 0, 0, 0, 1, 1]",14.22,20.09,31.57,11.05,463688.3
WYFI,17.75,4,"[0, 0, 0, 1, 1, 0, 1, 0, 1, 0]",28.91,21.6,44.77,10.78,2890433.95
SABR,2.2,10,"[1, 1, 1, 1, 1, 1, 1, 1, 1, 1]",1.97,1.64,2.26,0.82,3925698.7
CGNT,8.8,4,"[1, 0, 0, 0, 0, 1, 1, 0, 1, 0]",8.79,8.88,12.24,6.34,561102.45
ETON,59.78,10,"[1, 1, 1, 1, 1, 1, 1, 1, 1, 1]",45.07,27.2,64.43,14.35,662639.7
WEST,8.0,8,"[0, 1, 1, 1, 1, 1, 1, 1, 1, 0]",8.06,5.97,9.73,3.71,411675.0
EGBN,27.57,8,"[0, 1, 1, 1, 1, 1, 1, 1, 1, 0]",27.81,25.17,29.12,15.78,220174.4
GO,12.17,7,"[1, 1, 1, 1, 0, 0, 1, 0, 1, 1]",10.13,9.23,18.66,5.79,2937974.8
BIOA,9.65,5,"[0, 0, 0, 0, 1, 1, 1, 0, 1, 1]",17.72,16.89,25.1,4.65,858112.8
ASC,17.36,9,"[1, 1, 1, 1, 1, 1, 1, 1, 1, 0]",16.58,14.77,19.22,10.15,621073.9
ADAM,9.8,10,"[1, 1, 1, 1, 1, 1, 1, 1, 1, 1]",9.37,8.02,10.23,5.99,842432.95
DXYZ,34.74,8,"[1, 1, 1, 0, 1, 1, 1, 0, 1, 1]",27.44,31.03,71.24,20.82,1320955.95
SUPV,8.31,2,"[0, 0, 0, 0, 0, 0, 1, 0, 1, 0]",9.22,9.86,12.86,4.69,680439.9
NRGV,3.54,4,"[0, 0, 0, 0, 0, 1, 1, 0, 1, 1]",3.58,4.09,6.49,1.77,5298785.75
IMSR,5.1,2,"[0, 0, 0, 0, 0, 0, 0, 0, 1, 1]",5.78,7.47,27.1,4.62,1185887.15
ANRO,35.13,10,"[1, 1, 1, 1, 1, 1, 1, 1, 1, 1]",28.74,21.69,36.53,3.51,461430.65
KFRC,58.1,10,"[1, 1, 1, 1, 1, 1, 1, 1, 1, 1]",55.26,38.77,60.45,23.68,235091.15
CWH,6.53,2,"[0, 0, 0, 0, 0, 0, 0, 0, 1, 1]",6.58,8.55,17.56,5.63,1631465.6
ARKO,4.37,4,"[0, 0, 0, 1, 1, 1, 0, 0, 1, 0]",6.79,6.03,8.58,3.73,1232041.0
IHRT,2.75,2,"[0, 0, 0, 0, 0, 0, 1, 0, 1, 0]",3.61,3.85,6.33,2.1,642571.6
PSTL,23.77,10,"[1, 1, 1, 1, 1, 1, 1, 1, 1, 1]",23.42,19.85,24.72,13.9,316527.15
MTUS,19.57,8,"[0, 1, 1, 1, 1, 1, 1, 1, 1, 0]",19.99,18.64,22.03,14.56,364880.25
RLMD,4.33,4,"[0, 0, 0, 0, 1, 1, 1, 0, 1, 0]",5.52,5.46,7.86,1.12,1096362.9
CRESY,11.06,5,"[1, 0, 0, 0, 0, 1, 1, 1, 1, 0]",11.04,11.57,14.11,7.88,219202.35
CBLL,23.73,9,"[1, 1, 1, 1, 0, 1, 1, 1, 1, 1]",20.08,19.46,24.89,10.92,431857.1
LYTS,19.71,4,"[0, 0, 0, 1, 1, 1, 0, 0, 1, 0]",24.05,21.62,26.8,17.17,421705.6
NXDR,2.27,8,"[0, 1, 1, 1, 0, 1, 1, 1, 1, 1]",2.36,1.95,2.77,1.36,2105416.8
DSP,13.23,10,"[1, 1, 1, 1, 1, 1, 1, 1, 1, 1]",12.28,11.41,14.09,8.14,312507.75
PGC,45.11,8,"[0, 1, 1, 1, 1, 1, 1, 1, 1, 0]",46.16,37.48,48.28,24.62,151720.95
HZO,52.18,10,"[1, 1, 1, 1, 1, 1, 1, 1, 1, 1]",40.28,31.24,52.46,21.43,964007.35
ALLO,2.02,7,"[1, 0, 1, 0, 1, 1, 1, 0, 1, 1]",1.99,1.95,3.06,1.05,4962525.4
HSHP,16.7,10,"[1, 1, 1, 1, 1, 1, 1, 1, 1, 1]",14.99,12.14,16.7,6.82,311463.8
DRTS,14.64,10,"[1, 1, 1, 1, 1, 1, 1, 1, 1, 1]",12.87,8.52,14.96,3.42,496032.55
FOXF,20.56,8,"[1, 1, 1, 1, 1, 0, 1, 0, 1, 1]",19.1,17.75,29.59,13.19,586117.5
PRAA,19.14,10,"[1, 1, 1, 1, 1, 1, 1, 1, 1, 1]",18.34,16.96,22.23,10.42,416547.0
NTGR,21.09,1,"[0, 0, 0, 0, 0, 0, 0, 0, 1, 0]",23.03,23.59,36.01,19.87,332661.1
HPK,8.1,10,"[1, 1, 1, 1, 1, 1, 1, 1, 1, 1]",7.33,6.24,8.32,3.89,460308.25
KRNT,16.72,10,"[1, 1, 1, 1, 1, 1, 1, 1, 1, 1]",16.17,15.14,18.04,12.31,278560.3
FCEL,17.76,7,"[0, 1, 1, 1, 1, 1, 1, 0, 1, 0]",21.97,13.21,36.01,3.92,7643160.4
EVER,25.66,9,"[1, 1, 1, 1, 0, 1, 1, 1, 1, 1]",24.75,21.39,27.87,14.27,656995.05
GFR,6.06,8,"[0, 1, 1, 1, 1, 1, 1, 1, 1, 0]",6.12,5.74,7.1,4.33,604511.6
LPTH,11.23,6,"[0, 0, 0, 1, 1, 1, 1, 0, 1, 1]",12.73,11.83,18.15,4.91,2811567.0
SB,8.52,10,"[1, 1, 1, 1, 1, 1, 1, 1, 1, 1]",7.34,6.19,8.7,4.03,697228.5
HIVE,2.78,3,"[0, 0, 0, 1, 0, 0, 1, 0, 1, 0]",3.17,2.93,6.96,1.75,24479748.45
SLDB,9.77,10,"[1, 1, 1, 1, 1, 1, 1, 1, 1, 1]",9.17,7.17,11.15,3.93,874850.5
GDOT,13.34,9,"[1, 1, 1, 1, 1, 1, 0, 1, 1, 1]",13.33,12.46,15.25,10.53,381573.8
MAKO,10.19,10,"[1, 1, 1, 1, 1, 1, 1, 1, 1, 1]",8.34,7.3,11.07,4.53,222883.9
MVST,0.72,1,"[0, 0, 0, 0, 0, 0, 0, 0, 1, 0]",0.93,1.98,6.4,0.71,7200102.6
MITK,18.85,10,"[1, 1, 1, 1, 1, 1, 1, 1, 1, 1]",18.3,14.1,20.14,8.65,778990.55
RDVT,73.3,9,"[1, 1, 1, 1, 0, 1, 1, 1, 1, 1]",66.16,51.97,73.74,34.4,297678.2
KRUS,47.46,3,"[0, 0, 0, 0, 1, 0, 0, 0, 1, 1]",50.02,56.65,85.05,42.67,147179.45
MRLN,3.28,1,"[0, 0, 0, 0, 0, 0, 0, 0, 1, 0]",4.2,8.46,16.09,3.28,1236450.6
BLMN,10.58,10,"[1, 1, 1, 1, 1, 1, 1, 1, 1, 1]",9.38,7.38,11.85,5.26,2309401.85
IRWD,4.13,9,"[1, 1, 1, 1, 1, 1, 1, 1, 1, 0]",4.13,3.91,5.39,1.1,2150229.2
HUYA,2.18,1,"[0, 0, 0, 0, 0, 0, 0, 0, 1, 0]",2.34,2.87,4.6,2.15,1348766.65
SLDP,2.33,2,"[0, 0, 0, 0, 0, 0, 0, 0, 1, 1]",2.36,3.56,8.51,2.0,3105090.7
ACRS,6.01,10,"[1, 1, 1, 1, 1, 1, 1, 1, 1, 1]",5.63,4.12,6.53,1.81,1938281.95
HRTG,33.86,9,"[1, 1, 1, 1, 0, 1, 1, 1, 1, 1]",29.45,27.2,35.21,20.88,324013.85
CYRX,16.09,10,"[1, 1, 1, 1, 1, 1, 1, 1, 1, 1]",15.66,11.66,17.13,7.72,560950.95
CTO,21.57,8,"[0, 1, 1, 1, 1, 1, 1, 1, 1, 0]",21.73,19.24,22.53,14.38,370150.2
ASPI,3.88,1,"[0, 0, 0, 0, 0, 0, 0, 0, 1, 0]",4.69,5.65,14.05,3.54,3196415.45
OXM,38.31,7,"[1, 0, 1, 0, 1, 1, 0, 1, 1, 1]",37.11,37.65,48.22,30.22,260469.2
GRPN,19.53,7,"[0, 1, 1, 1, 1, 1, 1, 0, 1, 0]",23.75,17.32,28.58,9.64,1416091.5
ALRS,33.12,9,"[1, 1, 1, 1, 1, 1, 1, 1, 1, 0]",32.28,26.38,34.12,20.29,155664.8
LAES,2.48,2,"[0, 0, 0, 0, 0, 0, 0, 0, 1, 1]",2.71,3.43,7.65,2.09,9109948.75
INN,6.06,8,"[0, 1, 1, 1, 1, 1, 1, 1, 1, 0]",6.48,5.2,6.98,3.92,893731.2
PKE,32.42,8,"[0, 1, 1, 1, 1, 1, 1, 1, 1, 0]",34.96,28.87,38.23,18.3,213655.85
HY,33.97,7,"[0, 0, 1, 0, 1, 1, 1, 1, 1, 1]",34.27,33.83,40.47,25.65,113754.55
STRO,20.45,4,"[0, 0, 0, 0, 1, 1, 1, 0, 1, 0]",25.55,21.96,40.91,7.3,283680.85
TLRY,4.59,3,"[1, 0, 0, 0, 0, 0, 0, 0, 1, 1]",4.47,6.81,21.0,3.88,3982774.65
SHBI,23.14,8,"[0, 1, 1, 1, 1, 1, 1, 1, 1, 0]",23.32,19.83,24.61,14.9,188665.3
EVC,8.07,7,"[0, 1, 1, 1, 1, 1, 1, 0, 1, 0]",10.61,5.8,13.48,1.91,1768201.9
ZVRA,11.56,9,"[0, 1, 1, 1, 1, 1, 1, 1, 1, 1]",12.12,10.21,14.75,7.23,959277.75
CARS,11.94,9,"[1, 1, 1, 1, 0, 1, 1, 1, 1, 1]",11.62,10.88,13.79,7.58,628849.7
CLYM,14.57,10,"[1, 1, 1, 1, 1, 1, 1, 1, 1, 1]",13.79,8.39,17.84,1.64,1227015.95
CWBC,25.82,9,"[0, 1, 1, 1, 1, 1, 1, 1, 1, 1]",26.12,23.95,27.89,19.45,229327.3
RMR,19.46,9,"[0, 1, 1, 1, 1, 1, 1, 1, 1, 1]",19.84,17.02,20.9,13.05,134707.0
SPIR,13.17,5,"[0, 0, 0, 0, 1, 1, 1, 0, 1, 1]",14.24,13.33,25.48,7.02,562541.1
SWBI,12.78,6,"[0, 0, 0, 1, 1, 1, 1, 1, 1, 0]",14.75,12.95,16.53,7.67,455766.9
ARVN,9.18,4,"[1, 0, 0, 0, 0, 0, 1, 0, 1, 1]",8.53,10.57,13.83,6.98,908251.85
AVR,8.74,9,"[0, 1, 1, 1, 1, 1, 1, 1, 1, 1]",9.06,6.76,10.57,3.38,800282.85
NKLR,5.64,8,"[1, 1, 1, 1, 1, 0, 1, 0, 1, 1]",5.3,5.24,18.26,3.91,300358.2
VTEX,3.6,3,"[0, 0, 0, 1, 0, 0, 0, 1, 1, 0]",3.97,3.77,4.65,2.87,843965.35
MRAM,16.55,7,"[0, 0, 1, 1, 1, 1, 1, 0, 1, 1]",17.81,15.34,44.01,6.36,1391690.35
CABA,3.12,9,"[1, 1, 1, 0, 1, 1, 1, 1, 1, 1]",2.91,2.88,4.15,1.45,4344344.5
KE,23.46,1,"[0, 0, 0, 0, 0, 0, 0, 0, 1, 0]",24.88,26.27,33.13,22.63,220795.7
CNNE,15.64,8,"[1, 1, 1, 1, 0, 0, 1, 1, 1, 1]",14.77,14.04,18.91,10.53,493867.95
PSNL,17.07,10,"[1, 1, 1, 1, 1, 1, 1, 1, 1, 1]",13.94,9.66,18.38,4.81,3724945.35
CCSI,38.0,10,"[1, 1, 1, 1, 1, 1, 1, 1, 1, 1]",37.1,28.93,39.85,20.24,173176.8
ANGX,4.35,7,"[1, 1, 1, 1, 0, 0, 1, 0, 1, 1]",4.03,3.81,16.0,2.18,1603767.15
NPCE,14.41,4,"[0, 0, 0, 0, 0, 1, 1, 0, 1, 1]",15.22,15.44,19.29,9.14,202100.95
RGR,37.26,6,"[0, 0, 1, 0, 1, 0, 1, 1, 1, 1]",38.08,37.26,46.58,28.51,122516.7
TDUP,2.72,2,"[0, 0, 0, 1, 0, 0, 0, 0, 1, 0]",5.21,5.22,11.71,2.68,3619217.1
SXC,10.16,10,"[1, 1, 1, 1, 1, 1, 1, 1, 1, 1]",8.76,7.43,10.28,5.51,1488587.25
DNUT,3.47,4,"[1, 1, 0, 0, 0, 0, 0, 0, 1, 1]",3.36,3.59,4.7,2.92,3304542.4
BCAL,21.27,9,"[1, 1, 1, 1, 1, 1, 1, 1, 1, 0]",21.09,19.18,21.8,15.74,150264.1
PHR,12.15,6,"[1, 1, 0, 1, 0, 0, 1, 0, 1, 1]",11.0,12.56,31.66,8.06,800115.85
RYAM,8.6,6,"[1, 0, 1, 0, 1, 1, 1, 0, 1, 0]",8.27,8.36,11.75,5.52,1001031.85
FEIM,60.46,9,"[0, 1, 1, 1, 1, 1, 1, 1, 1, 1]",66.48,55.15,79.85,27.07,234512.15
NPB,17.04,5,"[0, 0, 0, 1, 1, 1, 0, 1, 1, 0]",17.83,17.58,19.28,15.72,176091.5
TRON,2.08,7,"[1, 1, 1, 0, 1, 0, 1, 0, 1, 1]",1.58,1.75,4.3,1.13,1186355.25
CADL,13.07,10,"[1, 1, 1, 1, 1, 1, 1, 1, 1, 1]",10.58,7.19,13.75,4.42,1290248.95
BWMN,42.58,8,"[1, 1, 1, 1, 0, 0, 1, 1, 1, 1]",32.07,32.59,44.43,25.31,550548.45
FET,80.61,10,"[1, 1, 1, 1, 1, 1, 1, 1, 1, 1]",62.67,52.26,86.31,25.26,218211.9
CLB,12.36,3,"[1, 0, 0, 0, 0, 0, 0, 0, 1, 1]",11.54,15.07,19.63,9.86,498268.55
GPRK,9.83,10,"[1, 1, 1, 1, 1, 1, 1, 1, 1, 1]",9.6,8.91,11.75,5.91,325142.05
ORN,9.27,3,"[0, 0, 0, 0, 1, 1, 0, 0, 1, 0]",12.19,12.1,17.14,7.2,442939.7
HPP,13.14,5,"[0, 1, 1, 1, 0, 0, 1, 0, 1, 0]",14.71,11.01,21.49,5.51,721521.35
CSTL,33.5,9,"[1, 1, 1, 1, 0, 1, 1, 1, 1, 1]",27.18,29.45,43.04,18.15,446129.5
CTKB,4.68,9,"[1, 1, 1, 1, 0, 1, 1, 1, 1, 1]",4.49,4.62,5.88,3.36,861670.55
GLRE,15.37,5,"[0, 0, 0, 1, 1, 1, 0, 1, 1, 0]",16.2,15.58,19.0,11.95,132189.4
ALOY,10.4,5,"[0, 0, 0, 0, 1, 1, 1, 0, 1, 1]",11.87,11.12,25.88,5.92,2899293.9
RR,1.83,4,"[1, 0, 0, 0, 0, 0, 1, 0, 1, 1]",1.74,2.67,7.06,1.35,5969706.7
BTBT,1.43,2,"[0, 0, 0, 0, 0, 0, 0, 0, 1, 1]",1.58,1.81,4.22,1.21,30927756.85
MSBI,33.0,9,"[1, 1, 1, 1, 1, 1, 1, 1, 1, 0]",31.77,24.75,34.19,13.85,163534.0
UROY,4.26,7,"[1, 1, 1, 0, 0, 0, 1, 1, 1, 1]",3.34,3.7,5.46,2.61,2533141.6
CARE,31.47,8,"[0, 1, 1, 1, 1, 1, 1, 1, 1, 0]",32.74,24.83,35.61,16.84,374837.6
EGY,5.77,9,"[1, 1, 1, 0, 1, 1, 1, 1, 1, 1]",5.38,4.99,6.53,3.26,1289489.85
GDYN,7.97,8,"[1, 1, 1, 1, 0, 0, 1, 1, 1, 1]",6.6,7.18,10.06,5.21,1618665.6
ALTI,4.01,8,"[1, 1, 1, 0, 0, 1, 1, 1, 1, 1]",3.73,3.93,5.19,2.81,224550.45
PRME,3.61,6,"[1, 1, 1, 0, 0, 0, 1, 0, 1, 1]",3.35,3.54,6.67,2.7,2728550.25
TCMD,23.16,4,"[0, 0, 0, 1, 0, 1, 1, 0, 1, 0]",27.46,26.96,33.05,13.24,391822.75
MLAB,129.09,10,"[1, 1, 1, 1, 1, 1, 1, 1, 1, 1]",104.22,93.11,129.09,59.22,167443.7
FTK,23.93,8,"[0, 1, 1, 1, 1, 1, 1, 0, 1, 1]",26.46,19.68,38.82,11.04,828851.45
AVTX,19.59,9,"[1, 1, 1, 1, 0, 1, 1, 1, 1, 1]",18.9,16.83,22.87,9.02,715518.75
DDI,12.77,10,"[1, 1, 1, 1, 1, 1, 1, 1, 1, 1]",11.82,10.08,12.92,8.25,119902.45
HELE,28.62,10,"[1, 1, 1, 1, 1, 1, 1, 1, 1, 1]",28.23,22.09,30.22,13.88,335032.55
BETR,13.85,1,"[0, 0, 0, 0, 0, 0, 0, 0, 1, 0]",20.93,31.76,86.07,11.6,972575.6
KYTX,8.37,6,"[1, 0, 0, 0, 1, 1, 1, 0, 1, 1]",8.18,8.39,11.25,3.59,679404.45
PRTA,9.33,4,"[1, 0, 0, 0, 0, 0, 0, 1, 1, 1]",9.04,9.51,11.51,7.91,393265.75
PROK,1.83,4,"[1, 0, 0, 0, 0, 0, 1, 0, 1, 1]",1.66,1.96,3.3,1.33,1162667.05
CHW,8.54,8,"[0, 1, 1, 1, 1, 1, 0, 1, 1, 1]",8.57,7.86,8.97,6.7,136962.9
MG,18.49,10,"[1, 1, 1, 1, 1, 1, 1, 1, 1, 1]",17.1,15.61,19.51,9.39,236537.15
INV,1.26,1,"[0, 0, 0, 0, 0, 0, 0, 0, 1, 0]",3.53,4.37,7.32,1.26,5132580.05
KRT,49.11,10,"[1, 1, 1, 1, 1, 1, 1, 1, 1, 1]",39.84,28.61,49.8,19.72,159553.35
DDL,2.27,5,"[1, 0, 0, 0, 1, 1, 1, 0, 1, 0]",2.24,2.46,3.2,1.67,322672.55
MEC,19.32,5,"[0, 0, 0, 1, 1, 1, 1, 0, 1, 0]",28.66,22.92,37.54,12.56,653798.25
PACK,4.9,4,"[0, 0, 0, 1, 1, 0, 1, 0, 1, 0]",6.14,5.44,7.64,3.24,461719.5
WTI,3.57,8,"[1, 1, 1, 1, 1, 1, 1, 0, 1, 0]",3.49,2.94,4.89,1.49,3862824.6
DNA,6.96,2,"[0, 0, 0, 1, 0, 0, 0, 0, 1, 0]",8.35,8.34,16.14,5.48,1284930.15
TECX,35.62,10,"[1, 1, 1, 1, 1, 1, 1, 1, 1, 1]",33.0,27.06,37.93,14.71,210074.5
CPS,26.64,1,"[0, 0, 0, 0, 0, 0, 0, 0, 1, 0]",28.15,30.77,45.2,25.95,203974.9
ASIX,16.49,2,"[0, 0, 0, 0, 1, 0, 0, 0, 1, 0]",19.02,19.2,25.73,13.91,314064.05
RGNX,9.66,4,"[0, 1, 0, 1, 0, 0, 1, 0, 1, 0]",10.96,10.38,15.98,5.65,1329925.1
CLFD,29.53,2,"[0, 0, 0, 0, 1, 0, 0, 0, 1, 0]",32.06,32.31,51.26,26.0,224790.7
ILPT,8.34,8,"[0, 1, 1, 1, 1, 1, 1, 1, 1, 0]",8.72,6.88,9.25,4.91,305152.0
CTNM,17.05,10,"[1, 1, 1, 1, 1, 1, 1, 1, 1, 1]",14.9,13.36,17.25,9.17,571991.9
MCS,29.02,10,"[1, 1, 1, 1, 1, 1, 1, 1, 1, 1]",26.15,19.16,31.03,12.83,335603.1
ASTL,4.18,6,"[1, 0, 0, 0, 1, 1, 1, 0, 1, 1]",4.09,4.37,5.8,3.19,1466796.55
AURA,7.4,10,"[1, 1, 1, 1, 1, 1, 1, 1, 1, 1]",7.28,6.55,8.9,4.97,824130.1
AQST,5.02,7,"[1, 1, 1, 1, 0, 0, 1, 0, 1, 1]",4.25,4.47,7.49,2.95,3934611.4
MAMA,16.38,8,"[0, 1, 1, 1, 1, 1, 1, 1, 1, 0]",17.85,15.16,20.65,7.98,502952.2
LZM,4.34,6,"[1, 1, 1, 0, 0, 0, 1, 0, 1, 1]",3.79,4.33,6.1,3.01,407246.6
ACHV,8.1,10,"[1, 1, 1, 1, 1, 1, 1, 1, 1, 1]",6.61,5.05,8.53,2.65,1351914.45
SD,13.96,7,"[1, 0, 0, 0, 1, 1, 1, 1, 1, 1]",13.68,14.59,17.42,10.63,334126.55
MNRO,12.96,2,"[0, 0, 0, 0, 0, 0, 0, 0, 1, 1]",14.46,16.74,22.59,11.02,1192797.7
OOMA,22.91,10,"[1, 1, 1, 1, 1, 1, 1, 1, 1, 1]",20.41,15.51,23.04,10.58,418823.8
ANL,13.82,10,"[1, 1, 1, 1, 1, 1, 1, 1, 1, 1]",12.17,8.68,16.6,0.88,161101.35
IMMX,13.94,10,"[1, 1, 1, 1, 1, 1, 1, 1, 1, 1]",10.58,8.26,14.47,1.96,1594796.85
FDMT,14.67,10,"[1, 1, 1, 1, 1, 1, 1, 1, 1, 1]",12.14,10.01,16.76,6.14,1038745.3
KRNY,9.82,10,"[1, 1, 1, 1, 1, 1, 1, 1, 1, 1]",9.39,7.99,10.01,6.01,707059.95
STTK,7.04,9,"[1, 1, 1, 1, 1, 1, 1, 1, 1, 0]",7.01,5.36,8.06,0.98,895226.5
CERS,2.65,9,"[0, 1, 1, 1, 1, 1, 1, 1, 1, 1]",2.83,2.34,3.28,1.18,2635837.85
OIS,8.61,6,"[1, 0, 0, 0, 1, 1, 1, 0, 1, 1]",8.34,9.01,14.39,5.41,590933.1
HKD,1.7,7,"[1, 1, 1, 0, 1, 0, 1, 0, 1, 1]",1.63,1.59,2.95,1.27,113387.85
CBIO,17.75,9,"[1, 1, 1, 1, 1, 1, 1, 0, 1, 1]",16.65,15.31,26.98,8.94,175657.35
PANL,8.06,9,"[1, 1, 1, 0, 1, 1, 1, 1, 1, 1]",7.37,7.48,9.29,4.47,414737.15
OCGN,1.32,3,"[0, 0, 0, 0, 1, 0, 0, 0, 1, 1]",1.37,1.51,2.48,1.02,3830418.9
FVR,19.45,8,"[0, 1, 1, 1, 1, 1, 1, 1, 1, 0]",20.34,17.13,21.92,12.31,225168.5
MATV,12.13,8,"[1, 1, 1, 0, 0, 1, 1, 1, 1, 1]",9.51,10.26,14.72,7.22,694257.15
IPI,37.6,9,"[1, 1, 1, 0, 1, 1, 1, 1, 1, 1]",35.22,34.8,48.84,23.94,206477.7
CHCT,14.95,5,"[0, 0, 0, 1, 1, 1, 0, 1, 1, 0]",16.78,16.0,18.6,11.91,409266.75
CGC,1.0,3,"[1, 0, 0, 0, 0, 0, 0, 0, 1, 1]",0.96,1.09,1.92,0.86,4148865.9
PUBM,16.82,10,"[1, 1, 1, 1, 1, 1, 1, 1, 1, 1]",14.23,10.23,17.78,6.28,855961.0
ELVA,6.65,4,"[0, 0, 0, 0, 1, 1, 1, 0, 1, 0]",8.67,8.49,12.26,4.23,672309.75
ALIT,14.02,2,"[0, 0, 0, 0, 0, 0, 1, 0, 1, 0]",16.06,22.55,77.24,9.8,560691.7
CD,3.26,2,"[0, 0, 0, 0, 0, 0, 0, 0, 1, 1]",3.54,5.41,35.79,2.65,263850.5
NUAI,4.66,5,"[0, 0, 0, 1, 1, 1, 1, 0, 1, 0]",5.11,4.77,8.06,0.33,5602284.2
EBS,5.91,2,"[0, 0, 0, 0, 0, 0, 1, 0, 1, 0]",6.87,9.14,13.9,4.45,1565454.95
RBBN,2.03,1,"[0, 0, 0, 0, 0, 0, 0, 0, 1, 0]",2.16,2.5,4.16,1.95,643895.95
CLNE,1.63,1,"[0, 0, 0, 0, 0, 0, 0, 0, 1, 0]",1.91,2.16,3.06,1.57,2110877.15
OVID,2.8,10,"[1, 1, 1, 1, 1, 1, 1, 1, 1, 1]",2.58,2.16,2.96,1.14,1531846.5
APPS,11.09,10,"[1, 1, 1, 1, 1, 1, 1, 1, 1, 1]",10.64,6.27,14.39,2.82,4282928.55
SRTA,5.97,10,"[1, 1, 1, 1, 1, 1, 1, 1, 1, 1]",5.51,5.08,6.47,3.99,1063253.4
RIGL,46.48,9,"[1, 1, 1, 1, 0, 1, 1, 1, 1, 1]",40.61,36.2,50.96,25.44,347925.6
NGNE,36.58,10,"[1, 1, 1, 1, 1, 1, 1, 1, 1, 1]",35.74,25.86,42.84,16.37,213434.75
IMXI,14.47,4,"[1, 0, 0, 0, 0, 0, 0, 1, 1, 1]",13.56,15.01,15.94,11.35,811129.65
ZKH,2.92,4,"[1, 0, 0, 0, 0, 0, 1, 1, 1, 0]",2.77,3.09,3.79,2.06,404098.8
PSFE,6.79,2,"[0, 0, 0, 1, 0, 0, 0, 0, 1, 0]",7.55,7.58,14.68,6.01,423192.3
TATT,36.3,2,"[0, 0, 0, 0, 1, 0, 0, 0, 1, 0]",41.65,43.88,61.11,32.08,189633.9
ASMB,34.07,9,"[1, 1, 1, 1, 0, 1, 1, 1, 1, 1]",28.14,29.3,38.5,20.55,280970.85
WEAV,7.29,8,"[1, 1, 1, 1, 0, 0, 1, 1, 1, 1]",6.48,6.01,7.99,4.37,5378679.7
LTBR,7.55,1,"[0, 0, 0, 0, 0, 0, 0, 0, 1, 0]",8.4,12.2,27.72,7.2,648671.1
MTW,19.59,10,"[1, 1, 1, 1, 1, 1, 1, 1, 1, 1]",15.45,13.43,20.87,9.73,436983.45
SGMT,10.55,10,"[1, 1, 1, 1, 1, 1, 1, 1, 1, 1]",8.29,6.76,10.86,4.55,1429854.5
FBRX,48.93,9,"[1, 1, 1, 0, 1, 1, 1, 1, 1, 1]",23.57,23.88,48.93,10.3,937831.85
EVH,4.6,6,"[0, 1, 1, 1, 0, 0, 1, 0, 1, 1]",4.76,3.86,9.99,2.17,3328183.25
BMBL,2.73,1,"[0, 0, 0, 0, 0, 0, 0, 0, 1, 0]",2.91,3.31,7.17,2.6,2988711.95
FULC,3.85,3,"[1, 0, 0, 0, 0, 0, 0, 0, 1, 1]",3.73,7.45,14.6,3.14,1766011.8
KLC,2.6,3,"[0, 0, 0, 1, 0, 0, 1, 0, 1, 0]",4.41,3.98,7.66,1.84,1170555.95
CLDT,13.67,10,"[1, 1, 1, 1, 1, 1, 1, 1, 1, 1]",13.19,9.32,13.79,6.03,302911.8
ANGO,15.85,9,"[1, 1, 1, 1, 0, 1, 1, 1, 1, 1]",14.32,12.15,16.07,9.7,402081.8
RPD,13.29,7,"[1, 1, 1, 1, 0, 0, 1, 0, 1, 1]",10.68,9.9,20.81,5.05,2167875.4
CTEV,39.39,7,"[1, 1, 1, 1, 0, 0, 1, 0, 1, 1]",31.21,28.5,72.45,13.47,131315.8
CAL,12.48,8,"[0, 1, 1, 1, 1, 1, 1, 1, 1, 0]",12.8,12.4,15.42,8.76,482861.05
ADUR,14.17,9,"[0, 1, 1, 1, 1, 1, 1, 1, 1, 1]",14.93,13.05,17.39,9.19,401314.75
ZURA,5.72,9,"[1, 1, 1, 0, 1, 1, 1, 1, 1, 1]",5.42,5.2,7.04,1.9,1445186.4
ACTG,4.47,7,"[0, 0, 1, 0, 1, 1, 1, 1, 1, 1]",4.58,4.38,5.16,3.15,260091.3
NPWR,1.83,5,"[1, 1, 0, 0, 0, 0, 1, 0, 1, 1]",1.62,2.01,4.85,1.36,1016877.8
BLZE,14.33,8,"[0, 1, 1, 1, 1, 1, 1, 0, 1, 1]",15.31,7.6,20.43,3.31,3824377.0
TROO,2.15,6,"[1, 0, 0, 0, 1, 1, 1, 0, 1, 1]",2.11,2.72,5.02,1.01,352319.3
PERI,9.7,8,"[1, 1, 1, 1, 0, 1, 0, 1, 1, 1]",9.47,9.46,11.06,7.71,356006.1
CRNC,8.5,3,"[0, 0, 0, 1, 0, 0, 1, 0, 1, 0]",9.28,9.55,13.3,5.96,753732.15
MCFT,23.89,8,"[0, 1, 1, 1, 1, 1, 1, 1, 1, 0]",24.56,22.25,27.38,17.21,183350.95
GEVO,1.67,3,"[1, 0, 0, 0, 0, 0, 0, 0, 1, 1]",1.54,1.88,2.78,1.4,2882035.7
ADCT,1.14,3,"[1, 0, 0, 0, 0, 0, 0, 0, 1, 1]",1.14,3.03,4.88,0.96,1643840.55
ENTA,13.6,9,"[1, 1, 1, 1, 0, 1, 1, 1, 1, 1]",13.54,13.57,16.85,7.17,221035.65
SPT,11.49,7,"[1, 1, 1, 1, 0, 0, 1, 0, 1, 1]",8.7,8.12,15.79,4.99,1463301.5
PKOH,45.76,10,"[1, 1, 1, 1, 1, 1, 1, 1, 1, 1]",41.07,29.31,52.51,18.51,112151.85
TTGT,3.88,1,"[0, 0, 0, 0, 0, 0, 0, 0, 1, 0]",3.88,4.56,6.98,3.4,345580.95
ALMU,13.14,2,"[0, 0, 0, 0, 1, 0, 0, 0, 1, 0]",17.22,17.75,31.49,10.73,488176.0
NVEC,100.89,8,"[0, 1, 1, 1, 1, 1, 1, 1, 1, 0]",105.98,81.31,133.06,55.46,147053.85
AVIR,5.36,9,"[1, 1, 1, 0, 1, 1, 1, 1, 1, 1]",4.9,4.55,6.15,2.82,240438.5
MAGN,12.4,7,"[0, 1, 1, 1, 0, 1, 1, 1, 1, 0]",12.79,12.3,15.26,7.96,500225.35
LXEO,4.86,3,"[1, 0, 0, 0, 0, 0, 0, 0, 1, 1]",4.75,6.5,10.63,4.13,927665.15
BGS,3.52,2,"[0, 0, 0, 0, 1, 0, 0, 0, 1, 0]",3.68,4.28,5.52,3.33,2277408.15
BYND,13.86,9,"[1, 1, 1, 1, 1, 1, 1, 1, 1, 0]",5.91,2.12,18.3,0.52,11018206.8
OEC,6.34,5,"[0, 0, 1, 0, 1, 1, 1, 0, 1, 0]",6.53,6.22,10.5,4.3,456186.65
NEXN,10.23,9,"[1, 1, 1, 1, 1, 1, 1, 1, 1, 0]",9.9,7.68,10.95,5.7,528065.0
NATR,14.21,3,"[0, 0, 0, 0, 1, 1, 0, 0, 1, 0]",18.96,22.43,27.8,13.14,252746.7
PACB,1.4,1,"[0, 0, 0, 0, 0, 0, 0, 0, 1, 0]",1.41,1.65,2.67,1.11,7806310.8
MNPR,111.89,9,"[1, 1, 1, 1, 0, 1, 1, 1, 1, 1]",105.83,74.24,123.84,33.93,226467.2
IVVD,0.96,4,"[1, 0, 0, 0, 0, 0, 1, 0, 1, 1]",0.78,1.52,2.88,0.54,3725504.05
NRC,21.85,10,"[1, 1, 1, 1, 1, 1, 1, 1, 1, 1]",21.14,18.23,22.77,11.13,124606.1
CBAN,21.34,9,"[1, 1, 1, 1, 1, 1, 1, 1, 1, 0]",21.13,19.54,22.27,15.54,146895.15
LOCO,15.31,8,"[0, 1, 1, 1, 1, 1, 1, 1, 1, 0]",16.06,13.2,17.2,9.06,286266.3
EOLS,8.88,9,"[1, 1, 1, 1, 0, 1, 1, 1, 1, 1]",7.04,6.01,8.98,3.94,1198080.55
AUTL,2.34,10,"[1, 1, 1, 1, 1, 1, 1, 1, 1, 1]",1.81,1.6,2.54,1.21,3555801.45
XFOR,4.04,9,"[0, 1, 1, 1, 1, 1, 1, 1, 1, 1]",4.09,3.93,4.67,2.86,706422.7
GRRR,14.41,7,"[0, 1, 1, 1, 1, 0, 1, 0, 1, 1]",14.87,13.69,21.78,9.48,1130906.5
ABAT,2.57,3,"[1, 0, 0, 0, 0, 0, 0, 0, 1, 1]",2.52,3.35,11.33,2.04,3184859.2
ASPN,4.93,7,"[0, 1, 1, 1, 1, 0, 1, 0, 1, 1]",5.41,4.22,8.82,2.57,1642901.2
SSP,3.26,5,"[1, 0, 0, 0, 0, 1, 1, 0, 1, 1]",3.07,3.6,5.16,1.54,649102.55
VREX,18.5,9,"[1, 1, 1, 1, 0, 1, 1, 1, 1, 1]",13.18,12.16,18.58,9.32,1508884.2
LRMR,4.01,7,"[1, 0, 1, 0, 1, 1, 1, 0, 1, 1]",3.88,3.92,5.95,2.81,1047529.0
IPSC,2.03,6,"[0, 0, 1, 0, 1, 1, 1, 0, 1, 1]",2.16,1.91,2.94,0.47,503510.95
NEWT,11.91,5,"[0, 0, 0, 1, 1, 1, 0, 1, 1, 0]",14.02,12.58,15.56,9.18,289617.45
VOXR,5.57,9,"[1, 1, 1, 0, 1, 1, 1, 1, 1, 1]",4.84,5.17,6.39,3.39,503151.05
XNET,5.01,1,"[0, 0, 0, 0, 0, 0, 0, 0, 1, 0]",5.36,6.11,10.78,4.66,225899.8
VELO,11.87,5,"[0, 0, 0, 0, 1, 1, 1, 0, 1, 1]",13.86,13.66,30.61,2.97,1649368.35
HNST,5.67,10,"[1, 1, 1, 1, 1, 1, 1, 1, 1, 1]",4.28,3.23,5.76,2.1,3514359.6
RCKT,3.86,7,"[1, 1, 1, 0, 1, 0, 1, 0, 1, 1]",3.51,3.56,5.3,2.6,1599525.45
DCTH,16.34,10,"[1, 1, 1, 1, 1, 1, 1, 1, 1, 1]",14.0,11.07,17.36,8.19,755302.35
CDZI,3.99,4,"[1, 0, 0, 0, 0, 0, 1, 0, 1, 1]",3.62,4.76,6.92,2.98,781103.2
OPAL,2.06,1,"[0, 0, 0, 0, 0, 0, 0, 0, 1, 0]",2.21,2.27,2.78,1.78,168663.6
ISTR,30.29,10,"[1, 1, 1, 1, 1, 1, 1, 1, 1, 1]",29.93,28.02,30.95,21.26,109509.25
OSS,10.41,5,"[0, 0, 0, 1, 1, 1, 1, 0, 1, 0]",13.6,10.98,19.95,4.34,926958.95
XPER,6.0,4,"[0, 0, 0, 1, 1, 1, 0, 0, 1, 0]",7.35,6.57,8.64,5.11,544827.75
QUAD,10.09,9,"[1, 1, 1, 1, 1, 1, 1, 1, 1, 0]",9.06,7.15,10.74,4.99,438092.1
FUFU,1.34,1,"[0, 0, 0, 0, 0, 0, 0, 0, 1, 0]",1.4,2.19,4.23,1.26,221994.25
CLPT,15.55,6,"[0, 1, 1, 1, 0, 0, 1, 0, 1, 1]",15.95,13.45,29.6,8.66,640256.25
EGHT,1.99,5,"[1, 0, 0, 0, 1, 1, 0, 0, 1, 1]",1.96,2.02,2.76,1.59,1466346.3
PBYI,9.06,10,"[1, 1, 1, 1, 1, 1, 1, 1, 1, 1]",8.36,6.95,9.49,4.34,324666.7
DVLT,0.28,1,"[0, 0, 0, 0, 0, 0, 0, 0, 1, 0]",0.35,0.74,3.42,0.28,45791776.4
VNDA,5.29,4,"[0, 0, 0, 0, 1, 1, 0, 0, 1, 1]",5.56,6.55,9.56,4.32,1028897.45
RNGR,16.55,9,"[1, 1, 1, 0, 1, 1, 1, 1, 1, 1]",16.05,15.71,18.29,12.18,211983.1
AMCX,12.66,10,"[1, 1, 1, 1, 1, 1, 1, 1, 1, 1]",10.88,9.05,12.85,6.52,653013.6
SVCO,6.86,5,"[0, 0, 0, 1, 1, 1, 1, 0, 1, 0]",9.06,7.1,13.79,3.23,417881.3
CLMB,28.3,8,"[1, 1, 1, 1, 0, 0, 1, 1, 1, 1]",26.04,24.81,35.79,16.68,148347.6
API,4.1,7,"[0, 0, 1, 1, 1, 1, 0, 1, 1, 1]",4.16,4.07,5.26,3.24,252947.75
ACCO,4.29,10,"[1, 1, 1, 1, 1, 1, 1, 1, 1, 1]",4.09,3.64,4.33,2.74,692709.15
RMNI,5.65,10,"[1, 1, 1, 1, 1, 1, 1, 1, 1, 1]",4.74,3.94,5.65,2.97,460793.4
SOPH,8.14,10,"[1, 1, 1, 1, 1, 1, 1, 1, 1, 1]",6.52,5.27,8.92,3.12,573044.5
XRX,3.06,8,"[1, 1, 1, 1, 0, 0, 1, 1, 1, 1]",2.95,2.41,3.95,1.21,2179374.85
BNED,11.97,8,"[0, 1, 1, 1, 1, 1, 1, 1, 1, 0]",12.27,9.9,13.65,6.08,206306.55
DDD,3.28,10,"[1, 1, 1, 1, 1, 1, 1, 1, 1, 1]",3.1,2.52,3.88,1.77,3646295.35
DIN,33.6,7,"[0, 1, 1, 1, 0, 1, 1, 1, 1, 0]",35.21,31.78,38.33,22.05,256530.35
TG,7.8,6,"[1, 0, 0, 0, 1, 1, 0, 1, 1, 1]",7.78,8.17,10.35,6.29,184513.9
FRST,16.02,10,"[1, 1, 1, 1, 1, 1, 1, 1, 1, 1]",15.99,13.94,16.67,9.31,168543.55
EVTL,0.68,1,"[0, 0, 0, 0, 0, 0, 0, 0, 1, 0]",1.36,3.29,7.28,0.68,10015210.5
IRD,3.69,5,"[0, 0, 1, 0, 1, 1, 1, 0, 1, 0]",3.74,3.64,5.75,1.22,832875.6
LE,12.05,3,"[1, 0, 0, 0, 0, 0, 0, 0, 1, 1]",11.98,13.6,19.15,10.09,159689.75
QUIK,10.81,5,"[0, 0, 0, 1, 1, 1, 1, 0, 1, 0]",14.42,11.79,23.74,4.89,259989.1
TLS,4.79,6,"[1, 1, 1, 1, 0, 0, 0, 0, 1, 1]",4.57,4.76,7.76,3.88,515554.5
SHIP,17.79,10,"[1, 1, 1, 1, 1, 1, 1, 1, 1, 1]",15.78,13.09,18.17,7.38,305945.8
DBI,5.49,4,"[0, 0, 0, 0, 1, 1, 1, 0, 1, 0]",5.91,6.41,9.04,3.09,409115.9
ALTO,4.07,6,"[0, 0, 1, 1, 1, 1, 1, 0, 1, 0]",4.88,4.0,5.99,0.92,1967191.3
PAYS,12.89,10,"[1, 1, 1, 1, 1, 1, 1, 1, 1, 1]",10.15,6.43,14.14,3.18,834651.6
VMD,8.82,5,"[0, 0, 0, 1, 1, 1, 1, 0, 1, 0]",10.8,9.08,12.33,6.26,519257.0
CURR,3.37,9,"[1, 1, 1, 1, 1, 1, 1, 1, 1, 0]",3.23,2.71,4.49,1.38,184372.1
MEI,18.21,10,"[1, 1, 1, 1, 1, 1, 1, 1, 1, 1]",15.88,9.93,19.36,5.0,612273.45
NAUT,0.89,3,"[0, 0, 0, 0, 1, 0, 1, 0, 1, 0]",1.42,2.19,3.95,0.64,730193.3
DMAC,6.39,2,"[0, 0, 0, 0, 0, 0, 0, 0, 1, 1]",6.86,7.19,9.39,5.3,128195.3
CAN,0.38,4,"[1, 0, 0, 0, 0, 0, 1, 0, 1, 1]",0.28,0.53,2.05,0.17,22248691.45
RMAX,11.1,9,"[1, 1, 1, 1, 0, 1, 1, 1, 1, 1]",9.89,8.12,11.6,5.66,371927.2
NMRA,1.39,2,"[0, 0, 0, 0, 0, 0, 1, 0, 1, 0]",1.61,2.1,3.59,0.92,711757.7
HLLY,2.92,4,"[1, 0, 0, 0, 0, 1, 0, 0, 1, 1]",2.74,3.34,4.39,2.36,1055307.0
LVWR,1.35,3,"[1, 0, 0, 0, 0, 0, 1, 0, 1, 0]",1.19,2.18,6.21,0.65,796734.8
IMRX,4.99,3,"[1, 0, 0, 0, 0, 0, 0, 0, 1, 1]",4.8,5.3,9.26,3.92,651012.15
TSSI,8.15,2,"[0, 0, 0, 0, 1, 0, 0, 0, 1, 0]",10.54,10.91,20.42,6.92,1004362.4
SLP,18.39,9,"[1, 1, 1, 1, 0, 1, 1, 1, 1, 1]",18.3,16.32,20.84,11.36,168693.85
ABEO,5.92,8,"[0, 1, 1, 1, 1, 1, 1, 1, 1, 0]",6.4,5.46,7.46,4.17,1611284.1
REPL,15.5,9,"[1, 1, 1, 1, 0, 1, 1, 1, 1, 1]",11.81,8.43,15.88,1.7,4638365.5
DSX,2.78,9,"[1, 1, 1, 0, 1, 1, 1, 1, 1, 1]",2.31,2.25,2.88,1.55,940529.3
STRZ,27.75,10,"[1, 1, 1, 1, 1, 1, 1, 1, 1, 1]",27.07,17.77,30.21,8.65,216874.9
SLN,13.42,10,"[1, 1, 1, 1, 1, 1, 1, 1, 1, 1]",11.42,7.49,15.43,4.3,1897170.1
ATOM,4.2,4,"[0, 0, 0, 0, 1, 1, 1, 0, 1, 0]",5.94,5.16,12.11,1.99,523445.65
BRCC,8.44,4,"[0, 0, 0, 0, 0, 0, 1, 1, 1, 1]",,,8.57,0.62,1072616.1
TYGO,1.09,2,"[0, 0, 0, 0, 1, 0, 0, 0, 1, 0]",1.7,2.79,5.16,1.04,1600542.0
PINE,19.53,8,"[0, 1, 1, 1, 1, 1, 1, 1, 1, 0]",20.2,18.54,21.75,12.57,104575.8
AZ,6.35,4,"[1, 0, 0, 0, 0, 1, 0, 0, 1, 1]",6.1,6.42,9.1,5.12,669114.7
ZNTL,3.8,7,"[0, 1, 1, 1, 1, 1, 1, 0, 1, 0]",4.35,3.19,6.61,1.28,1100114.7
RPAY,3.74,5,"[0, 1, 1, 1, 0, 0, 1, 0, 1, 0]",3.84,3.49,5.96,2.4,452219.0
ASYS,15.06,5,"[0, 0, 0, 1, 1, 1, 1, 0, 1, 0]",17.12,15.11,23.99,5.8,479929.9
NVCT,23.73,10,"[1, 1, 1, 1, 1, 1, 1, 1, 1, 1]",20.63,11.56,28.53,5.65,223505.1
MASS,10.73,10,"[1, 1, 1, 1, 1, 1, 1, 1, 1, 1]",8.76,7.16,11.1,5.09,548818.65
FLWS,3.73,2,"[0, 0, 0, 1, 0, 0, 0, 0, 1, 0]",3.89,3.85,5.65,3.0,208067.8
RZLT,4.62,5,"[0, 1, 1, 1, 0, 0, 1, 0, 1, 0]",4.86,4.26,10.94,1.4,1448714.7
PRLD,5.47,10,"[1, 1, 1, 1, 1, 1, 1, 1, 1, 1]",4.93,3.52,6.63,0.99,517360.1
GSIT,5.7,4,"[0, 0, 0, 0, 1, 0, 1, 0, 1, 1]",6.35,7.13,12.97,2.91,490917.1
ZIP,4.42,9,"[1, 1, 1, 1, 0, 1, 1, 1, 1, 1]",4.18,3.43,5.49,1.69,1115111.6
EDIT,3.16,9,"[1, 1, 1, 1, 1, 0, 1, 1, 1, 1]",2.98,2.6,4.15,1.66,2632597.2
RILY,7.05,4,"[0, 0, 0, 0, 1, 1, 1, 0, 1, 0]",7.36,7.22,10.68,3.72,579146.45
CXDO,6.27,3,"[0, 0, 0, 0, 1, 1, 0, 0, 1, 0]",7.08,7.08,10.47,5.6,363913.65
PALI,2.0,7,"[0, 1, 1, 1, 0, 1, 1, 0, 1, 1]",2.01,1.94,2.8,0.54,1579939.1
BKKT,7.69,2,"[0, 0, 0, 0, 0, 0, 0, 0, 1, 1]",7.91,10.44,45.04,6.85,1550859.95
SMWB,9.08,8,"[1, 1, 1, 1, 0, 0, 1, 1, 1, 1]",7.12,5.28,10.39,2.33,1080040.85
SY,2.4,4,"[1, 0, 0, 0, 0, 0, 1, 0, 1, 1]",1.9,2.61,4.47,1.32,171850.3
VFF,2.91,6,"[1, 1, 1, 0, 0, 0, 1, 0, 1, 1]",2.17,2.88,4.18,1.84,1192142.05
ELDN,3.2,5,"[0, 0, 1, 1, 1, 0, 1, 0, 1, 0]",3.7,2.9,4.36,1.39,904721.2
FNKO,7.1,10,"[1, 1, 1, 1, 1, 1, 1, 1, 1, 1]",5.9,4.51,7.1,2.81,1336022.25
VLN,1.8,5,"[0, 0, 0, 0, 1, 1, 1, 0, 1, 1]",1.87,1.83,3.53,1.11,903962.0
SGHT,8.55,9,"[1, 1, 1, 1, 0, 1, 1, 1, 1, 1]",6.26,5.82,9.05,3.2,322986.0
SHMD,3.01,4,"[0, 0, 0, 0, 1, 1, 1, 0, 1, 0]",4.82,6.05,10.42,2.1,726680.3
OPTX,8.52,7,"[0, 0, 1, 1, 1, 1, 1, 0, 1, 1]",8.68,7.02,14.11,1.25,291378.0
ACIU,2.65,3,"[1, 0, 0, 0, 0, 0, 0, 0, 1, 1]",2.46,2.85,3.99,2.04,236032.1
MBI,4.79,1,"[0, 0, 0, 0, 0, 0, 0, 0, 1, 0]",5.72,6.29,7.96,4.79,562653.7
TARA,3.82,1,"[0, 0, 0, 0, 0, 0, 0, 0, 1, 0]",4.02,5.17,7.56,3.03,365473.9
PDYN,5.76,5,"[1, 0, 0, 0, 1, 0, 1, 0, 1, 1]",5.76,6.22,10.3,4.15,926321.3
CCCC,3.85,9,"[0, 1, 1, 1, 1, 1, 1, 1, 1, 1]",3.96,3.01,4.67,1.71,2386932.25
DEFT,0.62,4,"[1, 0, 0, 0, 0, 0, 1, 0, 1, 1]",0.49,0.74,2.72,0.39,2717128.15
USAU,15.95,3,"[1, 0, 0, 0, 0, 0, 0, 0, 1, 1]",14.95,16.53,22.6,12.31,231920.4
FATE,2.43,8,"[0, 1, 1, 1, 1, 1, 1, 1, 1, 0]",2.6,1.69,3.11,0.95,2092025.25
TWIN,23.12,9,"[0, 1, 1, 1, 1, 1, 1, 1, 1, 1]",23.13,18.39,25.11,11.9,106036.95
CGEN,2.6,10,"[1, 1, 1, 1, 1, 1, 1, 1, 1, 1]",2.36,2.15,3.1,1.33,363704.7
ALXO,2.0,9,"[0, 1, 1, 1, 1, 1, 1, 1, 1, 1]",2.0,1.81,2.6,1.02,1094449.45
ACH,1.21,2,"[0, 0, 0, 0, 1, 0, 0, 0, 1, 0]",2.67,2.69,5.62,0.95,2216974.8
CNDT,1.72,7,"[1, 1, 1, 1, 0, 0, 1, 0, 1, 1]",1.54,1.62,2.96,1.16,992297.75
AIRS,2.6,4,"[0, 0, 0, 1, 1, 0, 1, 0, 1, 0]",4.07,3.37,11.65,1.58,1051121.2
IKT,2.41,10,"[1, 1, 1, 1, 1, 1, 1, 1, 1, 1]",2.21,1.85,2.5,1.41,493737.95
PRE,25.76,10,"[1, 1, 1, 1, 1, 1, 1, 1, 1, 1]",19.53,18.09,26.25,7.61,263191.45
RDCM,10.22,1,"[0, 0, 0, 0, 0, 0, 0, 0, 1, 0]",12.1,12.79,16.14,10.01,163597.5
CHRS,1.41,2,"[0, 0, 0, 0, 1, 0, 0, 0, 1, 0]",1.41,1.57,2.51,1.1,1347245.45
ARTV,11.09,10,"[1, 1, 1, 1, 1, 1, 1, 1, 1, 1]",10.39,7.21,13.39,2.28,315014.3
SIDU,2.21,5,"[0, 0, 0, 0, 1, 1, 1, 0, 1, 1]",2.29,2.68,6.2,0.63,5396358.65
TRDA,7.0,4,"[0, 0, 0, 0, 0, 1, 1, 0, 1, 1]",7.07,9.7,16.03,5.06,294820.05
LAW,4.34,5,"[1, 1, 0, 0, 0, 0, 1, 0, 1, 1]",4.02,4.9,8.91,2.76,234446.9
OPRT,7.36,10,"[1, 1, 1, 1, 1, 1, 1, 1, 1, 1]",6.36,5.49,8.09,4.13,500174.2
JACK,16.19,7,"[1, 1, 1, 1, 0, 1, 1, 0, 1, 0]",15.89,15.86,23.52,9.4,869592.05
ARCT,15.19,8,"[1, 1, 1, 1, 1, 0, 1, 0, 1, 1]",7.9,7.56,23.16,5.53,1395927.35
FOSL,5.35,10,"[1, 1, 1, 1, 1, 1, 1, 1, 1, 1]",4.75,4.2,6.09,1.79,993564.7
INSG,4.4,1,"[0, 0, 0, 0, 0, 0, 0, 0, 1, 0]",7.07,10.89,20.29,4.02,456366.25
FHTX,6.0,10,"[1, 1, 1, 1, 1, 1, 1, 1, 1, 1]",5.52,5.09,7.07,3.53,346160.3
CDXS,1.59,4,"[0, 0, 0, 0, 1, 0, 1, 0, 1, 1]",1.92,1.89,2.85,0.98,1095005.9
VUZI,2.59,2,"[0, 0, 0, 0, 0, 0, 0, 0, 1, 1]",2.63,2.84,5.14,2.03,1067948.45
NXDT,5.4,10,"[1, 1, 1, 1, 1, 1, 1, 1, 1, 1]",5.14,4.42,5.78,2.4,205643.25
SILC,42.2,9,"[0, 1, 1, 1, 1, 1, 1, 1, 1, 1]",42.99,28.99,50.98,13.5,209855.85
RNAC,9.6,10,"[1, 1, 1, 1, 1, 1, 1, 1, 1, 1]",9.09,7.63,10.64,5.84,124207.7
NBP,1.84,3,"[1, 0, 0, 0, 0, 0, 0, 0, 1, 1]",1.81,2.76,6.56,1.47,261900.4
XPOF,5.43,1,"[0, 0, 0, 0, 0, 0, 0, 0, 1, 0]",6.19,6.68,9.0,4.26,1138234.6
PROF,6.85,6,"[0, 1, 0, 1, 0, 1, 1, 1, 1, 0]",7.04,6.9,8.65,3.87,117014.15
NVA,5.51,4,"[1, 0, 0, 0, 0, 0, 1, 0, 1, 1]",5.02,6.72,14.37,2.25,254324.6
CANG,2.23,4,"[1, 0, 0, 0, 0, 0, 1, 0, 1, 1]",1.95,7.01,27.5,1.4,475702.3
LTRX,5.37,3,"[0, 0, 0, 0, 1, 1, 0, 0, 1, 0]",5.73,5.99,8.45,4.45,1009258.7
VYGR,3.54,3,"[1, 0, 0, 0, 0, 0, 0, 0, 1, 1]",3.34,3.79,5.33,3.0,443387.55
DUOT,9.34,6,"[0, 1, 0, 1, 0, 1, 1, 0, 1, 1]",9.65,9.46,14.64,6.17,1298945.6
AIRJ,4.56,8,"[0, 1, 1, 1, 1, 1, 1, 0, 1, 1]",4.87,3.88,6.59,2.51,1861885.5
EAF,7.41,4,"[1, 0, 0, 0, 0, 0, 1, 0, 1, 1]",6.93,9.93,19.82,5.23,220962.0
OSG,4.64,2,"[0, 0, 0, 1, 0, 0, 0, 0, 1, 0]",5.54,6.01,10.08,3.94,516815.4
OABI,4.47,10,"[1, 1, 1, 1, 1, 1, 1, 1, 1, 1]",2.77,2.09,4.81,1.36,2285587.7
SPCE,2.94,5,"[1, 1, 0, 0, 0, 0, 1, 0, 1, 1]",2.85,3.06,7.52,2.17,8269894.6
POWW,2.18,9,"[0, 1, 1, 1, 1, 1, 1, 1, 1, 1]",2.26,2.02,2.56,1.42,633146.1
OBIO,5.18,9,"[1, 1, 1, 1, 0, 1, 1, 1, 1, 1]",4.29,4.26,5.66,2.35,312516.3
ALTG,5.89,5,"[0, 0, 0, 1, 1, 1, 1, 0, 1, 0]",6.71,6.25,8.57,4.19,167233.8
HUMA,0.65,1,"[0, 0, 0, 0, 0, 0, 0, 0, 1, 0]",0.69,0.96,2.48,0.55,8990596.1
LOVE,15.99,8,"[0, 1, 1, 1, 1, 1, 1, 1, 1, 0]",16.86,14.92,20.75,10.54,196577.3
ALEC,2.34,8,"[1, 1, 1, 0, 1, 1, 1, 0, 1, 1]",1.83,1.89,3.32,1.14,1578171.05
UIS,2.69,4,"[0, 0, 0, 1, 1, 0, 1, 0, 1, 0]",3.28,2.89,4.78,2.0,634260.85
LFMD,3.14,3,"[0, 0, 0, 1, 1, 0, 0, 0, 1, 0]",3.94,3.89,6.97,2.64,985547.05
WALD,1.34,3,"[0, 0, 0, 1, 0, 0, 1, 0, 1, 0]",1.56,1.6,3.08,0.76,234414.1
BZAI,0.53,1,"[0, 0, 0, 0, 0, 0, 0, 0, 1, 0]",1.0,1.59,6.29,0.45,7867582.35
HRTX,0.33,1,"[0, 0, 0, 0, 0, 0, 0, 0, 1, 0]",0.42,0.9,1.49,0.3,3157559.15
GPRO,0.6,1,"[0, 0, 0, 0, 0, 0, 0, 0, 1, 0]",0.69,1.06,2.88,0.57,7007265.3
CRNT,2.09,2,"[0, 0, 0, 0, 1, 0, 0, 0, 1, 0]",2.26,2.33,3.2,1.89,420502.4
NKTX,2.76,10,"[1, 1, 1, 1, 1, 1, 1, 1, 1, 1]",2.62,2.42,3.67,1.73,544151.55
AREC,2.4,4,"[1, 0, 0, 0, 0, 0, 1, 0, 1, 1]",2.13,2.57,6.71,1.55,2483704.25
MIST,1.16,2,"[0, 0, 0, 0, 0, 0, 0, 0, 1, 1]",1.2,1.68,2.95,1.01,1699524.3
IMPP,5.19,9,"[1, 1, 1, 1, 1, 0, 1, 1, 1, 1]",4.83,4.58,6.35,3.22,363127.1
RELL,17.71,8,"[0, 1, 1, 1, 1, 1, 1, 1, 1, 0]",18.28,14.03,21.76,9.31,258254.95
OSUR,3.6,8,"[0, 1, 1, 1, 1, 1, 1, 1, 1, 0]",4.05,3.23,4.5,2.11,467357.85
CNTX,0.38,2,"[0, 0, 0, 0, 1, 0, 0, 0, 1, 0]",0.57,1.66,3.36,0.38,2381408.8
MVIS,1.84,8,"[1, 1, 1, 1, 1, 1, 1, 0, 1, 0]",1.6,0.95,5.1,0.24,2253674.15
AMPY,4.76,4,"[1, 0, 0, 0, 1, 0, 0, 0, 1, 1]",4.19,5.04,6.63,3.67,967706.75
TNYA,0.69,2,"[0, 0, 0, 1, 0, 0, 0, 0, 1, 0]",0.76,0.82,2.1,0.55,2082033.25
SMRT,1.34,4,"[1, 0, 0, 0, 0, 0, 1, 0, 1, 1]",1.18,1.47,2.12,0.95,1484624.9
SRI,7.17,9,"[0, 1, 1, 1, 1, 1, 1, 1, 1, 1]",7.19,6.74,9.17,4.72,119759.05
FF,5.34,10,"[1, 1, 1, 1, 1, 1, 1, 1, 1, 1]",4.93,4.09,6.37,3.0,620035.05
ANNA,2.76,2,"[0, 0, 0, 0, 1, 0, 0, 0, 1, 0]",2.9,3.41,10.24,2.31,183782.8
INSE,5.93,1,"[0, 0, 0, 0, 0, 0, 0, 0, 1, 0]",6.86,7.72,9.82,5.85,195546.05
SND,5.2,9,"[1, 1, 1, 0, 1, 1, 1, 1, 1, 1]",4.68,4.38,5.7,1.78,280986.9
SABS,3.79,7,"[1, 0, 0, 0, 1, 1, 1, 1, 1, 1]",3.75,3.81,4.59,1.95,383794.75
SHIM,3.99,7,"[1, 0, 1, 0, 1, 1, 1, 0, 1, 1]",3.91,3.73,6.67,2.05,156870.0
SLNH,1.11,3,"[0, 0, 0, 1, 0, 0, 1, 0, 1, 0]",1.27,1.32,4.42,0.46,9839879.45
DMRC,6.01,2,"[0, 0, 0, 0, 0, 0, 1, 0, 1, 0]",6.99,7.4,16.43,4.36,120494.4
PLBY,1.2,2,"[0, 0, 0, 0, 0, 0, 0, 0, 1, 1]",1.23,1.6,2.71,1.11,825587.85
TONX,3.25,8,"[1, 1, 1, 1, 1, 0, 1, 0, 1, 1]",3.07,2.84,14.5,1.8,333350.15
TKNO,7.12,9,"[1, 1, 1, 1, 0, 1, 1, 1, 1, 1]",5.93,4.14,7.46,1.99,291033.05
KLTR,1.6,9,"[1, 1, 1, 1, 0, 1, 1, 1, 1, 1]",1.45,1.45,1.89,1.08,1128741.35
PESI,18.12,10,"[1, 1, 1, 1, 1, 1, 1, 1, 1, 1]",15.79,13.4,19.43,8.19,495580.45
TENX,2.13,3,"[0, 0, 0, 0, 1, 0, 1, 0, 1, 0]",10.91,12.02,18.32,1.38,10600114.4
ONEW,11.97,5,"[0, 1, 1, 1, 0, 0, 1, 0, 1, 0]",11.99,11.47,16.96,8.35,109360.85
UNCY,5.26,5,"[0, 0, 0, 0, 1, 1, 1, 0, 1, 1]",5.63,6.42,8.56,3.74,728231.35
DPRO,4.47,2,"[0, 0, 0, 0, 0, 0, 0, 0, 1, 1]",4.63,6.26,13.77,3.8,701793.65
DTIL,7.78,9,"[0, 1, 1, 1, 1, 1, 1, 1, 1, 1]",7.79,6.11,9.28,3.57,291381.25
VERI,0.8,1,"[0, 0, 0, 0, 0, 0, 0, 0, 1, 0]",1.16,2.71,8.39,0.8,4816509.45
SLQT,0.52,1,"[0, 0, 0, 0, 0, 0, 0, 0, 1, 0]",0.75,1.0,2.26,0.52,1209263.65
ANIK,21.1,10,"[1, 1, 1, 1, 1, 1, 1, 1, 1, 1]",17.72,13.67,22.03,8.4,138941.95
QSI,0.78,2,"[0, 0, 0, 0, 0, 0, 0, 0, 1, 1]",0.82,1.01,2.63,0.7,3165530.55
KPTI,1.87,2,"[0, 0, 0, 0, 1, 0, 0, 0, 1, 0]",6.02,7.23,10.67,1.81,1576093.55
CRBP,10.91,7,"[1, 1, 1, 1, 0, 0, 1, 0, 1, 1]",9.44,9.28,19.36,7.38,496332.4
DGXX,3.73,5,"[0, 0, 0, 1, 1, 0, 1, 0, 1, 1]",4.35,3.93,8.46,1.89,3263916.35
KRMD,3.23,1,"[0, 0, 0, 0, 0, 0, 0, 0, 1, 0]",3.89,4.54,6.52,3.2,285466.95
CRBU,1.62,3,"[0, 0, 0, 0, 1, 0, 0, 0, 1, 1]",1.67,1.8,2.84,1.39,1009485.3
BHR,2.03,1,"[0, 0, 0, 0, 0, 0, 0, 0, 1, 0]",2.1,2.51,3.14,1.92,293744.25
INGN,5.5,1,"[0, 0, 0, 0, 0, 0, 0, 0, 1, 0]",6.27,6.43,8.95,5.5,258299.4
MGNX,4.13,9,"[0, 1, 1, 1, 1, 1, 1, 1, 1, 1]",4.24,2.96,4.86,1.33,508180.95
ATLX,3.15,2,"[0, 0, 0, 0, 0, 0, 0, 0, 1, 1]",3.21,4.37,7.45,2.56,175620.25
TLSA,1.01,1,"[0, 0, 0, 0, 0, 0, 0, 0, 1, 0]",1.1,1.35,2.29,0.89,1197411.05
IFRX,2.23,10,"[1, 1, 1, 1, 1, 1, 1, 1, 1, 1]",1.98,1.49,2.74,0.82,1061959.45
ELTX,2.84,2,"[0, 0, 0, 0, 0, 0, 0, 0, 1, 1]",3.27,8.18,14.85,2.76,269691.0
CVGI,3.12,5,"[0, 0, 0, 1, 1, 1, 1, 0, 1, 0]",4.15,3.21,5.78,1.34,508695.3
ABOS,2.92,9,"[1, 1, 1, 0, 1, 1, 1, 1, 1, 1]",2.51,2.41,3.37,1.23,359973.35
DOUG,1.83,2,"[0, 0, 0, 0, 0, 0, 0, 0, 1, 1]",1.84,2.1,3.11,1.56,408690.85
AMTX,1.86,5,"[1, 0, 0, 0, 1, 0, 1, 0, 1, 1]",1.7,1.95,3.66,1.32,826192.7
SKYX,1.21,3,"[1, 0, 0, 0, 0, 0, 0, 0, 1, 1]",1.15,1.59,3.13,0.95,860059.3
CVRX,2.95,1,"[0, 0, 0, 0, 0, 0, 0, 0, 1, 0]",4.5,6.67,10.81,2.37,1698933.35
LFCR,4.54,2,"[0, 0, 0, 0, 0, 0, 0, 0, 1, 1]",4.76,6.02,8.82,3.66,123832.1
EPSN,6.02,9,"[1, 1, 1, 0, 1, 1, 1, 1, 1, 1]",5.55,5.34,6.42,4.16,167589.0
ADAG,3.68,8,"[0, 1, 1, 1, 1, 1, 1, 1, 1, 0]",3.88,3.18,4.78,1.4,265992.65
DOMO,3.86,5,"[1, 1, 0, 0, 0, 0, 1, 0, 1, 1]",3.51,5.14,18.2,2.0,953437.0
PYXS,3.23,7,"[1, 1, 1, 1, 0, 0, 1, 0, 1, 1]",2.82,2.3,5.34,1.06,1411939.45
BDTX,2.23,4,"[1, 0, 0, 0, 0, 0, 1, 0, 1, 1]",1.91,2.45,4.87,1.61,587030.5
CNTN,2.22,3,"[0, 0, 0, 0, 1, 0, 0, 0, 1, 1]",2.29,3.09,5.95,1.85,646267.0
TBI,10.7,10,"[1, 1, 1, 1, 1, 1, 1, 1, 1, 1]",8.6,5.81,10.85,3.31,333976.6
THRY,1.9,1,"[0, 0, 0, 0, 0, 0, 0, 0, 1, 0]",3.29,4.0,13.01,1.9,1073872.45
HYPR,0.83,2,"[0, 0, 0, 0, 1, 0, 0, 0, 1, 0]",1.06,1.18,2.2,0.83,574976.7
ORMP,5.03,10,"[1, 1, 1, 1, 1, 1, 1, 1, 1, 1]",4.39,3.63,5.34,2.0,227176.55
RFIL,10.4,5,"[0, 0, 0, 1, 1, 1, 1, 0, 1, 0]",14.59,12.0,21.5,5.65,198892.3
MX,3.14,4,"[0, 0, 0, 0, 1, 1, 1, 0, 1, 0]",3.84,3.59,8.93,2.27,598774.45
OWLT,4.99,1,"[0, 0, 0, 0, 0, 0, 0, 0, 1, 0]",5.56,8.38,16.52,4.44,249403.15
KZIA,13.58,10,"[1, 1, 1, 1, 1, 1, 1, 1, 1, 1]",13.48,10.39,16.9,5.0,258587.55
ONL,2.84,10,"[1, 1, 1, 1, 1, 1, 1, 1, 1, 1]",2.77,2.49,2.98,1.86,340000.7
IMDX,4.13,2,"[0, 0, 0, 0, 0, 0, 1, 0, 1, 0]",4.82,5.33,8.48,2.47,213631.7
ANTX,5.58,10,"[1, 1, 1, 1, 1, 1, 1, 1, 1, 1]",5.24,3.27,6.28,1.03,226758.25
IMUX,15.4,10,"[1, 1, 1, 1, 1, 1, 1, 1, 1, 1]",15.04,10.86,16.9,5.1,194790.25
DIBS,4.46,4,"[0, 0, 0, 0, 0, 1, 1, 0, 1, 1]",4.62,5.14,6.43,2.55,106242.85
CURV,2.28,9,"[1, 1, 1, 1, 1, 1, 1, 1, 1, 0]",2.22,1.59,2.75,0.97,197303.75
APYX,3.08,5,"[0, 0, 0, 1, 1, 1, 1, 0, 1, 0]",3.86,3.84,4.86,1.9,165742.15
RGP,4.25,5,"[0, 1, 0, 1, 0, 1, 0, 1, 1, 0]",4.33,4.26,5.21,3.42,283975.9
CHPT,5.57,2,"[0, 0, 0, 0, 0, 0, 0, 0, 1, 1]",5.92,6.53,12.34,4.51,346922.4
BOOM,6.86,8,"[1, 1, 1, 1, 0, 0, 1, 1, 1, 1]",6.64,6.65,8.97,4.73,146685.0
WATT,11.1,4,"[0, 0, 0, 0, 1, 1, 1, 0, 1, 0]",17.16,15.14,35.33,3.76,213286.15
DHX,4.05,9,"[1, 1, 1, 1, 1, 1, 1, 1, 1, 0]",3.99,2.84,4.45,1.5,273025.35
HURA,2.11,6,"[0, 1, 1, 1, 1, 0, 1, 0, 1, 0]",2.26,1.82,3.15,0.44,264762.55
BZUN,3.02,7,"[1, 1, 1, 1, 0, 0, 1, 0, 1, 1]",2.8,2.71,4.77,2.1,179541.05
IDN,2.84,1,"[0, 0, 0, 0, 0, 0, 0, 0, 1, 0]",3.71,5.4,8.99,2.81,525081.2
SPRO,1.2,2,"[0, 0, 0, 0, 0, 0, 0, 0, 1, 1]",1.56,2.25,2.98,1.15,592338.1
NNBR,3.39,9,"[0, 1, 1, 1, 1, 1, 1, 1, 1, 1]",3.47,2.2,4.11,1.14,3081379.0
CRDL,1.94,10,"[1, 1, 1, 1, 1, 1, 1, 1, 1, 1]",1.35,1.18,2.14,0.93,1528049.3
AGEN,7.66,10,"[1, 1, 1, 1, 1, 1, 1, 1, 1, 1]",5.77,4.14,8.36,2.77,1326972.75
JELD,2.53,6,"[1, 1, 1, 0, 0, 0, 1, 0, 1, 1]",1.6,1.91,6.76,0.95,1957778.4
VWAV,0.89,1,"[0, 0, 0, 0, 0, 0, 0, 0, 1, 0]",2.76,6.7,14.18,0.85,2764522.0
RDZN,1.48,5,"[1, 1, 0, 0, 0, 0, 1, 0, 1, 1]",1.34,1.53,2.41,0.83,245844.6
MBOT,1.48,1,"[0, 0, 0, 0, 0, 0, 0, 0, 1, 0]",1.74,2.05,4.5,1.47,817777.0
QMCO,22.26,10,"[1, 1, 1, 1, 1, 1, 1, 1, 1, 1]",14.52,9.28,26.11,4.31,2407004.4
MED,12.18,6,"[1, 1, 1, 0, 0, 0, 0, 1, 1, 1]",10.99,11.15,14.57,9.45,184693.85
GNLX,2.66,2,"[0, 0, 0, 1, 0, 0, 0, 0, 1, 0]",2.84,3.13,8.24,2.3,390262.5
EMPD,2.97,2,"[0, 0, 0, 0, 0, 0, 0, 0, 1, 1]",3.26,4.22,8.0,2.52,392732.75
GALT,4.02,7,"[1, 1, 1, 1, 0, 0, 1, 0, 1, 1]",3.81,3.48,6.51,2.08,349905.05
BNC,3.01,4,"[1, 0, 0, 0, 0, 0, 1, 0, 1, 1]",2.73,3.87,21.02,1.99,213151.9
SPWR,0.29,2,"[0, 0, 0, 0, 0, 0, 1, 0, 1, 0]",0.45,1.14,2.11,0.22,5175193.2
NTHI,4.69,4,"[1, 0, 0, 0, 0, 0, 1, 0, 1, 1]",4.12,6.66,12.09,3.21,288418.5
VRCA,5.69,5,"[1, 0, 0, 0, 0, 1, 1, 0, 1, 1]",5.52,6.22,9.1,3.28,109158.0
SRFM,0.72,1,"[0, 0, 0, 0, 0, 0, 0, 0, 1, 0]",0.83,1.53,5.45,0.66,2201997.65
EQ,2.39,8,"[0, 1, 1, 1, 1, 1, 1, 0, 1, 1]",2.55,1.96,3.2,0.84,492736.0
AMWL,11.93,10,"[1, 1, 1, 1, 1, 1, 1, 1, 1, 1]",10.98,7.02,13.58,3.78,116314.05
TTEC,1.4,1,"[0, 0, 0, 0, 0, 0, 0, 0, 1, 0]",2.02,2.69,3.88,1.36,587410.25
DFDV,4.98,6,"[1, 1, 1, 0, 0, 0, 1, 0, 1, 1]",3.13,4.43,18.51,2.47,1349351.0
BNAI,12.61,5,"[0, 0, 0, 0, 1, 1, 1, 0, 1, 1]",14.42,19.79,63.0,1.2,106763.65
TMCI,4.65,8,"[1, 1, 1, 1, 1, 0, 1, 0, 1, 1]",4.41,2.87,7.44,1.2,424479.85
CHGG,0.84,3,"[0, 0, 0, 1, 0, 0, 1, 0, 1, 0]",0.92,0.91,1.84,0.45,1134888.25
HSDT,2.34,5,"[1, 1, 0, 0, 0, 0, 1, 0, 1, 1]",1.77,2.35,24.13,1.27,265379.45
SAFX,0.36,3,"[0, 0, 0, 1, 0, 0, 1, 0, 1, 0]",0.42,0.4,1.45,0.14,4391513.1
AIFC,0.59,4,"[1, 0, 0, 0, 0, 0, 1, 0, 1, 1]",0.52,1.13,8.35,0.37,990981.8
SUIG,0.95,2,"[0, 0, 0, 0, 0, 0, 0, 0, 1, 1]",1.05,1.45,7.13,0.81,537729.6
INVE,,1,"[0, 0, 0, 0, 0, 0, 0, 0, 1, 0]",,,5.29,2.5,270853.25
GCTS,,1,"[0, 0, 0, 0, 0, 0, 0, 0, 1, 0]",,,3.73,0.99,2543945.55
FFAI,,1,"[0, 0, 0, 0, 0, 0, 0, 0, 1, 0]",,,16.8,0.12,1123072.35
PEPG,,1,"[0, 0, 0, 0, 0, 0, 0, 0, 1, 0]",,,7.17,1.16,1083268.6
BLNK,0.53,2,"[0, 0, 0, 0, 0, 0, 0, 0, 1, 1]",0.58,0.75,2.5,0.47,1159380.4
GUTS,,1,"[0, 0, 0, 0, 0, 0, 0, 0, 1, 0]",,,2.37,0.39,1224527.95
INO,,1,"[0, 0, 0, 0, 0, 0, 0, 0, 1, 0]",,,2.87,0.66,4896302.65
RANI,,1,"[0, 0, 0, 0, 0, 0, 0, 0, 1, 0]",,,2.85,0.46,712823.35
CMTL,,1,"[0, 0, 0, 0, 0, 0, 0, 0, 1, 0]",,,5.98,1.62,339529.35
TUSK,,1,"[0, 0, 0, 0, 0, 0, 0, 0, 1, 0]",,,3.84,1.73,238021.6
STIM,,1,"[0, 0, 0, 0, 0, 0, 0, 0, 1, 0]",,,3.69,1.18,3017943.0
CUE,,1,"[0, 0, 0, 0, 0, 0, 0, 0, 1, 0]",,,36.78,5.31,197567.4
ARQ,,1,"[0, 0, 0, 0, 0, 0, 0, 0, 1, 0]",,,7.72,1.64,233727.85
HCAT,,1,"[0, 0, 0, 0, 0, 0, 0, 0, 1, 0]",,,3.46,1.0,962644.9
BMEA,,1,"[0, 0, 0, 0, 0, 0, 0, 0, 1, 0]",,,2.67,0.96,1518931.2
CBUS,,1,"[0, 0, 0, 0, 0, 0, 0, 0, 1, 0]",,,4.05,1.16,143511.35
GEOS,,1,"[0, 0, 0, 0, 0, 0, 0, 0, 1, 0]",,,28.41,5.14,165013.55
HOVR,,1,"[0, 0, 0, 0, 0, 0, 0, 0, 1, 0]",,,3.91,1.2,929897.7
CGTX,,1,"[0, 0, 0, 0, 0, 0, 0, 0, 1, 0]",,,2.61,0.6,556435.75
FLL,,1,"[0, 0, 0, 0, 0, 0, 0, 0, 1, 0]",,,3.66,1.97,123917.15
CYPH,,1,"[0, 0, 0, 0, 0, 0, 0, 0, 1, 0]",,,2.97,0.28,6922752.7
CRGO,,1,"[0, 0, 0, 0, 0, 0, 0, 0, 1, 0]",,,4.1,1.15,411667.6
DTI,,1,"[0, 0, 0, 0, 0, 0, 0, 0, 1, 0]",,,4.49,1.89,225675.4
BTCS,,1,"[0, 0, 0, 0, 0, 0, 0, 0, 1, 0]",,,5.96,0.98,2331724.75
ZVIA,,1,"[0, 0, 0, 0, 0, 0, 0, 0, 1, 0]",,,2.8,1.13,461347.2
ALDX,,1,"[0, 0, 0, 0, 0, 0, 0, 0, 1, 0]",,,5.84,1.24,780043.55
EXFY,,1,"[0, 0, 0, 0, 0, 0, 0, 0, 1, 0]",,,2.72,0.75,1269928.15
ONCY,,1,"[0, 0, 0, 0, 0, 0, 0, 0, 1, 0]",,,1.42,0.75,643289.05
TEAD,,1,"[0, 0, 0, 0, 0, 0, 0, 0, 1, 0]",,,1.75,0.47,223390.75
NRXP,,1,"[0, 0, 0, 0, 0, 0, 0, 0, 1, 0]",,,4.62,1.68,1181817.1
OCCI,,1,"[0, 0, 0, 0, 0, 0, 0, 0, 1, 0]",,,4.81,2.23,202579.35
ARBE,,1,"[0, 0, 0, 0, 0, 0, 0, 0, 1, 0]",,,2.69,0.56,914027.6
TLYS,,1,"[0, 0, 0, 0, 0, 0, 0, 0, 1, 0]",,,5.45,1.18,105147.35
UPXI,,1,"[0, 0, 0, 0, 0, 0, 0, 0, 1, 0]",,,7.7,0.56,2735427.65
LGO,,1,"[0, 0, 0, 0, 0, 0, 0, 0, 1, 0]",,,2.52,0.58,689948.35
BAER,,1,"[0, 0, 0, 0, 0, 0, 0, 0, 1, 0]",,,3.27,1.15,1878187.9
SEV,,1,"[0, 0, 0, 0, 0, 0, 0, 0, 1, 0]",,,10.84,1.41,317840.35
FRMM,,1,"[0, 0, 0, 0, 0, 0, 0, 0, 1, 0]",,,28.1,1.79,182465.6
GNSS,,1,"[0, 0, 0, 0, 0, 0, 0, 0, 1, 0]",,,2.58,1.54,110218.55
ATYR,,1,"[0, 0, 0, 0, 0, 0, 0, 0, 1, 0]",,,6.03,0.4,596939.5
OCC,,1,"[0, 0, 0, 0, 0, 0, 0, 0, 1, 0]",,,26.92,4.16,233585.55
QTTB,,1,"[0, 0, 0, 0, 0, 0, 0, 0, 1, 0]",,,21.38,1.66,421832.1
STEX,,1,"[0, 0, 0, 0, 0, 0, 0, 0, 1, 0]",,,7.0,0.69,927677.3
LIDR,,1,"[0, 0, 0, 0, 0, 0, 0, 0, 1, 0]",,,3.35,1.02,874343.65
MXCT,,1,"[0, 0, 0, 0, 0, 0, 0, 0, 1, 0]",,,1.83,0.68,811929.4
AVD,,1,"[0, 0, 0, 0, 0, 0, 0, 0, 1, 0]",,,5.81,2.06,315350.45
NAMM,,1,"[0, 0, 0, 0, 0, 0, 0, 0, 1, 0]",,,6.4,0.92,578487.05
SPAI,,1,"[0, 0, 0, 0, 0, 0, 0, 0, 1, 0]",,,8.95,3.23,530940.45
BTMD,,1,"[0, 0, 0, 0, 0, 0, 0, 0, 1, 0]",,,3.49,1.3,323720.9
GRWG,,1,"[0, 0, 0, 0, 0, 0, 0, 0, 1, 0]",,,2.2,1.04,550425.65
DTCX,,1,"[0, 0, 0, 0, 0, 0, 0, 0, 1, 0]",,,5.98,1.63,227814.1
PN,,1,"[0, 0, 0, 0, 0, 0, 0, 0, 1, 0]",,,23.67,2.21,1009503.0
TCRX,,1,"[0, 0, 0, 0, 0, 0, 0, 0, 1, 0]",,,2.52,0.72,314069.5
DOMH,,1,"[0, 0, 0, 0, 0, 0, 0, 0, 1, 0]",,,6.22,2.23,203617.65
STEM,,1,"[0, 0, 0, 0, 0, 0, 0, 0, 1, 0]",,,29.79,4.95,127270.9
ZTEK,,1,"[0, 0, 0, 0, 0, 0, 0, 0, 1, 0]",,,1.06,0.37,101538.55
JFB,,1,"[0, 0, 0, 0, 0, 0, 0, 0, 1, 0]",,,16.78,2.54,466975.35
ANVS,,1,"[0, 0, 0, 0, 0, 0, 0, 0, 1, 0]",,,5.1,1.59,568041.05
ZSQR,,1,"[0, 0, 0, 0, 0, 0, 0, 0, 1, 0]",,,18.8,3.65,343359.85
ACRV,,1,"[0, 0, 0, 0, 0, 0, 0, 0, 1, 0]",,,3.01,1.29,374885.95
AFCG,,1,"[0, 0, 0, 0, 0, 0, 0, 0, 1, 0]",,,4.48,2.02,111837.2
PMVP,,1,"[0, 0, 0, 0, 0, 0, 0, 0, 1, 0]",,,1.8,1.02,285369.65
MDAI,,1,"[0, 0, 0, 0, 0, 0, 0, 0, 1, 0]",,,2.68,1.2,183562.3
SCYX,,1,"[0, 0, 0, 0, 0, 0, 0, 0, 1, 0]",,,9.44,3.57,114631.7
CPSH,,1,"[0, 0, 0, 0, 0, 0, 0, 0, 1, 0]",,,11.59,3.04,215754.0
OMEX,,1,"[0, 0, 0, 0, 0, 0, 0, 0, 1, 0]",,,4.12,0.6,393078.85
FTCI,,1,"[0, 0, 0, 0, 0, 0, 0, 0, 1, 0]",,,12.5,1.99,292288.1
CPIX,,1,"[0, 0, 0, 0, 0, 0, 0, 0, 1, 0]",,,8.97,1.47,102554.0
PDSB,,1,"[0, 0, 0, 0, 0, 0, 0, 0, 1, 0]",,,1.43,0.2,2988829.35
FLD,,1,"[0, 0, 0, 0, 0, 0, 0, 0, 1, 0]",,,4.53,0.38,440785.35
RRGB,,1,"[0, 0, 0, 0, 0, 0, 0, 0, 1, 0]",,,10.59,2.59,455104.8
XTIA,,1,"[0, 0, 0, 0, 0, 0, 0, 0, 1, 0]",,,3.06,1.24,666690.7
KLXE,,1,"[0, 0, 0, 0, 0, 0, 0, 0, 1, 0]",,,4.27,1.48,669973.65
FEAM,,1,"[0, 0, 0, 0, 0, 0, 0, 0, 1, 0]",,,7.03,1.05,1219360.55
CING,,1,"[0, 0, 0, 0, 0, 0, 0, 0, 1, 0]",,,11.66,3.33,157650.25
IMMP,,1,"[0, 0, 0, 0, 0, 0, 0, 0, 1, 0]",,,3.18,0.31,120741.05
IBIO,,1,"[0, 0, 0, 0, 0, 0, 0, 0, 1, 0]",,,3.07,0.79,682801.05
ENTX,,1,"[0, 0, 0, 0, 0, 0, 0, 0, 1, 0]",,,3.92,1.0,439866.1
EHTH,,1,"[0, 0, 0, 0, 0, 0, 0, 0, 1, 0]",,,5.65,1.14,245173.35
HYFT,,1,"[0, 0, 0, 0, 0, 0, 0, 0, 1, 0]",,,2.78,1.02,130411.05
BLNE,,1,"[0, 0, 0, 0, 0, 0, 0, 0, 1, 0]",,,4.35,0.88,321899.2
PSIG,,1,"[0, 0, 0, 0, 0, 0, 0, 0, 1, 0]",,,11.85,1.08,495027.65
SPWH,,1,"[0, 0, 0, 0, 0, 0, 0, 0, 1, 0]",,,3.38,1.12,290394.3
ONMD,,1,"[0, 0, 0, 0, 0, 0, 0, 0, 1, 0]",,,3.14,0.5,498333.95
GRML,,1,"[0, 0, 0, 0, 0, 0, 0, 0, 1, 0]",,,9.71,0.17,6843383.7
AMPG,,1,"[0, 0, 0, 0, 0, 0, 0, 0, 1, 0]",,,9.7,1.76,2648488.95
CHRN,,1,"[0, 0, 0, 0, 0, 0, 0, 0, 1, 0]",,,29.63,3.75,171196.8
IPWR,,1,"[0, 0, 0, 0, 0, 0, 0, 0, 1, 0]",,,8.99,2.68,218274.35
ZEO,,1,"[0, 0, 0, 0, 0, 0, 0, 0, 1, 0]",,,1.99,0.29,405025.55
STKE,,1,"[0, 0, 0, 0, 0, 0, 0, 0, 1, 0]",,,9.13,0.89,200576.2
ILLR,,1,"[0, 0, 0, 0, 0, 0, 0, 0, 1, 0]",,,14.8,0.26,497139.7
VIVO,,1,"[0, 0, 0, 0, 0, 0, 0, 0, 1, 0]",,,6.6,1.21,470219.55
BWEN,,1,"[0, 0, 0, 0, 0, 0, 0, 0, 1, 0]",,,5.44,1.97,682744.6
COCH,,1,"[0, 0, 0, 0, 0, 0, 0, 0, 1, 0]",,,1.59,0.39,110809.8
BIRD,,1,"[0, 0, 0, 0, 0, 0, 0, 0, 1, 0]",,,14.86,1.93,702482.4
BEAT,,1,"[0, 0, 0, 0, 0, 0, 0, 0, 1, 0]",,,3.44,0.48,464748.9
RDAC,,1,"[0, 0, 0, 0, 0, 0, 0, 0, 1, 0]",,,20.51,4.59,909231.15
FTEK,,1,"[0, 0, 0, 0, 0, 0, 0, 0, 1, 0]",,,3.63,1.19,142854.5
PPSI,,1,"[0, 0, 0, 0, 0, 0, 0, 0, 1, 0]",,,6.08,2.37,113601.8
TELA,,1,"[0, 0, 0, 0, 0, 0, 0, 0, 1, 0]",,,1.78,0.56,289969.1
GAME,,1,"[0, 0, 0, 0, 0, 0, 0, 0, 1, 0]",,,3.65,0.25,1471460.25
ARAY,,1,"[0, 0, 0, 0, 0, 0, 0, 0, 1, 0]",,,1.85,0.23,762950.0
FGNX,,1,"[0, 0, 0, 0, 0, 0, 0, 0, 1, 0]",,,70.0,4.23,114588.35
HYPD,,1,"[0, 0, 0, 0, 0, 0, 0, 0, 1, 0]",,,14.98,2.34,522537.55
ASTI,,1,"[0, 0, 0, 0, 0, 0, 0, 0, 1, 0]",,,9.02,1.43,319889.15
DARE,,1,"[0, 0, 0, 0, 0, 0, 0, 0, 1, 0]",,,3.27,0.74,1132423.1
ALGS,,1,"[0, 0, 0, 0, 0, 0, 0, 0, 1, 0]",,,13.3,4.08,139553.25
BEEM,,1,"[0, 0, 0, 0, 0, 0, 0, 0, 1, 0]",,,3.88,0.98,2433168.35
SST,,1,"[0, 0, 0, 0, 0, 0, 0, 0, 1, 0]",,,8.92,1.37,256063.65
WKHS,,1,"[0, 0, 0, 0, 0, 0, 0, 0, 1, 0]",,,15.84,2.34,102494.2
INMB,,1,"[0, 0, 0, 0, 0, 0, 0, 0, 1, 0]",,,2.44,1.12,390450.8
JZ,,1,"[0, 0, 0, 0, 0, 0, 0, 0, 1, 0]",,,93.0,1.55,2280329.65
PSQH,,1,"[0, 0, 0, 0, 0, 0, 0, 0, 1, 0]",,,42.45,3.01,486070.45
RPGL,,1,"[0, 0, 0, 0, 0, 0, 0, 0, 1, 0]",,,3984.0,1.67,531067.65
GRCE,,1,"[0, 0, 0, 0, 0, 0, 0, 0, 1, 0]",,,5.13,2.07,148468.65
TRAW,,1,"[0, 0, 0, 0, 0, 0, 0, 0, 1, 0]",,,3.13,0.44,104375.65
BOLD,,1,"[0, 0, 0, 0, 0, 0, 0, 0, 1, 0]",,,3.0,1.05,245487.1
ARAI,,1,"[0, 0, 0, 0, 0, 0, 0, 0, 1, 0]",,,6.3,0.23,528181.95
AGPU,,1,"[0, 0, 0, 0, 0, 0, 0, 0, 1, 0]",,,18.0,1.41,413203.1
MNTS,,1,"[0, 0, 0, 0, 0, 0, 0, 0, 1, 0]",,,30.54,3.23,1192152.75
BZFD,,1,"[0, 0, 0, 0, 0, 0, 0, 0, 1, 0]",,,2.09,0.57,507478.9
SKYE,,1,"[0, 0, 0, 0, 0, 0, 0, 0, 1, 0]",,,4.75,0.28,1179518.55
QCLS,,1,"[0, 0, 0, 0, 0, 0, 0, 0, 1, 0]",,,6.92,2.37,122457.0
LASE,,1,"[0, 0, 0, 0, 0, 0, 0, 0, 1, 0]",,,4.78,0.6,1761274.8
QNTM,,1,"[0, 0, 0, 0, 0, 0, 0, 0, 1, 0]",,,19.99,2.1,314299.0
DBGI,,1,"[0, 0, 0, 0, 0, 0, 0, 0, 1, 0]",,,21.63,0.29,240258.35
AIFF,,1,"[0, 0, 0, 0, 0, 0, 0, 0, 1, 0]",,,3.05,0.64,124007.9
VEEA,,1,"[0, 0, 0, 0, 0, 0, 0, 0, 1, 0]",,,0.92,0.1,3679972.8
SPPL,,1,"[0, 0, 0, 0, 0, 0, 0, 0, 1, 0]",,,6.62,1.8,141905.5
OTLK,,1,"[0, 0, 0, 0, 0, 0, 0, 0, 1, 0]",,,2.47,0.2,23074051.25
FEMY,,1,"[0, 0, 0, 0, 0, 0, 0, 0, 1, 0]",,,20.8,2.16,2140830.65
JSPR,,1,"[0, 0, 0, 0, 0, 0, 0, 0, 1, 0]",,,2.8,0.34,732436.55
DFLI,,1,"[0, 0, 0, 0, 0, 0, 0, 0, 1, 0]",,,19.7,1.13,372771.75
VTGN,,1,"[0, 0, 0, 0, 0, 0, 0, 0, 1, 0]",,,4.9,0.23,7202187.5
SDST,,1,"[0, 0, 0, 0, 0, 0, 0, 0, 1, 0]",,,7.09,0.37,1691542.1
LTRN,,1,"[0, 0, 0, 0, 0, 0, 0, 0, 1, 0]",,,4.62,1.12,112557.0
GWH,,1,"[0, 0, 0, 0, 0, 0, 0, 0, 1, 0]",,,9.05,0.36,1105961.8
MOBX,,1,"[0, 0, 0, 0, 0, 0, 0, 0, 1, 0]",,,12.1,1.09,724983.15
GRDX,,1,"[0, 0, 0, 0, 0, 0, 0, 0, 1, 0]",,,6.8,2.01,150977.95
AUID,,1,"[0, 0, 0, 0, 0, 0, 0, 0, 1, 0]",,,4.46,0.4,261260.15
SNAL,,1,"[0, 0, 0, 0, 0, 0, 0, 0, 1, 0]",,,8.5,1.88,172384.2
KTTA,,1,"[0, 0, 0, 0, 0, 0, 0, 0, 1, 0]",,,1.47,0.29,198164.3
LGVN,,1,"[0, 0, 0, 0, 0, 0, 0, 0, 1, 0]",,,1.16,0.48,631033.4
SAGT,,1,"[0, 0, 0, 0, 0, 0, 0, 0, 1, 0]",,,2.68,0.62,1455127.1
OSRH,0.17,2,"[0, 0, 0, 0, 0, 0, 1, 0, 1, 0]",0.37,0.51,0.82,0.12,29921745.0
OFAL,,1,"[0, 0, 0, 0, 0, 0, 0, 0, 1, 0]",,,1.63,0.1,14675086.25
SEGG,,1,"[0, 0, 0, 0, 0, 0, 0, 0, 1, 0]",,,6.31,0.43,102066.4
ENGS,,1,"[0, 0, 0, 0, 0, 0, 0, 0, 1, 0]",,,12.22,0.64,1342700.65
NIXX,,1,"[0, 0, 0, 0, 0, 0, 0, 0, 1, 0]",,,1.89,0.49,728563.5
AIIO,,1,"[0, 0, 0, 0, 0, 0, 0, 0, 1, 0]",,,52.4,0.59,571918.5
SCNX,,1,"[0, 0, 0, 0, 0, 0, 0, 0, 1, 0]",,,2.6,0.24,3504923.2
GFAI,,1,"[0, 0, 0, 0, 0, 0, 0, 0, 1, 0]",,,1.29,0.31,265429.5
NWGL,,1,"[0, 0, 0, 0, 0, 0, 0, 0, 1, 0]",,,1.75,0.22,1102231.9
SKYQ,,1,"[0, 0, 0, 0, 0, 0, 0, 0, 1, 0]",,,12.59,1.14,1193408.7
TURB,,1,"[0, 0, 0, 0, 0, 0, 0, 0, 1, 0]",,,12.4,0.61,204644.7
AKAN,,1,"[0, 0, 0, 0, 0, 0, 0, 0, 1, 0]",,,107.43,2.68,1494465.4
MDCX,,1,"[0, 0, 0, 0, 0, 0, 0, 0, 1, 0]",,,2.8,0.26,1579030.95
BFRI,,1,"[0, 0, 0, 0, 0, 0, 0, 0, 1, 0]",,,1.53,0.57,569252.8
MBRX,,1,"[0, 0, 0, 0, 0, 0, 0, 0, 1, 0]",,,13.25,0.38,1496023.85
SKK,,1,"[0, 0, 0, 0, 0, 0, 0, 0, 1, 0]",,,12.19,1.66,412069.3
PHIO,,1,"[0, 0, 0, 0, 0, 0, 0, 0, 1, 0]",,,2.48,0.86,171619.5
BFRG,,1,"[0, 0, 0, 0, 0, 0, 0, 0, 1, 0]",,,1.68,0.46,112953.55
APRE,,1,"[0, 0, 0, 0, 0, 0, 0, 0, 1, 0]",,,1.65,0.59,496549.8
LNAI,,1,"[0, 0, 0, 0, 0, 0, 0, 0, 1, 0]",,,19.04,1.47,490070.25
STFS,,1,"[0, 0, 0, 0, 0, 0, 0, 0, 1, 0]",,,18.29,3.04,552799.65
ATER,,1,"[0, 0, 0, 0, 0, 0, 0, 0, 1, 0]",,,1.39,0.36,217305.4
GTBP,,1,"[0, 0, 0, 0, 0, 0, 0, 0, 1, 0]",,,1.08,0.27,419067.0
LHSW,,1,"[0, 0, 0, 0, 0, 0, 0, 0, 1, 0]",,,45.92,1.47,148294.7
BIVI,,1,"[0, 0, 0, 0, 0, 0, 0, 0, 1, 0]",,,2.27,0.96,14018624.25
YYGH,,1,"[0, 0, 0, 0, 0, 0, 0, 0, 1, 0]",,,3840.0,1.06,6900546.6
DTSS,,1,"[0, 0, 0, 0, 0, 0, 0, 0, 1, 0]",,,2.3,0.65,461763.8
GDC,,1,"[0, 0, 0, 0, 0, 0, 0, 0, 1, 0]",,,2432.5,1.46,1802947.65
TDIC,,1,"[0, 0, 0, 0, 0, 0, 0, 0, 1, 0]",,,908.75,2.37,205684.1
BIAF,,1,"[0, 0, 0, 0, 0, 0, 0, 0, 1, 0]",,,10.5,0.38,9153747.55
CODX,,1,"[0, 0, 0, 0, 0, 0, 0, 0, 1, 0]",,,37.8,1.1,378810.2
ELPW,,1,"[0, 0, 0, 0, 0, 0, 0, 0, 1, 0]",,,1115.2,0.1,26201245.45
FBGL,,1,"[0, 0, 0, 0, 0, 0, 0, 0, 1, 0]",,,1.38,0.38,284912.3
GLE,,1,"[0, 0, 0, 0, 0, 0, 0, 0, 1, 0]",,,1.08,0.26,7960682.05
AIXI,,1,"[0, 0, 0, 0, 0, 0, 0, 0, 1, 0]",,,39.0,0.46,15929107.2
FMFC,,1,"[0, 0, 0, 0, 0, 0, 0, 0, 1, 0]",,,15.48,0.22,1973376.95
RMSG,,1,"[0, 0, 0, 0, 0, 0, 0, 0, 1, 0]",,,3.2,0.34,866046.3
MGRX,,1,"[0, 0, 0, 0, 0, 0, 0, 0, 1, 0]",,,2.74,0.16,10192130.65
POLA,,1,"[0, 0, 0, 0, 0, 0, 0, 0, 1, 0]",,,5.27,1.35,571009.9
ANY,,1,"[0, 0, 0, 0, 0, 0, 0, 0, 1, 0]",,,10.5,1.09,437577.2
SMTK,,1,"[0, 0, 0, 0, 0, 0, 0, 0, 1, 0]",,,141.5,3.53,548078.85
ONFO,,1,"[0, 0, 0, 0, 0, 0, 0, 0, 1, 0]",,,6.6,0.04,23280521.8
FABC,,1,"[0, 0, 0, 0, 0, 0, 0, 0, 1, 0]",,,6.31,1.78,239142.0
SILO,,1,"[0, 0, 0, 0, 0, 0, 0, 0, 1, 0]",,,12.23,2.5,156939.55
OLB,,1,"[0, 0, 0, 0, 0, 0, 0, 0, 1, 0]",,,1.5,0.27,520428.45
AEHL,,1,"[0, 0, 0, 0, 0, 0, 0, 0, 1, 0]",,,25.98,0.3,535039.3
SNYR,,1,"[0, 0, 0, 0, 0, 0, 0, 0, 1, 0]",,,2.7,0.1,14252612.65
BTQ,,1,"[0, 0, 0, 0, 0, 0, 0, 0, 1, 0]",,,14.14,2.15,1777417.3
WXM,,1,"[0, 0, 0, 0, 0, 0, 0, 0, 1, 0]",,,39.0,2.75,2258535.2
ENVB,,1,"[0, 0, 0, 0, 0, 0, 0, 0, 1, 0]",,,13.56,1.27,144603.5
SUNE,,1,"[0, 0, 0, 0, 0, 0, 0, 0, 1, 0]",,,5.88,0.78,114467.75
ALP,,1,"[0, 0, 0, 0, 0, 0, 0, 0, 1, 0]",,,10.91,0.15,8695478.65
GP,,1,"[0, 0, 0, 0, 0, 0, 0, 0, 1, 0]",,,3.96,0.76,358046.6
GSUN,,1,"[0, 0, 0, 0, 0, 0, 0, 0, 1, 0]",,,3.04,0.19,4228965.3
WNW,,1,"[0, 0, 0, 0, 0, 0, 0, 0, 1, 0]",,,280.4,2.41,1533782.6
GOVX,,1,"[0, 0, 0, 0, 0, 0, 0, 0, 1, 0]",,,18.67,0.6,1204621.55
JTAI,,1,"[0, 0, 0, 0, 0, 0, 0, 0, 1, 0]",,,69.78,0.46,151939.6
NCI,,1,"[0, 0, 0, 0, 0, 0, 0, 0, 1, 0]",,,96.0,3.95,867975.45
SOBR,,1,"[0, 0, 0, 0, 0, 0, 0, 0, 1, 0]",,,3.87,0.43,332242.1
BYAH,,1,"[0, 0, 0, 0, 0, 0, 0, 0, 1, 0]",,,220.0,0.36,959018.0
MNDR,,1,"[0, 0, 0, 0, 0, 0, 0, 0, 1, 0]",,,30.0,1.45,338117.75
NCRA,,1,"[0, 0, 0, 0, 0, 0, 0, 0, 1, 0]",,,59.1,1.35,860128.3
CNEY,,1,"[0, 0, 0, 0, 0, 0, 0, 0, 1, 0]",,,2.63,0.37,101020.95
SHPH,,1,"[0, 0, 0, 0, 0, 0, 0, 0, 1, 0]",,,47.6,2.78,151148.6
VIVK,,1,"[0, 0, 0, 0, 0, 0, 0, 0, 1, 0]",,,3094.78,0.86,3266911.25
UCAR,,1,"[0, 0, 0, 0, 0, 0, 0, 0, 1, 0]",,,21.9,0.38,668088.8
IVDA,,1,"[0, 0, 0, 0, 0, 0, 0, 0, 1, 0]",,,2.03,0.22,14856314.4
MASK,,1,"[0, 0, 0, 0, 0, 0, 0, 0, 1, 0]",,,17.45,1.24,202684.65
AEMD,,1,"[0, 0, 0, 0, 0, 0, 0, 0, 1, 0]",,,93.5,2.17,3124795.9
VRAX,,1,"[0, 0, 0, 0, 0, 0, 0, 0, 1, 0]",,,17.2,2.6,1006155.7
SGLY,,1,"[0, 0, 0, 0, 0, 0, 0, 0, 1, 0]",,,19.46,1.93,3577183.25
ORKT,,1,"[0, 0, 0, 0, 0, 0, 0, 0, 1, 0]",,,2.8,0.67,179861.05
VBIO,,1,"[0, 0, 0, 0, 0, 0, 0, 0, 1, 0]",,,3.15,0.12,26898355.6
MGN,,1,"[0, 0, 0, 0, 0, 0, 0, 0, 1, 0]",,,4.85,0.07,57514264.6
BIYA,,1,"[0, 0, 0, 0, 0, 0, 0, 0, 1, 0]",,,168.5,1.93,279937.7
HCWB,,1,"[0, 0, 0, 0, 0, 0, 0, 0, 1, 0]",,,34.32,1.61,172916.7
JDZG,,1,"[0, 0, 0, 0, 0, 0, 0, 0, 1, 0]",,,952.5,2.81,432463.05
SDOT,,1,"[0, 0, 0, 0, 0, 0, 0, 0, 1, 0]",,,216.0,2.73,2822297.9
BTX,,1,"[0, 0, 0, 0, 0, 0, 0, 0, 1, 0]",,,9.31,5.83,450451.65
