ticker,price,score,points,sma50,sma200,wk52_high,wk52_low,volume
TCBI,,1,"[0, 0, 0, 0, 0, 0, 0, 0, 1, 0]",,,107.52,76.77,418702.15
TPC,,1,"[0, 0, 0, 0, 0, 0, 0, 0, 1, 0]",,,99.01,58.56,406133.9
ENVA,,1,"[0, 0, 0, 0, 0, 0, 0, 0, 1, 0]",,,265.45,104.01,270726.95
PLUG,,1,"[0, 0, 0, 0, 0, 0, 0, 0, 1, 0]",,,4.14,1.51,54434410.1
HNGE,,1,"[0, 0, 0, 0, 0, 0, 0, 0, 1, 0]",,,92.85,31.17,1736341.4
WHD,,1,"[0, 0, 0, 0, 0, 0, 0, 0, 1, 0]",,,73.57,33.05,653759.75
PTEN,,1,"[0, 0, 0, 0, 0, 0, 0, 0, 1, 0]",,,13.15,4.96,7659223.8
SMR,,1,"[0, 0, 0, 0, 0, 0, 0, 0, 1, 0]",,,53.43,7.59,33730871.0
CMBT,,1,"[0, 0, 0, 0, 0, 0, 0, 0, 1, 0]",,,19.49,8.53,1090696.55
CNO,,1,"[0, 0, 0, 0, 0, 0, 0, 0, 1, 0]",,,,,795686.05
BETA,,1,"[0, 0, 0, 0, 0, 0, 0, 0, 1, 0]",,,36.8,13.59,2305407.95
CNR,,1,"[0, 0, 0, 0, 0, 0, 0, 0, 1, 0]",,,113.0,71.85,485340.1
BLLN,,1,"[0, 0, 0, 0, 0, 0, 0, 0, 1, 0]",,,149.97,64.03,598433.7
ZETA,,1,"[0, 0, 0, 0, 0, 0, 0, 0, 1, 0]",,,32.68,14.55,6821237.6
NVTS,,1,"[0, 0, 0, 0, 0, 0, 0, 0, 1, 0]",,,31.79,5.89,12315509.05
FHI,,1,"[0, 0, 0, 0, 0, 0, 0, 0, 1, 0]",,,65.39,46.07,522528.8
COLD,,1,"[0, 0, 0, 0, 0, 0, 0, 0, 1, 0]",,,16.25,9.61,3285430.5
LMND,,1,"[0, 0, 0, 0, 0, 0, 0, 0, 1, 0]",,,96.57,47.38,939637.25
AMRX,,1,"[0, 0, 0, 0, 0, 0, 0, 0, 1, 0]",,,19.1,9.6,1640920.65
LPL,,1,"[0, 0, 0, 0, 0, 0, 0, 0, 1, 0]",,,5.76,2.79,2399210.25
TREX,,1,"[0, 0, 0, 0, 0, 0, 0, 0, 1, 0]",,,62.27,30.13,1387460.6
DOO,,1,"[0, 0, 0, 0, 0, 0, 0, 0, 1, 0]",,,81.22,50.79,324542.2
MTRN,,1,"[0, 0, 0, 0, 0, 0, 0, 0, 1, 0]",,,297.21,110.92,272491.2
XMTR,,1,"[0, 0, 0, 0, 0, 0, 0, 0, 1, 0]",,,104.85,36.1,483841.75
NP,,1,"[0, 0, 0, 0, 0, 0, 0, 0, 1, 0]",,,35.11,17.14,392808.1
LASR,,1,"[0, 0, 0, 0, 0, 0, 0, 0, 1, 0]",,,84.95,28.04,1300280.1
CAAP,,1,"[0, 0, 0, 0, 0, 0, 0, 0, 1, 0]",,,29.21,16.83,245432.95
TNL,,1,"[0, 0, 0, 0, 0, 0, 0, 0, 1, 0]",,,78.45,56.68,605697.45
PVH,,1,"[0, 0, 0, 0, 0, 0, 0, 0, 1, 0]",,,98.72,60.81,1058303.75
LBTYA,,1,"[0, 0, 0, 0, 0, 0, 0, 0, 1, 0]",,,13.03,9.69,1959302.25
CRGY,,1,"[0, 0, 0, 0, 0, 0, 0, 0, 1, 0]",,,14.27,7.53,5283620.9
COCO,,1,"[0, 0, 0, 0, 0, 0, 0, 0, 1, 0]",,,84.02,38.99,966598.4
POWI,,1,"[0, 0, 0, 0, 0, 0, 0, 0, 1, 0]",,,86.99,30.39,756003.95
LEU,,1,"[0, 0, 0, 0, 0, 0, 0, 0, 1, 0]",,,436.0,146.61,625538.8
ANDG,,1,"[0, 0, 0, 0, 0, 0, 0, 0, 1, 0]",,,57.45,18.34,603357.5
KTB,,1,"[0, 0, 0, 0, 0, 0, 0, 0, 1, 0]",,,87.53,56.22,711156.2
MRX,,1,"[0, 0, 0, 0, 0, 0, 0, 0, 1, 0]",,,78.27,27.85,750159.8
ARIS,,1,"[0, 0, 0, 0, 0, 0, 0, 0, 1, 0]",,,22.68,9.09,1356048.2
DLO,,1,"[0, 0, 0, 0, 0, 0, 0, 0, 1, 0]",,,15.78,10.83,2755230.95
GFF,,1,"[0, 0, 0, 0, 0, 0, 0, 0, 1, 0]",,,106.98,66.11,293483.3
TDW,,1,"[0, 0, 0, 0, 0, 0, 0, 0, 1, 0]",,,100.61,47.29,585760.7
OPLN,,1,"[0, 0, 0, 0, 0, 0, 0, 0, 1, 0]",,,42.9,24.49,1423547.75
KAI,,1,"[0, 0, 0, 0, 0, 0, 0, 0, 1, 0]",,,346.52,246.63,137664.7
BBWI,,1,"[0, 0, 0, 0, 0, 0, 0, 0, 1, 0]",,,26.71,14.41,6958406.05
TVTX,,1,"[0, 0, 0, 0, 0, 0, 0, 0, 1, 0]",,,67.52,22.77,1249526.85
CRNX,84.95,10,"[1, 1, 1, 1, 1, 1, 1, 1, 1, 1]",52.28,45.68,84.95,32.61,8082763.4
LIVN,,1,"[0, 0, 0, 0, 0, 0, 0, 0, 1, 0]",,,85.32,49.57,570184.4
NVST,,1,"[0, 0, 0, 0, 0, 0, 0, 0, 1, 0]",,,30.26,18.95,2125103.7
ACMR,,1,"[0, 0, 0, 0, 0, 0, 0, 0, 1, 0]",,,126.89,29.67,874065.8
UCTT,,1,"[0, 0, 0, 0, 0, 0, 0, 0, 1, 0]",,,142.59,21.65,962731.75
HGV,,1,"[0, 0, 0, 0, 0, 0, 0, 0, 1, 0]",,,54.69,36.99,907154.4
PII,,1,"[0, 0, 0, 0, 0, 0, 0, 0, 1, 0]",,,73.91,46.92,778706.05
SKE,,1,"[0, 0, 0, 0, 0, 0, 0, 0, 1, 0]",,,38.12,15.54,547376.65
EE,,1,"[0, 0, 0, 0, 0, 0, 0, 0, 1, 0]",,,42.6,23.55,361067.75
ORKA,,1,"[0, 0, 0, 0, 0, 0, 0, 0, 1, 0]",,,113.08,14.9,787340.2
RNG,,1,"[0, 0, 0, 0, 0, 0, 0, 0, 1, 0]",,,76.36,24.69,1395312.7
CATY,,1,"[0, 0, 0, 0, 0, 0, 0, 0, 1, 0]",,,64.53,43.96,377442.35
ACAD,,1,"[0, 0, 0, 0, 0, 0, 0, 0, 1, 0]",,,30.57,20.06,1396275.4
DAN,,1,"[0, 0, 0, 0, 0, 0, 0, 0, 1, 0]",,,38.62,17.84,1377716.25
EWTX,,1,"[0, 0, 0, 0, 0, 0, 0, 0, 1, 0]",,,48.35,13.7,1061699.35
TAC,,1,"[0, 0, 0, 0, 0, 0, 0, 0, 1, 0]",,,17.53,11.69,1835759.2
SOUN,,1,"[0, 0, 0, 0, 0, 0, 0, 0, 1, 0]",,,21.4,5.7,24832411.1
JOE,,1,"[0, 0, 0, 0, 0, 0, 0, 0, 1, 0]",,,72.27,46.43,194370.0
HP,,1,"[0, 0, 0, 0, 0, 0, 0, 0, 1, 0]",,,47.64,19.96,1252251.5
INDB,,1,"[0, 0, 0, 0, 0, 0, 0, 0, 1, 0]",,,87.17,62.86,267638.05
FG,,1,"[0, 0, 0, 0, 0, 0, 0, 0, 1, 0]",,,33.99,20.28,562021.65
BB,,1,"[0, 0, 0, 0, 0, 0, 0, 0, 1, 0]",,,12.81,3.15,9076034.3
PPTA,,1,"[0, 0, 0, 0, 0, 0, 0, 0, 1, 0]",,,37.22,16.9,1067733.4
LRN,,1,"[0, 0, 0, 0, 0, 0, 0, 0, 1, 0]",,,161.08,61.02,643372.05
BULL,,1,"[0, 0, 0, 0, 0, 0, 0, 0, 1, 0]",,,15.55,4.63,18775129.95
BELFB,,1,"[0, 0, 0, 0, 0, 0, 0, 0, 1, 0]",,,332.96,134.24,150839.45
WSFS,,1,"[0, 0, 0, 0, 0, 0, 0, 0, 1, 0]",,,82.09,49.8,317889.0
LQDA,,1,"[0, 0, 0, 0, 0, 0, 0, 0, 1, 0]",,,91.03,21.8,1382956.1
ALHC,,1,"[0, 0, 0, 0, 0, 0, 0, 0, 1, 0]",,,24.56,12.78,4150518.35
AAUC,,1,"[0, 0, 0, 0, 0, 0, 0, 0, 1, 0]",,,32.01,14.66,494299.2
CGAU,,1,"[0, 0, 0, 0, 0, 0, 0, 0, 1, 0]",,,24.25,8.97,1466451.15
OII,,1,"[0, 0, 0, 0, 0, 0, 0, 0, 1, 0]",,,54.11,22.2,854569.35
VKTX,,1,"[0, 0, 0, 0, 0, 0, 0, 0, 1, 0]",,,42.13,23.09,1823036.0
CLSK,,1,"[0, 0, 0, 0, 0, 0, 0, 0, 1, 0]",,,23.2,8.18,18546702.85
SII,,1,"[0, 0, 0, 0, 0, 0, 0, 0, 1, 0]",,,165.32,68.56,175508.3
VECO,,1,"[0, 0, 0, 0, 0, 0, 0, 0, 1, 0]",,,83.04,25.34,523832.95
RUM,,1,"[0, 0, 0, 0, 0, 0, 0, 0, 1, 0]",,,10.23,4.67,4392682.65
WRBY,,1,"[0, 0, 0, 0, 0, 0, 0, 0, 1, 0]",,,30.34,16.49,2233993.95
TLX,,1,"[0, 0, 0, 0, 0, 0, 0, 0, 1, 0]",,,12.42,6.41,187928.3
RXO,,1,"[0, 0, 0, 0, 0, 0, 0, 0, 1, 0]",,,29.3,10.48,1469223.85
BTE,,1,"[0, 0, 0, 0, 0, 0, 0, 0, 1, 0]",,,5.3,2.19,14145657.95
LION,,1,"[0, 0, 0, 0, 0, 0, 0, 0, 1, 0]",,,16.4,5.91,2090624.2
TWST,,1,"[0, 0, 0, 0, 0, 0, 0, 0, 1, 0]",,,153.1,25.31,1587705.2
FIBK,,1,"[0, 0, 0, 0, 0, 0, 0, 0, 1, 0]",,,39.73,27.83,883645.6
BFH,,1,"[0, 0, 0, 0, 0, 0, 0, 0, 1, 0]",,,113.15,53.47,426699.9
BHF,,1,"[0, 0, 0, 0, 0, 0, 0, 0, 1, 0]",,,66.61,45.14,1061303.55
SLG,,1,"[0, 0, 0, 0, 0, 0, 0, 0, 1, 0]",,,62.85,34.32,772441.15
HYMC,,1,"[0, 0, 0, 0, 0, 0, 0, 0, 1, 0]",,,55.74,5.77,1922707.55
OGN,,1,"[0, 0, 0, 0, 0, 0, 0, 0, 1, 0]",,,13.78,5.68,3259253.25
SIG,,1,"[0, 0, 0, 0, 0, 0, 0, 0, 1, 0]",,,105.18,73.65,967926.85
GNW,,1,"[0, 0, 0, 0, 0, 0, 0, 0, 1, 0]",,,10.49,7.94,2962105.15
HWKN,,1,"[0, 0, 0, 0, 0, 0, 0, 0, 1, 0]",,,182.56,117.67,154908.95
CTRI,,1,"[0, 0, 0, 0, 0, 0, 0, 0, 1, 0]",,,41.8,19.37,1375265.75
RUN,,1,"[0, 0, 0, 0, 0, 0, 0, 0, 1, 0]",,,21.41,8.37,7154262.15
ASO,,1,"[0, 0, 0, 0, 0, 0, 0, 0, 1, 0]",,,60.83,41.39,2223288.95
HSAI,,1,"[0, 0, 0, 0, 0, 0, 0, 0, 1, 0]",,,29.8,14.6,1732706.3
ATS,,1,"[0, 0, 0, 0, 0, 0, 0, 0, 1, 0]",,,35.38,18.49,267116.8
CC,,1,"[0, 0, 0, 0, 0, 0, 0, 0, 1, 0]",,,27.68,10.33,1798737.3
BKU,,1,"[0, 0, 0, 0, 0, 0, 0, 0, 1, 0]",,,50.23,34.64,626475.2
TRMD,,1,"[0, 0, 0, 0, 0, 0, 0, 0, 1, 0]",,,35.46,16.82,887144.6
VEON,,1,"[0, 0, 0, 0, 0, 0, 0, 0, 1, 0]",,,66.25,43.57,113572.0
SUNC,,1,"[0, 0, 0, 0, 0, 0, 0, 0, 1, 0]",,,82.38,45.83,524630.15
MANU,,1,"[0, 0, 0, 0, 0, 0, 0, 0, 1, 0]",,,24.19,15.1,374057.3
AAP,,1,"[0, 0, 0, 0, 0, 0, 0, 0, 1, 0]",,,62.91,38.18,2630197.2
AVNT,,1,"[0, 0, 0, 0, 0, 0, 0, 0, 1, 0]",,,46.34,26.82,703633.65
CVI,,1,"[0, 0, 0, 0, 0, 0, 0, 0, 1, 0]",,,47.73,20.59,983465.6
SA,,1,"[0, 0, 0, 0, 0, 0, 0, 0, 1, 0]",,,39.35,18.62,807683.55
AMBA,,1,"[0, 0, 0, 0, 0, 0, 0, 0, 1, 0]",,,95.51,48.65,1669034.5
APLE,,1,"[0, 0, 0, 0, 0, 0, 0, 0, 1, 0]",,,16.91,10.53,2195739.3
CHEF,,1,"[0, 0, 0, 0, 0, 0, 0, 0, 1, 0]",,,115.52,54.6,803130.4
BEAM,,1,"[0, 0, 0, 0, 0, 0, 0, 0, 1, 0]",,,37.92,20.6,1911664.75
CWK,,1,"[0, 0, 0, 0, 0, 0, 0, 0, 1, 0]",,,17.2,11.8,1745475.05
TNGX,,1,"[0, 0, 0, 0, 0, 0, 0, 0, 1, 0]",,,32.9,6.53,2235640.7
EFXT,,1,"[0, 0, 0, 0, 0, 0, 0, 0, 1, 0]",,,28.32,10.45,652387.7
DAVE,,1,"[0, 0, 0, 0, 0, 0, 0, 0, 1, 0]",,,442.53,155.92,365766.55
FSM,,1,"[0, 0, 0, 0, 0, 0, 0, 0, 1, 0]",,,13.66,7.84,5357773.8
VRNS,,1,"[0, 0, 0, 0, 0, 0, 0, 0, 1, 0]",,,63.31,20.19,1612188.75
NATL,,1,"[0, 0, 0, 0, 0, 0, 0, 0, 1, 0]",,,48.13,34.13,645433.15
ADEA,26.31,7,"[0, 0, 1, 1, 1, 1, 1, 1, 1, 0]",27.27,23.95,33.5,11.62,833275.95
BTDR,,1,"[0, 0, 0, 0, 0, 0, 0, 0, 1, 0]",,,25.9,7.28,13720891.25
BATRK,,1,"[0, 0, 0, 0, 0, 0, 0, 0, 1, 0]",,,53.58,38.04,496124.9
SEZL,,1,"[0, 0, 0, 0, 0, 0, 0, 0, 1, 0]",,,188.55,50.97,481278.6
BBAR,,1,"[0, 0, 0, 0, 0, 0, 0, 0, 1, 0]",,,21.73,7.82,930239.4
PARR,,1,"[0, 0, 0, 0, 0, 0, 0, 0, 1, 0]",,,86.03,32.82,831847.3
VCYT,,1,"[0, 0, 0, 0, 0, 0, 0, 0, 1, 0]",,,60.49,30.01,1287356.0
COLM,,1,"[0, 0, 0, 0, 0, 0, 0, 0, 1, 0]",,,67.45,47.94,654061.2
FFBC,,1,"[0, 0, 0, 0, 0, 0, 0, 0, 1, 0]",,,35.89,22.46,642539.3
FSLY,,1,"[0, 0, 0, 0, 0, 0, 0, 0, 1, 0]",,,33.5,7.73,4838917.45
ZIM,,1,"[0, 0, 0, 0, 0, 0, 0, 0, 1, 0]",,,30.08,12.03,2153553.35
RCUS,,1,"[0, 0, 0, 0, 0, 0, 0, 0, 1, 0]",,,31.57,11.5,1251229.6
CALY,,1,"[0, 0, 0, 0, 0, 0, 0, 0, 1, 0]",,,19.66,8.39,1564331.25
BOH,,1,"[0, 0, 0, 0, 0, 0, 0, 0, 1, 0]",,,85.07,57.61,271985.95
UNFI,,1,"[0, 0, 0, 0, 0, 0, 0, 0, 1, 0]",,,55.52,28.0,596723.75
SXI,,1,"[0, 0, 0, 0, 0, 0, 0, 0, 1, 0]",,,357.31,200.72,121313.05
PLAB,,1,"[0, 0, 0, 0, 0, 0, 0, 0, 1, 0]",,,54.96,20.28,1628502.7
ERAS,,1,"[0, 0, 0, 0, 0, 0, 0, 0, 1, 0]",,,22.47,1.56,3810797.05
EXTR,,1,"[0, 0, 0, 0, 0, 0, 0, 0, 1, 0]",,,33.71,13.74,1393875.8
YETI,,1,"[0, 0, 0, 0, 0, 0, 0, 0, 1, 0]",,,52.68,32.11,1972254.75
CARG,,1,"[0, 0, 0, 0, 0, 0, 0, 0, 1, 0]",,,39.03,26.96,783928.7
MPT,,1,"[0, 0, 0, 0, 0, 0, 0, 0, 1, 0]",,,5.8,3.9,8015367.05
DNLI,,1,"[0, 0, 0, 0, 0, 0, 0, 0, 1, 0]",,,27.21,12.75,1163277.2
BKD,,1,"[0, 0, 0, 0, 0, 0, 0, 0, 1, 0]",,,16.77,7.36,4316754.75
CON,,1,"[0, 0, 0, 0, 0, 0, 0, 0, 1, 0]",,,35.47,18.52,737952.35
ETOR,,1,"[0, 0, 0, 0, 0, 0, 0, 0, 1, 0]",,,45.02,24.76,1280378.75
LXP,,1,"[0, 0, 0, 0, 0, 0, 0, 0, 1, 0]",,,61.15,42.24,701165.4
MSGE,,1,"[0, 0, 0, 0, 0, 0, 0, 0, 1, 0]",,,88.42,41.77,308613.55
BWLP,,1,"[0, 0, 0, 0, 0, 0, 0, 0, 1, 0]",,,24.47,10.74,466062.25
KYIV,,1,"[0, 0, 0, 0, 0, 0, 0, 0, 1, 0]",,,16.17,9.33,361140.6
BHE,,1,"[0, 0, 0, 0, 0, 0, 0, 0, 1, 0]",,,98.67,35.65,322652.45
CAKE,,1,"[0, 0, 0, 0, 0, 0, 0, 0, 1, 0]",,,117.29,42.61,1589808.15
HG,,1,"[0, 0, 0, 0, 0, 0, 0, 0, 1, 0]",,,37.28,21.72,325031.8
DHT,,1,"[0, 0, 0, 0, 0, 0, 0, 0, 1, 0]",,,21.2,9.88,3358858.8
AEHR,,1,"[0, 0, 0, 0, 0, 0, 0, 0, 1, 0]",,,145.61,19.4,2848032.4
OLN,,1,"[0, 0, 0, 0, 0, 0, 0, 0, 1, 0]",,,29.59,16.97,2640571.75
SBLK,,1,"[0, 0, 0, 0, 0, 0, 0, 0, 1, 0]",,,32.42,15.65,1605206.35
VC,,1,"[0, 0, 0, 0, 0, 0, 0, 0, 1, 0]",,,126.56,83.87,363901.95
TTAM,,1,"[0, 0, 0, 0, 0, 0, 0, 0, 1, 0]",,,19.32,14.13,253172.55
BKV,,1,"[0, 0, 0, 0, 0, 0, 0, 0, 1, 0]",,,32.16,20.24,2114168.15
HIMX,,1,"[0, 0, 0, 0, 0, 0, 0, 0, 1, 0]",,,23.77,6.81,886338.55
BANC,,1,"[0, 0, 0, 0, 0, 0, 0, 0, 1, 0]",,,21.83,15.28,2089253.7
SBCF,,1,"[0, 0, 0, 0, 0, 0, 0, 0, 1, 0]",,,36.13,28.28,769007.15
KN,,1,"[0, 0, 0, 0, 0, 0, 0, 0, 1, 0]",,,42.8,20.67,744389.35
ALMS,,1,"[0, 0, 0, 0, 0, 0, 0, 0, 1, 0]",,,30.3,3.95,3674264.1
SDRL,,1,"[0, 0, 0, 0, 0, 0, 0, 0, 1, 0]",,,54.8,28.4,524965.45
CRVL,,1,"[0, 0, 0, 0, 0, 0, 0, 0, 1, 0]",,,88.21,46.0,171005.15
ITGR,,1,"[0, 0, 0, 0, 0, 0, 0, 0, 1, 0]",,,126.5,63.32,765093.65
SUPN,,1,"[0, 0, 0, 0, 0, 0, 0, 0, 1, 0]",,,57.0,42.07,553742.4
XXI,,1,"[0, 0, 0, 0, 0, 0, 0, 0, 1, 0]",,,24.61,4.27,1577007.35
LFST,,1,"[0, 0, 0, 0, 0, 0, 0, 0, 1, 0]",,,12.89,4.81,4057621.5
TDC,,1,"[0, 0, 0, 0, 0, 0, 0, 0, 1, 0]",,,37.88,20.42,2021819.45
NMRK,,1,"[0, 0, 0, 0, 0, 0, 0, 0, 1, 0]",,,19.35,13.72,1401777.1
ERO,,1,"[0, 0, 0, 0, 0, 0, 0, 0, 1, 0]",,,40.4,16.71,1642426.6
JOYY,,1,"[0, 0, 0, 0, 0, 0, 0, 0, 1, 0]",,,75.0,51.63,369057.2
EXK,,1,"[0, 0, 0, 0, 0, 0, 0, 0, 1, 0]",,,14.12,6.13,9345452.55
SHOO,,1,"[0, 0, 0, 0, 0, 0, 0, 0, 1, 0]",,,49.07,30.66,903436.6
PHIN,,1,"[0, 0, 0, 0, 0, 0, 0, 0, 1, 0]",,,84.79,50.56,303338.7
ARX,,1,"[0, 0, 0, 0, 0, 0, 0, 0, 1, 0]",,,19.88,9.36,6944037.95
KALU,,1,"[0, 0, 0, 0, 0, 0, 0, 0, 1, 0]",,,194.8,72.24,223592.55
DBRG,,1,"[0, 0, 0, 0, 0, 0, 0, 0, 1, 0]",,,15.98,9.15,3566451.0
PAGS,,1,"[0, 0, 0, 0, 0, 0, 0, 0, 1, 0]",,,11.72,8.44,2772477.2
CECO,,1,"[0, 0, 0, 0, 0, 0, 0, 0, 1, 0]",,,99.67,47.44,666410.25
WT,,1,"[0, 0, 0, 0, 0, 0, 0, 0, 1, 0]",,,25.04,10.68,2268054.1
PFS,,1,"[0, 0, 0, 0, 0, 0, 0, 0, 1, 0]",,,25.04,17.11,715471.4
TRN,,1,"[0, 0, 0, 0, 0, 0, 0, 0, 1, 0]",,,38.07,24.19,502261.8
DYN,,1,"[0, 0, 0, 0, 0, 0, 0, 0, 1, 0]",,,26.78,12.37,2731565.75
GEO,,1,"[0, 0, 0, 0, 0, 0, 0, 0, 1, 0]",,,32.77,13.26,2154980.35
LCII,,1,"[0, 0, 0, 0, 0, 0, 0, 0, 1, 0]",,,152.4,81.4,265077.9
TNK,,1,"[0, 0, 0, 0, 0, 0, 0, 0, 1, 0]",,,96.31,47.72,523833.35
BTU,,1,"[0, 0, 0, 0, 0, 0, 0, 0, 1, 0]",,,39.25,18.21,2156737.65
NTCT,,1,"[0, 0, 0, 0, 0, 0, 0, 0, 1, 0]",,,44.84,25.1,604601.85
DK,,1,"[0, 0, 0, 0, 0, 0, 0, 0, 1, 0]",,,75.67,26.26,1792851.2
PTRN,,1,"[0, 0, 0, 0, 0, 0, 0, 0, 1, 0]",,,29.4,9.59,1423874.5
GRND,,1,"[0, 0, 0, 0, 0, 0, 0, 0, 1, 0]",,,17.94,9.85,1250811.0
TXG,,1,"[0, 0, 0, 0, 0, 0, 0, 0, 1, 0]",,,67.29,11.34,2678880.85
CLMT,,1,"[0, 0, 0, 0, 0, 0, 0, 0, 1, 0]",,,55.69,17.39,1109045.95
AEO,,1,"[0, 0, 0, 0, 0, 0, 0, 0, 1, 0]",,,27.66,14.04,6817597.1
INOD,,1,"[0, 0, 0, 0, 0, 0, 0, 0, 1, 0]",,,121.5,34.45,1034627.85
GPCR,,1,"[0, 0, 0, 0, 0, 0, 0, 0, 1, 0]",,,93.79,20.2,887776.9
IHS,,1,"[0, 0, 0, 0, 0, 0, 0, 0, 1, 0]",,,8.73,6.24,1253027.7
AYA,,1,"[0, 0, 0, 0, 0, 0, 0, 0, 1, 0]",,,29.89,9.25,1132812.85
SPNT,,1,"[0, 0, 0, 0, 0, 0, 0, 0, 1, 0]",,,26.31,17.48,572818.65
KMT,,1,"[0, 0, 0, 0, 0, 0, 0, 0, 1, 0]",,,42.76,19.96,1574068.65
STUB,,1,"[0, 0, 0, 0, 0, 0, 0, 0, 1, 0]",,,22.0,6.01,7287578.65
FA,,1,"[0, 0, 0, 0, 0, 0, 0, 0, 1, 0]",,,24.12,8.95,1794696.25
NKTR,,1,"[0, 0, 0, 0, 0, 0, 0, 0, 1, 0]",,,100.35,35.12,586408.8
EOSE,,1,"[0, 0, 0, 0, 0, 0, 0, 0, 1, 0]",,,19.19,3.04,25529836.9
UAA,,1,"[0, 0, 0, 0, 0, 0, 0, 0, 1, 0]",,,8.14,4.17,7303191.9
UA,4.84,3,"[0, 0, 0, 0, 1, 1, 0, 0, 1, 0]",5.95,5.78,7.88,3.96,2308813.75
DBD,,1,"[0, 0, 0, 0, 0, 0, 0, 0, 1, 0]",,,90.75,54.9,239589.4
BKE,,1,"[0, 0, 0, 0, 0, 0, 0, 0, 1, 0]",,,56.63,40.77,451368.55
UNIT,,1,"[0, 0, 0, 0, 0, 0, 0, 0, 1, 0]",,,12.75,5.36,1790084.4
ARCB,,1,"[0, 0, 0, 0, 0, 0, 0, 0, 1, 0]",,,173.07,59.44,245751.85
NN,,1,"[0, 0, 0, 0, 0, 0, 0, 0, 1, 0]",,,23.59,11.37,2332987.6
HOG,,1,"[0, 0, 0, 0, 0, 0, 0, 0, 1, 0]",,,,,1778928.75
ATRO,,1,"[0, 0, 0, 0, 0, 0, 0, 0, 1, 0]",,,93.45,31.84,603127.05
CLDX,,1,"[0, 0, 0, 0, 0, 0, 0, 0, 1, 0]",,,44.87,22.58,684250.45
VAC,,1,"[0, 0, 0, 0, 0, 0, 0, 0, 1, 0]",,,124.75,43.9,500877.55
ARQT,,1,"[0, 0, 0, 0, 0, 0, 0, 0, 1, 0]",,,31.2,16.73,1839890.35
GRAL,,1,"[0, 0, 0, 0, 0, 0, 0, 0, 1, 0]",,,116.06,38.04,628444.7
VISN,,1,"[0, 0, 0, 0, 0, 0, 0, 0, 1, 0]",,,7.34,4.16,9249528.4
TARS,,1,"[0, 0, 0, 0, 0, 0, 0, 0, 1, 0]",,,90.78,49.36,777633.55
NGVT,,1,"[0, 0, 0, 0, 0, 0, 0, 0, 1, 0]",,,77.87,46.2,217020.25
AMSC,,1,"[0, 0, 0, 0, 0, 0, 0, 0, 1, 0]",,,66.68,25.95,637797.85
WAFD,,1,"[0, 0, 0, 0, 0, 0, 0, 0, 1, 0]",,,39.03,26.96,682609.65
HUN,,1,"[0, 0, 0, 0, 0, 0, 0, 0, 1, 0]",,,15.89,7.27,2094678.2
HUBG,,1,"[0, 0, 0, 0, 0, 0, 0, 0, 1, 0]",,,52.19,32.8,1161615.3
TRMK,,1,"[0, 0, 0, 0, 0, 0, 0, 0, 1, 0]",,,48.26,35.85,293746.65
IRON,,1,"[0, 0, 0, 0, 0, 0, 0, 0, 1, 0]",,,94.11,55.95,449198.25
CUBI,,1,"[0, 0, 0, 0, 0, 0, 0, 0, 1, 0]",,,83.65,60.52,229327.05
VERA,,1,"[0, 0, 0, 0, 0, 0, 0, 0, 1, 0]",,,55.67,23.77,2006862.05
ICHR,,1,"[0, 0, 0, 0, 0, 0, 0, 0, 1, 0]",,,112.28,14.25,628389.3
RARE,,1,"[0, 0, 0, 0, 0, 0, 0, 0, 1, 0]",,,36.54,14.31,4395616.5
KOD,,1,"[0, 0, 0, 0, 0, 0, 0, 0, 1, 0]",,,46.44,9.21,605124.15
SAH,,1,"[0, 0, 0, 0, 0, 0, 0, 0, 1, 0]",,,112.66,57.63,227100.0
DRD,,1,"[0, 0, 0, 0, 0, 0, 0, 0, 1, 0]",,,38.8,19.65,314076.4
HE,,1,"[0, 0, 0, 0, 0, 0, 0, 0, 1, 0]",,,17.08,10.33,2372032.15
IMNM,,1,"[0, 0, 0, 0, 0, 0, 0, 0, 1, 0]",,,29.83,8.99,1033047.6
FRSH,,1,"[0, 0, 0, 0, 0, 0, 0, 0, 1, 0]",,,13.92,6.88,5192061.9
NSIT,,1,"[0, 0, 0, 0, 0, 0, 0, 0, 1, 0]",,,160.98,64.43,244277.4
HTFL,,1,"[0, 0, 0, 0, 0, 0, 0, 0, 1, 0]",,,50.43,20.49,2543346.9
OSW,,1,"[0, 0, 0, 0, 0, 0, 0, 0, 1, 0]",,,28.63,19.25,980683.1
SEDG,,1,"[0, 0, 0, 0, 0, 0, 0, 0, 1, 0]",,,78.51,28.47,3089778.4
ROG,,1,"[0, 0, 0, 0, 0, 0, 0, 0, 1, 0]",,,167.09,75.56,175888.95
ATKR,,1,"[0, 0, 0, 0, 0, 0, 0, 0, 1, 0]",,,94.21,54.86,703759.0
TALO,,1,"[0, 0, 0, 0, 0, 0, 0, 0, 1, 0]",,,17.75,8.93,1686161.85
IDYA,,1,"[0, 0, 0, 0, 0, 0, 0, 0, 1, 0]",,,42.48,24.44,717110.7
ELVN,,1,"[0, 0, 0, 0, 0, 0, 0, 0, 1, 0]",,,61.15,15.14,835096.9
DGII,,1,"[0, 0, 0, 0, 0, 0, 0, 0, 1, 0]",,,85.24,35.37,351315.4
LWLG,,1,"[0, 0, 0, 0, 0, 0, 0, 0, 1, 0]",,,18.22,2.97,2531213.05
TMC,,1,"[0, 0, 0, 0, 0, 0, 0, 0, 1, 0]",,,10.69,3.45,7243007.0
LMAT,,1,"[0, 0, 0, 0, 0, 0, 0, 0, 1, 0]",,,116.75,78.76,313960.0
MTX,,1,"[0, 0, 0, 0, 0, 0, 0, 0, 1, 0]",,,82.57,54.7,168495.15
BRZE,,1,"[0, 0, 0, 0, 0, 0, 0, 0, 1, 0]",,,36.19,15.79,3272751.0
AAMI,,1,"[0, 0, 0, 0, 0, 0, 0, 0, 1, 0]",,,97.31,41.78,363031.15
RLAY,,1,"[0, 0, 0, 0, 0, 0, 0, 0, 1, 0]",,,20.75,3.99,2753860.65
MLYS,,1,"[0, 0, 0, 0, 0, 0, 0, 0, 1, 0]",,,47.33,22.5,1042502.85
FBNC,,1,"[0, 0, 0, 0, 0, 0, 0, 0, 1, 0]",,,66.34,45.74,159358.9
ANDE,,1,"[0, 0, 0, 0, 0, 0, 0, 0, 1, 0]",,,80.87,37.83,393876.25
VNET,,1,"[0, 0, 0, 0, 0, 0, 0, 0, 1, 0]",,,14.03,6.06,5218249.3
HTO,,1,"[0, 0, 0, 0, 0, 0, 0, 0, 1, 0]",,,64.97,43.43,346138.1
DXPE,,1,"[0, 0, 0, 0, 0, 0, 0, 0, 1, 0]",,,200.84,85.53,111517.35
PTON,,1,"[0, 0, 0, 0, 0, 0, 0, 0, 1, 0]",,,9.0,3.71,8028908.1
SGML,,1,"[0, 0, 0, 0, 0, 0, 0, 0, 1, 0]",,,23.65,4.68,1866262.55
TENB,,1,"[0, 0, 0, 0, 0, 0, 0, 0, 1, 0]",,,42.65,16.04,4043603.7
DFTX,,1,"[0, 0, 0, 0, 0, 0, 0, 0, 1, 0]",,,48.45,9.04,1688680.3
VERX,,1,"[0, 0, 0, 0, 0, 0, 0, 0, 1, 0]",,,25.94,10.58,1429778.05
PLUS,,1,"[0, 0, 0, 0, 0, 0, 0, 0, 1, 0]",,,96.75,68.77,178404.8
AERO,,1,"[0, 0, 0, 0, 0, 0, 0, 0, 1, 0]",,,22.91,12.36,356544.65
AMPX,,1,"[0, 0, 0, 0, 0, 0, 0, 0, 1, 0]",,,22.91,7.83,4719383.8
AMR,,1,"[0, 0, 0, 0, 0, 0, 0, 0, 1, 0]",,,249.65,137.16,359540.0
COHU,,1,"[0, 0, 0, 0, 0, 0, 0, 0, 1, 0]",,,73.91,18.74,933606.75
AESI,,1,"[0, 0, 0, 0, 0, 0, 0, 0, 1, 0]",,,19.75,8.1,3073869.7
NESR,,1,"[0, 0, 0, 0, 0, 0, 0, 0, 1, 0]",,,36.31,10.03,1704022.2
WTTR,,1,"[0, 0, 0, 0, 0, 0, 0, 0, 1, 0]",,,22.18,8.84,1219861.55
CDNL,,1,"[0, 0, 0, 0, 0, 0, 0, 0, 1, 0]",,,94.31,22.03,632941.0
ACHC,,1,"[0, 0, 0, 0, 0, 0, 0, 0, 1, 0]",,,35.61,11.68,1547923.8
MNR,,1,"[0, 0, 0, 0, 0, 0, 0, 0, 1, 0]",,,13.87,9.65,370582.4
GRDN,,1,"[0, 0, 0, 0, 0, 0, 0, 0, 1, 0]",,,43.83,23.41,405318.7
CEPU,,1,"[0, 0, 0, 0, 0, 0, 0, 0, 1, 0]",,,17.95,7.68,216927.4
PRDO,,1,"[0, 0, 0, 0, 0, 0, 0, 0, 1, 0]",,,37.58,26.88,539858.5
HLIO,,1,"[0, 0, 0, 0, 0, 0, 0, 0, 1, 0]",,,92.74,46.89,292482.6
WOLF,,1,"[0, 0, 0, 0, 0, 0, 0, 0, 1, 0]",,,73.5,14.8,3550445.0
NTB,,1,"[0, 0, 0, 0, 0, 0, 0, 0, 1, 0]",,,63.91,39.94,180001.55
FUN,,1,"[0, 0, 0, 0, 0, 0, 0, 0, 1, 0]",,,26.74,12.83,1725473.65
BLBD,,1,"[0, 0, 0, 0, 0, 0, 0, 0, 1, 0]",,,81.5,46.59,568539.1
KEEL,,1,"[0, 0, 0, 0, 0, 0, 0, 0, 1, 0]",,,6.66,1.71,39345405.65
PENG,,1,"[0, 0, 0, 0, 0, 0, 0, 0, 1, 0]",,,81.39,16.24,1472639.55
AXGN,,1,"[0, 0, 0, 0, 0, 0, 0, 0, 1, 0]",,,51.73,15.59,971492.95
PENN,,1,"[0, 0, 0, 0, 0, 0, 0, 0, 1, 0]",,,22.06,11.76,2436333.1
CMPR,,1,"[0, 0, 0, 0, 0, 0, 0, 0, 1, 0]",,,105.31,57.1,192130.5
FLOC,,1,"[0, 0, 0, 0, 0, 0, 0, 0, 1, 0]",,,27.81,13.94,490418.15
DRH,,1,"[0, 0, 0, 0, 0, 0, 0, 0, 1, 0]",,,13.38,7.28,2281985.85
XIFR,,1,"[0, 0, 0, 0, 0, 0, 0, 0, 1, 0]",,,12.88,8.83,706239.1
ADPT,,1,"[0, 0, 0, 0, 0, 0, 0, 0, 1, 0]",,,26.44,12.41,1704690.55
HTH,,1,"[0, 0, 0, 0, 0, 0, 0, 0, 1, 0]",,,39.79,30.38,222117.65
CTOS,,1,"[0, 0, 0, 0, 0, 0, 0, 0, 1, 0]",,,11.97,5.34,924806.75
DRVN,,1,"[0, 0, 0, 0, 0, 0, 0, 0, 1, 0]",,,18.57,10.3,1066203.3
RDW,,1,"[0, 0, 0, 0, 0, 0, 0, 0, 1, 0]",,,25.9,5.06,12088201.1
VVX,,1,"[0, 0, 0, 0, 0, 0, 0, 0, 1, 0]",,,90.81,52.16,475856.8
BCRX,,1,"[0, 0, 0, 0, 0, 0, 0, 0, 1, 0]",,,11.11,6.24,3393691.5
TIC,,1,"[0, 0, 0, 0, 0, 0, 0, 0, 1, 0]",,,14.49,6.54,1495030.9
WERN,,1,"[0, 0, 0, 0, 0, 0, 0, 0, 1, 0]",,,47.29,22.87,785032.25
CENTA,,1,"[0, 0, 0, 0, 0, 0, 0, 0, 1, 0]",,,40.6,26.27,296745.5
QUBT,,1,"[0, 0, 0, 0, 0, 0, 0, 0, 1, 0]",,,24.62,6.31,7091238.15
ECO,,1,"[0, 0, 0, 0, 0, 0, 0, 0, 1, 0]",,,71.67,24.17,521021.3
BHC,,1,"[0, 0, 0, 0, 0, 0, 0, 0, 1, 0]",,,7.9,4.43,2687137.3
NMM,,1,"[0, 0, 0, 0, 0, 0, 0, 0, 1, 0]",,,92.16,43.39,174440.85
MBIN,,1,"[0, 0, 0, 0, 0, 0, 0, 0, 1, 0]",,,55.72,30.19,162419.2
FLYW,,1,"[0, 0, 0, 0, 0, 0, 0, 0, 1, 0]",,,19.54,10.64,1400340.95
PBI,,1,"[0, 0, 0, 0, 0, 0, 0, 0, 1, 0]",,,18.4,8.84,1425875.1
WLY,47.24,8,"[0, 1, 1, 1, 1, 1, 1, 1, 1, 0]",51.4,39.83,55.72,28.33,542247.25
CMRE,,1,"[0, 0, 0, 0, 0, 0, 0, 0, 1, 0]",,,17.64,10.71,370128.7
SLDE,,1,"[0, 0, 0, 0, 0, 0, 0, 0, 1, 0]",,,24.73,12.7,1031811.2
OCUL,,1,"[0, 0, 0, 0, 0, 0, 0, 0, 1, 0]",,,16.11,6.88,2720702.2
ESTA,,1,"[0, 0, 0, 0, 0, 0, 0, 0, 1, 0]",,,95.65,36.84,388202.1
SRPT,,1,"[0, 0, 0, 0, 0, 0, 0, 0, 1, 0]",,,24.45,14.86,3118897.5
NVCR,,1,"[0, 0, 0, 0, 0, 0, 0, 0, 1, 0]",,,19.99,10.03,1219140.35
DEI,,1,"[0, 0, 0, 0, 0, 0, 0, 0, 1, 0]",,,15.73,8.85,1338922.85
EZPW,,1,"[0, 0, 0, 0, 0, 0, 0, 0, 1, 0]",,,35.59,16.99,968113.8
PDFS,,1,"[0, 0, 0, 0, 0, 0, 0, 0, 1, 0]",,,70.79,19.38,611935.1
TRVI,,1,"[0, 0, 0, 0, 0, 0, 0, 0, 1, 0]",,,19.5,7.96,1418717.5
DCO,,1,"[0, 0, 0, 0, 0, 0, 0, 0, 1, 0]",,,206.98,86.41,182477.5
WS,,1,"[0, 0, 0, 0, 0, 0, 0, 0, 1, 0]",,,48.27,28.0,252467.15
STOK,,1,"[0, 0, 0, 0, 0, 0, 0, 0, 1, 0]",,,38.35,22.37,791734.5
DHC,,1,"[0, 0, 0, 0, 0, 0, 0, 0, 1, 0]",,,9.64,4.02,1312421.7
TYRA,,1,"[0, 0, 0, 0, 0, 0, 0, 0, 1, 0]",,,39.61,12.15,899625.5
CLBK,,1,"[0, 0, 0, 0, 0, 0, 0, 0, 1, 0]",,,11.82,6.21,3412028.4
MGNI,,1,"[0, 0, 0, 0, 0, 0, 0, 0, 1, 0]",,,25.92,11.2,2331425.2
NGL,,1,"[0, 0, 0, 0, 0, 0, 0, 0, 1, 0]",,,18.97,5.75,240926.0
NTST,,1,"[0, 0, 0, 0, 0, 0, 0, 0, 1, 0]",,,22.01,16.58,1761146.7
ANAB,,1,"[0, 0, 0, 0, 0, 0, 0, 0, 1, 0]",,,69.81,12.93,437036.65
PSNY,,1,"[0, 0, 0, 0, 0, 0, 0, 0, 1, 0]",,,30.0,7.96,282481.95
NEXT,,1,"[0, 0, 0, 0, 0, 0, 0, 0, 1, 0]",,,9.12,4.8,2351015.65
BBAI,,1,"[0, 0, 0, 0, 0, 0, 0, 0, 1, 0]",,,8.91,2.59,16504135.65
ATEN,,1,"[0, 0, 0, 0, 0, 0, 0, 0, 1, 0]",,,38.03,16.43,1198359.1
GTY,,1,"[0, 0, 0, 0, 0, 0, 0, 0, 1, 0]",,,36.61,24.43,575451.7
OMCL,,1,"[0, 0, 0, 0, 0, 0, 0, 0, 1, 0]",,,51.39,29.46,664738.8
SION,,1,"[0, 0, 0, 0, 0, 0, 0, 0, 1, 0]",,,51.04,4.5,1730504.4
SOC,,1,"[0, 0, 0, 0, 0, 0, 0, 0, 1, 0]",,,24.49,3.08,9105279.0
BW,,1,"[0, 0, 0, 0, 0, 0, 0, 0, 1, 0]",,,21.85,2.47,4793718.9
BSTZ,30.78,10,"[1, 1, 1, 1, 1, 1, 1, 1, 1, 1]",29.63,25.22,31.71,19.48,151256.1
NEOG,,1,"[0, 0, 0, 0, 0, 0, 0, 0, 1, 0]",,,12.15,5.27,1856469.45
UTI,,1,"[0, 0, 0, 0, 0, 0, 0, 0, 1, 0]",,,51.2,20.85,1650345.05
INBX,,1,"[0, 0, 0, 0, 0, 0, 0, 0, 1, 0]",,,141.84,26.53,377461.15
AUPH,,1,"[0, 0, 0, 0, 0, 0, 0, 0, 1, 0]",,,18.62,11.05,975649.95
TSHA,,1,"[0, 0, 0, 0, 0, 0, 0, 0, 1, 0]",,,6.98,2.83,2278198.6
GNL,,1,"[0, 0, 0, 0, 0, 0, 0, 0, 1, 0]",,,9.56,7.09,1826031.65
MBX,,1,"[0, 0, 0, 0, 0, 0, 0, 0, 1, 0]",,,70.7,9.74,389597.85
ASTH,,1,"[0, 0, 0, 0, 0, 0, 0, 0, 1, 0]",,,49.81,18.16,331619.6
LAC,,1,"[0, 0, 0, 0, 0, 0, 0, 0, 1, 0]",,,10.05,2.71,10099412.95
IMAX,,1,"[0, 0, 0, 0, 0, 0, 0, 0, 1, 0]",,,54.79,31.09,1007522.35
FIGS,,1,"[0, 0, 0, 0, 0, 0, 0, 0, 1, 0]",,,17.12,6.57,2358841.4
MD,,1,"[0, 0, 0, 0, 0, 0, 0, 0, 1, 0]",,,27.39,15.8,723014.0
NWL,,1,"[0, 0, 0, 0, 0, 0, 0, 0, 1, 0]",,,6.34,2.91,6607614.45
PHVS,,1,"[0, 0, 0, 0, 0, 0, 0, 0, 1, 0]",,,37.84,20.96,969469.15
PUMP,,1,"[0, 0, 0, 0, 0, 0, 0, 0, 1, 0]",,,18.2,4.66,2855073.15
RAMP,,1,"[0, 0, 0, 0, 0, 0, 0, 0, 1, 0]",,,38.01,22.42,1071955.55
LAR,,1,"[0, 0, 0, 0, 0, 0, 0, 0, 1, 0]",,,11.79,3.02,1979628.7
PRKS,,1,"[0, 0, 0, 0, 0, 0, 0, 0, 1, 0]",,,55.21,29.73,551474.95
SNDX,,1,"[0, 0, 0, 0, 0, 0, 0, 0, 1, 0]",,,25.15,13.11,1282872.2
JBLU,,1,"[0, 0, 0, 0, 0, 0, 0, 0, 1, 0]",,,6.46,4.03,21167185.85
ARCO,,1,"[0, 0, 0, 0, 0, 0, 0, 0, 1, 0]",,,9.42,6.47,1107617.15
NEXA,,1,"[0, 0, 0, 0, 0, 0, 0, 0, 1, 0]",,,16.55,4.82,812427.3
AGRO,,1,"[0, 0, 0, 0, 0, 0, 0, 0, 1, 0]",,,15.18,7.07,1008028.15
HTZ,,1,"[0, 0, 0, 0, 0, 0, 0, 0, 1, 0]",,,7.81,1.51,23390520.65
SPB,,1,"[0, 0, 0, 0, 0, 0, 0, 0, 1, 0]",,,90.49,49.07,334673.9
BLX,,1,"[0, 0, 0, 0, 0, 0, 0, 0, 1, 0]",,,62.03,40.13,170543.5
MESO,,1,"[0, 0, 0, 0, 0, 0, 0, 0, 1, 0]",,,20.96,13.19,203893.45
LIFE,,1,"[0, 0, 0, 0, 0, 0, 0, 0, 1, 0]",,,42.02,9.85,1370414.7
OCS,,1,"[0, 0, 0, 0, 0, 0, 0, 0, 1, 0]",,,32.65,10.71,159486.25
ANIP,,1,"[0, 0, 0, 0, 0, 0, 0, 0, 1, 0]",,,98.81,70.23,341519.4
PGNY,,1,"[0, 0, 0, 0, 0, 0, 0, 0, 1, 0]",,,32.36,16.3,1023904.35
INVX,,1,"[0, 0, 0, 0, 0, 0, 0, 0, 1, 0]",,,31.63,16.62,721021.7
CASH,,1,"[0, 0, 0, 0, 0, 0, 0, 0, 1, 0]",,,,,211736.9
RAPP,,1,"[0, 0, 0, 0, 0, 0, 0, 0, 1, 0]",,,52.5,23.2,283283.05
SNDA,,1,"[0, 0, 0, 0, 0, 0, 0, 0, 1, 0]",,,43.07,25.53,476689.9
TPB,,1,"[0, 0, 0, 0, 0, 0, 0, 0, 1, 0]",,,142.7,70.52,243940.4
VET,,1,"[0, 0, 0, 0, 0, 0, 0, 0, 1, 0]",,,14.29,7.09,1270947.2
BORR,,1,"[0, 0, 0, 0, 0, 0, 0, 0, 1, 0]",,,6.61,2.44,5672634.8
ECPG,,1,"[0, 0, 0, 0, 0, 0, 0, 0, 1, 0]",,,103.74,40.53,372157.35
SONO,,1,"[0, 0, 0, 0, 0, 0, 0, 0, 1, 0]",,,19.16,12.7,1457813.1
WBTN,,1,"[0, 0, 0, 0, 0, 0, 0, 0, 1, 0]",,,21.31,8.25,446216.2
ADNT,,1,"[0, 0, 0, 0, 0, 0, 0, 0, 1, 0]",,,27.09,17.8,869899.65
BOBS,,1,"[0, 0, 0, 0, 0, 0, 0, 0, 1, 0]",,,22.53,9.85,593194.85
UFPT,,1,"[0, 0, 0, 0, 0, 0, 0, 0, 1, 0]",,,334.84,185.28,125195.55
CLVT,,1,"[0, 0, 0, 0, 0, 0, 0, 0, 1, 0]",,,4.37,1.68,3837616.1
AIN,,1,"[0, 0, 0, 0, 0, 0, 0, 0, 1, 0]",,,75.9,40.6,269622.05
CTS,,1,"[0, 0, 0, 0, 0, 0, 0, 0, 1, 0]",,,68.27,36.39,154419.3
VOYG,,1,"[0, 0, 0, 0, 0, 0, 0, 0, 1, 0]",,,51.77,17.99,1235111.6
ZYME,,1,"[0, 0, 0, 0, 0, 0, 0, 0, 1, 0]",,,31.05,15.74,712504.1
CAPR,,1,"[0, 0, 0, 0, 0, 0, 0, 0, 1, 0]",,,35.34,3.85,11694295.5
PSIX,,1,"[0, 0, 0, 0, 0, 0, 0, 0, 1, 0]",,,115.78,25.44,329331.6
LOB,,1,"[0, 0, 0, 0, 0, 0, 0, 0, 1, 0]",,,43.73,29.31,205101.2
XPRO,,1,"[0, 0, 0, 0, 0, 0, 0, 0, 1, 0]",,,18.96,11.87,804967.3
PVLA,,1,"[0, 0, 0, 0, 0, 0, 0, 0, 1, 0]",,,157.77,54.51,194308.45
FLNG,,1,"[0, 0, 0, 0, 0, 0, 0, 0, 1, 0]",,,31.71,21.92,441319.85
SFL,,1,"[0, 0, 0, 0, 0, 0, 0, 0, 1, 0]",,,12.64,6.47,1303290.7
CYD,,1,"[0, 0, 0, 0, 0, 0, 0, 0, 1, 0]",,,58.55,31.69,125841.5
TILE,,1,"[0, 0, 0, 0, 0, 0, 0, 0, 1, 0]",,,39.29,24.38,498507.9
PCT,,1,"[0, 0, 0, 0, 0, 0, 0, 0, 1, 0]",,,15.13,5.06,3331134.6
LPG,,1,"[0, 0, 0, 0, 0, 0, 0, 0, 1, 0]",,,55.2,22.34,546759.6
TE,,1,"[0, 0, 0, 0, 0, 0, 0, 0, 1, 0]",,,12.04,1.75,20849376.95
WLTH,,1,"[0, 0, 0, 0, 0, 0, 0, 0, 1, 0]",,,13.95,7.2,1801149.8
VRDN,,1,"[0, 0, 0, 0, 0, 0, 0, 0, 1, 0]",,,33.78,13.3,1256468.75
NRIX,,1,"[0, 0, 0, 0, 0, 0, 0, 0, 1, 0]",,,27.79,8.24,1203913.75
QURE,,1,"[0, 0, 0, 0, 0, 0, 0, 0, 1, 0]",,,70.59,9.03,1150845.0
DV,,1,"[0, 0, 0, 0, 0, 0, 0, 0, 1, 0]",,,13.95,8.61,2590328.9
FIVN,,1,"[0, 0, 0, 0, 0, 0, 0, 0, 1, 0]",,,34.57,13.61,1615432.85
INVA,,1,"[0, 0, 0, 0, 0, 0, 0, 0, 1, 0]",,,24.24,16.67,628714.0
OPRA,,1,"[0, 0, 0, 0, 0, 0, 0, 0, 1, 0]",,,20.51,11.56,400317.1
ARDX,,1,"[0, 0, 0, 0, 0, 0, 0, 0, 1, 0]",,,7.99,3.71,3739460.75
POET,,1,"[0, 0, 0, 0, 0, 0, 0, 0, 1, 0]",,,20.57,4.17,9277827.25
NUVB,,1,"[0, 0, 0, 0, 0, 0, 0, 0, 1, 0]",,,9.54,3.01,5324710.05
PEB,,1,"[0, 0, 0, 0, 0, 0, 0, 0, 1, 0]",,,19.75,10.18,1931282.35
NTLA,,1,"[0, 0, 0, 0, 0, 0, 0, 0, 1, 0]",,,27.98,8.04,3368846.85
NVAX,,1,"[0, 0, 0, 0, 0, 0, 0, 0, 1, 0]",,,11.19,6.22,5512280.9
ARLO,,1,"[0, 0, 0, 0, 0, 0, 0, 0, 1, 0]",,,19.44,11.23,1269852.15
PRLB,,1,"[0, 0, 0, 0, 0, 0, 0, 0, 1, 0]",,,92.32,46.81,164889.3
DCOM,,1,"[0, 0, 0, 0, 0, 0, 0, 0, 1, 0]",,,41.74,25.24,247448.6
GLUE,,1,"[0, 0, 0, 0, 0, 0, 0, 0, 1, 0]",,,25.31,4.81,1029060.75
AMLX,,1,"[0, 0, 0, 0, 0, 0, 0, 0, 1, 0]",,,39.66,11.38,3710071.7
CLOV,,1,"[0, 0, 0, 0, 0, 0, 0, 0, 1, 0]",,,5.41,1.7,3554971.3
REX,,1,"[0, 0, 0, 0, 0, 0, 0, 0, 1, 0]",,,51.16,30.08,173878.05
STBA,,1,"[0, 0, 0, 0, 0, 0, 0, 0, 1, 0]",,,52.97,33.52,209592.7
KOS,,1,"[0, 0, 0, 0, 0, 0, 0, 0, 1, 0]",,,3.27,0.87,11338569.2
KSS,,1,"[0, 0, 0, 0, 0, 0, 0, 0, 1, 0]",,,,,4809752.8
IOVA,,1,"[0, 0, 0, 0, 0, 0, 0, 0, 1, 0]",,,8.99,1.81,14661487.4
PAHC,,1,"[0, 0, 0, 0, 0, 0, 0, 0, 1, 0]",,,59.14,28.31,228427.3
OUST,,1,"[0, 0, 0, 0, 0, 0, 0, 0, 1, 0]",,,62.52,16.63,2299466.75
STGW,,1,"[0, 0, 0, 0, 0, 0, 0, 0, 1, 0]",,,9.35,4.4,1046891.95
BAND,,1,"[0, 0, 0, 0, 0, 0, 0, 0, 1, 0]",,,78.44,12.82,753663.55
NVRI,,1,"[0, 0, 0, 0, 0, 0, 0, 0, 1, 0]",,,23.86,11.49,332095.7
ABCL,,1,"[0, 0, 0, 0, 0, 0, 0, 0, 1, 0]",,,12.5,2.78,6531686.5
HOPE,,1,"[0, 0, 0, 0, 0, 0, 0, 0, 1, 0]",,,14.5,9.53,780754.1
AMRC,,1,"[0, 0, 0, 0, 0, 0, 0, 0, 1, 0]",,,43.23,18.51,736743.8
TFIN,,1,"[0, 0, 0, 0, 0, 0, 0, 0, 1, 0]",,,81.08,46.95,174736.35
HCSG,,1,"[0, 0, 0, 0, 0, 0, 0, 0, 1, 0]",,,25.31,15.18,604350.25
DCH,,1,"[0, 0, 0, 0, 0, 0, 0, 0, 1, 0]",,,9.0,5.09,2353265.1
XHR,,1,"[0, 0, 0, 0, 0, 0, 0, 0, 1, 0]",,,21.82,11.98,670661.0
WLFC,,1,"[0, 0, 0, 0, 0, 0, 0, 0, 1, 0]",,,79.78,38.12,213269.45
GBX,,1,"[0, 0, 0, 0, 0, 0, 0, 0, 1, 0]",,,58.06,40.16,335555.1
LILAK,,1,"[0, 0, 0, 0, 0, 0, 0, 0, 1, 0]",,,8.68,4.7,1328712.75
LILA,,1,"[0, 0, 0, 0, 0, 0, 0, 0, 1, 0]",,,8.77,4.65,391654.0
ZD,,1,"[0, 0, 0, 0, 0, 0, 0, 0, 1, 0]",,,56.69,26.51,492071.45
ECVT,,1,"[0, 0, 0, 0, 0, 0, 0, 0, 1, 0]",,,14.97,7.84,1204888.05
VIR,,1,"[0, 0, 0, 0, 0, 0, 0, 0, 1, 0]",,,11.63,4.79,1930222.85
AHCO,,1,"[0, 0, 0, 0, 0, 0, 0, 0, 1, 0]",,,13.38,5.22,2707628.15
ALGT,,1,"[0, 0, 0, 0, 0, 0, 0, 0, 1, 0]",,,119.16,58.03,521268.35
TRS,,1,"[0, 0, 0, 0, 0, 0, 0, 0, 1, 0]",,,44.99,30.99,360979.1
CRML,,1,"[0, 0, 0, 0, 0, 0, 0, 0, 1, 0]",,,29.97,5.13,7734549.0
TH,,1,"[0, 0, 0, 0, 0, 0, 0, 0, 1, 0]",,,20.52,6.22,1801047.45
UAMY,,1,"[0, 0, 0, 0, 0, 0, 0, 0, 1, 0]",,,17.47,4.49,6956392.45
IMTX,,1,"[0, 0, 0, 0, 0, 0, 0, 0, 1, 0]",,,11.87,5.7,665648.6
GSL,,1,"[0, 0, 0, 0, 0, 0, 0, 0, 1, 0]",,,46.4,25.7,315573.05
YELP,,1,"[0, 0, 0, 0, 0, 0, 0, 0, 1, 0]",,,33.83,19.78,1064357.85
CNOB,,1,"[0, 0, 0, 0, 0, 0, 0, 0, 1, 0]",,,33.91,22.68,312158.4
RES,,1,"[0, 0, 0, 0, 0, 0, 0, 0, 1, 0]",,,7.9,4.12,1409474.7
BY,,1,"[0, 0, 0, 0, 0, 0, 0, 0, 1, 0]",,,39.75,25.35,273251.65
NVGS,,1,"[0, 0, 0, 0, 0, 0, 0, 0, 1, 0]",,,24.14,14.2,365788.55
PGEN,,1,"[0, 0, 0, 0, 0, 0, 0, 0, 1, 0]",,,7.44,3.1,4573352.45
BHVN,,1,"[0, 0, 0, 0, 0, 0, 0, 0, 1, 0]",,,18.11,7.79,3516830.3
TNC,,1,"[0, 0, 0, 0, 0, 0, 0, 0, 1, 0]",,,90.74,60.42,222629.05
HLF,,1,"[0, 0, 0, 0, 0, 0, 0, 0, 1, 0]",,,19.96,7.75,1718429.55
SHLS,,1,"[0, 0, 0, 0, 0, 0, 0, 0, 1, 0]",,,12.77,5.71,4704312.95
ATAI,,1,"[0, 0, 0, 0, 0, 0, 0, 0, 1, 0]",,,7.44,3.35,13792343.0
BCAX,,1,"[0, 0, 0, 0, 0, 0, 0, 0, 1, 0]",,,30.4,10.44,506178.7
GCT,,1,"[0, 0, 0, 0, 0, 0, 0, 0, 1, 0]",,,53.25,25.46,526281.4
AIP,,1,"[0, 0, 0, 0, 0, 0, 0, 0, 1, 0]",,,48.59,8.75,678790.75
GHRS,,1,"[0, 0, 0, 0, 0, 0, 0, 0, 1, 0]",,,30.64,11.94,194899.9
SBET,,1,"[0, 0, 0, 0, 0, 0, 0, 0, 1, 0]",,,19.24,4.56,9374855.2
GILT,,1,"[0, 0, 0, 0, 0, 0, 0, 0, 1, 0]",,,20.85,9.75,554459.25
AVAH,,1,"[0, 0, 0, 0, 0, 0, 0, 0, 1, 0]",,,14.02,6.22,4112188.85
CBL,,1,"[0, 0, 0, 0, 0, 0, 0, 0, 1, 0]",,,60.05,26.93,212251.7
BKSY,,1,"[0, 0, 0, 0, 0, 0, 0, 0, 1, 0]",,,51.63,13.14,854919.35
FTRE,,1,"[0, 0, 0, 0, 0, 0, 0, 0, 1, 0]",,,20.7,8.4,1124731.3
NSSC,,1,"[0, 0, 0, 0, 0, 0, 0, 0, 1, 0]",,,46.87,34.82,527204.2
DMRA,,1,"[0, 0, 0, 0, 0, 0, 0, 0, 1, 0]",,,34.14,2.75,351043.35
PRG,,1,"[0, 0, 0, 0, 0, 0, 0, 0, 1, 0]",,,47.37,25.86,502605.4
OBK,,1,"[0, 0, 0, 0, 0, 0, 0, 0, 1, 0]",,,54.96,31.84,165666.3
MUX,,1,"[0, 0, 0, 0, 0, 0, 0, 0, 1, 0]",,,29.05,13.5,1110963.55
PRCT,,1,"[0, 0, 0, 0, 0, 0, 0, 0, 1, 0]",,,39.57,16.69,986351.3
NBR,,1,"[0, 0, 0, 0, 0, 0, 0, 0, 1, 0]",,,110.63,36.99,211206.9
MAZE,,1,"[0, 0, 0, 0, 0, 0, 0, 0, 1, 0]",,,51.83,22.94,409728.8
ENVX,,1,"[0, 0, 0, 0, 0, 0, 0, 0, 1, 0]",,,13.19,3.13,8815381.35
TBLA,,1,"[0, 0, 0, 0, 0, 0, 0, 0, 1, 0]",,,5.58,2.95,2276289.35
URGN,,1,"[0, 0, 0, 0, 0, 0, 0, 0, 1, 0]",,,50.29,16.42,839203.05
NNE,,1,"[0, 0, 0, 0, 0, 0, 0, 0, 1, 0]",,,56.63,14.88,1670263.35
HROW,,1,"[0, 0, 0, 0, 0, 0, 0, 0, 1, 0]",,,54.8,29.03,464991.8
HLX,10.6,10,"[1, 1, 1, 1, 1, 1, 1, 1, 1, 1]",9.47,8.41,10.6,6.12,1500653.4
LINC,,1,"[0, 0, 0, 0, 0, 0, 0, 0, 1, 0]",,,55.68,17.8,1022983.4
RYZ,,1,"[0, 0, 0, 0, 0, 0, 0, 0, 1, 0]",,,30.81,19.43,418385.6
HLIT,,1,"[0, 0, 0, 0, 0, 0, 0, 0, 1, 0]",,,17.11,8.85,1622698.8
TROX,,1,"[0, 0, 0, 0, 0, 0, 0, 0, 1, 0]",,,10.34,2.82,2256442.05
VIA,,1,"[0, 0, 0, 0, 0, 0, 0, 0, 1, 0]",,,53.93,13.31,566437.9
LIND,,1,"[0, 0, 0, 0, 0, 0, 0, 0, 1, 0]",,,34.48,11.45,819564.85
IPX,,1,"[0, 0, 0, 0, 0, 0, 0, 0, 1, 0]",,,60.11,20.25,249731.05
WVE,,1,"[0, 0, 0, 0, 0, 0, 0, 0, 1, 0]",,,21.31,4.7,3466173.85
PLTK,,1,"[0, 0, 0, 0, 0, 0, 0, 0, 1, 0]",,,4.26,2.2,1563965.25
AVBP,,1,"[0, 0, 0, 0, 0, 0, 0, 0, 1, 0]",,,34.74,17.17,432698.25
RLJ,,1,"[0, 0, 0, 0, 0, 0, 0, 0, 1, 0]",,,12.48,6.26,1590785.35
LOMA,,1,"[0, 0, 0, 0, 0, 0, 0, 0, 1, 0]",,,13.12,7.13,400418.35
TV,,1,"[0, 0, 0, 0, 0, 0, 0, 0, 1, 0]",,,3.44,2.37,1189621.5
SBH,,1,"[0, 0, 0, 0, 0, 0, 0, 0, 1, 0]",,,17.0,11.82,1076917.0
CSIQ,,1,"[0, 0, 0, 0, 0, 0, 0, 0, 1, 0]",,,33.58,10.78,1953195.55
RXT,,1,"[0, 0, 0, 0, 0, 0, 0, 0, 1, 0]",,,7.53,0.41,6987112.45
GIII,,1,"[0, 0, 0, 0, 0, 0, 0, 0, 1, 0]",,,36.81,24.81,715831.4
BTGO,,1,"[0, 0, 0, 0, 0, 0, 0, 0, 1, 0]",,,18.49,4.69,1914529.6
TTI,,1,"[0, 0, 0, 0, 0, 0, 0, 0, 1, 0]",,,12.32,4.73,1894690.25
KDK,,1,"[0, 0, 0, 0, 0, 0, 0, 0, 1, 0]",,,10.92,3.5,997161.95
STAA,,1,"[0, 0, 0, 0, 0, 0, 0, 0, 1, 0]",,,33.34,16.1,903071.6
ARRY,,1,"[0, 0, 0, 0, 0, 0, 0, 0, 1, 0]",,,11.96,4.36,5892115.3
BAK,,1,"[0, 0, 0, 0, 0, 0, 0, 0, 1, 0]",,,5.02,1.48,3080214.2
TDOC,,1,"[0, 0, 0, 0, 0, 0, 0, 0, 1, 0]",,,9.72,4.47,3431612.15
WLDN,,1,"[0, 0, 0, 0, 0, 0, 0, 0, 1, 0]",,,134.94,66.91,215730.45
CRVS,,1,"[0, 0, 0, 0, 0, 0, 0, 0, 1, 0]",,,25.52,5.74,739670.45
CRI,,1,"[0, 0, 0, 0, 0, 0, 0, 0, 1, 0]",,,43.42,26.65,1330797.15
PLSE,,1,"[0, 0, 0, 0, 0, 0, 0, 0, 1, 0]",,,54.71,12.66,592264.15
OLMA,,1,"[0, 0, 0, 0, 0, 0, 0, 0, 1, 0]",,,35.83,7.75,869917.45
TEN,,1,"[0, 0, 0, 0, 0, 0, 0, 0, 1, 0]",,,44.32,20.51,275051.75
WBI,,1,"[0, 0, 0, 0, 0, 0, 0, 0, 1, 0]",,,36.15,18.66,492578.8
ATLC,,1,"[0, 0, 0, 0, 0, 0, 0, 0, 1, 0]",,,111.79,47.96,132274.7
JBIO,,1,"[0, 0, 0, 0, 0, 0, 0, 0, 1, 0]",,,26.85,6.95,795937.65
GPRE,,1,"[0, 0, 0, 0, 0, 0, 0, 0, 1, 0]",,,19.23,8.79,1563638.9
RCAT,,1,"[0, 0, 0, 0, 0, 0, 0, 0, 1, 0]",,,17.36,6.14,7019946.2
MRTN,,1,"[0, 0, 0, 0, 0, 0, 0, 0, 1, 0]",,,18.22,9.28,471555.55
DSGR,,1,"[0, 0, 0, 0, 0, 0, 0, 0, 1, 0]",,,34.96,19.31,209385.3
EVLV,,1,"[0, 0, 0, 0, 0, 0, 0, 0, 1, 0]",,,8.76,4.9,1869809.4
NPKI,,1,"[0, 0, 0, 0, 0, 0, 0, 0, 1, 0]",,,16.35,10.53,764577.3
ABTC,,1,"[0, 0, 0, 0, 0, 0, 0, 0, 1, 0]",,,124.2,5.19,1903192.0
DQ,,1,"[0, 0, 0, 0, 0, 0, 0, 0, 1, 0]",,,35.69,11.63,1022535.7
AMAL,,1,"[0, 0, 0, 0, 0, 0, 0, 0, 1, 0]",,,51.08,24.83,183282.4
VTOL,,1,"[0, 0, 0, 0, 0, 0, 0, 0, 1, 0]",,,49.73,35.4,248146.0
PGY,,1,"[0, 0, 0, 0, 0, 0, 0, 0, 1, 0]",,,43.81,10.64,2077335.65
NAT,,1,"[0, 0, 0, 0, 0, 0, 0, 0, 1, 0]",,,7.27,2.86,3745197.25
PNTG,,1,"[0, 0, 0, 0, 0, 0, 0, 0, 1, 0]",,,42.02,23.64,229856.8
MRVI,,1,"[0, 0, 0, 0, 0, 0, 0, 0, 1, 0]",,,9.0,2.67,4809356.1
NSP,,1,"[0, 0, 0, 0, 0, 0, 0, 0, 1, 0]",,,53.4,19.32,309932.7
MLTX,,1,"[0, 0, 0, 0, 0, 0, 0, 0, 1, 0]",,,61.99,6.24,1139088.75
BLDP,,1,"[0, 0, 0, 0, 0, 0, 0, 0, 1, 0]",,,6.38,1.97,3013656.35
UFCS,,1,"[0, 0, 0, 0, 0, 0, 0, 0, 1, 0]",,,55.98,29.65,152398.55
REAL,,1,"[0, 0, 0, 0, 0, 0, 0, 0, 1, 0]",,,16.9,8.12,2696535.1
JKS,,1,"[0, 0, 0, 0, 0, 0, 0, 0, 1, 0]",,,28.22,11.98,789992.65
AORT,,1,"[0, 0, 0, 0, 0, 0, 0, 0, 1, 0]",,,47.63,20.1,642267.0
KMTS,,1,"[0, 0, 0, 0, 0, 0, 0, 0, 1, 0]",,,28.35,17.87,255939.75
ASTE,,1,"[0, 0, 0, 0, 0, 0, 0, 0, 1, 0]",,,64.66,40.33,213503.55
COLL,,1,"[0, 0, 0, 0, 0, 0, 0, 0, 1, 0]",,,49.84,23.36,885050.1
TK,,1,"[0, 0, 0, 0, 0, 0, 0, 0, 1, 0]",,,13.83,7.31,544376.9
VSTS,,1,"[0, 0, 0, 0, 0, 0, 0, 0, 1, 0]",,,16.5,4.06,1258369.95
DLX,,1,"[0, 0, 0, 0, 0, 0, 0, 0, 1, 0]",,,31.11,17.03,460308.55
CCO,,1,"[0, 0, 0, 0, 0, 0, 0, 0, 1, 0]",,,2.43,1.29,9871026.25
ULCC,,1,"[0, 0, 0, 0, 0, 0, 0, 0, 1, 0]",,,8.06,3.1,2353051.2
ITRN,,1,"[0, 0, 0, 0, 0, 0, 0, 0, 1, 0]",,,65.85,32.8,116176.9
ELE,,1,"[0, 0, 0, 0, 0, 0, 0, 0, 1, 0]",,,24.16,12.54,273766.8
ADTN,,1,"[0, 0, 0, 0, 0, 0, 0, 0, 1, 0]",,,19.4,7.1,1673617.15
ACDC,,1,"[0, 0, 0, 0, 0, 0, 0, 0, 1, 0]",,,8.06,3.19,1407797.75
XPEL,,1,"[0, 0, 0, 0, 0, 0, 0, 0, 1, 0]",,,54.95,32.17,174686.4
PRCH,,1,"[0, 0, 0, 0, 0, 0, 0, 0, 1, 0]",,,18.89,6.4,1139364.7
CMP,,1,"[0, 0, 0, 0, 0, 0, 0, 0, 1, 0]",,,33.51,16.54,415423.1
NEO,,1,"[0, 0, 0, 0, 0, 0, 0, 0, 1, 0]",,,18.64,7.19,1579514.7
MPLT,,1,"[0, 0, 0, 0, 0, 0, 0, 0, 1, 0]",,,39.8,9.9,609395.35
GOOS,,1,"[0, 0, 0, 0, 0, 0, 0, 0, 1, 0]",,,14.63,7.59,795255.2
PRSU,,1,"[0, 0, 0, 0, 0, 0, 0, 0, 1, 0]",,,55.97,32.28,193744.0
VYX,,1,"[0, 0, 0, 0, 0, 0, 0, 0, 1, 0]",,,13.15,6.15,2614153.65
GOLD,,1,"[0, 0, 0, 0, 0, 0, 0, 0, 1, 0]",,,63.6,24.33,678304.8
HQH,21.75,8,"[0, 1, 1, 1, 1, 1, 1, 1, 1, 0]",21.95,19.02,23.99,14.54,179740.8
EYPT,,1,"[0, 0, 0, 0, 0, 0, 0, 0, 1, 0]",,,18.85,4.34,7205210.3
AOSL,,1,"[0, 0, 0, 0, 0, 0, 0, 0, 1, 0]",,,53.32,17.47,613305.2
ALNT,,1,"[0, 0, 0, 0, 0, 0, 0, 0, 1, 0]",,,114.24,41.98,215700.85
GNK,,1,"[0, 0, 0, 0, 0, 0, 0, 0, 1, 0]",,,27.65,14.42,740621.2
LQDT,,1,"[0, 0, 0, 0, 0, 0, 0, 0, 1, 0]",,,43.58,22.16,208268.8
XERS,,1,"[0, 0, 0, 0, 0, 0, 0, 0, 1, 0]",,,9.9,5.29,1541619.5
CDNA,,1,"[0, 0, 0, 0, 0, 0, 0, 0, 1, 0]",,,52.36,13.53,1134371.9
ZBIO,,1,"[0, 0, 0, 0, 0, 0, 0, 0, 1, 0]",,,43.17,15.2,718451.85
EVEX,,1,"[0, 0, 0, 0, 0, 0, 0, 0, 1, 0]",,,5.06,2.15,792508.25
AMN,,1,"[0, 0, 0, 0, 0, 0, 0, 0, 1, 0]",,,36.6,15.1,534645.8
BUR,,1,"[0, 0, 0, 0, 0, 0, 0, 0, 1, 0]",,,12.83,3.92,1385668.75
TDAY,,1,"[0, 0, 0, 0, 0, 0, 0, 0, 1, 0]",,,9.03,3.49,2481862.35
ACVA,,1,"[0, 0, 0, 0, 0, 0, 0, 0, 1, 0]",,,10.4,4.15,3984186.95
KODK,,1,"[0, 0, 0, 0, 0, 0, 0, 0, 1, 0]",,,14.51,5.79,850176.4
DBVT,,1,"[0, 0, 0, 0, 0, 0, 0, 0, 1, 0]",,,24.54,8.89,163217.0
IVA,,1,"[0, 0, 0, 0, 0, 0, 0, 0, 1, 0]",,,7.15,3.41,857768.55
ASST,,1,"[0, 0, 0, 0, 0, 0, 0, 0, 1, 0]",,,178.2,7.16,9722965.85
UVE,,1,"[0, 0, 0, 0, 0, 0, 0, 0, 1, 0]",,,45.08,24.14,177253.55
OSBC,,1,"[0, 0, 0, 0, 0, 0, 0, 0, 1, 0]",,,25.91,16.49,392736.05
MNKD,,1,"[0, 0, 0, 0, 0, 0, 0, 0, 1, 0]",,,6.21,2.28,3299781.1
GHM,,1,"[0, 0, 0, 0, 0, 0, 0, 0, 1, 0]",,,123.79,48.88,181187.4
BFLY,,1,"[0, 0, 0, 0, 0, 0, 0, 0, 1, 0]",,,9.7,1.55,4458215.1
NWPX,,1,"[0, 0, 0, 0, 0, 0, 0, 0, 1, 0]",,,149.94,49.43,142827.85
LGIH,,1,"[0, 0, 0, 0, 0, 0, 0, 0, 1, 0]",,,65.84,34.24,263069.05
SATL,,1,"[0, 0, 0, 0, 0, 0, 0, 0, 1, 0]",,,10.74,1.27,4213506.3
IART,,1,"[0, 0, 0, 0, 0, 0, 0, 0, 1, 0]",,,19.85,8.9,636104.15
UVSP,42.57,8,"[0, 1, 1, 1, 1, 1, 1, 1, 1, 0]",43.1,37.43,44.98,27.6,186083.55
SEPN,,1,"[0, 0, 0, 0, 0, 0, 0, 0, 1, 0]",,,48.19,14.28,378011.05
SVRA,,1,"[0, 0, 0, 0, 0, 0, 0, 0, 1, 0]",,,6.94,3.37,1543727.8
SVC,,1,"[0, 0, 0, 0, 0, 0, 0, 0, 1, 0]",,,14.24,5.83,1414407.15
TNDM,,1,"[0, 0, 0, 0, 0, 0, 0, 0, 1, 0]",,,28.26,11.79,1451005.05
PDM,,1,"[0, 0, 0, 0, 0, 0, 0, 0, 1, 0]",,,9.96,6.39,1087875.3
ATEX,,1,"[0, 0, 0, 0, 0, 0, 0, 0, 1, 0]",,,108.21,17.99,299854.4
PLOW,,1,"[0, 0, 0, 0, 0, 0, 0, 0, 1, 0]",,,54.2,28.96,200076.75
RERE,,1,"[0, 0, 0, 0, 0, 0, 0, 0, 1, 0]",,,6.2,3.62,1224020.15
APEI,,1,"[0, 0, 0, 0, 0, 0, 0, 0, 1, 0]",,,60.86,30.67,235474.75
CEVA,,1,"[0, 0, 0, 0, 0, 0, 0, 0, 1, 0]",,,50.06,17.21,852460.0
INNV,,1,"[0, 0, 0, 0, 0, 0, 0, 0, 1, 0]",,,12.11,3.99,243725.3
HTLD,,1,"[0, 0, 0, 0, 0, 0, 0, 0, 1, 0]",,,16.2,7.04,710973.15
CFFN,,1,"[0, 0, 0, 0, 0, 0, 0, 0, 1, 0]",,,9.1,5.72,768768.25
OMER,,1,"[0, 0, 0, 0, 0, 0, 0, 0, 1, 0]",,,19.39,4.03,2291825.3
LMRI,,1,"[0, 0, 0, 0, 0, 0, 0, 0, 1, 0]",,,18.53,6.77,423192.85
LXU,,1,"[0, 0, 0, 0, 0, 0, 0, 0, 1, 0]",,,16.88,7.76,698778.35
GDRX,,1,"[0, 0, 0, 0, 0, 0, 0, 0, 1, 0]",,,5.03,1.87,1556041.75
KOPN,,1,"[0, 0, 0, 0, 0, 0, 0, 0, 1, 0]",,,6.39,1.82,3486713.9
DAKT,,1,"[0, 0, 0, 0, 0, 0, 0, 0, 1, 0]",,,27.73,17.27,705659.25
INR,,1,"[0, 0, 0, 0, 0, 0, 0, 0, 1, 0]",,,19.23,11.2,214561.55
EPC,,1,"[0, 0, 0, 0, 0, 0, 0, 0, 1, 0]",,,29.5,15.6,499756.5
INDI,,1,"[0, 0, 0, 0, 0, 0, 0, 0, 1, 0]",,,6.0,2.44,6874155.45
PHAT,,1,"[0, 0, 0, 0, 0, 0, 0, 0, 1, 0]",,,18.08,8.23,1004969.0
CRON,,1,"[0, 0, 0, 0, 0, 0, 0, 0, 1, 0]",,,3.55,2.3,1252781.05
JMIA,,1,"[0, 0, 0, 0, 0, 0, 0, 0, 1, 0]",,,14.6,5.69,1799109.45
XNCR,,1,"[0, 0, 0, 0, 0, 0, 0, 0, 1, 0]",,,29.3,8.49,1370053.0
CMPS,,1,"[0, 0, 0, 0, 0, 0, 0, 0, 1, 0]",,,15.17,4.9,2474533.75
METC,,1,"[0, 0, 0, 0, 0, 0, 0, 0, 1, 0]",,,54.55,8.9,2211220.9
AMBQ,,1,"[0, 0, 0, 0, 0, 0, 0, 0, 1, 0]",,,90.48,22.76,433488.05
NUTX,,1,"[0, 0, 0, 0, 0, 0, 0, 0, 1, 0]",,,197.68,87.01,148921.25
CODI,,1,"[0, 0, 0, 0, 0, 0, 0, 0, 1, 0]",,,12.71,4.65,625840.7
SANA,,1,"[0, 0, 0, 0, 0, 0, 0, 0, 1, 0]",,,5.92,2.68,3014898.8
SCSC,,1,"[0, 0, 0, 0, 0, 0, 0, 0, 1, 0]",,,58.89,34.27,335791.45
NX,,1,"[0, 0, 0, 0, 0, 0, 0, 0, 1, 0]",,,22.93,11.09,421333.55
AVO,,1,"[0, 0, 0, 0, 0, 0, 0, 0, 1, 0]",,,15.34,10.11,580552.65
ANNX,,1,"[0, 0, 0, 0, 0, 0, 0, 0, 1, 0]",,,6.96,2.42,2649113.75
AMTB,,1,"[0, 0, 0, 0, 0, 0, 0, 0, 1, 0]",,,30.49,16.43,299171.85
ABSI,,1,"[0, 0, 0, 0, 0, 0, 0, 0, 1, 0]",,,11.62,2.3,2803326.4
AMC,,1,"[0, 0, 0, 0, 0, 0, 0, 0, 1, 0]",,,3.15,0.95,20374183.5
ORIC,,1,"[0, 0, 0, 0, 0, 0, 0, 0, 1, 0]",,,14.65,7.47,1082529.3
RHLD,,1,"[0, 0, 0, 0, 0, 0, 0, 0, 1, 0]",,,226.37,66.28,176413.35
TBN,,1,"[0, 0, 0, 0, 0, 0, 0, 0, 1, 0]",,,49.99,20.5,133968.15
JBSS,,1,"[0, 0, 0, 0, 0, 0, 0, 0, 1, 0]",,,88.51,56.28,154772.85
MGTX,,1,"[0, 0, 0, 0, 0, 0, 0, 0, 1, 0]",,,14.97,6.99,763956.95
HEPS,,1,"[0, 0, 0, 0, 0, 0, 0, 0, 1, 0]",,,3.29,2.18,233613.4
AGL,,1,"[0, 0, 0, 0, 0, 0, 0, 0, 1, 0]",,,129.84,7.91,206579.1
HAFC,,1,"[0, 0, 0, 0, 0, 0, 0, 0, 1, 0]",,,33.02,22.1,186221.65
SLS,,1,"[0, 0, 0, 0, 0, 0, 0, 0, 1, 0]",,,15.46,1.39,7125447.6
BJRI,,1,"[0, 0, 0, 0, 0, 0, 0, 0, 1, 0]",,,74.26,28.69,451353.6
CGEM,,1,"[0, 0, 0, 0, 0, 0, 0, 0, 1, 0]",,,22.95,5.75,763491.9
VPG,,1,"[0, 0, 0, 0, 0, 0, 0, 0, 1, 0]",,,149.91,29.28,489819.7
SHEN,,1,"[0, 0, 0, 0, 0, 0, 0, 0, 1, 0]",,,17.1,9.9,454974.35
ROOT,,1,"[0, 0, 0, 0, 0, 0, 0, 0, 1, 0]",,,102.88,43.21,209896.6
GERN,,1,"[0, 0, 0, 0, 0, 0, 0, 0, 1, 0]",,,1.95,1.07,9411220.65
VLRS,,1,"[0, 0, 0, 0, 0, 0, 0, 0, 1, 0]",,,10.63,6.04,457215.8
LXRX,,1,"[0, 0, 0, 0, 0, 0, 0, 0, 1, 0]",,,2.64,1.09,2476897.55
DSGN,,1,"[0, 0, 0, 0, 0, 0, 0, 0, 1, 0]",,,15.94,5.53,595519.35
HNRG,,1,"[0, 0, 0, 0, 0, 0, 0, 0, 1, 0]",,,23.81,13.7,617686.35
NB,,1,"[0, 0, 0, 0, 0, 0, 0, 0, 1, 0]",,,11.67,3.86,2825194.4
MATW,,1,"[0, 0, 0, 0, 0, 0, 0, 0, 1, 0]",,,28.54,20.37,783530.95
TBPH,,1,"[0, 0, 0, 0, 0, 0, 0, 0, 1, 0]",,,20.74,13.57,374316.4
BVS,,1,"[0, 0, 0, 0, 0, 0, 0, 0, 1, 0]",,,15.26,6.51,567504.5
OMDA,,1,"[0, 0, 0, 0, 0, 0, 0, 0, 1, 0]",,,26.78,10.94,1058716.65
SCHL,,1,"[0, 0, 0, 0, 0, 0, 0, 0, 1, 0]",,,47.04,23.65,289380.45
ABX,,1,"[0, 0, 0, 0, 0, 0, 0, 0, 1, 0]",,,12.0,4.87,467854.3
SPRY,,1,"[0, 0, 0, 0, 0, 0, 0, 0, 1, 0]",,,13.06,5.13,1639673.0
CTMX,,1,"[0, 0, 0, 0, 0, 0, 0, 0, 1, 0]",,,6.75,1.93,3048994.1
MYE,,1,"[0, 0, 0, 0, 0, 0, 0, 0, 1, 0]",,,36.74,15.41,329580.25
ABUS,,1,"[0, 0, 0, 0, 0, 0, 0, 0, 1, 0]",,,5.22,3.67,4961994.95
AEVA,,1,"[0, 0, 0, 0, 0, 0, 0, 0, 1, 0]",,,29.29,9.19,1527632.5
KOP,,1,"[0, 0, 0, 0, 0, 0, 0, 0, 1, 0]",,,52.23,26.11,175073.9
NBBK,,1,"[0, 0, 0, 0, 0, 0, 0, 0, 1, 0]",,,23.25,16.64,300641.2
IBTA,,1,"[0, 0, 0, 0, 0, 0, 0, 0, 1, 0]",,,39.13,19.25,195156.25
CRSR,,1,"[0, 0, 0, 0, 0, 0, 0, 0, 1, 0]",,,14.35,4.58,1389825.0
KRO,,1,"[0, 0, 0, 0, 0, 0, 0, 0, 1, 0]",,,8.86,4.19,372080.15
ODD,,1,"[0, 0, 0, 0, 0, 0, 0, 0, 1, 0]",,,63.67,9.81,1423643.5
DRUG,,1,"[0, 0, 0, 0, 0, 0, 0, 0, 1, 0]",,,95.99,44.68,109375.3
KURA,,1,"[0, 0, 0, 0, 0, 0, 0, 0, 1, 0]",,,13.59,7.4,2471413.35
SCZM,,1,"[0, 0, 0, 0, 0, 0, 0, 0, 1, 0]",,,16.16,4.92,509964.95
CVLG,,1,"[0, 0, 0, 0, 0, 0, 0, 0, 1, 0]",,,49.78,17.9,202490.3
PURR,,1,"[0, 0, 0, 0, 0, 0, 0, 0, 1, 0]",,,12.83,3.1,26881563.3
TSAT,,1,"[0, 0, 0, 0, 0, 0, 0, 0, 1, 0]",,,61.4,21.93,185741.6
SG,,1,"[0, 0, 0, 0, 0, 0, 0, 0, 1, 0]",,,10.21,4.7,4882329.6
VOR,,1,"[0, 0, 0, 0, 0, 0, 0, 0, 1, 0]",,,48.72,6.86,717258.9
EVMN,,1,"[0, 0, 0, 0, 0, 0, 0, 0, 1, 0]",,,31.57,10.84,611820.1
WYFI,,1,"[0, 0, 0, 0, 0, 0, 0, 0, 1, 0]",,,44.77,10.78,3055602.05
SABR,,1,"[0, 0, 0, 0, 0, 0, 0, 0, 1, 0]",,,2.26,0.82,3555974.45
CGNT,,1,"[0, 0, 0, 0, 0, 0, 0, 0, 1, 0]",,,12.24,6.34,661845.2
ETON,,1,"[0, 0, 0, 0, 0, 0, 0, 0, 1, 0]",,,64.43,14.35,690189.8
WEST,,1,"[0, 0, 0, 0, 0, 0, 0, 0, 1, 0]",,,9.73,3.71,316745.2
EGBN,,1,"[0, 0, 0, 0, 0, 0, 0, 0, 1, 0]",,,29.12,15.78,211404.5
GO,,1,"[0, 0, 0, 0, 0, 0, 0, 0, 1, 0]",,,17.81,5.79,2938660.35
BIOA,,1,"[0, 0, 0, 0, 0, 0, 0, 0, 1, 0]",,,25.1,4.8,531601.2
ASC,,1,"[0, 0, 0, 0, 0, 0, 0, 0, 1, 0]",,,18.36,9.69,616319.75
ADAM,,1,"[0, 0, 0, 0, 0, 0, 0, 0, 1, 0]",,,10.23,5.99,756558.35
DXYZ,,1,"[0, 0, 0, 0, 0, 0, 0, 0, 1, 0]",,,71.24,20.82,1253662.5
SUPV,,1,"[0, 0, 0, 0, 0, 0, 0, 0, 1, 0]",,,12.86,4.69,626954.85
NRGV,,1,"[0, 0, 0, 0, 0, 0, 0, 0, 1, 0]",,,6.49,2.03,3647047.75
IMSR,,1,"[0, 0, 0, 0, 0, 0, 0, 0, 1, 0]",,,27.1,4.62,1054382.15
ANRO,,1,"[0, 0, 0, 0, 0, 0, 0, 0, 1, 0]",,,36.64,3.6,520139.85
KFRC,,1,"[0, 0, 0, 0, 0, 0, 0, 0, 1, 0]",,,60.45,23.68,273327.5
CWH,,1,"[0, 0, 0, 0, 0, 0, 0, 0, 1, 0]",,,17.3,5.63,1513040.95
ARKO,,1,"[0, 0, 0, 0, 0, 0, 0, 0, 1, 0]",,,8.58,3.73,1045258.7
IHRT,,1,"[0, 0, 0, 0, 0, 0, 0, 0, 1, 0]",,,6.33,2.37,495905.65
PSTL,,1,"[0, 0, 0, 0, 0, 0, 0, 0, 1, 0]",,,24.72,13.9,284179.95
MTUS,,1,"[0, 0, 0, 0, 0, 0, 0, 0, 1, 0]",,,22.03,14.56,327792.55
RLMD,,1,"[0, 0, 0, 0, 0, 0, 0, 0, 1, 0]",,,7.86,1.51,1035942.9
CRESY,,1,"[0, 0, 0, 0, 0, 0, 0, 0, 1, 0]",,,14.11,7.88,254668.5
CBLL,,1,"[0, 0, 0, 0, 0, 0, 0, 0, 1, 0]",,,24.89,10.92,338762.75
LYTS,,1,"[0, 0, 0, 0, 0, 0, 0, 0, 1, 0]",,,26.73,17.13,490305.2
NXDR,,1,"[0, 0, 0, 0, 0, 0, 0, 0, 1, 0]",,,2.77,1.36,1733973.95
DSP,,1,"[0, 0, 0, 0, 0, 0, 0, 0, 1, 0]",,,14.09,8.14,207080.95
PGC,,1,"[0, 0, 0, 0, 0, 0, 0, 0, 1, 0]",,,48.28,24.62,127765.35
HZO,,1,"[0, 0, 0, 0, 0, 0, 0, 0, 1, 0]",,,52.46,21.43,739937.7
ALLO,,1,"[0, 0, 0, 0, 0, 0, 0, 0, 1, 0]",,,3.06,1.05,5157604.55
HSHP,,1,"[0, 0, 0, 0, 0, 0, 0, 0, 1, 0]",,,18.35,6.83,345828.85
DRTS,,1,"[0, 0, 0, 0, 0, 0, 0, 0, 1, 0]",,,15.03,3.47,638555.65
FOXF,,1,"[0, 0, 0, 0, 0, 0, 0, 0, 1, 0]",,,28.81,13.19,402650.4
PRAA,,1,"[0, 0, 0, 0, 0, 0, 0, 0, 1, 0]",,,22.23,10.42,335531.1
NTGR,,1,"[0, 0, 0, 0, 0, 0, 0, 0, 1, 0]",,,36.01,19.87,307317.7
HPK,,1,"[0, 0, 0, 0, 0, 0, 0, 0, 1, 0]",,,8.32,3.89,354934.3
KRNT,,1,"[0, 0, 0, 0, 0, 0, 0, 0, 1, 0]",,,18.04,12.31,286102.3
FCEL,,1,"[0, 0, 0, 0, 0, 0, 0, 0, 1, 0]",,,36.01,6.0,8328818.45
EVER,,1,"[0, 0, 0, 0, 0, 0, 0, 0, 1, 0]",,,27.87,14.27,536431.55
GFR,,1,"[0, 0, 0, 0, 0, 0, 0, 0, 1, 0]",,,7.1,4.33,1193497.75
LPTH,,1,"[0, 0, 0, 0, 0, 0, 0, 0, 1, 0]",,,18.15,5.3,3561860.15
SB,,1,"[0, 0, 0, 0, 0, 0, 0, 0, 1, 0]",,,9.17,4.03,1088491.7
HIVE,,1,"[0, 0, 0, 0, 0, 0, 0, 0, 1, 0]",,,6.96,1.75,24058066.95
SLDB,,1,"[0, 0, 0, 0, 0, 0, 0, 0, 1, 0]",,,11.15,3.93,818055.75
GDOT,,1,"[0, 0, 0, 0, 0, 0, 0, 0, 1, 0]",,,15.25,10.53,292787.35
MAKO,,1,"[0, 0, 0, 0, 0, 0, 0, 0, 1, 0]",,,11.07,4.72,179571.35
MVST,,1,"[0, 0, 0, 0, 0, 0, 0, 0, 1, 0]",,,6.4,0.62,7160160.8
MITK,,1,"[0, 0, 0, 0, 0, 0, 0, 0, 1, 0]",,,20.14,8.65,653153.55
RDVT,,1,"[0, 0, 0, 0, 0, 0, 0, 0, 1, 0]",,,76.43,34.4,231228.7
KRUS,,1,"[0, 0, 0, 0, 0, 0, 0, 0, 1, 0]",,,83.02,42.07,169362.75
MRLN,,1,"[0, 0, 0, 0, 0, 0, 0, 0, 1, 0]",,,16.09,2.81,1315521.6
BLMN,,1,"[0, 0, 0, 0, 0, 0, 0, 0, 1, 0]",,,11.85,5.26,1773597.1
IRWD,,1,"[0, 0, 0, 0, 0, 0, 0, 0, 1, 0]",,,5.39,1.24,1580325.1
HUYA,,1,"[0, 0, 0, 0, 0, 0, 0, 0, 1, 0]",,,4.6,2.06,1581481.3
SLDP,,1,"[0, 0, 0, 0, 0, 0, 0, 0, 1, 0]",,,8.51,2.0,2598590.2
ACRS,,1,"[0, 0, 0, 0, 0, 0, 0, 0, 1, 0]",,,6.53,1.81,1818468.65
HRTG,,1,"[0, 0, 0, 0, 0, 0, 0, 0, 1, 0]",,,35.21,20.88,247660.4
CYRX,,1,"[0, 0, 0, 0, 0, 0, 0, 0, 1, 0]",,,17.13,7.72,507647.45
CTO,,1,"[0, 0, 0, 0, 0, 0, 0, 0, 1, 0]",,,22.53,14.38,348091.0
ASPI,,1,"[0, 0, 0, 0, 0, 0, 0, 0, 1, 0]",,,14.05,3.54,3311580.3
OXM,,1,"[0, 0, 0, 0, 0, 0, 0, 0, 1, 0]",,,48.22,30.22,437022.1
GRPN,,1,"[0, 0, 0, 0, 0, 0, 0, 0, 1, 0]",,,28.58,9.64,1000637.85
ALRS,,1,"[0, 0, 0, 0, 0, 0, 0, 0, 1, 0]",,,34.12,20.29,137377.9
LAES,,1,"[0, 0, 0, 0, 0, 0, 0, 0, 1, 0]",,,7.65,2.09,7622308.0
INN,,1,"[0, 0, 0, 0, 0, 0, 0, 0, 1, 0]",,,6.98,3.92,828501.5
PKE,,1,"[0, 0, 0, 0, 0, 0, 0, 0, 1, 0]",,,38.23,18.3,222079.85
STRO,,1,"[0, 0, 0, 0, 0, 0, 0, 0, 1, 0]",,,40.91,7.3,218869.6
TLRY,,1,"[0, 0, 0, 0, 0, 0, 0, 0, 1, 0]",,,21.0,3.88,3539728.7
SHBI,,1,"[0, 0, 0, 0, 0, 0, 0, 0, 1, 0]",,,24.46,14.81,160914.85
EVC,,1,"[0, 0, 0, 0, 0, 0, 0, 0, 1, 0]",,,13.48,1.91,1206118.45
ZVRA,,1,"[0, 0, 0, 0, 0, 0, 0, 0, 1, 0]",,,14.75,7.23,861525.15
CARS,,1,"[0, 0, 0, 0, 0, 0, 0, 0, 1, 0]",,,13.79,7.58,504026.65
CLYM,,1,"[0, 0, 0, 0, 0, 0, 0, 0, 1, 0]",,,17.84,1.64,1655486.9
CWBC,,1,"[0, 0, 0, 0, 0, 0, 0, 0, 1, 0]",,,27.89,19.45,209822.95
SPIR,,1,"[0, 0, 0, 0, 0, 0, 0, 0, 1, 0]",,,25.48,7.02,568046.7
SWBI,,1,"[0, 0, 0, 0, 0, 0, 0, 0, 1, 0]",,,16.53,7.92,657301.25
ARVN,,1,"[0, 0, 0, 0, 0, 0, 0, 0, 1, 0]",,,13.83,6.98,600511.15
AVR,,1,"[0, 0, 0, 0, 0, 0, 0, 0, 1, 0]",,,10.57,3.38,646167.35
NKLR,,1,"[0, 0, 0, 0, 0, 0, 0, 0, 1, 0]",,,18.26,3.91,244032.75
VTEX,,1,"[0, 0, 0, 0, 0, 0, 0, 0, 1, 0]",,,4.65,2.87,719885.9
MRAM,,1,"[0, 0, 0, 0, 0, 0, 0, 0, 1, 0]",,,44.01,6.79,1073447.25
CABA,,1,"[0, 0, 0, 0, 0, 0, 0, 0, 1, 0]",,,4.15,1.81,5209809.7
KE,,1,"[0, 0, 0, 0, 0, 0, 0, 0, 1, 0]",,,33.13,22.63,224381.0
CNNE,,1,"[0, 0, 0, 0, 0, 0, 0, 0, 1, 0]",,,18.91,10.53,479636.45
PSNL,,1,"[0, 0, 0, 0, 0, 0, 0, 0, 1, 0]",,,18.38,5.04,3696463.0
CCSI,,1,"[0, 0, 0, 0, 0, 0, 0, 0, 1, 0]",,,39.85,20.24,195834.65
ANGX,,1,"[0, 0, 0, 0, 0, 0, 0, 0, 1, 0]",,,16.0,2.18,1580657.4
NPCE,,1,"[0, 0, 0, 0, 0, 0, 0, 0, 1, 0]",,,19.29,9.4,133856.05
RGR,,1,"[0, 0, 0, 0, 0, 0, 0, 0, 1, 0]",,,46.58,28.51,129845.05
TDUP,,1,"[0, 0, 0, 0, 0, 0, 0, 0, 1, 0]",,,10.92,2.52,2209416.55
SXC,,1,"[0, 0, 0, 0, 0, 0, 0, 0, 1, 0]",,,10.57,5.51,1055958.2
DNUT,,1,"[0, 0, 0, 0, 0, 0, 0, 0, 1, 0]",,,4.7,2.92,2607167.25
BCAL,,1,"[0, 0, 0, 0, 0, 0, 0, 0, 1, 0]",,,21.9,15.74,162431.1
PHR,,1,"[0, 0, 0, 0, 0, 0, 0, 0, 1, 0]",,,25.48,8.06,807283.25
RYAM,,1,"[0, 0, 0, 0, 0, 0, 0, 0, 1, 0]",,,11.75,5.52,764142.3
FEIM,,1,"[0, 0, 0, 0, 0, 0, 0, 0, 1, 0]",,,79.85,27.07,219838.15
NPB,,1,"[0, 0, 0, 0, 0, 0, 0, 0, 1, 0]",,,19.28,15.72,211412.35
TRON,,1,"[0, 0, 0, 0, 0, 0, 0, 0, 1, 0]",,,4.13,1.13,1590067.1
CADL,,1,"[0, 0, 0, 0, 0, 0, 0, 0, 1, 0]",,,13.75,4.42,1274244.8
BWMN,,1,"[0, 0, 0, 0, 0, 0, 0, 0, 1, 0]",,,44.43,25.31,365933.3
FET,,1,"[0, 0, 0, 0, 0, 0, 0, 0, 1, 0]",,,86.31,25.26,187982.85
CLB,,1,"[0, 0, 0, 0, 0, 0, 0, 0, 1, 0]",,,19.63,9.86,443949.7
GPRK,,1,"[0, 0, 0, 0, 0, 0, 0, 0, 1, 0]",,,11.95,5.91,1034060.0
ORN,,1,"[0, 0, 0, 0, 0, 0, 0, 0, 1, 0]",,,17.14,7.53,353741.0
HPP,,1,"[0, 0, 0, 0, 0, 0, 0, 0, 1, 0]",,,20.65,5.51,583820.15
CSTL,,1,"[0, 0, 0, 0, 0, 0, 0, 0, 1, 0]",,,43.04,18.15,333881.2
CTKB,,1,"[0, 0, 0, 0, 0, 0, 0, 0, 1, 0]",,,5.88,3.36,812397.2
GLRE,,1,"[0, 0, 0, 0, 0, 0, 0, 0, 1, 0]",,,19.0,11.95,119240.75
ALOY,,1,"[0, 0, 0, 0, 0, 0, 0, 0, 1, 0]",,,25.88,5.92,2211149.75
RR,,1,"[0, 0, 0, 0, 0, 0, 0, 0, 1, 0]",,,7.06,1.35,6317796.0
BTBT,,1,"[0, 0, 0, 0, 0, 0, 0, 0, 1, 0]",,,4.22,1.21,34535046.3
MSBI,,1,"[0, 0, 0, 0, 0, 0, 0, 0, 1, 0]",,,34.19,13.85,142045.0
UROY,,1,"[0, 0, 0, 0, 0, 0, 0, 0, 1, 0]",,,5.46,2.61,2599144.75
CARE,,1,"[0, 0, 0, 0, 0, 0, 0, 0, 1, 0]",,,35.61,16.84,278019.65
EGY,,1,"[0, 0, 0, 0, 0, 0, 0, 0, 1, 0]",,,6.53,3.26,1201149.55
GDYN,,1,"[0, 0, 0, 0, 0, 0, 0, 0, 1, 0]",,,10.06,5.21,1112471.4
ALTI,,1,"[0, 0, 0, 0, 0, 0, 0, 0, 1, 0]",,,5.19,2.81,184484.85
PRME,,1,"[0, 0, 0, 0, 0, 0, 0, 0, 1, 0]",,,6.67,2.7,2682094.4
TCMD,,1,"[0, 0, 0, 0, 0, 0, 0, 0, 1, 0]",,,33.05,13.51,336743.8
MLAB,,1,"[0, 0, 0, 0, 0, 0, 0, 0, 1, 0]",,,130.65,61.26,156462.4
FTK,,1,"[0, 0, 0, 0, 0, 0, 0, 0, 1, 0]",,,38.82,11.34,708962.55
AVTX,,1,"[0, 0, 0, 0, 0, 0, 0, 0, 1, 0]",,,22.87,9.76,760386.6
DDI,,1,"[0, 0, 0, 0, 0, 0, 0, 0, 1, 0]",,,12.97,8.25,117041.0
HELE,,1,"[0, 0, 0, 0, 0, 0, 0, 0, 1, 0]",,,30.22,13.88,345180.95
BETR,,1,"[0, 0, 0, 0, 0, 0, 0, 0, 1, 0]",,,86.07,11.6,681023.3
KYTX,,1,"[0, 0, 0, 0, 0, 0, 0, 0, 1, 0]",,,11.25,3.87,738316.2
PRTA,,1,"[0, 0, 0, 0, 0, 0, 0, 0, 1, 0]",,,11.51,7.91,331465.5
PROK,,1,"[0, 0, 0, 0, 0, 0, 0, 0, 1, 0]",,,3.3,1.33,1157570.4
CHW,8.38,7,"[0, 1, 1, 1, 1, 1, 0, 1, 1, 0]",8.53,7.93,8.97,6.72,119856.75
MG,,1,"[0, 0, 0, 0, 0, 0, 0, 0, 1, 0]",,,19.98,9.39,240363.55
INV,,1,"[0, 0, 0, 0, 0, 0, 0, 0, 1, 0]",,,7.32,1.05,5945748.7
KRT,,1,"[0, 0, 0, 0, 0, 0, 0, 0, 1, 0]",,,49.8,19.72,129680.3
DDL,,1,"[0, 0, 0, 0, 0, 0, 0, 0, 1, 0]",,,3.2,1.67,293745.05
MEC,,1,"[0, 0, 0, 0, 0, 0, 0, 0, 1, 0]",,,37.54,12.56,466045.2
PACK,,1,"[0, 0, 0, 0, 0, 0, 0, 0, 1, 0]",,,7.64,3.24,403664.95
WTI,,1,"[0, 0, 0, 0, 0, 0, 0, 0, 1, 0]",,,4.89,1.49,3040398.65
DNA,,1,"[0, 0, 0, 0, 0, 0, 0, 0, 1, 0]",,,16.14,5.48,1177639.1
TECX,,1,"[0, 0, 0, 0, 0, 0, 0, 0, 1, 0]",,,37.93,14.71,221079.35
CPS,,1,"[0, 0, 0, 0, 0, 0, 0, 0, 1, 0]",,,45.2,24.75,196331.65
ASIX,,1,"[0, 0, 0, 0, 0, 0, 0, 0, 1, 0]",,,25.73,13.91,266722.0
RGNX,,1,"[0, 0, 0, 0, 0, 0, 0, 0, 1, 0]",,,15.98,5.65,1303381.6
CLFD,,1,"[0, 0, 0, 0, 0, 0, 0, 0, 1, 0]",,,51.26,26.0,148630.6
ILPT,,1,"[0, 0, 0, 0, 0, 0, 0, 0, 1, 0]",,,9.25,4.91,292205.9
CTNM,,1,"[0, 0, 0, 0, 0, 0, 0, 0, 1, 0]",,,17.57,9.17,486409.3
MCS,,1,"[0, 0, 0, 0, 0, 0, 0, 0, 1, 0]",,,31.03,12.83,237913.7
ASTL,,1,"[0, 0, 0, 0, 0, 0, 0, 0, 1, 0]",,,5.8,3.19,1324008.1
AURA,,1,"[0, 0, 0, 0, 0, 0, 0, 0, 1, 0]",,,8.9,4.97,833336.75
AQST,,1,"[0, 0, 0, 0, 0, 0, 0, 0, 1, 0]",,,7.49,2.95,3141486.25
MAMA,,1,"[0, 0, 0, 0, 0, 0, 0, 0, 1, 0]",,,20.65,9.41,612080.45
LZM,,1,"[0, 0, 0, 0, 0, 0, 0, 0, 1, 0]",,,6.1,3.01,345323.4
ACHV,,1,"[0, 0, 0, 0, 0, 0, 0, 0, 1, 0]",,,8.53,2.65,1652597.5
SD,,1,"[0, 0, 0, 0, 0, 0, 0, 0, 1, 0]",,,17.42,10.63,311433.3
MNRO,,1,"[0, 0, 0, 0, 0, 0, 0, 0, 1, 0]",,,22.59,11.02,1069674.25
OOMA,,1,"[0, 0, 0, 0, 0, 0, 0, 0, 1, 0]",,,23.38,10.58,470638.15
ANL,,1,"[0, 0, 0, 0, 0, 0, 0, 0, 1, 0]",,,16.6,0.88,164736.1
IMMX,,1,"[0, 0, 0, 0, 0, 0, 0, 0, 1, 0]",,,14.47,1.96,1493949.15
FDMT,,1,"[0, 0, 0, 0, 0, 0, 0, 0, 1, 0]",,,16.76,6.6,1132528.3
KRNY,,1,"[0, 0, 0, 0, 0, 0, 0, 0, 1, 0]",,,10.13,6.01,726591.75
STTK,,1,"[0, 0, 0, 0, 0, 0, 0, 0, 1, 0]",,,8.06,1.77,759627.9
CERS,,1,"[0, 0, 0, 0, 0, 0, 0, 0, 1, 0]",,,3.28,1.2,1597309.8
OIS,,1,"[0, 0, 0, 0, 0, 0, 0, 0, 1, 0]",,,14.39,5.58,494883.5
HKD,,1,"[0, 0, 0, 0, 0, 0, 0, 0, 1, 0]",,,2.95,1.27,101985.6
CBIO,,1,"[0, 0, 0, 0, 0, 0, 0, 0, 1, 0]",,,26.98,8.94,265941.7
PANL,,1,"[0, 0, 0, 0, 0, 0, 0, 0, 1, 0]",,,9.17,4.42,391439.3
OCGN,,1,"[0, 0, 0, 0, 0, 0, 0, 0, 1, 0]",,,2.48,1.07,6097685.2
FVR,,1,"[0, 0, 0, 0, 0, 0, 0, 0, 1, 0]",,,21.92,12.52,193298.75
MATV,,1,"[0, 0, 0, 0, 0, 0, 0, 0, 1, 0]",,,14.6,7.16,546340.5
IPI,,1,"[0, 0, 0, 0, 0, 0, 0, 0, 1, 0]",,,48.84,23.94,218489.25
CHCT,,1,"[0, 0, 0, 0, 0, 0, 0, 0, 1, 0]",,,18.6,11.91,371697.15
CGC,,1,"[0, 0, 0, 0, 0, 0, 0, 0, 1, 0]",,,1.92,0.86,3551600.05
PUBM,,1,"[0, 0, 0, 0, 0, 0, 0, 0, 1, 0]",,,17.78,6.28,631769.55
ELVA,,1,"[0, 0, 0, 0, 0, 0, 0, 0, 1, 0]",,,12.26,4.23,484058.35
ALIT,,1,"[0, 0, 0, 0, 0, 0, 0, 0, 1, 0]",,,74.09,9.8,430490.15
CD,,1,"[0, 0, 0, 0, 0, 0, 0, 0, 1, 0]",,,35.79,2.65,267200.2
NUAI,,1,"[0, 0, 0, 0, 0, 0, 0, 0, 1, 0]",,,8.06,0.4,6519625.35
EBS,,1,"[0, 0, 0, 0, 0, 0, 0, 0, 1, 0]",,,13.9,4.45,1198115.9
RBBN,,1,"[0, 0, 0, 0, 0, 0, 0, 0, 1, 0]",,,4.04,1.95,649742.15
CLNE,,1,"[0, 0, 0, 0, 0, 0, 0, 0, 1, 0]",,,3.06,1.57,1707316.1
OVID,,1,"[0, 0, 0, 0, 0, 0, 0, 0, 1, 0]",,,2.96,1.14,1511374.8
APPS,,1,"[0, 0, 0, 0, 0, 0, 0, 0, 1, 0]",,,14.39,2.82,2587483.2
SRTA,,1,"[0, 0, 0, 0, 0, 0, 0, 0, 1, 0]",,,6.47,4.03,825843.4
RIGL,,1,"[0, 0, 0, 0, 0, 0, 0, 0, 1, 0]",,,50.96,25.44,280132.8
NGNE,,1,"[0, 0, 0, 0, 0, 0, 0, 0, 1, 0]",,,42.84,16.37,213175.2
IMXI,,1,"[0, 0, 0, 0, 0, 0, 0, 0, 1, 0]",,,15.94,11.35,755723.85
ZKH,,1,"[0, 0, 0, 0, 0, 0, 0, 0, 1, 0]",,,3.79,2.06,453470.35
PSFE,,1,"[0, 0, 0, 0, 0, 0, 0, 0, 1, 0]",,,14.4,6.01,434221.65
TATT,,1,"[0, 0, 0, 0, 0, 0, 0, 0, 1, 0]",,,61.11,32.08,129446.45
ASMB,,1,"[0, 0, 0, 0, 0, 0, 0, 0, 1, 0]",,,38.5,20.55,352856.0
WEAV,,1,"[0, 0, 0, 0, 0, 0, 0, 0, 1, 0]",,,7.99,4.37,5835235.95
LTBR,,1,"[0, 0, 0, 0, 0, 0, 0, 0, 1, 0]",,,27.72,7.2,570723.35
MTW,,1,"[0, 0, 0, 0, 0, 0, 0, 0, 1, 0]",,,21.41,9.73,390742.6
SGMT,,1,"[0, 0, 0, 0, 0, 0, 0, 0, 1, 0]",,,10.99,4.55,1171638.75
FBRX,76.99,9,"[1, 1, 1, 1, 1, 0, 1, 1, 1, 1]",28.73,25.44,76.99,10.3,1071685.45
EVH,,1,"[0, 0, 0, 0, 0, 0, 0, 0, 1, 0]",,,9.61,2.17,2433966.45
BMBL,,1,"[0, 0, 0, 0, 0, 0, 0, 0, 1, 0]",,,7.17,2.6,2247010.15
FULC,,1,"[0, 0, 0, 0, 0, 0, 0, 0, 1, 0]",,,14.6,3.14,1775081.9
KLC,,1,"[0, 0, 0, 0, 0, 0, 0, 0, 1, 0]",,,7.66,1.84,1249954.95
CLDT,,1,"[0, 0, 0, 0, 0, 0, 0, 0, 1, 0]",,,13.79,6.03,253672.8
ANGO,,1,"[0, 0, 0, 0, 0, 0, 0, 0, 1, 0]",,,16.13,9.7,303357.2
RPD,,1,"[0, 0, 0, 0, 0, 0, 0, 0, 1, 0]",,,20.81,5.05,1732928.25
CTEV,,1,"[0, 0, 0, 0, 0, 0, 0, 0, 1, 0]",,,71.36,13.47,122668.95
CAL,,1,"[0, 0, 0, 0, 0, 0, 0, 0, 1, 0]",,,15.42,8.76,543984.4
ADUR,,1,"[0, 0, 0, 0, 0, 0, 0, 0, 1, 0]",,,17.39,9.19,400868.85
ZURA,,1,"[0, 0, 0, 0, 0, 0, 0, 0, 1, 0]",,,7.04,1.9,1628933.65
ACTG,,1,"[0, 0, 0, 0, 0, 0, 0, 0, 1, 0]",,,5.16,3.2,181699.0
NPWR,,1,"[0, 0, 0, 0, 0, 0, 0, 0, 1, 0]",,,4.85,1.36,1104047.0
BLZE,,1,"[0, 0, 0, 0, 0, 0, 0, 0, 1, 0]",,,20.43,3.31,2658770.1
TROO,,1,"[0, 0, 0, 0, 0, 0, 0, 0, 1, 0]",,,5.02,1.13,356761.75
PERI,,1,"[0, 0, 0, 0, 0, 0, 0, 0, 1, 0]",,,11.06,7.71,369745.95
CRNC,,1,"[0, 0, 0, 0, 0, 0, 0, 0, 1, 0]",,,13.3,5.96,661383.2
MCFT,,1,"[0, 0, 0, 0, 0, 0, 0, 0, 1, 0]",,,27.38,17.21,196234.15
GEVO,,1,"[0, 0, 0, 0, 0, 0, 0, 0, 1, 0]",,,2.78,1.4,2232881.35
ADCT,,1,"[0, 0, 0, 0, 0, 0, 0, 0, 1, 0]",,,4.88,0.96,1941129.4
ENTA,,1,"[0, 0, 0, 0, 0, 0, 0, 0, 1, 0]",,,16.85,7.17,240199.45
SPT,,1,"[0, 0, 0, 0, 0, 0, 0, 0, 1, 0]",,,14.67,4.99,1321307.7
TTGT,,1,"[0, 0, 0, 0, 0, 0, 0, 0, 1, 0]",,,6.98,3.4,292661.15
ALMU,,1,"[0, 0, 0, 0, 0, 0, 0, 0, 1, 0]",,,31.49,10.73,438369.7
NVEC,,1,"[0, 0, 0, 0, 0, 0, 0, 0, 1, 0]",,,133.06,55.46,125719.0
AVIR,,1,"[0, 0, 0, 0, 0, 0, 0, 0, 1, 0]",,,6.15,2.82,242325.45
MAGN,,1,"[0, 0, 0, 0, 0, 0, 0, 0, 1, 0]",,,15.26,7.96,373506.25
LXEO,,1,"[0, 0, 0, 0, 0, 0, 0, 0, 1, 0]",,,10.63,4.13,644543.15
BGS,,1,"[0, 0, 0, 0, 0, 0, 0, 0, 1, 0]",,,5.52,3.25,1878346.75
BYND,,1,"[0, 0, 0, 0, 0, 0, 0, 0, 1, 0]",,,108.6,10.9,1565064.45
OEC,,1,"[0, 0, 0, 0, 0, 0, 0, 0, 1, 0]",,,10.23,4.3,392634.8
NEXN,,1,"[0, 0, 0, 0, 0, 0, 0, 0, 1, 0]",,,10.95,5.7,508719.3
NATR,,1,"[0, 0, 0, 0, 0, 0, 0, 0, 1, 0]",,,27.8,13.14,202673.45
PACB,,1,"[0, 0, 0, 0, 0, 0, 0, 0, 1, 0]",,,2.67,1.11,6208568.0
MNPR,,1,"[0, 0, 0, 0, 0, 0, 0, 0, 1, 0]",,,123.84,47.67,166101.85
IVVD,,1,"[0, 0, 0, 0, 0, 0, 0, 0, 1, 0]",,,2.88,0.54,4105975.2
NRC,,1,"[0, 0, 0, 0, 0, 0, 0, 0, 1, 0]",,,22.77,11.13,122381.2
CBAN,,1,"[0, 0, 0, 0, 0, 0, 0, 0, 1, 0]",,,22.27,15.54,120681.75
LOCO,,1,"[0, 0, 0, 0, 0, 0, 0, 0, 1, 0]",,,17.2,9.06,224569.65
EOLS,,1,"[0, 0, 0, 0, 0, 0, 0, 0, 1, 0]",,,9.3,3.94,980192.0
AUTL,,1,"[0, 0, 0, 0, 0, 0, 0, 0, 1, 0]",,,2.54,1.21,2285696.9
XFOR,,1,"[0, 0, 0, 0, 0, 0, 0, 0, 1, 0]",,,4.67,2.86,782307.65
GRRR,,1,"[0, 0, 0, 0, 0, 0, 0, 0, 1, 0]",,,21.78,9.48,1066450.45
ABAT,,1,"[0, 0, 0, 0, 0, 0, 0, 0, 1, 0]",,,11.33,2.04,3132148.3
ASPN,,1,"[0, 0, 0, 0, 0, 0, 0, 0, 1, 0]",,,8.82,2.57,761012.1
SSP,,1,"[0, 0, 0, 0, 0, 0, 0, 0, 1, 0]",,,5.16,1.54,532825.85
VREX,,1,"[0, 0, 0, 0, 0, 0, 0, 0, 1, 0]",,,18.58,9.32,783642.05
LRMR,,1,"[0, 0, 0, 0, 0, 0, 0, 0, 1, 0]",,,5.95,2.81,893529.3
IPSC,,1,"[0, 0, 0, 0, 0, 0, 0, 0, 1, 0]",,,2.94,0.47,407351.5
NEWT,,1,"[0, 0, 0, 0, 0, 0, 0, 0, 1, 0]",,,15.56,9.18,261277.9
VOXR,,1,"[0, 0, 0, 0, 0, 0, 0, 0, 1, 0]",,,6.39,3.43,446995.3
XNET,,1,"[0, 0, 0, 0, 0, 0, 0, 0, 1, 0]",,,10.78,4.66,226662.05
VELO,,1,"[0, 0, 0, 0, 0, 0, 0, 0, 1, 0]",,,30.61,2.97,1070901.7
HNST,,1,"[0, 0, 0, 0, 0, 0, 0, 0, 1, 0]",,,5.95,2.1,2297456.55
RCKT,,1,"[0, 0, 0, 0, 0, 0, 0, 0, 1, 0]",,,5.3,2.6,1289459.15
DCTH,,1,"[0, 0, 0, 0, 0, 0, 0, 0, 1, 0]",,,17.36,8.19,428729.15
CDZI,,1,"[0, 0, 0, 0, 0, 0, 0, 0, 1, 0]",,,6.92,2.98,890156.1
OPAL,,1,"[0, 0, 0, 0, 0, 0, 0, 0, 1, 0]",,,2.78,1.78,199621.15
OSS,,1,"[0, 0, 0, 0, 0, 0, 0, 0, 1, 0]",,,19.95,4.34,784498.9
XPER,,1,"[0, 0, 0, 0, 0, 0, 0, 0, 1, 0]",,,8.64,5.11,476979.5
QUAD,,1,"[0, 0, 0, 0, 0, 0, 0, 0, 1, 0]",,,10.74,4.99,399481.8
FUFU,,1,"[0, 0, 0, 0, 0, 0, 0, 0, 1, 0]",,,4.23,1.23,205456.9
CLPT,,1,"[0, 0, 0, 0, 0, 0, 0, 0, 1, 0]",,,29.6,8.66,516510.95
EGHT,,1,"[0, 0, 0, 0, 0, 0, 0, 0, 1, 0]",,,2.76,1.59,1227715.8
PBYI,,1,"[0, 0, 0, 0, 0, 0, 0, 0, 1, 0]",,,9.69,4.34,291756.45
DVLT,,1,"[0, 0, 0, 0, 0, 0, 0, 0, 1, 0]",,,3.42,0.2,55126599.2
VNDA,,1,"[0, 0, 0, 0, 0, 0, 0, 0, 1, 0]",,,9.56,4.32,768126.2
RNGR,,1,"[0, 0, 0, 0, 0, 0, 0, 0, 1, 0]",,,18.29,12.18,182399.15
AMCX,,1,"[0, 0, 0, 0, 0, 0, 0, 0, 1, 0]",,,12.85,6.52,525994.55
SVCO,,1,"[0, 0, 0, 0, 0, 0, 0, 0, 1, 0]",,,13.79,3.23,304185.15
CLMB,,1,"[0, 0, 0, 0, 0, 0, 0, 0, 1, 0]",,,35.79,16.68,130072.95
API,,1,"[0, 0, 0, 0, 0, 0, 0, 0, 1, 0]",,,5.26,3.24,169520.85
ACCO,,1,"[0, 0, 0, 0, 0, 0, 0, 0, 1, 0]",,,4.42,2.74,700585.55
RMNI,,1,"[0, 0, 0, 0, 0, 0, 0, 0, 1, 0]",,,5.65,2.97,495647.5
SOPH,,1,"[0, 0, 0, 0, 0, 0, 0, 0, 1, 0]",,,8.92,3.12,554266.1
XRX,,1,"[0, 0, 0, 0, 0, 0, 0, 0, 1, 0]",,,3.95,1.21,2129914.6
BNED,,1,"[0, 0, 0, 0, 0, 0, 0, 0, 1, 0]",,,13.65,6.08,288099.75
DDD,,1,"[0, 0, 0, 0, 0, 0, 0, 0, 1, 0]",,,3.88,1.77,2026716.7
DIN,,1,"[0, 0, 0, 0, 0, 0, 0, 0, 1, 0]",,,38.33,22.6,235191.7
TG,,1,"[0, 0, 0, 0, 0, 0, 0, 0, 1, 0]",,,10.35,6.29,141216.3
FRST,,1,"[0, 0, 0, 0, 0, 0, 0, 0, 1, 0]",,,16.67,9.31,150158.65
EVTL,,1,"[0, 0, 0, 0, 0, 0, 0, 0, 1, 0]",,,7.28,0.58,5304228.3
IRD,,1,"[0, 0, 0, 0, 0, 0, 0, 0, 1, 0]",,,5.75,1.37,4315304.15
LE,,1,"[0, 0, 0, 0, 0, 0, 0, 0, 1, 0]",,,19.15,10.09,185908.15
QUIK,,1,"[0, 0, 0, 0, 0, 0, 0, 0, 1, 0]",,,23.74,5.49,246384.6
TLS,,1,"[0, 0, 0, 0, 0, 0, 0, 0, 1, 0]",,,7.76,3.88,561055.8
SHIP,,1,"[0, 0, 0, 0, 0, 0, 0, 0, 1, 0]",,,18.92,7.38,328835.85
DBI,,1,"[0, 0, 0, 0, 0, 0, 0, 0, 1, 0]",,,9.04,3.09,579796.05
ALTO,,1,"[0, 0, 0, 0, 0, 0, 0, 0, 1, 0]",,,5.99,0.92,1457104.0
PAYS,,1,"[0, 0, 0, 0, 0, 0, 0, 0, 1, 0]",,,14.14,3.18,734215.0
VMD,,1,"[0, 0, 0, 0, 0, 0, 0, 0, 1, 0]",,,12.33,6.26,387196.35
CURR,,1,"[0, 0, 0, 0, 0, 0, 0, 0, 1, 0]",,,4.49,1.38,714394.35
MEI,,1,"[0, 0, 0, 0, 0, 0, 0, 0, 1, 0]",,,19.36,5.0,794929.15
NAUT,,1,"[0, 0, 0, 0, 0, 0, 0, 0, 1, 0]",,,3.95,0.68,869758.3
DMAC,,1,"[0, 0, 0, 0, 0, 0, 0, 0, 1, 0]",,,9.39,5.33,132157.15
CAN,,1,"[0, 0, 0, 0, 0, 0, 0, 0, 1, 0]",,,2.05,0.17,25340547.1
NMRA,,1,"[0, 0, 0, 0, 0, 0, 0, 0, 1, 0]",,,3.59,0.92,722486.45
HLLY,,1,"[0, 0, 0, 0, 0, 0, 0, 0, 1, 0]",,,4.39,2.36,983144.0
LVWR,,1,"[0, 0, 0, 0, 0, 0, 0, 0, 1, 0]",,,6.21,0.65,546137.2
IMRX,,1,"[0, 0, 0, 0, 0, 0, 0, 0, 1, 0]",,,9.26,3.92,651917.85
TSSI,,1,"[0, 0, 0, 0, 0, 0, 0, 0, 1, 0]",,,20.42,6.92,1161044.2
SLP,,1,"[0, 0, 0, 0, 0, 0, 0, 0, 1, 0]",,,20.84,11.36,180263.75
ABEO,,1,"[0, 0, 0, 0, 0, 0, 0, 0, 1, 0]",,,7.46,4.17,1544880.75
REPL,,1,"[0, 0, 0, 0, 0, 0, 0, 0, 1, 0]",,,15.98,1.7,2394807.3
DSX,,1,"[0, 0, 0, 0, 0, 0, 0, 0, 1, 0]",,,3.01,1.55,1190767.2
STRZ,,1,"[0, 0, 0, 0, 0, 0, 0, 0, 1, 0]",,,30.21,8.65,204411.75
SLN,,1,"[0, 0, 0, 0, 0, 0, 0, 0, 1, 0]",,,15.43,4.3,851801.55
ATOM,,1,"[0, 0, 0, 0, 0, 0, 0, 0, 1, 0]",,,12.11,1.99,447817.85
BRCC,,1,"[0, 0, 0, 0, 0, 0, 0, 0, 1, 0]",,,17.8,6.25,149303.6
TYGO,,1,"[0, 0, 0, 0, 0, 0, 0, 0, 1, 0]",,,5.16,1.04,667291.85
PINE,,1,"[0, 0, 0, 0, 0, 0, 0, 0, 1, 0]",,,21.75,12.57,106746.5
AZ,,1,"[0, 0, 0, 0, 0, 0, 0, 0, 1, 0]",,,8.81,5.12,714902.5
ZNTL,,1,"[0, 0, 0, 0, 0, 0, 0, 0, 1, 0]",,,6.61,1.28,1125493.35
RPAY,,1,"[0, 0, 0, 0, 0, 0, 0, 0, 1, 0]",,,5.92,2.4,423142.0
ASYS,,1,"[0, 0, 0, 0, 0, 0, 0, 0, 1, 0]",,,23.99,7.05,454306.3
NVCT,,1,"[0, 0, 0, 0, 0, 0, 0, 0, 1, 0]",,,28.53,5.65,195437.25
MASS,,1,"[0, 0, 0, 0, 0, 0, 0, 0, 1, 0]",,,11.1,5.09,450751.35
FLWS,,1,"[0, 0, 0, 0, 0, 0, 0, 0, 1, 0]",,,5.65,3.0,254354.1
RZLT,,1,"[0, 0, 0, 0, 0, 0, 0, 0, 1, 0]",,,10.94,1.4,1360420.75
PRLD,,1,"[0, 0, 0, 0, 0, 0, 0, 0, 1, 0]",,,6.63,0.99,573760.95
GSIT,,1,"[0, 0, 0, 0, 0, 0, 0, 0, 1, 0]",,,12.97,3.32,437052.2
ZIP,,1,"[0, 0, 0, 0, 0, 0, 0, 0, 1, 0]",,,5.49,1.69,1125421.65
EDIT,,1,"[0, 0, 0, 0, 0, 0, 0, 0, 1, 0]",,,4.15,1.66,2689174.75
RILY,,1,"[0, 0, 0, 0, 0, 0, 0, 0, 1, 0]",,,10.68,3.72,468763.75
CXDO,,1,"[0, 0, 0, 0, 0, 0, 0, 0, 1, 0]",,,10.47,5.6,269127.2
PALI,,1,"[0, 0, 0, 0, 0, 0, 0, 0, 1, 0]",,,2.8,0.58,1769827.6
BKKT,,1,"[0, 0, 0, 0, 0, 0, 0, 0, 1, 0]",,,45.04,6.85,1532994.0
SMWB,,1,"[0, 0, 0, 0, 0, 0, 0, 0, 1, 0]",,,10.1,2.33,901305.4
SY,,1,"[0, 0, 0, 0, 0, 0, 0, 0, 1, 0]",,,4.47,1.32,1064417.05
VFF,,1,"[0, 0, 0, 0, 0, 0, 0, 0, 1, 0]",,,4.18,1.84,860656.3
ELDN,,1,"[0, 0, 0, 0, 0, 0, 0, 0, 1, 0]",,,4.36,1.39,996301.2
FNKO,,1,"[0, 0, 0, 0, 0, 0, 0, 0, 1, 0]",,,7.1,2.81,1051002.65
VLN,,1,"[0, 0, 0, 0, 0, 0, 0, 0, 1, 0]",,,3.53,1.11,815673.5
SGHT,,1,"[0, 0, 0, 0, 0, 0, 0, 0, 1, 0]",,,9.05,3.2,211155.7
SHMD,,1,"[0, 0, 0, 0, 0, 0, 0, 0, 1, 0]",,,10.42,2.1,800334.0
OPTX,,1,"[0, 0, 0, 0, 0, 0, 0, 0, 1, 0]",,,14.11,1.25,215376.5
ACIU,,1,"[0, 0, 0, 0, 0, 0, 0, 0, 1, 0]",,,3.99,2.12,194212.0
MBI,,1,"[0, 0, 0, 0, 0, 0, 0, 0, 1, 0]",,,7.9,4.57,497462.85
TARA,,1,"[0, 0, 0, 0, 0, 0, 0, 0, 1, 0]",,,7.56,3.03,338598.55
PDYN,,1,"[0, 0, 0, 0, 0, 0, 0, 0, 1, 0]",,,10.3,4.15,766085.55
CCCC,,1,"[0, 0, 0, 0, 0, 0, 0, 0, 1, 0]",,,4.67,1.71,2275765.7
DEFT,,1,"[0, 0, 0, 0, 0, 0, 0, 0, 1, 0]",,,2.72,0.39,3150134.2
USAU,,1,"[0, 0, 0, 0, 0, 0, 0, 0, 1, 0]",,,22.6,12.65,178052.4
FATE,,1,"[0, 0, 0, 0, 0, 0, 0, 0, 1, 0]",,,3.11,0.95,1370445.5
TWIN,,1,"[0, 0, 0, 0, 0, 0, 0, 0, 1, 0]",,,25.11,13.06,104393.6
CGEN,,1,"[0, 0, 0, 0, 0, 0, 0, 0, 1, 0]",,,3.1,1.33,308344.1
ALXO,,1,"[0, 0, 0, 0, 0, 0, 0, 0, 1, 0]",,,2.6,1.05,672210.7
ACH,,1,"[0, 0, 0, 0, 0, 0, 0, 0, 1, 0]",,,5.55,0.95,1610118.05
CNDT,,1,"[0, 0, 0, 0, 0, 0, 0, 0, 1, 0]",,,2.96,1.16,980947.35
AIRS,,1,"[0, 0, 0, 0, 0, 0, 0, 0, 1, 0]",,,11.65,1.58,941387.4
IKT,,1,"[0, 0, 0, 0, 0, 0, 0, 0, 1, 0]",,,2.52,1.41,393408.35
PRE,,1,"[0, 0, 0, 0, 0, 0, 0, 0, 1, 0]",,,26.25,8.86,302255.8
RDCM,,1,"[0, 0, 0, 0, 0, 0, 0, 0, 1, 0]",,,16.14,9.92,148278.35
CHRS,,1,"[0, 0, 0, 0, 0, 0, 0, 0, 1, 0]",,,2.51,1.1,1101054.95
ARTV,,1,"[0, 0, 0, 0, 0, 0, 0, 0, 1, 0]",,,13.39,2.28,283338.15
SIDU,,1,"[0, 0, 0, 0, 0, 0, 0, 0, 1, 0]",,,6.2,0.63,3740243.6
TRDA,,1,"[0, 0, 0, 0, 0, 0, 0, 0, 1, 0]",,,16.03,5.06,275888.15
LAW,,1,"[0, 0, 0, 0, 0, 0, 0, 0, 1, 0]",,,8.91,2.76,216607.55
OPRT,,1,"[0, 0, 0, 0, 0, 0, 0, 0, 1, 0]",,,8.09,4.13,328691.95
JACK,,1,"[0, 0, 0, 0, 0, 0, 0, 0, 1, 0]",,,23.52,9.4,731892.7
ARCT,,1,"[0, 0, 0, 0, 0, 0, 0, 0, 1, 0]",,,23.16,5.53,1553060.55
FOSL,,1,"[0, 0, 0, 0, 0, 0, 0, 0, 1, 0]",,,6.09,1.79,821076.05
STRT,,1,"[0, 0, 0, 0, 0, 0, 0, 0, 1, 0]",,,90.91,61.36,101918.4
INSG,,1,"[0, 0, 0, 0, 0, 0, 0, 0, 1, 0]",,,20.29,4.02,286560.7
FHTX,,1,"[0, 0, 0, 0, 0, 0, 0, 0, 1, 0]",,,7.07,3.53,387531.45
CDXS,,1,"[0, 0, 0, 0, 0, 0, 0, 0, 1, 0]",,,2.85,0.98,1004110.15
VUZI,,1,"[0, 0, 0, 0, 0, 0, 0, 0, 1, 0]",,,5.14,2.03,1005545.85
NXDT,,1,"[0, 0, 0, 0, 0, 0, 0, 0, 1, 0]",,,5.78,2.4,175474.6
SILC,,1,"[0, 0, 0, 0, 0, 0, 0, 0, 1, 0]",,,50.98,13.5,211678.8
RNAC,,1,"[0, 0, 0, 0, 0, 0, 0, 0, 1, 0]",,,10.59,5.84,119260.15
NBP,,1,"[0, 0, 0, 0, 0, 0, 0, 0, 1, 0]",,,6.56,1.47,264551.2
XPOF,,1,"[0, 0, 0, 0, 0, 0, 0, 0, 1, 0]",,,9.0,4.03,610094.95
PROF,,1,"[0, 0, 0, 0, 0, 0, 0, 0, 1, 0]",,,8.65,3.96,111388.5
NVA,,1,"[0, 0, 0, 0, 0, 0, 0, 0, 1, 0]",,,14.37,2.4,325624.0
CANG,,1,"[0, 0, 0, 0, 0, 0, 0, 0, 1, 0]",,,24.15,1.4,577887.8
LTRX,,1,"[0, 0, 0, 0, 0, 0, 0, 0, 1, 0]",,,8.45,4.45,1147091.4
VYGR,,1,"[0, 0, 0, 0, 0, 0, 0, 0, 1, 0]",,,5.33,3.0,441503.35
DUOT,,1,"[0, 0, 0, 0, 0, 0, 0, 0, 1, 0]",,,14.64,6.3,1418649.25
AIRJ,,1,"[0, 0, 0, 0, 0, 0, 0, 0, 1, 0]",,,6.59,2.51,1251498.55
EAF,,1,"[0, 0, 0, 0, 0, 0, 0, 0, 1, 0]",,,19.82,5.23,369174.95
OSG,,1,"[0, 0, 0, 0, 0, 0, 0, 0, 1, 0]",,,10.08,3.94,507148.55
OABI,,1,"[0, 0, 0, 0, 0, 0, 0, 0, 1, 0]",,,5.04,1.36,2623347.9
SPCE,,1,"[0, 0, 0, 0, 0, 0, 0, 0, 1, 0]",,,7.52,2.17,6487722.95
POWW,,1,"[0, 0, 0, 0, 0, 0, 0, 0, 1, 0]",,,2.56,1.42,487551.7
OBIO,,1,"[0, 0, 0, 0, 0, 0, 0, 0, 1, 0]",,,5.66,2.35,382209.45
ALTG,,1,"[0, 0, 0, 0, 0, 0, 0, 0, 1, 0]",,,8.3,4.19,171754.3
HUMA,,1,"[0, 0, 0, 0, 0, 0, 0, 0, 1, 0]",,,2.48,0.55,9946211.75
LOVE,,1,"[0, 0, 0, 0, 0, 0, 0, 0, 1, 0]",,,18.7,10.54,217913.7
ALEC,,1,"[0, 0, 0, 0, 0, 0, 0, 0, 1, 0]",,,3.32,1.14,1378434.3
UIS,,1,"[0, 0, 0, 0, 0, 0, 0, 0, 1, 0]",,,4.78,2.0,568143.3
LFMD,,1,"[0, 0, 0, 0, 0, 0, 0, 0, 1, 0]",,,6.97,2.64,631630.0
WALD,,1,"[0, 0, 0, 0, 0, 0, 0, 0, 1, 0]",,,3.08,0.76,185011.45
BZAI,,1,"[0, 0, 0, 0, 0, 0, 0, 0, 1, 0]",,,6.29,0.45,7726727.2
HRTX,,1,"[0, 0, 0, 0, 0, 0, 0, 0, 1, 0]",,,1.49,0.3,2190954.7
GPRO,,1,"[0, 0, 0, 0, 0, 0, 0, 0, 1, 0]",,,2.88,0.57,88326336.95
CRNT,,1,"[0, 0, 0, 0, 0, 0, 0, 0, 1, 0]",,,3.2,1.89,326592.75
NKTX,,1,"[0, 0, 0, 0, 0, 0, 0, 0, 1, 0]",,,3.67,1.73,562383.85
AREC,,1,"[0, 0, 0, 0, 0, 0, 0, 0, 1, 0]",,,6.71,1.55,1829515.4
MIST,,1,"[0, 0, 0, 0, 0, 0, 0, 0, 1, 0]",,,2.95,1.01,1567732.0
IMPP,,1,"[0, 0, 0, 0, 0, 0, 0, 0, 1, 0]",,,6.35,3.22,438928.4
RELL,,1,"[0, 0, 0, 0, 0, 0, 0, 0, 1, 0]",,,21.76,9.31,166304.85
OSUR,,1,"[0, 0, 0, 0, 0, 0, 0, 0, 1, 0]",,,4.5,2.11,430712.05
CNTX,,1,"[0, 0, 0, 0, 0, 0, 0, 0, 1, 0]",,,3.36,0.36,1976011.7
MVIS,,1,"[0, 0, 0, 0, 0, 0, 0, 0, 1, 0]",,,21.45,1.61,2308508.0
AMPY,,1,"[0, 0, 0, 0, 0, 0, 0, 0, 1, 0]",,,6.63,3.67,948149.45
TNYA,,1,"[0, 0, 0, 0, 0, 0, 0, 0, 1, 0]",,,2.1,0.55,1790841.5
SMRT,,1,"[0, 0, 0, 0, 0, 0, 0, 0, 1, 0]",,,2.12,0.95,911040.35
SRI,,1,"[0, 0, 0, 0, 0, 0, 0, 0, 1, 0]",,,9.17,4.72,113334.8
FF,,1,"[0, 0, 0, 0, 0, 0, 0, 0, 1, 0]",,,6.36,2.99,354396.4
ANNA,,1,"[0, 0, 0, 0, 0, 0, 0, 0, 1, 0]",,,10.24,2.31,236744.3
INSE,,1,"[0, 0, 0, 0, 0, 0, 0, 0, 1, 0]",,,9.82,5.37,180651.4
SND,,1,"[0, 0, 0, 0, 0, 0, 0, 0, 1, 0]",,,5.7,1.78,227701.25
SABS,,1,"[0, 0, 0, 0, 0, 0, 0, 0, 1, 0]",,,4.59,1.95,284436.2
SHIM,,1,"[0, 0, 0, 0, 0, 0, 0, 0, 1, 0]",,,6.67,2.05,185545.85
SLNH,,1,"[0, 0, 0, 0, 0, 0, 0, 0, 1, 0]",,,4.42,0.61,9556971.7
DMRC,,1,"[0, 0, 0, 0, 0, 0, 0, 0, 1, 0]",,,16.43,4.36,143805.6
PLBY,,1,"[0, 0, 0, 0, 0, 0, 0, 0, 1, 0]",,,2.71,1.11,451468.5
TONX,,1,"[0, 0, 0, 0, 0, 0, 0, 0, 1, 0]",,,7.98,1.8,394453.75
TKNO,,1,"[0, 0, 0, 0, 0, 0, 0, 0, 1, 0]",,,7.46,1.99,254850.9
KLTR,,1,"[0, 0, 0, 0, 0, 0, 0, 0, 1, 0]",,,1.89,1.08,253883.4
EGAN,,1,"[0, 0, 0, 0, 0, 0, 0, 0, 1, 0]",,,15.46,5.11,217827.85
PESI,,1,"[0, 0, 0, 0, 0, 0, 0, 0, 1, 0]",,,19.43,8.19,327287.75
TENX,,1,"[0, 0, 0, 0, 0, 0, 0, 0, 1, 0]",,,18.32,1.38,7810377.85
UNCY,,1,"[0, 0, 0, 0, 0, 0, 0, 0, 1, 0]",,,8.56,3.74,744669.95
DPRO,,1,"[0, 0, 0, 0, 0, 0, 0, 0, 1, 0]",,,13.77,3.8,1748237.95
DTIL,,1,"[0, 0, 0, 0, 0, 0, 0, 0, 1, 0]",,,9.28,3.57,256466.3
VERI,,1,"[0, 0, 0, 0, 0, 0, 0, 0, 1, 0]",,,8.39,0.79,4678638.3
SLQT,,1,"[0, 0, 0, 0, 0, 0, 0, 0, 1, 0]",,,2.13,0.5,1464065.05
ANIK,,1,"[0, 0, 0, 0, 0, 0, 0, 0, 1, 0]",,,22.03,8.63,108200.6
QSI,,1,"[0, 0, 0, 0, 0, 0, 0, 0, 1, 0]",,,2.63,0.7,2712564.8
KPTI,,1,"[0, 0, 0, 0, 0, 0, 0, 0, 1, 0]",,,10.67,1.69,1057894.3
CRBP,,1,"[0, 0, 0, 0, 0, 0, 0, 0, 1, 0]",,,19.36,7.38,638367.35
DGXX,,1,"[0, 0, 0, 0, 0, 0, 0, 0, 1, 0]",,,8.46,1.89,2675099.4
KRMD,,1,"[0, 0, 0, 0, 0, 0, 0, 0, 1, 0]",,,6.52,3.15,214870.4
CRBU,,1,"[0, 0, 0, 0, 0, 0, 0, 0, 1, 0]",,,2.84,1.39,1047524.9
BHR,,1,"[0, 0, 0, 0, 0, 0, 0, 0, 1, 0]",,,3.14,1.84,365361.1
INGN,,1,"[0, 0, 0, 0, 0, 0, 0, 0, 1, 0]",,,8.95,5.23,231211.2
MGNX,,1,"[0, 0, 0, 0, 0, 0, 0, 0, 1, 0]",,,4.86,1.33,514401.15
ATLX,,1,"[0, 0, 0, 0, 0, 0, 0, 0, 1, 0]",,,7.45,2.56,204027.65
TLSA,,1,"[0, 0, 0, 0, 0, 0, 0, 0, 1, 0]",,,2.29,0.89,853060.6
IFRX,,1,"[0, 0, 0, 0, 0, 0, 0, 0, 1, 0]",,,2.74,0.82,937240.75
ELTX,,1,"[0, 0, 0, 0, 0, 0, 0, 0, 1, 0]",,,14.85,2.18,311188.8
CVGI,,1,"[0, 0, 0, 0, 0, 0, 0, 0, 1, 0]",,,5.78,1.34,265969.65
ABOS,,1,"[0, 0, 0, 0, 0, 0, 0, 0, 1, 0]",,,3.37,1.23,383137.75
DOUG,,1,"[0, 0, 0, 0, 0, 0, 0, 0, 1, 0]",,,3.11,1.56,403101.55
AMTX,,1,"[0, 0, 0, 0, 0, 0, 0, 0, 1, 0]",,,3.66,1.32,755407.6
SKYX,,1,"[0, 0, 0, 0, 0, 0, 0, 0, 1, 0]",,,3.13,0.95,1031731.05
CVRX,,1,"[0, 0, 0, 0, 0, 0, 0, 0, 1, 0]",,,10.81,2.37,825137.95
LFCR,,1,"[0, 0, 0, 0, 0, 0, 0, 0, 1, 0]",,,8.82,3.66,138276.25
EPSN,,1,"[0, 0, 0, 0, 0, 0, 0, 0, 1, 0]",,,6.42,4.16,183016.85
ADAG,,1,"[0, 0, 0, 0, 0, 0, 0, 0, 1, 0]",,,4.78,1.4,210234.8
DOMO,,1,"[0, 0, 0, 0, 0, 0, 0, 0, 1, 0]",,,18.2,2.0,1133414.95
PLYX,,1,"[0, 0, 0, 0, 0, 0, 0, 0, 1, 0]",,,35.0,1.87,100326.6
PYXS,,1,"[0, 0, 0, 0, 0, 0, 0, 0, 1, 0]",,,5.34,1.06,955607.0
BDTX,,1,"[0, 0, 0, 0, 0, 0, 0, 0, 1, 0]",,,4.87,1.61,537270.1
CNTN,,1,"[0, 0, 0, 0, 0, 0, 0, 0, 1, 0]",,,5.48,1.85,630069.95
TBI,,1,"[0, 0, 0, 0, 0, 0, 0, 0, 1, 0]",,,10.85,3.31,243791.7
THRY,,1,"[0, 0, 0, 0, 0, 0, 0, 0, 1, 0]",,,12.99,1.8,723861.65
HYPR,,1,"[0, 0, 0, 0, 0, 0, 0, 0, 1, 0]",,,2.2,0.79,494623.55
ORMP,,1,"[0, 0, 0, 0, 0, 0, 0, 0, 1, 0]",,,5.34,2.04,232968.4
RFIL,,1,"[0, 0, 0, 0, 0, 0, 0, 0, 1, 0]",,,21.5,5.65,176490.95
MX,,1,"[0, 0, 0, 0, 0, 0, 0, 0, 1, 0]",,,8.93,2.27,347574.65
OWLT,,1,"[0, 0, 0, 0, 0, 0, 0, 0, 1, 0]",,,16.52,4.44,240487.7
KZIA,,1,"[0, 0, 0, 0, 0, 0, 0, 0, 1, 0]",,,16.9,5.0,321442.1
ONL,,1,"[0, 0, 0, 0, 0, 0, 0, 0, 1, 0]",,,2.98,1.86,266469.25
IMDX,,1,"[0, 0, 0, 0, 0, 0, 0, 0, 1, 0]",,,8.48,2.55,196553.35
ANTX,,1,"[0, 0, 0, 0, 0, 0, 0, 0, 1, 0]",,,6.28,1.03,224724.85
IMUX,,1,"[0, 0, 0, 0, 0, 0, 0, 0, 1, 0]",,,16.9,5.1,259528.9
CURV,,1,"[0, 0, 0, 0, 0, 0, 0, 0, 1, 0]",,,2.75,0.97,442533.2
APYX,,1,"[0, 0, 0, 0, 0, 0, 0, 0, 1, 0]",,,4.86,2.0,135687.05
RGP,,1,"[0, 0, 0, 0, 0, 0, 0, 0, 1, 0]",,,5.13,3.36,263016.55
CHPT,,1,"[0, 0, 0, 0, 0, 0, 0, 0, 1, 0]",,,12.34,4.51,3678418.7
WATT,,1,"[0, 0, 0, 0, 0, 0, 0, 0, 1, 0]",,,35.33,3.76,184112.5
DHX,,1,"[0, 0, 0, 0, 0, 0, 0, 0, 1, 0]",,,4.64,1.5,279156.1
HURA,,1,"[0, 0, 0, 0, 0, 0, 0, 0, 1, 0]",,,3.15,0.44,242166.75
BZUN,,1,"[0, 0, 0, 0, 0, 0, 0, 0, 1, 0]",,,4.77,2.1,172538.6
IDN,,1,"[0, 0, 0, 0, 0, 0, 0, 0, 1, 0]",,,8.99,2.65,568345.9
SPRO,,1,"[0, 0, 0, 0, 0, 0, 0, 0, 1, 0]",,,2.98,1.15,448144.15
NNBR,,1,"[0, 0, 0, 0, 0, 0, 0, 0, 1, 0]",,,4.11,1.14,1751638.25
CRDL,,1,"[0, 0, 0, 0, 0, 0, 0, 0, 1, 0]",,,2.29,0.93,1758294.05
AGEN,,1,"[0, 0, 0, 0, 0, 0, 0, 0, 1, 0]",,,8.36,2.77,1032225.9
JELD,,1,"[0, 0, 0, 0, 0, 0, 0, 0, 1, 0]",,,6.63,0.95,1790038.05
VWAV,,1,"[0, 0, 0, 0, 0, 0, 0, 0, 1, 0]",,,14.18,0.46,3308667.3
RDZN,,1,"[0, 0, 0, 0, 0, 0, 0, 0, 1, 0]",,,2.41,0.83,302390.45
MBOT,,1,"[0, 0, 0, 0, 0, 0, 0, 0, 1, 0]",,,4.05,1.44,697290.45
QMCO,,1,"[0, 0, 0, 0, 0, 0, 0, 0, 1, 0]",,,26.11,4.31,1479675.75
MED,,1,"[0, 0, 0, 0, 0, 0, 0, 0, 1, 0]",,,14.57,9.45,112711.4
GNLX,,1,"[0, 0, 0, 0, 0, 0, 0, 0, 1, 0]",,,8.24,2.3,346515.15
EMPD,,1,"[0, 0, 0, 0, 0, 0, 0, 0, 1, 0]",,,8.0,2.52,429726.35
GALT,,1,"[0, 0, 0, 0, 0, 0, 0, 0, 1, 0]",,,6.51,2.08,340585.2
BNC,,1,"[0, 0, 0, 0, 0, 0, 0, 0, 1, 0]",,,16.72,1.99,4233101.15
SPWR,,1,"[0, 0, 0, 0, 0, 0, 0, 0, 1, 0]",,,2.11,0.22,19688047.55
NTHI,,1,"[0, 0, 0, 0, 0, 0, 0, 0, 1, 0]",,,12.09,3.21,235021.25
VRCA,,1,"[0, 0, 0, 0, 0, 0, 0, 0, 1, 0]",,,9.1,3.28,111647.4
SRFM,,1,"[0, 0, 0, 0, 0, 0, 0, 0, 1, 0]",,,5.45,0.61,1857962.0
EQ,,1,"[0, 0, 0, 0, 0, 0, 0, 0, 1, 0]",,,3.2,0.84,416984.95
TTEC,,1,"[0, 0, 0, 0, 0, 0, 0, 0, 1, 0]",,,3.88,1.27,445197.65
DFDV,,1,"[0, 0, 0, 0, 0, 0, 0, 0, 1, 0]",,,18.51,2.47,2009864.2
BNAI,,1,"[0, 0, 0, 0, 0, 0, 0, 0, 1, 0]",,,63.0,1.2,114331.5
TMCI,,1,"[0, 0, 0, 0, 0, 0, 0, 0, 1, 0]",,,7.44,1.2,290698.75
CHGG,,1,"[0, 0, 0, 0, 0, 0, 0, 0, 1, 0]",,,1.84,0.45,1415392.25
HSDT,,1,"[0, 0, 0, 0, 0, 0, 0, 0, 1, 0]",,,24.13,1.27,372675.95
SAFX,,1,"[0, 0, 0, 0, 0, 0, 0, 0, 1, 0]",,,1.44,0.14,3466571.6
AIFC,,1,"[0, 0, 0, 0, 0, 0, 0, 0, 1, 0]",,,4.18,0.37,966516.55
SUIG,,1,"[0, 0, 0, 0, 0, 0, 0, 0, 1, 0]",,,4.6,0.81,702073.15
INVE,,1,"[0, 0, 0, 0, 0, 0, 0, 0, 1, 0]",,,5.29,2.5,224409.8
GCTS,,1,"[0, 0, 0, 0, 0, 0, 0, 0, 1, 0]",,,3.73,0.99,1769567.35
FFAI,,1,"[0, 0, 0, 0, 0, 0, 0, 0, 1, 0]",,,282.0,1.76,1130171.2
PEPG,,1,"[0, 0, 0, 0, 0, 0, 0, 0, 1, 0]",,,7.17,1.35,755293.95
BLNK,,1,"[0, 0, 0, 0, 0, 0, 0, 0, 1, 0]",,,2.5,0.47,1167704.3
GUTS,,1,"[0, 0, 0, 0, 0, 0, 0, 0, 1, 0]",,,2.37,0.39,1578345.6
INO,,1,"[0, 0, 0, 0, 0, 0, 0, 0, 1, 0]",,,2.65,0.66,4811369.3
RANI,,1,"[0, 0, 0, 0, 0, 0, 0, 0, 1, 0]",,,2.85,0.46,672101.85
CMTL,,1,"[0, 0, 0, 0, 0, 0, 0, 0, 1, 0]",,,5.98,1.5,333531.85
TUSK,,1,"[0, 0, 0, 0, 0, 0, 0, 0, 1, 0]",,,3.84,1.73,158578.75
STIM,,1,"[0, 0, 0, 0, 0, 0, 0, 0, 1, 0]",,,3.46,1.18,1237783.9
CUE,,1,"[0, 0, 0, 0, 0, 0, 0, 0, 1, 0]",,,36.78,5.31,171629.25
ARQ,,1,"[0, 0, 0, 0, 0, 0, 0, 0, 1, 0]",,,7.4,1.64,232489.8
HCAT,,1,"[0, 0, 0, 0, 0, 0, 0, 0, 1, 0]",,,3.46,1.0,576554.15
BMEA,,1,"[0, 0, 0, 0, 0, 0, 0, 0, 1, 0]",,,2.67,0.96,2188029.1
CBUS,,1,"[0, 0, 0, 0, 0, 0, 0, 0, 1, 0]",,,4.05,1.16,119744.6
ANPA,,1,"[0, 0, 0, 0, 0, 0, 0, 0, 1, 0]",,,157.89,3.11,288569.95
HOVR,,1,"[0, 0, 0, 0, 0, 0, 0, 0, 1, 0]",,,3.91,1.2,629290.15
CGTX,,1,"[0, 0, 0, 0, 0, 0, 0, 0, 1, 0]",,,2.36,0.6,377767.25
FLL,,1,"[0, 0, 0, 0, 0, 0, 0, 0, 1, 0]",,,3.49,1.97,128716.8
CYPH,,1,"[0, 0, 0, 0, 0, 0, 0, 0, 1, 0]",,,2.97,0.28,12443750.75
CRGO,,1,"[0, 0, 0, 0, 0, 0, 0, 0, 1, 0]",,,4.1,1.15,414492.5
DTI,,1,"[0, 0, 0, 0, 0, 0, 0, 0, 1, 0]",,,4.49,1.92,161887.7
BTCS,,1,"[0, 0, 0, 0, 0, 0, 0, 0, 1, 0]",,,5.96,0.98,2838649.3
ZVIA,,1,"[0, 0, 0, 0, 0, 0, 0, 0, 1, 0]",,,2.73,1.13,407707.2
ALDX,,1,"[0, 0, 0, 0, 0, 0, 0, 0, 1, 0]",,,5.74,1.24,665558.3
EXFY,,1,"[0, 0, 0, 0, 0, 0, 0, 0, 1, 0]",,,2.72,0.75,735728.75
ONCY,,1,"[0, 0, 0, 0, 0, 0, 0, 0, 1, 0]",,,1.42,0.75,844616.3
TEAD,,1,"[0, 0, 0, 0, 0, 0, 0, 0, 1, 0]",,,1.75,0.47,200430.2
NRXP,,1,"[0, 0, 0, 0, 0, 0, 0, 0, 1, 0]",,,4.62,1.68,720774.25
OCCI,2.62,3,"[1, 0, 0, 0, 0, 0, 0, 0, 1, 1]",2.49,3.1,4.81,2.23,200821.85
ARBE,,1,"[0, 0, 0, 0, 0, 0, 0, 0, 1, 0]",,,2.69,0.56,6632881.75
TLYS,,1,"[0, 0, 0, 0, 0, 0, 0, 0, 1, 0]",,,5.45,1.18,1259723.8
UPXI,,1,"[0, 0, 0, 0, 0, 0, 0, 0, 1, 0]",,,7.7,0.56,3881911.35
LGO,,1,"[0, 0, 0, 0, 0, 0, 0, 0, 1, 0]",,,2.52,0.58,613566.35
BAER,,1,"[0, 0, 0, 0, 0, 0, 0, 0, 1, 0]",,,3.27,1.06,991515.4
SEV,,1,"[0, 0, 0, 0, 0, 0, 0, 0, 1, 0]",,,10.84,1.41,294432.35
FRMM,,1,"[0, 0, 0, 0, 0, 0, 0, 0, 1, 0]",,,25.8,1.79,125787.5
GNSS,,1,"[0, 0, 0, 0, 0, 0, 0, 0, 1, 0]",,,2.58,1.41,103246.35
ATYR,,1,"[0, 0, 0, 0, 0, 0, 0, 0, 1, 0]",,,6.03,0.4,662591.65
OCC,,1,"[0, 0, 0, 0, 0, 0, 0, 0, 1, 0]",,,26.92,4.16,297064.05
QTTB,,1,"[0, 0, 0, 0, 0, 0, 0, 0, 1, 0]",,,21.38,1.74,438233.95
STEX,,1,"[0, 0, 0, 0, 0, 0, 0, 0, 1, 0]",,,7.0,0.68,1042707.4
LIDR,,1,"[0, 0, 0, 0, 0, 0, 0, 0, 1, 0]",,,3.35,1.02,7626722.7
VHUB,,1,"[0, 0, 0, 0, 0, 0, 0, 0, 1, 0]",,,8.08,0.59,104601.05
MXCT,,1,"[0, 0, 0, 0, 0, 0, 0, 0, 1, 0]",,,1.83,0.68,696942.9
AVD,,1,"[0, 0, 0, 0, 0, 0, 0, 0, 1, 0]",,,5.81,2.06,320186.95
NAMM,,1,"[0, 0, 0, 0, 0, 0, 0, 0, 1, 0]",,,6.4,0.92,501265.5
SPAI,,1,"[0, 0, 0, 0, 0, 0, 0, 0, 1, 0]",,,8.95,3.23,545703.35
BTMD,,1,"[0, 0, 0, 0, 0, 0, 0, 0, 1, 0]",,,3.45,1.3,340397.2
GRWG,,1,"[0, 0, 0, 0, 0, 0, 0, 0, 1, 0]",,,2.2,1.04,343601.5
DTCX,,1,"[0, 0, 0, 0, 0, 0, 0, 0, 1, 0]",,,5.98,1.63,323073.1
PN,,1,"[0, 0, 0, 0, 0, 0, 0, 0, 1, 0]",,,23.67,2.21,146054.3
TCRX,,1,"[0, 0, 0, 0, 0, 0, 0, 0, 1, 0]",,,2.52,0.33,1025822.5
DOMH,,1,"[0, 0, 0, 0, 0, 0, 0, 0, 1, 0]",,,6.22,1.94,154974.3
STEM,,1,"[0, 0, 0, 0, 0, 0, 0, 0, 1, 0]",,,29.79,4.95,113363.15
ZTEK,0.53,4,"[1, 0, 0, 0, 0, 0, 1, 0, 1, 1]",0.5,0.64,1.06,0.37,206288.8
JFB,4.95,4,"[1, 0, 0, 0, 0, 0, 1, 0, 1, 1]",4.39,7.14,16.78,2.61,613247.05
ANVS,,1,"[0, 0, 0, 0, 0, 0, 0, 0, 1, 0]",,,5.1,1.22,1116747.65
ZSQR,,1,"[0, 0, 0, 0, 0, 0, 0, 0, 1, 0]",,,18.8,2.91,357470.75
ACRV,,1,"[0, 0, 0, 0, 0, 0, 0, 0, 1, 0]",,,3.01,1.29,361443.6
AFCG,,1,"[0, 0, 0, 0, 0, 0, 0, 0, 1, 0]",,,4.33,2.02,121661.3
PMVP,,1,"[0, 0, 0, 0, 0, 0, 0, 0, 1, 0]",,,1.8,1.02,707973.1
MDAI,,1,"[0, 0, 0, 0, 0, 0, 0, 0, 1, 0]",,,2.68,1.2,131568.95
CPSH,,1,"[0, 0, 0, 0, 0, 0, 0, 0, 1, 0]",,,11.59,3.04,231967.15
OMEX,,1,"[0, 0, 0, 0, 0, 0, 0, 0, 1, 0]",,,4.12,0.6,298859.3
FTCI,,1,"[0, 0, 0, 0, 0, 0, 0, 0, 1, 0]",,,12.5,1.99,276509.85
PDSB,,1,"[0, 0, 0, 0, 0, 0, 0, 0, 1, 0]",,,1.43,0.2,27522057.3
FLD,,1,"[0, 0, 0, 0, 0, 0, 0, 0, 1, 0]",,,4.53,0.38,692823.7
RRGB,,1,"[0, 0, 0, 0, 0, 0, 0, 0, 1, 0]",,,10.59,2.59,454453.6
XTIA,,1,"[0, 0, 0, 0, 0, 0, 0, 0, 1, 0]",,,3.06,0.95,1041644.9
KLXE,,1,"[0, 0, 0, 0, 0, 0, 0, 0, 1, 0]",,,4.27,1.48,542089.35
FEAM,,1,"[0, 0, 0, 0, 0, 0, 0, 0, 1, 0]",,,7.03,1.05,260164.35
CING,,1,"[0, 0, 0, 0, 0, 0, 0, 0, 1, 0]",,,11.66,3.33,142412.75
IMMP,,1,"[0, 0, 0, 0, 0, 0, 0, 0, 1, 0]",,,3.18,0.31,120131.05
IBIO,,1,"[0, 0, 0, 0, 0, 0, 0, 0, 1, 0]",,,3.07,0.79,750909.75
ENTX,,1,"[0, 0, 0, 0, 0, 0, 0, 0, 1, 0]",,,3.92,1.0,377180.45
EHTH,,1,"[0, 0, 0, 0, 0, 0, 0, 0, 1, 0]",,,5.65,0.92,307798.95
VNCE,,1,"[0, 0, 0, 0, 0, 0, 0, 0, 1, 0]",,,7.87,1.99,137770.5
HYFT,,1,"[0, 0, 0, 0, 0, 0, 0, 0, 1, 0]",,,2.78,1.02,113599.6
BLNE,,1,"[0, 0, 0, 0, 0, 0, 0, 0, 1, 0]",,,4.35,0.88,418519.8
PSIG,,1,"[0, 0, 0, 0, 0, 0, 0, 0, 1, 0]",,,11.85,1.08,751434.7
SPWH,,1,"[0, 0, 0, 0, 0, 0, 0, 0, 1, 0]",,,3.19,1.12,613447.35
ONMD,,1,"[0, 0, 0, 0, 0, 0, 0, 0, 1, 0]",,,3.14,0.5,304919.9
GRML,,1,"[0, 0, 0, 0, 0, 0, 0, 0, 1, 0]",,,33.0,4.19,730309.8
AMPG,,1,"[0, 0, 0, 0, 0, 0, 0, 0, 1, 0]",,,9.7,1.76,2298082.7
CHRN,,1,"[0, 0, 0, 0, 0, 0, 0, 0, 1, 0]",,,29.63,3.83,165771.8
IPWR,,1,"[0, 0, 0, 0, 0, 0, 0, 0, 1, 0]",,,8.99,2.68,198906.2
ZEO,,1,"[0, 0, 0, 0, 0, 0, 0, 0, 1, 0]",,,1.99,0.21,2007852.0
STKE,,1,"[0, 0, 0, 0, 0, 0, 0, 0, 1, 0]",,,7.37,0.89,236417.75
ILLR,,1,"[0, 0, 0, 0, 0, 0, 0, 0, 1, 0]",,,14.8,0.26,457709.9
VIVO,,1,"[0, 0, 0, 0, 0, 0, 0, 0, 1, 0]",,,6.6,1.21,422003.5
BWEN,,1,"[0, 0, 0, 0, 0, 0, 0, 0, 1, 0]",,,5.44,1.97,321299.5
BIRD,,1,"[0, 0, 0, 0, 0, 0, 0, 0, 1, 0]",,,14.86,1.93,665443.5
BEAT,,1,"[0, 0, 0, 0, 0, 0, 0, 0, 1, 0]",,,3.44,0.42,400887.9
RDAC,,1,"[0, 0, 0, 0, 0, 0, 0, 0, 1, 0]",,,20.51,4.56,2181313.6
FTEK,,1,"[0, 0, 0, 0, 0, 0, 0, 0, 1, 0]",,,3.63,1.19,179238.9
PPSI,,1,"[0, 0, 0, 0, 0, 0, 0, 0, 1, 0]",,,6.08,2.37,122296.2
TELA,,1,"[0, 0, 0, 0, 0, 0, 0, 0, 1, 0]",,,1.62,0.56,307174.05
GAME,,1,"[0, 0, 0, 0, 0, 0, 0, 0, 1, 0]",,,6.85,1.97,242782.95
ARAY,,1,"[0, 0, 0, 0, 0, 0, 0, 0, 1, 0]",,,1.85,0.23,556927.8
FGNX,,1,"[0, 0, 0, 0, 0, 0, 0, 0, 1, 0]",,,43.25,4.23,104792.0
AHMA,,1,"[0, 0, 0, 0, 0, 0, 0, 0, 1, 0]",,,37.11,0.79,1374112.7
HYPD,,1,"[0, 0, 0, 0, 0, 0, 0, 0, 1, 0]",,,14.98,2.34,685236.65
ASTI,,1,"[0, 0, 0, 0, 0, 0, 0, 0, 1, 0]",,,9.02,1.43,269261.2
DARE,,1,"[0, 0, 0, 0, 0, 0, 0, 0, 1, 0]",,,3.27,0.71,1228368.4
BEEM,,1,"[0, 0, 0, 0, 0, 0, 0, 0, 1, 0]",,,3.88,0.98,2469286.55
SST,,1,"[0, 0, 0, 0, 0, 0, 0, 0, 1, 0]",,,8.92,1.37,1485893.25
WKHS,,1,"[0, 0, 0, 0, 0, 0, 0, 0, 1, 0]",,,14.28,2.34,125753.45
INMB,,1,"[0, 0, 0, 0, 0, 0, 0, 0, 1, 0]",,,2.51,1.12,324407.15
JZ,,1,"[0, 0, 0, 0, 0, 0, 0, 0, 1, 0]",,,93.0,0.79,3161146.15
PSQH,,1,"[0, 0, 0, 0, 0, 0, 0, 0, 1, 0]",,,42.45,3.01,481884.3
RPGL,,1,"[0, 0, 0, 0, 0, 0, 0, 0, 1, 0]",,,3984.0,1.33,591713.0
GRCE,,1,"[0, 0, 0, 0, 0, 0, 0, 0, 1, 0]",,,5.13,2.07,139502.15
BOLD,,1,"[0, 0, 0, 0, 0, 0, 0, 0, 1, 0]",,,3.0,1.05,106617.7
ARAI,,1,"[0, 0, 0, 0, 0, 0, 0, 0, 1, 0]",,,6.3,0.22,398742.5
AGPU,,1,"[0, 0, 0, 0, 0, 0, 0, 0, 1, 0]",,,18.0,1.41,402278.05
MNTS,,1,"[0, 0, 0, 0, 0, 0, 0, 0, 1, 0]",,,30.54,3.23,822771.2
BZFD,,1,"[0, 0, 0, 0, 0, 0, 0, 0, 1, 0]",,,2.09,0.57,404650.65
SKYE,,1,"[0, 0, 0, 0, 0, 0, 0, 0, 1, 0]",,,38.0,1.68,198980.8
QCLS,,1,"[0, 0, 0, 0, 0, 0, 0, 0, 1, 0]",,,6.92,1.78,214106.6
LASE,,1,"[0, 0, 0, 0, 0, 0, 0, 0, 1, 0]",,,4.78,0.6,4264419.6
QNTM,,1,"[0, 0, 0, 0, 0, 0, 0, 0, 1, 0]",,,19.99,2.1,223749.95
DBGI,,1,"[0, 0, 0, 0, 0, 0, 0, 0, 1, 0]",,,711.2,3.63,1654890.8
VEEA,,1,"[0, 0, 0, 0, 0, 0, 0, 0, 1, 0]",,,18.46,1.67,156128.65
SPPL,,1,"[0, 0, 0, 0, 0, 0, 0, 0, 1, 0]",,,6.62,1.8,137931.0
OTLK,,1,"[0, 0, 0, 0, 0, 0, 0, 0, 1, 0]",,,2.47,0.2,22050143.25
FEMY,,1,"[0, 0, 0, 0, 0, 0, 0, 0, 1, 0]",,,20.8,2.16,2055716.55
JSPR,,1,"[0, 0, 0, 0, 0, 0, 0, 0, 1, 0]",,,2.6,0.34,601819.45
UFG,,1,"[0, 0, 0, 0, 0, 0, 0, 0, 1, 0]",,,9.04,0.46,5686731.0
DFLI,,1,"[0, 0, 0, 0, 0, 0, 0, 0, 1, 0]",,,19.7,1.01,240314.95
VTGN,,1,"[0, 0, 0, 0, 0, 0, 0, 0, 1, 0]",,,4.9,0.23,625565.1
SDST,,1,"[0, 0, 0, 0, 0, 0, 0, 0, 1, 0]",,,7.09,0.16,2082759.6
LTRN,,1,"[0, 0, 0, 0, 0, 0, 0, 0, 1, 0]",,,4.62,1.12,154874.9
GWH,,1,"[0, 0, 0, 0, 0, 0, 0, 0, 1, 0]",,,9.05,0.32,1210957.0
MOBX,,1,"[0, 0, 0, 0, 0, 0, 0, 0, 1, 0]",,,11.2,0.93,8869351.45
GRDX,,1,"[0, 0, 0, 0, 0, 0, 0, 0, 1, 0]",,,6.8,2.01,146113.35
AUID,,1,"[0, 0, 0, 0, 0, 0, 0, 0, 1, 0]",,,3.37,0.38,659332.75
KTTA,,1,"[0, 0, 0, 0, 0, 0, 0, 0, 1, 0]",,,1.47,0.29,202680.15
SAGT,,1,"[0, 0, 0, 0, 0, 0, 0, 0, 1, 0]",,,2.68,0.61,1140747.1
OSRH,,1,"[0, 0, 0, 0, 0, 0, 0, 0, 1, 0]",,,0.82,0.12,29990260.1
OFAL,,1,"[0, 0, 0, 0, 0, 0, 0, 0, 1, 0]",,,15.1,0.63,11667014.85
ENGS,,1,"[0, 0, 0, 0, 0, 0, 0, 0, 1, 0]",,,12.22,0.64,1368980.5
NIXX,,1,"[0, 0, 0, 0, 0, 0, 0, 0, 1, 0]",,,1.89,0.49,617588.5
AIIO,,1,"[0, 0, 0, 0, 0, 0, 0, 0, 1, 0]",,,52.4,0.59,672243.45
SCNX,,1,"[0, 0, 0, 0, 0, 0, 0, 0, 1, 0]",,,2.6,0.24,2286958.15
GFAI,,1,"[0, 0, 0, 0, 0, 0, 0, 0, 1, 0]",,,1.29,0.31,206347.65
NWGL,,1,"[0, 0, 0, 0, 0, 0, 0, 0, 1, 0]",,,1.75,0.22,1466730.7
SKYQ,,1,"[0, 0, 0, 0, 0, 0, 0, 0, 1, 0]",,,12.59,1.14,2294674.25
AKAN,,1,"[0, 0, 0, 0, 0, 0, 0, 0, 1, 0]",,,107.43,2.68,2731250.5
MDCX,,1,"[0, 0, 0, 0, 0, 0, 0, 0, 1, 0]",,,2.8,0.17,8875250.4
BFRI,,1,"[0, 0, 0, 0, 0, 0, 0, 0, 1, 0]",,,1.61,0.57,736145.4
MBRX,,1,"[0, 0, 0, 0, 0, 0, 0, 0, 1, 0]",,,13.25,0.38,703014.15
SKK,,1,"[0, 0, 0, 0, 0, 0, 0, 0, 1, 0]",,,12.19,1.66,415207.35
PHIO,,1,"[0, 0, 0, 0, 0, 0, 0, 0, 1, 0]",,,2.48,0.86,194397.7
OBAI,,1,"[0, 0, 0, 0, 0, 0, 0, 0, 1, 0]",,,33.0,0.32,3999886.2
BFRG,,1,"[0, 0, 0, 0, 0, 0, 0, 0, 1, 0]",,,1.68,0.46,106367.75
APRE,,1,"[0, 0, 0, 0, 0, 0, 0, 0, 1, 0]",,,1.65,0.59,565928.1
STFS,,1,"[0, 0, 0, 0, 0, 0, 0, 0, 1, 0]",,,18.29,3.04,360234.2
ATER,,1,"[0, 0, 0, 0, 0, 0, 0, 0, 1, 0]",,,1.39,0.36,5209953.05
GTBP,,1,"[0, 0, 0, 0, 0, 0, 0, 0, 1, 0]",,,5.98,0.24,431241.6
LHSW,,1,"[0, 0, 0, 0, 0, 0, 0, 0, 1, 0]",,,45.92,1.02,1877681.5
BIVI,,1,"[0, 0, 0, 0, 0, 0, 0, 0, 1, 0]",,,2.28,0.96,7051653.35
YYGH,1.29,1,"[0, 0, 0, 0, 0, 0, 0, 0, 1, 0]",1.31,128.91,658.8,1.06,6822538.4
GDC,,1,"[0, 0, 0, 0, 0, 0, 0, 0, 1, 0]",,,2432.5,1.43,1821774.45
BIAF,,1,"[0, 0, 0, 0, 0, 0, 0, 0, 1, 0]",,,157.5,4.56,7894839.85
CODX,,1,"[0, 0, 0, 0, 0, 0, 0, 0, 1, 0]",,,37.8,1.1,297870.8
ELPW,,1,"[0, 0, 0, 0, 0, 0, 0, 0, 1, 0]",,,50184.0,2.8,109296.65
YMAT,,1,"[0, 0, 0, 0, 0, 0, 0, 0, 1, 0]",,,9.35,1.21,1865259.0
FBGL,,1,"[0, 0, 0, 0, 0, 0, 0, 0, 1, 0]",,,1.38,0.37,186798.9
GLE,,1,"[0, 0, 0, 0, 0, 0, 0, 0, 1, 0]",,,1.05,0.26,312903.35
AIXI,,1,"[0, 0, 0, 0, 0, 0, 0, 0, 1, 0]",,,39.0,0.46,15880406.4
FMFC,,1,"[0, 0, 0, 0, 0, 0, 0, 0, 1, 0]",,,15.48,0.2,2128084.6
RMSG,,1,"[0, 0, 0, 0, 0, 0, 0, 0, 1, 0]",,,3.2,0.32,817684.7
MGRX,,1,"[0, 0, 0, 0, 0, 0, 0, 0, 1, 0]",,,2.74,0.16,3003908.3
POLA,,1,"[0, 0, 0, 0, 0, 0, 0, 0, 1, 0]",,,5.27,1.29,542488.05
ANY,,1,"[0, 0, 0, 0, 0, 0, 0, 0, 1, 0]",,,10.5,1.09,547880.35
SMTK,,1,"[0, 0, 0, 0, 0, 0, 0, 0, 1, 0]",,,141.5,2.33,582672.8
ONFO,,1,"[0, 0, 0, 0, 0, 0, 0, 0, 1, 0]",,,75.0,0.95,5050861.75
FABC,,1,"[0, 0, 0, 0, 0, 0, 0, 0, 1, 0]",,,6.15,1.78,163117.6
SILO,,1,"[0, 0, 0, 0, 0, 0, 0, 0, 1, 0]",,,12.23,2.15,124188.1
OLB,,1,"[0, 0, 0, 0, 0, 0, 0, 0, 1, 0]",,,1.5,0.26,19152999.1
AEHL,,1,"[0, 0, 0, 0, 0, 0, 0, 0, 1, 0]",,,415.68,3.54,4094842.15
SNYR,,1,"[0, 0, 0, 0, 0, 0, 0, 0, 1, 0]",,,2.7,0.08,33954575.6
BTQ,,1,"[0, 0, 0, 0, 0, 0, 0, 0, 1, 0]",,,14.14,2.15,2258805.85
WXM,,1,"[0, 0, 0, 0, 0, 0, 0, 0, 1, 0]",,,39.0,2.75,113164.05
ENVB,,1,"[0, 0, 0, 0, 0, 0, 0, 0, 1, 0]",,,11.94,1.27,104528.4
SUNE,,1,"[0, 0, 0, 0, 0, 0, 0, 0, 1, 0]",,,5.88,0.78,7695413.65
ALP,,1,"[0, 0, 0, 0, 0, 0, 0, 0, 1, 0]",,,10.91,0.1,6759038.5
GP,,1,"[0, 0, 0, 0, 0, 0, 0, 0, 1, 0]",,,3.96,0.76,371822.9
GSUN,,1,"[0, 0, 0, 0, 0, 0, 0, 0, 1, 0]",,,3.04,0.19,6482108.65
RENX,,1,"[0, 0, 0, 0, 0, 0, 0, 0, 1, 0]",,,31.6,1.42,106785.25
WNW,,1,"[0, 0, 0, 0, 0, 0, 0, 0, 1, 0]",,,246.0,2.31,1512471.35
GOVX,,1,"[0, 0, 0, 0, 0, 0, 0, 0, 1, 0]",,,17.92,0.47,1307205.95
JTAI,,1,"[0, 0, 0, 0, 0, 0, 0, 0, 1, 0]",,,69.78,0.46,134879.25
NCI,,1,"[0, 0, 0, 0, 0, 0, 0, 0, 1, 0]",,,96.0,3.95,924188.0
SOBR,,1,"[0, 0, 0, 0, 0, 0, 0, 0, 1, 0]",,,3.87,0.42,183159.65
MNDR,,1,"[0, 0, 0, 0, 0, 0, 0, 0, 1, 0]",,,28.5,1.42,211509.55
NCRA,,1,"[0, 0, 0, 0, 0, 0, 0, 0, 1, 0]",,,59.1,1.35,3378642.75
GLMD,4.09,8,"[1, 1, 1, 1, 0, 0, 1, 1, 1, 1]",0.9,0.87,4.63,0.47,827120.3
VIVK,,1,"[0, 0, 0, 0, 0, 0, 0, 0, 1, 0]",,,2420.4,0.78,6177930.05
UCAR,,1,"[0, 0, 0, 0, 0, 0, 0, 0, 1, 0]",,,21.9,0.38,540182.55
IVDA,,1,"[0, 0, 0, 0, 0, 0, 0, 0, 1, 0]",,,2.03,0.22,10294018.25
MASK,,1,"[0, 0, 0, 0, 0, 0, 0, 0, 1, 0]",,,17.45,1.24,211847.5
AEMD,,1,"[0, 0, 0, 0, 0, 0, 0, 0, 1, 0]",,,40.0,1.69,3232920.2
VRAX,,1,"[0, 0, 0, 0, 0, 0, 0, 0, 1, 0]",,,17.2,2.55,974792.35
SGLY,,1,"[0, 0, 0, 0, 0, 0, 0, 0, 1, 0]",,,19.46,1.36,3632755.85
ORKT,,1,"[0, 0, 0, 0, 0, 0, 0, 0, 1, 0]",,,2.56,0.67,215848.75
VBIO,,1,"[0, 0, 0, 0, 0, 0, 0, 0, 1, 0]",,,78.75,2.4,875509.05
MGN,,1,"[0, 0, 0, 0, 0, 0, 0, 0, 1, 0]",,,4.85,0.07,23199478.15
HCWB,,1,"[0, 0, 0, 0, 0, 0, 0, 0, 1, 0]",,,33.54,1.61,350990.7
JDZG,,1,"[0, 0, 0, 0, 0, 0, 0, 0, 1, 0]",,,952.5,2.81,285502.45
SDOT,,1,"[0, 0, 0, 0, 0, 0, 0, 0, 1, 0]",,,165.0,2.73,2840833.2
BTX,,1,"[0, 0, 0, 0, 0, 0, 0, 0, 1, 0]",,,9.31,5.83,442690.7
NVDA,218.29,7,"[1, 1, 1, 1, 1, 1, 0, 0, 1, 0]",212.36,197.11,,,127606967.05
GOOGL,338.5,7,"[0, 0, 1, 1, 1, 1, 1, 1, 1, 0]",346.98,336.38,402.12,235.96,22894656.5
GOOG,335.45,7,"[0, 0, 1, 1, 1, 1, 1, 1, 1, 0]",344.98,335.16,398.54,236.87,15345288.8
AAPL,332.27,10,"[1, 1, 1, 1, 1, 1, 1, 1, 1, 1]",317.83,284.54,339.79,233.21,42518672.75
AMZN,256.78,8,"[1, 1, 1, 1, 1, 1, 0, 1, 1, 0]",255.25,239.8,284.02,198.79,31926908.95
AVGO,361.99,5,"[0, 0, 0, 1, 1, 1, 0, 1, 1, 0]",383.09,369.44,480.81,292.95,25711864.05
TSM,433.24,10,"[1, 1, 1, 1, 1, 1, 1, 1, 1, 1]",418.93,374.99,477.57,256.49,9247255.25
TSLA,365.44,3,"[1, 0, 0, 0, 0, 0, 0, 0, 1, 1]",354.5,398.93,489.88,298.32,39530672.5
WMT,107.15,4,"[0, 0, 0, 0, 1, 1, 0, 1, 1, 0]",110.14,118.21,133.88,99.77,27792541.55
LLY,1115.7,8,"[0, 1, 1, 1, 1, 1, 1, 1, 1, 0]",1183.64,1062.0,1280.34,710.11,2465265.5
MU,975.26,10,"[1, 1, 1, 1, 1, 1, 1, 1, 1, 1]",928.61,621.93,1213.37,156.58,26083436.45
AMD,516.13,10,"[1, 1, 1, 1, 1, 1, 1, 1, 1, 1]",496.55,346.91,580.91,157.39,18006198.4
INTC,102.94,8,"[1, 1, 1, 1, 1, 1, 1, 0, 1, 0]",98.35,75.54,140.94,24.08,91693147.1
XOM,165.99,10,"[1, 1, 1, 1, 1, 1, 1, 1, 1, 1]",154.57,144.05,169.22,107.52,13865809.65
ASML,1698.3,8,"[0, 1, 1, 1, 1, 1, 1, 1, 1, 0]",1738.09,1491.52,1986.87,808.54,1117097.85
ORCL,150.28,3,"[1, 0, 0, 0, 0, 0, 1, 0, 1, 0]",140.63,166.82,324.45,114.99,26631254.3
JNJ,265.58,10,"[1, 1, 1, 1, 1, 1, 1, 1, 1, 1]",261.76,234.88,278.43,170.32,6239248.85
CAT,818.57,7,"[0, 0, 1, 1, 1, 1, 1, 1, 1, 0]",855.8,776.51,1062.93,427.67,2345227.7
CSCO,112.13,8,"[0, 1, 1, 1, 1, 1, 1, 1, 1, 0]",113.72,94.92,129.52,65.18,15343146.45
LRCX,298.22,7,"[0, 1, 1, 1, 1, 1, 1, 0, 1, 0]",314.24,263.98,433.33,116.32,7582311.15
CVX,214.06,10,"[1, 1, 1, 1, 1, 1, 1, 1, 1, 1]",193.67,179.53,214.06,142.76,7757168.8
AMAT,456.49,7,"[0, 1, 1, 1, 1, 1, 1, 0, 1, 0]",516.46,411.04,722.23,166.88,6687850.2
UNH,379.09,8,"[0, 1, 1, 1, 1, 1, 1, 1, 1, 0]",409.17,350.8,436.35,257.55,4719975.85
BABA,109.3,1,"[0, 0, 0, 0, 0, 0, 0, 0, 1, 0]",117.28,133.64,187.62,94.81,12451812.85
GE,323.66,6,"[0, 0, 1, 1, 1, 1, 0, 1, 1, 0]",353.54,321.5,381.22,272.91,3691516.45
HSBC,105.3,10,"[1, 1, 1, 1, 1, 1, 1, 1, 1, 1]",102.47,88.51,107.34,62.78,1077979.8
MS,214.38,8,"[0, 1, 1, 1, 1, 1, 1, 1, 1, 0]",215.39,190.43,227.3,148.49,3836865.85
AZN,160.17,4,"[0, 0, 0, 0, 1, 0, 0, 1, 1, 1]",166.78,182.93,208.62,145.54,3253505.0
GEV,957.27,7,"[0, 0, 1, 1, 1, 1, 1, 1, 1, 0]",1002.33,893.29,1174.86,546.95,1992520.2
GS,1029.18,8,"[0, 1, 1, 1, 1, 1, 1, 1, 1, 0]",1040.28,944.52,1146.46,730.24,1771126.5
MRK,143.93,10,"[1, 1, 1, 1, 1, 1, 1, 1, 1, 1]",136.04,118.49,156.45,75.83,11079664.55
NVS,137.16,5,"[0, 0, 0, 1, 1, 1, 0, 1, 1, 0]",154.14,148.38,163.64,118.2,2333307.35
TXN,268.7,8,"[0, 1, 1, 1, 1, 1, 1, 1, 1, 0]",277.05,239.63,330.59,150.79,5426437.4
RY,205.9,8,"[0, 1, 1, 1, 1, 1, 1, 1, 1, 0]",209.17,181.78,216.57,141.81,1197434.95
KLAC,180.64,6,"[0, 0, 1, 1, 1, 1, 1, 0, 1, 0]",198.31,172.58,301.37,95.88,9065699.1
RTX,197.68,7,"[0, 1, 1, 1, 1, 1, 0, 1, 1, 0]",207.96,192.36,225.49,153.57,4009353.55
SNDK,1633.35,9,"[1, 1, 1, 1, 1, 1, 1, 0, 1, 1]",1517.87,1033.67,2335.0,86.13,12507985.95
QCOM,181.97,8,"[1, 1, 1, 1, 1, 0, 1, 0, 1, 1]",167.8,166.46,248.74,122.94,10947588.95
ARM,264.79,7,"[0, 1, 1, 1, 1, 1, 1, 0, 1, 0]",267.08,204.31,439.46,104.55,3735578.5
C,138.82,10,"[1, 1, 1, 1, 1, 1, 1, 1, 1, 1]",134.75,123.01,144.93,91.98,8236819.8
BHP,87.15,10,"[1, 1, 1, 1, 1, 1, 1, 1, 1, 1]",86.04,75.21,96.58,50.04,2692234.8
ADI,378.78,9,"[1, 1, 1, 1, 1, 1, 1, 1, 1, 0]",374.47,349.09,444.13,222.42,3627761.3
NVO,43.07,2,"[0, 0, 0, 1, 0, 0, 0, 0, 1, 0]",47.18,45.03,60.94,34.33,10777889.65
MUFG,23.89,10,"[1, 1, 1, 1, 1, 1, 1, 1, 1, 1]",22.41,19.03,24.13,14.62,2779642.9
TTE,91.89,10,"[1, 1, 1, 1, 1, 1, 1, 1, 1, 1]",85.76,80.6,93.6,55.92,1600306.65
NEE,82.31,4,"[0, 0, 0, 0, 1, 1, 0, 1, 1, 0]",85.63,86.56,96.44,67.88,10685881.85
BA,210.45,3,"[0, 0, 0, 0, 0, 1, 0, 1, 1, 0]",218.72,220.74,252.15,179.12,5134930.0
TD,120.97,9,"[1, 1, 1, 1, 1, 1, 1, 1, 1, 0]",120.62,104.52,124.8,75.68,1921770.5
SAN,14.96,10,"[1, 1, 1, 1, 1, 1, 1, 1, 1, 1]",14.27,12.5,15.05,9.53,17473653.35
RIO,99.96,10,"[1, 1, 1, 1, 1, 1, 1, 1, 1, 1]",96.24,91.36,109.63,59.0,2098929.5
ANET,199.59,9,"[1, 1, 1, 1, 1, 1, 1, 1, 1, 0]",185.3,153.4,210.5,116.13,5019576.0
STX,830.17,8,"[0, 1, 1, 1, 1, 1, 1, 1, 1, 0]",848.21,605.29,1093.26,194.39,3583061.45
DELL,567.29,10,"[1, 1, 1, 1, 1, 1, 1, 1, 1, 1]",448.73,261.15,567.29,110.54,8826300.2
PANW,330.65,8,"[0, 1, 1, 1, 1, 1, 1, 1, 1, 0]",349.54,235.93,396.0,141.67,6059495.95
WDC,447.18,7,"[0, 1, 1, 1, 1, 1, 1, 0, 1, 0]",494.68,379.01,745.99,97.48,6081313.1
GILD,143.72,10,"[1, 1, 1, 1, 1, 1, 1, 1, 1, 1]",138.09,133.79,153.91,108.5,5268310.55
GLW,166.4,8,"[1, 1, 1, 0, 1, 1, 1, 0, 1, 1]",159.22,145.05,255.21,76.22,8706872.45
BUD,78.23,8,"[0, 1, 1, 1, 1, 1, 1, 1, 1, 0]",80.59,74.55,86.48,57.08,2411791.35
APP,323.96,2,"[0, 0, 0, 0, 0, 0, 0, 0, 1, 1]",377.58,481.83,733.6,298.59,4551971.1
APH,83.92,10,"[1, 1, 1, 1, 1, 1, 1, 1, 1, 1]",80.27,73.03,88.16,58.89,11449950.05
DE,675.74,10,"[1, 1, 1, 1, 1, 1, 1, 1, 1, 1]",623.01,570.25,698.37,435.19,1422434.1
SCCO,193.49,10,"[1, 1, 1, 1, 1, 1, 1, 1, 1, 1]",189.39,175.41,219.7,100.01,1193326.05
WELL,235.62,9,"[0, 1, 1, 1, 1, 1, 1, 1, 1, 1]",237.25,210.37,251.12,162.79,2451600.85
MRVL,236.1,9,"[1, 1, 1, 1, 1, 1, 1, 0, 1, 1]",216.84,154.76,316.35,67.21,24165593.2
IBKR,91.37,9,"[0, 1, 1, 1, 1, 1, 1, 1, 1, 1]",92.0,79.31,98.1,60.79,3676093.9
COP,137.35,10,"[1, 1, 1, 1, 1, 1, 1, 1, 1, 1]",122.26,112.37,137.35,83.04,6333493.4
PLD,135.75,5,"[0, 0, 0, 1, 1, 1, 0, 1, 1, 0]",141.94,136.42,150.06,108.7,2924112.3
UBS,54.58,10,"[1, 1, 1, 1, 1, 1, 1, 1, 1, 1]",53.33,45.76,55.72,35.49,1614010.5
SMFG,27.29,10,"[1, 1, 1, 1, 1, 1, 1, 1, 1, 1]",25.77,22.31,27.56,15.2,1316763.45
CRWD,206.74,9,"[1, 1, 1, 1, 1, 1, 1, 1, 1, 0]",202.58,144.12,231.0,87.56,10383079.5
VRT,257.06,4,"[0, 0, 0, 0, 1, 1, 1, 0, 1, 0]",278.73,259.37,376.15,134.69,4776313.15
BTI,55.24,4,"[0, 0, 0, 0, 1, 1, 0, 1, 1, 0]",58.45,58.08,65.79,48.34,5141212.45
BBVA,29.55,10,"[1, 1, 1, 1, 1, 1, 1, 1, 1, 1]",27.59,23.74,29.64,17.18,1243847.0
NEM,126.81,9,"[1, 1, 1, 0, 1, 1, 1, 1, 1, 1]",109.58,108.89,134.86,77.59,8038867.0
PBR,21.2,10,"[1, 1, 1, 1, 1, 1, 1, 1, 1, 1]",18.18,16.66,21.38,11.06,22857859.3
PBR-A,19.11,9,"[1, 1, 1, 0, 1, 1, 1, 1, 1, 1]",16.26,15.13,19.22,10.33,7914523.45
SBUX,98.74,6,"[0, 0, 1, 1, 1, 1, 0, 1, 1, 0]",104.8,96.99,108.49,76.51,5759078.15
CVS,94.66,8,"[0, 1, 1, 1, 1, 1, 1, 1, 1, 0]",99.92,86.03,109.92,69.04,6116085.8
BMY,63.64,9,"[1, 1, 1, 1, 1, 1, 1, 1, 1, 0]",63.43,57.69,68.09,41.21,7751467.2
BP,46.1,10,"[1, 1, 1, 1, 1, 1, 1, 1, 1, 1]",42.3,40.13,46.52,31.17,9323028.05
PWR,650.58,9,"[1, 1, 1, 1, 1, 1, 1, 1, 1, 0]",646.61,591.69,785.12,375.69,1033018.6
PH,950.23,8,"[0, 1, 1, 1, 1, 1, 1, 1, 1, 0]",987.88,935.15,1071.71,710.74,605894.25
HWM,229.61,5,"[0, 0, 0, 1, 1, 1, 0, 1, 1, 0]",272.24,245.97,292.65,183.71,3661185.3
BMO,174.88,8,"[0, 1, 1, 1, 1, 1, 1, 1, 1, 0]",177.17,151.64,185.81,118.13,870063.65
EQIX,1037.72,8,"[0, 1, 1, 1, 1, 1, 1, 1, 1, 0]",1040.68,958.38,1110.63,715.18,523190.75
MFG,11.45,10,"[1, 1, 1, 1, 1, 1, 1, 1, 1, 1]",10.53,8.99,11.45,6.09,2992641.1
TT,442.52,5,"[0, 0, 0, 1, 1, 1, 0, 1, 1, 0]",464.2,443.12,502.27,373.79,910914.3
CM,114.64,8,"[0, 1, 1, 1, 1, 1, 1, 1, 1, 0]",117.62,104.07,123.74,77.99,1148008.5
CDNS,289.37,3,"[0, 0, 0, 1, 1, 0, 0, 0, 1, 0]",334.44,326.78,416.39,265.66,2395844.1
GSK,48.13,4,"[0, 0, 0, 0, 1, 1, 0, 1, 1, 0]",51.07,51.49,59.6,38.17,2784864.45
SNPS,397.38,1,"[0, 0, 0, 0, 0, 0, 0, 0, 1, 0]",408.16,447.37,534.56,372.33,1835710.8
AEM,200.36,9,"[1, 1, 1, 0, 1, 1, 1, 1, 1, 1]",173.07,186.45,251.01,136.04,3106643.55
HCA,426.94,4,"[1, 0, 0, 0, 0, 0, 0, 1, 1, 1]",404.98,449.74,543.23,360.6,1321571.0
BNS,93.45,10,"[1, 1, 1, 1, 1, 1, 1, 1, 1, 1]",89.28,77.97,94.92,62.02,2080879.05
CMI,556.75,5,"[0, 0, 0, 0, 1, 1, 1, 1, 1, 0]",620.08,598.08,724.89,402.1,965396.15
MAR,334.69,6,"[0, 0, 0, 1, 1, 1, 1, 1, 1, 0]",358.06,344.41,401.72,256.9,1456257.25
CNQ,50.07,10,"[1, 1, 1, 1, 1, 1, 1, 1, 1, 1]",46.87,42.41,51.81,29.33,6819050.0
EQNR,44.8,10,"[1, 1, 1, 1, 1, 1, 1, 1, 1, 1]",39.58,33.31,45.23,21.68,2753699.7
ITUB,8.33,9,"[1, 1, 1, 0, 1, 1, 1, 1, 1, 1]",8.02,7.99,9.38,6.07,22125869.35
FDX,311.99,8,"[0, 1, 1, 1, 1, 1, 1, 1, 1, 0]",318.97,292.43,339.35,178.69,1442818.95
FCX,71.07,10,"[1, 1, 1, 1, 1, 1, 1, 1, 1, 1]",67.36,61.41,79.91,34.96,14869200.05
USB,62.84,8,"[0, 1, 1, 1, 1, 1, 1, 1, 1, 0]",63.16,56.39,65.42,44.01,6150401.85
JCI,146.01,9,"[1, 1, 1, 1, 1, 1, 1, 1, 1, 0]",144.77,134.95,154.76,104.94,2949322.9
ING,37.27,10,"[1, 1, 1, 1, 1, 1, 1, 1, 1, 1]",34.31,29.32,37.27,22.65,1601729.2
FTNT,156.07,8,"[0, 1, 1, 1, 1, 1, 1, 1, 1, 0]",158.98,111.62,172.78,75.23,4067409.65
MNST,43.4,8,"[0, 1, 1, 1, 1, 1, 1, 1, 1, 0]",46.97,41.92,49.97,31.99,9676172.5
CSX,48.95,8,"[0, 1, 1, 1, 1, 1, 1, 1, 1, 0]",50.1,43.23,53.08,32.06,8942706.2
AMX,22.83,4,"[0, 0, 0, 0, 1, 1, 0, 1, 1, 0]",24.47,23.93,27.42,19.65,3213063.6
ELV,418.72,10,"[1, 1, 1, 1, 1, 1, 1, 1, 1, 1]",395.6,357.77,424.94,276.68,999386.15
BCS,26.7,8,"[0, 1, 1, 1, 1, 1, 1, 1, 1, 0]",27.25,24.69,28.24,18.92,3041016.05
SLB,56.06,9,"[1, 1, 1, 0, 1, 1, 1, 1, 1, 1]",51.39,48.99,59.79,30.96,12523373.95
MPWR,1234.46,4,"[0, 0, 0, 0, 1, 1, 1, 0, 1, 0]",1318.59,1254.92,1687.32,828.34,591264.55
LYG,6.01,9,"[1, 1, 1, 1, 1, 1, 1, 1, 1, 0]",6.01,5.44,6.21,4.23,12065367.75
E,56.05,10,"[1, 1, 1, 1, 1, 1, 1, 1, 1, 1]",52.88,48.11,57.35,33.26,367652.7
CIEN,349.54,4,"[0, 0, 0, 0, 1, 1, 1, 0, 1, 0]",393.78,380.33,627.0,131.28,2330197.35
APO,128.98,7,"[1, 1, 1, 1, 0, 1, 0, 1, 1, 0]",127.63,126.85,150.8,99.46,2557232.55
CRH,88.55,1,"[0, 0, 0, 0, 0, 0, 0, 0, 1, 0]",97.97,110.26,129.92,87.66,4367499.35
SU,68.83,10,"[1, 1, 1, 1, 1, 1, 1, 1, 1, 1]",64.01,57.82,69.02,37.39,4204166.6
REGN,781.49,8,"[1, 1, 1, 1, 0, 1, 1, 1, 1, 0]",750.92,731.81,852.03,552.68,621441.45
NXPI,236.62,5,"[0, 0, 0, 0, 1, 1, 1, 0, 1, 1]",246.17,243.37,331.55,181.81,3060905.5
BE,275.75,10,"[1, 1, 1, 1, 1, 1, 1, 1, 1, 1]",225.71,194.67,345.85,67.02,12980305.55
ROST,230.74,8,"[0, 1, 1, 1, 1, 1, 1, 1, 1, 0]",235.37,213.06,254.74,143.48,2733586.25
B,43.68,8,"[1, 1, 1, 0, 0, 1, 1, 1, 1, 1]",40.55,42.29,52.12,28.25,10301592.65
HLT,306.19,5,"[0, 0, 0, 1, 1, 1, 0, 1, 1, 0]",322.71,313.32,350.06,256.25,1709065.8
ASX,39.47,9,"[1, 1, 1, 1, 1, 1, 1, 1, 1, 0]",38.31,28.43,44.67,10.94,6243099.9
NOK,11.13,8,"[1, 1, 1, 0, 1, 1, 1, 0, 1, 1]",10.35,9.7,16.85,4.51,68968844.7
VLO,390.42,10,"[1, 1, 1, 1, 1, 1, 1, 1, 1, 1]",324.39,242.25,390.42,153.14,2434843.5
MPC,395.93,10,"[1, 1, 1, 1, 1, 1, 1, 1, 1, 1]",332.45,244.42,399.44,160.76,2367398.5
GM,85.62,8,"[1, 1, 1, 1, 0, 1, 1, 1, 1, 0]",83.83,79.85,90.11,54.88,5724536.65
AEP,123.33,4,"[0, 0, 0, 0, 1, 1, 0, 1, 1, 0]",127.73,125.35,137.64,103.24,3215358.15
DDOG,221.21,8,"[0, 1, 1, 1, 1, 1, 1, 1, 1, 0]",246.54,177.41,288.15,102.61,3757218.95
LITE,927.03,10,"[1, 1, 1, 1, 1, 1, 1, 1, 1, 1]",826.44,699.35,1053.09,149.61,4159779.85
VALE,15.23,8,"[1, 0, 1, 0, 1, 1, 1, 1, 1, 1]",14.47,14.82,17.33,9.85,29768877.1
NSC,320.27,7,"[0, 1, 1, 1, 1, 1, 0, 1, 1, 0]",335.14,307.67,352.98,269.96,1120581.15
HOOD,112.57,7,"[1, 1, 1, 1, 0, 0, 1, 0, 1, 1]",103.43,95.16,152.46,65.16,22141277.85
NET,306.53,9,"[1, 1, 1, 1, 1, 1, 1, 1, 1, 0]",285.1,224.57,330.83,160.19,2989093.55
PSX,259.47,10,"[1, 1, 1, 1, 1, 1, 1, 1, 1, 1]",220.58,173.08,260.78,123.11,2742266.35
FIX,1690.82,9,"[1, 1, 1, 1, 1, 1, 1, 1, 1, 0]",1688.32,1505.28,2065.44,752.15,363940.5
DLR,188.58,8,"[1, 1, 1, 1, 1, 1, 0, 1, 1, 0]",187.01,178.17,202.56,145.96,1965386.0
WBD,28.04,8,"[1, 1, 1, 0, 0, 1, 1, 1, 1, 1]",27.2,27.39,29.98,17.1,17225849.65
TRP,60.88,5,"[0, 0, 0, 1, 1, 1, 0, 1, 1, 0]",65.34,61.99,70.59,48.85,1915254.05
MFC,43.49,9,"[1, 1, 1, 1, 1, 1, 1, 1, 1, 0]",42.99,38.01,44.59,29.84,2674614.05
SPG,204.83,7,"[0, 1, 1, 1, 1, 1, 0, 1, 1, 0]",218.85,197.92,234.19,165.67,1164918.3
COHR,305.37,6,"[1, 0, 1, 0, 1, 1, 1, 0, 1, 0]",300.5,279.67,426.89,102.99,6168013.35
MSTR,130.97,5,"[1, 1, 0, 0, 0, 0, 1, 0, 1, 1]",106.97,138.03,359.69,82.31,28552499.55
BKR,59.06,6,"[0, 0, 1, 0, 1, 1, 1, 1, 1, 0]",60.33,58.42,69.18,43.79,6615747.2
WPM,154.12,9,"[1, 1, 1, 0, 1, 1, 1, 1, 1, 1]",129.37,130.07,164.99,93.96,2360199.05
CRWV,88.99,4,"[1, 0, 0, 0, 1, 0, 1, 0, 1, 0]",85.53,91.88,143.08,60.82,22914904.65
KEYS,338.64,9,"[1, 1, 1, 1, 1, 1, 1, 1, 1, 0]",325.6,291.7,373.34,159.49,1396333.65
CVNA,69.16,4,"[0, 1, 0, 1, 0, 1, 0, 0, 1, 0]",69.33,73.19,95.69,56.26,7600229.9
RKLB,62.95,4,"[0, 0, 0, 0, 1, 1, 1, 0, 1, 0]",72.31,79.91,150.23,39.48,16458411.4
TEL,211.96,4,"[1, 1, 0, 0, 0, 0, 0, 1, 1, 0]",205.56,214.36,246.32,194.33,2019630.5
URI,989.12,8,"[0, 1, 1, 1, 1, 1, 1, 1, 1, 0]",1077.28,928.76,1164.82,707.78,426916.65
GWW,1280.0,8,"[0, 1, 1, 1, 1, 1, 1, 1, 1, 0]",1332.34,1180.8,1399.3,912.82,217508.9
TGT,155.83,10,"[1, 1, 1, 1, 1, 1, 1, 1, 1, 1]",148.37,122.26,169.89,81.44,4589079.8
TER,379.72,9,"[1, 1, 1, 1, 1, 1, 1, 1, 1, 0]",365.69,320.37,483.65,112.02,2366970.95
LHX,245.54,2,"[0, 0, 0, 0, 1, 0, 0, 0, 1, 0]",278.19,310.71,373.85,245.54,1644668.9
CARR,57.46,5,"[0, 0, 0, 1, 1, 1, 0, 1, 1, 0]",63.45,61.18,75.73,49.79,5269186.9
CTVA,83.9,10,"[1, 1, 1, 1, 1, 1, 1, 1, 1, 1]",83.3,77.45,90.32,60.43,4694636.0
AU,104.42,9,"[1, 1, 1, 0, 1, 1, 1, 1, 1, 1]",93.78,93.83,123.84,60.79,2829975.8
OKE,96.62,10,"[1, 1, 1, 1, 1, 1, 1, 1, 1, 1]",91.93,83.87,97.51,61.95,3331369.5
MCHP,74.2,4,"[0, 0, 0, 0, 1, 1, 1, 0, 1, 0]",78.22,77.05,102.1,47.77,7960560.3
MCHPP,63.64,5,"[0, 0, 0, 0, 1, 1, 1, 1, 1, 0]",66.6,65.98,84.47,45.06,304864.6
CVE,33.11,10,"[1, 1, 1, 1, 1, 1, 1, 1, 1, 1]",29.83,24.77,33.46,15.66,6016815.95
AME,241.87,9,"[1, 1, 1, 1, 1, 1, 1, 1, 1, 0]",241.27,226.53,258.52,178.45,1410624.15
TRGP,290.25,10,"[1, 1, 1, 1, 1, 1, 1, 1, 1, 1]",279.21,238.71,302.25,143.22,1214305.45
COIN,175.26,3,"[1, 0, 0, 0, 0, 0, 0, 0, 1, 1]",165.05,191.28,387.27,141.09,9866762.75
FANG,204.97,10,"[1, 1, 1, 1, 1, 1, 1, 1, 1, 1]",196.63,180.23,211.36,131.37,1864090.8
OXY,61.46,10,"[1, 1, 1, 1, 1, 1, 1, 1, 1, 1]",56.85,52.31,65.63,38.38,7065221.75
DVN,50.23,9,"[1, 1, 1, 0, 1, 1, 1, 1, 1, 1]",45.45,43.49,51.7,31.15,10545387.1
FLEX,115.78,7,"[0, 1, 1, 1, 1, 1, 1, 0, 1, 0]",119.61,95.96,162.07,54.51,2905335.8
ABEV,3.02,8,"[1, 0, 1, 0, 1, 1, 1, 1, 1, 1]",2.99,2.92,3.42,2.1,33281503.65
NUE,259.43,9,"[1, 1, 1, 1, 1, 1, 1, 1, 1, 0]",250.94,207.51,274.74,130.57,1399824.85
STM,51.51,6,"[0, 0, 1, 1, 1, 1, 1, 0, 1, 0]",56.26,45.82,79.82,21.04,7723506.4
BIDU,91.4,1,"[0, 0, 0, 0, 0, 0, 0, 0, 1, 0]",103.92,122.28,162.52,90.59,3626238.15
ETR,105.33,6,"[0, 0, 1, 1, 1, 1, 0, 1, 1, 0]",109.27,104.75,116.66,85.7,2289298.7
UI,564.15,3,"[1, 0, 0, 0, 1, 0, 0, 0, 1, 0]",557.88,655.31,1081.3,513.35,208519.1
CCJ,96.68,4,"[1, 0, 0, 0, 1, 1, 0, 0, 1, 0]",95.18,105.69,134.09,77.96,2616893.95
FER,56.15,3,"[0, 0, 0, 0, 1, 0, 0, 1, 1, 0]",62.86,66.24,73.66,54.67,1229595.9
ROK,428.39,8,"[0, 1, 1, 1, 1, 1, 1, 1, 1, 0]",448.29,419.31,493.56,329.34,664855.8
ARGX,984.39,9,"[1, 1, 1, 1, 0, 1, 1, 1, 1, 1]",932.23,846.15,1058.9,663.93,277453.25
DAL,79.91,8,"[0, 1, 1, 1, 1, 1, 1, 1, 1, 0]",85.42,74.33,93.43,55.22,5071066.25
EBAY,107.75,9,"[0, 1, 1, 1, 1, 1, 1, 1, 1, 1]",108.65,98.59,118.27,78.69,4455704.35
FERG,222.54,3,"[0, 0, 0, 0, 1, 0, 0, 1, 1, 0]",234.03,237.63,265.69,207.63,1311180.2
MT,74.51,10,"[1, 1, 1, 1, 1, 1, 1, 1, 1, 1]",70.74,59.87,78.74,33.94,1358973.2
WAB,283.22,8,"[0, 1, 1, 1, 1, 1, 1, 1, 1, 0]",284.38,255.42,305.47,184.79,801982.6
FNV,266.0,9,"[1, 1, 1, 0, 1, 1, 1, 1, 1, 1]",232.91,233.28,279.3,182.97,822985.7
FITB,54.72,8,"[0, 1, 1, 1, 1, 1, 1, 1, 1, 0]",56.42,50.67,59.37,39.38,4863699.4
XYZ,79.21,8,"[0, 1, 1, 1, 1, 1, 1, 1, 1, 0]",80.51,69.16,84.85,49.09,3965976.95
NBIS,224.55,9,"[1, 1, 1, 1, 1, 1, 1, 1, 1, 0]",211.68,157.71,286.69,73.87,18057415.5
RKT,13.18,1,"[0, 0, 0, 0, 0, 0, 0, 0, 1, 0]",13.99,16.09,23.44,12.35,21986586.65
VTR,89.99,8,"[0, 1, 1, 1, 1, 1, 1, 1, 1, 0]",92.9,84.74,100.53,65.45,3023320.05
CLS,346.55,6,"[1, 1, 1, 0, 1, 0, 1, 0, 1, 0]",325.97,328.86,472.4,233.67,2212425.45
CAH,234.57,10,"[1, 1, 1, 1, 1, 1, 1, 1, 1, 1]",234.26,215.73,248.61,145.95,1445702.1
TEVA,37.09,10,"[1, 1, 1, 1, 1, 1, 1, 1, 1, 1]",34.88,32.82,38.1,18.34,4698818.6
HPE,62.09,10,"[1, 1, 1, 1, 1, 1, 1, 1, 1, 1]",51.11,33.88,62.09,19.72,23447866.75
STT,193.4,10,"[1, 1, 1, 1, 1, 1, 1, 1, 1, 1]",186.28,149.57,194.26,107.72,1318079.4
ODFL,179.79,5,"[0, 0, 0, 1, 1, 1, 1, 0, 1, 0]",211.46,197.07,248.34,125.51,1619815.1
GFS,46.95,4,"[0, 0, 0, 0, 1, 1, 1, 0, 1, 0]",52.99,53.49,89.83,31.62,3722332.5
WDS,23.69,10,"[1, 1, 1, 1, 1, 1, 1, 1, 1, 1]",22.01,20.0,24.19,13.56,521796.95
EME,780.66,7,"[1, 0, 1, 0, 1, 1, 1, 1, 1, 0]",775.35,761.99,943.26,580.64,337811.0
ON,76.14,4,"[0, 0, 0, 0, 1, 1, 1, 0, 1, 0]",81.93,78.87,133.93,44.9,7648165.05
GFI,45.1,8,"[1, 1, 1, 0, 0, 1, 1, 1, 1, 1]",39.08,43.32,59.77,31.25,3801015.95
ERIC,10.31,7,"[1, 0, 0, 0, 1, 1, 1, 1, 1, 1]",10.16,10.82,13.74,7.66,8036249.2
KB,132.01,10,"[1, 1, 1, 1, 1, 1, 1, 1, 1, 1]",120.41,105.18,132.36,77.5,173985.55
PUK,26.68,2,"[0, 0, 0, 0, 0, 0, 0, 1, 1, 0]",28.24,29.37,33.17,24.98,1012800.8
IRM,115.18,7,"[0, 0, 1, 1, 1, 1, 1, 1, 1, 0]",121.43,109.3,133.06,77.69,1476755.55
LYV,170.15,8,"[0, 1, 1, 1, 1, 1, 1, 1, 1, 0]",180.6,161.24,188.46,125.61,1749789.35
KGC,29.13,6,"[1, 0, 0, 0, 0, 1, 1, 1, 1, 1]",26.8,29.48,37.92,22.17,8118421.55
JBL,318.08,8,"[0, 1, 1, 1, 1, 1, 1, 1, 1, 0]",322.11,294.99,385.55,192.34,891460.75
ADM,86.72,10,"[1, 1, 1, 1, 1, 1, 1, 1, 1, 1]",81.39,71.86,86.91,54.41,3599868.75
VOD,17.4,10,"[1, 1, 1, 1, 1, 1, 1, 1, 1, 1]",15.7,14.62,17.4,10.73,2864097.15
BBD,3.6,7,"[1, 1, 1, 0, 1, 0, 0, 1, 1, 1]",3.41,3.51,4.11,2.93,29186943.3
VIK,85.01,7,"[0, 0, 1, 1, 1, 1, 1, 1, 1, 0]",96.96,82.89,108.26,57.08,4359517.95
UMC,22.64,10,"[1, 1, 1, 1, 1, 1, 1, 1, 1, 1]",20.57,14.4,27.53,6.64,10762222.1
ONC,346.51,8,"[1, 1, 1, 1, 0, 1, 1, 1, 1, 0]",338.49,317.79,377.47,260.27,377146.9
LVS,42.83,1,"[0, 0, 0, 0, 0, 0, 0, 0, 1, 0]",45.7,53.23,68.29,42.6,4879086.0
IX,40.11,9,"[1, 1, 1, 1, 1, 1, 1, 1, 1, 0]",39.69,34.51,41.31,24.22,333383.55
CRDO,162.95,5,"[0, 0, 0, 1, 1, 1, 1, 0, 1, 0]",223.1,175.89,302.52,87.81,7162061.35
ALAB,291.22,7,"[0, 1, 1, 1, 1, 1, 1, 0, 1, 0]",318.52,228.16,483.02,100.27,3417101.55
STLD,239.79,8,"[0, 1, 1, 1, 1, 1, 1, 1, 1, 0]",242.5,211.36,282.12,129.11,1183230.6
HAL,35.84,8,"[1, 0, 1, 0, 1, 1, 1, 1, 1, 1]",34.17,34.7,42.6,21.36,10851535.9
HUM,409.8,10,"[1, 1, 1, 1, 1, 1, 1, 1, 1, 1]",389.03,282.24,409.8,162.46,946432.4
MTZ,240.41,3,"[0, 0, 0, 0, 1, 1, 0, 0, 1, 0]",295.75,305.36,437.51,189.75,1430493.85
UAL,109.82,6,"[0, 1, 1, 1, 0, 1, 0, 1, 1, 0]",119.39,108.62,136.11,85.21,3328615.55
ZM,95.57,8,"[0, 1, 1, 1, 1, 1, 1, 1, 1, 0]",96.56,90.75,111.88,72.72,3230998.65
TS,57.39,9,"[1, 1, 1, 0, 1, 1, 1, 1, 1, 1]",55.37,52.53,64.02,33.04,1311571.35
CASY,615.47,4,"[0, 0, 0, 1, 1, 1, 0, 0, 1, 0]",815.82,728.24,915.59,511.97,531311.6
TECK,66.44,10,"[1, 1, 1, 1, 1, 1, 1, 1, 1, 1]",63.54,57.12,71.97,38.11,3025640.5
SYM,42.13,3,"[1, 0, 0, 0, 0, 0, 0, 0, 1, 1]",41.89,52.29,87.3,38.22,1550698.8
EL,97.12,9,"[1, 1, 1, 1, 0, 1, 1, 1, 1, 1]",89.71,91.84,118.37,66.74,3973911.65
SHG,84.06,10,"[1, 1, 1, 1, 1, 1, 1, 1, 1, 1]",74.41,64.95,84.47,48.71,146434.0
Q,126.4,5,"[0, 0, 1, 0, 1, 1, 1, 0, 1, 0]",132.82,122.43,175.52,73.35,1669429.0
TWLO,227.35,9,"[1, 1, 1, 1, 1, 1, 1, 1, 1, 0]",217.67,165.4,255.95,100.09,1801608.5
RVMD,203.77,10,"[1, 1, 1, 1, 1, 1, 1, 1, 1, 1]",198.24,136.76,221.15,42.51,1748667.35
RDDT,157.77,2,"[0, 0, 0, 1, 0, 0, 0, 0, 1, 0]",167.94,173.9,270.71,121.84,7186507.6
IQV,261.77,9,"[1, 1, 1, 1, 0, 1, 1, 1, 1, 1]",235.22,202.68,271.62,156.66,1314540.85
NTRS,189.19,9,"[1, 1, 1, 1, 1, 1, 1, 1, 1, 0]",184.0,158.21,190.57,120.18,901988.4
DOV,189.05,4,"[0, 0, 0, 0, 1, 1, 0, 1, 1, 0]",204.29,209.19,231.59,159.53,1136778.65
RPRX,58.61,9,"[0, 1, 1, 1, 1, 1, 1, 1, 1, 1]",59.07,49.3,63.96,34.24,2940871.75
ASTS,59.86,2,"[0, 0, 0, 0, 0, 0, 1, 0, 1, 0]",65.04,81.55,133.09,38.72,9420478.55
BIIB,217.15,10,"[1, 1, 1, 1, 1, 1, 1, 1, 1, 1]",209.47,191.92,224.51,135.67,715755.15
VG,15.8,10,"[1, 1, 1, 1, 1, 1, 1, 1, 1, 1]",13.69,11.52,17.51,5.9,13674610.4
EXPE,280.83,7,"[0, 1, 1, 1, 0, 1, 1, 1, 1, 0]",295.52,258.54,338.64,187.43,1622670.4
CRCL,90.6,7,"[1, 1, 1, 0, 1, 0, 1, 0, 1, 1]",74.4,85.53,150.48,50.23,15029189.9
ARES,131.64,5,"[0, 1, 1, 1, 0, 0, 1, 0, 1, 0]",132.91,131.25,178.0,94.25,1878493.3
FTI,76.34,9,"[1, 1, 1, 1, 1, 1, 1, 1, 1, 0]",74.25,64.99,80.08,35.45,2610386.15
FTAI,186.06,3,"[0, 0, 0, 0, 1, 1, 0, 0, 1, 0]",209.57,234.27,308.31,151.95,1218378.0
CNC,66.42,10,"[1, 1, 1, 1, 1, 1, 1, 1, 1, 1]",65.49,50.92,68.72,31.77,3895988.3
NTRA,328.93,10,"[1, 1, 1, 1, 1, 1, 1, 1, 1, 1]",296.82,237.75,338.7,160.21,1144169.75
NVT,162.38,9,"[1, 1, 1, 1, 1, 1, 1, 1, 1, 0]",156.88,136.29,184.1,94.15,2509560.45
MTSI,274.9,5,"[0, 0, 1, 0, 1, 1, 1, 0, 1, 0]",281.26,265.95,409.68,122.18,1211962.05
TPL,369.1,5,"[0, 0, 0, 0, 1, 1, 1, 0, 1, 1]",383.85,391.9,538.1,272.4,337872.95
TPR,118.49,3,"[0, 0, 0, 0, 1, 1, 0, 0, 1, 0]",137.95,137.69,164.16,97.55,3666998.5
CFG,70.48,8,"[0, 1, 1, 1, 1, 1, 1, 1, 1, 0]",71.23,63.71,74.73,46.98,2981250.95
CW,558.9,3,"[0, 0, 0, 0, 1, 1, 0, 0, 1, 0]",683.96,676.46,792.77,496.98,405265.7
DOW,29.03,4,"[0, 0, 0, 0, 1, 1, 1, 0, 1, 0]",29.85,30.98,40.97,19.68,8404534.4
EIX,56.0,4,"[0, 0, 0, 1, 1, 1, 0, 0, 1, 0]",71.12,67.4,80.38,50.16,6737593.55
PKX,62.94,8,"[1, 1, 1, 0, 1, 1, 1, 0, 1, 1]",55.9,60.89,91.72,45.13,208028.0
BAP,377.9,9,"[0, 1, 1, 1, 1, 1, 1, 1, 1, 1]",384.38,333.46,402.27,236.66,334833.2
VRSN,292.71,10,"[1, 1, 1, 1, 1, 1, 1, 1, 1, 1]",281.18,261.17,309.09,210.31,654534.4
HUBB,460.4,4,"[0, 0, 0, 0, 1, 1, 0, 1, 1, 0]",479.59,483.59,554.46,402.45,464773.05
STRL,511.04,4,"[0, 0, 0, 0, 1, 1, 1, 0, 1, 0]",574.82,526.14,993.74,283.57,538799.45
EC,17.75,10,"[1, 1, 1, 1, 1, 1, 1, 1, 1, 1]",16.64,13.54,18.07,8.2,1611699.45
P,98.18,9,"[1, 1, 1, 1, 1, 1, 1, 1, 1, 0]",89.62,75.73,118.16,56.99,3214201.25
AER,141.5,5,"[0, 0, 0, 1, 1, 1, 0, 1, 1, 0]",148.68,143.09,154.82,118.85,1052377.4
PAAS,50.34,6,"[1, 0, 0, 0, 1, 1, 1, 0, 1, 1]",47.56,52.29,68.06,32.89,5039794.7
DG,124.58,8,"[1, 1, 0, 1, 0, 1, 1, 1, 1, 1]",123.44,125.72,154.71,94.6,2611851.45
VIV,11.85,3,"[0, 0, 0, 0, 1, 0, 0, 0, 1, 1]",12.45,13.32,16.26,10.96,1492757.25
SYF,75.99,6,"[0, 1, 1, 1, 0, 1, 0, 1, 1, 0]",76.63,74.66,87.38,63.25,3248971.9
ZS,164.54,5,"[1, 1, 0, 1, 0, 0, 1, 0, 1, 0]",162.93,170.03,336.27,118.05,3002490.8
SQM,69.88,5,"[0, 0, 0, 0, 1, 1, 1, 1, 1, 0]",72.01,74.5,92.85,39.55,982602.0
BG,122.41,9,"[1, 1, 1, 0, 1, 1, 1, 1, 1, 1]",114.44,113.55,130.59,75.21,1550323.5
FMX,116.95,8,"[0, 0, 1, 1, 1, 1, 1, 1, 1, 1]",123.53,112.82,132.15,88.67,349861.25
MDB,362.21,7,"[0, 1, 1, 1, 0, 1, 1, 1, 1, 0]",375.5,343.07,472.29,225.95,1959351.3
XPO,182.18,5,"[0, 0, 0, 0, 1, 1, 1, 1, 1, 0]",201.04,190.01,228.37,123.66,910444.4
ALB,117.52,4,"[0, 0, 0, 0, 1, 1, 1, 0, 1, 0]",127.19,156.19,215.07,75.37,2229355.3
UTHR,497.11,4,"[0, 0, 0, 0, 1, 1, 0, 1, 1, 0]",522.27,523.97,596.76,397.97,503607.75
FSLR,209.03,1,"[0, 0, 0, 0, 0, 0, 0, 0, 1, 0]",216.91,229.76,318.25,184.7,1927761.05
TSN,52.98,4,"[0, 0, 0, 0, 1, 1, 0, 1, 1, 0]",56.68,59.42,67.54,49.0,3438538.5
TSEM,211.52,7,"[0, 1, 1, 1, 1, 1, 1, 0, 1, 0]",227.6,188.51,316.85,65.71,1284344.15
RF,30.13,8,"[0, 1, 1, 1, 1, 1, 1, 1, 1, 0]",30.6,28.04,32.07,22.44,7095420.0
KEY,21.84,8,"[0, 1, 1, 1, 1, 1, 1, 1, 1, 0]",22.42,21.11,23.76,16.12,10456788.4
TEAM,179.7,9,"[1, 1, 1, 1, 0, 1, 1, 1, 1, 1]",133.8,109.91,194.68,57.15,3923560.7
LYB,63.69,8,"[1, 0, 1, 0, 1, 1, 1, 1, 1, 1]",61.05,59.72,80.69,39.87,3316128.05
JBHT,270.45,8,"[0, 1, 1, 1, 1, 1, 1, 1, 1, 0]",274.75,238.9,297.91,129.59,788659.1
SBAC,185.47,5,"[1, 0, 0, 0, 1, 0, 0, 1, 1, 1]",182.77,190.35,220.88,163.03,816038.4
WST,346.23,9,"[0, 1, 1, 1, 1, 1, 1, 1, 1, 1]",348.75,295.01,365.5,230.63,449869.5
CPAY,408.22,9,"[1, 1, 1, 1, 1, 1, 1, 1, 1, 0]",390.18,339.52,425.24,255.0,413532.0
ENTG,140.37,9,"[1, 1, 1, 1, 1, 1, 1, 1, 1, 0]",139.44,127.38,183.84,68.64,1983753.65
NMR,10.86,10,"[1, 1, 1, 1, 1, 1, 1, 1, 1, 1]",9.86,8.76,10.86,6.73,691438.7
IHG,153.83,8,"[0, 1, 1, 1, 1, 1, 1, 1, 1, 0]",159.47,147.0,173.43,116.28,192375.8
FN,414.58,3,"[0, 0, 0, 0, 1, 1, 0, 0, 1, 0]",472.44,536.36,746.47,355.53,1033648.2
SBS,5.29,3,"[0, 0, 0, 0, 1, 0, 0, 0, 1, 1]",5.29,5.55,7.08,4.43,10974141.95
WWD,337.26,5,"[0, 0, 0, 0, 1, 1, 1, 1, 1, 0]",371.48,360.71,436.05,236.62,522623.0
SITM,635.66,8,"[1, 1, 1, 1, 1, 1, 1, 0, 1, 0]",601.63,506.9,901.48,252.76,351747.05
INSM,129.41,5,"[1, 1, 0, 0, 0, 0, 1, 0, 1, 1]",117.46,139.35,211.41,91.88,1823594.95
BEKE,16.93,7,"[1, 1, 1, 1, 0, 1, 0, 1, 1, 0]",16.87,16.66,19.99,14.26,4770265.75
AKAM,106.79,4,"[0, 0, 0, 0, 1, 1, 1, 0, 1, 0]",115.41,109.98,161.14,71.97,2957734.4
PFG,116.17,10,"[1, 1, 1, 1, 1, 1, 1, 1, 1, 1]",112.02,98.02,118.51,75.78,1174205.4
RL,339.09,5,"[0, 0, 0, 1, 1, 1, 0, 1, 1, 0]",373.96,365.23,413.24,299.66,638491.0
ATI,198.77,8,"[0, 1, 1, 1, 1, 1, 1, 1, 1, 0]",202.96,160.62,231.78,76.14,1842729.85
MRNA,143.97,10,"[1, 1, 1, 1, 1, 1, 1, 1, 1, 1]",91.04,57.13,174.38,22.36,34205778.75
ILMN,206.45,10,"[1, 1, 1, 1, 1, 1, 1, 1, 1, 1]",200.3,153.57,227.69,91.0,1803592.5
AFRM,71.44,7,"[0, 1, 1, 1, 0, 1, 1, 1, 1, 0]",76.15,66.62,92.18,42.53,5656985.4
CRS,443.19,6,"[0, 0, 1, 1, 1, 1, 1, 0, 1, 0]",533.59,434.72,618.99,231.87,733988.0
SMCI,40.1,8,"[1, 1, 1, 1, 1, 0, 1, 0, 1, 1]",32.52,31.49,58.68,20.53,40162358.55
MKSI,267.31,6,"[0, 0, 1, 1, 1, 1, 1, 0, 1, 0]",303.95,264.43,444.39,114.62,1299708.5
IFF,83.61,9,"[1, 1, 1, 1, 1, 1, 1, 1, 1, 0]",81.98,74.55,88.07,58.53,1397197.9
EXPD,192.6,10,"[1, 1, 1, 1, 1, 1, 1, 1, 1, 1]",180.37,159.19,192.6,111.96,750338.15
ROIV,40.82,10,"[1, 1, 1, 1, 1, 1, 1, 1, 1, 1]",35.79,28.91,41.81,13.95,8765708.45
DD,126.99,5,"[0, 0, 0, 0, 1, 1, 1, 1, 1, 0]",137.14,135.88,152.69,90.91,1182758.45
IREN,43.83,3,"[1, 0, 0, 0, 0, 0, 1, 0, 1, 0]",40.18,45.66,76.41,29.31,42511824.35
RGLD,252.28,9,"[1, 1, 1, 0, 1, 1, 1, 1, 1, 1]",224.87,237.33,303.02,168.01,633897.0
FUTU,112.73,3,"[1, 0, 0, 0, 0, 0, 0, 0, 1, 1]",107.99,135.22,195.9,89.76,1432756.35
ULS,71.25,2,"[0, 0, 0, 0, 1, 0, 0, 0, 1, 0]",81.14,84.39,104.53,66.19,493146.05
CHRW,152.78,4,"[0, 0, 0, 0, 1, 1, 0, 0, 1, 1]",164.79,171.39,208.52,122.52,1267256.8
LUV,39.24,5,"[0, 0, 0, 1, 1, 1, 1, 0, 1, 0]",44.23,42.8,54.07,29.15,4424488.4
DKS,135.03,1,"[0, 0, 0, 0, 0, 0, 0, 0, 1, 0]",187.34,204.49,239.17,124.31,5485755.1
VTRS,16.51,9,"[0, 1, 1, 1, 1, 1, 1, 1, 1, 1]",16.7,14.64,17.73,9.17,7445418.1
RCI,36.21,6,"[1, 1, 1, 0, 0, 0, 0, 1, 1, 1]",34.62,35.86,39.83,31.15,943377.4
FFIV,411.71,9,"[1, 1, 1, 1, 1, 1, 1, 1, 1, 0]",403.84,330.67,431.26,223.99,451885.7
CX,10.69,4,"[0, 0, 0, 0, 1, 1, 0, 1, 1, 0]",11.59,11.87,13.52,8.85,5457220.75
INCY,121.47,9,"[0, 1, 1, 1, 1, 1, 1, 1, 1, 1]",121.6,105.15,129.93,81.66,1263524.55
KEP,12.21,3,"[1, 0, 0, 0, 0, 0, 0, 0, 1, 1]",11.9,15.32,23.26,11.18,1014091.35
APG,37.86,4,"[0, 0, 0, 0, 1, 1, 0, 1, 1, 0]",40.77,41.95,49.4,33.64,3192830.8
SNX,269.21,10,"[1, 1, 1, 1, 1, 1, 1, 1, 1, 1]",252.31,206.45,289.57,141.35,544454.8
CDE,20.58,8,"[1, 1, 1, 0, 0, 1, 1, 1, 1, 1]",17.92,19.06,27.12,13.8,34036291.85
RBC,494.83,5,"[0, 0, 0, 0, 1, 1, 1, 1, 1, 0]",549.08,545.13,648.89,369.71,252943.9
BURL,239.04,4,"[0, 0, 0, 1, 1, 1, 0, 0, 1, 0]",326.15,311.51,372.19,238.04,1712835.6
ROKU,154.93,10,"[1, 1, 1, 1, 1, 1, 1, 1, 1, 1]",149.76,119.22,159.76,82.93,2270974.15
AMKR,51.73,4,"[0, 0, 0, 0, 1, 1, 1, 0, 1, 0]",56.28,56.33,93.38,25.28,4358562.6
RS,394.21,8,"[0, 1, 1, 1, 1, 1, 1, 1, 1, 0]",397.98,347.23,428.02,261.99,340040.7
BWXT,150.12,2,"[0, 0, 0, 0, 1, 0, 0, 0, 1, 0]",167.88,191.83,237.73,149.52,1094757.8
ZTO,20.61,4,"[0, 0, 0, 0, 1, 1, 0, 1, 1, 0]",22.84,22.92,25.88,18.21,1946112.3
NXT,82.89,2,"[0, 0, 0, 0, 1, 0, 0, 0, 1, 0]",96.64,108.37,156.4,66.7,2015297.45
ITT,204.14,8,"[1, 1, 1, 1, 1, 1, 0, 1, 1, 0]",201.03,194.31,220.83,168.49,622938.4
FTV,54.69,5,"[0, 0, 0, 1, 1, 1, 0, 1, 1, 0]",60.12,58.01,64.01,47.46,2130859.65
IONQ,36.75,2,"[0, 0, 0, 0, 0, 0, 1, 0, 1, 0]",40.1,44.08,82.09,26.59,18520605.65
AGI,35.92,5,"[1, 0, 0, 0, 1, 1, 0, 0, 1, 1]",32.56,39.1,55.16,27.8,3692827.9
BCH,41.72,10,"[1, 1, 1, 1, 1, 1, 1, 1, 1, 1]",41.2,38.78,43.7,27.62,282522.75
YPF,55.55,10,"[1, 1, 1, 1, 1, 1, 1, 1, 1, 1]",50.56,43.6,56.35,23.57,1237866.5
CF,133.07,10,"[1, 1, 1, 1, 1, 1, 1, 1, 1, 1]",123.08,108.34,139.27,74.99,2621982.25
MGA,66.13,8,"[0, 1, 1, 1, 1, 1, 1, 1, 1, 0]",67.1,59.88,73.05,42.56,1154448.45
TLN,312.74,1,"[0, 0, 0, 0, 0, 0, 0, 0, 1, 0]",342.01,356.9,445.84,293.73,821065.75
LSCC,119.76,8,"[0, 1, 1, 1, 1, 1, 1, 1, 1, 0]",125.14,109.04,155.27,61.73,1234741.85
WMG,28.33,6,"[1, 1, 1, 0, 0, 0, 0, 1, 1, 1]",27.36,28.27,34.31,23.35,1742674.9
CIB,102.04,10,"[1, 1, 1, 1, 1, 1, 1, 1, 1, 1]",90.34,73.8,103.12,48.83,338622.15
WCC,356.32,9,"[1, 1, 1, 1, 1, 1, 1, 1, 1, 0]",342.36,311.37,374.1,206.66,495634.2
JBS,12.59,3,"[0, 0, 0, 0, 1, 1, 0, 0, 1, 0]",13.04,13.79,17.05,11.6,5147378.05
WSO,314.22,3,"[0, 0, 0, 0, 1, 0, 0, 0, 1, 1]",337.86,369.87,452.97,302.29,461121.45
DOCN,122.95,7,"[0, 1, 1, 1, 1, 1, 1, 0, 1, 0]",123.15,98.8,181.29,34.16,2346848.65
EWBC,129.17,8,"[0, 1, 1, 1, 1, 1, 1, 1, 1, 0]",130.96,119.31,136.6,91.94,672150.55
AA,48.26,4,"[0, 0, 0, 0, 1, 1, 1, 0, 1, 0]",48.53,57.75,83.63,30.99,3809554.85
PR,23.78,10,"[1, 1, 1, 1, 1, 1, 1, 1, 1, 1]",21.44,18.64,23.87,11.76,9265611.5
NVMI,371.81,4,"[0, 0, 0, 0, 1, 1, 1, 0, 1, 0]",406.29,439.62,605.65,275.78,497039.05
RTO,22.37,1,"[0, 0, 0, 0, 0, 0, 0, 0, 1, 0]",25.88,29.41,34.2,22.37,1357731.55
OWL,10.56,4,"[0, 1, 0, 1, 0, 0, 1, 0, 1, 0]",10.65,10.94,17.68,7.89,18207327.9
OVV,63.69,10,"[1, 1, 1, 1, 1, 1, 1, 1, 1, 1]",61.44,52.92,66.91,35.32,3305401.85
TTMI,126.44,5,"[0, 0, 1, 0, 1, 1, 1, 0, 1, 0]",129.27,121.44,221.47,46.77,2192452.55
BEN,33.65,8,"[0, 1, 1, 1, 1, 1, 1, 1, 1, 0]",33.76,28.4,35.77,20.39,3091154.8
IEX,224.21,8,"[0, 1, 1, 1, 1, 1, 1, 1, 1, 0]",228.57,206.06,240.52,156.95,536330.5
LAMR,149.08,8,"[0, 1, 1, 1, 1, 1, 1, 1, 1, 0]",155.87,139.66,164.33,111.93,463958.5
VNOM,44.71,9,"[1, 1, 1, 0, 1, 1, 1, 1, 1, 1]",43.13,42.39,49.44,34.2,1282293.2
GNRC,186.99,4,"[0, 0, 0, 0, 1, 1, 1, 0, 1, 0]",208.94,209.35,295.54,136.37,910585.65
NDSN,314.47,8,"[1, 1, 1, 1, 1, 1, 0, 0, 1, 1]",305.02,279.11,,,432862.4
SN,160.8,8,"[0, 1, 1, 1, 1, 1, 1, 1, 1, 0]",168.28,129.77,192.86,84.57,1573834.4
H,163.07,5,"[0, 0, 0, 1, 1, 1, 0, 1, 1, 0]",179.1,169.24,201.92,134.94,671487.15
BALL,59.9,7,"[0, 0, 1, 1, 1, 1, 1, 1, 1, 0]",62.6,58.96,67.1,45.77,1711335.65
MLI,60.48,5,"[0, 0, 0, 1, 1, 1, 0, 1, 1, 0]",62.77,61.65,70.03,47.96,1225593.95
LOGI,102.7,6,"[1, 1, 1, 1, 0, 0, 0, 1, 1, 0]",101.43,100.54,126.69,85.84,726301.5
CLH,322.82,10,"[1, 1, 1, 1, 1, 1, 1, 1, 1, 1]",311.4,284.83,326.34,201.73,405940.55
GMAB,32.47,9,"[1, 1, 1, 1, 0, 1, 1, 1, 1, 1]",30.9,29.39,35.34,23.85,2338686.0
PAA,26.1,10,"[1, 1, 1, 1, 1, 1, 1, 1, 1, 1]",24.11,20.98,26.1,14.64,2576447.2
NBIX,156.22,8,"[0, 1, 1, 1, 1, 1, 0, 1, 1, 1]",164.83,147.87,185.5,123.1,1033186.6
HST,22.24,8,"[0, 1, 1, 1, 1, 1, 1, 1, 1, 0]",23.33,20.35,25.54,14.79,7557483.3
JLL,346.97,6,"[0, 1, 1, 1, 0, 1, 0, 1, 1, 0]",352.31,327.74,392.79,280.16,308328.4
ASND,263.52,10,"[1, 1, 1, 1, 1, 1, 1, 1, 1, 1]",257.5,233.52,277.18,189.74,522519.8
LECO,253.06,5,"[0, 0, 0, 1, 1, 1, 0, 1, 1, 0]",267.9,261.44,297.02,218.56,460586.45
OKTA,166.5,10,"[1, 1, 1, 1, 1, 1, 1, 1, 1, 1]",148.85,103.65,173.04,62.93,4066220.6
HTHT,42.66,4,"[0, 0, 0, 0, 0, 1, 0, 1, 1, 1]",42.95,46.08,53.59,35.21,1822663.2
DTM,128.86,4,"[0, 0, 0, 0, 1, 1, 0, 1, 1, 0]",136.67,133.16,150.74,102.69,972266.7
MOD,189.3,4,"[0, 0, 0, 0, 1, 1, 1, 0, 1, 0]",207.57,211.42,306.89,119.68,1275402.3
RRX,162.29,3,"[0, 0, 0, 0, 1, 1, 0, 0, 1, 0]",186.81,187.73,238.19,127.98,1176191.9
BSAC,35.19,10,"[1, 1, 1, 1, 1, 1, 1, 1, 1, 1]",34.52,32.25,36.15,24.3,282718.95
JAZZ,245.8,8,"[0, 1, 1, 1, 1, 1, 1, 1, 1, 0]",249.3,206.8,261.62,125.22,996114.1
ONTO,281.26,7,"[0, 1, 1, 1, 1, 1, 1, 0, 1, 0]",288.06,244.05,378.45,110.98,894261.65
OHI,46.99,8,"[0, 1, 1, 1, 1, 1, 0, 1, 1, 1]",47.92,45.37,51.03,37.16,1799227.3
SMMT,17.55,6,"[1, 1, 1, 0, 0, 0, 1, 0, 1, 1]",14.46,16.43,26.38,12.43,6540802.85
RMBS,86.97,2,"[0, 0, 0, 0, 1, 0, 0, 0, 1, 0]",96.14,107.94,170.66,79.73,1857066.15
AUR,6.43,9,"[1, 1, 1, 1, 1, 1, 1, 1, 1, 0]",6.32,5.4,8.4,3.77,31444396.1
NIO,3.69,2,"[0, 0, 0, 0, 1, 0, 0, 0, 1, 0]",4.54,5.17,7.89,3.58,39228233.4
HAS,91.54,8,"[1, 1, 1, 0, 1, 1, 1, 1, 1, 0]",89.33,88.61,103.58,68.73,1361692.9
LTM,51.29,4,"[0, 0, 0, 1, 0, 1, 0, 1, 1, 0]",53.01,53.37,68.29,41.47,848454.4
SUN,77.67,10,"[1, 1, 1, 1, 1, 1, 1, 1, 1, 1]",73.73,63.52,77.79,45.51,412745.0
QXO,12.31,1,"[0, 0, 0, 0, 0, 0, 0, 0, 1, 0]",14.17,19.04,27.07,12.29,14209246.65
AEIS,287.25,4,"[0, 0, 0, 0, 1, 1, 1, 0, 1, 0]",297.63,300.71,388.79,156.51,488287.45
ALLY,42.07,4,"[0, 0, 0, 1, 0, 1, 0, 1, 1, 0]",43.76,42.43,46.92,35.47,2926560.8
PL,16.45,4,"[0, 0, 0, 0, 1, 1, 1, 0, 1, 0]",22.46,27.09,51.4,9.75,9981245.05
EVR,281.21,1,"[0, 0, 0, 0, 0, 0, 0, 0, 1, 0]",313.32,327.89,379.99,265.69,442936.8
SKM,37.87,10,"[1, 1, 1, 1, 1, 1, 1, 1, 1, 1]",35.21,31.47,46.0,19.68,1828451.85
TIGO,96.68,10,"[1, 1, 1, 1, 1, 1, 1, 1, 1, 1]",94.88,75.93,104.31,43.16,952076.95
SANM,216.0,10,"[1, 1, 1, 1, 1, 1, 1, 1, 1, 1]",201.23,184.53,282.72,113.14,570025.35
IESC,345.71,9,"[1, 1, 1, 1, 1, 1, 1, 1, 1, 0]",332.6,282.33,396.98,178.85,276856.15
BBIO,72.44,5,"[0, 0, 0, 1, 0, 1, 1, 1, 1, 0]",80.69,74.0,90.17,49.0,1995671.55
TOL,134.92,5,"[0, 0, 0, 1, 1, 1, 0, 1, 1, 0]",147.72,144.25,165.52,123.92,918977.25
DINO,107.84,10,"[1, 1, 1, 1, 1, 1, 1, 1, 1, 1]",91.0,66.0,108.31,44.83,2326843.6
NYT,66.88,5,"[0, 0, 0, 0, 1, 1, 0, 1, 1, 1]",69.97,73.29,85.59,54.2,1805120.4
DY,307.47,3,"[0, 0, 0, 0, 1, 1, 0, 0, 1, 0]",384.79,393.97,535.2,253.08,754975.65
RBRK,86.65,7,"[0, 1, 1, 1, 0, 1, 1, 1, 1, 0]",87.45,69.33,107.02,43.81,3605635.95
DVA,181.55,8,"[0, 0, 1, 1, 1, 1, 1, 1, 1, 1]",205.06,165.37,240.96,103.87,587232.2
GH,157.38,8,"[0, 1, 1, 1, 1, 1, 1, 1, 1, 0]",159.85,118.58,170.92,54.79,1938437.75
PEN,317.73,5,"[0, 0, 0, 0, 1, 1, 1, 1, 1, 0]",321.35,325.25,359.4,225.54,258090.7
BMNR,25.03,6,"[1, 1, 1, 0, 0, 0, 1, 0, 1, 1]",19.33,22.24,63.2,13.31,46034317.45
SWK,89.24,8,"[0, 1, 1, 1, 1, 1, 1, 1, 1, 0]",94.28,80.96,103.1,59.56,1545547.9
ENLT,74.22,6,"[0, 0, 1, 1, 1, 1, 1, 0, 1, 0]",83.16,73.4,107.42,28.1,153820.65
OKLO,36.22,1,"[0, 0, 0, 0, 0, 0, 0, 0, 1, 0]",43.16,63.78,174.14,36.22,9728740.5
BWA,66.65,9,"[1, 1, 1, 1, 1, 1, 1, 1, 1, 0]",65.08,57.8,76.83,40.47,1754382.9
APA,44.73,10,"[1, 1, 1, 1, 1, 1, 1, 1, 1, 1]",38.72,33.65,44.84,21.16,5036117.05
IONS,54.21,1,"[0, 0, 0, 0, 0, 0, 0, 0, 1, 0]",59.28,73.04,86.5,51.77,2749247.8
HL,19.78,7,"[1, 1, 1, 0, 0, 1, 1, 0, 1, 1]",17.45,19.1,31.79,10.76,32617485.5
HII,279.69,1,"[0, 0, 0, 0, 0, 0, 0, 0, 1, 0]",296.43,344.48,449.68,266.82,394056.65
SOLS,61.53,5,"[1, 0, 0, 0, 1, 1, 1, 0, 1, 0]",60.93,68.28,88.48,41.3,3075009.95
FIVE,244.6,10,"[1, 1, 1, 1, 1, 1, 1, 1, 1, 1]",223.33,210.28,262.72,138.49,1224595.95
FPS,31.82,2,"[0, 0, 0, 0, 1, 0, 0, 0, 1, 0]",36.61,31.82,64.59,27.97,5286315.0
U,43.96,8,"[1, 1, 1, 1, 0, 1, 1, 1, 1, 0]",37.68,32.15,49.47,17.13,9463614.1
IVZ,32.28,10,"[1, 1, 1, 1, 1, 1, 1, 1, 1, 1]",30.77,27.09,33.31,21.42,3430775.3
NTNX,65.92,8,"[1, 1, 1, 1, 1, 0, 1, 1, 1, 0]",61.37,48.97,79.23,34.41,2696115.65
MEDP,587.52,9,"[1, 1, 1, 1, 0, 1, 1, 1, 1, 1]",578.32,520.7,620.75,393.42,195019.2
EXEL,56.12,10,"[1, 1, 1, 1, 1, 1, 1, 1, 1, 1]",55.29,47.95,59.13,34.54,2094882.95
ALGN,150.82,4,"[0, 0, 0, 0, 1, 1, 0, 1, 1, 0]",169.51,170.88,197.51,124.88,852565.4
WLK,70.81,3,"[0, 0, 0, 0, 1, 1, 0, 0, 1, 0]",75.41,87.29,121.8,54.89,702009.25
SAIA,351.05,4,"[0, 0, 0, 0, 1, 1, 1, 0, 1, 0]",381.77,386.81,487.14,250.48,392302.85
MP,50.51,2,"[0, 0, 0, 0, 0, 0, 1, 0, 1, 0]",51.23,57.54,98.65,38.1,5584210.25
VIAV,38.75,5,"[0, 0, 1, 0, 1, 1, 1, 0, 1, 0]",39.1,35.26,55.33,12.03,4084258.35
AAOI,105.36,5,"[0, 0, 1, 0, 1, 1, 1, 0, 1, 0]",114.74,103.24,223.1,19.49,8581485.8
PINS,19.05,2,"[0, 0, 0, 1, 0, 0, 0, 0, 1, 0]",22.71,21.8,36.49,15.42,11343849.05
AIZ,282.46,10,"[1, 1, 1, 1, 1, 1, 1, 1, 1, 1]",280.95,245.41,300.64,202.5,304352.3
ELAN,23.17,6,"[0, 0, 0, 1, 1, 1, 0, 1, 1, 1]",24.55,23.77,26.84,18.43,4896118.35
GLXY,24.4,4,"[1, 0, 0, 0, 0, 0, 1, 0, 1, 1]",23.1,25.08,42.86,16.84,5650456.75
APLD,26.42,3,"[0, 0, 0, 0, 1, 0, 1, 0, 1, 0]",28.43,32.3,49.65,18.68,15052148.35
MDGL,534.49,8,"[1, 1, 1, 1, 0, 1, 0, 1, 1, 1]",530.74,515.02,602.83,412.35,222592.05
VICR,197.91,4,"[0, 0, 0, 0, 1, 1, 1, 0, 1, 0]",219.01,204.46,379.78,48.46,756566.25
COKE,192.61,9,"[1, 1, 1, 0, 1, 1, 1, 1, 1, 1]",187.09,179.68,216.33,111.2,430853.45
LFUS,432.3,9,"[1, 1, 1, 1, 1, 1, 1, 1, 1, 0]",422.94,373.55,488.16,233.58,200461.9
FORM,114.95,6,"[1, 0, 1, 0, 1, 1, 1, 0, 1, 0]",111.45,103.31,159.93,30.14,1072001.3
AAON,79.79,2,"[0, 0, 0, 0, 1, 0, 0, 0, 1, 0]",91.91,98.09,147.96,73.25,1073701.6
TFII,131.24,7,"[0, 0, 1, 1, 1, 1, 1, 1, 1, 0]",141.45,126.33,162.83,80.09,185835.15
AIT,323.78,8,"[0, 1, 1, 1, 1, 1, 1, 1, 1, 0]",338.0,297.34,361.95,239.46,279456.6
SMTC,167.24,10,"[1, 1, 1, 1, 1, 1, 1, 1, 1, 1]",133.61,109.44,174.73,59.83,3478599.2
WULF,16.74,5,"[0, 0, 0, 0, 1, 1, 1, 0, 1, 1]",17.79,17.98,28.98,10.49,29574111.05
POWL,182.5,4,"[0, 0, 0, 0, 1, 1, 1, 0, 1, 0]",209.52,201.91,321.8,93.9,524957.7
TIMB,18.89,3,"[0, 0, 0, 0, 1, 0, 0, 0, 1, 1]",19.53,22.43,27.75,17.28,567341.4
AXSM,220.75,9,"[0, 1, 1, 1, 1, 1, 1, 1, 1, 1]",221.4,196.05,255.17,114.1,557385.95
WMS,127.88,1,"[0, 0, 0, 0, 0, 0, 0, 0, 1, 0]",142.42,146.89,174.69,127.16,637774.85
HMY,20.64,9,"[1, 1, 1, 1, 0, 1, 1, 1, 1, 1]",18.13,18.19,25.55,13.07,4001469.45
HUT,98.6,9,"[1, 1, 1, 1, 1, 1, 1, 0, 1, 1]",94.25,76.32,133.02,32.44,4874413.25
IAG,20.26,9,"[1, 1, 1, 0, 1, 1, 1, 1, 1, 1]",17.44,17.97,24.57,10.96,4783221.1
CGNX,64.22,10,"[1, 1, 1, 1, 1, 1, 1, 1, 1, 1]",63.28,53.94,72.32,34.65,1603626.5
KTOS,46.69,1,"[0, 0, 0, 0, 0, 0, 0, 0, 1, 0]",52.17,71.17,130.72,43.88,3278328.55
JEF,51.96,6,"[0, 1, 0, 1, 0, 1, 1, 1, 1, 0]",54.1,52.8,68.3,35.48,1636851.65
AG,19.56,6,"[1, 0, 0, 0, 1, 1, 1, 0, 1, 1]",18.33,19.86,31.96,9.92,9748013.6
EMBJ,75.49,9,"[1, 1, 1, 1, 0, 1, 1, 1, 1, 1]",70.61,65.99,79.6,53.63,1171087.6
ESI,34.34,4,"[0, 0, 0, 0, 1, 1, 1, 0, 1, 0]",37.3,35.22,48.98,22.77,4883524.7
JOBY,6.39,1,"[0, 0, 0, 0, 0, 0, 0, 0, 1, 0]",7.5,10.21,19.57,6.31,25029597.8
MUSA,523.58,8,"[0, 1, 1, 1, 1, 1, 1, 1, 1, 0]",568.83,494.67,622.07,354.79,260771.55
BTSG,58.73,8,"[0, 1, 1, 1, 1, 1, 1, 1, 1, 0]",64.37,50.67,72.91,26.45,2135477.5
GSAT,82.48,9,"[1, 1, 1, 1, 1, 1, 1, 1, 1, 0]",81.41,72.65,84.43,29.94,617722.05
GMED,74.19,4,"[0, 0, 0, 0, 0, 1, 1, 1, 1, 0]",80.43,85.7,96.82,55.1,1140372.75
BEP,30.39,4,"[0, 0, 0, 0, 1, 1, 0, 1, 1, 0]",32.24,31.19,36.63,24.08,853314.05
KNX,67.97,8,"[0, 1, 1, 1, 1, 1, 1, 1, 1, 0]",71.36,63.52,82.21,38.47,2926269.9
ALSN,126.94,10,"[1, 1, 1, 1, 1, 1, 1, 1, 1, 1]",121.59,115.23,135.36,78.44,731597.25
SNAP,5.68,5,"[1, 1, 0, 0, 0, 0, 1, 0, 1, 1]",5.08,5.79,9.09,3.93,36185230.65
ARWR,82.85,8,"[0, 1, 1, 1, 1, 1, 1, 1, 1, 0]",84.25,72.01,89.59,28.67,1266545.8
WTFC,152.16,7,"[0, 1, 1, 1, 1, 1, 0, 1, 1, 0]",157.72,148.39,166.33,118.51,428336.45
AES,14.79,9,"[1, 1, 1, 1, 1, 1, 0, 1, 1, 1]",14.68,14.34,16.87,11.92,7446619.8
SPXC,191.82,3,"[0, 0, 0, 0, 1, 0, 0, 1, 1, 0]",209.61,214.28,246.41,180.71,358247.15
VFS,3.21,4,"[1, 0, 0, 0, 1, 0, 0, 0, 1, 1]",3.11,3.39,4.76,2.81,352976.15
AHR,53.58,8,"[0, 1, 1, 1, 1, 1, 1, 1, 1, 0]",55.4,50.48,57.72,39.57,2546195.4
DAR,65.11,9,"[1, 1, 1, 1, 1, 1, 1, 1, 1, 0]",62.96,54.19,68.34,29.91,2641206.85
FCFS,228.38,10,"[1, 1, 1, 1, 1, 1, 1, 1, 1, 1]",214.67,197.41,236.43,144.41,426697.6
UMBF,139.49,8,"[0, 1, 1, 1, 1, 1, 1, 1, 1, 0]",144.19,127.66,151.5,102.51,470462.65
ARW,228.2,10,"[1, 1, 1, 1, 1, 1, 1, 1, 1, 1]",209.83,171.71,234.83,101.87,555220.0
MOG-A,367.02,8,"[0, 1, 1, 1, 1, 1, 1, 1, 1, 0]",398.12,331.62,445.38,194.79,226216.3
HBM,26.52,10,"[1, 1, 1, 1, 1, 1, 1, 1, 1, 1]",25.3,23.77,31.85,13.4,3725058.4
MGM,39.89,6,"[0, 0, 1, 1, 1, 1, 0, 1, 1, 0]",44.31,39.77,50.69,30.72,1951692.9
VMI,483.44,7,"[0, 0, 1, 1, 1, 1, 1, 1, 1, 0]",498.63,469.2,582.78,362.21,159776.1
ABVX,118.64,5,"[0, 0, 0, 1, 0, 1, 1, 1, 1, 0]",125.42,119.43,145.31,72.5,952116.35
CTRE,38.62,6,"[0, 0, 1, 1, 1, 1, 0, 1, 1, 0]",40.57,38.55,43.4,31.94,2195482.15
MOH,204.23,8,"[0, 1, 1, 1, 1, 1, 1, 1, 1, 0]",208.29,178.58,242.88,122.65,591916.2
BPOP,163.71,8,"[0, 1, 1, 1, 1, 1, 1, 1, 1, 0]",170.44,145.45,176.9,106.79,459296.25
SNEX,70.37,9,"[0, 1, 1, 1, 1, 1, 1, 1, 1, 1]",71.79,62.5,92.67,37.2,801698.5
CYTK,73.77,9,"[0, 1, 1, 1, 1, 1, 1, 1, 1, 1]",78.33,69.95,87.26,47.56,1729335.1
VSAT,74.31,8,"[0, 1, 1, 1, 1, 1, 1, 1, 1, 0]",75.41,58.04,89.81,28.41,1607087.6
ICLR,169.31,9,"[1, 1, 1, 1, 0, 1, 1, 1, 1, 1]",167.22,147.46,202.92,80.08,656760.1
AGX,413.74,4,"[0, 0, 0, 0, 1, 1, 1, 0, 1, 0]",544.51,513.69,797.9,229.22,383551.3
CAMT,147.97,5,"[1, 0, 0, 0, 1, 1, 1, 0, 1, 0]",147.16,153.05,207.46,85.84,354330.9
SBSW,12.54,6,"[1, 1, 0, 0, 0, 1, 1, 0, 1, 1]",10.27,12.56,20.52,8.0,5461090.3
ELPC,12.48,9,"[1, 1, 1, 0, 1, 1, 1, 1, 1, 1]",11.55,11.15,13.39,8.16,471817.6
TTC,92.72,7,"[0, 0, 1, 1, 1, 1, 1, 1, 1, 0]",95.9,91.22,100.89,67.07,857905.9
R,243.3,8,"[0, 1, 1, 1, 1, 1, 1, 1, 1, 0]",257.86,226.1,279.21,157.4,252859.6
CAVA,55.88,3,"[0, 0, 0, 0, 1, 1, 0, 0, 1, 0]",66.22,72.25,97.39,43.59,2519057.7
PRAX,334.58,8,"[0, 1, 1, 1, 1, 1, 1, 1, 1, 0]",339.87,311.2,386.33,37.71,318781.6
ZION,68.75,8,"[0, 1, 1, 1, 1, 1, 1, 1, 1, 0]",69.44,61.99,72.82,45.54,1222649.0
SIRI,29.15,9,"[0, 1, 1, 1, 1, 1, 1, 1, 1, 1]",29.52,24.81,32.3,19.3,3481695.3
RIOT,21.47,9,"[1, 1, 1, 1, 1, 1, 1, 0, 1, 1]",20.65,18.83,28.69,11.83,16380431.7
FLS,74.46,5,"[0, 0, 0, 0, 1, 1, 1, 1, 1, 0]",75.42,75.89,91.49,48.65,1565892.25
ALGM,36.31,5,"[0, 0, 0, 1, 1, 1, 1, 0, 1, 0]",43.27,39.67,69.62,22.8,2062561.8
GDS,30.82,1,"[0, 0, 0, 0, 0, 0, 0, 0, 1, 0]",32.27,37.8,47.52,29.02,1319432.4
KRYS,347.0,9,"[0, 1, 1, 1, 1, 1, 1, 1, 1, 1]",347.72,293.16,378.15,143.68,226067.4
EGO,43.75,9,"[1, 1, 1, 1, 0, 1, 1, 1, 1, 1]",37.03,36.17,49.43,24.79,2689408.3
GGB,5.15,10,"[1, 1, 1, 1, 1, 1, 1, 1, 1, 1]",4.69,4.18,5.15,2.96,11102460.0
MXL,74.57,8,"[1, 1, 1, 1, 1, 1, 1, 0, 1, 0]",73.41,48.59,128.03,13.05,2300133.9
IBRX,7.91,8,"[1, 1, 1, 0, 1, 1, 1, 0, 1, 1]",7.82,6.72,11.55,1.98,8074525.5
AAL,13.01,3,"[0, 0, 0, 1, 0, 1, 0, 0, 1, 0]",14.85,13.94,18.15,10.18,61752047.35
DDS,650.57,8,"[1, 1, 1, 1, 0, 1, 0, 1, 1, 1]",593.56,604.26,699.51,510.39,168093.0
FRO,49.21,10,"[1, 1, 1, 1, 1, 1, 1, 1, 1, 1]",40.85,32.86,49.21,19.11,2553255.75
CRUS,118.79,2,"[0, 0, 0, 0, 1, 0, 0, 0, 1, 0]",126.77,139.97,178.9,108.48,886179.35
BVN,34.04,9,"[1, 1, 1, 0, 1, 1, 1, 1, 1, 1]",32.6,32.85,42.44,19.14,1221430.75
W,98.57,7,"[1, 1, 1, 1, 0, 0, 1, 1, 1, 0]",96.5,88.16,119.05,57.4,2171133.35
LUMN,6.94,3,"[1, 0, 0, 0, 0, 0, 0, 0, 1, 1]",6.41,7.73,11.83,5.54,12001119.4
LLYVK,97.36,6,"[0, 0, 1, 1, 1, 1, 0, 1, 1, 0]",103.21,94.72,108.86,77.33,257236.05
LLYVA,93.98,6,"[0, 0, 1, 1, 1, 1, 0, 1, 1, 0]",99.51,91.96,104.99,74.85,124857.1
LEVI,20.16,5,"[0, 0, 0, 1, 1, 1, 0, 1, 1, 0]",22.98,21.71,25.53,17.69,2118294.4
COLB,30.11,8,"[0, 1, 1, 1, 1, 1, 1, 1, 1, 0]",31.09,29.06,33.2,22.9,2888885.0
OSK,145.85,6,"[0, 0, 1, 1, 1, 1, 0, 1, 1, 0]",149.93,145.24,176.5,117.24,454726.5
MTCH,42.39,10,"[1, 1, 1, 1, 1, 1, 1, 1, 1, 1]",39.51,34.62,42.44,28.57,3098999.1
FR,61.38,6,"[0, 0, 1, 1, 1, 1, 0, 1, 1, 0]",64.07,60.53,68.86,49.05,738875.7
CRL,278.26,9,"[1, 1, 1, 1, 1, 1, 1, 1, 1, 0]",258.89,202.43,298.58,145.57,827052.7
FROG,87.18,8,"[0, 1, 1, 1, 1, 1, 1, 1, 1, 0]",88.97,66.25,104.03,34.75,1957498.4
ZWS,46.18,5,"[0, 0, 0, 1, 1, 1, 0, 1, 1, 0]",48.79,48.15,53.06,43.5,750009.45
SIMO,284.48,10,"[1, 1, 1, 1, 1, 1, 1, 1, 1, 1]",264.12,187.59,336.22,79.53,829771.95
ENS,179.45,4,"[0, 0, 0, 0, 1, 1, 1, 0, 1, 0]",191.9,186.82,243.06,106.4,522191.3
PRMB,20.75,7,"[0, 0, 1, 1, 1, 1, 1, 1, 1, 0]",23.29,20.64,25.26,14.14,4379865.5
EMN,68.11,4,"[0, 0, 0, 0, 1, 1, 0, 1, 1, 0]",70.7,69.92,79.49,54.37,890980.3
CIFR,16.85,4,"[0, 0, 0, 0, 1, 0, 1, 0, 1, 1]",18.85,18.43,29.18,10.85,34778035.75
QBTS,16.8,1,"[0, 0, 0, 0, 0, 0, 0, 0, 1, 0]",18.8,21.42,44.78,12.98,15498906.3
ECG,119.42,4,"[0, 0, 0, 0, 1, 1, 1, 0, 1, 0]",128.89,121.69,169.16,78.67,480259.6
FIGR,34.87,5,"[1, 1, 0, 0, 0, 0, 1, 0, 1, 1]",32.3,36.89,73.91,24.91,4693303.5
ICL,5.66,7,"[1, 1, 1, 0, 1, 0, 0, 1, 1, 1]",5.32,5.35,6.7,4.67,1147867.5
TKR,119.4,7,"[0, 0, 1, 1, 1, 1, 1, 1, 1, 0]",131.02,111.52,144.93,69.84,857643.8
SSL,14.59,10,"[1, 1, 1, 1, 1, 1, 1, 1, 1, 1]",11.64,10.36,14.65,5.33,1651033.9
KRMN,35.28,1,"[0, 0, 0, 0, 0, 0, 0, 0, 1, 0]",49.61,71.16,115.29,34.39,2633517.75
BOKF,135.69,8,"[0, 1, 1, 1, 1, 1, 1, 1, 1, 0]",139.9,130.19,145.44,101.73,226960.6
NXE,9.85,4,"[0, 0, 0, 0, 1, 1, 1, 0, 1, 0]",9.94,10.87,13.92,7.56,4683825.05
NE,45.28,9,"[1, 1, 1, 0, 1, 1, 1, 1, 1, 1]",42.74,41.29,53.23,25.47,1090298.6
AMG,355.61,8,"[0, 1, 1, 1, 1, 1, 1, 1, 1, 0]",363.55,316.63,383.41,230.75,271902.5
IDA,135.54,5,"[0, 0, 0, 1, 1, 1, 0, 1, 1, 0]",142.7,138.16,153.61,121.4,459283.05
VIRT,60.86,10,"[1, 1, 1, 1, 1, 1, 1, 1, 1, 1]",60.85,47.86,67.68,31.71,1490427.15
MSGS,392.07,8,"[0, 1, 1, 1, 1, 1, 1, 1, 1, 0]",394.8,332.2,414.12,210.95,242686.55
ROAD,99.67,2,"[0, 0, 0, 0, 1, 0, 0, 0, 1, 0]",106.74,114.66,140.48,93.51,508584.3
CMC,67.17,3,"[0, 0, 0, 0, 0, 1, 0, 1, 1, 0]",68.15,69.69,82.67,54.7,1049803.9
JXN,138.12,10,"[1, 1, 1, 1, 1, 1, 1, 1, 1, 1]",127.36,112.47,140.63,88.37,550452.65
ESE,270.3,6,"[0, 0, 0, 1, 1, 1, 1, 1, 1, 0]",304.76,278.11,354.82,195.21,185158.55
GKOS,167.25,8,"[0, 1, 1, 1, 1, 1, 1, 1, 1, 0]",169.44,130.94,189.55,74.67,641355.55
CWEN,31.14,3,"[0, 0, 0, 0, 1, 0, 0, 1, 1, 0]",32.33,35.22,40.64,26.5,1066944.6
CIG,2.2,8,"[1, 1, 1, 0, 1, 1, 0, 1, 1, 1]",2.09,2.11,2.62,1.79,4948757.95
MBLY,8.25,2,"[0, 0, 0, 1, 0, 0, 0, 0, 1, 0]",8.75,9.19,15.54,6.56,3417041.75
KNTK,54.75,10,"[1, 1, 1, 1, 1, 1, 1, 1, 1, 1]",51.45,44.46,55.1,30.05,997505.0
CHRD,152.01,10,"[1, 1, 1, 1, 1, 1, 1, 1, 1, 1]",135.64,120.24,152.01,81.47,646768.95
MIDD,108.31,5,"[0, 0, 0, 1, 1, 1, 0, 1, 1, 0]",124.76,120.99,144.17,89.85,559782.55
PCVX,59.47,10,"[1, 1, 1, 1, 1, 1, 1, 1, 1, 1]",58.38,54.28,63.3,30.89,1026455.95
KEX,139.42,10,"[1, 1, 1, 1, 1, 1, 1, 1, 1, 1]",139.17,132.93,152.59,79.95,357066.4
HALO,107.2,10,"[1, 1, 1, 1, 1, 1, 1, 1, 1, 1]",93.12,74.96,110.76,61.63,1603878.15
YOU,42.23,4,"[0, 0, 0, 0, 1, 1, 1, 0, 1, 0]",49.68,46.17,61.97,29.1,1573488.8
ORA,94.89,1,"[0, 0, 0, 0, 0, 0, 0, 0, 1, 0]",105.53,115.11,144.94,90.67,777034.65
VLY,13.8,8,"[0, 1, 1, 1, 1, 1, 1, 1, 1, 0]",14.42,13.09,15.19,9.47,5686271.65
VFC,13.17,1,"[0, 0, 0, 0, 0, 0, 0, 0, 1, 0]",15.02,17.32,21.29,12.62,6029634.1
WFRD,88.85,6,"[1, 0, 0, 0, 1, 1, 1, 1, 1, 0]",88.28,92.29,111.07,60.68,909639.25
CORZ,17.94,3,"[0, 0, 0, 0, 1, 0, 1, 0, 1, 0]",20.24,19.75,29.16,13.57,11085724.75
TEX,60.82,6,"[0, 0, 0, 1, 1, 1, 1, 1, 1, 0]",65.15,61.25,74.39,41.45,940111.9
SOBO,35.99,8,"[0, 1, 1, 1, 1, 1, 1, 1, 1, 0]",36.98,32.67,38.67,24.54,587766.7
FAF,71.78,7,"[0, 1, 1, 1, 1, 1, 0, 1, 1, 0]",72.87,66.47,79.16,56.38,661414.05
IDCC,350.13,7,"[1, 1, 1, 0, 0, 0, 1, 1, 1, 1]",309.12,318.07,393.78,250.11,183292.8
OR,36.03,5,"[1, 0, 0, 0, 0, 1, 0, 1, 1, 1]",32.73,36.81,47.56,28.05,1034807.65
HXL,92.74,8,"[0, 1, 1, 1, 1, 1, 1, 1, 1, 0]",99.76,88.72,110.09,60.57,724744.7
OGC,30.19,6,"[1, 0, 0, 0, 1, 1, 1, 0, 1, 1]",27.02,30.22,42.25,19.32,526702.45
SLAB,220.33,10,"[1, 1, 1, 1, 1, 1, 1, 1, 1, 1]",218.43,196.1,220.71,116.08,309847.2
RIG,5.67,6,"[1, 0, 1, 0, 1, 1, 1, 0, 1, 0]",5.48,5.59,7.58,3.08,39002549.1
PLXS,255.34,8,"[0, 1, 1, 1, 1, 1, 1, 1, 1, 0]",255.4,223.78,303.82,132.74,216192.05
GGAL,43.86,3,"[0, 0, 0, 1, 0, 0, 1, 0, 1, 0]",47.05,47.36,58.63,25.33,886874.0
SSRM,36.24,10,"[1, 1, 1, 1, 1, 1, 1, 1, 1, 1]",31.56,28.42,39.21,19.46,2434527.3
LTH,41.5,8,"[0, 1, 1, 1, 1, 1, 1, 1, 1, 0]",43.29,32.75,45.73,24.59,2501910.9
KYMR,114.96,10,"[1, 1, 1, 1, 1, 1, 1, 1, 1, 1]",114.4,90.11,127.31,46.99,629844.15
SM,38.1,10,"[1, 1, 1, 1, 1, 1, 1, 1, 1, 1]",32.86,26.81,38.18,17.2,3532893.95
LEA,130.82,10,"[1, 1, 1, 1, 1, 1, 1, 1, 1, 1]",130.51,126.12,147.77,94.39,544623.0
HR,18.9,6,"[0, 0, 1, 1, 1, 1, 0, 1, 1, 0]",19.96,18.36,21.6,15.74,2990795.2
RHP,121.99,8,"[0, 1, 1, 1, 1, 1, 1, 1, 1, 0]",127.05,107.12,135.99,82.97,572089.65
NOV,21.1,10,"[1, 1, 1, 1, 1, 1, 1, 1, 1, 1]",20.14,18.94,21.71,12.09,2999023.4
DBX,35.56,9,"[1, 1, 1, 1, 1, 1, 1, 1, 1, 0]",32.7,27.77,35.93,22.06,3416708.4
TFPM,33.78,7,"[1, 1, 1, 0, 0, 1, 0, 1, 1, 1]",31.04,33.18,41.15,26.8,580870.45
AUGO,87.08,9,"[1, 1, 1, 0, 1, 1, 1, 1, 1, 1]",69.9,68.39,107.02,29.37,965449.75
MTDR,61.05,9,"[1, 1, 1, 0, 1, 1, 1, 1, 1, 1]",53.62,51.53,64.51,36.03,1875798.6
MYRG,291.26,4,"[0, 0, 0, 0, 1, 1, 1, 0, 1, 0]",346.76,324.43,501.13,173.81,280028.7
AVT,99.63,10,"[1, 1, 1, 1, 1, 1, 1, 1, 1, 1]",89.5,72.19,99.63,43.47,1125814.5
LGN,56.65,4,"[0, 0, 0, 0, 1, 1, 1, 0, 1, 0]",63.77,62.77,102.27,29.72,903530.55
BRKR,53.43,8,"[0, 1, 1, 1, 1, 1, 1, 1, 1, 0]",58.31,48.18,64.34,30.68,1855841.45
SGHC,13.84,9,"[0, 1, 1, 1, 1, 1, 1, 1, 1, 1]",14.03,12.06,15.59,8.45,2236804.0
STEP,48.92,3,"[1, 1, 0, 0, 0, 0, 0, 0, 1, 0]",46.55,51.98,73.91,39.28,921596.05
UGP,7.45,10,"[1, 1, 1, 1, 1, 1, 1, 1, 1, 1]",6.26,5.17,7.56,3.53,3241663.35
VAL,83.73,6,"[1, 0, 1, 0, 1, 1, 1, 0, 1, 0]",81.58,80.41,113.42,46.75,1105341.65
BLSH,35.12,6,"[1, 1, 1, 0, 0, 0, 1, 0, 1, 1]",27.06,34.0,69.49,21.79,1654990.05
TGTX,53.89,10,"[1, 1, 1, 1, 1, 1, 1, 1, 1, 1]",53.59,39.5,59.06,26.94,1781720.15
MIRM,98.22,7,"[0, 0, 1, 1, 1, 1, 1, 1, 1, 0]",107.31,96.63,128.57,64.1,480779.9
ST,43.64,8,"[0, 1, 1, 1, 1, 1, 1, 1, 1, 0]",44.47,40.34,53.41,28.29,1447306.65
NPO,300.49,7,"[0, 0, 1, 1, 1, 1, 1, 1, 1, 0]",319.95,282.44,387.22,201.58,142138.65
PAYC,218.91,8,"[1, 1, 1, 1, 0, 1, 1, 1, 1, 0]",188.97,149.78,240.52,113.1,639648.35
SYRE,90.6,8,"[0, 1, 1, 1, 1, 1, 1, 1, 1, 0]",98.1,63.29,108.92,14.82,1149842.6
SWX,86.11,5,"[0, 0, 0, 1, 1, 1, 0, 1, 1, 0]",90.23,86.28,92.72,75.03,438031.35
COMP,10.51,7,"[0, 1, 1, 1, 0, 1, 1, 1, 1, 0]",11.73,10.16,13.58,6.68,10353115.6
AROC,32.77,5,"[0, 0, 0, 0, 1, 1, 1, 1, 1, 0]",34.57,32.95,41.68,22.6,1833139.55
AXTI,64.77,6,"[1, 0, 1, 0, 1, 1, 1, 0, 1, 0]",62.69,55.77,140.83,3.66,9138352.35
RSI,26.43,9,"[0, 1, 1, 1, 1, 1, 1, 1, 1, 1]",28.46,23.75,34.52,15.89,2136333.95
RYTM,104.71,7,"[0, 1, 1, 1, 0, 1, 1, 1, 1, 0]",108.88,99.61,117.62,75.82,455380.95
HIMS,27.51,4,"[0, 1, 0, 1, 0, 0, 1, 0, 1, 0]",31.04,28.23,62.76,14.52,10746081.1
PTGX,148.18,9,"[1, 1, 1, 1, 1, 1, 1, 1, 1, 0]",142.86,107.29,158.62,58.38,512340.95
ACA,145.0,9,"[0, 1, 1, 1, 1, 1, 1, 1, 1, 1]",145.14,124.25,145.65,88.99,571307.95
FNB,18.31,7,"[0, 1, 1, 1, 1, 1, 0, 1, 1, 0]",18.71,17.58,19.35,14.23,3201486.95
FLY,21.13,3,"[0, 0, 0, 0, 1, 1, 0, 0, 1, 0]",22.82,27.6,58.81,16.78,2344540.55
CELC,83.45,4,"[0, 0, 0, 0, 1, 1, 1, 0, 1, 0]",93.23,106.03,144.98,45.22,788631.8
ENIC,4.38,7,"[0, 1, 1, 1, 1, 1, 0, 1, 1, 0]",4.44,4.19,4.66,3.56,664400.45
INGM,27.55,8,"[0, 1, 1, 1, 1, 1, 1, 1, 1, 0]",28.32,25.28,31.54,19.32,1667644.95
LUNR,14.35,4,"[0, 0, 0, 0, 1, 1, 1, 0, 1, 0]",15.53,19.91,45.7,8.05,7810988.15
RGTI,15.27,1,"[0, 0, 0, 0, 0, 0, 0, 0, 1, 0]",16.14,19.11,56.34,12.9,16692714.8
CLF,12.06,7,"[1, 1, 1, 1, 0, 1, 1, 0, 1, 0]",11.21,11.44,16.18,7.82,14052467.15
CE,46.09,5,"[1, 0, 0, 0, 1, 1, 0, 0, 1, 1]",45.54,50.85,69.19,35.47,1438632.1
APGE,133.96,9,"[1, 1, 1, 1, 1, 0, 1, 1, 1, 1]",102.38,78.45,134.29,36.53,6126945.55
LSTR,172.78,7,"[0, 0, 1, 1, 1, 1, 1, 1, 1, 0]",189.1,171.94,224.86,117.83,351179.55
GVA,118.92,3,"[0, 0, 0, 0, 1, 1, 0, 0, 1, 0]",124.47,126.49,160.26,98.2,440280.8
VIST,76.27,10,"[1, 1, 1, 1, 1, 1, 1, 1, 1, 1]",68.25,63.33,79.25,33.7,1281107.4
KGS,63.85,9,"[1, 1, 1, 0, 1, 1, 1, 1, 1, 1]",62.13,55.88,75.7,31.78,1623129.8
URBN,78.58,9,"[1, 1, 1, 1, 0, 1, 1, 1, 1, 1]",75.38,72.29,82.95,59.57,1345406.7
PTCT,66.06,2,"[0, 0, 0, 1, 0, 0, 0, 0, 1, 0]",74.64,73.16,89.55,57.84,825783.6
ETSY,72.76,8,"[0, 1, 1, 1, 1, 1, 1, 1, 1, 0]",80.94,64.31,87.03,44.05,2884247.0
LNTH,100.25,8,"[0, 1, 1, 1, 1, 1, 1, 1, 1, 0]",102.36,85.15,110.94,50.11,1208894.55
VNO,35.44,7,"[0, 1, 1, 1, 0, 1, 1, 1, 1, 0]",38.68,33.37,42.04,24.71,1121895.35
REZI,19.11,1,"[0, 0, 0, 0, 0, 0, 0, 0, 1, 0]",22.47,23.86,30.97,18.64,2471269.3
OUT,28.62,7,"[0, 0, 1, 1, 1, 1, 1, 1, 1, 0]",30.83,28.02,33.43,16.34,1430453.15
FLG,13.18,5,"[0, 0, 0, 1, 1, 1, 0, 1, 1, 0]",14.09,13.63,15.35,10.69,3840308.2
EAT,212.49,8,"[0, 1, 1, 1, 1, 1, 1, 1, 1, 0]",213.51,165.51,253.94,102.29,865632.25
GXO,45.84,1,"[0, 0, 0, 0, 0, 0, 0, 0, 1, 0]",49.31,52.92,65.59,45.37,1230785.8
COGT,33.41,5,"[0, 0, 0, 1, 0, 1, 1, 1, 1, 0]",38.15,36.94,42.84,11.97,1556928.75
IBP,204.28,1,"[0, 0, 0, 0, 0, 0, 0, 0, 1, 0]",232.67,259.48,340.78,195.28,315379.95
VSNT,37.19,5,"[0, 0, 0, 1, 1, 0, 1, 1, 1, 0]",37.65,37.19,46.48,26.86,1378590.95
ABCB,84.66,7,"[0, 1, 1, 1, 1, 1, 0, 1, 1, 0]",87.88,82.71,93.17,68.89,316659.2
TFX,130.99,8,"[0, 1, 1, 1, 1, 1, 1, 1, 1, 0]",135.42,123.1,142.05,99.54,566893.1
IMVT,37.36,8,"[0, 1, 1, 1, 1, 1, 1, 1, 1, 0]",40.44,30.87,44.96,14.78,1142958.65
CGON,72.35,8,"[0, 1, 1, 1, 1, 1, 1, 1, 1, 0]",73.7,61.71,80.68,33.34,669001.6
USAR,15.56,4,"[0, 0, 0, 0, 1, 1, 1, 0, 1, 0]",17.34,19.3,38.68,11.9,13330677.8
ALKS,45.97,8,"[0, 1, 1, 1, 1, 1, 1, 1, 1, 0]",49.99,38.05,55.22,26.52,1268326.25
CENX,44.05,4,"[0, 0, 0, 0, 1, 1, 1, 0, 1, 0]",45.69,49.89,68.77,25.85,1761248.85
MSM,120.51,8,"[0, 1, 1, 1, 1, 1, 1, 1, 1, 0]",122.06,101.45,127.28,78.9,555473.2
SRRK,55.41,10,"[1, 1, 1, 1, 1, 1, 1, 1, 1, 1]",53.55,48.05,60.04,27.92,1123168.3
BLCO,17.25,8,"[1, 1, 1, 1, 0, 1, 0, 1, 1, 1]",16.91,16.61,18.6,14.32,424367.85
PIPR,76.43,3,"[1, 0, 0, 0, 0, 0, 0, 1, 1, 0]",75.18,79.7,92.26,69.6,514635.85
BKH,71.3,5,"[0, 0, 0, 1, 1, 1, 0, 1, 1, 0]",72.99,71.49,75.38,56.15,770992.35
KMX,61.32,10,"[1, 1, 1, 1, 1, 1, 1, 1, 1, 1]",58.46,46.81,64.22,30.88,1635323.85
MAC,22.61,8,"[0, 1, 1, 1, 1, 1, 1, 1, 1, 0]",24.7,21.23,26.51,15.8,2829996.15
CZR,29.67,9,"[0, 1, 1, 1, 1, 1, 1, 1, 1, 1]",29.82,26.67,30.41,18.14,2431658.65
PRIM,75.28,1,"[0, 0, 0, 0, 0, 0, 0, 0, 1, 0]",81.9,122.77,202.75,72.11,1032539.75
GLNG,52.89,10,"[1, 1, 1, 1, 1, 1, 1, 1, 1, 1]",50.62,47.22,56.8,34.8,1235014.85
OSCR,32.77,10,"[1, 1, 1, 1, 1, 1, 1, 1, 1, 1]",30.61,20.86,33.01,10.85,4881961.2
S,19.75,8,"[0, 1, 1, 1, 1, 1, 1, 1, 1, 0]",20.05,16.1,23.84,11.94,8259163.85
CORT,112.79,10,"[1, 1, 1, 1, 1, 1, 1, 1, 1, 1]",106.21,67.58,123.57,32.15,820110.4
RUSHA,48.31,8,"[0, 1, 1, 1, 1, 1, 1, 1, 1, 0]",51.41,45.64,55.02,30.75,535843.95
HWC,75.25,8,"[0, 1, 1, 1, 1, 1, 1, 1, 1, 0]",75.86,68.45,79.25,52.98,654431.3
CACC,604.24,10,"[1, 1, 1, 1, 1, 1, 1, 1, 1, 1]",598.4,522.46,657.2,411.04,104730.35
ZGN,11.61,6,"[0, 0, 0, 1, 1, 1, 1, 1, 1, 0]",13.74,11.92,15.25,8.6,1126028.85
MATX,230.18,10,"[1, 1, 1, 1, 1, 1, 1, 1, 1, 1]",214.08,173.44,230.18,87.23,232173.1
MCY,102.34,6,"[0, 1, 1, 1, 1, 1, 0, 0, 1, 0]",105.85,96.3,,,256854.4
ALM,15.49,7,"[1, 0, 1, 0, 1, 1, 1, 0, 1, 1]",15.34,15.18,23.42,4.46,6809600.75
BGC,12.17,10,"[1, 1, 1, 1, 1, 1, 1, 1, 1, 1]",11.38,10.31,12.63,8.24,2867662.35
AUB,39.72,8,"[0, 1, 1, 1, 1, 1, 1, 1, 1, 0]",41.52,37.96,43.01,30.43,1030607.0
GTX,27.62,8,"[0, 1, 1, 1, 1, 1, 1, 1, 1, 0]",29.48,23.95,36.12,12.31,2914568.95
MRCY,80.61,4,"[0, 0, 0, 1, 1, 1, 0, 0, 1, 0]",99.44,90.9,126.21,66.12,877501.7
VSEC,194.98,5,"[0, 0, 0, 1, 1, 1, 0, 1, 1, 0]",211.91,198.16,243.48,154.64,296880.1
TEO,13.25,8,"[0, 1, 1, 1, 1, 1, 1, 1, 1, 0]",13.42,12.43,15.98,6.52,306527.0
LBRT,20.96,4,"[0, 0, 0, 0, 1, 1, 1, 0, 1, 0]",20.99,24.67,33.68,10.53,3283880.6
XENE,58.65,8,"[0, 1, 1, 1, 1, 1, 1, 1, 1, 0]",63.45,53.16,70.96,35.66,655822.6
SNDR,34.15,8,"[0, 1, 1, 1, 1, 1, 1, 1, 1, 0]",35.75,30.91,38.66,20.04,568594.05
KLIC,86.13,6,"[0, 0, 1, 1, 1, 1, 1, 0, 1, 0]",93.95,79.77,133.81,34.96,676410.35
SEI,67.42,9,"[1, 1, 1, 0, 1, 1, 1, 1, 1, 1]",58.94,59.87,82.88,30.76,2684675.65
GOLF,85.16,4,"[0, 0, 0, 1, 1, 1, 0, 0, 1, 0]",97.81,94.07,118.18,73.07,356277.6
BEPC,30.77,1,"[0, 0, 0, 0, 0, 0, 0, 0, 1, 0]",33.25,37.31,42.99,30.77,1593908.35
VCTR,110.3,9,"[1, 1, 1, 1, 1, 1, 1, 1, 1, 0]",105.43,80.51,120.59,59.26,616260.45
BC,70.72,4,"[0, 0, 0, 0, 1, 1, 0, 1, 1, 0]",78.47,78.18,87.8,57.45,696926.9
MUR,38.5,9,"[1, 1, 1, 0, 1, 1, 1, 1, 1, 1]",35.99,34.97,41.94,24.8,1580646.35
MGY,27.75,9,"[1, 1, 1, 0, 1, 1, 1, 1, 1, 1]",26.1,26.33,31.94,20.84,3312597.75
CRSP,51.72,2,"[0, 0, 0, 1, 0, 0, 0, 0, 1, 0]",53.58,53.28,76.78,44.34,1463930.8
PACS,44.76,8,"[0, 1, 1, 1, 1, 1, 1, 1, 1, 0]",44.78,38.22,48.45,9.75,639799.55
HASI,37.37,7,"[0, 0, 1, 1, 1, 1, 1, 1, 1, 0]",39.15,36.99,42.83,26.62,1064687.85
ATAT,32.41,2,"[0, 0, 0, 0, 0, 0, 0, 1, 1, 0]",33.73,36.11,42.21,31.03,1093015.65
CRC,56.75,8,"[1, 0, 1, 0, 1, 1, 1, 1, 1, 1]",52.54,55.04,69.14,42.65,837787.95
LEGN,18.64,2,"[0, 0, 0, 0, 1, 0, 0, 0, 1, 0]",21.92,22.96,36.28,16.65,1831360.5
PRM,31.56,8,"[0, 1, 1, 1, 1, 1, 1, 1, 1, 0]",33.04,29.54,37.78,20.69,1041527.95
IFS,54.73,9,"[0, 1, 1, 1, 1, 1, 1, 1, 1, 1]",57.12,48.86,60.68,36.99,216177.55
CROX,112.48,8,"[0, 1, 1, 1, 1, 1, 1, 1, 1, 0]",127.71,103.95,141.19,73.39,929922.25
CAR,121.74,4,"[0, 0, 0, 0, 1, 1, 1, 0, 1, 0]",147.09,157.7,713.97,87.69,314703.8
M,22.08,7,"[0, 1, 1, 1, 0, 1, 1, 1, 1, 0]",23.48,21.39,26.21,16.08,6360258.15
AVAL,5.35,9,"[1, 1, 1, 1, 1, 1, 1, 1, 1, 0]",5.17,4.58,5.7,3.06,125249.45
KNF,57.63,2,"[0, 0, 0, 0, 1, 0, 0, 0, 1, 0]",71.13,78.05,93.97,57.18,838106.9
DIOD,95.01,9,"[1, 1, 1, 1, 1, 1, 1, 1, 1, 0]",92.39,80.79,122.76,42.36,648230.4
SON,47.84,5,"[0, 0, 0, 1, 1, 1, 0, 1, 1, 0]",55.69,50.55,60.0,37.64,1069081.75
WSC,18.66,4,"[0, 0, 0, 1, 1, 1, 0, 0, 1, 0]",23.68,22.24,28.97,14.78,2662242.1
RELY,21.99,8,"[0, 1, 1, 1, 1, 1, 1, 1, 1, 0]",24.52,18.93,26.92,12.2,3582438.8
SXT,128.6,9,"[1, 1, 1, 1, 1, 1, 1, 1, 1, 0]",126.38,107.07,137.45,82.4,312236.5
ALH,21.61,4,"[0, 0, 0, 1, 1, 0, 0, 1, 1, 0]",24.89,23.6,28.01,19.06,2111458.9
ACLS,113.43,5,"[0, 0, 0, 1, 1, 1, 1, 0, 1, 0]",130.23,117.44,191.6,74.12,307891.3
LB,86.85,10,"[1, 1, 1, 1, 1, 1, 1, 1, 1, 1]",80.41,68.09,89.59,44.0,267580.35
STVN,20.9,7,"[1, 1, 1, 1, 0, 0, 1, 1, 1, 0]",20.48,18.26,27.51,13.38,403321.8
BMA,77.82,4,"[0, 0, 0, 1, 0, 0, 1, 1, 1, 0]",84.97,82.74,101.13,37.79,332407.75
GBTG,9.46,9,"[1, 1, 1, 1, 1, 1, 1, 1, 1, 0]",9.44,7.83,9.51,4.97,1721518.85
TDS,37.46,4,"[1, 0, 0, 0, 0, 0, 0, 1, 1, 1]",34.64,40.38,47.5,32.98,1128172.05
NOVT,146.56,8,"[0, 1, 1, 1, 1, 1, 1, 1, 1, 0]",150.1,138.5,168.75,99.22,307201.45
MARA,11.98,8,"[1, 1, 1, 1, 1, 0, 1, 0, 1, 1]",11.27,10.94,22.84,6.73,50347168.75
ACHR,5.58,2,"[1, 0, 0, 0, 0, 0, 0, 0, 1, 0]",5.46,6.41,13.64,4.44,25515888.45
PSMT,170.81,8,"[0, 1, 1, 1, 1, 1, 1, 1, 1, 0]",181.42,158.24,197.13,113.62,214254.45
SYNA,101.03,6,"[0, 0, 1, 1, 1, 1, 1, 0, 1, 0]",107.64,96.91,147.57,58.52,719243.9
OPEN,2.79,1,"[0, 0, 0, 0, 0, 0, 0, 0, 1, 0]",3.82,4.99,10.21,2.79,30582834.15
PBF,78.3,10,"[1, 1, 1, 1, 1, 1, 1, 1, 1, 1]",66.28,44.73,78.3,25.55,2617531.2
INDV,34.49,6,"[0, 0, 0, 1, 1, 1, 1, 1, 1, 0]",38.28,35.66,41.83,22.51,1838918.6
ENPH,36.35,4,"[0, 0, 0, 0, 1, 1, 1, 0, 1, 0]",39.5,40.95,72.33,26.12,4048232.85
KC,9.96,2,"[0, 0, 0, 0, 1, 0, 0, 0, 1, 0]",10.65,12.46,18.21,8.58,1484197.85
MIAX,41.47,2,"[0, 0, 0, 1, 0, 0, 0, 0, 1, 0]",43.16,43.25,56.84,35.81,1261271.75
TGS,29.66,5,"[1, 0, 0, 0, 0, 0, 1, 1, 1, 1]",29.49,30.54,35.32,20.12,216702.45
DNTH,106.2,9,"[1, 1, 1, 1, 1, 1, 1, 1, 1, 0]",106.18,77.3,115.96,32.92,606733.0
SPHR,143.5,8,"[0, 1, 1, 1, 1, 1, 1, 1, 1, 0]",149.86,124.87,176.38,57.13,610621.9
MDU,19.2,3,"[0, 0, 0, 0, 1, 1, 0, 0, 1, 0]",20.25,20.47,,,1471547.6
EBC,21.6,8,"[0, 1, 1, 1, 1, 1, 1, 1, 1, 0]",22.53,20.34,23.49,16.27,1882406.4
HRB,45.12,7,"[0, 1, 1, 1, 0, 1, 1, 1, 1, 0]",45.86,37.96,53.69,27.41,1700215.55
NAVN,21.02,6,"[0, 1, 1, 1, 1, 0, 1, 0, 1, 0]",27.01,18.13,30.58,8.51,3508232.05
AIR,125.48,8,"[0, 1, 1, 1, 1, 1, 1, 1, 1, 0]",136.55,115.05,153.71,74.19,378355.4
VSH,33.21,5,"[0, 0, 1, 1, 1, 1, 0, 0, 1, 0]",35.32,29.09,,,3752386.45
PI,176.82,6,"[1, 1, 1, 1, 0, 0, 1, 0, 1, 0]",157.51,142.56,241.91,91.34,348572.2
MEOH,62.9,9,"[1, 1, 1, 0, 1, 1, 1, 1, 1, 1]",55.35,52.46,65.5,33.49,641184.55
NTSK,14.7,6,"[1, 1, 1, 1, 0, 0, 1, 0, 1, 0]",13.71,12.95,25.79,7.73,5071253.1
QS,5.28,1,"[0, 0, 0, 0, 0, 0, 0, 0, 1, 0]",5.84,7.87,18.44,4.89,14582781.35
CVLT,130.07,6,"[0, 1, 1, 1, 0, 1, 1, 0, 1, 0]",138.48,113.68,195.41,75.18,467190.0
CSTM,26.17,4,"[0, 0, 0, 0, 1, 1, 1, 0, 1, 0]",28.32,26.83,36.15,14.41,1424936.45
LAUR,36.13,7,"[0, 1, 1, 1, 1, 1, 0, 1, 1, 0]",37.7,34.71,40.46,28.87,892625.1
PAM,86.53,8,"[1, 1, 1, 1, 0, 0, 1, 1, 1, 1]",83.3,83.94,92.27,56.55,174347.05
PAGP,27.99,10,"[1, 1, 1, 1, 1, 1, 1, 1, 1, 1]",26.11,22.64,28.47,15.63,1802720.55
CVSA,125.09,8,"[0, 1, 1, 1, 1, 1, 1, 1, 1, 0]",128.04,115.22,154.45,89.36,329753.2
ATMU,45.41,3,"[0, 0, 0, 0, 1, 1, 0, 0, 1, 0]",50.31,54.37,65.42,42.6,563853.2
FTDR,81.01,9,"[1, 1, 1, 1, 1, 1, 1, 1, 1, 0]",79.16,65.39,90.83,49.1,437935.2
MMYT,50.09,3,"[0, 0, 0, 1, 0, 0, 1, 0, 1, 0]",57.15,56.57,101.87,36.3,499236.5
INSW,103.65,10,"[1, 1, 1, 1, 1, 1, 1, 1, 1, 1]",89.8,68.41,103.65,37.13,574897.75
HCC,97.77,10,"[1, 1, 1, 1, 1, 1, 1, 1, 1, 1]",91.55,89.48,110.18,57.66,515996.9
NAMS,22.8,1,"[0, 0, 0, 0, 0, 0, 0, 0, 1, 0]",28.78,32.26,41.45,21.86,1279181.5
KNSA,76.27,9,"[1, 1, 1, 1, 1, 1, 1, 1, 1, 0]",73.07,53.59,80.92,35.42,468141.1
SHC,18.37,7,"[0, 1, 1, 1, 0, 1, 1, 1, 1, 0]",18.4,16.87,19.57,13.13,2236497.1
TBBB,50.46,10,"[1, 1, 1, 1, 1, 1, 1, 1, 1, 1]",44.67,38.21,51.66,24.12,760804.3
HRI,140.96,7,"[0, 1, 1, 1, 0, 1, 1, 1, 1, 0]",153.08,140.42,178.47,90.13,457897.85
NWE,69.24,7,"[0, 1, 1, 1, 1, 1, 0, 1, 1, 0]",70.55,67.99,72.73,53.43,355989.6
FLNC,9.93,2,"[0, 0, 0, 0, 0, 0, 1, 0, 1, 0]",13.11,17.94,32.23,7.0,5872926.4
YSS,7.88,2,"[0, 0, 0, 0, 1, 0, 0, 0, 1, 0]",13.81,7.88,43.45,7.45,3274019.15
LGND,284.47,8,"[0, 1, 1, 1, 1, 1, 1, 1, 1, 0]",295.62,234.09,322.61,165.41,189257.6
IPGP,79.99,2,"[0, 0, 0, 0, 1, 0, 0, 0, 1, 0]",88.08,101.47,153.91,70.74,584370.35
CBT,79.68,7,"[0, 0, 1, 1, 1, 1, 1, 1, 1, 0]",85.56,77.15,92.88,57.32,331868.5
GTLB,46.99,8,"[1, 1, 1, 1, 0, 0, 1, 1, 1, 1]",38.62,31.66,51.04,19.42,5833220.45
BCO,111.98,4,"[0, 1, 0, 1, 0, 0, 0, 1, 1, 0]",112.29,112.24,134.96,91.97,379252.7
HAFN,9.38,10,"[1, 1, 1, 1, 1, 1, 1, 1, 1, 1]",7.45,6.62,9.38,4.53,1892434.65
WIX,76.58,5,"[1, 1, 1, 0, 0, 0, 1, 0, 1, 0]",66.03,74.61,184.24,40.43,1543105.7
AZZ,137.07,7,"[0, 0, 1, 1, 1, 1, 1, 1, 1, 0]",145.45,133.35,159.9,97.18,199711.0
ONDS,7.23,3,"[0, 0, 0, 0, 0, 1, 1, 0, 1, 0]",7.98,9.53,14.01,5.25,62165027.35
UNF,274.68,8,"[0, 1, 1, 1, 1, 1, 1, 1, 1, 0]",284.38,246.79,300.79,149.11,265286.4
IRDM,47.3,8,"[0, 1, 1, 1, 1, 1, 1, 1, 1, 0]",48.21,34.58,55.72,15.57,787292.95
MANE,98.97,5,"[0, 1, 0, 1, 0, 0, 1, 1, 1, 0]",108.26,98.97,129.74,37.03,557430.0
STNG,84.52,10,"[1, 1, 1, 1, 1, 1, 1, 1, 1, 1]",77.93,70.84,85.61,48.65,717599.45
