ticker,price,score,points,sma50,sma200,wk52_high,wk52_low,volume
TCBI,97.18,5,"[0, 0, 0, 1, 1, 1, 0, 1, 1, 0]",101.03,97.89,107.74,76.93,382689.6
TPC,88.52,10,"[1, 1, 1, 1, 1, 1, 1, 1, 1, 1]",85.26,77.86,99.01,58.56,526948.6
ENVA,226.72,8,"[0, 1, 1, 1, 1, 1, 1, 1, 1, 0]",240.72,175.42,265.45,104.01,267778.45
PLUG,2.16,4,"[0, 0, 0, 0, 1, 0, 1, 0, 1, 1]",2.28,2.48,4.14,1.41,64819316.05
HNGE,92.56,10,"[1, 1, 1, 1, 1, 1, 1, 1, 1, 1]",83.78,55.79,92.85,31.17,1950712.35
WHD,70.32,10,"[1, 1, 1, 1, 1, 1, 1, 1, 1, 1]",60.39,53.92,73.73,33.12,740906.5
PTEN,12.64,10,"[1, 1, 1, 1, 1, 1, 1, 1, 1, 1]",10.38,9.25,12.74,5.0,7640773.85
SMR,9.27,3,"[1, 0, 0, 0, 0, 0, 0, 0, 1, 1]",9.19,13.29,53.43,7.59,34019675.4
CMBT,18.28,10,"[1, 1, 1, 1, 1, 1, 1, 1, 1, 1]",16.06,13.07,18.35,8.13,1034392.8
CNO,54.79,9,"[1, 1, 1, 1, 1, 1, 1, 1, 1, 0]",53.55,45.58,55.68,38.03,692015.25
BETA,20.1,6,"[1, 1, 0, 1, 0, 0, 1, 0, 1, 1]",20.03,20.78,36.8,13.59,2176467.75
CNR,102.3,9,"[1, 1, 1, 0, 1, 1, 1, 1, 1, 1]",86.83,89.43,113.11,70.51,563819.0
BLLN,90.67,3,"[0, 0, 0, 1, 0, 0, 1, 0, 1, 0]",114.51,95.18,149.97,64.03,824239.5
ZETA,30.97,10,"[1, 1, 1, 1, 1, 1, 1, 1, 1, 1]",23.83,19.83,30.97,14.55,9781015.5
NVTS,11.59,5,"[0, 0, 0, 0, 1, 1, 1, 0, 1, 1]",13.64,12.85,31.79,5.54,13240208.1
FHI,63.65,10,"[1, 1, 1, 1, 1, 1, 1, 1, 1, 1]",60.38,55.42,65.39,46.07,524266.5
COLD,14.95,9,"[0, 1, 1, 1, 1, 1, 1, 1, 1, 1]",15.05,13.0,16.25,9.61,3515786.7
LMND,52.23,1,"[0, 0, 0, 0, 0, 0, 0, 0, 1, 0]",59.08,64.76,96.57,47.38,991978.1
AMRX,17.47,8,"[0, 1, 1, 1, 1, 1, 1, 1, 1, 0]",17.69,14.25,19.1,9.54,1656829.4
LPL,3.39,2,"[0, 0, 0, 0, 0, 0, 0, 0, 1, 1]",3.45,4.16,5.76,2.79,2690997.5
TREX,45.58,8,"[0, 1, 1, 1, 1, 1, 1, 0, 1, 1]",46.65,40.89,64.6,30.13,1727876.3
DOO,61.85,3,"[0, 0, 0, 0, 0, 0, 0, 1, 1, 1]",61.99,66.1,81.22,50.79,215363.2
MTRN,236.08,9,"[0, 1, 1, 1, 1, 1, 1, 1, 1, 1]",254.28,183.71,297.21,108.26,341182.65
XMTR,92.69,10,"[1, 1, 1, 1, 1, 1, 1, 1, 1, 1]",91.57,68.13,104.85,36.1,593768.2
NP,33.31,10,"[1, 1, 1, 1, 1, 1, 1, 1, 1, 1]",31.8,26.84,35.11,17.14,418483.15
LASR,42.27,4,"[0, 0, 0, 0, 1, 1, 1, 0, 1, 0]",61.17,57.12,84.95,28.04,1534350.8
CAAP,23.47,5,"[0, 0, 0, 0, 1, 1, 1, 1, 1, 0]",25.01,25.83,30.35,17.49,239099.15
TNL,68.76,5,"[0, 0, 0, 1, 1, 1, 0, 1, 1, 0]",74.69,70.67,78.45,56.68,603652.85
PVH,74.16,5,"[0, 0, 0, 1, 1, 1, 0, 1, 1, 0]",79.54,76.66,98.77,60.85,896326.95
LBTYA,10.75,4,"[1, 0, 0, 0, 1, 0, 0, 1, 1, 0]",10.67,11.42,13.03,9.69,2132624.55
CRGY,13.69,9,"[1, 1, 1, 0, 1, 1, 1, 1, 1, 1]",11.21,10.78,14.06,7.53,5487149.85
COCO,58.72,5,"[0, 0, 0, 1, 1, 1, 1, 0, 1, 0]",68.57,60.77,84.02,36.65,807136.25
POWI,51.38,5,"[0, 0, 0, 1, 1, 1, 1, 0, 1, 0]",66.32,55.89,87.35,30.52,661260.3
LEU,171.4,1,"[0, 0, 0, 0, 0, 0, 0, 0, 1, 0]",174.58,212.3,436.0,146.61,573939.7
ANDG,55.74,7,"[1, 1, 0, 1, 0, 0, 1, 1, 1, 1]",44.99,55.74,56.56,18.34,584695.0
KTB,75.41,8,"[0, 1, 1, 1, 1, 1, 1, 1, 1, 0]",82.4,71.51,88.17,56.63,736882.35
MRX,72.48,10,"[1, 1, 1, 1, 1, 1, 1, 1, 1, 1]",66.1,49.43,72.84,27.85,634024.2
ARIS,19.99,9,"[1, 1, 1, 0, 1, 1, 1, 1, 1, 1]",16.24,17.28,22.68,8.75,1596380.2
DLO,14.83,8,"[1, 1, 1, 1, 0, 1, 1, 1, 1, 0]",14.42,13.25,15.57,10.83,2614328.65
GFF,97.39,10,"[1, 1, 1, 1, 1, 1, 1, 1, 1, 1]",95.78,84.72,107.22,66.26,344178.7
TDW,93.12,10,"[1, 1, 1, 1, 1, 1, 1, 1, 1, 1]",79.48,72.61,96.49,47.29,647432.1
OPLN,35.6,8,"[0, 1, 1, 1, 1, 1, 1, 1, 1, 0]",38.35,32.48,42.9,24.49,1650052.45
KAI,299.14,4,"[0, 0, 0, 0, 1, 1, 0, 1, 1, 0]",312.95,309.01,346.52,246.63,129013.2
BBWI,19.25,4,"[0, 0, 0, 1, 1, 0, 1, 0, 1, 0]",20.06,19.69,30.54,14.41,6717512.9
TVTX,66.28,10,"[1, 1, 1, 1, 1, 1, 1, 1, 1, 1]",59.52,41.79,67.52,18.15,1668480.4
CRNX,84.95,10,"[1, 1, 1, 1, 1, 1, 1, 1, 1, 1]",74.83,50.44,84.95,32.61,2565278.9
LIVN,79.81,8,"[0, 1, 1, 1, 1, 1, 1, 1, 1, 0]",80.54,69.26,85.32,49.57,719890.8
NVST,27.14,9,"[1, 1, 1, 1, 1, 1, 1, 1, 1, 0]",27.11,25.15,30.26,18.95,2824553.65
ACMR,72.82,7,"[0, 1, 1, 1, 1, 1, 1, 0, 1, 0]",88.38,62.48,126.89,26.83,878130.65
UCTT,67.83,6,"[0, 0, 1, 1, 1, 1, 1, 0, 1, 0]",93.39,66.27,142.59,21.65,1113668.25
HGV,42.41,5,"[0, 0, 0, 1, 1, 1, 0, 1, 1, 0]",48.28,46.03,54.69,36.99,984180.05
PII,64.54,7,"[0, 1, 1, 1, 0, 1, 1, 1, 1, 0]",68.72,64.31,74.7,47.42,774568.9
SKE,32.63,9,"[1, 1, 1, 0, 1, 1, 1, 1, 1, 1]",29.28,28.76,38.12,15.54,629634.1
EE,39.62,10,"[1, 1, 1, 1, 1, 1, 1, 1, 1, 1]",37.99,34.34,42.6,22.79,385332.65
ORKA,92.62,8,"[0, 1, 1, 1, 1, 1, 1, 1, 1, 0]",94.75,56.91,113.08,14.9,802974.6
RNG,69.62,10,"[1, 1, 1, 1, 1, 1, 1, 1, 1, 1]",51.73,38.79,69.62,24.69,1590817.7
CATY,61.21,8,"[0, 1, 1, 1, 1, 1, 1, 1, 1, 0]",62.21,54.1,64.53,43.96,349807.65
ACAD,28.91,9,"[1, 1, 1, 1, 0, 1, 1, 1, 1, 1]",26.85,24.38,30.57,20.06,1777198.0
DAN,29.98,8,"[1, 0, 1, 0, 1, 1, 1, 1, 1, 1]",28.16,29.76,38.62,17.84,1500686.95
EWTX,41.77,9,"[0, 1, 1, 1, 1, 1, 1, 1, 1, 1]",42.04,32.57,48.35,13.7,1377681.25
TAC,12.09,2,"[0, 0, 0, 1, 0, 0, 0, 0, 1, 0]",13.14,13.15,17.66,11.78,1716447.35
SOUN,7.16,3,"[1, 0, 0, 0, 0, 0, 0, 0, 1, 1]",6.72,8.45,21.4,5.7,30474883.7
JOE,66.1,9,"[1, 1, 1, 0, 1, 1, 1, 1, 1, 1]",64.38,64.45,72.27,46.43,192890.0
HP,43.58,10,"[1, 1, 1, 1, 1, 1, 1, 1, 1, 1]",36.6,34.42,44.47,19.45,1436639.5
INDB,81.18,7,"[0, 1, 1, 1, 1, 1, 0, 1, 1, 0]",84.2,78.25,87.17,62.86,265208.35
FG,23.8,2,"[0, 0, 0, 1, 0, 0, 0, 0, 1, 0]",27.68,27.58,34.14,20.28,583592.65
BB,8.15,7,"[0, 1, 1, 1, 1, 1, 1, 0, 1, 0]",9.35,5.92,12.81,3.15,9723771.4
PPTA,24.94,5,"[1, 0, 0, 0, 0, 1, 1, 0, 1, 1]",21.58,26.55,37.22,16.71,1295983.45
LRN,86.69,6,"[1, 0, 1, 0, 1, 0, 1, 0, 1, 1]",85.69,82.6,166.11,61.02,930470.05
BULL,9.48,7,"[1, 1, 1, 1, 0, 0, 1, 0, 1, 1]",7.65,7.16,15.55,4.63,16855916.85
BELFB,249.27,6,"[0, 0, 1, 1, 1, 1, 1, 0, 1, 0]",277.21,233.39,332.96,134.24,175672.3
WSFS,77.45,8,"[0, 1, 1, 1, 1, 1, 1, 1, 1, 0]",79.03,67.77,82.09,49.8,331767.8
LQDA,68.17,7,"[0, 1, 1, 1, 1, 1, 1, 0, 1, 0]",79.06,50.54,91.03,21.8,1532614.3
ALHC,13.4,1,"[0, 0, 0, 0, 0, 0, 0, 0, 1, 0]",17.88,18.94,24.56,12.78,4902205.9
AAUC,23.56,6,"[1, 0, 0, 0, 1, 1, 1, 0, 1, 1]",22.16,26.23,32.01,14.18,699029.6
CGAU,22.92,10,"[1, 1, 1, 1, 1, 1, 1, 1, 1, 1]",18.51,17.12,24.25,8.24,1627039.85
OII,51.76,10,"[1, 1, 1, 1, 1, 1, 1, 1, 1, 1]",46.18,35.96,54.11,22.2,870917.25
VKTX,32.78,5,"[0, 0, 0, 1, 0, 0, 1, 1, 1, 1]",35.55,33.61,42.13,23.09,1758161.3
CLSK,11.62,4,"[0, 0, 0, 1, 1, 0, 1, 0, 1, 0]",13.44,12.52,23.2,8.18,20339068.4
SII,131.85,9,"[1, 1, 1, 0, 1, 1, 1, 1, 1, 1]",114.21,121.06,165.32,65.87,232615.95
VECO,44.3,6,"[0, 0, 1, 1, 1, 1, 1, 0, 1, 0]",54.89,43.58,83.04,23.59,683478.3
RUM,8.96,10,"[1, 1, 1, 1, 1, 1, 1, 1, 1, 1]",6.86,6.57,10.23,4.67,4475820.95
WRBY,24.6,6,"[0, 0, 0, 1, 1, 1, 1, 1, 1, 0]",26.89,24.7,30.34,16.49,2627592.6
TLX,11.09,9,"[0, 1, 1, 1, 1, 1, 1, 1, 1, 1]",11.11,9.4,12.42,6.41,128552.3
RXO,21.25,8,"[0, 1, 1, 1, 1, 1, 1, 0, 1, 1]",24.49,18.74,29.3,10.48,1664624.2
BTE,4.87,9,"[1, 1, 1, 0, 1, 1, 1, 1, 1, 1]",4.28,4.01,5.3,2.16,13908918.15
LION,11.33,6,"[0, 0, 1, 1, 1, 1, 1, 0, 1, 0]",13.23,10.91,16.4,5.91,2596906.7
TWST,139.0,10,"[1, 1, 1, 1, 1, 1, 1, 1, 1, 1]",107.75,62.75,153.1,24.16,1746380.75
FIBK,36.81,8,"[0, 1, 1, 1, 1, 1, 1, 1, 1, 0]",37.98,35.06,39.73,27.83,914002.0
BFH,104.47,8,"[0, 1, 1, 1, 1, 1, 1, 1, 1, 0]",105.34,84.73,113.4,53.59,392686.85
BHF,53.02,3,"[0, 0, 0, 0, 0, 1, 0, 1, 1, 0]",61.0,62.46,66.61,43.36,1129517.7
SLG,55.98,10,"[1, 1, 1, 1, 1, 1, 1, 1, 1, 1]",53.53,45.1,62.85,34.32,815435.55
HYMC,23.43,6,"[1, 0, 0, 0, 1, 1, 1, 0, 1, 1]",23.12,29.63,55.74,5.19,1920078.7
OGN,13.76,10,"[1, 1, 1, 1, 1, 1, 1, 1, 1, 1]",13.57,10.13,13.77,5.68,2938993.65
SIG,82.28,3,"[0, 0, 0, 1, 0, 0, 0, 1, 1, 0]",88.22,88.54,105.18,73.65,589855.95
GNW,9.94,9,"[1, 1, 1, 1, 1, 1, 0, 1, 1, 1]",9.76,8.95,10.16,7.94,2522158.3
HWKN,120.27,2,"[0, 0, 0, 0, 1, 0, 0, 0, 1, 0]",135.56,144.93,182.56,117.67,130757.3
CTRI,20.41,3,"[0, 0, 0, 0, 1, 1, 0, 0, 1, 0]",25.65,28.29,41.8,19.37,2088421.15
RUN,8.57,1,"[0, 0, 0, 0, 0, 0, 0, 0, 1, 0]",10.99,14.7,21.41,8.57,8729856.5
ASO,42.96,2,"[0, 0, 0, 0, 1, 0, 0, 0, 1, 0]",47.38,52.17,60.83,41.39,1598826.35
HSAI,16.12,1,"[0, 0, 0, 0, 0, 0, 0, 0, 1, 0]",16.87,21.12,29.8,14.6,1680055.4
ATS,19.26,2,"[0, 0, 0, 0, 1, 0, 0, 0, 1, 0]",24.72,28.43,35.38,19.21,302888.45
CC,15.56,4,"[0, 0, 0, 0, 1, 1, 1, 0, 1, 0]",17.25,17.9,27.68,10.33,2849784.05
BKU,45.6,6,"[0, 0, 0, 1, 1, 1, 1, 1, 1, 0]",47.49,45.93,50.23,34.64,537338.0
TRMD,32.81,10,"[1, 1, 1, 1, 1, 1, 1, 1, 1, 1]",29.5,26.49,34.08,18.06,630089.85
SUNC,77.7,9,"[1, 1, 1, 1, 1, 0, 1, 1, 1, 1]",72.35,60.64,77.93,45.83,462979.95
MANU,21.76,8,"[0, 1, 1, 1, 1, 1, 1, 1, 1, 0]",22.64,18.88,24.19,15.1,347105.0
AAP,42.18,4,"[0, 0, 0, 1, 1, 1, 0, 0, 1, 0]",54.47,52.09,62.91,38.18,2464854.55
AVNT,44.06,10,"[1, 1, 1, 1, 1, 1, 1, 1, 1, 1]",39.72,36.0,46.34,26.82,923184.95
CVI,41.86,9,"[1, 1, 1, 1, 1, 0, 1, 1, 1, 1]",33.39,30.37,41.86,20.59,913861.45
SA,31.78,9,"[1, 1, 1, 0, 1, 1, 1, 1, 1, 1]",28.38,29.99,39.35,17.34,888257.8
AMBA,69.38,4,"[0, 1, 0, 1, 0, 0, 1, 0, 1, 0]",74.05,69.61,95.51,48.65,998673.35
APLE,15.95,8,"[0, 1, 1, 1, 1, 1, 1, 1, 1, 0]",16.45,13.38,16.99,10.58,2620728.45
CHEF,112.47,10,"[1, 1, 1, 1, 1, 1, 1, 1, 1, 1]",103.12,76.38,115.35,54.6,642653.25
BEAM,29.43,9,"[0, 1, 1, 1, 1, 1, 1, 1, 1, 1]",29.73,28.38,37.92,16.31,1672919.6
CWK,13.49,3,"[0, 0, 0, 1, 0, 0, 0, 1, 1, 0]",13.7,14.19,17.2,11.8,1707214.9
TNGX,22.84,7,"[0, 1, 1, 1, 1, 1, 1, 0, 1, 0]",27.62,19.31,32.9,6.36,2172452.25
EFXT,20.4,4,"[0, 0, 0, 0, 1, 1, 1, 0, 1, 0]",22.45,20.72,28.32,9.97,781928.95
DAVE,359.52,8,"[0, 1, 1, 1, 1, 1, 1, 1, 1, 0]",374.16,256.82,442.53,155.92,444916.8
FSM,12.08,9,"[1, 1, 1, 0, 1, 1, 1, 1, 1, 1]",9.55,10.0,13.66,7.62,6107529.1
VRNS,43.77,7,"[1, 1, 1, 1, 0, 0, 1, 0, 1, 1]",43.05,32.36,63.31,20.19,1270425.6
NATL,45.92,8,"[0, 1, 1, 1, 1, 1, 1, 1, 1, 0]",45.98,42.67,48.13,34.13,664500.5
ADEA,25.23,7,"[0, 0, 1, 1, 1, 1, 1, 1, 1, 0]",28.02,23.48,33.5,11.62,944846.9
BTDR,10.85,3,"[0, 0, 0, 0, 1, 0, 1, 0, 1, 0]",12.0,12.0,25.9,7.28,16224812.75
BATRK,49.58,8,"[0, 1, 1, 1, 1, 1, 1, 1, 1, 0]",51.48,45.61,53.58,38.04,612351.0
SEZL,120.55,7,"[0, 1, 1, 1, 1, 1, 1, 0, 1, 0]",153.13,96.87,188.55,50.97,830708.0
BBAR,15.14,4,"[0, 0, 0, 1, 0, 1, 1, 0, 1, 0]",18.0,16.73,21.73,7.82,848755.65
PARR,79.92,9,"[1, 1, 1, 1, 1, 1, 1, 1, 1, 0]",71.92,55.25,86.03,32.82,1038470.6
VCYT,43.19,6,"[0, 1, 1, 1, 0, 1, 1, 0, 1, 0]",51.64,42.58,60.49,30.01,1286885.4
COLM,57.4,5,"[0, 0, 0, 1, 1, 1, 0, 1, 1, 0]",60.73,58.44,67.45,47.94,728201.9
FFBC,32.63,8,"[0, 1, 1, 1, 1, 1, 1, 1, 1, 0]",33.87,29.34,36.18,22.64,619909.0
FSLY,22.79,8,"[1, 1, 1, 1, 1, 1, 1, 0, 1, 0]",21.87,18.46,33.5,7.3,6481184.75
ZIM,27.4,10,"[1, 1, 1, 1, 1, 1, 1, 1, 1, 1]",25.81,24.09,28.81,12.03,2193902.9
RCUS,29.28,10,"[1, 1, 1, 1, 1, 1, 1, 1, 1, 1]",29.09,24.42,31.57,10.81,1176568.85
CALY,15.71,7,"[0, 0, 1, 1, 1, 1, 1, 1, 1, 0]",17.76,14.88,19.66,8.39,1856493.95
BOH,75.93,7,"[0, 0, 1, 1, 1, 1, 1, 1, 1, 0]",80.69,75.05,85.85,58.13,291478.3
UNFI,43.86,7,"[0, 0, 1, 1, 1, 1, 1, 1, 1, 0]",48.26,43.28,55.52,28.0,458000.95
SXI,289.66,8,"[0, 1, 1, 1, 1, 1, 1, 1, 1, 0]",315.24,269.44,357.31,197.88,112931.75
PLAB,28.14,4,"[0, 0, 0, 0, 1, 1, 1, 0, 1, 0]",30.63,35.41,54.96,20.28,1466778.05
ERAS,17.88,9,"[0, 1, 1, 1, 1, 1, 1, 1, 1, 1]",18.19,12.57,22.47,1.43,3268582.45
EXTR,22.49,7,"[0, 1, 1, 1, 1, 1, 1, 0, 1, 0]",28.13,20.88,33.71,13.74,1783524.65
YETI,41.05,5,"[0, 0, 0, 1, 1, 1, 0, 1, 1, 0]",48.29,44.34,52.68,32.11,1991962.4
CARG,35.66,8,"[1, 1, 1, 1, 0, 1, 1, 1, 1, 0]",35.34,33.99,39.03,26.96,880915.1
MPT,3.97,1,"[0, 0, 0, 0, 0, 0, 0, 0, 1, 0]",4.47,4.86,5.8,3.97,8321975.0
DNLI,23.76,9,"[0, 1, 1, 1, 1, 1, 1, 1, 1, 1]",24.57,20.73,27.21,12.75,1194566.65
BKD,11.79,5,"[0, 0, 0, 1, 1, 1, 1, 0, 1, 0]",14.08,13.3,16.77,7.36,5214576.3
CON,33.74,10,"[1, 1, 1, 1, 1, 1, 1, 1, 1, 1]",32.2,24.79,35.47,18.52,954897.4
ETOR,31.98,2,"[0, 0, 0, 1, 0, 0, 0, 0, 1, 0]",35.39,35.09,46.9,24.76,1577004.15
LXP,60.71,10,"[1, 1, 1, 1, 1, 1, 1, 1, 1, 1]",58.6,50.96,61.15,41.85,642686.35
MSGE,77.69,9,"[0, 1, 1, 1, 1, 1, 1, 1, 1, 1]",78.17,64.63,88.42,40.4,348383.25
BWLP,24.25,10,"[1, 1, 1, 1, 1, 1, 1, 1, 1, 1]",21.19,17.11,24.8,11.16,345612.45
KYIV,13.41,7,"[0, 1, 1, 1, 0, 1, 1, 1, 1, 0]",14.09,12.94,16.17,9.33,291850.85
BHE,70.28,6,"[0, 0, 1, 1, 1, 1, 1, 0, 1, 0]",81.95,65.79,98.67,35.65,305143.1
CAKE,109.49,10,"[1, 1, 1, 1, 1, 1, 1, 1, 1, 1]",94.53,66.95,117.29,42.61,1837788.8
HG,35.16,9,"[1, 1, 1, 1, 1, 1, 1, 1, 1, 0]",34.81,29.98,37.28,21.72,345866.85
DHT,19.6,10,"[1, 1, 1, 1, 1, 1, 1, 1, 1, 1]",17.53,15.14,19.99,9.88,3415627.45
AEHR,79.27,7,"[0, 1, 1, 1, 1, 1, 1, 0, 1, 0]",92.63,61.56,145.61,19.4,2390753.4
OLN,17.4,2,"[0, 0, 0, 0, 1, 0, 0, 0, 1, 0]",19.92,22.9,29.59,17.15,2869130.0
SBLK,30.87,10,"[1, 1, 1, 1, 1, 1, 1, 1, 1, 1]",26.97,23.13,31.11,15.65,1533574.85
VC,101.82,4,"[0, 0, 0, 1, 1, 0, 0, 1, 1, 0]",105.22,101.98,127.5,84.18,375171.5
TTAM,14.92,5,"[0, 0, 0, 1, 1, 1, 0, 1, 1, 0]",16.67,16.51,19.32,14.13,229582.95
BKV,24.16,4,"[0, 0, 0, 0, 1, 1, 0, 1, 1, 0]",25.46,27.45,32.16,20.24,978894.45
HIMX,13.72,8,"[0, 1, 1, 1, 1, 1, 1, 0, 1, 1]",14.05,11.5,23.77,6.81,1288326.7
BANC,18.62,5,"[0, 0, 0, 1, 1, 1, 0, 1, 1, 0]",19.95,19.03,21.83,15.28,2258972.6
SBCF,33.96,8,"[1, 1, 1, 1, 1, 1, 0, 1, 1, 0]",33.92,31.98,36.13,28.28,797660.35
KN,34.18,8,"[0, 1, 1, 1, 1, 1, 1, 1, 1, 0]",37.18,30.13,42.8,20.67,783389.0
ALMS,21.81,5,"[0, 0, 0, 1, 1, 1, 1, 0, 1, 0]",26.46,22.1,30.3,3.95,832241.7
SDRL,48.72,9,"[1, 1, 1, 0, 1, 1, 1, 1, 1, 1]",43.29,41.73,54.8,28.4,625374.75
CRVL,68.88,8,"[1, 1, 1, 1, 0, 0, 1, 1, 1, 1]",63.5,61.43,90.34,46.0,169115.4
ITGR,125.25,10,"[1, 1, 1, 1, 1, 1, 1, 1, 1, 1]",108.21,89.69,126.07,63.32,1054078.75
SUPN,44.21,3,"[0, 0, 0, 0, 1, 0, 0, 1, 1, 0]",46.74,48.52,57.0,43.25,841251.1
XXI,6.12,4,"[1, 0, 0, 0, 0, 0, 1, 0, 1, 1]",5.2,7.61,24.61,4.27,1484231.4
LFST,12.36,10,"[1, 1, 1, 1, 1, 1, 1, 1, 1, 1]",11.21,8.11,12.83,4.81,4507980.7
TDC,29.0,6,"[0, 0, 0, 1, 1, 1, 1, 1, 1, 0]",30.32,29.79,37.88,20.42,2877385.65
NMRK,15.23,4,"[0, 1, 0, 1, 0, 0, 0, 1, 1, 0]",15.33,15.65,19.35,13.72,1306111.3
ERO,37.13,10,"[1, 1, 1, 1, 1, 1, 1, 1, 1, 1]",29.91,28.69,40.4,14.68,1753531.35
JOYY,74.64,10,"[1, 1, 1, 1, 1, 1, 1, 1, 1, 1]",71.65,62.9,75.0,51.63,345215.9
EXK,10.71,9,"[1, 1, 1, 0, 1, 1, 1, 1, 1, 1]",8.91,9.77,14.12,5.88,9126121.9
SHOO,43.18,7,"[0, 1, 1, 1, 0, 1, 1, 1, 1, 0]",44.34,40.79,49.07,28.47,864573.45
PHIN,68.44,6,"[0, 0, 0, 1, 1, 1, 1, 1, 1, 0]",76.8,70.68,85.16,50.78,323965.3
ARX,19.73,9,"[1, 1, 1, 1, 0, 1, 1, 1, 1, 1]",14.73,13.98,21.22,9.36,6983039.0
KALU,158.78,8,"[0, 1, 1, 1, 1, 1, 1, 1, 1, 0]",169.01,143.86,194.8,72.24,239578.75
DBRG,15.91,10,"[1, 1, 1, 1, 1, 1, 1, 1, 1, 1]",15.85,14.98,15.98,9.15,3969997.3
PAGS,9.02,2,"[0, 0, 0, 0, 0, 0, 0, 1, 1, 0]",9.08,9.68,11.72,8.44,2657576.5
CECO,71.2,7,"[0, 0, 1, 1, 1, 1, 1, 0, 1, 1]",77.99,69.78,99.67,45.12,864250.75
WT,24.06,10,"[1, 1, 1, 1, 1, 1, 1, 1, 1, 1]",20.57,16.66,25.04,10.68,2411613.25
PFS,23.4,8,"[0, 1, 1, 1, 1, 1, 1, 1, 1, 0]",23.8,21.6,25.04,17.11,781519.15
TRN,28.82,5,"[0, 0, 0, 1, 1, 1, 0, 1, 1, 0]",33.11,31.06,38.07,24.19,590816.15
DYN,25.43,10,"[1, 1, 1, 1, 1, 1, 1, 1, 1, 1]",24.41,19.8,26.78,12.37,1756405.8
GEO,31.81,10,"[1, 1, 1, 1, 1, 1, 1, 1, 1, 1]",30.72,21.24,32.77,13.26,2168051.4
LCII,100.63,2,"[0, 0, 0, 0, 0, 1, 0, 0, 1, 0]",102.53,115.47,152.4,81.4,250579.8
TNK,89.64,10,"[1, 1, 1, 1, 1, 1, 1, 1, 1, 1]",77.38,69.28,92.01,47.72,464367.55
BTU,29.69,7,"[1, 1, 1, 0, 0, 0, 1, 1, 1, 1]",24.11,28.82,39.25,16.6,2173597.4
NTCT,38.83,8,"[0, 1, 1, 1, 1, 1, 1, 1, 1, 0]",40.52,33.82,44.84,24.64,611201.65
DK,74.34,10,"[1, 1, 1, 1, 1, 1, 1, 1, 1, 1]",61.06,44.0,74.34,26.26,1561389.5
PTRN,20.73,7,"[0, 1, 1, 1, 1, 1, 1, 0, 1, 0]",23.9,16.52,29.4,9.59,1775096.2
GRND,15.48,8,"[0, 1, 1, 1, 1, 1, 1, 1, 1, 0]",15.66,13.34,17.94,9.85,1591581.45
TXG,62.45,10,"[1, 1, 1, 1, 1, 1, 1, 1, 1, 1]",48.63,28.02,65.12,11.34,3248428.7
CLMT,49.73,10,"[1, 1, 1, 1, 1, 1, 1, 1, 1, 1]",42.17,30.96,50.81,16.54,1241500.9
AEO,16.63,2,"[0, 0, 0, 0, 0, 1, 0, 0, 1, 0]",17.09,19.55,27.66,13.15,4547849.85
INOD,56.42,4,"[0, 0, 0, 1, 1, 0, 1, 0, 1, 0]",65.4,60.81,121.5,34.45,1579552.4
GPCR,45.91,3,"[0, 0, 0, 0, 0, 1, 1, 0, 1, 0]",50.65,54.15,93.79,19.71,689341.45
IHS,8.41,10,"[1, 1, 1, 1, 1, 1, 1, 1, 1, 1]",8.25,7.98,8.73,6.24,835656.65
AYA,27.92,10,"[1, 1, 1, 1, 1, 1, 1, 1, 1, 1]",22.37,17.94,29.29,9.25,1082728.75
SPNT,24.19,10,"[1, 1, 1, 1, 1, 1, 1, 1, 1, 1]",24.07,22.21,26.31,17.48,550213.9
KMT,29.34,4,"[0, 0, 0, 0, 1, 1, 1, 0, 1, 0]",32.95,33.84,42.76,19.96,1746709.55
STUB,6.38,2,"[0, 0, 0, 1, 0, 0, 0, 0, 1, 0]",9.38,10.07,22.0,6.09,7156716.55
FA,21.02,10,"[1, 1, 1, 1, 1, 1, 1, 1, 1, 1]",20.38,15.11,24.12,8.95,2486902.5
NKTR,71.38,9,"[1, 1, 1, 1, 1, 1, 1, 0, 1, 1]",70.94,64.58,100.35,28.55,568029.3
EOSE,3.22,1,"[0, 0, 0, 0, 0, 0, 0, 0, 1, 0]",4.3,8.59,19.19,3.14,24190033.95
UAA,5.04,3,"[0, 0, 0, 0, 1, 1, 0, 0, 1, 0]",6.24,5.93,8.14,4.17,8932823.0
UA,4.93,3,"[0, 0, 0, 0, 1, 1, 0, 0, 1, 0]",6.08,5.76,7.88,3.96,2870545.85
DBD,67.84,4,"[0, 0, 0, 1, 1, 1, 0, 0, 1, 0]",78.65,75.28,90.75,54.9,264424.3
BKE,42.6,2,"[0, 0, 0, 0, 0, 0, 0, 1, 1, 0]",43.47,48.77,56.63,41.12,413911.9
UNIT,9.92,8,"[0, 0, 1, 1, 1, 1, 1, 1, 1, 1]",10.47,9.26,12.75,5.36,1864260.75
ARCB,137.97,9,"[0, 1, 1, 1, 1, 1, 1, 1, 1, 1]",144.6,112.12,173.07,59.44,282236.3
NN,15.87,6,"[1, 0, 0, 0, 1, 1, 1, 0, 1, 1]",15.82,16.85,23.59,11.37,3089150.95
HOG,27.6,10,"[1, 1, 1, 1, 1, 1, 1, 1, 1, 1]",26.19,22.74,30.05,17.06,1851316.55
ATRO,73.67,9,"[0, 1, 1, 1, 1, 1, 1, 1, 1, 1]",76.04,61.26,93.45,29.14,689675.95
CLDX,39.63,10,"[1, 1, 1, 1, 1, 1, 1, 1, 1, 1]",38.54,31.27,44.87,22.06,798795.3
VAC,104.26,9,"[0, 1, 1, 1, 1, 1, 1, 1, 1, 1]",104.86,74.89,124.75,43.9,557824.35
ARQT,23.97,5,"[0, 0, 0, 1, 0, 1, 1, 1, 1, 0]",26.61,25.62,31.2,15.32,1838490.45
GRAL,79.37,7,"[1, 1, 1, 1, 0, 0, 1, 0, 1, 1]",71.14,73.24,116.06,31.61,791261.1
VISN,6.31,8,"[0, 1, 1, 1, 1, 1, 1, 1, 1, 0]",6.77,5.85,7.34,4.16,11218119.3
TARS,74.24,7,"[1, 1, 1, 0, 0, 0, 1, 1, 1, 1]",64.57,68.56,82.51,49.36,709221.85
NGVT,69.29,7,"[0, 0, 1, 1, 1, 1, 1, 1, 1, 0]",73.48,68.22,77.87,46.2,226937.8
AMSC,28.71,2,"[0, 0, 0, 0, 1, 0, 0, 0, 1, 0]",33.6,35.93,66.68,25.95,684091.0
WAFD,35.76,8,"[0, 1, 1, 1, 1, 1, 1, 1, 1, 0]",37.11,33.72,39.03,26.96,467817.0
HUN,9.58,4,"[0, 0, 0, 0, 1, 1, 1, 0, 1, 0]",10.89,11.86,15.89,7.27,2506714.95
HUBG,39.87,5,"[0, 0, 0, 1, 1, 1, 0, 1, 1, 0]",44.78,42.27,52.19,32.8,1330009.15
TRMK,45.92,7,"[0, 1, 1, 1, 1, 1, 0, 1, 1, 0]",46.78,43.2,48.52,36.04,263210.05
IRON,78.65,8,"[1, 1, 1, 1, 0, 0, 1, 1, 1, 1]",77.02,74.25,94.11,55.95,382642.05
CUBI,78.18,7,"[0, 1, 1, 1, 1, 1, 0, 1, 1, 0]",79.1,74.69,83.65,60.52,235819.65
VERA,34.08,4,"[0, 0, 0, 0, 0, 1, 1, 0, 1, 1]",36.2,39.32,55.67,21.9,2212855.25
ICHR,53.57,6,"[0, 0, 1, 1, 1, 1, 1, 0, 1, 0]",79.52,53.55,112.28,14.25,798000.65
RARE,25.21,5,"[0, 1, 0, 1, 0, 0, 1, 0, 1, 1]",28.38,26.24,36.54,18.5,2132028.05
KOD,37.35,8,"[0, 1, 1, 1, 1, 1, 1, 1, 1, 0]",40.23,32.8,46.44,8.55,595361.5
SAH,78.65,7,"[0, 1, 1, 1, 1, 1, 1, 0, 1, 0]",87.66,72.22,112.66,57.63,261661.9
DRD,28.23,6,"[1, 1, 0, 0, 0, 1, 1, 0, 1, 1]",23.12,28.5,38.8,19.58,329359.0
HE,11.22,3,"[0, 0, 0, 0, 1, 1, 0, 0, 1, 0]",12.73,13.74,17.08,10.89,2184490.3
IMNM,27.41,10,"[1, 1, 1, 1, 1, 1, 1, 1, 1, 1]",24.28,22.13,29.83,8.99,1188261.9
FRSH,13.92,9,"[1, 1, 1, 1, 0, 1, 1, 1, 1, 1]",11.3,10.16,13.92,6.88,6385271.1
NSIT,157.02,10,"[1, 1, 1, 1, 1, 1, 1, 1, 1, 1]",130.96,96.28,157.02,64.43,385440.7
HTFL,50.39,9,"[1, 1, 1, 1, 0, 1, 1, 1, 1, 1]",32.7,29.54,50.39,20.49,2197395.9
OSW,24.83,7,"[0, 1, 1, 1, 1, 1, 0, 1, 1, 0]",26.61,23.25,28.63,19.25,863149.05
SEDG,32.2,2,"[0, 0, 0, 0, 1, 0, 0, 0, 1, 0]",43.3,42.12,78.51,28.47,4039843.7
ROG,125.57,7,"[0, 0, 1, 1, 1, 1, 1, 1, 1, 0]",136.97,117.31,167.09,75.56,202185.35
ATKR,93.69,10,"[1, 1, 1, 1, 1, 1, 1, 1, 1, 1]",81.99,71.41,93.69,54.86,1055612.8
TALO,17.26,10,"[1, 1, 1, 1, 1, 1, 1, 1, 1, 1]",14.87,13.68,17.75,8.93,1879930.0
IDYA,40.1,9,"[1, 1, 1, 1, 0, 1, 1, 1, 1, 1]",37.21,33.58,42.48,23.39,760740.25
ELVN,57.89,9,"[1, 1, 1, 1, 1, 1, 1, 1, 1, 0]",54.78,36.88,61.15,15.14,963180.55
DGII,74.94,10,"[1, 1, 1, 1, 1, 1, 1, 1, 1, 1]",72.66,56.44,85.24,33.74,379876.2
LWLG,5.43,4,"[0, 0, 0, 0, 1, 1, 1, 0, 1, 0]",7.0,7.19,18.22,2.97,2892423.9
TMC,4.77,4,"[1, 0, 0, 0, 0, 0, 1, 0, 1, 1]",4.2,5.58,10.69,3.45,7435248.2
LMAT,80.28,2,"[0, 0, 0, 0, 1, 0, 0, 0, 1, 0]",92.35,94.61,116.75,78.76,459907.85
MTX,70.92,6,"[0, 0, 1, 1, 1, 1, 0, 1, 1, 0]",73.84,70.08,82.57,54.7,177071.8
BRZE,34.04,9,"[1, 1, 1, 1, 0, 1, 1, 1, 1, 1]",26.05,24.64,36.19,15.79,2496503.65
AAMI,94.2,10,"[1, 1, 1, 1, 1, 1, 1, 1, 1, 1]",84.41,63.96,97.31,41.78,337937.7
RLAY,18.38,8,"[0, 1, 1, 1, 1, 1, 1, 1, 1, 0]",19.27,12.72,20.75,3.66,2337955.45
MLYS,25.67,1,"[0, 0, 0, 0, 0, 0, 0, 0, 1, 0]",26.84,29.94,47.33,22.5,775431.25
FBNC,63.43,8,"[0, 1, 1, 1, 1, 1, 1, 1, 1, 0]",64.02,57.98,66.34,45.74,176778.6
ANDE,64.87,6,"[0, 0, 0, 1, 1, 1, 1, 1, 1, 0]",70.24,65.79,80.87,37.83,363692.1
VNET,6.06,1,"[0, 0, 0, 0, 0, 0, 0, 0, 1, 0]",7.42,9.12,14.03,6.06,4968898.45
HTO,63.37,10,"[1, 1, 1, 1, 1, 1, 1, 1, 1, 1]",62.14,55.48,64.97,43.43,332541.95
DXPE,187.73,10,"[1, 1, 1, 1, 1, 1, 1, 1, 1, 1]",174.61,144.79,200.84,85.53,145170.95
PTON,5.36,4,"[0, 1, 0, 1, 0, 0, 1, 0, 1, 0]",5.86,5.54,9.0,3.71,8699189.65
SGML,12.64,6,"[1, 0, 0, 0, 1, 1, 1, 0, 1, 1]",11.38,13.34,23.65,4.68,1723830.65
TENB,38.15,10,"[1, 1, 1, 1, 1, 1, 1, 1, 1, 1]",35.56,25.9,42.65,16.04,3878978.15
DFTX,39.72,8,"[0, 1, 1, 1, 1, 1, 1, 1, 1, 0]",43.84,24.39,48.45,9.04,2249712.6
VERX,14.16,5,"[1, 1, 0, 0, 0, 0, 1, 0, 1, 1]",12.56,14.75,25.94,10.58,2251937.45
PLUS,87.97,7,"[1, 1, 1, 1, 0, 1, 0, 1, 1, 0]",87.04,84.49,96.75,68.72,217940.7
AERO,14.51,1,"[0, 0, 0, 0, 0, 0, 0, 0, 1, 0]",15.88,17.11,22.91,12.36,316158.25
AMPX,9.88,3,"[0, 0, 0, 0, 1, 0, 1, 0, 1, 0]",11.23,13.62,22.91,6.93,5757763.75
AMR,235.7,8,"[1, 1, 1, 0, 0, 1, 1, 1, 1, 1]",164.07,186.6,249.65,135.9,368684.8
COHU,46.1,7,"[0, 1, 1, 1, 1, 1, 1, 0, 1, 0]",55.0,39.84,73.91,18.74,904312.9
AESI,13.1,6,"[0, 0, 1, 0, 1, 1, 1, 0, 1, 1]",13.26,12.95,19.75,8.1,3165259.0
NESR,35.11,10,"[1, 1, 1, 1, 1, 1, 1, 1, 1, 1]",29.88,23.01,36.31,9.36,2238374.55
WTTR,19.5,9,"[0, 1, 1, 1, 1, 1, 1, 1, 1, 1]",19.61,15.35,22.18,8.21,1720057.1
CDNL,36.98,4,"[0, 0, 0, 1, 1, 0, 1, 0, 1, 0]",62.27,36.98,94.31,22.03,843486.3
ACHC,27.56,8,"[0, 1, 1, 1, 1, 1, 1, 1, 1, 0]",30.38,22.71,35.61,11.68,1679856.55
MNR,12.5,7,"[0, 1, 1, 1, 1, 1, 0, 1, 1, 0]",12.65,11.92,13.87,9.65,358886.3
GRDN,37.09,7,"[0, 0, 1, 1, 1, 1, 1, 1, 1, 0]",39.84,35.58,43.83,23.41,368822.65
CEPU,13.62,4,"[0, 0, 0, 0, 0, 1, 1, 1, 1, 0]",14.27,15.31,17.95,7.68,232464.25
PRDO,33.24,6,"[1, 0, 1, 0, 1, 0, 0, 1, 1, 1]",32.87,32.57,37.77,27.01,651135.2
HLIO,73.02,7,"[0, 0, 1, 1, 1, 1, 1, 1, 1, 0]",80.87,70.34,92.74,46.89,305565.4
WOLF,27.4,6,"[0, 0, 0, 1, 1, 1, 1, 0, 1, 1]",32.31,28.66,73.5,14.8,4239683.65
NTB,58.88,8,"[0, 1, 1, 1, 1, 1, 1, 1, 1, 0]",60.31,53.7,63.91,39.94,186947.0
FUN,15.05,2,"[0, 0, 0, 0, 1, 0, 0, 0, 1, 0]",18.18,17.74,26.74,12.83,2335925.3
BLBD,58.15,4,"[0, 0, 0, 1, 1, 1, 0, 0, 1, 0]",71.92,61.47,81.5,46.59,636973.5
KEEL,3.15,4,"[0, 0, 0, 1, 1, 0, 1, 0, 1, 0]",4.26,3.36,6.66,1.25,38665452.35
PENG,49.08,7,"[0, 1, 1, 1, 1, 1, 1, 0, 1, 0]",60.32,36.02,81.39,16.24,1553787.3
AXGN,50.76,10,"[1, 1, 1, 1, 1, 1, 1, 1, 1, 1]",44.85,37.05,51.73,15.4,856891.75
PENN,16.71,7,"[0, 0, 1, 1, 1, 1, 1, 1, 1, 0]",19.99,16.5,22.06,11.76,2502515.95
CMPR,89.11,8,"[0, 1, 1, 1, 1, 1, 1, 1, 1, 0]",95.67,82.7,105.31,57.1,194923.25
FLOC,21.94,8,"[1, 0, 1, 0, 1, 1, 1, 1, 1, 1]",20.95,21.24,27.81,13.94,601635.5
DRH,12.31,8,"[0, 1, 1, 1, 1, 1, 1, 1, 1, 0]",12.49,10.39,13.38,7.28,2372760.7
XIFR,12.0,10,"[1, 1, 1, 1, 1, 1, 1, 1, 1, 1]",11.89,10.74,12.88,8.83,735083.75
ADPT,24.92,10,"[1, 1, 1, 1, 1, 1, 1, 1, 1, 1]",22.99,17.48,26.44,12.41,2072347.85
HTH,38.05,7,"[0, 1, 1, 1, 1, 1, 0, 1, 1, 0]",38.73,36.65,39.79,30.38,212788.45
CTOS,9.21,8,"[0, 1, 1, 1, 1, 1, 1, 1, 1, 0]",10.46,8.15,11.97,5.34,911888.5
DRVN,12.42,2,"[0, 0, 0, 1, 0, 0, 0, 0, 1, 0]",13.86,13.87,19.21,10.3,864686.85
RDW,10.7,6,"[0, 0, 1, 0, 1, 1, 1, 0, 1, 1]",10.88,10.49,25.9,5.06,15989586.7
VVX,77.16,8,"[0, 1, 1, 1, 1, 1, 1, 1, 1, 0]",79.36,70.16,90.81,52.16,505157.3
BCRX,9.7,9,"[0, 1, 1, 1, 1, 1, 1, 1, 1, 1]",9.71,8.51,11.11,6.24,3243491.15
TIC,9.49,6,"[1, 1, 1, 0, 0, 0, 1, 0, 1, 1]",8.34,8.97,14.49,6.54,2317011.3
WERN,39.18,9,"[0, 1, 1, 1, 1, 1, 1, 1, 1, 1]",40.76,34.85,47.29,22.87,872583.35
CENTA,37.21,8,"[0, 1, 1, 1, 1, 1, 1, 1, 1, 0]",38.27,33.8,40.6,26.27,321043.55
QUBT,8.23,2,"[0, 0, 0, 0, 0, 0, 1, 0, 1, 0]",8.65,9.57,24.62,6.31,7955158.2
ECO,66.74,10,"[1, 1, 1, 1, 1, 1, 1, 1, 1, 1]",54.94,43.39,66.86,23.01,627414.55
BHC,6.37,8,"[1, 1, 1, 1, 0, 1, 1, 1, 1, 0]",5.56,5.85,7.9,4.43,3520581.95
NMM,88.33,10,"[1, 1, 1, 1, 1, 1, 1, 1, 1, 1]",78.04,67.07,90.86,43.39,146515.45
MBIN,52.64,9,"[1, 1, 1, 1, 1, 1, 1, 1, 1, 0]",51.5,43.89,55.72,30.19,140878.4
FLYW,18.89,10,"[1, 1, 1, 1, 1, 1, 1, 1, 1, 1]",17.73,14.65,19.54,10.64,1910218.3
PBI,17.13,8,"[0, 1, 1, 1, 1, 1, 1, 1, 1, 0]",17.37,13.24,18.4,8.84,1465689.0
WLY,52.39,9,"[1, 1, 1, 1, 1, 1, 1, 1, 1, 0]",50.88,39.29,55.72,28.33,390133.7
CMRE,15.28,6,"[1, 0, 0, 0, 1, 1, 1, 1, 1, 0]",14.94,15.83,17.64,10.71,348440.6
SLDE,23.25,10,"[1, 1, 1, 1, 1, 1, 1, 1, 1, 1]",20.86,18.46,23.64,12.7,766704.35
OCUL,10.49,7,"[1, 1, 1, 1, 0, 0, 1, 0, 1, 1]",9.7,9.96,16.11,6.88,2727815.0
ESTA,69.33,5,"[0, 0, 0, 1, 1, 1, 1, 0, 1, 0]",84.6,73.15,95.65,36.84,510196.3
SRPT,21.03,7,"[1, 1, 1, 0, 0, 0, 1, 1, 1, 1]",17.76,19.09,24.45,14.86,2948737.4
NVCR,17.65,10,"[1, 1, 1, 1, 1, 1, 1, 1, 1, 1]",16.53,14.23,19.99,10.03,1262640.35
DEI,11.56,6,"[0, 1, 1, 1, 1, 0, 1, 0, 1, 0]",11.93,10.91,15.83,8.85,1566272.35
EZPW,32.32,10,"[1, 1, 1, 1, 1, 1, 1, 1, 1, 1]",31.61,27.14,35.59,16.65,1267811.9
PDFS,44.48,6,"[0, 0, 1, 1, 1, 1, 1, 0, 1, 0]",52.08,40.82,70.79,19.2,622821.9
TRVI,16.6,8,"[0, 1, 1, 1, 1, 1, 1, 1, 1, 0]",18.02,13.92,19.5,7.01,1590765.75
DCO,171.42,8,"[0, 1, 1, 1, 1, 1, 1, 1, 1, 0]",182.21,137.64,206.98,86.41,221411.7
WS,34.45,3,"[0, 0, 0, 0, 1, 1, 0, 0, 1, 0]",35.67,36.97,48.27,28.0,219562.65
STOK,31.2,7,"[1, 0, 0, 0, 1, 1, 1, 1, 1, 1]",31.19,31.88,38.35,19.59,882269.25
DHC,7.57,7,"[0, 0, 1, 1, 1, 1, 1, 1, 1, 0]",8.79,7.14,9.64,3.72,1778481.25
TYRA,25.03,4,"[0, 0, 0, 0, 1, 1, 1, 0, 1, 0]",29.4,30.1,39.61,11.82,560589.85
CLBK,11.62,10,"[1, 1, 1, 1, 1, 1, 1, 1, 1, 1]",10.61,8.66,11.82,6.21,4591478.85
MGNI,23.49,10,"[1, 1, 1, 1, 1, 1, 1, 1, 1, 1]",21.1,15.75,25.92,11.2,2880040.5
NGL,18.97,10,"[1, 1, 1, 1, 1, 1, 1, 1, 1, 1]",16.3,13.46,18.97,5.46,269533.15
NTST,20.36,7,"[0, 1, 1, 1, 1, 1, 0, 1, 1, 0]",21.11,19.5,22.26,16.77,1892249.95
ANAB,57.03,9,"[0, 1, 1, 1, 1, 1, 1, 1, 1, 1]",58.42,45.76,69.81,12.93,361523.4
PSNY,12.59,2,"[0, 0, 0, 0, 1, 0, 0, 0, 1, 0]",15.53,17.73,39.9,12.01,139105.6
NEXT,7.54,9,"[1, 1, 1, 1, 1, 1, 1, 0, 1, 1]",7.25,6.72,10.69,4.8,2422597.75
BBAI,3.13,2,"[0, 0, 0, 0, 0, 0, 0, 0, 1, 1]",3.17,4.36,8.91,2.59,20086733.0
ATEN,25.39,6,"[0, 0, 1, 1, 1, 1, 1, 0, 1, 0]",31.67,24.57,38.03,16.43,1415279.85
GTY,32.42,7,"[0, 0, 1, 1, 1, 1, 1, 1, 1, 0]",33.92,31.3,36.61,24.43,493139.05
OMCL,35.16,2,"[0, 0, 0, 0, 0, 1, 0, 0, 1, 0]",39.64,40.72,51.39,29.46,681471.1
SION,6.03,2,"[0, 0, 0, 0, 0, 0, 1, 0, 1, 0]",32.49,37.74,51.04,4.5,4639322.75
SOC,4.83,4,"[0, 0, 0, 0, 1, 0, 1, 0, 1, 1]",4.87,9.5,24.59,3.08,9486517.1
BW,7.54,4,"[0, 0, 0, 0, 1, 1, 1, 0, 1, 0]",10.44,11.56,21.85,2.01,5630265.2
BSTZ,31.32,10,"[1, 1, 1, 1, 1, 1, 1, 1, 1, 1]",29.4,24.84,31.71,19.48,152343.55
NEOG,11.56,9,"[1, 1, 1, 1, 1, 1, 1, 1, 1, 0]",10.51,9.26,12.15,5.27,1712211.65
UTI,21.13,3,"[0, 0, 0, 1, 1, 0, 0, 0, 1, 0]",35.85,33.48,51.2,21.13,2082382.7
INBX,126.7,10,"[1, 1, 1, 1, 1, 1, 1, 1, 1, 1]",94.86,88.02,141.84,26.53,284227.85
AUPH,16.11,9,"[1, 1, 1, 1, 0, 1, 1, 1, 1, 1]",15.99,15.48,18.62,11.05,1127704.85
TSHA,5.69,8,"[0, 1, 1, 1, 1, 1, 1, 1, 1, 0]",6.14,5.41,6.98,2.83,2622342.7
GNL,9.18,8,"[1, 1, 1, 0, 1, 1, 0, 1, 1, 1]",8.95,8.82,9.56,7.09,2743600.25
MBX,61.6,8,"[0, 1, 1, 1, 1, 1, 1, 1, 1, 0]",61.88,39.99,70.7,9.74,434719.9
ASTH,38.11,9,"[0, 1, 1, 1, 1, 1, 1, 1, 1, 1]",41.12,31.04,49.81,18.16,448801.2
LAC,3.09,2,"[0, 0, 0, 0, 0, 0, 0, 0, 1, 1]",3.27,4.49,10.05,2.71,9879789.15
IMAX,51.2,10,"[1, 1, 1, 1, 1, 1, 1, 1, 1, 1]",45.78,39.42,54.79,29.21,1149572.35
FIGS,15.34,9,"[1, 1, 1, 0, 1, 1, 1, 1, 1, 1]",11.87,12.41,17.12,6.57,3014397.55
MD,26.23,9,"[1, 1, 1, 1, 1, 1, 1, 1, 1, 0]",26.05,22.9,27.39,15.8,844540.15
NWL,6.25,9,"[1, 1, 1, 1, 1, 1, 1, 1, 1, 0]",5.67,4.35,6.36,2.94,7067762.9
PHVS,34.61,9,"[0, 1, 1, 1, 1, 1, 1, 1, 1, 1]",34.62,29.32,37.31,20.96,669760.7
PUMP,11.36,5,"[0, 0, 0, 0, 1, 1, 1, 0, 1, 1]",12.27,12.69,18.2,4.52,2804521.05
RAMP,37.72,8,"[0, 1, 1, 1, 1, 1, 1, 1, 1, 0]",37.72,31.32,38.01,22.42,961976.15
LAR,6.79,5,"[0, 0, 0, 0, 1, 1, 1, 0, 1, 1]",6.88,7.37,11.79,3.02,2186437.15
PRKS,40.01,6,"[0, 1, 1, 1, 1, 0, 1, 0, 1, 0]",45.46,38.35,55.21,29.73,559723.95
SNDX,19.29,6,"[0, 0, 0, 0, 1, 1, 1, 1, 1, 1]",20.88,20.9,25.15,13.11,1314096.95
JBLU,4.6,4,"[0, 0, 0, 1, 1, 1, 0, 0, 1, 0]",5.56,5.1,6.46,4.03,22904943.25
ARCO,7.92,4,"[0, 0, 0, 0, 1, 1, 0, 1, 1, 0]",8.15,8.06,9.42,6.47,1106806.35
NEXA,13.61,10,"[1, 1, 1, 1, 1, 1, 1, 1, 1, 1]",13.48,11.94,16.55,4.75,810387.15
AGRO,11.38,8,"[1, 1, 1, 0, 1, 1, 1, 0, 1, 1]",10.01,10.38,15.18,7.07,929550.0
HTZ,2.27,4,"[1, 0, 0, 0, 0, 0, 1, 0, 1, 1]",2.19,4.49,7.81,1.51,54750176.1
SPB,86.31,8,"[0, 1, 1, 1, 1, 1, 1, 1, 1, 0]",86.94,74.81,90.49,49.07,402616.4
BLX,53.92,8,"[0, 1, 1, 1, 1, 1, 1, 1, 1, 0]",57.38,50.78,62.03,40.7,163130.85
MESO,16.76,9,"[1, 1, 1, 1, 0, 1, 1, 1, 1, 1]",15.78,16.08,20.96,12.88,201910.8
OCS,12.25,3,"[0, 0, 0, 0, 1, 0, 0, 0, 1, 1]",12.52,21.18,32.65,10.71,217957.15
ANIP,73.25,2,"[0, 0, 0, 1, 0, 0, 0, 0, 1, 0]",79.42,79.57,98.81,70.49,418207.45
PGNY,25.59,7,"[0, 1, 1, 1, 0, 1, 1, 1, 1, 0]",28.99,24.1,32.36,16.3,1180401.65
INVX,30.67,10,"[1, 1, 1, 1, 1, 1, 1, 1, 1, 1]",27.37,25.83,31.63,16.3,868192.0
CASH,81.46,4,"[0, 0, 0, 0, 1, 1, 0, 1, 1, 0]",87.04,84.32,99.87,66.35,183666.2
RAPP,48.67,10,"[1, 1, 1, 1, 1, 1, 1, 1, 1, 1]",43.59,34.35,52.5,14.36,284486.1
SNDA,37.5,8,"[0, 1, 1, 1, 1, 1, 1, 1, 1, 0]",40.0,35.37,43.07,25.32,481500.6
TPB,80.97,2,"[0, 0, 0, 0, 0, 0, 0, 0, 1, 1]",83.29,95.03,142.7,70.52,297449.5
VET,12.83,9,"[1, 1, 1, 0, 1, 1, 1, 1, 1, 1]",10.74,10.65,14.29,7.09,1225971.45
BORR,4.48,6,"[1, 0, 0, 0, 1, 1, 1, 0, 1, 1]",4.26,4.78,6.61,2.44,6025529.2
ECPG,97.01,10,"[1, 1, 1, 1, 1, 1, 1, 1, 1, 1]",94.18,73.35,103.74,40.53,358256.3
SONO,15.6,6,"[1, 1, 1, 1, 0, 0, 0, 1, 1, 0]",15.01,15.46,19.16,12.7,1361156.3
WBTN,10.54,3,"[1, 0, 0, 0, 0, 0, 0, 0, 1, 1]",10.01,11.46,21.31,8.25,478821.5
ADNT,18.97,2,"[0, 0, 0, 0, 1, 0, 0, 0, 1, 0]",19.76,20.93,27.09,17.8,1028737.5
UFPT,297.95,10,"[1, 1, 1, 1, 1, 1, 1, 1, 1, 1]",275.74,236.17,334.84,185.28,169455.05
CLVT,2.05,2,"[0, 0, 0, 0, 0, 0, 0, 0, 1, 1]",2.1,2.59,4.48,1.68,4257543.75
AIN,55.43,5,"[0, 0, 0, 1, 1, 1, 1, 0, 1, 0]",68.81,59.08,76.29,40.8,352849.0
CTS,56.47,7,"[0, 0, 1, 1, 1, 1, 1, 1, 1, 0]",61.73,54.32,68.27,36.39,157316.2
VOYG,33.63,9,"[1, 1, 1, 1, 1, 1, 1, 0, 1, 1]",32.85,30.61,51.77,17.99,1689514.5
ZYME,29.41,9,"[1, 1, 1, 1, 0, 1, 1, 1, 1, 1]",25.01,24.78,29.41,14.01,713623.05
CAPR,9.91,5,"[0, 0, 0, 0, 1, 1, 1, 0, 1, 1]",14.19,23.29,35.34,3.85,11564221.8
PSIX,36.31,4,"[1, 0, 0, 0, 0, 0, 1, 0, 1, 1]",35.15,56.42,115.78,25.44,462773.75
LOB,39.39,8,"[0, 1, 1, 1, 1, 1, 1, 1, 1, 0]",41.69,37.46,43.76,29.34,202132.4
XPRO,18.12,9,"[1, 1, 1, 0, 1, 1, 1, 1, 1, 1]",16.24,15.9,18.96,11.87,821631.3
PVLA,152.59,10,"[1, 1, 1, 1, 1, 1, 1, 1, 1, 1]",146.13,117.43,157.77,52.71,192373.85
FLNG,31.66,10,"[1, 1, 1, 1, 1, 1, 1, 1, 1, 1]",30.62,28.22,32.48,22.45,380660.75
SFL,12.45,10,"[1, 1, 1, 1, 1, 1, 1, 1, 1, 1]",11.65,10.18,12.65,6.59,1223881.75
CYD,38.34,3,"[0, 0, 0, 0, 1, 1, 0, 0, 1, 0]",44.79,43.34,58.55,31.69,124942.8
TILE,37.92,10,"[1, 1, 1, 1, 1, 1, 1, 1, 1, 1]",35.45,30.48,39.32,24.4,496031.05
PCT,6.53,1,"[0, 0, 0, 0, 0, 0, 0, 0, 1, 0]",6.97,8.27,15.13,5.06,4068886.7
LPG,50.04,10,"[1, 1, 1, 1, 1, 1, 1, 1, 1, 1]",43.21,34.38,51.32,22.34,542571.75
TE,4.45,4,"[0, 0, 0, 0, 1, 1, 1, 0, 1, 0]",6.07,6.49,12.04,1.75,29449133.85
WLTH,9.21,2,"[0, 0, 0, 0, 1, 0, 0, 0, 1, 0]",9.21,9.21,13.95,7.2,1051585.0
VRDN,23.16,5,"[1, 1, 0, 0, 0, 0, 1, 0, 1, 1]",20.64,23.9,33.78,13.3,1636885.7
NRIX,25.78,10,"[1, 1, 1, 1, 1, 1, 1, 1, 1, 1]",24.4,18.64,27.79,8.24,1061897.45
QURE,48.68,8,"[1, 1, 1, 1, 1, 0, 1, 0, 1, 1]",44.57,28.04,70.59,9.03,1092981.9
DV,13.4,9,"[1, 1, 1, 1, 0, 1, 1, 1, 1, 1]",11.93,10.77,15.97,8.61,5398975.55
FIVN,34.56,10,"[1, 1, 1, 1, 1, 1, 1, 1, 1, 1]",27.4,20.99,34.57,13.61,2359685.65
INVA,20.77,4,"[0, 0, 0, 0, 1, 1, 0, 1, 1, 0]",21.62,21.8,24.24,16.67,666195.1
OPRA,19.23,8,"[0, 1, 1, 1, 1, 1, 1, 1, 1, 0]",19.28,15.91,20.51,11.56,381539.5
ARDX,3.78,1,"[0, 0, 0, 0, 0, 0, 0, 0, 1, 0]",4.81,5.9,7.99,3.74,5341442.6
POET,7.46,5,"[0, 0, 0, 0, 1, 1, 1, 0, 1, 1]",8.46,8.08,20.57,4.17,11371152.1
NUVB,6.66,8,"[1, 1, 1, 1, 0, 1, 1, 0, 1, 1]",6.29,5.92,9.54,2.95,5519004.9
PEB,18.12,8,"[0, 1, 1, 1, 1, 1, 1, 1, 1, 0]",18.66,14.41,19.75,10.18,1899435.05
NTLA,12.73,5,"[0, 0, 1, 0, 1, 0, 1, 0, 1, 1]",13.15,12.47,27.98,8.04,3458782.55
NVAX,9.37,9,"[1, 1, 1, 0, 1, 1, 1, 1, 1, 1]",8.47,8.49,11.19,6.22,4727530.45
ARLO,13.15,2,"[0, 0, 0, 1, 0, 0, 0, 0, 1, 0]",13.58,13.6,19.44,11.23,1358754.25
PRLB,80.06,8,"[0, 1, 1, 1, 1, 1, 1, 1, 1, 0]",80.53,65.46,92.32,46.81,190767.85
DCOM,40.4,9,"[1, 1, 1, 1, 1, 1, 1, 1, 1, 0]",40.27,34.9,41.74,25.24,288614.2
GLUE,13.94,5,"[0, 0, 0, 1, 1, 1, 1, 0, 1, 0]",19.51,18.52,25.31,4.8,1130314.85
AMLX,33.75,10,"[1, 1, 1, 1, 1, 1, 1, 1, 1, 1]",22.84,16.44,39.66,9.84,3945428.35
CLOV,4.15,8,"[0, 1, 1, 1, 1, 1, 1, 1, 1, 0]",4.58,3.1,5.41,1.7,4360700.5
REX,41.08,7,"[0, 0, 1, 1, 1, 1, 1, 1, 1, 0]",44.38,40.59,51.16,30.08,159789.8
STBA,49.48,8,"[0, 1, 1, 1, 1, 1, 1, 1, 1, 0]",49.99,43.78,52.97,33.52,221318.35
KOS,2.86,9,"[1, 1, 1, 0, 1, 1, 1, 1, 1, 1]",2.46,2.16,3.27,0.87,12052311.5
KSS,17.82,6,"[0, 1, 1, 1, 0, 1, 1, 0, 1, 0]",18.23,17.04,24.15,11.63,4501308.3
IOVA,8.17,10,"[1, 1, 1, 1, 1, 1, 1, 1, 1, 1]",5.55,3.81,8.99,1.81,19557994.5
PAHC,37.74,5,"[1, 0, 0, 0, 1, 0, 1, 0, 1, 1]",34.24,41.81,59.33,28.4,208388.75
OUST,34.44,7,"[0, 1, 1, 1, 1, 1, 1, 0, 1, 0]",41.95,29.74,62.52,16.63,2760143.1
STGW,8.68,9,"[1, 1, 1, 1, 1, 1, 1, 1, 1, 0]",8.09,6.44,9.35,4.4,1363069.4
BAND,48.43,8,"[0, 1, 1, 1, 1, 1, 1, 0, 1, 1]",56.24,32.99,78.44,12.82,807382.2
NVRI,22.28,9,"[1, 1, 1, 1, 1, 1, 1, 1, 1, 0]",22.03,19.48,23.86,10.95,388698.1
ABCL,11.48,10,"[1, 1, 1, 1, 1, 1, 1, 1, 1, 1]",7.98,4.98,12.5,2.78,10527044.45
HOPE,13.79,9,"[1, 1, 1, 1, 1, 1, 1, 1, 1, 0]",13.72,12.02,14.5,9.53,919065.6
AMRC,22.12,1,"[0, 0, 0, 0, 0, 0, 0, 0, 1, 0]",24.52,28.65,43.23,18.51,840031.15
TFIN,71.25,8,"[0, 1, 1, 1, 1, 1, 1, 1, 1, 0]",76.48,66.6,81.08,46.95,159269.9
HCSG,21.99,8,"[0, 1, 1, 1, 1, 1, 1, 1, 1, 0]",23.25,20.73,25.31,15.18,706496.4
DCH,6.26,5,"[1, 1, 0, 0, 0, 1, 0, 0, 1, 1]",5.86,6.36,9.0,5.09,2910120.05
XHR,18.75,8,"[0, 1, 1, 1, 1, 1, 1, 1, 1, 0]",20.11,16.5,21.82,11.98,652709.5
WLFC,54.13,2,"[0, 0, 0, 0, 1, 0, 0, 0, 1, 0]",120.79,159.8,239.35,53.42,244111.0
GBX,45.07,4,"[0, 0, 0, 0, 1, 1, 0, 1, 1, 0]",48.01,48.79,58.06,40.16,319823.95
LILAK,8.55,10,"[1, 1, 1, 1, 1, 1, 1, 1, 1, 1]",7.8,6.05,8.57,4.7,1426318.4
LILA,8.61,10,"[1, 1, 1, 1, 1, 1, 1, 1, 1, 1]",7.87,6.01,8.7,4.65,491655.75
ZD,55.15,10,"[1, 1, 1, 1, 1, 1, 1, 1, 1, 1]",53.08,42.56,56.08,26.51,608002.85
ECVT,10.17,3,"[0, 0, 0, 0, 1, 1, 0, 0, 1, 0]",11.54,11.64,14.97,7.84,1375052.9
VIR,10.94,10,"[1, 1, 1, 1, 1, 1, 1, 1, 1, 1]",9.61,8.47,11.31,4.79,1738823.65
AHCO,5.59,2,"[0, 0, 0, 0, 1, 0, 0, 0, 1, 0]",8.61,10.04,13.38,5.22,4749248.35
ALGT,76.05,5,"[0, 0, 0, 1, 1, 1, 1, 0, 1, 0]",98.13,88.79,119.16,58.03,554362.15
TRS,38.78,7,"[0, 1, 1, 1, 1, 1, 0, 1, 1, 0]",40.64,37.57,44.99,30.99,419322.15
CRML,7.21,3,"[0, 0, 0, 0, 0, 0, 1, 0, 1, 1]",7.41,9.74,29.97,5.13,8019668.65
TH,18.52,10,"[1, 1, 1, 1, 1, 1, 1, 1, 1, 1]",17.42,12.57,20.52,6.22,1326159.85
UAMY,4.87,2,"[0, 0, 0, 0, 1, 0, 0, 0, 1, 0]",5.98,7.72,17.47,4.31,7663981.8
IMTX,9.53,5,"[1, 0, 0, 0, 0, 0, 1, 1, 1, 1]",9.44,10.03,11.87,5.34,578517.5
GSL,44.55,10,"[1, 1, 1, 1, 1, 1, 1, 1, 1, 1]",41.18,37.47,45.3,25.7,388971.35
YELP,22.35,2,"[0, 0, 0, 1, 0, 0, 0, 0, 1, 0]",24.93,25.91,33.83,19.78,1107010.65
CNOB,31.44,8,"[0, 1, 1, 1, 1, 1, 1, 1, 1, 0]",32.6,28.62,33.91,22.68,326175.75
RES,6.53,9,"[1, 1, 1, 0, 1, 1, 1, 1, 1, 1]",5.91,6.2,7.9,4.12,1310724.25
BY,37.92,8,"[0, 1, 1, 1, 1, 1, 1, 1, 1, 0]",38.07,32.96,39.75,25.35,213553.7
NVGS,22.11,10,"[1, 1, 1, 1, 1, 1, 1, 1, 1, 1]",21.02,19.92,24.14,14.2,394872.75
PGEN,6.93,10,"[1, 1, 1, 1, 1, 1, 1, 1, 1, 1]",6.08,4.59,7.44,3.1,6247905.0
BHVN,15.27,9,"[1, 1, 1, 1, 1, 0, 1, 1, 1, 1]",14.81,11.56,18.11,7.79,2965274.7
TNC,69.6,4,"[0, 0, 0, 1, 1, 0, 0, 1, 1, 0]",80.6,77.12,91.15,60.69,273779.95
HLF,10.99,4,"[0, 0, 0, 0, 1, 1, 1, 0, 1, 0]",12.38,14.02,19.96,7.75,1779291.75
SHLS,6.92,3,"[0, 0, 0, 1, 1, 0, 0, 0, 1, 0]",9.07,8.66,12.77,5.71,5354468.9
ATAI,7.34,10,"[1, 1, 1, 1, 1, 1, 1, 1, 1, 1]",6.48,4.6,7.44,3.35,6258356.5
BCAX,23.12,8,"[0, 1, 1, 1, 1, 1, 1, 1, 1, 0]",26.6,20.84,30.4,10.44,654858.2
GCT,48.53,10,"[1, 1, 1, 1, 1, 1, 1, 1, 1, 1]",42.09,40.36,53.25,25.44,681478.55
AIP,21.88,5,"[0, 0, 0, 1, 1, 1, 1, 0, 1, 0]",31.68,23.75,48.59,8.59,720062.55
GHRS,26.98,8,"[0, 1, 1, 1, 1, 1, 1, 1, 1, 0]",27.85,19.56,30.64,11.94,307399.0
SBET,8.63,6,"[1, 1, 1, 0, 0, 0, 1, 0, 1, 1]",6.23,7.56,19.24,4.56,8637824.2
GILT,9.9,2,"[0, 0, 0, 0, 1, 0, 0, 0, 1, 0]",11.43,14.62,20.85,9.35,608726.05
AVAH,13.42,9,"[1, 1, 1, 1, 0, 1, 1, 1, 1, 1]",10.27,8.32,13.82,6.22,3783780.6
CBL,54.69,8,"[0, 1, 1, 1, 1, 1, 1, 1, 1, 0]",55.19,42.97,60.05,26.93,206686.45
BKSY,23.1,4,"[0, 0, 0, 0, 1, 1, 1, 0, 1, 0]",25.73,26.97,51.63,13.14,932816.4
FTRE,18.37,8,"[1, 1, 1, 1, 0, 1, 1, 1, 1, 0]",18.18,14.46,20.7,8.4,1270663.4
NSSC,36.24,2,"[0, 0, 0, 0, 0, 0, 0, 1, 1, 0]",37.41,39.95,46.87,34.82,468473.4
DMRA,28.18,8,"[0, 1, 1, 1, 1, 1, 1, 1, 1, 0]",29.18,25.99,34.14,2.58,338951.15
PRG,38.13,8,"[0, 1, 1, 1, 1, 1, 1, 1, 1, 0]",42.94,34.64,47.37,25.86,503714.5
OBK,53.13,9,"[1, 1, 1, 1, 1, 1, 1, 1, 1, 0]",52.56,44.62,54.96,31.84,184677.6
MUX,20.16,6,"[1, 0, 0, 0, 1, 1, 1, 0, 1, 1]",18.5,21.07,29.05,13.37,1162350.3
PRCT,21.2,3,"[1, 0, 0, 0, 0, 0, 0, 0, 1, 1]",20.32,26.17,40.68,16.69,1462051.8
NBR,93.64,9,"[1, 1, 1, 0, 1, 1, 1, 1, 1, 1]",85.04,78.07,110.63,35.33,232267.8
MAZE,26.57,2,"[0, 0, 0, 0, 0, 0, 1, 0, 1, 0]",28.64,34.34,51.83,14.97,377638.5
ENVX,3.38,1,"[0, 0, 0, 0, 0, 0, 0, 0, 1, 0]",4.6,6.25,13.19,3.13,8778602.15
TBLA,3.73,3,"[0, 0, 0, 1, 0, 1, 0, 0, 1, 0]",4.64,4.14,5.58,2.95,3203461.15
URGN,43.09,10,"[1, 1, 1, 1, 1, 1, 1, 1, 1, 1]",41.91,27.87,50.29,16.42,1009729.65
NNE,18.29,2,"[0, 0, 0, 0, 0, 0, 0, 0, 1, 1]",18.71,25.31,56.63,14.88,1770077.25
HROW,36.91,3,"[0, 0, 0, 1, 0, 1, 0, 0, 1, 0]",41.17,41.31,54.8,29.03,569054.7
HLX,10.3,10,"[1, 1, 1, 1, 1, 1, 1, 1, 1, 1]",9.53,8.79,10.55,6.09,1436031.4
LINC,25.16,5,"[0, 0, 0, 1, 1, 1, 1, 0, 1, 0]",40.4,35.8,55.68,17.8,1285938.2
RYZ,25.06,5,"[0, 0, 0, 1, 1, 1, 0, 1, 1, 0]",27.28,25.88,31.03,19.57,531740.85
HLIT,11.98,8,"[0, 1, 1, 1, 1, 1, 1, 0, 1, 1]",12.86,11.34,17.11,8.85,1737050.45
TROX,5.29,4,"[0, 0, 0, 0, 1, 1, 1, 0, 1, 0]",6.06,6.62,10.34,2.82,2691559.05
VIA,27.93,7,"[1, 1, 1, 1, 0, 0, 1, 0, 1, 1]",21.18,21.46,53.93,13.31,711349.05
LIND,26.56,8,"[0, 1, 1, 1, 1, 1, 1, 1, 1, 0]",29.44,20.56,34.48,11.45,748149.85
IPX,21.87,2,"[0, 0, 0, 0, 0, 0, 0, 0, 1, 1]",24.13,34.29,60.11,20.25,260893.6
WVE,4.9,1,"[0, 0, 0, 0, 0, 0, 0, 0, 1, 0]",5.72,9.35,21.31,4.9,3353317.35
PLTK,2.27,2,"[0, 0, 0, 1, 0, 0, 0, 0, 1, 0]",3.38,3.46,4.26,2.23,1958499.9
AVBP,30.05,9,"[0, 1, 1, 1, 1, 1, 1, 1, 1, 1]",31.52,26.51,34.74,17.17,414628.45
RLJ,11.04,8,"[0, 1, 1, 1, 1, 1, 1, 1, 1, 0]",11.63,8.88,12.48,6.26,1878353.9
LOMA,10.05,4,"[0, 0, 0, 0, 0, 1, 1, 1, 1, 0]",10.87,11.32,13.12,7.13,460695.15
TV,2.75,3,"[0, 0, 0, 0, 0, 1, 0, 1, 1, 0]",2.77,2.91,3.44,2.37,789653.9
SBH,16.38,9,"[1, 1, 1, 1, 0, 1, 1, 1, 1, 1]",15.36,14.76,17.0,11.82,1313110.3
CSIQ,12.33,1,"[0, 0, 0, 0, 0, 0, 0, 0, 1, 0]",14.91,18.23,33.58,9.71,1862909.6
RXT,3.13,6,"[0, 0, 1, 1, 1, 1, 1, 0, 1, 0]",4.69,2.7,7.53,0.41,7431729.95
GIII,32.59,8,"[0, 1, 1, 1, 1, 1, 1, 1, 1, 0]",34.54,31.07,36.81,24.81,428420.9
BTGO,7.12,5,"[1, 0, 0, 0, 1, 0, 1, 0, 1, 1]",5.45,7.12,18.49,4.69,1800680.35
TTI,6.9,4,"[0, 0, 0, 0, 1, 1, 1, 0, 1, 0]",8.66,9.32,12.32,4.69,1776545.95
KDK,3.78,1,"[0, 0, 0, 0, 0, 0, 0, 0, 1, 0]",4.51,7.25,10.92,3.78,1019787.75
STAA,22.59,4,"[0, 0, 0, 1, 1, 0, 1, 0, 1, 0]",25.55,24.09,33.34,16.1,914777.2
TWO,12.18,10,"[1, 1, 1, 1, 1, 1, 1, 1, 1, 1]",12.05,10.93,13.3,8.4,4412465.0
ARRY,4.42,1,"[0, 0, 0, 0, 0, 0, 0, 0, 1, 0]",5.84,7.9,11.96,4.42,7143166.25
BAK,1.7,2,"[0, 0, 0, 0, 1, 0, 0, 0, 1, 0]",2.29,3.3,5.02,1.48,2840056.4
TDOC,6.34,3,"[0, 0, 0, 1, 0, 0, 1, 0, 1, 0]",7.88,6.7,9.72,4.47,3950024.45
WLDN,87.95,5,"[1, 1, 0, 0, 0, 0, 1, 0, 1, 1]",78.48,92.88,134.94,66.91,265801.25
CRVS,14.04,6,"[0, 0, 1, 0, 1, 1, 1, 0, 1, 1]",14.29,13.68,25.52,5.62,753649.05
CRI,32.39,4,"[0, 0, 0, 1, 1, 1, 0, 0, 1, 0]",38.7,36.13,43.75,26.85,1107330.2
PLSE,50.33,10,"[1, 1, 1, 1, 1, 1, 1, 1, 1, 1]",35.8,23.3,50.42,12.66,421188.15
OLMA,10.43,3,"[0, 0, 0, 0, 0, 1, 1, 0, 1, 0]",11.4,17.69,35.83,6.29,995547.35
TEN,42.4,10,"[1, 1, 1, 1, 1, 1, 1, 1, 1, 1]",39.14,33.58,43.34,20.51,219113.25
WBI,31.8,8,"[0, 1, 1, 1, 1, 1, 1, 1, 1, 0]",32.72,27.02,36.15,18.66,527783.25
ATLC,90.47,8,"[0, 1, 1, 1, 1, 1, 1, 1, 1, 0]",99.86,73.92,111.79,47.96,145918.75
JBIO,21.36,9,"[0, 1, 1, 1, 1, 1, 1, 1, 1, 1]",21.42,17.82,26.85,6.95,788596.8
GPRE,14.45,7,"[0, 0, 1, 1, 1, 1, 1, 1, 1, 0]",16.01,14.22,19.23,8.79,1495200.3
RCAT,8.59,4,"[0, 0, 0, 0, 1, 0, 1, 0, 1, 1]",9.07,10.97,17.36,6.14,9212288.75
MRTN,14.42,7,"[0, 0, 1, 1, 1, 1, 1, 1, 1, 0]",16.02,14.02,18.22,9.28,548801.1
DSGR,34.79,10,"[1, 1, 1, 1, 1, 1, 1, 1, 1, 1]",32.21,28.81,34.96,19.31,201776.35
EVLV,5.21,1,"[0, 0, 0, 0, 0, 0, 0, 0, 1, 0]",5.67,6.07,8.76,4.9,1957643.0
NPKI,13.28,5,"[0, 0, 0, 0, 1, 1, 0, 1, 1, 1]",14.06,13.97,16.35,10.31,760396.4
ABTC,8.07,4,"[1, 0, 0, 0, 0, 0, 1, 0, 1, 1]",7.38,19.5,139.65,5.19,1666270.0
DQ,12.89,1,"[0, 0, 0, 0, 0, 0, 0, 0, 1, 0]",13.08,21.28,35.69,11.63,1139960.0
AMAL,48.07,9,"[1, 1, 1, 1, 1, 1, 1, 1, 1, 0]",48.04,40.04,51.08,24.83,153187.4
VTOL,45.39,7,"[1, 1, 1, 0, 1, 1, 0, 1, 1, 0]",44.37,42.98,49.73,35.4,247609.1
PGY,21.74,6,"[1, 1, 1, 1, 0, 0, 1, 0, 1, 0]",18.97,17.34,43.81,10.64,2410434.8
NAT,6.83,10,"[1, 1, 1, 1, 1, 1, 1, 1, 1, 1]",6.37,5.0,7.02,2.86,3075864.5
PNTG,36.76,8,"[0, 1, 1, 1, 1, 1, 1, 1, 1, 0]",38.98,32.85,42.02,23.64,278929.55
MRVI,7.64,10,"[1, 1, 1, 1, 1, 1, 1, 1, 1, 1]",6.65,4.42,9.0,2.36,4617058.05
NSP,53.35,8,"[1, 1, 1, 1, 0, 1, 1, 1, 1, 0]",48.63,36.07,54.03,19.54,360685.15
MLTX,15.05,5,"[0, 0, 0, 1, 1, 1, 1, 0, 1, 0]",18.28,16.86,61.99,6.24,1359049.3
BLDP,2.31,2,"[0, 0, 0, 0, 1, 0, 0, 0, 1, 0]",2.91,3.05,6.38,1.85,3090869.4
UFCS,53.87,10,"[1, 1, 1, 1, 1, 1, 1, 1, 1, 1]",52.42,42.41,54.93,29.76,135473.25
REAL,10.24,3,"[0, 0, 0, 1, 0, 0, 1, 0, 1, 0]",11.56,12.1,16.9,7.65,3636608.2
JKS,12.58,1,"[0, 0, 0, 0, 0, 0, 0, 0, 1, 0]",15.87,21.26,28.22,12.58,707283.7
AORT,26.99,3,"[1, 0, 0, 0, 0, 0, 1, 0, 1, 0]",25.67,34.12,47.63,20.1,751278.25
KMTS,25.75,9,"[1, 1, 1, 1, 0, 1, 1, 1, 1, 1]",25.21,23.59,28.35,16.12,286784.8
ASTE,42.55,2,"[0, 0, 0, 0, 1, 0, 0, 0, 1, 0]",51.2,51.5,64.66,40.33,293550.45
COLL,24.61,1,"[0, 0, 0, 0, 0, 0, 0, 0, 1, 0]",32.71,38.5,49.84,24.61,896351.35
TK,13.16,10,"[1, 1, 1, 1, 1, 1, 1, 1, 1, 1]",11.57,10.81,13.36,7.31,543839.8
VSTS,12.51,8,"[0, 1, 1, 1, 1, 1, 1, 1, 1, 0]",14.19,9.85,16.5,4.06,1404109.5
DLX,23.1,4,"[0, 0, 0, 0, 1, 1, 1, 0, 1, 0]",24.48,24.44,31.11,17.03,455737.05
CCO,2.37,7,"[0, 0, 1, 1, 1, 1, 1, 1, 1, 0]",2.4,2.29,2.43,1.26,10003841.25
ULCC,5.7,7,"[0, 1, 1, 1, 1, 1, 1, 0, 1, 0]",6.76,5.22,8.06,3.1,2687775.55
ITRN,50.96,7,"[0, 0, 1, 1, 1, 1, 1, 1, 1, 0]",55.43,50.45,65.85,30.77,137258.9
ELE,21.52,9,"[1, 1, 1, 0, 1, 1, 1, 1, 1, 1]",17.78,18.06,24.16,12.54,291469.6
ADTN,7.75,2,"[0, 0, 0, 0, 1, 0, 0, 0, 1, 0]",10.34,11.42,19.4,7.25,2054680.1
ACDC,5.1,6,"[1, 0, 0, 0, 1, 1, 1, 0, 1, 1]",4.9,5.4,8.06,3.19,2007996.2
XPEL,49.26,9,"[1, 1, 1, 1, 0, 1, 1, 1, 1, 1]",47.19,46.93,54.95,32.17,227077.65
PRCH,16.99,10,"[1, 1, 1, 1, 1, 1, 1, 1, 1, 1]",14.93,10.36,19.04,6.4,1179871.0
CMP,24.86,5,"[0, 0, 0, 1, 1, 1, 1, 0, 1, 0]",28.21,25.15,33.51,16.54,543803.95
NEO,17.91,9,"[1, 1, 1, 1, 0, 1, 1, 1, 1, 1]",15.21,11.52,18.64,7.19,1796694.75
MPLT,12.97,4,"[0, 0, 0, 0, 1, 0, 1, 0, 1, 1]",23.49,21.98,39.8,9.9,588788.9
GOOS,8.24,1,"[0, 0, 0, 0, 0, 0, 0, 0, 1, 0]",9.08,11.11,15.1,8.1,837513.35
PRSU,48.0,8,"[0, 1, 1, 1, 1, 1, 1, 1, 1, 0]",51.17,41.33,55.97,32.28,213305.85
VYX,8.38,6,"[1, 1, 1, 1, 0, 0, 1, 0, 1, 0]",8.15,8.38,13.31,6.15,2481946.45
GOLD,44.97,7,"[1, 0, 1, 0, 1, 1, 1, 0, 1, 1]",42.32,42.29,63.6,23.18,435401.0
HQH,22.72,10,"[1, 1, 1, 1, 1, 1, 1, 1, 1, 1]",21.7,18.82,23.99,14.54,219132.1
EYPT,4.5,1,"[0, 0, 0, 0, 0, 0, 0, 0, 1, 0]",11.54,13.78,18.85,4.48,6869316.85
EDN,23.61,2,"[0, 0, 0, 0, 0, 0, 1, 0, 1, 0]",24.67,27.46,35.71,15.01,101828.95
AOSL,24.66,5,"[0, 0, 0, 1, 1, 1, 1, 0, 1, 0]",33.92,29.38,53.32,17.47,618695.2
ALNT,94.01,9,"[0, 1, 1, 1, 1, 1, 1, 1, 1, 1]",95.29,72.56,114.24,41.98,265756.8
GNK,26.23,10,"[1, 1, 1, 1, 1, 1, 1, 1, 1, 1]",24.78,21.64,27.32,14.42,591825.55
LQDT,41.68,10,"[1, 1, 1, 1, 1, 1, 1, 1, 1, 1]",40.05,34.08,43.58,22.16,227694.1
XERS,8.44,8,"[1, 1, 1, 1, 0, 0, 1, 1, 1, 1]",8.29,7.02,9.9,5.29,1714428.95
CDNA,50.11,10,"[1, 1, 1, 1, 1, 1, 1, 1, 1, 1]",38.83,24.39,52.36,12.73,1114340.7
ZBIO,32.32,8,"[1, 1, 1, 1, 0, 1, 1, 0, 1, 1]",29.72,26.05,43.17,15.2,720544.05
EVEX,2.25,1,"[0, 0, 0, 0, 0, 0, 0, 0, 1, 0]",2.51,3.21,5.06,2.18,957942.85
AMN,34.28,10,"[1, 1, 1, 1, 1, 1, 1, 1, 1, 1]",33.62,23.85,36.6,15.1,726477.05
BUR,4.15,1,"[0, 0, 0, 0, 0, 0, 0, 0, 1, 0]",4.23,6.47,13.62,3.92,1434328.45
TDAY,6.29,5,"[0, 0, 0, 1, 1, 1, 1, 0, 1, 0]",7.89,6.76,9.03,3.49,3108790.55
ACVA,7.03,5,"[0, 1, 1, 1, 0, 0, 1, 0, 1, 0]",7.4,6.66,11.81,4.15,4859970.9
KODK,8.98,6,"[1, 0, 0, 0, 1, 1, 1, 0, 1, 1]",8.97,9.03,14.51,5.75,964985.5
DBVT,13.82,4,"[0, 0, 0, 0, 1, 0, 1, 0, 1, 1]",14.77,18.14,24.54,8.7,284839.7
IVA,4.68,5,"[1, 0, 0, 0, 1, 0, 1, 0, 1, 1]",4.4,5.06,7.15,3.41,643235.95
ASST,24.22,7,"[1, 1, 1, 1, 0, 0, 1, 0, 1, 1]",13.71,14.66,178.2,7.16,7000477.5
UVE,42.98,9,"[1, 1, 1, 1, 1, 1, 1, 1, 1, 0]",41.95,35.98,45.08,23.98,196424.0
OSBC,25.08,9,"[1, 1, 1, 1, 1, 1, 1, 1, 1, 0]",24.33,21.24,25.91,16.49,388282.7
MNKD,4.01,5,"[0, 1, 0, 1, 0, 0, 1, 0, 1, 1]",4.03,4.18,6.21,2.28,4035417.45
GHM,87.21,5,"[0, 0, 0, 1, 1, 1, 1, 0, 1, 0]",106.19,87.43,123.79,47.39,195029.8
BFLY,7.89,8,"[0, 1, 1, 1, 1, 1, 1, 1, 1, 0]",8.1,5.04,9.7,1.5,5381144.95
NWPX,109.92,7,"[0, 1, 1, 1, 1, 1, 1, 0, 1, 0]",127.5,92.96,149.94,49.43,143527.3
LGIH,55.94,8,"[0, 1, 1, 1, 1, 1, 1, 1, 1, 0]",58.89,50.35,67.01,34.24,288849.3
SATL,4.87,7,"[1, 0, 1, 0, 1, 1, 1, 0, 1, 1]",4.78,4.7,10.74,1.27,5888953.5
IART,16.92,8,"[0, 1, 1, 1, 1, 1, 1, 1, 1, 0]",17.9,13.69,19.85,8.9,587803.4
UVSP,41.52,8,"[0, 1, 1, 1, 1, 1, 1, 1, 1, 0]",43.28,37.0,44.98,27.6,199178.1
PBT,33.77,10,"[1, 1, 1, 1, 1, 1, 1, 1, 1, 1]",29.63,23.27,34.75,16.38,143257.45
SEPN,38.15,10,"[1, 1, 1, 1, 1, 1, 1, 1, 1, 1]",37.38,29.38,48.19,12.34,475149.75
SVRA,5.39,6,"[0, 0, 0, 1, 0, 1, 1, 1, 1, 1]",5.68,5.56,6.94,3.31,1583572.2
SVC,7.8,2,"[0, 0, 0, 0, 0, 0, 1, 0, 1, 0]",8.3,8.81,14.24,5.83,1593949.3
TNDM,22.01,8,"[1, 1, 1, 0, 0, 1, 1, 1, 1, 1]",18.69,19.73,28.26,11.79,2024867.45
PDM,9.57,9,"[1, 1, 1, 1, 1, 1, 1, 1, 1, 0]",9.55,8.42,9.96,6.39,979996.55
ATEX,90.89,8,"[0, 1, 1, 1, 1, 1, 1, 1, 1, 0]",95.57,52.3,108.21,17.99,347251.7
PLOW,41.07,6,"[0, 0, 0, 1, 1, 1, 1, 1, 1, 0]",45.02,41.21,54.2,28.96,271638.75
RERE,4.12,3,"[1, 0, 0, 0, 0, 1, 0, 0, 1, 0]",4.1,4.76,6.2,3.62,1197056.15
APEI,45.65,5,"[0, 0, 0, 0, 1, 1, 1, 1, 1, 0]",50.51,47.88,60.86,30.67,305096.2
CEVA,27.05,5,"[0, 0, 0, 1, 1, 1, 1, 0, 1, 0]",36.66,28.65,50.06,17.21,933876.95
INNV,10.8,8,"[0, 1, 1, 1, 1, 1, 1, 1, 1, 0]",11.13,8.14,12.11,3.65,195908.25
HTLD,12.36,8,"[0, 0, 1, 1, 1, 1, 1, 1, 1, 1]",13.72,11.75,16.2,7.04,760411.1
CFFN,8.61,9,"[1, 1, 1, 1, 1, 1, 1, 1, 1, 0]",8.58,7.46,9.1,5.72,765355.65
OMER,18.79,10,"[1, 1, 1, 1, 1, 1, 1, 1, 1, 1]",12.83,11.91,19.32,4.03,2415678.65
LMRI,11.67,6,"[1, 1, 0, 1, 0, 0, 1, 0, 1, 1]",11.39,11.67,18.53,6.77,514713.6
LXU,10.67,5,"[0, 0, 0, 0, 1, 1, 1, 0, 1, 1]",10.75,11.45,16.88,7.76,805746.35
GDRX,3.49,8,"[1, 1, 1, 1, 0, 1, 1, 0, 1, 1]",3.22,2.68,5.03,1.87,1991701.95
KOPN,4.44,9,"[1, 1, 1, 1, 1, 1, 1, 0, 1, 1]",4.21,3.42,6.39,1.82,4354140.65
DAKT,19.53,3,"[0, 0, 0, 0, 1, 1, 0, 0, 1, 0]",19.97,20.58,27.73,17.04,452837.9
INR,15.44,9,"[1, 1, 1, 0, 1, 1, 1, 1, 1, 1]",13.38,14.84,19.23,11.2,239922.35
EPC,28.72,10,"[1, 1, 1, 1, 1, 1, 1, 1, 1, 1]",27.72,21.57,29.66,15.68,557342.3
INDI,3.71,4,"[0, 0, 0, 1, 0, 0, 1, 0, 1, 1]",3.91,3.81,6.0,2.44,7665973.7
PHAT,9.57,2,"[0, 0, 0, 0, 0, 0, 0, 0, 1, 1]",10.16,12.18,18.08,8.23,1339544.15
CRON,3.37,10,"[1, 1, 1, 1, 1, 1, 1, 1, 1, 1]",2.95,2.72,3.55,2.3,1755643.15
JMIA,6.89,3,"[1, 0, 0, 0, 0, 0, 0, 0, 1, 1]",6.45,8.65,14.6,5.69,2125452.6
XNCR,27.26,9,"[1, 1, 1, 1, 0, 1, 1, 1, 1, 1]",20.05,14.9,29.3,8.31,1346921.9
CMPS,13.51,10,"[1, 1, 1, 1, 1, 1, 1, 1, 1, 1]",13.09,9.01,15.07,4.52,2679772.9
METC,14.24,5,"[1, 1, 0, 0, 0, 0, 1, 0, 1, 1]",11.71,15.31,54.55,8.9,2288465.7
AMBQ,58.31,7,"[0, 1, 1, 1, 1, 1, 1, 0, 1, 0]",71.26,46.97,90.48,22.76,425479.6
NUTX,188.76,9,"[1, 1, 1, 1, 0, 1, 1, 1, 1, 1]",171.47,139.48,197.51,80.92,166644.55
CODI,11.56,10,"[1, 1, 1, 1, 1, 1, 1, 1, 1, 1]",10.76,8.63,12.71,4.65,777355.95
SANA,3.87,7,"[1, 1, 1, 1, 0, 0, 1, 0, 1, 1]",3.57,3.7,5.92,2.68,2505721.05
SCSC,57.09,9,"[1, 1, 1, 1, 1, 1, 1, 1, 1, 0]",53.95,43.86,58.89,34.27,334292.8
NX,19.22,9,"[1, 1, 1, 1, 1, 1, 1, 1, 1, 0]",18.9,17.87,22.34,11.09,285419.05
AVO,12.72,4,"[0, 0, 0, 0, 1, 1, 0, 1, 1, 0]",12.81,12.82,15.34,10.11,677205.9
ANNX,4.94,4,"[0, 0, 0, 0, 1, 1, 1, 0, 1, 0]",5.4,5.35,6.96,2.05,2521543.15
AMTB,28.71,9,"[1, 1, 1, 1, 1, 1, 1, 1, 1, 0]",27.37,22.88,30.49,16.43,330541.4
ABSI,9.04,9,"[0, 1, 1, 1, 1, 1, 1, 1, 1, 1]",9.26,5.16,11.62,2.3,2765122.2
AMC,2.64,7,"[1, 1, 1, 1, 0, 0, 1, 1, 1, 0]",2.34,1.79,3.15,0.95,18947982.5
ORIC,12.99,10,"[1, 1, 1, 1, 1, 1, 1, 1, 1, 1]",11.88,10.65,14.65,7.47,1338695.05
RHLD,135.52,5,"[1, 0, 0, 0, 0, 1, 1, 0, 1, 1]",133.36,157.25,226.37,64.9,180086.9
TBN,37.88,10,"[1, 1, 1, 1, 1, 1, 1, 1, 1, 1]",34.02,31.84,49.99,20.5,101520.35
JBSS,73.69,6,"[0, 0, 0, 1, 1, 1, 1, 1, 1, 0]",81.23,75.44,88.51,56.28,165187.9
MGTX,13.81,10,"[1, 1, 1, 1, 1, 1, 1, 1, 1, 1]",12.98,9.6,14.97,6.99,658350.4
HEPS,2.66,5,"[0, 0, 0, 1, 1, 1, 0, 1, 1, 0]",2.84,2.71,3.29,2.18,175453.75
AGL,87.89,7,"[0, 1, 1, 1, 1, 1, 1, 0, 1, 0]",103.78,50.07,129.84,7.91,359608.15
HAFC,31.0,8,"[0, 1, 1, 1, 1, 1, 1, 1, 1, 0]",31.8,28.6,33.02,22.1,192203.4
SLS,13.34,10,"[1, 1, 1, 1, 1, 1, 1, 1, 1, 1]",12.44,6.56,15.46,1.39,7056906.2
BJRI,63.59,8,"[0, 1, 1, 1, 1, 1, 1, 1, 1, 0]",64.46,46.41,74.26,28.69,451620.25
CGEM,22.07,10,"[1, 1, 1, 1, 1, 1, 1, 1, 1, 1]",18.78,14.35,22.95,5.75,703231.55
VPG,61.81,5,"[0, 0, 0, 1, 1, 1, 1, 0, 1, 0]",95.7,67.77,149.91,27.98,695120.65
SHEN,12.37,3,"[0, 0, 0, 0, 1, 1, 0, 0, 1, 0]",12.83,13.44,17.1,9.9,391573.05
ROOT,55.49,3,"[0, 1, 0, 1, 0, 0, 0, 0, 1, 0]",56.96,59.94,102.88,43.21,293970.8
GERN,1.49,9,"[1, 1, 1, 0, 1, 1, 1, 1, 1, 1]",1.45,1.43,1.95,1.07,10284784.6
VLRS,6.54,3,"[0, 0, 0, 1, 0, 1, 0, 0, 1, 0]",8.04,8.05,10.63,5.92,503292.7
LXRX,2.25,8,"[0, 1, 1, 1, 1, 1, 1, 1, 1, 0]",2.32,1.77,2.64,1.07,3001095.05
DSGN,15.09,10,"[1, 1, 1, 1, 1, 1, 1, 1, 1, 1]",13.95,11.48,15.94,5.53,516788.6
HNRG,16.58,3,"[1, 0, 0, 0, 0, 0, 0, 0, 1, 1]",16.07,17.84,23.81,13.7,784539.7
NB,4.19,1,"[0, 0, 0, 0, 0, 0, 0, 0, 1, 0]",4.61,5.43,11.67,3.86,3921422.35
MATW,20.77,3,"[0, 0, 0, 0, 1, 1, 0, 0, 1, 0]",25.28,25.63,28.54,20.77,821037.25
TBPH,17.04,7,"[1, 1, 0, 1, 0, 1, 0, 1, 1, 1]",16.96,17.3,20.74,13.57,521827.95
BVS,13.65,10,"[1, 1, 1, 1, 1, 1, 1, 1, 1, 1]",12.5,9.57,15.26,6.51,767655.5
OMDA,24.55,9,"[1, 1, 1, 1, 1, 0, 1, 1, 1, 1]",22.32,16.94,26.78,10.94,1442042.4
SCHL,38.4,7,"[0, 0, 1, 1, 1, 1, 1, 1, 1, 0]",43.18,37.26,47.34,23.81,310305.55
ABX,9.6,8,"[0, 1, 1, 1, 1, 1, 1, 1, 1, 0]",10.2,8.92,12.0,4.87,575011.05
SPRY,6.0,2,"[0, 0, 0, 0, 0, 0, 0, 0, 1, 1]",6.79,8.61,13.06,5.13,1856932.3
CTMX,3.36,3,"[0, 0, 0, 0, 0, 0, 1, 0, 1, 1]",3.44,4.16,6.75,1.93,2479597.9
MYE,32.09,8,"[0, 1, 1, 1, 1, 1, 1, 1, 1, 0]",32.27,23.71,36.74,15.41,346381.75
ABUS,5.08,9,"[1, 1, 1, 1, 0, 1, 1, 1, 1, 1]",4.7,4.48,5.22,3.67,4006316.0
AEVA,15.66,5,"[0, 0, 0, 1, 1, 1, 1, 0, 1, 0]",20.07,16.98,29.29,9.19,1920424.2
KOP,45.87,8,"[0, 1, 1, 1, 1, 1, 1, 1, 1, 0]",47.47,37.87,52.23,26.11,208912.1
NBBK,22.33,9,"[1, 1, 1, 1, 1, 1, 1, 1, 1, 0]",21.89,20.84,23.25,16.64,318422.2
IBTA,37.21,10,"[1, 1, 1, 1, 1, 1, 1, 1, 1, 1]",33.13,28.57,38.84,19.25,306410.0
CRSR,12.15,10,"[1, 1, 1, 1, 1, 1, 1, 1, 1, 1]",10.6,7.47,14.35,4.58,2242633.5
KRO,8.82,10,"[1, 1, 1, 1, 1, 1, 1, 1, 1, 1]",7.1,6.15,8.91,4.21,471102.05
ODD,14.4,2,"[0, 0, 0, 0, 0, 0, 1, 0, 1, 0]",14.86,22.13,63.68,9.81,810601.8
DRUG,71.73,3,"[0, 0, 0, 0, 0, 1, 1, 0, 1, 0]",74.13,77.65,95.99,38.8,139696.75
KURA,12.65,9,"[1, 1, 1, 1, 0, 1, 1, 1, 1, 1]",10.89,9.76,13.59,7.4,2265457.3
SCZM,9.36,7,"[1, 1, 1, 0, 0, 1, 1, 0, 1, 1]",7.48,8.75,16.16,4.92,545744.55
CVLG,35.35,8,"[0, 1, 1, 1, 1, 1, 1, 0, 1, 1]",40.66,31.67,49.88,17.94,179250.1
PURR,12.25,7,"[1, 1, 0, 1, 0, 0, 1, 1, 1, 1]",7.94,12.25,12.83,3.1,20684377.5
TSAT,43.4,8,"[0, 1, 1, 1, 1, 1, 1, 0, 1, 1]",44.39,39.07,61.4,20.49,289675.5
SG,6.96,6,"[0, 1, 1, 1, 0, 0, 1, 0, 1, 1]",6.98,6.79,10.21,4.7,6255720.2
VOR,22.48,8,"[1, 1, 1, 1, 1, 0, 1, 0, 1, 1]",20.44,15.35,48.72,6.86,746084.75
EVMN,12.66,3,"[0, 0, 0, 0, 1, 0, 0, 0, 1, 1]",14.05,20.05,31.57,11.05,449152.75
WYFI,18.92,4,"[0, 0, 0, 1, 1, 0, 1, 0, 1, 0]",28.51,21.57,44.77,10.78,2944647.4
SABR,2.17,10,"[1, 1, 1, 1, 1, 1, 1, 1, 1, 1]",1.98,1.64,2.26,0.82,3863750.2
CGNT,8.86,5,"[1, 1, 0, 0, 0, 1, 1, 0, 1, 0]",8.8,8.89,12.24,6.34,572160.9
ETON,60.44,10,"[1, 1, 1, 1, 1, 1, 1, 1, 1, 1]",45.63,27.41,64.43,14.35,677504.85
WEST,7.79,8,"[0, 1, 1, 1, 1, 1, 1, 1, 1, 0]",8.04,5.99,9.73,3.71,409459.95
EGBN,27.29,8,"[0, 1, 1, 1, 1, 1, 1, 1, 1, 0]",27.81,25.22,29.12,15.78,215898.0
GO,11.95,7,"[1, 1, 1, 1, 0, 0, 1, 0, 1, 1]",10.18,9.23,18.66,5.79,2923808.5
BIOA,9.5,4,"[0, 0, 0, 0, 1, 1, 1, 0, 1, 0]",17.49,16.89,25.1,4.65,733056.1
ASC,17.39,10,"[1, 1, 1, 1, 1, 1, 1, 1, 1, 1]",15.88,14.14,18.36,9.69,612249.85
ADAM,9.74,10,"[1, 1, 1, 1, 1, 1, 1, 1, 1, 1]",9.39,8.03,10.23,5.99,809037.1
DXYZ,32.13,8,"[1, 1, 1, 0, 1, 1, 1, 0, 1, 1]",27.53,31.07,71.24,20.82,1371190.45
SUPV,8.74,2,"[0, 0, 0, 0, 0, 0, 1, 0, 1, 0]",9.17,9.85,12.86,4.69,708656.6
NRGV,3.4,4,"[0, 0, 0, 0, 0, 1, 1, 0, 1, 1]",3.56,4.08,6.49,1.77,5267043.7
IMSR,5.18,2,"[0, 0, 0, 0, 0, 0, 0, 0, 1, 1]",5.72,7.42,27.1,4.62,1165594.05
ANRO,35.38,10,"[1, 1, 1, 1, 1, 1, 1, 1, 1, 1]",28.99,21.8,36.53,3.51,479180.2
KFRC,57.58,9,"[1, 1, 1, 1, 1, 1, 1, 1, 1, 0]",55.51,38.9,60.45,23.68,237377.05
CWH,6.46,1,"[0, 0, 0, 0, 0, 0, 0, 0, 1, 0]",6.55,8.53,17.56,5.63,1564434.3
ARKO,4.56,4,"[0, 0, 0, 1, 1, 1, 0, 0, 1, 0]",6.73,6.03,8.58,3.73,1271263.1
IHRT,2.72,1,"[0, 0, 0, 0, 0, 0, 0, 0, 1, 0]",3.59,3.84,6.33,2.1,640522.3
PSTL,23.45,10,"[1, 1, 1, 1, 1, 1, 1, 1, 1, 1]",23.44,19.9,24.72,13.9,315746.3
MTUS,19.52,8,"[0, 1, 1, 1, 1, 1, 1, 1, 1, 0]",19.99,18.66,22.03,14.56,369008.25
RLMD,4.36,4,"[0, 0, 0, 0, 1, 1, 1, 0, 1, 0]",5.48,5.47,7.86,1.37,1074121.1
CRESY,11.5,6,"[1, 0, 0, 0, 0, 1, 1, 1, 1, 1]",11.03,11.57,14.11,7.88,228905.6
CBLL,23.98,9,"[1, 1, 1, 1, 0, 1, 1, 1, 1, 1]",20.2,19.52,24.89,10.92,419156.8
LYTS,19.59,4,"[0, 0, 0, 1, 1, 1, 0, 0, 1, 0]",23.91,21.62,26.8,17.17,430470.6
NXDR,2.25,7,"[0, 1, 1, 1, 0, 1, 1, 1, 1, 0]",2.36,1.96,2.77,1.36,2074980.15
DSP,12.88,10,"[1, 1, 1, 1, 1, 1, 1, 1, 1, 1]",12.31,11.42,14.09,8.14,310135.1
PGC,44.64,8,"[0, 1, 1, 1, 1, 1, 1, 1, 1, 0]",46.16,37.58,48.28,24.62,144621.55
HZO,52.18,10,"[1, 1, 1, 1, 1, 1, 1, 1, 1, 1]",40.63,31.39,52.46,21.43,991454.35
ALLO,2.0,7,"[1, 0, 1, 0, 1, 1, 1, 0, 1, 1]",1.99,1.95,3.06,1.05,4829098.65
HSHP,16.74,10,"[1, 1, 1, 1, 1, 1, 1, 1, 1, 1]",15.06,12.18,16.74,6.82,314563.65
DRTS,14.11,10,"[1, 1, 1, 1, 1, 1, 1, 1, 1, 1]",12.96,8.57,14.96,3.47,635150.75
FOXF,20.43,8,"[1, 1, 1, 1, 1, 0, 1, 0, 1, 1]",19.13,17.77,29.59,13.19,582554.2
PRAA,18.82,10,"[1, 1, 1, 1, 1, 1, 1, 1, 1, 1]",18.41,16.97,22.23,10.42,419561.05
NTGR,21.16,1,"[0, 0, 0, 0, 0, 0, 0, 0, 1, 0]",23.0,23.55,36.01,19.87,340201.35
HPK,8.19,10,"[1, 1, 1, 1, 1, 1, 1, 1, 1, 1]",7.35,6.26,8.32,3.89,454978.95
KRNT,16.84,10,"[1, 1, 1, 1, 1, 1, 1, 1, 1, 1]",16.17,15.16,18.04,12.31,282175.8
FCEL,17.23,7,"[0, 1, 1, 1, 1, 1, 1, 0, 1, 0]",21.83,13.26,36.01,3.92,7572072.2
EVER,25.44,9,"[1, 1, 1, 1, 0, 1, 1, 1, 1, 1]",24.86,21.38,27.87,14.27,618606.7
GFR,6.16,10,"[1, 1, 1, 1, 1, 1, 1, 1, 1, 1]",6.13,5.75,7.1,4.33,638574.1
LPTH,10.06,4,"[0, 0, 0, 0, 1, 1, 1, 0, 1, 0]",12.63,11.84,18.15,4.91,2989106.8
SB,8.63,10,"[1, 1, 1, 1, 1, 1, 1, 1, 1, 1]",7.39,6.21,8.7,4.03,678536.2
HIVE,2.78,3,"[0, 0, 0, 1, 0, 0, 1, 0, 1, 0]",3.14,2.92,6.96,1.75,24564715.5
SLDB,9.58,10,"[1, 1, 1, 1, 1, 1, 1, 1, 1, 1]",9.19,7.2,11.15,3.93,863905.9
GDOT,13.29,7,"[0, 1, 1, 1, 1, 1, 0, 1, 1, 0]",13.34,12.47,15.25,10.53,369957.2
MAKO,10.06,10,"[1, 1, 1, 1, 1, 1, 1, 1, 1, 1]",8.38,7.32,11.07,4.64,224520.75
MVST,0.72,1,"[0, 0, 0, 0, 0, 0, 0, 0, 1, 0]",0.92,1.96,6.4,0.71,7597180.25
MITK,18.46,10,"[1, 1, 1, 1, 1, 1, 1, 1, 1, 1]",18.33,14.14,20.14,8.65,774634.75
RDVT,73.16,9,"[1, 1, 1, 1, 0, 1, 1, 1, 1, 1]",66.52,52.04,73.74,34.4,302866.15
KRUS,45.66,2,"[0, 0, 0, 0, 1, 0, 0, 0, 1, 0]",49.94,56.65,85.05,42.67,149886.5
MRLN,3.03,1,"[0, 0, 0, 0, 0, 0, 0, 0, 1, 0]",4.13,8.42,16.09,3.03,1268881.7
BLMN,10.3,10,"[1, 1, 1, 1, 1, 1, 1, 1, 1, 1]",9.43,7.4,11.85,5.26,2311819.45
IRWD,4.25,9,"[1, 1, 1, 1, 1, 1, 1, 1, 1, 0]",4.14,3.91,5.39,1.1,2042776.95
HUYA,2.14,1,"[0, 0, 0, 0, 0, 0, 0, 0, 1, 0]",2.34,2.86,4.6,2.14,1370122.35
SLDP,2.33,2,"[0, 0, 0, 0, 0, 0, 0, 0, 1, 1]",2.35,3.54,8.51,2.0,3046597.25
ACRS,6.05,10,"[1, 1, 1, 1, 1, 1, 1, 1, 1, 1]",5.66,4.14,6.53,1.81,1922337.0
HRTG,33.62,9,"[1, 1, 1, 1, 0, 1, 1, 1, 1, 1]",29.65,27.22,35.21,20.88,316896.0
CYRX,16.0,10,"[1, 1, 1, 1, 1, 1, 1, 1, 1, 1]",15.68,11.7,17.13,7.72,563829.2
CTO,21.34,8,"[0, 1, 1, 1, 1, 1, 1, 1, 1, 0]",21.74,19.27,22.53,14.38,366765.55
ASPI,4.02,1,"[0, 0, 0, 0, 0, 0, 0, 0, 1, 0]",4.62,5.62,14.05,3.54,3198998.6
OXM,38.29,7,"[1, 0, 1, 0, 1, 1, 0, 1, 1, 1]",37.16,37.67,48.22,30.22,261894.05
GRPN,19.18,7,"[0, 1, 1, 1, 1, 1, 1, 0, 1, 0]",23.81,17.32,28.58,9.64,1403444.35
ALRS,32.9,9,"[1, 1, 1, 1, 1, 1, 1, 1, 1, 0]",32.35,26.44,34.12,20.29,147249.6
LAES,2.49,1,"[0, 0, 0, 0, 0, 0, 0, 0, 1, 0]",2.7,3.41,7.65,2.09,8762129.5
INN,5.85,8,"[0, 1, 1, 1, 1, 1, 1, 1, 1, 0]",6.47,5.2,6.98,3.92,892554.8
PKE,32.54,8,"[0, 1, 1, 1, 1, 1, 1, 1, 1, 0]",34.96,28.94,38.23,18.3,212785.55
HY,33.86,6,"[0, 0, 1, 0, 1, 1, 1, 1, 1, 0]",34.16,33.86,40.47,25.65,115182.55
STRO,20.24,4,"[0, 0, 0, 0, 1, 1, 1, 0, 1, 0]",25.36,22.02,40.91,7.3,283149.75
TLRY,4.57,2,"[1, 0, 0, 0, 0, 0, 0, 0, 1, 0]",4.47,6.77,21.0,3.88,3803592.65
SHBI,22.96,8,"[0, 1, 1, 1, 1, 1, 1, 1, 1, 0]",23.34,19.87,24.61,14.9,185381.35
EVC,7.99,7,"[0, 1, 1, 1, 1, 1, 1, 0, 1, 0]",10.57,5.82,13.48,1.91,1810287.2
ZVRA,11.74,9,"[0, 1, 1, 1, 1, 1, 1, 1, 1, 1]",12.09,10.22,14.75,7.23,911988.6
CARS,11.7,8,"[1, 1, 1, 1, 0, 1, 1, 1, 1, 0]",11.66,10.88,13.79,7.58,630028.6
CLYM,13.73,9,"[0, 1, 1, 1, 1, 1, 1, 1, 1, 1]",13.83,8.45,17.84,1.64,1256502.9
CWBC,25.93,9,"[0, 1, 1, 1, 1, 1, 1, 1, 1, 1]",26.13,23.97,27.89,19.45,226475.6
RMR,19.32,9,"[0, 1, 1, 1, 1, 1, 1, 1, 1, 1]",19.83,17.05,20.9,13.05,131562.45
SPIR,13.27,5,"[0, 0, 0, 0, 1, 1, 1, 0, 1, 1]",14.12,13.36,25.48,7.02,551101.7
SWBI,12.72,6,"[0, 0, 0, 1, 1, 1, 1, 1, 1, 0]",14.69,12.97,16.53,7.67,464090.3
ARVN,9.2,4,"[1, 0, 0, 0, 0, 0, 1, 0, 1, 1]",8.56,10.56,13.83,6.98,905395.95
AVR,8.61,9,"[0, 1, 1, 1, 1, 1, 1, 1, 1, 1]",9.04,6.79,10.57,3.38,766380.4
NKLR,5.39,8,"[1, 1, 1, 1, 1, 0, 1, 0, 1, 1]",5.31,5.24,18.26,3.91,296763.95
VTEX,3.6,4,"[0, 0, 0, 1, 1, 0, 0, 1, 1, 0]",3.97,3.76,4.65,2.87,811659.65
MRAM,16.25,7,"[0, 0, 1, 1, 1, 1, 1, 0, 1, 1]",17.59,15.37,44.01,6.36,1374275.35
CABA,3.11,8,"[1, 1, 1, 0, 1, 1, 1, 0, 1, 1]",2.91,2.89,4.15,1.45,4401351.7
KE,23.62,1,"[0, 0, 0, 0, 0, 0, 0, 0, 1, 0]",24.85,26.25,33.13,22.63,222487.15
CNNE,15.6,8,"[1, 1, 1, 1, 0, 0, 1, 1, 1, 1]",14.81,14.04,18.91,10.53,503062.35
PSNL,16.78,10,"[1, 1, 1, 1, 1, 1, 1, 1, 1, 1]",14.06,9.7,18.38,4.81,3622582.0
CCSI,38.25,10,"[1, 1, 1, 1, 1, 1, 1, 1, 1, 1]",37.18,29.0,39.85,20.24,177488.55
ANGX,4.21,6,"[1, 1, 1, 1, 0, 0, 1, 0, 1, 0]",4.05,3.81,16.0,2.18,1592549.75
NPCE,14.65,5,"[0, 0, 0, 0, 0, 1, 1, 1, 1, 1]",15.2,15.44,19.29,9.14,179823.1
RGR,37.97,5,"[0, 0, 1, 0, 1, 0, 1, 1, 1, 0]",38.04,37.29,46.58,28.51,123080.2
TDUP,2.69,2,"[0, 0, 0, 1, 0, 0, 0, 0, 1, 0]",5.14,5.19,11.71,2.68,3700342.9
SXC,10.33,10,"[1, 1, 1, 1, 1, 1, 1, 1, 1, 1]",8.79,7.45,10.33,5.51,1417079.35
DNUT,3.42,4,"[1, 1, 0, 0, 0, 0, 0, 0, 1, 1]",3.36,3.58,4.7,2.92,3348177.85
BCAL,21.28,9,"[1, 1, 1, 1, 1, 1, 1, 1, 1, 0]",21.12,19.19,21.8,15.74,144923.65
PHR,12.21,6,"[1, 1, 0, 1, 0, 0, 1, 0, 1, 1]",11.06,12.51,31.48,8.06,779012.9
RYAM,8.59,6,"[1, 0, 1, 0, 1, 1, 1, 0, 1, 0]",8.26,8.37,11.75,5.52,987881.4
FEIM,60.25,8,"[0, 1, 1, 1, 1, 1, 1, 1, 1, 0]",66.23,55.3,79.85,27.07,236025.25
NPB,16.99,5,"[0, 0, 0, 1, 1, 1, 0, 1, 1, 0]",17.82,17.58,19.28,15.72,171706.7
TRON,1.75,6,"[1, 0, 1, 0, 1, 0, 1, 0, 1, 1]",1.59,1.75,4.3,1.13,1315986.95
CADL,13.07,10,"[1, 1, 1, 1, 1, 1, 1, 1, 1, 1]",10.67,7.23,13.75,4.42,1291030.55
BWMN,42.59,8,"[1, 1, 1, 1, 0, 0, 1, 1, 1, 1]",32.32,32.62,44.43,25.31,552181.05
FET,81.97,10,"[1, 1, 1, 1, 1, 1, 1, 1, 1, 1]",63.28,52.52,86.31,25.26,205707.4
CLB,12.43,3,"[1, 0, 0, 0, 0, 0, 0, 0, 1, 1]",11.55,15.06,19.63,9.86,495532.95
GPRK,11.0,10,"[1, 1, 1, 1, 1, 1, 1, 1, 1, 1]",9.62,8.92,11.75,5.91,411637.3
ORN,9.4,4,"[0, 0, 0, 0, 1, 1, 1, 0, 1, 0]",12.06,12.1,17.14,7.2,425195.15
HPP,12.57,5,"[0, 1, 1, 1, 0, 0, 1, 0, 1, 0]",14.67,11.0,21.49,5.51,737016.65
CSTL,33.03,9,"[1, 1, 1, 1, 0, 1, 1, 1, 1, 1]",27.42,29.44,43.04,18.15,419835.1
CTKB,4.78,9,"[1, 1, 1, 1, 0, 1, 1, 1, 1, 1]",4.51,4.62,5.88,3.36,865105.75
GLRE,15.16,4,"[0, 0, 0, 0, 1, 1, 0, 1, 1, 0]",16.18,15.59,19.0,11.95,132831.95
ALOY,10.35,5,"[0, 0, 0, 0, 1, 1, 1, 0, 1, 1]",11.72,11.14,25.88,5.92,2759243.25
RR,1.87,4,"[1, 0, 0, 0, 0, 0, 1, 0, 1, 1]",1.73,2.67,7.06,1.35,6169001.9
BTBT,1.43,2,"[0, 0, 0, 0, 0, 0, 0, 0, 1, 1]",1.57,1.81,4.22,1.21,30268002.15
MSBI,32.79,9,"[1, 1, 1, 1, 1, 1, 1, 1, 1, 0]",31.84,24.84,34.19,13.85,157634.85
UROY,4.21,7,"[1, 1, 1, 0, 0, 0, 1, 1, 1, 1]",3.37,3.7,5.46,2.61,2483027.8
CARE,31.24,8,"[0, 1, 1, 1, 1, 1, 1, 1, 1, 0]",32.75,24.9,35.61,16.84,360431.1
EGY,5.94,9,"[1, 1, 1, 0, 1, 1, 1, 1, 1, 1]",5.39,5.0,6.53,3.26,1299479.4
GDYN,7.98,8,"[1, 1, 1, 1, 0, 0, 1, 1, 1, 1]",6.65,7.17,10.06,5.21,1548549.75
ALTI,3.9,7,"[1, 1, 0, 0, 0, 1, 1, 1, 1, 1]",3.75,3.93,5.19,2.81,219332.6
PRME,3.59,6,"[1, 1, 1, 0, 0, 0, 1, 0, 1, 1]",3.35,3.54,6.67,2.7,2634830.8
TCMD,22.98,4,"[0, 0, 0, 1, 0, 1, 1, 0, 1, 0]",27.39,26.95,33.05,13.24,398096.1
MLAB,127.87,10,"[1, 1, 1, 1, 1, 1, 1, 1, 1, 1]",104.88,93.36,129.09,59.22,168317.35
FTK,23.72,7,"[0, 1, 1, 1, 1, 1, 1, 0, 1, 0]",26.48,19.72,38.82,11.04,816082.55
AVTX,19.34,9,"[1, 1, 1, 1, 0, 1, 1, 1, 1, 1]",19.0,16.85,22.87,9.02,755766.8
DDI,12.73,10,"[1, 1, 1, 1, 1, 1, 1, 1, 1, 1]",11.85,10.1,12.92,8.25,120171.6
HELE,30.1,10,"[1, 1, 1, 1, 1, 1, 1, 1, 1, 1]",28.31,22.15,30.22,13.88,351864.0
BETR,13.84,1,"[0, 0, 0, 0, 0, 0, 0, 0, 1, 0]",20.64,31.51,86.07,11.6,983564.65
KYTX,8.48,9,"[1, 1, 1, 0, 1, 1, 1, 1, 1, 1]",8.19,8.4,11.25,3.59,661986.0
PRTA,9.35,4,"[1, 0, 0, 0, 0, 0, 0, 1, 1, 1]",9.04,9.5,11.51,7.91,381722.45
PROK,1.89,5,"[1, 1, 0, 0, 0, 0, 1, 0, 1, 1]",1.66,1.96,3.3,1.33,1196094.55
CHW,8.44,8,"[0, 1, 1, 1, 1, 1, 0, 1, 1, 1]",8.56,7.87,8.97,6.7,136878.6
MG,18.76,10,"[1, 1, 1, 1, 1, 1, 1, 1, 1, 1]",17.11,15.64,19.51,9.39,238761.6
INV,1.29,1,"[0, 0, 0, 0, 0, 0, 0, 0, 1, 0]",3.42,4.36,7.32,1.26,5219144.8
KRT,47.64,10,"[1, 1, 1, 1, 1, 1, 1, 1, 1, 1]",40.19,28.75,49.8,19.72,159708.35
DDL,2.26,5,"[1, 0, 0, 0, 1, 1, 1, 0, 1, 0]",2.24,2.47,3.2,1.67,304142.15
MEC,19.36,5,"[0, 0, 0, 1, 1, 1, 1, 0, 1, 0]",28.33,22.94,37.54,12.56,639477.9
PACK,4.75,4,"[0, 0, 0, 1, 1, 0, 1, 0, 1, 0]",6.08,5.43,7.64,3.24,420452.65
WTI,3.71,10,"[1, 1, 1, 1, 1, 1, 1, 1, 1, 1]",3.5,2.95,4.89,1.49,3720587.2
DNA,6.81,2,"[0, 0, 0, 1, 0, 0, 0, 0, 1, 0]",8.3,8.33,16.14,5.48,1274384.6
TECX,29.94,9,"[0, 1, 1, 1, 1, 1, 1, 1, 1, 1]",33.0,27.11,37.93,14.71,240725.65
CPS,26.78,1,"[0, 0, 0, 0, 0, 0, 0, 0, 1, 0]",28.09,30.76,45.2,25.95,202802.95
ASIX,16.81,2,"[0, 0, 0, 0, 1, 0, 0, 0, 1, 0]",18.97,19.21,25.73,13.91,316782.1
RGNX,9.5,4,"[0, 1, 0, 1, 0, 0, 1, 0, 1, 0]",11.0,10.37,15.98,5.65,1369841.9
CLFD,29.01,2,"[0, 0, 0, 0, 1, 0, 0, 0, 1, 0]",31.83,32.29,51.26,26.0,222456.95
ILPT,8.26,8,"[0, 1, 1, 1, 1, 1, 1, 1, 1, 0]",8.72,6.9,9.25,4.91,295912.9
CTNM,16.24,10,"[1, 1, 1, 1, 1, 1, 1, 1, 1, 1]",14.98,13.39,17.25,9.17,574248.0
MCS,28.43,9,"[1, 1, 1, 1, 1, 1, 1, 1, 1, 0]",26.24,19.22,31.03,12.83,304114.85
ASTL,4.2,6,"[1, 0, 0, 0, 1, 1, 1, 0, 1, 1]",4.09,4.37,5.8,3.19,1446444.0
AURA,7.18,9,"[0, 1, 1, 1, 1, 1, 1, 1, 1, 1]",7.29,6.56,8.9,4.97,833144.65
AQST,5.11,7,"[1, 1, 1, 1, 0, 0, 1, 0, 1, 1]",4.26,4.47,7.49,2.95,3910912.5
MAMA,16.23,8,"[0, 1, 1, 1, 1, 1, 1, 1, 1, 0]",17.82,15.19,20.65,9.13,490276.1
LZM,4.63,7,"[1, 1, 1, 0, 0, 0, 1, 1, 1, 1]",3.78,4.34,6.1,3.01,409728.85
ACHV,7.94,10,"[1, 1, 1, 1, 1, 1, 1, 1, 1, 1]",6.67,5.07,8.53,2.65,1359150.05
SD,14.12,7,"[1, 0, 0, 0, 1, 1, 1, 1, 1, 1]",13.69,14.6,17.42,10.63,335416.6
MNRO,12.46,1,"[0, 0, 0, 0, 0, 0, 0, 0, 1, 0]",14.41,16.72,22.59,11.02,1185961.95
OOMA,22.64,10,"[1, 1, 1, 1, 1, 1, 1, 1, 1, 1]",20.53,15.57,23.04,10.58,423711.0
ANL,14.19,10,"[1, 1, 1, 1, 1, 1, 1, 1, 1, 1]",12.25,8.74,16.6,0.88,157229.3
IMMX,14.03,10,"[1, 1, 1, 1, 1, 1, 1, 1, 1, 1]",10.69,8.31,14.47,1.96,1580230.55
FDMT,14.11,10,"[1, 1, 1, 1, 1, 1, 1, 1, 1, 1]",12.23,10.02,16.76,6.14,1085765.05
KRNY,9.87,10,"[1, 1, 1, 1, 1, 1, 1, 1, 1, 1]",9.42,8.01,10.01,6.01,710049.5
STTK,7.01,8,"[0, 1, 1, 1, 1, 1, 1, 1, 1, 0]",7.05,5.39,8.06,1.01,883300.0
CERS,2.64,9,"[0, 1, 1, 1, 1, 1, 1, 1, 1, 1]",2.83,2.35,3.28,1.18,2472636.65
OIS,8.82,6,"[1, 0, 0, 0, 1, 1, 1, 0, 1, 1]",8.36,9.02,14.39,5.41,576358.8
HKD,1.72,7,"[1, 1, 1, 0, 1, 0, 1, 0, 1, 1]",1.63,1.59,2.95,1.27,112656.75
CBIO,16.6,8,"[0, 1, 1, 1, 1, 1, 1, 0, 1, 1]",16.63,15.33,26.98,8.94,171984.95
PANL,8.12,9,"[1, 1, 1, 0, 1, 1, 1, 1, 1, 1]",7.38,7.49,9.29,4.47,413997.8
OCGN,1.33,3,"[0, 0, 0, 0, 1, 0, 0, 0, 1, 1]",1.37,1.51,2.48,1.03,3886350.35
FVR,19.3,8,"[0, 1, 1, 1, 1, 1, 1, 1, 1, 0]",20.34,17.16,21.92,12.31,226096.0
MATV,11.89,8,"[1, 1, 1, 0, 0, 1, 1, 1, 1, 1]",9.52,10.18,14.6,7.16,709958.85
IPI,38.67,9,"[1, 1, 1, 0, 1, 1, 1, 1, 1, 1]",35.31,34.86,48.84,23.94,207051.45
CHCT,14.71,5,"[0, 0, 0, 1, 1, 1, 0, 1, 1, 0]",16.74,16.01,18.6,11.91,469175.35
CGC,1.0,3,"[1, 0, 0, 0, 0, 0, 0, 0, 1, 1]",0.97,1.09,1.92,0.86,4095122.55
PUBM,16.63,10,"[1, 1, 1, 1, 1, 1, 1, 1, 1, 1]",14.33,10.26,17.78,6.28,856966.5
ELVA,6.65,4,"[0, 0, 0, 0, 1, 1, 1, 0, 1, 0]",8.6,8.5,12.26,4.23,680824.0
ALIT,14.31,2,"[0, 0, 0, 0, 0, 0, 1, 0, 1, 0]",16.12,22.4,77.24,9.8,552119.25
CD,2.99,1,"[0, 0, 0, 0, 0, 0, 0, 0, 1, 0]",3.5,5.37,35.79,2.65,263602.6
NUAI,4.74,5,"[0, 0, 0, 1, 1, 1, 1, 0, 1, 0]",5.08,4.77,8.06,0.33,5540029.15
EBS,6.1,2,"[0, 0, 0, 0, 0, 0, 1, 0, 1, 0]",6.84,9.12,13.9,4.45,1599672.05
RBBN,1.99,1,"[0, 0, 0, 0, 0, 0, 0, 0, 1, 0]",2.15,2.5,4.16,1.95,642226.8
CLNE,1.59,1,"[0, 0, 0, 0, 0, 0, 0, 0, 1, 0]",1.9,2.16,3.06,1.57,2113377.35
OVID,2.67,10,"[1, 1, 1, 1, 1, 1, 1, 1, 1, 1]",2.58,2.17,2.96,1.14,1517601.55
APPS,10.76,9,"[1, 1, 1, 1, 1, 1, 1, 0, 1, 1]",10.68,6.3,14.39,2.82,4299723.1
SRTA,5.66,10,"[1, 1, 1, 1, 1, 1, 1, 1, 1, 1]",5.51,5.08,6.47,3.99,1036230.65
RIGL,46.18,9,"[1, 1, 1, 1, 0, 1, 1, 1, 1, 1]",40.88,36.24,50.96,25.44,350709.4
NGNE,36.24,10,"[1, 1, 1, 1, 1, 1, 1, 1, 1, 1]",35.83,25.88,42.84,16.37,211679.4
IMXI,14.47,4,"[1, 0, 0, 0, 0, 0, 0, 1, 1, 1]",13.56,15.01,15.94,11.35,802627.65
ZKH,2.92,5,"[1, 0, 0, 0, 0, 0, 1, 1, 1, 1]",2.78,3.09,3.79,2.06,398421.2
PSFE,6.44,2,"[0, 0, 0, 1, 0, 0, 0, 0, 1, 0]",7.54,7.56,14.68,6.01,430151.9
TATT,36.33,1,"[0, 0, 0, 0, 0, 0, 0, 0, 1, 0]",41.44,43.86,61.11,32.08,177794.35
ASMB,33.63,9,"[1, 1, 1, 1, 0, 1, 1, 1, 1, 1]",28.33,29.31,38.5,20.55,283102.75
WEAV,7.31,8,"[1, 1, 1, 1, 0, 0, 1, 1, 1, 1]",6.52,6.01,7.99,4.37,5431114.2
LTBR,7.53,1,"[0, 0, 0, 0, 0, 0, 0, 0, 1, 0]",8.35,12.14,27.72,7.2,638136.95
MTW,19.42,10,"[1, 1, 1, 1, 1, 1, 1, 1, 1, 1]",15.57,13.47,20.87,9.73,443841.1
SGMT,10.26,10,"[1, 1, 1, 1, 1, 1, 1, 1, 1, 1]",8.36,6.77,10.86,4.55,1314736.1
FBRX,76.99,9,"[1, 1, 1, 0, 1, 1, 1, 1, 1, 1]",24.58,24.19,76.99,10.3,926397.2
EVH,4.5,6,"[0, 1, 1, 1, 0, 0, 1, 0, 1, 1]",4.76,3.85,9.99,2.17,3285560.0
BMBL,2.74,1,"[0, 0, 0, 0, 0, 0, 0, 0, 1, 0]",2.91,3.31,7.17,2.6,2917471.75
FULC,3.89,3,"[1, 0, 0, 0, 0, 0, 0, 0, 1, 1]",3.73,7.43,14.6,3.14,1742767.05
KLC,2.52,3,"[0, 0, 0, 1, 0, 0, 1, 0, 1, 0]",4.38,3.96,7.66,1.84,1185856.1
CLDT,13.03,8,"[0, 1, 1, 1, 1, 1, 1, 1, 1, 0]",13.19,9.35,13.79,6.03,299112.8
ANGO,16.13,9,"[1, 1, 1, 1, 0, 1, 1, 1, 1, 1]",14.4,12.16,16.13,9.7,381306.3
RPD,13.46,7,"[1, 1, 1, 1, 0, 0, 1, 0, 1, 1]",10.81,9.89,20.81,5.05,2163795.2
CTEV,39.83,7,"[1, 1, 1, 1, 0, 0, 1, 0, 1, 1]",31.42,28.41,72.45,13.47,135490.6
CAL,12.18,5,"[0, 0, 0, 1, 0, 1, 1, 1, 1, 0]",12.78,12.41,15.42,8.76,483683.6
ADUR,13.82,8,"[0, 1, 1, 1, 1, 1, 1, 1, 1, 0]",14.9,13.06,17.39,9.19,397557.9
ZURA,5.54,10,"[1, 1, 1, 1, 1, 1, 1, 1, 1, 1]",5.45,5.21,7.04,1.9,1492504.2
ACTG,4.44,6,"[0, 0, 1, 0, 1, 1, 1, 1, 1, 0]",4.57,4.38,5.16,3.15,257521.65
NPWR,1.78,4,"[1, 0, 0, 0, 0, 0, 1, 0, 1, 1]",1.62,2.0,4.85,1.36,1028430.2
BLZE,14.13,7,"[0, 1, 1, 1, 1, 1, 1, 0, 1, 0]",15.43,7.64,20.43,3.31,3664726.35
TROO,2.27,6,"[1, 0, 0, 0, 1, 1, 1, 0, 1, 1]",2.1,2.73,5.02,1.01,359029.5
PERI,9.75,8,"[1, 1, 1, 1, 0, 1, 0, 1, 1, 1]",9.49,9.46,11.06,7.71,356125.15
CRNC,8.44,3,"[0, 0, 0, 1, 0, 0, 1, 0, 1, 0]",9.23,9.55,13.3,5.96,739581.8
MCFT,23.28,8,"[0, 1, 1, 1, 1, 1, 1, 1, 1, 0]",24.56,22.27,27.38,17.21,182422.55
GEVO,1.66,3,"[1, 0, 0, 0, 0, 0, 0, 0, 1, 1]",1.55,1.87,2.78,1.4,2860106.75
ADCT,1.17,3,"[1, 0, 0, 0, 0, 0, 0, 0, 1, 1]",1.14,3.02,4.88,0.96,1663110.75
ENTA,13.33,6,"[0, 0, 0, 1, 0, 1, 1, 1, 1, 1]",13.56,13.57,16.85,7.17,226955.8
SPT,11.38,7,"[1, 1, 1, 1, 0, 0, 1, 0, 1, 1]",8.8,8.13,15.5,4.99,1461352.15
PKOH,45.13,10,"[1, 1, 1, 1, 1, 1, 1, 1, 1, 1]",41.26,29.44,52.51,18.51,112069.4
TTGT,3.87,1,"[0, 0, 0, 0, 0, 0, 0, 0, 1, 0]",3.89,4.56,6.98,3.4,334546.85
ALMU,13.1,2,"[0, 0, 0, 0, 1, 0, 0, 0, 1, 0]",17.0,17.75,31.49,10.73,472380.05
NVEC,100.12,8,"[0, 1, 1, 1, 1, 1, 1, 1, 1, 0]",105.79,81.5,133.06,55.46,143757.15
AVIR,5.35,9,"[1, 1, 1, 0, 1, 1, 1, 1, 1, 1]",4.92,4.56,6.15,2.82,238856.65
MAGN,12.56,7,"[0, 1, 1, 1, 0, 1, 1, 1, 1, 0]",12.79,12.32,15.26,7.96,502322.7
LXEO,4.76,3,"[1, 0, 0, 0, 0, 0, 0, 0, 1, 1]",4.74,6.48,10.63,4.13,917906.65
BGS,3.47,2,"[0, 0, 0, 0, 1, 0, 0, 0, 1, 0]",3.67,4.28,5.52,3.33,2282105.8
BYND,13.3,9,"[1, 1, 1, 1, 1, 1, 1, 0, 1, 1]",6.16,2.18,18.3,0.52,9518196.35
OEC,6.24,5,"[0, 0, 1, 0, 1, 1, 1, 0, 1, 0]",6.51,6.23,10.5,4.3,453693.55
NEXN,9.75,8,"[0, 1, 1, 1, 1, 1, 1, 1, 1, 0]",9.93,7.69,10.95,5.7,527679.65
NATR,14.15,3,"[0, 0, 0, 0, 1, 1, 0, 0, 1, 0]",18.84,22.4,27.8,13.14,257563.15
PACB,1.36,1,"[0, 0, 0, 0, 0, 0, 0, 0, 1, 0]",1.41,1.64,2.67,1.11,7932946.85
MNPR,111.93,10,"[1, 1, 1, 1, 1, 1, 1, 1, 1, 1]",106.72,74.39,123.84,33.93,209042.3
IVVD,0.95,4,"[1, 0, 0, 0, 0, 0, 1, 0, 1, 1]",0.78,1.52,2.88,0.54,3780180.25
NRC,20.94,9,"[0, 1, 1, 1, 1, 1, 1, 1, 1, 1]",21.19,18.26,22.77,11.13,124161.7
CBAN,21.15,9,"[1, 1, 1, 1, 1, 1, 1, 1, 1, 0]",21.15,19.57,22.27,15.54,133736.25
LOCO,15.27,8,"[0, 1, 1, 1, 1, 1, 1, 1, 1, 0]",16.05,13.23,17.2,9.06,284330.65
EOLS,9.09,9,"[1, 1, 1, 1, 0, 1, 1, 1, 1, 1]",7.09,6.02,9.09,3.94,1219961.4
AUTL,2.35,10,"[1, 1, 1, 1, 1, 1, 1, 1, 1, 1]",1.83,1.61,2.54,1.21,2942188.6
XFOR,4.04,8,"[0, 1, 1, 1, 1, 1, 1, 1, 1, 0]",4.08,3.93,4.67,2.86,700514.55
GRRR,15.04,8,"[1, 1, 1, 1, 1, 0, 1, 0, 1, 1]",14.84,13.69,21.78,9.48,1147310.45
ABAT,2.7,4,"[1, 0, 0, 0, 0, 0, 1, 0, 1, 1]",2.51,3.35,11.33,2.04,3174110.25
ASPN,4.93,7,"[0, 1, 1, 1, 1, 0, 1, 0, 1, 1]",5.38,4.22,8.82,2.57,1635979.55
SSP,3.31,5,"[1, 0, 0, 0, 0, 1, 1, 0, 1, 1]",3.09,3.61,5.16,1.54,641484.2
VREX,18.49,9,"[1, 1, 1, 1, 0, 1, 1, 1, 1, 1]",13.34,12.19,18.58,9.32,1523783.6
LRMR,3.82,4,"[0, 0, 0, 0, 1, 1, 1, 0, 1, 0]",3.88,3.92,5.95,2.81,1061096.4
IPSC,2.05,6,"[0, 0, 1, 0, 1, 1, 1, 0, 1, 1]",2.16,1.92,2.94,0.47,493576.5
NEWT,11.79,5,"[0, 0, 0, 1, 1, 1, 0, 1, 1, 0]",13.98,12.59,15.56,9.18,296830.95
VOXR,5.49,9,"[1, 1, 1, 0, 1, 1, 1, 1, 1, 1]",4.85,5.17,6.39,3.39,503054.05
XNET,4.93,1,"[0, 0, 0, 0, 0, 0, 0, 0, 1, 0]",5.36,6.1,10.78,4.66,226439.0
VELO,11.91,5,"[0, 0, 0, 0, 1, 1, 1, 0, 1, 1]",13.5,13.69,30.61,2.97,1590546.15
HNST,5.72,10,"[1, 1, 1, 1, 1, 1, 1, 1, 1, 1]",4.32,3.24,5.76,2.1,3550158.2
RCKT,3.72,7,"[1, 1, 1, 0, 1, 0, 1, 0, 1, 1]",3.52,3.56,5.3,2.6,1521227.05
DCTH,16.46,10,"[1, 1, 1, 1, 1, 1, 1, 1, 1, 1]",14.1,11.11,17.36,8.19,746434.85
CDZI,3.97,4,"[1, 0, 0, 0, 0, 0, 1, 0, 1, 1]",3.62,4.76,6.92,2.98,813860.65
OPAL,1.99,1,"[0, 0, 0, 0, 0, 0, 0, 0, 1, 0]",2.21,2.27,2.78,1.78,176781.15
ISTR,30.13,9,"[1, 1, 1, 1, 1, 1, 1, 1, 1, 0]",29.94,28.06,30.95,21.26,105078.4
OSS,10.42,5,"[0, 0, 0, 1, 1, 1, 1, 0, 1, 0]",13.44,11.01,19.95,4.34,914090.75
XPER,5.94,3,"[0, 0, 0, 1, 1, 0, 0, 0, 1, 0]",7.31,6.57,8.64,5.11,552369.95
QUAD,10.06,9,"[1, 1, 1, 1, 1, 1, 1, 1, 1, 0]",9.11,7.18,10.74,4.99,422472.45
FUFU,1.33,2,"[0, 0, 0, 0, 0, 0, 0, 0, 1, 1]",1.4,2.18,4.23,1.26,225951.75
CLPT,15.14,5,"[0, 1, 1, 1, 0, 0, 1, 0, 1, 0]",15.9,13.44,29.6,8.66,623616.6
EGHT,1.88,3,"[0, 0, 0, 0, 1, 1, 0, 0, 1, 0]",1.96,2.02,2.76,1.59,1438348.95
PBYI,9.11,10,"[1, 1, 1, 1, 1, 1, 1, 1, 1, 1]",8.39,6.97,9.49,4.34,319884.1
DVLT,0.3,1,"[0, 0, 0, 0, 0, 0, 0, 0, 1, 0]",0.34,0.73,3.42,0.28,46771891.3
VNDA,5.4,4,"[0, 0, 0, 0, 1, 1, 0, 0, 1, 1]",5.55,6.55,9.56,4.32,1031720.2
RNGR,16.7,9,"[1, 1, 1, 0, 1, 1, 1, 1, 1, 1]",16.08,15.72,18.29,12.18,210139.1
AMCX,12.59,10,"[1, 1, 1, 1, 1, 1, 1, 1, 1, 1]",10.95,9.07,12.85,6.52,607491.6
SVCO,6.94,5,"[0, 0, 0, 1, 1, 1, 1, 0, 1, 0]",8.93,7.11,13.79,3.23,420563.15
CLMB,28.53,8,"[1, 1, 1, 1, 0, 0, 1, 1, 1, 1]",26.16,24.82,35.79,16.68,142367.85
API,4.19,9,"[1, 1, 1, 1, 1, 1, 0, 1, 1, 1]",4.16,4.07,5.26,3.24,248553.55
ACCO,4.28,10,"[1, 1, 1, 1, 1, 1, 1, 1, 1, 1]",4.1,3.64,4.33,2.74,677463.55
RMNI,5.61,10,"[1, 1, 1, 1, 1, 1, 1, 1, 1, 1]",4.77,3.95,5.65,2.97,463273.6
SOPH,8.4,10,"[1, 1, 1, 1, 1, 1, 1, 1, 1, 1]",6.58,5.29,8.92,3.12,592155.1
XRX,3.23,8,"[1, 1, 1, 1, 0, 0, 1, 1, 1, 1]",2.95,2.41,3.95,1.21,2127620.45
BNED,12.1,8,"[0, 1, 1, 1, 1, 1, 1, 1, 1, 0]",12.3,9.92,13.65,6.08,209728.25
DDD,3.28,10,"[1, 1, 1, 1, 1, 1, 1, 1, 1, 1]",3.09,2.52,3.88,1.77,3501842.65
DIN,33.08,7,"[0, 1, 1, 1, 0, 1, 1, 1, 1, 0]",35.19,31.82,38.33,22.05,253448.05
TG,7.69,4,"[0, 0, 0, 0, 1, 1, 0, 0, 1, 1]",7.78,8.16,10.35,6.29,184542.35
FRST,15.9,8,"[0, 1, 1, 1, 1, 1, 1, 1, 1, 0]",16.0,13.97,16.67,9.31,161905.75
EVTL,0.68,1,"[0, 0, 0, 0, 0, 0, 0, 0, 1, 0]",1.33,3.28,7.28,0.68,10152199.15
IRD,3.62,4,"[0, 0, 0, 0, 1, 1, 1, 0, 1, 0]",3.73,3.64,5.75,1.23,775115.0
LE,11.83,1,"[0, 0, 0, 0, 0, 0, 0, 0, 1, 0]",11.97,13.58,19.15,10.09,158595.1
QUIK,10.73,5,"[0, 0, 0, 1, 1, 1, 1, 0, 1, 0]",14.19,11.81,23.74,4.89,263679.0
TLS,4.82,6,"[1, 1, 1, 1, 0, 0, 0, 0, 1, 1]",4.58,4.75,7.76,3.88,530808.1
SHIP,17.66,9,"[1, 1, 1, 1, 1, 1, 1, 1, 1, 0]",15.84,13.13,18.17,7.38,279656.5
DBI,5.47,4,"[0, 0, 0, 0, 1, 1, 1, 0, 1, 0]",5.89,6.42,9.04,3.09,436121.95
ALTO,3.96,5,"[0, 0, 0, 1, 1, 1, 1, 0, 1, 0]",4.85,4.01,5.99,0.92,2010881.35
PAYS,12.46,10,"[1, 1, 1, 1, 1, 1, 1, 1, 1, 1]",10.25,6.47,14.14,3.18,859822.75
VMD,8.84,5,"[0, 0, 0, 1, 1, 1, 1, 0, 1, 0]",10.77,9.09,12.33,6.26,516163.4
CURR,3.28,9,"[1, 1, 1, 1, 1, 1, 1, 0, 1, 1]",3.24,2.71,4.49,1.38,212589.45
MEI,18.23,10,"[1, 1, 1, 1, 1, 1, 1, 1, 1, 1]",15.96,9.99,19.36,5.0,628752.05
NAUT,0.97,3,"[0, 0, 0, 0, 1, 0, 1, 0, 1, 0]",1.39,2.18,3.95,0.64,708049.25
DMAC,6.35,2,"[0, 0, 0, 1, 0, 0, 0, 0, 1, 0]",6.87,7.19,9.39,5.3,126351.15
CAN,0.36,4,"[1, 0, 0, 0, 0, 0, 1, 0, 1, 1]",0.28,0.52,2.05,0.17,21311296.2
RMAX,11.1,9,"[1, 1, 1, 1, 0, 1, 1, 1, 1, 1]",9.89,8.12,11.6,5.66,371927.2
NMRA,1.33,2,"[0, 0, 0, 0, 0, 0, 1, 0, 1, 0]",1.6,2.09,3.59,0.92,723811.6
HLLY,2.86,4,"[1, 0, 0, 0, 0, 1, 0, 0, 1, 1]",2.75,3.33,4.39,2.36,1069796.15
LVWR,1.22,3,"[1, 0, 0, 0, 0, 0, 1, 0, 1, 0]",1.19,2.17,6.21,0.65,734977.05
IMRX,4.99,3,"[1, 0, 0, 0, 0, 0, 0, 0, 1, 1]",4.82,5.29,9.26,3.92,655523.0
TSSI,7.87,2,"[0, 0, 0, 0, 1, 0, 0, 0, 1, 0]",10.43,10.87,20.42,6.92,984077.65
SLP,18.4,9,"[1, 1, 1, 1, 0, 1, 1, 1, 1, 1]",18.31,16.32,20.84,11.36,166802.1
ABEO,5.85,8,"[0, 1, 1, 1, 1, 1, 1, 1, 1, 0]",6.4,5.47,7.46,4.17,1610228.2
REPL,15.3,9,"[1, 1, 1, 1, 0, 1, 1, 1, 1, 1]",11.91,8.46,15.88,1.7,4134850.5
DSX,2.73,9,"[1, 1, 1, 0, 1, 1, 1, 1, 1, 1]",2.32,2.26,2.88,1.55,929988.0
STRZ,26.48,9,"[0, 1, 1, 1, 1, 1, 1, 1, 1, 1]",27.03,17.85,30.21,8.65,221319.45
SLN,13.53,10,"[1, 1, 1, 1, 1, 1, 1, 1, 1, 1]",11.56,7.52,15.43,4.3,1894243.9
ATOM,4.16,4,"[0, 0, 0, 0, 1, 1, 1, 0, 1, 0]",5.85,5.17,12.11,1.99,514451.3
BRCC,8.04,4,"[0, 0, 0, 0, 0, 0, 1, 1, 1, 1]",,,8.57,0.62,1054481.95
TYGO,1.07,2,"[0, 0, 0, 0, 1, 0, 0, 0, 1, 0]",1.66,2.79,5.16,1.04,1581488.85
PINE,19.46,8,"[0, 1, 1, 1, 1, 1, 1, 1, 1, 0]",20.21,18.56,21.75,12.57,102032.35
AZ,6.38,4,"[1, 0, 0, 0, 0, 1, 0, 0, 1, 1]",6.12,6.42,9.1,5.12,674055.75
ZNTL,3.76,7,"[0, 1, 1, 1, 1, 1, 1, 0, 1, 0]",4.36,3.2,6.61,1.28,1082623.15
RPAY,3.59,5,"[0, 1, 1, 1, 0, 0, 1, 0, 1, 0]",3.85,3.48,5.96,2.4,440027.35
ASYS,14.62,5,"[0, 0, 0, 1, 1, 1, 1, 0, 1, 0]",16.97,15.15,23.99,5.8,487584.4
NVCT,22.73,10,"[1, 1, 1, 1, 1, 1, 1, 1, 1, 1]",20.8,11.65,28.53,5.65,222902.6
MASS,10.67,10,"[1, 1, 1, 1, 1, 1, 1, 1, 1, 1]",8.79,7.19,11.1,5.09,544540.7
FLWS,3.65,3,"[0, 0, 0, 1, 0, 1, 0, 0, 1, 0]",3.89,3.85,5.65,3.0,203661.8
RZLT,4.69,5,"[0, 1, 1, 1, 0, 0, 1, 0, 1, 0]",4.85,4.23,10.94,1.4,1414789.45
PRLD,5.6,10,"[1, 1, 1, 1, 1, 1, 1, 1, 1, 1]",4.96,3.54,6.63,0.99,539811.3
GSIT,5.54,3,"[0, 0, 0, 0, 1, 0, 1, 0, 1, 0]",6.31,7.12,12.97,2.91,484291.4
ZIP,4.26,9,"[1, 1, 1, 1, 0, 1, 1, 1, 1, 1]",4.2,3.42,5.49,1.69,1141749.85
EDIT,3.06,8,"[1, 1, 1, 1, 1, 0, 1, 0, 1, 1]",2.99,2.6,4.15,1.66,2697692.8
RILY,6.92,4,"[0, 0, 0, 0, 1, 1, 1, 0, 1, 0]",7.32,7.22,10.68,3.72,567698.55
CXDO,6.14,3,"[0, 0, 0, 0, 1, 1, 0, 0, 1, 0]",7.06,7.07,10.47,5.6,359237.55
PALI,1.95,7,"[0, 1, 1, 1, 0, 1, 1, 0, 1, 1]",2.02,1.94,2.8,0.54,1610802.85
BKKT,7.67,2,"[0, 0, 0, 0, 0, 0, 0, 0, 1, 1]",7.88,10.37,45.04,6.85,1574343.05
SMWB,9.29,8,"[1, 1, 1, 1, 0, 0, 1, 1, 1, 1]",7.21,5.28,10.1,2.33,1088135.55
SY,2.91,6,"[1, 1, 1, 0, 0, 0, 1, 0, 1, 1]",1.93,2.6,4.47,1.32,875096.1
VFF,2.88,5,"[1, 1, 0, 0, 0, 0, 1, 0, 1, 1]",2.19,2.88,4.18,1.84,1200517.5
ELDN,2.98,6,"[0, 0, 1, 1, 1, 1, 1, 0, 1, 0]",3.68,2.9,4.36,1.39,915787.55
FNKO,6.72,10,"[1, 1, 1, 1, 1, 1, 1, 1, 1, 1]",5.92,4.52,7.1,2.81,1344217.8
VLN,1.78,5,"[0, 0, 0, 0, 1, 1, 1, 0, 1, 1]",1.85,1.83,3.53,1.11,903267.65
SGHT,8.5,9,"[1, 1, 1, 1, 0, 1, 1, 1, 1, 1]",6.33,5.83,9.05,3.2,324359.2
SHMD,3.09,4,"[0, 0, 0, 0, 1, 1, 1, 0, 1, 0]",4.75,6.04,10.42,2.1,745639.0
OPTX,8.19,7,"[0, 0, 1, 1, 1, 1, 1, 0, 1, 1]",8.6,7.05,14.11,1.25,283679.25
ACIU,2.64,3,"[1, 0, 0, 0, 0, 0, 0, 0, 1, 1]",2.46,2.84,3.99,2.12,236758.75
MBI,4.83,1,"[0, 0, 0, 0, 0, 0, 0, 0, 1, 0]",5.69,6.28,7.94,4.79,559392.6
TARA,3.86,1,"[0, 0, 0, 0, 0, 0, 0, 0, 1, 0]",4.02,5.16,7.56,3.03,378718.3
PDYN,5.71,4,"[0, 0, 0, 0, 1, 0, 1, 0, 1, 1]",5.73,6.21,10.3,4.15,918841.65
CCCC,3.71,9,"[0, 1, 1, 1, 1, 1, 1, 1, 1, 1]",3.95,3.02,4.67,1.71,2367622.6
DEFT,0.6,4,"[1, 0, 0, 0, 0, 0, 1, 0, 1, 1]",0.49,0.74,2.72,0.39,2674176.45
USAU,15.81,3,"[1, 0, 0, 0, 0, 0, 0, 0, 1, 1]",14.95,16.53,22.6,12.31,229294.2
FATE,2.39,8,"[0, 1, 1, 1, 1, 1, 1, 1, 1, 0]",2.6,1.7,3.11,0.95,2056859.9
TWIN,22.95,8,"[0, 1, 1, 1, 1, 1, 1, 1, 1, 0]",23.15,18.43,25.11,11.9,107233.55
CGEN,2.56,10,"[1, 1, 1, 1, 1, 1, 1, 1, 1, 1]",2.37,2.15,3.1,1.33,342816.45
ALXO,1.93,6,"[0, 0, 1, 1, 1, 1, 1, 0, 1, 0]",2.01,1.81,2.6,1.02,1083681.4
ACH,1.21,2,"[0, 0, 0, 0, 1, 0, 0, 0, 1, 0]",2.62,2.68,5.62,0.95,2240949.3
CNDT,1.72,6,"[1, 1, 1, 1, 0, 0, 1, 0, 1, 0]",1.55,1.62,2.96,1.16,958979.65
AIRS,2.52,4,"[0, 0, 0, 1, 1, 0, 1, 0, 1, 0]",4.02,3.36,11.65,1.58,1074040.1
IKT,2.31,10,"[1, 1, 1, 1, 1, 1, 1, 1, 1, 1]",2.22,1.86,2.5,1.41,485907.55
PRE,26.25,10,"[1, 1, 1, 1, 1, 1, 1, 1, 1, 1]",19.65,18.16,26.25,8.01,269069.9
RDCM,10.21,2,"[0, 0, 0, 0, 0, 0, 0, 0, 1, 1]",12.05,12.78,16.14,10.01,153575.7
CHRS,1.35,2,"[0, 0, 0, 0, 1, 0, 0, 0, 1, 0]",1.41,1.57,2.51,1.1,1379740.9
ARTV,11.3,10,"[1, 1, 1, 1, 1, 1, 1, 1, 1, 1]",10.42,7.25,13.39,2.28,298877.15
SIDU,2.17,5,"[0, 0, 0, 0, 1, 1, 1, 0, 1, 1]",2.27,2.68,6.2,0.63,5205769.6
TRDA,7.05,3,"[0, 0, 0, 0, 0, 1, 1, 0, 1, 0]",7.07,9.7,16.03,5.06,292315.55
LAW,4.38,5,"[1, 1, 0, 0, 0, 0, 1, 0, 1, 1]",4.04,4.89,8.91,2.76,234474.3
OPRT,7.35,10,"[1, 1, 1, 1, 1, 1, 1, 1, 1, 1]",6.41,5.5,8.09,4.13,488766.9
JACK,16.51,7,"[1, 1, 1, 1, 0, 1, 1, 0, 1, 0]",15.96,15.86,23.52,9.4,843719.0
ARCT,14.76,8,"[1, 1, 1, 1, 1, 0, 1, 0, 1, 1]",8.04,7.59,23.16,5.53,1446228.75
FOSL,4.97,9,"[1, 1, 1, 1, 1, 1, 1, 1, 1, 0]",4.77,4.22,6.09,1.79,911729.25
INSG,4.18,1,"[0, 0, 0, 0, 0, 0, 0, 0, 1, 0]",6.95,10.84,20.29,4.02,451818.55
FHTX,5.74,10,"[1, 1, 1, 1, 1, 1, 1, 1, 1, 1]",5.55,5.1,7.07,3.53,350668.4
CDXS,1.7,4,"[0, 0, 0, 0, 1, 0, 1, 0, 1, 1]",1.9,1.89,2.85,0.98,1124161.7
VUZI,2.61,2,"[0, 0, 0, 0, 0, 0, 0, 0, 1, 1]",2.61,2.84,5.14,2.03,1060536.3
NXDT,5.31,10,"[1, 1, 1, 1, 1, 1, 1, 1, 1, 1]",5.16,4.44,5.78,2.4,198184.45
SILC,43.05,10,"[1, 1, 1, 1, 1, 1, 1, 1, 1, 1]",42.91,29.13,50.98,13.5,213157.85
RNAC,9.28,10,"[1, 1, 1, 1, 1, 1, 1, 1, 1, 1]",9.08,7.64,10.64,5.84,123154.2
NBP,1.82,3,"[1, 0, 0, 0, 0, 0, 0, 0, 1, 1]",1.82,2.75,6.56,1.47,267156.55
XPOF,5.45,1,"[0, 0, 0, 0, 0, 0, 0, 0, 1, 0]",6.16,6.68,9.0,4.26,1140222.45
PROF,6.8,6,"[0, 1, 0, 1, 0, 1, 1, 1, 1, 0]",7.04,6.9,8.65,3.87,108989.6
NVA,5.18,4,"[1, 0, 0, 0, 0, 0, 1, 0, 1, 1]",5.01,6.69,14.37,2.27,257511.45
CANG,2.39,4,"[1, 0, 0, 0, 0, 0, 1, 0, 1, 1]",1.96,6.93,27.5,1.4,515814.5
LTRX,5.3,3,"[0, 0, 0, 0, 1, 1, 0, 0, 1, 0]",5.7,5.99,8.45,4.45,1081867.85
VYGR,3.45,3,"[1, 0, 0, 0, 0, 0, 0, 0, 1, 1]",3.33,3.79,5.33,3.0,432653.15
DUOT,9.28,5,"[0, 0, 0, 1, 0, 1, 1, 0, 1, 1]",9.57,9.46,14.64,6.17,1294307.15
AIRJ,4.53,7,"[0, 1, 1, 1, 1, 1, 1, 0, 1, 0]",4.86,3.88,6.59,2.51,1792642.15
EAF,7.2,3,"[1, 0, 0, 0, 0, 0, 1, 0, 1, 0]",6.92,9.9,19.82,5.23,213903.35
OSG,4.36,2,"[0, 0, 0, 1, 0, 0, 0, 0, 1, 0]",5.52,5.99,10.08,3.94,538417.2
OABI,4.38,10,"[1, 1, 1, 1, 1, 1, 1, 1, 1, 1]",2.81,2.1,4.81,1.36,2333077.4
SPCE,2.92,4,"[1, 0, 0, 0, 0, 0, 1, 0, 1, 1]",2.83,3.05,7.52,2.17,7953997.8
POWW,2.16,8,"[0, 1, 1, 1, 1, 1, 1, 1, 1, 0]",2.26,2.02,2.56,1.42,635635.25
OBIO,5.04,9,"[1, 1, 1, 1, 0, 1, 1, 1, 1, 1]",4.31,4.26,5.66,2.35,316987.5
ALTG,5.9,5,"[0, 0, 0, 1, 1, 1, 1, 0, 1, 0]",6.68,6.26,8.57,4.19,171308.95
HUMA,0.6,1,"[0, 0, 0, 0, 0, 0, 0, 0, 1, 0]",0.68,0.95,2.48,0.55,9503378.7
LOVE,15.6,8,"[0, 1, 1, 1, 1, 1, 1, 1, 1, 0]",16.88,14.93,20.75,10.54,178879.05
ALEC,2.26,8,"[1, 1, 1, 0, 1, 1, 1, 0, 1, 1]",1.84,1.9,3.32,1.14,1590677.95
UIS,2.7,4,"[0, 0, 0, 1, 1, 0, 1, 0, 1, 0]",3.26,2.89,4.78,2.0,616158.9
LFMD,3.09,2,"[0, 0, 0, 0, 1, 0, 0, 0, 1, 0]",3.91,3.88,6.97,2.64,990398.3
WALD,1.39,3,"[0, 0, 0, 1, 0, 0, 1, 0, 1, 0]",1.55,1.6,3.08,0.76,208992.4
BZAI,0.49,1,"[0, 0, 0, 0, 0, 0, 0, 0, 1, 0]",0.98,1.58,6.29,0.45,7978890.65
HRTX,0.32,1,"[0, 0, 0, 0, 0, 0, 0, 0, 1, 0]",0.41,0.9,1.49,0.3,3188277.0
GPRO,0.88,4,"[1, 0, 0, 0, 0, 0, 1, 0, 1, 1]",0.69,1.06,2.88,0.57,13913257.1
CRNT,2.07,2,"[0, 0, 0, 0, 1, 0, 0, 0, 1, 0]",2.25,2.32,3.2,1.89,422594.05
NKTX,2.71,9,"[1, 1, 1, 1, 1, 1, 1, 0, 1, 1]",2.61,2.42,3.67,1.73,537568.7
AREC,2.36,4,"[1, 0, 0, 0, 0, 0, 1, 0, 1, 1]",2.14,2.56,6.71,1.55,2442005.35
MIST,1.16,2,"[0, 0, 0, 0, 0, 0, 0, 0, 1, 1]",1.19,1.68,2.95,1.01,1702914.2
IMPP,5.25,9,"[1, 1, 1, 1, 1, 0, 1, 1, 1, 1]",4.84,4.57,6.35,3.22,369073.3
RELL,17.32,8,"[0, 1, 1, 1, 1, 1, 1, 1, 1, 0]",18.26,14.07,21.76,9.31,246911.55
OSUR,3.59,8,"[0, 1, 1, 1, 1, 1, 1, 1, 1, 0]",4.04,3.23,4.5,2.11,459994.8
CNTX,0.39,2,"[0, 0, 0, 0, 1, 0, 0, 0, 1, 0]",0.56,1.65,3.36,0.38,2371047.5
MVIS,1.81,1,"[0, 0, 0, 0, 0, 0, 0, 0, 1, 0]",3.89,9.19,21.45,1.66,2253408.0
AMPY,4.92,5,"[1, 0, 0, 0, 1, 0, 1, 0, 1, 1]",4.2,5.04,6.63,3.67,969196.5
TNYA,0.69,2,"[0, 0, 0, 1, 0, 0, 0, 0, 1, 0]",0.76,0.81,2.1,0.55,2054803.4
SMRT,1.33,4,"[1, 0, 0, 0, 0, 0, 1, 0, 1, 1]",1.18,1.47,2.12,0.95,1487237.7
SRI,6.92,7,"[0, 0, 1, 1, 1, 1, 1, 1, 1, 0]",7.17,6.74,9.17,4.72,119937.5
FF,5.27,10,"[1, 1, 1, 1, 1, 1, 1, 1, 1, 1]",4.95,4.1,6.37,3.0,634016.6
ANNA,2.93,4,"[1, 0, 0, 0, 1, 0, 0, 0, 1, 1]",2.9,3.41,10.24,2.31,183891.0
INSE,5.83,1,"[0, 0, 0, 0, 0, 0, 0, 0, 1, 0]",6.82,7.7,9.82,5.83,193600.55
SND,5.27,9,"[1, 1, 1, 0, 1, 1, 1, 1, 1, 1]",4.69,4.4,5.7,1.78,273388.1
SABS,3.71,4,"[0, 0, 0, 0, 0, 1, 1, 1, 1, 0]",3.75,3.81,4.59,1.95,360042.15
SHIM,3.53,4,"[0, 0, 0, 0, 1, 1, 1, 0, 1, 0]",3.9,3.73,6.67,2.05,163940.1
SLNH,1.08,3,"[0, 0, 0, 1, 0, 0, 1, 0, 1, 0]",1.25,1.31,4.42,0.46,9562240.45
DMRC,5.98,3,"[0, 0, 0, 0, 1, 0, 1, 0, 1, 0]",6.92,7.39,16.43,4.36,120268.0
PLBY,1.18,1,"[0, 0, 0, 0, 0, 0, 0, 0, 1, 0]",1.23,1.6,2.71,1.11,819054.35
TONX,3.4,8,"[1, 1, 1, 1, 1, 0, 1, 0, 1, 1]",3.07,2.84,12.36,1.8,343798.9
TKNO,7.18,9,"[1, 1, 1, 1, 0, 1, 1, 1, 1, 1]",5.97,4.16,7.46,1.99,290725.6
KLTR,1.58,9,"[1, 1, 1, 1, 0, 1, 1, 1, 1, 1]",1.45,1.45,1.89,1.08,1129090.9
PESI,18.15,10,"[1, 1, 1, 1, 1, 1, 1, 1, 1, 1]",15.93,13.41,19.43,8.19,488584.7
TENX,1.84,3,"[0, 0, 0, 0, 1, 0, 1, 0, 1, 0]",10.71,11.99,18.32,1.38,11359390.7
ONEW,11.99,5,"[0, 1, 1, 1, 0, 0, 1, 0, 1, 0]",12.0,11.45,16.96,8.35,108565.15
UNCY,5.2,5,"[0, 0, 0, 0, 1, 1, 1, 0, 1, 1]",5.59,6.43,8.56,3.74,727588.7
DPRO,5.42,4,"[1, 0, 0, 0, 0, 0, 1, 0, 1, 1]",4.62,6.25,13.77,3.8,1127645.25
DTIL,7.64,9,"[0, 1, 1, 1, 1, 1, 1, 1, 1, 1]",7.81,6.12,9.28,3.57,287775.45
VERI,0.79,1,"[0, 0, 0, 0, 0, 0, 0, 0, 1, 0]",1.14,2.69,8.39,0.79,4822714.95
SLQT,0.56,1,"[0, 0, 0, 0, 0, 0, 0, 0, 1, 0]",0.74,1.0,2.16,0.52,1342531.65
ANIK,20.87,10,"[1, 1, 1, 1, 1, 1, 1, 1, 1, 1]",17.85,13.72,22.03,8.4,137015.25
QSI,0.77,2,"[0, 0, 0, 0, 0, 0, 0, 0, 1, 1]",0.82,1.01,2.63,0.7,3086892.75
KPTI,2.06,3,"[0, 0, 0, 0, 1, 0, 0, 0, 1, 1]",5.88,7.22,10.67,1.81,1451677.6
CRBP,10.91,7,"[1, 1, 1, 1, 0, 0, 1, 0, 1, 1]",9.5,9.28,19.36,7.38,513464.2
DGXX,3.6,4,"[0, 0, 0, 1, 1, 0, 1, 0, 1, 0]",4.29,3.92,8.46,1.89,3292985.35
KRMD,3.3,1,"[0, 0, 0, 0, 0, 0, 0, 0, 1, 0]",3.88,4.53,6.52,3.2,286993.65
CRBU,1.54,3,"[0, 0, 0, 0, 1, 0, 0, 0, 1, 1]",1.66,1.8,2.84,1.39,990436.45
BHR,2.02,1,"[0, 0, 0, 0, 0, 0, 0, 0, 1, 0]",2.1,2.5,3.14,1.92,297246.65
INGN,5.37,1,"[0, 0, 0, 0, 0, 0, 0, 0, 1, 0]",6.25,6.43,8.95,5.37,260417.35
MGNX,3.99,9,"[0, 1, 1, 1, 1, 1, 1, 1, 1, 1]",4.23,2.97,4.86,1.33,510475.05
ATLX,3.2,3,"[1, 0, 0, 0, 0, 0, 0, 0, 1, 1]",3.19,4.37,7.45,2.56,176045.3
TLSA,0.99,2,"[0, 0, 0, 0, 0, 0, 0, 0, 1, 1]",1.09,1.35,2.29,0.89,1068267.1
IFRX,2.13,10,"[1, 1, 1, 1, 1, 1, 1, 1, 1, 1]",1.99,1.49,2.74,0.82,1056435.4
ELTX,2.7,1,"[0, 0, 0, 0, 0, 0, 0, 0, 1, 0]",3.25,8.15,14.85,2.7,275622.8
CVGI,3.1,5,"[0, 0, 0, 1, 1, 1, 1, 0, 1, 0]",4.12,3.22,5.78,1.34,491819.4
ABOS,2.85,9,"[1, 1, 1, 0, 1, 1, 1, 1, 1, 1]",2.53,2.42,3.37,1.23,360820.45
DOUG,1.85,3,"[1, 0, 0, 0, 0, 0, 0, 0, 1, 1]",1.85,2.09,3.11,1.56,413800.7
AMTX,1.87,5,"[1, 0, 0, 0, 1, 0, 1, 0, 1, 1]",1.7,1.94,3.66,1.32,832338.9
SKYX,1.34,4,"[1, 0, 0, 0, 0, 0, 1, 0, 1, 1]",1.15,1.59,3.13,0.95,910674.95
CVRX,2.96,1,"[0, 0, 0, 0, 0, 0, 0, 0, 1, 0]",4.46,6.63,10.81,2.37,1729403.95
LFCR,4.46,2,"[0, 0, 0, 0, 0, 0, 0, 0, 1, 1]",4.74,6.0,8.82,3.66,121655.3
EPSN,6.23,9,"[1, 1, 1, 0, 1, 1, 1, 1, 1, 1]",5.57,5.35,6.42,4.16,171902.45
ADAG,3.51,6,"[0, 0, 1, 1, 1, 1, 1, 0, 1, 0]",3.87,3.19,4.78,1.4,268935.7
DOMO,3.78,4,"[1, 1, 0, 0, 0, 0, 1, 0, 1, 0]",3.54,5.09,18.2,2.0,898240.2
PYXS,3.24,7,"[1, 1, 1, 1, 0, 0, 1, 0, 1, 1]",2.84,2.29,5.34,1.06,1378483.35
BDTX,2.1,4,"[1, 0, 0, 0, 0, 0, 1, 0, 1, 1]",1.92,2.44,4.87,1.61,590910.05
CNTN,2.28,4,"[1, 0, 0, 0, 1, 0, 0, 0, 1, 1]",2.26,3.09,5.48,1.85,613398.9
TBI,10.49,10,"[1, 1, 1, 1, 1, 1, 1, 1, 1, 1]",8.68,5.84,10.85,3.31,331644.55
THRY,1.91,1,"[0, 0, 0, 0, 0, 0, 0, 0, 1, 0]",3.26,3.98,13.01,1.9,1080620.9
HYPR,0.82,2,"[0, 0, 0, 0, 1, 0, 0, 0, 1, 0]",1.05,1.18,2.2,0.82,570389.9
ORMP,5.02,10,"[1, 1, 1, 1, 1, 1, 1, 1, 1, 1]",4.41,3.64,5.34,2.0,225191.4
RFIL,10.54,5,"[0, 0, 0, 1, 1, 1, 1, 0, 1, 0]",14.44,12.02,21.5,5.65,193009.6
MX,3.13,4,"[0, 0, 0, 0, 1, 1, 1, 0, 1, 0]",3.79,3.59,8.93,2.27,565960.2
OWLT,4.98,1,"[0, 0, 0, 0, 0, 0, 0, 0, 1, 0]",5.56,8.36,16.52,4.44,250335.55
KZIA,13.77,10,"[1, 1, 1, 1, 1, 1, 1, 1, 1, 1]",13.48,10.42,16.9,5.0,267612.0
ONL,2.85,10,"[1, 1, 1, 1, 1, 1, 1, 1, 1, 1]",2.77,2.49,2.98,1.86,338495.8
IMDX,3.92,2,"[0, 0, 0, 0, 0, 0, 1, 0, 1, 0]",4.79,5.32,8.48,2.47,204085.15
ANTX,5.55,9,"[1, 1, 1, 1, 1, 1, 1, 1, 1, 0]",5.25,3.29,6.28,1.03,217670.85
IMUX,15.8,10,"[1, 1, 1, 1, 1, 1, 1, 1, 1, 1]",15.07,10.9,16.9,5.1,192551.75
DIBS,4.37,4,"[0, 0, 0, 0, 0, 1, 1, 0, 1, 1]",4.63,5.14,6.43,2.55,108341.4
CURV,2.2,8,"[0, 1, 1, 1, 1, 1, 1, 1, 1, 0]",2.22,1.6,2.75,0.97,192167.85
APYX,3.05,5,"[0, 0, 0, 1, 1, 1, 1, 0, 1, 0]",3.84,3.83,4.86,1.9,160516.3
RGP,4.19,5,"[0, 1, 0, 1, 0, 1, 0, 1, 1, 0]",4.33,4.26,5.21,3.42,275886.35
CHPT,5.5,1,"[0, 0, 0, 0, 0, 0, 0, 0, 1, 0]",5.86,6.51,12.34,4.51,351896.8
BOOM,7.07,7,"[1, 1, 1, 1, 0, 0, 1, 1, 1, 0]",6.64,6.65,8.97,4.73,124686.3
WATT,11.08,4,"[0, 0, 0, 0, 1, 1, 1, 0, 1, 0]",16.87,15.16,35.33,3.76,201959.1
DHX,4.29,10,"[1, 1, 1, 1, 1, 1, 1, 1, 1, 1]",4.0,2.86,4.45,1.5,269995.15
HURA,2.13,6,"[0, 1, 1, 1, 1, 0, 1, 0, 1, 0]",2.25,1.82,3.15,0.44,266035.65
BZUN,2.84,6,"[1, 1, 1, 1, 0, 0, 1, 0, 1, 0]",2.8,2.71,4.77,2.1,181427.2
IDN,2.77,1,"[0, 0, 0, 0, 0, 0, 0, 0, 1, 0]",3.68,5.39,8.99,2.77,526453.5
SPRO,1.22,2,"[0, 0, 0, 0, 0, 0, 0, 0, 1, 1]",1.54,2.24,2.98,1.15,540508.2
NNBR,3.43,8,"[0, 1, 1, 1, 1, 1, 1, 1, 1, 0]",3.48,2.21,4.11,1.14,3097497.35
CRDL,1.98,10,"[1, 1, 1, 1, 1, 1, 1, 1, 1, 1]",1.37,1.18,2.14,0.93,1526961.3
AGEN,7.61,9,"[1, 1, 1, 1, 1, 1, 1, 1, 1, 0]",5.87,4.15,8.36,2.77,1280258.05
JELD,2.39,6,"[1, 1, 1, 0, 0, 0, 1, 0, 1, 1]",1.62,1.91,6.76,0.95,1970933.95
VWAV,0.83,1,"[0, 0, 0, 0, 0, 0, 0, 0, 1, 0]",2.68,6.64,14.18,0.83,2808655.4
RDZN,1.41,4,"[1, 0, 0, 0, 0, 0, 1, 0, 1, 1]",1.33,1.53,2.41,0.83,244837.1
MBOT,1.49,1,"[0, 0, 0, 0, 0, 0, 0, 0, 1, 0]",1.74,2.05,4.5,1.47,819410.45
QMCO,24.33,10,"[1, 1, 1, 1, 1, 1, 1, 1, 1, 1]",14.69,9.36,26.11,4.31,2430753.55
MED,12.14,6,"[1, 1, 1, 0, 0, 0, 0, 1, 1, 1]",11.01,11.16,14.57,9.45,178802.25
GNLX,2.62,2,"[0, 0, 0, 1, 0, 0, 0, 0, 1, 0]",2.84,3.12,8.24,2.3,395709.25
EMPD,3.22,2,"[0, 0, 0, 0, 0, 0, 0, 0, 1, 1]",3.25,4.2,8.0,2.52,408112.2
GALT,3.95,7,"[1, 1, 1, 1, 0, 0, 1, 0, 1, 1]",3.84,3.47,6.51,2.08,346539.95
BNC,3.09,5,"[1, 1, 0, 0, 0, 0, 1, 0, 1, 1]",2.74,3.85,20.5,1.99,211007.45
SPWR,0.28,1,"[0, 0, 0, 0, 0, 0, 0, 0, 1, 0]",0.44,1.13,2.11,0.22,5117140.55
NTHI,4.94,4,"[1, 0, 0, 0, 0, 0, 1, 0, 1, 1]",4.11,6.63,12.09,3.21,295166.45
VRCA,5.46,4,"[0, 0, 0, 0, 0, 1, 1, 0, 1, 1]",5.51,6.23,9.1,3.28,112859.0
SRFM,0.7,1,"[0, 0, 0, 0, 0, 0, 0, 0, 1, 0]",0.82,1.52,5.45,0.66,2180003.8
EQ,2.27,8,"[0, 1, 1, 1, 1, 1, 1, 0, 1, 1]",2.54,1.96,3.2,0.84,480982.65
AMWL,11.97,10,"[1, 1, 1, 1, 1, 1, 1, 1, 1, 1]",11.05,7.07,13.58,3.78,117948.55
TTEC,1.34,1,"[0, 0, 0, 0, 0, 0, 0, 0, 1, 0]",2.01,2.68,3.88,1.34,593269.6
DFDV,5.38,6,"[1, 1, 1, 0, 0, 0, 1, 0, 1, 1]",3.18,4.41,18.51,2.47,1453252.2
BNAI,11.26,4,"[0, 0, 0, 0, 1, 1, 1, 0, 1, 0]",14.24,19.83,63.0,1.2,109425.35
TMCI,4.7,8,"[1, 1, 1, 1, 1, 0, 1, 0, 1, 1]",4.42,2.88,7.44,1.2,418837.85
CHGG,0.85,3,"[0, 0, 0, 1, 0, 0, 1, 0, 1, 0]",0.91,0.91,1.84,0.45,1117452.95
HSDT,2.21,5,"[1, 1, 0, 0, 0, 0, 1, 0, 1, 1]",1.78,2.33,24.13,1.27,273414.45
SAFX,0.36,3,"[0, 0, 0, 1, 0, 0, 1, 0, 1, 0]",0.42,0.4,1.45,0.14,4419423.5
AIFC,0.55,4,"[1, 0, 0, 0, 0, 0, 1, 0, 1, 1]",0.52,1.13,5.58,0.37,1009861.25
SUIG,0.98,2,"[0, 0, 0, 0, 0, 0, 0, 0, 1, 1]",1.04,1.45,6.56,0.81,561206.85
INVE,2.81,3,"[1, 0, 0, 0, 0, 0, 0, 0, 1, 1]",2.79,3.45,5.29,2.5,271132.5
GCTS,1.8,6,"[0, 0, 1, 1, 1, 1, 1, 0, 1, 0]",2.22,1.7,3.73,0.99,2475535.95
FFAI,2.26,7,"[0, 1, 1, 1, 1, 1, 1, 0, 1, 0]",3.37,1.33,16.8,0.12,1025313.6
PEPG,2.99,4,"[1, 0, 0, 0, 0, 0, 1, 0, 1, 1]",2.35,3.69,7.17,1.19,1084174.35
BLNK,0.52,1,"[0, 0, 0, 0, 0, 0, 0, 0, 1, 0]",0.57,0.74,2.5,0.47,1187565.1
GUTS,0.71,5,"[0, 1, 0, 1, 0, 0, 1, 0, 1, 1]",0.75,0.98,2.37,0.39,1280311.3
INO,1.27,4,"[1, 0, 0, 0, 0, 0, 1, 0, 1, 1]",1.06,1.44,2.87,0.66,4795930.15
RANI,0.85,4,"[1, 0, 0, 0, 0, 0, 1, 0, 1, 1]",0.78,1.1,2.85,0.46,701016.25
CMTL,1.69,2,"[0, 0, 0, 0, 0, 0, 0, 0, 1, 1]",1.83,3.74,5.98,1.62,331261.8
TUSK,3.13,10,"[1, 1, 1, 1, 1, 1, 1, 1, 1, 1]",2.98,2.56,3.84,1.73,230909.05
STIM,2.84,10,"[1, 1, 1, 1, 1, 1, 1, 1, 1, 1]",2.14,1.68,3.69,1.18,3000981.45
CUE,25.52,7,"[0, 1, 1, 1, 1, 1, 1, 0, 1, 0]",29.24,18.64,36.78,5.31,195555.6
ARQ,2.12,2,"[0, 0, 0, 0, 0, 0, 0, 0, 1, 1]",2.2,2.81,7.4,1.64,225428.35
HCAT,1.64,3,"[0, 0, 0, 1, 0, 0, 1, 0, 1, 0]",1.97,1.87,3.46,1.0,939404.45
BMEA,1.68,7,"[1, 1, 1, 0, 1, 0, 1, 0, 1, 1]",1.34,1.36,2.67,0.96,1527651.5
CBUS,1.62,4,"[0, 0, 0, 0, 1, 1, 1, 0, 1, 0]",1.74,1.87,4.05,1.16,139653.1
GEOS,5.27,1,"[0, 0, 0, 0, 0, 0, 0, 0, 1, 0]",6.45,11.1,28.41,5.14,166543.3
HOVR,1.67,3,"[0, 0, 0, 0, 1, 0, 1, 0, 1, 0]",1.85,1.91,3.91,1.2,940188.45
CGTX,1.03,3,"[0, 0, 0, 0, 0, 0, 1, 0, 1, 1]",1.04,1.2,2.61,0.6,554852.0
FLL,2.03,1,"[0, 0, 0, 0, 0, 0, 0, 0, 1, 0]",2.4,2.51,3.58,1.97,126367.25
CYPH,1.83,8,"[1, 1, 1, 1, 0, 1, 1, 0, 1, 1]",0.83,0.97,2.97,0.28,7236417.5
CRGO,1.28,2,"[0, 0, 0, 0, 0, 0, 0, 0, 1, 1]",1.32,1.93,4.1,1.15,411840.0
DTI,2.47,6,"[1, 0, 0, 0, 1, 1, 1, 0, 1, 1]",2.3,2.96,4.49,1.89,236210.5
BTCS,1.36,4,"[1, 0, 0, 0, 0, 0, 1, 0, 1, 1]",1.12,1.88,5.96,0.98,2366737.5
ZVIA,1.41,2,"[0, 0, 0, 1, 0, 0, 0, 0, 1, 0]",1.54,1.67,2.73,1.13,454465.2
ALDX,1.48,1,"[0, 0, 0, 0, 0, 0, 0, 0, 1, 0]",1.74,3.09,5.83,1.24,765539.2
EXFY,2.52,9,"[1, 1, 1, 1, 0, 1, 1, 1, 1, 1]",2.01,1.42,2.72,0.75,1266202.1
ONCY,0.84,2,"[0, 0, 0, 0, 0, 0, 0, 0, 1, 1]",0.85,0.94,1.42,0.75,627424.7
TEAD,0.5,2,"[0, 0, 0, 0, 1, 0, 0, 0, 1, 0]",0.77,0.8,1.75,0.47,233041.75
NRXP,3.48,9,"[0, 1, 1, 1, 1, 1, 1, 1, 1, 1]",3.7,2.83,4.62,1.68,1172215.8
OCCI,2.57,3,"[1, 0, 0, 0, 0, 0, 0, 0, 1, 1]",2.47,3.14,4.81,2.23,222811.75
ARBE,0.65,1,"[0, 0, 0, 0, 0, 0, 0, 0, 1, 0]",0.73,0.96,2.69,0.56,866218.5
TLYS,3.92,7,"[0, 1, 1, 1, 1, 1, 1, 0, 1, 0]",4.02,3.15,5.45,1.18,112907.8
UPXI,1.09,5,"[1, 1, 0, 0, 0, 0, 1, 0, 1, 1]",0.86,1.37,7.7,0.56,2910445.2
LGO,0.72,3,"[1, 0, 0, 0, 0, 0, 0, 0, 1, 1]",0.68,1.05,2.52,0.58,693757.4
BAER,1.09,2,"[0, 0, 0, 0, 1, 0, 0, 0, 1, 0]",1.64,2.01,3.27,1.09,1854086.0
SEV,2.37,5,"[1, 1, 0, 0, 0, 0, 1, 0, 1, 1]",2.07,2.99,10.84,1.41,318108.0
FRMM,5.67,6,"[0, 1, 1, 1, 0, 0, 1, 0, 1, 1]",5.8,5.38,26.7,1.79,176953.9
GNSS,1.45,1,"[0, 0, 0, 0, 0, 0, 0, 0, 1, 0]",1.7,1.93,2.58,1.45,106789.1
ATYR,0.53,4,"[1, 0, 0, 0, 0, 0, 1, 0, 1, 1]",0.53,0.7,6.03,0.4,609364.65
OCC,13.42,7,"[0, 1, 1, 1, 1, 1, 1, 0, 1, 0]",15.86,10.6,26.92,4.16,226809.65
QTTB,14.87,7,"[0, 1, 1, 1, 1, 1, 1, 0, 1, 0]",14.94,7.82,21.38,1.66,422817.5
STEX,0.75,1,"[0, 0, 0, 0, 0, 0, 0, 0, 1, 0]",0.82,1.94,7.0,0.69,923390.55
LIDR,1.15,2,"[0, 0, 0, 0, 0, 0, 0, 0, 1, 1]",1.26,1.79,3.35,1.02,860966.95
MXCT,1.29,7,"[1, 1, 1, 1, 0, 0, 1, 0, 1, 1]",1.23,1.13,1.83,0.68,832063.3
AVD,2.2,1,"[0, 0, 0, 0, 0, 0, 0, 0, 1, 0]",2.5,3.4,5.81,2.06,326706.25
NAMM,1.38,4,"[0, 0, 0, 0, 1, 0, 1, 0, 1, 1]",1.52,1.95,6.4,0.92,573454.75
SPAI,5.28,6,"[1, 1, 1, 0, 0, 0, 1, 0, 1, 1]",4.37,4.59,8.95,3.23,549238.9
BTMD,1.64,1,"[0, 0, 0, 0, 0, 0, 0, 0, 1, 0]",1.96,2.12,3.49,1.3,333057.85
GRWG,1.61,8,"[1, 1, 1, 1, 0, 1, 1, 0, 1, 1]",1.53,1.43,2.2,1.04,546255.45
DTCX,2.22,5,"[1, 1, 0, 0, 0, 0, 1, 0, 1, 1]",2.04,2.48,5.98,1.63,243593.55
PN,2.64,1,"[0, 0, 0, 0, 0, 0, 0, 0, 1, 0]",5.13,8.57,23.67,2.21,981464.35
TCRX,0.73,2,"[0, 0, 0, 0, 0, 0, 0, 0, 1, 1]",0.86,1.01,2.52,0.72,308487.4
DOMH,2.34,1,"[0, 0, 0, 0, 0, 0, 0, 0, 1, 0]",2.73,3.16,6.22,2.23,206251.75
STEM,5.72,2,"[0, 0, 0, 0, 0, 0, 0, 0, 1, 1]",6.29,11.13,29.79,4.95,124612.95
ZTEK,0.52,2,"[0, 0, 0, 0, 0, 0, 1, 0, 1, 0]",0.54,0.62,1.06,0.37,179985.5
JFB,4.75,4,"[1, 0, 0, 0, 0, 0, 1, 0, 1, 1]",4.39,7.2,16.78,2.54,487566.75
ANVS,1.72,1,"[0, 0, 0, 0, 0, 0, 0, 0, 1, 0]",1.8,2.48,5.1,1.59,566215.95
ZSQR,2.95,1,"[0, 0, 0, 0, 0, 0, 0, 0, 1, 0]",6.35,11.45,18.8,2.95,354548.9
ACRV,2.09,7,"[1, 1, 1, 1, 0, 0, 1, 0, 1, 1]",1.82,1.86,3.01,1.29,370765.45
AFCG,3.6,9,"[1, 1, 1, 1, 1, 0, 1, 1, 1, 1]",3.01,2.82,4.48,2.02,116445.7
PMVP,1.21,3,"[0, 0, 0, 0, 1, 0, 0, 0, 1, 1]",1.24,1.27,1.8,1.02,225244.5
MDAI,1.57,3,"[0, 0, 0, 0, 1, 0, 1, 0, 1, 0]",1.66,1.69,2.68,1.2,177010.15
CPSH,3.89,3,"[0, 0, 0, 0, 1, 1, 0, 0, 1, 0]",4.52,4.66,11.59,3.04,223867.35
OMEX,0.86,4,"[1, 0, 0, 0, 0, 0, 1, 0, 1, 1]",0.79,1.35,4.12,0.6,386288.8
FTCI,2.35,1,"[0, 0, 0, 0, 0, 0, 0, 0, 1, 0]",3.52,6.38,12.5,1.99,299005.65
PDSB,0.21,1,"[0, 0, 0, 0, 0, 0, 0, 0, 1, 0]",0.61,0.82,1.43,0.2,3044323.3
FLD,0.5,4,"[1, 0, 0, 0, 0, 0, 1, 0, 1, 1]",0.47,1.46,4.53,0.38,447387.9
RRGB,9.13,10,"[1, 1, 1, 1, 1, 1, 1, 1, 1, 1]",7.97,4.97,10.59,2.59,452259.7
XTIA,1.35,2,"[0, 0, 0, 0, 1, 0, 0, 0, 1, 0]",1.52,1.76,3.06,1.24,669859.5
KLXE,1.54,2,"[0, 0, 0, 0, 1, 0, 0, 0, 1, 0]",2.07,2.41,4.27,1.48,698604.45
FEAM,1.6,4,"[1, 0, 0, 0, 0, 0, 1, 0, 1, 1]",1.41,2.19,7.03,1.05,1223574.6
CING,5.17,6,"[1, 0, 0, 0, 1, 1, 1, 0, 1, 1]",5.03,5.25,11.66,3.33,160997.05
IMMP,0.37,1,"[0, 0, 0, 0, 0, 0, 0, 0, 1, 0]",0.4,1.31,3.18,0.31,122399.95
IBIO,1.27,4,"[0, 0, 0, 0, 1, 1, 1, 0, 1, 0]",1.48,1.84,3.07,0.79,703019.15
ENTX,2.95,8,"[1, 1, 1, 1, 0, 1, 1, 1, 1, 0]",2.43,1.74,3.92,1.0,395482.65
EHTH,1.13,1,"[0, 0, 0, 0, 0, 0, 0, 0, 1, 0]",1.4,2.21,5.65,1.13,252579.05
HYFT,1.34,3,"[0, 0, 0, 1, 0, 0, 1, 0, 1, 0]",1.42,1.53,2.78,1.02,126393.8
BLNE,1.0,1,"[0, 0, 0, 0, 0, 0, 0, 0, 1, 0]",1.05,1.89,4.35,0.88,382048.0
PSIG,1.63,4,"[0, 0, 0, 0, 1, 0, 1, 0, 1, 1]",2.22,4.98,11.85,1.08,494772.6
SPWH,1.19,2,"[0, 0, 0, 0, 0, 0, 0, 0, 1, 1]",1.2,1.39,3.38,1.12,280571.0
ONMD,0.59,1,"[0, 0, 0, 0, 0, 0, 0, 0, 1, 0]",0.66,0.9,3.14,0.5,510172.35
GRML,4.85,3,"[0, 0, 0, 0, 0, 0, 1, 0, 1, 1]",,,9.71,0.17,6773891.6
AMPG,3.37,5,"[0, 0, 0, 1, 1, 1, 1, 0, 1, 0]",5.55,3.86,9.7,1.76,2626199.1
CHRN,18.18,7,"[0, 1, 1, 1, 1, 1, 1, 0, 1, 0]",21.94,13.32,29.63,3.83,174700.4
IPWR,4.9,8,"[1, 1, 1, 1, 1, 0, 1, 0, 1, 1]",4.59,4.24,8.99,2.68,221132.2
ZEO,0.24,1,"[0, 0, 0, 0, 0, 0, 0, 0, 1, 0]",0.55,0.87,1.99,0.24,353434.6
STKE,1.21,4,"[1, 0, 0, 0, 0, 0, 1, 0, 1, 1]",1.17,1.53,9.13,0.89,202707.45
ILLR,0.96,2,"[0, 0, 0, 0, 0, 0, 1, 0, 1, 0]",1.53,2.37,14.8,0.26,489993.55
VIVO,4.07,8,"[0, 1, 1, 1, 1, 1, 1, 0, 1, 1]",4.4,3.31,6.6,1.21,449864.15
BWEN,4.3,9,"[0, 1, 1, 1, 1, 1, 1, 1, 1, 1]",4.63,3.35,5.44,1.97,665442.4
COCH,0.73,7,"[1, 1, 1, 1, 0, 0, 1, 0, 1, 1]",0.71,0.7,1.59,0.39,105452.65
BIRD,2.45,2,"[0, 0, 0, 0, 0, 0, 0, 0, 1, 1]",2.64,3.53,14.86,1.93,704891.2
BEAT,0.47,1,"[0, 0, 0, 0, 0, 0, 0, 0, 1, 0]",0.57,1.18,3.44,0.47,447326.85
RDAC,4.56,1,"[0, 0, 0, 0, 0, 0, 0, 0, 1, 0]",5.9,7.22,20.51,4.56,910116.7
FTEK,1.42,2,"[0, 0, 0, 1, 0, 0, 0, 0, 1, 0]",1.59,1.5,3.63,1.19,146172.35
PPSI,2.93,1,"[0, 0, 0, 0, 0, 0, 0, 0, 1, 0]",3.26,3.8,6.08,2.37,113049.95
TELA,0.74,2,"[0, 0, 0, 0, 0, 0, 1, 0, 1, 0]",0.74,0.87,1.74,0.56,311548.65
GAME,2.85,4,"[0, 0, 0, 0, 0, 0, 1, 1, 1, 1]",,,3.65,0.25,1463730.35
ARAY,0.26,1,"[0, 0, 0, 0, 0, 0, 0, 0, 1, 0]",0.27,0.53,1.85,0.23,743233.0
FGNX,8.15,5,"[1, 1, 0, 0, 0, 0, 1, 0, 1, 1]",6.49,8.95,60.7,4.23,115842.5
HYPD,3.42,5,"[1, 1, 0, 0, 0, 0, 1, 0, 1, 1]",2.95,3.45,14.98,2.34,526324.0
ASTI,2.88,4,"[0, 0, 0, 0, 1, 1, 1, 0, 1, 0]",3.63,4.54,9.02,1.43,301742.5
DARE,0.76,1,"[0, 0, 0, 0, 0, 0, 0, 0, 1, 0]",1.47,1.84,3.27,0.74,1157826.3
ALGS,5.86,3,"[0, 0, 0, 0, 0, 0, 1, 0, 1, 1]",5.87,7.15,13.3,4.08,137710.55
BEEM,1.42,4,"[1, 0, 0, 0, 0, 0, 1, 0, 1, 1]",1.2,1.51,3.88,0.98,2456468.25
SST,2.24,4,"[1, 0, 0, 0, 0, 0, 1, 0, 1, 1]",2.1,3.12,8.92,1.37,707339.6
WKHS,3.43,5,"[1, 1, 0, 0, 0, 0, 1, 0, 1, 1]",2.97,4.17,15.6,2.34,108722.45
INMB,2.3,9,"[1, 1, 1, 1, 0, 1, 1, 1, 1, 1]",1.91,1.58,2.44,1.12,393817.35
JZ,1.28,1,"[0, 0, 0, 0, 0, 0, 0, 0, 1, 0]",2.82,22.39,93.0,1.28,2406533.15
PSQH,5.46,4,"[1, 0, 0, 0, 0, 0, 1, 0, 1, 1]",4.9,10.7,42.45,3.01,490786.4
RPGL,1.57,1,"[0, 0, 0, 0, 0, 0, 0, 0, 1, 0]",1.95,156.36,3984.0,1.57,533426.15
GRCE,2.13,2,"[0, 0, 0, 0, 0, 0, 0, 0, 1, 1]",2.26,3.09,5.13,2.07,149535.2
TRAW,0.59,3,"[0, 0, 0, 0, 0, 0, 1, 0, 1, 1]",0.62,1.46,3.13,0.44,102104.05
BOLD,2.81,10,"[1, 1, 1, 1, 1, 1, 1, 1, 1, 1]",2.62,1.6,3.0,1.05,234733.25
ARAI,0.24,1,"[0, 0, 0, 0, 0, 0, 0, 0, 1, 0]",0.31,1.36,6.3,0.22,509234.55
AGPU,9.96,8,"[1, 1, 1, 1, 0, 1, 1, 0, 1, 1]",8.23,5.7,18.0,1.41,406028.1
MNTS,4.25,3,"[0, 0, 0, 0, 0, 0, 1, 0, 1, 1]",5.26,7.3,30.54,3.23,1166263.25
BZFD,1.19,7,"[0, 1, 1, 1, 1, 0, 1, 0, 1, 1]",1.27,1.04,2.09,0.57,510388.85
SKYE,1.68,3,"[0, 0, 0, 0, 0, 0, 1, 0, 1, 1]",,,4.75,0.28,1177949.7
QCLS,2.32,1,"[0, 0, 0, 0, 0, 0, 0, 0, 1, 0]",3.14,3.84,6.92,2.32,128026.2
LASE,1.44,6,"[1, 1, 0, 1, 0, 0, 1, 0, 1, 1]",1.32,1.59,4.78,0.6,1744874.35
QNTM,3.17,3,"[0, 0, 0, 0, 0, 0, 1, 0, 1, 1]",3.32,5.0,19.99,2.1,316153.6
DBGI,6.41,6,"[0, 1, 1, 1, 0, 1, 1, 0, 1, 0]",8.74,6.03,21.63,0.29,240311.6
AIFF,1.12,3,"[0, 0, 0, 0, 1, 0, 1, 0, 1, 0]",1.15,1.41,3.05,0.64,123642.9
VEEA,1.8,7,"[1, 1, 1, 0, 0, 0, 1, 1, 1, 1]",0.21,0.47,1.8,0.1,3608955.9
SPPL,2.0,2,"[0, 0, 0, 1, 0, 0, 0, 0, 1, 0]",3.03,3.13,6.62,1.8,144961.1
OTLK,0.63,3,"[0, 0, 0, 1, 0, 0, 1, 0, 1, 0]",1.18,0.88,2.47,0.2,23093827.75
FEMY,3.43,4,"[1, 0, 0, 0, 0, 0, 1, 0, 1, 1]",3.24,9.04,20.8,2.16,2151405.25
JSPR,0.71,4,"[1, 0, 0, 0, 0, 0, 1, 0, 1, 1]",0.65,1.1,2.76,0.34,735852.05
DFLI,1.1,1,"[0, 0, 0, 0, 0, 0, 0, 0, 1, 0]",1.46,2.92,19.7,1.1,353804.55
VTGN,0.25,2,"[0, 0, 0, 0, 0, 0, 0, 0, 1, 1]",0.3,0.98,4.9,0.23,7180739.25
SDST,0.37,1,"[0, 0, 0, 0, 0, 0, 0, 0, 1, 0]",1.15,2.58,7.09,0.37,375573.7
LTRN,2.03,3,"[0, 0, 0, 1, 0, 0, 1, 0, 1, 0]",2.96,2.95,4.62,1.12,112203.25
GWH,0.35,1,"[0, 0, 0, 0, 0, 0, 0, 0, 1, 0]",0.71,1.33,9.05,0.35,1163043.05
MOBX,1.32,1,"[0, 0, 0, 0, 0, 0, 0, 0, 1, 0]",1.73,2.97,12.1,1.09,1588704.3
GRDX,3.72,7,"[0, 1, 1, 1, 1, 0, 1, 0, 1, 1]",3.74,3.35,6.8,2.01,151775.3
AUID,0.45,1,"[0, 0, 0, 0, 0, 0, 0, 0, 1, 0]",0.79,1.19,4.27,0.4,616048.5
SNAL,2.9,3,"[0, 0, 0, 1, 0, 0, 1, 0, 1, 0]",3.84,3.78,8.5,1.88,163075.3
KTTA,0.57,4,"[1, 0, 0, 0, 0, 0, 1, 0, 1, 1]",0.5,0.74,1.47,0.29,203641.7
LGVN,6.9,4,"[0, 0, 0, 0, 0, 0, 1, 1, 1, 1]",,,6.9,0.48,603611.0
SAGT,0.69,1,"[0, 0, 0, 0, 0, 0, 0, 0, 1, 0]",0.86,1.58,2.68,0.62,1461966.4
OSRH,0.28,2,"[0, 0, 0, 0, 0, 0, 1, 0, 1, 0]",0.37,0.5,0.82,0.12,30007189.0
OFAL,0.75,6,"[1, 1, 1, 1, 0, 0, 1, 0, 1, 0]",0.56,0.54,1.63,0.1,14678941.5
ENGS,2.65,7,"[0, 1, 1, 1, 1, 0, 1, 0, 1, 1]",2.71,1.54,12.22,0.64,1314519.3
NIXX,0.63,3,"[0, 0, 0, 1, 0, 0, 0, 0, 1, 1]",0.96,0.85,1.89,0.49,714585.25
AIIO,2.21,3,"[0, 0, 0, 1, 0, 0, 1, 0, 1, 0]",3.3,4.27,52.4,0.59,542652.2
SCNX,0.39,3,"[0, 0, 0, 0, 0, 0, 1, 0, 1, 1]",0.39,0.44,2.6,0.24,3503831.35
GFAI,0.38,3,"[1, 0, 0, 0, 0, 0, 0, 0, 1, 1]",0.37,0.52,1.29,0.31,263772.55
NWGL,0.85,5,"[1, 1, 0, 0, 0, 0, 1, 0, 1, 1]",0.36,0.88,1.75,0.22,1050120.05
SKYQ,2.67,3,"[0, 0, 0, 0, 1, 0, 1, 0, 1, 0]",3.37,3.46,12.59,1.14,1136228.85
TURB,1.18,3,"[0, 0, 0, 0, 1, 0, 1, 0, 1, 0]",1.4,1.49,12.4,0.61,195615.75
AKAN,4.07,2,"[0, 0, 0, 0, 0, 0, 1, 0, 1, 0]",8.04,11.64,107.43,2.68,1498702.2
MDCX,0.26,1,"[0, 0, 0, 0, 0, 0, 0, 0, 1, 0]",0.35,0.82,2.8,0.26,1387989.95
BFRI,1.53,10,"[1, 1, 1, 1, 1, 1, 1, 1, 1, 1]",1.2,0.97,1.59,0.57,587553.2
MBRX,0.64,3,"[0, 0, 0, 0, 0, 0, 1, 0, 1, 1]",1.57,3.24,13.25,0.38,1072512.45
SKK,4.67,7,"[0, 1, 1, 1, 1, 1, 1, 0, 1, 0]",4.78,3.61,12.19,1.66,412924.05
PHIO,1.09,3,"[1, 0, 0, 0, 0, 0, 0, 0, 1, 1]",1.06,1.13,2.48,0.86,180432.55
BFRG,0.54,1,"[0, 0, 0, 0, 0, 0, 0, 0, 1, 0]",0.62,0.74,1.68,0.46,108415.9
APRE,0.8,5,"[1, 1, 0, 0, 0, 0, 1, 0, 1, 1]",0.71,0.83,1.65,0.59,512766.5
STFS,4.47,5,"[0, 0, 0, 1, 1, 0, 1, 0, 1, 1]",7.94,6.08,18.29,3.04,556203.85
ATER,0.4,2,"[0, 0, 0, 0, 1, 0, 0, 0, 1, 0]",0.79,0.8,1.39,0.36,215288.85
GTBP,0.29,1,"[0, 0, 0, 0, 0, 0, 0, 0, 1, 0]",0.36,0.49,1.08,0.27,413779.95
LHSW,3.89,5,"[1, 1, 0, 0, 0, 0, 1, 0, 1, 1]",2.78,6.61,45.92,1.47,161302.45
BIVI,2.28,9,"[1, 1, 1, 1, 1, 0, 1, 1, 1, 1]",1.72,1.48,2.28,0.96,14089301.3
YYGH,1.32,2,"[0, 0, 0, 0, 0, 0, 0, 0, 1, 1]",1.34,142.38,3045.0,1.06,6995882.05
DTSS,0.67,1,"[0, 0, 0, 0, 0, 0, 0, 0, 1, 0]",0.77,0.93,2.3,0.65,462902.25
GDC,1.53,1,"[0, 0, 0, 0, 0, 0, 0, 0, 1, 0]",2.02,592.92,2432.5,1.46,1787058.15
TDIC,2.54,2,"[0, 0, 0, 0, 0, 0, 0, 0, 1, 1]",3.44,21.64,908.75,2.37,205050.35
BIAF,4.56,3,"[0, 0, 0, 0, 0, 0, 1, 0, 1, 1]",,,10.5,0.38,9146657.65
CODX,1.24,1,"[0, 0, 0, 0, 0, 0, 0, 0, 1, 0]",2.03,3.83,37.8,1.1,369219.35
ELPW,3.63,4,"[1, 0, 0, 0, 0, 0, 1, 0, 1, 1]",2.56,64.91,1115.2,0.1,23397399.55
FBGL,0.4,1,"[0, 0, 0, 0, 0, 0, 0, 0, 1, 0]",0.5,0.67,1.38,0.38,267479.3
GLE,0.5,7,"[1, 1, 1, 1, 0, 0, 1, 0, 1, 1]",0.41,0.41,1.08,0.26,7958365.95
AIXI,0.5,1,"[0, 0, 0, 0, 0, 0, 0, 0, 1, 0]",1.35,7.85,39.0,0.46,16028225.1
FMFC,0.23,1,"[0, 0, 0, 0, 0, 0, 0, 0, 1, 0]",0.26,0.37,15.48,0.22,1095992.65
RMSG,0.36,1,"[0, 0, 0, 0, 0, 0, 0, 0, 1, 0]",0.4,1.0,3.2,0.34,845656.8
MGRX,0.39,3,"[0, 0, 0, 1, 0, 0, 1, 0, 1, 0]",0.44,0.55,2.74,0.16,9448597.25
POLA,1.39,1,"[0, 0, 0, 0, 0, 0, 0, 0, 1, 0]",1.65,1.81,5.27,1.35,586925.5
ANY,2.29,5,"[1, 1, 0, 1, 0, 0, 1, 0, 1, 0]",2.25,2.53,10.5,1.09,432884.0
SMTK,3.07,1,"[0, 0, 0, 0, 0, 0, 0, 0, 1, 0]",8.79,27.23,141.5,3.07,538827.65
ONFO,1.32,9,"[1, 1, 1, 1, 1, 1, 1, 0, 1, 1]",1.23,0.86,6.6,0.04,19933765.7
FABC,2.62,2,"[0, 0, 0, 0, 0, 0, 1, 0, 1, 0]",2.82,3.04,6.31,1.78,239200.0
SILO,2.48,1,"[0, 0, 0, 0, 0, 0, 0, 0, 1, 0]",4.5,5.52,12.23,2.48,157747.4
OLB,0.3,1,"[0, 0, 0, 0, 0, 0, 0, 0, 1, 0]",0.33,0.56,1.5,0.27,481340.7
AEHL,6.49,7,"[1, 1, 1, 1, 0, 0, 1, 0, 1, 1]",3.09,4.75,25.98,0.3,2966775.75
SNYR,0.11,1,"[0, 0, 0, 0, 0, 0, 0, 0, 1, 0]",0.17,0.95,2.7,0.1,14328922.5
BTQ,3.04,3,"[0, 0, 0, 1, 0, 0, 1, 0, 1, 0]",3.96,4.11,14.14,2.15,1849114.35
WXM,4.21,4,"[1, 0, 0, 0, 0, 0, 1, 0, 1, 1]",4.03,4.73,39.0,2.75,2259071.7
ENVB,1.37,1,"[0, 0, 0, 0, 0, 0, 0, 0, 1, 0]",1.42,2.82,13.08,1.27,142248.95
SUNE,2.31,7,"[0, 1, 1, 1, 1, 1, 1, 0, 1, 0]",2.45,1.73,5.88,0.78,110970.4
ALP,0.17,1,"[0, 0, 0, 0, 0, 0, 0, 0, 1, 0]",0.21,0.6,10.91,0.15,8726362.1
GP,1.03,4,"[0, 0, 0, 1, 1, 0, 1, 0, 1, 0]",1.5,1.16,3.96,0.76,390048.9
GSUN,0.29,2,"[0, 0, 0, 0, 0, 0, 1, 0, 1, 0]",0.36,0.76,3.04,0.19,5156587.95
WNW,2.51,1,"[0, 0, 0, 0, 0, 0, 0, 0, 1, 0]",2.99,67.09,280.4,2.41,1543195.05
GOVX,0.63,1,"[0, 0, 0, 0, 0, 0, 0, 0, 1, 0]",0.9,2.81,18.67,0.6,1225014.1
JTAI,1.5,4,"[0, 1, 0, 1, 0, 0, 1, 0, 1, 0]",1.5,6.45,69.78,0.46,148132.5
NCI,12.69,5,"[1, 0, 0, 0, 1, 0, 1, 0, 1, 1]",12.02,16.69,96.0,3.95,852328.85
SOBR,0.47,1,"[0, 0, 0, 0, 0, 0, 0, 0, 1, 0]",0.67,1.09,3.87,0.43,318058.35
BYAH,2.82,1,"[0, 0, 0, 0, 0, 0, 0, 0, 1, 0]",4.45,28.66,220.0,2.59,953584.1
MNDR,1.57,1,"[0, 0, 0, 0, 0, 0, 0, 0, 1, 0]",2.4,5.55,30.0,1.45,319508.3
NCRA,2.83,4,"[1, 0, 0, 0, 0, 0, 1, 0, 1, 1]",2.06,11.73,59.1,1.35,4010420.75
SHPH,3.36,1,"[0, 0, 0, 0, 0, 0, 0, 0, 1, 0]",3.58,9.93,47.6,2.78,144515.0
VIVK,0.78,1,"[0, 0, 0, 0, 0, 0, 0, 0, 1, 0]",3.4,84.9,3094.78,0.78,3132388.9
UCAR,0.61,2,"[0, 0, 0, 0, 0, 0, 1, 0, 1, 0]",0.96,7.25,21.9,0.38,666498.65
IVDA,0.29,3,"[0, 0, 0, 0, 0, 0, 1, 0, 1, 1]",0.31,0.49,2.03,0.22,14860661.9
MASK,1.41,1,"[0, 0, 0, 0, 0, 0, 0, 0, 1, 0]",1.65,4.09,17.45,1.24,202878.35
AEMD,2.06,4,"[1, 1, 0, 0, 0, 0, 1, 0, 1, 0]",1.79,2.37,16.4,0.53,3170894.85
VRAX,2.82,1,"[0, 0, 0, 0, 0, 0, 0, 0, 1, 0]",3.24,5.73,17.2,2.6,980658.2
SGLY,1.36,1,"[0, 0, 0, 0, 0, 0, 0, 0, 1, 0]",4.25,6.2,19.46,1.36,3440503.2
ORKT,0.97,3,"[0, 0, 0, 0, 1, 0, 1, 0, 1, 0]",1.03,1.04,2.76,0.67,183662.3
VBIO,3.57,7,"[1, 1, 1, 0, 0, 0, 1, 1, 1, 1]",0.41,0.98,3.57,0.12,26908781.4
MGN,0.12,4,"[1, 0, 0, 0, 0, 0, 1, 0, 1, 1]",0.12,1.07,4.85,0.07,55007961.0
BIYA,2.25,1,"[0, 0, 0, 0, 0, 0, 0, 0, 1, 0]",3.45,22.78,168.5,1.93,253585.05
HCWB,3.59,3,"[0, 0, 0, 0, 0, 0, 1, 0, 1, 1]",3.75,6.02,33.54,1.61,161593.9
JDZG,3.21,1,"[0, 0, 0, 0, 0, 0, 0, 0, 1, 0]",29.68,127.67,952.5,2.81,419981.95
SDOT,14.24,3,"[0, 0, 0, 0, 0, 0, 1, 0, 1, 1]",19.03,33.82,216.0,2.73,2832070.25
BTX,8.94,10,"[1, 1, 1, 1, 1, 1, 1, 1, 1, 1]",8.56,7.35,9.31,5.83,448141.05
NVDA,217.44,10,"[1, 1, 1, 1, 1, 1, 1, 1, 1, 1]",208.8,195.92,235.47,164.98,126312356.3
GOOGL,335.02,7,"[0, 0, 1, 1, 1, 1, 1, 1, 1, 0]",348.91,334.81,402.38,210.75,23406996.55
GOOG,332.03,6,"[0, 0, 0, 1, 1, 1, 1, 1, 1, 0]",347.03,333.71,398.8,211.39,16146178.55
AAPL,325.13,10,"[1, 1, 1, 1, 1, 1, 1, 1, 1, 1]",312.76,282.63,339.79,225.96,40589430.55
AMZN,254.92,8,"[1, 1, 1, 1, 1, 1, 0, 1, 1, 0]",252.41,238.79,284.02,198.79,34085070.8
AVGO,369.68,6,"[0, 0, 1, 1, 1, 1, 0, 1, 1, 0]",384.84,368.72,480.81,292.95,19105121.75
TSM,414.0,8,"[0, 1, 1, 1, 1, 1, 1, 1, 1, 0]",421.42,369.73,477.57,225.89,9544441.15
TSLA,356.09,2,"[0, 0, 0, 0, 0, 0, 0, 0, 1, 1]",358.84,400.2,489.88,298.32,34485827.5
WMT,105.92,4,"[0, 0, 0, 0, 1, 1, 0, 1, 1, 0]",111.31,118.06,133.88,97.03,27532618.3
LLY,1160.0,9,"[0, 1, 1, 1, 1, 1, 1, 1, 1, 1]",1187.91,1058.3,1280.34,710.11,2771737.45
MU,933.44,9,"[0, 1, 1, 1, 1, 1, 1, 1, 1, 1]",945.91,595.31,1213.37,118.29,28908170.5
AMD,459.61,8,"[0, 1, 1, 1, 1, 1, 1, 1, 1, 0]",502.9,337.72,580.91,151.14,20221807.65
INTC,88.97,7,"[0, 1, 1, 1, 1, 1, 1, 0, 1, 0]",102.99,73.3,140.94,24.0,97908511.5
XOM,164.55,10,"[1, 1, 1, 1, 1, 1, 1, 1, 1, 1]",150.42,142.17,169.22,106.15,14233820.85
ASML,1665.14,9,"[0, 1, 1, 1, 1, 1, 1, 1, 1, 1]",1761.76,1463.61,1986.87,721.1,1155650.95
ORCL,141.32,2,"[1, 0, 0, 0, 0, 0, 0, 0, 1, 0]",140.05,168.89,324.63,114.99,22509078.8
JNJ,271.19,10,"[1, 1, 1, 1, 1, 1, 1, 1, 1, 1]",257.82,231.86,273.14,170.32,6448073.5
CAT,779.16,6,"[0, 0, 1, 1, 1, 1, 1, 0, 1, 0]",889.04,766.18,1062.93,411.42,2741931.8
CSCO,109.74,8,"[0, 1, 1, 1, 1, 1, 1, 1, 1, 0]",115.09,93.57,129.52,65.18,20737705.6
LRCX,290.2,7,"[0, 1, 1, 1, 1, 1, 1, 0, 1, 0]",329.22,257.77,433.33,96.5,8002805.65
CVX,211.05,10,"[1, 1, 1, 1, 1, 1, 1, 1, 1, 1]",187.63,177.32,211.05,142.76,7933388.35
AMAT,441.85,6,"[0, 0, 1, 1, 1, 1, 1, 0, 1, 0]",543.5,403.01,722.23,155.39,7217070.7
UNH,396.3,8,"[0, 1, 1, 1, 1, 1, 1, 1, 1, 0]",412.67,347.62,436.35,257.55,4226669.2
BABA,112.85,1,"[0, 0, 0, 0, 0, 0, 0, 0, 1, 0]",115.1,135.37,187.62,94.81,12830112.1
GE,331.09,7,"[0, 1, 1, 1, 1, 1, 0, 1, 1, 0]",359.25,320.17,381.22,272.91,3654132.3
HSBC,103.4,9,"[1, 1, 1, 1, 1, 1, 1, 1, 1, 0]",100.77,87.02,107.34,61.26,1145877.25
MS,211.04,8,"[0, 1, 1, 1, 1, 1, 1, 1, 1, 0]",215.57,188.21,227.3,144.81,4169119.6
AZN,162.47,4,"[0, 0, 0, 0, 1, 0, 0, 1, 1, 1]",170.59,183.55,208.62,145.54,3731910.8
GEV,898.53,7,"[0, 0, 1, 1, 1, 1, 1, 1, 1, 0]",1027.16,878.41,1174.86,546.95,2052484.9
GS,1002.56,8,"[0, 1, 1, 1, 1, 1, 1, 1, 1, 0]",1048.26,938.95,1152.07,719.98,1866788.8
MRK,149.86,10,"[1, 1, 1, 1, 1, 1, 1, 1, 1, 1]",132.16,116.24,156.45,75.83,11287801.1
NVS,161.25,10,"[1, 1, 1, 1, 1, 1, 1, 1, 1, 1]",155.05,147.45,163.64,118.2,1536151.35
TXN,253.34,7,"[0, 0, 1, 1, 1, 1, 1, 1, 1, 0]",283.71,235.49,330.59,150.79,5805299.8
RY,203.48,8,"[0, 1, 1, 1, 1, 1, 1, 1, 1, 0]",208.47,179.6,216.57,141.81,1348433.5
KLAC,170.89,6,"[0, 0, 1, 1, 1, 1, 1, 0, 1, 0]",209.83,170.22,301.37,83.94,9326866.7
RTX,205.16,8,"[0, 1, 1, 1, 1, 1, 1, 1, 1, 0]",206.26,191.37,225.49,149.53,4211457.9
SNDK,1536.87,8,"[0, 1, 1, 1, 1, 1, 1, 0, 1, 1]",1577.54,983.54,2335.0,51.07,14045539.55
QCOM,166.61,5,"[0, 1, 0, 1, 0, 0, 1, 0, 1, 1]",172.45,167.06,250.1,123.61,9704525.5
ARM,234.82,7,"[0, 1, 1, 1, 1, 1, 1, 0, 1, 0]",283.82,199.77,439.46,104.55,4046933.6
C,132.54,8,"[0, 1, 1, 1, 1, 1, 1, 1, 1, 0]",135.37,121.62,144.93,91.98,8495155.0
BHP,92.82,10,"[1, 1, 1, 1, 1, 1, 1, 1, 1, 1]",86.28,75.28,98.69,51.13,2812569.95
ADI,354.52,7,"[0, 0, 1, 1, 1, 1, 1, 1, 1, 0]",380.64,345.43,445.48,223.1,3496202.45
NVO,45.12,5,"[0, 1, 1, 1, 0, 0, 1, 0, 1, 0]",47.45,45.06,60.94,34.33,13676428.1
MUFG,22.83,10,"[1, 1, 1, 1, 1, 1, 1, 1, 1, 1]",21.87,18.71,23.1,14.62,2564324.15
TTE,90.35,9,"[1, 1, 1, 0, 1, 1, 1, 1, 1, 1]",83.99,79.64,93.6,55.92,1364457.05
NEE,82.93,2,"[0, 0, 0, 0, 0, 0, 0, 1, 1, 0]",,,96.44,67.82,9861291.85
BA,205.66,4,"[0, 0, 0, 0, 1, 1, 0, 1, 1, 0]",219.88,219.99,252.15,179.12,4926734.25
TD,119.5,8,"[0, 1, 1, 1, 1, 1, 1, 1, 1, 0]",120.37,102.9,124.8,73.39,2093524.05
SAN,14.38,9,"[1, 1, 1, 1, 1, 1, 1, 1, 1, 0]",14.08,12.33,14.82,9.33,20368853.7
RIO,101.86,9,"[1, 1, 1, 0, 1, 1, 1, 1, 1, 1]",94.74,89.94,109.63,58.89,2297382.8
ANET,189.26,10,"[1, 1, 1, 1, 1, 1, 1, 1, 1, 1]",180.88,150.73,210.5,116.13,7381805.6
STX,816.64,7,"[0, 1, 1, 1, 1, 1, 1, 0, 1, 0]",870.79,581.68,1093.26,169.1,4109708.55
DELL,425.0,8,"[0, 1, 1, 1, 1, 1, 1, 1, 1, 0]",433.96,247.09,494.51,110.54,5764573.55
PANW,362.09,10,"[1, 1, 1, 1, 1, 1, 1, 1, 1, 1]",345.11,230.36,396.0,141.67,5780523.3
WDC,450.44,7,"[0, 1, 1, 1, 1, 1, 1, 0, 1, 0]",525.08,366.84,746.23,81.69,7762533.95
GILD,149.92,9,"[1, 1, 1, 0, 1, 1, 1, 1, 1, 1]",134.63,132.83,153.91,108.5,6336563.0
GLW,145.56,6,"[0, 0, 1, 1, 1, 1, 1, 0, 1, 0]",170.13,142.28,255.69,68.01,9690050.55
BUD,79.13,8,"[0, 1, 1, 1, 1, 1, 1, 1, 1, 0]",81.2,73.85,86.48,57.08,1969319.45
APP,311.74,1,"[0, 0, 0, 0, 0, 0, 0, 0, 1, 0]",405.11,490.88,733.6,298.59,6400658.05
APH,163.18,9,"[1, 1, 1, 1, 1, 1, 1, 1, 1, 0]",160.96,144.98,176.32,108.51,5586201.85
DE,676.08,10,"[1, 1, 1, 1, 1, 1, 1, 1, 1, 1]",612.73,562.03,676.08,435.19,1260398.6
SCCO,201.61,10,"[1, 1, 1, 1, 1, 1, 1, 1, 1, 1]",186.33,174.57,219.7,93.23,1106317.5
WELL,240.42,10,"[1, 1, 1, 1, 1, 1, 1, 1, 1, 1]",235.43,208.87,251.12,162.79,2804441.4
MRVL,210.39,7,"[0, 1, 1, 1, 1, 1, 1, 0, 1, 0]",224.61,149.8,316.35,62.18,24316917.0
IBKR,90.39,9,"[0, 1, 1, 1, 1, 1, 1, 1, 1, 1]",92.12,78.31,98.19,59.96,4390981.85
COP,136.19,10,"[1, 1, 1, 1, 1, 1, 1, 1, 1, 1]",117.49,110.42,136.19,83.04,7089809.8
PLD,139.68,8,"[0, 1, 1, 1, 1, 1, 0, 1, 1, 1]",142.36,135.86,150.06,107.47,3708013.85
UBS,54.14,10,"[1, 1, 1, 1, 1, 1, 1, 1, 1, 1]",52.51,45.05,55.72,35.49,1576633.85
SMFG,26.03,10,"[1, 1, 1, 1, 1, 1, 1, 1, 1, 1]",25.33,21.96,26.5,15.2,1242164.85
CRWD,215.07,10,"[1, 1, 1, 1, 1, 1, 1, 1, 1, 1]",198.35,141.33,231.0,87.56,9699261.3
VRT,255.97,6,"[0, 0, 1, 1, 1, 1, 1, 0, 1, 0]",287.8,255.4,376.15,121.69,4305619.55
BTI,55.92,5,"[0, 0, 0, 1, 1, 1, 0, 1, 1, 0]",59.29,57.97,65.79,48.34,4202831.6
BBVA,28.64,10,"[1, 1, 1, 1, 1, 1, 1, 1, 1, 1]",26.85,23.38,29.21,17.13,1648046.75
NEM,122.63,9,"[1, 1, 1, 0, 1, 1, 1, 1, 1, 1]",104.7,107.47,135.14,74.34,8384383.15
PBR,20.33,9,"[1, 1, 1, 0, 1, 1, 1, 1, 1, 1]",17.46,16.33,21.24,11.06,19324191.35
PBR-A,18.2,9,"[1, 1, 1, 0, 1, 1, 1, 1, 1, 1]",15.58,14.86,19.11,10.33,7733805.1
SBUX,106.15,10,"[1, 1, 1, 1, 1, 1, 1, 1, 1, 1]",104.81,96.3,108.49,76.51,5786026.25
CVS,97.6,8,"[0, 1, 1, 1, 1, 1, 1, 1, 1, 0]",101.01,85.25,109.92,68.1,8171924.25
BMY,66.92,10,"[1, 1, 1, 1, 1, 1, 1, 1, 1, 1]",61.83,56.88,67.92,41.21,9611411.95
BP,44.47,9,"[1, 1, 1, 0, 1, 1, 1, 1, 1, 1]",41.15,39.74,46.52,31.17,8999732.05
PWR,611.39,7,"[0, 0, 1, 1, 1, 1, 1, 1, 1, 0]",657.51,584.87,785.12,372.18,1065849.9
PH,952.09,8,"[0, 1, 1, 1, 1, 1, 1, 1, 1, 0]",991.0,931.74,1073.87,712.17,704468.4
HWM,254.89,7,"[0, 0, 1, 1, 1, 1, 1, 1, 1, 0]",276.6,244.2,292.65,172.86,2696030.3
BMO,168.3,8,"[0, 1, 1, 1, 1, 1, 1, 1, 1, 0]",177.1,149.51,185.81,118.13,821853.55
EQIX,1027.59,9,"[0, 1, 1, 1, 1, 1, 1, 1, 1, 1]",1047.07,947.43,1110.63,715.18,579046.1
MFG,10.74,10,"[1, 1, 1, 1, 1, 1, 1, 1, 1, 1]",10.31,8.82,10.99,6.09,2788858.0
TT,440.15,5,"[0, 0, 0, 1, 1, 1, 0, 1, 1, 0]",471.85,442.76,503.46,374.67,939136.3
CM,112.42,8,"[0, 1, 1, 1, 1, 1, 1, 1, 1, 0]",117.33,102.81,123.74,76.11,1092101.45
CDNS,313.04,4,"[0, 0, 0, 1, 1, 0, 0, 1, 1, 0]",346.92,327.2,416.39,265.66,2071669.8
GSK,50.66,5,"[0, 0, 0, 0, 1, 1, 1, 1, 1, 0]",51.39,51.38,59.6,37.63,2893349.75
SNPS,414.82,2,"[0, 0, 0, 0, 0, 0, 0, 0, 1, 1]",416.14,446.71,609.08,372.33,1638576.7
AEM,193.46,9,"[1, 1, 1, 0, 1, 1, 1, 1, 1, 1]",166.22,185.36,251.57,136.34,3747045.9
HCA,413.58,4,"[1, 0, 0, 0, 0, 0, 0, 1, 1, 1]",400.97,452.23,543.23,360.6,1191570.3
BNS,91.19,10,"[1, 1, 1, 1, 1, 1, 1, 1, 1, 1]",88.07,77.27,93.59,61.54,2221769.35
CMI,551.15,6,"[0, 0, 0, 1, 1, 1, 1, 1, 1, 0]",643.14,594.3,724.89,386.48,955358.55
MAR,334.55,6,"[0, 0, 0, 1, 1, 1, 1, 1, 1, 0]",364.81,342.38,401.72,256.9,1634193.1
CNQ,51.81,10,"[1, 1, 1, 1, 1, 1, 1, 1, 1, 1]",45.29,41.78,51.81,29.33,6061629.45
EQNR,44.23,10,"[1, 1, 1, 1, 1, 1, 1, 1, 1, 1]",37.64,32.49,44.23,21.68,2676184.8
ITUB,7.68,4,"[0, 0, 0, 0, 1, 1, 0, 1, 1, 0]",8.01,7.94,9.38,6.08,21960775.7
FDX,324.88,10,"[1, 1, 1, 1, 1, 1, 1, 1, 1, 1]",319.4,288.18,339.35,177.19,1516840.55
FCX,72.47,10,"[1, 1, 1, 1, 1, 1, 1, 1, 1, 1]",65.64,60.06,79.91,34.96,14372049.0
USB,61.21,8,"[0, 1, 1, 1, 1, 1, 1, 1, 1, 0]",62.84,55.78,65.42,44.01,6018944.55
JCI,139.25,7,"[0, 0, 1, 1, 1, 1, 1, 1, 1, 0]",144.8,133.86,154.76,104.73,3070229.9
ING,35.25,10,"[1, 1, 1, 1, 1, 1, 1, 1, 1, 1]",33.39,28.82,35.7,22.65,1988472.4
FTNT,161.85,9,"[1, 1, 1, 1, 1, 1, 1, 1, 1, 0]",157.89,108.53,172.78,75.23,4567118.2
MNST,44.99,2,"[0, 0, 0, 0, 1, 0, 0, 0, 1, 0]",75.44,78.27,99.94,44.99,9291689.5
CSX,48.7,8,"[0, 1, 1, 1, 1, 1, 1, 1, 1, 0]",49.89,42.73,53.23,31.73,9655798.55
AMX,22.98,5,"[0, 0, 0, 1, 1, 1, 0, 1, 1, 0]",24.92,23.92,27.42,19.27,3110645.65
ELV,403.04,10,"[1, 1, 1, 1, 1, 1, 1, 1, 1, 1]",395.06,355.77,426.79,277.89,899541.65
BCS,26.15,8,"[0, 1, 1, 1, 1, 1, 1, 1, 1, 0]",27.25,24.46,28.24,18.92,2567831.95
SLB,57.15,9,"[1, 1, 1, 0, 1, 1, 1, 1, 1, 1]",49.98,48.37,60.1,31.12,11102058.9
MPWR,1225.96,5,"[0, 0, 0, 1, 1, 1, 1, 0, 1, 0]",1346.71,1241.81,1687.32,817.93,621372.05
LYG,5.91,8,"[0, 1, 1, 1, 1, 1, 1, 1, 1, 0]",5.96,5.38,6.21,4.11,12011648.85
E,55.53,10,"[1, 1, 1, 1, 1, 1, 1, 1, 1, 1]",51.69,47.46,57.35,33.26,355141.35
CIEN,360.33,4,"[0, 0, 0, 0, 1, 1, 1, 0, 1, 0]",414.69,374.25,627.0,93.59,1972699.15
APO,131.69,8,"[1, 1, 1, 1, 0, 1, 1, 1, 1, 0]",126.05,126.65,150.8,99.46,3246951.5
CRH,91.2,1,"[0, 0, 0, 0, 0, 0, 0, 0, 1, 0]",100.58,110.88,129.92,91.2,4399879.3
SU,68.99,10,"[1, 1, 1, 1, 1, 1, 1, 1, 1, 1]",62.41,57.33,69.27,37.63,4296621.5
REGN,823.82,8,"[1, 1, 1, 0, 0, 1, 1, 1, 1, 1]",720.35,727.6,840.84,552.68,719249.1
NXPI,222.4,4,"[0, 0, 0, 1, 1, 1, 0, 0, 1, 0]",254.48,242.04,331.55,181.81,3107471.9
BE,213.63,6,"[0, 0, 1, 1, 1, 1, 1, 0, 1, 0]",231.51,189.34,345.85,51.35,11938544.2
ROST,229.24,8,"[0, 1, 1, 1, 1, 1, 1, 1, 1, 0]",234.27,210.75,255.23,143.75,2756616.0
B,43.1,8,"[1, 1, 1, 0, 0, 1, 1, 1, 1, 1]",39.53,42.12,52.32,26.48,12282827.3
HLT,311.99,6,"[0, 0, 1, 1, 1, 1, 0, 1, 1, 0]",327.01,311.65,350.06,256.25,1880886.2
ASX,37.43,9,"[0, 1, 1, 1, 1, 1, 1, 1, 1, 1]",38.78,27.44,44.67,10.18,6670804.6
NOK,9.93,7,"[0, 0, 1, 1, 1, 1, 1, 0, 1, 1]",10.77,9.56,16.85,4.23,67536536.35
VLO,361.99,10,"[1, 1, 1, 1, 1, 1, 1, 1, 1, 1]",304.9,234.2,361.99,151.08,2508204.1
MPC,383.0,10,"[1, 1, 1, 1, 1, 1, 1, 1, 1, 1]",310.58,236.52,383.0,160.76,2614235.6
GM,85.63,9,"[1, 1, 1, 1, 1, 1, 1, 1, 1, 0]",82.85,79.42,90.3,54.99,5159695.3
AEP,122.96,5,"[0, 0, 0, 1, 1, 1, 0, 1, 1, 0]",129.42,125.16,137.64,103.24,3531139.6
DDOG,223.84,8,"[0, 1, 1, 1, 1, 1, 1, 1, 1, 0]",249.47,175.71,288.15,102.61,5067676.8
LITE,868.95,10,"[1, 1, 1, 1, 1, 1, 1, 1, 1, 1]",815.03,672.53,1053.09,132.55,4969156.1
VALE,15.12,8,"[1, 0, 1, 0, 1, 1, 1, 1, 1, 1]",14.36,14.67,17.33,9.39,25766781.5
NSC,332.96,8,"[1, 1, 1, 1, 1, 1, 0, 1, 1, 0]",332.06,305.7,352.98,267.64,1181569.8
HOOD,103.51,7,"[1, 1, 1, 1, 0, 0, 1, 0, 1, 1]",101.26,95.13,152.46,65.16,18292272.9
NET,285.51,10,"[1, 1, 1, 1, 1, 1, 1, 1, 1, 1]",275.38,220.93,330.83,160.19,4092979.3
PSX,252.02,10,"[1, 1, 1, 1, 1, 1, 1, 1, 1, 1]",208.38,168.73,252.02,123.11,2849430.95
FIX,1554.37,7,"[0, 0, 1, 1, 1, 1, 1, 1, 1, 0]",1743.79,1477.76,2065.44,697.18,395823.45
DLR,183.27,6,"[0, 0, 1, 1, 1, 1, 0, 1, 1, 0]",187.36,176.9,202.56,145.96,2106084.9
WBD,28.32,9,"[1, 1, 1, 0, 1, 1, 1, 1, 1, 1]",26.98,27.18,29.98,11.62,19956498.2
TRP,63.14,6,"[0, 0, 1, 1, 1, 1, 0, 1, 1, 0]",66.22,61.63,70.59,48.85,2068740.2
MFC,42.14,8,"[0, 1, 1, 1, 1, 1, 1, 1, 1, 0]",42.42,37.6,44.4,29.63,3059785.25
SPG,211.87,7,"[0, 1, 1, 1, 1, 1, 0, 1, 1, 0]",223.23,198.69,236.7,167.45,1323660.85
COHR,272.03,5,"[0, 0, 0, 1, 1, 1, 1, 0, 1, 0]",314.44,274.45,426.89,87.8,7400728.45
MSTR,124.88,4,"[1, 0, 0, 0, 0, 0, 1, 0, 1, 1]",100.95,140.05,359.69,82.31,26051511.4
BKR,63.65,9,"[1, 1, 1, 0, 1, 1, 1, 1, 1, 1]",59.36,57.82,69.18,43.79,6413470.8
WPM,144.93,9,"[1, 1, 1, 0, 1, 1, 1, 1, 1, 1]",123.57,128.24,164.99,93.96,2543733.15
CRWV,81.85,3,"[0, 0, 0, 0, 1, 0, 1, 0, 1, 0]",86.63,91.35,143.08,60.82,27276404.75
KEYS,319.27,8,"[0, 1, 1, 1, 1, 1, 1, 1, 1, 0]",329.04,285.64,373.34,159.49,1415371.7
CVNA,72.18,6,"[1, 1, 0, 0, 0, 1, 0, 1, 1, 1]",68.16,72.83,95.69,56.26,8612719.35
RKLB,62.54,4,"[0, 0, 0, 0, 1, 1, 1, 0, 1, 0]",76.32,79.19,150.23,39.48,17606557.15
TEL,208.0,4,"[1, 0, 0, 0, 0, 0, 0, 1, 1, 1]",204.72,215.27,246.32,194.33,1972777.95
URI,990.15,8,"[0, 1, 1, 1, 1, 1, 1, 1, 1, 0]",1093.61,920.92,1164.82,707.78,425822.95
GWW,1309.21,8,"[0, 1, 1, 1, 1, 1, 1, 1, 1, 0]",1340.65,1166.08,1399.3,912.82,254050.65
TGT,163.75,10,"[1, 1, 1, 1, 1, 1, 1, 1, 1, 1]",144.07,119.26,169.89,81.44,4942783.0
TER,335.46,6,"[0, 0, 1, 1, 1, 1, 1, 0, 1, 0]",377.57,313.54,483.84,112.07,2518215.45
LHX,263.56,2,"[0, 0, 0, 0, 1, 0, 0, 0, 1, 0]",284.47,313.17,375.64,261.98,1552769.15
CARR,57.25,5,"[0, 0, 0, 1, 1, 1, 0, 1, 1, 0]",65.78,60.95,75.73,49.79,5214233.85
CTVA,87.73,10,"[1, 1, 1, 1, 1, 1, 1, 1, 1, 1]",82.74,76.75,90.51,60.56,4665901.85
AU,108.13,9,"[1, 1, 1, 0, 1, 1, 1, 1, 1, 1]",89.43,92.58,123.84,55.38,2903111.45
OKE,95.69,10,"[1, 1, 1, 1, 1, 1, 1, 1, 1, 1]",90.64,82.86,97.07,61.95,3507941.35
MCHP,71.41,5,"[0, 0, 0, 1, 1, 1, 1, 0, 1, 0]",80.64,76.25,102.1,47.77,9351303.5
MCHPP,61.87,5,"[0, 0, 0, 1, 1, 1, 1, 0, 1, 0]",69.77,66.32,85.72,45.73,275495.3
CVE,33.13,10,"[1, 1, 1, 1, 1, 1, 1, 1, 1, 1]",28.69,24.24,33.13,15.66,6590555.0
AME,231.32,6,"[0, 0, 1, 1, 1, 1, 0, 1, 1, 0]",241.57,224.75,258.52,178.45,1368937.45
TRGP,296.06,10,"[1, 1, 1, 1, 1, 1, 1, 1, 1, 1]",275.7,234.36,302.25,143.22,1294895.0
COIN,176.82,4,"[1, 1, 0, 0, 0, 0, 0, 0, 1, 1]",161.12,194.15,387.27,141.09,9640040.65
FANG,203.16,10,"[1, 1, 1, 1, 1, 1, 1, 1, 1, 1]",193.16,177.94,211.36,131.37,1875782.95
OXY,60.95,10,"[1, 1, 1, 1, 1, 1, 1, 1, 1, 1]",55.44,51.77,65.94,38.56,8079029.95
DVN,49.05,9,"[1, 1, 1, 0, 1, 1, 1, 1, 1, 1]",44.38,42.92,51.7,31.15,10602205.25
FLEX,106.86,7,"[0, 1, 1, 1, 1, 1, 1, 0, 1, 0]",126.75,93.88,162.07,53.65,2985934.5
ABEV,2.89,5,"[0, 0, 0, 0, 1, 1, 1, 1, 1, 0]",3.01,2.9,3.42,2.1,34459713.05
NUE,251.92,9,"[1, 1, 1, 1, 1, 1, 1, 1, 1, 0]",247.21,203.06,274.74,130.57,1508501.3
STM,49.4,6,"[0, 0, 1, 1, 1, 1, 1, 0, 1, 0]",59.89,44.67,79.82,21.04,7758549.8
BIDU,94.86,1,"[0, 0, 0, 0, 0, 0, 0, 0, 1, 0]",106.21,123.02,162.52,90.87,3224875.15
ETR,107.02,6,"[0, 0, 1, 1, 1, 1, 0, 1, 1, 0]",110.39,104.19,116.66,84.72,2027167.7
UI,586.78,4,"[1, 0, 0, 0, 1, 0, 0, 0, 1, 1]",554.65,655.2,1083.11,514.21,160003.35
CCJ,96.26,5,"[1, 0, 0, 0, 1, 1, 0, 0, 1, 1]",95.82,105.14,134.09,75.27,2744274.55
FER,57.7,4,"[0, 0, 0, 0, 1, 1, 0, 1, 1, 0]",64.75,66.45,73.66,52.6,1220055.75
ROK,417.53,6,"[0, 0, 1, 1, 1, 1, 0, 1, 1, 0]",455.81,417.07,493.56,329.34,820916.9
ARGX,1028.51,9,"[1, 1, 1, 1, 0, 1, 1, 1, 1, 1]",912.07,841.88,1058.9,663.93,308552.1
DAL,76.38,8,"[0, 1, 1, 1, 1, 1, 1, 1, 1, 0]",87.29,73.46,93.43,55.22,4738726.4
EBAY,104.98,8,"[0, 1, 1, 1, 1, 1, 1, 1, 1, 0]",109.23,97.74,118.27,78.69,4602355.1
FERG,218.91,4,"[0, 0, 0, 0, 1, 1, 0, 1, 1, 0]",235.86,238.09,265.69,207.63,3967464.15
MT,73.31,9,"[1, 1, 1, 1, 1, 1, 1, 1, 1, 0]",68.56,58.58,75.2,32.0,1374358.95
WAB,279.8,8,"[0, 1, 1, 1, 1, 1, 1, 1, 1, 0]",282.83,252.54,305.47,184.79,885889.9
FNV,255.42,9,"[1, 1, 1, 0, 1, 1, 1, 1, 1, 1]",224.78,230.85,279.76,183.28,857495.65
FITB,53.01,8,"[0, 1, 1, 1, 1, 1, 1, 1, 1, 0]",56.6,50.18,59.37,39.38,4897818.7
XYZ,77.88,8,"[0, 1, 1, 1, 1, 1, 1, 1, 1, 0]",79.6,68.36,84.85,49.09,4975271.25
NBIS,199.54,7,"[0, 1, 1, 1, 1, 1, 1, 0, 1, 0]",216.09,152.87,286.69,64.06,23301494.05
RKT,13.03,1,"[0, 0, 0, 0, 0, 0, 0, 0, 1, 0]",14.18,16.2,23.44,12.35,25216545.45
VTR,92.07,9,"[0, 1, 1, 1, 1, 1, 1, 1, 1, 1]",92.3,84.2,100.53,65.45,2983994.7
CLS,292.59,4,"[0, 0, 0, 0, 1, 1, 1, 0, 1, 0]",330.91,328.12,472.4,200.63,2530390.5
CAH,239.35,10,"[1, 1, 1, 1, 1, 1, 1, 1, 1, 1]",233.03,214.3,240.26,145.95,1824645.7
TEVA,36.19,10,"[1, 1, 1, 1, 1, 1, 1, 1, 1, 1]",34.34,32.35,38.1,18.34,5080111.75
HPE,50.87,9,"[1, 1, 1, 1, 1, 1, 1, 1, 1, 0]",49.73,32.67,59.82,19.72,15641641.95
STT,187.79,10,"[1, 1, 1, 1, 1, 1, 1, 1, 1, 1]",182.63,146.4,193.62,107.72,1391533.25
ODFL,187.01,6,"[0, 0, 0, 1, 1, 1, 1, 1, 1, 0]",216.99,195.18,248.73,125.7,1516128.6
GFS,43.93,5,"[0, 0, 0, 1, 1, 1, 1, 0, 1, 0]",59.0,53.0,89.83,31.62,4398147.45
WDS,23.9,10,"[1, 1, 1, 1, 1, 1, 1, 1, 1, 1]",21.82,20.2,24.78,13.89,507857.4
EME,735.25,4,"[0, 0, 0, 0, 1, 1, 0, 1, 1, 0]",785.47,756.7,943.26,580.64,354140.0
ON,72.65,5,"[0, 0, 0, 1, 1, 1, 1, 0, 1, 0]",86.15,77.95,133.93,44.9,7651287.4
GFI,44.66,7,"[1, 1, 1, 0, 0, 1, 1, 0, 1, 1]",36.99,43.03,59.77,31.25,3935909.4
ERIC,10.06,4,"[0, 0, 0, 0, 1, 1, 1, 0, 1, 0]",10.3,10.79,13.74,7.5,8984436.35
KB,124.64,10,"[1, 1, 1, 1, 1, 1, 1, 1, 1, 1]",116.57,103.65,124.79,77.5,170177.25
PUK,27.08,3,"[0, 0, 0, 0, 0, 1, 0, 1, 1, 0]",28.15,29.38,33.17,24.98,1138796.55
IRM,114.22,7,"[0, 0, 1, 1, 1, 1, 1, 1, 1, 0]",123.76,108.18,133.06,77.69,1615465.45
LYV,177.2,8,"[0, 1, 1, 1, 1, 1, 1, 1, 1, 0]",181.04,159.61,188.46,125.61,1742229.9
KGC,29.43,9,"[1, 1, 1, 0, 1, 1, 1, 1, 1, 1]",25.83,29.27,37.92,21.38,8975288.55
JBL,299.14,7,"[0, 0, 1, 1, 1, 1, 1, 1, 1, 0]",332.65,290.71,385.55,192.34,957637.05
ADM,84.55,10,"[1, 1, 1, 1, 1, 1, 1, 1, 1, 1]",79.91,70.74,86.77,54.41,3850407.0
VOD,16.05,10,"[1, 1, 1, 1, 1, 1, 1, 1, 1, 1]",15.2,14.41,16.42,10.73,3535336.45
BBD,3.32,3,"[0, 0, 0, 0, 1, 0, 0, 1, 1, 0]",3.4,3.51,4.11,2.89,29544649.65
VIK,85.03,7,"[0, 0, 1, 1, 1, 1, 1, 1, 1, 0]",99.64,81.86,108.26,57.08,3686334.35
UMC,20.47,8,"[0, 1, 1, 1, 1, 1, 1, 0, 1, 1]",21.4,13.84,27.53,6.51,11318177.45
ONC,358.65,9,"[1, 1, 1, 1, 0, 1, 1, 1, 1, 1]",326.61,318.1,377.47,260.27,405871.75
LVS,43.84,1,"[0, 0, 0, 0, 0, 0, 0, 0, 1, 0]",46.14,54.02,68.29,43.81,4566097.75
IX,39.16,8,"[0, 1, 1, 1, 1, 1, 1, 1, 1, 0]",39.53,33.96,41.31,24.22,302029.2
CRDO,206.63,7,"[0, 1, 1, 1, 1, 1, 1, 0, 1, 0]",237.79,174.65,302.52,87.81,4478569.1
ALAB,279.91,7,"[0, 1, 1, 1, 1, 1, 1, 0, 1, 0]",337.0,222.96,483.02,100.27,3667840.6
STLD,234.09,8,"[0, 1, 1, 1, 1, 1, 1, 1, 1, 0]",242.23,207.89,282.12,127.5,1222830.3
HAL,36.8,9,"[1, 1, 1, 0, 1, 1, 1, 1, 1, 1]",33.92,34.48,42.8,21.26,10642390.8
HUM,394.88,10,"[1, 1, 1, 1, 1, 1, 1, 1, 1, 1]",386.05,276.15,409.42,162.46,1050422.1
MTZ,237.74,4,"[0, 0, 0, 0, 1, 1, 1, 0, 1, 0]",322.15,303.6,437.51,174.99,1504176.05
UAL,104.63,5,"[0, 0, 0, 1, 1, 1, 0, 1, 1, 0]",122.77,108.06,136.11,85.21,2990126.25
ZM,94.9,8,"[0, 1, 1, 1, 1, 1, 1, 1, 1, 0]",95.06,90.2,111.88,72.72,3313462.65
TS,56.6,8,"[1, 1, 1, 0, 1, 1, 1, 1, 1, 0]",55.29,51.93,64.02,33.04,1681725.45
CASY,766.91,7,"[0, 0, 1, 1, 1, 1, 1, 1, 1, 0]",830.9,721.85,915.59,496.25,306993.65
TECK,66.79,10,"[1, 1, 1, 1, 1, 1, 1, 1, 1, 1]",62.06,56.0,71.62,32.6,2928844.6
SYM,38.22,1,"[0, 0, 0, 0, 0, 0, 0, 0, 1, 0]",41.86,52.77,87.3,38.22,1806387.2
EL,100.0,7,"[1, 1, 1, 0, 0, 0, 1, 1, 1, 1]",86.97,91.62,118.78,66.97,3771489.6
SHG,79.94,10,"[1, 1, 1, 1, 1, 1, 1, 1, 1, 1]",71.35,63.8,79.94,46.81,160664.2
Q,115.49,4,"[0, 0, 0, 1, 1, 0, 1, 0, 1, 0]",139.31,120.88,175.64,73.4,1746362.4
TWLO,228.65,10,"[1, 1, 1, 1, 1, 1, 1, 1, 1, 1]",211.73,161.04,255.95,100.09,2688529.0
RVMD,209.87,10,"[1, 1, 1, 1, 1, 1, 1, 1, 1, 1]",193.69,131.2,221.15,38.95,1837641.6
RDDT,144.64,2,"[0, 0, 0, 1, 0, 0, 0, 0, 1, 0]",170.68,175.3,270.71,121.84,7061144.15
IQV,258.35,9,"[1, 1, 1, 1, 0, 1, 1, 1, 1, 1]",223.05,200.97,262.38,156.66,1203977.9
NTRS,182.68,9,"[0, 1, 1, 1, 1, 1, 1, 1, 1, 1]",182.96,156.47,191.47,120.74,1025074.25
DOV,189.93,4,"[0, 0, 0, 0, 1, 1, 0, 1, 1, 0]",210.04,209.25,232.21,159.95,970569.25
RPRX,62.32,10,"[1, 1, 1, 1, 1, 1, 1, 1, 1, 1]",58.24,48.5,62.32,34.24,2692608.9
ASTS,55.8,3,"[0, 0, 0, 0, 1, 0, 1, 0, 1, 0]",67.13,81.37,133.09,36.91,10194326.0
BIIB,216.04,10,"[1, 1, 1, 1, 1, 1, 1, 1, 1, 1]",207.77,189.91,221.56,135.67,762522.2
VG,15.11,10,"[1, 1, 1, 1, 1, 1, 1, 1, 1, 1]",13.06,11.23,17.51,5.9,13808114.95
EXPE,304.23,9,"[1, 1, 1, 1, 0, 1, 1, 1, 1, 1]",289.49,256.81,338.64,187.43,1581087.65
CRCL,89.48,7,"[1, 1, 1, 0, 1, 0, 1, 0, 1, 1]",70.91,84.84,150.48,50.23,14919916.6
ARES,139.09,7,"[1, 1, 1, 1, 0, 0, 1, 1, 1, 0]",129.59,131.41,178.13,94.25,1962236.4
FTI,78.31,10,"[1, 1, 1, 1, 1, 1, 1, 1, 1, 1]",72.29,63.6,79.76,35.45,2905518.75
FTAI,189.29,3,"[0, 0, 0, 0, 1, 1, 0, 0, 1, 0]",221.6,232.89,308.31,148.93,1263840.65
CNC,65.23,9,"[0, 1, 1, 1, 1, 1, 1, 1, 1, 1]",65.28,49.73,68.72,28.65,4094489.8
NTRA,320.76,10,"[1, 1, 1, 1, 1, 1, 1, 1, 1, 1]",287.76,233.8,338.7,160.21,1444190.2
NVT,147.3,8,"[0, 1, 1, 1, 1, 1, 1, 1, 1, 0]",158.94,134.25,184.1,88.89,2402289.3
MTSI,262.01,5,"[0, 0, 0, 1, 1, 1, 1, 0, 1, 0]",295.53,262.07,409.68,122.18,1349332.75
TPL,369.93,4,"[0, 0, 0, 0, 1, 1, 1, 0, 1, 0]",388.76,390.48,538.97,272.83,408930.8
TPR,122.14,3,"[0, 0, 0, 0, 1, 1, 0, 0, 1, 0]",142.81,137.49,164.78,97.92,3644429.85
CFG,68.16,8,"[0, 1, 1, 1, 1, 1, 1, 1, 1, 0]",71.15,62.91,74.73,46.98,2928563.35
CW,577.99,4,"[0, 0, 0, 1, 1, 1, 0, 0, 1, 0]",714.56,675.57,792.77,477.19,400164.9
DOW,30.46,6,"[1, 0, 0, 0, 1, 1, 1, 0, 1, 1]",29.97,30.98,41.45,19.91,8361419.5
EIX,58.8,4,"[0, 0, 0, 1, 1, 1, 0, 0, 1, 0]",73.49,67.31,80.38,50.16,5601509.05
PKX,61.11,7,"[1, 0, 1, 0, 1, 1, 1, 0, 1, 1]",54.43,60.58,91.72,45.13,245111.2
BAP,372.52,8,"[0, 1, 1, 1, 1, 1, 1, 1, 1, 0]",384.67,328.58,402.27,236.66,295282.25
VRSN,288.37,9,"[1, 1, 1, 1, 1, 1, 1, 1, 1, 0]",275.87,259.69,309.09,210.31,702042.7
HUBB,443.31,4,"[0, 0, 0, 0, 1, 1, 0, 1, 1, 0]",487.48,482.18,554.46,402.45,438472.6
STRL,456.1,5,"[0, 0, 0, 1, 1, 1, 1, 0, 1, 0]",633.63,520.19,993.74,273.82,648309.75
EC,17.45,10,"[1, 1, 1, 1, 1, 1, 1, 1, 1, 1]",16.21,13.23,17.89,8.2,1903292.25
P,93.78,10,"[1, 1, 1, 1, 1, 1, 1, 1, 1, 1]",86.29,75.19,118.16,56.99,3626642.05
AER,144.16,7,"[0, 1, 1, 1, 1, 1, 0, 1, 1, 0]",149.1,142.65,154.82,118.85,985769.15
PAAS,50.0,6,"[1, 0, 0, 0, 1, 1, 1, 0, 1, 1]",46.63,51.8,68.06,32.89,5449330.7
DG,131.09,8,"[1, 1, 1, 0, 0, 1, 1, 1, 1, 1]",121.61,124.67,154.71,94.6,2411357.65
VIV,11.59,2,"[0, 0, 0, 0, 1, 0, 0, 0, 1, 0]",12.66,13.34,16.26,10.96,1660597.3
SYF,76.62,7,"[1, 1, 1, 1, 0, 1, 0, 1, 1, 0]",76.42,74.42,87.38,63.25,3239557.35
ZS,178.37,7,"[1, 1, 1, 1, 0, 0, 1, 0, 1, 1]",158.1,174.37,336.27,118.05,2230274.15
SQM,80.51,9,"[1, 1, 1, 0, 1, 1, 1, 1, 1, 1]",72.96,75.14,94.63,40.31,925341.05
BG,121.04,9,"[1, 1, 1, 0, 1, 1, 1, 1, 1, 1]",112.38,112.42,130.59,75.21,1393161.05
FMX,119.96,8,"[0, 1, 1, 1, 1, 1, 1, 1, 1, 0]",124.49,111.71,132.15,81.24,426275.75
MDB,434.21,9,"[1, 1, 1, 1, 0, 1, 1, 1, 1, 1]",366.67,341.62,472.29,225.95,1591321.15
XPO,185.09,6,"[0, 0, 0, 1, 1, 1, 1, 1, 1, 0]",203.62,187.81,228.37,123.66,847857.7
ALB,135.54,6,"[1, 0, 0, 0, 1, 1, 1, 0, 1, 1]",129.22,155.7,215.07,71.61,2120143.0
UTHR,512.7,5,"[0, 0, 0, 0, 1, 1, 1, 1, 1, 0]",529.04,523.11,596.76,380.47,517671.45
FSLR,199.65,1,"[0, 0, 0, 0, 0, 0, 0, 0, 1, 0]",221.69,231.34,318.25,184.7,2231223.9
TSN,55.06,4,"[0, 0, 0, 0, 1, 1, 0, 1, 1, 0]",57.88,59.94,68.18,49.45,2664048.05
TSEM,199.06,6,"[0, 0, 1, 1, 1, 1, 1, 0, 1, 0]",236.74,183.92,316.85,60.71,1823132.3
RF,29.29,7,"[0, 1, 1, 1, 1, 1, 0, 1, 1, 0]",30.85,28.09,32.4,22.67,7409579.0
KEY,21.21,7,"[0, 0, 1, 1, 1, 1, 1, 1, 1, 0]",22.8,21.1,23.99,16.27,9015228.35
TEAM,187.03,9,"[1, 1, 1, 1, 0, 1, 1, 1, 1, 1]",119.25,108.67,194.17,57.15,5600855.0
LYB,65.17,9,"[1, 1, 1, 0, 1, 1, 1, 1, 1, 1]",59.5,58.79,80.69,39.87,3919118.25
JBHT,256.48,8,"[0, 1, 1, 1, 1, 1, 1, 1, 1, 0]",276.28,235.15,297.91,129.59,744164.15
SBAC,188.81,5,"[1, 0, 0, 0, 1, 0, 0, 1, 1, 1]",181.83,190.56,220.88,163.03,908981.75
WST,338.65,8,"[0, 1, 1, 1, 1, 1, 1, 1, 1, 0]",349.8,291.9,365.5,230.63,470387.25
CPAY,404.81,10,"[1, 1, 1, 1, 1, 1, 1, 1, 1, 1]",378.35,334.26,425.24,255.0,519550.7
ENTG,129.51,7,"[0, 0, 1, 1, 1, 1, 1, 0, 1, 1]",145.01,124.92,183.84,68.64,2199895.35
NMR,10.17,10,"[1, 1, 1, 1, 1, 1, 1, 1, 1, 1]",9.58,8.62,10.18,6.73,626385.75
IHG,155.27,8,"[0, 1, 1, 1, 1, 1, 1, 1, 1, 0]",161.68,145.76,173.43,116.28,231782.9
FN,402.07,3,"[0, 0, 0, 0, 1, 1, 0, 0, 1, 0]",497.11,536.45,746.47,335.7,1052984.15
SBS,4.87,2,"[0, 0, 0, 0, 1, 0, 0, 0, 1, 0]",5.37,5.55,7.08,4.4,10296863.35
WWD,336.58,6,"[0, 0, 0, 1, 1, 1, 1, 1, 1, 0]",383.98,357.93,436.05,236.46,546510.25
SITM,552.75,8,"[0, 1, 1, 1, 1, 1, 1, 0, 1, 1]",620.03,494.17,901.48,224.49,450509.15
INSM,121.51,4,"[1, 0, 0, 0, 0, 0, 1, 0, 1, 1]",113.9,142.21,211.41,91.88,2830106.1
BEKE,17.74,7,"[1, 1, 1, 0, 0, 1, 0, 1, 1, 1]",16.49,16.63,19.99,14.26,4178781.7
AKAM,106.46,5,"[0, 0, 0, 1, 1, 1, 1, 0, 1, 0]",116.94,109.23,161.14,71.97,3531040.15
PFG,109.36,8,"[0, 1, 1, 1, 1, 1, 1, 1, 1, 0]",111.78,97.54,115.41,76.35,986918.65
RL,340.82,5,"[0, 0, 0, 1, 1, 1, 0, 1, 1, 0]",384.0,364.67,413.24,299.66,660320.55
ATI,200.95,9,"[0, 1, 1, 1, 1, 1, 1, 1, 1, 1]",201.87,156.34,231.78,74.88,1995176.6
MRNA,154.27,10,"[1, 1, 1, 1, 1, 1, 1, 1, 1, 1]",80.21,52.97,174.38,22.36,32104911.6
ILMN,207.13,10,"[1, 1, 1, 1, 1, 1, 1, 1, 1, 1]",194.38,149.94,227.69,91.0,1907270.05
AFRM,69.94,7,"[0, 1, 1, 1, 0, 1, 1, 1, 1, 0]",77.2,66.47,92.18,42.53,5067681.2
CRS,473.06,8,"[0, 1, 1, 1, 1, 1, 1, 1, 1, 0]",553.0,429.89,618.99,231.87,743332.3
SMCI,36.71,7,"[1, 1, 1, 1, 0, 0, 1, 0, 1, 1]",31.37,31.32,58.68,20.53,53493567.45
MKSI,246.44,5,"[0, 0, 0, 1, 1, 1, 1, 0, 1, 0]",327.53,259.75,444.39,99.82,1439862.05
IFF,85.78,10,"[1, 1, 1, 1, 1, 1, 1, 1, 1, 1]",80.57,73.71,88.07,58.53,1572016.55
EXPD,187.7,10,"[1, 1, 1, 1, 1, 1, 1, 1, 1, 1]",176.72,157.44,190.97,111.96,834643.15
ROIV,34.52,8,"[0, 1, 1, 1, 1, 1, 1, 1, 1, 0]",35.21,28.28,37.58,12.39,7718292.05
DD,132.11,5,"[0, 0, 0, 0, 1, 1, 1, 1, 1, 0]",138.86,135.84,153.36,91.31,1338443.7
IREN,36.82,2,"[0, 0, 0, 0, 0, 0, 1, 0, 1, 0]",40.76,45.74,76.41,26.13,44657081.1
RGLD,254.09,9,"[1, 1, 1, 0, 1, 1, 1, 1, 1, 1]",215.95,234.37,303.02,168.01,758962.3
FUTU,119.28,4,"[1, 0, 0, 0, 0, 0, 1, 0, 1, 1]",104.69,137.13,195.9,89.76,1495991.85
ULS,73.46,2,"[0, 0, 0, 0, 1, 0, 0, 0, 1, 0]",84.43,84.84,104.53,62.3,724515.5
CHRW,147.88,4,"[0, 0, 0, 0, 1, 1, 0, 0, 1, 1]",170.86,172.14,209.42,123.05,1402683.8
LUV,37.68,4,"[0, 0, 0, 1, 1, 1, 0, 0, 1, 0]",46.31,42.71,54.33,29.29,4375882.25
DKS,132.95,1,"[0, 0, 0, 0, 0, 0, 0, 0, 1, 0]",203.18,207.4,239.17,124.31,4792589.55
VTRS,16.63,9,"[1, 1, 1, 1, 1, 1, 1, 1, 1, 0]",16.57,14.39,17.73,9.17,9951446.55
RCI,36.41,6,"[1, 1, 1, 0, 0, 0, 0, 1, 1, 1]",34.57,36.23,40.21,31.45,1025075.35
FFIV,395.72,8,"[0, 1, 1, 1, 1, 1, 1, 1, 1, 0]",404.33,324.07,431.26,223.99,552817.95
CX,10.45,4,"[0, 0, 0, 0, 1, 1, 0, 1, 1, 0]",11.81,11.84,13.52,8.85,6987873.25
INCY,125.01,10,"[1, 1, 1, 1, 1, 1, 1, 1, 1, 1]",119.13,104.29,129.93,81.66,1320933.95
KEP,11.66,1,"[0, 0, 0, 0, 0, 0, 0, 0, 1, 0]",11.94,15.5,23.26,11.18,993393.95
APG,39.12,4,"[0, 0, 0, 0, 1, 1, 0, 1, 1, 0]",41.21,41.88,49.4,33.64,2409438.75
SNX,251.39,8,"[0, 1, 1, 1, 1, 1, 1, 1, 1, 0]",254.73,201.95,289.57,141.35,579474.35
CDE,20.2,8,"[1, 1, 1, 0, 1, 1, 1, 0, 1, 1]",17.24,18.83,27.12,13.64,40981160.65
RBC,488.69,5,"[0, 0, 0, 0, 1, 1, 1, 1, 1, 0]",569.68,543.02,648.89,369.71,242969.7
BURL,262.15,4,"[0, 0, 0, 1, 1, 1, 0, 0, 1, 0]",337.67,312.67,372.19,242.43,1280194.3
ROKU,155.53,10,"[1, 1, 1, 1, 1, 1, 1, 1, 1, 1]",146.66,116.86,159.76,82.93,2371187.4
AMKR,45.73,5,"[0, 0, 0, 1, 1, 1, 1, 0, 1, 0]",61.12,55.79,93.55,23.68,4125682.1
RS,390.11,8,"[0, 1, 1, 1, 1, 1, 1, 1, 1, 0]",396.69,342.05,428.02,261.99,354887.65
BWXT,161.54,2,"[0, 0, 0, 0, 1, 0, 0, 0, 1, 0]",174.98,192.71,237.73,149.52,1090316.75
ZTO,21.06,4,"[0, 0, 0, 0, 1, 1, 0, 1, 1, 0]",23.03,22.83,25.88,17.59,1877421.35
NXT,83.07,2,"[0, 0, 0, 0, 1, 0, 0, 0, 1, 0]",101.93,108.63,156.4,64.33,2225727.4
ITT,194.26,6,"[0, 0, 1, 1, 1, 1, 0, 1, 1, 0]",200.31,193.89,221.24,167.52,847261.6
FTV,56.8,5,"[0, 0, 0, 1, 1, 1, 0, 1, 1, 0]",60.92,57.87,64.09,46.82,2179807.4
IONQ,37.78,2,"[0, 0, 0, 0, 0, 0, 1, 0, 1, 0]",42.13,44.34,82.09,26.59,19607323.7
AGI,34.92,5,"[1, 0, 0, 0, 1, 1, 0, 0, 1, 1]",31.68,39.01,55.22,27.83,4765760.35
BCH,41.45,9,"[1, 1, 1, 1, 1, 1, 1, 1, 1, 0]",40.7,38.47,43.7,27.26,291075.75
YPF,52.46,10,"[1, 1, 1, 1, 1, 1, 1, 1, 1, 1]",49.39,42.97,56.35,23.57,1103938.4
CF,135.6,10,"[1, 1, 1, 1, 1, 1, 1, 1, 1, 1]",118.75,106.37,136.34,74.99,2558581.0
MGA,63.63,8,"[0, 1, 1, 1, 1, 1, 1, 1, 1, 0]",66.77,59.11,73.05,42.56,1247316.35
TLN,293.73,2,"[0, 0, 0, 1, 0, 0, 0, 0, 1, 0]",356.62,359.21,445.84,293.73,880969.0
LSCC,111.68,6,"[0, 0, 1, 1, 1, 1, 1, 0, 1, 0]",130.1,107.0,155.27,61.73,1693637.6
WMG,27.97,4,"[1, 0, 0, 0, 0, 0, 0, 1, 1, 1]",27.11,28.32,34.31,23.35,2006544.75
CIB,96.25,10,"[1, 1, 1, 1, 1, 1, 1, 1, 1, 1]",88.24,73.39,103.26,47.86,309343.35
WCC,332.0,8,"[0, 1, 1, 1, 1, 1, 1, 1, 1, 0]",341.97,307.95,374.1,206.66,484684.3
JBS,13.41,5,"[1, 0, 0, 0, 1, 1, 0, 1, 1, 0]",12.9,13.77,17.05,11.6,5940839.85
WSO,314.98,2,"[0, 0, 0, 0, 1, 0, 0, 0, 1, 0]",352.16,370.6,452.97,302.29,501580.05
DOCN,108.92,6,"[0, 0, 1, 1, 1, 1, 1, 0, 1, 0]",128.29,95.84,181.29,31.87,2460718.0
EWBC,126.76,8,"[0, 1, 1, 1, 1, 1, 1, 1, 1, 0]",130.92,118.28,136.6,91.94,634781.15
AA,50.9,6,"[1, 0, 0, 0, 1, 1, 1, 0, 1, 1]",49.0,57.22,83.63,30.69,5070695.55
PR,23.79,10,"[1, 1, 1, 1, 1, 1, 1, 1, 1, 1]",20.73,18.28,23.87,11.76,9931900.8
NVMI,337.64,4,"[0, 0, 0, 0, 1, 1, 1, 0, 1, 0]",432.47,436.64,605.65,237.16,478607.1
RTO,24.3,2,"[0, 0, 0, 0, 1, 0, 0, 0, 1, 0]",26.62,29.5,34.2,23.14,1367344.75
OWL,11.68,7,"[1, 1, 1, 1, 0, 0, 1, 0, 1, 1]",10.27,11.02,17.68,7.89,18091635.95
OVV,66.58,10,"[1, 1, 1, 1, 1, 1, 1, 1, 1, 1]",59.61,51.85,66.82,35.32,3327941.2
TTMI,115.33,5,"[0, 0, 0, 1, 1, 1, 1, 0, 1, 0]",141.72,119.11,221.47,44.96,3006906.05
BEN,33.1,8,"[0, 1, 1, 1, 1, 1, 1, 1, 1, 0]",33.62,27.88,35.77,20.39,3296150.4
IEX,222.86,8,"[0, 1, 1, 1, 1, 1, 1, 1, 1, 0]",228.64,203.92,240.52,156.95,544566.3
LAMR,151.08,8,"[0, 1, 1, 1, 1, 1, 1, 1, 1, 0]",156.62,138.61,164.33,111.93,615571.05
VNOM,45.39,9,"[1, 1, 1, 0, 1, 1, 1, 1, 1, 1]",42.71,42.01,49.44,34.2,1641432.15
GNRC,181.42,4,"[0, 0, 0, 0, 1, 1, 1, 0, 1, 0]",224.83,207.87,295.54,136.37,971342.5
NDSN,314.4,10,"[1, 1, 1, 1, 1, 1, 1, 1, 1, 1]",303.06,276.43,334.7,219.09,425363.35
SN,174.92,10,"[1, 1, 1, 1, 1, 1, 1, 1, 1, 1]",164.72,126.86,192.86,84.57,1723662.1
H,162.55,5,"[0, 0, 0, 1, 1, 1, 0, 1, 1, 0]",184.19,168.74,201.92,134.94,713694.85
BALL,62.77,8,"[0, 1, 1, 1, 1, 1, 1, 1, 1, 0]",62.79,58.66,67.31,45.92,1634640.95
MLI,61.04,5,"[0, 0, 0, 1, 1, 1, 0, 1, 1, 0]",63.26,61.43,70.23,47.16,1108101.8
LOGI,98.07,3,"[0, 0, 0, 1, 0, 0, 0, 1, 1, 0]",101.4,101.07,126.69,85.84,755367.7
CLH,315.25,10,"[1, 1, 1, 1, 1, 1, 1, 1, 1, 1]",308.0,280.48,326.34,201.73,433065.45
GMAB,33.29,9,"[1, 1, 1, 1, 0, 1, 1, 1, 1, 1]",29.78,29.27,35.34,23.85,2933299.4
PAA,25.86,10,"[1, 1, 1, 1, 1, 1, 1, 1, 1, 1]",23.43,20.59,25.86,14.64,2691866.8
NBIX,156.76,7,"[0, 1, 1, 1, 1, 1, 0, 1, 1, 0]",166.42,147.31,185.5,123.1,1210520.95
HST,21.64,8,"[0, 1, 1, 1, 1, 1, 1, 1, 1, 0]",23.57,20.14,25.54,14.79,9482313.65
JLL,354.67,7,"[1, 1, 1, 1, 0, 1, 0, 1, 1, 0]",344.58,325.65,392.79,280.16,306834.75
ASND,260.25,10,"[1, 1, 1, 1, 1, 1, 1, 1, 1, 1]",255.75,231.34,277.18,189.74,525890.3
LECO,268.68,9,"[1, 1, 1, 1, 1, 1, 0, 1, 1, 1]",267.41,259.59,297.02,218.56,455044.7
OKTA,166.43,10,"[1, 1, 1, 1, 1, 1, 1, 1, 1, 1]",141.97,100.17,173.04,62.93,3674410.9
HTHT,46.97,8,"[1, 0, 1, 0, 1, 1, 1, 1, 1, 1]",43.26,46.89,54.63,34.71,1678723.6
DTM,129.99,5,"[0, 0, 0, 1, 1, 1, 0, 1, 1, 0]",139.5,132.49,150.74,100.87,1023656.95
MOD,180.91,4,"[0, 0, 0, 0, 1, 1, 1, 0, 1, 0]",221.0,209.45,306.89,119.68,1235734.65
RRX,157.01,3,"[0, 0, 0, 0, 1, 1, 0, 0, 1, 0]",197.1,186.61,238.19,127.98,1442006.55
BSAC,34.87,10,"[1, 1, 1, 1, 1, 1, 1, 1, 1, 1]",34.02,31.95,36.15,22.96,285794.35
JAZZ,243.71,8,"[0, 1, 1, 1, 1, 1, 1, 1, 1, 0]",247.8,204.08,261.62,125.22,1064445.15
ONTO,256.37,6,"[0, 0, 1, 1, 1, 1, 1, 0, 1, 0]",299.65,238.41,378.45,101.95,1072635.7
OHI,46.79,7,"[0, 1, 1, 1, 1, 1, 0, 1, 1, 0]",47.9,45.19,51.03,37.16,1704357.65
SMMT,14.16,3,"[1, 0, 0, 0, 0, 0, 0, 0, 1, 1]",14.09,16.46,26.38,12.43,5540754.1
RMBS,84.4,2,"[0, 0, 0, 0, 1, 0, 0, 0, 1, 0]",101.55,108.09,170.66,73.28,1927676.2
AUR,5.46,6,"[0, 0, 1, 1, 1, 1, 1, 0, 1, 0]",6.36,5.31,8.4,3.77,28777113.15
NIO,4.06,2,"[0, 0, 0, 0, 1, 0, 0, 0, 1, 0]",4.71,5.25,7.89,4.06,31543058.3
HAS,93.2,9,"[1, 1, 1, 0, 1, 1, 1, 1, 1, 1]",87.93,87.96,103.58,68.73,1513108.5
LTM,49.29,3,"[0, 0, 0, 1, 0, 1, 0, 0, 1, 0]",53.82,53.16,68.29,41.47,867107.75
SUN,76.99,10,"[1, 1, 1, 1, 1, 1, 1, 1, 1, 1]",71.9,62.52,77.08,45.51,447924.5
QXO,12.88,1,"[0, 0, 0, 0, 0, 0, 0, 0, 1, 0]",14.77,19.17,27.07,12.88,15110065.25
AEIS,267.0,4,"[0, 0, 0, 0, 1, 1, 1, 0, 1, 0]",311.25,297.54,388.79,145.04,570188.1
ALLY,41.85,5,"[0, 0, 0, 1, 1, 1, 0, 1, 1, 0]",44.28,42.23,46.92,35.47,2915191.25
PL,19.26,4,"[0, 0, 0, 0, 1, 1, 1, 0, 1, 0]",24.06,26.87,51.4,6.44,5080660.1
EVR,286.23,2,"[0, 0, 0, 0, 0, 0, 0, 1, 1, 0]",321.06,328.2,379.99,265.69,499009.45
SKM,37.76,10,"[1, 1, 1, 1, 1, 1, 1, 1, 1, 1]",34.41,30.75,46.0,19.68,1954905.5
TIGO,92.6,8,"[0, 1, 1, 1, 1, 1, 1, 1, 1, 0]",93.76,74.12,104.31,42.71,1210215.8
SANM,187.3,6,"[0, 0, 1, 1, 1, 1, 1, 0, 1, 0]",208.68,182.73,282.72,113.14,640494.2
IESC,300.59,1,"[0, 0, 0, 0, 0, 0, 0, 0, 1, 0]",,,793.96,300.59,173985.2
BBIO,76.57,7,"[0, 1, 1, 1, 0, 1, 1, 1, 1, 0]",80.07,73.65,90.17,49.0,2104729.35
TOL,140.21,5,"[0, 0, 0, 1, 1, 1, 0, 1, 1, 0]",150.92,143.91,165.52,123.92,886140.1
DINO,103.97,10,"[1, 1, 1, 1, 1, 1, 1, 1, 1, 1]",84.88,63.87,103.97,44.83,2583467.85
NYT,67.73,4,"[0, 0, 0, 0, 1, 1, 0, 1, 1, 0]",70.53,73.13,85.59,54.2,2413118.8
DY,287.3,4,"[0, 0, 0, 1, 1, 1, 0, 0, 1, 0]",414.73,394.22,535.2,245.31,608377.05
RBRK,88.4,9,"[1, 1, 1, 1, 0, 1, 1, 1, 1, 1]",85.49,68.61,107.02,43.81,3980123.45
DVA,176.14,6,"[0, 0, 1, 1, 1, 1, 1, 0, 1, 0]",210.71,162.88,240.96,103.87,1010167.0
GH,164.41,10,"[1, 1, 1, 1, 1, 1, 1, 1, 1, 1]",157.37,116.06,170.92,54.79,2090038.5
PEN,322.58,6,"[1, 0, 0, 0, 1, 1, 1, 1, 1, 0]",320.75,323.67,359.4,225.54,267567.3
BMNR,23.37,6,"[1, 1, 1, 0, 0, 0, 1, 0, 1, 1]",17.82,22.45,63.2,13.31,40496843.3
SWK,94.51,9,"[1, 1, 1, 1, 1, 1, 1, 1, 1, 0]",94.45,80.39,104.0,60.08,1729309.25
ENLT,74.93,6,"[0, 0, 1, 1, 1, 1, 1, 0, 1, 0]",85.0,71.83,107.42,27.02,193284.05
OKLO,38.53,1,"[0, 0, 0, 0, 0, 0, 0, 0, 1, 0]",44.91,65.72,174.14,36.84,9954900.35
BWA,63.54,9,"[0, 1, 1, 1, 1, 1, 1, 1, 1, 1]",65.6,57.05,77.03,40.58,2206492.25
APA,44.3,10,"[1, 1, 1, 1, 1, 1, 1, 1, 1, 1]",36.95,32.84,44.39,20.93,5729669.1
IONS,59.88,2,"[0, 0, 0, 0, 0, 0, 0, 0, 1, 1]",62.6,73.66,86.5,51.77,2213848.05
HL,19.11,7,"[1, 1, 1, 0, 0, 1, 1, 0, 1, 1]",16.62,18.85,31.79,8.84,38493047.6
HII,292.42,3,"[0, 0, 0, 0, 1, 1, 0, 0, 1, 0]",295.55,345.14,449.68,262.7,412771.55
SOLS,61.73,3,"[0, 0, 0, 0, 1, 0, 1, 0, 1, 0]",64.54,67.52,88.48,41.3,2275060.3
FIVE,245.08,9,"[1, 1, 1, 0, 1, 1, 1, 1, 1, 1]",214.67,206.88,262.72,138.49,1009597.1
U,40.92,9,"[1, 1, 1, 1, 0, 1, 1, 1, 1, 1]",35.37,31.97,49.47,17.13,13219120.6
IVZ,31.99,10,"[1, 1, 1, 1, 1, 1, 1, 1, 1, 1]",29.83,26.7,33.31,20.98,4240538.7
NTNX,66.69,8,"[1, 1, 1, 1, 0, 0, 1, 1, 1, 1]",58.45,48.81,81.12,34.41,2851602.5
MEDP,583.21,9,"[1, 1, 1, 1, 0, 1, 1, 1, 1, 1]",565.73,520.69,620.75,393.42,204382.5
EXEL,56.89,10,"[1, 1, 1, 1, 1, 1, 1, 1, 1, 1]",54.66,47.4,57.1,34.54,2486562.95
ALGN,154.96,4,"[0, 0, 0, 0, 1, 1, 0, 1, 1, 0]",172.46,170.12,197.51,124.88,820049.35
WLK,74.23,5,"[0, 0, 0, 0, 1, 1, 1, 0, 1, 1]",75.6,86.68,121.8,54.89,942425.0
SAIA,331.62,4,"[0, 0, 0, 0, 1, 1, 1, 0, 1, 0]",394.53,383.49,487.14,250.48,456537.5
MP,53.74,4,"[1, 0, 0, 0, 0, 0, 1, 0, 1, 1]",51.54,57.7,98.65,38.1,6696708.6
VIAV,34.81,6,"[0, 0, 1, 1, 1, 1, 1, 0, 1, 0]",41.08,34.46,55.33,11.49,4591022.55
AAOI,103.39,5,"[0, 0, 1, 0, 1, 1, 1, 0, 1, 0]",120.11,100.29,223.1,19.49,11478296.25
PINS,21.25,4,"[0, 1, 0, 1, 0, 0, 1, 0, 1, 0]",22.82,22.01,37.95,15.42,10685825.95
AIZ,280.78,9,"[1, 1, 1, 1, 1, 1, 1, 1, 1, 0]",278.83,243.74,301.57,203.12,373232.55
ELAN,23.91,7,"[0, 0, 1, 1, 1, 1, 1, 1, 1, 0]",24.59,23.68,26.84,17.35,8336094.05
GLXY,23.43,3,"[0, 0, 0, 0, 0, 0, 1, 0, 1, 1]",23.73,25.12,42.86,16.84,6904669.5
APLD,24.29,3,"[0, 0, 0, 0, 1, 0, 1, 0, 1, 0]",30.29,32.16,49.65,13.89,15173643.15
MDGL,538.71,9,"[1, 1, 1, 1, 0, 1, 1, 1, 1, 1]",527.3,515.11,602.83,412.35,273222.1
VICR,175.99,5,"[0, 0, 0, 1, 1, 1, 1, 0, 1, 0]",244.8,200.49,379.78,48.46,782940.5
COKE,193.16,10,"[1, 1, 1, 1, 1, 1, 1, 1, 1, 1]",185.94,178.39,216.33,111.2,478417.2
LFUS,408.91,8,"[0, 1, 1, 1, 1, 1, 1, 1, 1, 0]",429.88,366.36,488.16,233.58,219993.65
FORM,95.41,5,"[0, 0, 0, 1, 1, 1, 1, 0, 1, 0]",117.88,101.05,159.93,28.43,1122428.5
AAON,75.35,2,"[0, 0, 0, 0, 1, 0, 0, 0, 1, 0]",100.13,98.83,148.15,73.35,1227898.4
TFII,127.83,7,"[0, 0, 1, 1, 1, 1, 1, 1, 1, 0]",143.26,124.38,162.83,80.09,227492.95
AIT,319.11,8,"[0, 1, 1, 1, 1, 1, 1, 1, 1, 0]",340.01,294.24,361.95,239.46,271641.15
SMTC,132.27,9,"[0, 1, 1, 1, 1, 1, 1, 1, 1, 1]",135.05,106.05,174.73,57.76,3130954.35
WULF,14.65,4,"[0, 0, 0, 0, 1, 1, 1, 0, 1, 0]",19.12,17.8,28.98,8.87,30932914.25
POWL,172.14,4,"[0, 0, 0, 0, 1, 1, 1, 0, 1, 0]",224.67,199.25,321.8,85.54,526408.7
TIMB,18.14,2,"[0, 0, 0, 0, 1, 0, 0, 0, 1, 0]",19.99,22.59,27.75,17.28,577929.3
AXSM,202.83,7,"[0, 0, 1, 1, 1, 1, 1, 1, 1, 0]",226.58,193.43,255.17,114.1,665518.65
WMS,130.75,2,"[0, 0, 0, 0, 0, 1, 0, 0, 1, 0]",145.44,147.57,174.94,129.5,688592.35
HMY,19.23,8,"[1, 1, 1, 0, 0, 1, 1, 1, 1, 1]",17.33,18.05,25.55,13.07,3694185.6
HUT,77.57,6,"[0, 0, 1, 1, 1, 1, 1, 0, 1, 0]",98.48,74.17,133.02,25.38,4962557.25
IAG,19.29,9,"[1, 1, 1, 0, 1, 1, 1, 1, 1, 1]",16.73,17.69,24.57,9.43,6217252.55
CGNX,60.08,8,"[0, 1, 1, 1, 1, 1, 1, 1, 1, 0]",64.21,52.92,72.32,34.65,2367644.65
KTOS,49.34,2,"[0, 0, 0, 0, 0, 0, 0, 0, 1, 1]",52.34,72.09,130.72,43.88,3863118.75
JEF,51.98,6,"[0, 1, 0, 1, 0, 1, 1, 1, 1, 0]",54.05,52.78,68.3,35.48,1835168.25
AG,19.86,7,"[1, 0, 1, 0, 1, 1, 1, 0, 1, 1]",17.76,19.54,31.96,9.05,10150063.3
EMBJ,71.71,9,"[1, 1, 1, 1, 0, 1, 1, 1, 1, 1]",68.75,65.54,79.6,53.63,1331526.35
ESI,34.36,5,"[0, 0, 0, 1, 1, 1, 1, 0, 1, 0]",39.24,34.89,49.09,22.82,3276224.95
JOBY,6.69,1,"[0, 0, 0, 0, 0, 0, 0, 0, 1, 0]",7.83,10.47,19.57,6.65,28031506.4
MUSA,536.45,8,"[0, 1, 1, 1, 1, 1, 1, 1, 1, 0]",572.22,488.65,622.07,354.79,305802.5
BTSG,59.16,8,"[0, 1, 1, 1, 1, 1, 1, 1, 1, 0]",65.7,49.55,72.91,23.88,2500387.1
GSAT,81.37,9,"[1, 1, 1, 1, 1, 1, 1, 1, 1, 0]",81.2,71.88,84.43,29.94,746024.9
GMED,80.48,4,"[0, 0, 0, 0, 0, 1, 1, 1, 1, 0]",81.1,85.98,96.82,55.1,1372368.65
BEP,31.27,5,"[0, 0, 0, 1, 1, 1, 0, 1, 1, 0]",33.21,31.44,37.09,24.11,823589.5
KNX,66.73,8,"[0, 1, 1, 1, 1, 1, 1, 1, 1, 0]",72.55,62.75,82.45,38.58,2737066.5
ALSN,122.71,10,"[1, 1, 1, 1, 1, 1, 1, 1, 1, 1]",119.99,113.32,135.36,78.44,819112.2
SNAP,5.35,4,"[1, 1, 0, 0, 0, 0, 1, 0, 1, 0]",4.93,5.88,9.09,3.93,39166063.65
ARWR,82.74,8,"[0, 1, 1, 1, 1, 1, 1, 1, 1, 0]",83.57,70.24,89.59,25.68,1132748.7
WTFC,148.74,6,"[0, 0, 1, 1, 1, 1, 0, 1, 1, 0]",158.86,147.35,166.33,118.51,540480.85
AES,14.77,9,"[1, 1, 1, 1, 1, 1, 0, 1, 1, 1]",14.63,14.28,16.87,11.92,7287856.75
SPXC,192.13,5,"[0, 0, 0, 1, 1, 1, 0, 1, 1, 0]",216.81,214.85,246.41,180.71,365995.0
VFS,3.11,2,"[0, 0, 0, 0, 1, 0, 0, 0, 1, 0]",3.11,3.41,4.76,2.81,330900.9
AHR,56.54,10,"[1, 1, 1, 1, 1, 1, 1, 1, 1, 1]",54.72,50.2,57.72,39.57,3157365.35
DAR,67.7,10,"[1, 1, 1, 1, 1, 1, 1, 1, 1, 1]",60.95,52.91,68.34,29.91,2638241.95
FCFS,215.56,10,"[1, 1, 1, 1, 1, 1, 1, 1, 1, 1]",213.67,194.6,236.43,144.26,413572.6
UMBF,137.95,8,"[0, 1, 1, 1, 1, 1, 1, 1, 1, 0]",144.84,126.82,152.04,102.87,465875.3
ARW,205.98,8,"[0, 1, 1, 1, 1, 1, 1, 1, 1, 0]",210.3,167.87,234.83,101.87,597471.55
MOG-A,365.03,8,"[0, 1, 1, 1, 1, 1, 1, 1, 1, 0]",405.48,324.87,445.38,190.93,239677.3
HBM,27.02,10,"[1, 1, 1, 1, 1, 1, 1, 1, 1, 1]",24.71,23.28,31.86,12.05,4598882.85
MGM,40.77,7,"[0, 0, 1, 1, 1, 1, 1, 1, 1, 0]",45.39,39.41,50.69,30.72,2139560.75
VMI,467.96,6,"[0, 0, 1, 1, 1, 1, 0, 1, 1, 0]",513.68,465.76,582.78,362.21,153688.1
ABVX,113.67,5,"[0, 0, 0, 1, 0, 1, 1, 1, 1, 0]",123.79,119.28,145.31,72.5,845696.35
CTRE,39.93,7,"[0, 1, 1, 1, 1, 1, 0, 1, 1, 0]",40.62,38.39,43.4,31.94,2417170.75
MOH,203.06,9,"[0, 1, 1, 1, 1, 1, 1, 1, 1, 1]",210.95,176.41,242.88,122.65,601477.0
BPOP,167.23,8,"[0, 1, 1, 1, 1, 1, 1, 1, 1, 0]",170.95,144.0,177.87,107.38,392315.5
SNEX,67.81,7,"[0, 1, 1, 1, 1, 1, 1, 0, 1, 0]",74.65,61.28,92.67,37.2,966205.85
CYTK,71.4,7,"[0, 0, 1, 1, 1, 1, 1, 1, 1, 0]",79.8,69.63,87.26,47.56,1848199.95
VSAT,66.28,7,"[0, 1, 1, 1, 1, 1, 1, 0, 1, 0]",74.98,56.49,89.81,28.41,1854613.0
ICLR,161.4,7,"[0, 1, 1, 1, 0, 0, 1, 1, 1, 1]",166.88,147.35,202.92,80.08,544900.45
AGX,404.75,5,"[0, 0, 0, 1, 1, 1, 1, 0, 1, 0]",600.91,511.07,797.9,202.87,285303.6
CAMT,128.14,4,"[0, 0, 0, 0, 1, 1, 1, 0, 1, 0]",149.75,151.41,207.46,76.73,423093.4
SBSW,11.66,5,"[1, 0, 0, 0, 0, 1, 1, 0, 1, 1]",9.69,12.49,20.52,7.85,5357792.65
ELPC,11.76,9,"[1, 1, 1, 0, 1, 1, 1, 1, 1, 1]",11.45,11.05,13.39,7.96,488428.3
TTC,97.96,9,"[1, 1, 1, 1, 1, 1, 1, 1, 1, 0]",96.14,90.33,100.89,67.07,606098.4
R,243.48,8,"[0, 1, 1, 1, 1, 1, 1, 1, 1, 0]",260.36,223.28,279.21,157.4,261280.4
CAVA,61.08,4,"[0, 0, 0, 0, 1, 1, 1, 0, 1, 0]",69.62,71.73,97.39,43.59,3408854.95
PRAX,353.44,10,"[1, 1, 1, 1, 1, 1, 1, 1, 1, 1]",335.84,304.57,386.33,37.71,433195.75
ZION,66.36,8,"[0, 1, 1, 1, 1, 1, 1, 1, 1, 0]",69.44,61.23,72.82,45.54,1294796.15
SIRI,27.62,8,"[0, 1, 1, 1, 1, 1, 1, 1, 1, 0]",29.4,24.46,32.3,19.3,3566595.25
RIOT,17.79,5,"[0, 0, 0, 1, 1, 1, 1, 0, 1, 0]",21.52,18.56,28.69,11.83,21836692.75
FLS,76.64,8,"[1, 0, 1, 0, 1, 1, 1, 1, 1, 1]",75.22,75.5,91.49,48.65,1508221.7
ALGM,35.47,5,"[0, 0, 0, 1, 1, 1, 1, 0, 1, 0]",47.32,39.2,69.62,22.8,1930094.55
GDS,31.24,2,"[0, 0, 0, 0, 1, 0, 0, 0, 1, 0]",32.13,37.75,47.52,29.02,1741909.3
KRYS,363.84,10,"[1, 1, 1, 1, 1, 1, 1, 1, 1, 1]",348.57,287.17,378.15,137.46,224290.05
EGO,42.86,9,"[1, 1, 1, 0, 1, 1, 1, 1, 1, 1]",35.06,35.59,49.52,24.83,2927111.1
GGB,4.69,9,"[1, 1, 1, 1, 1, 1, 1, 1, 1, 0]",4.55,4.12,5.09,2.96,11524069.55
MXL,57.59,7,"[0, 1, 1, 1, 1, 1, 1, 0, 1, 0]",79.1,46.51,128.03,13.05,2242703.65
IBRX,7.87,9,"[1, 1, 1, 1, 1, 1, 1, 0, 1, 1]",7.86,6.51,11.55,1.98,7863612.0
AAL,12.95,3,"[0, 0, 0, 1, 0, 1, 0, 0, 1, 0]",15.5,13.92,18.15,10.18,57031588.65
DDS,626.36,7,"[1, 1, 1, 0, 0, 1, 0, 1, 1, 1]",580.99,602.23,699.51,510.39,170514.2
FRO,44.32,10,"[1, 1, 1, 1, 1, 1, 1, 1, 1, 1]",39.48,31.94,44.45,19.11,2170076.65
CRUS,109.07,2,"[0, 0, 0, 0, 1, 0, 0, 0, 1, 0]",131.99,140.08,178.9,108.48,862985.15
BVN,33.42,8,"[1, 0, 1, 0, 1, 1, 1, 1, 1, 1]",31.97,32.44,42.44,19.05,1222260.85
W,93.88,8,"[0, 1, 1, 1, 0, 1, 1, 1, 1, 1]",95.36,88.29,119.05,57.4,3222003.8
LUMN,6.38,2,"[0, 0, 0, 0, 0, 0, 1, 0, 1, 0]",6.6,7.77,11.83,4.72,14030459.35
LLYVK,101.08,8,"[0, 1, 1, 1, 1, 1, 1, 1, 1, 0]",103.7,94.0,108.86,77.33,260501.1
LLYVA,97.38,8,"[0, 1, 1, 1, 1, 1, 1, 1, 1, 0]",100.08,91.35,104.99,74.85,142729.9
LEVI,20.36,5,"[0, 0, 0, 1, 1, 1, 0, 1, 1, 0]",23.51,21.71,25.53,17.69,2096140.5
COLB,29.32,2,"[0, 0, 0, 0, 0, 0, 0, 1, 1, 0]",,,33.2,22.9,2614580.45
OSK,147.68,6,"[0, 0, 1, 1, 1, 1, 0, 1, 1, 0]",149.04,143.98,176.5,117.24,570205.3
MTCH,41.91,10,"[1, 1, 1, 1, 1, 1, 1, 1, 1, 1]",38.64,34.2,42.18,28.57,3493907.55
FR,62.43,7,"[0, 1, 1, 1, 1, 1, 0, 1, 1, 0]",64.24,60.25,68.86,49.05,763852.8
CRL,282.34,10,"[1, 1, 1, 1, 1, 1, 1, 1, 1, 1]",249.18,198.28,298.58,145.57,980553.6
FROG,91.78,10,"[1, 1, 1, 1, 1, 1, 1, 1, 1, 1]",88.06,65.03,104.03,34.75,2218972.1
ZWS,46.64,5,"[0, 0, 0, 1, 1, 1, 0, 1, 1, 0]",49.24,48.09,53.06,43.5,745395.85
SIMO,237.35,7,"[0, 1, 1, 1, 1, 1, 1, 0, 1, 0]",274.23,180.56,336.22,78.41,1156317.2
ENS,181.09,5,"[0, 0, 0, 1, 1, 1, 1, 0, 1, 0]",199.03,185.03,243.06,100.33,556300.45
PRMB,22.92,9,"[0, 1, 1, 1, 1, 1, 1, 1, 1, 1]",23.72,20.39,25.26,14.14,4837237.05
EMN,70.14,5,"[0, 0, 1, 0, 1, 1, 0, 1, 1, 0]",70.54,69.38,79.49,54.37,895398.3
CIFR,14.61,4,"[0, 0, 0, 1, 1, 0, 1, 0, 1, 0]",20.03,18.34,29.18,7.4,34748310.05
QBTS,16.54,1,"[0, 0, 0, 0, 0, 0, 0, 0, 1, 0]",19.72,21.62,44.78,12.98,15273024.15
ECG,113.7,5,"[0, 0, 0, 1, 1, 1, 1, 0, 1, 0]",135.76,120.54,169.16,74.17,606033.25
FIGR,33.7,4,"[1, 0, 0, 0, 0, 0, 1, 0, 1, 1]",31.22,36.95,73.91,24.91,4578845.95
ICL,5.77,7,"[1, 1, 1, 0, 1, 0, 0, 1, 1, 1]",5.25,5.38,6.76,4.72,1164927.25
TKR,119.09,8,"[0, 1, 1, 1, 1, 1, 1, 1, 1, 0]",134.31,109.69,144.93,69.84,1043912.4
SSL,12.45,9,"[1, 1, 1, 0, 1, 1, 1, 1, 1, 1]",11.15,10.11,14.29,5.33,1147488.25
KRMN,41.09,1,"[0, 0, 0, 0, 0, 0, 0, 0, 1, 0]",51.06,72.04,115.29,41.09,2583276.7
BOKF,133.6,8,"[0, 1, 1, 1, 1, 1, 1, 1, 1, 0]",140.05,128.96,145.44,101.73,200708.0
NXE,9.93,6,"[1, 0, 0, 0, 1, 1, 1, 0, 1, 1]",9.85,10.77,13.92,7.56,5191146.45
NE,46.6,9,"[1, 1, 1, 0, 1, 1, 1, 1, 1, 1]",42.03,41.03,53.79,25.74,1115176.15
AMG,360.75,9,"[1, 1, 1, 1, 1, 1, 1, 1, 1, 0]",360.68,312.42,383.41,229.94,251583.5
IDA,136.39,5,"[0, 0, 0, 1, 1, 1, 0, 1, 1, 0]",144.62,137.75,153.61,120.49,475734.0
VIRT,65.32,10,"[1, 1, 1, 1, 1, 1, 1, 1, 1, 1]",60.7,46.86,67.93,31.82,1524022.25
MSGS,381.69,8,"[0, 1, 1, 1, 1, 1, 1, 1, 1, 0]",394.25,326.06,414.12,195.78,239543.1
ROAD,100.56,2,"[0, 0, 0, 0, 1, 0, 0, 0, 1, 0]",109.87,114.78,140.48,93.51,754011.5
CMC,67.14,4,"[0, 0, 0, 0, 1, 1, 0, 1, 1, 0]",67.98,69.31,82.67,54.7,1112646.5
JXN,132.78,9,"[1, 1, 1, 1, 1, 1, 1, 1, 1, 0]",122.83,110.8,135.32,88.37,522568.6
ESE,267.63,6,"[0, 0, 0, 1, 1, 1, 1, 1, 1, 0]",316.76,275.9,354.82,195.21,216354.3
GKOS,176.7,10,"[1, 1, 1, 1, 1, 1, 1, 1, 1, 1]",164.22,128.0,189.55,74.67,625126.5
CWEN,31.52,4,"[0, 0, 0, 0, 1, 1, 0, 1, 1, 0]",33.4,35.85,41.26,26.9,1164505.2
CIG,2.06,4,"[0, 0, 0, 0, 1, 1, 0, 1, 1, 0]",2.07,2.11,2.62,1.79,4049703.45
MBLY,8.36,3,"[0, 0, 0, 1, 0, 0, 0, 0, 1, 1]",8.75,9.32,15.54,6.56,3793991.75
KNTK,55.03,10,"[1, 1, 1, 1, 1, 1, 1, 1, 1, 1]",50.36,43.53,55.1,30.05,1123006.25
CHRD,150.41,10,"[1, 1, 1, 1, 1, 1, 1, 1, 1, 1]",130.6,117.8,150.41,81.47,746712.7
MIDD,111.6,5,"[0, 0, 0, 1, 1, 1, 0, 1, 1, 0]",129.1,120.34,144.17,89.85,648415.9
PCVX,60.81,10,"[1, 1, 1, 1, 1, 1, 1, 1, 1, 1]",57.7,53.85,63.3,30.89,997331.75
KEX,140.95,10,"[1, 1, 1, 1, 1, 1, 1, 1, 1, 1]",138.71,131.65,152.59,79.95,441379.65
HALO,107.72,10,"[1, 1, 1, 1, 1, 1, 1, 1, 1, 1]",87.6,73.44,109.32,61.63,2341293.8
YOU,42.97,5,"[0, 0, 0, 1, 1, 1, 1, 0, 1, 0]",51.55,46.0,62.18,29.2,1915760.05
ORA,107.29,3,"[0, 0, 0, 0, 1, 0, 0, 0, 1, 1]",108.07,115.35,144.94,89.88,768370.0
VLY,13.38,7,"[0, 0, 1, 1, 1, 1, 1, 1, 1, 0]",14.53,12.95,15.19,9.47,6130132.75
VFC,13.09,1,"[0, 0, 0, 0, 0, 0, 0, 0, 1, 0]",15.73,17.5,21.44,13.09,6191385.8
WFRD,94.52,8,"[1, 0, 1, 0, 1, 1, 1, 1, 1, 1]",86.81,91.5,111.07,60.68,885912.0
CORZ,16.07,3,"[0, 0, 0, 1, 1, 0, 0, 0, 1, 0]",21.48,19.65,29.16,13.57,11173280.45
TEX,59.29,6,"[0, 0, 0, 1, 1, 1, 1, 1, 1, 0]",66.55,60.52,74.39,41.45,997882.95
SOBO,37.81,10,"[1, 1, 1, 1, 1, 1, 1, 1, 1, 1]",36.72,32.25,38.67,24.54,518414.3
FAF,73.59,9,"[1, 1, 1, 1, 1, 1, 1, 1, 1, 0]",72.11,66.02,79.16,56.38,618506.95
IDCC,319.9,6,"[1, 1, 1, 0, 0, 0, 0, 1, 1, 1]",299.55,317.98,393.78,250.11,195734.7
OR,35.59,5,"[1, 0, 0, 0, 1, 1, 0, 0, 1, 1]",31.94,36.63,47.56,28.05,1129889.0
HXL,92.08,8,"[0, 1, 1, 1, 1, 1, 1, 1, 1, 0]",100.64,87.84,110.09,60.57,711135.3
OGC,28.09,6,"[1, 0, 0, 0, 1, 1, 1, 0, 1, 1]",26.17,29.96,42.25,18.3,565922.7
SLAB,219.12,10,"[1, 1, 1, 1, 1, 1, 1, 1, 1, 1]",218.21,192.11,220.34,116.08,255753.35
RIG,5.92,8,"[1, 0, 1, 0, 1, 1, 1, 1, 1, 1]",5.37,5.53,7.58,2.99,40101437.55
PLXS,238.57,7,"[0, 0, 1, 1, 1, 1, 1, 1, 1, 0]",262.87,219.49,303.82,132.74,252899.05
GGAL,44.29,4,"[0, 0, 0, 1, 0, 0, 1, 1, 1, 0]",48.03,47.56,58.63,25.33,917239.4
SSRM,35.83,10,"[1, 1, 1, 1, 1, 1, 1, 1, 1, 1]",30.23,27.77,39.21,19.46,3030353.95
LTH,41.83,8,"[0, 1, 1, 1, 1, 1, 1, 1, 1, 0]",42.82,32.06,45.73,24.59,2895003.65
KYMR,119.05,10,"[1, 1, 1, 1, 1, 1, 1, 1, 1, 1]",112.9,88.01,127.31,40.69,695498.2
SM,38.04,10,"[1, 1, 1, 1, 1, 1, 1, 1, 1, 1]",31.44,26.27,38.04,17.3,4050163.8
LEA,125.17,6,"[0, 0, 0, 1, 1, 1, 1, 1, 1, 0]",131.92,125.88,148.68,94.98,562690.55
HR,19.36,7,"[0, 1, 1, 1, 1, 1, 0, 1, 1, 0]",20.13,18.3,21.6,15.74,3292133.25
RHP,123.46,8,"[0, 1, 1, 1, 1, 1, 1, 1, 1, 0]",127.75,105.78,135.99,82.97,1001089.6
NOV,21.36,10,"[1, 1, 1, 1, 1, 1, 1, 1, 1, 1]",19.74,18.71,21.6,12.09,3183120.35
DBX,34.26,8,"[1, 1, 1, 1, 0, 1, 1, 1, 1, 0]",31.58,27.59,35.93,22.06,4083645.35
TFPM,32.65,5,"[1, 0, 0, 0, 0, 1, 0, 1, 1, 1]",30.36,33.1,41.23,26.85,649388.85
AUGO,79.04,8,"[1, 1, 1, 0, 1, 1, 1, 0, 1, 1]",66.03,66.35,107.02,29.37,1001965.45
MTDR,59.21,9,"[1, 1, 1, 0, 1, 1, 1, 1, 1, 1]",52.0,50.73,64.51,36.03,2113479.4
MYRG,286.46,5,"[0, 0, 0, 1, 1, 1, 1, 0, 1, 0]",374.04,321.99,501.13,173.81,277056.3
AVT,89.39,10,"[1, 1, 1, 1, 1, 1, 1, 1, 1, 1]",89.3,70.58,98.63,43.64,1340321.95
LGN,51.6,5,"[0, 0, 0, 1, 1, 1, 1, 0, 1, 0]",68.24,62.21,102.27,29.72,1015512.25
BRKR,56.03,8,"[0, 1, 1, 1, 1, 1, 1, 1, 1, 0]",58.68,47.63,64.34,29.21,2429709.7
SGHC,13.46,8,"[0, 1, 1, 1, 1, 1, 1, 1, 1, 0]",13.99,11.99,15.59,8.45,2291906.55
STEP,49.68,4,"[1, 1, 0, 0, 0, 0, 0, 0, 1, 1]",45.42,52.68,74.4,39.54,1325966.25
UGP,6.87,10,"[1, 1, 1, 1, 1, 1, 1, 1, 1, 1]",5.87,5.04,6.87,3.53,3214753.35
VAL,88.04,9,"[1, 1, 1, 0, 1, 1, 1, 1, 1, 1]",79.82,79.16,113.42,46.75,1047963.95
BLSH,33.06,5,"[1, 1, 0, 0, 0, 0, 1, 0, 1, 1]",25.51,34.1,69.49,21.79,1669509.5
TGTX,56.09,10,"[1, 1, 1, 1, 1, 1, 1, 1, 1, 1]",53.42,38.63,59.06,26.94,1984759.75
MIRM,98.34,7,"[0, 0, 1, 1, 1, 1, 1, 1, 1, 0]",110.11,95.49,128.57,64.1,691333.95
ST,40.98,7,"[0, 0, 1, 1, 1, 1, 1, 1, 1, 0]",45.4,39.83,53.41,28.29,1294999.0
NPO,287.96,6,"[0, 0, 1, 1, 1, 1, 1, 0, 1, 0]",332.54,279.22,387.65,201.81,166617.2
PAYC,237.95,9,"[1, 1, 1, 1, 0, 1, 1, 1, 1, 1]",172.92,147.17,239.1,113.1,917420.05
SYRE,88.5,8,"[0, 1, 1, 1, 1, 1, 1, 1, 1, 0]",98.45,60.69,108.92,14.82,1024168.05
SWX,89.35,8,"[0, 1, 1, 1, 1, 1, 0, 1, 1, 1]",90.3,85.9,92.72,74.91,426341.45
COMP,10.33,7,"[0, 1, 1, 1, 0, 1, 1, 1, 1, 0]",11.83,10.11,13.58,6.68,10776819.45
AROC,31.69,6,"[0, 0, 0, 1, 1, 1, 1, 1, 1, 0]",35.71,32.57,41.68,22.6,1924370.7
AXTI,56.11,5,"[0, 0, 1, 0, 1, 1, 1, 0, 1, 0]",63.75,53.9,140.83,2.96,10592386.7
RSI,25.75,7,"[0, 1, 1, 1, 1, 1, 1, 0, 1, 0]",29.09,23.38,34.52,15.89,2122387.65
RYTM,104.74,8,"[0, 1, 1, 1, 0, 1, 1, 1, 1, 1]",109.57,99.46,117.62,75.82,631299.65
HIMS,28.44,4,"[0, 1, 0, 1, 0, 0, 1, 0, 1, 0]",31.89,28.5,62.76,14.52,12576595.35
PTGX,146.49,10,"[1, 1, 1, 1, 1, 1, 1, 1, 1, 1]",138.87,104.83,158.62,56.19,500821.0
ACA,145.48,10,"[1, 1, 1, 1, 1, 1, 1, 1, 1, 1]",145.04,122.43,145.49,88.99,572839.5
FNB,17.87,7,"[0, 1, 1, 1, 1, 1, 0, 1, 1, 0]",18.93,17.58,19.49,14.33,3262038.5
FLY,20.67,3,"[0, 0, 0, 0, 1, 1, 0, 0, 1, 0]",23.59,27.53,58.81,16.78,2845938.05
CELC,91.98,5,"[0, 0, 0, 0, 1, 1, 1, 0, 1, 1]",94.33,106.06,144.98,45.22,784702.8
ENIC,4.31,7,"[0, 1, 1, 1, 1, 1, 0, 1, 1, 0]",4.44,4.16,4.66,3.38,609682.9
INGM,27.61,8,"[0, 1, 1, 1, 1, 1, 1, 1, 1, 0]",28.29,24.97,31.54,18.78,970724.6
LUNR,14.72,5,"[0, 0, 0, 0, 1, 1, 1, 0, 1, 1]",16.28,19.69,45.7,8.05,9811034.75
RGTI,14.99,1,"[0, 0, 0, 0, 0, 0, 0, 0, 1, 0]",16.71,19.44,56.34,12.9,17491429.9
CLF,11.54,7,"[1, 1, 1, 1, 0, 0, 1, 0, 1, 1]",10.92,11.39,16.18,7.82,15455660.25
CE,44.13,4,"[0, 0, 0, 0, 1, 1, 0, 0, 1, 1]",45.91,50.54,69.19,35.47,1729066.8
APGE,135.08,10,"[1, 1, 1, 1, 1, 1, 1, 1, 1, 1]",134.04,91.25,135.08,36.53,1317135.1
LSTR,175.41,7,"[0, 0, 1, 1, 1, 1, 1, 1, 1, 0]",193.69,170.09,224.86,117.83,407240.75
GVA,117.93,3,"[0, 0, 0, 0, 1, 1, 0, 0, 1, 0]",129.62,125.94,160.26,98.2,579035.9
VIST,74.71,9,"[1, 1, 1, 0, 1, 1, 1, 1, 1, 1]",66.62,62.3,79.25,33.7,1025729.45
KGS,59.55,8,"[0, 0, 1, 1, 1, 1, 1, 1, 1, 1]",63.54,54.82,75.7,31.78,1633371.4
URBN,79.29,9,"[1, 1, 1, 1, 0, 1, 1, 1, 1, 1]",74.2,71.6,82.95,59.57,1272971.55
PTCT,70.56,6,"[0, 0, 0, 1, 0, 1, 1, 1, 1, 1]",76.59,73.41,89.55,52.43,827905.7
ETSY,81.75,9,"[1, 1, 1, 1, 1, 1, 1, 1, 1, 0]",80.87,63.48,87.03,44.05,3348134.35
LNTH,100.88,8,"[0, 1, 1, 1, 1, 1, 1, 1, 1, 0]",103.56,83.26,110.94,50.11,1798276.95
VNO,36.65,7,"[0, 1, 1, 1, 0, 1, 1, 1, 1, 0]",39.12,33.28,42.04,24.71,1115575.4
REZI,19.24,1,"[0, 0, 0, 0, 0, 0, 0, 0, 1, 0]",22.84,23.93,30.97,18.64,2841401.15
OUT,29.81,8,"[0, 1, 1, 1, 1, 1, 1, 1, 1, 0]",31.69,28.02,33.81,16.53,1926947.9
FLG,13.06,5,"[0, 0, 0, 1, 1, 1, 0, 1, 1, 0]",14.33,13.55,15.36,10.7,3819642.6
EAT,233.98,10,"[1, 1, 1, 1, 1, 1, 1, 1, 1, 1]",206.14,162.05,253.94,102.29,998033.85
GXO,46.17,1,"[0, 0, 0, 0, 0, 0, 0, 0, 1, 0]",49.88,52.99,65.59,45.37,1545772.65
COGT,34.68,5,"[0, 0, 0, 1, 0, 1, 1, 1, 1, 0]",38.66,36.94,42.84,11.97,1832029.45
IBP,234.14,3,"[1, 0, 0, 0, 0, 0, 0, 0, 1, 1]",232.38,260.42,340.78,195.28,303734.95
VSNT,40.31,7,"[1, 1, 0, 1, 0, 0, 1, 1, 1, 1]",37.25,40.31,46.48,26.86,1779778.65
ABCB,83.55,6,"[0, 0, 1, 1, 1, 1, 0, 1, 1, 0]",88.61,82.18,93.17,68.89,314306.1
TFX,140.48,10,"[1, 1, 1, 1, 1, 1, 1, 1, 1, 1]",133.75,121.89,142.05,99.54,635283.3
IMVT,39.9,9,"[0, 1, 1, 1, 1, 1, 1, 1, 1, 1]",40.3,30.24,44.96,14.78,1190904.8
CGON,75.86,10,"[1, 1, 1, 1, 1, 1, 1, 1, 1, 1]",73.33,60.58,80.68,27.46,750181.55
USAR,17.26,3,"[0, 0, 0, 0, 1, 0, 1, 0, 1, 0]",17.91,19.19,38.68,11.9,13045777.85
ALKS,47.2,8,"[0, 1, 1, 1, 1, 1, 1, 1, 1, 0]",50.75,37.37,55.22,26.52,1326132.95
CENX,46.78,5,"[1, 0, 0, 0, 1, 1, 1, 0, 1, 0]",45.57,49.23,68.77,21.69,2281794.05
MSM,117.74,8,"[0, 1, 1, 1, 1, 1, 1, 1, 1, 0]",121.76,100.05,127.28,78.9,595231.85
SRRK,55.89,10,"[1, 1, 1, 1, 1, 1, 1, 1, 1, 1]",53.07,47.27,60.04,27.92,1075484.0
BLCO,17.88,8,"[1, 1, 1, 1, 0, 1, 0, 1, 1, 1]",16.67,16.51,18.6,14.32,387014.4
PIPR,74.49,2,"[0, 0, 0, 0, 0, 0, 0, 1, 1, 0]",75.02,79.75,92.26,69.6,465808.6
BKH,72.4,8,"[0, 1, 1, 1, 1, 1, 0, 1, 1, 1]",73.14,71.32,75.38,56.15,782538.85
KMX,61.0,10,"[1, 1, 1, 1, 1, 1, 1, 1, 1, 1]",57.18,45.85,64.22,30.88,1717596.75
MAC,23.52,8,"[0, 1, 1, 1, 1, 1, 1, 1, 1, 0]",25.02,20.96,26.51,15.8,3937577.2
CZR,29.67,8,"[0, 1, 1, 1, 1, 1, 1, 1, 1, 0]",29.86,26.29,30.41,18.14,3885613.95
PRIM,72.25,1,"[0, 0, 0, 0, 0, 0, 0, 0, 1, 0]",85.3,124.55,202.75,72.11,1163282.75
GLNG,52.33,10,"[1, 1, 1, 1, 1, 1, 1, 1, 1, 1]",50.26,46.66,56.8,34.8,1274369.1
OSCR,29.83,8,"[0, 1, 1, 1, 1, 1, 1, 1, 1, 0]",30.26,20.22,32.76,10.85,6035805.6
S,20.63,9,"[1, 1, 1, 1, 1, 1, 1, 1, 1, 0]",19.54,15.97,23.84,11.94,7879355.6
CORT,113.38,10,"[1, 1, 1, 1, 1, 1, 1, 1, 1, 1]",101.62,66.09,123.57,32.15,832297.65
RUSHA,48.75,4,"[0, 0, 0, 1, 1, 1, 0, 0, 1, 0]",76.22,67.32,82.76,46.26,409211.15
HWC,73.24,8,"[0, 1, 1, 1, 1, 1, 1, 1, 1, 0]",76.19,68.24,79.78,53.34,630347.05
CACC,594.18,9,"[0, 1, 1, 1, 1, 1, 1, 1, 1, 1]",601.27,515.59,657.2,411.04,113992.55
ZGN,13.04,8,"[0, 1, 1, 1, 1, 1, 1, 1, 1, 0]",13.84,11.83,15.25,8.17,831118.4
MATX,219.26,10,"[1, 1, 1, 1, 1, 1, 1, 1, 1, 1]",209.44,168.64,224.81,87.23,269457.6
MCY,101.08,8,"[0, 1, 1, 1, 1, 1, 1, 1, 1, 0]",106.68,95.98,111.12,75.45,278842.65
ALM,17.64,9,"[1, 1, 1, 0, 1, 1, 1, 1, 1, 1]",15.22,14.73,23.42,4.14,6561680.2
BGC,11.99,10,"[1, 1, 1, 1, 1, 1, 1, 1, 1, 1]",11.29,10.19,12.63,8.24,2793499.3
AUB,39.51,7,"[0, 1, 1, 1, 1, 1, 0, 1, 1, 0]",41.66,37.6,43.01,30.43,779229.15
GTX,26.6,7,"[0, 1, 1, 1, 1, 1, 1, 0, 1, 0]",30.7,23.57,36.23,12.35,2598109.4
MRCY,82.8,4,"[0, 0, 0, 1, 1, 1, 0, 0, 1, 0]",104.13,90.34,126.21,66.12,806599.05
VSEC,198.25,6,"[0, 0, 1, 1, 1, 1, 0, 1, 1, 0]",215.11,196.8,243.48,154.64,390508.5
TEO,13.1,8,"[0, 1, 1, 1, 1, 1, 1, 1, 1, 0]",13.37,12.41,15.98,6.52,218808.4
LBRT,20.1,5,"[0, 0, 0, 0, 1, 1, 1, 0, 1, 1]",22.01,24.59,33.83,9.91,3717444.9
XENE,60.0,8,"[0, 1, 1, 1, 1, 1, 1, 1, 1, 0]",63.27,52.49,70.96,35.66,670419.65
SNDR,33.61,8,"[0, 1, 1, 1, 1, 1, 1, 1, 1, 0]",36.04,30.39,38.66,20.04,593706.0
KLIC,78.04,6,"[0, 0, 1, 1, 1, 1, 1, 0, 1, 0]",101.39,77.97,133.81,34.96,850146.5
SEI,49.64,4,"[0, 0, 0, 0, 1, 1, 1, 0, 1, 0]",61.97,59.26,82.88,24.67,2572315.1
GOLF,85.89,4,"[0, 0, 0, 1, 1, 1, 0, 0, 1, 0]",102.09,94.08,118.53,73.29,454903.45
BEPC,31.64,1,"[0, 0, 0, 0, 0, 0, 0, 0, 1, 0]",34.53,38.12,43.52,31.64,1738874.85
VCTR,113.08,10,"[1, 1, 1, 1, 1, 1, 1, 1, 1, 1]",101.94,79.08,121.13,59.52,627700.2
BC,73.37,5,"[0, 0, 0, 1, 1, 1, 0, 1, 1, 0]",80.24,77.72,87.8,57.45,659859.15
MUR,37.6,8,"[1, 1, 1, 0, 1, 1, 1, 1, 1, 0]",35.4,34.63,41.94,23.93,1823395.5
MGY,27.67,9,"[1, 1, 1, 0, 1, 1, 1, 1, 1, 1]",25.92,26.12,31.94,20.84,3432931.15
CRSP,56.82,6,"[1, 1, 1, 1, 0, 0, 0, 0, 1, 1]",53.61,53.19,76.78,44.34,1455880.45
PACS,42.14,8,"[0, 1, 1, 1, 1, 1, 1, 1, 1, 0]",44.26,37.14,48.45,7.71,788896.7
HASI,39.52,10,"[1, 1, 1, 1, 1, 1, 1, 1, 1, 1]",39.15,36.76,42.83,26.3,1103878.85
ATAT,34.49,3,"[1, 0, 0, 0, 0, 0, 0, 1, 1, 0]",33.45,36.25,42.21,31.03,1067535.75
CRC,53.88,6,"[1, 0, 0, 0, 1, 1, 0, 1, 1, 1]",52.59,55.15,69.66,42.98,832945.2
LEGN,21.13,3,"[0, 0, 0, 1, 0, 0, 0, 0, 1, 1]",23.32,23.32,36.28,16.65,2195403.75
PRM,30.34,8,"[0, 1, 1, 1, 1, 1, 1, 1, 1, 0]",33.69,29.32,37.78,20.69,1206148.1
IFS,55.21,8,"[0, 1, 1, 1, 1, 1, 1, 1, 1, 0]",57.28,48.18,60.68,36.99,243767.15
CROX,115.28,8,"[0, 1, 1, 1, 1, 1, 1, 1, 1, 0]",129.0,102.44,141.19,73.39,938621.4
CAR,140.7,4,"[0, 0, 0, 0, 1, 0, 1, 0, 1, 1]",152.4,157.7,713.97,87.69,319259.95
M,21.93,7,"[0, 1, 1, 1, 0, 1, 1, 1, 1, 0]",23.89,21.28,26.21,13.0,5066392.7
AVAL,5.24,9,"[1, 1, 1, 1, 1, 1, 1, 1, 1, 0]",5.15,4.54,5.72,3.07,151398.1
KNF,61.8,3,"[0, 0, 0, 0, 1, 1, 0, 0, 1, 0]",75.52,78.42,93.97,59.93,957093.95
DIOD,87.13,7,"[0, 0, 1, 1, 1, 1, 1, 0, 1, 1]",95.55,78.92,122.76,42.36,734228.3
SON,54.09,8,"[0, 1, 1, 1, 1, 1, 1, 1, 1, 0]",56.05,50.08,60.0,37.64,830195.0
WSC,19.7,5,"[0, 0, 0, 1, 1, 1, 1, 0, 1, 0]",25.2,22.2,29.07,14.84,3173313.4
RELY,25.71,10,"[1, 1, 1, 1, 1, 1, 1, 1, 1, 1]",24.03,18.43,26.74,12.2,3473332.6
SXT,134.83,10,"[1, 1, 1, 1, 1, 1, 1, 1, 1, 1]",124.24,105.44,137.45,82.4,312103.15
ALH,22.26,4,"[0, 0, 0, 1, 1, 0, 0, 1, 1, 0]",25.55,23.69,28.01,19.06,1974315.7
ACLS,110.09,5,"[0, 0, 0, 1, 1, 1, 1, 0, 1, 0]",140.4,116.06,191.6,74.12,356660.2
LB,85.84,10,"[1, 1, 1, 1, 1, 1, 1, 1, 1, 1]",77.22,67.28,89.59,44.0,370761.65
STVN,20.71,8,"[1, 1, 1, 1, 0, 0, 1, 1, 1, 1]",20.08,18.3,27.51,13.38,456237.95
BMA,78.41,5,"[0, 0, 0, 1, 0, 1, 1, 1, 1, 0]",86.68,82.66,101.13,37.79,349606.0
GBTG,9.46,10,"[1, 1, 1, 1, 1, 1, 1, 1, 1, 1]",9.42,7.73,9.51,4.97,1265417.15
TDS,33.62,2,"[0, 0, 0, 0, 1, 0, 0, 0, 1, 0]",34.79,40.43,47.5,32.98,1212586.25
NOVT,143.67,8,"[0, 1, 1, 1, 1, 1, 1, 1, 1, 0]",151.96,136.82,168.75,99.22,419128.45
MARA,10.23,4,"[0, 0, 0, 1, 1, 0, 1, 0, 1, 0]",11.62,10.93,22.84,6.73,48399682.75
ACHR,5.56,3,"[1, 0, 0, 0, 0, 0, 0, 0, 1, 1]",5.36,6.47,13.64,4.44,39516999.35
PSMT,172.05,8,"[0, 1, 1, 1, 1, 1, 1, 1, 1, 0]",184.29,156.27,197.13,107.05,255765.75
SYNA,95.17,5,"[0, 0, 0, 1, 1, 1, 1, 0, 1, 0]",111.71,95.7,147.57,58.52,733497.05
OPEN,3.04,1,"[0, 0, 0, 0, 0, 0, 0, 0, 1, 0]",4.03,5.14,10.52,3.04,40596430.65
PBF,74.99,10,"[1, 1, 1, 1, 1, 1, 1, 1, 1, 1]",61.71,43.34,75.2,25.55,2820621.6
INDV,34.56,6,"[0, 0, 0, 1, 1, 1, 1, 1, 1, 0]",39.23,35.53,41.83,22.51,2340856.4
ENPH,35.54,4,"[0, 0, 0, 0, 1, 1, 1, 0, 1, 0]",41.34,40.59,72.33,26.12,3946531.25
KC,10.24,2,"[0, 0, 0, 0, 1, 0, 0, 0, 1, 0]",10.45,12.52,18.21,8.58,1610681.55
MIAX,42.11,1,"[0, 0, 0, 0, 0, 0, 0, 0, 1, 0]",42.31,43.41,56.84,34.95,1308008.0
TGS,29.23,4,"[0, 0, 0, 0, 0, 1, 1, 1, 1, 0]",29.56,30.57,35.32,20.12,231351.5
DNTH,106.62,10,"[1, 1, 1, 1, 1, 1, 1, 1, 1, 1]",103.82,74.63,115.96,23.85,646839.9
SPHR,133.3,7,"[0, 0, 1, 1, 1, 1, 1, 1, 1, 0]",153.45,122.27,176.38,45.99,763525.45
MDU,19.95,4,"[0, 0, 0, 0, 1, 1, 0, 1, 1, 0]",20.69,20.65,22.65,15.53,1513681.9
EBC,21.5,8,"[0, 1, 1, 1, 1, 1, 1, 1, 1, 0]",22.64,20.29,23.65,16.38,1744932.65
HRB,50.92,9,"[1, 1, 1, 1, 0, 1, 1, 1, 1, 1]",44.8,38.13,54.18,27.66,2535687.95
NAVN,27.31,8,"[1, 1, 1, 1, 1, 0, 1, 1, 1, 0]",26.65,17.79,30.58,8.51,2121409.45
AIR,124.48,8,"[0, 1, 1, 1, 1, 1, 1, 1, 1, 0]",138.43,113.15,153.71,73.92,380462.95
VSH,29.63,6,"[0, 0, 1, 1, 1, 1, 1, 0, 1, 0]",39.53,28.43,64.9,11.65,4437202.35
PI,168.19,7,"[1, 1, 1, 1, 0, 0, 1, 0, 1, 1]",151.38,141.56,241.91,91.34,403104.7
MEOH,60.12,9,"[1, 1, 1, 0, 1, 1, 1, 1, 1, 1]",53.42,51.47,65.5,33.49,659221.65
NTSK,14.05,7,"[1, 1, 1, 1, 0, 0, 1, 0, 1, 1]",13.02,13.13,25.79,7.73,4468279.5
QS,5.47,1,"[0, 0, 0, 0, 0, 0, 0, 0, 1, 0]",6.12,8.13,18.44,4.89,16763716.6
CVLT,129.2,6,"[0, 1, 1, 1, 0, 0, 1, 0, 1, 1]",138.89,113.27,195.41,75.18,525620.25
CSTM,26.91,6,"[0, 0, 1, 1, 1, 1, 1, 0, 1, 0]",29.23,26.37,36.15,13.73,1425640.2
LAUR,37.26,8,"[0, 1, 1, 1, 1, 1, 1, 1, 1, 0]",37.75,34.46,40.46,27.55,885340.6
PAM,84.08,7,"[1, 1, 1, 0, 0, 1, 1, 1, 1, 0]",82.58,84.0,92.27,56.55,164298.45
PAGP,28.47,10,"[1, 1, 1, 1, 1, 1, 1, 1, 1, 1]",25.38,22.2,28.47,15.63,1669076.7
CVSA,133.58,10,"[1, 1, 1, 1, 1, 1, 1, 1, 1, 1]",127.38,113.91,154.45,89.36,361481.55
ATMU,46.2,3,"[0, 0, 0, 0, 1, 1, 0, 0, 1, 0]",50.95,54.37,65.42,42.6,709981.95
FTDR,79.51,10,"[1, 1, 1, 1, 1, 1, 1, 1, 1, 1]",78.12,64.16,90.83,49.1,520650.7
MMYT,56.13,4,"[0, 1, 0, 1, 0, 0, 1, 0, 1, 0]",57.08,57.31,101.87,36.3,451916.35
INSW,99.76,10,"[1, 1, 1, 1, 1, 1, 1, 1, 1, 1]",91.12,69.92,99.95,39.01,534004.4
HCC,106.23,9,"[1, 1, 1, 0, 1, 1, 1, 1, 1, 1]",88.18,88.42,110.18,54.95,608181.2
NAMS,24.92,1,"[0, 0, 0, 0, 0, 0, 0, 0, 1, 0]",30.12,32.8,41.45,24.12,1144217.6
KNSA,79.28,10,"[1, 1, 1, 1, 1, 1, 1, 1, 1, 1]",70.2,52.11,80.92,34.28,429122.95
SHC,18.68,9,"[1, 1, 1, 1, 0, 1, 1, 1, 1, 1]",18.13,16.75,19.57,13.13,2844385.3
TBBB,49.9,10,"[1, 1, 1, 1, 1, 1, 1, 1, 1, 1]",43.33,37.37,50.91,24.12,888873.35
HRI,141.06,7,"[0, 1, 1, 1, 0, 1, 1, 1, 1, 0]",154.38,140.44,179.36,90.58,364427.5
NWE,69.91,9,"[0, 1, 1, 1, 1, 1, 1, 1, 1, 1]",70.63,67.69,72.73,53.43,369248.25
FLNC,10.42,2,"[0, 0, 0, 0, 0, 0, 1, 0, 1, 0]",14.41,18.16,32.23,6.75,7494252.35
LGND,284.27,8,"[0, 1, 1, 1, 1, 1, 1, 1, 1, 0]",297.12,230.72,322.61,163.73,232040.8
IPGP,75.2,2,"[0, 0, 0, 0, 1, 0, 0, 0, 1, 0]",93.44,101.46,153.91,70.74,623027.7
CBT,80.65,3,"[0, 0, 0, 0, 0, 0, 1, 1, 1, 0]",,,92.88,57.32,372217.45
GTLB,45.09,8,"[1, 1, 1, 1, 0, 0, 1, 1, 1, 1]",35.58,31.5,51.04,19.42,4631792.1
BCO,110.02,2,"[0, 0, 0, 0, 0, 0, 0, 1, 1, 0]",110.46,112.28,134.96,91.97,423662.1
HAFN,8.59,10,"[1, 1, 1, 1, 1, 1, 1, 1, 1, 1]",7.53,6.86,9.11,4.79,1212291.75
WIX,88.38,6,"[1, 1, 1, 0, 0, 0, 1, 0, 1, 1]",60.43,76.12,184.24,40.43,1753275.05
AZZ,135.75,7,"[0, 0, 1, 1, 1, 1, 1, 1, 1, 0]",148.12,131.8,159.9,97.18,214181.1
ONDS,7.04,3,"[0, 0, 0, 0, 0, 1, 1, 0, 1, 0]",8.05,9.51,14.01,5.03,73562136.75
UNF,277.48,8,"[0, 1, 1, 1, 1, 1, 1, 1, 1, 0]",282.84,242.43,301.19,149.3,171439.65
IRDM,46.72,8,"[0, 1, 1, 1, 1, 1, 1, 1, 1, 0]",48.34,33.49,55.72,15.57,934796.75
STNG,79.61,10,"[1, 1, 1, 1, 1, 1, 1, 1, 1, 1]",76.73,69.98,85.61,48.65,739677.3
