ticker,price,score,points,sma50,sma200,wk52_high,wk52_low,volume
INN,5.98,9,"[1, 1, 1, 1, 0, 1, 1, 1, 1, 1]",5.08,4.9,5.98,3.97,1345744.25
PKE,31.9,8,"[0, 1, 1, 1, 1, 1, 1, 1, 1, 0]",32.71,24.49,36.41,13.25,280059.2
STRO,25.41,7,"[0, 1, 1, 1, 1, 1, 1, 0, 1, 0]",31.31,17.28,40.91,6.8,333558.9
TLRY,5.03,2,"[0, 0, 0, 0, 0, 0, 1, 0, 1, 0]",6.04,9.46,21.0,3.6,3427004.25
SHBI,21.38,10,"[1, 1, 1, 1, 1, 1, 1, 1, 1, 1]",19.48,17.81,21.38,14.0,186748.1
EVC,9.09,10,"[1, 1, 1, 1, 1, 1, 1, 1, 1, 1]",5.83,3.47,9.84,1.92,3465701.0
ZVRA,12.09,9,"[1, 1, 1, 1, 0, 1, 1, 1, 1, 1]",10.38,9.45,12.79,7.23,2050530.65
CARS,9.3,1,"[0, 0, 0, 0, 0, 0, 0, 0, 1, 0]",10.06,11.06,13.79,7.58,865831.3
CLYM,10.77,9,"[1, 1, 1, 1, 1, 1, 1, 1, 1, 0]",9.64,5.15,12.22,1.18,940178.25
CWBC,24.89,10,"[1, 1, 1, 1, 1, 1, 1, 1, 1, 1]",23.73,22.52,25.28,17.63,243857.7
RMR,20.55,10,"[1, 1, 1, 1, 1, 1, 1, 1, 1, 1]",18.04,15.78,20.55,13.34,138320.15
SPIR,17.02,7,"[0, 1, 1, 1, 1, 1, 1, 0, 1, 0]",18.51,12.21,25.48,7.02,1709738.65
SWBI,14.67,9,"[0, 1, 1, 1, 1, 1, 1, 1, 1, 1]",14.96,11.44,15.57,7.47,490981.85
ARVN,7.15,3,"[0, 0, 0, 0, 1, 1, 0, 0, 1, 0]",9.87,10.67,13.83,6.24,907755.45
AVR,9.34,10,"[1, 1, 1, 1, 1, 1, 1, 1, 1, 1]",6.85,5.49,9.65,2.9,1342097.45
NKLR,5.57,4,"[0, 1, 0, 1, 0, 0, 1, 0, 1, 0]",5.8,5.57,18.26,3.91,330373.05
VTEX,3.53,2,"[0, 0, 0, 1, 0, 0, 0, 0, 1, 0]",3.85,3.87,6.76,2.87,1522597.95
MRAM,24.3,8,"[1, 1, 1, 1, 1, 1, 1, 0, 1, 0]",21.07,12.56,44.01,5.71,6687491.35
CABA,3.2,8,"[0, 1, 1, 1, 1, 1, 1, 1, 1, 0]",3.33,2.7,4.15,1.33,3543155.3
KE,25.34,4,"[0, 0, 0, 0, 0, 1, 1, 1, 1, 0]",25.69,27.56,33.13,18.26,176513.1
CNNE,14.22,5,"[1, 1, 0, 0, 0, 0, 1, 0, 1, 1]",13.28,15.1,21.26,10.64,455692.4
PSNL,10.04,9,"[1, 1, 1, 0, 1, 1, 1, 1, 1, 1]",7.22,7.86,12.1,4.41,3081513.55
CCSI,33.58,8,"[1, 1, 1, 1, 0, 1, 1, 1, 1, 0]",28.04,26.25,35.51,19.66,186407.3
ANGX,2.79,3,"[1, 0, 0, 0, 1, 0, 0, 0, 1, 0]",2.76,2.79,16.0,2.18,1150335.05
NPCE,15.63,8,"[0, 1, 1, 1, 1, 1, 1, 1, 1, 0]",16.0,14.01,19.29,8.25,189736.35
RGR,38.46,7,"[0, 1, 1, 1, 0, 1, 1, 1, 1, 0]",40.52,38.09,46.84,28.67,128911.1
TDUP,4.93,4,"[1, 0, 0, 0, 0, 0, 1, 0, 1, 1]",4.24,6.5,12.08,3.11,2063907.0
SXC,9.11,9,"[1, 1, 1, 1, 0, 1, 1, 1, 1, 1]",7.3,7.13,9.6,5.58,1845086.4
DNUT,3.7,8,"[1, 1, 1, 0, 1, 0, 1, 1, 1, 1]",3.5,3.62,4.7,2.57,2473472.35
BCAL,19.39,10,"[1, 1, 1, 1, 1, 1, 1, 1, 1, 1]",18.64,18.13,19.91,14.06,163112.55
PHR,9.34,2,"[1, 0, 0, 0, 0, 0, 0, 0, 1, 0]",9.3,16.56,32.55,8.06,1798943.6
RYAM,7.99,6,"[0, 0, 1, 1, 1, 1, 1, 0, 1, 0]",9.4,7.89,11.75,3.63,913639.1
FEIM,69.96,10,"[1, 1, 1, 1, 1, 1, 1, 1, 1, 1]",58.28,45.59,75.88,18.43,169996.9
NPB,17.4,5,"[0, 0, 0, 1, 0, 1, 1, 1, 1, 0]",17.66,17.42,19.19,12.82,122353.35
TRON,1.87,4,"[0, 1, 0, 1, 0, 0, 1, 0, 1, 0]",2.15,2.19,11.04,0.81,719387.3
CADL,8.5,10,"[1, 1, 1, 1, 1, 1, 1, 1, 1, 1]",6.97,5.79,9.27,4.42,2198306.75
DCBO,17.68,1,"[0, 0, 0, 0, 0, 0, 0, 0, 1, 0]",17.81,21.9,32.2,14.7,175755.9
BWMN,32.35,2,"[1, 0, 0, 0, 0, 0, 0, 0, 1, 0]",31.65,35.41,44.43,26.69,115024.7
FET,52.53,8,"[0, 1, 1, 1, 1, 1, 1, 1, 1, 0]",57.42,42.58,64.54,17.11,147148.15
CLB,13.43,5,"[0, 0, 0, 0, 1, 1, 1, 0, 1, 1]",15.12,15.42,19.64,9.72,504381.1
GPRK,10.76,10,"[1, 1, 1, 1, 1, 1, 1, 1, 1, 1]",9.62,8.04,11.78,5.93,655690.65
ORN,13.89,9,"[1, 1, 1, 1, 1, 1, 1, 1, 1, 0]",13.17,10.96,15.48,6.57,384754.9
HPP,14.6,6,"[1, 1, 1, 0, 0, 0, 1, 0, 1, 1]",9.5,12.13,21.49,5.51,1323292.35
CSTL,20.12,5,"[0, 0, 0, 0, 1, 1, 1, 0, 1, 1]",22.52,28.76,43.04,14.65,434968.6
CTKB,4.04,4,"[0, 0, 0, 0, 1, 1, 1, 0, 1, 0]",4.32,4.48,5.88,2.95,1085775.95
GLRE,15.37,7,"[0, 1, 1, 1, 1, 1, 0, 1, 1, 0]",17.49,14.56,19.0,11.95,192895.55
ALOY,14.17,8,"[1, 1, 1, 0, 1, 1, 1, 0, 1, 1]",10.05,9.8,25.88,4.75,2170448.25
RR,2.43,3,"[0, 0, 0, 0, 0, 1, 1, 0, 1, 0]",2.5,3.43,7.06,1.73,16461461.6
BTBT,1.78,3,"[1, 0, 0, 0, 0, 0, 1, 0, 1, 0]",1.68,2.29,4.22,1.26,28402685.85
MSBI,28.76,10,"[1, 1, 1, 1, 1, 1, 1, 1, 1, 1]",25.53,20.61,28.76,13.98,125339.05
NFBK,14.52,10,"[1, 1, 1, 1, 1, 1, 1, 1, 1, 1]",13.9,12.21,14.52,9.8,294128.35
UROY,3.15,4,"[0, 0, 0, 0, 1, 1, 1, 0, 1, 0]",3.68,3.86,5.46,2.22,2917871.95
CARE,28.68,10,"[1, 1, 1, 1, 1, 1, 1, 1, 1, 1]",25.52,21.05,28.68,16.18,304753.6
EGY,5.53,8,"[0, 1, 1, 1, 1, 1, 1, 1, 1, 0]",5.89,4.57,6.6,3.29,1164212.15
GDYN,6.47,2,"[1, 0, 0, 0, 0, 0, 0, 0, 1, 0]",6.26,7.6,12.39,5.28,2176370.5
ALTI,2.91,2,"[0, 0, 0, 0, 1, 0, 0, 0, 1, 0]",3.57,4.01,5.19,2.91,202812.35
PRME,2.96,2,"[0, 0, 0, 0, 0, 0, 1, 0, 1, 0]",3.38,3.97,6.67,1.46,2949685.0
TCMD,25.25,7,"[1, 0, 1, 0, 1, 1, 1, 1, 1, 0]",24.55,23.45,33.05,9.52,295732.1
MLAB,108.46,10,"[1, 1, 1, 1, 1, 1, 1, 1, 1, 1]",99.75,83.34,109.13,57.01,183572.2
FTK,23.55,10,"[1, 1, 1, 1, 1, 1, 1, 1, 1, 1]",18.05,16.31,24.82,11.04,349633.15
AVTX,12.74,4,"[0, 0, 0, 0, 1, 1, 1, 0, 1, 0]",15.65,15.37,22.87,4.47,1593557.35
DDI,11.38,9,"[1, 1, 1, 1, 1, 1, 1, 1, 1, 0]",10.4,9.34,12.25,8.15,142008.9
HELE,25.26,9,"[1, 1, 1, 1, 0, 1, 1, 1, 1, 1]",21.82,20.49,33.25,13.88,582766.1
BETR,25.45,3,"[0, 0, 0, 0, 0, 1, 1, 0, 1, 0]",34.14,39.66,86.07,12.12,398077.55
KYTX,7.71,6,"[0, 0, 1, 1, 1, 1, 1, 0, 1, 0]",9.02,7.69,11.25,2.55,922955.75
PRTA,8.56,5,"[0, 0, 0, 1, 1, 1, 1, 0, 1, 0]",10.13,9.64,11.51,5.07,559820.35
PROK,1.71,2,"[0, 0, 0, 0, 0, 0, 1, 0, 1, 0]",1.84,2.27,5.18,0.56,1080883.2
CHW,8.61,9,"[1, 1, 1, 1, 1, 1, 1, 1, 1, 0]",8.28,7.57,9.15,6.31,215358.2
MG,17.94,10,"[1, 1, 1, 1, 1, 1, 1, 1, 1, 1]",17.39,13.49,19.28,7.53,183663.75
INV,5.96,8,"[1, 1, 1, 1, 0, 1, 1, 1, 1, 0]",5.82,4.59,7.32,2.55,3052080.95
KRT,29.03,10,"[1, 1, 1, 1, 1, 1, 1, 1, 1, 1]",27.87,24.41,29.92,19.92,107089.05
DDL,2.41,7,"[0, 0, 1, 1, 1, 1, 1, 1, 1, 0]",2.58,2.39,3.2,1.67,434191.85
MEC,33.6,10,"[1, 1, 1, 1, 1, 1, 1, 1, 1, 1]",23.63,18.73,33.6,12.56,687030.15
PACK,6.83,9,"[1, 1, 1, 1, 0, 1, 1, 1, 1, 1]",5.19,5.13,7.12,3.24,539084.5
WTI,3.95,10,"[1, 1, 1, 1, 1, 1, 1, 1, 1, 1]",3.76,2.5,4.9,1.49,5959624.4
DNA,8.09,3,"[1, 0, 0, 0, 0, 0, 1, 0, 1, 0]",8.04,9.53,16.14,5.48,1324911.85
TECX,29.1,10,"[1, 1, 1, 1, 1, 1, 1, 1, 1, 1]",29.05,22.86,35.87,14.71,213145.0
CPS,29.26,3,"[0, 0, 0, 0, 0, 1, 1, 0, 1, 0]",29.61,32.85,45.2,19.88,140887.7
ASIX,21.37,8,"[0, 1, 1, 1, 0, 1, 1, 1, 1, 1]",23.05,19.36,25.98,14.04,254612.9
RGNX,6.13,1,"[0, 0, 0, 0, 0, 0, 0, 0, 1, 0]",8.2,10.42,15.98,5.65,2198051.95
CLFD,41.1,9,"[1, 1, 1, 1, 0, 1, 1, 1, 1, 1]",35.39,32.68,51.26,26.0,466702.6
ILPT,8.52,10,"[1, 1, 1, 1, 1, 1, 1, 1, 1, 1]",7.3,6.07,8.97,3.28,595769.45
CTNM,11.53,5,"[0, 0, 0, 1, 1, 1, 1, 0, 1, 0]",13.21,12.43,16.0,3.65,174426.9
FFIC,15.47,8,"[0, 1, 1, 1, 1, 1, 1, 1, 1, 0]",15.73,14.82,17.11,10.61,364425.9
MCS,20.35,10,"[1, 1, 1, 1, 1, 1, 1, 1, 1, 1]",18.43,16.04,20.35,12.87,144183.9
ASTL,4.94,8,"[1, 1, 1, 1, 1, 1, 1, 0, 1, 0]",4.85,4.39,7.11,3.19,1509168.8
AURA,6.48,7,"[0, 1, 1, 1, 1, 1, 1, 0, 1, 0]",7.27,6.25,8.9,4.97,448741.6
AQST,3.91,3,"[0, 0, 0, 0, 0, 1, 1, 0, 1, 0]",4.14,4.88,7.49,2.95,1859495.6
MAMA,15.2,10,"[1, 1, 1, 1, 1, 1, 1, 1, 1, 1]",14.62,13.08,17.38,7.9,430732.15
LZM,4.32,4,"[0, 0, 0, 1, 0, 1, 1, 0, 1, 0]",4.76,4.68,6.1,3.19,568309.05
ACHV,5.48,9,"[1, 1, 1, 0, 1, 1, 1, 1, 1, 1]",4.41,4.23,5.99,2.07,1413426.6
SD,15.12,10,"[1, 1, 1, 1, 1, 1, 1, 1, 1, 1]",15.01,13.96,17.58,9.54,353468.55
MNRO,14.68,3,"[0, 0, 0, 0, 1, 1, 0, 0, 1, 0]",16.21,17.6,23.1,12.29,1271269.4
OOMA,16.73,8,"[0, 1, 1, 1, 1, 1, 1, 1, 1, 0]",16.78,13.23,19.5,10.58,350841.7
ANL,10.23,7,"[0, 1, 1, 1, 1, 1, 1, 0, 1, 0]",12.32,5.75,16.6,0.88,142423.35
IMMX,7.87,7,"[0, 1, 1, 1, 1, 1, 1, 0, 1, 0]",9.27,6.04,11.12,1.96,1453430.05
FDMT,8.64,5,"[0, 0, 0, 1, 1, 1, 1, 0, 1, 0]",9.51,9.14,12.27,3.71,795475.2
KRNY,8.37,10,"[1, 1, 1, 1, 1, 1, 1, 1, 1, 1]",7.96,7.2,8.37,5.49,308119.3
STTK,3.9,5,"[0, 0, 0, 1, 1, 1, 1, 0, 1, 0]",6.52,3.99,7.88,0.73,829200.0
CERS,2.6,9,"[1, 1, 1, 1, 1, 1, 1, 1, 1, 0]",2.31,1.96,3.04,1.16,2396914.25
OIS,8.34,6,"[0, 0, 1, 1, 1, 1, 1, 0, 1, 0]",10.03,8.33,14.39,4.83,905283.15
HKD,1.7,7,"[0, 1, 1, 1, 0, 1, 1, 0, 1, 1]",1.71,1.63,2.95,1.27,271282.35
CBIO,17.28,7,"[0, 1, 1, 1, 1, 1, 1, 0, 1, 0]",19.85,14.14,26.98,8.94,288163.15
PANL,7.23,7,"[0, 0, 1, 1, 1, 1, 1, 1, 1, 0]",7.6,6.82,9.29,4.46,768046.4
OCGN,1.26,5,"[0, 0, 0, 1, 1, 1, 1, 0, 1, 0]",1.6,1.52,2.48,0.92,5443179.9
FVR,18.99,10,"[1, 1, 1, 1, 1, 1, 1, 1, 1, 1]",17.32,15.23,18.99,10.65,121660.15
MATV,7.56,1,"[0, 0, 0, 0, 0, 0, 0, 0, 1, 0]",8.74,10.8,14.72,6.03,424047.7
XOMA,41.92,9,"[1, 1, 1, 1, 0, 1, 1, 1, 1, 1]",39.52,32.91,42.4,22.89,101930.65
IPI,34.67,7,"[0, 1, 1, 1, 1, 1, 1, 0, 1, 0]",39.55,32.91,48.84,23.94,228844.1
CHCT,17.39,10,"[1, 1, 1, 1, 1, 1, 1, 1, 1, 1]",16.83,15.32,17.72,12.18,176789.4
CGC,1.02,1,"[0, 0, 0, 0, 0, 0, 0, 0, 1, 0]",1.08,1.2,1.92,0.86,7625960.5
PUBM,11.24,10,"[1, 1, 1, 1, 1, 1, 1, 1, 1, 1]",9.85,8.66,13.67,6.28,781903.15
ELVA,10.35,9,"[1, 1, 1, 1, 1, 1, 1, 1, 1, 0]",9.77,7.75,12.26,3.18,563097.85
ALIT,0.73,3,"[1, 0, 0, 0, 0, 0, 1, 0, 1, 0]",0.73,1.82,5.82,0.49,26795539.45
CD,4.99,3,"[0, 0, 0, 0, 0, 1, 1, 0, 1, 0]",6.12,8.06,35.79,2.01,192371.25
NEGG,18.13,2,"[0, 0, 0, 0, 0, 0, 1, 0, 1, 0]",30.59,48.89,128.09,9.36,120951.2
NUAI,4.91,7,"[1, 1, 1, 0, 1, 1, 1, 0, 1, 0]",4.54,4.0,8.06,0.33,7782651.7
CVGW,26.09,7,"[0, 1, 1, 1, 0, 1, 1, 1, 1, 0]",26.83,24.65,28.52,18.24,306868.05
EBS,8.0,4,"[0, 0, 0, 0, 1, 1, 1, 0, 1, 0]",8.41,9.73,13.9,5.63,774602.65
RBBN,2.88,6,"[1, 1, 0, 1, 0, 0, 1, 0, 1, 1]",2.65,2.94,4.25,1.95,1166119.45
CLNE,1.97,1,"[0, 0, 0, 0, 0, 0, 0, 0, 1, 0]",2.23,2.37,3.06,1.76,1321698.95
OVID,2.36,8,"[0, 1, 1, 1, 1, 1, 1, 1, 1, 0]",2.61,1.83,2.96,0.28,1712078.2
APPS,9.35,8,"[1, 1, 1, 0, 0, 1, 1, 1, 1, 1]",4.54,4.89,9.35,2.82,9379787.65
SRTA,5.87,10,"[1, 1, 1, 1, 1, 1, 1, 1, 1, 1]",5.1,4.89,6.47,3.68,1020043.3
RIGL,30.08,6,"[1, 0, 0, 0, 1, 1, 1, 0, 1, 1]",29.41,34.38,50.96,18.42,427804.35
NGNE,28.6,8,"[1, 1, 1, 1, 0, 1, 1, 1, 1, 0]",26.22,22.74,34.37,14.95,115607.25
IMXI,15.09,6,"[0, 0, 0, 1, 1, 1, 1, 1, 1, 0]",15.61,15.26,15.94,8.71,885165.85
ZKH,2.85,3,"[0, 0, 0, 0, 1, 0, 0, 1, 1, 0]",2.99,3.13,3.79,2.34,207821.95
PSFE,6.87,2,"[0, 0, 0, 1, 0, 0, 0, 0, 1, 0]",8.01,9.09,14.68,6.01,387748.15
TATT,43.66,7,"[1, 0, 1, 0, 1, 1, 1, 0, 1, 1]",38.85,43.32,61.11,25.6,239392.1
ASMB,22.56,4,"[0, 0, 0, 0, 1, 1, 1, 0, 1, 0]",28.02,28.98,38.5,16.07,181491.35
WEAV,5.67,2,"[1, 0, 0, 0, 0, 0, 0, 0, 1, 0]",5.36,6.23,9.88,4.37,999749.55
LTBR,9.5,1,"[0, 0, 0, 0, 0, 0, 0, 0, 1, 0]",11.83,15.49,27.72,9.42,972071.95
MTW,11.94,5,"[0, 0, 0, 0, 1, 1, 1, 1, 1, 0]",12.52,12.09,15.15,9.14,242260.05
SGMT,6.53,4,"[0, 1, 0, 1, 0, 0, 1, 0, 1, 0]",6.68,6.58,10.24,4.55,769143.5
FBRX,15.67,5,"[0, 0, 0, 1, 1, 1, 1, 0, 1, 0]",25.42,22.08,35.53,9.45,259213.6
EVH,4.66,5,"[1, 1, 0, 0, 0, 0, 1, 0, 1, 1]",3.42,4.85,11.79,2.17,2681652.05
BMBL,2.85,2,"[0, 0, 0, 1, 0, 0, 0, 0, 1, 0]",3.56,4.19,8.57,2.7,2920432.65
FULC,3.44,2,"[0, 0, 0, 0, 1, 0, 0, 0, 1, 0]",6.87,8.72,14.6,3.14,2999907.8
KLC,3.85,3,"[1, 0, 0, 0, 0, 0, 1, 0, 1, 0]",3.48,4.6,10.97,1.84,1182253.5
CLDT,11.53,10,"[1, 1, 1, 1, 1, 1, 1, 1, 1, 1]",9.38,7.52,11.53,6.07,464988.05
ANGO,11.93,9,"[1, 1, 1, 0, 1, 1, 1, 1, 1, 1]",11.02,11.32,13.64,8.4,310157.7
RPD,7.34,4,"[1, 0, 0, 0, 0, 0, 1, 0, 1, 1]",6.41,12.39,25.59,5.05,2046113.7
CTEV,27.07,4,"[1, 0, 0, 0, 0, 0, 1, 0, 1, 1]",22.0,37.1,72.58,13.47,229231.85
CAL,13.63,8,"[1, 1, 1, 1, 0, 0, 1, 1, 1, 1]",12.74,12.57,15.5,8.8,740567.65
ADUR,14.4,9,"[1, 1, 1, 1, 0, 1, 1, 1, 1, 1]",12.93,12.64,17.39,7.97,505690.55
ZURA,3.53,4,"[0, 0, 0, 0, 1, 1, 1, 0, 1, 0]",4.99,4.57,7.04,1.05,907998.15
ACTG,4.64,8,"[0, 1, 1, 1, 1, 1, 1, 1, 1, 0]",4.83,4.03,5.16,3.15,219769.7
NPWR,1.65,1,"[0, 0, 0, 0, 0, 0, 0, 0, 1, 0]",1.83,2.43,4.85,1.49,1018388.75
BLZE,7.6,8,"[1, 1, 1, 1, 0, 1, 1, 0, 1, 1]",5.7,6.14,10.75,3.31,1562808.75
TROO,2.27,5,"[0, 0, 0, 1, 1, 1, 1, 0, 1, 0]",3.29,2.48,5.02,0.62,408704.25
PERI,7.71,3,"[0, 0, 0, 1, 1, 0, 0, 0, 1, 0]",9.82,9.49,11.43,7.71,622714.75
CRNC,11.04,8,"[1, 1, 1, 0, 0, 1, 1, 1, 1, 1]",9.39,10.03,13.52,5.96,1303244.9
MCFT,22.1,6,"[0, 1, 1, 1, 0, 1, 0, 1, 1, 0]",22.95,21.44,27.38,17.21,174006.25
GEVO,1.58,3,"[0, 0, 0, 0, 0, 1, 1, 0, 1, 0]",1.91,2.03,2.78,1.15,3024632.4
ADCT,0.98,3,"[0, 0, 0, 0, 1, 1, 0, 0, 1, 0]",3.52,3.8,4.88,0.98,2410352.1
ENTA,11.07,5,"[0, 0, 0, 1, 1, 1, 1, 0, 1, 0]",13.55,12.57,16.85,6.49,223615.5
SPT,7.16,3,"[1, 0, 0, 0, 0, 0, 1, 0, 1, 0]",6.3,9.34,22.46,4.99,1516190.9
FSTR,41.76,9,"[1, 1, 1, 1, 1, 1, 1, 1, 1, 0]",35.01,29.69,42.5,19.27,107039.3
TTGT,3.86,1,"[0, 0, 0, 0, 0, 0, 0, 0, 1, 0]",4.81,5.12,8.7,3.48,527939.75
ALMU,24.49,9,"[1, 1, 1, 1, 0, 1, 1, 1, 1, 1]",20.43,17.56,31.49,10.73,1787400.8
NVEC,106.87,10,"[1, 1, 1, 1, 1, 1, 1, 1, 1, 1]",84.8,70.03,112.42,55.94,183564.25
AVIR,4.32,6,"[0, 0, 1, 1, 1, 1, 1, 0, 1, 0]",5.15,4.08,6.15,2.82,364997.55
MAGN,11.18,4,"[1, 0, 0, 0, 1, 0, 1, 0, 1, 0]",10.48,11.73,15.26,7.96,372511.3
LXEO,4.21,3,"[0, 0, 0, 0, 1, 1, 0, 0, 1, 0]",5.64,7.16,10.63,3.67,769452.55
BGS,3.78,4,"[0, 0, 0, 1, 1, 1, 0, 0, 1, 0]",4.85,4.44,5.65,3.53,2549465.7
BYND,0.76,2,"[0, 0, 0, 0, 0, 0, 1, 0, 1, 0]",0.79,1.24,4.28,0.52,36202347.55
OEC,6.86,5,"[0, 1, 1, 1, 0, 0, 1, 0, 1, 0]",7.09,6.52,11.85,4.33,444465.2
NEXN,8.44,7,"[1, 1, 1, 1, 0, 0, 1, 0, 1, 1]",7.57,7.48,11.54,5.7,299961.55
NATR,19.76,5,"[0, 0, 0, 1, 1, 1, 1, 0, 1, 0]",24.19,21.44,27.8,13.14,144038.15
CCRN,13.18,7,"[1, 1, 1, 1, 0, 0, 1, 1, 1, 0]",11.3,10.8,14.25,7.53,853248.2
PACB,1.38,2,"[0, 0, 0, 0, 1, 0, 0, 0, 1, 0]",1.45,1.68,2.67,1.12,6426949.5
MNPR,60.61,4,"[1, 0, 0, 0, 0, 1, 1, 0, 1, 0]",58.07,65.45,102.05,30.42,182707.1
IVVD,1.02,4,"[0, 0, 0, 0, 1, 1, 1, 0, 1, 0]",1.36,1.7,2.88,0.52,3472728.35
NRC,19.33,10,"[1, 1, 1, 1, 1, 1, 1, 1, 1, 1]",18.11,16.21,22.27,11.22,113782.6
CBAN,20.45,10,"[1, 1, 1, 1, 1, 1, 1, 1, 1, 1]",19.98,18.32,21.12,14.63,241296.85
LOCO,13.99,9,"[1, 1, 1, 1, 1, 1, 1, 1, 1, 0]",13.82,11.49,14.87,9.06,371904.65
EOLS,6.68,6,"[1, 1, 1, 0, 0, 0, 1, 0, 1, 1]",5.52,5.94,10.24,3.94,720250.65
AUTL,1.46,2,"[0, 0, 0, 1, 0, 0, 0, 0, 1, 0]",1.56,1.53,2.68,1.21,1739477.3
XFOR,3.71,6,"[0, 0, 0, 1, 1, 1, 1, 1, 1, 0]",4.11,3.76,4.66,1.42,373221.6
GRRR,17.02,7,"[1, 1, 1, 1, 0, 0, 1, 0, 1, 1]",14.05,14.41,25.23,9.48,1794106.25
ABAT,3.8,6,"[1, 1, 0, 0, 0, 1, 1, 0, 1, 1]",3.22,3.86,11.33,1.23,9488992.7
ASPN,5.64,7,"[1, 1, 1, 1, 0, 0, 1, 0, 1, 1]",4.51,4.71,8.82,2.57,1685662.55
SSP,3.41,6,"[0, 0, 1, 1, 1, 1, 1, 0, 1, 0]",4.05,3.29,5.16,1.54,689829.25
VREX,10.29,5,"[0, 0, 0, 0, 1, 1, 1, 0, 1, 1]",10.87,11.84,14.36,6.96,486499.95
LRMR,3.1,2,"[0, 0, 0, 1, 0, 0, 0, 0, 1, 0]",4.14,4.0,5.95,2.42,1742120.65
IPSC,2.12,7,"[0, 1, 1, 1, 1, 1, 1, 0, 1, 0]",2.27,1.44,2.94,0.47,941650.9
NEWT,13.39,9,"[1, 1, 1, 1, 1, 1, 1, 1, 1, 0]",12.78,11.83,14.4,9.3,154938.55
VOXR,5.1,7,"[0, 0, 1, 1, 1, 1, 1, 1, 1, 0]",5.62,4.91,6.41,3.05,461873.3
XNET,4.82,2,"[0, 0, 0, 0, 0, 1, 0, 0, 1, 0]",5.94,6.98,10.78,4.05,274281.45
VELO,16.23,9,"[1, 1, 1, 1, 1, 1, 1, 0, 1, 1]",15.33,10.57,25.8,2.97,3571232.9
HNST,3.37,6,"[1, 1, 1, 1, 0, 0, 1, 0, 1, 0]",3.28,3.09,5.15,2.1,1601676.15
TOI,5.07,9,"[1, 1, 1, 1, 0, 1, 1, 1, 1, 1]",3.83,3.5,5.07,2.05,1981383.9
RCKT,2.7,3,"[0, 0, 0, 0, 1, 1, 0, 0, 1, 0]",3.41,3.57,5.3,2.45,2394430.35
DCTH,10.94,7,"[1, 1, 1, 1, 0, 1, 1, 0, 1, 0]",10.65,10.21,16.21,8.19,527888.15
CDZI,4.06,4,"[0, 0, 0, 0, 1, 1, 1, 0, 1, 0]",4.64,5.02,6.92,2.79,920746.7
OPAL,2.13,1,"[0, 0, 0, 0, 0, 0, 0, 0, 1, 0]",2.27,2.32,3.28,1.94,281003.15
ISTR,29.0,10,"[1, 1, 1, 1, 1, 1, 1, 1, 1, 1]",28.13,26.12,29.99,17.67,133105.3
OSS,16.49,10,"[1, 1, 1, 1, 1, 1, 1, 1, 1, 1]",12.61,8.61,19.95,3.2,1603231.15
XPER,7.62,8,"[1, 1, 1, 1, 0, 1, 1, 1, 1, 0]",6.95,6.29,8.21,5.11,547797.0
TBRG,26.04,10,"[1, 1, 1, 1, 1, 1, 1, 1, 1, 1]",23.39,21.02,26.05,14.0,214716.2
QUAD,7.45,10,"[1, 1, 1, 1, 1, 1, 1, 1, 1, 1]",7.3,6.36,8.32,4.81,157655.4
FUFU,1.71,1,"[0, 0, 0, 0, 0, 0, 0, 0, 1, 0]",2.07,2.83,4.29,1.56,227392.7
CLPT,13.38,6,"[1, 1, 0, 0, 0, 1, 1, 0, 1, 1]",11.16,14.2,29.6,8.66,669384.95
EGHT,1.87,4,"[0, 0, 0, 1, 1, 1, 0, 0, 1, 0]",2.07,2.04,2.76,1.59,1905219.35
PBYI,6.85,8,"[0, 1, 1, 1, 1, 1, 1, 1, 1, 0]",7.18,6.04,7.8,3.07,222523.1
ISSC,17.41,6,"[0, 0, 1, 1, 1, 1, 1, 0, 1, 0]",19.99,17.11,30.56,8.32,578557.5
DVLT,0.42,2,"[0, 0, 0, 0, 0, 0, 1, 0, 1, 0]",0.6,1.01,3.42,0.28,50801560.1
VNDA,5.94,4,"[0, 0, 0, 0, 1, 1, 1, 0, 1, 0]",6.72,6.34,9.56,4.19,978626.5
RNGR,16.03,9,"[0, 1, 1, 1, 1, 1, 1, 1, 1, 1]",16.65,15.05,18.36,11.09,214549.0
AMCX,9.68,10,"[1, 1, 1, 1, 1, 1, 1, 1, 1, 1]",8.46,8.17,10.54,5.63,622872.85
SVCO,11.49,9,"[1, 1, 1, 1, 1, 1, 1, 1, 1, 0]",9.6,5.99,13.08,3.23,630987.15
CLMB,23.77,4,"[1, 0, 0, 0, 0, 0, 1, 0, 1, 1]",20.97,26.66,35.79,16.68,139721.9
API,4.59,9,"[1, 1, 1, 0, 1, 1, 1, 1, 1, 1]",3.92,3.91,5.26,3.24,645900.25
ACCO,3.89,7,"[1, 1, 1, 0, 0, 1, 1, 1, 1, 0]",3.48,3.57,4.08,2.78,898429.65
RMNI,4.12,7,"[1, 1, 1, 0, 0, 0, 1, 1, 1, 1]",3.64,3.88,5.24,2.97,432644.15
SOPH,5.28,10,"[1, 1, 1, 1, 1, 1, 1, 1, 1, 1]",4.97,4.59,5.52,2.86,112941.1
XRX,3.55,6,"[1, 1, 1, 0, 0, 0, 1, 0, 1, 1]",2.2,2.56,6.41,1.22,6805190.1
BNED,10.69,9,"[1, 1, 1, 1, 0, 1, 1, 1, 1, 1]",9.99,9.07,12.18,6.12,255971.4
DDD,3.0,9,"[1, 1, 1, 1, 0, 1, 1, 1, 1, 1]",2.57,2.4,3.88,1.37,7161893.5
DIN,30.0,8,"[1, 0, 1, 0, 1, 1, 1, 1, 1, 1]",28.42,28.97,38.55,19.74,480916.6
TG,7.95,4,"[0, 0, 0, 1, 1, 0, 0, 1, 1, 0]",8.59,8.11,10.35,6.29,204224.3
FRST,15.04,10,"[1, 1, 1, 1, 1, 1, 1, 1, 1, 1]",14.12,12.44,15.04,9.37,204523.55
EVTL,2.17,1,"[0, 0, 0, 0, 0, 0, 0, 0, 1, 0]",2.51,4.32,7.28,2.02,3045559.45
IRD,4.03,7,"[0, 1, 1, 1, 1, 1, 1, 0, 1, 0]",4.86,3.05,5.75,0.91,931342.1
LE,11.21,1,"[0, 0, 0, 0, 0, 0, 0, 0, 1, 0]",11.42,14.49,19.15,8.86,227268.2
QUIK,20.78,10,"[1, 1, 1, 1, 1, 1, 1, 1, 1, 1]",16.1,9.23,23.74,4.89,678713.8
TLS,4.35,3,"[0, 0, 0, 0, 0, 1, 1, 0, 1, 0]",4.4,5.4,7.76,2.38,986207.85
SHIP,15.41,9,"[1, 1, 1, 1, 1, 1, 1, 1, 1, 0]",14.91,11.02,16.68,6.05,257531.55
DBI,8.88,10,"[1, 1, 1, 1, 1, 1, 1, 1, 1, 1]",7.13,5.79,9.11,2.15,606741.5
ALTO,5.63,10,"[1, 1, 1, 1, 1, 1, 1, 1, 1, 1]",5.03,2.91,5.99,0.92,2344933.75
SSSS,13.86,10,"[1, 1, 1, 1, 1, 1, 1, 1, 1, 1]",13.04,10.2,14.91,6.94,296096.95
PAYS,6.62,9,"[1, 1, 1, 1, 0, 1, 1, 1, 1, 1]",6.33,5.23,8.56,3.18,838494.75
VMD,9.92,10,"[1, 1, 1, 1, 1, 1, 1, 1, 1, 1]",9.59,7.95,10.05,5.93,226607.6
CURR,2.97,7,"[0, 1, 1, 1, 1, 1, 1, 0, 1, 0]",3.31,2.34,4.49,0.36,182909.85
MEI,11.37,10,"[1, 1, 1, 1, 1, 1, 1, 1, 1, 1]",8.93,7.66,13.87,5.01,1400890.25
NAUT,2.33,6,"[0, 0, 1, 1, 1, 1, 1, 0, 1, 0]",2.83,2.03,3.95,0.64,472679.0
DMAC,5.61,4,"[0, 0, 0, 0, 1, 1, 1, 0, 1, 0]",6.22,7.17,9.39,3.51,153982.1
CAN,0.35,1,"[0, 0, 0, 0, 0, 0, 0, 0, 1, 0]",0.47,0.76,2.05,0.35,10148689.9
RMAX,9.35,8,"[1, 1, 1, 1, 0, 1, 1, 1, 1, 0]",8.3,8.03,11.29,5.66,383504.2
NMRA,1.62,4,"[0, 0, 0, 0, 1, 1, 1, 0, 1, 0]",2.01,2.2,3.59,0.73,1041100.9
HLLY,2.59,3,"[0, 0, 0, 0, 1, 0, 1, 0, 1, 0]",2.94,3.49,4.39,1.99,915062.0
LVWR,1.17,1,"[0, 0, 0, 0, 0, 0, 0, 0, 1, 0]",1.61,3.22,7.48,1.17,136584.95
IMRX,3.93,3,"[0, 0, 0, 0, 0, 1, 1, 0, 1, 0]",5.25,5.84,9.26,1.82,2225994.2
TSSI,13.33,6,"[0, 1, 1, 1, 0, 0, 1, 0, 1, 1]",13.7,12.63,31.1,6.92,1750709.35
SLP,15.91,7,"[1, 1, 1, 0, 1, 1, 1, 0, 1, 0]",14.48,15.6,27.43,11.36,262676.35
ABEO,5.38,5,"[1, 1, 1, 1, 0, 0, 0, 0, 1, 0]",5.37,5.29,7.23,4.17,1031141.0
REPL,8.97,8,"[1, 1, 1, 0, 1, 1, 1, 0, 1, 1]",4.99,6.91,12.63,1.7,8675045.95
DSX,2.35,8,"[0, 1, 1, 1, 1, 1, 1, 1, 1, 0]",2.55,2.1,2.9,1.44,1220275.15
STRZ,26.25,10,"[1, 1, 1, 1, 1, 1, 1, 1, 1, 1]",19.33,13.65,28.01,8.65,186244.65
SLN,6.23,8,"[0, 1, 1, 1, 1, 1, 1, 1, 1, 0]",6.65,6.03,7.97,4.3,190170.0
ATOM,8.36,8,"[1, 1, 1, 1, 1, 1, 1, 0, 1, 0]",7.49,4.43,12.11,1.99,1723208.4
BRCC,1.21,6,"[1, 1, 1, 1, 0, 0, 1, 0, 1, 0]",1.2,1.18,2.03,0.62,1686636.9
TYGO,3.3,7,"[0, 1, 1, 1, 1, 1, 1, 0, 1, 0]",4.1,2.86,5.16,1.14,640697.25
PINE,19.46,10,"[1, 1, 1, 1, 1, 1, 1, 1, 1, 1]",19.15,16.96,20.21,12.76,145242.0
AZ,6.32,2,"[0, 0, 0, 1, 0, 0, 0, 0, 1, 0]",7.16,6.89,11.9,5.12,597180.8
ZNTL,3.58,7,"[0, 1, 1, 1, 1, 1, 1, 0, 1, 0]",3.93,2.43,6.61,1.16,994149.95
RPAY,3.45,5,"[1, 1, 0, 1, 0, 0, 1, 0, 1, 0]",3.45,3.87,5.96,2.4,555589.85
ASYS,19.71,9,"[1, 1, 1, 1, 1, 1, 1, 1, 1, 0]",17.86,12.38,22.82,3.96,384528.05
NVCT,9.42,9,"[1, 1, 1, 1, 1, 1, 1, 1, 1, 0]",9.31,7.8,12.45,5.65,108426.8
MASS,8.1,8,"[1, 1, 1, 1, 0, 1, 1, 1, 1, 0]",7.3,6.8,9.15,5.09,262740.25
FLWS,4.42,6,"[1, 1, 1, 1, 0, 0, 1, 0, 1, 0]",3.91,4.07,6.94,3.0,527601.6
RZLT,4.08,4,"[1, 0, 0, 0, 0, 0, 1, 0, 1, 1]",3.39,5.33,10.94,1.4,1829580.4
PRLD,3.84,7,"[0, 1, 1, 1, 1, 1, 1, 0, 1, 0]",4.28,2.53,5.52,0.78,327128.9
GSIT,8.02,8,"[1, 1, 1, 1, 1, 1, 1, 0, 1, 0]",7.96,6.88,12.97,2.91,3007939.05
ZIP,3.21,3,"[1, 0, 0, 0, 0, 0, 1, 0, 1, 0]",2.91,3.58,6.37,1.69,731223.75
EDIT,2.64,5,"[0, 1, 0, 1, 0, 1, 1, 0, 1, 0]",2.95,2.67,4.15,1.66,3156862.3
RILY,8.62,10,"[1, 1, 1, 1, 1, 1, 1, 1, 1, 1]",8.44,6.7,10.68,2.91,1149318.35
CXDO,7.69,7,"[0, 1, 1, 1, 1, 1, 1, 0, 1, 0]",7.91,6.89,10.47,5.14,743287.55
PALI,1.74,6,"[0, 0, 1, 1, 1, 1, 1, 0, 1, 0]",2.0,1.73,2.8,0.54,2716902.05
BKKT,8.11,1,"[0, 0, 0, 0, 0, 0, 0, 0, 1, 0]",9.0,14.53,45.04,6.95,2556651.3
SMWB,4.13,4,"[1, 0, 0, 0, 0, 0, 1, 0, 1, 1]",3.16,5.96,10.4,2.33,982606.1
SY,1.83,2,"[0, 0, 0, 0, 0, 0, 1, 0, 1, 0]",2.66,3.12,5.87,0.89,937464.5
VFF,2.16,4,"[0, 0, 0, 0, 1, 1, 1, 0, 1, 0]",2.68,3.12,4.18,1.03,1051071.1
ELDN,3.58,8,"[1, 1, 1, 1, 0, 1, 1, 1, 1, 0]",3.57,2.69,4.36,1.39,1057636.0
FNKO,5.24,9,"[1, 1, 1, 1, 1, 1, 1, 1, 1, 0]",4.5,3.78,5.68,2.46,760049.75
VLN,2.25,7,"[1, 1, 1, 1, 0, 1, 1, 0, 1, 0]",2.19,1.81,3.53,1.11,4216269.55
SGHT,4.63,5,"[1, 0, 0, 0, 1, 1, 1, 0, 1, 0]",4.36,5.25,9.05,3.2,174706.85
SHMD,5.26,4,"[0, 0, 0, 0, 1, 1, 1, 0, 1, 0]",6.15,5.56,10.42,2.1,1231112.2
OPTX,11.91,10,"[1, 1, 1, 1, 1, 1, 1, 1, 1, 1]",9.26,4.97,13.23,1.24,1416080.05
ACIU,2.19,3,"[0, 0, 0, 0, 1, 1, 0, 0, 1, 0]",2.86,2.97,3.99,1.83,284929.3
MBI,5.91,4,"[0, 0, 0, 0, 0, 1, 1, 0, 1, 1]",5.94,6.73,8.13,4.21,390090.95
TARA,4.04,4,"[0, 0, 0, 0, 1, 1, 1, 0, 1, 0]",5.01,5.23,7.56,2.78,769770.25
PDYN,7.17,7,"[1, 1, 1, 1, 0, 0, 1, 0, 1, 1]",6.65,6.88,12.68,4.15,2057594.75
CCCC,3.59,10,"[1, 1, 1, 1, 1, 1, 1, 1, 1, 1]",3.16,2.61,4.38,1.4,3060739.95
FVCB,16.3,10,"[1, 1, 1, 1, 1, 1, 1, 1, 1, 1]",15.57,14.13,16.3,11.09,204836.15
DEFT,0.56,1,"[0, 0, 0, 0, 0, 0, 0, 0, 1, 0]",0.71,1.21,3.48,0.48,4829946.45
USAU,13.95,4,"[0, 0, 0, 0, 1, 1, 1, 0, 1, 0]",15.9,16.69,22.6,10.22,199302.25
FATE,1.91,8,"[1, 1, 1, 1, 1, 1, 1, 0, 1, 0]",1.74,1.32,2.84,0.92,4519190.05
CGEN,2.04,6,"[0, 0, 1, 1, 1, 1, 1, 0, 1, 0]",2.62,1.94,3.1,1.33,609531.7
ALXO,1.57,5,"[0, 0, 0, 1, 1, 1, 1, 0, 1, 0]",1.83,1.67,2.6,0.41,1082268.4
ACH,2.55,3,"[0, 0, 0, 1, 0, 0, 1, 0, 1, 0]",3.04,3.3,9.42,1.91,963406.15
CNDT,1.44,1,"[0, 0, 0, 0, 0, 0, 0, 0, 1, 0]",1.59,1.94,2.96,1.16,1600367.8
AIRS,5.03,7,"[1, 1, 1, 1, 0, 0, 1, 0, 1, 1]",3.74,4.46,11.65,1.58,1093243.15
IKT,1.62,5,"[0, 0, 0, 1, 1, 1, 0, 1, 1, 0]",1.78,1.71,2.14,1.41,680670.45
PRE,20.0,10,"[1, 1, 1, 1, 1, 1, 1, 1, 1, 1]",18.12,15.94,22.15,7.01,292175.45
RDCM,12.8,4,"[0, 0, 0, 1, 0, 1, 0, 1, 1, 0]",14.25,13.26,16.14,10.68,284697.35
CHRS,1.42,5,"[0, 0, 0, 1, 1, 1, 1, 0, 1, 0]",1.69,1.6,2.51,0.72,1442102.8
ARTV,6.8,7,"[0, 1, 1, 1, 1, 1, 1, 0, 1, 0]",8.93,5.26,13.39,1.47,505469.8
SIDU,4.06,9,"[1, 1, 1, 1, 1, 1, 1, 0, 1, 1]",3.92,2.31,6.2,0.63,30878575.45
TRDA,6.26,3,"[0, 0, 0, 0, 1, 1, 0, 0, 1, 0]",10.54,9.41,16.03,5.02,441531.5
LAW,3.69,2,"[0, 0, 0, 0, 0, 0, 1, 0, 1, 0]",3.97,5.51,8.91,2.76,437805.85
OPRT,4.77,2,"[0, 0, 0, 1, 0, 0, 0, 0, 1, 0]",5.31,5.42,7.69,4.13,591426.65
JACK,11.58,1,"[0, 0, 0, 0, 0, 0, 0, 0, 1, 0]",11.94,16.68,24.88,9.4,950632.6
ARCT,7.12,2,"[0, 0, 0, 1, 0, 0, 0, 0, 1, 0]",8.08,10.18,23.16,5.9,457539.75
FOSL,4.04,7,"[0, 1, 1, 1, 1, 1, 1, 0, 1, 0]",4.54,3.63,5.61,1.3,951690.9
STRT,77.94,9,"[1, 1, 1, 0, 1, 1, 1, 1, 1, 1]",75.05,74.98,90.91,55.02,104422.75
INSG,11.28,4,"[0, 0, 0, 1, 0, 1, 1, 0, 1, 0]",14.17,12.78,20.29,6.4,457568.75
FHTX,3.71,2,"[0, 0, 0, 0, 1, 0, 0, 0, 1, 0]",4.52,4.91,6.68,3.53,165608.35
CDXS,2.61,7,"[1, 1, 1, 1, 0, 0, 1, 1, 1, 0]",2.46,2.03,3.33,0.98,854587.95
VUZI,3.41,8,"[1, 1, 1, 1, 0, 1, 1, 0, 1, 1]",3.12,2.93,5.14,1.9,3013778.3
NXDT,5.09,10,"[1, 1, 1, 1, 1, 1, 1, 1, 1, 1]",4.83,3.88,5.47,2.4,177644.4
SILC,43.32,9,"[1, 1, 1, 1, 1, 1, 1, 1, 1, 0]",35.1,21.51,50.98,13.5,181920.95
RNAC,5.86,1,"[0, 0, 0, 0, 0, 0, 0, 0, 1, 0]",6.8,7.78,13.77,5.84,168645.8
NBP,1.56,1,"[0, 0, 0, 0, 0, 0, 0, 0, 1, 0]",2.19,3.53,6.56,1.56,751445.15
XPOF,5.51,1,"[0, 0, 0, 0, 0, 0, 0, 0, 1, 0]",6.2,7.11,11.01,4.26,721221.3
AP,10.63,9,"[1, 1, 1, 1, 1, 1, 1, 1, 1, 0]",9.86,5.81,12.2,1.85,161914.95
NVA,7.02,7,"[1, 0, 1, 0, 1, 1, 1, 0, 1, 1]",6.2,6.6,14.37,1.83,455035.0
CANG,0.33,1,"[0, 0, 0, 0, 0, 0, 0, 0, 1, 0]",0.46,1.27,2.75,0.33,890309.7
LTRX,6.72,10,"[1, 1, 1, 1, 1, 1, 1, 1, 1, 1]",6.39,5.68,8.45,2.34,1533500.7
VYGR,3.37,2,"[0, 0, 0, 0, 0, 1, 0, 0, 1, 0]",3.87,4.08,5.33,2.94,590663.1
DUOT,12.23,9,"[1, 1, 1, 0, 1, 1, 1, 1, 1, 1]",9.33,8.93,14.64,6.0,914311.7
AIRJ,4.64,7,"[1, 1, 1, 1, 0, 0, 1, 0, 1, 1]",3.59,3.94,6.59,2.51,1892359.15
EAF,8.85,3,"[1, 0, 0, 0, 0, 0, 1, 0, 1, 0]",8.61,11.67,19.82,5.23,242274.75
OSG,5.45,4,"[1, 0, 0, 0, 0, 0, 1, 0, 1, 1]",4.96,6.91,10.08,3.94,483580.5
OABI,2.28,10,"[1, 1, 1, 1, 1, 1, 1, 1, 1, 1]",1.86,1.78,2.72,1.36,807160.05
SPCE,4.12,8,"[1, 1, 1, 1, 0, 1, 1, 0, 1, 1]",3.13,3.24,7.52,2.17,51948019.7
WLAC,18.83,10,"[1, 1, 1, 1, 1, 1, 1, 1, 1, 1]",13.88,12.2,20.79,10.18,513321.35
POWW,1.98,8,"[0, 1, 1, 1, 1, 1, 1, 1, 1, 0]",2.03,1.81,2.15,1.09,428086.2
OBIO,3.95,5,"[0, 0, 1, 0, 1, 1, 1, 0, 1, 0]",4.1,3.91,5.35,2.35,249537.85
ALTG,6.43,5,"[0, 1, 1, 1, 0, 0, 1, 0, 1, 0]",6.51,6.33,8.62,4.19,383548.6
HUMA,1.38,6,"[1, 1, 1, 0, 0, 0, 1, 0, 1, 1]",0.91,1.21,2.73,0.57,7906797.25
LOVE,15.96,7,"[1, 1, 1, 1, 0, 0, 1, 1, 1, 0]",15.75,14.86,20.89,10.54,136300.7
ALEC,1.64,4,"[0, 0, 0, 1, 0, 1, 1, 0, 1, 0]",2.26,2.11,3.32,1.14,780552.55
UIS,3.98,8,"[1, 1, 1, 1, 0, 0, 1, 1, 1, 1]",2.91,3.02,4.96,2.0,1119748.5
LFMD,5.02,7,"[1, 1, 1, 1, 0, 0, 1, 0, 1, 1]",4.31,4.51,15.06,2.64,897656.25
WALD,1.64,4,"[1, 1, 0, 0, 0, 0, 1, 0, 1, 0]",1.21,1.68,3.08,0.76,819570.6
BZAI,1.71,2,"[0, 0, 0, 0, 0, 0, 1, 0, 1, 0]",1.84,2.41,6.29,1.02,7892605.25
HRTX,0.45,1,"[0, 0, 0, 0, 0, 0, 0, 0, 1, 0]",0.92,1.15,2.23,0.43,4001987.95
GPRO,0.87,2,"[0, 0, 0, 0, 0, 0, 1, 0, 1, 0]",1.12,1.43,2.88,0.63,8329516.4
CRNT,2.98,10,"[1, 1, 1, 1, 1, 1, 1, 1, 1, 1]",2.56,2.31,3.2,1.84,854551.7
NKTX,2.4,7,"[0, 1, 1, 1, 1, 1, 1, 0, 1, 0]",2.79,2.28,3.49,1.66,538976.0
AREC,2.15,3,"[0, 0, 0, 0, 0, 1, 1, 0, 1, 0]",2.28,2.89,6.81,0.71,3760282.5
MIST,1.23,1,"[0, 0, 0, 0, 0, 0, 0, 0, 1, 0]",1.66,1.88,2.95,1.01,1614038.8
LPRO,2.11,8,"[1, 1, 1, 1, 0, 0, 1, 1, 1, 1]",1.77,1.78,2.64,1.2,1282056.85
IMPP,5.23,10,"[1, 1, 1, 1, 1, 1, 1, 1, 1, 1]",4.79,4.49,6.35,2.97,609778.2
RELL,16.63,10,"[1, 1, 1, 1, 1, 1, 1, 1, 1, 1]",14.69,11.78,18.42,8.68,378160.15
OSUR,4.15,9,"[1, 1, 1, 1, 0, 1, 1, 1, 1, 1]",3.27,2.94,4.3,2.11,876816.85
CNTX,1.71,5,"[0, 0, 0, 1, 1, 1, 1, 0, 1, 0]",2.42,1.78,3.36,0.56,693032.2
MVIS,0.39,1,"[0, 0, 0, 0, 0, 0, 0, 0, 1, 0]",0.61,0.88,1.5,0.39,10045369.15
AMPY,4.55,5,"[0, 0, 0, 1, 1, 1, 1, 0, 1, 0]",5.51,5.14,6.63,3.18,736142.75
TNYA,0.69,1,"[0, 0, 0, 0, 0, 0, 0, 0, 1, 0]",0.77,1.02,2.1,0.55,4848431.9
SMRT,1.13,3,"[0, 0, 0, 0, 1, 0, 0, 0, 1, 1]",1.32,1.56,2.12,0.88,1292263.75
SRI,7.23,7,"[1, 1, 1, 1, 0, 0, 1, 1, 1, 0]",6.61,6.83,9.17,4.72,160542.45
FF,4.45,8,"[1, 1, 1, 1, 0, 1, 1, 1, 1, 0]",4.26,3.78,4.97,3.0,326268.45
ANNA,3.05,3,"[0, 0, 0, 1, 0, 0, 1, 0, 1, 0]",4.38,3.71,10.24,2.31,434639.55
INSE,7.8,3,"[1, 0, 0, 0, 0, 0, 0, 1, 1, 0]",7.23,8.21,9.82,6.11,102382.35
SND,5.82,10,"[1, 1, 1, 1, 1, 1, 1, 1, 1, 1]",5.02,3.67,5.82,1.73,342057.1
SABS,3.4,4,"[0, 0, 0, 0, 1, 1, 1, 0, 1, 0]",3.72,3.45,4.59,1.69,591306.85
SHIM,3.64,7,"[0, 1, 1, 1, 1, 1, 1, 0, 1, 0]",4.53,3.39,6.67,1.55,229425.05
SLNH,1.37,3,"[0, 0, 0, 0, 0, 1, 1, 0, 1, 0]",1.38,1.55,4.42,0.43,25332192.3
DMRC,13.34,9,"[1, 1, 1, 1, 0, 1, 1, 1, 1, 1]",9.09,7.9,16.43,4.36,304612.7
PLBY,1.31,2,"[0, 0, 0, 0, 1, 0, 0, 0, 1, 0]",1.55,1.67,2.71,1.2,1127928.25
TONX,3.29,5,"[1, 1, 0, 1, 0, 0, 1, 0, 1, 0]",2.92,4.11,22.45,1.8,454920.55
TKNO,4.65,7,"[1, 1, 1, 1, 0, 0, 1, 0, 1, 1]",3.6,3.94,6.37,1.99,159491.05
KLTR,1.42,4,"[1, 0, 0, 0, 0, 0, 1, 0, 1, 1]",1.35,1.48,2.18,1.08,460649.3
EGAN,7.46,3,"[0, 0, 0, 0, 0, 1, 1, 0, 1, 0]",7.47,9.6,15.46,5.58,363362.25
PESI,9.68,2,"[0, 0, 0, 0, 1, 0, 0, 0, 1, 0]",11.1,12.35,15.76,8.19,271657.15
TENX,10.54,5,"[0, 0, 0, 1, 1, 1, 1, 0, 1, 0]",13.07,10.83,18.27,5.62,635658.05
UNCY,6.66,7,"[0, 1, 1, 1, 1, 1, 1, 0, 1, 0]",7.34,6.03,9.0,3.74,748966.75
DPRO,6.42,5,"[1, 0, 0, 0, 0, 1, 1, 0, 1, 1]",5.78,7.08,13.77,2.27,2437731.3
DTIL,6.77,7,"[0, 1, 1, 1, 0, 1, 1, 1, 1, 0]",7.03,5.59,8.61,3.57,348602.85
VERI,1.7,2,"[0, 0, 0, 0, 0, 0, 1, 0, 1, 0]",2.05,3.77,8.39,1.22,3128475.65
SLQT,0.84,2,"[0, 0, 0, 0, 0, 0, 1, 0, 1, 0]",0.89,1.37,2.69,0.59,1764242.0
QSI,1.06,4,"[1, 0, 0, 0, 0, 0, 1, 0, 1, 1]",0.95,1.24,2.63,0.71,6887045.15
XYF,4.84,3,"[1, 0, 0, 0, 0, 0, 1, 0, 1, 0]",4.56,7.55,18.91,3.22,136257.95
KPTI,8.5,9,"[1, 1, 1, 1, 1, 1, 1, 1, 1, 0]",8.27,7.19,10.09,3.77,498877.95
CRBP,7.56,3,"[0, 0, 0, 1, 0, 1, 0, 0, 1, 0]",9.79,10.31,19.36,6.9,721575.35
DGXX,6.36,9,"[1, 1, 1, 1, 1, 1, 1, 1, 1, 0]",5.02,3.56,8.46,1.74,16350570.15
KRMD,3.99,4,"[0, 0, 0, 0, 1, 1, 1, 0, 1, 0]",4.12,4.58,6.52,2.94,114848.2
CRBU,1.84,4,"[0, 0, 0, 1, 0, 1, 1, 0, 1, 0]",2.05,1.95,2.84,1.11,1926951.25
BHR,2.52,5,"[1, 0, 0, 0, 1, 1, 0, 1, 1, 0]",2.47,2.65,3.14,2.0,292668.8
INGN,6.06,2,"[0, 0, 0, 1, 0, 0, 0, 0, 1, 0]",6.61,7.0,8.95,5.59,402121.4
SUUN,1.44,6,"[1, 1, 1, 0, 0, 0, 1, 0, 1, 1]",0.73,1.33,2.48,0.5,3732942.75
MGNX,3.88,10,"[1, 1, 1, 1, 1, 1, 1, 1, 1, 1]",3.57,2.24,4.53,1.19,1492573.85
ATLX,3.58,1,"[0, 0, 0, 0, 0, 0, 0, 0, 1, 0]",4.67,4.94,7.45,3.53,899347.45
TLSA,1.22,1,"[0, 0, 0, 0, 0, 0, 0, 0, 1, 0]",1.34,1.58,2.5,1.15,271388.4
IFRX,1.71,6,"[0, 1, 1, 1, 0, 1, 1, 0, 1, 0]",1.83,1.32,2.74,0.77,1556933.5
WTF,2.94,1,"[0, 0, 0, 0, 0, 0, 0, 0, 1, 0]",3.55,4.19,7.1,2.82,354552.2
ELTX,13.55,9,"[1, 1, 1, 1, 0, 1, 1, 1, 1, 1]",11.06,10.01,13.93,7.54,148189.25
CVGI,5.08,9,"[1, 1, 1, 1, 1, 1, 1, 1, 1, 0]",4.54,2.47,5.78,1.27,486883.8
ABOS,2.17,5,"[0, 0, 0, 1, 1, 1, 1, 0, 1, 0]",2.49,2.19,3.37,1.07,325366.15
DOUG,1.71,1,"[0, 0, 0, 0, 0, 0, 0, 0, 1, 0]",1.8,2.35,3.11,1.56,458834.3
AMTX,2.22,5,"[0, 1, 1, 1, 0, 0, 1, 0, 1, 0]",2.67,2.15,3.66,1.32,1205724.7
ZEPP,6.18,2,"[0, 0, 0, 0, 0, 0, 1, 0, 1, 0]",12.24,27.07,61.27,2.28,166695.4
SKYX,1.05,3,"[0, 0, 0, 0, 1, 1, 0, 0, 1, 0]",1.13,1.64,3.13,1.0,1702878.75
CVRX,5.4,1,"[0, 0, 0, 0, 0, 0, 0, 0, 1, 0]",7.01,7.83,10.81,4.74,397237.0
LFCR,5.57,4,"[1, 0, 0, 0, 0, 0, 1, 0, 1, 1]",4.82,6.68,8.82,3.66,206208.95
EPSN,5.98,8,"[0, 1, 1, 1, 1, 1, 1, 0, 1, 1]",6.1,5.23,8.1,4.2,175894.3
ADAG,3.26,7,"[0, 1, 1, 1, 1, 1, 1, 0, 1, 0]",3.75,2.66,4.61,1.4,148230.0
KRRO,10.59,3,"[0, 0, 0, 1, 0, 0, 1, 0, 1, 0]",12.39,18.12,51.36,5.28,137532.1
DOMO,3.35,2,"[0, 0, 0, 0, 0, 0, 1, 0, 1, 0]",3.52,8.37,18.2,2.42,652948.35
PYXS,1.69,3,"[0, 0, 0, 0, 0, 1, 1, 0, 1, 0]",1.82,2.28,5.34,1.04,575207.0
BDTX,1.85,1,"[0, 0, 0, 0, 0, 0, 0, 0, 1, 0]",2.63,2.92,4.87,1.85,2085502.05
CNTN,2.65,3,"[0, 0, 0, 0, 0, 1, 1, 0, 1, 0]",3.2,3.41,7.71,1.17,753207.25
TBI,6.66,8,"[1, 1, 1, 1, 0, 0, 1, 1, 1, 1]",5.11,5.07,7.68,3.31,310626.25
THRY,3.79,3,"[1, 0, 0, 0, 0, 0, 1, 0, 1, 0]",3.43,6.31,13.85,2.1,925111.5
HYPR,1.41,6,"[0, 1, 1, 1, 0, 1, 1, 0, 1, 0]",1.42,1.26,2.2,0.69,580274.9
ORMP,3.64,8,"[0, 1, 1, 1, 1, 1, 1, 1, 1, 0]",3.9,3.02,4.73,1.92,226306.95
RFIL,16.67,10,"[1, 1, 1, 1, 1, 1, 1, 1, 1, 1]",14.96,9.95,19.38,4.12,263782.25
MX,6.89,10,"[1, 1, 1, 1, 1, 1, 1, 1, 1, 1]",4.53,3.28,8.93,2.27,4403288.4
OWLT,4.79,2,"[0, 0, 0, 0, 1, 0, 0, 0, 1, 0]",5.32,9.19,16.52,4.53,239832.2
KZIA,11.4,7,"[0, 1, 1, 1, 1, 1, 1, 0, 1, 0]",11.43,8.69,15.72,5.0,205901.35
ONL,2.82,8,"[1, 1, 1, 1, 0, 1, 1, 1, 1, 0]",2.66,2.47,3.0,1.84,340314.3
IMDX,5.72,8,"[1, 1, 1, 0, 1, 1, 1, 0, 1, 1]",4.65,5.1,8.48,2.4,351302.5
ANTX,3.85,7,"[0, 1, 1, 1, 1, 1, 1, 0, 1, 0]",4.09,2.14,5.46,1.03,227753.6
IMUX,12.06,10,"[1, 1, 1, 1, 1, 1, 1, 1, 1, 1]",11.69,9.03,15.13,5.1,250567.8
DIBS,4.01,4,"[0, 0, 0, 0, 1, 1, 1, 0, 1, 0]",4.98,4.68,6.43,2.55,280641.6
CURV,1.74,7,"[1, 1, 1, 1, 0, 0, 1, 0, 1, 1]",1.7,1.46,5.12,0.97,762321.6
APYX,4.77,10,"[1, 1, 1, 1, 1, 1, 1, 1, 1, 1]",3.82,3.44,4.77,1.71,184996.2
RGP,4.53,7,"[1, 1, 1, 0, 0, 0, 1, 1, 1, 1]",4.08,4.32,5.66,3.42,337392.3
CHPT,7.21,5,"[1, 1, 0, 0, 0, 0, 1, 0, 1, 1]",6.39,7.93,16.46,4.51,647010.0
BOOM,7.0,6,"[1, 1, 1, 0, 0, 0, 1, 1, 1, 0]",6.38,6.87,8.97,4.73,217839.45
WATT,25.81,8,"[1, 1, 1, 1, 1, 1, 1, 0, 1, 0]",24.5,12.25,35.33,3.76,342421.75
DHX,3.5,8,"[1, 1, 1, 1, 0, 1, 1, 1, 1, 0]",3.16,2.43,3.87,1.5,281144.55
HURA,2.05,5,"[0, 1, 1, 1, 0, 0, 1, 0, 1, 0]",2.29,1.9,3.25,0.44,520938.5
BZUN,2.68,2,"[1, 0, 0, 0, 0, 0, 0, 0, 1, 0]",2.66,2.97,4.77,2.1,306953.2
IDN,4.16,3,"[0, 0, 0, 1, 1, 0, 0, 0, 1, 0]",6.56,5.77,8.99,4.12,723626.95
SPRO,2.74,10,"[1, 1, 1, 1, 1, 1, 1, 1, 1, 1]",2.66,2.37,3.04,1.83,821090.3
NNBR,2.9,9,"[1, 1, 1, 1, 0, 1, 1, 1, 1, 1]",2.29,1.83,3.14,1.14,913080.8
CRDL,1.08,3,"[0, 0, 0, 1, 1, 0, 0, 0, 1, 0]",1.33,1.12,1.63,0.93,391771.5
AGEN,3.14,2,"[0, 0, 0, 1, 0, 0, 0, 0, 1, 0]",3.72,3.78,7.06,2.77,668797.9
JELD,1.64,3,"[1, 0, 0, 0, 0, 0, 1, 0, 1, 0]",1.48,2.9,6.76,0.95,1499835.05
EDSA,5.37,7,"[0, 1, 1, 1, 1, 1, 1, 0, 1, 0]",9.47,4.17,18.28,0.8,353059.55
VWAV,5.48,2,"[0, 0, 0, 0, 0, 0, 1, 0, 1, 0]",5.9,8.84,14.18,2.3,538758.8
RDZN,1.72,7,"[1, 1, 1, 0, 1, 1, 1, 0, 1, 0]",1.57,1.47,2.41,0.83,513498.55
MBOT,1.82,1,"[0, 0, 0, 0, 0, 0, 0, 0, 1, 0]",2.12,2.44,4.5,1.62,2092097.85
QMCO,12.54,9,"[1, 1, 1, 1, 0, 1, 1, 1, 1, 1]",8.17,7.87,15.95,4.31,1329277.55
MED,12.07,6,"[1, 1, 1, 1, 0, 0, 0, 1, 1, 0]",11.55,11.81,15.22,9.53,183950.25
GNLX,2.93,2,"[1, 0, 0, 0, 0, 0, 0, 0, 1, 0]",2.77,3.75,8.24,2.3,161736.8
EMPD,3.61,2,"[0, 0, 0, 1, 0, 0, 0, 0, 1, 0]",4.7,5.33,21.61,3.26,183500.15
GALT,2.4,4,"[1, 0, 0, 0, 0, 0, 1, 0, 1, 1]",2.38,3.81,6.51,1.32,340384.95
BNC,2.19,1,"[0, 0, 0, 0, 0, 0, 0, 0, 1, 0]",2.83,6.45,57.58,2.16,368615.55
SPWR,0.9,1,"[0, 0, 0, 0, 0, 0, 0, 0, 1, 0]",1.07,1.48,2.11,0.83,3196351.55
IHD,7.63,10,"[1, 1, 1, 1, 1, 1, 1, 1, 1, 1]",7.15,6.37,8.02,5.17,113160.45
SRFM,1.11,1,"[0, 0, 0, 0, 0, 0, 0, 0, 1, 0]",1.19,2.53,8.8,1.03,3429699.35
EQ,2.77,10,"[1, 1, 1, 1, 1, 1, 1, 1, 1, 1]",2.22,1.65,3.17,0.29,1121006.6
AMWL,8.75,9,"[1, 1, 1, 1, 0, 1, 1, 1, 1, 1]",6.96,5.7,9.83,3.78,103055.5
TTEC,2.18,1,"[0, 0, 0, 0, 0, 0, 0, 0, 1, 0]",2.69,3.11,5.53,2.06,485270.4
DFDV,3.09,1,"[0, 0, 0, 0, 0, 0, 0, 0, 1, 0]",4.08,7.77,31.56,2.86,1020044.95
BNAI,18.27,6,"[0, 0, 1, 1, 1, 1, 1, 0, 1, 0]",28.67,16.58,63.0,1.2,779743.7
TMCI,3.53,5,"[1, 1, 0, 0, 0, 0, 1, 0, 1, 1]",2.24,3.54,7.7,1.2,657193.65
CHGG,1.12,6,"[1, 1, 1, 1, 0, 0, 1, 0, 1, 0]",1.08,1.03,1.84,0.45,2687679.1
HSDT,1.38,1,"[0, 0, 0, 0, 0, 0, 0, 0, 1, 0]",2.0,4.91,55.5,1.27,415072.7
SAFX,0.38,3,"[0, 0, 0, 1, 0, 0, 1, 0, 1, 0]",0.46,0.62,36.22,0.14,3745605.45
AIFC,0.66,1,"[0, 0, 0, 0, 0, 0, 0, 0, 1, 0]",0.92,1.97,10.26,0.64,1486828.6
SUIG,1.24,1,"[0, 0, 0, 0, 0, 0, 0, 0, 1, 0]",1.47,2.34,7.45,1.14,476183.85
INVE,3.98,6,"[0, 1, 1, 1, 0, 1, 0, 1, 1, 0]",4.14,3.68,5.29,3.08,134741.7
GCTS,2.53,9,"[1, 1, 1, 1, 1, 1, 1, 0, 1, 1]",1.9,1.46,3.73,0.99,12973325.0
FFAI,0.32,2,"[0, 0, 0, 0, 0, 0, 1, 0, 1, 0]",0.34,0.95,3.0,0.22,14692639.55
PEPG,1.35,4,"[0, 0, 0, 0, 1, 1, 1, 0, 1, 0]",1.73,4.04,7.17,1.01,707932.5
BLNK,0.7,2,"[0, 0, 0, 0, 0, 0, 1, 0, 1, 0]",0.74,1.03,2.5,0.5,2677208.95
GUTS,0.67,2,"[0, 0, 0, 0, 0, 0, 1, 0, 1, 0]",0.67,1.1,2.88,0.39,2374291.25
INO,1.09,1,"[0, 0, 0, 0, 0, 0, 0, 0, 1, 0]",1.24,1.83,2.87,1.05,2779728.45
RANI,0.84,4,"[0, 0, 0, 0, 1, 1, 1, 0, 1, 0]",0.92,1.16,2.85,0.41,1250394.9
CMTL,4.49,9,"[1, 1, 1, 0, 1, 1, 1, 1, 1, 1]",4.08,3.9,5.98,1.92,355683.95
VRA,3.3,8,"[0, 1, 1, 1, 1, 1, 1, 1, 1, 0]",3.65,2.77,4.26,1.78,125816.8
TUSK,3.48,10,"[1, 1, 1, 1, 1, 1, 1, 1, 1, 1]",2.86,2.34,3.84,1.73,470285.85
STIM,1.28,1,"[0, 0, 0, 0, 0, 0, 0, 0, 1, 0]",1.5,1.94,4.66,1.18,2724054.0
CUE,29.08,8,"[1, 1, 1, 1, 0, 1, 1, 1, 1, 0]",20.22,16.86,35.73,5.31,117967.0
ARQ,2.65,4,"[1, 0, 0, 0, 0, 0, 1, 0, 1, 1]",2.45,4.13,7.73,1.64,256287.85
LICN,1.8,3,"[0, 0, 0, 1, 0, 0, 1, 0, 1, 0]",4.37,3.81,8.63,0.84,712218.3
HCAT,1.75,4,"[1, 0, 0, 0, 0, 0, 1, 0, 1, 1]",1.33,2.2,4.16,1.0,2239257.55
BMEA,1.15,2,"[0, 0, 0, 1, 0, 0, 0, 0, 1, 0]",1.56,1.49,2.9,0.96,1184744.1
CBUS,1.23,2,"[0, 0, 0, 0, 1, 0, 0, 0, 1, 0]",1.49,1.79,4.05,1.16,262987.85
GEOS,7.81,1,"[0, 0, 0, 0, 0, 0, 0, 0, 1, 0]",9.29,15.45,28.41,6.63,206521.7
HOVR,2.26,7,"[1, 1, 1, 1, 0, 1, 1, 0, 1, 0]",2.1,2.03,3.91,1.09,4083987.2
CGTX,1.21,4,"[1, 0, 0, 0, 0, 1, 1, 0, 1, 0]",1.13,1.44,3.18,0.25,1146311.85
FLL,2.42,2,"[0, 0, 0, 1, 0, 0, 0, 0, 1, 0]",2.56,2.69,4.95,2.15,194486.8
CYPH,0.71,4,"[0, 0, 0, 0, 1, 1, 1, 0, 1, 0]",0.97,0.86,2.97,0.24,7559784.15
CRGO,1.66,2,"[0, 0, 0, 0, 0, 0, 1, 0, 1, 0]",1.9,2.52,4.1,1.21,114002.8
DTI,2.68,5,"[0, 0, 0, 1, 1, 1, 1, 0, 1, 0]",3.24,2.91,4.49,1.81,259037.75
BTCS,1.35,1,"[0, 0, 0, 0, 0, 0, 0, 0, 1, 0]",1.74,2.82,6.5,1.29,658753.35
ZVIA,1.41,2,"[1, 0, 0, 0, 0, 0, 0, 0, 1, 0]",1.32,1.96,3.64,1.13,1205854.9
ALDX,1.74,4,"[1, 0, 0, 0, 0, 0, 1, 0, 1, 1]",1.67,4.13,5.89,1.24,1037914.55
SKLZ,9.0,8,"[1, 1, 1, 1, 0, 1, 1, 0, 1, 1]",6.09,5.64,12.45,2.28,534614.05
EXFY,1.18,4,"[1, 0, 0, 0, 0, 0, 1, 0, 1, 1]",1.01,1.38,2.61,0.75,869506.45
ONCY,0.84,2,"[0, 0, 0, 0, 0, 0, 1, 0, 1, 0]",0.93,1.04,1.42,0.43,1406339.95
TEAD,1.14,7,"[1, 1, 1, 1, 0, 0, 1, 0, 1, 1]",0.91,1.01,3.11,0.59,309108.3
NRXP,4.33,9,"[1, 1, 1, 1, 0, 1, 1, 1, 1, 1]",3.06,2.6,4.62,1.68,1766610.1
OCCI,3.27,2,"[1, 0, 0, 0, 0, 0, 0, 0, 1, 0]",3.14,3.88,5.08,2.62,234586.95
SKBL,3.12,6,"[0, 0, 1, 1, 1, 1, 1, 0, 1, 0]",3.4,3.0,12.98,0.44,248413.0
ARBE,0.88,4,"[1, 0, 0, 0, 0, 0, 1, 0, 1, 1]",0.87,1.26,2.69,0.56,4966673.05
PODC,4.47,10,"[1, 1, 1, 1, 1, 1, 1, 1, 1, 1]",3.31,2.47,4.98,1.3,168738.05
TLYS,5.24,10,"[1, 1, 1, 1, 1, 1, 1, 1, 1, 1]",4.46,2.47,5.39,1.13,472515.0
UPXI,0.95,2,"[0, 0, 0, 0, 0, 0, 1, 0, 1, 0]",1.24,2.82,12.71,0.56,2925445.95
LGO,0.84,1,"[0, 0, 0, 0, 0, 0, 0, 0, 1, 0]",1.12,1.29,2.52,0.84,953117.75
BAER,1.92,4,"[0, 0, 0, 0, 1, 1, 0, 0, 1, 1]",2.02,2.04,3.27,1.55,948764.75
SEV,2.12,3,"[0, 0, 0, 0, 1, 0, 1, 0, 1, 0]",2.66,2.12,10.84,1.41,256818.45
FRMM,5.31,4,"[1, 0, 0, 0, 0, 0, 1, 0, 1, 1]",4.0,10.35,107.0,1.79,351894.7
GNSS,1.87,2,"[0, 0, 0, 0, 0, 1, 0, 0, 1, 0]",1.92,2.08,2.58,1.47,191545.45
ATYR,0.44,1,"[0, 0, 0, 0, 0, 0, 0, 0, 1, 0]",0.71,1.17,6.61,0.4,4801473.3
OCC,19.0,10,"[1, 1, 1, 1, 1, 1, 1, 1, 1, 1]",11.35,8.06,19.0,2.62,1316393.7
QTTB,12.03,10,"[1, 1, 1, 1, 1, 1, 1, 1, 1, 1]",6.99,4.26,14.0,1.36,1585468.8
STEX,0.99,2,"[0, 0, 0, 0, 0, 0, 0, 0, 1, 1]",1.08,3.21,11.55,0.76,1796100.45
AIRG,6.97,9,"[1, 1, 1, 1, 1, 1, 1, 1, 1, 0]",6.58,4.85,7.39,3.07,125304.7
LIDR,1.82,2,"[0, 0, 0, 0, 0, 0, 1, 0, 1, 0]",1.9,2.19,4.43,0.74,1554797.25
MXCT,1.15,5,"[1, 1, 0, 0, 0, 0, 1, 0, 1, 1]",0.92,1.22,2.33,0.68,1375723.55
AGH,5.1,7,"[1, 1, 1, 0, 0, 1, 1, 0, 1, 1]",4.09,4.2,7.82,0.57,3228249.25
AVD,2.66,1,"[0, 0, 0, 0, 0, 0, 0, 0, 1, 0]",2.69,4.2,5.81,2.06,301560.1
NAMM,1.91,3,"[0, 0, 0, 0, 0, 0, 1, 0, 1, 1]",1.92,2.3,22.55,0.92,2778194.5
SPAI,5.64,7,"[1, 1, 1, 0, 0, 1, 1, 0, 1, 1]",4.47,5.27,8.95,2.4,606781.0
CLNN,5.33,3,"[0, 0, 0, 0, 0, 1, 1, 0, 1, 0]",6.27,6.55,12.5,3.36,158161.4
BTMD,2.34,5,"[1, 1, 0, 0, 0, 0, 1, 0, 1, 1]",1.99,2.42,4.55,1.3,225832.85
GRWG,1.61,7,"[1, 1, 1, 0, 0, 1, 1, 0, 1, 1]",1.38,1.47,2.2,0.87,484884.8
DTCX,2.17,2,"[0, 0, 0, 0, 0, 0, 1, 0, 1, 0]",2.26,3.33,15.46,1.63,309609.15
GECC,6.09,3,"[1, 0, 0, 0, 0, 0, 0, 0, 1, 1]",5.61,6.73,10.3,4.74,116728.15
PN,4.21,2,"[0, 0, 0, 0, 0, 0, 1, 0, 1, 0]",4.36,11.71,82.0,2.21,665239.9
TCRX,0.99,2,"[0, 0, 0, 1, 0, 0, 0, 0, 1, 0]",1.1,1.3,2.52,0.9,529309.0
DOMH,3.17,2,"[1, 0, 0, 0, 0, 0, 0, 0, 1, 0]",2.97,3.82,6.22,2.53,271772.15
STEM,7.78,1,"[0, 0, 0, 0, 0, 0, 0, 0, 1, 0]",9.73,14.82,29.79,6.17,189070.35
ZTEK,0.49,1,"[0, 0, 0, 0, 0, 0, 0, 0, 1, 0]",0.59,0.71,1.49,0.42,197661.7
JFB,5.35,4,"[0, 0, 0, 0, 1, 1, 1, 0, 1, 0]",5.85,7.5,16.78,2.3,635944.9
ANVS,1.79,2,"[0, 0, 0, 0, 1, 0, 0, 0, 1, 0]",2.01,2.59,5.1,1.59,1325096.5
ZSQR,10.08,2,"[0, 0, 0, 0, 0, 0, 1, 0, 1, 0]",12.03,13.6,18.8,7.05,250825.75
STSS,1.84,3,"[1, 0, 0, 0, 0, 0, 1, 0, 1, 0]",1.76,3.54,16.03,1.21,263958.05
ACRV,1.41,3,"[0, 0, 0, 0, 1, 1, 0, 0, 1, 0]",1.72,1.85,3.01,1.18,439491.95
SYPR,2.86,6,"[0, 0, 1, 1, 1, 1, 1, 0, 1, 0]",3.27,2.73,4.18,1.83,152805.95
AFCG,3.5,7,"[1, 1, 1, 1, 0, 0, 1, 0, 1, 1]",3.07,3.05,5.23,2.05,311798.6
PMVP,1.09,2,"[0, 0, 0, 1, 0, 0, 0, 0, 1, 0]",1.32,1.32,1.8,1.02,413733.1
MDAI,1.85,5,"[0, 1, 1, 1, 0, 0, 1, 0, 1, 0]",2.0,1.83,3.14,1.2,1182352.3
BDMD,1.28,3,"[0, 0, 0, 1, 0, 0, 1, 0, 1, 0]",1.7,1.71,7.1,0.77,128728.95
CPSH,7.75,9,"[1, 1, 1, 1, 1, 1, 1, 0, 1, 1]",5.55,4.31,11.59,2.42,3808804.85
OMEX,0.96,1,"[0, 0, 0, 0, 0, 0, 0, 0, 1, 0]",1.05,1.76,4.12,0.77,811185.8
ATRA,9.58,5,"[1, 1, 0, 0, 0, 0, 1, 0, 1, 1]",7.05,10.09,18.09,4.18,267775.4
FTCI,4.66,5,"[1, 0, 0, 0, 1, 0, 1, 0, 1, 1]",4.54,7.51,12.5,3.45,124857.25
CPIX,5.86,10,"[1, 1, 1, 1, 1, 1, 1, 1, 1, 1]",4.36,3.63,6.15,1.9,129602.2
PDSB,1.0,6,"[0, 1, 1, 1, 0, 1, 1, 0, 1, 0]",1.06,0.94,1.79,0.54,1237540.45
FLD,0.68,1,"[0, 0, 0, 0, 0, 0, 0, 0, 1, 0]",1.24,2.37,5.13,0.65,207184.85
RRGB,4.38,5,"[1, 1, 0, 0, 0, 0, 1, 0, 1, 1]",3.86,4.59,7.44,2.59,623497.95
LFVN,10.7,7,"[1, 1, 1, 0, 0, 0, 1, 1, 1, 1]",5.6,6.82,14.13,3.99,669835.05
XTIA,1.85,7,"[0, 1, 1, 1, 1, 0, 1, 0, 1, 1]",1.96,1.78,5.05,1.24,2578133.7
KLXE,2.97,7,"[0, 1, 1, 1, 1, 1, 1, 0, 1, 0]",3.08,2.32,4.27,1.53,384743.25
FEAM,1.69,4,"[1, 0, 0, 0, 0, 0, 1, 0, 1, 1]",1.69,3.06,7.03,1.22,243581.0
SNBR,0.53,2,"[0, 0, 0, 0, 0, 0, 1, 0, 1, 0]",1.92,6.05,12.37,0.35,18968875.4
CING,4.53,3,"[0, 0, 0, 0, 1, 0, 1, 0, 1, 0]",5.14,4.92,11.66,3.33,879986.5
IXHL,3.4,2,"[0, 0, 0, 0, 0, 0, 1, 0, 1, 0]",3.64,9.21,48.9,2.56,260411.95
IMMP,0.37,1,"[0, 0, 0, 0, 0, 0, 0, 0, 1, 0]",0.45,1.72,3.18,0.31,1062278.9
IBIO,1.73,6,"[0, 0, 1, 0, 1, 1, 1, 0, 1, 1]",1.82,1.69,3.07,0.57,804597.75
EHTH,1.68,3,"[1, 0, 0, 0, 0, 0, 1, 0, 1, 0]",1.66,3.07,5.65,1.24,364802.9
LIXT,6.65,9,"[1, 1, 1, 1, 0, 1, 1, 1, 1, 1]",4.46,4.08,7.21,0.71,180109.7
VNCE,4.67,10,"[1, 1, 1, 1, 1, 1, 1, 1, 1, 1]",3.92,3.09,5.57,1.26,139294.2
HYFT,1.6,5,"[1, 1, 0, 0, 0, 0, 1, 0, 1, 1]",1.34,1.66,3.2,0.6,553126.45
BLNE,1.15,2,"[0, 0, 0, 0, 0, 0, 1, 0, 1, 0]",1.8,2.42,4.35,0.65,765088.15
PSIG,9.71,10,"[1, 1, 1, 1, 1, 1, 1, 1, 1, 1]",7.05,5.12,9.71,2.56,1244005.2
BTM,0.32,2,"[0, 0, 0, 0, 0, 0, 1, 0, 1, 0]",3.28,11.19,45.36,0.17,986960.2
SPWH,1.27,1,"[0, 0, 0, 0, 0, 0, 0, 0, 1, 0]",1.39,1.85,4.16,1.13,511594.25
ONMD,0.69,3,"[0, 0, 0, 0, 0, 1, 1, 0, 1, 0]",0.9,1.16,3.14,0.32,237428.35
GRML,0.31,3,"[0, 0, 0, 1, 0, 0, 1, 0, 1, 0]",0.39,0.43,2.01,0.22,3831304.85
AMPG,6.57,8,"[1, 1, 1, 0, 0, 1, 1, 1, 1, 1]",2.95,3.24,6.57,1.76,6835785.45
CHRN,18.89,10,"[1, 1, 1, 1, 1, 1, 1, 1, 1, 1]",13.43,8.4,23.36,2.82,398655.6
KZR,7.29,9,"[1, 1, 1, 1, 1, 1, 1, 1, 1, 0]",7.13,5.81,7.45,3.59,125152.4
IPWR,5.98,8,"[1, 1, 1, 1, 0, 1, 1, 0, 1, 1]",4.78,4.38,8.99,2.68,1560847.3
SQNS,3.54,4,"[1, 0, 0, 0, 0, 0, 1, 0, 1, 1]",3.34,5.41,53.9,2.43,305785.4
MLGO,5.0,4,"[1, 0, 0, 0, 0, 0, 1, 0, 1, 1]",4.32,6.2,34.5,3.13,1246546.55
STKE,1.29,2,"[0, 0, 0, 0, 0, 0, 1, 0, 1, 0]",1.39,2.65,16.48,0.89,284928.6
ILLR,0.33,5,"[1, 1, 0, 0, 0, 0, 1, 0, 1, 1]",0.23,0.4,1.48,0.03,5043945.6
VIVO,4.77,8,"[1, 1, 1, 1, 0, 1, 1, 0, 1, 1]",3.66,3.38,6.87,1.21,2480354.65
USEG,0.99,4,"[1, 0, 0, 0, 0, 0, 1, 0, 1, 1]",0.93,1.04,2.21,0.69,1126597.7
BWEN,3.67,10,"[1, 1, 1, 1, 1, 1, 1, 1, 1, 1]",2.87,2.65,4.52,1.77,1996123.7
COCH,0.66,3,"[0, 0, 0, 0, 0, 0, 1, 0, 1, 1]",0.68,0.78,1.7,0.39,134916.9
BIRD,4.05,3,"[0, 0, 0, 1, 0, 0, 1, 0, 1, 0]",5.23,5.0,16.99,2.39,446238.9
BEAT,0.81,2,"[0, 0, 0, 0, 0, 0, 1, 0, 1, 0]",0.96,1.46,3.44,0.58,734360.4
FTEK,1.35,1,"[0, 0, 0, 0, 0, 0, 0, 0, 1, 0]",1.41,1.89,3.63,1.19,189116.7
PPSI,4.18,6,"[1, 1, 1, 0, 0, 1, 1, 0, 1, 0]",3.83,4.06,6.08,2.37,329415.25
TELA,0.85,3,"[1, 0, 0, 0, 0, 0, 1, 0, 1, 0]",0.81,1.09,2.14,0.56,119892.3
GAME,0.42,5,"[1, 1, 0, 1, 0, 0, 1, 0, 1, 0]",0.42,0.49,2.31,0.25,1960338.2
ARAY,0.35,2,"[0, 0, 0, 0, 0, 0, 1, 0, 1, 0]",0.39,0.9,1.85,0.27,7057459.15
ELUT,0.99,4,"[0, 1, 0, 1, 0, 0, 1, 0, 1, 0]",1.08,1.02,2.46,0.5,124695.9
FATN,6.09,7,"[1, 1, 1, 1, 0, 0, 1, 0, 1, 1]",3.58,3.49,9.84,1.45,641405.3
FGNX,6.29,2,"[0, 0, 0, 0, 0, 0, 1, 0, 1, 0]",6.48,16.67,191.5,4.23,156248.75
PSTV,5.53,2,"[0, 0, 0, 0, 0, 0, 1, 0, 1, 0]",5.7,10.19,22.25,2.92,150104.05
AHMA,1.08,3,"[0, 0, 0, 0, 1, 0, 1, 0, 1, 0]",1.15,1.08,37.11,0.79,155316.65
HYPD,2.93,1,"[0, 0, 0, 0, 0, 0, 0, 0, 1, 0]",3.68,5.0,15.97,2.44,596050.95
ASTI,7.48,10,"[1, 1, 1, 1, 1, 1, 1, 1, 1, 1]",5.07,3.95,9.02,1.16,2705180.15
DARE,1.85,4,"[0, 0, 0, 1, 0, 1, 1, 0, 1, 0]",2.26,1.99,3.27,1.3,440295.75
ABLV,1.01,9,"[1, 1, 1, 1, 0, 1, 1, 1, 1, 1]",0.82,0.81,1.23,0.58,126707.3
ALGS,4.96,1,"[0, 0, 0, 0, 0, 0, 0, 0, 1, 0]",6.46,8.28,13.3,4.91,131638.9
BEEM,1.31,1,"[0, 0, 0, 0, 0, 0, 0, 0, 1, 0]",1.61,1.97,3.88,1.31,536922.8
SST,3.08,2,"[0, 0, 0, 0, 0, 0, 1, 0, 1, 0]",3.25,4.54,10.76,1.37,337709.85
WKHS,3.27,3,"[1, 0, 0, 0, 0, 0, 1, 0, 1, 0]",3.09,7.2,53.04,2.34,198816.7
INMB,1.24,1,"[0, 0, 0, 0, 0, 0, 0, 0, 1, 0]",1.37,1.61,8.09,1.12,536788.2
JZ,0.25,1,"[0, 0, 0, 0, 0, 0, 0, 0, 1, 0]",0.85,1.19,3.9,0.24,8067030.75
PSQH,0.5,1,"[0, 0, 0, 0, 0, 0, 0, 0, 1, 0]",0.63,1.19,2.83,0.49,351351.05
HCHL,3.91,6,"[1, 1, 1, 0, 0, 0, 1, 0, 1, 1]",2.39,2.75,5.6,1.0,1303724.65
RPGL,2.22,2,"[0, 0, 0, 0, 1, 0, 0, 0, 1, 0]",24.87,2.22,3984.0,2.22,390810.2
GRCE,2.3,2,"[0, 0, 0, 0, 1, 0, 0, 0, 1, 0]",3.01,3.34,5.13,2.1,308543.15
BGDE,7.21,5,"[1, 1, 0, 0, 0, 0, 1, 0, 1, 1]",5.5,7.85,33.6,1.71,121571.3
TRAW,1.37,2,"[0, 0, 0, 0, 0, 1, 0, 0, 1, 0]",1.53,1.89,3.13,1.09,2045061.15
AERT,0.78,7,"[1, 1, 1, 1, 0, 0, 1, 0, 1, 1]",0.63,0.58,1.33,0.29,125431.1
BOLD,1.43,9,"[1, 1, 1, 1, 1, 1, 1, 1, 1, 0]",1.42,1.25,1.63,1.01,115214.6
ARAI,0.5,1,"[0, 0, 0, 0, 0, 0, 0, 0, 1, 0]",0.74,2.57,12.15,0.46,1187705.85
ABVE,0.11,2,"[0, 0, 0, 0, 0, 0, 1, 0, 1, 0]",0.6,1.82,5.28,0.07,9679754.05
AGPU,7.32,7,"[1, 1, 1, 1, 0, 0, 1, 0, 1, 1]",5.47,6.96,18.0,1.41,415415.3
MNTS,12.22,6,"[1, 1, 1, 0, 0, 0, 1, 0, 1, 1]",7.29,12.14,34.11,3.23,11090953.9
BZFD,1.32,7,"[1, 1, 1, 1, 0, 0, 1, 0, 1, 1]",1.03,1.17,2.56,0.57,10006476.35
SKYE,0.77,2,"[0, 0, 0, 0, 0, 0, 1, 0, 1, 0]",0.79,1.44,4.75,0.58,187781.85
QCLS,3.78,3,"[0, 0, 0, 0, 0, 0, 1, 0, 1, 1]",3.85,4.16,17.6,2.76,687614.3
UPLD,0.74,3,"[1, 0, 0, 0, 0, 0, 1, 0, 1, 0]",0.73,1.46,2.96,0.51,266126.55
SOWG,1.3,1,"[0, 0, 0, 0, 0, 0, 0, 0, 1, 0]",2.87,7.79,23.25,1.13,114806.2
LASE,3.28,6,"[1, 1, 1, 0, 0, 0, 1, 0, 1, 1]",1.13,2.27,6.51,0.6,33655855.55
QNTM,4.05,2,"[0, 0, 0, 0, 0, 0, 1, 0, 1, 0]",4.99,8.38,35.0,2.1,511880.65
DBGI,0.99,2,"[0, 0, 0, 0, 0, 0, 1, 0, 1, 0]",1.32,6.27,17.78,0.29,13220976.85
NEON,1.24,1,"[0, 0, 0, 0, 0, 0, 0, 0, 1, 0]",1.61,3.21,29.3,1.24,199728.65
AIFF,1.6,4,"[0, 1, 0, 1, 0, 0, 1, 0, 1, 0]",1.87,1.8,3.31,0.64,386585.15
VEEA,0.45,2,"[0, 0, 0, 1, 0, 0, 0, 0, 1, 0]",0.57,0.59,2.1,0.38,364321.35
SPPL,3.76,7,"[1, 1, 1, 0, 0, 1, 1, 0, 1, 1]",2.56,3.7,6.62,1.8,1958025.75
OTLK,0.72,4,"[1, 0, 0, 0, 0, 0, 1, 0, 1, 1]",0.35,0.91,2.97,0.2,36628097.5
EVTV,1.79,6,"[0, 1, 1, 1, 0, 1, 1, 0, 1, 0]",1.93,1.72,4.08,0.36,825743.45
FEMY,5.39,2,"[0, 0, 0, 0, 1, 0, 0, 0, 1, 0]",7.86,11.16,20.8,5.39,116851.5
JSPR,0.47,1,"[0, 0, 0, 0, 0, 0, 0, 0, 1, 0]",0.85,1.63,6.82,0.47,632059.85
UFG,0.75,1,"[0, 0, 0, 0, 0, 0, 0, 0, 1, 0]",0.82,1.83,9.65,0.67,727568.9
DFLI,1.88,1,"[0, 0, 0, 0, 0, 0, 0, 0, 1, 0]",1.99,4.76,19.7,1.54,473752.65
ALLR,1.58,9,"[1, 1, 1, 1, 0, 1, 1, 1, 1, 1]",1.41,1.29,1.97,0.8,253098.95
FMST,1.55,1,"[0, 0, 0, 0, 0, 0, 0, 0, 1, 0]",1.7,2.43,4.3,1.5,107795.7
VTGN,0.54,1,"[0, 0, 0, 0, 0, 0, 0, 0, 1, 0]",0.6,1.95,4.9,0.51,932369.75
SDST,1.99,1,"[0, 0, 0, 0, 0, 0, 0, 0, 1, 0]",2.48,3.35,7.09,1.81,219780.8
LTRN,3.75,6,"[1, 1, 1, 0, 0, 0, 1, 0, 1, 1]",2.54,3.25,5.32,1.12,349646.8
MVO,1.59,3,"[0, 0, 0, 1, 0, 0, 1, 0, 1, 0]",2.23,2.7,5.29,0.91,157081.6
GWH,0.86,2,"[0, 0, 0, 0, 0, 0, 0, 0, 1, 1]",1.05,1.95,9.05,0.77,773653.15
ONEG,0.91,2,"[0, 0, 0, 1, 0, 0, 0, 0, 1, 0]",3.17,5.21,12.99,0.85,385362.7
MOBX,2.31,3,"[0, 0, 0, 0, 0, 0, 1, 0, 1, 1]",2.57,5.0,12.1,1.46,12118197.55
GRDX,6.22,9,"[1, 1, 1, 1, 0, 1, 1, 1, 1, 1]",3.34,3.32,6.8,1.1,164176.15
QNCX,1.0,1,"[0, 0, 0, 0, 0, 0, 0, 0, 1, 0]",1.2,13.64,44.0,0.8,2031036.25
AUID,1.15,2,"[0, 0, 0, 0, 0, 0, 1, 0, 1, 0]",1.2,1.83,5.66,0.86,143900.5
SNAL,0.76,4,"[1, 0, 0, 0, 0, 0, 1, 0, 1, 1]",0.74,0.83,1.7,0.38,20042723.2
COCP,1.01,2,"[0, 0, 0, 1, 0, 0, 0, 0, 1, 0]",1.28,1.16,1.94,0.86,130250.5
KTTA,0.58,3,"[0, 0, 0, 0, 1, 0, 1, 0, 1, 0]",0.73,0.81,1.47,0.29,449235.3
LGVN,0.75,5,"[0, 1, 1, 1, 0, 0, 1, 0, 1, 0]",0.9,0.75,1.74,0.48,418339.6
SAGT,1.03,1,"[0, 0, 0, 0, 0, 0, 0, 0, 1, 0]",1.55,1.92,2.69,0.88,548160.6
OSRH,0.4,1,"[0, 0, 0, 0, 0, 0, 0, 0, 1, 0]",0.54,0.58,1.67,0.39,1344842.5
OFAL,0.22,1,"[0, 0, 0, 0, 0, 0, 0, 0, 1, 0]",0.54,0.74,3.32,0.22,817550.95
SEGG,1.67,5,"[1, 1, 0, 0, 0, 0, 1, 0, 1, 1]",1.18,2.23,14.3,0.51,2054524.5
ENGS,1.67,5,"[1, 1, 0, 0, 0, 0, 1, 0, 1, 1]",1.34,2.7,12.22,0.64,448708.05
AGAE,0.35,3,"[0, 0, 0, 1, 0, 0, 1, 0, 1, 0]",0.45,0.53,3.55,0.26,1453611.5
NIXX,0.89,5,"[1, 1, 0, 0, 0, 0, 1, 0, 1, 1]",0.71,1.04,2.36,0.49,805235.4
TOMZ,0.95,7,"[1, 1, 1, 0, 0, 0, 1, 1, 1, 1]",0.72,0.79,1.13,0.53,379424.75
AIIO,2.7,4,"[1, 0, 0, 0, 0, 0, 1, 0, 1, 1]",1.77,11.45,52.4,0.59,23930978.3
SCNX,0.35,2,"[0, 0, 0, 0, 0, 0, 1, 0, 1, 0]",0.38,0.58,2.6,0.24,283825.7
GFAI,0.43,1,"[0, 0, 0, 0, 0, 0, 0, 0, 1, 0]",0.5,0.73,1.42,0.39,2665506.9
LEXX,0.65,2,"[0, 0, 0, 0, 0, 0, 0, 0, 1, 1]",0.77,0.86,1.53,0.53,102688.7
NWGL,0.75,1,"[0, 0, 0, 0, 0, 0, 0, 0, 1, 0]",0.88,1.19,5.63,0.63,777890.25
TBH,4.2,3,"[0, 0, 0, 1, 0, 0, 1, 0, 1, 0]",4.75,6.33,19.2,1.82,114681.05
SKYQ,1.75,2,"[0, 0, 0, 1, 0, 0, 0, 0, 1, 0]",4.91,3.71,12.59,1.75,1155519.85
TURB,1.67,5,"[0, 1, 0, 1, 0, 0, 1, 0, 1, 1]",1.8,2.26,12.4,0.61,912796.8
AKAN,14.65,4,"[0, 1, 0, 1, 0, 0, 1, 0, 1, 0]",16.29,27.8,107.43,2.68,505030.45
MDCX,0.34,2,"[0, 0, 0, 0, 0, 0, 0, 0, 1, 1]",0.35,1.4,3.4,0.28,2473085.9
BFRI,0.93,6,"[0, 1, 1, 1, 0, 0, 1, 1, 1, 0]",0.99,0.91,1.16,0.57,266275.3
MBRX,2.47,2,"[1, 0, 0, 0, 0, 0, 0, 0, 1, 0]",2.45,6.1,20.9,1.96,297140.4
SKK,4.36,6,"[1, 1, 1, 1, 0, 0, 1, 0, 1, 0]",3.41,3.4,12.19,1.66,466218.9
HOTH,1.36,6,"[1, 1, 1, 0, 0, 0, 1, 0, 1, 1]",0.86,1.13,2.22,0.51,25759069.3
PHIO,1.09,2,"[0, 0, 0, 0, 0, 0, 0, 0, 1, 1]",1.17,1.44,2.79,0.86,129050.6
BFRG,0.67,4,"[0, 0, 0, 1, 0, 0, 1, 0, 1, 1]",0.83,0.95,1.9,0.46,326251.85
APRE,0.73,1,"[0, 0, 0, 0, 0, 0, 0, 0, 1, 0]",0.85,1.05,2.08,0.59,142941.6
LNAI,2.37,2,"[0, 0, 0, 0, 0, 0, 1, 0, 1, 0]",2.65,7.18,30.48,1.47,145192.55
STFS,10.2,7,"[1, 1, 1, 1, 0, 0, 1, 0, 1, 1]",6.58,5.83,95.2,3.12,239314.8
ATER,1.12,7,"[1, 1, 1, 1, 0, 0, 1, 0, 1, 1]",0.94,0.85,1.66,0.54,363131.05
GTBP,0.43,4,"[1, 0, 0, 0, 0, 0, 1, 0, 1, 1]",0.39,0.61,3.8,0.27,2462749.75
XWEL,1.21,6,"[0, 1, 1, 1, 0, 1, 1, 0, 1, 0]",1.28,0.96,1.7,0.29,118679.1
LHSW,0.14,1,"[0, 0, 0, 0, 0, 0, 0, 0, 1, 0]",0.2,0.98,3.03,0.14,3381356.95
BIVI,1.67,7,"[1, 1, 1, 1, 0, 0, 1, 0, 1, 1]",1.49,1.5,11.9,1.06,116661.55
RVPH,0.67,2,"[0, 0, 0, 0, 0, 0, 1, 0, 1, 0]",0.7,6.27,16.9,0.33,921814.75
YYGH,0.13,1,"[0, 0, 0, 0, 0, 0, 0, 0, 1, 0]",0.95,14.66,169.5,0.13,39423601.1
NOTV,0.11,1,"[0, 0, 0, 0, 0, 0, 0, 0, 1, 0]",0.27,0.74,3.01,0.09,58216745.7
GDC,0.11,1,"[0, 0, 0, 0, 0, 0, 0, 0, 1, 0]",2.04,3.84,9.73,0.1,48258996.0
TDIC,0.5,3,"[0, 0, 0, 1, 0, 0, 1, 0, 1, 0]",1.24,5.24,36.35,0.22,60981019.0
BIAF,1.6,3,"[0, 0, 0, 1, 0, 0, 1, 0, 1, 0]",2.44,2.6,10.95,0.75,210068.05
CODX,5.05,5,"[1, 1, 0, 0, 0, 0, 1, 0, 1, 1]",2.82,6.56,37.8,1.28,16582644.85
ELPW,0.77,1,"[0, 0, 0, 0, 0, 0, 0, 0, 1, 0]",2.41,190.02,5248.0,0.75,1743540.55
ERNA,7.39,3,"[1, 0, 0, 0, 0, 0, 1, 0, 1, 0]",7.17,21.98,71.25,3.74,1238143.0
YMAT,0.77,5,"[1, 1, 0, 0, 0, 0, 1, 0, 1, 1]",0.57,0.81,5.74,0.24,14598319.5
FBGL,0.5,3,"[0, 0, 0, 0, 1, 0, 1, 0, 1, 0]",0.59,0.71,1.38,0.38,192328.0
GLE,0.4,2,"[0, 0, 0, 0, 0, 0, 1, 0, 1, 0]",0.41,0.5,3.6,0.26,802126.7
BNZI,3.43,1,"[0, 0, 0, 0, 0, 0, 0, 0, 1, 0]",8.53,28.68,179.6,3.01,623842.7
AIXI,8.87,9,"[1, 1, 1, 1, 1, 1, 1, 0, 1, 1]",5.21,1.87,15.47,0.1,215834.3
MYSE,1.54,2,"[0, 0, 0, 1, 0, 0, 0, 0, 1, 0]",1.98,2.08,3.81,1.33,117758.05
FMFC,0.39,2,"[0, 0, 0, 0, 0, 0, 1, 0, 1, 0]",0.4,3.02,15.48,0.27,145335.95
LOBO,0.77,7,"[1, 1, 1, 0, 0, 1, 1, 0, 1, 1]",0.63,0.66,1.16,0.36,5402464.15
RMSG,0.77,3,"[0, 0, 0, 1, 0, 0, 1, 0, 1, 0]",1.32,1.61,5.21,0.35,12966096.25
MGRX,0.36,2,"[0, 0, 0, 0, 0, 0, 1, 0, 1, 0]",0.4,1.06,2.74,0.16,540587.45
POLA,1.81,2,"[0, 0, 0, 0, 0, 0, 1, 0, 1, 0]",1.84,2.3,5.27,1.35,170509.65
ANY,3.44,5,"[1, 1, 0, 0, 0, 0, 1, 0, 1, 1]",1.96,3.93,10.5,1.09,8834880.6
SMTK,0.84,5,"[1, 1, 0, 0, 0, 0, 1, 0, 1, 1]",0.29,1.0,2.83,0.17,27330719.55
ONFO,0.43,2,"[0, 0, 0, 1, 0, 0, 0, 0, 1, 0]",0.9,0.86,1.5,0.43,260495.55
CREG,0.3,3,"[0, 0, 0, 0, 0, 0, 1, 0, 1, 1]",0.47,1.08,5.8,0.18,52086033.95
FABC,3.67,5,"[1, 1, 0, 1, 0, 0, 1, 0, 1, 0]",3.53,3.7,8.41,1.78,1365834.2
OLB,0.45,2,"[0, 0, 0, 0, 0, 0, 1, 0, 1, 0]",0.47,0.82,2.24,0.34,265746.5
AEHL,1.1,2,"[0, 0, 0, 0, 0, 0, 1, 0, 1, 0]",1.31,9.37,25.98,0.49,12168254.15
SNYR,0.21,1,"[0, 0, 0, 0, 0, 0, 0, 0, 1, 0]",0.45,1.6,3.97,0.21,6816075.65
BTQ,4.3,5,"[1, 1, 0, 0, 0, 0, 1, 0, 1, 1]",3.24,4.3,14.14,2.15,3609822.55
PBM,3.6,2,"[0, 0, 0, 0, 0, 0, 1, 0, 1, 0]",4.85,51.63,449.22,2.23,115486.55
ENVB,1.75,1,"[0, 0, 0, 0, 0, 0, 0, 0, 1, 0]",2.67,5.09,17.4,1.75,173922.25
SUNE,5.88,9,"[1, 1, 1, 1, 0, 1, 1, 1, 1, 1]",1.58,1.43,5.88,0.78,15955421.05
ALP,0.29,3,"[0, 0, 0, 0, 0, 0, 1, 0, 1, 1]",0.3,2.28,10.91,0.18,45324283.3
GP,1.07,3,"[1, 0, 0, 0, 0, 0, 1, 0, 1, 0]",1.03,1.61,4.5,0.76,155979.15
GSUN,0.41,1,"[0, 0, 0, 0, 0, 0, 0, 0, 1, 0]",0.49,1.4,3.26,0.33,107431.35
RENX,1.67,1,"[0, 0, 0, 0, 0, 0, 0, 0, 1, 0]",2.16,10.61,38.6,1.42,280886.05
WNW,3.24,2,"[0, 0, 0, 0, 0, 0, 1, 0, 1, 0]",4.01,120.61,280.4,2.41,3558658.85
GOVX,1.34,1,"[0, 0, 0, 0, 0, 0, 0, 0, 1, 0]",1.59,7.06,33.0,1.05,14832446.35
JTAI,7.9,3,"[0, 0, 0, 0, 0, 0, 1, 0, 1, 1]",8.21,237.79,804.0,5.71,194775.5
NCI,10.76,5,"[1, 0, 0, 0, 1, 0, 1, 0, 1, 1]",9.42,17.33,96.0,3.95,784794.6
SOBR,0.85,2,"[0, 0, 0, 0, 0, 0, 1, 0, 1, 0]",0.95,1.85,4.74,0.5,860056.85
BYAH,2.65,4,"[1, 0, 0, 0, 0, 0, 1, 0, 1, 1]",1.17,9.74,2050.5,1.0,1065371.25
MNDR,0.71,1,"[0, 0, 0, 0, 0, 0, 0, 0, 1, 0]",0.88,1.86,6.95,0.7,174541.5
NCRA,0.13,1,"[0, 0, 0, 0, 0, 0, 0, 0, 1, 0]",0.21,0.82,1.97,0.13,28283722.3
CNEY,0.9,4,"[1, 0, 0, 0, 0, 0, 1, 0, 1, 1]",0.82,1.24,2.94,0.37,2144296.7
PMAX,2.0,1,"[0, 0, 0, 0, 0, 0, 0, 0, 1, 0]",2.81,17.28,41.04,1.99,370556.9
GLMD,0.47,1,"[0, 0, 0, 0, 0, 0, 0, 0, 1, 0]",0.63,0.93,2.33,0.47,1211065.25
OCG,1.8,1,"[0, 0, 0, 0, 0, 0, 0, 0, 1, 0]",1.92,888.09,6589.92,1.65,1980010.3
SHPH,0.48,1,"[0, 0, 0, 0, 0, 0, 0, 0, 1, 0]",0.73,1.92,5.57,0.45,1536521.7
LMFA,0.23,1,"[0, 0, 0, 0, 0, 0, 0, 0, 1, 0]",0.25,0.65,4.93,0.22,652816.7
VIVK,0.63,1,"[0, 0, 0, 0, 0, 0, 0, 0, 1, 0]",1.9,27.99,220.5,0.63,1909817.1
UCAR,1.35,2,"[0, 0, 0, 0, 0, 0, 1, 0, 1, 0]",1.4,12.86,45.1,0.38,1062580.15
IVDA,0.29,1,"[0, 0, 0, 0, 0, 0, 0, 0, 1, 0]",0.3,0.8,2.47,0.25,453897.3
MASK,3.15,3,"[1, 0, 0, 0, 0, 0, 1, 0, 1, 0]",2.19,7.82,92.75,1.24,10958856.85
AEMD,2.03,1,"[0, 0, 0, 0, 0, 0, 0, 0, 1, 0]",2.24,4.17,23.0,1.65,1634860.0
VRAX,0.21,4,"[1, 0, 0, 0, 0, 0, 1, 0, 1, 1]",0.17,0.37,1.11,0.1,53853572.9
SGLY,0.35,1,"[0, 0, 0, 0, 0, 0, 0, 0, 1, 0]",0.43,0.63,1.39,0.35,114639.8
ORKT,1.24,6,"[1, 1, 0, 1, 0, 0, 1, 0, 1, 1]",1.07,1.34,3.2,0.67,163753.85
VBIO,0.76,1,"[0, 0, 0, 0, 0, 0, 0, 0, 1, 0]",0.96,1.69,4.38,0.64,115067.9
MGN,0.14,2,"[0, 0, 0, 0, 1, 0, 0, 0, 1, 0]",0.18,0.14,4.85,0.14,7042343.1
BIYA,0.81,2,"[0, 0, 0, 0, 0, 0, 1, 0, 1, 0]",1.13,5.91,99.25,0.62,9017424.75
HCWB,1.45,5,"[1, 1, 0, 0, 0, 0, 1, 0, 1, 1]",0.86,2.0,6.02,0.27,36767308.9
JDZG,50.0,4,"[1, 0, 0, 0, 0, 0, 1, 0, 1, 1]",23.46,259.37,952.5,10.8,181177.0
NVVE,0.33,1,"[0, 0, 0, 0, 0, 0, 0, 0, 1, 0]",0.45,4.82,60.4,0.29,304983.6
GV,0.25,3,"[0, 0, 0, 0, 0, 0, 1, 0, 1, 1]",0.25,1.07,2.8,0.16,3782877.4
ASBP,6.65,6,"[1, 1, 1, 0, 0, 0, 1, 0, 1, 1]",2.62,6.45,23.6,0.16,423293.95
SDOT,20.53,4,"[1, 0, 0, 0, 0, 0, 1, 0, 1, 1]",17.86,68.5,386.0,2.73,3727189.9
ICON,1.09,2,"[0, 0, 0, 0, 0, 0, 1, 0, 1, 0]",1.17,4.28,16.3,0.81,112136.75
BTX,8.74,10,"[1, 1, 1, 1, 1, 1, 1, 1, 1, 1]",7.94,6.82,9.34,5.93,790635.3
NVDA,208.19,9,"[1, 1, 1, 1, 1, 1, 1, 1, 1, 0]",204.79,188.68,235.47,141.78,178870745.4
GOOGL,364.26,7,"[1, 1, 1, 1, 1, 1, 0, 0, 1, 0]",357.74,305.29,,,31603565.35
GOOG,362.29,7,"[1, 1, 1, 1, 1, 1, 0, 0, 1, 0]",355.02,304.9,,,22668624.85
AAPL,290.55,9,"[1, 1, 1, 1, 1, 1, 1, 1, 1, 0]",282.9,265.48,315.2,194.87,50458533.4
AMZN,244.19,7,"[0, 1, 1, 1, 1, 1, 0, 1, 1, 0]",252.81,232.35,274.99,198.79,40393553.0
AVGO,392.16,8,"[0, 1, 1, 1, 1, 1, 1, 1, 1, 0]",401.98,355.98,481.57,242.66,29239494.5
TSM,427.92,10,"[1, 1, 1, 1, 1, 1, 1, 1, 1, 1]",393.07,327.34,446.69,207.7,13031397.15
TSLA,396.68,5,"[0, 0, 0, 0, 1, 1, 1, 1, 1, 0]",396.72,414.95,489.88,293.94,48150850.35
WMT,118.88,6,"[0, 0, 1, 1, 1, 1, 0, 1, 1, 0]",125.67,115.21,134.2,93.47,26042772.85
LLY,1144.68,9,"[1, 1, 1, 0, 1, 1, 1, 1, 1, 1]",982.33,949.25,1149.15,621.26,3250300.75
MU,935.89,10,"[1, 1, 1, 1, 1, 1, 1, 1, 1, 1]",640.81,368.98,1079.57,104.73,56033345.55
AMD,475.51,10,"[1, 1, 1, 1, 1, 1, 1, 1, 1, 1]",369.92,249.16,542.52,116.16,32189527.75
INTC,107.92,9,"[1, 1, 1, 1, 1, 1, 1, 1, 1, 0]",91.38,52.13,129.44,19.31,127170547.85
XOM,148.91,9,"[0, 1, 1, 1, 1, 1, 1, 1, 1, 1]",152.38,131.86,170.31,102.56,16380176.4
ASML,1777.77,10,"[1, 1, 1, 1, 1, 1, 1, 1, 1, 1]",1504.66,1225.69,1777.77,686.0,1710147.8
ORCL,205.81,7,"[1, 1, 1, 1, 0, 0, 1, 0, 1, 1]",182.15,205.56,325.76,136.0,21851306.35
JNJ,237.0,10,"[1, 1, 1, 1, 1, 1, 1, 1, 1, 1]",230.21,211.47,247.14,146.14,7896885.95
CAT,914.7,9,"[1, 1, 1, 1, 1, 1, 1, 1, 1, 0]",843.65,651.09,940.48,353.23,2653214.4
CSCO,120.36,10,"[1, 1, 1, 1, 1, 1, 1, 1, 1, 1]",99.37,80.3,130.0,62.65,30345768.6
LRCX,327.16,10,"[1, 1, 1, 1, 1, 1, 1, 1, 1, 1]",277.62,200.52,343.71,88.87,9357024.25
CVX,186.76,9,"[0, 1, 1, 1, 1, 1, 1, 1, 1, 1]",188.45,168.14,209.23,137.43,9008164.5
AMAT,499.21,10,"[1, 1, 1, 1, 1, 1, 1, 1, 1, 1]",414.88,302.94,501.7,155.56,8587983.25
UNH,413.0,9,"[1, 1, 1, 1, 0, 1, 1, 1, 1, 1]",355.43,327.36,413.0,232.89,7320942.4
BABA,119.7,2,"[0, 0, 0, 0, 0, 1, 0, 0, 1, 0]",130.94,149.73,189.34,103.83,12945924.55
GE,330.44,9,"[1, 1, 1, 0, 1, 1, 1, 1, 1, 1]",300.15,302.5,345.24,234.51,4837550.1
HSBC,89.34,8,"[0, 1, 1, 1, 1, 1, 1, 1, 1, 0]",89.83,77.62,95.21,55.7,1740047.9
MS,210.25,10,"[1, 1, 1, 1, 1, 1, 1, 1, 1, 1]",190.64,171.66,218.27,126.44,5840605.75
AZN,183.43,8,"[0, 0, 1, 1, 1, 1, 1, 1, 1, 1]",190.17,180.65,208.62,135.08,1866455.65
GEV,920.15,8,"[0, 1, 1, 1, 1, 1, 1, 1, 1, 0]",1010.18,759.34,1149.53,464.29,2447619.75
GS,1032.01,10,"[1, 1, 1, 1, 1, 1, 1, 1, 1, 1]",941.38,857.45,1092.61,601.43,2250207.65
MRK,119.6,10,"[1, 1, 1, 1, 1, 1, 1, 1, 1, 1]",116.19,103.41,123.18,76.14,10113784.15
NVS,149.12,9,"[0, 1, 1, 1, 1, 1, 1, 1, 1, 1]",149.24,138.61,163.64,110.15,1584559.6
TXN,288.63,9,"[1, 1, 1, 1, 1, 1, 1, 1, 1, 0]",266.14,204.95,324.89,151.57,8129110.15
RY,197.89,10,"[1, 1, 1, 1, 1, 1, 1, 1, 1, 1]",179.54,162.22,197.89,125.26,1188954.2
KLAC,2139.37,10,"[1, 1, 1, 1, 1, 1, 1, 1, 1, 1]",1808.55,1386.66,2139.37,840.32,1034231.2
RTX,181.56,7,"[0, 0, 1, 0, 1, 1, 1, 1, 1, 1]",182.46,180.24,211.28,136.35,5621712.65
SNDK,1646.54,10,"[1, 1, 1, 1, 1, 1, 1, 1, 1, 1]",1221.27,546.24,1831.5,40.23,11626260.7
QCOM,205.42,9,"[1, 1, 1, 1, 1, 1, 1, 1, 1, 0]",178.98,163.36,250.1,123.61,24177679.35
ARM,324.86,10,"[1, 1, 1, 1, 1, 1, 1, 1, 1, 1]",231.26,159.19,411.83,104.55,12524700.75
C,134.73,10,"[1, 1, 1, 1, 1, 1, 1, 1, 1, 1]",125.84,110.86,135.15,74.67,10127553.9
BHP,84.73,9,"[1, 1, 1, 1, 1, 1, 1, 1, 1, 0]",81.74,66.05,93.15,45.25,2891663.0
ADI,404.62,9,"[1, 1, 1, 1, 1, 1, 1, 1, 1, 0]",386.8,303.1,437.67,217.76,5223938.25
NVO,42.19,2,"[1, 0, 0, 0, 0, 0, 0, 0, 1, 0]",41.97,47.25,77.31,34.76,13133673.15
MUFG,19.83,10,"[1, 1, 1, 1, 1, 1, 1, 1, 1, 1]",18.36,16.91,20.05,13.29,3402778.15
TTE,88.48,8,"[0, 1, 1, 1, 1, 1, 1, 1, 1, 0]",90.4,72.48,93.6,55.92,1157045.05
NEE,84.83,6,"[0, 0, 1, 1, 1, 1, 0, 1, 1, 0]",90.96,84.24,97.17,67.47,13853674.0
BA,214.51,3,"[0, 0, 0, 1, 0, 0, 0, 1, 1, 0]",222.06,219.04,252.15,179.12,7386218.65
TD,114.64,10,"[1, 1, 1, 1, 1, 1, 1, 1, 1, 1]",106.07,91.46,114.64,68.99,2093446.95
SAN,12.27,10,"[1, 1, 1, 1, 1, 1, 1, 1, 1, 1]",12.02,11.17,13.05,7.81,8775817.8
RIO,101.42,8,"[0, 1, 1, 1, 1, 1, 1, 1, 1, 0]",101.57,82.45,112.04,53.08,2594448.35
ANET,152.16,8,"[0, 1, 1, 1, 0, 1, 1, 1, 1, 1]",153.58,141.17,177.73,86.25,10199047.5
STX,846.01,10,"[1, 1, 1, 1, 1, 1, 1, 1, 1, 1]",685.25,392.94,940.69,124.47,3179500.95
DELL,381.78,10,"[1, 1, 1, 1, 1, 1, 1, 1, 1, 1]",250.37,163.38,465.96,107.92,11874249.3
PANW,260.52,9,"[1, 1, 1, 1, 0, 1, 1, 1, 1, 1]",208.33,192.93,300.48,141.67,9924814.55
WDC,517.72,10,"[1, 1, 1, 1, 1, 1, 1, 1, 1, 1]",433.77,246.88,593.96,55.52,6604548.6
GILD,125.5,5,"[0, 0, 0, 1, 1, 1, 0, 1, 1, 0]",133.83,128.15,154.92,103.92,7637721.5
GLW,173.94,8,"[0, 1, 1, 1, 1, 1, 1, 1, 1, 0]",174.08,116.27,207.96,49.06,13845552.6
BUD,81.02,10,"[1, 1, 1, 1, 1, 1, 1, 1, 1, 1]",76.55,67.72,83.96,56.26,1660567.75
APP,520.84,5,"[1, 0, 0, 0, 0, 1, 1, 0, 1, 1]",478.01,541.32,733.6,324.7,4789374.5
APH,154.07,9,"[1, 1, 1, 0, 1, 1, 1, 1, 1, 1]",138.53,134.6,165.92,91.84,11180658.1
DE,577.33,9,"[1, 1, 1, 1, 1, 1, 1, 1, 1, 0]",573.76,522.13,660.56,436.32,1560868.95
SCCO,175.17,8,"[0, 1, 1, 1, 1, 1, 1, 1, 1, 0]",180.61,154.49,215.55,85.21,1340758.9
WELL,206.77,8,"[0, 1, 1, 1, 1, 1, 1, 1, 1, 0]",208.93,192.02,220.14,147.96,3911808.75
MRVL,266.88,10,"[1, 1, 1, 1, 1, 1, 1, 1, 1, 1]",172.6,105.49,316.43,62.19,51667840.3
IBKR,86.33,10,"[1, 1, 1, 1, 1, 1, 1, 1, 1, 1]",80.08,71.03,88.72,50.3,5677892.95
COP,116.79,9,"[0, 1, 1, 1, 1, 1, 1, 1, 1, 1]",120.9,103.21,132.81,83.6,6265113.1
PLD,147.52,10,"[1, 1, 1, 1, 1, 1, 1, 1, 1, 1]",140.98,128.72,147.52,101.55,3475133.3
UBS,47.86,10,"[1, 1, 1, 1, 1, 1, 1, 1, 1, 1]",43.81,41.29,48.16,29.65,2287818.35
SMFG,23.07,10,"[1, 1, 1, 1, 1, 1, 1, 1, 1, 1]",21.58,19.41,23.81,14.53,2126777.3
CRWD,644.93,10,"[1, 1, 1, 1, 1, 1, 1, 1, 1, 1]",526.53,480.39,782.17,350.25,3915766.55
VRT,289.52,8,"[0, 1, 1, 1, 1, 1, 1, 1, 1, 0]",314.81,217.64,376.23,108.34,6077383.4
BTI,59.95,8,"[0, 1, 1, 1, 1, 1, 1, 1, 1, 0]",60.05,56.39,66.7,44.77,4210125.55
BBVA,22.53,10,"[1, 1, 1, 1, 1, 1, 1, 1, 1, 1]",22.28,21.06,25.32,14.03,1512149.75
NEM,98.54,6,"[0, 0, 0, 1, 1, 1, 1, 1, 1, 0]",111.34,101.02,131.38,52.01,7607710.75
PBR,17.82,8,"[0, 1, 1, 1, 1, 1, 1, 1, 1, 0]",20.11,15.17,21.86,11.22,15953247.0
PBR-A,15.9,8,"[0, 1, 1, 1, 1, 1, 1, 1, 1, 0]",18.16,14.0,19.73,10.62,9960882.9
SBUX,97.41,7,"[0, 1, 1, 1, 1, 1, 0, 1, 1, 0]",99.49,90.44,106.82,76.95,7940349.15
CVS,97.06,10,"[1, 1, 1, 1, 1, 1, 1, 1, 1, 1]",84.9,78.23,98.11,57.3,8098159.7
BMY,56.48,9,"[0, 1, 1, 1, 1, 1, 1, 1, 1, 1]",57.87,52.54,61.73,41.67,11267369.6
BP,42.67,8,"[0, 1, 1, 1, 1, 1, 1, 1, 1, 0]",44.82,37.86,47.09,28.3,8300304.15
PWR,691.95,9,"[1, 1, 1, 1, 1, 1, 1, 1, 1, 0]",671.46,512.16,785.24,348.42,1117586.75
PH,905.53,7,"[0, 0, 1, 0, 1, 1, 1, 1, 1, 1]",905.68,867.49,1020.71,646.59,827718.1
HWM,257.16,9,"[1, 1, 1, 1, 1, 1, 1, 1, 1, 0]",251.47,219.98,273.58,168.24,2423040.5
BMO,165.22,10,"[1, 1, 1, 1, 1, 1, 1, 1, 1, 1]",151.76,135.67,165.38,103.16,780093.1
EQIX,1059.84,8,"[0, 1, 1, 1, 1, 1, 1, 1, 1, 0]",1060.27,875.87,1109.8,718.6,536591.0
MFG,9.57,10,"[1, 1, 1, 1, 1, 1, 1, 1, 1, 1]",8.72,7.77,10.09,5.42,3660723.5
TT,470.76,8,"[1, 1, 1, 1, 1, 1, 0, 1, 1, 0]",461.88,427.39,491.42,374.67,1349453.4
CM,110.75,9,"[1, 1, 1, 1, 1, 1, 1, 1, 1, 0]",107.99,92.75,115.78,66.72,1010476.75
CDNS,390.9,9,"[1, 1, 1, 1, 0, 1, 1, 1, 1, 1]",338.57,324.92,416.39,265.66,2441391.7
GSK,51.25,8,"[0, 0, 1, 1, 1, 1, 1, 1, 1, 1]",52.89,48.9,60.14,34.89,3694834.1
SNPS,465.27,4,"[0, 1, 1, 1, 0, 0, 0, 0, 1, 0]",470.99,464.57,645.35,380.47,2021047.0
AEM,159.93,5,"[0, 0, 0, 1, 1, 1, 1, 0, 1, 0]",191.92,183.19,251.57,115.04,2273831.2
HCA,374.9,3,"[0, 0, 0, 0, 1, 1, 0, 0, 1, 0]",435.01,460.48,544.32,332.73,1737794.15
BNS,81.7,10,"[1, 1, 1, 1, 1, 1, 1, 1, 1, 1]",76.44,71.09,81.7,53.07,2312158.15
CMI,669.23,9,"[1, 1, 1, 1, 1, 1, 1, 1, 1, 0]",642.55,530.01,714.21,309.31,977544.7
MAR,393.61,10,"[1, 1, 1, 1, 1, 1, 1, 1, 1, 1]",361.03,313.65,393.61,252.75,1394817.95
CNQ,44.81,8,"[0, 1, 1, 1, 1, 1, 1, 1, 1, 0]",46.59,38.13,50.09,29.05,6588232.65
EQNR,36.59,8,"[0, 1, 1, 1, 1, 1, 1, 1, 1, 0]",38.41,28.74,41.97,21.89,3458669.5
ITUB,7.53,6,"[0, 0, 0, 1, 1, 1, 1, 1, 1, 0]",8.37,7.57,9.47,5.55,21885030.25
FDX,331.76,10,"[1, 1, 1, 1, 1, 1, 1, 1, 1, 1]",309.61,251.58,338.49,172.24,1959743.6
BK,141.78,10,"[1, 1, 1, 1, 1, 1, 1, 1, 1, 1]",133.1,117.36,144.02,86.97,3557803.6
FCX,64.25,9,"[1, 1, 1, 1, 1, 1, 1, 1, 1, 0]",63.55,53.32,71.72,35.05,12827743.85
USB,56.02,10,"[1, 1, 1, 1, 1, 1, 1, 1, 1, 1]",54.95,51.67,60.07,40.95,7908910.65
JCI,147.75,10,"[1, 1, 1, 1, 1, 1, 1, 1, 1, 1]",140.04,124.12,147.75,101.29,3894786.65
ING,29.27,9,"[1, 1, 1, 1, 1, 1, 1, 1, 1, 0]",28.84,26.55,31.32,19.79,2816413.15
FTNT,138.39,10,"[1, 1, 1, 1, 1, 1, 1, 1, 1, 1]",105.22,87.56,149.67,74.39,6278727.15
MNST,90.15,10,"[1, 1, 1, 1, 1, 1, 1, 1, 1, 1]",80.83,75.1,90.15,58.65,5473973.75
CSX,47.28,10,"[1, 1, 1, 1, 1, 1, 1, 1, 1, 1]",44.37,38.36,47.28,31.61,13147080.1
AMX,25.27,8,"[0, 1, 1, 1, 1, 1, 1, 1, 1, 0]",26.17,23.02,27.42,16.73,1330160.2
ELV,424.43,10,"[1, 1, 1, 1, 1, 1, 1, 1, 1, 1]",361.04,336.16,424.43,270.1,1747524.8
BCS,24.32,9,"[1, 1, 1, 0, 1, 1, 1, 1, 1, 1]",23.4,22.76,27.19,17.03,5189565.35
SLB,55.85,10,"[1, 1, 1, 1, 1, 1, 1, 1, 1, 1]",54.21,43.81,58.01,31.12,13025756.25
MPWR,1531.98,9,"[1, 1, 1, 1, 1, 1, 1, 1, 1, 0]",1490.68,1118.26,1689.89,667.93,725827.3
LYG,5.34,9,"[1, 1, 1, 1, 1, 1, 1, 1, 1, 0]",5.33,5.02,6.1,3.87,20805662.25
E,53.56,8,"[0, 1, 1, 1, 1, 1, 1, 1, 1, 0]",54.38,42.56,56.97,30.36,327749.4
CIEN,439.34,7,"[0, 1, 1, 1, 1, 1, 1, 0, 1, 0]",519.36,297.87,627.0,72.16,2940778.25
APO,132.7,7,"[1, 1, 1, 0, 0, 0, 1, 1, 1, 1]",123.77,127.74,153.59,99.88,3242394.95
CRH,103.7,4,"[0, 0, 0, 0, 1, 1, 0, 1, 1, 0]",109.69,114.99,130.44,87.52,4929370.4
SU,61.2,8,"[0, 1, 1, 1, 1, 1, 1, 1, 1, 0]",64.82,51.07,69.27,36.92,3859432.75
REGN,616.18,4,"[0, 0, 0, 0, 1, 1, 0, 1, 1, 0]",700.99,694.37,810.08,506.09,1228547.8
NXPI,297.41,9,"[1, 1, 1, 1, 1, 1, 1, 1, 1, 0]",265.9,230.15,332.67,182.42,3880003.15
BE,259.61,9,"[1, 1, 1, 1, 1, 1, 1, 1, 1, 0]",241.88,146.3,307.88,21.34,10133502.3
ROST,229.45,10,"[1, 1, 1, 1, 1, 1, 1, 1, 1, 1]",223.65,187.64,234.81,125.73,3598824.1
B,39.15,4,"[0, 0, 0, 0, 1, 1, 1, 0, 1, 0]",41.36,39.67,52.32,19.59,13191842.65
HLT,342.57,10,"[1, 1, 1, 1, 1, 1, 1, 1, 1, 1]",323.65,293.88,343.1,243.38,1522930.0
ASX,35.08,9,"[1, 1, 1, 1, 1, 1, 1, 1, 1, 0]",31.36,20.06,40.6,9.5,10495021.1
NOK,13.85,9,"[1, 1, 1, 1, 1, 1, 1, 1, 1, 0]",12.41,7.86,16.85,4.05,127342320.05
VLO,253.78,10,"[1, 1, 1, 1, 1, 1, 1, 1, 1, 1]",244.19,195.69,261.45,128.64,2831782.5
MPC,258.15,10,"[1, 1, 1, 1, 1, 1, 1, 1, 1, 1]",242.73,203.01,267.21,155.55,2357729.9
GM,83.76,10,"[1, 1, 1, 1, 1, 1, 1, 1, 1, 1]",77.88,73.21,85.99,47.65,8093700.55
AEP,127.76,8,"[0, 1, 1, 1, 1, 1, 1, 1, 1, 0]",131.04,120.76,136.16,98.09,5472464.75
DDOG,227.34,10,"[1, 1, 1, 1, 1, 1, 1, 1, 1, 1]",170.39,148.06,277.49,102.61,6165501.25
LITE,821.76,8,"[0, 1, 1, 1, 1, 1, 1, 1, 1, 0]",889.89,485.84,1053.09,81.96,6140258.4
VALE,15.14,8,"[0, 1, 1, 1, 1, 1, 1, 1, 1, 0]",16.52,13.82,17.82,8.32,24100311.1
NSC,312.32,9,"[1, 1, 1, 1, 1, 1, 0, 1, 1, 1]",306.53,293.06,325.68,244.07,1210245.55
HOOD,83.77,3,"[1, 0, 0, 0, 0, 0, 0, 0, 1, 1]",78.9,103.08,152.46,65.16,26882045.75
NET,236.13,9,"[1, 1, 1, 1, 0, 1, 1, 1, 1, 1]",215.04,206.64,272.66,160.19,4155629.0
PSX,179.0,10,"[1, 1, 1, 1, 1, 1, 1, 1, 1, 1]",171.73,148.07,186.92,114.45,2202233.1
FIX,1831.56,9,"[1, 1, 1, 1, 1, 1, 1, 1, 1, 0]",1763.89,1211.14,2041.56,486.62,428490.15
DLR,184.93,7,"[0, 1, 1, 1, 1, 1, 0, 1, 1, 0]",191.84,172.34,203.91,146.93,2056749.6
WBD,26.56,7,"[0, 0, 1, 1, 1, 1, 1, 1, 1, 0]",27.15,24.64,29.98,10.01,21218689.55
TRP,68.17,10,"[1, 1, 1, 1, 1, 1, 1, 1, 1, 1]",65.23,57.79,70.91,45.92,2157631.8
MFC,38.86,9,"[1, 1, 1, 1, 1, 1, 1, 1, 1, 0]",37.77,34.67,39.66,29.33,2833274.65
SPG,211.89,8,"[1, 1, 1, 1, 1, 1, 0, 0, 1, 1]",201.41,186.91,,,1717822.35
COHR,355.94,9,"[1, 1, 1, 1, 1, 1, 1, 1, 1, 0]",338.95,213.74,426.89,77.37,5963869.2
MSTR,117.02,1,"[0, 0, 0, 0, 0, 0, 0, 0, 1, 0]",154.98,199.67,455.9,106.99,18215136.05
BKR,63.55,8,"[0, 1, 1, 1, 1, 1, 1, 1, 1, 0]",64.09,54.24,69.44,36.94,7517352.85
WPM,112.58,5,"[0, 0, 0, 1, 1, 1, 1, 0, 1, 0]",133.51,122.57,165.21,86.45,1767438.15
CRWV,98.45,4,"[0, 1, 0, 1, 0, 0, 1, 0, 1, 0]",107.65,100.02,183.58,64.55,28590849.85
KEYS,331.43,8,"[0, 1, 1, 1, 1, 1, 1, 1, 1, 0]",336.09,240.07,366.68,158.19,1931821.4
CVNA,69.61,2,"[0, 0, 0, 0, 1, 0, 0, 0, 1, 0]",71.62,73.76,95.69,56.26,10164119.25
RKLB,108.23,8,"[1, 1, 1, 1, 1, 1, 1, 0, 1, 0]",98.04,71.69,150.23,25.41,26906567.3
TEL,210.91,6,"[0, 0, 0, 0, 1, 1, 1, 1, 1, 1]",213.84,220.21,247.28,160.93,2770233.95
URI,1094.17,9,"[1, 1, 1, 1, 0, 1, 1, 1, 1, 1]",902.78,877.37,1094.17,682.65,508037.85
GWW,1329.8,10,"[1, 1, 1, 1, 1, 1, 1, 1, 1, 1]",1195.57,1062.82,1329.8,914.6,261860.65
TGT,126.61,10,"[1, 1, 1, 1, 1, 1, 1, 1, 1, 1]",124.2,104.49,130.86,82.06,5763502.9
TER,369.21,10,"[1, 1, 1, 1, 1, 1, 1, 1, 1, 1]",359.49,243.25,417.92,82.87,3698507.25
LHX,308.17,6,"[0, 0, 0, 1, 1, 1, 0, 1, 1, 1]",323.04,312.31,375.64,240.88,1079539.1
CARR,71.24,8,"[1, 1, 1, 1, 0, 0, 1, 1, 1, 1]",63.07,59.17,79.79,49.97,6586155.35
CTVA,75.01,7,"[0, 1, 1, 1, 1, 1, 0, 1, 1, 0]",80.65,72.36,85.26,60.56,3338663.55
AU,84.43,5,"[0, 0, 0, 1, 1, 1, 1, 0, 1, 0]",96.74,86.0,124.62,41.58,2353315.65
OKE,87.79,9,"[1, 1, 1, 1, 1, 1, 1, 1, 1, 0]",87.78,77.25,95.24,62.69,3543602.35
MCHP,91.47,9,"[1, 1, 1, 1, 1, 1, 1, 1, 1, 0]",86.42,70.8,102.41,48.06,11329500.9
MCHPP,77.08,9,"[1, 1, 1, 1, 1, 1, 1, 1, 1, 0]",73.44,62.26,85.72,45.73,247613.9
CVE,27.65,8,"[0, 1, 1, 1, 1, 1, 1, 1, 1, 0]",28.0,21.01,31.8,13.52,7652684.15
AME,229.8,9,"[1, 1, 1, 1, 1, 1, 1, 1, 1, 0]",228.6,209.99,241.38,174.71,1170925.9
TRGP,264.17,10,"[1, 1, 1, 1, 1, 1, 1, 1, 1, 1]",253.27,201.85,276.75,143.89,1126296.25
COIN,155.5,1,"[0, 0, 0, 0, 0, 0, 0, 0, 1, 0]",186.48,243.22,419.78,141.09,9644736.95
FANG,194.24,8,"[0, 1, 1, 1, 1, 1, 1, 1, 1, 0]",195.7,163.67,212.52,132.09,2264615.9
OXY,56.55,9,"[0, 1, 1, 1, 1, 1, 1, 1, 1, 1]",58.31,48.65,66.24,38.74,10842197.45
DVN,44.07,8,"[0, 1, 1, 1, 1, 1, 1, 1, 1, 0]",47.41,40.1,52.07,31.17,13532617.25
FLEX,147.21,10,"[1, 1, 1, 1, 1, 1, 1, 1, 1, 1]",110.59,73.87,161.94,43.13,6073264.3
ABEV,3.12,9,"[1, 1, 1, 1, 1, 1, 1, 1, 1, 0]",3.1,2.69,3.43,2.11,27865996.1
NUE,254.32,10,"[1, 1, 1, 1, 1, 1, 1, 1, 1, 1]",218.16,172.59,262.28,115.38,1428844.5
STM,73.32,10,"[1, 1, 1, 1, 1, 1, 1, 1, 1, 1]",54.86,34.72,79.71,21.07,13238858.45
BIDU,121.11,4,"[0, 0, 0, 0, 1, 1, 1, 0, 1, 0]",126.59,126.99,162.52,83.62,2952050.25
ETR,109.66,8,"[0, 1, 1, 1, 1, 1, 1, 1, 1, 0]",112.37,99.15,117.36,78.9,3663568.95
UI,563.78,5,"[0, 0, 0, 1, 1, 1, 1, 0, 1, 0]",808.17,682.6,1083.11,368.59,145943.3
CCJ,102.27,7,"[0, 0, 1, 1, 1, 1, 1, 1, 1, 0]",114.1,101.97,134.09,63.71,3147247.6
FER,65.81,7,"[0, 0, 1, 1, 1, 1, 1, 1, 1, 0]",67.98,64.53,73.66,49.27,1595166.2
ROK,460.47,10,"[1, 1, 1, 1, 1, 1, 1, 1, 1, 1]",421.78,387.06,463.41,313.42,689758.7
EA,202.48,10,"[1, 1, 1, 1, 1, 1, 1, 1, 1, 1]",202.08,197.82,204.4,146.58,1943663.55
ARGX,884.0,9,"[1, 1, 1, 0, 1, 1, 1, 1, 1, 1]",803.38,804.73,929.61,537.92,316438.6
DAL,81.17,10,"[1, 1, 1, 1, 1, 1, 1, 1, 1, 1]",71.89,65.66,82.49,46.48,6995813.35
EBAY,108.66,10,"[1, 1, 1, 1, 1, 1, 1, 1, 1, 1]",105.23,92.45,118.63,72.75,5107199.2
FERG,235.44,5,"[0, 0, 0, 1, 1, 1, 0, 1, 1, 0]",241.98,238.01,266.68,207.74,1446973.9
MT,66.31,10,"[1, 1, 1, 1, 1, 1, 1, 1, 1, 1]",61.53,49.4,71.65,29.63,2324096.85
WAB,265.77,9,"[1, 1, 1, 1, 1, 1, 1, 1, 1, 0]",261.77,228.1,270.61,184.98,936498.2
FNV,212.16,6,"[0, 0, 0, 1, 1, 1, 1, 1, 1, 0]",238.45,224.32,280.36,154.14,810107.9
FITB,52.71,10,"[1, 1, 1, 1, 1, 1, 1, 1, 1, 1]",49.43,46.62,54.59,36.66,6993168.7
XYZ,68.29,6,"[0, 1, 1, 1, 0, 0, 1, 1, 1, 0]",68.94,67.56,81.11,49.09,6012422.3
NBIS,220.12,10,"[1, 1, 1, 1, 1, 1, 1, 1, 1, 1]",177.25,118.68,264.51,44.3,19102261.45
RKT,13.18,1,"[0, 0, 0, 0, 0, 0, 0, 0, 1, 0]",14.49,17.41,23.44,12.35,23958727.55
VTR,82.47,8,"[0, 1, 1, 1, 1, 1, 1, 1, 1, 0]",85.08,78.15,90.35,60.78,4049454.1
CLS,371.86,8,"[0, 1, 1, 1, 1, 1, 1, 1, 1, 0]",372.55,306.8,472.4,121.51,2355260.8
CAH,212.67,9,"[1, 1, 1, 0, 1, 1, 1, 1, 1, 1]",202.12,194.04,229.32,144.85,2237545.75
TEVA,34.45,9,"[1, 1, 1, 1, 1, 1, 1, 1, 1, 0]",33.13,28.23,36.34,15.38,5761062.7
HPE,48.27,10,"[1, 1, 1, 1, 1, 1, 1, 1, 1, 1]",32.52,25.24,56.15,17.21,38601252.8
STT,163.25,10,"[1, 1, 1, 1, 1, 1, 1, 1, 1, 1]",148.85,127.57,163.25,93.52,1777964.25
ODFL,248.73,10,"[1, 1, 1, 1, 1, 1, 1, 1, 1, 1]",211.82,173.17,248.73,125.7,1893156.65
GFS,75.26,10,"[1, 1, 1, 1, 1, 1, 1, 1, 1, 1]",65.3,45.23,89.96,31.62,6501402.2
WDS,21.72,8,"[0, 1, 1, 1, 1, 1, 1, 1, 1, 0]",22.91,18.4,24.78,13.89,657301.7
EME,827.78,8,"[0, 1, 1, 1, 1, 1, 1, 1, 1, 0]",845.43,717.8,943.75,465.04,356798.9
ON,117.0,10,"[1, 1, 1, 1, 1, 1, 1, 1, 1, 1]",97.92,66.17,133.93,44.9,12203572.05
GFI,35.49,4,"[0, 0, 0, 0, 1, 1, 1, 0, 1, 0]",43.46,43.25,59.77,22.22,3277814.85
ERIC,11.86,8,"[0, 1, 1, 1, 1, 1, 1, 1, 1, 0]",12.16,10.22,13.74,6.97,10484482.15
KB,102.25,8,"[0, 1, 1, 1, 1, 1, 1, 1, 1, 0]",105.64,94.0,118.21,77.06,229264.8
PUK,24.98,5,"[0, 0, 0, 1, 1, 1, 0, 1, 1, 0]",29.88,29.14,33.17,23.34,1272878.5
IRM,126.14,9,"[1, 1, 1, 1, 1, 1, 1, 1, 1, 0]",120.04,101.36,132.06,78.22,1334696.8
LYV,162.66,7,"[1, 1, 1, 1, 0, 1, 0, 1, 1, 0]",161.27,153.45,174.06,125.61,2249065.85
KGC,25.27,5,"[0, 0, 0, 1, 1, 1, 1, 0, 1, 0]",30.52,28.61,37.97,14.75,7387942.7
JBL,362.38,9,"[1, 1, 1, 1, 1, 1, 1, 1, 1, 0]",333.78,254.75,380.25,175.61,1174414.0
ADM,80.12,10,"[1, 1, 1, 1, 1, 1, 1, 1, 1, 1]",75.27,65.4,84.11,47.18,3614097.35
VOD,14.67,8,"[0, 1, 1, 1, 1, 1, 1, 1, 1, 0]",15.09,13.27,16.02,9.42,3363320.35
BBD,3.33,5,"[0, 0, 0, 1, 1, 1, 0, 1, 1, 0]",3.71,3.51,4.2,2.69,27536181.85
VIK,90.31,10,"[1, 1, 1, 1, 1, 1, 1, 1, 1, 1]",82.63,71.06,92.55,46.56,3881070.35
SATS,116.77,8,"[0, 1, 1, 1, 1, 1, 1, 1, 1, 0]",125.67,100.44,141.8,16.74,7447460.1
ESLT,837.59,9,"[0, 1, 1, 1, 1, 1, 1, 1, 1, 1]",843.07,662.99,1013.23,413.49,120590.65
UMC,19.88,10,"[1, 1, 1, 1, 1, 1, 1, 1, 1, 1]",14.73,9.94,22.89,6.58,17949682.85
ONC,268.17,1,"[0, 0, 0, 0, 0, 0, 0, 0, 1, 0]",300.84,319.92,377.47,240.99,252036.7
LVS,51.65,4,"[0, 0, 0, 0, 1, 0, 1, 1, 1, 0]",52.73,56.49,68.73,39.54,3833554.6
IX,38.9,10,"[1, 1, 1, 1, 1, 1, 1, 1, 1, 1]",34.41,30.03,39.92,21.19,358850.45
CRDO,234.32,10,"[1, 1, 1, 1, 1, 1, 1, 1, 1, 1]",175.84,149.0,236.03,68.53,8810162.3
ALAB,341.7,9,"[1, 1, 1, 1, 0, 1, 1, 1, 1, 1]",221.78,179.46,363.54,85.95,6305530.8
STLD,269.8,10,"[1, 1, 1, 1, 1, 1, 1, 1, 1, 1]",225.59,178.51,276.85,120.2,1088014.45
HAL,39.62,8,"[0, 1, 1, 1, 1, 1, 1, 1, 1, 0]",39.73,31.38,42.8,19.8,11070213.05
HUM,363.18,9,"[1, 1, 1, 1, 0, 1, 1, 1, 1, 1]",255.59,245.1,363.18,162.84,1503605.15
MTZ,353.08,8,"[0, 1, 1, 1, 1, 1, 1, 1, 1, 0]",378.83,267.08,437.51,158.43,1205784.25
UAL,109.63,9,"[1, 1, 1, 0, 1, 1, 1, 1, 1, 1]",97.67,101.89,117.53,73.67,5470530.7
ZM,96.83,9,"[1, 1, 1, 1, 1, 1, 1, 1, 1, 0]",95.64,86.85,111.88,69.77,5362971.75
TS,61.31,10,"[1, 1, 1, 1, 1, 1, 1, 1, 1, 1]",60.33,46.06,64.02,33.04,1562985.3
CASY,761.18,8,"[0, 1, 1, 1, 1, 1, 1, 1, 1, 0]",792.25,636.56,888.36,488.33,560398.25
TECK,61.9,9,"[1, 1, 1, 1, 1, 1, 1, 1, 1, 0]",60.23,49.79,70.56,31.15,3254623.4
SYM,42.52,2,"[0, 0, 0, 0, 0, 0, 1, 0, 1, 0]",53.66,58.26,87.3,27.97,2767276.85
EL,86.56,5,"[1, 0, 0, 0, 1, 0, 1, 0, 1, 1]",79.11,92.63,118.78,66.34,3922358.45
SHG,65.99,9,"[1, 1, 1, 1, 1, 1, 1, 1, 1, 0]",65.48,57.93,71.72,42.69,265483.7
Q,144.7,6,"[1, 1, 0, 1, 0, 0, 1, 1, 1, 0]",142.6,144.7,168.28,73.4,1938744.35
TWLO,204.69,10,"[1, 1, 1, 1, 1, 1, 1, 1, 1, 1]",170.16,132.57,236.64,92.44,3063766.55
RVMD,149.55,10,"[1, 1, 1, 1, 1, 1, 1, 1, 1, 1]",138.32,91.08,163.68,34.7,2769594.0
RDDT,178.11,5,"[1, 1, 0, 0, 0, 0, 1, 0, 1, 1]",156.25,189.4,270.71,115.03,5301153.25
IQV,186.25,4,"[1, 0, 0, 0, 0, 0, 0, 1, 1, 1]",172.37,195.71,244.29,154.1,1663938.2
NTRS,170.6,10,"[1, 1, 1, 1, 1, 1, 1, 1, 1, 1]",160.48,140.96,172.26,105.36,1051177.45
DOV,220.97,10,"[1, 1, 1, 1, 1, 1, 1, 1, 1, 1]",215.56,198.05,232.21,159.95,782299.8
RPRX,55.63,10,"[1, 1, 1, 1, 1, 1, 1, 1, 1, 1]",50.94,42.36,55.87,32.87,4434567.1
ASTS,88.71,9,"[1, 1, 1, 1, 1, 1, 1, 0, 1, 1]",88.7,79.15,133.09,35.71,26407482.75
BIIB,199.1,10,"[1, 1, 1, 1, 1, 1, 1, 1, 1, 1]",188.0,172.55,204.53,122.68,1133753.05
VG,12.47,6,"[0, 1, 1, 1, 0, 0, 1, 0, 1, 1]",13.12,10.87,18.91,5.91,16828528.35
EXPE,231.06,6,"[0, 0, 0, 0, 1, 1, 1, 1, 1, 1]",235.06,239.06,300.02,160.72,1557998.75
CRCL,81.1,3,"[0, 0, 0, 1, 0, 0, 1, 0, 1, 0]",102.97,101.02,263.45,50.23,15412533.1
ARES,130.61,4,"[1, 0, 0, 0, 0, 0, 1, 0, 1, 1]",118.6,140.79,187.77,95.2,2428622.7
FTI,68.39,8,"[0, 1, 1, 1, 1, 1, 1, 1, 1, 0]",71.69,54.26,76.94,32.06,5924449.35
FTAI,233.75,8,"[0, 1, 1, 1, 1, 1, 1, 1, 1, 0]",247.84,216.49,308.99,108.92,1006219.15
AXIA,9.83,5,"[0, 0, 0, 1, 1, 1, 1, 0, 1, 0]",11.62,10.6,13.43,6.29,2048490.6
CNC,66.21,10,"[1, 1, 1, 1, 1, 1, 1, 1, 1, 1]",49.79,40.86,66.21,25.21,4881625.9
NTRA,222.82,9,"[1, 1, 1, 0, 1, 1, 1, 1, 1, 1]",205.48,204.67,254.4,133.66,1498322.85
NVT,163.8,9,"[1, 1, 1, 1, 1, 1, 1, 1, 1, 0]",150.7,116.87,176.39,67.42,1847867.45
MTSI,358.72,9,"[1, 1, 1, 1, 1, 1, 1, 1, 1, 0]",314.46,212.77,409.68,118.35,1714387.7
TPL,382.11,6,"[0, 0, 1, 1, 1, 1, 1, 0, 1, 0]",414.93,368.33,538.97,272.83,432123.35
TPR,145.62,10,"[1, 1, 1, 1, 1, 1, 1, 1, 1, 1]",141.7,127.67,159.61,77.91,2571462.9
CFG,65.67,10,"[1, 1, 1, 1, 1, 1, 1, 1, 1, 1]",63.01,57.52,67.63,39.07,4126283.45
CW,733.57,10,"[1, 1, 1, 1, 1, 1, 1, 1, 1, 1]",722.39,622.78,751.0,455.75,286656.6
DOW,33.22,8,"[0, 1, 1, 1, 1, 1, 1, 1, 1, 0]",37.62,28.75,41.45,19.83,10853042.45
EIX,71.26,10,"[1, 1, 1, 1, 1, 1, 1, 1, 1, 1]",70.78,62.29,75.82,45.61,2663152.65
PKX,60.38,6,"[0, 0, 1, 1, 1, 1, 1, 0, 1, 0]",71.1,59.48,91.72,45.13,384874.2
BAP,349.61,10,"[1, 1, 1, 1, 1, 1, 1, 1, 1, 1]",331.05,300.89,373.52,215.13,649106.45
VRSN,283.89,8,"[1, 1, 1, 1, 0, 1, 1, 1, 1, 0]",280.36,257.12,310.0,210.93,804594.4
HUBB,486.47,7,"[0, 1, 1, 1, 1, 1, 0, 1, 1, 0]",502.3,467.33,556.18,377.47,691710.1
STRL,842.01,9,"[1, 1, 1, 1, 1, 1, 1, 1, 1, 0]",647.59,429.8,993.74,198.37,680406.05
EC,15.88,10,"[1, 1, 1, 1, 1, 1, 1, 1, 1, 1]",13.92,11.11,16.25,7.9,3233843.55
P,70.0,4,"[0, 0, 0, 1, 0, 1, 1, 0, 1, 0]",72.84,75.73,98.7,51.58,4116007.35
AER,139.02,7,"[0, 0, 1, 1, 1, 1, 1, 1, 1, 0]",140.85,135.84,153.99,106.41,1297595.7
PAAS,46.13,5,"[0, 0, 0, 1, 1, 1, 1, 0, 1, 0]",55.2,48.86,68.3,26.86,4997476.85
DG,109.38,3,"[0, 0, 0, 0, 1, 0, 0, 0, 1, 1]",113.46,120.01,155.5,95.08,4431356.5
VIV,12.81,6,"[0, 0, 0, 1, 1, 1, 1, 1, 1, 0]",14.57,13.2,16.42,9.85,1051452.05
SYF,72.33,5,"[0, 0, 0, 0, 1, 1, 0, 1, 1, 1]",72.54,73.77,87.76,58.86,3844151.8
ZS,125.84,1,"[0, 0, 0, 0, 0, 0, 0, 0, 1, 0]",142.44,216.72,336.27,118.05,7438566.65
SQM,75.66,8,"[0, 1, 1, 1, 1, 1, 1, 1, 1, 0]",84.78,66.67,94.63,31.72,1219466.0
BG,126.68,10,"[1, 1, 1, 1, 1, 1, 1, 1, 1, 1]",124.52,104.91,131.41,71.0,1731891.3
FMX,122.2,9,"[1, 1, 1, 1, 1, 1, 1, 1, 1, 0]",117.81,103.41,124.87,82.37,531180.4
MDB,340.28,9,"[1, 1, 1, 0, 1, 1, 1, 1, 1, 1]",288.67,329.95,440.6,201.0,3050808.2
XPO,227.58,10,"[1, 1, 1, 1, 1, 1, 1, 1, 1, 1]",211.58,166.96,228.37,118.79,1728392.1
ALB,152.79,6,"[0, 0, 1, 1, 1, 1, 1, 0, 1, 0]",183.17,142.99,215.62,56.05,2073850.05
UTHR,553.14,8,"[0, 1, 1, 1, 1, 1, 1, 1, 1, 0]",569.44,489.61,596.76,274.7,447348.55
FSLR,262.19,9,"[1, 1, 1, 0, 1, 1, 1, 1, 1, 1]",227.23,231.0,318.25,143.67,3042208.2
TSN,56.47,5,"[0, 0, 0, 1, 1, 1, 0, 1, 1, 0]",63.73,58.45,68.18,49.45,3396659.4
TSEM,228.08,8,"[0, 1, 1, 1, 1, 1, 1, 1, 1, 0]",228.29,135.98,288.53,38.09,2349009.75
RF,28.6,10,"[1, 1, 1, 1, 1, 1, 1, 1, 1, 1]",27.42,26.47,30.37,20.68,11077626.0
KEY,22.1,10,"[1, 1, 1, 1, 1, 1, 1, 1, 1, 1]",21.24,19.68,22.76,15.01,11503985.6
TEAM,95.61,4,"[1, 0, 0, 0, 0, 0, 1, 0, 1, 1]",80.72,122.81,220.89,57.15,5845123.25
LYB,63.64,8,"[0, 1, 1, 1, 1, 1, 1, 1, 1, 0]",71.56,55.64,81.53,40.28,4740035.6
JBHT,287.19,10,"[1, 1, 1, 1, 1, 1, 1, 1, 1, 1]",248.44,198.19,288.17,129.81,1034990.9
SBAC,204.78,6,"[0, 1, 1, 1, 1, 0, 0, 1, 1, 0]",208.16,194.32,233.84,164.16,890195.2
WST,334.66,10,"[1, 1, 1, 1, 1, 1, 1, 1, 1, 1]",294.53,268.39,334.66,209.39,705273.35
CPAY,357.84,10,"[1, 1, 1, 1, 1, 1, 1, 1, 1, 1]",326.95,311.29,364.13,255.0,548453.75
ENTG,134.35,8,"[0, 1, 1, 1, 1, 1, 1, 1, 1, 0]",137.56,108.84,156.33,68.7,3002476.85
NMR,8.71,9,"[1, 1, 1, 0, 1, 1, 1, 1, 1, 1]",8.16,7.98,9.54,6.1,1453213.35
IHG,162.97,10,"[1, 1, 1, 1, 1, 1, 1, 1, 1, 1]",147.06,134.5,163.35,109.28,235736.7
FN,586.0,8,"[0, 1, 1, 1, 1, 1, 1, 1, 1, 0]",657.29,501.52,746.47,237.72,977386.55
SBS,5.42,7,"[0, 0, 1, 1, 1, 1, 1, 1, 1, 0]",6.2,5.37,7.08,3.81,6091110.75
WWD,380.75,10,"[1, 1, 1, 1, 1, 1, 1, 1, 1, 1]",367.32,318.62,402.89,228.82,692132.75
SITM,659.52,8,"[1, 1, 1, 1, 1, 1, 1, 0, 1, 0]",596.9,394.21,901.48,190.16,613140.4
INSM,99.04,2,"[0, 0, 0, 0, 1, 0, 0, 0, 1, 0]",128.54,154.93,211.41,90.93,3891221.55
BEKE,15.97,3,"[0, 0, 0, 1, 0, 0, 0, 1, 1, 0]",16.7,17.11,19.99,14.54,5860693.75
AKAM,137.81,9,"[1, 1, 1, 1, 1, 1, 1, 1, 1, 0]",124.22,97.23,161.14,70.53,5800729.65
PFG,106.66,10,"[1, 1, 1, 1, 1, 1, 1, 1, 1, 1]",98.17,88.17,106.66,72.85,1098353.9
RL,391.16,10,"[1, 1, 1, 1, 1, 1, 1, 1, 1, 1]",361.73,344.9,391.16,257.2,846350.75
ATI,187.13,10,"[1, 1, 1, 1, 1, 1, 1, 1, 1, 1]",160.53,122.88,187.13,71.34,1588940.1
MRNA,47.73,8,"[0, 1, 1, 1, 1, 1, 1, 1, 1, 0]",49.61,38.2,57.8,22.36,5861189.5
ILMN,160.03,10,"[1, 1, 1, 1, 1, 1, 1, 1, 1, 1]",139.34,124.48,170.93,86.93,1930255.25
AFRM,65.11,4,"[1, 1, 0, 0, 0, 0, 1, 0, 1, 0]",62.26,67.07,92.18,42.53,4862265.35
CRS,523.77,10,"[1, 1, 1, 1, 1, 1, 1, 1, 1, 1]",437.12,345.24,523.77,231.97,588660.45
SMCI,40.64,6,"[1, 1, 1, 0, 0, 0, 1, 0, 1, 1]",31.75,36.02,60.71,20.53,41988832.2
MKSI,320.96,10,"[1, 1, 1, 1, 1, 1, 1, 1, 1, 1]",288.89,201.62,335.15,88.89,1090612.95
IFF,75.78,8,"[1, 1, 1, 1, 1, 1, 0, 1, 1, 0]",73.71,69.04,82.93,58.84,2089525.1
EXPD,166.34,10,"[1, 1, 1, 1, 1, 1, 1, 1, 1, 1]",151.21,141.96,166.34,110.22,1181011.6
ROIV,29.05,10,"[1, 1, 1, 1, 1, 1, 1, 1, 1, 1]",28.79,22.92,32.41,10.74,6767515.3
DD,47.06,8,"[0, 1, 1, 1, 1, 1, 1, 1, 1, 0]",47.26,41.46,51.12,27.19,3531468.5
IREN,54.02,8,"[1, 1, 1, 1, 1, 1, 1, 0, 1, 0]",50.7,47.14,76.41,9.77,52267212.65
RGLD,204.79,5,"[0, 0, 0, 1, 1, 1, 1, 0, 1, 0]",239.76,226.59,303.74,150.48,628709.9
FUTU,91.31,1,"[0, 0, 0, 0, 0, 0, 0, 0, 1, 0]",136.47,157.7,195.9,89.76,7625967.85
ULS,98.57,10,"[1, 1, 1, 1, 1, 1, 1, 1, 1, 1]",93.72,81.05,104.74,62.21,664666.5
CHRW,191.65,10,"[1, 1, 1, 1, 1, 1, 1, 1, 1, 1]",174.34,160.42,199.22,91.19,1786599.65
LUV,43.17,9,"[1, 1, 1, 0, 1, 1, 1, 1, 1, 1]",40.05,38.76,54.56,28.65,6125053.3
DKS,219.58,7,"[1, 1, 1, 1, 0, 1, 0, 1, 1, 0]",217.5,212.63,233.13,170.53,1406788.0
VTRS,16.2,9,"[1, 1, 1, 1, 1, 1, 1, 1, 1, 0]",15.19,12.58,17.26,8.41,10104697.0
RCI,37.56,7,"[1, 1, 1, 0, 1, 1, 0, 0, 1, 1]",36.02,36.78,,,1139776.6
FFIV,395.23,9,"[1, 1, 1, 1, 0, 1, 1, 1, 1, 1]",341.85,296.68,409.13,223.99,710092.95
CX,12.08,8,"[0, 1, 1, 1, 1, 1, 1, 1, 1, 0]",12.36,11.15,13.55,6.73,4635445.85
INCY,103.23,9,"[1, 1, 1, 0, 1, 1, 1, 1, 1, 1]",96.94,96.16,110.57,67.26,1647530.2
KEP,12.18,2,"[0, 0, 0, 0, 1, 0, 0, 0, 1, 0]",14.18,16.06,23.26,10.22,1350689.5
APG,43.68,8,"[0, 1, 1, 1, 1, 1, 1, 1, 1, 0]",44.02,40.1,49.4,31.77,2497531.4
SNX,272.8,10,"[1, 1, 1, 1, 1, 1, 1, 1, 1, 1]",227.22,172.2,279.33,121.93,745882.95
CDE,16.09,4,"[0, 0, 0, 0, 1, 1, 1, 0, 1, 0]",18.58,18.74,27.12,8.67,22721291.55
RBC,592.41,9,"[1, 1, 1, 1, 1, 1, 1, 1, 1, 0]",584.16,490.24,623.19,367.05,301436.15
BURL,324.42,10,"[1, 1, 1, 1, 1, 1, 1, 1, 1, 1]",320.0,294.19,347.82,222.85,1139873.15
ROKU,120.91,9,"[1, 1, 1, 1, 1, 1, 1, 1, 1, 0]",117.21,103.71,131.91,74.41,2103722.05
AMKR,70.91,9,"[1, 1, 1, 1, 1, 1, 1, 1, 1, 0]",66.57,45.64,78.01,19.72,5033328.2
RS,401.8,10,"[1, 1, 1, 1, 1, 1, 1, 1, 1, 1]",353.01,309.24,401.8,262.77,311506.15
BWXT,188.96,6,"[0, 0, 0, 1, 1, 1, 1, 1, 1, 0]",210.33,195.05,238.1,130.98,976475.4
ZTO,21.94,7,"[0, 0, 1, 1, 1, 1, 1, 1, 1, 0]",24.23,21.59,25.88,16.79,1862838.05
NXT,119.27,8,"[0, 1, 1, 1, 1, 1, 1, 1, 1, 0]",124.27,102.08,156.4,53.8,2812906.75
ITT,192.02,7,"[0, 1, 1, 1, 1, 1, 0, 1, 1, 0]",203.66,187.45,221.24,148.62,657834.1
FTV,62.78,10,"[1, 1, 1, 1, 1, 1, 1, 1, 1, 1]",59.59,54.52,62.78,46.39,3337989.25
IONQ,56.69,7,"[1, 1, 1, 1, 0, 1, 1, 0, 1, 0]",48.4,48.73,82.09,26.59,33228399.25
AGI,35.0,5,"[0, 0, 0, 1, 1, 1, 1, 0, 1, 0]",42.56,39.11,55.29,24.28,2983226.95
BCH,38.54,10,"[1, 1, 1, 1, 1, 1, 1, 1, 1, 1]",37.56,35.36,43.7,25.75,358857.1
YPF,53.61,10,"[1, 1, 1, 1, 1, 1, 1, 1, 1, 1]",46.09,37.0,55.31,23.57,2195520.15
CF,108.58,8,"[0, 1, 1, 1, 1, 1, 1, 1, 1, 0]",121.55,97.45,137.04,75.38,2795327.05
MGA,66.09,10,"[1, 1, 1, 1, 1, 1, 1, 1, 1, 1]",61.08,53.47,68.15,36.23,1111269.95
TLN,358.74,4,"[1, 0, 0, 0, 0, 0, 1, 1, 1, 0]",356.49,371.67,445.84,255.1,765990.4
LSCC,137.56,10,"[1, 1, 1, 1, 1, 1, 1, 1, 1, 1]",122.94,89.17,154.6,47.85,2260867.7
WMG,29.36,5,"[0, 1, 0, 1, 0, 1, 0, 1, 1, 0]",29.98,29.88,34.56,23.52,2806778.4
CIB,74.9,10,"[1, 1, 1, 1, 1, 1, 1, 1, 1, 1]",70.08,64.51,83.05,41.33,423600.6
WCC,355.3,9,"[1, 1, 1, 1, 1, 1, 1, 1, 1, 0]",333.1,273.46,374.52,170.51,534702.45
JBS,11.85,3,"[0, 0, 0, 1, 1, 0, 0, 0, 1, 0]",14.59,13.9,17.05,11.6,10126592.9
WSO,386.11,5,"[0, 1, 1, 1, 0, 0, 0, 1, 1, 0]",401.23,378.57,478.22,318.41,361872.9
DOCN,168.33,10,"[1, 1, 1, 1, 1, 1, 1, 1, 1, 1]",125.25,68.46,180.5,25.74,3092351.65
EWBC,128.66,10,"[1, 1, 1, 1, 1, 1, 1, 1, 1, 1]",119.89,110.67,128.66,89.22,768435.15
AA,72.41,10,"[1, 1, 1, 1, 1, 1, 1, 1, 1, 1]",68.96,52.6,83.79,27.6,4513210.85
PR,19.2,8,"[0, 1, 1, 1, 1, 1, 1, 1, 1, 0]",20.48,16.17,22.52,11.86,9369381.85
NVMI,514.49,9,"[1, 1, 1, 1, 1, 1, 1, 1, 1, 0]",501.14,396.58,556.11,222.19,457984.2
RTO,30.19,7,"[0, 0, 1, 1, 1, 1, 1, 1, 1, 0]",32.33,29.35,34.52,22.29,932675.25
OWL,9.59,2,"[1, 0, 0, 0, 0, 0, 0, 0, 1, 0]",9.45,12.92,19.42,8.04,23576822.55
OVV,56.59,8,"[0, 1, 1, 1, 1, 1, 1, 1, 1, 0]",57.99,46.36,63.08,35.51,3328838.1
TTMI,173.86,10,"[1, 1, 1, 1, 1, 1, 1, 1, 1, 1]",147.74,92.61,196.95,35.38,2655406.7
BEN,31.8,10,"[1, 1, 1, 1, 1, 1, 1, 1, 1, 1]",28.86,25.06,32.35,20.59,4014646.45
IEX,222.14,10,"[1, 1, 1, 1, 1, 1, 1, 1, 1, 1]",206.82,185.79,222.14,155.73,651038.35
LAMR,150.54,9,"[1, 1, 1, 1, 1, 1, 1, 1, 1, 0]",141.45,129.14,157.93,110.62,599794.2
VNOM,45.12,8,"[0, 1, 1, 1, 1, 1, 1, 1, 1, 0]",46.56,40.7,50.23,34.57,1602648.3
GNRC,260.99,9,"[1, 1, 1, 1, 1, 1, 1, 1, 1, 0]",241.26,192.99,285.31,124.01,821375.9
NDSN,290.13,10,"[1, 1, 1, 1, 1, 1, 1, 1, 1, 1]",279.9,255.99,298.37,207.12,417237.4
SN,128.48,9,"[1, 1, 1, 1, 1, 0, 1, 1, 1, 1]",113.75,110.02,131.45,82.13,2876158.95
H,194.08,10,"[1, 1, 1, 1, 1, 1, 1, 1, 1, 1]",167.45,156.92,194.08,130.07,897911.9
BALL,54.18,5,"[0, 0, 0, 1, 1, 1, 0, 1, 1, 0]",58.53,54.84,67.31,45.92,2790754.4
MLI,135.66,9,"[1, 1, 1, 1, 1, 1, 1, 1, 1, 0]",129.15,114.87,140.46,71.85,557639.0
LOGI,113.04,9,"[1, 1, 1, 1, 0, 1, 1, 1, 1, 1]",102.96,103.28,126.69,82.47,1199518.3
CLH,287.99,8,"[0, 1, 1, 1, 1, 1, 1, 1, 1, 0]",295.86,259.64,313.7,201.73,511458.6
GMAB,25.1,3,"[0, 0, 0, 0, 1, 1, 0, 0, 1, 0]",26.85,29.27,35.34,20.3,2044249.35
PAA,22.47,10,"[1, 1, 1, 1, 1, 1, 1, 1, 1, 1]",22.13,18.76,24.15,14.89,2379825.25
NBIX,165.24,9,"[1, 1, 1, 1, 0, 1, 1, 1, 1, 1]",143.64,140.53,167.35,123.1,1203484.6
HST,24.47,10,"[1, 1, 1, 1, 1, 1, 1, 1, 1, 1]",21.52,18.56,24.62,14.42,8565292.4
JLL,305.61,5,"[0, 0, 0, 0, 1, 1, 1, 1, 1, 0]",312.8,315.58,358.66,233.72,390561.0
ASND,213.23,6,"[0, 0, 0, 1, 1, 1, 1, 1, 1, 0]",232.26,216.84,249.84,163.32,568140.05
LECO,265.45,9,"[1, 1, 1, 1, 1, 1, 1, 1, 1, 0]",259.56,251.17,297.91,197.61,295988.8
OKTA,119.96,9,"[1, 1, 1, 1, 0, 1, 1, 1, 1, 1]",86.14,86.37,139.79,62.93,4957952.3
HTHT,43.71,6,"[0, 0, 0, 1, 1, 1, 1, 1, 1, 0]",48.36,45.13,54.63,29.07,2602884.7
DTM,140.61,9,"[1, 1, 1, 1, 1, 1, 1, 1, 1, 0]",140.33,123.79,151.12,97.12,597539.65
MOD,278.18,9,"[1, 1, 1, 1, 1, 1, 1, 1, 1, 0]",257.85,186.8,306.89,90.02,1434000.1
RRX,213.3,10,"[1, 1, 1, 1, 1, 1, 1, 1, 1, 1]",204.67,170.72,231.37,128.18,912716.45
BSAC,31.4,9,"[0, 1, 1, 1, 1, 1, 1, 1, 1, 1]",31.59,29.55,35.69,21.8,465986.55
JAZZ,229.19,10,"[1, 1, 1, 1, 1, 1, 1, 1, 1, 1]",214.57,171.42,240.06,105.93,926624.55
ONTO,274.03,9,"[1, 1, 1, 1, 1, 1, 1, 1, 1, 0]",267.09,188.22,307.86,90.0,1320685.75
OHI,45.67,8,"[0, 1, 1, 1, 1, 1, 1, 1, 1, 0]",45.97,43.46,48.99,33.89,2555032.1
SMMT,14.29,2,"[0, 0, 0, 1, 0, 0, 0, 0, 1, 0]",18.79,18.36,29.32,13.85,5323001.65
RMBS,146.84,10,"[1, 1, 1, 1, 1, 1, 1, 1, 1, 1]",127.28,104.77,170.66,58.1,2352773.5
AUR,6.16,7,"[1, 1, 1, 1, 0, 1, 1, 0, 1, 0]",5.98,5.05,8.4,3.77,33784058.5
NIO,5.28,4,"[0, 0, 0, 1, 0, 1, 1, 0, 1, 0]",6.04,5.87,7.89,3.41,44751608.15
HAS,84.26,5,"[0, 0, 0, 1, 1, 1, 0, 1, 1, 0]",91.08,84.88,104.36,65.31,2272076.7
LTM,49.26,4,"[0, 0, 0, 0, 1, 1, 1, 0, 1, 0]",50.15,50.85,68.29,37.17,807584.3
SUN,64.22,8,"[0, 1, 1, 1, 1, 1, 1, 1, 1, 0]",66.35,56.88,72.2,46.14,476741.15
QXO,16.4,2,"[0, 0, 0, 0, 1, 0, 0, 0, 1, 0]",19.09,20.47,27.07,15.54,16517562.35
AEIS,311.64,8,"[0, 1, 1, 1, 1, 1, 1, 1, 1, 0]",345.82,258.29,388.93,122.58,1055164.65
ALLY,43.35,9,"[1, 1, 1, 1, 1, 1, 0, 1, 1, 1]",42.5,41.16,46.41,34.97,3147393.8
PL,31.17,7,"[0, 1, 1, 1, 1, 1, 1, 0, 1, 0]",38.7,23.04,51.4,5.03,14224525.2
EVR,357.11,10,"[1, 1, 1, 1, 1, 1, 1, 1, 1, 1]",335.44,327.35,381.16,237.64,388254.6
SKM,41.21,10,"[1, 1, 1, 1, 1, 1, 1, 1, 1, 1]",37.19,26.93,46.0,19.68,3197395.4
TIGO,87.36,10,"[1, 1, 1, 1, 1, 1, 1, 1, 1, 1]",82.25,60.76,88.88,32.46,2246140.65
SANM,242.36,9,"[1, 1, 1, 1, 1, 1, 1, 1, 1, 0]",207.6,158.49,282.72,86.33,834599.35
IESC,726.31,10,"[1, 1, 1, 1, 1, 1, 1, 1, 1, 1]",616.48,467.77,742.09,261.89,195463.3
BBIO,67.68,7,"[0, 0, 1, 0, 1, 1, 1, 1, 1, 1]",70.46,66.94,79.91,39.05,2869593.15
TOL,144.14,9,"[1, 1, 1, 0, 1, 1, 1, 1, 1, 1]",138.48,140.1,165.81,104.05,1150720.7
DINO,69.62,9,"[1, 1, 1, 1, 1, 1, 1, 1, 1, 0]",65.72,55.05,73.99,35.97,2095190.05
NYT,73.59,8,"[0, 1, 1, 1, 1, 1, 1, 1, 1, 0]",78.7,69.43,85.86,50.99,1613235.15
DY,453.79,10,"[1, 1, 1, 1, 1, 1, 1, 1, 1, 1]",422.2,353.24,535.2,231.83,552643.45
RBRK,71.74,6,"[1, 1, 1, 0, 0, 0, 1, 0, 1, 1]",59.7,67.83,98.5,43.81,4442856.65
DVA,198.19,9,"[1, 1, 1, 1, 1, 1, 1, 1, 1, 0]",172.35,139.91,200.54,103.87,822579.7
GH,130.12,9,"[1, 1, 1, 0, 1, 1, 1, 1, 1, 1]",100.36,91.6,133.22,40.98,2529047.45
PEN,321.06,7,"[0, 0, 1, 1, 1, 1, 1, 1, 1, 0]",326.05,305.71,359.4,225.54,416247.2
BMNR,16.2,2,"[0, 0, 0, 0, 0, 0, 1, 0, 1, 0]",20.49,31.84,134.96,4.26,37600421.15
SWK,80.12,9,"[1, 1, 1, 0, 1, 1, 1, 1, 1, 1]",74.86,73.86,89.99,60.08,1428020.15
ENLT,97.75,10,"[1, 1, 1, 1, 1, 1, 1, 1, 1, 1]",86.92,56.39,107.42,18.69,237300.8
OKLO,56.48,1,"[0, 0, 0, 0, 0, 0, 0, 0, 1, 0]",63.62,85.57,174.14,45.58,15265487.35
BWA,73.27,10,"[1, 1, 1, 1, 1, 1, 1, 1, 1, 1]",60.76,50.4,77.03,32.32,3961660.7
APA,36.61,8,"[0, 1, 1, 1, 1, 1, 1, 1, 1, 0]",38.57,29.02,44.09,17.09,5343574.9
IONS,74.58,6,"[0, 0, 1, 0, 1, 1, 1, 1, 1, 0]",74.99,73.98,86.5,35.24,1672204.4
HL,14.51,4,"[0, 0, 0, 0, 1, 1, 1, 0, 1, 0]",18.16,17.48,31.8,5.58,16480574.2
HII,297.52,4,"[0, 0, 0, 0, 1, 1, 1, 0, 1, 0]",347.47,342.81,451.78,219.59,505199.15
SOLS,80.28,5,"[0, 1, 0, 1, 0, 0, 1, 1, 1, 0]",81.57,80.28,88.49,41.35,1947737.85
FIVE,190.83,7,"[0, 0, 1, 1, 1, 1, 1, 1, 1, 0]",222.72,189.42,247.71,121.83,1560314.45
U,28.44,4,"[1, 0, 0, 0, 0, 0, 1, 0, 1, 1]",26.14,33.6,49.47,17.13,9894983.85
IVZ,27.91,10,"[1, 1, 1, 1, 1, 1, 1, 1, 1, 1]",25.97,24.73,28.98,14.03,4965115.95
NTNX,50.74,5,"[1, 1, 0, 0, 0, 0, 1, 0, 1, 1]",43.95,52.96,81.12,34.41,4823321.4
MEDP,466.79,5,"[1, 0, 0, 0, 0, 0, 1, 1, 1, 1]",454.93,512.67,620.59,297.92,292558.85
EXEL,52.99,10,"[1, 1, 1, 1, 1, 1, 1, 1, 1, 1]",47.25,42.97,52.99,34.54,2457189.65
ALGN,178.1,10,"[1, 1, 1, 1, 1, 1, 1, 1, 1, 1]",173.09,158.99,207.19,124.88,1008966.0
BLD,409.0,4,"[0, 0, 0, 0, 1, 1, 1, 0, 1, 0]",411.36,429.29,550.9,294.06,787111.3
WLK,86.11,5,"[0, 0, 0, 1, 1, 1, 1, 0, 1, 0]",102.64,87.43,122.65,55.28,990861.15
SAIA,479.3,10,"[1, 1, 1, 1, 1, 1, 1, 1, 1, 1]",434.04,354.25,482.22,250.48,368589.95
MP,54.3,3,"[0, 0, 0, 1, 0, 0, 1, 0, 1, 0]",61.31,62.62,98.65,25.64,6924428.25
VIAV,46.43,8,"[0, 1, 1, 1, 1, 1, 1, 1, 1, 0]",46.79,26.2,55.33,9.18,6661369.7
AAOI,162.88,8,"[1, 1, 1, 1, 1, 1, 1, 0, 1, 0]",160.02,71.7,223.1,15.47,13289066.3
PINS,21.92,4,"[1, 0, 0, 0, 0, 0, 1, 0, 1, 1]",19.87,25.18,39.17,15.42,20614734.3
AIZ,250.99,8,"[1, 1, 1, 1, 1, 1, 0, 0, 1, 1]",236.49,225.31,,,444462.1
WBS,72.62,10,"[1, 1, 1, 1, 1, 1, 1, 1, 1, 1]",71.71,64.82,73.42,49.51,3381072.65
ELAN,24.5,9,"[1, 1, 1, 0, 1, 1, 1, 1, 1, 1]",22.89,22.41,26.84,13.33,6973891.8
GLXY,32.68,9,"[1, 1, 1, 1, 0, 1, 1, 1, 1, 1]",26.49,27.47,42.86,16.84,6314118.15
APLD,41.91,9,"[1, 1, 1, 1, 1, 1, 1, 1, 1, 0]",36.83,30.24,49.65,9.18,21686103.15
MDGL,476.89,6,"[0, 0, 0, 1, 1, 1, 1, 1, 1, 0]",514.56,491.16,602.83,277.64,276080.45
VICR,283.48,9,"[1, 1, 1, 1, 1, 1, 1, 1, 1, 0]",252.54,146.17,345.84,43.65,874806.55
COKE,185.09,9,"[0, 1, 1, 1, 1, 1, 1, 1, 1, 1]",186.55,160.68,216.63,104.97,614544.55
LFUS,456.0,9,"[1, 1, 1, 1, 1, 1, 1, 1, 1, 0]",419.15,316.32,487.9,213.69,378155.9
FORM,120.62,8,"[0, 1, 1, 1, 1, 1, 1, 1, 1, 0]",128.44,77.84,155.08,27.62,1883141.95
AAON,129.66,9,"[1, 1, 1, 1, 1, 1, 1, 1, 1, 0]",111.97,95.84,148.15,71.48,1110424.15
TFII,159.36,10,"[1, 1, 1, 1, 1, 1, 1, 1, 1, 1]",137.65,109.51,163.36,80.35,361589.15
AIT,322.81,10,"[1, 1, 1, 1, 1, 1, 1, 1, 1, 1]",298.23,271.67,322.81,223.04,204545.95
SMTC,157.52,10,"[1, 1, 1, 1, 1, 1, 1, 1, 1, 1]",119.92,85.18,169.35,39.14,3988646.7
WULF,25.3,10,"[1, 1, 1, 1, 1, 1, 1, 1, 1, 1]",21.6,15.46,26.74,3.57,26274337.3
POWL,283.51,9,"[1, 1, 1, 1, 1, 1, 1, 1, 1, 0]",261.6,162.08,321.94,58.31,606857.9
TIMB,21.54,5,"[0, 0, 0, 1, 1, 1, 0, 1, 1, 0]",24.53,23.14,27.96,17.55,312433.15
AXSM,245.64,10,"[1, 1, 1, 1, 1, 1, 1, 1, 1, 1]",206.39,163.53,245.64,100.39,659310.45
WMS,135.69,4,"[0, 0, 0, 0, 1, 1, 0, 1, 1, 0]",142.05,146.66,174.94,110.35,1048884.05
HMY,15.02,3,"[0, 0, 0, 0, 1, 1, 0, 0, 1, 0]",16.64,17.85,25.55,12.37,4372080.55
HUT,112.65,10,"[1, 1, 1, 1, 1, 1, 1, 1, 1, 1]",88.85,56.56,133.02,15.89,4415200.95
IAG,15.44,4,"[0, 0, 0, 0, 1, 1, 1, 0, 1, 0]",17.79,16.26,24.57,6.74,5246834.45
CGNX,61.32,9,"[1, 1, 1, 1, 1, 1, 1, 1, 1, 0]",58.77,47.35,68.33,29.41,2137828.8
KTOS,56.19,2,"[0, 0, 0, 0, 0, 0, 1, 0, 1, 0]",63.01,80.39,130.72,39.3,4965053.05
JEF,59.03,7,"[1, 1, 1, 0, 0, 0, 1, 1, 1, 1]",49.12,54.21,68.8,35.74,1754157.2
AG,16.54,5,"[0, 0, 0, 1, 1, 1, 1, 0, 1, 0]",20.52,17.77,31.98,7.82,12962902.2
EMBJ,56.3,3,"[0, 0, 0, 0, 1, 1, 0, 0, 1, 0]",61.46,63.61,79.88,47.38,1706934.55
ESI,41.28,9,"[1, 1, 1, 1, 1, 1, 1, 1, 1, 0]",40.02,30.92,44.98,20.79,2825506.25
JOBY,9.27,1,"[0, 0, 0, 0, 0, 0, 0, 0, 1, 0]",9.71,12.67,20.39,7.94,29773259.8
MUSA,556.33,9,"[1, 1, 1, 1, 1, 1, 1, 1, 1, 0]",535.06,433.2,603.83,355.19,288208.75
BTSG,61.0,10,"[1, 1, 1, 1, 1, 1, 1, 1, 1, 1]",52.04,39.14,61.68,19.36,3226347.1
GSAT,81.01,9,"[1, 1, 1, 1, 1, 1, 1, 1, 1, 0]",79.82,59.96,84.43,21.8,1273662.25
GMED,82.52,7,"[0, 0, 1, 0, 1, 1, 1, 1, 1, 1]",86.26,80.3,96.82,51.89,1837144.9
BEP,36.46,10,"[1, 1, 1, 1, 1, 1, 1, 1, 1, 1]",34.25,29.52,37.09,23.77,890383.7
KNX,80.35,8,"[1, 1, 1, 1, 1, 1, 0, 0, 1, 1]",66.42,53.93,,,4838193.8
ALSN,117.91,8,"[0, 1, 1, 1, 1, 1, 1, 1, 1, 0]",121.76,103.43,135.66,78.62,984883.55
SNAP,5.59,2,"[0, 0, 0, 0, 0, 0, 1, 0, 1, 0]",5.6,6.71,10.35,3.93,40387751.55
ARWR,73.33,9,"[1, 1, 1, 1, 1, 1, 1, 1, 1, 0]",72.04,56.21,79.69,14.71,1576068.9
WTFC,155.2,10,"[1, 1, 1, 1, 1, 1, 1, 1, 1, 1]",147.49,139.77,160.74,115.5,409836.9
AES,14.66,10,"[1, 1, 1, 1, 1, 1, 1, 1, 1, 1]",14.4,14.02,17.07,9.65,9623446.9
SPXC,228.01,9,"[1, 1, 1, 0, 1, 1, 1, 1, 1, 1]",212.76,207.35,243.04,154.42,600451.3
VFS,3.04,4,"[0, 0, 0, 1, 1, 1, 0, 0, 1, 0]",3.94,3.46,4.76,2.81,586754.3
AHR,46.71,6,"[0, 0, 0, 1, 1, 1, 1, 1, 1, 0]",49.23,47.2,52.91,34.38,2781126.2
DAR,58.36,8,"[0, 1, 1, 1, 1, 1, 1, 1, 1, 0]",61.18,44.91,64.84,29.74,2076934.15
FCFS,229.35,9,"[1, 1, 1, 1, 1, 1, 1, 1, 1, 0]",214.98,176.91,232.57,118.91,322854.15
UMBF,131.82,10,"[1, 1, 1, 1, 1, 1, 1, 1, 1, 1]",125.33,119.06,134.39,97.66,622119.45
ARW,219.4,10,"[1, 1, 1, 1, 1, 1, 1, 1, 1, 1]",190.32,141.19,229.35,101.87,746511.5
MOG-A,385.23,10,"[1, 1, 1, 1, 1, 1, 1, 1, 1, 1]",320.57,267.26,385.23,173.2,290788.5
HBM,25.59,10,"[1, 1, 1, 1, 1, 1, 1, 1, 1, 1]",24.89,20.34,31.87,9.06,6398857.2
GTLS,207.29,8,"[0, 1, 1, 1, 1, 1, 1, 1, 1, 0]",207.64,204.75,208.4,142.58,1164342.7
MGM,47.15,10,"[1, 1, 1, 1, 1, 1, 1, 1, 1, 1]",39.63,36.19,50.69,30.72,6363065.25
VMI,533.45,10,"[1, 1, 1, 1, 1, 1, 1, 1, 1, 1]",482.44,429.84,547.14,316.26,212995.1
ABVX,102.72,4,"[0, 0, 0, 0, 1, 1, 1, 0, 1, 0]",116.55,110.32,145.31,5.97,2836215.85
CTRE,37.7,7,"[0, 0, 1, 1, 1, 1, 1, 1, 1, 0]",39.44,36.84,42.44,26.98,2593007.25
MOH,203.06,8,"[1, 1, 1, 1, 0, 1, 1, 0, 1, 1]",172.36,167.27,306.29,122.65,910058.25
BPOP,156.0,10,"[1, 1, 1, 1, 1, 1, 1, 1, 1, 1]",146.34,129.61,156.0,100.81,456050.5
SNEX,122.09,10,"[1, 1, 1, 1, 1, 1, 1, 1, 1, 1]",105.86,77.75,122.09,54.63,602193.85
CYTK,68.45,8,"[0, 1, 1, 1, 1, 1, 1, 1, 1, 0]",69.9,62.54,78.77,32.43,1890117.95
VSAT,63.94,7,"[0, 1, 1, 1, 1, 1, 1, 0, 1, 0]",65.09,44.93,86.69,10.61,2784825.05
ICLR,151.82,6,"[1, 1, 1, 0, 0, 0, 1, 0, 1, 1]",119.36,150.73,202.92,80.08,1173633.25
AGX,613.93,8,"[0, 1, 1, 1, 1, 1, 1, 1, 1, 0]",644.8,413.75,740.91,201.37,346524.7
CAMT,168.15,8,"[0, 1, 1, 1, 1, 1, 1, 1, 1, 0]",176.31,136.91,207.46,70.33,576047.15
SBSW,9.59,4,"[0, 0, 0, 0, 1, 1, 1, 0, 1, 0]",12.3,12.53,20.52,6.55,4715725.7
MASI,179.95,10,"[1, 1, 1, 1, 1, 1, 1, 1, 1, 1]",178.55,155.9,179.95,127.4,1001749.25
ELPC,11.33,8,"[0, 1, 1, 1, 1, 1, 1, 1, 1, 0]",12.28,10.29,13.39,7.32,345665.85
TTC,91.92,8,"[0, 1, 1, 1, 1, 1, 1, 1, 1, 0]",92.93,84.93,101.33,66.03,1057825.45
R,276.95,10,"[1, 1, 1, 1, 1, 1, 1, 1, 1, 1]",235.22,199.85,276.95,144.59,370675.2
CAVA,76.28,7,"[0, 1, 1, 1, 1, 0, 1, 1, 1, 0]",83.48,68.9,97.39,43.59,3436419.75
PRAX,250.33,6,"[0, 0, 1, 1, 1, 1, 1, 0, 1, 0]",322.75,237.79,357.13,37.71,479449.6
ZION,64.83,10,"[1, 1, 1, 1, 1, 1, 1, 1, 1, 1]",61.23,57.19,64.83,45.8,1357186.65
SIRI,27.61,10,"[1, 1, 1, 1, 1, 1, 1, 1, 1, 1]",26.24,22.52,29.87,19.47,4751961.45
RIOT,25.3,8,"[1, 1, 1, 1, 0, 1, 1, 1, 1, 0]",20.77,17.35,28.25,9.27,15989359.5
FLS,75.97,10,"[1, 1, 1, 1, 1, 1, 1, 1, 1, 1]",75.55,70.07,91.76,45.36,2175159.85
ALGM,46.63,9,"[1, 1, 1, 1, 1, 1, 1, 1, 1, 0]",43.39,34.01,53.62,22.8,2393469.4
GDS,36.11,6,"[0, 0, 0, 1, 1, 1, 1, 1, 1, 0]",40.58,38.82,47.52,25.68,3184603.15
KRYS,309.75,9,"[1, 1, 1, 1, 1, 1, 1, 1, 1, 0]",284.53,237.94,316.3,130.02,248018.3
EGO,29.25,4,"[0, 0, 0, 0, 1, 1, 1, 0, 1, 0]",32.8,33.38,49.52,19.67,2411465.25
GGB,4.56,9,"[1, 1, 1, 1, 1, 1, 1, 1, 1, 0]",4.41,3.77,4.89,2.78,18728604.6
MXL,72.61,8,"[1, 1, 1, 1, 1, 1, 1, 0, 1, 0]",62.77,28.4,102.27,11.67,5146002.05
IBRX,7.25,7,"[0, 1, 1, 1, 1, 1, 1, 0, 1, 0]",7.56,4.97,11.55,1.98,14445423.9
AAL,14.09,9,"[1, 1, 1, 0, 1, 1, 1, 1, 1, 1]",12.48,13.08,16.26,10.18,77804677.95
DDS,609.19,8,"[1, 0, 1, 0, 1, 1, 1, 1, 1, 1]",579.13,598.78,699.91,381.33,135587.55
FRO,36.27,9,"[1, 1, 1, 1, 1, 1, 1, 1, 1, 0]",36.12,27.97,39.51,15.91,2965804.1
CRUS,164.07,8,"[0, 1, 1, 1, 1, 1, 1, 1, 1, 0]",164.35,136.17,178.9,97.25,554915.1
BVN,30.99,6,"[0, 0, 1, 1, 1, 1, 1, 0, 1, 0]",34.23,29.38,42.44,15.55,1159534.35
W,71.34,5,"[1, 0, 0, 0, 1, 0, 1, 0, 1, 1]",70.26,86.49,119.05,46.1,4337245.8
LUMN,8.47,8,"[0, 1, 1, 1, 1, 1, 1, 0, 1, 1]",8.85,7.83,11.83,3.7,14626814.75
LLYVK,94.66,6,"[0, 1, 1, 1, 0, 1, 0, 1, 1, 0]",96.29,91.26,101.9,73.24,378687.4
LLYVA,91.75,6,"[0, 1, 1, 1, 0, 1, 0, 1, 1, 0]",93.76,88.79,98.96,72.28,394174.7
LEVI,23.57,9,"[1, 1, 1, 1, 0, 1, 1, 1, 1, 1]",21.95,21.27,24.19,16.29,2460712.35
COLB,30.15,10,"[1, 1, 1, 1, 1, 1, 1, 1, 1, 1]",28.87,27.4,31.63,20.89,2905779.1
OSK,132.62,2,"[0, 0, 0, 0, 1, 0, 0, 0, 1, 0]",140.25,139.82,177.15,107.0,843260.7
MTCH,34.72,6,"[0, 1, 1, 1, 0, 1, 0, 1, 1, 0]",35.11,33.26,38.67,28.72,2888752.05
FR,62.92,10,"[1, 1, 1, 1, 1, 1, 1, 1, 1, 1]",61.48,57.17,64.4,46.4,913975.15
CRL,189.85,9,"[1, 1, 1, 0, 1, 1, 1, 1, 1, 1]",172.39,177.2,226.77,145.05,914943.0
FROG,81.26,10,"[1, 1, 1, 1, 1, 1, 1, 1, 1, 1]",59.51,54.23,88.31,34.75,2511660.75
ZWS,48.32,8,"[0, 1, 1, 1, 1, 1, 1, 1, 1, 0]",48.5,47.36,52.67,34.9,820428.5
SIMO,259.75,9,"[1, 1, 1, 1, 1, 1, 1, 1, 1, 0]",206.11,127.94,306.57,65.75,1120565.45
ENS,226.55,9,"[1, 1, 1, 1, 1, 1, 1, 1, 1, 0]",212.82,160.0,243.34,82.33,502973.8
PRMB,23.38,7,"[1, 1, 1, 1, 0, 0, 1, 1, 1, 0]",21.38,19.97,30.06,14.21,3497031.7
EMN,72.93,8,"[0, 1, 1, 1, 1, 1, 1, 1, 1, 0]",73.66,67.43,80.39,54.98,1099597.85
CIFR,23.03,10,"[1, 1, 1, 1, 1, 1, 1, 1, 1, 1]",19.48,16.58,26.29,3.53,24916835.7
QBTS,23.52,5,"[1, 1, 0, 0, 0, 1, 1, 0, 1, 0]",21.08,23.56,44.78,12.98,45533590.45
ECG,146.58,9,"[1, 1, 1, 1, 1, 1, 1, 1, 1, 0]",142.79,105.4,169.16,59.18,570707.3
NUVL,123.25,10,"[1, 1, 1, 1, 1, 1, 1, 1, 1, 1]",102.79,98.01,123.25,72.16,3408735.7
FIGR,28.28,2,"[0, 0, 0, 0, 1, 0, 0, 0, 1, 0]",34.85,28.28,73.91,25.28,4050177.2
ICL,5.59,5,"[0, 1, 0, 1, 0, 1, 0, 1, 1, 0]",5.75,5.64,7.19,4.72,1279881.9
TKR,137.09,10,"[1, 1, 1, 1, 1, 1, 1, 1, 1, 1]",113.62,93.12,137.09,69.36,1162686.75
SSL,13.58,10,"[1, 1, 1, 1, 1, 1, 1, 1, 1, 1]",13.06,8.72,14.29,4.39,1384902.65
KRMN,48.37,3,"[0, 0, 0, 0, 1, 1, 0, 0, 1, 0]",69.78,77.6,115.29,44.15,3457182.0
BOKF,130.86,10,"[1, 1, 1, 1, 1, 1, 1, 1, 1, 1]",130.84,120.61,137.45,90.0,260661.15
NXE,9.93,5,"[0, 0, 0, 1, 1, 1, 1, 0, 1, 0]",11.73,10.38,13.92,6.36,6587000.8
NE,45.3,8,"[0, 1, 1, 1, 1, 1, 1, 1, 1, 0]",48.97,36.93,53.79,24.34,1192746.2
AMG,342.12,10,"[1, 1, 1, 1, 1, 1, 1, 1, 1, 1]",298.2,278.01,342.12,181.98,344611.1
IDA,140.3,7,"[0, 1, 1, 1, 1, 1, 0, 1, 1, 0]",143.06,133.56,147.93,109.86,552978.1
JHG,51.87,10,"[1, 1, 1, 1, 1, 1, 1, 1, 1, 1]",51.64,47.56,53.21,35.49,2680614.85
VIRT,54.56,10,"[1, 1, 1, 1, 1, 1, 1, 1, 1, 1]",50.03,39.69,54.82,31.82,1247858.8
MSGS,384.11,10,"[1, 1, 1, 1, 1, 1, 1, 1, 1, 1]",345.08,275.01,386.23,186.85,229534.6
ROAD,109.43,4,"[0, 0, 0, 1, 0, 1, 0, 1, 1, 0]",118.04,117.88,140.48,93.43,549494.55
CMC,75.76,10,"[1, 1, 1, 1, 1, 1, 1, 1, 1, 1]",69.32,66.34,82.94,47.79,1010020.4
JXN,107.47,8,"[0, 1, 1, 1, 1, 1, 1, 1, 1, 0]",108.43,104.38,121.16,79.45,524418.75
ESE,304.52,9,"[0, 1, 1, 1, 1, 1, 1, 1, 1, 1]",304.91,245.53,339.35,181.18,252411.1
GKOS,126.34,9,"[1, 1, 1, 1, 1, 1, 1, 1, 1, 0]",123.89,106.66,144.01,74.67,1285472.2
CWEN,38.94,10,"[1, 1, 1, 1, 1, 1, 1, 1, 1, 1]",38.89,34.56,41.26,26.9,1046152.5
CIG,2.08,5,"[0, 0, 0, 1, 1, 1, 0, 1, 1, 0]",2.36,2.11,2.67,1.73,6741357.65
MBLY,9.33,4,"[1, 0, 0, 0, 0, 0, 1, 0, 1, 1]",8.88,10.82,19.08,6.56,6574486.45
KNTK,45.55,8,"[0, 1, 1, 1, 1, 1, 1, 1, 1, 0]",47.62,40.65,51.27,30.53,874344.15
CHRD,134.07,8,"[0, 1, 1, 1, 1, 1, 1, 1, 1, 0]",138.12,108.38,148.35,82.2,695734.55
MIDD,161.4,10,"[1, 1, 1, 1, 1, 1, 1, 1, 1, 1]",145.6,141.75,168.86,111.68,560718.75
PCVX,46.88,5,"[0, 0, 0, 1, 1, 1, 1, 0, 1, 0]",55.11,48.43,63.04,29.67,1467755.35
KEX,143.06,8,"[0, 1, 1, 1, 1, 1, 1, 1, 1, 0]",143.66,117.77,152.59,79.95,533937.6
HALO,71.48,8,"[1, 1, 1, 0, 0, 1, 1, 1, 1, 1]",67.06,69.27,81.23,52.02,1974522.8
YOU,53.19,8,"[0, 1, 1, 1, 1, 1, 1, 1, 1, 0]",55.0,40.99,62.36,24.01,1307184.35
ORA,138.18,10,"[1, 1, 1, 1, 1, 1, 1, 1, 1, 1]",122.61,112.24,145.1,78.59,1010780.5
VLY,14.11,10,"[1, 1, 1, 1, 1, 1, 1, 1, 1, 1]",13.29,11.87,14.11,8.18,5602750.35
VFC,17.01,5,"[0, 0, 0, 0, 1, 1, 1, 1, 1, 0]",18.03,17.17,21.55,11.27,9401548.0
WFRD,101.26,8,"[0, 1, 1, 1, 1, 1, 1, 1, 1, 0]",103.8,85.28,111.42,46.45,1055780.75
CORZ,27.01,10,"[1, 1, 1, 1, 1, 1, 1, 1, 1, 1]",22.04,18.23,29.05,11.35,13392437.85
CWAN,24.35,9,"[1, 1, 1, 1, 1, 1, 1, 1, 1, 0]",24.19,22.07,24.75,15.89,2501605.7
TEX,63.67,9,"[1, 1, 1, 1, 1, 1, 1, 1, 1, 0]",60.73,56.4,69.13,41.55,1086940.3
SOBO,36.09,10,"[1, 1, 1, 1, 1, 1, 1, 1, 1, 1]",34.74,29.75,38.18,24.88,789388.9
FAF,66.42,7,"[1, 1, 1, 1, 1, 1, 0, 0, 1, 0]",65.7,63.34,,,921445.95
IDCC,257.11,2,"[0, 0, 0, 0, 0, 1, 0, 0, 1, 0]",301.91,330.13,394.78,216.51,323118.5
OR,33.04,4,"[0, 0, 0, 0, 1, 1, 1, 0, 1, 0]",37.9,37.53,47.66,24.94,734908.9
HXL,93.06,9,"[1, 1, 1, 1, 1, 1, 1, 1, 1, 0]",88.12,77.81,96.48,53.86,886650.7
OGC,25.03,4,"[0, 0, 0, 0, 1, 1, 1, 0, 1, 0]",31.15,28.64,42.39,13.47,312446.45
SLAB,218.8,10,"[1, 1, 1, 1, 1, 1, 1, 1, 1, 1]",215.15,167.97,219.13,116.08,407942.45
RIG,5.87,8,"[0, 1, 1, 1, 1, 1, 1, 1, 1, 0]",6.49,4.95,7.58,2.55,31451203.95
PLXS,281.48,10,"[1, 1, 1, 1, 1, 1, 1, 1, 1, 1]",249.49,184.11,287.55,118.29,288112.8
GGAL,49.99,8,"[1, 1, 1, 0, 1, 0, 1, 1, 1, 1]",44.94,44.1,58.75,25.39,1354268.05
SSRM,25.72,6,"[0, 0, 1, 1, 1, 1, 1, 0, 1, 0]",30.79,25.52,35.74,11.8,2522143.9
LTH,32.62,10,"[1, 1, 1, 1, 1, 1, 1, 1, 1, 1]",30.01,27.81,33.79,24.59,2648993.4
KYMR,76.91,7,"[0, 0, 1, 1, 1, 1, 1, 1, 1, 0]",82.86,72.02,95.03,37.68,539068.35
SM,31.08,9,"[1, 1, 1, 1, 0, 1, 1, 1, 1, 1]",30.44,24.02,34.57,17.3,3863762.65
LEA,142.16,10,"[1, 1, 1, 1, 1, 1, 1, 1, 1, 1]",131.19,117.02,146.59,88.21,629148.3
HR,20.38,10,"[1, 1, 1, 1, 1, 1, 1, 1, 1, 1]",18.94,17.64,20.56,13.97,3649497.95
RHP,120.39,10,"[1, 1, 1, 1, 1, 1, 1, 1, 1, 1]",106.05,95.94,120.39,83.73,600479.4
NOV,20.82,10,"[1, 1, 1, 1, 1, 1, 1, 1, 1, 1]",19.94,16.91,21.45,11.65,3643653.2
DBX,27.43,6,"[1, 1, 1, 0, 0, 0, 0, 1, 1, 1]",25.29,27.25,32.17,22.06,3873970.95
TFPM,27.84,3,"[0, 0, 0, 0, 1, 1, 0, 0, 1, 0]",32.95,32.64,41.23,22.75,586588.5
AUGO,57.05,5,"[0, 0, 0, 1, 1, 1, 1, 0, 1, 0]",82.73,57.51,108.01,22.81,953232.25
MTDR,53.73,8,"[0, 1, 1, 1, 1, 1, 1, 1, 1, 0]",58.5,48.63,65.01,36.31,1668774.55
MYRG,423.44,9,"[1, 1, 1, 1, 1, 1, 1, 1, 1, 0]",390.81,268.86,478.93,163.32,252305.55
AVT,86.93,10,"[1, 1, 1, 1, 1, 1, 1, 1, 1, 1]",78.49,59.6,92.93,43.64,1416393.95
LGN,85.58,6,"[1, 1, 0, 1, 0, 0, 1, 1, 1, 0]",79.82,85.58,102.27,29.72,1389277.9
BRKR,57.24,10,"[1, 1, 1, 1, 1, 1, 1, 1, 1, 1]",43.27,41.04,62.7,29.23,3139598.35
SGHC,13.35,9,"[1, 1, 1, 1, 0, 1, 1, 1, 1, 1]",12.33,11.59,14.02,8.48,3974916.35
STEP,43.04,1,"[0, 0, 0, 0, 0, 0, 0, 0, 1, 0]",51.11,58.31,75.82,43.04,1264986.35
UGP,4.86,7,"[0, 0, 1, 1, 1, 1, 1, 1, 1, 0]",5.68,4.62,6.11,2.83,3798539.25
VAL,87.49,8,"[0, 1, 1, 1, 1, 1, 1, 1, 1, 0]",96.66,70.94,113.42,41.8,882356.4
BLSH,26.9,1,"[0, 0, 0, 0, 0, 0, 0, 0, 1, 0]",37.51,43.4,74.63,24.9,1681271.85
TGTX,43.37,9,"[1, 1, 1, 1, 0, 1, 1, 1, 1, 1]",37.41,32.91,43.37,26.39,1705309.1
MIRM,95.48,8,"[0, 1, 1, 1, 1, 1, 1, 1, 1, 0]",97.71,85.22,111.39,48.39,1087207.05
ST,49.65,10,"[1, 1, 1, 1, 1, 1, 1, 1, 1, 1]",43.62,35.71,53.55,27.12,2698531.65
NPO,329.43,10,"[1, 1, 1, 1, 1, 1, 1, 1, 1, 1]",293.2,247.44,329.43,181.82,192029.75
PAYC,136.14,2,"[1, 0, 0, 0, 0, 0, 0, 0, 1, 0]",130.32,157.93,251.75,113.28,866022.65
SYRE,76.44,10,"[1, 1, 1, 1, 1, 1, 1, 1, 1, 1]",68.03,38.58,78.48,14.68,1050314.45
SWX,88.02,7,"[0, 1, 1, 1, 1, 1, 0, 1, 1, 0]",89.16,82.69,93.37,69.52,462202.0
COMP,8.17,4,"[1, 0, 0, 0, 1, 0, 1, 0, 1, 0]",7.81,9.22,13.58,5.91,12407225.1
AROC,35.17,8,"[0, 1, 1, 1, 1, 1, 1, 1, 1, 0]",36.22,29.49,39.59,21.54,1730589.2
AXTI,78.36,7,"[0, 1, 1, 1, 1, 1, 1, 0, 1, 0]",90.38,35.75,140.83,1.84,8665367.8
RSI,27.59,9,"[1, 1, 1, 1, 1, 1, 1, 1, 1, 0]",25.18,20.74,29.17,13.24,1731134.95
RYTM,87.86,4,"[1, 0, 0, 0, 0, 0, 1, 0, 1, 1]",87.64,98.18,117.62,61.44,572618.1
HIMS,28.98,4,"[1, 1, 0, 0, 0, 0, 1, 0, 1, 0]",25.15,33.82,66.18,14.52,21437177.9
PTGX,105.87,10,"[1, 1, 1, 1, 1, 1, 1, 1, 1, 1]",101.28,85.68,105.98,49.7,563477.35
ACA,127.34,9,"[1, 1, 1, 1, 1, 1, 1, 1, 1, 0]",119.71,108.78,131.39,83.54,253050.55
FNB,18.04,10,"[1, 1, 1, 1, 1, 1, 1, 1, 1, 1]",17.4,16.68,18.65,13.23,4831088.6
FLY,33.44,5,"[0, 1, 1, 1, 0, 0, 1, 0, 1, 0]",39.01,30.12,60.35,16.78,9181716.9
CELC,92.59,5,"[0, 0, 0, 1, 1, 1, 1, 0, 1, 0]",121.58,96.09,144.98,11.45,1735006.95
ENIC,4.21,8,"[0, 1, 1, 1, 1, 1, 1, 1, 1, 0]",4.25,3.92,4.54,3.01,656965.55
INGM,29.13,10,"[1, 1, 1, 1, 1, 1, 1, 1, 1, 1]",27.73,22.91,31.64,18.49,1240954.35
LUNR,27.47,7,"[0, 1, 1, 1, 1, 1, 1, 0, 1, 0]",29.09,17.67,45.7,8.05,17333400.4
RGTI,19.69,4,"[1, 0, 0, 0, 0, 1, 1, 0, 1, 0]",18.84,23.56,56.34,10.79,63340007.4
CLF,12.72,8,"[1, 1, 1, 0, 0, 1, 1, 1, 1, 1]",10.67,11.64,16.18,6.92,18751288.95
CE,50.92,6,"[0, 0, 1, 1, 1, 1, 1, 0, 1, 0]",60.36,49.46,69.24,35.49,1791634.6
APGE,85.0,10,"[1, 1, 1, 1, 1, 1, 1, 1, 1, 1]",84.18,67.63,92.2,34.65,1035073.85
LSTR,223.46,10,"[1, 1, 1, 1, 1, 1, 1, 1, 1, 1]",183.61,149.7,225.37,118.1,553703.8
GVA,140.05,9,"[1, 1, 1, 1, 1, 1, 1, 1, 1, 0]",131.6,118.7,143.13,88.34,817668.95
VIST,71.5,10,"[1, 1, 1, 1, 1, 1, 1, 1, 1, 1]",71.33,54.35,79.25,33.7,946091.7
KGS,67.08,9,"[1, 1, 1, 1, 1, 1, 1, 1, 1, 0]",66.56,46.36,75.89,29.75,2203449.95
CNTA,39.76,10,"[1, 1, 1, 1, 1, 1, 1, 1, 1, 1]",39.4,28.16,39.9,12.04,1223800.15
URBN,73.78,7,"[1, 1, 1, 1, 0, 0, 0, 1, 1, 1]",70.21,70.18,82.7,59.57,1443341.95
PTCT,73.68,8,"[1, 1, 1, 0, 1, 1, 1, 1, 1, 0]",70.01,69.39,86.25,43.3,1118715.4
ETSY,68.76,9,"[1, 1, 1, 1, 0, 1, 1, 1, 1, 1]",61.15,59.01,75.56,44.05,2950470.45
LNTH,99.98,10,"[1, 1, 1, 1, 1, 1, 1, 1, 1, 1]",88.87,69.2,103.0,50.11,1070765.0
VNO,38.45,7,"[1, 1, 1, 0, 0, 0, 1, 1, 1, 1]",30.39,33.16,42.04,24.71,1688451.4
REZI,30.96,4,"[0, 0, 0, 1, 0, 1, 1, 0, 1, 0]",35.24,36.31,44.5,20.54,1676774.85
OUT,30.65,9,"[1, 1, 1, 1, 1, 1, 1, 1, 1, 0]",30.38,24.05,33.58,14.85,1806663.3
FLG,14.23,10,"[1, 1, 1, 1, 1, 1, 1, 1, 1, 1]",13.92,12.83,14.8,10.57,3805947.4
EAT,150.83,8,"[1, 1, 1, 0, 1, 0, 1, 1, 1, 1]",143.42,142.83,184.02,102.29,1032576.9
GXO,50.24,3,"[0, 0, 0, 0, 1, 0, 0, 1, 1, 0]",52.33,53.86,65.59,42.75,1235518.35
COGT,31.98,6,"[0, 0, 1, 0, 1, 1, 1, 1, 1, 0]",34.97,30.35,42.11,7.07,2271442.85
IBP,206.03,2,"[0, 0, 0, 0, 1, 0, 0, 0, 1, 0]",251.13,268.06,341.42,160.92,516475.95
ABCB,86.1,10,"[1, 1, 1, 1, 1, 1, 1, 1, 1, 1]",83.74,77.91,87.26,59.09,388582.5
TFX,135.75,9,"[1, 1, 1, 1, 0, 1, 1, 1, 1, 1]",127.46,119.56,138.45,99.79,666503.15
IMVT,31.61,10,"[1, 1, 1, 1, 1, 1, 1, 1, 1, 1]",28.69,24.08,35.56,14.69,2561158.35
CGON,56.67,8,"[0, 1, 1, 1, 1, 1, 1, 1, 1, 0]",65.62,50.74,74.0,23.94,1013086.15
USAR,20.9,6,"[0, 1, 1, 1, 0, 1, 1, 0, 1, 0]",22.66,19.62,38.68,9.61,17772870.45
NSA,45.19,10,"[1, 1, 1, 1, 1, 1, 1, 1, 1, 1]",42.07,33.54,45.19,27.02,794340.55
ALKS,44.29,10,"[1, 1, 1, 1, 1, 1, 1, 1, 1, 1]",36.37,31.64,44.29,26.13,2149092.15
CENX,60.91,9,"[0, 1, 1, 1, 1, 1, 1, 1, 1, 1]",62.41,43.65,68.77,16.91,1912215.0
MSM,116.84,10,"[1, 1, 1, 1, 1, 1, 1, 1, 1, 1]",102.53,90.74,117.21,77.89,731403.4
SRRK,45.58,8,"[0, 1, 1, 1, 1, 1, 1, 1, 1, 0]",47.95,41.71,51.51,27.92,1239496.25
BLCO,15.65,5,"[0, 0, 0, 0, 1, 1, 1, 1, 1, 0]",16.01,16.12,18.6,11.55,494499.9
PIPR,79.12,3,"[0, 0, 0, 0, 0, 1, 0, 1, 1, 0]",81.46,82.01,92.51,61.37,558443.0
BKH,67.78,5,"[0, 0, 0, 1, 1, 1, 0, 1, 1, 0]",73.04,68.11,76.1,53.49,1051035.95
KMX,48.01,6,"[1, 1, 1, 0, 0, 0, 1, 0, 1, 1]",41.12,43.83,71.57,30.88,3046511.2
MAC,24.39,10,"[1, 1, 1, 1, 1, 1, 1, 1, 1, 1]",21.69,18.89,24.39,15.31,3386507.1
CZR,29.45,10,"[1, 1, 1, 1, 1, 1, 1, 1, 1, 1]",27.7,24.65,31.51,18.14,11705523.5
PRIM,103.9,5,"[0, 0, 0, 1, 1, 1, 1, 0, 1, 0]",141.26,136.82,202.92,71.72,2036574.2
GLNG,50.71,8,"[0, 1, 1, 1, 1, 1, 1, 1, 1, 0]",53.42,43.78,57.07,34.97,1665968.95
OSCR,27.22,9,"[1, 1, 1, 1, 0, 1, 1, 1, 1, 1]",19.07,16.96,27.39,10.85,8582846.55
S,15.24,4,"[0, 1, 0, 1, 0, 0, 0, 1, 1, 0]",15.31,15.61,19.78,11.94,10149454.1
CORT,77.49,7,"[1, 1, 1, 0, 0, 0, 1, 1, 1, 1]",53.23,59.54,90.32,32.15,1081990.7
RUSHA,68.54,8,"[0, 1, 1, 1, 1, 1, 1, 1, 1, 0]",70.22,61.05,76.0,46.26,456130.8
HWC,70.1,10,"[1, 1, 1, 1, 1, 1, 1, 1, 1, 1]",66.64,63.56,73.31,51.66,941973.25
CACC,569.32,9,"[1, 1, 1, 1, 0, 1, 1, 1, 1, 1]",515.55,484.59,573.64,411.04,148364.05
ZGN,14.78,10,"[1, 1, 1, 1, 1, 1, 1, 1, 1, 1]",12.54,10.66,14.92,7.71,1066450.15
MATX,194.23,10,"[1, 1, 1, 1, 1, 1, 1, 1, 1, 1]",177.49,138.22,194.23,87.4,221763.7
MCY,101.11,10,"[1, 1, 1, 1, 1, 1, 1, 1, 1, 1]",96.59,88.64,102.93,62.11,256064.4
ALM,15.97,7,"[0, 1, 1, 1, 1, 1, 1, 0, 1, 0]",19.38,12.07,23.42,3.42,5010810.1
BGC,10.97,9,"[1, 1, 1, 1, 1, 1, 1, 1, 1, 0]",10.96,9.65,11.79,8.26,3223604.2
AUB,38.63,10,"[1, 1, 1, 1, 1, 1, 1, 1, 1, 1]",37.16,35.65,40.99,28.65,977512.2
GTX,32.81,10,"[1, 1, 1, 1, 1, 1, 1, 1, 1, 1]",25.59,18.7,33.82,9.57,3191913.45
MRCY,108.82,10,"[1, 1, 1, 1, 1, 1, 1, 1, 1, 1]",89.4,81.68,117.82,49.53,643489.8
VSEC,178.62,5,"[0, 0, 0, 0, 1, 1, 1, 1, 1, 0]",186.59,183.91,227.68,125.08,426167.25
TEO,14.02,10,"[1, 1, 1, 1, 1, 1, 1, 1, 1, 1]",12.19,10.98,14.71,6.52,628201.35
LBRT,28.13,8,"[0, 1, 1, 1, 1, 1, 1, 1, 1, 0]",30.5,21.88,33.83,9.91,3240307.6
XENE,52.79,8,"[0, 1, 1, 1, 1, 1, 1, 1, 1, 0]",55.76,45.97,62.76,30.3,1352353.45
SNDR,38.03,10,"[1, 1, 1, 1, 1, 1, 1, 1, 1, 1]",31.25,26.61,38.76,20.09,1100437.3
KLIC,102.64,9,"[1, 1, 1, 1, 1, 1, 1, 1, 1, 0]",90.19,59.92,108.57,31.71,857212.0
SEI,68.61,8,"[0, 1, 1, 1, 1, 1, 1, 1, 1, 0]",68.92,52.87,78.44,24.67,2444281.2
GOLF,94.28,10,"[1, 1, 1, 1, 1, 1, 1, 1, 1, 1]",92.33,86.99,102.72,69.15,316725.65
BEPC,38.86,7,"[1, 0, 1, 0, 1, 1, 0, 1, 1, 1]",38.84,38.56,43.52,30.22,1423399.35
VCTR,89.12,10,"[1, 1, 1, 1, 1, 1, 1, 1, 1, 1]",78.5,69.39,89.12,59.86,515700.55
BC,83.14,10,"[1, 1, 1, 1, 1, 1, 1, 1, 1, 1]",78.67,73.3,88.28,53.53,603027.9
MUR,38.63,9,"[0, 1, 1, 1, 1, 1, 1, 1, 1, 1]",38.87,32.34,42.37,21.48,1639631.65
MGY,27.28,7,"[0, 1, 1, 1, 1, 1, 0, 1, 1, 0]",29.06,25.43,32.17,20.99,2129747.4
CRSP,51.48,1,"[0, 0, 0, 0, 0, 0, 0, 0, 1, 0]",52.34,55.6,76.78,41.28,1693701.05
PACS,35.2,9,"[0, 1, 1, 1, 1, 1, 1, 1, 1, 1]",35.27,28.3,42.13,7.71,1018192.45
APLS,41.03,10,"[1, 1, 1, 1, 1, 1, 1, 1, 1, 1]",33.2,26.08,41.12,16.97,6965819.75
HASI,36.8,8,"[0, 1, 1, 1, 1, 1, 1, 1, 1, 0]",40.18,33.98,43.31,23.48,1101502.95
ATAT,33.27,4,"[0, 0, 0, 0, 1, 1, 0, 1, 1, 0]",36.09,37.35,42.21,29.93,1255482.3
CRC,58.45,8,"[0, 1, 1, 1, 1, 1, 1, 1, 1, 0]",63.32,54.07,69.66,42.98,700843.5
LEGN,33.49,8,"[1, 1, 1, 1, 0, 0, 1, 1, 1, 1]",25.34,25.75,44.32,16.65,2974904.6
PRM,32.77,10,"[1, 1, 1, 1, 1, 1, 1, 1, 1, 1]",29.66,26.01,34.0,13.13,1296363.8
IFS,52.55,10,"[1, 1, 1, 1, 1, 1, 1, 1, 1, 1]",47.08,43.12,52.55,34.08,388944.5
CROX,127.77,10,"[1, 1, 1, 1, 1, 1, 1, 1, 1, 1]",104.07,89.28,127.77,73.39,1301837.25
CAR,181.34,7,"[0, 1, 1, 1, 1, 0, 1, 0, 1, 1]",228.69,156.44,713.97,87.69,956229.55
M,22.18,9,"[1, 1, 1, 0, 1, 1, 1, 1, 1, 1]",19.78,19.47,23.7,10.33,7320687.05
AVAL,5.09,10,"[1, 1, 1, 1, 1, 1, 1, 1, 1, 1]",4.51,4.09,5.19,2.7,338277.45
KNF,76.29,4,"[0, 0, 0, 1, 1, 0, 0, 1, 1, 0]",82.15,77.43,94.57,59.93,550533.1
DIOD,103.51,9,"[1, 1, 1, 1, 1, 1, 1, 1, 1, 0]",97.54,66.46,116.22,42.36,733830.35
SON,49.9,8,"[0, 1, 1, 1, 1, 1, 1, 1, 1, 0]",50.85,46.59,56.81,38.0,1240650.4
WSC,27.53,8,"[1, 1, 1, 1, 0, 0, 1, 1, 1, 1]",22.68,21.17,31.26,14.84,2241427.65
RELY,18.36,7,"[0, 1, 1, 1, 0, 1, 1, 1, 1, 0]",20.25,16.5,24.28,12.2,5543789.0
SXT,119.47,9,"[1, 1, 1, 1, 0, 1, 1, 1, 1, 1]",107.85,98.57,124.21,82.67,348569.75
ALH,26.15,7,"[1, 1, 0, 1, 0, 0, 1, 1, 1, 1]",24.48,26.15,26.93,19.06,638058.85
ACLS,164.57,9,"[1, 1, 1, 1, 1, 1, 1, 1, 1, 0]",137.91,99.21,171.0,65.07,532208.85
LB,67.98,9,"[0, 1, 1, 1, 1, 1, 1, 1, 1, 1]",69.28,61.61,85.14,44.06,372257.8
STVN,18.1,3,"[1, 0, 0, 0, 0, 0, 1, 0, 1, 0]",16.65,19.9,27.95,13.43,312066.6
BMA,88.0,9,"[1, 1, 1, 0, 1, 1, 1, 1, 1, 1]",77.25,73.76,101.71,38.01,285306.4
GBTG,9.35,8,"[1, 1, 1, 1, 0, 1, 1, 1, 1, 0]",7.65,7.33,9.51,4.97,3371641.5
TDS,39.33,5,"[0, 0, 0, 1, 1, 1, 0, 1, 1, 0]",43.06,41.41,47.55,33.01,1188286.3
NOVT,160.65,10,"[1, 1, 1, 1, 1, 1, 1, 1, 1, 1]",140.09,125.58,168.59,99.22,552351.25
MARA,13.31,6,"[1, 1, 1, 1, 0, 0, 1, 0, 1, 0]",11.88,12.61,22.84,6.73,40520044.15
ACHR,5.32,1,"[0, 0, 0, 0, 0, 0, 0, 0, 1, 0]",5.97,7.86,13.64,4.94,55350373.6
PSMT,176.26,10,"[1, 1, 1, 1, 1, 1, 1, 1, 1, 1]",160.76,137.3,177.03,100.47,235388.15
SYNA,130.88,10,"[1, 1, 1, 1, 1, 1, 1, 1, 1, 1]",105.7,82.5,147.57,58.52,948925.5
OPEN,4.34,3,"[0, 0, 0, 0, 0, 1, 1, 0, 1, 0]",4.87,6.12,10.52,0.51,37089304.3
PBF,40.36,8,"[0, 1, 1, 1, 1, 1, 1, 1, 1, 0]",41.83,35.17,50.89,19.56,2413693.05
INDV,38.26,9,"[1, 1, 1, 1, 1, 1, 1, 1, 1, 0]",35.12,31.55,40.61,13.66,1712813.5
ENPH,53.51,9,"[1, 1, 1, 1, 1, 1, 1, 0, 1, 1]",43.9,38.73,72.33,26.12,10401436.5
KC,11.43,2,"[0, 0, 0, 1, 0, 0, 0, 0, 1, 0]",14.89,13.59,18.21,10.34,1778611.3
MIAX,39.8,3,"[0, 0, 0, 1, 1, 0, 0, 0, 1, 0]",46.13,43.05,56.84,30.74,1562836.6
TGS,29.87,7,"[0, 0, 1, 1, 1, 1, 1, 1, 1, 0]",31.08,29.04,35.32,20.12,382150.1
DNTH,84.57,8,"[0, 1, 1, 1, 1, 1, 1, 1, 1, 0]",87.44,55.5,95.76,16.86,620265.0
SPHR,139.63,10,"[1, 1, 1, 1, 1, 1, 1, 1, 1, 1]",133.16,95.71,145.78,38.19,708605.3
MDU,20.97,8,"[0, 1, 1, 1, 1, 1, 1, 1, 1, 0]",21.83,19.88,22.8,15.63,1904800.8
EBC,20.59,10,"[1, 1, 1, 1, 1, 1, 1, 1, 1, 1]",19.9,18.85,21.66,13.78,1962454.0
HRB,38.26,5,"[1, 1, 0, 0, 0, 0, 1, 0, 1, 1]",33.99,39.69,54.4,27.66,2466503.35
NAVN,20.68,7,"[1, 1, 0, 1, 0, 0, 1, 1, 1, 1]",17.18,20.68,22.87,8.51,3465298.7
AIR,120.13,10,"[1, 1, 1, 1, 1, 1, 1, 1, 1, 1]",113.3,97.01,125.99,66.95,370964.95
VSH,58.58,10,"[1, 1, 1, 1, 1, 1, 1, 1, 1, 1]",34.87,20.9,63.97,11.67,8935590.05
PI,125.04,2,"[0, 0, 0, 0, 0, 0, 1, 0, 1, 0]",129.12,154.09,241.91,91.34,472625.15
MEOH,57.66,8,"[0, 1, 1, 1, 1, 1, 1, 1, 1, 0]",60.69,46.76,65.72,32.04,678516.2
NTSK,9.0,2,"[0, 0, 0, 0, 1, 0, 0, 0, 1, 0]",10.33,9.0,25.79,7.73,5603701.95
QS,7.32,2,"[0, 0, 0, 0, 0, 0, 1, 0, 1, 0]",7.51,10.11,18.44,4.23,26097500.75
CVLT,121.77,5,"[1, 1, 0, 0, 0, 0, 1, 0, 1, 1]",99.62,123.08,195.41,75.18,700133.75
CSTM,34.0,9,"[1, 1, 1, 1, 1, 1, 1, 1, 1, 0]",31.62,22.23,36.15,12.92,2262604.45
LAUR,35.22,9,"[1, 1, 1, 0, 1, 1, 1, 1, 1, 1]",33.0,32.14,35.97,21.78,1083997.9
PAM,82.55,7,"[0, 0, 1, 0, 1, 1, 1, 1, 1, 1]",83.23,79.59,92.27,56.55,236115.7
PAGP,24.35,10,"[1, 1, 1, 1, 1, 1, 1, 1, 1, 1]",23.87,20.13,25.95,15.88,1670695.35
CVSA,126.08,8,"[1, 1, 1, 1, 0, 1, 1, 1, 1, 0]",119.5,116.68,154.45,89.36,269747.0
ATMU,48.38,4,"[0, 0, 0, 0, 1, 1, 1, 0, 1, 0]",55.29,52.81,65.5,34.89,818663.4
FTDR,65.87,9,"[1, 1, 1, 1, 0, 1, 1, 1, 1, 1]",61.35,60.55,69.38,49.1,456201.8
MMYT,41.03,1,"[0, 0, 0, 0, 0, 0, 0, 0, 1, 0]",44.61,68.03,103.21,36.3,937039.3
INSW,81.22,9,"[1, 1, 1, 1, 1, 1, 1, 1, 1, 0]",80.22,59.48,91.62,34.2,532456.8
HCC,94.67,10,"[1, 1, 1, 1, 1, 1, 1, 1, 1, 1]",90.85,81.36,110.28,40.96,944993.2
NAMS,30.38,4,"[0, 0, 0, 0, 1, 1, 1, 0, 1, 0]",33.32,33.09,41.45,17.96,1407167.55
KNSA,48.7,8,"[0, 1, 1, 1, 1, 1, 1, 1, 1, 0]",50.5,43.32,59.48,26.33,521338.75
SHC,16.53,9,"[1, 1, 1, 0, 1, 1, 1, 1, 1, 1]",15.49,16.25,19.35,10.94,4034429.5
TBBB,39.52,10,"[1, 1, 1, 1, 1, 1, 1, 1, 1, 1]",36.98,32.66,39.6,24.12,987982.85
HRI,149.89,9,"[1, 1, 1, 0, 1, 1, 1, 1, 1, 1]",122.05,133.0,179.36,90.58,497823.75
NWE,65.68,7,"[0, 0, 1, 1, 1, 1, 1, 1, 1, 0]",70.68,64.92,73.36,49.23,535801.35
FLNC,23.46,7,"[1, 1, 1, 0, 1, 1, 1, 0, 1, 0]",17.41,17.49,32.23,4.85,14588724.7
LGND,243.28,10,"[1, 1, 1, 1, 1, 1, 1, 1, 1, 1]",222.8,197.99,243.28,112.5,189930.85
IPGP,106.37,8,"[0, 1, 1, 1, 1, 1, 1, 0, 1, 1]",115.39,97.97,153.91,65.91,577637.3
CBT,84.39,9,"[1, 1, 1, 1, 0, 1, 1, 1, 1, 1]",79.0,72.39,87.51,57.64,474050.6
GTLB,30.3,4,"[1, 0, 0, 0, 0, 0, 1, 0, 1, 1]",24.46,35.12,51.04,19.42,7842857.7
BCO,102.57,4,"[0, 0, 0, 0, 1, 1, 0, 1, 1, 0]",105.75,113.66,135.25,83.48,457506.3
HAFN,7.31,8,"[0, 1, 1, 1, 1, 1, 1, 1, 1, 0]",8.03,6.28,9.11,4.39,1945654.3
WIX,48.22,1,"[0, 0, 0, 0, 0, 0, 0, 0, 1, 0]",67.96,102.14,184.24,48.21,2675877.35
AZZ,144.17,9,"[1, 1, 1, 1, 1, 1, 1, 1, 1, 0]",138.32,120.16,148.65,86.88,212572.5
ONDS,9.65,7,"[0, 0, 1, 1, 1, 1, 1, 0, 1, 1]",10.13,9.17,14.01,1.43,92177838.95
UNF,270.48,10,"[1, 1, 1, 1, 1, 1, 1, 1, 1, 1]",259.47,209.52,274.52,149.3,214385.75
IRDM,45.1,10,"[1, 1, 1, 1, 1, 1, 1, 1, 1, 1]",41.18,25.18,52.07,15.62,2313005.65
STNG,76.21,8,"[0, 1, 1, 1, 1, 1, 1, 1, 1, 0]",77.98,64.44,86.1,38.33,821444.35
