ticker,price,score,points,sma50,sma200,wk52_high,wk52_low,volume
INN,6.68,9,"[1, 1, 1, 1, 0, 1, 1, 1, 1, 1]",5.75,5.01,7.07,3.97,2716386.85
PKE,38.23,8,"[1, 1, 1, 1, 1, 1, 0, 0, 1, 1]",33.88,25.73,,,456493.5
STRO,30.24,8,"[0, 1, 1, 1, 1, 1, 1, 0, 1, 1]",32.1,18.89,40.91,7.3,425604.9
TLRY,4.43,1,"[0, 0, 0, 0, 0, 0, 0, 0, 1, 0]",5.44,8.86,21.0,4.43,3727812.35
SHBI,23.4,10,"[1, 1, 1, 1, 1, 1, 1, 1, 1, 1]",20.57,18.28,23.4,14.75,261936.45
EVC,13.38,10,"[1, 1, 1, 1, 1, 1, 1, 1, 1, 1]",8.18,4.12,13.48,1.91,2187173.05
ZVRA,13.81,10,"[1, 1, 1, 1, 1, 1, 1, 1, 1, 1]",11.49,9.79,14.34,7.23,1914495.9
CARS,11.28,7,"[1, 1, 1, 0, 0, 0, 1, 1, 1, 1]",10.33,10.81,13.79,7.58,798664.4
CLYM,13.29,10,"[1, 1, 1, 1, 1, 1, 1, 1, 1, 1]",11.0,5.92,13.36,1.26,1624541.85
CWBC,27.46,10,"[1, 1, 1, 1, 1, 1, 1, 1, 1, 1]",24.51,22.94,27.46,18.3,594241.95
RMR,20.54,10,"[1, 1, 1, 1, 1, 1, 1, 1, 1, 1]",19.63,16.2,21.37,13.34,153878.45
SPIR,18.38,7,"[0, 1, 1, 1, 1, 1, 1, 0, 1, 0]",18.54,12.89,25.48,7.02,1532038.6
SWBI,15.0,8,"[0, 1, 1, 1, 1, 1, 1, 1, 1, 0]",15.1,12.0,16.67,7.47,1125660.25
ARVN,8.2,5,"[0, 0, 0, 0, 1, 1, 1, 0, 1, 1]",8.86,10.67,13.83,6.24,864720.75
AVR,9.94,10,"[1, 1, 1, 1, 1, 1, 1, 1, 1, 1]",8.14,5.92,10.4,2.9,1519254.9
NKLR,4.87,3,"[0, 0, 0, 1, 1, 0, 0, 0, 1, 0]",5.79,4.87,18.26,3.91,296846.1
VTEX,4.18,7,"[1, 1, 1, 1, 0, 0, 1, 0, 1, 1]",3.75,3.85,6.76,2.87,1939189.25
MRAM,22.34,7,"[0, 1, 1, 1, 1, 1, 1, 0, 1, 0]",25.45,13.95,44.01,5.94,2123273.2
CABA,2.99,7,"[0, 1, 1, 1, 1, 1, 1, 0, 1, 0]",3.31,2.81,4.15,1.33,5871074.05
KE,25.71,3,"[0, 0, 0, 0, 0, 0, 1, 1, 1, 0]",25.71,27.24,33.13,18.26,198763.65
CNNE,14.84,7,"[1, 1, 1, 1, 0, 0, 1, 0, 1, 1]",13.78,14.63,21.04,10.53,519042.85
PSNL,13.79,10,"[1, 1, 1, 1, 1, 1, 1, 1, 1, 1]",8.69,8.33,13.79,4.41,3737488.45
CCSI,38.76,10,"[1, 1, 1, 1, 1, 1, 1, 1, 1, 1]",31.35,26.93,38.76,19.66,167090.15
ANGX,3.54,4,"[1, 0, 0, 0, 0, 0, 1, 0, 1, 1]",2.9,4.39,16.0,2.18,1229254.7
NPCE,15.77,8,"[0, 1, 1, 1, 1, 1, 1, 1, 1, 0]",16.36,14.53,19.29,8.25,182222.55
RGR,37.62,5,"[0, 0, 0, 1, 0, 1, 1, 1, 1, 0]",39.79,38.4,46.84,28.67,149139.1
TDUP,6.91,6,"[1, 1, 1, 0, 0, 0, 1, 0, 1, 1]",4.93,6.08,12.08,3.11,2207870.9
SXC,7.78,7,"[0, 1, 1, 1, 0, 1, 1, 1, 1, 0]",8.05,7.24,9.6,5.58,1438400.55
DNUT,3.72,7,"[1, 1, 1, 0, 0, 1, 0, 1, 1, 1]",3.61,3.65,4.7,2.92,2992866.95
BCAL,21.17,10,"[1, 1, 1, 1, 1, 1, 1, 1, 1, 1]",19.19,18.31,21.17,14.37,270826.35
PHR,10.72,4,"[1, 0, 0, 0, 0, 0, 1, 0, 1, 1]",9.45,14.99,32.55,8.06,1233296.95
RYAM,7.73,5,"[0, 0, 0, 1, 1, 1, 1, 0, 1, 0]",8.84,8.1,11.75,3.63,1043934.9
FEIM,65.79,9,"[1, 1, 1, 1, 1, 1, 1, 1, 1, 0]",63.4,48.55,77.15,19.1,206042.0
NPB,19.31,10,"[1, 1, 1, 1, 1, 1, 1, 1, 1, 1]",17.73,17.46,19.31,14.2,202851.7
TRON,1.58,3,"[0, 0, 0, 1, 0, 0, 1, 0, 1, 0]",1.92,1.99,11.0,1.13,1053808.6
CADL,9.88,10,"[1, 1, 1, 1, 1, 1, 1, 1, 1, 1]",8.2,6.08,10.36,4.42,2281334.1
BWMN,28.66,1,"[0, 0, 0, 0, 0, 0, 0, 0, 1, 0]",31.63,34.53,44.43,26.69,147616.65
FET,48.92,7,"[0, 0, 1, 1, 1, 1, 1, 1, 1, 0]",54.8,44.57,64.54,18.16,183136.2
CLB,11.57,3,"[0, 0, 0, 0, 1, 1, 0, 0, 1, 0]",13.61,15.43,19.64,9.72,1189075.0
GPRK,9.05,8,"[0, 1, 1, 1, 1, 1, 1, 1, 1, 0]",9.91,8.33,11.78,5.93,592808.65
ORN,15.45,10,"[1, 1, 1, 1, 1, 1, 1, 1, 1, 1]",14.43,11.61,17.14,6.57,478411.7
HPP,16.08,7,"[1, 1, 1, 1, 0, 0, 1, 0, 1, 1]",12.25,11.73,21.49,5.51,1107577.1
CSTL,24.71,5,"[1, 0, 0, 0, 1, 0, 1, 0, 1, 1]",21.74,28.7,43.04,14.65,373042.9
CTKB,4.58,8,"[1, 0, 1, 0, 1, 1, 1, 1, 1, 1]",4.19,4.49,5.88,3.1,2399562.9
GLRE,16.36,9,"[0, 1, 1, 1, 1, 1, 1, 1, 1, 1]",16.92,14.83,19.0,11.95,177999.8
ALOY,14.99,9,"[1, 1, 1, 1, 1, 1, 1, 0, 1, 1]",11.7,10.53,25.88,5.71,3554327.8
RR,2.06,1,"[0, 0, 0, 0, 0, 0, 0, 0, 1, 0]",2.49,3.38,7.06,1.73,9523684.2
BTBT,1.77,2,"[0, 0, 0, 0, 0, 0, 1, 0, 1, 0]",1.84,2.22,4.22,1.26,28127363.45
MSBI,31.37,10,"[1, 1, 1, 1, 1, 1, 1, 1, 1, 1]",27.76,21.62,31.37,13.98,190955.25
NFBK,14.91,10,"[1, 1, 1, 1, 1, 1, 1, 1, 1, 1]",14.22,12.47,14.99,9.8,388900.65
UROY,2.78,1,"[0, 0, 0, 0, 0, 0, 0, 0, 1, 0]",3.45,3.84,5.46,2.3,2799042.4
CARE,34.59,10,"[1, 1, 1, 1, 1, 1, 1, 1, 1, 1]",27.97,22.01,34.59,16.88,452422.2
EGY,4.96,7,"[0, 0, 1, 1, 1, 1, 1, 1, 1, 0]",5.69,4.69,6.6,3.29,1537710.15
GDYN,6.24,1,"[0, 0, 0, 0, 0, 0, 0, 0, 1, 0]",6.32,7.43,12.39,5.21,2965713.6
ALTI,3.69,5,"[1, 0, 0, 0, 1, 0, 1, 0, 1, 1]",3.38,3.92,5.19,2.81,280977.6
PRME,3.89,5,"[1, 1, 0, 0, 0, 0, 1, 0, 1, 1]",3.27,3.94,6.67,2.7,3428957.05
TCMD,30.65,9,"[1, 1, 1, 0, 1, 1, 1, 1, 1, 1]",25.34,24.58,33.05,9.52,254080.35
MLAB,104.39,9,"[1, 1, 1, 1, 1, 1, 1, 1, 1, 0]",101.75,86.16,109.13,57.01,237190.65
FTK,23.65,10,"[1, 1, 1, 1, 1, 1, 1, 1, 1, 1]",20.38,17.23,24.82,11.04,326131.25
AVTX,17.29,9,"[1, 1, 1, 0, 1, 1, 1, 1, 1, 1]",16.09,15.84,22.87,4.75,2175275.95
DDI,11.48,9,"[1, 1, 1, 1, 1, 1, 1, 1, 1, 0]",11.28,9.5,12.25,8.25,120759.8
HELE,29.34,9,"[1, 1, 1, 1, 0, 1, 1, 1, 1, 1]",25.54,20.76,33.25,13.88,538720.9
BETR,30.19,4,"[0, 0, 0, 0, 0, 1, 1, 0, 1, 1]",30.86,40.02,86.07,12.44,327514.7
KYTX,8.44,8,"[0, 0, 1, 1, 1, 1, 1, 1, 1, 1]",8.72,8.04,11.25,2.55,1136524.2
PRTA,9.58,6,"[0, 0, 0, 1, 0, 1, 1, 1, 1, 1]",9.72,9.69,11.51,6.22,636734.6
PROK,1.89,3,"[1, 0, 0, 0, 0, 0, 1, 0, 1, 0]",1.81,2.22,5.18,0.58,1404380.05
CHW,8.86,9,"[1, 1, 1, 1, 1, 1, 1, 1, 1, 0]",8.62,7.68,9.1,6.55,209618.15
MG,17.14,8,"[0, 1, 1, 1, 1, 1, 1, 1, 1, 0]",18.1,14.2,19.28,7.83,235767.8
INV,5.01,7,"[0, 1, 1, 1, 1, 1, 1, 0, 1, 0]",6.18,4.63,7.32,2.55,1754916.6
KRT,33.83,10,"[1, 1, 1, 1, 1, 1, 1, 1, 1, 1]",28.62,24.96,33.83,19.92,134228.05
DDL,1.98,3,"[0, 0, 0, 0, 1, 1, 0, 0, 1, 0]",2.43,2.39,3.2,1.67,643829.45
MEC,35.21,10,"[1, 1, 1, 1, 1, 1, 1, 1, 1, 1]",28.7,20.4,37.54,12.56,705537.0
PACK,6.91,9,"[1, 1, 1, 1, 1, 1, 1, 1, 1, 0]",6.31,5.31,7.64,3.24,558683.95
WTI,3.08,7,"[0, 1, 1, 1, 1, 1, 1, 0, 1, 0]",3.88,2.63,4.9,1.49,4728636.35
DNA,10.28,7,"[1, 1, 1, 1, 0, 0, 1, 0, 1, 1]",8.71,9.33,16.14,5.48,1329985.55
TECX,32.74,10,"[1, 1, 1, 1, 1, 1, 1, 1, 1, 1]",29.29,23.65,35.87,14.71,141551.05
CPS,26.41,1,"[0, 0, 0, 0, 0, 0, 0, 0, 1, 0]",29.28,32.16,45.2,22.67,167366.5
ASIX,19.85,8,"[0, 1, 1, 1, 1, 1, 1, 1, 1, 0]",22.06,19.38,25.98,14.04,251062.4
RGNX,13.09,7,"[1, 1, 1, 0, 0, 0, 1, 1, 1, 1]",8.21,10.39,15.98,5.65,2513769.3
CLFD,38.5,7,"[0, 1, 1, 1, 0, 1, 1, 1, 1, 0]",39.05,33.18,51.26,26.0,246067.2
ILPT,9.0,10,"[1, 1, 1, 1, 1, 1, 1, 1, 1, 1]",8.28,6.3,9.36,4.37,602414.15
CTNM,15.24,10,"[1, 1, 1, 1, 1, 1, 1, 1, 1, 1]",13.14,12.59,16.39,3.73,483405.1
FFIC,15.49,8,"[0, 1, 1, 1, 1, 1, 1, 1, 1, 0]",15.71,14.8,17.11,11.14,338287.4
MCS,23.2,10,"[1, 1, 1, 1, 1, 1, 1, 1, 1, 1]",19.92,16.66,24.89,12.87,317537.55
ASTL,3.83,3,"[0, 0, 0, 1, 1, 0, 0, 0, 1, 0]",4.83,4.36,7.11,3.19,811601.2
AURA,6.73,8,"[0, 1, 1, 1, 1, 1, 1, 1, 1, 0]",7.22,6.27,8.9,4.97,660629.95
AQST,4.24,4,"[1, 0, 0, 0, 0, 0, 1, 0, 1, 1]",4.22,4.88,7.49,2.95,2286912.3
MAMA,18.33,10,"[1, 1, 1, 1, 1, 1, 1, 1, 1, 1]",15.19,13.73,20.65,7.98,847349.4
LZM,3.75,2,"[0, 0, 0, 1, 0, 0, 0, 0, 1, 0]",4.81,4.64,6.1,3.19,767351.4
ACHV,6.4,10,"[1, 1, 1, 1, 1, 1, 1, 1, 1, 1]",5.09,4.44,6.53,2.07,2755141.35
SD,13.39,5,"[0, 0, 0, 0, 1, 1, 1, 1, 1, 0]",14.68,14.2,17.58,9.54,349998.4
MNRO,17.15,5,"[1, 0, 0, 0, 1, 0, 1, 0, 1, 1]",16.14,17.58,23.1,12.29,1373320.7
OOMA,19.6,10,"[1, 1, 1, 1, 1, 1, 1, 1, 1, 1]",17.85,13.65,19.6,10.58,367069.1
ANL,10.6,7,"[0, 1, 1, 1, 1, 1, 1, 0, 1, 0]",12.15,6.45,16.6,0.88,140839.2
IMMX,9.83,10,"[1, 1, 1, 1, 1, 1, 1, 1, 1, 1]",9.24,6.61,11.12,1.96,2086301.85
XWIN,8.79,7,"[1, 1, 0, 1, 0, 0, 1, 1, 1, 1]",8.15,8.79,8.79,5.2,1598081.15
FDMT,12.69,9,"[1, 1, 1, 1, 0, 1, 1, 1, 1, 1]",9.75,9.44,13.3,3.95,1129043.7
KRNY,9.54,10,"[1, 1, 1, 1, 1, 1, 1, 1, 1, 1]",8.31,7.41,9.54,5.49,676846.55
STTK,6.51,10,"[1, 1, 1, 1, 1, 1, 1, 1, 1, 1]",6.04,4.31,7.88,0.73,1960225.55
CERS,3.0,10,"[1, 1, 1, 1, 1, 1, 1, 1, 1, 1]",2.56,2.07,3.04,1.16,2859203.4
OIS,7.91,4,"[0, 0, 0, 0, 1, 1, 1, 0, 1, 0]",9.03,8.54,14.39,4.88,807426.9
HKD,1.64,5,"[0, 1, 1, 1, 0, 1, 0, 0, 1, 0]",1.7,1.63,2.95,1.27,233536.7
CBIO,17.08,8,"[0, 1, 1, 1, 1, 1, 1, 0, 1, 1]",19.49,14.47,26.98,8.94,348983.35
PANL,6.52,5,"[0, 0, 0, 1, 1, 1, 1, 0, 1, 0]",7.57,6.98,9.29,4.46,576287.6
OCGN,1.48,6,"[1, 0, 0, 0, 1, 1, 1, 0, 1, 1]",1.44,1.55,2.48,0.93,9872481.0
FVR,20.49,10,"[1, 1, 1, 1, 1, 1, 1, 1, 1, 1]",18.27,15.62,20.49,10.69,206973.75
MATV,7.44,1,"[0, 0, 0, 0, 0, 0, 0, 0, 1, 0]",8.47,10.48,14.72,6.03,564835.1
XOMA,42.62,9,"[1, 1, 1, 1, 0, 1, 1, 1, 1, 1]",41.53,33.48,42.62,22.89,145625.55
IPI,33.51,6,"[0, 0, 1, 1, 1, 1, 1, 0, 1, 0]",37.66,33.29,48.84,23.94,267674.25
CHCT,18.38,10,"[1, 1, 1, 1, 1, 1, 1, 1, 1, 1]",17.37,15.63,18.49,12.18,179870.45
CGC,0.95,1,"[0, 0, 0, 0, 0, 0, 0, 0, 1, 0]",1.06,1.16,1.92,0.86,6141191.0
PUBM,13.83,10,"[1, 1, 1, 1, 1, 1, 1, 1, 1, 1]",10.85,8.93,13.83,6.28,621138.25
ELVA,10.48,9,"[1, 1, 1, 1, 1, 1, 1, 1, 1, 0]",10.24,8.09,12.26,3.18,345736.65
ALIT,13.73,2,"[0, 0, 0, 0, 0, 0, 1, 0, 1, 0]",14.8,31.37,116.32,9.8,1767646.25
CD,4.15,3,"[0, 0, 0, 1, 0, 0, 1, 0, 1, 0]",6.17,7.93,35.79,2.01,462985.45
NUAI,5.2,8,"[1, 1, 1, 1, 1, 1, 1, 0, 1, 0]",4.96,4.42,8.06,0.33,9229574.9
CVGW,26.09,7,"[0, 1, 1, 1, 0, 1, 1, 1, 1, 0]",26.8,24.65,28.52,18.24,271210.0
EBS,8.28,4,"[0, 0, 0, 0, 1, 0, 1, 0, 1, 1]",8.37,9.72,13.9,5.63,1000303.75
RBBN,2.35,2,"[0, 0, 0, 1, 0, 0, 0, 0, 1, 0]",2.69,2.82,4.25,1.95,786453.3
CLNE,2.07,2,"[1, 0, 0, 0, 0, 0, 0, 0, 1, 0]",2.06,2.32,3.06,1.73,1620918.9
OVID,2.68,10,"[1, 1, 1, 1, 1, 1, 1, 1, 1, 1]",2.56,1.93,2.96,0.33,3811580.4
APPS,13.31,9,"[1, 1, 1, 1, 0, 1, 1, 1, 1, 1]",6.85,5.37,13.31,2.82,6761313.25
SRTA,5.28,7,"[0, 1, 1, 1, 0, 1, 1, 1, 1, 0]",5.52,4.99,6.47,3.77,1421339.2
RIGL,38.29,8,"[1, 1, 1, 0, 1, 0, 1, 1, 1, 1]",31.2,34.01,50.96,18.42,373246.95
NGNE,33.88,9,"[1, 1, 1, 1, 0, 1, 1, 1, 1, 1]",28.97,23.63,34.37,16.37,235116.15
IMXI,14.54,5,"[0, 0, 0, 0, 1, 1, 1, 1, 1, 0]",15.17,15.25,15.94,8.71,488218.0
ZKH,2.06,2,"[0, 0, 0, 0, 1, 0, 0, 0, 1, 0]",2.81,3.11,3.79,2.06,108430.3
PSFE,7.88,6,"[1, 1, 0, 1, 0, 0, 1, 0, 1, 1]",7.85,8.54,14.68,6.01,322258.65
TATT,48.11,9,"[1, 1, 1, 0, 1, 1, 1, 1, 1, 1]",39.91,44.0,61.11,29.82,287686.15
ASMB,26.69,4,"[0, 0, 0, 0, 1, 0, 1, 0, 1, 1]",26.71,29.01,38.5,17.9,281531.6
WEAV,6.41,6,"[1, 1, 1, 0, 0, 0, 1, 0, 1, 1]",5.58,6.07,8.79,4.37,1009061.9
LTBR,8.91,1,"[0, 0, 0, 0, 0, 0, 0, 0, 1, 0]",11.18,15.05,27.72,8.66,1080032.9
MTW,13.09,9,"[1, 1, 1, 0, 1, 1, 1, 1, 1, 1]",12.74,12.34,15.15,9.14,303979.95
SGMT,7.46,7,"[1, 1, 1, 1, 0, 0, 1, 0, 1, 1]",7.11,6.55,10.24,4.55,1395966.5
FBRX,21.32,5,"[0, 0, 0, 0, 1, 1, 1, 0, 1, 1]",21.98,22.68,35.53,9.45,417688.5
EVH,5.74,7,"[1, 1, 1, 1, 0, 0, 1, 0, 1, 1]",4.2,4.49,11.79,2.17,2615398.4
BMBL,3.23,2,"[0, 0, 0, 0, 0, 0, 0, 0, 1, 1]",3.34,3.91,8.57,2.7,4653568.4
FULC,3.64,2,"[0, 0, 0, 0, 0, 0, 0, 0, 1, 1]",5.56,8.46,14.6,3.14,3842273.35
KLC,4.8,7,"[1, 1, 1, 1, 0, 0, 1, 0, 1, 1]",3.93,4.35,10.52,1.84,795676.65
CLDT,12.97,10,"[1, 1, 1, 1, 1, 1, 1, 1, 1, 1]",10.82,7.93,13.48,6.03,496294.95
ANGO,13.08,9,"[1, 1, 1, 1, 0, 1, 1, 1, 1, 1]",11.68,11.49,13.66,8.4,382116.2
RPD,8.97,4,"[1, 0, 0, 0, 0, 0, 1, 0, 1, 1]",6.97,11.35,25.59,5.05,2069576.5
CTEV,32.4,5,"[1, 1, 0, 0, 0, 0, 1, 0, 1, 1]",26.28,34.08,72.58,13.47,129022.8
CAL,12.39,6,"[0, 0, 1, 1, 1, 0, 1, 1, 1, 0]",13.11,12.38,15.42,8.76,755347.9
ADUR,15.54,8,"[1, 1, 1, 1, 0, 1, 1, 1, 1, 0]",14.34,12.91,17.39,8.85,624915.4
ZURA,5.01,7,"[1, 0, 1, 0, 1, 1, 1, 0, 1, 1]",4.51,4.75,7.04,1.1,1777390.7
ACTG,4.7,8,"[0, 1, 1, 1, 1, 1, 1, 1, 1, 0]",4.75,4.15,5.16,3.15,272988.25
NPWR,1.67,1,"[0, 0, 0, 0, 0, 0, 0, 0, 1, 0]",1.87,2.38,4.85,1.49,804732.1
BLZE,16.36,9,"[1, 1, 1, 1, 0, 1, 1, 1, 1, 1]",7.94,6.3,16.36,3.31,4933230.8
TROO,2.58,5,"[0, 0, 0, 1, 1, 1, 1, 0, 1, 0]",3.35,2.59,5.02,0.62,437372.75
PERI,9.58,7,"[1, 1, 1, 1, 0, 0, 0, 1, 1, 1]",9.42,9.45,11.43,7.71,614059.2
CRNC,11.53,8,"[1, 1, 1, 1, 0, 1, 1, 1, 1, 0]",10.34,10.06,13.52,5.96,997246.25
MCFT,24.41,10,"[1, 1, 1, 1, 1, 1, 1, 1, 1, 1]",23.72,21.57,27.38,17.21,167750.15
GEVO,1.45,1,"[0, 0, 0, 0, 0, 0, 0, 0, 1, 0]",1.7,2.01,2.78,1.15,3651684.95
ADCT,1.14,1,"[0, 0, 0, 0, 0, 0, 0, 0, 1, 0]",2.62,3.62,4.88,0.98,3524224.2
ENTA,14.77,9,"[1, 1, 1, 0, 1, 1, 1, 1, 1, 1]",13.36,12.91,16.85,6.49,256956.05
SPT,7.99,5,"[1, 1, 0, 0, 0, 0, 1, 0, 1, 1]",6.8,8.71,21.2,4.99,1465637.45
FSTR,44.08,10,"[1, 1, 1, 1, 1, 1, 1, 1, 1, 1]",39.43,31.06,45.17,22.08,101254.75
TTGT,4.07,1,"[0, 0, 0, 0, 0, 0, 0, 0, 1, 0]",4.68,4.95,8.7,3.48,456306.75
ALMU,20.5,7,"[0, 1, 1, 1, 1, 1, 1, 0, 1, 0]",23.37,17.89,31.49,10.73,858803.95
NVEC,105.97,9,"[1, 1, 1, 1, 1, 1, 1, 1, 1, 0]",94.99,73.37,116.92,55.94,268461.1
AVIR,4.78,10,"[1, 1, 1, 1, 1, 1, 1, 1, 1, 1]",4.76,4.16,6.15,2.82,345332.95
MAGN,11.94,7,"[1, 0, 1, 0, 1, 0, 1, 1, 1, 1]",11.22,11.73,15.26,7.96,360682.05
LXEO,4.45,1,"[0, 0, 0, 0, 0, 0, 0, 0, 1, 0]",5.15,7.13,10.63,3.67,965642.85
BGS,4.07,4,"[0, 0, 0, 0, 1, 1, 0, 0, 1, 1]",4.36,4.34,5.52,3.45,2128468.35
BYND,0.75,2,"[0, 0, 0, 0, 0, 0, 1, 0, 1, 0]",0.8,1.09,4.28,0.52,36217049.4
OEC,6.35,6,"[0, 1, 1, 1, 1, 0, 1, 0, 1, 0]",7.29,6.26,11.44,4.32,602415.1
NEXN,9.54,8,"[1, 1, 1, 1, 0, 0, 1, 1, 1, 1]",8.15,7.38,11.54,5.7,334075.5
NATR,21.95,7,"[0, 0, 1, 0, 1, 1, 1, 1, 1, 1]",22.59,21.74,27.8,13.14,156989.95
CCRN,13.2,8,"[1, 1, 1, 1, 0, 0, 1, 1, 1, 1]",12.44,10.77,14.23,7.53,567385.6
PACB,1.74,8,"[1, 1, 1, 0, 1, 1, 1, 0, 1, 1]",1.45,1.69,2.67,1.12,6416473.15
MNPR,95.03,9,"[1, 1, 1, 1, 0, 1, 1, 1, 1, 1]",64.05,68.35,102.05,30.42,156810.25
IVVD,0.85,4,"[0, 0, 0, 0, 1, 1, 1, 0, 1, 0]",1.17,1.69,2.88,0.52,7035416.35
NRC,22.34,10,"[1, 1, 1, 1, 1, 1, 1, 1, 1, 1]",18.83,16.49,22.34,11.13,173292.05
CBAN,20.49,10,"[1, 1, 1, 1, 1, 1, 1, 1, 1, 1]",20.05,18.63,21.28,15.6,404075.6
LOCO,17.2,10,"[1, 1, 1, 1, 1, 1, 1, 1, 1, 1]",14.47,11.92,17.2,9.06,349255.4
EOLS,6.74,7,"[1, 1, 1, 1, 0, 0, 1, 0, 1, 1]",6.32,5.89,9.73,3.94,783093.8
AUTL,1.58,6,"[0, 1, 1, 1, 1, 0, 1, 0, 1, 0]",1.59,1.54,2.68,1.21,1114598.0
XFOR,4.09,9,"[0, 1, 1, 1, 1, 1, 1, 1, 1, 1]",4.09,3.8,4.67,1.42,1035923.55
GRRR,20.15,8,"[1, 1, 1, 1, 0, 1, 1, 1, 1, 0]",16.03,14.42,24.27,9.48,1827825.1
ABAT,2.76,3,"[0, 0, 0, 0, 0, 1, 1, 0, 1, 0]",3.24,3.9,11.33,1.65,8930447.15
ASPN,5.93,6,"[1, 1, 1, 1, 0, 0, 1, 0, 1, 0]",5.28,4.64,8.82,2.57,1537652.15
SSP,3.12,4,"[0, 0, 0, 0, 1, 1, 1, 0, 1, 0]",3.65,3.34,5.16,1.54,918197.05
VREX,10.68,4,"[1, 0, 0, 0, 0, 0, 1, 0, 1, 1]",10.67,11.76,14.36,6.96,485006.5
LRMR,3.21,1,"[0, 0, 0, 0, 0, 0, 0, 0, 1, 0]",3.72,3.97,5.95,2.81,3057304.2
IPSC,2.39,10,"[1, 1, 1, 1, 1, 1, 1, 1, 1, 1]",2.28,1.59,2.94,0.47,2051041.0
NEWT,15.06,10,"[1, 1, 1, 1, 1, 1, 1, 1, 1, 1]",13.34,11.88,15.22,9.18,286389.1
VOXR,4.73,5,"[0, 0, 0, 1, 1, 1, 1, 0, 1, 0]",5.47,5.01,6.39,3.04,594765.3
XNET,5.84,4,"[1, 0, 0, 0, 0, 0, 1, 0, 1, 1]",5.69,6.82,10.78,4.37,582678.35
VELO,16.08,7,"[0, 1, 1, 1, 1, 1, 1, 0, 1, 0]",18.99,12.02,30.61,2.97,5632000.15
HNST,3.8,7,"[1, 1, 1, 1, 0, 0, 1, 0, 1, 1]",3.47,3.06,5.15,2.1,1434038.3
TOI,5.51,9,"[1, 1, 1, 1, 0, 1, 1, 1, 1, 1]",4.47,3.65,5.6,2.38,2093784.5
RCKT,3.52,5,"[1, 0, 0, 0, 1, 0, 1, 0, 1, 1]",3.24,3.55,5.3,2.6,3124854.4
DCTH,12.91,10,"[1, 1, 1, 1, 1, 1, 1, 1, 1, 1]",11.3,10.29,12.95,8.19,607436.75
CDZI,4.08,4,"[0, 0, 0, 0, 1, 1, 1, 0, 1, 0]",4.33,5.05,6.92,2.9,824769.1
OPAL,2.2,3,"[1, 0, 0, 0, 0, 0, 0, 1, 1, 0]",2.12,2.3,2.78,1.78,373841.2
ISTR,30.21,10,"[1, 1, 1, 1, 1, 1, 1, 1, 1, 1]",28.55,26.57,30.21,20.91,238282.6
OSS,17.94,9,"[1, 1, 1, 1, 1, 1, 1, 1, 1, 0]",15.4,9.51,19.95,3.85,1362291.25
XPER,8.64,9,"[1, 1, 1, 1, 0, 1, 1, 1, 1, 1]",7.58,6.44,8.64,5.11,463120.7
TBRG,26.23,10,"[1, 1, 1, 1, 1, 1, 1, 1, 1, 1]",25.83,21.51,26.23,14.0,295486.65
QUAD,8.56,10,"[1, 1, 1, 1, 1, 1, 1, 1, 1, 1]",7.57,6.48,8.56,4.81,220297.3
FUFU,1.31,1,"[0, 0, 0, 0, 0, 0, 0, 0, 1, 0]",1.92,2.65,4.29,1.31,282882.35
CLPT,18.72,8,"[1, 1, 1, 1, 0, 1, 1, 0, 1, 1]",13.3,14.66,29.6,8.66,1065200.15
EGHT,1.83,3,"[0, 0, 0, 1, 1, 0, 0, 0, 1, 0]",2.07,2.02,2.76,1.59,1864071.15
PBYI,7.99,10,"[1, 1, 1, 1, 1, 1, 1, 1, 1, 1]",7.33,6.26,8.19,3.07,309888.45
ISSC,17.83,6,"[0, 0, 1, 0, 1, 1, 1, 0, 1, 1]",18.37,17.51,30.56,8.32,459843.2
DVLT,0.4,3,"[0, 0, 0, 0, 0, 1, 1, 0, 1, 0]",0.5,1.01,3.42,0.28,28814328.65
VNDA,6.05,4,"[0, 0, 0, 0, 1, 1, 1, 0, 1, 0]",6.35,6.45,9.56,4.19,915464.15
RNGR,15.77,7,"[0, 0, 1, 1, 1, 1, 1, 1, 1, 0]",16.23,15.2,18.36,11.09,188961.65
AMCX,10.51,9,"[1, 1, 1, 1, 1, 1, 1, 1, 1, 0]",9.2,8.37,10.54,5.63,558240.55
SVCO,12.79,10,"[1, 1, 1, 1, 1, 1, 1, 1, 1, 1]",11.13,6.57,13.79,3.23,747947.05
CLMB,24.57,5,"[1, 1, 0, 0, 0, 0, 1, 0, 1, 1]",21.41,25.97,35.79,16.68,181614.0
API,4.06,6,"[0, 0, 1, 1, 1, 1, 0, 1, 1, 0]",4.08,3.96,5.26,3.24,458103.55
ACCO,4.35,10,"[1, 1, 1, 1, 1, 1, 1, 1, 1, 1]",3.81,3.6,4.35,2.78,973328.05
RMNI,4.5,8,"[1, 1, 1, 1, 0, 0, 1, 1, 1, 1]",3.89,3.86,5.24,2.97,537214.25
SOPH,5.59,10,"[1, 1, 1, 1, 1, 1, 1, 1, 1, 1]",5.11,4.76,5.98,2.99,330067.2
XRX,3.1,6,"[1, 1, 1, 1, 0, 0, 1, 0, 1, 0]",2.77,2.5,6.36,1.21,4726532.9
BNED,13.2,10,"[1, 1, 1, 1, 1, 1, 1, 1, 1, 1]",10.63,9.32,13.74,6.12,402562.35
DDD,2.96,8,"[1, 1, 1, 1, 0, 1, 1, 1, 1, 0]",2.92,2.47,3.88,1.6,5299659.3
DIN,35.94,9,"[1, 1, 1, 0, 1, 1, 1, 1, 1, 1]",30.55,29.74,38.33,19.63,395053.2
TG,7.77,5,"[0, 0, 0, 1, 1, 1, 0, 1, 1, 0]",8.43,8.13,10.35,6.29,190664.75
FRST,16.37,10,"[1, 1, 1, 1, 1, 1, 1, 1, 1, 1]",14.8,12.83,16.65,9.37,315122.55
EVTL,1.84,1,"[0, 0, 0, 0, 0, 0, 0, 0, 1, 0]",2.35,4.09,7.28,1.67,2303044.9
IRD,4.18,8,"[0, 1, 1, 1, 1, 1, 1, 0, 1, 1]",4.49,3.27,5.75,0.99,1188411.6
LE,10.5,1,"[0, 0, 0, 0, 0, 0, 0, 0, 1, 0]",11.49,14.29,19.15,10.09,297895.05
QUIK,17.88,8,"[0, 1, 1, 1, 1, 1, 1, 1, 1, 0]",19.1,10.41,23.74,4.89,542791.5
TLS,4.9,4,"[1, 1, 0, 0, 0, 0, 1, 0, 1, 0]",4.48,5.25,7.76,2.38,954648.85
SHIP,13.34,8,"[0, 1, 1, 1, 1, 1, 1, 1, 1, 0]",15.04,11.43,16.44,6.02,199857.95
DBI,5.78,5,"[0, 0, 0, 1, 1, 1, 1, 0, 1, 0]",7.05,5.94,9.04,2.45,964649.7
ALTO,5.98,10,"[1, 1, 1, 1, 1, 1, 1, 1, 1, 1]",5.21,3.25,5.99,0.92,2844147.8
SSSS,11.86,8,"[0, 1, 1, 1, 1, 1, 1, 1, 1, 0]",13.4,10.5,14.91,7.61,303611.65
PAYS,8.56,9,"[1, 1, 1, 1, 0, 1, 1, 1, 1, 1]",6.86,5.4,8.56,3.18,623782.2
VMD,11.74,10,"[1, 1, 1, 1, 1, 1, 1, 1, 1, 1]",10.01,8.26,11.74,5.93,326283.5
CURR,2.61,7,"[0, 1, 1, 1, 1, 1, 1, 0, 1, 0]",3.27,2.44,4.49,0.9,170034.85
MEI,18.41,10,"[1, 1, 1, 1, 1, 1, 1, 1, 1, 1]",11.46,8.2,19.42,5.01,1001604.35
NAUT,1.84,5,"[0, 0, 0, 1, 1, 1, 1, 0, 1, 0]",2.5,2.15,3.95,0.64,967130.2
DMAC,7.44,8,"[1, 1, 1, 0, 1, 0, 1, 1, 1, 1]",6.09,7.17,9.39,3.57,240869.3
CAN,0.29,1,"[0, 0, 0, 0, 0, 0, 0, 0, 1, 0]",0.42,0.73,2.05,0.29,10177269.15
RMAX,10.44,9,"[1, 1, 1, 1, 0, 1, 1, 1, 1, 1]",9.49,8.05,11.29,5.66,296582.9
NMRA,1.62,3,"[0, 0, 0, 0, 1, 0, 1, 0, 1, 0]",1.85,2.19,3.59,0.78,4278938.65
HLLY,2.45,2,"[0, 0, 0, 0, 1, 0, 0, 0, 1, 0]",2.75,3.4,4.39,1.99,913734.5
LVWR,1.11,1,"[0, 0, 0, 0, 0, 0, 0, 0, 1, 0]",1.44,2.99,6.21,1.01,349190.0
IMRX,5.05,4,"[1, 0, 0, 0, 0, 0, 1, 0, 1, 1]",4.94,5.71,9.26,3.04,1735988.4
TSSI,11.78,4,"[0, 1, 0, 1, 0, 0, 1, 0, 1, 0]",13.34,12.45,29.26,6.92,1000541.55
SLP,18.35,9,"[1, 1, 1, 1, 0, 1, 1, 1, 1, 1]",15.97,15.87,20.84,11.36,607385.2
ABEO,6.05,9,"[1, 1, 1, 1, 1, 0, 1, 1, 1, 1]",5.61,5.2,7.23,4.17,1303512.5
REPL,11.22,9,"[1, 1, 1, 0, 1, 1, 1, 1, 1, 1]",6.58,7.27,12.63,1.7,3824180.9
DSX,2.07,5,"[0, 0, 0, 1, 1, 1, 1, 0, 1, 0]",2.44,2.13,2.89,1.47,800831.35
STRZ,30.21,10,"[1, 1, 1, 1, 1, 1, 1, 1, 1, 1]",23.64,14.85,30.21,8.65,154273.15
SLN,10.5,10,"[1, 1, 1, 1, 1, 1, 1, 1, 1, 1]",7.28,6.27,10.98,4.3,542120.65
ATOM,8.28,7,"[0, 1, 1, 1, 1, 1, 1, 0, 1, 0]",8.63,4.82,12.11,1.99,1166412.7
BRCC,1.07,3,"[0, 0, 0, 1, 0, 0, 1, 0, 1, 0]",1.34,1.16,2.03,0.62,1018688.5
TYGO,2.24,5,"[0, 0, 0, 1, 1, 1, 1, 0, 1, 0]",3.73,2.96,5.16,1.21,1549499.85
PINE,20.97,10,"[1, 1, 1, 1, 1, 1, 1, 1, 1, 1]",19.33,17.17,21.26,12.57,202768.65
AZ,6.28,1,"[0, 0, 0, 0, 0, 0, 0, 0, 1, 0]",6.49,6.65,11.9,5.12,331613.75
ZNTL,4.36,9,"[1, 1, 1, 1, 1, 1, 1, 0, 1, 1]",3.95,2.6,6.61,1.19,1349547.3
RPAY,4.2,7,"[1, 1, 1, 1, 0, 0, 1, 0, 1, 1]",3.61,3.68,5.96,2.4,829724.15
ASYS,20.5,9,"[1, 1, 1, 1, 1, 1, 1, 1, 1, 0]",20.2,13.53,23.99,4.43,572778.65
NVCT,19.52,9,"[1, 1, 1, 1, 1, 1, 1, 0, 1, 1]",12.14,8.63,28.53,5.65,488670.15
MASS,8.88,9,"[1, 1, 1, 1, 0, 1, 1, 1, 1, 1]",7.87,7.01,9.15,5.09,332416.45
FLWS,3.71,2,"[0, 0, 0, 1, 0, 0, 0, 0, 1, 0]",4.07,3.95,6.94,3.0,500918.65
RZLT,4.95,6,"[1, 1, 0, 1, 0, 0, 1, 0, 1, 1]",3.81,5.11,10.94,1.4,2553891.45
PRLD,4.91,10,"[1, 1, 1, 1, 1, 1, 1, 1, 1, 1]",4.39,2.78,5.52,0.78,564981.95
GSIT,7.27,6,"[0, 0, 1, 1, 1, 1, 1, 0, 1, 0]",8.49,7.22,12.97,2.91,1364871.05
ZIP,3.9,7,"[1, 1, 1, 1, 0, 0, 1, 0, 1, 1]",3.34,3.46,5.49,1.69,847920.15
EDIT,3.28,9,"[1, 1, 1, 1, 0, 1, 1, 1, 1, 1]",2.9,2.68,4.15,1.66,2704162.45
RILY,8.81,9,"[1, 1, 1, 1, 1, 1, 1, 1, 1, 0]",8.79,6.94,10.68,3.23,1070606.1
CXDO,8.03,8,"[0, 1, 1, 1, 1, 1, 1, 1, 1, 0]",8.21,6.96,10.47,5.3,766280.8
PALI,1.97,9,"[1, 1, 1, 1, 1, 1, 1, 0, 1, 1]",1.94,1.83,2.8,0.54,4268697.1
BKKT,8.42,1,"[0, 0, 0, 0, 0, 0, 0, 0, 1, 0]",9.09,14.49,45.04,6.95,1762531.1
SMWB,6.59,6,"[1, 1, 1, 0, 0, 0, 1, 0, 1, 1]",3.97,5.59,10.4,2.33,1003547.35
SY,1.7,1,"[0, 0, 0, 0, 0, 0, 0, 0, 1, 0]",2.29,2.94,5.87,1.32,589028.2
VFF,1.99,2,"[0, 0, 0, 0, 0, 0, 1, 0, 1, 0]",2.42,3.06,4.18,1.24,1331467.1
ELDN,3.9,9,"[1, 1, 1, 1, 0, 1, 1, 1, 1, 1]",3.72,2.78,4.36,1.39,1780361.15
FNKO,5.7,10,"[1, 1, 1, 1, 1, 1, 1, 1, 1, 1]",5.1,3.96,5.88,2.46,644241.2
VLN,2.23,7,"[0, 1, 1, 1, 1, 1, 1, 0, 1, 0]",2.48,1.82,3.53,1.11,3302781.45
SGHT,5.44,7,"[1, 0, 1, 0, 1, 1, 1, 0, 1, 1]",4.85,5.36,9.05,3.2,193288.25
SHMD,6.1,5,"[0, 0, 1, 0, 1, 1, 1, 0, 1, 0]",6.24,5.84,10.42,2.1,1103492.4
OPTX,12.17,9,"[1, 1, 1, 1, 1, 1, 1, 1, 1, 0]",10.13,5.78,14.11,1.25,1021644.4
ACIU,2.38,2,"[0, 0, 0, 0, 0, 1, 0, 0, 1, 0]",2.66,2.98,3.99,1.99,320710.25
MBI,6.75,7,"[1, 1, 1, 0, 0, 0, 1, 1, 1, 1]",6.06,6.61,8.13,4.3,353914.1
TARA,4.04,4,"[0, 0, 0, 0, 1, 1, 1, 0, 1, 0]",4.64,5.3,7.56,2.78,816886.9
PDYN,6.05,3,"[0, 0, 0, 1, 0, 0, 1, 0, 1, 0]",6.64,6.8,12.68,4.15,2538903.45
CCCC,4.34,9,"[1, 1, 1, 1, 1, 1, 1, 1, 1, 0]",3.6,2.72,4.67,1.48,3585675.1
FVCB,17.89,10,"[1, 1, 1, 1, 1, 1, 1, 1, 1, 1]",16.12,14.43,17.89,11.88,287788.1
DEFT,0.51,1,"[0, 0, 0, 0, 0, 0, 0, 0, 1, 0]",0.65,1.08,3.48,0.48,4042937.3
USAU,15.68,4,"[0, 0, 0, 0, 1, 1, 1, 0, 1, 0]",15.8,16.86,22.6,10.22,289140.9
FATE,3.02,10,"[1, 1, 1, 1, 1, 1, 1, 1, 1, 1]",2.02,1.4,3.02,0.92,4835112.25
TWIN,22.65,10,"[1, 1, 1, 1, 1, 1, 1, 1, 1, 1]",18.74,16.67,24.19,8.4,199942.0
CGEN,2.13,7,"[0, 1, 1, 1, 1, 1, 1, 0, 1, 0]",2.48,1.99,3.1,1.33,339530.65
ALXO,2.06,10,"[1, 1, 1, 1, 1, 1, 1, 1, 1, 1]",1.8,1.71,2.6,0.44,2056709.5
ACH,3.58,7,"[1, 1, 1, 1, 0, 0, 1, 0, 1, 1]",3.17,3.13,9.29,1.91,773420.4
CNDT,1.47,1,"[0, 0, 0, 0, 0, 0, 0, 0, 1, 0]",1.57,1.82,2.96,1.16,1438408.45
AIRS,4.41,6,"[1, 1, 1, 1, 0, 0, 1, 0, 1, 0]",4.4,4.34,11.65,1.58,671402.65
IKT,1.94,10,"[1, 1, 1, 1, 1, 1, 1, 1, 1, 1]",1.8,1.71,2.14,1.41,868879.3
PRE,17.89,7,"[0, 0, 1, 1, 1, 1, 1, 1, 1, 0]",18.46,16.88,22.15,7.25,190984.2
RDCM,14.37,6,"[0, 1, 1, 1, 0, 0, 1, 1, 1, 0]",14.43,13.22,16.14,10.68,287057.95
CHRS,1.44,4,"[0, 0, 0, 0, 1, 1, 1, 0, 1, 0]",1.59,1.61,2.51,0.75,966839.3
ARTV,9.8,9,"[1, 1, 1, 1, 1, 1, 1, 0, 1, 1]",9.31,5.75,13.39,1.58,714717.35
SIDU,2.73,6,"[0, 0, 1, 1, 1, 1, 1, 0, 1, 0]",3.71,2.46,6.2,0.63,17509243.1
TRDA,7.59,5,"[0, 0, 0, 0, 1, 1, 1, 0, 1, 1]",8.46,9.53,16.03,5.02,299682.85
LAW,3.91,3,"[1, 0, 0, 0, 0, 0, 1, 0, 1, 0]",3.88,5.37,8.91,2.76,250924.7
OPRT,5.9,8,"[1, 1, 1, 1, 0, 0, 1, 1, 1, 1]",5.44,5.33,7.69,4.13,500038.7
JACK,17.41,6,"[1, 1, 1, 0, 0, 0, 1, 0, 1, 1]",12.66,16.24,24.88,9.4,1079573.75
ARCT,6.89,2,"[0, 0, 0, 1, 0, 0, 0, 0, 1, 0]",7.71,9.34,23.16,5.9,409951.05
FOSL,4.23,9,"[0, 1, 1, 1, 1, 1, 1, 1, 1, 1]",4.3,3.72,5.61,1.58,988210.35
INSG,9.83,3,"[0, 0, 0, 1, 0, 0, 1, 0, 1, 0]",13.3,12.61,20.29,6.4,330689.8
FHTX,5.01,8,"[1, 1, 1, 0, 1, 0, 1, 1, 1, 1]",4.32,4.82,6.68,3.53,231583.7
CDXS,2.39,5,"[0, 1, 1, 1, 0, 0, 1, 0, 1, 0]",2.55,2.02,3.33,0.98,955664.05
VUZI,2.77,4,"[0, 0, 0, 1, 0, 1, 1, 0, 1, 0]",3.31,3.0,5.14,1.9,1733687.8
NXDT,5.29,10,"[1, 1, 1, 1, 1, 1, 1, 1, 1, 1]",4.95,4.0,5.47,2.4,149472.35
SILC,44.18,9,"[1, 1, 1, 1, 1, 1, 1, 1, 1, 0]",41.87,23.71,50.98,13.5,165917.95
RNAC,10.18,7,"[1, 1, 1, 1, 0, 0, 1, 0, 1, 1]",7.75,7.69,13.77,5.84,520892.6
NBP,1.99,4,"[1, 0, 0, 0, 0, 0, 1, 0, 1, 1]",1.92,3.3,6.56,1.47,675057.1
XPOF,6.94,5,"[1, 1, 0, 0, 0, 0, 1, 0, 1, 1]",6.14,6.96,11.01,4.26,582820.1
AP,8.27,7,"[0, 1, 1, 1, 1, 1, 1, 0, 1, 0]",10.6,6.41,12.2,1.85,251687.4
NVA,4.94,4,"[0, 0, 0, 0, 1, 1, 1, 0, 1, 0]",6.17,6.91,14.37,1.83,285975.55
CANG,0.21,1,"[0, 0, 0, 0, 0, 0, 0, 0, 1, 0]",0.4,1.09,2.75,0.19,2170683.3
LTRX,5.92,6,"[0, 0, 1, 1, 1, 1, 1, 0, 1, 0]",6.57,5.83,8.45,2.88,1594283.25
VYGR,3.6,2,"[0, 0, 0, 0, 0, 0, 0, 0, 1, 1]",3.74,4.07,5.33,2.96,606153.2
DUOT,11.5,9,"[1, 1, 1, 1, 1, 1, 1, 1, 1, 0]",10.76,9.35,14.64,6.0,731123.65
AIRJ,5.18,8,"[1, 1, 1, 1, 0, 1, 1, 1, 1, 0]",4.14,3.94,6.59,2.51,1912200.5
EAF,6.04,1,"[0, 0, 0, 0, 0, 0, 0, 0, 1, 0]",8.66,11.5,19.82,5.23,386633.6
OSG,6.39,5,"[1, 1, 0, 0, 0, 0, 1, 0, 1, 1]",5.43,6.67,10.08,3.94,583692.0
OABI,2.39,9,"[1, 1, 1, 1, 1, 1, 1, 1, 1, 0]",2.11,1.83,2.72,1.36,582603.3
SPCE,2.78,3,"[0, 0, 0, 1, 0, 1, 0, 0, 1, 0]",3.36,3.27,7.52,2.17,42803865.2
WLAC,18.83,10,"[1, 1, 1, 1, 1, 1, 1, 1, 1, 1]",13.88,12.2,20.79,10.21,513321.35
POWW,2.31,10,"[1, 1, 1, 1, 1, 1, 1, 1, 1, 1]",2.06,1.87,2.36,1.09,1000161.55
OBIO,4.3,9,"[1, 1, 1, 0, 1, 1, 1, 1, 1, 1]",4.03,4.03,5.35,2.35,525749.25
ALTG,6.08,4,"[0, 0, 0, 1, 1, 0, 1, 0, 1, 0]",6.87,6.24,8.62,4.19,248803.55
HUMA,0.67,1,"[0, 0, 0, 0, 0, 0, 0, 0, 1, 0]",0.99,1.16,2.73,0.57,17594981.75
LOVE,16.61,8,"[1, 1, 1, 1, 0, 0, 1, 1, 1, 1]",15.8,14.61,20.75,10.54,231737.25
ALEC,2.01,5,"[0, 1, 0, 1, 0, 0, 1, 0, 1, 1]",2.05,2.04,3.32,1.14,941462.3
UIS,3.69,7,"[1, 1, 1, 1, 0, 0, 1, 1, 1, 0]",3.39,3.0,4.78,2.0,984216.45
LFMD,4.54,5,"[0, 1, 1, 1, 0, 0, 1, 0, 1, 0]",4.58,4.38,12.93,2.64,1073796.1
WALD,1.74,5,"[1, 1, 1, 0, 0, 0, 1, 0, 1, 0]",1.43,1.68,3.08,0.76,651290.5
BZAI,1.34,2,"[0, 0, 0, 0, 0, 0, 1, 0, 1, 0]",1.69,2.25,6.29,1.02,4247146.85
HRTX,0.42,1,"[0, 0, 0, 0, 0, 0, 0, 0, 1, 0]",0.77,1.07,2.23,0.38,4293620.25
GPRO,0.73,1,"[0, 0, 0, 0, 0, 0, 0, 0, 1, 0]",1.09,1.36,2.88,0.63,6865294.75
CRNT,2.55,8,"[0, 1, 1, 1, 1, 1, 1, 1, 1, 0]",2.68,2.37,3.2,1.84,749669.05
NKTX,2.85,8,"[0, 1, 1, 1, 1, 1, 1, 1, 1, 0]",2.89,2.33,3.49,1.69,625142.55
AREC,1.99,3,"[0, 0, 0, 0, 0, 1, 1, 0, 1, 0]",2.22,2.9,6.81,0.83,3375294.75
MIST,1.32,2,"[0, 0, 0, 0, 0, 0, 1, 0, 1, 0]",1.53,1.84,2.95,1.01,1447636.9
LPRO,3.11,9,"[1, 1, 1, 1, 0, 1, 1, 1, 1, 1]",2.21,1.83,3.13,1.2,5320763.95
IMPP,4.63,6,"[0, 1, 1, 1, 0, 1, 1, 0, 1, 0]",5.0,4.61,6.35,2.97,367939.55
RELL,18.77,10,"[1, 1, 1, 1, 1, 1, 1, 1, 1, 1]",16.43,12.44,19.01,9.29,187810.9
OSUR,4.32,10,"[1, 1, 1, 1, 1, 1, 1, 1, 1, 1]",3.66,3.02,4.5,2.11,709672.7
CNTX,0.61,3,"[0, 0, 0, 0, 1, 1, 0, 0, 1, 0]",1.87,1.77,3.36,0.55,4046969.85
MVIS,0.42,3,"[0, 0, 0, 0, 0, 0, 1, 0, 1, 1]",0.52,0.82,1.5,0.28,12739007.6
AMPY,3.96,3,"[0, 0, 0, 0, 1, 1, 0, 0, 1, 0]",4.94,5.15,6.63,3.18,985014.4
TNYA,0.75,2,"[0, 0, 0, 0, 0, 0, 1, 0, 1, 0]",0.77,0.98,2.1,0.55,2467777.95
SMRT,1.17,2,"[0, 0, 0, 0, 1, 0, 0, 0, 1, 0]",1.22,1.53,2.12,0.94,2805326.2
SRI,7.22,7,"[1, 1, 1, 1, 0, 0, 1, 1, 1, 0]",7.15,6.75,9.17,4.72,363472.05
FF,4.64,10,"[1, 1, 1, 1, 1, 1, 1, 1, 1, 1]",4.35,3.83,4.97,3.0,306434.1
ANNA,2.84,1,"[0, 0, 0, 0, 0, 0, 0, 0, 1, 0]",3.33,3.61,10.24,2.31,275543.5
INSE,7.75,3,"[1, 0, 0, 0, 0, 0, 0, 1, 1, 0]",7.58,8.12,9.82,6.11,158028.8
SND,4.73,8,"[0, 1, 1, 1, 1, 1, 1, 1, 1, 0]",5.03,3.92,5.82,1.73,590663.5
SABS,3.88,9,"[1, 1, 1, 0, 1, 1, 1, 1, 1, 1]",3.69,3.58,4.59,1.72,1152254.35
SHIM,4.33,8,"[0, 1, 1, 1, 1, 1, 1, 0, 1, 1]",4.43,3.45,6.67,1.67,181724.3
SLNH,1.26,4,"[0, 0, 0, 1, 0, 1, 1, 0, 1, 0]",1.59,1.63,4.42,0.43,19163199.55
DMRC,8.31,6,"[0, 1, 1, 1, 0, 1, 1, 0, 1, 0]",10.17,7.97,16.43,4.36,242949.85
PLBY,1.25,2,"[0, 0, 0, 0, 1, 0, 0, 0, 1, 0]",1.48,1.65,2.71,1.2,1025727.25
TONX,2.91,4,"[0, 1, 0, 1, 0, 0, 1, 0, 1, 0]",3.12,3.29,22.45,1.8,415953.7
TKNO,5.88,9,"[1, 1, 1, 1, 0, 1, 1, 1, 1, 1]",4.28,3.99,6.37,1.99,239216.3
KLTR,1.3,1,"[0, 0, 0, 0, 0, 0, 0, 0, 1, 0]",1.41,1.46,2.01,1.08,416790.55
EGAN,6.59,2,"[0, 0, 0, 0, 0, 1, 0, 0, 1, 0]",7.21,9.62,15.46,5.58,290369.35
PESI,15.3,8,"[1, 1, 1, 0, 1, 0, 1, 1, 1, 1]",11.0,12.37,15.76,8.19,330430.35
TENX,13.29,8,"[1, 1, 1, 0, 1, 1, 1, 0, 1, 1]",12.3,11.34,18.27,5.74,1196432.8
ONEW,11.04,3,"[1, 0, 0, 0, 0, 0, 1, 0, 1, 0]",10.93,12.18,17.46,8.35,108978.4
UNCY,5.28,5,"[0, 0, 0, 1, 1, 1, 1, 0, 1, 0]",7.47,6.26,8.56,3.74,2735751.65
DPRO,5.27,3,"[0, 0, 0, 0, 0, 1, 1, 0, 1, 0]",5.86,7.15,13.77,3.05,1495338.25
DTIL,7.88,9,"[1, 1, 1, 1, 0, 1, 1, 1, 1, 1]",7.12,5.74,8.61,3.57,515084.55
VERI,1.44,1,"[0, 0, 0, 0, 0, 0, 0, 0, 1, 0]",1.88,3.65,8.39,1.28,2878937.85
SLQT,0.89,2,"[0, 0, 0, 0, 0, 0, 1, 0, 1, 0]",0.97,1.26,2.69,0.59,2328661.55
QSI,0.92,1,"[0, 0, 0, 0, 0, 0, 0, 0, 1, 0]",0.98,1.22,2.63,0.71,6430964.7
KPTI,9.55,10,"[1, 1, 1, 1, 1, 1, 1, 1, 1, 1]",8.94,7.4,10.21,3.77,518591.15
CRBP,9.07,4,"[0, 1, 0, 1, 0, 0, 0, 0, 1, 1]",9.29,10.19,19.36,7.3,496924.2
DGXX,5.09,7,"[0, 1, 1, 1, 1, 1, 1, 0, 1, 0]",6.19,3.86,8.46,1.89,7616039.95
KRMD,4.4,5,"[1, 0, 0, 0, 1, 0, 1, 0, 1, 1]",4.06,4.57,6.52,2.94,166237.6
CRBU,1.76,2,"[0, 0, 0, 1, 0, 0, 0, 0, 1, 0]",1.96,1.93,2.84,1.37,2500329.95
BHR,2.16,1,"[0, 0, 0, 0, 0, 0, 0, 0, 1, 0]",2.38,2.62,3.14,1.92,946109.25
INGN,6.65,5,"[1, 1, 0, 1, 0, 0, 0, 0, 1, 1]",6.65,6.87,8.95,5.59,312171.8
SUUN,0.71,2,"[0, 0, 0, 0, 0, 0, 1, 0, 1, 0]",0.78,1.25,2.48,0.5,8151746.7
MGNX,4.62,10,"[1, 1, 1, 1, 1, 1, 1, 1, 1, 1]",3.91,2.45,4.86,1.33,1273637.55
ATLX,3.77,1,"[0, 0, 0, 0, 0, 0, 0, 0, 1, 0]",4.4,4.83,7.45,3.4,608272.3
TLSA,1.23,1,"[0, 0, 0, 0, 0, 0, 0, 0, 1, 0]",1.31,1.53,2.5,1.08,208473.25
IFRX,2.33,10,"[1, 1, 1, 1, 1, 1, 1, 1, 1, 1]",2.09,1.36,2.74,0.8,1482066.05
ELTX,5.14,3,"[0, 0, 0, 1, 0, 0, 1, 0, 1, 0]",9.65,9.65,14.85,2.76,4154953.0
CVGI,4.85,8,"[0, 1, 1, 1, 1, 1, 1, 1, 1, 0]",4.88,2.72,5.78,1.34,696792.75
ABOS,2.59,10,"[1, 1, 1, 1, 1, 1, 1, 1, 1, 1]",2.43,2.27,3.37,1.13,699089.85
DOUG,1.86,3,"[1, 0, 0, 0, 0, 0, 0, 0, 1, 1]",1.82,2.27,3.11,1.56,470023.9
AMTX,1.59,2,"[0, 0, 0, 1, 0, 0, 0, 0, 1, 0]",2.38,2.11,3.66,1.32,1403052.5
ZEPP,5.18,2,"[0, 0, 0, 0, 0, 0, 1, 0, 1, 0]",9.64,23.78,61.27,2.76,195042.6
SKYX,1.12,3,"[1, 0, 0, 0, 1, 0, 0, 0, 1, 0]",1.1,1.63,3.13,0.95,1788091.15
CVRX,5.5,2,"[0, 0, 0, 0, 0, 0, 0, 0, 1, 1]",6.05,7.62,10.81,4.74,327509.9
LFCR,5.27,3,"[1, 0, 0, 0, 0, 0, 1, 0, 1, 0]",5.13,6.51,8.82,3.66,254219.15
EPSN,5.45,8,"[0, 1, 1, 1, 1, 1, 1, 1, 1, 0]",5.82,5.17,7.18,4.16,186540.9
ADAG,4.78,10,"[1, 1, 1, 1, 1, 1, 1, 1, 1, 1]",3.72,2.79,4.78,1.4,294246.35
KRRO,13.65,6,"[1, 1, 0, 1, 0, 0, 1, 0, 1, 1]",12.14,16.96,51.36,5.28,264103.65
DOMO,3.42,2,"[0, 0, 0, 0, 0, 0, 1, 0, 1, 0]",3.44,7.38,18.2,2.0,3111834.0
PYXS,2.85,8,"[1, 1, 1, 1, 0, 1, 1, 0, 1, 1]",2.01,2.32,5.34,1.04,1168719.25
BDTX,1.84,1,"[0, 0, 0, 0, 0, 0, 0, 0, 1, 0]",2.38,2.83,4.87,1.61,2144308.85
CNTN,2.94,4,"[0, 0, 0, 0, 1, 0, 1, 0, 1, 1]",3.11,3.29,7.71,1.17,1397282.0
TBI,7.22,9,"[1, 1, 1, 1, 0, 1, 1, 1, 1, 1]",6.04,5.14,7.68,3.31,346499.2
THRY,4.13,5,"[1, 1, 0, 0, 0, 0, 1, 0, 1, 1]",3.7,5.58,13.85,2.1,635774.55
HYPR,1.34,6,"[0, 1, 1, 1, 0, 1, 1, 0, 1, 0]",1.5,1.27,2.2,0.73,1533691.15
ORMP,4.61,10,"[1, 1, 1, 1, 1, 1, 1, 1, 1, 1]",4.08,3.19,5.0,1.92,501647.0
RFIL,19.85,10,"[1, 1, 1, 1, 1, 1, 1, 1, 1, 1]",17.28,10.91,21.5,5.65,407832.6
MX,4.51,7,"[0, 1, 1, 1, 1, 1, 1, 0, 1, 0]",5.32,3.48,8.93,2.27,2477204.3
OWLT,6.16,4,"[1, 0, 0, 0, 0, 0, 1, 0, 1, 1]",5.29,9.02,16.52,4.44,261474.2
KZIA,13.39,10,"[1, 1, 1, 1, 1, 1, 1, 1, 1, 1]",12.98,9.15,15.72,5.0,177945.5
ONL,2.86,8,"[1, 1, 1, 1, 0, 1, 1, 1, 1, 0]",2.82,2.45,2.98,1.86,682149.45
IMDX,5.69,7,"[1, 1, 1, 0, 1, 1, 1, 0, 1, 0]",5.34,5.33,8.48,2.4,262382.25
ANTX,4.7,10,"[1, 1, 1, 1, 1, 1, 1, 1, 1, 1]",4.58,2.44,5.46,1.03,431891.05
IMUX,14.81,10,"[1, 1, 1, 1, 1, 1, 1, 1, 1, 1]",12.63,9.5,15.41,5.1,215480.7
DIBS,5.18,8,"[1, 0, 1, 0, 1, 1, 1, 1, 1, 1]",4.6,4.82,6.43,2.55,339925.75
CURV,1.74,7,"[1, 1, 1, 1, 0, 0, 1, 0, 1, 1]",1.69,1.45,3.04,0.97,829612.0
APYX,4.66,10,"[1, 1, 1, 1, 1, 1, 1, 1, 1, 1]",4.01,3.64,4.86,1.75,179525.05
RGP,4.49,7,"[1, 1, 1, 1, 0, 0, 1, 1, 1, 0]",4.3,4.29,5.66,3.42,676755.8
CHPT,5.96,3,"[0, 0, 0, 1, 0, 0, 1, 0, 1, 0]",6.81,7.59,14.3,4.51,956576.45
BOOM,6.26,3,"[0, 0, 0, 1, 0, 0, 1, 0, 1, 0]",6.81,6.86,8.97,4.73,477438.8
WATT,23.89,7,"[0, 1, 1, 1, 1, 1, 1, 0, 1, 0]",26.57,13.58,35.33,3.76,261279.2
DHX,3.8,10,"[1, 1, 1, 1, 1, 1, 1, 1, 1, 1]",3.4,2.5,3.96,1.5,154262.15
HURA,2.45,8,"[1, 1, 1, 1, 0, 0, 1, 1, 1, 1]",2.34,1.87,3.25,0.44,767893.8
BZUN,2.9,6,"[1, 1, 0, 1, 0, 0, 1, 0, 1, 1]",2.71,2.9,4.77,2.1,271923.35
IDN,4.16,2,"[0, 0, 0, 0, 1, 0, 0, 0, 1, 0]",5.43,5.67,8.99,4.05,428262.85
SPRO,2.22,4,"[0, 0, 0, 1, 1, 1, 0, 0, 1, 0]",2.59,2.41,3.04,1.83,1804966.05
NNBR,3.99,10,"[1, 1, 1, 1, 1, 1, 1, 1, 1, 1]",2.72,1.87,3.99,1.14,6253496.25
CRDL,1.05,3,"[0, 0, 0, 1, 1, 0, 0, 0, 1, 0]",1.22,1.11,1.63,0.93,365435.2
AGEN,3.41,2,"[0, 0, 0, 0, 0, 0, 0, 0, 1, 1]",3.42,3.67,7.06,2.77,851729.75
JELD,1.49,2,"[0, 0, 0, 0, 0, 0, 1, 0, 1, 0]",1.65,2.53,6.76,0.95,2236714.8
EDSA,7.75,8,"[0, 1, 1, 1, 1, 1, 1, 0, 1, 1]",9.83,4.52,18.28,0.8,211933.35
VWAV,4.06,2,"[0, 0, 0, 0, 0, 0, 1, 0, 1, 0]",5.42,8.43,14.18,2.3,1174342.25
RDZN,1.4,5,"[0, 0, 0, 1, 1, 1, 1, 0, 1, 0]",1.7,1.51,2.41,0.83,877766.5
MBOT,1.91,1,"[0, 0, 0, 0, 0, 0, 0, 0, 1, 0]",1.95,2.28,4.5,1.62,909269.85
QMCO,10.93,7,"[1, 1, 1, 1, 0, 1, 1, 0, 1, 0]",10.45,8.32,15.95,4.31,1687762.35
MED,11.03,2,"[0, 0, 0, 1, 0, 0, 0, 0, 1, 0]",11.79,11.59,15.22,9.53,281888.4
GNLX,2.9,2,"[1, 0, 0, 0, 0, 0, 0, 0, 1, 0]",2.88,3.7,8.24,2.3,196733.6
EMPD,3.71,1,"[0, 0, 0, 0, 0, 0, 0, 0, 1, 0]",4.39,5.05,21.61,3.26,377427.05
GALT,4.33,6,"[1, 1, 1, 0, 0, 0, 1, 0, 1, 1]",2.67,3.71,6.51,2.08,1066002.35
BNC,2.78,4,"[1, 0, 0, 0, 0, 0, 1, 0, 1, 1]",2.73,5.06,57.58,1.99,671091.55
SPWR,0.66,1,"[0, 0, 0, 0, 0, 0, 0, 0, 1, 0]",0.92,1.42,2.11,0.62,4405295.45
NTHI,4.46,1,"[0, 0, 0, 0, 0, 0, 0, 0, 1, 0]",4.87,7.99,12.09,4.05,117459.15
IHD,7.67,7,"[1, 1, 1, 1, 1, 1, 0, 0, 1, 0]",7.45,6.54,,,129785.25
CODA,9.63,4,"[0, 0, 0, 0, 1, 1, 1, 0, 1, 0]",11.3,10.75,16.76,7.05,224937.15
SRFM,1.04,1,"[0, 0, 0, 0, 0, 0, 0, 0, 1, 0]",1.14,2.27,8.8,0.84,11523601.95
EQ,3.04,10,"[1, 1, 1, 1, 1, 1, 1, 1, 1, 1]",2.53,1.74,3.2,0.31,896399.7
TTEC,2.1,1,"[0, 0, 0, 0, 0, 0, 0, 0, 1, 0]",2.54,2.99,5.45,1.94,799119.4
DFDV,3.2,1,"[0, 0, 0, 0, 0, 0, 0, 0, 1, 0]",3.77,6.7,30.36,2.47,1084648.7
BNAI,18.08,6,"[0, 0, 1, 0, 1, 1, 1, 0, 1, 1]",21.4,17.88,63.0,1.2,975361.6
TMCI,4.23,7,"[1, 1, 1, 1, 0, 0, 1, 0, 1, 1]",3.04,3.28,7.7,1.2,1206377.8
CHGG,1.1,5,"[0, 1, 1, 1, 0, 0, 1, 0, 1, 0]",1.15,1.0,1.84,0.45,1400960.2
HSDT,1.74,2,"[0, 0, 0, 0, 0, 0, 0, 0, 1, 1]",1.9,4.53,,,435417.3
SAFX,0.43,5,"[1, 1, 0, 1, 0, 0, 1, 0, 1, 0]",0.42,0.55,1.95,0.14,5432153.85
AIFC,0.6,1,"[0, 0, 0, 0, 0, 0, 0, 0, 1, 0]",0.79,1.58,8.97,0.55,1381741.0
SUIG,1.26,1,"[0, 0, 0, 0, 0, 0, 0, 0, 1, 0]",1.48,1.98,7.45,1.11,373677.8
INVE,2.65,2,"[0, 0, 0, 1, 0, 0, 0, 0, 1, 0]",4.07,3.66,5.29,2.5,251616.95
GCTS,2.76,8,"[1, 1, 1, 1, 1, 1, 1, 0, 1, 0]",2.35,1.57,3.73,0.99,4468378.2
FFAI,0.25,1,"[0, 0, 0, 0, 0, 0, 0, 0, 1, 0]",0.34,0.81,3.0,0.22,15472979.35
PEPG,1.81,5,"[1, 0, 0, 0, 0, 1, 1, 0, 1, 1]",1.61,4.07,7.17,1.01,613030.25
BLNK,0.65,1,"[0, 0, 0, 0, 0, 0, 0, 0, 1, 0]",0.75,1.0,2.5,0.5,2434173.9
GUTS,0.78,3,"[1, 0, 0, 0, 0, 0, 1, 0, 1, 0]",0.77,1.09,2.37,0.39,1673663.95
INO,1.19,1,"[0, 0, 0, 0, 0, 0, 0, 0, 1, 0]",1.19,1.72,2.87,1.05,1549575.65
RANI,0.77,3,"[0, 0, 0, 0, 0, 1, 1, 0, 1, 0]",0.89,1.18,2.85,0.41,637006.65
CMTL,2.11,3,"[0, 0, 0, 0, 1, 1, 0, 0, 1, 0]",3.82,3.96,5.98,1.92,1143436.7
VRA,3.88,10,"[1, 1, 1, 1, 1, 1, 1, 1, 1, 1]",3.69,2.9,4.26,1.8,780130.4
TUSK,3.15,9,"[1, 1, 1, 1, 1, 1, 1, 1, 1, 0]",3.04,2.4,3.84,1.73,491488.35
STIM,1.35,1,"[0, 0, 0, 0, 0, 0, 0, 0, 1, 0]",1.45,1.78,4.66,1.18,1377827.25
ARQ,2.35,2,"[0, 0, 0, 0, 0, 0, 1, 0, 1, 0]",2.53,3.75,7.73,1.64,498638.6
LICN,1.2,2,"[0, 0, 0, 0, 0, 0, 1, 0, 1, 0]",3.37,3.59,8.63,0.84,1353738.3
HCAT,2.07,5,"[1, 1, 0, 0, 0, 0, 1, 0, 1, 1]",1.53,2.08,4.09,1.0,3424125.8
BMEA,1.36,3,"[0, 0, 0, 1, 0, 0, 1, 0, 1, 0]",1.4,1.44,2.67,0.96,1064594.75
CBUS,1.42,4,"[1, 0, 0, 0, 1, 0, 0, 0, 1, 1]",1.39,1.79,4.05,1.16,270809.65
GEOS,6.75,1,"[0, 0, 0, 0, 0, 0, 0, 0, 1, 0]",8.2,14.55,28.41,6.38,167064.85
HOVR,1.99,5,"[0, 1, 0, 1, 0, 1, 1, 0, 1, 0]",2.27,2.07,3.91,1.2,1367782.95
CGTX,1.13,2,"[0, 0, 0, 0, 0, 0, 1, 0, 1, 0]",1.24,1.33,3.18,0.34,2177552.65
FLL,2.84,7,"[1, 1, 1, 1, 0, 0, 1, 0, 1, 1]",2.67,2.63,4.95,2.15,232766.9
CYPH,0.64,4,"[0, 0, 0, 0, 1, 1, 1, 0, 1, 0]",0.92,0.89,2.97,0.24,6683357.5
DTI,2.03,3,"[0, 0, 0, 0, 1, 1, 0, 0, 1, 0]",2.81,2.94,4.49,1.81,355121.25
BTCS,1.12,1,"[0, 0, 0, 0, 0, 0, 0, 0, 1, 0]",1.6,2.56,6.5,1.01,1151513.55
ZVIA,1.8,5,"[1, 1, 0, 0, 0, 0, 1, 0, 1, 1]",1.41,1.86,3.44,1.13,1498869.0
LAKE,11.6,7,"[1, 1, 1, 1, 0, 0, 1, 0, 1, 1]",10.34,11.31,17.29,7.58,260206.65
ALDX,2.43,4,"[1, 0, 0, 0, 0, 0, 1, 0, 1, 1]",1.74,3.83,5.89,1.24,1834203.65
SKLZ,9.52,9,"[1, 1, 1, 1, 0, 1, 1, 1, 1, 1]",7.67,5.68,12.45,2.28,236688.6
EXFY,1.76,6,"[1, 1, 1, 0, 0, 0, 1, 0, 1, 1]",1.2,1.34,2.52,0.75,2486465.5
ONCY,0.9,1,"[0, 0, 0, 0, 0, 0, 0, 0, 1, 0]",0.91,1.02,1.42,0.78,1234160.25
TEAD,0.81,3,"[0, 0, 0, 1, 0, 0, 1, 0, 1, 0]",1.05,0.97,3.11,0.59,481082.65
NRXP,3.86,8,"[1, 1, 1, 1, 0, 1, 1, 1, 1, 0]",3.55,2.7,4.62,1.68,1305854.9
OCCI,2.54,1,"[0, 0, 0, 0, 0, 0, 0, 0, 1, 0]",3.04,3.64,5.0,2.46,257551.75
SKBL,3.0,4,"[0, 0, 0, 1, 0, 1, 1, 0, 1, 0]",3.33,3.13,12.56,0.44,214421.75
SEAT,6.62,2,"[0, 0, 0, 1, 0, 0, 0, 0, 1, 0]",7.82,8.53,39.4,5.3,127350.9
ARBE,0.84,2,"[0, 0, 0, 0, 0, 0, 1, 0, 1, 0]",0.9,1.22,2.69,0.56,2350563.4
PODC,4.21,9,"[1, 1, 1, 1, 1, 1, 1, 1, 1, 0]",3.94,2.68,4.98,1.3,119106.25
TLYS,4.36,8,"[0, 1, 1, 1, 1, 1, 1, 1, 1, 0]",4.43,2.68,5.45,1.18,511770.9
UPXI,0.9,2,"[0, 0, 0, 0, 0, 0, 1, 0, 1, 0]",1.16,2.34,8.56,0.56,2370455.2
LGO,0.74,1,"[0, 0, 0, 0, 0, 0, 0, 0, 1, 0]",0.96,1.23,2.52,0.63,2820721.45
BAER,1.93,2,"[0, 0, 0, 0, 1, 0, 0, 0, 1, 0]",1.94,2.03,3.27,1.61,536542.95
SEV,2.28,4,"[0, 0, 0, 0, 1, 0, 1, 0, 1, 1]",2.46,2.28,10.84,1.41,219616.5
FRMM,5.57,6,"[1, 1, 0, 1, 0, 0, 1, 0, 1, 1]",4.89,8.52,107.0,1.79,299593.9
GNSS,1.77,1,"[0, 0, 0, 0, 0, 0, 0, 0, 1, 0]",1.88,2.06,2.58,1.55,110388.95
ATYR,0.59,3,"[0, 0, 0, 0, 0, 0, 1, 0, 1, 1]",0.61,0.78,6.61,0.4,2257015.4
OCC,17.86,9,"[1, 1, 1, 1, 1, 1, 1, 0, 1, 1]",14.87,9.21,26.92,3.42,1675081.7
QTTB,12.6,9,"[1, 1, 1, 1, 1, 1, 1, 1, 1, 0]",9.11,5.12,14.14,1.36,493898.3
STEX,1.07,3,"[1, 0, 0, 0, 0, 0, 1, 0, 1, 0]",1.02,2.89,11.55,0.74,1488561.35
LIDR,1.43,2,"[0, 0, 0, 0, 0, 0, 1, 0, 1, 0]",1.82,2.08,4.43,0.96,1454320.2
MXCT,1.23,5,"[1, 1, 1, 0, 0, 0, 1, 0, 1, 0]",1.05,1.2,2.33,0.68,1515636.55
AGH,3.92,4,"[0, 0, 0, 1, 0, 1, 1, 0, 1, 0]",4.32,4.25,7.82,0.57,1406615.6
AVD,2.89,4,"[1, 0, 0, 0, 0, 0, 1, 0, 1, 1]",2.77,3.99,5.81,2.06,589863.9
NAMM,1.86,3,"[1, 0, 0, 0, 0, 0, 1, 0, 1, 0]",1.81,2.21,10.96,0.92,624837.2
SPAI,4.33,3,"[0, 0, 0, 1, 0, 0, 1, 0, 1, 0]",4.67,5.09,8.95,2.4,195033.25
BTMD,1.99,2,"[0, 0, 0, 0, 0, 0, 1, 0, 1, 0]",2.14,2.33,4.55,1.3,420000.75
GRWG,1.52,6,"[1, 1, 1, 1, 0, 0, 1, 0, 1, 0]",1.5,1.46,2.2,0.97,366388.1
DTCX,1.73,1,"[0, 0, 0, 0, 0, 0, 0, 0, 1, 0]",2.17,3.05,15.46,1.63,283502.8
GECC,5.46,1,"[0, 0, 0, 0, 0, 0, 0, 0, 1, 0]",5.58,6.16,9.88,4.55,109506.35
PN,3.9,3,"[0, 0, 0, 0, 0, 0, 1, 0, 1, 1]",3.92,10.4,82.0,2.21,661938.75
TCRX,1.07,5,"[1, 1, 0, 1, 0, 0, 0, 0, 1, 1]",1.06,1.23,2.52,0.84,657635.0
DOMH,3.05,1,"[0, 0, 0, 0, 0, 0, 0, 0, 1, 0]",3.11,3.66,6.22,2.53,166882.7
STEM,7.92,1,"[0, 0, 0, 0, 0, 0, 0, 0, 1, 0]",9.1,14.24,29.79,7.24,127656.45
ZTEK,0.47,1,"[0, 0, 0, 0, 0, 0, 0, 0, 1, 0]",0.56,0.68,1.11,0.37,255854.0
JFB,4.64,4,"[0, 0, 0, 0, 1, 1, 1, 0, 1, 0]",5.46,7.63,16.78,2.54,422142.75
ANVS,1.92,3,"[0, 0, 0, 0, 1, 0, 0, 0, 1, 1]",1.95,2.54,5.1,1.59,981709.1
ZSQR,12.02,3,"[0, 0, 0, 0, 0, 0, 1, 0, 1, 1]",12.2,13.59,18.8,7.48,746875.6
STSS,1.06,1,"[0, 0, 0, 0, 0, 0, 0, 0, 1, 0]",1.61,2.89,16.03,0.95,450096.15
ACRV,1.73,5,"[1, 0, 0, 0, 0, 1, 1, 0, 1, 1]",1.72,1.86,3.01,1.23,341923.05
AFCG,3.16,5,"[0, 1, 1, 1, 0, 0, 1, 0, 1, 0]",3.2,2.93,4.68,2.02,116890.8
PMVP,1.24,2,"[0, 0, 0, 0, 0, 0, 0, 0, 1, 1]",1.26,1.3,1.8,1.02,286416.2
MDAI,1.78,4,"[0, 1, 0, 1, 0, 0, 1, 0, 1, 0]",2.03,1.81,3.14,1.2,366711.1
BDMD,1.13,2,"[0, 0, 0, 0, 0, 0, 1, 0, 1, 0]",1.48,1.61,4.06,0.77,132366.4
CPSH,5.56,7,"[0, 1, 1, 1, 1, 1, 1, 0, 1, 0]",6.15,4.55,11.59,2.42,2035509.2
OMEX,0.83,1,"[0, 0, 0, 0, 0, 0, 0, 0, 1, 0]",1.02,1.69,4.12,0.77,658918.85
PDSB,0.87,3,"[0, 0, 0, 1, 0, 0, 1, 0, 1, 0]",1.06,0.92,1.43,0.54,686966.7
FLD,0.5,1,"[0, 0, 0, 0, 0, 0, 0, 0, 1, 0]",1.02,2.14,4.54,0.45,6806895.4
RRGB,7.73,8,"[1, 1, 1, 1, 0, 0, 1, 1, 1, 1]",4.75,4.58,7.99,2.59,381256.8
LFVN,6.25,4,"[0, 1, 0, 1, 0, 0, 1, 0, 1, 0]",6.49,6.41,14.13,3.99,767608.95
XTIA,1.7,3,"[0, 0, 0, 0, 1, 0, 1, 0, 1, 0]",1.85,1.77,3.06,1.24,1211363.95
KLXE,2.48,6,"[0, 0, 1, 1, 1, 1, 1, 0, 1, 0]",3.1,2.38,4.27,1.53,315725.35
FEAM,1.44,1,"[0, 0, 0, 0, 0, 0, 0, 0, 1, 0]",1.69,2.88,7.03,1.22,214828.4
SNBR,0.04,1,"[0, 0, 0, 0, 0, 0, 0, 0, 1, 0]",1.53,5.36,12.37,0.03,74026398.05
CING,5.89,8,"[1, 1, 1, 0, 1, 1, 1, 0, 1, 1]",4.88,5.0,11.66,3.33,400279.6
IXHL,3.71,3,"[0, 0, 0, 0, 0, 0, 1, 0, 1, 1]",3.77,8.06,48.9,2.56,321936.25
IMMP,0.43,3,"[0, 0, 0, 0, 0, 0, 1, 0, 1, 1]",0.44,1.62,3.18,0.31,479189.5
IBIO,1.75,5,"[1, 0, 0, 0, 1, 1, 1, 0, 1, 0]",1.71,1.76,3.07,0.57,1067032.7
ENTX,1.69,6,"[1, 1, 1, 0, 0, 0, 1, 0, 1, 1]",1.28,1.68,3.14,1.0,2861380.6
EHTH,1.71,3,"[0, 0, 0, 0, 0, 0, 1, 0, 1, 1]",1.73,2.89,5.65,1.24,541631.6
LIXT,7.67,9,"[1, 1, 1, 1, 0, 1, 1, 1, 1, 1]",5.75,4.3,8.04,2.02,504305.95
VNCE,6.73,10,"[1, 1, 1, 1, 1, 1, 1, 1, 1, 1]",5.12,3.47,7.87,1.42,342139.75
HYFT,1.62,5,"[1, 1, 1, 0, 0, 0, 1, 0, 1, 0]",1.47,1.6,3.2,1.02,355520.1
BLNE,1.09,1,"[0, 0, 0, 0, 0, 0, 0, 0, 1, 0]",1.47,2.37,4.35,1.02,607745.75
PSIG,1.25,4,"[0, 0, 0, 1, 1, 1, 0, 0, 1, 0]",7.73,5.52,11.85,1.25,2968568.0
SPWH,1.3,1,"[0, 0, 0, 0, 0, 0, 0, 0, 1, 0]",1.34,1.72,3.76,1.13,536325.4
ONMD,0.73,2,"[0, 0, 0, 0, 0, 0, 1, 0, 1, 0]",0.81,1.14,3.14,0.45,435581.05
GRML,0.24,2,"[0, 0, 0, 1, 0, 0, 0, 0, 1, 0]",0.37,0.41,1.46,0.21,3439886.15
AMPG,7.1,8,"[1, 1, 1, 1, 0, 1, 1, 0, 1, 1]",4.83,3.57,9.7,1.76,6550590.4
CHRN,17.64,8,"[1, 1, 1, 1, 1, 1, 1, 0, 1, 0]",16.97,9.77,25.82,2.98,418258.8
KZR,7.29,8,"[1, 1, 1, 1, 1, 0, 1, 1, 1, 0]",7.13,5.81,7.45,3.59,125152.4
IPWR,5.49,6,"[0, 1, 1, 1, 0, 1, 1, 0, 1, 0]",5.63,4.42,8.99,2.68,538189.4
SQNS,3.24,2,"[0, 0, 0, 0, 0, 0, 1, 0, 1, 0]",3.54,4.93,53.9,2.43,110526.25
STKE,1.6,5,"[1, 1, 0, 0, 0, 0, 1, 0, 1, 1]",1.45,2.17,14.0,0.89,430874.15
ILLR,2.71,5,"[1, 1, 0, 0, 0, 0, 1, 0, 1, 1]",2.33,3.81,14.8,0.26,16836363.0
VIVO,4.96,6,"[1, 1, 1, 1, 0, 0, 1, 0, 1, 0]",4.56,3.38,6.87,1.21,1656336.3
BWEN,4.65,10,"[1, 1, 1, 1, 1, 1, 1, 1, 1, 1]",3.64,2.84,5.04,1.8,537339.75
COCH,0.79,6,"[1, 1, 1, 0, 0, 0, 1, 0, 1, 1]",0.68,0.74,1.7,0.39,710537.3
BIRD,4.02,3,"[0, 0, 0, 1, 0, 0, 1, 0, 1, 0]",5.01,4.85,16.99,2.39,4154470.0
BEAT,0.73,1,"[0, 0, 0, 0, 0, 0, 0, 0, 1, 0]",0.84,1.41,3.44,0.58,679973.15
FTEK,2.08,7,"[1, 1, 1, 1, 0, 0, 1, 0, 1, 1]",1.54,1.79,3.63,1.19,687972.7
PPSI,3.8,4,"[0, 0, 0, 1, 0, 1, 1, 0, 1, 0]",4.21,4.08,6.08,2.37,124387.2
TELA,0.72,1,"[0, 0, 0, 0, 0, 0, 0, 0, 1, 0]",0.87,1.02,2.14,0.56,118553.8
GAME,0.37,3,"[0, 0, 0, 1, 0, 0, 1, 0, 1, 0]",0.45,0.47,2.31,0.25,1091749.55
ARAY,0.26,1,"[0, 0, 0, 0, 0, 0, 0, 0, 1, 0]",0.36,0.81,1.85,0.26,2082279.25
FATN,6.14,6,"[1, 1, 1, 1, 0, 0, 1, 0, 1, 0]",4.76,3.46,9.31,1.45,239151.05
FGNX,5.03,1,"[0, 0, 0, 0, 0, 0, 0, 0, 1, 0]",6.58,12.76,191.5,4.23,102352.0
PSTV,4.16,2,"[0, 0, 0, 0, 0, 0, 1, 0, 1, 0]",5.61,9.6,22.25,2.92,216262.6
AHMA,2.19,5,"[1, 0, 0, 0, 1, 0, 1, 0, 1, 1]",1.4,2.19,37.11,0.79,8576729.1
HYPD,3.14,1,"[0, 0, 0, 0, 0, 0, 0, 0, 1, 0]",3.54,4.64,15.97,2.52,753871.4
ASTI,4.64,6,"[0, 0, 1, 1, 1, 1, 1, 0, 1, 0]",5.6,4.27,9.02,1.43,1810398.85
DARE,2.11,5,"[0, 1, 1, 1, 0, 0, 1, 0, 1, 0]",2.28,1.99,3.27,1.3,179678.85
ABLV,1.18,9,"[1, 1, 1, 1, 0, 1, 1, 1, 1, 1]",0.98,0.82,1.23,0.58,107445.8
BEEM,1.29,1,"[0, 0, 0, 0, 0, 0, 0, 0, 1, 0]",1.53,1.86,3.88,1.11,3486164.75
WKHS,2.94,1,"[0, 0, 0, 0, 0, 0, 0, 0, 1, 0]",3.17,6.19,53.04,2.34,145881.8
INMB,1.68,6,"[1, 1, 1, 0, 0, 0, 1, 0, 1, 1]",1.41,1.56,3.16,1.12,1131606.15
JZ,0.14,1,"[0, 0, 0, 0, 0, 0, 0, 0, 1, 0]",0.63,1.07,3.1,0.14,6060088.1
PSQH,0.45,1,"[0, 0, 0, 0, 0, 0, 0, 0, 1, 0]",0.59,1.09,2.83,0.38,338769.6
HCHL,3.96,8,"[1, 1, 1, 1, 0, 1, 1, 0, 1, 1]",3.12,2.8,5.44,1.0,295360.0
RPGL,1.99,2,"[0, 0, 0, 0, 1, 0, 0, 0, 1, 0]",18.93,1.99,3984.0,1.95,610529.85
GRCE,2.24,2,"[0, 0, 0, 0, 1, 0, 0, 0, 1, 0]",2.39,3.27,5.13,2.1,295814.75
BGDE,8.04,8,"[1, 1, 1, 1, 0, 1, 1, 0, 1, 1]",7.02,7.94,33.6,1.71,160384.25
TRAW,0.81,1,"[0, 0, 0, 0, 0, 0, 0, 0, 1, 0]",1.34,1.83,3.13,0.76,537121.8
BOLD,2.48,10,"[1, 1, 1, 1, 1, 1, 1, 1, 1, 1]",1.62,1.31,2.6,1.05,3573768.35
ARAI,0.41,1,"[0, 0, 0, 0, 0, 0, 0, 0, 1, 0]",0.61,2.24,12.15,0.39,1027928.25
ABVE,0.06,1,"[0, 0, 0, 0, 0, 0, 0, 0, 1, 0]",0.4,1.71,5.28,0.06,4678145.35
AGPU,7.22,6,"[1, 1, 1, 1, 0, 0, 1, 0, 1, 0]",6.57,6.41,18.0,1.41,248646.3
MNTS,6.5,3,"[0, 0, 0, 1, 0, 0, 1, 0, 1, 0]",8.85,11.07,34.11,3.23,5644094.4
BZFD,1.52,6,"[1, 1, 1, 1, 0, 0, 1, 0, 1, 0]",1.28,1.12,2.56,0.57,911770.95
SKYE,0.68,1,"[0, 0, 0, 0, 0, 0, 0, 0, 1, 0]",0.8,1.2,4.75,0.58,157761.3
QCLS,3.96,4,"[1, 0, 0, 0, 1, 0, 1, 0, 1, 0]",3.93,4.06,15.4,2.76,303865.25
SOWG,4.13,4,"[1, 0, 0, 0, 0, 0, 1, 0, 1, 1]",2.03,7.14,23.25,1.13,200511.8
LASE,1.51,3,"[1, 0, 0, 0, 0, 0, 1, 0, 1, 0]",1.46,2.16,6.51,0.6,26855475.9
QNTM,3.36,2,"[0, 0, 0, 0, 0, 0, 1, 0, 1, 0]",5.02,7.4,29.21,2.1,223732.55
DBGI,0.79,3,"[0, 0, 0, 0, 0, 0, 1, 0, 1, 1]",1.0,5.56,17.78,0.29,5975323.15
NEON,0.98,1,"[0, 0, 0, 0, 0, 0, 0, 0, 1, 0]",1.48,2.07,29.3,0.82,402808.2
AIFF,1.29,3,"[0, 0, 0, 1, 0, 0, 1, 0, 1, 0]",1.72,1.7,3.16,0.64,197977.7
VEEA,0.24,1,"[0, 0, 0, 0, 0, 0, 0, 0, 1, 0]",0.48,0.57,1.84,0.24,3099215.8
SPPL,3.73,5,"[1, 1, 0, 0, 0, 1, 1, 0, 1, 0]",3.12,3.73,6.62,1.8,1560057.0
OTLK,1.47,6,"[1, 1, 1, 0, 0, 0, 1, 0, 1, 1]",0.73,0.9,2.97,0.2,17373655.95
EVTV,1.78,6,"[0, 1, 1, 1, 1, 0, 1, 0, 1, 0]",1.87,1.65,4.08,0.36,488049.85
JSPR,0.45,2,"[0, 0, 0, 0, 0, 0, 1, 0, 1, 0]",0.72,1.45,6.82,0.34,595957.2
UFG,0.74,1,"[0, 0, 0, 0, 0, 0, 0, 0, 1, 0]",0.81,1.39,9.65,0.67,207018.05
DFLI,1.9,1,"[0, 0, 0, 0, 0, 0, 0, 0, 1, 0]",1.97,4.68,19.7,1.54,457271.25
ALLR,1.33,6,"[0, 1, 1, 1, 0, 1, 1, 0, 1, 0]",1.47,1.28,1.97,0.81,157850.4
VTGN,0.24,1,"[0, 0, 0, 0, 0, 0, 0, 0, 1, 0]",0.6,1.73,4.9,0.23,3965397.75
SDST,1.71,1,"[0, 0, 0, 0, 0, 0, 0, 0, 1, 0]",2.18,3.21,7.09,1.56,106282.15
LTRN,4.02,8,"[1, 1, 1, 1, 0, 0, 1, 1, 1, 1]",3.18,3.22,5.32,1.12,201943.15
MVO,1.81,5,"[0, 1, 0, 1, 0, 0, 1, 0, 1, 1]",1.94,2.42,5.29,0.91,131169.5
GWH,0.91,1,"[0, 0, 0, 0, 0, 0, 0, 0, 1, 0]",0.95,1.9,9.05,0.74,841594.15
ONEG,1.19,4,"[0, 0, 0, 1, 0, 0, 1, 0, 1, 1]",2.62,4.37,12.99,0.85,1218139.05
MOBX,2.15,2,"[0, 0, 0, 0, 0, 0, 1, 0, 1, 0]",2.26,4.35,12.1,1.46,3121565.1
QNCX,16.75,3,"[0, 0, 0, 0, 0, 0, 1, 0, 1, 1]",,,44.0,0.8,423792.8
AUID,1.15,2,"[0, 0, 0, 0, 0, 0, 1, 0, 1, 0]",1.19,1.61,5.42,0.86,100243.1
SNAL,0.61,3,"[0, 0, 0, 1, 0, 0, 1, 0, 1, 0]",0.74,0.81,1.7,0.38,520220.6
KTTA,0.57,3,"[0, 0, 0, 0, 1, 0, 1, 0, 1, 0]",0.67,0.8,1.47,0.29,1649819.95
LGVN,0.73,3,"[0, 0, 0, 1, 0, 0, 1, 0, 1, 0]",0.8,0.74,1.74,0.48,252972.4
LPCN,2.46,4,"[1, 0, 0, 0, 1, 0, 0, 0, 1, 1]",2.3,4.66,11.26,1.94,103058.3
SAGT,1.14,3,"[0, 0, 0, 0, 0, 0, 1, 0, 1, 1]",1.26,1.85,2.68,0.88,4682332.75
OSRH,0.31,1,"[0, 0, 0, 0, 0, 0, 0, 0, 1, 0]",0.49,0.56,1.39,0.31,761520.0
OFAL,0.19,1,"[0, 0, 0, 0, 0, 0, 0, 0, 1, 0]",0.44,0.65,3.32,0.17,1406507.35
SEGG,0.93,3,"[0, 0, 0, 1, 0, 0, 1, 0, 1, 0]",1.35,1.82,13.7,0.51,1236614.95
ENGS,2.69,7,"[1, 1, 1, 1, 0, 0, 1, 0, 1, 1]",1.63,2.49,12.22,0.64,599214.2
AGAE,2.36,4,"[0, 1, 0, 1, 0, 0, 1, 0, 1, 0]",2.84,2.9,11.64,1.54,112099.4
NIXX,1.68,6,"[1, 1, 1, 0, 0, 0, 1, 0, 1, 1]",0.82,1.01,2.36,0.49,8888540.5
TOMZ,0.84,7,"[1, 1, 1, 1, 0, 0, 1, 1, 1, 0]",0.78,0.78,1.09,0.53,289316.15
AIIO,4.41,5,"[1, 1, 0, 0, 0, 0, 1, 0, 1, 1]",2.51,9.45,52.4,0.59,3378910.3
SCNX,0.36,2,"[0, 0, 0, 0, 0, 0, 1, 0, 1, 0]",0.39,0.54,2.6,0.24,416011.5
GFAI,0.4,1,"[0, 0, 0, 0, 0, 0, 0, 0, 1, 0]",0.48,0.67,1.42,0.37,629026.45
NWGL,0.28,1,"[0, 0, 0, 0, 0, 0, 0, 0, 1, 0]",0.7,1.11,1.75,0.22,6505179.15
SKYQ,2.97,3,"[0, 0, 0, 0, 0, 0, 1, 0, 1, 1]",3.33,3.54,12.59,1.14,20974513.65
TURB,1.54,6,"[1, 1, 0, 1, 0, 0, 1, 0, 1, 1]",1.52,2.19,12.4,0.61,780698.45
AKAN,13.62,4,"[0, 1, 0, 1, 0, 0, 1, 0, 1, 0]",20.35,22.44,107.43,2.68,314342.65
MDCX,0.4,4,"[1, 0, 0, 0, 0, 0, 1, 0, 1, 1]",0.34,1.27,3.4,0.28,2260371.2
BFRI,1.01,8,"[1, 1, 1, 1, 0, 1, 1, 1, 1, 0]",0.98,0.92,1.16,0.57,261267.65
MBRX,2.69,4,"[1, 0, 0, 0, 0, 0, 1, 0, 1, 1]",2.58,5.44,20.9,1.96,1119208.4
HOTH,0.95,4,"[0, 0, 0, 1, 0, 1, 1, 0, 1, 0]",0.99,1.12,2.22,0.51,9336994.6
PHIO,1.0,1,"[0, 0, 0, 0, 0, 0, 0, 0, 1, 0]",1.1,1.35,2.74,0.86,196894.1
BFRG,0.71,3,"[1, 0, 0, 0, 0, 0, 1, 0, 1, 0]",0.69,0.9,1.68,0.46,233979.85
APRE,0.75,1,"[0, 0, 0, 0, 0, 0, 0, 0, 1, 0]",0.83,0.98,2.08,0.59,110817.95
LNAI,3.09,4,"[1, 0, 0, 0, 0, 0, 1, 0, 1, 1]",2.73,6.01,27.2,1.47,2481910.7
ATER,1.26,9,"[1, 1, 1, 1, 0, 1, 1, 1, 1, 1]",1.13,0.87,1.59,0.54,185107.7
GTBP,0.49,4,"[1, 0, 0, 0, 0, 0, 1, 0, 1, 1]",0.41,0.57,3.1,0.27,1377970.6
XWEL,1.06,7,"[0, 1, 1, 1, 1, 1, 1, 0, 1, 0]",1.26,0.97,1.7,0.29,107671.95
LHSW,1.77,1,"[0, 0, 0, 0, 0, 0, 0, 0, 1, 0]",2.98,13.02,48.48,1.47,564862.8
BIVI,2.18,8,"[1, 1, 1, 1, 0, 1, 1, 0, 1, 1]",1.61,1.52,9.7,1.06,178440.75
YYGH,1.3,1,"[0, 0, 0, 0, 0, 0, 0, 0, 1, 0]",17.04,248.04,5085.0,1.24,2821411.8
NOTV,0.01,2,"[0, 0, 0, 0, 0, 0, 1, 0, 1, 0]",0.21,0.63,2.36,0.01,60531781.7
DTSS,0.8,1,"[0, 0, 0, 0, 0, 0, 0, 0, 1, 0]",0.87,1.18,2.3,0.65,801946.6
GDC,2.26,4,"[1, 0, 0, 0, 0, 0, 1, 0, 1, 1]",1.17,3.51,9.73,0.01,414905415.0
TDIC,5.35,2,"[0, 0, 0, 1, 0, 0, 0, 0, 1, 0]",27.84,92.93,908.75,5.35,2431489.15
BIAF,0.84,1,"[0, 0, 0, 0, 0, 0, 0, 0, 1, 0]",1.67,2.08,10.95,0.75,544530.3
CODX,3.08,2,"[0, 0, 0, 0, 0, 0, 1, 0, 1, 0]",3.49,6.08,37.8,1.28,823799.8
ELPW,0.96,2,"[0, 0, 0, 0, 0, 0, 0, 0, 1, 1]",2.14,157.88,5248.0,0.75,7638876.15
CETX,2.8,1,"[0, 0, 0, 0, 0, 0, 0, 0, 1, 0]",7.37,25.11,202.5,2.8,135913.7
YMAT,0.56,4,"[0, 1, 0, 1, 0, 0, 1, 0, 1, 0]",0.67,0.68,5.74,0.24,12058001.0
GLE,0.46,6,"[1, 1, 0, 1, 0, 0, 1, 0, 1, 1]",0.43,0.47,3.6,0.26,10044419.4
BNZI,2.98,1,"[0, 0, 0, 0, 0, 0, 0, 0, 1, 0]",4.81,24.29,129.0,2.78,306601.85
AIXI,2.0,2,"[0, 0, 0, 1, 0, 0, 0, 0, 1, 0]",10.84,12.87,55.0,1.84,1920996.35
MYSE,2.51,8,"[1, 1, 1, 1, 0, 1, 1, 0, 1, 1]",2.09,2.1,3.81,1.33,1060264.1
FMFC,0.28,1,"[0, 0, 0, 0, 0, 0, 0, 0, 1, 0]",0.36,2.21,15.48,0.23,7131706.95
LOBO,0.65,5,"[0, 1, 0, 1, 0, 1, 1, 0, 1, 0]",0.7,0.68,1.16,0.36,334954.35
RMSG,0.51,2,"[0, 0, 0, 0, 0, 0, 1, 0, 1, 0]",1.09,1.42,5.21,0.35,13378854.65
MGRX,0.43,4,"[1, 0, 0, 0, 0, 0, 1, 0, 1, 1]",0.39,0.92,2.74,0.16,2302397.3
ANY,2.45,2,"[0, 0, 0, 0, 0, 0, 1, 0, 1, 0]",2.46,3.67,10.5,1.09,2088815.05
SMTK,0.24,2,"[0, 0, 0, 0, 0, 0, 1, 0, 1, 0]",0.29,0.93,2.83,0.17,30328322.5
UGRO,2.02,1,"[0, 0, 0, 0, 0, 0, 0, 0, 1, 0]",5.08,7.5,36.29,2.02,582725.7
ONFO,0.35,3,"[0, 0, 0, 1, 0, 0, 1, 0, 1, 0]",0.75,0.8,1.5,0.25,449100.0
CREG,2.2,1,"[0, 0, 0, 0, 0, 0, 0, 0, 1, 0]",4.0,9.75,25.0,1.8,923640.1
FABC,3.55,5,"[0, 1, 1, 1, 0, 0, 1, 0, 1, 0]",3.94,3.52,8.41,1.78,769560.05
OLB,0.38,1,"[0, 0, 0, 0, 0, 0, 0, 0, 1, 0]",0.46,0.76,1.8,0.34,189840.95
AEHL,1.02,2,"[0, 0, 0, 0, 0, 0, 1, 0, 1, 0]",1.32,7.77,25.98,0.49,348858.6
SNYR,0.21,1,"[0, 0, 0, 0, 0, 0, 0, 0, 1, 0]",0.28,1.42,3.97,0.19,630381.15
BTQ,5.3,5,"[1, 1, 0, 0, 0, 0, 1, 0, 1, 1]",4.0,5.3,14.14,2.15,5808468.95
WXM,4.64,2,"[0, 0, 0, 0, 0, 0, 0, 0, 1, 1]",4.73,10.45,39.0,3.8,153539.4
ENVB,1.5,1,"[0, 0, 0, 0, 0, 0, 0, 0, 1, 0]",2.45,4.15,17.4,1.28,228589.25
SUNE,2.38,9,"[1, 1, 1, 1, 1, 1, 1, 0, 1, 1]",1.85,1.52,5.88,0.78,17964661.0
ALP,0.26,2,"[0, 0, 0, 0, 0, 0, 1, 0, 1, 0]",0.29,1.76,10.91,0.18,5694195.75
GP,1.6,7,"[1, 1, 1, 1, 0, 0, 1, 0, 1, 1]",1.13,1.46,4.5,0.76,264933.0
GSUN,0.37,1,"[0, 0, 0, 0, 0, 0, 0, 0, 1, 0]",0.48,1.21,3.26,0.33,6202323.7
RENX,1.95,3,"[0, 0, 0, 0, 0, 0, 1, 0, 1, 1]",1.96,8.83,38.6,1.42,191127.25
WNW,3.67,4,"[1, 0, 0, 0, 0, 0, 1, 0, 1, 1]",3.56,105.24,280.4,2.41,944173.45
GOVX,1.26,1,"[0, 0, 0, 0, 0, 0, 0, 0, 1, 0]",1.58,5.69,21.27,1.05,749081.7
JTAI,7.98,3,"[1, 0, 0, 0, 0, 0, 1, 0, 1, 0]",7.3,186.38,796.0,5.71,166359.75
NCI,11.62,5,"[1, 0, 0, 0, 1, 0, 1, 0, 1, 1]",9.51,17.05,96.0,3.95,299209.3
SOBR,0.73,2,"[0, 0, 0, 0, 0, 0, 1, 0, 1, 0]",1.03,1.65,4.74,0.5,181567.25
BYAH,0.92,1,"[0, 0, 0, 0, 0, 0, 0, 0, 1, 0]",1.24,7.87,2050.5,0.92,9782248.0
MNDR,3.24,6,"[1, 1, 1, 0, 0, 0, 1, 0, 1, 1]",0.97,1.58,6.2,0.47,1156332.85
NCRA,0.1,1,"[0, 0, 0, 0, 0, 0, 0, 0, 1, 0]",0.18,0.71,1.97,0.09,25980619.0
CNEY,0.48,3,"[0, 0, 0, 1, 0, 0, 1, 0, 1, 0]",0.89,1.12,2.7,0.37,834623.3
PMAX,2.15,1,"[0, 0, 0, 0, 0, 0, 0, 0, 1, 0]",2.49,15.44,41.04,1.86,707043.65
GLMD,0.65,3,"[1, 0, 0, 0, 0, 0, 1, 0, 1, 0]",0.61,0.86,2.33,0.47,1282908.25
OCG,1.85,2,"[0, 0, 0, 0, 0, 0, 0, 0, 1, 1]",1.89,694.62,6589.92,1.65,537516.6
SHPH,3.4,1,"[0, 0, 0, 0, 0, 0, 0, 0, 1, 0]",6.05,16.79,47.6,3.25,2359273.75
LMFA,0.15,1,"[0, 0, 0, 0, 0, 0, 0, 0, 1, 0]",0.22,0.57,4.93,0.15,4304570.65
VIVK,0.34,1,"[0, 0, 0, 0, 0, 0, 0, 0, 1, 0]",1.28,16.79,220.5,0.33,8003106.7
UCAR,1.18,2,"[0, 0, 0, 0, 0, 0, 1, 0, 1, 0]",1.4,11.33,45.1,0.38,532772.45
IVDA,0.35,3,"[1, 0, 0, 0, 0, 0, 1, 0, 1, 0]",0.34,0.71,2.47,0.25,20562756.55
MASK,2.02,2,"[0, 0, 0, 0, 0, 0, 1, 0, 1, 0]",2.34,6.68,58.75,1.24,2812630.35
AEMD,0.76,1,"[0, 0, 0, 0, 0, 0, 0, 0, 1, 0]",2.0,3.28,21.9,0.76,305369.05
VRAX,2.74,1,"[0, 0, 0, 0, 0, 0, 0, 0, 1, 0]",4.35,8.21,27.75,2.6,217993.75
SGLY,0.31,1,"[0, 0, 0, 0, 0, 0, 0, 0, 1, 0]",0.4,0.56,1.39,0.3,123869.7
ORKT,1.04,3,"[0, 0, 0, 1, 0, 0, 1, 0, 1, 0]",1.13,1.22,3.2,0.67,351814.45
VBIO,0.52,1,"[0, 0, 0, 0, 0, 0, 0, 0, 1, 0]",0.82,1.5,4.38,0.51,540286.4
MGN,0.13,2,"[0, 0, 0, 0, 1, 0, 0, 0, 1, 0]",0.16,0.13,4.85,0.13,29578576.9
BIYA,0.54,2,"[0, 0, 0, 0, 0, 0, 1, 0, 1, 0]",0.91,4.8,23.52,0.28,25056805.55
HCWB,4.58,8,"[1, 1, 1, 1, 0, 0, 1, 1, 1, 1]",1.25,1.78,6.02,0.27,1045419.65
JDZG,50.0,3,"[1, 0, 0, 0, 0, 0, 1, 0, 1, 0]",33.71,227.29,952.5,10.8,108580.0
NVVE,0.36,1,"[0, 0, 0, 0, 0, 0, 0, 0, 1, 0]",0.37,3.72,43.6,0.29,240979.95
GV,0.2,1,"[0, 0, 0, 0, 0, 0, 0, 0, 1, 0]",0.24,0.96,2.8,0.16,517109.9
ASBP,5.86,6,"[1, 1, 1, 1, 0, 0, 1, 0, 1, 0]",4.25,5.26,23.6,0.16,771626.2
SDOT,72.0,6,"[1, 1, 1, 0, 0, 0, 1, 0, 1, 1]",14.65,55.63,358.0,2.73,7557887.1
ICON,1.04,1,"[0, 0, 0, 0, 0, 0, 0, 0, 1, 0]",1.14,3.52,16.3,0.81,349534.5
BTX,9.03,9,"[1, 1, 1, 1, 1, 1, 1, 1, 1, 0]",8.58,6.98,9.42,5.9,795931.35
NVDA,194.83,7,"[0, 1, 1, 1, 1, 1, 0, 1, 1, 0]",209.65,190.82,235.47,158.03,156663418.35
GOOGL,359.91,9,"[0, 1, 1, 1, 1, 1, 1, 1, 1, 1]",370.83,315.81,402.38,173.86,38292848.1
GOOG,356.18,9,"[0, 1, 1, 1, 1, 1, 1, 1, 1, 1]",368.1,315.22,398.8,174.66,25750251.2
AAPL,308.63,9,"[1, 1, 1, 1, 1, 1, 1, 1, 1, 0]",293.46,270.32,315.2,201.58,68950686.3
AMZN,242.67,7,"[0, 1, 1, 1, 1, 1, 0, 1, 1, 0]",255.42,232.98,274.99,198.79,63279616.7
AVGO,360.45,6,"[0, 0, 1, 1, 1, 1, 1, 0, 1, 0]",408.89,360.2,480.81,269.82,35343937.1
TSM,434.16,9,"[1, 1, 1, 1, 1, 1, 1, 1, 1, 0]",418.83,342.51,477.57,224.84,15136848.15
TSLA,393.45,4,"[0, 0, 0, 0, 0, 1, 1, 1, 1, 0]",406.42,418.61,489.88,293.94,49370497.65
WMT,111.84,5,"[0, 0, 0, 1, 1, 1, 0, 1, 1, 0]",122.95,116.67,134.2,93.62,24738200.8
LLY,1213.91,10,"[1, 1, 1, 1, 1, 1, 1, 1, 1, 1]",1054.37,982.55,1229.93,621.26,3439612.1
MU,975.56,9,"[1, 1, 1, 1, 1, 1, 1, 1, 1, 0]",852.09,444.22,1213.56,104.73,59145213.5
AMD,517.82,9,"[1, 1, 1, 1, 1, 1, 1, 1, 1, 0]",460.38,278.19,580.91,134.8,32038579.7
INTC,120.35,10,"[1, 1, 1, 1, 1, 1, 1, 1, 1, 1]",113.38,60.33,140.94,19.31,131706939.7
XOM,137.09,7,"[0, 0, 1, 1, 1, 1, 1, 1, 1, 0]",147.55,134.3,170.31,102.56,18291154.45
ASML,1769.32,10,"[1, 1, 1, 1, 1, 1, 1, 1, 1, 1]",1646.96,1311.8,1989.44,686.0,2407632.0
ORCL,140.27,2,"[0, 0, 0, 1, 0, 0, 0, 0, 1, 0]",186.37,199.07,325.76,136.0,31914469.0
JNJ,263.04,10,"[1, 1, 1, 1, 1, 1, 1, 1, 1, 1]",232.14,216.98,263.04,151.39,9141201.75
CAT,963.53,10,"[1, 1, 1, 1, 1, 1, 1, 1, 1, 1]",913.11,695.19,1064.9,387.32,3949896.1
CSCO,112.69,9,"[1, 1, 1, 1, 1, 1, 1, 1, 1, 0]",111.02,84.46,130.0,65.1,26542575.25
LRCX,351.41,10,"[1, 1, 1, 1, 1, 1, 1, 1, 1, 1]",320.92,222.49,433.33,94.32,14636570.75
CVX,169.2,5,"[0, 0, 0, 1, 1, 1, 0, 1, 1, 0]",183.37,169.94,209.23,141.47,9619567.65
AMAT,603.04,10,"[1, 1, 1, 1, 1, 1, 1, 1, 1, 1]",489.97,338.75,723.0,155.56,13112994.05
UNH,425.36,9,"[1, 1, 1, 1, 0, 1, 1, 1, 1, 1]",388.85,333.39,427.89,231.57,7145288.1
BABA,96.14,1,"[0, 0, 0, 0, 0, 0, 0, 0, 1, 0]",122.07,145.82,187.62,94.81,13155525.05
GE,377.52,10,"[1, 1, 1, 1, 1, 1, 1, 1, 1, 1]",318.93,309.0,377.52,245.58,5100901.6
HSBC,96.78,10,"[1, 1, 1, 1, 1, 1, 1, 1, 1, 1]",91.87,80.06,96.78,57.83,1672782.0
MS,213.93,10,"[1, 1, 1, 1, 1, 1, 1, 1, 1, 1]",203.73,177.15,227.09,136.5,6204482.7
AZN,195.15,9,"[1, 1, 1, 0, 1, 1, 1, 1, 1, 1]",184.2,182.51,208.62,135.08,2023692.05
GEV,1113.11,10,"[1, 1, 1, 1, 1, 1, 1, 1, 1, 1]",1041.7,793.71,1174.86,515.64,3287628.3
GS,1021.0,9,"[1, 1, 1, 1, 1, 1, 1, 1, 1, 0]",996.19,882.65,1106.37,682.81,2426484.2
MRK,129.56,10,"[1, 1, 1, 1, 1, 1, 1, 1, 1, 1]",116.2,105.83,129.56,75.59,12806554.0
NVS,159.9,10,"[1, 1, 1, 1, 1, 1, 1, 1, 1, 1]",149.43,141.01,163.64,110.15,2423192.95
TXN,293.08,8,"[0, 1, 1, 1, 1, 1, 1, 1, 1, 0]",295.58,213.94,332.28,151.57,10629909.0
RY,204.79,10,"[1, 1, 1, 1, 1, 1, 1, 1, 1, 1]",190.18,167.01,208.31,127.59,1822543.95
KLAC,235.55,10,"[1, 1, 1, 1, 1, 1, 1, 1, 1, 1]",208.72,151.7,301.71,84.03,16402093.75
RTX,199.25,9,"[1, 1, 1, 0, 1, 1, 1, 1, 1, 1]",179.44,182.75,211.28,142.64,5414327.45
SNDK,1745.0,8,"[1, 1, 1, 1, 1, 1, 1, 0, 1, 0]",1610.45,703.36,2335.0,40.69,12008463.4
QCOM,176.25,7,"[0, 1, 1, 1, 1, 1, 1, 0, 1, 0]",202.04,166.97,250.1,123.61,22698614.7
ARM,315.28,8,"[1, 1, 1, 1, 1, 1, 1, 0, 1, 0]",298.72,177.17,439.46,104.55,11325249.3
C,139.97,10,"[1, 1, 1, 1, 1, 1, 1, 1, 1, 1]",131.89,114.58,145.67,83.67,13872284.4
BHP,83.33,8,"[0, 1, 1, 1, 1, 1, 1, 1, 1, 0]",84.68,68.56,93.15,48.41,3055078.9
ADI,377.16,8,"[0, 1, 1, 1, 1, 1, 1, 1, 1, 0]",408.11,316.06,445.48,217.76,5806922.45
NVO,50.43,6,"[1, 1, 1, 0, 0, 0, 1, 0, 1, 1]",44.48,46.64,68.39,34.76,13322319.05
MUFG,20.61,10,"[1, 1, 1, 1, 1, 1, 1, 1, 1, 1]",19.13,17.29,21.08,13.29,3199482.6
TTE,76.69,7,"[0, 0, 1, 1, 1, 1, 1, 1, 1, 0]",87.44,74.21,93.6,55.92,1713506.9
NEE,88.34,8,"[0, 1, 1, 1, 1, 1, 0, 1, 1, 1]",89.32,85.53,97.17,68.33,11801113.25
BA,226.49,8,"[1, 1, 1, 1, 1, 0, 0, 1, 1, 1]",223.78,218.32,252.15,179.12,5956884.8
TD,119.3,10,"[1, 1, 1, 1, 1, 1, 1, 1, 1, 1]",112.27,95.0,122.25,71.98,2114301.1
SAN,13.95,10,"[1, 1, 1, 1, 1, 1, 1, 1, 1, 1]",12.5,11.47,13.95,8.21,8396838.3
RIO,94.42,8,"[0, 1, 1, 1, 1, 1, 1, 1, 1, 0]",102.15,85.47,112.04,54.76,2767573.0
ANET,159.99,8,"[1, 1, 1, 1, 0, 1, 1, 1, 1, 0]",159.8,143.12,177.73,101.47,8191966.6
STX,820.16,8,"[0, 1, 1, 1, 1, 1, 1, 1, 1, 0]",839.69,455.89,1093.26,140.85,4820201.3
DELL,394.32,9,"[1, 1, 1, 1, 1, 1, 1, 1, 1, 0]",323.09,186.14,465.96,110.73,8682681.85
PANW,348.06,9,"[1, 1, 1, 1, 0, 1, 1, 1, 1, 1]",251.44,201.47,352.04,141.67,7685614.1
WDC,539.0,8,"[1, 1, 1, 1, 1, 1, 1, 0, 1, 0]",529.55,290.41,746.23,63.85,10686837.25
GILD,131.27,7,"[1, 0, 1, 0, 1, 1, 0, 1, 1, 1]",128.97,128.44,153.91,105.47,9474471.0
GLW,196.79,9,"[1, 1, 1, 1, 1, 1, 1, 1, 1, 0]",188.43,126.89,255.69,51.04,17917115.4
BUD,81.33,10,"[1, 1, 1, 1, 1, 1, 1, 1, 1, 1]",79.74,69.51,85.09,56.26,2437113.9
APP,527.06,5,"[1, 1, 0, 0, 0, 1, 1, 0, 1, 0]",500.64,539.91,733.6,335.1,5623508.35
APH,164.59,10,"[1, 1, 1, 1, 1, 1, 1, 1, 1, 1]",145.92,138.38,176.32,96.75,9496078.15
DE,621.27,10,"[1, 1, 1, 1, 1, 1, 1, 1, 1, 1]",576.58,530.74,658.85,435.19,1376681.3
SCCO,172.01,7,"[0, 0, 1, 1, 1, 1, 1, 1, 1, 0]",180.3,161.19,215.55,85.21,1506331.85
WELL,236.06,10,"[1, 1, 1, 1, 1, 1, 1, 1, 1, 1]",213.41,196.24,236.06,149.46,3764637.85
MRVL,245.29,9,"[1, 1, 1, 1, 1, 1, 1, 1, 1, 0]",223.63,122.57,316.43,62.19,64127528.55
IBKR,91.33,10,"[1, 1, 1, 1, 1, 1, 1, 1, 1, 1]",86.03,73.38,96.82,56.36,4961305.7
COP,104.73,6,"[0, 0, 1, 1, 1, 1, 0, 1, 1, 0]",116.31,104.51,132.81,83.6,8001042.5
PLD,139.43,8,"[0, 1, 1, 1, 1, 1, 1, 1, 1, 0]",141.86,130.43,147.67,100.81,4212148.5
UBS,51.04,10,"[1, 1, 1, 1, 1, 1, 1, 1, 1, 1]",46.8,42.11,51.14,33.31,2132572.25
SMFG,24.53,10,"[1, 1, 1, 1, 1, 1, 1, 1, 1, 1]",22.61,20.01,25.23,14.53,2125816.65
CRWD,193.98,9,"[1, 1, 1, 1, 0, 1, 1, 1, 1, 1]",155.16,125.64,195.54,87.56,13496257.0
VRT,300.53,8,"[0, 1, 1, 1, 1, 1, 1, 1, 1, 0]",324.55,232.39,376.15,120.59,7424889.75
BTI,61.77,10,"[1, 1, 1, 1, 1, 1, 1, 1, 1, 1]",61.11,56.95,66.7,45.96,4788120.8
BBVA,25.6,10,"[1, 1, 1, 1, 1, 1, 1, 1, 1, 1]",22.91,21.59,25.6,14.03,1788546.35
NEM,97.04,4,"[0, 0, 0, 0, 1, 1, 1, 0, 1, 0]",106.43,102.94,131.38,56.75,9565895.8
PBR,16.11,6,"[0, 0, 1, 1, 1, 1, 1, 0, 1, 0]",18.94,15.54,21.86,11.39,14093400.35
PBR-A,14.52,6,"[0, 0, 1, 1, 1, 1, 1, 0, 1, 0]",17.04,14.31,19.73,10.67,8435064.15
SBUX,104.27,10,"[1, 1, 1, 1, 1, 1, 1, 1, 1, 1]",101.81,91.89,106.82,76.95,8019957.1
CVS,104.72,10,"[1, 1, 1, 1, 1, 1, 1, 1, 1, 1]",93.4,80.7,104.81,57.3,8761730.7
BMY,58.13,10,"[1, 1, 1, 1, 1, 1, 1, 1, 1, 1]",56.95,53.41,61.73,41.67,13291103.95
BP,37.4,6,"[0, 0, 0, 1, 1, 1, 1, 1, 1, 0]",42.74,38.35,47.09,28.7,10208949.05
PWR,668.31,8,"[0, 1, 1, 1, 1, 1, 1, 1, 1, 0]",711.53,537.93,785.12,372.18,1496524.8
PH,962.89,9,"[1, 1, 1, 0, 1, 1, 1, 1, 1, 1]",905.15,882.9,1020.71,691.12,692141.85
HWM,270.41,10,"[1, 1, 1, 1, 1, 1, 1, 1, 1, 1]",259.65,227.43,283.23,170.73,3712557.4
BMO,174.13,10,"[1, 1, 1, 1, 1, 1, 1, 1, 1, 1]",161.28,139.68,177.57,109.55,725454.6
EQIX,1002.02,8,"[0, 1, 1, 1, 1, 1, 1, 1, 1, 0]",1073.06,900.06,1115.94,718.6,686485.95
MFG,9.94,10,"[1, 1, 1, 1, 1, 1, 1, 1, 1, 1]",9.14,8.02,10.3,5.42,4160616.2
TT,478.13,9,"[1, 1, 1, 1, 1, 1, 0, 1, 1, 1]",470.67,432.57,503.46,374.67,1435579.65
CM,113.9,10,"[1, 1, 1, 1, 1, 1, 1, 1, 1, 1]",110.97,95.09,116.07,70.39,1749144.35
CDNS,373.14,8,"[1, 1, 1, 1, 0, 1, 1, 1, 1, 0]",367.54,327.46,416.39,265.66,2621454.35
GSK,53.66,9,"[1, 1, 1, 0, 1, 1, 1, 1, 1, 1]",51.44,49.94,60.14,34.89,4077589.35
SNPS,437.16,3,"[0, 0, 0, 1, 1, 0, 0, 0, 1, 0]",483.12,456.51,645.35,380.47,2139401.5
AEM,153.86,4,"[0, 0, 0, 0, 1, 1, 1, 0, 1, 0]",175.75,184.36,251.57,115.06,3267474.5
HCA,410.5,5,"[1, 0, 0, 0, 1, 0, 0, 1, 1, 1]",403.03,458.24,543.23,332.07,1628389.75
BNS,85.4,8,"[1, 1, 1, 1, 1, 1, 0, 0, 1, 1]",80.6,72.94,,,2619517.15
CMI,661.7,8,"[0, 1, 1, 1, 1, 1, 1, 1, 1, 0]",675.37,553.46,727.59,322.68,1194762.45
MAR,372.95,9,"[1, 1, 1, 1, 1, 1, 1, 1, 1, 0]",372.31,323.27,402.54,253.11,1682791.5
CNQ,39.64,7,"[0, 0, 1, 1, 1, 1, 1, 1, 1, 0]",44.63,38.59,49.57,28.74,9628379.2
EQNR,32.04,8,"[0, 1, 1, 1, 1, 1, 1, 1, 1, 0]",36.56,29.52,41.97,21.89,3753529.65
ITUB,8.12,8,"[1, 1, 1, 1, 1, 1, 0, 0, 1, 1]",8.03,7.63,,,23736338.8
FDX,313.0,8,"[0, 1, 1, 1, 1, 1, 1, 1, 1, 0]",317.07,262.1,337.48,171.6,2400303.7
BK,143.56,10,"[1, 1, 1, 1, 1, 1, 1, 1, 1, 1]",138.36,120.03,147.29,90.73,4360359.7
FCX,60.97,8,"[0, 1, 1, 1, 1, 1, 1, 1, 1, 0]",63.64,54.97,71.72,35.05,15141133.55
USB,61.73,10,"[1, 1, 1, 1, 1, 1, 1, 1, 1, 1]",56.0,52.21,61.96,42.26,10307317.1
JCI,140.76,8,"[0, 1, 1, 1, 1, 1, 1, 1, 1, 0]",141.75,126.72,148.21,102.64,5376524.1
ING,32.1,10,"[1, 1, 1, 1, 1, 1, 1, 1, 1, 1]",30.02,27.13,32.2,21.72,5067224.6
FTNT,156.25,10,"[1, 1, 1, 1, 1, 1, 1, 1, 1, 1]",126.81,93.15,158.98,74.39,6778964.05
MNST,97.6,10,"[1, 1, 1, 1, 1, 1, 1, 1, 1, 1]",87.13,77.6,97.64,58.65,6043184.35
CSX,48.89,10,"[1, 1, 1, 1, 1, 1, 1, 1, 1, 1]",46.01,39.54,48.89,31.73,12486166.9
AMX,25.72,9,"[0, 1, 1, 1, 1, 1, 1, 1, 1, 1]",26.29,23.54,27.75,17.0,1159489.9
ELV,417.89,10,"[1, 1, 1, 1, 1, 1, 1, 1, 1, 1]",387.74,342.0,422.71,269.01,1779115.7
BCS,27.77,10,"[1, 1, 1, 1, 1, 1, 1, 1, 1, 1]",24.51,23.27,27.77,17.83,5036995.65
SLB,45.13,7,"[0, 0, 1, 1, 1, 1, 1, 1, 1, 0]",53.67,44.98,58.01,31.12,17018444.1
MPWR,1288.16,8,"[0, 1, 1, 1, 1, 1, 1, 1, 1, 0]",1540.13,1165.41,1687.32,706.3,1225048.2
LYG,6.06,10,"[1, 1, 1, 1, 1, 1, 1, 1, 1, 1]",5.43,5.12,6.1,3.93,29993417.85
E,46.87,8,"[0, 1, 1, 1, 1, 1, 1, 1, 1, 0]",52.59,43.75,56.97,31.82,481080.95
CIEN,422.46,7,"[0, 1, 1, 1, 1, 1, 1, 0, 1, 0]",516.88,325.56,627.0,77.75,4183688.05
APO,118.61,3,"[0, 0, 0, 1, 0, 0, 0, 1, 1, 0]",128.61,127.31,153.59,99.88,4758762.05
CRH,107.53,4,"[0, 0, 0, 0, 1, 0, 0, 1, 1, 1]",108.75,114.76,130.44,92.22,4913576.85
SU,55.05,7,"[0, 0, 1, 1, 1, 1, 1, 1, 1, 0]",62.51,52.37,69.27,37.29,5138897.6
REGN,654.27,5,"[0, 0, 0, 0, 1, 1, 0, 1, 1, 1]",657.12,698.36,810.08,535.18,1100561.6
NXPI,273.36,8,"[0, 1, 1, 1, 1, 1, 1, 1, 1, 0]",293.93,234.97,331.55,181.81,4814589.45
BE,270.89,8,"[0, 1, 1, 1, 1, 1, 1, 1, 1, 0]",279.32,164.86,345.85,24.24,14587178.75
ROST,213.43,8,"[0, 1, 1, 1, 1, 1, 1, 1, 1, 0]",224.82,193.51,240.13,126.44,3516424.15
B,38.21,4,"[0, 0, 0, 0, 1, 1, 1, 0, 1, 0]",40.36,40.59,52.32,20.27,12123408.8
HLT,338.12,10,"[1, 1, 1, 1, 1, 1, 1, 1, 1, 1]",330.32,299.17,350.22,256.36,2441282.75
ASX,41.87,8,"[1, 1, 1, 1, 1, 1, 0, 0, 1, 1]",36.17,22.42,,,13811615.3
NOK,12.07,7,"[0, 1, 1, 1, 1, 1, 1, 0, 1, 0]",13.75,8.6,16.85,4.05,109798177.7
VLO,267.76,10,"[1, 1, 1, 1, 1, 1, 1, 1, 1, 1]",248.89,203.81,269.44,129.53,3331107.6
MPC,266.35,9,"[1, 1, 1, 1, 1, 1, 1, 1, 1, 0]",250.84,209.27,267.21,155.55,2501613.0
GM,76.0,7,"[0, 0, 1, 1, 1, 1, 1, 1, 1, 0]",78.82,74.92,85.99,48.45,8916341.85
AEP,138.51,10,"[1, 1, 1, 1, 1, 1, 1, 1, 1, 1]",131.08,122.77,138.69,100.67,6173958.65
DDOG,260.36,9,"[1, 1, 1, 1, 0, 1, 1, 1, 1, 1]",207.94,156.08,277.49,102.61,4996379.65
LITE,728.32,7,"[0, 1, 1, 1, 1, 1, 1, 0, 1, 0]",898.08,542.92,1053.09,90.44,5782177.8
VALE,14.99,7,"[0, 0, 1, 1, 1, 1, 1, 1, 1, 0]",16.04,14.26,17.82,8.75,22291433.95
NSC,322.71,9,"[1, 1, 1, 1, 1, 1, 0, 1, 1, 1]",311.96,296.03,325.68,254.76,1142784.2
HOOD,112.73,6,"[1, 1, 1, 0, 0, 0, 1, 0, 1, 1]",86.58,102.37,152.46,65.16,34342390.5
NET,242.41,8,"[1, 1, 1, 1, 0, 1, 1, 1, 1, 0]",225.45,208.21,272.66,160.19,3522966.8
PSX,176.42,9,"[1, 1, 1, 1, 1, 1, 1, 1, 1, 0]",173.87,151.61,186.92,114.45,2767546.7
FIX,1741.3,8,"[0, 1, 1, 1, 1, 1, 1, 1, 1, 0]",1883.21,1306.25,2066.51,526.24,539490.45
DLR,173.3,6,"[0, 0, 1, 1, 1, 1, 0, 1, 1, 0]",189.92,173.09,202.56,145.96,3813486.2
WBD,26.48,6,"[0, 0, 1, 0, 1, 1, 1, 1, 1, 0]",26.94,25.73,29.98,10.78,24138112.35
TRP,66.47,8,"[0, 1, 1, 1, 1, 1, 1, 1, 1, 0]",66.66,58.65,70.27,45.7,2483253.75
MFC,41.18,10,"[1, 1, 1, 1, 1, 1, 1, 1, 1, 1]",39.08,35.48,41.18,29.33,1946795.45
SPG,226.06,10,"[1, 1, 1, 1, 1, 1, 1, 1, 1, 1]",207.15,188.61,227.56,152.67,2701492.65
COHR,333.36,8,"[0, 1, 1, 1, 1, 1, 1, 1, 1, 0]",369.02,236.79,426.89,86.55,6133962.45
MSTR,100.77,1,"[0, 0, 0, 0, 0, 0, 0, 0, 1, 0]",145.02,181.26,455.9,82.31,29009576.4
BKR,52.78,6,"[0, 0, 0, 1, 1, 1, 1, 1, 1, 0]",63.37,55.33,69.44,38.02,8601474.65
WPM,115.73,4,"[0, 0, 0, 0, 1, 1, 1, 0, 1, 0]",125.85,123.77,165.21,86.45,2530270.55
CRWV,81.75,3,"[0, 0, 0, 1, 0, 1, 0, 0, 1, 0]",108.71,100.16,165.2,64.55,31206268.15
KEYS,313.86,8,"[0, 1, 1, 1, 1, 1, 1, 1, 1, 0]",346.58,254.38,373.34,158.51,1638305.1
CVNA,68.6,3,"[0, 0, 0, 0, 1, 0, 0, 0, 1, 1]",70.74,73.2,95.69,56.26,11540038.4
RKLB,100.46,7,"[0, 1, 1, 1, 1, 1, 1, 0, 1, 0]",106.93,75.88,150.23,35.66,29942249.65
TEL,197.44,3,"[0, 0, 0, 0, 0, 1, 0, 1, 1, 0]",207.81,220.16,247.28,169.36,2572581.25
URI,1098.59,9,"[1, 1, 1, 1, 0, 1, 1, 1, 1, 1]",1008.53,888.97,1139.51,709.01,530687.0
GWW,1342.98,10,"[1, 1, 1, 1, 1, 1, 1, 1, 1, 1]",1260.4,1089.42,1374.78,914.6,375201.1
TGT,130.21,10,"[1, 1, 1, 1, 1, 1, 1, 1, 1, 1]",127.87,107.9,141.2,82.06,4808391.15
TER,369.09,8,"[0, 1, 1, 1, 1, 1, 1, 1, 1, 0]",384.62,267.77,483.84,89.92,5713826.55
LHX,302.07,4,"[0, 0, 0, 0, 1, 1, 0, 1, 1, 0]",305.96,314.37,375.64,251.65,1565175.65
CARR,70.07,10,"[1, 1, 1, 1, 1, 1, 1, 1, 1, 1]",67.08,59.81,79.79,49.97,5959858.15
CTVA,85.8,10,"[1, 1, 1, 1, 1, 1, 1, 1, 1, 1]",79.65,72.93,85.8,60.56,4667797.5
AU,84.65,4,"[0, 0, 0, 0, 1, 1, 1, 0, 1, 0]",90.93,88.18,124.62,42.85,4269781.85
OKE,87.83,9,"[0, 1, 1, 1, 1, 1, 1, 1, 1, 1]",88.42,78.6,95.24,62.69,3932010.55
MCHP,84.64,8,"[0, 1, 1, 1, 1, 1, 1, 1, 1, 0]",93.47,73.11,102.71,48.06,13992363.6
MCHPP,71.71,8,"[0, 1, 1, 1, 1, 1, 1, 1, 1, 0]",78.71,63.91,85.72,45.73,171073.8
CVE,24.65,8,"[0, 1, 1, 1, 1, 1, 1, 1, 1, 0]",27.85,21.64,31.62,13.8,8481167.6
AME,234.62,10,"[1, 1, 1, 1, 1, 1, 1, 1, 1, 1]",230.67,213.51,241.94,175.34,1267211.2
TRGP,258.88,8,"[0, 1, 1, 1, 1, 1, 1, 1, 1, 0]",261.32,210.22,276.75,143.89,1297883.5
COIN,165.48,2,"[0, 0, 0, 0, 0, 0, 0, 0, 1, 1]",178.84,230.97,419.78,141.09,8903857.7
FANG,172.04,7,"[0, 0, 1, 1, 1, 1, 1, 1, 1, 0]",194.35,167.25,212.52,132.09,2880327.35
OXY,48.91,4,"[0, 0, 0, 1, 1, 1, 0, 0, 1, 0]",55.81,48.96,65.94,38.56,9733696.5
DVN,40.47,6,"[0, 0, 0, 1, 1, 1, 1, 1, 1, 0]",45.65,40.49,51.7,30.95,15509993.85
FLEX,136.85,9,"[1, 1, 1, 1, 1, 1, 1, 1, 1, 0]",134.88,81.5,162.07,49.0,9848151.4
ABEV,3.1,8,"[0, 1, 1, 1, 1, 1, 1, 1, 1, 0]",3.13,2.75,3.42,2.1,25136851.25
NUE,220.75,8,"[0, 1, 1, 1, 1, 1, 1, 1, 1, 0]",236.72,180.11,265.7,130.57,1895994.3
STM,68.35,9,"[1, 1, 1, 1, 1, 1, 1, 1, 1, 0]",66.23,38.52,79.82,21.04,13661116.35
BIDU,113.3,4,"[0, 0, 0, 0, 1, 1, 1, 0, 1, 0]",125.62,127.93,162.52,85.86,2524100.8
ETR,115.11,10,"[1, 1, 1, 1, 1, 1, 1, 1, 1, 1]",112.12,101.23,117.36,78.91,3565285.25
UI,525.38,5,"[0, 0, 0, 1, 1, 1, 1, 0, 1, 0]",691.18,682.44,1083.11,386.76,120424.1
CCJ,96.54,5,"[0, 0, 0, 1, 1, 1, 1, 0, 1, 0]",110.41,104.04,134.09,70.33,3336685.7
FER,67.72,9,"[0, 1, 1, 1, 1, 1, 1, 1, 1, 1]",68.02,65.66,73.66,50.1,1862596.65
ROK,471.7,10,"[1, 1, 1, 1, 1, 1, 1, 1, 1, 1]",447.98,397.23,495.08,324.09,887400.0
EA,205.21,10,"[1, 1, 1, 1, 1, 1, 1, 1, 1, 1]",202.32,200.54,205.45,147.21,2155761.6
ARGX,939.68,9,"[1, 1, 1, 1, 0, 1, 1, 1, 1, 1]",836.25,817.75,939.68,538.64,416547.15
DAL,92.75,10,"[1, 1, 1, 1, 1, 1, 1, 1, 1, 1]",77.98,67.8,93.66,49.41,8075525.6
EBAY,114.84,10,"[1, 1, 1, 1, 1, 1, 1, 1, 1, 1]",108.95,93.84,118.63,74.38,3576916.5
FERG,230.24,5,"[0, 0, 0, 0, 1, 1, 0, 1, 1, 1]",237.48,238.61,266.68,208.41,1368498.95
MT,63.4,8,"[0, 1, 1, 1, 1, 1, 1, 1, 1, 0]",63.52,51.84,71.65,30.04,1786977.35
WAB,262.19,8,"[0, 1, 1, 1, 1, 1, 1, 1, 1, 0]",264.98,234.29,282.45,184.98,862710.1
FNV,217.58,5,"[0, 0, 0, 0, 1, 1, 1, 1, 1, 0]",224.85,225.71,279.76,153.82,1070991.8
FITB,57.16,10,"[1, 1, 1, 1, 1, 1, 1, 1, 1, 1]",51.01,47.13,57.49,39.38,7904634.25
XYZ,78.83,8,"[1, 1, 1, 1, 0, 0, 1, 1, 1, 1]",72.06,67.35,81.11,49.09,6192581.15
NBIS,215.62,9,"[1, 1, 1, 1, 1, 1, 1, 1, 1, 0]",215.09,132.94,286.69,44.3,18403185.6
RKT,15.77,3,"[1, 0, 0, 0, 0, 0, 0, 0, 1, 1]",14.2,17.0,23.44,12.35,35588448.5
VTR,92.52,10,"[1, 1, 1, 1, 1, 1, 1, 1, 1, 1]",85.31,79.21,92.52,61.19,4462464.1
CLS,336.21,7,"[0, 1, 1, 1, 1, 1, 1, 0, 1, 0]",381.53,318.46,472.4,154.0,1934049.55
CAH,238.94,9,"[1, 1, 1, 0, 1, 1, 1, 1, 1, 1]",207.14,200.09,238.94,144.54,2439747.7
TEVA,34.64,10,"[1, 1, 1, 1, 1, 1, 1, 1, 1, 1]",34.0,29.4,36.34,15.38,5839335.8
HPE,41.23,8,"[1, 1, 1, 1, 1, 1, 1, 0, 1, 0]",39.29,27.06,55.99,19.41,27766282.5
STT,170.69,10,"[1, 1, 1, 1, 1, 1, 1, 1, 1, 1]",158.27,131.55,172.87,99.45,2490295.6
ODFL,217.65,8,"[0, 1, 1, 1, 1, 1, 1, 1, 1, 0]",217.77,179.23,248.73,125.7,2023067.2
GFS,69.84,8,"[0, 1, 1, 1, 1, 1, 1, 1, 1, 0]",75.7,49.02,89.83,31.57,3296736.85
WDS,19.54,7,"[0, 0, 1, 1, 1, 1, 1, 1, 1, 0]",21.8,18.71,24.78,13.89,1224546.95
EME,774.66,8,"[0, 1, 1, 1, 1, 1, 1, 1, 1, 0]",858.29,733.8,943.75,540.3,458559.25
ON,91.22,7,"[0, 1, 1, 1, 1, 1, 1, 0, 1, 0]",110.69,71.04,133.93,44.9,15249500.3
GFI,35.46,4,"[0, 0, 0, 0, 1, 1, 1, 0, 1, 0]",39.55,43.38,59.77,22.7,4242073.4
ERIC,10.79,7,"[0, 0, 1, 1, 1, 1, 1, 1, 1, 0]",12.09,10.52,13.74,6.97,9632035.1
KB,109.35,10,"[1, 1, 1, 1, 1, 1, 1, 1, 1, 1]",105.48,95.97,118.21,77.06,358854.85
PUK,27.56,4,"[0, 0, 0, 0, 1, 1, 0, 1, 1, 0]",28.86,29.16,33.17,23.81,1519730.3
IRM,117.16,8,"[0, 1, 1, 1, 1, 1, 1, 1, 1, 0]",125.13,103.6,133.06,77.69,1659225.1
LYV,186.59,10,"[1, 1, 1, 1, 1, 1, 1, 1, 1, 1]",166.8,154.08,186.59,125.61,2865851.75
KGC,24.71,4,"[0, 0, 0, 0, 1, 1, 1, 0, 1, 0]",28.14,28.9,37.97,15.13,9850139.55
JBL,341.3,8,"[0, 1, 1, 1, 1, 1, 1, 1, 1, 0]",359.15,267.78,385.63,192.39,1620370.7
ADM,76.79,8,"[0, 1, 1, 1, 1, 1, 1, 1, 1, 0]",77.6,66.71,84.11,51.9,3516231.05
VOD,13.15,5,"[0, 0, 0, 1, 1, 1, 0, 1, 1, 0]",14.8,13.5,16.02,10.36,3600576.25
BBD,3.45,5,"[0, 0, 0, 0, 1, 1, 0, 1, 1, 1]",3.56,3.55,4.2,2.69,33183808.25
VIK,100.69,10,"[1, 1, 1, 1, 1, 1, 1, 1, 1, 1]",89.27,73.92,104.95,55.11,2764099.25
SATS,100.92,5,"[0, 0, 0, 1, 1, 1, 1, 0, 1, 0]",120.37,103.83,141.8,26.33,14216148.9
ESLT,803.26,8,"[0, 1, 1, 1, 1, 1, 1, 1, 1, 0]",808.87,686.6,1011.93,427.77,103969.85
UMC,24.54,10,"[1, 1, 1, 1, 1, 1, 1, 1, 1, 1]",19.38,11.35,28.01,6.58,19916889.7
ONC,297.65,4,"[1, 0, 0, 0, 0, 0, 0, 1, 1, 1]",289.73,316.07,377.47,240.99,313364.55
LVS,46.99,1,"[0, 0, 0, 0, 0, 0, 0, 0, 1, 0]",50.62,55.98,68.73,45.78,4480626.8
IX,39.06,9,"[1, 1, 1, 1, 1, 1, 1, 1, 1, 0]",36.97,31.04,40.36,22.28,306668.15
CRDO,241.91,10,"[1, 1, 1, 1, 1, 1, 1, 1, 1, 1]",217.35,158.72,302.52,87.81,11233536.35
ALAB,406.42,10,"[1, 1, 1, 1, 1, 1, 1, 1, 1, 1]",304.07,195.68,483.02,89.62,6625959.6
STLD,220.39,8,"[0, 1, 1, 1, 1, 1, 1, 1, 1, 0]",244.84,187.82,282.12,119.93,1395361.2
HAL,32.96,7,"[0, 0, 1, 1, 1, 1, 1, 1, 1, 0]",39.08,32.5,42.8,20.04,12639015.9
HUM,396.75,9,"[1, 1, 1, 1, 0, 1, 1, 1, 1, 1]",313.54,251.29,409.42,162.46,1567261.3
MTZ,373.43,9,"[0, 1, 1, 1, 1, 1, 1, 1, 1, 1]",389.7,283.26,437.51,168.24,1188345.55
UAL,133.32,10,"[1, 1, 1, 1, 1, 1, 1, 1, 1, 1]",107.06,103.37,136.11,80.18,5811288.9
ZM,87.14,5,"[0, 0, 0, 1, 1, 1, 0, 1, 1, 0]",97.03,87.3,111.88,69.77,4116520.95
TS,54.13,8,"[0, 1, 1, 1, 1, 1, 1, 1, 1, 0]",60.48,47.9,64.02,33.04,1136319.6
CASY,797.42,9,"[0, 1, 1, 1, 1, 1, 1, 1, 1, 1]",820.98,662.13,916.28,493.17,713436.35
TECK,60.01,8,"[0, 1, 1, 1, 1, 1, 1, 1, 1, 0]",62.18,51.79,70.46,31.1,2950694.15
SYM,42.74,1,"[0, 0, 0, 0, 0, 0, 0, 0, 1, 0]",49.01,57.77,87.3,38.57,2229405.3
EL,83.71,4,"[1, 0, 0, 0, 1, 0, 0, 0, 1, 1]",82.72,92.31,118.78,66.97,3696343.4
SHG,66.88,10,"[1, 1, 1, 1, 1, 1, 1, 1, 1, 1]",65.47,59.32,71.72,45.9,322746.15
Q,141.75,5,"[0, 1, 0, 1, 0, 0, 1, 1, 1, 0]",152.44,141.75,175.64,73.4,2210715.9
TWLO,209.31,9,"[1, 1, 1, 1, 1, 1, 1, 1, 1, 0]",191.24,139.91,236.64,92.44,2330603.95
RVMD,189.24,10,"[1, 1, 1, 1, 1, 1, 1, 1, 1, 1]",154.51,101.39,192.62,34.7,3420825.35
RDDT,194.67,6,"[1, 1, 1, 0, 0, 0, 1, 0, 1, 1]",164.7,184.53,270.71,121.84,4563882.4
IQV,207.04,7,"[1, 1, 1, 0, 0, 0, 1, 1, 1, 1]",175.99,195.4,244.29,156.66,1643822.5
NTRS,176.5,10,"[1, 1, 1, 1, 1, 1, 1, 1, 1, 1]",167.99,144.69,176.5,120.74,1092849.7
DOV,213.71,9,"[0, 1, 1, 1, 1, 1, 1, 1, 1, 1]",218.34,201.69,232.21,159.95,1092714.5
RPRX,57.77,10,"[1, 1, 1, 1, 1, 1, 1, 1, 1, 1]",53.16,43.91,57.77,34.37,3830990.45
ASTS,85.13,5,"[0, 0, 1, 0, 1, 1, 1, 0, 1, 0]",86.41,82.13,133.09,36.91,24546101.65
BIIB,216.12,10,"[1, 1, 1, 1, 1, 1, 1, 1, 1, 1]",195.77,177.63,216.63,122.68,1182457.85
VG,11.13,6,"[0, 1, 1, 1, 1, 0, 1, 0, 1, 0]",12.39,10.72,17.76,5.9,13241306.9
EXPE,268.69,9,"[1, 1, 1, 0, 1, 1, 1, 1, 1, 1]",236.63,241.58,300.02,174.71,1665511.35
CRCL,64.62,2,"[0, 0, 0, 1, 0, 0, 0, 0, 1, 0]",96.0,97.07,235.08,50.23,14281953.1
ARES,116.9,1,"[0, 0, 0, 0, 0, 0, 0, 0, 1, 0]",121.74,135.31,185.9,94.25,2545695.35
FTI,66.75,8,"[0, 1, 1, 1, 1, 1, 1, 1, 1, 0]",70.22,56.56,76.94,32.06,4679041.8
FTAI,248.06,9,"[0, 1, 1, 1, 1, 1, 1, 1, 1, 1]",250.88,224.78,308.99,108.92,1044803.95
AXIA,10.38,6,"[0, 0, 0, 0, 1, 1, 1, 1, 1, 1]",11.0,10.79,13.43,6.29,2035617.25
CNC,67.86,10,"[1, 1, 1, 1, 1, 1, 1, 1, 1, 1]",58.62,43.58,68.35,25.21,5818156.2
NTRA,279.32,9,"[1, 1, 1, 0, 1, 1, 1, 1, 1, 1]",218.04,210.65,279.32,133.66,1628605.05
NVT,152.15,8,"[0, 1, 1, 1, 1, 1, 1, 1, 1, 0]",163.61,122.89,184.34,73.61,2196283.85
MTSI,322.26,8,"[0, 1, 1, 1, 1, 1, 1, 1, 1, 0]",353.09,232.1,409.68,118.35,1951688.0
TPL,407.2,10,"[1, 1, 1, 1, 1, 1, 1, 1, 1, 1]",399.13,374.59,538.97,272.83,461516.75
TPR,144.21,10,"[1, 1, 1, 1, 1, 1, 1, 1, 1, 1]",141.48,131.19,159.61,89.05,3071624.3
CFG,70.98,10,"[1, 1, 1, 1, 1, 1, 1, 1, 1, 1]",64.91,58.97,71.82,45.23,4714419.1
CW,760.23,10,"[1, 1, 1, 1, 1, 1, 1, 1, 1, 1]",737.32,644.24,783.82,471.69,319398.7
DOW,27.71,5,"[0, 0, 0, 1, 1, 1, 1, 0, 1, 0]",34.92,29.33,41.45,19.83,13056071.35
EIX,75.66,10,"[1, 1, 1, 1, 1, 1, 1, 1, 1, 1]",71.06,63.92,75.82,48.35,2394995.05
PKX,52.12,4,"[0, 0, 0, 1, 1, 1, 0, 0, 1, 0]",69.48,59.87,91.72,45.13,511376.4
BAP,391.21,10,"[1, 1, 1, 1, 1, 1, 1, 1, 1, 1]",338.48,300.01,391.21,210.61,616528.05
VRSN,256.43,5,"[0, 1, 1, 1, 0, 0, 0, 1, 1, 0]",279.12,256.08,310.0,210.93,866663.7
HUBB,487.1,8,"[0, 1, 1, 1, 1, 1, 0, 1, 1, 1]",497.92,472.95,556.18,403.7,686222.25
STRL,700.75,7,"[0, 1, 1, 1, 1, 1, 1, 0, 1, 0]",776.85,473.46,993.74,227.02,924617.65
EC,14.7,9,"[1, 1, 1, 1, 1, 1, 1, 1, 1, 0]",14.51,11.64,16.58,7.9,3214501.7
P,72.71,5,"[0, 1, 0, 1, 0, 1, 1, 0, 1, 0]",75.98,75.56,98.7,54.47,3306087.75
AER,147.84,9,"[1, 1, 1, 0, 1, 1, 1, 1, 1, 1]",141.42,137.64,153.99,106.41,1253497.25
PAAS,46.29,4,"[0, 0, 0, 0, 1, 1, 1, 0, 1, 0]",52.21,49.87,68.3,26.86,5147302.25
DG,118.17,6,"[1, 0, 0, 0, 1, 1, 0, 1, 1, 1]",111.54,120.65,155.5,95.08,3118243.55
VIV,13.25,6,"[0, 0, 0, 1, 1, 1, 0, 1, 1, 1]",13.74,13.27,16.39,10.24,1067654.35
SYF,76.33,8,"[1, 1, 1, 0, 1, 1, 0, 1, 1, 1]",73.55,73.83,87.76,63.52,3433416.0
ZS,147.33,3,"[1, 0, 0, 0, 0, 0, 0, 0, 1, 1]",141.67,205.05,336.27,118.05,4149423.35
SQM,72.7,7,"[0, 0, 1, 1, 1, 1, 1, 1, 1, 0]",82.64,69.33,94.63,35.4,1122323.9
BG,106.46,6,"[0, 0, 0, 1, 1, 1, 1, 1, 1, 0]",121.46,107.51,131.41,71.0,1775453.7
FMX,129.3,10,"[1, 1, 1, 1, 1, 1, 1, 1, 1, 1]",122.23,106.66,131.2,82.37,572887.75
MDB,354.88,7,"[1, 1, 1, 0, 0, 1, 1, 1, 1, 0]",316.75,332.5,440.6,201.0,1678644.75
XPO,206.33,8,"[0, 1, 1, 1, 1, 1, 1, 1, 1, 0]",211.08,173.1,228.37,118.79,1657590.0
ALB,135.56,5,"[0, 0, 0, 1, 1, 1, 1, 0, 1, 0]",171.91,148.31,215.07,64.63,2669900.75
UTHR,555.91,9,"[0, 1, 1, 1, 1, 1, 1, 1, 1, 1]",559.65,504.11,596.76,274.7,597085.55
FSLR,224.57,4,"[0, 0, 0, 1, 0, 1, 1, 0, 1, 0]",245.0,235.02,318.25,160.84,2217980.25
TSN,58.89,7,"[0, 0, 1, 1, 1, 1, 0, 1, 1, 1]",61.6,58.65,68.18,49.45,3902067.3
TSEM,219.05,7,"[0, 1, 1, 1, 1, 1, 1, 0, 1, 0]",248.43,152.2,316.85,44.54,1852538.55
RF,30.28,10,"[1, 1, 1, 1, 1, 1, 1, 1, 1, 1]",28.18,26.73,30.8,22.67,11064927.25
KEY,23.02,10,"[1, 1, 1, 1, 1, 1, 1, 1, 1, 1]",21.84,20.03,23.41,16.27,12614772.65
TEAM,83.84,2,"[0, 0, 0, 0, 0, 0, 1, 0, 1, 0]",86.43,115.64,220.89,57.15,4561480.1
LYB,53.36,5,"[0, 0, 0, 1, 1, 1, 1, 0, 1, 0]",66.51,56.12,81.53,40.28,5548528.05
JBHT,285.83,10,"[1, 1, 1, 1, 1, 1, 1, 1, 1, 1]",265.7,209.23,290.07,129.81,1036318.5
SBAC,184.56,4,"[0, 0, 0, 1, 1, 0, 0, 1, 1, 0]",202.7,193.53,233.84,164.16,1053877.65
WST,365.74,10,"[1, 1, 1, 1, 1, 1, 1, 1, 1, 1]",319.79,275.67,365.74,209.39,822534.15
CPAY,352.46,10,"[1, 1, 1, 1, 1, 1, 1, 1, 1, 1]",338.03,313.47,364.13,255.0,778762.9
ENTG,146.66,9,"[0, 1, 1, 1, 1, 1, 1, 1, 1, 1]",147.9,115.16,184.0,68.7,3932317.75
NMR,9.06,9,"[1, 1, 1, 0, 1, 1, 1, 1, 1, 1]",8.33,8.1,9.54,6.28,1432527.1
IHG,169.93,10,"[1, 1, 1, 1, 1, 1, 1, 1, 1, 1]",157.01,138.41,174.13,113.11,255925.3
FN,499.61,5,"[0, 0, 0, 1, 1, 1, 1, 0, 1, 0]",641.88,519.53,746.47,277.04,1148576.2
SBS,5.75,9,"[0, 1, 1, 1, 1, 1, 1, 1, 1, 1]",5.9,5.45,7.08,3.81,7336883.35
WWD,418.02,10,"[1, 1, 1, 1, 1, 1, 1, 1, 1, 1]",378.59,332.53,436.44,236.67,973660.9
SITM,601.66,7,"[0, 1, 1, 1, 1, 1, 1, 0, 1, 0]",687.35,430.76,901.48,190.16,688043.75
INSM,111.6,3,"[1, 0, 0, 0, 0, 0, 0, 0, 1, 1]",111.5,151.76,211.41,91.88,5085406.15
BEKE,15.09,3,"[0, 0, 0, 1, 0, 0, 0, 1, 1, 0]",16.62,16.85,19.99,14.26,4366706.35
AKAM,113.17,7,"[0, 1, 1, 1, 1, 1, 1, 0, 1, 0]",130.07,100.81,161.14,70.53,4095014.8
PFG,110.87,10,"[1, 1, 1, 1, 1, 1, 1, 1, 1, 1]",103.76,90.66,112.36,72.85,1467916.2
RL,398.22,10,"[1, 1, 1, 1, 1, 1, 1, 1, 1, 1]",372.64,352.1,413.24,276.82,732831.05
ATI,188.1,10,"[1, 1, 1, 1, 1, 1, 1, 1, 1, 1]",173.84,132.48,204.09,71.34,1957912.1
MRNA,79.76,10,"[1, 1, 1, 1, 1, 1, 1, 1, 1, 1]",52.65,41.12,79.76,22.36,9190160.5
ILMN,188.68,10,"[1, 1, 1, 1, 1, 1, 1, 1, 1, 1]",152.95,130.23,188.68,91.0,2059972.65
AFRM,84.58,8,"[1, 1, 1, 1, 0, 0, 1, 1, 1, 1]",69.23,66.36,92.18,42.53,4525603.55
CRS,597.24,10,"[1, 1, 1, 1, 1, 1, 1, 1, 1, 1]",488.89,372.39,616.84,231.97,958863.65
SMCI,27.22,3,"[0, 0, 0, 1, 0, 0, 1, 0, 1, 0]",33.46,35.02,60.71,20.53,75390900.9
MKSI,365.56,10,"[1, 1, 1, 1, 1, 1, 1, 1, 1, 1]",330.38,223.88,444.8,89.14,1499460.3
IFF,83.83,10,"[1, 1, 1, 1, 1, 1, 1, 1, 1, 1]",74.94,69.68,83.83,58.53,1989859.35
EXPD,167.57,10,"[1, 1, 1, 1, 1, 1, 1, 1, 1, 1]",157.18,145.4,167.57,110.22,1407129.45
ROIV,35.13,10,"[1, 1, 1, 1, 1, 1, 1, 1, 1, 1]",30.02,24.48,35.39,10.74,6261838.0
DD,139.91,8,"[0, 1, 1, 1, 1, 1, 1, 1, 1, 0]",142.25,127.98,153.36,86.15,1448542.25
IREN,38.82,4,"[0, 0, 0, 1, 0, 1, 1, 0, 1, 0]",54.48,49.11,76.41,15.4,42145746.4
RGLD,204.13,4,"[0, 0, 0, 0, 1, 1, 1, 0, 1, 0]",222.28,228.67,303.74,150.48,806371.1
FUTU,95.04,1,"[0, 0, 0, 0, 0, 0, 0, 0, 1, 0]",119.28,150.71,195.9,89.76,2172030.1
ULS,96.99,9,"[1, 1, 1, 1, 1, 1, 1, 1, 1, 0]",96.68,83.59,104.74,62.21,1241595.6
CHRW,189.85,10,"[1, 1, 1, 1, 1, 1, 1, 1, 1, 1]",179.29,165.18,199.22,95.22,1441810.45
LUV,50.25,10,"[1, 1, 1, 1, 1, 1, 1, 1, 1, 1]",42.75,39.94,54.33,28.52,6929392.1
DKS,236.18,8,"[1, 1, 1, 1, 0, 1, 0, 1, 1, 1]",223.2,212.47,239.17,185.52,1196467.15
VTRS,16.7,10,"[1, 1, 1, 1, 1, 1, 1, 1, 1, 1]",15.94,13.05,17.26,8.41,10130079.2
RCI,31.62,4,"[0, 0, 0, 0, 1, 1, 0, 1, 1, 0]",36.35,36.53,40.21,30.95,1076706.7
FFIV,408.14,10,"[1, 1, 1, 1, 1, 1, 1, 1, 1, 1]",372.39,302.91,424.18,223.99,621767.65
CX,12.29,8,"[0, 1, 1, 1, 1, 1, 1, 1, 1, 0]",12.58,11.38,13.52,7.11,4527777.45
INCY,116.86,10,"[1, 1, 1, 1, 1, 1, 1, 1, 1, 1]",100.7,97.93,116.86,67.27,2272108.9
KEP,12.5,2,"[0, 0, 0, 0, 1, 0, 0, 0, 1, 0]",13.49,15.97,23.26,11.9,1271903.15
APG,41.98,6,"[0, 0, 1, 1, 1, 1, 0, 1, 1, 0]",43.37,40.63,49.4,33.64,3212783.45
SNX,244.64,8,"[0, 1, 1, 1, 1, 1, 1, 1, 1, 0]",252.15,182.36,290.14,137.93,975915.4
CDE,17.3,4,"[0, 0, 0, 0, 1, 1, 1, 0, 1, 0]",17.77,18.97,27.12,8.67,48834383.7
RBC,604.56,10,"[1, 1, 1, 1, 1, 1, 1, 1, 1, 1]",600.44,509.12,648.89,369.71,292700.9
BURL,313.18,7,"[0, 1, 1, 1, 1, 1, 0, 1, 1, 0]",318.21,297.74,347.82,242.43,716060.2
ROKU,142.43,10,"[1, 1, 1, 1, 1, 1, 1, 1, 1, 1]",127.46,106.87,143.66,79.98,8250719.15
AMKR,69.65,7,"[0, 1, 1, 1, 1, 1, 1, 0, 1, 0]",75.23,50.3,93.55,20.96,6554005.75
RS,372.01,8,"[0, 1, 1, 1, 1, 1, 1, 1, 1, 0]",378.21,317.6,413.43,262.77,421216.4
BWXT,191.06,7,"[0, 0, 0, 1, 1, 1, 1, 1, 1, 1]",202.38,197.73,238.1,135.69,1040818.65
ZTO,23.08,9,"[0, 1, 1, 1, 1, 1, 1, 1, 1, 1]",23.45,21.91,25.88,17.42,1447414.75
NXT,112.84,7,"[0, 1, 1, 1, 1, 1, 1, 0, 1, 0]",126.23,106.16,156.4,53.8,3777835.7
ITT,186.8,5,"[0, 0, 0, 1, 1, 1, 0, 1, 1, 0]",199.06,189.13,221.24,154.69,1031490.75
FTV,62.65,10,"[1, 1, 1, 1, 1, 1, 1, 1, 1, 1]",60.37,55.5,62.72,46.34,2938090.85
IONQ,49.12,5,"[0, 1, 0, 1, 0, 1, 1, 0, 1, 0]",54.96,49.59,82.09,26.59,26784800.5
AGI,31.58,4,"[0, 0, 0, 0, 1, 1, 1, 0, 1, 0]",38.15,39.21,55.22,24.25,5701727.4
BCH,39.38,9,"[1, 1, 1, 0, 1, 1, 1, 1, 1, 1]",37.92,36.3,43.7,25.75,358481.45
YPF,44.4,8,"[0, 1, 1, 1, 1, 1, 1, 1, 1, 0]",47.95,38.58,56.35,23.57,1680481.85
CF,110.54,8,"[0, 1, 1, 1, 1, 1, 1, 1, 1, 0]",115.83,99.18,137.04,75.38,2857278.2
MGA,62.69,8,"[0, 1, 1, 1, 1, 1, 1, 1, 1, 0]",63.7,55.05,68.15,39.72,1144640.9
TLN,364.67,6,"[0, 1, 0, 1, 0, 1, 1, 1, 1, 0]",375.15,372.27,445.84,264.0,1036329.8
LSCC,136.53,9,"[1, 1, 1, 1, 1, 1, 1, 1, 1, 0]",135.77,95.48,155.27,48.73,2079970.5
WMG,28.28,3,"[0, 0, 0, 1, 0, 0, 0, 1, 1, 0]",30.01,29.47,34.56,23.52,2040704.0
CIB,79.15,10,"[1, 1, 1, 1, 1, 1, 1, 1, 1, 1]",70.8,65.79,81.69,41.96,434908.35
WCC,307.89,8,"[0, 1, 1, 1, 1, 1, 1, 1, 1, 0]",348.83,283.32,373.98,188.93,594893.9
JBS,12.26,3,"[0, 0, 0, 0, 1, 0, 0, 0, 1, 1]",13.18,13.7,17.05,11.6,7789152.35
WSO,404.71,8,"[1, 1, 1, 1, 1, 0, 0, 1, 1, 1]",401.0,379.03,478.22,318.41,350896.6
DOCN,130.13,7,"[0, 1, 1, 1, 1, 1, 1, 0, 1, 0]",149.34,78.6,181.29,25.74,3712739.95
EWBC,129.3,10,"[1, 1, 1, 1, 1, 1, 1, 1, 1, 1]",125.18,112.64,132.63,92.51,1112256.0
AA,48.68,5,"[0, 0, 0, 1, 1, 1, 1, 0, 1, 0]",65.11,54.7,83.79,28.14,6693224.2
PR,18.2,8,"[0, 1, 1, 1, 1, 1, 1, 1, 1, 0]",19.78,16.46,22.33,11.76,11885811.35
NVMI,470.14,8,"[0, 1, 1, 1, 1, 1, 1, 1, 1, 0]",519.05,418.4,605.65,237.16,579215.3
RTO,29.99,8,"[0, 0, 1, 1, 1, 1, 1, 1, 1, 1]",31.16,29.73,34.52,22.29,877689.4
OWL,9.04,1,"[0, 0, 0, 0, 0, 0, 0, 0, 1, 0]",9.55,12.26,19.42,8.04,25521769.35
OVV,52.96,8,"[0, 1, 1, 1, 1, 1, 1, 1, 1, 0]",56.9,47.19,62.75,35.32,3239674.75
TTMI,155.98,7,"[0, 1, 1, 1, 1, 1, 1, 0, 1, 0]",175.13,104.57,221.47,40.06,2984803.0
BEN,34.11,10,"[1, 1, 1, 1, 1, 1, 1, 1, 1, 1]",31.08,25.52,34.11,20.39,4706608.1
IEX,223.82,10,"[1, 1, 1, 1, 1, 1, 1, 1, 1, 1]",215.16,190.68,228.07,155.73,717259.9
LAMR,157.56,10,"[1, 1, 1, 1, 1, 1, 1, 1, 1, 1]",147.41,130.38,157.56,109.47,687619.35
VNOM,40.75,5,"[0, 0, 0, 1, 1, 1, 0, 1, 1, 0]",45.82,41.17,50.23,34.57,2100737.65
GNRC,252.66,8,"[0, 1, 1, 1, 1, 1, 1, 1, 1, 0]",263.65,200.05,295.54,136.37,979546.4
NDSN,290.38,10,"[1, 1, 1, 1, 1, 1, 1, 1, 1, 1]",286.02,260.97,304.64,206.54,464647.9
SN,151.47,10,"[1, 1, 1, 1, 1, 1, 1, 1, 1, 1]",122.83,111.9,152.27,84.57,1800535.45
H,191.28,10,"[1, 1, 1, 1, 1, 1, 1, 1, 1, 1]",180.62,161.19,202.09,134.51,954524.45
BALL,63.39,9,"[1, 1, 1, 0, 1, 1, 1, 1, 1, 1]",57.85,55.53,67.31,45.92,3375112.35
MLI,56.5,4,"[0, 0, 0, 1, 1, 1, 0, 0, 1, 0]",131.54,117.31,140.64,56.5,914308.7
LOGI,94.0,3,"[0, 0, 0, 1, 0, 1, 0, 0, 1, 0]",105.82,103.23,126.69,85.84,946248.2
CLH,291.2,9,"[0, 1, 1, 1, 1, 1, 1, 1, 1, 1]",293.95,263.75,313.7,201.73,489501.9
GMAB,28.51,5,"[1, 0, 0, 0, 0, 0, 1, 1, 1, 1]",26.21,29.22,35.34,20.3,1573960.7
PAA,22.51,9,"[1, 1, 1, 1, 1, 1, 1, 1, 1, 0]",22.34,19.21,24.15,14.89,2477328.3
NBIX,174.26,10,"[1, 1, 1, 1, 1, 1, 1, 1, 1, 1]",154.14,142.42,174.26,123.1,1193576.25
HST,23.35,10,"[1, 1, 1, 1, 1, 1, 1, 1, 1, 1]",22.17,18.5,24.2,14.11,10549678.5
JLL,327.46,8,"[1, 1, 1, 0, 1, 0, 1, 1, 1, 1]",307.31,315.36,358.66,248.95,386415.35
ASND,274.5,10,"[1, 1, 1, 1, 1, 1, 1, 1, 1, 1]",233.87,220.34,274.5,163.32,954617.85
LECO,258.43,6,"[0, 0, 1, 1, 1, 1, 0, 1, 1, 0]",263.02,252.45,297.02,213.55,408718.55
OKTA,141.42,10,"[1, 1, 1, 1, 1, 1, 1, 1, 1, 1]",101.84,88.85,141.42,62.93,3578841.1
HTHT,42.14,5,"[0, 0, 0, 0, 1, 1, 1, 1, 1, 0]",45.64,45.74,54.63,29.07,2061291.55
DTM,144.59,10,"[1, 1, 1, 1, 1, 1, 1, 1, 1, 1]",143.16,126.43,150.74,96.52,726321.45
MOD,230.97,8,"[0, 1, 1, 1, 1, 1, 1, 1, 1, 0]",270.04,197.25,306.89,90.02,1738797.45
RRX,218.45,10,"[1, 1, 1, 1, 1, 1, 1, 1, 1, 1]",211.78,176.47,238.19,127.98,1173530.0
BSAC,32.66,9,"[1, 1, 1, 0, 1, 1, 1, 1, 1, 1]",31.48,30.26,35.69,21.8,400512.0
JAZZ,243.47,10,"[1, 1, 1, 1, 1, 1, 1, 1, 1, 1]",226.48,179.78,243.47,105.93,909231.4
ONTO,307.58,10,"[1, 1, 1, 1, 1, 1, 1, 1, 1, 1]",293.52,205.89,378.45,90.0,1481893.25
OHI,49.4,10,"[1, 1, 1, 1, 1, 1, 1, 1, 1, 1]",46.51,43.93,49.4,34.1,2594210.75
SMMT,15.42,2,"[0, 0, 0, 0, 0, 0, 0, 0, 1, 1]",16.64,17.68,29.32,13.05,6518034.25
RMBS,112.92,7,"[0, 1, 1, 1, 1, 1, 1, 0, 1, 0]",135.12,109.05,170.66,62.85,3872167.95
AUR,6.63,9,"[1, 1, 1, 1, 1, 1, 1, 1, 1, 0]",6.58,5.1,8.4,3.77,31658101.55
NIO,4.79,3,"[0, 0, 0, 1, 0, 0, 1, 0, 1, 0]",5.62,5.77,7.89,3.41,29151862.6
HAS,80.15,4,"[0, 0, 0, 0, 1, 1, 0, 1, 1, 0]",88.53,85.33,104.36,69.25,1957933.1
LTM,56.43,9,"[1, 1, 1, 0, 1, 1, 1, 1, 1, 1]",51.39,51.35,68.29,41.03,783696.75
SUN,68.28,10,"[1, 1, 1, 1, 1, 1, 1, 1, 1, 1]",66.79,58.19,72.2,46.14,384629.7
QXO,16.21,2,"[0, 0, 0, 0, 1, 0, 0, 0, 1, 0]",17.64,20.13,27.07,15.06,23881245.35
AEIS,311.27,8,"[0, 1, 1, 1, 1, 1, 1, 1, 1, 0]",344.73,274.4,388.93,135.01,1091606.8
ALLY,45.32,9,"[1, 1, 1, 1, 1, 1, 0, 1, 1, 1]",43.76,41.55,47.25,35.72,3380451.45
PL,31.38,7,"[0, 1, 1, 1, 1, 1, 1, 0, 1, 0]",37.13,24.79,51.4,6.14,18254430.6
EVR,342.64,8,"[0, 1, 1, 1, 1, 1, 0, 1, 1, 1]",343.24,329.87,381.16,266.5,385921.05
SKM,31.8,7,"[0, 1, 1, 1, 1, 1, 1, 0, 1, 0]",37.39,27.97,46.0,19.68,2946336.8
TIGO,93.76,10,"[1, 1, 1, 1, 1, 1, 1, 1, 1, 1]",85.41,64.38,93.77,34.13,1821383.55
SANM,219.77,8,"[0, 1, 1, 1, 1, 1, 1, 1, 1, 0]",238.92,168.69,282.72,95.79,1614719.9
IESC,654.0,8,"[0, 1, 1, 1, 1, 1, 1, 1, 1, 0]",682.22,496.45,766.54,293.78,334139.95
BBIO,77.19,9,"[1, 1, 1, 0, 1, 1, 1, 1, 1, 1]",68.75,68.41,79.91,43.19,3872229.15
TOL,157.14,9,"[1, 1, 1, 0, 1, 1, 1, 1, 1, 1]",143.32,141.18,165.81,113.14,1221923.75
DINO,72.5,9,"[1, 1, 1, 1, 1, 1, 1, 1, 1, 0]",68.75,56.56,73.99,40.83,2377529.45
NYT,73.85,7,"[0, 0, 1, 1, 1, 1, 1, 1, 1, 0]",75.54,70.53,85.86,50.99,1927627.85
DY,437.76,8,"[0, 1, 1, 1, 1, 1, 1, 1, 1, 0]",452.8,370.71,535.2,245.31,697254.75
RBRK,83.64,8,"[1, 1, 1, 1, 0, 0, 1, 1, 1, 1]",67.19,66.77,98.5,43.81,4542953.4
DVA,234.91,10,"[1, 1, 1, 1, 1, 1, 1, 1, 1, 1]",192.86,146.13,234.91,103.87,829111.45
GH,167.98,10,"[1, 1, 1, 1, 1, 1, 1, 1, 1, 1]",116.89,97.92,170.77,40.98,3465525.0
PEN,318.57,6,"[0, 0, 1, 0, 1, 1, 1, 1, 1, 0]",321.93,309.28,359.4,225.54,411679.65
BMNR,14.36,1,"[0, 0, 0, 0, 0, 0, 0, 0, 1, 0]",18.57,29.29,134.96,13.31,41826845.2
SWK,91.9,10,"[1, 1, 1, 1, 1, 1, 1, 1, 1, 1]",80.38,74.97,94.12,60.08,1817812.85
ENLT,84.26,8,"[0, 1, 1, 1, 1, 1, 1, 1, 1, 0]",91.45,61.23,107.42,23.16,296807.1
OKLO,52.36,1,"[0, 0, 0, 0, 0, 0, 0, 0, 1, 0]",63.93,84.0,174.14,45.58,10919138.5
BWA,63.52,8,"[0, 1, 1, 1, 1, 1, 1, 1, 1, 0]",65.89,52.55,77.03,34.07,3152066.35
APA,32.36,7,"[0, 1, 1, 1, 1, 1, 1, 0, 1, 0]",36.93,29.98,44.09,17.41,5772120.55
IONS,81.8,9,"[1, 1, 1, 0, 1, 1, 1, 1, 1, 1]",75.46,75.75,86.5,40.69,2070857.2
HL,16.33,4,"[0, 0, 0, 0, 1, 1, 1, 0, 1, 0]",17.03,17.97,31.8,5.58,31498264.65
HII,291.5,4,"[0, 0, 0, 0, 1, 1, 0, 0, 1, 1]",313.78,344.35,451.78,243.83,511173.0
SOLS,80.19,5,"[0, 1, 0, 1, 0, 0, 1, 1, 1, 0]",83.08,80.19,88.6,41.35,1895511.3
FIVE,182.43,5,"[0, 0, 0, 1, 1, 1, 1, 0, 1, 0]",210.12,192.85,247.71,128.78,1522290.4
U,29.32,4,"[1, 0, 0, 0, 0, 0, 1, 0, 1, 1]",27.59,32.47,49.47,17.13,7733824.1
IVZ,27.01,9,"[0, 1, 1, 1, 1, 1, 1, 1, 1, 1]",27.12,25.21,29.2,16.13,5515163.05
NTNX,51.28,6,"[1, 1, 1, 1, 0, 0, 1, 0, 1, 0]",47.23,51.14,81.12,34.41,3975320.6
MEDP,557.6,8,"[1, 1, 1, 0, 0, 1, 1, 1, 1, 1]",451.75,513.79,620.59,308.88,315327.8
EXEL,55.85,10,"[1, 1, 1, 1, 1, 1, 1, 1, 1, 1]",50.1,44.18,55.85,34.54,2731636.5
ALGN,184.52,10,"[1, 1, 1, 1, 1, 1, 1, 1, 1, 1]",172.14,162.0,207.19,124.88,1120602.5
BLD,354.53,2,"[0, 0, 0, 0, 1, 0, 0, 0, 1, 0]",419.55,427.88,550.9,335.39,1130583.75
WLK,74.77,3,"[0, 0, 0, 0, 1, 0, 1, 0, 1, 0]",90.75,86.97,122.65,55.28,1159933.95
SAIA,416.69,8,"[0, 1, 1, 1, 1, 1, 1, 1, 1, 0]",449.54,365.11,487.14,250.48,425306.5
MP,53.31,3,"[0, 0, 0, 1, 0, 0, 1, 0, 1, 0]",61.78,61.83,98.65,30.03,5234592.5
VIAV,41.66,8,"[0, 1, 1, 1, 1, 1, 1, 1, 1, 0]",49.82,29.2,55.33,9.76,9520789.9
AAOI,120.95,7,"[0, 1, 1, 1, 1, 1, 1, 0, 1, 0]",168.66,82.23,223.1,19.49,14361074.9
PINS,22.07,5,"[1, 1, 0, 0, 0, 0, 1, 0, 1, 1]",20.49,23.93,39.17,15.42,19439630.2
AIZ,279.48,10,"[1, 1, 1, 1, 1, 1, 1, 1, 1, 1]",250.27,229.55,279.48,181.8,423049.1
WBS,76.72,10,"[1, 1, 1, 1, 1, 1, 1, 1, 1, 1]",73.08,65.98,76.72,53.14,3609766.05
ELAN,25.0,9,"[1, 1, 1, 0, 1, 1, 1, 1, 1, 1]",23.13,22.88,26.84,13.68,5150718.85
GLXY,24.59,4,"[0, 0, 0, 1, 0, 1, 1, 0, 1, 0]",29.41,27.86,42.86,16.84,9027387.3
APLD,33.06,6,"[0, 0, 1, 1, 1, 1, 1, 0, 1, 0]",41.35,32.28,49.65,9.18,21471340.95
MDGL,528.1,9,"[1, 1, 1, 0, 1, 1, 1, 1, 1, 1]",508.68,497.09,602.83,287.52,412763.35
VICR,282.95,7,"[0, 1, 1, 1, 1, 1, 1, 0, 1, 0]",298.4,168.28,379.78,43.85,939864.0
COKE,195.63,10,"[1, 1, 1, 1, 1, 1, 1, 1, 1, 1]",184.1,166.08,216.63,108.77,544256.7
LFUS,418.47,8,"[0, 1, 1, 1, 1, 1, 1, 1, 1, 0]",449.16,332.4,489.1,225.96,319771.1
FORM,123.59,8,"[0, 1, 1, 1, 1, 1, 1, 1, 1, 0]",135.66,86.8,159.93,27.62,2008194.25
AAON,107.62,7,"[0, 1, 1, 1, 1, 1, 1, 0, 1, 0]",124.48,99.46,148.15,71.77,977930.45
TFII,139.14,8,"[0, 1, 1, 1, 1, 1, 1, 1, 1, 0]",145.81,113.43,162.83,80.09,435478.65
AIT,330.85,10,"[1, 1, 1, 1, 1, 1, 1, 1, 1, 1]",314.16,276.97,343.54,239.8,305611.85
SMTC,135.27,8,"[0, 1, 1, 1, 1, 1, 1, 1, 1, 0]",142.04,93.16,174.73,42.6,4605570.85
WULF,21.18,7,"[0, 1, 1, 1, 1, 1, 1, 0, 1, 0]",24.26,16.78,28.98,4.76,28933643.75
POWL,246.33,8,"[0, 1, 1, 1, 1, 1, 1, 1, 1, 0]",284.9,177.78,321.94,70.0,821225.5
TIMB,21.71,4,"[0, 0, 0, 0, 1, 1, 0, 1, 1, 0]",22.72,23.03,27.75,17.42,307494.15
AXSM,244.31,10,"[1, 1, 1, 1, 1, 1, 1, 1, 1, 1]",228.6,173.47,255.17,100.39,1201511.65
WMS,152.18,8,"[1, 1, 1, 0, 1, 0, 1, 1, 1, 1]",141.93,146.77,174.94,110.35,1113673.0
HMY,16.09,4,"[0, 0, 0, 0, 1, 1, 1, 0, 1, 0]",16.49,17.97,25.55,12.37,4402169.35
HUT,97.14,7,"[0, 1, 1, 1, 1, 1, 1, 0, 1, 0]",106.22,63.65,133.02,19.45,4469774.6
IAG,16.56,4,"[0, 0, 0, 0, 1, 1, 1, 0, 1, 0]",16.91,16.78,24.57,6.74,6173377.75
CGNX,67.8,10,"[1, 1, 1, 1, 1, 1, 1, 1, 1, 1]",63.09,49.09,72.42,31.63,2443116.2
KTOS,55.35,1,"[0, 0, 0, 0, 0, 0, 0, 0, 1, 0]",57.17,79.28,130.72,44.34,5736409.75
JEF,52.62,4,"[0, 0, 0, 1, 0, 0, 1, 1, 1, 0]",53.23,53.71,68.8,35.74,2792293.4
AG,17.82,4,"[0, 0, 0, 0, 1, 1, 1, 0, 1, 0]",19.33,18.4,31.98,7.82,12586142.95
EMBJ,64.11,8,"[1, 0, 1, 0, 1, 1, 1, 1, 1, 1]",60.05,63.86,79.88,47.38,1231196.9
ESI,43.64,10,"[1, 1, 1, 1, 1, 1, 1, 1, 1, 1]",42.89,32.49,49.09,22.82,3639664.85
JOBY,8.49,1,"[0, 0, 0, 0, 0, 0, 0, 0, 1, 0]",9.89,12.29,20.39,7.94,41856358.95
MUSA,560.75,10,"[1, 1, 1, 1, 1, 1, 1, 1, 1, 1]",555.05,447.9,622.53,355.19,345179.3
BTSG,69.03,10,"[1, 1, 1, 1, 1, 1, 1, 1, 1, 1]",58.93,42.45,69.85,19.36,4384743.05
GSAT,80.39,8,"[0, 1, 1, 1, 1, 1, 1, 1, 1, 0]",81.66,63.96,84.43,23.15,1685288.7
GMED,80.12,6,"[0, 0, 0, 0, 1, 1, 1, 1, 1, 1]",82.73,81.89,96.82,51.89,1873119.7
BEP,33.88,8,"[0, 1, 1, 1, 1, 1, 1, 1, 1, 0]",34.71,30.33,37.09,23.77,773829.35
KNX,76.35,9,"[1, 1, 1, 1, 1, 1, 1, 1, 1, 0]",71.58,56.68,82.45,38.58,4574478.0
ALSN,116.37,8,"[0, 1, 1, 1, 1, 1, 1, 1, 1, 0]",120.04,105.84,135.66,78.62,1542477.5
SNAP,4.84,1,"[0, 0, 0, 0, 0, 0, 0, 0, 1, 0]",5.49,6.52,10.35,3.93,48725491.1
ARWR,83.99,10,"[1, 1, 1, 1, 1, 1, 1, 1, 1, 1]",76.46,60.46,83.99,14.71,2620134.8
WTFC,161.19,10,"[1, 1, 1, 1, 1, 1, 1, 1, 1, 1]",152.26,141.61,162.79,118.91,541059.8
AES,14.58,9,"[1, 1, 1, 1, 1, 1, 1, 1, 1, 0]",14.55,14.18,17.07,10.53,8014061.2
SPXC,227.74,9,"[1, 1, 1, 1, 1, 1, 1, 1, 1, 0]",220.96,211.18,246.41,169.97,1024361.25
VFS,3.07,3,"[0, 0, 0, 1, 1, 0, 0, 0, 1, 0]",3.6,3.44,4.76,2.81,547719.45
AHR,55.04,10,"[1, 1, 1, 1, 1, 1, 1, 1, 1, 1]",49.21,47.56,55.04,34.94,4622437.5
DAR,56.53,8,"[0, 1, 1, 1, 1, 1, 1, 1, 1, 0]",59.13,46.67,64.84,29.74,2438084.95
FCFS,221.97,10,"[1, 1, 1, 1, 1, 1, 1, 1, 1, 1]",221.74,182.79,232.57,118.91,555102.85
UMBF,143.8,10,"[1, 1, 1, 1, 1, 1, 1, 1, 1, 1]",131.41,120.1,145.65,102.87,797164.0
ARW,197.48,8,"[0, 1, 1, 1, 1, 1, 1, 1, 1, 0]",210.12,148.75,234.83,101.87,582436.15
MOG-A,417.42,10,"[1, 1, 1, 1, 1, 1, 1, 1, 1, 1]",353.25,284.3,425.85,180.32,353462.45
HBM,22.59,6,"[0, 0, 1, 1, 1, 1, 1, 0, 1, 0]",25.58,21.37,31.86,9.05,5727198.5
GTLS,208.72,9,"[1, 1, 1, 1, 1, 1, 0, 1, 1, 1]",207.75,205.47,208.98,163.62,1385175.45
MGM,47.1,9,"[1, 1, 1, 1, 1, 1, 1, 1, 1, 0]",42.88,37.02,50.69,30.72,3603912.15
VMI,555.35,10,"[1, 1, 1, 1, 1, 1, 1, 1, 1, 1]",527.98,444.21,582.78,326.37,264890.5
ABVX,144.65,9,"[1, 1, 1, 0, 1, 1, 1, 1, 1, 1]",112.33,112.02,145.31,7.75,2825221.3
CTRE,41.76,10,"[1, 1, 1, 1, 1, 1, 1, 1, 1, 1]",39.12,36.92,42.03,29.12,3670409.75
MOH,229.87,9,"[1, 1, 1, 1, 0, 1, 1, 1, 1, 1]",193.15,169.78,239.58,122.65,1092818.8
BPOP,167.26,10,"[1, 1, 1, 1, 1, 1, 1, 1, 1, 1]",153.05,132.88,168.5,107.38,619998.9
SNEX,120.55,10,"[1, 1, 1, 1, 1, 1, 1, 1, 1, 1]",117.68,82.89,139.01,54.63,1181671.35
CYTK,86.49,10,"[1, 1, 1, 1, 1, 1, 1, 1, 1, 1]",74.04,65.15,87.26,33.23,2547340.35
VSAT,83.06,10,"[1, 1, 1, 1, 1, 1, 1, 1, 1, 1]",69.49,48.01,89.81,14.47,3468579.0
ICLR,173.06,7,"[1, 1, 1, 0, 0, 0, 1, 1, 1, 1]",133.42,149.23,202.92,80.08,1140096.5
AGX,706.15,10,"[1, 1, 1, 1, 1, 1, 1, 1, 1, 1]",687.74,453.35,798.55,201.37,419444.4
CAMT,142.5,5,"[0, 0, 0, 1, 1, 1, 1, 0, 1, 0]",177.31,144.14,207.46,76.73,500230.4
SBSW,8.96,3,"[0, 0, 0, 0, 1, 1, 0, 0, 1, 0]",11.18,12.63,20.52,7.06,6041828.3
MASI,179.95,10,"[1, 1, 1, 1, 1, 1, 1, 1, 1, 1]",178.68,156.41,179.95,127.4,897116.25
ELPC,11.61,9,"[0, 1, 1, 1, 1, 1, 1, 1, 1, 1]",11.92,10.56,13.39,7.32,354155.3
TTC,97.08,10,"[1, 1, 1, 1, 1, 1, 1, 1, 1, 1]",92.32,85.71,100.89,67.07,1095881.35
R,260.72,10,"[1, 1, 1, 1, 1, 1, 1, 1, 1, 1]",252.18,206.52,280.34,158.04,425480.65
CAVA,76.88,9,"[0, 1, 1, 1, 1, 1, 1, 1, 1, 1]",82.64,70.32,97.39,43.59,2980698.05
PRAX,318.52,10,"[1, 1, 1, 1, 1, 1, 1, 1, 1, 1]",314.3,257.9,357.13,37.71,675599.2
ZION,69.35,10,"[1, 1, 1, 1, 1, 1, 1, 1, 1, 1]",63.78,58.14,70.7,45.85,1831516.5
SIRI,30.51,10,"[1, 1, 1, 1, 1, 1, 1, 1, 1, 1]",27.65,22.96,30.51,19.47,6705707.9
RIOT,22.11,7,"[0, 1, 1, 1, 0, 1, 1, 1, 1, 0]",24.36,18.35,28.69,11.03,16072345.7
FLS,72.34,6,"[0, 0, 1, 0, 1, 1, 1, 1, 1, 0]",74.44,71.64,91.49,48.65,1979855.65
ALGM,55.49,10,"[1, 1, 1, 1, 1, 1, 1, 1, 1, 1]",50.07,36.1,69.62,22.8,3642070.35
GDS,29.82,2,"[0, 0, 0, 0, 1, 0, 0, 0, 1, 0]",37.35,38.59,47.52,29.02,2642675.2
KRYS,375.07,10,"[1, 1, 1, 1, 1, 1, 1, 1, 1, 1]",311.01,253.9,378.15,134.94,392514.95
EGO,33.68,6,"[1, 0, 0, 0, 1, 1, 1, 0, 1, 1]",31.78,33.87,49.52,19.67,3220265.65
GGB,4.07,8,"[0, 1, 1, 1, 1, 1, 1, 1, 1, 0]",4.51,3.87,4.89,2.79,17095573.25
MXL,93.12,9,"[1, 1, 1, 1, 1, 1, 1, 0, 1, 1]",85.58,34.54,128.03,13.05,3992660.7
IBRX,9.44,10,"[1, 1, 1, 1, 1, 1, 1, 1, 1, 1]",7.68,5.4,11.55,1.98,13362808.4
AAL,17.92,10,"[1, 1, 1, 1, 1, 1, 1, 1, 1, 1]",14.07,13.35,18.15,10.18,147393176.1
DDS,547.21,5,"[0, 0, 0, 0, 1, 1, 1, 1, 1, 0]",570.88,600.95,699.51,407.35,116613.9
FRO,36.75,10,"[1, 1, 1, 1, 1, 1, 1, 1, 1, 1]",35.95,28.23,42.88,16.2,3647260.55
CRUS,146.24,8,"[0, 1, 1, 1, 1, 1, 1, 1, 1, 0]",164.51,139.45,178.9,97.25,584605.1
BVN,29.72,5,"[0, 0, 0, 1, 1, 1, 1, 0, 1, 0]",33.05,30.39,42.44,15.77,1485827.4
W,94.5,8,"[1, 1, 1, 0, 0, 1, 1, 1, 1, 1]",74.08,86.92,119.05,53.37,3666522.6
LUMN,6.43,5,"[0, 0, 0, 1, 1, 1, 1, 0, 1, 0]",8.98,8.05,11.83,3.7,14983540.05
LLYVK,108.0,10,"[1, 1, 1, 1, 1, 1, 1, 1, 1, 1]",97.86,91.56,108.0,77.33,531499.4
LLYVA,104.11,10,"[1, 1, 1, 1, 1, 1, 1, 1, 1, 1]",94.96,89.02,104.11,74.85,332383.35
LEVI,24.41,10,"[1, 1, 1, 1, 1, 1, 1, 1, 1, 1]",22.86,21.45,24.83,17.8,2533659.55
COLB,31.72,10,"[1, 1, 1, 1, 1, 1, 1, 1, 1, 1]",29.85,27.86,32.51,22.1,3159673.65
OSK,142.7,7,"[1, 0, 1, 0, 1, 1, 0, 1, 1, 1]",138.32,140.16,177.15,117.67,664054.3
MTCH,37.9,9,"[1, 1, 1, 1, 1, 0, 1, 1, 1, 1]",36.13,33.19,38.73,28.72,3775908.6
FR,62.4,10,"[1, 1, 1, 1, 1, 1, 1, 1, 1, 1]",61.74,57.69,63.89,46.03,1205416.35
CRL,230.69,9,"[1, 1, 1, 0, 1, 1, 1, 1, 1, 1]",180.4,180.44,230.69,145.57,868097.0
FROG,94.81,10,"[1, 1, 1, 1, 1, 1, 1, 1, 1, 1]",71.39,56.95,94.81,34.75,3684798.0
ZWS,49.16,9,"[0, 1, 1, 1, 1, 1, 1, 1, 1, 1]",49.34,47.64,52.67,36.15,1075000.35
SIMO,300.71,9,"[1, 1, 1, 1, 1, 1, 1, 1, 1, 0]",263.69,145.85,336.9,69.89,915664.25
ENS,206.68,8,"[0, 1, 1, 1, 1, 1, 1, 1, 1, 0]",224.46,169.52,243.06,85.49,654357.85
PRMB,25.02,8,"[1, 1, 1, 1, 0, 0, 1, 1, 1, 1]",22.94,19.98,30.06,14.21,3314016.5
EMN,68.86,6,"[0, 0, 1, 1, 1, 1, 0, 1, 1, 0]",72.12,67.15,79.49,54.37,1236578.2
CIFR,20.04,7,"[0, 1, 1, 1, 1, 1, 1, 0, 1, 0]",22.43,17.93,29.18,4.72,24511848.35
QBTS,22.53,5,"[0, 1, 0, 1, 0, 1, 1, 0, 1, 0]",23.39,24.18,44.78,12.98,29881207.6
ECG,138.26,8,"[0, 1, 1, 1, 1, 1, 1, 1, 1, 0]",151.74,111.54,169.16,64.35,646011.95
NUVL,123.73,10,"[1, 1, 1, 1, 1, 1, 1, 1, 1, 1]",108.92,101.64,123.73,72.16,5254478.4
FIGR,33.91,4,"[1, 0, 0, 0, 0, 0, 1, 0, 1, 1]",33.14,38.86,73.91,25.28,4821440.5
ICL,5.03,2,"[0, 0, 0, 1, 0, 0, 0, 0, 1, 0]",5.74,5.56,7.19,4.72,1624651.0
TKR,139.16,10,"[1, 1, 1, 1, 1, 1, 1, 1, 1, 1]",125.31,98.18,145.32,70.03,1103946.5
SSL,9.69,6,"[0, 0, 1, 1, 1, 1, 1, 0, 1, 0]",12.51,9.05,14.29,4.8,1901803.35
KRMN,56.37,3,"[0, 0, 0, 0, 1, 0, 0, 0, 1, 1]",58.43,76.9,115.29,44.84,3620572.95
BOKF,139.29,10,"[1, 1, 1, 1, 1, 1, 1, 1, 1, 1]",131.85,122.66,141.24,96.54,274711.5
NXE,9.63,4,"[0, 0, 0, 0, 1, 1, 1, 0, 1, 0]",11.14,10.57,13.92,6.43,6066157.6
NE,37.99,5,"[0, 0, 0, 1, 1, 1, 1, 0, 1, 0]",46.83,38.02,53.79,24.34,1706423.6
AMG,344.6,10,"[1, 1, 1, 1, 1, 1, 1, 1, 1, 1]",317.63,287.32,357.5,200.19,368597.25
IDA,154.55,10,"[1, 1, 1, 1, 1, 1, 1, 1, 1, 1]",143.63,135.42,154.55,112.78,682312.5
JHG,51.95,10,"[1, 1, 1, 1, 1, 1, 1, 1, 1, 1]",51.74,48.11,53.21,39.25,3516786.75
VIRT,61.77,10,"[1, 1, 1, 1, 1, 1, 1, 1, 1, 1]",53.86,41.34,63.41,31.82,1354479.9
MSGS,395.16,10,"[1, 1, 1, 1, 1, 1, 1, 1, 1, 1]",362.7,289.54,403.03,192.65,333112.45
ROAD,107.92,3,"[0, 0, 0, 1, 0, 0, 0, 1, 1, 0]",119.14,117.57,140.48,93.43,721054.35
CMC,61.73,4,"[0, 0, 0, 1, 1, 1, 0, 0, 1, 0]",71.56,67.42,82.94,49.85,1591733.0
JXN,104.47,6,"[0, 0, 0, 1, 1, 1, 0, 1, 1, 1]",108.16,104.51,120.14,81.3,666478.15
ESE,332.78,8,"[1, 1, 1, 1, 1, 1, 0, 0, 1, 1]",315.68,256.25,,,320680.8
GKOS,148.34,10,"[1, 1, 1, 1, 1, 1, 1, 1, 1, 1]",129.28,110.1,148.34,74.67,1033724.3
CWEN,32.76,5,"[0, 0, 0, 1, 1, 1, 0, 1, 1, 0]",37.97,35.25,41.26,26.9,1747623.15
CIG,2.09,5,"[0, 0, 0, 1, 1, 1, 0, 1, 1, 0]",2.22,2.12,2.67,1.74,7995837.95
MBLY,9.57,5,"[1, 1, 0, 1, 0, 0, 1, 0, 1, 0]",9.33,10.4,19.08,6.56,6393282.3
KNTK,47.75,9,"[0, 1, 1, 1, 1, 1, 1, 1, 1, 1]",48.06,41.28,51.27,30.53,1199419.5
CHRD,113.32,7,"[0, 0, 1, 1, 1, 1, 1, 1, 1, 0]",134.61,110.02,148.35,82.2,889111.4
MIDD,175.12,10,"[1, 1, 1, 1, 1, 1, 1, 1, 1, 1]",154.58,144.07,175.12,111.68,743393.45
PCVX,58.39,9,"[1, 1, 1, 0, 1, 1, 1, 1, 1, 1]",52.6,50.09,63.04,29.67,1967112.15
KEX,129.84,7,"[0, 0, 1, 1, 1, 1, 1, 1, 1, 0]",143.19,121.46,152.59,79.95,610797.55
HALO,79.45,8,"[1, 1, 1, 1, 0, 0, 1, 1, 1, 1]",69.02,69.11,81.23,54.0,1854782.95
YOU,53.79,8,"[0, 1, 1, 1, 1, 1, 1, 1, 1, 0]",55.51,42.25,62.18,27.89,1631494.7
ORA,112.56,6,"[0, 0, 0, 1, 1, 1, 1, 1, 1, 0]",126.53,114.89,145.1,84.82,968180.85
VLY,14.59,10,"[1, 1, 1, 1, 1, 1, 1, 1, 1, 1]",13.71,12.11,14.8,8.85,7252539.0
VFC,16.3,5,"[0, 0, 0, 0, 1, 1, 1, 1, 1, 0]",17.5,17.29,21.44,11.41,7201135.45
WFRD,83.01,5,"[0, 0, 0, 1, 1, 1, 1, 0, 1, 0]",101.13,87.53,111.42,52.05,1365986.35
CORZ,21.43,7,"[0, 1, 1, 1, 1, 1, 1, 0, 1, 0]",25.0,19.24,29.16,12.51,12351915.0
CWAN,24.56,10,"[1, 1, 1, 1, 1, 1, 1, 1, 1, 1]",24.34,22.38,24.56,15.89,6482355.0
TEX,68.16,10,"[1, 1, 1, 1, 1, 1, 1, 1, 1, 1]",63.05,57.71,74.58,41.55,1576531.7
SOBO,34.37,8,"[0, 1, 1, 1, 1, 1, 1, 1, 1, 0]",35.39,30.06,37.65,24.54,975180.05
FAF,69.48,10,"[1, 1, 1, 1, 1, 1, 1, 1, 1, 1]",67.45,63.6,70.54,52.94,1191161.9
IDCC,281.4,2,"[0, 0, 0, 0, 0, 0, 0, 0, 1, 1]",282.83,329.6,394.78,219.91,457759.0
OR,31.44,3,"[0, 0, 0, 0, 1, 1, 0, 0, 1, 0]",35.66,37.43,47.56,25.72,1138082.6
HXL,99.31,10,"[1, 1, 1, 1, 1, 1, 1, 1, 1, 1]",92.76,80.58,100.06,56.77,990238.1
OGC,26.1,4,"[0, 0, 0, 0, 1, 1, 1, 0, 1, 0]",28.87,29.2,42.39,13.47,460664.0
SLAB,218.22,9,"[1, 1, 1, 1, 1, 1, 1, 1, 1, 0]",217.78,174.58,220.34,116.08,579480.65
RIG,5.06,5,"[0, 0, 0, 1, 1, 1, 1, 0, 1, 0]",6.16,5.13,7.58,2.55,33657523.9
PLXS,275.11,9,"[1, 1, 1, 1, 1, 1, 1, 1, 1, 0]",272.6,196.39,303.82,118.29,355958.4
GGAL,50.37,9,"[1, 1, 1, 0, 1, 1, 1, 1, 1, 1]",46.79,45.46,58.75,25.39,1212867.75
SSRM,30.62,10,"[1, 1, 1, 1, 1, 1, 1, 1, 1, 1]",29.96,26.22,35.74,11.8,3683909.5
LTH,40.81,10,"[1, 1, 1, 1, 1, 1, 1, 1, 1, 1]",33.18,28.54,41.3,24.59,3186314.05
KYMR,113.51,10,"[1, 1, 1, 1, 1, 1, 1, 1, 1, 1]",86.77,76.42,116.46,37.68,1307699.2
SM,26.85,8,"[0, 1, 1, 1, 1, 1, 1, 1, 1, 0]",30.15,24.12,34.57,17.3,4060223.2
LEA,130.85,8,"[0, 1, 1, 1, 1, 1, 1, 1, 1, 0]",136.52,119.52,146.59,90.56,688873.2
HR,20.61,10,"[1, 1, 1, 1, 1, 1, 1, 1, 1, 1]",19.86,17.91,20.7,14.57,4381393.6
RHP,127.85,10,"[1, 1, 1, 1, 1, 1, 1, 1, 1, 1]",113.97,97.47,130.93,82.97,712141.1
NOV,18.02,7,"[0, 0, 1, 1, 1, 1, 1, 1, 1, 0]",19.94,17.35,21.36,11.6,4650852.9
DBX,28.56,7,"[1, 1, 1, 1, 0, 0, 0, 1, 1, 1]",26.46,27.03,32.17,22.06,3984182.05
TFPM,31.49,7,"[1, 0, 0, 0, 1, 1, 1, 1, 1, 1]",31.11,32.81,41.23,22.75,845389.85
AUGO,65.46,7,"[0, 0, 1, 1, 1, 1, 1, 0, 1, 1]",72.25,60.1,108.01,22.81,1191881.95
MTDR,50.18,7,"[0, 0, 1, 1, 1, 1, 1, 1, 1, 0]",55.65,48.88,65.01,36.31,1814128.6
MYRG,433.01,8,"[0, 1, 1, 1, 1, 1, 1, 1, 1, 0]",439.93,291.11,501.13,173.81,342282.0
AVT,82.18,8,"[0, 1, 1, 1, 1, 1, 1, 1, 1, 0]",85.39,62.49,92.93,43.64,1512860.2
LGN,75.83,6,"[0, 1, 1, 1, 1, 0, 1, 0, 1, 0]",86.04,55.8,102.27,29.72,1648247.3
BRKR,61.64,9,"[1, 1, 1, 1, 1, 1, 1, 1, 1, 0]",49.5,43.05,62.65,29.21,2572505.3
SGHC,14.51,9,"[1, 1, 1, 1, 0, 1, 1, 1, 1, 1]",13.15,11.66,14.51,8.45,3804537.95
STEP,41.13,1,"[0, 0, 0, 0, 0, 0, 0, 0, 1, 0]",48.19,55.87,74.4,39.54,1721337.95
UGP,5.07,9,"[0, 1, 1, 1, 1, 1, 1, 1, 1, 1]",5.38,4.72,6.11,2.83,2760779.55
VAL,75.35,6,"[0, 0, 1, 1, 1, 1, 1, 0, 1, 0]",91.75,73.32,113.42,44.25,1000594.65
BLSH,25.57,1,"[0, 0, 0, 0, 0, 0, 0, 0, 1, 0]",33.16,40.8,74.63,21.88,1936593.75
TGTX,53.31,10,"[1, 1, 1, 1, 1, 1, 1, 1, 1, 1]",43.23,34.65,55.83,26.39,3144670.45
MIRM,125.59,10,"[1, 1, 1, 1, 1, 1, 1, 1, 1, 1]",102.51,88.07,125.59,50.27,1086301.7
ST,45.34,8,"[0, 1, 1, 1, 1, 1, 1, 1, 1, 0]",47.23,37.05,53.55,28.36,1981779.4
NPO,335.5,10,"[1, 1, 1, 1, 1, 1, 1, 1, 1, 1]",323.04,258.64,387.65,197.81,336896.9
PAYC,139.21,4,"[1, 1, 0, 0, 0, 0, 0, 0, 1, 1]",132.66,150.44,236.57,113.28,1100396.35
SYRE,86.63,10,"[1, 1, 1, 1, 1, 1, 1, 1, 1, 1]",77.29,44.23,100.32,14.82,1851969.6
SWX,89.81,9,"[1, 1, 1, 1, 1, 1, 0, 1, 1, 1]",88.99,83.66,93.37,70.74,680203.7
COMP,12.62,9,"[1, 1, 1, 0, 1, 1, 1, 1, 1, 1]",8.78,9.3,13.58,6.15,15631795.95
AROC,36.79,9,"[0, 1, 1, 1, 1, 1, 1, 1, 1, 1]",37.1,30.6,41.95,21.54,2341343.95
AXTI,56.62,7,"[0, 1, 1, 1, 1, 1, 1, 0, 1, 0]",96.46,41.98,140.83,1.92,9794404.9
RSI,31.68,10,"[1, 1, 1, 1, 1, 1, 1, 1, 1, 1]",27.7,21.43,31.68,14.51,3535470.65
RYTM,114.17,7,"[1, 1, 1, 0, 0, 0, 1, 1, 1, 1]",92.3,98.16,117.62,65.14,1049470.25
HIMS,36.8,7,"[1, 1, 1, 1, 0, 0, 1, 0, 1, 1]",28.36,32.66,66.18,14.52,19322209.9
PTGX,131.62,10,"[1, 1, 1, 1, 1, 1, 1, 1, 1, 1]",105.7,90.37,131.62,49.7,861328.55
ACA,144.97,10,"[1, 1, 1, 1, 1, 1, 1, 1, 1, 1]",128.69,112.06,145.29,83.54,1013491.95
FNB,19.03,10,"[1, 1, 1, 1, 1, 1, 1, 1, 1, 1]",17.86,16.89,19.43,14.33,4654017.05
FLY,28.9,4,"[0, 0, 0, 1, 1, 0, 1, 0, 1, 0]",36.89,28.96,60.35,16.78,7450158.95
CELC,107.95,7,"[0, 0, 1, 1, 1, 1, 1, 0, 1, 1]",113.88,99.28,144.98,13.34,1468122.3
ENIC,4.41,10,"[1, 1, 1, 1, 1, 1, 1, 1, 1, 1]",4.36,4.0,4.66,3.01,606491.7
INGM,25.65,8,"[0, 1, 1, 1, 1, 1, 1, 1, 1, 0]",28.14,23.57,31.64,18.49,1607591.7
LUNR,19.58,6,"[0, 0, 1, 1, 1, 1, 1, 0, 1, 0]",28.79,18.78,45.7,8.05,13641955.15
RGTI,17.94,4,"[0, 0, 0, 1, 0, 1, 1, 0, 1, 0]",20.16,23.88,56.34,12.18,35930922.2
CLF,9.86,2,"[0, 0, 0, 0, 0, 1, 0, 0, 1, 0]",11.46,11.69,16.18,7.82,19846375.95
CE,47.68,5,"[0, 0, 0, 1, 1, 1, 1, 0, 1, 0]",55.59,49.71,69.24,35.49,1700938.65
APGE,132.91,10,"[1, 1, 1, 1, 1, 1, 1, 1, 1, 1]",92.61,73.66,132.91,34.65,5942913.55
LSTR,208.21,9,"[1, 1, 1, 1, 1, 1, 1, 1, 1, 0]",197.81,156.34,225.37,118.1,492954.6
GVA,145.93,10,"[1, 1, 1, 1, 1, 1, 1, 1, 1, 1]",139.43,121.82,160.26,91.89,927893.7
VIST,60.36,7,"[0, 0, 1, 1, 1, 1, 1, 1, 1, 0]",70.93,56.67,79.25,33.7,823780.25
KGS,67.94,9,"[0, 1, 1, 1, 1, 1, 1, 1, 1, 1]",69.88,49.31,76.27,29.75,2044843.4
CNTA,40.5,10,"[1, 1, 1, 1, 1, 1, 1, 1, 1, 1]",39.76,29.63,40.5,13.56,2069435.4
URBN,70.72,6,"[0, 0, 1, 1, 1, 1, 0, 1, 1, 0]",71.98,70.31,82.7,59.57,1198278.55
PTCT,83.31,10,"[1, 1, 1, 1, 1, 1, 1, 1, 1, 1]",73.04,71.38,86.25,43.3,2445689.35
ETSY,76.97,9,"[1, 1, 1, 1, 0, 1, 1, 1, 1, 1]",67.12,60.46,79.66,44.05,3026265.4
LNTH,109.89,10,"[1, 1, 1, 1, 1, 1, 1, 1, 1, 1]",97.33,73.32,110.94,50.11,974583.9
VNO,40.58,8,"[1, 1, 1, 1, 0, 0, 1, 1, 1, 1]",34.01,33.14,42.04,24.71,1796264.5
REZI,30.66,3,"[0, 0, 0, 0, 0, 0, 1, 0, 1, 1]",33.33,35.98,44.5,23.08,1342867.85
OUT,32.86,10,"[1, 1, 1, 1, 1, 1, 1, 1, 1, 1]",31.55,25.16,33.58,15.95,2154026.55
FLG,14.59,10,"[1, 1, 1, 1, 1, 1, 1, 1, 1, 1]",14.23,13.0,15.28,10.7,6038404.4
EAT,177.71,9,"[1, 1, 1, 0, 1, 1, 1, 1, 1, 1]",147.67,143.49,182.77,102.29,963357.6
GXO,51.95,5,"[1, 0, 0, 0, 1, 0, 0, 1, 1, 1]",50.59,53.69,65.59,45.52,1329878.0
COGT,38.69,9,"[1, 1, 1, 0, 1, 1, 1, 1, 1, 1]",34.76,32.21,42.11,7.58,3161407.3
IBP,228.26,3,"[0, 0, 0, 0, 1, 0, 0, 0, 1, 1]",230.17,263.74,340.78,181.77,491819.75
ABCB,90.12,10,"[1, 1, 1, 1, 1, 1, 1, 1, 1, 1]",85.88,79.01,91.65,65.01,665576.4
TFX,133.99,9,"[1, 1, 1, 1, 0, 1, 1, 1, 1, 1]",129.51,119.61,138.45,99.79,478818.55
IMVT,38.79,10,"[1, 1, 1, 1, 1, 1, 1, 1, 1, 1]",31.99,25.71,38.85,14.69,1653375.55
CGON,70.36,10,"[1, 1, 1, 1, 1, 1, 1, 1, 1, 1]",64.65,53.56,74.0,23.94,1258915.25
USAR,19.15,4,"[0, 0, 0, 1, 0, 1, 1, 0, 1, 0]",24.13,20.2,38.68,9.61,15105763.65
NSA,46.04,10,"[1, 1, 1, 1, 1, 1, 1, 1, 1, 1]",43.04,34.31,46.04,26.69,760429.95
ALKS,54.58,10,"[1, 1, 1, 1, 1, 1, 1, 1, 1, 1]",41.01,33.23,55.08,26.13,2734162.25
CENX,43.76,5,"[0, 0, 0, 1, 1, 1, 1, 0, 1, 0]",58.3,45.87,68.77,18.37,2621262.45
MSM,122.78,10,"[1, 1, 1, 1, 1, 1, 1, 1, 1, 1]",110.19,93.06,123.34,79.47,879980.1
SRRK,54.88,10,"[1, 1, 1, 1, 1, 1, 1, 1, 1, 1]",48.23,43.07,55.0,27.92,1852012.8
BLCO,17.16,8,"[1, 1, 1, 0, 1, 1, 0, 1, 1, 1]",15.76,16.18,18.6,13.5,399932.95
PIPR,71.09,2,"[0, 0, 0, 0, 0, 0, 0, 1, 1, 0]",79.66,81.65,92.51,69.41,642461.3
BKH,73.79,10,"[1, 1, 1, 1, 1, 1, 1, 1, 1, 1]",73.37,69.37,76.1,53.69,1163212.4
KMX,50.98,7,"[1, 1, 1, 1, 0, 0, 1, 0, 1, 1]",44.1,43.11,70.61,30.88,4132226.1
MAC,25.46,10,"[1, 1, 1, 1, 1, 1, 1, 1, 1, 1]",22.9,19.33,25.83,15.47,4710477.4
CZR,30.39,10,"[1, 1, 1, 1, 1, 1, 1, 1, 1, 1]",28.62,24.94,31.51,18.14,5680502.6
PRIM,88.2,2,"[0, 0, 0, 0, 1, 0, 0, 0, 1, 0]",122.14,135.04,202.75,83.11,2984700.6
GLNG,49.01,8,"[0, 1, 1, 1, 1, 1, 1, 1, 1, 0]",52.36,44.41,57.07,34.97,1231039.25
OSCR,32.18,9,"[1, 1, 1, 1, 0, 1, 1, 1, 1, 1]",23.91,17.84,32.18,10.85,7728415.4
S,17.51,8,"[1, 1, 1, 1, 0, 0, 1, 1, 1, 1]",16.03,15.43,19.78,11.94,6350904.05
CORT,90.21,9,"[1, 1, 1, 1, 0, 1, 1, 1, 1, 1]",66.34,60.59,90.32,32.15,1004800.45
RUSHA,73.16,10,"[1, 1, 1, 1, 1, 1, 1, 1, 1, 1]",70.7,62.16,76.0,46.26,630779.9
HWC,74.61,10,"[1, 1, 1, 1, 1, 1, 1, 1, 1, 1]",68.78,64.46,75.66,53.34,1047121.4
CACC,657.12,10,"[1, 1, 1, 1, 1, 1, 1, 1, 1, 1]",556.3,491.36,657.12,411.04,211950.4
ZGN,13.17,8,"[0, 1, 1, 1, 1, 1, 1, 1, 1, 0]",13.33,11.06,14.92,7.71,1546044.55
MATX,203.53,10,"[1, 1, 1, 1, 1, 1, 1, 1, 1, 1]",186.13,145.65,203.92,87.4,327362.95
MCY,110.48,10,"[1, 1, 1, 1, 1, 1, 1, 1, 1, 1]",100.36,90.58,110.48,64.96,313030.7
ALM,15.71,7,"[0, 1, 1, 1, 1, 1, 1, 0, 1, 0]",18.87,13.09,23.42,3.42,6299554.7
BGC,11.02,9,"[0, 1, 1, 1, 1, 1, 1, 1, 1, 1]",11.2,9.78,12.65,8.26,4122965.25
AUB,42.26,10,"[1, 1, 1, 1, 1, 1, 1, 1, 1, 1]",38.34,36.15,43.19,30.03,1357879.35
GTX,31.75,9,"[1, 1, 1, 1, 1, 1, 1, 1, 1, 0]",30.41,20.38,36.23,10.83,3062927.35
MRCY,126.21,10,"[1, 1, 1, 1, 1, 1, 1, 1, 1, 1]",100.51,85.29,126.21,50.09,837732.2
VSEC,232.33,9,"[1, 1, 1, 0, 1, 1, 1, 1, 1, 1]",188.96,187.68,232.33,125.08,551406.4
TEO,12.55,8,"[0, 1, 1, 1, 1, 1, 1, 1, 1, 0]",12.82,11.43,15.98,6.52,715716.7
LBRT,23.79,6,"[0, 0, 1, 1, 1, 1, 1, 0, 1, 0]",30.25,23.17,33.83,9.91,3982420.8
XENE,60.96,10,"[1, 1, 1, 1, 1, 1, 1, 1, 1, 1]",55.05,47.37,62.76,30.3,1735321.75
SNDR,35.8,9,"[1, 1, 1, 1, 1, 1, 1, 1, 1, 0]",33.91,27.52,38.66,20.04,1079595.3
KLIC,121.33,10,"[1, 1, 1, 1, 1, 1, 1, 1, 1, 1]",105.3,66.56,133.81,31.65,1328305.8
SEI,67.19,8,"[0, 1, 1, 1, 1, 1, 1, 1, 1, 0]",74.1,56.73,82.88,24.67,2267098.95
GOLF,117.56,10,"[1, 1, 1, 1, 1, 1, 1, 1, 1, 1]",96.04,89.54,118.53,73.29,403327.75
BEPC,36.49,4,"[0, 0, 0, 0, 1, 1, 0, 1, 1, 0]",37.54,38.92,43.52,31.58,1442488.45
VCTR,87.74,10,"[1, 1, 1, 1, 1, 1, 1, 1, 1, 1]",83.64,70.32,88.62,59.52,506942.9
BC,79.09,8,"[0, 1, 1, 1, 1, 1, 1, 1, 1, 0]",80.77,74.8,88.28,55.31,675755.7
MUR,31.88,6,"[0, 0, 0, 1, 1, 1, 1, 1, 1, 0]",37.67,33.21,42.37,21.48,2130323.0
MGY,25.2,5,"[0, 0, 0, 1, 1, 1, 0, 1, 1, 0]",28.11,25.66,32.17,20.99,3329256.1
CRSP,60.08,7,"[1, 1, 1, 0, 0, 0, 1, 1, 1, 1]",52.73,55.57,76.78,44.34,1786199.2
PACS,44.48,10,"[1, 1, 1, 1, 1, 1, 1, 1, 1, 1]",36.82,30.52,44.48,7.71,989294.25
APLS,41.03,9,"[1, 1, 1, 1, 1, 0, 1, 1, 1, 1]",33.2,26.08,41.12,16.97,6965819.75
HASI,38.26,6,"[0, 1, 1, 1, 1, 1, 0, 0, 1, 0]",40.16,34.9,,,1226619.05
ATAT,32.22,2,"[0, 0, 0, 0, 0, 0, 0, 1, 1, 0]",34.93,36.95,42.21,31.52,922212.05
CRC,51.26,4,"[0, 0, 0, 1, 1, 1, 0, 0, 1, 0]",59.83,54.47,69.66,42.98,876113.95
LEGN,29.91,6,"[1, 1, 1, 1, 0, 0, 1, 0, 1, 0]",29.06,25.49,44.32,16.65,2699696.65
PRM,33.92,10,"[1, 1, 1, 1, 1, 1, 1, 1, 1, 1]",32.72,27.09,37.78,15.28,2054537.25
IFS,58.13,10,"[1, 1, 1, 1, 1, 1, 1, 1, 1, 1]",49.74,44.49,58.29,34.31,387947.15
CROX,125.28,10,"[1, 1, 1, 1, 1, 1, 1, 1, 1, 1]",112.97,92.4,127.77,73.39,1235311.8
CAR,163.44,7,"[0, 1, 1, 1, 1, 1, 1, 0, 1, 0]",176.56,157.95,713.97,87.69,843506.15
M,23.25,10,"[1, 1, 1, 1, 1, 1, 1, 1, 1, 1]",21.48,20.08,25.96,11.47,7063409.15
AVAL,5.06,10,"[1, 1, 1, 1, 1, 1, 1, 1, 1, 1]",4.75,4.24,5.73,2.72,322660.95
KNF,84.88,9,"[1, 1, 1, 1, 1, 0, 1, 1, 1, 1]",82.47,77.62,94.57,59.93,666495.15
DIOD,96.25,8,"[0, 1, 1, 1, 1, 1, 1, 1, 1, 0]",106.33,70.88,122.76,42.36,676363.75
SON,57.42,10,"[1, 1, 1, 1, 1, 1, 1, 1, 1, 1]",50.19,47.19,57.42,38.0,1318656.25
WSC,26.66,10,"[1, 1, 1, 1, 1, 1, 1, 1, 1, 1]",25.69,21.54,31.26,14.84,2089905.15
RELY,23.75,10,"[1, 1, 1, 1, 1, 1, 1, 1, 1, 1]",21.35,16.67,24.28,12.2,4804150.35
SXT,124.49,10,"[1, 1, 1, 1, 1, 1, 1, 1, 1, 1]",116.38,99.35,124.49,82.67,525195.45
ALH,25.86,7,"[1, 1, 0, 1, 0, 0, 1, 1, 1, 1]",25.35,25.86,26.93,19.06,753425.05
ACLS,144.5,8,"[0, 1, 1, 1, 1, 1, 1, 1, 1, 0]",159.38,106.7,191.6,67.69,747344.3
LB,73.75,9,"[1, 1, 1, 1, 1, 1, 1, 1, 1, 0]",69.04,62.78,85.14,44.06,418199.5
STVN,19.0,6,"[1, 1, 0, 1, 0, 0, 1, 0, 1, 1]",17.63,19.3,27.85,13.38,390758.05
BMA,90.24,9,"[1, 1, 1, 0, 1, 1, 1, 1, 1, 1]",82.51,77.15,101.73,38.02,288388.25
GBTG,9.4,9,"[1, 1, 1, 1, 0, 1, 1, 1, 1, 1]",8.82,7.43,9.51,4.97,3065907.5
TDS,36.19,3,"[0, 0, 0, 0, 1, 0, 0, 1, 1, 0]",41.03,41.32,47.5,35.29,1159505.0
NOVT,161.72,9,"[1, 1, 1, 1, 1, 1, 1, 1, 1, 0]",151.0,128.87,168.59,99.22,621292.55
MARA,12.4,4,"[0, 1, 0, 1, 0, 0, 1, 0, 1, 0]",13.21,12.46,22.84,6.73,42823068.15
ACHR,4.98,1,"[0, 0, 0, 0, 0, 0, 0, 0, 1, 0]",5.82,7.56,13.64,4.68,43335835.5
PSMT,197.9,10,"[1, 1, 1, 1, 1, 1, 1, 1, 1, 1]",170.78,143.43,197.9,100.98,342812.8
SYNA,119.52,8,"[0, 1, 1, 1, 1, 1, 1, 1, 1, 0]",123.39,87.37,147.57,58.52,1432980.8
OPEN,4.9,4,"[1, 0, 0, 0, 0, 0, 1, 0, 1, 1]",4.8,5.99,10.52,0.61,54070828.8
PBF,47.81,10,"[1, 1, 1, 1, 1, 1, 1, 1, 1, 1]",41.69,36.39,50.89,20.96,2631581.2
INDV,39.8,10,"[1, 1, 1, 1, 1, 1, 1, 1, 1, 1]",37.73,32.77,41.83,15.14,1920419.25
ENPH,43.07,7,"[0, 1, 1, 1, 1, 1, 1, 0, 1, 0]",49.05,39.68,72.33,26.12,7636782.25
KC,9.1,2,"[0, 0, 0, 1, 0, 0, 0, 0, 1, 0]",13.1,13.19,18.21,8.58,1354736.2
MIAX,40.84,5,"[0, 0, 0, 1, 0, 1, 1, 0, 1, 1]",45.11,43.29,56.84,30.74,3011335.5
TGS,28.4,5,"[0, 0, 0, 0, 1, 1, 1, 1, 1, 0]",30.36,29.51,35.32,20.12,322313.2
DNTH,94.34,10,"[1, 1, 1, 1, 1, 1, 1, 1, 1, 1]",86.79,60.15,97.48,18.25,1579553.2
SPHR,163.79,10,"[1, 1, 1, 1, 1, 1, 1, 1, 1, 1]",143.39,104.47,173.03,38.7,758588.05
MDU,20.71,9,"[0, 1, 1, 1, 1, 1, 1, 1, 1, 1]",21.6,20.18,22.65,15.53,1636309.45
EBC,22.36,10,"[1, 1, 1, 1, 1, 1, 1, 1, 1, 1]",20.23,19.21,22.63,14.6,5200567.95
HRB,40.04,7,"[1, 1, 1, 1, 0, 0, 1, 0, 1, 1]",35.72,38.69,54.4,27.66,2195915.4
NAVN,25.67,7,"[1, 1, 0, 1, 0, 0, 1, 1, 1, 1]",19.9,25.67,25.67,8.51,6026994.6
AIR,140.11,10,"[1, 1, 1, 1, 1, 1, 1, 1, 1, 1]",118.74,101.73,143.14,70.6,512911.15
VSH,45.92,7,"[0, 1, 1, 1, 1, 1, 1, 0, 1, 0]",46.32,24.28,64.9,11.65,9429812.7
PI,141.58,6,"[1, 1, 0, 1, 0, 0, 1, 0, 1, 1]",137.66,149.7,241.91,91.34,425379.85
MEOH,45.47,5,"[0, 0, 0, 1, 1, 1, 1, 0, 1, 0]",58.24,47.83,65.5,31.93,887170.2
NTSK,11.71,4,"[1, 0, 0, 0, 1, 0, 1, 0, 1, 0]",10.49,11.71,25.79,7.73,7932378.5
QS,7.07,1,"[0, 0, 0, 0, 0, 0, 0, 0, 1, 0]",7.74,10.02,18.44,5.96,23370617.1
CVLT,149.98,8,"[1, 1, 1, 1, 0, 0, 1, 1, 1, 1]",114.81,119.22,195.41,75.18,934784.15
CSTM,29.49,8,"[0, 1, 1, 1, 1, 1, 1, 1, 1, 0]",33.07,23.71,36.15,13.08,1971221.35
LAUR,38.2,10,"[1, 1, 1, 1, 1, 1, 1, 1, 1, 1]",33.92,32.84,38.2,22.6,1487815.35
PAM,80.58,5,"[0, 0, 0, 0, 1, 1, 1, 1, 1, 0]",82.59,81.12,92.27,56.55,203776.55
PAGP,24.43,9,"[1, 1, 1, 1, 1, 1, 1, 1, 1, 0]",24.11,20.63,25.95,15.88,1404057.3
CVSA,129.88,8,"[1, 1, 1, 1, 0, 0, 1, 1, 1, 1]",122.17,115.82,154.45,89.36,337178.0
ATMU,49.71,6,"[0, 0, 0, 0, 1, 1, 1, 1, 1, 1]",52.04,53.26,65.5,36.98,964765.7
FTDR,78.5,9,"[1, 1, 1, 1, 0, 1, 1, 1, 1, 1]",66.15,61.32,78.5,49.1,712554.65
MMYT,58.27,5,"[1, 1, 0, 0, 0, 0, 1, 0, 1, 1]",46.5,63.95,103.21,36.3,1331580.85
INSW,82.4,10,"[1, 1, 1, 1, 1, 1, 1, 1, 1, 1]",79.42,59.46,89.98,33.94,654360.4
HCC,80.83,5,"[0, 0, 0, 1, 1, 1, 1, 0, 1, 0]",90.27,83.71,110.28,48.76,772105.85
NAMS,34.83,8,"[1, 1, 1, 0, 0, 1, 1, 1, 1, 1]",32.73,33.61,41.45,19.46,1194005.85
KNSA,64.53,10,"[1, 1, 1, 1, 1, 1, 1, 1, 1, 1]",53.83,45.07,64.53,26.33,985273.05
SHC,17.93,9,"[1, 1, 1, 0, 1, 1, 1, 1, 1, 1]",15.91,16.29,19.35,11.01,2678142.55
TBBB,42.07,10,"[1, 1, 1, 1, 1, 1, 1, 1, 1, 1]",38.66,33.93,42.54,24.12,657658.8
HRI,134.91,7,"[0, 0, 1, 0, 1, 1, 1, 1, 1, 1]",136.62,134.35,179.36,90.58,644394.25
NWE,71.32,10,"[1, 1, 1, 1, 1, 1, 1, 1, 1, 1]",70.49,65.57,73.42,49.51,634528.4
FLNC,17.0,5,"[0, 0, 0, 1, 1, 1, 1, 0, 1, 0]",19.96,18.64,32.23,6.75,10961414.45
LGND,319.55,10,"[1, 1, 1, 1, 1, 1, 1, 1, 1, 1]",244.59,207.36,319.55,113.76,540859.85
IPGP,105.27,6,"[0, 0, 1, 1, 1, 1, 1, 0, 1, 0]",112.98,100.38,153.91,71.35,419854.8
CBT,86.35,10,"[1, 1, 1, 1, 1, 1, 1, 1, 1, 1]",83.65,73.17,93.4,57.64,685646.15
GTLB,32.07,5,"[1, 1, 0, 0, 0, 0, 1, 0, 1, 1]",26.73,33.61,51.04,19.42,5392239.35
BCO,101.5,3,"[0, 0, 0, 0, 0, 0, 0, 1, 1, 1]",103.01,112.45,135.25,84.62,508849.9
HAFN,7.02,8,"[0, 1, 1, 1, 1, 1, 1, 1, 1, 0]",7.85,6.42,9.11,4.5,2103229.35
WIX,49.35,1,"[0, 0, 0, 0, 0, 0, 0, 0, 1, 0]",57.96,93.74,184.24,40.43,1625839.65
AZZ,150.01,10,"[1, 1, 1, 1, 1, 1, 1, 1, 1, 1]",144.88,123.19,160.17,97.34,333423.2
ONDS,7.41,4,"[0, 0, 0, 0, 1, 1, 1, 0, 1, 0]",9.82,9.42,14.01,1.75,63266185.65
UNF,273.56,10,"[1, 1, 1, 1, 1, 1, 1, 1, 1, 1]",262.06,216.79,275.65,149.3,261776.35
IRDM,53.75,10,"[1, 1, 1, 1, 1, 1, 1, 1, 1, 1]",44.88,27.11,55.72,15.57,3645968.65
STNG,73.01,8,"[0, 1, 1, 1, 1, 1, 1, 1, 1, 0]",78.49,66.32,86.1,40.86,880854.05
