ticker,price,score,points,sma50,sma200,wk52_high,wk52_low,volume
NVDA,219.74,10,"[1, 1, 1, 1, 1, 1, 1, 1, 1, 1]",206.94,194.93,235.47,164.98,120286883.3
GOOGL,344.2,8,"[0, 1, 1, 1, 1, 1, 1, 1, 1, 0]",352.84,331.84,402.38,198.75,30766560.0
GOOG,341.28,8,"[0, 1, 1, 1, 1, 1, 1, 1, 1, 0]",351.26,330.93,398.8,199.62,20431903.35
AAPL,310.03,9,"[1, 1, 1, 1, 1, 1, 1, 1, 1, 0]",308.9,280.38,339.79,224.07,52108108.6
AMZN,259.45,10,"[1, 1, 1, 1, 1, 1, 1, 1, 1, 1]",248.59,238.01,284.02,198.79,48728644.0
AVGO,380.0,8,"[0, 1, 1, 1, 1, 1, 1, 1, 1, 0]",389.71,368.33,480.81,287.49,18660357.45
TSM,413.41,8,"[0, 1, 1, 1, 1, 1, 1, 1, 1, 0]",424.79,363.53,477.57,224.84,12417464.65
TSLA,336.87,1,"[0, 0, 0, 0, 0, 0, 0, 0, 1, 0]",368.42,404.85,489.88,298.32,39156947.65
WMT,115.2,6,"[1, 0, 0, 0, 1, 1, 0, 1, 1, 1]",114.35,118.15,134.2,95.48,21321227.55
LLY,1225.73,10,"[1, 1, 1, 1, 1, 1, 1, 1, 1, 1]",1171.01,1043.78,1233.79,690.97,2609271.55
MU,940.76,8,"[0, 1, 1, 1, 1, 1, 1, 1, 1, 0]",962.51,559.97,1213.37,115.6,41127802.3
AMD,484.39,8,"[0, 1, 1, 1, 1, 1, 1, 1, 1, 0]",510.42,326.67,580.91,151.14,28057381.4
INTC,96.68,7,"[0, 1, 1, 1, 1, 1, 1, 0, 1, 0]",109.19,70.73,140.94,23.5,120030868.2
XOM,165.56,9,"[1, 1, 1, 0, 1, 1, 1, 1, 1, 1]",147.16,139.93,169.22,104.39,14277958.7
ASML,1802.98,10,"[1, 1, 1, 1, 1, 1, 1, 1, 1, 1]",1779.85,1432.34,1986.87,721.1,1564467.3
ORCL,142.79,2,"[0, 0, 0, 0, 0, 0, 0, 0, 1, 1]",148.9,173.78,324.63,114.99,30837152.45
JNJ,271.11,10,"[1, 1, 1, 1, 1, 1, 1, 1, 1, 1]",252.76,229.13,271.11,171.16,7035309.95
CAT,840.87,8,"[0, 1, 1, 1, 1, 1, 1, 1, 1, 0]",909.1,755.14,1062.93,411.42,2989714.85
CSCO,111.61,8,"[0, 1, 1, 1, 1, 1, 1, 1, 1, 0]",116.72,91.79,129.52,65.18,22806097.4
LRCX,327.92,9,"[0, 1, 1, 1, 1, 1, 1, 1, 1, 1]",338.08,251.08,433.33,96.5,10587140.6
CVX,205.74,9,"[1, 1, 1, 0, 1, 1, 1, 1, 1, 1]",184.65,176.08,209.23,144.01,7869557.8
AMAT,514.33,7,"[0, 1, 1, 1, 1, 1, 1, 0, 1, 0]",560.78,391.16,723.0,155.56,7918640.65
UNH,393.93,8,"[0, 1, 1, 1, 1, 1, 1, 1, 1, 0]",414.83,344.49,436.35,257.55,4230620.45
BABA,128.15,4,"[1, 0, 0, 0, 0, 0, 1, 0, 1, 1]",113.82,137.42,187.62,94.81,9186749.6
GE,375.09,10,"[1, 1, 1, 1, 1, 1, 1, 1, 1, 1]",358.05,318.45,381.22,264.59,3404163.7
HSBC,103.18,10,"[1, 1, 1, 1, 1, 1, 1, 1, 1, 1]",98.64,85.43,107.34,61.03,1276885.3
MS,217.55,10,"[1, 1, 1, 1, 1, 1, 1, 1, 1, 1]",215.81,185.89,227.3,140.85,4652303.25
AZN,160.1,3,"[0, 0, 0, 0, 1, 0, 0, 1, 1, 0]",173.83,183.5,208.62,145.54,4191874.25
GEV,1004.53,8,"[0, 1, 1, 1, 1, 1, 1, 1, 1, 0]",1031.21,861.59,1174.86,546.95,2504796.55
GS,1040.47,8,"[0, 1, 1, 1, 1, 1, 1, 1, 1, 0]",1053.69,927.74,1152.07,701.82,1848468.5
MRK,135.17,10,"[1, 1, 1, 1, 1, 1, 1, 1, 1, 1]",126.0,113.21,135.97,75.83,8289342.9
NVS,154.55,10,"[1, 1, 1, 1, 1, 1, 1, 1, 1, 1]",153.69,145.84,163.64,118.2,1551921.95
TXN,272.24,8,"[0, 1, 1, 1, 1, 1, 1, 1, 1, 0]",290.32,230.81,330.59,150.79,7601198.9
RY,212.99,10,"[1, 1, 1, 1, 1, 1, 1, 1, 1, 1]",207.07,176.57,216.57,134.47,1279500.55
KLAC,194.79,6,"[0, 1, 1, 1, 1, 1, 0, 0, 1, 0]",221.45,167.17,,,11769184.85
RTX,225.49,10,"[1, 1, 1, 1, 1, 1, 1, 1, 1, 1]",200.64,189.54,225.49,149.53,5224030.1
SNDK,1625.78,8,"[0, 1, 1, 1, 1, 1, 1, 0, 1, 1]",1657.5,918.4,2335.0,44.4,17303830.0
QCOM,160.19,2,"[0, 0, 0, 1, 0, 0, 0, 0, 1, 0]",181.15,167.51,250.1,123.61,11369946.0
ARM,253.32,7,"[0, 1, 1, 1, 1, 1, 1, 0, 1, 0]",307.07,195.94,439.46,104.55,5326432.8
C,137.65,10,"[1, 1, 1, 1, 1, 1, 1, 1, 1, 1]",136.7,119.99,144.93,90.67,9370347.65
BHP,89.09,10,"[1, 1, 1, 1, 1, 1, 1, 1, 1, 1]",85.17,73.04,93.15,51.13,2555380.35
ADI,376.63,8,"[0, 1, 1, 1, 1, 1, 1, 1, 1, 0]",390.3,338.56,445.48,223.1,3832507.0
NVO,45.71,4,"[0, 1, 1, 1, 0, 0, 0, 0, 1, 0]",46.73,45.02,,,13537262.9
MUFG,22.72,10,"[1, 1, 1, 1, 1, 1, 1, 1, 1, 1]",21.51,18.39,23.1,14.62,3048676.3
TTE,89.29,10,"[1, 1, 1, 1, 1, 1, 1, 1, 1, 1]",83.29,78.23,93.6,55.92,1425671.0
NEE,86.22,4,"[0, 0, 0, 0, 1, 1, 0, 1, 1, 0]",87.14,87.04,97.17,68.33,10540567.65
BA,223.06,7,"[1, 0, 1, 0, 1, 1, 0, 1, 1, 1]",221.63,219.29,252.15,179.12,5729219.95
TD,121.97,9,"[1, 1, 1, 1, 1, 1, 1, 1, 1, 0]",119.54,100.77,124.8,71.8,2109974.2
SAN,14.24,10,"[1, 1, 1, 1, 1, 1, 1, 1, 1, 1]",13.77,12.13,14.82,9.26,15071705.0
RIO,96.69,10,"[1, 1, 1, 1, 1, 1, 1, 1, 1, 1]",94.85,87.93,109.63,57.68,2478406.4
ANET,193.18,10,"[1, 1, 1, 1, 1, 1, 1, 1, 1, 1]",175.39,148.64,210.5,116.13,7873826.95
STX,903.68,10,"[1, 1, 1, 1, 1, 1, 1, 1, 1, 1]",891.41,556.46,1093.26,153.33,5414217.35
DELL,468.65,10,"[1, 1, 1, 1, 1, 1, 1, 1, 1, 1]",424.38,232.2,494.51,110.54,5876957.0
PANW,374.14,10,"[1, 1, 1, 1, 1, 1, 1, 1, 1, 1]",330.3,223.95,396.0,141.67,5741324.75
WDC,496.16,7,"[0, 1, 1, 1, 1, 1, 1, 0, 1, 0]",551.31,353.44,746.23,74.46,8493236.0
GILD,143.44,9,"[1, 1, 1, 0, 1, 1, 1, 1, 1, 1]",130.58,131.54,153.91,108.5,6587283.8
GLW,159.9,7,"[0, 1, 1, 1, 1, 1, 1, 0, 1, 0]",175.63,139.47,255.69,63.82,13718621.5
BUD,77.43,8,"[0, 1, 1, 1, 1, 1, 1, 1, 1, 0]",81.65,73.07,86.48,57.08,1921480.95
APP,307.26,1,"[0, 0, 0, 0, 0, 0, 0, 0, 1, 0]",440.3,505.0,733.6,303.76,7515538.3
APH,159.57,9,"[0, 1, 1, 1, 1, 1, 1, 1, 1, 1]",160.49,144.04,176.32,107.91,6741673.1
DE,588.72,8,"[0, 1, 1, 1, 1, 1, 1, 1, 1, 0]",601.49,552.49,658.85,435.19,1029327.7
SCCO,187.8,4,"[0, 0, 0, 0, 0, 0, 1, 1, 1, 1]",,,215.57,89.82,1048263.7
WELL,235.44,9,"[1, 1, 1, 1, 1, 1, 1, 1, 1, 0]",229.36,206.13,251.12,161.2,3138277.95
MRVL,216.0,8,"[0, 1, 1, 1, 1, 1, 1, 0, 1, 1]",235.48,142.74,316.35,62.18,21821354.85
IBKR,90.56,8,"[0, 1, 1, 1, 1, 1, 1, 1, 1, 0]",91.5,77.25,97.41,59.96,4725372.65
COP,129.72,7,"[1, 1, 1, 0, 1, 1, 0, 0, 1, 1]",114.08,108.29,,,6550305.4
PLD,140.02,8,"[0, 1, 1, 1, 1, 1, 1, 1, 1, 0]",142.8,134.62,150.06,104.99,5077203.2
UBS,52.97,10,"[1, 1, 1, 1, 1, 1, 1, 1, 1, 1]",51.58,44.3,55.07,35.49,1693682.5
SMFG,25.81,9,"[1, 1, 1, 1, 1, 1, 1, 1, 1, 0]",25.09,21.51,26.5,15.2,1590057.95
CRWD,212.92,10,"[1, 1, 1, 1, 1, 1, 1, 1, 1, 1]",191.22,137.91,225.53,87.56,7324048.45
VRT,272.54,6,"[0, 0, 1, 1, 1, 1, 1, 0, 1, 0]",295.55,252.06,376.15,121.69,6249407.25
BTI,56.38,5,"[0, 0, 0, 1, 1, 1, 0, 1, 1, 0]",59.9,57.74,65.79,48.34,4041673.2
BBVA,28.79,10,"[1, 1, 1, 1, 1, 1, 1, 1, 1, 1]",25.87,22.97,28.8,17.1,1781432.05
NEM,115.98,9,"[1, 1, 1, 0, 1, 1, 1, 1, 1, 1]",99.66,105.37,131.38,66.67,7161810.75
PBR,18.18,8,"[1, 1, 1, 0, 1, 1, 1, 1, 1, 0]",17.7,16.5,21.86,11.39,14987033.8
PBR-A,16.37,8,"[1, 1, 1, 0, 1, 1, 1, 1, 1, 0]",15.82,15.08,19.73,10.67,6834537.0
SBUX,106.01,10,"[1, 1, 1, 1, 1, 1, 1, 1, 1, 1]",103.4,95.04,107.93,76.51,7619668.0
CVS,94.91,8,"[0, 1, 1, 1, 1, 1, 1, 1, 1, 0]",101.85,84.46,109.92,68.1,8181298.85
BMY,66.05,10,"[1, 1, 1, 1, 1, 1, 1, 1, 1, 1]",59.71,55.89,66.05,41.21,12044999.45
BP,43.41,9,"[1, 1, 1, 0, 1, 1, 1, 1, 1, 1]",40.75,39.31,46.52,31.17,8032063.05
PWR,696.15,10,"[1, 1, 1, 1, 1, 1, 1, 1, 1, 1]",672.87,575.97,785.12,372.18,1173694.75
PH,1041.85,10,"[1, 1, 1, 1, 1, 1, 1, 1, 1, 1]",974.78,922.54,1073.87,712.17,642816.1
HWM,292.65,10,"[1, 1, 1, 1, 1, 1, 1, 1, 1, 1]",276.55,241.5,292.65,170.64,2173858.2
BMO,182.57,10,"[1, 1, 1, 1, 1, 1, 1, 1, 1, 1]",175.99,147.23,185.81,110.86,714735.3
EQIX,1085.09,10,"[1, 1, 1, 1, 1, 1, 1, 1, 1, 1]",1051.47,940.49,1115.94,718.6,617580.0
MFG,10.65,10,"[1, 1, 1, 1, 1, 1, 1, 1, 1, 1]",10.14,8.59,10.99,6.09,3663596.0
TT,463.37,7,"[0, 1, 1, 1, 1, 1, 0, 1, 1, 0]",474.46,441.99,503.46,374.67,1145015.75
CM,121.64,10,"[1, 1, 1, 1, 1, 1, 1, 1, 1, 1]",116.51,101.32,123.74,71.53,865518.4
CDNS,316.52,4,"[0, 0, 0, 1, 1, 0, 0, 1, 1, 0]",358.3,327.39,416.39,265.66,2379728.6
GSK,51.15,7,"[0, 0, 1, 0, 1, 1, 1, 1, 1, 1]",51.35,51.08,59.6,37.63,4137644.5
SNPS,404.41,3,"[0, 0, 0, 0, 1, 0, 0, 0, 1, 1]",424.13,446.83,612.79,372.33,1708668.1
AEM,186.94,6,"[1, 0, 1, 0, 1, 0, 1, 0, 1, 1]",157.78,183.09,251.57,129.02,2969651.5
HCA,411.73,4,"[1, 0, 0, 0, 0, 0, 0, 1, 1, 1]",392.84,455.5,543.23,360.6,1421222.75
BNS,90.13,10,"[1, 1, 1, 1, 1, 1, 1, 1, 1, 1]",86.8,76.16,91.54,56.09,2035082.25
CMI,620.81,7,"[0, 0, 1, 1, 1, 1, 1, 1, 1, 0]",663.25,590.6,727.59,387.92,958777.1
MAR,357.33,8,"[0, 1, 1, 1, 1, 1, 1, 1, 1, 0]",373.07,339.56,402.54,257.42,1754113.35
CNQ,49.59,10,"[1, 1, 1, 1, 1, 1, 1, 1, 1, 1]",43.94,40.84,49.59,28.74,6523241.1
EQNR,41.84,10,"[1, 1, 1, 1, 1, 1, 1, 1, 1, 1]",36.33,31.62,41.84,21.68,3396457.3
ITUB,7.27,4,"[0, 0, 0, 0, 1, 1, 0, 1, 1, 0]",8.05,7.9,9.38,5.91,20777282.95
FDX,328.38,10,"[1, 1, 1, 1, 1, 1, 1, 1, 1, 1]",319.52,282.52,339.35,177.19,1524410.65
FCX,66.32,10,"[1, 1, 1, 1, 1, 1, 1, 1, 1, 1]",64.06,58.47,71.55,34.96,12721406.85
USB,64.79,10,"[1, 1, 1, 1, 1, 1, 1, 1, 1, 1]",61.46,54.78,65.42,44.01,6696878.1
JCI,149.68,10,"[1, 1, 1, 1, 1, 1, 1, 1, 1, 1]",145.16,132.74,154.76,103.91,3504232.95
ING,35.49,10,"[1, 1, 1, 1, 1, 1, 1, 1, 1, 1]",32.43,28.35,35.7,22.65,2272892.95
FTNT,158.01,9,"[1, 1, 1, 1, 1, 1, 1, 1, 1, 0]",155.31,105.19,168.29,75.23,5369536.8
MNST,47.38,4,"[0, 0, 0, 1, 1, 1, 0, 0, 1, 0]",89.02,80.49,99.94,45.52,6945263.65
CSX,50.24,10,"[1, 1, 1, 1, 1, 1, 1, 1, 1, 1]",49.14,42.02,53.23,31.73,12833152.3
AMX,23.63,5,"[0, 0, 0, 1, 1, 1, 0, 1, 1, 0]",25.39,23.89,27.42,18.79,2585305.25
ELV,398.27,10,"[1, 1, 1, 1, 1, 1, 1, 1, 1, 1]",395.71,351.78,426.79,277.89,1011369.85
BCS,27.37,9,"[1, 1, 1, 1, 1, 1, 1, 1, 1, 0]",26.91,24.2,28.24,18.92,4252956.2
SLB,53.21,9,"[1, 1, 1, 0, 1, 1, 1, 1, 1, 1]",49.8,47.51,58.01,31.12,11686911.5
MPWR,1333.18,8,"[0, 1, 1, 1, 1, 1, 1, 1, 1, 0]",1391.67,1227.96,1687.32,815.04,844999.9
LYG,6.06,10,"[1, 1, 1, 1, 1, 1, 1, 1, 1, 1]",5.84,5.32,6.21,4.11,14012991.85
E,55.93,10,"[1, 1, 1, 1, 1, 1, 1, 1, 1, 1]",51.23,46.29,56.97,33.26,408911.0
CIEN,405.54,6,"[0, 0, 1, 1, 1, 1, 1, 0, 1, 0]",424.61,365.59,627.0,86.64,2231521.35
APO,133.85,7,"[1, 1, 1, 1, 0, 1, 0, 0, 1, 1]",127.1,126.93,,,3881608.25
CRH,93.25,1,"[0, 0, 0, 0, 0, 0, 0, 0, 1, 0]",103.17,112.04,129.92,93.25,4681372.8
SU,67.68,10,"[1, 1, 1, 1, 1, 1, 1, 1, 1, 1]",60.92,56.03,69.27,37.63,4601168.75
REGN,810.24,6,"[1, 1, 1, 0, 0, 1, 0, 0, 1, 1]",678.71,719.5,,,797067.5
NXPI,228.56,4,"[0, 0, 0, 1, 1, 1, 0, 0, 1, 0]",270.35,241.02,331.55,181.81,4505426.1
BE,209.01,6,"[0, 0, 1, 1, 1, 1, 1, 0, 1, 0]",244.97,185.53,345.85,43.1,17069271.55
ROST,236.38,10,"[1, 1, 1, 1, 1, 1, 1, 1, 1, 1]",234.18,207.4,255.23,143.75,2200580.85
B,42.09,9,"[1, 1, 1, 0, 1, 1, 1, 1, 1, 1]",38.39,41.5,52.32,23.43,10291321.85
HLT,327.74,8,"[0, 1, 1, 1, 1, 1, 0, 1, 1, 1]",330.49,309.02,350.22,256.36,2105860.4
ASX,36.41,8,"[0, 1, 1, 1, 1, 1, 1, 1, 1, 0]",38.73,26.47,44.67,9.53,8667420.4
NOK,10.39,7,"[0, 1, 1, 1, 1, 1, 1, 0, 1, 0]",11.55,9.4,16.85,4.21,90996627.75
VLO,350.05,10,"[1, 1, 1, 1, 1, 1, 1, 1, 1, 1]",286.99,226.15,350.05,135.07,2600344.3
MPC,366.21,10,"[1, 1, 1, 1, 1, 1, 1, 1, 1, 1]",291.68,229.3,366.21,161.2,2366344.5
GM,83.71,10,"[1, 1, 1, 1, 1, 1, 1, 1, 1, 1]",81.9,78.56,90.3,54.99,6312751.75
AEP,126.35,6,"[0, 0, 1, 1, 1, 1, 0, 1, 1, 0]",130.1,124.84,137.64,103.24,3813755.1
DDOG,246.0,8,"[0, 1, 1, 1, 1, 1, 1, 1, 1, 0]",249.12,173.17,288.15,102.61,5322257.4
LITE,873.31,10,"[1, 1, 1, 1, 1, 1, 1, 1, 1, 1]",814.35,642.76,1053.09,115.89,5321679.55
VALE,13.68,5,"[0, 0, 0, 0, 1, 1, 1, 1, 1, 0]",14.39,14.49,17.33,8.97,22752207.5
NSC,338.91,9,"[1, 1, 1, 1, 1, 1, 0, 1, 1, 1]",324.91,302.64,349.28,267.63,1274767.9
HOOD,91.53,4,"[0, 1, 0, 1, 0, 0, 1, 0, 1, 0]",99.43,96.75,152.46,65.16,17203591.25
NET,301.36,10,"[1, 1, 1, 1, 1, 1, 1, 1, 1, 1]",264.81,218.5,330.83,160.19,3975519.35
PSX,243.49,10,"[1, 1, 1, 1, 1, 1, 1, 1, 1, 1]",195.6,164.14,243.49,119.29,2684094.0
FIX,1739.08,8,"[0, 1, 1, 1, 1, 1, 1, 1, 1, 0]",1790.87,1448.5,2065.44,679.69,484270.85
DLR,195.25,10,"[1, 1, 1, 1, 1, 1, 1, 1, 1, 1]",186.3,175.79,202.56,145.96,2651528.3
WBD,28.48,9,"[1, 1, 1, 0, 1, 1, 1, 1, 1, 1]",26.61,26.9,29.98,11.54,22240227.85
TRP,64.02,8,"[0, 1, 1, 1, 1, 1, 1, 1, 1, 0]",67.22,61.08,70.59,48.85,2309975.25
MFC,44.03,10,"[1, 1, 1, 1, 1, 1, 1, 1, 1, 1]",41.92,37.26,44.77,29.49,2401269.7
SPG,220.61,8,"[0, 1, 1, 1, 1, 1, 1, 1, 1, 0]",222.4,196.73,236.7,165.56,1334520.8
COHR,306.43,7,"[0, 1, 1, 1, 1, 1, 1, 0, 1, 0]",334.49,267.48,426.89,86.55,7342655.8
MSTR,92.52,1,"[0, 0, 0, 0, 0, 0, 0, 0, 1, 0]",100.25,146.22,359.69,82.31,15892179.4
BKR,64.44,9,"[1, 1, 1, 0, 1, 1, 1, 1, 1, 1]",59.23,57.13,69.18,42.19,8437853.35
WPM,132.7,9,"[1, 1, 1, 0, 1, 1, 1, 1, 1, 1]",116.56,125.64,165.21,90.74,1889458.95
CRWV,93.17,6,"[1, 0, 1, 0, 1, 0, 1, 0, 1, 1]",90.47,92.57,143.08,60.82,33239035.95
KEYS,341.0,10,"[1, 1, 1, 1, 1, 1, 1, 1, 1, 1]",334.55,277.15,373.34,158.51,1197428.85
CVNA,65.0,1,"[0, 0, 0, 0, 0, 0, 0, 0, 1, 0]",67.22,72.37,95.69,56.26,10748246.35
RKLB,79.16,6,"[0, 0, 1, 0, 1, 1, 1, 0, 1, 1]",84.16,78.55,150.23,39.48,19094997.2
TEL,204.97,3,"[0, 0, 0, 0, 0, 0, 0, 1, 1, 1]",206.99,218.09,247.28,195.09,2283425.6
URI,1116.38,10,"[1, 1, 1, 1, 1, 1, 1, 1, 1, 1]",1095.0,911.19,1164.82,707.78,501071.4
GWW,1314.12,8,"[0, 1, 1, 1, 1, 1, 1, 1, 1, 0]",1341.66,1149.78,1399.3,912.82,283933.55
TGT,152.48,10,"[1, 1, 1, 1, 1, 1, 1, 1, 1, 1]",137.91,115.86,155.51,81.44,3729521.55
TER,404.29,10,"[1, 1, 1, 1, 1, 1, 1, 1, 1, 1]",385.09,304.36,483.84,109.02,3602932.75
LHX,279.54,3,"[0, 0, 0, 0, 1, 0, 0, 0, 1, 1]",292.16,314.35,375.64,267.57,1709663.65
CARR,61.42,6,"[0, 0, 1, 1, 1, 1, 0, 1, 1, 0]",67.67,60.84,75.73,49.79,6865250.7
CTVA,77.91,6,"[0, 0, 1, 1, 1, 1, 0, 1, 1, 0]",81.15,75.62,90.51,60.56,4756150.95
AU,97.95,9,"[1, 1, 1, 0, 1, 1, 1, 1, 1, 1]",84.73,90.83,124.62,49.42,2542706.1
OKE,97.07,10,"[1, 1, 1, 1, 1, 1, 1, 1, 1, 1]",89.08,81.36,97.07,61.95,3920469.3
MCHP,78.19,7,"[0, 0, 1, 1, 1, 1, 1, 1, 1, 0]",85.21,75.86,102.71,48.06,11171626.2
MCHPP,67.0,7,"[0, 0, 1, 1, 1, 1, 1, 1, 1, 0]",72.37,65.79,85.72,45.73,104089.0
CVE,32.52,10,"[1, 1, 1, 1, 1, 1, 1, 1, 1, 1]",27.69,23.49,32.52,14.69,7523882.75
AME,249.99,10,"[1, 1, 1, 1, 1, 1, 1, 1, 1, 1]",238.87,222.01,258.52,178.45,1260373.85
TRGP,297.77,4,"[0, 0, 0, 0, 0, 0, 1, 1, 1, 1]",,,297.77,143.22,1133969.55
COIN,146.23,1,"[0, 0, 0, 0, 0, 0, 0, 0, 1, 0]",157.56,200.94,387.27,141.09,7444688.25
FANG,210.02,10,"[1, 1, 1, 1, 1, 1, 1, 1, 1, 1]",190.57,174.99,211.36,131.37,1820276.65
OXY,59.8,10,"[1, 1, 1, 1, 1, 1, 1, 1, 1, 1]",54.54,50.88,65.94,38.56,8417426.6
DVN,47.83,9,"[1, 1, 1, 0, 1, 1, 1, 1, 1, 1]",43.62,42.21,51.7,31.15,10590392.55
FLEX,120.24,7,"[0, 1, 1, 1, 1, 1, 1, 0, 1, 0]",133.42,91.75,162.07,49.1,4626028.05
ABEV,2.78,6,"[0, 0, 0, 1, 1, 1, 1, 1, 1, 0]",3.06,2.87,3.42,2.1,28413996.8
NUE,264.19,10,"[1, 1, 1, 1, 1, 1, 1, 1, 1, 1]",248.47,198.4,274.74,130.57,1380515.4
STM,52.27,7,"[0, 1, 1, 1, 1, 1, 1, 0, 1, 0]",64.83,43.35,79.82,21.04,10864479.6
BIDU,90.87,1,"[0, 0, 0, 0, 0, 0, 0, 0, 1, 0]",111.23,124.79,162.52,86.76,2695325.7
ETR,108.08,7,"[0, 1, 1, 1, 1, 1, 0, 1, 1, 0]",110.99,103.64,116.66,84.72,2455183.15
CCJ,96.03,5,"[0, 0, 0, 0, 1, 1, 1, 0, 1, 1]",96.28,104.87,134.09,70.33,3126069.3
FER,63.4,4,"[0, 0, 0, 0, 1, 1, 0, 1, 1, 0]",66.01,66.49,73.66,52.6,1543739.15
ROK,433.67,6,"[0, 1, 1, 1, 1, 1, 0, 0, 1, 0]",460.84,414.26,,,894017.9
ARGX,992.99,9,"[1, 1, 1, 1, 0, 1, 1, 1, 1, 1]",884.33,832.85,992.99,656.89,316734.75
DAL,85.7,9,"[0, 1, 1, 1, 1, 1, 1, 1, 1, 1]",87.31,72.39,93.43,55.22,4960722.1
EBAY,102.27,7,"[0, 1, 1, 1, 1, 1, 0, 1, 1, 0]",110.26,96.95,118.63,78.93,4573870.75
FERG,244.47,8,"[1, 1, 1, 0, 1, 1, 0, 1, 1, 1]",236.1,239.48,266.68,208.41,4400534.1
MT,72.0,10,"[1, 1, 1, 1, 1, 1, 1, 1, 1, 1]",67.16,56.8,75.2,32.0,1387301.85
WAB,294.72,10,"[1, 1, 1, 1, 1, 1, 1, 1, 1, 1]",277.86,248.39,305.79,184.98,1156028.75
FNV,232.96,8,"[1, 0, 1, 0, 1, 1, 1, 1, 1, 1]",216.97,227.23,279.76,172.75,780485.3
FITB,57.29,9,"[1, 1, 1, 1, 1, 1, 1, 1, 1, 0]",56.23,49.53,59.37,39.38,5217224.1
XYZ,79.43,9,"[1, 1, 1, 1, 1, 1, 1, 1, 1, 0]",77.7,67.89,84.64,49.09,4938112.5
NBIS,248.43,10,"[1, 1, 1, 1, 1, 1, 1, 1, 1, 1]",222.83,147.81,286.69,64.06,26794527.95
RKT,13.99,2,"[0, 0, 0, 0, 0, 0, 0, 0, 1, 1]",14.06,16.34,23.44,12.35,28157514.25
VTR,91.2,9,"[1, 1, 1, 1, 1, 1, 1, 1, 1, 0]",89.75,83.06,100.53,65.45,3405661.75
CLS,310.59,5,"[0, 0, 0, 1, 1, 1, 1, 0, 1, 0]",346.88,330.02,472.4,181.34,3428285.7
CAH,234.98,10,"[1, 1, 1, 1, 1, 1, 1, 1, 1, 1]",230.34,212.56,240.26,144.54,2078506.2
TEVA,36.58,10,"[1, 1, 1, 1, 1, 1, 1, 1, 1, 1]",33.74,31.57,36.77,17.56,5807913.15
HPE,55.69,10,"[1, 1, 1, 1, 1, 1, 1, 1, 1, 1]",48.7,31.18,59.82,19.72,16564581.1
STT,191.87,10,"[1, 1, 1, 1, 1, 1, 1, 1, 1, 1]",178.31,143.06,193.04,107.72,1592119.6
ODFL,208.0,8,"[0, 1, 1, 1, 1, 1, 1, 1, 1, 0]",224.5,191.03,248.73,125.7,1710558.9
GFS,49.9,5,"[0, 0, 0, 1, 1, 1, 1, 0, 1, 0]",65.05,52.5,89.83,31.62,4529871.9
WDS,23.46,10,"[1, 1, 1, 1, 1, 1, 1, 1, 1, 1]",21.41,19.86,24.78,13.89,629691.9
EME,824.53,10,"[1, 1, 1, 1, 1, 1, 1, 1, 1, 1]",798.38,751.39,943.26,580.64,417339.5
ON,79.42,6,"[0, 0, 1, 1, 1, 1, 1, 0, 1, 0]",95.22,76.73,133.93,44.9,9986083.65
GFI,40.92,5,"[1, 0, 0, 0, 1, 0, 1, 0, 1, 1]",35.27,42.63,59.77,28.48,3553557.55
ERIC,10.09,5,"[0, 0, 0, 0, 1, 1, 1, 0, 1, 1]",10.66,10.77,13.74,7.44,11884480.7
KB,117.68,9,"[1, 1, 1, 1, 1, 1, 1, 1, 1, 0]",113.74,101.9,124.01,77.5,231574.1
PUK,28.08,5,"[1, 0, 0, 0, 1, 1, 0, 1, 1, 0]",27.85,29.39,33.17,24.98,1142089.55
IRM,126.67,10,"[1, 1, 1, 1, 1, 1, 1, 1, 1, 1]",124.68,107.25,133.06,77.69,1756955.8
LYV,179.84,10,"[1, 1, 1, 1, 1, 1, 1, 1, 1, 1]",178.79,157.89,188.46,125.61,2094713.1
KGC,27.12,6,"[1, 0, 0, 0, 1, 1, 1, 0, 1, 1]",24.9,28.96,37.97,18.62,7649134.7
JBL,338.62,9,"[0, 1, 1, 1, 1, 1, 1, 1, 1, 1]",346.8,284.95,385.55,192.34,1073177.85
ADM,82.45,9,"[1, 1, 1, 1, 1, 1, 1, 1, 1, 0]",79.91,69.98,87.32,54.76,4005970.7
VOD,16.13,10,"[1, 1, 1, 1, 1, 1, 1, 1, 1, 1]",14.99,14.2,16.42,10.73,4387664.7
BBD,3.04,3,"[0, 0, 0, 0, 1, 1, 0, 0, 1, 0]",3.42,3.52,4.11,2.74,29540322.4
VIK,98.29,9,"[0, 1, 1, 1, 1, 1, 1, 1, 1, 1]",99.66,80.04,108.26,57.08,2343118.7
UMC,18.48,7,"[0, 1, 1, 1, 1, 1, 1, 0, 1, 0]",21.74,13.31,27.53,6.47,13766308.95
ONC,369.15,8,"[1, 1, 1, 0, 0, 1, 1, 1, 1, 1]",307.75,315.86,377.47,260.27,411843.35
LVS,45.47,2,"[0, 0, 0, 0, 0, 0, 0, 0, 1, 1]",46.84,54.74,68.29,44.5,5508446.95
IX,39.14,8,"[0, 1, 1, 1, 1, 1, 1, 1, 1, 0]",39.56,33.33,41.31,24.22,227089.1
CRDO,245.97,10,"[1, 1, 1, 1, 1, 1, 1, 1, 1, 1]",241.48,172.06,302.52,87.81,5179591.95
ALAB,303.44,7,"[0, 1, 1, 1, 1, 1, 1, 0, 1, 0]",354.01,217.21,483.02,100.27,4753079.95
STLD,249.81,10,"[1, 1, 1, 1, 1, 1, 1, 1, 1, 1]",249.26,204.37,282.12,123.97,1058444.35
HAL,34.66,8,"[1, 0, 1, 0, 1, 1, 1, 1, 1, 1]",34.46,34.05,42.8,20.62,10851659.25
HUM,382.0,9,"[1, 1, 1, 1, 1, 1, 1, 1, 1, 0]",381.95,269.78,409.42,162.46,1365496.8
MTZ,280.13,5,"[0, 0, 0, 1, 1, 1, 1, 0, 1, 0]",341.71,301.2,437.51,172.51,1591571.2
UAL,118.72,9,"[0, 1, 1, 1, 1, 1, 1, 1, 1, 1]",122.83,107.11,136.11,85.21,3407589.85
ZM,104.71,10,"[1, 1, 1, 1, 1, 1, 1, 1, 1, 1]",93.28,89.36,111.88,72.16,3039639.1
TS,52.95,7,"[0, 0, 1, 1, 1, 1, 1, 1, 1, 0]",56.94,50.9,64.02,33.04,1494265.7
CASY,855.0,3,"[0, 0, 0, 0, 0, 0, 1, 1, 1, 0]",,,915.59,492.8,281360.7
TECK,63.91,10,"[1, 1, 1, 1, 1, 1, 1, 1, 1, 1]",61.6,54.56,70.46,31.1,3012569.95
SYM,40.46,1,"[0, 0, 0, 0, 0, 0, 0, 0, 1, 0]",42.1,54.42,87.3,38.57,1730227.9
EL,84.27,3,"[1, 0, 0, 0, 0, 0, 0, 0, 1, 1]",84.18,91.12,118.78,66.97,2341364.1
SHG,74.86,10,"[1, 1, 1, 1, 1, 1, 1, 1, 1, 1]",69.67,62.76,75.92,46.81,214730.95
Q,133.58,7,"[0, 1, 1, 1, 1, 0, 1, 1, 1, 0]",144.48,119.11,175.64,73.4,1822148.0
TWLO,232.1,10,"[1, 1, 1, 1, 1, 1, 1, 1, 1, 1]",207.71,156.25,255.95,100.09,2550022.65
RVMD,216.0,10,"[1, 1, 1, 1, 1, 1, 1, 1, 1, 1]",183.13,124.37,216.0,35.67,1672087.4
RDDT,158.25,2,"[0, 0, 0, 1, 0, 0, 0, 0, 1, 0]",174.33,177.36,270.71,121.84,8892830.85
IQV,240.03,9,"[1, 1, 1, 1, 0, 1, 1, 1, 1, 1]",208.7,198.93,247.56,156.66,1516834.4
NTRS,190.58,10,"[1, 1, 1, 1, 1, 1, 1, 1, 1, 1]",180.52,153.83,191.47,120.74,1149697.9
DOV,203.06,4,"[0, 0, 0, 0, 1, 1, 0, 1, 1, 0]",213.52,208.3,232.21,159.95,1237379.95
RPRX,59.69,10,"[1, 1, 1, 1, 1, 1, 1, 1, 1, 1]",56.77,47.32,59.73,34.24,2740478.65
ASTS,67.07,4,"[0, 0, 0, 0, 1, 0, 1, 0, 1, 1]",71.9,81.79,133.09,36.91,11968299.15
BIIB,212.55,10,"[1, 1, 1, 1, 1, 1, 1, 1, 1, 1]",203.94,187.0,216.63,132.22,966504.1
VG,14.2,10,"[1, 1, 1, 1, 1, 1, 1, 1, 1, 1]",12.66,10.95,17.51,5.9,15088913.1
EXPE,321.42,9,"[1, 1, 1, 1, 0, 1, 1, 1, 1, 1]",273.15,252.96,332.69,187.7,1626766.8
CRCL,71.73,4,"[1, 0, 0, 0, 0, 0, 1, 0, 1, 1]",69.32,85.83,150.48,50.23,10824544.15
ARES,140.31,8,"[1, 1, 1, 1, 0, 0, 1, 1, 1, 1]",127.51,131.98,178.13,94.25,2459386.8
FTI,78.29,10,"[1, 1, 1, 1, 1, 1, 1, 1, 1, 1]",70.47,61.59,79.81,34.67,3421320.2
FTAI,211.5,5,"[0, 0, 0, 0, 1, 1, 1, 0, 1, 1]",230.73,231.33,308.31,139.32,1757334.5
CNC,65.22,9,"[1, 1, 1, 1, 1, 1, 1, 1, 1, 0]",64.91,48.26,68.72,28.38,5039425.25
NTRA,311.69,10,"[1, 1, 1, 1, 1, 1, 1, 1, 1, 1]",266.07,227.37,322.1,160.12,1330366.5
NVT,164.63,10,"[1, 1, 1, 1, 1, 1, 1, 1, 1, 1]",161.69,131.78,184.1,87.43,2212470.25
MTSI,292.88,8,"[0, 1, 1, 1, 1, 1, 1, 0, 1, 1]",316.93,256.73,409.68,121.0,1511605.65
TPL,365.36,4,"[0, 0, 0, 0, 1, 1, 1, 0, 1, 0]",388.19,387.83,538.97,272.83,368472.35
TPR,132.26,6,"[0, 0, 0, 1, 1, 1, 1, 1, 1, 0]",145.95,136.45,164.78,96.67,2888799.2
CFG,73.46,10,"[1, 1, 1, 1, 1, 1, 1, 1, 1, 1]",70.45,62.03,74.73,46.98,3347396.3
CW,695.67,7,"[0, 0, 1, 1, 1, 1, 1, 1, 1, 0]",738.51,674.12,792.77,477.19,267177.95
DOW,31.19,8,"[1, 0, 1, 0, 1, 1, 1, 1, 1, 1]",30.35,30.56,41.45,19.91,9615442.5
EIX,73.69,9,"[1, 1, 1, 1, 1, 1, 1, 1, 1, 0]",73.67,66.6,80.38,50.16,3456848.8
PKX,57.02,5,"[1, 0, 0, 0, 1, 1, 0, 0, 1, 1]",55.72,60.39,91.72,45.13,319975.1
BAP,368.44,8,"[0, 1, 1, 1, 1, 1, 1, 1, 1, 0]",382.51,322.25,402.27,236.66,295492.85
VRSN,276.74,10,"[1, 1, 1, 1, 1, 1, 1, 1, 1, 1]",273.84,258.1,310.0,210.93,880058.9
HUBB,483.86,6,"[0, 0, 1, 0, 1, 1, 0, 1, 1, 1]",495.03,483.34,556.18,403.7,613685.8
STRL,554.76,6,"[0, 0, 1, 1, 1, 1, 1, 0, 1, 0]",696.46,515.14,993.74,273.82,839981.75
EC,17.68,10,"[1, 1, 1, 1, 1, 1, 1, 1, 1, 1]",15.97,12.83,17.68,8.2,2067489.0
P,117.06,8,"[1, 1, 1, 1, 0, 0, 1, 1, 1, 1]",80.34,74.77,118.16,55.53,2874861.4
AER,149.62,9,"[1, 1, 1, 1, 1, 1, 1, 1, 1, 0]",147.78,141.95,154.82,114.25,1067848.1
PAAS,46.6,6,"[1, 0, 0, 0, 1, 1, 1, 0, 1, 1]",45.93,51.11,68.3,30.46,4117639.6
DG,120.84,5,"[1, 0, 0, 0, 1, 1, 0, 1, 1, 0]",118.84,123.37,154.71,94.6,1947242.75
VIV,11.29,3,"[0, 0, 0, 0, 1, 1, 0, 0, 1, 0]",12.96,13.4,16.32,11.0,1813759.25
SYF,80.58,8,"[1, 1, 1, 1, 0, 1, 0, 1, 1, 1]",75.24,74.16,87.38,63.25,3234976.75
ZS,185.7,6,"[1, 1, 1, 0, 0, 0, 1, 0, 1, 1]",147.54,181.68,336.27,118.05,2238848.4
SQM,74.47,8,"[1, 0, 1, 0, 1, 1, 1, 1, 1, 1]",72.97,73.73,94.63,40.31,878874.8
BG,114.36,6,"[0, 0, 1, 0, 1, 1, 1, 1, 1, 0]",115.19,111.8,131.41,75.69,1317967.75
FMX,117.31,8,"[0, 1, 1, 1, 1, 1, 1, 1, 1, 0]",125.05,110.41,132.15,81.24,511946.2
MDB,434.62,9,"[1, 1, 1, 1, 0, 1, 1, 1, 1, 1]",352.18,338.67,472.29,211.96,1465591.4
XPO,202.72,8,"[0, 1, 1, 1, 1, 1, 1, 1, 1, 0]",208.05,185.37,228.37,123.66,976077.4
ALB,132.71,5,"[0, 0, 0, 0, 1, 1, 1, 0, 1, 1]",133.47,153.87,215.07,71.61,2305007.75
UTHR,518.27,6,"[0, 0, 0, 1, 1, 1, 1, 1, 1, 0]",535.33,518.76,596.76,304.76,515119.05
FSLR,220.01,3,"[0, 0, 0, 1, 0, 0, 0, 0, 1, 1]",232.71,234.15,318.25,184.7,2657697.6
TSN,57.99,6,"[1, 0, 0, 0, 1, 1, 0, 1, 1, 1]",57.81,59.67,68.18,49.45,3198363.85
TSEM,240.55,8,"[0, 1, 1, 1, 1, 1, 1, 1, 1, 0]",244.59,178.15,316.85,49.97,2058638.15
RF,31.7,10,"[1, 1, 1, 1, 1, 1, 1, 1, 1, 1]",30.53,27.77,32.4,22.67,8010467.8
KEY,22.79,8,"[0, 1, 1, 1, 1, 1, 1, 1, 1, 0]",22.9,20.89,23.99,16.27,9155503.25
TEAM,163.0,8,"[1, 1, 1, 1, 0, 0, 1, 1, 1, 1]",101.35,107.84,182.36,57.15,5543367.2
LYB,65.33,9,"[1, 1, 1, 0, 1, 1, 1, 1, 1, 1]",59.71,58.34,81.53,40.28,4614252.25
JBHT,274.19,8,"[0, 1, 1, 1, 1, 1, 1, 1, 1, 0]",279.11,228.5,297.91,129.59,932168.0
SBAC,181.4,4,"[0, 0, 0, 0, 1, 0, 0, 1, 1, 1]",185.3,192.12,222.41,164.16,1152884.35
WST,346.59,9,"[1, 1, 1, 1, 1, 1, 1, 1, 1, 0]",346.16,288.72,365.5,230.63,740917.0
CPAY,406.82,10,"[1, 1, 1, 1, 1, 1, 1, 1, 1, 1]",367.2,326.64,425.24,255.0,574901.0
ENTG,150.26,10,"[1, 1, 1, 1, 1, 1, 1, 1, 1, 1]",146.58,122.54,183.84,68.64,2773587.75
NMR,9.65,9,"[1, 1, 1, 1, 1, 1, 1, 1, 1, 0]",9.31,8.46,10.04,6.73,801537.75
IHG,159.38,8,"[0, 1, 1, 1, 1, 1, 1, 1, 1, 0]",163.43,144.18,174.13,116.75,261406.75
FN,482.59,5,"[0, 0, 0, 0, 1, 1, 1, 0, 1, 1]",538.62,536.69,746.47,277.04,945933.85
SBS,4.55,3,"[0, 0, 0, 0, 1, 1, 0, 0, 1, 0]",5.49,5.56,7.08,4.17,8376704.65
WWD,366.2,7,"[0, 0, 1, 1, 1, 1, 1, 1, 1, 0]",395.66,354.34,436.44,236.67,659176.05
SITM,680.06,10,"[1, 1, 1, 1, 1, 1, 1, 1, 1, 1]",639.04,481.09,901.48,212.77,501484.6
INSM,128.46,4,"[1, 0, 0, 0, 0, 0, 1, 0, 1, 1]",108.87,145.12,211.41,91.88,3143527.65
BEKE,16.87,7,"[1, 1, 1, 0, 1, 0, 0, 1, 1, 1]",16.14,16.55,19.99,14.26,2794846.2
AKAM,115.2,7,"[0, 1, 1, 1, 1, 1, 1, 0, 1, 0]",121.26,107.85,161.14,71.97,3586455.7
PFG,113.14,10,"[1, 1, 1, 1, 1, 1, 1, 1, 1, 1]",111.01,95.56,115.41,75.81,1391272.55
RL,378.25,8,"[0, 1, 1, 1, 1, 1, 1, 1, 1, 0]",390.13,362.73,413.24,282.3,599890.6
ATI,226.46,10,"[1, 1, 1, 1, 1, 1, 1, 1, 1, 1]",198.02,149.86,231.78,71.34,1580350.65
MRNA,62.96,10,"[1, 1, 1, 1, 1, 1, 1, 1, 1, 1]",61.37,46.86,81.8,22.36,5355366.1
ILMN,188.29,9,"[1, 1, 1, 1, 1, 1, 1, 1, 1, 0]",182.65,144.02,205.09,91.0,1785886.25
AFRM,73.56,7,"[0, 1, 1, 1, 0, 1, 1, 1, 1, 0]",75.78,66.3,92.18,42.53,2992883.15
CRS,531.96,8,"[0, 1, 1, 1, 1, 1, 1, 1, 1, 0]",562.34,418.02,619.25,231.97,692673.9
SMCI,37.41,6,"[1, 1, 1, 0, 0, 0, 1, 0, 1, 1]",30.55,31.67,58.68,20.53,63423563.8
MKSI,300.24,7,"[0, 1, 1, 1, 1, 1, 1, 0, 1, 0]",342.65,254.46,444.8,98.84,1541382.35
IFF,81.0,10,"[1, 1, 1, 1, 1, 1, 1, 1, 1, 1]",78.85,72.65,88.07,58.53,1736531.5
EXPD,185.95,10,"[1, 1, 1, 1, 1, 1, 1, 1, 1, 1]",170.89,153.74,188.27,111.96,1191649.45
ROIV,37.37,10,"[1, 1, 1, 1, 1, 1, 1, 1, 1, 1]",33.98,27.49,37.37,11.64,5521885.75
DD,138.81,7,"[0, 0, 1, 0, 1, 1, 1, 1, 1, 1]",139.79,134.71,153.36,90.93,1735136.35
IREN,42.0,3,"[0, 0, 0, 0, 0, 0, 1, 0, 1, 1]",44.31,46.91,76.41,18.73,46511628.1
RGLD,230.43,7,"[1, 0, 0, 0, 1, 1, 1, 1, 1, 1]",206.83,230.55,303.02,165.28,740047.2
FUTU,108.58,3,"[1, 0, 0, 0, 0, 0, 0, 0, 1, 1]",100.23,140.06,195.9,89.76,1144955.3
ULS,75.96,4,"[0, 0, 0, 1, 1, 1, 0, 0, 1, 0]",88.75,85.45,104.74,62.21,1040459.2
CHRW,144.67,4,"[0, 0, 0, 1, 1, 1, 0, 0, 1, 0]",178.52,172.32,209.42,119.2,2379024.55
LUV,42.49,7,"[0, 0, 1, 1, 1, 1, 1, 1, 1, 0]",47.17,42.3,54.33,29.29,5231296.75
DKS,191.52,4,"[0, 0, 0, 1, 1, 0, 0, 1, 1, 0]",215.28,210.13,239.17,185.52,1349963.7
VTRS,16.17,8,"[0, 1, 1, 1, 1, 1, 1, 1, 1, 0]",16.59,14.2,17.86,9.23,11109855.0
RCI,35.91,4,"[1, 0, 0, 0, 0, 0, 0, 1, 1, 1]",34.84,36.27,40.21,31.45,1367537.8
FFIV,393.62,8,"[0, 1, 1, 1, 1, 1, 1, 1, 1, 0]",404.5,317.57,431.26,223.99,745326.75
CX,10.66,5,"[0, 0, 0, 1, 1, 1, 0, 1, 1, 0]",12.13,11.78,13.52,8.61,7798726.6
INCY,123.47,10,"[1, 1, 1, 1, 1, 1, 1, 1, 1, 1]",114.71,103.17,129.93,81.66,1836831.15
KEP,11.28,1,"[0, 0, 0, 0, 0, 0, 0, 0, 1, 0]",12.13,15.69,23.26,11.28,1079557.5
APG,42.78,8,"[1, 1, 1, 0, 1, 1, 0, 1, 1, 1]",41.47,41.68,49.4,33.64,2855022.25
SNX,259.8,10,"[1, 1, 1, 1, 1, 1, 1, 1, 1, 1]",259.39,197.44,289.57,141.35,683898.8
CDE,18.51,5,"[1, 0, 0, 0, 1, 0, 1, 0, 1, 1]",16.45,18.53,27.12,11.25,38809890.1
RBC,545.65,7,"[0, 0, 1, 1, 1, 1, 1, 1, 1, 0]",591.49,539.46,648.89,369.71,222599.25
BURL,336.95,8,"[0, 1, 1, 1, 1, 1, 1, 1, 1, 0]",341.98,311.26,372.19,242.43,701343.3
ROKU,157.78,10,"[1, 1, 1, 1, 1, 1, 1, 1, 1, 1]",141.91,114.5,158.31,82.93,2680341.6
AMKR,54.84,5,"[0, 0, 0, 1, 1, 1, 1, 0, 1, 0]",67.53,55.07,93.55,22.8,6100186.35
RS,421.4,10,"[1, 1, 1, 1, 1, 1, 1, 1, 1, 1]",399.38,336.86,428.02,261.99,324600.85
BWXT,165.01,2,"[0, 0, 0, 0, 1, 0, 0, 0, 1, 0]",182.45,195.29,,,881980.25
ZTO,23.13,6,"[0, 0, 1, 0, 1, 1, 1, 1, 1, 0]",23.23,22.71,25.88,17.59,1867003.6
NXT,91.15,4,"[0, 0, 0, 0, 1, 1, 1, 0, 1, 0]",108.36,109.43,156.4,64.04,2779714.7
ITT,217.67,10,"[1, 1, 1, 1, 1, 1, 1, 1, 1, 1]",197.6,193.01,221.24,163.58,939750.35
FTV,59.45,7,"[0, 1, 1, 1, 1, 1, 0, 1, 1, 0]",61.17,57.48,64.09,46.82,2800997.4
IONQ,44.12,5,"[0, 1, 0, 1, 0, 0, 1, 0, 1, 1]",45.47,45.12,82.09,26.59,20790362.9
AGI,32.9,4,"[1, 0, 0, 0, 1, 0, 0, 0, 1, 1]",31.46,38.73,55.22,25.71,4879340.5
BCH,41.09,10,"[1, 1, 1, 1, 1, 1, 1, 1, 1, 1]",40.28,38.11,43.7,26.77,282269.75
YPF,50.68,9,"[1, 1, 1, 1, 1, 1, 1, 1, 1, 0]",49.8,42.33,56.35,23.57,1139989.45
CF,119.72,9,"[1, 1, 1, 1, 1, 1, 1, 1, 1, 0]",114.53,104.09,136.34,74.99,2228144.1
MGA,70.27,10,"[1, 1, 1, 1, 1, 1, 1, 1, 1, 1]",66.34,58.2,71.29,42.56,1314225.05
TLN,317.66,2,"[0, 0, 0, 1, 0, 0, 0, 0, 1, 0]",369.36,363.09,445.84,302.97,809987.5
LSCC,124.21,8,"[0, 1, 1, 1, 1, 1, 1, 1, 1, 0]",134.83,104.77,155.27,61.4,1998592.7
WMG,26.3,2,"[0, 0, 0, 0, 0, 0, 0, 1, 1, 0]",27.63,28.69,34.56,23.52,2378125.65
CIB,97.65,10,"[1, 1, 1, 1, 1, 1, 1, 1, 1, 1]",83.19,71.05,98.01,47.14,324305.7
WCC,349.16,10,"[1, 1, 1, 1, 1, 1, 1, 1, 1, 1]",344.15,303.72,374.1,206.66,645934.9
JBS,13.66,6,"[1, 0, 0, 0, 1, 1, 0, 1, 1, 1]",12.61,13.71,17.05,11.6,6321646.0
WSO,313.65,2,"[0, 0, 0, 0, 1, 0, 0, 0, 1, 0]",365.6,372.31,452.97,309.41,539903.85
DOCN,125.25,7,"[0, 1, 1, 1, 1, 1, 1, 0, 1, 0]",138.96,92.72,181.29,29.99,3310760.3
EWBC,135.07,10,"[1, 1, 1, 1, 1, 1, 1, 1, 1, 1]",130.75,116.84,136.6,91.94,646032.1
AA,50.02,5,"[0, 0, 0, 0, 1, 1, 1, 0, 1, 1]",51.8,56.59,83.63,29.1,4991520.9
PR,22.35,10,"[1, 1, 1, 1, 1, 1, 1, 1, 1, 1]",19.86,17.74,22.35,11.76,8521460.65
NVMI,390.96,4,"[0, 0, 0, 0, 1, 1, 1, 0, 1, 0]",465.65,434.91,605.65,237.16,555766.3
RTO,23.59,2,"[0, 0, 0, 0, 1, 0, 0, 0, 1, 0]",27.91,29.66,34.2,23.39,1659676.15
OWL,11.59,6,"[1, 1, 1, 0, 0, 0, 1, 0, 1, 1]",9.78,11.15,17.68,7.89,21469745.45
OVV,65.02,10,"[1, 1, 1, 1, 1, 1, 1, 1, 1, 1]",57.6,50.2,65.02,35.32,3825479.0
TTMI,125.71,6,"[0, 0, 1, 1, 1, 1, 1, 0, 1, 0]",155.51,116.94,221.47,40.06,3265513.1
BEN,33.99,10,"[1, 1, 1, 1, 1, 1, 1, 1, 1, 1]",33.14,27.21,35.77,20.39,4354372.1
IEX,234.16,10,"[1, 1, 1, 1, 1, 1, 1, 1, 1, 1]",226.36,200.69,240.52,156.95,709112.95
LAMR,151.72,8,"[0, 1, 1, 1, 1, 1, 1, 1, 1, 0]",156.41,137.06,164.33,111.93,718574.7
VNOM,43.57,7,"[1, 1, 1, 0, 1, 1, 0, 1, 1, 0]",42.5,41.59,49.44,34.2,1625135.9
GNRC,211.56,6,"[0, 0, 1, 1, 1, 1, 1, 0, 1, 0]",236.21,206.06,295.54,136.37,1194475.3
NDSN,304.21,10,"[1, 1, 1, 1, 1, 1, 1, 1, 1, 1]",295.93,272.05,311.36,210.75,303989.85
SN,182.82,10,"[1, 1, 1, 1, 1, 1, 1, 1, 1, 1]",154.28,122.09,188.59,84.57,1850242.65
H,178.72,8,"[0, 1, 1, 1, 1, 1, 1, 1, 1, 0]",188.23,167.48,202.09,135.06,909802.3
BALL,61.67,9,"[1, 1, 1, 1, 1, 1, 1, 1, 1, 0]",61.38,57.84,67.31,45.92,1888969.15
MLI,64.48,10,"[1, 1, 1, 1, 1, 1, 1, 1, 1, 1]",64.36,60.82,70.23,44.85,1164710.45
LOGI,98.31,3,"[0, 0, 0, 1, 0, 0, 0, 1, 1, 0]",103.54,102.07,126.69,85.84,1165847.65
CLH,319.5,10,"[1, 1, 1, 1, 1, 1, 1, 1, 1, 1]",302.77,275.66,326.34,201.73,509399.95
GMAB,32.96,7,"[1, 1, 1, 0, 0, 0, 1, 1, 1, 1]",27.98,29.07,35.34,23.82,2400798.65
PAA,24.19,10,"[1, 1, 1, 1, 1, 1, 1, 1, 1, 1]",22.84,20.16,24.57,14.64,2650319.05
NBIX,154.23,7,"[0, 1, 1, 1, 1, 1, 0, 1, 1, 0]",167.5,146.98,185.5,123.1,1467973.25
HST,22.92,8,"[0, 1, 1, 1, 1, 1, 1, 1, 1, 0]",23.8,19.81,25.54,14.79,10133188.25
JLL,371.03,9,"[1, 1, 1, 1, 0, 1, 1, 1, 1, 1]",329.9,321.97,375.0,280.16,348933.7
ASND,248.85,8,"[0, 1, 1, 1, 1, 1, 1, 1, 1, 0]",249.42,228.89,277.18,189.74,526799.8
LECO,281.97,9,"[1, 1, 1, 1, 1, 1, 0, 1, 1, 1]",264.29,257.17,297.02,218.56,479118.6
OKTA,143.92,10,"[1, 1, 1, 1, 1, 1, 1, 1, 1, 1]",136.61,97.51,154.95,62.93,2539704.15
HTHT,45.92,7,"[1, 0, 0, 0, 1, 1, 1, 1, 1, 1]",42.69,46.45,54.63,31.81,1525154.65
DTM,135.71,7,"[0, 0, 1, 1, 1, 1, 1, 1, 1, 0]",141.5,131.05,150.74,98.13,901768.45
MOD,200.66,5,"[0, 0, 0, 1, 1, 1, 1, 0, 1, 0]",237.34,207.85,306.89,119.68,1613630.85
RRX,171.88,5,"[0, 0, 0, 1, 1, 1, 1, 0, 1, 0]",206.37,185.39,238.19,127.98,1354557.25
BSAC,34.44,10,"[1, 1, 1, 1, 1, 1, 1, 1, 1, 1]",33.48,31.62,35.7,22.4,257782.45
JAZZ,253.07,9,"[1, 1, 1, 1, 1, 1, 1, 1, 1, 0]",243.47,198.33,261.62,119.07,790791.45
ONTO,315.42,10,"[1, 1, 1, 1, 1, 1, 1, 1, 1, 1]",302.95,231.0,378.45,101.95,1209301.6
OHI,46.44,7,"[0, 1, 1, 1, 1, 1, 0, 1, 1, 0]",47.53,44.93,51.03,37.16,1911684.4
SMMT,12.82,1,"[0, 0, 0, 0, 0, 0, 0, 0, 1, 0]",14.16,16.68,26.98,12.55,4735324.1
RMBS,93.71,3,"[0, 0, 0, 0, 1, 0, 1, 0, 1, 0]",112.07,108.93,170.66,69.68,2520349.15
AUR,6.15,7,"[0, 1, 1, 1, 1, 1, 1, 0, 1, 0]",6.42,5.26,8.4,3.77,28582766.3
NIO,4.53,1,"[0, 0, 0, 0, 0, 0, 0, 0, 1, 0]",4.86,5.38,7.89,4.44,25252603.3
HAS,93.99,9,"[1, 1, 1, 0, 1, 1, 1, 1, 1, 1]",86.19,87.49,104.36,69.25,1962616.7
LTM,50.54,4,"[0, 0, 0, 1, 1, 1, 0, 0, 1, 0]",54.01,52.8,68.29,41.47,707283.95
SUN,77.08,10,"[1, 1, 1, 1, 1, 1, 1, 1, 1, 1]",69.69,61.33,77.08,45.51,489026.65
QXO,13.5,1,"[0, 0, 0, 0, 0, 0, 0, 0, 1, 0]",15.35,19.37,27.07,13.3,18909988.6
AEIS,314.43,8,"[0, 0, 1, 1, 1, 1, 1, 1, 1, 1]",321.96,294.47,388.93,145.09,719888.1
ALLY,43.63,7,"[0, 1, 1, 1, 1, 1, 0, 1, 1, 0]",44.52,42.05,46.92,35.47,2928300.4
PL,23.36,5,"[0, 0, 0, 0, 1, 1, 1, 0, 1, 1]",25.91,26.45,51.4,6.38,6039189.3
EVR,298.66,4,"[0, 0, 0, 1, 1, 0, 0, 1, 1, 0]",336.58,329.46,381.16,266.5,560827.4
SKM,38.41,10,"[1, 1, 1, 1, 1, 1, 1, 1, 1, 1]",34.21,29.9,46.0,19.68,2598613.2
TIGO,87.19,8,"[0, 1, 1, 1, 1, 1, 1, 1, 1, 0]",92.82,71.97,104.31,40.36,1488394.75
SANM,198.28,8,"[0, 1, 1, 1, 1, 1, 1, 0, 1, 1]",220.95,180.6,282.72,109.61,810043.95
IESC,738.79,10,"[1, 1, 1, 1, 1, 1, 1, 1, 1, 1]",690.18,541.92,793.96,321.59,188972.55
BBIO,82.98,10,"[1, 1, 1, 1, 1, 1, 1, 1, 1, 1]",77.75,72.87,90.17,47.29,2206938.05
TOL,142.86,5,"[0, 0, 0, 1, 1, 1, 0, 1, 1, 0]",150.54,143.11,165.52,123.92,791906.3
DINO,95.7,10,"[1, 1, 1, 1, 1, 1, 1, 1, 1, 1]",79.72,61.84,95.7,43.64,2923621.4
NYT,65.07,4,"[0, 0, 0, 0, 1, 1, 0, 1, 1, 0]",71.75,72.49,85.59,54.2,2320839.8
DY,414.7,8,"[0, 1, 1, 1, 1, 1, 1, 1, 1, 0]",435.27,391.52,535.2,245.31,407220.05
RBRK,100.55,9,"[1, 1, 1, 1, 0, 1, 1, 1, 1, 1]",80.25,67.47,105.09,43.81,2933037.6
DVA,177.91,7,"[0, 1, 1, 1, 1, 1, 1, 0, 1, 0]",215.65,160.35,240.96,103.87,1035548.6
GH,160.12,10,"[1, 1, 1, 1, 1, 1, 1, 1, 1, 1]",150.84,112.93,170.77,54.79,2140584.45
PEN,324.75,8,"[1, 0, 1, 0, 1, 1, 1, 1, 1, 1]",319.94,319.05,359.4,225.54,323249.45
BMNR,18.28,4,"[1, 0, 0, 0, 0, 0, 1, 0, 1, 1]",16.33,23.34,63.2,13.31,30796577.5
SWK,98.4,10,"[1, 1, 1, 1, 1, 1, 1, 1, 1, 1]",90.81,78.59,104.0,60.08,2156486.25
ENLT,83.43,8,"[0, 1, 1, 1, 1, 1, 1, 1, 1, 0]",87.27,69.86,107.42,26.03,198060.6
OKLO,41.36,1,"[0, 0, 0, 0, 0, 0, 0, 0, 1, 0]",48.25,69.53,174.14,36.84,9684794.25
BWA,67.95,10,"[1, 1, 1, 1, 1, 1, 1, 1, 1, 1]",67.75,55.8,77.03,40.58,2293273.65
APA,42.37,10,"[1, 1, 1, 1, 1, 1, 1, 1, 1, 1]",35.62,31.92,43.79,19.56,5703995.9
IONS,59.62,3,"[0, 0, 0, 0, 0, 0, 1, 0, 1, 1]",64.86,74.2,86.5,41.82,2826380.05
HL,17.95,6,"[1, 0, 0, 0, 1, 1, 1, 0, 1, 1]",15.72,18.53,31.8,7.43,38494281.9
HII,317.61,5,"[1, 0, 0, 0, 1, 1, 0, 0, 1, 1]",296.2,347.49,451.78,260.99,566651.5
SOLS,60.09,4,"[0, 0, 0, 0, 1, 0, 1, 0, 1, 1]",69.11,67.09,88.6,41.35,2822978.65
FIVE,238.51,9,"[1, 1, 1, 0, 1, 1, 1, 1, 1, 1]",203.61,202.15,247.71,138.49,885816.6
U,46.74,9,"[1, 1, 1, 1, 0, 1, 1, 1, 1, 1]",32.29,31.73,49.47,17.13,12447342.65
IVZ,32.38,10,"[1, 1, 1, 1, 1, 1, 1, 1, 1, 1]",29.06,26.27,32.57,20.03,5022360.0
NTNX,65.83,8,"[1, 1, 1, 1, 0, 0, 1, 1, 1, 1]",55.13,49.15,81.12,34.41,2433821.1
MEDP,590.3,9,"[1, 1, 1, 1, 0, 1, 1, 1, 1, 1]",539.64,519.96,620.59,393.42,344503.3
EXEL,53.12,8,"[0, 1, 1, 1, 1, 1, 1, 1, 1, 0]",53.99,46.44,57.1,34.54,2704265.4
ALGN,167.91,6,"[0, 0, 0, 1, 1, 1, 1, 1, 1, 0]",175.44,169.14,197.51,124.88,930051.15
WLK,77.52,4,"[0, 0, 0, 0, 1, 0, 1, 0, 1, 1]",78.4,86.77,122.65,55.28,1156397.55
SAIA,368.92,6,"[0, 0, 0, 1, 1, 1, 1, 1, 1, 0]",418.88,378.62,487.14,250.48,557393.6
MP,56.67,4,"[1, 0, 0, 0, 0, 0, 1, 0, 1, 1]",51.64,57.8,98.65,38.1,7291097.5
VIAV,41.37,7,"[0, 1, 1, 1, 1, 1, 1, 0, 1, 0]",43.21,33.55,55.33,10.55,5239450.35
AAOI,131.41,8,"[0, 1, 1, 1, 1, 1, 1, 0, 1, 1]",132.07,96.06,223.1,19.49,12724865.5
PINS,23.06,7,"[1, 1, 1, 1, 0, 0, 1, 0, 1, 1]",22.44,22.33,37.95,15.42,11597828.15
AIZ,280.07,10,"[1, 1, 1, 1, 1, 1, 1, 1, 1, 1]",274.19,240.67,301.57,203.12,392474.75
WBS,77.97,10,"[1, 1, 1, 1, 1, 1, 1, 1, 1, 1]",76.07,68.82,79.07,52.87,5860907.35
ELAN,23.64,7,"[0, 0, 1, 1, 1, 1, 1, 1, 1, 0]",24.52,23.59,26.84,17.35,8674317.65
GLXY,20.43,2,"[0, 0, 0, 1, 0, 0, 0, 0, 1, 0]",25.31,25.5,42.86,16.84,6606728.0
APLD,28.51,3,"[0, 0, 0, 0, 1, 0, 1, 0, 1, 0]",33.63,32.39,49.65,13.89,19352689.8
MDGL,524.37,8,"[1, 1, 1, 1, 0, 1, 1, 1, 1, 0]",519.62,512.28,602.83,379.55,387426.35
VICR,242.41,8,"[0, 1, 1, 1, 1, 1, 1, 0, 1, 1]",264.01,195.72,379.78,46.49,871179.35
COKE,188.64,10,"[1, 1, 1, 1, 1, 1, 1, 1, 1, 1]",184.19,175.3,216.33,111.2,490252.7
LFUS,437.51,9,"[0, 1, 1, 1, 1, 1, 1, 1, 1, 1]",443.14,356.93,489.1,234.04,355372.8
FORM,124.34,10,"[1, 1, 1, 1, 1, 1, 1, 1, 1, 1]",122.63,98.62,159.93,27.85,1370881.6
AAON,82.06,3,"[0, 0, 0, 1, 1, 0, 0, 0, 1, 0]",111.94,99.81,148.15,73.35,1316703.3
TFII,140.83,8,"[0, 1, 1, 1, 1, 1, 1, 1, 1, 0]",147.31,121.3,162.83,80.09,327173.8
AIT,354.35,10,"[1, 1, 1, 1, 1, 1, 1, 1, 1, 1]",337.37,290.61,361.95,239.46,255785.25
SMTC,135.23,8,"[0, 1, 1, 1, 1, 1, 1, 1, 1, 0]",140.53,103.31,174.73,48.47,2203183.45
WULF,15.62,5,"[0, 0, 0, 1, 1, 1, 1, 0, 1, 0]",21.32,17.74,28.98,8.78,32554205.6
POWL,203.55,6,"[0, 0, 1, 1, 1, 1, 1, 0, 1, 0]",247.32,195.03,321.94,82.04,738614.75
TIMB,17.28,2,"[0, 0, 0, 0, 1, 0, 0, 0, 1, 0]",20.64,22.83,27.75,17.28,562268.9
AXSM,215.69,8,"[0, 1, 1, 1, 1, 1, 1, 1, 1, 0]",234.27,190.28,255.17,111.29,698312.4
WMS,144.1,4,"[0, 0, 0, 0, 1, 1, 0, 1, 1, 0]",144.36,147.64,174.94,129.5,735382.85
HMY,19.28,7,"[1, 1, 1, 0, 0, 0, 1, 1, 1, 1]",16.37,17.81,25.55,12.37,2749333.85
HUT,80.79,6,"[0, 0, 1, 1, 1, 1, 1, 0, 1, 0]",104.74,72.59,133.02,21.37,4818775.35
IAG,18.19,8,"[1, 1, 1, 0, 1, 1, 1, 0, 1, 1]",15.95,17.3,24.57,7.96,5959882.0
CGNX,63.41,9,"[0, 1, 1, 1, 1, 1, 1, 1, 1, 1]",64.79,52.06,72.42,34.7,2435720.15
KTOS,61.99,4,"[1, 0, 0, 0, 0, 0, 1, 0, 1, 1]",52.79,73.37,130.72,43.88,3935626.15
JEF,53.84,5,"[0, 1, 1, 1, 0, 1, 0, 0, 1, 0]",55.8,53.16,,,1942214.6
AG,18.48,6,"[1, 0, 0, 0, 1, 1, 1, 0, 1, 1]",17.1,19.09,31.96,8.34,10558694.95
EMBJ,77.08,9,"[1, 1, 1, 0, 1, 1, 1, 1, 1, 1]",65.08,65.05,79.6,53.63,1314259.2
ESI,37.29,7,"[0, 0, 1, 1, 1, 1, 1, 1, 1, 0]",40.61,34.5,49.09,22.82,4086099.85
JOBY,7.65,1,"[0, 0, 0, 0, 0, 0, 0, 0, 1, 0]",8.28,10.89,19.57,6.65,35013332.5
MUSA,574.12,8,"[0, 1, 1, 1, 1, 1, 1, 1, 1, 0]",579.32,480.85,622.78,355.19,295489.9
BTSG,59.5,8,"[0, 1, 1, 1, 1, 1, 1, 1, 1, 0]",66.33,48.37,72.91,23.18,3046956.9
GSAT,82.89,10,"[1, 1, 1, 1, 1, 1, 1, 1, 1, 1]",80.96,70.05,84.43,24.92,933973.35
GMED,86.44,9,"[1, 1, 1, 0, 1, 1, 1, 1, 1, 1]",80.24,85.31,96.82,55.1,1444794.65
BEP,32.8,9,"[0, 1, 1, 1, 1, 1, 1, 1, 1, 1]",33.69,31.33,37.09,24.11,1204760.55
KNX,70.72,8,"[0, 1, 1, 1, 1, 1, 1, 1, 1, 0]",74.43,61.52,82.45,38.58,3875814.05
ALSN,125.45,10,"[1, 1, 1, 1, 1, 1, 1, 1, 1, 1]",118.26,111.44,135.66,78.62,859771.1
SNAP,5.11,4,"[1, 0, 0, 0, 0, 0, 1, 0, 1, 1]",4.89,6.01,9.09,3.93,41144165.9
ARWR,87.9,10,"[1, 1, 1, 1, 1, 1, 1, 1, 1, 1]",81.59,68.14,89.59,19.86,1703515.65
WTFC,158.86,9,"[0, 1, 1, 1, 1, 1, 1, 1, 1, 1]",159.39,146.27,166.33,118.51,606728.35
AES,14.74,9,"[1, 1, 1, 1, 1, 1, 0, 1, 1, 1]",14.59,14.22,16.87,11.92,6383030.25
SPXC,212.66,5,"[0, 0, 0, 1, 1, 1, 0, 1, 1, 0]",222.29,215.54,246.41,180.71,488907.3
VFS,3.08,2,"[0, 0, 0, 0, 1, 0, 0, 0, 1, 0]",3.11,3.42,4.76,2.81,402088.5
AHR,54.42,9,"[1, 1, 1, 1, 1, 1, 1, 1, 1, 0]",52.95,49.77,57.72,39.57,2887491.95
DAR,68.34,10,"[1, 1, 1, 1, 1, 1, 1, 1, 1, 1]",59.3,51.02,68.34,29.91,2192061.3
FCFS,212.74,9,"[0, 1, 1, 1, 1, 1, 1, 1, 1, 1]",213.98,191.85,232.11,136.43,455743.9
UMBF,149.98,10,"[1, 1, 1, 1, 1, 1, 1, 1, 1, 1]",142.75,124.98,152.04,102.87,631406.15
ARW,213.51,9,"[0, 1, 1, 1, 1, 1, 1, 1, 1, 1]",214.69,161.68,234.83,101.87,616078.9
MOG-A,437.71,10,"[1, 1, 1, 1, 1, 1, 1, 1, 1, 1]",407.79,316.78,445.38,190.47,293774.55
HBM,26.41,10,"[1, 1, 1, 1, 1, 1, 1, 1, 1, 1]",24.35,22.69,31.86,10.81,5048772.3
MGM,43.32,8,"[0, 1, 1, 1, 1, 1, 1, 1, 1, 0]",46.23,38.92,50.69,30.72,2470454.9
VMI,487.36,8,"[0, 1, 1, 1, 1, 1, 1, 1, 1, 0]",525.32,462.6,582.78,361.39,209987.95
ABVX,118.94,8,"[0, 1, 1, 1, 1, 1, 1, 1, 1, 0]",120.8,118.7,145.31,68.96,860617.35
CTRE,39.3,7,"[0, 1, 1, 1, 1, 1, 0, 1, 1, 0]",40.09,38.17,43.4,31.94,2011510.0
MOH,203.61,8,"[0, 1, 1, 1, 1, 1, 1, 1, 1, 0]",210.63,173.8,242.88,122.65,940383.05
BPOP,175.6,10,"[1, 1, 1, 1, 1, 1, 1, 1, 1, 1]",167.65,140.44,177.87,107.38,435015.3
SNEX,66.4,7,"[0, 1, 1, 1, 1, 1, 1, 0, 1, 0]",77.94,59.82,92.67,37.2,1054174.35
CYTK,76.1,8,"[0, 1, 1, 1, 1, 1, 1, 1, 1, 0]",79.01,68.97,87.26,35.33,1922483.95
VSAT,76.07,10,"[1, 1, 1, 1, 1, 1, 1, 1, 1, 1]",73.84,54.95,89.81,25.97,2060595.5
ICLR,167.05,8,"[1, 1, 1, 1, 0, 0, 1, 1, 1, 1]",162.86,147.08,202.92,80.08,846285.95
AGX,553.03,6,"[0, 0, 1, 1, 1, 1, 1, 0, 1, 0]",635.12,504.22,797.9,202.87,288412.05
CAMT,155.84,6,"[0, 0, 1, 0, 1, 1, 1, 1, 1, 0]",157.93,150.15,207.46,76.73,556204.0
SBSW,10.56,4,"[1, 0, 0, 0, 0, 0, 1, 0, 1, 1]",9.25,12.41,20.52,7.06,4833135.05
ELPC,10.51,6,"[0, 0, 0, 1, 1, 1, 1, 1, 1, 0]",11.45,10.95,13.39,7.88,461643.5
TTC,96.37,10,"[1, 1, 1, 1, 1, 1, 1, 1, 1, 1]",94.55,89.01,100.89,67.07,515442.15
R,259.15,6,"[0, 1, 1, 1, 1, 1, 0, 0, 1, 0]",266.36,220.14,,,336052.55
CAVA,68.24,5,"[0, 0, 0, 0, 1, 1, 1, 0, 1, 1]",72.66,70.88,97.39,43.59,4061083.2
PRAX,369.84,9,"[1, 1, 1, 0, 1, 1, 1, 1, 1, 1]",316.26,296.06,386.33,37.71,424130.5
ZION,70.93,9,"[1, 1, 1, 1, 1, 1, 1, 1, 1, 0]",68.61,60.18,72.82,45.54,1443979.25
SIRI,28.62,8,"[0, 1, 1, 1, 1, 1, 1, 1, 1, 0]",29.22,24.13,32.3,19.3,4499487.0
RIOT,18.91,5,"[0, 0, 1, 1, 1, 0, 1, 0, 1, 0]",22.88,18.48,28.69,11.83,23309312.85
FLS,78.79,9,"[1, 1, 1, 0, 1, 1, 1, 1, 1, 1]",74.86,75.01,91.49,48.65,1801152.1
ALGM,39.39,6,"[0, 0, 1, 1, 1, 1, 1, 0, 1, 0]",49.79,38.71,69.62,22.8,2275714.25
GDS,33.65,4,"[1, 0, 0, 0, 1, 0, 0, 0, 1, 1]",32.27,37.82,47.52,29.02,1915187.3
KRYS,332.82,8,"[0, 1, 1, 1, 1, 1, 1, 1, 1, 0]",343.29,280.28,378.15,137.46,557517.3
EGO,38.71,9,"[1, 1, 1, 0, 1, 1, 1, 1, 1, 1]",32.56,34.67,49.52,21.95,2544747.7
GGB,4.67,9,"[1, 1, 1, 1, 1, 1, 1, 1, 1, 0]",4.6,4.11,5.14,2.85,12596783.8
MXL,72.63,7,"[0, 1, 1, 1, 1, 1, 1, 0, 1, 0]",82.36,44.32,128.03,13.05,3675111.5
IBRX,7.72,8,"[1, 1, 1, 1, 1, 1, 1, 0, 1, 0]",7.68,6.22,11.55,1.98,8553940.05
AAL,14.05,7,"[0, 1, 1, 1, 0, 1, 1, 1, 1, 0]",15.76,13.9,18.15,10.18,61296228.95
DDS,584.6,5,"[1, 0, 0, 0, 0, 1, 0, 1, 1, 1]",573.5,600.1,699.51,475.88,150811.65
FRO,43.5,10,"[1, 1, 1, 1, 1, 1, 1, 1, 1, 1]",38.36,30.98,43.5,17.17,1813832.65
CRUS,116.88,3,"[0, 0, 0, 0, 1, 1, 0, 0, 1, 0]",142.2,140.69,178.9,112.67,805170.7
BVN,33.2,8,"[1, 0, 1, 0, 1, 1, 1, 1, 1, 1]",31.63,31.63,42.44,17.68,786607.75
W,101.69,9,"[1, 1, 1, 1, 0, 1, 1, 1, 1, 1]",90.89,88.36,119.05,57.4,4102490.65
LUMN,6.13,2,"[0, 0, 0, 0, 0, 0, 1, 0, 1, 0]",7.03,7.98,11.83,4.31,13998309.0
LLYVK,103.73,10,"[1, 1, 1, 1, 1, 1, 1, 1, 1, 1]",102.59,93.22,108.86,77.33,291459.25
LLYVA,100.0,10,"[1, 1, 1, 1, 1, 1, 1, 1, 1, 1]",98.9,90.53,104.99,74.85,146640.9
LEVI,22.01,7,"[0, 1, 1, 1, 1, 1, 0, 1, 1, 0]",23.92,21.65,25.53,17.69,2141777.85
COLB,32.14,9,"[1, 1, 1, 1, 1, 1, 1, 1, 1, 0]",31.66,28.99,33.61,23.18,3022668.85
OSK,147.69,8,"[1, 1, 1, 0, 1, 1, 0, 1, 1, 1]",144.66,142.29,176.5,117.24,902792.35
MTCH,38.69,9,"[1, 1, 1, 1, 1, 1, 1, 1, 1, 0]",37.24,33.69,41.24,28.57,3053733.4
FR,62.37,8,"[0, 1, 1, 1, 1, 1, 1, 1, 1, 0]",64.08,59.87,68.86,47.94,954234.75
CRL,279.19,10,"[1, 1, 1, 1, 1, 1, 1, 1, 1, 1]",226.16,191.91,286.64,145.57,956603.2
FROG,91.6,10,"[1, 1, 1, 1, 1, 1, 1, 1, 1, 1]",85.76,63.17,98.1,34.75,2391552.2
ZWS,49.21,8,"[0, 1, 1, 1, 1, 1, 0, 1, 1, 1]",49.31,48.13,53.18,43.6,955623.4
SIMO,251.72,7,"[0, 1, 1, 1, 1, 1, 1, 0, 1, 0]",279.71,173.63,336.22,72.66,1400057.15
ENS,200.56,9,"[0, 1, 1, 1, 1, 1, 1, 1, 1, 1]",207.96,181.17,243.06,96.94,523657.1
PRMB,23.44,8,"[0, 1, 1, 1, 1, 1, 1, 1, 1, 0]",23.97,20.31,25.39,14.21,4275580.5
EMN,73.0,9,"[1, 1, 1, 0, 1, 1, 1, 1, 1, 1]",70.49,68.72,79.49,54.37,1147852.95
CIFR,16.09,5,"[0, 0, 0, 1, 1, 1, 1, 0, 1, 0]",21.89,18.58,29.18,5.76,34605679.7
QBTS,19.53,4,"[0, 0, 0, 1, 0, 0, 1, 0, 1, 1]",20.9,22.25,44.78,12.98,18073721.05
ECG,129.19,8,"[0, 1, 1, 1, 1, 1, 1, 1, 1, 0]",142.09,118.7,169.16,74.17,612405.6
FIGR,35.52,4,"[1, 0, 0, 0, 0, 0, 1, 0, 1, 1]",29.44,36.99,73.91,24.91,4046171.05
ICL,5.41,6,"[1, 1, 1, 0, 0, 0, 0, 1, 1, 1]",5.21,5.4,6.76,4.72,1095556.25
TKR,129.17,8,"[0, 1, 1, 1, 1, 1, 1, 1, 1, 0]",137.19,107.9,145.32,70.03,1017237.2
SSL,11.85,10,"[1, 1, 1, 1, 1, 1, 1, 1, 1, 1]",11.21,9.86,14.29,5.33,1073000.15
KRMN,59.43,5,"[1, 0, 0, 0, 1, 0, 1, 0, 1, 1]",51.3,73.92,115.29,44.84,2998081.05
BOKF,145.02,10,"[1, 1, 1, 1, 1, 1, 1, 1, 1, 1]",139.32,127.98,146.07,102.17,221813.7
NXE,10.26,6,"[1, 0, 0, 0, 1, 1, 1, 0, 1, 1]",9.75,10.69,13.92,6.46,5387944.7
NE,45.25,9,"[1, 1, 1, 0, 1, 1, 1, 1, 1, 1]",41.82,40.22,53.79,25.2,1571306.7
AMG,363.57,9,"[1, 1, 1, 1, 1, 1, 1, 1, 1, 0]",356.73,305.83,383.41,216.82,236040.5
IDA,142.03,7,"[0, 1, 1, 1, 1, 1, 0, 1, 1, 0]",144.71,137.03,153.61,120.49,501053.7
VIRT,61.05,10,"[1, 1, 1, 1, 1, 1, 1, 1, 1, 1]",58.91,45.11,66.82,31.82,1118437.45
MSGS,401.24,10,"[1, 1, 1, 1, 1, 1, 1, 1, 1, 1]",390.77,317.17,414.12,195.53,204554.0
ROAD,113.54,5,"[1, 0, 0, 0, 1, 0, 0, 1, 1, 1]",110.92,115.09,140.48,93.51,969817.1
CMC,70.98,8,"[1, 1, 1, 0, 1, 1, 0, 1, 1, 1]",69.96,68.75,82.67,54.7,1002642.85
JXN,134.86,10,"[1, 1, 1, 1, 1, 1, 1, 1, 1, 1]",117.99,108.87,135.32,88.37,582683.3
ESE,306.48,8,"[0, 1, 1, 1, 1, 1, 1, 1, 1, 0]",323.71,273.16,354.82,188.81,194973.8
GKOS,184.15,10,"[1, 1, 1, 1, 1, 1, 1, 1, 1, 1]",153.1,123.23,189.45,74.67,940934.65
CWEN,33.11,4,"[0, 0, 0, 0, 1, 1, 0, 1, 1, 0]",34.38,35.85,41.26,26.9,1191670.3
CIG,1.9,3,"[0, 0, 0, 0, 1, 1, 0, 0, 1, 0]",2.08,2.11,2.62,1.78,4886120.15
MBLY,8.87,5,"[1, 1, 0, 1, 0, 0, 1, 0, 1, 0]",8.86,9.51,15.54,6.56,7122171.4
KNTK,54.54,10,"[1, 1, 1, 1, 1, 1, 1, 1, 1, 1]",48.73,42.62,54.54,30.05,1062353.9
CHRD,143.94,10,"[1, 1, 1, 1, 1, 1, 1, 1, 1, 1]",128.96,116.08,148.35,82.2,774976.85
MIDD,114.0,5,"[0, 0, 0, 1, 1, 1, 0, 1, 1, 0]",132.09,119.68,144.17,89.85,605642.55
PCVX,59.79,9,"[1, 1, 1, 0, 1, 1, 1, 1, 1, 1]",54.65,52.77,63.04,30.25,946741.15
KEX,139.74,9,"[1, 1, 1, 1, 1, 1, 1, 1, 1, 0]",139.03,129.4,152.59,79.95,588116.25
HALO,104.89,10,"[1, 1, 1, 1, 1, 1, 1, 1, 1, 1]",80.51,71.49,104.89,61.63,2394658.55
YOU,44.61,5,"[0, 0, 0, 1, 1, 1, 1, 0, 1, 0]",53.01,45.49,62.18,29.2,1715592.35
ORA,109.68,5,"[0, 0, 0, 0, 1, 1, 0, 1, 1, 1]",115.71,115.72,145.1,89.98,896732.8
VLY,14.86,10,"[1, 1, 1, 1, 1, 1, 1, 1, 1, 1]",14.55,12.8,15.19,9.33,6709827.85
VFC,14.31,3,"[0, 0, 0, 0, 1, 1, 0, 0, 1, 0]",16.3,17.49,21.44,12.58,8753362.15
WFRD,92.05,8,"[1, 0, 1, 0, 1, 1, 1, 1, 1, 1]",88.01,90.56,111.07,55.66,1002297.45
CORZ,18.85,5,"[0, 0, 0, 1, 1, 1, 1, 0, 1, 0]",23.55,19.8,29.16,13.55,14030522.8
TEX,64.43,8,"[0, 1, 1, 1, 1, 1, 1, 1, 1, 0]",66.41,59.68,74.39,41.45,1354192.45
SOBO,37.28,9,"[1, 1, 1, 1, 1, 1, 1, 1, 1, 0]",36.51,31.68,38.67,24.54,484819.0
FAF,72.45,9,"[1, 1, 1, 1, 1, 1, 0, 1, 1, 1]",70.5,65.3,79.16,56.38,739947.35
IDCC,335.77,7,"[1, 1, 1, 0, 0, 0, 1, 1, 1, 1]",287.09,321.19,393.78,250.11,242986.9
OR,32.31,4,"[1, 0, 0, 0, 1, 0, 0, 0, 1, 1]",31.46,36.4,47.56,28.05,938536.55
HXL,101.18,9,"[1, 1, 1, 1, 1, 1, 1, 1, 1, 0]",99.93,86.24,110.09,60.24,976290.2
OGC,27.52,6,"[1, 0, 0, 0, 1, 1, 1, 0, 1, 1]",25.5,29.71,42.39,16.18,512554.5
SLAB,219.0,10,"[1, 1, 1, 1, 1, 1, 1, 1, 1, 1]",218.3,188.08,220.34,116.08,250529.65
RIG,5.82,8,"[1, 0, 1, 0, 1, 1, 1, 1, 1, 1]",5.36,5.44,7.58,2.8,46878592.2
PLXS,253.15,8,"[0, 1, 1, 1, 1, 1, 1, 1, 1, 0]",271.46,215.06,303.82,128.72,324824.25
GGAL,42.12,4,"[0, 0, 0, 1, 0, 1, 1, 0, 1, 0]",49.95,48.17,58.69,25.36,765188.25
SSRM,31.69,9,"[1, 1, 1, 0, 1, 1, 1, 1, 1, 1]",28.54,27.03,35.71,16.07,3010237.0
LTH,45.4,10,"[1, 1, 1, 1, 1, 1, 1, 1, 1, 1]",41.05,31.2,45.7,24.59,3157378.95
KYMR,121.38,10,"[1, 1, 1, 1, 1, 1, 1, 1, 1, 1]",103.83,84.53,121.41,40.69,660703.35
SM,35.49,10,"[1, 1, 1, 1, 1, 1, 1, 1, 1, 1]",30.06,25.36,35.49,17.3,3766333.15
LEA,123.9,6,"[0, 0, 0, 1, 1, 1, 1, 1, 1, 0]",135.43,124.93,148.68,94.98,744269.75
HR,19.11,7,"[0, 1, 1, 1, 1, 1, 0, 1, 1, 0]",20.16,18.14,21.6,15.66,3808595.45
RHP,126.09,8,"[0, 1, 1, 1, 1, 1, 1, 1, 1, 0]",126.28,103.94,135.99,82.97,955491.1
NOV,20.99,10,"[1, 1, 1, 1, 1, 1, 1, 1, 1, 1]",19.66,18.4,21.6,11.9,3555323.65
DBX,33.87,9,"[1, 1, 1, 1, 0, 1, 1, 1, 1, 1]",30.0,27.34,35.93,22.06,4584363.65
TFPM,30.76,5,"[1, 0, 0, 0, 1, 1, 0, 0, 1, 1]",29.53,32.82,41.23,24.79,517415.65
AUGO,76.24,7,"[1, 1, 1, 0, 1, 1, 0, 0, 1, 1]",61.9,64.51,,,783467.85
MTDR,57.24,9,"[1, 1, 1, 0, 1, 1, 1, 1, 1, 1]",51.07,49.7,64.51,36.03,2440632.7
MYRG,323.89,6,"[0, 0, 1, 1, 1, 1, 1, 0, 1, 0]",401.49,318.18,501.13,173.81,313201.85
AVT,93.4,10,"[1, 1, 1, 1, 1, 1, 1, 1, 1, 1]",89.38,68.69,98.63,43.64,1260055.9
LGN,63.66,6,"[0, 0, 1, 1, 1, 1, 1, 0, 1, 0]",73.22,61.35,102.27,29.72,1334337.65
BRKR,56.86,8,"[0, 1, 1, 1, 1, 1, 1, 1, 1, 0]",58.27,46.8,64.34,29.21,2402759.05
SGHC,12.82,8,"[0, 1, 1, 1, 1, 1, 1, 1, 1, 0]",13.96,11.9,15.59,8.45,2188818.1
STEP,48.48,3,"[1, 0, 0, 0, 0, 0, 0, 0, 1, 1]",44.47,53.41,74.4,39.54,1457380.25
UGP,6.33,10,"[1, 1, 1, 1, 1, 1, 1, 1, 1, 1]",5.61,5.04,6.56,3.15,3415829.3
VAL,86.37,9,"[1, 1, 1, 0, 1, 1, 1, 1, 1, 1]",79.81,77.78,113.42,44.25,1118759.95
BLSH,24.62,2,"[1, 0, 0, 0, 0, 0, 0, 0, 1, 0]",24.46,34.89,70.82,21.79,1634709.7
TGTX,50.26,8,"[0, 1, 1, 1, 1, 1, 1, 1, 1, 0]",52.33,37.56,59.06,26.94,2239130.55
MIRM,100.87,7,"[0, 0, 1, 1, 1, 1, 1, 1, 1, 0]",110.28,94.23,128.57,64.1,755926.5
ST,43.11,8,"[0, 1, 1, 1, 1, 1, 1, 1, 1, 0]",46.78,39.33,53.41,28.29,1645341.5
NPO,329.43,9,"[0, 1, 1, 1, 1, 1, 1, 1, 1, 1]",338.57,273.85,387.65,201.81,208911.6
PAYC,215.72,8,"[1, 1, 1, 1, 0, 0, 1, 1, 1, 1]",155.19,144.84,231.71,113.28,1001578.4
SYRE,107.82,10,"[1, 1, 1, 1, 1, 1, 1, 1, 1, 1]",94.96,57.22,107.82,14.82,812714.65
SWX,91.71,9,"[1, 1, 1, 1, 1, 1, 0, 1, 1, 1]",89.91,85.35,92.72,74.21,465317.15
COMP,12.3,9,"[1, 1, 1, 1, 0, 1, 1, 1, 1, 1]",11.32,9.97,13.58,6.68,11188384.4
AROC,34.12,7,"[0, 0, 1, 1, 1, 1, 1, 1, 1, 0]",36.25,32.06,41.68,22.6,1744018.8
AXTI,82.31,9,"[1, 1, 1, 1, 1, 1, 1, 0, 1, 1]",68.86,51.07,140.83,2.14,12821682.45
RSI,24.55,7,"[0, 1, 1, 1, 1, 1, 1, 0, 1, 0]",29.41,22.85,34.52,15.89,2811934.1
RYTM,115.25,9,"[1, 1, 1, 1, 0, 1, 1, 1, 1, 1]",105.1,99.27,117.62,75.82,703785.35
HIMS,27.39,4,"[0, 1, 0, 1, 0, 0, 1, 0, 1, 0]",31.78,29.08,62.76,14.52,15325417.0
PTGX,157.34,10,"[1, 1, 1, 1, 1, 1, 1, 1, 1, 1]",131.2,101.6,158.62,56.04,484659.65
ACA,145.35,10,"[1, 1, 1, 1, 1, 1, 1, 1, 1, 1]",142.08,120.36,145.4,88.99,633621.85
FNB,19.22,9,"[1, 1, 1, 1, 1, 1, 1, 1, 1, 0]",18.8,17.4,19.49,14.33,5132398.2
FLY,26.14,5,"[1, 0, 0, 0, 1, 0, 1, 0, 1, 1]",25.66,27.47,58.81,16.78,3253716.3
CELC,93.24,5,"[0, 0, 0, 0, 1, 1, 1, 0, 1, 1]",93.68,105.32,144.98,45.22,1023692.05
ENIC,4.52,10,"[1, 1, 1, 1, 1, 1, 1, 1, 1, 1]",4.44,4.12,4.66,3.26,516463.8
INGM,27.77,8,"[0, 1, 1, 1, 1, 1, 1, 1, 1, 0]",28.47,24.61,31.54,18.78,888010.7
LUNR,19.31,6,"[1, 0, 0, 0, 1, 1, 1, 0, 1, 1]",18.12,19.38,45.7,8.05,10881829.5
RGTI,17.71,4,"[1, 0, 0, 0, 0, 0, 1, 0, 1, 1]",17.63,20.42,56.34,12.9,20329458.0
CLF,11.88,7,"[1, 1, 1, 1, 0, 0, 1, 0, 1, 1]",11.21,11.37,16.18,7.82,24282397.9
CE,44.65,3,"[0, 0, 0, 0, 1, 1, 0, 0, 1, 0]",47.42,50.16,69.19,35.47,2028377.6
APGE,134.57,10,"[1, 1, 1, 1, 1, 1, 1, 1, 1, 1]",122.53,86.54,134.84,36.02,1209699.85
LSTR,186.16,8,"[0, 1, 1, 1, 1, 1, 1, 1, 1, 0]",201.62,166.8,225.37,118.1,562104.15
GVA,124.42,5,"[0, 0, 0, 1, 1, 1, 0, 1, 1, 0]",134.52,124.56,160.26,98.2,954456.65
VIST,69.74,10,"[1, 1, 1, 1, 1, 1, 1, 1, 1, 1]",66.73,61.33,79.25,33.7,944083.1
KGS,62.88,8,"[0, 1, 1, 1, 1, 1, 1, 1, 1, 0]",65.12,53.55,75.7,31.78,1726961.15
URBN,74.59,7,"[1, 1, 1, 1, 0, 1, 0, 1, 1, 0]",73.7,70.88,82.7,59.57,927327.9
PTCT,72.63,6,"[0, 1, 0, 1, 0, 1, 1, 1, 1, 0]",77.16,73.28,89.55,48.85,1022511.1
ETSY,79.96,9,"[1, 1, 1, 1, 1, 1, 1, 1, 1, 0]",77.93,62.35,86.47,44.05,3093809.8
LNTH,100.26,8,"[0, 1, 1, 1, 1, 1, 1, 1, 1, 0]",103.97,81.2,110.94,50.11,2003939.2
VNO,37.75,7,"[0, 1, 1, 1, 0, 1, 1, 1, 1, 0]",39.01,33.15,42.04,24.71,1679036.25
REZI,21.02,2,"[0, 0, 0, 0, 1, 0, 0, 0, 1, 0]",23.15,24.2,30.97,18.64,2642820.85
OUT,29.98,8,"[0, 1, 1, 1, 1, 1, 1, 1, 1, 0]",31.79,27.25,33.81,16.53,1867437.65
FLG,13.82,6,"[0, 0, 1, 1, 1, 1, 0, 1, 1, 0]",14.57,13.43,15.36,10.7,4637515.45
EAT,235.65,10,"[1, 1, 1, 1, 1, 1, 1, 1, 1, 1]",189.7,155.44,245.89,102.29,1182006.05
GXO,46.63,2,"[0, 0, 0, 0, 1, 0, 0, 0, 1, 0]",50.31,53.27,65.59,45.52,1638910.75
COGT,37.4,8,"[0, 1, 1, 1, 1, 1, 1, 1, 1, 0]",38.05,36.18,42.84,11.76,1870073.15
IBP,238.59,3,"[1, 0, 0, 0, 0, 0, 0, 0, 1, 1]",225.86,260.57,340.78,195.28,346041.25
VSNT,39.49,7,"[1, 1, 0, 1, 0, 0, 1, 1, 1, 1]",37.18,39.49,46.48,26.86,1818726.1
ABCB,88.2,7,"[0, 1, 1, 1, 1, 1, 0, 1, 1, 0]",88.86,81.59,93.17,68.39,420391.6
TFX,131.92,9,"[1, 1, 1, 1, 1, 1, 1, 1, 1, 0]",131.82,120.8,139.77,99.54,620137.5
IMVT,44.3,10,"[1, 1, 1, 1, 1, 1, 1, 1, 1, 1]",38.47,29.36,44.3,14.69,1063577.7
CGON,76.29,10,"[1, 1, 1, 1, 1, 1, 1, 1, 1, 1]",69.59,58.7,77.11,25.42,793415.45
USAR,18.51,4,"[0, 0, 0, 0, 1, 0, 1, 0, 1, 1]",18.74,19.15,38.68,11.9,11960085.35
ALKS,49.48,9,"[1, 1, 1, 1, 1, 1, 1, 1, 1, 0]",49.46,36.3,55.22,26.52,1627132.8
CENX,45.66,5,"[0, 0, 0, 0, 1, 1, 1, 0, 1, 1]",49.17,48.25,68.77,21.69,2019690.8
MSM,122.59,9,"[1, 1, 1, 1, 1, 1, 1, 1, 1, 0]",120.98,98.42,127.28,78.9,618402.1
SRRK,54.72,10,"[1, 1, 1, 1, 1, 1, 1, 1, 1, 1]",50.89,46.0,57.94,27.92,1047989.5
BLCO,17.04,8,"[1, 1, 1, 0, 1, 1, 0, 1, 1, 1]",16.23,16.43,18.6,14.32,424473.55
PIPR,74.92,2,"[0, 0, 0, 0, 0, 0, 0, 1, 1, 0]",76.17,80.26,92.51,69.79,535105.45
BKH,73.15,7,"[1, 1, 1, 1, 1, 1, 0, 0, 1, 0]",72.81,70.77,,,751610.05
KMX,57.4,9,"[1, 1, 1, 1, 1, 1, 1, 1, 1, 0]",54.87,44.61,62.17,30.88,2272086.1
MAC,24.43,8,"[0, 1, 1, 1, 1, 1, 1, 1, 1, 0]",25.01,20.64,26.51,15.8,3906142.7
CZR,29.63,8,"[0, 1, 1, 1, 1, 1, 1, 1, 1, 0]",29.81,25.84,30.41,18.14,4041662.75
PRIM,79.8,2,"[0, 0, 0, 0, 1, 0, 0, 0, 1, 0]",90.0,127.06,202.75,74.76,1250397.85
GLNG,52.17,10,"[1, 1, 1, 1, 1, 1, 1, 1, 1, 1]",50.23,46.24,57.07,34.97,1480378.55
OSCR,31.28,10,"[1, 1, 1, 1, 1, 1, 1, 1, 1, 1]",29.71,19.51,32.76,10.85,5762007.4
S,22.49,10,"[1, 1, 1, 1, 1, 1, 1, 1, 1, 1]",18.3,15.77,23.84,11.94,6390406.7
CORT,118.1,9,"[1, 1, 1, 1, 0, 1, 1, 1, 1, 1]",94.64,64.08,118.32,32.15,1211589.85
RUSHA,79.39,10,"[1, 1, 1, 1, 1, 1, 1, 1, 1, 1]",74.9,65.98,82.76,46.26,494343.0
HWC,78.25,9,"[1, 1, 1, 1, 1, 1, 1, 1, 1, 0]",74.83,67.02,79.78,53.34,779623.45
CACC,570.54,8,"[0, 1, 1, 1, 1, 1, 1, 1, 1, 0]",595.48,508.51,657.2,411.04,122774.5
ZGN,13.47,8,"[0, 1, 1, 1, 1, 1, 1, 1, 1, 0]",13.97,11.66,15.25,7.85,985187.75
MATX,218.28,9,"[1, 1, 1, 1, 1, 1, 1, 1, 1, 0]",204.69,163.36,223.14,87.23,288448.05
MCY,106.32,10,"[1, 1, 1, 1, 1, 1, 1, 1, 1, 1]",106.18,94.92,111.12,72.54,285397.65
ALM,15.6,7,"[1, 0, 1, 0, 1, 1, 1, 0, 1, 1]",15.1,14.22,23.42,4.06,7099546.4
BGC,11.07,8,"[0, 1, 1, 1, 1, 1, 1, 1, 1, 0]",11.28,10.08,12.65,8.26,2564288.2
AUB,42.36,9,"[1, 1, 1, 1, 1, 1, 1, 1, 1, 0]",41.31,37.18,43.01,30.43,863656.25
GTX,27.91,8,"[0, 1, 1, 1, 1, 1, 1, 1, 1, 0]",31.91,23.14,36.23,12.35,2261695.9
MRCY,105.0,9,"[0, 1, 1, 1, 1, 1, 1, 1, 1, 1]",108.32,89.68,126.21,64.22,592978.3
VSEC,235.53,10,"[1, 1, 1, 1, 1, 1, 1, 1, 1, 1]",210.85,195.04,243.48,154.64,413487.85
TEO,13.1,8,"[0, 1, 1, 1, 1, 1, 1, 1, 1, 0]",13.61,12.35,15.98,6.52,242665.4
LBRT,21.29,4,"[0, 0, 0, 0, 1, 1, 1, 0, 1, 0]",23.65,24.48,33.83,9.91,5842518.65
XENE,63.18,9,"[1, 1, 1, 1, 1, 1, 1, 1, 1, 0]",61.58,51.44,70.96,35.66,623812.15
SNDR,35.3,8,"[0, 1, 1, 1, 1, 1, 1, 1, 1, 0]",36.47,29.79,38.66,20.04,758086.3
KLIC,92.06,7,"[0, 1, 1, 1, 1, 1, 1, 0, 1, 0]",106.36,75.95,133.81,34.96,1036490.95
SEI,61.94,7,"[0, 0, 1, 1, 1, 1, 1, 0, 1, 1]",66.31,59.08,82.88,24.67,3266243.2
GOLF,89.58,5,"[0, 0, 0, 1, 1, 1, 0, 1, 1, 0]",103.32,93.21,118.53,73.29,395174.45
BEPC,33.52,2,"[0, 0, 0, 0, 0, 0, 0, 1, 1, 0]",35.3,38.54,43.52,32.05,2258133.85
VCTR,117.77,10,"[1, 1, 1, 1, 1, 1, 1, 1, 1, 1]",95.98,76.29,118.81,59.52,571647.35
BC,81.01,9,"[0, 1, 1, 1, 1, 1, 1, 1, 1, 1]",81.08,77.47,88.28,57.76,747495.2
MUR,35.18,4,"[0, 0, 1, 0, 1, 1, 0, 0, 1, 0]",35.53,34.2,,,1740716.05
MGY,26.9,7,"[1, 0, 1, 0, 1, 1, 0, 1, 1, 1]",25.89,25.87,31.94,20.84,5664794.9
CRSP,52.97,4,"[1, 1, 0, 0, 0, 0, 0, 0, 1, 1]",52.27,53.13,76.78,44.34,1383563.85
PACS,43.8,9,"[1, 1, 1, 1, 1, 1, 1, 1, 1, 0]",42.78,35.73,48.45,7.71,890784.1
HASI,41.36,10,"[1, 1, 1, 1, 1, 1, 1, 1, 1, 1]",38.72,36.06,42.83,26.06,918449.45
ATAT,35.1,4,"[1, 0, 0, 0, 0, 0, 0, 1, 1, 1]",33.22,36.49,42.21,31.03,847884.1
CRC,53.14,4,"[0, 0, 0, 0, 1, 1, 0, 1, 1, 0]",53.43,54.8,69.66,42.98,826449.9
LEGN,21.92,3,"[0, 0, 0, 1, 0, 0, 1, 0, 1, 0]",26.29,23.97,36.54,16.65,2838029.6
PRM,31.8,8,"[0, 1, 1, 1, 1, 1, 1, 1, 1, 0]",34.23,28.86,37.78,18.42,1511531.35
IFS,54.05,8,"[0, 1, 1, 1, 1, 1, 1, 1, 1, 0]",56.6,47.27,60.68,36.83,254423.0
CROX,128.66,8,"[0, 1, 1, 1, 1, 1, 1, 1, 1, 0]",129.47,100.49,141.19,73.39,1041559.05
CAR,137.62,3,"[0, 0, 0, 0, 1, 0, 1, 0, 1, 0]",159.86,157.48,713.97,87.69,446894.6
M,23.23,7,"[0, 1, 1, 1, 0, 1, 1, 1, 1, 0]",24.05,21.11,26.21,12.41,4586592.45
AVAL,5.41,4,"[0, 0, 0, 0, 0, 0, 1, 1, 1, 1]",,,5.72,3.07,158042.45
KNF,65.45,3,"[0, 0, 0, 0, 1, 1, 0, 0, 1, 0]",77.95,78.52,93.97,59.93,786158.0
DIOD,99.1,9,"[0, 1, 1, 1, 1, 1, 1, 1, 1, 1]",99.81,76.56,122.76,42.36,676190.25
SON,57.2,10,"[1, 1, 1, 1, 1, 1, 1, 1, 1, 1]",54.68,49.25,60.0,37.64,1065205.85
WSC,22.85,7,"[0, 0, 1, 1, 1, 1, 1, 1, 1, 0]",26.33,22.13,29.07,14.84,2906513.2
RELY,25.44,10,"[1, 1, 1, 1, 1, 1, 1, 1, 1, 1]",22.85,17.92,26.3,12.2,3089886.6
SXT,130.14,10,"[1, 1, 1, 1, 1, 1, 1, 1, 1, 1]",121.2,103.46,133.47,82.67,513843.35
ALH,24.0,5,"[0, 0, 1, 1, 1, 0, 0, 1, 1, 0]",26.0,23.83,28.01,19.06,710264.5
ACLS,135.39,7,"[0, 1, 1, 1, 1, 1, 1, 0, 1, 0]",150.78,113.5,191.6,74.12,407494.55
LB,80.82,10,"[1, 1, 1, 1, 1, 1, 1, 1, 1, 1]",73.66,66.41,85.14,44.06,313448.45
STVN,21.2,8,"[1, 1, 1, 1, 0, 0, 1, 1, 1, 1]",19.13,18.42,27.51,13.38,455067.9
BMA,76.08,5,"[0, 0, 0, 1, 0, 1, 1, 1, 1, 0]",90.31,83.05,101.13,37.79,275253.5
GBTG,9.45,9,"[1, 1, 1, 1, 0, 1, 1, 1, 1, 1]",9.4,7.66,9.51,4.97,1258631.2
TDS,34.17,2,"[0, 0, 0, 0, 1, 0, 0, 0, 1, 0]",36.18,40.73,47.5,32.98,1162369.7
NOVT,157.11,10,"[1, 1, 1, 1, 1, 1, 1, 1, 1, 1]",155.59,135.48,168.75,99.22,430131.6
MARA,8.96,3,"[0, 0, 0, 1, 0, 0, 1, 0, 1, 0]",12.22,11.2,22.84,6.73,42811567.6
ACHR,6.32,5,"[1, 1, 0, 0, 0, 0, 1, 0, 1, 1]",5.24,6.65,13.64,4.44,41230772.6
PSMT,176.7,8,"[0, 1, 1, 1, 1, 1, 1, 1, 1, 0]",184.46,152.43,197.13,106.36,247421.45
SYNA,104.83,7,"[0, 1, 1, 1, 1, 1, 1, 0, 1, 0]",119.68,94.32,147.57,58.52,664499.15
OPEN,3.36,1,"[0, 0, 0, 0, 0, 0, 0, 0, 1, 0]",4.24,5.35,10.52,3.22,50571127.5
PBF,75.2,10,"[1, 1, 1, 1, 1, 1, 1, 1, 1, 1]",55.5,41.58,75.2,21.63,3367473.45
INDV,39.43,8,"[0, 1, 1, 1, 1, 1, 1, 1, 1, 0]",39.56,35.29,41.83,22.51,2378219.05
ENPH,37.58,5,"[0, 0, 0, 1, 1, 1, 1, 0, 1, 0]",44.0,40.27,72.33,26.12,4651189.8
KC,10.84,4,"[1, 0, 0, 0, 1, 0, 0, 0, 1, 1]",10.47,12.58,18.21,8.58,1491754.15
MIAX,41.91,3,"[1, 0, 0, 0, 0, 1, 0, 0, 1, 0]",41.65,43.57,56.84,32.77,1230245.6
TGS,27.68,4,"[0, 0, 0, 0, 0, 1, 1, 1, 1, 0]",30.04,30.63,35.32,20.12,205542.75
DNTH,115.54,10,"[1, 1, 1, 1, 1, 1, 1, 1, 1, 1]",97.66,70.54,115.96,22.7,767736.0
SPHR,164.22,10,"[1, 1, 1, 1, 1, 1, 1, 1, 1, 1]",152.95,117.6,176.38,40.01,776710.75
MDU,20.44,5,"[0, 0, 0, 0, 1, 1, 1, 1, 1, 0]",20.87,20.61,22.65,15.53,1418402.35
EBC,23.61,10,"[1, 1, 1, 1, 1, 1, 1, 1, 1, 1]",22.11,19.96,23.65,15.4,2625940.35
HRB,50.94,8,"[1, 1, 1, 1, 0, 0, 1, 1, 1, 1]",41.3,38.01,54.18,27.66,2691367.6
NAVN,29.2,9,"[1, 1, 1, 1, 1, 0, 1, 1, 1, 1]",25.03,17.25,29.71,8.51,2498690.8
AIR,149.02,10,"[1, 1, 1, 1, 1, 1, 1, 1, 1, 1]",137.07,110.9,153.71,71.73,455467.55
VSH,33.52,7,"[0, 1, 1, 1, 1, 1, 1, 0, 1, 0]",44.68,27.72,64.9,11.65,4881746.8
PI,168.07,7,"[1, 1, 1, 1, 0, 0, 1, 0, 1, 1]",144.8,142.13,241.91,91.34,516732.0
MEOH,57.55,9,"[1, 1, 1, 0, 1, 1, 1, 1, 1, 1]",53.15,50.47,65.5,33.17,862951.2
NTSK,15.37,7,"[1, 1, 1, 1, 0, 0, 1, 0, 1, 1]",12.04,13.51,25.79,7.73,4360541.15
QS,5.76,1,"[0, 0, 0, 0, 0, 0, 0, 0, 1, 0]",6.43,8.65,18.44,4.89,23558725.6
CVLT,142.81,6,"[1, 1, 1, 1, 0, 0, 1, 0, 1, 0]",136.56,113.49,195.41,75.18,672419.55
CSTM,27.99,7,"[0, 0, 1, 1, 1, 1, 1, 1, 1, 0]",30.81,25.76,36.15,13.73,1524890.15
LAUR,38.2,10,"[1, 1, 1, 1, 1, 1, 1, 1, 1, 1]",37.4,34.12,40.46,26.06,954658.2
PAM,79.0,5,"[0, 0, 0, 1, 0, 1, 1, 1, 1, 0]",83.54,84.31,92.27,56.55,173586.65
PAGP,26.3,10,"[1, 1, 1, 1, 1, 1, 1, 1, 1, 1]",24.65,21.61,26.33,15.63,1634053.3
CVSA,131.46,9,"[1, 1, 1, 1, 1, 0, 1, 1, 1, 1]",125.56,112.41,154.45,89.36,333151.1
ATMU,49.89,4,"[0, 0, 0, 0, 1, 1, 0, 1, 1, 0]",50.93,54.28,65.5,42.08,743672.15
FTDR,82.92,10,"[1, 1, 1, 1, 1, 1, 1, 1, 1, 1]",75.58,63.06,90.83,49.1,546496.8
MMYT,59.48,7,"[1, 1, 1, 1, 0, 0, 1, 0, 1, 1]",53.93,58.28,103.21,36.3,719572.9
INSW,98.77,10,"[1, 1, 1, 1, 1, 1, 1, 1, 1, 1]",87.56,67.31,98.77,36.79,522021.55
HCC,97.74,9,"[1, 1, 1, 0, 1, 1, 1, 1, 1, 1]",86.18,86.94,110.18,54.95,687244.3
NAMS,27.25,1,"[0, 0, 0, 0, 0, 0, 0, 0, 1, 0]",30.71,33.3,41.45,23.95,1109123.15
KNSA,79.49,10,"[1, 1, 1, 1, 1, 1, 1, 1, 1, 1]",65.2,50.27,80.92,33.04,679281.05
SHC,18.51,9,"[1, 1, 1, 1, 0, 1, 1, 1, 1, 1]",17.56,16.61,19.35,13.13,3270818.6
TBBB,48.06,10,"[1, 1, 1, 1, 1, 1, 1, 1, 1, 1]",41.81,36.37,49.2,24.12,655132.0
HRI,166.82,9,"[1, 1, 1, 1, 0, 1, 1, 1, 1, 1]",152.69,139.52,179.36,90.58,506303.5
NWE,70.61,9,"[1, 1, 1, 1, 1, 1, 1, 1, 1, 0]",70.31,67.24,72.73,53.43,365659.55
FLNC,11.75,2,"[0, 0, 0, 0, 0, 0, 1, 0, 1, 0]",16.95,18.62,32.23,6.75,8171221.95
LGND,287.59,8,"[0, 1, 1, 1, 1, 1, 1, 1, 1, 0]",291.49,226.78,322.61,154.07,283690.05
IPGP,81.31,3,"[0, 0, 0, 0, 1, 1, 0, 0, 1, 0]",101.66,101.88,153.91,71.6,474300.5
CBT,84.26,8,"[0, 1, 1, 1, 1, 1, 1, 1, 1, 0]",87.67,75.42,93.4,57.64,459705.85
GTLB,41.5,8,"[1, 1, 1, 1, 0, 0, 1, 1, 1, 1]",32.93,31.68,51.04,19.42,4280519.8
BCO,109.14,4,"[1, 0, 0, 0, 0, 1, 0, 1, 1, 0]",107.04,112.18,134.96,91.97,549433.45
HAFN,7.78,10,"[1, 1, 1, 1, 1, 1, 1, 1, 1, 1]",7.38,6.75,9.11,4.79,987702.75
WIX,77.16,5,"[1, 1, 0, 0, 0, 0, 1, 0, 1, 1]",53.56,79.83,184.24,40.43,1842317.8
AZZ,146.43,8,"[0, 1, 1, 1, 1, 1, 1, 1, 1, 0]",149.69,130.03,159.9,97.18,241296.8
ONDS,9.06,5,"[1, 0, 0, 0, 1, 0, 1, 0, 1, 1]",8.3,9.39,14.01,3.59,83291261.45
UNF,286.5,9,"[1, 1, 1, 1, 1, 1, 1, 1, 1, 0]",277.93,234.4,301.19,149.3,136451.75
IRDM,49.03,10,"[1, 1, 1, 1, 1, 1, 1, 1, 1, 1]",48.06,31.67,55.72,15.57,1248969.0
STNG,79.34,10,"[1, 1, 1, 1, 1, 1, 1, 1, 1, 1]",76.41,68.96,85.61,44.81,760108.05
TCBI,99.83,7,"[0, 1, 1, 1, 1, 1, 0, 1, 1, 0]",101.39,97.03,107.74,76.93,447724.1
TPC,91.73,10,"[1, 1, 1, 1, 1, 1, 1, 1, 1, 1]",81.77,76.61,99.11,55.85,1006969.9
ENVA,262.0,10,"[1, 1, 1, 1, 1, 1, 1, 1, 1, 1]",227.2,168.48,265.45,104.01,334690.55
PLUG,2.16,3,"[0, 0, 0, 0, 1, 0, 1, 0, 1, 0]",2.4,2.5,4.14,1.41,61763025.35
HNGE,88.24,10,"[1, 1, 1, 1, 1, 1, 1, 1, 1, 1]",78.42,53.45,91.57,31.17,1675086.0
WHD,73.13,10,"[1, 1, 1, 1, 1, 1, 1, 1, 1, 1]",58.31,52.47,73.45,33.12,800735.1
PTEN,12.12,10,"[1, 1, 1, 1, 1, 1, 1, 1, 1, 1]",10.2,8.98,12.74,5.0,8848281.9
SMR,8.64,1,"[0, 0, 0, 0, 0, 0, 0, 0, 1, 0]",9.35,14.46,53.43,7.59,30776956.0
CMBT,17.49,10,"[1, 1, 1, 1, 1, 1, 1, 1, 1, 1]",15.43,12.56,17.49,7.49,834486.65
CNO,54.52,10,"[1, 1, 1, 1, 1, 1, 1, 1, 1, 1]",52.37,44.72,55.68,37.3,604376.85
BETA,26.76,6,"[1, 1, 0, 1, 0, 0, 1, 0, 1, 1]",18.81,26.76,36.8,13.59,1829081.2
CNR,92.03,8,"[1, 1, 1, 0, 1, 0, 1, 1, 1, 1]",86.04,88.68,113.11,69.02,569676.85
BLLN,87.99,4,"[0, 0, 0, 1, 1, 0, 1, 0, 1, 0]",114.23,87.99,149.97,64.03,830048.7
ZETA,28.23,10,"[1, 1, 1, 1, 1, 1, 1, 1, 1, 1]",22.18,19.36,29.62,14.55,9604742.35
NVTS,13.17,7,"[0, 0, 1, 1, 1, 1, 1, 0, 1, 1]",15.52,12.76,31.79,5.54,15399846.7
FHI,63.89,10,"[1, 1, 1, 1, 1, 1, 1, 1, 1, 1]",59.11,54.53,64.57,46.07,516359.1
COLD,14.86,8,"[0, 1, 1, 1, 1, 1, 1, 1, 1, 0]",14.87,12.81,16.25,9.61,3983597.6
LMND,50.12,2,"[0, 0, 0, 0, 0, 1, 0, 0, 1, 0]",59.51,65.47,96.57,47.38,1571530.8
AMRX,18.19,10,"[1, 1, 1, 1, 1, 1, 1, 1, 1, 1]",17.13,13.88,19.1,9.28,1891057.4
LPL,3.3,2,"[0, 0, 0, 0, 0, 0, 0, 0, 1, 1]",3.76,4.25,5.76,2.79,3162093.55
TREX,47.73,8,"[1, 1, 1, 1, 1, 0, 1, 0, 1, 1]",46.21,40.65,64.68,30.13,2170845.05
DOO,68.58,7,"[1, 1, 1, 0, 0, 0, 1, 1, 1, 1]",61.29,66.12,81.22,50.79,211410.9
MTRN,264.03,10,"[1, 1, 1, 1, 1, 1, 1, 1, 1, 1]",255.49,176.69,297.39,108.32,384354.25
XMTR,85.95,8,"[0, 1, 1, 1, 1, 1, 1, 1, 1, 0]",90.74,66.38,104.85,36.1,755248.65
NP,31.5,9,"[1, 1, 1, 1, 1, 0, 1, 1, 1, 1]",30.41,26.44,35.11,17.14,683499.65
LASR,50.0,5,"[0, 0, 0, 1, 1, 1, 1, 0, 1, 0]",64.93,56.37,84.95,25.96,1387062.9
CAAP,22.99,5,"[0, 0, 0, 0, 1, 1, 1, 1, 1, 0]",25.53,25.7,30.35,17.49,197562.15
TNL,72.26,7,"[0, 1, 1, 1, 1, 1, 0, 1, 1, 0]",74.69,70.03,78.45,56.68,772053.05
PVH,78.73,7,"[0, 1, 1, 1, 1, 1, 0, 1, 1, 0]",80.26,76.69,98.77,60.85,864687.9
LBTYA,10.48,3,"[0, 0, 0, 0, 1, 0, 0, 1, 1, 0]",10.95,11.43,13.03,9.69,2793517.2
CRGY,12.95,7,"[1, 1, 1, 0, 1, 1, 0, 0, 1, 1]",10.76,10.52,,,5689021.75
COCO,63.54,8,"[0, 1, 1, 1, 1, 1, 1, 1, 1, 0]",71.76,59.36,84.02,33.52,1101155.0
POWI,58.59,6,"[0, 0, 1, 1, 1, 1, 1, 0, 1, 0]",71.63,54.76,87.35,30.52,647825.55
LEU,175.7,3,"[1, 0, 0, 0, 0, 0, 0, 0, 1, 1]",171.49,218.5,436.0,146.61,619076.8
ANDG,45.75,7,"[1, 1, 0, 1, 0, 0, 1, 1, 1, 1]",41.94,45.75,50.0,18.34,405239.85
KTB,82.3,9,"[1, 1, 1, 1, 1, 1, 1, 1, 1, 0]",81.03,71.19,88.17,56.63,737903.9
MRX,71.88,10,"[1, 1, 1, 1, 1, 1, 1, 1, 1, 1]",63.85,47.22,72.36,27.92,709335.2
ARIS,17.59,8,"[1, 0, 1, 0, 1, 1, 1, 1, 1, 1]",15.44,16.78,22.68,6.74,1587023.15
DLO,13.64,6,"[0, 1, 1, 1, 0, 1, 0, 1, 1, 0]",13.86,13.2,15.57,10.83,2122798.4
GFF,101.24,10,"[1, 1, 1, 1, 1, 1, 1, 1, 1, 1]",94.14,83.28,107.22,66.26,346332.25
TDW,94.13,9,"[1, 1, 1, 0, 1, 1, 1, 1, 1, 1]",75.5,70.36,94.28,47.29,654587.15
OPLN,33.48,8,"[0, 1, 1, 1, 1, 1, 1, 1, 1, 0]",38.72,31.89,42.9,24.49,1375915.05
KAI,309.64,5,"[0, 0, 1, 0, 1, 1, 0, 1, 1, 0]",309.74,307.28,346.52,246.63,116478.1
BBWI,20.04,4,"[0, 0, 0, 1, 1, 0, 1, 0, 1, 0]",20.15,20.11,30.86,14.56,5183368.9
TVTX,63.9,10,"[1, 1, 1, 1, 1, 1, 1, 1, 1, 1]",56.62,40.21,63.9,17.23,1673515.1
CRNX,84.72,10,"[1, 1, 1, 1, 1, 1, 1, 1, 1, 1]",63.82,48.12,84.75,29.09,2489225.4
LIVN,79.86,8,"[0, 1, 1, 1, 1, 1, 1, 1, 1, 0]",79.93,67.63,85.32,49.57,711898.8
NVST,27.82,10,"[1, 1, 1, 1, 1, 1, 1, 1, 1, 1]",26.37,24.71,30.26,18.95,3146489.15
ACMR,84.37,8,"[0, 1, 1, 1, 1, 1, 1, 0, 1, 1]",90.76,60.16,126.89,25.07,1056909.7
UCTT,81.82,7,"[0, 1, 1, 1, 1, 1, 1, 0, 1, 0]",98.57,63.19,142.59,21.65,1412941.5
HGV,43.49,5,"[0, 0, 0, 1, 1, 1, 0, 1, 1, 0]",49.4,45.8,54.69,36.99,1148237.6
PII,67.61,7,"[0, 1, 1, 1, 0, 1, 1, 1, 1, 0]",69.39,64.2,74.7,47.42,863741.45
SKE,31.08,9,"[1, 1, 1, 0, 1, 1, 1, 1, 1, 1]",28.18,27.79,38.12,14.78,523519.7
EE,37.25,9,"[1, 1, 1, 1, 1, 1, 1, 1, 1, 0]",36.64,33.64,42.7,22.84,325785.25
ORKA,113.08,10,"[1, 1, 1, 1, 1, 1, 1, 1, 1, 1]",86.81,52.62,113.08,14.4,882687.45
RNG,65.19,10,"[1, 1, 1, 1, 1, 1, 1, 1, 1, 1]",46.64,36.93,67.78,24.69,2590359.95
CATY,64.2,10,"[1, 1, 1, 1, 1, 1, 1, 1, 1, 1]",61.86,53.43,64.93,44.23,438496.25
ACAD,30.18,9,"[1, 1, 1, 1, 0, 1, 1, 1, 1, 1]",25.22,24.03,30.18,20.06,1745182.45
DAN,30.79,8,"[1, 0, 1, 0, 1, 1, 1, 1, 1, 1]",28.91,29.22,38.62,17.84,1448531.45
EWTX,44.11,10,"[1, 1, 1, 1, 1, 1, 1, 1, 1, 1]",40.2,31.07,48.35,13.7,1189229.25
TAC,12.47,2,"[0, 0, 0, 1, 0, 0, 0, 0, 1, 0]",13.29,13.39,17.66,11.78,1666818.25
SOUN,6.99,3,"[1, 0, 0, 0, 0, 0, 0, 0, 1, 1]",6.71,8.82,21.4,5.7,36097115.3
JOE,67.32,9,"[1, 1, 1, 0, 1, 1, 1, 1, 1, 1]",64.0,63.93,72.44,46.54,203182.0
HP,44.19,10,"[1, 1, 1, 1, 1, 1, 1, 1, 1, 1]",36.04,33.7,44.72,17.35,1305157.15
INDB,85.34,9,"[1, 1, 1, 1, 1, 1, 1, 1, 1, 0]",83.42,77.27,87.17,62.86,346610.0
FG,25.55,2,"[0, 0, 0, 1, 0, 0, 0, 0, 1, 0]",28.33,27.85,34.16,20.28,607700.8
BB,8.58,7,"[0, 1, 1, 1, 1, 1, 1, 0, 1, 0]",9.52,5.77,12.81,3.15,12486475.1
PPTA,23.79,5,"[1, 0, 0, 0, 1, 0, 1, 0, 1, 1]",21.47,26.47,37.22,16.35,1188974.25
LRN,83.76,5,"[0, 0, 1, 1, 1, 0, 1, 0, 1, 0]",87.9,82.52,169.81,61.02,1137185.2
BULL,7.93,6,"[1, 1, 1, 1, 0, 0, 1, 0, 1, 0]",7.2,7.21,15.55,4.63,8400004.05
BELFB,275.97,9,"[0, 1, 1, 1, 1, 1, 1, 1, 1, 1]",283.34,227.13,332.96,127.62,245291.3
WSFS,81.69,10,"[1, 1, 1, 1, 1, 1, 1, 1, 1, 1]",77.58,66.21,82.09,49.8,402716.0
LQDA,74.33,8,"[0, 1, 1, 1, 1, 1, 1, 1, 1, 0]",78.33,48.26,91.03,21.8,1730431.2
ALHC,13.23,2,"[0, 0, 0, 0, 1, 0, 0, 0, 1, 0]",18.94,19.08,24.56,13.2,5943212.05
AAUC,20.99,5,"[0, 0, 0, 0, 1, 1, 1, 0, 1, 1]",22.89,25.83,32.01,12.89,887740.55
CGAU,21.28,9,"[1, 1, 1, 0, 1, 1, 1, 1, 1, 1]",17.22,16.56,21.92,7.05,1638569.1
OII,53.1,10,"[1, 1, 1, 1, 1, 1, 1, 1, 1, 1]",43.48,34.47,54.11,22.2,1190940.6
VKTX,33.37,6,"[0, 1, 0, 1, 0, 1, 1, 1, 1, 0]",34.54,33.75,42.13,23.09,1951821.5
CLSK,11.73,3,"[0, 0, 0, 1, 0, 0, 1, 0, 1, 0]",14.22,12.7,23.2,8.18,20678216.9
SII,117.6,6,"[1, 0, 0, 0, 1, 1, 1, 0, 1, 1]",113.43,118.53,165.32,61.98,190487.75
VECO,50.91,7,"[0, 1, 1, 1, 1, 1, 1, 0, 1, 0]",59.9,42.57,83.04,23.59,866998.65
RUM,8.1,8,"[1, 1, 1, 1, 0, 0, 1, 1, 1, 1]",6.59,6.44,9.75,4.67,3305368.1
WRBY,25.61,8,"[0, 1, 1, 1, 1, 1, 1, 1, 1, 0]",26.62,24.28,30.34,16.49,2792275.05
RXO,22.63,8,"[0, 1, 1, 1, 1, 1, 1, 1, 1, 0]",25.44,18.33,29.29,10.48,2094543.3
BTE,4.68,10,"[1, 1, 1, 1, 1, 1, 1, 1, 1, 1]",4.24,3.89,5.3,1.96,15556974.65
LION,11.69,7,"[0, 1, 1, 1, 1, 1, 1, 0, 1, 0]",13.76,10.58,16.4,5.91,2755093.95
TWST,116.1,10,"[1, 1, 1, 1, 1, 1, 1, 1, 1, 1]",94.31,56.74,125.29,24.16,1536514.85
FIBK,38.46,9,"[1, 1, 1, 1, 1, 1, 1, 1, 1, 0]",37.52,34.64,39.73,27.83,1232544.6
BFH,111.1,10,"[1, 1, 1, 1, 1, 1, 1, 1, 1, 1]",103.27,82.18,113.4,53.59,514755.35
BHF,53.64,4,"[0, 0, 0, 1, 0, 1, 0, 1, 1, 0]",62.82,62.47,66.61,43.36,861673.25
SLG,56.84,9,"[1, 1, 1, 1, 0, 1, 1, 1, 1, 1]",51.91,44.68,62.85,34.32,1063739.45
HYMC,24.19,6,"[1, 0, 0, 0, 1, 1, 1, 0, 1, 1]",23.11,28.82,55.74,3.63,1578427.05
OGN,13.68,10,"[1, 1, 1, 1, 1, 1, 1, 1, 1, 1]",13.5,9.72,13.72,5.68,2624952.25
SIG,84.76,3,"[0, 0, 0, 1, 0, 0, 0, 1, 1, 0]",88.67,89.42,105.18,73.65,626679.5
GNW,10.08,9,"[1, 1, 1, 1, 1, 1, 0, 1, 1, 1]",9.48,8.87,10.16,7.94,2709037.75
HWKN,124.8,2,"[0, 0, 0, 0, 1, 0, 0, 0, 1, 0]",143.35,145.85,182.56,119.68,156386.1
CTRI,22.65,3,"[0, 0, 0, 0, 1, 1, 0, 0, 1, 0]",27.41,28.17,41.8,19.37,2211384.15
RUN,9.26,1,"[0, 0, 0, 0, 0, 0, 0, 0, 1, 0]",11.64,15.17,21.41,9.26,9858549.25
ASO,46.88,3,"[0, 0, 0, 0, 1, 0, 0, 1, 1, 0]",48.62,52.24,60.83,41.39,1232659.05
HSAI,17.11,3,"[1, 0, 0, 0, 0, 0, 0, 0, 1, 1]",16.89,21.34,29.8,14.6,1634022.05
ATS,19.29,2,"[0, 0, 0, 0, 1, 0, 0, 0, 1, 0]",26.23,28.79,35.38,19.29,255654.75
CC,15.42,4,"[0, 0, 0, 0, 1, 1, 1, 0, 1, 0]",18.4,17.7,27.68,10.33,3033741.0
BKU,47.78,9,"[1, 1, 1, 1, 1, 1, 1, 1, 1, 0]",47.68,45.5,50.23,34.64,713748.0
TRMD,30.2,10,"[1, 1, 1, 1, 1, 1, 1, 1, 1, 1]",29.0,25.85,34.08,18.06,448069.9
SUNC,77.93,7,"[1, 1, 0, 1, 0, 0, 1, 1, 1, 1]",69.56,77.93,77.93,45.83,493608.9
MANU,23.51,10,"[1, 1, 1, 1, 1, 1, 1, 1, 1, 1]",22.5,18.48,24.19,15.1,289749.6
AAP,56.96,9,"[0, 1, 1, 1, 1, 1, 1, 1, 1, 1]",57.22,52.24,62.91,38.18,1360439.15
AVNT,43.46,10,"[1, 1, 1, 1, 1, 1, 1, 1, 1, 1]",38.09,35.28,46.34,26.82,896450.6
CVI,36.66,8,"[1, 1, 1, 1, 0, 0, 1, 1, 1, 1]",31.66,30.31,39.76,20.59,951786.45
SA,31.03,9,"[1, 1, 1, 0, 1, 1, 1, 1, 1, 1]",27.66,29.54,39.35,16.19,606247.15
AMBA,74.82,8,"[1, 1, 1, 1, 0, 0, 1, 1, 1, 1]",73.28,70.36,95.51,48.65,1840555.5
APLE,16.07,3,"[0, 0, 0, 0, 0, 0, 1, 1, 1, 0]",,,16.88,10.58,2982133.9
CHEF,108.3,10,"[1, 1, 1, 1, 1, 1, 1, 1, 1, 1]",98.11,73.7,112.22,54.6,699548.65
BEAM,26.57,4,"[0, 0, 0, 1, 1, 0, 1, 0, 1, 0]",30.15,28.08,37.92,16.01,1729252.65
CWK,14.16,5,"[1, 1, 0, 0, 0, 0, 0, 1, 1, 1]",13.48,14.3,17.2,11.8,1771560.9
TNGX,25.44,8,"[0, 1, 1, 1, 1, 1, 1, 1, 1, 0]",28.51,18.37,32.9,6.36,2216201.1
EFXT,21.71,7,"[0, 0, 1, 1, 1, 1, 1, 1, 1, 0]",23.32,20.26,28.36,9.36,692958.65
DAVE,333.14,8,"[0, 1, 1, 1, 1, 1, 1, 1, 1, 0]",354.83,249.51,442.53,155.92,460376.25
FSM,10.45,9,"[1, 1, 1, 0, 1, 1, 1, 1, 1, 1]",8.99,9.81,13.66,6.93,5818683.95
VRNS,43.72,6,"[1, 1, 1, 1, 0, 0, 1, 0, 1, 0]",40.8,32.17,63.31,20.19,1810965.9
NATL,46.0,9,"[1, 1, 1, 1, 1, 1, 1, 1, 1, 0]",45.36,42.07,48.13,34.13,662806.85
ADEA,28.02,9,"[0, 1, 1, 1, 1, 1, 1, 1, 1, 1]",29.02,22.98,33.57,11.64,1167542.35
BTDR,9.0,2,"[0, 0, 0, 1, 0, 0, 0, 0, 1, 0]",13.26,12.45,25.9,7.28,14064160.95
BATRK,52.31,10,"[1, 1, 1, 1, 1, 1, 1, 1, 1, 1]",51.19,44.9,53.58,38.04,558113.95
SEZL,117.18,7,"[0, 1, 1, 1, 1, 1, 1, 0, 1, 0]",153.87,93.22,188.55,50.97,867473.7
BBAR,14.76,5,"[0, 0, 0, 1, 1, 1, 1, 0, 1, 0]",18.87,16.81,21.81,7.85,558524.1
PARR,80.51,10,"[1, 1, 1, 1, 1, 1, 1, 1, 1, 1]",66.84,53.23,85.91,30.1,1140404.05
VCYT,40.68,4,"[0, 0, 0, 1, 0, 1, 1, 0, 1, 0]",52.59,42.32,60.49,28.61,1351173.5
COLM,57.89,5,"[0, 0, 0, 1, 1, 1, 0, 1, 1, 0]",62.39,58.2,67.79,48.18,688793.1
FFBC,33.79,9,"[1, 1, 1, 1, 1, 1, 1, 1, 1, 0]",33.52,28.79,36.18,22.64,835703.8
FSLY,26.59,10,"[1, 1, 1, 1, 1, 1, 1, 1, 1, 1]",20.95,17.84,33.5,7.2,6476727.65
ZIM,28.49,10,"[1, 1, 1, 1, 1, 1, 1, 1, 1, 1]",25.35,23.39,28.81,12.03,1731443.65
RCUS,29.51,10,"[1, 1, 1, 1, 1, 1, 1, 1, 1, 1]",27.59,23.81,31.08,10.06,1152349.6
CALY,16.14,8,"[0, 1, 1, 1, 1, 1, 1, 1, 1, 0]",17.81,14.52,19.66,8.39,1996602.55
BOH,79.08,8,"[0, 1, 1, 1, 1, 1, 1, 1, 1, 0]",80.49,74.14,85.85,58.13,417370.45
UNFI,46.86,8,"[0, 1, 1, 1, 1, 1, 1, 1, 1, 0]",49.0,42.7,55.52,26.76,470832.8
SXI,320.89,10,"[1, 1, 1, 1, 1, 1, 1, 1, 1, 1]",314.11,265.33,357.31,197.88,136259.1
PLAB,31.88,6,"[1, 0, 0, 0, 1, 1, 1, 0, 1, 1]",30.86,35.11,54.96,20.28,822112.95
ERAS,18.1,9,"[1, 1, 1, 1, 1, 1, 1, 1, 1, 0]",17.02,11.61,22.47,1.43,3381829.6
EXTR,23.75,7,"[0, 1, 1, 1, 1, 1, 1, 0, 1, 0]",29.45,20.52,33.71,13.74,1827439.35
YETI,43.24,6,"[0, 0, 0, 1, 1, 1, 1, 1, 1, 0]",49.26,43.77,52.68,32.11,1782613.35
CARG,36.22,9,"[1, 1, 1, 1, 0, 1, 1, 1, 1, 1]",33.41,33.89,39.03,26.96,1017049.1
MPT,4.02,1,"[0, 0, 0, 0, 0, 0, 0, 0, 1, 0]",4.59,4.89,5.8,3.95,7315190.25
DNLI,24.31,10,"[1, 1, 1, 1, 1, 1, 1, 1, 1, 1]",23.89,20.26,27.21,12.75,1385024.65
BKD,12.22,5,"[0, 0, 0, 1, 1, 1, 1, 0, 1, 0]",14.14,13.09,16.77,7.19,5459366.4
CON,35.05,10,"[1, 1, 1, 1, 1, 1, 1, 1, 1, 1]",30.55,23.98,35.53,18.56,973429.1
ETOR,27.77,2,"[0, 0, 0, 1, 0, 0, 0, 0, 1, 0]",37.01,35.38,46.9,24.76,1224679.2
LXP,60.57,10,"[1, 1, 1, 1, 1, 1, 1, 1, 1, 1]",56.42,50.06,60.85,40.48,881544.8
MSGE,81.9,10,"[1, 1, 1, 1, 1, 1, 1, 1, 1, 1]",76.74,62.62,88.42,37.56,380948.25
BWLP,23.07,10,"[1, 1, 1, 1, 1, 1, 1, 1, 1, 1]",20.36,16.44,23.1,11.16,287212.3
KYIV,12.9,6,"[0, 1, 0, 1, 0, 1, 1, 1, 1, 0]",14.15,12.93,16.17,9.33,404798.0
BHE,76.71,8,"[0, 1, 1, 1, 1, 1, 1, 1, 1, 0]",85.12,63.92,98.67,35.65,356291.25
CAKE,106.36,10,"[1, 1, 1, 1, 1, 1, 1, 1, 1, 1]",86.74,63.7,117.29,42.61,2036336.0
HG,35.26,10,"[1, 1, 1, 1, 1, 1, 1, 1, 1, 1]",33.84,29.26,37.28,21.68,422692.45
DHT,19.31,10,"[1, 1, 1, 1, 1, 1, 1, 1, 1, 1]",16.99,14.78,19.31,9.46,2885557.05
AEHR,123.25,10,"[1, 1, 1, 1, 1, 1, 1, 1, 1, 1]",94.51,58.43,145.61,17.38,2573062.05
OLN,18.48,2,"[0, 0, 0, 0, 1, 0, 0, 0, 1, 0]",21.45,23.23,29.93,18.01,2852045.2
SBLK,30.13,10,"[1, 1, 1, 1, 1, 1, 1, 1, 1, 1]",26.92,23.09,30.13,16.14,1451242.35
VC,105.56,5,"[0, 1, 1, 1, 1, 0, 0, 0, 1, 0]",108.6,102.07,,,473011.45
TTAM,15.14,5,"[0, 0, 0, 1, 1, 1, 0, 1, 1, 0]",16.91,16.49,19.32,14.13,258821.3
BKV,26.65,7,"[1, 0, 0, 0, 1, 1, 1, 1, 1, 1]",25.54,27.39,32.16,20.24,912954.05
HIMX,14.37,8,"[0, 1, 1, 1, 1, 1, 1, 0, 1, 1]",14.72,11.27,23.77,6.81,1515922.45
BANC,19.3,7,"[0, 1, 1, 1, 1, 1, 0, 1, 1, 0]",20.03,18.89,21.48,15.19,3536462.95
SBCF,35.54,9,"[1, 1, 1, 1, 1, 1, 0, 1, 1, 1]",33.03,31.74,36.13,28.28,950271.6
KN,36.06,9,"[0, 1, 1, 1, 1, 1, 1, 1, 1, 1]",38.28,29.43,42.8,20.34,1001723.7
ALMS,24.88,7,"[0, 0, 1, 1, 1, 1, 1, 1, 1, 0]",25.84,21.03,30.3,3.95,879273.0
SDRL,46.49,9,"[1, 1, 1, 0, 1, 1, 1, 1, 1, 1]",42.49,40.76,54.8,28.4,718597.6
CRVL,67.34,7,"[1, 1, 1, 1, 0, 0, 1, 0, 1, 1]",61.61,61.88,92.64,46.0,178043.2
ITGR,125.09,10,"[1, 1, 1, 1, 1, 1, 1, 1, 1, 1]",101.96,86.78,126.07,63.32,1644104.75
SUPN,49.03,7,"[1, 1, 1, 0, 1, 0, 0, 1, 1, 1]",46.45,48.83,57.0,42.0,1019485.6
XXI,4.84,1,"[0, 0, 0, 0, 0, 0, 0, 0, 1, 0]",5.14,8.16,25.65,4.35,1773409.1
LFST,12.36,10,"[1, 1, 1, 1, 1, 1, 1, 1, 1, 1]",10.27,7.71,12.55,4.81,4183589.6
TDC,28.47,6,"[0, 0, 0, 1, 1, 1, 1, 1, 1, 0]",31.49,29.53,37.88,20.42,3403390.4
NMRK,15.18,3,"[1, 0, 0, 0, 0, 0, 0, 1, 1, 0]",15.1,15.77,19.35,13.72,1359051.8
ERO,32.97,9,"[1, 1, 1, 0, 1, 1, 1, 1, 1, 1]",28.23,27.87,38.03,13.56,1258098.3
JOYY,73.74,10,"[1, 1, 1, 1, 1, 1, 1, 1, 1, 1]",69.66,61.85,74.88,45.78,260098.8
EXK,9.66,7,"[1, 0, 1, 0, 1, 1, 1, 0, 1, 1]",8.46,9.63,14.12,5.31,8005914.05
SHOO,46.75,10,"[1, 1, 1, 1, 1, 1, 1, 1, 1, 1]",44.23,40.21,49.07,26.01,994997.7
PHIN,73.7,7,"[0, 0, 1, 1, 1, 1, 1, 1, 1, 0]",78.93,69.48,85.16,50.78,370047.0
ARX,19.56,8,"[1, 1, 1, 1, 0, 1, 1, 0, 1, 1]",13.72,13.63,30.05,9.36,6953850.2
KALU,161.24,9,"[0, 1, 1, 1, 1, 1, 1, 1, 1, 1]",174.52,140.28,194.8,72.24,280700.6
DBRG,15.91,10,"[1, 1, 1, 1, 1, 1, 1, 1, 1, 1]",15.79,14.73,15.94,9.15,3196722.45
PAGS,8.44,3,"[0, 0, 0, 0, 1, 1, 0, 0, 1, 0]",9.03,9.7,11.72,8.18,2859000.9
CECO,76.55,8,"[0, 1, 1, 1, 1, 1, 1, 1, 1, 0]",81.84,68.59,99.67,44.73,1083095.5
WT,22.86,10,"[1, 1, 1, 1, 1, 1, 1, 1, 1, 1]",19.41,16.03,23.09,10.68,2362016.8
PFS,24.46,10,"[1, 1, 1, 1, 1, 1, 1, 1, 1, 1]",23.53,21.24,25.04,17.11,965229.55
TRN,29.67,5,"[0, 0, 0, 1, 1, 1, 0, 1, 1, 0]",33.76,30.79,38.07,24.19,788573.5
DYN,26.0,9,"[1, 1, 1, 1, 0, 1, 1, 1, 1, 1]",22.76,19.57,26.71,11.97,2336141.5
GEO,30.91,10,"[1, 1, 1, 1, 1, 1, 1, 1, 1, 1]",29.63,20.3,31.75,13.26,1749784.8
LCII,103.27,4,"[1, 0, 0, 0, 1, 1, 0, 0, 1, 0]",101.08,116.47,154.08,82.3,276460.55
TNK,89.1,10,"[1, 1, 1, 1, 1, 1, 1, 1, 1, 1]",74.18,67.65,89.11,42.62,349791.0
BTU,25.18,5,"[1, 0, 0, 0, 1, 0, 1, 0, 1, 1]",24.1,28.9,39.25,15.83,2490271.35
NTCT,38.94,8,"[0, 1, 1, 1, 1, 1, 1, 1, 1, 0]",40.92,33.14,44.84,22.66,594113.85
DK,68.22,10,"[1, 1, 1, 1, 1, 1, 1, 1, 1, 1]",56.12,42.47,68.3,22.23,1324737.8
PTRN,20.65,7,"[0, 1, 1, 1, 1, 1, 1, 0, 1, 0]",23.67,16.32,29.4,9.59,1856152.4
GRND,15.96,9,"[1, 1, 1, 1, 0, 1, 1, 1, 1, 1]",14.84,13.26,17.94,9.85,1814486.4
TXG,55.63,10,"[1, 1, 1, 1, 1, 1, 1, 1, 1, 1]",42.72,25.8,58.57,11.34,3015868.1
CLMT,50.81,10,"[1, 1, 1, 1, 1, 1, 1, 1, 1, 1]",39.19,29.31,50.81,13.26,1383805.25
AEO,16.35,3,"[0, 0, 0, 0, 0, 1, 1, 0, 1, 0]",17.21,19.53,27.66,11.85,4150901.95
INOD,61.62,5,"[0, 0, 1, 1, 1, 0, 1, 0, 1, 0]",73.02,61.21,121.5,34.45,1542857.2
GPCR,53.53,7,"[1, 0, 1, 0, 1, 1, 1, 0, 1, 1]",48.99,53.23,93.79,18.57,549649.65
IHS,8.33,10,"[1, 1, 1, 1, 1, 1, 1, 1, 1, 1]",8.24,7.88,8.73,6.24,577074.2
AYA,24.99,10,"[1, 1, 1, 1, 1, 1, 1, 1, 1, 1]",20.73,17.09,28.04,8.33,798429.0
SPNT,23.55,8,"[0, 1, 1, 1, 1, 1, 1, 1, 1, 0]",23.71,21.91,26.31,17.48,663674.55
KMT,30.74,4,"[0, 0, 0, 0, 1, 1, 1, 0, 1, 0]",33.75,33.4,42.76,19.96,1621789.45
STUB,7.13,2,"[0, 0, 0, 1, 0, 0, 0, 0, 1, 0]",10.19,10.77,22.0,6.09,6653240.2
FA,20.95,9,"[1, 1, 1, 1, 1, 1, 1, 1, 1, 0]",19.26,14.66,24.12,8.95,2739614.25
NKTR,73.64,9,"[1, 1, 1, 1, 1, 1, 1, 0, 1, 1]",67.8,63.78,100.35,26.72,698002.4
EOSE,3.67,1,"[0, 0, 0, 0, 0, 0, 0, 0, 1, 0]",4.87,9.17,19.19,3.14,26792682.5
UAA,5.07,4,"[0, 0, 0, 1, 1, 1, 0, 0, 1, 0]",6.32,5.89,8.14,4.17,9036615.6
UA,4.94,4,"[0, 0, 0, 1, 1, 1, 0, 0, 1, 0]",6.2,5.73,7.88,3.96,2840746.9
DBD,68.59,5,"[0, 0, 0, 1, 1, 1, 0, 1, 1, 0]",81.05,74.62,90.75,54.9,305686.1
BKE,43.11,3,"[0, 0, 0, 0, 0, 0, 0, 1, 1, 1]",43.63,49.27,56.63,41.12,401209.1
UNIT,9.91,8,"[0, 1, 1, 1, 1, 1, 1, 1, 1, 0]",10.88,9.02,12.75,5.36,2257201.2
ARCB,138.81,8,"[0, 1, 1, 1, 1, 1, 1, 1, 1, 0]",148.71,107.82,173.07,59.44,375076.8
NN,19.17,9,"[1, 1, 1, 0, 1, 1, 1, 1, 1, 1]",17.09,16.68,23.59,11.37,3403061.35
HOG,27.23,8,"[1, 1, 1, 1, 0, 0, 1, 1, 1, 1]",25.6,22.61,30.05,17.06,2493803.6
ATRO,86.12,10,"[1, 1, 1, 1, 1, 1, 1, 1, 1, 1]",75.43,59.09,93.45,27.13,667326.85
CLDX,41.79,10,"[1, 1, 1, 1, 1, 1, 1, 1, 1, 1]",36.55,30.44,44.87,20.89,927987.05
VAC,115.04,10,"[1, 1, 1, 1, 1, 1, 1, 1, 1, 1]",100.73,71.91,124.75,43.9,514504.1
ARQT,26.54,8,"[1, 1, 1, 1, 0, 1, 1, 1, 1, 0]",26.29,25.57,31.2,15.32,1567654.35
GRAL,70.89,4,"[1, 1, 0, 0, 0, 0, 1, 0, 1, 0]",67.26,73.74,116.06,31.42,695171.7
VISN,11.38,8,"[0, 1, 1, 1, 1, 1, 1, 1, 1, 0]",12.1,10.09,12.88,7.3,8190911.95
TARS,71.03,7,"[1, 1, 1, 0, 0, 0, 1, 1, 1, 1]",62.76,68.61,82.51,49.36,796309.9
NGVT,73.99,9,"[1, 1, 1, 1, 1, 1, 1, 1, 1, 0]",73.2,67.11,77.87,46.2,237437.0
AMSC,31.02,2,"[0, 0, 0, 0, 1, 0, 0, 0, 1, 0]",35.58,36.81,66.68,25.95,811470.2
WAFD,37.46,9,"[1, 1, 1, 1, 1, 1, 1, 1, 1, 0]",37.28,33.52,39.32,27.16,580886.1
HUN,10.05,4,"[0, 0, 0, 0, 1, 1, 1, 0, 1, 0]",11.7,11.76,15.89,7.27,3446551.8
HUBG,39.69,5,"[0, 0, 0, 1, 1, 1, 0, 1, 1, 0]",45.31,41.85,52.19,32.8,1240603.2
TRMK,47.69,10,"[1, 1, 1, 1, 1, 1, 1, 1, 1, 1]",46.36,42.66,48.52,36.04,422569.4
IRON,80.2,9,"[1, 1, 1, 1, 0, 1, 1, 1, 1, 1]",74.5,74.65,94.11,55.95,324644.8
CUBI,80.76,10,"[1, 1, 1, 1, 1, 1, 1, 1, 1, 1]",78.38,74.04,83.65,60.52,275240.75
VERA,32.28,4,"[0, 0, 0, 0, 1, 1, 1, 0, 1, 0]",35.97,38.92,55.67,21.34,2141557.45
ICHR,66.08,7,"[0, 1, 1, 1, 1, 1, 1, 0, 1, 0]",84.01,51.76,112.28,14.25,965307.4
RARE,25.49,4,"[0, 1, 0, 1, 0, 0, 1, 0, 1, 0]",27.86,26.67,36.54,18.5,1920218.7
KOD,40.65,9,"[1, 1, 1, 1, 1, 1, 1, 1, 1, 0]",38.7,31.54,46.44,8.55,572953.75
SAH,77.31,7,"[0, 1, 1, 1, 1, 1, 1, 0, 1, 0]",87.85,71.08,112.66,57.63,312859.65
DRD,24.3,4,"[1, 0, 0, 0, 0, 0, 1, 0, 1, 1]",22.23,28.34,38.8,14.42,288743.35
HE,11.56,3,"[0, 0, 0, 0, 1, 1, 0, 0, 1, 0]",13.07,13.73,17.08,10.89,1882233.3
IMNM,27.56,9,"[1, 1, 1, 0, 1, 1, 1, 1, 1, 1]",22.24,21.47,27.99,8.99,1015108.4
FRSH,12.73,9,"[1, 1, 1, 1, 0, 1, 1, 1, 1, 1]",10.54,10.07,13.97,6.88,10560269.4
NSIT,149.24,10,"[1, 1, 1, 1, 1, 1, 1, 1, 1, 1]",123.18,93.52,156.6,64.43,476011.0
HTFL,45.23,8,"[1, 1, 1, 1, 0, 0, 1, 1, 1, 1]",29.64,28.97,45.23,20.49,1751514.75
OSW,26.18,8,"[0, 1, 1, 1, 1, 1, 1, 1, 1, 0]",26.42,23.05,28.68,19.28,898635.55
SEDG,29.82,4,"[0, 0, 0, 1, 1, 1, 0, 0, 1, 0]",48.56,42.39,78.51,28.47,3830931.2
ROG,136.75,9,"[0, 1, 1, 1, 1, 1, 1, 1, 1, 1]",141.98,114.74,167.09,74.01,251947.9
ATKR,93.44,10,"[1, 1, 1, 1, 1, 1, 1, 1, 1, 1]",80.2,70.35,93.87,55.06,1420554.55
TALO,16.36,10,"[1, 1, 1, 1, 1, 1, 1, 1, 1, 1]",14.41,13.28,16.59,8.2,1986587.45
IDYA,37.93,9,"[1, 1, 1, 1, 0, 1, 1, 1, 1, 1]",34.89,33.11,40.51,23.39,714625.75
ELVN,60.07,10,"[1, 1, 1, 1, 1, 1, 1, 1, 1, 1]",50.28,34.6,61.11,15.14,1026333.6
DGII,81.04,10,"[1, 1, 1, 1, 1, 1, 1, 1, 1, 1]",71.27,54.24,85.24,32.92,351435.05
LWLG,6.64,4,"[0, 0, 0, 0, 1, 1, 1, 0, 1, 0]",7.69,7.15,18.22,2.05,3233419.8
TMC,3.92,1,"[0, 0, 0, 0, 0, 0, 0, 0, 1, 0]",4.28,5.65,10.69,3.45,4986864.2
LMAT,81.52,3,"[0, 0, 0, 0, 1, 1, 0, 0, 1, 0]",94.43,94.98,117.1,79.0,443518.25
MTX,71.72,7,"[0, 0, 1, 1, 1, 1, 1, 1, 1, 0]",74.91,69.09,82.57,54.7,209962.55
BRZE,29.12,8,"[1, 1, 1, 1, 0, 0, 1, 1, 1, 1]",24.16,24.48,36.19,15.79,2131159.3
AAMI,91.83,10,"[1, 1, 1, 1, 1, 1, 1, 1, 1, 1]",81.08,61.26,93.16,41.78,386043.65
RLAY,20.61,10,"[1, 1, 1, 1, 1, 1, 1, 1, 1, 1]",18.1,11.96,20.75,3.4,2161135.8
MLYS,26.61,3,"[1, 0, 0, 0, 0, 0, 1, 0, 1, 0]",26.36,30.81,47.33,14.47,725419.4
FBNC,66.09,9,"[1, 1, 1, 1, 1, 1, 1, 1, 1, 0]",63.04,57.1,66.34,45.74,208939.15
ANDE,68.86,7,"[0, 0, 1, 1, 1, 1, 1, 1, 1, 0]",70.94,64.54,79.24,37.73,337517.8
VNET,6.58,2,"[0, 0, 0, 0, 1, 0, 0, 0, 1, 0]",7.98,9.31,14.03,6.29,4611628.1
HTO,63.3,9,"[1, 1, 1, 1, 1, 1, 1, 1, 1, 0]",60.47,54.43,64.97,43.43,414884.05
DXPE,197.62,10,"[1, 1, 1, 1, 1, 1, 1, 1, 1, 1]",169.83,140.63,200.84,85.53,145450.95
PTON,5.31,4,"[0, 1, 0, 1, 0, 0, 1, 0, 1, 0]",5.89,5.63,9.0,3.71,9099110.85
SGML,11.03,5,"[0, 0, 0, 0, 1, 1, 1, 0, 1, 1]",11.97,13.01,23.65,4.68,1764442.45
TENB,36.34,8,"[1, 1, 1, 1, 0, 1, 1, 1, 1, 0]",33.9,25.55,42.65,16.04,3278640.55
DFTX,46.18,10,"[1, 1, 1, 1, 1, 1, 1, 1, 1, 1]",39.88,22.83,48.45,8.88,2165575.3
VERX,12.83,2,"[1, 0, 0, 0, 0, 0, 0, 0, 1, 0]",12.32,15.24,25.94,10.58,2768289.5
PLUS,86.14,7,"[1, 1, 1, 1, 0, 1, 0, 1, 1, 0]",85.95,84.06,97.05,68.93,255015.45
AERO,14.8,2,"[0, 0, 0, 0, 1, 0, 0, 0, 1, 0]",16.38,14.8,22.91,12.36,251531.75
AMPX,10.71,3,"[0, 0, 0, 0, 1, 0, 1, 0, 1, 0]",12.39,13.74,22.91,6.74,6322217.35
AMR,169.44,4,"[1, 0, 0, 0, 1, 0, 0, 0, 1, 1]",164.28,184.96,249.65,135.9,317532.15
COHU,59.22,10,"[1, 1, 1, 1, 1, 1, 1, 1, 1, 1]",56.5,38.28,73.91,18.74,1086662.55
AESI,12.65,5,"[0, 0, 0, 1, 1, 1, 1, 0, 1, 0]",14.1,12.86,19.75,8.1,3848519.55
NESR,35.29,10,"[1, 1, 1, 1, 1, 1, 1, 1, 1, 1]",28.07,21.84,36.31,7.29,2134444.75
WTTR,21.09,10,"[1, 1, 1, 1, 1, 1, 1, 1, 1, 1]",19.34,14.89,22.18,7.79,1877382.9
CDNL,45.14,4,"[0, 0, 0, 1, 1, 0, 1, 0, 1, 0]",66.76,45.14,94.31,22.03,902062.5
ACHC,27.46,8,"[0, 1, 1, 1, 1, 1, 1, 1, 1, 0]",29.36,22.23,34.78,11.68,2517512.2
MNR,12.6,8,"[0, 1, 1, 1, 1, 1, 1, 1, 1, 0]",12.67,11.8,13.87,9.65,307337.2
GRDN,38.28,8,"[0, 1, 1, 1, 1, 1, 1, 1, 1, 0]",40.74,35.08,43.83,23.41,374176.5
CEPU,12.77,3,"[0, 0, 0, 0, 0, 1, 1, 0, 1, 0]",14.66,15.39,17.95,7.68,232636.8
PRDO,32.66,5,"[0, 0, 1, 0, 1, 0, 0, 1, 1, 1]",33.12,32.54,37.77,27.01,722504.7
HLIO,79.43,8,"[0, 1, 1, 1, 1, 1, 1, 1, 1, 0]",82.87,69.1,92.74,46.89,301727.75
WOLF,31.46,6,"[0, 1, 1, 1, 1, 0, 1, 0, 1, 0]",36.27,28.42,73.5,14.8,4515635.9
NTB,61.51,9,"[1, 1, 1, 1, 1, 1, 1, 1, 1, 0]",59.91,52.79,63.91,39.94,189685.85
FUN,15.75,3,"[0, 0, 0, 1, 1, 0, 0, 0, 1, 0]",19.63,17.97,26.74,12.83,2399308.0
BLBD,61.46,7,"[0, 0, 1, 1, 1, 1, 1, 1, 1, 0]",73.59,60.66,81.5,46.59,632574.7
KEEL,3.16,4,"[0, 0, 0, 1, 1, 0, 1, 0, 1, 0]",4.68,3.39,6.66,1.23,36145013.3
PENG,58.36,8,"[0, 1, 1, 1, 1, 1, 1, 0, 1, 1]",62.39,34.71,81.39,16.24,2206614.25
AXGN,50.19,10,"[1, 1, 1, 1, 1, 1, 1, 1, 1, 1]",43.68,35.54,50.19,14.79,1007398.9
PENN,18.29,8,"[0, 1, 1, 1, 1, 1, 1, 1, 1, 0]",20.51,16.36,22.06,11.76,2690521.15
CMPR,89.68,8,"[0, 1, 1, 1, 1, 1, 1, 1, 1, 0]",95.42,81.22,105.31,57.1,189042.45
FLOC,22.92,9,"[1, 1, 1, 0, 1, 1, 1, 1, 1, 1]",21.53,21.07,27.98,14.02,550216.35
DRH,12.49,9,"[1, 1, 1, 1, 1, 1, 1, 1, 1, 0]",12.29,10.16,13.38,7.28,2574976.95
XIFR,11.43,7,"[0, 1, 1, 1, 1, 1, 0, 1, 1, 0]",11.88,10.61,12.77,8.83,988398.25
ADPT,24.56,10,"[1, 1, 1, 1, 1, 1, 1, 1, 1, 1]",21.29,16.99,25.45,12.3,2535639.75
HTH,39.0,8,"[1, 1, 1, 1, 1, 1, 0, 1, 1, 0]",38.44,36.27,39.79,30.38,241515.1
CTOS,9.95,8,"[0, 1, 1, 1, 1, 1, 1, 1, 1, 0]",10.61,7.92,11.97,5.34,1029607.25
DRVN,12.89,2,"[0, 0, 0, 1, 0, 0, 0, 0, 1, 0]",13.85,13.94,19.21,10.3,768608.35
RDW,12.94,9,"[1, 1, 1, 1, 1, 1, 1, 0, 1, 1]",11.59,10.28,25.9,5.06,17781059.3
VVX,81.46,10,"[1, 1, 1, 1, 1, 1, 1, 1, 1, 1]",80.99,68.82,90.81,52.16,847069.8
BCRX,9.7,10,"[1, 1, 1, 1, 1, 1, 1, 1, 1, 1]",9.46,8.36,11.11,6.24,3349417.4
TIC,9.3,6,"[1, 1, 1, 0, 0, 0, 1, 0, 1, 1]",8.21,9.14,14.49,6.54,2559317.65
WERN,38.43,8,"[0, 1, 1, 1, 1, 1, 1, 1, 1, 0]",41.49,34.02,46.31,22.87,1387489.9
CENTA,38.48,9,"[1, 1, 1, 1, 1, 1, 1, 1, 1, 0]",37.88,33.22,40.6,26.27,305148.45
QUBT,8.52,3,"[0, 0, 0, 0, 0, 0, 1, 0, 1, 1]",8.96,9.82,24.62,6.31,8507510.0
ECO,62.03,10,"[1, 1, 1, 1, 1, 1, 1, 1, 1, 1]",51.22,41.53,63.92,21.83,552820.15
BHC,6.93,7,"[1, 1, 1, 0, 0, 0, 1, 1, 1, 1]",5.29,5.87,7.9,4.43,5538545.6
NMM,82.72,10,"[1, 1, 1, 1, 1, 1, 1, 1, 1, 1]",75.09,64.89,82.77,43.05,114634.1
MBIN,54.4,10,"[1, 1, 1, 1, 1, 1, 1, 1, 1, 1]",50.46,42.61,55.72,30.19,168148.6
FLYW,18.25,9,"[1, 1, 1, 1, 1, 1, 1, 1, 1, 0]",16.87,14.36,18.81,10.64,2093345.45
PBI,16.17,8,"[0, 1, 1, 1, 1, 1, 1, 1, 1, 0]",17.38,12.84,18.4,8.84,1624372.15
WLY,51.11,10,"[1, 1, 1, 1, 1, 1, 1, 1, 1, 1]",49.34,38.54,55.72,28.33,424489.05
CMRE,14.93,4,"[0, 0, 0, 0, 0, 0, 1, 1, 1, 1]",,,17.64,10.71,333213.85
SLDE,22.26,10,"[1, 1, 1, 1, 1, 1, 1, 1, 1, 1]",19.48,18.09,22.26,12.7,936880.2
OCUL,11.01,7,"[1, 1, 1, 1, 0, 0, 1, 0, 1, 1]",9.33,9.99,16.11,6.88,2675012.6
ESTA,75.21,8,"[0, 1, 1, 1, 1, 1, 1, 1, 1, 0]",85.17,71.89,94.61,36.84,573475.6
SRPT,18.02,3,"[1, 0, 0, 0, 0, 0, 0, 0, 1, 1]",17.07,19.09,24.45,14.86,2862304.85
IMOS,53.64,7,"[0, 1, 1, 1, 1, 1, 1, 0, 1, 0]",60.15,42.91,75.79,14.89,122774.4
NVCR,17.24,10,"[1, 1, 1, 1, 1, 1, 1, 1, 1, 1]",16.52,13.95,19.99,10.03,1715617.2
DEI,11.57,5,"[0, 1, 1, 1, 0, 0, 1, 0, 1, 0]",11.94,10.91,15.83,8.85,1823266.35
EZPW,29.17,8,"[0, 1, 1, 1, 1, 1, 1, 1, 1, 0]",31.35,26.27,35.59,15.57,1016526.55
PDFS,47.93,7,"[0, 1, 1, 1, 1, 1, 1, 0, 1, 0]",55.24,39.71,70.79,19.2,519660.4
TRVI,18.84,10,"[1, 1, 1, 1, 1, 1, 1, 1, 1, 1]",17.19,13.51,19.5,7.01,2041126.4
DCO,204.27,10,"[1, 1, 1, 1, 1, 1, 1, 1, 1, 1]",176.21,132.24,206.98,86.41,285216.05
WS,36.83,7,"[0, 0, 1, 0, 1, 1, 1, 1, 1, 1]",37.33,36.76,48.27,28.0,196662.7
STOK,32.14,9,"[1, 1, 1, 0, 1, 1, 1, 1, 1, 1]",30.76,31.62,38.35,18.49,800855.65
DHC,7.98,8,"[0, 1, 1, 1, 1, 1, 1, 1, 1, 0]",8.89,6.91,9.6,3.47,1898564.8
TYRA,26.04,4,"[0, 0, 0, 0, 1, 1, 1, 0, 1, 0]",29.38,29.36,39.61,10.2,652183.05
CLBK,11.82,10,"[1, 1, 1, 1, 1, 1, 1, 1, 1, 1]",10.17,8.45,11.82,6.21,6661198.85
MGNI,24.53,9,"[1, 1, 1, 1, 0, 1, 1, 1, 1, 1]",19.6,15.43,26.52,11.2,2994332.8
NGL,17.4,10,"[1, 1, 1, 1, 1, 1, 1, 1, 1, 1]",16.02,12.95,18.36,4.9,232793.6
NTST,20.53,7,"[0, 1, 1, 1, 1, 1, 0, 1, 1, 0]",20.89,19.32,22.26,16.77,1203668.85
ANAB,58.99,10,"[1, 1, 1, 1, 1, 1, 1, 1, 1, 1]",57.85,43.82,69.81,12.93,491414.0
PSNY,14.59,1,"[0, 0, 0, 0, 0, 0, 0, 0, 1, 0]",17.01,18.33,41.1,12.01,136730.35
NEXT,6.92,6,"[0, 0, 1, 1, 1, 1, 1, 0, 1, 0]",7.38,6.65,10.72,4.8,2964166.15
BBAI,3.12,2,"[0, 0, 0, 0, 0, 0, 0, 0, 1, 1]",3.34,4.49,8.91,2.59,23719969.4
ATEN,26.6,7,"[0, 1, 1, 1, 1, 1, 1, 0, 1, 0]",32.66,23.95,38.03,16.43,1378517.7
GTY,32.99,8,"[0, 1, 1, 1, 1, 1, 1, 1, 1, 0]",33.62,30.85,36.25,24.43,418982.2
OMCL,35.97,3,"[0, 0, 0, 0, 1, 1, 0, 0, 1, 0]",40.72,40.61,51.39,29.46,808533.35
SION,5.94,3,"[0, 0, 0, 0, 0, 1, 1, 0, 1, 0]",37.41,39.02,51.04,4.5,4208439.0
SOC,3.99,2,"[0, 0, 0, 0, 1, 0, 0, 0, 1, 0]",6.01,9.61,28.79,3.08,8052897.35
BW,9.14,4,"[0, 0, 0, 0, 1, 1, 1, 0, 1, 0]",12.2,11.35,21.85,1.46,5090600.6
BSTZ,31.07,10,"[1, 1, 1, 1, 1, 1, 1, 1, 1, 1]",29.34,24.28,31.71,18.61,189885.1
NEOG,11.57,10,"[1, 1, 1, 1, 1, 1, 1, 1, 1, 1]",10.01,8.97,12.04,5.27,2334774.4
UTI,25.03,4,"[0, 0, 0, 1, 1, 1, 0, 0, 1, 0]",39.2,33.75,51.2,21.77,1633944.75
INBX,94.62,9,"[1, 1, 1, 1, 1, 1, 1, 0, 1, 1]",91.14,86.23,141.84,23.0,233049.9
AUPH,15.3,6,"[0, 0, 0, 1, 0, 1, 1, 1, 1, 1]",15.89,15.35,18.62,11.05,1140233.3
TSHA,6.19,10,"[1, 1, 1, 1, 1, 1, 1, 1, 1, 1]",6.09,5.32,6.98,2.83,2537172.2
GNL,8.84,5,"[0, 0, 1, 0, 1, 1, 0, 1, 1, 0]",8.96,8.71,9.56,7.06,2833293.95
MBX,66.52,10,"[1, 1, 1, 1, 1, 1, 1, 1, 1, 1]",55.23,37.61,70.7,9.74,496700.35
ASTH,39.16,8,"[0, 1, 1, 1, 1, 1, 1, 1, 1, 0]",41.05,30.58,49.81,18.16,562741.95
LAC,2.96,1,"[0, 0, 0, 0, 0, 0, 0, 0, 1, 0]",3.5,4.58,10.05,2.71,9200330.3
IMAX,50.55,10,"[1, 1, 1, 1, 1, 1, 1, 1, 1, 1]",43.76,38.47,53.26,25.66,1751824.1
FIGS,14.16,9,"[1, 1, 1, 0, 1, 1, 1, 1, 1, 1]",11.42,12.06,17.12,6.57,3389088.4
MD,26.56,10,"[1, 1, 1, 1, 1, 1, 1, 1, 1, 1]",25.31,22.52,27.39,15.8,771066.55
NWL,5.93,10,"[1, 1, 1, 1, 1, 1, 1, 1, 1, 1]",5.4,4.22,6.36,2.94,10224822.5
PHVS,36.1,10,"[1, 1, 1, 1, 1, 1, 1, 1, 1, 1]",33.64,28.52,36.46,20.96,503536.7
PUMP,12.38,4,"[0, 0, 0, 0, 1, 1, 1, 0, 1, 0]",13.16,12.61,18.2,4.52,3937983.6
AGM,229.13,10,"[1, 1, 1, 1, 1, 1, 1, 1, 1, 1]",204.35,174.83,241.74,137.78,101030.25
RAMP,37.43,8,"[0, 1, 1, 1, 1, 1, 1, 1, 1, 0]",37.69,30.76,38.01,22.42,843162.7
LAR,6.16,4,"[0, 0, 0, 0, 1, 1, 1, 0, 1, 0]",7.33,7.25,11.79,3.02,1998828.65
PRKS,45.03,7,"[0, 1, 1, 1, 1, 0, 1, 1, 1, 0]",45.46,38.35,55.21,29.73,668377.0
SNDX,19.92,5,"[0, 0, 0, 0, 1, 1, 1, 1, 1, 0]",20.37,20.56,25.15,13.11,1367986.75
JBLU,5.04,5,"[0, 0, 0, 1, 1, 1, 0, 1, 1, 0]",5.6,5.07,6.46,4.03,35206146.0
ARCO,7.7,4,"[0, 0, 0, 0, 1, 1, 0, 1, 1, 0]",8.24,8.0,9.42,6.47,1097750.7
NEXA,13.49,10,"[1, 1, 1, 1, 1, 1, 1, 1, 1, 1]",13.36,11.42,16.55,4.71,583485.9
AGRO,9.81,4,"[0, 0, 0, 0, 1, 1, 1, 0, 1, 0]",10.05,10.2,15.18,7.07,806193.75
HTZ,2.08,3,"[0, 0, 0, 0, 0, 0, 1, 0, 1, 1]",2.71,4.67,7.81,1.51,54430232.5
SPB,88.0,9,"[1, 1, 1, 1, 1, 1, 1, 1, 1, 0]",85.97,73.1,90.97,49.33,383330.3
BLX,54.65,8,"[0, 1, 1, 1, 1, 1, 1, 1, 1, 0]",57.9,50.0,62.03,40.7,154623.85
MESO,16.67,5,"[1, 1, 1, 0, 0, 0, 0, 1, 1, 0]",15.13,16.02,20.96,12.88,215722.9
OCS,13.19,4,"[1, 0, 0, 0, 1, 0, 0, 0, 1, 1]",12.24,21.63,32.65,10.71,294935.75
ANIP,76.87,3,"[0, 0, 0, 1, 0, 0, 0, 1, 1, 0]",80.55,80.52,98.81,70.49,372042.55
PGNY,25.71,7,"[0, 1, 1, 1, 0, 1, 1, 1, 1, 0]",28.82,23.72,32.36,16.3,1137244.75
INVX,30.15,10,"[1, 1, 1, 1, 1, 1, 1, 1, 1, 1]",27.12,25.32,31.63,16.04,748086.1
CASH,84.64,5,"[0, 0, 1, 0, 1, 1, 0, 1, 1, 0]",86.56,83.46,99.87,66.35,186014.2
RAPP,49.01,10,"[1, 1, 1, 1, 1, 1, 1, 1, 1, 1]",41.02,33.09,49.01,14.24,297136.6
SNDA,40.49,10,"[1, 1, 1, 1, 1, 1, 1, 1, 1, 1]",38.82,34.69,43.07,25.32,464989.1
TPB,86.5,3,"[1, 0, 0, 0, 0, 0, 0, 0, 1, 1]",83.26,95.73,142.7,70.52,362702.45
VET,12.23,9,"[1, 1, 1, 0, 1, 1, 1, 1, 1, 1]",10.42,10.43,14.29,6.95,1645511.3
BORR,4.43,6,"[1, 0, 0, 0, 1, 1, 1, 0, 1, 1]",4.3,4.71,6.61,2.35,5822548.2
ECPG,102.21,10,"[1, 1, 1, 1, 1, 1, 1, 1, 1, 1]",90.19,70.14,103.74,40.53,412161.85
SONO,15.79,7,"[1, 1, 1, 1, 0, 0, 0, 1, 1, 1]",14.93,15.53,19.16,12.7,1891757.4
WBTN,8.25,1,"[0, 0, 0, 0, 0, 0, 0, 0, 1, 0]",10.51,11.93,21.31,8.25,383238.05
ADNT,19.48,2,"[0, 0, 0, 0, 1, 0, 0, 0, 1, 0]",20.36,21.08,27.09,17.8,985715.2
UFPT,313.99,10,"[1, 1, 1, 1, 1, 1, 1, 1, 1, 1]",261.51,231.55,334.84,185.28,199245.25
CLVT,1.89,1,"[0, 0, 0, 0, 0, 0, 0, 0, 1, 0]",2.13,2.65,4.5,1.68,5635217.6
AIN,62.72,8,"[0, 1, 1, 1, 1, 1, 1, 1, 1, 0]",70.4,58.53,76.29,40.8,331121.15
CTS,59.97,9,"[0, 1, 1, 1, 1, 1, 1, 1, 1, 1]",63.52,53.31,68.27,36.39,208529.0
VOYG,42.24,10,"[1, 1, 1, 1, 1, 1, 1, 1, 1, 1]",34.07,30.22,51.77,17.99,1671749.2
ZYME,26.07,9,"[1, 1, 1, 0, 1, 1, 1, 1, 1, 1]",24.16,24.27,28.56,14.01,462388.1
CAPR,7.08,4,"[0, 0, 0, 0, 1, 1, 1, 0, 1, 0]",17.59,23.13,35.34,3.85,11463925.05
PSIX,37.23,4,"[1, 0, 0, 0, 0, 0, 1, 0, 1, 1]",36.23,59.1,115.78,25.44,561760.4
LOB,42.6,9,"[1, 1, 1, 1, 1, 1, 1, 1, 1, 0]",41.06,36.93,43.76,29.34,232109.85
XPRO,18.37,9,"[1, 1, 1, 0, 1, 1, 1, 1, 1, 1]",15.81,15.68,18.71,11.23,932923.35
PVLA,150.42,10,"[1, 1, 1, 1, 1, 1, 1, 1, 1, 1]",137.28,113.23,157.77,48.5,188922.2
FLNG,31.1,9,"[1, 1, 1, 1, 1, 1, 1, 1, 1, 0]",30.27,27.77,32.46,22.36,275397.35
SFL,12.43,10,"[1, 1, 1, 1, 1, 1, 1, 1, 1, 1]",11.39,9.88,12.57,6.59,1298853.95
CYD,45.63,9,"[0, 1, 1, 1, 1, 1, 1, 1, 1, 1]",47.25,43.11,58.55,29.71,101814.25
TILE,38.52,10,"[1, 1, 1, 1, 1, 1, 1, 1, 1, 1]",33.92,29.81,38.73,24.4,450303.35
PCT,6.88,3,"[0, 0, 0, 0, 0, 0, 1, 0, 1, 1]",7.73,8.5,15.13,5.06,4292932.1
LPG,48.75,10,"[1, 1, 1, 1, 1, 1, 1, 1, 1, 1]",41.58,33.12,48.75,22.34,613122.0
TE,4.65,4,"[0, 0, 0, 0, 1, 1, 1, 0, 1, 0]",6.81,6.46,12.04,1.33,40628422.05
WLTH,8.96,2,"[0, 0, 0, 0, 1, 0, 0, 0, 1, 0]",9.21,8.96,13.95,7.2,894243.8
VRDN,23.93,5,"[1, 1, 0, 0, 0, 0, 1, 0, 1, 1]",19.06,24.02,33.78,13.3,1951458.1
NRIX,26.93,10,"[1, 1, 1, 1, 1, 1, 1, 1, 1, 1]",22.09,17.83,27.19,8.24,1029754.7
QURE,47.38,7,"[1, 1, 1, 1, 0, 0, 1, 0, 1, 1]",40.82,27.8,70.59,9.03,1354884.5
DV,13.27,9,"[1, 1, 1, 1, 0, 1, 1, 1, 1, 1]",11.36,10.66,16.27,8.61,5258649.85
FIVN,32.45,10,"[1, 1, 1, 1, 1, 1, 1, 1, 1, 1]",25.21,20.5,34.48,13.61,3787264.55
INVA,21.25,4,"[0, 0, 0, 0, 1, 1, 0, 1, 1, 0]",21.94,21.67,24.24,16.67,679427.95
OPRA,19.51,9,"[1, 1, 1, 1, 1, 1, 1, 1, 1, 0]",19.01,15.59,20.51,11.56,317291.85
ARDX,3.92,2,"[0, 0, 0, 0, 1, 0, 0, 0, 1, 0]",5.17,5.98,7.99,3.91,4733107.6
POET,8.48,7,"[0, 0, 1, 1, 1, 1, 1, 0, 1, 1]",9.19,7.98,20.57,4.17,12999536.75
NUVB,6.96,8,"[1, 1, 1, 1, 0, 1, 1, 0, 1, 1]",5.92,5.82,9.54,2.69,6038954.4
PEB,18.3,8,"[0, 1, 1, 1, 1, 1, 1, 1, 1, 0]",18.42,13.94,19.41,9.97,2204715.0
NTLA,11.6,4,"[0, 0, 0, 0, 1, 0, 1, 0, 1, 1]",13.29,12.42,27.98,8.04,3310053.1
NVAX,7.93,2,"[0, 0, 0, 0, 1, 0, 0, 0, 1, 0]",8.46,8.43,11.19,6.22,3060560.5
SKYT,32.46,8,"[0, 1, 1, 1, 1, 1, 1, 1, 1, 0]",35.16,27.54,39.91,9.84,585192.85
ARLO,13.38,2,"[0, 0, 0, 0, 0, 0, 0, 0, 1, 1]",13.48,13.88,19.44,11.23,1393652.55
PRLB,84.88,10,"[1, 1, 1, 1, 1, 1, 1, 1, 1, 1]",79.99,63.77,92.32,46.81,187038.05
DCOM,40.63,9,"[1, 1, 1, 1, 1, 1, 1, 1, 1, 0]",39.83,34.04,41.74,25.24,337433.3
GLUE,15.03,5,"[0, 0, 0, 1, 1, 1, 1, 0, 1, 0]",19.81,18.34,25.31,4.4,1497042.2
AMLX,35.11,10,"[1, 1, 1, 1, 1, 1, 1, 1, 1, 1]",18.42,15.29,35.11,7.82,3037429.5
CLOV,4.23,8,"[0, 1, 1, 1, 1, 1, 1, 1, 1, 0]",4.68,3.05,5.41,1.7,4521574.55
REX,44.12,8,"[0, 1, 1, 1, 1, 1, 1, 1, 1, 0]",44.6,39.92,51.16,27.98,166424.6
STBA,50.75,9,"[1, 1, 1, 1, 1, 1, 1, 1, 1, 0]",49.4,43.26,53.36,33.76,263171.5
KOS,2.74,10,"[1, 1, 1, 1, 1, 1, 1, 1, 1, 1]",2.44,2.1,3.27,0.87,12737986.35
KSS,18.7,9,"[1, 1, 1, 1, 0, 1, 1, 1, 1, 1]",17.88,16.94,24.15,11.63,3192392.65
IOVA,7.03,10,"[1, 1, 1, 1, 1, 1, 1, 1, 1, 1]",4.77,3.53,7.1,1.81,17409554.65
PAHC,34.65,4,"[1, 0, 0, 0, 1, 0, 0, 0, 1, 1]",33.29,42.2,59.33,28.4,183869.75
OUST,42.99,9,"[1, 1, 1, 1, 1, 1, 1, 0, 1, 1]",42.8,29.34,62.52,16.63,3115566.0
STGW,8.85,10,"[1, 1, 1, 1, 1, 1, 1, 1, 1, 1]",7.65,6.22,9.35,4.4,1550034.4
BAND,52.94,7,"[0, 1, 1, 1, 1, 1, 1, 0, 1, 0]",58.8,30.87,78.44,12.82,1235571.2
NVRI,19.66,7,"[0, 0, 1, 1, 1, 1, 1, 1, 1, 0]",21.71,18.92,23.86,10.2,406454.25
ABCL,11.12,10,"[1, 1, 1, 1, 1, 1, 1, 1, 1, 1]",6.83,4.67,11.38,2.78,9623477.35
HOPE,14.24,10,"[1, 1, 1, 1, 1, 1, 1, 1, 1, 1]",13.48,11.82,14.5,9.53,1051618.15
AMRC,25.49,3,"[0, 0, 0, 0, 0, 0, 1, 0, 1, 1]",25.99,29.59,43.23,18.51,713997.8
TFIN,76.26,9,"[1, 1, 1, 1, 1, 1, 1, 1, 1, 0]",76.19,65.53,80.61,46.95,195724.85
HCSG,21.94,8,"[0, 1, 1, 1, 1, 1, 1, 1, 1, 0]",22.98,20.47,25.31,15.18,807577.15
DCH,6.49,6,"[1, 1, 1, 0, 0, 1, 0, 0, 1, 1]",5.88,6.36,9.0,5.09,3175866.85
XHR,19.27,8,"[0, 1, 1, 1, 1, 1, 1, 1, 1, 0]",19.85,16.07,21.82,11.98,661443.3
WLFC,57.46,1,"[0, 0, 0, 0, 0, 0, 0, 0, 1, 0]",,,239.35,54.44,254799.7
GBX,45.09,4,"[0, 0, 0, 0, 1, 1, 0, 1, 1, 0]",48.16,48.46,58.06,40.16,370603.85
LILAK,8.3,10,"[1, 1, 1, 1, 1, 1, 1, 1, 1, 1]",7.09,5.88,8.56,4.7,1299073.7
LILA,8.38,10,"[1, 1, 1, 1, 1, 1, 1, 1, 1, 1]",7.15,5.84,8.7,4.65,585067.4
ZD,55.09,10,"[1, 1, 1, 1, 1, 1, 1, 1, 1, 1]",50.94,41.27,55.91,26.51,667905.95
ECVT,10.31,4,"[0, 0, 0, 0, 1, 1, 1, 0, 1, 0]",12.04,11.51,14.97,7.84,1264092.45
VIR,9.49,10,"[1, 1, 1, 1, 1, 1, 1, 1, 1, 1]",9.28,8.2,11.09,4.36,1491601.9
AHCO,5.82,2,"[0, 0, 0, 0, 1, 0, 0, 0, 1, 0]",9.3,10.2,13.38,5.22,4114092.95
ALGT,81.7,5,"[0, 0, 0, 1, 1, 1, 1, 0, 1, 0]",99.14,87.62,119.16,55.9,498664.75
TRS,38.81,7,"[0, 1, 1, 1, 1, 1, 0, 1, 1, 0]",40.97,37.26,44.99,30.99,433554.35
CRML,6.15,2,"[0, 0, 0, 0, 1, 0, 0, 0, 1, 0]",7.9,9.91,29.97,5.13,5932331.6
TH,17.47,9,"[0, 1, 1, 1, 1, 1, 1, 1, 1, 1]",17.51,11.96,20.52,6.22,1120140.9
UAMY,5.2,2,"[0, 0, 0, 0, 1, 0, 0, 0, 1, 0]",6.37,7.82,17.47,4.26,6528409.1
IMTX,9.09,3,"[0, 0, 0, 0, 0, 0, 1, 1, 1, 0]",9.52,10.06,11.87,5.09,481138.15
GSL,43.22,10,"[1, 1, 1, 1, 1, 1, 1, 1, 1, 1]",40.36,37.16,44.47,26.07,376711.85
YELP,23.36,1,"[0, 0, 0, 0, 0, 0, 0, 0, 1, 0]",24.75,26.37,33.83,19.78,1088388.45
CNOB,32.81,9,"[1, 1, 1, 1, 1, 1, 1, 1, 1, 0]",32.43,28.11,33.91,22.68,439524.7
RES,6.32,8,"[1, 0, 1, 0, 1, 1, 1, 1, 1, 1]",6.06,6.14,7.9,4.12,1408553.8
BY,39.09,10,"[1, 1, 1, 1, 1, 1, 1, 1, 1, 1]",37.15,32.28,39.75,25.35,253528.9
NVGS,21.36,10,"[1, 1, 1, 1, 1, 1, 1, 1, 1, 1]",21.16,19.66,24.22,14.25,423843.8
PGEN,6.75,10,"[1, 1, 1, 1, 1, 1, 1, 1, 1, 1]",5.53,4.44,7.23,3.1,5799174.8
BHVN,13.57,6,"[0, 1, 1, 1, 1, 0, 1, 0, 1, 0]",14.17,11.45,18.11,7.79,1802875.9
TNC,66.26,3,"[0, 0, 0, 1, 1, 0, 0, 0, 1, 0]",83.72,77.31,91.15,60.69,251714.55
HLF,12.34,5,"[1, 0, 0, 0, 1, 1, 1, 0, 1, 0]",12.23,13.78,19.96,7.75,1506822.45
SHLS,7.68,4,"[0, 0, 0, 1, 1, 0, 1, 0, 1, 0]",9.58,8.77,12.77,5.71,5256713.95
ATAI,7.29,10,"[1, 1, 1, 1, 1, 1, 1, 1, 1, 1]",5.86,4.49,7.29,3.35,8850894.85
BCAX,24.92,8,"[0, 1, 1, 1, 1, 1, 1, 1, 1, 0]",25.64,20.26,30.4,10.44,638431.7
GCT,49.07,9,"[1, 1, 1, 0, 1, 1, 1, 1, 1, 1]",38.55,39.25,53.25,25.44,720627.25
AIP,25.81,7,"[0, 1, 1, 1, 1, 1, 1, 0, 1, 0]",34.62,23.14,48.59,8.59,662249.25
GHRS,29.74,10,"[1, 1, 1, 1, 1, 1, 1, 1, 1, 1]",26.15,18.67,30.64,11.94,360708.0
SBET,6.29,4,"[1, 0, 0, 0, 0, 0, 1, 0, 1, 1]",5.75,7.74,20.87,4.56,6960795.0
GILT,10.88,2,"[0, 0, 0, 0, 1, 0, 0, 0, 1, 0]",12.28,14.79,20.85,8.58,623566.15
AVAH,12.67,9,"[1, 1, 1, 1, 0, 1, 1, 1, 1, 1]",9.14,8.13,12.69,6.22,2862038.1
CBL,56.66,10,"[1, 1, 1, 1, 1, 1, 1, 1, 1, 1]",53.29,41.37,60.05,26.93,266736.45
BKSY,28.94,6,"[1, 0, 1, 0, 1, 0, 1, 0, 1, 1]",27.07,26.64,51.63,13.14,1047300.75
FTRE,17.6,8,"[0, 1, 1, 1, 1, 1, 1, 1, 1, 0]",17.71,14.04,20.7,7.73,1676020.95
NSSC,37.81,4,"[1, 0, 0, 0, 0, 0, 0, 1, 1, 1]",37.3,40.3,46.87,29.76,249378.1
DMRA,31.8,10,"[1, 1, 1, 1, 1, 1, 1, 1, 1, 1]",27.17,24.82,34.14,2.58,386611.85
PRG,41.53,8,"[0, 1, 1, 1, 1, 1, 1, 1, 1, 0]",42.13,34.02,47.53,25.95,531468.1
OBK,53.56,10,"[1, 1, 1, 1, 1, 1, 1, 1, 1, 1]",51.51,43.51,54.96,31.84,191993.05
MUX,18.36,5,"[1, 0, 0, 0, 1, 0, 1, 0, 1, 1]",18.3,20.93,29.05,9.88,1018200.35
PRCT,21.32,2,"[0, 0, 0, 0, 0, 0, 0, 0, 1, 1]",21.41,26.87,41.23,16.69,1768555.3
NBR,93.86,10,"[1, 1, 1, 1, 1, 1, 1, 1, 1, 1]",86.75,75.76,110.63,31.73,263311.1
MAZE,29.13,4,"[1, 0, 0, 0, 0, 0, 1, 0, 1, 1]",27.59,34.5,51.83,13.23,363920.95
ENVX,3.13,1,"[0, 0, 0, 0, 0, 0, 0, 0, 1, 0]",5.22,6.57,13.19,3.13,8712654.35
TBLA,3.83,4,"[0, 0, 0, 1, 1, 1, 0, 0, 1, 0]",4.81,4.12,5.58,2.95,3211562.8
URGN,48.92,10,"[1, 1, 1, 1, 1, 1, 1, 1, 1, 1]",38.19,26.45,49.14,16.42,882932.95
NNE,18.25,2,"[0, 0, 0, 0, 0, 0, 0, 0, 1, 1]",19.78,26.35,56.63,14.88,2015201.4
HROW,39.52,2,"[0, 0, 0, 0, 0, 0, 1, 0, 1, 0]",40.33,41.08,54.8,29.03,608990.3
HLX,10.38,10,"[1, 1, 1, 1, 1, 1, 1, 1, 1, 1]",9.38,8.59,10.55,5.7,1494480.1
LINC,27.75,5,"[0, 0, 0, 1, 1, 1, 1, 0, 1, 0]",44.71,35.23,55.68,17.8,1025307.05
RYZ,27.43,8,"[0, 1, 1, 1, 1, 1, 1, 1, 1, 0]",27.87,25.58,31.03,19.57,514675.95
HLIT,12.73,8,"[0, 1, 1, 1, 1, 1, 1, 0, 1, 1]",13.34,11.24,17.11,8.76,1715088.25
TROX,5.54,4,"[0, 0, 0, 0, 1, 1, 1, 0, 1, 0]",6.51,6.48,10.34,2.82,2976061.45
VIA,25.02,7,"[1, 1, 1, 1, 0, 0, 1, 0, 1, 1]",18.78,22.9,53.93,13.31,825404.95
LIND,32.35,10,"[1, 1, 1, 1, 1, 1, 1, 1, 1, 1]",27.73,19.49,34.48,11.45,858587.65
IPX,22.25,1,"[0, 0, 0, 0, 0, 0, 0, 0, 1, 0]",27.33,35.44,60.11,20.25,248231.5
WVE,5.29,1,"[0, 0, 0, 0, 0, 0, 0, 0, 1, 0]",5.84,9.49,21.31,5.05,3102818.85
PLTK,2.23,2,"[0, 0, 0, 1, 0, 0, 0, 0, 1, 0]",3.51,3.53,4.26,2.23,1959406.5
AVBP,30.0,8,"[0, 1, 1, 1, 1, 1, 1, 1, 1, 0]",31.73,25.84,34.74,17.17,474916.3
RLJ,11.19,8,"[0, 1, 1, 1, 1, 1, 1, 1, 1, 0]",11.41,8.58,12.48,6.26,1875282.75
LOMA,9.22,3,"[0, 0, 0, 1, 0, 1, 0, 0, 1, 0]",11.26,11.36,13.12,7.13,418101.05
TV,2.73,5,"[0, 0, 0, 0, 1, 1, 0, 1, 1, 1]",2.78,2.91,3.44,2.36,891447.65
SBH,16.32,9,"[1, 1, 1, 1, 0, 1, 1, 1, 1, 1]",14.63,14.66,17.0,11.82,1482519.9
CSIQ,14.74,3,"[0, 0, 0, 0, 0, 1, 1, 0, 1, 0]",15.34,18.74,33.58,9.51,1789085.85
RXT,3.52,7,"[0, 1, 1, 1, 1, 1, 1, 0, 1, 0]",5.14,2.61,7.53,0.41,7308186.2
GIII,33.72,8,"[0, 1, 1, 1, 1, 1, 1, 1, 1, 0]",34.54,30.67,36.81,24.81,409183.8
TTI,7.98,4,"[0, 0, 0, 0, 1, 1, 1, 0, 1, 0]",9.3,9.32,12.32,4.06,1855785.35
KDK,4.01,1,"[0, 0, 0, 0, 0, 0, 0, 0, 1, 0]",4.9,7.45,10.92,4.01,978498.2
STAA,24.64,5,"[0, 1, 1, 1, 0, 0, 1, 0, 1, 0]",26.86,24.26,33.34,16.1,1139336.55
TWO,11.99,8,"[0, 1, 1, 1, 1, 1, 1, 1, 1, 0]",12.04,10.83,13.3,8.4,3151861.8
ARRY,4.8,1,"[0, 0, 0, 0, 0, 0, 0, 0, 1, 0]",6.38,8.08,11.96,4.8,7365880.05
BAK,1.97,2,"[0, 0, 0, 0, 1, 0, 0, 0, 1, 0]",2.66,3.34,5.02,1.95,1771589.75
TDOC,6.47,3,"[0, 0, 0, 1, 0, 0, 1, 0, 1, 0]",8.06,6.77,9.72,4.47,6067906.85
WLDN,84.54,3,"[1, 0, 0, 0, 0, 0, 0, 0, 1, 1]",81.12,93.34,134.94,66.91,271328.6
CRVS,14.83,7,"[1, 0, 1, 0, 1, 1, 1, 0, 1, 1]",13.62,13.29,25.52,5.19,820896.55
CRI,37.56,8,"[0, 1, 1, 1, 1, 1, 1, 1, 1, 0]",39.86,35.85,43.75,24.53,991461.3
PLSE,46.0,10,"[1, 1, 1, 1, 1, 1, 1, 1, 1, 1]",31.2,21.61,46.79,12.66,465564.15
OLMA,10.65,3,"[0, 0, 0, 0, 0, 1, 1, 0, 1, 0]",11.17,17.55,35.83,5.43,1030715.5
TEN,42.03,10,"[1, 1, 1, 1, 1, 1, 1, 1, 1, 1]",38.12,32.67,43.34,19.45,202227.75
WBI,31.94,8,"[0, 1, 1, 1, 1, 1, 1, 1, 1, 0]",32.33,26.56,35.88,18.69,628321.4
ATLC,97.58,8,"[0, 1, 1, 1, 1, 1, 1, 1, 1, 0]",98.54,71.53,111.79,47.96,172668.15
JBIO,23.55,10,"[1, 1, 1, 1, 1, 1, 1, 1, 1, 1]",20.25,17.12,26.85,6.85,831846.35
GPRE,16.18,9,"[1, 1, 1, 1, 1, 1, 1, 1, 1, 0]",15.82,13.9,19.23,7.62,1526649.2
RCAT,10.2,5,"[1, 0, 0, 0, 1, 0, 1, 0, 1, 1]",9.49,10.99,17.36,6.14,9980646.9
MRTN,14.9,8,"[0, 1, 1, 1, 1, 1, 1, 1, 1, 0]",16.62,13.71,18.22,9.28,718911.85
DSGR,34.67,10,"[1, 1, 1, 1, 1, 1, 1, 1, 1, 1]",30.5,28.38,34.96,19.31,256714.0
EVLV,5.44,1,"[0, 0, 0, 0, 0, 0, 0, 0, 1, 0]",5.82,6.19,8.76,4.9,2079860.35
NPKI,14.01,6,"[0, 0, 1, 0, 1, 1, 1, 1, 1, 0]",14.36,13.93,16.35,9.76,805041.3
ABTC,6.94,3,"[0, 0, 0, 0, 0, 0, 1, 0, 1, 1]",8.18,22.4,139.65,5.19,1281839.45
DQ,13.89,3,"[1, 0, 0, 0, 0, 0, 0, 0, 1, 1]",13.53,22.38,35.69,11.63,1025086.55
AMAL,50.18,10,"[1, 1, 1, 1, 1, 1, 1, 1, 1, 1]",46.76,38.78,51.08,24.83,156973.25
VTOL,45.89,8,"[1, 1, 1, 0, 1, 1, 0, 1, 1, 1]",43.67,42.58,49.73,35.4,204510.35
PGY,20.32,7,"[1, 1, 1, 1, 0, 0, 1, 0, 1, 1]",17.81,17.53,43.81,10.64,3051030.7
NAT,6.93,10,"[1, 1, 1, 1, 1, 1, 1, 1, 1, 1]",6.05,4.81,6.93,2.63,2918801.65
PNTG,39.4,9,"[1, 1, 1, 1, 1, 1, 1, 1, 1, 0]",37.44,32.02,42.02,23.64,267084.3
MRVI,5.74,8,"[0, 1, 1, 1, 1, 1, 1, 1, 1, 0]",5.96,4.13,7.24,2.33,2070968.85
NSP,52.33,9,"[1, 1, 1, 1, 0, 1, 1, 1, 1, 1]",44.78,35.18,54.03,19.54,577451.8
MLTX,16.34,5,"[0, 0, 0, 1, 1, 1, 1, 0, 1, 0]",18.78,16.53,61.99,6.24,1247582.65
BLDP,2.47,4,"[0, 0, 0, 1, 1, 0, 1, 0, 1, 0]",3.28,3.11,6.38,1.85,5617110.9
UFCS,53.64,10,"[1, 1, 1, 1, 1, 1, 1, 1, 1, 1]",50.92,41.18,54.93,29.76,139277.55
REAL,11.05,3,"[0, 0, 0, 0, 0, 1, 1, 0, 1, 0]",11.28,12.15,16.9,7.27,3340562.4
JKS,16.41,1,"[0, 0, 0, 0, 0, 0, 0, 0, 1, 0]",16.49,21.76,28.22,14.58,586845.2
AORT,28.9,4,"[1, 0, 0, 0, 0, 0, 1, 0, 1, 1]",24.2,35.25,47.63,20.1,706080.55
KMTS,27.93,9,"[1, 1, 1, 1, 0, 1, 1, 1, 1, 1]",23.84,23.68,28.35,15.68,313463.25
ASTE,41.4,3,"[0, 0, 0, 0, 1, 1, 0, 0, 1, 0]",52.6,51.5,64.66,40.33,280016.25
COLL,28.5,1,"[0, 0, 0, 0, 0, 0, 0, 0, 1, 0]",33.84,39.04,49.84,25.7,695926.9
TK,12.97,10,"[1, 1, 1, 1, 1, 1, 1, 1, 1, 1]",11.38,10.58,13.09,6.85,508273.7
VSTS,13.01,8,"[0, 1, 1, 1, 1, 1, 1, 1, 1, 0]",14.09,9.36,16.5,4.06,1488496.6
DLX,23.32,3,"[0, 0, 0, 0, 1, 1, 0, 0, 1, 0]",24.47,24.38,,,414097.25
CCO,2.37,8,"[0, 1, 1, 1, 1, 1, 1, 1, 1, 0]",2.4,2.26,2.43,1.2,9325397.0
ULCC,6.15,8,"[0, 1, 1, 1, 1, 1, 1, 1, 1, 0]",6.81,5.09,8.06,3.1,3750593.7
ITRN,52.01,7,"[0, 0, 1, 1, 1, 1, 1, 1, 1, 0]",58.15,49.6,65.85,30.77,168014.7
ELE,20.7,9,"[1, 1, 1, 0, 1, 1, 1, 1, 1, 1]",16.62,17.71,24.16,12.54,268533.15
ADTN,8.1,2,"[0, 0, 0, 0, 1, 0, 0, 0, 1, 0]",11.85,11.45,19.4,7.25,2608194.85
ACDC,5.09,5,"[0, 0, 0, 0, 1, 1, 1, 0, 1, 1]",5.44,5.41,8.06,3.19,1987488.1
XPEL,49.73,9,"[1, 1, 1, 0, 1, 1, 1, 1, 1, 1]",46.39,46.18,54.95,32.17,257755.55
PRCH,16.68,8,"[1, 1, 1, 1, 0, 0, 1, 1, 1, 1]",13.51,10.21,19.04,6.4,1725554.45
CMP,24.72,6,"[0, 0, 1, 1, 1, 1, 1, 0, 1, 0]",29.28,24.61,33.51,16.54,491695.9
NEO,15.9,9,"[1, 1, 1, 1, 0, 1, 1, 1, 1, 1]",13.86,11.13,16.63,6.1,2801974.35
MPLT,11.82,3,"[0, 0, 0, 1, 1, 0, 0, 0, 1, 0]",26.16,21.97,39.8,9.9,1485910.3
GOOS,8.51,1,"[0, 0, 0, 0, 0, 0, 0, 0, 1, 0]",9.38,11.4,15.1,8.46,815519.15
PRSU,48.06,8,"[0, 1, 1, 1, 1, 1, 1, 1, 1, 0]",50.49,40.45,55.97,32.28,224735.85
VYX,7.58,2,"[0, 0, 0, 1, 0, 0, 0, 0, 1, 0]",7.93,8.54,13.72,6.15,2119765.65
GOLD,41.84,7,"[1, 0, 1, 0, 1, 1, 1, 0, 1, 1]",41.74,41.38,63.6,22.25,370050.2
HQH,23.98,10,"[1, 1, 1, 1, 1, 1, 1, 1, 1, 1]",21.33,18.97,23.98,14.74,276028.95
EYPT,5.47,1,"[0, 0, 0, 0, 0, 0, 0, 0, 1, 0]",12.87,14.08,18.85,4.87,5034204.55
AOSL,28.38,5,"[0, 0, 0, 1, 1, 1, 1, 0, 1, 0]",37.67,29.25,53.32,17.47,607051.7
ALNT,108.74,10,"[1, 1, 1, 1, 1, 1, 1, 1, 1, 1]",94.58,70.36,114.28,42.0,273922.75
GNK,26.05,8,"[1, 1, 1, 1, 1, 1, 0, 0, 1, 1]",24.11,21.02,,,368973.6
LQDT,43.26,10,"[1, 1, 1, 1, 1, 1, 1, 1, 1, 1]",39.03,33.0,43.47,22.16,236104.3
XERS,8.85,8,"[1, 1, 1, 1, 0, 0, 1, 1, 1, 1]",7.86,7.04,9.9,5.29,1693726.65
CDNA,46.18,10,"[1, 1, 1, 1, 1, 1, 1, 1, 1, 1]",33.57,22.63,47.85,11.57,1127369.85
ZBIO,31.91,8,"[1, 1, 1, 1, 0, 1, 1, 0, 1, 1]",26.42,26.01,43.17,15.2,632240.7
EVEX,2.65,3,"[1, 0, 0, 0, 0, 0, 0, 0, 1, 1]",2.59,3.31,5.06,2.18,1023927.65
AMN,34.54,10,"[1, 1, 1, 1, 1, 1, 1, 1, 1, 1]",32.77,22.94,36.6,15.1,768341.9
BUR,4.14,2,"[0, 0, 0, 0, 0, 0, 0, 0, 1, 1]",4.25,6.75,13.81,3.92,1783105.95
TDAY,6.68,6,"[0, 0, 1, 1, 1, 1, 1, 0, 1, 0]",8.1,6.64,9.03,3.49,2685716.65
ACVA,7.63,6,"[1, 1, 1, 1, 0, 0, 1, 0, 1, 0]",7.18,6.66,12.15,4.15,4864794.1
KODK,9.82,8,"[1, 1, 1, 0, 1, 1, 1, 0, 1, 1]",9.06,8.88,14.51,5.75,902684.9
DBVT,14.47,3,"[0, 0, 0, 0, 1, 0, 1, 0, 1, 0]",15.38,18.16,24.54,8.7,381039.85
IVA,4.64,5,"[1, 0, 0, 0, 1, 0, 1, 0, 1, 1]",4.21,5.03,7.15,3.41,672695.55
ASST,12.8,2,"[0, 0, 0, 0, 0, 0, 1, 0, 1, 0]",12.82,14.99,178.2,7.16,2700432.2
UVE,42.91,4,"[0, 0, 0, 0, 0, 0, 1, 1, 1, 1]",,,45.08,23.39,194901.95
OSBC,25.66,4,"[0, 0, 0, 0, 0, 0, 1, 1, 1, 1]",,,25.91,16.49,429486.9
MNKD,4.07,6,"[1, 1, 0, 1, 0, 0, 1, 0, 1, 1]",3.96,4.25,6.21,2.28,4907729.0
GHM,111.17,10,"[1, 1, 1, 1, 1, 1, 1, 1, 1, 1]",108.2,85.3,123.79,47.39,232771.95
BFLY,9.0,10,"[1, 1, 1, 1, 1, 1, 1, 1, 1, 1]",7.55,4.76,9.7,1.38,6777286.55
NWPX,113.75,8,"[0, 1, 1, 1, 1, 1, 1, 1, 1, 0]",130.15,89.53,149.94,49.43,173733.2
LGIH,56.39,8,"[0, 1, 1, 1, 1, 1, 1, 1, 1, 0]",57.72,49.57,67.47,34.24,332691.5
SATL,5.74,8,"[1, 1, 1, 0, 1, 1, 1, 0, 1, 1]",5.02,4.54,10.74,1.27,5883032.95
IART,17.55,8,"[0, 1, 1, 1, 1, 1, 1, 1, 1, 0]",17.94,13.42,19.85,8.9,876434.1
UVSP,42.95,8,"[0, 1, 1, 1, 1, 1, 1, 1, 1, 0]",43.0,36.22,44.98,27.6,274760.6
PBT,33.17,4,"[0, 0, 0, 0, 0, 0, 1, 1, 1, 1]",,,34.53,15.35,149020.95
RJET,19.9,6,"[1, 1, 1, 0, 0, 0, 0, 1, 1, 1]",19.11,19.58,25.35,16.34,106788.3
SEPN,43.8,10,"[1, 1, 1, 1, 1, 1, 1, 1, 1, 1]",36.01,28.25,48.19,10.93,419245.55
SVRA,5.37,6,"[0, 0, 0, 1, 1, 1, 1, 1, 1, 0]",5.61,5.48,6.94,3.05,1528095.2
SVC,7.83,2,"[0, 0, 0, 0, 0, 0, 1, 0, 1, 0]",8.31,8.94,14.24,5.83,1674438.05
TNDM,23.73,8,"[1, 1, 1, 0, 0, 1, 1, 1, 1, 1]",17.76,19.38,28.26,10.68,2271061.25
PDM,9.4,8,"[1, 1, 1, 1, 0, 1, 1, 1, 1, 0]",9.37,8.33,9.96,6.39,826508.3
ATEX,90.75,9,"[1, 1, 1, 1, 1, 1, 1, 1, 1, 0]",90.58,47.82,108.21,17.99,366343.9
PLOW,41.47,7,"[0, 0, 1, 1, 1, 1, 1, 1, 1, 0]",45.92,40.55,54.2,28.96,350389.3
RERE,4.45,5,"[1, 0, 0, 0, 1, 1, 0, 0, 1, 1]",4.1,4.74,6.2,3.62,895060.7
APEI,44.69,5,"[0, 0, 0, 1, 1, 1, 1, 0, 1, 0]",52.01,47.09,60.86,29.45,338362.55
CEVA,29.67,6,"[0, 0, 1, 1, 1, 1, 1, 0, 1, 0]",40.11,28.48,50.06,17.21,926372.05
INNV,11.1,9,"[1, 1, 1, 1, 1, 1, 1, 1, 1, 0]",10.46,7.77,12.11,3.45,222684.65
HTLD,12.75,8,"[0, 1, 1, 1, 1, 1, 1, 1, 1, 0]",14.3,11.46,16.2,7.04,795607.75
CFFN,8.64,9,"[1, 1, 1, 1, 1, 1, 1, 1, 1, 0]",8.42,7.3,9.1,5.72,861622.65
OMER,17.19,9,"[1, 1, 1, 0, 1, 1, 1, 1, 1, 1]",11.19,11.36,17.36,4.03,2360879.2
LMRI,11.99,5,"[1, 1, 0, 0, 0, 0, 1, 0, 1, 1]",10.79,11.99,18.53,6.77,487006.85
LXU,10.23,4,"[0, 0, 0, 0, 1, 1, 1, 0, 1, 0]",11.0,11.35,16.88,7.68,943757.4
GDRX,3.65,7,"[1, 1, 1, 1, 0, 0, 1, 0, 1, 1]",3.05,2.68,5.03,1.87,1633729.7
KOPN,5.04,10,"[1, 1, 1, 1, 1, 1, 1, 1, 1, 1]",4.25,3.34,6.39,1.75,4545435.45
DAKT,19.43,3,"[0, 0, 0, 0, 1, 1, 0, 0, 1, 0]",20.1,20.57,27.73,15.84,419637.75
INR,14.07,5,"[1, 0, 0, 0, 1, 1, 0, 0, 1, 1]",13.05,14.67,19.23,11.2,280547.35
EPC,28.45,9,"[1, 1, 1, 1, 1, 1, 1, 1, 1, 0]",26.04,20.99,29.66,15.68,636734.25
INDI,4.34,7,"[1, 1, 1, 1, 0, 0, 1, 0, 1, 1]",3.93,3.85,6.0,2.44,7492575.45
PHAT,9.25,1,"[0, 0, 0, 0, 0, 0, 0, 0, 1, 0]",10.38,12.43,18.08,8.23,1596392.15
CRON,3.21,10,"[1, 1, 1, 1, 1, 1, 1, 1, 1, 1]",2.83,2.67,3.27,2.3,1453026.55
JMIA,6.34,2,"[0, 0, 0, 0, 0, 0, 0, 0, 1, 1]",6.51,8.86,14.6,5.69,2025768.15
XNCR,25.41,9,"[1, 1, 1, 1, 0, 1, 1, 1, 1, 1]",17.06,14.25,25.41,7.44,1095174.9
CMPS,13.9,10,"[1, 1, 1, 1, 1, 1, 1, 1, 1, 1]",12.66,8.64,15.07,4.08,2803532.75
METC,11.6,2,"[0, 0, 0, 0, 0, 0, 1, 0, 1, 0]",12.27,16.1,54.55,8.9,2260981.1
AMBQ,63.01,7,"[0, 1, 1, 1, 1, 1, 1, 0, 1, 0]",75.88,44.98,90.48,22.76,538117.7
NUTX,187.66,9,"[1, 1, 1, 1, 0, 1, 1, 1, 1, 1]",161.5,136.02,197.51,80.92,157181.6
CODI,11.88,10,"[1, 1, 1, 1, 1, 1, 1, 1, 1, 1]",10.57,8.34,12.71,4.65,732959.75
SANA,3.63,5,"[1, 1, 0, 0, 0, 0, 1, 0, 1, 1]",3.37,3.72,5.92,2.68,2418240.25
SCSC,52.29,9,"[1, 1, 1, 1, 1, 1, 1, 1, 1, 0]",52.25,43.03,58.89,34.27,230315.65
NX,20.01,9,"[1, 1, 1, 0, 1, 1, 1, 1, 1, 1]",18.23,17.52,22.34,11.09,320396.95
AVO,13.07,7,"[1, 1, 1, 0, 1, 1, 0, 1, 1, 0]",12.35,12.76,15.34,10.11,747321.95
ANNX,5.28,6,"[0, 0, 1, 0, 1, 1, 1, 1, 1, 0]",5.35,5.24,6.96,2.05,2529513.3
AMTB,29.16,10,"[1, 1, 1, 1, 1, 1, 1, 1, 1, 1]",26.13,22.2,30.49,16.43,478493.7
ABSI,8.85,10,"[1, 1, 1, 1, 1, 1, 1, 1, 1, 1]",8.8,4.89,11.62,2.3,2603714.95
AMC,2.38,8,"[1, 1, 1, 1, 0, 0, 1, 1, 1, 1]",2.28,1.78,3.15,0.95,31841475.55
ORIC,13.92,8,"[1, 1, 1, 1, 0, 0, 1, 1, 1, 1]",10.68,10.63,14.41,7.47,1708265.95
RHLD,126.84,3,"[0, 0, 0, 0, 0, 1, 1, 0, 1, 0]",131.71,157.06,226.37,56.92,155654.55
TBN,37.33,9,"[1, 1, 1, 1, 1, 1, 1, 0, 1, 1]",33.72,31.12,49.99,20.0,119577.65
JBSS,83.47,9,"[1, 1, 1, 1, 1, 1, 1, 1, 1, 0]",80.98,74.56,88.51,56.28,134204.6
MGTX,13.89,10,"[1, 1, 1, 1, 1, 1, 1, 1, 1, 1]",11.97,9.3,14.66,6.99,507292.85
HEPS,2.48,5,"[0, 0, 0, 1, 1, 1, 0, 1, 1, 0]",2.84,2.69,3.29,2.18,156417.8
AGL,95.4,7,"[0, 1, 1, 1, 1, 1, 1, 0, 1, 0]",105.15,45.33,129.84,7.91,419072.75
HAFC,32.06,9,"[1, 1, 1, 1, 1, 1, 1, 1, 1, 0]",31.85,28.52,33.31,22.29,246567.85
SLS,13.1,10,"[1, 1, 1, 1, 1, 1, 1, 1, 1, 1]",11.3,6.0,15.45,1.39,5836449.35
BJRI,65.31,10,"[1, 1, 1, 1, 1, 1, 1, 1, 1, 1]",60.3,44.47,74.26,28.69,543022.85
CGEM,20.84,10,"[1, 1, 1, 1, 1, 1, 1, 1, 1, 1]",17.04,13.56,20.84,5.75,618403.0
VPG,67.79,6,"[0, 0, 1, 1, 1, 1, 1, 0, 1, 0]",109.13,65.85,149.91,27.04,675990.7
SHEN,12.17,2,"[0, 0, 0, 0, 1, 0, 0, 0, 1, 0]",13.7,13.42,17.1,9.9,512512.45
ROOT,52.29,2,"[0, 0, 0, 1, 0, 0, 0, 0, 1, 0]",56.34,61.33,102.88,43.21,287203.2
GERN,1.53,9,"[1, 1, 1, 0, 1, 1, 1, 1, 1, 1]",1.38,1.41,1.95,1.07,11135948.2
VLRS,7.35,4,"[0, 0, 0, 1, 1, 1, 0, 0, 1, 0]",8.23,8.02,10.63,5.87,525077.6
LXRX,2.42,10,"[1, 1, 1, 1, 1, 1, 1, 1, 1, 1]",2.26,1.73,2.64,1.07,2902877.9
DSGN,15.27,10,"[1, 1, 1, 1, 1, 1, 1, 1, 1, 1]",13.08,11.02,15.79,4.79,450365.55
HNRG,15.79,1,"[0, 0, 0, 0, 0, 0, 0, 0, 1, 0]",16.35,18.13,23.81,13.7,880402.1
NB,4.53,2,"[0, 0, 0, 0, 0, 0, 0, 0, 1, 1]",4.81,5.56,11.67,3.72,3706002.95
MATW,22.32,4,"[0, 0, 0, 0, 1, 1, 0, 1, 1, 0]",25.94,25.6,28.54,21.21,623897.25
TBPH,16.95,4,"[1, 0, 0, 0, 0, 1, 0, 1, 1, 0]",16.83,17.18,20.74,13.39,596561.9
BVS,14.3,10,"[1, 1, 1, 1, 1, 1, 1, 1, 1, 1]",11.33,9.18,15.26,6.51,849354.35
OMDA,23.75,8,"[1, 1, 1, 1, 0, 0, 1, 1, 1, 1]",20.91,16.96,26.78,10.94,1617705.75
SCHL,41.3,8,"[0, 1, 1, 1, 1, 1, 1, 1, 1, 0]",43.66,36.48,47.34,23.81,394214.8
TALK,5.22,10,"[1, 1, 1, 1, 1, 1, 1, 1, 1, 1]",5.2,4.3,5.24,2.49,2617633.45
ABX,9.01,7,"[0, 0, 1, 1, 1, 1, 1, 1, 1, 0]",10.05,8.65,12.0,4.87,606119.5
SPRY,6.3,1,"[0, 0, 0, 0, 0, 0, 0, 0, 1, 0]",7.46,8.75,14.87,5.13,2402263.8
CTMX,3.39,4,"[1, 0, 0, 0, 1, 0, 1, 0, 1, 0]",3.37,4.19,6.75,1.93,2434320.4
MYE,32.15,10,"[1, 1, 1, 1, 1, 1, 1, 1, 1, 1]",30.52,22.78,36.74,15.41,421019.3
ABUS,4.84,9,"[1, 1, 1, 1, 0, 1, 1, 1, 1, 1]",4.55,4.46,5.22,3.49,1273047.65
AEVA,21.03,8,"[0, 1, 1, 1, 1, 1, 1, 0, 1, 1]",21.43,16.85,29.29,9.19,1932722.45
KOP,45.44,8,"[0, 1, 1, 1, 1, 1, 1, 1, 1, 0]",46.51,36.8,52.33,26.16,203494.65
NBBK,22.74,10,"[1, 1, 1, 1, 1, 1, 1, 1, 1, 1]",21.41,20.59,23.25,16.64,387606.5
IBTA,36.88,10,"[1, 1, 1, 1, 1, 1, 1, 1, 1, 1]",32.42,28.36,38.84,19.25,326592.45
CRSR,11.93,10,"[1, 1, 1, 1, 1, 1, 1, 1, 1, 1]",10.07,7.27,14.35,4.58,2308063.9
KRO,7.93,10,"[1, 1, 1, 1, 1, 1, 1, 1, 1, 1]",6.79,5.94,8.65,4.21,480801.1
ODD,12.3,1,"[0, 0, 0, 0, 0, 0, 0, 0, 1, 0]",14.18,23.7,63.68,9.81,751576.45
DRUG,84.04,9,"[1, 1, 1, 0, 1, 1, 1, 1, 1, 1]",71.24,76.4,95.99,38.8,195199.45
KURA,12.33,9,"[1, 1, 1, 1, 0, 1, 1, 1, 1, 1]",10.18,9.66,12.33,7.05,1532349.75
SCZM,8.37,6,"[1, 0, 0, 0, 1, 1, 1, 0, 1, 1]",7.0,8.55,16.16,3.55,477380.2
CVLG,34.05,7,"[0, 1, 1, 1, 1, 1, 1, 0, 1, 0]",42.23,30.61,48.49,17.94,217401.8
PURR,7.2,5,"[0, 1, 0, 1, 0, 0, 1, 0, 1, 1]",7.53,7.2,10.97,3.1,7169174.9
TSAT,47.31,10,"[1, 1, 1, 1, 1, 1, 1, 1, 1, 1]",45.47,38.23,61.4,19.93,287769.1
SG,5.82,3,"[0, 0, 0, 1, 1, 0, 0, 0, 1, 0]",7.31,6.75,10.21,4.7,6556440.85
VOR,23.28,8,"[1, 1, 1, 1, 1, 0, 1, 0, 1, 1]",18.38,15.31,48.72,6.86,789551.55
EVMN,14.22,3,"[0, 0, 0, 0, 1, 0, 0, 0, 1, 1]",15.78,14.22,31.57,11.05,534722.05
WYFI,27.07,6,"[0, 1, 1, 1, 1, 0, 1, 0, 1, 0]",30.03,22.02,44.77,10.78,1789986.6
SABR,2.11,9,"[1, 1, 1, 1, 0, 1, 1, 1, 1, 1]",1.91,1.63,2.24,0.82,4009415.3
CGNT,8.97,8,"[1, 1, 1, 0, 1, 1, 1, 0, 1, 1]",8.85,8.88,12.24,6.34,439858.45
ETON,63.43,10,"[1, 1, 1, 1, 1, 1, 1, 1, 1, 1]",39.22,25.05,63.43,14.35,706342.2
WEST,8.24,10,"[1, 1, 1, 1, 1, 1, 1, 1, 1, 1]",8.14,5.76,9.73,3.71,407301.2
EGBN,28.45,10,"[1, 1, 1, 1, 1, 1, 1, 1, 1, 1]",27.79,24.57,29.12,15.78,283137.85
GO,11.06,7,"[1, 1, 1, 1, 0, 0, 1, 0, 1, 1]",9.69,9.36,18.66,5.79,2915352.0
BIOA,10.46,5,"[0, 0, 0, 1, 1, 1, 1, 0, 1, 0]",18.73,16.65,25.1,4.42,1374377.85
ASC,18.01,10,"[1, 1, 1, 1, 1, 1, 1, 1, 1, 1]",16.35,14.47,19.22,10.15,560636.0
ADAM,10.08,10,"[1, 1, 1, 1, 1, 1, 1, 1, 1, 1]",9.19,7.83,10.23,5.99,879710.05
DXYZ,33.15,8,"[1, 1, 1, 0, 1, 1, 1, 0, 1, 1]",27.22,30.69,71.24,20.82,1302863.9
SUPV,7.72,3,"[0, 0, 0, 0, 0, 1, 1, 0, 1, 0]",9.57,10.03,12.86,4.69,526255.8
NRGV,3.65,3,"[0, 0, 0, 0, 0, 0, 1, 0, 1, 1]",3.72,4.07,6.49,1.44,5573237.2
IMSR,5.51,2,"[0, 0, 0, 0, 0, 0, 0, 0, 1, 1]",6.09,7.85,27.1,4.62,1810124.1
ANRO,34.13,10,"[1, 1, 1, 1, 1, 1, 1, 1, 1, 1]",25.89,20.55,34.13,3.43,476281.25
KFRC,58.29,9,"[1, 1, 1, 1, 1, 1, 1, 1, 1, 0]",53.08,37.07,60.45,23.68,279762.15
CWH,6.3,1,"[0, 0, 0, 0, 0, 0, 0, 0, 1, 0]",6.77,8.92,17.56,5.63,2113274.05
ARKO,4.72,4,"[0, 0, 0, 1, 1, 1, 0, 0, 1, 0]",7.35,6.0,,,1113737.2
IHRT,3.01,3,"[0, 0, 0, 0, 0, 1, 1, 0, 1, 0]",3.8,3.9,6.33,2.1,763196.1
PSTL,22.69,8,"[0, 1, 1, 1, 1, 1, 1, 1, 1, 0]",23.31,19.37,24.72,13.9,288620.15
MTUS,21.23,10,"[1, 1, 1, 1, 1, 1, 1, 1, 1, 1]",20.05,18.52,22.03,14.56,408837.25
RLMD,4.85,5,"[0, 0, 0, 1, 1, 1, 1, 0, 1, 0]",5.85,5.35,7.86,0.61,1370654.05
CRESY,10.37,4,"[0, 0, 0, 0, 1, 1, 1, 0, 1, 0]",11.15,11.56,14.11,7.88,208163.45
CBLL,24.21,9,"[1, 1, 1, 0, 1, 1, 1, 1, 1, 1]",19.19,18.89,24.4,10.92,433767.75
LYTS,24.13,8,"[0, 1, 1, 1, 1, 1, 1, 1, 1, 0]",24.68,21.65,26.8,17.17,244504.4
NXDR,2.47,9,"[1, 1, 1, 1, 0, 1, 1, 1, 1, 1]",2.31,1.93,2.77,1.36,2378998.9
DSP,12.91,10,"[1, 1, 1, 1, 1, 1, 1, 1, 1, 1]",12.14,11.22,14.09,8.14,325825.9
PGC,46.36,9,"[1, 1, 1, 1, 1, 1, 1, 1, 1, 0]",46.0,36.39,48.28,24.62,201333.15
HZO,52.18,10,"[1, 1, 1, 1, 1, 1, 1, 1, 1, 1]",37.34,30.01,52.46,21.43,917538.35
ALLO,2.03,7,"[1, 0, 1, 0, 1, 1, 1, 0, 1, 1]",1.96,1.91,3.06,1.05,5879030.15
HSHP,15.83,10,"[1, 1, 1, 1, 1, 1, 1, 1, 1, 1]",14.69,11.81,16.34,6.71,323670.25
DRTS,14.26,10,"[1, 1, 1, 1, 1, 1, 1, 1, 1, 1]",11.97,8.04,14.5,3.06,528220.15
FOXF,20.83,8,"[1, 1, 1, 1, 1, 0, 1, 0, 1, 1]",18.53,17.8,30.35,13.19,631114.55
WRLD,189.1,8,"[0, 1, 1, 1, 1, 1, 1, 1, 1, 0]",189.84,153.43,223.83,115.57,125473.25
PRAA,19.65,10,"[1, 1, 1, 1, 1, 1, 1, 1, 1, 1]",17.63,16.71,22.23,10.42,436180.25
NTGR,22.12,2,"[0, 0, 0, 1, 0, 0, 0, 0, 1, 0]",23.56,24.12,36.01,19.87,395594.9
HPK,7.85,10,"[1, 1, 1, 1, 1, 1, 1, 1, 1, 1]",7.27,6.15,8.3,3.89,514639.1
KRNT,17.12,10,"[1, 1, 1, 1, 1, 1, 1, 1, 1, 1]",16.06,15.0,18.04,12.31,299765.7
FCEL,21.7,8,"[0, 1, 1, 1, 1, 1, 1, 0, 1, 1]",21.75,12.77,36.01,3.92,8613834.75
EVER,24.52,8,"[1, 1, 1, 1, 0, 1, 1, 1, 1, 0]",23.55,21.25,27.87,14.27,678433.4
GFR,6.39,10,"[1, 1, 1, 1, 1, 1, 1, 1, 1, 1]",5.99,5.65,7.1,4.31,334055.8
LPTH,14.22,10,"[1, 1, 1, 1, 1, 1, 1, 1, 1, 1]",12.96,11.61,18.15,3.41,2727375.55
RMT,14.26,10,"[1, 1, 1, 1, 1, 1, 1, 1, 1, 1]",14.06,12.02,14.68,8.97,115299.9
SB,8.03,10,"[1, 1, 1, 1, 1, 1, 1, 1, 1, 1]",6.99,6.0,8.1,4.02,747849.45
HIVE,2.78,3,"[0, 0, 0, 1, 0, 0, 1, 0, 1, 0]",3.31,3.01,6.96,1.75,20252267.55
SLDB,9.08,10,"[1, 1, 1, 1, 1, 1, 1, 1, 1, 1]",8.69,6.94,11.15,3.93,899986.1
GDOT,13.51,8,"[1, 1, 1, 1, 1, 1, 0, 1, 1, 0]",13.21,12.39,15.25,10.53,405797.95
MAKO,9.72,10,"[1, 1, 1, 1, 1, 1, 1, 1, 1, 1]",7.9,7.05,10.12,4.21,174943.65
MVST,0.76,1,"[0, 0, 0, 0, 0, 0, 0, 0, 1, 0]",1.0,2.16,6.4,0.71,6485933.8
MITK,18.18,9,"[1, 1, 1, 1, 1, 1, 1, 1, 1, 0]",17.86,13.64,20.14,8.65,759092.0
RDVT,68.19,9,"[1, 1, 1, 1, 0, 1, 1, 1, 1, 1]",63.02,51.19,73.74,34.4,289064.45
KRUS,50.14,4,"[1, 0, 0, 0, 1, 0, 0, 0, 1, 1]",49.87,57.11,85.05,42.67,182670.4
MRLN,3.31,1,"[0, 0, 0, 0, 0, 0, 0, 0, 1, 0]",4.78,8.76,16.09,3.31,1368162.4
BLMN,10.66,10,"[1, 1, 1, 1, 1, 1, 1, 1, 1, 1]",8.81,7.2,11.85,5.26,2182043.15
IRWD,4.31,9,"[1, 1, 1, 0, 1, 1, 1, 1, 1, 1]",3.99,3.8,5.39,1.07,2213380.3
HUYA,2.26,2,"[0, 0, 0, 0, 1, 0, 0, 0, 1, 0]",2.36,2.89,4.6,2.19,645167.8
SLDP,2.26,1,"[0, 0, 0, 0, 0, 0, 0, 0, 1, 0]",2.44,3.73,8.51,2.0,3811947.7
ACRS,6.3,10,"[1, 1, 1, 1, 1, 1, 1, 1, 1, 1]",5.25,3.92,6.36,1.75,1861348.4
HRTG,33.69,9,"[1, 1, 1, 1, 0, 1, 1, 1, 1, 1]",27.21,26.8,35.21,20.88,355593.65
CYRX,15.09,8,"[0, 1, 1, 1, 1, 1, 1, 1, 1, 0]",15.37,11.31,16.57,7.72,540887.95
CTO,21.86,9,"[1, 1, 1, 1, 1, 1, 1, 1, 1, 0]",21.39,18.91,22.39,14.38,331567.2
ASPI,3.86,1,"[0, 0, 0, 0, 0, 0, 0, 0, 1, 0]",5.08,5.85,14.05,3.54,3425055.45
OXM,35.59,3,"[0, 0, 0, 0, 1, 1, 0, 0, 1, 0]",37.64,37.53,48.22,30.22,289472.25
GRPN,20.22,6,"[0, 1, 1, 1, 0, 1, 1, 0, 1, 0]",23.07,17.29,28.58,9.64,1568451.0
ALRS,33.6,10,"[1, 1, 1, 1, 1, 1, 1, 1, 1, 1]",31.48,25.71,34.12,20.29,209861.2
LAES,2.74,3,"[0, 0, 0, 0, 0, 0, 1, 0, 1, 1]",2.81,3.58,7.65,2.09,13254832.2
INN,6.03,8,"[0, 1, 1, 1, 1, 1, 1, 1, 1, 0]",6.43,5.13,6.98,3.92,977312.75
PKE,36.9,10,"[1, 1, 1, 1, 1, 1, 1, 1, 1, 1]",35.0,28.3,38.23,17.69,255635.75
HY,33.33,4,"[0, 0, 0, 0, 1, 0, 0, 1, 1, 1]",34.58,33.8,40.47,25.65,119569.75
STRO,22.04,6,"[0, 0, 1, 1, 1, 1, 1, 0, 1, 0]",26.55,21.51,40.91,7.3,315268.75
TLRY,4.47,2,"[0, 0, 0, 0, 0, 0, 0, 0, 1, 1]",4.51,7.13,21.0,3.88,4892994.7
SHBI,23.66,10,"[1, 1, 1, 1, 1, 1, 1, 1, 1, 1]",23.15,19.53,24.61,14.9,225155.45
EVC,8.42,7,"[0, 1, 1, 1, 1, 1, 1, 0, 1, 0]",10.71,5.48,13.48,1.91,1925585.9
ZVRA,11.57,8,"[0, 1, 1, 1, 1, 1, 1, 1, 1, 0]",12.28,10.13,14.75,7.23,1450201.55
CARS,11.87,8,"[1, 1, 1, 1, 0, 1, 1, 1, 1, 0]",11.22,10.83,13.79,7.58,685340.35
CLYM,17.39,10,"[1, 1, 1, 1, 1, 1, 1, 1, 1, 1]",12.84,7.7,17.44,1.64,1132245.15
CWBC,26.15,9,"[1, 1, 1, 1, 1, 1, 1, 1, 1, 0]",25.87,23.67,27.89,19.45,260004.0
RMR,19.85,8,"[0, 1, 1, 1, 1, 1, 1, 1, 1, 0]",19.93,16.81,20.9,13.05,158013.9
SPIR,13.9,7,"[0, 0, 1, 1, 1, 1, 1, 0, 1, 1]",14.87,13.17,25.48,7.02,573209.1
SWBI,14.17,8,"[0, 1, 1, 1, 1, 1, 1, 1, 1, 0]",14.86,12.76,16.53,7.59,400658.5
ARVN,9.26,4,"[1, 0, 0, 0, 0, 0, 1, 0, 1, 1]",8.21,10.6,13.83,6.98,907354.75
AVR,9.58,10,"[1, 1, 1, 1, 1, 1, 1, 1, 1, 1]",9.11,6.57,10.57,3.38,870582.85
NKLR,5.86,6,"[1, 1, 1, 0, 0, 0, 1, 0, 1, 1]",5.22,5.35,18.26,3.91,334101.4
VTEX,3.54,3,"[0, 0, 0, 1, 0, 0, 0, 1, 1, 0]",3.96,3.79,4.65,2.87,948748.1
MRAM,18.45,8,"[0, 1, 1, 1, 1, 1, 1, 0, 1, 1]",19.04,15.05,44.01,5.95,1373342.35
CABA,2.91,7,"[1, 0, 1, 0, 1, 1, 1, 0, 1, 1]",2.88,2.87,4.15,1.45,3246564.15
KE,24.61,1,"[0, 0, 0, 0, 0, 0, 0, 0, 1, 0]",25.18,26.48,33.13,22.63,209363.35
CNNE,14.99,8,"[1, 1, 1, 1, 0, 0, 1, 1, 1, 1]",14.57,14.1,18.91,10.53,490751.65
PSNL,13.91,10,"[1, 1, 1, 1, 1, 1, 1, 1, 1, 1]",12.76,9.31,15.79,4.53,2593873.15
CCSI,38.09,10,"[1, 1, 1, 1, 1, 1, 1, 1, 1, 1]",36.34,28.36,39.1,20.24,137530.6
ANGX,4.85,7,"[1, 1, 1, 1, 0, 0, 1, 0, 1, 1]",3.79,3.88,16.0,2.18,1590103.8
NPCE,14.47,5,"[0, 0, 0, 0, 1, 1, 1, 1, 1, 0]",15.42,15.32,19.29,8.25,254418.05
RGR,37.6,5,"[0, 0, 1, 0, 1, 0, 1, 1, 1, 0]",38.13,37.29,46.58,28.51,118471.0
TDUP,2.81,2,"[0, 0, 0, 1, 0, 0, 0, 0, 1, 0]",5.57,5.43,12.08,2.81,3391371.85
SXC,9.14,10,"[1, 1, 1, 1, 1, 1, 1, 1, 1, 1]",8.68,7.3,9.51,5.51,1802271.8
DNUT,3.24,3,"[0, 0, 0, 1, 0, 0, 0, 0, 1, 1]",3.43,3.6,4.7,2.92,3060010.45
BCAL,21.64,10,"[1, 1, 1, 1, 1, 1, 1, 1, 1, 1]",20.8,19.06,21.8,15.74,193431.35
PHR,11.44,5,"[1, 1, 0, 0, 0, 0, 1, 0, 1, 1]",10.53,13.18,32.55,8.06,769744.75
RYAM,8.39,6,"[1, 0, 1, 0, 1, 1, 1, 0, 1, 0]",8.26,8.27,11.75,4.95,1026034.1
FEIM,75.17,9,"[1, 1, 1, 1, 1, 1, 1, 1, 1, 0]",67.95,54.03,79.85,26.95,365489.2
NPB,17.38,5,"[0, 0, 0, 1, 1, 1, 0, 1, 1, 0]",17.97,17.53,19.28,15.72,206534.1
TRON,1.5,2,"[0, 0, 0, 0, 0, 0, 1, 0, 1, 0]",1.55,1.76,5.68,1.13,466055.5
CADL,12.05,10,"[1, 1, 1, 1, 1, 1, 1, 1, 1, 1]",9.8,6.87,12.16,4.42,1188774.65
DCBO,22.69,7,"[1, 1, 1, 1, 0, 0, 1, 0, 1, 1]",19.41,19.59,31.79,14.7,101442.7
BWMN,42.53,7,"[1, 1, 1, 0, 0, 0, 1, 1, 1, 1]",30.29,32.47,44.43,25.31,491294.5
FET,82.51,10,"[1, 1, 1, 1, 1, 1, 1, 1, 1, 1]",58.44,50.29,86.31,23.18,221770.05
CLB,12.52,3,"[1, 0, 0, 0, 0, 0, 0, 0, 1, 1]",11.75,15.29,19.63,9.86,680846.45
GPRK,9.37,8,"[0, 1, 1, 1, 1, 1, 1, 1, 1, 0]",9.77,8.86,11.78,5.93,358315.95
ORN,9.55,5,"[0, 0, 0, 1, 1, 1, 1, 0, 1, 0]",12.99,12.15,17.14,6.57,718674.6
HPP,13.86,5,"[0, 1, 1, 1, 0, 0, 1, 0, 1, 0]",14.8,11.09,21.49,5.51,811955.45
CSTL,29.03,6,"[1, 1, 0, 0, 0, 1, 1, 0, 1, 1]",25.09,29.31,43.04,18.15,515006.15
CTKB,4.67,8,"[1, 1, 1, 0, 0, 1, 1, 1, 1, 1]",4.39,4.6,5.88,3.36,799232.5
GLRE,15.6,7,"[0, 0, 1, 1, 1, 1, 1, 1, 1, 0]",16.2,15.39,19.0,11.95,152571.2
ALOY,13.5,9,"[1, 1, 1, 1, 1, 1, 1, 0, 1, 1]",12.34,10.97,25.88,5.71,3446578.6
RR,1.61,1,"[0, 0, 0, 0, 0, 0, 0, 0, 1, 0]",1.81,2.77,7.06,1.35,5355649.0
BTBT,1.45,1,"[0, 0, 0, 0, 0, 0, 0, 0, 1, 0]",1.63,1.89,4.22,1.21,23799052.0
MSBI,33.14,10,"[1, 1, 1, 1, 1, 1, 1, 1, 1, 1]",31.18,24.04,34.19,13.85,199285.75
UROY,4.04,6,"[1, 1, 1, 0, 0, 0, 1, 0, 1, 1]",3.14,3.7,5.46,2.56,3515895.25
CARE,31.53,8,"[0, 1, 1, 1, 1, 1, 1, 1, 1, 0]",32.11,24.03,35.61,16.84,432769.05
EGY,5.83,9,"[1, 1, 1, 0, 1, 1, 1, 1, 1, 1]",5.37,4.96,6.6,3.29,1204078.3
GDYN,7.67,7,"[1, 1, 1, 0, 0, 0, 1, 1, 1, 1]",6.34,7.21,10.06,5.21,2087152.7
ALTI,3.9,7,"[1, 1, 0, 0, 0, 1, 1, 1, 1, 1]",3.55,3.93,5.19,2.81,223432.25
PRME,3.05,1,"[0, 0, 0, 0, 0, 0, 0, 0, 1, 0]",3.25,3.57,6.67,2.7,2364051.8
TCMD,23.85,5,"[0, 0, 0, 1, 1, 1, 1, 0, 1, 0]",27.89,26.85,33.05,12.7,348817.75
MLAB,107.94,10,"[1, 1, 1, 1, 1, 1, 1, 1, 1, 1]",100.94,91.11,113.2,59.22,150373.15
FTK,27.02,8,"[1, 1, 1, 1, 1, 1, 1, 0, 1, 0]",26.37,19.37,38.82,11.04,695562.0
AVTX,19.71,9,"[1, 1, 1, 1, 0, 1, 1, 1, 1, 1]",17.94,16.68,22.87,8.9,746042.9
DDI,12.78,10,"[1, 1, 1, 1, 1, 1, 1, 1, 1, 1]",11.64,9.93,12.92,8.25,101505.15
HELE,28.74,10,"[1, 1, 1, 1, 1, 1, 1, 1, 1, 1]",28.1,21.72,30.22,13.88,363852.55
BETR,13.05,1,"[0, 0, 0, 0, 0, 0, 0, 0, 1, 0]",23.09,33.89,86.07,13.05,753825.75
KYTX,8.5,9,"[1, 1, 1, 0, 1, 1, 1, 1, 1, 1]",8.08,8.32,11.25,3.3,749209.15
PRTA,8.71,2,"[0, 0, 0, 0, 0, 0, 0, 1, 1, 0]",8.88,9.55,11.51,7.91,492923.55
PROK,1.38,1,"[0, 0, 0, 0, 0, 0, 0, 0, 1, 0]",1.68,2.03,3.3,1.33,1054821.25
CHW,8.54,7,"[0, 1, 1, 1, 1, 1, 0, 1, 1, 0]",8.57,7.81,8.97,6.61,215656.45
MG,18.2,10,"[1, 1, 1, 1, 1, 1, 1, 1, 1, 1]",16.99,15.28,19.28,9.09,188618.6
INV,1.33,2,"[0, 0, 0, 0, 1, 0, 0, 0, 1, 0]",4.24,4.45,7.32,1.33,4114231.45
KRT,47.88,10,"[1, 1, 1, 1, 1, 1, 1, 1, 1, 1]",36.42,27.59,50.06,19.92,157637.85
DDL,2.25,5,"[1, 0, 0, 0, 1, 1, 1, 0, 1, 0]",2.25,2.44,3.2,1.67,361610.65
MEC,23.28,6,"[0, 0, 1, 1, 1, 1, 1, 0, 1, 0]",30.92,22.63,37.54,12.56,675740.8
PACK,5.18,5,"[0, 0, 0, 1, 1, 1, 1, 0, 1, 0]",6.47,5.44,7.64,3.24,607920.35
WTI,3.83,8,"[1, 1, 1, 1, 1, 1, 0, 0, 1, 1]",3.5,2.88,,,4300531.5
DNA,6.53,2,"[0, 0, 0, 1, 0, 0, 0, 0, 1, 0]",8.49,8.5,16.14,5.48,1027588.3
TECX,36.61,10,"[1, 1, 1, 1, 1, 1, 1, 1, 1, 1]",31.72,26.12,37.93,14.71,197448.7
CPS,27.88,1,"[0, 0, 0, 0, 0, 0, 0, 0, 1, 0]",28.47,30.89,45.2,25.95,210257.9
ASIX,16.56,2,"[0, 0, 0, 0, 1, 0, 0, 0, 1, 0]",20.0,19.38,25.98,14.04,289862.45
RGNX,11.07,6,"[1, 1, 1, 1, 0, 0, 1, 0, 1, 0]",10.24,10.5,15.98,5.65,1476400.55
CLFD,28.15,3,"[0, 0, 0, 1, 1, 0, 0, 0, 1, 0]",34.53,32.6,51.26,26.0,240915.85
ILPT,8.43,8,"[0, 1, 1, 1, 1, 1, 1, 1, 1, 0]",8.76,6.76,9.25,4.91,375058.1
CTNM,14.5,10,"[1, 1, 1, 1, 1, 1, 1, 1, 1, 1]",14.12,13.12,16.39,8.87,487118.45
MCS,29.77,10,"[1, 1, 1, 1, 1, 1, 1, 1, 1, 1]",24.63,18.41,31.12,12.87,340987.85
ASTL,4.09,4,"[0, 0, 0, 0, 1, 1, 0, 0, 1, 1]",4.17,4.36,5.8,3.19,1220163.45
AURA,8.16,10,"[1, 1, 1, 1, 1, 1, 1, 1, 1, 1]",7.05,6.47,8.9,4.97,675013.5
AQST,4.32,6,"[1, 1, 0, 1, 0, 0, 1, 0, 1, 1]",4.13,4.52,7.49,2.95,3338377.85
MAMA,16.04,8,"[0, 1, 1, 1, 1, 1, 1, 1, 1, 0]",17.59,14.93,20.65,7.98,506163.85
LZM,3.88,4,"[1, 0, 0, 0, 1, 0, 0, 0, 1, 1]",3.81,4.35,6.1,3.01,393038.7
ACHV,7.52,10,"[1, 1, 1, 1, 1, 1, 1, 1, 1, 1]",6.2,4.92,7.59,2.57,1158764.7
SD,14.35,7,"[1, 0, 0, 0, 1, 1, 1, 1, 1, 1]",13.88,14.63,17.58,10.13,306946.0
MNRO,11.85,1,"[0, 0, 0, 0, 0, 0, 0, 0, 1, 0]",15.19,17.22,23.1,11.27,1177061.0
OOMA,20.66,9,"[1, 1, 1, 1, 1, 1, 1, 1, 1, 0]",19.53,14.98,22.14,10.58,368513.05
ANL,14.16,10,"[1, 1, 1, 1, 1, 1, 1, 1, 1, 1]",11.45,8.0,16.6,0.88,196264.45
IMMX,11.81,10,"[1, 1, 1, 1, 1, 1, 1, 1, 1, 1]",9.72,7.84,12.02,1.96,1533568.95
FDMT,14.72,10,"[1, 1, 1, 1, 1, 1, 1, 1, 1, 1]",11.07,9.82,14.72,6.14,775897.25
KRNY,9.77,10,"[1, 1, 1, 1, 1, 1, 1, 1, 1, 1]",9.1,7.79,9.77,5.72,599760.9
STTK,7.45,10,"[1, 1, 1, 1, 1, 1, 1, 1, 1, 1]",6.49,5.14,7.92,0.89,916227.75
CERS,2.76,8,"[0, 1, 1, 1, 1, 1, 1, 1, 1, 0]",2.8,2.29,3.28,1.16,3130538.05
OIS,8.97,7,"[1, 0, 1, 0, 1, 1, 1, 0, 1, 1]",8.29,8.89,14.39,5.04,624791.2
HKD,1.66,7,"[1, 1, 1, 1, 1, 0, 1, 0, 1, 0]",1.63,1.61,2.95,1.27,112575.3
CBIO,16.69,8,"[0, 1, 1, 1, 1, 1, 1, 0, 1, 1]",16.76,15.13,26.98,8.94,238539.75
PANL,7.76,9,"[1, 1, 1, 0, 1, 1, 1, 1, 1, 1]",7.27,7.36,9.29,4.47,385107.2
OCGN,1.34,5,"[1, 0, 0, 0, 1, 0, 1, 0, 1, 1]",1.34,1.51,2.48,1.0,4156768.65
FVR,19.74,8,"[0, 1, 1, 1, 1, 1, 1, 1, 1, 0]",20.26,16.84,21.92,12.31,154730.65
MATV,12.07,7,"[1, 1, 1, 0, 0, 0, 1, 1, 1, 1]",8.77,10.25,14.72,7.22,604197.65
IPI,36.41,7,"[1, 0, 1, 0, 1, 1, 1, 0, 1, 1]",34.75,34.32,48.84,23.94,176227.3
CHCT,14.79,5,"[0, 0, 0, 1, 1, 1, 0, 1, 1, 0]",17.55,16.3,19.02,12.18,355131.2
CGC,0.99,3,"[1, 0, 0, 0, 0, 0, 0, 0, 1, 1]",0.96,1.09,1.92,0.86,3206559.9
PUBM,17.36,10,"[1, 1, 1, 1, 1, 1, 1, 1, 1, 1]",13.34,9.83,17.78,6.28,794114.85
ELVA,7.5,4,"[0, 0, 0, 0, 1, 1, 1, 0, 1, 0]",9.17,8.45,12.26,4.23,658268.75
ALIT,13.43,2,"[0, 0, 0, 0, 0, 0, 1, 0, 1, 0]",15.95,24.01,77.24,9.8,586926.9
CD,3.65,3,"[0, 0, 0, 0, 0, 0, 1, 0, 1, 1]",3.77,5.71,35.79,2.65,225791.85
NUAI,5.13,7,"[0, 1, 1, 1, 1, 1, 1, 0, 1, 0]",5.13,4.79,8.06,0.33,5959593.55
EBS,4.66,1,"[0, 0, 0, 0, 0, 0, 0, 0, 1, 0]",7.35,9.39,13.9,4.45,1274891.85
RBBN,2.04,1,"[0, 0, 0, 0, 0, 0, 0, 0, 1, 0]",2.26,2.55,4.16,1.95,723292.5
CLNE,1.61,1,"[0, 0, 0, 0, 0, 0, 0, 0, 1, 0]",1.96,2.21,3.06,1.58,1945551.45
OVID,2.84,10,"[1, 1, 1, 1, 1, 1, 1, 1, 1, 1]",2.49,2.1,2.96,0.94,1547034.5
APPS,12.12,10,"[1, 1, 1, 1, 1, 1, 1, 1, 1, 1]",10.43,6.08,14.39,2.82,4235506.0
SRTA,5.7,10,"[1, 1, 1, 1, 1, 1, 1, 1, 1, 1]",5.49,5.03,6.47,3.99,1160388.1
RIGL,43.62,9,"[1, 1, 1, 1, 0, 1, 1, 1, 1, 1]",38.33,35.68,50.96,25.44,313062.6
NGNE,35.67,9,"[1, 1, 1, 1, 1, 1, 1, 1, 1, 0]",34.22,25.51,42.84,16.37,162088.9
IMXI,14.52,4,"[1, 0, 0, 0, 0, 0, 0, 1, 1, 1]",13.66,15.05,15.94,11.35,803807.8
ZKH,2.9,4,"[1, 0, 0, 0, 0, 0, 1, 1, 1, 0]",2.74,3.09,3.79,2.06,102035.75
PSFE,6.52,2,"[0, 0, 0, 1, 0, 0, 0, 0, 1, 0]",7.53,7.79,14.68,6.01,400761.5
TATT,40.02,2,"[0, 0, 0, 0, 1, 0, 0, 0, 1, 0]",42.67,43.99,61.11,32.08,202011.95
ASMB,32.13,7,"[1, 1, 1, 0, 0, 0, 1, 1, 1, 1]",26.29,29.17,38.5,20.55,203102.55
WEAV,7.28,7,"[1, 1, 1, 1, 0, 0, 1, 1, 1, 0]",6.14,5.99,7.99,4.37,3680586.2
LTBR,7.98,1,"[0, 0, 0, 0, 0, 0, 0, 0, 1, 0]",8.61,12.79,27.72,7.2,933822.1
MTW,19.3,10,"[1, 1, 1, 1, 1, 1, 1, 1, 1, 1]",14.31,13.07,20.87,9.34,370755.7
SGMT,10.58,9,"[1, 1, 1, 1, 0, 1, 1, 1, 1, 1]",7.65,6.66,10.58,4.55,1245868.0
FBRX,76.88,10,"[1, 1, 1, 1, 1, 1, 1, 1, 1, 1]",45.55,30.26,76.98,10.3,2253080.85
EVH,4.58,5,"[0, 1, 1, 1, 0, 0, 1, 0, 1, 0]",4.76,3.91,9.99,2.17,4576619.05
BMBL,2.72,1,"[0, 0, 0, 0, 0, 0, 0, 0, 1, 0]",2.92,3.4,7.17,2.6,2969537.3
FULC,3.87,3,"[1, 0, 0, 0, 0, 0, 0, 0, 1, 1]",3.67,7.62,14.6,3.14,1756269.3
KLC,2.72,3,"[0, 0, 0, 1, 0, 0, 1, 0, 1, 0]",4.57,4.1,7.66,1.84,1005434.45
CLDT,12.97,8,"[0, 1, 1, 1, 1, 1, 1, 1, 1, 0]",13.01,9.03,13.78,6.03,330729.9
ANGO,15.82,9,"[1, 1, 1, 1, 0, 1, 1, 1, 1, 1]",13.72,11.99,15.85,8.83,473221.2
RPD,12.59,7,"[1, 1, 1, 1, 0, 0, 1, 0, 1, 1]",9.84,10.05,21.14,5.05,2484142.2
CTEV,35.6,7,"[1, 1, 1, 1, 0, 0, 1, 0, 1, 1]",30.06,29.58,72.58,13.47,117105.55
CAL,12.92,9,"[0, 1, 1, 1, 1, 1, 1, 1, 1, 1]",12.97,12.31,15.42,8.76,472868.3
ADUR,15.63,9,"[1, 1, 1, 1, 1, 0, 1, 1, 1, 1]",14.88,12.96,17.39,9.19,441857.1
ZURA,5.77,9,"[1, 1, 1, 0, 1, 1, 1, 1, 1, 1]",5.04,5.11,7.04,1.73,705271.2
ACTG,4.67,10,"[1, 1, 1, 1, 1, 1, 1, 1, 1, 1]",4.62,4.32,5.16,3.15,283369.0
NPWR,1.65,3,"[1, 0, 0, 0, 0, 0, 0, 0, 1, 1]",1.6,2.08,4.85,1.36,790767.05
BLZE,19.2,10,"[1, 1, 1, 1, 1, 1, 1, 1, 1, 1]",14.08,7.31,20.43,3.31,2979410.2
TROO,1.97,4,"[0, 0, 0, 0, 1, 1, 1, 0, 1, 0]",2.16,2.69,5.02,0.85,262966.05
PERI,9.64,7,"[1, 1, 1, 0, 0, 1, 0, 1, 1, 1]",9.23,9.44,11.06,7.71,336107.05
CRNC,8.47,3,"[0, 0, 0, 1, 0, 0, 1, 0, 1, 0]",9.65,9.63,13.3,5.96,725939.9
MCFT,25.14,9,"[1, 1, 1, 1, 1, 1, 1, 1, 1, 0]",24.11,22.03,27.38,17.21,163546.85
GEVO,1.53,2,"[1, 0, 0, 0, 0, 0, 0, 0, 1, 0]",1.52,1.9,2.78,1.4,3275839.0
ADCT,1.03,1,"[0, 0, 0, 0, 0, 0, 0, 0, 1, 0]",1.14,3.19,4.88,0.98,1157268.95
ENTA,13.3,7,"[1, 0, 0, 0, 1, 1, 1, 1, 1, 1]",13.12,13.42,16.85,7.17,174463.65
SPT,9.81,7,"[1, 1, 1, 1, 0, 0, 1, 0, 1, 1]",8.15,8.11,15.83,4.99,1241385.25
PKOH,47.36,4,"[0, 0, 0, 0, 0, 0, 1, 1, 1, 1]",,,52.51,18.22,105483.85
TTGT,3.85,2,"[0, 0, 0, 0, 0, 0, 0, 0, 1, 1]",3.86,4.62,6.98,3.4,468928.5
ALMU,16.07,4,"[0, 0, 0, 1, 1, 0, 1, 0, 1, 0]",18.8,17.8,31.49,10.73,476526.15
NVEC,114.78,10,"[1, 1, 1, 1, 1, 1, 1, 1, 1, 1]",106.07,79.58,133.06,55.46,235532.55
AVIR,5.28,9,"[1, 1, 1, 0, 1, 1, 1, 1, 1, 1]",4.72,4.46,6.15,2.82,376264.65
MAGN,12.23,7,"[0, 1, 1, 1, 0, 1, 1, 1, 1, 0]",12.75,12.16,15.26,7.96,489639.3
LXEO,4.93,3,"[1, 0, 0, 0, 0, 0, 0, 0, 1, 1]",4.65,6.65,10.63,4.13,1104398.2
BGS,3.45,2,"[0, 0, 0, 0, 1, 0, 0, 0, 1, 0]",3.74,4.29,5.52,3.4,2425968.25
BYND,12.74,9,"[1, 1, 1, 1, 0, 1, 1, 1, 1, 1]",1.36,1.02,13.47,0.42,32235982.75
OEC,6.07,5,"[0, 0, 0, 1, 1, 1, 1, 0, 1, 0]",6.75,6.15,10.67,4.3,442537.4
NEXN,10.24,9,"[1, 1, 1, 1, 1, 1, 1, 1, 1, 0]",9.58,7.58,10.95,5.7,512240.85
NATR,14.65,3,"[0, 0, 0, 0, 1, 1, 0, 0, 1, 0]",19.91,22.46,27.8,13.14,204487.6
PACB,1.14,1,"[0, 0, 0, 0, 0, 0, 0, 0, 1, 0]",1.4,1.67,2.67,1.11,7129356.65
MNPR,119.05,9,"[1, 1, 1, 1, 0, 1, 1, 1, 1, 1]",94.4,72.61,120.21,30.42,267584.15
IVVD,0.87,4,"[1, 0, 0, 0, 0, 0, 1, 0, 1, 1]",0.77,1.55,2.88,0.52,3256500.6
NRC,22.01,10,"[1, 1, 1, 1, 1, 1, 1, 1, 1, 1]",20.65,17.89,22.77,11.13,120796.55
CBAN,22.01,10,"[1, 1, 1, 1, 1, 1, 1, 1, 1, 1]",21.01,19.32,22.27,15.54,197375.55
LOCO,15.28,8,"[0, 1, 1, 1, 1, 1, 1, 1, 1, 0]",15.87,12.89,17.2,9.06,249527.6
EOLS,8.18,9,"[1, 1, 1, 1, 0, 1, 1, 1, 1, 1]",6.71,5.93,8.34,3.94,987810.4
AUTL,2.29,10,"[1, 1, 1, 1, 1, 1, 1, 1, 1, 1]",1.67,1.56,2.33,1.21,2859507.25
XFOR,4.21,10,"[1, 1, 1, 1, 1, 1, 1, 1, 1, 1]",4.06,3.92,4.67,2.8,721853.5
GRRR,15.2,8,"[1, 1, 1, 1, 1, 0, 1, 0, 1, 1]",15.18,13.68,21.78,9.48,933698.5
ABAT,2.35,1,"[0, 0, 0, 0, 0, 0, 0, 0, 1, 0]",2.64,3.43,11.33,2.04,3107248.2
ASPN,5.58,8,"[1, 1, 1, 1, 1, 0, 1, 0, 1, 1]",5.51,4.26,8.82,2.57,1761062.6
SSP,3.3,6,"[1, 0, 0, 0, 1, 1, 1, 0, 1, 1]",3.05,3.53,5.16,1.54,685694.4
VREX,18.46,9,"[1, 1, 1, 0, 1, 1, 1, 1, 1, 1]",11.88,11.92,18.58,9.32,1339866.8
LRMR,4.06,7,"[1, 1, 1, 0, 1, 0, 1, 0, 1, 1]",3.77,3.9,5.95,2.81,1223388.8
IPSC,1.96,5,"[0, 0, 1, 0, 1, 1, 1, 0, 1, 0]",2.18,1.85,2.94,0.47,587068.75
NEWT,12.79,7,"[0, 0, 1, 1, 1, 1, 1, 1, 1, 0]",14.2,12.48,15.56,9.18,227210.75
VOXR,5.12,8,"[1, 0, 1, 0, 1, 1, 1, 1, 1, 1]",4.75,5.1,6.39,3.09,437117.0
XNET,4.89,1,"[0, 0, 0, 0, 0, 0, 0, 0, 1, 0]",5.37,6.24,10.78,4.66,248113.5
VELO,14.63,7,"[0, 0, 1, 1, 1, 1, 1, 0, 1, 1]",15.56,13.34,30.61,2.97,1848629.0
HNST,4.75,10,"[1, 1, 1, 1, 1, 1, 1, 1, 1, 1]",3.98,3.13,5.46,2.1,2923815.25
RCKT,3.34,2,"[0, 0, 0, 0, 1, 0, 0, 0, 1, 0]",3.37,3.55,5.3,2.6,1503881.65
DCTH,16.86,10,"[1, 1, 1, 1, 1, 1, 1, 1, 1, 1]",13.18,10.76,17.36,8.19,719547.8
CDZI,3.23,1,"[0, 0, 0, 0, 0, 0, 0, 0, 1, 0]",3.64,4.81,6.92,2.98,858215.55
OPAL,2.22,3,"[1, 0, 0, 0, 0, 0, 0, 1, 1, 0]",2.18,2.27,2.78,1.78,195124.95
ISTR,30.85,10,"[1, 1, 1, 1, 1, 1, 1, 1, 1, 1]",29.8,27.75,30.95,21.26,132243.25
OSS,12.68,7,"[0, 1, 1, 1, 1, 1, 1, 0, 1, 0]",14.51,10.74,19.95,4.34,1022911.2
XPER,6.47,4,"[0, 0, 0, 1, 1, 1, 0, 0, 1, 0]",7.59,6.59,8.64,5.11,497634.7
QUAD,10.05,8,"[1, 1, 1, 1, 1, 1, 0, 0, 1, 1]",8.63,6.96,,,452412.8
FUFU,1.29,1,"[0, 0, 0, 0, 0, 0, 0, 0, 1, 0]",1.45,2.26,4.23,1.26,180920.75
CLPT,15.18,5,"[0, 1, 1, 1, 0, 0, 1, 0, 1, 0]",15.65,13.57,29.6,8.66,624575.15
EGHT,2.05,7,"[1, 1, 1, 0, 1, 1, 0, 0, 1, 1]",1.92,2.02,2.76,1.59,1861305.3
PBYI,9.24,10,"[1, 1, 1, 1, 1, 1, 1, 1, 1, 1]",7.97,6.76,9.24,4.34,316963.05
ISSC,18.47,7,"[1, 0, 1, 0, 1, 1, 1, 0, 1, 1]",17.9,17.88,30.56,8.32,407031.15
DVLT,0.39,4,"[1, 0, 0, 0, 0, 0, 1, 0, 1, 1]",0.36,0.8,3.42,0.28,28034882.45
VNDA,5.44,2,"[0, 0, 0, 0, 1, 0, 0, 0, 1, 0]",5.65,6.51,9.56,4.32,1033098.1
RNGR,17.55,9,"[1, 1, 1, 0, 1, 1, 1, 1, 1, 1]",15.87,15.54,18.29,12.18,230574.05
AMCX,11.94,10,"[1, 1, 1, 1, 1, 1, 1, 1, 1, 1]",10.46,8.85,12.36,6.52,840277.55
SVCO,6.8,5,"[0, 0, 0, 1, 1, 1, 1, 0, 1, 0]",9.86,7.04,13.79,3.23,431517.45
CLMB,28.35,8,"[1, 1, 1, 1, 0, 0, 1, 1, 1, 1]",25.25,24.82,35.79,16.68,150169.75
API,4.45,10,"[1, 1, 1, 1, 1, 1, 1, 1, 1, 1]",4.24,4.03,5.26,3.24,304122.0
ACCO,4.28,10,"[1, 1, 1, 1, 1, 1, 1, 1, 1, 1]",4.11,3.67,4.41,2.78,653888.95
RMNI,5.01,9,"[1, 1, 1, 1, 0, 1, 1, 1, 1, 1]",4.54,3.89,5.05,2.97,383658.1
SOPH,7.62,10,"[1, 1, 1, 1, 1, 1, 1, 1, 1, 1]",5.94,5.11,7.71,3.12,435672.5
XRX,2.97,7,"[0, 1, 1, 1, 0, 0, 1, 1, 1, 1]",3.01,2.41,3.95,1.21,4174462.55
BNED,11.95,8,"[0, 1, 1, 1, 1, 1, 1, 1, 1, 0]",11.95,9.71,13.65,6.08,205131.2
DDD,3.44,10,"[1, 1, 1, 1, 1, 1, 1, 1, 1, 1]",3.07,2.49,3.88,1.77,3613140.45
DIN,34.96,9,"[1, 1, 1, 1, 1, 1, 1, 1, 1, 0]",34.85,31.36,38.33,20.38,250964.4
TG,8.0,6,"[1, 0, 0, 0, 1, 1, 0, 1, 1, 1]",7.8,8.12,10.35,6.29,178467.45
FRST,16.53,10,"[1, 1, 1, 1, 1, 1, 1, 1, 1, 1]",15.78,13.64,16.67,9.31,183772.25
EVTL,0.78,1,"[0, 0, 0, 0, 0, 0, 0, 0, 1, 0]",1.58,3.44,7.28,0.78,9122230.25
IRD,3.69,6,"[0, 0, 1, 0, 1, 1, 1, 0, 1, 1]",3.74,3.56,5.75,1.11,802160.55
LE,11.95,2,"[0, 0, 0, 0, 0, 0, 0, 0, 1, 1]",11.97,13.75,19.15,10.09,189073.3
QUIK,12.07,6,"[0, 0, 1, 1, 1, 1, 1, 0, 1, 0]",15.95,11.64,23.74,4.89,290633.65
TLS,4.4,1,"[0, 0, 0, 0, 0, 0, 0, 0, 1, 0]",4.56,4.9,7.76,3.88,456333.85
SHIP,17.0,10,"[1, 1, 1, 1, 1, 1, 1, 1, 1, 1]",15.46,12.71,18.17,6.99,307930.45
DBI,5.88,5,"[0, 0, 0, 0, 1, 1, 1, 0, 1, 1]",6.1,6.33,9.04,3.04,383466.15
ALTO,4.24,6,"[0, 0, 1, 1, 1, 1, 1, 0, 1, 0]",5.08,3.88,5.99,0.92,2135930.2
PAYS,13.52,10,"[1, 1, 1, 1, 1, 1, 1, 1, 1, 1]",9.09,6.1,13.52,3.18,750407.55
VMD,9.12,6,"[0, 0, 1, 1, 1, 1, 1, 0, 1, 0]",10.93,8.92,12.33,6.26,444097.7
CURR,3.78,10,"[1, 1, 1, 1, 1, 1, 1, 1, 1, 1]",3.13,2.69,4.49,1.38,172234.8
MEI,16.01,10,"[1, 1, 1, 1, 1, 1, 1, 1, 1, 1]",15.0,9.47,19.36,5.0,533601.4
NAUT,0.85,4,"[0, 0, 0, 0, 1, 1, 1, 0, 1, 0]",1.64,2.21,3.95,0.64,890014.95
DMAC,6.61,1,"[0, 0, 0, 0, 0, 0, 0, 0, 1, 0]",6.63,7.19,9.39,5.3,166406.0
CAN,0.22,1,"[0, 0, 0, 0, 0, 0, 0, 0, 1, 0]",0.27,0.56,2.05,0.17,11571109.85
RMAX,13.61,10,"[1, 1, 1, 1, 1, 1, 1, 1, 1, 1]",10.42,8.35,13.61,5.66,579885.4
NMRA,1.64,4,"[1, 0, 0, 0, 0, 0, 1, 0, 1, 1]",1.61,2.15,3.59,0.92,699548.75
HLLY,3.09,4,"[1, 0, 0, 0, 0, 0, 1, 0, 1, 1]",2.67,3.34,4.39,2.36,934384.65
LVWR,1.24,4,"[1, 0, 0, 0, 0, 0, 1, 0, 1, 1]",1.17,2.33,6.21,0.65,12192183.1
IMRX,5.03,5,"[1, 1, 0, 0, 0, 0, 1, 0, 1, 1]",4.63,5.36,9.26,3.35,651710.85
TSSI,9.44,3,"[0, 0, 0, 0, 1, 0, 1, 0, 1, 0]",11.2,11.29,20.42,6.92,930004.9
SLP,18.36,9,"[1, 1, 1, 1, 0, 1, 1, 1, 1, 1]",18.03,16.27,20.84,11.36,277112.7
ABEO,6.16,8,"[0, 1, 1, 1, 1, 1, 1, 1, 1, 0]",6.31,5.4,7.46,4.17,1609957.7
REPL,15.58,9,"[1, 1, 1, 1, 0, 1, 1, 1, 1, 1]",10.82,8.19,15.58,1.7,7974012.9
DSX,2.65,9,"[1, 1, 1, 0, 1, 1, 1, 1, 1, 1]",2.26,2.22,2.89,1.53,793863.05
STRZ,25.54,8,"[0, 1, 1, 1, 1, 1, 1, 1, 1, 0]",27.1,16.85,30.21,8.65,200553.6
SLN,14.1,10,"[1, 1, 1, 1, 1, 1, 1, 1, 1, 1]",10.12,7.17,15.43,4.3,1905332.55
ATOM,4.92,5,"[0, 0, 0, 1, 1, 1, 1, 0, 1, 0]",6.58,5.09,12.11,1.99,589724.3
BRCC,0.82,3,"[0, 0, 0, 1, 0, 0, 1, 0, 1, 0]",1.13,1.09,1.78,0.62,1171662.2
TYGO,1.15,2,"[0, 0, 0, 0, 1, 0, 0, 0, 1, 0]",1.99,2.84,5.16,1.15,1851185.2
PINE,19.6,8,"[0, 1, 1, 1, 1, 1, 1, 1, 1, 0]",20.2,18.32,21.75,12.57,138759.05
AZ,7.27,8,"[1, 1, 1, 0, 1, 0, 1, 1, 1, 1]",5.95,6.4,9.32,5.12,474378.95
ZNTL,3.68,7,"[0, 1, 1, 1, 1, 1, 1, 0, 1, 0]",4.32,3.09,6.61,1.28,1151093.7
RPAY,3.67,5,"[0, 1, 1, 1, 0, 0, 1, 0, 1, 0]",3.77,3.5,5.96,2.4,518303.75
ASYS,16.88,7,"[0, 1, 1, 1, 1, 1, 1, 0, 1, 0]",18.16,14.82,23.99,5.4,393606.95
NVCT,20.91,9,"[1, 1, 1, 1, 1, 1, 1, 0, 1, 1]",18.48,10.84,28.53,5.65,208466.2
MASS,10.08,10,"[1, 1, 1, 1, 1, 1, 1, 1, 1, 1]",8.38,7.04,10.19,5.09,449966.45
FLWS,4.02,7,"[1, 1, 1, 1, 1, 0, 1, 0, 1, 0]",3.95,3.83,5.65,3.0,207400.85
RZLT,4.66,5,"[0, 1, 1, 1, 0, 0, 1, 0, 1, 0]",4.74,4.45,10.94,1.4,1136214.95
PRLD,5.75,10,"[1, 1, 1, 1, 1, 1, 1, 1, 1, 1]",4.57,3.3,5.75,0.89,414022.85
GSIT,6.32,4,"[0, 0, 0, 0, 1, 0, 1, 0, 1, 1]",6.69,7.29,12.97,2.91,595372.35
ZIP,4.97,9,"[1, 1, 1, 1, 0, 1, 1, 1, 1, 1]",4.0,3.42,5.49,1.69,800645.9
EDIT,2.88,7,"[1, 1, 1, 1, 1, 0, 1, 0, 1, 0]",2.88,2.59,4.15,1.66,1571009.2
RILY,7.16,6,"[0, 0, 1, 0, 1, 1, 1, 0, 1, 1]",7.73,7.11,10.68,3.72,572709.0
CXDO,6.58,3,"[0, 0, 0, 0, 1, 1, 0, 0, 1, 0]",7.21,7.09,10.47,5.6,502513.15
PALI,2.04,8,"[1, 1, 1, 1, 0, 1, 1, 0, 1, 1]",1.95,1.94,2.8,0.54,1956302.85
BKKT,6.93,1,"[0, 0, 0, 0, 0, 0, 0, 0, 1, 0]",7.95,11.06,45.04,6.85,1012647.8
SMWB,8.57,8,"[1, 1, 1, 1, 0, 0, 1, 1, 1, 1]",6.45,5.27,10.4,2.33,962522.75
SY,2.21,4,"[1, 0, 0, 0, 0, 0, 1, 0, 1, 1]",1.81,2.67,4.47,1.32,177523.5
VFF,2.54,4,"[1, 0, 0, 0, 0, 0, 1, 0, 1, 1]",2.05,2.9,4.18,1.84,1128909.6
ELDN,3.62,8,"[0, 1, 1, 1, 1, 1, 1, 1, 1, 0]",3.72,2.91,4.36,1.39,971459.75
FNKO,6.19,10,"[1, 1, 1, 1, 1, 1, 1, 1, 1, 1]",5.67,4.34,6.35,2.68,1315517.6
VLN,1.83,6,"[0, 0, 1, 1, 1, 0, 1, 0, 1, 1]",1.94,1.82,3.53,1.11,969345.95
SGHT,8.22,9,"[1, 1, 1, 1, 0, 1, 1, 1, 1, 1]",5.71,5.7,9.05,3.2,313006.8
SHMD,5.23,6,"[1, 0, 0, 0, 1, 1, 1, 0, 1, 1]",5.08,6.09,10.42,2.1,411433.6
OPTX,8.32,6,"[0, 0, 1, 1, 1, 1, 1, 0, 1, 0]",9.33,6.77,14.11,1.25,407209.55
ACIU,2.57,3,"[1, 0, 0, 0, 0, 0, 0, 0, 1, 1]",2.38,2.87,3.99,2.04,204236.85
MBI,4.97,1,"[0, 0, 0, 0, 0, 0, 0, 0, 1, 0]",5.92,6.38,8.13,4.93,551339.3
TARA,3.98,2,"[0, 0, 0, 0, 0, 0, 1, 0, 1, 0]",4.02,5.2,7.56,3.03,389488.4
PDYN,6.28,6,"[1, 0, 1, 0, 1, 0, 1, 0, 1, 1]",5.84,6.27,10.3,4.15,927674.05
CCCC,4.18,10,"[1, 1, 1, 1, 1, 1, 1, 1, 1, 1]",3.91,2.94,4.67,1.71,2513385.0
DEFT,0.44,2,"[0, 0, 0, 0, 0, 0, 0, 0, 1, 1]",0.48,0.79,2.72,0.39,1848548.25
USAU,14.61,3,"[0, 0, 0, 0, 0, 0, 1, 0, 1, 1]",14.8,16.48,22.6,10.41,241552.65
FATE,2.56,9,"[1, 1, 1, 1, 1, 1, 1, 1, 1, 0]",2.5,1.63,3.11,0.95,2036265.0
CGEN,2.38,8,"[1, 1, 1, 0, 1, 1, 1, 1, 1, 0]",2.25,2.11,3.1,1.33,248061.3
ALXO,2.08,10,"[1, 1, 1, 1, 1, 1, 1, 1, 1, 1]",1.92,1.78,2.6,0.83,1083798.95
ACH,1.13,2,"[0, 0, 0, 1, 0, 0, 0, 0, 1, 0]",2.94,2.78,5.62,0.95,1728655.4
CNDT,1.43,1,"[0, 0, 0, 0, 0, 0, 0, 0, 1, 0]",1.51,1.64,2.96,1.16,960308.75
AIRS,2.69,3,"[0, 0, 0, 1, 0, 0, 1, 0, 1, 0]",4.49,3.73,11.65,1.58,895074.1
IKT,2.4,10,"[1, 1, 1, 1, 1, 1, 1, 1, 1, 1]",2.08,1.82,2.47,1.41,650958.15
PRE,19.4,9,"[1, 1, 1, 1, 1, 1, 1, 1, 1, 0]",19.21,17.71,22.15,7.25,143005.55
RDCM,10.34,1,"[0, 0, 0, 0, 0, 0, 0, 0, 1, 0]",12.5,12.91,16.14,10.01,215763.1
CHRS,1.34,2,"[0, 0, 0, 0, 1, 0, 0, 0, 1, 0]",1.41,1.57,2.51,1.07,1027298.4
ARTV,11.68,10,"[1, 1, 1, 1, 1, 1, 1, 1, 1, 1]",9.76,6.85,13.39,2.28,333891.05
SIDU,2.44,5,"[0, 0, 0, 0, 1, 1, 1, 0, 1, 1]",2.52,2.63,6.2,0.63,6088400.9
TRDA,7.27,6,"[1, 0, 0, 0, 1, 1, 1, 0, 1, 1]",6.91,9.68,16.03,5.06,411426.3
LAW,4.42,5,"[1, 1, 0, 0, 0, 0, 1, 0, 1, 1]",3.9,5.03,8.91,2.76,254194.35
OPRT,7.42,10,"[1, 1, 1, 1, 1, 1, 1, 1, 1, 1]",5.97,5.39,8.09,4.13,512228.1
JACK,16.73,7,"[1, 1, 1, 1, 0, 0, 1, 0, 1, 1]",15.1,15.84,23.52,9.4,946590.95
ARCT,8.21,7,"[1, 1, 1, 0, 1, 0, 1, 0, 1, 1]",6.8,7.36,23.16,5.53,525620.05
FOSL,5.5,10,"[1, 1, 1, 1, 1, 1, 1, 1, 1, 1]",4.55,4.06,6.09,1.79,1118271.85
INSG,4.33,1,"[0, 0, 0, 0, 0, 0, 0, 0, 1, 0]",8.31,11.39,20.29,4.33,460543.75
FHTX,6.75,10,"[1, 1, 1, 1, 1, 1, 1, 1, 1, 1]",5.08,4.99,6.75,3.53,208750.6
CDXS,1.5,4,"[0, 0, 0, 1, 1, 0, 1, 0, 1, 0]",2.09,1.91,2.89,0.98,1697167.8
VUZI,3.08,6,"[1, 1, 1, 0, 0, 0, 1, 0, 1, 1]",2.7,2.85,5.14,1.9,1114503.95
NXDT,5.1,9,"[1, 1, 1, 1, 1, 1, 1, 1, 1, 0]",5.03,4.28,5.78,2.4,191207.7
SILC,45.91,10,"[1, 1, 1, 1, 1, 1, 1, 1, 1, 1]",43.23,27.64,50.98,13.5,201002.0
RNAC,9.2,9,"[1, 1, 1, 1, 1, 0, 1, 1, 1, 1]",8.66,7.55,11.25,5.84,114961.25
NBP,1.89,3,"[1, 0, 0, 0, 0, 0, 0, 0, 1, 1]",1.75,2.86,6.56,1.47,244459.0
XPOF,5.07,1,"[0, 0, 0, 0, 0, 0, 0, 0, 1, 0]",6.35,6.73,9.14,4.26,1184143.0
PROF,7.0,10,"[1, 1, 1, 1, 1, 1, 1, 1, 1, 1]",6.98,6.84,8.65,3.87,142796.55
AP,8.97,8,"[0, 1, 1, 1, 1, 1, 1, 0, 1, 1]",9.05,7.42,12.2,1.85,112946.05
NVA,4.82,3,"[0, 0, 0, 0, 0, 0, 1, 0, 1, 1]",5.27,6.81,14.37,1.98,224122.5
CANG,1.63,1,"[0, 0, 0, 0, 0, 0, 0, 0, 1, 0]",2.1,7.65,27.5,1.4,137047.65
LTRX,6.28,8,"[1, 1, 1, 0, 1, 1, 1, 0, 1, 1]",5.85,5.95,8.45,3.23,666897.8
VYGR,3.3,2,"[0, 0, 0, 0, 0, 0, 0, 0, 1, 1]",3.35,3.83,5.33,3.0,505971.45
DUOT,11.59,9,"[1, 1, 1, 1, 0, 1, 1, 1, 1, 1]",9.91,9.46,14.64,6.0,1240205.85
AIRJ,5.32,8,"[1, 1, 1, 1, 0, 0, 1, 1, 1, 1]",4.77,3.88,6.59,2.51,2198347.65
EAF,7.01,3,"[0, 0, 0, 0, 0, 0, 1, 0, 1, 1]",7.14,10.16,19.82,5.23,292165.05
OSG,4.59,2,"[0, 0, 0, 1, 0, 0, 0, 0, 1, 0]",5.71,6.17,10.08,3.94,461119.35
OABI,3.92,10,"[1, 1, 1, 1, 1, 1, 1, 1, 1, 1]",2.41,1.97,3.92,1.36,1693524.6
SPCE,3.19,7,"[1, 1, 1, 1, 0, 0, 1, 0, 1, 1]",3.03,3.08,7.52,2.17,8952382.2
POWW,2.26,10,"[1, 1, 1, 1, 1, 1, 1, 1, 1, 1]",2.22,1.99,2.56,1.35,653737.9
OBIO,5.66,8,"[1, 1, 1, 0, 0, 1, 1, 1, 1, 1]",4.07,4.2,5.66,2.35,276353.25
ALTG,6.7,9,"[0, 1, 1, 1, 1, 1, 1, 1, 1, 1]",6.8,6.23,8.57,4.19,163466.0
HUMA,0.58,1,"[0, 0, 0, 0, 0, 0, 0, 0, 1, 0]",0.77,0.99,2.48,0.55,7505693.5
LOVE,17.07,9,"[1, 1, 1, 1, 1, 1, 1, 1, 1, 0]",16.72,14.78,20.75,10.54,200000.85
ALEC,2.21,7,"[1, 1, 1, 0, 1, 0, 1, 0, 1, 1]",1.72,1.85,3.32,1.14,1305336.5
UIS,2.66,4,"[0, 0, 0, 1, 1, 0, 1, 0, 1, 0]",3.45,2.91,4.78,2.0,744477.0
LFMD,3.27,2,"[0, 0, 0, 1, 0, 0, 0, 0, 1, 0]",4.2,3.98,6.97,2.64,1138566.5
WALD,1.37,3,"[0, 0, 0, 1, 0, 0, 1, 0, 1, 0]",1.63,1.62,3.08,0.76,320922.4
BZAI,0.56,1,"[0, 0, 0, 0, 0, 0, 0, 0, 1, 0]",1.17,1.71,6.29,0.52,7907500.15
HRTX,0.3,1,"[0, 0, 0, 0, 0, 0, 0, 0, 1, 0]",0.43,0.94,1.49,0.3,2833794.2
GPRO,0.59,1,"[0, 0, 0, 0, 0, 0, 0, 0, 1, 0]",0.72,1.11,2.88,0.57,5837419.0
CRNT,2.11,2,"[0, 0, 0, 0, 1, 0, 0, 0, 1, 0]",2.39,2.34,3.2,1.88,541901.7
NKTX,2.41,6,"[0, 0, 1, 1, 1, 1, 1, 0, 1, 0]",2.61,2.39,3.67,1.73,619531.75
AREC,2.68,6,"[1, 1, 1, 0, 0, 0, 1, 0, 1, 1]",2.05,2.62,6.71,1.24,2392419.35
MIST,1.07,1,"[0, 0, 0, 0, 0, 0, 0, 0, 1, 0]",1.22,1.71,2.95,1.01,1626453.25
IMPP,5.05,8,"[1, 1, 1, 1, 0, 0, 1, 1, 1, 1]",4.87,4.61,6.35,3.01,279414.6
RELL,19.01,10,"[1, 1, 1, 1, 1, 1, 1, 1, 1, 1]",18.22,13.75,21.76,9.26,402357.8
OSUR,3.75,8,"[0, 1, 1, 1, 1, 1, 1, 1, 1, 0]",4.13,3.18,4.5,2.11,446244.9
CNTX,0.5,2,"[0, 0, 0, 0, 1, 0, 0, 0, 1, 0]",0.68,1.68,3.36,0.45,1846303.2
MVIS,1.79,1,"[0, 0, 0, 0, 0, 0, 0, 0, 1, 0]",4.57,9.85,21.45,1.79,1839007.15
AMPY,4.82,5,"[1, 0, 0, 0, 1, 0, 1, 0, 1, 1]",4.12,5.05,6.63,3.67,946186.05
TNYA,0.7,2,"[0, 0, 0, 1, 0, 0, 0, 0, 1, 0]",0.76,0.84,2.1,0.55,2024012.6
SMRT,1.39,5,"[1, 1, 0, 0, 0, 0, 1, 0, 1, 1]",1.13,1.48,2.12,0.95,1741542.5
SRI,7.01,8,"[0, 1, 1, 1, 1, 1, 1, 1, 1, 0]",7.22,6.71,9.17,4.72,152237.1
FF,5.66,10,"[1, 1, 1, 1, 1, 1, 1, 1, 1, 1]",4.77,4.02,6.37,3.0,578279.0
ANNA,2.75,2,"[0, 0, 0, 0, 1, 0, 0, 0, 1, 0]",2.96,3.43,10.24,2.31,240799.2
INSE,5.95,1,"[0, 0, 0, 0, 0, 0, 0, 0, 1, 0]",7.2,7.79,9.82,5.95,133814.75
SND,4.97,10,"[1, 1, 1, 1, 1, 1, 1, 1, 1, 1]",4.76,4.23,5.7,1.78,302787.65
SABS,3.79,8,"[1, 0, 1, 0, 1, 1, 1, 1, 1, 1]",3.71,3.79,4.59,1.95,434554.85
SLNH,1.17,3,"[0, 0, 0, 1, 0, 0, 1, 0, 1, 0]",1.32,1.4,4.42,0.43,10036709.55
DMRC,7.0,4,"[0, 0, 0, 1, 0, 0, 1, 0, 1, 1]",7.8,7.51,16.43,4.36,122347.35
PLBY,1.18,1,"[0, 0, 0, 0, 0, 0, 0, 0, 1, 0]",1.26,1.61,2.71,1.11,942028.5
TONX,2.62,3,"[0, 0, 0, 1, 0, 0, 1, 0, 1, 0]",3.11,2.87,21.66,1.8,334186.2
TKNO,6.81,9,"[1, 1, 1, 1, 0, 1, 1, 1, 1, 1]",5.49,4.05,7.39,1.99,243137.75
KLTR,1.67,8,"[1, 1, 1, 1, 0, 0, 1, 1, 1, 1]",1.42,1.44,1.89,1.08,1160910.95
EGAN,7.19,3,"[1, 0, 0, 0, 0, 0, 0, 0, 1, 1]",6.9,8.84,15.46,5.88,113640.95
PESI,17.34,10,"[1, 1, 1, 1, 1, 1, 1, 1, 1, 1]",14.6,13.23,19.43,8.19,503107.1
TENX,1.7,3,"[0, 0, 0, 0, 1, 1, 0, 0, 1, 0]",12.37,12.22,18.32,1.38,8664906.25
ONEW,11.36,3,"[0, 0, 0, 1, 0, 0, 1, 0, 1, 0]",11.85,11.61,17.46,8.35,115289.6
UNCY,5.63,4,"[0, 0, 0, 0, 1, 1, 1, 0, 1, 0]",5.91,6.39,8.56,3.74,766739.95
DPRO,4.46,1,"[0, 0, 0, 0, 0, 0, 0, 0, 1, 0]",4.88,6.45,13.77,3.8,779734.95
DTIL,8.23,9,"[1, 1, 1, 1, 1, 1, 1, 1, 1, 0]",7.41,6.06,9.28,3.57,263148.5
VERI,1.0,1,"[0, 0, 0, 0, 0, 0, 0, 0, 1, 0]",1.27,2.92,8.39,1.0,3577952.6
SLQT,0.76,2,"[0, 0, 0, 0, 0, 0, 0, 0, 1, 1]",0.79,1.05,2.69,0.59,727603.95
ANIK,21.57,10,"[1, 1, 1, 1, 1, 1, 1, 1, 1, 1]",16.64,13.21,22.03,8.37,118503.3
QSI,0.73,1,"[0, 0, 0, 0, 0, 0, 0, 0, 1, 0]",0.85,1.05,2.63,0.7,2862998.7
KPTI,1.93,2,"[0, 0, 0, 0, 1, 0, 0, 0, 1, 0]",7.17,7.38,10.67,1.81,2756367.9
CRBP,10.08,6,"[1, 1, 1, 0, 0, 0, 1, 0, 1, 1]",8.92,9.44,19.36,7.38,347098.35
DGXX,3.58,5,"[0, 0, 0, 1, 1, 1, 1, 0, 1, 0]",4.75,3.99,8.46,1.89,3630264.6
KRMD,3.33,1,"[0, 0, 0, 0, 0, 0, 0, 0, 1, 0]",4.01,4.56,6.52,3.3,277872.65
CRBU,1.56,1,"[0, 0, 0, 0, 0, 0, 0, 0, 1, 0]",1.69,1.84,2.84,1.39,1072751.15
BHR,2.05,1,"[0, 0, 0, 0, 0, 0, 0, 0, 1, 0]",2.14,2.53,3.14,1.92,372430.85
INGN,5.6,2,"[0, 0, 0, 1, 0, 0, 0, 0, 1, 0]",6.4,6.52,8.95,5.59,255889.7
MGNX,4.09,8,"[0, 1, 1, 1, 1, 1, 1, 1, 1, 0]",4.21,2.85,4.86,1.33,677495.4
ATLX,3.01,2,"[0, 0, 0, 0, 0, 0, 0, 0, 1, 1]",3.28,4.43,7.45,2.56,210305.3
TLSA,1.12,3,"[1, 0, 0, 0, 0, 0, 0, 0, 1, 1]",1.1,1.38,2.29,0.89,944437.35
IFRX,2.18,10,"[1, 1, 1, 1, 1, 1, 1, 1, 1, 1]",1.89,1.45,2.74,0.82,916788.85
ELTX,3.11,2,"[0, 0, 0, 0, 0, 0, 0, 0, 1, 1]",4.44,8.43,14.85,2.76,272849.9
CVGI,3.28,6,"[0, 0, 1, 1, 1, 1, 1, 0, 1, 0]",4.48,3.14,5.78,1.34,536405.4
ABOS,2.74,9,"[1, 1, 1, 0, 1, 1, 1, 1, 1, 1]",2.39,2.37,3.37,1.23,338237.2
DOUG,1.88,3,"[1, 0, 0, 0, 0, 0, 0, 0, 1, 1]",1.81,2.12,3.11,1.56,348371.8
AMTX,1.86,5,"[1, 0, 0, 0, 1, 0, 1, 0, 1, 1]",1.75,1.96,3.66,1.32,900757.25
SKYX,1.17,2,"[1, 0, 0, 0, 0, 0, 0, 0, 1, 0]",1.12,1.61,3.13,0.95,950819.8
CVRX,2.75,1,"[0, 0, 0, 0, 0, 0, 0, 0, 1, 0]",4.82,6.95,10.81,2.37,1437083.75
LFCR,4.38,1,"[0, 0, 0, 0, 0, 0, 0, 0, 1, 0]",4.92,6.12,8.82,3.66,136633.2
EPSN,5.68,10,"[1, 1, 1, 1, 1, 1, 1, 1, 1, 1]",5.54,5.28,6.42,4.16,142602.6
ADAG,4.05,10,"[1, 1, 1, 1, 1, 1, 1, 1, 1, 1]",3.79,3.06,4.78,1.4,299281.95
KRRO,13.22,7,"[1, 1, 1, 1, 0, 0, 1, 0, 1, 1]",12.38,12.22,51.36,5.28,115051.35
DOMO,3.75,4,"[1, 0, 0, 0, 0, 0, 1, 0, 1, 1]",3.36,5.51,18.2,2.0,2772860.1
PYXS,2.99,7,"[1, 1, 1, 1, 0, 0, 1, 0, 1, 1]",2.58,2.33,5.34,1.06,1691755.1
BDTX,2.06,3,"[1, 0, 0, 0, 0, 0, 0, 0, 1, 1]",1.84,2.52,4.87,1.61,613239.0
CNTN,2.01,3,"[0, 0, 0, 0, 1, 0, 1, 0, 1, 0]",2.42,3.14,7.71,1.17,684208.0
TBI,10.51,10,"[1, 1, 1, 1, 1, 1, 1, 1, 1, 1]",7.98,5.58,10.6,3.31,337440.9
THRY,1.97,1,"[0, 0, 0, 0, 0, 0, 0, 0, 1, 0]",3.57,4.29,13.8,1.97,1037151.3
HYPR,0.9,2,"[0, 0, 0, 0, 1, 0, 0, 0, 1, 0]",1.15,1.19,2.2,0.89,579983.9
ORMP,4.78,10,"[1, 1, 1, 1, 1, 1, 1, 1, 1, 1]",4.2,3.52,5.0,1.92,171719.9
RFIL,12.9,6,"[0, 0, 1, 1, 1, 1, 1, 0, 1, 0]",15.6,11.86,21.5,5.65,233358.55
MX,3.41,5,"[0, 0, 0, 1, 1, 1, 1, 0, 1, 0]",4.29,3.57,8.93,2.27,879240.15
OWLT,5.85,4,"[1, 0, 0, 0, 0, 0, 1, 0, 1, 1]",5.46,8.52,16.52,4.44,187756.8
KZIA,14.38,10,"[1, 1, 1, 1, 1, 1, 1, 1, 1, 1]",13.28,10.13,15.72,5.0,217532.6
ONL,2.87,10,"[1, 1, 1, 1, 1, 1, 1, 1, 1, 1]",2.75,2.47,2.98,1.86,280220.35
IMDX,4.28,2,"[0, 0, 0, 0, 0, 0, 1, 0, 1, 0]",5.02,5.41,8.48,2.47,219676.9
ANTX,5.97,10,"[1, 1, 1, 1, 1, 1, 1, 1, 1, 1]",4.98,3.03,6.28,1.03,198622.3
IMUX,16.9,10,"[1, 1, 1, 1, 1, 1, 1, 1, 1, 1]",14.48,10.41,16.9,5.1,167617.45
DIBS,4.99,6,"[1, 0, 0, 0, 0, 1, 1, 1, 1, 1]",4.54,5.11,6.43,2.55,107370.55
CURV,2.12,8,"[0, 1, 1, 1, 1, 1, 1, 1, 1, 0]",2.17,1.56,2.75,0.97,260591.25
APYX,3.11,5,"[0, 0, 0, 1, 1, 1, 1, 0, 1, 0]",4.1,3.85,4.86,1.9,116572.9
RGP,4.28,5,"[0, 1, 1, 1, 0, 0, 0, 1, 1, 0]",4.36,4.26,5.21,3.42,497367.9
CHPT,5.57,1,"[0, 0, 0, 0, 0, 0, 0, 0, 1, 0]",6.1,6.7,12.34,4.51,373568.0
BOOM,7.08,8,"[1, 1, 1, 0, 1, 0, 1, 1, 1, 1]",6.65,6.65,8.97,4.73,231023.4
WATT,14.23,5,"[0, 0, 0, 1, 1, 1, 1, 0, 1, 0]",19.25,14.97,35.33,3.76,203993.0
DHX,4.27,10,"[1, 1, 1, 1, 1, 1, 1, 1, 1, 1]",3.88,2.75,4.27,1.5,211176.7
HURA,2.16,6,"[0, 1, 1, 1, 1, 0, 1, 0, 1, 0]",2.27,1.83,3.25,0.44,267343.25
BZUN,2.73,6,"[0, 1, 1, 1, 0, 0, 1, 0, 1, 1]",2.78,2.73,4.77,2.1,211319.4
IDN,2.97,1,"[0, 0, 0, 0, 0, 0, 0, 0, 1, 0]",3.92,5.47,8.99,2.81,440955.55
SPRO,1.2,1,"[0, 0, 0, 0, 0, 0, 0, 0, 1, 0]",1.79,2.3,2.98,1.15,1562058.8
NNBR,3.84,10,"[1, 1, 1, 1, 1, 1, 1, 1, 1, 1]",3.36,2.13,4.11,1.14,3046581.15
CRDL,1.89,10,"[1, 1, 1, 1, 1, 1, 1, 1, 1, 1]",1.21,1.14,1.89,0.93,1101065.7
AGEN,7.53,10,"[1, 1, 1, 1, 1, 1, 1, 1, 1, 1]",5.01,3.97,8.3,2.77,1629165.55
JELD,1.84,5,"[1, 1, 0, 0, 0, 0, 1, 0, 1, 1]",1.51,1.95,6.76,0.95,1589277.8
VWAV,1.33,1,"[0, 0, 0, 0, 0, 0, 0, 0, 1, 0]",3.43,7.11,14.18,1.07,2225872.0
RDZN,1.54,6,"[1, 1, 1, 0, 0, 0, 1, 0, 1, 1]",1.35,1.53,2.41,0.83,274628.15
MBOT,1.47,1,"[0, 0, 0, 0, 0, 0, 0, 0, 1, 0]",1.79,2.08,4.5,1.47,743495.6
QMCO,23.52,10,"[1, 1, 1, 1, 1, 1, 1, 1, 1, 1]",13.13,8.73,26.11,4.31,2363445.2
MED,11.29,6,"[1, 1, 1, 0, 0, 0, 0, 1, 1, 1]",11.1,11.19,14.57,9.45,198628.9
GNLX,2.6,2,"[0, 0, 0, 1, 0, 0, 0, 0, 1, 0]",2.88,3.31,8.24,2.3,307490.95
EMPD,2.8,1,"[0, 0, 0, 0, 0, 0, 0, 0, 1, 0]",3.37,4.36,8.0,2.52,461438.65
GALT,3.52,4,"[0, 1, 0, 1, 0, 0, 1, 0, 1, 0]",3.6,3.54,6.51,2.08,382695.6
BNC,2.52,1,"[0, 0, 0, 0, 0, 0, 0, 0, 1, 0]",2.6,4.0,27.32,1.99,164793.85
SPWR,0.23,1,"[0, 0, 0, 0, 0, 0, 0, 0, 1, 0]",0.54,1.19,2.11,0.22,7049362.7
NTHI,5.53,4,"[1, 0, 0, 0, 0, 0, 1, 0, 1, 1]",4.12,6.88,12.09,3.21,233871.75
SRFM,0.67,1,"[0, 0, 0, 0, 0, 0, 0, 0, 1, 0]",0.89,1.65,5.45,0.67,2082522.85
EQ,2.35,7,"[0, 1, 1, 1, 1, 1, 1, 0, 1, 0]",2.63,1.92,3.2,0.84,531914.6
AMWL,12.2,10,"[1, 1, 1, 1, 1, 1, 1, 1, 1, 1]",10.29,6.64,13.58,3.78,145653.55
TTEC,1.42,1,"[0, 0, 0, 0, 0, 0, 0, 0, 1, 0]",2.16,2.76,3.88,1.42,568956.1
DFDV,3.08,2,"[1, 0, 0, 0, 0, 0, 0, 0, 1, 0]",2.92,4.62,20.21,2.47,575733.05
BNAI,15.85,6,"[1, 0, 0, 0, 1, 1, 1, 0, 1, 1]",15.43,19.41,63.0,1.2,125369.7
TMCI,4.45,7,"[1, 1, 1, 1, 0, 0, 1, 0, 1, 1]",4.31,2.92,7.7,1.2,421485.05
CHGG,0.76,3,"[0, 0, 0, 1, 0, 0, 1, 0, 1, 0]",0.97,0.91,1.84,0.45,1268676.95
HSDT,1.78,4,"[1, 0, 0, 0, 0, 0, 1, 0, 1, 1]",1.68,2.48,24.13,1.27,107426.45
SAFX,0.42,5,"[0, 1, 1, 1, 0, 0, 1, 0, 1, 0]",0.42,0.42,1.45,0.14,4115478.65
AIFC,0.47,1,"[0, 0, 0, 0, 0, 0, 0, 0, 1, 0]",0.53,1.2,8.35,0.37,937134.55
SUIG,0.85,1,"[0, 0, 0, 0, 0, 0, 0, 0, 1, 0]",1.1,1.52,7.13,0.81,272849.4
INVE,2.88,2,"[0, 0, 0, 0, 0, 0, 0, 0, 1, 1]",2.98,3.5,5.29,2.5,257129.7
GCTS,1.93,7,"[0, 1, 1, 1, 1, 1, 1, 0, 1, 0]",2.35,1.68,3.73,0.99,2505399.45
FFAI,3.31,8,"[1, 1, 1, 1, 0, 1, 1, 0, 1, 1]",2.03,1.05,10.8,0.11,4600572.5
PEPG,2.91,4,"[1, 0, 0, 0, 0, 0, 1, 0, 1, 1]",2.05,3.77,7.17,1.16,1082190.85
BLNK,0.56,1,"[0, 0, 0, 0, 0, 0, 0, 0, 1, 0]",0.59,0.79,2.5,0.47,1380740.2
GUTS,0.72,3,"[0, 0, 0, 1, 0, 0, 1, 0, 1, 0]",0.76,1.0,2.37,0.39,1284610.6
INO,1.2,4,"[1, 0, 0, 0, 0, 0, 1, 0, 1, 1]",1.03,1.49,2.87,0.66,6181509.8
RANI,0.83,4,"[1, 0, 0, 0, 0, 0, 1, 0, 1, 1]",0.77,1.16,2.85,0.46,1036419.1
CMTL,1.75,3,"[0, 0, 0, 0, 1, 0, 0, 0, 1, 1]",2.17,3.79,5.98,1.62,354107.25
VRA,3.12,5,"[0, 0, 0, 1, 1, 1, 1, 0, 1, 0]",3.64,3.14,4.26,1.8,110569.3
TUSK,3.07,10,"[1, 1, 1, 1, 1, 1, 1, 1, 1, 1]",3.04,2.5,3.84,1.73,243863.45
STIM,3.15,8,"[1, 1, 1, 1, 0, 0, 1, 1, 1, 1]",1.83,1.66,3.69,1.18,3057947.2
CUE,25.7,7,"[0, 1, 1, 1, 1, 1, 1, 0, 1, 0]",29.41,18.43,36.78,5.31,213765.0
ARQ,2.22,3,"[0, 0, 0, 0, 0, 0, 1, 0, 1, 1]",2.29,2.95,7.72,1.64,235062.55
LICN,1.25,3,"[0, 0, 0, 0, 0, 0, 1, 0, 1, 1]",1.48,3.07,8.63,0.84,1504230.2
HCAT,1.71,3,"[0, 0, 0, 1, 0, 0, 1, 0, 1, 0]",1.99,1.95,3.69,1.0,957539.7
BMEA,1.35,5,"[1, 0, 0, 0, 1, 0, 1, 0, 1, 1]",1.27,1.35,2.67,0.96,476156.65
CBUS,1.63,4,"[0, 0, 0, 0, 1, 1, 1, 0, 1, 0]",1.66,1.86,4.05,1.16,163566.0
GEOS,5.95,1,"[0, 0, 0, 0, 0, 0, 0, 0, 1, 0]",6.81,12.05,28.41,5.14,156763.85
HOVR,1.89,3,"[0, 0, 0, 0, 1, 0, 1, 0, 1, 0]",1.92,1.93,3.91,1.2,1114745.7
CGTX,0.98,2,"[0, 0, 0, 0, 0, 0, 1, 0, 1, 0]",1.09,1.23,3.18,0.6,545135.35
FLL,2.09,2,"[0, 0, 0, 1, 0, 0, 0, 0, 1, 0]",2.54,2.53,3.79,2.09,114463.85
CYPH,0.81,6,"[1, 1, 0, 0, 0, 1, 1, 0, 1, 1]",0.68,0.92,2.97,0.27,1429753.3
CRGO,1.57,4,"[1, 0, 0, 0, 0, 0, 1, 0, 1, 1]",1.37,2.03,4.1,1.15,391741.25
DTI,2.5,6,"[1, 0, 0, 0, 1, 1, 1, 0, 1, 1]",2.3,2.95,4.49,1.81,237910.45
BTCS,1.08,2,"[0, 0, 0, 0, 0, 0, 0, 0, 1, 1]",1.09,1.98,5.96,0.98,645725.5
ZVIA,1.31,2,"[0, 0, 0, 1, 0, 0, 0, 0, 1, 0]",1.54,1.72,3.1,1.13,402002.0
ALDX,1.55,1,"[0, 0, 0, 0, 0, 0, 0, 0, 1, 0]",1.78,3.25,5.89,1.24,897109.55
EXFY,2.34,9,"[1, 1, 1, 1, 0, 1, 1, 1, 1, 1]",1.78,1.37,2.69,0.75,1235934.25
ONCY,0.84,1,"[0, 0, 0, 0, 0, 0, 0, 0, 1, 0]",0.85,0.95,1.42,0.75,813987.8
TEAD,0.62,3,"[0, 0, 0, 1, 1, 0, 0, 0, 1, 0]",0.91,0.83,1.94,0.59,154525.95
NRXP,3.44,7,"[0, 1, 1, 1, 1, 1, 1, 0, 1, 0]",3.78,2.79,4.62,1.68,1278398.45
OCCI,2.5,3,"[1, 0, 0, 0, 0, 0, 0, 0, 1, 1]",2.5,3.2,4.81,2.23,217191.5
ARBE,0.81,4,"[1, 0, 0, 0, 0, 0, 1, 0, 1, 1]",0.76,1.01,2.69,0.56,1122862.85
TLYS,3.67,7,"[0, 1, 1, 1, 1, 1, 1, 0, 1, 0]",4.23,3.04,5.45,1.18,110936.7
UPXI,0.79,2,"[0, 0, 0, 0, 0, 0, 1, 0, 1, 0]",0.84,1.49,8.56,0.56,936108.95
LGO,0.62,2,"[0, 0, 0, 0, 1, 0, 0, 0, 1, 0]",0.69,1.07,2.52,0.58,498449.7
BAER,1.16,2,"[0, 0, 0, 0, 1, 0, 0, 0, 1, 0]",1.77,2.03,3.27,1.16,1538720.35
SEV,2.1,4,"[1, 0, 0, 0, 0, 0, 1, 0, 1, 1]",2.05,3.23,10.84,1.41,220660.4
FRMM,5.46,4,"[0, 1, 0, 1, 0, 0, 1, 0, 1, 0]",5.7,5.91,70.4,1.79,189425.15
ATYR,0.5,2,"[0, 0, 0, 0, 0, 0, 0, 0, 1, 1]",0.52,0.72,6.03,0.4,731201.25
OCC,16.2,8,"[0, 1, 1, 1, 1, 1, 1, 0, 1, 1]",17.32,10.31,26.92,4.16,223297.1
QTTB,15.29,9,"[1, 1, 1, 1, 1, 1, 1, 0, 1, 1]",14.28,7.15,21.38,1.66,482071.95
STEX,0.78,1,"[0, 0, 0, 0, 0, 0, 0, 0, 1, 0]",0.85,2.11,7.0,0.69,830313.45
LIDR,1.25,1,"[0, 0, 0, 0, 0, 0, 0, 0, 1, 0]",1.34,1.84,3.35,1.02,984845.0
MXCT,1.27,7,"[1, 1, 1, 1, 0, 0, 1, 0, 1, 1]",1.2,1.14,1.83,0.68,917299.75
AVD,2.17,1,"[0, 0, 0, 0, 0, 0, 0, 0, 1, 0]",2.6,3.52,5.81,2.06,299457.8
NAMM,1.32,3,"[0, 0, 0, 0, 1, 0, 1, 0, 1, 0]",1.6,1.96,6.4,0.92,399562.25
SPAI,5.51,6,"[1, 1, 1, 0, 0, 0, 1, 0, 1, 1]",4.48,4.65,8.95,3.23,519319.55
BTMD,1.3,2,"[0, 0, 0, 1, 0, 0, 0, 0, 1, 0]",2.09,2.17,3.49,1.3,203465.2
GRWG,1.84,8,"[1, 1, 1, 1, 0, 0, 1, 1, 1, 1]",1.52,1.43,2.2,1.04,544392.4
PN,2.71,1,"[0, 0, 0, 0, 0, 0, 0, 0, 1, 0]",5.33,9.04,23.67,2.21,2149397.75
TCRX,0.82,1,"[0, 0, 0, 0, 0, 0, 0, 0, 1, 0]",0.89,1.04,2.52,0.72,494601.35
DOMH,2.56,1,"[0, 0, 0, 0, 0, 0, 0, 0, 1, 0]",2.85,3.23,6.22,2.23,195095.45
STEM,5.84,1,"[0, 0, 0, 0, 0, 0, 0, 0, 1, 0]",6.77,11.89,29.79,4.95,138402.5
ZTEK,0.58,4,"[1, 0, 0, 0, 0, 0, 1, 0, 1, 1]",0.52,0.63,1.06,0.37,138231.65
JFB,4.11,3,"[0, 0, 0, 0, 0, 0, 1, 0, 1, 1]",4.51,7.37,16.78,2.54,377017.0
ANVS,1.8,3,"[1, 0, 0, 0, 0, 0, 0, 0, 1, 1]",1.79,2.49,5.1,1.59,584266.5
ZSQR,3.85,1,"[0, 0, 0, 0, 0, 0, 0, 0, 1, 0]",7.9,11.93,18.8,3.85,365505.7
ACRV,2.05,6,"[1, 1, 1, 0, 0, 0, 1, 0, 1, 1]",1.69,1.86,3.01,1.29,367417.3
PMVP,1.24,2,"[1, 0, 0, 0, 0, 0, 0, 0, 1, 0]",1.2,1.28,1.8,1.02,320198.85
MDAI,1.61,3,"[0, 0, 0, 0, 1, 0, 1, 0, 1, 0]",1.72,1.72,2.68,1.2,192837.3
SCYX,5.14,5,"[1, 0, 0, 0, 1, 0, 1, 0, 1, 1]",4.39,5.67,9.44,3.57,263666.45
CPSH,4.21,5,"[0, 0, 0, 1, 1, 1, 1, 0, 1, 0]",5.13,4.65,11.59,3.04,286666.2
OMEX,0.84,4,"[1, 0, 0, 0, 0, 0, 1, 0, 1, 1]",0.79,1.4,4.12,0.6,369299.95
FTCI,2.18,1,"[0, 0, 0, 0, 0, 0, 0, 0, 1, 0]",3.94,6.65,12.5,2.18,231508.95
CPIX,7.63,9,"[1, 1, 1, 1, 1, 1, 1, 1, 1, 0]",6.65,4.41,7.96,1.9,130909.0
PDSB,0.21,1,"[0, 0, 0, 0, 0, 0, 0, 0, 1, 0]",0.78,0.86,1.43,0.21,2364901.85
FLD,0.45,2,"[0, 0, 0, 0, 0, 0, 0, 0, 1, 1]",0.5,1.62,4.53,0.38,156366.05
RRGB,10.21,10,"[1, 1, 1, 1, 1, 1, 1, 1, 1, 1]",7.17,4.75,10.59,2.59,392542.4
XTIA,1.32,3,"[0, 0, 0, 0, 1, 1, 0, 0, 1, 0]",1.6,1.77,3.06,1.24,600564.05
KLXE,1.58,3,"[0, 0, 0, 0, 1, 1, 0, 0, 1, 0]",2.29,2.42,4.27,1.55,555657.55
FEAM,1.63,4,"[1, 0, 0, 0, 0, 0, 1, 0, 1, 1]",1.45,2.38,7.03,1.05,1195457.1
CING,5.2,7,"[1, 0, 1, 0, 1, 1, 1, 0, 1, 1]",4.92,5.17,11.66,3.33,138119.25
IMMP,0.4,2,"[1, 0, 0, 0, 0, 0, 0, 0, 1, 0]",0.4,1.38,3.18,0.31,156350.75
IBIO,1.45,5,"[0, 0, 0, 0, 1, 1, 1, 0, 1, 1]",1.53,1.84,3.07,0.73,685288.05
ENTX,2.89,8,"[1, 1, 1, 1, 0, 1, 1, 0, 1, 1]",2.04,1.74,3.92,1.0,4951399.15
EHTH,1.23,1,"[0, 0, 0, 0, 0, 0, 0, 0, 1, 0]",1.49,2.36,5.65,1.2,239792.45
HYFT,1.33,3,"[0, 0, 0, 1, 0, 0, 1, 0, 1, 0]",1.45,1.54,3.2,1.02,247461.1
BLNE,0.99,2,"[0, 0, 0, 0, 0, 0, 0, 0, 1, 1]",1.08,1.95,4.35,0.88,362537.7
PSIG,1.59,4,"[0, 0, 0, 0, 1, 0, 1, 0, 1, 1]",3.9,5.08,11.85,1.08,304376.65
SPWH,1.16,1,"[0, 0, 0, 0, 0, 0, 0, 0, 1, 0]",1.22,1.44,3.38,1.12,326136.0
ONMD,0.6,1,"[0, 0, 0, 0, 0, 0, 0, 0, 1, 0]",0.67,0.97,3.14,0.5,2758575.25
GRML,0.19,1,"[0, 0, 0, 0, 0, 0, 0, 0, 1, 0]",0.23,0.35,0.78,0.17,4206239.6
AMPG,3.53,5,"[0, 0, 0, 1, 1, 1, 1, 0, 1, 0]",6.38,3.85,9.7,1.76,2726169.35
CHRN,23.53,9,"[1, 1, 1, 1, 1, 1, 1, 1, 1, 0]",21.51,12.57,29.63,3.1,174613.35
IPWR,4.9,8,"[1, 1, 1, 1, 1, 0, 1, 0, 1, 1]",4.78,4.25,8.99,2.68,206938.45
ZEO,0.54,2,"[0, 0, 0, 0, 0, 0, 0, 0, 1, 1]",0.62,0.92,2.11,0.48,2197744.4
STKE,1.04,1,"[0, 0, 0, 0, 0, 0, 0, 0, 1, 0]",1.17,1.62,9.13,0.89,129815.25
ILLR,1.02,2,"[0, 0, 0, 0, 0, 0, 1, 0, 1, 0]",1.75,2.59,14.8,0.26,252123.75
VIVO,4.4,7,"[0, 1, 1, 1, 1, 0, 1, 0, 1, 1]",4.55,3.27,6.6,1.21,659106.6
BWEN,4.87,9,"[1, 1, 1, 1, 1, 1, 1, 1, 1, 0]",4.61,3.25,5.44,1.97,852532.7
COCH,0.74,7,"[1, 1, 1, 1, 0, 0, 1, 0, 1, 1]",0.69,0.7,1.59,0.39,145248.45
BIRD,2.41,1,"[0, 0, 0, 0, 0, 0, 0, 0, 1, 0]",3.3,4.25,16.99,2.21,332636.95
BEAT,0.48,1,"[0, 0, 0, 0, 0, 0, 0, 0, 1, 0]",0.62,1.23,3.44,0.48,478487.8
FTEK,1.41,2,"[0, 0, 0, 1, 0, 0, 0, 0, 1, 0]",1.58,1.54,3.63,1.19,143076.75
PPSI,2.81,1,"[0, 0, 0, 0, 0, 0, 0, 0, 1, 0]",3.59,3.88,6.08,2.37,106564.9
TELA,0.64,1,"[0, 0, 0, 0, 0, 0, 0, 0, 1, 0]",0.78,0.9,1.83,0.56,163156.4
GAME,0.44,7,"[1, 1, 1, 1, 0, 0, 1, 0, 1, 1]",0.39,0.41,0.88,0.25,1338826.9
ARAY,0.31,4,"[1, 0, 0, 0, 0, 0, 1, 0, 1, 1]",0.28,0.57,1.85,0.23,1455185.7
FATN,6.08,9,"[1, 1, 1, 1, 1, 1, 1, 0, 1, 1]",5.75,3.41,8.89,1.45,106317.05
FGNX,7.39,4,"[1, 0, 0, 0, 0, 0, 1, 0, 1, 1]",6.23,9.37,79.5,4.23,119619.4
HYPD,2.7,1,"[0, 0, 0, 0, 0, 0, 0, 0, 1, 0]",2.91,3.62,14.98,2.34,202646.4
ASTI,3.17,5,"[0, 0, 0, 0, 1, 1, 1, 0, 1, 1]",4.35,4.48,9.02,1.43,376341.7
DARE,0.77,1,"[0, 0, 0, 0, 0, 0, 0, 0, 1, 0]",1.69,1.89,3.27,0.77,978160.55
ALGS,6.76,5,"[1, 1, 0, 0, 0, 0, 1, 0, 1, 1]",5.58,7.24,13.3,4.08,160580.4
BEEM,1.15,2,"[0, 0, 0, 0, 0, 0, 0, 0, 1, 1]",1.16,1.55,3.88,0.98,325773.85
SST,2.04,3,"[0, 0, 0, 0, 0, 0, 1, 0, 1, 1]",2.29,3.26,8.92,1.37,252631.5
WKHS,3.11,4,"[1, 0, 0, 0, 0, 0, 1, 0, 1, 1]",2.94,4.5,17.4,2.34,108023.15
INMB,2.11,9,"[1, 1, 1, 1, 0, 1, 1, 1, 1, 1]",1.72,1.55,2.41,1.12,324657.25
JZ,1.73,1,"[0, 0, 0, 0, 0, 0, 0, 0, 1, 0]",3.52,24.31,93.0,1.73,108990.85
PSQH,4.19,3,"[0, 0, 0, 0, 0, 0, 1, 0, 1, 1]",5.36,12.0,42.45,3.01,551009.85
RPGL,2.19,4,"[1, 0, 0, 0, 0, 0, 1, 0, 1, 1]",2.0,219.39,3984.0,1.67,249265.05
GRCE,2.13,1,"[0, 0, 0, 0, 0, 0, 0, 0, 1, 0]",2.28,3.13,5.13,2.07,256265.4
TRAW,0.54,1,"[0, 0, 0, 0, 0, 0, 0, 0, 1, 0]",0.72,1.54,3.13,0.44,106334.65
BOLD,2.86,10,"[1, 1, 1, 1, 1, 1, 1, 1, 1, 1]",2.35,1.53,2.89,1.05,269180.2
ARAI,0.25,1,"[0, 0, 0, 0, 0, 0, 0, 0, 1, 0]",0.36,1.56,6.3,0.23,649399.55
AGPU,10.33,7,"[1, 1, 1, 1, 0, 0, 1, 0, 1, 1]",7.62,5.56,18.0,1.41,734755.6
MNTS,4.24,3,"[0, 0, 0, 1, 0, 0, 1, 0, 1, 0]",6.59,7.93,30.54,3.23,1289845.9
BZFD,1.11,6,"[0, 1, 1, 1, 1, 0, 1, 0, 1, 0]",1.32,1.05,2.09,0.57,698249.85
SKYE,0.36,1,"[0, 0, 0, 0, 0, 0, 0, 0, 1, 0]",0.64,0.85,4.75,0.36,1014294.55
QCLS,2.69,1,"[0, 0, 0, 0, 0, 0, 0, 0, 1, 0]",3.39,3.88,9.5,2.51,153193.65
LASE,1.35,5,"[0, 1, 0, 1, 0, 0, 1, 0, 1, 1]",1.51,1.68,6.51,0.6,2045376.05
QNTM,3.34,3,"[0, 0, 0, 0, 0, 0, 1, 0, 1, 1]",3.48,5.38,19.99,2.1,292189.55
DBGI,10.9,8,"[1, 1, 1, 1, 0, 1, 1, 0, 1, 1]",6.33,5.77,21.63,0.29,261862.95
NEON,0.87,1,"[0, 0, 0, 0, 0, 0, 0, 0, 1, 0]",0.94,1.62,25.76,0.75,112754.55
AIFF,1.09,2,"[0, 0, 0, 0, 0, 0, 1, 0, 1, 0]",1.27,1.46,3.05,0.64,146975.2
VEEA,0.14,1,"[0, 0, 0, 0, 0, 0, 0, 0, 1, 0]",0.23,0.48,0.92,0.13,1615849.2
OTLK,0.7,4,"[0, 1, 0, 1, 0, 0, 1, 0, 1, 0]",1.28,0.91,2.97,0.2,28070553.55
FEMY,2.2,1,"[0, 0, 0, 0, 0, 0, 0, 0, 1, 0]",3.72,9.78,20.8,2.16,178129.65
JSPR,0.75,3,"[1, 0, 0, 0, 0, 0, 1, 0, 1, 0]",0.61,1.16,2.96,0.34,719664.1
DFLI,1.15,1,"[0, 0, 0, 0, 0, 0, 0, 0, 1, 0]",1.58,3.33,19.7,1.15,400473.9
FMST,1.14,1,"[0, 0, 0, 0, 0, 0, 0, 0, 1, 0]",1.53,2.0,4.3,1.14,118068.35
VTGN,0.24,2,"[0, 0, 0, 0, 0, 0, 0, 0, 1, 1]",0.36,1.15,4.9,0.23,7349316.65
SDST,0.62,1,"[0, 0, 0, 0, 0, 0, 0, 0, 1, 0]",1.4,2.75,7.09,0.54,1697997.05
GWH,0.66,1,"[0, 0, 0, 0, 0, 0, 0, 0, 1, 0]",0.79,1.5,9.05,0.57,772159.2
MOBX,1.09,1,"[0, 0, 0, 0, 0, 0, 0, 0, 1, 0]",1.9,3.24,12.1,1.09,1973002.15
GRDX,3.89,6,"[0, 1, 1, 1, 1, 0, 0, 0, 1, 1]",4.05,3.35,,,117316.25
AUID,0.4,1,"[0, 0, 0, 0, 0, 0, 0, 0, 1, 0]",0.92,1.28,4.51,0.4,261320.55
SNAL,3.01,3,"[0, 0, 0, 1, 0, 0, 1, 0, 1, 0]",3.95,3.88,8.5,1.88,192800.5
KTTA,0.5,3,"[0, 0, 0, 0, 0, 0, 1, 0, 1, 1]",0.5,0.75,1.47,0.29,254250.85
LGVN,0.79,7,"[1, 1, 1, 0, 1, 0, 1, 0, 1, 1]",0.71,0.72,1.16,0.48,441930.9
SAGT,0.78,1,"[0, 0, 0, 0, 0, 0, 0, 0, 1, 0]",0.93,1.64,2.68,0.65,1399433.9
OSRH,0.43,3,"[1, 0, 0, 0, 0, 0, 1, 0, 1, 0]",0.39,0.52,1.01,0.28,26274040.8
OFAL,1.04,6,"[1, 1, 1, 0, 0, 0, 1, 0, 1, 1]",0.39,0.53,1.63,0.1,10819232.1
SEGG,2.4,7,"[1, 1, 1, 1, 0, 0, 1, 0, 1, 1]",1.33,1.32,8.21,0.43,439398.6
ENGS,2.94,7,"[1, 1, 1, 1, 0, 0, 1, 0, 1, 1]",2.53,1.7,12.22,0.64,1240307.45
NIXX,0.7,3,"[0, 0, 0, 1, 0, 0, 1, 0, 1, 0]",1.0,0.89,1.89,0.49,1101164.05
AIIO,2.78,3,"[0, 0, 0, 1, 0, 0, 1, 0, 1, 0]",3.33,4.67,52.4,0.59,657327.4
SCNX,0.46,5,"[1, 1, 0, 0, 0, 0, 1, 0, 1, 1]",0.38,0.46,2.6,0.24,3473270.2
GFAI,0.34,1,"[0, 0, 0, 0, 0, 0, 0, 0, 1, 0]",0.38,0.55,1.29,0.31,194478.9
NWGL,0.37,4,"[1, 0, 0, 0, 0, 0, 1, 0, 1, 1]",0.32,0.91,1.75,0.22,3155077.1
SKYQ,2.79,3,"[0, 0, 0, 0, 1, 0, 1, 0, 1, 0]",3.14,3.49,12.59,1.14,5201517.0
TURB,1.27,3,"[0, 0, 0, 0, 1, 0, 1, 0, 1, 0]",1.47,1.58,12.4,0.61,796459.8
AKAN,4.86,2,"[0, 0, 0, 0, 0, 0, 1, 0, 1, 0]",10.3,12.92,107.43,2.68,1665653.0
MDCX,0.26,1,"[0, 0, 0, 0, 0, 0, 0, 0, 1, 0]",0.36,0.92,2.8,0.26,1879985.85
BFRI,1.44,10,"[1, 1, 1, 1, 1, 1, 1, 1, 1, 1]",1.1,0.95,1.44,0.57,503778.85
MBRX,0.61,2,"[0, 0, 0, 0, 0, 0, 1, 0, 1, 0]",1.95,3.8,15.18,0.38,2346170.45
PHIO,1.05,2,"[1, 0, 0, 0, 0, 0, 0, 0, 1, 0]",1.04,1.16,2.48,0.86,115811.15
BFRG,0.53,1,"[0, 0, 0, 0, 0, 0, 0, 0, 1, 0]",0.64,0.77,1.68,0.46,137312.85
LNAI,2.16,2,"[0, 0, 0, 0, 0, 0, 1, 0, 1, 0]",2.73,4.67,20.64,1.47,486366.25
STFS,4.44,4,"[0, 0, 0, 1, 1, 0, 1, 0, 1, 0]",8.74,6.2,82.8,3.04,1634985.65
ATER,0.45,3,"[0, 0, 0, 1, 1, 0, 0, 0, 1, 0]",0.93,0.82,1.39,0.36,481220.45
GTBP,0.28,1,"[0, 0, 0, 0, 0, 0, 0, 0, 1, 0]",0.39,0.5,1.33,0.27,474157.8
LHSW,2.89,4,"[1, 0, 0, 0, 0, 0, 1, 0, 1, 1]",2.6,7.75,45.92,1.47,132572.65
BIVI,0.96,3,"[0, 0, 0, 1, 1, 0, 0, 0, 1, 0]",1.66,1.46,2.27,0.96,7863090.9
YYGH,1.41,3,"[0, 0, 0, 0, 0, 0, 1, 0, 1, 1]",1.77,161.68,3840.0,1.06,811814.45
DTSS,0.76,1,"[0, 0, 0, 0, 0, 0, 0, 0, 1, 0]",0.8,0.98,2.3,0.65,459152.65
GDC,1.87,2,"[0, 0, 0, 0, 0, 0, 0, 0, 1, 1]",5.16,638.84,2432.5,1.46,331244.6
TDIC,2.71,1,"[0, 0, 0, 0, 0, 0, 0, 0, 1, 0]",4.42,24.31,908.75,2.37,219901.2
BIAF,0.47,2,"[0, 0, 0, 0, 1, 0, 0, 0, 1, 0]",0.78,1.58,10.5,0.38,8766209.3
CODX,1.26,1,"[0, 0, 0, 0, 0, 0, 0, 0, 1, 0]",2.57,4.33,37.8,1.26,445092.0
ELPW,3.88,4,"[1, 0, 0, 0, 0, 0, 1, 0, 1, 1]",1.1,81.33,4160.0,0.1,30348557.8
FBGL,0.39,1,"[0, 0, 0, 0, 0, 0, 0, 0, 1, 0]",0.53,0.68,1.38,0.38,206379.75
GLE,0.39,3,"[0, 0, 0, 1, 0, 0, 1, 0, 1, 0]",0.42,0.42,1.08,0.26,7897283.35
AIXI,0.72,1,"[0, 0, 0, 0, 0, 0, 0, 0, 1, 0]",2.62,8.64,39.0,0.72,1508892.0
FMFC,0.22,1,"[0, 0, 0, 0, 0, 0, 0, 0, 1, 0]",0.29,0.41,15.48,0.22,11580177.5
RMSG,0.38,1,"[0, 0, 0, 0, 0, 0, 0, 0, 1, 0]",0.45,1.08,5.21,0.34,750578.9
MGRX,0.47,5,"[1, 1, 0, 1, 0, 0, 1, 0, 1, 0]",0.43,0.62,2.74,0.16,39680774.3
POLA,1.72,3,"[1, 0, 0, 0, 0, 0, 0, 0, 1, 1]",1.72,1.93,5.27,1.35,2661212.25
ANY,1.94,4,"[0, 0, 0, 1, 0, 0, 1, 0, 1, 1]",2.52,2.76,10.5,1.09,977968.65
SMTK,0.09,1,"[0, 0, 0, 0, 0, 0, 0, 0, 1, 0]",0.23,0.63,2.83,0.09,4136457.65
ONFO,2.16,7,"[1, 1, 1, 0, 0, 0, 1, 1, 1, 1]",0.52,0.72,2.59,0.04,62109588.2
FABC,3.04,5,"[1, 1, 0, 0, 0, 0, 1, 0, 1, 1]",2.97,3.09,7.08,1.78,253656.65
OLB,0.27,1,"[0, 0, 0, 0, 0, 0, 0, 0, 1, 0]",0.36,0.61,1.5,0.27,318816.15
AEHL,5.69,6,"[1, 1, 1, 0, 0, 0, 1, 0, 1, 1]",1.45,4.77,25.98,0.3,9170314.95
SNYR,0.11,1,"[0, 0, 0, 0, 0, 0, 0, 0, 1, 0]",0.18,1.05,3.28,0.1,10741668.95
BTQ,3.7,5,"[0, 1, 0, 1, 0, 0, 1, 0, 1, 1]",4.21,4.27,14.14,2.15,1531475.75
WXM,4.55,4,"[1, 0, 0, 0, 0, 0, 1, 0, 1, 1]",4.02,5.36,39.0,2.75,2196839.85
PBM,4.47,4,"[1, 0, 0, 0, 0, 0, 1, 0, 1, 1]",3.19,21.24,207.03,2.23,105787.3
ENVB,1.35,2,"[0, 0, 0, 0, 0, 0, 0, 0, 1, 1]",1.44,3.04,17.4,1.27,145201.3
SUNE,2.29,7,"[0, 1, 1, 1, 1, 1, 1, 0, 1, 0]",2.58,1.69,5.88,0.78,170635.25
ALP,0.16,1,"[0, 0, 0, 0, 0, 0, 0, 0, 1, 0]",0.23,0.8,10.91,0.16,8041341.4
GP,1.6,7,"[1, 1, 1, 1, 0, 0, 1, 0, 1, 1]",1.44,1.2,3.96,0.76,262374.6
GSUN,0.32,3,"[0, 0, 0, 0, 0, 0, 1, 0, 1, 1]",0.39,0.84,3.09,0.19,19320026.95
WNW,2.6,1,"[0, 0, 0, 0, 0, 0, 0, 0, 1, 0]",3.14,74.1,280.4,2.41,121982.05
GOVX,0.65,1,"[0, 0, 0, 0, 0, 0, 0, 0, 1, 0]",1.01,3.38,19.58,0.65,192309.25
JTAI,1.45,3,"[1, 0, 0, 0, 0, 0, 1, 0, 1, 0]",1.34,8.27,69.78,0.46,248120.35
NCI,12.5,5,"[1, 0, 0, 0, 1, 0, 1, 0, 1, 1]",11.54,16.61,96.0,3.95,623205.3
SOBR,0.53,1,"[0, 0, 0, 0, 0, 0, 0, 0, 1, 0]",0.75,1.2,3.87,0.43,476443.95
BYAH,2.93,1,"[0, 0, 0, 0, 0, 0, 0, 0, 1, 0]",6.09,34.33,225.2,2.64,966593.5
MNDR,1.71,1,"[0, 0, 0, 0, 0, 0, 0, 0, 1, 0]",2.83,6.06,32.7,1.45,370504.25
NCRA,2.1,3,"[0, 0, 0, 0, 0, 0, 1, 0, 1, 1]",2.37,13.57,59.1,1.35,7401225.9
CNEY,0.58,2,"[0, 0, 0, 0, 0, 0, 1, 0, 1, 0]",0.64,0.85,2.63,0.37,180122.5
GLMD,0.56,2,"[0, 0, 0, 0, 0, 0, 0, 0, 1, 1]",0.56,0.71,1.61,0.47,291553.1
OCG,1.64,2,"[0, 0, 0, 0, 0, 0, 0, 0, 1, 1]",1.71,295.93,6589.92,1.45,224793.25
SHPH,3.92,4,"[1, 0, 0, 0, 0, 0, 1, 0, 1, 1]",3.69,11.0,47.6,2.78,317185.9
VIVK,1.18,1,"[0, 0, 0, 0, 0, 0, 0, 0, 1, 0]",5.25,118.93,3249.52,1.18,12597556.7
UCAR,0.68,2,"[0, 0, 0, 0, 0, 0, 1, 0, 1, 0]",1.08,8.26,21.9,0.38,454954.25
IVDA,0.35,4,"[1, 0, 0, 0, 0, 0, 1, 0, 1, 1]",0.32,0.52,2.03,0.22,14593999.7
MASK,1.51,1,"[0, 0, 0, 0, 0, 0, 0, 0, 1, 0]",1.86,4.61,20.5,1.24,164036.9
AEMD,2.89,6,"[1, 1, 1, 0, 0, 0, 1, 0, 1, 1]",1.5,2.42,21.9,0.53,123111.55
SGLY,3.49,1,"[0, 0, 0, 0, 0, 0, 0, 0, 1, 0]",4.72,6.49,19.46,3.36,1020008.05
VBIO,0.16,1,"[0, 0, 0, 0, 0, 0, 0, 0, 1, 0]",0.43,1.07,3.21,0.16,19451150.0
MGN,0.1,2,"[0, 0, 0, 0, 0, 0, 1, 0, 1, 0]",0.12,1.13,4.85,0.07,59263753.95
BIYA,2.5,1,"[0, 0, 0, 0, 0, 0, 0, 0, 1, 0]",4.35,26.56,168.5,1.93,7214894.2
HCWB,2.13,2,"[0, 0, 0, 0, 0, 0, 1, 0, 1, 0]",4.58,6.81,36.12,1.61,132434.2
JDZG,4.1,2,"[0, 0, 0, 0, 0, 0, 1, 0, 1, 0]",37.96,153.56,952.5,2.81,405160.75
NVVE,1.39,2,"[0, 0, 0, 0, 0, 0, 1, 0, 1, 0]",5.41,38.68,375.84,0.94,684843.35
SDOT,10.15,2,"[0, 0, 0, 0, 0, 0, 1, 0, 1, 0]",19.76,37.91,216.0,2.73,218379.15
BTX,8.98,10,"[1, 1, 1, 1, 1, 1, 1, 1, 1, 1]",8.55,7.24,9.31,5.83,519616.2
